44.0,3.0,0.8454652292315643,0.0,0.0,24.0,5.0,1.3143738430019452,0.0,0.0,100.0,0.0,0.0,0.0,0.0,144.0,1144.0,26.0,0.0,0.0,0.0,0.0,0.0,0.0,0.0,0.0,2
126.0,3.0,0.9414861205173932,0.0,0.0,50.0,4.0,1.255081137397419,0.0,0.0,100.0,0.0,0.0,0.0,0.0,150.0,1642.0,40.0,0.0,0.0,14.0,2.0,0.0,0.0,2.0,0.0,2
190.0,5.0,1.1369947127084492,0.0,0.0,60.0,6.0,1.458240035879613,0.0,0.0,98.66666666666669,0.0,0.0,0.0,46.0,200.0,2480.0,30.0,0.0,0.0,16.0,6.0,0.0,0.0,12.0,0.0,2
140.0,5.0,1.5376201438134838,0.0,0.0,112.0,8.0,1.633807160760541,0.0,0.0,96.0909090909091,0.0,0.0,0.0,0.0,300.0,1752.0,82.0,0.0,0.0,4.0,16.0,0.0,0.0,8.0,0.0,2
266.0,4.0,0.5840504340364924,0.0,0.0,178.0,7.0,1.474322320054413,0.0,0.0,93.47058823529412,0.0,0.0,30.0,0.0,490.0,6876.0,96.0,0.0,0.0,0.0,14.0,0.0,0.0,0.0,0.0,2
32.0,2.0,0.6210863745532451,0.0,0.0,14.0,3.0,0.9556998911095343,0.0,0.0,91.57142857142856,0.0,0.0,0.0,0.0,170.0,150.0,22.0,0.0,0.0,0.0,0.0,0.0,0.0,0.0,0.0,2
210.0,5.0,1.2108247736102182,0.0,0.0,156.0,7.0,1.4775738694243856,0.0,0.0,89.76923076923077,0.0,0.0,0.0,0.0,370.0,4482.0,82.0,0.0,0.0,0.0,0.0,0.0,0.0,0.0,0.0,2
104.0,3.0,0.8225715143494168,0.0,0.0,178.0,5.0,1.2378708619447512,0.0,0.0,87.57142857142857,0.0,0.0,0.0,0.0,638.0,570.0,206.0,0.0,0.0,2.0,8.0,0.0,0.0,4.0,0.0,2
126.0,4.0,1.0803906542471062,0.0,20.0,138.0,6.0,1.3178791066800004,0.0,0.0,85.75,0.0,0.0,0.0,0.0,430.0,2118.0,62.0,0.0,0.0,0.0,0.0,0.0,0.0,0.0,0.0,2
90.0,4.0,1.241420150468436,0.0,58.0,126.0,6.0,1.4457803658481032,0.0,0.0,83.7,0.0,0.0,0.0,0.0,326.0,884.0,44.0,0.0,0.0,0.0,0.0,0.0,0.0,2.0,0.0,2
102.0,4.0,1.3470129774257056,0.0,0.0,68.0,5.0,1.2286561250671737,0.0,0.0,81.9090909090909,0.0,0.0,0.0,0.0,282.0,652.0,40.0,0.0,0.0,6.0,8.0,0.0,0.0,8.0,0.0,2
100.0,4.0,1.2322317767420223,0.0,0.0,70.0,6.0,1.6611007815987675,0.0,0.0,80.125,0.0,0.0,0.0,0.0,156.0,1442.0,28.0,0.0,0.0,0.0,6.0,0.0,0.0,8.0,0.0,2
120.0,3.0,0.6235676513144672,0.0,0.0,58.0,5.0,1.4078399937172317,0.0,0.0,77.72727272727273,0.0,0.0,0.0,0.0,156.0,1960.0,26.0,0.0,0.0,2.0,6.0,0.0,0.0,4.0,0.0,2
16.0,1.0,-1.000088900581841e-12,0.0,0.0,10.0,3.0,1.054920167983144,0.0,0.0,76.28571428571429,0.0,0.0,0.0,0.0,52.0,0.0,6.0,0.0,0.0,0.0,6.0,0.0,0.0,0.0,0.0,2
236.0,5.0,0.9875056274106732,0.0,0.0,52.0,4.0,1.3322449224345327,0.0,0.0,74.5,0.0,0.0,0.0,0.0,282.0,2942.0,36.0,0.0,0.0,0.0,0.0,0.0,0.0,0.0,0.0,2
32.0,2.0,0.6853142072744584,0.0,0.0,46.0,5.0,1.337428591204496,0.0,0.0,72.57142857142857,0.0,0.0,0.0,0.0,156.0,126.0,12.0,0.0,0.0,0.0,12.0,0.0,0.0,8.0,0.0,2
12.0,1.0,-1.000088900581841e-12,0.0,0.0,12.0,3.0,1.0986122886651095,0.0,0.0,71.66666666666667,0.0,0.0,0.0,0.0,0.0,0.0,0.0,0.0,0.0,0.0,4.0,0.0,0.0,2.0,0.0,2
304.0,4.0,0.9063813220971668,0.0,0.0,124.0,5.0,1.3465717716070276,0.0,0.0,69.17647058823529,0.0,0.0,0.0,0.0,156.0,4552.0,28.0,0.0,0.0,0.0,22.0,0.0,0.0,8.0,0.0,2
194.0,6.0,1.4422544822548429,0.0,0.0,98.0,8.0,1.6589201245393732,0.0,0.0,65.33333333333333,0.0,0.0,0.0,0.0,126.0,7564.0,28.0,0.0,0.0,0.0,0.0,0.0,0.0,0.0,0.0,2
72.0,3.0,0.4724416944664684,0.0,0.0,76.0,7.0,1.578820619874025,0.0,0.0,62.6,0.0,0.0,0.0,0.0,296.0,2500.0,24.0,0.0,0.0,4.0,10.0,0.0,0.0,6.0,0.0,2
54.0,3.0,0.8444867347600605,0.0,0.0,16.0,4.0,1.2130075659759043,0.0,0.0,61.142857142857146,0.0,0.0,0.0,0.0,52.0,230.0,8.0,0.0,0.0,0.0,2.0,0.0,0.0,0.0,0.0,2
206.0,4.0,0.9220104658436206,0.0,0.0,124.0,7.0,1.3696851665586518,0.0,0.0,57.5,0.0,0.0,0.0,0.0,156.0,6622.0,48.0,2.0,0.0,30.0,14.0,0.0,0.0,12.0,0.0,2
24.0,1.0,-1.000088900581841e-12,0.0,0.0,18.0,2.0,0.6869615765953234,0.0,0.0,54.42857142857143,0.0,0.0,0.0,0.0,126.0,0.0,0.0,0.0,0.0,0.0,2.0,0.0,0.0,0.0,0.0,2
136.0,5.0,1.0615869565540217,0.0,0.0,90.0,6.0,1.599616980350447,0.0,0.0,53.09090909090909,0.0,0.0,0.0,0.0,200.0,1888.0,18.0,0.0,0.0,0.0,2.0,0.0,0.0,0.0,0.0,2
34.0,4.0,1.0710178890204567,0.0,0.0,46.0,5.0,1.462605344716926,0.0,0.0,51.25,0.0,0.0,0.0,0.0,156.0,354.0,26.0,0.0,0.0,0.0,10.0,0.0,0.0,6.0,0.0,2
78.0,4.0,1.1113581414882834,0.0,0.0,86.0,7.0,1.7546573157071566,0.0,0.0,48.9,0.0,0.0,0.0,0.0,364.0,594.0,76.0,0.0,0.0,2.0,18.0,0.0,0.0,12.0,0.0,2
44.0,3.0,1.0965754342547216,0.0,0.0,54.0,6.0,1.4139944131904576,0.0,0.0,45.66666666666666,0.0,22.0,0.0,0.0,282.0,68.0,34.0,0.0,0.0,0.0,18.0,0.0,0.0,6.0,0.0,2
12.0,1.0,-1.000088900581841e-12,0.0,0.0,6.0,2.0,0.6365141682928128,0.0,0.0,45.0,0.0,0.0,0.0,0.0,52.0,0.0,0.0,0.0,0.0,0.0,2.0,0.0,0.0,0.0,0.0,2
68.0,5.0,1.306376195786535,0.0,0.0,30.0,5.0,1.5641315026169946,0.0,0.0,43.75,0.0,0.0,0.0,0.0,156.0,1566.0,42.0,0.0,0.0,0.0,0.0,0.0,0.0,0.0,0.0,2
74.0,3.0,0.8907768373140293,0.0,0.0,4.0,2.0,0.6931471805579453,0.0,0.0,42.75,0.0,0.0,0.0,0.0,52.0,1014.0,4.0,0.0,0.0,0.0,0.0,0.0,0.0,0.0,0.0,2
194.0,2.0,0.2847710894333505,0.0,0.0,78.0,4.0,0.562794287846841,0.0,0.0,39.84615384615385,0.0,0.0,0.0,0.0,22.0,3664.0,0.0,0.0,0.0,0.0,0.0,0.0,0.0,0.0,0.0,2
12.0,1.0,-1.000088900581841e-12,0.0,0.0,0.0,0.0,0.0,0.0,0.0,38.833333333333336,0.0,0.0,0.0,0.0,0.0,0.0,0.0,0.0,0.0,0.0,0.0,0.0,0.0,0.0,0.0,2
350.0,6.0,0.9805391069015734,0.0,0.0,314.0,4.0,0.3285679068500642,0.0,0.0,34.611111111111114,0.0,0.0,0.0,0.0,156.0,4344.0,58.0,0.0,0.0,0.0,0.0,0.0,0.0,0.0,0.0,2
18.0,2.0,0.5297061990556545,0.0,0.0,2.0,1.0,-1.000088900581841e-12,0.0,0.0,31.0,0.0,0.0,0.0,0.0,0.0,56.0,0.0,0.0,0.0,0.0,0.0,0.0,0.0,0.0,0.0,2
12.0,1.0,-1.000088900581841e-12,0.0,0.0,2.0,1.0,-1.000088900581841e-12,0.0,0.0,31.0,0.0,0.0,0.0,0.0,0.0,0.0,0.0,0.0,0.0,0.0,0.0,0.0,0.0,0.0,0.0,2
0.0,0.0,0.0,0.0,0.0,0.0,0.0,0.0,0.0,0.0,30.0,26.0,0.0,0.0,0.0,0.0,0.0,0.0,0.0,0.0,0.0,0.0,0.0,0.0,0.0,0.0,2
0.0,0.0,0.0,0.0,0.0,2.0,1.0,-1.000088900581841e-12,0.0,0.0,29.83333333333333,42.0,0.0,0.0,0.0,0.0,0.0,0.0,0.0,0.0,0.0,2.0,0.0,0.0,0.0,0.0,2
0.0,0.0,0.0,0.0,0.0,0.0,0.0,0.0,0.0,0.0,29.0,0.0,0.0,0.0,0.0,0.0,0.0,0.0,0.0,0.0,0.0,0.0,0.0,0.0,0.0,0.0,2
0.0,0.0,0.0,0.0,0.0,0.0,0.0,0.0,0.0,0.0,28.166666666666668,0.0,0.0,0.0,0.0,0.0,0.0,0.0,0.0,0.0,0.0,0.0,0.0,0.0,0.0,0.0,2
0.0,0.0,0.0,0.0,0.0,0.0,0.0,0.0,0.0,0.0,28.0,0.0,0.0,0.0,0.0,0.0,0.0,0.0,0.0,0.0,0.0,0.0,0.0,0.0,0.0,0.0,2
0.0,0.0,0.0,0.0,0.0,14.0,3.0,0.9556998911095343,0.0,0.0,27.571428571428573,0.0,0.0,0.0,0.0,52.0,0.0,0.0,0.0,0.0,0.0,2.0,0.0,0.0,0.0,0.0,2
0.0,0.0,0.0,0.0,0.0,2.0,1.0,-1.000088900581841e-12,0.0,0.0,27.0,0.0,0.0,0.0,0.0,0.0,0.0,0.0,0.0,0.0,0.0,0.0,0.0,0.0,0.0,0.0,2
0.0,0.0,0.0,0.0,0.0,2.0,1.0,-1.000088900581841e-12,0.0,0.0,26.0,26.0,0.0,0.0,0.0,0.0,0.0,0.0,0.0,0.0,0.0,0.0,0.0,0.0,0.0,0.0,2
0.0,0.0,0.0,0.0,0.0,0.0,0.0,0.0,0.0,0.0,25.666666666666668,0.0,0.0,0.0,0.0,0.0,0.0,0.0,0.0,0.0,0.0,0.0,0.0,0.0,0.0,0.0,2
88.0,2.0,0.3046360973472382,0.0,0.0,12.0,3.0,1.0114042647043515,0.0,0.0,24.25,28.0,0.0,0.0,0.0,52.0,1250.0,24.0,0.0,0.0,0.0,4.0,0.0,0.0,2.0,0.0,2
12.0,1.0,-1.000088900581841e-12,0.0,0.0,0.0,0.0,0.0,0.0,0.0,23.0,0.0,0.0,0.0,0.0,0.0,0.0,0.0,0.0,0.0,0.0,0.0,0.0,0.0,0.0,0.0,2
8.0,1.0,-1.000088900581841e-12,0.0,0.0,2.0,1.0,-1.000088900581841e-12,0.0,0.0,23.0,30.0,0.0,0.0,0.0,0.0,0.0,0.0,0.0,0.0,0.0,0.0,0.0,0.0,0.0,0.0,2
0.0,0.0,0.0,0.0,0.0,0.0,0.0,0.0,0.0,0.0,22.166666666666668,0.0,0.0,0.0,0.0,0.0,0.0,0.0,0.0,0.0,0.0,0.0,0.0,0.0,0.0,0.0,2
0.0,0.0,0.0,0.0,0.0,6.0,1.0,-1.000088900581841e-12,0.0,0.0,21.5,28.0,0.0,0.0,0.0,0.0,0.0,0.0,0.0,0.0,0.0,2.0,0.0,0.0,2.0,0.0,2
396.0,2.0,0.2554640912245202,0.0,0.0,24.0,5.0,1.5171063970560277,0.0,60.0,23.26315789473684,0.0,0.0,0.0,0.0,176.0,530.0,56.0,0.0,0.0,0.0,28.0,0.0,0.0,4.0,0.0,2
702.0,2.0,0.5261135208055613,0.0,0.0,26.0,4.0,0.937155853061701,0.0,0.0,36.63333333333333,0.0,0.0,0.0,0.0,60.0,3210.0,10.0,0.0,0.0,0.0,2.0,0.0,0.0,0.0,0.0,2
708.0,3.0,0.299513977582182,0.0,0.0,46.0,5.0,1.003165921012814,0.0,0.0,53.0,0.0,0.0,0.0,0.0,180.0,910.0,28.0,0.0,0.0,0.0,4.0,0.0,0.0,0.0,0.0,2
96.0,2.0,0.6896709283550269,0.0,0.0,92.0,7.0,1.4994973500752424,0.0,0.0,59.09090909090909,0.0,0.0,0.0,60.0,276.0,1242.0,60.0,0.0,0.0,0.0,6.0,0.0,0.0,0.0,0.0,2
44.0,1.0,-1.000088900581841e-12,0.0,0.0,40.0,4.0,1.224068338001115,0.0,0.0,57.75,0.0,0.0,0.0,0.0,300.0,802.0,42.0,0.0,0.0,0.0,0.0,0.0,0.0,0.0,0.0,2
12.0,1.0,-1.000088900581841e-12,0.0,0.0,2.0,1.0,-1.000088900581841e-12,0.0,0.0,57.0,0.0,0.0,0.0,0.0,0.0,0.0,0.0,0.0,0.0,0.0,0.0,0.0,0.0,0.0,0.0,2
260.0,2.0,0.1630236294923659,0.0,0.0,66.0,4.0,1.1851956848457923,0.0,0.0,56.1875,0.0,0.0,0.0,0.0,424.0,13562.0,54.0,0.0,0.0,0.0,0.0,0.0,0.0,0.0,0.0,2
460.0,4.0,0.6256713357780286,0.0,0.0,172.0,4.0,1.1465513199626736,0.0,0.0,52.52173913043478,0.0,0.0,0.0,0.0,826.0,6288.0,198.0,0.0,0.0,0.0,0.0,0.0,0.0,0.0,0.0,2
156.0,3.0,0.842964270728437,0.0,0.0,72.0,5.0,1.2897277164934051,0.0,0.0,48.61538461538461,0.0,0.0,0.0,0.0,420.0,2922.0,46.0,0.0,0.0,2.0,14.0,0.0,0.0,4.0,0.0,1
68.0,3.0,1.0283941667113723,0.0,0.0,38.0,5.0,1.4391741154163276,0.0,0.0,46.1,0.0,0.0,0.0,0.0,180.0,916.0,40.0,0.0,0.0,0.0,12.0,0.0,0.0,4.0,0.0,2
18.0,1.0,-1.000088900581841e-12,0.0,0.0,0.0,0.0,0.0,0.0,0.0,45.0,0.0,0.0,0.0,0.0,60.0,0.0,0.0,0.0,0.0,0.0,0.0,0.0,0.0,0.0,0.0,2
120.0,3.0,0.9456651281714196,0.0,0.0,72.0,3.0,0.936888307536016,0.0,0.0,44.0,0.0,0.0,0.0,0.0,636.0,2290.0,150.0,0.0,0.0,0.0,0.0,0.0,0.0,0.0,0.0,2
120.0,7.0,1.671987581074749,0.0,0.0,76.0,4.0,1.0046413817899742,0.0,0.0,42.0,0.0,0.0,0.0,0.0,480.0,922.0,74.0,0.0,0.0,8.0,2.0,0.0,0.0,6.0,0.0,2
142.0,7.0,1.3627501557584496,0.0,0.0,140.0,5.0,1.2686957613083245,0.0,0.0,38.285714285714285,0.0,0.0,0.0,0.0,666.0,890.0,68.0,0.0,0.0,0.0,10.0,0.0,0.0,16.0,0.0,2
136.0,5.0,0.8440593192630299,0.0,0.0,100.0,5.0,1.3607709379802349,0.0,0.0,35.714285714285715,0.0,0.0,0.0,0.0,660.0,7322.0,112.0,0.0,0.0,0.0,16.0,0.0,0.0,20.0,0.0,2
424.0,4.0,0.7602072842641651,0.0,0.0,212.0,6.0,1.5990821645774709,0.0,0.0,29.904761904761905,0.0,0.0,0.0,0.0,780.0,11350.0,174.0,0.0,0.0,0.0,28.0,0.0,0.0,18.0,0.0,2
180.0,3.0,0.525290089925252,0.0,0.0,228.0,7.0,1.542311161862454,0.0,0.0,22.933333333333334,0.0,0.0,0.0,0.0,1032.0,2344.0,192.0,0.0,0.0,0.0,14.0,0.0,0.0,24.0,0.0,2
466.0,4.0,0.706448049482744,0.0,0.0,182.0,7.0,1.6274856370929605,0.0,60.0,15.727272727272728,0.0,0.0,0.0,0.0,480.0,9642.0,140.0,0.0,0.0,0.0,36.0,0.0,0.0,12.0,0.0,2
586.0,3.0,0.8495396023323522,0.0,0.0,64.0,5.0,1.270166837404138,0.0,60.0,19.923076923076923,0.0,0.0,0.0,0.0,240.0,1914.0,38.0,0.0,0.0,0.0,6.0,0.0,0.0,2.0,0.0,2
688.0,4.0,0.9162909981462668,0.0,60.0,126.0,8.0,1.633482606305094,0.0,0.0,35.827586206896555,0.0,0.0,34.0,0.0,576.0,5924.0,138.0,0.0,0.0,0.0,20.0,0.0,0.0,0.0,0.0,2
702.0,3.0,0.4271041913328328,0.0,0.0,110.0,4.0,0.9538054718224552,0.0,0.0,52.3448275862069,0.0,0.0,0.0,0.0,300.0,968.0,60.0,0.0,0.0,0.0,8.0,0.0,0.0,0.0,0.0,2
238.0,3.0,0.4703743920195541,0.0,0.0,86.0,5.0,0.9626088663774908,0.0,0.0,63.57142857142857,0.0,0.0,0.0,0.0,350.0,10238.0,58.0,0.0,0.0,0.0,16.0,0.0,0.0,0.0,0.0,2
340.0,2.0,0.2551578781322808,0.0,0.0,96.0,6.0,1.4817226682498663,0.0,0.0,62.578947368421055,0.0,0.0,0.0,0.0,480.0,1098.0,84.0,0.0,0.0,0.0,52.0,0.0,0.0,8.0,0.0,2
432.0,5.0,0.5367979074868138,0.0,0.0,112.0,6.0,1.4138395029062698,0.0,0.0,57.66666666666666,0.0,0.0,0.0,0.0,300.0,960.0,92.0,0.0,0.0,0.0,20.0,0.0,0.0,6.0,0.0,2
448.0,7.0,1.5033290307187734,0.0,0.0,544.0,8.0,1.1082692052464784,0.0,0.0,51.0,0.0,0.0,0.0,0.0,780.0,3552.0,90.0,0.0,0.0,12.0,24.0,0.0,0.0,12.0,0.0,2
22.0,1.0,-1.000088900581841e-12,0.0,0.0,32.0,4.0,1.245016889248439,0.0,0.0,46.57142857142857,0.0,0.0,0.0,0.0,160.0,0.0,0.0,0.0,0.0,0.0,20.0,0.0,0.0,0.0,0.0,2
78.0,6.0,1.395646707931773,0.0,0.0,74.0,5.0,1.399607929589758,0.0,0.0,44.11111111111112,0.0,0.0,0.0,0.0,400.0,732.0,82.0,0.0,0.0,0.0,0.0,0.0,0.0,0.0,0.0,2
50.0,4.0,0.9937390880225914,0.0,0.0,44.0,4.0,1.33062810894605,0.0,0.0,41.888888888888886,0.0,0.0,0.0,0.0,360.0,464.0,36.0,0.0,0.0,0.0,0.0,0.0,0.0,0.0,0.0,2
26.0,1.0,-1.000088900581841e-12,0.0,0.0,24.0,3.0,0.8675632284784613,0.0,0.0,41.0,0.0,0.0,0.0,0.0,150.0,0.0,18.0,0.0,0.0,0.0,0.0,0.0,0.0,0.0,0.0,2
126.0,4.0,1.162821187653294,0.0,0.0,52.0,3.0,0.8587409130032868,0.0,0.0,39.833333333333336,0.0,0.0,0.0,0.0,480.0,1614.0,110.0,0.0,0.0,0.0,0.0,0.0,0.0,0.0,0.0,2
160.0,3.0,0.5814396506489897,0.0,0.0,96.0,4.0,0.930722432814948,0.0,0.0,37.333333333333336,0.0,0.0,0.0,0.0,240.0,2982.0,60.0,0.0,0.0,0.0,12.0,0.0,0.0,10.0,0.0,2
264.0,3.0,0.7733057755543664,0.0,0.0,122.0,4.0,1.00909567688727,0.0,0.0,33.125,0.0,0.0,0.0,0.0,240.0,6616.0,62.0,0.0,0.0,0.0,20.0,0.0,0.0,4.0,0.0,2
694.0,2.0,0.0496804946351953,0.0,0.0,14.0,2.0,0.6829081046984717,0.0,60.0,38.833333333333336,0.0,72.0,24.0,30.0,180.0,204.0,30.0,0.0,0.0,0.0,0.0,0.0,0.0,0.0,0.0,2
718.0,1.0,-1.000088900581841e-12,0.0,0.0,2.0,1.0,-1.000088900581841e-12,0.0,0.0,56.9,0.0,0.0,0.0,0.0,0.0,0.0,0.0,0.0,0.0,0.0,0.0,0.0,0.0,0.0,0.0,2
456.0,1.0,-1.000088900581841e-12,0.0,0.0,2.0,1.0,-1.000088900581841e-12,0.0,0.0,74.43333333333334,0.0,0.0,0.0,0.0,0.0,0.0,0.0,0.0,0.0,0.0,0.0,0.0,0.0,0.0,0.0,2
0.0,0.0,0.0,0.0,0.0,2.0,1.0,-1.000088900581841e-12,0.0,0.0,89.86666666666666,0.0,0.0,0.0,0.0,0.0,0.0,0.0,0.0,0.0,0.0,0.0,0.0,0.0,0.0,0.0,2
0.0,0.0,0.0,0.0,0.0,2.0,1.0,-1.000088900581841e-12,0.0,0.0,98.26666666666668,0.0,0.0,0.0,0.0,0.0,0.0,0.0,0.0,0.0,0.0,0.0,0.0,0.0,0.0,0.0,2
0.0,0.0,0.0,0.0,0.0,4.0,1.0,-1.000088900581841e-12,0.0,0.0,100.0,0.0,0.0,0.0,0.0,0.0,0.0,0.0,0.0,0.0,0.0,0.0,0.0,0.0,0.0,0.0,2
0.0,0.0,0.0,0.0,0.0,2.0,1.0,-1.000088900581841e-12,0.0,0.0,100.0,0.0,0.0,0.0,0.0,0.0,0.0,0.0,0.0,0.0,0.0,0.0,0.0,0.0,0.0,0.0,2
0.0,0.0,0.0,0.0,0.0,2.0,1.0,-1.000088900581841e-12,0.0,0.0,100.0,0.0,0.0,0.0,0.0,0.0,0.0,0.0,0.0,0.0,0.0,0.0,0.0,0.0,0.0,0.0,2
0.0,0.0,0.0,0.0,0.0,0.0,0.0,0.0,0.0,0.0,100.0,0.0,0.0,0.0,0.0,0.0,0.0,0.0,0.0,0.0,0.0,0.0,0.0,0.0,0.0,0.0,2
282.0,4.0,0.9858067325696468,0.0,0.0,50.0,4.0,1.0353266957665894,0.0,0.0,100.0,0.0,0.0,0.0,0.0,242.0,6132.0,68.0,0.0,0.0,0.0,0.0,0.0,0.0,0.0,0.0,2
718.0,2.0,0.0191697168109286,0.0,0.0,2.0,1.0,-1.000088900581841e-12,0.0,0.0,96.26666666666668,0.0,0.0,0.0,0.0,0.0,21066.0,0.0,0.0,0.0,0.0,0.0,0.0,0.0,0.0,0.0,3
694.0,1.0,-1.000088900581841e-12,0.0,0.0,14.0,3.0,0.9556998911095343,0.0,0.0,88.27586206896552,0.0,0.0,0.0,0.0,248.0,20328.0,6.0,0.0,0.0,0.0,0.0,0.0,0.0,0.0,0.0,3
590.0,5.0,0.2010259416936158,0.0,0.0,1078.0,4.0,0.1380245084273881,0.0,0.0,79.26923076923077,0.0,0.0,0.0,0.0,386.0,15850.0,14.0,0.0,0.0,0.0,0.0,0.0,0.0,0.0,0.0,3
12.0,1.0,-1.000088900581841e-12,0.0,0.0,0.0,0.0,0.0,0.0,0.0,74.0,0.0,0.0,0.0,0.0,0.0,0.0,0.0,0.0,0.0,0.0,0.0,0.0,0.0,0.0,0.0,2
6.0,1.0,-1.000088900581841e-12,0.0,0.0,2.0,1.0,-1.000088900581841e-12,0.0,0.0,73.5,0.0,0.0,0.0,0.0,0.0,0.0,0.0,0.0,0.0,0.0,2.0,0.0,0.0,0.0,0.0,3
38.0,2.0,0.336495757581516,0.0,0.0,12.0,3.0,1.0986122886651095,0.0,0.0,72.77777777777777,36.0,0.0,0.0,0.0,162.0,232.0,18.0,0.0,0.0,0.0,8.0,0.0,0.0,0.0,0.0,3
242.0,4.0,0.2403163951278376,0.0,0.0,26.0,4.0,1.2711814802565795,0.0,0.0,70.28571428571429,0.0,0.0,0.0,0.0,100.0,3508.0,24.0,0.0,0.0,0.0,2.0,0.0,0.0,0.0,0.0,3
74.0,5.0,1.2838382953413503,0.0,0.0,26.0,4.0,1.204793309690784,0.0,0.0,67.8,0.0,0.0,0.0,56.0,300.0,1678.0,54.0,0.0,0.0,0.0,16.0,0.0,0.0,0.0,0.0,3
24.0,2.0,0.4505612088643047,0.0,0.0,34.0,4.0,1.187415769839656,0.0,0.0,66.16666666666667,0.0,0.0,0.0,0.0,224.0,20.0,46.0,0.0,0.0,0.0,12.0,0.0,0.0,6.0,0.0,3
442.0,3.0,0.3664161477602047,0.0,0.0,136.0,6.0,1.1274089684916495,0.0,0.0,62.27272727272727,0.0,0.0,0.0,0.0,186.0,10688.0,48.0,0.0,0.0,0.0,54.0,0.0,0.0,14.0,0.0,3
76.0,1.0,-1.000088900581841e-12,0.0,0.0,14.0,3.0,0.9556998911095343,0.0,0.0,59.11111111111112,0.0,0.0,0.0,0.0,62.0,736.0,8.0,0.0,0.0,0.0,0.0,0.0,0.0,0.0,0.0,2
122.0,4.0,1.0074573272537763,0.0,0.0,84.0,3.0,0.8641502031919701,0.0,0.0,57.1,0.0,0.0,0.0,0.0,510.0,192.0,46.0,0.0,0.0,0.0,4.0,0.0,0.0,4.0,0.0,2
224.0,5.0,1.228369165504052,0.0,0.0,80.0,4.0,1.2798542258296677,0.0,0.0,54.2,0.0,0.0,0.0,0.0,348.0,4596.0,32.0,0.0,0.0,4.0,14.0,0.0,0.0,20.0,0.0,2
12.0,1.0,-1.000088900581841e-12,0.0,0.0,16.0,4.0,1.320888343145322,0.0,0.0,51.5,0.0,0.0,0.0,0.0,62.0,0.0,0.0,0.0,0.0,0.0,10.0,0.0,0.0,0.0,0.0,2
150.0,6.0,1.619014964212615,0.0,0.0,114.0,5.0,1.2127224841957052,0.0,0.0,48.833333333333336,0.0,0.0,0.0,0.0,324.0,1754.0,70.0,0.0,0.0,8.0,12.0,0.0,0.0,8.0,0.0,2
172.0,5.0,1.3940491966550734,0.0,0.0,92.0,6.0,1.6024104066967253,0.0,0.0,46.0,0.0,0.0,0.0,0.0,496.0,3772.0,70.0,0.0,0.0,0.0,0.0,0.0,0.0,0.0,0.0,2
158.0,3.0,0.9500079418535852,0.0,0.0,42.0,5.0,1.5648538428559962,0.0,0.0,43.0,0.0,0.0,0.0,0.0,310.0,884.0,38.0,0.0,0.0,2.0,2.0,0.0,0.0,2.0,0.0,2
152.0,2.0,0.1662678656812142,0.0,0.0,58.0,4.0,1.187458863193882,0.0,0.0,39.583333333333336,0.0,0.0,0.0,0.0,248.0,3006.0,34.0,0.0,0.0,0.0,38.0,0.0,0.0,10.0,0.0,2
260.0,2.0,0.2096879369597782,0.0,0.0,36.0,6.0,1.754004127711967,0.0,0.0,36.46666666666667,0.0,0.0,0.0,0.0,186.0,4556.0,40.0,0.0,0.0,0.0,2.0,0.0,0.0,2.0,0.0,2
22.0,2.0,0.5859526183015509,0.0,0.0,8.0,3.0,1.039720770836918,0.0,0.0,34.0,0.0,0.0,0.0,0.0,0.0,160.0,0.0,0.0,0.0,0.0,0.0,0.0,0.0,0.0,0.0,2
194.0,4.0,0.8366390029200008,0.0,0.0,32.0,6.0,1.700164942408579,0.0,0.0,31.76923076923077,0.0,0.0,0.0,0.0,186.0,4682.0,34.0,0.0,0.0,0.0,16.0,0.0,0.0,6.0,0.0,2
12.0,1.0,-1.000088900581841e-12,0.0,0.0,0.0,0.0,0.0,0.0,0.0,30.0,0.0,0.0,0.0,0.0,0.0,0.0,0.0,0.0,0.0,0.0,2.0,0.0,0.0,0.0,0.0,2
4.0,1.0,-1.000088900581841e-12,0.0,0.0,12.0,2.0,0.6365141682928128,0.0,0.0,29.666666666666668,0.0,0.0,0.0,0.0,76.0,0.0,0.0,0.0,0.0,0.0,0.0,0.0,0.0,0.0,0.0,2
0.0,0.0,0.0,0.0,0.0,6.0,2.0,0.6365141682928128,0.0,0.0,29.0,0.0,0.0,0.0,0.0,62.0,0.0,0.0,0.0,0.0,0.0,0.0,0.0,0.0,0.0,0.0,2
534.0,2.0,0.2845850046254365,0.0,0.0,32.0,5.0,1.2767197047731784,0.0,0.0,26.625,0.0,0.0,24.0,0.0,100.0,680.0,16.0,0.0,0.0,0.0,2.0,0.0,0.0,2.0,0.0,2
12.0,1.0,-1.000088900581841e-12,0.0,0.0,2.0,1.0,-1.000088900581841e-12,0.0,0.0,23.0,0.0,0.0,0.0,0.0,0.0,0.0,0.0,0.0,0.0,0.0,0.0,0.0,0.0,0.0,0.0,2
52.0,3.0,1.0579054247006736,0.0,0.0,24.0,5.0,1.4677339293221527,0.0,0.0,22.375,0.0,0.0,0.0,0.0,62.0,606.0,8.0,0.0,0.0,0.0,0.0,0.0,0.0,0.0,0.0,2
20.0,1.0,-1.000088900581841e-12,0.0,0.0,8.0,2.0,0.6931471805579453,0.0,0.0,21.0,0.0,0.0,0.0,0.0,62.0,0.0,12.0,0.0,0.0,0.0,2.0,0.0,0.0,2.0,0.0,2
86.0,2.0,0.6600602334135768,0.0,0.0,80.0,5.0,1.333074293471779,0.0,0.0,20.2,0.0,0.0,0.0,0.0,372.0,140.0,54.0,0.0,0.0,0.0,22.0,0.0,0.0,2.0,0.0,2
28.0,2.0,0.5982695885832573,0.0,0.0,24.0,3.0,0.887694275796104,0.0,0.0,18.0,0.0,0.0,0.0,0.0,200.0,14.0,10.0,0.0,0.0,0.0,2.0,0.0,0.0,0.0,0.0,2
106.0,4.0,1.046078880564929,0.0,0.0,134.0,6.0,1.3553075553053282,0.0,0.0,17.1,0.0,0.0,0.0,0.0,496.0,684.0,40.0,0.0,0.0,6.0,4.0,0.0,0.0,12.0,0.0,2
36.0,2.0,0.5908422462735826,0.0,0.0,24.0,3.0,1.077556327063801,0.0,0.0,15.0,0.0,0.0,0.0,0.0,124.0,488.0,14.0,0.0,0.0,0.0,6.0,0.0,0.0,0.0,0.0,2
18.0,1.0,-1.000088900581841e-12,0.0,0.0,24.0,5.0,1.3579778549823245,0.0,0.0,15.0,0.0,0.0,0.0,0.0,62.0,0.0,8.0,0.0,0.0,0.0,0.0,0.0,0.0,0.0,0.0,2
12.0,1.0,-1.000088900581841e-12,0.0,0.0,14.0,2.0,0.5982695885832573,0.0,0.0,15.0,0.0,0.0,0.0,0.0,62.0,0.0,0.0,0.0,0.0,0.0,0.0,0.0,0.0,0.0,0.0,2
126.0,3.0,0.6434692693355983,0.0,0.0,58.0,6.0,1.3415161296080618,0.0,0.0,13.1,0.0,0.0,0.0,0.0,356.0,408.0,12.0,0.0,0.0,0.0,0.0,0.0,0.0,0.0,0.0,2
34.0,1.0,-1.000088900581841e-12,0.0,0.0,2.0,1.0,-1.000088900581841e-12,0.0,0.0,12.0,0.0,0.0,0.0,0.0,38.0,0.0,0.0,0.0,0.0,0.0,0.0,0.0,0.0,0.0,0.0,2
10.0,1.0,-1.000088900581841e-12,0.0,0.0,0.0,0.0,0.0,0.0,0.0,12.0,0.0,0.0,0.0,0.0,0.0,0.0,0.0,0.0,0.0,0.0,0.0,0.0,0.0,0.0,0.0,2
316.0,6.0,0.9685458742733636,0.0,0.0,312.0,5.0,0.3163537953610281,0.0,60.0,17.071428571428573,0.0,52.0,0.0,0.0,246.0,1336.0,40.0,0.0,0.0,0.0,2.0,0.0,0.0,0.0,0.0,2
716.0,1.0,-1.000088900581841e-12,0.0,0.0,0.0,0.0,0.0,0.0,0.0,30.23333333333333,0.0,0.0,0.0,0.0,0.0,0.0,0.0,0.0,0.0,0.0,0.0,0.0,0.0,0.0,0.0,2
604.0,1.0,-1.000088900581841e-12,0.0,0.0,0.0,0.0,0.0,0.0,0.0,47.8,0.0,0.0,0.0,0.0,0.0,0.0,0.0,0.0,0.0,0.0,0.0,0.0,0.0,0.0,0.0,2
0.0,0.0,0.0,0.0,0.0,154.0,1.0,-1.000088900581841e-12,0.0,0.0,65.26666666666667,0.0,0.0,0.0,0.0,0.0,0.0,0.0,0.0,0.0,0.0,0.0,0.0,0.0,0.0,0.0,2
0.0,0.0,0.0,0.0,0.0,2.0,1.0,-1.000088900581841e-12,0.0,0.0,82.23333333333333,0.0,0.0,0.0,0.0,0.0,0.0,0.0,0.0,0.0,0.0,0.0,0.0,0.0,0.0,0.0,2
0.0,0.0,0.0,0.0,0.0,4.0,1.0,-1.000088900581841e-12,0.0,0.0,93.66666666666669,0.0,0.0,0.0,0.0,0.0,0.0,0.0,0.0,0.0,0.0,0.0,0.0,0.0,0.0,0.0,2
0.0,0.0,0.0,0.0,0.0,2.0,1.0,-1.000088900581841e-12,0.0,0.0,99.13333333333334,0.0,0.0,0.0,0.0,0.0,0.0,0.0,0.0,0.0,0.0,0.0,0.0,0.0,0.0,0.0,2
0.0,0.0,0.0,0.0,0.0,2.0,1.0,-1.000088900581841e-12,0.0,0.0,100.0,0.0,0.0,0.0,0.0,0.0,0.0,0.0,0.0,0.0,0.0,0.0,0.0,0.0,0.0,0.0,2
0.0,0.0,0.0,0.0,0.0,4.0,1.0,-1.000088900581841e-12,0.0,0.0,100.0,0.0,0.0,0.0,0.0,0.0,0.0,0.0,0.0,0.0,0.0,0.0,0.0,0.0,0.0,0.0,2
0.0,0.0,0.0,0.0,0.0,0.0,0.0,0.0,0.0,0.0,100.0,0.0,0.0,0.0,0.0,0.0,0.0,0.0,0.0,0.0,0.0,0.0,0.0,0.0,0.0,0.0,2
0.0,0.0,0.0,0.0,0.0,4.0,1.0,-1.000088900581841e-12,0.0,0.0,100.0,0.0,0.0,0.0,0.0,62.0,0.0,0.0,0.0,0.0,0.0,0.0,0.0,0.0,0.0,0.0,2
0.0,0.0,0.0,0.0,0.0,2.0,1.0,-1.000088900581841e-12,0.0,0.0,100.0,0.0,0.0,0.0,0.0,0.0,0.0,0.0,0.0,0.0,0.0,0.0,0.0,0.0,0.0,0.0,2
0.0,0.0,0.0,0.0,0.0,2.0,1.0,-1.000088900581841e-12,0.0,0.0,100.0,36.0,0.0,0.0,0.0,0.0,0.0,0.0,0.0,0.0,0.0,0.0,0.0,0.0,0.0,0.0,2
0.0,0.0,0.0,0.0,0.0,0.0,0.0,0.0,0.0,0.0,100.0,0.0,0.0,0.0,0.0,0.0,0.0,0.0,0.0,0.0,0.0,0.0,0.0,0.0,0.0,0.0,2
0.0,0.0,0.0,0.0,0.0,4.0,1.0,-1.000088900581841e-12,0.0,0.0,100.0,30.0,0.0,0.0,0.0,0.0,0.0,0.0,0.0,0.0,0.0,2.0,0.0,0.0,0.0,0.0,2
0.0,0.0,0.0,0.0,0.0,0.0,0.0,0.0,0.0,0.0,100.0,0.0,0.0,0.0,0.0,0.0,0.0,0.0,0.0,0.0,0.0,0.0,0.0,0.0,0.0,0.0,2
0.0,0.0,0.0,0.0,0.0,0.0,0.0,0.0,0.0,0.0,100.0,0.0,0.0,0.0,0.0,0.0,0.0,0.0,0.0,0.0,0.0,0.0,0.0,0.0,0.0,0.0,2
0.0,0.0,0.0,0.0,0.0,8.0,1.0,-1.000088900581841e-12,0.0,0.0,99.5,0.0,0.0,0.0,0.0,62.0,0.0,0.0,0.0,0.0,0.0,2.0,0.0,0.0,0.0,0.0,2
132.0,5.0,1.0498807413540192,0.0,0.0,22.0,3.0,0.9164648855364712,0.0,0.0,98.36363636363636,0.0,0.0,0.0,36.0,242.0,2704.0,12.0,0.0,0.0,0.0,6.0,0.0,0.0,0.0,0.0,2
112.0,3.0,0.3887741937039741,0.0,0.0,42.0,5.0,1.410352868460972,0.0,0.0,96.1818181818182,0.0,0.0,0.0,0.0,204.0,1780.0,46.0,0.0,0.0,0.0,8.0,0.0,0.0,0.0,0.0,2
14.0,1.0,-1.000088900581841e-12,0.0,0.0,8.0,3.0,1.039720770836918,0.0,0.0,94.83333333333331,0.0,0.0,0.0,0.0,68.0,0.0,26.0,0.0,0.0,0.0,0.0,0.0,0.0,0.0,0.0,2
176.0,6.0,1.5226047271797951,0.0,0.0,66.0,5.0,1.2562326274337627,0.0,0.0,92.78571428571428,0.0,0.0,0.0,0.0,816.0,1694.0,94.0,0.0,0.0,0.0,40.0,0.0,0.0,6.0,0.0,2
100.0,2.0,0.6640641265621081,0.0,0.0,38.0,5.0,1.5484893511903,0.0,0.0,90.0,0.0,0.0,0.0,0.0,180.0,1888.0,24.0,0.0,0.0,0.0,14.0,0.0,0.0,0.0,0.0,2
24.0,2.0,0.6791932659895258,0.0,0.0,12.0,4.0,1.3296613488507585,0.0,0.0,87.85714285714286,0.0,0.0,0.0,0.0,112.0,106.0,8.0,0.0,0.0,0.0,8.0,0.0,0.0,0.0,0.0,2
18.0,1.0,-1.000088900581841e-12,0.0,0.0,24.0,5.0,1.3579778549823245,0.0,0.0,87.0,0.0,0.0,0.0,0.0,112.0,0.0,8.0,0.0,0.0,0.0,4.0,0.0,0.0,0.0,0.0,2
18.0,1.0,-1.000088900581841e-12,0.0,0.0,30.0,6.0,1.5226999259797525,0.0,0.0,85.83333333333333,0.0,0.0,0.0,0.0,68.0,0.0,6.0,0.0,0.0,0.0,6.0,0.0,0.0,0.0,0.0,2
12.0,1.0,-1.000088900581841e-12,0.0,0.0,4.0,1.0,-1.000088900581841e-12,0.0,0.0,85.0,0.0,0.0,0.0,0.0,0.0,0.0,0.0,0.0,0.0,0.0,0.0,0.0,0.0,0.0,0.0,2
298.0,7.0,1.5703517519086665,0.0,0.0,206.0,4.0,1.0894327242678532,0.0,0.0,82.82352941176471,0.0,0.0,0.0,0.0,920.0,4096.0,132.0,0.0,0.0,4.0,22.0,0.0,0.0,8.0,0.0,2
150.0,4.0,1.2179274227764485,0.0,0.0,252.0,6.0,1.263949156524712,0.0,0.0,79.14285714285714,0.0,0.0,0.0,0.0,860.0,2100.0,130.0,0.0,0.0,0.0,24.0,0.0,0.0,10.0,0.0,2
92.0,2.0,0.5739644913913236,0.0,0.0,20.0,5.0,1.4708084763171112,0.0,0.0,76.55555555555556,0.0,0.0,0.0,0.0,114.0,594.0,8.0,0.0,0.0,0.0,2.0,0.0,0.0,0.0,0.0,2
18.0,1.0,-1.000088900581841e-12,0.0,0.0,16.0,4.0,1.3862943611158909,0.0,0.0,75.28571428571429,0.0,0.0,0.0,0.0,140.0,0.0,16.0,0.0,0.0,0.0,0.0,0.0,0.0,0.0,0.0,2
58.0,2.0,0.6441857770843766,0.0,0.0,54.0,6.0,1.2934116777140423,0.0,0.0,74.55555555555556,0.0,0.0,0.0,0.0,186.0,1230.0,22.0,0.0,0.0,0.0,0.0,0.0,0.0,0.0,0.0,2
338.0,4.0,0.6963706614893506,0.0,0.0,278.0,4.0,0.9266305082200796,0.0,0.0,70.3157894736842,0.0,0.0,0.0,0.0,1088.0,3106.0,104.0,0.0,0.0,0.0,24.0,0.0,0.0,10.0,0.0,2
174.0,4.0,0.7209735903567559,0.0,0.0,308.0,4.0,0.4198483878394655,0.0,0.0,64.41666666666667,0.0,0.0,0.0,0.0,626.0,820.0,46.0,0.0,0.0,0.0,2.0,0.0,0.0,0.0,0.0,2
252.0,4.0,0.6784506635418039,0.0,0.0,174.0,5.0,1.235824472242749,0.0,0.0,61.4375,0.0,0.0,0.0,0.0,420.0,6158.0,56.0,0.0,0.0,0.0,4.0,0.0,0.0,6.0,0.0,2
174.0,5.0,1.2508526240846771,0.0,0.0,124.0,6.0,1.4124743981373422,0.0,0.0,55.76923076923077,0.0,0.0,0.0,0.0,210.0,3716.0,24.0,0.0,0.0,0.0,24.0,0.0,0.0,10.0,0.0,2
12.0,1.0,-1.000088900581841e-12,0.0,0.0,4.0,2.0,0.6931471805579453,0.0,0.0,54.0,0.0,0.0,0.0,0.0,116.0,0.0,0.0,0.0,0.0,0.0,0.0,0.0,0.0,0.0,0.0,2
242.0,7.0,1.172508747119148,0.0,0.0,34.0,4.0,0.8852888344369024,0.0,0.0,50.6,0.0,0.0,0.0,0.0,420.0,6554.0,102.0,0.0,0.0,0.0,14.0,0.0,0.0,12.0,0.0,2
178.0,4.0,0.670539681648907,0.0,0.0,120.0,3.0,0.7491699942110979,0.0,0.0,45.625,0.0,0.0,0.0,0.0,1190.0,3052.0,224.0,0.0,0.0,12.0,10.0,0.0,0.0,22.0,0.0,2
220.0,5.0,1.0902702265227422,0.0,0.0,126.0,4.0,1.1279757876389118,0.0,0.0,38.266666666666666,0.0,0.0,0.0,0.0,630.0,5432.0,156.0,0.0,0.0,10.0,4.0,0.0,0.0,12.0,0.0,2
12.0,1.0,-1.000088900581841e-12,0.0,0.0,4.0,1.0,-1.000088900581841e-12,0.0,0.0,36.0,0.0,0.0,0.0,0.0,70.0,0.0,0.0,0.0,0.0,0.0,0.0,0.0,0.0,0.0,0.0,2
100.0,3.0,0.8761169442679759,0.0,0.0,82.0,4.0,1.039624071197362,0.0,0.0,34.5,0.0,26.0,48.0,46.0,700.0,1340.0,76.0,0.0,0.0,2.0,14.0,0.0,0.0,16.0,0.0,2
12.0,1.0,-1.000088900581841e-12,0.0,0.0,14.0,3.0,1.0042424730510766,0.0,0.0,33.0,0.0,0.0,0.0,0.0,46.0,0.0,0.0,0.0,0.0,0.0,2.0,0.0,0.0,0.0,0.0,2
50.0,3.0,0.4433066914650871,0.0,0.0,66.0,4.0,1.2153526510221646,0.0,0.0,32.22222222222222,0.0,0.0,0.0,0.0,372.0,458.0,90.0,0.0,0.0,0.0,4.0,0.0,0.0,2.0,0.0,2
582.0,2.0,0.0410771942292423,0.0,0.0,70.0,5.0,1.346985600080897,0.0,0.0,28.178571428571427,0.0,0.0,0.0,0.0,350.0,4810.0,42.0,0.0,0.0,0.0,58.0,0.0,0.0,8.0,0.0,2
26.0,1.0,-1.000088900581841e-12,0.0,0.0,30.0,3.0,0.970115783983938,0.0,0.0,24.571428571428573,0.0,0.0,0.0,0.0,140.0,0.0,20.0,0.0,0.0,0.0,8.0,0.0,0.0,2.0,0.0,1
78.0,3.0,1.0377475202580306,0.0,0.0,28.0,5.0,1.5740973368439728,0.0,0.0,23.375,0.0,38.0,28.0,0.0,186.0,1018.0,10.0,0.0,0.0,0.0,0.0,0.0,0.0,0.0,0.0,2
12.0,1.0,-1.000088900581841e-12,0.0,0.0,0.0,0.0,0.0,0.0,0.0,22.166666666666668,0.0,0.0,0.0,0.0,0.0,0.0,0.0,0.0,0.0,0.0,0.0,0.0,0.0,0.0,0.0,2
30.0,3.0,1.0986122886651095,0.0,0.0,30.0,5.0,1.5246335284298946,0.0,0.0,21.285714285714285,0.0,0.0,0.0,0.0,254.0,268.0,20.0,0.0,0.0,0.0,0.0,0.0,0.0,0.0,0.0,2
174.0,3.0,0.488984919879842,0.0,0.0,34.0,5.0,1.544381980911839,0.0,70.0,21.58333333333333,0.0,0.0,0.0,0.0,320.0,208.0,28.0,0.0,0.0,0.0,0.0,0.0,0.0,0.0,0.0,1
694.0,2.0,0.0496804946351953,0.0,0.0,14.0,3.0,1.0789922078745833,0.0,0.0,33.833333333333336,0.0,0.0,0.0,0.0,140.0,64.0,24.0,0.0,0.0,0.0,0.0,0.0,0.0,0.0,0.0,1
716.0,1.0,-1.000088900581841e-12,0.0,0.0,176.0,1.0,-1.000088900581841e-12,0.0,0.0,50.96551724137931,0.0,0.0,0.0,0.0,0.0,0.0,0.0,0.0,0.0,0.0,0.0,0.0,0.0,0.0,0.0,1
100.0,1.0,-1.000088900581841e-12,0.0,0.0,0.0,0.0,0.0,0.0,0.0,68.26666666666667,0.0,0.0,0.0,0.0,0.0,0.0,0.0,0.0,0.0,0.0,0.0,0.0,0.0,0.0,0.0,1
0.0,0.0,0.0,0.0,0.0,0.0,0.0,0.0,0.0,0.0,85.06666666666666,0.0,0.0,0.0,0.0,0.0,0.0,0.0,0.0,0.0,0.0,0.0,0.0,0.0,0.0,0.0,1
0.0,0.0,0.0,0.0,0.0,2.0,1.0,-1.000088900581841e-12,0.0,0.0,95.26666666666668,0.0,0.0,0.0,0.0,0.0,0.0,0.0,0.0,0.0,0.0,0.0,0.0,0.0,0.0,0.0,1
0.0,0.0,0.0,0.0,0.0,100.0,2.0,0.098039113277732,0.0,0.0,99.76666666666668,0.0,0.0,0.0,0.0,0.0,0.0,0.0,0.0,0.0,0.0,0.0,0.0,0.0,0.0,0.0,1
0.0,0.0,0.0,0.0,0.0,4.0,1.0,-1.000088900581841e-12,0.0,0.0,100.0,0.0,0.0,0.0,0.0,0.0,0.0,0.0,0.0,0.0,0.0,0.0,0.0,0.0,0.0,0.0,1
0.0,0.0,0.0,0.0,0.0,0.0,0.0,0.0,0.0,0.0,100.0,0.0,0.0,0.0,0.0,0.0,0.0,0.0,0.0,0.0,0.0,0.0,0.0,0.0,0.0,0.0,1
0.0,0.0,0.0,0.0,0.0,2.0,1.0,-1.000088900581841e-12,0.0,0.0,100.0,0.0,0.0,0.0,0.0,0.0,0.0,0.0,0.0,0.0,0.0,0.0,0.0,0.0,0.0,0.0,1
0.0,0.0,0.0,0.0,0.0,4.0,1.0,-1.000088900581841e-12,0.0,0.0,100.0,0.0,0.0,0.0,0.0,0.0,0.0,0.0,0.0,0.0,0.0,0.0,0.0,0.0,0.0,0.0,1
0.0,0.0,0.0,0.0,0.0,2.0,1.0,-1.000088900581841e-12,0.0,0.0,100.0,0.0,0.0,0.0,0.0,0.0,0.0,0.0,0.0,0.0,0.0,0.0,0.0,0.0,0.0,0.0,1
0.0,0.0,0.0,0.0,0.0,2.0,1.0,-1.000088900581841e-12,0.0,0.0,100.0,0.0,0.0,0.0,0.0,0.0,0.0,0.0,0.0,0.0,0.0,0.0,0.0,0.0,0.0,0.0,1
0.0,0.0,0.0,0.0,0.0,2.0,1.0,-1.000088900581841e-12,0.0,0.0,100.0,0.0,0.0,0.0,0.0,0.0,0.0,0.0,0.0,0.0,0.0,2.0,0.0,0.0,0.0,0.0,1
0.0,0.0,0.0,0.0,0.0,2.0,1.0,-1.000088900581841e-12,0.0,0.0,100.0,0.0,0.0,0.0,0.0,0.0,0.0,0.0,0.0,0.0,0.0,2.0,0.0,0.0,0.0,0.0,1
58.0,3.0,0.6970745231843933,0.0,0.0,10.0,3.0,1.054920167983144,0.0,0.0,100.0,0.0,0.0,0.0,0.0,70.0,1428.0,62.0,0.0,0.0,0.0,2.0,0.0,0.0,0.0,0.0,1
106.0,4.0,1.2617324801208456,0.0,0.0,132.0,5.0,1.3401641684520298,0.0,0.0,100.0,0.0,0.0,0.0,24.0,790.0,1494.0,102.0,4.0,0.0,8.0,8.0,0.0,0.0,8.0,0.0,1
188.0,3.0,0.5131411967503001,0.0,0.0,116.0,5.0,1.0004044383336714,0.0,0.0,98.14285714285714,0.0,0.0,0.0,0.0,666.0,4740.0,58.0,12.0,0.0,24.0,4.0,0.0,0.0,10.0,0.0,2
164.0,4.0,0.986242316015524,0.0,0.0,52.0,5.0,1.3698324154522692,0.0,0.0,94.92307692307692,0.0,0.0,0.0,0.0,296.0,11436.0,26.0,0.0,0.0,0.0,12.0,0.0,0.0,6.0,0.0,2
390.0,7.0,1.5874744265056409,0.0,0.0,108.0,5.0,1.3095198509881014,0.0,0.0,91.6,0.0,0.0,40.0,0.0,938.0,8206.0,144.0,0.0,0.0,4.0,18.0,0.0,0.0,6.0,0.0,2
288.0,4.0,0.6807490245487524,0.0,0.0,88.0,6.0,1.6064656356824187,0.0,0.0,86.76470588235294,0.0,0.0,0.0,0.0,444.0,6994.0,54.0,0.0,0.0,0.0,12.0,0.0,0.0,0.0,0.0,2
64.0,3.0,1.0239287996359363,0.0,0.0,70.0,5.0,1.346985600080897,0.0,0.0,84.11111111111111,0.0,0.0,0.0,0.0,296.0,1778.0,24.0,0.0,0.0,0.0,2.0,0.0,0.0,0.0,0.0,2
188.0,3.0,0.9990822870921736,0.0,78.0,154.0,5.0,1.1666317500196757,0.0,0.0,81.71428571428571,0.0,0.0,0.0,0.0,592.0,9088.0,90.0,0.0,0.0,4.0,14.0,0.0,0.0,4.0,0.0,2
518.0,2.0,0.1242508373876309,0.0,60.0,268.0,4.0,0.6481007153593281,0.0,0.0,77.07692307692308,0.0,0.0,0.0,0.0,618.0,21042.0,76.0,0.0,0.0,0.0,24.0,0.0,0.0,10.0,0.0,2
40.0,1.0,-1.000088900581841e-12,0.0,0.0,74.0,5.0,1.2139711834228264,0.0,0.0,73.875,0.0,0.0,0.0,0.0,520.0,104.0,22.0,0.0,0.0,0.0,2.0,0.0,0.0,0.0,0.0,2
152.0,7.0,1.7041380951987368,0.0,0.0,94.0,3.0,1.0738536558793963,0.0,0.0,71.35714285714286,0.0,0.0,0.0,0.0,840.0,2176.0,114.0,0.0,0.0,4.0,8.0,0.0,0.0,12.0,0.0,2
122.0,5.0,1.033987939633562,0.0,68.0,98.0,6.0,1.5782806735128525,0.0,0.0,68.9,0.0,0.0,0.0,0.0,544.0,1788.0,66.0,0.0,0.0,0.0,32.0,0.0,0.0,6.0,0.0,2
450.0,5.0,0.6596215350908218,0.0,0.0,90.0,8.0,1.6328444059547875,0.0,0.0,64.77272727272727,0.0,0.0,0.0,0.0,272.0,14178.0,30.0,0.0,0.0,0.0,4.0,0.0,0.0,2.0,0.0,2
228.0,3.0,0.4216048713920391,0.0,0.0,34.0,4.0,1.31972992151467,0.0,0.0,59.46666666666667,0.0,0.0,0.0,0.0,346.0,8356.0,40.0,0.0,0.0,0.0,0.0,0.0,0.0,0.0,0.0,2
52.0,4.0,1.3546053317192446,0.0,46.0,98.0,4.0,1.1314640275178525,0.0,0.0,57.375,0.0,0.0,0.0,0.0,470.0,232.0,50.0,0.0,0.0,0.0,0.0,0.0,0.0,0.0,0.0,2
180.0,3.0,0.8894844141707215,0.0,0.0,16.0,3.0,0.9743147528663496,0.0,0.0,55.583333333333336,0.0,0.0,0.0,0.0,198.0,3602.0,12.0,0.0,0.0,0.0,6.0,0.0,0.0,0.0,0.0,2
436.0,7.0,1.367429535671574,0.0,0.0,124.0,8.0,1.8864131593757365,0.0,0.0,51.625,0.0,0.0,0.0,0.0,568.0,13520.0,54.0,0.0,0.0,2.0,16.0,0.0,0.0,6.0,0.0,2
102.0,3.0,0.8395070676427601,0.0,0.0,66.0,4.0,1.1475306151764817,0.0,0.0,47.3,0.0,0.0,0.0,0.0,346.0,1864.0,50.0,0.0,0.0,6.0,0.0,0.0,0.0,6.0,0.0,2
130.0,7.0,1.5469053419359948,0.0,0.0,68.0,5.0,1.3502387240461853,0.0,0.0,44.27272727272727,0.0,0.0,0.0,0.0,518.0,1954.0,94.0,8.0,0.0,16.0,8.0,0.0,0.0,16.0,0.0,2
718.0,4.0,0.8033605513086933,0.0,0.0,8.0,2.0,0.6931471805579453,0.0,0.0,36.93333333333333,0.0,0.0,0.0,0.0,0.0,11528.0,0.0,0.0,0.0,0.0,8.0,0.0,0.0,0.0,0.0,2
116.0,2.0,0.4596930199665017,0.0,0.0,10.0,3.0,0.9502705392302344,0.0,0.0,30.454545454545453,0.0,0.0,0.0,0.0,74.0,38.0,28.0,0.0,0.0,0.0,0.0,0.0,0.0,0.0,0.0,2
12.0,1.0,-1.000088900581841e-12,0.0,0.0,0.0,0.0,0.0,0.0,0.0,30.0,0.0,0.0,0.0,0.0,0.0,0.0,0.0,0.0,0.0,0.0,0.0,0.0,0.0,0.0,0.0,2
92.0,2.0,0.4264614999122384,0.0,0.0,26.0,4.0,1.3516811946818947,0.0,0.0,28.11111111111111,0.0,0.0,0.0,0.0,148.0,126.0,50.0,0.0,0.0,0.0,0.0,0.0,0.0,0.0,0.0,2
314.0,3.0,0.4526669475258132,0.0,0.0,14.0,2.0,0.6829081046984717,0.0,0.0,24.23529411764705,0.0,0.0,0.0,0.0,222.0,9308.0,60.0,0.0,0.0,0.0,0.0,0.0,0.0,0.0,0.0,2
210.0,4.0,1.2419644786167672,0.0,0.0,62.0,5.0,1.2402523063343425,0.0,0.0,19.571428571428573,0.0,0.0,0.0,0.0,592.0,6066.0,90.0,0.0,0.0,0.0,6.0,0.0,0.0,8.0,0.0,2
470.0,5.0,1.0595273431839956,0.0,0.0,128.0,7.0,1.4631353264179967,0.0,48.0,24.08695652173913,0.0,116.0,40.0,36.0,962.0,594.0,88.0,0.0,0.0,4.0,38.0,0.0,0.0,16.0,0.0,2
36.0,3.0,0.6546695645255007,0.0,0.0,72.0,4.0,1.2831535930537668,0.0,0.0,26.25,0.0,0.0,0.0,0.0,716.0,44.0,74.0,0.0,0.0,0.0,10.0,0.0,0.0,10.0,0.0,2
20.0,2.0,0.3250829733894482,0.0,0.0,18.0,4.0,1.310783678095714,0.0,0.0,25.571428571428573,0.0,0.0,0.0,0.0,148.0,58.0,58.0,0.0,0.0,0.0,2.0,0.0,0.0,0.0,0.0,2
122.0,2.0,0.6822231733403603,0.0,40.0,24.0,4.0,1.3579778549833244,0.0,0.0,22.363636363636363,0.0,0.0,0.0,0.0,148.0,198.0,16.0,0.0,0.0,0.0,0.0,0.0,0.0,0.0,0.0,2
148.0,3.0,0.5227781453605563,0.0,0.0,62.0,4.0,1.3055010412771486,0.0,0.0,19.727272727272727,0.0,0.0,0.0,0.0,472.0,6468.0,48.0,0.0,0.0,0.0,2.0,0.0,0.0,2.0,0.0,2
30.0,1.0,-1.000088900581841e-12,0.0,0.0,44.0,5.0,1.4006617632430731,0.0,0.0,17.571428571428573,0.0,0.0,0.0,42.0,148.0,44.0,16.0,0.0,0.0,0.0,0.0,0.0,0.0,0.0,0.0,2
12.0,1.0,-1.000088900581841e-12,0.0,0.0,0.0,0.0,0.0,0.0,0.0,17.0,0.0,0.0,0.0,0.0,0.0,0.0,0.0,0.0,0.0,0.0,0.0,0.0,0.0,0.0,0.0,2
70.0,2.0,0.5004024235361879,0.0,0.0,16.0,4.0,1.2130075659759043,0.0,0.0,15.5,0.0,0.0,0.0,0.0,74.0,1570.0,28.0,0.0,0.0,0.0,0.0,0.0,0.0,0.0,0.0,2
30.0,2.0,0.6909233093118181,0.0,0.0,6.0,2.0,0.6365141682928128,0.0,0.0,14.142857142857142,0.0,0.0,0.0,0.0,0.0,222.0,0.0,0.0,0.0,0.0,0.0,0.0,0.0,0.0,0.0,2
154.0,4.0,1.0462149459498151,0.0,0.0,36.0,5.0,1.3500446899801752,0.0,144.0,14.0,0.0,34.0,52.0,0.0,370.0,1256.0,52.0,0.0,0.0,0.0,0.0,0.0,0.0,0.0,0.0,2
718.0,1.0,-1.000088900581841e-12,0.0,0.0,2.0,1.0,-1.000088900581841e-12,0.0,0.0,24.6,0.0,0.0,0.0,0.0,74.0,0.0,0.0,0.0,0.0,0.0,0.0,0.0,0.0,0.0,0.0,1
616.0,1.0,-1.000088900581841e-12,0.0,0.0,2.0,1.0,-1.000088900581841e-12,0.0,0.0,42.13333333333333,0.0,0.0,0.0,0.0,0.0,0.0,0.0,0.0,0.0,0.0,0.0,0.0,0.0,0.0,0.0,1
0.0,0.0,0.0,0.0,0.0,2.0,1.0,-1.000088900581841e-12,0.0,0.0,59.7,0.0,0.0,0.0,0.0,0.0,0.0,0.0,0.0,0.0,0.0,0.0,0.0,0.0,0.0,0.0,1
0.0,0.0,0.0,0.0,0.0,4.0,1.0,-1.000088900581841e-12,0.0,0.0,77.13333333333334,0.0,0.0,0.0,0.0,0.0,0.0,0.0,0.0,0.0,0.0,0.0,0.0,0.0,0.0,0.0,1
0.0,0.0,0.0,0.0,0.0,2.0,1.0,-1.000088900581841e-12,0.0,0.0,91.16666666666669,0.0,0.0,0.0,0.0,0.0,0.0,0.0,0.0,0.0,0.0,0.0,0.0,0.0,0.0,0.0,1
0.0,0.0,0.0,0.0,0.0,2.0,1.0,-1.000088900581841e-12,0.0,0.0,98.33333333333331,0.0,0.0,0.0,0.0,0.0,0.0,0.0,0.0,0.0,0.0,0.0,0.0,0.0,0.0,0.0,1
0.0,0.0,0.0,0.0,0.0,2.0,1.0,-1.000088900581841e-12,0.0,0.0,100.0,0.0,0.0,0.0,0.0,0.0,0.0,0.0,0.0,0.0,0.0,0.0,0.0,0.0,0.0,0.0,1
0.0,0.0,0.0,0.0,0.0,4.0,2.0,0.6931471805579453,0.0,0.0,100.0,0.0,0.0,0.0,0.0,74.0,0.0,0.0,0.0,0.0,0.0,0.0,0.0,0.0,0.0,0.0,1
0.0,0.0,0.0,0.0,0.0,2.0,1.0,-1.000088900581841e-12,0.0,0.0,100.0,0.0,0.0,0.0,0.0,0.0,0.0,0.0,0.0,0.0,0.0,0.0,0.0,0.0,0.0,0.0,1
0.0,0.0,0.0,0.0,0.0,2.0,1.0,-1.000088900581841e-12,0.0,0.0,100.0,0.0,0.0,0.0,0.0,0.0,0.0,0.0,0.0,0.0,0.0,0.0,0.0,0.0,0.0,0.0,1
0.0,0.0,0.0,0.0,0.0,4.0,1.0,-1.000088900581841e-12,0.0,0.0,100.0,0.0,0.0,0.0,0.0,0.0,0.0,0.0,0.0,0.0,0.0,0.0,0.0,0.0,0.0,0.0,1
0.0,0.0,0.0,0.0,0.0,2.0,1.0,-1.000088900581841e-12,0.0,0.0,100.0,0.0,0.0,0.0,0.0,0.0,0.0,0.0,0.0,0.0,0.0,2.0,0.0,0.0,0.0,0.0,1
0.0,0.0,0.0,0.0,0.0,0.0,0.0,0.0,0.0,0.0,100.0,0.0,0.0,0.0,0.0,0.0,0.0,0.0,0.0,0.0,0.0,2.0,0.0,0.0,0.0,0.0,1
0.0,0.0,0.0,0.0,0.0,2.0,1.0,-1.000088900581841e-12,0.0,0.0,100.0,0.0,0.0,0.0,0.0,0.0,0.0,0.0,0.0,0.0,0.0,0.0,0.0,0.0,0.0,0.0,1
0.0,0.0,0.0,0.0,0.0,4.0,1.0,-1.000088900581841e-12,0.0,0.0,100.0,0.0,0.0,0.0,0.0,0.0,0.0,0.0,0.0,0.0,0.0,0.0,0.0,0.0,0.0,0.0,1
0.0,0.0,0.0,0.0,0.0,0.0,0.0,0.0,0.0,0.0,100.0,0.0,0.0,0.0,0.0,0.0,0.0,0.0,0.0,0.0,0.0,0.0,0.0,0.0,0.0,0.0,1
74.0,2.0,0.2814018395894185,0.0,0.0,50.0,6.0,1.3319113734135046,0.0,0.0,100.0,0.0,0.0,0.0,34.0,222.0,896.0,48.0,0.0,0.0,0.0,8.0,0.0,0.0,2.0,0.0,1
160.0,2.0,0.6548430554400272,0.0,0.0,164.0,7.0,1.3975334369638588,0.0,0.0,99.6153846153846,0.0,0.0,0.0,0.0,716.0,2232.0,22.0,0.0,0.0,4.0,22.0,0.0,0.0,6.0,0.0,1
126.0,4.0,1.2546325057468293,0.0,0.0,140.0,6.0,1.467691470018044,0.0,0.0,95.0909090909091,0.0,0.0,0.0,0.0,444.0,2918.0,66.0,0.0,0.0,2.0,14.0,0.0,0.0,10.0,0.0,2
86.0,3.0,0.8911621402238308,0.0,0.0,68.0,5.0,1.283028409071435,0.0,0.0,93.0909090909091,0.0,0.0,0.0,0.0,612.0,908.0,64.0,0.0,0.0,0.0,0.0,0.0,0.0,0.0,0.0,2
462.0,4.0,0.5023453855503683,0.0,0.0,198.0,7.0,1.0829840238871336,0.0,0.0,88.3913043478261,0.0,0.0,0.0,0.0,222.0,12948.0,52.0,0.0,0.0,0.0,30.0,0.0,0.0,10.0,0.0,2
132.0,3.0,1.027811746531936,0.0,0.0,140.0,4.0,0.8605865743551391,0.0,0.0,82.33333333333333,0.0,36.0,30.0,0.0,494.0,6132.0,80.0,0.0,0.0,2.0,24.0,0.0,0.0,10.0,0.0,2
532.0,3.0,0.4724252219118868,0.0,40.0,452.0,5.0,0.6280046360857596,0.0,0.0,75.84615384615384,0.0,0.0,0.0,0.0,222.0,15800.0,60.0,0.0,0.0,0.0,42.0,0.0,0.0,12.0,0.0,2
210.0,4.0,1.0468841394446775,0.0,0.0,248.0,5.0,1.1954068581850772,0.0,0.0,68.94444444444444,0.0,0.0,0.0,0.0,1184.0,1596.0,236.0,0.0,0.0,6.0,16.0,0.0,0.0,20.0,0.0,2
108.0,3.0,1.0720433435720709,0.0,0.0,180.0,5.0,1.0912601655314602,0.0,0.0,63.75,0.0,0.0,0.0,0.0,896.0,4666.0,14.0,0.0,0.0,0.0,14.0,0.0,0.0,0.0,0.0,2
196.0,2.0,0.1368639932802484,0.0,0.0,68.0,5.0,1.2106786233242088,0.0,0.0,59.5,0.0,0.0,0.0,0.0,296.0,1778.0,72.0,0.0,0.0,0.0,0.0,0.0,0.0,0.0,0.0,2
264.0,3.0,0.7299545568151573,0.0,0.0,226.0,5.0,0.8877018024292309,0.0,0.0,55.8125,0.0,0.0,0.0,0.0,804.0,6318.0,128.0,0.0,0.0,0.0,0.0,0.0,0.0,0.0,0.0,2
390.0,7.0,1.5571274860220656,0.0,0.0,130.0,4.0,0.929725445464804,0.0,0.0,50.57142857142857,0.0,0.0,0.0,0.0,544.0,5274.0,92.0,0.0,0.0,0.0,8.0,0.0,0.0,0.0,0.0,2
286.0,2.0,0.6281280627521275,0.0,0.0,32.0,5.0,1.3917397695133338,0.0,74.0,47.4375,0.0,0.0,0.0,0.0,412.0,10884.0,30.0,0.0,0.0,0.0,0.0,0.0,0.0,0.0,0.0,2
670.0,4.0,0.6708077471398046,0.0,0.0,370.0,6.0,0.7784727748327305,0.0,74.0,44.892857142857146,0.0,0.0,0.0,56.0,174.0,19102.0,10.0,0.0,0.0,0.0,28.0,0.0,0.0,12.0,0.0,2
408.0,4.0,0.9759410497118634,0.0,0.0,26.0,4.0,1.204793309690784,0.0,0.0,44.7,0.0,0.0,0.0,0.0,296.0,316.0,66.0,0.0,0.0,2.0,18.0,0.0,0.0,4.0,0.0,2
490.0,3.0,0.97222763109991,0.0,0.0,86.0,7.0,1.5753714213220371,0.0,74.0,53.69565217391305,0.0,0.0,0.0,0.0,444.0,224.0,78.0,0.0,0.0,0.0,4.0,0.0,0.0,2.0,0.0,2
708.0,4.0,0.987325582179552,0.0,0.0,362.0,5.0,0.6807478479054399,0.0,0.0,67.27586206896552,0.0,0.0,0.0,0.0,370.0,6056.0,110.0,0.0,0.0,0.0,0.0,0.0,0.0,0.0,0.0,2
372.0,5.0,0.8075175926581304,0.0,0.0,106.0,4.0,0.977821945254288,0.0,0.0,78.94736842105263,0.0,0.0,0.0,0.0,448.0,1136.0,48.0,0.0,0.0,8.0,0.0,0.0,0.0,2.0,0.0,2
418.0,8.0,0.9863052283234603,0.0,0.0,112.0,6.0,1.4976942592850735,0.0,0.0,69.17391304347827,0.0,0.0,0.0,0.0,864.0,3612.0,132.0,14.0,0.0,0.0,26.0,0.0,0.0,6.0,0.0,2
320.0,5.0,0.8874225694074169,0.0,0.0,278.0,9.0,1.4122622352737753,0.0,0.0,61.75,0.0,0.0,0.0,0.0,1628.0,4474.0,266.0,14.0,0.0,12.0,14.0,0.0,0.0,36.0,0.0,2
402.0,6.0,0.905168876081104,0.0,0.0,84.0,4.0,1.2680568020074974,0.0,0.0,56.4,0.0,0.0,0.0,0.0,518.0,1740.0,66.0,0.0,0.0,0.0,38.0,0.0,0.0,16.0,0.0,2
70.0,2.0,0.5004024235361879,0.0,0.0,62.0,5.0,1.4713870791298835,0.0,0.0,54.0,0.0,0.0,0.0,0.0,296.0,1264.0,22.0,0.0,0.0,0.0,10.0,0.0,0.0,12.0,0.0,2
74.0,4.0,1.0319980915347138,0.0,0.0,58.0,4.0,1.041110323616146,0.0,0.0,52.44444444444444,0.0,0.0,0.0,0.0,258.0,1404.0,12.0,0.0,0.0,0.0,10.0,0.0,0.0,6.0,0.0,2
12.0,1.0,-1.000088900581841e-12,0.0,0.0,0.0,0.0,0.0,0.0,0.0,51.0,0.0,0.0,0.0,0.0,0.0,0.0,0.0,0.0,0.0,0.0,2.0,0.0,0.0,0.0,0.0,2
90.0,5.0,1.2049724387855223,0.0,0.0,34.0,5.0,1.478751524642954,0.0,0.0,50.22222222222222,0.0,0.0,0.0,0.0,196.0,566.0,14.0,0.0,0.0,0.0,4.0,0.0,0.0,0.0,0.0,2
128.0,3.0,0.95222878512358,0.0,0.0,56.0,4.0,0.8953326659640909,0.0,0.0,48.7,0.0,0.0,0.0,0.0,148.0,2294.0,14.0,0.0,0.0,0.0,4.0,0.0,0.0,0.0,0.0,2
26.0,2.0,0.2711893730398441,0.0,0.0,28.0,4.0,1.33373602719881,0.0,0.0,48.0,0.0,0.0,0.0,0.0,272.0,118.0,24.0,0.0,0.0,0.0,6.0,0.0,0.0,4.0,0.0,2
112.0,3.0,0.7794869891154395,0.0,0.0,24.0,2.0,0.6365141682928128,0.0,0.0,46.3,0.0,0.0,0.0,0.0,322.0,1608.0,82.0,0.0,0.0,0.0,10.0,0.0,0.0,0.0,0.0,2
174.0,1.0,-1.000088900581841e-12,0.0,0.0,72.0,3.0,1.069260917546317,0.0,0.0,44.642857142857146,0.0,0.0,0.0,0.0,666.0,3172.0,136.0,0.0,0.0,0.0,8.0,0.0,0.0,6.0,0.0,2
28.0,3.0,0.8304717124332917,0.0,0.0,6.0,2.0,0.6365141682928128,0.0,0.0,42.85714285714285,0.0,0.0,0.0,0.0,74.0,230.0,12.0,0.0,0.0,0.0,0.0,0.0,0.0,0.0,0.0,2
12.0,1.0,-1.000088900581841e-12,0.0,0.0,0.0,0.0,0.0,0.0,0.0,42.0,0.0,0.0,0.0,0.0,74.0,0.0,0.0,0.0,0.0,0.0,0.0,0.0,0.0,0.0,0.0,2
0.0,0.0,0.0,0.0,0.0,0.0,0.0,0.0,0.0,0.0,42.0,0.0,0.0,0.0,0.0,0.0,0.0,0.0,0.0,0.0,0.0,0.0,0.0,0.0,0.0,0.0,2
0.0,0.0,0.0,0.0,0.0,2.0,1.0,-1.000088900581841e-12,0.0,0.0,42.0,44.0,0.0,0.0,0.0,0.0,0.0,0.0,0.0,0.0,0.0,0.0,0.0,0.0,0.0,0.0,2
0.0,0.0,0.0,0.0,0.0,0.0,0.0,0.0,0.0,0.0,42.0,28.0,0.0,0.0,0.0,0.0,0.0,0.0,0.0,0.0,0.0,2.0,0.0,0.0,2.0,0.0,2
0.0,0.0,0.0,0.0,0.0,0.0,0.0,0.0,0.0,0.0,41.5,0.0,0.0,0.0,0.0,0.0,0.0,0.0,0.0,0.0,0.0,0.0,0.0,0.0,0.0,0.0,2
0.0,0.0,0.0,0.0,0.0,0.0,0.0,0.0,0.0,0.0,41.0,0.0,0.0,0.0,0.0,0.0,0.0,0.0,0.0,0.0,0.0,0.0,0.0,0.0,0.0,0.0,2
0.0,0.0,0.0,0.0,0.0,0.0,0.0,0.0,0.0,0.0,41.0,0.0,0.0,0.0,0.0,0.0,0.0,0.0,0.0,0.0,0.0,0.0,0.0,0.0,0.0,0.0,2
0.0,0.0,0.0,0.0,0.0,6.0,1.0,-1.000088900581841e-12,0.0,0.0,39.833333333333336,34.0,0.0,0.0,0.0,0.0,0.0,0.0,0.0,0.0,0.0,2.0,0.0,0.0,0.0,0.0,2
0.0,0.0,0.0,0.0,0.0,0.0,0.0,0.0,0.0,0.0,39.0,0.0,0.0,0.0,0.0,0.0,0.0,0.0,0.0,0.0,0.0,0.0,0.0,0.0,0.0,0.0,2
0.0,0.0,0.0,0.0,0.0,0.0,0.0,0.0,0.0,0.0,39.0,0.0,0.0,0.0,0.0,0.0,0.0,0.0,0.0,0.0,0.0,0.0,0.0,0.0,0.0,0.0,2
0.0,0.0,0.0,0.0,0.0,0.0,0.0,0.0,0.0,0.0,39.0,0.0,0.0,0.0,0.0,0.0,0.0,0.0,0.0,0.0,0.0,0.0,0.0,0.0,0.0,0.0,2
0.0,0.0,0.0,0.0,0.0,0.0,0.0,0.0,0.0,0.0,38.833333333333336,0.0,0.0,0.0,0.0,0.0,0.0,0.0,0.0,0.0,0.0,0.0,0.0,0.0,0.0,0.0,2
0.0,0.0,0.0,0.0,0.0,0.0,0.0,0.0,0.0,0.0,38.0,0.0,0.0,0.0,0.0,0.0,0.0,0.0,0.0,0.0,0.0,0.0,0.0,0.0,0.0,0.0,2
0.0,0.0,0.0,0.0,0.0,0.0,0.0,0.0,0.0,0.0,38.0,0.0,0.0,0.0,0.0,0.0,0.0,0.0,0.0,0.0,0.0,0.0,0.0,0.0,0.0,0.0,2
0.0,0.0,0.0,0.0,0.0,0.0,0.0,0.0,0.0,0.0,37.0,0.0,0.0,0.0,0.0,0.0,0.0,0.0,0.0,0.0,0.0,0.0,0.0,0.0,0.0,0.0,2
0.0,0.0,0.0,0.0,0.0,20.0,2.0,0.6730116670072565,0.0,0.0,36.5,0.0,0.0,0.0,0.0,74.0,0.0,0.0,0.0,0.0,0.0,2.0,0.0,0.0,0.0,0.0,2
0.0,0.0,0.0,0.0,0.0,2.0,1.0,-1.000088900581841e-12,0.0,0.0,36.0,0.0,0.0,0.0,0.0,0.0,0.0,0.0,0.0,0.0,0.0,0.0,0.0,0.0,0.0,0.0,2
76.0,2.0,0.3893772362884818,0.0,0.0,26.0,4.0,1.2202821662682373,0.0,0.0,35.111111111111114,38.0,0.0,0.0,0.0,222.0,998.0,46.0,0.0,0.0,0.0,2.0,0.0,0.0,6.0,0.0,2
20.0,2.0,0.6730116670072565,0.0,0.0,16.0,3.0,0.9743147528663496,0.0,0.0,33.142857142857146,0.0,0.0,0.0,0.0,74.0,100.0,0.0,0.0,0.0,0.0,4.0,0.0,0.0,4.0,0.0,2
142.0,4.0,1.0358251462536543,0.0,0.0,24.0,2.0,0.4505612088643047,0.0,0.0,32.53846153846154,0.0,0.0,0.0,0.0,376.0,2044.0,62.0,0.0,0.0,0.0,8.0,0.0,0.0,4.0,0.0,2
286.0,7.0,0.9814893572425332,0.0,0.0,152.0,4.0,0.8370284709031525,0.0,0.0,29.77777777777778,0.0,0.0,0.0,0.0,812.0,8490.0,136.0,0.0,0.0,0.0,6.0,0.0,0.0,6.0,0.0,2
60.0,1.0,-1.000088900581841e-12,0.0,0.0,48.0,5.0,1.3114896151251971,0.0,0.0,27.11111111111111,0.0,0.0,0.0,0.0,356.0,722.0,64.0,0.0,0.0,0.0,6.0,0.0,0.0,4.0,0.0,2
24.0,2.0,0.5623351446168083,0.0,0.0,22.0,3.0,1.0361987848162837,0.0,0.0,26.571428571428573,0.0,0.0,0.0,0.0,152.0,80.0,16.0,0.0,0.0,0.0,2.0,0.0,0.0,2.0,0.0,2
18.0,1.0,-1.000088900581841e-12,0.0,0.0,10.0,3.0,1.054920167983144,0.0,0.0,25.857142857142858,0.0,0.0,0.0,0.0,180.0,0.0,18.0,0.0,0.0,0.0,0.0,0.0,0.0,0.0,0.0,2
24.0,1.0,-1.000088900581841e-12,0.0,0.0,38.0,5.0,1.2947749214425035,0.0,0.0,24.428571428571427,0.0,0.0,0.0,0.0,408.0,0.0,18.0,0.0,0.0,0.0,0.0,0.0,0.0,0.0,0.0,2
78.0,3.0,0.7932709509161135,0.0,0.0,20.0,1.0,-1.000088900581841e-12,0.0,0.0,23.09090909090909,0.0,0.0,0.0,0.0,536.0,1282.0,72.0,0.0,0.0,0.0,0.0,0.0,0.0,2.0,0.0,2
184.0,5.0,1.200090963375748,0.0,0.0,150.0,4.0,0.9869286744973929,0.0,74.0,20.307692307692307,0.0,0.0,0.0,0.0,532.0,1620.0,92.0,0.0,0.0,0.0,8.0,0.0,0.0,6.0,0.0,2
318.0,4.0,1.0813790928592506,0.0,0.0,156.0,5.0,0.4978067353038894,0.0,76.0,30.1875,0.0,0.0,0.0,0.0,608.0,816.0,22.0,0.0,0.0,0.0,2.0,0.0,0.0,0.0,0.0,2
192.0,2.0,0.482577565175012,0.0,0.0,580.0,2.0,0.161312181154578,0.0,0.0,17.0,0.0,0.0,0.0,0.0,516.0,5306.0,40.0,0.0,0.0,0.0,16.0,0.0,0.0,0.0,0.0,2
314.0,1.0,-1.000088900581841e-12,0.0,0.0,10.0,2.0,0.5004024235361879,0.0,74.0,24.76923076923077,0.0,0.0,0.0,0.0,670.0,296.0,12.0,0.0,0.0,0.0,4.0,0.0,0.0,0.0,0.0,2
718.0,2.0,0.6756293576630904,0.0,0.0,10.0,3.0,1.054920167983144,0.0,0.0,51.86666666666667,0.0,0.0,0.0,0.0,76.0,0.0,8.0,0.0,0.0,0.0,0.0,0.0,0.0,0.0,0.0,2
658.0,2.0,0.470377999638756,0.0,0.0,52.0,4.0,1.062298832435512,0.0,0.0,82.93103448275862,0.0,0.0,0.0,0.0,380.0,4196.0,26.0,0.0,0.0,0.0,0.0,0.0,0.0,0.0,0.0,2
184.0,3.0,1.0574461570442135,0.0,0.0,106.0,6.0,1.5880596984681543,0.0,0.0,87.25,0.0,0.0,0.0,0.0,456.0,6794.0,56.0,0.0,0.0,0.0,0.0,0.0,0.0,0.0,0.0,2
86.0,3.0,0.7874805253560563,0.0,0.0,12.0,2.0,0.6365141682928128,0.0,0.0,85.0,0.0,0.0,0.0,0.0,204.0,1130.0,46.0,0.0,0.0,2.0,20.0,0.0,0.0,8.0,0.0,2
312.0,8.0,0.9633945637762265,0.0,0.0,58.0,4.0,1.3123733312644683,0.0,0.0,80.4,0.0,0.0,0.0,0.0,380.0,9284.0,70.0,0.0,0.0,0.0,4.0,0.0,0.0,8.0,0.0,2
60.0,3.0,0.5627298200315141,0.0,0.0,14.0,2.0,0.410116318286409,0.0,0.0,76.5,0.0,0.0,0.0,0.0,304.0,634.0,46.0,0.0,0.0,0.0,12.0,0.0,0.0,8.0,0.0,2
256.0,4.0,0.7201399527682927,0.0,0.0,94.0,4.0,0.9078148774848188,0.0,0.0,74.75,0.0,0.0,0.0,0.0,456.0,3468.0,52.0,0.0,0.0,0.0,14.0,0.0,0.0,6.0,0.0,2
58.0,2.0,0.149994923608415,0.0,0.0,22.0,2.0,0.6890092384746587,0.0,0.0,71.42857142857143,0.0,0.0,0.0,0.0,432.0,1766.0,96.0,0.0,0.0,0.0,10.0,0.0,0.0,6.0,0.0,2
320.0,4.0,0.657870016762755,0.0,0.0,16.0,3.0,0.9743147528663494,0.0,0.0,68.3529411764706,0.0,0.0,0.0,0.0,152.0,6750.0,12.0,0.0,0.0,0.0,4.0,0.0,0.0,2.0,0.0,2
56.0,3.0,0.973990932979554,0.0,0.0,14.0,2.0,0.6829081046984717,0.0,0.0,65.25,0.0,0.0,0.0,0.0,152.0,792.0,16.0,0.0,0.0,0.0,6.0,0.0,0.0,0.0,0.0,2
16.0,1.0,-1.000088900581841e-12,0.0,0.0,12.0,2.0,0.6365141682928128,0.0,0.0,63.333333333333336,0.0,0.0,0.0,0.0,76.0,0.0,24.0,0.0,0.0,0.0,2.0,0.0,0.0,0.0,0.0,2
12.0,1.0,-1.000088900581841e-12,0.0,0.0,0.0,0.0,0.0,0.0,0.0,61.0,0.0,0.0,0.0,0.0,0.0,0.0,0.0,0.0,0.0,0.0,0.0,0.0,0.0,0.0,0.0,2
36.0,3.0,0.5566469035791068,0.0,0.0,90.0,2.0,0.2999595524492935,0.0,0.0,60.55555555555556,44.0,0.0,0.0,0.0,228.0,98.0,16.0,0.0,0.0,2.0,6.0,0.0,0.0,12.0,0.0,2
12.0,1.0,-1.000088900581841e-12,0.0,0.0,0.0,0.0,0.0,0.0,0.0,59.0,0.0,0.0,0.0,0.0,0.0,0.0,0.0,0.0,0.0,0.0,2.0,0.0,0.0,0.0,0.0,2
230.0,4.0,0.7043161113111603,0.0,0.0,48.0,3.0,0.9582325450764876,0.0,76.0,57.71428571428572,0.0,0.0,0.0,0.0,152.0,3988.0,16.0,0.0,0.0,0.0,4.0,0.0,0.0,0.0,0.0,2
716.0,2.0,0.0484166396674798,0.0,0.0,4.0,2.0,0.6931471805579453,0.0,0.0,66.33333333333333,0.0,0.0,0.0,0.0,0.0,250.0,0.0,0.0,0.0,0.0,0.0,0.0,0.0,0.0,0.0,2
714.0,1.0,-1.000088900581841e-12,0.0,0.0,44.0,2.0,0.1849073991657757,0.0,0.0,84.06666666666666,0.0,0.0,0.0,0.0,76.0,0.0,0.0,0.0,0.0,0.0,0.0,0.0,0.0,0.0,0.0,2
12.0,1.0,-1.000088900581841e-12,0.0,0.0,2.0,1.0,-1.000088900581841e-12,0.0,0.0,94.66666666666669,0.0,0.0,0.0,0.0,0.0,0.0,0.0,0.0,0.0,0.0,0.0,0.0,0.0,0.0,0.0,2
0.0,0.0,0.0,0.0,0.0,2.0,1.0,-1.000088900581841e-12,0.0,0.0,98.6,0.0,0.0,0.0,0.0,0.0,0.0,0.0,0.0,0.0,0.0,0.0,0.0,0.0,0.0,0.0,2
240.0,1.0,-1.000088900581841e-12,0.0,0.0,58.0,3.0,0.8167383369241312,0.0,0.0,27.375,0.0,0.0,0.0,2.0,6.0,0.0,6.0,0.0,0.0,0.0,10.0,0.0,0.0,0.0,0.0,2
88.0,4.0,1.061194900392148,0.0,0.0,76.0,8.0,1.8862354666873773,0.0,0.0,22.0,0.0,0.0,0.0,0.0,18.0,40.0,6.0,0.0,0.0,0.0,0.0,0.0,0.0,0.0,0.0,2
44.0,2.0,0.6890092384746587,0.0,0.0,38.0,4.0,1.0102099474226796,0.0,0.0,20.0,0.0,0.0,0.0,0.0,4.0,62.0,2.0,0.0,0.0,0.0,0.0,0.0,0.0,0.0,0.0,2
186.0,4.0,1.0152688565655237,0.0,0.0,68.0,4.0,0.9647420441962672,0.0,0.0,15.363636363636363,0.0,0.0,0.0,0.0,2.0,894.0,2.0,0.0,0.0,0.0,0.0,0.0,0.0,0.0,0.0,2
106.0,2.0,0.4243420197179883,0.0,0.0,36.0,3.0,0.4258484492355814,0.0,4.0,11.2,0.0,0.0,0.0,0.0,4.0,318.0,2.0,0.0,0.0,0.0,0.0,0.0,0.0,0.0,0.0,2
658.0,3.0,0.5162353449046375,0.0,0.0,32.0,4.0,1.040839837419239,0.0,0.0,22.0,0.0,0.0,0.0,0.0,4.0,572.0,4.0,0.0,0.0,0.0,4.0,0.0,0.0,0.0,0.0,2
716.0,1.0,-1.000088900581841e-12,0.0,0.0,32.0,1.0,-1.000088900581841e-12,0.0,0.0,40.44827586206897,0.0,0.0,0.0,0.0,0.0,0.0,0.0,0.0,0.0,0.0,0.0,0.0,0.0,0.0,0.0,2
388.0,1.0,-1.000088900581841e-12,0.0,0.0,46.0,1.0,-1.000088900581841e-12,0.0,0.0,57.93333333333333,0.0,0.0,0.0,0.0,0.0,0.0,0.0,0.0,0.0,0.0,0.0,0.0,0.0,0.0,0.0,2
0.0,0.0,0.0,0.0,0.0,20.0,1.0,-1.000088900581841e-12,0.0,0.0,75.23333333333333,0.0,0.0,0.0,0.0,0.0,0.0,0.0,0.0,0.0,0.0,0.0,0.0,0.0,0.0,0.0,2
400.0,2.0,0.0778825094090963,0.0,0.0,58.0,4.0,0.6415758075483198,0.0,0.0,88.43333333333334,0.0,0.0,0.0,0.0,6.0,58.0,6.0,0.0,0.0,0.0,0.0,0.0,0.0,0.0,0.0,2
68.0,2.0,0.5779217946808969,0.0,0.0,8.0,3.0,1.039720770836918,0.0,0.0,92.0,0.0,0.0,0.0,0.0,6.0,74.0,6.0,0.0,0.0,0.0,0.0,0.0,0.0,0.0,0.0,2
12.0,1.0,-1.000088900581841e-12,0.0,0.0,2.0,1.0,-1.000088900581841e-12,0.0,0.0,92.0,0.0,0.0,0.0,0.0,0.0,0.0,0.0,0.0,0.0,0.0,0.0,0.0,0.0,0.0,0.0,2
2.0,1.0,-1.000088900581841e-12,0.0,0.0,2.0,1.0,-1.000088900581841e-12,0.0,0.0,92.0,0.0,0.0,0.0,0.0,0.0,0.0,0.0,0.0,0.0,0.0,2.0,0.0,0.0,0.0,0.0,2
0.0,0.0,0.0,0.0,0.0,4.0,1.0,-1.000088900581841e-12,0.0,0.0,92.0,0.0,0.0,0.0,0.0,0.0,0.0,0.0,0.0,0.0,0.0,0.0,0.0,0.0,0.0,0.0,2
0.0,0.0,0.0,0.0,0.0,2.0,1.0,-1.000088900581841e-12,0.0,0.0,92.0,0.0,0.0,0.0,0.0,0.0,0.0,0.0,0.0,0.0,0.0,0.0,0.0,0.0,0.0,0.0,2
0.0,0.0,0.0,0.0,0.0,2.0,1.0,-1.000088900581841e-12,0.0,0.0,92.0,0.0,0.0,0.0,0.0,0.0,0.0,0.0,0.0,0.0,0.0,0.0,0.0,0.0,0.0,0.0,2
0.0,0.0,0.0,0.0,0.0,0.0,0.0,0.0,0.0,0.0,92.0,0.0,0.0,0.0,0.0,0.0,0.0,0.0,0.0,0.0,0.0,0.0,0.0,0.0,0.0,0.0,2
0.0,0.0,0.0,0.0,0.0,4.0,1.0,-1.000088900581841e-12,0.0,0.0,92.0,0.0,0.0,0.0,0.0,0.0,0.0,0.0,0.0,0.0,0.0,0.0,0.0,0.0,0.0,0.0,2
0.0,0.0,0.0,0.0,0.0,2.0,1.0,-1.000088900581841e-12,0.0,0.0,92.0,0.0,0.0,0.0,0.0,0.0,0.0,0.0,0.0,0.0,0.0,0.0,0.0,0.0,0.0,0.0,2
0.0,0.0,0.0,0.0,0.0,2.0,1.0,-1.000088900581841e-12,0.0,0.0,92.0,0.0,0.0,0.0,0.0,0.0,0.0,0.0,0.0,0.0,0.0,0.0,0.0,0.0,0.0,0.0,2
0.0,0.0,0.0,0.0,0.0,4.0,1.0,-1.000088900581841e-12,0.0,0.0,92.0,0.0,0.0,0.0,0.0,0.0,0.0,0.0,0.0,0.0,0.0,0.0,0.0,0.0,0.0,0.0,2
0.0,0.0,0.0,0.0,0.0,2.0,1.0,-1.000088900581841e-12,0.0,0.0,92.0,0.0,0.0,0.0,0.0,0.0,0.0,0.0,0.0,0.0,0.0,0.0,0.0,0.0,0.0,0.0,2
0.0,0.0,0.0,0.0,0.0,0.0,0.0,0.0,0.0,0.0,92.0,0.0,0.0,0.0,0.0,0.0,0.0,0.0,0.0,0.0,0.0,2.0,0.0,0.0,0.0,0.0,2
0.0,0.0,0.0,0.0,0.0,2.0,1.0,-1.000088900581841e-12,0.0,0.0,92.0,0.0,0.0,0.0,0.0,0.0,0.0,0.0,0.0,0.0,0.0,0.0,0.0,0.0,0.0,0.0,2
0.0,0.0,0.0,0.0,0.0,4.0,1.0,-1.000088900581841e-12,0.0,0.0,91.5,0.0,0.0,0.0,0.0,0.0,0.0,0.0,0.0,0.0,0.0,2.0,0.0,0.0,0.0,0.0,2
0.0,0.0,0.0,0.0,0.0,2.0,1.0,-1.000088900581841e-12,0.0,0.0,91.0,0.0,0.0,0.0,0.0,0.0,0.0,0.0,0.0,0.0,0.0,0.0,0.0,0.0,0.0,0.0,2
18.0,1.0,-1.000088900581841e-12,0.0,0.0,60.0,5.0,1.345005880394477,0.0,0.0,90.14285714285714,0.0,0.0,0.0,0.0,24.0,0.0,8.0,0.0,0.0,0.0,8.0,0.0,0.0,0.0,0.0,2
382.0,4.0,1.270296845992557,0.0,0.0,176.0,6.0,1.0210960229828183,0.0,0.0,87.2,0.0,0.0,4.0,0.0,54.0,630.0,22.0,0.0,0.0,0.0,18.0,0.0,0.0,0.0,0.0,2
140.0,4.0,1.1911200793706636,0.0,0.0,36.0,4.0,1.2283103521568823,0.0,0.0,83.25,0.0,0.0,0.0,0.0,30.0,322.0,20.0,0.0,0.0,0.0,8.0,0.0,0.0,0.0,0.0,2
250.0,6.0,1.3399937749608906,0.0,0.0,114.0,7.0,1.7370395561954726,0.0,0.0,79.05882352941177,0.0,0.0,0.0,0.0,42.0,720.0,32.0,0.0,0.0,0.0,20.0,0.0,0.0,0.0,0.0,2
222.0,3.0,0.5116993127970828,0.0,0.0,180.0,5.0,0.9368083477909964,0.0,0.0,75.46666666666667,0.0,0.0,0.0,0.0,24.0,1248.0,16.0,0.0,0.0,2.0,22.0,0.0,0.0,2.0,0.0,2
208.0,2.0,0.0950301172536463,0.0,0.0,166.0,6.0,0.9439560814959952,0.0,0.0,70.92857142857143,0.0,0.0,0.0,0.0,48.0,832.0,20.0,0.0,0.0,2.0,34.0,0.0,0.0,14.0,0.0,2
68.0,3.0,0.8594494477813309,0.0,0.0,66.0,7.0,1.6687089026081592,0.0,0.0,68.1,0.0,0.0,0.0,0.0,48.0,126.0,28.0,0.0,0.0,0.0,0.0,0.0,0.0,0.0,0.0,2
246.0,4.0,0.6315465173186718,0.0,0.0,102.0,6.0,1.5978266793455358,0.0,0.0,65.0,0.0,0.0,0.0,0.0,40.0,2572.0,18.0,0.0,0.0,2.0,10.0,0.0,0.0,2.0,0.0,2
60.0,3.0,1.0739607536049796,0.0,0.0,40.0,4.0,1.205628232484719,0.0,0.0,61.0,0.0,0.0,0.0,0.0,32.0,114.0,24.0,0.0,0.0,0.0,14.0,0.0,0.0,8.0,0.0,2
74.0,3.0,0.9479851562823798,0.0,0.0,44.0,6.0,1.7293459653732288,0.0,0.0,59.55555555555556,0.0,0.0,0.0,0.0,24.0,246.0,20.0,0.0,0.0,0.0,2.0,0.0,0.0,0.0,0.0,2
84.0,3.0,0.930299833180392,0.0,0.0,70.0,6.0,1.4831342358061446,0.0,0.0,57.41666666666666,0.0,0.0,0.0,0.0,56.0,448.0,30.0,0.0,0.0,0.0,0.0,0.0,0.0,0.0,0.0,2
114.0,3.0,0.834680684617068,0.0,0.0,30.0,3.0,0.970115783983938,0.0,0.0,56.25,0.0,0.0,0.0,0.0,32.0,186.0,12.0,0.0,0.0,0.0,0.0,0.0,0.0,0.0,0.0,2
220.0,5.0,1.0630508925712148,0.0,0.0,78.0,7.0,1.7397284149330217,0.0,0.0,52.94117647058823,0.0,0.0,0.0,0.0,64.0,1254.0,44.0,0.0,0.0,0.0,2.0,0.0,0.0,8.0,0.0,2
500.0,3.0,0.5715003116148255,0.0,0.0,218.0,6.0,1.3476758601264545,0.0,0.0,46.79166666666666,0.0,0.0,0.0,0.0,64.0,3548.0,38.0,0.0,0.0,0.0,30.0,0.0,0.0,18.0,0.0,2
502.0,3.0,0.8447101060405375,0.0,0.0,200.0,7.0,1.5394047935956885,0.0,0.0,38.36,0.0,0.0,0.0,0.0,104.0,4480.0,48.0,0.0,0.0,0.0,28.0,0.0,0.0,14.0,0.0,2
342.0,3.0,0.6987191238821802,0.0,0.0,208.0,5.0,0.7429519282612823,0.0,0.0,30.944444444444443,0.0,0.0,0.0,0.0,48.0,2746.0,20.0,0.0,0.0,0.0,12.0,0.0,0.0,4.0,0.0,2
502.0,3.0,0.2938081911817852,0.0,0.0,448.0,6.0,0.5708763274375049,0.0,0.0,24.541666666666668,0.0,0.0,0.0,0.0,32.0,3356.0,14.0,0.0,0.0,0.0,0.0,0.0,0.0,0.0,0.0,2
438.0,5.0,0.8397967159221963,0.0,0.0,428.0,7.0,1.0733125675079247,0.0,8.0,16.636363636363637,0.0,0.0,0.0,0.0,32.0,2060.0,14.0,0.0,0.0,0.0,0.0,0.0,0.0,0.0,0.0,2
560.0,2.0,0.1169068491355311,0.0,0.0,264.0,5.0,0.5517561025445971,0.0,0.0,24.8,0.0,0.0,0.0,0.0,16.0,16.0,6.0,0.0,0.0,12.0,4.0,0.0,0.0,0.0,0.0,2
24.0,2.0,0.6791932659895258,0.0,0.0,78.0,5.0,1.220520920769475,0.0,0.0,29.375,0.0,0.0,0.0,0.0,40.0,6.0,16.0,0.0,0.0,26.0,6.0,0.0,0.0,4.0,0.0,2
44.0,1.0,-1.000088900581841e-12,0.0,0.0,84.0,6.0,1.3953288423301944,0.0,0.0,26.1,0.0,0.0,0.0,0.0,48.0,0.0,20.0,0.0,0.0,8.0,20.0,0.0,0.0,4.0,0.0,2
22.0,2.0,0.6890092384746587,0.0,0.0,34.0,3.0,0.7086880282155834,0.0,0.0,24.0,0.0,0.0,0.0,0.0,8.0,48.0,4.0,0.0,0.0,18.0,14.0,0.0,0.0,4.0,0.0,2
500.0,3.0,0.1740860123562267,0.0,0.0,26.0,6.0,1.697733591368392,0.0,0.0,21.041666666666668,0.0,0.0,0.0,0.0,16.0,264.0,8.0,0.0,0.0,0.0,2.0,0.0,0.0,2.0,0.0,2
600.0,3.0,0.4293218110666287,0.0,0.0,54.0,5.0,1.359493712246474,0.0,0.0,16.153846153846153,0.0,0.0,0.0,0.0,8.0,1112.0,4.0,0.0,0.0,0.0,6.0,0.0,0.0,2.0,0.0,2
140.0,5.0,1.15897348011294,0.0,0.0,46.0,3.0,1.0242960516348312,0.0,8.0,13.5,0.0,0.0,0.0,0.0,24.0,618.0,12.0,0.0,0.0,0.0,24.0,0.0,0.0,8.0,0.0,2
716.0,1.0,-1.000088900581841e-12,0.0,0.0,32.0,4.0,1.3208883431453222,0.0,0.0,26.8,0.0,0.0,0.0,0.0,32.0,0.0,6.0,0.0,0.0,0.0,10.0,0.0,0.0,0.0,0.0,2
714.0,1.0,-1.000088900581841e-12,0.0,0.0,40.0,4.0,1.313834033188747,0.0,0.0,45.8,0.0,0.0,0.0,0.0,48.0,0.0,16.0,0.0,0.0,0.0,12.0,0.0,0.0,0.0,0.0,2
550.0,4.0,0.5756684609005822,0.0,0.0,174.0,5.0,1.3791810709726953,0.0,0.0,60.61538461538461,0.0,0.0,0.0,0.0,56.0,992.0,30.0,0.0,0.0,0.0,12.0,0.0,0.0,0.0,0.0,2
68.0,2.0,0.362210557133449,0.0,0.0,12.0,3.0,1.0114042647043515,0.0,0.0,59.75,0.0,0.0,0.0,0.0,16.0,12.0,6.0,0.0,0.0,0.0,6.0,0.0,0.0,0.0,0.0,2
12.0,1.0,-1.000088900581841e-12,0.0,0.0,4.0,1.0,-1.000088900581841e-12,0.0,0.0,59.0,0.0,0.0,0.0,0.0,0.0,0.0,0.0,0.0,0.0,0.0,0.0,0.0,0.0,0.0,0.0,2
92.0,4.0,1.1695580072732568,0.0,0.0,14.0,2.0,0.6829081046984717,0.0,0.0,57.9,0.0,0.0,0.0,0.0,26.0,264.0,8.0,0.0,0.0,0.0,0.0,0.0,0.0,0.0,0.0,2
16.0,1.0,-1.000088900581841e-12,0.0,0.0,10.0,2.0,0.6730116670072565,0.0,0.0,56.66666666666666,0.0,0.0,0.0,0.0,30.0,0.0,4.0,0.0,0.0,0.0,0.0,0.0,0.0,0.0,0.0,1
12.0,1.0,-1.000088900581841e-12,0.0,0.0,2.0,1.0,-1.000088900581841e-12,0.0,0.0,56.0,0.0,0.0,0.0,0.0,0.0,0.0,0.0,0.0,0.0,0.0,0.0,0.0,0.0,0.0,0.0,1
6.0,1.0,-1.000088900581841e-12,0.0,0.0,4.0,1.0,-1.000088900581841e-12,0.0,0.0,55.16666666666666,6.0,0.0,0.0,0.0,0.0,0.0,0.0,0.0,0.0,0.0,0.0,0.0,0.0,0.0,0.0,1
0.0,0.0,0.0,0.0,0.0,0.0,0.0,0.0,0.0,0.0,54.833333333333336,0.0,0.0,0.0,0.0,0.0,0.0,0.0,0.0,0.0,0.0,0.0,0.0,0.0,0.0,0.0,1
0.0,0.0,0.0,0.0,0.0,2.0,1.0,-1.000088900581841e-12,0.0,0.0,53.5,8.0,0.0,0.0,0.0,0.0,0.0,0.0,0.0,0.0,0.0,2.0,0.0,0.0,0.0,0.0,1
0.0,0.0,0.0,0.0,0.0,0.0,0.0,0.0,0.0,0.0,52.833333333333336,0.0,0.0,0.0,0.0,0.0,0.0,0.0,0.0,0.0,0.0,0.0,0.0,0.0,0.0,0.0,1
0.0,0.0,0.0,0.0,0.0,0.0,0.0,0.0,0.0,0.0,52.0,0.0,0.0,0.0,0.0,0.0,0.0,0.0,0.0,0.0,0.0,0.0,0.0,0.0,0.0,0.0,1
0.0,0.0,0.0,0.0,0.0,0.0,0.0,0.0,0.0,0.0,52.0,0.0,0.0,0.0,0.0,0.0,0.0,0.0,0.0,0.0,0.0,0.0,0.0,0.0,0.0,0.0,1
0.0,0.0,0.0,0.0,0.0,10.0,1.0,-1.000088900581841e-12,0.0,0.0,51.5,6.0,0.0,0.0,0.0,0.0,0.0,0.0,0.0,0.0,0.0,2.0,0.0,0.0,0.0,0.0,1
0.0,0.0,0.0,0.0,0.0,0.0,0.0,0.0,0.0,0.0,51.0,0.0,0.0,0.0,0.0,0.0,0.0,0.0,0.0,0.0,0.0,0.0,0.0,0.0,0.0,0.0,1
0.0,0.0,0.0,0.0,0.0,0.0,0.0,0.0,0.0,0.0,50.833333333333336,0.0,0.0,0.0,0.0,0.0,0.0,0.0,0.0,0.0,0.0,0.0,0.0,0.0,0.0,0.0,1
0.0,0.0,0.0,0.0,0.0,0.0,0.0,0.0,0.0,0.0,48.5,0.0,0.0,0.0,0.0,0.0,0.0,0.0,0.0,0.0,0.0,0.0,0.0,0.0,0.0,0.0,1
0.0,0.0,0.0,0.0,0.0,0.0,0.0,0.0,0.0,0.0,48.0,0.0,0.0,0.0,0.0,0.0,0.0,0.0,0.0,0.0,0.0,0.0,0.0,0.0,0.0,0.0,1
0.0,0.0,0.0,0.0,0.0,0.0,0.0,0.0,0.0,0.0,47.0,0.0,0.0,0.0,0.0,0.0,0.0,0.0,0.0,0.0,0.0,0.0,0.0,0.0,0.0,0.0,1
0.0,0.0,0.0,0.0,0.0,0.0,0.0,0.0,0.0,0.0,47.0,0.0,0.0,0.0,0.0,0.0,0.0,0.0,0.0,0.0,0.0,0.0,0.0,0.0,0.0,0.0,1
0.0,0.0,0.0,0.0,0.0,0.0,0.0,0.0,0.0,0.0,47.0,0.0,0.0,0.0,0.0,0.0,0.0,0.0,0.0,0.0,0.0,0.0,0.0,0.0,0.0,0.0,1
0.0,0.0,0.0,0.0,0.0,26.0,3.0,0.8587409130032868,0.0,0.0,46.5,0.0,0.0,0.0,0.0,10.0,0.0,0.0,0.0,0.0,0.0,2.0,0.0,0.0,0.0,0.0,1
0.0,0.0,0.0,0.0,0.0,8.0,2.0,0.5623351446168083,0.0,0.0,46.0,0.0,0.0,0.0,0.0,10.0,0.0,0.0,0.0,0.0,0.0,0.0,0.0,0.0,0.0,0.0,2
102.0,4.0,0.8500419678796505,0.0,0.0,72.0,5.0,1.1495570598915408,0.0,0.0,43.6,0.0,0.0,0.0,0.0,10.0,770.0,4.0,0.0,0.0,0.0,0.0,0.0,0.0,0.0,0.0,2
120.0,4.0,1.1745620496575748,0.0,0.0,190.0,6.0,0.9551251645226732,0.0,0.0,42.1,0.0,0.0,0.0,0.0,50.0,566.0,12.0,0.0,0.0,4.0,16.0,0.0,0.0,10.0,0.0,1
64.0,2.0,0.6754645824489034,0.0,0.0,38.0,4.0,1.2112144216210416,0.0,0.0,39.5,0.0,0.0,0.0,0.0,40.0,36.0,20.0,0.0,0.0,0.0,8.0,0.0,0.0,6.0,0.0,2
302.0,3.0,0.9234160094947732,0.0,0.0,128.0,5.0,1.3511407749275586,0.0,0.0,36.94444444444444,0.0,0.0,0.0,0.0,100.0,402.0,30.0,0.0,0.0,0.0,0.0,0.0,0.0,0.0,0.0,2
116.0,6.0,1.348092483717752,0.0,0.0,28.0,4.0,1.33373602719881,0.0,0.0,34.142857142857146,0.0,0.0,0.0,0.0,20.0,228.0,12.0,0.0,0.0,0.0,0.0,0.0,0.0,0.0,0.0,2
50.0,4.0,1.221121739271392,0.0,0.0,50.0,4.0,1.1242162362353303,0.0,0.0,35.666666666666664,0.0,0.0,0.0,0.0,44.0,478.0,28.0,0.0,0.0,0.0,0.0,0.0,0.0,0.0,0.0,2
126.0,3.0,0.7737992893399763,0.0,8.0,136.0,4.0,0.5563009166670716,0.0,0.0,33.583333333333336,0.0,0.0,0.0,0.0,110.0,470.0,20.0,0.0,0.0,0.0,0.0,0.0,0.0,0.0,0.0,2
324.0,3.0,0.1531780087839277,0.0,4.0,140.0,5.0,1.038063611033868,0.0,0.0,30.41176470588235,0.0,0.0,0.0,0.0,28.0,4380.0,18.0,0.0,0.0,0.0,0.0,0.0,0.0,0.0,0.0,2
30.0,1.0,-1.000088900581841e-12,0.0,0.0,36.0,3.0,0.936888307536016,0.0,0.0,27.0,0.0,0.0,0.0,0.0,56.0,4.0,18.0,0.0,0.0,0.0,4.0,0.0,0.0,4.0,0.0,2
18.0,1.0,-1.000088900581841e-12,0.0,0.0,32.0,2.0,0.2337916587044593,0.0,0.0,26.666666666666668,0.0,0.0,0.0,0.0,14.0,0.0,0.0,0.0,0.0,0.0,2.0,0.0,0.0,2.0,0.0,2
16.0,3.0,1.039720770836918,0.0,0.0,30.0,3.0,0.8033149761378755,0.0,0.0,24.33333333333333,0.0,0.0,0.0,0.0,28.0,368.0,10.0,0.0,0.0,0.0,0.0,0.0,0.0,0.0,0.0,2
32.0,2.0,0.6931471805579453,0.0,0.0,162.0,4.0,0.5140556379666283,0.0,0.0,22.0,0.0,0.0,0.0,0.0,42.0,378.0,22.0,0.0,0.0,0.0,0.0,0.0,0.0,6.0,0.0,2
150.0,3.0,1.0414406360801922,0.0,0.0,108.0,4.0,0.7746485225706535,0.0,0.0,16.571428571428573,0.0,0.0,0.0,0.0,68.0,1734.0,20.0,0.0,0.0,6.0,6.0,0.0,0.0,6.0,0.0,2
718.0,2.0,0.0733549878970681,0.0,0.0,78.0,4.0,0.769825755503212,0.0,0.0,38.53333333333333,0.0,0.0,0.0,0.0,190.0,12.0,8.0,0.0,0.0,0.0,0.0,0.0,0.0,0.0,0.0,2
152.0,1.0,-1.000088900581841e-12,0.0,0.0,248.0,3.0,0.3615394778914648,0.0,0.0,48.90909090909091,0.0,0.0,0.0,0.0,144.0,926.0,30.0,0.0,0.0,0.0,0.0,0.0,0.0,0.0,0.0,2
30.0,2.0,0.3926744672255522,0.0,0.0,84.0,3.0,0.5189139285780395,0.0,0.0,44.66666666666666,0.0,0.0,0.0,0.0,64.0,1086.0,14.0,0.0,0.0,0.0,2.0,0.0,0.0,2.0,0.0,2
46.0,2.0,0.4620369094644571,0.0,0.0,418.0,3.0,0.3072175774563219,0.0,0.0,40.63636363636363,0.0,0.0,0.0,0.0,96.0,918.0,22.0,0.0,0.0,0.0,2.0,0.0,0.0,2.0,0.0,2
54.0,3.0,0.964962923004428,0.0,0.0,56.0,4.0,0.9921068275646908,0.0,0.0,37.0,0.0,0.0,0.0,0.0,32.0,602.0,12.0,0.0,0.0,0.0,0.0,0.0,0.0,0.0,0.0,2
46.0,2.0,0.6145033203087282,0.0,0.0,308.0,2.0,0.3606684718776419,0.0,0.0,34.55555555555556,0.0,0.0,0.0,0.0,96.0,210.0,38.0,0.0,0.0,0.0,2.0,0.0,0.0,0.0,0.0,2
16.0,3.0,0.9743147528663494,0.0,0.0,70.0,3.0,0.9869834614362004,0.0,0.0,31.142857142857142,0.0,0.0,0.0,0.0,16.0,144.0,20.0,0.0,0.0,0.0,0.0,0.0,0.0,0.0,0.0,2
36.0,3.0,0.936888307536016,0.0,0.0,140.0,5.0,1.3173104609157629,0.0,0.0,28.857142857142858,0.0,0.0,0.0,0.0,32.0,630.0,28.0,0.0,0.0,0.0,0.0,0.0,0.0,0.0,0.0,2
18.0,2.0,0.6365141682928128,0.0,0.0,10.0,3.0,0.9502705392302344,0.0,0.0,23.5,0.0,0.0,0.0,0.0,16.0,626.0,6.0,0.0,0.0,0.0,0.0,0.0,0.0,0.0,0.0,2
104.0,5.0,1.1837311578834795,0.0,0.0,36.0,3.0,0.936888307536016,0.0,0.0,16.166666666666668,0.0,0.0,0.0,0.0,32.0,1080.0,16.0,0.0,0.0,0.0,0.0,0.0,0.0,0.0,0.0,2
82.0,3.0,0.710630454936388,0.0,0.0,14.0,2.0,0.410116318286409,0.0,14.0,13.625,0.0,0.0,0.0,0.0,90.0,760.0,28.0,0.0,0.0,0.0,2.0,0.0,0.0,0.0,0.0,2
714.0,1.0,-1.000088900581841e-12,0.0,0.0,64.0,1.0,-1.000088900581841e-12,0.0,0.0,27.466666666666665,0.0,0.0,0.0,0.0,0.0,0.0,0.0,0.0,0.0,0.0,0.0,0.0,0.0,0.0,0.0,2
630.0,1.0,-1.000088900581841e-12,0.0,0.0,206.0,2.0,0.0957632934500911,0.0,0.0,47.5,0.0,0.0,0.0,0.0,18.0,0.0,0.0,0.0,0.0,0.0,0.0,0.0,0.0,0.0,0.0,2
0.0,0.0,0.0,0.0,0.0,4.0,1.0,-1.000088900581841e-12,0.0,0.0,69.06666666666666,0.0,0.0,0.0,0.0,0.0,0.0,0.0,0.0,0.0,0.0,0.0,0.0,0.0,0.0,0.0,2
0.0,0.0,0.0,0.0,0.0,2.0,1.0,-1.000088900581841e-12,0.0,0.0,88.33333333333333,0.0,0.0,0.0,0.0,0.0,0.0,0.0,0.0,0.0,0.0,0.0,0.0,0.0,0.0,0.0,2
0.0,0.0,0.0,0.0,0.0,2.0,1.0,-1.000088900581841e-12,0.0,0.0,97.13333333333334,0.0,0.0,0.0,0.0,0.0,0.0,0.0,0.0,0.0,0.0,0.0,0.0,0.0,0.0,0.0,2
0.0,0.0,0.0,0.0,0.0,2.0,1.0,-1.000088900581841e-12,0.0,0.0,100.0,0.0,0.0,0.0,0.0,0.0,0.0,0.0,0.0,0.0,0.0,0.0,0.0,0.0,0.0,0.0,2
0.0,0.0,0.0,0.0,0.0,2.0,1.0,-1.000088900581841e-12,0.0,0.0,100.0,0.0,0.0,0.0,0.0,0.0,0.0,0.0,0.0,0.0,0.0,0.0,0.0,0.0,0.0,0.0,2
0.0,0.0,0.0,0.0,0.0,0.0,0.0,0.0,0.0,0.0,100.0,0.0,0.0,0.0,0.0,0.0,0.0,0.0,0.0,0.0,0.0,0.0,0.0,0.0,0.0,0.0,2
0.0,0.0,0.0,0.0,0.0,6.0,2.0,0.6365141682928128,0.0,0.0,100.0,0.0,0.0,0.0,0.0,18.0,0.0,0.0,0.0,0.0,0.0,0.0,0.0,0.0,0.0,0.0,2
0.0,0.0,0.0,0.0,0.0,4.0,1.0,-1.000088900581841e-12,0.0,0.0,100.0,0.0,0.0,0.0,0.0,0.0,0.0,0.0,0.0,0.0,0.0,0.0,0.0,0.0,0.0,0.0,2
0.0,0.0,0.0,0.0,0.0,2.0,1.0,-1.000088900581841e-12,0.0,0.0,100.0,0.0,0.0,0.0,0.0,0.0,0.0,0.0,0.0,0.0,0.0,0.0,0.0,0.0,0.0,0.0,2
0.0,0.0,0.0,0.0,0.0,2.0,1.0,-1.000088900581841e-12,0.0,0.0,100.0,0.0,0.0,0.0,0.0,0.0,0.0,0.0,0.0,0.0,0.0,0.0,0.0,0.0,0.0,0.0,2
0.0,0.0,0.0,0.0,0.0,2.0,1.0,-1.000088900581841e-12,0.0,0.0,100.0,0.0,0.0,0.0,0.0,18.0,0.0,0.0,0.0,0.0,0.0,0.0,0.0,0.0,0.0,0.0,2
0.0,0.0,0.0,0.0,0.0,4.0,1.0,-1.000088900581841e-12,0.0,0.0,100.0,0.0,0.0,0.0,0.0,0.0,0.0,0.0,0.0,0.0,0.0,2.0,0.0,0.0,0.0,0.0,2
0.0,0.0,0.0,0.0,0.0,10.0,2.0,0.5004024235361879,0.0,0.0,100.0,0.0,0.0,0.0,0.0,18.0,0.0,0.0,0.0,0.0,0.0,0.0,0.0,0.0,0.0,0.0,2
0.0,0.0,0.0,0.0,0.0,6.0,2.0,0.6365141682928128,0.0,0.0,100.0,0.0,0.0,0.0,0.0,0.0,0.0,0.0,0.0,0.0,0.0,2.0,0.0,0.0,0.0,0.0,2
0.0,0.0,0.0,0.0,0.0,12.0,3.0,1.0114042647043515,0.0,0.0,100.0,0.0,0.0,0.0,0.0,18.0,0.0,0.0,0.0,0.0,0.0,2.0,0.0,0.0,0.0,0.0,2
0.0,0.0,0.0,0.0,0.0,6.0,2.0,0.6365141682928128,0.0,0.0,100.0,0.0,0.0,0.0,0.0,0.0,0.0,0.0,0.0,0.0,0.0,0.0,0.0,0.0,0.0,0.0,2
162.0,2.0,0.4603601656110764,0.0,0.0,12.0,3.0,1.0986122886651095,0.0,0.0,99.8181818181818,0.0,0.0,0.0,0.0,18.0,1600.0,14.0,0.0,0.0,0.0,2.0,0.0,0.0,0.0,0.0,2
228.0,4.0,0.8317059055379219,0.0,0.0,30.0,4.0,1.2654130965101724,0.0,0.0,97.75,0.0,0.0,0.0,0.0,104.0,2554.0,30.0,0.0,0.0,0.0,6.0,0.0,0.0,0.0,0.0,2
530.0,4.0,0.6647465524375739,0.0,0.0,66.0,4.0,0.9420024634706364,0.0,0.0,93.88,0.0,0.0,0.0,0.0,78.0,2016.0,32.0,0.0,0.0,0.0,6.0,0.0,0.0,0.0,0.0,2
356.0,6.0,1.5311898114449267,0.0,0.0,72.0,4.0,0.8548062849474809,0.0,0.0,88.4,0.0,0.0,0.0,0.0,104.0,3282.0,36.0,0.0,0.0,0.0,8.0,0.0,0.0,0.0,0.0,2
612.0,5.0,1.25727064713279,0.0,0.0,132.0,3.0,0.591625804393816,0.0,0.0,84.17857142857143,0.0,0.0,0.0,0.0,182.0,4052.0,68.0,0.0,0.0,0.0,0.0,0.0,0.0,0.0,0.0,2
718.0,2.0,0.127205531164308,0.0,0.0,20.0,4.0,1.0888999753412234,0.0,0.0,79.1,0.0,0.0,0.0,0.0,0.0,644.0,0.0,0.0,0.0,0.0,0.0,0.0,0.0,0.0,0.0,2
140.0,2.0,0.5846745581458879,0.0,0.0,32.0,5.0,1.424442778498618,0.0,0.0,75.9090909090909,0.0,0.0,0.0,0.0,26.0,746.0,4.0,0.0,0.0,0.0,2.0,0.0,0.0,0.0,0.0,2
248.0,3.0,0.4950953302118692,0.0,0.0,90.0,2.0,0.4322259317018786,0.0,0.0,73.47058823529412,0.0,0.0,0.0,0.0,234.0,3740.0,18.0,0.0,0.0,0.0,26.0,0.0,0.0,0.0,0.0,2
148.0,4.0,1.2064121510258212,0.0,0.0,34.0,3.0,0.8463658296232874,0.0,0.0,71.07692307692308,0.0,0.0,0.0,0.0,130.0,974.0,28.0,0.0,0.0,0.0,8.0,0.0,0.0,0.0,0.0,2
70.0,2.0,0.5982695885832573,0.0,0.0,42.0,5.0,1.3040940345018246,0.0,0.0,69.22222222222223,0.0,0.0,0.0,0.0,156.0,100.0,44.0,0.0,0.0,0.0,12.0,0.0,0.0,0.0,0.0,2
166.0,3.0,0.5637133839935091,0.0,0.0,70.0,5.0,1.3232134347530655,0.0,0.0,67.0,0.0,0.0,0.0,0.0,130.0,2502.0,70.0,0.0,0.0,0.0,10.0,0.0,0.0,2.0,0.0,2
566.0,7.0,0.8815438330254202,0.0,0.0,98.0,5.0,1.3326545578375293,0.0,0.0,62.28,0.0,18.0,0.0,20.0,130.0,3628.0,16.0,0.0,0.0,0.0,44.0,0.0,0.0,12.0,0.0,2
46.0,3.0,1.005692986129508,0.0,0.0,38.0,6.0,1.5581446180405505,0.0,0.0,58.55555555555556,0.0,0.0,0.0,0.0,182.0,38.0,16.0,0.0,0.0,0.0,2.0,0.0,0.0,0.0,0.0,1
88.0,6.0,1.532628968869456,0.0,0.0,50.0,5.0,1.4768882351756016,0.0,0.0,57.3,0.0,0.0,0.0,0.0,156.0,208.0,28.0,0.0,0.0,0.0,0.0,0.0,0.0,0.0,0.0,2
152.0,2.0,0.4134699120738247,0.0,0.0,68.0,5.0,1.1645979681087577,0.0,0.0,55.16666666666666,0.0,0.0,0.0,0.0,78.0,3098.0,26.0,0.0,0.0,0.0,0.0,0.0,0.0,0.0,0.0,1
164.0,4.0,1.2474622243957765,0.0,0.0,28.0,4.0,1.0285137640208477,0.0,0.0,52.75,0.0,0.0,0.0,0.0,130.0,824.0,38.0,0.0,0.0,0.0,0.0,0.0,0.0,0.0,0.0,3
44.0,2.0,0.3983071138032841,0.0,0.0,20.0,4.0,1.2206072645490174,0.0,0.0,51.5,0.0,0.0,0.0,0.0,104.0,100.0,22.0,0.0,0.0,0.0,0.0,0.0,0.0,0.0,0.0,1
414.0,4.0,0.1392759739508225,0.0,0.0,30.0,3.0,0.8918673953142511,0.0,0.0,47.9,0.0,0.0,0.0,0.0,26.0,6550.0,24.0,0.0,0.0,0.0,26.0,0.0,0.0,2.0,0.0,2
102.0,2.0,0.6492483548688981,0.0,0.0,26.0,6.0,1.6260206924147544,0.0,0.0,44.5,0.0,0.0,0.0,0.0,130.0,1164.0,12.0,0.0,0.0,0.0,2.0,0.0,0.0,0.0,0.0,2
44.0,2.0,0.625491359723573,0.0,0.0,50.0,7.0,1.561576511654014,0.0,0.0,43.57142857142857,0.0,0.0,0.0,0.0,130.0,0.0,14.0,0.0,0.0,0.0,0.0,0.0,0.0,0.0,0.0,2
162.0,4.0,1.2797395785179333,0.0,0.0,70.0,6.0,1.5491232820122425,0.0,0.0,42.07692307692308,0.0,0.0,0.0,0.0,260.0,1380.0,68.0,0.0,0.0,0.0,0.0,0.0,0.0,2.0,0.0,2
254.0,6.0,1.5529667702912433,0.0,36.0,42.0,5.0,1.410352868460972,0.0,0.0,38.8125,0.0,0.0,16.0,0.0,130.0,3086.0,46.0,0.0,0.0,0.0,8.0,0.0,0.0,6.0,0.0,2
210.0,3.0,0.84986893814685,0.0,0.0,48.0,4.0,1.0751393240013734,0.0,0.0,34.4,0.0,0.0,0.0,0.0,224.0,3762.0,52.0,0.0,0.0,0.0,0.0,0.0,0.0,0.0,0.0,2
136.0,4.0,0.6444823624936342,0.0,0.0,30.0,4.0,1.1369165918290007,0.0,0.0,30.307692307692307,0.0,0.0,0.0,0.0,112.0,2316.0,48.0,0.0,0.0,0.0,0.0,0.0,0.0,0.0,0.0,2
120.0,2.0,0.3250829733894482,0.0,0.0,56.0,3.0,0.8304717124332917,0.0,0.0,26.63636363636364,0.0,0.0,0.0,0.0,252.0,2460.0,68.0,0.0,0.0,2.0,20.0,0.0,0.0,10.0,0.0,2
12.0,1.0,-1.000088900581841e-12,0.0,0.0,14.0,2.0,0.410116318286409,0.0,0.0,22.83333333333333,0.0,0.0,0.0,0.0,56.0,0.0,0.0,0.0,0.0,0.0,34.0,0.0,0.0,2.0,0.0,2
44.0,2.0,0.6765259604914999,0.0,0.0,24.0,4.0,1.2860573368703792,0.0,0.0,21.3,0.0,0.0,0.0,0.0,112.0,48.0,38.0,0.0,0.0,0.0,2.0,0.0,0.0,0.0,0.0,2
50.0,2.0,0.6859298002503729,0.0,0.0,30.0,3.0,0.7647544195644197,0.0,0.0,19.571428571428573,0.0,0.0,0.0,0.0,84.0,250.0,14.0,0.0,0.0,0.0,0.0,0.0,0.0,0.0,0.0,2
30.0,2.0,0.2449300267926353,0.0,0.0,14.0,4.0,1.351783994285646,0.0,0.0,18.5,0.0,0.0,0.0,0.0,56.0,14.0,12.0,0.0,0.0,0.0,0.0,0.0,0.0,0.0,0.0,1
12.0,1.0,-1.000088900581841e-12,0.0,0.0,0.0,0.0,0.0,0.0,0.0,18.0,0.0,0.0,0.0,0.0,0.0,0.0,0.0,0.0,0.0,0.0,0.0,0.0,0.0,0.0,0.0,1
458.0,2.0,0.3964710192004601,0.0,0.0,30.0,4.0,1.3095258353000694,0.0,56.0,17.82608695652174,0.0,0.0,0.0,0.0,196.0,962.0,34.0,0.0,0.0,0.0,0.0,0.0,0.0,0.0,0.0,1
708.0,2.0,0.0348775115169437,0.0,0.0,130.0,4.0,0.7534023626105899,0.0,0.0,31.55172413793104,0.0,0.0,0.0,0.0,168.0,48.0,16.0,0.0,0.0,0.0,0.0,0.0,0.0,0.0,0.0,1
716.0,1.0,-1.000088900581841e-12,0.0,0.0,4.0,2.0,0.6931471805579453,0.0,0.0,48.43333333333333,0.0,0.0,0.0,0.0,28.0,0.0,0.0,0.0,0.0,0.0,0.0,0.0,0.0,0.0,0.0,1
180.0,5.0,1.0547544230889028,0.0,0.0,18.0,4.0,1.2148896539451204,0.0,0.0,60.07692307692308,0.0,0.0,0.0,0.0,140.0,1504.0,24.0,0.0,0.0,0.0,0.0,0.0,0.0,0.0,0.0,1
12.0,1.0,-1.000088900581841e-12,0.0,0.0,4.0,1.0,-1.000088900581841e-12,0.0,0.0,61.0,0.0,0.0,0.0,0.0,0.0,0.0,0.0,0.0,0.0,0.0,0.0,0.0,0.0,0.0,0.0,1
8.0,1.0,-1.000088900581841e-12,0.0,0.0,0.0,0.0,0.0,0.0,0.0,61.0,16.0,0.0,0.0,0.0,0.0,0.0,0.0,0.0,0.0,0.0,0.0,0.0,0.0,0.0,0.0,1
0.0,0.0,0.0,0.0,0.0,0.0,0.0,0.0,0.0,0.0,61.0,0.0,0.0,0.0,0.0,0.0,0.0,0.0,0.0,0.0,0.0,0.0,0.0,0.0,0.0,0.0,1
0.0,0.0,0.0,0.0,0.0,4.0,1.0,-1.000088900581841e-12,0.0,0.0,60.16666666666666,16.0,0.0,0.0,0.0,0.0,0.0,0.0,0.0,0.0,0.0,2.0,0.0,0.0,0.0,0.0,1
0.0,0.0,0.0,0.0,0.0,0.0,0.0,0.0,0.0,0.0,60.0,0.0,0.0,0.0,0.0,0.0,0.0,0.0,0.0,0.0,0.0,0.0,0.0,0.0,0.0,0.0,1
0.0,0.0,0.0,0.0,0.0,0.0,0.0,0.0,0.0,0.0,59.5,0.0,0.0,0.0,0.0,0.0,0.0,0.0,0.0,0.0,0.0,0.0,0.0,0.0,0.0,0.0,1
0.0,0.0,0.0,0.0,0.0,0.0,0.0,0.0,0.0,0.0,59.0,0.0,0.0,0.0,0.0,0.0,0.0,0.0,0.0,0.0,0.0,0.0,0.0,0.0,0.0,0.0,1
0.0,0.0,0.0,0.0,0.0,8.0,1.0,-1.000088900581841e-12,0.0,0.0,58.5,12.0,0.0,0.0,0.0,0.0,0.0,0.0,0.0,0.0,0.0,2.0,0.0,0.0,0.0,0.0,1
0.0,0.0,0.0,0.0,0.0,0.0,0.0,0.0,0.0,0.0,58.0,0.0,0.0,0.0,0.0,0.0,0.0,0.0,0.0,0.0,0.0,0.0,0.0,0.0,0.0,0.0,1
0.0,0.0,0.0,0.0,0.0,0.0,0.0,0.0,0.0,0.0,58.0,0.0,0.0,0.0,0.0,0.0,0.0,0.0,0.0,0.0,0.0,0.0,0.0,0.0,0.0,0.0,1
0.0,0.0,0.0,0.0,0.0,0.0,0.0,0.0,0.0,0.0,57.66666666666666,0.0,0.0,0.0,0.0,0.0,0.0,0.0,0.0,0.0,0.0,0.0,0.0,0.0,0.0,0.0,1
0.0,0.0,0.0,0.0,0.0,0.0,0.0,0.0,0.0,0.0,57.0,0.0,0.0,0.0,0.0,0.0,0.0,0.0,0.0,0.0,0.0,0.0,0.0,0.0,0.0,0.0,1
0.0,0.0,0.0,0.0,0.0,32.0,4.0,1.2511559833596315,0.0,0.0,56.5,0.0,0.0,0.0,0.0,56.0,0.0,0.0,0.0,0.0,0.0,2.0,0.0,0.0,0.0,0.0,1
0.0,0.0,0.0,0.0,0.0,10.0,2.0,0.5004024235361879,0.0,0.0,56.0,0.0,0.0,0.0,0.0,28.0,0.0,0.0,0.0,0.0,0.0,0.0,0.0,0.0,0.0,0.0,1
0.0,0.0,0.0,0.0,0.0,8.0,3.0,1.039720770836918,0.0,0.0,55.85714285714285,0.0,0.0,0.0,0.0,28.0,0.0,0.0,0.0,0.0,0.0,0.0,0.0,0.0,0.0,0.0,1
286.0,4.0,0.9711552338151814,0.0,0.0,158.0,6.0,0.9268740117118178,0.0,0.0,53.16666666666666,0.0,0.0,0.0,0.0,112.0,2996.0,6.0,0.0,0.0,0.0,0.0,0.0,0.0,0.0,0.0,1
114.0,3.0,1.0284569095350546,0.0,0.0,46.0,5.0,1.3655864093629215,0.0,0.0,50.41666666666666,0.0,0.0,0.0,0.0,140.0,492.0,28.0,0.0,0.0,0.0,0.0,0.0,0.0,0.0,0.0,2
408.0,2.0,0.0309591421486731,0.0,0.0,266.0,6.0,0.6785454061813703,0.0,0.0,47.60869565217392,0.0,0.0,0.0,0.0,224.0,2996.0,56.0,0.0,0.0,0.0,0.0,0.0,0.0,0.0,0.0,2
114.0,4.0,1.3372417675350494,0.0,0.0,132.0,6.0,1.0781723004558108,0.0,0.0,44.7,0.0,0.0,0.0,0.0,224.0,972.0,78.0,0.0,0.0,0.0,0.0,0.0,0.0,0.0,0.0,2
266.0,3.0,0.4285182293767136,0.0,0.0,140.0,5.0,0.9891203216955812,0.0,0.0,42.05882352941177,0.0,0.0,0.0,0.0,168.0,2628.0,30.0,0.0,0.0,0.0,2.0,0.0,0.0,2.0,0.0,2
196.0,3.0,0.3367440423624833,0.0,0.0,52.0,6.0,1.5857708352020967,0.0,0.0,37.21428571428572,0.0,0.0,0.0,0.0,196.0,1204.0,20.0,0.0,0.0,0.0,26.0,0.0,0.0,10.0,0.0,2
134.0,3.0,0.9776511161638716,0.0,0.0,52.0,4.0,1.2711814802565795,0.0,0.0,34.23076923076923,0.0,0.0,0.0,0.0,140.0,488.0,22.0,0.0,0.0,0.0,0.0,0.0,0.0,0.0,0.0,2
120.0,3.0,1.0952733774342052,0.0,0.0,66.0,5.0,1.3614306560274714,0.0,0.0,32.23076923076923,0.0,0.0,0.0,0.0,252.0,1080.0,78.0,0.0,0.0,0.0,0.0,0.0,0.0,0.0,0.0,2
62.0,1.0,-1.000088900581841e-12,0.0,0.0,44.0,4.0,1.13844153838234,0.0,0.0,30.55555555555556,0.0,0.0,0.0,0.0,168.0,212.0,68.0,0.0,0.0,0.0,0.0,0.0,0.0,0.0,0.0,2
36.0,2.0,0.5297061990556545,0.0,0.0,22.0,4.0,1.1685184057390878,0.0,0.0,29.375,0.0,0.0,0.0,0.0,84.0,0.0,10.0,0.0,0.0,0.0,0.0,0.0,0.0,0.0,0.0,2
98.0,4.0,1.1914352660530143,0.0,0.0,30.0,4.0,1.251989420809713,0.0,0.0,27.5,0.0,0.0,0.0,0.0,140.0,754.0,22.0,0.0,0.0,0.0,0.0,0.0,0.0,0.0,0.0,2
230.0,1.0,-1.000088900581841e-12,0.0,0.0,38.0,5.0,1.4122188958184034,0.0,0.0,22.928571428571427,0.0,0.0,0.0,0.0,56.0,5122.0,4.0,0.0,0.0,0.0,0.0,0.0,0.0,0.0,0.0,2
20.0,1.0,-1.000088900581841e-12,0.0,0.0,10.0,3.0,1.054920167983144,0.0,0.0,22.0,0.0,0.0,0.0,0.0,28.0,0.0,0.0,0.0,0.0,0.0,0.0,0.0,0.0,0.0,0.0,2
0.0,0.0,0.0,0.0,0.0,12.0,3.0,0.8675632284784613,0.0,0.0,21.166666666666668,0.0,0.0,0.0,0.0,28.0,0.0,0.0,0.0,0.0,0.0,0.0,0.0,0.0,0.0,0.0,2
0.0,0.0,0.0,0.0,0.0,268.0,4.0,0.165259405018959,0.0,0.0,20.545454545454547,0.0,0.0,0.0,0.0,140.0,0.0,0.0,0.0,0.0,0.0,0.0,0.0,0.0,0.0,0.0,2
0.0,0.0,0.0,0.0,0.0,150.0,4.0,0.3666583548580361,0.0,0.0,19.5,0.0,0.0,0.0,0.0,56.0,0.0,0.0,0.0,0.0,0.0,0.0,0.0,0.0,0.0,0.0,2
10.0,1.0,-1.000088900581841e-12,0.0,0.0,168.0,7.0,0.6196857153906945,0.0,0.0,15.375,0.0,0.0,0.0,0.0,56.0,0.0,12.0,0.0,0.0,0.0,0.0,0.0,0.0,0.0,0.0,2
570.0,2.0,0.3926744672255522,0.0,0.0,126.0,6.0,0.8183078393600374,0.0,28.0,20.807692307692307,0.0,0.0,0.0,0.0,84.0,904.0,24.0,0.0,0.0,0.0,2.0,0.0,0.0,0.0,0.0,2
648.0,1.0,-1.000088900581841e-12,0.0,0.0,80.0,2.0,0.1985152433438726,0.0,0.0,38.407407407407405,0.0,0.0,0.0,0.0,56.0,766.0,6.0,0.0,0.0,0.0,0.0,0.0,0.0,0.0,0.0,2
716.0,1.0,-1.000088900581841e-12,0.0,0.0,88.0,2.0,0.1849073991657757,0.0,0.0,55.96666666666667,0.0,0.0,0.0,0.0,56.0,0.0,0.0,0.0,0.0,0.0,0.0,0.0,0.0,0.0,0.0,2
718.0,3.0,0.6519587847452836,0.0,0.0,66.0,3.0,0.3625010217366757,0.0,0.0,74.8,0.0,0.0,0.0,0.0,56.0,196.0,10.0,0.0,0.0,0.0,0.0,0.0,0.0,0.0,0.0,2
672.0,7.0,1.108932077599763,0.0,0.0,180.0,7.0,1.3578141123105902,0.0,0.0,87.62068965517241,0.0,0.0,0.0,0.0,140.0,2742.0,8.0,0.0,0.0,0.0,0.0,0.0,0.0,0.0,0.0,1
402.0,6.0,0.7687933591605381,0.0,0.0,44.0,7.0,1.8224362127798808,0.0,0.0,83.95,0.0,0.0,0.0,0.0,84.0,2000.0,26.0,0.0,0.0,2.0,10.0,0.0,0.0,4.0,0.0,1
44.0,3.0,0.966674830316792,0.0,0.0,26.0,4.0,1.1972375015539318,0.0,0.0,81.125,0.0,0.0,0.0,0.0,56.0,42.0,10.0,0.0,0.0,0.0,2.0,0.0,0.0,0.0,0.0,1
230.0,5.0,0.9981010637144724,0.0,0.0,66.0,7.0,1.6718340429029412,0.0,0.0,78.5625,0.0,46.0,22.0,14.0,168.0,2080.0,62.0,0.0,0.0,0.0,0.0,0.0,0.0,0.0,0.0,1
464.0,5.0,0.4206096163356745,0.0,0.0,76.0,5.0,1.1620085220737006,0.0,0.0,68.77272727272727,0.0,0.0,0.0,16.0,112.0,734.0,26.0,0.0,0.0,0.0,6.0,0.0,0.0,0.0,0.0,1
190.0,3.0,0.4927491720035635,0.0,0.0,178.0,4.0,0.4581922586887825,0.0,0.0,61.85714285714285,0.0,40.0,48.0,54.0,112.0,2354.0,18.0,0.0,0.0,0.0,0.0,0.0,0.0,0.0,0.0,1
336.0,1.0,-1.000088900581841e-12,0.0,0.0,258.0,4.0,0.2969564184357728,0.0,0.0,57.588235294117645,0.0,0.0,0.0,0.0,56.0,5596.0,18.0,0.0,0.0,0.0,0.0,0.0,0.0,0.0,0.0,1
184.0,3.0,1.0465634069548553,0.0,0.0,78.0,4.0,0.9645013169578216,0.0,0.0,53.92857142857143,0.0,0.0,0.0,0.0,140.0,1614.0,52.0,0.0,0.0,0.0,0.0,0.0,0.0,0.0,0.0,1
28.0,3.0,1.0346012329071812,0.0,0.0,6.0,1.0,-1.000088900581841e-12,0.0,0.0,52.0,0.0,0.0,0.0,0.0,28.0,80.0,10.0,0.0,0.0,0.0,0.0,0.0,0.0,0.0,0.0,1
20.0,1.0,-1.000088900581841e-12,0.0,0.0,4.0,2.0,0.6931471805579453,0.0,0.0,51.16666666666666,0.0,0.0,0.0,0.0,28.0,0.0,0.0,0.0,0.0,0.0,0.0,0.0,0.0,0.0,0.0,1
0.0,0.0,0.0,0.0,0.0,2.0,1.0,-1.000088900581841e-12,0.0,0.0,51.0,0.0,0.0,0.0,0.0,0.0,0.0,0.0,0.0,0.0,0.0,0.0,0.0,0.0,0.0,0.0,1
0.0,0.0,0.0,0.0,0.0,4.0,1.0,-1.000088900581841e-12,0.0,0.0,51.0,20.0,0.0,0.0,0.0,0.0,0.0,0.0,0.0,0.0,0.0,0.0,0.0,0.0,0.0,0.0,1
0.0,0.0,0.0,0.0,0.0,0.0,0.0,0.0,0.0,0.0,51.0,0.0,0.0,0.0,0.0,0.0,0.0,0.0,0.0,0.0,0.0,0.0,0.0,0.0,0.0,0.0,1
0.0,0.0,0.0,0.0,0.0,2.0,1.0,-1.000088900581841e-12,0.0,0.0,51.0,18.0,0.0,0.0,0.0,0.0,0.0,0.0,0.0,0.0,0.0,2.0,0.0,0.0,0.0,0.0,1
0.0,0.0,0.0,0.0,0.0,0.0,0.0,0.0,0.0,0.0,51.0,0.0,0.0,0.0,0.0,0.0,0.0,0.0,0.0,0.0,0.0,0.0,0.0,0.0,0.0,0.0,1
0.0,0.0,0.0,0.0,0.0,0.0,0.0,0.0,0.0,0.0,51.0,0.0,0.0,0.0,0.0,0.0,0.0,0.0,0.0,0.0,0.0,0.0,0.0,0.0,0.0,0.0,1
0.0,0.0,0.0,0.0,0.0,8.0,1.0,-1.000088900581841e-12,0.0,0.0,51.0,12.0,0.0,0.0,0.0,0.0,0.0,0.0,0.0,0.0,0.0,2.0,0.0,0.0,0.0,0.0,1
0.0,0.0,0.0,0.0,0.0,0.0,0.0,0.0,0.0,0.0,51.0,0.0,0.0,0.0,0.0,0.0,0.0,0.0,0.0,0.0,0.0,0.0,0.0,0.0,0.0,0.0,1
0.0,0.0,0.0,0.0,0.0,0.0,0.0,0.0,0.0,0.0,51.0,0.0,0.0,0.0,0.0,0.0,0.0,0.0,0.0,0.0,0.0,0.0,0.0,0.0,0.0,0.0,1
0.0,0.0,0.0,0.0,0.0,0.0,0.0,0.0,0.0,0.0,51.0,0.0,0.0,0.0,0.0,0.0,0.0,0.0,0.0,0.0,0.0,0.0,0.0,0.0,0.0,0.0,1
0.0,0.0,0.0,0.0,0.0,0.0,0.0,0.0,0.0,0.0,51.0,0.0,0.0,0.0,0.0,0.0,0.0,0.0,0.0,0.0,0.0,0.0,0.0,0.0,0.0,0.0,1
0.0,0.0,0.0,0.0,0.0,0.0,0.0,0.0,0.0,0.0,51.0,0.0,0.0,0.0,0.0,0.0,0.0,0.0,0.0,0.0,0.0,0.0,0.0,0.0,0.0,0.0,1
0.0,0.0,0.0,0.0,0.0,0.0,0.0,0.0,0.0,0.0,50.16666666666666,0.0,0.0,0.0,0.0,0.0,0.0,0.0,0.0,0.0,0.0,0.0,0.0,0.0,0.0,0.0,1
0.0,0.0,0.0,0.0,0.0,0.0,0.0,0.0,0.0,0.0,50.0,0.0,0.0,0.0,0.0,0.0,0.0,0.0,0.0,0.0,0.0,0.0,0.0,0.0,0.0,0.0,1
0.0,0.0,0.0,0.0,0.0,18.0,2.0,0.5297061990556545,0.0,0.0,49.833333333333336,0.0,0.0,0.0,0.0,28.0,0.0,0.0,0.0,0.0,0.0,2.0,0.0,0.0,0.0,0.0,1
180.0,4.0,1.1526012225718456,0.0,0.0,74.0,6.0,1.2693252338848546,0.0,0.0,48.23076923076923,0.0,12.0,20.0,10.0,56.0,1832.0,20.0,0.0,0.0,0.0,0.0,0.0,0.0,0.0,0.0,1
714.0,6.0,0.4588289256531521,0.0,0.0,400.0,6.0,0.6368091627138082,0.0,0.0,39.56666666666667,0.0,0.0,0.0,0.0,0.0,12374.0,0.0,0.0,0.0,0.0,2.0,0.0,0.0,0.0,0.0,1
368.0,3.0,0.6099152280647464,0.0,0.0,206.0,4.0,0.5608741647784539,0.0,0.0,27.857142857142858,0.0,0.0,0.0,0.0,196.0,4840.0,26.0,0.0,0.0,0.0,10.0,0.0,0.0,4.0,0.0,1
346.0,4.0,1.151362497765411,0.0,0.0,168.0,4.0,0.4876576810013239,0.0,0.0,22.166666666666668,0.0,0.0,0.0,0.0,112.0,3528.0,44.0,0.0,0.0,0.0,6.0,0.0,0.0,4.0,0.0,1
166.0,6.0,1.053646117915596,0.0,0.0,42.0,6.0,1.6407566413428891,0.0,28.0,19.0,0.0,0.0,0.0,0.0,84.0,156.0,14.0,0.0,0.0,0.0,0.0,0.0,0.0,0.0,0.0,1
418.0,6.0,1.6075847915381305,0.0,0.0,30.0,5.0,1.436828668958032,0.0,0.0,23.47058823529412,0.0,0.0,0.0,0.0,140.0,902.0,30.0,0.0,0.0,0.0,0.0,0.0,0.0,0.0,0.0,1
632.0,1.0,-1.000088900581841e-12,0.0,0.0,1000.0,4.0,0.109245347580765,0.0,0.0,28.296296296296298,0.0,0.0,0.0,0.0,2.0,1378.0,2.0,0.0,0.0,0.0,0.0,0.0,0.0,0.0,0.0,2
546.0,3.0,0.1794581747711773,0.0,0.0,124.0,6.0,0.7279341279335367,0.0,2.0,21.2,0.0,0.0,0.0,0.0,8.0,486.0,2.0,0.0,0.0,0.0,4.0,0.0,0.0,0.0,0.0,2
684.0,3.0,0.6014532609792873,0.0,0.0,248.0,3.0,0.1891454920153307,0.0,0.0,34.55172413793103,0.0,0.0,0.0,0.0,14.0,324.0,4.0,0.0,0.0,0.0,14.0,0.0,0.0,0.0,0.0,1
622.0,4.0,0.919546737488638,0.0,0.0,198.0,6.0,0.6970622313002318,0.0,0.0,51.81481481481482,0.0,0.0,0.0,0.0,12.0,290.0,10.0,0.0,0.0,0.0,12.0,0.0,0.0,0.0,0.0,1
628.0,5.0,0.7808629664660004,0.0,0.0,74.0,3.0,0.486980612189455,0.0,0.0,68.14814814814815,0.0,0.0,0.0,0.0,6.0,488.0,4.0,0.0,0.0,0.0,8.0,0.0,0.0,0.0,0.0,1
286.0,5.0,1.44790549792747,0.0,0.0,318.0,5.0,0.8391623054968201,0.0,0.0,74.22222222222223,0.0,0.0,0.0,0.0,20.0,614.0,4.0,0.0,0.0,0.0,26.0,0.0,0.0,0.0,0.0,1
264.0,7.0,1.281579336491683,0.0,0.0,290.0,10.0,1.6824220762012658,0.0,0.0,69.44444444444444,0.0,0.0,0.0,0.0,24.0,890.0,16.0,0.0,0.0,8.0,2.0,0.0,0.0,10.0,0.0,2
332.0,5.0,1.4376383390318186,0.0,0.0,380.0,5.0,1.1348088458865744,0.0,0.0,64.19047619047619,0.0,0.0,0.0,0.0,50.0,966.0,38.0,0.0,0.0,6.0,8.0,0.0,0.0,30.0,0.0,2
198.0,6.0,1.244747911071044,0.0,0.0,386.0,4.0,1.0482813104090762,0.0,0.0,59.88235294117647,0.0,0.0,0.0,0.0,38.0,296.0,26.0,0.0,0.0,22.0,2.0,0.0,0.0,24.0,0.0,2
462.0,3.0,0.5842862109000471,0.0,0.0,126.0,5.0,1.1952497384982004,0.0,0.0,54.68181818181818,0.0,0.0,0.0,0.0,4.0,864.0,4.0,0.0,0.0,0.0,22.0,0.0,0.0,4.0,0.0,2
492.0,2.0,0.047220392301659,0.0,0.0,684.0,5.0,0.2943461862497777,0.0,0.0,44.95652173913044,0.0,0.0,0.0,0.0,6.0,1034.0,4.0,0.0,0.0,0.0,2.0,0.0,0.0,2.0,0.0,2
192.0,3.0,0.94241206324988,0.0,0.0,464.0,6.0,0.6482272784197737,0.0,0.0,40.07142857142857,0.0,0.0,0.0,0.0,16.0,418.0,16.0,0.0,0.0,0.0,0.0,0.0,0.0,0.0,0.0,2
338.0,4.0,0.5587076678598977,0.0,0.0,274.0,7.0,1.0919001748570496,0.0,0.0,35.77777777777778,0.0,0.0,0.0,0.0,10.0,872.0,8.0,0.0,0.0,0.0,0.0,0.0,0.0,0.0,0.0,2
100.0,3.0,0.8713835753907162,0.0,0.0,130.0,4.0,0.492926707167741,0.0,0.0,32.2,0.0,0.0,0.0,0.0,6.0,128.0,4.0,0.0,0.0,0.0,8.0,0.0,0.0,0.0,0.0,2
216.0,2.0,0.4926036575375839,0.0,0.0,132.0,5.0,1.2341201422577162,0.0,0.0,29.714285714285715,0.0,2.0,2.0,0.0,24.0,226.0,12.0,0.0,0.0,0.0,22.0,0.0,0.0,8.0,0.0,2
124.0,2.0,0.6800829048337611,0.0,0.0,90.0,5.0,1.4031688537377618,0.0,0.0,26.916666666666668,0.0,0.0,0.0,0.0,12.0,160.0,12.0,0.0,0.0,0.0,10.0,0.0,0.0,8.0,0.0,2
46.0,1.0,-1.000088900581841e-12,0.0,0.0,30.0,4.0,1.3095258353000694,0.0,0.0,25.875,0.0,0.0,0.0,2.0,6.0,2.0,4.0,0.0,0.0,0.0,6.0,0.0,0.0,2.0,0.0,2
186.0,4.0,1.0110552982866583,0.0,0.0,24.0,3.0,1.077556327063801,0.0,0.0,23.76923076923077,0.0,0.0,0.0,0.0,4.0,368.0,4.0,0.0,0.0,0.0,14.0,0.0,0.0,4.0,0.0,2
46.0,2.0,0.5235863374792598,0.0,0.0,34.0,2.0,0.6492483548688981,0.0,0.0,21.0,0.0,0.0,0.0,0.0,10.0,28.0,10.0,0.0,0.0,0.0,2.0,0.0,0.0,2.0,0.0,2
78.0,4.0,1.2998116889153548,0.0,0.0,42.0,5.0,1.5336451852260211,0.0,0.0,20.77777777777778,0.0,0.0,0.0,0.0,6.0,170.0,6.0,0.0,0.0,0.0,0.0,0.0,0.0,0.0,0.0,2
92.0,2.0,0.3437795639425924,0.0,0.0,16.0,3.0,1.0821955300357673,0.0,0.0,18.818181818181817,0.0,0.0,0.0,0.0,8.0,268.0,8.0,0.0,0.0,0.0,0.0,0.0,0.0,0.0,0.0,2
550.0,4.0,0.7802764075622995,0.0,0.0,284.0,4.0,0.5804882110521912,0.0,4.0,15.625,0.0,0.0,0.0,0.0,24.0,1126.0,8.0,0.0,0.0,0.0,0.0,0.0,0.0,0.0,0.0,2
716.0,1.0,-1.000088900581841e-12,0.0,0.0,10.0,2.0,0.6730116670072565,0.0,4.0,28.03333333333333,0.0,0.0,0.0,0.0,4.0,0.0,2.0,0.0,0.0,0.0,28.0,0.0,0.0,4.0,0.0,2
716.0,1.0,-1.000088900581841e-12,0.0,0.0,0.0,0.0,0.0,0.0,0.0,44.8,0.0,0.0,0.0,0.0,0.0,0.0,0.0,0.0,0.0,0.0,0.0,0.0,0.0,0.0,0.0,2
374.0,1.0,-1.000088900581841e-12,0.0,0.0,2.0,1.0,-1.000088900581841e-12,0.0,0.0,62.2,0.0,0.0,0.0,0.0,0.0,0.0,0.0,0.0,0.0,0.0,0.0,0.0,0.0,0.0,0.0,2
0.0,0.0,0.0,0.0,0.0,4.0,1.0,-1.000088900581841e-12,0.0,0.0,79.4,0.0,0.0,0.0,0.0,0.0,0.0,0.0,0.0,0.0,0.0,0.0,0.0,0.0,0.0,0.0,2
0.0,0.0,0.0,0.0,0.0,2.0,1.0,-1.000088900581841e-12,0.0,0.0,92.96666666666668,0.0,0.0,0.0,0.0,0.0,0.0,0.0,0.0,0.0,0.0,0.0,0.0,0.0,0.0,0.0,2
0.0,0.0,0.0,0.0,0.0,2.0,1.0,-1.000088900581841e-12,0.0,0.0,98.3076923076923,0.0,0.0,0.0,0.0,8.0,0.0,0.0,0.0,0.0,0.0,0.0,0.0,0.0,0.0,0.0,2
0.0,0.0,0.0,0.0,0.0,2.0,1.0,-1.000088900581841e-12,0.0,0.0,99.0,0.0,0.0,0.0,0.0,0.0,0.0,0.0,0.0,0.0,0.0,0.0,0.0,0.0,0.0,0.0,2
0.0,0.0,0.0,0.0,0.0,6.0,2.0,0.6365141682928128,0.0,0.0,99.0,0.0,0.0,0.0,0.0,0.0,0.0,0.0,0.0,0.0,0.0,2.0,0.0,0.0,2.0,0.0,2
0.0,0.0,0.0,0.0,0.0,2.0,1.0,-1.000088900581841e-12,0.0,0.0,98.66666666666669,0.0,0.0,0.0,0.0,0.0,0.0,0.0,0.0,0.0,0.0,0.0,0.0,0.0,0.0,0.0,2
0.0,0.0,0.0,0.0,0.0,12.0,2.0,0.4505612088643047,0.0,0.0,97.0,0.0,0.0,0.0,0.0,4.0,0.0,0.0,0.0,0.0,0.0,0.0,0.0,0.0,0.0,0.0,2
0.0,0.0,0.0,0.0,0.0,0.0,0.0,0.0,0.0,0.0,96.33333333333331,0.0,0.0,0.0,0.0,0.0,0.0,0.0,0.0,0.0,0.0,0.0,0.0,0.0,0.0,0.0,2
0.0,0.0,0.0,0.0,0.0,4.0,2.0,0.6931471805579453,0.0,0.0,96.0,4.0,0.0,0.0,0.0,0.0,0.0,0.0,0.0,0.0,0.0,0.0,0.0,0.0,0.0,0.0,2
0.0,0.0,0.0,0.0,0.0,2.0,1.0,-1.000088900581841e-12,0.0,0.0,95.0,4.0,0.0,0.0,0.0,0.0,0.0,0.0,0.0,0.0,0.0,2.0,0.0,0.0,0.0,0.0,2
18.0,2.0,0.6869615765953234,0.0,0.0,46.0,3.0,0.6915021980510986,0.0,0.0,94.625,0.0,0.0,0.0,0.0,12.0,12.0,12.0,0.0,0.0,0.0,0.0,0.0,0.0,4.0,0.0,2
110.0,4.0,0.8561804509660551,0.0,0.0,64.0,4.0,0.8576298592161866,0.0,0.0,92.5,0.0,0.0,0.0,0.0,20.0,504.0,8.0,0.0,0.0,8.0,14.0,0.0,0.0,8.0,0.0,2
12.0,1.0,-1.000088900581841e-12,0.0,0.0,4.0,1.0,-1.000088900581841e-12,0.0,0.0,91.83333333333331,0.0,0.0,0.0,0.0,0.0,0.0,0.0,0.0,0.0,0.0,0.0,0.0,0.0,0.0,0.0,2
104.0,2.0,0.2711893730398441,0.0,0.0,42.0,5.0,0.978172831110188,0.0,0.0,90.66666666666669,6.0,0.0,0.0,0.0,8.0,548.0,4.0,0.0,0.0,0.0,4.0,0.0,0.0,2.0,0.0,2
12.0,1.0,-1.000088900581841e-12,0.0,0.0,8.0,3.0,1.039720770836918,0.0,0.0,89.16666666666667,0.0,0.0,0.0,0.0,0.0,0.0,0.0,0.0,0.0,0.0,0.0,0.0,0.0,0.0,0.0,1
174.0,1.0,-1.000088900581841e-12,0.0,0.0,130.0,5.0,0.7707386624703668,0.0,0.0,87.81818181818181,0.0,8.0,6.0,0.0,16.0,920.0,6.0,0.0,0.0,0.0,0.0,0.0,0.0,0.0,0.0,2
74.0,2.0,0.6927819059856479,0.0,0.0,50.0,6.0,1.6243662889067592,0.0,0.0,85.1,0.0,0.0,0.0,0.0,32.0,228.0,18.0,0.0,0.0,2.0,18.0,0.0,0.0,4.0,0.0,1
190.0,4.0,0.9241130143025718,0.0,0.0,50.0,6.0,1.6243662889067592,0.0,0.0,83.07142857142857,0.0,0.0,0.0,0.0,32.0,758.0,18.0,0.0,0.0,0.0,4.0,0.0,0.0,0.0,0.0,2
240.0,2.0,0.2868359830541607,0.0,0.0,144.0,4.0,1.007420791084076,0.0,0.0,80.52941176470588,0.0,0.0,0.0,8.0,88.0,3306.0,42.0,0.0,0.0,0.0,0.0,0.0,0.0,0.0,0.0,2
136.0,3.0,0.5486184293725755,0.0,0.0,40.0,5.0,1.504788283676191,0.0,0.0,78.27272727272727,0.0,0.0,0.0,0.0,24.0,900.0,10.0,0.0,0.0,0.0,8.0,0.0,0.0,0.0,0.0,2
20.0,1.0,-1.000088900581841e-12,0.0,0.0,18.0,4.0,1.2730283365856256,0.0,0.0,76.57142857142857,0.0,0.0,0.0,0.0,16.0,0.0,2.0,0.0,0.0,0.0,4.0,0.0,0.0,0.0,0.0,2
266.0,3.0,0.3635819302693404,0.0,0.0,38.0,5.0,1.4576423809423689,0.0,0.0,74.29411764705883,0.0,0.0,0.0,0.0,32.0,1462.0,16.0,0.0,0.0,0.0,8.0,0.0,0.0,2.0,0.0,2
70.0,4.0,1.13891433638769,0.0,0.0,112.0,4.0,1.258875670099316,0.0,0.0,70.0909090909091,0.0,0.0,0.0,0.0,64.0,232.0,26.0,0.0,0.0,2.0,20.0,0.0,0.0,26.0,0.0,2
152.0,4.0,1.1942427192919294,0.0,0.0,42.0,3.0,1.0917862380921273,0.0,0.0,67.0,0.0,0.0,0.0,0.0,32.0,738.0,16.0,0.0,0.0,0.0,14.0,0.0,0.0,6.0,0.0,2
46.0,2.0,0.5739644913913236,0.0,0.0,60.0,6.0,1.6241387702060397,0.0,0.0,65.14285714285714,0.0,0.0,0.0,0.0,32.0,178.0,16.0,0.0,0.0,0.0,4.0,0.0,0.0,6.0,0.0,2
478.0,3.0,0.6138912372740899,0.0,0.0,318.0,4.0,0.3658186204044337,0.0,0.0,60.60869565217392,0.0,0.0,0.0,0.0,32.0,1704.0,14.0,0.0,0.0,0.0,16.0,0.0,0.0,8.0,0.0,2
270.0,3.0,0.5977790619216439,0.0,0.0,44.0,4.0,1.0729208762933768,0.0,0.0,56.16666666666666,0.0,0.0,0.0,0.0,40.0,336.0,18.0,0.0,0.0,0.0,0.0,0.0,0.0,0.0,0.0,2
62.0,4.0,1.224994497855472,0.0,0.0,60.0,5.0,1.459481873864085,0.0,0.0,52.4,0.0,0.0,0.0,0.0,56.0,180.0,6.0,0.0,0.0,6.0,0.0,0.0,0.0,10.0,0.0,2
76.0,3.0,0.5073035688875502,0.0,0.0,72.0,4.0,0.9257019111179664,0.0,0.0,49.44444444444444,0.0,0.0,0.0,0.0,40.0,612.0,16.0,0.0,0.0,34.0,24.0,0.0,0.0,16.0,0.0,2
138.0,4.0,0.911689601359039,0.0,0.0,776.0,6.0,0.6233506508187587,0.0,0.0,45.23076923076923,0.0,0.0,0.0,0.0,72.0,250.0,34.0,0.0,0.0,12.0,26.0,0.0,0.0,10.0,0.0,2
12.0,1.0,-1.000088900581841e-12,0.0,0.0,6.0,2.0,0.6365141682928128,0.0,0.0,44.0,0.0,0.0,0.0,0.0,0.0,0.0,0.0,0.0,0.0,0.0,0.0,0.0,0.0,0.0,0.0,2
272.0,2.0,0.4175732119148012,0.0,0.0,224.0,4.0,0.3269125514590709,0.0,0.0,41.333333333333336,0.0,0.0,0.0,0.0,16.0,2006.0,12.0,0.0,0.0,0.0,0.0,0.0,0.0,2.0,0.0,2
204.0,2.0,0.6549812906248915,0.0,0.0,22.0,3.0,1.0361987848162837,0.0,0.0,36.84615384615385,0.0,0.0,0.0,0.0,32.0,1006.0,12.0,0.0,0.0,0.0,0.0,0.0,0.0,0.0,0.0,2
120.0,3.0,0.6953493122741865,0.0,0.0,52.0,4.0,0.5892800635942959,0.0,0.0,33.6,0.0,0.0,0.0,0.0,0.0,856.0,0.0,0.0,0.0,0.0,0.0,0.0,0.0,0.0,0.0,2
24.0,2.0,0.4505612088643047,0.0,0.0,20.0,4.0,1.2798542258296677,0.0,0.0,32.875,0.0,0.0,0.0,0.0,16.0,0.0,12.0,0.0,0.0,0.0,0.0,0.0,0.0,0.0,0.0,2
42.0,3.0,1.0917862380921273,0.0,0.0,22.0,5.0,1.5941666991130168,0.0,0.0,31.571428571428573,0.0,0.0,0.0,0.0,8.0,222.0,4.0,0.0,0.0,2.0,4.0,0.0,0.0,2.0,0.0,2
18.0,1.0,-1.000088900581841e-12,0.0,0.0,42.0,5.0,1.126626559023212,0.0,0.0,28.666666666666668,0.0,0.0,0.0,0.0,32.0,0.0,6.0,0.0,0.0,0.0,24.0,0.0,0.0,2.0,0.0,2
66.0,4.0,1.1209503926695834,0.0,0.0,114.0,8.0,1.801616431186608,0.0,0.0,26.545454545454547,0.0,0.0,0.0,0.0,80.0,82.0,40.0,0.0,0.0,0.0,18.0,0.0,0.0,2.0,0.0,2
86.0,4.0,0.9950392292324276,0.0,0.0,36.0,3.0,1.0608569471550215,0.0,0.0,25.11111111111111,0.0,0.0,0.0,0.0,32.0,322.0,20.0,0.0,0.0,0.0,0.0,0.0,0.0,0.0,0.0,2
282.0,2.0,0.1974697894058894,0.0,0.0,94.0,5.0,0.6921884178000423,0.0,0.0,20.6875,0.0,0.0,0.0,0.0,16.0,1568.0,2.0,0.0,0.0,0.0,0.0,0.0,0.0,0.0,0.0,2
12.0,2.0,0.6365141682928128,0.0,0.0,16.0,3.0,0.9002560512655369,0.0,0.0,18.666666666666668,0.0,0.0,0.0,0.0,16.0,0.0,0.0,0.0,0.0,0.0,0.0,0.0,0.0,0.0,0.0,2
74.0,2.0,0.5835274717758099,0.0,0.0,24.0,4.0,1.2424533248900005,0.0,0.0,16.333333333333332,0.0,0.0,0.0,0.0,8.0,260.0,8.0,0.0,0.0,0.0,0.0,0.0,0.0,0.0,0.0,2
44.0,3.0,0.8932239510140858,0.0,0.0,34.0,3.0,1.0551016181656423,0.0,0.0,15.0,0.0,0.0,0.0,0.0,24.0,90.0,8.0,0.0,0.0,0.0,0.0,0.0,0.0,0.0,0.0,2
62.0,2.0,0.2392170938145128,0.0,0.0,10.0,3.0,0.9502705392302344,0.0,0.0,13.666666666666666,0.0,0.0,0.0,0.0,6.0,62.0,0.0,0.0,0.0,0.0,0.0,0.0,0.0,0.0,0.0,2
14.0,1.0,-1.000088900581841e-12,0.0,0.0,0.0,0.0,0.0,0.0,6.0,0.0,0.0,0.0,0.0,0.0,18.0,220.0,14.0,0.0,0.0,0.0,2.0,0.0,0.0,0.0,0.0,2
716.0,2.0,0.0345507670008156,0.0,0.0,24.0,4.0,1.1988493129096212,0.0,0.0,23.666666666666668,0.0,0.0,8.0,0.0,16.0,28.0,8.0,0.0,0.0,0.0,26.0,0.0,0.0,0.0,0.0,2
716.0,1.0,-1.000088900581841e-12,0.0,0.0,88.0,2.0,0.108471339033916,0.0,0.0,41.43333333333333,0.0,0.0,0.0,0.0,0.0,0.0,0.0,0.0,0.0,0.0,0.0,0.0,0.0,0.0,0.0,2
38.0,1.0,-1.000088900581841e-12,0.0,0.0,2.0,1.0,-1.000088900581841e-12,0.0,0.0,59.333333333333336,0.0,0.0,0.0,0.0,0.0,0.0,0.0,0.0,0.0,0.0,0.0,0.0,0.0,0.0,0.0,1
0.0,0.0,0.0,0.0,0.0,2.0,1.0,-1.000088900581841e-12,0.0,0.0,77.1,0.0,0.0,0.0,0.0,0.0,0.0,0.0,0.0,0.0,0.0,0.0,0.0,0.0,0.0,0.0,1
0.0,0.0,0.0,0.0,0.0,4.0,1.0,-1.000088900581841e-12,0.0,0.0,91.73333333333332,0.0,0.0,0.0,0.0,0.0,0.0,0.0,0.0,0.0,0.0,0.0,0.0,0.0,0.0,0.0,1
0.0,0.0,0.0,0.0,0.0,2.0,1.0,-1.000088900581841e-12,0.0,0.0,98.96666666666668,0.0,0.0,0.0,0.0,0.0,0.0,0.0,0.0,0.0,0.0,0.0,0.0,0.0,0.0,0.0,1
0.0,0.0,0.0,0.0,0.0,2.0,1.0,-1.000088900581841e-12,0.0,0.0,100.0,0.0,0.0,0.0,0.0,0.0,0.0,0.0,0.0,0.0,0.0,0.0,0.0,0.0,0.0,0.0,1
0.0,0.0,0.0,0.0,0.0,2.0,1.0,-1.000088900581841e-12,0.0,0.0,100.0,0.0,0.0,0.0,0.0,0.0,0.0,0.0,0.0,0.0,0.0,0.0,0.0,0.0,0.0,0.0,1
0.0,0.0,0.0,0.0,0.0,2.0,1.0,-1.000088900581841e-12,0.0,0.0,100.0,0.0,0.0,0.0,0.0,0.0,0.0,0.0,0.0,0.0,0.0,0.0,0.0,0.0,0.0,0.0,2
0.0,0.0,0.0,0.0,0.0,2.0,1.0,-1.000088900581841e-12,0.0,0.0,100.0,0.0,0.0,0.0,0.0,0.0,0.0,0.0,0.0,0.0,0.0,0.0,0.0,0.0,0.0,0.0,2
0.0,0.0,0.0,0.0,0.0,2.0,1.0,-1.000088900581841e-12,0.0,0.0,100.0,0.0,0.0,0.0,0.0,0.0,0.0,0.0,0.0,0.0,0.0,0.0,0.0,0.0,0.0,0.0,1
0.0,0.0,0.0,0.0,0.0,4.0,1.0,-1.000088900581841e-12,0.0,0.0,100.0,0.0,0.0,0.0,0.0,0.0,0.0,0.0,0.0,0.0,0.0,0.0,0.0,0.0,0.0,0.0,1
0.0,0.0,0.0,0.0,0.0,2.0,1.0,-1.000088900581841e-12,0.0,0.0,100.0,0.0,0.0,0.0,0.0,0.0,0.0,0.0,0.0,0.0,0.0,2.0,0.0,0.0,0.0,0.0,1
0.0,0.0,0.0,0.0,0.0,4.0,1.0,-1.000088900581841e-12,0.0,0.0,100.0,0.0,0.0,0.0,0.0,16.0,0.0,0.0,0.0,0.0,0.0,6.0,0.0,0.0,0.0,0.0,2
0.0,0.0,0.0,0.0,0.0,2.0,1.0,-1.000088900581841e-12,0.0,0.0,100.0,0.0,0.0,0.0,0.0,0.0,0.0,0.0,0.0,0.0,0.0,0.0,0.0,0.0,0.0,0.0,2
0.0,0.0,0.0,0.0,0.0,4.0,1.0,-1.000088900581841e-12,0.0,0.0,100.0,0.0,0.0,0.0,0.0,0.0,0.0,0.0,0.0,0.0,0.0,2.0,0.0,0.0,2.0,0.0,2
0.0,0.0,0.0,0.0,0.0,2.0,1.0,-1.000088900581841e-12,0.0,0.0,100.0,0.0,0.0,0.0,0.0,16.0,0.0,0.0,0.0,0.0,0.0,4.0,0.0,0.0,0.0,0.0,2
516.0,4.0,0.5747096961014252,0.0,0.0,92.0,6.0,1.3009462564176502,0.0,0.0,98.45833333333331,0.0,0.0,0.0,0.0,48.0,3852.0,18.0,0.0,0.0,0.0,10.0,0.0,0.0,0.0,0.0,2
44.0,2.0,0.4741393130558373,0.0,0.0,14.0,4.0,1.351783994285646,0.0,0.0,95.0,0.0,0.0,0.0,0.0,16.0,112.0,2.0,0.0,0.0,0.0,6.0,0.0,0.0,0.0,0.0,2
12.0,1.0,-1.000088900581841e-12,0.0,0.0,8.0,3.0,1.039720770836918,0.0,0.0,94.0,0.0,0.0,0.0,0.0,16.0,0.0,0.0,0.0,0.0,0.0,4.0,0.0,0.0,0.0,0.0,2
520.0,8.0,0.6632539248877339,0.0,0.0,148.0,6.0,0.7999673351044627,0.0,0.0,90.20833333333331,0.0,0.0,0.0,0.0,16.0,2816.0,10.0,0.0,0.0,0.0,10.0,0.0,0.0,0.0,0.0,2
50.0,1.0,-1.000088900581841e-12,0.0,0.0,82.0,8.0,1.9496190605471155,0.0,0.0,81.77777777777777,0.0,0.0,0.0,0.0,40.0,0.0,28.0,0.0,0.0,0.0,0.0,0.0,0.0,0.0,0.0,2
24.0,1.0,-1.000088900581841e-12,0.0,0.0,34.0,5.0,1.513602678337454,0.0,0.0,79.5,0.0,0.0,0.0,0.0,32.0,0.0,10.0,0.0,0.0,2.0,8.0,0.0,0.0,6.0,0.0,2
70.0,3.0,0.8370581943216201,0.0,0.0,68.0,6.0,1.4141037547958828,0.0,0.0,75.3,0.0,0.0,0.0,0.0,40.0,310.0,22.0,0.0,0.0,0.0,10.0,0.0,0.0,0.0,0.0,2
308.0,4.0,1.0225193486310775,0.0,0.0,68.0,7.0,1.6811193832423816,0.0,0.0,69.70588235294117,0.0,0.0,0.0,0.0,40.0,890.0,22.0,0.0,0.0,0.0,10.0,0.0,0.0,2.0,0.0,2
250.0,3.0,0.952078529808022,0.0,0.0,136.0,7.0,1.5108110298292765,0.0,0.0,63.25,0.0,0.0,0.0,0.0,80.0,1638.0,38.0,0.0,0.0,0.0,18.0,0.0,0.0,0.0,0.0,2
214.0,4.0,1.09204606488893,0.0,0.0,260.0,6.0,1.3042433019036244,0.0,0.0,53.57142857142857,0.0,0.0,0.0,0.0,100.0,1058.0,64.0,0.0,0.0,0.0,6.0,0.0,0.0,6.0,0.0,2
108.0,5.0,1.0139793457620052,0.0,0.0,46.0,5.0,1.371605667540483,0.0,0.0,47.583333333333336,0.0,0.0,0.0,0.0,70.0,510.0,30.0,0.0,0.0,0.0,0.0,0.0,0.0,0.0,0.0,2
72.0,3.0,0.5256547436743555,0.0,0.0,16.0,3.0,1.039720770836918,0.0,0.0,42.77777777777778,0.0,0.0,0.0,0.0,20.0,218.0,10.0,0.0,0.0,0.0,22.0,0.0,0.0,4.0,0.0,2
38.0,1.0,-1.000088900581841e-12,0.0,0.0,24.0,5.0,1.5890269151689729,0.0,0.0,38.77777777777778,0.0,0.0,0.0,0.0,30.0,0.0,6.0,0.0,0.0,0.0,14.0,0.0,0.0,6.0,0.0,2
104.0,6.0,1.5566638397251016,0.0,0.0,72.0,7.0,1.7981055026172663,0.0,0.0,32.5,0.0,0.0,0.0,0.0,80.0,330.0,32.0,0.0,0.0,0.0,0.0,0.0,0.0,0.0,0.0,2
66.0,2.0,0.4253282933712617,0.0,0.0,34.0,4.0,1.2980356797306745,0.0,0.0,27.75,0.0,0.0,0.0,0.0,40.0,230.0,18.0,0.0,0.0,0.0,0.0,0.0,0.0,0.0,0.0,2
58.0,3.0,0.8169151695540782,0.0,0.0,94.0,6.0,1.7489137793807934,0.0,0.0,23.5,0.0,0.0,0.0,0.0,50.0,30.0,16.0,0.0,0.0,0.0,18.0,0.0,0.0,2.0,0.0,2
242.0,2.0,0.55069857734582,0.0,0.0,84.0,4.0,0.5670609309512818,0.0,10.0,21.9375,0.0,0.0,0.0,0.0,20.0,362.0,4.0,0.0,0.0,0.0,0.0,0.0,0.0,0.0,0.0,2
434.0,3.0,0.7810957834224463,0.0,0.0,34.0,4.0,0.7902347553392828,0.0,0.0,51.21428571428572,0.0,0.0,0.0,0.0,10.0,1844.0,4.0,0.0,0.0,0.0,0.0,0.0,0.0,0.0,0.0,2
12.0,1.0,-1.000088900581841e-12,0.0,0.0,2.0,1.0,-1.000088900581841e-12,0.0,0.0,64.66666666666667,0.0,0.0,0.0,0.0,0.0,0.0,0.0,0.0,0.0,0.0,0.0,0.0,0.0,0.0,0.0,2
0.0,0.0,0.0,0.0,0.0,0.0,0.0,0.0,0.0,0.0,63.0,0.0,0.0,0.0,0.0,0.0,0.0,0.0,0.0,0.0,0.0,0.0,0.0,0.0,0.0,0.0,2
0.0,0.0,0.0,0.0,0.0,0.0,0.0,0.0,0.0,0.0,62.0,0.0,0.0,0.0,0.0,0.0,0.0,0.0,0.0,0.0,0.0,0.0,0.0,0.0,0.0,0.0,3
0.0,0.0,0.0,0.0,0.0,0.0,0.0,0.0,0.0,0.0,60.833333333333336,0.0,0.0,0.0,0.0,0.0,0.0,0.0,0.0,0.0,0.0,0.0,0.0,0.0,0.0,0.0,3
0.0,0.0,0.0,0.0,0.0,0.0,0.0,0.0,0.0,0.0,59.5,0.0,0.0,0.0,0.0,0.0,0.0,0.0,0.0,0.0,0.0,0.0,0.0,0.0,0.0,0.0,3
0.0,0.0,0.0,0.0,0.0,0.0,0.0,0.0,0.0,0.0,58.0,0.0,0.0,0.0,0.0,0.0,0.0,0.0,0.0,0.0,0.0,0.0,0.0,0.0,0.0,0.0,3
628.0,4.0,0.3836190317456781,0.0,0.0,58.0,6.0,1.603966748669477,0.0,2.0,27.96551724137931,0.0,0.0,0.0,0.0,8.0,58.0,4.0,0.0,0.0,0.0,16.0,0.0,0.0,0.0,0.0,2
250.0,6.0,0.8357589639324672,0.0,0.0,90.0,7.0,1.6456346388438958,0.0,0.0,43.1764705882353,0.0,0.0,0.0,0.0,20.0,362.0,14.0,0.0,0.0,0.0,26.0,0.0,0.0,16.0,0.0,2
66.0,5.0,1.0786338037635126,0.0,0.0,72.0,6.0,1.571233956941506,0.0,0.0,39.72727272727273,0.0,2.0,0.0,2.0,14.0,50.0,12.0,0.0,0.0,0.0,4.0,0.0,0.0,4.0,0.0,2
34.0,1.0,-1.000088900581841e-12,0.0,0.0,36.0,5.0,1.4270610433757247,0.0,0.0,37.71428571428572,0.0,0.0,0.0,0.0,10.0,0.0,8.0,0.0,0.0,0.0,4.0,0.0,0.0,4.0,0.0,2
34.0,1.0,-1.000088900581841e-12,0.0,0.0,24.0,6.0,1.632630927148352,0.0,0.0,36.0,0.0,0.0,0.0,0.0,6.0,0.0,4.0,0.0,0.0,0.0,0.0,0.0,0.0,2.0,0.0,2
76.0,4.0,1.242572841116808,0.0,0.0,48.0,8.0,1.8749540125225352,0.0,0.0,34.0,0.0,0.0,0.0,0.0,6.0,148.0,6.0,0.0,0.0,0.0,8.0,0.0,0.0,4.0,0.0,2
304.0,3.0,0.7943745563262687,0.0,0.0,106.0,6.0,1.5520872390169065,0.0,0.0,30.73684210526316,0.0,0.0,0.0,0.0,32.0,516.0,24.0,0.0,0.0,0.0,0.0,0.0,0.0,0.0,0.0,2
108.0,2.0,0.6076934238689566,0.0,0.0,12.0,3.0,1.0986122886651095,0.0,0.0,25.6,0.0,0.0,0.0,0.0,8.0,498.0,2.0,0.0,0.0,0.0,0.0,0.0,0.0,0.0,0.0,2
146.0,4.0,0.882063053312486,0.0,0.0,160.0,5.0,1.1572106684861578,0.0,0.0,23.83333333333333,0.0,0.0,0.0,0.0,28.0,602.0,18.0,0.0,0.0,0.0,0.0,0.0,0.0,0.0,0.0,3
72.0,2.0,0.615498282273913,0.0,0.0,46.0,4.0,1.199539235026145,0.0,0.0,21.11111111111111,0.0,0.0,4.0,0.0,24.0,68.0,6.0,0.0,0.0,0.0,0.0,0.0,0.0,0.0,0.0,3
12.0,1.0,-1.000088900581841e-12,0.0,0.0,4.0,1.0,-1.000088900581841e-12,0.0,0.0,15.833333333333334,0.0,0.0,0.0,0.0,0.0,0.0,0.0,0.0,0.0,0.0,0.0,0.0,0.0,0.0,0.0,2
0.0,0.0,0.0,0.0,0.0,2.0,1.0,-1.000088900581841e-12,0.0,0.0,14.0,0.0,0.0,0.0,0.0,0.0,0.0,0.0,0.0,0.0,0.0,0.0,0.0,0.0,0.0,0.0,2
0.0,0.0,0.0,0.0,0.0,2.0,1.0,-1.000088900581841e-12,0.0,0.0,12.166666666666666,0.0,0.0,0.0,0.0,0.0,0.0,0.0,0.0,0.0,0.0,0.0,0.0,0.0,0.0,0.0,2
0.0,0.0,0.0,0.0,0.0,2.0,1.0,-1.000088900581841e-12,0.0,0.0,11.0,0.0,0.0,0.0,0.0,0.0,0.0,0.0,0.0,0.0,0.0,0.0,0.0,0.0,0.0,0.0,2
0.0,0.0,0.0,0.0,0.0,2.0,1.0,-1.000088900581841e-12,0.0,0.0,11.0,0.0,0.0,0.0,0.0,2.0,0.0,0.0,0.0,0.0,0.0,0.0,0.0,0.0,0.0,0.0,2
0.0,0.0,0.0,0.0,0.0,0.0,0.0,0.0,0.0,0.0,0.0,2.0,0.0,0.0,0.0,0.0,0.0,0.0,0.0,0.0,0.0,0.0,0.0,0.0,0.0,0.0,2
0.0,0.0,0.0,0.0,0.0,0.0,0.0,0.0,0.0,0.0,0.0,2.0,0.0,0.0,0.0,0.0,0.0,0.0,0.0,0.0,0.0,0.0,0.0,0.0,0.0,0.0,2
718.0,1.0,-1.000088900581841e-12,0.0,0.0,16.0,4.0,1.2130075659759043,0.0,0.0,34.2,0.0,0.0,0.0,0.0,4.0,0.0,0.0,0.0,0.0,0.0,2.0,0.0,0.0,0.0,0.0,2
0.0,0.0,0.0,0.0,0.0,78.0,5.0,1.2875270378170245,0.0,0.0,79.0,0.0,0.0,0.0,0.0,32.0,0.0,0.0,0.0,0.0,0.0,18.0,0.0,0.0,0.0,0.0,2
34.0,1.0,-1.000088900581841e-12,0.0,0.0,88.0,7.0,1.1697392056451652,0.0,0.0,80.125,0.0,0.0,0.0,0.0,12.0,0.0,6.0,0.0,0.0,0.0,0.0,0.0,0.0,0.0,0.0,2
32.0,2.0,0.482577565175012,0.0,0.0,74.0,6.0,1.059172763546393,0.0,0.0,77.625,0.0,0.0,0.0,0.0,8.0,28.0,6.0,0.0,0.0,2.0,2.0,0.0,0.0,2.0,0.0,2
34.0,3.0,0.9718487712328766,0.0,0.0,38.0,8.0,1.9683824087203807,0.0,0.0,73.0,0.0,0.0,0.0,0.0,12.0,32.0,6.0,0.0,0.0,0.0,10.0,0.0,0.0,0.0,0.0,2
48.0,2.0,0.6365141682928128,0.0,0.0,80.0,5.0,1.0221388540318197,0.0,0.0,68.44444444444444,0.0,0.0,0.0,0.0,12.0,74.0,4.0,0.0,0.0,0.0,10.0,0.0,0.0,0.0,0.0,2
194.0,4.0,0.8435002968149202,0.0,0.0,124.0,6.0,1.3984715198450972,0.0,0.0,60.0,0.0,0.0,0.0,0.0,12.0,272.0,4.0,0.0,0.0,0.0,0.0,0.0,0.0,0.0,0.0,2
22.0,2.0,0.6554817738993928,0.0,0.0,26.0,5.0,1.3778195080340327,0.0,0.0,55.0,0.0,0.0,0.0,0.0,8.0,0.0,0.0,0.0,0.0,0.0,0.0,0.0,0.0,0.0,0.0,2
24.0,2.0,0.4505612088643047,0.0,0.0,26.0,4.0,1.2711814802565795,0.0,0.0,49.285714285714285,0.0,0.0,0.0,0.0,12.0,0.0,4.0,0.0,0.0,0.0,6.0,0.0,0.0,2.0,0.0,2
10.0,1.0,-1.000088900581841e-12,0.0,0.0,24.0,6.0,1.5832584594144767,0.0,0.0,48.0,0.0,0.0,0.0,0.0,8.0,0.0,4.0,0.0,0.0,0.0,0.0,0.0,0.0,0.0,0.0,2
20.0,2.0,0.3250829733894482,0.0,0.0,26.0,4.0,1.072016968559193,0.0,0.0,48.0,0.0,0.0,0.0,0.0,4.0,0.0,4.0,0.0,0.0,0.0,0.0,0.0,0.0,0.0,0.0,2
18.0,1.0,-1.000088900581841e-12,0.0,0.0,18.0,4.0,1.2730283365856256,0.0,0.0,48.0,0.0,0.0,0.0,0.0,4.0,0.0,4.0,0.0,0.0,0.0,0.0,0.0,0.0,0.0,0.0,2
16.0,1.0,-1.000088900581841e-12,0.0,0.0,14.0,3.0,0.9556998911095343,0.0,0.0,47.71428571428572,0.0,0.0,0.0,0.0,8.0,0.0,4.0,0.0,0.0,2.0,2.0,0.0,0.0,2.0,0.0,2
20.0,1.0,-1.000088900581841e-12,0.0,0.0,26.0,4.0,1.204793309690784,0.0,0.0,44.285714285714285,0.0,0.0,0.0,0.0,8.0,0.0,0.0,0.0,0.0,0.0,2.0,0.0,0.0,0.0,0.0,2
12.0,1.0,-1.000088900581841e-12,0.0,0.0,4.0,1.0,-1.000088900581841e-12,0.0,0.0,42.0,0.0,0.0,0.0,0.0,4.0,0.0,0.0,0.0,0.0,0.0,0.0,0.0,0.0,0.0,0.0,2
0.0,0.0,0.0,0.0,0.0,4.0,1.0,-1.000088900581841e-12,0.0,0.0,41.0,0.0,0.0,0.0,0.0,8.0,0.0,0.0,0.0,0.0,0.0,0.0,0.0,0.0,0.0,0.0,2
12.0,1.0,-1.000088900581841e-12,0.0,0.0,2.0,1.0,-1.000088900581841e-12,0.0,0.0,38.0,0.0,0.0,0.0,0.0,0.0,0.0,0.0,0.0,0.0,0.0,0.0,0.0,0.0,0.0,0.0,2
0.0,0.0,0.0,0.0,0.0,0.0,0.0,0.0,0.0,0.0,38.0,0.0,0.0,0.0,0.0,0.0,0.0,0.0,0.0,0.0,0.0,0.0,0.0,0.0,0.0,0.0,2
0.0,0.0,0.0,0.0,0.0,0.0,0.0,0.0,0.0,0.0,36.333333333333336,0.0,0.0,0.0,0.0,0.0,0.0,0.0,0.0,0.0,0.0,0.0,0.0,0.0,0.0,0.0,2
0.0,0.0,0.0,0.0,0.0,0.0,0.0,0.0,0.0,0.0,35.833333333333336,0.0,0.0,0.0,0.0,0.0,0.0,0.0,0.0,0.0,0.0,0.0,0.0,0.0,0.0,0.0,2
0.0,0.0,0.0,0.0,0.0,0.0,0.0,0.0,0.0,0.0,34.666666666666664,0.0,0.0,0.0,0.0,0.0,0.0,0.0,0.0,0.0,0.0,0.0,0.0,0.0,0.0,0.0,2
0.0,0.0,0.0,0.0,0.0,0.0,0.0,0.0,0.0,0.0,33.166666666666664,0.0,0.0,0.0,0.0,0.0,0.0,0.0,0.0,0.0,0.0,0.0,0.0,0.0,0.0,0.0,2
0.0,0.0,0.0,0.0,0.0,0.0,0.0,0.0,0.0,0.0,32.0,0.0,0.0,0.0,0.0,0.0,0.0,0.0,0.0,0.0,0.0,0.0,0.0,0.0,0.0,0.0,2
0.0,0.0,0.0,0.0,0.0,16.0,2.0,0.5623351446168083,0.0,0.0,31.428571428571427,0.0,0.0,0.0,0.0,4.0,0.0,0.0,0.0,0.0,0.0,2.0,0.0,0.0,0.0,0.0,2
0.0,0.0,0.0,0.0,0.0,6.0,2.0,0.6365141682928128,0.0,0.0,29.714285714285715,0.0,0.0,0.0,0.0,4.0,0.0,0.0,0.0,0.0,0.0,0.0,0.0,0.0,0.0,0.0,2
28.0,1.0,-1.000088900581841e-12,0.0,0.0,18.0,4.0,1.310783678095714,0.0,0.0,27.166666666666668,0.0,0.0,0.0,0.0,8.0,0.0,0.0,0.0,0.0,0.0,0.0,0.0,0.0,0.0,0.0,2
88.0,3.0,1.0818511246976643,0.0,0.0,64.0,7.0,1.750777936975222,0.0,0.0,23.8,0.0,0.0,0.0,0.0,24.0,184.0,6.0,0.0,0.0,0.0,0.0,0.0,0.0,0.0,0.0,2
60.0,2.0,0.6365141682928128,0.0,0.0,52.0,5.0,1.544405438115934,0.0,0.0,19.8,0.0,0.0,0.0,0.0,24.0,26.0,12.0,0.0,0.0,0.0,0.0,0.0,0.0,0.0,0.0,2
24.0,1.0,-1.000088900581841e-12,0.0,0.0,26.0,5.0,1.4985690796720057,0.0,0.0,15.714285714285714,0.0,0.0,0.0,0.0,8.0,2.0,4.0,0.0,0.0,2.0,12.0,0.0,0.0,2.0,0.0,2
116.0,1.0,-1.000088900581841e-12,0.0,0.0,30.0,6.0,1.691434336274957,0.0,0.0,13.454545454545457,0.0,0.0,0.0,0.0,16.0,0.0,4.0,0.0,0.0,0.0,0.0,0.0,0.0,0.0,0.0,2
20.0,1.0,-1.000088900581841e-12,0.0,0.0,8.0,2.0,0.6931471805579453,0.0,0.0,11.0,0.0,0.0,0.0,0.0,8.0,0.0,0.0,0.0,0.0,0.0,0.0,0.0,0.0,0.0,0.0,2
626.0,5.0,0.92851156593328,0.0,0.0,72.0,6.0,1.565136802296111,0.0,8.0,27.464285714285715,0.0,0.0,0.0,0.0,16.0,2082.0,12.0,0.0,0.0,0.0,4.0,0.0,0.0,2.0,0.0,2
718.0,2.0,0.5440447757811384,0.0,0.0,30.0,5.0,1.436828668958032,0.0,0.0,61.66666666666666,0.0,0.0,0.0,0.0,8.0,0.0,4.0,0.0,0.0,0.0,0.0,0.0,0.0,0.0,0.0,2
30.0,1.0,-1.000088900581841e-12,0.0,0.0,4.0,2.0,0.6931471805579453,0.0,0.0,89.0,0.0,0.0,0.0,0.0,8.0,0.0,0.0,0.0,0.0,0.0,4.0,0.0,0.0,0.0,0.0,2
186.0,4.0,1.1206504408866471,0.0,0.0,92.0,7.0,1.471213224059477,0.0,0.0,87.07692307692308,0.0,0.0,0.0,0.0,16.0,372.0,12.0,0.0,0.0,0.0,18.0,0.0,0.0,4.0,0.0,2
26.0,1.0,-1.000088900581841e-12,0.0,0.0,16.0,4.0,1.320888343145322,0.0,0.0,84.28571428571429,0.0,0.0,0.0,0.0,4.0,24.0,4.0,0.0,0.0,0.0,0.0,0.0,0.0,0.0,0.0,2
458.0,3.0,0.1575849158388818,0.0,0.0,58.0,4.0,1.3514637733990955,0.0,0.0,78.78260869565217,0.0,0.0,0.0,0.0,20.0,184.0,12.0,0.0,0.0,2.0,0.0,0.0,0.0,4.0,0.0,2
136.0,5.0,1.4041318457122047,0.0,0.0,76.0,7.0,1.678531689616433,0.0,0.0,74.25,0.0,0.0,0.0,0.0,28.0,404.0,14.0,0.0,0.0,0.0,8.0,0.0,0.0,8.0,0.0,2
18.0,1.0,-1.000088900581841e-12,0.0,0.0,6.0,2.0,0.6365141682928128,0.0,0.0,72.0,0.0,0.0,0.0,0.0,16.0,0.0,4.0,0.0,0.0,0.0,0.0,0.0,0.0,0.0,0.0,2
670.0,2.0,0.0203362283776398,0.0,0.0,14.0,4.0,1.351783994285646,0.0,0.0,63.48275862068966,0.0,0.0,0.0,0.0,4.0,8.0,2.0,0.0,0.0,0.0,0.0,0.0,0.0,0.0,0.0,2
16.0,1.0,-1.000088900581841e-12,0.0,0.0,8.0,3.0,1.039720770836918,0.0,0.0,59.5,0.0,0.0,0.0,0.0,4.0,0.0,4.0,0.0,0.0,0.0,0.0,0.0,0.0,0.0,0.0,2
8.0,1.0,-1.000088900581841e-12,0.0,0.0,2.0,1.0,-1.000088900581841e-12,0.0,0.0,57.66666666666666,4.0,0.0,0.0,0.0,0.0,0.0,0.0,0.0,0.0,0.0,0.0,0.0,0.0,0.0,0.0,2
0.0,0.0,0.0,0.0,0.0,6.0,1.0,-1.000088900581841e-12,0.0,0.0,56.0,2.0,0.0,0.0,0.0,0.0,0.0,0.0,0.0,0.0,0.0,2.0,0.0,0.0,0.0,0.0,2
0.0,0.0,0.0,0.0,0.0,0.0,0.0,0.0,0.0,0.0,56.0,0.0,0.0,0.0,0.0,0.0,0.0,0.0,0.0,0.0,0.0,0.0,0.0,0.0,0.0,0.0,2
0.0,0.0,0.0,0.0,0.0,8.0,1.0,-1.000088900581841e-12,0.0,0.0,54.833333333333336,4.0,0.0,0.0,0.0,0.0,0.0,0.0,0.0,0.0,0.0,2.0,0.0,0.0,0.0,0.0,2
0.0,0.0,0.0,0.0,0.0,0.0,0.0,0.0,0.0,0.0,53.66666666666666,0.0,0.0,0.0,0.0,0.0,0.0,0.0,0.0,0.0,0.0,0.0,0.0,0.0,0.0,0.0,2
0.0,0.0,0.0,0.0,0.0,0.0,0.0,0.0,0.0,0.0,52.0,0.0,0.0,0.0,0.0,0.0,0.0,0.0,0.0,0.0,0.0,0.0,0.0,0.0,0.0,0.0,2
120.0,4.0,0.95500683973809,0.0,0.0,60.0,6.0,1.6844159317106082,0.0,0.0,50.45454545454545,0.0,0.0,0.0,0.0,4.0,332.0,2.0,0.0,0.0,0.0,2.0,0.0,0.0,2.0,0.0,2
718.0,1.0,-1.000088900581841e-12,0.0,0.0,20.0,3.0,0.8018185525403373,0.0,0.0,43.36666666666667,0.0,0.0,0.0,0.0,0.0,0.0,0.0,0.0,0.0,0.0,0.0,0.0,0.0,0.0,0.0,2
718.0,6.0,1.103970048601239,0.0,0.0,954.0,6.0,0.7493182339157579,0.0,0.0,29.566666666666663,0.0,0.0,0.0,0.0,0.0,1868.0,0.0,0.0,0.0,0.0,24.0,0.0,0.0,6.0,0.0,2
20.0,1.0,-1.000088900581841e-12,0.0,0.0,6.0,2.0,0.6365141682928128,0.0,0.0,21.0,0.0,0.0,0.0,0.0,4.0,0.0,0.0,0.0,0.0,0.0,0.0,0.0,0.0,0.0,0.0,2
258.0,4.0,0.6984236466954687,0.0,0.0,256.0,6.0,0.6449877971638363,0.0,0.0,17.133333333333333,0.0,4.0,0.0,4.0,12.0,320.0,8.0,0.0,0.0,0.0,38.0,0.0,0.0,14.0,0.0,2
50.0,2.0,0.5004024235361879,0.0,0.0,40.0,7.0,1.8740632076902928,0.0,4.0,14.1,0.0,0.0,4.0,0.0,16.0,8.0,8.0,0.0,0.0,0.0,2.0,0.0,0.0,2.0,0.0,2
716.0,1.0,-1.000088900581841e-12,0.0,0.0,42.0,5.0,1.410352868460972,0.0,0.0,49.23333333333333,0.0,0.0,0.0,0.0,24.0,0.0,0.0,0.0,0.0,0.0,14.0,0.0,0.0,0.0,0.0,2
716.0,2.0,0.0962946191363927,0.0,0.0,184.0,6.0,1.1179478411047978,0.0,0.0,90.33333333333331,0.0,0.0,0.0,0.0,20.0,30.0,4.0,0.0,0.0,0.0,8.0,0.0,0.0,0.0,0.0,2
74.0,3.0,0.8562775653781742,0.0,0.0,28.0,5.0,1.5124511784614485,0.0,0.0,94.0,0.0,0.0,0.0,0.0,12.0,694.0,8.0,0.0,0.0,0.0,2.0,0.0,0.0,0.0,0.0,2
110.0,7.0,1.7895140175109638,0.0,0.0,126.0,5.0,0.6270104992877774,0.0,0.0,86.45454545454545,0.0,0.0,0.0,0.0,24.0,174.0,8.0,0.0,0.0,38.0,10.0,0.0,0.0,4.0,0.0,2
174.0,5.0,0.9050217452566124,0.0,0.0,70.0,5.0,1.293303870924136,0.0,0.0,79.38461538461539,0.0,0.0,0.0,0.0,8.0,202.0,8.0,0.0,0.0,0.0,0.0,0.0,0.0,0.0,0.0,2
40.0,1.0,-1.000088900581841e-12,0.0,0.0,42.0,6.0,1.5087286069505186,0.0,0.0,73.0,0.0,0.0,0.0,0.0,12.0,30.0,6.0,0.0,0.0,0.0,8.0,0.0,0.0,0.0,0.0,2
26.0,2.0,0.4293230219286162,0.0,0.0,48.0,6.0,1.537356105565877,0.0,0.0,68.375,0.0,2.0,4.0,0.0,16.0,0.0,4.0,0.0,0.0,0.0,18.0,0.0,0.0,0.0,0.0,2
26.0,1.0,-1.000088900581841e-12,0.0,0.0,20.0,4.0,1.2206072645490174,0.0,0.0,65.0,0.0,0.0,0.0,0.0,8.0,0.0,2.0,0.0,0.0,0.0,4.0,0.0,0.0,0.0,0.0,2
110.0,3.0,1.081846879195666,0.0,0.0,34.0,3.0,0.8760918930604293,0.0,0.0,57.75,0.0,0.0,0.0,0.0,16.0,128.0,16.0,0.0,0.0,0.0,0.0,0.0,0.0,0.0,0.0,2
12.0,1.0,-1.000088900581841e-12,0.0,0.0,0.0,0.0,0.0,0.0,0.0,56.16666666666666,0.0,0.0,0.0,0.0,0.0,0.0,0.0,0.0,0.0,0.0,0.0,0.0,0.0,0.0,0.0,2
0.0,0.0,0.0,0.0,0.0,0.0,0.0,0.0,0.0,0.0,56.0,0.0,0.0,0.0,0.0,0.0,0.0,0.0,0.0,0.0,0.0,0.0,0.0,0.0,0.0,0.0,2
0.0,0.0,0.0,0.0,0.0,0.0,0.0,0.0,0.0,0.0,56.0,0.0,0.0,0.0,0.0,0.0,0.0,0.0,0.0,0.0,0.0,0.0,0.0,0.0,0.0,0.0,2
0.0,0.0,0.0,0.0,0.0,0.0,0.0,0.0,0.0,0.0,55.0,0.0,0.0,0.0,0.0,0.0,0.0,0.0,0.0,0.0,0.0,0.0,0.0,0.0,0.0,0.0,2
0.0,0.0,0.0,0.0,0.0,0.0,0.0,0.0,0.0,0.0,54.0,0.0,0.0,0.0,0.0,0.0,0.0,0.0,0.0,0.0,0.0,0.0,0.0,0.0,0.0,0.0,2
0.0,0.0,0.0,0.0,0.0,0.0,0.0,0.0,0.0,0.0,54.0,0.0,0.0,0.0,0.0,0.0,0.0,0.0,0.0,0.0,0.0,0.0,0.0,0.0,0.0,0.0,2
0.0,0.0,0.0,0.0,0.0,0.0,0.0,0.0,0.0,0.0,53.0,0.0,0.0,0.0,0.0,0.0,0.0,0.0,0.0,0.0,0.0,0.0,0.0,0.0,0.0,0.0,2
0.0,0.0,0.0,0.0,0.0,12.0,1.0,-1.000088900581841e-12,0.0,0.0,52.333333333333336,4.0,0.0,0.0,0.0,0.0,0.0,0.0,0.0,0.0,0.0,2.0,0.0,0.0,0.0,0.0,2
0.0,0.0,0.0,0.0,0.0,0.0,0.0,0.0,0.0,0.0,51.66666666666666,0.0,0.0,0.0,0.0,0.0,0.0,0.0,0.0,0.0,0.0,0.0,0.0,0.0,0.0,0.0,2
0.0,0.0,0.0,0.0,0.0,0.0,0.0,0.0,0.0,0.0,50.0,0.0,0.0,0.0,0.0,0.0,0.0,0.0,0.0,0.0,0.0,0.0,0.0,0.0,0.0,0.0,2
396.0,5.0,0.760615463433106,0.0,0.0,284.0,5.0,1.0262632316160096,0.0,0.0,46.94736842105263,0.0,0.0,0.0,4.0,4.0,1324.0,2.0,0.0,0.0,0.0,2.0,0.0,0.0,2.0,0.0,2
482.0,1.0,-1.000088900581841e-12,0.0,0.0,22.0,4.0,1.2882523050189003,0.0,0.0,35.56521739130435,0.0,0.0,0.0,0.0,8.0,1034.0,2.0,0.0,0.0,0.0,0.0,0.0,0.0,0.0,0.0,2
96.0,3.0,0.8369999087128133,0.0,0.0,132.0,7.0,1.5606614826783078,0.0,0.0,29.916666666666668,0.0,0.0,0.0,0.0,28.0,160.0,26.0,0.0,0.0,0.0,16.0,0.0,0.0,18.0,0.0,2
12.0,1.0,-1.000088900581841e-12,0.0,0.0,6.0,2.0,0.6365141682928128,0.0,0.0,26.83333333333333,0.0,0.0,0.0,0.0,4.0,0.0,0.0,0.0,0.0,0.0,20.0,0.0,0.0,8.0,0.0,2
92.0,2.0,0.4943156581422628,0.0,0.0,116.0,5.0,0.8609142713260546,0.0,0.0,19.55555555555556,0.0,2.0,4.0,0.0,16.0,98.0,12.0,0.0,0.0,0.0,12.0,0.0,0.0,6.0,0.0,2
2.0,1.0,-1.000088900581841e-12,0.0,0.0,10.0,2.0,0.5004024235361879,0.0,0.0,15.166666666666666,0.0,0.0,0.0,0.0,0.0,0.0,0.0,0.0,0.0,0.0,0.0,0.0,0.0,0.0,0.0,2
710.0,1.0,-1.000088900581841e-12,0.0,0.0,16.0,4.0,1.3208883431453222,0.0,4.0,41.73333333333333,0.0,0.0,0.0,0.0,12.0,0.0,4.0,0.0,0.0,0.0,2.0,0.0,0.0,0.0,0.0,2
22.0,1.0,-1.000088900581841e-12,0.0,0.0,10.0,3.0,1.054920167983144,0.0,0.0,55.833333333333336,0.0,0.0,0.0,0.0,4.0,36.0,0.0,0.0,0.0,0.0,2.0,0.0,0.0,0.0,0.0,2
26.0,1.0,-1.000088900581841e-12,0.0,0.0,8.0,3.0,1.039720770836918,0.0,0.0,48.0,0.0,0.0,0.0,0.0,8.0,0.0,2.0,0.0,0.0,0.0,0.0,0.0,0.0,0.0,0.0,2
116.0,6.0,1.3461709139438045,0.0,0.0,40.0,7.0,1.7339835697414476,0.0,0.0,46.54545454545455,0.0,0.0,0.0,0.0,24.0,202.0,12.0,0.0,0.0,0.0,0.0,0.0,0.0,2.0,0.0,2
40.0,2.0,0.6474466390326326,0.0,0.0,4.0,1.0,-1.000088900581841e-12,0.0,0.0,43.25,0.0,0.0,0.0,0.0,4.0,96.0,2.0,0.0,0.0,0.0,4.0,0.0,0.0,4.0,0.0,2
364.0,2.0,0.2976803550801653,0.0,0.0,24.0,4.0,1.0751393240013734,0.0,0.0,38.5,0.0,0.0,0.0,0.0,12.0,1696.0,8.0,0.0,0.0,0.0,2.0,0.0,0.0,0.0,0.0,2
386.0,1.0,-1.000088900581841e-12,0.0,0.0,126.0,3.0,0.3306295543438257,0.0,4.0,34.25,0.0,0.0,0.0,0.0,4.0,2.0,4.0,0.0,0.0,0.0,2.0,0.0,0.0,2.0,0.0,2
166.0,2.0,0.5656200889393261,0.0,0.0,90.0,4.0,0.7996470635296176,0.0,0.0,38.36363636363637,0.0,0.0,0.0,0.0,8.0,668.0,2.0,0.0,0.0,0.0,0.0,0.0,0.0,0.0,0.0,2
44.0,2.0,0.6554817738993928,0.0,0.0,6.0,2.0,0.6365141682928128,0.0,0.0,37.0,0.0,0.0,0.0,0.0,4.0,150.0,4.0,0.0,0.0,0.0,0.0,0.0,0.0,0.0,0.0,2
4.0,1.0,-1.000088900581841e-12,0.0,0.0,2.0,1.0,-1.000088900581841e-12,0.0,0.0,37.0,0.0,0.0,0.0,0.0,0.0,0.0,0.0,0.0,0.0,0.0,2.0,0.0,0.0,0.0,0.0,2
12.0,1.0,-1.000088900581841e-12,0.0,0.0,2.0,1.0,-1.000088900581841e-12,0.0,0.0,37.0,0.0,0.0,0.0,0.0,0.0,0.0,0.0,0.0,0.0,0.0,0.0,0.0,0.0,0.0,0.0,2
0.0,0.0,0.0,0.0,0.0,0.0,0.0,0.0,0.0,0.0,37.0,0.0,0.0,0.0,0.0,0.0,0.0,0.0,0.0,0.0,0.0,0.0,0.0,0.0,0.0,0.0,2
0.0,0.0,0.0,0.0,0.0,0.0,0.0,0.0,0.0,0.0,37.0,0.0,0.0,0.0,0.0,0.0,0.0,0.0,0.0,0.0,0.0,0.0,0.0,0.0,0.0,0.0,2
0.0,0.0,0.0,0.0,0.0,6.0,1.0,-1.000088900581841e-12,0.0,0.0,36.333333333333336,4.0,0.0,0.0,0.0,0.0,0.0,0.0,0.0,0.0,0.0,2.0,0.0,0.0,0.0,0.0,2
0.0,0.0,0.0,0.0,0.0,0.0,0.0,0.0,0.0,0.0,36.0,0.0,0.0,0.0,0.0,0.0,0.0,0.0,0.0,0.0,0.0,0.0,0.0,0.0,0.0,0.0,2
0.0,0.0,0.0,0.0,0.0,0.0,0.0,0.0,0.0,0.0,35.0,0.0,0.0,0.0,0.0,0.0,0.0,0.0,0.0,0.0,0.0,0.0,0.0,0.0,0.0,0.0,2
0.0,0.0,0.0,0.0,0.0,0.0,0.0,0.0,0.0,0.0,34.0,0.0,0.0,0.0,0.0,0.0,0.0,0.0,0.0,0.0,0.0,0.0,0.0,0.0,0.0,0.0,2
140.0,4.0,0.9481952179389812,0.0,0.0,50.0,4.0,1.050351023936872,0.0,0.0,31.63636363636364,0.0,0.0,0.0,0.0,12.0,720.0,8.0,0.0,0.0,0.0,10.0,0.0,0.0,4.0,0.0,2
414.0,3.0,0.1258818255352052,0.0,0.0,28.0,3.0,1.0933747175536468,0.0,0.0,26.363636363636363,0.0,0.0,0.0,0.0,24.0,3288.0,8.0,0.0,0.0,0.0,2.0,0.0,0.0,0.0,0.0,2
718.0,1.0,-1.000088900581841e-12,0.0,0.0,12.0,5.0,1.5607104090364066,0.0,6.0,28.6,0.0,0.0,0.0,0.0,6.0,238.0,0.0,0.0,0.0,0.0,0.0,0.0,0.0,0.0,0.0,2
186.0,3.0,0.4215540143411203,0.0,0.0,36.0,4.0,1.211044016776123,0.0,0.0,77.21428571428571,0.0,0.0,0.0,0.0,30.0,236.0,18.0,0.0,0.0,0.0,0.0,0.0,0.0,0.0,0.0,2
88.0,3.0,0.5763820666218934,0.0,0.0,36.0,6.0,1.6479184329961645,0.0,0.0,83.75,0.0,0.0,0.0,0.0,12.0,300.0,8.0,0.0,0.0,0.0,0.0,0.0,0.0,0.0,0.0,2
254.0,6.0,1.5204310317881466,0.0,0.0,370.0,7.0,1.253613476435031,0.0,0.0,78.41176470588235,0.0,6.0,6.0,0.0,66.0,700.0,40.0,0.0,0.0,10.0,28.0,0.0,0.0,20.0,0.0,2
484.0,4.0,0.923695343340787,0.0,0.0,908.0,5.0,0.7962517472815535,0.0,0.0,64.17857142857143,0.0,0.0,0.0,0.0,126.0,1048.0,100.0,0.0,0.0,34.0,20.0,0.0,0.0,36.0,0.0,2
714.0,3.0,0.6824441160690127,0.0,0.0,412.0,3.0,0.085317391570063,0.0,0.0,49.63333333333333,0.0,0.0,0.0,0.0,0.0,1872.0,0.0,0.0,0.0,0.0,40.0,0.0,0.0,14.0,0.0,2
674.0,4.0,0.2685258188861798,0.0,0.0,312.0,5.0,0.2141644505991643,0.0,0.0,32.6551724137931,0.0,0.0,0.0,0.0,6.0,544.0,2.0,0.0,0.0,0.0,0.0,0.0,0.0,0.0,0.0,2
696.0,5.0,1.369282144774175,0.0,0.0,288.0,7.0,0.9935049823062758,0.0,18.0,24.93103448275862,0.0,0.0,0.0,0.0,30.0,2498.0,12.0,0.0,0.0,0.0,10.0,0.0,0.0,0.0,0.0,2
668.0,5.0,1.328777227763438,0.0,0.0,292.0,6.0,1.1337115871856158,0.0,0.0,51.793103448275865,0.0,0.0,0.0,0.0,84.0,1006.0,70.0,0.0,0.0,0.0,28.0,0.0,0.0,0.0,0.0,2
56.0,3.0,0.8899225323709496,0.0,0.0,70.0,6.0,1.4759729964684731,0.0,0.0,58.333333333333336,0.0,0.0,0.0,0.0,30.0,142.0,16.0,0.0,0.0,4.0,22.0,0.0,0.0,8.0,0.0,2
86.0,2.0,0.5130308358549238,0.0,0.0,6.0,2.0,0.6365141682928128,0.0,0.0,53.55555555555556,0.0,0.0,0.0,0.0,6.0,328.0,4.0,0.0,0.0,0.0,0.0,0.0,0.0,0.0,0.0,1
234.0,7.0,1.5416473587066586,0.0,0.0,72.0,5.0,1.3639627511178576,0.0,0.0,50.266666666666666,0.0,0.0,0.0,4.0,48.0,540.0,30.0,0.0,0.0,0.0,0.0,0.0,0.0,0.0,0.0,2
74.0,3.0,0.6719467245718496,0.0,0.0,12.0,2.0,0.6365141682928128,0.0,0.0,45.375,0.0,0.0,0.0,0.0,12.0,192.0,4.0,0.0,0.0,0.0,0.0,0.0,0.0,0.0,0.0,2
22.0,3.0,0.9164648855364712,0.0,0.0,36.0,3.0,0.5566469035791068,0.0,0.0,36.42857142857143,0.0,4.0,6.0,0.0,8.0,20.0,2.0,0.0,0.0,0.0,0.0,0.0,0.0,0.0,0.0,2
2.0,1.0,-1.000088900581841e-12,0.0,0.0,4.0,1.0,-1.000088900581841e-12,0.0,0.0,35.666666666666664,4.0,0.0,0.0,0.0,0.0,0.0,0.0,0.0,0.0,0.0,0.0,0.0,0.0,0.0,0.0,2
0.0,0.0,0.0,0.0,0.0,0.0,0.0,0.0,0.0,0.0,35.0,4.0,0.0,0.0,0.0,0.0,0.0,0.0,0.0,0.0,0.0,0.0,0.0,0.0,0.0,0.0,2
0.0,0.0,0.0,0.0,0.0,0.0,0.0,0.0,0.0,0.0,34.0,0.0,0.0,0.0,0.0,0.0,0.0,0.0,0.0,0.0,0.0,0.0,0.0,0.0,0.0,0.0,2
0.0,0.0,0.0,0.0,0.0,2.0,1.0,-1.000088900581841e-12,0.0,0.0,33.0,8.0,0.0,0.0,0.0,0.0,0.0,0.0,0.0,0.0,0.0,0.0,0.0,0.0,0.0,0.0,2
0.0,0.0,0.0,0.0,0.0,0.0,0.0,0.0,0.0,0.0,32.0,0.0,0.0,0.0,0.0,0.0,0.0,0.0,0.0,0.0,0.0,0.0,0.0,0.0,0.0,0.0,2
0.0,0.0,0.0,0.0,0.0,0.0,0.0,0.0,0.0,0.0,31.0,0.0,0.0,0.0,0.0,0.0,0.0,0.0,0.0,0.0,0.0,0.0,0.0,0.0,0.0,0.0,2
0.0,0.0,0.0,0.0,0.0,0.0,0.0,0.0,0.0,0.0,30.166666666666668,0.0,0.0,0.0,0.0,0.0,0.0,0.0,0.0,0.0,0.0,0.0,0.0,0.0,0.0,0.0,2
0.0,0.0,0.0,0.0,0.0,8.0,2.0,0.6931471805579453,0.0,0.0,29.0,0.0,0.0,0.0,0.0,8.0,0.0,0.0,0.0,0.0,0.0,0.0,0.0,0.0,0.0,0.0,2
112.0,3.0,0.5552505662749199,0.0,0.0,14.0,4.0,1.277034259462139,0.0,0.0,26.8,0.0,0.0,0.0,0.0,16.0,438.0,8.0,0.0,0.0,0.0,0.0,0.0,0.0,0.0,0.0,2
576.0,6.0,0.8134485388753152,0.0,0.0,302.0,10.0,1.3463465351653237,0.0,8.0,22.357142857142858,0.0,0.0,0.0,0.0,88.0,972.0,10.0,0.0,0.0,0.0,40.0,0.0,0.0,6.0,0.0,2
110.0,4.0,1.3281223427795352,0.0,0.0,312.0,5.0,1.012081621443522,0.0,0.0,27.916666666666668,0.0,0.0,0.0,0.0,96.0,170.0,36.0,0.0,0.0,22.0,30.0,0.0,0.0,10.0,0.0,2
50.0,2.0,0.6730116670072565,0.0,0.0,20.0,4.0,1.3321790402061222,0.0,0.0,22.33333333333333,0.0,0.0,0.0,0.0,16.0,42.0,4.0,0.0,0.0,0.0,0.0,0.0,0.0,0.0,0.0,2
460.0,2.0,0.5004024235361879,0.0,0.0,70.0,5.0,0.600427609741998,0.0,6.0,17.894736842105264,0.0,0.0,0.0,0.0,26.0,562.0,6.0,0.0,0.0,0.0,2.0,0.0,0.0,0.0,0.0,2
440.0,5.0,1.1969565205192827,0.0,0.0,222.0,7.0,1.0290182295840131,0.0,0.0,47.96666666666667,0.0,0.0,0.0,0.0,24.0,752.0,8.0,0.0,0.0,0.0,14.0,0.0,0.0,2.0,0.0,2
530.0,3.0,0.8198687348606255,0.0,0.0,344.0,6.0,0.3346446902357218,0.0,0.0,35.76,0.0,0.0,0.0,0.0,16.0,1126.0,4.0,0.0,0.0,0.0,0.0,0.0,0.0,0.0,0.0,2
20.0,1.0,-1.000088900581841e-12,0.0,0.0,10.0,2.0,0.5004024235361879,0.0,0.0,27.0,0.0,0.0,0.0,0.0,8.0,0.0,0.0,0.0,0.0,0.0,0.0,0.0,0.0,0.0,0.0,2
656.0,1.0,-1.000088900581841e-12,0.0,0.0,46.0,6.0,1.2277431541747552,0.0,0.0,23.379310344827587,0.0,0.0,0.0,0.0,8.0,464.0,4.0,0.0,0.0,0.0,0.0,0.0,0.0,0.0,0.0,2
716.0,1.0,-1.000088900581841e-12,0.0,0.0,2.0,1.0,-1.000088900581841e-12,0.0,0.0,41.56666666666667,0.0,0.0,0.0,0.0,0.0,0.0,0.0,0.0,0.0,0.0,0.0,0.0,0.0,0.0,0.0,2
670.0,3.0,0.0568436540865617,0.0,0.0,32.0,6.0,1.4402347496985994,0.0,0.0,78.3,0.0,0.0,0.0,0.0,8.0,80.0,6.0,0.0,0.0,0.0,0.0,0.0,0.0,0.0,0.0,2
318.0,3.0,0.4925617825853589,0.0,0.0,132.0,1.0,-1.000088900581841e-12,0.0,0.0,66.9,0.0,0.0,0.0,0.0,0.0,1642.0,0.0,0.0,0.0,0.0,0.0,0.0,0.0,0.0,0.0,2
8.0,1.0,-1.000088900581841e-12,0.0,0.0,12.0,3.0,1.0114042647043515,0.0,0.0,57.85714285714285,0.0,0.0,0.0,0.0,16.0,0.0,0.0,0.0,0.0,0.0,0.0,0.0,0.0,0.0,0.0,2
12.0,1.0,-1.000088900581841e-12,0.0,0.0,0.0,0.0,0.0,0.0,0.0,54.0,0.0,0.0,0.0,0.0,0.0,0.0,0.0,0.0,0.0,0.0,0.0,0.0,0.0,0.0,0.0,2
160.0,1.0,-1.000088900581841e-12,0.0,0.0,28.0,4.0,1.0285137640208477,0.0,0.0,51.0,0.0,0.0,0.0,0.0,8.0,1046.0,6.0,0.0,0.0,0.0,0.0,0.0,0.0,0.0,0.0,2
32.0,2.0,0.6931471805579453,0.0,0.0,12.0,4.0,1.3296613488507585,0.0,0.0,49.42857142857143,0.0,0.0,0.0,0.0,8.0,76.0,6.0,0.0,0.0,0.0,0.0,0.0,0.0,0.0,0.0,2
4.0,1.0,-1.000088900581841e-12,0.0,0.0,0.0,0.0,0.0,0.0,0.0,49.0,8.0,0.0,0.0,0.0,0.0,0.0,0.0,0.0,0.0,0.0,0.0,0.0,0.0,0.0,0.0,2
0.0,0.0,0.0,0.0,0.0,4.0,1.0,-1.000088900581841e-12,0.0,0.0,48.0,4.0,0.0,0.0,0.0,0.0,0.0,0.0,0.0,0.0,0.0,2.0,0.0,0.0,0.0,0.0,2
0.0,0.0,0.0,0.0,0.0,0.0,0.0,0.0,0.0,0.0,47.0,0.0,0.0,0.0,0.0,0.0,0.0,0.0,0.0,0.0,0.0,0.0,0.0,0.0,0.0,0.0,2
0.0,0.0,0.0,0.0,0.0,16.0,2.0,0.3767701612544368,0.0,0.0,47.0,0.0,0.0,0.0,0.0,8.0,0.0,0.0,0.0,0.0,0.0,2.0,0.0,0.0,0.0,0.0,2
0.0,0.0,0.0,0.0,0.0,2.0,1.0,-1.000088900581841e-12,0.0,0.0,46.0,4.0,0.0,0.0,0.0,0.0,0.0,0.0,0.0,0.0,0.0,2.0,0.0,0.0,0.0,0.0,2
0.0,0.0,0.0,0.0,0.0,6.0,1.0,-1.000088900581841e-12,0.0,0.0,45.0,6.0,0.0,0.0,0.0,0.0,0.0,0.0,0.0,0.0,0.0,2.0,0.0,0.0,0.0,0.0,2
0.0,0.0,0.0,0.0,0.0,0.0,0.0,0.0,0.0,0.0,43.333333333333336,0.0,0.0,0.0,0.0,0.0,0.0,0.0,0.0,0.0,0.0,0.0,0.0,0.0,0.0,0.0,2
0.0,0.0,0.0,0.0,0.0,14.0,3.0,0.9556998911095343,0.0,0.0,43.0,0.0,0.0,0.0,0.0,8.0,0.0,0.0,0.0,0.0,0.0,2.0,0.0,0.0,0.0,0.0,2
12.0,1.0,-1.000088900581841e-12,0.0,0.0,10.0,2.0,0.5004024235361879,0.0,0.0,41.0,0.0,0.0,0.0,0.0,0.0,0.0,0.0,0.0,0.0,0.0,0.0,0.0,0.0,0.0,0.0,2
74.0,3.0,0.9183478974002602,0.0,0.0,36.0,6.0,1.7210891492227167,0.0,0.0,40.0,0.0,0.0,0.0,0.0,24.0,294.0,14.0,0.0,0.0,0.0,0.0,0.0,0.0,0.0,0.0,2
80.0,3.0,1.0372165874137396,0.0,0.0,32.0,4.0,1.320888343145322,0.0,0.0,32.22222222222222,0.0,0.0,0.0,0.0,30.0,344.0,20.0,0.0,0.0,0.0,12.0,0.0,0.0,4.0,0.0,2
82.0,3.0,0.8462885604443102,0.0,0.0,82.0,3.0,0.7298662855033355,0.0,0.0,25.727272727272727,0.0,0.0,0.0,0.0,90.0,452.0,46.0,0.0,0.0,0.0,10.0,0.0,0.0,8.0,0.0,2
344.0,2.0,0.2960331718334443,0.0,0.0,74.0,5.0,1.136054720398114,0.0,0.0,17.210526315789473,0.0,0.0,0.0,0.0,60.0,2136.0,30.0,0.0,0.0,0.0,28.0,0.0,0.0,6.0,0.0,2
646.0,9.0,1.665771313056214,0.0,0.0,256.0,8.0,1.7402811883771174,0.0,20.0,20.75862068965517,0.0,0.0,0.0,0.0,40.0,1260.0,22.0,0.0,0.0,2.0,16.0,0.0,0.0,10.0,0.0,2
660.0,1.0,-1.000088900581841e-12,0.0,0.0,14.0,4.0,1.351783994285646,0.0,0.0,42.833333333333336,0.0,0.0,0.0,0.0,10.0,0.0,0.0,0.0,0.0,0.0,0.0,0.0,0.0,0.0,0.0,2
644.0,1.0,-1.000088900581841e-12,0.0,0.0,12.0,3.0,0.8675632284784613,0.0,0.0,73.25,0.0,0.0,0.0,0.0,0.0,58.0,0.0,0.0,0.0,0.0,2.0,0.0,0.0,0.0,0.0,2
198.0,3.0,0.8110468222428615,0.0,0.0,162.0,5.0,0.8690088179795842,0.0,0.0,90.71428571428572,0.0,0.0,0.0,0.0,60.0,636.0,32.0,0.0,0.0,0.0,14.0,0.0,0.0,0.0,0.0,2
652.0,5.0,0.5962154678015728,0.0,0.0,112.0,7.0,1.5668453118199892,0.0,0.0,80.39285714285714,0.0,0.0,0.0,0.0,40.0,3686.0,22.0,0.0,0.0,0.0,10.0,0.0,0.0,4.0,0.0,2
20.0,3.0,0.9433483923260392,0.0,0.0,14.0,3.0,1.0789922078745835,0.0,0.0,72.0,0.0,0.0,0.0,0.0,10.0,4.0,4.0,0.0,0.0,0.0,2.0,0.0,0.0,0.0,0.0,2
16.0,1.0,-1.000088900581841e-12,0.0,0.0,16.0,3.0,0.9002560512655369,0.0,0.0,70.57142857142857,0.0,0.0,0.0,0.0,10.0,0.0,4.0,0.0,0.0,0.0,0.0,0.0,0.0,0.0,0.0,2
254.0,7.0,1.3994450863242656,0.0,0.0,38.0,4.0,1.1942726843443228,0.0,0.0,63.785714285714285,0.0,0.0,0.0,0.0,40.0,394.0,10.0,0.0,0.0,0.0,0.0,0.0,0.0,0.0,0.0,2
394.0,5.0,1.2808983612389335,0.0,0.0,96.0,6.0,1.7333026880216509,0.0,0.0,53.66666666666666,0.0,0.0,0.0,0.0,60.0,2610.0,32.0,0.0,0.0,0.0,38.0,0.0,0.0,18.0,0.0,2
474.0,3.0,0.1815687115704452,0.0,0.0,48.0,5.0,1.5538127005013809,0.0,0.0,46.29166666666666,0.0,0.0,6.0,0.0,40.0,3410.0,18.0,0.0,0.0,0.0,2.0,0.0,0.0,0.0,0.0,2
52.0,1.0,-1.000088900581841e-12,0.0,0.0,16.0,4.0,1.3208883431453222,0.0,0.0,38.0,0.0,0.0,0.0,0.0,20.0,16.0,2.0,0.0,0.0,0.0,4.0,0.0,0.0,4.0,0.0,2
2.0,1.0,-1.000088900581841e-12,0.0,0.0,0.0,0.0,0.0,0.0,0.0,37.0,8.0,0.0,0.0,0.0,0.0,0.0,0.0,0.0,0.0,0.0,0.0,0.0,0.0,0.0,0.0,2
0.0,0.0,0.0,0.0,0.0,6.0,1.0,-1.000088900581841e-12,0.0,0.0,36.0,10.0,0.0,0.0,0.0,0.0,0.0,0.0,0.0,0.0,0.0,2.0,0.0,0.0,0.0,0.0,2
0.0,0.0,0.0,0.0,0.0,0.0,0.0,0.0,0.0,0.0,35.0,0.0,0.0,0.0,0.0,0.0,0.0,0.0,0.0,0.0,0.0,0.0,0.0,0.0,0.0,0.0,2
0.0,0.0,0.0,0.0,0.0,8.0,1.0,-1.000088900581841e-12,0.0,0.0,34.0,8.0,0.0,0.0,0.0,0.0,0.0,0.0,0.0,0.0,0.0,2.0,0.0,0.0,0.0,0.0,2
0.0,0.0,0.0,0.0,0.0,4.0,1.0,-1.000088900581841e-12,0.0,0.0,33.0,0.0,0.0,0.0,0.0,0.0,0.0,0.0,0.0,0.0,0.0,0.0,0.0,0.0,0.0,0.0,2
0.0,0.0,0.0,0.0,0.0,0.0,0.0,0.0,0.0,0.0,32.166666666666664,0.0,0.0,0.0,0.0,0.0,0.0,0.0,0.0,0.0,0.0,0.0,0.0,0.0,0.0,0.0,2
0.0,0.0,0.0,0.0,0.0,8.0,2.0,0.6931471805579453,0.0,0.0,31.166666666666668,0.0,0.0,0.0,0.0,0.0,0.0,0.0,0.0,0.0,0.0,0.0,0.0,0.0,0.0,0.0,2
0.0,0.0,0.0,0.0,0.0,26.0,4.0,1.204793309690784,0.0,0.0,29.166666666666668,0.0,0.0,0.0,0.0,10.0,0.0,0.0,0.0,0.0,0.0,2.0,0.0,0.0,0.0,0.0,2
164.0,2.0,0.6149409803320778,0.0,0.0,44.0,5.0,1.49588424256301,0.0,10.0,37.18181818181818,0.0,0.0,0.0,0.0,30.0,304.0,10.0,0.0,0.0,0.0,16.0,0.0,0.0,10.0,0.0,1
718.0,5.0,0.5322702985225937,0.0,0.0,26.0,4.0,1.2658567518687374,0.0,0.0,64.7,0.0,8.0,0.0,6.0,30.0,372.0,26.0,0.0,0.0,0.0,4.0,0.0,0.0,0.0,0.0,1
192.0,3.0,0.7347528767050651,0.0,0.0,112.0,6.0,1.5332823431526958,0.0,0.0,70.86666666666666,0.0,0.0,0.0,0.0,100.0,470.0,60.0,0.0,0.0,0.0,20.0,0.0,0.0,0.0,0.0,2
254.0,5.0,1.0060949601215,0.0,0.0,76.0,6.0,1.437647587166005,0.0,0.0,63.0,0.0,0.0,0.0,0.0,110.0,1380.0,34.0,0.0,0.0,0.0,8.0,0.0,0.0,6.0,0.0,1
350.0,3.0,0.7476764415669692,0.0,0.0,16.0,5.0,1.559581156254877,0.0,0.0,58.27777777777778,0.0,0.0,0.0,0.0,10.0,138.0,6.0,0.0,0.0,0.0,8.0,0.0,0.0,8.0,0.0,2
86.0,2.0,0.5130308358549238,0.0,0.0,86.0,7.0,1.5269137201715512,0.0,0.0,53.90909090909091,0.0,0.0,0.0,0.0,100.0,108.0,36.0,0.0,0.0,0.0,22.0,0.0,0.0,10.0,0.0,2
602.0,3.0,0.1402212253100765,0.0,0.0,632.0,7.0,0.2251077776453215,0.0,0.0,40.96153846153846,0.0,0.0,0.0,0.0,20.0,4020.0,0.0,0.0,0.0,0.0,0.0,0.0,0.0,0.0,0.0,2
180.0,2.0,0.3713293553763009,0.0,0.0,78.0,5.0,1.0198895811879414,0.0,0.0,33.92857142857143,0.0,0.0,0.0,0.0,30.0,1726.0,12.0,0.0,0.0,0.0,0.0,0.0,0.0,0.0,0.0,2
32.0,3.0,0.7029189307705104,0.0,0.0,90.0,7.0,1.3321790402031224,0.0,0.0,27.0,0.0,0.0,0.0,0.0,20.0,34.0,10.0,0.0,0.0,0.0,0.0,0.0,0.0,0.0,0.0,2
52.0,2.0,0.1630236294923659,0.0,0.0,74.0,5.0,1.1819457989467992,0.0,0.0,22.0,0.0,0.0,0.0,0.0,70.0,6.0,8.0,0.0,0.0,0.0,0.0,0.0,0.0,0.0,0.0,2
112.0,3.0,0.7982042955768665,0.0,0.0,52.0,5.0,1.368987777897893,0.0,0.0,19.181818181818183,0.0,0.0,0.0,0.0,30.0,652.0,10.0,0.0,0.0,0.0,0.0,0.0,0.0,0.0,0.0,3
56.0,1.0,-1.000088900581841e-12,0.0,0.0,26.0,4.0,1.072016968559193,0.0,0.0,12.5,0.0,0.0,0.0,0.0,34.0,588.0,12.0,0.0,0.0,0.0,8.0,0.0,0.0,4.0,0.0,3
716.0,1.0,-1.000088900581841e-12,0.0,0.0,46.0,4.0,1.2135345832112605,0.0,0.0,50.36666666666667,0.0,0.0,8.0,0.0,40.0,0.0,20.0,0.0,0.0,0.0,8.0,0.0,0.0,0.0,0.0,3
690.0,1.0,-1.000088900581841e-12,0.0,0.0,4.0,1.0,-1.000088900581841e-12,0.0,0.0,91.23333333333332,0.0,0.0,0.0,0.0,0.0,0.0,0.0,0.0,0.0,0.0,0.0,0.0,0.0,0.0,0.0,3
64.0,1.0,-1.000088900581841e-12,0.0,0.0,8.0,2.0,0.6931471805579453,0.0,0.0,95.55555555555556,0.0,0.0,0.0,0.0,12.0,0.0,12.0,0.0,0.0,0.0,0.0,0.0,0.0,0.0,0.0,3
130.0,4.0,0.8610649357918536,0.0,0.0,30.0,4.0,1.1369165918290007,0.0,0.0,92.0,0.0,0.0,0.0,0.0,24.0,858.0,14.0,0.0,0.0,0.0,0.0,0.0,0.0,0.0,0.0,3
12.0,1.0,-1.000088900581841e-12,0.0,0.0,0.0,0.0,0.0,0.0,0.0,90.0,0.0,0.0,0.0,0.0,0.0,0.0,0.0,0.0,0.0,0.0,0.0,0.0,0.0,0.0,0.0,3
0.0,0.0,0.0,0.0,0.0,0.0,0.0,0.0,0.0,0.0,90.0,0.0,0.0,0.0,0.0,0.0,0.0,0.0,0.0,0.0,0.0,0.0,0.0,0.0,0.0,0.0,3
34.0,1.0,-1.000088900581841e-12,0.0,0.0,18.0,3.0,0.8486855577234171,0.0,0.0,84.0,0.0,0.0,0.0,0.0,56.0,0.0,14.0,0.0,0.0,0.0,6.0,0.0,0.0,2.0,0.0,3
84.0,3.0,0.879083049846372,0.0,0.0,74.0,4.0,1.003126160609793,0.0,0.0,78.55555555555556,0.0,0.0,0.0,0.0,42.0,834.0,32.0,0.0,0.0,0.0,22.0,0.0,0.0,16.0,0.0,3
28.0,3.0,0.8760057656401736,0.0,0.0,26.0,5.0,1.4985690796720057,0.0,0.0,76.0,0.0,0.0,0.0,0.0,28.0,26.0,8.0,0.0,0.0,0.0,0.0,0.0,0.0,0.0,0.0,3
10.0,1.0,-1.000088900581841e-12,0.0,0.0,2.0,1.0,-1.000088900581841e-12,0.0,0.0,75.0,10.0,0.0,0.0,0.0,0.0,0.0,0.0,0.0,0.0,0.0,0.0,0.0,0.0,0.0,0.0,3
0.0,0.0,0.0,0.0,0.0,8.0,2.0,0.6931471805579453,0.0,0.0,74.0,0.0,0.0,0.0,0.0,14.0,0.0,0.0,0.0,0.0,0.0,4.0,0.0,0.0,2.0,0.0,3
0.0,0.0,0.0,0.0,0.0,6.0,2.0,0.6365141682928128,0.0,0.0,72.5,0.0,0.0,0.0,0.0,0.0,0.0,0.0,0.0,0.0,0.0,0.0,0.0,0.0,0.0,0.0,2
20.0,1.0,-1.000088900581841e-12,0.0,0.0,26.0,6.0,1.7118451352279118,0.0,0.0,71.0,0.0,0.0,0.0,0.0,28.0,0.0,0.0,0.0,0.0,0.0,4.0,0.0,0.0,0.0,0.0,2
12.0,1.0,-1.000088900581841e-12,0.0,0.0,0.0,0.0,0.0,0.0,0.0,67.33333333333333,0.0,0.0,0.0,0.0,0.0,0.0,0.0,0.0,0.0,0.0,0.0,0.0,0.0,0.0,0.0,2
216.0,4.0,1.1101486254194743,0.0,0.0,64.0,7.0,1.704386691134629,0.0,0.0,61.92857142857143,0.0,0.0,0.0,0.0,98.0,1178.0,60.0,0.0,0.0,0.0,0.0,0.0,0.0,0.0,0.0,2
80.0,3.0,0.7534119982029703,0.0,0.0,42.0,4.0,1.3060091503268638,0.0,0.0,49.54545454545455,0.0,0.0,0.0,0.0,98.0,134.0,14.0,0.0,0.0,0.0,0.0,0.0,0.0,0.0,0.0,2
210.0,4.0,1.040777033222643,0.0,0.0,112.0,7.0,1.27512912544513,0.0,0.0,44.333333333333336,0.0,8.0,0.0,0.0,210.0,582.0,38.0,0.0,0.0,0.0,24.0,0.0,0.0,16.0,0.0,2
70.0,2.0,0.410116318286409,0.0,0.0,82.0,7.0,1.6219377672805366,0.0,0.0,38.44444444444444,0.0,0.0,0.0,0.0,84.0,188.0,18.0,0.0,0.0,0.0,0.0,0.0,0.0,0.0,0.0,2
316.0,3.0,0.7144594123481603,0.0,0.0,514.0,6.0,1.4195191581253117,0.0,0.0,31.176470588235293,0.0,0.0,0.0,0.0,154.0,1108.0,62.0,0.0,0.0,2.0,22.0,0.0,0.0,20.0,0.0,2
78.0,2.0,0.1192469263942449,0.0,0.0,110.0,5.0,1.516718830746974,0.0,0.0,26.7,0.0,0.0,0.0,0.0,168.0,72.0,76.0,0.0,0.0,14.0,8.0,0.0,0.0,12.0,0.0,2
48.0,2.0,0.6036372514983261,0.0,0.0,70.0,4.0,1.1038309361299925,0.0,0.0,22.125,0.0,0.0,0.0,0.0,84.0,44.0,30.0,0.0,0.0,26.0,2.0,0.0,0.0,6.0,0.0,2
558.0,2.0,0.692626798922835,0.0,0.0,94.0,6.0,1.1970014284099315,0.0,14.0,27.857142857142858,0.0,0.0,0.0,0.0,126.0,74.0,14.0,0.0,0.0,0.0,32.0,0.0,0.0,4.0,0.0,2
110.0,3.0,0.9574952548409588,0.0,0.0,60.0,6.0,1.6329945195593774,0.0,0.0,59.90909090909091,0.0,0.0,0.0,0.0,112.0,14.0,12.0,0.0,0.0,2.0,8.0,0.0,0.0,2.0,0.0,2
268.0,4.0,1.081711640754999,0.0,0.0,42.0,4.0,1.329010612777327,0.0,0.0,56.5625,0.0,0.0,0.0,0.0,56.0,2190.0,22.0,0.0,0.0,0.0,2.0,0.0,0.0,0.0,0.0,2
718.0,1.0,-1.000088900581841e-12,0.0,0.0,4.0,1.0,-1.000088900581841e-12,0.0,0.0,46.73333333333333,0.0,0.0,0.0,0.0,0.0,128.0,0.0,0.0,0.0,0.0,0.0,0.0,0.0,0.0,0.0,2
704.0,2.0,0.6538744981067914,0.0,0.0,202.0,3.0,0.1941348372633296,0.0,0.0,64.73333333333333,0.0,0.0,0.0,0.0,14.0,2482.0,14.0,0.0,0.0,0.0,0.0,0.0,0.0,0.0,0.0,2
574.0,1.0,-1.000088900581841e-12,0.0,0.0,0.0,0.0,0.0,0.0,0.0,92.16666666666669,0.0,0.0,0.0,0.0,0.0,0.0,0.0,0.0,0.0,0.0,0.0,0.0,0.0,0.0,0.0,2
0.0,0.0,0.0,0.0,0.0,4.0,1.0,-1.000088900581841e-12,0.0,0.0,100.0,0.0,0.0,0.0,0.0,0.0,0.0,0.0,0.0,0.0,0.0,0.0,0.0,0.0,0.0,0.0,2
0.0,0.0,0.0,0.0,0.0,2.0,1.0,-1.000088900581841e-12,0.0,0.0,100.0,0.0,0.0,0.0,0.0,0.0,0.0,0.0,0.0,0.0,0.0,0.0,0.0,0.0,0.0,0.0,1
0.0,0.0,0.0,0.0,0.0,4.0,1.0,-1.000088900581841e-12,0.0,0.0,100.0,0.0,0.0,0.0,0.0,0.0,0.0,0.0,0.0,0.0,0.0,0.0,0.0,0.0,0.0,0.0,1
0.0,0.0,0.0,0.0,0.0,2.0,1.0,-1.000088900581841e-12,0.0,0.0,100.0,0.0,0.0,0.0,0.0,0.0,0.0,0.0,0.0,0.0,0.0,0.0,0.0,0.0,0.0,0.0,1
0.0,0.0,0.0,0.0,0.0,2.0,1.0,-1.000088900581841e-12,0.0,0.0,100.0,0.0,0.0,0.0,0.0,0.0,0.0,0.0,0.0,0.0,0.0,0.0,0.0,0.0,0.0,0.0,1
0.0,0.0,0.0,0.0,0.0,8.0,3.0,1.039720770836918,0.0,0.0,100.0,0.0,0.0,0.0,0.0,14.0,0.0,0.0,0.0,0.0,0.0,0.0,0.0,0.0,0.0,0.0,1
18.0,1.0,-1.000088900581841e-12,0.0,0.0,46.0,6.0,1.605420035785506,0.0,0.0,100.0,0.0,0.0,0.0,0.0,84.0,0.0,20.0,0.0,0.0,0.0,0.0,0.0,0.0,2.0,0.0,1
334.0,1.0,-1.000088900581841e-12,0.0,0.0,70.0,5.0,1.3762512670729288,0.0,0.0,85.375,0.0,0.0,0.0,0.0,70.0,262.0,14.0,0.0,0.0,0.0,28.0,0.0,0.0,10.0,0.0,2
208.0,4.0,1.308761508361745,0.0,0.0,84.0,7.0,1.5555697154266368,0.0,0.0,78.4375,0.0,0.0,0.0,0.0,112.0,1128.0,20.0,0.0,0.0,0.0,0.0,0.0,0.0,0.0,0.0,2
104.0,4.0,0.992332267024852,0.0,0.0,110.0,7.0,1.689180333778515,0.0,0.0,70.375,0.0,0.0,0.0,0.0,140.0,240.0,18.0,0.0,0.0,2.0,22.0,0.0,0.0,14.0,0.0,2
240.0,3.0,0.6422596137368233,0.0,0.0,112.0,6.0,1.2760412365818594,0.0,0.0,63.93333333333333,0.0,0.0,0.0,0.0,112.0,2256.0,20.0,0.0,0.0,0.0,12.0,0.0,0.0,0.0,0.0,2
110.0,4.0,1.1690933837856143,0.0,0.0,116.0,6.0,1.3053626286703623,0.0,0.0,57.3,0.0,0.0,0.0,0.0,70.0,568.0,30.0,0.0,0.0,0.0,16.0,0.0,0.0,10.0,0.0,2
452.0,4.0,1.248233517279825,0.0,0.0,122.0,7.0,1.6892630822170072,0.0,0.0,50.52173913043478,0.0,0.0,0.0,0.0,98.0,2356.0,16.0,0.0,0.0,0.0,0.0,0.0,0.0,0.0,0.0,2
250.0,6.0,1.2488272014355837,0.0,0.0,98.0,6.0,1.5834077455613793,0.0,0.0,41.3125,0.0,0.0,0.0,0.0,140.0,752.0,30.0,0.0,0.0,2.0,12.0,0.0,0.0,6.0,0.0,2
198.0,6.0,1.3555953747069605,0.0,0.0,142.0,5.0,1.254693146119524,0.0,0.0,37.125,0.0,0.0,0.0,0.0,126.0,1696.0,24.0,0.0,0.0,2.0,2.0,0.0,0.0,6.0,0.0,2
200.0,6.0,1.365491908602263,0.0,20.0,218.0,7.0,1.5282446060329378,0.0,0.0,27.666666666666668,0.0,0.0,0.0,0.0,126.0,380.0,34.0,0.0,0.0,2.0,26.0,0.0,0.0,16.0,0.0,2
250.0,2.0,0.2787693717665874,0.0,0.0,112.0,6.0,1.2261003680992133,0.0,0.0,21.125,0.0,0.0,0.0,0.0,70.0,2782.0,16.0,0.0,0.0,0.0,0.0,0.0,0.0,0.0,0.0,2
74.0,1.0,-1.000088900581841e-12,0.0,0.0,96.0,6.0,1.1982438923214518,0.0,14.0,28.77777777777778,0.0,0.0,0.0,0.0,140.0,0.0,0.0,0.0,0.0,4.0,26.0,0.0,0.0,2.0,0.0,2
126.0,2.0,0.6829081046984717,0.0,0.0,56.0,6.0,1.6443710869330586,0.0,0.0,23.545454545454547,0.0,0.0,0.0,0.0,84.0,312.0,24.0,0.0,0.0,0.0,8.0,0.0,0.0,2.0,0.0,1
