0.0,0.0,0.0,0.0,0.0,0.0,0.0,0.0,0.0,0.0,28.33333333333333,0.0,0.0,0.0,0.0,0.0,0.0,0.0,0.0,0.0,0.0,0.0,0.0,0.0,0.0,0.0,2
0.0,0.0,0.0,0.0,0.0,16.0,1.0,-1.000088900581841e-12,0.0,0.0,27.83333333333333,6.0,0.0,0.0,0.0,0.0,0.0,0.0,0.0,0.0,0.0,2.0,0.0,0.0,0.0,0.0,2
160.0,3.0,0.6119639554522766,0.0,0.0,48.0,5.0,1.257357622344164,0.0,0.0,25.307692307692307,0.0,0.0,0.0,0.0,24.0,676.0,16.0,0.0,0.0,2.0,14.0,0.0,0.0,4.0,0.0,2
148.0,6.0,1.5734468549079326,0.0,0.0,50.0,3.0,0.9086163473427876,0.0,0.0,22.307692307692307,0.0,0.0,0.0,0.0,30.0,1240.0,10.0,0.0,0.0,0.0,6.0,0.0,0.0,4.0,0.0,2
112.0,5.0,1.320865192962798,0.0,0.0,60.0,3.0,0.8033149761378755,0.0,0.0,21.1,0.0,0.0,0.0,0.0,40.0,766.0,16.0,0.0,0.0,0.0,0.0,0.0,0.0,0.0,0.0,2
206.0,5.0,1.1526586555008878,0.0,0.0,48.0,4.0,1.282710651851798,0.0,0.0,20.166666666666668,0.0,0.0,0.0,0.0,50.0,3750.0,14.0,0.0,0.0,0.0,20.0,0.0,0.0,4.0,0.0,2
346.0,4.0,0.7979554581640931,0.0,0.0,64.0,4.0,1.205111580375413,0.0,0.0,15.88888888888889,0.0,0.0,0.0,0.0,44.0,4902.0,16.0,0.0,0.0,0.0,20.0,0.0,0.0,4.0,0.0,2
76.0,1.0,-1.000088900581841e-12,0.0,0.0,14.0,3.0,0.9556998911095343,0.0,0.0,13.6,0.0,0.0,0.0,0.0,32.0,1866.0,8.0,0.0,0.0,0.0,0.0,0.0,0.0,0.0,0.0,2
60.0,1.0,-1.000088900581841e-12,0.0,0.0,22.0,3.0,0.9164648855364712,0.0,0.0,12.375,0.0,0.0,0.0,0.0,48.0,1008.0,12.0,0.0,0.0,0.0,0.0,0.0,0.0,0.0,0.0,2
12.0,1.0,-1.000088900581841e-12,0.0,0.0,12.0,1.0,-1.000088900581841e-12,0.0,0.0,12.0,0.0,0.0,0.0,0.0,0.0,0.0,0.0,0.0,0.0,0.0,0.0,0.0,0.0,0.0,0.0,3
4.0,1.0,-1.000088900581841e-12,0.0,0.0,0.0,0.0,0.0,0.0,0.0,12.0,12.0,0.0,0.0,0.0,0.0,0.0,0.0,0.0,0.0,0.0,0.0,0.0,0.0,0.0,0.0,3
32.0,1.0,-1.000088900581841e-12,0.0,0.0,34.0,5.0,1.5792331346063393,0.0,0.0,11.0,0.0,0.0,0.0,0.0,30.0,372.0,8.0,0.0,0.0,0.0,2.0,0.0,0.0,0.0,0.0,3
160.0,4.0,0.8771725847906248,0.0,0.0,0.0,0.0,0.0,0.0,0.0,7.571428571428571,0.0,0.0,0.0,0.0,70.0,2246.0,22.0,0.0,0.0,0.0,4.0,0.0,0.0,2.0,0.0,2
604.0,2.0,0.039827557909359,0.0,0.0,0.0,0.0,0.0,0.0,14.0,5.428571428571429,0.0,0.0,0.0,0.0,56.0,3018.0,12.0,0.0,0.0,0.0,46.0,0.0,0.0,14.0,0.0,2
716.0,1.0,-1.000088900581841e-12,0.0,0.0,6.0,2.0,0.6365141682928128,0.0,0.0,23.620689655172413,0.0,0.0,0.0,0.0,0.0,0.0,0.0,0.0,0.0,0.0,0.0,0.0,0.0,0.0,0.0,1
500.0,3.0,0.3045129807192436,0.0,0.0,24.0,6.0,1.632630927148352,0.0,0.0,41.41666666666666,0.0,0.0,0.0,0.0,32.0,2934.0,10.0,0.0,0.0,0.0,6.0,0.0,0.0,0.0,0.0,1
12.0,1.0,-1.000088900581841e-12,0.0,0.0,22.0,3.0,0.9164648855364712,0.0,0.0,41.0,0.0,0.0,0.0,0.0,0.0,0.0,0.0,0.0,0.0,0.0,2.0,0.0,0.0,2.0,0.0,2
22.0,4.0,1.1685184057390878,0.0,0.0,8.0,3.0,1.039720770836918,0.0,0.0,40.0,8.0,0.0,0.0,0.0,16.0,586.0,6.0,0.0,0.0,0.0,0.0,0.0,0.0,2.0,0.0,2
12.0,1.0,-1.000088900581841e-12,0.0,0.0,8.0,2.0,0.6931471805579453,0.0,0.0,37.833333333333336,0.0,0.0,0.0,0.0,0.0,0.0,0.0,0.0,0.0,0.0,4.0,0.0,0.0,2.0,0.0,2
10.0,1.0,-1.000088900581841e-12,0.0,0.0,46.0,3.0,0.5825842452130127,0.0,0.0,35.166666666666664,0.0,0.0,0.0,0.0,0.0,0.0,0.0,0.0,0.0,0.0,2.0,0.0,0.0,0.0,0.0,2
164.0,2.0,0.2296435515926903,0.0,0.0,36.0,4.0,1.25899102885142,0.0,0.0,31.27272727272728,8.0,0.0,0.0,0.0,30.0,1966.0,6.0,0.0,0.0,0.0,22.0,0.0,0.0,4.0,0.0,2
78.0,5.0,1.182143249103881,0.0,0.0,162.0,4.0,1.1072808045125346,0.0,0.0,29.0,0.0,0.0,0.0,0.0,48.0,878.0,10.0,0.0,0.0,0.0,6.0,0.0,0.0,0.0,0.0,2
58.0,5.0,1.3518504422107749,0.0,0.0,194.0,4.0,0.9322683047025556,0.0,0.0,25.875,0.0,0.0,0.0,0.0,16.0,978.0,4.0,0.0,0.0,0.0,0.0,0.0,0.0,0.0,0.0,2
36.0,2.0,0.6869615765953234,0.0,0.0,134.0,5.0,1.0170127081099642,0.0,0.0,24.0,0.0,0.0,0.0,0.0,32.0,32.0,10.0,0.0,0.0,0.0,2.0,0.0,0.0,4.0,0.0,1
186.0,5.0,1.3605960400410535,0.0,0.0,170.0,5.0,1.2028679324495448,0.0,0.0,21.53333333333333,0.0,0.0,0.0,0.0,160.0,1864.0,50.0,0.0,0.0,0.0,8.0,0.0,0.0,6.0,0.0,1
382.0,3.0,0.5156379172786097,0.0,0.0,68.0,4.0,1.198876636559119,0.0,0.0,15.882352941176473,0.0,0.0,0.0,0.0,32.0,960.0,6.0,0.0,0.0,0.0,4.0,0.0,0.0,4.0,0.0,1
0.0,0.0,0.0,0.0,0.0,0.0,0.0,0.0,0.0,0.0,0.0,0.0,0.0,0.0,0.0,42.0,2404.0,10.0,0.0,0.0,0.0,0.0,0.0,0.0,0.0,0.0,1
136.0,3.0,0.4065364584567356,0.0,0.0,28.0,4.0,1.1537419426970903,0.0,0.0,6.2,0.0,0.0,0.0,0.0,46.0,2226.0,8.0,0.0,0.0,0.0,10.0,0.0,0.0,0.0,0.0,1
666.0,3.0,0.6612660109468871,0.0,0.0,84.0,4.0,0.905068603275305,0.0,22.0,10.607142857142858,0.0,0.0,0.0,0.0,62.0,5260.0,10.0,0.0,0.0,0.0,4.0,0.0,0.0,4.0,0.0,2
718.0,1.0,-1.000088900581841e-12,0.0,0.0,4.0,1.0,-1.000088900581841e-12,0.0,0.0,34.46666666666667,0.0,0.0,0.0,0.0,0.0,0.0,0.0,0.0,0.0,0.0,0.0,0.0,0.0,0.0,0.0,2
198.0,1.0,-1.000088900581841e-12,0.0,0.0,26.0,3.0,0.6870920273769716,0.0,0.0,58.86666666666667,0.0,0.0,0.0,0.0,0.0,0.0,0.0,0.0,0.0,0.0,4.0,0.0,0.0,0.0,0.0,1
0.0,0.0,0.0,0.0,0.0,68.0,2.0,0.362210557133449,0.0,0.0,78.63333333333334,0.0,0.0,0.0,0.0,0.0,0.0,0.0,0.0,0.0,0.0,0.0,0.0,0.0,0.0,0.0,1
0.0,0.0,0.0,0.0,0.0,64.0,2.0,0.2337916587044593,0.0,0.0,93.3,0.0,0.0,0.0,0.0,0.0,0.0,0.0,0.0,0.0,0.0,0.0,0.0,0.0,0.0,0.0,2
0.0,0.0,0.0,0.0,0.0,60.0,1.0,-1.000088900581841e-12,0.0,0.0,99.4,0.0,0.0,0.0,0.0,0.0,0.0,0.0,0.0,0.0,0.0,0.0,0.0,0.0,0.0,0.0,1
16.0,3.0,1.0821955300357673,0.0,0.0,66.0,3.0,0.5272997580686339,0.0,0.0,100.0,0.0,0.0,0.0,0.0,24.0,264.0,4.0,0.0,0.0,0.0,2.0,0.0,0.0,0.0,0.0,2
486.0,7.0,1.1298184568851288,0.0,0.0,50.0,6.0,1.4106133965478524,0.0,0.0,95.8,0.0,0.0,0.0,0.0,40.0,1504.0,12.0,0.0,0.0,0.0,30.0,0.0,0.0,16.0,0.0,2
108.0,1.0,-1.000088900581841e-12,0.0,0.0,18.0,2.0,0.5297061990556545,0.0,0.0,92.4,0.0,0.0,0.0,0.0,16.0,342.0,10.0,0.0,0.0,0.0,10.0,0.0,0.0,6.0,0.0,1
12.0,1.0,-1.000088900581841e-12,0.0,0.0,0.0,0.0,0.0,0.0,0.0,91.16666666666669,0.0,0.0,0.0,0.0,0.0,0.0,0.0,0.0,0.0,0.0,2.0,0.0,0.0,2.0,0.0,1
2.0,1.0,-1.000088900581841e-12,0.0,0.0,8.0,2.0,0.6931471805579453,0.0,0.0,91.0,4.0,0.0,0.0,0.0,0.0,0.0,0.0,0.0,0.0,0.0,0.0,0.0,0.0,0.0,0.0,1
0.0,0.0,0.0,0.0,0.0,2.0,1.0,-1.000088900581841e-12,0.0,0.0,90.16666666666669,0.0,0.0,0.0,0.0,0.0,0.0,0.0,0.0,0.0,0.0,0.0,0.0,0.0,0.0,0.0,1
0.0,0.0,0.0,0.0,0.0,18.0,2.0,0.3488320958410319,0.0,0.0,89.83333333333333,4.0,0.0,0.0,0.0,0.0,0.0,0.0,0.0,0.0,0.0,2.0,0.0,0.0,0.0,0.0,1
0.0,0.0,0.0,0.0,0.0,2.0,1.0,-1.000088900581841e-12,0.0,0.0,89.0,0.0,0.0,0.0,0.0,0.0,0.0,0.0,0.0,0.0,0.0,0.0,0.0,0.0,0.0,0.0,1
0.0,0.0,0.0,0.0,0.0,2.0,1.0,-1.000088900581841e-12,0.0,0.0,89.0,0.0,0.0,0.0,0.0,0.0,0.0,0.0,0.0,0.0,0.0,0.0,0.0,0.0,0.0,0.0,1
0.0,0.0,0.0,0.0,0.0,22.0,2.0,0.3046360973472382,0.0,0.0,88.83333333333333,4.0,0.0,0.0,0.0,0.0,0.0,0.0,0.0,0.0,0.0,2.0,0.0,0.0,0.0,0.0,1
0.0,0.0,0.0,0.0,0.0,2.0,1.0,-1.000088900581841e-12,0.0,0.0,88.0,0.0,0.0,0.0,0.0,0.0,0.0,0.0,0.0,0.0,0.0,0.0,0.0,0.0,0.0,0.0,1
0.0,0.0,0.0,0.0,0.0,0.0,0.0,0.0,0.0,0.0,87.66666666666667,0.0,0.0,0.0,0.0,0.0,0.0,0.0,0.0,0.0,0.0,0.0,0.0,0.0,0.0,0.0,1
0.0,0.0,0.0,0.0,0.0,2.0,1.0,-1.000088900581841e-12,0.0,0.0,87.0,0.0,0.0,0.0,0.0,0.0,0.0,0.0,0.0,0.0,0.0,0.0,0.0,0.0,0.0,0.0,1
26.0,1.0,-1.000088900581841e-12,0.0,0.0,30.0,3.0,0.8608513906282317,0.0,0.0,86.33333333333333,0.0,0.0,0.0,0.0,4.0,12.0,4.0,0.0,0.0,0.0,2.0,0.0,0.0,4.0,0.0,1
12.0,1.0,-1.000088900581841e-12,0.0,0.0,8.0,2.0,0.6931471805579453,0.0,0.0,86.0,0.0,0.0,0.0,0.0,0.0,0.0,0.0,0.0,0.0,0.0,0.0,0.0,0.0,0.0,0.0,1
2.0,1.0,-1.000088900581841e-12,0.0,0.0,4.0,1.0,-1.000088900581841e-12,0.0,0.0,86.0,4.0,0.0,0.0,0.0,0.0,0.0,0.0,0.0,0.0,0.0,0.0,0.0,0.0,0.0,0.0,1
188.0,2.0,0.3388856117065273,0.0,0.0,84.0,8.0,1.77254293590594,0.0,0.0,84.14285714285714,0.0,0.0,0.0,0.0,20.0,324.0,10.0,0.0,0.0,0.0,16.0,0.0,0.0,8.0,0.0,1
62.0,5.0,1.2454274408807848,0.0,0.0,36.0,5.0,1.4938857262060656,0.0,0.0,82.125,0.0,0.0,0.0,0.0,12.0,208.0,4.0,0.0,0.0,0.0,2.0,0.0,0.0,2.0,0.0,2
46.0,3.0,0.5825842452130127,0.0,0.0,32.0,5.0,1.461472129299024,0.0,0.0,81.22222222222223,0.0,0.0,0.0,0.0,8.0,20.0,2.0,0.0,0.0,0.0,0.0,0.0,0.0,0.0,0.0,2
54.0,4.0,1.251938593728943,0.0,0.0,46.0,5.0,1.4466531647018173,0.0,0.0,80.55555555555556,0.0,0.0,0.0,0.0,10.0,188.0,4.0,0.0,0.0,0.0,0.0,0.0,0.0,0.0,0.0,2
314.0,6.0,1.1377789759513774,0.0,0.0,48.0,4.0,1.0346983594713026,0.0,0.0,77.6470588235294,0.0,0.0,0.0,0.0,42.0,3032.0,18.0,0.0,0.0,0.0,22.0,0.0,0.0,4.0,0.0,1
184.0,1.0,-1.000088900581841e-12,0.0,0.0,26.0,2.0,0.4293230219286162,0.0,0.0,75.0,0.0,0.0,0.0,0.0,60.0,908.0,36.0,0.0,0.0,0.0,12.0,0.0,0.0,4.0,0.0,2
260.0,5.0,0.9866372865934696,0.0,0.0,96.0,5.0,1.3850615308075926,0.0,0.0,72.17647058823529,0.0,0.0,0.0,0.0,60.0,2382.0,24.0,0.0,0.0,0.0,8.0,0.0,0.0,2.0,0.0,1
92.0,4.0,1.0135880916475977,0.0,0.0,50.0,3.0,1.0133126873467393,0.0,0.0,69.5,0.0,0.0,0.0,0.0,20.0,246.0,6.0,0.0,0.0,0.0,2.0,0.0,0.0,0.0,0.0,1
226.0,5.0,1.0669698796118756,0.0,0.0,102.0,5.0,1.2753307467292825,0.0,0.0,66.75,0.0,0.0,0.0,0.0,100.0,2152.0,30.0,0.0,0.0,0.0,14.0,0.0,0.0,4.0,0.0,1
76.0,4.0,1.078552186075717,0.0,0.0,134.0,5.0,0.8903251122464729,0.0,0.0,63.125,0.0,0.0,0.0,0.0,40.0,1816.0,12.0,0.0,0.0,0.0,2.0,0.0,0.0,2.0,0.0,1
12.0,1.0,-1.000088900581841e-12,0.0,0.0,26.0,4.0,1.204793309690784,0.0,0.0,62.0,0.0,0.0,0.0,0.0,0.0,0.0,0.0,0.0,0.0,0.0,0.0,0.0,0.0,0.0,0.0,1
100.0,4.0,0.7242312128891756,0.0,0.0,46.0,9.0,2.042592104166594,0.0,0.0,60.77777777777778,10.0,0.0,0.0,0.0,10.0,1212.0,4.0,0.0,0.0,0.0,10.0,0.0,0.0,2.0,0.0,1
158.0,4.0,1.1074255910320232,0.0,0.0,62.0,2.0,0.6674317076567471,0.0,0.0,57.75,0.0,0.0,0.0,0.0,32.0,3436.0,12.0,0.0,0.0,0.0,12.0,0.0,0.0,6.0,0.0,2
226.0,5.0,0.8561351165049484,0.0,0.0,56.0,5.0,1.5812885916835049,0.0,0.0,54.76923076923077,0.0,0.0,0.0,0.0,80.0,1324.0,12.0,0.0,0.0,0.0,16.0,0.0,0.0,6.0,0.0,2
62.0,2.0,0.6024402635183422,0.0,0.0,14.0,4.0,1.277034259462139,0.0,0.0,53.0,0.0,0.0,0.0,0.0,0.0,246.0,0.0,0.0,0.0,0.0,10.0,0.0,0.0,0.0,0.0,1
110.0,1.0,-1.000088900581841e-12,0.0,0.0,16.0,2.0,0.5623351446168083,0.0,0.0,51.9,0.0,0.0,0.0,0.0,64.0,2664.0,10.0,0.0,0.0,0.0,0.0,0.0,0.0,0.0,0.0,1
42.0,1.0,-1.000088900581841e-12,0.0,0.0,24.0,3.0,1.0114042647043515,0.0,0.0,51.0,0.0,0.0,0.0,0.0,32.0,554.0,14.0,0.0,0.0,0.0,2.0,0.0,0.0,2.0,0.0,1
20.0,1.0,-1.000088900581841e-12,0.0,0.0,12.0,1.0,-1.000088900581841e-12,0.0,0.0,51.0,0.0,0.0,0.0,0.0,32.0,0.0,0.0,0.0,0.0,0.0,0.0,0.0,0.0,0.0,0.0,1
120.0,2.0,0.5226565800972218,0.0,0.0,16.0,2.0,0.6931471805579453,0.0,0.0,50.27272727272727,0.0,0.0,0.0,0.0,48.0,1826.0,8.0,0.0,0.0,0.0,0.0,0.0,0.0,0.0,0.0,1
138.0,5.0,1.2251049390301922,0.0,0.0,26.0,3.0,0.6870920273769716,0.0,0.0,47.083333333333336,0.0,0.0,0.0,0.0,80.0,1612.0,22.0,0.0,0.0,0.0,0.0,0.0,0.0,0.0,0.0,1
496.0,3.0,0.703365041070897,0.0,0.0,66.0,4.0,1.253506130373791,0.0,0.0,43.29166666666666,0.0,0.0,0.0,0.0,96.0,6934.0,24.0,0.0,0.0,2.0,36.0,0.0,0.0,10.0,0.0,1
48.0,3.0,0.4563344322902883,0.0,0.0,70.0,7.0,1.5527584117974198,0.0,0.0,40.22222222222222,0.0,0.0,0.0,0.0,48.0,1416.0,12.0,0.0,0.0,6.0,2.0,0.0,0.0,0.0,0.0,2
250.0,4.0,0.6125458430492254,0.0,0.0,74.0,3.0,0.5464564222455762,0.0,0.0,37.46666666666667,0.0,0.0,0.0,0.0,16.0,1698.0,4.0,0.0,0.0,2.0,30.0,0.0,0.0,2.0,0.0,1
40.0,3.0,0.746032664711785,0.0,6.0,74.0,6.0,1.137283101231497,0.0,0.0,34.42857142857143,0.0,0.0,0.0,0.0,64.0,118.0,22.0,0.0,0.0,68.0,4.0,0.0,0.0,6.0,0.0,1
28.0,1.0,-1.000088900581841e-12,0.0,0.0,74.0,4.0,0.6811304562895197,0.0,0.0,30.75,0.0,0.0,0.0,0.0,48.0,0.0,0.0,0.0,0.0,118.0,0.0,0.0,0.0,4.0,0.0,1
50.0,4.0,1.0116279112543294,0.0,0.0,86.0,4.0,0.6906626967724065,0.0,0.0,26.25,0.0,0.0,0.0,0.0,32.0,322.0,16.0,0.0,0.0,84.0,8.0,0.0,0.0,4.0,0.0,1
34.0,4.0,1.0053874327515713,0.0,6.0,28.0,4.0,1.2914167691412026,0.0,0.0,23.0,0.0,0.0,0.0,0.0,48.0,890.0,8.0,0.0,0.0,0.0,4.0,0.0,0.0,6.0,0.0,1
148.0,3.0,0.9216623419607526,0.0,0.0,44.0,5.0,1.2252389249669962,0.0,0.0,22.7,0.0,0.0,0.0,0.0,80.0,1912.0,20.0,0.0,0.0,0.0,10.0,0.0,0.0,2.0,0.0,1
316.0,4.0,0.6679514074010942,0.0,0.0,34.0,3.0,1.0950778621175008,0.0,0.0,19.61111111111111,0.0,0.0,0.0,0.0,48.0,876.0,16.0,0.0,0.0,0.0,8.0,0.0,0.0,6.0,0.0,1
256.0,6.0,1.3513544922324257,0.0,0.0,108.0,5.0,1.0703785317179229,0.0,0.0,15.714285714285714,0.0,0.0,0.0,0.0,64.0,4210.0,16.0,0.0,0.0,0.0,4.0,0.0,0.0,0.0,0.0,1
174.0,5.0,1.023351203561138,0.0,0.0,50.0,3.0,0.9007243623657382,0.0,0.0,11.75,0.0,0.0,0.0,0.0,96.0,1132.0,28.0,0.0,0.0,0.0,2.0,0.0,0.0,2.0,0.0,2
378.0,2.0,0.6562848036763915,0.0,0.0,34.0,4.0,1.0710178890204567,0.0,16.0,8.071428571428571,0.0,0.0,0.0,0.0,14.0,8726.0,2.0,0.0,0.0,0.0,26.0,0.0,0.0,6.0,0.0,1
718.0,1.0,-1.000088900581841e-12,0.0,0.0,6.0,1.0,-1.000088900581841e-12,0.0,0.0,27.73333333333333,0.0,0.0,0.0,0.0,0.0,0.0,0.0,0.0,0.0,0.0,0.0,0.0,0.0,0.0,0.0,2
478.0,1.0,-1.000088900581841e-12,0.0,0.0,12.0,3.0,1.0986122886651095,0.0,0.0,53.1,0.0,0.0,0.0,0.0,0.0,0.0,0.0,0.0,0.0,0.0,0.0,0.0,0.0,0.0,0.0,2
0.0,0.0,0.0,0.0,0.0,4.0,1.0,-1.000088900581841e-12,0.0,0.0,74.03333333333333,0.0,0.0,0.0,0.0,0.0,0.0,0.0,0.0,0.0,0.0,0.0,0.0,0.0,0.0,0.0,2
0.0,0.0,0.0,0.0,0.0,10.0,1.0,-1.000088900581841e-12,0.0,0.0,90.63333333333334,0.0,0.0,0.0,0.0,0.0,0.0,0.0,0.0,0.0,0.0,0.0,0.0,0.0,0.0,0.0,2
0.0,0.0,0.0,0.0,0.0,4.0,1.0,-1.000088900581841e-12,0.0,0.0,98.6,0.0,0.0,0.0,0.0,0.0,0.0,0.0,0.0,0.0,0.0,0.0,0.0,0.0,0.0,0.0,2
0.0,0.0,0.0,0.0,0.0,0.0,0.0,0.0,0.0,0.0,100.0,0.0,0.0,0.0,0.0,0.0,0.0,0.0,0.0,0.0,0.0,0.0,0.0,0.0,0.0,0.0,2
0.0,0.0,0.0,0.0,0.0,10.0,1.0,-1.000088900581841e-12,0.0,0.0,100.0,0.0,0.0,0.0,0.0,0.0,0.0,0.0,0.0,0.0,0.0,0.0,0.0,0.0,0.0,0.0,2
0.0,0.0,0.0,0.0,0.0,4.0,1.0,-1.000088900581841e-12,0.0,0.0,100.0,0.0,0.0,0.0,0.0,0.0,0.0,0.0,0.0,0.0,0.0,0.0,0.0,0.0,0.0,0.0,2
0.0,0.0,0.0,0.0,0.0,4.0,1.0,-1.000088900581841e-12,0.0,0.0,100.0,0.0,0.0,0.0,0.0,0.0,0.0,0.0,0.0,0.0,0.0,0.0,0.0,0.0,0.0,0.0,2
0.0,0.0,0.0,0.0,0.0,4.0,1.0,-1.000088900581841e-12,0.0,0.0,100.0,0.0,0.0,0.0,0.0,0.0,0.0,0.0,0.0,0.0,0.0,0.0,0.0,0.0,0.0,0.0,2
0.0,0.0,0.0,0.0,0.0,8.0,1.0,-1.000088900581841e-12,0.0,0.0,100.0,0.0,0.0,0.0,0.0,0.0,0.0,0.0,0.0,0.0,0.0,0.0,0.0,0.0,0.0,0.0,2
0.0,0.0,0.0,0.0,0.0,0.0,0.0,0.0,0.0,0.0,100.0,0.0,0.0,0.0,0.0,0.0,0.0,0.0,0.0,0.0,0.0,0.0,0.0,0.0,0.0,0.0,2
0.0,0.0,0.0,0.0,0.0,4.0,1.0,-1.000088900581841e-12,0.0,0.0,100.0,0.0,0.0,0.0,0.0,0.0,0.0,0.0,0.0,0.0,0.0,0.0,0.0,0.0,0.0,0.0,2
0.0,0.0,0.0,0.0,0.0,6.0,1.0,-1.000088900581841e-12,0.0,0.0,100.0,0.0,0.0,0.0,0.0,0.0,0.0,0.0,0.0,0.0,0.0,0.0,0.0,0.0,0.0,0.0,2
0.0,0.0,0.0,0.0,0.0,4.0,1.0,-1.000088900581841e-12,0.0,0.0,100.0,0.0,0.0,0.0,0.0,0.0,0.0,0.0,0.0,0.0,0.0,0.0,0.0,0.0,0.0,0.0,2
178.0,2.0,0.2469023555449044,0.0,0.0,40.0,3.0,0.8018185525403374,0.0,0.0,97.53846153846152,0.0,0.0,0.0,0.0,56.0,1164.0,16.0,0.0,0.0,0.0,2.0,0.0,0.0,0.0,0.0,1
60.0,3.0,0.291139838828965,0.0,8.0,104.0,3.0,0.8587409130032867,0.0,0.0,94.11111111111111,0.0,0.0,0.0,0.0,20.0,52.0,10.0,0.0,0.0,90.0,10.0,0.0,0.0,4.0,0.0,2
210.0,5.0,1.1082699154973303,0.0,4.0,96.0,4.0,0.9885869335798548,0.0,0.0,89.46153846153847,0.0,0.0,0.0,0.0,42.0,1126.0,28.0,0.0,0.0,4.0,14.0,0.0,0.0,6.0,0.0,1
154.0,1.0,-1.000088900581841e-12,0.0,0.0,40.0,3.0,0.8979457248537798,0.0,0.0,88.0,0.0,0.0,0.0,0.0,24.0,1022.0,12.0,0.0,0.0,0.0,6.0,0.0,0.0,0.0,0.0,2
106.0,3.0,0.5242006217030988,0.0,0.0,26.0,2.0,0.4293230219286162,0.0,0.0,87.8,0.0,0.0,0.0,0.0,60.0,436.0,24.0,0.0,0.0,0.0,8.0,0.0,0.0,0.0,0.0,1
238.0,2.0,0.3449311769508815,0.0,0.0,40.0,3.0,1.0670938948727509,0.0,0.0,85.14285714285714,0.0,0.0,0.0,0.0,12.0,3988.0,4.0,0.0,0.0,0.0,28.0,0.0,0.0,6.0,0.0,2
342.0,4.0,0.7622375654631128,0.0,0.0,32.0,4.0,0.9507489270469152,0.0,0.0,81.8,0.0,0.0,0.0,0.0,60.0,4848.0,22.0,0.0,0.0,0.0,4.0,0.0,0.0,2.0,0.0,1
218.0,6.0,1.4018808786616446,0.0,0.0,100.0,5.0,1.3110953624094015,0.0,0.0,78.13333333333334,0.0,0.0,0.0,0.0,144.0,3672.0,40.0,0.0,0.0,0.0,0.0,0.0,0.0,0.0,0.0,1
288.0,6.0,1.0990860193401424,0.0,0.0,62.0,5.0,1.4522751561361256,0.0,0.0,74.0625,0.0,0.0,0.0,0.0,48.0,3636.0,18.0,0.0,0.0,0.0,0.0,0.0,0.0,0.0,0.0,1
360.0,2.0,0.3250829733894482,0.0,0.0,62.0,3.0,0.818633622926479,0.0,0.0,68.9047619047619,0.0,0.0,0.0,0.0,120.0,3002.0,40.0,0.0,0.0,0.0,0.0,0.0,0.0,0.0,0.0,1
284.0,1.0,-1.000088900581841e-12,0.0,0.0,86.0,6.0,1.3297598728635736,0.0,0.0,65.83333333333333,0.0,0.0,0.0,0.0,94.0,1662.0,32.0,0.0,0.0,0.0,0.0,0.0,0.0,0.0,0.0,1
394.0,6.0,0.7694641003039031,0.0,0.0,152.0,5.0,1.2399510179642363,0.0,0.0,61.1,0.0,0.0,0.0,0.0,90.0,4120.0,40.0,0.0,0.0,0.0,40.0,0.0,0.0,14.0,0.0,2
174.0,3.0,0.8890930027574834,0.0,0.0,90.0,8.0,1.2598538474493373,0.0,0.0,56.7,0.0,0.0,0.0,0.0,46.0,1262.0,12.0,0.0,0.0,0.0,10.0,0.0,0.0,4.0,0.0,1
12.0,1.0,-1.000088900581841e-12,0.0,0.0,26.0,4.0,1.204793309690784,0.0,0.0,56.0,0.0,0.0,0.0,0.0,0.0,0.0,0.0,0.0,0.0,0.0,4.0,0.0,0.0,6.0,0.0,1
0.0,0.0,0.0,0.0,0.0,12.0,2.0,0.6365141682928128,0.0,0.0,53.5,0.0,0.0,0.0,0.0,0.0,0.0,0.0,0.0,0.0,0.0,4.0,0.0,0.0,0.0,0.0,1
80.0,3.0,0.6116510622989808,0.0,0.0,60.0,7.0,1.548627314410775,0.0,0.0,51.625,0.0,0.0,0.0,0.0,60.0,2304.0,12.0,0.0,0.0,0.0,6.0,0.0,0.0,10.0,0.0,1
178.0,2.0,0.2469023555449044,0.0,0.0,0.0,0.0,0.0,0.0,0.0,41.0,0.0,0.0,0.0,0.0,10.0,650.0,6.0,0.0,0.0,0.0,0.0,0.0,0.0,0.0,0.0,1
170.0,2.0,0.559080803227012,0.0,0.0,0.0,0.0,0.0,0.0,0.0,39.0,0.0,0.0,0.0,0.0,24.0,1212.0,10.0,0.0,0.0,0.0,10.0,0.0,0.0,6.0,0.0,2
22.0,1.0,-1.000088900581841e-12,0.0,0.0,0.0,0.0,0.0,0.0,0.0,38.0,0.0,0.0,0.0,0.0,8.0,0.0,0.0,0.0,0.0,0.0,6.0,0.0,0.0,4.0,0.0,1
26.0,2.0,0.4293230219286162,0.0,0.0,0.0,0.0,0.0,0.0,0.0,37.42857142857143,0.0,0.0,0.0,0.0,8.0,92.0,2.0,0.0,0.0,8.0,0.0,0.0,0.0,2.0,0.0,1
304.0,3.0,0.6060311231177565,0.0,0.0,0.0,0.0,0.0,0.0,0.0,34.294117647058826,0.0,0.0,0.0,0.0,32.0,3480.0,18.0,0.0,0.0,0.0,12.0,0.0,0.0,4.0,0.0,1
122.0,2.0,0.3214659624802582,0.0,0.0,0.0,0.0,0.0,0.0,0.0,30.9,0.0,0.0,0.0,0.0,40.0,334.0,12.0,0.0,0.0,0.0,4.0,0.0,0.0,4.0,0.0,2
52.0,2.0,0.3576271598512217,0.0,0.0,0.0,0.0,0.0,0.0,0.0,29.4,0.0,0.0,0.0,0.0,8.0,362.0,4.0,0.0,0.0,0.0,6.0,0.0,0.0,4.0,0.0,2
30.0,1.0,-1.000088900581841e-12,0.0,0.0,0.0,0.0,0.0,0.0,0.0,18.0,0.0,0.0,0.0,0.0,0.0,222.0,0.0,0.0,0.0,0.0,0.0,0.0,0.0,0.0,0.0,1
706.0,1.0,-1.000088900581841e-12,0.0,0.0,0.0,0.0,0.0,0.0,4.0,28.0,0.0,0.0,0.0,0.0,4.0,120.0,0.0,0.0,0.0,0.0,30.0,0.0,0.0,2.0,0.0,1
720.0,1.0,-1.000088900581841e-12,0.0,0.0,0.0,0.0,0.0,0.0,0.0,51.8,0.0,0.0,0.0,0.0,0.0,0.0,0.0,0.0,0.0,0.0,0.0,0.0,0.0,0.0,0.0,1
16.0,1.0,-1.000088900581841e-12,0.0,0.0,0.0,0.0,0.0,0.0,0.0,74.13333333333334,0.0,0.0,0.0,0.0,0.0,0.0,0.0,0.0,0.0,0.0,0.0,0.0,0.0,0.0,0.0,1
0.0,0.0,0.0,0.0,0.0,0.0,0.0,0.0,0.0,0.0,90.86666666666666,0.0,0.0,0.0,0.0,0.0,0.0,0.0,0.0,0.0,0.0,0.0,0.0,0.0,0.0,0.0,1
0.0,0.0,0.0,0.0,0.0,0.0,0.0,0.0,0.0,0.0,98.83333333333331,0.0,0.0,0.0,0.0,0.0,0.0,0.0,0.0,0.0,0.0,0.0,0.0,0.0,0.0,0.0,1
0.0,0.0,0.0,0.0,0.0,0.0,0.0,0.0,0.0,0.0,100.0,0.0,0.0,0.0,0.0,0.0,0.0,0.0,0.0,0.0,0.0,0.0,0.0,0.0,0.0,0.0,1
0.0,0.0,0.0,0.0,0.0,0.0,0.0,0.0,0.0,0.0,100.0,0.0,0.0,0.0,0.0,0.0,0.0,0.0,0.0,0.0,0.0,0.0,0.0,0.0,0.0,0.0,1
0.0,0.0,0.0,0.0,0.0,0.0,0.0,0.0,0.0,0.0,100.0,0.0,0.0,0.0,0.0,0.0,0.0,0.0,0.0,0.0,0.0,0.0,0.0,0.0,0.0,0.0,1
0.0,0.0,0.0,0.0,0.0,0.0,0.0,0.0,0.0,0.0,100.0,0.0,0.0,0.0,0.0,0.0,0.0,0.0,0.0,0.0,0.0,0.0,0.0,0.0,0.0,0.0,1
0.0,0.0,0.0,0.0,0.0,0.0,0.0,0.0,0.0,0.0,100.0,0.0,0.0,0.0,0.0,0.0,0.0,0.0,0.0,0.0,0.0,0.0,0.0,0.0,0.0,0.0,1
0.0,0.0,0.0,0.0,0.0,0.0,0.0,0.0,0.0,0.0,100.0,0.0,0.0,0.0,0.0,0.0,0.0,0.0,0.0,0.0,0.0,0.0,0.0,0.0,0.0,0.0,1
0.0,0.0,0.0,0.0,0.0,0.0,0.0,0.0,0.0,0.0,100.0,0.0,0.0,0.0,0.0,0.0,0.0,0.0,0.0,0.0,0.0,0.0,0.0,0.0,0.0,0.0,1
0.0,0.0,0.0,0.0,0.0,0.0,0.0,0.0,0.0,0.0,100.0,0.0,0.0,0.0,0.0,0.0,0.0,0.0,0.0,0.0,0.0,0.0,0.0,0.0,0.0,0.0,1
0.0,0.0,0.0,0.0,0.0,0.0,0.0,0.0,0.0,0.0,100.0,0.0,0.0,0.0,0.0,0.0,0.0,0.0,0.0,0.0,0.0,0.0,0.0,0.0,0.0,0.0,1
0.0,0.0,0.0,0.0,0.0,0.0,0.0,0.0,0.0,0.0,100.0,0.0,0.0,0.0,0.0,0.0,0.0,0.0,0.0,0.0,0.0,0.0,0.0,0.0,0.0,0.0,1
0.0,0.0,0.0,0.0,0.0,0.0,0.0,0.0,0.0,0.0,100.0,0.0,0.0,0.0,0.0,0.0,0.0,0.0,0.0,0.0,0.0,0.0,0.0,0.0,0.0,0.0,1
38.0,1.0,-1.000088900581841e-12,0.0,0.0,0.0,0.0,0.0,0.0,0.0,100.0,0.0,0.0,0.0,0.0,8.0,0.0,2.0,0.0,0.0,0.0,0.0,0.0,0.0,0.0,0.0,1
40.0,3.0,0.5181862130472128,0.0,0.0,0.0,0.0,0.0,0.0,0.0,99.0,0.0,0.0,0.0,0.0,4.0,138.0,2.0,0.0,0.0,0.0,0.0,0.0,0.0,0.0,0.0,1
56.0,3.0,0.8562779956685775,0.0,0.0,0.0,0.0,0.0,0.0,0.0,97.14285714285714,0.0,0.0,0.0,0.0,0.0,202.0,0.0,0.0,0.0,0.0,2.0,0.0,0.0,0.0,0.0,1
12.0,1.0,-1.000088900581841e-12,0.0,0.0,0.0,0.0,0.0,0.0,0.0,96.16666666666669,0.0,0.0,0.0,0.0,0.0,0.0,0.0,0.0,0.0,0.0,0.0,0.0,0.0,0.0,0.0,1
52.0,3.0,0.5158361210997406,0.0,0.0,0.0,0.0,0.0,0.0,0.0,95.875,4.0,0.0,0.0,0.0,12.0,370.0,6.0,0.0,0.0,0.0,0.0,0.0,0.0,0.0,0.0,1
12.0,1.0,-1.000088900581841e-12,0.0,0.0,0.0,0.0,0.0,0.0,0.0,95.0,0.0,0.0,0.0,0.0,0.0,0.0,0.0,0.0,0.0,0.0,6.0,0.0,0.0,0.0,0.0,1
102.0,2.0,0.3999488692754496,0.0,0.0,0.0,0.0,0.0,0.0,0.0,93.5,0.0,0.0,0.0,0.0,6.0,1608.0,2.0,0.0,0.0,0.0,0.0,0.0,0.0,0.0,0.0,1
242.0,9.0,1.5178485707991682,0.0,0.0,0.0,0.0,0.0,0.0,0.0,91.17647058823528,0.0,0.0,0.0,0.0,112.0,1968.0,46.0,0.0,0.0,0.0,6.0,0.0,0.0,4.0,0.0,1
50.0,1.0,-1.000088900581841e-12,0.0,0.0,0.0,0.0,0.0,0.0,0.0,88.8,0.0,0.0,0.0,0.0,16.0,1100.0,2.0,0.0,0.0,0.0,0.0,0.0,0.0,0.0,0.0,1
46.0,1.0,-1.000088900581841e-12,0.0,0.0,0.0,0.0,0.0,0.0,0.0,52.71428571428572,0.0,0.0,0.0,0.0,2.0,0.0,2.0,0.0,0.0,0.0,0.0,0.0,0.0,0.0,0.0,1
12.0,1.0,-1.000088900581841e-12,0.0,0.0,0.0,0.0,0.0,0.0,0.0,52.0,0.0,0.0,0.0,0.0,0.0,0.0,0.0,0.0,0.0,0.0,0.0,0.0,0.0,0.0,0.0,1
658.0,5.0,1.3221302951726313,0.0,0.0,0.0,0.0,0.0,0.0,0.0,46.84615384615385,0.0,0.0,0.0,0.0,4.0,2534.0,4.0,2.0,0.0,0.0,22.0,0.0,0.0,6.0,0.0,1
704.0,1.0,-1.000088900581841e-12,0.0,0.0,0.0,0.0,0.0,0.0,8.0,52.13793103448276,0.0,0.0,0.0,0.0,12.0,0.0,0.0,0.0,0.0,0.0,30.0,0.0,0.0,4.0,0.0,2
718.0,1.0,-1.000088900581841e-12,0.0,0.0,0.0,0.0,0.0,0.0,0.0,75.6,0.0,0.0,0.0,0.0,0.0,0.0,0.0,0.0,0.0,0.0,0.0,0.0,0.0,0.0,0.0,1
0.0,0.0,0.0,0.0,0.0,0.0,0.0,0.0,0.0,0.0,92.6,0.0,0.0,0.0,0.0,0.0,0.0,0.0,0.0,0.0,0.0,0.0,0.0,0.0,0.0,0.0,1
0.0,0.0,0.0,0.0,0.0,0.0,0.0,0.0,0.0,0.0,99.36666666666666,0.0,0.0,0.0,0.0,0.0,0.0,0.0,0.0,0.0,0.0,0.0,0.0,0.0,0.0,0.0,1
0.0,0.0,0.0,0.0,0.0,0.0,0.0,0.0,0.0,0.0,100.0,0.0,0.0,0.0,0.0,0.0,0.0,0.0,0.0,0.0,0.0,0.0,0.0,0.0,0.0,0.0,1
0.0,0.0,0.0,0.0,0.0,0.0,0.0,0.0,0.0,0.0,100.0,0.0,0.0,0.0,0.0,0.0,0.0,0.0,0.0,0.0,0.0,0.0,0.0,0.0,0.0,0.0,1
0.0,0.0,0.0,0.0,0.0,0.0,0.0,0.0,0.0,0.0,100.0,0.0,0.0,0.0,0.0,0.0,0.0,0.0,0.0,0.0,0.0,0.0,0.0,0.0,0.0,0.0,1
0.0,0.0,0.0,0.0,0.0,0.0,0.0,0.0,0.0,0.0,100.0,0.0,0.0,0.0,0.0,0.0,0.0,0.0,0.0,0.0,0.0,0.0,0.0,0.0,0.0,0.0,1
0.0,0.0,0.0,0.0,0.0,0.0,0.0,0.0,0.0,0.0,100.0,0.0,0.0,0.0,0.0,0.0,0.0,0.0,0.0,0.0,0.0,0.0,0.0,0.0,0.0,0.0,1
0.0,0.0,0.0,0.0,0.0,0.0,0.0,0.0,0.0,0.0,100.0,0.0,0.0,0.0,0.0,0.0,0.0,0.0,0.0,0.0,0.0,0.0,0.0,0.0,0.0,0.0,1
0.0,0.0,0.0,0.0,0.0,0.0,0.0,0.0,0.0,0.0,100.0,0.0,0.0,0.0,0.0,0.0,0.0,0.0,0.0,0.0,0.0,0.0,0.0,0.0,0.0,0.0,1
0.0,0.0,0.0,0.0,0.0,0.0,0.0,0.0,0.0,0.0,100.0,0.0,0.0,0.0,0.0,0.0,0.0,0.0,0.0,0.0,0.0,0.0,0.0,0.0,0.0,0.0,1
0.0,0.0,0.0,0.0,0.0,0.0,0.0,0.0,0.0,0.0,100.0,0.0,0.0,0.0,0.0,0.0,0.0,0.0,0.0,0.0,0.0,0.0,0.0,0.0,0.0,0.0,1
0.0,0.0,0.0,0.0,0.0,0.0,0.0,0.0,0.0,0.0,100.0,0.0,0.0,0.0,0.0,0.0,0.0,0.0,0.0,0.0,0.0,0.0,0.0,0.0,0.0,0.0,1
0.0,0.0,0.0,0.0,0.0,0.0,0.0,0.0,0.0,0.0,100.0,0.0,0.0,0.0,0.0,0.0,0.0,0.0,0.0,0.0,0.0,0.0,0.0,0.0,0.0,0.0,1
46.0,1.0,-1.000088900581841e-12,0.0,0.0,0.0,0.0,0.0,0.0,0.0,99.93103448275862,0.0,0.0,0.0,0.0,12.0,184.0,6.0,0.0,0.0,0.0,4.0,0.0,0.0,0.0,0.0,1
74.0,1.0,-1.000088900581841e-12,0.0,0.0,0.0,0.0,0.0,0.0,0.0,98.2,0.0,0.0,0.0,0.0,12.0,988.0,6.0,0.0,0.0,0.0,12.0,0.0,0.0,0.0,0.0,1
92.0,4.0,0.7621724096569352,0.0,0.0,92.0,3.0,0.6487912695788871,0.0,0.0,67.55555555555556,0.0,0.0,0.0,0.0,12.0,182.0,4.0,0.0,0.0,0.0,0.0,0.0,0.0,0.0,0.0,2
126.0,5.0,1.2031818166140582,0.0,0.0,92.0,4.0,1.143277220399976,0.0,0.0,63.45454545454545,0.0,0.0,0.0,0.0,12.0,684.0,8.0,0.0,0.0,0.0,0.0,0.0,0.0,0.0,0.0,2
16.0,1.0,-1.000088900581841e-12,0.0,0.0,74.0,5.0,0.7407880603899181,0.0,0.0,58.0,0.0,0.0,0.0,0.0,4.0,0.0,0.0,0.0,0.0,0.0,0.0,0.0,0.0,0.0,0.0,2
46.0,2.0,0.4620369094644571,0.0,0.0,114.0,5.0,1.0620271454502923,0.0,0.0,55.375,0.0,0.0,0.0,0.0,12.0,36.0,4.0,0.0,0.0,0.0,0.0,0.0,0.0,0.0,0.0,2
146.0,3.0,0.6491172560973785,0.0,4.0,72.0,6.0,1.3298203667349322,0.0,0.0,50.30769230769231,0.0,0.0,0.0,0.0,20.0,260.0,14.0,0.0,0.0,6.0,4.0,0.0,0.0,12.0,0.0,1
12.0,1.0,-1.000088900581841e-12,0.0,0.0,2.0,1.0,-1.000088900581841e-12,0.0,0.0,49.0,0.0,0.0,0.0,0.0,0.0,0.0,0.0,0.0,0.0,0.0,2.0,0.0,0.0,2.0,0.0,1
168.0,3.0,0.3027839382761754,0.0,0.0,46.0,5.0,1.1282798480540317,0.0,0.0,47.583333333333336,0.0,0.0,0.0,0.0,28.0,950.0,20.0,0.0,0.0,12.0,16.0,0.0,0.0,16.0,0.0,1
12.0,1.0,-1.000088900581841e-12,0.0,0.0,16.0,3.0,1.039720770836918,0.0,0.0,45.0,0.0,0.0,0.0,0.0,0.0,0.0,0.0,0.0,0.0,0.0,0.0,0.0,0.0,0.0,0.0,1
174.0,1.0,-1.000088900581841e-12,0.0,0.0,34.0,4.0,1.2930224700603996,0.0,0.0,42.45454545454545,0.0,0.0,0.0,0.0,6.0,1486.0,2.0,0.0,0.0,0.0,4.0,0.0,0.0,2.0,0.0,2
242.0,2.0,0.6890092384746587,0.0,18.0,108.0,5.0,1.0304077858511334,0.0,0.0,38.3125,0.0,0.0,0.0,0.0,54.0,1020.0,22.0,0.0,0.0,72.0,0.0,0.0,0.0,16.0,0.0,1
64.0,3.0,0.8314025204926377,0.0,4.0,118.0,4.0,1.1081079922937402,0.0,0.0,32.3,0.0,0.0,0.0,0.0,18.0,18.0,8.0,0.0,0.0,16.0,42.0,0.0,0.0,4.0,0.0,1
12.0,1.0,-1.000088900581841e-12,0.0,0.0,16.0,3.0,1.039720770836918,0.0,0.0,31.0,0.0,0.0,0.0,0.0,0.0,0.0,0.0,0.0,0.0,0.0,0.0,0.0,0.0,0.0,0.0,1
52.0,2.0,0.4293230219286162,0.0,0.0,24.0,3.0,1.0986122886651095,0.0,0.0,31.0,6.0,0.0,0.0,0.0,6.0,310.0,2.0,0.0,0.0,0.0,6.0,0.0,0.0,4.0,0.0,1
46.0,1.0,-1.000088900581841e-12,0.0,0.0,38.0,3.0,0.9174021803597407,0.0,0.0,31.0,0.0,0.0,0.0,0.0,6.0,78.0,2.0,0.0,0.0,0.0,2.0,0.0,0.0,2.0,0.0,1
84.0,1.0,-1.000088900581841e-12,0.0,0.0,54.0,2.0,0.692461152609233,0.0,0.0,30.5,0.0,0.0,0.0,0.0,18.0,204.0,8.0,0.0,0.0,0.0,0.0,0.0,0.0,0.0,0.0,1
20.0,1.0,-1.000088900581841e-12,0.0,0.0,36.0,4.0,1.276257364232179,0.0,0.0,30.0,0.0,0.0,0.0,0.0,6.0,0.0,4.0,0.0,0.0,0.0,0.0,0.0,0.0,0.0,0.0,1
68.0,4.0,0.9935463784324516,0.0,0.0,96.0,8.0,1.817081563934908,0.0,0.0,29.33333333333333,0.0,0.0,0.0,0.0,30.0,650.0,14.0,0.0,0.0,0.0,2.0,0.0,0.0,4.0,0.0,1
36.0,2.0,0.6682484776625386,0.0,0.0,20.0,3.0,1.054920167983144,0.0,0.0,28.0,0.0,0.0,0.0,0.0,12.0,0.0,8.0,0.0,0.0,0.0,4.0,0.0,0.0,2.0,0.0,2
94.0,5.0,1.038390365658506,0.0,8.0,92.0,5.0,1.1365800067565162,0.0,0.0,25.11111111111111,0.0,0.0,0.0,0.0,12.0,652.0,10.0,0.0,0.0,52.0,4.0,0.0,0.0,14.0,0.0,1
68.0,4.0,1.1906905013492797,0.0,0.0,146.0,5.0,1.458308453377526,0.0,0.0,17.8,0.0,0.0,0.0,0.0,30.0,638.0,12.0,0.0,0.0,104.0,0.0,0.0,0.0,12.0,0.0,1
50.0,1.0,-1.000088900581841e-12,0.0,4.0,42.0,4.0,1.3194222729912846,0.0,0.0,12.666666666666666,0.0,0.0,0.0,0.0,16.0,498.0,10.0,0.0,0.0,26.0,30.0,0.0,0.0,16.0,0.0,1
504.0,1.0,-1.000088900581841e-12,0.0,0.0,0.0,0.0,0.0,0.0,4.0,24.0,0.0,0.0,0.0,0.0,8.0,4.0,2.0,0.0,0.0,0.0,42.0,0.0,0.0,0.0,0.0,1
720.0,1.0,-1.000088900581841e-12,0.0,0.0,4.0,1.0,-1.000088900581841e-12,0.0,0.0,45.46666666666667,0.0,0.0,0.0,0.0,0.0,0.0,0.0,0.0,0.0,0.0,0.0,0.0,0.0,0.0,0.0,1
308.0,2.0,0.4327138330117824,0.0,0.0,28.0,2.0,0.5982695885832573,0.0,0.0,63.708333333333336,0.0,0.0,0.0,0.0,22.0,1780.0,10.0,0.0,0.0,0.0,2.0,0.0,0.0,0.0,0.0,1
12.0,1.0,-1.000088900581841e-12,0.0,0.0,8.0,2.0,0.6931471805579453,0.0,0.0,48.0,0.0,0.0,0.0,0.0,0.0,0.0,0.0,0.0,0.0,0.0,2.0,0.0,0.0,0.0,0.0,1
122.0,5.0,1.0914004276983649,0.0,0.0,36.0,2.0,0.5297061990556545,0.0,0.0,45.888888888888886,0.0,0.0,0.0,0.0,42.0,2156.0,12.0,0.0,0.0,0.0,6.0,0.0,0.0,4.0,0.0,1
122.0,3.0,0.4623111986825952,0.0,0.0,56.0,4.0,0.9921068275646908,0.0,0.0,44.27272727272727,0.0,0.0,0.0,0.0,96.0,2868.0,26.0,0.0,0.0,0.0,6.0,0.0,0.0,2.0,0.0,1
76.0,1.0,-1.000088900581841e-12,0.0,0.0,28.0,2.0,0.410116318286409,0.0,0.0,43.0,0.0,0.0,0.0,0.0,96.0,808.0,34.0,0.0,0.0,0.0,2.0,0.0,0.0,0.0,0.0,1
94.0,1.0,-1.000088900581841e-12,0.0,0.0,14.0,2.0,0.6829081046984717,0.0,0.0,41.888888888888886,0.0,0.0,0.0,0.0,32.0,1572.0,10.0,0.0,0.0,0.0,2.0,0.0,0.0,0.0,0.0,1
32.0,2.0,0.2337916587044593,0.0,0.0,92.0,3.0,0.5625654160235952,0.0,0.0,39.142857142857146,0.0,0.0,0.0,0.0,30.0,274.0,10.0,0.0,0.0,0.0,6.0,0.0,0.0,0.0,0.0,1
102.0,2.0,0.4949176785102262,0.0,0.0,78.0,5.0,1.2071043016985894,0.0,0.0,37.6,0.0,0.0,0.0,0.0,64.0,1054.0,24.0,0.0,0.0,0.0,10.0,0.0,0.0,2.0,0.0,1
372.0,2.0,0.0334572777999642,0.0,0.0,88.0,3.0,1.0058928604197317,0.0,0.0,32.95238095238095,0.0,0.0,0.0,0.0,128.0,8580.0,38.0,0.0,0.0,0.0,4.0,0.0,0.0,0.0,0.0,1
98.0,1.0,-1.000088900581841e-12,0.0,0.0,54.0,3.0,0.8130829013110311,0.0,0.0,28.90909090909091,0.0,0.0,0.0,0.0,126.0,684.0,42.0,0.0,0.0,0.0,2.0,0.0,0.0,4.0,0.0,1
12.0,1.0,-1.000088900581841e-12,0.0,0.0,14.0,3.0,1.0789922078745835,0.0,0.0,27.0,0.0,0.0,0.0,0.0,0.0,0.0,0.0,0.0,0.0,0.0,2.0,0.0,0.0,2.0,0.0,1
10.0,1.0,-1.000088900581841e-12,0.0,0.0,16.0,3.0,1.0821955300357673,0.0,0.0,25.857142857142858,0.0,0.0,0.0,0.0,48.0,0.0,0.0,0.0,0.0,0.0,0.0,0.0,0.0,0.0,0.0,1
662.0,2.0,0.531383116416815,0.0,0.0,140.0,4.0,1.0034168553756628,0.0,16.0,24.79310344827586,0.0,16.0,0.0,14.0,92.0,3750.0,26.0,0.0,0.0,0.0,50.0,0.0,0.0,22.0,0.0,1
716.0,1.0,-1.000088900581841e-12,0.0,0.0,4.0,1.0,-1.000088900581841e-12,0.0,0.0,44.2,0.0,0.0,0.0,0.0,0.0,0.0,0.0,0.0,0.0,0.0,0.0,0.0,0.0,0.0,0.0,1
570.0,1.0,-1.000088900581841e-12,0.0,0.0,4.0,1.0,-1.000088900581841e-12,0.0,0.0,68.7,0.0,0.0,0.0,0.0,0.0,0.0,0.0,0.0,0.0,0.0,0.0,0.0,0.0,0.0,0.0,1
0.0,0.0,0.0,0.0,0.0,104.0,2.0,0.1630236294923659,0.0,0.0,87.8,0.0,0.0,0.0,0.0,0.0,0.0,0.0,0.0,0.0,0.0,0.0,0.0,0.0,0.0,0.0,1
0.0,0.0,0.0,0.0,0.0,4.0,1.0,-1.000088900581841e-12,0.0,0.0,97.5,0.0,0.0,0.0,0.0,0.0,0.0,0.0,0.0,0.0,0.0,0.0,0.0,0.0,0.0,0.0,1
0.0,0.0,0.0,0.0,0.0,4.0,1.0,-1.000088900581841e-12,0.0,0.0,100.0,0.0,0.0,0.0,0.0,0.0,0.0,0.0,0.0,0.0,0.0,0.0,0.0,0.0,0.0,0.0,1
0.0,0.0,0.0,0.0,0.0,4.0,1.0,-1.000088900581841e-12,0.0,0.0,100.0,0.0,0.0,0.0,0.0,16.0,0.0,0.0,0.0,0.0,0.0,0.0,0.0,0.0,0.0,0.0,2
0.0,0.0,0.0,0.0,0.0,4.0,1.0,-1.000088900581841e-12,0.0,0.0,100.0,0.0,0.0,0.0,0.0,0.0,0.0,0.0,0.0,0.0,0.0,0.0,0.0,0.0,0.0,0.0,1
30.0,2.0,0.6909233093118181,0.0,0.0,54.0,5.0,1.574892010358637,0.0,0.0,99.76190476190476,0.0,0.0,0.0,0.0,46.0,0.0,4.0,0.0,0.0,0.0,2.0,0.0,0.0,0.0,0.0,1
16.0,1.0,-1.000088900581841e-12,0.0,0.0,16.0,5.0,1.559581156254877,0.0,0.0,98.0,0.0,0.0,0.0,0.0,0.0,0.0,0.0,0.0,0.0,0.0,0.0,0.0,0.0,0.0,0.0,1
34.0,1.0,-1.000088900581841e-12,0.0,0.0,28.0,3.0,0.796311640170813,0.0,0.0,97.57142857142856,0.0,0.0,0.0,0.0,30.0,16.0,10.0,0.0,0.0,0.0,0.0,0.0,0.0,0.0,0.0,2
12.0,1.0,-1.000088900581841e-12,0.0,0.0,34.0,4.0,1.2324052234617893,0.0,0.0,96.6,0.0,0.0,0.0,0.0,0.0,110.0,0.0,0.0,0.0,0.0,0.0,0.0,0.0,0.0,0.0,1
204.0,3.0,0.6516089760523738,0.0,0.0,52.0,4.0,1.190291263033286,0.0,0.0,93.07692307692308,0.0,0.0,0.0,0.0,26.0,1096.0,0.0,0.0,0.0,0.0,2.0,0.0,0.0,0.0,0.0,1
280.0,4.0,0.7187643237945935,0.0,0.0,16.0,3.0,1.039720770836918,0.0,0.0,89.76470588235294,0.0,0.0,0.0,0.0,30.0,520.0,4.0,0.0,0.0,0.0,38.0,0.0,0.0,0.0,0.0,1
556.0,1.0,-1.000088900581841e-12,0.0,0.0,14.0,3.0,0.9556998911095343,0.0,0.0,78.64,0.0,0.0,0.0,0.0,10.0,40.0,2.0,0.0,0.0,0.0,0.0,0.0,0.0,0.0,0.0,1
120.0,6.0,1.3348012695914762,0.0,0.0,16.0,2.0,0.5623351446168083,0.0,0.0,74.0,0.0,0.0,0.0,0.0,30.0,748.0,14.0,0.0,0.0,0.0,8.0,0.0,0.0,4.0,0.0,2
12.0,1.0,-1.000088900581841e-12,0.0,0.0,8.0,1.0,-1.000088900581841e-12,0.0,0.0,74.0,0.0,0.0,0.0,0.0,0.0,0.0,0.0,0.0,0.0,0.0,2.0,0.0,0.0,0.0,0.0,2
208.0,4.0,0.7313348029846456,0.0,0.0,34.0,2.0,0.362210557133449,0.0,0.0,73.78571428571429,0.0,0.0,0.0,0.0,44.0,2354.0,10.0,0.0,0.0,2.0,8.0,0.0,0.0,2.0,0.0,2
100.0,1.0,-1.000088900581841e-12,0.0,0.0,38.0,4.0,1.2060446581589843,0.0,0.0,71.8,0.0,0.0,0.0,0.0,42.0,322.0,8.0,0.0,0.0,0.0,10.0,0.0,0.0,4.0,0.0,2
20.0,1.0,-1.000088900581841e-12,0.0,0.0,8.0,2.0,0.6931471805579453,0.0,0.0,71.0,0.0,0.0,0.0,0.0,14.0,0.0,4.0,0.0,0.0,0.0,0.0,0.0,0.0,0.0,0.0,1
18.0,1.0,-1.000088900581841e-12,0.0,0.0,12.0,2.0,0.6365141682928128,0.0,0.0,70.28571428571429,0.0,0.0,0.0,0.0,14.0,128.0,4.0,0.0,0.0,0.0,0.0,0.0,0.0,0.0,0.0,1
36.0,2.0,0.6365141682928128,0.0,8.0,32.0,3.0,0.9743147528663494,0.0,0.0,69.625,0.0,0.0,0.0,0.0,28.0,100.0,8.0,0.0,0.0,0.0,2.0,0.0,0.0,2.0,0.0,2
236.0,3.0,0.4202731103766551,0.0,6.0,62.0,5.0,1.2131590094561655,0.0,0.0,65.71428571428571,0.0,0.0,0.0,0.0,28.0,1000.0,6.0,0.0,0.0,0.0,34.0,0.0,0.0,2.0,0.0,1
362.0,4.0,0.7866174977747585,0.0,0.0,126.0,7.0,1.626147006778574,0.0,0.0,59.095238095238095,0.0,0.0,0.0,0.0,78.0,3746.0,6.0,0.0,0.0,0.0,78.0,0.0,0.0,14.0,0.0,2
42.0,2.0,0.1914440819557173,0.0,0.0,16.0,2.0,0.6931471805579453,0.0,0.0,54.125,0.0,0.0,0.0,0.0,14.0,594.0,6.0,0.0,0.0,0.0,2.0,0.0,0.0,2.0,0.0,2
12.0,1.0,-1.000088900581841e-12,0.0,0.0,4.0,1.0,-1.000088900581841e-12,0.0,0.0,54.0,0.0,0.0,0.0,0.0,0.0,0.0,0.0,0.0,0.0,0.0,0.0,0.0,0.0,0.0,0.0,1
526.0,1.0,-1.000088900581841e-12,0.0,0.0,14.0,2.0,0.6829081046984717,0.0,0.0,44.91304347826087,0.0,0.0,0.0,0.0,28.0,5276.0,8.0,0.0,0.0,0.0,62.0,0.0,0.0,4.0,0.0,2
672.0,4.0,0.7784352624857075,0.0,48.0,30.0,3.0,0.6277052571941505,0.0,14.0,46.60714285714285,0.0,0.0,0.0,0.0,80.0,4982.0,18.0,0.0,0.0,0.0,34.0,0.0,0.0,8.0,0.0,1
720.0,1.0,-1.000088900581841e-12,0.0,0.0,28.0,3.0,1.0042424730510766,0.0,0.0,69.96666666666667,0.0,0.0,0.0,0.0,0.0,0.0,0.0,0.0,0.0,0.0,0.0,0.0,0.0,0.0,0.0,1
234.0,1.0,-1.000088900581841e-12,0.0,0.0,4.0,1.0,-1.000088900581841e-12,0.0,0.0,89.8,0.0,0.0,0.0,0.0,0.0,0.0,0.0,0.0,0.0,0.0,0.0,0.0,0.0,0.0,0.0,1
0.0,0.0,0.0,0.0,0.0,4.0,1.0,-1.000088900581841e-12,0.0,0.0,98.36666666666666,0.0,0.0,0.0,0.0,0.0,0.0,0.0,0.0,0.0,0.0,0.0,0.0,0.0,0.0,0.0,1
0.0,0.0,0.0,0.0,0.0,28.0,4.0,1.232643284494737,0.0,0.0,100.0,0.0,0.0,0.0,0.0,0.0,0.0,0.0,0.0,0.0,0.0,0.0,0.0,0.0,0.0,0.0,1
164.0,3.0,0.8246470615342045,0.0,0.0,26.0,3.0,1.0928305535254883,0.0,0.0,99.4375,0.0,0.0,0.0,0.0,70.0,1816.0,8.0,0.0,0.0,0.0,14.0,0.0,0.0,14.0,0.0,1
12.0,1.0,-1.000088900581841e-12,0.0,0.0,4.0,1.0,-1.000088900581841e-12,0.0,0.0,97.33333333333331,0.0,0.0,0.0,0.0,0.0,0.0,0.0,0.0,0.0,0.0,0.0,0.0,0.0,0.0,0.0,1
6.0,1.0,-1.000088900581841e-12,0.0,0.0,6.0,1.0,-1.000088900581841e-12,0.0,0.0,96.5,8.0,0.0,0.0,0.0,0.0,0.0,0.0,0.0,0.0,0.0,0.0,0.0,0.0,0.0,0.0,1
0.0,0.0,0.0,0.0,0.0,0.0,0.0,0.0,0.0,0.0,96.0,0.0,0.0,0.0,0.0,0.0,0.0,0.0,0.0,0.0,0.0,0.0,0.0,0.0,0.0,0.0,1
0.0,0.0,0.0,0.0,0.0,4.0,1.0,-1.000088900581841e-12,0.0,0.0,95.5,18.0,0.0,0.0,0.0,0.0,0.0,0.0,0.0,0.0,0.0,2.0,0.0,0.0,0.0,0.0,1
0.0,0.0,0.0,0.0,0.0,0.0,0.0,0.0,0.0,0.0,95.0,0.0,0.0,0.0,0.0,0.0,0.0,0.0,0.0,0.0,0.0,0.0,0.0,0.0,0.0,0.0,1
0.0,0.0,0.0,0.0,0.0,0.0,0.0,0.0,0.0,0.0,95.0,0.0,0.0,0.0,0.0,0.0,0.0,0.0,0.0,0.0,0.0,0.0,0.0,0.0,0.0,0.0,1
0.0,0.0,0.0,0.0,0.0,0.0,0.0,0.0,0.0,0.0,94.16666666666669,0.0,0.0,0.0,0.0,0.0,0.0,0.0,0.0,0.0,0.0,0.0,0.0,0.0,0.0,0.0,1
0.0,0.0,0.0,0.0,0.0,24.0,1.0,-1.000088900581841e-12,0.0,0.0,93.16666666666669,16.0,0.0,0.0,0.0,0.0,0.0,0.0,0.0,0.0,0.0,2.0,0.0,0.0,0.0,0.0,1
0.0,0.0,0.0,0.0,0.0,0.0,0.0,0.0,0.0,0.0,93.0,0.0,0.0,0.0,0.0,0.0,0.0,0.0,0.0,0.0,0.0,0.0,0.0,0.0,0.0,0.0,1
0.0,0.0,0.0,0.0,0.0,0.0,0.0,0.0,0.0,0.0,92.5,0.0,0.0,0.0,0.0,0.0,0.0,0.0,0.0,0.0,0.0,0.0,0.0,0.0,0.0,0.0,1
0.0,0.0,0.0,0.0,0.0,0.0,0.0,0.0,0.0,0.0,92.0,0.0,0.0,0.0,0.0,0.0,0.0,0.0,0.0,0.0,0.0,0.0,0.0,0.0,0.0,0.0,1
0.0,0.0,0.0,0.0,0.0,0.0,0.0,0.0,0.0,0.0,91.5,0.0,0.0,0.0,0.0,0.0,0.0,0.0,0.0,0.0,0.0,0.0,0.0,0.0,0.0,0.0,2
12.0,1.0,-1.000088900581841e-12,0.0,0.0,480.0,4.0,0.9263460703874044,0.0,0.0,88.42857142857143,0.0,0.0,0.0,0.0,36.0,0.0,4.0,0.0,0.0,0.0,2.0,0.0,0.0,2.0,0.0,1
12.0,1.0,-1.000088900581841e-12,0.0,0.0,158.0,4.0,0.6732546595258642,0.0,0.0,86.0,0.0,0.0,0.0,0.0,0.0,0.0,0.0,0.0,0.0,0.0,0.0,0.0,0.0,0.0,0.0,1
2.0,1.0,-1.000088900581841e-12,0.0,0.0,50.0,3.0,0.8486765553486089,0.0,0.0,86.0,14.0,0.0,0.0,0.0,0.0,0.0,0.0,0.0,0.0,0.0,0.0,0.0,0.0,0.0,0.0,1
0.0,0.0,0.0,0.0,0.0,0.0,0.0,0.0,0.0,0.0,86.0,0.0,0.0,0.0,0.0,0.0,0.0,0.0,0.0,0.0,0.0,0.0,0.0,0.0,0.0,0.0,1
188.0,5.0,0.8699322445929993,0.0,0.0,84.0,5.0,1.229136964823328,0.0,0.0,84.16666666666667,12.0,0.0,0.0,0.0,72.0,5982.0,22.0,0.0,0.0,0.0,18.0,0.0,0.0,8.0,0.0,1
178.0,2.0,0.6311953270005468,0.0,0.0,78.0,5.0,1.326127732334984,0.0,0.0,80.36363636363636,0.0,0.0,0.0,0.0,26.0,3692.0,2.0,0.0,0.0,0.0,28.0,0.0,0.0,0.0,0.0,1
246.0,2.0,0.1700056948084748,0.0,0.0,76.0,4.0,1.0280940565590373,0.0,0.0,77.28571428571429,0.0,0.0,0.0,0.0,4.0,584.0,4.0,0.0,0.0,0.0,10.0,0.0,0.0,0.0,0.0,1
68.0,4.0,1.0972821595560365,0.0,0.0,8.0,2.0,0.6931471805579453,0.0,0.0,76.0,0.0,0.0,0.0,0.0,2.0,40.0,2.0,0.0,0.0,0.0,2.0,0.0,0.0,0.0,0.0,2
58.0,4.0,1.1036647839681095,0.0,0.0,22.0,2.0,0.6890092384746587,0.0,0.0,75.5,0.0,0.0,0.0,0.0,6.0,238.0,6.0,0.0,0.0,0.0,20.0,0.0,0.0,0.0,0.0,2
42.0,2.0,0.4869127094626022,0.0,0.0,28.0,3.0,1.0042424730510766,0.0,0.0,74.125,0.0,0.0,0.0,0.0,8.0,2.0,4.0,0.0,0.0,0.0,2.0,0.0,0.0,2.0,0.0,1
298.0,4.0,0.9241696852794636,0.0,0.0,90.0,4.0,0.8684133242073385,0.0,0.0,71.11111111111111,0.0,0.0,0.0,0.0,8.0,294.0,4.0,0.0,0.0,0.0,34.0,0.0,0.0,2.0,0.0,1
18.0,1.0,-1.000088900581841e-12,0.0,0.0,20.0,2.0,0.6730116670072565,0.0,0.0,70.0,0.0,0.0,0.0,0.0,4.0,0.0,2.0,0.0,0.0,0.0,0.0,0.0,0.0,0.0,0.0,1
12.0,1.0,-1.000088900581841e-12,0.0,0.0,12.0,1.0,-1.000088900581841e-12,0.0,0.0,69.66666666666667,0.0,0.0,0.0,0.0,0.0,0.0,0.0,0.0,0.0,0.0,0.0,0.0,0.0,0.0,0.0,2
2.0,1.0,-1.000088900581841e-12,0.0,0.0,0.0,0.0,0.0,0.0,0.0,69.0,2.0,0.0,0.0,0.0,0.0,0.0,0.0,0.0,0.0,0.0,2.0,0.0,0.0,0.0,0.0,1
32.0,2.0,0.482577565175012,0.0,0.0,70.0,5.0,1.2129476506938175,0.0,0.0,68.625,0.0,0.0,0.0,0.0,6.0,184.0,6.0,0.0,0.0,0.0,4.0,0.0,0.0,6.0,0.0,2
332.0,4.0,0.2759323513920922,0.0,0.0,28.0,3.0,1.0042424730510766,0.0,0.0,65.05555555555556,0.0,0.0,0.0,0.0,4.0,122.0,4.0,0.0,0.0,0.0,32.0,0.0,0.0,6.0,0.0,1
326.0,5.0,1.2205883698227096,0.0,0.0,48.0,2.0,0.6036372514983261,0.0,0.0,59.66666666666666,0.0,0.0,0.0,0.0,18.0,2454.0,12.0,0.0,0.0,0.0,24.0,0.0,0.0,2.0,0.0,1
96.0,1.0,-1.000088900581841e-12,0.0,0.0,32.0,5.0,1.249343231062561,0.0,0.0,56.44444444444444,0.0,0.0,0.0,0.0,20.0,1014.0,4.0,0.0,0.0,0.0,2.0,0.0,0.0,0.0,0.0,1
118.0,4.0,0.969968214043344,0.0,0.0,12.0,2.0,0.6365141682928128,0.0,0.0,55.2,0.0,0.0,0.0,0.0,10.0,2204.0,4.0,0.0,0.0,0.0,14.0,0.0,0.0,2.0,0.0,1
110.0,2.0,0.4741393130558373,0.0,0.0,12.0,2.0,0.6365141682928128,0.0,0.0,53.5,0.0,0.0,0.0,0.0,20.0,812.0,6.0,0.0,0.0,0.0,2.0,0.0,0.0,0.0,0.0,1
28.0,1.0,-1.000088900581841e-12,0.0,0.0,12.0,2.0,0.6365141682928128,0.0,0.0,53.0,0.0,0.0,0.0,0.0,20.0,0.0,10.0,0.0,0.0,0.0,2.0,0.0,0.0,2.0,0.0,1
34.0,2.0,0.5455945739671844,0.0,0.0,28.0,3.0,0.9556998911095343,0.0,0.0,52.142857142857146,0.0,0.0,0.0,0.0,10.0,1076.0,4.0,0.0,0.0,0.0,0.0,0.0,0.0,0.0,0.0,1
12.0,1.0,-1.000088900581841e-12,0.0,0.0,0.0,0.0,0.0,0.0,0.0,51.833333333333336,0.0,0.0,0.0,0.0,0.0,0.0,0.0,0.0,0.0,0.0,0.0,0.0,0.0,0.0,0.0,1
4.0,1.0,-1.000088900581841e-12,0.0,0.0,4.0,1.0,-1.000088900581841e-12,0.0,0.0,51.0,10.0,0.0,0.0,0.0,0.0,0.0,0.0,0.0,0.0,0.0,0.0,0.0,0.0,0.0,0.0,2
18.0,1.0,-1.000088900581841e-12,0.0,0.0,16.0,2.0,0.5623351446168083,0.0,0.0,51.0,0.0,0.0,0.0,0.0,10.0,0.0,4.0,0.0,0.0,0.0,2.0,0.0,0.0,2.0,0.0,1
20.0,1.0,-1.000088900581841e-12,0.0,0.0,18.0,4.0,1.2730283365856256,0.0,0.0,50.142857142857146,0.0,0.0,0.0,0.0,10.0,0.0,0.0,0.0,0.0,0.0,4.0,0.0,0.0,0.0,0.0,1
2.0,1.0,-1.000088900581841e-12,0.0,0.0,4.0,1.0,-1.000088900581841e-12,0.0,0.0,49.833333333333336,0.0,0.0,0.0,0.0,0.0,0.0,0.0,0.0,0.0,0.0,0.0,0.0,0.0,0.0,0.0,1
162.0,3.0,0.3595737195185777,0.0,0.0,16.0,3.0,1.039720770836918,0.0,0.0,48.09090909090909,0.0,0.0,0.0,0.0,20.0,1398.0,6.0,0.0,0.0,0.0,4.0,0.0,0.0,0.0,0.0,1
278.0,3.0,0.1504114596641828,0.0,0.0,28.0,2.0,0.6829081046984717,0.0,0.0,44.53333333333333,0.0,0.0,0.0,0.0,30.0,2896.0,10.0,0.0,0.0,0.0,14.0,0.0,0.0,8.0,0.0,1
286.0,8.0,0.8876785318086928,0.0,0.0,18.0,3.0,1.060856947155021,0.0,0.0,40.8,0.0,0.0,0.0,0.0,20.0,3194.0,4.0,0.0,0.0,0.0,34.0,0.0,0.0,2.0,0.0,2
12.0,1.0,-1.000088900581841e-12,0.0,0.0,0.0,0.0,0.0,0.0,0.0,39.0,0.0,0.0,0.0,0.0,0.0,0.0,0.0,0.0,0.0,0.0,4.0,0.0,0.0,2.0,0.0,2
48.0,4.0,1.1051267888064864,0.0,0.0,24.0,2.0,0.6931471805579453,0.0,0.0,39.0,6.0,0.0,0.0,0.0,30.0,468.0,8.0,0.0,0.0,0.0,4.0,0.0,0.0,2.0,0.0,2
164.0,3.0,0.4582861381851896,0.0,0.0,28.0,3.0,0.9556998911095343,0.0,0.0,37.3,0.0,0.0,0.0,0.0,30.0,1252.0,10.0,0.0,0.0,0.0,6.0,0.0,0.0,2.0,0.0,2
12.0,1.0,-1.000088900581841e-12,0.0,0.0,22.0,3.0,0.9075352941020092,0.0,0.0,36.0,0.0,0.0,0.0,0.0,12.0,0.0,0.0,0.0,0.0,0.0,2.0,0.0,0.0,0.0,0.0,2
172.0,3.0,0.3906184254686387,0.0,0.0,28.0,2.0,0.410116318286409,0.0,0.0,34.583333333333336,0.0,0.0,0.0,0.0,44.0,2390.0,8.0,0.0,0.0,0.0,0.0,0.0,0.0,0.0,0.0,2
140.0,3.0,0.2930616707935593,0.0,0.0,28.0,4.0,1.1163670752853367,0.0,0.0,32.416666666666664,0.0,0.0,0.0,0.0,70.0,790.0,20.0,0.0,0.0,0.0,10.0,0.0,0.0,4.0,0.0,3
180.0,3.0,0.567977735448997,0.0,0.0,6.0,1.0,-1.000088900581841e-12,0.0,0.0,30.0,0.0,0.0,0.0,0.0,34.0,2378.0,12.0,0.0,0.0,0.0,10.0,0.0,0.0,0.0,0.0,3
658.0,5.0,0.7929304402424705,0.0,0.0,458.0,3.0,0.579672996370533,0.0,18.0,31.06896551724138,0.0,0.0,0.0,0.0,38.0,6506.0,2.0,0.0,0.0,0.0,38.0,0.0,0.0,4.0,0.0,3
718.0,1.0,-1.000088900581841e-12,0.0,0.0,0.0,0.0,0.0,0.0,0.0,53.6,0.0,0.0,0.0,0.0,0.0,0.0,0.0,0.0,0.0,0.0,0.0,0.0,0.0,0.0,0.0,1
194.0,1.0,-1.000088900581841e-12,0.0,0.0,0.0,0.0,0.0,0.0,0.0,76.5,0.0,0.0,0.0,0.0,0.0,0.0,0.0,0.0,0.0,0.0,2.0,0.0,0.0,0.0,0.0,1
0.0,0.0,0.0,0.0,0.0,0.0,0.0,0.0,0.0,0.0,92.26666666666668,0.0,0.0,0.0,0.0,0.0,0.0,0.0,0.0,0.0,0.0,0.0,0.0,0.0,0.0,0.0,1
0.0,0.0,0.0,0.0,0.0,0.0,0.0,0.0,0.0,0.0,99.2,0.0,0.0,0.0,0.0,0.0,0.0,0.0,0.0,0.0,0.0,0.0,0.0,0.0,0.0,0.0,2
0.0,0.0,0.0,0.0,0.0,0.0,0.0,0.0,0.0,0.0,100.0,0.0,0.0,0.0,0.0,0.0,0.0,0.0,0.0,0.0,0.0,0.0,0.0,0.0,0.0,0.0,2
0.0,0.0,0.0,0.0,0.0,0.0,0.0,0.0,0.0,0.0,100.0,0.0,0.0,0.0,0.0,0.0,0.0,0.0,0.0,0.0,0.0,0.0,0.0,0.0,0.0,0.0,2
0.0,0.0,0.0,0.0,0.0,4.0,1.0,-1.000088900581841e-12,0.0,0.0,100.0,0.0,0.0,0.0,0.0,0.0,0.0,0.0,0.0,0.0,0.0,0.0,0.0,0.0,0.0,0.0,2
0.0,0.0,0.0,0.0,0.0,8.0,1.0,-1.000088900581841e-12,0.0,0.0,100.0,0.0,0.0,0.0,0.0,0.0,0.0,0.0,0.0,0.0,0.0,0.0,0.0,0.0,0.0,0.0,2
0.0,0.0,0.0,0.0,0.0,4.0,1.0,-1.000088900581841e-12,0.0,0.0,100.0,0.0,0.0,0.0,0.0,0.0,0.0,0.0,0.0,0.0,0.0,0.0,0.0,0.0,0.0,0.0,2
0.0,0.0,0.0,0.0,0.0,4.0,1.0,-1.000088900581841e-12,0.0,0.0,100.0,0.0,0.0,0.0,0.0,0.0,0.0,0.0,0.0,0.0,0.0,0.0,0.0,0.0,0.0,0.0,2
0.0,0.0,0.0,0.0,0.0,0.0,0.0,0.0,0.0,0.0,100.0,0.0,0.0,0.0,0.0,0.0,0.0,0.0,0.0,0.0,0.0,0.0,0.0,0.0,0.0,0.0,2
0.0,0.0,0.0,0.0,0.0,8.0,1.0,-1.000088900581841e-12,0.0,0.0,100.0,0.0,0.0,0.0,0.0,0.0,0.0,0.0,0.0,0.0,0.0,0.0,0.0,0.0,0.0,0.0,2
0.0,0.0,0.0,0.0,0.0,4.0,1.0,-1.000088900581841e-12,0.0,0.0,100.0,0.0,0.0,0.0,0.0,0.0,0.0,0.0,0.0,0.0,0.0,2.0,0.0,0.0,0.0,0.0,2
292.0,2.0,0.0723777895141174,0.0,0.0,24.0,4.0,1.2860573368703792,0.0,0.0,99.20689655172414,0.0,0.0,0.0,0.0,40.0,2598.0,8.0,0.0,0.0,0.0,34.0,0.0,0.0,0.0,0.0,1
234.0,7.0,1.4988459914723382,0.0,0.0,90.0,5.0,1.0642780407336092,0.0,0.0,94.86666666666666,0.0,0.0,0.0,0.0,94.0,2840.0,24.0,0.0,0.0,0.0,10.0,0.0,0.0,4.0,0.0,2
414.0,6.0,1.0768999231030527,0.0,0.0,66.0,4.0,1.1686059127028636,0.0,0.0,84.95454545454545,0.0,0.0,0.0,0.0,248.0,24892.0,38.0,0.0,0.0,0.0,20.0,0.0,0.0,6.0,0.0,2
138.0,4.0,0.7163400372084526,0.0,0.0,44.0,3.0,0.9164648855364712,0.0,0.0,80.8,0.0,0.0,0.0,0.0,166.0,12066.0,36.0,0.0,0.0,0.0,4.0,0.0,0.0,4.0,0.0,2
208.0,2.0,0.4125698421903958,0.0,0.0,294.0,5.0,0.6096219896953896,0.0,0.0,78.46666666666667,0.0,0.0,0.0,0.0,270.0,10254.0,50.0,0.0,0.0,0.0,10.0,0.0,0.0,10.0,0.0,2
76.0,4.0,1.230778718692668,0.0,0.0,40.0,4.0,1.1682824501725626,0.0,0.0,76.4,0.0,0.0,0.0,0.0,82.0,2518.0,12.0,0.0,0.0,0.0,0.0,0.0,0.0,0.0,0.0,1
12.0,1.0,-1.000088900581841e-12,0.0,0.0,24.0,3.0,0.8675632284784613,0.0,0.0,76.0,0.0,0.0,0.0,0.0,0.0,0.0,0.0,0.0,0.0,0.0,0.0,0.0,0.0,0.0,0.0,2
4.0,1.0,-1.000088900581841e-12,0.0,0.0,18.0,3.0,0.8486855577234171,0.0,0.0,76.0,16.0,0.0,0.0,0.0,0.0,0.0,0.0,0.0,0.0,0.0,0.0,0.0,0.0,0.0,0.0,2
104.0,3.0,0.96878748440057,0.0,0.0,276.0,5.0,0.9669531552844092,0.0,0.0,74.6,0.0,0.0,0.0,0.0,112.0,376.0,10.0,0.0,0.0,6.0,6.0,0.0,0.0,10.0,0.0,1
12.0,1.0,-1.000088900581841e-12,0.0,0.0,4.0,1.0,-1.000088900581841e-12,0.0,0.0,66.0,0.0,0.0,0.0,0.0,0.0,0.0,0.0,0.0,0.0,2.0,0.0,0.0,0.0,2.0,0.0,1
12.0,1.0,-1.000088900581841e-12,0.0,0.0,120.0,4.0,0.7829128757435773,0.0,0.0,65.83333333333333,0.0,0.0,0.0,0.0,0.0,0.0,0.0,0.0,0.0,0.0,4.0,0.0,0.0,2.0,0.0,1
0.0,0.0,0.0,0.0,0.0,0.0,0.0,0.0,0.0,0.0,64.16666666666667,0.0,0.0,0.0,0.0,0.0,0.0,0.0,0.0,0.0,0.0,2.0,0.0,0.0,2.0,0.0,1
0.0,0.0,0.0,0.0,0.0,4.0,1.0,-1.000088900581841e-12,0.0,0.0,63.16666666666666,0.0,0.0,0.0,0.0,0.0,0.0,0.0,0.0,0.0,0.0,2.0,0.0,0.0,0.0,0.0,1
0.0,0.0,0.0,0.0,0.0,6.0,2.0,0.6365141682928128,0.0,0.0,63.0,14.0,0.0,0.0,0.0,0.0,0.0,0.0,0.0,0.0,0.0,0.0,0.0,0.0,0.0,0.0,1
0.0,0.0,0.0,0.0,0.0,8.0,2.0,0.6931471805579453,0.0,0.0,61.5,0.0,0.0,0.0,0.0,0.0,0.0,0.0,0.0,0.0,0.0,0.0,0.0,0.0,0.0,0.0,1
116.0,1.0,-1.000088900581841e-12,0.0,0.0,38.0,4.0,1.1643645119309336,0.0,0.0,56.8,16.0,0.0,0.0,0.0,108.0,210.0,26.0,0.0,0.0,0.0,6.0,0.0,0.0,10.0,0.0,1
226.0,1.0,-1.000088900581841e-12,0.0,0.0,8.0,1.0,-1.000088900581841e-12,0.0,0.0,43.35714285714285,0.0,0.0,0.0,0.0,58.0,7102.0,10.0,14.0,0.0,4.0,2.0,0.0,0.0,2.0,0.0,1
392.0,1.0,-1.000088900581841e-12,0.0,0.0,36.0,2.0,0.6365141682928128,0.0,0.0,41.45,0.0,0.0,0.0,0.0,180.0,7710.0,42.0,0.0,0.0,2.0,26.0,0.0,0.0,6.0,0.0,1
318.0,4.0,0.7385539254815607,0.0,0.0,74.0,3.0,0.7096173730120793,0.0,0.0,39.76470588235294,0.0,0.0,0.0,0.0,120.0,3440.0,20.0,0.0,0.0,0.0,34.0,0.0,0.0,6.0,0.0,1
220.0,1.0,-1.000088900581841e-12,0.0,0.0,42.0,4.0,1.073831323181844,0.0,0.0,30.4,0.0,0.0,0.0,0.0,14.0,878.0,12.0,0.0,0.0,0.0,4.0,0.0,0.0,2.0,0.0,1
140.0,2.0,0.5195798391285155,0.0,0.0,22.0,3.0,0.9075352941020092,0.0,0.0,28.8,0.0,0.0,0.0,0.0,4.0,1330.0,2.0,0.0,0.0,0.0,2.0,0.0,0.0,2.0,0.0,1
130.0,2.0,0.4783203281133531,0.0,0.0,86.0,3.0,0.7645314359653615,0.0,0.0,27.571428571428573,0.0,0.0,0.0,0.0,36.0,1460.0,6.0,0.0,0.0,0.0,0.0,0.0,0.0,0.0,0.0,2
26.0,1.0,-1.000088900581841e-12,0.0,0.0,80.0,3.0,0.8188084562198771,0.0,0.0,26.5,0.0,0.0,0.0,0.0,6.0,28.0,2.0,0.0,0.0,0.0,0.0,0.0,0.0,0.0,0.0,2
172.0,4.0,0.8440624664546932,0.0,0.0,24.0,2.0,0.6365141682928128,0.0,0.0,24.6,0.0,0.0,0.0,0.0,24.0,1178.0,16.0,0.0,0.0,0.0,0.0,0.0,0.0,0.0,0.0,1
184.0,2.0,0.5739644913913236,0.0,0.0,252.0,3.0,0.4445043947212581,0.0,0.0,22.0,0.0,0.0,0.0,0.0,60.0,3470.0,20.0,0.0,0.0,0.0,0.0,0.0,0.0,0.0,0.0,2
40.0,1.0,-1.000088900581841e-12,0.0,0.0,42.0,3.0,0.7091152575794364,0.0,6.0,26.571428571428573,0.0,0.0,0.0,0.0,12.0,0.0,0.0,0.0,0.0,0.0,0.0,0.0,0.0,0.0,0.0,1
12.0,1.0,-1.000088900581841e-12,0.0,0.0,24.0,3.0,1.0114042647043515,0.0,0.0,51.66666666666666,0.0,0.0,0.0,0.0,0.0,0.0,0.0,0.0,0.0,0.0,0.0,0.0,0.0,0.0,0.0,1
0.0,0.0,0.0,0.0,0.0,0.0,0.0,0.0,0.0,0.0,74.16666666666667,6.0,0.0,0.0,0.0,0.0,0.0,0.0,0.0,0.0,0.0,0.0,0.0,0.0,0.0,0.0,1
0.0,0.0,0.0,0.0,0.0,0.0,0.0,0.0,0.0,0.0,91.5,0.0,0.0,0.0,0.0,0.0,0.0,0.0,0.0,0.0,0.0,0.0,0.0,0.0,0.0,0.0,1
0.0,0.0,0.0,0.0,0.0,8.0,1.0,-1.000088900581841e-12,0.0,0.0,99.0,4.0,0.0,0.0,0.0,0.0,0.0,0.0,0.0,0.0,0.0,2.0,0.0,0.0,2.0,0.0,1
0.0,0.0,0.0,0.0,0.0,0.0,0.0,0.0,0.0,0.0,100.0,0.0,0.0,0.0,0.0,0.0,0.0,0.0,0.0,0.0,0.0,0.0,0.0,0.0,0.0,0.0,1
0.0,0.0,0.0,0.0,0.0,0.0,0.0,0.0,0.0,0.0,100.0,0.0,0.0,0.0,0.0,0.0,0.0,0.0,0.0,0.0,0.0,0.0,0.0,0.0,0.0,0.0,1
0.0,0.0,0.0,0.0,0.0,18.0,1.0,-1.000088900581841e-12,0.0,0.0,100.0,6.0,0.0,0.0,0.0,0.0,0.0,0.0,0.0,0.0,0.0,2.0,0.0,0.0,0.0,0.0,1
0.0,0.0,0.0,0.0,0.0,0.0,0.0,0.0,0.0,0.0,100.0,0.0,0.0,0.0,0.0,0.0,0.0,0.0,0.0,0.0,0.0,0.0,0.0,0.0,0.0,0.0,1
0.0,0.0,0.0,0.0,0.0,0.0,0.0,0.0,0.0,0.0,100.0,0.0,0.0,0.0,0.0,0.0,0.0,0.0,0.0,0.0,0.0,0.0,0.0,0.0,0.0,0.0,1
0.0,0.0,0.0,0.0,0.0,0.0,0.0,0.0,0.0,0.0,100.0,0.0,0.0,0.0,0.0,0.0,0.0,0.0,0.0,0.0,0.0,0.0,0.0,0.0,0.0,0.0,1
0.0,0.0,0.0,0.0,0.0,0.0,0.0,0.0,0.0,0.0,100.0,0.0,0.0,0.0,0.0,0.0,0.0,0.0,0.0,0.0,0.0,0.0,0.0,0.0,0.0,0.0,1
0.0,0.0,0.0,0.0,0.0,0.0,0.0,0.0,0.0,0.0,100.0,0.0,0.0,0.0,0.0,0.0,0.0,0.0,0.0,0.0,0.0,0.0,0.0,0.0,0.0,0.0,1
0.0,0.0,0.0,0.0,0.0,0.0,0.0,0.0,0.0,0.0,100.0,0.0,0.0,0.0,0.0,0.0,0.0,0.0,0.0,0.0,0.0,0.0,0.0,0.0,0.0,0.0,1
0.0,0.0,0.0,0.0,0.0,0.0,0.0,0.0,0.0,0.0,100.0,0.0,0.0,0.0,0.0,0.0,0.0,0.0,0.0,0.0,0.0,0.0,0.0,0.0,0.0,0.0,1
0.0,0.0,0.0,0.0,0.0,40.0,3.0,0.8979457248537798,0.0,0.0,100.0,6.0,0.0,0.0,0.0,0.0,0.0,0.0,0.0,0.0,0.0,2.0,0.0,0.0,0.0,0.0,1
204.0,3.0,0.3190261396551085,0.0,0.0,42.0,5.0,1.487870341267239,0.0,0.0,99.0,0.0,0.0,0.0,0.0,24.0,578.0,10.0,0.0,0.0,0.0,10.0,0.0,0.0,8.0,0.0,2
114.0,2.0,0.4361623253833442,0.0,0.0,28.0,3.0,0.796311640170813,0.0,0.0,92.1,0.0,0.0,0.0,0.0,18.0,652.0,10.0,0.0,0.0,0.0,2.0,0.0,0.0,2.0,0.0,1
116.0,2.0,0.3325942143098925,0.0,0.0,20.0,3.0,1.054920167983144,0.0,0.0,90.7,0.0,0.0,0.0,0.0,10.0,1258.0,6.0,0.0,0.0,0.0,0.0,0.0,0.0,0.0,0.0,1
30.0,3.0,0.8033149761378755,0.0,0.0,28.0,3.0,0.992281974849574,0.0,0.0,90.0,0.0,0.0,0.0,0.0,20.0,756.0,4.0,0.0,0.0,0.0,0.0,0.0,0.0,0.0,0.0,2
104.0,3.0,0.5804301481011759,0.0,0.0,80.0,4.0,1.224068338001115,0.0,0.0,88.7,0.0,0.0,0.0,0.0,80.0,1360.0,16.0,0.0,0.0,0.0,0.0,0.0,0.0,0.0,0.0,2
80.0,3.0,0.7534119982029703,0.0,0.0,66.0,7.0,1.6038482726896808,0.0,0.0,87.4,0.0,0.0,0.0,0.0,50.0,2000.0,12.0,0.0,0.0,0.0,0.0,0.0,0.0,0.0,0.0,2
200.0,5.0,0.9777915905770008,0.0,0.0,112.0,4.0,1.063348508610373,0.0,0.0,84.2,0.0,0.0,0.0,0.0,40.0,1948.0,14.0,0.0,0.0,0.0,0.0,0.0,0.0,0.0,0.0,1
94.0,5.0,1.076123631677668,0.0,0.0,436.0,7.0,0.9600114536516468,0.0,0.0,80.76923076923077,0.0,0.0,0.0,0.0,78.0,122.0,22.0,0.0,0.0,0.0,0.0,0.0,0.0,0.0,0.0,1
20.0,2.0,0.5004024235361879,0.0,0.0,60.0,5.0,1.2030346824670708,0.0,0.0,80.0,0.0,0.0,0.0,0.0,10.0,0.0,4.0,0.0,0.0,0.0,2.0,0.0,0.0,0.0,0.0,2
374.0,6.0,1.038044289743847,0.0,0.0,126.0,6.0,1.5586872599743968,0.0,0.0,76.8,0.0,0.0,0.0,0.0,40.0,4310.0,14.0,0.0,0.0,0.0,26.0,0.0,0.0,4.0,0.0,2
164.0,5.0,1.1442456284020257,0.0,0.0,174.0,6.0,1.2656983218738944,0.0,0.0,73.28571428571429,0.0,0.0,0.0,0.0,78.0,418.0,22.0,0.0,0.0,0.0,6.0,0.0,0.0,2.0,0.0,1
324.0,1.0,-1.000088900581841e-12,0.0,0.0,28.0,4.0,1.2914167691412026,0.0,0.0,70.6470588235294,0.0,0.0,0.0,0.0,30.0,12854.0,4.0,0.0,0.0,0.0,24.0,0.0,0.0,6.0,0.0,1
12.0,1.0,-1.000088900581841e-12,0.0,0.0,4.0,1.0,-1.000088900581841e-12,0.0,0.0,69.0,0.0,0.0,0.0,0.0,0.0,0.0,0.0,0.0,0.0,0.0,0.0,0.0,0.0,0.0,0.0,1
96.0,2.0,0.6853142072744584,0.0,0.0,44.0,4.0,1.240684291949396,0.0,0.0,69.0,0.0,0.0,10.0,0.0,70.0,424.0,14.0,0.0,0.0,0.0,2.0,0.0,0.0,2.0,0.0,2
62.0,2.0,0.6800829048337611,0.0,0.0,38.0,4.0,1.3163022657925958,0.0,0.0,69.0,0.0,0.0,0.0,0.0,38.0,164.0,12.0,0.0,0.0,0.0,0.0,0.0,0.0,0.0,0.0,1
74.0,2.0,0.3425415079699701,0.0,0.0,122.0,5.0,0.7402405116084965,0.0,0.0,68.2,0.0,0.0,0.0,0.0,50.0,932.0,10.0,0.0,0.0,0.0,0.0,0.0,0.0,0.0,0.0,2
244.0,4.0,0.2773090078949744,0.0,0.0,50.0,3.0,0.806816703847445,0.0,0.0,66.0625,0.0,0.0,0.0,0.0,90.0,2382.0,32.0,0.0,0.0,0.0,0.0,0.0,0.0,0.0,0.0,2
304.0,3.0,0.4154976630435177,0.0,0.0,160.0,4.0,0.7568307667284018,0.0,0.0,60.76470588235294,0.0,0.0,0.0,0.0,0.0,2590.0,0.0,0.0,0.0,0.0,40.0,0.0,0.0,2.0,0.0,1
12.0,1.0,-1.000088900581841e-12,0.0,0.0,44.0,3.0,0.9949236325687753,0.0,0.0,57.66666666666666,0.0,0.0,0.0,0.0,0.0,0.0,0.0,0.0,0.0,0.0,0.0,0.0,0.0,0.0,0.0,1
62.0,5.0,1.2651823712206836,0.0,0.0,162.0,5.0,0.8013005870226937,0.0,0.0,56.375,0.0,0.0,0.0,0.0,20.0,1046.0,6.0,0.0,0.0,0.0,0.0,0.0,0.0,0.0,0.0,1
26.0,2.0,0.6172417697283417,0.0,0.0,12.0,3.0,1.0986122886651095,0.0,0.0,55.0,0.0,10.0,0.0,10.0,10.0,28.0,4.0,0.0,0.0,0.0,0.0,0.0,0.0,0.0,0.0,1
16.0,1.0,-1.000088900581841e-12,0.0,0.0,72.0,5.0,1.4122180679543763,0.0,0.0,55.0,0.0,0.0,0.0,0.0,8.0,0.0,0.0,0.0,0.0,0.0,0.0,0.0,0.0,0.0,0.0,2
130.0,1.0,-1.000088900581841e-12,0.0,0.0,156.0,4.0,0.8655448440841368,0.0,0.0,53.71428571428572,0.0,0.0,0.0,0.0,40.0,2372.0,10.0,0.0,0.0,0.0,0.0,0.0,0.0,0.0,0.0,1
18.0,1.0,-1.000088900581841e-12,0.0,0.0,24.0,3.0,1.028183859329926,0.0,0.0,53.0,0.0,0.0,0.0,0.0,10.0,0.0,2.0,0.0,0.0,0.0,0.0,0.0,0.0,0.0,0.0,2
228.0,3.0,0.79170799637852,0.0,0.0,204.0,4.0,0.4690827917388907,0.0,0.0,51.07142857142857,0.0,0.0,10.0,0.0,40.0,6362.0,16.0,0.0,0.0,0.0,14.0,0.0,0.0,8.0,0.0,1
18.0,1.0,-1.000088900581841e-12,0.0,0.0,26.0,4.0,1.204793309690784,0.0,0.0,50.0,0.0,0.0,0.0,0.0,12.0,0.0,0.0,0.0,0.0,0.0,0.0,0.0,0.0,2.0,0.0,1
138.0,2.0,0.6922017029602767,0.0,0.0,104.0,5.0,1.3017885545007974,0.0,0.0,48.8,0.0,0.0,0.0,0.0,62.0,682.0,18.0,0.0,0.0,0.0,0.0,0.0,0.0,2.0,0.0,2
172.0,4.0,0.446203968873491,0.0,0.0,20.0,2.0,0.6730116670072565,0.0,0.0,47.09090909090909,0.0,0.0,0.0,0.0,42.0,1364.0,12.0,0.0,0.0,0.0,10.0,0.0,0.0,4.0,0.0,1
114.0,4.0,0.8957086251185479,0.0,0.0,26.0,2.0,0.2711893730398441,0.0,0.0,45.333333333333336,0.0,0.0,0.0,0.0,48.0,2526.0,14.0,0.0,0.0,0.0,6.0,0.0,0.0,4.0,0.0,1
700.0,2.0,0.098039113277732,0.0,0.0,8.0,2.0,0.6931471805579453,0.0,22.0,54.8,0.0,0.0,0.0,0.0,22.0,652.0,0.0,0.0,0.0,0.0,0.0,0.0,0.0,0.0,0.0,1
720.0,1.0,-1.000088900581841e-12,0.0,0.0,16.0,2.0,0.5623351446168083,0.0,0.0,78.73333333333333,0.0,0.0,0.0,0.0,0.0,0.0,0.0,0.0,0.0,0.0,0.0,0.0,0.0,0.0,0.0,1
14.0,1.0,-1.000088900581841e-12,0.0,0.0,0.0,0.0,0.0,0.0,0.0,94.03333333333332,0.0,0.0,0.0,0.0,0.0,0.0,0.0,0.0,0.0,0.0,0.0,0.0,0.0,0.0,0.0,1
0.0,0.0,0.0,0.0,0.0,0.0,0.0,0.0,0.0,0.0,99.66666666666669,0.0,0.0,0.0,0.0,0.0,0.0,0.0,0.0,0.0,0.0,0.0,0.0,0.0,0.0,0.0,1
0.0,0.0,0.0,0.0,0.0,0.0,0.0,0.0,0.0,0.0,100.0,0.0,0.0,0.0,0.0,0.0,0.0,0.0,0.0,0.0,0.0,0.0,0.0,0.0,0.0,0.0,1
0.0,0.0,0.0,0.0,0.0,0.0,0.0,0.0,0.0,0.0,100.0,0.0,0.0,0.0,0.0,0.0,0.0,0.0,0.0,0.0,0.0,0.0,0.0,0.0,0.0,0.0,1
0.0,0.0,0.0,0.0,0.0,4.0,1.0,-1.000088900581841e-12,0.0,0.0,100.0,0.0,0.0,0.0,0.0,0.0,0.0,0.0,0.0,0.0,0.0,0.0,0.0,0.0,0.0,0.0,1
0.0,0.0,0.0,0.0,0.0,12.0,1.0,-1.000088900581841e-12,0.0,0.0,100.0,0.0,0.0,0.0,0.0,0.0,0.0,0.0,0.0,0.0,0.0,0.0,0.0,0.0,0.0,0.0,1
0.0,0.0,0.0,0.0,0.0,4.0,1.0,-1.000088900581841e-12,0.0,0.0,100.0,0.0,0.0,0.0,0.0,0.0,0.0,0.0,0.0,0.0,0.0,0.0,0.0,0.0,0.0,0.0,1
0.0,0.0,0.0,0.0,0.0,4.0,1.0,-1.000088900581841e-12,0.0,0.0,100.0,0.0,0.0,0.0,0.0,0.0,0.0,0.0,0.0,0.0,0.0,0.0,0.0,0.0,0.0,0.0,1
0.0,0.0,0.0,0.0,0.0,8.0,2.0,0.6931471805579453,0.0,0.0,100.0,0.0,0.0,0.0,0.0,0.0,0.0,0.0,0.0,0.0,0.0,0.0,0.0,0.0,0.0,0.0,1
0.0,0.0,0.0,0.0,0.0,0.0,0.0,0.0,0.0,0.0,100.0,0.0,0.0,0.0,0.0,0.0,0.0,0.0,0.0,0.0,0.0,0.0,0.0,0.0,0.0,0.0,1
0.0,0.0,0.0,0.0,0.0,20.0,2.0,0.5004024235361879,0.0,0.0,100.0,0.0,0.0,0.0,0.0,0.0,0.0,0.0,0.0,0.0,0.0,0.0,0.0,0.0,0.0,0.0,1
0.0,0.0,0.0,0.0,0.0,4.0,1.0,-1.000088900581841e-12,0.0,0.0,100.0,0.0,0.0,0.0,0.0,0.0,0.0,0.0,0.0,0.0,0.0,0.0,0.0,0.0,0.0,0.0,1
0.0,0.0,0.0,0.0,0.0,8.0,1.0,-1.000088900581841e-12,0.0,0.0,100.0,0.0,0.0,0.0,0.0,0.0,0.0,0.0,0.0,0.0,0.0,0.0,0.0,0.0,0.0,0.0,1
0.0,0.0,0.0,0.0,0.0,4.0,1.0,-1.000088900581841e-12,0.0,0.0,100.0,0.0,0.0,0.0,0.0,0.0,0.0,0.0,0.0,0.0,0.0,0.0,0.0,0.0,0.0,0.0,1
212.0,4.0,0.6833437206254388,0.0,0.0,32.0,3.0,1.0239287996359363,0.0,0.0,99.21739130434784,0.0,0.0,0.0,0.0,66.0,4434.0,18.0,0.0,0.0,0.0,2.0,0.0,0.0,2.0,0.0,1
132.0,2.0,0.1357939587495938,0.0,0.0,76.0,6.0,1.4945416461458318,0.0,0.0,93.63636363636364,0.0,0.0,0.0,0.0,102.0,1528.0,26.0,0.0,0.0,0.0,4.0,0.0,0.0,0.0,0.0,1
40.0,3.0,0.998579331584392,0.0,0.0,48.0,3.0,0.9184277849900976,0.0,0.0,91.0,0.0,0.0,0.0,0.0,6.0,20.0,6.0,0.0,0.0,0.0,0.0,0.0,0.0,0.0,0.0,2
40.0,2.0,0.6108643020528935,0.0,0.0,26.0,3.0,1.0733942812781263,0.0,0.0,91.0,0.0,0.0,0.0,0.0,2.0,192.0,2.0,0.0,0.0,0.0,0.0,0.0,0.0,0.0,0.0,2
74.0,2.0,0.2814018395894185,0.0,0.0,24.0,2.0,0.6365141682928128,0.0,0.0,89.22222222222223,0.0,0.0,0.0,0.0,4.0,4.0,2.0,0.0,0.0,0.0,0.0,0.0,0.0,0.0,0.0,2
68.0,4.0,1.13119312708766,0.0,0.0,26.0,2.0,0.6172417697283417,0.0,0.0,84.5,0.0,0.0,0.0,0.0,12.0,298.0,10.0,0.0,0.0,0.0,0.0,0.0,0.0,0.0,0.0,1
12.0,1.0,-1.000088900581841e-12,0.0,0.0,50.0,2.0,0.439669879399343,0.0,0.0,84.0,0.0,0.0,0.0,0.0,0.0,0.0,0.0,0.0,0.0,0.0,0.0,0.0,0.0,0.0,0.0,1
2.0,1.0,-1.000088900581841e-12,0.0,0.0,0.0,0.0,0.0,0.0,0.0,84.0,4.0,0.0,0.0,0.0,0.0,0.0,0.0,0.0,0.0,0.0,0.0,0.0,0.0,0.0,0.0,1
0.0,0.0,0.0,0.0,0.0,0.0,0.0,0.0,0.0,0.0,84.0,0.0,0.0,0.0,0.0,0.0,0.0,0.0,0.0,0.0,0.0,0.0,0.0,0.0,0.0,0.0,1
104.0,4.0,1.0231689160267323,0.0,0.0,74.0,6.0,1.5418845797841931,0.0,0.0,83.4,4.0,0.0,0.0,0.0,22.0,318.0,12.0,0.0,0.0,0.0,6.0,0.0,0.0,2.0,0.0,1
44.0,3.0,0.8960502241376589,0.0,0.0,72.0,6.0,1.4299222725698577,0.0,0.0,82.0,0.0,0.0,0.0,0.0,24.0,346.0,4.0,0.0,0.0,0.0,0.0,0.0,0.0,0.0,0.0,2
390.0,6.0,0.9737667734251574,0.0,0.0,52.0,5.0,1.085696806644366,0.0,0.0,79.0,0.0,0.0,0.0,0.0,42.0,1592.0,22.0,0.0,0.0,0.0,32.0,0.0,0.0,0.0,0.0,1
20.0,3.0,0.8018185525403374,0.0,0.0,6.0,2.0,0.6365141682928128,0.0,0.0,77.0,0.0,0.0,0.0,0.0,0.0,76.0,0.0,0.0,0.0,0.0,4.0,0.0,0.0,0.0,0.0,2
12.0,1.0,-1.000088900581841e-12,0.0,0.0,4.0,1.0,-1.000088900581841e-12,0.0,0.0,77.0,0.0,0.0,0.0,0.0,0.0,0.0,0.0,0.0,0.0,0.0,2.0,0.0,0.0,0.0,0.0,2
0.0,0.0,0.0,0.0,0.0,0.0,0.0,0.0,0.0,0.0,77.0,6.0,0.0,0.0,0.0,0.0,0.0,0.0,0.0,0.0,0.0,0.0,0.0,0.0,0.0,0.0,2
402.0,3.0,0.663323597301364,0.0,0.0,50.0,4.0,1.2068518565673896,0.0,0.0,73.47368421052632,0.0,0.0,0.0,0.0,22.0,2630.0,6.0,0.0,0.0,0.0,14.0,0.0,0.0,10.0,0.0,2
100.0,3.0,0.9007243623657382,0.0,0.0,138.0,4.0,0.8622959889213039,0.0,0.0,69.3,0.0,0.0,0.0,0.0,36.0,6678.0,10.0,0.0,0.0,0.0,6.0,0.0,0.0,2.0,0.0,2
34.0,2.0,0.5455945739671844,0.0,0.0,12.0,2.0,0.6365141682928128,0.0,0.0,69.0,0.0,0.0,0.0,0.0,12.0,66.0,4.0,0.0,0.0,0.0,0.0,0.0,0.0,0.0,0.0,2
216.0,4.0,0.7187434892017062,0.0,14.0,124.0,4.0,1.0867645302943956,0.0,0.0,67.0,0.0,12.0,0.0,8.0,94.0,1748.0,34.0,0.0,0.0,4.0,4.0,0.0,0.0,12.0,0.0,1
28.0,1.0,-1.000088900581841e-12,0.0,0.0,194.0,4.0,0.5052654009622272,0.0,0.0,59.625,0.0,0.0,0.0,0.0,84.0,0.0,0.0,0.0,0.0,14.0,4.0,0.0,0.0,14.0,0.0,2
196.0,5.0,1.1184423818937022,0.0,0.0,226.0,5.0,0.5552201455047493,0.0,0.0,51.23529411764706,0.0,0.0,0.0,0.0,118.0,3862.0,10.0,0.0,0.0,12.0,8.0,0.0,0.0,36.0,0.0,1
444.0,5.0,0.4081095055822943,0.0,6.0,68.0,3.0,0.7504845841818373,0.0,0.0,43.23809523809524,0.0,0.0,0.0,0.0,84.0,4088.0,24.0,0.0,0.0,12.0,22.0,0.0,0.0,16.0,0.0,2
418.0,4.0,0.6690042399086331,0.0,0.0,44.0,3.0,0.896050224137659,0.0,0.0,40.19047619047619,0.0,0.0,0.0,0.0,36.0,7270.0,8.0,0.0,0.0,0.0,32.0,0.0,0.0,6.0,0.0,1
54.0,1.0,-1.000088900581841e-12,0.0,0.0,28.0,3.0,0.9556998911095343,0.0,0.0,39.0,0.0,0.0,0.0,0.0,36.0,2588.0,4.0,0.0,0.0,0.0,0.0,0.0,0.0,0.0,0.0,1
40.0,2.0,0.6474466390326326,0.0,0.0,14.0,3.0,0.9556998911095343,0.0,0.0,39.0,0.0,0.0,0.0,10.0,24.0,422.0,4.0,0.0,0.0,0.0,0.0,0.0,0.0,0.0,0.0,1
222.0,4.0,1.2578531057685218,0.0,0.0,66.0,3.0,0.6616128857349219,0.0,0.0,38.93333333333333,0.0,0.0,0.0,0.0,120.0,5174.0,36.0,0.0,0.0,0.0,16.0,0.0,0.0,10.0,0.0,1
84.0,1.0,-1.000088900581841e-12,0.0,0.0,26.0,3.0,0.9251290835690824,0.0,0.0,37.66666666666666,0.0,0.0,0.0,0.0,20.0,1500.0,4.0,0.0,0.0,0.0,2.0,0.0,0.0,2.0,0.0,1
164.0,2.0,0.6785008770119085,0.0,0.0,18.0,2.0,0.6365141682928128,0.0,0.0,35.833333333333336,0.0,0.0,0.0,0.0,60.0,4994.0,16.0,0.0,0.0,0.0,0.0,0.0,0.0,0.0,0.0,1
184.0,3.0,0.6517268103963128,0.0,0.0,12.0,2.0,0.6365141682928128,0.0,0.0,32.76923076923077,0.0,0.0,0.0,0.0,58.0,1494.0,8.0,0.0,0.0,0.0,24.0,0.0,0.0,0.0,0.0,1
52.0,1.0,-1.000088900581841e-12,0.0,0.0,12.0,2.0,0.6365141682928128,0.0,0.0,32.0,0.0,0.0,0.0,0.0,38.0,114.0,8.0,0.0,0.0,0.0,0.0,0.0,0.0,0.0,0.0,1
222.0,2.0,0.3789557190631112,0.0,0.0,40.0,3.0,0.7909873504325756,0.0,0.0,30.15384615384616,0.0,0.0,0.0,0.0,20.0,3078.0,4.0,0.0,0.0,0.0,20.0,0.0,0.0,6.0,0.0,2
702.0,3.0,0.8511173231272744,0.0,0.0,28.0,4.0,1.232643284494737,0.0,24.0,30.724137931034484,0.0,0.0,0.0,0.0,24.0,5108.0,0.0,0.0,0.0,0.0,24.0,0.0,0.0,4.0,0.0,1
720.0,1.0,-1.000088900581841e-12,0.0,0.0,12.0,1.0,-1.000088900581841e-12,0.0,0.0,53.266666666666666,0.0,0.0,0.0,0.0,0.0,0.0,0.0,0.0,0.0,0.0,0.0,0.0,0.0,0.0,0.0,1
244.0,1.0,-1.000088900581841e-12,0.0,0.0,4.0,1.0,-1.000088900581841e-12,0.0,0.0,76.73333333333333,0.0,0.0,0.0,0.0,0.0,0.0,0.0,0.0,0.0,0.0,0.0,0.0,0.0,0.0,0.0,1
0.0,0.0,0.0,0.0,0.0,4.0,1.0,-1.000088900581841e-12,0.0,0.0,92.36666666666666,0.0,0.0,0.0,0.0,0.0,0.0,0.0,0.0,0.0,0.0,0.0,0.0,0.0,0.0,0.0,1
0.0,0.0,0.0,0.0,0.0,26.0,2.0,0.4293230219286162,0.0,0.0,99.23333333333332,0.0,0.0,0.0,0.0,0.0,0.0,0.0,0.0,0.0,0.0,0.0,0.0,0.0,0.0,0.0,1
0.0,0.0,0.0,0.0,0.0,0.0,0.0,0.0,0.0,0.0,100.0,0.0,0.0,0.0,0.0,0.0,0.0,0.0,0.0,0.0,0.0,0.0,0.0,0.0,0.0,0.0,1
0.0,0.0,0.0,0.0,0.0,4.0,1.0,-1.000088900581841e-12,0.0,0.0,100.0,0.0,0.0,0.0,0.0,0.0,0.0,0.0,0.0,0.0,0.0,0.0,0.0,0.0,0.0,0.0,1
0.0,0.0,0.0,0.0,0.0,4.0,1.0,-1.000088900581841e-12,0.0,0.0,100.0,0.0,0.0,0.0,0.0,0.0,0.0,0.0,0.0,0.0,0.0,0.0,0.0,0.0,0.0,0.0,1
0.0,0.0,0.0,0.0,0.0,12.0,1.0,-1.000088900581841e-12,0.0,0.0,100.0,0.0,0.0,0.0,0.0,0.0,0.0,0.0,0.0,0.0,0.0,0.0,0.0,0.0,0.0,0.0,1
0.0,0.0,0.0,0.0,0.0,4.0,1.0,-1.000088900581841e-12,0.0,0.0,100.0,0.0,0.0,0.0,0.0,0.0,0.0,0.0,0.0,0.0,0.0,0.0,0.0,0.0,0.0,0.0,1
0.0,0.0,0.0,0.0,0.0,4.0,1.0,-1.000088900581841e-12,0.0,0.0,100.0,0.0,0.0,0.0,0.0,0.0,0.0,0.0,0.0,0.0,0.0,0.0,0.0,0.0,0.0,0.0,1
0.0,0.0,0.0,0.0,0.0,0.0,0.0,0.0,0.0,0.0,100.0,0.0,0.0,0.0,0.0,0.0,0.0,0.0,0.0,0.0,0.0,0.0,0.0,0.0,0.0,0.0,1
0.0,0.0,0.0,0.0,0.0,4.0,1.0,-1.000088900581841e-12,0.0,0.0,100.0,0.0,0.0,0.0,0.0,0.0,0.0,0.0,0.0,0.0,0.0,0.0,0.0,0.0,0.0,0.0,1
10.0,2.0,0.6730116670072565,0.0,0.0,8.0,2.0,0.6931471805579453,0.0,0.0,100.0,0.0,0.0,0.0,0.0,72.0,42.0,8.0,0.0,0.0,0.0,0.0,0.0,0.0,0.0,0.0,1
12.0,1.0,-1.000088900581841e-12,0.0,0.0,0.0,0.0,0.0,0.0,0.0,100.0,0.0,0.0,0.0,0.0,0.0,0.0,0.0,0.0,0.0,0.0,0.0,0.0,0.0,0.0,0.0,1
10.0,1.0,-1.000088900581841e-12,0.0,0.0,32.0,3.0,0.9743147528663494,0.0,0.0,100.0,0.0,0.0,0.0,0.0,0.0,0.0,0.0,0.0,0.0,0.0,0.0,0.0,0.0,0.0,0.0,1
206.0,6.0,1.378410648214755,0.0,0.0,96.0,7.0,1.473885757732884,0.0,0.0,98.66666666666669,0.0,0.0,0.0,0.0,168.0,2550.0,44.0,0.0,0.0,0.0,22.0,0.0,0.0,6.0,0.0,1
90.0,4.0,1.0041069298048244,0.0,0.0,28.0,3.0,0.8921178708158162,0.0,0.0,92.8,0.0,0.0,0.0,0.0,96.0,2406.0,20.0,0.0,0.0,0.0,4.0,0.0,0.0,4.0,0.0,1
16.0,1.0,-1.000088900581841e-12,0.0,0.0,34.0,5.0,1.5992212565822683,0.0,0.0,91.0,0.0,0.0,0.0,0.0,24.0,0.0,4.0,0.0,0.0,0.0,2.0,0.0,0.0,2.0,0.0,2
114.0,3.0,0.8904641474681351,0.0,0.0,74.0,4.0,0.9296176928440396,0.0,0.0,90.0909090909091,0.0,0.0,0.0,0.0,44.0,3422.0,8.0,0.0,0.0,0.0,10.0,0.0,0.0,8.0,0.0,2
26.0,2.0,0.2711893730398441,0.0,0.0,2.0,1.0,-1.000088900581841e-12,0.0,0.0,89.0,0.0,0.0,0.0,0.0,26.0,390.0,6.0,0.0,0.0,0.0,0.0,0.0,0.0,2.0,0.0,1
32.0,1.0,-1.000088900581841e-12,0.0,0.0,0.0,0.0,0.0,0.0,0.0,55.0,0.0,0.0,0.0,0.0,4.0,4.0,4.0,0.0,0.0,0.0,0.0,0.0,0.0,0.0,0.0,1
12.0,1.0,-1.000088900581841e-12,0.0,0.0,0.0,0.0,0.0,0.0,0.0,55.0,0.0,0.0,0.0,0.0,0.0,0.0,0.0,0.0,0.0,0.0,0.0,0.0,0.0,0.0,0.0,2
8.0,1.0,-1.000088900581841e-12,0.0,0.0,0.0,0.0,0.0,0.0,0.0,55.0,2.0,0.0,0.0,0.0,0.0,0.0,0.0,0.0,0.0,0.0,0.0,0.0,0.0,0.0,0.0,1
108.0,3.0,0.8144442357303948,0.0,0.0,0.0,0.0,0.0,0.0,0.0,54.27272727272727,0.0,0.0,0.0,0.0,12.0,408.0,10.0,0.0,0.0,0.0,24.0,0.0,0.0,6.0,0.0,2
42.0,2.0,0.3144922012794106,0.0,0.0,0.0,0.0,0.0,0.0,0.0,52.125,0.0,0.0,0.0,0.0,8.0,38.0,4.0,0.0,0.0,0.0,6.0,0.0,0.0,0.0,0.0,1
98.0,3.0,0.736169403310293,0.0,0.0,0.0,0.0,0.0,0.0,0.0,51.77777777777778,0.0,0.0,0.0,0.0,24.0,1290.0,14.0,0.0,0.0,0.0,0.0,0.0,0.0,0.0,0.0,1
0.0,0.0,0.0,0.0,0.0,0.0,0.0,0.0,0.0,0.0,50.0,0.0,0.0,0.0,0.0,0.0,0.0,0.0,0.0,0.0,0.0,0.0,0.0,0.0,0.0,0.0,1
146.0,2.0,0.4684729290871306,0.0,0.0,0.0,0.0,0.0,0.0,0.0,43.5,0.0,0.0,0.0,0.0,4.0,170.0,4.0,0.0,0.0,0.0,14.0,0.0,0.0,10.0,0.0,1
126.0,2.0,0.6829081046984717,0.0,0.0,0.0,0.0,0.0,0.0,12.0,35.25,0.0,0.0,0.0,0.0,12.0,564.0,0.0,0.0,0.0,0.0,0.0,0.0,0.0,0.0,0.0,1
718.0,1.0,-1.000088900581841e-12,0.0,0.0,0.0,0.0,0.0,0.0,0.0,47.93333333333333,0.0,0.0,0.0,0.0,0.0,0.0,0.0,0.0,0.0,0.0,0.0,0.0,0.0,0.0,0.0,1
662.0,1.0,-1.000088900581841e-12,0.0,0.0,0.0,0.0,0.0,0.0,0.0,72.06666666666666,0.0,0.0,0.0,0.0,0.0,0.0,0.0,0.0,0.0,0.0,0.0,0.0,0.0,0.0,0.0,1
0.0,0.0,0.0,0.0,0.0,0.0,0.0,0.0,0.0,0.0,90.46666666666668,0.0,0.0,0.0,0.0,0.0,0.0,0.0,0.0,0.0,0.0,0.0,0.0,0.0,0.0,0.0,1
0.0,0.0,0.0,0.0,0.0,0.0,0.0,0.0,0.0,0.0,98.6,0.0,0.0,0.0,0.0,0.0,0.0,0.0,0.0,0.0,0.0,0.0,0.0,0.0,0.0,0.0,1
0.0,0.0,0.0,0.0,0.0,0.0,0.0,0.0,0.0,0.0,100.0,0.0,0.0,0.0,0.0,0.0,0.0,0.0,0.0,0.0,0.0,0.0,0.0,0.0,0.0,0.0,1
0.0,0.0,0.0,0.0,0.0,0.0,0.0,0.0,0.0,0.0,100.0,0.0,0.0,0.0,0.0,0.0,0.0,0.0,0.0,0.0,0.0,0.0,0.0,0.0,0.0,0.0,1
0.0,0.0,0.0,0.0,0.0,0.0,0.0,0.0,0.0,0.0,100.0,0.0,0.0,0.0,0.0,0.0,0.0,0.0,0.0,0.0,0.0,0.0,0.0,0.0,0.0,0.0,1
0.0,0.0,0.0,0.0,0.0,0.0,0.0,0.0,0.0,0.0,100.0,0.0,0.0,0.0,0.0,0.0,0.0,0.0,0.0,0.0,0.0,0.0,0.0,0.0,0.0,0.0,1
0.0,0.0,0.0,0.0,0.0,0.0,0.0,0.0,0.0,0.0,100.0,0.0,0.0,0.0,0.0,0.0,0.0,0.0,0.0,0.0,0.0,0.0,0.0,0.0,0.0,0.0,1
0.0,0.0,0.0,0.0,0.0,0.0,0.0,0.0,0.0,0.0,100.0,0.0,0.0,0.0,0.0,0.0,0.0,0.0,0.0,0.0,0.0,0.0,0.0,0.0,0.0,0.0,1
0.0,0.0,0.0,0.0,0.0,0.0,0.0,0.0,0.0,0.0,100.0,0.0,0.0,0.0,0.0,0.0,0.0,0.0,0.0,0.0,0.0,0.0,0.0,0.0,0.0,0.0,1
0.0,0.0,0.0,0.0,0.0,0.0,0.0,0.0,0.0,0.0,100.0,0.0,0.0,0.0,0.0,0.0,0.0,0.0,0.0,0.0,0.0,0.0,0.0,0.0,0.0,0.0,1
0.0,0.0,0.0,0.0,0.0,0.0,0.0,0.0,0.0,0.0,100.0,0.0,0.0,0.0,0.0,0.0,0.0,0.0,0.0,0.0,0.0,0.0,0.0,0.0,0.0,0.0,1
0.0,0.0,0.0,0.0,0.0,0.0,0.0,0.0,0.0,0.0,100.0,0.0,0.0,0.0,0.0,0.0,0.0,0.0,0.0,0.0,0.0,0.0,0.0,0.0,0.0,0.0,1
0.0,0.0,0.0,0.0,0.0,0.0,0.0,0.0,0.0,0.0,100.0,0.0,0.0,0.0,0.0,0.0,0.0,0.0,0.0,0.0,0.0,0.0,0.0,0.0,0.0,0.0,1
28.0,2.0,0.2573186405418316,0.0,0.0,0.0,0.0,0.0,0.0,0.0,100.0,0.0,0.0,0.0,0.0,18.0,42.0,4.0,0.0,0.0,0.0,0.0,0.0,0.0,0.0,0.0,1
504.0,3.0,0.635564497064167,0.0,0.0,0.0,0.0,0.0,0.0,0.0,97.3076923076923,0.0,0.0,0.0,0.0,44.0,2186.0,16.0,0.0,0.0,0.0,22.0,0.0,0.0,10.0,0.0,1
446.0,3.0,0.7482413791179268,0.0,0.0,0.0,0.0,0.0,0.0,0.0,87.63636363636364,0.0,0.0,0.0,0.0,4.0,814.0,4.0,0.0,0.0,0.0,12.0,0.0,0.0,10.0,0.0,1
128.0,4.0,0.7069870066070337,0.0,6.0,0.0,0.0,0.0,0.0,0.0,83.75,0.0,0.0,0.0,0.0,6.0,66.0,6.0,0.0,0.0,0.0,20.0,0.0,0.0,8.0,0.0,1
90.0,4.0,1.3297047986210735,0.0,0.0,0.0,0.0,0.0,0.0,0.0,82.0,0.0,0.0,0.0,0.0,20.0,214.0,12.0,0.0,0.0,2.0,4.0,0.0,0.0,4.0,0.0,1
78.0,3.0,0.5442256024097343,0.0,0.0,0.0,0.0,0.0,0.0,0.0,81.4,0.0,0.0,0.0,0.0,12.0,296.0,8.0,0.0,0.0,0.0,4.0,0.0,0.0,0.0,0.0,1
12.0,1.0,-1.000088900581841e-12,0.0,0.0,0.0,0.0,0.0,0.0,0.0,80.0,0.0,0.0,0.0,0.0,0.0,0.0,0.0,0.0,0.0,0.0,6.0,0.0,0.0,2.0,0.0,2
56.0,3.0,0.8760057656401736,0.0,0.0,0.0,0.0,0.0,0.0,0.0,79.77777777777777,0.0,0.0,0.0,0.0,8.0,132.0,2.0,0.0,0.0,0.0,0.0,0.0,0.0,0.0,0.0,1
12.0,1.0,-1.000088900581841e-12,0.0,0.0,0.0,0.0,0.0,0.0,0.0,78.83333333333333,0.0,0.0,0.0,0.0,0.0,0.0,0.0,0.0,0.0,0.0,0.0,0.0,0.0,0.0,0.0,1
46.0,1.0,-1.000088900581841e-12,0.0,0.0,0.0,0.0,0.0,0.0,0.0,77.77777777777777,0.0,0.0,0.0,0.0,18.0,92.0,14.0,0.0,0.0,0.0,2.0,0.0,0.0,2.0,0.0,2
36.0,3.0,0.8544149815971842,0.0,0.0,0.0,0.0,0.0,0.0,0.0,77.0,0.0,0.0,0.0,0.0,6.0,270.0,2.0,0.0,0.0,0.0,6.0,0.0,0.0,6.0,0.0,1
152.0,3.0,0.8595645090737308,0.0,0.0,0.0,0.0,0.0,0.0,0.0,73.41666666666667,0.0,0.0,0.0,0.0,18.0,2230.0,12.0,0.0,0.0,0.0,36.0,0.0,0.0,2.0,0.0,1
82.0,4.0,0.9965897322452864,0.0,0.0,0.0,0.0,0.0,0.0,0.0,70.0,0.0,0.0,0.0,0.0,6.0,398.0,4.0,0.0,0.0,0.0,0.0,0.0,0.0,0.0,0.0,1
86.0,2.0,0.480439313701605,0.0,0.0,0.0,0.0,0.0,0.0,0.0,66.44444444444444,0.0,0.0,0.0,0.0,12.0,682.0,10.0,0.0,0.0,0.0,2.0,0.0,0.0,0.0,0.0,1
14.0,3.0,0.796311640170813,0.0,0.0,0.0,0.0,0.0,0.0,0.0,64.4,0.0,0.0,0.0,0.0,8.0,24.0,4.0,0.0,0.0,0.0,0.0,0.0,0.0,0.0,0.0,2
68.0,3.0,0.8050062185898622,0.0,0.0,0.0,0.0,0.0,0.0,0.0,60.0,0.0,0.0,0.0,0.0,6.0,156.0,6.0,0.0,0.0,0.0,0.0,0.0,0.0,0.0,0.0,1
52.0,3.0,0.9839614459980256,0.0,0.0,304.0,6.0,1.307691515447416,0.0,0.0,34.666666666666664,0.0,0.0,0.0,0.0,10.0,80.0,6.0,0.0,0.0,32.0,16.0,0.0,0.0,10.0,0.0,2
134.0,4.0,0.849685950473503,0.0,0.0,262.0,4.0,0.5799307622754449,0.0,0.0,30.23076923076923,0.0,0.0,0.0,0.0,12.0,154.0,10.0,0.0,0.0,26.0,30.0,0.0,0.0,36.0,0.0,2
130.0,2.0,0.3730110452781288,0.0,6.0,316.0,4.0,0.7689343951152435,0.0,0.0,23.23076923076923,0.0,0.0,0.0,0.0,22.0,20.0,6.0,0.0,0.0,28.0,10.0,0.0,0.0,64.0,0.0,1
70.0,3.0,0.819174451892559,0.0,0.0,28.0,4.0,1.1973401339927785,0.0,0.0,20.11111111111111,0.0,0.0,0.0,0.0,4.0,54.0,4.0,0.0,0.0,0.0,10.0,0.0,0.0,0.0,0.0,1
162.0,4.0,0.79318870988235,0.0,0.0,46.0,4.0,1.2407683994500582,0.0,0.0,20.0,0.0,0.0,0.0,0.0,4.0,1010.0,2.0,0.0,0.0,0.0,0.0,0.0,0.0,0.0,0.0,1
132.0,7.0,1.3262738440052608,0.0,10.0,220.0,6.0,0.951213727823343,0.0,0.0,16.2,0.0,0.0,0.0,0.0,28.0,1080.0,8.0,0.0,0.0,82.0,6.0,0.0,0.0,6.0,0.0,1
46.0,3.0,0.8378972277784775,0.0,0.0,30.0,3.0,0.6277052571941505,0.0,0.0,13.375,0.0,0.0,0.0,0.0,32.0,462.0,8.0,0.0,0.0,0.0,0.0,0.0,0.0,6.0,0.0,2
110.0,2.0,0.6322303777765206,0.0,0.0,56.0,3.0,0.8760057656401736,0.0,0.0,13.0,0.0,0.0,0.0,0.0,72.0,934.0,26.0,0.0,0.0,0.0,0.0,0.0,0.0,6.0,0.0,1
74.0,2.0,0.608556885903289,0.0,0.0,14.0,3.0,1.0789922078745835,0.0,0.0,12.333333333333334,0.0,0.0,0.0,0.0,24.0,670.0,6.0,0.0,0.0,0.0,6.0,0.0,0.0,2.0,0.0,1
10.0,1.0,-1.000088900581841e-12,0.0,0.0,4.0,1.0,-1.000088900581841e-12,0.0,0.0,0.0,0.0,0.0,0.0,0.0,38.0,2512.0,14.0,0.0,0.0,0.0,0.0,0.0,0.0,0.0,0.0,1
486.0,2.0,0.2941752294791332,0.0,0.0,12.0,2.0,0.6365141682928128,0.0,40.0,17.05263157894737,0.0,0.0,0.0,0.0,20.0,1986.0,6.0,0.0,0.0,0.0,34.0,0.0,0.0,4.0,0.0,1
720.0,1.0,-1.000088900581841e-12,0.0,0.0,4.0,1.0,-1.000088900581841e-12,0.0,0.0,38.9,0.0,0.0,0.0,0.0,0.0,0.0,0.0,0.0,0.0,0.0,0.0,0.0,0.0,0.0,0.0,1
272.0,1.0,-1.000088900581841e-12,0.0,0.0,28.0,2.0,0.410116318286409,0.0,0.0,64.03333333333333,0.0,0.0,0.0,0.0,0.0,0.0,0.0,0.0,0.0,0.0,0.0,0.0,0.0,0.0,0.0,1
0.0,0.0,0.0,0.0,0.0,4.0,1.0,-1.000088900581841e-12,0.0,0.0,83.26666666666667,0.0,0.0,0.0,0.0,0.0,0.0,0.0,0.0,0.0,0.0,0.0,0.0,0.0,0.0,0.0,1
0.0,0.0,0.0,0.0,0.0,60.0,2.0,0.2449300267926353,0.0,0.0,95.36666666666666,0.0,0.0,0.0,0.0,0.0,0.0,0.0,0.0,0.0,0.0,0.0,0.0,0.0,0.0,0.0,1
0.0,0.0,0.0,0.0,0.0,60.0,1.0,-1.000088900581841e-12,0.0,0.0,99.76666666666668,0.0,0.0,0.0,0.0,0.0,0.0,0.0,0.0,0.0,0.0,0.0,0.0,0.0,0.0,0.0,1
0.0,0.0,0.0,0.0,0.0,64.0,2.0,0.2337916587044593,0.0,0.0,100.0,0.0,0.0,0.0,0.0,0.0,0.0,0.0,0.0,0.0,0.0,0.0,0.0,0.0,0.0,0.0,1
0.0,0.0,0.0,0.0,0.0,64.0,2.0,0.2337916587044593,0.0,0.0,100.0,0.0,0.0,0.0,0.0,0.0,0.0,0.0,0.0,0.0,0.0,0.0,0.0,0.0,0.0,0.0,1
0.0,0.0,0.0,0.0,0.0,64.0,2.0,0.2337916587044593,0.0,0.0,100.0,0.0,0.0,0.0,0.0,0.0,0.0,0.0,0.0,0.0,0.0,0.0,0.0,0.0,0.0,0.0,1
4.0,1.0,-1.000088900581841e-12,0.0,0.0,58.0,4.0,0.6415758075483198,0.0,14.0,100.0,0.0,0.0,0.0,0.0,42.0,26.0,4.0,0.0,0.0,0.0,0.0,0.0,0.0,0.0,0.0,1
182.0,4.0,0.7690051862922241,0.0,0.0,28.0,4.0,0.991138896609094,0.0,0.0,97.83333333333331,0.0,0.0,0.0,0.0,0.0,1350.0,0.0,0.0,0.0,0.0,18.0,0.0,0.0,8.0,0.0,1
12.0,1.0,-1.000088900581841e-12,0.0,0.0,0.0,0.0,0.0,0.0,0.0,96.5,0.0,0.0,0.0,0.0,0.0,0.0,0.0,0.0,0.0,0.0,2.0,0.0,0.0,2.0,0.0,1
0.0,0.0,0.0,0.0,0.0,2.0,1.0,-1.000088900581841e-12,0.0,0.0,96.0,8.0,0.0,0.0,0.0,0.0,0.0,0.0,0.0,0.0,0.0,0.0,0.0,0.0,0.0,0.0,1
0.0,0.0,0.0,0.0,0.0,14.0,3.0,0.9556998911095343,0.0,0.0,95.5,10.0,0.0,0.0,0.0,0.0,0.0,0.0,0.0,0.0,0.0,2.0,0.0,0.0,0.0,0.0,1
0.0,0.0,0.0,0.0,0.0,2.0,1.0,-1.000088900581841e-12,0.0,0.0,95.0,0.0,0.0,0.0,0.0,0.0,0.0,0.0,0.0,0.0,0.0,0.0,0.0,0.0,0.0,0.0,1
0.0,0.0,0.0,0.0,0.0,0.0,0.0,0.0,0.0,0.0,94.66666666666669,0.0,0.0,0.0,0.0,0.0,0.0,0.0,0.0,0.0,0.0,0.0,0.0,0.0,0.0,0.0,1
0.0,0.0,0.0,0.0,0.0,2.0,1.0,-1.000088900581841e-12,0.0,0.0,94.0,0.0,0.0,0.0,0.0,0.0,0.0,0.0,0.0,0.0,0.0,0.0,0.0,0.0,0.0,0.0,1
328.0,3.0,0.6903012757336435,0.0,0.0,36.0,3.0,0.7777899315529315,0.0,0.0,89.72222222222223,0.0,0.0,0.0,0.0,0.0,3458.0,0.0,0.0,0.0,0.0,2.0,0.0,0.0,2.0,0.0,1
140.0,3.0,0.7694168477154821,0.0,0.0,24.0,3.0,1.0114042647043515,0.0,0.0,79.91666666666667,0.0,0.0,0.0,0.0,32.0,1914.0,8.0,0.0,0.0,0.0,0.0,0.0,0.0,0.0,0.0,1
220.0,1.0,-1.000088900581841e-12,0.0,0.0,44.0,2.0,0.6765259604914999,0.0,0.0,77.93333333333334,0.0,0.0,0.0,0.0,94.0,2436.0,20.0,0.0,0.0,2.0,2.0,0.0,0.0,2.0,0.0,1
30.0,1.0,-1.000088900581841e-12,0.0,0.0,38.0,4.0,1.055633432546645,0.0,0.0,77.0,0.0,0.0,0.0,0.0,48.0,0.0,0.0,0.0,0.0,0.0,4.0,0.0,0.0,0.0,0.0,2
156.0,3.0,0.7259004415369217,0.0,0.0,130.0,4.0,1.0191082069611428,0.0,0.0,75.9090909090909,0.0,0.0,0.0,0.0,88.0,9050.0,22.0,0.0,0.0,0.0,0.0,0.0,0.0,0.0,0.0,1
130.0,2.0,0.5900237480089645,0.0,0.0,44.0,4.0,1.2579577240355606,0.0,0.0,73.3,0.0,0.0,0.0,0.0,58.0,7112.0,14.0,0.0,0.0,0.0,0.0,0.0,0.0,0.0,0.0,1
62.0,1.0,-1.000088900581841e-12,0.0,0.0,30.0,4.0,1.3095258353000694,0.0,0.0,73.0,0.0,0.0,0.0,0.0,80.0,58.0,12.0,0.0,0.0,0.0,0.0,0.0,0.0,0.0,0.0,1
334.0,6.0,1.4289279345061976,0.0,0.0,88.0,4.0,1.13844153838234,0.0,0.0,69.53333333333333,0.0,0.0,0.0,0.0,132.0,7366.0,40.0,0.0,0.0,0.0,24.0,0.0,0.0,18.0,0.0,1
86.0,3.0,0.3617875327821778,0.0,0.0,78.0,6.0,1.555911121647693,0.0,0.0,63.11111111111112,0.0,0.0,0.0,0.0,32.0,254.0,12.0,0.0,0.0,0.0,18.0,0.0,0.0,4.0,0.0,1
406.0,6.0,0.5442421750579712,0.0,0.0,76.0,5.0,1.1502526938996975,0.0,0.0,56.77272727272727,0.0,0.0,0.0,0.0,14.0,1142.0,14.0,0.0,0.0,0.0,14.0,0.0,0.0,2.0,0.0,2
12.0,1.0,-1.000088900581841e-12,0.0,0.0,24.0,4.0,1.24245332489,0.0,0.0,53.0,0.0,0.0,0.0,0.0,0.0,0.0,0.0,0.0,0.0,0.0,4.0,0.0,0.0,0.0,0.0,1
72.0,3.0,0.6811430722146514,0.0,0.0,52.0,5.0,1.4937487884206289,0.0,0.0,52.09090909090909,0.0,0.0,0.0,0.0,10.0,4.0,4.0,0.0,0.0,0.0,8.0,0.0,0.0,0.0,0.0,1
52.0,2.0,0.645033151674034,0.0,0.0,8.0,2.0,0.6931471805579453,0.0,0.0,51.5,0.0,0.0,0.0,0.0,4.0,0.0,2.0,0.0,0.0,0.0,0.0,0.0,0.0,0.0,0.0,2
290.0,2.0,0.0727814907752183,0.0,0.0,34.0,3.0,0.7086880282155834,0.0,0.0,49.266666666666666,0.0,0.0,0.0,0.0,2.0,562.0,2.0,0.0,0.0,0.0,22.0,0.0,0.0,0.0,0.0,1
12.0,1.0,-1.000088900581841e-12,0.0,0.0,6.0,2.0,0.6365141682928128,0.0,0.0,48.0,0.0,0.0,0.0,0.0,0.0,0.0,0.0,0.0,0.0,0.0,0.0,0.0,0.0,0.0,0.0,2
42.0,1.0,-1.000088900581841e-12,0.0,0.0,38.0,4.0,1.1942726843443228,0.0,0.0,47.71428571428572,0.0,0.0,0.0,0.0,2.0,84.0,2.0,0.0,0.0,0.0,0.0,0.0,0.0,0.0,0.0,1
156.0,1.0,-1.000088900581841e-12,0.0,0.0,30.0,3.0,0.9908353864408492,0.0,0.0,45.81818181818182,0.0,0.0,0.0,0.0,2.0,374.0,2.0,0.0,0.0,0.0,10.0,0.0,0.0,0.0,0.0,2
98.0,1.0,-1.000088900581841e-12,0.0,0.0,80.0,4.0,0.8731234431754937,0.0,0.0,43.66666666666666,0.0,0.0,0.0,0.0,2.0,210.0,2.0,0.0,0.0,0.0,4.0,0.0,0.0,0.0,0.0,1
76.0,3.0,0.6898638883534558,0.0,0.0,46.0,4.0,1.1680347446230388,0.0,0.0,42.55555555555556,0.0,0.0,0.0,0.0,2.0,118.0,2.0,0.0,0.0,0.0,0.0,0.0,0.0,0.0,0.0,1
90.0,3.0,1.0437570363284083,0.0,0.0,34.0,3.0,1.0551016181656423,0.0,0.0,38.5,0.0,0.0,0.0,0.0,30.0,656.0,14.0,0.0,0.0,0.0,4.0,0.0,0.0,0.0,0.0,2
12.0,1.0,-1.000088900581841e-12,0.0,0.0,2.0,1.0,-1.000088900581841e-12,0.0,0.0,37.0,0.0,0.0,0.0,0.0,0.0,0.0,0.0,0.0,0.0,0.0,0.0,0.0,0.0,0.0,0.0,2
8.0,1.0,-1.000088900581841e-12,0.0,0.0,4.0,1.0,-1.000088900581841e-12,0.0,0.0,36.5,4.0,0.0,0.0,0.0,0.0,0.0,0.0,0.0,0.0,0.0,0.0,0.0,0.0,0.0,0.0,1
360.0,5.0,0.9826225595386892,0.0,0.0,70.0,2.0,0.6894691997731603,0.0,0.0,32.73684210526316,0.0,0.0,0.0,0.0,46.0,3356.0,24.0,0.0,0.0,0.0,30.0,0.0,0.0,0.0,0.0,1
102.0,1.0,-1.000088900581841e-12,0.0,0.0,20.0,2.0,0.6931471805579453,0.0,0.0,29.4,0.0,0.0,0.0,0.0,20.0,274.0,10.0,0.0,0.0,0.0,14.0,0.0,0.0,4.0,0.0,1
64.0,3.0,0.4470620543307878,0.0,0.0,18.0,2.0,0.6365141682928128,0.0,0.0,28.33333333333333,0.0,0.0,0.0,0.0,30.0,884.0,14.0,0.0,0.0,0.0,6.0,0.0,0.0,2.0,0.0,1
286.0,6.0,1.1045458313430327,0.0,0.0,86.0,4.0,1.071552596782755,0.0,0.0,25.625,0.0,0.0,0.0,0.0,126.0,3022.0,40.0,0.0,0.0,0.0,20.0,0.0,0.0,6.0,0.0,1
718.0,1.0,-1.000088900581841e-12,0.0,0.0,20.0,3.0,1.054920167983144,0.0,0.0,43.63333333333333,0.0,0.0,0.0,0.0,0.0,0.0,0.0,0.0,0.0,0.0,0.0,0.0,0.0,0.0,0.0,1
322.0,1.0,-1.000088900581841e-12,0.0,0.0,8.0,2.0,0.6931471805579453,0.0,0.0,66.93333333333334,0.0,0.0,0.0,0.0,0.0,0.0,0.0,0.0,0.0,0.0,0.0,0.0,0.0,0.0,0.0,1
0.0,0.0,0.0,0.0,0.0,12.0,3.0,1.0986122886651095,0.0,0.0,84.56666666666666,0.0,0.0,0.0,0.0,0.0,0.0,0.0,0.0,0.0,0.0,0.0,0.0,0.0,0.0,0.0,1
0.0,0.0,0.0,0.0,0.0,4.0,1.0,-1.000088900581841e-12,0.0,0.0,96.2,0.0,0.0,0.0,0.0,0.0,0.0,0.0,0.0,0.0,0.0,0.0,0.0,0.0,0.0,0.0,1
0.0,0.0,0.0,0.0,0.0,4.0,1.0,-1.000088900581841e-12,0.0,0.0,100.0,0.0,0.0,0.0,0.0,0.0,0.0,0.0,0.0,0.0,0.0,0.0,0.0,0.0,0.0,0.0,1
0.0,0.0,0.0,0.0,0.0,10.0,1.0,-1.000088900581841e-12,0.0,0.0,100.0,0.0,0.0,0.0,0.0,0.0,0.0,0.0,0.0,0.0,0.0,0.0,0.0,0.0,0.0,0.0,1
0.0,0.0,0.0,0.0,0.0,4.0,1.0,-1.000088900581841e-12,0.0,0.0,100.0,0.0,0.0,0.0,0.0,0.0,0.0,0.0,0.0,0.0,0.0,0.0,0.0,0.0,0.0,0.0,1
0.0,0.0,0.0,0.0,0.0,0.0,0.0,0.0,0.0,0.0,100.0,0.0,0.0,0.0,0.0,0.0,0.0,0.0,0.0,0.0,0.0,0.0,0.0,0.0,0.0,0.0,1
0.0,0.0,0.0,0.0,0.0,10.0,3.0,1.054920167983144,0.0,0.0,100.0,0.0,0.0,0.0,0.0,0.0,0.0,0.0,0.0,0.0,0.0,0.0,0.0,0.0,0.0,0.0,1
0.0,0.0,0.0,0.0,0.0,8.0,3.0,1.039720770836918,0.0,0.0,100.0,0.0,0.0,0.0,0.0,0.0,0.0,0.0,0.0,0.0,0.0,0.0,0.0,0.0,0.0,0.0,1
10.0,2.0,0.5004024235361879,0.0,0.0,8.0,2.0,0.6931471805579453,0.0,20.0,99.91304347826087,0.0,0.0,0.0,0.0,20.0,60.0,10.0,0.0,0.0,0.0,0.0,0.0,0.0,0.0,0.0,1
564.0,5.0,0.9003841375257007,0.0,0.0,72.0,5.0,1.4309830856238468,0.0,0.0,94.5,0.0,0.0,0.0,0.0,60.0,8670.0,12.0,0.0,0.0,0.0,40.0,0.0,0.0,0.0,0.0,1
20.0,2.0,0.6108643020528935,0.0,0.0,164.0,3.0,0.4041435813058917,0.0,0.0,71.28571428571429,0.0,0.0,0.0,0.0,4.0,12.0,4.0,0.0,0.0,0.0,2.0,0.0,0.0,0.0,0.0,1
12.0,1.0,-1.000088900581841e-12,0.0,0.0,0.0,0.0,0.0,0.0,0.0,71.0,0.0,0.0,0.0,0.0,0.0,0.0,0.0,0.0,0.0,0.0,0.0,0.0,0.0,0.0,0.0,1
2.0,1.0,-1.000088900581841e-12,0.0,0.0,0.0,0.0,0.0,0.0,0.0,71.0,2.0,0.0,0.0,0.0,0.0,0.0,0.0,0.0,0.0,0.0,0.0,0.0,0.0,0.0,0.0,1
268.0,6.0,0.8086965582564349,0.0,2.0,46.0,3.0,0.9272771162808268,0.0,0.0,68.6470588235294,0.0,0.0,0.0,0.0,10.0,752.0,10.0,0.0,0.0,0.0,20.0,0.0,0.0,4.0,0.0,1
388.0,4.0,0.8045568403177639,0.0,0.0,336.0,7.0,0.8603806317454686,0.0,0.0,29.59090909090909,0.0,0.0,0.0,0.0,96.0,6354.0,26.0,0.0,0.0,0.0,34.0,0.0,0.0,8.0,0.0,1
12.0,1.0,-1.000088900581841e-12,0.0,0.0,20.0,4.0,1.2798542258296677,0.0,0.0,28.0,0.0,0.0,0.0,0.0,0.0,0.0,0.0,0.0,0.0,0.0,2.0,0.0,0.0,2.0,0.0,1
8.0,1.0,-1.000088900581841e-12,0.0,0.0,8.0,2.0,0.6931471805579453,0.0,0.0,28.0,8.0,0.0,0.0,0.0,0.0,0.0,0.0,0.0,0.0,0.0,0.0,0.0,0.0,0.0,0.0,1
94.0,4.0,0.6881980661242844,0.0,0.0,42.0,5.0,1.1753622605400231,0.0,0.0,27.22222222222222,0.0,0.0,0.0,0.0,66.0,832.0,16.0,0.0,0.0,0.0,4.0,0.0,0.0,4.0,0.0,1
178.0,5.0,1.2820322594485205,0.0,0.0,54.0,5.0,1.3815074745719154,0.0,0.0,24.15384615384616,0.0,0.0,0.0,0.0,52.0,2264.0,12.0,0.0,0.0,0.0,6.0,0.0,0.0,0.0,0.0,1
510.0,6.0,0.8388193946181025,0.0,0.0,86.0,5.0,0.865946257636439,0.0,38.0,18.217391304347824,0.0,0.0,0.0,0.0,38.0,9244.0,4.0,0.0,0.0,0.0,42.0,0.0,0.0,2.0,0.0,1
716.0,1.0,-1.000088900581841e-12,0.0,0.0,68.0,4.0,0.4845306478184981,0.0,0.0,27.83333333333333,0.0,0.0,0.0,0.0,0.0,0.0,0.0,0.0,0.0,0.0,0.0,0.0,0.0,0.0,0.0,1
482.0,1.0,-1.000088900581841e-12,0.0,0.0,64.0,2.0,0.2337916587044593,0.0,0.0,52.36666666666667,0.0,0.0,0.0,0.0,0.0,0.0,0.0,0.0,0.0,0.0,0.0,0.0,0.0,0.0,0.0,1
0.0,0.0,0.0,0.0,0.0,72.0,2.0,0.4505612088643047,0.0,0.0,74.76666666666667,0.0,0.0,0.0,0.0,0.0,0.0,0.0,0.0,0.0,0.0,0.0,0.0,0.0,0.0,0.0,1
0.0,0.0,0.0,0.0,0.0,64.0,2.0,0.2337916587044593,0.0,0.0,90.86666666666666,0.0,0.0,0.0,0.0,0.0,0.0,0.0,0.0,0.0,0.0,0.0,0.0,0.0,0.0,0.0,1
0.0,0.0,0.0,0.0,0.0,68.0,3.0,0.4437572842571483,0.0,0.0,98.63333333333334,0.0,0.0,0.0,0.0,0.0,0.0,0.0,0.0,0.0,0.0,0.0,0.0,0.0,0.0,0.0,1
0.0,0.0,0.0,0.0,0.0,60.0,1.0,-1.000088900581841e-12,0.0,0.0,100.0,0.0,0.0,0.0,0.0,0.0,0.0,0.0,0.0,0.0,0.0,0.0,0.0,0.0,0.0,0.0,1
46.0,2.0,0.6846162777993048,0.0,0.0,20.0,4.0,1.3321790402061222,0.0,0.0,91.0,0.0,0.0,0.0,0.0,6.0,128.0,4.0,0.0,0.0,0.0,0.0,0.0,0.0,0.0,0.0,2
332.0,6.0,1.0626441686599215,0.0,0.0,282.0,5.0,0.7916781708377642,0.0,0.0,88.05555555555556,0.0,0.0,0.0,0.0,16.0,1282.0,12.0,0.0,0.0,0.0,16.0,0.0,0.0,6.0,0.0,1
86.0,4.0,1.156564181115492,0.0,0.0,42.0,5.0,1.4427145897553335,0.0,0.0,82.63636363636364,0.0,0.0,0.0,0.0,12.0,854.0,6.0,0.0,0.0,0.0,8.0,0.0,0.0,6.0,0.0,2
52.0,2.0,0.6931471805579453,0.0,0.0,8.0,2.0,0.6931471805579453,0.0,0.0,80.0,0.0,0.0,0.0,0.0,12.0,102.0,4.0,0.0,0.0,0.0,0.0,0.0,0.0,0.0,0.0,1
168.0,5.0,0.7526919588053342,0.0,0.0,118.0,4.0,1.026912407647112,0.0,0.0,72.08333333333333,0.0,0.0,0.0,0.0,12.0,844.0,6.0,0.0,0.0,0.0,6.0,0.0,0.0,2.0,0.0,1
44.0,2.0,0.5859526183015509,0.0,0.0,46.0,5.0,1.549417042076036,0.0,0.0,70.75,0.0,0.0,0.0,0.0,12.0,102.0,4.0,0.0,0.0,0.0,6.0,0.0,0.0,2.0,0.0,1
92.0,4.0,0.7468675371551836,0.0,0.0,36.0,4.0,1.2148896539451204,0.0,0.0,69.18181818181819,0.0,0.0,0.0,0.0,20.0,190.0,10.0,0.0,0.0,2.0,8.0,0.0,0.0,0.0,0.0,1
12.0,1.0,-1.000088900581841e-12,0.0,0.0,12.0,2.0,0.4505612088643047,0.0,0.0,67.0,0.0,0.0,0.0,0.0,0.0,0.0,0.0,0.0,0.0,0.0,0.0,0.0,0.0,0.0,0.0,1
24.0,2.0,0.6365141682928128,0.0,0.0,56.0,4.0,0.9477716927221806,0.0,0.0,62.71428571428572,0.0,0.0,0.0,0.0,6.0,46.0,4.0,0.0,0.0,0.0,0.0,0.0,0.0,0.0,0.0,1
8.0,1.0,-1.000088900581841e-12,0.0,0.0,32.0,5.0,1.4244427784986178,0.0,0.0,60.833333333333336,6.0,0.0,0.0,0.0,0.0,0.0,0.0,0.0,0.0,0.0,0.0,0.0,0.0,0.0,0.0,1
26.0,2.0,0.6172417697283417,0.0,0.0,40.0,6.0,1.5571130980516457,0.0,0.0,58.71428571428572,0.0,0.0,0.0,0.0,12.0,218.0,2.0,0.0,0.0,0.0,0.0,0.0,0.0,0.0,0.0,1
20.0,1.0,-1.000088900581841e-12,0.0,0.0,50.0,4.0,1.0353266957665894,0.0,0.0,53.0,0.0,0.0,0.0,0.0,6.0,0.0,0.0,0.0,0.0,0.0,2.0,0.0,0.0,0.0,0.0,2
180.0,2.0,0.6869615765953234,0.0,0.0,68.0,4.0,1.2356799549714128,0.0,0.0,51.642857142857146,0.0,0.0,0.0,0.0,24.0,3110.0,10.0,0.0,0.0,0.0,6.0,0.0,0.0,2.0,0.0,1
204.0,4.0,0.9698058517583096,0.0,0.0,112.0,4.0,1.0935322619825265,0.0,0.0,48.07142857142857,0.0,0.0,0.0,0.0,118.0,1030.0,30.0,0.0,0.0,0.0,6.0,0.0,0.0,0.0,0.0,1
336.0,5.0,1.1601133504655026,0.0,0.0,196.0,7.0,1.3826170449719877,0.0,0.0,35.1578947368421,0.0,20.0,20.0,8.0,150.0,10026.0,46.0,0.0,0.0,0.0,8.0,0.0,0.0,0.0,0.0,2
296.0,9.0,1.4931399595928527,0.0,0.0,84.0,4.0,1.0063856698162597,0.0,0.0,20.1875,0.0,0.0,0.0,0.0,30.0,2496.0,22.0,0.0,0.0,0.0,22.0,0.0,0.0,4.0,0.0,1
718.0,1.0,-1.000088900581841e-12,0.0,0.0,60.0,1.0,-1.000088900581841e-12,0.0,0.0,46.5,0.0,0.0,0.0,0.0,0.0,0.0,0.0,0.0,0.0,0.0,0.0,0.0,0.0,0.0,0.0,1
0.0,0.0,0.0,0.0,0.0,64.0,2.0,0.2337916587044593,0.0,0.0,88.66666666666667,0.0,0.0,0.0,0.0,0.0,0.0,0.0,0.0,0.0,0.0,0.0,0.0,0.0,0.0,0.0,1
0.0,0.0,0.0,0.0,0.0,62.0,2.0,0.2392170938145128,0.0,0.0,100.0,0.0,0.0,0.0,0.0,0.0,0.0,0.0,0.0,0.0,0.0,0.0,0.0,0.0,0.0,0.0,1
0.0,0.0,0.0,0.0,0.0,68.0,3.0,0.4437572842571483,0.0,0.0,100.0,0.0,0.0,0.0,0.0,0.0,0.0,0.0,0.0,0.0,0.0,0.0,0.0,0.0,0.0,0.0,1
0.0,0.0,0.0,0.0,0.0,64.0,2.0,0.2337916587044593,0.0,0.0,100.0,0.0,0.0,0.0,0.0,0.0,0.0,0.0,0.0,0.0,0.0,0.0,0.0,0.0,0.0,0.0,1
0.0,0.0,0.0,0.0,0.0,64.0,2.0,0.2337916587044593,0.0,0.0,100.0,0.0,0.0,0.0,0.0,0.0,0.0,0.0,0.0,0.0,0.0,0.0,0.0,0.0,0.0,0.0,1
196.0,7.0,1.624072659221074,0.0,0.0,100.0,7.0,1.6924618220491547,0.0,0.0,88.28571428571429,0.0,0.0,0.0,0.0,48.0,1804.0,22.0,0.0,0.0,0.0,16.0,0.0,0.0,6.0,0.0,1
72.0,2.0,0.4505612088643047,0.0,0.0,38.0,4.0,1.3386718783181464,0.0,0.0,85.25,0.0,0.0,0.0,0.0,10.0,660.0,4.0,0.0,0.0,0.0,0.0,0.0,0.0,0.0,0.0,1
12.0,1.0,-1.000088900581841e-12,0.0,0.0,54.0,4.0,0.7544627023219549,0.0,0.0,84.16666666666667,0.0,0.0,0.0,0.0,0.0,0.0,0.0,0.0,0.0,0.0,0.0,0.0,0.0,0.0,0.0,1
68.0,3.0,0.7942680770021029,0.0,0.0,94.0,5.0,1.0441600617781783,0.0,0.0,82.7,0.0,0.0,0.0,0.0,20.0,488.0,10.0,0.0,0.0,0.0,2.0,0.0,0.0,0.0,0.0,1
84.0,3.0,0.6667858912555132,0.0,0.0,66.0,4.0,1.087228270646358,0.0,0.0,80.4,0.0,0.0,0.0,0.0,18.0,440.0,4.0,0.0,0.0,0.0,14.0,0.0,0.0,0.0,0.0,1
2.0,1.0,-1.000088900581841e-12,0.0,0.0,2.0,1.0,-1.000088900581841e-12,0.0,0.0,53.0,10.0,0.0,0.0,0.0,0.0,0.0,0.0,0.0,0.0,0.0,0.0,0.0,0.0,0.0,0.0,1
258.0,3.0,0.2673511082835257,0.0,0.0,52.0,3.0,0.9110175397095628,0.0,14.0,51.4,14.0,0.0,0.0,0.0,14.0,2390.0,6.0,0.0,0.0,0.0,24.0,0.0,0.0,6.0,0.0,1
568.0,1.0,-1.000088900581841e-12,0.0,0.0,66.0,2.0,0.3046360973472382,0.0,0.0,86.9,0.0,0.0,0.0,0.0,0.0,0.0,0.0,0.0,0.0,0.0,0.0,0.0,0.0,0.0,0.0,1
720.0,1.0,-1.000088900581841e-12,0.0,0.0,64.0,2.0,0.2337916587044593,0.0,0.0,100.0,0.0,0.0,0.0,0.0,0.0,0.0,0.0,0.0,0.0,0.0,0.0,0.0,0.0,0.0,0.0,1
0.0,0.0,0.0,0.0,0.0,76.0,3.0,0.6330395116614678,0.0,0.0,100.0,0.0,0.0,0.0,0.0,0.0,0.0,0.0,0.0,0.0,0.0,0.0,0.0,0.0,0.0,0.0,1
0.0,0.0,0.0,0.0,0.0,64.0,2.0,0.2337916587044593,0.0,0.0,100.0,0.0,0.0,0.0,0.0,0.0,0.0,0.0,0.0,0.0,0.0,0.0,0.0,0.0,0.0,0.0,1
0.0,0.0,0.0,0.0,0.0,64.0,2.0,0.2337916587044593,0.0,0.0,100.0,0.0,0.0,0.0,0.0,0.0,0.0,0.0,0.0,0.0,0.0,0.0,0.0,0.0,0.0,0.0,1
12.0,1.0,-1.000088900581841e-12,0.0,0.0,64.0,2.0,0.2337916587044593,0.0,0.0,100.0,0.0,0.0,0.0,0.0,0.0,0.0,0.0,0.0,0.0,0.0,0.0,0.0,0.0,0.0,0.0,1
302.0,7.0,1.3564294855283203,0.0,0.0,106.0,6.0,1.4599438279453063,0.0,0.0,91.88235294117646,0.0,0.0,0.0,0.0,70.0,2722.0,22.0,0.0,0.0,2.0,52.0,0.0,0.0,10.0,0.0,1
12.0,1.0,-1.000088900581841e-12,0.0,0.0,36.0,2.0,0.2145591551744051,0.0,0.0,89.0,0.0,0.0,0.0,0.0,0.0,0.0,0.0,0.0,0.0,0.0,0.0,0.0,0.0,0.0,0.0,1
70.0,5.0,1.196711785669406,0.0,0.0,94.0,4.0,0.8351170203371515,0.0,0.0,88.3,0.0,0.0,0.0,20.0,58.0,2026.0,12.0,0.0,0.0,0.0,6.0,0.0,0.0,0.0,0.0,2
12.0,1.0,-1.000088900581841e-12,0.0,0.0,2.0,1.0,-1.000088900581841e-12,0.0,0.0,86.5,0.0,0.0,0.0,0.0,0.0,0.0,0.0,0.0,0.0,0.0,2.0,0.0,0.0,0.0,0.0,2
50.0,1.0,-1.000088900581841e-12,0.0,0.0,8.0,2.0,0.6931471805579453,0.0,0.0,85.55555555555556,0.0,0.0,0.0,0.0,20.0,142.0,4.0,0.0,0.0,0.0,2.0,0.0,0.0,0.0,0.0,1
170.0,5.0,0.953914581225455,0.0,0.0,60.0,4.0,1.1806838378622435,0.0,0.0,82.14285714285714,0.0,0.0,0.0,0.0,98.0,2382.0,18.0,0.0,0.0,0.0,8.0,0.0,0.0,0.0,0.0,1
368.0,3.0,0.5191498952732764,0.0,0.0,60.0,5.0,1.148772451502684,0.0,0.0,54.388888888888886,0.0,0.0,0.0,0.0,20.0,1044.0,6.0,0.0,0.0,0.0,4.0,0.0,0.0,2.0,0.0,1
44.0,4.0,1.1672864936137828,0.0,0.0,36.0,5.0,1.3878000314902637,0.0,0.0,51.142857142857146,0.0,0.0,0.0,0.0,38.0,1426.0,10.0,0.0,0.0,0.0,4.0,0.0,0.0,0.0,0.0,1
2.0,1.0,-1.000088900581841e-12,0.0,0.0,6.0,2.0,0.6365141682928128,0.0,0.0,51.0,10.0,0.0,0.0,0.0,0.0,0.0,0.0,0.0,0.0,0.0,0.0,0.0,0.0,0.0,0.0,1
458.0,4.0,0.7116573791788164,0.0,0.0,70.0,3.0,0.8808436026584626,0.0,0.0,46.66666666666666,20.0,0.0,0.0,0.0,38.0,11008.0,14.0,0.0,0.0,0.0,8.0,0.0,0.0,0.0,0.0,2
10.0,1.0,-1.000088900581841e-12,0.0,0.0,6.0,2.0,0.6365141682928128,0.0,0.0,41.0,0.0,0.0,0.0,0.0,0.0,0.0,0.0,0.0,0.0,0.0,2.0,0.0,0.0,0.0,0.0,1
0.0,0.0,0.0,0.0,0.0,20.0,2.0,0.5004024235361879,0.0,0.0,41.0,0.0,0.0,0.0,0.0,0.0,0.0,0.0,0.0,0.0,0.0,2.0,0.0,0.0,0.0,0.0,1
0.0,0.0,0.0,0.0,0.0,2.0,1.0,-1.000088900581841e-12,0.0,0.0,41.0,0.0,0.0,0.0,0.0,0.0,0.0,0.0,0.0,0.0,0.0,0.0,0.0,0.0,0.0,0.0,1
0.0,0.0,0.0,0.0,0.0,14.0,2.0,0.410116318286409,0.0,0.0,40.0,18.0,0.0,0.0,0.0,0.0,0.0,0.0,0.0,0.0,0.0,2.0,0.0,0.0,0.0,0.0,1
0.0,0.0,0.0,0.0,0.0,0.0,0.0,0.0,0.0,0.0,40.0,0.0,0.0,0.0,0.0,0.0,0.0,0.0,0.0,0.0,0.0,0.0,0.0,0.0,0.0,0.0,1
0.0,0.0,0.0,0.0,0.0,0.0,0.0,0.0,0.0,0.0,39.0,0.0,0.0,0.0,0.0,0.0,0.0,0.0,0.0,0.0,0.0,0.0,0.0,0.0,0.0,0.0,1
0.0,0.0,0.0,0.0,0.0,0.0,0.0,0.0,0.0,0.0,38.0,0.0,0.0,0.0,0.0,0.0,0.0,0.0,0.0,0.0,0.0,0.0,0.0,0.0,0.0,0.0,1
0.0,0.0,0.0,0.0,0.0,34.0,4.0,0.6598720137808266,0.0,0.0,37.0,10.0,0.0,0.0,0.0,0.0,0.0,0.0,0.0,0.0,0.0,2.0,0.0,0.0,0.0,0.0,1
498.0,3.0,0.1083997863572063,0.0,0.0,50.0,3.0,0.5296435025373523,0.0,0.0,26.52173913043478,0.0,0.0,0.0,0.0,0.0,5042.0,0.0,0.0,0.0,0.0,52.0,0.0,0.0,2.0,0.0,2
32.0,2.0,0.2337916587044593,0.0,0.0,100.0,6.0,1.0337005717591867,0.0,0.0,23.0,0.0,0.0,0.0,0.0,22.0,180.0,6.0,0.0,0.0,0.0,0.0,0.0,0.0,0.0,0.0,2
32.0,2.0,0.6853142072744584,0.0,0.0,38.0,4.0,1.1630900731439806,0.0,0.0,20.5,0.0,0.0,0.0,0.0,32.0,12.0,14.0,0.0,0.0,0.0,2.0,0.0,0.0,2.0,0.0,1
110.0,2.0,0.1562101710598828,0.0,0.0,58.0,5.0,1.5254687264210995,0.0,0.0,15.0,0.0,0.0,0.0,0.0,4.0,138.0,4.0,0.0,0.0,0.0,10.0,0.0,0.0,4.0,0.0,1
42.0,2.0,0.410116318286409,0.0,0.0,58.0,5.0,1.4518441754782228,0.0,0.0,13.142857142857142,0.0,0.0,0.0,0.0,2.0,0.0,2.0,0.0,0.0,0.0,0.0,0.0,0.0,0.0,0.0,1
14.0,1.0,-1.000088900581841e-12,0.0,0.0,46.0,8.0,1.8390211812491497,0.0,0.0,62.0,0.0,0.0,0.0,0.0,0.0,56.0,0.0,0.0,0.0,0.0,4.0,0.0,0.0,0.0,0.0,1
12.0,1.0,-1.000088900581841e-12,0.0,0.0,16.0,3.0,1.039720770836918,0.0,0.0,51.0,0.0,0.0,0.0,0.0,0.0,0.0,0.0,0.0,0.0,0.0,0.0,0.0,0.0,0.0,0.0,2
142.0,4.0,1.1542826700124147,0.0,0.0,174.0,6.0,1.118329718552025,0.0,0.0,45.76923076923077,0.0,0.0,0.0,0.0,10.0,266.0,10.0,0.0,0.0,0.0,24.0,0.0,0.0,10.0,0.0,1
12.0,1.0,-1.000088900581841e-12,0.0,0.0,38.0,3.0,0.6605788876490757,0.0,0.0,43.333333333333336,0.0,0.0,0.0,0.0,0.0,0.0,0.0,0.0,0.0,0.0,0.0,0.0,0.0,0.0,0.0,1
0.0,0.0,0.0,0.0,0.0,16.0,2.0,0.5623351446168083,0.0,0.0,42.0,2.0,0.0,0.0,0.0,0.0,0.0,0.0,0.0,0.0,0.0,2.0,0.0,0.0,0.0,0.0,1
354.0,3.0,0.6812823691405081,0.0,0.0,188.0,5.0,1.0917871482286423,0.0,0.0,38.45,0.0,0.0,0.0,0.0,8.0,794.0,6.0,0.0,0.0,0.0,18.0,0.0,0.0,6.0,0.0,2
708.0,1.0,-1.000088900581841e-12,0.0,0.0,264.0,4.0,0.6662009104160479,0.0,0.0,56.206896551724135,0.0,0.0,0.0,0.0,0.0,0.0,0.0,0.0,0.0,0.0,0.0,0.0,0.0,0.0,0.0,1
0.0,0.0,0.0,0.0,0.0,4.0,1.0,-1.000088900581841e-12,0.0,0.0,92.26666666666668,0.0,0.0,0.0,0.0,0.0,0.0,0.0,0.0,0.0,0.0,0.0,0.0,0.0,0.0,0.0,1
0.0,0.0,0.0,0.0,0.0,4.0,1.0,-1.000088900581841e-12,0.0,0.0,100.0,0.0,0.0,0.0,0.0,0.0,0.0,0.0,0.0,0.0,0.0,0.0,0.0,0.0,0.0,0.0,1
0.0,0.0,0.0,0.0,0.0,4.0,1.0,-1.000088900581841e-12,0.0,0.0,100.0,0.0,0.0,0.0,0.0,0.0,0.0,0.0,0.0,0.0,0.0,0.0,0.0,0.0,0.0,0.0,1
0.0,0.0,0.0,0.0,0.0,4.0,1.0,-1.000088900581841e-12,0.0,0.0,100.0,0.0,0.0,0.0,0.0,0.0,0.0,0.0,0.0,0.0,0.0,0.0,0.0,0.0,0.0,0.0,1
0.0,0.0,0.0,0.0,0.0,8.0,1.0,-1.000088900581841e-12,0.0,0.0,100.0,0.0,0.0,0.0,0.0,0.0,0.0,0.0,0.0,0.0,0.0,0.0,0.0,0.0,0.0,0.0,1
0.0,0.0,0.0,0.0,0.0,4.0,1.0,-1.000088900581841e-12,0.0,0.0,100.0,0.0,0.0,0.0,0.0,0.0,0.0,0.0,0.0,0.0,0.0,0.0,0.0,0.0,0.0,0.0,1
0.0,0.0,0.0,0.0,0.0,4.0,1.0,-1.000088900581841e-12,0.0,0.0,100.0,0.0,0.0,0.0,0.0,0.0,0.0,0.0,0.0,0.0,0.0,0.0,0.0,0.0,0.0,0.0,1
244.0,5.0,1.1521656021073408,0.0,0.0,72.0,7.0,1.5622924844889043,0.0,0.0,92.3846153846154,0.0,0.0,0.0,0.0,8.0,1662.0,4.0,0.0,0.0,0.0,6.0,0.0,0.0,0.0,0.0,1
94.0,2.0,0.6543912549246472,0.0,0.0,20.0,3.0,0.9502705392302344,0.0,0.0,87.75,0.0,0.0,0.0,0.0,20.0,452.0,4.0,0.0,0.0,2.0,10.0,0.0,0.0,4.0,0.0,1
70.0,4.0,1.0108035681247651,0.0,0.0,38.0,3.0,0.9174021803597407,0.0,0.0,86.625,0.0,0.0,0.0,0.0,48.0,1542.0,10.0,0.0,0.0,0.0,0.0,0.0,0.0,0.0,0.0,1
132.0,5.0,1.2390302175119925,0.0,0.0,86.0,5.0,1.3030695452806471,0.0,0.0,83.54545454545455,0.0,0.0,0.0,0.0,36.0,2980.0,14.0,0.0,0.0,0.0,0.0,0.0,0.0,0.0,0.0,1
8.0,1.0,-1.000088900581841e-12,0.0,0.0,10.0,2.0,0.5004024235361879,0.0,0.0,81.83333333333333,0.0,0.0,0.0,0.0,0.0,0.0,0.0,0.0,0.0,4.0,2.0,0.0,0.0,0.0,0.0,1
88.0,3.0,0.7262055880911567,0.0,0.0,30.0,5.0,1.3378606778314337,0.0,0.0,78.66666666666667,0.0,0.0,0.0,0.0,60.0,472.0,14.0,0.0,0.0,4.0,6.0,0.0,0.0,10.0,0.0,1
12.0,1.0,-1.000088900581841e-12,0.0,0.0,76.0,3.0,0.5366645624815252,0.0,0.0,74.0,0.0,0.0,0.0,0.0,0.0,0.0,0.0,0.0,0.0,0.0,2.0,0.0,0.0,0.0,0.0,1
76.0,1.0,-1.000088900581841e-12,0.0,0.0,72.0,3.0,0.7603741834850299,0.0,0.0,71.88888888888889,0.0,0.0,0.0,0.0,12.0,484.0,4.0,0.0,0.0,0.0,4.0,0.0,0.0,2.0,0.0,1
30.0,1.0,-1.000088900581841e-12,0.0,0.0,8.0,2.0,0.6931471805579453,0.0,0.0,68.14285714285714,0.0,0.0,0.0,0.0,12.0,456.0,6.0,0.0,0.0,0.0,8.0,0.0,0.0,4.0,0.0,1
78.0,1.0,-1.000088900581841e-12,0.0,0.0,10.0,2.0,0.6730116670072565,0.0,0.0,65.0,0.0,0.0,0.0,0.0,0.0,264.0,0.0,0.0,0.0,0.0,0.0,0.0,0.0,0.0,0.0,1
16.0,1.0,-1.000088900581841e-12,0.0,0.0,0.0,0.0,0.0,0.0,0.0,33.42857142857143,0.0,0.0,0.0,0.0,2.0,0.0,2.0,0.0,0.0,0.0,4.0,0.0,0.0,0.0,0.0,1
6.0,1.0,-1.000088900581841e-12,0.0,0.0,0.0,0.0,0.0,0.0,0.0,32.0,2.0,0.0,0.0,0.0,0.0,0.0,0.0,0.0,0.0,0.0,0.0,0.0,0.0,0.0,0.0,1
0.0,0.0,0.0,0.0,0.0,0.0,0.0,0.0,0.0,0.0,31.33333333333333,2.0,0.0,0.0,0.0,0.0,0.0,0.0,0.0,0.0,0.0,2.0,0.0,0.0,0.0,0.0,1
0.0,0.0,0.0,0.0,0.0,0.0,0.0,0.0,0.0,0.0,31.0,0.0,0.0,0.0,0.0,0.0,0.0,0.0,0.0,0.0,0.0,0.0,0.0,0.0,0.0,0.0,1
0.0,0.0,0.0,0.0,0.0,0.0,0.0,0.0,0.0,0.0,30.0,2.0,0.0,0.0,0.0,0.0,0.0,0.0,0.0,0.0,0.0,2.0,0.0,0.0,0.0,0.0,1
0.0,0.0,0.0,0.0,0.0,0.0,0.0,0.0,0.0,0.0,29.0,0.0,0.0,0.0,0.0,0.0,0.0,0.0,0.0,0.0,0.0,0.0,0.0,0.0,0.0,0.0,1
0.0,0.0,0.0,0.0,0.0,0.0,0.0,0.0,0.0,0.0,28.0,0.0,0.0,0.0,0.0,0.0,0.0,0.0,0.0,0.0,0.0,0.0,0.0,0.0,0.0,0.0,1
0.0,0.0,0.0,0.0,0.0,0.0,0.0,0.0,0.0,0.0,27.0,0.0,0.0,0.0,0.0,0.0,0.0,0.0,0.0,0.0,0.0,0.0,0.0,0.0,0.0,0.0,1
124.0,1.0,-1.000088900581841e-12,0.0,0.0,0.0,0.0,0.0,0.0,0.0,18.22222222222222,0.0,0.0,0.0,0.0,8.0,532.0,6.0,0.0,0.0,0.0,12.0,0.0,0.0,6.0,0.0,1
686.0,1.0,-1.000088900581841e-12,0.0,0.0,0.0,0.0,0.0,0.0,0.0,46.4,0.0,0.0,0.0,0.0,0.0,0.0,0.0,0.0,0.0,0.0,0.0,0.0,0.0,0.0,0.0,1
0.0,0.0,0.0,0.0,0.0,0.0,0.0,0.0,0.0,0.0,85.86666666666666,0.0,0.0,0.0,0.0,0.0,0.0,0.0,0.0,0.0,0.0,0.0,0.0,0.0,0.0,0.0,1
12.0,1.0,-1.000088900581841e-12,0.0,0.0,0.0,0.0,0.0,0.0,0.0,89.5,0.0,0.0,0.0,0.0,0.0,0.0,0.0,0.0,0.0,0.0,0.0,0.0,0.0,0.0,0.0,1
12.0,1.0,-1.000088900581841e-12,0.0,0.0,0.0,0.0,0.0,0.0,0.0,87.0,0.0,0.0,0.0,0.0,0.0,0.0,0.0,0.0,0.0,0.0,0.0,0.0,0.0,0.0,0.0,1
212.0,3.0,0.6563116493991642,0.0,0.0,0.0,0.0,0.0,0.0,0.0,84.53846153846153,0.0,0.0,0.0,0.0,2.0,540.0,2.0,0.0,0.0,0.0,2.0,0.0,0.0,0.0,0.0,2
720.0,1.0,-1.000088900581841e-12,0.0,0.0,0.0,0.0,0.0,0.0,0.0,56.06666666666667,0.0,0.0,0.0,0.0,0.0,0.0,0.0,0.0,0.0,0.0,24.0,0.0,0.0,0.0,0.0,1
0.0,0.0,0.0,0.0,0.0,0.0,0.0,0.0,0.0,0.0,94.7,0.0,0.0,0.0,0.0,0.0,0.0,0.0,0.0,0.0,0.0,0.0,0.0,0.0,0.0,0.0,1
0.0,0.0,0.0,0.0,0.0,0.0,0.0,0.0,0.0,0.0,100.0,0.0,0.0,0.0,0.0,0.0,0.0,0.0,0.0,0.0,0.0,0.0,0.0,0.0,0.0,0.0,1
0.0,0.0,0.0,0.0,0.0,0.0,0.0,0.0,0.0,0.0,100.0,0.0,0.0,0.0,0.0,0.0,0.0,0.0,0.0,0.0,0.0,0.0,0.0,0.0,0.0,0.0,1
0.0,0.0,0.0,0.0,0.0,0.0,0.0,0.0,0.0,0.0,100.0,0.0,0.0,0.0,0.0,0.0,0.0,0.0,0.0,0.0,0.0,0.0,0.0,0.0,0.0,0.0,1
0.0,0.0,0.0,0.0,0.0,0.0,0.0,0.0,0.0,0.0,100.0,0.0,0.0,0.0,0.0,0.0,0.0,0.0,0.0,0.0,0.0,0.0,0.0,0.0,0.0,0.0,1
0.0,0.0,0.0,0.0,0.0,0.0,0.0,0.0,0.0,0.0,100.0,0.0,0.0,0.0,0.0,0.0,0.0,0.0,0.0,0.0,0.0,0.0,0.0,0.0,0.0,0.0,1
0.0,0.0,0.0,0.0,0.0,0.0,0.0,0.0,0.0,0.0,100.0,0.0,0.0,0.0,0.0,2.0,0.0,0.0,0.0,0.0,0.0,0.0,0.0,0.0,0.0,0.0,1
24.0,2.0,0.5623351446168083,0.0,0.0,0.0,0.0,0.0,0.0,0.0,89.0,0.0,0.0,0.0,0.0,4.0,0.0,2.0,0.0,0.0,0.0,0.0,0.0,0.0,0.0,0.0,1
108.0,3.0,0.6546695645255007,0.0,0.0,0.0,0.0,0.0,0.0,0.0,87.5,0.0,0.0,0.0,0.0,32.0,1178.0,22.0,0.0,0.0,0.0,2.0,0.0,0.0,2.0,0.0,1
712.0,1.0,-1.000088900581841e-12,0.0,0.0,116.0,4.0,0.7693905674761256,0.0,0.0,76.53333333333333,0.0,0.0,0.0,0.0,0.0,0.0,0.0,0.0,0.0,0.0,8.0,0.0,0.0,0.0,0.0,1
0.0,0.0,0.0,0.0,0.0,14.0,3.0,1.0789922078745833,0.0,0.0,99.76666666666668,0.0,0.0,0.0,0.0,0.0,0.0,0.0,0.0,0.0,0.0,0.0,0.0,0.0,0.0,0.0,1
0.0,0.0,0.0,0.0,0.0,4.0,1.0,-1.000088900581841e-12,0.0,0.0,100.0,0.0,0.0,0.0,0.0,0.0,0.0,0.0,0.0,0.0,0.0,0.0,0.0,0.0,0.0,0.0,1
0.0,0.0,0.0,0.0,0.0,6.0,1.0,-1.000088900581841e-12,0.0,0.0,100.0,0.0,0.0,0.0,0.0,0.0,0.0,0.0,0.0,0.0,0.0,0.0,0.0,0.0,0.0,0.0,1
0.0,0.0,0.0,0.0,0.0,4.0,1.0,-1.000088900581841e-12,0.0,0.0,100.0,0.0,0.0,0.0,0.0,0.0,0.0,0.0,0.0,0.0,0.0,0.0,0.0,0.0,0.0,0.0,1
0.0,0.0,0.0,0.0,0.0,4.0,1.0,-1.000088900581841e-12,0.0,0.0,100.0,0.0,0.0,0.0,0.0,0.0,0.0,0.0,0.0,0.0,0.0,0.0,0.0,0.0,0.0,0.0,1
0.0,0.0,0.0,0.0,0.0,4.0,1.0,-1.000088900581841e-12,0.0,0.0,100.0,0.0,0.0,0.0,0.0,0.0,0.0,0.0,0.0,0.0,0.0,0.0,0.0,0.0,0.0,0.0,1
94.0,2.0,0.5897093148155168,0.0,0.0,30.0,3.0,0.9276173343241816,0.0,0.0,86.22222222222223,0.0,0.0,0.0,0.0,6.0,732.0,4.0,0.0,0.0,0.0,4.0,0.0,0.0,2.0,0.0,1
2.0,1.0,-1.000088900581841e-12,0.0,0.0,0.0,0.0,0.0,0.0,0.0,85.0,6.0,0.0,0.0,0.0,0.0,0.0,0.0,0.0,0.0,0.0,0.0,0.0,0.0,0.0,0.0,1
12.0,1.0,-1.000088900581841e-12,0.0,0.0,56.0,3.0,0.7330621707909263,0.0,0.0,83.5,0.0,0.0,0.0,0.0,0.0,0.0,0.0,0.0,0.0,0.0,6.0,0.0,0.0,2.0,0.0,1
12.0,1.0,-1.000088900581841e-12,0.0,0.0,26.0,3.0,0.9251290835690824,0.0,0.0,80.83333333333333,0.0,0.0,0.0,0.0,0.0,0.0,0.0,0.0,0.0,0.0,0.0,0.0,0.0,0.0,0.0,1
16.0,2.0,0.5623351446168083,0.0,0.0,24.0,3.0,1.028183859329926,0.0,0.0,79.42857142857143,4.0,0.0,0.0,0.0,6.0,434.0,4.0,0.0,0.0,0.0,4.0,0.0,0.0,0.0,0.0,1
4.0,1.0,-1.000088900581841e-12,0.0,0.0,16.0,3.0,1.039720770836918,0.0,0.0,66.83333333333333,6.0,0.0,0.0,0.0,0.0,0.0,0.0,0.0,0.0,0.0,0.0,0.0,0.0,0.0,0.0,1
0.0,0.0,0.0,0.0,0.0,10.0,1.0,-1.000088900581841e-12,0.0,0.0,65.0,6.0,0.0,0.0,0.0,0.0,0.0,0.0,0.0,0.0,0.0,2.0,0.0,0.0,0.0,0.0,3
180.0,3.0,1.046751099202688,0.0,0.0,66.0,4.0,1.224376684218203,0.0,8.0,63.23076923076923,0.0,0.0,0.0,0.0,28.0,1298.0,10.0,0.0,0.0,0.0,18.0,0.0,0.0,6.0,0.0,1
650.0,1.0,-1.000088900581841e-12,0.0,0.0,4.0,1.0,-1.000088900581841e-12,0.0,0.0,94.03333333333332,0.0,0.0,0.0,0.0,0.0,0.0,0.0,0.0,0.0,0.0,0.0,0.0,0.0,0.0,0.0,1
0.0,0.0,0.0,0.0,0.0,4.0,1.0,-1.000088900581841e-12,0.0,0.0,100.0,0.0,0.0,0.0,0.0,0.0,0.0,0.0,0.0,0.0,0.0,0.0,0.0,0.0,0.0,0.0,1
0.0,0.0,0.0,0.0,0.0,4.0,1.0,-1.000088900581841e-12,0.0,0.0,100.0,0.0,0.0,0.0,0.0,0.0,0.0,0.0,0.0,0.0,0.0,0.0,0.0,0.0,0.0,0.0,1
0.0,0.0,0.0,0.0,0.0,6.0,1.0,-1.000088900581841e-12,0.0,0.0,100.0,0.0,0.0,0.0,0.0,0.0,0.0,0.0,0.0,0.0,0.0,0.0,0.0,0.0,0.0,0.0,1
0.0,0.0,0.0,0.0,0.0,4.0,1.0,-1.000088900581841e-12,0.0,0.0,100.0,0.0,0.0,0.0,0.0,0.0,0.0,0.0,0.0,0.0,0.0,0.0,0.0,0.0,0.0,0.0,1
0.0,0.0,0.0,0.0,0.0,4.0,1.0,-1.000088900581841e-12,0.0,0.0,100.0,0.0,0.0,0.0,0.0,0.0,0.0,0.0,0.0,0.0,0.0,0.0,0.0,0.0,0.0,0.0,1
0.0,0.0,0.0,0.0,0.0,12.0,4.0,1.3296613488507585,0.0,0.0,100.0,0.0,0.0,0.0,0.0,0.0,0.0,0.0,0.0,0.0,0.0,0.0,0.0,0.0,0.0,0.0,1
186.0,4.0,0.8959625354769725,0.0,0.0,36.0,7.0,1.671530801772135,0.0,0.0,99.43478260869566,0.0,0.0,0.0,0.0,32.0,590.0,12.0,0.0,0.0,0.0,10.0,0.0,0.0,2.0,0.0,2
76.0,3.0,0.5073035688875502,0.0,0.0,26.0,2.0,0.666278442412676,0.0,0.0,93.0,0.0,0.0,0.0,0.0,16.0,28.0,8.0,0.0,0.0,0.0,2.0,0.0,0.0,0.0,0.0,1
12.0,1.0,-1.000088900581841e-12,0.0,0.0,0.0,0.0,0.0,0.0,0.0,91.0,0.0,0.0,0.0,0.0,0.0,0.0,0.0,0.0,0.0,0.0,2.0,0.0,0.0,0.0,0.0,1
74.0,3.0,0.8907768373140293,0.0,0.0,10.0,2.0,0.5004024235361879,0.0,0.0,90.375,6.0,0.0,0.0,0.0,20.0,778.0,8.0,0.0,0.0,0.0,0.0,0.0,0.0,2.0,0.0,1
12.0,1.0,-1.000088900581841e-12,0.0,0.0,0.0,0.0,0.0,0.0,0.0,89.0,0.0,0.0,0.0,0.0,0.0,0.0,0.0,0.0,0.0,4.0,0.0,0.0,0.0,2.0,0.0,1
62.0,2.0,0.3179367802602418,0.0,0.0,78.0,4.0,0.7360546557063419,0.0,0.0,36.333333333333336,0.0,0.0,0.0,0.0,36.0,24.0,6.0,0.0,0.0,0.0,0.0,0.0,0.0,0.0,0.0,1
240.0,3.0,0.1328197033419014,0.0,0.0,30.0,6.0,1.656551126690654,0.0,0.0,33.92857142857143,0.0,0.0,0.0,0.0,12.0,2648.0,8.0,0.0,0.0,0.0,0.0,0.0,0.0,0.0,0.0,1
292.0,4.0,0.3570512677229057,0.0,0.0,18.0,3.0,1.0608569471550215,0.0,0.0,30.41176470588235,0.0,0.0,0.0,0.0,28.0,3772.0,8.0,0.0,0.0,0.0,8.0,0.0,0.0,0.0,0.0,1
12.0,1.0,-1.000088900581841e-12,0.0,0.0,8.0,1.0,-1.000088900581841e-12,0.0,0.0,26.666666666666668,0.0,0.0,0.0,0.0,0.0,0.0,0.0,0.0,0.0,0.0,2.0,0.0,0.0,0.0,0.0,1
0.0,0.0,0.0,0.0,0.0,0.0,0.0,0.0,0.0,0.0,26.0,0.0,0.0,0.0,0.0,0.0,0.0,0.0,0.0,0.0,0.0,0.0,0.0,0.0,0.0,0.0,1
0.0,0.0,0.0,0.0,0.0,2.0,1.0,-1.000088900581841e-12,0.0,0.0,24.166666666666668,0.0,0.0,0.0,0.0,0.0,0.0,0.0,0.0,0.0,0.0,0.0,0.0,0.0,0.0,0.0,1
0.0,0.0,0.0,0.0,0.0,16.0,1.0,-1.000088900581841e-12,0.0,0.0,23.166666666666668,12.0,0.0,0.0,0.0,0.0,0.0,0.0,0.0,0.0,0.0,2.0,0.0,0.0,0.0,0.0,1
0.0,0.0,0.0,0.0,0.0,32.0,2.0,0.5623351446168083,0.0,0.0,22.0,0.0,0.0,0.0,0.0,0.0,0.0,0.0,0.0,0.0,0.0,0.0,0.0,0.0,0.0,0.0,1
0.0,0.0,0.0,0.0,0.0,0.0,0.0,0.0,0.0,0.0,22.0,0.0,0.0,0.0,0.0,0.0,0.0,0.0,0.0,0.0,0.0,0.0,0.0,0.0,0.0,0.0,1
0.0,0.0,0.0,0.0,0.0,0.0,0.0,0.0,0.0,0.0,21.83333333333333,0.0,0.0,0.0,0.0,0.0,0.0,0.0,0.0,0.0,0.0,0.0,0.0,0.0,0.0,0.0,1
0.0,0.0,0.0,0.0,0.0,28.0,2.0,0.2573186405418316,0.0,0.0,20.83333333333333,6.0,0.0,0.0,0.0,0.0,0.0,0.0,0.0,0.0,0.0,2.0,0.0,0.0,0.0,0.0,1
0.0,0.0,0.0,0.0,0.0,0.0,0.0,0.0,0.0,0.0,20.0,0.0,0.0,0.0,0.0,0.0,0.0,0.0,0.0,0.0,0.0,0.0,0.0,0.0,0.0,0.0,1
154.0,5.0,1.3354294753738405,0.0,0.0,74.0,5.0,1.3456668369845837,0.0,0.0,14.0,0.0,0.0,0.0,0.0,66.0,2412.0,16.0,0.0,0.0,0.0,16.0,0.0,0.0,4.0,0.0,1
0.0,0.0,0.0,0.0,0.0,0.0,0.0,0.0,0.0,0.0,0.0,0.0,0.0,0.0,0.0,88.0,5830.0,14.0,0.0,0.0,0.0,0.0,0.0,0.0,0.0,0.0,1
12.0,1.0,-1.000088900581841e-12,0.0,0.0,12.0,1.0,-1.000088900581841e-12,0.0,0.0,57.833333333333336,0.0,0.0,0.0,0.0,0.0,0.0,0.0,0.0,0.0,0.0,2.0,0.0,0.0,2.0,0.0,1
12.0,1.0,-1.000088900581841e-12,0.0,0.0,0.0,0.0,0.0,0.0,0.0,53.0,0.0,0.0,0.0,0.0,0.0,0.0,0.0,0.0,0.0,0.0,0.0,0.0,0.0,0.0,0.0,1
12.0,1.0,-1.000088900581841e-12,0.0,0.0,4.0,1.0,-1.000088900581841e-12,0.0,0.0,49.0,0.0,0.0,0.0,0.0,0.0,0.0,0.0,0.0,0.0,0.0,0.0,0.0,0.0,0.0,0.0,1
624.0,4.0,0.6992562181786004,0.0,0.0,28.0,3.0,1.0346012329071812,0.0,26.0,37.17857142857143,0.0,0.0,0.0,0.0,60.0,16286.0,8.0,0.0,0.0,0.0,32.0,0.0,0.0,14.0,0.0,1
452.0,1.0,-1.000088900581841e-12,0.0,0.0,4.0,1.0,-1.000088900581841e-12,0.0,0.0,77.5,0.0,0.0,0.0,0.0,0.0,0.0,0.0,0.0,0.0,0.0,0.0,0.0,0.0,0.0,0.0,1
0.0,0.0,0.0,0.0,0.0,6.0,2.0,0.6365141682928128,0.0,0.0,99.4,0.0,0.0,0.0,0.0,0.0,0.0,0.0,0.0,0.0,0.0,0.0,0.0,0.0,0.0,0.0,1
0.0,0.0,0.0,0.0,0.0,4.0,1.0,-1.000088900581841e-12,0.0,0.0,100.0,0.0,0.0,0.0,0.0,0.0,0.0,0.0,0.0,0.0,0.0,0.0,0.0,0.0,0.0,0.0,1
0.0,0.0,0.0,0.0,0.0,4.0,1.0,-1.000088900581841e-12,0.0,0.0,100.0,0.0,0.0,0.0,0.0,0.0,0.0,0.0,0.0,0.0,0.0,0.0,0.0,0.0,0.0,0.0,1
0.0,0.0,0.0,0.0,0.0,6.0,2.0,0.6365141682928128,0.0,0.0,100.0,0.0,0.0,0.0,0.0,0.0,0.0,0.0,0.0,0.0,0.0,0.0,0.0,0.0,0.0,0.0,1
0.0,0.0,0.0,0.0,0.0,4.0,1.0,-1.000088900581841e-12,0.0,0.0,100.0,0.0,0.0,0.0,0.0,0.0,0.0,0.0,0.0,0.0,0.0,0.0,0.0,0.0,0.0,0.0,1
0.0,0.0,0.0,0.0,0.0,4.0,1.0,-1.000088900581841e-12,0.0,0.0,100.0,0.0,0.0,0.0,0.0,0.0,0.0,0.0,0.0,0.0,0.0,0.0,0.0,0.0,0.0,0.0,1
0.0,0.0,0.0,0.0,0.0,8.0,3.0,1.039720770836918,0.0,0.0,100.0,0.0,0.0,0.0,0.0,0.0,0.0,0.0,0.0,0.0,0.0,0.0,0.0,0.0,0.0,0.0,1
92.0,4.0,0.8141481084091555,0.0,0.0,124.0,5.0,1.337807143064511,0.0,0.0,84.45454545454545,0.0,0.0,0.0,0.0,128.0,2750.0,20.0,0.0,0.0,0.0,2.0,0.0,0.0,0.0,0.0,2
82.0,1.0,-1.000088900581841e-12,0.0,0.0,8.0,2.0,0.6931471805579453,0.0,0.0,80.55555555555556,0.0,0.0,0.0,0.0,32.0,1896.0,6.0,0.0,0.0,0.0,0.0,0.0,0.0,0.0,0.0,1
72.0,3.0,0.7321261626438664,0.0,0.0,30.0,3.0,1.0851886129646506,0.0,0.0,78.22222222222223,0.0,0.0,0.0,0.0,62.0,1532.0,14.0,2.0,0.0,0.0,2.0,0.0,0.0,0.0,0.0,1
232.0,1.0,-1.000088900581841e-12,0.0,0.0,38.0,3.0,0.8785250991241564,0.0,0.0,72.14285714285714,0.0,0.0,0.0,0.0,32.0,4430.0,12.0,0.0,0.0,0.0,12.0,0.0,0.0,4.0,0.0,1
12.0,1.0,-1.000088900581841e-12,0.0,0.0,0.0,0.0,0.0,0.0,0.0,70.0,0.0,0.0,0.0,0.0,0.0,0.0,0.0,0.0,0.0,0.0,0.0,0.0,0.0,0.0,0.0,1
66.0,2.0,0.6704776487953956,0.0,0.0,34.0,4.0,1.236477074581904,0.0,0.0,64.5,0.0,0.0,0.0,0.0,32.0,1012.0,8.0,0.0,0.0,0.0,6.0,0.0,0.0,0.0,0.0,1
136.0,5.0,1.0776672920572596,0.0,0.0,74.0,3.0,0.7762141041881065,0.0,0.0,59.45454545454545,0.0,0.0,0.0,0.0,214.0,1840.0,36.0,0.0,0.0,0.0,0.0,0.0,0.0,0.0,0.0,1
408.0,5.0,0.7270691394183074,0.0,0.0,52.0,4.0,1.204793309690784,0.0,0.0,53.7,0.0,0.0,0.0,0.0,194.0,13776.0,36.0,0.0,0.0,0.0,20.0,0.0,0.0,4.0,0.0,1
230.0,1.0,-1.000088900581841e-12,0.0,0.0,18.0,3.0,0.6837389058457535,0.0,0.0,29.8,0.0,0.0,0.0,0.0,118.0,4612.0,18.0,0.0,0.0,20.0,8.0,0.0,0.0,6.0,0.0,1
12.0,2.0,0.4505612088643047,0.0,0.0,8.0,2.0,0.6931471805579453,0.0,0.0,23.0,0.0,0.0,0.0,0.0,0.0,0.0,0.0,0.0,0.0,0.0,4.0,0.0,0.0,0.0,0.0,1
180.0,1.0,-1.000088900581841e-12,0.0,0.0,10.0,2.0,0.6730116670072565,0.0,0.0,23.0,0.0,0.0,0.0,0.0,40.0,8794.0,10.0,0.0,0.0,0.0,16.0,0.0,0.0,8.0,0.0,1
116.0,2.0,0.3682968327456641,0.0,0.0,20.0,2.0,0.6108643020528935,0.0,0.0,23.0,0.0,0.0,0.0,0.0,122.0,4454.0,22.0,0.0,0.0,0.0,10.0,0.0,0.0,4.0,0.0,2
18.0,2.0,0.6365141682928128,0.0,0.0,4.0,1.0,-1.000088900581841e-12,0.0,0.0,21.857142857142858,0.0,0.0,0.0,0.0,42.0,0.0,6.0,0.0,0.0,0.0,0.0,0.0,0.0,0.0,0.0,2
72.0,2.0,0.4926036575375839,0.0,0.0,18.0,3.0,1.060856947155021,0.0,0.0,20.666666666666668,0.0,0.0,0.0,0.0,84.0,2264.0,16.0,0.0,0.0,0.0,0.0,0.0,0.0,0.0,0.0,2
704.0,1.0,-1.000088900581841e-12,0.0,0.0,12.0,3.0,1.0986122886651095,0.0,0.0,26.48275862068965,0.0,0.0,0.0,0.0,0.0,0.0,0.0,0.0,0.0,0.0,12.0,0.0,0.0,0.0,0.0,1
0.0,0.0,0.0,0.0,0.0,18.0,4.0,1.368922360736219,0.0,0.0,70.63333333333334,0.0,0.0,0.0,0.0,0.0,0.0,0.0,0.0,0.0,0.0,0.0,0.0,0.0,0.0,0.0,1
0.0,0.0,0.0,0.0,0.0,70.0,2.0,0.410116318286409,0.0,0.0,97.76666666666668,0.0,0.0,0.0,0.0,0.0,0.0,0.0,0.0,0.0,0.0,0.0,0.0,0.0,0.0,0.0,1
0.0,0.0,0.0,0.0,0.0,46.0,4.0,0.8605590014766563,0.0,0.0,100.0,0.0,0.0,0.0,0.0,0.0,0.0,0.0,0.0,0.0,0.0,0.0,0.0,0.0,0.0,0.0,1
0.0,0.0,0.0,0.0,0.0,4.0,1.0,-1.000088900581841e-12,0.0,0.0,100.0,0.0,0.0,0.0,0.0,0.0,0.0,0.0,0.0,0.0,0.0,0.0,0.0,0.0,0.0,0.0,1
0.0,0.0,0.0,0.0,0.0,6.0,1.0,-1.000088900581841e-12,0.0,0.0,100.0,0.0,0.0,0.0,0.0,0.0,0.0,0.0,0.0,0.0,0.0,0.0,0.0,0.0,0.0,0.0,1
0.0,0.0,0.0,0.0,0.0,4.0,1.0,-1.000088900581841e-12,0.0,0.0,100.0,0.0,0.0,0.0,0.0,0.0,0.0,0.0,0.0,0.0,0.0,0.0,0.0,0.0,0.0,0.0,1
252.0,1.0,-1.000088900581841e-12,0.0,0.0,20.0,2.0,0.5004024235361879,0.0,0.0,100.0,0.0,0.0,0.0,0.0,138.0,0.0,0.0,0.0,0.0,0.0,0.0,0.0,0.0,0.0,0.0,1
118.0,3.0,0.3746109866072455,0.0,0.0,40.0,3.0,1.0296530140615736,0.0,0.0,92.75,0.0,0.0,0.0,0.0,184.0,1394.0,30.0,0.0,0.0,0.0,14.0,0.0,0.0,0.0,0.0,2
12.0,1.0,-1.000088900581841e-12,0.0,0.0,10.0,1.0,-1.000088900581841e-12,0.0,0.0,80.0,0.0,0.0,0.0,0.0,0.0,0.0,0.0,0.0,0.0,0.0,0.0,0.0,0.0,0.0,0.0,1
110.0,5.0,1.2466079917226875,0.0,0.0,62.0,4.0,1.229710463360943,0.0,0.0,76.4,0.0,0.0,0.0,0.0,98.0,2406.0,14.0,0.0,0.0,0.0,8.0,0.0,0.0,0.0,0.0,1
74.0,3.0,0.7744385453845604,0.0,0.0,50.0,5.0,1.2449742758277913,0.0,0.0,70.54545454545455,0.0,52.0,46.0,50.0,264.0,1558.0,54.0,0.0,0.0,0.0,2.0,0.0,0.0,0.0,0.0,2
134.0,1.0,-1.000088900581841e-12,0.0,0.0,120.0,4.0,1.0484239183801043,0.0,0.0,60.69230769230769,0.0,0.0,0.0,0.0,374.0,9058.0,38.0,0.0,0.0,0.0,0.0,0.0,0.0,0.0,0.0,1
382.0,5.0,1.1767708095291942,0.0,0.0,122.0,5.0,1.334681356020861,0.0,0.0,45.21052631578947,0.0,0.0,0.0,0.0,158.0,22276.0,42.0,0.0,0.0,0.0,32.0,0.0,0.0,8.0,0.0,1
274.0,7.0,1.0803606226414462,0.0,0.0,80.0,7.0,1.5954253303453827,0.0,0.0,29.27777777777778,0.0,0.0,0.0,0.0,270.0,17464.0,40.0,0.0,0.0,0.0,18.0,0.0,0.0,20.0,0.0,1
294.0,6.0,1.0296821601963482,0.0,0.0,126.0,5.0,0.8309931480145101,0.0,0.0,22.5,0.0,0.0,0.0,0.0,108.0,14228.0,14.0,0.0,0.0,0.0,26.0,0.0,0.0,2.0,0.0,1
102.0,3.0,0.7572510206702959,0.0,0.0,22.0,4.0,1.2406842919493957,0.0,0.0,19.3,0.0,0.0,0.0,0.0,108.0,14744.0,26.0,0.0,0.0,0.0,2.0,0.0,0.0,2.0,0.0,2
42.0,2.0,0.5488743844829944,0.0,0.0,18.0,4.0,1.2730283365856256,0.0,0.0,14.25,0.0,0.0,0.0,0.0,54.0,2920.0,10.0,0.0,0.0,0.0,6.0,0.0,0.0,0.0,0.0,2
