0.0,0.0,0.0,0.0,0.0,0.0,0.0,0.0,0.0,0.0,100.0,0.0,0.0,0.0,0.0,0.0,0.0,0.0,0.0,0.0,0.0,0.0,0.0,0.0,0.0,0.0,2
0.0,0.0,0.0,0.0,0.0,0.0,0.0,0.0,0.0,0.0,100.0,0.0,0.0,0.0,0.0,0.0,0.0,0.0,0.0,0.0,0.0,0.0,0.0,0.0,0.0,0.0,2
0.0,0.0,0.0,0.0,0.0,0.0,0.0,0.0,0.0,0.0,100.0,0.0,0.0,0.0,0.0,0.0,0.0,0.0,0.0,0.0,0.0,0.0,0.0,0.0,0.0,0.0,2
0.0,0.0,0.0,0.0,0.0,0.0,0.0,0.0,0.0,0.0,100.0,0.0,0.0,0.0,0.0,0.0,0.0,0.0,0.0,0.0,0.0,0.0,0.0,0.0,0.0,0.0,2
432.0,1.0,-1.000088900581841e-12,0.0,0.0,10.0,2.0,0.5004024235361879,0.0,0.0,100.0,0.0,0.0,0.0,0.0,2.0,0.0,0.0,0.0,0.0,0.0,0.0,0.0,0.0,0.0,0.0,2
700.0,1.0,-1.000088900581841e-12,0.0,0.0,4.0,1.0,-1.000088900581841e-12,0.0,0.0,100.0,0.0,0.0,0.0,0.0,0.0,0.0,0.0,0.0,0.0,0.0,0.0,0.0,0.0,0.0,0.0,2
704.0,10.0,1.841850364697355,0.0,0.0,110.0,13.0,2.3289431756733947,0.0,0.0,97.26666666666668,0.0,0.0,0.0,0.0,6.0,1274.0,6.0,0.0,0.0,0.0,0.0,0.0,0.0,0.0,0.0,2
694.0,6.0,1.1261068000727756,0.0,0.0,182.0,3.0,0.2107870334897998,0.0,0.0,90.0,0.0,0.0,0.0,0.0,0.0,1590.0,0.0,0.0,0.0,0.0,0.0,0.0,0.0,0.0,0.0,2
710.0,4.0,1.1337388385694978,0.0,0.0,12.0,2.0,0.6365141682928128,0.0,0.0,79.0,0.0,0.0,0.0,0.0,2.0,510.0,2.0,0.0,0.0,0.0,0.0,0.0,0.0,0.0,0.0,2
708.0,5.0,1.2287988115273114,0.0,0.0,16.0,2.0,0.6931471805579453,0.0,2.0,74.13793103448276,0.0,0.0,0.0,0.0,2.0,492.0,2.0,0.0,0.0,0.0,0.0,0.0,0.0,0.0,0.0,2
696.0,8.0,1.3939554042415527,0.0,0.0,46.0,5.0,1.5198693835029236,0.0,6.0,71.47058823529412,0.0,0.0,0.0,0.0,8.0,612.0,4.0,0.0,0.0,0.0,0.0,0.0,0.0,0.0,0.0,2
718.0,5.0,0.1865302250179511,0.0,0.0,50.0,2.0,0.5004024235361879,0.0,8.0,77.76666666666667,0.0,0.0,0.0,0.0,0.0,424.0,0.0,0.0,0.0,0.0,0.0,0.0,0.0,0.0,0.0,2
692.0,6.0,0.5742985228180784,0.0,0.0,52.0,4.0,1.1196575232365933,0.0,14.0,86.5,0.0,0.0,0.0,0.0,10.0,280.0,4.0,0.0,0.0,0.0,0.0,0.0,0.0,0.0,0.0,2
706.0,6.0,1.4023388591703945,0.0,0.0,512.0,3.0,0.2494390894815424,0.0,0.0,86.04761904761905,0.0,0.0,0.0,0.0,20.0,1714.0,14.0,0.0,0.0,0.0,0.0,0.0,0.0,0.0,0.0,2
716.0,7.0,0.6988803895051059,0.0,0.0,74.0,6.0,1.4271591247447686,0.0,8.0,83.56,0.0,4.0,4.0,8.0,8.0,818.0,8.0,0.0,0.0,0.0,0.0,0.0,0.0,0.0,0.0,2
714.0,4.0,0.5129014477484389,0.0,0.0,24.0,5.0,1.5171063970560277,0.0,0.0,81.16666666666667,0.0,4.0,0.0,4.0,16.0,974.0,8.0,0.0,0.0,0.0,0.0,0.0,0.0,0.0,0.0,2
714.0,3.0,0.633535473088541,0.0,0.0,26.0,3.0,0.9251290835690824,0.0,0.0,78.5,0.0,0.0,0.0,0.0,12.0,40.0,8.0,0.0,0.0,0.0,0.0,0.0,0.0,0.0,0.0,2
708.0,4.0,0.3047525035939183,0.0,0.0,10.0,3.0,1.054920167983144,0.0,0.0,76.66666666666667,0.0,0.0,4.0,0.0,0.0,188.0,0.0,0.0,0.0,0.0,0.0,0.0,0.0,0.0,0.0,2
718.0,1.0,-1.000088900581841e-12,0.0,0.0,8.0,3.0,1.039720770836918,0.0,0.0,75.0,0.0,0.0,0.0,0.0,0.0,0.0,0.0,0.0,0.0,0.0,0.0,0.0,0.0,0.0,0.0,1
58.0,1.0,-1.000088900581841e-12,0.0,0.0,2.0,1.0,-1.000088900581841e-12,0.0,0.0,73.33333333333333,0.0,0.0,0.0,0.0,0.0,0.0,0.0,0.0,0.0,0.0,0.0,0.0,0.0,0.0,0.0,1
634.0,2.0,0.209061492342738,0.0,0.0,22.0,6.0,1.6726254461443206,0.0,0.0,71.16666666666667,0.0,0.0,0.0,0.0,22.0,134.0,2.0,0.0,0.0,0.0,0.0,0.0,0.0,0.0,0.0,1
698.0,3.0,0.7112247580450058,0.0,0.0,20.0,4.0,1.0888999753412236,0.0,0.0,68.83333333333333,0.0,0.0,0.0,0.0,42.0,180.0,16.0,0.0,0.0,0.0,0.0,0.0,0.0,0.0,0.0,2
692.0,3.0,0.0695569573049691,0.0,0.0,32.0,4.0,1.3050963719443405,0.0,0.0,66.16666666666667,0.0,0.0,0.0,0.0,42.0,36.0,18.0,0.0,0.0,0.0,0.0,0.0,0.0,0.0,0.0,2
716.0,3.0,0.1196015471639042,0.0,0.0,0.0,0.0,0.0,0.0,0.0,61.56666666666667,0.0,0.0,0.0,0.0,0.0,1766.0,0.0,0.0,0.0,0.0,0.0,0.0,0.0,0.0,0.0,2
690.0,4.0,1.065133541307419,0.0,0.0,14.0,3.0,0.796311640170813,0.0,0.0,55.70588235294117,0.0,0.0,0.0,0.0,12.0,434.0,12.0,0.0,0.0,0.0,0.0,0.0,0.0,0.0,0.0,2
710.0,5.0,1.056468730137149,0.0,0.0,14.0,3.0,1.0042424730510766,0.0,0.0,51.04545454545455,0.0,0.0,0.0,0.0,12.0,1414.0,8.0,0.0,0.0,0.0,0.0,0.0,0.0,0.0,0.0,1
712.0,6.0,0.8859737400279248,0.0,0.0,32.0,6.0,1.7214023220080037,0.0,0.0,46.4,0.0,0.0,0.0,0.0,0.0,1196.0,0.0,0.0,0.0,0.0,0.0,0.0,0.0,0.0,0.0,2
716.0,5.0,0.7836498261762029,0.0,0.0,14.0,3.0,0.9556998911095343,0.0,0.0,39.0,0.0,0.0,0.0,0.0,12.0,2666.0,4.0,0.0,0.0,0.0,0.0,0.0,0.0,0.0,0.0,2
694.0,7.0,1.3870324439875663,0.0,0.0,44.0,7.0,1.7273001866408724,0.0,12.0,37.41379310344828,0.0,0.0,0.0,0.0,0.0,2292.0,0.0,0.0,0.0,0.0,0.0,0.0,0.0,0.0,0.0,2
714.0,5.0,0.9633663300956324,0.0,0.0,24.0,3.0,0.8239592164980822,0.0,6.0,42.1,0.0,0.0,0.0,0.0,0.0,1682.0,0.0,0.0,0.0,0.0,0.0,0.0,0.0,0.0,0.0,2
714.0,6.0,1.0925028730386126,0.0,0.0,46.0,5.0,1.2049932348816443,0.0,6.0,50.86666666666667,0.0,0.0,0.0,0.0,6.0,3570.0,6.0,0.0,0.0,0.0,0.0,0.0,0.0,0.0,0.0,2
676.0,4.0,0.1996019857789694,0.0,0.0,38.0,3.0,0.5366645624815252,0.0,18.0,60.2,0.0,0.0,0.0,0.0,18.0,256.0,0.0,0.0,0.0,0.0,0.0,0.0,0.0,0.0,0.0,2
674.0,3.0,0.1414454509527766,0.0,0.0,44.0,3.0,0.7595473914718636,0.0,6.0,75.0,0.0,0.0,0.0,0.0,18.0,118.0,6.0,0.0,0.0,0.0,0.0,0.0,0.0,0.0,0.0,2
676.0,2.0,0.2164177818936584,0.0,0.0,30.0,2.0,0.3926744672255522,0.0,18.0,87.3,0.0,0.0,0.0,0.0,12.0,48.0,2.0,0.0,0.0,0.0,0.0,0.0,0.0,0.0,0.0,2
704.0,5.0,1.188675619951734,0.0,0.0,322.0,4.0,0.5085558316845422,0.0,12.0,98.66666666666669,0.0,0.0,0.0,0.0,18.0,606.0,4.0,0.0,0.0,0.0,0.0,0.0,0.0,0.0,0.0,2
686.0,2.0,0.0635053339089772,0.0,0.0,20.0,1.0,-1.000088900581841e-12,0.0,0.0,97.0,0.0,0.0,0.0,0.0,42.0,46.0,12.0,0.0,0.0,0.0,0.0,0.0,0.0,0.0,0.0,2
484.0,3.0,0.0746357291588477,0.0,0.0,6.0,2.0,0.6365141682928128,0.0,0.0,90.8095238095238,0.0,0.0,0.0,0.0,0.0,618.0,0.0,0.0,0.0,0.0,0.0,0.0,0.0,0.0,0.0,2
718.0,4.0,0.4264695305641975,0.0,0.0,0.0,0.0,0.0,0.0,0.0,84.06666666666666,0.0,0.0,0.0,0.0,0.0,1646.0,0.0,0.0,0.0,0.0,0.0,0.0,0.0,0.0,0.0,2
660.0,3.0,0.3302668490764606,0.0,0.0,6.0,1.0,-1.000088900581841e-12,0.0,0.0,78.44444444444444,0.0,0.0,0.0,0.0,4.0,108.0,2.0,0.0,0.0,0.0,0.0,0.0,0.0,0.0,0.0,2
690.0,5.0,0.5581992509878735,0.0,0.0,10.0,1.0,-1.000088900581841e-12,0.0,0.0,74.75,0.0,0.0,0.0,0.0,8.0,164.0,6.0,0.0,0.0,0.0,0.0,0.0,0.0,0.0,0.0,2
716.0,5.0,0.4849605294610691,0.0,0.0,110.0,4.0,0.4644590453961004,0.0,0.0,70.45833333333333,0.0,0.0,0.0,0.0,2.0,1180.0,2.0,0.0,0.0,0.0,0.0,0.0,0.0,0.0,0.0,2
676.0,6.0,0.6717757654882333,0.0,0.0,16.0,2.0,0.3767701612544368,0.0,0.0,66.27272727272727,0.0,0.0,0.0,0.0,2.0,492.0,0.0,0.0,0.0,0.0,0.0,0.0,0.0,0.0,0.0,2
668.0,1.0,-1.000088900581841e-12,0.0,0.0,0.0,0.0,0.0,0.0,0.0,64.0,0.0,0.0,0.0,0.0,0.0,0.0,0.0,0.0,0.0,0.0,0.0,0.0,0.0,0.0,0.0,2
112.0,1.0,-1.000088900581841e-12,0.0,0.0,0.0,0.0,0.0,0.0,0.0,63.16666666666666,2.0,0.0,0.0,0.0,0.0,0.0,0.0,0.0,0.0,0.0,0.0,0.0,0.0,0.0,0.0,2
0.0,0.0,0.0,0.0,0.0,0.0,0.0,0.0,0.0,0.0,62.5,0.0,0.0,0.0,0.0,0.0,0.0,0.0,0.0,0.0,0.0,0.0,0.0,0.0,0.0,0.0,2
0.0,0.0,0.0,0.0,0.0,0.0,0.0,0.0,0.0,0.0,61.833333333333336,2.0,0.0,0.0,0.0,0.0,0.0,0.0,0.0,0.0,0.0,0.0,0.0,0.0,0.0,0.0,2
0.0,0.0,0.0,0.0,0.0,0.0,0.0,0.0,0.0,0.0,61.0,0.0,0.0,0.0,0.0,0.0,0.0,0.0,0.0,0.0,0.0,0.0,0.0,0.0,0.0,0.0,2
0.0,0.0,0.0,0.0,0.0,0.0,0.0,0.0,0.0,0.0,60.5,0.0,0.0,0.0,0.0,0.0,0.0,0.0,0.0,0.0,0.0,0.0,0.0,0.0,0.0,0.0,2
0.0,0.0,0.0,0.0,0.0,0.0,0.0,0.0,0.0,0.0,60.0,0.0,0.0,0.0,0.0,0.0,0.0,0.0,0.0,0.0,0.0,0.0,0.0,0.0,0.0,0.0,2
0.0,0.0,0.0,0.0,0.0,0.0,0.0,0.0,0.0,0.0,59.16666666666666,0.0,0.0,0.0,0.0,0.0,0.0,0.0,0.0,0.0,0.0,0.0,0.0,0.0,0.0,0.0,2
224.0,1.0,-1.000088900581841e-12,0.0,0.0,12.0,1.0,-1.000088900581841e-12,0.0,0.0,58.66666666666666,0.0,0.0,0.0,0.0,2.0,0.0,0.0,0.0,0.0,0.0,0.0,0.0,0.0,0.0,0.0,2
668.0,1.0,-1.000088900581841e-12,0.0,0.0,0.0,0.0,0.0,0.0,0.0,58.0,0.0,0.0,0.0,0.0,0.0,0.0,0.0,0.0,0.0,0.0,0.0,0.0,0.0,0.0,0.0,2
448.0,1.0,-1.000088900581841e-12,0.0,0.0,0.0,0.0,0.0,0.0,0.0,58.0,2.0,0.0,0.0,0.0,0.0,0.0,0.0,0.0,0.0,0.0,0.0,0.0,0.0,0.0,0.0,2
0.0,0.0,0.0,0.0,0.0,0.0,0.0,0.0,0.0,0.0,57.0,0.0,0.0,0.0,0.0,0.0,0.0,0.0,0.0,0.0,0.0,0.0,0.0,0.0,0.0,0.0,2
0.0,0.0,0.0,0.0,0.0,0.0,0.0,0.0,0.0,0.0,56.5,0.0,0.0,0.0,0.0,0.0,0.0,0.0,0.0,0.0,0.0,0.0,0.0,0.0,0.0,0.0,2
340.0,9.0,1.7146754362477414,0.0,0.0,108.0,12.0,2.324895994495755,0.0,0.0,54.90909090909091,0.0,0.0,0.0,0.0,6.0,706.0,2.0,0.0,0.0,0.0,0.0,0.0,0.0,0.0,0.0,2
716.0,3.0,0.3084757679730501,0.0,0.0,0.0,0.0,0.0,0.0,0.0,50.5,0.0,0.0,0.0,0.0,0.0,1428.0,0.0,0.0,0.0,0.0,0.0,0.0,0.0,0.0,0.0,2
708.0,3.0,0.3953032145728887,0.0,0.0,46.0,3.0,0.6698932216107069,0.0,2.0,56.13333333333333,0.0,0.0,0.0,0.0,2.0,450.0,2.0,0.0,0.0,0.0,0.0,0.0,0.0,0.0,0.0,2
720.0,2.0,0.1985152433438726,0.0,0.0,54.0,5.0,1.0624487909828886,0.0,0.0,73.53333333333333,0.0,0.0,0.0,0.0,2.0,72.0,0.0,0.0,0.0,0.0,0.0,0.0,0.0,0.0,0.0,2
718.0,4.0,0.4936802467333046,0.0,0.0,72.0,5.0,1.3395651087844218,0.0,2.0,87.73333333333333,0.0,0.0,0.0,0.0,16.0,266.0,8.0,0.0,0.0,0.0,0.0,0.0,0.0,0.0,0.0,2
712.0,3.0,0.6353844952096,0.0,0.0,20.0,4.0,1.2798542258296677,0.0,0.0,89.36666666666666,0.0,0.0,0.0,0.0,6.0,1482.0,4.0,0.0,0.0,0.0,0.0,0.0,0.0,0.0,0.0,2
714.0,3.0,0.1577515670487977,0.0,0.0,4.0,2.0,0.6931471805579453,0.0,0.0,78.06666666666666,0.0,0.0,0.0,0.0,2.0,1842.0,0.0,0.0,0.0,0.0,0.0,0.0,0.0,0.0,0.0,2
712.0,2.0,0.6747919517224723,0.0,0.0,20.0,4.0,1.2798542258296677,0.0,0.0,68.875,0.0,0.0,0.0,0.0,4.0,656.0,2.0,0.0,0.0,0.0,0.0,0.0,0.0,0.0,0.0,2
716.0,3.0,0.5243884725595706,0.0,0.0,16.0,3.0,1.039720770836918,0.0,0.0,54.5,0.0,0.0,0.0,0.0,0.0,710.0,0.0,0.0,0.0,0.0,0.0,0.0,0.0,0.0,0.0,2
714.0,2.0,0.1654434960842749,0.0,0.0,0.0,0.0,0.0,0.0,0.0,41.73333333333333,0.0,0.0,0.0,0.0,0.0,1346.0,0.0,0.0,0.0,0.0,0.0,0.0,0.0,0.0,0.0,2
712.0,6.0,0.7326789087045773,0.0,0.0,28.0,2.0,0.5195798391285155,0.0,2.0,37.75,0.0,0.0,0.0,0.0,4.0,232.0,2.0,0.0,0.0,0.0,0.0,0.0,0.0,0.0,0.0,2
718.0,3.0,0.6530537825531658,0.0,0.0,42.0,3.0,0.7091152575794364,0.0,2.0,50.23333333333333,0.0,0.0,0.0,0.0,0.0,216.0,0.0,0.0,0.0,0.0,0.0,0.0,0.0,0.0,0.0,2
718.0,3.0,0.6516921559834542,0.0,0.0,50.0,4.0,1.0531198826985502,0.0,6.0,60.96666666666667,0.0,0.0,0.0,0.0,2.0,668.0,2.0,0.0,0.0,0.0,0.0,0.0,0.0,0.0,0.0,2
716.0,3.0,0.7023468763516925,0.0,0.0,60.0,3.0,0.6277052571941504,0.0,24.0,71.26666666666667,0.0,0.0,0.0,0.0,0.0,244.0,0.0,0.0,0.0,0.0,0.0,0.0,0.0,0.0,0.0,2
710.0,3.0,0.0695584847998561,0.0,0.0,34.0,3.0,0.7086880282155834,0.0,4.0,82.06666666666666,0.0,0.0,0.0,0.0,0.0,550.0,0.0,0.0,0.0,0.0,0.0,0.0,0.0,0.0,0.0,2
716.0,3.0,0.5775441051177506,0.0,0.0,56.0,6.0,1.277601320769057,0.0,2.0,91.46666666666668,0.0,0.0,0.0,0.0,2.0,450.0,2.0,0.0,0.0,0.0,0.0,0.0,0.0,0.0,0.0,2
714.0,5.0,0.9708593333079376,0.0,0.0,28.0,4.0,1.1163670752853367,0.0,8.0,100.0,0.0,0.0,0.0,0.0,2.0,580.0,2.0,0.0,0.0,0.0,0.0,0.0,0.0,0.0,0.0,2
716.0,5.0,0.2271478509831417,0.0,0.0,56.0,6.0,1.3517839942836458,0.0,0.0,100.0,0.0,0.0,0.0,0.0,8.0,86.0,4.0,0.0,0.0,0.0,0.0,0.0,0.0,0.0,0.0,2
716.0,3.0,0.7746829870751183,0.0,0.0,2.0,1.0,-1.000088900581841e-12,0.0,0.0,97.57894736842104,0.0,0.0,0.0,0.0,2.0,702.0,2.0,0.0,0.0,0.0,0.0,0.0,0.0,0.0,0.0,2
718.0,3.0,0.6461495976947244,0.0,0.0,18.0,4.0,1.273028336585626,0.0,0.0,91.27777777777776,0.0,0.0,0.0,0.0,2.0,538.0,2.0,0.0,0.0,0.0,0.0,0.0,0.0,0.0,0.0,2
712.0,4.0,0.9285938649460528,0.0,0.0,12.0,3.0,1.0114042647043515,0.0,0.0,85.86666666666666,0.0,0.0,0.0,0.0,0.0,424.0,0.0,0.0,0.0,0.0,0.0,0.0,0.0,0.0,0.0,2
712.0,5.0,0.8579662560001218,0.0,0.0,30.0,4.0,1.2454410537577745,0.0,0.0,77.9,0.0,0.0,0.0,0.0,0.0,278.0,0.0,0.0,0.0,0.0,0.0,0.0,0.0,0.0,0.0,2
712.0,7.0,0.8063413112117471,0.0,0.0,12.0,2.0,0.6365141682928128,0.0,0.0,69.96153846153847,0.0,0.0,0.0,0.0,6.0,1054.0,4.0,0.0,0.0,0.0,0.0,0.0,0.0,0.0,0.0,2
686.0,3.0,0.5014320523045436,0.0,0.0,64.0,4.0,0.4141240568704845,0.0,0.0,62.875,0.0,0.0,0.0,0.0,4.0,216.0,0.0,0.0,0.0,0.0,0.0,0.0,0.0,0.0,0.0,2
680.0,3.0,0.518498815117589,0.0,0.0,20.0,4.0,1.2798542258296677,0.0,0.0,59.54545454545455,0.0,0.0,0.0,0.0,16.0,526.0,4.0,0.0,0.0,0.0,0.0,0.0,0.0,0.0,0.0,2
678.0,3.0,0.5758939880189952,0.0,0.0,8.0,2.0,0.5623351446168083,0.0,0.0,55.23076923076923,0.0,0.0,0.0,0.0,6.0,584.0,0.0,0.0,0.0,0.0,0.0,0.0,0.0,0.0,0.0,2
686.0,3.0,0.7055229025002139,0.0,0.0,6.0,2.0,0.6365141682928128,0.0,0.0,50.73333333333333,0.0,0.0,0.0,0.0,2.0,852.0,2.0,0.0,0.0,0.0,0.0,0.0,0.0,0.0,0.0,2
714.0,4.0,0.3709574831806719,0.0,0.0,12.0,2.0,0.6365141682928128,0.0,0.0,45.71428571428572,0.0,0.0,0.0,0.0,4.0,934.0,4.0,0.0,0.0,0.0,0.0,0.0,0.0,0.0,0.0,2
704.0,4.0,0.9047286290712454,0.0,0.0,18.0,2.0,0.5297061990556545,0.0,0.0,40.142857142857146,0.0,0.0,0.0,0.0,8.0,664.0,6.0,0.0,0.0,0.0,0.0,0.0,0.0,0.0,0.0,2
676.0,2.0,0.3867240153331611,0.0,0.0,6.0,2.0,0.6365141682928128,0.0,0.0,35.285714285714285,0.0,0.0,0.0,0.0,12.0,54.0,2.0,0.0,0.0,0.0,0.0,0.0,0.0,0.0,0.0,2
706.0,2.0,0.0194477345218629,0.0,0.0,20.0,2.0,0.5004024235361879,0.0,2.0,33.86666666666667,0.0,0.0,0.0,0.0,0.0,924.0,0.0,0.0,0.0,0.0,0.0,0.0,0.0,0.0,0.0,2
706.0,3.0,0.7524705749563179,0.0,0.0,260.0,3.0,0.3693744211038264,0.0,0.0,44.2,0.0,0.0,0.0,0.0,0.0,874.0,0.0,0.0,0.0,0.0,0.0,0.0,0.0,0.0,0.0,2
672.0,3.0,0.4597513332752385,0.0,0.0,206.0,4.0,0.6986887080752999,0.0,0.0,58.65384615384615,0.0,0.0,0.0,0.0,10.0,18.0,4.0,0.0,0.0,0.0,0.0,0.0,0.0,0.0,0.0,2
714.0,7.0,1.0518373993687595,0.0,0.0,70.0,5.0,1.1948165359769105,0.0,8.0,61.25925925925926,0.0,0.0,0.0,0.0,2.0,1120.0,2.0,0.0,0.0,0.0,0.0,0.0,0.0,0.0,0.0,2
666.0,1.0,-1.000088900581841e-12,0.0,0.0,36.0,1.0,-1.000088900581841e-12,0.0,0.0,69.2,0.0,0.0,0.0,0.0,0.0,0.0,0.0,0.0,0.0,0.0,0.0,0.0,0.0,0.0,0.0,2
606.0,1.0,-1.000088900581841e-12,0.0,0.0,32.0,1.0,-1.000088900581841e-12,0.0,0.0,86.96666666666667,0.0,0.0,0.0,0.0,0.0,0.0,0.0,0.0,0.0,0.0,0.0,0.0,0.0,0.0,0.0,2
0.0,0.0,0.0,0.0,0.0,22.0,3.0,0.859967281032505,0.0,0.0,98.13333333333334,0.0,0.0,0.0,0.0,0.0,0.0,0.0,0.0,0.0,0.0,0.0,0.0,0.0,0.0,0.0,2
0.0,0.0,0.0,0.0,0.0,0.0,0.0,0.0,0.0,0.0,100.0,0.0,0.0,0.0,0.0,0.0,0.0,0.0,0.0,0.0,0.0,0.0,0.0,0.0,0.0,0.0,2
0.0,0.0,0.0,0.0,0.0,0.0,0.0,0.0,0.0,0.0,100.0,0.0,0.0,0.0,0.0,0.0,0.0,0.0,0.0,0.0,0.0,0.0,0.0,0.0,0.0,0.0,2
0.0,0.0,0.0,0.0,0.0,0.0,0.0,0.0,0.0,0.0,100.0,0.0,0.0,0.0,0.0,0.0,0.0,0.0,0.0,0.0,0.0,0.0,0.0,0.0,0.0,0.0,2
0.0,0.0,0.0,0.0,0.0,0.0,0.0,0.0,0.0,0.0,100.0,0.0,0.0,0.0,0.0,0.0,0.0,0.0,0.0,0.0,0.0,0.0,0.0,0.0,0.0,0.0,2
0.0,0.0,0.0,0.0,0.0,0.0,0.0,0.0,0.0,0.0,100.0,0.0,0.0,0.0,0.0,0.0,0.0,0.0,0.0,0.0,0.0,0.0,0.0,0.0,0.0,0.0,2
0.0,0.0,0.0,0.0,0.0,0.0,0.0,0.0,0.0,0.0,100.0,0.0,0.0,0.0,0.0,0.0,0.0,0.0,0.0,0.0,0.0,0.0,0.0,0.0,0.0,0.0,2
0.0,0.0,0.0,0.0,0.0,0.0,0.0,0.0,0.0,0.0,100.0,0.0,0.0,0.0,0.0,0.0,0.0,0.0,0.0,0.0,0.0,0.0,0.0,0.0,0.0,0.0,2
0.0,0.0,0.0,0.0,0.0,0.0,0.0,0.0,0.0,0.0,100.0,0.0,0.0,0.0,0.0,0.0,0.0,0.0,0.0,0.0,0.0,0.0,0.0,0.0,0.0,0.0,2
236.0,1.0,-1.000088900581841e-12,0.0,0.0,12.0,1.0,-1.000088900581841e-12,0.0,0.0,100.0,0.0,0.0,0.0,0.0,2.0,0.0,0.0,0.0,0.0,0.0,0.0,0.0,0.0,0.0,0.0,2
710.0,1.0,-1.000088900581841e-12,0.0,0.0,0.0,0.0,0.0,0.0,0.0,100.0,0.0,0.0,0.0,0.0,0.0,0.0,0.0,0.0,0.0,0.0,0.0,0.0,0.0,0.0,0.0,2
474.0,1.0,-1.000088900581841e-12,0.0,0.0,0.0,0.0,0.0,0.0,0.0,100.0,0.0,0.0,0.0,0.0,0.0,0.0,0.0,0.0,0.0,0.0,0.0,0.0,0.0,0.0,0.0,2
342.0,7.0,1.5364481133332892,0.0,0.0,96.0,13.0,2.2754679913822167,0.0,0.0,99.4,0.0,0.0,0.0,0.0,4.0,748.0,2.0,0.0,0.0,0.0,0.0,0.0,0.0,0.0,0.0,2
710.0,5.0,0.519633001893621,0.0,0.0,138.0,5.0,0.7707421183095209,0.0,0.0,93.03333333333332,0.0,0.0,0.0,0.0,0.0,1418.0,0.0,0.0,0.0,0.0,0.0,0.0,0.0,0.0,0.0,2
698.0,5.0,1.0380995143217413,0.0,0.0,16.0,3.0,0.9002560512655369,0.0,0.0,85.95454545454545,0.0,0.0,0.0,0.0,12.0,826.0,4.0,0.0,0.0,0.0,0.0,0.0,0.0,0.0,0.0,2
678.0,5.0,0.6002139896707419,0.0,0.0,54.0,6.0,1.5827606809839658,0.0,4.0,86.17241379310344,0.0,0.0,0.0,0.0,14.0,430.0,6.0,0.0,0.0,0.0,0.0,0.0,0.0,0.0,0.0,2
704.0,4.0,0.5039098619343192,0.0,0.0,34.0,4.0,1.1217853135707712,0.0,0.0,86.28,0.0,0.0,0.0,0.0,8.0,552.0,8.0,0.0,0.0,0.0,0.0,0.0,0.0,0.0,0.0,2
706.0,2.0,0.0194477345218629,0.0,0.0,8.0,2.0,0.6931471805579453,0.0,0.0,73.9,0.0,0.0,0.0,0.0,4.0,898.0,4.0,0.0,0.0,0.0,0.0,0.0,0.0,0.0,0.0,2
708.0,2.0,0.4366597559007606,0.0,0.0,14.0,4.0,1.351783994285646,0.0,0.0,66.22222222222223,0.0,0.0,0.0,0.0,12.0,98.0,4.0,0.0,0.0,0.0,0.0,0.0,0.0,0.0,0.0,2
708.0,1.0,-1.000088900581841e-12,0.0,0.0,8.0,1.0,-1.000088900581841e-12,0.0,0.0,57.43333333333333,0.0,0.0,0.0,0.0,0.0,566.0,0.0,0.0,0.0,0.0,0.0,0.0,0.0,0.0,0.0,2
638.0,1.0,-1.000088900581841e-12,0.0,0.0,10.0,2.0,0.6730116670072565,0.0,0.0,41.5,0.0,0.0,0.0,0.0,0.0,2860.0,0.0,0.0,0.0,0.0,0.0,0.0,0.0,0.0,0.0,2
586.0,6.0,1.4043942412886408,0.0,0.0,360.0,9.0,0.8288258886478451,0.0,4.0,37.48275862068966,0.0,0.0,0.0,0.0,12.0,672.0,6.0,0.0,0.0,0.0,0.0,0.0,0.0,0.0,0.0,2
704.0,5.0,0.8081892161676414,0.0,0.0,36.0,6.0,1.599971420920868,0.0,0.0,44.25,0.0,0.0,0.0,0.0,18.0,622.0,16.0,0.0,0.0,0.0,0.0,0.0,0.0,0.0,0.0,2
718.0,5.0,0.8669690481562645,0.0,0.0,62.0,6.0,1.3546207170983862,0.0,6.0,47.63333333333333,0.0,0.0,0.0,0.0,0.0,312.0,0.0,0.0,0.0,0.0,0.0,0.0,0.0,0.0,0.0,2
718.0,2.0,0.2940130099652798,0.0,0.0,50.0,4.0,0.8950711356491977,0.0,12.0,59.73333333333333,0.0,0.0,0.0,0.0,0.0,42.0,0.0,0.0,0.0,0.0,0.0,0.0,0.0,0.0,0.0,2
716.0,2.0,0.6146036836537594,0.0,0.0,34.0,4.0,1.0369938685144664,0.0,0.0,74.2,0.0,0.0,0.0,0.0,6.0,548.0,6.0,0.0,0.0,0.0,0.0,0.0,0.0,0.0,0.0,2
714.0,2.0,0.4344307835407204,0.0,0.0,36.0,4.0,0.9736489231932636,0.0,6.0,84.36666666666666,0.0,0.0,0.0,0.0,0.0,280.0,0.0,0.0,0.0,0.0,0.0,0.0,0.0,0.0,0.0,2
716.0,3.0,0.7324560090041663,0.0,0.0,48.0,6.0,1.3721361080476076,0.0,0.0,95.4,0.0,0.0,0.0,0.0,18.0,250.0,4.0,0.0,0.0,0.0,0.0,0.0,0.0,0.0,0.0,2
716.0,3.0,1.0657482117535295,0.0,0.0,10.0,4.0,1.3321790402061222,0.0,0.0,100.0,0.0,0.0,0.0,0.0,0.0,530.0,0.0,0.0,0.0,0.0,0.0,0.0,0.0,0.0,0.0,2
718.0,2.0,0.0849553107346852,0.0,0.0,16.0,5.0,1.4941751382843085,0.0,0.0,100.0,0.0,0.0,0.0,0.0,12.0,82.0,6.0,0.0,0.0,0.0,0.0,0.0,0.0,0.0,0.0,2
718.0,2.0,0.3069622329042719,0.0,0.0,16.0,4.0,1.3208883431453222,0.0,0.0,100.0,0.0,0.0,0.0,0.0,6.0,12.0,6.0,0.0,0.0,0.0,0.0,0.0,0.0,0.0,0.0,2
718.0,3.0,0.0674514911878501,0.0,0.0,12.0,3.0,1.0114042647043515,0.0,0.0,100.0,0.0,0.0,0.0,0.0,16.0,56.0,8.0,0.0,0.0,0.0,0.0,0.0,0.0,0.0,0.0,2
716.0,3.0,0.7156119970885316,0.0,0.0,20.0,2.0,0.3250829733894482,0.0,0.0,100.0,0.0,0.0,0.0,0.0,8.0,738.0,6.0,0.0,0.0,0.0,0.0,0.0,0.0,0.0,0.0,2
714.0,5.0,0.1757830171828539,0.0,0.0,38.0,6.0,1.44070064366465,0.0,0.0,100.0,0.0,0.0,0.0,0.0,0.0,1870.0,0.0,0.0,0.0,0.0,0.0,0.0,0.0,0.0,0.0,2
706.0,5.0,0.6616867593373827,0.0,0.0,12.0,2.0,0.6365141682928128,0.0,0.0,96.3,0.0,0.0,0.0,0.0,0.0,2476.0,0.0,0.0,0.0,0.0,0.0,0.0,0.0,0.0,0.0,2
710.0,3.0,0.1374759723686268,0.0,0.0,8.0,2.0,0.6931471805579453,0.0,0.0,87.6,0.0,0.0,0.0,0.0,0.0,2470.0,0.0,0.0,0.0,0.0,0.0,0.0,0.0,0.0,0.0,2
708.0,1.0,-1.000088900581841e-12,0.0,0.0,4.0,1.0,-1.000088900581841e-12,0.0,0.0,78.6,0.0,0.0,0.0,0.0,0.0,3036.0,0.0,0.0,0.0,0.0,0.0,0.0,0.0,0.0,0.0,2
548.0,4.0,0.3128559613616429,0.0,0.0,4.0,1.0,-1.000088900581841e-12,0.0,0.0,69.76666666666667,0.0,0.0,0.0,0.0,0.0,3526.0,0.0,0.0,0.0,0.0,0.0,0.0,0.0,0.0,0.0,2
712.0,3.0,0.0540051172013516,0.0,0.0,4.0,1.0,-1.000088900581841e-12,0.0,0.0,61.86666666666667,0.0,0.0,0.0,0.0,0.0,2552.0,0.0,0.0,0.0,0.0,0.0,0.0,0.0,0.0,0.0,2
708.0,2.0,0.0194007998621311,0.0,0.0,12.0,3.0,1.0986122886651095,0.0,0.0,54.13333333333333,0.0,0.0,0.0,0.0,0.0,1536.0,0.0,0.0,0.0,0.0,0.0,0.0,0.0,0.0,0.0,2
698.0,4.0,1.202934847071691,0.0,0.0,2.0,1.0,-1.000088900581841e-12,0.0,0.0,47.04545454545455,0.0,0.0,0.0,0.0,8.0,462.0,0.0,0.0,0.0,0.0,0.0,0.0,0.0,0.0,0.0,2
668.0,1.0,-1.000088900581841e-12,0.0,0.0,2.0,1.0,-1.000088900581841e-12,0.0,0.0,42.833333333333336,0.0,0.0,0.0,0.0,8.0,0.0,0.0,0.0,0.0,0.0,0.0,0.0,0.0,0.0,0.0,2
672.0,4.0,0.3569272167110535,0.0,0.0,10.0,2.0,0.5004024235361879,0.0,0.0,40.0,0.0,0.0,0.0,0.0,24.0,344.0,10.0,0.0,0.0,0.0,0.0,0.0,0.0,0.0,0.0,2
678.0,5.0,0.7047790668541396,0.0,0.0,14.0,2.0,0.6829081046984717,0.0,0.0,36.7,0.0,0.0,0.0,0.0,24.0,414.0,12.0,0.0,0.0,0.0,0.0,0.0,0.0,0.0,0.0,2
712.0,2.0,0.3848888306897836,0.0,0.0,0.0,0.0,0.0,0.0,0.0,32.63333333333333,0.0,0.0,0.0,0.0,0.0,1740.0,0.0,0.0,0.0,0.0,0.0,0.0,0.0,0.0,0.0,2
682.0,4.0,0.6284092226591667,0.0,0.0,40.0,3.0,0.5181862130472128,0.0,24.0,33.56666666666667,0.0,0.0,0.0,0.0,0.0,772.0,0.0,0.0,0.0,0.0,0.0,0.0,0.0,0.0,0.0,2
668.0,1.0,-1.000088900581841e-12,0.0,0.0,34.0,1.0,-1.000088900581841e-12,0.0,0.0,49.36666666666667,0.0,0.0,0.0,0.0,0.0,0.0,0.0,0.0,0.0,0.0,0.0,0.0,0.0,0.0,0.0,2
148.0,1.0,-1.000088900581841e-12,0.0,0.0,30.0,2.0,0.2449300267926353,0.0,0.0,65.13333333333334,0.0,0.0,0.0,0.0,0.0,0.0,0.0,0.0,0.0,0.0,0.0,0.0,0.0,0.0,0.0,2
0.0,0.0,0.0,0.0,0.0,30.0,2.0,0.5004024235361879,0.0,0.0,79.1,0.0,0.0,0.0,0.0,0.0,0.0,0.0,0.0,0.0,0.0,0.0,0.0,0.0,0.0,0.0,2
0.0,0.0,0.0,0.0,0.0,32.0,1.0,-1.000088900581841e-12,0.0,0.0,89.66666666666667,0.0,0.0,0.0,0.0,0.0,0.0,0.0,0.0,0.0,0.0,0.0,0.0,0.0,0.0,0.0,2
0.0,0.0,0.0,0.0,0.0,0.0,0.0,0.0,0.0,0.0,100.0,0.0,0.0,0.0,0.0,0.0,0.0,0.0,0.0,0.0,0.0,0.0,0.0,0.0,0.0,0.0,2
0.0,0.0,0.0,0.0,0.0,0.0,0.0,0.0,0.0,0.0,100.0,0.0,0.0,0.0,0.0,0.0,0.0,0.0,0.0,0.0,0.0,0.0,0.0,0.0,0.0,0.0,2
0.0,0.0,0.0,0.0,0.0,0.0,0.0,0.0,0.0,0.0,100.0,0.0,0.0,0.0,0.0,0.0,0.0,0.0,0.0,0.0,0.0,0.0,0.0,0.0,0.0,0.0,2
0.0,0.0,0.0,0.0,0.0,0.0,0.0,0.0,0.0,0.0,100.0,0.0,0.0,0.0,0.0,0.0,0.0,0.0,0.0,0.0,0.0,0.0,0.0,0.0,0.0,0.0,2
0.0,0.0,0.0,0.0,0.0,0.0,0.0,0.0,0.0,0.0,100.0,0.0,0.0,0.0,0.0,0.0,0.0,0.0,0.0,0.0,0.0,0.0,0.0,0.0,0.0,0.0,2
0.0,0.0,0.0,0.0,0.0,0.0,0.0,0.0,0.0,0.0,100.0,0.0,0.0,0.0,0.0,0.0,0.0,0.0,0.0,0.0,0.0,0.0,0.0,0.0,0.0,0.0,2
0.0,0.0,0.0,0.0,0.0,0.0,0.0,0.0,0.0,0.0,100.0,0.0,0.0,0.0,0.0,0.0,0.0,0.0,0.0,0.0,0.0,0.0,0.0,0.0,0.0,0.0,2
0.0,0.0,0.0,0.0,0.0,0.0,0.0,0.0,0.0,0.0,100.0,0.0,0.0,0.0,0.0,0.0,0.0,0.0,0.0,0.0,0.0,0.0,0.0,0.0,0.0,0.0,2
0.0,0.0,0.0,0.0,0.0,0.0,0.0,0.0,0.0,0.0,100.0,0.0,0.0,0.0,0.0,0.0,0.0,0.0,0.0,0.0,0.0,0.0,0.0,0.0,0.0,0.0,2
332.0,5.0,1.047880371060847,0.0,0.0,104.0,12.0,2.151812931656463,0.0,0.0,99.56666666666666,0.0,0.0,0.0,0.0,16.0,582.0,4.0,0.0,0.0,0.0,0.0,0.0,0.0,0.0,0.0,2
706.0,4.0,1.216883642186581,0.0,0.0,56.0,5.0,1.400326576226188,0.0,0.0,94.1153846153846,0.0,0.0,0.0,0.0,16.0,1674.0,4.0,0.0,0.0,0.0,0.0,0.0,0.0,0.0,0.0,2
712.0,3.0,0.1230857368870187,0.0,0.0,10.0,2.0,0.6730116670072565,0.0,0.0,86.33333333333333,0.0,0.0,0.0,0.0,0.0,2232.0,0.0,0.0,0.0,0.0,0.0,0.0,0.0,0.0,0.0,2
716.0,5.0,1.02971316434948,0.0,0.0,26.0,4.0,1.2711814802565795,0.0,0.0,77.66666666666667,0.0,0.0,0.0,0.0,0.0,2438.0,0.0,0.0,0.0,0.0,0.0,0.0,0.0,0.0,0.0,2
690.0,6.0,1.4111345299103248,0.0,0.0,156.0,5.0,0.9435421721828268,0.0,0.0,71.13333333333334,0.0,0.0,0.0,0.0,24.0,1652.0,10.0,0.0,0.0,0.0,0.0,0.0,0.0,0.0,0.0,2
698.0,3.0,0.7255056441748302,0.0,0.0,12.0,2.0,0.6365141682928128,0.0,0.0,65.38888888888889,0.0,0.0,0.0,0.0,48.0,160.0,12.0,0.0,0.0,0.0,0.0,0.0,0.0,0.0,0.0,2
690.0,6.0,1.166900313888561,0.0,0.0,38.0,2.0,0.6917614988504178,0.0,0.0,61.083333333333336,0.0,0.0,0.0,0.0,56.0,1948.0,30.0,0.0,0.0,0.0,0.0,0.0,0.0,0.0,0.0,2
708.0,6.0,1.3993575772385909,0.0,0.0,40.0,4.0,1.1682824501725626,0.0,0.0,55.95454545454545,0.0,0.0,0.0,0.0,48.0,3438.0,22.0,0.0,0.0,0.0,0.0,0.0,0.0,0.0,0.0,2
698.0,4.0,0.7079078561359254,0.0,0.0,18.0,2.0,0.6869615765953234,0.0,0.0,50.375,0.0,0.0,0.0,0.0,72.0,1486.0,6.0,0.0,0.0,0.0,0.0,0.0,0.0,0.0,0.0,3
710.0,4.0,0.6309388218462013,0.0,0.0,4.0,1.0,-1.000088900581841e-12,0.0,0.0,45.22222222222222,0.0,0.0,0.0,0.0,24.0,2036.0,6.0,0.0,0.0,0.0,0.0,0.0,0.0,0.0,0.0,2
698.0,4.0,0.3527867704652855,0.0,0.0,38.0,3.0,0.5366645624815252,0.0,0.0,41.2,0.0,0.0,0.0,0.0,80.0,544.0,44.0,0.0,0.0,0.0,0.0,0.0,0.0,0.0,0.0,2
674.0,4.0,0.7773528384397589,0.0,0.0,26.0,5.0,1.4985690796720057,0.0,0.0,38.5,0.0,0.0,0.0,0.0,56.0,138.0,6.0,0.0,0.0,0.0,0.0,0.0,0.0,0.0,0.0,2
658.0,2.0,0.1663954980567937,0.0,0.0,28.0,5.0,1.574097336843973,0.0,8.0,36.42857142857143,0.0,0.0,0.0,0.0,64.0,50.0,2.0,0.0,0.0,0.0,0.0,0.0,0.0,0.0,0.0,2
710.0,3.0,0.1162387199373528,0.0,0.0,146.0,6.0,0.96817901110357,0.0,0.0,46.333333333333336,0.0,0.0,0.0,0.0,48.0,48.0,14.0,0.0,0.0,0.0,0.0,0.0,0.0,0.0,0.0,2
714.0,6.0,1.0952030660969347,0.0,0.0,54.0,5.0,1.3045114949539196,0.0,0.0,62.7,0.0,0.0,0.0,0.0,0.0,1110.0,0.0,0.0,0.0,0.0,0.0,0.0,0.0,0.0,0.0,2
714.0,4.0,0.0884619371460313,0.0,0.0,40.0,3.0,1.054920167983144,0.0,0.0,72.46666666666667,0.0,0.0,0.0,0.0,0.0,718.0,0.0,0.0,0.0,0.0,0.0,0.0,0.0,0.0,0.0,2
712.0,6.0,0.7202030268163938,0.0,0.0,88.0,5.0,1.108215188170007,0.0,0.0,80.56666666666666,0.0,0.0,0.0,0.0,0.0,1482.0,0.0,0.0,0.0,0.0,0.0,0.0,0.0,0.0,0.0,2
706.0,4.0,1.226882177048951,0.0,0.0,52.0,6.0,1.6912933231060443,0.0,8.0,80.85185185185185,0.0,0.0,8.0,8.0,16.0,712.0,8.0,0.0,0.0,0.0,0.0,0.0,0.0,0.0,0.0,2
702.0,4.0,0.1793600556845456,0.0,0.0,10.0,2.0,0.5004024235361879,0.0,0.0,75.57142857142857,0.0,0.0,0.0,0.0,0.0,1546.0,0.0,0.0,0.0,0.0,0.0,0.0,0.0,0.0,0.0,2
674.0,5.0,0.8547133331501274,0.0,0.0,50.0,5.0,1.111708395960967,0.0,8.0,74.0,0.0,0.0,0.0,0.0,64.0,322.0,10.0,0.0,0.0,0.0,0.0,0.0,0.0,0.0,0.0,2
702.0,3.0,0.0702213021984786,0.0,0.0,22.0,1.0,-1.000088900581841e-12,0.0,0.0,79.96296296296296,0.0,0.0,0.0,0.0,0.0,812.0,0.0,0.0,0.0,0.0,0.0,0.0,0.0,0.0,0.0,2
712.0,3.0,0.0833068666253138,0.0,0.0,16.0,1.0,-1.000088900581841e-12,0.0,0.0,89.43333333333334,0.0,0.0,0.0,0.0,0.0,716.0,0.0,0.0,0.0,0.0,0.0,0.0,0.0,0.0,0.0,2
714.0,3.0,0.6045943401071197,0.0,0.0,22.0,3.0,0.7595473914718636,0.0,0.0,98.5,0.0,0.0,0.0,0.0,0.0,232.0,0.0,0.0,0.0,0.0,0.0,0.0,0.0,0.0,0.0,2
718.0,4.0,0.9010709040572296,0.0,0.0,32.0,5.0,1.5437891850538952,0.0,16.0,100.0,0.0,0.0,0.0,0.0,0.0,204.0,0.0,0.0,0.0,0.0,0.0,0.0,0.0,0.0,0.0,2
718.0,6.0,1.1906143916148175,0.0,0.0,10.0,3.0,1.054920167983144,0.0,0.0,98.8,0.0,0.0,0.0,0.0,0.0,1110.0,0.0,0.0,0.0,0.0,0.0,0.0,0.0,0.0,0.0,2
718.0,1.0,-1.000088900581841e-12,0.0,0.0,24.0,2.0,0.4505612088643047,0.0,0.0,91.56666666666666,0.0,0.0,0.0,0.0,0.0,3952.0,0.0,0.0,0.0,0.0,0.0,0.0,0.0,0.0,0.0,2
712.0,5.0,1.0887101151830465,0.0,0.0,6.0,2.0,0.6365141682928128,0.0,0.0,83.37931034482759,0.0,0.0,0.0,0.0,0.0,3372.0,0.0,0.0,0.0,0.0,0.0,0.0,0.0,0.0,0.0,2
714.0,4.0,0.8276452696101043,0.0,0.0,12.0,2.0,0.6365141682928128,0.0,0.0,76.3913043478261,0.0,0.0,0.0,0.0,16.0,1726.0,12.0,0.0,0.0,0.0,0.0,0.0,0.0,0.0,0.0,2
716.0,4.0,1.098328546982859,0.0,0.0,16.0,2.0,0.5623351446168083,0.0,0.0,72.0,0.0,0.0,0.0,0.0,48.0,756.0,14.0,0.0,0.0,0.0,0.0,0.0,0.0,0.0,0.0,2
714.0,3.0,0.7098940343053339,0.0,0.0,4.0,1.0,-1.000088900581841e-12,0.0,0.0,67.84615384615384,0.0,0.0,0.0,0.0,16.0,1010.0,6.0,0.0,0.0,0.0,0.0,0.0,0.0,0.0,0.0,2
678.0,3.0,0.2756086929127239,0.0,0.0,6.0,2.0,0.6365141682928128,0.0,0.0,64.2,0.0,0.0,0.0,0.0,8.0,314.0,6.0,0.0,0.0,0.0,0.0,0.0,0.0,0.0,0.0,2
690.0,5.0,0.8230753927097225,0.0,0.0,28.0,2.0,0.5982695885832573,0.0,0.0,55.3,0.0,0.0,0.0,0.0,16.0,420.0,4.0,0.0,0.0,0.0,0.0,0.0,0.0,0.0,0.0,2
710.0,5.0,0.9087365687274792,0.0,0.0,2.0,1.0,-1.000088900581841e-12,0.0,0.0,51.875,0.0,0.0,0.0,0.0,2.0,1074.0,2.0,0.0,0.0,0.0,0.0,0.0,0.0,0.0,0.0,2
706.0,4.0,0.772416279587754,0.0,0.0,14.0,2.0,0.410116318286409,0.0,2.0,48.333333333333336,0.0,0.0,0.0,0.0,0.0,1022.0,0.0,0.0,0.0,0.0,0.0,0.0,0.0,0.0,0.0,2
668.0,1.0,-1.000088900581841e-12,0.0,0.0,32.0,1.0,-1.000088900581841e-12,0.0,0.0,59.0,0.0,0.0,0.0,0.0,0.0,0.0,0.0,0.0,0.0,0.0,0.0,0.0,0.0,0.0,0.0,2
470.0,1.0,-1.000088900581841e-12,0.0,0.0,32.0,1.0,-1.000088900581841e-12,0.0,0.0,75.26666666666667,0.0,0.0,0.0,0.0,0.0,0.0,0.0,0.0,0.0,0.0,0.0,0.0,0.0,0.0,0.0,2
0.0,0.0,0.0,0.0,0.0,16.0,1.0,-1.000088900581841e-12,0.0,0.0,87.4,0.0,0.0,0.0,0.0,0.0,0.0,0.0,0.0,0.0,0.0,0.0,0.0,0.0,0.0,0.0,2
0.0,0.0,0.0,0.0,0.0,20.0,1.0,-1.000088900581841e-12,0.0,0.0,98.03333333333332,0.0,0.0,0.0,0.0,0.0,0.0,0.0,0.0,0.0,0.0,0.0,0.0,0.0,0.0,0.0,2
0.0,0.0,0.0,0.0,0.0,0.0,0.0,0.0,0.0,0.0,100.0,0.0,0.0,0.0,0.0,0.0,0.0,0.0,0.0,0.0,0.0,0.0,0.0,0.0,0.0,0.0,2
0.0,0.0,0.0,0.0,0.0,0.0,0.0,0.0,0.0,0.0,100.0,0.0,0.0,0.0,0.0,0.0,0.0,0.0,0.0,0.0,0.0,0.0,0.0,0.0,0.0,0.0,2
0.0,0.0,0.0,0.0,0.0,0.0,0.0,0.0,0.0,0.0,100.0,0.0,0.0,0.0,0.0,0.0,0.0,0.0,0.0,0.0,0.0,0.0,0.0,0.0,0.0,0.0,2
0.0,0.0,0.0,0.0,0.0,0.0,0.0,0.0,0.0,0.0,100.0,0.0,0.0,0.0,0.0,0.0,0.0,0.0,0.0,0.0,0.0,0.0,0.0,0.0,0.0,0.0,2
0.0,0.0,0.0,0.0,0.0,0.0,0.0,0.0,0.0,0.0,100.0,0.0,0.0,0.0,0.0,0.0,0.0,0.0,0.0,0.0,0.0,0.0,0.0,0.0,0.0,0.0,2
0.0,0.0,0.0,0.0,0.0,0.0,0.0,0.0,0.0,0.0,100.0,0.0,0.0,0.0,0.0,0.0,0.0,0.0,0.0,0.0,0.0,0.0,0.0,0.0,0.0,0.0,2
0.0,0.0,0.0,0.0,0.0,0.0,0.0,0.0,0.0,0.0,100.0,0.0,0.0,0.0,0.0,0.0,0.0,0.0,0.0,0.0,0.0,0.0,0.0,0.0,0.0,0.0,2
0.0,0.0,0.0,0.0,0.0,0.0,0.0,0.0,0.0,0.0,100.0,0.0,0.0,0.0,0.0,0.0,0.0,0.0,0.0,0.0,0.0,0.0,0.0,0.0,0.0,0.0,2
0.0,0.0,0.0,0.0,0.0,0.0,0.0,0.0,0.0,0.0,100.0,0.0,0.0,0.0,0.0,0.0,0.0,0.0,0.0,0.0,0.0,0.0,0.0,0.0,0.0,0.0,2
0.0,0.0,0.0,0.0,0.0,0.0,0.0,0.0,0.0,0.0,100.0,0.0,0.0,0.0,0.0,0.0,0.0,0.0,0.0,0.0,0.0,0.0,0.0,0.0,0.0,0.0,2
338.0,5.0,0.6357727403174259,0.0,0.0,86.0,8.0,1.901659574484292,0.0,0.0,99.34482758620688,0.0,0.0,0.0,0.0,4.0,980.0,2.0,0.0,0.0,0.0,0.0,0.0,0.0,0.0,0.0,2
710.0,6.0,1.3879950611922187,0.0,0.0,30.0,4.0,1.083255010514509,0.0,0.0,93.85185185185183,0.0,0.0,0.0,0.0,0.0,1168.0,0.0,0.0,0.0,0.0,0.0,0.0,0.0,0.0,0.0,2
698.0,6.0,1.264510131759522,0.0,0.0,46.0,6.0,1.715464216412813,0.0,6.0,88.95833333333333,0.0,0.0,0.0,0.0,2.0,480.0,2.0,0.0,0.0,0.0,0.0,0.0,0.0,0.0,0.0,2
686.0,4.0,0.8908149355570426,0.0,0.0,16.0,4.0,1.2130075659759043,0.0,0.0,86.0,0.0,0.0,0.0,0.0,6.0,406.0,4.0,0.0,0.0,0.0,0.0,0.0,0.0,0.0,0.0,2
688.0,6.0,0.8558281562705455,0.0,0.0,76.0,6.0,1.644635140792675,0.0,0.0,83.0909090909091,0.0,0.0,0.0,0.0,12.0,298.0,10.0,0.0,0.0,0.0,0.0,0.0,0.0,0.0,0.0,2
710.0,3.0,0.422008347657848,0.0,0.0,6.0,2.0,0.6365141682928128,0.0,0.0,74.03571428571429,0.0,0.0,0.0,0.0,0.0,1458.0,0.0,0.0,0.0,0.0,0.0,0.0,0.0,0.0,0.0,2
704.0,4.0,0.8955060087052849,0.0,0.0,32.0,5.0,1.515412517883733,0.0,0.0,63.8,0.0,0.0,0.0,0.0,8.0,416.0,4.0,0.0,0.0,0.0,0.0,0.0,0.0,0.0,0.0,2
684.0,3.0,0.0717636569558036,0.0,0.0,30.0,2.0,0.5799151714161009,0.0,0.0,50.93333333333333,0.0,0.0,0.0,0.0,0.0,724.0,0.0,0.0,0.0,0.0,0.0,0.0,0.0,0.0,0.0,2
712.0,6.0,1.4373708264965122,0.0,0.0,44.0,3.0,0.9075352941020092,0.0,0.0,35.266666666666666,0.0,0.0,0.0,0.0,4.0,1026.0,4.0,0.0,0.0,0.0,0.0,0.0,0.0,0.0,0.0,2
714.0,7.0,1.1366034236027296,0.0,0.0,4.0,1.0,-1.000088900581841e-12,0.0,0.0,27.23333333333333,0.0,0.0,0.0,0.0,0.0,2100.0,0.0,0.0,0.0,0.0,0.0,0.0,0.0,0.0,0.0,2
700.0,5.0,0.8189662842336142,0.0,0.0,50.0,6.0,1.026904610287371,0.0,8.0,23.33333333333333,0.0,0.0,0.0,0.0,0.0,1000.0,0.0,0.0,0.0,0.0,0.0,0.0,0.0,0.0,0.0,2
682.0,3.0,0.5356454992901509,0.0,0.0,36.0,4.0,0.7607552592403031,0.0,2.0,33.22222222222222,0.0,0.0,0.0,0.0,8.0,106.0,2.0,0.0,0.0,0.0,0.0,0.0,0.0,0.0,0.0,2
682.0,1.0,-1.000088900581841e-12,0.0,0.0,132.0,8.0,1.588208510176687,0.0,0.0,48.1,0.0,0.0,0.0,0.0,2.0,0.0,2.0,0.0,0.0,0.0,0.0,0.0,0.0,0.0,0.0,2
708.0,4.0,0.5290532132093229,0.0,0.0,92.0,6.0,1.548155996999509,0.0,2.0,62.333333333333336,0.0,0.0,0.0,0.0,2.0,388.0,2.0,0.0,0.0,0.0,0.0,0.0,0.0,0.0,0.0,1
714.0,3.0,0.7128201245816308,0.0,0.0,56.0,6.0,1.4563888773428182,0.0,0.0,73.73333333333333,0.0,0.0,0.0,0.0,2.0,196.0,0.0,0.0,0.0,0.0,0.0,0.0,0.0,0.0,0.0,2
716.0,5.0,0.7440904311105024,0.0,0.0,70.0,6.0,1.5195948435509656,0.0,4.0,85.96666666666667,0.0,0.0,0.0,0.0,2.0,126.0,2.0,0.0,0.0,0.0,0.0,0.0,0.0,0.0,0.0,2
716.0,6.0,1.5210344228922053,0.0,0.0,44.0,5.0,1.4746557145581465,0.0,4.0,91.23333333333332,0.0,0.0,0.0,0.0,8.0,928.0,8.0,0.0,0.0,0.0,0.0,0.0,0.0,0.0,0.0,2
700.0,1.0,-1.000088900581841e-12,0.0,0.0,248.0,4.0,0.5798176491762854,0.0,0.0,98.66666666666669,0.0,0.0,0.0,0.0,0.0,0.0,0.0,0.0,0.0,0.0,0.0,0.0,0.0,0.0,0.0,2
538.0,1.0,-1.000088900581841e-12,0.0,0.0,20.0,1.0,-1.000088900581841e-12,0.0,0.0,100.0,0.0,0.0,0.0,0.0,0.0,0.0,0.0,0.0,0.0,0.0,0.0,0.0,0.0,0.0,0.0,2
0.0,0.0,0.0,0.0,0.0,64.0,2.0,0.6615632381559821,0.0,0.0,100.0,0.0,0.0,0.0,0.0,0.0,0.0,0.0,0.0,0.0,0.0,0.0,0.0,0.0,0.0,0.0,2
0.0,0.0,0.0,0.0,0.0,4.0,1.0,-1.000088900581841e-12,0.0,0.0,100.0,0.0,0.0,0.0,0.0,0.0,0.0,0.0,0.0,0.0,0.0,0.0,0.0,0.0,0.0,0.0,2
534.0,5.0,0.923648767752936,0.0,0.0,64.0,5.0,1.021040820123266,0.0,0.0,99.1904761904762,0.0,0.0,0.0,0.0,16.0,340.0,8.0,0.0,0.0,0.0,0.0,0.0,0.0,0.0,0.0,2
716.0,3.0,0.720768904970944,0.0,0.0,0.0,0.0,0.0,0.0,0.0,93.8,0.0,0.0,0.0,0.0,0.0,454.0,0.0,0.0,0.0,0.0,0.0,0.0,0.0,0.0,0.0,2
712.0,2.0,0.048641233761665,0.0,0.0,8.0,2.0,0.6931471805579453,0.0,0.0,90.45833333333331,0.0,0.0,0.0,0.0,4.0,6.0,2.0,0.0,0.0,0.0,0.0,0.0,0.0,0.0,0.0,2
672.0,3.0,0.1375735370795228,0.0,0.0,6.0,1.0,-1.000088900581841e-12,0.0,0.0,88.33333333333333,0.0,0.0,0.0,0.0,36.0,92.0,2.0,0.0,0.0,0.0,0.0,0.0,0.0,0.0,0.0,2
688.0,3.0,0.6390441936107039,0.0,0.0,32.0,3.0,0.9470571522795084,0.0,0.0,85.78571428571429,0.0,0.0,0.0,0.0,24.0,78.0,8.0,0.0,0.0,0.0,0.0,0.0,0.0,0.0,0.0,2
702.0,2.0,0.1393664001355112,0.0,0.0,12.0,3.0,1.0114042647043515,0.0,0.0,82.9,0.0,0.0,0.0,0.0,28.0,62.0,0.0,0.0,0.0,0.0,0.0,0.0,0.0,0.0,0.0,2
710.0,2.0,0.0347952022661661,0.0,0.0,6.0,2.0,0.6365141682928128,0.0,0.0,79.45833333333333,0.0,0.0,0.0,0.0,8.0,26.0,2.0,0.0,0.0,0.0,0.0,0.0,0.0,0.0,0.0,2
692.0,1.0,-1.000088900581841e-12,0.0,0.0,4.0,1.0,-1.000088900581841e-12,0.0,0.0,77.0625,0.0,0.0,0.0,0.0,4.0,0.0,4.0,0.0,0.0,0.0,0.0,0.0,0.0,0.0,0.0,2
700.0,5.0,0.8943234870466948,0.0,0.0,24.0,5.0,1.5607104090364068,0.0,0.0,74.5,0.0,0.0,0.0,0.0,12.0,358.0,4.0,0.0,0.0,0.0,0.0,0.0,0.0,0.0,0.0,3
696.0,3.0,0.4017233671707414,0.0,0.0,8.0,1.0,-1.000088900581841e-12,0.0,0.0,69.5,0.0,0.0,0.0,0.0,24.0,116.0,6.0,0.0,0.0,0.0,0.0,0.0,0.0,0.0,0.0,2
706.0,2.0,0.0743613925582442,0.0,0.0,2.0,1.0,-1.000088900581841e-12,0.0,0.0,66.36,0.0,0.0,0.0,0.0,0.0,40.0,0.0,0.0,0.0,0.0,0.0,0.0,0.0,0.0,0.0,2
690.0,4.0,1.0142322892938946,0.0,0.0,16.0,3.0,1.0821955300357673,0.0,0.0,61.94117647058823,0.0,0.0,0.0,0.0,12.0,834.0,4.0,0.0,0.0,0.0,0.0,0.0,0.0,0.0,0.0,2
672.0,3.0,0.6053319058503749,0.0,0.0,76.0,5.0,1.118877840485922,0.0,36.0,61.53333333333333,0.0,0.0,0.0,0.0,0.0,862.0,0.0,0.0,0.0,0.0,0.0,0.0,0.0,0.0,0.0,2
668.0,1.0,-1.000088900581841e-12,0.0,0.0,22.0,1.0,-1.000088900581841e-12,0.0,0.0,72.2,0.0,0.0,0.0,0.0,0.0,0.0,0.0,0.0,0.0,0.0,0.0,0.0,0.0,0.0,0.0,2
126.0,1.0,-1.000088900581841e-12,0.0,0.0,20.0,1.0,-1.000088900581841e-12,0.0,0.0,83.13333333333334,0.0,0.0,0.0,0.0,0.0,0.0,0.0,0.0,0.0,0.0,0.0,0.0,0.0,0.0,0.0,2
0.0,0.0,0.0,0.0,0.0,26.0,1.0,-1.000088900581841e-12,0.0,0.0,93.96666666666668,0.0,0.0,0.0,0.0,0.0,0.0,0.0,0.0,0.0,0.0,0.0,0.0,0.0,0.0,0.0,2
0.0,0.0,0.0,0.0,0.0,0.0,0.0,0.0,0.0,0.0,100.0,0.0,0.0,0.0,0.0,0.0,0.0,0.0,0.0,0.0,0.0,0.0,0.0,0.0,0.0,0.0,2
0.0,0.0,0.0,0.0,0.0,6.0,1.0,-1.000088900581841e-12,0.0,0.0,100.0,0.0,0.0,0.0,0.0,0.0,0.0,0.0,0.0,0.0,0.0,0.0,0.0,0.0,0.0,0.0,2
0.0,0.0,0.0,0.0,0.0,0.0,0.0,0.0,0.0,0.0,100.0,0.0,0.0,0.0,0.0,0.0,0.0,0.0,0.0,0.0,0.0,0.0,0.0,0.0,0.0,0.0,2
0.0,0.0,0.0,0.0,0.0,0.0,0.0,0.0,0.0,0.0,100.0,0.0,0.0,0.0,0.0,0.0,0.0,0.0,0.0,0.0,0.0,0.0,0.0,0.0,0.0,0.0,2
0.0,0.0,0.0,0.0,0.0,0.0,0.0,0.0,0.0,0.0,100.0,0.0,0.0,0.0,0.0,0.0,0.0,0.0,0.0,0.0,0.0,0.0,0.0,0.0,0.0,0.0,2
0.0,0.0,0.0,0.0,0.0,0.0,0.0,0.0,0.0,0.0,100.0,0.0,0.0,0.0,0.0,0.0,0.0,0.0,0.0,0.0,0.0,0.0,0.0,0.0,0.0,0.0,2
0.0,0.0,0.0,0.0,0.0,0.0,0.0,0.0,0.0,0.0,100.0,0.0,0.0,0.0,0.0,0.0,0.0,0.0,0.0,0.0,0.0,0.0,0.0,0.0,0.0,0.0,2
0.0,0.0,0.0,0.0,0.0,0.0,0.0,0.0,0.0,0.0,100.0,0.0,0.0,0.0,0.0,0.0,0.0,0.0,0.0,0.0,0.0,0.0,0.0,0.0,0.0,0.0,2
0.0,0.0,0.0,0.0,0.0,0.0,0.0,0.0,0.0,0.0,100.0,0.0,0.0,0.0,0.0,0.0,0.0,0.0,0.0,0.0,0.0,0.0,0.0,0.0,0.0,0.0,2
0.0,0.0,0.0,0.0,0.0,0.0,0.0,0.0,0.0,0.0,100.0,0.0,0.0,0.0,0.0,0.0,0.0,0.0,0.0,0.0,0.0,0.0,0.0,0.0,0.0,0.0,2
0.0,0.0,0.0,0.0,0.0,0.0,0.0,0.0,0.0,0.0,100.0,0.0,0.0,0.0,0.0,0.0,0.0,0.0,0.0,0.0,0.0,0.0,0.0,0.0,0.0,0.0,2
170.0,4.0,0.7353276171573473,0.0,0.0,68.0,6.0,1.5615370577162198,0.0,0.0,99.8,0.0,0.0,0.0,0.0,8.0,706.0,8.0,0.0,0.0,0.0,0.0,0.0,0.0,0.0,0.0,2
714.0,6.0,1.2608578479951251,0.0,0.0,28.0,4.0,1.33373602719881,0.0,0.0,94.83333333333331,0.0,0.0,0.0,0.0,0.0,2152.0,0.0,0.0,0.0,0.0,0.0,0.0,0.0,0.0,0.0,2
712.0,4.0,0.9889759736098848,0.0,0.0,26.0,3.0,1.0579054247006734,0.0,0.0,87.26666666666667,0.0,0.0,0.0,0.0,0.0,1810.0,0.0,0.0,0.0,0.0,0.0,0.0,0.0,0.0,0.0,2
712.0,4.0,0.4127263686447315,0.0,0.0,14.0,4.0,1.351783994285646,0.0,0.0,80.96296296296296,0.0,0.0,0.0,0.0,4.0,1714.0,4.0,0.0,0.0,0.0,0.0,0.0,0.0,0.0,0.0,2
712.0,6.0,1.0582012707934554,0.0,0.0,24.0,2.0,0.6365141682928128,0.0,0.0,76.3529411764706,0.0,0.0,0.0,0.0,16.0,282.0,16.0,0.0,0.0,0.0,0.0,0.0,0.0,0.0,0.0,2
712.0,5.0,0.8051042635630702,0.0,0.0,8.0,2.0,0.6931471805579453,0.0,0.0,71.96153846153847,0.0,0.0,0.0,0.0,4.0,490.0,4.0,0.0,0.0,0.0,0.0,0.0,0.0,0.0,0.0,2
710.0,5.0,1.082528891638378,0.0,0.0,12.0,3.0,1.0986122886651095,0.0,0.0,65.46666666666667,0.0,0.0,0.0,0.0,4.0,708.0,2.0,0.0,0.0,0.0,0.0,0.0,0.0,0.0,0.0,2
714.0,6.0,1.018636366016421,0.0,0.0,10.0,2.0,0.5004024235361879,0.0,0.0,58.13333333333333,0.0,0.0,0.0,0.0,0.0,904.0,0.0,0.0,0.0,0.0,0.0,0.0,0.0,0.0,0.0,1
698.0,6.0,1.1957173925707902,0.0,0.0,12.0,2.0,0.4505612088643047,0.0,0.0,50.05,0.0,0.0,0.0,0.0,8.0,1742.0,6.0,0.0,0.0,0.0,0.0,0.0,0.0,0.0,0.0,2
510.0,1.0,-1.000088900581841e-12,0.0,0.0,6.0,2.0,0.6365141682928128,0.0,0.0,33.18181818181818,0.0,0.0,0.0,0.0,0.0,1874.0,0.0,0.0,0.0,0.0,0.0,0.0,0.0,0.0,0.0,2
600.0,2.0,0.0223403798414835,0.0,0.0,14.0,1.0,-1.000088900581841e-12,0.0,2.0,10.32,0.0,0.0,0.0,0.0,0.0,116.0,0.0,0.0,0.0,0.0,0.0,0.0,0.0,0.0,0.0,2
718.0,3.0,0.7560769755026372,0.0,0.0,62.0,4.0,0.7778027684619591,0.0,12.0,32.06666666666667,0.0,0.0,0.0,0.0,0.0,504.0,0.0,0.0,0.0,0.0,0.0,0.0,0.0,0.0,0.0,2
716.0,4.0,0.7742240601431946,0.0,0.0,38.0,2.0,0.336495757581516,0.0,2.0,46.36666666666667,0.0,0.0,0.0,0.0,0.0,1196.0,0.0,0.0,0.0,0.0,0.0,0.0,0.0,0.0,0.0,2
710.0,3.0,0.2095922682022373,0.0,0.0,48.0,4.0,0.8369882167818357,0.0,8.0,61.53333333333333,0.0,0.0,0.0,0.0,0.0,1140.0,0.0,0.0,0.0,0.0,0.0,0.0,0.0,0.0,0.0,2
710.0,4.0,0.8352299997180783,0.0,0.0,94.0,2.0,0.175975125095627,0.0,48.0,74.6,0.0,0.0,0.0,0.0,0.0,1144.0,0.0,0.0,0.0,0.0,0.0,0.0,0.0,0.0,0.0,2
674.0,5.0,0.8534824506357854,0.0,0.0,44.0,3.0,0.4851045003879404,0.0,0.0,86.0,0.0,0.0,0.0,0.0,0.0,358.0,0.0,0.0,0.0,0.0,0.0,0.0,0.0,0.0,0.0,2
654.0,3.0,0.699473978742832,0.0,0.0,22.0,3.0,0.9949236325687753,0.0,4.0,99.84210526315788,0.0,0.0,0.0,0.0,6.0,326.0,2.0,0.0,0.0,0.0,0.0,0.0,0.0,0.0,0.0,2
716.0,9.0,1.0037958367212727,0.0,0.0,70.0,3.0,0.4816023787908644,0.0,0.0,96.42307692307692,0.0,0.0,0.0,0.0,2.0,1404.0,2.0,0.0,0.0,0.0,0.0,0.0,0.0,0.0,0.0,2
714.0,5.0,0.7995558727750282,0.0,0.0,16.0,2.0,0.5623351446168083,0.0,0.0,90.9,0.0,0.0,0.0,0.0,0.0,1774.0,0.0,0.0,0.0,0.0,0.0,0.0,0.0,0.0,0.0,2
700.0,4.0,0.9658708387761352,0.0,0.0,4.0,1.0,-1.000088900581841e-12,0.0,0.0,85.57894736842105,0.0,0.0,0.0,0.0,6.0,380.0,2.0,0.0,0.0,0.0,0.0,0.0,0.0,0.0,0.0,2
684.0,3.0,0.6659540956918187,0.0,0.0,10.0,3.0,1.054920167983144,0.0,0.0,81.06666666666666,0.0,0.0,0.0,0.0,4.0,222.0,0.0,0.0,0.0,0.0,0.0,0.0,0.0,0.0,0.0,2
686.0,4.0,0.500086954348587,0.0,0.0,26.0,4.0,1.2711814802565795,0.0,0.0,79.0,0.0,0.0,0.0,0.0,12.0,70.0,4.0,0.0,0.0,0.0,0.0,0.0,0.0,0.0,0.0,2
676.0,3.0,0.0564186099104414,0.0,0.0,12.0,2.0,0.6365141682928128,0.0,0.0,77.4,0.0,0.0,0.0,0.0,6.0,26.0,4.0,0.0,0.0,0.0,0.0,0.0,0.0,0.0,0.0,2
704.0,5.0,0.8993189984365575,0.0,0.0,8.0,2.0,0.5623351446168083,0.0,0.0,74.5,0.0,0.0,0.0,0.0,4.0,392.0,0.0,0.0,0.0,0.0,0.0,0.0,0.0,0.0,0.0,2
666.0,1.0,-1.000088900581841e-12,0.0,0.0,14.0,3.0,0.9556998911095343,0.0,0.0,70.0,0.0,0.0,0.0,0.0,0.0,0.0,0.0,0.0,0.0,0.0,0.0,0.0,0.0,0.0,0.0,2
472.0,1.0,-1.000088900581841e-12,0.0,0.0,2.0,1.0,-1.000088900581841e-12,0.0,0.0,67.5,2.0,0.0,0.0,0.0,0.0,0.0,0.0,0.0,0.0,0.0,0.0,0.0,0.0,0.0,0.0,2
266.0,3.0,0.5802095189300029,0.0,0.0,8.0,1.0,-1.000088900581841e-12,0.0,0.0,62.0,0.0,0.0,0.0,0.0,2.0,222.0,2.0,0.0,0.0,0.0,0.0,0.0,0.0,0.0,0.0,2
672.0,2.0,0.5272091454299068,0.0,0.0,8.0,2.0,0.6931471805579453,0.0,0.0,60.0,0.0,0.0,0.0,0.0,2.0,12.0,2.0,0.0,0.0,0.0,0.0,0.0,0.0,0.0,0.0,2
678.0,4.0,1.0415355514663147,0.0,0.0,8.0,1.0,-1.000088900581841e-12,0.0,0.0,58.375,0.0,0.0,0.0,0.0,8.0,74.0,4.0,0.0,0.0,0.0,0.0,0.0,0.0,0.0,0.0,2
700.0,2.0,0.2109459463272588,0.0,0.0,2.0,1.0,-1.000088900581841e-12,0.0,0.0,56.8235294117647,0.0,0.0,0.0,0.0,6.0,8.0,2.0,0.0,0.0,0.0,0.0,0.0,0.0,0.0,0.0,2
692.0,4.0,0.7981871174638471,0.0,0.0,6.0,2.0,0.6365141682928128,0.0,0.0,54.70588235294117,0.0,0.0,0.0,0.0,0.0,308.0,0.0,0.0,0.0,0.0,0.0,0.0,0.0,0.0,0.0,2
674.0,4.0,0.2000685601322785,0.0,0.0,18.0,2.0,0.6869615765953234,0.0,0.0,52.5,0.0,0.0,0.0,0.0,18.0,116.0,12.0,0.0,0.0,0.0,0.0,0.0,0.0,0.0,0.0,2
702.0,4.0,0.7894153236451904,0.0,0.0,28.0,2.0,0.6517565611706533,0.0,12.0,50.3448275862069,0.0,0.0,0.0,0.0,24.0,1432.0,8.0,0.0,0.0,0.0,0.0,0.0,0.0,0.0,0.0,2
670.0,1.0,-1.000088900581841e-12,0.0,0.0,34.0,1.0,-1.000088900581841e-12,0.0,0.0,62.6,0.0,0.0,0.0,0.0,0.0,0.0,0.0,0.0,0.0,0.0,0.0,0.0,0.0,0.0,0.0,2
450.0,1.0,-1.000088900581841e-12,0.0,0.0,32.0,1.0,-1.000088900581841e-12,0.0,0.0,79.96666666666667,0.0,0.0,0.0,0.0,0.0,0.0,0.0,0.0,0.0,0.0,0.0,0.0,0.0,0.0,0.0,2
0.0,0.0,0.0,0.0,0.0,16.0,1.0,-1.000088900581841e-12,0.0,0.0,91.73333333333332,0.0,0.0,0.0,0.0,0.0,0.0,0.0,0.0,0.0,0.0,0.0,0.0,0.0,0.0,0.0,2
0.0,0.0,0.0,0.0,0.0,12.0,1.0,-1.000088900581841e-12,0.0,0.0,99.7,0.0,0.0,0.0,0.0,0.0,0.0,0.0,0.0,0.0,0.0,0.0,0.0,0.0,0.0,0.0,2
0.0,0.0,0.0,0.0,0.0,0.0,0.0,0.0,0.0,0.0,100.0,0.0,0.0,0.0,0.0,0.0,0.0,0.0,0.0,0.0,0.0,0.0,0.0,0.0,0.0,0.0,2
0.0,0.0,0.0,0.0,0.0,0.0,0.0,0.0,0.0,0.0,100.0,0.0,0.0,0.0,0.0,0.0,0.0,0.0,0.0,0.0,0.0,0.0,0.0,0.0,0.0,0.0,2
0.0,0.0,0.0,0.0,0.0,0.0,0.0,0.0,0.0,0.0,100.0,0.0,0.0,0.0,0.0,0.0,0.0,0.0,0.0,0.0,0.0,0.0,0.0,0.0,0.0,0.0,2
0.0,0.0,0.0,0.0,0.0,0.0,0.0,0.0,0.0,0.0,100.0,0.0,0.0,0.0,0.0,0.0,0.0,0.0,0.0,0.0,0.0,0.0,0.0,0.0,0.0,0.0,2
0.0,0.0,0.0,0.0,0.0,0.0,0.0,0.0,0.0,0.0,100.0,0.0,0.0,0.0,0.0,0.0,0.0,0.0,0.0,0.0,0.0,0.0,0.0,0.0,0.0,0.0,2
0.0,0.0,0.0,0.0,0.0,0.0,0.0,0.0,0.0,0.0,100.0,0.0,0.0,0.0,0.0,0.0,0.0,0.0,0.0,0.0,0.0,0.0,0.0,0.0,0.0,0.0,2
0.0,0.0,0.0,0.0,0.0,0.0,0.0,0.0,0.0,0.0,100.0,0.0,0.0,0.0,0.0,0.0,0.0,0.0,0.0,0.0,0.0,0.0,0.0,0.0,0.0,0.0,2
0.0,0.0,0.0,0.0,0.0,0.0,0.0,0.0,0.0,0.0,100.0,0.0,0.0,0.0,0.0,0.0,0.0,0.0,0.0,0.0,0.0,0.0,0.0,0.0,0.0,0.0,2
0.0,0.0,0.0,0.0,0.0,0.0,0.0,0.0,0.0,0.0,100.0,0.0,0.0,0.0,0.0,0.0,0.0,0.0,0.0,0.0,0.0,0.0,0.0,0.0,0.0,0.0,2
0.0,0.0,0.0,0.0,0.0,0.0,0.0,0.0,0.0,0.0,100.0,0.0,0.0,0.0,0.0,0.0,0.0,0.0,0.0,0.0,0.0,0.0,0.0,0.0,0.0,0.0,2
0.0,0.0,0.0,0.0,0.0,2.0,1.0,-1.000088900581841e-12,0.0,0.0,100.0,0.0,0.0,0.0,0.0,0.0,0.0,0.0,0.0,0.0,0.0,0.0,0.0,0.0,0.0,0.0,2
152.0,5.0,1.2083545486455225,0.0,0.0,98.0,13.0,2.106387399347749,0.0,6.0,99.58620689655172,0.0,0.0,0.0,0.0,6.0,366.0,6.0,0.0,0.0,0.0,0.0,0.0,0.0,0.0,0.0,2
710.0,6.0,1.669732817128058,0.0,0.0,156.0,8.0,1.1056613457462632,0.0,0.0,93.93103448275862,0.0,0.0,0.0,0.0,6.0,2876.0,10.0,0.0,0.0,0.0,0.0,0.0,0.0,0.0,0.0,2
708.0,2.0,0.4932721526973782,0.0,0.0,10.0,2.0,0.6730116670072565,0.0,0.0,87.8,0.0,0.0,0.0,0.0,12.0,1800.0,12.0,0.0,0.0,0.0,0.0,0.0,0.0,0.0,0.0,2
708.0,7.0,1.1928597939469472,0.0,0.0,56.0,6.0,1.6575425908733412,0.0,0.0,81.04545454545455,0.0,0.0,0.0,0.0,42.0,1784.0,16.0,0.0,0.0,0.0,0.0,0.0,0.0,0.0,0.0,2
702.0,3.0,0.5695904036330175,0.0,0.0,10.0,3.0,1.054920167983144,0.0,0.0,73.0,0.0,0.0,0.0,0.0,6.0,844.0,6.0,0.0,0.0,0.0,0.0,0.0,0.0,0.0,0.0,2
714.0,1.0,-1.000088900581841e-12,0.0,0.0,4.0,1.0,-1.000088900581841e-12,0.0,0.0,56.5,0.0,0.0,0.0,0.0,0.0,904.0,0.0,0.0,0.0,0.0,0.0,0.0,0.0,0.0,0.0,2
714.0,6.0,1.267713922164666,0.0,0.0,12.0,1.0,-1.000088900581841e-12,0.0,0.0,39.56666666666667,0.0,0.0,0.0,0.0,30.0,1184.0,16.0,0.0,0.0,0.0,0.0,0.0,0.0,0.0,0.0,2
702.0,5.0,1.1730733758125766,0.0,0.0,12.0,2.0,0.6365141682928128,0.0,0.0,32.904761904761905,0.0,0.0,0.0,0.0,12.0,946.0,2.0,0.0,0.0,0.0,0.0,0.0,0.0,0.0,0.0,2
706.0,2.0,0.0861103927473634,0.0,0.0,36.0,4.0,1.223575654134956,0.0,6.0,31.53846153846154,0.0,0.0,0.0,0.0,6.0,42.0,6.0,0.0,0.0,0.0,0.0,0.0,0.0,0.0,0.0,2
710.0,3.0,0.4794180851671801,0.0,0.0,1088.0,5.0,0.3800469250325547,0.0,6.0,45.93333333333333,0.0,0.0,0.0,0.0,6.0,478.0,6.0,0.0,0.0,0.0,0.0,0.0,0.0,0.0,0.0,2
716.0,5.0,0.9845251593399776,0.0,0.0,50.0,5.0,1.276459598969709,0.0,0.0,60.16666666666666,0.0,0.0,0.0,0.0,0.0,518.0,0.0,0.0,0.0,0.0,0.0,0.0,0.0,0.0,0.0,2
716.0,5.0,1.1551702867300435,0.0,0.0,238.0,6.0,0.8791184507747631,0.0,0.0,72.9,0.0,0.0,0.0,0.0,18.0,864.0,0.0,0.0,0.0,0.0,0.0,0.0,0.0,0.0,0.0,2
714.0,3.0,0.6507260779988598,0.0,0.0,42.0,7.0,1.6993255155182154,0.0,0.0,83.53333333333333,0.0,0.0,0.0,0.0,6.0,610.0,4.0,0.0,0.0,0.0,0.0,0.0,0.0,0.0,0.0,2
716.0,4.0,0.9071232396682009,0.0,0.0,164.0,5.0,0.7391963314114487,0.0,0.0,93.33333333333331,0.0,0.0,0.0,0.0,0.0,1142.0,0.0,0.0,0.0,0.0,0.0,0.0,0.0,0.0,0.0,2
714.0,4.0,1.1628067178547905,0.0,0.0,120.0,3.0,0.291139838828965,0.0,0.0,100.0,0.0,0.0,0.0,0.0,18.0,1648.0,6.0,0.0,0.0,0.0,0.0,0.0,0.0,0.0,0.0,2
702.0,3.0,0.7060443713795975,0.0,0.0,14.0,3.0,0.9556998911095343,0.0,0.0,97.70833333333331,0.0,0.0,6.0,6.0,0.0,1860.0,0.0,0.0,0.0,0.0,0.0,0.0,0.0,0.0,0.0,2
698.0,4.0,0.7540963138610026,0.0,0.0,10.0,2.0,0.6730116670072565,0.0,0.0,93.38095238095238,0.0,0.0,0.0,0.0,12.0,1486.0,6.0,0.0,0.0,0.0,0.0,0.0,0.0,0.0,0.0,2
716.0,3.0,0.0384230976174689,0.0,0.0,12.0,4.0,1.3296613488507585,0.0,0.0,89.65384615384616,0.0,0.0,0.0,0.0,6.0,36.0,4.0,0.0,0.0,0.0,0.0,0.0,0.0,0.0,0.0,2
704.0,7.0,0.8521364938141487,0.0,0.0,30.0,6.0,1.7489707507653132,0.0,0.0,85.32,0.0,0.0,0.0,0.0,18.0,608.0,4.0,0.0,0.0,0.0,0.0,0.0,0.0,0.0,0.0,2
690.0,3.0,0.1374697983935502,0.0,0.0,6.0,2.0,0.6365141682928128,0.0,0.0,82.0,0.0,0.0,0.0,0.0,12.0,96.0,6.0,0.0,0.0,0.0,0.0,0.0,0.0,0.0,0.0,2
714.0,6.0,1.2322526641472071,0.0,0.0,62.0,5.0,1.390546187879187,0.0,76.0,80.5,0.0,0.0,0.0,0.0,0.0,362.0,0.0,0.0,0.0,0.0,0.0,0.0,0.0,0.0,0.0,2
718.0,2.0,0.127205531164308,0.0,0.0,12.0,2.0,0.6365141682928128,0.0,0.0,84.13333333333334,0.0,0.0,0.0,0.0,0.0,72.0,0.0,0.0,0.0,0.0,0.0,0.0,0.0,0.0,0.0,2
698.0,4.0,0.5300578666825025,0.0,0.0,40.0,4.0,0.9672604429087744,0.0,8.0,88.10526315789474,0.0,0.0,0.0,0.0,64.0,72.0,16.0,0.0,0.0,0.0,0.0,0.0,0.0,0.0,0.0,2
686.0,5.0,0.7763886660088196,0.0,0.0,24.0,4.0,0.9830877585707856,0.0,0.0,87.33333333333333,0.0,0.0,0.0,0.0,32.0,1262.0,26.0,0.0,0.0,0.0,0.0,0.0,0.0,0.0,0.0,2
674.0,4.0,0.1641592013492621,0.0,0.0,8.0,2.0,0.6931471805579453,0.0,0.0,85.16666666666667,0.0,0.0,0.0,0.0,40.0,126.0,8.0,0.0,0.0,0.0,0.0,0.0,0.0,0.0,0.0,2
446.0,2.0,0.674439464806921,0.0,0.0,18.0,3.0,0.9950269901765214,0.0,0.0,82.11111111111111,0.0,0.0,0.0,0.0,16.0,554.0,14.0,0.0,0.0,0.0,0.0,0.0,0.0,0.0,0.0,2
646.0,6.0,1.149886551340611,0.0,0.0,28.0,3.0,0.992281974849574,0.0,0.0,74.23809523809524,0.0,0.0,0.0,0.0,14.0,954.0,6.0,0.0,0.0,0.0,0.0,0.0,0.0,0.0,0.0,2
686.0,4.0,1.0690684743314256,0.0,0.0,18.0,3.0,0.9950269901765214,0.0,0.0,69.5,0.0,0.0,0.0,0.0,10.0,128.0,6.0,0.0,0.0,0.0,0.0,0.0,0.0,0.0,0.0,2
710.0,4.0,0.9795761264863656,0.0,0.0,12.0,1.0,-1.000088900581841e-12,0.0,0.0,64.6086956521739,0.0,0.0,0.0,0.0,12.0,446.0,6.0,0.0,0.0,0.0,0.0,0.0,0.0,0.0,0.0,2
718.0,3.0,0.1040780134827761,0.0,0.0,12.0,2.0,0.6365141682928128,0.0,0.0,59.03333333333333,0.0,0.0,0.0,0.0,4.0,974.0,4.0,0.0,0.0,0.0,0.0,0.0,0.0,0.0,0.0,2
688.0,3.0,0.705813498597226,0.0,0.0,28.0,2.0,0.2573186405418316,0.0,4.0,57.3,0.0,0.0,0.0,0.0,0.0,528.0,0.0,0.0,0.0,0.0,0.0,0.0,0.0,0.0,0.0,2
666.0,1.0,-1.000088900581841e-12,0.0,0.0,36.0,1.0,-1.000088900581841e-12,0.0,0.0,73.43333333333334,0.0,0.0,0.0,0.0,0.0,0.0,0.0,0.0,0.0,0.0,0.0,0.0,0.0,0.0,0.0,2
290.0,1.0,-1.000088900581841e-12,0.0,0.0,28.0,1.0,-1.000088900581841e-12,0.0,0.0,90.36666666666666,0.0,0.0,0.0,0.0,0.0,0.0,0.0,0.0,0.0,0.0,0.0,0.0,0.0,0.0,0.0,2
0.0,0.0,0.0,0.0,0.0,10.0,1.0,-1.000088900581841e-12,0.0,0.0,99.4,0.0,0.0,0.0,0.0,0.0,0.0,0.0,0.0,0.0,0.0,0.0,0.0,0.0,0.0,0.0,2
0.0,0.0,0.0,0.0,0.0,0.0,0.0,0.0,0.0,0.0,100.0,0.0,0.0,0.0,0.0,0.0,0.0,0.0,0.0,0.0,0.0,0.0,0.0,0.0,0.0,0.0,2
0.0,0.0,0.0,0.0,0.0,0.0,0.0,0.0,0.0,0.0,100.0,0.0,0.0,0.0,0.0,0.0,0.0,0.0,0.0,0.0,0.0,0.0,0.0,0.0,0.0,0.0,2
0.0,0.0,0.0,0.0,0.0,0.0,0.0,0.0,0.0,0.0,100.0,0.0,0.0,0.0,0.0,0.0,0.0,0.0,0.0,0.0,0.0,0.0,0.0,0.0,0.0,0.0,2
0.0,0.0,0.0,0.0,0.0,0.0,0.0,0.0,0.0,0.0,100.0,0.0,0.0,0.0,0.0,0.0,0.0,0.0,0.0,0.0,0.0,0.0,0.0,0.0,0.0,0.0,2
0.0,0.0,0.0,0.0,0.0,0.0,0.0,0.0,0.0,0.0,100.0,0.0,0.0,0.0,0.0,0.0,0.0,0.0,0.0,0.0,0.0,0.0,0.0,0.0,0.0,0.0,2
0.0,0.0,0.0,0.0,0.0,0.0,0.0,0.0,0.0,0.0,100.0,0.0,0.0,0.0,0.0,0.0,0.0,0.0,0.0,0.0,0.0,0.0,0.0,0.0,0.0,0.0,2
0.0,0.0,0.0,0.0,0.0,0.0,0.0,0.0,0.0,0.0,100.0,0.0,0.0,0.0,0.0,0.0,0.0,0.0,0.0,0.0,0.0,0.0,0.0,0.0,0.0,0.0,2
0.0,0.0,0.0,0.0,0.0,0.0,0.0,0.0,0.0,0.0,100.0,0.0,0.0,0.0,0.0,0.0,0.0,0.0,0.0,0.0,0.0,0.0,0.0,0.0,0.0,0.0,2
0.0,0.0,0.0,0.0,0.0,0.0,0.0,0.0,0.0,0.0,100.0,0.0,0.0,0.0,0.0,0.0,0.0,0.0,0.0,0.0,0.0,0.0,0.0,0.0,0.0,0.0,2
0.0,0.0,0.0,0.0,0.0,0.0,0.0,0.0,0.0,0.0,100.0,0.0,0.0,0.0,0.0,0.0,0.0,0.0,0.0,0.0,0.0,0.0,0.0,0.0,0.0,0.0,2
0.0,0.0,0.0,0.0,0.0,4.0,1.0,-1.000088900581841e-12,0.0,0.0,100.0,0.0,0.0,0.0,0.0,0.0,0.0,0.0,0.0,0.0,0.0,0.0,0.0,0.0,0.0,0.0,2
698.0,7.0,1.325106533425256,0.0,0.0,144.0,10.0,1.8019844563428555,0.0,0.0,97.06896551724138,0.0,2.0,2.0,4.0,2.0,1350.0,2.0,0.0,0.0,0.0,0.0,0.0,0.0,0.0,0.0,2
712.0,7.0,1.42392709022222,0.0,0.0,118.0,6.0,1.1825193972057002,0.0,0.0,91.52,0.0,2.0,4.0,6.0,2.0,1508.0,2.0,0.0,0.0,0.0,0.0,0.0,0.0,0.0,0.0,2
702.0,5.0,0.4926074199814571,0.0,0.0,56.0,7.0,1.6275426029552242,0.0,0.0,83.6896551724138,0.0,0.0,0.0,0.0,4.0,1458.0,2.0,0.0,0.0,0.0,0.0,0.0,0.0,0.0,0.0,2
716.0,4.0,0.5389712472790456,0.0,0.0,14.0,3.0,0.9556998911095343,0.0,0.0,77.6923076923077,0.0,0.0,0.0,0.0,2.0,1910.0,2.0,0.0,0.0,0.0,0.0,0.0,0.0,0.0,0.0,2
704.0,6.0,1.5446048190201551,0.0,0.0,40.0,4.0,1.2206072645490174,0.0,0.0,73.29166666666667,0.0,0.0,0.0,0.0,4.0,1034.0,4.0,0.0,0.0,0.0,0.0,0.0,0.0,0.0,0.0,2
670.0,2.0,0.3832537699210919,0.0,0.0,30.0,4.0,1.1944530063193568,0.0,2.0,69.25,0.0,0.0,0.0,0.0,4.0,60.0,2.0,0.0,0.0,0.0,0.0,0.0,0.0,0.0,0.0,2
690.0,6.0,1.032840119382268,0.0,0.0,198.0,6.0,0.800910417887233,0.0,0.0,71.5,0.0,0.0,0.0,0.0,0.0,366.0,0.0,0.0,0.0,0.0,0.0,0.0,0.0,0.0,0.0,2
704.0,6.0,1.0087056261422085,0.0,0.0,22.0,2.0,0.4741393130558373,0.0,0.0,67.47619047619048,0.0,0.0,0.0,0.0,2.0,582.0,2.0,0.0,0.0,0.0,0.0,0.0,0.0,0.0,0.0,2
716.0,5.0,1.1558972510087486,0.0,0.0,50.0,2.0,0.2787693717665874,0.0,0.0,56.23333333333333,0.0,0.0,0.0,0.0,0.0,1542.0,0.0,0.0,0.0,0.0,0.0,0.0,0.0,0.0,0.0,2
574.0,3.0,0.2725771035658531,0.0,0.0,8.0,2.0,0.6931471805579453,0.0,0.0,36.0,0.0,0.0,0.0,0.0,2.0,236.0,2.0,0.0,0.0,0.0,0.0,0.0,0.0,0.0,0.0,2
716.0,4.0,1.0727829422234842,0.0,0.0,38.0,5.0,1.04354790709619,0.0,0.0,37.833333333333336,0.0,0.0,0.0,0.0,0.0,422.0,0.0,0.0,0.0,0.0,0.0,0.0,0.0,0.0,0.0,2
714.0,5.0,0.8568417577177388,0.0,0.0,62.0,5.0,1.3756116038460788,0.0,4.0,48.13333333333333,0.0,0.0,0.0,0.0,4.0,706.0,4.0,0.0,0.0,0.0,0.0,0.0,0.0,0.0,0.0,2
716.0,4.0,0.8124040624687645,0.0,0.0,36.0,5.0,1.193942253216623,0.0,16.0,51.96666666666667,0.0,0.0,0.0,0.0,8.0,578.0,4.0,0.0,0.0,0.0,0.0,0.0,0.0,0.0,0.0,2
708.0,5.0,0.7747973660422253,0.0,0.0,50.0,5.0,1.4723190911303297,0.0,16.0,56.86206896551724,0.0,0.0,0.0,0.0,4.0,1698.0,4.0,0.0,0.0,0.0,0.0,0.0,0.0,0.0,0.0,2
668.0,1.0,-1.000088900581841e-12,0.0,0.0,38.0,6.0,1.3378296101396876,0.0,0.0,60.16666666666666,0.0,0.0,0.0,0.0,0.0,0.0,0.0,0.0,0.0,0.0,0.0,0.0,0.0,0.0,0.0,2
702.0,2.0,0.5224734436346115,0.0,0.0,38.0,9.0,1.880594517294501,0.0,0.0,67.86666666666666,0.0,0.0,0.0,0.0,8.0,494.0,2.0,0.0,0.0,0.0,0.0,0.0,0.0,0.0,0.0,2
676.0,6.0,0.9628394636587512,0.0,0.0,100.0,6.0,0.9047205005003284,0.0,4.0,61.88461538461539,0.0,0.0,0.0,0.0,8.0,1118.0,2.0,0.0,0.0,0.0,0.0,0.0,0.0,0.0,0.0,2
670.0,2.0,0.3015006413301554,0.0,0.0,18.0,3.0,0.6837389058457535,0.0,4.0,65.0,0.0,0.0,0.0,0.0,4.0,30.0,4.0,0.0,0.0,0.0,0.0,0.0,0.0,0.0,0.0,2
714.0,7.0,1.5393067450547089,0.0,0.0,58.0,5.0,1.1683461537223372,0.0,32.0,68.7,0.0,0.0,0.0,0.0,0.0,624.0,0.0,0.0,0.0,0.0,0.0,0.0,0.0,0.0,0.0,2
698.0,5.0,1.1761464393180354,0.0,0.0,222.0,3.0,0.6765285239944911,0.0,72.0,72.2,0.0,0.0,0.0,0.0,8.0,1262.0,2.0,0.0,0.0,0.0,0.0,0.0,0.0,0.0,0.0,2
698.0,5.0,0.9637193033298312,0.0,0.0,30.0,3.0,0.8608513906282317,0.0,20.0,73.65517241379311,0.0,0.0,0.0,0.0,0.0,1282.0,0.0,0.0,0.0,0.0,0.0,0.0,0.0,0.0,0.0,2
710.0,4.0,0.7394352623810152,0.0,0.0,50.0,3.0,0.6350047569370392,0.0,18.0,81.96551724137932,0.0,0.0,0.0,0.0,0.0,2458.0,0.0,0.0,0.0,0.0,0.0,0.0,0.0,0.0,0.0,2
696.0,2.0,0.2279152755322624,0.0,0.0,38.0,6.0,1.116510768206763,0.0,0.0,98.93333333333334,0.0,0.0,0.0,0.0,6.0,74.0,0.0,0.0,0.0,0.0,0.0,0.0,0.0,0.0,0.0,2
712.0,8.0,1.3265868205690416,0.0,0.0,164.0,7.0,0.6447067858863477,0.0,6.0,100.0,0.0,6.0,6.0,12.0,24.0,866.0,10.0,0.0,0.0,0.0,0.0,0.0,0.0,0.0,0.0,2
706.0,2.0,0.4733637220884868,0.0,0.0,6.0,1.0,-1.000088900581841e-12,0.0,0.0,96.95454545454544,0.0,0.0,0.0,0.0,18.0,812.0,10.0,0.0,0.0,0.0,0.0,0.0,0.0,0.0,0.0,2
696.0,4.0,0.9486888744560844,0.0,0.0,6.0,1.0,-1.000088900581841e-12,0.0,0.0,92.05882352941175,0.0,0.0,0.0,0.0,12.0,556.0,2.0,0.0,0.0,0.0,0.0,0.0,0.0,0.0,0.0,2
688.0,4.0,0.7345856183698868,0.0,0.0,22.0,4.0,1.2882523050189003,0.0,0.0,89.7,0.0,0.0,0.0,0.0,36.0,578.0,16.0,0.0,0.0,0.0,0.0,0.0,0.0,0.0,0.0,2
690.0,3.0,0.2626114376918823,0.0,0.0,8.0,1.0,-1.000088900581841e-12,0.0,0.0,87.2,0.0,0.0,0.0,0.0,30.0,94.0,10.0,0.0,0.0,0.0,0.0,0.0,0.0,0.0,0.0,2
676.0,2.0,0.0362540490054078,0.0,0.0,14.0,3.0,1.0789922078745835,0.0,0.0,86.0,0.0,0.0,0.0,0.0,8.0,78.0,6.0,0.0,0.0,0.0,0.0,0.0,0.0,0.0,0.0,2
684.0,4.0,0.7276153775461862,0.0,0.0,40.0,6.0,1.6094379124281004,0.0,0.0,84.5,0.0,0.0,0.0,0.0,72.0,464.0,24.0,0.0,0.0,0.0,0.0,0.0,0.0,0.0,0.0,2
716.0,7.0,0.7590766571792226,0.0,0.0,2.0,1.0,-1.000088900581841e-12,0.0,0.0,79.65384615384616,0.0,0.0,0.0,0.0,8.0,2458.0,4.0,0.0,0.0,0.0,0.0,0.0,0.0,0.0,0.0,2
706.0,5.0,0.7786010338649465,0.0,0.0,14.0,2.0,0.410116318286409,0.0,16.0,75.1,0.0,0.0,0.0,0.0,8.0,2128.0,0.0,0.0,0.0,0.0,0.0,0.0,0.0,0.0,0.0,2
676.0,1.0,-1.000088900581841e-12,0.0,0.0,30.0,1.0,-1.000088900581841e-12,0.0,0.0,84.6,0.0,0.0,0.0,0.0,0.0,0.0,0.0,0.0,0.0,0.0,0.0,0.0,0.0,0.0,0.0,2
520.0,1.0,-1.000088900581841e-12,0.0,0.0,20.0,1.0,-1.000088900581841e-12,0.0,0.0,96.06666666666666,0.0,0.0,0.0,0.0,0.0,0.0,0.0,0.0,0.0,0.0,0.0,0.0,0.0,0.0,0.0,2
0.0,0.0,0.0,0.0,0.0,8.0,2.0,0.5623351446168083,0.0,0.0,100.0,0.0,0.0,0.0,0.0,0.0,0.0,0.0,0.0,0.0,0.0,0.0,0.0,0.0,0.0,0.0,2
0.0,0.0,0.0,0.0,0.0,0.0,0.0,0.0,0.0,0.0,100.0,0.0,0.0,0.0,0.0,0.0,0.0,0.0,0.0,0.0,0.0,0.0,0.0,0.0,0.0,0.0,2
0.0,0.0,0.0,0.0,0.0,0.0,0.0,0.0,0.0,0.0,100.0,0.0,0.0,0.0,0.0,0.0,0.0,0.0,0.0,0.0,0.0,0.0,0.0,0.0,0.0,0.0,2
0.0,0.0,0.0,0.0,0.0,0.0,0.0,0.0,0.0,0.0,100.0,0.0,0.0,0.0,0.0,0.0,0.0,0.0,0.0,0.0,0.0,0.0,0.0,0.0,0.0,0.0,2
0.0,0.0,0.0,0.0,0.0,0.0,0.0,0.0,0.0,0.0,100.0,0.0,0.0,0.0,0.0,0.0,0.0,0.0,0.0,0.0,0.0,0.0,0.0,0.0,0.0,0.0,2
0.0,0.0,0.0,0.0,0.0,0.0,0.0,0.0,0.0,0.0,100.0,0.0,0.0,0.0,0.0,0.0,0.0,0.0,0.0,0.0,0.0,0.0,0.0,0.0,0.0,0.0,2
0.0,0.0,0.0,0.0,0.0,0.0,0.0,0.0,0.0,0.0,100.0,0.0,0.0,0.0,0.0,0.0,0.0,0.0,0.0,0.0,0.0,0.0,0.0,0.0,0.0,0.0,2
0.0,0.0,0.0,0.0,0.0,0.0,0.0,0.0,0.0,0.0,100.0,0.0,0.0,0.0,0.0,0.0,0.0,0.0,0.0,0.0,0.0,0.0,0.0,0.0,0.0,0.0,2
234.0,1.0,-1.000088900581841e-12,0.0,0.0,12.0,1.0,-1.000088900581841e-12,0.0,0.0,100.0,0.0,0.0,0.0,0.0,8.0,0.0,0.0,0.0,0.0,0.0,0.0,0.0,0.0,0.0,0.0,2
708.0,1.0,-1.000088900581841e-12,0.0,0.0,0.0,0.0,0.0,0.0,0.0,100.0,0.0,0.0,0.0,0.0,0.0,0.0,0.0,0.0,0.0,0.0,0.0,0.0,0.0,0.0,0.0,2
474.0,1.0,-1.000088900581841e-12,0.0,0.0,0.0,0.0,0.0,0.0,0.0,100.0,0.0,0.0,0.0,0.0,0.0,0.0,0.0,0.0,0.0,0.0,0.0,0.0,0.0,0.0,0.0,2
0.0,0.0,0.0,0.0,0.0,4.0,1.0,-1.000088900581841e-12,0.0,0.0,100.0,0.0,0.0,0.0,0.0,0.0,0.0,0.0,0.0,0.0,0.0,0.0,0.0,0.0,0.0,0.0,2
696.0,7.0,1.122417379988133,0.0,0.0,144.0,14.0,1.9230287607227152,0.0,0.0,97.1,0.0,0.0,0.0,0.0,16.0,3402.0,8.0,0.0,0.0,0.0,0.0,0.0,0.0,0.0,0.0,2
706.0,5.0,1.1223724912389017,0.0,0.0,30.0,5.0,1.494365083448388,0.0,0.0,92.66666666666669,0.0,0.0,0.0,0.0,16.0,1440.0,6.0,0.0,0.0,0.0,0.0,0.0,0.0,0.0,0.0,2
688.0,1.0,-1.000088900581841e-12,0.0,0.0,2.0,1.0,-1.000088900581841e-12,0.0,0.0,90.16666666666669,0.0,0.0,0.0,0.0,16.0,0.0,0.0,0.0,0.0,0.0,0.0,0.0,0.0,0.0,0.0,2
512.0,3.0,0.2494390894815425,0.0,0.0,22.0,3.0,0.7595473914718636,0.0,0.0,89.16666666666667,6.0,0.0,0.0,0.0,16.0,106.0,8.0,0.0,0.0,0.0,0.0,0.0,0.0,0.0,0.0,2
708.0,5.0,0.8153784287709476,0.0,0.0,56.0,7.0,1.6170560615186205,0.0,0.0,84.64,0.0,0.0,0.0,0.0,8.0,1300.0,8.0,0.0,0.0,0.0,0.0,0.0,0.0,0.0,0.0,2
702.0,5.0,0.5217783534451574,0.0,0.0,14.0,4.0,1.277034259462139,0.0,0.0,79.14285714285714,0.0,0.0,0.0,0.0,16.0,414.0,14.0,0.0,0.0,0.0,0.0,0.0,0.0,0.0,0.0,2
710.0,7.0,1.206456803320893,0.0,0.0,32.0,4.0,1.2554823251747536,0.0,0.0,75.2,0.0,0.0,0.0,0.0,0.0,954.0,0.0,0.0,0.0,0.0,0.0,0.0,0.0,0.0,0.0,2
704.0,1.0,-1.000088900581841e-12,0.0,0.0,8.0,1.0,-1.000088900581841e-12,0.0,0.0,65.2,0.0,0.0,0.0,0.0,0.0,1388.0,0.0,0.0,0.0,0.0,0.0,0.0,0.0,0.0,0.0,2
702.0,1.0,-1.000088900581841e-12,0.0,0.0,8.0,1.0,-1.000088900581841e-12,0.0,0.0,50.6,0.0,0.0,0.0,0.0,0.0,1040.0,0.0,0.0,0.0,0.0,0.0,0.0,0.0,0.0,0.0,2
592.0,3.0,0.5607681470038035,0.0,0.0,0.0,0.0,0.0,0.0,6.0,30.68,0.0,0.0,0.0,0.0,0.0,764.0,0.0,0.0,0.0,0.0,0.0,0.0,0.0,0.0,0.0,2
0.0,0.0,0.0,0.0,0.0,0.0,0.0,0.0,0.0,30.0,0.0,0.0,0.0,0.0,0.0,0.0,836.0,0.0,0.0,0.0,0.0,0.0,0.0,0.0,0.0,0.0,2
714.0,3.0,0.5089141822005572,0.0,0.0,46.0,6.0,1.3616219726029766,0.0,0.0,27.33333333333333,0.0,0.0,0.0,0.0,0.0,418.0,0.0,0.0,0.0,0.0,0.0,0.0,0.0,0.0,0.0,2
718.0,4.0,0.9716814338242726,0.0,0.0,92.0,4.0,0.9099146312973974,0.0,20.0,40.56666666666667,0.0,0.0,0.0,0.0,10.0,690.0,6.0,0.0,0.0,0.0,0.0,0.0,0.0,0.0,0.0,2
712.0,6.0,0.6561033753813412,0.0,0.0,142.0,3.0,0.784194523470586,0.0,40.0,50.89655172413793,0.0,0.0,0.0,0.0,0.0,1752.0,0.0,0.0,0.0,0.0,0.0,0.0,0.0,0.0,0.0,2
712.0,4.0,0.741603061754321,0.0,0.0,200.0,2.0,0.098039113277732,0.0,0.0,50.63333333333333,0.0,0.0,0.0,0.0,0.0,5482.0,0.0,0.0,0.0,0.0,0.0,0.0,0.0,0.0,0.0,2
694.0,3.0,0.5882262475973695,0.0,0.0,358.0,5.0,0.3209113564546094,0.0,46.0,43.833333333333336,0.0,0.0,0.0,0.0,0.0,3314.0,0.0,0.0,0.0,0.0,0.0,0.0,0.0,0.0,0.0,2
670.0,3.0,0.7271984414345615,0.0,0.0,54.0,6.0,1.3420419510843125,0.0,0.0,51.689655172413794,0.0,0.0,0.0,0.0,16.0,90.0,4.0,0.0,0.0,0.0,0.0,0.0,0.0,0.0,0.0,2
676.0,3.0,0.1533925617127338,0.0,0.0,48.0,7.0,1.545422903186594,0.0,16.0,61.53333333333333,0.0,0.0,0.0,0.0,32.0,222.0,10.0,0.0,0.0,0.0,0.0,0.0,0.0,0.0,0.0,2
692.0,6.0,1.4831183604272429,0.0,0.0,50.0,5.0,1.276459598969709,0.0,258.0,66.82758620689656,0.0,0.0,0.0,0.0,32.0,1930.0,36.0,0.0,0.0,0.0,0.0,0.0,0.0,0.0,0.0,2
718.0,4.0,1.179015466384954,0.0,0.0,12.0,1.0,-1.000088900581841e-12,0.0,20.0,71.96666666666667,0.0,0.0,0.0,0.0,0.0,1248.0,0.0,0.0,0.0,0.0,0.0,0.0,0.0,0.0,0.0,2
718.0,2.0,0.0611859185468578,0.0,0.0,10.0,3.0,1.054920167983144,0.0,0.0,74.53333333333333,0.0,0.0,0.0,0.0,0.0,260.0,0.0,0.0,0.0,0.0,0.0,0.0,0.0,0.0,0.0,2
716.0,5.0,0.7712628206878585,0.0,0.0,44.0,2.0,0.4741393130558373,0.0,60.0,81.36666666666666,0.0,0.0,0.0,0.0,0.0,992.0,0.0,0.0,0.0,0.0,0.0,0.0,0.0,0.0,0.0,2
714.0,6.0,1.227688810586644,0.0,0.0,62.0,1.0,-1.000088900581841e-12,0.0,240.0,95.86666666666666,0.0,0.0,0.0,0.0,0.0,1858.0,0.0,0.0,0.0,0.0,0.0,0.0,0.0,0.0,0.0,2
708.0,6.0,1.0206954400124375,0.0,0.0,30.0,6.0,1.7489707507653134,0.0,0.0,98.16666666666669,0.0,0.0,0.0,0.0,0.0,1228.0,0.0,0.0,0.0,0.0,0.0,0.0,0.0,0.0,0.0,2
702.0,6.0,1.1760585447562348,0.0,0.0,10.0,1.0,-1.000088900581841e-12,0.0,0.0,96.0,0.0,0.0,0.0,0.0,120.0,3212.0,18.0,0.0,0.0,0.0,0.0,0.0,0.0,0.0,0.0,2
676.0,2.0,0.3515576810831993,0.0,0.0,10.0,1.0,-1.000088900581841e-12,0.0,0.0,95.0,0.0,0.0,0.0,0.0,120.0,216.0,26.0,0.0,0.0,0.0,0.0,0.0,0.0,0.0,0.0,2
422.0,2.0,0.5419538637344128,0.0,0.0,10.0,3.0,1.054920167983144,0.0,0.0,90.0,0.0,0.0,0.0,0.0,0.0,1206.0,0.0,0.0,0.0,0.0,0.0,0.0,0.0,0.0,0.0,2
718.0,4.0,0.693062054407103,0.0,0.0,18.0,3.0,0.8486855577234171,0.0,0.0,83.13333333333334,0.0,0.0,0.0,0.0,0.0,1178.0,0.0,0.0,0.0,0.0,0.0,0.0,0.0,0.0,0.0,2
688.0,6.0,1.4932784314462673,0.0,0.0,14.0,1.0,-1.000088900581841e-12,0.0,0.0,76.17647058823529,0.0,0.0,0.0,0.0,10.0,1142.0,6.0,0.0,0.0,0.0,0.0,0.0,0.0,0.0,0.0,2
676.0,3.0,0.252328447893095,0.0,0.0,6.0,2.0,0.6365141682928128,0.0,0.0,71.33333333333333,0.0,0.0,0.0,0.0,6.0,110.0,2.0,0.0,0.0,0.0,0.0,0.0,0.0,0.0,0.0,2
718.0,1.0,-1.000088900581841e-12,0.0,0.0,0.0,0.0,0.0,0.0,0.0,65.93333333333334,0.0,0.0,0.0,0.0,0.0,476.0,0.0,0.0,0.0,0.0,0.0,0.0,0.0,0.0,0.0,2
680.0,1.0,-1.000088900581841e-12,0.0,0.0,8.0,2.0,0.6931471805579453,0.0,0.0,57.7,0.0,0.0,0.0,0.0,0.0,638.0,0.0,0.0,0.0,0.0,0.0,0.0,0.0,0.0,0.0,2
166.0,3.0,0.5528329869552776,0.0,0.0,20.0,3.0,1.0296530140615736,0.0,6.0,50.3,0.0,0.0,0.0,0.0,4.0,672.0,2.0,0.0,0.0,0.0,0.0,0.0,0.0,0.0,0.0,2
670.0,1.0,-1.000088900581841e-12,0.0,0.0,10.0,1.0,-1.000088900581841e-12,0.0,0.0,51.266666666666666,0.0,0.0,0.0,0.0,0.0,0.0,0.0,0.0,0.0,0.0,0.0,0.0,0.0,0.0,0.0,2
562.0,1.0,-1.000088900581841e-12,0.0,0.0,10.0,1.0,-1.000088900581841e-12,0.0,0.0,56.6,0.0,0.0,0.0,0.0,0.0,0.0,0.0,0.0,0.0,0.0,0.0,0.0,0.0,0.0,0.0,2
0.0,0.0,0.0,0.0,0.0,10.0,1.0,-1.000088900581841e-12,0.0,0.0,62.0,0.0,0.0,0.0,0.0,0.0,0.0,0.0,0.0,0.0,0.0,0.0,0.0,0.0,0.0,0.0,2
0.0,0.0,0.0,0.0,0.0,8.0,1.0,-1.000088900581841e-12,0.0,0.0,66.03333333333333,0.0,0.0,0.0,0.0,0.0,0.0,0.0,0.0,0.0,0.0,0.0,0.0,0.0,0.0,0.0,2
0.0,0.0,0.0,0.0,0.0,16.0,2.0,0.6615632381559821,0.0,0.0,70.26666666666667,0.0,0.0,0.0,0.0,0.0,0.0,0.0,0.0,0.0,0.0,0.0,0.0,0.0,0.0,0.0,2
0.0,0.0,0.0,0.0,0.0,8.0,1.0,-1.000088900581841e-12,0.0,0.0,74.9,0.0,0.0,0.0,0.0,0.0,0.0,0.0,0.0,0.0,0.0,0.0,0.0,0.0,0.0,0.0,2
0.0,0.0,0.0,0.0,0.0,10.0,1.0,-1.000088900581841e-12,0.0,0.0,79.55172413793103,0.0,0.0,0.0,0.0,0.0,0.0,0.0,0.0,0.0,0.0,0.0,0.0,0.0,0.0,0.0,2
0.0,0.0,0.0,0.0,0.0,12.0,2.0,0.4505612088643047,0.0,0.0,84.33333333333333,0.0,0.0,0.0,0.0,0.0,0.0,0.0,0.0,0.0,0.0,0.0,0.0,0.0,0.0,0.0,2
0.0,0.0,0.0,0.0,0.0,30.0,1.0,-1.000088900581841e-12,0.0,0.0,88.66666666666667,0.0,0.0,0.0,0.0,0.0,0.0,0.0,0.0,0.0,0.0,0.0,0.0,0.0,0.0,0.0,2
0.0,0.0,0.0,0.0,0.0,4.0,1.0,-1.000088900581841e-12,0.0,0.0,100.0,0.0,0.0,0.0,0.0,0.0,0.0,0.0,0.0,0.0,0.0,0.0,0.0,0.0,0.0,0.0,2
0.0,0.0,0.0,0.0,0.0,0.0,0.0,0.0,0.0,0.0,100.0,0.0,0.0,0.0,0.0,0.0,0.0,0.0,0.0,0.0,0.0,0.0,0.0,0.0,0.0,0.0,2
0.0,0.0,0.0,0.0,0.0,0.0,0.0,0.0,0.0,0.0,100.0,0.0,0.0,0.0,0.0,0.0,0.0,0.0,0.0,0.0,0.0,0.0,0.0,0.0,0.0,0.0,2
236.0,1.0,-1.000088900581841e-12,0.0,0.0,12.0,1.0,-1.000088900581841e-12,0.0,0.0,100.0,0.0,0.0,0.0,0.0,2.0,0.0,0.0,0.0,0.0,0.0,0.0,0.0,0.0,0.0,0.0,2
708.0,1.0,-1.000088900581841e-12,0.0,0.0,4.0,1.0,-1.000088900581841e-12,0.0,0.0,100.0,0.0,0.0,0.0,0.0,0.0,0.0,0.0,0.0,0.0,0.0,0.0,0.0,0.0,0.0,0.0,2
666.0,10.0,1.7769962760758382,0.0,0.0,262.0,16.0,1.991187898101641,0.0,0.0,98.5,0.0,0.0,0.0,0.0,8.0,902.0,2.0,0.0,0.0,0.0,0.0,0.0,0.0,0.0,0.0,2
710.0,3.0,0.7418979923859998,0.0,0.0,32.0,4.0,1.245016889248439,0.0,0.0,91.8076923076923,0.0,0.0,0.0,0.0,6.0,1080.0,4.0,0.0,0.0,0.0,0.0,0.0,0.0,0.0,0.0,2
690.0,3.0,0.3284124069235779,0.0,0.0,24.0,2.0,0.4505612088643047,0.0,0.0,86.16666666666667,0.0,0.0,0.0,0.0,10.0,324.0,10.0,0.0,0.0,0.0,0.0,0.0,0.0,0.0,0.0,2
716.0,6.0,0.94457528695447,0.0,0.0,24.0,4.0,1.3086053872494494,0.0,0.0,82.42307692307692,0.0,0.0,0.0,0.0,2.0,330.0,2.0,0.0,0.0,0.0,0.0,0.0,0.0,0.0,0.0,2
718.0,3.0,0.7039576427945745,0.0,0.0,16.0,3.0,0.9743147528663494,0.0,0.0,78.2,0.0,0.0,0.0,0.0,0.0,424.0,0.0,0.0,0.0,0.0,0.0,0.0,0.0,0.0,0.0,2
684.0,4.0,1.0455150153211474,0.0,0.0,34.0,5.0,1.3853603777825552,0.0,2.0,74.93333333333334,0.0,0.0,0.0,0.0,10.0,242.0,6.0,0.0,0.0,0.0,0.0,0.0,0.0,0.0,0.0,2
714.0,3.0,0.7465251652065887,0.0,0.0,32.0,5.0,1.3862943611148906,0.0,0.0,78.03333333333333,0.0,0.0,0.0,0.0,2.0,418.0,2.0,0.0,0.0,0.0,0.0,0.0,0.0,0.0,0.0,2
694.0,7.0,1.3713116781489654,0.0,0.0,94.0,5.0,0.8010407230736641,0.0,0.0,70.36,0.0,0.0,0.0,0.0,4.0,862.0,2.0,0.0,0.0,0.0,0.0,0.0,0.0,0.0,0.0,2
700.0,4.0,0.7822900932367812,0.0,0.0,20.0,4.0,1.3321790402061222,0.0,0.0,61.05555555555556,0.0,0.0,0.0,0.0,2.0,1440.0,2.0,0.0,0.0,0.0,0.0,0.0,0.0,0.0,0.0,2
700.0,4.0,0.5682566503016284,0.0,0.0,66.0,6.0,1.5123374536808194,0.0,2.0,46.32142857142857,0.0,0.0,0.0,0.0,4.0,488.0,0.0,0.0,0.0,0.0,0.0,0.0,0.0,0.0,0.0,2
708.0,5.0,0.8902212596393354,0.0,0.0,242.0,8.0,1.3607678537598191,0.0,0.0,46.56666666666667,0.0,0.0,0.0,0.0,8.0,300.0,4.0,0.0,0.0,0.0,0.0,0.0,0.0,0.0,0.0,2
718.0,1.0,-1.000088900581841e-12,0.0,0.0,22.0,1.0,-1.000088900581841e-12,0.0,0.0,60.13333333333333,0.0,0.0,0.0,0.0,0.0,1134.0,0.0,0.0,0.0,0.0,0.0,0.0,0.0,0.0,0.0,2
520.0,1.0,-1.000088900581841e-12,0.0,0.0,30.0,3.0,0.7647544195644197,0.0,2.0,68.66666666666667,0.0,0.0,0.0,0.0,0.0,982.0,0.0,0.0,0.0,0.0,0.0,0.0,0.0,0.0,0.0,2
564.0,2.0,0.1413367827037732,0.0,0.0,30.0,3.0,0.8608513906282316,0.0,0.0,79.06666666666666,0.0,0.0,0.0,0.0,0.0,318.0,0.0,0.0,0.0,0.0,0.0,0.0,0.0,0.0,0.0,2
718.0,3.0,0.082728409442158,0.0,0.0,14.0,2.0,0.5982695885832573,0.0,0.0,86.8,0.0,0.0,0.0,0.0,0.0,802.0,0.0,0.0,0.0,0.0,0.0,0.0,0.0,0.0,0.0,2
716.0,5.0,1.1337472182771682,0.0,0.0,38.0,3.0,0.9097077103244986,0.0,0.0,97.66666666666669,0.0,0.0,0.0,0.0,2.0,836.0,2.0,0.0,0.0,0.0,0.0,0.0,0.0,0.0,0.0,2
708.0,3.0,0.0542622837589134,0.0,0.0,38.0,5.0,1.264332376779249,0.0,0.0,95.8,0.0,0.0,0.0,0.0,0.0,1424.0,0.0,0.0,0.0,0.0,0.0,0.0,0.0,0.0,0.0,2
710.0,2.0,0.0969407922765023,0.0,0.0,24.0,4.0,1.1988493129096212,0.0,0.0,87.03333333333333,0.0,0.0,0.0,0.0,0.0,1134.0,0.0,0.0,0.0,0.0,0.0,0.0,0.0,0.0,0.0,2
688.0,3.0,0.8679726012849034,0.0,0.0,12.0,3.0,1.0114042647043515,0.0,0.0,81.14285714285714,0.0,0.0,0.0,0.0,2.0,490.0,2.0,0.0,0.0,0.0,0.0,0.0,0.0,0.0,0.0,2
712.0,2.0,0.4710525634417235,0.0,0.0,0.0,0.0,0.0,0.0,0.0,74.5,0.0,0.0,0.0,0.0,0.0,1370.0,0.0,0.0,0.0,0.0,0.0,0.0,0.0,0.0,0.0,2
712.0,1.0,-1.000088900581841e-12,0.0,0.0,0.0,0.0,0.0,0.0,0.0,65.1,0.0,0.0,0.0,0.0,0.0,1166.0,0.0,0.0,0.0,0.0,0.0,0.0,0.0,0.0,0.0,2
712.0,2.0,0.085528593533797,0.0,0.0,4.0,1.0,-1.000088900581841e-12,0.0,0.0,55.46666666666667,0.0,0.0,0.0,0.0,0.0,1096.0,0.0,0.0,0.0,0.0,0.0,0.0,0.0,0.0,0.0,2
712.0,4.0,0.4682419438319367,0.0,0.0,18.0,3.0,1.060856947155021,0.0,0.0,45.13333333333333,0.0,0.0,0.0,0.0,2.0,906.0,2.0,0.0,0.0,0.0,0.0,0.0,0.0,0.0,0.0,2
682.0,4.0,0.6554075551795892,0.0,0.0,14.0,3.0,1.0789922078745835,0.0,0.0,38.25,0.0,0.0,0.0,0.0,10.0,376.0,2.0,0.0,0.0,0.0,0.0,0.0,0.0,0.0,0.0,2
674.0,3.0,0.2233311257955781,0.0,0.0,18.0,3.0,1.060856947155021,0.0,0.0,34.833333333333336,0.0,0.0,0.0,0.0,26.0,86.0,4.0,0.0,0.0,0.0,0.0,0.0,0.0,0.0,0.0,2
684.0,5.0,0.3532128099852953,0.0,0.0,18.0,3.0,0.9950269901765214,0.0,2.0,31.83333333333333,0.0,0.0,0.0,0.0,16.0,200.0,4.0,0.0,0.0,0.0,0.0,0.0,0.0,0.0,0.0,2
678.0,3.0,0.3676743381725535,0.0,0.0,58.0,3.0,0.876258765707258,0.0,6.0,40.53333333333333,0.0,0.0,0.0,0.0,4.0,116.0,4.0,0.0,0.0,0.0,0.0,0.0,0.0,0.0,0.0,2
688.0,4.0,0.6010161279257457,0.0,0.0,42.0,2.0,0.5488743844829944,0.0,0.0,56.66666666666666,0.0,0.0,0.0,0.0,4.0,278.0,4.0,0.0,0.0,0.0,0.0,0.0,0.0,0.0,0.0,2
702.0,3.0,0.2266884638402287,0.0,0.0,48.0,3.0,0.8570352476778069,0.0,0.0,73.03333333333333,0.0,0.0,0.0,0.0,6.0,40.0,6.0,0.0,0.0,0.0,0.0,0.0,0.0,0.0,0.0,2
496.0,4.0,1.0205650129763637,0.0,0.0,18.0,3.0,0.9950269901765214,0.0,2.0,78.2,0.0,0.0,0.0,0.0,6.0,914.0,2.0,0.0,0.0,0.0,0.0,0.0,0.0,0.0,0.0,2
678.0,2.0,0.6904254510726653,0.0,0.0,50.0,5.0,1.276459598969709,0.0,0.0,84.03448275862068,0.0,0.0,0.0,0.0,6.0,356.0,4.0,0.0,0.0,0.0,0.0,0.0,0.0,0.0,0.0,2
716.0,4.0,0.9072054291425468,0.0,0.0,36.0,3.0,0.936888307536016,0.0,0.0,94.7,0.0,0.0,0.0,0.0,0.0,1270.0,0.0,0.0,0.0,0.0,0.0,0.0,0.0,0.0,0.0,2
708.0,3.0,0.7706654524581428,0.0,0.0,10.0,3.0,1.054920167983144,0.0,0.0,100.0,0.0,0.0,0.0,0.0,26.0,200.0,2.0,0.0,0.0,0.0,0.0,0.0,0.0,0.0,0.0,2
718.0,5.0,1.04584266319387,0.0,0.0,32.0,1.0,-1.000088900581841e-12,0.0,0.0,98.89655172413794,0.0,0.0,0.0,0.0,0.0,1882.0,0.0,0.0,0.0,0.0,0.0,0.0,0.0,0.0,0.0,2
674.0,3.0,0.4608776722746536,0.0,0.0,2.0,1.0,-1.000088900581841e-12,0.0,0.0,97.0,0.0,0.0,0.0,0.0,0.0,294.0,0.0,0.0,0.0,0.0,0.0,0.0,0.0,0.0,0.0,2
666.0,1.0,-1.000088900581841e-12,0.0,0.0,0.0,0.0,0.0,0.0,0.0,97.0,0.0,0.0,0.0,0.0,0.0,0.0,0.0,0.0,0.0,0.0,0.0,0.0,0.0,0.0,0.0,2
86.0,1.0,-1.000088900581841e-12,0.0,0.0,6.0,1.0,-1.000088900581841e-12,0.0,0.0,97.0,2.0,0.0,0.0,0.0,0.0,0.0,0.0,0.0,0.0,0.0,0.0,0.0,0.0,0.0,0.0,2
0.0,0.0,0.0,0.0,0.0,0.0,0.0,0.0,0.0,0.0,97.0,2.0,0.0,0.0,0.0,0.0,0.0,0.0,0.0,0.0,0.0,0.0,0.0,0.0,0.0,0.0,2
0.0,0.0,0.0,0.0,0.0,0.0,0.0,0.0,0.0,0.0,97.0,0.0,0.0,0.0,0.0,0.0,0.0,0.0,0.0,0.0,0.0,0.0,0.0,0.0,0.0,0.0,2
0.0,0.0,0.0,0.0,0.0,0.0,0.0,0.0,0.0,0.0,97.0,0.0,0.0,0.0,0.0,0.0,0.0,0.0,0.0,0.0,0.0,0.0,0.0,0.0,0.0,0.0,2
0.0,0.0,0.0,0.0,0.0,0.0,0.0,0.0,0.0,0.0,96.0,0.0,0.0,0.0,0.0,0.0,0.0,0.0,0.0,0.0,0.0,0.0,0.0,0.0,0.0,0.0,2
0.0,0.0,0.0,0.0,0.0,0.0,0.0,0.0,0.0,0.0,96.0,2.0,0.0,0.0,0.0,0.0,0.0,0.0,0.0,0.0,0.0,0.0,0.0,0.0,0.0,0.0,2
0.0,0.0,0.0,0.0,0.0,0.0,0.0,0.0,0.0,0.0,95.5,0.0,0.0,0.0,0.0,0.0,0.0,0.0,0.0,0.0,0.0,0.0,0.0,0.0,0.0,0.0,2
0.0,0.0,0.0,0.0,0.0,0.0,0.0,0.0,0.0,0.0,95.0,0.0,0.0,0.0,0.0,0.0,0.0,0.0,0.0,0.0,0.0,0.0,0.0,0.0,0.0,0.0,2
0.0,0.0,0.0,0.0,0.0,0.0,0.0,0.0,0.0,0.0,94.33333333333331,0.0,0.0,0.0,0.0,0.0,0.0,0.0,0.0,0.0,0.0,0.0,0.0,0.0,0.0,0.0,2
0.0,0.0,0.0,0.0,0.0,0.0,0.0,0.0,0.0,0.0,94.0,0.0,0.0,0.0,0.0,0.0,0.0,0.0,0.0,0.0,0.0,0.0,0.0,0.0,0.0,0.0,2
0.0,0.0,0.0,0.0,0.0,0.0,0.0,0.0,0.0,0.0,93.33333333333331,0.0,0.0,0.0,0.0,0.0,0.0,0.0,0.0,0.0,0.0,0.0,0.0,0.0,0.0,0.0,2
0.0,0.0,0.0,0.0,0.0,6.0,2.0,0.6365141682928128,0.0,0.0,93.0,0.0,0.0,0.0,0.0,0.0,0.0,0.0,0.0,0.0,0.0,0.0,0.0,0.0,0.0,0.0,2
696.0,7.0,1.2789051641180829,0.0,0.0,98.0,12.0,2.262596759194174,0.0,0.0,89.86206896551724,0.0,0.0,0.0,0.0,4.0,1656.0,2.0,0.0,0.0,0.0,0.0,0.0,0.0,0.0,0.0,2
718.0,4.0,0.7535740419529664,0.0,0.0,22.0,2.0,0.4741393130558373,0.0,0.0,84.63333333333334,0.0,0.0,0.0,0.0,0.0,1580.0,0.0,0.0,0.0,0.0,0.0,0.0,0.0,0.0,0.0,2
714.0,3.0,0.386718404706916,0.0,0.0,8.0,1.0,-1.000088900581841e-12,0.0,0.0,76.2,0.0,0.0,0.0,0.0,0.0,1414.0,0.0,0.0,0.0,0.0,0.0,0.0,0.0,0.0,0.0,2
718.0,4.0,0.4843987594039282,0.0,0.0,92.0,3.0,0.4169330060078159,0.0,0.0,68.7,0.0,0.0,0.0,0.0,0.0,518.0,0.0,0.0,0.0,0.0,0.0,0.0,0.0,0.0,0.0,2
708.0,7.0,1.104052217564655,0.0,0.0,70.0,6.0,1.4982000545160072,0.0,0.0,63.04347826086956,0.0,0.0,0.0,0.0,6.0,690.0,4.0,0.0,0.0,0.0,0.0,0.0,0.0,0.0,0.0,2
680.0,5.0,0.6610004847993782,0.0,0.0,26.0,4.0,1.3061066090813949,0.0,0.0,58.1,0.0,0.0,0.0,0.0,6.0,270.0,6.0,0.0,0.0,0.0,0.0,0.0,0.0,0.0,0.0,2
710.0,1.0,-1.000088900581841e-12,0.0,0.0,24.0,4.0,0.9830877585707856,0.0,2.0,52.9,0.0,0.0,0.0,0.0,0.0,138.0,0.0,0.0,0.0,0.0,0.0,0.0,0.0,0.0,0.0,2
718.0,4.0,0.6890104628392574,0.0,0.0,76.0,4.0,1.122371187876658,0.0,4.0,58.16666666666666,0.0,0.0,0.0,0.0,12.0,110.0,2.0,0.0,0.0,0.0,0.0,0.0,0.0,0.0,0.0,2
708.0,5.0,1.0873345271466148,0.0,0.0,258.0,6.0,0.9901501173109074,0.0,0.0,69.0,0.0,0.0,0.0,0.0,6.0,576.0,4.0,0.0,0.0,0.0,0.0,0.0,0.0,0.0,0.0,2
714.0,1.0,-1.000088900581841e-12,0.0,0.0,22.0,2.0,0.5859526183015509,0.0,0.0,58.53333333333333,0.0,0.0,0.0,0.0,0.0,1280.0,0.0,0.0,0.0,0.0,0.0,0.0,0.0,0.0,0.0,2
704.0,5.0,0.2830145440829058,0.0,0.0,152.0,4.0,0.5958577355982946,0.0,0.0,42.46666666666667,0.0,0.0,0.0,0.0,0.0,540.0,0.0,0.0,0.0,0.0,0.0,0.0,0.0,0.0,0.0,2
304.0,5.0,1.0416352871084211,0.0,0.0,66.0,4.0,0.7194778101243595,0.0,0.0,12.833333333333334,0.0,0.0,0.0,0.0,0.0,124.0,0.0,0.0,0.0,0.0,0.0,0.0,0.0,0.0,0.0,2
712.0,5.0,0.9340974349122834,0.0,0.0,66.0,6.0,1.3960615597636763,0.0,0.0,17.37037037037037,0.0,0.0,0.0,0.0,0.0,818.0,0.0,0.0,0.0,0.0,0.0,0.0,0.0,0.0,0.0,2
716.0,5.0,1.0746560194371602,0.0,0.0,40.0,4.0,0.9989315045995592,0.0,8.0,29.03333333333333,0.0,0.0,0.0,0.0,0.0,802.0,0.0,0.0,0.0,0.0,0.0,0.0,0.0,0.0,0.0,2
714.0,1.0,-1.000088900581841e-12,0.0,0.0,52.0,6.0,1.1923348344218192,0.0,0.0,43.2,0.0,0.0,0.0,0.0,24.0,0.0,0.0,0.0,0.0,0.0,0.0,0.0,0.0,0.0,0.0,2
718.0,3.0,0.2012424675068736,0.0,0.0,42.0,4.0,1.1823239239062422,0.0,0.0,57.96666666666667,0.0,0.0,0.0,0.0,32.0,96.0,12.0,0.0,0.0,0.0,0.0,0.0,0.0,0.0,0.0,2
720.0,2.0,0.0958690449458197,0.0,0.0,76.0,3.0,0.6330395116614678,0.0,0.0,66.16666666666667,0.0,0.0,0.0,0.0,24.0,106.0,2.0,0.0,0.0,0.0,0.0,0.0,0.0,0.0,0.0,2
718.0,2.0,0.1171618724271235,0.0,0.0,70.0,6.0,1.339814354606896,0.0,0.0,70.26666666666667,0.0,0.0,0.0,0.0,8.0,74.0,6.0,0.0,0.0,0.0,0.0,0.0,0.0,0.0,0.0,2
704.0,1.0,-1.000088900581841e-12,0.0,0.0,412.0,6.0,0.7466121161144904,0.0,0.0,72.46666666666667,0.0,0.0,0.0,0.0,8.0,0.0,0.0,0.0,0.0,0.0,0.0,0.0,0.0,0.0,0.0,2
714.0,3.0,0.2611600859625286,0.0,0.0,42.0,7.0,1.4265337291061526,0.0,8.0,81.23333333333333,0.0,0.0,0.0,0.0,16.0,110.0,4.0,0.0,0.0,0.0,0.0,0.0,0.0,0.0,0.0,2
710.0,6.0,0.9276909333548412,0.0,0.0,68.0,4.0,1.0474911946652368,0.0,98.0,88.1,0.0,0.0,0.0,0.0,20.0,876.0,4.0,0.0,0.0,0.0,0.0,0.0,0.0,0.0,0.0,2
716.0,3.0,0.7219255928753807,0.0,0.0,32.0,3.0,0.6019239717292895,0.0,20.0,99.7,0.0,0.0,0.0,0.0,0.0,88.0,0.0,0.0,0.0,0.0,0.0,0.0,0.0,0.0,0.0,2
714.0,4.0,0.399992863244247,0.0,0.0,44.0,5.0,1.1358048077688736,0.0,70.0,99.86666666666666,0.0,0.0,0.0,0.0,0.0,528.0,0.0,0.0,0.0,0.0,0.0,0.0,0.0,0.0,0.0,2
716.0,4.0,0.2094829638170052,0.0,0.0,18.0,4.0,1.3689223607362195,0.0,0.0,98.03333333333332,0.0,0.0,0.0,0.0,0.0,134.0,0.0,0.0,0.0,0.0,0.0,0.0,0.0,0.0,0.0,2
718.0,1.0,-1.000088900581841e-12,0.0,0.0,4.0,1.0,-1.000088900581841e-12,0.0,0.0,94.83333333333331,0.0,0.0,0.0,0.0,0.0,6.0,0.0,0.0,0.0,0.0,0.0,0.0,0.0,0.0,0.0,2
188.0,1.0,-1.000088900581841e-12,0.0,0.0,4.0,2.0,0.6931471805579453,0.0,0.0,91.0,0.0,0.0,0.0,0.0,0.0,0.0,0.0,0.0,0.0,0.0,0.0,0.0,0.0,0.0,0.0,2
194.0,3.0,0.5905216091494198,0.0,0.0,10.0,3.0,0.9502705392302344,0.0,0.0,89.0,0.0,0.0,0.0,0.0,10.0,206.0,4.0,0.0,0.0,0.0,0.0,0.0,0.0,0.0,0.0,2
712.0,9.0,1.9449353269656355,0.0,0.0,204.0,5.0,0.4867196943993002,0.0,0.0,85.34615384615384,0.0,0.0,0.0,0.0,10.0,1598.0,6.0,0.0,0.0,0.0,0.0,0.0,0.0,0.0,0.0,2
680.0,4.0,0.695232509144533,0.0,0.0,6.0,1.0,-1.000088900581841e-12,0.0,0.0,80.83333333333333,0.0,0.0,0.0,0.0,20.0,268.0,14.0,0.0,0.0,0.0,0.0,0.0,0.0,0.0,0.0,2
716.0,1.0,-1.000088900581841e-12,0.0,0.0,0.0,0.0,0.0,0.0,0.0,74.83333333333333,0.0,0.0,0.0,0.0,0.0,3262.0,0.0,0.0,0.0,0.0,0.0,0.0,0.0,0.0,0.0,2
708.0,4.0,0.4306147755184097,0.0,0.0,18.0,4.0,1.368922360736219,0.0,0.0,64.73333333333333,0.0,0.0,0.0,0.0,0.0,2102.0,0.0,0.0,0.0,0.0,0.0,0.0,0.0,0.0,0.0,2
672.0,2.0,0.3993046959646295,0.0,0.0,2.0,1.0,-1.000088900581841e-12,0.0,0.0,58.2,0.0,0.0,0.0,0.0,0.0,128.0,0.0,0.0,0.0,0.0,0.0,0.0,0.0,0.0,0.0,2
702.0,4.0,0.8829345931939709,0.0,0.0,2.0,1.0,-1.000088900581841e-12,0.0,0.0,53.66666666666666,0.0,0.0,0.0,0.0,10.0,2088.0,6.0,0.0,0.0,0.0,0.0,0.0,0.0,0.0,0.0,2
702.0,4.0,0.7424018917465214,0.0,0.0,64.0,3.0,0.727725954155304,0.0,90.0,49.9,0.0,0.0,0.0,0.0,60.0,1850.0,6.0,0.0,0.0,0.0,0.0,0.0,0.0,0.0,0.0,2
666.0,1.0,-1.000088900581841e-12,0.0,0.0,36.0,1.0,-1.000088900581841e-12,0.0,0.0,63.1,0.0,0.0,0.0,0.0,0.0,0.0,0.0,0.0,0.0,0.0,0.0,0.0,0.0,0.0,0.0,2
434.0,1.0,-1.000088900581841e-12,0.0,0.0,34.0,1.0,-1.000088900581841e-12,0.0,0.0,80.76666666666667,0.0,0.0,0.0,0.0,0.0,0.0,0.0,0.0,0.0,0.0,0.0,0.0,0.0,0.0,0.0,2
0.0,0.0,0.0,0.0,0.0,26.0,3.0,0.7902679680715903,0.0,0.0,93.9,0.0,0.0,0.0,0.0,0.0,0.0,0.0,0.0,0.0,0.0,0.0,0.0,0.0,0.0,0.0,2
0.0,0.0,0.0,0.0,0.0,6.0,1.0,-1.000088900581841e-12,0.0,0.0,99.83333333333331,0.0,0.0,0.0,0.0,0.0,0.0,0.0,0.0,0.0,0.0,0.0,0.0,0.0,0.0,0.0,2
0.0,0.0,0.0,0.0,0.0,0.0,0.0,0.0,0.0,0.0,100.0,0.0,0.0,0.0,0.0,0.0,0.0,0.0,0.0,0.0,0.0,0.0,0.0,0.0,0.0,0.0,2
0.0,0.0,0.0,0.0,0.0,0.0,0.0,0.0,0.0,0.0,100.0,0.0,0.0,0.0,0.0,0.0,0.0,0.0,0.0,0.0,0.0,0.0,0.0,0.0,0.0,0.0,2
0.0,0.0,0.0,0.0,0.0,4.0,1.0,-1.000088900581841e-12,0.0,0.0,100.0,0.0,0.0,0.0,0.0,0.0,0.0,0.0,0.0,0.0,0.0,0.0,0.0,0.0,0.0,0.0,2
0.0,0.0,0.0,0.0,0.0,0.0,0.0,0.0,0.0,0.0,100.0,0.0,0.0,0.0,0.0,0.0,0.0,0.0,0.0,0.0,0.0,0.0,0.0,0.0,0.0,0.0,2
0.0,0.0,0.0,0.0,0.0,0.0,0.0,0.0,0.0,0.0,100.0,0.0,0.0,0.0,0.0,0.0,0.0,0.0,0.0,0.0,0.0,0.0,0.0,0.0,0.0,0.0,2
0.0,0.0,0.0,0.0,0.0,2.0,1.0,-1.000088900581841e-12,0.0,0.0,100.0,0.0,0.0,0.0,0.0,0.0,0.0,0.0,0.0,0.0,0.0,0.0,0.0,0.0,0.0,0.0,2
0.0,0.0,0.0,0.0,0.0,0.0,0.0,0.0,0.0,0.0,100.0,0.0,0.0,0.0,0.0,0.0,0.0,0.0,0.0,0.0,0.0,0.0,0.0,0.0,0.0,0.0,2
0.0,0.0,0.0,0.0,0.0,0.0,0.0,0.0,0.0,0.0,100.0,0.0,0.0,0.0,0.0,0.0,0.0,0.0,0.0,0.0,0.0,0.0,0.0,0.0,0.0,0.0,2
0.0,0.0,0.0,0.0,0.0,0.0,0.0,0.0,0.0,0.0,100.0,0.0,0.0,0.0,0.0,0.0,0.0,0.0,0.0,0.0,0.0,0.0,0.0,0.0,0.0,0.0,2
0.0,0.0,0.0,0.0,0.0,10.0,2.0,0.6730116670072565,0.0,0.0,100.0,0.0,0.0,0.0,0.0,0.0,0.0,0.0,0.0,0.0,0.0,0.0,0.0,0.0,0.0,0.0,2
698.0,7.0,0.8218087756152462,0.0,0.0,112.0,10.0,1.8930063642681725,0.0,0.0,96.3103448275862,0.0,0.0,0.0,0.0,10.0,1676.0,2.0,0.0,0.0,0.0,0.0,0.0,0.0,0.0,0.0,2
708.0,4.0,0.8948479203147586,0.0,0.0,12.0,2.0,0.6365141682928128,0.0,0.0,89.5,0.0,0.0,0.0,0.0,20.0,1468.0,12.0,0.0,0.0,0.0,0.0,0.0,0.0,0.0,0.0,2
706.0,7.0,1.313276143987595,0.0,0.0,106.0,7.0,1.40910120173132,0.0,0.0,84.94444444444444,0.0,0.0,0.0,0.0,30.0,848.0,22.0,0.0,0.0,0.0,0.0,0.0,0.0,0.0,0.0,2
698.0,5.0,0.1494129138571382,0.0,0.0,64.0,6.0,1.2574483313422218,0.0,10.0,78.79310344827586,0.0,0.0,0.0,0.0,0.0,2196.0,0.0,0.0,0.0,0.0,0.0,0.0,0.0,0.0,0.0,2
710.0,1.0,-1.000088900581841e-12,0.0,0.0,38.0,6.0,1.616282448838816,0.0,0.0,81.66666666666667,0.0,0.0,0.0,0.0,20.0,868.0,2.0,0.0,0.0,0.0,0.0,0.0,0.0,0.0,0.0,2
700.0,5.0,1.155591598221086,0.0,0.0,42.0,7.0,1.8475344105577665,0.0,10.0,78.33333333333333,0.0,0.0,0.0,0.0,10.0,778.0,8.0,0.0,0.0,0.0,0.0,0.0,0.0,0.0,0.0,2
700.0,6.0,1.1967450314234176,50.0,0.0,166.0,7.0,1.3881173815815029,0.0,0.0,84.26666666666667,0.0,0.0,0.0,0.0,30.0,574.0,2.0,0.0,0.0,0.0,0.0,0.0,0.0,0.0,0.0,2
716.0,5.0,0.9653436548901362,142.0,0.0,122.0,5.0,1.0039695128398094,0.0,0.0,80.63333333333334,0.0,0.0,0.0,0.0,0.0,410.0,0.0,0.0,0.0,0.0,0.0,0.0,0.0,0.0,0.0,2
702.0,5.0,0.3576620670452836,0.0,0.0,28.0,3.0,1.0789922078745833,0.0,0.0,73.16666666666667,0.0,0.0,0.0,0.0,0.0,5154.0,0.0,0.0,0.0,0.0,0.0,0.0,0.0,0.0,0.0,2
698.0,3.0,0.1549262825707561,0.0,0.0,8.0,2.0,0.5623351446168083,0.0,0.0,56.73333333333333,0.0,0.0,0.0,0.0,0.0,2712.0,0.0,0.0,0.0,0.0,0.0,0.0,0.0,0.0,0.0,2
708.0,5.0,0.9584176357766852,0.0,0.0,14.0,4.0,1.351783994285646,0.0,0.0,41.0,0.0,0.0,0.0,0.0,20.0,1044.0,2.0,0.0,0.0,0.0,0.0,0.0,0.0,0.0,0.0,2
716.0,1.0,-1.000088900581841e-12,0.0,0.0,6.0,2.0,0.6365141682928128,0.0,0.0,33.2,0.0,0.0,0.0,0.0,0.0,2168.0,0.0,0.0,0.0,0.0,0.0,0.0,0.0,0.0,0.0,2
418.0,2.0,0.6737800497349355,0.0,0.0,10.0,3.0,1.054920167983144,0.0,0.0,25.125,0.0,8.0,0.0,8.0,30.0,2058.0,0.0,0.0,0.0,0.0,0.0,0.0,0.0,0.0,0.0,2
708.0,5.0,0.9042016203353076,0.0,0.0,22.0,5.0,1.5157079520807129,0.0,10.0,18.75,0.0,0.0,0.0,0.0,30.0,882.0,12.0,0.0,0.0,0.0,0.0,0.0,0.0,0.0,0.0,2
712.0,3.0,0.2427274636392565,0.0,0.0,50.0,5.0,1.3404856164901564,0.0,0.0,22.766666666666666,0.0,0.0,0.0,0.0,0.0,3112.0,0.0,0.0,0.0,0.0,0.0,0.0,0.0,0.0,0.0,2
712.0,1.0,-1.000088900581841e-12,0.0,0.0,36.0,4.0,1.002718264513516,0.0,0.0,33.56666666666667,0.0,0.0,0.0,0.0,10.0,1592.0,8.0,0.0,0.0,0.0,0.0,0.0,0.0,0.0,0.0,2
716.0,3.0,0.0829202620273708,0.0,0.0,48.0,5.0,1.3163725690390502,0.0,10.0,43.53333333333333,0.0,0.0,0.0,0.0,0.0,2234.0,0.0,0.0,0.0,0.0,0.0,0.0,0.0,0.0,0.0,2
694.0,3.0,1.0844988698371372,0.0,0.0,28.0,5.0,1.3690391776997684,0.0,0.0,50.96666666666667,0.0,0.0,0.0,0.0,10.0,2082.0,4.0,0.0,0.0,0.0,0.0,0.0,0.0,0.0,0.0,2
708.0,1.0,-1.000088900581841e-12,0.0,0.0,16.0,2.0,0.6931471805579453,0.0,0.0,47.06666666666667,0.0,0.0,0.0,0.0,0.0,418.0,0.0,0.0,0.0,0.0,0.0,0.0,0.0,0.0,0.0,2
712.0,4.0,0.6842291853903864,0.0,0.0,70.0,6.0,1.531421234024722,0.0,20.0,44.73333333333333,0.0,0.0,0.0,0.0,0.0,1402.0,0.0,0.0,0.0,0.0,0.0,0.0,0.0,0.0,0.0,2
710.0,3.0,0.2267649135351984,0.0,0.0,74.0,7.0,1.2589220006448183,0.0,10.0,45.2,0.0,0.0,0.0,0.0,0.0,4332.0,0.0,0.0,0.0,0.0,0.0,0.0,0.0,0.0,0.0,2
712.0,5.0,0.5313485926960352,0.0,0.0,134.0,4.0,0.508535219563376,0.0,20.0,46.2,0.0,0.0,0.0,0.0,0.0,3946.0,0.0,0.0,0.0,0.0,0.0,0.0,0.0,0.0,0.0,2
718.0,3.0,0.1304414150208837,0.0,0.0,62.0,5.0,1.1707659397054129,0.0,0.0,56.3,0.0,0.0,0.0,0.0,0.0,30.0,0.0,0.0,0.0,0.0,0.0,0.0,0.0,0.0,0.0,2
714.0,3.0,0.2428094530551008,0.0,0.0,54.0,4.0,1.1685840056785377,0.0,0.0,70.2,0.0,0.0,0.0,0.0,20.0,944.0,12.0,0.0,0.0,0.0,0.0,0.0,0.0,0.0,0.0,2
716.0,5.0,0.6778444306885328,0.0,0.0,80.0,5.0,1.2231398201166035,0.0,0.0,81.16666666666667,0.0,0.0,0.0,0.0,20.0,426.0,4.0,0.0,0.0,0.0,0.0,0.0,0.0,0.0,0.0,2
714.0,6.0,0.9786806201454972,0.0,0.0,200.0,6.0,1.0749174722223178,0.0,0.0,90.63333333333334,0.0,8.0,10.0,10.0,10.0,1566.0,6.0,0.0,0.0,0.0,0.0,0.0,0.0,0.0,0.0,2
716.0,6.0,1.2977502575038338,0.0,0.0,152.0,3.0,0.4264955652346231,0.0,10.0,100.0,0.0,0.0,0.0,0.0,40.0,1556.0,10.0,0.0,0.0,0.0,0.0,0.0,0.0,0.0,0.0,2
688.0,4.0,0.6455327486666455,0.0,0.0,22.0,5.0,1.5157079520807129,0.0,0.0,99.83333333333331,0.0,0.0,0.0,0.0,50.0,352.0,2.0,0.0,0.0,0.0,0.0,0.0,0.0,0.0,0.0,2
716.0,1.0,-1.000088900581841e-12,0.0,0.0,22.0,3.0,0.9949236325687753,0.0,0.0,95.93333333333334,0.0,0.0,0.0,0.0,10.0,56.0,4.0,0.0,0.0,0.0,0.0,0.0,0.0,0.0,0.0,2
716.0,1.0,-1.000088900581841e-12,0.0,0.0,20.0,2.0,0.6108643020528935,0.0,0.0,88.53333333333333,0.0,0.0,0.0,0.0,0.0,856.0,0.0,0.0,0.0,0.0,0.0,0.0,0.0,0.0,0.0,2
718.0,2.0,0.0483051822207435,0.0,0.0,26.0,3.0,0.5359610497060694,0.0,0.0,81.26666666666667,0.0,0.0,0.0,0.0,0.0,52.0,0.0,0.0,0.0,0.0,0.0,0.0,0.0,0.0,0.0,2
718.0,1.0,-1.000088900581841e-12,0.0,0.0,18.0,2.0,0.3488320958410319,0.0,0.0,74.43333333333334,0.0,0.0,0.0,0.0,0.0,370.0,0.0,0.0,0.0,0.0,0.0,0.0,0.0,0.0,0.0,2
626.0,3.0,0.6275801352668735,0.0,0.0,10.0,3.0,0.9502705392302344,0.0,0.0,66.53333333333333,0.0,0.0,6.0,0.0,0.0,692.0,0.0,0.0,0.0,0.0,0.0,0.0,0.0,0.0,0.0,2
700.0,2.0,0.6465578091698314,0.0,0.0,8.0,2.0,0.5623351446168083,0.0,0.0,61.90909090909091,0.0,0.0,0.0,0.0,0.0,228.0,0.0,0.0,0.0,0.0,0.0,0.0,0.0,0.0,0.0,2
706.0,5.0,1.0744643746858236,0.0,0.0,346.0,4.0,0.2100450823597048,0.0,0.0,56.28,0.0,0.0,0.0,0.0,20.0,3194.0,2.0,0.0,0.0,0.0,0.0,0.0,0.0,0.0,0.0,2
700.0,3.0,0.6416131692137055,0.0,0.0,710.0,4.0,0.1157855788598199,0.0,20.0,48.86666666666667,0.0,0.0,0.0,0.0,0.0,1470.0,0.0,0.0,0.0,0.0,0.0,0.0,0.0,0.0,0.0,2
668.0,1.0,-1.000088900581841e-12,0.0,0.0,18.0,1.0,-1.000088900581841e-12,0.0,0.0,53.6,0.0,0.0,0.0,0.0,0.0,0.0,0.0,0.0,0.0,0.0,0.0,0.0,0.0,0.0,0.0,2
464.0,1.0,-1.000088900581841e-12,0.0,0.0,24.0,2.0,0.4505612088643047,0.0,0.0,63.13333333333333,0.0,0.0,0.0,0.0,0.0,0.0,0.0,0.0,0.0,0.0,0.0,0.0,0.0,0.0,0.0,2
0.0,0.0,0.0,0.0,0.0,18.0,2.0,0.3488320958410319,0.0,0.0,72.16666666666667,0.0,0.0,0.0,0.0,0.0,0.0,0.0,0.0,0.0,0.0,0.0,0.0,0.0,0.0,0.0,2
0.0,0.0,0.0,0.0,0.0,18.0,1.0,-1.000088900581841e-12,0.0,0.0,80.56666666666666,0.0,0.0,0.0,0.0,0.0,0.0,0.0,0.0,0.0,0.0,0.0,0.0,0.0,0.0,0.0,2
0.0,0.0,0.0,0.0,0.0,20.0,2.0,0.3250829733894482,0.0,0.0,89.51724137931035,0.0,0.0,0.0,0.0,0.0,0.0,0.0,0.0,0.0,0.0,0.0,0.0,0.0,0.0,0.0,2
0.0,0.0,0.0,0.0,0.0,14.0,1.0,-1.000088900581841e-12,0.0,0.0,97.8,0.0,0.0,0.0,0.0,0.0,0.0,0.0,0.0,0.0,0.0,0.0,0.0,0.0,0.0,0.0,2
0.0,0.0,0.0,0.0,0.0,0.0,0.0,0.0,0.0,0.0,100.0,0.0,0.0,0.0,0.0,0.0,0.0,0.0,0.0,0.0,0.0,0.0,0.0,0.0,0.0,0.0,2
0.0,0.0,0.0,0.0,0.0,0.0,0.0,0.0,0.0,0.0,100.0,0.0,0.0,0.0,0.0,0.0,0.0,0.0,0.0,0.0,0.0,0.0,0.0,0.0,0.0,0.0,2
0.0,0.0,0.0,0.0,0.0,0.0,0.0,0.0,0.0,0.0,100.0,0.0,0.0,0.0,0.0,0.0,0.0,0.0,0.0,0.0,0.0,0.0,0.0,0.0,0.0,0.0,2
0.0,0.0,0.0,0.0,0.0,0.0,0.0,0.0,0.0,0.0,100.0,0.0,0.0,0.0,0.0,0.0,0.0,0.0,0.0,0.0,0.0,0.0,0.0,0.0,0.0,0.0,2
0.0,0.0,0.0,0.0,0.0,0.0,0.0,0.0,0.0,0.0,100.0,0.0,0.0,0.0,0.0,0.0,0.0,0.0,0.0,0.0,0.0,0.0,0.0,0.0,0.0,0.0,2
0.0,0.0,0.0,0.0,0.0,6.0,1.0,-1.000088900581841e-12,0.0,0.0,100.0,0.0,0.0,0.0,0.0,0.0,0.0,0.0,0.0,0.0,0.0,0.0,0.0,0.0,0.0,0.0,2
88.0,7.0,1.656374654456032,0.0,0.0,92.0,8.0,1.4877451710440577,0.0,10.0,99.9,0.0,0.0,0.0,0.0,10.0,324.0,8.0,0.0,0.0,0.0,0.0,0.0,0.0,0.0,0.0,2
712.0,5.0,0.9528770568016612,0.0,0.0,24.0,4.0,1.126928794796676,0.0,0.0,95.36666666666666,0.0,0.0,0.0,0.0,0.0,4854.0,0.0,0.0,0.0,0.0,0.0,0.0,0.0,0.0,0.0,2
712.0,5.0,0.862896351327994,0.0,0.0,20.0,4.0,1.0888999753412236,0.0,0.0,89.76666666666667,0.0,0.0,0.0,0.0,0.0,3814.0,0.0,0.0,0.0,0.0,0.0,0.0,0.0,0.0,0.0,2
712.0,6.0,0.1425561633042419,0.0,0.0,50.0,4.0,1.3261774909341997,0.0,0.0,81.96666666666667,0.0,0.0,0.0,0.0,0.0,3088.0,0.0,0.0,0.0,0.0,0.0,0.0,0.0,0.0,0.0,2
702.0,5.0,1.2986742938553173,0.0,0.0,50.0,6.0,1.658888137600973,0.0,0.0,74.22727272727273,0.0,0.0,0.0,0.0,10.0,2142.0,6.0,0.0,0.0,0.0,0.0,0.0,0.0,0.0,0.0,2
704.0,2.0,0.6118240681664371,0.0,0.0,78.0,5.0,1.2131727233361016,0.0,10.0,76.52,0.0,0.0,0.0,0.0,40.0,1060.0,6.0,0.0,0.0,0.0,0.0,0.0,0.0,0.0,0.0,2
708.0,4.0,0.7822251867070846,0.0,0.0,54.0,5.0,1.4144759295390286,0.0,0.0,85.22727272727273,0.0,0.0,0.0,0.0,58.0,2390.0,6.0,0.0,0.0,0.0,0.0,0.0,0.0,0.0,0.0,2
714.0,1.0,-1.000088900581841e-12,0.0,0.0,4.0,1.0,-1.000088900581841e-12,0.0,0.0,76.83333333333333,0.0,0.0,0.0,0.0,0.0,4086.0,0.0,0.0,0.0,0.0,0.0,0.0,0.0,0.0,0.0,2
704.0,1.0,-1.000088900581841e-12,0.0,0.0,16.0,2.0,0.5623351446168083,0.0,0.0,63.2,0.0,0.0,0.0,0.0,0.0,5668.0,0.0,0.0,0.0,0.0,0.0,0.0,0.0,0.0,0.0,2
696.0,4.0,0.3326705130075734,0.0,0.0,8.0,2.0,0.6931471805579453,0.0,0.0,42.16666666666666,0.0,0.0,0.0,0.0,0.0,2576.0,0.0,0.0,0.0,0.0,0.0,0.0,0.0,0.0,0.0,2
710.0,3.0,0.239601333347287,0.0,0.0,24.0,3.0,0.9596147939090494,0.0,12.0,32.1,0.0,0.0,0.0,0.0,0.0,1194.0,0.0,0.0,0.0,0.0,0.0,0.0,0.0,0.0,0.0,2
710.0,2.0,0.2474009608025467,0.0,0.0,62.0,5.0,1.3036298130995596,0.0,56.0,41.46666666666667,0.0,0.0,0.0,0.0,0.0,232.0,0.0,0.0,0.0,0.0,0.0,0.0,0.0,0.0,0.0,2
712.0,3.0,0.5467854491332282,0.0,0.0,30.0,3.0,0.8608513906282317,0.0,28.0,47.9,0.0,0.0,0.0,0.0,0.0,606.0,0.0,0.0,0.0,0.0,0.0,0.0,0.0,0.0,0.0,2
694.0,3.0,0.4658918256756683,0.0,0.0,34.0,3.0,0.5783252866571273,0.0,70.0,50.5,0.0,0.0,0.0,0.0,0.0,1542.0,0.0,0.0,0.0,0.0,0.0,0.0,0.0,0.0,0.0,2
716.0,6.0,1.211261843233085,0.0,0.0,104.0,4.0,0.9351821452267464,0.0,126.0,56.16666666666666,0.0,0.0,0.0,0.0,0.0,5086.0,0.0,0.0,0.0,0.0,0.0,0.0,0.0,0.0,0.0,2
716.0,6.0,1.2266877929018458,0.0,0.0,36.0,3.0,0.7777899315529315,0.0,54.0,54.3,0.0,0.0,0.0,0.0,42.0,2856.0,14.0,0.0,0.0,0.0,0.0,0.0,0.0,0.0,0.0,2
714.0,5.0,1.3787598279885067,0.0,0.0,48.0,4.0,1.05938459333824,0.0,14.0,65.82758620689656,0.0,0.0,0.0,0.0,28.0,808.0,4.0,0.0,0.0,0.0,0.0,0.0,0.0,0.0,0.0,2
716.0,4.0,1.1134040286389169,0.0,0.0,308.0,3.0,0.488780774552538,0.0,140.0,74.2,0.0,0.0,0.0,0.0,0.0,3862.0,0.0,0.0,0.0,0.0,0.0,0.0,0.0,0.0,0.0,2
718.0,2.0,0.6687356252686848,0.0,0.0,20.0,3.0,0.8018185525403374,0.0,0.0,82.0,0.0,0.0,0.0,0.0,0.0,266.0,0.0,0.0,0.0,0.0,0.0,0.0,0.0,0.0,0.0,2
710.0,5.0,1.082372576522759,0.0,0.0,22.0,2.0,0.5859526183015509,0.0,28.0,86.63333333333334,0.0,0.0,0.0,0.0,0.0,3098.0,0.0,0.0,0.0,0.0,0.0,0.0,0.0,0.0,0.0,2
712.0,6.0,1.1611555177097628,0.0,0.0,166.0,6.0,1.2971112771513942,0.0,152.0,90.66666666666669,0.0,28.0,28.0,40.0,0.0,1160.0,0.0,0.0,0.0,0.0,0.0,0.0,0.0,0.0,0.0,2
682.0,1.0,-1.000088900581841e-12,0.0,0.0,14.0,3.0,0.796311640170813,0.0,0.0,100.0,0.0,0.0,0.0,0.0,0.0,420.0,0.0,0.0,0.0,0.0,0.0,0.0,0.0,0.0,0.0,2
668.0,1.0,-1.000088900581841e-12,0.0,0.0,4.0,1.0,-1.000088900581841e-12,0.0,0.0,100.0,0.0,0.0,0.0,0.0,0.0,0.0,0.0,0.0,0.0,0.0,0.0,0.0,0.0,0.0,0.0,2
706.0,4.0,0.7778193477765232,0.0,0.0,22.0,5.0,1.4142790651197084,0.0,0.0,100.0,0.0,0.0,0.0,0.0,42.0,3214.0,18.0,0.0,0.0,0.0,0.0,0.0,0.0,0.0,0.0,2
710.0,1.0,-1.000088900581841e-12,0.0,0.0,4.0,1.0,-1.000088900581841e-12,0.0,0.0,96.66666666666669,0.0,0.0,0.0,0.0,0.0,4064.0,0.0,0.0,0.0,0.0,0.0,0.0,0.0,0.0,0.0,2
714.0,2.0,0.0853365625846777,0.0,0.0,6.0,1.0,-1.000088900581841e-12,0.0,0.0,87.2,0.0,0.0,0.0,0.0,0.0,4206.0,0.0,0.0,0.0,0.0,0.0,0.0,0.0,0.0,0.0,2
704.0,4.0,1.1034274747187618,0.0,0.0,10.0,2.0,0.6730116670072565,0.0,0.0,79.4,0.0,0.0,0.0,0.0,42.0,1574.0,10.0,0.0,0.0,0.0,0.0,0.0,0.0,0.0,0.0,2
670.0,2.0,0.2007067510079861,0.0,0.0,2.0,1.0,-1.000088900581841e-12,0.0,0.0,75.75,0.0,0.0,0.0,0.0,98.0,130.0,0.0,0.0,0.0,0.0,0.0,0.0,0.0,0.0,0.0,2
672.0,2.0,0.1914440819557173,0.0,0.0,8.0,2.0,0.5623351446168083,0.0,0.0,73.0,0.0,0.0,0.0,0.0,70.0,50.0,8.0,0.0,0.0,0.0,0.0,0.0,0.0,0.0,0.0,2
718.0,3.0,0.506453618994646,0.0,0.0,10.0,2.0,0.6730116670072565,0.0,0.0,69.73076923076923,0.0,0.0,0.0,0.0,14.0,226.0,8.0,0.0,0.0,0.0,0.0,0.0,0.0,0.0,0.0,2
708.0,5.0,1.358170084476897,0.0,0.0,18.0,3.0,0.9950269901765214,0.0,0.0,64.52941176470588,0.0,0.0,0.0,0.0,70.0,308.0,28.0,0.0,0.0,0.0,0.0,0.0,0.0,0.0,0.0,2
710.0,1.0,-1.000088900581841e-12,0.0,0.0,2.0,1.0,-1.000088900581841e-12,0.0,0.0,60.55555555555556,0.0,0.0,0.0,0.0,0.0,0.0,0.0,0.0,0.0,0.0,0.0,0.0,0.0,0.0,0.0,2
564.0,1.0,-1.000088900581841e-12,0.0,0.0,0.0,0.0,0.0,0.0,0.0,58.5,0.0,0.0,0.0,0.0,70.0,0.0,0.0,0.0,0.0,0.0,0.0,0.0,0.0,0.0,0.0,2
286.0,1.0,-1.000088900581841e-12,0.0,0.0,18.0,2.0,0.6869615765953234,0.0,0.0,57.5,0.0,0.0,0.0,0.0,140.0,0.0,10.0,0.0,0.0,0.0,0.0,0.0,0.0,0.0,0.0,2
708.0,5.0,1.395061646492905,0.0,0.0,82.0,4.0,0.5432706131244776,0.0,0.0,53.56,0.0,0.0,0.0,0.0,56.0,3544.0,16.0,0.0,0.0,0.0,0.0,0.0,0.0,0.0,0.0,2
688.0,5.0,0.983768753665582,0.0,0.0,42.0,4.0,0.8872422356405005,0.0,40.0,50.6,0.0,0.0,0.0,0.0,14.0,1686.0,0.0,0.0,0.0,0.0,0.0,0.0,0.0,0.0,0.0,2
670.0,1.0,-1.000088900581841e-12,0.0,0.0,42.0,2.0,0.3144922012794106,0.0,0.0,66.63333333333334,0.0,0.0,0.0,0.0,0.0,0.0,0.0,0.0,0.0,0.0,0.0,0.0,0.0,0.0,0.0,2
268.0,1.0,-1.000088900581841e-12,0.0,0.0,32.0,2.0,0.2337916587044593,0.0,0.0,84.1,0.0,0.0,0.0,0.0,0.0,0.0,0.0,0.0,0.0,0.0,0.0,0.0,0.0,0.0,0.0,2
0.0,0.0,0.0,0.0,0.0,22.0,2.0,0.3046360973472382,0.0,0.0,95.86666666666666,0.0,0.0,0.0,0.0,0.0,0.0,0.0,0.0,0.0,0.0,0.0,0.0,0.0,0.0,0.0,2
0.0,0.0,0.0,0.0,0.0,0.0,0.0,0.0,0.0,0.0,100.0,0.0,0.0,0.0,0.0,0.0,0.0,0.0,0.0,0.0,0.0,0.0,0.0,0.0,0.0,0.0,2
0.0,0.0,0.0,0.0,0.0,0.0,0.0,0.0,0.0,0.0,100.0,0.0,0.0,0.0,0.0,0.0,0.0,0.0,0.0,0.0,0.0,0.0,0.0,0.0,0.0,0.0,2
0.0,0.0,0.0,0.0,0.0,0.0,0.0,0.0,0.0,0.0,100.0,0.0,0.0,0.0,0.0,0.0,0.0,0.0,0.0,0.0,0.0,0.0,0.0,0.0,0.0,0.0,2
0.0,0.0,0.0,0.0,0.0,0.0,0.0,0.0,0.0,0.0,100.0,0.0,0.0,0.0,0.0,0.0,0.0,0.0,0.0,0.0,0.0,0.0,0.0,0.0,0.0,0.0,2
0.0,0.0,0.0,0.0,0.0,0.0,0.0,0.0,0.0,0.0,100.0,0.0,0.0,0.0,0.0,0.0,0.0,0.0,0.0,0.0,0.0,0.0,0.0,0.0,0.0,0.0,2
0.0,0.0,0.0,0.0,0.0,0.0,0.0,0.0,0.0,0.0,100.0,0.0,0.0,0.0,0.0,0.0,0.0,0.0,0.0,0.0,0.0,0.0,0.0,0.0,0.0,0.0,2
0.0,0.0,0.0,0.0,0.0,0.0,0.0,0.0,0.0,0.0,100.0,0.0,0.0,0.0,0.0,0.0,0.0,0.0,0.0,0.0,0.0,0.0,0.0,0.0,0.0,0.0,2
0.0,0.0,0.0,0.0,0.0,0.0,0.0,0.0,0.0,0.0,100.0,0.0,0.0,0.0,0.0,0.0,0.0,0.0,0.0,0.0,0.0,0.0,0.0,0.0,0.0,0.0,2
0.0,0.0,0.0,0.0,0.0,6.0,1.0,-1.000088900581841e-12,0.0,0.0,100.0,0.0,0.0,0.0,0.0,0.0,0.0,0.0,0.0,0.0,0.0,0.0,0.0,0.0,0.0,0.0,2
0.0,0.0,0.0,0.0,0.0,0.0,0.0,0.0,0.0,0.0,100.0,0.0,0.0,0.0,0.0,0.0,0.0,0.0,0.0,0.0,0.0,0.0,0.0,0.0,0.0,0.0,2
0.0,0.0,0.0,0.0,0.0,0.0,0.0,0.0,0.0,0.0,100.0,0.0,0.0,0.0,0.0,0.0,0.0,0.0,0.0,0.0,0.0,0.0,0.0,0.0,0.0,0.0,2
0.0,0.0,0.0,0.0,0.0,0.0,0.0,0.0,0.0,0.0,100.0,0.0,0.0,0.0,0.0,0.0,0.0,0.0,0.0,0.0,0.0,0.0,0.0,0.0,0.0,0.0,2
0.0,0.0,0.0,0.0,0.0,0.0,0.0,0.0,0.0,0.0,100.0,0.0,0.0,0.0,0.0,0.0,0.0,0.0,0.0,0.0,0.0,0.0,0.0,0.0,0.0,0.0,2
0.0,0.0,0.0,0.0,0.0,0.0,0.0,0.0,0.0,0.0,100.0,0.0,0.0,0.0,0.0,0.0,0.0,0.0,0.0,0.0,0.0,0.0,0.0,0.0,0.0,0.0,2
560.0,8.0,1.8441267730162385,0.0,0.0,370.0,12.0,1.733317020453388,0.0,0.0,95.89285714285714,0.0,0.0,0.0,0.0,28.0,2724.0,10.0,0.0,0.0,0.0,0.0,0.0,0.0,0.0,0.0,2
712.0,4.0,0.8408215712182798,0.0,0.0,16.0,4.0,1.3862943611158909,0.0,0.0,89.73333333333333,0.0,0.0,0.0,0.0,0.0,2754.0,0.0,0.0,0.0,0.0,0.0,0.0,0.0,0.0,0.0,2
704.0,5.0,0.7595737004685041,0.0,0.0,30.0,3.0,0.9276173343241816,0.0,0.0,79.33333333333333,0.0,0.0,0.0,0.0,0.0,2320.0,0.0,0.0,0.0,0.0,0.0,0.0,0.0,0.0,0.0,2
696.0,6.0,0.8263724826977175,0.0,0.0,12.0,2.0,0.6365141682928128,0.0,0.0,66.93333333333334,0.0,0.0,0.0,0.0,0.0,1364.0,0.0,0.0,0.0,0.0,0.0,0.0,0.0,0.0,0.0,2
690.0,3.0,0.4767788356747283,0.0,0.0,16.0,3.0,0.7356219397557947,0.0,0.0,44.5925925925926,0.0,0.0,0.0,0.0,0.0,766.0,0.0,0.0,0.0,0.0,0.0,0.0,0.0,0.0,0.0,2
0.0,0.0,0.0,0.0,0.0,0.0,0.0,0.0,0.0,24.0,0.0,0.0,0.0,0.0,0.0,48.0,114.0,16.0,0.0,0.0,0.0,0.0,0.0,0.0,0.0,0.0,2
0.0,0.0,0.0,0.0,0.0,0.0,0.0,0.0,0.0,96.0,0.0,0.0,0.0,0.0,0.0,12.0,3548.0,10.0,0.0,0.0,0.0,0.0,0.0,0.0,0.0,0.0,2
692.0,4.0,0.4917502264177178,0.0,0.0,32.0,3.0,0.6019239717292895,0.0,84.0,29.5,0.0,0.0,0.0,0.0,14.0,1706.0,10.0,0.0,0.0,0.0,0.0,0.0,0.0,0.0,0.0,2
698.0,8.0,1.1895345261031014,0.0,0.0,68.0,3.0,0.8717529073150241,0.0,98.0,35.13793103448276,0.0,0.0,0.0,0.0,0.0,1264.0,0.0,0.0,0.0,0.0,0.0,0.0,0.0,0.0,0.0,2
716.0,4.0,0.7458978207575818,0.0,0.0,58.0,3.0,0.4967963698474466,0.0,138.0,46.333333333333336,0.0,0.0,0.0,0.0,0.0,330.0,0.0,0.0,0.0,0.0,0.0,0.0,0.0,0.0,0.0,2
704.0,4.0,0.9397314632905198,0.0,0.0,70.0,3.0,0.5062608421438742,0.0,196.0,55.4,0.0,0.0,0.0,0.0,14.0,3046.0,10.0,0.0,0.0,0.0,0.0,0.0,0.0,0.0,0.0,2
666.0,1.0,-1.000088900581841e-12,0.0,0.0,40.0,2.0,0.5004024235361879,0.0,0.0,60.266666666666666,0.0,0.0,0.0,0.0,14.0,0.0,0.0,0.0,0.0,0.0,0.0,0.0,0.0,0.0,0.0,2
696.0,4.0,0.9018900853505616,0.0,0.0,186.0,7.0,0.9017341125435188,0.0,70.0,62.53333333333333,0.0,0.0,0.0,0.0,42.0,940.0,10.0,0.0,0.0,0.0,0.0,0.0,0.0,0.0,0.0,2
716.0,3.0,0.24171013026913,0.0,0.0,204.0,7.0,0.8356349006638846,0.0,14.0,67.63333333333334,0.0,0.0,0.0,0.0,0.0,314.0,10.0,0.0,0.0,0.0,0.0,0.0,0.0,0.0,0.0,2
710.0,5.0,0.8455909103909292,0.0,0.0,90.0,3.0,1.030397532401385,0.0,42.0,83.8,0.0,0.0,0.0,0.0,0.0,7218.0,0.0,0.0,0.0,0.0,0.0,0.0,0.0,0.0,0.0,2
706.0,5.0,1.0855590681900746,0.0,0.0,52.0,4.0,1.2047933096907844,0.0,0.0,99.53571428571428,0.0,0.0,0.0,0.0,28.0,4618.0,16.0,0.0,0.0,0.0,0.0,0.0,0.0,0.0,0.0,2
706.0,4.0,0.620631217321167,0.0,0.0,14.0,4.0,1.351783994285646,0.0,0.0,99.3,0.0,0.0,0.0,0.0,0.0,552.0,0.0,0.0,0.0,0.0,0.0,0.0,0.0,0.0,0.0,2
688.0,5.0,0.8513841311052049,0.0,0.0,28.0,6.0,1.710493230049004,0.0,0.0,95.6875,0.0,0.0,0.0,0.0,98.0,1372.0,16.0,0.0,0.0,0.0,0.0,0.0,0.0,0.0,0.0,2
672.0,2.0,0.0895780266655439,0.0,0.0,6.0,2.0,0.6365141682928128,0.0,0.0,93.28571428571428,0.0,0.0,0.0,0.0,42.0,46.0,8.0,0.0,0.0,0.0,0.0,0.0,0.0,0.0,0.0,2
696.0,6.0,1.5313932536527357,0.0,0.0,16.0,1.0,-1.000088900581841e-12,0.0,0.0,90.95454545454544,0.0,0.0,0.0,0.0,14.0,748.0,8.0,0.0,0.0,0.0,0.0,0.0,0.0,0.0,0.0,2
668.0,3.0,0.0569868713840965,0.0,0.0,2.0,1.0,-1.000088900581841e-12,0.0,0.0,88.0,0.0,0.0,0.0,0.0,42.0,44.0,8.0,0.0,0.0,0.0,0.0,0.0,0.0,0.0,0.0,2
688.0,3.0,0.5659680651314378,0.0,0.0,8.0,2.0,0.5623351446168083,0.0,0.0,86.53333333333333,0.0,0.0,0.0,0.0,28.0,1138.0,0.0,0.0,0.0,0.0,0.0,0.0,0.0,0.0,0.0,2
668.0,1.0,-1.000088900581841e-12,0.0,0.0,0.0,0.0,0.0,0.0,0.0,85.0,0.0,0.0,0.0,0.0,0.0,0.0,0.0,0.0,0.0,0.0,0.0,0.0,0.0,0.0,0.0,2
496.0,3.0,1.0963214679725373,0.0,0.0,34.0,4.0,1.3545810752091698,0.0,0.0,79.17647058823529,0.0,0.0,0.0,0.0,4.0,494.0,2.0,0.0,0.0,0.0,0.0,0.0,0.0,0.0,0.0,2
670.0,1.0,-1.000088900581841e-12,0.0,0.0,4.0,1.0,-1.000088900581841e-12,0.0,0.0,75.0,0.0,0.0,0.0,0.0,8.0,18.0,2.0,0.0,0.0,0.0,0.0,0.0,0.0,0.0,0.0,2
702.0,1.0,-1.000088900581841e-12,0.0,0.0,8.0,1.0,-1.000088900581841e-12,0.0,0.0,71.94444444444444,0.0,0.0,0.0,0.0,6.0,0.0,0.0,0.0,0.0,0.0,0.0,0.0,0.0,0.0,0.0,2
716.0,5.0,1.236046550645902,0.0,0.0,14.0,2.0,0.410116318286409,0.0,0.0,68.73333333333333,0.0,0.0,0.0,0.0,0.0,996.0,2.0,0.0,0.0,0.0,0.0,0.0,0.0,0.0,0.0,2
714.0,3.0,0.2504976147511464,0.0,0.0,16.0,2.0,0.3767701612544368,0.0,4.0,62.3,0.0,0.0,0.0,0.0,0.0,1438.0,0.0,0.0,0.0,0.0,0.0,0.0,0.0,0.0,0.0,2
668.0,1.0,-1.000088900581841e-12,0.0,0.0,36.0,1.0,-1.000088900581841e-12,0.0,0.0,69.06896551724138,0.0,0.0,0.0,0.0,0.0,0.0,0.0,0.0,0.0,0.0,0.0,0.0,0.0,0.0,0.0,2
622.0,1.0,-1.000088900581841e-12,0.0,0.0,30.0,1.0,-1.000088900581841e-12,0.0,0.0,86.0,0.0,0.0,0.0,0.0,0.0,0.0,0.0,0.0,0.0,0.0,0.0,0.0,0.0,0.0,0.0,2
0.0,0.0,0.0,0.0,0.0,16.0,1.0,-1.000088900581841e-12,0.0,0.0,97.0,0.0,0.0,0.0,0.0,0.0,0.0,0.0,0.0,0.0,0.0,0.0,0.0,0.0,0.0,0.0,2
0.0,0.0,0.0,0.0,0.0,6.0,1.0,-1.000088900581841e-12,0.0,0.0,100.0,0.0,0.0,0.0,0.0,0.0,0.0,0.0,0.0,0.0,0.0,0.0,0.0,0.0,0.0,0.0,2
0.0,0.0,0.0,0.0,0.0,2.0,1.0,-1.000088900581841e-12,0.0,0.0,100.0,0.0,0.0,0.0,0.0,0.0,0.0,0.0,0.0,0.0,0.0,0.0,0.0,0.0,0.0,0.0,2
0.0,0.0,0.0,0.0,0.0,0.0,0.0,0.0,0.0,0.0,100.0,0.0,0.0,0.0,0.0,0.0,0.0,0.0,0.0,0.0,0.0,0.0,0.0,0.0,0.0,0.0,2
0.0,0.0,0.0,0.0,0.0,0.0,0.0,0.0,0.0,0.0,100.0,0.0,0.0,0.0,0.0,0.0,0.0,0.0,0.0,0.0,0.0,0.0,0.0,0.0,0.0,0.0,2
0.0,0.0,0.0,0.0,0.0,0.0,0.0,0.0,0.0,0.0,100.0,0.0,0.0,0.0,0.0,0.0,0.0,0.0,0.0,0.0,0.0,0.0,0.0,0.0,0.0,0.0,2
0.0,0.0,0.0,0.0,0.0,0.0,0.0,0.0,0.0,0.0,100.0,0.0,0.0,0.0,0.0,0.0,0.0,0.0,0.0,0.0,0.0,0.0,0.0,0.0,0.0,0.0,2
0.0,0.0,0.0,0.0,0.0,0.0,0.0,0.0,0.0,0.0,100.0,0.0,0.0,0.0,0.0,0.0,0.0,0.0,0.0,0.0,0.0,0.0,0.0,0.0,0.0,0.0,2
0.0,0.0,0.0,0.0,0.0,0.0,0.0,0.0,0.0,0.0,100.0,0.0,0.0,0.0,0.0,0.0,0.0,0.0,0.0,0.0,0.0,0.0,0.0,0.0,0.0,0.0,2
0.0,0.0,0.0,0.0,0.0,0.0,0.0,0.0,0.0,0.0,100.0,0.0,0.0,0.0,0.0,0.0,0.0,0.0,0.0,0.0,0.0,0.0,0.0,0.0,0.0,0.0,2
0.0,0.0,0.0,0.0,0.0,0.0,0.0,0.0,0.0,0.0,100.0,0.0,0.0,0.0,0.0,0.0,0.0,0.0,0.0,0.0,0.0,0.0,0.0,0.0,0.0,0.0,2
0.0,0.0,0.0,0.0,0.0,4.0,1.0,-1.000088900581841e-12,0.0,0.0,100.0,0.0,0.0,0.0,0.0,0.0,0.0,0.0,0.0,0.0,0.0,0.0,0.0,0.0,0.0,0.0,2
716.0,3.0,0.7192835142090158,0.0,0.0,0.0,0.0,0.0,0.0,0.0,91.4,0.0,0.0,0.0,0.0,0.0,1422.0,0.0,0.0,0.0,0.0,0.0,0.0,0.0,0.0,0.0,2
704.0,8.0,1.3055885205236042,0.0,0.0,28.0,4.0,1.277034259462139,0.0,0.0,76.48,0.0,0.0,0.0,0.0,4.0,1214.0,4.0,0.0,0.0,0.0,0.0,0.0,0.0,0.0,0.0,2
718.0,4.0,0.3320129927517107,0.0,0.0,44.0,5.0,1.294545165839896,0.0,0.0,63.36666666666667,0.0,0.0,0.0,0.0,0.0,2802.0,0.0,0.0,0.0,0.0,0.0,0.0,0.0,0.0,0.0,2
718.0,4.0,0.2192540803900625,0.0,0.0,74.0,4.0,0.9581091493247432,0.0,16.0,68.76666666666667,0.0,0.0,0.0,0.0,0.0,172.0,0.0,0.0,0.0,0.0,0.0,0.0,0.0,0.0,0.0,2
718.0,8.0,1.3621761544981084,0.0,0.0,38.0,6.0,1.5581446180405498,0.0,0.0,80.12,0.0,0.0,0.0,0.0,6.0,326.0,4.0,0.0,0.0,0.0,0.0,0.0,0.0,0.0,0.0,2
710.0,3.0,0.5722350338253419,0.0,0.0,26.0,3.0,1.0579054247006736,0.0,0.0,55.285714285714285,0.0,0.0,0.0,0.0,4.0,160.0,4.0,0.0,0.0,0.0,0.0,0.0,0.0,0.0,0.0,2
714.0,4.0,0.2987174066055162,0.0,0.0,44.0,6.0,1.5266885233438816,0.0,0.0,40.63333333333333,0.0,0.0,0.0,0.0,8.0,98.0,6.0,0.0,0.0,0.0,0.0,0.0,0.0,0.0,0.0,2
678.0,2.0,0.0361645855794361,0.0,0.0,18.0,4.0,1.1490596969666202,0.0,0.0,48.6,0.0,0.0,0.0,0.0,2.0,352.0,0.0,0.0,0.0,0.0,0.0,0.0,0.0,0.0,0.0,2
326.0,3.0,0.7628459015629735,0.0,0.0,94.0,8.0,1.639118625361795,0.0,14.0,75.43333333333334,0.0,0.0,0.0,0.0,2.0,1148.0,2.0,0.0,0.0,0.0,0.0,0.0,0.0,0.0,0.0,2
714.0,3.0,0.5976305476668559,0.0,0.0,40.0,3.0,0.6874357505003553,0.0,2.0,97.57692307692308,0.0,0.0,0.0,0.0,2.0,2486.0,0.0,0.0,0.0,0.0,0.0,0.0,0.0,0.0,0.0,2
712.0,5.0,0.986853235922865,0.0,0.0,14.0,3.0,0.9556998911095343,0.0,0.0,100.0,0.0,0.0,0.0,0.0,6.0,1252.0,2.0,0.0,0.0,0.0,0.0,0.0,0.0,0.0,0.0,2
700.0,6.0,0.9393741838360355,0.0,0.0,14.0,3.0,1.0789922078745835,0.0,0.0,90.6086956521739,0.0,0.0,0.0,0.0,2.0,572.0,2.0,0.0,0.0,0.0,0.0,0.0,0.0,0.0,0.0,2
662.0,4.0,0.8046369482406741,0.0,0.0,4.0,2.0,0.6931471805579453,0.0,0.0,81.83333333333333,0.0,0.0,0.0,0.0,2.0,208.0,0.0,0.0,0.0,0.0,0.0,0.0,0.0,0.0,0.0,2
690.0,3.0,0.7871181198161581,0.0,0.0,12.0,3.0,1.0986122886651095,0.0,0.0,74.82352941176471,0.0,0.0,0.0,0.0,2.0,2.0,2.0,0.0,0.0,0.0,0.0,0.0,0.0,0.0,0.0,2
672.0,2.0,0.1914440819557173,0.0,0.0,2.0,1.0,-1.000088900581841e-12,0.0,0.0,68.28571428571429,0.0,0.0,0.0,0.0,10.0,62.0,0.0,0.0,0.0,0.0,0.0,0.0,0.0,0.0,0.0,2
672.0,2.0,0.2939152147859742,0.0,0.0,40.0,2.0,0.1985152433438726,0.0,6.0,69.33333333333333,0.0,0.0,0.0,0.0,2.0,156.0,0.0,0.0,0.0,0.0,0.0,0.0,0.0,0.0,0.0,2
64.0,1.0,-1.000088900581841e-12,0.0,0.0,18.0,1.0,-1.000088900581841e-12,0.0,0.0,96.33333333333331,0.0,0.0,0.0,0.0,0.0,0.0,0.0,0.0,0.0,0.0,0.0,0.0,0.0,0.0,0.0,2
0.0,0.0,0.0,0.0,0.0,0.0,0.0,0.0,0.0,0.0,100.0,0.0,0.0,0.0,0.0,0.0,0.0,0.0,0.0,0.0,0.0,0.0,0.0,0.0,0.0,0.0,2
0.0,0.0,0.0,0.0,0.0,4.0,1.0,-1.000088900581841e-12,0.0,0.0,100.0,0.0,0.0,0.0,0.0,0.0,0.0,0.0,0.0,0.0,0.0,0.0,0.0,0.0,0.0,0.0,2
714.0,4.0,0.9165317394624598,0.0,0.0,6.0,1.0,-1.000088900581841e-12,0.0,0.0,84.8,0.0,0.0,0.0,0.0,0.0,1310.0,0.0,0.0,0.0,0.0,0.0,0.0,0.0,0.0,0.0,2
718.0,1.0,-1.000088900581841e-12,0.0,0.0,38.0,3.0,0.7534424611772383,0.0,0.0,83.53333333333333,0.0,0.0,0.0,0.0,0.0,0.0,0.0,0.0,0.0,0.0,0.0,0.0,0.0,0.0,0.0,2
710.0,2.0,0.0193541070808632,0.0,0.0,0.0,0.0,0.0,0.0,0.0,80.26666666666667,0.0,0.0,0.0,0.0,0.0,1206.0,0.0,0.0,0.0,0.0,0.0,0.0,0.0,0.0,0.0,2
696.0,7.0,1.2351215399106403,0.0,0.0,34.0,5.0,1.4669071049072546,0.0,0.0,51.333333333333336,0.0,0.0,0.0,0.0,2.0,456.0,0.0,0.0,0.0,0.0,0.0,0.0,0.0,0.0,0.0,2
668.0,1.0,-1.000088900581841e-12,0.0,0.0,20.0,3.0,0.9502705392302344,0.0,0.0,47.142857142857146,0.0,0.0,0.0,0.0,24.0,0.0,2.0,0.0,0.0,0.0,0.0,0.0,0.0,0.0,0.0,2
686.0,3.0,0.1864671880737773,0.0,0.0,10.0,3.0,1.054920167983144,0.0,0.0,45.083333333333336,0.0,0.0,0.0,0.0,18.0,52.0,2.0,0.0,0.0,0.0,0.0,0.0,0.0,0.0,0.0,3
694.0,2.0,0.280455361866268,0.0,0.0,48.0,6.0,1.4876606381409316,0.0,2.0,45.75862068965517,0.0,0.0,0.0,0.0,4.0,668.0,2.0,0.0,0.0,0.0,0.0,0.0,0.0,0.0,0.0,2
706.0,7.0,1.0257041461886538,0.0,0.0,46.0,7.0,1.672974006912372,0.0,0.0,63.13333333333333,0.0,0.0,0.0,0.0,0.0,960.0,0.0,0.0,0.0,0.0,0.0,0.0,0.0,0.0,0.0,2
704.0,2.0,0.0863062523422877,0.0,0.0,92.0,4.0,0.9190828641406048,0.0,0.0,86.43333333333334,0.0,0.0,0.0,0.0,2.0,24.0,0.0,0.0,0.0,0.0,0.0,0.0,0.0,0.0,0.0,2
508.0,5.0,1.151279472571366,0.0,0.0,20.0,3.0,1.0296530140615736,0.0,0.0,100.0,0.0,0.0,0.0,0.0,6.0,738.0,2.0,0.0,0.0,0.0,0.0,0.0,0.0,0.0,0.0,2
686.0,4.0,0.8319088506719208,0.0,0.0,20.0,4.0,1.3321790402061222,0.0,0.0,95.13636363636364,0.0,0.0,0.0,0.0,4.0,808.0,2.0,0.0,0.0,0.0,0.0,0.0,0.0,0.0,0.0,2
704.0,5.0,1.0982846038682714,0.0,0.0,18.0,3.0,1.0608569471550215,0.0,0.0,84.6086956521739,0.0,0.0,0.0,0.0,2.0,814.0,2.0,0.0,0.0,0.0,0.0,0.0,0.0,0.0,0.0,2
696.0,2.0,0.1951168214426941,0.0,0.0,8.0,2.0,0.5623351446168083,0.0,0.0,76.82352941176471,0.0,0.0,0.0,0.0,8.0,76.0,2.0,0.0,0.0,0.0,0.0,0.0,0.0,0.0,0.0,2
688.0,4.0,0.4394445067516183,0.0,0.0,12.0,2.0,0.6365141682928128,0.0,0.0,71.0,0.0,0.0,0.0,0.0,8.0,152.0,4.0,0.0,0.0,0.0,0.0,0.0,0.0,0.0,0.0,2
706.0,5.0,0.4606217603504408,0.0,0.0,26.0,4.0,1.3061066090813949,0.0,0.0,63.38095238095238,0.0,0.0,0.0,0.0,6.0,90.0,6.0,0.0,0.0,0.0,0.0,0.0,0.0,0.0,0.0,2
716.0,4.0,0.3399793306324707,0.0,0.0,6.0,2.0,0.6365141682928128,0.0,0.0,54.86206896551724,0.0,0.0,0.0,0.0,2.0,764.0,2.0,0.0,0.0,0.0,0.0,0.0,0.0,0.0,0.0,2
670.0,1.0,-1.000088900581841e-12,0.0,0.0,0.0,0.0,0.0,0.0,0.0,47.833333333333336,0.0,0.0,0.0,0.0,0.0,0.0,0.0,0.0,0.0,0.0,0.0,0.0,0.0,0.0,0.0,2
0.0,0.0,0.0,0.0,0.0,0.0,0.0,0.0,0.0,0.0,46.333333333333336,0.0,0.0,0.0,0.0,0.0,0.0,0.0,0.0,0.0,0.0,0.0,0.0,0.0,0.0,0.0,2
0.0,0.0,0.0,0.0,0.0,0.0,0.0,0.0,0.0,0.0,45.0,0.0,0.0,0.0,0.0,0.0,0.0,0.0,0.0,0.0,0.0,0.0,0.0,0.0,0.0,0.0,2
0.0,0.0,0.0,0.0,0.0,0.0,0.0,0.0,0.0,0.0,44.0,0.0,0.0,0.0,0.0,0.0,0.0,0.0,0.0,0.0,0.0,0.0,0.0,0.0,0.0,0.0,2
0.0,0.0,0.0,0.0,0.0,0.0,0.0,0.0,0.0,0.0,43.0,0.0,0.0,0.0,0.0,0.0,0.0,0.0,0.0,0.0,0.0,0.0,0.0,0.0,0.0,0.0,2
0.0,0.0,0.0,0.0,0.0,0.0,0.0,0.0,0.0,0.0,41.833333333333336,0.0,0.0,0.0,0.0,0.0,0.0,0.0,0.0,0.0,0.0,0.0,0.0,0.0,0.0,0.0,2
222.0,1.0,-1.000088900581841e-12,0.0,0.0,14.0,2.0,0.6829081046984717,0.0,0.0,40.66666666666666,0.0,0.0,0.0,0.0,2.0,0.0,0.0,0.0,0.0,0.0,0.0,0.0,0.0,0.0,0.0,2
680.0,8.0,0.7341946683444807,0.0,0.0,386.0,13.0,1.2996005708477123,0.0,0.0,36.28,0.0,0.0,0.0,0.0,4.0,1426.0,2.0,0.0,0.0,0.0,0.0,0.0,0.0,0.0,0.0,2
714.0,6.0,0.6910759369184813,0.0,0.0,54.0,4.0,1.2730283365856256,0.0,0.0,37.73333333333333,0.0,0.0,0.0,0.0,0.0,832.0,0.0,0.0,0.0,0.0,0.0,0.0,0.0,0.0,0.0,2
714.0,7.0,1.2997530638182653,0.0,0.0,82.0,10.0,1.9955322419628647,0.0,0.0,58.06666666666667,0.0,0.0,0.0,0.0,6.0,850.0,6.0,0.0,0.0,0.0,0.0,0.0,0.0,0.0,0.0,2
712.0,5.0,0.9663807925568382,0.0,0.0,138.0,6.0,1.1952834890059858,0.0,4.0,82.4,0.0,0.0,0.0,0.0,2.0,902.0,2.0,0.0,0.0,0.0,0.0,0.0,0.0,0.0,0.0,2
712.0,8.0,1.4243846603252477,0.0,0.0,64.0,5.0,1.3022469330228486,0.0,20.0,99.53333333333332,0.0,0.0,0.0,0.0,0.0,1578.0,0.0,0.0,0.0,0.0,0.0,0.0,0.0,0.0,0.0,2
682.0,8.0,1.3245171692050326,0.0,0.0,44.0,5.0,1.4398911367592253,0.0,0.0,85.0625,0.0,0.0,0.0,0.0,14.0,772.0,8.0,0.0,0.0,0.0,0.0,0.0,0.0,0.0,0.0,2
540.0,8.0,1.4180164527060797,0.0,0.0,18.0,5.0,1.581093750166824,0.0,0.0,73.04545454545455,0.0,0.0,0.0,0.0,2.0,916.0,2.0,0.0,0.0,0.0,0.0,0.0,0.0,0.0,0.0,2
714.0,5.0,1.0044011450029344,0.0,0.0,72.0,4.0,1.0419792763989772,0.0,0.0,59.46666666666667,0.0,0.0,0.0,0.0,0.0,704.0,0.0,0.0,0.0,0.0,0.0,0.0,0.0,0.0,0.0,2
710.0,7.0,1.0818090475018196,0.0,0.0,192.0,5.0,0.5632440144368507,0.0,0.0,41.833333333333336,0.0,0.0,0.0,0.0,0.0,1356.0,0.0,0.0,0.0,0.0,0.0,0.0,0.0,0.0,0.0,3
666.0,3.0,0.1268210622487564,0.0,0.0,40.0,2.0,0.3250829733894482,0.0,6.0,53.03333333333333,0.0,0.0,0.0,0.0,6.0,82.0,2.0,0.0,0.0,0.0,0.0,0.0,0.0,0.0,0.0,2
716.0,6.0,0.4217571055827954,0.0,0.0,68.0,10.0,1.9286485500775703,0.0,2.0,75.83333333333333,0.0,0.0,0.0,0.0,0.0,270.0,0.0,0.0,0.0,0.0,0.0,0.0,0.0,0.0,0.0,3
684.0,7.0,1.2066173264697708,0.0,0.0,106.0,8.0,1.503003314806988,0.0,24.0,92.96153846153848,0.0,0.0,0.0,0.0,8.0,782.0,4.0,0.0,0.0,0.0,0.0,0.0,0.0,0.0,0.0,2
714.0,6.0,0.7655341769591594,0.0,0.0,14.0,2.0,0.6829081046984717,0.0,0.0,98.8,0.0,0.0,0.0,0.0,0.0,1874.0,0.0,0.0,0.0,0.0,0.0,0.0,0.0,0.0,0.0,2
532.0,2.0,0.48872080759027,0.0,0.0,8.0,2.0,0.5623351446168083,0.0,0.0,86.75,0.0,0.0,0.0,0.0,2.0,158.0,2.0,0.0,0.0,0.0,0.0,0.0,0.0,0.0,0.0,2
692.0,5.0,1.012496061709161,0.0,0.0,8.0,1.0,-1.000088900581841e-12,0.0,0.0,78.55,0.0,0.0,0.0,0.0,14.0,808.0,4.0,0.0,0.0,0.0,0.0,0.0,0.0,0.0,0.0,2
712.0,6.0,1.2775274353313784,0.0,0.0,16.0,4.0,1.320888343145322,0.0,0.0,64.13636363636364,0.0,0.0,0.0,0.0,4.0,1064.0,4.0,0.0,0.0,0.0,0.0,0.0,0.0,0.0,0.0,2
668.0,1.0,-1.000088900581841e-12,0.0,0.0,34.0,1.0,-1.000088900581841e-12,0.0,0.0,66.43333333333334,0.0,0.0,0.0,0.0,0.0,0.0,0.0,0.0,0.0,0.0,0.0,0.0,0.0,0.0,0.0,2
0.0,0.0,0.0,0.0,0.0,20.0,1.0,-1.000088900581841e-12,0.0,0.0,93.23333333333332,0.0,0.0,0.0,0.0,0.0,0.0,0.0,0.0,0.0,0.0,0.0,0.0,0.0,0.0,0.0,2
0.0,0.0,0.0,0.0,0.0,0.0,0.0,0.0,0.0,0.0,100.0,0.0,0.0,0.0,0.0,0.0,0.0,0.0,0.0,0.0,0.0,0.0,0.0,0.0,0.0,0.0,2
0.0,0.0,0.0,0.0,0.0,0.0,0.0,0.0,0.0,0.0,100.0,0.0,0.0,0.0,0.0,0.0,0.0,0.0,0.0,0.0,0.0,0.0,0.0,0.0,0.0,0.0,2
0.0,0.0,0.0,0.0,0.0,0.0,0.0,0.0,0.0,0.0,100.0,0.0,0.0,0.0,0.0,0.0,0.0,0.0,0.0,0.0,0.0,0.0,0.0,0.0,0.0,0.0,2
0.0,0.0,0.0,0.0,0.0,0.0,0.0,0.0,0.0,0.0,100.0,0.0,0.0,0.0,0.0,0.0,0.0,0.0,0.0,0.0,0.0,0.0,0.0,0.0,0.0,0.0,2
0.0,0.0,0.0,0.0,0.0,0.0,0.0,0.0,0.0,0.0,100.0,0.0,0.0,0.0,0.0,0.0,0.0,0.0,0.0,0.0,0.0,0.0,0.0,0.0,0.0,0.0,2
0.0,0.0,0.0,0.0,0.0,4.0,1.0,-1.000088900581841e-12,0.0,0.0,100.0,0.0,0.0,0.0,0.0,0.0,0.0,0.0,0.0,0.0,0.0,0.0,0.0,0.0,0.0,0.0,2
716.0,1.0,-1.000088900581841e-12,0.0,0.0,4.0,1.0,-1.000088900581841e-12,0.0,0.0,91.76666666666668,0.0,0.0,0.0,0.0,0.0,1140.0,0.0,0.0,0.0,0.0,0.0,0.0,0.0,0.0,0.0,2
702.0,6.0,1.0110015948831834,0.0,0.0,32.0,6.0,1.7541053309932877,0.0,2.0,76.4,0.0,0.0,0.0,0.0,2.0,1632.0,2.0,0.0,0.0,0.0,0.0,0.0,0.0,0.0,0.0,2
720.0,2.0,0.034389855079904,0.0,0.0,34.0,5.0,1.3130105920353288,0.0,0.0,93.93333333333334,0.0,0.0,0.0,0.0,10.0,14.0,2.0,0.0,0.0,0.0,0.0,0.0,0.0,0.0,0.0,2
718.0,1.0,-1.000088900581841e-12,0.0,0.0,64.0,3.0,0.4470620543307878,0.0,0.0,99.5,0.0,0.0,0.0,0.0,0.0,1712.0,0.0,0.0,0.0,0.0,0.0,0.0,0.0,0.0,0.0,2
702.0,6.0,1.2259948131600331,0.0,0.0,58.0,4.0,1.1288729884368482,0.0,0.0,86.84210526315789,0.0,0.0,0.0,0.0,10.0,522.0,6.0,0.0,0.0,0.0,0.0,0.0,0.0,0.0,0.0,2
712.0,2.0,0.0193076542663995,0.0,0.0,4.0,1.0,-1.000088900581841e-12,0.0,0.0,71.63333333333334,0.0,0.0,0.0,0.0,0.0,1562.0,0.0,0.0,0.0,0.0,0.0,0.0,0.0,0.0,0.0,2
702.0,4.0,1.0630338666251755,0.0,0.0,14.0,1.0,-1.000088900581841e-12,0.0,0.0,38.46666666666667,0.0,0.0,0.0,0.0,8.0,558.0,8.0,0.0,0.0,0.0,0.0,0.0,0.0,0.0,0.0,2
144.0,3.0,0.5497515141194523,0.0,0.0,24.0,6.0,1.704551445261297,0.0,0.0,21.0,0.0,0.0,2.0,2.0,2.0,232.0,2.0,0.0,0.0,0.0,0.0,0.0,0.0,0.0,0.0,2
712.0,3.0,0.5626233657854833,0.0,0.0,36.0,4.0,1.002718264513516,0.0,6.0,30.766666666666666,0.0,0.0,0.0,0.0,2.0,776.0,2.0,0.0,0.0,0.0,0.0,0.0,0.0,0.0,0.0,2
668.0,2.0,0.0512696782567,0.0,0.0,34.0,3.0,0.5783252866571273,0.0,2.0,48.9,0.0,0.0,0.0,0.0,2.0,10.0,0.0,0.0,0.0,0.0,0.0,0.0,0.0,0.0,0.0,2
702.0,3.0,0.9958044549718628,0.0,0.0,540.0,6.0,0.7377019713953638,0.0,6.0,62.333333333333336,0.0,0.0,0.0,0.0,8.0,800.0,2.0,0.0,0.0,0.0,0.0,0.0,0.0,0.0,0.0,2
704.0,10.0,1.6252442762265906,0.0,0.0,34.0,3.0,0.923840705627872,0.0,14.0,66.43333333333334,0.0,0.0,0.0,0.0,0.0,1632.0,0.0,0.0,0.0,0.0,0.0,0.0,0.0,0.0,0.0,2
700.0,1.0,-1.000088900581841e-12,0.0,0.0,42.0,4.0,0.8872422356405005,0.0,2.0,83.1,0.0,0.0,0.0,0.0,4.0,0.0,0.0,0.0,0.0,0.0,0.0,0.0,0.0,0.0,0.0,2
0.0,0.0,0.0,0.0,0.0,0.0,0.0,0.0,0.0,0.0,100.0,0.0,0.0,0.0,0.0,2.0,0.0,0.0,0.0,0.0,0.0,0.0,0.0,0.0,0.0,0.0,2
682.0,5.0,0.8934644882732738,0.0,0.0,16.0,2.0,0.5623351446168083,0.0,0.0,94.83333333333331,0.0,0.0,0.0,0.0,6.0,780.0,6.0,0.0,0.0,0.0,0.0,0.0,0.0,0.0,0.0,2
708.0,1.0,-1.000088900581841e-12,0.0,0.0,16.0,4.0,1.3208883431453222,0.0,0.0,93.3181818181818,0.0,0.0,0.0,0.0,2.0,2.0,2.0,0.0,0.0,0.0,0.0,0.0,0.0,0.0,0.0,2
676.0,4.0,0.4499751977631691,0.0,0.0,8.0,2.0,0.5623351446168083,0.0,0.0,91.33333333333331,0.0,0.0,0.0,0.0,10.0,192.0,2.0,0.0,0.0,0.0,0.0,0.0,0.0,0.0,0.0,2
668.0,1.0,-1.000088900581841e-12,0.0,0.0,0.0,0.0,0.0,0.0,0.0,85.0,0.0,0.0,0.0,0.0,0.0,0.0,0.0,0.0,0.0,0.0,0.0,0.0,0.0,0.0,0.0,2
0.0,0.0,0.0,0.0,0.0,0.0,0.0,0.0,0.0,0.0,84.0,0.0,0.0,0.0,0.0,0.0,0.0,0.0,0.0,0.0,0.0,0.0,0.0,0.0,0.0,0.0,2
0.0,0.0,0.0,0.0,0.0,0.0,0.0,0.0,0.0,0.0,83.0,0.0,0.0,0.0,0.0,0.0,0.0,0.0,0.0,0.0,0.0,0.0,0.0,0.0,0.0,0.0,2
0.0,0.0,0.0,0.0,0.0,0.0,0.0,0.0,0.0,0.0,82.0,0.0,0.0,0.0,0.0,0.0,0.0,0.0,0.0,0.0,0.0,0.0,0.0,0.0,0.0,0.0,2
0.0,0.0,0.0,0.0,0.0,0.0,0.0,0.0,0.0,0.0,81.0,0.0,0.0,0.0,0.0,0.0,0.0,0.0,0.0,0.0,0.0,0.0,0.0,0.0,0.0,0.0,2
0.0,0.0,0.0,0.0,0.0,0.0,0.0,0.0,0.0,0.0,80.0,0.0,0.0,0.0,0.0,0.0,0.0,0.0,0.0,0.0,0.0,0.0,0.0,0.0,0.0,0.0,2
0.0,0.0,0.0,0.0,0.0,0.0,0.0,0.0,0.0,0.0,79.0,0.0,0.0,0.0,0.0,0.0,0.0,0.0,0.0,0.0,0.0,0.0,0.0,0.0,0.0,0.0,2
698.0,7.0,1.1623823879129895,0.0,0.0,198.0,11.0,1.3794475573905898,0.0,0.0,75.4090909090909,0.0,0.0,0.0,0.0,6.0,1396.0,4.0,0.0,0.0,0.0,0.0,0.0,0.0,0.0,0.0,2
684.0,8.0,1.2983423212773535,0.0,0.0,34.0,6.0,1.680767983705968,0.0,0.0,67.14285714285714,0.0,0.0,0.0,0.0,8.0,136.0,6.0,0.0,0.0,0.0,0.0,0.0,0.0,0.0,0.0,2
690.0,8.0,1.2343678283449524,0.0,0.0,50.0,6.0,1.609690283292859,0.0,0.0,60.23529411764706,0.0,0.0,0.0,0.0,8.0,328.0,8.0,0.0,0.0,0.0,0.0,0.0,0.0,0.0,0.0,2
694.0,5.0,1.2648493475762632,0.0,0.0,340.0,9.0,1.022389202149811,0.0,14.0,67.88,0.0,0.0,0.0,0.0,16.0,938.0,6.0,0.0,0.0,0.0,0.0,0.0,0.0,0.0,0.0,2
712.0,1.0,-1.000088900581841e-12,0.0,0.0,8.0,2.0,0.6931471805579453,0.0,0.0,41.266666666666666,0.0,0.0,0.0,0.0,0.0,690.0,0.0,0.0,0.0,0.0,0.0,0.0,0.0,0.0,0.0,2
634.0,6.0,0.3262732364248881,0.0,0.0,70.0,7.0,1.5875790405858723,0.0,0.0,17.74074074074074,0.0,0.0,0.0,0.0,8.0,46.0,4.0,0.0,0.0,0.0,0.0,0.0,0.0,0.0,0.0,2
718.0,4.0,0.9638653672806264,0.0,0.0,78.0,5.0,1.26128473700028,0.0,0.0,42.06666666666667,0.0,0.0,0.0,0.0,4.0,616.0,2.0,0.0,0.0,0.0,0.0,0.0,0.0,0.0,0.0,2
718.0,3.0,0.8719197059648165,0.0,0.0,56.0,2.0,0.2573186405418316,0.0,64.0,61.13333333333333,0.0,0.0,0.0,0.0,0.0,636.0,0.0,0.0,0.0,0.0,0.0,0.0,0.0,0.0,0.0,2
696.0,4.0,0.7736423542383843,0.0,0.0,88.0,8.0,1.4829248471683325,0.0,0.0,64.93333333333334,0.0,0.0,0.0,0.0,4.0,196.0,2.0,0.0,0.0,0.0,0.0,0.0,0.0,0.0,0.0,2
662.0,1.0,-1.000088900581841e-12,0.0,0.0,108.0,4.0,0.9385552383531583,0.0,4.0,78.89655172413794,0.0,0.0,0.0,0.0,8.0,0.0,0.0,0.0,0.0,0.0,0.0,0.0,0.0,0.0,0.0,2
716.0,4.0,0.8931418067004956,0.0,0.0,102.0,5.0,0.8916833489307945,0.0,0.0,100.0,0.0,0.0,0.0,0.0,0.0,908.0,0.0,0.0,0.0,0.0,0.0,0.0,0.0,0.0,0.0,2
422.0,1.0,-1.000088900581841e-12,0.0,0.0,2.0,1.0,-1.000088900581841e-12,0.0,0.0,98.16666666666669,0.0,0.0,0.0,0.0,0.0,0.0,0.0,0.0,0.0,0.0,0.0,0.0,0.0,0.0,0.0,2
676.0,3.0,0.3846312877947177,0.0,0.0,70.0,2.0,0.410116318286409,0.0,0.0,97.125,0.0,0.0,0.0,0.0,20.0,108.0,6.0,0.0,0.0,0.0,0.0,0.0,0.0,0.0,0.0,2
704.0,3.0,0.5828489916382518,0.0,0.0,8.0,2.0,0.5623351446168083,0.0,0.0,85.72,0.0,0.0,0.0,0.0,0.0,1026.0,0.0,0.0,0.0,0.0,0.0,0.0,0.0,0.0,0.0,2
670.0,1.0,-1.000088900581841e-12,0.0,0.0,4.0,1.0,-1.000088900581841e-12,0.0,0.0,75.66666666666667,0.0,0.0,0.0,0.0,0.0,0.0,0.0,0.0,0.0,0.0,0.0,0.0,0.0,0.0,0.0,2
692.0,2.0,0.0355514210165077,0.0,0.0,18.0,4.0,1.273028336585626,0.0,0.0,68.33333333333333,0.0,0.0,0.0,0.0,0.0,38.0,0.0,0.0,0.0,0.0,0.0,0.0,0.0,0.0,0.0,2
472.0,6.0,1.1894286695388985,0.0,0.0,20.0,3.0,0.8979457248537798,0.0,6.0,63.0,0.0,0.0,0.0,0.0,12.0,1672.0,6.0,0.0,0.0,0.0,0.0,0.0,0.0,0.0,0.0,2
670.0,2.0,0.0365253272719986,0.0,0.0,44.0,2.0,0.1849073991657757,0.0,12.0,61.833333333333336,0.0,0.0,0.0,0.0,6.0,22.0,0.0,0.0,0.0,0.0,0.0,0.0,0.0,0.0,0.0,2
8.0,1.0,-1.000088900581841e-12,0.0,0.0,20.0,2.0,0.3250829733894482,0.0,0.0,92.96666666666668,0.0,0.0,0.0,0.0,0.0,0.0,0.0,0.0,0.0,0.0,0.0,0.0,0.0,0.0,0.0,2
0.0,0.0,0.0,0.0,0.0,0.0,0.0,0.0,0.0,0.0,100.0,0.0,0.0,0.0,0.0,0.0,0.0,0.0,0.0,0.0,0.0,0.0,0.0,0.0,0.0,0.0,2
0.0,0.0,0.0,0.0,0.0,0.0,0.0,0.0,0.0,0.0,100.0,0.0,0.0,0.0,0.0,0.0,0.0,0.0,0.0,0.0,0.0,0.0,0.0,0.0,0.0,0.0,2
0.0,0.0,0.0,0.0,0.0,0.0,0.0,0.0,0.0,0.0,100.0,0.0,0.0,0.0,0.0,0.0,0.0,0.0,0.0,0.0,0.0,0.0,0.0,0.0,0.0,0.0,2
0.0,0.0,0.0,0.0,0.0,0.0,0.0,0.0,0.0,0.0,100.0,0.0,0.0,0.0,0.0,0.0,0.0,0.0,0.0,0.0,0.0,0.0,0.0,0.0,0.0,0.0,2
0.0,0.0,0.0,0.0,0.0,0.0,0.0,0.0,0.0,0.0,100.0,0.0,0.0,0.0,0.0,0.0,0.0,0.0,0.0,0.0,0.0,0.0,0.0,0.0,0.0,0.0,2
676.0,6.0,1.200876315576347,0.0,0.0,100.0,11.0,2.1752150319462404,0.0,6.0,97.0,0.0,0.0,0.0,0.0,6.0,3298.0,2.0,0.0,0.0,0.0,0.0,0.0,0.0,0.0,0.0,2
714.0,5.0,1.0971048372971437,0.0,0.0,20.0,4.0,1.2798542258296677,0.0,0.0,86.66666666666667,0.0,0.0,0.0,0.0,12.0,1308.0,4.0,0.0,0.0,0.0,0.0,0.0,0.0,0.0,0.0,2
702.0,5.0,1.3764091644855705,0.0,0.0,30.0,4.0,1.251989420809713,0.0,0.0,71.89473684210526,0.0,0.0,0.0,0.0,12.0,1074.0,8.0,0.0,0.0,0.0,0.0,0.0,0.0,0.0,0.0,2
702.0,5.0,0.7882531443378437,0.0,0.0,52.0,5.0,1.1917241530132152,0.0,0.0,57.32142857142857,0.0,0.0,0.0,0.0,24.0,1610.0,6.0,0.0,0.0,0.0,0.0,0.0,0.0,0.0,0.0,2
658.0,3.0,0.0577147699518352,0.0,0.0,70.0,4.0,0.9896796161328928,0.0,0.0,50.16666666666666,0.0,0.0,0.0,0.0,6.0,32.0,2.0,0.0,0.0,0.0,0.0,0.0,0.0,0.0,0.0,2
686.0,3.0,0.11356028955909,0.0,0.0,26.0,6.0,1.73798344858105,0.0,0.0,45.9,0.0,0.0,0.0,0.0,24.0,46.0,10.0,0.0,0.0,0.0,0.0,0.0,0.0,0.0,0.0,2
704.0,2.0,0.0745320613809532,0.0,0.0,14.0,3.0,1.0789922078745835,0.0,0.0,36.15,0.0,0.0,0.0,0.0,42.0,22.0,6.0,0.0,0.0,0.0,0.0,0.0,0.0,0.0,0.0,2
706.0,5.0,1.0452707844423823,0.0,0.0,62.0,5.0,1.4192606486569952,0.0,6.0,36.61538461538461,0.0,0.0,0.0,0.0,18.0,752.0,6.0,0.0,0.0,0.0,0.0,0.0,0.0,0.0,0.0,2
712.0,5.0,0.8373473565101108,0.0,0.0,32.0,5.0,1.2767197047731782,0.0,0.0,58.9,0.0,0.0,0.0,0.0,0.0,2216.0,0.0,0.0,0.0,0.0,0.0,0.0,0.0,0.0,0.0,2
718.0,1.0,-1.000088900581841e-12,0.0,0.0,24.0,4.0,0.9830877585707856,0.0,0.0,75.26666666666667,0.0,0.0,0.0,0.0,0.0,810.0,0.0,0.0,0.0,0.0,0.0,0.0,0.0,0.0,0.0,2
716.0,2.0,0.3671475500721706,0.0,0.0,50.0,6.0,1.1671601704047627,0.0,0.0,90.1,0.0,0.0,0.0,0.0,0.0,276.0,0.0,0.0,0.0,0.0,0.0,0.0,0.0,0.0,0.0,2
716.0,1.0,-1.000088900581841e-12,0.0,0.0,68.0,2.0,0.2237180760638337,0.0,0.0,97.56666666666666,0.0,0.0,0.0,0.0,0.0,1090.0,0.0,0.0,0.0,0.0,0.0,0.0,0.0,0.0,0.0,2
716.0,4.0,0.7285200842924002,0.0,0.0,18.0,4.0,1.3689223607362195,0.0,0.0,84.13333333333334,0.0,0.0,0.0,0.0,0.0,588.0,0.0,0.0,0.0,0.0,0.0,0.0,0.0,0.0,0.0,2
712.0,2.0,0.147403736653668,0.0,0.0,0.0,0.0,0.0,0.0,0.0,68.4,0.0,0.0,0.0,0.0,0.0,1234.0,0.0,0.0,0.0,0.0,0.0,0.0,0.0,0.0,0.0,2
490.0,4.0,1.0552916234502705,0.0,0.0,28.0,5.0,1.4377014436379416,0.0,0.0,51.54545454545455,0.0,0.0,0.0,0.0,0.0,1050.0,0.0,0.0,0.0,0.0,0.0,0.0,0.0,0.0,0.0,2
674.0,1.0,-1.000088900581841e-12,0.0,0.0,6.0,2.0,0.6365141682928128,0.0,0.0,43.833333333333336,0.0,0.0,0.0,0.0,2.0,0.0,0.0,0.0,0.0,0.0,0.0,0.0,0.0,0.0,0.0,2
718.0,1.0,-1.000088900581841e-12,0.0,0.0,42.0,2.0,0.410116318286409,0.0,0.0,66.6,0.0,0.0,0.0,0.0,4.0,0.0,0.0,0.0,0.0,0.0,0.0,0.0,0.0,0.0,0.0,2
158.0,4.0,0.9784072071789824,0.0,0.0,28.0,2.0,0.5982695885832573,0.0,2.0,93.43333333333334,0.0,0.0,0.0,0.0,8.0,134.0,2.0,0.0,0.0,0.0,0.0,0.0,0.0,0.0,0.0,2
670.0,1.0,-1.000088900581841e-12,0.0,0.0,0.0,0.0,0.0,0.0,0.0,91.0,0.0,0.0,0.0,0.0,0.0,0.0,0.0,0.0,0.0,0.0,0.0,0.0,0.0,0.0,0.0,2
0.0,0.0,0.0,0.0,0.0,0.0,0.0,0.0,0.0,0.0,91.0,0.0,0.0,0.0,0.0,0.0,0.0,0.0,0.0,0.0,0.0,0.0,0.0,0.0,0.0,0.0,2
0.0,0.0,0.0,0.0,0.0,0.0,0.0,0.0,0.0,0.0,91.0,0.0,0.0,0.0,0.0,0.0,0.0,0.0,0.0,0.0,0.0,0.0,0.0,0.0,0.0,0.0,2
0.0,0.0,0.0,0.0,0.0,0.0,0.0,0.0,0.0,0.0,91.0,0.0,0.0,0.0,0.0,0.0,0.0,0.0,0.0,0.0,0.0,0.0,0.0,0.0,0.0,0.0,2
0.0,0.0,0.0,0.0,0.0,0.0,0.0,0.0,0.0,0.0,91.0,0.0,0.0,0.0,0.0,0.0,0.0,0.0,0.0,0.0,0.0,0.0,0.0,0.0,0.0,0.0,2
0.0,0.0,0.0,0.0,0.0,0.0,0.0,0.0,0.0,0.0,91.0,0.0,0.0,0.0,0.0,0.0,0.0,0.0,0.0,0.0,0.0,0.0,0.0,0.0,0.0,0.0,2
0.0,0.0,0.0,0.0,0.0,0.0,0.0,0.0,0.0,0.0,90.0,0.0,0.0,0.0,0.0,0.0,0.0,0.0,0.0,0.0,0.0,0.0,0.0,0.0,0.0,0.0,2
0.0,0.0,0.0,0.0,0.0,0.0,0.0,0.0,0.0,0.0,89.0,0.0,0.0,0.0,0.0,0.0,0.0,0.0,0.0,0.0,0.0,0.0,0.0,0.0,0.0,0.0,2
716.0,3.0,0.8585189757120566,0.0,0.0,14.0,3.0,0.9556998911095343,0.0,0.0,80.2,0.0,0.0,0.0,0.0,0.0,1170.0,0.0,0.0,0.0,0.0,0.0,0.0,0.0,0.0,0.0,2
716.0,3.0,0.7291776435514356,0.0,0.0,4.0,1.0,-1.000088900581841e-12,0.0,0.0,68.06666666666666,0.0,0.0,0.0,0.0,0.0,854.0,0.0,0.0,0.0,0.0,0.0,0.0,0.0,0.0,0.0,2
684.0,2.0,0.3237961435143759,0.0,0.0,6.0,2.0,0.6365141682928128,0.0,0.0,57.53846153846154,0.0,0.0,0.0,0.0,2.0,42.0,2.0,0.0,0.0,0.0,0.0,0.0,0.0,0.0,0.0,2
692.0,3.0,0.3366078607795006,0.0,0.0,12.0,3.0,1.0114042647043515,0.0,0.0,51.72222222222222,0.0,0.0,0.0,0.0,0.0,88.0,0.0,0.0,0.0,0.0,0.0,0.0,0.0,0.0,0.0,2
708.0,4.0,0.9359831016799156,0.0,0.0,24.0,3.0,0.8239592164980822,0.0,0.0,44.65217391304348,0.0,0.0,0.0,0.0,10.0,1892.0,4.0,0.0,0.0,0.0,0.0,0.0,0.0,0.0,0.0,2
714.0,5.0,0.5513203933166673,0.0,0.0,20.0,4.0,1.2798542258296677,0.0,0.0,35.84,0.0,0.0,0.0,0.0,2.0,2830.0,2.0,0.0,0.0,0.0,0.0,0.0,0.0,0.0,0.0,2
708.0,4.0,0.2671641449194679,0.0,0.0,84.0,6.0,1.4467729023445557,0.0,2.0,33.8,0.0,0.0,2.0,2.0,0.0,340.0,0.0,0.0,0.0,0.0,0.0,0.0,0.0,0.0,0.0,2
714.0,4.0,0.741058606741843,0.0,0.0,58.0,4.0,1.10249986045146,0.0,2.0,58.03333333333333,0.0,0.0,0.0,0.0,6.0,518.0,6.0,0.0,0.0,0.0,0.0,0.0,0.0,0.0,0.0,2
716.0,2.0,0.0484166396674798,0.0,0.0,46.0,6.0,1.4837354753359429,0.0,0.0,87.82758620689656,0.0,0.0,0.0,0.0,2.0,14.0,2.0,0.0,0.0,0.0,0.0,0.0,0.0,0.0,0.0,2
716.0,5.0,1.016056517600127,0.0,0.0,10.0,3.0,1.054920167983144,0.0,0.0,100.0,0.0,0.0,0.0,0.0,0.0,1022.0,0.0,0.0,0.0,0.0,0.0,0.0,0.0,0.0,0.0,2
684.0,3.0,0.1850353024329593,0.0,0.0,8.0,2.0,0.5623351446168083,0.0,0.0,95.25,0.0,0.0,0.0,0.0,4.0,98.0,0.0,0.0,0.0,0.0,0.0,0.0,0.0,0.0,0.0,2
718.0,1.0,-1.000088900581841e-12,0.0,0.0,8.0,2.0,0.6931471805579453,0.0,0.0,89.43333333333334,0.0,0.0,0.0,0.0,0.0,1396.0,0.0,0.0,0.0,0.0,0.0,0.0,0.0,0.0,0.0,2
444.0,3.0,0.4306821015489375,0.0,0.0,12.0,3.0,1.0114042647043515,0.0,0.0,73.0,0.0,0.0,0.0,0.0,0.0,1382.0,0.0,0.0,0.0,0.0,0.0,0.0,0.0,0.0,0.0,2
670.0,1.0,-1.000088900581841e-12,0.0,0.0,28.0,2.0,0.410116318286409,0.0,0.0,61.5,0.0,0.0,0.0,0.0,4.0,0.0,0.0,0.0,0.0,0.0,0.0,0.0,0.0,0.0,0.0,2
716.0,2.0,0.0613254872539078,0.0,0.0,0.0,0.0,0.0,0.0,0.0,52.0,0.0,0.0,0.0,0.0,0.0,22.0,0.0,0.0,0.0,0.0,0.0,0.0,0.0,0.0,0.0,2
718.0,5.0,0.8368688552868764,0.0,0.0,6.0,1.0,-1.000088900581841e-12,0.0,0.0,45.04,0.0,0.0,0.0,0.0,4.0,1004.0,4.0,0.0,0.0,0.0,0.0,0.0,0.0,0.0,0.0,2
666.0,1.0,-1.000088900581841e-12,0.0,0.0,18.0,1.0,-1.000088900581841e-12,0.0,0.0,54.56666666666667,0.0,0.0,0.0,0.0,0.0,0.0,0.0,0.0,0.0,0.0,0.0,0.0,0.0,0.0,0.0,2
0.0,0.0,0.0,0.0,0.0,18.0,2.0,0.3488320958410319,0.0,0.0,70.9,0.0,0.0,0.0,0.0,0.0,0.0,0.0,0.0,0.0,0.0,0.0,0.0,0.0,0.0,0.0,2
0.0,0.0,0.0,0.0,0.0,14.0,1.0,-1.000088900581841e-12,0.0,0.0,87.6,0.0,0.0,0.0,0.0,0.0,0.0,0.0,0.0,0.0,0.0,0.0,0.0,0.0,0.0,0.0,2
0.0,0.0,0.0,0.0,0.0,0.0,0.0,0.0,0.0,0.0,100.0,0.0,0.0,0.0,0.0,0.0,0.0,0.0,0.0,0.0,0.0,0.0,0.0,0.0,0.0,0.0,2
0.0,0.0,0.0,0.0,0.0,0.0,0.0,0.0,0.0,0.0,100.0,0.0,0.0,0.0,0.0,0.0,0.0,0.0,0.0,0.0,0.0,0.0,0.0,0.0,0.0,0.0,2
0.0,0.0,0.0,0.0,0.0,0.0,0.0,0.0,0.0,0.0,100.0,0.0,0.0,0.0,0.0,0.0,0.0,0.0,0.0,0.0,0.0,0.0,0.0,0.0,0.0,0.0,2
0.0,0.0,0.0,0.0,0.0,4.0,1.0,-1.000088900581841e-12,0.0,0.0,100.0,0.0,0.0,0.0,0.0,0.0,0.0,0.0,0.0,0.0,0.0,0.0,0.0,0.0,0.0,0.0,2
714.0,2.0,0.5735836358564058,0.0,0.0,16.0,2.0,0.5623351446168083,0.0,0.0,92.06666666666666,0.0,0.0,0.0,0.0,0.0,1530.0,0.0,0.0,0.0,0.0,0.0,0.0,0.0,0.0,0.0,2
704.0,4.0,0.9391145094738472,0.0,0.0,8.0,2.0,0.5623351446168083,0.0,0.0,79.15384615384616,0.0,0.0,0.0,0.0,0.0,932.0,0.0,0.0,0.0,0.0,0.0,0.0,0.0,0.0,0.0,2
708.0,3.0,0.5465665555526902,0.0,0.0,30.0,6.0,1.71408754118101,0.0,0.0,83.91304347826087,0.0,0.0,0.0,0.0,10.0,618.0,4.0,0.0,0.0,0.0,0.0,0.0,0.0,0.0,0.0,2
474.0,4.0,0.8099590843719678,0.0,0.0,38.0,5.0,1.4391741154163271,0.0,0.0,62.36842105263158,0.0,0.0,0.0,0.0,6.0,432.0,4.0,0.0,0.0,0.0,0.0,0.0,0.0,0.0,0.0,2
718.0,6.0,0.8154763571104621,0.0,0.0,38.0,4.0,1.298418156656238,0.0,0.0,53.36666666666667,0.0,0.0,0.0,0.0,0.0,468.0,0.0,0.0,0.0,0.0,0.0,0.0,0.0,0.0,0.0,2
666.0,1.0,-1.000088900581841e-12,0.0,0.0,0.0,0.0,0.0,0.0,0.0,47.0,0.0,0.0,0.0,0.0,12.0,0.0,0.0,0.0,0.0,0.0,0.0,0.0,0.0,0.0,0.0,2
698.0,6.0,0.7444715927756975,0.0,0.0,100.0,6.0,1.2127463234496454,0.0,0.0,39.66666666666666,0.0,0.0,0.0,0.0,6.0,200.0,4.0,0.0,0.0,0.0,0.0,0.0,0.0,0.0,0.0,2
688.0,3.0,1.0033751022438986,0.0,0.0,144.0,3.0,0.6325557341265138,0.0,4.0,27.82758620689655,0.0,0.0,0.0,0.0,0.0,1214.0,0.0,0.0,0.0,0.0,0.0,0.0,0.0,0.0,0.0,2
718.0,2.0,0.6931122642213607,0.0,0.0,44.0,4.0,0.7519304663106794,0.0,0.0,57.56666666666667,0.0,0.0,0.0,0.0,2.0,308.0,0.0,0.0,0.0,0.0,0.0,0.0,0.0,0.0,0.0,2
716.0,4.0,1.1365059800912267,0.0,0.0,36.0,5.0,1.397991702055472,0.0,2.0,75.73333333333333,0.0,0.0,0.0,0.0,0.0,1114.0,0.0,0.0,0.0,0.0,0.0,0.0,0.0,0.0,0.0,2
506.0,2.0,0.0258158521528772,0.0,0.0,20.0,3.0,0.9502705392302344,0.0,0.0,91.0,0.0,0.0,0.0,0.0,4.0,762.0,0.0,0.0,0.0,0.0,0.0,0.0,0.0,0.0,0.0,2
708.0,4.0,0.6225609265391028,0.0,0.0,50.0,7.0,1.625082491519085,0.0,0.0,100.0,0.0,0.0,0.0,0.0,2.0,136.0,2.0,0.0,0.0,0.0,0.0,0.0,0.0,0.0,0.0,2
698.0,2.0,0.0494454092033586,0.0,0.0,16.0,4.0,1.320888343145322,0.0,0.0,96.05,0.0,0.0,0.0,0.0,2.0,18.0,0.0,0.0,0.0,0.0,0.0,0.0,0.0,0.0,0.0,2
706.0,9.0,1.433121035391819,0.0,0.0,56.0,4.0,1.1606047332000655,0.0,8.0,93.85714285714286,0.0,0.0,0.0,0.0,0.0,468.0,0.0,0.0,0.0,0.0,0.0,0.0,0.0,0.0,0.0,2
664.0,3.0,0.1108767126709192,0.0,0.0,14.0,3.0,1.0789922078745835,0.0,0.0,91.33333333333331,0.0,0.0,0.0,0.0,16.0,66.0,4.0,0.0,0.0,0.0,0.0,0.0,0.0,0.0,0.0,2
686.0,4.0,0.6562241656400539,0.0,0.0,14.0,2.0,0.6829081046984717,0.0,0.0,87.21428571428571,0.0,0.0,0.0,0.0,8.0,302.0,6.0,0.0,0.0,0.0,0.0,0.0,0.0,0.0,0.0,2
700.0,5.0,0.7654393016265009,0.0,0.0,2.0,1.0,-1.000088900581841e-12,0.0,0.0,77.17391304347827,0.0,0.0,0.0,0.0,0.0,1612.0,0.0,0.0,0.0,0.0,0.0,0.0,0.0,0.0,0.0,2
470.0,1.0,-1.000088900581841e-12,0.0,0.0,0.0,0.0,0.0,0.0,0.0,70.16666666666667,4.0,0.0,0.0,0.0,0.0,0.0,0.0,0.0,0.0,0.0,0.0,0.0,0.0,0.0,0.0,2
0.0,0.0,0.0,0.0,0.0,0.0,0.0,0.0,0.0,0.0,68.0,2.0,0.0,0.0,0.0,0.0,0.0,0.0,0.0,0.0,0.0,0.0,0.0,0.0,0.0,0.0,2
0.0,0.0,0.0,0.0,0.0,0.0,0.0,0.0,0.0,0.0,67.0,0.0,0.0,0.0,0.0,0.0,0.0,0.0,0.0,0.0,0.0,0.0,0.0,0.0,0.0,0.0,2
0.0,0.0,0.0,0.0,0.0,0.0,0.0,0.0,0.0,0.0,66.0,4.0,0.0,0.0,0.0,0.0,0.0,0.0,0.0,0.0,0.0,0.0,0.0,0.0,0.0,0.0,2
222.0,1.0,-1.000088900581841e-12,0.0,0.0,12.0,1.0,-1.000088900581841e-12,0.0,0.0,64.66666666666667,0.0,0.0,0.0,0.0,4.0,0.0,0.0,0.0,0.0,0.0,0.0,0.0,0.0,0.0,0.0,2
446.0,1.0,-1.000088900581841e-12,0.0,0.0,0.0,0.0,0.0,0.0,0.0,63.16666666666666,4.0,0.0,0.0,0.0,0.0,0.0,0.0,0.0,0.0,0.0,0.0,0.0,0.0,0.0,0.0,2
0.0,0.0,0.0,0.0,0.0,4.0,1.0,-1.000088900581841e-12,0.0,0.0,62.333333333333336,0.0,0.0,0.0,0.0,0.0,0.0,0.0,0.0,0.0,0.0,0.0,0.0,0.0,0.0,0.0,2
696.0,6.0,1.270530777398,0.0,0.0,42.0,4.0,1.1943559019641328,0.0,28.0,51.37931034482759,0.0,0.0,0.0,0.0,0.0,1728.0,0.0,0.0,0.0,0.0,0.0,0.0,0.0,0.0,0.0,2
702.0,4.0,0.9837918916788888,0.0,0.0,64.0,5.0,0.9521692423856708,0.0,20.0,68.4,0.0,0.0,0.0,0.0,8.0,2078.0,8.0,0.0,0.0,0.0,0.0,0.0,0.0,0.0,0.0,2
678.0,1.0,-1.000088900581841e-12,0.0,0.0,476.0,5.0,0.3972245921520442,0.0,0.0,94.96666666666668,0.0,0.0,0.0,0.0,4.0,0.0,0.0,0.0,0.0,0.0,0.0,0.0,0.0,0.0,0.0,2
708.0,1.0,-1.000088900581841e-12,0.0,0.0,12.0,2.0,0.6365141682928128,0.0,0.0,83.36666666666666,0.0,0.0,0.0,0.0,0.0,1268.0,0.0,0.0,0.0,0.0,0.0,0.0,0.0,0.0,0.0,2
688.0,3.0,0.6231314300149285,0.0,0.0,60.0,5.0,1.1699929969618563,0.0,0.0,60.8125,0.0,0.0,0.0,0.0,8.0,400.0,4.0,0.0,0.0,0.0,0.0,0.0,0.0,0.0,0.0,2
682.0,5.0,0.8762980300287542,0.0,0.0,154.0,4.0,0.6523158916144383,0.0,0.0,56.285714285714285,0.0,0.0,0.0,0.0,16.0,224.0,4.0,0.0,0.0,0.0,0.0,0.0,0.0,0.0,0.0,2
710.0,3.0,0.2650324598460543,0.0,0.0,26.0,3.0,0.9251290835690824,0.0,0.0,47.3,0.0,0.0,0.0,0.0,0.0,1740.0,0.0,0.0,0.0,0.0,0.0,0.0,0.0,0.0,0.0,2
678.0,4.0,0.3248078334935327,0.0,0.0,30.0,4.0,1.3095258353000694,0.0,0.0,32.125,0.0,0.0,0.0,0.0,112.0,150.0,8.0,0.0,0.0,0.0,0.0,0.0,0.0,0.0,0.0,2
706.0,1.0,-1.000088900581841e-12,0.0,0.0,158.0,8.0,1.2346914886324156,0.0,8.0,32.96666666666667,0.0,0.0,0.0,0.0,16.0,98.0,0.0,0.0,0.0,0.0,0.0,0.0,0.0,0.0,0.0,2
718.0,4.0,0.8941555963326656,0.0,0.0,56.0,6.0,1.3330965605777692,0.0,0.0,67.56666666666666,0.0,0.0,0.0,0.0,16.0,600.0,6.0,0.0,0.0,0.0,0.0,0.0,0.0,0.0,0.0,2
680.0,2.0,0.487924369368432,0.0,0.0,6.0,2.0,0.6365141682928128,0.0,0.0,86.18181818181819,0.0,0.0,0.0,0.0,16.0,2.0,0.0,0.0,0.0,0.0,0.0,0.0,0.0,0.0,0.0,2
708.0,6.0,0.9485684111602272,0.0,0.0,14.0,3.0,1.0789922078745835,0.0,0.0,82.34482758620689,0.0,0.0,0.0,0.0,0.0,1176.0,0.0,0.0,0.0,0.0,0.0,0.0,0.0,0.0,0.0,2
696.0,2.0,0.6608248871079712,0.0,0.0,18.0,4.0,1.310783678095714,0.0,0.0,75.57142857142857,0.0,0.0,0.0,0.0,16.0,584.0,6.0,0.0,0.0,0.0,0.0,0.0,0.0,0.0,0.0,2
714.0,5.0,0.8812503995029887,0.0,0.0,10.0,3.0,1.054920167983144,0.0,0.0,57.5,0.0,0.0,0.0,0.0,0.0,1682.0,0.0,0.0,0.0,0.0,0.0,0.0,0.0,0.0,0.0,2
670.0,1.0,-1.000088900581841e-12,0.0,0.0,8.0,2.0,0.6931471805579453,0.0,0.0,49.333333333333336,0.0,0.0,0.0,0.0,8.0,0.0,0.0,0.0,0.0,0.0,0.0,0.0,0.0,0.0,0.0,2
614.0,2.0,0.0962589967552951,0.0,0.0,48.0,3.0,0.7214636866895117,0.0,0.0,70.9,0.0,0.0,0.0,0.0,16.0,50.0,4.0,0.0,0.0,0.0,0.0,0.0,0.0,0.0,0.0,2
702.0,5.0,0.8899494855987681,0.0,0.0,6.0,1.0,-1.000088900581841e-12,0.0,0.0,82.43478260869566,0.0,0.0,0.0,0.0,4.0,1186.0,2.0,0.0,0.0,0.0,0.0,0.0,0.0,0.0,0.0,2
446.0,1.0,-1.000088900581841e-12,0.0,0.0,0.0,0.0,0.0,0.0,0.0,81.0,2.0,0.0,0.0,0.0,0.0,0.0,0.0,0.0,0.0,0.0,0.0,0.0,0.0,0.0,0.0,2
0.0,0.0,0.0,0.0,0.0,0.0,0.0,0.0,0.0,0.0,81.0,2.0,0.0,0.0,0.0,0.0,0.0,0.0,0.0,0.0,0.0,0.0,0.0,0.0,0.0,0.0,2
0.0,0.0,0.0,0.0,0.0,0.0,0.0,0.0,0.0,0.0,81.0,0.0,0.0,0.0,0.0,0.0,0.0,0.0,0.0,0.0,0.0,0.0,0.0,0.0,0.0,0.0,2
0.0,0.0,0.0,0.0,0.0,6.0,1.0,-1.000088900581841e-12,0.0,0.0,81.0,2.0,0.0,0.0,0.0,0.0,0.0,0.0,0.0,0.0,0.0,0.0,0.0,0.0,0.0,0.0,2
0.0,0.0,0.0,0.0,0.0,0.0,0.0,0.0,0.0,0.0,80.0,0.0,0.0,0.0,0.0,0.0,0.0,0.0,0.0,0.0,0.0,0.0,0.0,0.0,0.0,0.0,2
220.0,1.0,-1.000088900581841e-12,0.0,0.0,12.0,1.0,-1.000088900581841e-12,0.0,0.0,78.5,0.0,0.0,0.0,0.0,2.0,0.0,0.0,0.0,0.0,0.0,0.0,0.0,0.0,0.0,0.0,2
448.0,1.0,-1.000088900581841e-12,0.0,0.0,4.0,1.0,-1.000088900581841e-12,0.0,0.0,77.0,0.0,0.0,0.0,0.0,0.0,0.0,0.0,0.0,0.0,0.0,0.0,0.0,0.0,0.0,0.0,2
706.0,4.0,1.053152330302262,0.0,0.0,14.0,3.0,0.9556998911095343,0.0,2.0,67.36666666666666,0.0,0.0,0.0,0.0,0.0,1556.0,0.0,0.0,0.0,0.0,0.0,0.0,0.0,0.0,0.0,2
716.0,2.0,0.2945816477885288,0.0,0.0,40.0,6.0,1.2968441295072073,0.0,0.0,83.7,0.0,0.0,0.0,0.0,0.0,1066.0,0.0,0.0,0.0,0.0,0.0,0.0,0.0,0.0,0.0,2
702.0,3.0,0.9416279171146176,0.0,0.0,126.0,7.0,0.8712000811478144,0.0,0.0,100.0,0.0,0.0,0.0,0.0,4.0,676.0,2.0,0.0,0.0,0.0,0.0,0.0,0.0,0.0,0.0,2
716.0,2.0,0.1070353986818023,0.0,0.0,4.0,1.0,-1.000088900581841e-12,0.0,0.0,97.0,0.0,0.0,0.0,0.0,0.0,914.0,0.0,0.0,0.0,0.0,0.0,0.0,0.0,0.0,0.0,2
718.0,3.0,1.0835757229106284,0.0,0.0,24.0,3.0,0.8675632284784613,0.0,0.0,87.53333333333333,0.0,0.0,0.0,0.0,0.0,44.0,0.0,0.0,0.0,0.0,0.0,0.0,0.0,0.0,0.0,2
676.0,1.0,-1.000088900581841e-12,0.0,0.0,6.0,2.0,0.6365141682928128,0.0,0.0,81.66666666666667,0.0,0.0,0.0,0.0,0.0,2.0,0.0,0.0,0.0,0.0,0.0,0.0,0.0,0.0,0.0,2
490.0,1.0,-1.000088900581841e-12,0.0,0.0,20.0,6.0,1.6957425341636347,0.0,0.0,79.33333333333333,0.0,0.0,0.0,0.0,8.0,80.0,2.0,0.0,0.0,0.0,0.0,0.0,0.0,0.0,0.0,2
712.0,5.0,0.8917692367425551,0.0,0.0,14.0,4.0,1.351783994285646,0.0,0.0,72.86666666666666,0.0,0.0,2.0,2.0,0.0,968.0,0.0,0.0,0.0,0.0,0.0,0.0,0.0,0.0,0.0,2
692.0,4.0,1.0365207213311665,0.0,0.0,38.0,5.0,1.5484893511903,0.0,0.0,58.1764705882353,0.0,0.0,0.0,0.0,2.0,836.0,2.0,0.0,0.0,0.0,0.0,0.0,0.0,0.0,0.0,2
710.0,3.0,0.6734180974762181,0.0,0.0,24.0,5.0,1.5171063970560277,0.0,0.0,41.7,0.0,0.0,0.0,0.0,0.0,680.0,0.0,0.0,0.0,0.0,0.0,0.0,0.0,0.0,0.0,2
718.0,2.0,0.6813652035989102,0.0,0.0,6.0,2.0,0.6365141682928128,0.0,0.0,29.433333333333334,0.0,0.0,0.0,0.0,0.0,0.0,0.0,0.0,0.0,0.0,0.0,0.0,0.0,0.0,0.0,2
712.0,2.0,0.2542198379525225,0.0,0.0,30.0,3.0,0.4850940912992115,0.0,4.0,33.13333333333333,0.0,0.0,0.0,0.0,2.0,1230.0,2.0,0.0,0.0,0.0,0.0,0.0,0.0,0.0,0.0,2
712.0,1.0,-1.000088900581841e-12,0.0,0.0,46.0,5.0,1.2510583317909274,0.0,4.0,48.86666666666667,0.0,0.0,0.0,0.0,0.0,1500.0,0.0,0.0,0.0,0.0,0.0,0.0,0.0,0.0,0.0,2
288.0,2.0,0.5382674532263414,0.0,0.0,34.0,4.0,1.2006845623372442,0.0,4.0,57.96153846153846,0.0,0.0,0.0,0.0,4.0,878.0,2.0,0.0,0.0,0.0,0.0,0.0,0.0,0.0,0.0,2
714.0,2.0,0.617590797507958,0.0,0.0,48.0,5.0,1.3143738430019454,0.0,2.0,73.23333333333333,0.0,0.0,0.0,0.0,4.0,190.0,0.0,0.0,0.0,0.0,0.0,0.0,0.0,0.0,0.0,2
716.0,2.0,0.073520657740532,0.0,0.0,20.0,2.0,0.3250829733894482,0.0,0.0,96.03333333333332,0.0,0.0,0.0,0.0,0.0,30.0,0.0,0.0,0.0,0.0,0.0,0.0,0.0,0.0,0.0,2
686.0,3.0,0.6712424455867854,0.0,0.0,6.0,1.0,-1.000088900581841e-12,0.0,0.0,94.875,0.0,0.0,0.0,0.0,2.0,482.0,2.0,0.0,0.0,0.0,0.0,0.0,0.0,0.0,0.0,2
240.0,1.0,-1.000088900581841e-12,0.0,0.0,0.0,0.0,0.0,0.0,0.0,94.0,2.0,0.0,0.0,0.0,0.0,0.0,0.0,0.0,0.0,0.0,0.0,0.0,0.0,0.0,0.0,2
0.0,0.0,0.0,0.0,0.0,2.0,1.0,-1.000088900581841e-12,0.0,0.0,93.5,2.0,0.0,0.0,0.0,0.0,0.0,0.0,0.0,0.0,0.0,0.0,0.0,0.0,0.0,0.0,2
0.0,0.0,0.0,0.0,0.0,0.0,0.0,0.0,0.0,0.0,93.0,0.0,0.0,0.0,0.0,0.0,0.0,0.0,0.0,0.0,0.0,0.0,0.0,0.0,0.0,0.0,2
0.0,0.0,0.0,0.0,0.0,6.0,1.0,-1.000088900581841e-12,0.0,0.0,92.0,2.0,0.0,0.0,0.0,0.0,0.0,0.0,0.0,0.0,0.0,0.0,0.0,0.0,0.0,0.0,2
0.0,0.0,0.0,0.0,0.0,0.0,0.0,0.0,0.0,0.0,91.0,0.0,0.0,0.0,0.0,0.0,0.0,0.0,0.0,0.0,0.0,0.0,0.0,0.0,0.0,0.0,2
0.0,0.0,0.0,0.0,0.0,0.0,0.0,0.0,0.0,0.0,89.83333333333333,0.0,0.0,0.0,0.0,0.0,0.0,0.0,0.0,0.0,0.0,0.0,0.0,0.0,0.0,0.0,2
694.0,6.0,0.7780308029701701,0.0,0.0,120.0,14.0,2.255971708660181,0.0,0.0,84.96428571428571,0.0,0.0,0.0,0.0,2.0,930.0,2.0,0.0,0.0,0.0,0.0,0.0,0.0,0.0,0.0,2
586.0,3.0,0.5977146106175446,0.0,0.0,14.0,3.0,0.796311640170813,0.0,0.0,67.46666666666667,0.0,0.0,0.0,0.0,0.0,1064.0,0.0,0.0,0.0,0.0,0.0,0.0,0.0,0.0,0.0,2
714.0,2.0,0.693049098904168,0.0,0.0,48.0,4.0,0.9798203223013884,0.0,0.0,80.13333333333334,0.0,0.0,0.0,0.0,2.0,1378.0,0.0,0.0,0.0,0.0,0.0,0.0,0.0,0.0,0.0,2
714.0,3.0,0.7091424899125823,0.0,0.0,18.0,3.0,1.0608569471550215,0.0,0.0,97.75862068965516,0.0,0.0,0.0,0.0,6.0,408.0,4.0,0.0,0.0,0.0,0.0,0.0,0.0,0.0,0.0,2
704.0,5.0,0.8977252874388698,0.0,0.0,20.0,3.0,1.054920167983144,0.0,0.0,76.4,0.0,0.0,0.0,0.0,6.0,274.0,6.0,0.0,0.0,0.0,0.0,0.0,0.0,0.0,0.0,2
668.0,1.0,-1.000088900581841e-12,0.0,0.0,16.0,3.0,0.9002560512655369,0.0,0.0,67.83333333333333,0.0,0.0,0.0,0.0,28.0,0.0,0.0,0.0,0.0,0.0,0.0,0.0,0.0,0.0,0.0,2
704.0,3.0,0.792825862199607,0.0,0.0,12.0,3.0,1.0986122886651095,0.0,0.0,62.66666666666666,0.0,0.0,0.0,0.0,4.0,334.0,4.0,0.0,0.0,0.0,0.0,0.0,0.0,0.0,0.0,2
716.0,3.0,0.2793830080782412,0.0,0.0,10.0,2.0,0.6730116670072565,0.0,0.0,53.2,0.0,0.0,0.0,0.0,0.0,1248.0,0.0,0.0,0.0,0.0,0.0,0.0,0.0,0.0,0.0,2
668.0,2.0,0.3604325069887631,0.0,0.0,30.0,6.0,1.6216679171063504,0.0,0.0,40.55555555555556,0.0,0.0,0.0,0.0,4.0,142.0,4.0,0.0,0.0,0.0,0.0,0.0,0.0,0.0,0.0,2
668.0,2.0,0.1130449490855226,0.0,0.0,14.0,3.0,1.0789922078745835,0.0,0.0,31.285714285714285,0.0,0.0,0.0,0.0,4.0,48.0,2.0,0.0,0.0,0.0,0.0,0.0,0.0,0.0,0.0,2
710.0,2.0,0.0617483757241243,0.0,0.0,78.0,5.0,0.9734249969546622,0.0,40.0,31.33333333333333,0.0,0.0,0.0,0.0,0.0,2776.0,0.0,0.0,0.0,0.0,0.0,0.0,0.0,0.0,0.0,2
702.0,3.0,0.3620817543285036,0.0,0.0,86.0,4.0,1.0248088799332562,0.0,0.0,48.93333333333333,0.0,0.0,0.0,0.0,4.0,530.0,4.0,0.0,0.0,0.0,0.0,0.0,0.0,0.0,0.0,2
712.0,3.0,0.9395270699756072,0.0,0.0,68.0,6.0,1.5076804684686045,0.0,4.0,74.66666666666667,0.0,0.0,0.0,0.0,4.0,364.0,2.0,0.0,0.0,0.0,0.0,0.0,0.0,0.0,0.0,2
718.0,2.0,0.096081316469796,0.0,0.0,22.0,2.0,0.4741393130558373,0.0,0.0,97.63333333333334,0.0,0.0,0.0,0.0,0.0,34.0,0.0,0.0,0.0,0.0,0.0,0.0,0.0,0.0,0.0,2
684.0,3.0,0.701256589046317,0.0,0.0,22.0,5.0,1.5465986860435126,0.0,0.0,99.58333333333331,0.0,0.0,0.0,0.0,4.0,664.0,4.0,0.0,0.0,0.0,0.0,0.0,0.0,0.0,0.0,2
668.0,1.0,-1.000088900581841e-12,0.0,0.0,6.0,1.0,-1.000088900581841e-12,0.0,0.0,77.83333333333333,0.0,0.0,0.0,0.0,8.0,0.0,0.0,0.0,0.0,0.0,0.0,0.0,0.0,0.0,0.0,2
710.0,5.0,0.7174889672312611,0.0,0.0,10.0,2.0,0.6730116670072565,0.0,0.0,67.70370370370371,0.0,0.0,0.0,0.0,2.0,1598.0,2.0,0.0,0.0,0.0,0.0,0.0,0.0,0.0,0.0,2
556.0,1.0,-1.000088900581841e-12,0.0,0.0,0.0,0.0,0.0,0.0,0.0,61.333333333333336,2.0,0.0,0.0,0.0,0.0,0.0,0.0,0.0,0.0,0.0,0.0,0.0,0.0,0.0,0.0,2
0.0,0.0,0.0,0.0,0.0,0.0,0.0,0.0,0.0,0.0,59.66666666666666,2.0,0.0,0.0,0.0,0.0,0.0,0.0,0.0,0.0,0.0,0.0,0.0,0.0,0.0,0.0,2
0.0,0.0,0.0,0.0,0.0,0.0,0.0,0.0,0.0,0.0,58.333333333333336,0.0,0.0,0.0,0.0,0.0,0.0,0.0,0.0,0.0,0.0,0.0,0.0,0.0,0.0,0.0,2
0.0,0.0,0.0,0.0,0.0,0.0,0.0,0.0,0.0,0.0,57.0,2.0,0.0,0.0,0.0,0.0,0.0,0.0,0.0,0.0,0.0,0.0,0.0,0.0,0.0,0.0,2
0.0,0.0,0.0,0.0,0.0,0.0,0.0,0.0,0.0,0.0,56.0,0.0,0.0,0.0,0.0,0.0,0.0,0.0,0.0,0.0,0.0,0.0,0.0,0.0,0.0,0.0,2
0.0,0.0,0.0,0.0,0.0,0.0,0.0,0.0,0.0,0.0,55.0,0.0,0.0,0.0,0.0,0.0,0.0,0.0,0.0,0.0,0.0,0.0,0.0,0.0,0.0,0.0,2
360.0,2.0,0.0610470380375934,0.0,0.0,22.0,2.0,0.3046360973472382,0.0,0.0,53.333333333333336,0.0,0.0,0.0,0.0,4.0,8.0,2.0,0.0,0.0,0.0,0.0,0.0,0.0,0.0,0.0,2
692.0,4.0,0.8985426583677456,0.0,0.0,34.0,4.0,0.9554471413897668,0.0,2.0,47.73333333333333,0.0,0.0,0.0,0.0,0.0,924.0,0.0,0.0,0.0,0.0,0.0,0.0,0.0,0.0,0.0,2
716.0,3.0,0.3137171398390637,0.0,0.0,68.0,7.0,1.6125749823074036,0.0,0.0,74.0,0.0,0.0,0.0,0.0,4.0,180.0,4.0,0.0,0.0,0.0,0.0,0.0,0.0,0.0,0.0,2
712.0,4.0,1.1391747193339272,0.0,0.0,44.0,4.0,1.2231931462366394,0.0,0.0,96.92592592592592,0.0,0.0,0.0,0.0,10.0,672.0,2.0,0.0,0.0,0.0,0.0,0.0,0.0,0.0,0.0,2
704.0,2.0,0.1390607984527411,0.0,0.0,6.0,2.0,0.6365141682928128,0.0,0.0,79.23333333333333,0.0,0.0,0.0,0.0,0.0,966.0,0.0,0.0,0.0,0.0,0.0,0.0,0.0,0.0,0.0,2
692.0,4.0,1.0531828081814378,0.0,0.0,46.0,5.0,1.348855748246372,0.0,0.0,73.44444444444444,0.0,0.0,0.0,0.0,18.0,654.0,2.0,0.0,0.0,0.0,0.0,0.0,0.0,0.0,0.0,2
706.0,2.0,0.5096844079476638,0.0,0.0,18.0,4.0,1.310783678095714,0.0,0.0,69.21739130434783,0.0,0.0,0.0,0.0,4.0,320.0,2.0,0.0,0.0,0.0,0.0,0.0,0.0,0.0,0.0,2
716.0,2.0,0.0484166396674798,0.0,0.0,18.0,4.0,1.3689223607362195,0.0,0.0,61.96153846153846,0.0,0.0,0.0,0.0,0.0,3056.0,2.0,0.0,0.0,0.0,0.0,0.0,0.0,0.0,0.0,2
714.0,5.0,0.8717463610877777,0.0,0.0,8.0,2.0,0.6931471805579453,0.0,0.0,53.06666666666667,0.0,0.0,0.0,0.0,0.0,2642.0,0.0,0.0,0.0,0.0,0.0,0.0,0.0,0.0,0.0,2
716.0,3.0,0.1905806375299754,0.0,0.0,64.0,5.0,1.2546353855876062,0.0,0.0,75.43333333333334,0.0,0.0,0.0,0.0,4.0,24.0,4.0,0.0,0.0,0.0,0.0,0.0,0.0,0.0,0.0,2
718.0,3.0,0.831261932734579,0.0,0.0,28.0,4.0,1.232643284494737,0.0,2.0,98.9,0.0,0.0,0.0,0.0,0.0,92.0,0.0,0.0,0.0,0.0,0.0,0.0,0.0,0.0,0.0,2
