718.0,1.0,-1.000088900581841e-12,0.0,0.0,8.0,2.0,0.5623351446168083,0.0,0.0,90.22727272727272,0.0,0.0,0.0,0.0,120.0,6486.0,22.0,0.0,0.0,0.0,26.0,0.0,0.0,4.0,0.0,5
714.0,1.0,-1.000088900581841e-12,0.0,0.0,2.0,1.0,-1.000088900581841e-12,0.0,0.0,88.1,0.0,0.0,0.0,0.0,0.0,894.0,0.0,0.0,0.0,0.0,2.0,0.0,0.0,2.0,0.0,3
198.0,1.0,-1.000088900581841e-12,0.0,0.0,0.0,0.0,0.0,0.0,0.0,87.25,0.0,0.0,0.0,0.0,0.0,0.0,0.0,0.0,0.0,0.0,0.0,0.0,0.0,0.0,0.0,3
0.0,0.0,0.0,0.0,0.0,8.0,1.0,-1.000088900581841e-12,0.0,0.0,87.0,44.0,0.0,0.0,0.0,0.0,0.0,0.0,0.0,0.0,0.0,2.0,0.0,0.0,0.0,0.0,3
0.0,0.0,0.0,0.0,0.0,2.0,1.0,-1.000088900581841e-12,0.0,0.0,86.0,36.0,0.0,0.0,0.0,0.0,0.0,0.0,0.0,0.0,0.0,2.0,0.0,0.0,0.0,0.0,3
0.0,0.0,0.0,0.0,0.0,40.0,1.0,-1.000088900581841e-12,0.0,0.0,0.0,0.0,0.0,0.0,0.0,0.0,0.0,0.0,0.0,0.0,0.0,0.0,0.0,0.0,0.0,0.0,3
524.0,2.0,0.648152582434455,0.0,0.0,82.0,3.0,0.4528693103221815,0.0,0.0,83.14285714285714,0.0,0.0,0.0,0.0,348.0,3626.0,32.0,0.0,0.0,0.0,4.0,0.0,0.0,0.0,0.0,4
698.0,10.0,1.4895422461650636,0.0,0.0,250.0,5.0,1.139660226394404,0.0,0.0,80.0,0.0,0.0,0.0,0.0,630.0,7470.0,82.0,0.0,0.0,0.0,38.0,0.0,0.0,12.0,0.0,5
708.0,7.0,1.4797944033039852,0.0,0.0,98.0,5.0,1.1667268842623095,0.0,0.0,76.47058823529412,0.0,0.0,0.0,0.0,260.0,3496.0,100.0,2.0,0.0,0.0,42.0,0.0,0.0,14.0,0.0,5
698.0,6.0,1.0015307696194595,0.0,0.0,84.0,3.0,1.0466304865802218,0.0,0.0,73.33333333333333,0.0,34.0,32.0,0.0,672.0,2390.0,46.0,0.0,0.0,0.0,36.0,0.0,0.0,14.0,0.0,3
708.0,8.0,1.02361414159067,0.0,0.0,50.0,3.0,0.7789977492941933,0.0,0.0,70.23076923076923,0.0,0.0,0.0,0.0,772.0,3730.0,84.0,0.0,0.0,0.0,66.0,0.0,0.0,18.0,0.0,4
702.0,10.0,1.8035853396303163,0.0,0.0,382.0,8.0,0.8683235798117125,0.0,0.0,64.57142857142857,0.0,0.0,0.0,0.0,712.0,3866.0,166.0,0.0,0.0,0.0,28.0,0.0,0.0,30.0,0.0,2
712.0,6.0,1.5779092333145963,0.0,0.0,70.0,5.0,1.3173104609157629,0.0,0.0,58.72222222222222,0.0,0.0,0.0,0.0,504.0,4182.0,106.0,0.0,0.0,0.0,74.0,0.0,0.0,30.0,0.0,2
710.0,6.0,1.1641644737631496,0.0,0.0,2884.0,3.0,0.1090236449966731,0.0,0.0,51.5,0.0,0.0,0.0,0.0,712.0,2886.0,80.0,0.0,0.0,128.0,34.0,0.0,0.0,24.0,0.0,3
706.0,2.0,0.2557588241502652,0.0,0.0,8.0,1.0,-1.000088900581841e-12,0.0,0.0,43.0,0.0,0.0,0.0,0.0,0.0,0.0,0.0,0.0,0.0,2.0,32.0,0.0,0.0,4.0,0.0,1
532.0,1.0,-1.000088900581841e-12,0.0,0.0,24.0,2.0,0.6791932659895258,0.0,0.0,41.16666666666666,18.0,0.0,0.0,0.0,76.0,0.0,0.0,0.0,0.0,0.0,6.0,0.0,0.0,8.0,0.0,2
706.0,5.0,0.8414626286268755,0.0,0.0,218.0,5.0,1.3694391315486163,0.0,0.0,37.7,0.0,0.0,0.0,0.0,1346.0,4244.0,164.0,0.0,0.0,82.0,8.0,0.0,0.0,40.0,0.0,1
708.0,7.0,1.375146864527566,0.0,0.0,110.0,4.0,0.9666412892630908,0.0,0.0,34.9,0.0,0.0,0.0,0.0,490.0,6730.0,122.0,0.0,0.0,0.0,26.0,0.0,0.0,0.0,0.0,5
708.0,4.0,0.1903689883861674,0.0,0.0,60.0,3.0,0.9517031986771152,0.0,0.0,32.25,0.0,0.0,0.0,0.0,330.0,658.0,92.0,0.0,0.0,0.0,0.0,0.0,0.0,0.0,0.0,5
710.0,5.0,0.887473547310128,0.0,0.0,62.0,2.0,0.6800829048337611,0.0,0.0,29.875,0.0,0.0,0.0,0.0,686.0,5792.0,216.0,0.0,0.0,0.0,0.0,0.0,0.0,0.0,0.0,5
714.0,4.0,0.1291052071002022,0.0,0.0,8.0,2.0,0.6931471805579453,0.0,0.0,25.863636363636363,0.0,0.0,0.0,0.0,88.0,6840.0,20.0,0.0,0.0,0.0,0.0,0.0,0.0,0.0,0.0,5
712.0,4.0,0.406371178425095,0.0,0.0,36.0,2.0,0.5297061990556545,0.0,0.0,20.45833333333333,0.0,0.0,0.0,0.0,270.0,12830.0,40.0,0.0,0.0,0.0,32.0,0.0,0.0,4.0,0.0,5
694.0,5.0,0.6810386434650408,0.0,0.0,112.0,4.0,0.785960771840105,0.0,90.0,21.24137931034483,0.0,0.0,0.0,0.0,1052.0,13538.0,110.0,0.0,0.0,0.0,4.0,0.0,0.0,0.0,0.0,5
686.0,5.0,0.5622339843784345,0.0,0.0,74.0,5.0,1.3687209073376565,0.0,0.0,30.285714285714285,0.0,0.0,0.0,0.0,584.0,414.0,74.0,0.0,0.0,0.0,36.0,0.0,0.0,10.0,0.0,4
712.0,8.0,1.6257634187809655,0.0,0.0,154.0,4.0,0.940481122294262,0.0,0.0,27.3,0.0,0.0,0.0,0.0,642.0,4076.0,64.0,0.0,0.0,0.0,34.0,0.0,0.0,6.0,0.0,3
704.0,6.0,1.6010452298443305,0.0,0.0,70.0,3.0,0.5824256871928697,0.0,0.0,24.25,0.0,0.0,0.0,0.0,380.0,8242.0,66.0,0.0,0.0,0.0,52.0,0.0,0.0,14.0,0.0,5
706.0,4.0,0.9214112358886876,0.0,0.0,206.0,3.0,0.7011461349310166,0.0,0.0,17.80952380952381,0.0,0.0,0.0,0.0,968.0,26166.0,108.0,0.0,0.0,0.0,44.0,0.0,0.0,20.0,0.0,5
70.0,1.0,-1.000088900581841e-12,0.0,0.0,2.0,1.0,-1.000088900581841e-12,0.0,0.0,16.0,0.0,0.0,0.0,0.0,0.0,964.0,0.0,0.0,0.0,0.0,0.0,0.0,0.0,0.0,0.0,5
0.0,0.0,0.0,0.0,0.0,0.0,0.0,0.0,0.0,0.0,0.0,0.0,0.0,0.0,0.0,0.0,22.0,0.0,0.0,0.0,0.0,0.0,0.0,0.0,0.0,0.0,5
0.0,0.0,0.0,0.0,0.0,0.0,0.0,0.0,0.0,94.0,22.2,0.0,0.0,0.0,0.0,0.0,0.0,0.0,0.0,0.0,0.0,26.0,0.0,0.0,0.0,0.0,3
530.0,6.0,1.2827416764377058,0.0,0.0,116.0,4.0,0.8670374348482599,0.0,0.0,40.73076923076923,0.0,0.0,0.0,0.0,0.0,17770.0,0.0,0.0,0.0,0.0,10.0,0.0,0.0,0.0,0.0,2
712.0,5.0,0.91688682208636,0.0,0.0,118.0,3.0,0.6898960809521363,0.0,0.0,56.13333333333333,0.0,0.0,0.0,0.0,1088.0,4064.0,130.0,0.0,0.0,0.0,36.0,0.0,0.0,12.0,0.0,3
712.0,4.0,0.7145873256043552,0.0,0.0,18.0,2.0,0.6869615765953234,0.0,0.0,56.11111111111112,0.0,0.0,0.0,0.0,494.0,2832.0,60.0,0.0,0.0,0.0,0.0,0.0,0.0,0.0,0.0,3
710.0,4.0,1.048763467051434,0.0,0.0,88.0,2.0,0.625491359723573,0.0,0.0,54.125,0.0,0.0,0.0,0.0,832.0,8198.0,170.0,0.0,0.0,0.0,0.0,0.0,0.0,0.0,0.0,2
702.0,3.0,0.7604301284819841,0.0,0.0,44.0,2.0,0.4741393130558373,0.0,0.0,51.42857142857143,0.0,0.0,0.0,0.0,316.0,2854.0,72.0,0.0,0.0,0.0,0.0,0.0,0.0,0.0,0.0,3
714.0,7.0,0.8990264998388017,0.0,0.0,60.0,2.0,0.5799151714161009,0.0,0.0,49.30769230769231,0.0,0.0,0.0,80.0,842.0,9776.0,110.0,0.0,0.0,0.0,16.0,0.0,0.0,4.0,0.0,3
712.0,1.0,-1.000088900581841e-12,0.0,0.0,0.0,0.0,0.0,0.0,0.0,48.0,0.0,0.0,0.0,0.0,0.0,0.0,0.0,0.0,0.0,0.0,28.0,0.0,0.0,0.0,0.0,3
676.0,1.0,-1.000088900581841e-12,0.0,0.0,0.0,0.0,0.0,0.0,0.0,47.16666666666666,0.0,0.0,0.0,0.0,0.0,0.0,0.0,0.0,0.0,0.0,0.0,0.0,0.0,0.0,0.0,3
0.0,0.0,0.0,0.0,0.0,0.0,0.0,0.0,0.0,0.0,0.0,48.0,0.0,0.0,0.0,0.0,0.0,0.0,0.0,0.0,0.0,2.0,0.0,0.0,0.0,0.0,3
0.0,0.0,0.0,0.0,0.0,0.0,0.0,0.0,0.0,0.0,47.0,82.0,0.0,0.0,0.0,0.0,0.0,0.0,0.0,0.0,0.0,2.0,0.0,0.0,0.0,0.0,3
0.0,0.0,0.0,0.0,0.0,12.0,2.0,0.4505612088643047,0.0,0.0,45.0,102.0,0.0,0.0,0.0,0.0,0.0,0.0,0.0,0.0,0.0,2.0,0.0,0.0,0.0,0.0,3
0.0,0.0,0.0,0.0,0.0,2.0,1.0,-1.000088900581841e-12,0.0,0.0,0.0,0.0,0.0,0.0,0.0,0.0,0.0,0.0,0.0,0.0,0.0,0.0,0.0,0.0,0.0,0.0,3
0.0,0.0,0.0,0.0,0.0,12.0,1.0,-1.000088900581841e-12,0.0,0.0,0.0,0.0,0.0,0.0,0.0,0.0,0.0,0.0,0.0,0.0,0.0,0.0,0.0,0.0,0.0,0.0,3
0.0,0.0,0.0,0.0,0.0,8.0,1.0,-1.000088900581841e-12,0.0,0.0,0.0,0.0,0.0,0.0,0.0,0.0,0.0,0.0,0.0,0.0,0.0,0.0,0.0,0.0,0.0,0.0,3
0.0,0.0,0.0,0.0,0.0,14.0,4.0,1.277034259462139,0.0,0.0,40.6,0.0,0.0,0.0,0.0,0.0,0.0,0.0,0.0,0.0,0.0,2.0,0.0,0.0,0.0,0.0,3
708.0,6.0,0.9220303374872114,0.0,0.0,42.0,7.0,1.7404229544398984,0.0,0.0,38.6,0.0,62.0,64.0,0.0,770.0,3232.0,56.0,0.0,0.0,0.0,28.0,0.0,0.0,6.0,0.0,3
706.0,5.0,0.5726636558335801,0.0,0.0,88.0,3.0,0.77550292760327,0.0,0.0,35.166666666666664,0.0,0.0,0.0,0.0,1002.0,10336.0,206.0,0.0,0.0,0.0,38.0,0.0,0.0,16.0,0.0,2
694.0,4.0,0.9984007252720734,0.0,0.0,90.0,5.0,1.2216690744371603,0.0,0.0,31.9,0.0,0.0,0.0,0.0,574.0,1520.0,78.0,0.0,0.0,0.0,52.0,0.0,0.0,10.0,0.0,3
698.0,8.0,0.9724052036278088,0.0,0.0,86.0,5.0,1.114577173671281,0.0,110.0,37.71428571428572,0.0,0.0,0.0,0.0,1154.0,4716.0,164.0,0.0,0.0,0.0,24.0,0.0,0.0,4.0,0.0,2
710.0,4.0,0.7571845910157519,0.0,0.0,68.0,4.0,1.1516166687032392,0.0,0.0,55.04761904761905,0.0,0.0,0.0,0.0,584.0,3662.0,86.0,0.0,0.0,32.0,0.0,0.0,0.0,18.0,0.0,3
708.0,1.0,-1.000088900581841e-12,0.0,0.0,44.0,2.0,0.1849073991657757,0.0,0.0,58.333333333333336,0.0,0.0,0.0,0.0,0.0,0.0,0.0,0.0,0.0,38.0,36.0,0.0,0.0,0.0,0.0,2
712.0,2.0,0.0193076542663995,0.0,0.0,28.0,3.0,0.8982053397011498,0.0,0.0,57.285714285714285,0.0,0.0,0.0,0.0,474.0,1266.0,110.0,0.0,0.0,0.0,56.0,0.0,0.0,14.0,0.0,2
704.0,3.0,0.6289303299444194,0.0,0.0,28.0,3.0,1.0042424730510766,0.0,0.0,56.142857142857146,0.0,0.0,0.0,0.0,364.0,1418.0,82.0,0.0,0.0,0.0,2.0,0.0,0.0,2.0,0.0,2
710.0,1.0,-1.000088900581841e-12,0.0,0.0,8.0,2.0,0.6931471805579453,0.0,0.0,55.0,0.0,0.0,0.0,0.0,118.0,0.0,22.0,0.0,0.0,0.0,0.0,0.0,0.0,0.0,0.0,2
698.0,6.0,1.387488897705473,0.0,0.0,92.0,6.0,1.6118285345137875,0.0,0.0,53.18181818181818,0.0,0.0,0.0,0.0,844.0,3148.0,168.0,0.0,0.0,0.0,26.0,0.0,0.0,8.0,0.0,2
710.0,3.0,0.6776298708125224,0.0,0.0,26.0,3.0,1.0579054247006736,0.0,0.0,50.22222222222222,0.0,0.0,0.0,0.0,368.0,8404.0,82.0,0.0,0.0,8.0,40.0,0.0,0.0,14.0,0.0,2
712.0,5.0,1.3127115366947004,0.0,0.0,46.0,3.0,0.8378972277784775,0.0,0.0,47.85714285714285,0.0,0.0,0.0,0.0,1362.0,6296.0,116.0,0.0,0.0,76.0,6.0,0.0,0.0,32.0,0.0,2
710.0,4.0,0.7612527334317981,0.0,0.0,56.0,2.0,0.410116318286409,0.0,0.0,44.5,0.0,0.0,0.0,0.0,378.0,9472.0,66.0,0.0,0.0,0.0,58.0,0.0,0.0,2.0,0.0,3
706.0,4.0,1.003743198371238,0.0,0.0,114.0,3.0,0.860326866034586,0.0,0.0,41.0,0.0,0.0,0.0,0.0,1146.0,5608.0,204.0,0.0,0.0,0.0,0.0,0.0,0.0,0.0,0.0,3
702.0,6.0,1.2506089323467842,0.0,0.0,48.0,2.0,0.6791932659895258,0.0,0.0,38.125,0.0,0.0,0.0,0.0,1012.0,8116.0,238.0,0.0,0.0,18.0,0.0,0.0,0.0,8.0,0.0,4
708.0,3.0,0.142736018127928,0.0,0.0,40.0,4.0,0.9672604429087744,0.0,0.0,34.57142857142857,0.0,0.0,0.0,0.0,406.0,1790.0,68.0,0.0,0.0,20.0,26.0,0.0,0.0,14.0,0.0,2
704.0,2.0,0.4783852424534048,0.0,0.0,20.0,2.0,0.5004024235361879,0.0,0.0,33.333333333333336,0.0,0.0,0.0,0.0,0.0,0.0,0.0,0.0,0.0,0.0,0.0,0.0,0.0,0.0,0.0,2
706.0,4.0,0.7341118476002974,0.0,0.0,64.0,5.0,0.8761445346153898,0.0,0.0,31.0,0.0,0.0,0.0,0.0,544.0,13222.0,66.0,0.0,0.0,42.0,2.0,0.0,0.0,14.0,0.0,2
678.0,3.0,1.0868422744688275,0.0,0.0,32.0,2.0,0.6615632381559821,0.0,0.0,27.571428571428573,0.0,0.0,0.0,0.0,420.0,606.0,84.0,0.0,0.0,6.0,72.0,0.0,0.0,4.0,0.0,3
706.0,6.0,1.4255273678525382,0.0,0.0,162.0,5.0,1.166990918289842,0.0,0.0,25.0,0.0,0.0,0.0,0.0,24.0,360.0,12.0,0.0,0.0,0.0,16.0,0.0,0.0,0.0,0.0,3
710.0,2.0,0.0740225961455812,0.0,0.0,38.0,3.0,0.7534424611772383,0.0,0.0,22.83333333333333,0.0,0.0,0.0,0.0,4.0,88.0,2.0,0.0,0.0,0.0,0.0,0.0,0.0,0.0,0.0,3
708.0,5.0,0.8674957584920849,0.0,0.0,44.0,5.0,1.3249743964959937,0.0,0.0,21.375,0.0,0.0,0.0,0.0,10.0,146.0,4.0,0.0,0.0,0.0,0.0,0.0,0.0,0.0,0.0,3
706.0,2.0,0.0194477345218629,0.0,0.0,8.0,1.0,-1.000088900581841e-12,0.0,0.0,19.0,0.0,0.0,0.0,0.0,24.0,242.0,10.0,0.0,0.0,0.0,0.0,0.0,0.0,0.0,0.0,4
704.0,5.0,0.9748250721236226,0.0,0.0,88.0,2.0,0.4741393130558373,0.0,0.0,16.857142857142858,0.0,0.0,0.0,0.0,36.0,430.0,22.0,0.0,0.0,0.0,30.0,0.0,0.0,18.0,0.0,4
42.0,1.0,-1.000088900581841e-12,0.0,0.0,2.0,1.0,-1.000088900581841e-12,0.0,0.0,16.0,0.0,0.0,0.0,0.0,42.0,242.0,16.0,0.0,0.0,0.0,0.0,0.0,0.0,0.0,0.0,3
688.0,3.0,0.2495353525521095,0.0,0.0,50.0,2.0,0.5004024235361879,0.0,0.0,13.0,0.0,0.0,0.0,0.0,16.0,1050.0,6.0,0.0,0.0,0.0,8.0,0.0,0.0,2.0,0.0,3
696.0,5.0,1.220816733625688,0.0,0.0,46.0,5.0,1.365586409362922,0.0,8.0,15.08695652173913,0.0,0.0,0.0,0.0,32.0,1542.0,14.0,0.0,0.0,0.0,2.0,0.0,0.0,0.0,0.0,3
716.0,5.0,0.6458227461123643,0.0,0.0,18.0,2.0,0.6365141682928128,0.0,0.0,37.10344827586207,0.0,0.0,0.0,0.0,26.0,2816.0,18.0,0.0,0.0,0.0,2.0,0.0,0.0,2.0,0.0,3
714.0,5.0,0.9595149263589304,0.0,0.0,22.0,2.0,0.3046360973472382,0.0,0.0,45.19047619047619,0.0,0.0,12.0,12.0,16.0,1800.0,0.0,0.0,0.0,0.0,2.0,0.0,0.0,2.0,0.0,3
690.0,4.0,1.1486141099197136,0.0,0.0,16.0,3.0,1.039720770836918,0.0,0.0,43.0625,0.0,0.0,0.0,0.0,34.0,1478.0,4.0,0.0,0.0,0.0,2.0,0.0,0.0,2.0,0.0,5
702.0,2.0,0.6929483053515892,0.0,0.0,4.0,1.0,-1.000088900581841e-12,0.0,0.0,42.0,0.0,0.0,0.0,0.0,0.0,0.0,0.0,0.0,0.0,0.0,0.0,0.0,0.0,0.0,0.0,4
294.0,1.0,-1.000088900581841e-12,0.0,0.0,4.0,1.0,-1.000088900581841e-12,0.0,0.0,42.0,16.0,0.0,0.0,0.0,0.0,0.0,0.0,0.0,0.0,0.0,0.0,0.0,0.0,0.0,0.0,3
0.0,0.0,0.0,0.0,0.0,60.0,3.0,0.8169527750310905,0.0,0.0,42.0,16.0,0.0,0.0,0.0,0.0,0.0,0.0,0.0,0.0,0.0,2.0,0.0,0.0,0.0,0.0,3
2.0,1.0,-1.000088900581841e-12,0.0,0.0,12.0,1.0,-1.000088900581841e-12,0.0,0.0,41.0,16.0,0.0,0.0,0.0,0.0,0.0,0.0,0.0,0.0,0.0,2.0,0.0,0.0,0.0,0.0,3
0.0,0.0,0.0,0.0,0.0,2.0,1.0,-1.000088900581841e-12,0.0,0.0,0.0,0.0,0.0,0.0,0.0,0.0,0.0,0.0,0.0,0.0,0.0,0.0,0.0,0.0,0.0,0.0,3
0.0,0.0,0.0,0.0,0.0,2.0,1.0,-1.000088900581841e-12,0.0,0.0,0.0,0.0,0.0,0.0,0.0,0.0,0.0,0.0,0.0,0.0,0.0,0.0,0.0,0.0,0.0,0.0,3
0.0,0.0,0.0,0.0,0.0,50.0,4.0,1.084872872631086,0.0,0.0,36.16666666666666,0.0,0.0,0.0,0.0,0.0,0.0,0.0,0.0,0.0,0.0,2.0,0.0,0.0,0.0,0.0,3
712.0,6.0,0.6489289251096104,0.0,0.0,24.0,6.0,1.5607104090354067,0.0,0.0,34.13333333333333,0.0,0.0,0.0,0.0,54.0,1700.0,26.0,0.0,0.0,0.0,34.0,0.0,0.0,4.0,0.0,3
696.0,4.0,0.7686911389550539,0.0,0.0,46.0,7.0,1.672974006912372,0.0,22.0,33.54545454545455,0.0,14.0,0.0,0.0,66.0,5896.0,14.0,0.0,0.0,0.0,52.0,0.0,0.0,18.0,0.0,2
712.0,1.0,-1.000088900581841e-12,0.0,0.0,44.0,4.0,1.1209503926695834,0.0,0.0,52.16666666666666,0.0,0.0,0.0,0.0,154.0,428.0,26.0,0.0,4.0,30.0,32.0,0.0,0.0,16.0,0.0,2
706.0,1.0,-1.000088900581841e-12,0.0,0.0,26.0,3.0,0.9839614459980256,0.0,0.0,51.0,0.0,0.0,0.0,0.0,0.0,0.0,0.0,0.0,0.0,0.0,34.0,0.0,0.0,2.0,0.0,2
704.0,8.0,1.1415863003212317,0.0,0.0,300.0,7.0,0.6224553728685969,0.0,0.0,47.85714285714285,0.0,0.0,0.0,0.0,134.0,336.0,46.0,0.0,0.0,24.0,2.0,0.0,0.0,14.0,0.0,2
702.0,4.0,0.9428471513218432,0.0,0.0,20.0,2.0,0.5004024235361879,0.0,0.0,45.0,0.0,0.0,0.0,0.0,52.0,346.0,8.0,0.0,0.0,12.0,30.0,0.0,0.0,10.0,0.0,2
708.0,4.0,0.8358453076146828,0.0,0.0,24.0,4.0,1.2424533248900005,0.0,0.0,42.5,0.0,0.0,0.0,0.0,26.0,918.0,12.0,0.0,0.0,30.0,24.0,0.0,0.0,4.0,0.0,1
712.0,3.0,0.9026475735626868,0.0,0.0,24.0,3.0,1.0114042647043515,0.0,0.0,40.5,0.0,0.0,0.0,0.0,52.0,68.0,24.0,0.0,0.0,46.0,16.0,0.0,0.0,12.0,0.0,1
712.0,4.0,0.7153659968332915,0.0,0.0,30.0,4.0,1.3095258353000694,0.0,0.0,38.66666666666666,0.0,0.0,0.0,0.0,78.0,1576.0,16.0,0.0,24.0,0.0,52.0,0.0,0.0,16.0,0.0,1
712.0,7.0,1.5472449221552282,0.0,0.0,62.0,5.0,1.4938871182432618,0.0,0.0,36.5,0.0,0.0,0.0,0.0,156.0,1604.0,26.0,0.0,0.0,0.0,38.0,0.0,0.0,10.0,0.0,2
690.0,3.0,0.639286564016385,0.0,0.0,12.0,2.0,0.6365141682928128,0.0,0.0,33.714285714285715,0.0,0.0,0.0,0.0,56.0,620.0,30.0,0.0,0.0,0.0,0.0,0.0,0.0,0.0,0.0,2
700.0,7.0,1.2621611961872563,0.0,0.0,54.0,4.0,1.1652123491662298,0.0,0.0,31.444444444444443,0.0,0.0,0.0,0.0,176.0,3404.0,36.0,0.0,0.0,0.0,0.0,0.0,0.0,0.0,0.0,2
712.0,5.0,0.9445637381509604,0.0,0.0,44.0,2.0,0.5859526183015509,0.0,0.0,28.818181818181817,0.0,0.0,0.0,0.0,222.0,1172.0,34.0,0.0,0.0,0.0,0.0,0.0,0.0,0.0,0.0,3
700.0,5.0,0.7966429668382191,0.0,0.0,68.0,3.0,0.8477195823804188,0.0,0.0,26.142857142857142,0.0,0.0,0.0,0.0,240.0,2992.0,50.0,0.0,0.0,0.0,0.0,0.0,0.0,2.0,0.0,3
698.0,4.0,0.6562950430300948,0.0,0.0,86.0,2.0,0.5686327461479967,0.0,0.0,23.88888888888889,0.0,0.0,0.0,0.0,380.0,1582.0,54.0,0.0,0.0,0.0,0.0,0.0,0.0,0.0,0.0,4
710.0,5.0,0.970991574295217,0.0,0.0,74.0,4.0,1.21649647547772,0.0,0.0,20.181818181818183,0.0,0.0,0.0,0.0,152.0,3192.0,64.0,0.0,0.0,0.0,60.0,0.0,0.0,8.0,0.0,4
702.0,5.0,0.8380683985004616,0.0,0.0,236.0,4.0,0.4263791477973382,0.0,0.0,17.181818181818183,0.0,0.0,0.0,0.0,378.0,1404.0,42.0,0.0,0.0,0.0,48.0,0.0,0.0,12.0,0.0,3
600.0,6.0,0.922865300624596,0.0,0.0,108.0,4.0,0.976501020500277,0.0,38.0,15.4,0.0,0.0,0.0,0.0,376.0,7750.0,70.0,0.0,0.0,0.0,74.0,0.0,0.0,14.0,0.0,3
716.0,3.0,0.7076686216457297,0.0,0.0,62.0,2.0,0.3845429197542286,0.0,0.0,34.7,0.0,0.0,0.0,0.0,168.0,2238.0,38.0,0.0,0.0,0.0,4.0,0.0,0.0,0.0,0.0,3
718.0,3.0,0.0924855816339578,0.0,0.0,250.0,4.0,0.4241457796377327,0.0,0.0,61.0,0.0,0.0,0.0,0.0,336.0,338.0,6.0,0.0,0.0,0.0,14.0,0.0,0.0,0.0,0.0,4
710.0,2.0,0.2963022895980517,0.0,0.0,164.0,4.0,0.7253088933256537,0.0,0.0,81.23076923076923,0.0,0.0,0.0,0.0,84.0,0.0,0.0,0.0,0.0,0.0,30.0,0.0,0.0,4.0,0.0,4
712.0,2.0,0.0193076542663995,0.0,0.0,192.0,4.0,0.3308053923830039,0.0,0.0,85.0,0.0,0.0,0.0,0.0,290.0,2692.0,22.0,0.0,0.0,0.0,20.0,0.0,0.0,0.0,0.0,3
696.0,4.0,0.2615045081907409,0.0,0.0,592.0,4.0,0.0856351143759449,0.0,0.0,85.0,0.0,0.0,0.0,0.0,1128.0,528.0,8.0,0.0,0.0,0.0,50.0,0.0,0.0,0.0,0.0,3
708.0,4.0,0.737353547368495,0.0,0.0,122.0,2.0,0.4461368445175232,0.0,0.0,85.0,0.0,0.0,0.0,0.0,334.0,3488.0,70.0,0.0,0.0,0.0,48.0,0.0,0.0,16.0,0.0,3
700.0,1.0,-1.000088900581841e-12,0.0,0.0,84.0,2.0,0.410116318286409,0.0,0.0,84.0,0.0,0.0,0.0,0.0,240.0,706.0,48.0,0.0,0.0,0.0,36.0,0.0,0.0,0.0,0.0,2
710.0,3.0,0.7255120731384488,0.0,0.0,42.0,3.0,0.9989405267974004,0.0,0.0,83.1,0.0,0.0,0.0,0.0,288.0,2042.0,92.0,0.0,0.0,0.0,14.0,0.0,0.0,0.0,0.0,2
702.0,5.0,1.170957061144636,0.0,0.0,76.0,2.0,0.5763341277547498,0.0,0.0,81.25,0.0,0.0,0.0,0.0,304.0,4358.0,66.0,0.0,0.0,0.0,12.0,0.0,0.0,4.0,0.0,3
698.0,3.0,0.4215805700213001,0.0,0.0,36.0,3.0,0.8486855577234171,0.0,0.0,80.14285714285714,0.0,0.0,0.0,0.0,156.0,2904.0,36.0,0.0,0.0,0.0,6.0,0.0,0.0,0.0,0.0,3
690.0,4.0,1.0591733473637526,0.0,0.0,84.0,2.0,0.5982695885832573,0.0,0.0,77.5,0.0,0.0,0.0,0.0,536.0,5398.0,102.0,0.0,0.0,0.0,4.0,0.0,0.0,2.0,0.0,2
700.0,3.0,0.4877665361488873,0.0,0.0,130.0,2.0,0.5746599564700303,0.0,0.0,74.54545454545455,0.0,0.0,0.0,0.0,604.0,4718.0,122.0,0.0,0.0,0.0,30.0,0.0,0.0,8.0,0.0,3
704.0,5.0,0.8139969667665903,0.0,0.0,72.0,2.0,0.3488320958410319,0.0,0.0,70.91666666666667,0.0,0.0,30.0,58.0,112.0,13440.0,20.0,2.0,0.0,0.0,24.0,0.0,0.0,4.0,0.0,3
704.0,3.0,0.9033585300822546,0.0,0.0,30.0,2.0,0.2449300267926353,0.0,0.0,66.52631578947368,0.0,0.0,0.0,0.0,0.0,3348.0,0.0,0.0,0.0,0.0,62.0,0.0,0.0,4.0,0.0,3
458.0,1.0,-1.000088900581841e-12,0.0,0.0,0.0,0.0,0.0,0.0,0.0,63.5,0.0,0.0,0.0,0.0,0.0,0.0,0.0,0.0,0.0,0.0,0.0,0.0,0.0,0.0,0.0,3
6.0,1.0,-1.000088900581841e-12,0.0,0.0,0.0,0.0,0.0,0.0,0.0,62.66666666666666,22.0,0.0,0.0,0.0,0.0,0.0,0.0,0.0,0.0,0.0,0.0,0.0,0.0,0.0,0.0,3
0.0,0.0,0.0,0.0,0.0,18.0,2.0,0.6869615765953234,0.0,0.0,61.5,26.0,0.0,0.0,0.0,0.0,0.0,0.0,0.0,0.0,0.0,2.0,0.0,0.0,0.0,0.0,3
0.0,0.0,0.0,0.0,0.0,16.0,2.0,0.5623351446168083,0.0,0.0,60.0,42.0,0.0,0.0,0.0,0.0,0.0,0.0,0.0,0.0,0.0,2.0,0.0,0.0,0.0,0.0,3
0.0,0.0,0.0,0.0,0.0,8.0,1.0,-1.000088900581841e-12,0.0,0.0,59.0,0.0,0.0,0.0,0.0,58.0,0.0,0.0,0.0,0.0,0.0,2.0,0.0,0.0,0.0,0.0,3
144.0,4.0,0.9225643305960676,0.0,0.0,26.0,5.0,1.4791328074246437,0.0,0.0,57.55555555555556,0.0,0.0,0.0,0.0,232.0,1650.0,50.0,0.0,0.0,0.0,58.0,0.0,0.0,10.0,0.0,5
706.0,1.0,-1.000088900581841e-12,0.0,0.0,2.0,1.0,-1.000088900581841e-12,0.0,0.0,54.90909090909091,0.0,0.0,0.0,0.0,430.0,3562.0,0.0,0.0,0.0,0.0,68.0,0.0,0.0,6.0,0.0,4
690.0,1.0,-1.000088900581841e-12,0.0,0.0,0.0,0.0,0.0,0.0,0.0,53.16666666666666,0.0,0.0,0.0,0.0,0.0,0.0,0.0,0.0,0.0,0.0,0.0,0.0,0.0,0.0,0.0,4
430.0,1.0,-1.000088900581841e-12,0.0,0.0,4.0,1.0,-1.000088900581841e-12,0.0,0.0,53.0,40.0,0.0,0.0,0.0,0.0,0.0,0.0,0.0,0.0,0.0,0.0,0.0,0.0,0.0,0.0,4
0.0,0.0,0.0,0.0,0.0,14.0,2.0,0.6829081046984717,0.0,0.0,51.5,0.0,0.0,0.0,0.0,0.0,0.0,0.0,0.0,0.0,0.0,2.0,0.0,0.0,0.0,0.0,3
0.0,0.0,0.0,0.0,0.0,14.0,3.0,0.9556998911095343,0.0,0.0,50.5,0.0,0.0,0.0,0.0,0.0,0.0,0.0,0.0,0.0,0.0,0.0,0.0,0.0,0.0,0.0,3
716.0,4.0,0.8361676357493443,0.0,0.0,14.0,3.0,0.9556998911095343,0.0,0.0,47.869565217391305,0.0,0.0,0.0,0.0,378.0,5668.0,14.0,0.0,0.0,0.0,68.0,0.0,0.0,4.0,0.0,3
710.0,1.0,-1.000088900581841e-12,0.0,0.0,44.0,1.0,-1.000088900581841e-12,0.0,0.0,45.333333333333336,0.0,0.0,0.0,0.0,64.0,0.0,0.0,0.0,0.0,0.0,4.0,0.0,0.0,0.0,0.0,3
710.0,5.0,1.2829505286799034,0.0,0.0,18.0,2.0,0.5297061990556545,0.0,0.0,43.66666666666666,0.0,0.0,0.0,0.0,268.0,2506.0,86.0,0.0,0.0,0.0,18.0,0.0,0.0,6.0,0.0,3
700.0,4.0,0.7506539347856478,0.0,0.0,30.0,4.0,1.3095258353000694,0.0,0.0,40.91666666666666,0.0,0.0,0.0,0.0,208.0,2718.0,16.0,0.0,0.0,0.0,18.0,0.0,0.0,0.0,0.0,3
710.0,5.0,0.4673653375516995,0.0,0.0,46.0,3.0,0.9183987247963116,0.0,0.0,38.42857142857143,0.0,0.0,0.0,0.0,356.0,2122.0,64.0,0.0,0.0,8.0,2.0,0.0,0.0,10.0,0.0,2
688.0,4.0,0.7215689434279616,0.0,0.0,88.0,3.0,1.0208880675076415,0.0,0.0,36.16666666666666,0.0,0.0,0.0,0.0,642.0,7798.0,150.0,0.0,0.0,10.0,46.0,0.0,0.0,26.0,0.0,3
698.0,4.0,0.685234954585143,0.0,0.0,186.0,4.0,0.6353516042444958,0.0,0.0,33.5,0.0,44.0,0.0,0.0,288.0,278.0,30.0,0.0,0.0,0.0,18.0,0.0,0.0,4.0,0.0,3
710.0,2.0,0.5997381624225474,0.0,0.0,216.0,3.0,0.6546695645255008,0.0,0.0,31.6,0.0,0.0,0.0,0.0,358.0,52.0,56.0,0.0,0.0,0.0,16.0,0.0,0.0,6.0,0.0,3
714.0,3.0,0.6445437569954331,0.0,0.0,50.0,4.0,1.1418572655688577,0.0,0.0,29.125,0.0,0.0,0.0,0.0,430.0,1408.0,30.0,0.0,0.0,0.0,50.0,0.0,0.0,14.0,0.0,3
710.0,2.0,0.4498048101202909,0.0,0.0,30.0,3.0,0.8033149761378755,0.0,0.0,26.142857142857142,0.0,0.0,0.0,0.0,360.0,12.0,26.0,0.0,0.0,0.0,32.0,0.0,0.0,2.0,0.0,3
702.0,2.0,0.6841551713589997,0.0,0.0,14.0,2.0,0.5982695885832573,0.0,0.0,24.5,0.0,0.0,0.0,0.0,74.0,568.0,8.0,0.0,0.0,0.0,0.0,0.0,0.0,0.0,0.0,3
698.0,3.0,0.2174001480994497,0.0,0.0,130.0,3.0,0.5063080101642605,0.0,0.0,22.75,0.0,0.0,0.0,0.0,766.0,4766.0,92.0,0.0,0.0,0.0,0.0,0.0,0.0,0.0,0.0,3
712.0,6.0,1.2591724491422756,0.0,0.0,146.0,5.0,1.0218782221684377,0.0,0.0,17.85,0.0,0.0,0.0,0.0,640.0,17314.0,128.0,0.0,0.0,0.0,26.0,0.0,0.0,4.0,0.0,3
706.0,2.0,0.6595410651041103,0.0,0.0,0.0,0.0,0.0,0.0,78.0,21.0,0.0,0.0,0.0,0.0,720.0,506.0,44.0,0.0,0.0,0.0,8.0,0.0,0.0,0.0,0.0,3
718.0,2.0,0.6530325800879763,0.0,0.0,102.0,1.0,-1.000088900581841e-12,0.0,0.0,35.7,0.0,0.0,0.0,0.0,820.0,0.0,0.0,0.0,0.0,0.0,0.0,0.0,0.0,0.0,0.0,2
718.0,4.0,0.828581757521338,0.0,0.0,32.0,3.0,1.0239287996359363,0.0,0.0,62.1,0.0,0.0,0.0,0.0,164.0,3528.0,32.0,0.0,0.0,0.0,2.0,0.0,0.0,2.0,0.0,2
712.0,4.0,1.0333632782577469,0.0,0.0,90.0,3.0,0.672049747676312,0.0,0.0,78.23076923076923,0.0,0.0,0.0,0.0,528.0,5266.0,74.0,0.0,0.0,0.0,30.0,0.0,0.0,8.0,0.0,2
712.0,6.0,0.9721040714958816,0.0,0.0,78.0,6.0,0.997016497748673,0.0,0.0,78.0,0.0,0.0,0.0,0.0,1074.0,6318.0,58.0,0.0,0.0,0.0,4.0,0.0,0.0,0.0,0.0,2
714.0,6.0,0.9907500977029774,0.0,0.0,64.0,5.0,1.0373923246159082,0.0,0.0,74.5909090909091,0.0,0.0,0.0,0.0,90.0,10310.0,20.0,0.0,0.0,0.0,4.0,0.0,0.0,2.0,0.0,3
704.0,9.0,1.1300130325108717,0.0,0.0,382.0,4.0,0.8135692926254073,0.0,0.0,71.1,0.0,0.0,0.0,0.0,624.0,1750.0,110.0,0.0,0.0,0.0,34.0,0.0,0.0,2.0,0.0,3
708.0,6.0,1.1694850734971995,0.0,0.0,104.0,6.0,0.9682345273781764,0.0,0.0,69.05,0.0,0.0,0.0,0.0,358.0,2420.0,78.0,0.0,0.0,0.0,8.0,0.0,0.0,0.0,0.0,3
712.0,6.0,1.1423688285715754,0.0,0.0,124.0,4.0,1.175177378558819,0.0,0.0,64.55555555555556,0.0,0.0,0.0,0.0,476.0,14586.0,98.0,0.0,0.0,0.0,12.0,0.0,0.0,0.0,0.0,3
710.0,2.0,0.6930479906090417,0.0,0.0,68.0,3.0,0.5783252866571272,0.0,0.0,61.42857142857143,0.0,0.0,0.0,0.0,384.0,3188.0,42.0,0.0,0.0,0.0,8.0,0.0,0.0,0.0,0.0,2
714.0,3.0,0.5615956965877942,0.0,0.0,26.0,3.0,0.8587409130032867,0.0,0.0,59.16666666666666,0.0,0.0,0.0,0.0,472.0,3874.0,40.0,0.0,0.0,0.0,6.0,0.0,0.0,0.0,0.0,2
714.0,1.0,-1.000088900581841e-12,0.0,0.0,90.0,2.0,0.5297061990556545,0.0,0.0,57.44444444444444,0.0,0.0,0.0,0.0,954.0,13576.0,122.0,0.0,0.0,0.0,4.0,0.0,0.0,4.0,0.0,2
696.0,2.0,0.6843852673574247,0.0,0.0,120.0,2.0,0.3250829733894482,0.0,0.0,54.1,0.0,0.0,0.0,0.0,284.0,5148.0,68.0,0.0,0.0,0.0,36.0,0.0,0.0,2.0,0.0,2
710.0,3.0,0.1669793334925088,0.0,0.0,28.0,2.0,0.6829081046984717,0.0,0.0,52.42857142857143,0.0,0.0,0.0,0.0,480.0,5302.0,110.0,0.0,0.0,0.0,0.0,0.0,0.0,0.0,0.0,2
712.0,4.0,0.1155162009203716,0.0,0.0,64.0,2.0,0.6853142072744584,0.0,0.0,51.0,0.0,0.0,0.0,0.0,978.0,10718.0,154.0,0.0,0.0,0.0,28.0,0.0,0.0,12.0,0.0,2
712.0,5.0,0.9823214019243864,0.0,0.0,534.0,3.0,0.8527897162583682,0.0,0.0,48.0,0.0,0.0,0.0,0.0,1562.0,16310.0,294.0,0.0,0.0,0.0,30.0,0.0,0.0,12.0,0.0,2
700.0,5.0,1.316853761339257,0.0,0.0,64.0,2.0,0.6931471805579453,0.0,0.0,44.77777777777778,0.0,0.0,0.0,0.0,1458.0,5716.0,204.0,0.0,0.0,0.0,34.0,0.0,0.0,6.0,0.0,2
698.0,5.0,0.692345546375861,0.0,0.0,62.0,3.0,0.5785328437119682,0.0,0.0,41.72727272727273,0.0,0.0,0.0,0.0,398.0,8546.0,78.0,0.0,0.0,0.0,32.0,0.0,0.0,12.0,0.0,1
712.0,3.0,0.4872357317141474,0.0,0.0,54.0,2.0,0.6365141682928128,0.0,0.0,38.19047619047619,0.0,0.0,0.0,0.0,408.0,14068.0,84.0,0.0,0.0,0.0,0.0,0.0,0.0,0.0,0.0,3
704.0,1.0,-1.000088900581841e-12,0.0,0.0,10.0,1.0,-1.000088900581841e-12,0.0,0.0,34.2,0.0,0.0,0.0,0.0,410.0,4346.0,132.0,0.0,0.0,0.0,4.0,0.0,0.0,4.0,0.0,3
700.0,4.0,0.8338006527110645,0.0,0.0,18.0,2.0,0.3488320958410319,0.0,0.0,30.72222222222222,0.0,0.0,0.0,0.0,0.0,6764.0,0.0,0.0,0.0,0.0,56.0,0.0,0.0,6.0,0.0,3
712.0,1.0,-1.000088900581841e-12,0.0,0.0,0.0,0.0,0.0,0.0,0.0,28.166666666666668,0.0,0.0,0.0,0.0,0.0,0.0,0.0,0.0,0.0,0.0,0.0,0.0,0.0,0.0,0.0,3
330.0,1.0,-1.000088900581841e-12,0.0,0.0,0.0,0.0,0.0,0.0,0.0,27.5,46.0,0.0,0.0,0.0,0.0,0.0,0.0,0.0,0.0,0.0,0.0,0.0,0.0,0.0,0.0,3
0.0,0.0,0.0,0.0,0.0,4.0,1.0,-1.000088900581841e-12,0.0,0.0,26.0,46.0,0.0,0.0,0.0,0.0,0.0,0.0,0.0,0.0,0.0,2.0,0.0,0.0,0.0,0.0,3
0.0,0.0,0.0,0.0,0.0,20.0,3.0,0.9433483923260392,0.0,0.0,24.0,38.0,0.0,0.0,0.0,0.0,0.0,0.0,0.0,0.0,0.0,2.0,0.0,0.0,0.0,0.0,3
0.0,0.0,0.0,0.0,0.0,2.0,1.0,-1.000088900581841e-12,0.0,0.0,0.0,0.0,0.0,0.0,0.0,0.0,0.0,0.0,0.0,0.0,0.0,0.0,0.0,0.0,0.0,0.0,5
0.0,0.0,0.0,0.0,0.0,2.0,1.0,-1.000088900581841e-12,0.0,0.0,0.0,0.0,0.0,0.0,0.0,0.0,0.0,0.0,0.0,0.0,0.0,0.0,0.0,0.0,0.0,0.0,3
410.0,4.0,1.123115437650222,0.0,0.0,76.0,7.0,1.4256932061758123,0.0,0.0,18.53846153846154,0.0,0.0,0.0,80.0,316.0,5002.0,38.0,0.0,0.0,0.0,32.0,0.0,0.0,2.0,0.0,4
296.0,1.0,-1.000088900581841e-12,0.0,0.0,6.0,2.0,0.6365141682928128,0.0,0.0,16.5,0.0,0.0,0.0,0.0,322.0,13980.0,28.0,0.0,0.0,0.0,6.0,0.0,0.0,2.0,0.0,4
0.0,0.0,0.0,0.0,0.0,0.0,0.0,0.0,0.0,0.0,0.0,0.0,0.0,0.0,0.0,106.0,11040.0,24.0,0.0,0.0,0.0,0.0,0.0,0.0,0.0,0.0,4
368.0,9.0,1.4370583570195354,0.0,0.0,102.0,7.0,1.690787226667409,0.0,106.0,26.266666666666666,0.0,0.0,0.0,0.0,1064.0,6268.0,282.0,0.0,0.0,0.0,14.0,0.0,0.0,0.0,0.0,4
714.0,5.0,0.8147441016336949,0.0,0.0,98.0,2.0,0.5060089689454293,0.0,110.0,33.095238095238095,0.0,0.0,0.0,0.0,1314.0,10798.0,140.0,0.0,0.0,2.0,80.0,0.0,0.0,20.0,0.0,3
716.0,2.0,0.0345507670008156,0.0,0.0,2.0,1.0,-1.000088900581841e-12,0.0,0.0,46.86206896551724,0.0,0.0,0.0,0.0,0.0,4468.0,0.0,0.0,0.0,0.0,0.0,0.0,0.0,0.0,0.0,3
718.0,2.0,0.0483051822207435,0.0,0.0,22.0,2.0,0.4741393130558373,0.0,0.0,71.8,0.0,0.0,0.0,0.0,112.0,0.0,0.0,0.0,0.0,0.0,0.0,0.0,0.0,0.0,0.0,3
716.0,1.0,-1.000088900581841e-12,0.0,0.0,14.0,1.0,-1.000088900581841e-12,0.0,0.0,88.6,0.0,0.0,0.0,0.0,112.0,0.0,0.0,0.0,0.0,0.0,2.0,0.0,0.0,2.0,0.0,3
694.0,4.0,0.8634119467011717,0.0,0.0,120.0,6.0,1.332324174602615,0.0,0.0,99.86666666666666,0.0,50.0,32.0,0.0,560.0,6214.0,86.0,0.0,0.0,0.0,12.0,0.0,0.0,0.0,0.0,3
714.0,2.0,0.3081401273095479,0.0,0.0,24.0,2.0,0.6365141682928128,0.0,0.0,99.0,0.0,0.0,0.0,0.0,342.0,14.0,68.0,0.0,0.0,0.0,8.0,0.0,0.0,0.0,0.0,2
708.0,1.0,-1.000088900581841e-12,0.0,0.0,8.0,1.0,-1.000088900581841e-12,0.0,0.0,98.5,0.0,0.0,0.0,0.0,228.0,0.0,0.0,0.0,12.0,2.0,10.0,0.0,0.0,16.0,0.0,2
700.0,5.0,1.0080877533239152,0.0,0.0,98.0,3.0,0.6504823066407701,0.0,0.0,93.5,0.0,0.0,0.0,0.0,1054.0,5488.0,204.0,0.0,0.0,0.0,2.0,0.0,0.0,0.0,0.0,2
710.0,4.0,1.0299782977023095,0.0,0.0,44.0,2.0,0.6890092384746587,0.0,0.0,91.71428571428572,0.0,0.0,0.0,0.0,716.0,3500.0,154.0,0.0,0.0,0.0,2.0,0.0,0.0,0.0,0.0,2
700.0,4.0,0.4686308684509382,0.0,0.0,18.0,2.0,0.5297061990556545,0.0,0.0,90.0,0.0,0.0,0.0,0.0,474.0,6368.0,156.0,0.0,0.0,0.0,18.0,0.0,0.0,4.0,0.0,2
708.0,6.0,1.1057215415937782,0.0,0.0,110.0,5.0,1.1810616626084047,0.0,0.0,87.28571428571429,0.0,0.0,0.0,0.0,478.0,4910.0,70.0,0.0,0.0,34.0,36.0,0.0,0.0,22.0,0.0,3
710.0,1.0,-1.000088900581841e-12,0.0,0.0,12.0,2.0,0.6365141682928128,0.0,0.0,85.0,0.0,0.0,0.0,0.0,0.0,0.0,0.0,0.0,0.0,0.0,20.0,0.0,0.0,0.0,0.0,2
710.0,3.0,0.4229768108122309,0.0,0.0,12.0,4.0,1.3296613488507585,0.0,0.0,84.16666666666667,0.0,0.0,0.0,0.0,360.0,110.0,26.0,0.0,0.0,0.0,4.0,0.0,0.0,2.0,0.0,2
704.0,3.0,0.760971308682924,0.0,0.0,28.0,2.0,0.5982695885832573,0.0,0.0,82.625,0.0,0.0,0.0,0.0,368.0,3168.0,64.0,0.0,0.0,40.0,6.0,0.0,0.0,18.0,0.0,2
704.0,3.0,0.1774554530943576,0.0,0.0,12.0,2.0,0.6365141682928128,0.0,0.0,80.0,0.0,0.0,0.0,0.0,246.0,2482.0,84.0,0.0,0.0,10.0,26.0,0.0,0.0,4.0,0.0,4
712.0,4.0,0.7179702829730517,0.0,0.0,46.0,4.0,1.207515325033699,0.0,0.0,77.14285714285714,0.0,0.0,0.0,0.0,876.0,7510.0,194.0,0.0,0.0,4.0,38.0,0.0,0.0,16.0,0.0,5
698.0,3.0,0.5542809052686122,0.0,0.0,38.0,3.0,0.9932682101469608,0.0,0.0,75.0,0.0,0.0,0.0,0.0,638.0,2936.0,94.0,0.0,0.0,0.0,0.0,0.0,0.0,0.0,0.0,4
712.0,4.0,0.4584643525290066,0.0,0.0,16.0,2.0,0.6931471805579453,0.0,0.0,73.11111111111111,0.0,0.0,0.0,0.0,372.0,1582.0,70.0,0.0,0.0,0.0,0.0,0.0,0.0,0.0,0.0,3
710.0,3.0,0.604907877548755,0.0,0.0,60.0,3.0,0.6277052571941504,0.0,0.0,71.66666666666667,0.0,0.0,0.0,0.0,512.0,2130.0,76.0,0.0,0.0,0.0,8.0,0.0,0.0,2.0,0.0,3
702.0,3.0,0.542478105634167,0.0,0.0,36.0,3.0,0.8486855577234171,0.0,0.0,69.72727272727273,0.0,0.0,0.0,0.0,640.0,4426.0,50.0,0.0,0.0,0.0,0.0,0.0,0.0,0.0,0.0,3
714.0,4.0,0.7941920515949542,0.0,0.0,160.0,3.0,0.5647902931895934,0.0,0.0,66.3076923076923,0.0,0.0,0.0,0.0,2446.0,16224.0,276.0,0.0,0.0,0.0,0.0,0.0,0.0,0.0,0.0,3
710.0,5.0,1.2091615201636952,0.0,0.0,44.0,2.0,0.6890092384746587,0.0,0.0,62.2,0.0,0.0,0.0,0.0,904.0,6474.0,178.0,0.0,0.0,0.0,0.0,0.0,0.0,0.0,0.0,4
704.0,4.0,0.7204184452609059,0.0,0.0,68.0,2.0,0.5455945739671844,0.0,0.0,59.4,0.0,0.0,0.0,0.0,902.0,7114.0,118.0,0.0,0.0,0.0,0.0,0.0,0.0,0.0,0.0,5
702.0,1.0,-1.000088900581841e-12,0.0,0.0,16.0,2.0,0.5623351446168083,0.0,0.0,58.0,0.0,0.0,0.0,0.0,388.0,942.0,28.0,0.0,0.0,0.0,2.0,0.0,0.0,2.0,0.0,3
700.0,2.0,0.5409967469347101,0.0,0.0,16.0,2.0,0.5623351446168083,0.0,0.0,56.85714285714285,0.0,0.0,0.0,0.0,254.0,2190.0,26.0,0.0,0.0,0.0,2.0,0.0,0.0,2.0,0.0,2
712.0,6.0,1.240554950500158,0.0,0.0,48.0,2.0,0.6791932659895258,0.0,0.0,54.72727272727273,0.0,0.0,0.0,0.0,780.0,13606.0,170.0,0.0,0.0,0.0,28.0,0.0,0.0,8.0,0.0,2
714.0,3.0,1.0344821835866538,0.0,0.0,48.0,2.0,0.6365141682928128,0.0,0.0,52.625,0.0,0.0,0.0,0.0,908.0,6832.0,148.0,0.0,0.0,0.0,6.0,0.0,0.0,2.0,0.0,3
696.0,2.0,0.4166807772053985,0.0,0.0,56.0,2.0,0.6829081046984717,0.0,0.0,50.875,0.0,0.0,0.0,0.0,780.0,4774.0,234.0,0.0,0.0,0.0,4.0,0.0,0.0,0.0,0.0,2
396.0,1.0,-1.000088900581841e-12,0.0,0.0,0.0,0.0,0.0,0.0,0.0,49.5,0.0,0.0,0.0,0.0,132.0,0.0,0.0,0.0,0.0,0.0,0.0,0.0,0.0,0.0,0.0,2
694.0,3.0,0.8044371582382868,0.0,0.0,8.0,2.0,0.6931471805579453,0.0,0.0,47.0,0.0,0.0,0.0,0.0,124.0,7574.0,40.0,0.0,0.0,0.0,4.0,0.0,0.0,4.0,0.0,2
712.0,1.0,-1.000088900581841e-12,0.0,0.0,4.0,1.0,-1.000088900581841e-12,0.0,0.0,44.16666666666666,0.0,0.0,0.0,0.0,0.0,0.0,0.0,0.0,0.0,0.0,0.0,0.0,0.0,0.0,0.0,3
438.0,1.0,-1.000088900581841e-12,0.0,0.0,0.0,0.0,0.0,0.0,0.0,43.75,54.0,0.0,0.0,0.0,0.0,0.0,0.0,0.0,0.0,0.0,0.0,0.0,0.0,0.0,0.0,3
0.0,0.0,0.0,0.0,0.0,18.0,2.0,0.6869615765953234,0.0,0.0,43.0,76.0,0.0,0.0,0.0,0.0,0.0,0.0,0.0,0.0,0.0,2.0,0.0,0.0,2.0,0.0,3
0.0,0.0,0.0,0.0,0.0,14.0,2.0,0.410116318286409,0.0,0.0,40.0,86.0,0.0,0.0,0.0,0.0,0.0,0.0,0.0,0.0,0.0,2.0,0.0,0.0,0.0,0.0,3
0.0,0.0,0.0,0.0,0.0,2.0,1.0,-1.000088900581841e-12,0.0,0.0,0.0,0.0,0.0,0.0,0.0,0.0,0.0,0.0,0.0,0.0,0.0,0.0,0.0,0.0,0.0,0.0,3
0.0,0.0,0.0,0.0,0.0,30.0,3.0,0.7298712099801165,0.0,0.0,36.0,72.0,0.0,0.0,0.0,0.0,0.0,0.0,0.0,0.0,0.0,2.0,0.0,0.0,0.0,0.0,3
306.0,2.0,0.4117857428725675,0.0,0.0,58.0,5.0,0.7668750081754474,0.0,0.0,34.214285714285715,0.0,0.0,0.0,0.0,134.0,7706.0,30.0,0.0,0.0,0.0,20.0,0.0,0.0,4.0,0.0,3
716.0,5.0,0.9886185214940352,0.0,0.0,102.0,1.0,-1.000088900581841e-12,0.0,0.0,29.344827586206897,0.0,0.0,0.0,0.0,132.0,63420.0,0.0,0.0,0.0,0.0,60.0,0.0,0.0,14.0,0.0,3
704.0,5.0,1.2119586239891424,0.0,0.0,50.0,2.0,0.6534181947917017,0.0,0.0,24.0,0.0,0.0,0.0,0.0,816.0,6560.0,166.0,0.0,0.0,0.0,10.0,0.0,0.0,4.0,0.0,3
708.0,7.0,1.166307728017138,0.0,0.0,122.0,3.0,0.983204671552708,0.0,0.0,20.2,0.0,0.0,0.0,0.0,1246.0,1966.0,106.0,0.0,0.0,2.0,26.0,0.0,0.0,8.0,0.0,3
612.0,2.0,0.0550985760178867,0.0,0.0,24.0,2.0,0.2868359830541607,0.0,0.0,17.0,0.0,0.0,0.0,0.0,0.0,160.0,40.0,0.0,0.0,0.0,32.0,0.0,0.0,10.0,0.0,5
4.0,2.0,0.6931471805579453,0.0,0.0,2.0,1.0,-1.000088900581841e-12,0.0,0.0,20.0,0.0,0.0,0.0,0.0,0.0,6.0,0.0,0.0,0.0,0.0,6.0,0.0,0.0,0.0,0.0,5
718.0,7.0,1.4664713453361011,0.0,2.0,52.0,5.0,1.3703732333062946,0.0,2.0,37.16666666666666,0.0,0.0,0.0,0.0,14.0,592.0,8.0,0.0,0.0,0.0,48.0,0.0,0.0,4.0,0.0,4
716.0,5.0,0.6020215594337917,0.0,0.0,56.0,6.0,1.2959647679491997,0.0,0.0,43.9,0.0,0.0,0.0,0.0,2.0,236.0,2.0,0.0,0.0,0.0,0.0,0.0,0.0,0.0,0.0,2
712.0,6.0,1.2432805352023018,0.0,2.0,448.0,5.0,0.8763916779253531,0.0,2.0,39.875,0.0,0.0,0.0,0.0,20.0,956.0,14.0,0.0,0.0,0.0,8.0,0.0,0.0,10.0,0.0,2
710.0,3.0,0.7211258153791356,0.0,0.0,26.0,4.0,1.072016968559193,0.0,0.0,37.42857142857143,0.0,0.0,0.0,0.0,8.0,66.0,8.0,0.0,0.0,0.0,64.0,0.0,0.0,4.0,0.0,2
708.0,3.0,0.6613483493559038,0.0,0.0,44.0,4.0,1.2270669900727609,0.0,0.0,36.5,0.0,0.0,0.0,2.0,10.0,376.0,6.0,0.0,0.0,0.0,0.0,0.0,0.0,0.0,0.0,2
710.0,6.0,1.2258229138424366,0.0,0.0,36.0,3.0,0.936888307536016,0.0,0.0,33.75,0.0,0.0,0.0,0.0,16.0,1158.0,10.0,0.0,0.0,0.0,12.0,0.0,0.0,4.0,0.0,3
716.0,6.0,1.1280262075554612,0.0,4.0,48.0,5.0,1.402327911351584,0.0,4.0,40.94736842105263,0.0,0.0,0.0,0.0,32.0,636.0,6.0,0.0,0.0,22.0,20.0,0.0,0.0,12.0,0.0,2
716.0,2.0,0.0851454706839,0.0,0.0,64.0,3.0,0.7356219397557947,0.0,0.0,45.16666666666666,0.0,0.0,0.0,0.0,0.0,0.0,0.0,0.0,0.0,80.0,0.0,0.0,0.0,2.0,0.0,2
712.0,4.0,0.561143377437897,0.0,4.0,86.0,5.0,1.093434398585061,0.0,0.0,42.09090909090909,0.0,0.0,0.0,0.0,16.0,38.0,2.0,0.0,0.0,28.0,24.0,0.0,0.0,10.0,0.0,2
712.0,8.0,0.807798552821851,0.0,0.0,44.0,5.0,0.9248035250878236,0.0,0.0,39.57142857142857,0.0,0.0,0.0,0.0,8.0,1244.0,4.0,0.0,0.0,0.0,58.0,0.0,0.0,8.0,0.0,2
706.0,5.0,0.719992624724171,0.0,0.0,16.0,2.0,0.5623351446168083,0.0,0.0,37.71428571428572,0.0,0.0,0.0,0.0,4.0,196.0,4.0,0.0,0.0,0.0,24.0,0.0,0.0,2.0,0.0,3
686.0,5.0,0.7856527423910248,0.0,0.0,26.0,3.0,1.0123308391001735,0.0,0.0,35.888888888888886,0.0,0.0,0.0,0.0,40.0,806.0,18.0,0.0,0.0,0.0,40.0,0.0,0.0,2.0,0.0,3
708.0,4.0,0.7476586954657284,0.0,0.0,44.0,3.0,0.966674830316792,0.0,0.0,33.083333333333336,0.0,0.0,0.0,0.0,54.0,882.0,14.0,0.0,0.0,0.0,6.0,0.0,0.0,0.0,0.0,3
714.0,4.0,0.6869666336936524,0.0,0.0,48.0,3.0,0.9002560512655369,0.0,0.0,30.571428571428573,0.0,10.0,8.0,0.0,52.0,770.0,18.0,0.0,0.0,0.0,0.0,0.0,0.0,0.0,0.0,3
712.0,7.0,0.6013064684392438,0.0,0.0,32.0,2.0,0.6615632381559821,0.0,0.0,28.142857142857142,0.0,0.0,0.0,0.0,78.0,534.0,14.0,0.0,0.0,0.0,0.0,0.0,0.0,0.0,0.0,3
710.0,2.0,0.6928257813154087,0.0,0.0,42.0,3.0,0.9773202089534674,0.0,0.0,24.5,0.0,0.0,0.0,0.0,56.0,2246.0,16.0,0.0,0.0,0.0,14.0,0.0,0.0,4.0,0.0,3
704.0,2.0,0.6860117787669296,0.0,0.0,28.0,2.0,0.5982695885832573,0.0,0.0,21.83333333333333,0.0,0.0,0.0,0.0,56.0,274.0,8.0,0.0,0.0,0.0,46.0,0.0,0.0,8.0,0.0,3
710.0,5.0,1.0468097594366417,0.0,0.0,52.0,2.0,0.666278442412676,0.0,0.0,18.857142857142858,0.0,0.0,0.0,0.0,154.0,1038.0,32.0,0.0,0.0,0.0,0.0,0.0,0.0,0.0,0.0,3
228.0,2.0,0.2061920506312318,0.0,0.0,8.0,2.0,0.5623351446168083,0.0,28.0,16.166666666666668,0.0,0.0,0.0,0.0,58.0,5088.0,20.0,0.0,0.0,0.0,0.0,0.0,0.0,2.0,0.0,3
596.0,4.0,1.11188244748117,0.0,0.0,72.0,2.0,0.5908422462735826,0.0,0.0,31.0,0.0,0.0,0.0,0.0,128.0,1110.0,36.0,0.0,0.0,0.0,18.0,0.0,0.0,2.0,0.0,3
716.0,3.0,0.6438275287196953,0.0,0.0,68.0,2.0,0.6492483548688981,0.0,18.0,55.5,0.0,0.0,0.0,0.0,180.0,1026.0,54.0,0.0,0.0,0.0,10.0,0.0,0.0,6.0,0.0,3
716.0,3.0,0.3152959771403553,0.0,0.0,16.0,2.0,0.5623351446168083,0.0,0.0,78.65384615384616,0.0,0.0,0.0,0.0,54.0,2406.0,10.0,0.0,0.0,0.0,2.0,0.0,0.0,0.0,0.0,3
714.0,5.0,0.7507728554021181,0.0,0.0,52.0,2.0,0.666278442412676,0.0,0.0,86.14285714285714,0.0,0.0,0.0,0.0,118.0,2016.0,34.0,0.0,0.0,0.0,0.0,0.0,0.0,2.0,0.0,3
714.0,2.0,0.0346318332485284,0.0,0.0,58.0,2.0,0.5098156995796888,0.0,0.0,84.42857142857143,0.0,0.0,0.0,0.0,120.0,170.0,26.0,0.0,0.0,0.0,0.0,0.0,0.0,0.0,0.0,3
716.0,4.0,0.7433672625406356,0.0,0.0,44.0,3.0,0.7749927584532632,0.0,0.0,81.77272727272727,0.0,0.0,0.0,20.0,124.0,3880.0,12.0,0.0,0.0,0.0,46.0,0.0,0.0,6.0,0.0,3
716.0,2.0,0.6026012620036975,0.0,0.0,2.0,1.0,-1.000088900581841e-12,0.0,0.0,79.23076923076923,0.0,0.0,0.0,0.0,0.0,1808.0,0.0,0.0,0.0,0.0,38.0,0.0,0.0,2.0,0.0,3
666.0,1.0,-1.000088900581841e-12,0.0,0.0,6.0,2.0,0.6365141682928128,0.0,0.0,79.0,0.0,0.0,0.0,0.0,0.0,0.0,0.0,0.0,0.0,0.0,0.0,0.0,0.0,0.0,0.0,3
2.0,1.0,-1.000088900581841e-12,0.0,0.0,0.0,0.0,0.0,0.0,0.0,79.0,0.0,0.0,0.0,0.0,0.0,0.0,0.0,0.0,0.0,0.0,0.0,0.0,0.0,0.0,0.0,3
0.0,0.0,0.0,0.0,0.0,0.0,0.0,0.0,0.0,0.0,78.0,0.0,0.0,0.0,0.0,0.0,0.0,0.0,0.0,0.0,0.0,2.0,0.0,0.0,0.0,0.0,3
700.0,7.0,0.7278262045900759,0.0,0.0,82.0,2.0,0.6045364845788017,0.0,0.0,64.625,0.0,0.0,0.0,0.0,48.0,754.0,30.0,0.0,0.0,0.0,8.0,0.0,0.0,4.0,0.0,3
708.0,3.0,0.341699393706408,0.0,0.0,22.0,3.0,0.9949236325687753,0.0,0.0,62.333333333333336,0.0,0.0,0.0,0.0,24.0,116.0,18.0,0.0,0.0,0.0,6.0,0.0,0.0,0.0,0.0,3
694.0,5.0,1.056699329789229,0.0,0.0,24.0,1.0,-1.000088900581841e-12,0.0,0.0,60.09090909090909,0.0,8.0,8.0,0.0,84.0,784.0,30.0,0.0,0.0,0.0,32.0,0.0,0.0,6.0,0.0,3
712.0,6.0,0.783478462273923,0.0,0.0,176.0,2.0,0.2181213598252049,0.0,0.0,56.61538461538461,0.0,0.0,0.0,0.0,30.0,5030.0,12.0,0.0,0.0,0.0,42.0,0.0,0.0,6.0,0.0,3
712.0,8.0,1.3939317824473436,0.0,0.0,244.0,3.0,0.8203747466028521,0.0,0.0,53.23076923076923,0.0,0.0,0.0,0.0,58.0,1914.0,20.0,0.0,0.0,0.0,60.0,0.0,0.0,10.0,0.0,3
708.0,4.0,0.7877413092960842,0.0,0.0,22.0,2.0,0.6890092384746587,0.0,0.0,51.16666666666666,0.0,0.0,0.0,0.0,24.0,342.0,16.0,0.0,0.0,0.0,0.0,0.0,0.0,0.0,0.0,3
702.0,3.0,0.6743068714476037,0.0,0.0,70.0,2.0,0.2925084684703972,0.0,0.0,49.71428571428572,0.0,0.0,0.0,0.0,36.0,690.0,6.0,0.0,0.0,0.0,6.0,0.0,0.0,8.0,0.0,3
714.0,3.0,0.6638478703995846,0.0,0.0,84.0,3.0,0.7222870484730901,0.0,0.0,47.25,0.0,0.0,0.0,0.0,120.0,6632.0,32.0,0.0,0.0,4.0,28.0,0.0,0.0,14.0,0.0,3
706.0,3.0,0.5266171452959714,0.0,0.0,36.0,4.0,1.0870753771571176,0.0,0.0,44.0,0.0,0.0,0.0,0.0,24.0,1182.0,4.0,0.0,80.0,0.0,4.0,0.0,0.0,6.0,0.0,2
712.0,2.0,0.6636777754438188,0.0,0.0,8.0,1.0,-1.000088900581841e-12,0.0,0.0,41.16666666666666,0.0,0.0,0.0,0.0,0.0,0.0,0.0,0.0,86.0,2.0,2.0,0.0,0.0,12.0,0.0,3
710.0,4.0,0.8362605307391868,0.0,0.0,20.0,2.0,0.5004024235361879,0.0,0.0,38.15384615384615,0.0,0.0,0.0,0.0,50.0,3210.0,22.0,0.0,0.0,0.0,82.0,0.0,0.0,20.0,0.0,3
702.0,5.0,0.272162668054082,0.0,0.0,152.0,4.0,0.4893949959297192,0.0,0.0,36.11111111111112,0.0,0.0,0.0,0.0,28.0,1132.0,14.0,0.0,0.0,0.0,10.0,0.0,0.0,0.0,0.0,4
708.0,3.0,0.5599037528650465,0.0,0.0,32.0,2.0,0.6615632381559821,0.0,0.0,34.333333333333336,0.0,0.0,0.0,0.0,84.0,520.0,18.0,0.0,0.0,0.0,64.0,0.0,0.0,8.0,0.0,5
688.0,3.0,0.596113346354573,0.0,0.0,54.0,3.0,1.0944885526900283,0.0,0.0,32.44444444444444,0.0,0.0,0.0,0.0,126.0,5836.0,34.0,0.0,0.0,0.0,0.0,0.0,0.0,0.0,0.0,5
698.0,4.0,0.9717604223804456,0.0,0.0,68.0,5.0,0.926062197998252,0.0,0.0,29.352941176470587,0.0,0.0,0.0,0.0,28.0,638.0,6.0,0.0,0.0,0.0,20.0,0.0,0.0,8.0,0.0,5
706.0,5.0,0.9642293791525808,0.0,0.0,54.0,4.0,1.10592899961026,0.0,48.0,26.2,0.0,0.0,0.0,0.0,96.0,1992.0,24.0,0.0,0.0,2.0,58.0,0.0,0.0,12.0,0.0,3
718.0,8.0,0.882633149779541,0.0,0.0,62.0,4.0,1.1292190225716674,0.0,0.0,29.0,0.0,0.0,0.0,0.0,110.0,426.0,54.0,0.0,0.0,0.0,18.0,0.0,0.0,0.0,0.0,4
712.0,8.0,1.3425821168146117,0.0,0.0,46.0,4.0,1.0750274625176437,0.0,0.0,35.67857142857143,0.0,0.0,0.0,0.0,52.0,1028.0,12.0,0.0,0.0,0.0,6.0,0.0,0.0,0.0,0.0,5
698.0,7.0,0.7892919208629678,0.0,0.0,258.0,5.0,0.8822799161692776,0.0,0.0,38.53846153846154,0.0,0.0,0.0,0.0,100.0,1992.0,16.0,0.0,0.0,0.0,6.0,0.0,0.0,2.0,0.0,4
710.0,1.0,-1.000088900581841e-12,0.0,0.0,28.0,2.0,0.410116318286409,0.0,0.0,38.0,0.0,0.0,0.0,0.0,0.0,0.0,0.0,0.0,0.0,0.0,0.0,0.0,0.0,0.0,0.0,2
456.0,5.0,1.0407030577250247,0.0,0.0,36.0,4.0,1.0399095464265242,0.0,0.0,38.0,12.0,0.0,0.0,0.0,40.0,1668.0,6.0,0.0,0.0,0.0,36.0,0.0,0.0,6.0,0.0,2
702.0,1.0,-1.000088900581841e-12,0.0,0.0,12.0,1.0,-1.000088900581841e-12,0.0,0.0,37.16666666666666,0.0,0.0,0.0,0.0,0.0,0.0,0.0,0.0,0.0,0.0,0.0,0.0,0.0,0.0,0.0,2
712.0,4.0,0.8096406250202536,0.0,0.0,174.0,3.0,0.4036592049913743,0.0,0.0,33.48,0.0,0.0,0.0,0.0,144.0,9802.0,24.0,0.0,0.0,0.0,50.0,0.0,0.0,12.0,0.0,2
704.0,2.0,0.5428217801266938,0.0,0.0,288.0,3.0,0.6049930319097191,0.0,0.0,28.294117647058822,0.0,0.0,0.0,0.0,440.0,7888.0,86.0,0.0,0.0,0.0,4.0,0.0,0.0,0.0,0.0,3
710.0,5.0,0.9696920853920068,0.0,0.0,76.0,3.0,0.955131195448464,0.0,0.0,24.77777777777778,0.0,0.0,0.0,0.0,240.0,3430.0,66.0,0.0,0.0,0.0,0.0,0.0,0.0,0.0,0.0,3
700.0,5.0,1.2269268595756684,0.0,0.0,90.0,3.0,0.7794681002096133,0.0,0.0,20.714285714285715,0.0,0.0,0.0,0.0,208.0,5382.0,56.0,0.0,0.0,0.0,0.0,0.0,0.0,0.0,0.0,3
680.0,4.0,0.5692848187110847,0.0,0.0,122.0,4.0,0.9010354517723738,0.0,0.0,17.125,0.0,0.0,0.0,0.0,344.0,3926.0,84.0,0.0,0.0,0.0,24.0,0.0,0.0,6.0,0.0,3
0.0,0.0,0.0,0.0,0.0,0.0,0.0,0.0,0.0,28.0,0.0,0.0,0.0,0.0,26.0,112.0,4606.0,16.0,0.0,0.0,0.0,0.0,0.0,0.0,0.0,0.0,3
510.0,4.0,0.4537222829804516,0.0,0.0,78.0,3.0,0.9053077514363734,0.0,0.0,28.19047619047619,0.0,0.0,0.0,0.0,90.0,6738.0,0.0,0.0,0.0,0.0,48.0,0.0,0.0,4.0,0.0,3
690.0,1.0,-1.000088900581841e-12,0.0,0.0,16.0,2.0,0.5623351446168083,0.0,0.0,37.0,0.0,0.0,0.0,0.0,30.0,0.0,0.0,0.0,0.0,0.0,26.0,0.0,0.0,2.0,0.0,3
130.0,1.0,-1.000088900581841e-12,0.0,0.0,4.0,1.0,-1.000088900581841e-12,0.0,0.0,37.0,0.0,0.0,0.0,0.0,0.0,0.0,0.0,0.0,0.0,0.0,0.0,0.0,0.0,0.0,0.0,3
0.0,0.0,0.0,0.0,0.0,0.0,0.0,0.0,0.0,0.0,0.0,20.0,0.0,0.0,0.0,0.0,0.0,0.0,0.0,0.0,0.0,0.0,0.0,0.0,0.0,0.0,3
0.0,0.0,0.0,0.0,0.0,8.0,1.0,-1.000088900581841e-12,0.0,0.0,37.0,0.0,0.0,0.0,0.0,0.0,0.0,0.0,0.0,0.0,0.0,2.0,0.0,0.0,0.0,0.0,3
0.0,0.0,0.0,0.0,0.0,8.0,1.0,-1.000088900581841e-12,0.0,0.0,0.0,24.0,0.0,0.0,0.0,0.0,0.0,0.0,0.0,0.0,0.0,0.0,0.0,0.0,0.0,0.0,3
0.0,0.0,0.0,0.0,0.0,12.0,1.0,-1.000088900581841e-12,0.0,0.0,37.0,20.0,0.0,0.0,0.0,0.0,0.0,0.0,0.0,0.0,0.0,2.0,0.0,0.0,0.0,0.0,3
0.0,0.0,0.0,0.0,0.0,2.0,1.0,-1.000088900581841e-12,0.0,0.0,0.0,0.0,0.0,0.0,0.0,0.0,0.0,0.0,0.0,0.0,0.0,0.0,0.0,0.0,0.0,0.0,3
0.0,0.0,0.0,0.0,0.0,4.0,2.0,0.6931471805579453,0.0,0.0,0.0,0.0,0.0,0.0,0.0,0.0,0.0,0.0,0.0,0.0,0.0,0.0,0.0,0.0,0.0,0.0,3
0.0,0.0,0.0,0.0,0.0,70.0,6.0,1.5825424339826613,0.0,0.0,32.0,0.0,0.0,0.0,0.0,0.0,0.0,0.0,0.0,0.0,0.0,6.0,0.0,0.0,0.0,0.0,3
712.0,7.0,0.921101733705379,0.0,0.0,44.0,7.0,1.6809640856966732,0.0,0.0,28.33333333333333,0.0,0.0,0.0,0.0,128.0,4246.0,6.0,0.0,0.0,0.0,4.0,0.0,0.0,0.0,0.0,3
716.0,6.0,0.236354099211204,0.0,0.0,46.0,3.0,0.7400116657281007,0.0,0.0,23.4,0.0,0.0,0.0,0.0,36.0,6586.0,0.0,0.0,0.0,0.0,70.0,0.0,0.0,6.0,0.0,3
702.0,5.0,1.1008446009090405,0.0,0.0,108.0,5.0,0.6151705312492285,0.0,0.0,17.608695652173914,0.0,0.0,0.0,0.0,76.0,7786.0,22.0,0.0,0.0,0.0,34.0,0.0,0.0,4.0,0.0,3
664.0,6.0,1.214883940242395,0.0,0.0,704.0,9.0,0.5212499551439899,0.0,116.0,25.620689655172413,0.0,0.0,0.0,0.0,280.0,1698.0,64.0,0.0,0.0,0.0,32.0,0.0,0.0,4.0,0.0,3
702.0,8.0,1.2163213748188637,0.0,0.0,412.0,8.0,1.0672392600097194,0.0,0.0,42.53333333333333,0.0,22.0,28.0,0.0,378.0,1400.0,94.0,0.0,0.0,6.0,12.0,0.0,0.0,24.0,0.0,3
712.0,4.0,0.7703280201018554,0.0,0.0,84.0,4.0,0.9607044889026976,0.0,0.0,41.333333333333336,0.0,0.0,0.0,0.0,334.0,5188.0,100.0,0.0,0.0,16.0,8.0,0.0,0.0,22.0,0.0,2
712.0,3.0,0.3422401487453715,0.0,0.0,44.0,3.0,0.930216837085864,0.0,0.0,39.5,0.0,0.0,0.0,0.0,252.0,2534.0,64.0,0.0,0.0,20.0,52.0,0.0,0.0,18.0,0.0,3
700.0,2.0,0.6930818730137922,0.0,0.0,30.0,4.0,1.1369165918290007,0.0,0.0,38.5,0.0,0.0,0.0,0.0,126.0,20.0,12.0,0.0,0.0,0.0,20.0,0.0,0.0,2.0,0.0,3
714.0,3.0,0.671799481569813,0.0,0.0,60.0,5.0,1.3204190730392822,0.0,0.0,37.333333333333336,0.0,0.0,0.0,0.0,294.0,1168.0,54.0,0.0,0.0,0.0,32.0,0.0,0.0,8.0,0.0,3
688.0,6.0,1.6047273947310576,0.0,0.0,92.0,4.0,1.1877750348283689,0.0,0.0,35.0,0.0,0.0,0.0,0.0,294.0,1980.0,68.0,0.0,0.0,0.0,34.0,0.0,0.0,2.0,0.0,3
712.0,4.0,0.8893164194020663,0.0,0.0,48.0,4.0,0.8823830530708152,0.0,0.0,32.888888888888886,0.0,0.0,0.0,0.0,192.0,1296.0,14.0,0.0,0.0,0.0,0.0,0.0,0.0,0.0,0.0,3
714.0,5.0,0.3184903510050271,0.0,0.0,102.0,7.0,1.2477891001853552,0.0,0.0,31.285714285714285,0.0,0.0,0.0,0.0,96.0,7306.0,36.0,0.0,0.0,0.0,0.0,0.0,0.0,0.0,0.0,3
706.0,5.0,0.938785600798427,0.0,0.0,76.0,5.0,0.9131378713921886,0.0,0.0,28.285714285714285,0.0,0.0,0.0,0.0,152.0,1250.0,18.0,0.0,0.0,0.0,0.0,0.0,0.0,0.0,0.0,3
696.0,8.0,1.3136992243283157,0.0,0.0,68.0,5.0,1.3416980287561149,0.0,0.0,24.90909090909091,0.0,0.0,0.0,0.0,156.0,4214.0,40.0,0.0,0.0,0.0,34.0,0.0,0.0,10.0,0.0,3
710.0,3.0,0.4151186634977474,0.0,0.0,66.0,4.0,1.182276789821591,0.0,0.0,21.33333333333333,0.0,0.0,0.0,0.0,320.0,2816.0,38.0,0.0,0.0,0.0,76.0,0.0,0.0,16.0,0.0,3
710.0,6.0,0.8340554624906987,0.0,0.0,82.0,4.0,1.1563963135635515,0.0,0.0,18.46153846153846,0.0,0.0,0.0,0.0,774.0,1838.0,118.0,0.0,0.0,0.0,2.0,0.0,0.0,2.0,0.0,3
694.0,4.0,0.1189697836331213,0.0,0.0,50.0,6.0,1.5123786573468996,0.0,0.0,15.666666666666666,0.0,0.0,0.0,0.0,168.0,248.0,18.0,0.0,0.0,0.0,0.0,0.0,0.0,0.0,0.0,3
692.0,6.0,1.0866148677260876,0.0,0.0,278.0,7.0,1.1004878549794457,0.0,54.0,23.45833333333333,0.0,0.0,0.0,0.0,966.0,11012.0,264.0,0.0,0.0,0.0,44.0,0.0,0.0,10.0,0.0,2
716.0,6.0,1.3791569794973195,0.0,0.0,44.0,3.0,0.9949236325687753,0.0,0.0,47.43333333333333,0.0,0.0,0.0,0.0,410.0,8812.0,140.0,0.0,0.0,0.0,14.0,0.0,0.0,0.0,0.0,2
698.0,4.0,0.7844797706329707,0.0,0.0,92.0,6.0,1.4340268727711738,0.0,0.0,73.32142857142857,0.0,0.0,0.0,0.0,376.0,8094.0,124.0,0.0,0.0,0.0,10.0,0.0,0.0,0.0,0.0,3
714.0,4.0,1.116543908303539,0.0,0.0,196.0,4.0,0.6327992911465108,0.0,0.0,90.86666666666666,0.0,0.0,0.0,0.0,684.0,9890.0,110.0,0.0,0.0,0.0,22.0,0.0,0.0,2.0,0.0,3
712.0,2.0,0.1378530008595777,0.0,0.0,56.0,5.0,1.488422962273861,0.0,0.0,99.17391304347828,0.0,0.0,0.0,0.0,190.0,5764.0,32.0,0.0,0.0,0.0,44.0,0.0,0.0,10.0,0.0,3
706.0,2.0,0.329418356921331,0.0,0.0,68.0,3.0,0.8415688936061849,0.0,0.0,97.66666666666669,0.0,0.0,0.0,0.0,188.0,0.0,0.0,0.0,0.0,0.0,18.0,0.0,0.0,0.0,0.0,3
706.0,2.0,0.2907807429064165,0.0,0.0,58.0,4.0,1.1741494498505478,0.0,0.0,96.16666666666669,0.0,0.0,0.0,0.0,320.0,3564.0,84.0,0.0,0.0,0.0,12.0,0.0,0.0,0.0,0.0,2
690.0,3.0,0.4945729682009711,0.0,0.0,74.0,4.0,1.1028129269476856,0.0,0.0,92.12,0.0,0.0,0.0,0.0,190.0,4046.0,26.0,0.0,0.0,0.0,16.0,0.0,0.0,2.0,0.0,3
718.0,1.0,-1.000088900581841e-12,0.0,0.0,8.0,1.0,-1.000088900581841e-12,0.0,0.0,82.76666666666667,0.0,0.0,0.0,0.0,0.0,46.0,0.0,0.0,0.0,0.0,50.0,0.0,0.0,0.0,0.0,3
366.0,1.0,-1.000088900581841e-12,0.0,0.0,4.0,1.0,-1.000088900581841e-12,0.0,0.0,72.26666666666667,0.0,0.0,0.0,0.0,0.0,0.0,0.0,0.0,0.0,0.0,60.0,0.0,0.0,0.0,0.0,2
0.0,0.0,0.0,0.0,0.0,8.0,1.0,-1.000088900581841e-12,0.0,0.0,61.73333333333333,0.0,0.0,0.0,0.0,0.0,78.0,0.0,0.0,0.0,0.0,0.0,0.0,0.0,0.0,0.0,2
6.0,2.0,0.6365141682928128,0.0,0.0,74.0,7.0,1.4466882039488496,0.0,0.0,54.0,0.0,0.0,0.0,0.0,254.0,5420.0,46.0,0.0,0.0,0.0,48.0,0.0,0.0,18.0,0.0,2
10.0,2.0,0.5004024235361879,0.0,0.0,90.0,4.0,1.0517591262478163,0.0,0.0,47.8,0.0,0.0,0.0,0.0,630.0,4796.0,126.0,0.0,0.0,0.0,22.0,0.0,0.0,0.0,0.0,2
670.0,5.0,1.183122047213506,0.0,0.0,82.0,3.0,0.9047230174371558,0.0,0.0,43.888888888888886,0.0,0.0,0.0,0.0,654.0,11152.0,132.0,0.0,0.0,0.0,0.0,0.0,0.0,0.0,0.0,2
714.0,4.0,0.8157854691934237,0.0,0.0,32.0,4.0,1.3421257227447467,0.0,0.0,39.6,0.0,0.0,0.0,0.0,66.0,4532.0,30.0,0.0,0.0,0.0,36.0,0.0,0.0,4.0,0.0,3
220.0,1.0,-1.000088900581841e-12,0.0,0.0,4.0,1.0,-1.000088900581841e-12,0.0,0.0,37.0,0.0,0.0,0.0,0.0,0.0,0.0,0.0,0.0,0.0,0.0,0.0,0.0,0.0,0.0,0.0,3
6.0,1.0,-1.000088900581841e-12,0.0,0.0,6.0,2.0,0.6365141682928128,0.0,0.0,36.25,14.0,0.0,0.0,0.0,0.0,0.0,0.0,0.0,0.0,0.0,2.0,0.0,0.0,0.0,0.0,3
0.0,0.0,0.0,0.0,0.0,8.0,1.0,-1.000088900581841e-12,0.0,0.0,35.0,52.0,0.0,0.0,0.0,0.0,0.0,0.0,0.0,0.0,0.0,2.0,0.0,0.0,2.0,0.0,3
0.0,0.0,0.0,0.0,0.0,20.0,3.0,0.6390318596471769,0.0,0.0,33.0,56.0,0.0,0.0,0.0,0.0,0.0,0.0,0.0,0.0,0.0,2.0,0.0,0.0,0.0,0.0,3
0.0,0.0,0.0,0.0,0.0,2.0,1.0,-1.000088900581841e-12,0.0,0.0,0.0,0.0,0.0,0.0,0.0,0.0,0.0,0.0,0.0,0.0,0.0,0.0,0.0,0.0,0.0,0.0,3
0.0,0.0,0.0,0.0,0.0,8.0,1.0,-1.000088900581841e-12,0.0,0.0,0.0,0.0,0.0,0.0,0.0,0.0,0.0,0.0,0.0,0.0,0.0,0.0,0.0,0.0,0.0,0.0,3
0.0,0.0,0.0,0.0,0.0,20.0,1.0,-1.000088900581841e-12,0.0,0.0,0.0,0.0,0.0,0.0,0.0,0.0,0.0,0.0,0.0,0.0,0.0,0.0,0.0,0.0,0.0,0.0,3
0.0,0.0,0.0,0.0,0.0,28.0,3.0,0.5091373440796869,0.0,0.0,26.5,0.0,0.0,0.0,0.0,0.0,0.0,0.0,0.0,0.0,0.0,2.0,0.0,0.0,0.0,0.0,3
0.0,0.0,0.0,0.0,0.0,4.0,1.0,-1.000088900581841e-12,0.0,0.0,25.5,0.0,0.0,0.0,0.0,0.0,0.0,0.0,0.0,0.0,0.0,0.0,0.0,0.0,0.0,0.0,3
712.0,7.0,0.9635116646564011,0.0,0.0,56.0,7.0,1.6803096174757823,0.0,0.0,21.11111111111111,0.0,0.0,0.0,0.0,194.0,6544.0,48.0,0.0,0.0,0.0,4.0,0.0,0.0,2.0,0.0,3
444.0,3.0,0.3612663951850974,0.0,0.0,78.0,5.0,1.4848921254024674,0.0,132.0,20.88888888888889,0.0,0.0,0.0,0.0,278.0,7068.0,74.0,0.0,0.0,0.0,24.0,0.0,0.0,10.0,0.0,3
718.0,4.0,1.3455995120247055,0.0,0.0,66.0,5.0,1.2803317109838013,0.0,0.0,40.9,0.0,0.0,0.0,0.0,490.0,2876.0,74.0,0.0,0.0,0.0,46.0,0.0,0.0,4.0,0.0,3
712.0,2.0,0.4304264755770038,0.0,0.0,54.0,4.0,1.0356867194806292,0.0,0.0,66.63333333333334,0.0,0.0,0.0,0.0,206.0,288.0,76.0,0.0,0.0,0.0,2.0,0.0,0.0,0.0,0.0,3
714.0,2.0,0.3507692818234223,0.0,0.0,38.0,3.0,1.0198652142749298,0.0,0.0,85.55555555555556,0.0,0.0,0.0,0.0,210.0,0.0,46.0,0.0,0.0,0.0,10.0,0.0,0.0,6.0,0.0,3
714.0,3.0,0.2638891410452145,0.0,0.0,98.0,8.0,1.7562082059404376,0.0,0.0,85.0909090909091,0.0,0.0,0.0,0.0,216.0,8184.0,34.0,0.0,0.0,0.0,0.0,0.0,0.0,0.0,0.0,3
714.0,3.0,0.94859944720516,0.0,0.0,64.0,6.0,1.6649519196593587,0.0,0.0,81.33333333333333,0.0,0.0,0.0,0.0,222.0,2350.0,70.0,0.0,0.0,0.0,2.0,0.0,0.0,2.0,0.0,3
712.0,4.0,1.031963046598122,0.0,0.0,76.0,6.0,1.6320498510117616,0.0,0.0,78.38461538461539,0.0,0.0,0.0,0.0,290.0,5812.0,64.0,0.0,0.0,0.0,0.0,0.0,0.0,0.0,0.0,2
698.0,2.0,0.4972082038491355,0.0,0.0,40.0,5.0,1.201367004263985,0.0,0.0,73.89473684210526,0.0,0.0,0.0,0.0,220.0,2690.0,12.0,0.0,0.0,0.0,0.0,0.0,0.0,0.0,0.0,2
708.0,3.0,1.0057200000523716,0.0,0.0,32.0,3.0,0.9743147528663494,0.0,0.0,69.66666666666667,0.0,0.0,0.0,0.0,292.0,2588.0,80.0,0.0,0.0,36.0,18.0,0.0,0.0,12.0,0.0,2
708.0,4.0,0.9270069307228606,0.0,0.0,44.0,4.0,1.240684291949396,0.0,0.0,67.125,0.0,0.0,0.0,0.0,442.0,2916.0,86.0,0.0,0.0,0.0,18.0,0.0,0.0,0.0,0.0,3
710.0,4.0,0.7266286600821568,0.0,0.0,38.0,4.0,1.246982639893757,0.0,0.0,64.16666666666667,0.0,0.0,0.0,0.0,472.0,2248.0,94.0,0.0,0.0,0.0,4.0,0.0,0.0,2.0,0.0,2
714.0,2.0,0.1563770372861853,0.0,0.0,24.0,3.0,0.9184277849900976,0.0,0.0,61.16666666666666,0.0,0.0,0.0,0.0,164.0,852.0,38.0,0.0,0.0,0.0,2.0,0.0,0.0,0.0,0.0,3
710.0,3.0,0.5993381481140168,0.0,28.0,36.0,4.0,1.3548850530020136,0.0,0.0,57.125,0.0,0.0,0.0,0.0,328.0,2134.0,76.0,0.0,0.0,0.0,6.0,0.0,0.0,0.0,0.0,3
716.0,6.0,0.9478859309451256,0.0,30.0,28.0,5.0,1.4750763110496952,0.0,0.0,51.26923076923077,0.0,0.0,0.0,0.0,250.0,4064.0,74.0,0.0,0.0,0.0,38.0,0.0,0.0,8.0,0.0,3
716.0,2.0,0.4289565471329887,0.0,0.0,18.0,2.0,0.6869615765953234,0.0,0.0,45.78260869565217,0.0,0.0,0.0,0.0,168.0,4536.0,46.0,0.0,0.0,0.0,24.0,0.0,0.0,0.0,0.0,3
708.0,4.0,0.8344875923341598,0.0,0.0,106.0,4.0,0.8394191545543985,0.0,0.0,41.77777777777778,0.0,0.0,0.0,0.0,590.0,1250.0,104.0,0.0,0.0,0.0,0.0,0.0,0.0,0.0,0.0,3
710.0,5.0,0.6996244382799723,0.0,0.0,24.0,2.0,0.5623351446168083,0.0,0.0,39.27272727272727,0.0,104.0,0.0,2.0,350.0,9106.0,58.0,0.0,0.0,0.0,0.0,0.0,0.0,0.0,0.0,3
712.0,3.0,0.2510139242833823,0.0,0.0,134.0,3.0,0.5968295401280317,0.0,0.0,35.31578947368421,0.0,0.0,0.0,0.0,0.0,7990.0,0.0,0.0,0.0,0.0,0.0,0.0,0.0,0.0,0.0,3
704.0,1.0,-1.000088900581841e-12,0.0,0.0,16.0,2.0,0.5623351446168083,0.0,0.0,32.833333333333336,0.0,0.0,0.0,0.0,0.0,0.0,0.0,0.0,0.0,0.0,0.0,0.0,0.0,0.0,0.0,2
334.0,1.0,-1.000088900581841e-12,0.0,0.0,18.0,2.0,0.6365141682928128,0.0,0.0,31.75,30.0,0.0,0.0,0.0,0.0,0.0,0.0,0.0,0.0,0.0,2.0,0.0,0.0,0.0,0.0,2
370.0,2.0,0.1042847974893301,0.0,0.0,52.0,4.0,1.072016968559193,0.0,0.0,29.8,0.0,0.0,0.0,0.0,348.0,382.0,100.0,0.0,0.0,0.0,2.0,0.0,0.0,2.0,0.0,3
706.0,5.0,1.2508479638806502,0.0,0.0,110.0,4.0,1.0625340895834643,0.0,0.0,26.3,0.0,0.0,0.0,0.0,692.0,7556.0,118.0,0.0,0.0,0.0,42.0,0.0,0.0,8.0,0.0,2
700.0,3.0,0.3799109988786973,0.0,36.0,102.0,3.0,0.7212899897303487,0.0,0.0,20.217391304347824,0.0,0.0,0.0,0.0,694.0,4846.0,144.0,0.0,0.0,0.0,18.0,0.0,0.0,2.0,0.0,2
288.0,4.0,1.1358314532460831,0.0,42.0,32.0,4.0,1.162699833493568,0.0,86.0,20.454545454545453,0.0,0.0,0.0,0.0,362.0,4362.0,80.0,0.0,0.0,0.0,12.0,0.0,0.0,0.0,0.0,2
716.0,2.0,0.2532052076691114,0.0,0.0,6.0,1.0,-1.000088900581841e-12,0.0,0.0,40.56666666666667,0.0,0.0,0.0,0.0,92.0,0.0,0.0,0.0,0.0,0.0,2.0,0.0,0.0,0.0,0.0,2
718.0,3.0,0.674089788742579,0.0,0.0,30.0,2.0,0.6730116670072565,0.0,0.0,66.93333333333334,0.0,0.0,0.0,0.0,360.0,2500.0,76.0,0.0,0.0,0.0,0.0,0.0,0.0,0.0,0.0,2
708.0,4.0,0.9879380425095108,0.0,0.0,48.0,3.0,0.9822815054813264,0.0,0.0,84.83333333333333,0.0,0.0,0.0,0.0,968.0,3140.0,128.0,0.0,0.0,0.0,4.0,0.0,0.0,2.0,0.0,2
696.0,4.0,0.830218078179247,0.0,0.0,74.0,2.0,0.608556885903289,0.0,0.0,88.0,0.0,0.0,0.0,0.0,986.0,4586.0,134.0,0.0,0.0,0.0,0.0,0.0,0.0,0.0,0.0,4
712.0,3.0,0.6345313660056069,0.0,0.0,42.0,2.0,0.1914440819557173,0.0,0.0,86.95238095238095,0.0,0.0,0.0,0.0,200.0,12130.0,20.0,0.0,0.0,0.0,30.0,0.0,0.0,2.0,0.0,3
718.0,5.0,0.636628351323532,0.0,0.0,50.0,3.0,0.4433066914650871,0.0,0.0,81.6,0.0,0.0,0.0,0.0,0.0,18768.0,0.0,0.0,0.0,0.0,4.0,0.0,0.0,4.0,0.0,3
622.0,1.0,-1.000088900581841e-12,0.0,0.0,0.0,0.0,0.0,0.0,0.0,79.0,0.0,0.0,0.0,0.0,0.0,0.0,0.0,0.0,0.0,0.0,0.0,0.0,0.0,0.0,0.0,3
10.0,1.0,-1.000088900581841e-12,0.0,0.0,14.0,4.0,1.351783994285646,0.0,0.0,78.2,0.0,0.0,0.0,0.0,204.0,0.0,0.0,0.0,0.0,0.0,4.0,0.0,0.0,2.0,0.0,3
0.0,0.0,0.0,0.0,0.0,8.0,2.0,0.6931471805579453,0.0,0.0,77.0,0.0,0.0,0.0,0.0,0.0,0.0,0.0,0.0,0.0,0.0,0.0,0.0,0.0,0.0,0.0,3
0.0,0.0,0.0,0.0,0.0,4.0,1.0,-1.000088900581841e-12,0.0,0.0,76.25,26.0,0.0,0.0,0.0,0.0,0.0,0.0,0.0,0.0,0.0,0.0,0.0,0.0,0.0,0.0,3
0.0,0.0,0.0,0.0,0.0,2.0,1.0,-1.000088900581841e-12,0.0,0.0,0.0,0.0,0.0,0.0,0.0,0.0,0.0,0.0,0.0,0.0,0.0,0.0,0.0,0.0,0.0,0.0,3
0.0,0.0,0.0,0.0,0.0,18.0,2.0,0.6869615765953234,0.0,0.0,75.0,46.0,0.0,0.0,0.0,0.0,0.0,0.0,0.0,0.0,0.0,2.0,0.0,0.0,0.0,0.0,3
0.0,0.0,0.0,0.0,0.0,2.0,1.0,-1.000088900581841e-12,0.0,0.0,0.0,0.0,0.0,0.0,0.0,0.0,0.0,0.0,0.0,0.0,0.0,0.0,0.0,0.0,0.0,0.0,3
0.0,0.0,0.0,0.0,0.0,26.0,3.0,0.8587409130032868,0.0,0.0,73.0,48.0,0.0,0.0,0.0,0.0,0.0,0.0,0.0,0.0,0.0,2.0,0.0,0.0,0.0,0.0,3
0.0,0.0,0.0,0.0,0.0,44.0,4.0,1.023715506832125,0.0,0.0,69.25,0.0,0.0,0.0,0.0,0.0,0.0,0.0,0.0,0.0,0.0,2.0,0.0,0.0,0.0,0.0,3
690.0,2.0,0.01983215576429,0.0,0.0,26.0,4.0,1.204793309690784,0.0,0.0,68.0,0.0,0.0,0.0,0.0,104.0,0.0,0.0,0.0,0.0,0.0,2.0,0.0,0.0,0.0,0.0,3
698.0,5.0,1.056988604752354,0.0,0.0,90.0,5.0,1.0896607231836537,0.0,0.0,65.64285714285714,0.0,0.0,0.0,0.0,534.0,4942.0,58.0,0.0,0.0,0.0,58.0,0.0,0.0,6.0,0.0,3
698.0,2.0,0.0626134656952733,0.0,0.0,80.0,5.0,1.1841179810169549,0.0,0.0,60.55,0.0,0.0,0.0,0.0,634.0,9910.0,228.0,0.0,0.0,0.0,70.0,0.0,0.0,12.0,0.0,4
710.0,7.0,1.1378523883754084,0.0,0.0,64.0,7.0,1.3576302876482418,0.0,0.0,56.54545454545455,0.0,0.0,0.0,0.0,530.0,9286.0,112.0,0.0,0.0,0.0,38.0,0.0,0.0,12.0,0.0,3
708.0,2.0,0.412279547769403,0.0,0.0,32.0,3.0,1.039720770836918,0.0,0.0,53.66666666666666,0.0,0.0,0.0,0.0,430.0,1588.0,42.0,0.0,0.0,0.0,0.0,0.0,0.0,0.0,0.0,3
692.0,10.0,1.7191095800018934,0.0,0.0,124.0,5.0,1.3810744730332225,0.0,0.0,51.07142857142857,0.0,0.0,0.0,0.0,888.0,6114.0,196.0,0.0,0.0,0.0,0.0,0.0,0.0,0.0,0.0,3
700.0,5.0,1.205639481598254,0.0,34.0,154.0,9.0,1.790421071155252,0.0,0.0,46.285714285714285,0.0,0.0,0.0,0.0,1012.0,8536.0,166.0,0.0,0.0,22.0,16.0,0.0,0.0,18.0,0.0,4
716.0,2.0,0.6905076112687556,0.0,0.0,256.0,5.0,1.1105272380580065,0.0,0.0,41.0,0.0,0.0,0.0,0.0,1244.0,4794.0,270.0,0.0,0.0,76.0,2.0,0.0,0.0,32.0,0.0,4
712.0,5.0,0.6454623775954234,0.0,86.0,96.0,5.0,1.2502183347734266,0.0,0.0,36.285714285714285,0.0,0.0,0.0,0.0,446.0,2132.0,136.0,0.0,0.0,28.0,52.0,0.0,0.0,16.0,0.0,4
706.0,3.0,0.7103737703236346,0.0,0.0,52.0,5.0,1.249082843814297,0.0,0.0,33.666666666666664,0.0,0.0,0.0,0.0,228.0,1124.0,46.0,0.0,0.0,0.0,36.0,0.0,0.0,0.0,0.0,3
706.0,1.0,-1.000088900581841e-12,0.0,46.0,36.0,5.0,1.4357470435655604,0.0,0.0,32.333333333333336,0.0,0.0,0.0,0.0,340.0,626.0,22.0,0.0,0.0,0.0,0.0,0.0,0.0,0.0,0.0,3
710.0,2.0,0.3801819464925317,0.0,0.0,40.0,4.0,0.9819416009200194,0.0,0.0,31.0,0.0,0.0,0.0,0.0,566.0,962.0,26.0,0.0,0.0,0.0,56.0,0.0,0.0,4.0,0.0,3
612.0,8.0,1.296137816219793,0.0,0.0,106.0,6.0,1.5290893664231988,0.0,0.0,28.77777777777778,0.0,0.0,0.0,0.0,1740.0,4226.0,254.0,0.0,0.0,0.0,12.0,0.0,0.0,0.0,0.0,3
2.0,1.0,-1.000088900581841e-12,0.0,0.0,0.0,0.0,0.0,0.0,0.0,26.0,0.0,0.0,0.0,0.0,120.0,0.0,0.0,0.0,0.0,0.0,0.0,0.0,0.0,0.0,0.0,3
708.0,3.0,0.5608034555227539,0.0,0.0,62.0,3.0,1.0340787928098256,0.0,0.0,21.166666666666668,0.0,0.0,0.0,0.0,10.0,206.0,10.0,0.0,0.0,0.0,34.0,0.0,0.0,8.0,0.0,2
708.0,1.0,-1.000088900581841e-12,0.0,0.0,8.0,3.0,1.039720770836918,0.0,0.0,19.0,0.0,0.0,0.0,0.0,2.0,0.0,0.0,0.0,0.0,8.0,10.0,0.0,0.0,4.0,0.0,2
318.0,3.0,0.9789032791131016,0.0,0.0,118.0,7.0,1.1117980257180735,0.0,0.0,17.0,0.0,0.0,0.0,0.0,14.0,602.0,12.0,0.0,0.0,32.0,0.0,0.0,0.0,20.0,0.0,3
682.0,6.0,0.6758542206992464,0.0,0.0,50.0,4.0,1.2023982217143017,0.0,0.0,29.428571428571427,0.0,6.0,4.0,0.0,20.0,660.0,12.0,0.0,0.0,0.0,30.0,0.0,0.0,8.0,0.0,3
712.0,4.0,1.1936157189049157,0.0,0.0,12.0,2.0,0.6365141682928128,0.0,0.0,28.0,0.0,0.0,0.0,0.0,18.0,154.0,8.0,0.0,0.0,0.0,2.0,0.0,0.0,0.0,0.0,3
700.0,4.0,0.8118599402702089,0.0,0.0,30.0,3.0,1.0096137581710385,0.0,0.0,26.0625,0.0,0.0,0.0,0.0,12.0,1280.0,12.0,0.0,0.0,0.0,0.0,0.0,0.0,0.0,0.0,3
708.0,5.0,0.9056506821038944,0.0,4.0,282.0,7.0,1.1591726740833264,0.0,6.0,22.8,0.0,0.0,0.0,0.0,24.0,1942.0,16.0,0.0,0.0,0.0,12.0,0.0,0.0,0.0,0.0,3
708.0,1.0,-1.000088900581841e-12,0.0,0.0,298.0,4.0,0.9347123034429736,0.0,0.0,38.96666666666667,0.0,0.0,0.0,0.0,36.0,104.0,14.0,0.0,0.0,0.0,0.0,0.0,0.0,0.0,0.0,2
716.0,6.0,1.2027225681911615,0.0,4.0,104.0,4.0,0.8942436316551221,0.0,0.0,65.7,0.0,0.0,0.0,0.0,12.0,1404.0,2.0,0.0,0.0,0.0,2.0,0.0,0.0,0.0,0.0,2
700.0,6.0,1.1335990676729173,0.0,0.0,30.0,6.0,1.691434336274957,0.0,0.0,80.0,0.0,0.0,0.0,0.0,12.0,554.0,8.0,0.0,0.0,0.0,58.0,0.0,0.0,12.0,0.0,3
708.0,4.0,0.8594671062033592,0.0,0.0,26.0,4.0,1.2047933096907844,0.0,0.0,79.0,0.0,0.0,0.0,0.0,12.0,416.0,8.0,0.0,0.0,0.0,18.0,0.0,0.0,0.0,0.0,3
0.0,0.0,0.0,0.0,0.0,30.0,4.0,0.857174043638079,0.0,0.0,68.0,0.0,0.0,0.0,0.0,0.0,0.0,0.0,0.0,0.0,0.0,0.0,0.0,0.0,0.0,0.0,3
0.0,0.0,0.0,0.0,0.0,32.0,4.0,1.2130075659759043,0.0,0.0,66.5,0.0,0.0,0.0,0.0,0.0,0.0,0.0,0.0,0.0,0.0,2.0,0.0,0.0,0.0,0.0,3
698.0,10.0,1.3079547895667962,0.0,0.0,70.0,9.0,1.900037161561744,0.0,0.0,63.8,0.0,0.0,0.0,0.0,18.0,2144.0,6.0,0.0,0.0,0.0,4.0,0.0,0.0,0.0,0.0,3
714.0,6.0,0.9772358498110074,0.0,0.0,54.0,6.0,1.633441766013105,0.0,0.0,60.38461538461539,0.0,0.0,0.0,0.0,50.0,1478.0,20.0,0.0,0.0,0.0,80.0,0.0,0.0,20.0,0.0,3
714.0,5.0,0.8817630049466504,0.0,0.0,122.0,4.0,1.2202362861503189,0.0,0.0,56.583333333333336,0.0,0.0,0.0,0.0,70.0,3416.0,36.0,0.0,0.0,0.0,6.0,0.0,0.0,4.0,0.0,3
706.0,2.0,0.4513202926593141,0.0,0.0,166.0,5.0,0.7721082024918846,0.0,0.0,54.16666666666666,0.0,0.0,0.0,0.0,80.0,1628.0,24.0,0.0,0.0,0.0,0.0,0.0,0.0,0.0,0.0,4
694.0,8.0,1.1273016073276927,0.0,0.0,224.0,6.0,0.8781011648376159,0.0,0.0,51.285714285714285,0.0,0.0,0.0,0.0,76.0,1438.0,26.0,0.0,0.0,0.0,4.0,0.0,0.0,0.0,0.0,4
710.0,1.0,-1.000088900581841e-12,0.0,0.0,32.0,3.0,0.6019239717292895,0.0,0.0,44.5,0.0,0.0,0.0,0.0,70.0,0.0,0.0,0.0,0.0,0.0,20.0,0.0,0.0,0.0,0.0,3
710.0,3.0,0.8144425143873262,0.0,0.0,174.0,4.0,0.5797887160878161,0.0,0.0,43.16666666666666,0.0,0.0,0.0,0.0,182.0,116.0,12.0,0.0,0.0,0.0,0.0,0.0,0.0,0.0,0.0,3
708.0,4.0,0.6977123389338387,0.0,0.0,138.0,3.0,0.4863306222030127,0.0,0.0,30.875,0.0,0.0,0.0,0.0,210.0,394.0,20.0,0.0,0.0,36.0,0.0,0.0,0.0,6.0,0.0,3
706.0,1.0,-1.000088900581841e-12,0.0,0.0,52.0,4.0,0.937155853061701,0.0,0.0,28.33333333333333,0.0,0.0,0.0,0.0,56.0,418.0,4.0,0.0,0.0,0.0,38.0,0.0,0.0,2.0,0.0,3
694.0,4.0,0.6111071815305612,0.0,0.0,90.0,5.0,1.1793508697143218,0.0,0.0,26.125,0.0,0.0,0.0,0.0,98.0,980.0,40.0,0.0,0.0,0.0,0.0,0.0,0.0,0.0,0.0,3
710.0,5.0,1.208436401899316,0.0,0.0,40.0,4.0,1.2206072645490174,0.0,0.0,23.625,0.0,0.0,0.0,0.0,112.0,456.0,42.0,0.0,0.0,0.0,34.0,0.0,0.0,4.0,0.0,3
706.0,3.0,0.7227227456900811,0.0,0.0,66.0,5.0,1.185004494795733,0.0,0.0,21.33333333333333,0.0,0.0,0.0,0.0,70.0,908.0,16.0,0.0,0.0,0.0,0.0,0.0,0.0,0.0,0.0,2
710.0,4.0,0.5331061905213339,0.0,0.0,182.0,6.0,0.7277931425879491,0.0,0.0,19.11111111111111,0.0,12.0,0.0,0.0,210.0,1724.0,14.0,0.0,0.0,0.0,0.0,0.0,0.0,0.0,0.0,2
708.0,4.0,1.09152313317372,0.0,0.0,46.0,4.0,1.169991576453032,0.0,0.0,16.666666666666668,0.0,0.0,0.0,0.0,70.0,776.0,20.0,0.0,0.0,0.0,2.0,0.0,0.0,2.0,0.0,4
700.0,5.0,0.8380416487129771,0.0,0.0,66.0,3.0,1.0605362446314557,0.0,12.0,30.45833333333333,0.0,0.0,0.0,0.0,112.0,632.0,22.0,0.0,0.0,0.0,14.0,0.0,0.0,0.0,0.0,4
716.0,3.0,0.7119752825341964,0.0,0.0,30.0,4.0,1.3095258353000694,0.0,0.0,52.125,0.0,0.0,0.0,0.0,64.0,140.0,12.0,0.0,0.0,0.0,30.0,0.0,0.0,4.0,0.0,4
712.0,6.0,0.7804617598678386,0.0,0.0,78.0,5.0,1.5321784032735175,0.0,0.0,61.0,0.0,0.0,0.0,0.0,84.0,1860.0,30.0,0.0,0.0,0.0,18.0,0.0,0.0,0.0,0.0,2
710.0,3.0,0.6931158272481552,0.0,0.0,116.0,3.0,0.7441295414082981,0.0,0.0,61.0,0.0,14.0,12.0,12.0,252.0,4380.0,52.0,0.0,0.0,0.0,28.0,0.0,0.0,0.0,0.0,2
712.0,3.0,0.7653875071174175,0.0,0.0,104.0,4.0,0.8942436316551221,0.0,0.0,59.625,0.0,0.0,0.0,0.0,126.0,1322.0,40.0,0.0,0.0,0.0,14.0,0.0,0.0,0.0,0.0,2
704.0,2.0,0.2018477003223786,0.0,0.0,112.0,4.0,0.7962894923508521,0.0,0.0,58.5,0.0,0.0,0.0,0.0,234.0,1064.0,36.0,0.0,0.0,0.0,50.0,0.0,0.0,8.0,0.0,3
706.0,5.0,0.9824519361455726,0.0,0.0,116.0,4.0,0.9674812916987328,0.0,0.0,55.25,0.0,14.0,12.0,12.0,198.0,1070.0,62.0,0.0,0.0,0.0,14.0,0.0,0.0,4.0,0.0,5
712.0,2.0,0.5496510756250983,0.0,0.0,80.0,3.0,0.926506603286533,0.0,0.0,52.85714285714285,0.0,0.0,0.0,0.0,158.0,1110.0,60.0,0.0,0.0,0.0,0.0,0.0,0.0,0.0,0.0,4
712.0,4.0,0.4958875273343401,0.0,0.0,124.0,3.0,0.8050979491015777,0.0,0.0,51.1,0.0,0.0,0.0,0.0,200.0,2176.0,62.0,0.0,0.0,0.0,0.0,0.0,0.0,0.0,0.0,3
714.0,3.0,0.512187265812054,0.0,0.0,52.0,3.0,0.9251290835690824,0.0,0.0,47.23076923076923,0.0,0.0,0.0,12.0,84.0,4286.0,32.0,0.0,0.0,0.0,44.0,0.0,0.0,8.0,0.0,3
716.0,4.0,0.7680031391430815,0.0,0.0,58.0,3.0,0.7175045098328934,0.0,0.0,42.37037037037037,0.0,0.0,0.0,0.0,88.0,5426.0,10.0,0.0,0.0,0.0,4.0,0.0,0.0,2.0,0.0,3
700.0,2.0,0.4536137832319115,0.0,0.0,30.0,3.0,0.6277052571941504,0.0,0.0,28.5,0.0,0.0,0.0,0.0,44.0,42.0,10.0,0.0,0.0,0.0,2.0,0.0,0.0,2.0,0.0,3
714.0,3.0,0.6870873960932387,0.0,0.0,54.0,9.0,1.902748057831966,0.0,0.0,25.70833333333333,0.0,0.0,0.0,0.0,132.0,3488.0,42.0,0.0,0.0,0.0,6.0,0.0,0.0,6.0,0.0,3
696.0,6.0,1.5788076734765484,0.0,0.0,178.0,3.0,0.9595536690926194,0.0,0.0,21.142857142857142,0.0,14.0,12.0,18.0,338.0,3066.0,80.0,0.0,0.0,0.0,8.0,0.0,0.0,8.0,0.0,3
580.0,7.0,1.1821284150591855,0.0,0.0,266.0,6.0,1.2978842311593406,0.0,0.0,11.307692307692308,0.0,0.0,0.0,0.0,236.0,1440.0,28.0,0.0,0.0,0.0,34.0,0.0,0.0,10.0,0.0,3
716.0,4.0,1.0850312177037635,0.0,0.0,62.0,5.0,1.152947308763326,0.0,0.0,24.23333333333333,0.0,0.0,0.0,0.0,18.0,448.0,16.0,0.0,0.0,0.0,2.0,0.0,0.0,0.0,0.0,4
716.0,5.0,0.97704745361914,0.0,0.0,88.0,5.0,1.001208656460362,0.0,0.0,50.766666666666666,0.0,0.0,0.0,0.0,14.0,1680.0,10.0,0.0,0.0,0.0,16.0,0.0,0.0,0.0,0.0,2
716.0,6.0,1.0672574816132745,0.0,0.0,118.0,6.0,1.3145229353639345,0.0,0.0,71.83333333333333,0.0,0.0,0.0,0.0,40.0,1618.0,24.0,0.0,0.0,0.0,26.0,0.0,0.0,0.0,0.0,2
704.0,9.0,1.4564495596114526,0.0,0.0,128.0,4.0,0.8335111689682171,0.0,0.0,94.51724137931036,0.0,0.0,0.0,0.0,32.0,986.0,18.0,0.0,0.0,0.0,18.0,0.0,0.0,0.0,0.0,2
712.0,7.0,1.6213439939474552,0.0,0.0,180.0,7.0,1.2928728309462565,0.0,0.0,99.84210526315788,0.0,0.0,0.0,0.0,24.0,642.0,24.0,0.0,0.0,0.0,14.0,0.0,0.0,0.0,0.0,2
704.0,4.0,0.7107416782281705,0.0,0.0,112.0,5.0,0.9063489659289126,0.0,0.0,99.0,0.0,0.0,0.0,0.0,12.0,54.0,8.0,0.0,0.0,0.0,10.0,0.0,0.0,0.0,0.0,2
700.0,3.0,1.05162449502652,0.0,0.0,44.0,3.0,0.8599672810325049,0.0,0.0,98.14285714285714,0.0,0.0,0.0,0.0,20.0,372.0,10.0,0.0,0.0,0.0,40.0,0.0,0.0,4.0,0.0,3
714.0,4.0,1.066212846150005,0.0,0.0,32.0,5.0,1.1601862439735162,0.0,0.0,96.25,0.0,0.0,0.0,0.0,24.0,934.0,20.0,0.0,0.0,0.0,40.0,0.0,0.0,8.0,0.0,3
712.0,3.0,0.7105593779027872,0.0,0.0,50.0,3.0,0.7789977492941933,0.0,0.0,94.5,0.0,4.0,4.0,0.0,26.0,756.0,16.0,0.0,0.0,12.0,10.0,0.0,0.0,28.0,0.0,3
702.0,3.0,0.1215315381226788,0.0,0.0,20.0,2.0,0.6730116670072565,0.0,0.0,93.57142857142856,0.0,0.0,0.0,0.0,12.0,324.0,8.0,0.0,0.0,38.0,2.0,0.0,0.0,2.0,0.0,2
714.0,3.0,0.5363441214148714,0.0,0.0,40.0,3.0,0.8018185525403373,0.0,0.0,91.71428571428572,0.0,0.0,0.0,0.0,12.0,20.0,6.0,0.0,0.0,22.0,12.0,0.0,0.0,8.0,0.0,2
702.0,1.0,-1.000088900581841e-12,0.0,0.0,6.0,2.0,0.6365141682928128,0.0,0.0,90.5,0.0,0.0,0.0,0.0,0.0,0.0,0.0,0.0,0.0,2.0,32.0,0.0,0.0,2.0,0.0,2
712.0,5.0,1.0801317205959258,0.0,0.0,64.0,5.0,1.3668060114072698,0.0,0.0,88.71428571428571,0.0,0.0,0.0,0.0,36.0,304.0,16.0,0.0,0.0,0.0,12.0,0.0,0.0,0.0,0.0,1
714.0,1.0,-1.000088900581841e-12,0.0,0.0,6.0,2.0,0.6365141682928128,0.0,0.0,87.16666666666667,0.0,0.0,0.0,0.0,0.0,0.0,0.0,0.0,0.0,0.0,2.0,0.0,0.0,2.0,0.0,1
528.0,1.0,-1.000088900581841e-12,0.0,0.0,16.0,3.0,1.039720770836918,0.0,0.0,86.33333333333333,0.0,0.0,0.0,0.0,6.0,0.0,0.0,0.0,0.0,0.0,34.0,0.0,0.0,2.0,0.0,1
364.0,2.0,0.3103493791486884,0.0,0.0,54.0,4.0,0.7224980276050903,0.0,0.0,85.16666666666667,0.0,0.0,0.0,0.0,12.0,224.0,12.0,0.0,0.0,18.0,20.0,0.0,0.0,8.0,0.0,1
702.0,7.0,1.6475234820477584,0.0,0.0,152.0,9.0,1.681800005480424,0.0,0.0,80.94117647058823,0.0,0.0,0.0,0.0,74.0,1828.0,40.0,0.0,0.0,40.0,16.0,0.0,0.0,36.0,0.0,1
710.0,1.0,-1.000088900581841e-12,0.0,0.0,18.0,3.0,0.964962923004428,0.0,0.0,78.03333333333333,0.0,0.0,0.0,0.0,0.0,0.0,0.0,0.0,0.0,0.0,22.0,0.0,0.0,0.0,0.0,3
714.0,4.0,0.3886165677850737,0.0,0.0,96.0,6.0,0.8747161892468891,0.0,0.0,74.89655172413794,0.0,0.0,0.0,0.0,12.0,910.0,12.0,0.0,0.0,0.0,14.0,0.0,0.0,8.0,0.0,3
710.0,3.0,0.7165994874415632,0.0,0.0,56.0,8.0,1.889847847929683,0.0,0.0,72.16666666666667,0.0,0.0,0.0,0.0,72.0,2320.0,22.0,0.0,0.0,0.0,30.0,0.0,0.0,2.0,0.0,3
702.0,2.0,0.3181420064950696,0.0,0.0,20.0,2.0,0.5004024235361879,0.0,0.0,70.33333333333333,0.0,0.0,0.0,0.0,12.0,0.0,0.0,0.0,0.0,0.0,32.0,0.0,0.0,4.0,0.0,3
696.0,7.0,1.346220728417834,0.0,0.0,56.0,5.0,1.4307870456764702,0.0,0.0,68.125,0.0,0.0,0.0,0.0,124.0,1384.0,38.0,0.0,0.0,0.0,0.0,0.0,0.0,0.0,0.0,2
700.0,4.0,0.974814534840188,0.0,0.0,26.0,3.0,1.0928305535254883,0.0,0.0,65.42857142857143,0.0,0.0,0.0,0.0,42.0,882.0,14.0,0.0,0.0,0.0,0.0,0.0,0.0,0.0,0.0,3
694.0,1.0,-1.000088900581841e-12,0.0,0.0,32.0,3.0,0.9743147528663494,0.0,0.0,63.42857142857143,0.0,0.0,0.0,0.0,42.0,94.0,8.0,0.0,0.0,0.0,0.0,0.0,0.0,0.0,0.0,3
708.0,2.0,0.0194007998621311,0.0,0.0,44.0,3.0,0.6001660731566456,0.0,0.0,62.333333333333336,0.0,0.0,0.0,0.0,42.0,290.0,4.0,0.0,0.0,0.0,0.0,0.0,0.0,0.0,0.0,3
714.0,6.0,1.1795097776424075,0.0,0.0,88.0,7.0,1.66314462293341,0.0,0.0,60.30769230769231,0.0,0.0,0.0,0.0,74.0,1760.0,24.0,0.0,0.0,0.0,26.0,0.0,0.0,4.0,0.0,4
700.0,4.0,0.998894651683019,0.0,0.0,38.0,4.0,1.1630900731439806,0.0,0.0,57.63636363636363,0.0,0.0,0.0,0.0,86.0,766.0,18.0,0.0,0.0,0.0,2.0,0.0,0.0,4.0,0.0,3
702.0,3.0,0.6464217556164786,0.0,0.0,50.0,2.0,0.6268694575704263,0.0,0.0,56.0,0.0,0.0,0.0,0.0,90.0,5436.0,34.0,0.0,0.0,0.0,0.0,0.0,0.0,0.0,0.0,2
644.0,3.0,0.4091980311636278,0.0,0.0,76.0,2.0,0.5763341277547498,0.0,0.0,53.6,0.0,0.0,0.0,0.0,108.0,11258.0,46.0,0.0,0.0,0.0,0.0,0.0,0.0,0.0,0.0,4
670.0,4.0,0.7548291104477423,0.0,0.0,12.0,2.0,0.6931471805579453,0.0,0.0,49.47619047619048,0.0,0.0,0.0,2.0,4.0,886.0,2.0,0.0,0.0,0.0,46.0,0.0,0.0,6.0,0.0,5
686.0,5.0,0.8011471221683422,0.0,0.0,118.0,9.0,1.5695582074087209,0.0,0.0,34.333333333333336,0.0,2.0,2.0,0.0,16.0,1580.0,8.0,0.0,0.0,0.0,52.0,0.0,0.0,6.0,0.0,4
692.0,7.0,0.8001871264168046,0.0,0.0,118.0,6.0,1.3698703126936416,0.0,0.0,30.607142857142858,0.0,0.0,0.0,0.0,0.0,854.0,0.0,0.0,0.0,0.0,0.0,0.0,0.0,0.0,0.0,4
710.0,4.0,0.1567494758588101,0.0,0.0,42.0,2.0,0.4869127094626022,0.0,0.0,26.4,0.0,0.0,0.0,0.0,0.0,84.0,0.0,0.0,0.0,0.0,12.0,0.0,0.0,4.0,0.0,5
714.0,1.0,-1.000088900581841e-12,0.0,0.0,0.0,0.0,0.0,0.0,0.0,23.166666666666668,0.0,0.0,0.0,0.0,0.0,0.0,0.0,0.0,0.0,0.0,38.0,0.0,0.0,4.0,0.0,5
22.0,1.0,-1.000088900581841e-12,0.0,0.0,30.0,4.0,1.251989420809713,0.0,0.0,19.83333333333333,0.0,0.0,0.0,0.0,0.0,0.0,0.0,0.0,0.0,0.0,48.0,0.0,0.0,4.0,0.0,5
384.0,3.0,0.7204639005107657,0.0,0.0,54.0,8.0,1.7314884752594009,0.0,0.0,17.142857142857142,0.0,0.0,0.0,0.0,16.0,388.0,6.0,0.0,0.0,2.0,60.0,0.0,0.0,8.0,0.0,4
46.0,1.0,-1.000088900581841e-12,0.0,0.0,26.0,5.0,1.4985690796720057,0.0,0.0,5.5,0.0,0.0,0.0,0.0,0.0,362.0,0.0,0.0,0.0,0.0,6.0,0.0,0.0,0.0,0.0,2
718.0,6.0,0.8321284976728044,0.0,0.0,66.0,3.0,0.7773098260533038,0.0,0.0,20.620689655172413,0.0,0.0,0.0,0.0,34.0,968.0,22.0,0.0,0.0,0.0,24.0,0.0,0.0,0.0,0.0,3
718.0,3.0,0.1411443173342882,0.0,0.0,22.0,3.0,1.0361987848162837,0.0,0.0,46.766666666666666,0.0,0.0,0.0,0.0,18.0,2858.0,8.0,0.0,0.0,0.0,6.0,0.0,0.0,2.0,0.0,3
718.0,2.0,0.1906485753264832,0.0,0.0,56.0,5.0,1.2865528699421458,0.0,0.0,70.93333333333334,0.0,0.0,0.0,0.0,36.0,2620.0,14.0,0.0,0.0,0.0,14.0,0.0,0.0,0.0,0.0,3
718.0,2.0,0.2598628922410245,0.0,0.0,20.0,2.0,0.6730116670072565,0.0,0.0,90.66666666666669,0.0,0.0,0.0,0.0,18.0,282.0,8.0,0.0,0.0,0.0,8.0,0.0,0.0,0.0,0.0,3
716.0,4.0,1.113744997900377,0.0,0.0,50.0,4.0,1.1895225013839954,0.0,0.0,100.0,0.0,0.0,0.0,0.0,42.0,296.0,22.0,0.0,0.0,6.0,0.0,0.0,0.0,6.0,0.0,3
700.0,3.0,0.7098354867045313,0.0,0.0,44.0,4.0,1.1209503926695832,0.0,0.0,98.66666666666669,0.0,0.0,0.0,0.0,30.0,60.0,10.0,0.0,0.0,28.0,28.0,0.0,0.0,22.0,0.0,2
696.0,4.0,0.931115319678604,0.0,0.0,32.0,5.0,1.1601862439735162,0.0,0.0,95.71428571428572,0.0,0.0,0.0,0.0,36.0,356.0,18.0,0.0,0.0,0.0,48.0,0.0,0.0,36.0,0.0,2
712.0,3.0,1.07454625307375,0.0,0.0,86.0,3.0,0.7321645598877873,0.0,0.0,94.66666666666669,0.0,0.0,0.0,0.0,80.0,760.0,34.0,0.0,0.0,24.0,46.0,0.0,0.0,34.0,0.0,2
710.0,3.0,0.7693852784196507,0.0,0.0,166.0,4.0,0.6503171621142161,0.0,0.0,91.54545454545456,0.0,0.0,0.0,0.0,96.0,3352.0,18.0,0.0,0.0,0.0,22.0,0.0,0.0,4.0,0.0,4
712.0,1.0,-1.000088900581841e-12,0.0,0.0,2.0,1.0,-1.000088900581841e-12,0.0,0.0,90.0,0.0,0.0,0.0,0.0,0.0,0.0,0.0,0.0,0.0,0.0,0.0,0.0,0.0,0.0,0.0,4
710.0,5.0,1.2084719206970649,0.0,0.0,48.0,4.0,1.0377968161123392,0.0,0.0,88.75,0.0,0.0,0.0,0.0,48.0,1786.0,26.0,0.0,0.0,0.0,4.0,0.0,0.0,2.0,0.0,4
710.0,3.0,0.970654241668422,0.0,0.0,64.0,4.0,0.98689944883453,0.0,0.0,86.11111111111111,0.0,0.0,0.0,0.0,60.0,1618.0,28.0,0.0,0.0,0.0,24.0,0.0,0.0,6.0,0.0,3
712.0,3.0,0.7239505357933401,0.0,0.0,98.0,5.0,1.108048893861138,0.0,0.0,84.14285714285714,0.0,0.0,0.0,0.0,110.0,586.0,18.0,0.0,0.0,0.0,38.0,0.0,0.0,4.0,0.0,2
712.0,4.0,0.7760942087309946,0.0,0.0,98.0,4.0,0.6672632518693077,0.0,0.0,82.0,0.0,0.0,0.0,0.0,70.0,966.0,28.0,0.0,0.0,0.0,2.0,0.0,0.0,0.0,0.0,2
710.0,4.0,1.0741691199137082,0.0,0.0,34.0,2.0,0.6914160776151184,0.0,0.0,79.4,0.0,0.0,0.0,0.0,50.0,736.0,26.0,0.0,0.0,0.0,6.0,0.0,0.0,6.0,0.0,3
712.0,6.0,0.9263189098631608,0.0,0.0,100.0,2.0,0.5510799280849727,0.0,0.0,76.14285714285714,0.0,0.0,0.0,0.0,120.0,4214.0,36.0,0.0,0.0,0.0,32.0,0.0,0.0,6.0,0.0,2
714.0,2.0,0.1914440819557173,0.0,0.0,72.0,2.0,0.5297061990556545,0.0,0.0,72.70370370370371,0.0,0.0,0.0,0.0,36.0,0.0,0.0,0.0,0.0,0.0,36.0,0.0,0.0,32.0,0.0,2
716.0,3.0,0.669681477036132,0.0,0.0,102.0,3.0,0.9034448817864972,0.0,0.0,70.0,0.0,0.0,0.0,0.0,72.0,824.0,12.0,0.0,0.0,0.0,66.0,0.0,0.0,12.0,0.0,1
708.0,5.0,0.4492917118026942,0.0,0.0,158.0,3.0,0.8393097393753048,0.0,0.0,64.92307692307692,0.0,0.0,0.0,0.0,296.0,3516.0,88.0,0.0,0.0,0.0,54.0,0.0,0.0,20.0,0.0,2
686.0,3.0,1.030698248637653,0.0,0.0,144.0,3.0,1.0114042647043515,0.0,0.0,61.36363636363637,0.0,0.0,0.0,0.0,222.0,3364.0,84.0,0.0,0.0,0.0,24.0,0.0,0.0,10.0,0.0,2
710.0,3.0,0.6500984021424179,0.0,0.0,60.0,2.0,0.6730116670072565,0.0,0.0,58.75,0.0,0.0,0.0,0.0,112.0,1406.0,46.0,0.0,0.0,0.0,0.0,0.0,0.0,0.0,0.0,2
686.0,3.0,0.5511071982768708,0.0,0.0,120.0,3.0,0.9446889734028668,0.0,0.0,56.875,0.0,0.0,0.0,0.0,126.0,2380.0,46.0,0.0,0.0,0.0,2.0,0.0,0.0,0.0,0.0,2
186.0,3.0,0.1187477179563489,0.0,0.0,80.0,3.0,0.7909873504325757,0.0,0.0,55.75,0.0,0.0,0.0,0.0,98.0,1974.0,38.0,0.0,0.0,0.0,0.0,0.0,0.0,0.0,0.0,2
294.0,3.0,0.4247448276981618,0.0,0.0,44.0,5.0,1.5183498837915292,0.0,0.0,53.21428571428572,0.0,0.0,0.0,14.0,72.0,2748.0,36.0,0.0,0.0,0.0,30.0,0.0,0.0,8.0,0.0,2
708.0,3.0,0.363141340248287,0.0,0.0,4.0,2.0,0.6931471805579453,0.0,0.0,51.0,0.0,0.0,0.0,0.0,0.0,490.0,0.0,0.0,0.0,0.0,38.0,0.0,0.0,2.0,0.0,3
702.0,1.0,-1.000088900581841e-12,0.0,0.0,8.0,1.0,-1.000088900581841e-12,0.0,0.0,50.0,0.0,0.0,0.0,0.0,0.0,0.0,0.0,0.0,0.0,0.0,0.0,0.0,0.0,0.0,0.0,3
70.0,1.0,-1.000088900581841e-12,0.0,0.0,0.0,0.0,0.0,0.0,0.0,50.0,12.0,0.0,0.0,0.0,0.0,0.0,0.0,0.0,0.0,0.0,0.0,0.0,0.0,0.0,0.0,3
0.0,0.0,0.0,0.0,0.0,20.0,3.0,1.054920167983144,0.0,0.0,49.0,14.0,0.0,0.0,0.0,0.0,0.0,0.0,0.0,0.0,0.0,2.0,0.0,0.0,0.0,0.0,3
0.0,0.0,0.0,0.0,0.0,8.0,1.0,-1.000088900581841e-12,0.0,0.0,0.0,0.0,0.0,0.0,0.0,0.0,0.0,0.0,0.0,0.0,0.0,0.0,0.0,0.0,0.0,0.0,3
0.0,0.0,0.0,0.0,0.0,8.0,1.0,-1.000088900581841e-12,0.0,0.0,0.0,0.0,0.0,0.0,0.0,0.0,0.0,0.0,0.0,0.0,0.0,0.0,0.0,0.0,0.0,0.0,3
0.0,0.0,0.0,0.0,0.0,20.0,1.0,-1.000088900581841e-12,0.0,0.0,46.0,16.0,0.0,0.0,0.0,0.0,0.0,0.0,0.0,0.0,0.0,2.0,0.0,0.0,0.0,0.0,4
0.0,0.0,0.0,0.0,0.0,10.0,2.0,0.5004024235361879,0.0,0.0,0.0,0.0,0.0,0.0,0.0,0.0,0.0,0.0,0.0,0.0,0.0,0.0,0.0,0.0,0.0,0.0,3
0.0,0.0,0.0,0.0,0.0,10.0,2.0,0.5004024235361879,0.0,0.0,0.0,0.0,0.0,0.0,0.0,0.0,0.0,0.0,0.0,0.0,0.0,0.0,0.0,0.0,0.0,0.0,3
0.0,0.0,0.0,0.0,0.0,42.0,4.0,1.0356959635535246,0.0,0.0,42.5,0.0,0.0,0.0,0.0,0.0,0.0,0.0,0.0,0.0,0.0,2.0,0.0,0.0,0.0,0.0,3
604.0,6.0,1.0801289285734654,0.0,0.0,62.0,8.0,1.553252312944858,0.0,0.0,40.91666666666666,0.0,0.0,0.0,0.0,36.0,1698.0,20.0,0.0,0.0,0.0,12.0,0.0,0.0,0.0,0.0,3
716.0,2.0,0.5277551442951928,0.0,0.0,28.0,3.0,1.0789922078745835,0.0,0.0,38.75,0.0,0.0,0.0,0.0,60.0,1304.0,26.0,0.0,0.0,0.0,26.0,0.0,0.0,4.0,0.0,3
696.0,1.0,-1.000088900581841e-12,0.0,0.0,44.0,4.0,1.0335620542028177,0.0,0.0,34.57142857142857,0.0,0.0,0.0,0.0,144.0,80.0,12.0,0.0,16.0,2.0,50.0,0.0,0.0,16.0,0.0,2
712.0,4.0,0.4465852295598291,0.0,0.0,106.0,3.0,0.7577448692498158,0.0,0.0,32.5,0.0,0.0,0.0,0.0,216.0,1440.0,32.0,0.0,0.0,0.0,0.0,0.0,0.0,0.0,0.0,2
714.0,4.0,0.5242402078961249,0.0,0.0,28.0,2.0,0.6517565611706533,0.0,0.0,30.285714285714285,0.0,0.0,0.0,0.0,72.0,1080.0,28.0,0.0,0.0,0.0,0.0,0.0,0.0,0.0,0.0,3
714.0,2.0,0.5553045905941378,0.0,0.0,64.0,2.0,0.6434915530172902,0.0,0.0,27.363636363636363,0.0,0.0,0.0,0.0,216.0,1522.0,44.0,0.0,0.0,0.0,30.0,0.0,0.0,6.0,0.0,4
708.0,2.0,0.2250979855733572,0.0,0.0,62.0,3.0,0.6267662772654035,0.0,0.0,25.142857142857142,0.0,0.0,0.0,0.0,72.0,0.0,0.0,0.0,0.0,0.0,4.0,0.0,0.0,0.0,0.0,4
712.0,4.0,0.7135239398917864,0.0,0.0,100.0,5.0,1.047943906581246,0.0,0.0,22.666666666666668,0.0,0.0,0.0,0.0,144.0,862.0,74.0,0.0,0.0,0.0,54.0,0.0,0.0,14.0,0.0,4
708.0,5.0,0.7455301944620985,0.0,0.0,90.0,5.0,1.2999852644517886,0.0,30.0,20.0,0.0,0.0,0.0,0.0,248.0,1926.0,58.0,0.0,0.0,0.0,64.0,0.0,0.0,8.0,0.0,3
718.0,2.0,0.432958224835841,0.0,0.0,46.0,4.0,0.942892253139036,0.0,0.0,34.592592592592595,0.0,0.0,0.0,0.0,180.0,268.0,10.0,0.0,0.0,0.0,36.0,0.0,0.0,0.0,0.0,3
710.0,2.0,0.454319468759126,0.0,0.0,32.0,3.0,0.8314025204926376,0.0,0.0,48.5,0.0,0.0,0.0,0.0,30.0,904.0,8.0,0.0,0.0,86.0,2.0,0.0,0.0,6.0,0.0,2
710.0,1.0,-1.000088900581841e-12,0.0,0.0,0.0,0.0,0.0,0.0,0.0,48.0,0.0,0.0,0.0,0.0,0.0,0.0,0.0,0.0,0.0,102.0,0.0,0.0,0.0,0.0,0.0,2
706.0,5.0,0.9739904466050586,0.0,0.0,36.0,3.0,0.933823851711722,0.0,0.0,47.0,0.0,0.0,0.0,0.0,90.0,762.0,28.0,0.0,0.0,84.0,0.0,0.0,0.0,10.0,0.0,2
710.0,2.0,0.3855826942624251,0.0,0.0,54.0,3.0,0.5221718404972467,0.0,0.0,45.16666666666666,0.0,0.0,0.0,0.0,170.0,992.0,12.0,0.0,18.0,6.0,30.0,0.0,0.0,12.0,0.0,3
712.0,2.0,0.5496510756250983,0.0,0.0,130.0,2.0,0.3078447159581636,0.0,0.0,42.875,0.0,0.0,0.0,0.0,474.0,4982.0,34.0,0.0,0.0,0.0,0.0,0.0,0.0,0.0,0.0,3
712.0,5.0,0.8841898088967446,0.0,0.0,236.0,3.0,0.4810976370224255,0.0,0.0,40.05263157894737,0.0,0.0,26.0,30.0,624.0,8448.0,86.0,0.0,0.0,0.0,0.0,0.0,0.0,0.0,0.0,3
712.0,2.0,0.2163240027075686,0.0,0.0,30.0,2.0,0.2449300267926353,0.0,0.0,37.9,0.0,0.0,0.0,0.0,36.0,2728.0,0.0,0.0,0.0,0.0,0.0,0.0,0.0,0.0,0.0,3
700.0,1.0,-1.000088900581841e-12,0.0,0.0,22.0,2.0,0.3046360973472382,0.0,0.0,37.0,0.0,0.0,0.0,0.0,0.0,0.0,0.0,0.0,0.0,0.0,0.0,0.0,0.0,0.0,0.0,3
104.0,1.0,-1.000088900581841e-12,0.0,0.0,0.0,0.0,0.0,0.0,0.0,36.0,24.0,0.0,0.0,0.0,0.0,0.0,0.0,0.0,0.0,0.0,0.0,0.0,0.0,0.0,0.0,2
644.0,5.0,1.175144757876091,0.0,0.0,126.0,6.0,1.4320041397972036,0.0,0.0,35.0,0.0,0.0,0.0,0.0,144.0,5894.0,72.0,0.0,0.0,0.0,32.0,0.0,0.0,6.0,0.0,2
698.0,3.0,0.9432896415415456,0.0,0.0,120.0,5.0,1.2503218873069202,0.0,0.0,32.357142857142854,0.0,30.0,0.0,0.0,322.0,3788.0,58.0,0.0,0.0,0.0,38.0,0.0,0.0,24.0,0.0,1
714.0,5.0,0.8234390286238954,0.0,0.0,124.0,3.0,0.7151593605214086,0.0,0.0,29.666666666666668,0.0,0.0,0.0,0.0,500.0,5174.0,84.0,0.0,0.0,0.0,2.0,0.0,0.0,2.0,0.0,2
712.0,4.0,0.8449375556279612,0.0,0.0,58.0,2.0,0.5098156995796888,0.0,0.0,27.3,0.0,0.0,0.0,0.0,144.0,1944.0,32.0,0.0,0.0,0.0,0.0,0.0,0.0,0.0,0.0,2
714.0,2.0,0.6198382742565458,0.0,0.0,30.0,2.0,0.3926744672255522,0.0,0.0,24.176470588235293,0.0,0.0,0.0,0.0,36.0,4456.0,14.0,0.0,0.0,0.0,2.0,0.0,0.0,0.0,0.0,2
712.0,2.0,0.4836056792666382,0.0,0.0,168.0,2.0,0.3144922012794106,0.0,0.0,21.285714285714285,0.0,0.0,0.0,0.0,396.0,2412.0,50.0,0.0,0.0,0.0,12.0,0.0,0.0,8.0,0.0,2
694.0,4.0,0.7379356196905623,0.0,0.0,234.0,3.0,0.6365376398542227,0.0,0.0,19.066666666666663,0.0,0.0,0.0,28.0,458.0,11680.0,134.0,0.0,0.0,0.0,22.0,0.0,0.0,6.0,0.0,2
396.0,4.0,1.0473289988352878,0.0,0.0,122.0,4.0,0.8015558127867037,0.0,38.0,18.363636363636363,0.0,0.0,0.0,0.0,470.0,7402.0,106.0,0.0,0.0,0.0,2.0,0.0,0.0,0.0,0.0,2
718.0,4.0,0.8074991834405046,0.0,0.0,102.0,2.0,0.5676566971026662,0.0,0.0,36.96666666666667,0.0,0.0,0.0,0.0,400.0,4012.0,100.0,0.0,0.0,0.0,2.0,0.0,0.0,2.0,0.0,3
706.0,5.0,1.1241751892208138,0.0,0.0,30.0,2.0,0.6909233093118181,0.0,0.0,63.17857142857143,0.0,0.0,0.0,0.0,82.0,1908.0,30.0,0.0,0.0,0.0,0.0,0.0,0.0,0.0,0.0,3
700.0,2.0,0.6108643020528935,0.0,0.0,54.0,4.0,0.9157588374491544,0.0,0.0,89.6,0.0,0.0,0.0,0.0,2.0,4160.0,0.0,0.0,0.0,0.0,22.0,0.0,0.0,2.0,0.0,3
712.0,2.0,0.4057785076229636,0.0,0.0,10.0,2.0,0.5004024235361879,0.0,0.0,81.0,0.0,0.0,0.0,0.0,4.0,538.0,0.0,0.0,0.0,0.0,34.0,0.0,0.0,2.0,0.0,3
712.0,4.0,0.629278619752961,0.0,0.0,26.0,4.0,1.156987644341274,0.0,0.0,73.77777777777777,0.0,0.0,0.0,0.0,18.0,126.0,14.0,0.0,0.0,0.0,8.0,0.0,0.0,0.0,0.0,3
708.0,4.0,0.8139178281649597,0.0,0.0,14.0,5.0,1.5498260458732018,0.0,0.0,70.42857142857143,0.0,0.0,0.0,0.0,10.0,72.0,0.0,0.0,0.0,0.0,4.0,0.0,0.0,0.0,0.0,3
694.0,4.0,1.0341952237151346,0.0,0.0,22.0,4.0,1.3421131789104002,0.0,0.0,67.2,0.0,0.0,0.0,0.0,34.0,828.0,8.0,0.0,0.0,0.0,8.0,0.0,0.0,0.0,0.0,2
714.0,3.0,0.2224679210357144,0.0,0.0,6.0,1.0,-1.000088900581841e-12,0.0,0.0,61.96,0.0,0.0,0.0,0.0,40.0,2682.0,6.0,0.0,0.0,0.0,54.0,0.0,0.0,12.0,0.0,4
700.0,4.0,0.1709425132095589,0.0,0.0,22.0,3.0,1.0361987848162837,0.0,0.0,54.333333333333336,0.0,0.0,0.0,0.0,42.0,2526.0,14.0,0.0,0.0,0.0,76.0,0.0,0.0,10.0,0.0,3
714.0,3.0,0.2340917102584409,0.0,0.0,112.0,3.0,0.7896874466401993,0.0,0.0,47.888888888888886,0.0,0.0,0.0,0.0,224.0,9388.0,66.0,0.0,0.0,0.0,0.0,0.0,0.0,0.0,0.0,4
712.0,4.0,1.0920112005717242,0.0,0.0,166.0,4.0,1.0338069466558926,0.0,0.0,42.25,0.0,0.0,0.0,0.0,96.0,6656.0,44.0,0.0,0.0,0.0,22.0,0.0,0.0,8.0,0.0,4
708.0,7.0,1.0338580181506505,0.0,0.0,128.0,3.0,1.0025590554929804,0.0,0.0,32.36363636363637,0.0,0.0,0.0,0.0,180.0,1638.0,46.0,0.0,0.0,38.0,4.0,0.0,0.0,24.0,0.0,5
714.0,2.0,0.301694512458995,0.0,0.0,48.0,2.0,0.6896709283550269,0.0,0.0,25.714285714285715,0.0,0.0,0.0,0.0,198.0,1016.0,46.0,0.0,0.0,0.0,36.0,0.0,0.0,0.0,0.0,2
698.0,5.0,0.8362722587302219,0.0,0.0,28.0,2.0,0.6829081046984717,0.0,0.0,21.75,0.0,0.0,0.0,0.0,92.0,720.0,34.0,0.0,0.0,0.0,16.0,0.0,0.0,0.0,0.0,2
702.0,2.0,0.6544600821653759,0.0,0.0,12.0,1.0,-1.000088900581841e-12,0.0,0.0,17.714285714285715,0.0,0.0,0.0,0.0,96.0,380.0,30.0,0.0,0.0,0.0,0.0,0.0,0.0,0.0,0.0,2
716.0,2.0,0.4941439215310814,0.0,0.0,8.0,2.0,0.6931471805579453,0.0,0.0,35.333333333333336,0.0,0.0,0.0,0.0,24.0,106.0,12.0,0.0,0.0,0.0,4.0,0.0,0.0,4.0,0.0,2
710.0,4.0,1.1274612518647724,0.0,0.0,34.0,4.0,1.202278801558227,0.0,0.0,62.71428571428572,0.0,0.0,0.0,0.0,120.0,562.0,16.0,0.0,0.0,2.0,48.0,0.0,0.0,12.0,0.0,2
698.0,3.0,0.9535178245529394,0.0,0.0,16.0,1.0,-1.000088900581841e-12,0.0,0.0,57.6,0.0,14.0,26.0,0.0,160.0,1394.0,32.0,0.0,0.0,8.0,36.0,0.0,0.0,16.0,0.0,2
710.0,2.0,0.683590812436554,0.0,0.0,12.0,3.0,1.0986122886651095,0.0,0.0,53.5,0.0,0.0,0.0,0.0,34.0,14.0,8.0,0.0,0.0,0.0,0.0,0.0,0.0,0.0,0.0,3
712.0,3.0,1.050582127000741,0.0,0.0,16.0,2.0,0.5623351446168083,0.0,0.0,50.11111111111112,0.0,0.0,0.0,0.0,102.0,2016.0,26.0,0.0,0.0,0.0,34.0,0.0,0.0,6.0,0.0,2
692.0,6.0,1.2577601786276995,0.0,18.0,162.0,5.0,0.9873465793834691,0.0,0.0,45.0,0.0,0.0,0.0,0.0,390.0,1394.0,98.0,0.0,0.0,0.0,6.0,0.0,0.0,0.0,0.0,3
704.0,2.0,0.1189818444201216,0.0,0.0,42.0,3.0,0.7091152575794364,0.0,0.0,39.5,0.0,0.0,0.0,0.0,72.0,1484.0,12.0,0.0,0.0,0.0,2.0,0.0,0.0,2.0,0.0,3
698.0,3.0,0.7411876620580039,0.0,0.0,26.0,2.0,0.4293230219286162,0.0,0.0,35.25,0.0,0.0,0.0,0.0,108.0,510.0,10.0,0.0,0.0,0.0,0.0,0.0,0.0,0.0,0.0,3
558.0,4.0,0.8295574087762815,0.0,0.0,56.0,5.0,0.9972822056183196,0.0,36.0,17.272727272727273,0.0,0.0,0.0,0.0,36.0,1694.0,10.0,0.0,0.0,0.0,22.0,0.0,0.0,4.0,0.0,2
698.0,4.0,1.0978401914742475,0.0,0.0,88.0,3.0,0.6384941689531178,0.0,0.0,57.4375,0.0,0.0,0.0,0.0,28.0,1740.0,14.0,0.0,0.0,0.0,4.0,0.0,0.0,2.0,0.0,3
702.0,4.0,0.8426599547301327,0.0,0.0,36.0,3.0,0.6546695645255008,0.0,0.0,51.95,0.0,0.0,0.0,0.0,10.0,750.0,10.0,0.0,0.0,0.0,0.0,0.0,0.0,0.0,0.0,4
180.0,4.0,0.5929704085421663,0.0,0.0,50.0,7.0,1.257133793542772,0.0,0.0,16.0,0.0,0.0,0.0,0.0,36.0,2260.0,8.0,0.0,0.0,0.0,4.0,0.0,0.0,0.0,0.0,2
702.0,4.0,0.932236136583,0.0,0.0,34.0,4.0,1.2181950724140416,0.0,0.0,34.4,0.0,0.0,0.0,0.0,50.0,1046.0,8.0,0.0,0.0,0.0,22.0,0.0,0.0,0.0,0.0,3
710.0,4.0,1.1361369970411008,0.0,0.0,34.0,4.0,1.1407201964094569,0.0,0.0,62.3,0.0,12.0,10.0,0.0,68.0,1532.0,22.0,0.0,0.0,0.0,28.0,0.0,0.0,10.0,0.0,4
698.0,3.0,0.7414865616067159,0.0,0.0,16.0,2.0,0.5623351446168083,0.0,0.0,59.0,0.0,0.0,0.0,0.0,42.0,210.0,14.0,0.0,0.0,0.0,0.0,0.0,0.0,0.0,0.0,4
710.0,5.0,0.8052845773745531,0.0,0.0,44.0,5.0,1.253622376891737,0.0,0.0,57.375,0.0,0.0,0.0,0.0,42.0,518.0,4.0,0.0,0.0,0.0,0.0,0.0,0.0,0.0,0.0,3
716.0,2.0,0.6339013459265597,0.0,0.0,90.0,4.0,0.6280525632968377,0.0,0.0,49.869565217391305,0.0,0.0,0.0,0.0,42.0,8140.0,10.0,0.0,0.0,0.0,4.0,0.0,0.0,0.0,0.0,4
714.0,5.0,1.1685454143008749,0.0,0.0,104.0,4.0,0.7450566675692696,0.0,0.0,44.1764705882353,0.0,0.0,0.0,0.0,70.0,2924.0,26.0,0.0,0.0,0.0,0.0,0.0,0.0,0.0,0.0,5
716.0,3.0,0.2184080477270199,0.0,0.0,238.0,4.0,0.913934329136776,0.0,0.0,38.16666666666666,0.0,0.0,0.0,0.0,96.0,762.0,24.0,0.0,0.0,36.0,0.0,0.0,0.0,12.0,0.0,2
370.0,2.0,0.0336089094003607,0.0,0.0,24.0,3.0,0.8239592164980822,0.0,0.0,26.8,0.0,0.0,0.0,0.0,30.0,338.0,6.0,0.0,0.0,0.0,4.0,0.0,0.0,0.0,0.0,2
716.0,5.0,0.8018866054132673,0.0,0.0,58.0,4.0,0.9899199833782504,0.0,0.0,68.58620689655173,0.0,0.0,0.0,0.0,74.0,804.0,38.0,0.0,0.0,0.0,6.0,0.0,0.0,0.0,0.0,3
708.0,2.0,0.5544427372710082,0.0,0.0,26.0,4.0,1.2711814802565795,0.0,0.0,100.0,0.0,0.0,0.0,0.0,128.0,394.0,8.0,0.0,0.0,0.0,36.0,0.0,0.0,8.0,0.0,4
712.0,2.0,0.3150940580909042,0.0,0.0,12.0,1.0,-1.000088900581841e-12,0.0,0.0,95.72727272727272,0.0,0.0,0.0,0.0,78.0,1496.0,32.0,0.0,0.0,0.0,6.0,0.0,0.0,0.0,0.0,4
712.0,1.0,-1.000088900581841e-12,0.0,0.0,16.0,2.0,0.6931471805579453,0.0,0.0,93.0,0.0,0.0,0.0,0.0,26.0,0.0,0.0,0.0,0.0,0.0,2.0,0.0,0.0,0.0,0.0,3
710.0,3.0,0.646298584883965,0.0,0.0,66.0,3.0,0.7945606059777586,0.0,0.0,88.75,0.0,0.0,0.0,0.0,240.0,5008.0,36.0,0.0,0.0,0.0,2.0,0.0,0.0,0.0,0.0,2
554.0,5.0,0.5716003504227924,0.0,0.0,118.0,2.0,0.6686722108394754,0.0,0.0,82.28571428571429,0.0,0.0,0.0,0.0,474.0,3610.0,122.0,0.0,0.0,0.0,0.0,0.0,0.0,0.0,0.0,3
0.0,0.0,0.0,0.0,0.0,0.0,0.0,0.0,0.0,0.0,0.0,0.0,0.0,0.0,0.0,0.0,0.0,0.0,0.0,0.0,0.0,40.0,0.0,0.0,12.0,0.0,3
0.0,0.0,0.0,0.0,0.0,0.0,0.0,0.0,0.0,0.0,0.0,0.0,0.0,0.0,0.0,0.0,0.0,0.0,0.0,0.0,0.0,4.0,0.0,0.0,2.0,0.0,3
698.0,6.0,1.0625640419342115,0.0,0.0,48.0,4.0,1.3398061212587635,0.0,0.0,49.5,0.0,0.0,0.0,0.0,20.0,212.0,12.0,0.0,0.0,0.0,32.0,0.0,0.0,18.0,0.0,4
712.0,6.0,1.572520277282276,0.0,0.0,56.0,4.0,1.040649409506233,0.0,0.0,43.38461538461539,0.0,0.0,2.0,4.0,52.0,1478.0,26.0,0.0,0.0,22.0,48.0,0.0,0.0,36.0,0.0,3
694.0,8.0,1.1359523533330873,0.0,0.0,640.0,8.0,1.1790049968197152,0.0,4.0,35.93333333333333,0.0,0.0,0.0,0.0,56.0,4142.0,20.0,0.0,0.0,0.0,46.0,0.0,0.0,0.0,0.0,3
712.0,5.0,1.0388911328684505,0.0,0.0,216.0,5.0,0.8086717106482695,0.0,0.0,32.42857142857143,0.0,0.0,0.0,0.0,72.0,408.0,34.0,0.0,0.0,32.0,32.0,0.0,0.0,22.0,0.0,4
714.0,2.0,0.6658717844779958,0.0,0.0,34.0,6.0,1.6766961325858531,0.0,0.0,32.0,0.0,0.0,0.0,0.0,16.0,1902.0,4.0,0.0,0.0,0.0,0.0,0.0,0.0,0.0,0.0,4
696.0,4.0,1.0168468642179953,0.0,8.0,230.0,6.0,1.30584216420988,0.0,0.0,30.0,0.0,0.0,0.0,0.0,132.0,1546.0,44.0,0.0,0.0,0.0,0.0,0.0,0.0,0.0,0.0,3
712.0,3.0,0.7811231539508855,0.0,10.0,270.0,5.0,0.9164544384041576,0.0,0.0,25.714285714285715,0.0,0.0,0.0,0.0,120.0,350.0,34.0,0.0,0.0,0.0,0.0,0.0,0.0,0.0,0.0,3
716.0,4.0,0.5014482892449705,0.0,0.0,194.0,7.0,1.614763476250625,0.0,0.0,21.8,0.0,0.0,0.0,0.0,150.0,3214.0,38.0,0.0,0.0,0.0,52.0,0.0,0.0,12.0,0.0,2
718.0,1.0,-1.000088900581841e-12,0.0,0.0,28.0,3.0,1.0609442407877472,0.0,0.0,39.266666666666666,0.0,0.0,0.0,0.0,0.0,32.0,0.0,0.0,0.0,0.0,22.0,0.0,0.0,2.0,0.0,4
716.0,2.0,0.0192154609927474,0.0,0.0,84.0,4.0,1.1617857510830751,0.0,0.0,37.03333333333333,0.0,0.0,0.0,0.0,0.0,74.0,0.0,0.0,0.0,0.0,54.0,0.0,0.0,2.0,0.0,3
366.0,4.0,1.1103991419215788,0.0,0.0,496.0,7.0,0.8832680508667095,0.0,14.0,20.11111111111111,0.0,0.0,0.0,0.0,70.0,890.0,26.0,0.0,0.0,0.0,32.0,0.0,0.0,14.0,0.0,3
708.0,3.0,0.799307103749313,0.0,16.0,134.0,6.0,1.4977567862646863,0.0,0.0,34.5,0.0,0.0,0.0,0.0,70.0,752.0,6.0,0.0,0.0,0.0,6.0,0.0,0.0,0.0,0.0,5
712.0,6.0,1.3025769186967666,0.0,10.0,360.0,8.0,1.6681194750228068,0.0,0.0,27.6,0.0,0.0,0.0,0.0,172.0,936.0,72.0,0.0,0.0,0.0,48.0,0.0,0.0,8.0,0.0,5
688.0,6.0,1.4761266211079231,0.0,0.0,164.0,7.0,1.71984439593087,0.0,2.0,16.181818181818183,0.0,0.0,0.0,0.0,14.0,3352.0,10.0,0.0,0.0,0.0,60.0,0.0,0.0,6.0,0.0,2
718.0,2.0,0.693050188727102,0.0,0.0,38.0,3.0,0.972480932334956,0.0,0.0,66.06666666666666,0.0,0.0,0.0,0.0,8.0,0.0,0.0,0.0,0.0,0.0,8.0,0.0,0.0,0.0,0.0,2
708.0,5.0,1.3740893469885709,0.0,0.0,196.0,7.0,1.4766950350845287,0.0,0.0,98.84615384615384,0.0,0.0,0.0,0.0,28.0,1942.0,12.0,0.0,0.0,0.0,78.0,0.0,0.0,16.0,0.0,3
712.0,3.0,1.0474610811025462,0.0,0.0,76.0,4.0,1.1864669383315518,0.0,0.0,94.4,0.0,0.0,0.0,0.0,48.0,830.0,12.0,0.0,0.0,0.0,34.0,0.0,0.0,4.0,0.0,2
710.0,5.0,0.2800024907348146,0.0,0.0,164.0,6.0,1.1821482944967254,0.0,0.0,92.33333333333331,0.0,0.0,0.0,0.0,54.0,132.0,8.0,0.0,0.0,36.0,8.0,0.0,0.0,16.0,0.0,2
686.0,3.0,0.5710484387093625,0.0,0.0,114.0,6.0,1.4321070154999331,0.0,0.0,86.66666666666667,0.0,0.0,0.0,0.0,50.0,32.0,8.0,0.0,0.0,8.0,50.0,0.0,0.0,8.0,0.0,2
708.0,3.0,0.6398938164429013,0.0,0.0,108.0,7.0,1.7250431201426637,0.0,0.0,84.28571428571429,0.0,0.0,0.0,0.0,40.0,4.0,16.0,0.0,0.0,0.0,32.0,0.0,0.0,6.0,0.0,1
712.0,4.0,1.1185904472369128,0.0,0.0,138.0,4.0,1.025672911292604,0.0,0.0,80.375,0.0,0.0,0.0,0.0,110.0,232.0,36.0,0.0,0.0,0.0,48.0,0.0,0.0,12.0,0.0,1
708.0,4.0,1.0499401224074345,0.0,0.0,94.0,6.0,1.5403131865134236,0.0,0.0,75.66666666666667,0.0,0.0,0.0,0.0,24.0,210.0,10.0,0.0,0.0,0.0,0.0,0.0,0.0,0.0,0.0,1
698.0,5.0,0.649746296115242,0.0,0.0,270.0,6.0,1.328584853055441,0.0,0.0,70.75,0.0,0.0,0.0,0.0,156.0,1338.0,24.0,0.0,0.0,0.0,38.0,0.0,0.0,8.0,0.0,1
708.0,3.0,0.6589694928278214,0.0,0.0,122.0,3.0,0.8329424844185315,0.0,0.0,66.14285714285714,0.0,0.0,0.0,0.0,72.0,788.0,20.0,0.0,0.0,0.0,0.0,0.0,0.0,0.0,0.0,1
710.0,2.0,0.5997381624225474,0.0,0.0,106.0,4.0,1.1122372723831413,0.0,0.0,40.333333333333336,0.0,0.0,0.0,0.0,54.0,598.0,16.0,0.0,0.0,30.0,34.0,0.0,0.0,6.0,0.0,1
712.0,8.0,1.3169139409597377,0.0,0.0,236.0,8.0,1.6221944540684092,0.0,0.0,33.8235294117647,0.0,0.0,0.0,0.0,132.0,12238.0,36.0,0.0,0.0,0.0,62.0,0.0,0.0,14.0,0.0,2
710.0,9.0,1.7730114874425529,0.0,0.0,320.0,11.0,2.17894586832587,0.0,0.0,26.63636363636364,0.0,0.0,0.0,0.0,240.0,3724.0,58.0,0.0,0.0,0.0,20.0,0.0,0.0,0.0,0.0,3
690.0,4.0,0.9103818733757232,0.0,0.0,262.0,6.0,1.3599301691664525,0.0,0.0,19.80952380952381,0.0,0.0,0.0,0.0,140.0,836.0,24.0,0.0,0.0,0.0,38.0,0.0,0.0,24.0,0.0,3
700.0,2.0,0.6268694575704263,0.0,0.0,932.0,8.0,1.0481211641220043,0.0,0.0,30.33333333333333,0.0,0.0,0.0,0.0,198.0,1964.0,48.0,0.0,0.0,0.0,40.0,0.0,0.0,12.0,0.0,3
166.0,3.0,0.7731937112503149,0.0,0.0,16.0,4.0,1.3208883431453222,0.0,0.0,32.333333333333336,0.0,0.0,0.0,0.0,72.0,308.0,4.0,0.0,0.0,0.0,4.0,0.0,0.0,2.0,0.0,2
716.0,4.0,0.961840356909033,0.0,0.0,156.0,5.0,1.3005153063959145,0.0,0.0,71.53571428571429,0.0,0.0,0.0,0.0,32.0,3198.0,10.0,0.0,0.0,0.0,28.0,0.0,0.0,4.0,0.0,3
716.0,2.0,0.5842011673315184,0.0,0.0,170.0,4.0,0.9740651381003717,0.0,0.0,75.03333333333333,0.0,0.0,0.0,0.0,8.0,4030.0,0.0,0.0,0.0,0.0,0.0,0.0,0.0,0.0,0.0,3
10.0,2.0,0.6730116670072565,0.0,0.0,176.0,5.0,0.989792203248884,0.0,0.0,66.4,0.0,0.0,0.0,0.0,32.0,5282.0,2.0,0.0,0.0,0.0,132.0,0.0,0.0,10.0,0.0,3
604.0,3.0,0.0620199882164553,0.0,0.0,26.0,3.0,0.9251290835690824,0.0,0.0,59.0,0.0,0.0,0.0,0.0,4.0,468.0,2.0,0.0,0.0,0.0,2.0,0.0,0.0,2.0,0.0,3
184.0,3.0,0.6361949425838374,0.0,0.0,74.0,4.0,0.7612266298998479,0.0,0.0,35.42857142857143,0.0,0.0,0.0,0.0,2.0,926.0,0.0,0.0,0.0,0.0,96.0,0.0,0.0,4.0,0.0,2
708.0,2.0,0.5787688521221204,0.0,0.0,82.0,4.0,1.1983179533342885,0.0,0.0,29.0,0.0,0.0,0.0,0.0,14.0,406.0,6.0,0.0,0.0,0.0,26.0,0.0,0.0,0.0,0.0,4
710.0,6.0,1.2013503139214543,0.0,0.0,226.0,7.0,1.5783411087484995,0.0,0.0,21.714285714285715,0.0,0.0,0.0,0.0,20.0,274.0,12.0,0.0,0.0,0.0,52.0,0.0,0.0,20.0,0.0,4
122.0,1.0,-1.000088900581841e-12,0.0,0.0,2.0,1.0,-1.000088900581841e-12,0.0,2.0,16.0,0.0,0.0,0.0,0.0,16.0,1696.0,10.0,0.0,0.0,0.0,0.0,0.0,0.0,0.0,0.0,3
716.0,4.0,0.8995055824898017,0.0,0.0,302.0,5.0,1.0082121574876752,0.0,0.0,58.1,0.0,0.0,0.0,0.0,92.0,2958.0,32.0,0.0,0.0,0.0,6.0,0.0,0.0,0.0,0.0,3
716.0,7.0,1.167546213185901,0.0,0.0,296.0,4.0,0.8599711405115082,0.0,0.0,95.6923076923077,0.0,0.0,0.0,0.0,38.0,6436.0,16.0,0.0,0.0,0.0,72.0,0.0,0.0,14.0,0.0,4
712.0,4.0,0.6348992779924812,0.0,0.0,240.0,7.0,1.226428055022143,0.0,0.0,91.25,0.0,0.0,0.0,0.0,96.0,2810.0,22.0,0.0,0.0,0.0,24.0,0.0,0.0,0.0,0.0,3
700.0,2.0,0.6566352900318679,0.0,0.0,410.0,5.0,0.8517252322682902,0.0,0.0,85.42857142857143,0.0,0.0,0.0,0.0,64.0,944.0,26.0,0.0,0.0,52.0,12.0,0.0,0.0,26.0,0.0,3
708.0,4.0,0.7251171755285217,0.0,0.0,550.0,7.0,1.141443850308583,0.0,0.0,79.78571428571429,0.0,0.0,0.0,0.0,106.0,1020.0,40.0,0.0,0.0,0.0,30.0,0.0,0.0,4.0,0.0,2
696.0,2.0,0.0870995231897752,0.0,0.0,92.0,7.0,1.321528608582208,0.0,0.0,77.14285714285714,0.0,0.0,0.0,0.0,60.0,110.0,10.0,0.0,0.0,0.0,8.0,0.0,0.0,0.0,0.0,1
700.0,1.0,-1.000088900581841e-12,0.0,0.0,28.0,3.0,0.796311640170813,0.0,0.0,73.83333333333333,0.0,0.0,0.0,0.0,0.0,0.0,0.0,0.0,0.0,0.0,0.0,0.0,0.0,0.0,0.0,1
714.0,4.0,0.4533991049209459,0.0,0.0,46.0,6.0,1.6661762676343703,0.0,0.0,71.28571428571429,0.0,0.0,0.0,0.0,12.0,676.0,12.0,0.0,0.0,0.0,52.0,0.0,0.0,8.0,0.0,1
82.0,1.0,-1.000088900581841e-12,0.0,0.0,2.0,1.0,-1.000088900581841e-12,0.0,0.0,70.0,10.0,0.0,0.0,0.0,0.0,0.0,0.0,0.0,0.0,0.0,0.0,0.0,0.0,0.0,0.0,1
10.0,2.0,0.5004024235361879,0.0,0.0,22.0,3.0,0.9164648855364712,0.0,0.0,67.2,0.0,0.0,0.0,0.0,12.0,50.0,8.0,0.0,0.0,0.0,2.0,0.0,0.0,2.0,0.0,1
8.0,1.0,-1.000088900581841e-12,0.0,0.0,8.0,2.0,0.6931471805579453,0.0,0.0,65.6,10.0,0.0,0.0,0.0,0.0,0.0,0.0,0.0,0.0,0.0,0.0,0.0,0.0,0.0,0.0,2
0.0,0.0,0.0,0.0,0.0,18.0,3.0,1.060856947155021,0.0,0.0,64.0,8.0,0.0,0.0,0.0,0.0,0.0,0.0,0.0,0.0,0.0,2.0,0.0,0.0,0.0,0.0,2
0.0,0.0,0.0,0.0,0.0,4.0,1.0,-1.000088900581841e-12,0.0,0.0,0.0,0.0,0.0,0.0,0.0,0.0,0.0,0.0,0.0,0.0,0.0,0.0,0.0,0.0,0.0,0.0,2
0.0,0.0,0.0,0.0,0.0,16.0,2.0,0.5623351446168083,0.0,0.0,62.0,10.0,0.0,0.0,0.0,0.0,0.0,0.0,0.0,0.0,0.0,2.0,0.0,0.0,0.0,0.0,2
0.0,0.0,0.0,0.0,0.0,2.0,1.0,-1.000088900581841e-12,0.0,0.0,0.0,0.0,0.0,0.0,0.0,0.0,0.0,0.0,0.0,0.0,0.0,0.0,0.0,0.0,0.0,0.0,1
0.0,0.0,0.0,0.0,0.0,44.0,5.0,1.277406383426489,0.0,0.0,58.0,10.0,0.0,0.0,0.0,0.0,0.0,0.0,0.0,0.0,0.0,2.0,0.0,0.0,0.0,0.0,1
0.0,0.0,0.0,0.0,0.0,2.0,1.0,-1.000088900581841e-12,0.0,0.0,0.0,0.0,0.0,0.0,0.0,0.0,0.0,0.0,0.0,0.0,0.0,0.0,0.0,0.0,0.0,0.0,1
692.0,6.0,1.669033619516512,0.0,0.0,218.0,10.0,1.467832799519148,0.0,0.0,53.11111111111112,0.0,0.0,0.0,0.0,64.0,3328.0,20.0,0.0,0.0,0.0,24.0,0.0,0.0,6.0,0.0,1
694.0,5.0,1.300997027621038,0.0,0.0,88.0,5.0,1.4156432575655806,0.0,0.0,46.333333333333336,0.0,0.0,0.0,0.0,116.0,948.0,34.0,0.0,2.0,0.0,68.0,0.0,0.0,16.0,0.0,2
710.0,6.0,0.3104963630151368,0.0,0.0,148.0,7.0,1.011110619956539,0.0,0.0,40.833333333333336,0.0,0.0,0.0,0.0,18.0,160.0,12.0,0.0,0.0,22.0,2.0,0.0,0.0,6.0,0.0,1
714.0,1.0,-1.000088900581841e-12,0.0,0.0,96.0,3.0,0.3862680438360837,0.0,0.0,36.833333333333336,0.0,0.0,0.0,0.0,0.0,0.0,0.0,0.0,0.0,34.0,32.0,0.0,0.0,4.0,0.0,1
704.0,1.0,-1.000088900581841e-12,0.0,0.0,12.0,3.0,0.8675632284784613,0.0,0.0,34.333333333333336,0.0,0.0,0.0,0.0,0.0,0.0,0.0,0.0,0.0,0.0,4.0,0.0,0.0,0.0,0.0,2
432.0,3.0,0.6495431685765664,0.0,0.0,114.0,8.0,1.6564814936893908,0.0,0.0,31.83333333333333,0.0,0.0,0.0,0.0,96.0,1264.0,8.0,0.0,0.0,0.0,2.0,0.0,0.0,4.0,0.0,1
702.0,1.0,-1.000088900581841e-12,0.0,0.0,14.0,3.0,0.9556998911095343,0.0,0.0,29.666666666666668,0.0,0.0,0.0,0.0,0.0,0.0,0.0,0.0,0.0,0.0,0.0,0.0,0.0,0.0,0.0,2
710.0,3.0,0.5305912943048146,0.0,18.0,150.0,7.0,1.6736521287233712,0.0,0.0,26.428571428571427,0.0,0.0,20.0,20.0,140.0,86.0,28.0,0.0,0.0,0.0,64.0,0.0,0.0,8.0,0.0,1
710.0,6.0,1.0940840682706552,0.0,0.0,70.0,8.0,1.82918859725648,0.0,0.0,22.625,0.0,0.0,0.0,0.0,86.0,970.0,30.0,0.0,0.0,0.0,34.0,0.0,0.0,6.0,0.0,2
710.0,1.0,-1.000088900581841e-12,0.0,0.0,22.0,4.0,1.1685184057390878,0.0,0.0,19.166666666666668,0.0,0.0,0.0,0.0,22.0,0.0,0.0,0.0,0.0,0.0,4.0,0.0,0.0,0.0,0.0,2
694.0,1.0,-1.000088900581841e-12,0.0,0.0,12.0,2.0,0.6365141682928128,0.0,0.0,17.166666666666668,0.0,0.0,0.0,0.0,0.0,0.0,0.0,0.0,0.0,0.0,30.0,0.0,0.0,0.0,0.0,2
204.0,1.0,-1.000088900581841e-12,0.0,0.0,6.0,2.0,0.6365141682928128,0.0,0.0,16.0,0.0,0.0,0.0,0.0,40.0,102.0,22.0,0.0,0.0,0.0,0.0,0.0,0.0,0.0,0.0,2
712.0,2.0,0.6713848864939371,0.0,0.0,86.0,4.0,1.243509533328497,0.0,0.0,31.666666666666668,0.0,0.0,0.0,0.0,24.0,0.0,0.0,0.0,0.0,0.0,0.0,0.0,0.0,0.0,0.0,1
716.0,1.0,-1.000088900581841e-12,0.0,0.0,14.0,3.0,0.9556998911095343,0.0,0.0,82.36666666666666,0.0,0.0,0.0,0.0,0.0,86.0,0.0,0.0,0.0,0.0,54.0,0.0,0.0,4.0,0.0,2
0.0,0.0,0.0,0.0,0.0,0.0,0.0,0.0,0.0,0.0,100.0,0.0,0.0,0.0,0.0,0.0,0.0,0.0,0.0,0.0,0.0,0.0,0.0,0.0,0.0,0.0,1
704.0,3.0,0.5140354600384471,0.0,0.0,122.0,7.0,1.7962160364895867,0.0,0.0,82.75,0.0,0.0,0.0,0.0,10.0,204.0,10.0,0.0,0.0,0.0,26.0,0.0,0.0,4.0,0.0,2
702.0,5.0,1.0517227809287757,0.0,0.0,184.0,5.0,0.7886758726599529,0.0,0.0,78.77777777777777,0.0,0.0,0.0,0.0,32.0,282.0,14.0,0.0,0.0,0.0,158.0,0.0,0.0,6.0,0.0,1
712.0,5.0,0.8732589503790005,0.0,0.0,124.0,4.0,1.086840087482021,0.0,0.0,74.66666666666667,0.0,0.0,0.0,0.0,40.0,354.0,24.0,0.0,0.0,0.0,46.0,0.0,0.0,12.0,0.0,1
712.0,6.0,1.0110276721874132,0.0,0.0,84.0,4.0,1.3194222729912846,0.0,0.0,70.3,0.0,0.0,0.0,0.0,82.0,1188.0,34.0,0.0,0.0,0.0,34.0,0.0,0.0,12.0,0.0,2
710.0,5.0,0.9567119042832298,0.0,0.0,228.0,5.0,1.187126522782385,0.0,0.0,65.77777777777777,0.0,0.0,0.0,0.0,166.0,2304.0,48.0,0.0,0.0,0.0,114.0,0.0,0.0,16.0,0.0,2
710.0,1.0,-1.000088900581841e-12,0.0,0.0,10.0,3.0,1.054920167983144,0.0,0.0,62.5,0.0,0.0,0.0,0.0,0.0,0.0,0.0,0.0,0.0,0.0,0.0,0.0,0.0,0.0,0.0,1
700.0,2.0,0.1396734847593031,0.0,0.0,36.0,4.0,1.3219700745127634,0.0,0.0,59.333333333333336,0.0,0.0,0.0,0.0,42.0,26.0,12.0,0.0,0.0,0.0,8.0,0.0,0.0,0.0,0.0,2
710.0,3.0,0.7218264712976831,0.0,0.0,38.0,4.0,1.3386718783181464,0.0,0.0,57.66666666666666,0.0,0.0,0.0,0.0,42.0,460.0,16.0,0.0,0.0,0.0,36.0,0.0,0.0,8.0,0.0,2
702.0,3.0,0.665348530822992,0.0,10.0,22.0,4.0,1.3421131789104002,0.0,0.0,55.0,0.0,12.0,0.0,0.0,28.0,334.0,12.0,0.0,0.0,0.0,8.0,0.0,0.0,0.0,0.0,1
696.0,2.0,0.2118365584909522,0.0,0.0,52.0,4.0,1.065222969472862,0.0,0.0,49.285714285714285,0.0,0.0,0.0,0.0,100.0,0.0,0.0,0.0,0.0,0.0,0.0,0.0,0.0,0.0,0.0,2
684.0,1.0,-1.000088900581841e-12,0.0,0.0,22.0,3.0,1.0361987848162837,0.0,0.0,46.333333333333336,0.0,0.0,0.0,0.0,0.0,0.0,0.0,0.0,0.0,0.0,0.0,0.0,0.0,0.0,0.0,2
700.0,1.0,-1.000088900581841e-12,0.0,0.0,16.0,3.0,1.039720770836918,0.0,0.0,44.0,0.0,0.0,0.0,0.0,0.0,0.0,0.0,0.0,0.0,0.0,0.0,0.0,0.0,0.0,0.0,2
0.0,0.0,0.0,0.0,0.0,4.0,1.0,-1.000088900581841e-12,0.0,0.0,0.0,0.0,0.0,0.0,0.0,0.0,0.0,0.0,0.0,0.0,0.0,0.0,0.0,0.0,0.0,0.0,2
624.0,6.0,1.016866464698054,0.0,0.0,338.0,5.0,0.7614215135561219,0.0,0.0,41.0,0.0,0.0,0.0,0.0,212.0,806.0,30.0,0.0,0.0,0.0,40.0,0.0,0.0,12.0,0.0,2
456.0,1.0,-1.000088900581841e-12,0.0,0.0,20.0,4.0,1.3321790402061222,0.0,0.0,38.4,0.0,0.0,0.0,0.0,0.0,0.0,0.0,0.0,0.0,0.0,0.0,0.0,0.0,0.0,0.0,2
0.0,0.0,0.0,0.0,0.0,2.0,1.0,-1.000088900581841e-12,0.0,0.0,0.0,0.0,0.0,0.0,0.0,0.0,0.0,0.0,0.0,0.0,0.0,0.0,0.0,0.0,0.0,0.0,2
0.0,0.0,0.0,0.0,0.0,16.0,2.0,0.6931471805579453,0.0,0.0,0.0,0.0,0.0,0.0,0.0,0.0,0.0,0.0,0.0,0.0,0.0,0.0,0.0,0.0,0.0,0.0,2
0.0,0.0,0.0,0.0,0.0,16.0,2.0,0.6931471805579453,0.0,0.0,0.0,0.0,0.0,0.0,0.0,0.0,0.0,0.0,0.0,0.0,0.0,0.0,0.0,0.0,0.0,0.0,2
0.0,0.0,0.0,0.0,0.0,12.0,2.0,0.6365141682928128,0.0,0.0,0.0,0.0,0.0,0.0,0.0,0.0,0.0,0.0,0.0,0.0,0.0,0.0,0.0,0.0,0.0,0.0,2
0.0,0.0,0.0,0.0,0.0,4.0,1.0,-1.000088900581841e-12,0.0,0.0,0.0,0.0,0.0,0.0,0.0,0.0,0.0,0.0,0.0,0.0,0.0,0.0,0.0,0.0,0.0,0.0,2
24.0,1.0,-1.000088900581841e-12,0.0,0.0,28.0,5.0,1.574097336843973,0.0,0.0,28.33333333333333,0.0,0.0,0.0,0.0,24.0,0.0,0.0,0.0,0.0,0.0,0.0,0.0,0.0,0.0,0.0,2
704.0,6.0,1.1096834801609927,0.0,0.0,20.0,5.0,1.4708084763171112,0.0,0.0,24.642857142857142,0.0,0.0,0.0,0.0,24.0,1004.0,6.0,0.0,0.0,0.0,32.0,0.0,0.0,4.0,0.0,2
698.0,7.0,0.9957142984797756,0.0,0.0,512.0,8.0,1.4271087505361406,0.0,0.0,19.727272727272727,0.0,0.0,0.0,0.0,420.0,3026.0,80.0,0.0,0.0,0.0,78.0,0.0,0.0,16.0,0.0,2
70.0,1.0,-1.000088900581841e-12,0.0,0.0,6.0,2.0,0.6365141682928128,0.0,0.0,16.0,0.0,0.0,0.0,0.0,0.0,0.0,0.0,0.0,0.0,0.0,0.0,0.0,0.0,0.0,0.0,1
284.0,3.0,0.7968563180698858,0.0,0.0,336.0,7.0,1.2177139151602696,0.0,0.0,11.083333333333334,0.0,0.0,0.0,0.0,28.0,3282.0,16.0,0.0,0.0,0.0,6.0,0.0,0.0,2.0,0.0,1
710.0,4.0,0.7839839462857044,0.0,0.0,30.0,5.0,1.4019454593737286,0.0,0.0,43.6,0.0,0.0,0.0,0.0,4.0,108.0,4.0,0.0,0.0,0.0,32.0,0.0,0.0,4.0,0.0,2
714.0,2.0,0.3565285150315863,0.0,0.0,108.0,4.0,0.5255514008451473,0.0,0.0,44.0,0.0,0.0,0.0,0.0,6.0,0.0,0.0,2.0,0.0,38.0,10.0,0.0,0.0,8.0,0.0,2
712.0,5.0,1.1288974573360964,0.0,0.0,106.0,5.0,0.8063458234080808,0.0,0.0,44.0,0.0,0.0,0.0,0.0,8.0,72.0,8.0,0.0,0.0,18.0,8.0,0.0,0.0,16.0,0.0,1
716.0,1.0,-1.000088900581841e-12,0.0,0.0,144.0,5.0,0.7485976967109513,0.0,0.0,44.0,0.0,0.0,0.0,0.0,20.0,18.0,16.0,0.0,0.0,14.0,12.0,0.0,0.0,16.0,0.0,1
714.0,2.0,0.2237180760638337,0.0,0.0,80.0,5.0,1.1707800365075565,0.0,0.0,44.0,0.0,0.0,0.0,0.0,12.0,78.0,4.0,0.0,0.0,0.0,32.0,0.0,0.0,4.0,0.0,1
698.0,1.0,-1.000088900581841e-12,0.0,0.0,12.0,1.0,-1.000088900581841e-12,0.0,0.0,44.0,0.0,0.0,0.0,0.0,0.0,0.0,0.0,0.0,0.0,0.0,20.0,0.0,0.0,0.0,0.0,1
354.0,2.0,0.6814670462994058,0.0,0.0,56.0,6.0,1.5073619481331426,0.0,0.0,44.0,0.0,0.0,0.0,0.0,20.0,42.0,4.0,0.0,0.0,0.0,2.0,0.0,0.0,0.0,0.0,1
712.0,2.0,0.646397066912928,0.0,8.0,164.0,5.0,1.2875433354119028,0.0,0.0,39.57142857142857,0.0,0.0,0.0,0.0,80.0,154.0,14.0,0.0,0.0,0.0,0.0,0.0,0.0,0.0,0.0,1
694.0,3.0,1.052436469011509,0.0,0.0,46.0,6.0,1.715464216412813,0.0,0.0,37.66666666666666,0.0,0.0,0.0,0.0,16.0,32.0,14.0,0.0,0.0,0.0,2.0,0.0,0.0,0.0,0.0,1
412.0,2.0,0.030706043916835,0.0,0.0,28.0,5.0,1.5317780787863655,0.0,0.0,35.8,0.0,0.0,0.0,0.0,16.0,754.0,12.0,0.0,0.0,0.0,0.0,0.0,0.0,0.0,0.0,2
34.0,3.0,0.7086880282155834,0.0,0.0,10.0,3.0,0.9502705392302344,0.0,0.0,34.0,0.0,0.0,0.0,0.0,8.0,220.0,8.0,0.0,0.0,0.0,34.0,0.0,0.0,6.0,0.0,2
112.0,1.0,-1.000088900581841e-12,0.0,0.0,32.0,1.0,-1.000088900581841e-12,0.0,0.0,21.5,0.0,0.0,0.0,0.0,0.0,0.0,0.0,0.0,0.0,0.0,58.0,0.0,0.0,6.0,0.0,1
714.0,3.0,0.7078051712710309,0.0,0.0,98.0,7.0,1.1640805478552974,0.0,0.0,30.142857142857142,0.0,0.0,0.0,0.0,6.0,6.0,4.0,0.0,2.0,16.0,8.0,0.0,0.0,0.0,0.0,1
716.0,6.0,1.270014939243545,0.0,0.0,74.0,6.0,1.1839342481155697,0.0,2.0,43.23076923076923,0.0,0.0,0.0,0.0,6.0,330.0,4.0,0.0,0.0,0.0,40.0,0.0,0.0,6.0,0.0,2
718.0,1.0,-1.000088900581841e-12,0.0,0.0,14.0,2.0,0.6829081046984717,0.0,0.0,88.16666666666667,0.0,0.0,0.0,0.0,0.0,0.0,0.0,0.0,0.0,0.0,26.0,0.0,0.0,0.0,0.0,1
710.0,5.0,0.9989268771587544,0.0,0.0,62.0,4.0,1.0927009806875638,0.0,0.0,97.57142857142856,0.0,0.0,0.0,0.0,10.0,764.0,4.0,0.0,0.0,0.0,26.0,0.0,0.0,0.0,0.0,2
710.0,4.0,1.118646627036726,0.0,0.0,44.0,3.0,0.9164648855364712,0.0,0.0,94.7,0.0,0.0,0.0,0.0,28.0,312.0,16.0,0.0,0.0,0.0,8.0,0.0,0.0,6.0,0.0,2
714.0,3.0,1.0444070167307375,0.0,0.0,64.0,3.0,0.8449127655581359,0.0,0.0,91.3,0.0,0.0,0.0,0.0,50.0,576.0,22.0,0.0,0.0,0.0,56.0,0.0,0.0,14.0,0.0,2
708.0,5.0,1.1126830464330693,0.0,0.0,20.0,3.0,1.054920167983144,0.0,0.0,87.23529411764706,0.0,0.0,0.0,0.0,10.0,1828.0,2.0,0.0,0.0,0.0,32.0,0.0,0.0,4.0,0.0,2
574.0,1.0,-1.000088900581841e-12,0.0,0.0,2.0,1.0,-1.000088900581841e-12,0.0,0.0,84.5,10.0,0.0,0.0,0.0,0.0,0.0,0.0,0.0,0.0,0.0,2.0,0.0,0.0,0.0,0.0,2
710.0,1.0,-1.000088900581841e-12,0.0,0.0,4.0,1.0,-1.000088900581841e-12,0.0,0.0,82.33333333333333,0.0,0.0,0.0,0.0,0.0,0.0,0.0,0.0,0.0,0.0,0.0,0.0,0.0,0.0,0.0,2
290.0,1.0,-1.000088900581841e-12,0.0,0.0,0.0,0.0,0.0,0.0,0.0,81.0,0.0,0.0,0.0,0.0,0.0,0.0,0.0,0.0,0.0,0.0,0.0,0.0,0.0,0.0,0.0,3
0.0,0.0,0.0,0.0,0.0,26.0,2.0,0.6901856760168041,0.0,0.0,78.0,0.0,0.0,0.0,0.0,72.0,0.0,0.0,0.0,0.0,0.0,0.0,0.0,0.0,4.0,0.0,3
0.0,0.0,0.0,0.0,0.0,6.0,2.0,0.6365141682928128,0.0,0.0,76.0,0.0,0.0,0.0,0.0,0.0,0.0,0.0,0.0,0.0,0.0,0.0,0.0,0.0,0.0,0.0,3
0.0,0.0,0.0,0.0,0.0,6.0,2.0,0.6365141682928128,0.0,0.0,75.0,12.0,0.0,0.0,0.0,0.0,0.0,0.0,0.0,0.0,0.0,2.0,0.0,0.0,0.0,0.0,3
430.0,2.0,0.6766036111288105,0.0,0.0,48.0,5.0,1.3776416774846465,0.0,0.0,72.0,0.0,0.0,0.0,0.0,90.0,0.0,0.0,0.0,0.0,0.0,10.0,0.0,0.0,0.0,0.0,3
716.0,2.0,0.0192154609927474,0.0,0.0,40.0,4.0,1.319545463245337,0.0,0.0,69.66666666666667,0.0,0.0,0.0,0.0,54.0,0.0,0.0,0.0,0.0,0.0,6.0,0.0,0.0,0.0,0.0,3
708.0,7.0,1.6598961215676675,0.0,0.0,164.0,7.0,1.5658528380477268,0.0,0.0,65.57142857142857,0.0,0.0,0.0,0.0,92.0,2596.0,10.0,0.0,0.0,0.0,42.0,0.0,0.0,10.0,0.0,2
710.0,2.0,0.5631074935801978,0.0,0.0,56.0,4.0,1.3473080095522247,0.0,0.0,59.5,0.0,0.0,0.0,0.0,132.0,0.0,18.0,0.0,0.0,0.0,14.0,0.0,0.0,0.0,0.0,3
708.0,3.0,0.7284263463272524,0.0,0.0,32.0,3.0,0.8314025204926377,0.0,0.0,57.285714285714285,0.0,0.0,0.0,0.0,66.0,126.0,18.0,0.0,0.0,0.0,0.0,0.0,0.0,0.0,0.0,3
710.0,1.0,-1.000088900581841e-12,0.0,0.0,4.0,1.0,-1.000088900581841e-12,0.0,0.0,55.833333333333336,0.0,0.0,0.0,0.0,0.0,0.0,0.0,0.0,0.0,0.0,0.0,0.0,0.0,0.0,0.0,2
324.0,2.0,0.1377334895399219,0.0,0.0,22.0,5.0,1.5941666991130168,0.0,0.0,54.25,0.0,0.0,0.0,0.0,26.0,120.0,10.0,0.0,0.0,0.0,32.0,0.0,0.0,4.0,0.0,2
716.0,2.0,0.5842011673315184,0.0,0.0,24.0,3.0,0.9596147939090492,0.0,0.0,51.22222222222222,0.0,0.0,0.0,0.0,84.0,1518.0,32.0,0.0,0.0,0.0,50.0,0.0,0.0,20.0,0.0,3
700.0,1.0,-1.000088900581841e-12,0.0,0.0,12.0,3.0,1.0114042647043515,0.0,0.0,46.0,0.0,0.0,0.0,0.0,32.0,0.0,8.0,0.0,0.0,0.0,0.0,0.0,0.0,0.0,0.0,2
702.0,1.0,-1.000088900581841e-12,0.0,0.0,10.0,3.0,1.054920167983144,0.0,0.0,44.833333333333336,0.0,0.0,0.0,0.0,0.0,0.0,0.0,0.0,0.0,0.0,0.0,0.0,0.0,0.0,0.0,2
702.0,2.0,0.5074299622179486,0.0,0.0,86.0,7.0,1.5558194713131157,0.0,0.0,43.0,0.0,0.0,0.0,0.0,96.0,158.0,28.0,0.0,0.0,2.0,34.0,0.0,0.0,8.0,0.0,2
698.0,2.0,0.1197810019038759,0.0,0.0,24.0,4.0,1.1187433359817525,0.0,0.0,39.0,0.0,0.0,0.0,0.0,64.0,228.0,14.0,0.0,0.0,0.0,16.0,0.0,0.0,4.0,0.0,2
702.0,1.0,-1.000088900581841e-12,0.0,0.0,72.0,6.0,1.3200472559262648,0.0,0.0,35.5,0.0,0.0,0.0,0.0,96.0,20.0,24.0,0.0,0.0,4.0,24.0,0.0,0.0,4.0,0.0,1
