0.0,0.0,0.0,0.0,10.0,0.0,0.0,0.0,0.0,0.0,0.0,0.0,0.0,0.0,0.0,14.0,0.0,0.0,60.0,3032.0,14.0,9,1,0.5520661157024793,0.0,0.0,5.0,2.5,0.0,0.0,3
0.0,0.0,0.0,0.0,0.0,0.0,0.0,0.0,0.0,0.0,0.0,0.0,0.0,0.0,0.0,0.0,0.0,0.0,0.0,564.0,0.0,10,1,0.5520661157024793,0.0,0.0,5.0,2.5,0.0,0.0,1
0.0,0.0,0.0,0.0,0.0,0.0,0.0,0.0,0.0,0.0,0.0,0.0,0.0,0.0,0.0,0.0,0.0,22.0,0.0,0.0,0.0,10,1,0.5520661157024793,0.0,0.0,5.0,2.5,0.0,0.0,1
0.0,0.0,0.0,0.0,0.0,0.0,0.0,0.0,0.0,0.0,0.0,0.0,30.0,0.0,16.0,30.0,0.0,0.0,180.0,2552.0,18.0,11,1,0.5520661157024793,0.0,0.0,5.0,2.5,0.0,0.0,1
0.0,0.0,0.0,0.0,0.0,0.0,0.0,0.0,0.0,0.0,0.0,0.0,0.0,0.0,0.0,0.0,0.0,0.0,30.0,4.0,12.0,11,1,0.5520661157024793,0.0,0.0,0.0,0.0,0.0,0.0,1
140.0,1.0,-1.000088900581841e-12,0.0,0.0,0.0,0.0,0.0,14.0,1.0,-1.000088900581841e-12,0.0,30.0,23.0,0.0,0.0,0.0,0.0,90.0,2910.0,32.0,12,1,0.5520661157024793,70.0,35.0,0.0,0.0,0.0,0.0,1
662.0,4.0,0.1931255195608988,0.0,0.0,0.0,0.0,0.0,192.0,8.0,1.567826452685691,0.0,32.0,41.13333333333333,0.0,0.0,0.0,0.0,96.0,376.0,18.0,12,1,0.5520661157024793,314.6654307885335,200.5,0.0,0.0,0.0,0.0,1
708.0,1.0,-1.000088900581841e-12,0.0,0.0,0.0,0.0,0.0,86.0,5.0,1.065244829563399,0.0,0.0,71.83333333333333,0.0,0.0,0.0,0.0,0.0,0.0,0.0,13,1,0.5520661157024793,360.1309946857301,377.5,0.0,0.0,0.0,0.0,2
706.0,5.0,0.594527952124265,0.0,0.0,0.0,0.0,0.0,232.0,7.0,0.9793120952929044,0.0,0.0,85.0,0.0,0.0,0.0,0.0,64.0,3160.0,26.0,13,1,0.5520661157024793,276.81522116145766,554.0,0.0,0.0,0.0,0.0,2
702.0,2.0,0.0623221890307043,0.0,0.0,0.0,0.0,0.0,32.0,4.0,1.3208883431453222,0.0,0.0,85.0,0.0,0.0,0.0,0.0,64.0,46.0,16.0,14,1,0.5520661157024793,21.809783737275232,694.5,0.0,0.0,0.0,0.0,2
706.0,6.0,0.6220896065868265,0.0,0.0,0.0,0.0,0.0,98.0,6.0,1.096119595590723,0.0,0.0,84.3,0.0,0.0,0.0,0.0,64.0,2822.0,8.0,14,1,0.5520661157024793,2.5166114784331337,705.5,0.0,0.0,0.0,0.0,2
708.0,6.0,0.7741657928656835,0.0,0.0,0.0,0.0,0.0,170.0,5.0,0.9559253660166362,0.0,0.0,82.21428571428571,0.0,0.0,0.0,0.0,96.0,4050.0,40.0,15,1,0.5520661157024793,2.5166114784331337,705.5,0.0,0.0,0.0,0.0,2
706.0,8.0,1.3770427312801037,0.0,0.0,0.0,10.0,0.0,162.0,6.0,1.153779000806208,0.0,0.0,78.73333333333333,0.0,0.0,0.0,30.0,128.0,4076.0,24.0,15,1,0.5520661157024793,2.5166114784331337,705.5,0.0,0.0,5.0,2.5,2
708.0,9.0,1.2818540756540242,0.0,0.0,0.0,26.0,0.0,166.0,5.0,1.1075924685657887,0.0,0.0,73.82352941176471,0.0,32.0,0.0,0.0,224.0,3126.0,42.0,16,1,0.5520661157024793,1.1547005384000912,707.0,0.0,0.0,12.274635093014648,9.0,2
708.0,6.0,1.328371953690197,0.0,0.0,0.0,0.0,0.0,522.0,5.0,0.5471515164880084,0.0,0.0,69.07692307692308,0.0,0.0,0.0,0.0,192.0,8194.0,74.0,16,1,0.5520661157024793,1.000000000024054,707.5,0.0,0.0,12.274635093014648,9.0,2
702.0,1.0,-1.000088900581841e-12,0.0,0.0,0.0,0.0,0.0,90.0,3.0,0.8376863365754763,0.0,0.0,66.5,0.0,0.0,0.0,0.0,0.0,0.0,0.0,17,1,0.5520661157024793,2.828427124754705,706.0,0.0,0.0,12.274635093014648,9.0,2
644.0,1.0,-1.000088900581841e-12,0.0,0.0,0.0,0.0,0.0,138.0,2.0,0.2954391918701161,0.0,0.0,65.66666666666667,26.0,0.0,0.0,0.0,0.0,0.0,0.0,17,1,0.5520661157024793,31.12876483254753,690.5,0.0,0.0,13.000000000000002,6.5,2
0.0,0.0,0.0,0.0,0.0,0.0,0.0,0.0,220.0,2.0,0.535959889214217,0.0,0.0,65.0,0.0,0.0,0.0,0.0,0.0,0.0,0.0,18,1,0.5520661157024793,343.54766772603773,513.5,0.0,0.0,0.0,0.0,2
0.0,0.0,0.0,0.0,0.0,0.0,0.0,0.0,48.0,4.0,0.6238480040022909,0.0,0.0,63.833333333333336,28.0,0.0,0.0,0.0,0.0,0.0,0.0,18,1,0.5520661157024793,389.2775359560323,336.5,0.0,0.0,0.0,0.0,2
0.0,0.0,0.0,0.0,0.0,0.0,0.0,0.0,46.0,2.0,0.1788449127148475,0.0,0.0,63.0,0.0,0.0,0.0,0.0,0.0,0.0,0.0,19,1,0.5520661157024793,322.00000000000006,161.0,0.0,0.0,0.0,0.0,3
0.0,0.0,0.0,0.0,0.0,0.0,0.0,0.0,46.0,2.0,0.5235863374792598,0.0,0.0,62.0,0.0,0.0,0.0,0.0,0.0,0.0,0.0,19,1,0.5520661157024793,0.0,0.0,0.0,0.0,0.0,0.0,3
436.0,3.0,0.97741820194842,0.0,0.0,0.0,0.0,0.0,54.0,5.0,1.4481075350740356,0.0,0.0,59.75,0.0,0.0,0.0,20.0,128.0,438.0,30.0,20,1,0.5520661157024793,218.00000000000009,109.0,0.0,0.0,0.0,0.0,2
704.0,4.0,0.1714420104763437,0.0,0.0,0.0,0.0,0.0,30.0,4.0,1.1822230016411068,0.0,0.0,57.875,0.0,0.0,0.0,0.0,32.0,316.0,10.0,20,1,0.5520661157024793,346.80061514747445,285.0,0.0,0.0,0.0,0.0,1
704.0,1.0,-1.000088900581841e-12,0.0,0.0,0.0,0.0,0.0,24.0,2.0,0.6931471805579453,0.0,0.0,57.0,0.0,0.0,0.0,0.0,0.0,0.0,0.0,21,0,0.5520661157024793,332.28702452347835,461.0,0.0,0.0,0.0,0.0,1
82.0,1.0,-1.000088900581841e-12,0.0,0.0,0.0,0.0,0.0,62.0,2.0,0.2392170938145128,0.0,0.0,57.0,20.0,0.0,0.0,0.0,0.0,0.0,0.0,21,0,0.5520661157024793,294.77844787795016,481.5,0.0,0.0,0.0,0.0,1
358.0,8.0,1.397955475537974,0.0,0.0,0.0,0.0,0.0,72.0,6.0,1.5313590379166138,0.0,68.0,62.35714285714285,0.0,0.0,0.0,0.0,68.0,3646.0,24.0,22,0,0.5520661157024793,301.299408119786,462.0,0.0,0.0,0.0,0.0,1
700.0,4.0,0.1739325026024991,0.0,0.0,0.0,0.0,0.0,24.0,4.0,1.236684869136504,0.0,0.0,66.9,0.0,0.0,0.0,0.0,34.0,272.0,0.0,22,0,0.5520661157024793,300.23324266310027,461.0,0.0,0.0,0.0,0.0,1
702.0,2.0,0.0351269778519941,0.0,0.0,0.0,0.0,0.0,16.0,3.0,1.039720770836918,0.0,0.0,66.83333333333333,0.0,0.0,18.0,0.0,34.0,46.0,12.0,23,0,0.5520661157024793,299.6948448005071,460.5,0.0,0.0,0.0,0.0,1
702.0,1.0,-1.000088900581841e-12,0.0,0.0,0.0,0.0,0.0,0.0,0.0,0.0,0.0,0.0,66.0,0.0,0.0,0.0,0.0,0.0,0.0,0.0,23,0,0.5520661157024793,171.66925564390783,615.5,0.0,0.0,0.0,0.0,1
530.0,2.0,0.1353974254124857,0.0,0.0,0.0,0.0,0.0,24.0,3.0,1.0114042647043515,0.0,0.0,65.83333333333333,28.0,0.0,0.0,0.0,34.0,144.0,4.0,0,0,0.5520661157024793,85.67185457702381,658.5,0.0,0.0,0.0,0.0,1
702.0,2.0,0.6913563530813838,0.0,0.0,0.0,0.0,0.0,4.0,1.0,-1.000088900581841e-12,0.0,0.0,64.83333333333333,0.0,0.0,0.0,0.0,68.0,18.0,6.0,0,0,0.5520661157024793,86.00000000000027,659.0,0.0,0.0,0.0,0.0,1
700.0,2.0,0.4443774495998305,0.0,0.0,0.0,0.0,0.0,4.0,1.0,-1.000088900581841e-12,0.0,0.0,63.625,0.0,0.0,0.0,10.0,68.0,238.0,16.0,1,0,0.5520661157024793,85.67185457702381,658.5,0.0,0.0,0.0,0.0,1
0.0,0.0,0.0,0.0,0.0,0.0,0.0,0.0,36.0,3.0,0.6837389058457535,0.0,0.0,55.66666666666666,0.0,0.0,0.0,0.0,0.0,0.0,0.0,7,0,0.5520661157024793,0.0,0.0,0.0,0.0,0.0,0.0,2
700.0,1.0,-1.000088900581841e-12,0.0,0.0,0.0,0.0,0.0,12.0,2.0,0.6365141682928128,0.0,0.0,54.66666666666666,0.0,0.0,0.0,0.0,34.0,0.0,0.0,8,1,0.5520661157024793,350.00000000000006,175.0,0.0,0.0,0.0,0.0,1
706.0,1.0,-1.000088900581841e-12,0.0,0.0,0.0,0.0,0.0,0.0,0.0,0.0,0.0,0.0,54.0,8.0,0.0,0.0,0.0,0.0,0.0,0.0,8,1,0.5520661157024793,405.884630570478,351.5,0.0,0.0,0.0,0.0,1
2.0,1.0,-1.000088900581841e-12,0.0,0.0,0.0,0.0,0.0,8.0,1.0,-1.000088900581841e-12,0.0,0.0,54.0,0.0,0.0,0.0,0.0,34.0,0.0,0.0,9,1,0.5520661157024793,405.3081132504835,352.0,0.0,0.0,0.0,0.0,1
72.0,3.0,1.068820672823501,0.0,0.0,0.0,0.0,0.0,30.0,4.0,0.9881542242861944,0.0,0.0,53.333333333333336,20.0,26.0,0.0,0.0,34.0,2094.0,16.0,9,1,0.5520661157024793,385.58354045092057,370.0,0.0,0.0,0.0,0.0,1
704.0,4.0,0.6036288713471483,0.0,0.0,0.0,0.0,0.0,100.0,7.0,1.2955123814652452,0.0,0.0,51.4,0.0,0.0,0.0,0.0,204.0,1126.0,30.0,10,1,0.5520661157024793,386.72815603039135,371.0,0.0,0.0,0.0,0.0,2
704.0,1.0,-1.000088900581841e-12,0.0,0.0,0.0,0.0,0.0,16.0,1.0,-1.000088900581841e-12,0.0,0.0,50.0,0.0,0.0,0.0,34.0,0.0,0.0,0.0,10,1,0.5520661157024793,386.1515246635704,370.5,0.0,0.0,0.0,0.0,2
694.0,4.0,0.2251915731938137,0.0,0.0,0.0,0.0,0.0,52.0,5.0,1.53022074156486,0.0,0.0,48.16666666666666,0.0,0.0,0.0,0.0,170.0,194.0,30.0,11,1,0.5520661157024793,314.3686795255957,543.5,0.0,0.0,0.0,0.0,2
704.0,3.0,0.121251683228798,0.0,0.0,0.0,0.0,0.0,46.0,4.0,1.278774712004812,0.0,0.0,47.285714285714285,0.0,0.0,0.0,0.0,136.0,112.0,50.0,11,1,0.5520661157024793,5.000000000004531,701.5,0.0,0.0,0.0,0.0,1
708.0,8.0,1.501144727842382,0.0,0.0,0.0,0.0,0.0,88.0,5.0,1.4327354652152635,0.0,0.0,44.89473684210526,0.0,0.0,0.0,0.0,306.0,3768.0,64.0,12,1,0.5520661157024793,5.972157622393436,702.5,0.0,0.0,0.0,0.0,1
702.0,6.0,0.4946267407880033,0.0,0.0,0.0,0.0,0.0,72.0,4.0,1.1957001956871038,0.0,0.0,41.625,0.0,0.0,0.0,0.0,34.0,748.0,16.0,12,1,0.5520661157024793,5.887840577555749,702.0,0.0,0.0,0.0,0.0,1
702.0,1.0,-1.000088900581841e-12,0.0,0.0,0.0,0.0,0.0,154.0,4.0,0.9417681944902636,0.0,0.0,40.16666666666666,0.0,0.0,0.0,0.0,0.0,0.0,0.0,13,1,0.5520661157024793,2.828427124754219,704.0,0.0,0.0,0.0,0.0,2
704.0,9.0,1.188548304279892,0.0,0.0,0.0,0.0,0.0,110.0,6.0,1.6182284356169503,0.0,0.0,36.66666666666666,0.0,0.0,0.0,0.0,374.0,4182.0,124.0,13,1,0.5520661157024793,2.828427124754219,704.0,0.0,0.0,0.0,0.0,2
706.0,7.0,1.2847034701968791,0.0,0.0,0.0,0.0,0.0,76.0,6.0,1.7007722462495964,0.0,0.0,32.5,0.0,0.0,0.0,0.0,238.0,4314.0,82.0,14,1,0.5520661157024793,1.9148542155245307,703.5,0.0,0.0,0.0,0.0,1
702.0,6.0,1.1672402384278036,0.0,0.0,0.0,0.0,0.0,76.0,4.0,1.1549205403467235,0.0,0.0,28.58333333333333,0.0,20.0,0.0,0.0,102.0,4126.0,32.0,14,1,0.5520661157024793,1.9148542155245307,703.5,0.0,0.0,0.0,0.0,1
698.0,5.0,0.8323372677723068,0.0,0.0,0.0,0.0,0.0,174.0,6.0,1.3174126554927863,0.0,0.0,25.166666666666668,0.0,0.0,0.0,0.0,68.0,2840.0,32.0,15,1,0.5520661157024793,3.415650255326512,702.5,0.0,0.0,0.0,0.0,2
696.0,1.0,-1.000088900581841e-12,0.0,0.0,0.0,0.0,0.0,88.0,3.0,0.4597472786476894,0.0,0.0,22.5,0.0,0.0,0.0,0.0,0.0,0.0,0.0,15,1,0.5520661157024793,4.434711565221809,700.5,0.0,0.0,0.0,0.0,2
616.0,1.0,-1.000088900581841e-12,0.0,0.0,0.0,0.0,0.0,24.0,3.0,1.028183859329926,0.0,0.0,20.666666666666668,22.0,0.0,0.0,0.0,0.0,0.0,0.0,16,1,0.5520661157024793,41.40853374205263,678.0,0.0,0.0,0.0,0.0,2
410.0,2.0,0.180153908867104,0.0,0.0,0.0,0.0,0.0,72.0,5.0,1.124190907232828,0.0,32.0,27.5,0.0,0.0,0.0,0.0,34.0,130.0,12.0,16,1,0.5520661157024793,135.49415731560794,605.0,0.0,0.0,0.0,0.0,3
662.0,1.0,-1.000088900581841e-12,0.0,0.0,0.0,0.0,0.0,752.0,7.0,0.5006354359713234,0.0,0.0,49.36666666666667,0.0,0.0,0.0,0.0,0.0,0.0,0.0,17,1,0.5520661157024793,128.2601522947276,596.0,0.0,0.0,0.0,0.0,2
296.0,1.0,-1.000088900581841e-12,0.0,0.0,0.0,0.0,0.0,74.0,3.0,0.721888364220798,0.0,0.0,75.16666666666667,0.0,0.0,0.0,0.0,0.0,0.0,0.0,17,1,0.5520661157024793,172.5804160384371,496.0,0.0,0.0,0.0,0.0,2
0.0,0.0,0.0,0.0,0.0,0.0,0.0,0.0,46.0,5.0,1.2638245561485315,0.0,0.0,94.4,0.0,0.0,0.0,0.0,0.0,0.0,0.0,18,1,0.5520661157024793,274.5323296080082,342.0,0.0,0.0,0.0,0.0,2
622.0,7.0,1.4196401828489456,0.0,0.0,0.0,0.0,0.0,50.0,6.0,1.611490568576453,0.0,0.0,97.79166666666669,0.0,0.0,0.0,0.0,238.0,1210.0,58.0,18,1,0.5520661157024793,310.18489109991594,395.0,0.0,0.0,0.0,0.0,2
708.0,4.0,0.4021603911309446,0.0,0.0,0.0,0.0,0.0,34.0,4.0,1.31972992151467,0.0,0.0,94.22222222222224,0.0,0.0,0.0,0.0,136.0,1700.0,46.0,19,1,0.5520661157024793,323.9315771373126,406.5,0.0,0.0,0.0,0.0,2
708.0,1.0,-1.000088900581841e-12,0.0,0.0,0.0,0.0,0.0,2.0,1.0,-1.000088900581841e-12,0.0,0.0,94.0,0.0,0.0,0.0,0.0,0.0,0.0,0.0,19,1,0.5520661157024793,342.07747660435064,509.5,0.0,0.0,0.0,0.0,2
460.0,3.0,0.1570344421980633,0.0,0.0,0.0,0.0,0.0,32.0,5.0,1.461472129299024,0.0,0.0,92.83333333333331,34.0,0.0,0.0,0.0,102.0,412.0,44.0,20,1,0.5520661157024793,116.920200706864,624.5,0.0,0.0,0.0,0.0,2
706.0,2.0,0.0349602416405353,0.0,0.0,0.0,0.0,0.0,26.0,3.0,0.9110175397095628,0.0,0.0,92.0,0.0,0.0,0.0,0.0,34.0,40.0,8.0,20,1,0.5520661157024793,123.6702605048334,645.5,0.0,0.0,0.0,0.0,2
702.0,5.0,0.5608573084565326,0.0,0.0,0.0,0.0,0.0,118.0,6.0,1.617414802846722,0.0,0.0,89.5,0.0,0.0,0.0,0.0,272.0,1802.0,74.0,21,0,0.5520661157024793,122.69202636411772,644.0,0.0,0.0,0.0,0.0,2
670.0,5.0,0.7786034143535749,0.0,0.0,0.0,0.0,0.0,66.0,4.0,1.369629947075406,0.0,0.0,85.33333333333333,0.0,0.0,0.0,18.0,136.0,8468.0,40.0,21,0,0.5520661157024793,117.4436034869504,634.5,0.0,0.0,0.0,0.0,2
696.0,4.0,0.7524452019749963,0.0,0.0,0.0,0.0,0.0,94.0,4.0,0.9720374743427443,0.0,0.0,82.14285714285714,0.0,0.0,0.0,0.0,340.0,5576.0,82.0,22,0,0.5520661157024793,16.196707484342664,693.5,0.0,0.0,0.0,0.0,2
678.0,5.0,1.213744743243564,0.0,0.0,0.0,0.0,0.0,38.0,5.0,1.4391741154163271,0.0,0.0,79.0,0.0,0.0,0.0,0.0,306.0,7784.0,42.0,22,0,0.5520661157024793,15.000000000000956,686.5,0.0,0.0,0.0,0.0,2
708.0,7.0,1.1669887648995132,0.0,0.0,0.0,0.0,0.0,28.0,6.0,1.6307991045796435,2.0,0.0,74.21052631578948,0.0,0.0,22.0,0.0,0.0,4238.0,0.0,23,0,0.5520661157024793,17.204650534086085,688.0,0.0,0.0,0.0,0.0,2
0.0,0.0,0.0,0.0,0.0,0.0,0.0,0.0,4.0,1.0,-1.000088900581841e-12,0.0,0.0,65.33333333333333,0.0,0.0,0.0,0.0,0.0,0.0,0.0,7,0,0.5520661157024793,0.0,0.0,0.0,0.0,0.0,0.0,3
712.0,1.0,-1.000088900581841e-12,0.0,0.0,0.0,0.0,0.0,8.0,1.0,-1.000088900581841e-12,0.0,0.0,65.0,0.0,0.0,0.0,0.0,36.0,0.0,0.0,8,1,0.5520661157024793,356.0,178.0,0.0,0.0,0.0,0.0,3
690.0,6.0,1.3018825675148369,0.0,26.0,0.0,0.0,0.0,1266.0,8.0,0.2036238266423676,0.0,0.0,61.5,0.0,16.0,0.0,0.0,108.0,3890.0,32.0,8,1,0.5520661157024793,404.8221831866431,350.5,13.0,6.5,0.0,0.0,3
700.0,4.0,0.6283555497376044,0.0,0.0,0.0,0.0,0.0,22.0,4.0,1.1209503926695834,0.0,0.0,57.285714285714285,0.0,0.0,0.0,0.0,36.0,1276.0,12.0,9,1,0.5520661157024793,350.448759925518,525.5,13.0,6.5,0.0,0.0,3
696.0,5.0,0.7165529192790453,0.0,0.0,0.0,0.0,0.0,68.0,6.0,1.5971853310212107,0.0,0.0,53.25,0.0,0.0,0.0,0.0,108.0,2192.0,42.0,9,1,0.5520661157024793,9.29157324317896,699.5,13.0,6.5,0.0,0.0,2
696.0,4.0,0.2529727848177583,0.0,0.0,0.0,0.0,0.0,252.0,9.0,1.5166039415031989,0.0,0.0,51.0,0.0,0.0,0.0,0.0,108.0,842.0,30.0,10,1,0.5520661157024793,4.123105625620811,695.5,13.0,6.5,0.0,0.0,2
698.0,2.0,0.0196379309066819,0.0,0.0,0.0,0.0,0.0,42.0,4.0,1.119606167140626,0.0,0.0,49.142857142857146,0.0,0.0,0.0,0.0,144.0,114.0,18.0,10,1,0.5520661157024793,1.91485421551944,697.5,0.0,0.0,0.0,0.0,2
704.0,3.0,0.683096794856739,0.0,0.0,0.0,0.0,0.0,58.0,4.0,0.9124517686412283,0.0,0.0,45.23076923076923,0.0,36.0,0.0,36.0,36.0,1392.0,0.0,11,1,0.5520661157024793,3.785938897203608,698.5,0.0,0.0,0.0,0.0,2
694.0,2.0,0.0197345316164079,0.0,0.0,0.0,0.0,0.0,52.0,4.0,0.8942436316551221,0.0,0.0,43.66666666666666,0.0,0.0,0.0,0.0,72.0,50.0,4.0,11,1,0.5520661157024793,4.320493798941578,698.0,0.0,0.0,0.0,0.0,2
702.0,5.0,0.5511929894774202,0.0,0.0,0.0,0.0,0.0,146.0,6.0,1.411176230014256,0.0,0.0,41.5,0.0,0.0,0.0,0.0,216.0,836.0,6.0,12,1,0.5520661157024793,4.434711565219623,699.5,0.0,0.0,0.0,0.0,2
698.0,5.0,0.5224533682138662,0.0,0.0,0.0,0.0,0.0,78.0,6.0,1.0974603571216974,0.0,0.0,40.66666666666666,0.0,0.0,0.0,0.0,36.0,108.0,4.0,12,1,0.5520661157024793,4.434711565219623,699.5,0.0,0.0,0.0,0.0,2
706.0,5.0,0.3414491088672146,0.0,0.0,0.0,0.0,0.0,74.0,6.0,1.484458979928955,0.0,0.0,39.42857142857143,0.0,0.0,0.0,0.0,74.0,990.0,40.0,13,1,0.5520661157024793,5.163977794945741,700.0,0.0,0.0,0.0,0.0,2
704.0,2.0,0.0350433959644759,0.0,0.0,0.0,0.0,0.0,40.0,5.0,1.1205710370310085,0.0,0.0,38.0,0.0,0.0,0.0,0.0,38.0,64.0,20.0,13,1,0.5520661157024793,3.4156502553236745,702.5,0.0,0.0,0.0,0.0,2
702.0,3.0,0.2612610301586712,0.0,0.0,0.0,0.0,0.0,218.0,4.0,0.4316646319729785,0.0,0.0,37.142857142857146,0.0,0.0,0.0,0.0,156.0,3418.0,46.0,14,1,0.5520661157024793,3.4156502553236745,702.5,0.0,0.0,0.0,0.0,2
704.0,4.0,0.6625059947272489,0.0,0.0,0.0,0.0,0.0,142.0,6.0,0.9378985693357312,0.0,0.0,34.23076923076923,0.0,30.0,0.0,40.0,120.0,4578.0,28.0,14,1,0.5520661157024793,1.6329931618634177,704.0,0.0,0.0,0.0,0.0,2
686.0,4.0,0.5471736795175556,0.0,0.0,0.0,0.0,0.0,30.0,4.0,0.857174043638079,0.0,0.0,31.33333333333333,0.0,0.0,0.0,0.0,40.0,162.0,32.0,15,1,0.5520661157024793,8.71779788708285,699.0,0.0,0.0,0.0,0.0,2
698.0,2.0,0.0352954379520603,0.0,0.0,0.0,0.0,0.0,28.0,4.0,1.1973401339927785,0.0,0.0,29.5,0.0,0.0,0.0,0.0,120.0,50.0,42.0,15,1,0.5520661157024793,8.062257748300178,697.5,0.0,0.0,0.0,0.0,2
694.0,4.0,1.076357326294228,0.0,0.0,0.0,0.0,0.0,90.0,4.0,0.841081182925053,0.0,0.0,27.5,0.0,0.0,0.0,0.0,200.0,3908.0,92.0,16,1,0.5520661157024793,7.549834435272489,695.5,0.0,0.0,0.0,0.0,2
672.0,2.0,0.3590238104866269,0.0,0.0,0.0,0.0,0.0,182.0,8.0,1.3968696788566817,0.0,38.0,36.86666666666667,0.0,0.0,0.0,0.0,0.0,3198.0,0.0,16,1,0.5520661157024793,11.474609652040137,687.5,0.0,0.0,0.0,0.0,2
702.0,1.0,-1.000088900581841e-12,0.0,0.0,0.0,0.0,0.0,78.0,3.0,0.6624440344760889,0.0,0.0,67.5,0.0,0.0,0.0,0.0,0.0,0.0,0.0,17,1,0.5520661157024793,13.403979508589702,691.5,0.0,0.0,0.0,0.0,2
78.0,1.0,-1.000088900581841e-12,0.0,0.0,0.0,0.0,0.0,112.0,5.0,1.0352002146751118,0.0,0.0,90.83333333333331,0.0,0.0,0.0,0.0,0.0,0.0,0.0,17,1,0.5520661157024793,305.9297304937852,536.5,0.0,0.0,0.0,0.0,2
0.0,0.0,0.0,0.0,0.0,0.0,0.0,0.0,240.0,4.0,0.4074788950375564,0.0,0.0,99.86666666666666,0.0,0.0,0.0,0.0,0.0,0.0,0.0,18,1,0.5520661157024793,375.67539179456514,363.0,0.0,0.0,0.0,0.0,2
196.0,5.0,1.349409230250992,0.0,0.0,0.0,0.0,0.0,126.0,8.0,1.2559619571429157,0.0,0.0,99.96,0.0,0.0,0.0,0.0,122.0,2760.0,38.0,18,1,0.5520661157024793,315.7847368065785,244.0,0.0,0.0,0.0,0.0,2
670.0,5.0,0.8069642572163804,0.0,0.0,0.0,0.0,0.0,126.0,4.0,0.8432002009657238,0.0,0.0,97.1818181818182,0.0,0.0,0.0,22.0,294.0,1838.0,86.0,19,1,0.5520661157024793,300.3420272511547,236.0,0.0,0.0,0.0,0.0,2
702.0,3.0,0.7053905575157751,0.0,0.0,0.0,0.0,0.0,26.0,3.0,0.8305178252842479,0.0,0.0,93.33333333333331,0.0,0.0,0.0,0.0,84.0,146.0,16.0,19,1,0.5520661157024793,349.02912963438075,392.0,0.0,0.0,0.0,0.0,2
696.0,3.0,0.6709214363155819,0.0,0.0,0.0,0.0,0.0,32.0,2.0,0.6615632381559821,0.0,0.0,91.4,0.0,0.0,0.0,0.0,210.0,2080.0,32.0,20,1,0.5520661157024793,247.05734826823783,566.0,0.0,0.0,0.0,0.0,2
704.0,3.0,0.4247241510960393,0.0,0.0,0.0,0.0,0.0,30.0,3.0,0.8608513906282317,0.0,0.0,88.42857142857143,0.0,20.0,0.0,0.0,252.0,1836.0,84.0,20,1,0.5520661157024793,15.705625319187764,693.0,0.0,0.0,0.0,0.0,2
710.0,4.0,0.3876725940554692,0.0,0.0,0.0,0.0,0.0,66.0,4.0,0.7194778101243595,0.0,0.0,87.42857142857143,0.0,0.0,0.0,0.0,84.0,1622.0,14.0,21,0,0.5520661157024793,5.773502691900199,703.0,0.0,0.0,0.0,0.0,2
708.0,3.0,0.7072101601924274,0.0,0.0,0.0,0.0,0.0,74.0,5.0,1.1544221838354545,0.0,0.0,85.3,0.0,0.0,0.0,0.0,252.0,6690.0,36.0,21,0,0.5520661157024793,6.191391873672575,704.5,0.0,0.0,0.0,0.0,2
700.0,4.0,0.856459007732292,0.0,0.0,0.0,0.0,0.0,30.0,3.0,0.970115783983938,0.0,0.0,82.83333333333333,0.0,0.0,0.0,0.0,294.0,1226.0,78.0,22,0,0.5520661157024793,4.434711565221811,705.5,0.0,0.0,0.0,0.0,2
694.0,2.0,0.0629077170561071,0.0,0.0,0.0,0.0,0.0,46.0,4.0,1.0469221505524215,0.0,0.0,80.66666666666667,0.0,0.0,0.0,0.0,84.0,28.0,20.0,22,0,0.5520661157024793,7.393691004276016,703.0,0.0,0.0,0.0,0.0,2
704.0,3.0,0.7442445935100905,0.0,0.0,0.0,0.0,0.0,54.0,3.0,0.8690688988538341,0.0,0.0,78.375,0.0,0.0,0.0,26.0,420.0,4826.0,112.0,23,0,0.5520661157024793,5.9721576223934365,701.5,0.0,0.0,0.0,0.0,1
706.0,3.0,0.7352024209258139,0.0,0.0,0.0,0.0,0.0,108.0,2.0,0.6591525038209909,0.0,0.0,76.44444444444444,0.0,0.0,24.0,0.0,504.0,2240.0,116.0,23,0,0.5520661157024793,5.291502622133469,701.0,0.0,0.0,0.0,0.0,1
704.0,2.0,0.1189818444201216,0.0,0.0,0.0,0.0,0.0,12.0,3.0,1.0986122886651095,0.0,0.0,76.0,0.0,0.0,0.0,0.0,126.0,376.0,12.0,0,0,0.5520661157024793,5.416025603094826,702.0,0.0,0.0,0.0,0.0,1
706.0,1.0,-1.000088900581841e-12,0.0,0.0,0.0,0.0,0.0,0.0,0.0,0.0,0.0,0.0,75.16666666666667,0.0,0.0,0.0,0.0,42.0,0.0,0.0,0,0,0.5520661157024793,1.1547005383989344,705.0,0.0,0.0,0.0,0.0,1
122.0,1.0,-1.000088900581841e-12,0.0,0.0,0.0,0.0,0.0,0.0,0.0,0.0,0.0,0.0,75.0,30.0,0.0,0.0,0.0,0.0,0.0,0.0,1,0,0.5520661157024793,291.66819047221003,559.5,0.0,0.0,0.0,0.0,1
214.0,2.0,0.4378054963414058,0.0,0.0,0.0,0.0,0.0,44.0,3.0,0.6001660731566456,0.0,0.0,74.5,0.0,0.0,0.0,14.0,42.0,334.0,10.0,1,0,0.5520661157024793,312.3048724136935,436.5,0.0,0.0,0.0,0.0,1
666.0,7.0,0.95040696794653,0.0,32.0,0.0,0.0,0.0,58.0,8.0,1.9244854033297696,0.0,0.0,65.42857142857143,0.0,24.0,0.0,0.0,84.0,738.0,22.0,8,1,0.5520661157024793,333.0,166.5,16.0,8.0,0.0,0.0,2
698.0,3.0,0.0690585676383284,0.0,0.0,0.0,0.0,0.0,12.0,2.0,0.6365141682928128,0.0,0.0,63.5,0.0,0.0,0.0,0.0,42.0,90.0,14.0,8,1,0.5520661157024793,393.96954196993454,341.0,16.0,8.0,0.0,0.0,1
706.0,3.0,1.056420963007871,0.0,0.0,0.0,0.0,0.0,50.0,4.0,1.17649302900855,0.0,0.0,60.833333333333336,0.0,0.0,0.0,0.0,336.0,770.0,68.0,9,1,0.5520661157024793,345.4325790464279,517.5,16.0,8.0,0.0,0.0,2
700.0,1.0,-1.000088900581841e-12,0.0,0.0,0.0,0.0,0.0,32.0,3.0,0.9470571522795084,0.0,0.0,59.0,0.0,0.0,0.0,0.0,0.0,0.0,0.0,9,1,0.5520661157024793,17.990738358018717,692.5,16.0,8.0,0.0,0.0,2
390.0,1.0,-1.000088900581841e-12,0.0,0.0,0.0,0.0,0.0,26.0,4.0,0.937155853061701,0.0,0.0,58.0,16.0,0.0,0.0,0.0,0.0,0.0,0.0,10,1,0.5520661157024793,155.7037785882754,623.5,0.0,0.0,0.0,0.0,2
602.0,3.0,0.1243662929157668,0.0,0.0,0.0,0.0,0.0,28.0,4.0,1.1537419426970903,0.0,0.0,56.66666666666666,0.0,0.0,0.0,0.0,42.0,440.0,18.0,10,1,0.5520661157024793,147.57935718340383,599.5,0.0,0.0,0.0,0.0,2
698.0,5.0,1.0818957053534544,0.0,0.0,0.0,0.0,0.0,36.0,5.0,1.4938857262060656,0.0,0.0,54.81818181818182,0.0,0.0,0.0,0.0,130.0,1010.0,24.0,11,1,0.5520661157024793,145.69717453220116,597.5,0.0,0.0,0.0,0.0,2
704.0,1.0,-1.000088900581841e-12,0.0,0.0,0.0,0.0,0.0,14.0,2.0,0.5982695885832573,0.0,0.0,53.5,0.0,0.0,0.0,0.0,0.0,0.0,0.0,11,1,0.5520661157024793,146.64583185348306,598.5,0.0,0.0,0.0,0.0,2
604.0,1.0,-1.000088900581841e-12,0.0,0.0,0.0,0.0,0.0,34.0,3.0,0.923840705627872,0.0,0.0,53.0,34.0,0.0,0.0,0.0,0.0,0.0,0.0,12,1,0.5520661157024793,56.6392090340254,652.0,0.0,0.0,0.0,0.0,2
0.0,0.0,0.0,0.0,0.0,0.0,0.0,0.0,8.0,1.0,-1.000088900581841e-12,0.0,0.0,52.0,0.0,0.0,0.0,0.0,0.0,0.0,0.0,12,1,0.5520661157024793,337.454688316323,501.5,0.0,0.0,0.0,0.0,2
516.0,4.0,0.6224648543040402,0.0,0.0,0.0,0.0,0.0,124.0,6.0,1.1569356106513804,0.0,0.0,50.5,0.0,0.0,0.0,0.0,176.0,770.0,48.0,13,1,0.5520661157024793,313.5516969602727,456.0,0.0,0.0,0.0,0.0,2
710.0,3.0,0.7049183452359399,0.0,0.0,0.0,0.0,0.0,8.0,2.0,0.5623351446168083,0.0,0.0,45.94117647058823,0.0,0.0,0.0,0.0,44.0,1196.0,20.0,13,1,0.5520661157024793,315.14388248332966,457.5,0.0,0.0,0.0,0.0,1
706.0,4.0,0.7852172093266192,0.0,0.0,0.0,0.0,0.0,40.0,5.0,1.376226604339546,0.0,0.0,41.86666666666667,0.0,0.0,0.0,0.0,88.0,1020.0,18.0,14,1,0.5520661157024793,334.4826851522612,483.0,0.0,0.0,0.0,0.0,2
710.0,4.0,0.8573450772490346,0.0,0.0,0.0,0.0,0.0,26.0,5.0,1.377819508034033,0.0,0.0,35.333333333333336,0.0,0.0,0.0,0.0,44.0,3580.0,20.0,14,1,0.5520661157024793,96.35178600662618,660.5,0.0,0.0,0.0,0.0,1
704.0,3.0,0.2289349491368268,0.0,0.0,0.0,0.0,0.0,38.0,5.0,1.04354790709619,0.0,0.0,31.33333333333333,0.0,0.0,0.0,0.0,44.0,338.0,4.0,15,1,0.5520661157024793,3.000000000003496,707.5,0.0,0.0,0.0,0.0,2
698.0,3.0,0.1941787197285452,0.0,0.0,0.0,0.0,0.0,24.0,2.0,0.6931471805579453,0.0,0.0,28.666666666666668,0.0,0.0,0.0,0.0,176.0,1174.0,48.0,15,1,0.5520661157024793,5.000000000002086,704.5,0.0,0.0,0.0,0.0,2
694.0,5.0,0.7762575124616371,0.0,0.0,0.0,0.0,0.0,108.0,6.0,1.4370845180647502,0.0,0.0,26.285714285714285,0.0,0.0,0.0,0.0,180.0,170.0,42.0,16,1,0.5520661157024793,7.00000000000149,701.5,0.0,0.0,0.0,0.0,2
692.0,3.0,0.7015074221328939,0.0,0.0,0.0,0.0,0.0,46.0,4.0,1.0977773818117544,0.0,42.0,28.928571428571427,0.0,0.0,0.0,0.0,92.0,52.0,10.0,16,1,0.5520661157024793,5.291502622131136,697.0,0.0,0.0,0.0,0.0,2
702.0,3.0,0.6529184081863975,0.0,0.0,0.0,0.0,0.0,72.0,4.0,1.0325003018870695,0.0,0.0,48.7,0.0,0.0,0.0,0.0,46.0,76.0,16.0,17,1,0.5520661157024793,4.434711565219021,696.5,0.0,0.0,0.0,0.0,2
698.0,8.0,1.1105980248571052,0.0,0.0,0.0,52.0,0.0,174.0,8.0,1.84735867411702,0.0,94.0,51.42857142857143,0.0,76.0,0.0,68.0,96.0,1384.0,22.0,17,1,0.5520661157024793,4.434711565219021,696.5,0.0,0.0,26.0,13.0,2
704.0,1.0,-1.000088900581841e-12,0.0,0.0,0.0,0.0,0.0,62.0,2.0,0.2392170938145128,0.0,0.0,72.46666666666667,0.0,0.0,0.0,0.0,0.0,0.0,0.0,18,1,0.5520661157024793,5.291502622131126,699.0,0.0,0.0,26.0,13.0,2
704.0,4.0,0.7952447039213412,0.0,0.0,0.0,0.0,0.0,46.0,6.0,1.7302380456993696,0.0,0.0,85.8076923076923,0.0,0.0,0.0,0.0,96.0,8958.0,20.0,18,1,0.5520661157024793,2.8284271247498074,702.0,0.0,0.0,26.0,13.0,3
710.0,5.0,1.1890658246598638,0.0,0.0,0.0,0.0,0.0,38.0,5.0,1.1913695156676758,0.0,36.0,79.75,0.0,0.0,0.0,0.0,96.0,6146.0,50.0,19,1,0.5520661157024793,4.898979485568445,704.0,0.0,0.0,26.0,13.0,3
698.0,2.0,0.4497917922331015,0.0,0.0,0.0,0.0,0.0,42.0,4.0,1.194355901964133,0.0,0.0,84.85714285714286,0.0,0.0,0.0,24.0,384.0,972.0,80.0,19,1,0.5520661157024793,4.898979485568445,704.0,0.0,0.0,0.0,0.0,2
700.0,7.0,1.3603484236270105,0.0,0.0,0.0,0.0,0.0,42.0,4.0,1.291209434286213,0.0,0.0,81.6,0.0,0.0,0.0,0.0,192.0,4586.0,48.0,20,1,0.5520661157024793,5.291502622131115,703.0,0.0,0.0,0.0,0.0,2
702.0,3.0,0.8018983467793922,0.0,0.0,0.0,0.0,0.0,142.0,6.0,1.558432139768191,0.0,48.0,73.84615384615384,0.0,48.0,0.0,0.0,336.0,6876.0,70.0,20,1,0.5520661157024793,5.25991127935511,702.5,0.0,0.0,0.0,0.0,2
682.0,4.0,0.8519214412728537,0.0,0.0,0.0,0.0,0.0,186.0,8.0,1.4230872378829196,0.0,48.0,85.41379310344827,0.0,0.0,0.0,0.0,192.0,1076.0,30.0,21,0,0.5520661157024793,9.146948489342613,695.5,0.0,0.0,0.0,0.0,2
688.0,4.0,1.098487009952269,0.0,0.0,0.0,0.0,0.0,176.0,5.0,0.7352170495190097,0.0,0.0,97.48,0.0,0.0,0.0,0.0,48.0,1806.0,12.0,21,0,0.5520661157024793,9.5916630466265,693.0,0.0,0.0,0.0,0.0,3
702.0,1.0,-1.000088900581841e-12,0.0,0.0,0.0,0.0,0.0,30.0,3.0,0.9908353864408492,0.0,0.0,98.33333333333331,0.0,0.0,18.0,0.0,0.0,0.0,0.0,22,0,0.5520661157024793,10.115993936996686,693.5,0.0,0.0,0.0,0.0,2
522.0,1.0,-1.000088900581841e-12,0.0,0.0,0.0,0.0,0.0,20.0,1.0,-1.000088900581841e-12,0.0,0.0,97.33333333333331,30.0,0.0,0.0,0.0,0.0,0.0,0.0,22,0,0.5520661157024793,84.74864797348305,648.5,0.0,0.0,0.0,0.0,2
482.0,5.0,0.991609111500933,0.0,0.0,0.0,0.0,0.0,162.0,5.0,1.2802973927939405,0.0,0.0,93.76923076923076,0.0,0.0,0.0,0.0,248.0,10106.0,36.0,23,0,0.5520661157024793,112.76376486561048,598.5,0.0,0.0,0.0,0.0,2
710.0,6.0,1.279152654983824,0.0,0.0,0.0,0.0,0.0,142.0,4.0,1.357490254741685,0.0,0.0,89.53846153846153,0.0,28.0,0.0,44.0,600.0,11690.0,140.0,23,0,0.5520661157024793,118.95097029168512,604.0,0.0,0.0,0.0,0.0,2
710.0,5.0,0.9379406087886542,0.0,0.0,0.0,0.0,0.0,54.0,4.0,1.2093860979884037,0.0,0.0,85.11764705882354,0.0,52.0,0.0,36.0,310.0,18868.0,118.0,0,0,0.5520661157024793,121.194059260345,606.0,0.0,0.0,0.0,0.0,2
0.0,0.0,0.0,0.0,0.0,0.0,0.0,0.0,34.0,3.0,0.7086880282155834,0.0,0.0,75.66666666666667,0.0,0.0,0.0,0.0,0.0,0.0,0.0,7,0,0.5520661157024793,0.0,0.0,0.0,0.0,0.0,0.0,2
702.0,1.0,-1.000088900581841e-12,0.0,0.0,0.0,0.0,0.0,10.0,2.0,0.5004024235361879,0.0,0.0,74.16666666666667,0.0,0.0,0.0,0.0,52.0,0.0,0.0,8,1,0.5520661157024793,351.00000000000006,175.5,0.0,0.0,0.0,0.0,2
706.0,1.0,-1.000088900581841e-12,0.0,0.0,0.0,0.0,0.0,2.0,1.0,-1.000088900581841e-12,0.0,0.0,73.0,20.0,0.0,0.0,0.0,0.0,0.0,0.0,8,1,0.5520661157024793,406.4578698955158,352.0,0.0,0.0,0.0,0.0,2
32.0,4.0,1.2511559833596315,0.0,20.0,0.0,0.0,0.0,28.0,8.0,1.9459101490473127,0.0,0.0,71.83333333333333,0.0,34.0,0.0,0.0,52.0,342.0,18.0,9,1,0.5520661157024793,397.4351100074913,360.0,10.0,5.0,0.0,0.0,2
702.0,7.0,1.1520896650562005,0.0,0.0,0.0,0.0,0.0,90.0,6.0,1.69314485764446,0.0,0.0,68.07692307692308,0.0,0.0,0.0,0.0,270.0,3770.0,44.0,9,1,0.5520661157024793,335.671962884401,535.5,10.0,5.0,0.0,0.0,2
698.0,4.0,0.7088006757643969,0.0,0.0,0.0,0.0,0.0,50.0,7.0,1.665142057736655,0.0,0.0,63.66666666666666,0.0,0.0,0.0,0.0,54.0,374.0,10.0,10,1,0.5520661157024793,335.01592001973086,534.5,10.0,5.0,0.0,0.0,2
700.0,1.0,-1.000088900581841e-12,0.0,0.0,0.0,0.0,0.0,56.0,3.0,0.6559757323335468,0.0,0.0,61.5,0.0,0.0,0.0,0.0,0.0,0.0,0.0,10,1,0.5520661157024793,334.0039919921118,533.0,10.0,5.0,0.0,0.0,2
692.0,11.0,1.2912564152855122,0.0,0.0,0.0,0.0,0.0,94.0,7.0,1.4885516833496797,0.0,0.0,58.142857142857146,0.0,0.0,0.0,0.0,216.0,1510.0,82.0,11,1,0.5520661157024793,4.3204937989430645,698.0,0.0,0.0,0.0,0.0,2
698.0,4.0,0.2584197120136659,0.0,0.0,0.0,0.0,0.0,74.0,5.0,0.8076745435080932,0.0,0.0,54.71428571428572,0.0,0.0,0.0,0.0,216.0,386.0,40.0,11,1,0.5520661157024793,3.4641016151433504,697.0,0.0,0.0,0.0,0.0,2
704.0,4.0,0.7219500401242771,0.0,0.0,0.0,0.0,0.0,116.0,4.0,0.8022646129286681,0.0,0.0,52.23076923076923,0.0,0.0,0.0,0.0,0.0,3718.0,0.0,12,1,0.5520661157024793,5.000000000003882,698.5,0.0,0.0,0.0,0.0,2
674.0,5.0,0.4939116360576949,0.0,0.0,0.0,0.0,0.0,92.0,5.0,1.0075432065673118,0.0,0.0,50.285714285714285,0.0,0.0,0.0,0.0,162.0,1150.0,24.0,12,1,0.5520661157024793,12.961481396817218,692.0,0.0,0.0,0.0,0.0,2
706.0,7.0,1.308484627803775,0.0,0.0,0.0,0.0,0.0,74.0,5.0,1.3350184467453643,0.0,0.0,45.51851851851852,0.0,0.0,0.0,0.0,326.0,11102.0,64.0,13,1,0.5520661157024793,14.730919862657553,695.5,0.0,0.0,0.0,0.0,2
700.0,5.0,0.4122030897338444,0.0,0.0,0.0,0.0,0.0,76.0,6.0,1.5865196419119898,0.0,0.0,40.63636363636363,0.0,56.0,0.0,26.0,168.0,5050.0,58.0,13,1,0.5520661157024793,14.877275736282236,696.0,0.0,0.0,0.0,0.0,2
698.0,2.0,0.1300292650889284,0.0,0.0,0.0,0.0,0.0,44.0,4.0,0.9688070622280768,0.0,0.0,37.55555555555556,0.0,0.0,0.0,0.0,56.0,686.0,12.0,14,1,0.5520661157024793,14.08308678285312,694.5,0.0,0.0,0.0,0.0,2
678.0,1.0,-1.000088900581841e-12,0.0,0.0,0.0,0.0,0.0,18.0,3.0,0.9950269901765214,0.0,0.0,36.333333333333336,0.0,0.0,0.0,0.0,0.0,0.0,0.0,14,1,0.5520661157024793,12.15181742237372,695.5,0.0,0.0,0.0,0.0,2
350.0,5.0,1.1698563032365104,0.0,0.0,0.0,0.0,0.0,94.0,6.0,1.4830290631234404,0.0,0.0,34.875,20.0,0.0,0.0,0.0,224.0,1300.0,32.0,15,1,0.5520661157024793,171.28825606756203,606.5,0.0,0.0,0.0,0.0,2
686.0,1.0,-1.000088900581841e-12,0.0,0.0,0.0,0.0,0.0,82.0,2.0,0.4935651920234654,0.0,0.0,32.333333333333336,0.0,0.0,0.0,0.0,56.0,0.0,0.0,15,1,0.5520661157024793,168.86681142249367,603.0,0.0,0.0,0.0,0.0,2
544.0,1.0,-1.000088900581841e-12,0.0,0.0,0.0,0.0,0.0,124.0,4.0,0.4242540985164459,0.0,0.0,31.166666666666668,44.0,0.0,0.0,0.0,0.0,0.0,0.0,16,1,0.5520661157024793,157.13582235335997,564.5,0.0,0.0,0.0,0.0,2
0.0,0.0,0.0,0.0,0.0,0.0,0.0,0.0,10.0,1.0,-1.000088900581841e-12,0.0,0.0,30.0,0.0,0.0,0.0,0.0,0.0,0.0,0.0,16,1,0.5520661157024793,297.1711067157551,395.0,0.0,0.0,0.0,0.0,2
0.0,0.0,0.0,0.0,0.0,0.0,0.0,0.0,68.0,2.0,0.2237180760638337,0.0,0.0,29.166666666666668,44.0,0.0,0.0,0.0,0.0,0.0,0.0,17,1,0.5520661157024793,359.77168686080165,307.5,0.0,0.0,0.0,0.0,2
332.0,2.0,0.0368010221280624,0.0,0.0,0.0,0.0,0.0,112.0,5.0,1.196656005175306,0.0,56.0,34.6,0.0,0.0,0.0,0.0,56.0,2614.0,14.0,17,1,0.5520661157024793,267.28012770624514,219.0,0.0,0.0,0.0,0.0,2
694.0,1.0,-1.000088900581841e-12,0.0,0.0,0.0,0.0,0.0,190.0,6.0,1.1258362352355122,0.0,0.0,56.75862068965517,0.0,0.0,0.0,0.0,0.0,0.0,0.0,18,1,0.5520661157024793,331.0040281728709,256.5,0.0,0.0,0.0,0.0,2
364.0,1.0,-1.000088900581841e-12,0.0,0.0,0.0,0.0,0.0,82.0,4.0,0.9300741558704668,0.0,0.0,83.86666666666666,0.0,0.0,0.0,0.0,56.0,0.0,12.0,18,1,0.5520661157024793,283.6259273526782,347.5,0.0,0.0,0.0,0.0,2
698.0,5.0,0.9891411689295694,0.0,0.0,0.0,0.0,0.0,78.0,7.0,1.720396130149266,0.0,0.0,97.56521739130434,0.0,0.0,0.0,52.0,168.0,982.0,34.0,19,1,0.5520661157024793,201.34878527901125,522.0,0.0,0.0,0.0,0.0,2
702.0,1.0,-1.000088900581841e-12,0.0,0.0,0.0,0.0,0.0,38.0,6.0,1.6489915882884807,0.0,0.0,99.16666666666669,0.0,0.0,0.0,0.0,56.0,128.0,26.0,19,1,0.5520661157024793,167.03193307468698,614.5,0.0,0.0,0.0,0.0,2
702.0,1.0,-1.000088900581841e-12,0.0,0.0,0.0,0.0,0.0,0.0,0.0,0.0,0.0,0.0,98.5,0.0,0.0,0.0,0.0,0.0,0.0,0.0,20,1,0.5520661157024793,168.3438940581651,616.5,0.0,0.0,0.0,0.0,2
662.0,10.0,1.5068506709678997,0.0,0.0,0.0,0.0,0.0,80.0,8.0,1.716686000714716,0.0,0.0,95.5,26.0,0.0,0.0,0.0,448.0,15326.0,126.0,20,1,0.5520661157024793,19.425069712445776,691.0,0.0,0.0,0.0,0.0,2
710.0,5.0,0.6260619873271092,0.0,0.0,0.0,0.0,0.0,78.0,4.0,1.014638897155063,0.0,0.0,91.46153846153848,0.0,0.0,0.0,0.0,752.0,20506.0,156.0,21,0,0.5520661157024793,21.6641024123636,694.0,0.0,0.0,0.0,0.0,2
704.0,5.0,0.9954652947667342,0.0,0.0,0.0,0.0,0.0,132.0,5.0,1.274859354977055,0.0,0.0,87.57142857142857,0.0,0.0,0.0,0.0,290.0,4430.0,68.0,21,0,0.5520661157024793,21.931712199462336,694.5,0.0,0.0,0.0,0.0,2
704.0,4.0,0.892840797917696,0.0,24.0,0.0,0.0,0.0,110.0,7.0,1.4134368842973783,2.0,0.0,86.0909090909091,0.0,0.0,0.0,0.0,290.0,1486.0,46.0,22,0,0.5520661157024793,22.181073012819848,695.0,12.0,6.0,0.0,0.0,2
714.0,3.0,0.9551747546418056,0.0,0.0,0.0,0.0,0.0,40.0,3.0,0.8451132568399528,0.0,0.0,80.1,0.0,0.0,0.0,0.0,464.0,3826.0,46.0,22,0,0.5520661157024793,4.898979485570951,708.0,12.0,6.0,0.0,0.0,2
718.0,1.0,-1.000088900581841e-12,0.0,0.0,0.0,0.0,0.0,22.0,3.0,1.0361987848162837,0.0,0.0,71.76666666666667,0.0,0.0,0.0,0.0,0.0,4832.0,0.0,23,0,0.5520661157024793,7.118052168024032,710.0,12.0,6.0,0.0,0.0,2
710.0,4.0,0.3177271017425903,0.0,0.0,0.0,0.0,0.0,34.0,3.0,0.923840705627872,0.0,0.0,62.0,0.0,0.0,0.0,0.0,0.0,6482.0,0.0,23,0,0.5520661157024793,5.972157622393402,711.5,12.0,6.0,0.0,0.0,2
714.0,5.0,1.2795121435839962,0.0,0.0,0.0,0.0,0.0,48.0,4.0,1.0538790239022011,0.0,0.0,52.88,0.0,0.0,48.0,0.0,232.0,7306.0,38.0,0,0,0.5520661157024793,3.265986323717785,714.0,0.0,0.0,0.0,0.0,2
702.0,3.0,0.1784181309580079,0.0,0.0,0.0,0.0,0.0,42.0,3.0,1.0353605606819845,0.0,0.0,46.333333333333336,0.0,0.0,0.0,0.0,232.0,304.0,40.0,0,0,0.5520661157024793,6.831300510643022,711.0,0.0,0.0,0.0,0.0,2
702.0,4.0,0.9058204277493233,0.0,0.0,0.0,0.0,0.0,16.0,3.0,0.9743147528663494,0.0,0.0,39.71428571428572,0.0,28.0,0.0,0.0,174.0,338.0,20.0,8,1,0.5520661157024793,351.0,175.5,0.0,0.0,0.0,0.0,1
698.0,3.0,0.3540858166488904,0.0,0.0,0.0,0.0,0.0,8.0,2.0,0.5623351446168083,0.0,0.0,37.77777777777778,0.0,0.0,0.0,0.0,58.0,826.0,12.0,8,1,0.5520661157024793,404.1484875636676,350.0,0.0,0.0,0.0,0.0,1
702.0,2.0,0.0351269778519941,0.0,0.0,0.0,0.0,0.0,6.0,2.0,0.6365141682928128,0.0,0.0,35.666666666666664,0.0,0.0,0.0,58.0,58.0,50.0,14.0,9,1,0.5520661157024793,350.3384078287735,525.5,0.0,0.0,0.0,0.0,1
698.0,1.0,-1.000088900581841e-12,0.0,0.0,0.0,0.0,0.0,8.0,2.0,0.6931471805579453,0.0,0.0,34.333333333333336,0.0,0.0,0.0,0.0,0.0,0.0,0.0,9,1,0.5520661157024793,2.3094010767640984,700.0,0.0,0.0,0.0,0.0,1
696.0,2.0,0.0196861043656923,0.0,0.0,0.0,0.0,0.0,26.0,4.0,1.2047933096907844,0.0,0.0,32.5,0.0,0.0,0.0,0.0,58.0,0.0,0.0,10,1,0.5520661157024793,2.516611478428729,698.5,0.0,0.0,0.0,0.0,1
706.0,1.0,-1.000088900581841e-12,0.0,0.0,0.0,0.0,0.0,18.0,1.0,-1.000088900581841e-12,0.0,0.0,30.83333333333333,38.0,0.0,0.0,0.0,0.0,0.0,0.0,10,1,0.5520661157024793,4.43471156521962,700.5,0.0,0.0,0.0,0.0,1
584.0,6.0,0.9712699687012338,0.0,0.0,0.0,0.0,0.0,82.0,7.0,1.6048990552859757,0.0,0.0,27.857142857142858,0.0,0.0,0.0,0.0,464.0,3602.0,156.0,11,1,0.5520661157024793,58.160696923839325,671.0,0.0,0.0,0.0,0.0,1
700.0,3.0,0.7642470794123322,0.0,0.0,0.0,0.0,0.0,48.0,2.0,0.4505612088643047,0.0,0.0,24.5,0.0,0.0,0.0,0.0,174.0,1822.0,30.0,11,1,0.5520661157024793,58.47791605954074,671.5,0.0,0.0,0.0,0.0,1
702.0,3.0,0.4938762005372594,0.0,0.0,0.0,0.0,0.0,66.0,4.0,0.7194778101243595,0.0,0.0,21.714285714285715,0.0,0.0,0.0,0.0,174.0,1078.0,36.0,12,1,0.5520661157024793,59.38574464184728,673.0,0.0,0.0,0.0,0.0,1
706.0,1.0,-1.000088900581841e-12,0.0,0.0,0.0,0.0,0.0,40.0,2.0,0.5004024235361879,0.0,0.0,20.666666666666668,0.0,0.0,0.0,0.0,0.0,0.0,0.0,12,1,0.5520661157024793,59.38574464184728,673.0,0.0,0.0,0.0,0.0,1
526.0,3.0,0.3962376107899702,0.0,0.0,0.0,0.0,0.0,144.0,5.0,0.8158923870983774,0.0,0.0,19.0,18.0,0.0,0.0,0.0,180.0,622.0,48.0,13,1,0.5520661157024793,88.36854644046164,658.5,0.0,0.0,0.0,0.0,1
700.0,1.0,-1.000088900581841e-12,0.0,0.0,0.0,0.0,0.0,8.0,3.0,1.039720770836918,0.0,0.0,17.333333333333332,0.0,0.0,0.0,0.0,0.0,0.0,0.0,13,1,0.5520661157024793,88.36854644046164,658.5,0.0,0.0,0.0,0.0,1
690.0,4.0,0.6986648346691744,0.0,0.0,0.0,0.0,0.0,82.0,7.0,1.4302188814020127,0.0,114.0,29.60869565217392,0.0,0.0,0.0,0.0,120.0,3432.0,40.0,14,1,0.5520661157024793,86.58521813797101,655.5,0.0,0.0,0.0,0.0,1
708.0,5.0,1.0061211724501486,0.0,0.0,0.0,0.0,0.0,98.0,6.0,1.141774816378459,0.0,0.0,40.54166666666666,0.0,0.0,0.0,0.0,234.0,7278.0,10.0,14,1,0.5520661157024793,86.97892465036205,656.0,0.0,0.0,0.0,0.0,1
708.0,5.0,1.0792719264253974,0.0,0.0,0.0,0.0,0.0,58.0,4.0,1.0172276653897323,0.0,0.0,35.23076923076923,0.0,0.0,0.0,0.0,606.0,10748.0,118.0,15,1,0.5520661157024793,8.544003745318898,701.5,0.0,0.0,0.0,0.0,1
710.0,2.0,0.6189879251899683,0.0,0.0,0.0,0.0,0.0,56.0,2.0,0.2573186405418316,0.0,0.0,32.666666666666664,0.0,0.0,0.0,0.0,60.0,190.0,16.0,15,1,0.5520661157024793,9.380831519648105,704.0,0.0,0.0,0.0,0.0,1
704.0,3.0,0.9662747843982404,0.0,0.0,0.0,0.0,0.0,102.0,5.0,1.1147928202430717,0.0,56.0,39.93333333333333,0.0,58.0,0.0,0.0,180.0,300.0,24.0,16,1,0.5520661157024793,2.5166114784282514,707.5,0.0,0.0,0.0,0.0,1
704.0,1.0,-1.000088900581841e-12,0.0,0.0,0.0,0.0,0.0,92.0,6.0,1.128535887155937,0.0,0.0,63.62068965517241,0.0,0.0,0.0,0.0,60.0,0.0,22.0,16,1,0.5520661157024793,3.000000000003922,706.5,0.0,0.0,0.0,0.0,1
702.0,2.0,0.4618438491649407,0.0,0.0,0.0,0.0,0.0,62.0,4.0,1.0283645735006068,0.0,0.0,89.53333333333333,0.0,0.0,0.0,0.0,120.0,50.0,14.0,17,1,0.5520661157024793,3.4641016151411512,705.0,0.0,0.0,0.0,0.0,1
700.0,4.0,0.2586373088493044,0.0,0.0,0.0,0.0,0.0,36.0,6.0,1.6111578173379173,0.0,0.0,99.25,0.0,0.0,0.0,0.0,60.0,288.0,10.0,17,1,0.5520661157024793,1.914854215518846,702.5,0.0,0.0,0.0,0.0,1
696.0,2.0,0.2357327087971018,0.0,0.0,0.0,0.0,0.0,22.0,6.0,1.6417347121815211,0.0,0.0,98.125,0.0,0.0,0.0,0.0,120.0,66.0,10.0,18,1,0.5520661157024793,3.415650255323325,700.5,0.0,0.0,0.0,0.0,1
704.0,3.0,1.0246122538816929,0.0,0.0,0.0,0.0,0.0,42.0,3.0,0.8324075743444854,0.0,0.0,96.0,0.0,0.0,0.0,0.0,240.0,742.0,70.0,18,1,0.5520661157024793,3.415650255323325,700.5,0.0,0.0,0.0,0.0,1
700.0,1.0,-1.000088900581841e-12,0.0,0.0,0.0,0.0,0.0,12.0,2.0,0.6365141682928128,0.0,0.0,94.16666666666669,0.0,0.0,0.0,0.0,60.0,0.0,0.0,19,1,0.5520661157024793,3.2659863237145217,700.0,0.0,0.0,0.0,0.0,1
696.0,3.0,0.7604995203744674,0.0,0.0,0.0,0.0,0.0,12.0,2.0,0.6365141682928128,0.0,0.0,93.16666666666669,0.0,0.0,0.0,0.0,180.0,210.0,18.0,19,1,0.5520661157024793,3.8297084310284375,699.0,0.0,0.0,0.0,0.0,1
704.0,2.0,0.0863062523422877,0.0,0.0,0.0,0.0,0.0,4.0,1.0,-1.000088900581841e-12,0.0,0.0,91.5,0.0,0.0,0.0,0.0,118.0,124.0,18.0,20,1,0.5520661157024793,3.8297084310284375,701.0,0.0,0.0,0.0,0.0,1
692.0,5.0,0.8313687337875648,0.0,0.0,0.0,0.0,0.0,116.0,5.0,1.1230946314177777,0.0,0.0,88.33333333333333,0.0,0.0,0.0,0.0,360.0,8674.0,94.0,20,1,0.5520661157024793,5.16397779494551,698.0,0.0,0.0,0.0,0.0,1
706.0,4.0,0.8934389816331382,0.0,0.0,0.0,0.0,0.0,16.0,3.0,0.9002560512655369,0.0,0.0,84.58333333333333,0.0,0.0,0.0,0.0,60.0,5180.0,6.0,21,0,0.5520661157024793,6.608075867201453,699.5,0.0,0.0,0.0,0.0,1
694.0,2.0,0.0496804946351953,0.0,0.0,0.0,0.0,0.0,16.0,4.0,1.3862943611158909,0.0,0.0,82.71428571428571,0.0,0.0,0.0,0.0,60.0,98.0,16.0,21,0,0.5520661157024793,7.023769168570169,699.0,0.0,0.0,0.0,0.0,1
694.0,1.0,-1.000088900581841e-12,0.0,0.0,0.0,0.0,0.0,2.0,1.0,-1.000088900581841e-12,0.0,0.0,81.33333333333333,0.0,0.0,0.0,0.0,0.0,0.0,0.0,22,0,0.5520661157024793,6.403124237434695,696.5,0.0,0.0,0.0,0.0,1
560.0,1.0,-1.000088900581841e-12,0.0,0.0,0.0,0.0,0.0,8.0,2.0,0.6931471805579453,0.0,0.0,80.33333333333333,32.0,0.0,0.0,0.0,0.0,0.0,0.0,22,0,0.5520661157024793,69.23149572268407,663.5,0.0,0.0,0.0,0.0,1
0.0,0.0,0.0,0.0,0.0,0.0,0.0,0.0,0.0,0.0,0.0,0.0,0.0,80.0,0.0,0.0,0.0,0.0,0.0,0.0,0.0,23,0,0.5520661157024793,330.7546925844994,487.0,0.0,0.0,0.0,0.0,1
278.0,3.0,0.6288824644524584,0.0,0.0,0.0,0.0,0.0,16.0,5.0,1.559581156254877,2.0,0.0,78.875,38.0,0.0,0.0,32.0,60.0,660.0,32.0,23,0,0.5520661157024793,308.6335475392568,383.0,0.0,0.0,0.0,0.0,1
0.0,0.0,0.0,0.0,0.0,0.0,0.0,0.0,0.0,0.0,0.0,0.0,0.0,76.0,0.0,0.0,0.0,0.0,0.0,0.0,0.0,7,0,0.5520661157024793,0.0,0.0,0.0,0.0,0.0,0.0,2
0.0,0.0,0.0,0.0,0.0,0.0,0.0,0.0,4.0,1.0,-1.000088900581841e-12,0.0,0.0,75.5,0.0,0.0,0.0,0.0,0.0,0.0,0.0,7,0,0.5520661157024793,0.0,0.0,0.0,0.0,0.0,0.0,2
712.0,1.0,-1.000088900581841e-12,0.0,0.0,0.0,0.0,0.0,8.0,1.0,-1.000088900581841e-12,0.0,0.0,75.0,0.0,0.0,0.0,0.0,60.0,0.0,0.0,8,1,0.5520661157024793,356.00000000000006,178.0,0.0,0.0,0.0,0.0,1
692.0,5.0,0.8071841619935375,0.0,42.0,0.0,0.0,0.0,234.0,8.0,1.00423963297744,0.0,0.0,73.0,0.0,34.0,0.0,0.0,120.0,1528.0,32.0,8,1,0.5520661157024793,405.38212425644366,351.0,21.0,10.5,0.0,0.0,1
674.0,4.0,0.2694424125564268,0.0,0.0,0.0,0.0,0.0,650.0,4.0,0.3505481030664725,0.0,0.0,66.71428571428571,0.0,0.0,0.0,0.0,300.0,552.0,74.0,9,1,0.5520661157024793,346.68092919378574,519.5,21.0,10.5,0.0,0.0,1
680.0,1.0,-1.000088900581841e-12,0.0,0.0,0.0,0.0,0.0,118.0,5.0,0.6619616321747706,0.0,0.0,62.5,0.0,0.0,0.0,0.0,120.0,0.0,20.0,9,1,0.5520661157024793,16.763054614241558,689.5,21.0,10.5,0.0,0.0,1
694.0,2.0,0.0197345316164079,0.0,0.0,0.0,0.0,0.0,10.0,2.0,0.5004024235361879,0.0,0.0,61.0,0.0,0.0,0.0,0.0,60.0,0.0,0.0,10,1,0.5520661157024793,9.591663046627794,685.0,21.0,10.5,0.0,0.0,1
698.0,1.0,-1.000088900581841e-12,0.0,0.0,0.0,0.0,0.0,0.0,0.0,0.0,0.0,0.0,60.16666666666666,46.0,0.0,0.0,0.0,0.0,0.0,0.0,10,1,0.5520661157024793,11.357816691602538,686.5,0.0,0.0,0.0,0.0,1
88.0,4.0,0.8239957952888218,0.0,0.0,0.0,0.0,0.0,24.0,5.0,1.5607104090364066,0.0,0.0,59.66666666666666,0.0,0.0,0.0,0.0,60.0,542.0,16.0,11,1,0.5520661157024793,301.43213719398494,540.0,0.0,0.0,0.0,0.0,1
686.0,1.0,-1.000088900581841e-12,0.0,0.0,0.0,0.0,0.0,2.0,1.0,-1.000088900581841e-12,0.0,0.0,58.0,0.0,0.0,0.0,0.0,0.0,0.0,0.0,11,1,0.5520661157024793,302.3744918694918,541.5,0.0,0.0,0.0,0.0,1
656.0,1.0,-1.000088900581841e-12,0.0,0.0,0.0,0.0,0.0,0.0,0.0,0.0,0.0,0.0,57.66666666666666,26.0,0.0,0.0,0.0,0.0,0.0,0.0,12,1,0.5520661157024793,296.5265586756101,532.0,0.0,0.0,0.0,0.0,1
300.0,2.0,0.416883242390296,0.0,0.0,0.0,0.0,0.0,62.0,5.0,1.2989403159796866,0.0,0.0,56.333333333333336,0.0,0.0,0.0,0.0,180.0,4502.0,50.0,12,1,0.5520661157024793,288.93540223840125,432.5,0.0,0.0,0.0,0.0,1
690.0,5.0,0.8472053848584921,0.0,0.0,0.0,0.0,0.0,18.0,4.0,1.002718264513516,0.0,0.0,53.45454545454545,0.0,0.0,0.0,0.0,120.0,3794.0,12.0,13,1,0.5520661157024793,189.27581285873103,583.0,0.0,0.0,0.0,0.0,1
708.0,4.0,0.6806393735448671,0.0,0.0,0.0,0.0,0.0,22.0,6.0,1.6417347121815211,0.0,0.0,46.68,0.0,0.0,0.0,0.0,0.0,8340.0,0.0,13,1,0.5520661157024793,193.53810994220245,588.5,0.0,0.0,0.0,0.0,1
694.0,1.0,-1.000088900581841e-12,0.0,0.0,0.0,0.0,0.0,2.0,1.0,-1.000088900581841e-12,0.0,0.0,42.0,0.0,0.0,0.0,0.0,0.0,0.0,0.0,14,1,0.5520661157024793,198.8164983093708,598.0,0.0,0.0,0.0,0.0,1
702.0,3.0,0.2114183059931479,0.0,0.0,0.0,0.0,0.0,42.0,8.0,1.9513496062440656,0.0,0.0,41.5,0.0,0.0,0.0,0.0,60.0,368.0,10.0,14,1,0.5520661157024793,8.062257748301054,698.5,0.0,0.0,0.0,0.0,1
704.0,4.0,0.2336224034416144,0.0,0.0,0.0,0.0,0.0,58.0,6.0,1.5333465609809136,0.0,0.0,39.71428571428572,0.0,0.0,0.0,0.0,180.0,1096.0,14.0,15,1,0.5520661157024793,5.887840577555315,702.0,0.0,0.0,0.0,0.0,2
700.0,5.0,0.8384095115295525,0.0,0.0,0.0,0.0,0.0,36.0,4.0,1.211044016776123,0.0,0.0,36.8,0.0,0.0,0.0,0.0,240.0,1558.0,74.0,15,1,0.5520661157024793,4.320493798943232,700.0,0.0,0.0,0.0,0.0,1
702.0,3.0,0.7352567776710083,0.0,0.0,0.0,0.0,0.0,42.0,4.0,1.1375610820499094,0.0,0.0,34.57142857142857,0.0,0.0,0.0,60.0,248.0,146.0,18.0,16,1,0.5520661157024793,1.6329931618677744,702.0,0.0,0.0,0.0,0.0,1
702.0,3.0,0.8344334259229923,0.0,0.0,0.0,0.0,0.0,14.0,3.0,0.9556998911095343,0.0,0.0,32.666666666666664,0.0,0.0,0.0,0.0,124.0,2016.0,26.0,16,1,0.5520661157024793,1.6329931618677744,702.0,0.0,0.0,0.0,0.0,1
708.0,7.0,1.407254161600365,0.0,0.0,0.0,0.0,0.0,36.0,3.0,0.900908873222472,0.0,0.0,28.0,0.0,0.0,0.0,0.0,620.0,9806.0,140.0,17,1,0.5520661157024793,3.464101615143558,703.0,0.0,0.0,0.0,0.0,1
700.0,4.0,0.6659858407225464,0.0,0.0,0.0,0.0,0.0,66.0,4.0,0.8752772402517386,0.0,62.0,33.37931034482759,0.0,0.0,0.0,0.0,124.0,2660.0,20.0,17,1,0.5520661157024793,3.464101615143558,703.0,0.0,0.0,0.0,0.0,1
710.0,3.0,0.5784464911992201,0.0,0.0,0.0,0.0,0.0,60.0,4.0,1.077573372888197,0.0,0.0,58.03846153846154,0.0,0.0,0.0,0.0,186.0,1266.0,76.0,18,1,0.5520661157024793,4.760952285699448,705.0,0.0,0.0,0.0,0.0,1
702.0,2.0,0.2342735910544917,0.0,0.0,0.0,0.0,0.0,38.0,3.0,0.8246593237634705,0.0,0.0,63.0,0.0,0.0,0.0,0.0,124.0,246.0,48.0,18,1,0.5520661157024793,4.760952285699448,705.0,0.0,0.0,0.0,0.0,2
700.0,1.0,-1.000088900581841e-12,0.0,0.0,0.0,0.0,0.0,20.0,4.0,1.2206072645490174,0.0,0.0,62.66666666666666,0.0,0.0,0.0,0.0,186.0,154.0,8.0,19,1,0.5520661157024793,4.760952285699448,703.0,0.0,0.0,0.0,0.0,2
706.0,5.0,1.1487792412123348,0.0,0.0,0.0,0.0,0.0,44.0,3.0,0.8367742263788625,0.0,0.0,58.625,0.0,0.0,0.0,0.0,434.0,4196.0,122.0,19,1,0.5520661157024793,4.434711565221215,704.5,0.0,0.0,0.0,0.0,2
702.0,1.0,-1.000088900581841e-12,0.0,0.0,0.0,0.0,0.0,18.0,2.0,0.5297061990556545,0.0,0.0,56.333333333333336,0.0,0.0,0.0,0.0,0.0,0.0,0.0,20,1,0.5520661157024793,2.5166114784315416,702.5,0.0,0.0,0.0,0.0,1
700.0,3.0,0.4222282286386972,0.0,0.0,0.0,0.0,0.0,234.0,4.0,0.8292058154703573,0.0,0.0,55.0,0.0,0.0,0.0,0.0,186.0,8136.0,56.0,20,1,0.5520661157024793,2.828427124753268,702.0,0.0,0.0,0.0,0.0,1
698.0,4.0,0.6374612703958482,0.0,0.0,0.0,0.0,0.0,48.0,6.0,1.6510862481199602,0.0,0.0,52.72727272727273,0.0,0.0,0.0,0.0,310.0,2908.0,48.0,21,0,0.5520661157024793,3.415650255325724,701.5,0.0,0.0,0.0,0.0,1
702.0,2.0,0.0492127196817535,0.0,0.0,0.0,0.0,0.0,10.0,3.0,1.054920167983144,0.0,0.0,51.0,0.0,0.0,0.0,0.0,124.0,126.0,36.0,21,0,0.5520661157024793,1.9148542155231247,700.5,0.0,0.0,0.0,0.0,1
702.0,5.0,0.9921730954834084,0.0,0.0,0.0,0.0,0.0,70.0,4.0,0.9650770991050096,0.0,0.0,48.642857142857146,0.0,0.0,0.0,0.0,126.0,15896.0,32.0,22,0,0.5520661157024793,1.9148542155231247,700.5,0.0,0.0,0.0,0.0,1
704.0,5.0,1.2390491654259566,0.0,0.0,0.0,0.0,0.0,64.0,4.0,1.2281058514641363,0.0,0.0,44.81818181818182,0.0,0.0,22.0,0.0,256.0,5420.0,92.0,22,0,0.5520661157024793,2.5166114784315416,701.5,0.0,0.0,0.0,0.0,1
700.0,4.0,0.1477633391889102,0.0,0.0,0.0,0.0,0.0,42.0,4.0,1.2736474290325024,0.0,0.0,43.833333333333336,0.0,0.0,0.0,0.0,64.0,228.0,14.0,23,0,0.5520661157024793,1.6329931618677225,702.0,0.0,0.0,0.0,0.0,1
702.0,3.0,0.0842906468329603,0.0,0.0,0.0,0.0,0.0,18.0,4.0,1.3689223607362195,0.0,0.0,42.5,0.0,0.0,0.0,0.0,190.0,88.0,22.0,23,0,0.5520661157024793,1.6329931618677225,702.0,0.0,0.0,0.0,0.0,1
708.0,3.0,0.2517306671302098,0.0,32.0,0.0,0.0,0.0,18.0,2.0,0.6365141682928128,4.0,0.0,41.5,0.0,0.0,0.0,0.0,192.0,746.0,62.0,0,0,0.5520661157024793,3.4156502553257324,703.5,16.0,8.0,0.0,0.0,1
0.0,0.0,0.0,0.0,0.0,0.0,0.0,0.0,4.0,1.0,-1.000088900581841e-12,0.0,0.0,39.0,0.0,0.0,0.0,0.0,0.0,0.0,0.0,7,0,0.5520661157024793,0.0,0.0,0.0,0.0,0.0,0.0,1
712.0,1.0,-1.000088900581841e-12,0.0,0.0,0.0,0.0,0.0,8.0,1.0,-1.000088900581841e-12,0.0,0.0,39.0,0.0,0.0,0.0,0.0,64.0,0.0,0.0,8,1,0.5520661157024793,356.0,178.0,0.0,0.0,0.0,0.0,1
714.0,1.0,-1.000088900581841e-12,0.0,0.0,0.0,0.0,0.0,2.0,1.0,-1.000088900581841e-12,0.0,0.0,38.0,36.0,0.0,0.0,0.0,0.0,0.0,0.0,8,1,0.5520661157024793,411.65155167932994,356.5,0.0,0.0,0.0,0.0,1
2.0,1.0,-1.000088900581841e-12,0.0,0.0,0.0,0.0,0.0,0.0,0.0,0.0,0.0,0.0,38.0,0.0,0.0,0.0,0.0,64.0,0.0,0.0,9,1,0.5520661157024793,411.0750134302335,357.0,0.0,0.0,0.0,0.0,1
0.0,0.0,0.0,0.0,0.0,0.0,0.0,0.0,4.0,1.0,-1.000088900581841e-12,0.0,0.0,38.0,0.0,0.0,0.0,0.0,0.0,0.0,0.0,9,1,0.5520661157024793,411.0750134302335,357.0,0.0,0.0,0.0,0.0,1
670.0,4.0,0.7942358303794245,0.0,24.0,0.0,0.0,0.0,98.0,10.0,2.038435977963255,0.0,0.0,34.666666666666664,0.0,48.0,0.0,0.0,256.0,2310.0,32.0,10,1,0.5520661157024793,399.3540617881164,346.5,12.0,6.0,0.0,0.0,1
704.0,3.0,0.5591846558529974,0.0,0.0,0.0,0.0,0.0,22.0,3.0,0.9164648855364712,0.0,0.0,31.75,0.0,0.0,0.0,0.0,256.0,3220.0,54.0,10,1,0.5520661157024793,396.30627886354097,344.0,12.0,6.0,0.0,0.0,1
702.0,3.0,0.7230267853884096,0.0,0.0,0.0,0.0,0.0,74.0,5.0,0.9559542497698555,0.0,0.0,28.285714285714285,0.0,0.0,0.0,24.0,320.0,246.0,60.0,11,1,0.5520661157024793,346.35049684772605,519.0,12.0,6.0,0.0,0.0,1
698.0,5.0,0.9592353404095778,0.0,0.0,0.0,0.0,0.0,172.0,5.0,1.0181355022971703,0.0,0.0,23.5,0.0,0.0,0.0,0.0,318.0,3514.0,38.0,11,1,0.5520661157024793,15.864005379055005,693.5,12.0,6.0,0.0,0.0,1
704.0,5.0,0.5291509927391996,0.0,0.0,0.0,0.0,0.0,54.0,4.0,0.7544627023219549,0.0,0.0,18.666666666666668,0.0,0.0,0.0,0.0,192.0,1516.0,22.0,12,1,0.5520661157024793,2.8284271247495663,702.0,0.0,0.0,0.0,0.0,1
472.0,1.0,-1.000088900581841e-12,0.0,0.0,0.0,0.0,0.0,76.0,2.0,0.6016797549112552,0.0,116.0,16.0,0.0,0.0,0.0,0.0,124.0,0.0,12.0,12,1,0.5520661157024793,114.6937952404867,644.0,0.0,0.0,0.0,0.0,2
610.0,1.0,-1.000088900581841e-12,0.0,0.0,0.0,0.0,0.0,56.0,2.0,0.5195798391285155,0.0,0.0,30.95238095238096,0.0,0.0,0.0,0.0,192.0,0.0,0.0,13,1,0.5520661157024793,108.22815406969367,621.0,0.0,0.0,0.0,0.0,2
704.0,5.0,0.8242899423931335,0.0,0.0,0.0,0.0,0.0,88.0,5.0,1.2505305164844152,0.0,0.0,37.23076923076923,0.0,64.0,0.0,0.0,256.0,1556.0,30.0,13,1,0.5520661157024793,109.68287620833688,622.5,0.0,0.0,0.0,0.0,2
688.0,2.0,0.0357243130791575,0.0,0.0,0.0,0.0,0.0,92.0,5.0,1.2438794268222304,0.0,56.0,43.71428571428572,0.0,0.0,0.0,0.0,64.0,72.0,22.0,14,1,0.5520661157024793,105.94810050208557,618.5,0.0,0.0,0.0,0.0,2
680.0,1.0,-1.000088900581841e-12,0.0,0.0,0.0,0.0,0.0,672.0,7.0,0.6541048245013843,0.0,0.0,66.3,0.0,0.0,0.0,0.0,0.0,0.0,0.0,14,1,0.5520661157024793,41.549167661137965,670.5,0.0,0.0,0.0,0.0,2
350.0,1.0,-1.000088900581841e-12,0.0,0.0,0.0,0.0,0.0,236.0,5.0,0.742094505402569,0.0,0.0,89.76666666666667,0.0,0.0,0.0,0.0,0.0,0.0,0.0,15,1,0.5520661157024793,170.62532051251952,605.5,0.0,0.0,0.0,0.0,2
38.0,3.0,0.8628578006343905,0.0,0.0,0.0,0.0,0.0,282.0,6.0,0.4122696708547894,0.0,0.0,98.875,0.0,80.0,0.0,72.0,64.0,128.0,12.0,15,1,0.5520661157024793,310.2708494203089,439.0,0.0,0.0,0.0,0.0,2
338.0,1.0,-1.000088900581841e-12,0.0,0.0,0.0,0.0,0.0,52.0,8.0,1.8740376575719744,0.0,0.0,96.75,0.0,2.0,0.0,2.0,2.0,4.0,2.0,17,1,0.5520661157024793,262.2841970077496,351.5,0.0,0.0,0.0,0.0,2
698.0,2.0,0.3064317754706587,0.0,0.0,0.0,0.0,0.0,48.0,6.0,1.570775932694228,0.0,0.0,95.16666666666669,0.0,0.0,0.0,0.0,2.0,22.0,2.0,17,1,0.5520661157024793,269.84439960836687,356.0,0.0,0.0,0.0,0.0,2
710.0,4.0,1.0424112165578283,0.0,0.0,0.0,0.0,0.0,42.0,5.0,1.3539271910508293,0.0,0.0,92.66666666666669,0.0,0.0,0.0,0.0,2.0,578.0,2.0,18,1,0.5520661157024793,322.1428254672141,446.0,0.0,0.0,0.0,0.0,2
700.0,5.0,0.8527855890755411,0.0,0.0,0.0,0.0,0.0,34.0,3.0,0.9718487712328766,0.0,0.0,89.57142857142857,0.0,0.0,0.0,0.0,6.0,258.0,6.0,18,1,0.5520661157024793,182.40888136272312,611.5,0.0,0.0,0.0,0.0,2
706.0,5.0,1.3646307807653033,0.0,0.0,0.0,0.0,0.0,46.0,6.0,1.653929503462508,0.0,0.0,88.0,0.0,0.0,0.0,2.0,20.0,26.0,6.0,19,1,0.5520661157024793,5.507570547286251,703.5,0.0,0.0,0.0,0.0,2
708.0,4.0,1.0001366159674236,0.0,42.0,0.0,0.0,0.0,54.0,4.0,1.10592899961026,0.0,0.0,86.33333333333333,0.0,0.0,0.0,0.0,6.0,64.0,6.0,19,1,0.5520661157024793,4.320493798938753,706.0,21.0,10.5,0.0,0.0,2
700.0,5.0,0.7507270531618708,0.0,42.0,0.0,0.0,0.0,62.0,6.0,1.3523877664841293,0.0,0.0,82.55555555555556,0.0,0.0,0.0,0.0,6.0,350.0,2.0,20,1,0.5520661157024793,4.123105625617837,703.5,24.24871130596428,21.0,0.0,0.0,3
706.0,4.0,0.7131722898412582,0.0,0.0,0.0,0.0,0.0,28.0,4.0,1.3013055504329103,0.0,0.0,79.2,0.0,2.0,0.0,0.0,8.0,290.0,4.0,20,1,0.5520661157024793,3.4641016151379733,705.0,24.24871130596428,21.0,0.0,0.0,3
704.0,4.0,0.7122190036452425,0.0,0.0,0.0,0.0,0.0,38.0,5.0,1.04354790709619,0.0,0.0,76.8,0.0,0.0,0.0,0.0,0.0,822.0,0.0,21,0,0.5520661157024793,3.4156502553200854,704.5,24.24871130596428,21.0,0.0,0.0,3
714.0,5.0,1.0227920215195427,0.0,0.0,0.0,0.0,0.0,212.0,4.0,0.6840756668555839,0.0,0.0,70.72727272727273,0.0,0.0,0.0,0.0,2.0,124.0,2.0,21,0,0.5520661157024793,5.88784057755202,706.0,21.0,10.5,0.0,0.0,2
696.0,2.0,0.4459065228372052,0.0,0.0,0.0,0.0,0.0,306.0,5.0,0.7879068374356206,0.0,0.0,65.33333333333333,0.0,0.0,0.0,0.0,4.0,78.0,2.0,22,0,0.5520661157024793,7.393691004273042,705.0,0.0,0.0,0.0,0.0,2
706.0,6.0,1.4010637479062424,0.0,0.0,0.0,0.0,0.0,46.0,5.0,1.3488557482463723,0.0,0.0,62.23076923076923,0.0,0.0,0.0,0.0,8.0,800.0,8.0,22,0,0.5520661157024793,7.393691004273042,705.0,0.0,0.0,0.0,0.0,1
696.0,6.0,1.177140451811084,0.0,0.0,0.0,0.0,0.0,48.0,3.0,1.039720770836918,0.0,0.0,59.142857142857146,0.0,0.0,2.0,0.0,8.0,72.0,6.0,23,0,0.5520661157024793,8.717797887081435,703.0,0.0,0.0,0.0,0.0,1
696.0,2.0,0.0495626500545908,0.0,0.0,0.0,0.0,0.0,12.0,2.0,0.6365141682928128,0.0,0.0,58.0,0.0,0.0,0.0,0.0,2.0,10.0,2.0,23,0,0.5520661157024793,5.000000000000169,698.5,0.0,0.0,0.0,0.0,1
704.0,1.0,-1.000088900581841e-12,0.0,0.0,0.0,0.0,0.0,30.0,4.0,1.2454410537577745,0.0,0.0,57.0,0.0,0.0,0.0,0.0,4.0,0.0,2.0,0,0,0.5520661157024793,5.25991127935332,700.5,0.0,0.0,0.0,0.0,1
710.0,2.0,0.1922469739178778,0.0,0.0,0.0,0.0,0.0,122.0,2.0,0.6438222353721419,0.0,0.0,54.5,0.0,0.0,0.0,0.0,22.0,1130.0,20.0,0,0,0.5520661157024793,6.806859285554167,701.5,0.0,0.0,0.0,0.0,1
700.0,5.0,0.7162971730836998,0.0,0.0,0.0,0.0,0.0,48.0,6.0,1.628617446490074,2.0,0.0,51.07142857142857,0.0,2.0,0.0,2.0,18.0,706.0,8.0,1,0,0.5520661157024793,5.972157622389774,702.5,0.0,0.0,0.0,0.0,1
0.0,0.0,0.0,0.0,0.0,0.0,0.0,0.0,6.0,2.0,0.6365141682928128,0.0,0.0,48.0,0.0,0.0,0.0,0.0,0.0,0.0,0.0,7,0,0.5520661157024793,0.0,0.0,0.0,0.0,0.0,0.0,2
688.0,5.0,0.4645549122499408,0.0,2.0,0.0,0.0,0.0,48.0,9.0,2.015164776481797,0.0,0.0,47.22222222222222,0.0,2.0,0.0,0.0,4.0,206.0,2.0,8,1,0.5520661157024793,344.0,172.0,1.0,0.5,0.0,0.0,2
706.0,7.0,1.347602231370306,0.0,0.0,0.0,0.0,0.0,38.0,5.0,1.5590869899011883,0.0,0.0,43.523809523809526,0.0,0.0,0.0,0.0,8.0,1044.0,8.0,8,1,0.5520661157024793,402.48022725760495,348.5,1.0,0.5,0.0,0.0,2
708.0,7.0,1.4299848017420729,0.0,0.0,0.0,0.0,0.0,74.0,6.0,1.5028264433662952,0.0,0.0,37.04545454545455,0.0,0.0,0.0,0.0,8.0,2766.0,8.0,9,1,0.5520661157024793,350.448759925518,525.5,1.0,0.5,0.0,0.0,2
704.0,2.0,0.158067601593334,0.0,0.0,0.0,0.0,0.0,82.0,5.0,1.3171688436115432,0.0,0.0,32.55555555555556,0.0,0.0,0.0,0.0,8.0,110.0,8.0,9,1,0.5520661157024793,9.146948489342911,701.5,1.0,0.5,0.0,0.0,2
700.0,1.0,-1.000088900581841e-12,0.0,0.0,0.0,0.0,0.0,34.0,4.0,1.0710178890204567,0.0,0.0,30.5,0.0,0.0,0.0,0.0,4.0,0.0,0.0,10,1,0.5520661157024793,3.4156502553236576,704.5,0.0,0.0,0.0,0.0,2
704.0,1.0,-1.000088900581841e-12,0.0,0.0,0.0,0.0,0.0,14.0,2.0,0.6829081046984717,0.0,0.0,28.83333333333333,4.0,0.0,0.0,0.0,0.0,0.0,0.0,10,1,0.5520661157024793,3.2659863237148694,704.0,0.0,0.0,0.0,0.0,2
2.0,1.0,-1.000088900581841e-12,0.0,0.0,0.0,0.0,0.0,24.0,1.0,-1.000088900581841e-12,0.0,0.0,27.83333333333333,0.0,0.0,0.0,0.0,4.0,0.0,0.0,11,1,0.5520661157024793,350.3384078287735,527.5,0.0,0.0,0.0,0.0,2
74.0,3.0,0.785087528621629,0.0,0.0,0.0,0.0,0.0,38.0,6.0,1.6489915882884807,0.0,0.0,26.666666666666668,4.0,0.0,0.0,0.0,4.0,100.0,4.0,11,1,0.5520661157024793,384.4892716318623,370.0,0.0,0.0,0.0,0.0,1
700.0,1.0,-1.000088900581841e-12,0.0,0.0,0.0,0.0,0.0,22.0,3.0,0.9949236325687753,0.0,0.0,24.666666666666668,0.0,0.0,0.0,0.0,0.0,0.0,0.0,12,1,0.5520661157024793,384.4892716318623,370.0,0.0,0.0,0.0,0.0,1
668.0,1.0,-1.000088900581841e-12,0.0,0.0,0.0,0.0,0.0,16.0,2.0,0.3767701612544368,0.0,0.0,23.5,0.0,0.0,0.0,0.0,0.0,0.0,0.0,12,1,0.5520661157024793,374.3527747993863,361.0,0.0,0.0,0.0,0.0,1
0.0,0.0,0.0,0.0,0.0,0.0,0.0,0.0,38.0,1.0,-1.000088900581841e-12,0.0,0.0,22.666666666666668,4.0,0.0,0.0,0.0,4.0,0.0,0.0,13,1,0.5520661157024793,374.9928888214638,360.5,0.0,0.0,0.0,0.0,1
696.0,7.0,0.3344828649993151,0.0,0.0,0.0,0.0,0.0,52.0,8.0,1.8620840407699104,0.0,0.0,21.0,0.0,0.0,0.0,0.0,4.0,150.0,2.0,13,1,0.5520661157024793,344.2944476268339,516.0,0.0,0.0,0.0,0.0,1
700.0,2.0,0.5543509810870999,0.0,0.0,0.0,0.0,0.0,30.0,4.0,1.2454410537577745,0.0,6.0,21.5,0.0,0.0,0.0,0.0,18.0,44.0,10.0,14,1,0.5520661157024793,344.2944476268339,516.0,0.0,0.0,0.0,0.0,1
694.0,1.0,-1.000088900581841e-12,0.0,0.0,0.0,0.0,0.0,318.0,6.0,0.9030227387971168,0.0,0.0,40.9,0.0,0.0,0.0,0.0,0.0,0.0,0.0,14,1,0.5520661157024793,348.3422646382913,522.5,0.0,0.0,0.0,0.0,1
700.0,5.0,0.2188277424819844,0.0,0.0,0.0,0.0,0.0,146.0,6.0,1.0057712997637516,0.0,0.0,55.333333333333336,0.0,0.0,0.0,0.0,30.0,152.0,12.0,15,1,0.5520661157024793,3.000000000007551,697.5,0.0,0.0,0.0,0.0,1
706.0,1.0,-1.000088900581841e-12,0.0,0.0,0.0,0.0,0.0,52.0,1.0,-1.000088900581841e-12,0.0,0.0,55.0,0.0,0.0,0.0,0.0,0.0,0.0,0.0,15,1,0.5520661157024793,4.89897948557098,700.0,0.0,0.0,0.0,0.0,2
378.0,1.0,-1.000088900581841e-12,0.0,0.0,0.0,0.0,0.0,8.0,2.0,0.5623351446168083,0.0,0.0,55.0,6.0,0.0,0.0,0.0,0.0,0.0,0.0,16,1,0.5520661157024793,161.0745169168607,619.5,0.0,0.0,0.0,0.0,2
0.0,0.0,0.0,0.0,0.0,0.0,0.0,0.0,2.0,1.0,-1.000088900581841e-12,0.0,0.0,55.0,0.0,0.0,0.0,0.0,0.0,0.0,0.0,16,1,0.5520661157024793,334.4926506417344,446.0,0.0,0.0,0.0,0.0,1
0.0,0.0,0.0,0.0,0.0,0.0,0.0,0.0,10.0,3.0,1.054920167983144,0.0,0.0,54.16666666666666,6.0,0.0,0.0,0.0,0.0,0.0,0.0,17,1,0.5520661157024793,340.370386490952,271.0,0.0,0.0,0.0,0.0,1
0.0,0.0,0.0,0.0,0.0,0.0,0.0,0.0,0.0,0.0,0.0,0.0,0.0,54.0,0.0,0.0,0.0,0.0,0.0,0.0,0.0,17,1,0.5520661157024793,189.00000000000009,94.5,0.0,0.0,0.0,0.0,1
0.0,0.0,0.0,0.0,0.0,0.0,0.0,0.0,2.0,1.0,-1.000088900581841e-12,0.0,0.0,53.0,0.0,0.0,0.0,0.0,0.0,0.0,0.0,18,1,0.5520661157024793,0.0,0.0,0.0,0.0,0.0,0.0,1
0.0,0.0,0.0,0.0,0.0,0.0,0.0,0.0,30.0,2.0,0.6730116670072565,0.0,0.0,52.66666666666666,0.0,0.0,0.0,0.0,0.0,0.0,0.0,18,1,0.5520661157024793,0.0,0.0,0.0,0.0,0.0,0.0,1
0.0,0.0,0.0,0.0,0.0,0.0,0.0,0.0,10.0,2.0,0.6730116670072565,0.0,0.0,51.333333333333336,4.0,0.0,0.0,0.0,0.0,0.0,0.0,19,1,0.5520661157024793,0.0,0.0,0.0,0.0,0.0,0.0,2
402.0,7.0,1.0461449102356477,0.0,0.0,0.0,0.0,0.0,68.0,8.0,1.8971354673388183,0.0,6.0,50.71428571428572,0.0,0.0,0.0,0.0,12.0,1004.0,8.0,19,1,0.5520661157024793,201.00000000000009,100.5,0.0,0.0,0.0,0.0,2
702.0,1.0,-1.000088900581841e-12,0.0,0.0,0.0,0.0,0.0,94.0,6.0,1.1311232683053336,0.0,0.0,70.6,0.0,0.0,0.0,0.0,6.0,8.0,4.0,20,1,0.5520661157024793,341.4205617709631,276.0,0.0,0.0,0.0,0.0,1
704.0,5.0,0.9538387052427888,0.0,0.0,0.0,0.0,0.0,52.0,5.0,1.438882950211986,0.0,0.0,88.35714285714286,0.0,0.0,0.0,0.0,60.0,732.0,12.0,20,1,0.5520661157024793,333.070563094369,452.0,0.0,0.0,0.0,0.0,1
706.0,4.0,0.5071479188632141,0.0,0.0,0.0,0.0,0.0,42.0,5.0,1.487870341267239,0.0,0.0,88.0,0.0,0.0,0.0,6.0,36.0,310.0,16.0,21,0,0.5520661157024793,151.00882976391387,628.5,0.0,0.0,0.0,0.0,2
696.0,4.0,0.7930992325558285,0.0,0.0,0.0,0.0,0.0,160.0,5.0,1.1287879800484852,0.0,0.0,86.33333333333333,0.0,10.0,0.0,6.0,18.0,34.0,8.0,21,0,0.5520661157024793,4.320493798944187,702.0,0.0,0.0,0.0,0.0,1
704.0,1.0,-1.000088900581841e-12,0.0,0.0,0.0,0.0,0.0,12.0,2.0,0.4505612088643047,0.0,0.0,85.5,0.0,0.0,0.0,0.0,0.0,0.0,0.0,22,0,0.5520661157024793,4.434711565222159,702.5,0.0,0.0,0.0,0.0,1
298.0,1.0,-1.000088900581841e-12,0.0,0.0,0.0,0.0,0.0,32.0,3.0,0.8314025204926376,0.0,0.0,85.0,4.0,0.0,4.0,0.0,0.0,0.0,0.0,22,0,0.5520661157024793,202.0461993373464,601.0,0.0,0.0,0.0,0.0,1
0.0,0.0,0.0,0.0,0.0,0.0,0.0,0.0,16.0,3.0,1.0821955300357673,0.0,0.0,84.0,0.0,0.0,0.0,0.0,0.0,0.0,0.0,23,0,0.5520661157024793,340.60485414431,424.5,0.0,0.0,0.0,0.0,1
0.0,0.0,0.0,0.0,0.0,0.0,0.0,0.0,18.0,2.0,0.3488320958410319,0.0,0.0,83.5,6.0,0.0,0.0,0.0,0.0,0.0,0.0,23,0,0.5520661157024793,333.37616391497863,250.5,0.0,0.0,0.0,0.0,1
622.0,3.0,0.0760048241528455,0.0,0.0,0.0,0.0,0.0,50.0,4.0,0.9595801042372,0.0,0.0,81.875,0.0,0.0,0.0,0.0,6.0,328.0,6.0,0,0,0.5520661157024793,296.6973766876501,230.0,0.0,0.0,0.0,0.0,1
704.0,1.0,-1.000088900581841e-12,0.0,0.0,0.0,0.0,0.0,0.0,0.0,0.0,0.0,0.0,80.66666666666667,0.0,6.0,0.0,0.0,0.0,0.0,0.0,0,0,0.5520661157024793,384.244279940075,331.5,0.0,0.0,0.0,0.0,1
98.0,1.0,-1.000088900581841e-12,0.0,0.0,0.0,0.0,0.0,0.0,0.0,0.0,0.0,0.0,80.0,4.0,0.0,0.0,0.0,0.0,0.0,0.0,1,0,0.5520661157024793,358.3108520079551,356.0,0.0,0.0,0.0,0.0,1
578.0,4.0,0.555103998928128,0.0,0.0,0.0,0.0,0.0,32.0,5.0,1.5808185358543017,0.0,0.0,78.33333333333333,0.0,0.0,0.0,6.0,6.0,476.0,6.0,1,0,0.5520661157024793,273.3660549519637,500.5,0.0,0.0,0.0,0.0,1
714.0,1.0,-1.000088900581841e-12,0.0,0.0,0.0,0.0,0.0,8.0,1.0,-1.000088900581841e-12,0.0,0.0,77.0,0.0,0.0,0.0,0.0,6.0,0.0,0.0,8,1,0.5520661157024793,356.3383223847809,417.5,0.0,0.0,0.0,0.0,1
712.0,1.0,-1.000088900581841e-12,0.0,0.0,0.0,0.0,0.0,0.0,0.0,0.0,0.0,0.0,76.5,6.0,0.0,0.0,0.0,0.0,0.0,0.0,8,1,0.5520661157024793,235.668552561997,595.5,0.0,0.0,0.0,0.0,1
2.0,1.0,-1.000088900581841e-12,0.0,0.0,0.0,0.0,0.0,0.0,0.0,0.0,0.0,0.0,76.0,0.0,0.0,0.0,0.0,0.0,0.0,0.0,9,1,0.5520661157024793,355.6679162739686,535.5,0.0,0.0,0.0,0.0,1
200.0,5.0,0.9059798276722882,0.0,8.0,0.0,0.0,0.0,98.0,9.0,1.7252612533087972,0.0,0.0,75.16666666666667,0.0,6.0,0.0,0.0,18.0,196.0,12.0,9,1,0.5520661157024793,362.46746980476297,407.0,4.0,2.0,0.0,0.0,1
710.0,5.0,1.2006344808940552,0.0,0.0,0.0,0.0,0.0,64.0,4.0,1.2281058514641363,0.0,0.0,70.38461538461539,0.0,0.0,0.0,0.0,48.0,1606.0,26.0,10,1,0.5520661157024793,361.34194331685336,406.0,4.0,2.0,0.0,0.0,2
710.0,4.0,0.6490202390887049,0.0,0.0,0.0,0.0,0.0,98.0,5.0,1.276109930240399,0.0,0.0,65.5,0.0,0.0,0.0,0.0,12.0,3200.0,4.0,10,1,0.5520661157024793,360.7783252913069,405.5,4.0,2.0,0.0,0.0,1
704.0,5.0,1.141949149101419,0.0,0.0,0.0,0.0,0.0,36.0,3.0,1.060856947155021,0.0,0.0,60.583333333333336,0.0,0.0,0.0,0.0,24.0,1288.0,6.0,11,1,0.5520661157024793,254.0157475433365,581.0,4.0,2.0,0.0,0.0,2
702.0,3.0,0.7174474512328106,0.0,0.0,0.0,0.0,0.0,20.0,4.0,1.3321790402061222,0.0,0.0,57.16666666666666,0.0,0.0,0.0,0.0,18.0,28.0,8.0,11,1,0.5520661157024793,4.123105625627072,706.5,0.0,0.0,0.0,0.0,2
702.0,3.0,0.1281913391071688,0.0,0.0,0.0,0.0,0.0,26.0,4.0,1.2047933096907844,0.0,0.0,55.333333333333336,0.0,0.0,0.0,0.0,18.0,38.0,8.0,12,1,0.5520661157024793,3.785938897210442,704.5,0.0,0.0,0.0,0.0,2
698.0,3.0,0.716204397856812,0.0,0.0,0.0,0.0,0.0,66.0,7.0,1.6687089026081594,0.0,0.0,53.833333333333336,0.0,0.0,0.0,0.0,30.0,14.0,10.0,12,1,0.5520661157024793,2.5166114784389952,701.5,0.0,0.0,0.0,0.0,2
702.0,3.0,0.6724572676545826,0.0,0.0,0.0,0.0,0.0,16.0,2.0,0.5623351446168083,0.0,0.0,52.5,0.0,0.0,0.0,0.0,24.0,26.0,2.0,13,1,0.5520661157024793,2.000000000019388,701.0,0.0,0.0,0.0,0.0,2
702.0,4.0,0.487338377333927,0.0,0.0,0.0,0.0,0.0,34.0,6.0,1.6766961325858531,0.0,0.0,51.0,0.0,0.0,0.0,0.0,12.0,836.0,10.0,13,1,0.5520661157024793,2.000000000019388,701.0,0.0,0.0,0.0,0.0,2
280.0,3.0,0.6128694524589495,0.0,0.0,0.0,0.0,0.0,14.0,4.0,1.351783994285646,0.0,0.0,47.66666666666666,0.0,0.0,0.0,0.0,0.0,742.0,0.0,14,1,0.5520661157024793,210.3417853558031,595.5,0.0,0.0,0.0,0.0,2
598.0,5.0,0.5772079988158386,0.0,0.0,0.0,0.0,0.0,78.0,5.0,1.334093876250111,0.0,4.0,55.588235294117645,0.0,0.0,0.0,0.0,8.0,2414.0,4.0,16,1,0.5520661157024793,199.7757075655932,570.5,0.0,0.0,0.0,0.0,3
706.0,2.0,0.6857095152882339,0.0,0.0,0.0,0.0,0.0,102.0,5.0,0.7525321948195296,0.0,0.0,54.23529411764706,0.0,0.0,0.0,0.0,8.0,918.0,2.0,17,1,0.5520661157024793,200.6614063540871,571.5,0.0,0.0,0.0,0.0,3
696.0,3.0,0.7432947696933263,0.0,0.0,0.0,0.0,0.0,98.0,7.0,1.6928775618055174,0.0,4.0,57.86666666666667,0.0,0.0,0.0,0.0,8.0,220.0,6.0,17,1,0.5520661157024793,199.37903600930585,570.0,0.0,0.0,0.0,0.0,3
708.0,1.0,-1.000088900581841e-12,0.0,0.0,0.0,0.0,0.0,72.0,5.0,0.9298998197575318,0.0,0.0,79.8,0.0,0.0,0.0,0.0,0.0,0.0,0.0,18,1,0.5520661157024793,52.92762353755743,677.0,0.0,0.0,0.0,0.0,3
422.0,1.0,-1.000088900581841e-12,0.0,0.0,0.0,0.0,0.0,26.0,3.0,0.8305178252842479,0.0,0.0,96.6,0.0,0.0,0.0,0.0,0.0,0.0,0.0,18,1,0.5520661157024793,140.76457887787944,633.0,0.0,0.0,0.0,0.0,2
166.0,2.0,0.0652143635094322,0.0,0.0,0.0,0.0,0.0,46.0,4.0,1.007732512305476,0.0,0.0,100.0,0.0,0.0,0.0,0.0,6.0,696.0,6.0,19,1,0.5520661157024793,257.7492321359401,498.0,0.0,0.0,0.0,0.0,2
704.0,3.0,0.6811415229203397,0.0,0.0,0.0,0.0,0.0,70.0,6.0,1.3805782350567375,0.0,0.0,98.55555555555556,0.0,0.0,0.0,6.0,24.0,182.0,18.0,19,1,0.5520661157024793,259.8204508245391,500.0,0.0,0.0,0.0,0.0,2
702.0,5.0,0.8883015323230211,0.0,0.0,0.0,0.0,0.0,26.0,4.0,1.204793309690784,0.0,0.0,96.16666666666669,0.0,0.0,0.0,0.0,18.0,356.0,12.0,20,1,0.5520661157024793,258.2318080071987,498.5,0.0,0.0,0.0,0.0,2
706.0,6.0,1.1351581699264184,0.0,0.0,0.0,0.0,0.0,36.0,6.0,1.6769877743164172,0.0,0.0,94.42857142857144,0.0,0.0,0.0,0.0,24.0,258.0,6.0,20,1,0.5520661157024793,269.00495658382715,569.5,0.0,0.0,0.0,0.0,1
708.0,4.0,0.668128423635655,0.0,0.0,0.0,0.0,0.0,68.0,6.0,1.4499485197251722,0.0,0.0,93.1,0.0,0.0,0.0,0.0,30.0,2040.0,6.0,21,0,0.5520661157024793,2.581988897482883,705.0,0.0,0.0,0.0,0.0,1
702.0,2.0,0.6544600821653759,0.0,0.0,0.0,0.0,0.0,22.0,4.0,1.2636544318780962,0.0,0.0,92.66666666666669,0.0,0.0,0.0,0.0,18.0,18.0,6.0,21,0,0.5520661157024793,3.0000000000097047,704.5,0.0,0.0,0.0,0.0,1
714.0,5.0,0.6657140731371556,0.0,0.0,0.0,0.0,0.0,44.0,6.0,1.6817779523037246,0.0,0.0,88.73684210526316,0.0,12.0,0.0,6.0,30.0,4328.0,8.0,22,0,0.5520661157024793,5.000000000005811,707.5,0.0,0.0,0.0,0.0,2
704.0,5.0,1.0363825687281087,0.0,0.0,0.0,0.0,0.0,122.0,7.0,1.2794704664641543,0.0,0.0,84.81818181818181,0.0,0.0,0.0,0.0,24.0,612.0,12.0,22,0,0.5520661157024793,5.291502622134672,707.0,0.0,0.0,0.0,0.0,2
700.0,1.0,-1.000088900581841e-12,0.0,0.0,0.0,0.0,0.0,18.0,3.0,0.9950269901765214,0.0,0.0,82.42857142857143,0.0,0.0,0.0,0.0,6.0,0.0,4.0,23,0,0.5520661157024793,6.218252702063877,705.0,0.0,0.0,0.0,0.0,2
704.0,2.0,0.1934653943166854,0.0,0.0,0.0,0.0,0.0,48.0,4.0,1.0132843295472496,0.0,0.0,80.5,0.0,0.0,0.0,0.0,6.0,166.0,4.0,23,0,0.5520661157024793,5.972157622394498,705.5,0.0,0.0,0.0,0.0,2
696.0,4.0,0.960800780690116,0.0,0.0,0.0,0.0,0.0,90.0,6.0,1.3868199148328637,2.0,0.0,77.66666666666667,0.0,0.0,6.0,6.0,24.0,1018.0,6.0,0,0,0.5520661157024793,3.8297084310329073,701.0,0.0,0.0,0.0,0.0,2
0.0,0.0,0.0,0.0,0.0,0.0,0.0,0.0,176.0,5.0,0.9797837812581872,0.0,0.0,68.0,0.0,0.0,0.0,0.0,0.0,0.0,0.0,7,0,0.5520661157024793,0.0,0.0,0.0,0.0,0.0,0.0,2
706.0,1.0,-1.000088900581841e-12,0.0,0.0,0.0,0.0,0.0,50.0,3.0,0.915594938490882,0.0,0.0,65.33333333333333,0.0,0.0,0.0,0.0,18.0,0.0,0.0,8,1,0.5520661157024793,353.0000000000001,176.5,0.0,0.0,0.0,0.0,2
708.0,2.0,0.6777305646930987,0.0,0.0,0.0,0.0,0.0,32.0,3.0,0.8314025204926376,0.0,0.0,65.0,0.0,0.0,0.0,0.0,12.0,0.0,10.0,8,1,0.5520661157024793,408.1874569361485,353.5,0.0,0.0,0.0,0.0,2
708.0,6.0,1.3354307509503334,0.0,12.0,0.0,0.0,0.0,44.0,6.0,1.5165218186857643,0.0,0.0,62.69565217391305,0.0,4.0,0.0,0.0,6.0,2326.0,6.0,9,1,0.5520661157024793,353.6679233405259,530.5,6.0,3.0,0.0,0.0,2
710.0,5.0,1.3133740572643553,0.0,0.0,0.0,0.0,0.0,44.0,4.0,0.7757144728454315,0.0,0.0,58.40909090909091,0.0,0.0,0.0,0.0,0.0,2268.0,0.0,9,1,0.5520661157024793,1.632993161875247,708.0,6.0,3.0,0.0,0.0,2
702.0,5.0,0.3924371524441287,0.0,0.0,0.0,0.0,0.0,62.0,8.0,1.8341839466228889,0.0,0.0,54.16666666666666,0.0,0.0,0.0,0.0,32.0,158.0,12.0,10,1,0.5520661157024793,3.4641016151470803,707.0,6.0,3.0,0.0,0.0,2
704.0,1.0,-1.000088900581841e-12,0.0,0.0,0.0,0.0,0.0,8.0,2.0,0.6931471805579453,0.0,0.0,53.5,0.0,0.0,0.0,0.0,0.0,0.0,0.0,10,1,0.5520661157024793,3.65148371670995,706.0,6.0,3.0,0.0,0.0,2
694.0,4.0,0.538320997664479,0.0,0.0,0.0,0.0,0.0,48.0,6.0,1.6762349391287308,0.0,0.0,52.85714285714285,0.0,0.0,0.0,0.0,16.0,320.0,8.0,11,1,0.5520661157024793,6.608075867204565,702.5,0.0,0.0,0.0,0.0,1
706.0,3.0,0.5276898617264234,0.0,0.0,0.0,0.0,0.0,34.0,6.0,1.691559164304424,0.0,0.0,51.42857142857143,0.0,0.0,0.0,0.0,24.0,160.0,10.0,11,1,0.5520661157024793,5.259911279359318,701.5,0.0,0.0,0.0,0.0,1
704.0,3.0,0.3492361102130108,0.0,0.0,0.0,0.0,0.0,58.0,3.0,1.0588032571004944,0.0,0.0,49.333333333333336,0.0,0.0,0.0,0.0,32.0,58.0,20.0,12,1,0.5520661157024793,5.416025603096612,702.0,0.0,0.0,0.0,0.0,1
700.0,4.0,0.9489176756866544,0.0,0.0,0.0,0.0,0.0,28.0,4.0,1.351783994285646,0.0,0.0,48.285714285714285,0.0,0.0,0.0,0.0,8.0,180.0,4.0,12,1,0.5520661157024793,5.291502622135297,701.0,0.0,0.0,0.0,0.0,2
706.0,3.0,0.7100517641639477,0.0,0.0,0.0,0.0,0.0,20.0,3.0,0.9502705392302344,0.0,0.0,47.5,0.0,0.0,0.0,0.0,8.0,18.0,4.0,13,1,0.5520661157024793,2.828427124757612,704.0,0.0,0.0,0.0,0.0,2
706.0,4.0,0.3335947498816997,0.0,0.0,0.0,0.0,0.0,38.0,4.0,1.055633432546645,0.0,0.0,46.66666666666666,0.0,0.0,0.0,0.0,16.0,192.0,4.0,13,1,0.5520661157024793,2.828427124757612,704.0,0.0,0.0,0.0,0.0,2
698.0,1.0,-1.000088900581841e-12,0.0,0.0,0.0,0.0,0.0,50.0,3.0,0.915594938490882,0.0,0.0,46.0,0.0,0.0,0.0,0.0,0.0,0.0,0.0,14,1,0.5520661157024793,4.123105625625496,702.5,0.0,0.0,0.0,0.0,2
702.0,2.0,0.6901856760168041,0.0,0.0,0.0,0.0,0.0,24.0,3.0,1.0114042647043515,0.0,0.0,45.0,0.0,0.0,0.0,0.0,24.0,392.0,8.0,14,1,0.5520661157024793,3.8297084310337857,703.0,0.0,0.0,0.0,0.0,2
700.0,1.0,-1.000088900581841e-12,0.0,0.0,0.0,0.0,0.0,44.0,2.0,0.6931471805579453,0.0,0.0,43.333333333333336,0.0,0.0,0.0,0.0,0.0,0.0,0.0,15,1,0.5520661157024793,3.415650255329321,701.5,0.0,0.0,0.0,0.0,2
324.0,1.0,-1.000088900581841e-12,0.0,0.0,0.0,0.0,0.0,58.0,3.0,0.9813723337437096,0.0,0.0,42.66666666666666,6.0,0.0,0.0,0.0,0.0,0.0,0.0,15,1,0.5520661157024793,188.0070920648121,606.0,0.0,0.0,0.0,0.0,2
0.0,0.0,0.0,0.0,0.0,0.0,0.0,0.0,62.0,2.0,0.4418033480080161,0.0,0.0,42.0,0.0,0.0,0.0,0.0,0.0,0.0,0.0,16,1,0.5520661157024793,338.1375459779645,431.5,0.0,0.0,0.0,0.0,2
614.0,2.0,0.175327248417209,0.0,0.0,0.0,0.0,0.0,38.0,3.0,0.8246593237634705,0.0,0.0,40.285714285714285,0.0,0.0,0.0,0.0,8.0,146.0,6.0,16,1,0.5520661157024793,316.8653762509668,409.5,0.0,0.0,0.0,0.0,2
702.0,2.0,0.414467563447339,0.0,0.0,0.0,0.0,0.0,24.0,4.0,1.3296613488507585,0.0,0.0,38.5,0.0,0.0,0.0,0.0,16.0,1014.0,10.0,17,1,0.5520661157024793,317.4775582619976,410.0,0.0,0.0,0.0,0.0,2
698.0,5.0,1.1046393580735612,0.0,0.0,0.0,0.0,0.0,120.0,7.0,1.7942771605764194,0.0,8.0,35.05555555555556,0.0,0.0,0.0,0.0,40.0,612.0,18.0,17,1,0.5520661157024793,338.10994267151244,503.5,0.0,0.0,0.0,0.0,2
704.0,4.0,0.2072657426522439,0.0,0.0,0.0,0.0,0.0,120.0,5.0,1.1872242927000425,0.0,0.0,54.13333333333333,0.0,0.0,0.0,0.0,8.0,138.0,4.0,18,1,0.5520661157024793,43.73785545725881,679.5,0.0,0.0,0.0,0.0,2
702.0,2.0,0.0351269778519941,0.0,0.0,0.0,0.0,0.0,58.0,2.0,0.2509548043556198,0.0,8.0,80.82758620689656,0.0,0.0,0.0,0.0,16.0,34.0,6.0,18,1,0.5520661157024793,2.516611478436191,701.5,0.0,0.0,0.0,0.0,2
702.0,3.0,0.7771244426837838,0.0,0.0,0.0,0.0,0.0,52.0,5.0,1.3114313374682374,0.0,0.0,92.0,0.0,0.0,0.0,8.0,40.0,662.0,18.0,19,1,0.5520661157024793,2.516611478436191,701.5,0.0,0.0,0.0,0.0,2
706.0,5.0,1.193231671448303,0.0,64.0,0.0,0.0,0.0,44.0,4.0,1.2636544318780962,0.0,0.0,90.75,0.0,0.0,0.0,0.0,16.0,156.0,8.0,19,1,0.5520661157024793,1.9148542155292656,703.5,32.0,16.0,0.0,0.0,2
712.0,1.0,-1.000088900581841e-12,0.0,100.0,0.0,0.0,0.0,54.0,5.0,1.1525521483402583,0.0,0.0,88.16666666666667,0.0,0.0,0.0,0.0,0.0,0.0,0.0,20,1,0.5520661157024793,4.7258156262593225,705.5,49.57149718672348,41.0,0.0,0.0,2
700.0,5.0,1.3671845527466526,0.0,0.0,0.0,0.0,0.0,102.0,5.0,1.3304860521941513,0.0,0.0,85.16666666666667,0.0,4.0,0.0,0.0,88.0,964.0,16.0,20,1,0.5520661157024793,5.291502622135176,705.0,49.57149718672348,41.0,0.0,0.0,2
704.0,4.0,0.9453256467566832,0.0,0.0,0.0,0.0,0.0,278.0,5.0,0.8427325188637051,0.0,0.0,83.0,0.0,0.0,0.0,0.0,72.0,356.0,24.0,21,0,0.5520661157024793,5.000000000006343,705.5,49.57149718672348,41.0,0.0,0.0,2
702.0,4.0,0.7209742461889779,0.0,0.0,0.0,0.0,0.0,112.0,5.0,1.298023956885808,0.0,0.0,80.33333333333333,0.0,0.0,0.0,8.0,56.0,1366.0,26.0,21,0,0.5520661157024793,5.2599112793592,704.5,50.0,25.0,0.0,0.0,1
714.0,5.0,0.8892811472199669,0.0,0.0,0.0,0.0,0.0,96.0,5.0,1.35831008298136,0.0,0.0,75.95652173913044,0.0,0.0,0.0,0.0,32.0,2270.0,6.0,22,0,0.5520661157024793,6.218252702064314,705.0,0.0,0.0,0.0,0.0,1
716.0,1.0,-1.000088900581841e-12,0.0,0.0,0.0,0.0,0.0,0.0,0.0,0.0,0.0,0.0,70.63333333333334,0.0,0.0,6.0,0.0,0.0,1426.0,0.0,22,0,0.5520661157024793,7.023769168573022,709.0,0.0,0.0,0.0,0.0,1
284.0,1.0,-1.000088900581841e-12,0.0,0.0,0.0,0.0,0.0,8.0,2.0,0.6931471805579453,0.0,0.0,64.86666666666666,0.0,0.0,0.0,0.0,0.0,1526.0,0.0,23,0,0.5520661157024793,213.42289786556032,604.0,0.0,0.0,0.0,0.0,1
572.0,5.0,0.6492874017807881,0.0,0.0,0.0,0.0,0.0,82.0,6.0,1.492389061187408,0.0,0.0,60.1875,0.0,0.0,0.0,0.0,16.0,1344.0,8.0,23,0,0.5520661157024793,203.17726250739784,571.5,0.0,0.0,0.0,0.0,1
698.0,1.0,-1.000088900581841e-12,0.0,0.0,0.0,0.0,0.0,2.0,1.0,-1.000088900581841e-12,0.0,0.0,58.0,0.0,0.0,0.0,8.0,16.0,0.0,6.0,0,0,0.5520661157024793,199.5620204347512,567.5,0.0,0.0,0.0,0.0,1
704.0,5.0,0.5981500127317108,0.0,0.0,0.0,0.0,0.0,36.0,5.0,1.5050721226231152,0.0,0.0,56.16666666666666,0.0,0.0,0.0,0.0,8.0,512.0,4.0,0,0,0.5520661157024793,196.6545193988688,564.5,0.0,0.0,0.0,0.0,1
700.0,1.0,-1.000088900581841e-12,0.0,0.0,0.0,0.0,0.0,24.0,3.0,0.8876942757961039,0.0,0.0,49.333333333333336,0.0,0.0,0.0,0.0,8.0,0.0,0.0,8,1,0.5520661157024793,350.00000000000006,175.0,0.0,0.0,0.0,0.0,1
704.0,1.0,-1.000088900581841e-12,0.0,0.0,0.0,0.0,0.0,4.0,1.0,-1.000088900581841e-12,0.0,0.0,48.5,6.0,0.0,0.0,0.0,0.0,0.0,0.0,8,1,0.5520661157024793,405.3031787028899,351.0,0.0,0.0,0.0,0.0,1
302.0,5.0,0.8892845255694717,0.0,0.0,0.0,0.0,0.0,24.0,4.0,1.2424533248900005,0.0,0.0,47.44444444444444,0.0,8.0,0.0,0.0,16.0,364.0,4.0,9,1,0.5520661157024793,341.17981573748864,426.5,0.0,0.0,0.0,0.0,1
698.0,3.0,0.2885267241370066,0.0,0.0,0.0,0.0,0.0,56.0,6.0,1.4563888773428182,0.0,0.0,46.16666666666666,0.0,0.0,0.0,0.0,8.0,206.0,6.0,9,1,0.5520661157024793,199.34894030317807,601.0,0.0,0.0,0.0,0.0,1
708.0,3.0,0.729399286928957,0.0,0.0,0.0,0.0,0.0,60.0,5.0,1.1699929969618563,0.0,0.0,43.625,0.0,0.0,0.0,10.0,40.0,46.0,6.0,10,1,0.5520661157024793,200.7087442041329,603.0,0.0,0.0,0.0,0.0,1
706.0,1.0,-1.000088900581841e-12,0.0,0.0,0.0,0.0,0.0,92.0,2.0,0.1788449127148475,0.0,0.0,42.833333333333336,0.0,0.0,0.0,0.0,0.0,0.0,0.0,10,1,0.5520661157024793,201.04642913184685,603.5,0.0,0.0,0.0,0.0,1
710.0,5.0,1.1441716613588089,0.0,0.0,0.0,0.0,0.0,104.0,4.0,0.957771353558326,0.0,0.0,40.142857142857146,0.0,0.0,0.0,0.0,70.0,2630.0,30.0,11,1,0.5520661157024793,5.259911279357778,705.5,0.0,0.0,0.0,0.0,1
702.0,7.0,1.5328924347263713,0.0,0.0,0.0,0.0,0.0,86.0,5.0,1.4952790113746892,0.0,0.0,37.4,0.0,0.0,0.0,0.0,84.0,492.0,22.0,11,1,0.5520661157024793,3.4156502553269665,706.5,0.0,0.0,0.0,0.0,1
700.0,6.0,0.8395482896072721,0.0,0.0,0.0,0.0,0.0,92.0,7.0,1.5684566754744709,0.0,0.0,33.5,0.0,0.0,0.0,0.0,24.0,670.0,6.0,12,1,0.5520661157024793,4.434711565222159,704.5,0.0,0.0,0.0,0.0,1
698.0,4.0,0.9558430383650088,0.0,0.0,0.0,0.0,0.0,72.0,6.0,1.3921430315841812,0.0,0.0,25.625,0.0,0.0,0.0,0.0,24.0,172.0,10.0,13,1,0.5520661157024793,2.581988897481005,701.0,0.0,0.0,0.0,0.0,1
676.0,1.0,-1.000088900581841e-12,0.0,0.0,0.0,0.0,0.0,28.0,1.0,-1.000088900581841e-12,0.0,0.0,22.83333333333333,0.0,0.0,0.0,0.0,0.0,0.0,0.0,13,1,0.5520661157024793,12.583057392119834,694.5,0.0,0.0,0.0,0.0,1
704.0,5.0,0.943736097754326,0.0,0.0,0.0,0.0,0.0,64.0,5.0,1.2339575392798423,0.0,0.0,19.285714285714285,0.0,12.0,0.0,10.0,72.0,1268.0,22.0,14,1,0.5520661157024793,13.304134695651886,695.5,0.0,0.0,0.0,0.0,1
708.0,5.0,0.6372597307267238,0.0,0.0,0.0,0.0,0.0,110.0,6.0,1.3448334784081086,0.0,12.0,29.57692307692308,0.0,0.0,0.0,0.0,0.0,598.0,0.0,14,1,0.5520661157024793,14.271183085740123,696.5,0.0,0.0,0.0,0.0,1
700.0,2.0,0.1089594275990318,0.0,0.0,0.0,0.0,0.0,104.0,6.0,1.145201490304702,0.0,0.0,58.63333333333333,0.0,0.0,0.0,0.0,24.0,114.0,10.0,15,1,0.5520661157024793,14.375905768566897,697.0,0.0,0.0,0.0,0.0,1
700.0,1.0,-1.000088900581841e-12,0.0,0.0,0.0,0.0,0.0,88.0,5.0,1.2312766869229237,0.0,0.0,83.34782608695652,0.0,0.0,0.0,0.0,48.0,0.0,16.0,15,1,0.5520661157024793,3.8297084310316607,703.0,0.0,0.0,0.0,0.0,1
706.0,5.0,1.0742284741384125,0.0,0.0,0.0,0.0,0.0,186.0,6.0,1.2683704689244344,0.0,0.0,88.83333333333333,0.0,10.0,0.0,0.0,36.0,356.0,16.0,16,1,0.5520661157024793,4.123105625623522,703.5,0.0,0.0,0.0,0.0,2
694.0,7.0,1.0978057099891845,0.0,0.0,0.0,0.0,0.0,190.0,6.0,1.1859877826072092,0.0,0.0,86.36363636363636,0.0,0.0,0.0,0.0,64.0,3032.0,26.0,16,1,0.5520661157024793,4.89897948557129,700.0,0.0,0.0,0.0,0.0,2
698.0,1.0,-1.000088900581841e-12,0.0,0.0,0.0,0.0,0.0,102.0,3.0,0.4370945769318387,0.0,0.0,84.83333333333333,0.0,0.0,0.0,0.0,28.0,0.0,0.0,17,1,0.5520661157024793,5.0000000000048335,699.5,0.0,0.0,0.0,0.0,2
464.0,1.0,-1.000088900581841e-12,0.0,0.0,0.0,0.0,0.0,34.0,2.0,0.5455945739671844,0.0,0.0,84.0,12.0,0.0,0.0,0.0,14.0,0.0,0.0,17,1,0.5520661157024793,117.7723793312056,640.5,0.0,0.0,0.0,0.0,3
0.0,0.0,0.0,0.0,0.0,0.0,0.0,0.0,12.0,1.0,-1.000088900581841e-12,0.0,0.0,84.0,0.0,0.0,0.0,0.0,0.0,0.0,0.0,18,1,0.5520661157024793,328.1016102774668,464.0,0.0,0.0,0.0,0.0,3
520.0,4.0,1.0490641862222687,0.0,0.0,0.0,0.0,0.0,28.0,4.0,1.2396593920503858,0.0,0.0,81.77777777777777,0.0,0.0,0.0,0.0,42.0,2740.0,12.0,18,1,0.5520661157024793,297.55615716477234,420.5,0.0,0.0,0.0,0.0,3
708.0,4.0,0.943641158344348,0.0,0.0,0.0,0.0,0.0,46.0,6.0,1.6669547487358112,0.0,0.0,76.0909090909091,0.0,0.0,0.0,0.0,28.0,1464.0,16.0,19,1,0.5520661157024793,300.6903168821149,423.0,0.0,0.0,0.0,0.0,2
704.0,5.0,0.6398116265414222,0.0,0.0,0.0,0.0,0.0,28.0,3.0,1.0346012329071812,0.0,0.0,71.9,0.0,0.0,0.0,0.0,42.0,1436.0,12.0,19,1,0.5520661157024793,333.72843251162567,483.0,0.0,0.0,0.0,0.0,2
706.0,4.0,0.7237063583957248,0.0,0.0,0.0,0.0,0.0,14.0,1.0,-1.000088900581841e-12,0.0,0.0,68.81818181818181,0.0,0.0,0.0,0.0,98.0,354.0,20.0,20,1,0.5520661157024793,93.01433581264077,659.5,0.0,0.0,0.0,0.0,2
704.0,4.0,0.5751316257278005,0.0,0.0,0.0,0.0,0.0,40.0,4.0,1.2206072645490174,0.0,0.0,66.0,0.0,0.0,0.0,0.0,98.0,1388.0,34.0,20,1,0.5520661157024793,1.914854215522809,705.5,0.0,0.0,0.0,0.0,2
712.0,4.0,1.020696453460305,0.0,0.0,0.0,0.0,0.0,38.0,4.0,1.0937704472451415,0.0,0.0,62.27272727272727,0.0,28.0,0.0,24.0,70.0,934.0,14.0,21,0,0.5520661157024793,3.785938897205312,706.5,0.0,0.0,0.0,0.0,2
708.0,5.0,0.8820023379588419,0.0,0.0,0.0,0.0,0.0,30.0,4.0,1.1369165918290007,0.0,0.0,57.38461538461539,0.0,12.0,0.0,14.0,42.0,1376.0,16.0,21,0,0.5520661157024793,3.415650255325547,707.5,0.0,0.0,0.0,0.0,2
702.0,2.0,0.6676003530719838,0.0,0.0,0.0,0.0,0.0,30.0,3.0,0.9276173343241816,0.0,0.0,54.625,0.0,0.0,0.0,0.0,28.0,180.0,12.0,22,0,0.5520661157024793,4.434711565221066,706.5,0.0,0.0,0.0,0.0,1
704.0,2.0,0.6785486257663504,0.0,0.0,0.0,0.0,0.0,8.0,2.0,0.6931471805579453,0.0,0.0,52.16666666666666,0.0,0.0,0.0,0.0,14.0,568.0,6.0,22,0,0.5520661157024793,4.434711565221066,706.5,0.0,0.0,0.0,0.0,1
702.0,1.0,-1.000088900581841e-12,0.0,0.0,0.0,0.0,0.0,0.0,0.0,0.0,0.0,0.0,51.0,0.0,0.0,0.0,0.0,0.0,0.0,0.0,23,0,0.5520661157024793,2.8284271247530333,704.0,0.0,0.0,0.0,0.0,1
534.0,3.0,0.6812532974630299,0.0,0.0,0.0,0.0,0.0,26.0,4.0,1.3516811946818947,0.0,0.0,49.875,12.0,0.0,8.0,8.0,14.0,332.0,8.0,23,0,0.5520661157024793,84.33860326090323,660.5,0.0,0.0,0.0,0.0,1
700.0,3.0,0.1358808160945968,0.0,0.0,0.0,0.0,0.0,10.0,3.0,1.054920167983144,0.0,0.0,48.16666666666666,0.0,0.0,0.0,0.0,14.0,202.0,6.0,0,0,0.5520661157024793,84.01587151643851,660.0,0.0,0.0,0.0,0.0,1
704.0,2.0,0.4035168725371211,0.0,0.0,0.0,0.0,0.0,20.0,4.0,1.3321790402061222,0.0,0.0,47.285714285714285,0.0,0.0,0.0,0.0,28.0,100.0,14.0,0,0,0.5520661157024793,84.01587151643851,660.0,0.0,0.0,0.0,0.0,1
0.0,0.0,0.0,0.0,0.0,0.0,0.0,0.0,0.0,0.0,0.0,0.0,0.0,35.0,0.0,0.0,0.0,0.0,0.0,0.0,0.0,7,0,0.5520661157024793,0.0,0.0,0.0,0.0,0.0,0.0,1
0.0,0.0,0.0,0.0,0.0,0.0,0.0,0.0,4.0,1.0,-1.000088900581841e-12,0.0,0.0,34.333333333333336,0.0,0.0,0.0,0.0,0.0,0.0,0.0,7,0,0.5520661157024793,0.0,0.0,0.0,0.0,0.0,0.0,1
704.0,1.0,-1.000088900581841e-12,0.0,0.0,0.0,0.0,0.0,22.0,3.0,0.9164648855364712,0.0,0.0,32.833333333333336,0.0,0.0,0.0,0.0,14.0,0.0,0.0,8,1,0.5520661157024793,352.00000000000006,176.0,0.0,0.0,0.0,0.0,1
706.0,1.0,-1.000088900581841e-12,0.0,0.0,0.0,0.0,0.0,0.0,0.0,0.0,0.0,0.0,31.666666666666668,14.0,0.0,0.0,0.0,0.0,0.0,0.0,8,1,0.5520661157024793,407.03275871441446,352.5,0.0,0.0,0.0,0.0,1
2.0,1.0,-1.000088900581841e-12,0.0,0.0,0.0,0.0,0.0,0.0,0.0,0.0,0.0,0.0,30.83333333333333,0.0,0.0,0.0,0.0,0.0,0.0,0.0,9,1,0.5520661157024793,406.4562297058156,353.0,0.0,0.0,0.0,0.0,1
470.0,6.0,1.0317577877073751,0.0,0.0,0.0,0.0,0.0,32.0,7.0,1.7497789891771658,0.0,0.0,29.0,0.0,0.0,0.0,0.0,28.0,1010.0,10.0,9,1,0.5520661157024793,331.3985515961107,470.5,0.0,0.0,0.0,0.0,1
706.0,2.0,0.0194477345218629,0.0,0.0,0.0,0.0,0.0,8.0,1.0,-1.000088900581841e-12,0.0,0.0,27.0,0.0,0.0,0.0,0.0,14.0,0.0,0.0,10,1,0.5520661157024793,331.8694522449051,471.0,0.0,0.0,0.0,0.0,1
702.0,3.0,0.7547455708503444,0.0,0.0,0.0,0.0,0.0,54.0,7.0,1.8252298143132923,0.0,0.0,26.33333333333333,0.0,0.0,0.0,0.0,28.0,12.0,8.0,10,1,0.5520661157024793,330.93000266924525,470.0,0.0,0.0,0.0,0.0,1
702.0,1.0,-1.000088900581841e-12,0.0,0.0,0.0,0.0,0.0,0.0,0.0,0.0,0.0,0.0,25.0,0.0,0.0,0.0,0.0,0.0,0.0,0.0,11,1,0.5520661157024793,116.68190376689388,645.0,0.0,0.0,0.0,0.0,1
380.0,1.0,-1.000088900581841e-12,0.0,0.0,0.0,0.0,0.0,0.0,0.0,0.0,0.0,0.0,23.83333333333333,14.0,0.0,0.0,0.0,0.0,0.0,0.0,11,1,0.5520661157024793,161.67766285627303,622.5,0.0,0.0,0.0,0.0,1
246.0,4.0,1.0998494689702485,0.0,0.0,0.0,0.0,0.0,60.0,7.0,1.7480673485390894,0.0,0.0,22.444444444444443,0.0,0.0,0.0,0.0,98.0,1344.0,22.0,12,1,0.5520661157024793,231.1557916211489,507.5,0.0,0.0,0.0,0.0,1
706.0,5.0,0.4110250838024123,0.0,0.0,0.0,0.0,0.0,82.0,5.0,1.0260127945636954,0.0,14.0,32.86666666666667,0.0,0.0,0.0,0.0,14.0,1188.0,10.0,12,1,0.5520661157024793,232.28359104049235,508.5,0.0,0.0,0.0,0.0,1
670.0,1.0,-1.000088900581841e-12,0.0,0.0,0.0,0.0,0.0,630.0,8.0,0.7749161887902575,0.0,0.0,61.96551724137931,0.0,0.0,0.0,0.0,0.0,0.0,0.0,13,1,0.5520661157024793,223.7938039058872,500.5,0.0,0.0,0.0,0.0,1
584.0,4.0,0.8074752838822172,0.0,0.0,0.0,0.0,0.0,454.0,7.0,0.749020390554689,0.0,0.0,79.52631578947368,0.0,0.0,0.0,0.0,70.0,2738.0,34.0,13,1,0.5520661157024793,209.99920634770663,551.5,0.0,0.0,0.0,0.0,1
708.0,3.0,0.3746109866072455,0.0,0.0,0.0,0.0,0.0,66.0,4.0,1.1967950138457082,0.0,0.0,79.66666666666667,0.0,0.0,0.0,14.0,70.0,142.0,18.0,14,1,0.5520661157024793,58.02298395176417,667.0,0.0,0.0,0.0,0.0,1
708.0,5.0,0.4464553034894222,0.0,0.0,0.0,0.0,0.0,36.0,4.0,1.273028336585626,0.0,0.0,76.875,0.0,0.0,0.0,0.0,42.0,272.0,10.0,14,1,0.5520661157024793,58.477916059540654,667.5,0.0,0.0,0.0,0.0,1
710.0,3.0,0.7670655719080679,0.0,0.0,0.0,0.0,0.0,14.0,3.0,0.9556998911095343,0.0,0.0,75.16666666666667,0.0,0.0,0.0,0.0,28.0,106.0,8.0,15,1,0.5520661157024793,62.34046305036039,677.5,0.0,0.0,0.0,0.0,1
714.0,1.0,-1.000088900581841e-12,0.0,0.0,0.0,0.0,0.0,8.0,2.0,0.6931471805579453,0.0,0.0,73.83333333333333,0.0,10.0,0.0,0.0,0.0,0.0,0.0,15,1,0.5520661157024793,2.8284271247491644,710.0,0.0,0.0,0.0,0.0,1
408.0,1.0,-1.000088900581841e-12,0.0,0.0,0.0,0.0,0.0,8.0,1.0,-1.000088900581841e-12,0.0,0.0,73.0,0.0,0.0,0.0,0.0,0.0,0.0,0.0,16,1,0.5520661157024793,151.35388994010037,635.0,0.0,0.0,0.0,0.0,1
0.0,0.0,0.0,0.0,0.0,0.0,0.0,0.0,8.0,1.0,-1.000088900581841e-12,0.0,0.0,72.16666666666667,8.0,0.0,0.0,0.0,0.0,0.0,0.0,16,1,0.5520661157024793,337.295123000615,458.0,0.0,0.0,0.0,0.0,1
236.0,3.0,0.7565009810215328,0.0,0.0,0.0,0.0,0.0,44.0,5.0,1.3249743964959937,0.0,0.0,70.8,0.0,0.0,0.0,0.0,28.0,3112.0,8.0,17,1,0.5520661157024793,300.50790339024365,339.5,0.0,0.0,0.0,0.0,1
716.0,5.0,1.2286905044599583,0.0,0.0,0.0,0.0,0.0,50.0,6.0,1.3759293274104127,0.0,0.0,66.25925925925925,0.0,0.0,0.0,0.0,0.0,8868.0,0.0,17,1,0.5520661157024793,301.339232980595,340.0,0.0,0.0,0.0,0.0,2
688.0,3.0,0.8778550502733247,0.0,0.0,0.0,0.0,0.0,136.0,3.0,0.9831276241556124,0.0,0.0,60.285714285714285,0.0,0.0,0.0,12.0,168.0,1072.0,40.0,18,1,0.5520661157024793,350.85419573758367,410.0,0.0,0.0,0.0,0.0,2
704.0,2.0,0.6538744981067914,0.0,0.0,0.0,0.0,0.0,50.0,3.0,1.0875656525945474,0.0,0.0,57.6,0.0,0.0,0.0,0.0,84.0,766.0,24.0,18,1,0.5520661157024793,233.61506800718143,586.0,0.0,0.0,0.0,0.0,2
704.0,3.0,0.8326487168061376,0.0,0.0,0.0,0.0,0.0,42.0,3.0,1.0353605606819842,0.0,0.0,54.875,0.0,0.0,0.0,0.0,70.0,4062.0,30.0,19,1,0.5520661157024793,11.48912529307676,703.0,0.0,0.0,0.0,0.0,2
698.0,3.0,0.7106508023497923,0.0,0.0,0.0,0.0,0.0,20.0,3.0,0.9502705392302344,0.0,0.0,52.0,0.0,8.0,0.0,10.0,98.0,908.0,10.0,19,1,0.5520661157024793,7.54983443527181,698.5,0.0,0.0,0.0,0.0,2
702.0,3.0,0.1542254669254975,0.0,0.0,0.0,0.0,0.0,38.0,3.0,1.017164350921834,0.0,0.0,50.16666666666666,0.0,0.0,0.0,0.0,42.0,90.0,12.0,20,1,0.5520661157024793,2.8284271247490205,702.0,0.0,0.0,0.0,0.0,2
698.0,1.0,-1.000088900581841e-12,0.0,0.0,0.0,0.0,0.0,22.0,3.0,0.7595473914718636,0.0,0.0,49.66666666666666,0.0,0.0,0.0,0.0,0.0,0.0,0.0,20,1,0.5520661157024793,3.000000000002678,700.5,0.0,0.0,0.0,0.0,1
702.0,3.0,0.6295418710862067,0.0,0.0,0.0,0.0,0.0,34.0,3.0,0.8463658296232874,0.0,0.0,47.66666666666666,0.0,0.0,0.0,0.0,112.0,388.0,24.0,21,0,0.5520661157024793,2.309401076761986,700.0,0.0,0.0,0.0,0.0,2
708.0,6.0,1.1372625257250588,0.0,0.0,0.0,0.0,0.0,48.0,6.0,1.497726161799753,0.0,0.0,44.61904761904762,0.0,0.0,0.0,0.0,56.0,2080.0,28.0,21,0,0.5520661157024793,4.123105625619623,702.5,0.0,0.0,0.0,0.0,2
704.0,4.0,0.2866332355296196,0.0,0.0,0.0,0.0,0.0,96.0,4.0,1.0191225992447808,0.0,0.0,42.0,0.0,0.0,0.0,0.0,28.0,804.0,6.0,22,0,0.5520661157024793,4.163331998934211,703.0,0.0,0.0,0.0,0.0,1
710.0,4.0,1.0747543813212634,0.0,0.0,0.0,0.0,0.0,58.0,7.0,1.5137515514676931,0.0,0.0,38.61904761904762,0.0,0.0,0.0,0.0,14.0,5104.0,6.0,22,0,0.5520661157024793,3.651483716703341,706.0,0.0,0.0,0.0,0.0,1
714.0,6.0,0.884246403971448,0.0,0.0,0.0,0.0,0.0,64.0,7.0,1.5915904795254117,0.0,16.0,34.2,0.0,0.0,0.0,0.0,16.0,2406.0,0.0,23,0,0.5520661157024793,4.163331998934211,709.0,0.0,0.0,0.0,0.0,1
704.0,1.0,-1.000088900581841e-12,0.0,0.0,0.0,0.0,0.0,98.0,6.0,1.1817550695267194,0.0,0.0,51.96666666666667,0.0,0.0,10.0,0.0,0.0,0.0,0.0,23,0,0.5520661157024793,4.898979485568014,708.0,0.0,0.0,0.0,0.0,1
702.0,2.0,0.6808197554793307,0.0,0.0,0.0,0.0,0.0,92.0,6.0,1.268956714558638,0.0,0.0,81.36666666666666,0.0,0.0,0.0,0.0,16.0,4.0,8.0,0,0,0.5520661157024793,5.507570547287578,707.5,0.0,0.0,0.0,0.0,1
652.0,6.0,0.7423036674915537,0.0,0.0,0.0,0.0,0.0,66.0,6.0,1.4453908606403916,0.0,0.0,92.3,0.0,0.0,0.0,0.0,20.0,354.0,12.0,0,0,0.5520661157024793,27.83283432686442,693.0,0.0,0.0,0.0,0.0,1
0.0,0.0,0.0,0.0,0.0,0.0,0.0,0.0,0.0,0.0,0.0,0.0,0.0,86.0,0.0,0.0,0.0,0.0,0.0,0.0,0.0,7,0,0.5520661157024793,0.0,0.0,0.0,0.0,0.0,0.0,1
0.0,0.0,0.0,0.0,0.0,0.0,0.0,0.0,12.0,3.0,1.0986122886651095,0.0,0.0,85.5,0.0,0.0,0.0,0.0,0.0,0.0,0.0,7,0,0.5520661157024793,0.0,0.0,0.0,0.0,0.0,0.0,1
702.0,1.0,-1.000088900581841e-12,0.0,0.0,0.0,0.0,0.0,10.0,2.0,0.5004024235361879,0.0,0.0,84.16666666666667,0.0,0.0,0.0,0.0,2.0,0.0,0.0,8,1,0.5520661157024793,350.99999999999994,175.5,0.0,0.0,0.0,0.0,1
700.0,1.0,-1.000088900581841e-12,0.0,0.0,0.0,0.0,0.0,20.0,1.0,-1.000088900581841e-12,0.0,0.0,83.33333333333333,2.0,0.0,0.0,0.0,0.0,0.0,0.0,8,1,0.5520661157024793,404.7233623106034,350.5,0.0,0.0,0.0,0.0,1
0.0,0.0,0.0,0.0,0.0,0.0,0.0,0.0,0.0,0.0,0.0,0.0,0.0,82.83333333333333,0.0,0.0,0.0,0.0,0.0,0.0,0.0,9,1,0.5520661157024793,404.7233623106034,350.5,0.0,0.0,0.0,0.0,1
286.0,8.0,1.7633178999423296,0.0,0.0,0.0,0.0,0.0,228.0,8.0,0.8856665781186048,0.0,0.0,80.18181818181819,0.0,2.0,0.0,0.0,6.0,358.0,4.0,9,1,0.5520661157024793,342.6679636810732,422.0,0.0,0.0,0.0,0.0,1
702.0,9.0,1.1698383776002077,0.0,0.0,0.0,0.0,0.0,82.0,6.0,1.348585157155441,0.0,0.0,75.75,0.0,0.0,0.0,0.0,10.0,636.0,8.0,10,1,0.5520661157024793,342.6679636810732,422.0,0.0,0.0,0.0,0.0,2
702.0,3.0,0.7014902819971149,0.0,0.0,0.0,0.0,0.0,30.0,4.0,1.1369165918290007,0.0,0.0,74.16666666666667,0.0,0.0,0.0,0.0,14.0,216.0,8.0,10,1,0.5520661157024793,343.2098483435462,422.5,0.0,0.0,0.0,0.0,2
704.0,3.0,0.7064673769633554,0.0,0.0,0.0,0.0,0.0,78.0,4.0,1.0133230919317602,0.0,0.0,71.28571428571429,0.0,0.0,0.0,0.0,6.0,286.0,6.0,11,1,0.5520661157024793,208.335466655744,598.5,0.0,0.0,0.0,0.0,3
712.0,2.0,0.5938002690927914,0.0,0.0,0.0,0.0,0.0,188.0,4.0,0.3676846609777905,0.0,0.0,68.66666666666667,0.0,0.0,0.0,0.0,8.0,182.0,6.0,11,1,0.5520661157024793,4.760952285690828,705.0,0.0,0.0,0.0,0.0,3
702.0,3.0,0.7675992640210355,0.0,0.0,0.0,4.0,0.0,158.0,6.0,0.7400635463343677,0.0,0.0,66.0,0.0,2.0,0.0,2.0,6.0,240.0,6.0,12,1,0.5520661157024793,4.760952285690828,705.0,0.0,0.0,2.0,1.0,3
706.0,5.0,1.269216085884126,0.0,0.0,0.0,0.0,0.0,30.0,4.0,1.1369165918290007,0.0,0.0,63.0,0.0,0.0,0.0,0.0,10.0,328.0,8.0,12,1,0.5520661157024793,4.320493798933719,706.0,0.0,0.0,2.0,1.0,3
708.0,4.0,0.9228056949377664,0.0,0.0,0.0,0.0,0.0,44.0,6.0,1.323337040103246,0.0,0.0,58.526315789473685,0.0,0.0,0.0,0.0,2.0,1300.0,2.0,13,1,0.5520661157024793,4.163331998927232,707.0,0.0,0.0,2.0,1.0,3
708.0,2.0,0.0348775115169437,0.0,0.0,0.0,0.0,0.0,16.0,2.0,0.5623351446168083,0.0,0.0,55.16666666666666,0.0,0.0,0.0,0.0,6.0,20.0,6.0,13,1,0.5520661157024793,2.828427124738788,706.0,0.0,0.0,2.0,1.0,2
710.0,5.0,0.6918998055134058,0.0,0.0,0.0,0.0,0.0,28.0,4.0,1.1709971261122123,0.0,0.0,53.0,0.0,0.0,0.0,0.0,14.0,214.0,8.0,14,1,0.5520661157024793,1.6329931618426077,708.0,0.0,0.0,0.0,0.0,2
702.0,2.0,0.4436170671557696,0.0,0.0,0.0,0.0,0.0,18.0,3.0,1.0608569471550215,0.0,0.0,50.5,0.0,0.0,0.0,0.0,2.0,388.0,2.0,14,1,0.5520661157024793,3.4641016151316943,707.0,0.0,0.0,0.0,0.0,2
702.0,2.0,0.3547156426880844,0.0,0.0,0.0,0.0,0.0,30.0,4.0,1.1822230016411068,0.0,0.0,49.16666666666666,0.0,0.0,0.0,0.0,8.0,154.0,6.0,15,1,0.5520661157024793,4.1231056256125616,705.5,0.0,0.0,0.0,0.0,2
704.0,3.0,0.3138409842801485,0.0,0.0,0.0,0.0,0.0,24.0,3.0,0.887694275796104,0.0,0.0,47.5,0.0,0.0,0.0,0.0,6.0,178.0,4.0,15,1,0.5520661157024793,3.7859388971946246,704.5,0.0,0.0,0.0,0.0,2
706.0,1.0,-1.000088900581841e-12,0.0,0.0,0.0,0.0,0.0,0.0,0.0,0.0,0.0,0.0,47.0,0.0,0.0,0.0,0.0,2.0,0.0,0.0,16,1,0.5520661157024793,1.9148542155016777,703.5,0.0,0.0,0.0,0.0,1
224.0,1.0,-1.000088900581841e-12,0.0,0.0,0.0,0.0,0.0,156.0,2.0,0.1192469263942449,0.0,0.0,47.0,2.0,0.0,0.0,0.0,0.0,0.0,0.0,16,1,0.5520661157024793,240.00555549125656,584.0,0.0,0.0,0.0,0.0,1
0.0,0.0,0.0,0.0,0.0,0.0,0.0,0.0,0.0,0.0,0.0,0.0,0.0,46.0,0.0,0.0,0.0,0.0,0.0,0.0,0.0,17,1,0.5520661157024793,354.3722148626591,408.5,0.0,0.0,0.0,0.0,1
0.0,0.0,0.0,0.0,0.0,0.0,0.0,0.0,4.0,1.0,-1.000088900581841e-12,0.0,0.0,45.16666666666666,2.0,0.0,0.0,0.0,0.0,0.0,0.0,17,1,0.5520661157024793,332.8598303590667,232.5,0.0,0.0,0.0,0.0,1
0.0,0.0,0.0,0.0,0.0,0.0,0.0,0.0,0.0,0.0,0.0,0.0,0.0,45.0,0.0,0.0,0.0,0.0,0.0,0.0,0.0,18,1,0.5520661157024793,111.99999999999976,56.0,0.0,0.0,0.0,0.0,1
0.0,0.0,0.0,0.0,0.0,0.0,0.0,0.0,0.0,0.0,0.0,0.0,0.0,44.16666666666666,0.0,0.0,0.0,0.0,0.0,0.0,0.0,18,1,0.5520661157024793,0.0,0.0,0.0,0.0,0.0,0.0,1
222.0,7.0,1.5977335345157606,0.0,0.0,0.0,0.0,0.0,30.0,5.0,1.436828668958032,0.0,0.0,42.9,0.0,0.0,0.0,0.0,6.0,694.0,4.0,19,1,0.5520661157024793,110.99999999999976,55.5,0.0,0.0,0.0,0.0,1
708.0,1.0,-1.000088900581841e-12,0.0,0.0,0.0,0.0,0.0,16.0,1.0,-1.000088900581841e-12,0.0,0.0,41.0,0.0,0.0,0.0,0.0,0.0,0.0,0.0,19,1,0.5520661157024793,333.82779992085733,232.5,0.0,0.0,0.0,0.0,2
704.0,5.0,0.6783788898030426,0.0,0.0,0.0,0.0,0.0,28.0,5.0,1.574097336843973,0.0,0.0,39.3,0.0,0.0,0.0,0.0,4.0,354.0,4.0,20,1,0.5520661157024793,355.28157846981026,408.5,0.0,0.0,0.0,0.0,2
706.0,3.0,0.7234981016014128,0.0,0.0,0.0,0.0,0.0,12.0,4.0,1.3296613488507585,0.0,0.0,35.27777777777778,0.0,0.0,0.0,0.0,0.0,340.0,0.0,20,1,0.5520661157024793,242.00550957915527,585.0,0.0,0.0,0.0,0.0,2
704.0,2.0,0.0621776517154248,0.0,0.0,0.0,0.0,0.0,16.0,3.0,0.9002560512655369,0.0,0.0,32.0,0.0,0.0,0.0,0.0,2.0,14.0,2.0,21,0,0.5520661157024793,1.9148542155000103,705.5,0.0,0.0,0.0,0.0,1
702.0,2.0,0.1192469263942449,0.0,0.0,0.0,0.0,0.0,14.0,4.0,1.351783994285646,0.0,0.0,29.83333333333333,0.0,0.0,0.0,0.0,2.0,14.0,2.0,21,0,0.5520661157024793,1.6329931618405826,704.0,0.0,0.0,0.0,0.0,1
708.0,2.0,0.157386556067709,0.0,0.0,0.0,0.0,0.0,4.0,1.0,-1.000088900581841e-12,0.0,0.0,27.33333333333333,0.0,0.0,0.0,0.0,2.0,128.0,2.0,22,0,0.5520661157024793,2.581988897462207,705.0,0.0,0.0,0.0,0.0,1
694.0,1.0,-1.000088900581841e-12,0.0,0.0,0.0,0.0,0.0,12.0,2.0,0.6365141682928128,0.0,0.0,25.5,0.0,0.0,0.0,2.0,0.0,0.0,0.0,22,0,0.5520661157024793,5.887840577547764,702.0,0.0,0.0,0.0,0.0,1
694.0,3.0,0.4701625872498954,0.0,0.0,0.0,0.0,0.0,34.0,4.0,1.1407201964094569,0.0,0.0,23.166666666666668,0.0,2.0,2.0,2.0,2.0,278.0,2.0,23,0,0.5520661157024793,6.806859285550477,699.5,0.0,0.0,0.0,0.0,1
704.0,1.0,-1.000088900581841e-12,0.0,0.0,0.0,0.0,0.0,0.0,0.0,0.0,0.0,0.0,21.166666666666668,0.0,0.0,0.0,0.0,0.0,0.0,0.0,23,0,0.5520661157024793,7.118052168017463,700.0,0.0,0.0,0.0,0.0,1
570.0,1.0,-1.000088900581841e-12,0.0,0.0,0.0,0.0,0.0,8.0,1.0,-1.000088900581841e-12,0.0,0.0,20.0,2.0,0.0,0.0,0.0,0.0,0.0,0.0,0,0,0.5520661157024793,63.84094819680092,665.5,0.0,0.0,0.0,0.0,1
0.0,0.0,0.0,0.0,0.0,0.0,0.0,0.0,0.0,0.0,0.0,0.0,0.0,18.666666666666668,0.0,0.0,0.0,0.0,2.0,0.0,0.0,0,0,0.5520661157024793,333.6145480440963,492.0,0.0,0.0,0.0,0.0,1
0.0,0.0,0.0,0.0,0.0,0.0,0.0,0.0,4.0,1.0,-1.000088900581841e-12,0.0,0.0,17.5,2.0,2.0,0.0,0.0,0.0,0.0,0.0,1,0,0.5520661157024793,371.8185041118852,318.5,0.0,0.0,0.0,0.0,1
64.0,4.0,1.1052386612327707,0.0,0.0,0.0,0.0,0.0,10.0,3.0,1.054920167983144,2.0,0.0,16.333333333333332,0.0,0.0,0.0,2.0,2.0,140.0,2.0,1,0,0.5520661157024793,275.9873185492405,158.5,0.0,0.0,0.0,0.0,1
698.0,3.0,0.2604671294544238,0.0,0.0,0.0,0.0,0.0,150.0,6.0,1.22060021849886,0.0,0.0,32.86206896551724,0.0,0.0,0.0,0.0,4.0,198.0,4.0,9,1,0.5520661157024793,315.4990755401141,262.5,0.0,0.0,0.0,0.0,2
708.0,10.0,0.8180048361635546,0.0,0.0,0.0,0.0,0.0,112.0,9.0,1.937525632121936,0.0,4.0,55.24,0.0,0.0,0.0,0.0,8.0,444.0,8.0,9,1,0.5520661157024793,317.7352147097747,439.5,0.0,0.0,0.0,0.0,2
708.0,4.0,0.2486413994177255,0.0,0.0,0.0,0.0,0.0,130.0,10.0,1.833161366557116,0.0,0.0,80.2,0.0,0.0,0.0,0.0,8.0,392.0,4.0,10,1,0.5520661157024793,208.386659841747,600.5,0.0,0.0,0.0,0.0,3
364.0,4.0,0.7217684559779642,0.0,0.0,0.0,0.0,0.0,82.0,8.0,1.4475031822624205,0.0,4.0,99.95238095238096,0.0,0.0,0.0,4.0,16.0,96.0,6.0,11,1,0.5520661157024793,171.99999999999991,622.0,0.0,0.0,0.0,0.0,2
710.0,3.0,0.4124672224392359,0.0,0.0,0.0,0.0,0.0,120.0,5.0,0.577513715371871,0.0,0.0,96.4,0.0,0.0,0.0,0.0,4.0,748.0,4.0,12,1,0.5520661157024793,171.36705245369262,621.0,0.0,0.0,0.0,0.0,2
710.0,9.0,1.929103412652548,0.0,0.0,0.0,0.0,0.0,156.0,8.0,1.6514703494069256,0.0,0.0,88.96,0.0,0.0,0.0,0.0,8.0,3460.0,8.0,13,1,0.5520661157024793,5.9999999999973,705.0,0.0,0.0,0.0,0.0,2
706.0,5.0,0.790990485690281,0.0,0.0,0.0,0.0,0.0,140.0,6.0,1.1741168544014036,0.0,0.0,77.16666666666667,0.0,0.0,0.0,0.0,8.0,152.0,8.0,14,1,0.5520661157024793,5.25991127935009,705.5,0.0,0.0,0.0,0.0,2
706.0,5.0,1.3376836432613235,0.0,0.0,0.0,0.0,0.0,44.0,6.0,1.591020268701019,0.0,0.0,74.76923076923077,0.0,0.0,0.0,0.0,8.0,500.0,6.0,15,1,0.5520661157024793,2.516611478417161,705.5,0.0,0.0,0.0,0.0,2
710.0,5.0,0.6953909108768379,0.0,0.0,0.0,0.0,0.0,40.0,6.0,1.6695801269754071,0.0,0.0,70.6,0.0,0.0,0.0,0.0,12.0,110.0,8.0,16,1,0.5520661157024793,3.415650255315129,705.5,0.0,0.0,0.0,0.0,3
696.0,1.0,-1.000088900581841e-12,0.0,0.0,0.0,0.0,0.0,36.0,3.0,0.6837389058457535,0.0,0.0,65.14285714285714,0.0,0.0,0.0,0.0,4.0,0.0,0.0,17,1,0.5520661157024793,5.887840577549145,704.0,0.0,0.0,0.0,0.0,3
700.0,3.0,0.5698845402256387,0.0,0.0,0.0,0.0,0.0,94.0,4.0,0.7183107979935827,0.0,0.0,62.142857142857146,0.0,0.0,0.0,0.0,12.0,0.0,8.0,18,1,0.5520661157024793,4.434711565213035,701.5,0.0,0.0,0.0,0.0,2
702.0,5.0,0.5581558853398484,0.0,0.0,0.0,0.0,0.0,68.0,5.0,1.4525706927573054,0.0,0.0,59.333333333333336,0.0,0.0,0.0,0.0,24.0,396.0,10.0,19,1,0.5520661157024793,1.914854215504196,701.5,0.0,0.0,0.0,0.0,2
704.0,6.0,1.5082688561185655,0.0,0.0,0.0,0.0,0.0,26.0,3.0,0.6870920273769716,0.0,0.0,54.5,0.0,0.0,0.0,0.0,28.0,596.0,16.0,20,1,0.5520661157024793,2.581988897465333,703.0,0.0,0.0,0.0,0.0,2
706.0,5.0,0.6184844528491833,0.0,0.0,0.0,0.0,0.0,48.0,3.0,0.887694275796104,0.0,0.0,48.75,0.0,0.0,0.0,0.0,16.0,248.0,12.0,21,0,0.5520661157024793,1.914854215504211,704.5,0.0,0.0,0.0,0.0,2
710.0,5.0,0.9060163369479316,0.0,0.0,0.0,0.0,0.0,12.0,3.0,1.0114042647043515,0.0,0.0,43.66666666666666,0.0,0.0,0.0,0.0,28.0,584.0,6.0,22,0,0.5520661157024793,5.97215762238692,703.5,0.0,0.0,0.0,0.0,1
702.0,3.0,0.0973836716639525,0.0,0.0,0.0,0.0,0.0,8.0,2.0,0.6931471805579453,0.0,0.0,36.833333333333336,0.0,0.0,0.0,0.0,4.0,24.0,4.0,23,0,0.5520661157024793,5.97215762238692,703.5,0.0,0.0,0.0,0.0,2
704.0,1.0,-1.000088900581841e-12,0.0,0.0,0.0,0.0,0.0,0.0,0.0,0.0,0.0,0.0,35.0,0.0,0.0,0.0,0.0,4.0,0.0,0.0,0,0,0.5520661157024793,1.914854215504211,703.5,0.0,0.0,0.0,0.0,1
712.0,1.0,-1.000088900581841e-12,0.0,0.0,0.0,0.0,0.0,0.0,0.0,0.0,0.0,0.0,34.0,0.0,0.0,0.0,0.0,0.0,0.0,0.0,1,0,0.5520661157024793,4.760952285691823,707.0,0.0,0.0,0.0,0.0,1
0.0,0.0,0.0,0.0,0.0,0.0,0.0,0.0,0.0,0.0,0.0,0.0,0.0,34.0,0.0,0.0,0.0,0.0,0.0,0.0,0.0,2,0,0.5520661157024793,374.0249546041903,391.0,0.0,0.0,0.0,0.0,2
0.0,0.0,0.0,0.0,0.0,0.0,0.0,0.0,0.0,0.0,0.0,0.0,0.0,34.0,0.0,0.0,0.0,0.0,0.0,0.0,0.0,3,0,0.5520661157024793,70.99999999999977,35.5,0.0,0.0,0.0,0.0,1
0.0,0.0,0.0,0.0,0.0,0.0,0.0,0.0,2.0,1.0,-1.000088900581841e-12,0.0,0.0,33.0,6.0,0.0,0.0,0.0,0.0,0.0,0.0,4,0,0.5520661157024793,0.0,0.0,0.0,0.0,0.0,0.0,2
0.0,0.0,0.0,0.0,0.0,0.0,0.0,0.0,0.0,0.0,0.0,0.0,0.0,33.0,0.0,0.0,0.0,0.0,0.0,0.0,0.0,5,0,0.5520661157024793,0.0,0.0,0.0,0.0,0.0,0.0,2
0.0,0.0,0.0,0.0,0.0,0.0,0.0,0.0,0.0,0.0,0.0,0.0,0.0,33.0,0.0,0.0,0.0,0.0,0.0,0.0,0.0,6,0,0.5520661157024793,0.0,0.0,0.0,0.0,0.0,0.0,2
708.0,2.0,0.6262718157144234,0.0,56.0,0.0,0.0,0.0,100.0,7.0,1.6281068886620562,0.0,0.0,46.66666666666666,0.0,6.0,0.0,0.0,24.0,832.0,16.0,12,1,0.5520661157024793,7.302967433399573,704.0,50.53051883103253,67.0,0.0,0.0,2
714.0,7.0,0.8179635574489613,0.0,0.0,0.0,14.0,0.0,56.0,5.0,1.5408020623297838,0.0,0.0,40.03846153846154,0.0,8.0,0.0,8.0,16.0,2020.0,8.0,13,1,0.5520661157024793,4.434711565212347,709.5,50.17303392593808,40.0,7.0,3.5,1
712.0,5.0,0.8044936904397438,0.0,0.0,0.0,0.0,0.0,132.0,3.0,0.5598081711802035,0.0,0.0,28.625,0.0,0.0,0.0,0.0,40.0,3884.0,20.0,14,1,0.5520661157024793,5.887840577548622,708.0,0.0,0.0,7.0,3.5,2
714.0,6.0,1.150255704768993,0.0,0.0,0.0,0.0,0.0,280.0,7.0,1.3719465730443805,0.0,8.0,50.86666666666667,0.0,0.0,0.0,0.0,48.0,62.0,24.0,15,1,0.5520661157024793,7.0237691685657495,707.0,0.0,0.0,0.0,0.0,2
652.0,1.0,-1.000088900581841e-12,0.0,0.0,0.0,0.0,0.0,52.0,4.0,1.185127903556458,0.0,0.0,92.36666666666666,0.0,0.0,0.0,0.0,0.0,0.0,0.0,16,1,0.5520661157024793,27.92848008753718,693.0,0.0,0.0,0.0,0.0,2
0.0,0.0,0.0,0.0,0.0,0.0,0.0,0.0,36.0,2.0,0.3488320958410319,0.0,0.0,100.0,0.0,0.0,0.0,0.0,0.0,0.0,0.0,17,1,0.5520661157024793,392.6402085030687,339.5,0.0,0.0,0.0,0.0,2
0.0,0.0,0.0,0.0,0.0,0.0,0.0,0.0,4.0,1.0,-1.000088900581841e-12,0.0,0.0,100.0,0.0,0.0,0.0,0.0,0.0,0.0,0.0,18,1,0.5520661157024793,0.0,0.0,0.0,0.0,0.0,0.0,2
80.0,3.0,1.0798705879310926,0.0,0.0,0.0,0.0,0.0,26.0,5.0,1.4180693652466907,0.0,0.0,100.0,0.0,0.0,0.0,0.0,16.0,12.0,6.0,19,1,0.5520661157024793,39.99999999999928,20.0,0.0,0.0,0.0,0.0,2
698.0,4.0,0.9118269599916524,0.0,0.0,0.0,0.0,0.0,130.0,5.0,1.0822144506042792,0.0,0.0,95.0,0.0,0.0,0.0,0.0,48.0,394.0,16.0,20,1,0.5520661157024793,383.61265185948525,371.0,0.0,0.0,0.0,0.0,2
620.0,1.0,-1.000088900581841e-12,0.0,0.0,0.0,0.0,0.0,42.0,4.0,0.8000458530491239,0.0,0.0,92.83333333333331,8.0,0.0,0.0,0.0,0.0,0.0,0.0,21,0,0.5520661157024793,40.23265671897182,680.0,0.0,0.0,0.0,0.0,2
364.0,2.0,0.3226617101226002,0.0,0.0,0.0,0.0,0.0,116.0,4.0,1.0358299057955986,0.0,0.0,90.42857142857144,0.0,0.0,6.0,0.0,24.0,290.0,16.0,22,0,0.5520661157024793,313.95965770567824,420.0,0.0,0.0,0.0,0.0,2
708.0,3.0,0.4007583884464271,0.0,0.0,0.0,0.0,0.0,102.0,3.0,0.700273928281871,0.0,0.0,86.22222222222223,0.0,0.0,0.0,0.0,64.0,2644.0,30.0,23,0,0.5520661157024793,337.06181431106467,444.0,0.0,0.0,0.0,0.0,2
700.0,3.0,0.8654258633492384,0.0,0.0,0.0,0.0,0.0,40.0,2.0,0.5004024235361879,0.0,0.0,83.5,0.0,8.0,0.0,0.0,16.0,152.0,12.0,0,0,0.5520661157024793,3.2659863237074465,704.0,0.0,0.0,0.0,0.0,2
712.0,4.0,0.3010249700623177,0.0,0.0,0.0,0.0,0.0,74.0,3.0,1.0307302779662473,0.0,0.0,78.125,0.0,0.0,0.0,0.0,24.0,8008.0,10.0,1,0,0.5520661157024793,4.999999999997738,705.5,0.0,0.0,0.0,0.0,2
712.0,1.0,-1.000088900581841e-12,0.0,0.0,0.0,0.0,0.0,8.0,1.0,-1.000088900581841e-12,0.0,0.0,66.0,0.0,0.0,0.0,0.0,8.0,0.0,0.0,8,1,0.5520661157024793,355.99999999999994,178.0,0.0,0.0,0.0,0.0,2
0.0,0.0,0.0,0.0,0.0,0.0,0.0,0.0,0.0,0.0,0.0,0.0,0.0,66.0,0.0,0.0,0.0,0.0,0.0,0.0,0.0,9,1,0.5520661157024793,411.6515516793298,356.5,0.0,0.0,0.0,0.0,2
690.0,7.0,1.1826180602137546,0.0,0.0,0.0,0.0,0.0,274.0,9.0,1.5875865997635554,0.0,0.0,56.76923076923077,0.0,0.0,0.0,0.0,32.0,1400.0,12.0,10,1,0.5520661157024793,331.3668661770515,461.0,7.000000000000011,3.5,0.0,0.0,2
704.0,4.0,0.8745518273270415,0.0,0.0,0.0,0.0,0.0,186.0,5.0,0.7864820935395838,0.0,0.0,52.5,0.0,0.0,0.0,0.0,24.0,148.0,14.0,11,1,0.5520661157024793,129.1342970192916,633.5,7.000000000000011,3.5,0.0,0.0,2
704.0,3.0,0.1365462029116668,0.0,0.0,0.0,0.0,0.0,14.0,3.0,1.0789922078745833,0.0,0.0,51.0,0.0,0.0,0.0,0.0,8.0,120.0,4.0,12,1,0.5520661157024793,2.516611478415847,703.5,0.0,0.0,0.0,0.0,2
708.0,6.0,1.199491105019335,0.0,0.0,0.0,0.0,0.0,78.0,5.0,0.9734249969546624,0.0,0.0,46.9,0.0,0.0,0.0,0.0,16.0,2090.0,12.0,13,1,0.5520661157024793,1.6329931618435356,706.0,0.0,0.0,0.0,0.0,2
706.0,4.0,0.7015554644640505,0.0,0.0,0.0,0.0,0.0,48.0,5.0,1.3622749228876496,0.0,0.0,40.5,0.0,0.0,0.0,0.0,48.0,982.0,26.0,14,1,0.5520661157024793,0.99999999998055,706.5,0.0,0.0,0.0,0.0,2
706.0,2.0,0.0489823885595826,0.0,0.0,0.0,0.0,0.0,30.0,4.0,0.953271014701891,0.0,0.0,36.0,0.0,0.0,0.0,0.0,16.0,1580.0,10.0,15,1,0.5520661157024793,0.0,706.0,0.0,0.0,0.0,0.0,2
702.0,7.0,1.253469817800792,0.0,0.0,0.0,0.0,0.0,96.0,6.0,1.327570118705439,0.0,0.0,30.0625,0.0,0.0,0.0,0.0,16.0,786.0,6.0,16,1,0.5520661157024793,2.516611478415847,705.5,0.0,0.0,0.0,0.0,2
692.0,2.0,0.0197832147209869,0.0,0.0,0.0,0.0,0.0,50.0,3.0,0.8945510979948214,0.0,0.0,24.666666666666668,0.0,0.0,0.0,0.0,24.0,22.0,8.0,17,1,0.5520661157024793,7.393691004270328,699.0,0.0,0.0,0.0,0.0,2
704.0,1.0,-1.000088900581841e-12,0.0,0.0,0.0,0.0,0.0,118.0,5.0,1.0501574371840727,0.0,0.0,44.06666666666667,0.0,0.0,0.0,0.0,0.0,0.0,0.0,18,1,0.5520661157024793,5.744562646534662,695.5,0.0,0.0,0.0,0.0,2
572.0,8.0,1.374672181300514,0.0,0.0,0.0,0.0,0.0,92.0,7.0,1.6306556730198232,0.0,0.0,94.03333333333332,0.0,0.0,0.0,0.0,24.0,756.0,16.0,19,1,0.5520661157024793,74.67931440499412,633.5,0.0,0.0,0.0,0.0,2
700.0,1.0,-1.000088900581841e-12,0.0,0.0,0.0,0.0,0.0,22.0,5.0,1.5157079520807129,0.0,0.0,96.0,0.0,0.0,0.0,0.0,16.0,38.0,8.0,20,1,0.5520661157024793,78.04912982645372,636.5,0.0,0.0,0.0,0.0,2
704.0,5.0,1.0914093459814342,0.0,0.0,0.0,0.0,0.0,180.0,4.0,0.6412185546925376,0.0,0.0,91.64285714285714,0.0,0.0,0.0,0.0,42.0,3050.0,18.0,21,0,0.5520661157024793,3.82970843102042,703.0,0.0,0.0,0.0,0.0,2
702.0,2.0,0.5839094984244945,0.0,0.0,0.0,0.0,0.0,34.0,3.0,0.9560443809641458,0.0,0.0,88.5,0.0,0.0,0.0,0.0,40.0,328.0,24.0,22,0,0.5520661157024793,3.415650255314336,703.5,0.0,0.0,0.0,0.0,1
708.0,4.0,0.4210901924932017,0.0,0.0,0.0,0.0,0.0,36.0,3.0,0.6546695645255007,0.0,0.0,85.28571428571429,0.0,0.0,0.0,0.0,50.0,782.0,28.0,23,0,0.5520661157024793,2.999999999993716,706.5,0.0,0.0,0.0,0.0,2
708.0,5.0,0.8931590892306152,0.0,0.0,0.0,0.0,0.0,60.0,4.0,1.266988459597778,2.0,0.0,69.88888888888889,0.0,0.0,6.0,0.0,70.0,878.0,28.0,0,0,0.5520661157024793,0.9999999999811752,708.5,0.0,0.0,0.0,0.0,2
0.0,0.0,0.0,0.0,0.0,0.0,0.0,0.0,0.0,0.0,0.0,0.0,0.0,62.0,0.0,0.0,0.0,0.0,0.0,0.0,0.0,7,0,0.5520661157024793,0.0,0.0,0.0,0.0,0.0,0.0,1
678.0,6.0,0.7857905675300785,0.0,12.0,0.0,0.0,0.0,36.0,8.0,1.9661755171415711,0.0,0.0,60.0,0.0,8.0,0.0,0.0,30.0,248.0,10.0,8,1,0.5520661157024793,339.0,169.5,6.000000000000012,3.0,0.0,0.0,2
638.0,3.0,0.0912364670379079,0.0,0.0,0.0,0.0,0.0,470.0,8.0,0.8460867570263441,0.0,0.0,94.27586206896552,0.0,0.0,0.0,0.0,10.0,48.0,4.0,9,1,0.5520661157024793,334.3266865407745,500.5,6.000000000000012,3.0,0.0,0.0,2
704.0,2.0,0.0194949129923502,0.0,0.0,0.0,0.0,0.0,40.0,5.0,1.4150225884885588,0.0,0.0,100.0,0.0,0.0,0.0,0.0,10.0,0.0,0.0,10,1,0.5520661157024793,30.33150177620567,682.0,0.0,0.0,0.0,0.0,2
2.0,1.0,-1.000088900581841e-12,0.0,0.0,0.0,0.0,0.0,42.0,3.0,0.5940241655794705,0.0,0.0,100.0,0.0,0.0,0.0,0.0,0.0,0.0,0.0,11,1,0.5520661157024793,350.3384078287734,527.5,0.0,0.0,0.0,0.0,2
704.0,1.0,-1.000088900581841e-12,0.0,0.0,0.0,0.0,0.0,2.0,1.0,-1.000088900581841e-12,0.0,0.0,98.5,0.0,0.0,0.0,0.0,0.0,0.0,0.0,12,1,0.5520661157024793,365.8524292662275,392.0,0.0,0.0,0.0,0.0,2
702.0,3.0,0.1948203070026011,0.0,0.0,0.0,0.0,0.0,10.0,2.0,0.6730116670072565,0.0,0.0,96.0,0.0,0.0,0.0,0.0,10.0,108.0,8.0,13,1,0.5520661157024793,273.004883961197,567.5,0.0,0.0,0.0,0.0,2
702.0,4.0,1.1016217727545798,0.0,0.0,0.0,0.0,0.0,56.0,6.0,1.6086036170959424,0.0,0.0,91.25,0.0,0.0,0.0,0.0,80.0,2814.0,30.0,14,1,0.5520661157024793,2.9999999999951528,704.5,0.0,0.0,0.0,0.0,2
698.0,2.0,0.0352954379520603,0.0,0.0,0.0,0.0,0.0,44.0,7.0,1.5526047617899186,0.0,0.0,79.55555555555556,0.0,10.0,0.0,10.0,0.0,38.0,0.0,15,1,0.5520661157024793,6.2182527020568745,705.0,0.0,0.0,0.0,0.0,2
530.0,4.0,1.0049107117952136,0.0,0.0,0.0,0.0,0.0,130.0,7.0,1.662773994596979,0.0,10.0,77.5625,4.0,0.0,0.0,0.0,50.0,550.0,16.0,16,1,0.5520661157024793,86.88689966464051,660.0,0.0,0.0,0.0,0.0,2
698.0,2.0,0.0626134656952733,0.0,0.0,0.0,0.0,0.0,50.0,6.0,1.6301001713880647,0.0,0.0,99.56666666666666,0.0,0.0,0.0,0.0,10.0,36.0,6.0,17,1,0.5520661157024793,85.73408501484872,658.5,0.0,0.0,0.0,0.0,2
44.0,1.0,-1.000088900581841e-12,0.0,0.0,0.0,0.0,0.0,20.0,4.0,1.3321790402061222,0.0,0.0,100.0,0.0,0.0,0.0,0.0,0.0,0.0,0.0,18,1,0.5520661157024793,329.01621034026067,537.5,0.0,0.0,0.0,0.0,2
0.0,0.0,0.0,0.0,0.0,0.0,0.0,0.0,20.0,3.0,1.054920167983144,0.0,0.0,100.0,0.0,0.0,0.0,0.0,0.0,0.0,0.0,19,1,0.5520661157024793,344.2920272094606,186.5,0.0,0.0,0.0,0.0,2
696.0,2.0,0.149994923608415,0.0,0.0,0.0,0.0,0.0,90.0,7.0,1.175531885790997,0.0,0.0,98.66666666666669,0.0,0.0,0.0,0.0,10.0,28.0,4.0,20,1,0.5520661157024793,331.59010841700325,208.0,0.0,0.0,0.0,0.0,2
700.0,1.0,-1.000088900581841e-12,0.0,0.0,0.0,0.0,0.0,56.0,5.0,1.1088473561082486,0.0,0.0,95.5,0.0,0.0,0.0,0.0,0.0,0.0,0.0,21,0,0.5520661157024793,282.3632412336988,559.5,0.0,0.0,0.0,0.0,2
708.0,5.0,1.135365035083129,0.0,0.0,0.0,0.0,0.0,82.0,4.0,1.2433792171340263,0.0,0.0,90.9047619047619,0.0,10.0,0.0,8.0,90.0,3542.0,40.0,22,0,0.5520661157024793,64.42308075009538,672.5,0.0,0.0,0.0,0.0,2
708.0,5.0,0.6381548341142007,0.0,0.0,0.0,0.0,0.0,234.0,4.0,0.5925969084092575,0.0,0.0,85.0,0.0,0.0,0.0,0.0,50.0,2932.0,26.0,23,0,0.5520661157024793,65.6734345074169,674.5,0.0,0.0,0.0,0.0,2
714.0,6.0,0.7017240461226216,0.0,0.0,0.0,0.0,0.0,136.0,3.0,0.2088978977563963,0.0,0.0,75.25925925925925,0.0,0.0,0.0,0.0,20.0,8694.0,6.0,0,0,0.5520661157024793,4.760952285692593,711.0,0.0,0.0,0.0,0.0,2
0.0,0.0,0.0,0.0,0.0,0.0,0.0,0.0,0.0,0.0,0.0,0.0,0.0,67.0,0.0,0.0,0.0,0.0,0.0,0.0,0.0,7,0,0.5520661157024793,0.0,0.0,0.0,0.0,0.0,0.0,2
708.0,1.0,-1.000088900581841e-12,0.0,0.0,0.0,0.0,0.0,8.0,1.0,-1.000088900581841e-12,0.0,0.0,66.0,0.0,0.0,0.0,0.0,10.0,0.0,0.0,8,1,0.5520661157024793,353.99999999999994,177.0,0.0,0.0,0.0,0.0,3
708.0,6.0,1.557123918095077,0.0,0.0,0.0,0.0,0.0,48.0,6.0,1.5727304786138223,0.0,0.0,59.5,0.0,0.0,0.0,0.0,20.0,2264.0,6.0,9,1,0.5520661157024793,349.88140848007333,524.5,4.000000000000019,2.0,0.0,0.0,3
690.0,3.0,0.3587032005143775,0.0,12.0,0.0,0.0,0.0,96.0,6.0,1.5292928670351025,0.0,0.0,52.25,0.0,0.0,0.0,0.0,30.0,86.0,12.0,10,1,0.5520661157024793,11.704699910716592,695.5,6.000000000000012,5.0,0.0,0.0,2
710.0,1.0,-1.000088900581841e-12,0.0,0.0,0.0,0.0,0.0,40.0,6.0,1.6088829638579007,0.0,0.0,48.333333333333336,0.0,0.0,0.0,0.0,10.0,0.0,4.0,11,1,0.5520661157024793,8.544003745313375,699.5,6.000000000000012,3.0,0.0,0.0,2
704.0,4.0,0.9576400411124456,0.0,0.0,0.0,0.0,0.0,90.0,4.0,1.2148067789014587,0.0,0.0,36.57142857142857,0.0,0.0,0.0,0.0,30.0,2904.0,12.0,12,1,0.5520661157024793,6.633249580705444,705.0,9.000000000000009,4.5,0.0,0.0,1
662.0,5.0,0.9703039506369106,0.0,0.0,0.0,0.0,0.0,164.0,7.0,1.5681685718138167,0.0,0.0,27.894736842105264,0.0,0.0,0.0,0.0,70.0,1022.0,30.0,15,1,0.5520661157024793,330.0505011863082,528.0,46.629747300766425,29.5,0.0,0.0,2
702.0,1.0,-1.000088900581841e-12,0.0,0.0,0.0,0.0,0.0,24.0,2.0,0.6931471805579453,0.0,0.0,28.166666666666668,0.0,0.0,0.0,0.0,40.0,448.0,18.0,16,1,0.5520661157024793,328.23721097198376,525.5,10.000000000000004,5.0,0.0,0.0,1
692.0,3.0,0.8073223508931954,0.0,0.0,0.0,0.0,0.0,254.0,10.0,1.7948990248550447,0.0,0.0,58.56666666666667,0.0,0.0,0.0,0.0,20.0,130.0,4.0,17,1,0.5520661157024793,6.806859285547403,701.5,0.0,0.0,0.0,0.0,2
710.0,6.0,1.2700609183542837,0.0,0.0,0.0,0.0,0.0,132.0,7.0,1.2580247052080709,0.0,0.0,84.5909090909091,0.0,0.0,0.0,0.0,30.0,2154.0,20.0,18,1,0.5520661157024793,8.386497083600698,704.5,0.0,0.0,0.0,0.0,2
694.0,3.0,0.4365225087360769,0.0,0.0,0.0,0.0,0.0,86.0,7.0,1.5871206701529306,0.0,10.0,81.0,0.0,0.0,0.0,0.0,20.0,136.0,6.0,19,1,0.5520661157024793,8.164965809271738,702.0,0.0,0.0,0.0,0.0,2
698.0,5.0,1.1801858263381548,0.0,0.0,0.0,0.0,0.0,144.0,5.0,1.0001972951877305,0.0,0.0,99.3529411764706,0.0,0.0,0.0,0.0,60.0,1258.0,20.0,20,1,0.5520661157024793,1.914854215489096,695.5,0.0,0.0,0.0,0.0,2
704.0,1.0,-1.000088900581841e-12,0.0,0.0,0.0,0.0,0.0,74.0,4.0,0.9259408858731704,0.0,0.0,94.83333333333331,0.0,0.0,0.0,0.0,20.0,952.0,6.0,21,0,0.5520661157024793,4.898979485557142,700.0,0.0,0.0,0.0,0.0,2
696.0,4.0,0.7201552500826687,0.0,0.0,0.0,0.0,0.0,64.0,4.0,0.6452456705132861,0.0,0.0,90.2,0.0,0.0,0.0,0.0,30.0,492.0,2.0,22,0,0.5520661157024793,4.618802153507234,700.0,22.000000000000004,11.0,0.0,0.0,1
704.0,4.0,1.1688798100460247,0.0,0.0,0.0,0.0,0.0,44.0,3.0,0.6889170862607753,0.0,0.0,85.14285714285714,0.0,0.0,0.0,0.0,70.0,392.0,38.0,23,0,0.5520661157024793,4.618802153507234,700.0,22.000000000000004,11.0,0.0,0.0,1
692.0,4.0,0.7569248193494518,0.0,0.0,0.0,0.0,0.0,20.0,3.0,0.9433483923260392,0.0,0.0,77.66666666666667,0.0,0.0,10.0,0.0,20.0,640.0,10.0,0,0,0.5520661157024793,8.246211251229836,703.0,0.0,0.0,0.0,0.0,2
696.0,4.0,0.4998530990064629,0.0,0.0,0.0,0.0,0.0,18.0,3.0,0.936888307536016,0.0,0.0,74.5,0.0,0.0,0.0,0.0,10.0,146.0,8.0,1,0,0.5520661157024793,8.869423130428277,699.0,0.0,0.0,0.0,0.0,2
0.0,0.0,0.0,0.0,0.0,0.0,0.0,0.0,2.0,1.0,-1.000088900581841e-12,0.0,0.0,65.0,0.0,0.0,0.0,0.0,0.0,0.0,0.0,8,1,0.5520661157024793,0.0,0.0,0.0,0.0,0.0,0.0,1
0.0,0.0,0.0,0.0,0.0,0.0,0.0,0.0,0.0,0.0,0.0,0.0,0.0,62.16666666666666,0.0,0.0,0.0,0.0,0.0,0.0,0.0,9,1,0.5520661157024793,0.0,0.0,0.0,0.0,0.0,0.0,1
696.0,5.0,0.8877699434865128,0.0,0.0,0.0,0.0,0.0,44.0,5.0,1.5157079520807129,0.0,0.0,57.90909090909091,0.0,0.0,0.0,0.0,20.0,692.0,8.0,10,1,0.5520661157024793,334.6699867033193,199.0,0.0,0.0,0.0,0.0,1
700.0,2.0,0.3374601218903044,0.0,0.0,0.0,0.0,0.0,60.0,5.0,1.3306398764262592,0.0,0.0,54.833333333333336,0.0,0.0,0.0,0.0,10.0,0.0,6.0,11,1,0.5520661157024793,299.00445927555427,548.5,0.0,0.0,0.0,0.0,1
700.0,2.0,0.0624674584401675,0.0,0.0,0.0,0.0,0.0,30.0,2.0,0.6365141682928128,0.0,0.0,50.625,0.0,0.0,0.0,0.0,50.0,1210.0,28.0,12,1,0.5520661157024793,1.9148542154924109,698.5,0.0,0.0,0.0,0.0,1
708.0,3.0,0.5117175880325602,0.0,0.0,0.0,0.0,0.0,20.0,3.0,0.8979457248537798,0.0,0.0,41.285714285714285,0.0,0.0,0.0,0.0,30.0,2480.0,18.0,14,1,0.5520661157024793,15.70562531918386,695.0,0.0,0.0,0.0,0.0,1
704.0,1.0,-1.000088900581841e-12,0.0,0.0,0.0,0.0,0.0,2.0,1.0,-1.000088900581841e-12,0.0,0.0,37.66666666666666,0.0,0.0,0.0,0.0,20.0,0.0,0.0,15,1,0.5520661157024793,1.6329931618318163,706.0,0.0,0.0,0.0,0.0,1
700.0,3.0,0.6597468522864931,0.0,0.0,0.0,0.0,0.0,8.0,3.0,1.039720770836918,0.0,0.0,31.4,0.0,0.0,0.0,0.0,60.0,1192.0,8.0,16,1,0.5520661157024793,4.1633319989229856,705.0,77.0,38.5,0.0,0.0,1
686.0,5.0,0.854572728505191,0.0,0.0,0.0,0.0,0.0,82.0,5.0,1.4928516316311735,0.0,10.0,26.071428571428573,0.0,0.0,0.0,0.0,20.0,718.0,10.0,17,1,0.5520661157024793,9.865765724628584,699.0,77.0,38.5,0.0,0.0,2
700.0,2.0,0.0748759732300604,0.0,150.0,0.0,0.0,0.0,158.0,7.0,1.5898864827767558,0.0,0.0,61.90909090909091,0.0,0.0,0.0,10.0,110.0,674.0,26.0,18,1,0.5520661157024793,7.895146188213125,697.5,75.0,37.5,0.0,0.0,2
700.0,3.0,0.7576635187889703,0.0,0.0,0.0,0.0,0.0,10.0,2.0,0.5004024235361879,0.0,0.0,59.0,0.0,0.0,0.0,0.0,100.0,150.0,10.0,19,1,0.5520661157024793,4.123105625608288,699.5,73.76313442364011,39.5,0.0,0.0,1
696.0,3.0,0.7691335314406722,0.0,0.0,0.0,0.0,0.0,8.0,2.0,0.6931471805579453,0.0,0.0,56.0,0.0,0.0,0.0,0.0,60.0,96.0,6.0,20,1,0.5520661157024793,2.581988897456652,697.0,3.9999999999999742,2.0,0.0,0.0,1
694.0,4.0,0.5372700172840451,0.0,0.0,0.0,0.0,0.0,38.0,5.0,1.4301030049547614,0.0,0.0,52.875,0.0,0.0,0.0,0.0,70.0,42.0,22.0,21,0,0.5520661157024793,2.581988897456652,697.0,0.0,0.0,0.0,0.0,2
696.0,2.0,0.5804957071326713,0.0,0.0,0.0,0.0,0.0,46.0,7.0,1.755997594081261,0.0,0.0,49.0,0.0,10.0,0.0,0.0,10.0,230.0,8.0,22,0,0.5520661157024793,2.5166114784082314,696.5,26.0,13.0,0.0,0.0,1
698.0,1.0,-1.000088900581841e-12,0.0,0.0,0.0,0.0,0.0,14.0,3.0,0.9556998911095343,0.0,0.0,46.0,0.0,0.0,0.0,0.0,0.0,0.0,0.0,23,0,0.5520661157024793,0.9999999999613844,696.5,26.0,13.0,0.0,0.0,1
0.0,0.0,0.0,0.0,0.0,0.0,0.0,0.0,4.0,1.0,-1.000088900581841e-12,0.0,0.0,45.0,0.0,0.0,0.0,0.0,0.0,0.0,0.0,0,0,0.5520661157024793,332.55575973561673,439.0,0.0,0.0,0.0,0.0,1
0.0,0.0,0.0,0.0,0.0,0.0,0.0,0.0,0.0,0.0,0.0,0.0,0.0,31.33333333333333,0.0,0.0,0.0,0.0,0.0,0.0,0.0,7,0,0.5520661157024793,0.0,0.0,0.0,0.0,0.0,0.0,1
0.0,0.0,0.0,0.0,0.0,0.0,0.0,0.0,4.0,1.0,-1.000088900581841e-12,0.0,0.0,28.5,0.0,0.0,0.0,0.0,0.0,0.0,0.0,8,1,0.5520661157024793,0.0,0.0,0.0,0.0,0.0,0.0,1
696.0,7.0,1.1834996398757862,0.0,0.0,0.0,0.0,0.0,50.0,6.0,1.609690283292859,0.0,10.0,26.0,0.0,0.0,0.0,0.0,20.0,470.0,2.0,9,1,0.5520661157024793,347.9999999999999,174.0,0.0,0.0,0.0,0.0,1
698.0,3.0,0.1287766719962492,0.0,0.0,0.0,0.0,0.0,90.0,6.0,1.2524756157943802,0.0,0.0,75.46666666666667,0.0,0.0,0.0,0.0,20.0,148.0,8.0,10,1,0.5520661157024793,349.3422390722312,524.0,0.0,0.0,0.0,0.0,2
704.0,5.0,1.2475844153795943,0.0,0.0,0.0,0.0,0.0,104.0,7.0,1.7024157940172409,0.0,0.0,99.14285714285714,0.0,0.0,0.0,0.0,60.0,1574.0,16.0,11,1,0.5520661157024793,3.4156502553094623,702.5,0.0,0.0,0.0,0.0,1
708.0,8.0,1.6735621334942987,0.0,0.0,0.0,0.0,0.0,98.0,5.0,1.4182616877441605,0.0,0.0,91.36363636363636,0.0,0.0,0.0,0.0,90.0,2870.0,40.0,12,1,0.5520661157024793,5.259911279346405,703.5,0.0,0.0,0.0,0.0,1
706.0,6.0,1.0239166453556987,0.0,0.0,0.0,0.0,0.0,48.0,3.0,0.5442837329664394,0.0,0.0,83.07142857142857,0.0,0.0,0.0,0.0,10.0,1056.0,6.0,13,1,0.5520661157024793,5.416025603084072,704.0,0.0,0.0,0.0,0.0,1
710.0,3.0,0.6657218115411678,0.0,0.0,0.0,0.0,0.0,14.0,2.0,0.6829081046984717,0.0,0.0,76.22222222222223,0.0,0.0,0.0,0.0,20.0,1574.0,2.0,14,1,0.5520661157024793,2.516611478409459,706.5,0.0,0.0,0.0,0.0,2
700.0,2.0,0.1856974081670181,0.0,0.0,0.0,0.0,0.0,24.0,3.0,0.8239592164980822,0.0,0.0,73.25,0.0,0.0,0.0,0.0,10.0,4.0,2.0,15,1,0.5520661157024793,4.163331998923721,705.0,0.0,0.0,0.0,0.0,1
694.0,1.0,-1.000088900581841e-12,0.0,0.0,0.0,0.0,0.0,34.0,3.0,0.7529746827628886,0.0,0.0,69.5,0.0,0.0,0.0,0.0,0.0,0.0,0.0,16,1,0.5520661157024793,4.999999999992872,700.5,0.0,0.0,0.0,0.0,1
0.0,0.0,0.0,0.0,0.0,0.0,0.0,0.0,0.0,0.0,0.0,0.0,0.0,67.16666666666667,0.0,0.0,0.0,0.0,0.0,0.0,0.0,17,1,0.5520661157024793,387.5134406271176,363.0,0.0,0.0,0.0,0.0,1
0.0,0.0,0.0,0.0,0.0,0.0,0.0,0.0,16.0,1.0,-1.000088900581841e-12,0.0,0.0,66.0,0.0,0.0,0.0,0.0,0.0,0.0,0.0,18,1,0.5520661157024793,27.999999999998384,14.0,0.0,0.0,0.0,0.0,1
698.0,1.0,-1.000088900581841e-12,0.0,0.0,0.0,0.0,0.0,0.0,0.0,0.0,0.0,0.0,61.5,0.0,0.0,0.0,0.0,0.0,0.0,0.0,19,1,0.5520661157024793,329.75293781860364,243.5,0.0,0.0,0.0,0.0,1
694.0,1.0,-1.000088900581841e-12,0.0,0.0,0.0,0.0,0.0,0.0,0.0,0.0,0.0,0.0,57.833333333333336,0.0,0.0,0.0,0.0,0.0,0.0,0.0,20,1,0.5520661157024793,199.10717382019808,545.5,0.0,0.0,0.0,0.0,1
704.0,2.0,0.6927435880362411,0.0,0.0,0.0,0.0,0.0,8.0,2.0,0.6931471805579453,0.0,0.0,51.66666666666666,0.0,0.0,0.0,0.0,10.0,0.0,6.0,21,0,0.5520661157024793,93.81364506296458,654.5,0.0,0.0,0.0,0.0,1
702.0,1.0,-1.000088900581841e-12,0.0,0.0,0.0,0.0,0.0,0.0,0.0,0.0,0.0,0.0,49.0,0.0,0.0,0.0,0.0,0.0,0.0,0.0,22,0,0.5520661157024793,1.632993161824031,704.0,0.0,0.0,0.0,0.0,2
36.0,1.0,-1.000088900581841e-12,0.0,0.0,0.0,0.0,0.0,8.0,3.0,1.039720770836918,0.0,0.0,48.0,6.0,0.0,0.0,0.0,10.0,22.0,2.0,23,0,0.5520661157024793,332.0281112596742,534.0,0.0,0.0,0.0,0.0,1
700.0,3.0,0.1495448998752839,0.0,0.0,0.0,0.0,0.0,16.0,3.0,1.039720770836918,0.0,0.0,46.5,0.0,0.0,0.0,0.0,12.0,122.0,6.0,0,0,0.5520661157024793,331.01208437155265,532.5,0.0,0.0,0.0,0.0,1
0.0,0.0,0.0,0.0,0.0,0.0,0.0,0.0,4.0,1.0,-1.000088900581841e-12,0.0,0.0,36.833333333333336,0.0,0.0,0.0,0.0,0.0,0.0,0.0,7,0,0.5520661157024793,0.0,0.0,0.0,0.0,0.0,0.0,1
700.0,1.0,-1.000088900581841e-12,0.0,0.0,0.0,0.0,0.0,0.0,0.0,0.0,0.0,0.0,34.166666666666664,12.0,0.0,0.0,0.0,24.0,0.0,0.0,8,1,0.5520661157024793,334.9268576868685,262.0,0.0,0.0,0.0,0.0,1
602.0,2.0,0.0399377637338022,0.0,0.0,0.0,0.0,0.0,26.0,4.0,1.2047933096907844,0.0,0.0,31.142857142857142,0.0,0.0,0.0,0.0,12.0,68.0,12.0,9,1,0.5520661157024793,179.45380092566043,499.5,0.0,0.0,0.0,0.0,1
708.0,7.0,1.089450297748373,0.0,0.0,0.0,0.0,0.0,82.0,9.0,1.8498217687656,0.0,12.0,38.76923076923077,0.0,0.0,0.0,0.0,12.0,1508.0,6.0,10,1,0.5520661157024793,169.84993376507364,591.5,0.0,0.0,0.0,0.0,1
702.0,1.0,-1.000088900581841e-12,0.0,0.0,0.0,0.0,0.0,68.0,5.0,1.2947319552840455,0.0,0.0,89.1,0.0,0.0,0.0,0.0,0.0,0.0,0.0,11,1,0.5520661157024793,14.282856857082368,699.0,0.0,0.0,0.0,0.0,2
160.0,4.0,1.0523580826345724,0.0,0.0,0.0,0.0,0.0,54.0,7.0,1.548647559100388,0.0,0.0,99.22222222222224,0.0,0.0,0.0,0.0,12.0,200.0,8.0,12,1,0.5520661157024793,288.8713669899919,441.0,0.0,0.0,0.0,0.0,2
702.0,5.0,1.2671658857125494,0.0,0.0,0.0,0.0,0.0,108.0,5.0,0.8998579636251658,0.0,0.0,93.57142857142856,0.0,0.0,0.0,0.0,70.0,1380.0,32.0,13,1,0.5520661157024793,295.60559309097414,447.0,0.0,0.0,0.0,0.0,1
704.0,5.0,1.265425469276991,0.0,0.0,0.0,0.0,0.0,88.0,5.0,1.3624495615671497,0.0,0.0,85.82352941176471,0.0,0.0,0.0,0.0,140.0,2016.0,44.0,14,1,0.5520661157024793,1.1547005383400497,703.0,0.0,0.0,0.0,0.0,2
690.0,1.0,-1.000088900581841e-12,0.0,0.0,0.0,0.0,0.0,26.0,6.0,1.7118451352279118,0.0,0.0,80.83333333333333,0.0,0.0,0.0,0.0,0.0,0.0,0.0,15,1,0.5520661157024793,6.73300329223467,700.0,0.0,0.0,0.0,0.0,2
694.0,1.0,-1.000088900581841e-12,0.0,0.0,0.0,0.0,0.0,26.0,3.0,0.9839614459980256,0.0,0.0,78.83333333333333,0.0,0.0,0.0,0.0,0.0,0.0,0.0,16,1,0.5520661157024793,5.999999999992464,697.0,0.0,0.0,0.0,0.0,2
676.0,4.0,0.7054085212839246,0.0,0.0,0.0,0.0,0.0,36.0,6.0,1.4066777022443078,0.0,0.0,74.42857142857143,0.0,0.0,0.0,12.0,98.0,262.0,34.0,17,1,0.5520661157024793,10.954451150099194,690.0,35.0,17.5,0.0,0.0,1
708.0,7.0,1.265086164799731,0.0,112.0,0.0,0.0,0.0,128.0,8.0,1.8565121107801448,0.0,0.0,65.0,0.0,14.0,0.0,0.0,112.0,1250.0,34.0,18,1,0.5520661157024793,16.970562748474475,696.0,80.28906110631343,93.5,0.0,0.0,2
700.0,5.0,0.8760951100060066,0.0,0.0,0.0,0.0,0.0,58.0,5.0,1.3494634950024311,0.0,0.0,56.0,0.0,0.0,0.0,0.0,42.0,1676.0,24.0,19,1,0.5520661157024793,5.2599112793445935,707.5,93.637599285757,76.0,0.0,0.0,2
696.0,1.0,-1.000088900581841e-12,0.0,0.0,0.0,0.0,0.0,18.0,2.0,0.6869615765953234,0.0,0.0,52.5,0.0,0.0,0.0,0.0,0.0,0.0,0.0,20,1,0.5520661157024793,5.972157622382079,702.5,0.0,0.0,0.0,0.0,2
710.0,3.0,0.814677478351587,0.0,0.0,0.0,0.0,0.0,28.0,4.0,1.0547209169028122,0.0,0.0,45.3125,0.0,0.0,0.0,0.0,28.0,1870.0,0.0,21,0,0.5520661157024793,6.6332495807039855,705.0,0.0,0.0,0.0,0.0,2
690.0,1.0,-1.000088900581841e-12,0.0,0.0,0.0,0.0,0.0,74.0,3.0,0.5464564222455762,0.0,0.0,59.5,0.0,0.0,0.0,0.0,0.0,0.0,0.0,22,0,0.5520661157024793,10.999999999995897,700.5,0.0,0.0,0.0,0.0,1
706.0,9.0,1.4928408968313616,0.0,0.0,0.0,0.0,0.0,74.0,7.0,1.7751985180170755,0.0,0.0,96.52380952380952,0.0,0.0,0.0,0.0,108.0,1662.0,40.0,23,0,0.5520661157024793,7.724420150831803,697.5,0.0,0.0,0.0,0.0,1
0.0,0.0,0.0,0.0,0.0,0.0,0.0,0.0,6.0,2.0,0.6365141682928128,0.0,0.0,92.0,0.0,0.0,0.0,0.0,48.0,0.0,0.0,7,0,0.5520661157024793,0.0,0.0,0.0,0.0,0.0,0.0,2
702.0,5.0,1.2238403056966014,0.0,172.0,0.0,0.0,0.0,100.0,6.0,1.5932889546138806,0.0,0.0,84.83333333333333,0.0,8.0,0.0,8.0,176.0,1014.0,50.0,8,1,0.5520661157024793,395.7284422429096,342.5,83.92655519361358,46.5,0.0,0.0,2
708.0,7.0,1.3678402277333417,0.0,0.0,0.0,0.0,0.0,54.0,6.0,1.587888197209296,0.0,0.0,75.72727272727273,0.0,0.0,0.0,10.0,128.0,2768.0,30.0,9,1,0.5520661157024793,20.091457554556136,697.5,83.92655519361358,46.5,0.0,0.0,2
706.0,2.0,0.5172038129618339,0.0,0.0,0.0,0.0,0.0,32.0,4.0,1.3208883431453222,0.0,0.0,55.833333333333336,0.0,18.0,0.0,0.0,72.0,118.0,4.0,12,1,0.5520661157024793,7.0237691685588,701.0,0.0,0.0,0.0,0.0,1
698.0,1.0,-1.000088900581841e-12,0.0,0.0,0.0,0.0,0.0,52.0,4.0,0.8942436316551221,0.0,0.0,54.0,0.0,0.0,0.0,0.0,18.0,0.0,16.0,13,1,0.5520661157024793,4.320493798922799,700.0,0.0,0.0,0.0,0.0,1
700.0,3.0,0.2206402299169433,0.0,0.0,0.0,0.0,0.0,32.0,5.0,1.2767197047731782,0.0,0.0,51.16666666666666,0.0,0.0,0.0,0.0,18.0,254.0,8.0,14,1,0.5520661157024793,1.1547005383201945,699.0,0.0,0.0,0.0,0.0,1
700.0,1.0,-1.000088900581841e-12,0.0,0.0,0.0,0.0,0.0,20.0,2.0,0.3250829733894482,0.0,0.0,49.333333333333336,0.0,0.0,0.0,0.0,0.0,0.0,0.0,15,1,0.5520661157024793,1.1547005383201945,699.0,0.0,0.0,0.0,0.0,1
704.0,5.0,0.8915156259080406,0.0,0.0,0.0,0.0,0.0,94.0,5.0,1.3727004044675852,0.0,0.0,41.53846153846154,0.0,0.0,0.0,0.0,126.0,3148.0,36.0,16,1,0.5520661157024793,5.291502622116287,703.0,0.0,0.0,0.0,0.0,1
712.0,3.0,0.0693948810378789,0.0,0.0,0.0,0.0,0.0,74.0,4.0,1.051203670058917,0.0,0.0,30.75,0.0,0.0,0.0,0.0,58.0,56.0,28.0,17,1,0.5520661157024793,4.320493798922786,710.0,0.0,0.0,0.0,0.0,2
634.0,2.0,0.3851254531408641,0.0,0.0,0.0,0.0,0.0,40.0,3.0,1.0486537893563546,0.0,0.0,24.0,14.0,0.0,0.0,0.0,40.0,10.0,24.0,18,1,0.5520661157024793,39.34463114581026,693.0,0.0,0.0,0.0,0.0,1
708.0,4.0,0.9006226401972977,0.0,0.0,0.0,0.0,0.0,78.0,5.0,0.8561093025546808,0.0,0.0,60.266666666666666,0.0,0.0,0.0,0.0,20.0,902.0,10.0,19,1,0.5520661157024793,36.16628264004835,687.0,0.0,0.0,0.0,0.0,2
712.0,1.0,-1.000088900581841e-12,0.0,0.0,0.0,0.0,0.0,76.0,4.0,0.8774798199127708,0.0,0.0,96.6,0.0,0.0,0.0,0.0,20.0,0.0,4.0,20,1,0.5520661157024793,8.406346808604168,703.0,0.0,0.0,0.0,0.0,1
704.0,1.0,-1.000088900581841e-12,0.0,0.0,0.0,0.0,0.0,66.0,3.0,0.7218939096251729,0.0,0.0,99.14285714285714,0.0,0.0,0.0,0.0,60.0,1780.0,20.0,21,0,0.5520661157024793,5.773502691884381,705.0,0.0,0.0,0.0,0.0,1
706.0,4.0,0.6187301397336351,0.0,0.0,0.0,0.0,0.0,60.0,4.0,1.134302642813483,0.0,0.0,95.66666666666669,0.0,0.0,0.0,0.0,100.0,1038.0,10.0,22,0,0.5520661157024793,5.7445626465261,702.5,0.0,0.0,0.0,0.0,1
700.0,4.0,0.7426783487673019,0.0,0.0,0.0,0.0,0.0,52.0,3.0,1.0484854421379808,0.0,0.0,90.66666666666669,0.0,20.0,0.0,20.0,160.0,358.0,56.0,23,0,0.5520661157024793,4.999999999986306,699.5,0.0,0.0,0.0,0.0,2
706.0,1.0,-1.000088900581841e-12,0.0,0.0,0.0,0.0,0.0,76.0,4.0,1.256637906745007,0.0,0.0,73.71428571428571,0.0,0.0,0.0,0.0,20.0,0.0,6.0,0,0,0.5520661157024793,5.507570547273657,703.5,0.0,0.0,0.0,0.0,1
696.0,3.0,0.3154413643948179,0.0,0.0,0.0,0.0,0.0,54.0,5.0,1.510369953689622,0.0,0.0,69.16666666666667,0.0,0.0,0.0,0.0,40.0,190.0,18.0,1,0,0.5520661157024793,6.218252702048189,703.0,0.0,0.0,0.0,0.0,1
702.0,1.0,-1.000088900581841e-12,0.0,0.0,0.0,0.0,0.0,2.0,1.0,-1.000088900581841e-12,0.0,0.0,56.0,18.0,0.0,0.0,0.0,20.0,0.0,0.0,8,1,0.5520661157024793,404.14848756366746,350.0,0.0,0.0,0.0,0.0,1
400.0,2.0,0.0778825094090963,0.0,0.0,0.0,0.0,0.0,28.0,7.0,1.846889123254036,0.0,0.0,54.333333333333336,0.0,0.0,0.0,0.0,20.0,56.0,10.0,9,1,0.5520661157024793,330.7622509698871,450.5,0.0,0.0,0.0,0.0,1
704.0,2.0,0.0194949129923502,0.0,0.0,0.0,0.0,0.0,50.0,5.0,1.3096544887846635,0.0,0.0,53.0,0.0,0.0,0.0,0.0,20.0,0.0,0.0,10,1,0.5520661157024793,331.2702823979233,451.0,0.0,0.0,0.0,0.0,1
698.0,1.0,-1.000088900581841e-12,0.0,0.0,0.0,0.0,0.0,18.0,3.0,0.8486855577234171,0.0,0.0,50.0,0.0,0.0,0.0,0.0,0.0,0.0,0.0,11,1,0.5520661157024793,3.464101615122352,701.0,0.0,0.0,0.0,0.0,1
702.0,5.0,0.7490178271217878,0.0,0.0,0.0,0.0,0.0,48.0,4.0,1.1988493129096212,0.0,0.0,46.66666666666666,0.0,0.0,0.0,0.0,80.0,548.0,22.0,12,1,0.5520661157024793,2.516611478402385,701.5,0.0,0.0,0.0,0.0,1
704.0,9.0,1.3379459099237108,0.0,0.0,0.0,0.0,0.0,44.0,4.0,1.0534722169014483,0.0,0.0,39.91666666666666,0.0,10.0,0.0,0.0,180.0,3916.0,36.0,13,1,0.5520661157024793,3.464101615122344,701.0,0.0,0.0,0.0,0.0,2
708.0,2.0,0.6127669571020165,0.0,0.0,0.0,0.0,0.0,94.0,4.0,1.2505380968933144,0.0,0.0,28.666666666666668,0.0,0.0,0.0,0.0,80.0,8.0,32.0,14,1,0.5520661157024793,5.033222956836556,703.0,0.0,0.0,0.0,0.0,2
650.0,3.0,0.7697869008054692,0.0,0.0,0.0,0.0,0.0,82.0,6.0,1.3659606193801297,0.0,0.0,17.3,0.0,0.0,0.0,0.0,40.0,974.0,18.0,15,1,0.5520661157024793,27.730849247722176,691.5,0.0,0.0,0.0,0.0,2
704.0,1.0,-1.000088900581841e-12,0.0,0.0,0.0,0.0,0.0,550.0,8.0,0.9067815799709182,0.0,0.0,51.266666666666666,0.0,0.0,0.0,0.0,0.0,0.0,0.0,16,1,0.5520661157024793,162.01234520862877,606.0,0.0,0.0,0.0,0.0,2
714.0,1.0,-1.000088900581841e-12,0.0,0.0,0.0,0.0,0.0,188.0,5.0,0.9650881484329372,0.0,0.0,94.7,0.0,0.0,0.0,0.0,0.0,0.0,0.0,17,1,0.5520661157024793,169.49336270190614,620.0,0.0,0.0,0.0,0.0,2
714.0,6.0,1.373615516412107,0.0,0.0,0.0,0.0,0.0,90.0,9.0,1.5839125755932624,0.0,0.0,93.33333333333331,0.0,0.0,0.0,0.0,40.0,1134.0,28.0,18,1,0.5520661157024793,153.2351134694653,631.5,0.0,0.0,0.0,0.0,2
702.0,2.0,0.5975221028915385,0.0,0.0,0.0,0.0,0.0,218.0,4.0,0.726050439349363,0.0,0.0,84.0952380952381,0.0,0.0,0.0,0.0,40.0,1076.0,20.0,19,1,0.5520661157024793,151.1853167473611,628.5,0.0,0.0,0.0,0.0,2
694.0,1.0,-1.000088900581841e-12,0.0,0.0,0.0,0.0,0.0,20.0,2.0,0.6730116670072565,0.0,0.0,77.28571428571429,0.0,18.0,0.0,16.0,80.0,564.0,36.0,20,1,0.5520661157024793,3.7859388971873953,696.5,0.0,0.0,0.0,0.0,2
698.0,4.0,1.0946117740742625,0.0,0.0,0.0,0.0,0.0,100.0,6.0,1.39180530924784,0.0,0.0,74.07142857142857,0.0,16.0,0.0,12.0,120.0,962.0,36.0,21,0,0.5520661157024793,5.033222956837543,693.0,0.0,0.0,0.0,0.0,1
702.0,5.0,0.5694443082459398,0.0,0.0,0.0,0.0,0.0,158.0,6.0,1.2613285286118847,0.0,0.0,65.28571428571429,0.0,0.0,0.0,14.0,390.0,4490.0,186.0,22,0,0.5520661157024793,7.571877794393967,697.0,0.0,0.0,0.0,0.0,2
702.0,4.0,0.9047394915173452,0.0,0.0,0.0,0.0,0.0,76.0,5.0,1.3079666995306816,0.0,0.0,58.25,0.0,0.0,0.0,0.0,176.0,5532.0,82.0,23,0,0.5520661157024793,0.9999999999516072,701.5,0.0,0.0,0.0,0.0,1
710.0,7.0,1.5113883513993858,0.0,0.0,0.0,0.0,0.0,138.0,7.0,1.0073319923203532,2.0,0.0,49.76923076923077,0.0,0.0,8.0,0.0,22.0,9586.0,0.0,0,0,0.5520661157024793,4.32049379892737,704.0,0.0,0.0,0.0,0.0,2
0.0,0.0,0.0,0.0,0.0,0.0,0.0,0.0,6.0,2.0,0.6365141682928128,0.0,0.0,43.5,0.0,0.0,0.0,0.0,22.0,0.0,0.0,7,0,0.5520661157024793,0.0,0.0,0.0,0.0,0.0,0.0,2
708.0,1.0,-1.000088900581841e-12,0.0,0.0,0.0,0.0,0.0,0.0,0.0,0.0,0.0,0.0,42.66666666666666,8.0,0.0,0.0,0.0,0.0,0.0,0.0,8,1,0.5520661157024793,408.7639905862549,354.0,0.0,0.0,0.0,0.0,2
700.0,4.0,0.4291946626984343,0.0,0.0,0.0,0.0,0.0,40.0,4.0,1.205628232484719,0.0,0.0,37.3,0.0,0.0,0.0,0.0,0.0,1226.0,0.0,9,1,0.5520661157024793,228.6977627058616,591.0,10.0,5.0,0.0,0.0,2
698.0,1.0,-1.000088900581841e-12,0.0,0.0,0.0,0.0,0.0,116.0,6.0,1.2450693528687806,0.0,0.0,34.166666666666664,0.0,0.0,0.0,0.0,22.0,0.0,0.0,10,1,0.5520661157024793,226.00589962801092,587.0,10.0,5.0,0.0,0.0,2
696.0,2.0,0.0984861125395248,0.0,0.0,0.0,0.0,0.0,202.0,6.0,1.3054364550976114,0.0,0.0,30.714285714285715,0.0,0.0,0.0,0.0,88.0,130.0,24.0,11,1,0.5520661157024793,3.651483716689157,700.0,0.0,0.0,0.0,0.0,2
528.0,1.0,-1.000088900581841e-12,0.0,0.0,0.0,0.0,0.0,44.0,4.0,0.9295776887119248,0.0,0.0,26.33333333333333,22.0,0.0,0.0,0.0,0.0,0.0,0.0,12,1,0.5520661157024793,85.10973309009128,655.5,0.0,0.0,0.0,0.0,2
682.0,6.0,0.8651967965661008,0.0,0.0,0.0,0.0,0.0,324.0,11.0,1.5910015626574032,0.0,0.0,53.91304347826087,0.0,0.0,0.0,18.0,220.0,3268.0,24.0,13,1,0.5520661157024793,77.32830443418878,626.5,0.0,0.0,0.0,0.0,2
702.0,9.0,1.800699621794338,0.0,0.0,0.0,0.0,0.0,112.0,6.0,1.3504875989914928,0.0,0.0,24.166666666666668,0.0,0.0,0.0,0.0,218.0,3088.0,84.0,15,1,0.5520661157024793,25.74231276840876,689.0,127.39832547303492,170.5,0.0,0.0,1
692.0,1.0,-1.000088900581841e-12,0.0,0.0,0.0,0.0,0.0,122.0,6.0,1.3898707519722229,0.0,0.0,41.96666666666667,0.0,0.0,0.0,0.0,0.0,0.0,0.0,17,1,0.5520661157024793,299.645902135615,291.5,10.999999999999991,5.5,0.0,0.0,2
0.0,0.0,0.0,0.0,0.0,0.0,0.0,0.0,62.0,4.0,1.162037662140321,0.0,0.0,93.06666666666666,0.0,0.0,0.0,0.0,0.0,0.0,0.0,18,1,0.5520661157024793,300.590529901836,296.0,0.0,0.0,0.0,0.0,2
0.0,0.0,0.0,0.0,0.0,0.0,0.0,0.0,62.0,2.0,0.3845429197542286,0.0,0.0,100.0,0.0,0.0,0.0,0.0,0.0,0.0,0.0,19,1,0.5520661157024793,174.99999999999977,87.5,0.0,0.0,0.0,0.0,2
696.0,2.0,0.4315772208298214,0.0,0.0,0.0,0.0,0.0,76.0,5.0,0.9769422188217672,0.0,0.0,96.5,0.0,24.0,0.0,50.0,52.0,20.0,6.0,20,1,0.5520661157024793,396.7077009587789,343.5,0.0,0.0,0.0,0.0,2
672.0,4.0,0.2201071282266835,0.0,0.0,0.0,0.0,0.0,158.0,4.0,0.9003450197616591,0.0,0.0,83.6842105263158,0.0,0.0,0.0,0.0,52.0,3842.0,16.0,21,0,0.5520661157024793,14.999999999997623,687.5,0.0,0.0,0.0,0.0,2
702.0,2.0,0.399023577899998,0.0,0.0,0.0,0.0,0.0,42.0,3.0,0.9302998331803918,0.0,0.0,79.42857142857143,0.0,0.0,0.0,0.0,104.0,1306.0,52.0,22,0,0.5520661157024793,14.640127503996066,692.5,0.0,0.0,0.0,0.0,1
696.0,4.0,0.5002905684226298,0.0,0.0,0.0,0.0,0.0,24.0,4.0,1.126928794796676,0.0,0.0,77.33333333333333,0.0,0.0,10.0,0.0,52.0,1036.0,4.0,23,0,0.5520661157024793,4.163331998923673,697.0,0.0,0.0,0.0,0.0,2
702.0,3.0,0.389151103556653,0.0,0.0,0.0,0.0,0.0,60.0,3.0,0.9183202268291402,0.0,0.0,71.08333333333333,0.0,0.0,0.0,0.0,234.0,2876.0,76.0,0,0,0.5520661157024793,2.999999999988092,699.5,0.0,0.0,0.0,0.0,1
702.0,4.0,0.6514267267528604,0.0,0.0,0.0,0.0,0.0,12.0,3.0,0.8675632284784613,0.0,0.0,64.75,0.0,0.0,0.0,22.0,0.0,848.0,0.0,1,0,0.5520661157024793,0.9999999999642456,701.5,0.0,0.0,0.0,0.0,2
656.0,7.0,1.3479339992965866,0.0,4.0,0.0,0.0,0.0,882.0,6.0,0.2674463147506658,0.0,0.0,54.11764705882353,0.0,20.0,0.0,0.0,104.0,2540.0,26.0,8,1,0.5520661157024793,327.9999999999999,164.0,1.999999999999952,1.0,0.0,0.0,2
686.0,1.0,-1.000088900581841e-12,0.0,0.0,0.0,0.0,0.0,280.0,3.0,0.4520288677196257,0.0,0.0,44.5,0.0,0.0,0.0,0.0,0.0,0.0,0.0,9,1,0.5520661157024793,338.6497699197012,507.5,1.999999999999952,1.0,0.0,0.0,2
700.0,3.0,0.0844904256149069,0.0,0.0,0.0,0.0,0.0,196.0,7.0,1.176732337761604,0.0,0.0,40.5,0.0,0.0,0.0,0.0,26.0,62.0,14.0,10,1,0.5520661157024793,195.7643140786047,593.5,0.0,0.0,0.0,0.0,2
704.0,1.0,-1.000088900581841e-12,0.0,0.0,0.0,0.0,0.0,94.0,5.0,1.3106185170464757,0.0,0.0,36.16666666666666,0.0,0.0,0.0,0.0,0.0,0.0,0.0,11,1,0.5520661157024793,200.0266648891257,600.0,0.0,0.0,0.0,0.0,2
694.0,2.0,0.6351741603818688,0.0,0.0,0.0,0.0,0.0,82.0,4.0,1.115605404477058,0.0,26.0,36.0,0.0,0.0,0.0,0.0,26.0,24.0,10.0,12,1,0.5520661157024793,5.259911279346256,699.5,0.0,0.0,0.0,0.0,2
698.0,1.0,-1.000088900581841e-12,0.0,0.0,0.0,0.0,0.0,10.0,2.0,0.6730116670072565,0.0,0.0,40.333333333333336,0.0,0.0,0.0,0.0,26.0,4.0,6.0,16,1,0.5520661157024793,3.415650255309207,698.5,0.0,0.0,0.0,0.0,1
702.0,6.0,1.3022371930538754,0.0,0.0,0.0,0.0,0.0,78.0,6.0,1.619853711773947,0.0,0.0,33.72222222222222,0.0,0.0,0.0,0.0,78.0,3280.0,26.0,17,1,0.5520661157024793,3.829708431015846,699.0,0.0,0.0,0.0,0.0,2
704.0,2.0,0.0621776517154248,0.0,0.0,0.0,0.0,0.0,12.0,2.0,0.6365141682928128,0.0,0.0,24.666666666666668,0.0,0.0,0.0,0.0,130.0,46.0,10.0,18,1,0.5520661157024793,1.9148542154936767,703.5,0.0,0.0,0.0,0.0,2
230.0,1.0,-1.000088900581841e-12,0.0,0.0,0.0,0.0,0.0,0.0,0.0,0.0,0.0,0.0,21.166666666666668,14.0,0.0,0.0,0.0,26.0,0.0,0.0,19,1,0.5520661157024793,236.67981184151145,585.0,0.0,0.0,0.0,0.0,2
700.0,3.0,0.71026139453121,0.0,0.0,0.0,0.0,0.0,172.0,6.0,1.5217563822074776,0.0,0.0,39.5,0.0,0.0,0.0,0.0,78.0,292.0,26.0,20,1,0.5520661157024793,252.7680095792713,482.5,0.0,0.0,0.0,0.0,2
704.0,2.0,0.5394136131334082,0.0,0.0,0.0,0.0,0.0,114.0,5.0,0.9663074481220952,0.0,0.0,88.53333333333333,0.0,0.0,0.0,0.0,26.0,460.0,14.0,21,0,0.5520661157024793,201.3421631617844,602.0,0.0,0.0,0.0,0.0,2
