696.0,3.0,0.9935102402879282,0.0,0.0,0.0,0.0,0.0,22.0,5.0,1.5157079520807129,0.0,0.0,98.88235294117646,0.0,0.0,0.0,0.0,60.0,2346.0,6.0,7,0,0.5126126126126126,0.0,696.0,0.0,0.0,0.0,0.0,3
706.0,7.0,0.4354139928941161,0.0,0.0,0.0,0.0,0.0,8.0,2.0,0.6931471805579453,0.0,0.0,95.38095238095238,0.0,0.0,0.0,0.0,18.0,1458.0,12.0,7,0,0.5126126126126126,7.071067811865476,701.0,0.0,0.0,0.0,0.0,3
710.0,5.0,0.952858878489554,0.0,0.0,0.0,0.0,0.0,18.0,5.0,1.5229550675263184,0.0,0.0,92.78571428571428,0.0,0.0,0.0,0.0,0.0,1432.0,0.0,8,1,0.5126126126126126,7.211102550927978,704.0,0.0,0.0,0.0,0.0,2
132.0,1.0,-1.000088900581841e-12,0.0,0.0,0.0,0.0,0.0,0.0,0.0,0.0,0.0,0.0,92.0,0.0,0.0,0.0,0.0,0.0,0.0,0.0,8,1,0.5126126126126126,286.06059964047245,561.0,0.0,0.0,0.0,0.0,3
86.0,1.0,-1.000088900581841e-12,0.0,0.0,0.0,0.0,0.0,46.0,7.0,1.6047242490300395,0.0,0.0,90.5,0.0,0.0,0.0,0.0,0.0,66.0,0.0,11,1,0.5126126126126126,346.34616594769267,408.5,0.0,0.0,0.0,0.0,3
712.0,5.0,0.8429910392063833,0.0,0.0,0.0,0.0,0.0,196.0,5.0,0.3485353733578415,0.0,0.0,88.0,0.0,0.0,0.0,0.0,4.0,1542.0,4.0,12,1,0.5126126126126126,348.0727893223868,410.0,0.0,0.0,0.0,0.0,3
712.0,4.0,0.6918795103752968,0.0,0.0,0.0,0.0,0.0,26.0,4.0,1.0317671113465354,0.0,0.0,85.33333333333333,0.0,0.0,0.0,0.0,10.0,680.0,6.0,12,1,0.5126126126126126,348.6483424120451,410.5,0.0,0.0,0.0,0.0,3
710.0,1.0,-1.000088900581841e-12,0.0,0.0,0.0,0.0,0.0,30.0,1.0,-1.000088900581841e-12,0.0,0.0,83.66666666666667,0.0,0.0,0.0,0.0,0.0,0.0,0.0,13,1,0.5126126126126126,312.6680881275435,555.0,0.0,0.0,0.0,0.0,3
712.0,1.0,-1.000088900581841e-12,0.0,0.0,0.0,0.0,0.0,44.0,4.0,0.6631794532065497,0.0,0.0,82.4,0.0,0.0,0.0,0.0,20.0,614.0,2.0,13,1,0.5126126126126126,0.9999999999935292,711.5,0.0,0.0,0.0,0.0,2
710.0,2.0,0.6655606816144954,0.0,0.0,0.0,0.0,0.0,516.0,8.0,0.2549466208230961,0.0,0.0,81.0,0.0,0.0,0.0,0.0,10.0,344.0,6.0,14,1,0.5126126126126126,1.154700538373656,711.0,0.0,0.0,0.0,0.0,3
712.0,5.0,0.843057461634234,0.0,0.0,0.0,0.0,0.0,242.0,4.0,0.2670813498973446,0.0,0.0,79.27272727272727,0.0,0.0,0.0,0.0,30.0,2418.0,12.0,14,1,0.5126126126126126,1.154700538373656,711.0,0.0,0.0,0.0,0.0,3
710.0,2.0,0.3520739601927626,0.0,0.0,0.0,0.0,0.0,38.0,3.0,0.4094586186920892,0.0,0.0,77.4,0.0,0.0,0.0,0.0,0.0,894.0,0.0,15,1,0.5126126126126126,1.154700538373656,711.0,0.0,0.0,0.0,0.0,3
712.0,1.0,-1.000088900581841e-12,0.0,0.0,0.0,0.0,0.0,0.0,0.0,0.0,0.0,0.0,76.16666666666667,0.0,0.0,0.0,0.0,0.0,0.0,0.0,15,1,0.5126126126126126,1.154700538373656,711.0,0.0,0.0,0.0,0.0,3
80.0,1.0,-1.000088900581841e-12,0.0,0.0,0.0,0.0,0.0,2.0,1.0,-1.000088900581841e-12,0.0,0.0,75.5,8.0,0.0,0.0,0.0,0.0,0.0,0.0,16,1,0.5126126126126126,315.6680746184722,553.5,0.0,0.0,0.0,0.0,3
236.0,4.0,0.7994752859677269,0.0,0.0,0.0,0.0,0.0,212.0,8.0,0.5690883267552009,0.0,0.0,74.3,0.0,0.0,0.0,0.0,10.0,1830.0,6.0,16,1,0.5126126126126126,325.56566157996457,434.5,0.0,0.0,0.0,0.0,3
710.0,1.0,-1.000088900581841e-12,0.0,0.0,0.0,0.0,0.0,60.0,1.0,-1.000088900581841e-12,0.0,0.0,73.0,0.0,0.0,0.0,0.0,0.0,0.0,0.0,17,1,0.5126126126126126,325.56566157996457,434.5,0.0,0.0,0.0,0.0,2
242.0,4.0,0.9864870358360832,0.0,0.0,0.0,0.0,0.0,22.0,4.0,1.1685184057390878,0.0,0.0,71.2,0.0,0.0,0.0,0.0,2.0,320.0,0.0,17,1,0.5126126126126126,272.5215587802184,317.0,0.0,0.0,0.0,0.0,3
714.0,7.0,1.5873996367433998,0.0,0.0,0.0,0.0,0.0,62.0,4.0,1.1013788220118177,0.0,0.0,68.18181818181819,0.0,2.0,0.0,0.0,24.0,418.0,12.0,18,1,0.5126126126126126,273.1025448435075,475.5,0.0,0.0,0.0,0.0,3
708.0,1.0,-1.000088900581841e-12,0.0,0.0,0.0,0.0,0.0,0.0,0.0,0.0,0.0,0.0,64.16666666666667,0.0,0.0,0.0,0.0,2.0,0.0,0.0,18,1,0.5126126126126126,234.3466093915876,593.5,0.0,0.0,0.0,0.0,2
690.0,1.0,-1.000088900581841e-12,0.0,0.0,0.0,0.0,0.0,12.0,3.0,0.8675632284784613,0.0,0.0,61.333333333333336,0.0,0.0,0.0,0.0,0.0,0.0,0.0,19,1,0.5126126126126126,231.2249986485025,588.5,0.0,0.0,0.0,0.0,2
0.0,0.0,0.0,0.0,0.0,0.0,0.0,0.0,2.0,1.0,-1.000088900581841e-12,0.0,0.0,58.833333333333336,0.0,0.0,0.0,0.0,2.0,0.0,0.0,19,1,0.5126126126126126,352.14769628665755,528.0,0.0,0.0,0.0,0.0,2
472.0,2.0,0.691853890955495,0.0,0.0,0.0,0.0,0.0,18.0,4.0,1.2730283365856256,0.0,0.0,56.833333333333336,0.0,0.0,0.0,0.0,4.0,6.0,4.0,20,1,0.5126126126126126,329.607342151233,467.5,0.0,0.0,0.0,0.0,2
702.0,3.0,0.9131113512573236,0.0,0.0,0.0,0.0,0.0,12.0,2.0,0.6365141682928128,0.0,0.0,55.66666666666666,0.0,0.0,2.0,2.0,10.0,38.0,4.0,20,1,0.5126126126126126,328.1584982900793,466.0,0.0,0.0,0.0,0.0,3
698.0,11.0,1.5329515234884286,0.0,0.0,0.0,0.0,0.0,416.0,8.0,0.9122420875883936,0.0,0.0,53.75,0.0,0.0,0.0,0.0,8.0,762.0,6.0,21,0,0.5126126126126126,329.9979797917961,468.0,0.0,0.0,0.0,0.0,3
510.0,4.0,1.1071256241550076,0.0,0.0,0.0,0.0,0.0,6.0,2.0,0.6365141682928128,0.0,0.0,50.523809523809526,0.0,0.0,0.0,0.0,6.0,2232.0,6.0,21,0,0.5126126126126126,121.67031957986576,595.5,0.0,0.0,0.0,0.0,3
30.0,2.0,0.2449300267926353,0.0,0.0,0.0,0.0,0.0,42.0,8.0,1.7653395327134005,0.0,0.0,47.0,0.0,0.0,0.0,0.0,2.0,526.0,2.0,23,0,0.5126126126126126,316.28468189275304,485.0,0.0,0.0,0.0,0.0,3
714.0,4.0,1.150610823780433,0.0,0.0,0.0,0.0,0.0,118.0,5.0,0.7738891283746651,0.0,0.0,45.61538461538461,0.0,0.0,0.0,0.0,12.0,908.0,6.0,23,0,0.5126126126126126,319.07365920739994,488.0,0.0,0.0,0.0,0.0,2
700.0,6.0,1.0243161145493138,0.0,0.0,0.0,0.0,0.0,124.0,11.0,1.58146424526606,0.0,2.0,47.57692307692308,0.0,0.0,0.0,0.0,16.0,4086.0,2.0,0,0,0.5126126126126126,319.513692977312,488.5,0.0,0.0,0.0,0.0,3
708.0,1.0,-1.000088900581841e-12,0.0,0.0,0.0,0.0,0.0,8.0,1.0,-1.000088900581841e-12,0.0,0.0,55.0,0.0,0.0,0.0,0.0,0.0,0.0,0.0,0,0,0.5126126126126126,338.7152196167158,538.0,0.0,0.0,0.0,0.0,2
658.0,1.0,-1.000088900581841e-12,0.0,0.0,0.0,0.0,0.0,0.0,0.0,0.0,0.0,0.0,54.833333333333336,0.0,0.0,0.0,0.0,0.0,0.0,0.0,1,0,0.5126126126126126,25.324559884296526,695.0,0.0,0.0,0.0,0.0,2
0.0,0.0,0.0,0.0,0.0,0.0,0.0,0.0,0.0,0.0,0.0,0.0,0.0,54.0,6.0,0.0,0.0,0.0,0.0,0.0,0.0,1,0,0.5126126126126126,345.03091648913625,516.5,0.0,0.0,0.0,0.0,2
0.0,0.0,0.0,0.0,0.0,0.0,0.0,0.0,4.0,1.0,-1.000088900581841e-12,0.0,0.0,53.16666666666666,6.0,0.0,0.0,0.0,0.0,0.0,0.0,2,0,0.5126126126126126,394.8582023967591,341.5,0.0,0.0,0.0,0.0,2
0.0,0.0,0.0,0.0,0.0,0.0,0.0,0.0,0.0,0.0,0.0,0.0,0.0,52.16666666666666,0.0,0.0,0.0,0.0,0.0,0.0,0.0,2,0,0.5126126126126126,329.0,164.5,0.0,0.0,0.0,0.0,2
0.0,0.0,0.0,0.0,0.0,0.0,0.0,0.0,0.0,0.0,0.0,0.0,0.0,51.333333333333336,0.0,0.0,0.0,0.0,0.0,0.0,0.0,3,0,0.5126126126126126,0.0,0.0,0.0,0.0,0.0,0.0,2
0.0,0.0,0.0,0.0,0.0,0.0,0.0,0.0,0.0,0.0,0.0,0.0,0.0,50.66666666666666,0.0,0.0,0.0,0.0,0.0,0.0,0.0,3,0,0.5126126126126126,0.0,0.0,0.0,0.0,0.0,0.0,2
0.0,0.0,0.0,0.0,0.0,0.0,0.0,0.0,0.0,0.0,0.0,0.0,0.0,50.0,8.0,0.0,0.0,0.0,0.0,0.0,0.0,4,0,0.5126126126126126,0.0,0.0,0.0,0.0,0.0,0.0,2
0.0,0.0,0.0,0.0,0.0,0.0,0.0,0.0,0.0,0.0,0.0,0.0,0.0,49.0,0.0,0.0,0.0,0.0,0.0,0.0,0.0,4,0,0.5126126126126126,0.0,0.0,0.0,0.0,0.0,0.0,2
0.0,0.0,0.0,0.0,0.0,0.0,0.0,0.0,0.0,0.0,0.0,0.0,0.0,48.16666666666666,0.0,0.0,0.0,0.0,0.0,0.0,0.0,5,0,0.5126126126126126,0.0,0.0,0.0,0.0,0.0,0.0,2
0.0,0.0,0.0,0.0,0.0,0.0,0.0,0.0,0.0,0.0,0.0,0.0,0.0,47.5,0.0,0.0,0.0,0.0,0.0,0.0,0.0,5,0,0.5126126126126126,0.0,0.0,0.0,0.0,0.0,0.0,2
0.0,0.0,0.0,0.0,0.0,0.0,0.0,0.0,0.0,0.0,0.0,0.0,0.0,46.833333333333336,0.0,0.0,0.0,0.0,0.0,0.0,0.0,6,0,0.5126126126126126,0.0,0.0,0.0,0.0,0.0,0.0,2
0.0,0.0,0.0,0.0,0.0,0.0,0.0,0.0,10.0,1.0,-1.000088900581841e-12,0.0,0.0,45.833333333333336,0.0,0.0,0.0,0.0,0.0,0.0,0.0,6,0,0.5126126126126126,0.0,0.0,0.0,0.0,0.0,0.0,2
704.0,6.0,1.2443991040253233,0.0,0.0,0.0,0.0,0.0,30.0,5.0,1.337860677831434,0.0,0.0,44.0,0.0,0.0,0.0,0.0,32.0,1754.0,8.0,7,0,0.5126126126126126,352.0,176.0,0.0,0.0,0.0,0.0,2
716.0,3.0,1.0389968037883035,0.0,0.0,0.0,0.0,0.0,24.0,3.0,0.5660857389566288,0.0,0.0,40.52941176470589,0.0,0.0,0.0,0.0,80.0,6900.0,12.0,7,0,0.5126126126126126,409.94796417756896,355.0,0.0,0.0,0.0,0.0,2
704.0,9.0,1.450181498734601,0.0,294.0,0.0,0.0,0.0,72.0,5.0,0.9313089099452184,0.0,0.0,37.38095238095238,0.0,0.0,0.0,0.0,100.0,1344.0,0.0,8,1,0.5126126126126126,354.04519485512014,531.0,147.0,73.5,0.0,0.0,2
712.0,6.0,1.0583373563876086,0.0,324.0,0.0,0.0,0.0,118.0,7.0,1.3285438859847831,0.0,20.0,44.30434782608695,0.0,0.0,0.0,0.0,100.0,1356.0,44.0,8,1,0.5126126126126126,6.0,709.0,178.82113968991473,154.5,0.0,0.0,2
714.0,1.0,-1.000088900581841e-12,0.0,0.0,0.0,0.0,0.0,54.0,4.0,0.5735160760932796,0.0,0.0,68.7,0.0,0.0,0.0,0.0,0.0,4822.0,0.0,9,1,0.5126126126126126,5.259911279353176,711.5,178.82113968991473,154.5,0.0,0.0,3
710.0,1.0,-1.000088900581841e-12,0.0,0.0,0.0,0.0,0.0,4.0,2.0,0.6931471805579453,0.0,0.0,87.53333333333333,0.0,0.0,0.0,0.0,20.0,0.0,0.0,9,1,0.5126126126126126,4.3204937989385845,710.0,178.82113968991473,154.5,0.0,0.0,3
716.0,5.0,0.2517269119422149,0.0,364.0,0.0,0.0,0.0,218.0,5.0,0.9017898061164608,0.0,0.0,100.0,0.0,0.0,0.0,0.0,220.0,458.0,32.0,10,1,0.5126126126126126,2.5819888974716294,713.0,199.2786993132984,172.0,0.0,0.0,2
704.0,3.0,0.2673133313322268,0.0,0.0,0.0,0.0,0.0,352.0,5.0,0.2669457402586209,0.0,0.0,100.0,0.0,0.0,0.0,0.0,22.0,70.0,10.0,10,1,0.5126126126126126,5.291502622129197,711.0,182.0,91.0,0.0,0.0,3
710.0,1.0,-1.000088900581841e-12,0.0,0.0,0.0,0.0,0.0,4.0,2.0,0.6931471805579453,0.0,0.0,100.0,0.0,0.0,0.0,0.0,0.0,0.0,0.0,11,1,0.5126126126126126,4.8989794855663735,710.0,182.0,91.0,0.0,0.0,3
44.0,1.0,-1.000088900581841e-12,0.0,0.0,0.0,0.0,0.0,54.0,2.0,0.1584105701297908,0.0,0.0,100.0,14.0,0.0,0.0,0.0,0.0,0.0,0.0,11,1,0.5126126126126126,333.03603408640333,543.5,182.0,91.0,0.0,0.0,3
636.0,4.0,0.940323159902215,0.0,0.0,0.0,0.0,0.0,598.0,5.0,0.158619170926996,0.0,0.0,97.72222222222224,0.0,0.0,0.0,0.0,22.0,10718.0,4.0,12,1,0.5126126126126126,321.4233967837438,523.5,0.0,0.0,0.0,0.0,3
704.0,4.0,0.9313862705020132,0.0,150.0,0.0,0.0,0.0,212.0,4.0,0.5795225019801264,0.0,0.0,95.57142857142856,0.0,0.0,0.0,0.0,44.0,1082.0,14.0,12,1,0.5126126126126126,321.4233967837438,523.5,75.0,37.5,0.0,0.0,2
706.0,1.0,-1.000088900581841e-12,0.0,84.0,0.0,0.0,0.0,42.0,3.0,0.5010469137560966,0.0,0.0,94.16666666666669,0.0,0.0,0.0,0.0,44.0,30.0,22.0,13,1,0.5126126126126126,320.6550586949576,522.5,72.72551134230683,58.5,0.0,0.0,2
716.0,1.0,-1.000088900581841e-12,0.0,180.0,0.0,0.0,0.0,144.0,2.0,0.5623351446168083,0.0,0.0,92.5,0.0,0.0,0.0,0.0,22.0,0.0,0.0,13,1,0.5126126126126126,36.71057976478534,690.5,79.8060148109151,103.5,0.0,0.0,3
716.0,4.0,0.9023921136429192,0.0,514.0,0.0,0.0,0.0,180.0,5.0,0.9728048075071516,0.0,0.0,89.38461538461539,0.0,0.0,0.0,0.0,110.0,3134.0,34.0,14,1,0.5126126126126126,6.403124237432909,710.5,192.22903006570053,232.0,0.0,0.0,2
712.0,5.0,1.0569855354683926,0.0,930.0,0.0,0.0,0.0,152.0,5.0,0.5076357112066125,0.0,0.0,83.8076923076923,0.0,0.0,0.0,0.0,104.0,6364.0,14.0,14,1,0.5126126126126126,4.7258156262526985,712.5,382.6382103240606,427.0,0.0,0.0,2
336.0,3.0,0.1488064783527481,0.0,198.0,0.0,0.0,0.0,42.0,2.0,0.1914440819557173,0.0,0.0,78.35714285714286,0.0,0.0,0.0,0.0,0.0,6894.0,0.0,15,1,0.5126126126126126,189.3427227718738,620.0,351.55796108181084,455.5,0.0,0.0,3
2.0,1.0,-1.000088900581841e-12,0.0,0.0,0.0,0.0,0.0,50.0,7.0,1.5169478013911717,0.0,0.0,72.0,0.0,0.0,0.0,0.0,4.0,4.0,2.0,16,1,0.5126126126126126,342.93391005653945,441.5,405.8977703806712,410.5,0.0,0.0,3
322.0,3.0,0.1335585254664062,0.0,0.0,0.0,0.0,0.0,70.0,3.0,0.3470668257518097,0.0,0.0,71.6,0.0,0.0,0.0,0.0,0.0,126.0,0.0,16,1,0.5126126126126126,290.3629912138712,343.0,441.9683246568695,282.0,0.0,0.0,3
328.0,4.0,0.6043303639770494,0.0,0.0,0.0,0.0,0.0,6.0,1.0,-1.000088900581841e-12,0.0,0.0,64.8,0.0,0.0,0.0,0.0,24.0,1688.0,8.0,18,1,0.5126126126126126,259.6735129606663,322.5,0.0,0.0,0.0,0.0,3
702.0,3.0,0.6025511558917831,0.0,114.0,0.0,0.0,0.0,186.0,3.0,0.8418424981846393,0.0,0.0,60.285714285714285,0.0,0.0,0.0,2.0,14.0,94.0,6.0,19,1,0.5126126126126126,296.94892939134616,432.0,55.53377350765963,31.0,0.0,0.0,2
708.0,1.0,-1.000088900581841e-12,0.0,0.0,0.0,0.0,0.0,42.0,7.0,1.6158400630673868,0.0,0.0,57.833333333333336,0.0,0.0,0.0,0.0,4.0,4.0,4.0,20,1,0.5126126126126126,314.6696680647819,449.5,55.53377350765963,31.0,0.0,0.0,2
708.0,4.0,0.2311659667728453,0.0,0.0,0.0,0.0,0.0,46.0,3.0,0.5598343259189019,0.0,0.0,55.75,0.0,0.0,0.0,0.0,6.0,1042.0,4.0,20,1,0.5126126126126126,323.012383663537,544.5,55.53377350765963,31.0,0.0,0.0,2
680.0,7.0,1.3747104521836748,0.0,0.0,0.0,0.0,0.0,192.0,5.0,0.8742352039392063,0.0,0.0,50.75,0.0,0.0,0.0,0.0,8.0,5526.0,8.0,21,0,0.5126126126126126,13.30413469565007,699.5,57.00000000000034,28.5,0.0,0.0,4
698.0,6.0,0.9280488280045333,0.0,0.0,0.0,0.0,0.0,14.0,3.0,1.0042424730510766,0.0,12.0,50.03448275862069,0.0,0.0,0.0,0.0,0.0,1394.0,0.0,0,0,0.5126126126126126,83.47454701883682,654.0,0.0,0.0,0.0,0.0,4
712.0,1.0,-1.000088900581841e-12,0.0,0.0,0.0,0.0,0.0,6.0,2.0,0.6365141682928128,0.0,0.0,83.66666666666667,0.0,0.0,0.0,0.0,0.0,0.0,0.0,0,0,0.5126126126126126,84.35638683585256,655.0,0.0,0.0,0.0,0.0,3
244.0,1.0,-1.000088900581841e-12,0.0,0.0,0.0,0.0,0.0,6.0,3.0,1.0986122886651095,0.0,0.0,98.0,0.0,0.0,0.0,0.0,12.0,0.0,0.0,1,0,0.5126126126126126,217.6541599265526,546.0,0.0,0.0,0.0,0.0,3
0.0,0.0,0.0,0.0,0.0,0.0,0.0,0.0,0.0,0.0,0.0,0.0,0.0,100.0,0.0,0.0,0.0,0.0,0.0,0.0,0.0,1,0,0.5126126126126126,351.0721673198641,413.5,0.0,0.0,0.0,0.0,3
0.0,0.0,0.0,0.0,0.0,0.0,0.0,0.0,14.0,3.0,1.0042424730510766,0.0,0.0,100.0,0.0,0.0,0.0,0.0,0.0,0.0,0.0,2,0,0.5126126126126126,335.6565705201275,239.0,0.0,0.0,0.0,0.0,3
0.0,0.0,0.0,0.0,0.0,0.0,0.0,0.0,10.0,3.0,0.9502705392302344,0.0,0.0,100.0,0.0,0.0,0.0,0.0,0.0,0.0,0.0,2,0,0.5126126126126126,122.00000000000004,61.0,0.0,0.0,0.0,0.0,3
0.0,0.0,0.0,0.0,0.0,0.0,0.0,0.0,2.0,1.0,-1.000088900581841e-12,0.0,0.0,100.0,0.0,0.0,0.0,0.0,0.0,0.0,0.0,3,0,0.5126126126126126,0.0,0.0,0.0,0.0,0.0,0.0,3
0.0,0.0,0.0,0.0,0.0,0.0,0.0,0.0,2.0,1.0,-1.000088900581841e-12,0.0,0.0,100.0,0.0,0.0,0.0,0.0,0.0,0.0,0.0,3,0,0.5126126126126126,0.0,0.0,0.0,0.0,0.0,0.0,3
0.0,0.0,0.0,0.0,0.0,0.0,0.0,0.0,2.0,1.0,-1.000088900581841e-12,0.0,0.0,100.0,0.0,0.0,0.0,0.0,0.0,0.0,0.0,4,0,0.5126126126126126,0.0,0.0,0.0,0.0,0.0,0.0,3
0.0,0.0,0.0,0.0,0.0,0.0,0.0,0.0,0.0,0.0,0.0,0.0,0.0,100.0,0.0,0.0,0.0,0.0,0.0,0.0,0.0,4,0,0.5126126126126126,0.0,0.0,0.0,0.0,0.0,0.0,3
0.0,0.0,0.0,0.0,0.0,0.0,0.0,0.0,2.0,1.0,-1.000088900581841e-12,0.0,0.0,100.0,0.0,0.0,0.0,0.0,0.0,0.0,0.0,5,0,0.5126126126126126,0.0,0.0,0.0,0.0,0.0,0.0,3
0.0,0.0,0.0,0.0,0.0,0.0,0.0,0.0,4.0,2.0,0.6931471805579453,0.0,0.0,100.0,0.0,0.0,0.0,0.0,0.0,0.0,0.0,5,0,0.5126126126126126,0.0,0.0,0.0,0.0,0.0,0.0,3
0.0,0.0,0.0,0.0,0.0,0.0,0.0,0.0,2.0,1.0,-1.000088900581841e-12,0.0,0.0,100.0,0.0,0.0,0.0,0.0,0.0,0.0,0.0,6,0,0.5126126126126126,0.0,0.0,0.0,0.0,0.0,0.0,3
0.0,0.0,0.0,0.0,0.0,0.0,0.0,0.0,10.0,2.0,0.5004024235361879,0.0,0.0,100.0,0.0,0.0,0.0,0.0,0.0,0.0,0.0,6,0,0.5126126126126126,0.0,0.0,0.0,0.0,0.0,0.0,3
708.0,2.0,0.0348775115169437,0.0,0.0,0.0,0.0,0.0,6.0,2.0,0.6365141682928128,0.0,0.0,100.0,0.0,0.0,0.0,0.0,12.0,0.0,0.0,7,0,0.5126126126126126,354.0,177.0,0.0,0.0,0.0,0.0,3
712.0,6.0,1.561371994862523,0.0,0.0,0.0,0.0,0.0,18.0,4.0,1.2148896539451204,0.0,0.0,99.2,0.0,0.0,0.0,0.0,72.0,538.0,8.0,7,0,0.5126126126126126,409.9219437893024,355.0,0.0,0.0,0.0,0.0,3
710.0,6.0,1.227656056567943,0.0,144.0,0.0,0.0,0.0,48.0,4.0,0.9179653278472646,0.0,0.0,95.41176470588236,0.0,0.0,0.0,0.0,52.0,530.0,28.0,8,1,0.5126126126126126,355.00375584867646,532.5,72.00000000000027,36.0,0.0,0.0,3
4.0,1.0,-1.000088900581841e-12,0.0,0.0,0.0,0.0,0.0,0.0,0.0,0.0,0.0,0.0,94.0,0.0,0.0,0.0,0.0,0.0,0.0,0.0,8,1,0.5126126126126126,353.0037771280453,533.5,72.00000000000027,36.0,0.0,0.0,3
374.0,4.0,1.1165318853249715,0.0,0.0,0.0,0.0,0.0,62.0,7.0,1.6937811651309576,0.0,0.0,91.66666666666669,0.0,0.0,0.0,0.0,4.0,1280.0,2.0,10,1,0.5126126126126126,337.11323517971425,450.0,72.00000000000027,36.0,0.0,0.0,3
608.0,5.0,0.1536136544093752,0.0,0.0,0.0,0.0,0.0,376.0,8.0,0.4223856256638435,0.0,0.0,89.3,0.0,0.0,0.0,0.0,6.0,690.0,6.0,10,1,0.5126126126126126,313.34326225403345,424.0,72.00000000000027,36.0,0.0,0.0,4
714.0,3.0,0.1845927154180268,0.0,0.0,0.0,0.0,0.0,128.0,3.0,0.3900630977013954,0.0,0.0,86.0,0.0,0.0,0.0,0.0,8.0,280.0,6.0,11,1,0.5126126126126126,314.56424886923605,425.0,0.0,0.0,0.0,0.0,3
0.0,0.0,0.0,0.0,0.0,0.0,0.0,0.0,2.0,1.0,-1.000088900581841e-12,0.0,0.0,85.0,0.0,0.0,0.0,0.0,0.0,0.0,2.0,11,1,0.5126126126126126,316.35001712238505,424.0,0.0,0.0,0.0,0.0,3
712.0,1.0,-1.000088900581841e-12,0.0,0.0,0.0,0.0,0.0,64.0,2.0,0.1390607984527411,0.0,0.0,80.44444444444444,0.0,0.0,0.0,0.0,0.0,84.0,0.0,12,1,0.5126126126126126,336.9446047448552,463.5,0.0,0.0,0.0,0.0,3
706.0,6.0,0.5092453841802637,0.0,30.0,0.0,0.0,0.0,432.0,4.0,0.217407579543428,0.0,0.0,78.85714285714286,0.0,0.0,0.0,0.0,12.0,258.0,10.0,13,1,0.5126126126126126,334.9800989113632,461.5,15.000000000001291,7.5,0.0,0.0,3
598.0,5.0,1.2344847190081765,0.0,68.0,0.0,0.0,0.0,52.0,4.0,0.9388089216542552,0.0,0.0,75.47619047619048,0.0,0.0,0.0,0.0,8.0,2152.0,2.0,13,1,0.5126126126126126,132.77047864642196,611.0,32.26453160980396,24.5,0.0,0.0,3
2.0,1.0,-1.000088900581841e-12,0.0,0.0,0.0,0.0,0.0,0.0,0.0,0.0,0.0,0.0,0.0,0.0,0.0,0.0,0.0,2.0,0.0,0.0,14,1,0.5126126126126126,339.07078906918537,504.5,32.26453160980396,24.5,0.0,0.0,3
306.0,3.0,1.0354318236482989,0.0,0.0,0.0,0.0,0.0,152.0,7.0,0.662445281166431,0.0,0.0,70.33333333333333,0.0,0.0,0.0,0.0,2.0,688.0,2.0,16,1,0.5126126126126126,316.25095520277347,403.0,32.26453160980396,24.5,0.0,0.0,3
714.0,1.0,-1.000088900581841e-12,0.0,0.0,0.0,0.0,0.0,64.0,2.0,0.1390607984527411,0.0,0.0,67.0,0.0,0.0,0.0,0.0,0.0,0.0,0.0,17,1,0.5126126126126126,318.820743783504,405.0,34.00000000000057,17.0,0.0,0.0,3
712.0,9.0,1.319660705984824,0.0,0.0,0.0,0.0,0.0,202.0,8.0,0.8245057454827108,0.0,0.0,63.869565217391305,0.0,0.0,0.0,0.0,14.0,4578.0,12.0,17,1,0.5126126126126126,345.77979505267024,433.5,0.0,0.0,0.0,0.0,4
318.0,2.0,0.5106886688579795,0.0,0.0,0.0,0.0,0.0,8.0,2.0,0.6931471805579453,0.0,0.0,61.5,0.0,0.0,0.0,0.0,12.0,18.0,6.0,18,1,0.5126126126126126,231.57072353818816,512.5,0.0,0.0,0.0,0.0,3
90.0,1.0,-1.000088900581841e-12,0.0,0.0,0.0,0.0,0.0,28.0,6.0,1.468060203493046,0.0,0.0,59.5,0.0,0.0,0.0,0.0,2.0,16.0,0.0,18,1,0.5126126126126126,308.261252835967,458.5,0.0,0.0,0.0,0.0,3
710.0,4.0,0.2814709646221521,0.0,0.0,0.0,0.0,0.0,48.0,8.0,1.5672249091757833,0.0,0.0,58.11111111111112,0.0,0.0,0.0,0.0,4.0,374.0,4.0,19,1,0.5126126126126126,307.1606528620921,457.5,0.0,0.0,0.0,0.0,3
692.0,4.0,0.7086983403683468,0.0,252.0,0.0,0.0,0.0,206.0,4.0,0.7141967683409656,0.0,0.0,55.71428571428572,0.0,0.0,0.0,0.0,24.0,24.0,4.0,19,1,0.5126126126126126,301.75210576453867,452.5,126.00000000000016,63.0,0.0,0.0,3
702.0,1.0,-1.000088900581841e-12,0.0,10.0,0.0,0.0,0.0,10.0,1.0,-1.000088900581841e-12,0.0,0.0,52.66666666666666,0.0,0.0,0.0,0.0,0.0,0.0,0.0,20,1,0.5126126126126126,305.75534882211514,548.5,124.422666745252,65.5,0.0,0.0,2
574.0,1.0,-1.000088900581841e-12,0.0,0.0,0.0,0.0,0.0,6.0,3.0,1.0986122886651095,0.0,0.0,51.66666666666666,0.0,0.0,0.0,0.0,0.0,0.0,0.0,20,1,0.5126126126126126,64.09108102276507,669.5,124.422666745252,65.5,0.0,0.0,2
0.0,0.0,0.0,0.0,0.0,0.0,0.0,0.0,0.0,0.0,0.0,0.0,0.0,51.0,2.0,0.0,0.0,0.0,0.0,0.0,0.0,21,0,0.5126126126126126,333.1105922462788,492.0,124.422666745252,65.5,0.0,0.0,2
0.0,0.0,0.0,0.0,0.0,0.0,0.0,0.0,4.0,2.0,0.6931471805579453,0.0,0.0,50.5,2.0,0.0,0.0,0.0,0.0,0.0,0.0,21,0,0.5126126126126126,372.0376325051002,319.0,5.000000000004043,2.5,0.0,0.0,3
0.0,0.0,0.0,0.0,0.0,0.0,0.0,0.0,0.0,0.0,0.0,0.0,0.0,50.0,0.0,0.0,0.0,0.0,0.0,0.0,0.0,22,0,0.5126126126126126,286.99999999999994,143.5,0.0,0.0,0.0,0.0,2
270.0,3.0,0.7039495635806703,0.0,0.0,0.0,0.0,0.0,10.0,4.0,1.3321790402061222,0.0,0.0,48.15384615384615,0.0,0.0,0.0,0.0,4.0,830.0,2.0,22,0,0.5126126126126126,134.99999999999986,67.5,0.0,0.0,0.0,0.0,3
718.0,4.0,0.8617258505686136,0.0,0.0,0.0,0.0,0.0,14.0,3.0,0.9556998911095343,0.0,0.0,44.64,0.0,0.0,0.0,0.0,16.0,2548.0,6.0,23,0,0.5126126126126126,338.8155840571681,247.0,0.0,0.0,0.0,0.0,4
706.0,5.0,0.4295904243089986,0.0,0.0,0.0,0.0,0.0,6.0,3.0,1.0986122886651095,0.0,0.0,41.4,0.0,0.0,0.0,0.0,24.0,240.0,0.0,23,0,0.5126126126126126,350.92781783912955,423.5,0.0,0.0,0.0,0.0,4
704.0,1.0,-1.000088900581841e-12,0.0,0.0,0.0,0.0,0.0,12.0,3.0,1.0986122886651095,0.0,8.0,44.71428571428572,0.0,0.0,0.0,0.0,8.0,0.0,4.0,0,0,0.5126126126126126,219.75364995072687,599.5,0.0,0.0,0.0,0.0,3
710.0,1.0,-1.000088900581841e-12,0.0,0.0,0.0,0.0,0.0,6.0,2.0,0.6365141682928128,0.0,0.0,69.7,0.0,0.0,0.0,0.0,0.0,0.0,0.0,0,0,0.5126126126126126,6.191391873666292,709.5,0.0,0.0,0.0,0.0,3
440.0,1.0,-1.000088900581841e-12,0.0,0.0,0.0,0.0,0.0,6.0,3.0,1.0986122886651095,0.0,0.0,89.2,0.0,0.0,0.0,0.0,8.0,0.0,0.0,1,0,0.5126126126126126,133.3566646253571,640.0,0.0,0.0,0.0,0.0,3
0.0,0.0,0.0,0.0,0.0,0.0,0.0,0.0,0.0,0.0,0.0,0.0,0.0,100.0,0.0,0.0,0.0,0.0,0.0,0.0,0.0,1,0,0.5126126126126126,333.6600065935382,463.5,0.0,0.0,0.0,0.0,3
0.0,0.0,0.0,0.0,0.0,0.0,0.0,0.0,10.0,3.0,1.054920167983144,0.0,0.0,100.0,0.0,0.0,0.0,0.0,0.0,0.0,0.0,2,0,0.5126126126126126,349.7975605022615,287.5,0.0,0.0,0.0,0.0,3
0.0,0.0,0.0,0.0,0.0,0.0,0.0,0.0,12.0,3.0,1.0986122886651095,0.0,0.0,100.0,0.0,0.0,0.0,0.0,0.0,0.0,0.0,2,0,0.5126126126126126,219.99999999999991,110.0,0.0,0.0,0.0,0.0,3
0.0,0.0,0.0,0.0,0.0,0.0,0.0,0.0,8.0,2.0,0.5623351446168083,0.0,0.0,100.0,0.0,0.0,0.0,0.0,0.0,0.0,0.0,3,0,0.5126126126126126,0.0,0.0,0.0,0.0,0.0,0.0,3
0.0,0.0,0.0,0.0,0.0,0.0,0.0,0.0,192.0,2.0,0.0579075174861343,0.0,0.0,100.0,0.0,0.0,0.0,0.0,0.0,0.0,0.0,3,0,0.5126126126126126,0.0,0.0,0.0,0.0,0.0,0.0,3
0.0,0.0,0.0,0.0,0.0,0.0,0.0,0.0,2.0,1.0,-1.000088900581841e-12,0.0,0.0,100.0,0.0,0.0,0.0,0.0,0.0,0.0,0.0,4,0,0.5126126126126126,0.0,0.0,0.0,0.0,0.0,0.0,3
0.0,0.0,0.0,0.0,0.0,0.0,0.0,0.0,0.0,0.0,0.0,0.0,0.0,100.0,0.0,0.0,0.0,0.0,0.0,0.0,0.0,4,0,0.5126126126126126,0.0,0.0,0.0,0.0,0.0,0.0,3
516.0,1.0,-1.000088900581841e-12,0.0,0.0,0.0,0.0,0.0,6.0,2.0,0.6365141682928128,0.0,0.0,100.0,0.0,0.0,0.0,0.0,8.0,0.0,6.0,5,0,0.5126126126126126,257.99999999999994,129.0,0.0,0.0,0.0,0.0,4
712.0,1.0,-1.000088900581841e-12,0.0,0.0,0.0,0.0,0.0,2.0,1.0,-1.000088900581841e-12,0.0,0.0,100.0,0.0,0.0,0.0,0.0,0.0,0.0,0.0,5,0,0.5126126126126126,363.4116123626211,307.0,0.0,0.0,0.0,0.0,3
194.0,1.0,-1.000088900581841e-12,0.0,0.0,0.0,0.0,0.0,2.0,1.0,-1.000088900581841e-12,0.0,0.0,100.0,0.0,0.0,0.0,0.0,0.0,0.0,0.0,6,0,0.5126126126126126,319.0167184751712,355.5,0.0,0.0,0.0,0.0,3
0.0,0.0,0.0,0.0,0.0,0.0,0.0,0.0,2.0,1.0,-1.000088900581841e-12,0.0,0.0,100.0,0.0,0.0,0.0,0.0,0.0,0.0,0.0,6,0,0.5126126126126126,319.0167184751712,355.5,0.0,0.0,0.0,0.0,3
712.0,4.0,0.9846826345958556,0.0,0.0,0.0,0.0,0.0,12.0,5.0,1.5607104090364066,0.0,0.0,98.29411764705884,0.0,0.0,0.0,0.0,32.0,492.0,8.0,7,0,0.5126126126126126,363.79618836192697,404.5,0.0,0.0,0.0,0.0,3
706.0,5.0,1.0536655616472204,0.0,0.0,0.0,0.0,0.0,8.0,2.0,0.6931471805579453,0.0,0.0,94.28571428571428,0.0,0.0,0.0,0.0,24.0,1440.0,6.0,7,0,0.5126126126126126,362.1141624773417,403.0,0.0,0.0,0.0,0.0,3
696.0,6.0,0.8307886405636639,0.0,200.0,0.0,0.0,0.0,72.0,3.0,0.411313778575455,0.0,0.0,91.63636363636364,0.0,0.0,0.0,0.0,96.0,206.0,8.0,8,1,0.5126126126126126,352.395138067104,528.5,100.0000000000002,50.0,0.0,0.0,3
684.0,1.0,-1.000088900581841e-12,0.0,0.0,0.0,0.0,0.0,8.0,2.0,0.5623351446168083,0.0,0.0,89.16666666666667,0.0,0.0,0.0,0.0,0.0,0.0,0.0,8,1,0.5126126126126126,12.261049438498354,699.5,100.0000000000002,50.0,0.0,0.0,3
592.0,1.0,-1.000088900581841e-12,0.0,0.0,0.0,0.0,0.0,32.0,5.0,1.0373923246159082,0.0,0.0,88.0,8.0,0.0,0.0,0.0,0.0,0.0,0.0,9,1,0.5126126126126126,52.44362052083458,669.5,100.0000000000002,50.0,0.0,0.0,3
0.0,0.0,0.0,0.0,0.0,0.0,0.0,0.0,0.0,0.0,0.0,0.0,0.0,87.33333333333333,0.0,0.0,0.0,0.0,0.0,0.0,0.0,9,1,0.5126126126126126,331.9337283253993,493.0,100.0000000000002,50.0,0.0,0.0,3
0.0,0.0,0.0,0.0,0.0,0.0,0.0,0.0,38.0,1.0,-1.000088900581841e-12,0.0,0.0,87.0,12.0,0.0,0.0,0.0,0.0,0.0,0.0,10,1,0.5126126126126126,370.25936855129,319.0,0.0,0.0,0.0,0.0,3
246.0,3.0,0.6245741408332937,0.0,0.0,0.0,0.0,0.0,52.0,5.0,0.926309159890075,0.0,0.0,85.61538461538461,0.0,0.0,0.0,0.0,24.0,4086.0,16.0,10,1,0.5126126126126126,280.13032681236064,209.5,0.0,0.0,0.0,0.0,3
716.0,7.0,0.9459432196116572,0.0,0.0,0.0,0.0,0.0,50.0,4.0,1.0116279112543294,0.0,0.0,83.0909090909091,0.0,0.0,0.0,0.0,24.0,864.0,10.0,11,1,0.5126126126126126,337.5455524814392,240.5,0.0,0.0,0.0,0.0,3
718.0,1.0,-1.000088900581841e-12,0.0,0.0,0.0,0.0,0.0,68.0,4.0,0.9476020589362264,0.0,0.0,80.16666666666667,0.0,0.0,0.0,0.0,24.0,0.0,6.0,11,1,0.5126126126126126,357.3495021217556,420.0,0.0,0.0,0.0,0.0,3
716.0,1.0,-1.000088900581841e-12,0.0,0.0,0.0,0.0,0.0,60.0,5.0,1.0662467704341707,0.0,0.0,78.2,0.0,0.0,0.0,0.0,12.0,68.0,8.0,12,1,0.5126126126126126,235.3352218998819,599.0,0.0,0.0,0.0,0.0,3
700.0,2.0,0.1769203511159439,0.0,0.0,0.0,0.0,0.0,22.0,3.0,0.9949236325687753,0.0,0.0,76.5,0.0,0.0,0.0,0.0,12.0,4.0,4.0,12,1,0.5126126126126126,8.386497083605303,712.5,0.0,0.0,0.0,0.0,3
696.0,2.0,0.3682968327456641,0.0,0.0,0.0,0.0,0.0,6.0,2.0,0.6365141682928128,0.0,0.0,75.33333333333333,0.0,0.0,0.0,0.0,24.0,46.0,10.0,13,1,0.5126126126126126,11.120551545074273,707.5,0.0,0.0,0.0,0.0,3
464.0,5.0,1.3586349632023709,0.0,0.0,0.0,0.0,0.0,62.0,13.0,2.2061639666919954,0.0,0.0,73.77777777777777,0.0,0.0,0.0,0.0,40.0,4324.0,18.0,13,1,0.5126126126126126,120.31070886112612,644.0,0.0,0.0,0.0,0.0,3
64.0,3.0,0.7978911125113848,0.0,0.0,0.0,0.0,0.0,42.0,5.0,0.7509687782443433,0.0,0.0,72.0,0.0,0.0,0.0,0.0,2.0,82.0,0.0,14,1,0.5126126126126126,299.0897301257043,481.0,0.0,0.0,0.0,0.0,3
316.0,3.0,0.1562521253181301,0.0,0.0,0.0,0.0,0.0,2.0,1.0,-1.000088900581841e-12,0.0,0.0,69.84615384615384,0.0,0.0,0.0,0.0,0.0,386.0,0.0,14,1,0.5126126126126126,265.0559689323495,385.0,0.0,0.0,0.0,0.0,4
384.0,3.0,0.6575330536218601,0.0,0.0,0.0,0.0,0.0,64.0,5.0,1.2794424089723997,0.0,0.0,62.1764705882353,0.0,0.0,0.0,0.0,4.0,1522.0,0.0,15,1,0.5126126126126126,172.9238753517473,307.0,0.0,0.0,0.0,0.0,3
582.0,6.0,0.8790620901448349,0.0,0.0,0.0,0.0,0.0,618.0,3.0,0.0435605050200868,0.0,0.0,58.10526315789474,0.0,0.0,0.0,0.0,2.0,1532.0,2.0,16,1,0.5126126126126126,213.8558704673157,336.5,0.0,0.0,0.0,0.0,3
224.0,3.0,0.7037567134498468,0.0,0.0,0.0,0.0,0.0,340.0,5.0,0.2242489431709883,0.0,0.0,54.5,0.0,0.0,0.0,0.0,4.0,526.0,2.0,17,1,0.5126126126126126,151.88043543085675,376.5,0.0,0.0,0.0,0.0,3
714.0,3.0,0.7555827529915268,0.0,0.0,0.0,0.0,0.0,8.0,3.0,1.039720770836918,0.0,0.0,52.70588235294117,0.0,0.0,0.0,0.0,2.0,866.0,0.0,17,1,0.5126126126126126,215.90738755308948,476.0,0.0,0.0,0.0,0.0,3
712.0,2.0,0.374028094645081,0.0,0.0,0.0,0.0,0.0,130.0,3.0,0.1587336120054593,0.0,0.0,49.85714285714285,0.0,0.0,0.0,0.0,4.0,764.0,2.0,18,1,0.5126126126126126,231.0728600824135,558.0,0.0,0.0,0.0,0.0,3
702.0,3.0,0.3197588955861286,0.0,0.0,0.0,0.0,0.0,172.0,5.0,0.4093417375978257,0.0,0.0,48.0,0.0,0.0,0.0,0.0,12.0,1286.0,4.0,18,1,0.5126126126126126,242.7234365830104,588.0,0.0,0.0,0.0,0.0,3
702.0,1.0,-1.000088900581841e-12,0.0,0.0,0.0,0.0,0.0,28.0,1.0,-1.000088900581841e-12,0.0,0.0,45.16666666666666,0.0,0.0,0.0,0.0,6.0,0.0,0.0,19,1,0.5126126126126126,6.403124237431086,707.5,0.0,0.0,0.0,0.0,3
410.0,1.0,-1.000088900581841e-12,0.0,0.0,0.0,0.0,0.0,6.0,2.0,0.6365141682928128,0.0,0.0,42.71428571428572,0.0,0.0,0.0,0.0,6.0,0.0,0.0,19,1,0.5126126126126126,147.7418920505171,631.5,0.0,0.0,0.0,0.0,3
0.0,0.0,0.0,0.0,0.0,0.0,0.0,0.0,2.0,1.0,-1.000088900581841e-12,0.0,0.0,40.66666666666666,0.0,0.0,0.0,0.0,0.0,0.0,0.0,20,1,0.5126126126126126,332.1942202989089,453.5,0.0,0.0,0.0,0.0,3
74.0,2.0,0.6839884329657817,0.0,0.0,0.0,0.0,0.0,20.0,5.0,1.2275294114522126,0.0,0.0,39.71428571428572,2.0,0.0,0.0,0.0,4.0,418.0,2.0,20,1,0.5126126126126126,323.89864669882974,296.5,0.0,0.0,0.0,0.0,2
708.0,7.0,0.8254015987686991,0.0,0.0,0.0,0.0,0.0,424.0,5.0,0.1664208053609111,0.0,0.0,36.58620689655172,0.0,0.0,0.0,0.0,4.0,4710.0,2.0,21,0,0.5126126126126126,326.40669927765475,298.0,0.0,0.0,0.0,0.0,3
716.0,5.0,0.7336580376785988,0.0,0.0,0.0,0.0,0.0,118.0,2.0,0.0859155013326631,0.0,0.0,32.03333333333333,0.0,0.0,0.0,0.0,0.0,2502.0,0.0,21,0,0.5126126126126126,390.89427385590255,374.5,0.0,0.0,0.0,0.0,3
706.0,4.0,0.3167295201973049,0.0,0.0,0.0,0.0,0.0,6.0,2.0,0.6365141682928128,0.0,8.0,44.689655172413794,0.0,0.0,0.0,0.0,8.0,368.0,0.0,22,0,0.5126126126126126,318.02934875049925,551.0,0.0,0.0,0.0,0.0,3
708.0,1.0,-1.000088900581841e-12,0.0,0.0,0.0,0.0,0.0,30.0,3.0,0.7647544195644197,0.0,0.0,75.9,0.0,0.0,0.0,0.0,0.0,0.0,0.0,22,0,0.5126126126126126,4.43471156521669,709.5,0.0,0.0,0.0,0.0,3
60.0,1.0,-1.000088900581841e-12,0.0,0.0,0.0,0.0,0.0,4.0,2.0,0.6931471805579453,0.0,0.0,94.13333333333334,0.0,0.0,0.0,0.0,8.0,0.0,0.0,23,0,0.5126126126126126,325.0287166800292,547.5,0.0,0.0,0.0,0.0,3
564.0,4.0,0.5857859795344129,0.0,0.0,0.0,0.0,0.0,28.0,3.0,0.8921178708158163,0.0,0.0,100.0,0.0,0.0,0.0,0.0,16.0,2478.0,16.0,23,0,0.5126126126126126,307.15631199765375,509.5,0.0,0.0,0.0,0.0,3
710.0,5.0,0.8100238403964465,0.0,0.0,0.0,0.0,0.0,8.0,3.0,1.039720770836918,0.0,0.0,97.75,0.0,0.0,0.0,0.0,0.0,1644.0,0.0,0,0,0.5126126126126126,308.0146100430952,510.5,0.0,0.0,0.0,0.0,3
710.0,1.0,-1.000088900581841e-12,0.0,0.0,0.0,0.0,0.0,10.0,1.0,-1.000088900581841e-12,0.0,0.0,97.0,0.0,0.0,0.0,0.0,0.0,0.0,0.0,0,0,0.5126126126126126,308.4434037766626,511.0,0.0,0.0,0.0,0.0,3
300.0,1.0,-1.000088900581841e-12,0.0,0.0,0.0,0.0,0.0,0.0,0.0,0.0,0.0,0.0,97.0,10.0,0.0,0.0,0.0,0.0,0.0,0.0,1,0,0.5126126126126126,193.3321839046291,571.0,0.0,0.0,0.0,0.0,3
0.0,0.0,0.0,0.0,0.0,0.0,0.0,0.0,0.0,0.0,0.0,0.0,0.0,96.16666666666669,0.0,0.0,0.0,0.0,0.0,0.0,0.0,1,0,0.5126126126126126,345.73593005838046,430.0,0.0,0.0,0.0,0.0,3
0.0,0.0,0.0,0.0,0.0,0.0,0.0,0.0,6.0,2.0,0.6365141682928128,0.0,0.0,95.33333333333331,12.0,0.0,0.0,0.0,0.0,0.0,0.0,2,0,0.5126126126126126,336.1919094802848,252.5,0.0,0.0,0.0,0.0,3
0.0,0.0,0.0,0.0,0.0,0.0,0.0,0.0,0.0,0.0,0.0,0.0,0.0,95.0,0.0,0.0,0.0,0.0,0.0,0.0,0.0,2,0,0.5126126126126126,150.0,75.0,0.0,0.0,0.0,0.0,3
0.0,0.0,0.0,0.0,0.0,0.0,0.0,0.0,0.0,0.0,0.0,0.0,0.0,94.0,0.0,0.0,0.0,0.0,0.0,0.0,0.0,3,0,0.5126126126126126,0.0,0.0,0.0,0.0,0.0,0.0,3
0.0,0.0,0.0,0.0,0.0,0.0,0.0,0.0,0.0,0.0,0.0,0.0,0.0,93.5,0.0,0.0,0.0,0.0,0.0,0.0,0.0,3,0,0.5126126126126126,0.0,0.0,0.0,0.0,0.0,0.0,3
0.0,0.0,0.0,0.0,0.0,0.0,0.0,0.0,20.0,2.0,0.6730116670072565,0.0,0.0,92.66666666666669,12.0,0.0,0.0,0.0,0.0,0.0,0.0,4,0,0.5126126126126126,0.0,0.0,0.0,0.0,0.0,0.0,3
0.0,0.0,0.0,0.0,0.0,0.0,0.0,0.0,0.0,0.0,0.0,0.0,0.0,92.0,0.0,0.0,0.0,0.0,0.0,0.0,0.0,4,0,0.5126126126126126,0.0,0.0,0.0,0.0,0.0,0.0,3
0.0,0.0,0.0,0.0,0.0,0.0,0.0,0.0,2.0,1.0,-1.000088900581841e-12,0.0,0.0,91.16666666666669,0.0,0.0,0.0,0.0,0.0,0.0,0.0,5,0,0.5126126126126126,0.0,0.0,0.0,0.0,0.0,0.0,3
0.0,0.0,0.0,0.0,0.0,0.0,0.0,0.0,2.0,1.0,-1.000088900581841e-12,0.0,0.0,90.66666666666669,0.0,0.0,0.0,0.0,0.0,0.0,0.0,5,0,0.5126126126126126,0.0,0.0,0.0,0.0,0.0,0.0,3
0.0,0.0,0.0,0.0,0.0,0.0,0.0,0.0,0.0,0.0,0.0,0.0,0.0,90.0,0.0,0.0,0.0,0.0,0.0,0.0,0.0,6,0,0.5126126126126126,0.0,0.0,0.0,0.0,0.0,0.0,3
0.0,0.0,0.0,0.0,0.0,0.0,0.0,0.0,10.0,1.0,-1.000088900581841e-12,0.0,0.0,89.33333333333333,0.0,0.0,0.0,0.0,12.0,0.0,0.0,6,0,0.5126126126126126,0.0,0.0,0.0,0.0,0.0,0.0,3
710.0,6.0,1.0600118040896036,0.0,0.0,0.0,0.0,0.0,178.0,4.0,0.230078491494468,0.0,0.0,87.78571428571429,0.0,0.0,0.0,0.0,48.0,1342.0,10.0,7,0,0.5126126126126126,355.0,177.5,0.0,0.0,0.0,0.0,3
714.0,3.0,0.7103253949538677,0.0,0.0,0.0,0.0,0.0,154.0,2.0,0.2042116991463317,0.0,0.0,84.96,0.0,0.0,0.0,0.0,54.0,1182.0,12.0,7,0,0.5126126126126126,411.07663519105535,356.0,0.0,0.0,0.0,0.0,3
708.0,5.0,1.2204893108012278,0.0,0.0,0.0,0.0,0.0,90.0,5.0,1.0985863379680867,0.0,0.0,81.71428571428571,0.0,0.0,0.0,0.0,54.0,1322.0,24.0,8,1,0.5126126126126126,355.342088697638,533.0,0.0,0.0,0.0,0.0,2
686.0,1.0,-1.000088900581841e-12,0.0,0.0,0.0,0.0,0.0,4.0,2.0,0.6931471805579453,0.0,0.0,78.66666666666667,0.0,0.0,0.0,0.0,18.0,0.0,0.0,8,1,0.5126126126126126,12.583057392117391,704.5,0.0,0.0,0.0,0.0,2
554.0,1.0,-1.000088900581841e-12,0.0,0.0,0.0,0.0,0.0,16.0,3.0,0.7356219397557947,0.0,0.0,78.0,0.0,0.0,0.0,0.0,0.0,0.0,0.0,9,1,0.5126126126126126,75.30161574185058,665.5,0.0,0.0,0.0,0.0,2
0.0,0.0,0.0,0.0,0.0,0.0,0.0,0.0,68.0,1.0,-1.000088900581841e-12,0.0,0.0,77.0,8.0,0.0,0.0,0.0,0.0,0.0,0.0,9,1,0.5126126126126126,331.7127271199182,487.0,0.0,0.0,0.0,0.0,3
0.0,0.0,0.0,0.0,0.0,0.0,0.0,0.0,16.0,1.0,-1.000088900581841e-12,0.0,0.0,76.66666666666667,0.0,0.0,0.0,0.0,0.0,0.0,0.0,10,1,0.5126126126126126,361.99079177975415,310.0,0.0,0.0,0.0,0.0,3
400.0,6.0,1.481809189738367,0.0,0.0,0.0,0.0,0.0,94.0,5.0,0.7899077838446312,0.0,0.0,74.85714285714286,0.0,0.0,0.0,0.0,36.0,4434.0,8.0,10,1,0.5126126126126126,282.48126781552554,238.5,0.0,0.0,0.0,0.0,3
714.0,7.0,1.4706710368879654,0.0,0.0,0.0,0.0,0.0,122.0,7.0,1.0033460140174413,0.0,0.0,71.05882352941177,0.0,0.0,0.0,0.0,90.0,2940.0,34.0,11,1,0.5126126126126126,346.19214318063314,278.5,0.0,0.0,0.0,0.0,2
690.0,2.0,0.4189196087206265,0.0,0.0,0.0,0.0,0.0,162.0,2.0,0.1157741582998883,0.0,0.0,67.875,0.0,0.0,0.0,0.0,18.0,136.0,6.0,11,1,0.5126126126126126,332.8122593895844,451.0,0.0,0.0,0.0,0.0,2
684.0,3.0,0.7320534639998215,0.0,0.0,0.0,0.0,0.0,10.0,3.0,1.054920167983144,0.0,0.0,64.83333333333333,0.0,0.0,0.0,0.0,36.0,0.0,12.0,12,1,0.5126126126126126,148.56648343418507,622.0,0.0,0.0,0.0,0.0,3
688.0,3.0,0.914137153730833,0.0,0.0,0.0,0.0,0.0,38.0,4.0,1.0102099474226796,0.0,0.0,63.16666666666666,0.0,0.0,0.0,0.0,36.0,894.0,20.0,12,1,0.5126126126126126,13.56465996625,694.0,0.0,0.0,0.0,0.0,2
686.0,1.0,-1.000088900581841e-12,0.0,0.0,0.0,0.0,0.0,6.0,2.0,0.6365141682928128,0.0,0.0,61.66666666666666,0.0,0.0,0.0,0.0,54.0,14.0,6.0,13,1,0.5126126126126126,2.5819888974688445,687.0,0.0,0.0,0.0,0.0,3
698.0,2.0,0.6556273985445902,0.0,0.0,0.0,0.0,0.0,156.0,2.0,0.3306806308299787,0.0,0.0,60.21428571428572,0.0,0.0,0.0,0.0,90.0,3396.0,42.0,13,1,0.5126126126126126,6.218252702058061,689.0,0.0,0.0,0.0,0.0,3
696.0,2.0,0.5890026049627303,0.0,0.0,0.0,0.0,0.0,260.0,4.0,0.2525662560440605,0.0,0.0,57.54545454545455,0.0,0.0,0.0,0.0,54.0,2094.0,28.0,14,1,0.5126126126126126,5.887840577550694,692.0,0.0,0.0,0.0,0.0,3
710.0,4.0,1.1894293735439214,0.0,0.0,0.0,0.0,0.0,186.0,4.0,0.3841050614694115,0.0,0.0,54.5,0.0,0.0,0.0,0.0,54.0,6616.0,22.0,14,1,0.5126126126126126,9.848857801795374,697.5,0.0,0.0,0.0,0.0,3
710.0,3.0,0.7275781952987145,0.0,0.0,0.0,0.0,0.0,6.0,2.0,0.6365141682928128,0.0,0.0,52.333333333333336,0.0,0.0,0.0,0.0,18.0,342.0,8.0,15,1,0.5126126126126126,7.549834435269783,703.5,0.0,0.0,0.0,0.0,2
702.0,3.0,0.7212682269864781,0.0,44.0,0.0,0.0,0.0,34.0,4.0,1.1407201964094569,0.0,0.0,51.0,0.0,0.0,0.0,0.0,54.0,224.0,24.0,15,1,0.5126126126126126,6.80685928555297,704.5,22.00000000000091,11.0,0.0,0.0,3
706.0,3.0,0.4964777779891418,0.0,12.0,0.0,0.0,0.0,18.0,3.0,0.8486855577234171,0.0,0.0,48.833333333333336,0.0,0.0,0.0,0.0,18.0,412.0,10.0,16,1,0.5126126126126126,3.829708431023428,707.0,20.78460969082749,14.0,0.0,0.0,2
710.0,2.0,0.6929527620862539,0.0,0.0,0.0,0.0,0.0,18.0,3.0,0.8486855577234171,0.0,0.0,47.5,0.0,0.0,0.0,0.0,36.0,374.0,6.0,16,1,0.5126126126126126,3.829708431023428,707.0,20.78460969082749,14.0,0.0,0.0,2
706.0,7.0,1.270909293131611,0.0,88.0,0.0,0.0,0.0,132.0,7.0,1.1716448209312902,0.0,0.0,46.333333333333336,0.0,0.0,0.0,0.0,108.0,244.0,20.0,17,1,0.5126126126126126,3.265986323708648,706.0,39.32768321000752,36.0,0.0,0.0,2
698.0,1.0,-1.000088900581841e-12,0.0,0.0,0.0,0.0,0.0,16.0,5.0,1.3862943611148906,0.0,0.0,44.0,0.0,0.0,0.0,0.0,18.0,0.0,0.0,17,1,0.5126126126126126,5.033222956845706,705.0,42.37924020083465,25.0,0.0,0.0,2
700.0,2.0,0.4756983681114684,0.0,0.0,0.0,0.0,0.0,62.0,4.0,0.5187004385702825,0.0,0.0,41.833333333333336,0.0,0.0,0.0,0.0,36.0,162.0,4.0,18,1,0.5126126126126126,5.507570547284762,703.5,44.000000000000455,22.0,0.0,0.0,2
708.0,4.0,0.8703793201496169,0.0,330.0,0.0,0.0,0.0,236.0,4.0,0.7512242862000122,0.0,0.0,40.16666666666666,0.0,0.0,0.0,0.0,90.0,696.0,22.0,18,1,0.5126126126126126,4.760952285693685,703.0,155.95191566633622,104.5,0.0,0.0,3
704.0,3.0,0.6864827265805251,0.0,44.0,0.0,0.0,0.0,30.0,3.0,0.8823109245120756,0.0,0.0,37.16666666666666,0.0,0.0,0.0,0.0,108.0,364.0,22.0,19,1,0.5126126126126126,4.434711565215028,702.5,159.0251552428107,93.5,0.0,0.0,1
708.0,2.0,0.6912148174277727,0.0,0.0,0.0,0.0,0.0,38.0,2.0,0.336495757581516,0.0,0.0,34.857142857142854,0.0,0.0,0.0,0.0,36.0,14.0,4.0,19,1,0.5126126126126126,3.829708431023428,705.0,159.0251552428107,93.5,0.0,0.0,1
708.0,1.0,-1.000088900581841e-12,0.0,0.0,0.0,0.0,0.0,36.0,4.0,1.1490596969666202,0.0,0.0,31.83333333333333,0.0,0.0,0.0,0.0,18.0,0.0,0.0,20,1,0.5126126126126126,1.9999999999963336,707.0,159.0251552428107,93.5,0.0,0.0,2
330.0,1.0,-1.000088900581841e-12,0.0,0.0,0.0,0.0,0.0,4.0,2.0,0.6931471805579453,0.0,0.0,30.0,0.0,0.0,0.0,0.0,0.0,0.0,0.0,20,1,0.5126126126126126,188.3427726248076,612.5,22.00000000000103,11.0,0.0,0.0,2
440.0,4.0,0.833444359251098,0.0,0.0,0.0,0.0,0.0,56.0,7.0,1.547209010866823,0.0,0.0,27.857142857142858,12.0,0.0,0.0,0.0,36.0,1172.0,20.0,21,0,0.5126126126126126,191.8150150535666,546.5,0.0,0.0,0.0,0.0,2
714.0,5.0,1.1833457971526673,0.0,0.0,0.0,0.0,0.0,138.0,4.0,0.3288260089262546,0.0,0.0,24.90909090909091,0.0,0.0,0.0,0.0,40.0,6994.0,20.0,21,0,0.5126126126126126,193.51485731075013,548.0,0.0,0.0,0.0,0.0,2
710.0,6.0,1.1312366920952146,0.0,0.0,0.0,0.0,0.0,72.0,9.0,1.6628941513380049,0.0,22.0,31.4,0.0,0.0,0.0,0.0,66.0,4870.0,4.0,22,0,0.5126126126126126,194.06785754816104,548.5,0.0,0.0,0.0,0.0,2
692.0,1.0,-1.000088900581841e-12,0.0,0.0,0.0,0.0,0.0,68.0,4.0,0.9879359291887978,0.0,0.0,64.27586206896552,0.0,0.0,0.0,0.0,0.0,0.0,0.0,22,0,0.5126126126126126,133.01127771734238,639.0,0.0,0.0,0.0,0.0,2
554.0,1.0,-1.000088900581841e-12,0.0,0.0,0.0,0.0,0.0,14.0,2.0,0.410116318286409,0.0,0.0,86.76666666666667,0.0,0.0,0.0,0.0,22.0,0.0,0.0,23,0,0.5126126126126126,76.26925986267324,667.5,0.0,0.0,0.0,0.0,3
482.0,10.0,1.550118213372932,0.0,0.0,0.0,0.0,0.0,56.0,5.0,1.4570283439628589,0.0,0.0,100.0,0.0,0.0,0.0,0.0,132.0,3298.0,30.0,23,0,0.5126126126126126,109.9136024339116,609.5,0.0,0.0,0.0,0.0,3
680.0,6.0,1.0617496626417773,0.0,0.0,0.0,0.0,0.0,162.0,5.0,0.9151887767893164,0.0,0.0,97.27272727272728,0.0,0.0,0.0,0.0,44.0,2158.0,8.0,0,0,0.5126126126126126,101.46920715172648,602.0,0.0,0.0,0.0,0.0,2
708.0,1.0,-1.000088900581841e-12,0.0,0.0,0.0,0.0,0.0,0.0,0.0,0.0,0.0,0.0,95.0,0.0,0.0,0.0,0.0,0.0,0.0,0.0,0,0,0.5126126126126126,106.395488626163,606.0,0.0,0.0,0.0,0.0,3
588.0,1.0,-1.000088900581841e-12,0.0,0.0,0.0,0.0,0.0,0.0,0.0,0.0,0.0,0.0,95.0,22.0,0.0,0.0,0.0,0.0,0.0,0.0,1,0,0.5126126126126126,102.12900338950398,614.5,0.0,0.0,0.0,0.0,3
0.0,0.0,0.0,0.0,0.0,0.0,0.0,0.0,0.0,0.0,0.0,0.0,0.0,95.0,0.0,0.0,0.0,0.0,0.0,0.0,0.0,1,0,0.5126126126126126,333.29866486381246,494.0,0.0,0.0,0.0,0.0,3
0.0,0.0,0.0,0.0,0.0,0.0,0.0,0.0,14.0,3.0,0.9556998911095343,0.0,0.0,95.0,14.0,0.0,0.0,0.0,0.0,0.0,0.0,2,0,0.5126126126126126,377.3168429847785,324.0,0.0,0.0,0.0,0.0,3
0.0,0.0,0.0,0.0,0.0,0.0,0.0,0.0,2.0,1.0,-1.000088900581841e-12,0.0,0.0,94.83333333333331,0.0,0.0,0.0,0.0,0.0,0.0,0.0,2,0,0.5126126126126126,294.0,147.0,0.0,0.0,0.0,0.0,3
0.0,0.0,0.0,0.0,0.0,0.0,0.0,0.0,0.0,0.0,0.0,0.0,0.0,94.0,0.0,0.0,0.0,0.0,0.0,0.0,0.0,3,0,0.5126126126126126,0.0,0.0,0.0,0.0,0.0,0.0,3
0.0,0.0,0.0,0.0,0.0,0.0,0.0,0.0,0.0,0.0,0.0,0.0,0.0,93.33333333333331,0.0,0.0,0.0,0.0,0.0,0.0,0.0,3,0,0.5126126126126126,0.0,0.0,0.0,0.0,0.0,0.0,3
0.0,0.0,0.0,0.0,0.0,0.0,0.0,0.0,4.0,1.0,-1.000088900581841e-12,0.0,0.0,92.5,16.0,0.0,0.0,0.0,0.0,0.0,0.0,4,0,0.5126126126126126,0.0,0.0,0.0,0.0,0.0,0.0,3
0.0,0.0,0.0,0.0,0.0,0.0,0.0,0.0,0.0,0.0,0.0,0.0,0.0,91.83333333333331,0.0,0.0,0.0,0.0,0.0,0.0,0.0,4,0,0.5126126126126126,0.0,0.0,0.0,0.0,0.0,0.0,3
0.0,0.0,0.0,0.0,0.0,0.0,0.0,0.0,0.0,0.0,0.0,0.0,0.0,91.0,0.0,0.0,0.0,0.0,0.0,0.0,0.0,5,0,0.5126126126126126,0.0,0.0,0.0,0.0,0.0,0.0,3
0.0,0.0,0.0,0.0,0.0,0.0,0.0,0.0,2.0,1.0,-1.000088900581841e-12,0.0,0.0,90.5,0.0,0.0,0.0,0.0,0.0,0.0,0.0,5,0,0.5126126126126126,0.0,0.0,0.0,0.0,0.0,0.0,3
0.0,0.0,0.0,0.0,0.0,0.0,0.0,0.0,0.0,0.0,0.0,0.0,0.0,90.0,0.0,0.0,0.0,0.0,0.0,0.0,0.0,6,0,0.5126126126126126,0.0,0.0,0.0,0.0,0.0,0.0,3
0.0,0.0,0.0,0.0,0.0,0.0,0.0,0.0,12.0,1.0,-1.000088900581841e-12,0.0,0.0,89.0,0.0,0.0,0.0,0.0,24.0,0.0,0.0,6,0,0.5126126126126126,0.0,0.0,0.0,0.0,0.0,0.0,3
708.0,4.0,0.9507277398599364,0.0,0.0,0.0,0.0,0.0,16.0,3.0,0.9002560512655369,0.0,0.0,87.8,0.0,0.0,0.0,0.0,168.0,1092.0,42.0,7,0,0.5126126126126126,354.0,177.0,0.0,0.0,0.0,0.0,2
716.0,3.0,0.7321299934966046,0.0,0.0,0.0,0.0,0.0,88.0,2.0,0.3983071138032841,0.0,0.0,84.96153846153847,0.0,0.0,0.0,0.0,120.0,5510.0,42.0,7,0,0.5126126126126126,411.0863656216294,356.0,0.0,0.0,0.0,0.0,2
706.0,10.0,1.4223862278614772,0.0,136.0,0.0,0.0,0.0,62.0,6.0,1.4441244613217157,0.0,0.0,79.93103448275862,0.0,0.0,0.0,0.0,64.0,3814.0,40.0,8,1,0.5126126126126126,355.02629010633376,532.5,68.00000000000034,34.0,0.0,0.0,2
710.0,7.0,1.123239508031819,0.0,498.0,0.0,0.0,0.0,142.0,9.0,1.359054158452306,0.0,0.0,74.41666666666667,0.0,0.0,0.0,0.0,136.0,2452.0,34.0,8,1,0.5126126126126126,4.320493798936328,710.0,235.2381771736893,158.5,0.0,0.0,2
702.0,1.0,-1.000088900581841e-12,0.0,0.0,0.0,0.0,0.0,2.0,1.0,-1.000088900581841e-12,0.0,0.0,70.16666666666667,0.0,0.0,0.0,0.0,0.0,0.0,0.0,9,1,0.5126126126126126,5.97215762238801,708.5,235.2381771736893,158.5,0.0,0.0,2
648.0,1.0,-1.000088900581841e-12,0.0,0.0,0.0,0.0,0.0,36.0,1.0,-1.000088900581841e-12,0.0,0.0,67.5,0.0,0.0,0.0,0.0,0.0,0.0,0.0,9,1,0.5126126126126126,29.183328574147385,691.5,235.2381771736893,158.5,0.0,0.0,2
556.0,5.0,0.2140058642901049,0.0,0.0,0.0,0.0,0.0,486.0,4.0,0.2531196697949818,0.0,0.0,65.4,14.0,0.0,0.0,0.0,68.0,906.0,20.0,10,1,0.5126126126126126,70.89898917944208,654.0,249.0000000000001,124.5,0.0,0.0,3
700.0,2.0,0.5607602493794569,0.0,0.0,0.0,0.0,0.0,30.0,2.0,0.6365141682928128,0.0,0.0,62.7,0.0,0.0,0.0,0.0,170.0,4508.0,36.0,10,1,0.5126126126126126,68.39834305985279,651.5,0.0,0.0,0.0,0.0,2
50.0,1.0,-1.000088900581841e-12,0.0,0.0,0.0,0.0,0.0,0.0,0.0,0.0,0.0,0.0,61.0,0.0,0.0,0.0,0.0,0.0,524.0,0.0,11,1,0.5126126126126126,298.33482308752804,488.5,0.0,0.0,0.0,0.0,3
146.0,3.0,0.7545069492748139,0.0,0.0,0.0,0.0,0.0,482.0,5.0,0.1474590385068928,0.0,0.0,59.42857142857143,0.0,0.0,0.0,0.0,0.0,486.0,0.0,11,1,0.5126126126126126,314.0467056559156,363.0,0.0,0.0,0.0,0.0,3
712.0,4.0,1.037141007058339,0.0,0.0,0.0,0.0,0.0,128.0,4.0,0.3484058012237691,0.0,0.0,57.5,0.0,0.0,0.0,0.0,4.0,356.0,2.0,12,1,0.5126126126126126,353.2440138676568,402.0,0.0,0.0,0.0,0.0,3
698.0,6.0,0.8770777925880836,0.0,0.0,0.0,0.0,0.0,282.0,6.0,0.528962296195238,0.0,0.0,55.3,0.0,0.0,0.0,0.0,12.0,142.0,8.0,12,1,0.5126126126126126,352.68257683078133,401.5,0.0,0.0,0.0,0.0,2
704.0,1.0,-1.000088900581841e-12,0.0,0.0,0.0,0.0,0.0,68.0,4.0,0.572708530734293,0.0,0.0,52.833333333333336,0.0,0.0,0.0,0.0,2.0,0.0,2.0,13,1,0.5126126126126126,279.3921974572661,565.0,0.0,0.0,0.0,0.0,2
700.0,1.0,-1.000088900581841e-12,0.0,0.0,0.0,0.0,0.0,90.0,2.0,0.10656595882602,0.0,0.0,50.833333333333336,0.0,0.0,0.0,0.0,2.0,0.0,0.0,13,1,0.5126126126126126,6.191391873668638,703.5,0.0,0.0,0.0,0.0,2
684.0,14.0,1.5396881645511695,0.0,0.0,0.0,0.0,0.0,202.0,8.0,1.4204495524979568,0.0,0.0,47.2,0.0,0.0,0.0,0.0,14.0,438.0,12.0,14,1,0.5126126126126126,8.698658900466388,696.5,0.0,0.0,0.0,0.0,2
706.0,3.0,0.6906788238038772,0.0,0.0,0.0,0.0,0.0,28.0,4.0,0.895332665964091,0.0,0.0,43.5,0.0,0.0,0.0,0.0,10.0,322.0,10.0,14,1,0.5126126126126126,9.98331942124778,698.5,0.0,0.0,0.0,0.0,2
688.0,7.0,1.3597040980074515,0.0,50.0,0.0,0.0,0.0,110.0,6.0,1.3869941925004543,0.0,0.0,40.5,0.0,2.0,0.0,0.0,18.0,60.0,12.0,15,1,0.5126126126126126,10.24695076595942,694.5,25.00000000000097,12.5,0.0,0.0,2
662.0,1.0,-1.000088900581841e-12,0.0,0.0,0.0,0.0,0.0,4.0,2.0,0.6931471805579453,0.0,0.0,37.0,0.0,0.0,0.0,0.0,0.0,0.0,0.0,15,1,0.5126126126126126,18.073922282301165,685.0,25.00000000000097,12.5,0.0,0.0,2
658.0,5.0,0.6545178249317744,0.0,0.0,0.0,0.0,0.0,86.0,7.0,1.3439662400328287,0.0,0.0,34.0,0.0,0.0,0.0,0.0,10.0,126.0,6.0,16,1,0.5126126126126126,22.649503305812168,678.5,25.00000000000097,12.5,0.0,0.0,2
668.0,4.0,0.8694761013953425,0.0,0.0,0.0,0.0,0.0,50.0,5.0,0.9714528358435752,0.0,0.0,31.0,0.0,0.0,0.0,0.0,2.0,108.0,2.0,16,1,0.5126126126126126,13.316656236958655,669.0,25.00000000000097,12.5,0.0,0.0,2
658.0,1.0,-1.000088900581841e-12,0.0,0.0,0.0,0.0,0.0,10.0,4.0,1.3321790402061222,0.0,0.0,28.83333333333333,0.0,0.0,0.0,0.0,2.0,6.0,2.0,17,1,0.5126126126126126,4.7258156262522135,661.5,0.0,0.0,0.0,0.0,2
670.0,1.0,-1.000088900581841e-12,0.0,0.0,0.0,0.0,0.0,4.0,2.0,0.6931471805579453,0.0,0.0,27.166666666666668,0.0,0.0,0.0,0.0,2.0,0.0,0.0,17,1,0.5126126126126126,6.403124237432551,663.5,0.0,0.0,0.0,0.0,2
656.0,3.0,0.7301845826054745,0.0,0.0,0.0,0.0,0.0,52.0,6.0,1.189061788818294,0.0,0.0,24.666666666666668,0.0,0.0,0.0,0.0,4.0,22.0,2.0,18,1,0.5126126126126126,7.023769168568222,663.0,0.0,0.0,0.0,0.0,3
660.0,1.0,-1.000088900581841e-12,0.0,0.0,0.0,0.0,0.0,18.0,3.0,0.6837389058457535,0.0,0.0,22.0,0.0,0.0,0.0,0.0,2.0,20.0,2.0,18,1,0.5126126126126126,6.218252702058912,661.0,0.0,0.0,0.0,0.0,3
668.0,3.0,0.4615153719478941,0.0,0.0,0.0,0.0,0.0,32.0,4.0,1.2123138802631548,0.0,0.0,18.285714285714285,0.0,0.0,2.0,4.0,4.0,306.0,4.0,19,1,0.5126126126126126,6.608075867199389,663.5,0.0,0.0,0.0,0.0,3
650.0,1.0,-1.000088900581841e-12,0.0,0.0,0.0,0.0,0.0,38.0,2.0,0.2061920506312318,0.0,0.0,18.0,0.0,0.0,0.0,0.0,0.0,0.0,0.0,19,1,0.5126126126126126,7.549834435270516,658.5,0.0,0.0,0.0,0.0,3
126.0,1.0,-1.000088900581841e-12,0.0,0.0,0.0,0.0,0.0,8.0,3.0,1.039720770836918,0.0,0.0,17.333333333333332,2.0,0.0,0.0,0.0,0.0,0.0,0.0,20,1,0.5126126126126126,266.76831396051017,526.0,0.0,0.0,0.0,0.0,2
386.0,7.0,1.267523482181962,0.0,0.0,0.0,0.0,0.0,510.0,11.0,0.8756221213832618,0.0,2.0,17.928571428571427,0.0,0.0,0.0,0.0,4.0,1810.0,2.0,20,1,0.5126126126126126,255.84565659787933,457.5,0.0,0.0,0.0,0.0,3
720.0,3.0,0.5335487180450621,0.0,0.0,0.0,0.0,0.0,70.0,6.0,0.8103676327078283,0.0,0.0,36.46666666666667,0.0,0.0,0.0,0.0,0.0,3748.0,0.0,21,0,0.5126126126126126,270.98031908855177,470.5,0.0,0.0,0.0,0.0,3
706.0,2.0,0.5906918050187906,0.0,0.0,0.0,0.0,0.0,32.0,3.0,0.4634135588234299,0.0,0.0,64.83333333333333,0.0,0.0,0.0,0.0,0.0,1004.0,0.0,21,0,0.5126126126126126,284.4567922667108,484.5,0.0,0.0,0.0,0.0,3
710.0,1.0,-1.000088900581841e-12,0.0,0.0,0.0,0.0,0.0,2.0,1.0,-1.000088900581841e-12,0.0,0.0,84.3,0.0,0.0,0.0,0.0,0.0,0.0,0.0,22,0,0.5126126126126126,163.10630480354422,630.5,0.0,0.0,0.0,0.0,3
626.0,4.0,1.2614734866284714,0.0,0.0,0.0,0.0,0.0,288.0,6.0,0.3880029071551277,0.0,0.0,95.72413793103448,0.0,0.0,0.0,0.0,16.0,2494.0,6.0,22,0,0.5126126126126126,43.40122886125077,690.5,0.0,0.0,0.0,0.0,3
712.0,3.0,0.6684192850664915,0.0,0.0,0.0,0.0,0.0,44.0,7.0,1.5659178968590337,0.0,0.0,100.0,0.0,0.0,0.0,0.0,12.0,622.0,10.0,23,0,0.5126126126126126,41.74126655161931,688.5,0.0,0.0,0.0,0.0,3
710.0,1.0,-1.000088900581841e-12,0.0,0.0,0.0,0.0,0.0,0.0,0.0,0.0,0.0,0.0,100.0,0.0,0.0,0.0,0.0,0.0,0.0,0.0,23,0,0.5126126126126126,42.34383071948026,689.5,0.0,0.0,0.0,0.0,3
384.0,1.0,-1.000088900581841e-12,0.0,0.0,0.0,0.0,0.0,28.0,1.0,-1.000088900581841e-12,0.0,0.0,100.0,2.0,0.0,0.0,0.0,0.0,0.0,0.0,0,0,0.5126126126126126,154.6178083749303,608.0,0.0,0.0,0.0,0.0,3
164.0,3.0,0.4528693103221815,0.0,0.0,0.0,0.0,0.0,12.0,3.0,1.0986122886651095,0.0,0.0,100.0,0.0,0.0,0.0,0.0,4.0,64.0,2.0,0,0,0.5126126126126126,267.81274552691974,492.5,0.0,0.0,0.0,0.0,3
712.0,1.0,-1.000088900581841e-12,0.0,0.0,0.0,0.0,0.0,0.0,0.0,0.0,0.0,0.0,100.0,0.0,0.0,0.0,0.0,0.0,0.0,0.0,1,0,0.5126126126126126,267.81274552691974,492.5,0.0,0.0,0.0,0.0,3
568.0,1.0,-1.000088900581841e-12,0.0,0.0,0.0,0.0,0.0,0.0,0.0,0.0,0.0,0.0,100.0,2.0,0.0,0.0,0.0,0.0,0.0,0.0,1,0,0.5126126126126126,237.01195469145995,457.0,0.0,0.0,0.0,0.0,3
0.0,0.0,0.0,0.0,0.0,0.0,0.0,0.0,0.0,0.0,0.0,0.0,0.0,100.0,0.0,0.0,0.0,0.0,0.0,0.0,0.0,2,0,0.5126126126126126,334.25539138010424,361.0,0.0,0.0,0.0,0.0,3
0.0,0.0,0.0,0.0,0.0,0.0,0.0,0.0,0.0,0.0,0.0,0.0,0.0,100.0,4.0,0.0,0.0,0.0,0.0,0.0,0.0,2,0,0.5126126126126126,374.1514844729783,320.0,0.0,0.0,0.0,0.0,3
0.0,0.0,0.0,0.0,0.0,0.0,0.0,0.0,0.0,0.0,0.0,0.0,0.0,100.0,0.0,0.0,0.0,0.0,0.0,0.0,0.0,3,0,0.5126126126126126,284.0,142.0,0.0,0.0,0.0,0.0,3
0.0,0.0,0.0,0.0,0.0,0.0,0.0,0.0,0.0,0.0,0.0,0.0,0.0,100.0,0.0,0.0,0.0,0.0,0.0,0.0,0.0,3,0,0.5126126126126126,0.0,0.0,0.0,0.0,0.0,0.0,3
0.0,0.0,0.0,0.0,0.0,0.0,0.0,0.0,0.0,0.0,0.0,0.0,0.0,100.0,0.0,0.0,0.0,0.0,0.0,0.0,0.0,4,0,0.5126126126126126,0.0,0.0,0.0,0.0,0.0,0.0,3
0.0,0.0,0.0,0.0,0.0,0.0,0.0,0.0,6.0,1.0,-1.000088900581841e-12,0.0,0.0,100.0,4.0,0.0,0.0,0.0,0.0,0.0,0.0,4,0,0.5126126126126126,0.0,0.0,0.0,0.0,0.0,0.0,3
0.0,0.0,0.0,0.0,0.0,0.0,0.0,0.0,0.0,0.0,0.0,0.0,0.0,100.0,0.0,0.0,0.0,0.0,0.0,0.0,0.0,5,0,0.5126126126126126,0.0,0.0,0.0,0.0,0.0,0.0,3
0.0,0.0,0.0,0.0,0.0,0.0,0.0,0.0,0.0,0.0,0.0,0.0,0.0,99.33333333333331,0.0,0.0,0.0,0.0,0.0,0.0,0.0,5,0,0.5126126126126126,0.0,0.0,0.0,0.0,0.0,0.0,3
0.0,0.0,0.0,0.0,0.0,0.0,0.0,0.0,0.0,0.0,0.0,0.0,0.0,99.0,0.0,0.0,0.0,0.0,0.0,0.0,0.0,6,0,0.5126126126126126,0.0,0.0,0.0,0.0,0.0,0.0,3
0.0,0.0,0.0,0.0,0.0,0.0,0.0,0.0,0.0,0.0,0.0,0.0,0.0,97.33333333333331,0.0,0.0,0.0,0.0,0.0,0.0,0.0,6,0,0.5126126126126126,0.0,0.0,0.0,0.0,0.0,0.0,3
0.0,0.0,0.0,0.0,0.0,0.0,0.0,0.0,0.0,0.0,0.0,0.0,0.0,95.0,0.0,0.0,0.0,0.0,0.0,0.0,0.0,7,0,0.5126126126126126,0.0,0.0,0.0,0.0,0.0,0.0,3
0.0,0.0,0.0,0.0,0.0,0.0,0.0,0.0,0.0,0.0,0.0,0.0,0.0,92.83333333333331,0.0,0.0,0.0,0.0,0.0,0.0,0.0,7,0,0.5126126126126126,0.0,0.0,0.0,0.0,0.0,0.0,3
0.0,0.0,0.0,0.0,0.0,0.0,0.0,0.0,22.0,3.0,0.7595473914718636,0.0,0.0,90.5,0.0,0.0,0.0,0.0,0.0,0.0,0.0,8,1,0.5126126126126126,0.0,0.0,0.0,0.0,0.0,0.0,3
700.0,4.0,0.4682828970164788,0.0,0.0,0.0,0.0,0.0,22.0,5.0,1.4681399390112089,0.0,0.0,89.55555555555556,0.0,0.0,0.0,0.0,24.0,374.0,8.0,8,1,0.5126126126126126,350.0,175.0,0.0,0.0,0.0,0.0,3
714.0,7.0,1.492873532622471,0.0,0.0,0.0,0.0,0.0,42.0,4.0,1.0964636431282264,0.0,0.0,87.6842105263158,0.0,0.0,0.0,0.0,18.0,1864.0,12.0,9,1,0.5126126126126126,408.2266527310533,353.5,0.0,0.0,0.0,0.0,3
696.0,10.0,1.1024341512164673,0.0,0.0,0.0,0.0,0.0,22.0,5.0,1.5157079520807129,0.0,0.0,83.5,0.0,0.0,0.0,0.0,12.0,1798.0,12.0,9,1,0.5126126126126126,351.75133262007694,527.5,0.0,0.0,0.0,0.0,2
12.0,2.0,0.6365141682928128,0.0,0.0,0.0,0.0,0.0,4.0,1.0,-1.000088900581841e-12,0.0,0.0,81.0,0.0,0.0,0.0,0.0,6.0,18.0,2.0,10,1,0.5126126126126126,345.7528018686183,530.5,0.0,0.0,0.0,0.0,3
220.0,6.0,1.3187545572373676,0.0,0.0,0.0,0.0,0.0,28.0,5.0,1.3316643102880148,0.0,0.0,77.4,0.0,0.0,0.0,0.0,22.0,804.0,12.0,10,1,0.5126126126126126,350.5780940104501,410.5,0.0,0.0,0.0,0.0,3
338.0,2.0,0.064269951402032,0.0,0.0,0.0,0.0,0.0,122.0,6.0,1.000871179963431,0.0,0.0,71.15384615384616,0.0,0.0,0.0,0.0,2.0,1844.0,2.0,14,1,0.5126126126126126,286.65600755376937,316.5,0.0,0.0,0.0,0.0,2
180.0,2.0,0.4505612088643047,0.0,0.0,0.0,0.0,0.0,56.0,7.0,1.6938815998291974,0.0,0.0,68.0,0.0,0.0,0.0,0.0,8.0,8.0,4.0,17,1,0.5126126126126126,134.8616575111943,187.5,0.0,0.0,0.0,0.0,3
708.0,1.0,-1.000088900581841e-12,0.0,0.0,0.0,0.0,0.0,8.0,3.0,1.039720770836918,0.0,0.0,66.16666666666667,0.0,0.0,0.0,0.0,4.0,0.0,2.0,17,1,0.5126126126126126,240.5403639031642,361.5,0.0,0.0,0.0,0.0,2
704.0,3.0,0.1595446038861596,0.0,0.0,0.0,0.0,0.0,58.0,5.0,0.5924028775088873,0.0,0.0,62.9,0.0,0.0,0.0,0.0,2.0,400.0,2.0,18,1,0.5126126126126126,266.01942284978617,482.5,0.0,0.0,0.0,0.0,2
714.0,3.0,0.6165869560687849,0.0,0.0,0.0,0.0,0.0,66.0,8.0,1.6005470668957886,0.0,0.0,57.3,0.0,0.0,0.0,0.0,0.0,2888.0,0.0,18,1,0.5126126126126126,264.36527759900696,576.5,0.0,0.0,0.0,0.0,2
702.0,6.0,1.185603036718631,0.0,0.0,0.0,0.0,0.0,118.0,4.0,0.6338790734356226,0.0,0.0,51.09090909090909,0.0,0.0,0.0,0.0,4.0,2788.0,4.0,19,1,0.5126126126126126,5.291502622130703,707.0,0.0,0.0,0.0,0.0,3
712.0,3.0,0.6885093885123276,0.0,0.0,0.0,0.0,0.0,64.0,3.0,0.7277259541553038,0.0,0.0,47.46153846153846,0.0,0.0,0.0,0.0,2.0,698.0,2.0,19,1,0.5126126126126126,5.887840577553269,708.0,0.0,0.0,0.0,0.0,2
710.0,2.0,0.0740225961455812,0.0,0.0,0.0,0.0,0.0,20.0,4.0,1.2798542258296677,0.0,0.0,45.0,0.0,0.0,0.0,0.0,4.0,58.0,4.0,20,1,0.5126126126126126,5.259911279354696,709.5,0.0,0.0,0.0,0.0,2
712.0,5.0,1.449259432982221,0.0,0.0,0.0,0.0,0.0,106.0,8.0,1.380597880315242,0.0,0.0,41.57142857142857,0.0,0.0,0.0,0.0,10.0,4020.0,8.0,20,1,0.5126126126126126,4.760952285696923,709.0,0.0,0.0,0.0,0.0,2
716.0,6.0,1.257094810920523,0.0,0.0,0.0,0.0,0.0,88.0,3.0,0.4851045003879404,0.0,0.0,36.86206896551724,0.0,0.0,0.0,0.0,8.0,8106.0,6.0,21,0,0.5126126126126126,2.516611478426753,712.5,0.0,0.0,0.0,0.0,2
716.0,4.0,0.9587053039680182,0.0,0.0,0.0,0.0,0.0,92.0,3.0,0.9855939523256114,0.0,0.0,31.9,0.0,0.0,0.0,0.0,84.0,7746.0,22.0,21,0,0.5126126126126126,3.000000000002665,713.5,0.0,0.0,0.0,0.0,2
650.0,5.0,0.9947796764747004,0.0,0.0,0.0,0.0,0.0,106.0,3.0,0.6467320558931176,0.0,0.0,27.43478260869565,0.0,0.0,0.0,0.0,28.0,4032.0,10.0,22,0,0.5126126126126126,32.38826948140353,698.5,0.0,0.0,0.0,0.0,2
590.0,3.0,0.8987242655743009,0.0,0.0,0.0,0.0,0.0,60.0,3.0,0.5905146653084488,0.0,0.0,17.428571428571427,0.0,0.0,0.0,0.0,6.0,436.0,4.0,23,0,0.5126126126126126,293.54556716121607,507.5,0.0,0.0,0.0,0.0,3
712.0,1.0,-1.000088900581841e-12,0.0,0.0,0.0,0.0,0.0,0.0,0.0,0.0,0.0,0.0,65.6,0.0,0.0,0.0,0.0,0.0,0.0,0.0,0,0,0.5126126126126126,279.3062834953772,439.0,0.0,0.0,0.0,0.0,2
424.0,1.0,-1.000088900581841e-12,0.0,0.0,0.0,0.0,0.0,54.0,1.0,-1.000088900581841e-12,0.0,0.0,93.03333333333332,0.0,0.0,0.0,0.0,0.0,0.0,0.0,0,0,0.5126126126126126,153.20030461240395,526.5,0.0,0.0,0.0,0.0,3
0.0,0.0,0.0,0.0,0.0,0.0,0.0,0.0,44.0,3.0,0.3676494773971422,0.0,0.0,100.0,0.0,0.0,0.0,0.0,6.0,0.0,0.0,1,0,0.5126126126126126,292.435747928783,379.0,0.0,0.0,0.0,0.0,3
0.0,0.0,0.0,0.0,0.0,0.0,0.0,0.0,0.0,0.0,0.0,0.0,0.0,100.0,0.0,0.0,0.0,0.0,0.0,0.0,0.0,1,0,0.5126126126126126,348.37527658163884,284.0,0.0,0.0,0.0,0.0,3
0.0,0.0,0.0,0.0,0.0,0.0,0.0,0.0,0.0,0.0,0.0,0.0,0.0,100.0,0.0,0.0,0.0,0.0,0.0,0.0,0.0,2,0,0.5126126126126126,212.00000000000009,106.0,0.0,0.0,0.0,0.0,3
0.0,0.0,0.0,0.0,0.0,0.0,0.0,0.0,2.0,1.0,-1.000088900581841e-12,0.0,0.0,100.0,0.0,0.0,0.0,0.0,0.0,0.0,0.0,2,0,0.5126126126126126,0.0,0.0,0.0,0.0,0.0,0.0,3
0.0,0.0,0.0,0.0,0.0,0.0,0.0,0.0,6.0,1.0,-1.000088900581841e-12,0.0,0.0,100.0,0.0,0.0,0.0,0.0,0.0,0.0,0.0,3,0,0.5126126126126126,0.0,0.0,0.0,0.0,0.0,0.0,3
0.0,0.0,0.0,0.0,0.0,0.0,0.0,0.0,2.0,1.0,-1.000088900581841e-12,0.0,0.0,100.0,0.0,0.0,0.0,0.0,0.0,0.0,0.0,3,0,0.5126126126126126,0.0,0.0,0.0,0.0,0.0,0.0,3
0.0,0.0,0.0,0.0,0.0,0.0,0.0,0.0,2.0,1.0,-1.000088900581841e-12,0.0,0.0,100.0,0.0,0.0,0.0,0.0,0.0,0.0,0.0,4,0,0.5126126126126126,0.0,0.0,0.0,0.0,0.0,0.0,3
0.0,0.0,0.0,0.0,0.0,0.0,0.0,0.0,0.0,0.0,0.0,0.0,0.0,100.0,0.0,0.0,0.0,0.0,0.0,0.0,0.0,4,0,0.5126126126126126,0.0,0.0,0.0,0.0,0.0,0.0,3
0.0,0.0,0.0,0.0,0.0,0.0,0.0,0.0,2.0,1.0,-1.000088900581841e-12,0.0,0.0,100.0,0.0,0.0,0.0,0.0,0.0,0.0,0.0,5,0,0.5126126126126126,0.0,0.0,0.0,0.0,0.0,0.0,3
0.0,0.0,0.0,0.0,0.0,0.0,0.0,0.0,2.0,1.0,-1.000088900581841e-12,0.0,0.0,100.0,0.0,0.0,0.0,0.0,0.0,0.0,0.0,5,0,0.5126126126126126,0.0,0.0,0.0,0.0,0.0,0.0,3
0.0,0.0,0.0,0.0,0.0,0.0,0.0,0.0,2.0,1.0,-1.000088900581841e-12,0.0,0.0,100.0,0.0,0.0,0.0,0.0,0.0,0.0,0.0,6,0,0.5126126126126126,0.0,0.0,0.0,0.0,0.0,0.0,3
0.0,0.0,0.0,0.0,0.0,0.0,0.0,0.0,2.0,1.0,-1.000088900581841e-12,0.0,0.0,100.0,0.0,0.0,0.0,0.0,0.0,0.0,0.0,6,0,0.5126126126126126,0.0,0.0,0.0,0.0,0.0,0.0,3
710.0,6.0,1.6104415650862836,0.0,0.0,0.0,0.0,0.0,22.0,5.0,1.4142790651197084,0.0,0.0,97.3157894736842,0.0,0.0,0.0,0.0,36.0,882.0,14.0,7,0,0.5126126126126126,355.00000000000006,177.5,0.0,0.0,0.0,0.0,2
712.0,4.0,1.1659321340787796,0.0,0.0,0.0,0.0,0.0,168.0,2.0,0.1540761036690294,0.0,0.0,94.05555555555556,0.0,0.0,0.0,0.0,36.0,8380.0,6.0,7,0,0.5126126126126126,410.4968534187159,355.5,0.0,0.0,0.0,0.0,3
706.0,5.0,0.7689651030429454,0.0,0.0,0.0,0.0,0.0,12.0,3.0,1.0114042647043515,0.0,0.0,90.54545454545456,0.0,0.0,0.0,0.0,12.0,1296.0,10.0,8,1,0.5126126126126126,354.6754384880164,532.0,0.0,0.0,0.0,0.0,3
710.0,5.0,0.8964890564858035,0.0,0.0,0.0,0.0,0.0,40.0,5.0,1.2348391579856923,0.0,0.0,87.28571428571429,0.0,0.0,0.0,0.0,24.0,276.0,16.0,8,1,0.5126126126126126,2.5166114784287217,709.5,0.0,0.0,0.0,0.0,2
706.0,1.0,-1.000088900581841e-12,0.0,0.0,0.0,0.0,0.0,28.0,2.0,0.2573186405418316,0.0,0.0,86.0,0.0,0.0,0.0,0.0,0.0,0.0,0.0,9,1,0.5126126126126126,3.000000000004317,708.5,0.0,0.0,0.0,0.0,3
452.0,1.0,-1.000088900581841e-12,0.0,0.0,0.0,0.0,0.0,114.0,1.0,-1.000088900581841e-12,0.0,0.0,85.33333333333333,10.0,0.0,0.0,0.0,0.0,0.0,0.0,9,1,0.5126126126126126,127.68059105961784,643.5,0.0,0.0,0.0,0.0,3
0.0,0.0,0.0,0.0,0.0,0.0,0.0,0.0,30.0,1.0,-1.000088900581841e-12,0.0,0.0,85.0,0.0,0.0,0.0,0.0,0.0,0.0,0.0,10,1,0.5126126126126126,333.9081710091364,467.0,0.0,0.0,0.0,0.0,3
0.0,0.0,0.0,0.0,0.0,0.0,0.0,0.0,160.0,2.0,0.1169068491355311,0.0,0.0,84.16666666666667,8.0,0.0,0.0,0.0,0.0,0.0,0.0,10,1,0.5126126126126126,349.9995238091999,289.5,0.0,0.0,0.0,0.0,3
0.0,0.0,0.0,0.0,0.0,0.0,0.0,0.0,10.0,2.0,0.5004024235361879,0.0,0.0,83.66666666666667,0.0,0.0,0.0,0.0,0.0,0.0,0.0,11,1,0.5126126126126126,226.00000000000009,113.0,0.0,0.0,0.0,0.0,3
0.0,0.0,0.0,0.0,0.0,0.0,0.0,0.0,2.0,1.0,-1.000088900581841e-12,0.0,0.0,83.0,0.0,0.0,0.0,0.0,0.0,0.0,0.0,11,1,0.5126126126126126,0.0,0.0,0.0,0.0,0.0,0.0,3
0.0,0.0,0.0,0.0,0.0,0.0,0.0,0.0,26.0,3.0,0.9251290835690824,0.0,0.0,82.33333333333333,8.0,0.0,0.0,0.0,0.0,0.0,0.0,12,1,0.5126126126126126,0.0,0.0,0.0,0.0,0.0,0.0,3
114.0,2.0,0.25409251585462,0.0,0.0,0.0,0.0,0.0,118.0,3.0,0.171538761418493,0.0,0.0,81.71428571428571,0.0,0.0,0.0,0.0,12.0,104.0,4.0,12,1,0.5126126126126126,57.00000000000017,28.5,0.0,0.0,0.0,0.0,3
704.0,4.0,0.6806537790074871,0.0,0.0,0.0,0.0,0.0,56.0,5.0,0.8815937094803432,0.0,0.0,80.38461538461539,0.0,0.0,0.0,0.0,12.0,516.0,10.0,13,1,0.5126126126126126,337.30846416892655,204.5,0.0,0.0,0.0,0.0,2
696.0,5.0,1.3288584922435622,0.0,0.0,0.0,0.0,0.0,74.0,2.0,0.443237908469039,0.0,0.0,79.0,0.0,0.0,0.0,0.0,52.0,694.0,22.0,13,1,0.5126126126126126,374.1563844169975,378.5,0.0,0.0,0.0,0.0,3
680.0,4.0,0.7291776965657426,0.0,0.0,0.0,0.0,0.0,74.0,4.0,0.6356986960987335,0.0,0.0,77.0,0.0,0.0,0.0,0.0,56.0,2110.0,22.0,14,1,0.5126126126126126,289.83846075587235,548.5,0.0,0.0,0.0,0.0,3
708.0,6.0,1.056382776635608,0.0,0.0,0.0,0.0,0.0,128.0,5.0,0.7494278350748532,0.0,0.0,73.37037037037037,0.0,0.0,0.0,0.0,28.0,940.0,20.0,14,1,0.5126126126126126,12.382783747338454,697.0,0.0,0.0,0.0,0.0,3
690.0,2.0,0.6547407145357158,0.0,0.0,0.0,0.0,0.0,188.0,4.0,0.3019355173595529,0.0,0.0,67.5,0.0,0.0,0.0,0.0,14.0,3936.0,12.0,15,1,0.5126126126126126,11.704699910720304,693.5,0.0,0.0,0.0,0.0,3
640.0,1.0,-1.000088900581841e-12,0.0,0.0,0.0,0.0,0.0,4.0,2.0,0.6931471805579453,0.0,0.0,62.66666666666666,0.0,0.0,0.0,0.0,0.0,0.0,0.0,15,1,0.5126126126126126,28.769196489764568,679.5,0.0,0.0,0.0,0.0,3
654.0,2.0,0.4380435799945154,0.0,0.0,0.0,0.0,0.0,36.0,4.0,1.0139046609305655,0.0,0.0,60.16666666666666,0.0,10.0,0.0,12.0,42.0,284.0,24.0,16,1,0.5126126126126126,31.432467291003668,673.0,0.0,0.0,0.0,0.0,3
692.0,6.0,0.8589068805044239,0.0,0.0,0.0,0.0,0.0,60.0,3.0,0.768857663855728,0.0,0.0,57.0,0.0,0.0,0.0,0.0,120.0,1792.0,56.0,16,1,0.5126126126126126,26.05123157677353,669.0,0.0,0.0,0.0,0.0,3
672.0,1.0,-1.000088900581841e-12,0.0,0.0,0.0,0.0,0.0,76.0,4.0,0.4459400492468758,0.0,0.0,54.333333333333336,0.0,0.0,10.0,0.0,18.0,0.0,14.0,17,1,0.5126126126126126,22.53145948816193,664.5,0.0,0.0,0.0,0.0,1
662.0,1.0,-1.000088900581841e-12,0.0,0.0,0.0,0.0,0.0,70.0,2.0,0.1297406947174283,0.0,0.0,53.0,0.0,0.0,0.0,0.0,0.0,0.0,0.0,17,1,0.5126126126126126,16.41137816678871,670.0,0.0,0.0,0.0,0.0,1
108.0,1.0,-1.000088900581841e-12,0.0,0.0,0.0,0.0,0.0,90.0,1.0,-1.000088900581841e-12,0.0,0.0,51.833333333333336,14.0,0.0,0.0,0.0,0.0,0.0,0.0,18,1,0.5126126126126126,283.9407215130182,533.5,0.0,0.0,0.0,0.0,1
0.0,0.0,0.0,0.0,0.0,0.0,0.0,0.0,0.0,0.0,0.0,0.0,0.0,51.0,0.0,0.0,0.0,0.0,0.0,0.0,0.0,18,1,0.5126126126126126,356.6749220228415,360.5,0.0,0.0,0.0,0.0,1
0.0,0.0,0.0,0.0,0.0,0.0,0.0,0.0,20.0,2.0,0.5004024235361879,0.0,0.0,50.333333333333336,16.0,0.0,0.0,0.0,0.0,0.0,0.0,19,1,0.5126126126126126,317.11354433388686,192.5,0.0,0.0,0.0,0.0,1
436.0,2.0,0.5598013349080093,0.0,0.0,0.0,0.0,0.0,58.0,4.0,0.8645415907548516,0.0,0.0,48.5,0.0,0.0,0.0,0.0,108.0,338.0,30.0,19,1,0.5126126126126126,206.37829343223092,136.0,0.0,0.0,0.0,0.0,1
700.0,1.0,-1.000088900581841e-12,0.0,0.0,0.0,0.0,0.0,690.0,9.0,0.3368089384085708,0.0,0.0,45.19047619047619,0.0,0.0,0.0,0.0,54.0,9422.0,16.0,20,1,0.5126126126126126,345.1917341613692,284.0,0.0,0.0,0.0,0.0,2
698.0,1.0,-1.000088900581841e-12,0.0,0.0,0.0,0.0,0.0,28.0,3.0,0.8982053397011499,0.0,0.0,42.21052631578947,0.0,0.0,0.0,0.0,108.0,334.0,8.0,20,1,0.5126126126126126,329.85400811065904,458.5,0.0,0.0,0.0,0.0,2
688.0,3.0,0.8277317040701684,0.0,0.0,0.0,0.0,0.0,76.0,3.0,0.6618822786462362,0.0,0.0,38.888888888888886,0.0,0.0,0.0,0.0,198.0,4036.0,48.0,21,0,0.5126126126126126,129.7728785224402,630.5,0.0,0.0,0.0,0.0,2
702.0,9.0,1.0815269758751125,0.0,90.0,0.0,0.0,0.0,740.0,4.0,0.29020678786664,0.0,0.0,35.64,0.0,0.0,0.0,0.0,36.0,12880.0,24.0,21,0,0.5126126126126126,6.218252702060895,697.0,45.00000000000054,22.5,0.0,0.0,2
712.0,4.0,0.8667115553506324,0.0,90.0,0.0,0.0,0.0,856.0,5.0,0.2181588140751461,0.0,0.0,30.571428571428573,0.0,0.0,0.0,0.0,54.0,4500.0,20.0,22,0,0.5126126126126126,9.933109617168617,700.0,51.96152422706679,45.0,0.0,0.0,2
688.0,1.0,-1.000088900581841e-12,0.0,0.0,0.0,0.0,0.0,244.0,3.0,0.47868032703224,0.0,0.0,26.444444444444443,0.0,0.0,0.0,0.0,0.0,354.0,0.0,22,0,0.5126126126126126,11.704699910720516,697.5,51.96152422706679,45.0,0.0,0.0,2
706.0,1.0,-1.000088900581841e-12,0.0,0.0,0.0,0.0,0.0,566.0,2.0,0.0420406911256813,0.0,0.0,23.0,0.0,0.0,0.0,0.0,0.0,0.0,0.0,23,0,0.5126126126126126,10.1980390271866,702.0,51.96152422706679,45.0,0.0,0.0,2
54.0,1.0,-1.000088900581841e-12,0.0,0.0,0.0,0.0,0.0,158.0,1.0,-1.000088900581841e-12,0.0,0.0,20.83333333333333,12.0,0.0,0.0,0.0,0.0,0.0,0.0,23,0,0.5126126126126126,324.1604540964243,540.0,45.00000000000054,22.5,0.0,0.0,2
256.0,5.0,0.952859059383052,0.0,0.0,0.0,0.0,0.0,76.0,3.0,0.2426734811860184,0.0,0.0,18.285714285714285,0.0,0.0,0.0,0.0,18.0,3446.0,14.0,0,0,0.5126126126126126,323.69121087851613,426.0,0.0,0.0,0.0,0.0,2
588.0,3.0,0.7899496611799492,0.0,0.0,0.0,0.0,0.0,36.0,4.0,0.9257019111179668,0.0,16.0,26.52,0.0,0.0,0.0,0.0,16.0,2122.0,0.0,0,0,0.5126126126126126,299.68205373918096,401.0,0.0,0.0,0.0,0.0,2
702.0,1.0,-1.000088900581841e-12,0.0,0.0,0.0,0.0,0.0,24.0,2.0,0.2868359830541607,0.0,0.0,60.266666666666666,0.0,0.0,0.0,0.0,0.0,0.0,0.0,1,0,0.5126126126126126,298.328677803526,400.0,0.0,0.0,0.0,0.0,2
192.0,1.0,-1.000088900581841e-12,0.0,0.0,0.0,0.0,0.0,12.0,1.0,-1.000088900581841e-12,0.0,0.0,80.4,0.0,0.0,0.0,0.0,0.0,0.0,0.0,1,0,0.5126126126126126,248.8553796886859,434.5,0.0,0.0,0.0,0.0,2
0.0,0.0,0.0,0.0,0.0,0.0,0.0,0.0,12.0,3.0,0.8675632284784613,0.0,0.0,92.46666666666668,0.0,0.0,0.0,0.0,18.0,0.0,0.0,2,0,0.5126126126126126,329.81358371055614,370.5,0.0,0.0,0.0,0.0,2
0.0,0.0,0.0,0.0,0.0,0.0,0.0,0.0,2.0,1.0,-1.000088900581841e-12,0.0,0.0,100.0,0.0,0.0,0.0,0.0,0.0,0.0,0.0,2,0,0.5126126126126126,331.59161629932686,223.5,0.0,0.0,0.0,0.0,2
0.0,0.0,0.0,0.0,0.0,0.0,0.0,0.0,8.0,1.0,-1.000088900581841e-12,0.0,0.0,100.0,0.0,0.0,0.0,0.0,0.0,0.0,0.0,3,0,0.5126126126126126,96.0000000000001,48.0,0.0,0.0,0.0,0.0,2
0.0,0.0,0.0,0.0,0.0,0.0,0.0,0.0,2.0,1.0,-1.000088900581841e-12,0.0,0.0,100.0,0.0,0.0,0.0,0.0,0.0,0.0,0.0,3,0,0.5126126126126126,0.0,0.0,0.0,0.0,0.0,0.0,2
0.0,0.0,0.0,0.0,0.0,0.0,0.0,0.0,2.0,1.0,-1.000088900581841e-12,0.0,0.0,100.0,0.0,0.0,0.0,0.0,0.0,0.0,0.0,4,0,0.5126126126126126,0.0,0.0,0.0,0.0,0.0,0.0,2
0.0,0.0,0.0,0.0,0.0,0.0,0.0,0.0,0.0,0.0,0.0,0.0,0.0,100.0,0.0,0.0,0.0,0.0,0.0,0.0,0.0,4,0,0.5126126126126126,0.0,0.0,0.0,0.0,0.0,0.0,2
0.0,0.0,0.0,0.0,0.0,0.0,0.0,0.0,2.0,1.0,-1.000088900581841e-12,0.0,0.0,100.0,0.0,0.0,0.0,0.0,0.0,0.0,0.0,5,0,0.5126126126126126,0.0,0.0,0.0,0.0,0.0,0.0,2
0.0,0.0,0.0,0.0,0.0,0.0,0.0,0.0,2.0,1.0,-1.000088900581841e-12,0.0,0.0,100.0,0.0,0.0,0.0,0.0,36.0,0.0,0.0,5,0,0.5126126126126126,0.0,0.0,0.0,0.0,0.0,0.0,2
0.0,0.0,0.0,0.0,0.0,0.0,0.0,0.0,8.0,2.0,0.5623351446168083,0.0,0.0,100.0,0.0,0.0,0.0,0.0,72.0,0.0,0.0,6,0,0.5126126126126126,0.0,0.0,0.0,0.0,0.0,0.0,2
386.0,4.0,1.1223109930021842,0.0,0.0,0.0,0.0,0.0,236.0,5.0,0.3374535581436318,0.0,0.0,98.06666666666666,0.0,0.0,0.0,0.0,54.0,5034.0,14.0,6,0,0.5126126126126126,193.00000000000009,96.5,0.0,0.0,0.0,0.0,2
702.0,4.0,1.0162358269284768,0.0,0.0,0.0,0.0,0.0,6.0,2.0,0.6365141682928128,0.0,0.0,94.58333333333331,0.0,0.0,0.0,0.0,36.0,4616.0,0.0,7,0,0.5126126126126126,339.5408664652901,272.0,0.0,0.0,0.0,0.0,2
704.0,4.0,1.068104664097154,0.0,0.0,0.0,0.0,0.0,6.0,2.0,0.6365141682928128,0.0,0.0,90.94736842105264,0.0,0.0,0.0,0.0,36.0,2914.0,4.0,7,0,0.5126126126126126,333.9660661404589,448.0,0.0,0.0,0.0,0.0,2
716.0,5.0,1.051580000043884,0.0,1726.0,0.0,0.0,0.0,272.0,2.0,0.0434483041959051,0.0,0.0,87.20833333333333,0.0,0.0,0.0,0.0,18.0,2774.0,0.0,8,1,0.5126126126126126,160.7855714919719,627.0,863.0,431.5,0.0,0.0,2
710.0,4.0,0.3471389464448388,0.0,26.0,0.0,0.0,0.0,56.0,6.0,1.0251767709476312,0.0,0.0,83.7,0.0,0.0,0.0,0.0,18.0,110.0,8.0,8,1,0.5126126126126126,6.324555320336884,708.0,858.75413633162,438.0,0.0,0.0,3
710.0,1.0,-1.000088900581841e-12,0.0,0.0,0.0,0.0,0.0,26.0,3.0,0.5359610497060694,0.0,0.0,81.83333333333333,0.0,0.0,0.0,0.0,0.0,0.0,0.0,9,1,0.5126126126126126,4.898979485566518,710.0,858.75413633162,438.0,0.0,0.0,2
60.0,1.0,-1.000088900581841e-12,0.0,0.0,0.0,0.0,0.0,34.0,1.0,-1.000088900581841e-12,0.0,0.0,81.0,14.0,0.0,0.0,0.0,0.0,0.0,0.0,9,1,0.5126126126126126,326.01226970775195,549.0,858.75413633162,438.0,0.0,0.0,2
156.0,3.0,0.9320181767631444,0.0,0.0,0.0,0.0,0.0,22.0,4.0,1.2636544318780962,0.0,0.0,79.9,0.0,0.0,0.0,0.0,36.0,2306.0,12.0,10,1,0.5126126126126126,349.7675418522041,409.0,13.000000000003984,6.5,0.0,0.0,2
708.0,1.0,-1.000088900581841e-12,0.0,0.0,0.0,0.0,0.0,58.0,2.0,0.2509548043556198,0.0,0.0,78.83333333333333,0.0,0.0,0.0,0.0,36.0,0.0,0.0,10,1,0.5126126126126126,349.1947880481609,408.5,0.0,0.0,0.0,0.0,3
680.0,1.0,-1.000088900581841e-12,0.0,0.0,0.0,0.0,0.0,138.0,2.0,0.2213478091214047,0.0,0.0,77.83333333333333,0.0,0.0,0.0,0.0,0.0,0.0,0.0,11,1,0.5126126126126126,340.7814548944822,401.0,0.0,0.0,0.0,0.0,2
8.0,2.0,0.6931471805579453,0.0,0.0,0.0,0.0,0.0,56.0,5.0,0.6081583698719648,0.0,0.0,77.0,16.0,0.0,0.0,0.0,18.0,114.0,6.0,11,1,0.5126126126126126,358.64931804387044,388.0,0.0,0.0,0.0,0.0,2
714.0,5.0,1.2369373461284914,0.0,0.0,0.0,0.0,0.0,42.0,5.0,1.301467358081001,0.0,0.0,74.66666666666667,0.0,0.0,0.0,0.0,18.0,6224.0,8.0,12,1,0.5126126126126126,346.6501598634181,527.5,0.0,0.0,0.0,0.0,2
710.0,1.0,-1.000088900581841e-12,0.0,0.0,0.0,0.0,0.0,12.0,2.0,0.4505612088643047,0.0,0.0,72.0,0.0,0.0,0.0,0.0,36.0,0.0,0.0,12,1,0.5126126126126126,346.99855907481805,528.0,0.0,0.0,0.0,0.0,3
490.0,1.0,-1.000088900581841e-12,0.0,0.0,0.0,0.0,0.0,2.0,1.0,-1.000088900581841e-12,0.0,0.0,71.0,0.0,0.0,0.0,0.0,0.0,0.0,0.0,13,1,0.5126126126126126,331.93322621675986,480.5,0.0,0.0,0.0,0.0,2
608.0,5.0,1.3171029628504496,0.0,122.0,0.0,0.0,0.0,78.0,6.0,1.2979327919871342,0.0,0.0,68.4,0.0,0.0,0.0,0.0,90.0,2674.0,34.0,13,1,0.5126126126126126,105.73394283136643,630.5,61.00000000000084,30.5,0.0,0.0,2
718.0,6.0,1.45279733111607,0.0,690.0,0.0,0.0,0.0,204.0,5.0,0.9388951146881246,0.0,0.0,62.95652173913044,0.0,0.0,0.0,0.0,72.0,7104.0,22.0,14,1,0.5126126126126126,106.80043695291388,631.5,329.72109425998224,203.0,0.0,0.0,2
708.0,6.0,0.863030509474545,0.0,90.0,0.0,0.0,0.0,64.0,4.0,1.0911472275722218,0.0,0.0,59.07692307692308,0.0,0.0,0.0,0.0,44.0,2176.0,34.0,14,1,0.5126126126126126,106.31400033234884,631.0,313.94426256901096,225.5,0.0,0.0,2
630.0,3.0,0.6475491356573164,0.0,0.0,0.0,0.0,0.0,136.0,4.0,0.2292845795365712,0.0,0.0,55.63636363636363,0.0,0.0,0.0,0.0,22.0,2986.0,8.0,15,1,0.5126126126126126,55.16037224916694,666.0,313.94426256901096,225.5,0.0,0.0,2
188.0,1.0,-1.000088900581841e-12,0.0,0.0,0.0,0.0,0.0,32.0,5.0,1.3686896376178384,0.0,0.0,53.16666666666666,0.0,0.0,0.0,0.0,4.0,190.0,4.0,16,1,0.5126126126126126,251.75914415700308,561.0,332.7160951922827,195.0,0.0,0.0,2
714.0,2.0,0.0346318332485284,0.0,0.0,0.0,0.0,0.0,38.0,3.0,0.8092054732253178,0.0,0.0,51.142857142857146,0.0,0.0,0.0,0.0,6.0,194.0,6.0,17,1,0.5126126126126126,250.93425433766512,560.0,45.00000000000108,22.5,0.0,0.0,2
690.0,3.0,0.7883015263072797,0.0,0.0,0.0,0.0,0.0,68.0,5.0,0.9962205049511164,0.0,0.0,49.2,0.0,0.0,0.0,0.0,8.0,220.0,8.0,17,1,0.5126126126126126,247.5338360709501,555.5,0.0,0.0,0.0,0.0,2
712.0,3.0,0.8876490979981064,0.0,0.0,0.0,0.0,0.0,242.0,3.0,0.131930379907226,0.0,0.0,46.57142857142857,0.0,0.0,0.0,0.0,6.0,1470.0,2.0,18,1,0.5126126126126126,258.8950881470459,576.0,0.0,0.0,0.0,0.0,3
712.0,3.0,0.9057789056385244,0.0,0.0,0.0,0.0,0.0,68.0,4.0,0.883252908876845,0.0,0.0,44.285714285714285,0.0,0.0,0.0,0.0,4.0,690.0,4.0,18,1,0.5126126126126126,11.372481406154936,707.0,0.0,0.0,0.0,0.0,2
708.0,1.0,-1.000088900581841e-12,0.0,0.0,0.0,0.0,0.0,8.0,2.0,0.5623351446168083,0.0,0.0,42.0,0.0,0.0,0.0,0.0,0.0,0.0,0.0,19,1,0.5126126126126126,10.50396750439279,705.5,0.0,0.0,0.0,0.0,2
710.0,1.0,-1.000088900581841e-12,0.0,0.0,0.0,0.0,0.0,94.0,4.0,0.3795539988136527,0.0,0.0,39.16666666666666,0.0,0.0,0.0,0.0,6.0,6.0,2.0,19,1,0.5126126126126126,1.914854215514383,710.5,0.0,0.0,0.0,0.0,3
712.0,1.0,-1.000088900581841e-12,0.0,0.0,0.0,0.0,0.0,32.0,2.0,0.3767701612544368,0.0,0.0,37.333333333333336,0.0,0.0,0.0,0.0,0.0,0.0,0.0,20,1,0.5126126126126126,1.914854215514383,710.5,0.0,0.0,0.0,0.0,2
226.0,1.0,-1.000088900581841e-12,0.0,0.0,0.0,0.0,0.0,24.0,4.0,0.8369882167818357,0.0,0.0,36.66666666666666,2.0,0.0,0.0,0.0,0.0,0.0,0.0,20,1,0.5126126126126126,242.00550957915544,589.0,0.0,0.0,0.0,0.0,2
626.0,4.0,0.468868402538934,0.0,0.0,0.0,0.0,0.0,274.0,4.0,0.3645666036649523,0.0,0.0,35.0,0.0,0.0,0.0,0.0,14.0,2120.0,12.0,21,0,0.5126126126126126,231.82392743919544,568.5,0.0,0.0,0.0,0.0,3
700.0,3.0,0.2051535295681043,0.0,0.0,0.0,0.0,0.0,386.0,7.0,0.2916829787516464,0.0,0.0,31.433333333333334,0.0,0.0,0.0,0.0,0.0,8278.0,0.0,21,0,0.5126126126126126,229.83472322519063,566.0,0.0,0.0,0.0,0.0,3
88.0,1.0,-1.000088900581841e-12,0.0,0.0,0.0,0.0,0.0,22.0,2.0,0.3046360973472382,0.0,0.0,29.0,0.0,0.0,0.0,0.0,0.0,440.0,0.0,22,0,0.5126126126126126,299.0518349717988,410.0,0.0,0.0,0.0,0.0,3
220.0,4.0,0.9607335779623358,0.0,0.0,0.0,0.0,0.0,32.0,6.0,1.5808185358533016,0.0,0.0,24.4,0.0,0.0,0.0,0.0,0.0,1208.0,0.0,22,0,0.5126126126126126,300.29485510078257,408.5,0.0,0.0,0.0,0.0,3
710.0,7.0,1.205304178552027,0.0,0.0,0.0,0.0,0.0,56.0,2.0,0.5195798391285155,0.0,0.0,20.95652173913044,0.0,0.0,0.0,0.0,24.0,2504.0,12.0,23,0,0.5126126126126126,322.67785793264466,429.5,0.0,0.0,0.0,0.0,2
700.0,6.0,1.354595025223223,0.0,0.0,0.0,0.0,0.0,92.0,4.0,1.0014223119642,0.0,12.0,17.23076923076923,0.0,0.0,0.0,0.0,48.0,1674.0,28.0,23,0,0.5126126126126126,322.67785793264466,429.5,0.0,0.0,0.0,0.0,2
710.0,3.0,0.75821163665005,0.0,0.0,0.0,0.0,0.0,14.0,3.0,1.0042424730510766,0.0,0.0,31.53333333333333,0.0,0.0,0.0,0.0,6.0,30.0,6.0,0,0,0.5126126126126126,243.37899115029083,585.0,0.0,0.0,0.0,0.0,2
708.0,1.0,-1.000088900581841e-12,0.0,0.0,0.0,0.0,0.0,2.0,1.0,-1.000088900581841e-12,0.0,0.0,65.26666666666667,0.0,0.0,0.0,0.0,0.0,0.0,0.0,0,0,0.5126126126126126,4.760952285695914,707.0,0.0,0.0,0.0,0.0,2
404.0,1.0,-1.000088900581841e-12,0.0,0.0,0.0,0.0,0.0,2.0,1.0,-1.000088900581841e-12,0.0,0.0,82.5,0.0,0.0,0.0,0.0,0.0,0.0,0.0,1,0,0.5126126126126126,151.0617975090548,630.5,0.0,0.0,0.0,0.0,2
0.0,0.0,0.0,0.0,0.0,0.0,0.0,0.0,2.0,1.0,-1.000088900581841e-12,0.0,0.0,96.73333333333332,0.0,0.0,0.0,0.0,6.0,0.0,0.0,1,0,0.5126126126126126,335.9856147714264,455.5,0.0,0.0,0.0,0.0,2
0.0,0.0,0.0,0.0,0.0,0.0,0.0,0.0,14.0,3.0,0.9556998911095343,0.0,0.0,100.0,0.0,0.0,0.0,0.0,0.0,0.0,0.0,2,0,0.5126126126126126,344.16275219727083,278.0,0.0,0.0,0.0,0.0,2
0.0,0.0,0.0,0.0,0.0,0.0,0.0,0.0,2.0,1.0,-1.000088900581841e-12,0.0,0.0,100.0,0.0,0.0,0.0,0.0,0.0,0.0,0.0,2,0,0.5126126126126126,202.00000000000009,101.0,0.0,0.0,0.0,0.0,2
0.0,0.0,0.0,0.0,0.0,0.0,0.0,0.0,8.0,1.0,-1.000088900581841e-12,0.0,0.0,100.0,0.0,0.0,0.0,0.0,0.0,0.0,0.0,3,0,0.5126126126126126,0.0,0.0,0.0,0.0,0.0,0.0,2
0.0,0.0,0.0,0.0,0.0,0.0,0.0,0.0,2.0,1.0,-1.000088900581841e-12,0.0,0.0,100.0,0.0,0.0,0.0,0.0,0.0,0.0,0.0,3,0,0.5126126126126126,0.0,0.0,0.0,0.0,0.0,0.0,2
0.0,0.0,0.0,0.0,0.0,0.0,0.0,0.0,2.0,1.0,-1.000088900581841e-12,0.0,0.0,100.0,0.0,0.0,0.0,0.0,0.0,0.0,0.0,4,0,0.5126126126126126,0.0,0.0,0.0,0.0,0.0,0.0,2
0.0,0.0,0.0,0.0,0.0,0.0,0.0,0.0,0.0,0.0,0.0,0.0,0.0,100.0,0.0,0.0,0.0,0.0,0.0,0.0,0.0,4,0,0.5126126126126126,0.0,0.0,0.0,0.0,0.0,0.0,2
0.0,0.0,0.0,0.0,0.0,0.0,0.0,0.0,2.0,1.0,-1.000088900581841e-12,0.0,0.0,100.0,0.0,0.0,0.0,0.0,0.0,0.0,0.0,5,0,0.5126126126126126,0.0,0.0,0.0,0.0,0.0,0.0,2
0.0,0.0,0.0,0.0,0.0,0.0,0.0,0.0,2.0,1.0,-1.000088900581841e-12,0.0,0.0,100.0,0.0,0.0,0.0,0.0,0.0,0.0,0.0,5,0,0.5126126126126126,0.0,0.0,0.0,0.0,0.0,0.0,2
0.0,0.0,0.0,0.0,0.0,0.0,0.0,0.0,2.0,1.0,-1.000088900581841e-12,0.0,0.0,100.0,0.0,0.0,0.0,0.0,0.0,0.0,0.0,6,0,0.5126126126126126,0.0,0.0,0.0,0.0,0.0,0.0,2
700.0,2.0,0.1089594275990318,0.0,0.0,0.0,0.0,0.0,14.0,4.0,1.277034259462139,0.0,0.0,99.82352941176472,0.0,0.0,0.0,0.0,42.0,0.0,4.0,6,0,0.5126126126126126,350.00000000000006,175.0,0.0,0.0,0.0,0.0,2
714.0,6.0,0.8495278943665033,0.0,0.0,0.0,0.0,0.0,18.0,3.0,0.9950269901765214,0.0,0.0,95.38888888888889,0.0,0.0,0.0,0.0,12.0,1546.0,10.0,7,0,0.5126126126126126,408.2266527310534,353.5,0.0,0.0,0.0,0.0,2
564.0,4.0,0.6487835755741904,0.0,0.0,0.0,0.0,0.0,4.0,2.0,0.6931471805579453,0.0,0.0,91.26315789473684,0.0,0.0,0.0,0.0,6.0,974.0,2.0,7,0,0.5126126126126126,336.5367736221408,494.5,0.0,0.0,0.0,0.0,2
52.0,2.0,0.1630236294923659,0.0,0.0,0.0,0.0,0.0,54.0,7.0,1.505242437462292,0.0,0.0,87.0,0.0,0.0,0.0,0.0,2.0,194.0,2.0,10,1,0.5126126126126126,311.11144841251564,507.5,0.0,0.0,0.0,0.0,3
710.0,5.0,0.9642729670885024,0.0,0.0,0.0,0.0,0.0,48.0,7.0,1.509462644130121,0.0,0.0,81.1875,0.0,0.0,0.0,0.0,4.0,958.0,0.0,12,1,0.5126126126126126,320.00572911538114,366.5,0.0,0.0,0.0,0.0,3
708.0,1.0,-1.000088900581841e-12,0.0,0.0,0.0,0.0,0.0,4.0,1.0,-1.000088900581841e-12,0.0,0.0,77.16666666666667,0.0,0.0,0.0,0.0,2.0,0.0,2.0,13,1,0.5126126126126126,355.7353885497853,402.5,0.0,0.0,0.0,0.0,2
708.0,2.0,0.6873746294384352,0.0,0.0,0.0,0.0,0.0,32.0,3.0,0.9743147528663494,0.0,0.0,75.5,0.0,0.0,0.0,0.0,10.0,120.0,6.0,13,1,0.5126126126126126,284.33489643962696,566.5,0.0,0.0,0.0,0.0,3
714.0,7.0,1.2906372144006553,0.0,0.0,0.0,0.0,0.0,54.0,5.0,1.2359361456424311,0.0,0.0,72.47058823529412,0.0,6.0,4.0,6.0,12.0,584.0,2.0,14,1,0.5126126126126126,2.828427124754202,710.0,0.0,0.0,0.0,0.0,3
700.0,3.0,0.5555678707848382,0.0,0.0,0.0,0.0,0.0,30.0,3.0,0.9908353864408492,0.0,0.0,69.0,0.0,0.0,0.0,0.0,4.0,10.0,2.0,14,1,0.5126126126126126,5.744562646541974,707.5,0.0,0.0,0.0,0.0,3
712.0,2.0,0.6701833285323837,0.0,0.0,0.0,0.0,0.0,18.0,4.0,1.1490596969666202,0.0,0.0,66.83333333333333,0.0,0.0,0.0,0.0,8.0,244.0,6.0,15,1,0.5126126126126126,6.19139187367256,708.5,0.0,0.0,0.0,0.0,3
710.0,2.0,0.2399454608913182,0.0,0.0,0.0,0.0,0.0,78.0,3.0,0.4986401309839707,0.0,0.0,64.66666666666667,0.0,0.0,0.0,0.0,4.0,218.0,4.0,15,1,0.5126126126126126,6.218252702062853,709.0,0.0,0.0,0.0,0.0,4
712.0,4.0,0.7635205286336804,0.0,0.0,0.0,0.0,0.0,292.0,6.0,0.2942700478748127,0.0,0.0,61.91666666666666,0.0,0.0,4.0,0.0,8.0,1042.0,4.0,16,1,0.5126126126126126,5.744562646541974,708.5,0.0,0.0,0.0,0.0,3
710.0,3.0,0.6551741300651233,0.0,0.0,0.0,0.0,0.0,190.0,2.0,0.2061920506312318,0.0,0.0,59.15,0.0,4.0,0.0,4.0,24.0,1982.0,8.0,16,1,0.5126126126126126,1.154700538398836,711.0,0.0,0.0,0.0,0.0,2
706.0,2.0,0.0349602416405353,0.0,0.0,0.0,0.0,0.0,16.0,4.0,1.2130075659759043,0.0,0.0,56.66666666666666,0.0,0.0,4.0,0.0,4.0,2.0,4.0,17,1,0.5126126126126126,2.5166114784325577,709.5,0.0,0.0,0.0,0.0,2
682.0,2.0,0.2621275355948035,0.0,0.0,0.0,0.0,0.0,36.0,4.0,0.9736489231932636,0.0,0.0,55.5,0.0,0.0,0.0,0.0,16.0,30.0,4.0,17,1,0.5126126126126126,13.892443989451442,702.5,0.0,0.0,0.0,0.0,2
714.0,6.0,1.44833572732471,0.0,0.0,0.0,0.0,0.0,90.0,4.0,0.6371502047039386,0.0,0.0,51.75,0.0,0.0,0.0,0.0,16.0,1394.0,14.0,18,1,0.5126126126126126,14.375905768566795,703.0,0.0,0.0,0.0,0.0,2
386.0,3.0,0.7081098554357659,0.0,0.0,0.0,0.0,0.0,76.0,2.0,0.336495757581516,0.0,0.0,47.0625,0.0,0.0,0.0,0.0,8.0,1318.0,8.0,18,1,0.5126126126126126,157.91981087459138,622.0,0.0,0.0,0.0,0.0,2
0.0,0.0,0.0,0.0,0.0,0.0,0.0,0.0,0.0,0.0,0.0,0.0,0.0,0.0,0.0,0.0,0.0,0.0,0.0,0.0,0.0,19,1,0.5126126126126126,331.68006673097904,445.5,0.0,0.0,0.0,0.0,2
612.0,5.0,0.5482226004547599,0.0,84.0,0.0,0.0,0.0,114.0,6.0,1.2592499119113665,0.0,0.0,42.2,0.0,0.0,0.0,0.0,10.0,122.0,8.0,19,1,0.5126126126126126,316.5438358268884,428.0,42.00000000000116,21.0,0.0,0.0,2
696.0,1.0,-1.000088900581841e-12,0.0,0.0,0.0,0.0,0.0,16.0,4.0,1.320888343145322,0.0,0.0,39.16666666666666,0.0,0.0,0.0,0.0,6.0,42.0,2.0,20,1,0.5126126126126126,311.20571974178114,423.5,42.00000000000116,21.0,0.0,0.0,2
702.0,3.0,0.4335619051929061,0.0,0.0,0.0,0.0,0.0,22.0,4.0,0.8855741515726718,0.0,0.0,36.9,0.0,0.0,0.0,0.0,4.0,596.0,2.0,20,1,0.5126126126126126,337.5099998518563,502.5,42.00000000000116,21.0,0.0,0.0,3
708.0,4.0,0.839082037131079,0.0,0.0,0.0,0.0,0.0,88.0,5.0,0.905869908188132,0.0,0.0,34.416666666666664,0.0,0.0,0.0,0.0,12.0,1034.0,12.0,21,0,0.5126126126126126,45.26588119102553,679.5,42.00000000000116,21.0,0.0,0.0,3
366.0,5.0,1.1933981754219176,0.0,0.0,0.0,0.0,0.0,50.0,2.0,0.3669249912707096,0.0,0.0,31.1,0.0,0.0,0.0,0.0,4.0,1360.0,4.0,21,0,0.5126126126126126,168.07141339323604,618.0,0.0,0.0,0.0,0.0,2
498.0,5.0,0.9993429367756634,0.0,0.0,0.0,0.0,0.0,60.0,8.0,1.820737985519199,0.0,2.0,33.05,0.0,0.0,0.0,0.0,14.0,1818.0,2.0,23,0,0.5126126126126126,166.59231674960296,568.5,0.0,0.0,0.0,0.0,2
712.0,5.0,1.2134154181262655,0.0,0.0,0.0,0.0,0.0,8.0,2.0,0.6931471805579453,0.0,4.0,58.5,0.0,0.0,0.0,0.0,4.0,1134.0,4.0,0,0,0.5126126126126126,169.31627210637507,571.0,0.0,0.0,0.0,0.0,2
710.0,1.0,-1.000088900581841e-12,0.0,0.0,0.0,0.0,0.0,6.0,2.0,0.6365141682928128,0.0,0.0,80.5,0.0,0.0,0.0,0.0,0.0,0.0,0.0,0,0,0.5126126126126126,169.85778365051954,571.5,0.0,0.0,0.0,0.0,2
528.0,1.0,-1.000088900581841e-12,0.0,0.0,0.0,0.0,0.0,6.0,3.0,1.0986122886651095,0.0,0.0,97.63333333333334,0.0,0.0,0.0,0.0,4.0,0.0,0.0,1,0,0.5126126126126126,114.97246047061316,612.0,0.0,0.0,0.0,0.0,2
0.0,0.0,0.0,0.0,0.0,0.0,0.0,0.0,0.0,0.0,0.0,0.0,0.0,100.0,0.0,0.0,0.0,0.0,0.0,0.0,0.0,1,0,0.5126126126126126,336.2553593129286,487.5,0.0,0.0,0.0,0.0,2
0.0,0.0,0.0,0.0,0.0,0.0,0.0,0.0,2.0,1.0,-1.000088900581841e-12,0.0,0.0,100.0,0.0,0.0,0.0,0.0,0.0,0.0,0.0,2,0,0.5126126126126126,365.0219171501898,309.5,0.0,0.0,0.0,0.0,2
0.0,0.0,0.0,0.0,0.0,0.0,0.0,0.0,2.0,1.0,-1.000088900581841e-12,0.0,0.0,100.0,0.0,0.0,0.0,0.0,0.0,0.0,0.0,2,0,0.5126126126126126,264.00000000000006,132.0,0.0,0.0,0.0,0.0,2
0.0,0.0,0.0,0.0,0.0,0.0,0.0,0.0,2.0,1.0,-1.000088900581841e-12,0.0,0.0,100.0,0.0,0.0,0.0,0.0,0.0,0.0,0.0,3,0,0.5126126126126126,0.0,0.0,0.0,0.0,0.0,0.0,2
0.0,0.0,0.0,0.0,0.0,0.0,0.0,0.0,2.0,1.0,-1.000088900581841e-12,0.0,0.0,100.0,0.0,0.0,0.0,0.0,0.0,0.0,0.0,3,0,0.5126126126126126,0.0,0.0,0.0,0.0,0.0,0.0,2
0.0,0.0,0.0,0.0,0.0,0.0,0.0,0.0,2.0,1.0,-1.000088900581841e-12,0.0,0.0,100.0,0.0,0.0,0.0,0.0,0.0,0.0,0.0,4,0,0.5126126126126126,0.0,0.0,0.0,0.0,0.0,0.0,2
0.0,0.0,0.0,0.0,0.0,0.0,0.0,0.0,6.0,1.0,-1.000088900581841e-12,0.0,0.0,100.0,0.0,0.0,0.0,0.0,0.0,0.0,0.0,4,0,0.5126126126126126,0.0,0.0,0.0,0.0,0.0,0.0,2
0.0,0.0,0.0,0.0,0.0,0.0,0.0,0.0,2.0,1.0,-1.000088900581841e-12,0.0,0.0,100.0,0.0,0.0,0.0,0.0,0.0,0.0,0.0,5,0,0.5126126126126126,0.0,0.0,0.0,0.0,0.0,0.0,2
0.0,0.0,0.0,0.0,0.0,0.0,0.0,0.0,2.0,1.0,-1.000088900581841e-12,0.0,0.0,100.0,0.0,0.0,0.0,0.0,0.0,0.0,0.0,5,0,0.5126126126126126,0.0,0.0,0.0,0.0,0.0,0.0,2
0.0,0.0,0.0,0.0,0.0,0.0,0.0,0.0,2.0,1.0,-1.000088900581841e-12,0.0,0.0,100.0,0.0,0.0,0.0,0.0,0.0,0.0,0.0,6,0,0.5126126126126126,0.0,0.0,0.0,0.0,0.0,0.0,2
0.0,0.0,0.0,0.0,0.0,0.0,0.0,0.0,2.0,1.0,-1.000088900581841e-12,0.0,0.0,100.0,0.0,0.0,0.0,0.0,0.0,0.0,0.0,6,0,0.5126126126126126,0.0,0.0,0.0,0.0,0.0,0.0,2
712.0,6.0,1.233144070184847,0.0,0.0,0.0,0.0,0.0,14.0,4.0,1.277034259462139,0.0,0.0,98.1875,0.0,0.0,0.0,0.0,20.0,496.0,8.0,7,0,0.5126126126126126,356.00000000000006,178.0,0.0,0.0,0.0,0.0,2
704.0,3.0,0.6542029605939117,0.0,0.0,0.0,0.0,0.0,28.0,4.0,1.1163670752853367,0.0,0.0,95.4,0.0,0.0,0.0,0.0,6.0,1324.0,6.0,7,0,0.5126126126126126,408.7770378417392,354.0,0.0,0.0,0.0,0.0,2
706.0,5.0,0.7419850675300246,0.0,0.0,0.0,0.0,0.0,6.0,2.0,0.6365141682928128,0.0,0.0,91.8,0.0,0.0,0.0,0.0,0.0,1034.0,0.0,8,1,0.5126126126126126,353.6830030785572,530.5,0.0,0.0,0.0,0.0,2
634.0,8.0,1.1793515221027064,0.0,142.0,0.0,0.0,0.0,88.0,6.0,1.340447792996523,0.0,0.0,87.81818181818181,0.0,0.0,0.0,0.0,80.0,1358.0,38.0,8,1,0.5126126126126126,36.8239052790443,689.0,71.00000000000068,35.5,0.0,0.0,2
76.0,3.0,0.7389306086901555,0.0,60.0,0.0,0.0,0.0,96.0,8.0,1.7099596131198918,0.0,0.0,84.0,0.0,0.0,0.0,0.0,10.0,44.0,4.0,10,1,0.5126126126126126,304.51272551405805,530.0,67.23838189605767,50.5,0.0,0.0,3
704.0,1.0,-1.000088900581841e-12,0.0,14.0,0.0,0.0,0.0,24.0,2.0,0.6365141682928128,0.0,0.0,82.83333333333333,0.0,0.0,0.0,0.0,0.0,0.0,0.0,10,1,0.5126126126126126,304.51272551405805,530.0,64.02082994359542,54.0,0.0,0.0,2
622.0,1.0,-1.000088900581841e-12,0.0,0.0,0.0,0.0,0.0,2.0,1.0,-1.000088900581841e-12,0.0,0.0,80.0,0.0,0.0,0.0,0.0,6.0,0.0,0.0,11,1,0.5126126126126126,290.92267013761585,509.0,64.02082994359542,54.0,0.0,0.0,2
486.0,6.0,1.3721320168054234,0.0,0.0,0.0,0.0,0.0,102.0,5.0,0.9936502390367284,0.0,0.0,76.25,0.0,0.0,0.0,0.0,20.0,1218.0,16.0,11,1,0.5126126126126126,278.88826914495115,472.0,28.442925306657497,18.5,0.0,0.0,2
236.0,3.0,0.7133748682708281,0.0,0.0,0.0,0.0,0.0,62.0,6.0,1.1713435224570945,0.0,0.0,73.14285714285714,0.0,0.0,0.0,0.0,2.0,2278.0,2.0,12,1,0.5126126126126126,204.78932263833167,512.0,7.000000000006958,3.5,0.0,0.0,3
192.0,1.0,-1.000088900581841e-12,0.0,0.0,0.0,0.0,0.0,28.0,4.0,1.1032634988443544,0.0,0.0,70.66666666666667,0.0,0.0,0.0,0.0,0.0,0.0,0.0,12,1,0.5126126126126126,204.78932263833167,384.0,0.0,0.0,0.0,0.0,3
712.0,1.0,-1.000088900581841e-12,0.0,0.0,0.0,0.0,0.0,2.0,1.0,-1.000088900581841e-12,0.0,0.0,69.66666666666667,0.0,0.0,0.0,0.0,0.0,0.0,0.0,13,1,0.5126126126126126,241.33724674543444,406.5,0.0,0.0,0.0,0.0,3
714.0,7.0,1.6260407358513616,0.0,0.0,0.0,0.0,0.0,56.0,7.0,1.6600147861952683,0.0,0.0,66.45833333333333,0.0,0.0,0.0,0.0,8.0,1662.0,4.0,13,1,0.5126126126126126,288.6583909514267,463.5,0.0,0.0,0.0,0.0,3
712.0,8.0,1.5341113331490976,0.0,80.0,0.0,0.0,0.0,166.0,5.0,1.2269563596720614,0.0,0.0,62.4,0.0,0.0,0.0,0.0,36.0,2642.0,10.0,14,1,0.5126126126126126,260.3350405407105,582.5,40.000000000001215,20.0,0.0,0.0,3
470.0,8.0,1.509973271628784,0.0,0.0,0.0,0.0,0.0,106.0,7.0,1.1241109043234725,0.0,0.0,58.6,0.0,0.0,0.0,0.0,12.0,1684.0,8.0,14,1,0.5126126126126126,121.3369962817059,652.0,40.000000000001215,20.0,0.0,0.0,3
600.0,6.0,1.6188117269289268,0.0,46.0,0.0,0.0,0.0,130.0,7.0,1.5160473610914622,0.0,0.0,53.333333333333336,0.0,0.0,0.0,0.0,18.0,828.0,16.0,16,1,0.5126126126126126,115.66618635827288,624.0,38.93156388673288,31.5,0.0,0.0,2
710.0,3.0,0.5270606528912931,0.0,0.0,0.0,0.0,0.0,544.0,5.0,0.2367587444625924,0.0,0.0,49.23809523809524,0.0,0.0,0.0,0.0,24.0,2628.0,24.0,17,1,0.5126126126126126,114.64147009990194,623.0,38.93156388673288,31.5,0.0,0.0,2
712.0,2.0,0.147403736653668,0.0,0.0,0.0,0.0,0.0,74.0,3.0,0.748625931789646,0.0,0.0,45.0625,0.0,0.0,0.0,0.0,24.0,592.0,20.0,17,1,0.5126126126126126,114.64147009990194,623.0,23.00000000000212,11.5,0.0,0.0,3
708.0,3.0,0.1566615668670445,0.0,0.0,0.0,0.0,0.0,32.0,3.0,0.7029189307705104,0.0,0.0,41.42857142857143,0.0,0.0,0.0,0.0,6.0,380.0,6.0,18,1,0.5126126126126126,55.0242370839134,682.5,23.00000000000212,11.5,0.0,0.0,2
710.0,5.0,0.9594550492016292,0.0,0.0,0.0,0.0,0.0,68.0,8.0,1.5763441491392487,0.0,0.0,37.05555555555556,0.0,0.0,0.0,0.0,30.0,2056.0,18.0,18,1,0.5126126126126126,1.6329931618688187,710.0,0.0,0.0,0.0,0.0,2
712.0,5.0,1.50290809541509,0.0,346.0,0.0,0.0,0.0,238.0,5.0,0.993835769248684,0.0,0.0,32.05263157894737,0.0,0.0,0.0,0.0,60.0,4506.0,30.0,19,1,0.5126126126126126,1.9148542155240755,710.5,173.00000000000028,86.5,0.0,0.0,3
698.0,7.0,1.4238466876438096,0.0,300.0,0.0,0.0,0.0,114.0,5.0,1.0518806380120296,0.0,0.0,24.545454545454547,0.0,0.0,0.0,0.0,140.0,2934.0,40.0,19,1,0.5126126126126126,6.2182527020627205,707.0,187.4273192466885,161.5,0.0,0.0,3
694.0,1.0,-1.000088900581841e-12,0.0,20.0,0.0,0.0,0.0,24.0,2.0,0.6931471805579453,0.0,0.0,20.5,0.0,0.0,0.0,0.0,20.0,0.0,0.0,20,1,0.5126126126126126,8.850612031570295,703.5,181.86716764349404,166.5,0.0,0.0,3
702.0,3.0,0.5224433220437935,0.0,0.0,0.0,0.0,0.0,80.0,3.0,0.3141230258870314,0.0,0.0,17.833333333333332,0.0,0.0,0.0,0.0,20.0,14.0,6.0,20,1,0.5126126126126126,7.724420150840467,701.5,181.86716764349404,166.5,0.0,0.0,3
338.0,3.0,0.9501761301498908,0.0,0.0,0.0,0.0,0.0,40.0,4.0,0.914285581463099,0.0,0.0,16.285714285714285,0.0,0.0,0.0,0.0,26.0,3394.0,8.0,21,0,0.5126126126126126,180.02962719137844,608.0,146.969384566991,80.0,0.0,0.0,3
660.0,4.0,0.4219102358225324,0.0,0.0,0.0,0.0,0.0,40.0,7.0,1.6525902232948677,0.0,0.0,11.818181818181818,0.0,0.0,0.0,0.0,60.0,1600.0,16.0,21,0,0.5126126126126126,174.61863207191467,598.5,10.000000000004931,5.0,0.0,0.0,3
700.0,3.0,0.9493688791157948,0.0,0.0,0.0,0.0,0.0,110.0,4.0,0.8455875251612494,0.0,10.0,10.521739130434783,0.0,0.0,0.0,0.0,40.0,2060.0,14.0,22,0,0.5126126126126126,175.7346484523377,600.0,0.0,0.0,0.0,0.0,3
704.0,1.0,-1.000088900581841e-12,0.0,0.0,0.0,0.0,0.0,16.0,3.0,0.9002560512655369,0.0,0.0,39.266666666666666,0.0,0.0,0.0,0.0,0.0,0.0,0.0,22,0,0.5126126126126126,176.12400934190293,600.5,0.0,0.0,0.0,0.0,3
416.0,3.0,0.3914540171511616,0.0,0.0,0.0,0.0,0.0,16.0,4.0,1.0735428464045231,0.0,0.0,72.23333333333333,0.0,0.0,0.0,0.0,12.0,162.0,4.0,23,0,0.5126126126126126,137.4433216517511,620.0,0.0,0.0,0.0,0.0,3
712.0,6.0,0.8761771339563472,0.0,0.0,0.0,0.0,0.0,16.0,5.0,1.4941751382843085,0.0,0.0,85.66666666666667,0.0,0.0,0.0,0.0,14.0,1512.0,0.0,23,0,0.5126126126126126,144.75266261224135,633.0,0.0,0.0,0.0,0.0,3
704.0,1.0,-1.000088900581841e-12,0.0,0.0,0.0,0.0,0.0,8.0,2.0,0.6931471805579453,0.0,0.0,100.0,0.0,0.0,0.0,0.0,0.0,0.0,0.0,0,0,0.5126126126126126,145.38225476309017,634.0,0.0,0.0,0.0,0.0,3
190.0,1.0,-1.000088900581841e-12,0.0,0.0,0.0,0.0,0.0,2.0,1.0,-1.000088900581841e-12,0.0,0.0,100.0,0.0,0.0,0.0,0.0,0.0,0.0,0.0,0,0,0.5126126126126126,251.39278695565903,505.5,0.0,0.0,0.0,0.0,3
0.0,0.0,0.0,0.0,0.0,0.0,0.0,0.0,2.0,1.0,-1.000088900581841e-12,0.0,0.0,100.0,0.0,0.0,0.0,0.0,0.0,0.0,0.0,1,0,0.5126126126126126,362.3308800898244,401.5,0.0,0.0,0.0,0.0,3
0.0,0.0,0.0,0.0,0.0,0.0,0.0,0.0,0.0,0.0,0.0,0.0,0.0,100.0,0.0,0.0,0.0,0.0,0.0,0.0,0.0,1,0,0.5126126126126126,332.61940212000064,223.5,0.0,0.0,0.0,0.0,3
0.0,0.0,0.0,0.0,0.0,0.0,0.0,0.0,16.0,3.0,0.9002560512655369,0.0,0.0,100.0,0.0,0.0,0.0,0.0,0.0,0.0,0.0,2,0,0.5126126126126126,95.00000000000024,47.5,0.0,0.0,0.0,0.0,3
0.0,0.0,0.0,0.0,0.0,0.0,0.0,0.0,2.0,1.0,-1.000088900581841e-12,0.0,0.0,100.0,0.0,0.0,0.0,0.0,0.0,0.0,0.0,2,0,0.5126126126126126,0.0,0.0,0.0,0.0,0.0,0.0,3
0.0,0.0,0.0,0.0,0.0,0.0,0.0,0.0,8.0,2.0,0.5623351446168083,0.0,0.0,100.0,0.0,0.0,0.0,0.0,0.0,0.0,0.0,3,0,0.5126126126126126,0.0,0.0,0.0,0.0,0.0,0.0,3
0.0,0.0,0.0,0.0,0.0,0.0,0.0,0.0,2.0,1.0,-1.000088900581841e-12,0.0,0.0,100.0,0.0,0.0,0.0,0.0,0.0,0.0,0.0,3,0,0.5126126126126126,0.0,0.0,0.0,0.0,0.0,0.0,3
0.0,0.0,0.0,0.0,0.0,0.0,0.0,0.0,2.0,1.0,-1.000088900581841e-12,0.0,0.0,100.0,0.0,0.0,0.0,0.0,0.0,0.0,0.0,4,0,0.5126126126126126,0.0,0.0,0.0,0.0,0.0,0.0,3
0.0,0.0,0.0,0.0,0.0,0.0,0.0,0.0,0.0,0.0,0.0,0.0,0.0,100.0,0.0,0.0,0.0,0.0,0.0,0.0,0.0,4,0,0.5126126126126126,0.0,0.0,0.0,0.0,0.0,0.0,3
0.0,0.0,0.0,0.0,0.0,0.0,0.0,0.0,4.0,1.0,-1.000088900581841e-12,0.0,0.0,100.0,0.0,0.0,0.0,0.0,0.0,0.0,0.0,5,0,0.5126126126126126,0.0,0.0,0.0,0.0,0.0,0.0,3
0.0,0.0,0.0,0.0,0.0,0.0,0.0,0.0,2.0,1.0,-1.000088900581841e-12,0.0,0.0,100.0,0.0,0.0,0.0,0.0,0.0,0.0,0.0,5,0,0.5126126126126126,0.0,0.0,0.0,0.0,0.0,0.0,3
0.0,0.0,0.0,0.0,0.0,0.0,0.0,0.0,2.0,1.0,-1.000088900581841e-12,0.0,0.0,100.0,0.0,0.0,0.0,0.0,0.0,0.0,0.0,6,0,0.5126126126126126,0.0,0.0,0.0,0.0,0.0,0.0,3
710.0,3.0,0.511236760757553,0.0,0.0,0.0,0.0,0.0,12.0,4.0,1.3296613488507585,0.0,0.0,99.66666666666669,0.0,0.0,0.0,0.0,56.0,366.0,6.0,6,0,0.5126126126126126,355.00000000000006,177.5,0.0,0.0,0.0,0.0,3
716.0,5.0,0.6982011561942609,0.0,0.0,0.0,0.0,0.0,54.0,3.0,0.5718327393953102,0.0,0.0,97.0,0.0,0.0,0.0,0.0,70.0,502.0,26.0,7,0,0.5126126126126126,411.6580295990027,356.5,0.0,0.0,0.0,0.0,3
700.0,3.0,0.1591721239831953,0.0,0.0,0.0,0.0,0.0,10.0,3.0,0.9502705392302344,0.0,0.0,93.72727272727272,0.0,0.0,0.0,0.0,28.0,824.0,10.0,7,0,0.5126126126126126,354.3947892769682,531.5,0.0,0.0,0.0,0.0,3
294.0,7.0,1.2892178051545855,0.0,0.0,0.0,0.0,0.0,24.0,3.0,0.8239592164980822,0.0,0.0,90.53846153846152,0.0,0.0,0.0,0.0,0.0,1306.0,0.0,8,1,0.5126126126126126,207.43834425357983,605.0,0.0,0.0,0.0,0.0,3
210.0,6.0,1.2017855240908957,0.0,0.0,0.0,0.0,0.0,36.0,8.0,2.014122529216868,0.0,0.0,86.88888888888889,0.0,0.0,0.0,0.0,2.0,1434.0,0.0,10,1,0.5126126126126126,265.5761033426515,480.0,0.0,0.0,0.0,0.0,3
558.0,2.0,0.1773971883056644,0.0,0.0,0.0,0.0,0.0,44.0,7.0,1.4598012994558562,0.0,0.0,81.875,0.0,0.0,0.0,0.0,4.0,982.0,2.0,11,1,0.5126126126126126,227.84424504472355,440.5,0.0,0.0,0.0,0.0,3
716.0,3.0,0.1466180434605478,0.0,0.0,0.0,0.0,0.0,20.0,4.0,0.9404479886513264,0.0,0.0,77.91304347826087,0.0,0.0,0.0,0.0,2.0,178.0,0.0,11,1,0.5126126126126126,233.97649454592664,444.5,0.0,0.0,0.0,0.0,3
714.0,6.0,1.4210962666148963,0.0,66.0,0.0,0.0,0.0,96.0,4.0,1.0313237896720897,0.0,0.0,75.23076923076923,0.0,0.0,0.0,0.0,8.0,102.0,8.0,12,1,0.5126126126126126,238.12811677750287,549.5,33.00000000000149,16.5,0.0,0.0,3
716.0,1.0,-1.000088900581841e-12,0.0,46.0,0.0,0.0,0.0,40.0,3.0,0.3943976914444427,0.0,0.0,72.83333333333333,0.0,0.0,0.0,0.0,0.0,0.0,0.0,12,1,0.5126126126126126,78.67231618131869,676.0,33.346664001067616,28.0,0.0,0.0,3
708.0,2.0,0.6403586359353122,0.0,18.0,0.0,0.0,0.0,86.0,5.0,1.032330913334166,0.0,0.0,71.0,0.0,0.0,0.0,0.0,8.0,64.0,4.0,13,1,0.5126126126126126,3.78593889720601,713.5,29.27456233661058,32.5,0.0,0.0,3
714.0,4.0,0.8151332090209812,0.0,0.0,0.0,0.0,0.0,356.0,7.0,0.4381057578901135,0.0,0.0,67.1923076923077,0.0,0.0,0.0,0.0,12.0,7286.0,4.0,13,1,0.5126126126126126,3.4641016151441213,713.0,29.27456233661058,32.5,0.0,0.0,3
718.0,4.0,0.4582726164385824,0.0,50.0,0.0,0.0,0.0,532.0,3.0,0.3067301761731472,0.0,0.0,63.333333333333336,0.0,0.0,0.0,0.0,36.0,6504.0,20.0,14,1,0.5126126126126126,4.320493798943683,714.0,23.74166520416724,28.5,0.0,0.0,4
716.0,3.0,0.2946125622384657,0.0,78.0,0.0,0.0,0.0,182.0,3.0,0.8233983789050114,0.0,0.0,59.5,0.0,0.0,0.0,0.0,84.0,2186.0,28.0,14,1,0.5126126126126126,4.320493798943683,714.0,34.53983207834251,36.5,0.0,0.0,5
690.0,3.0,0.7667997100802202,0.0,0.0,0.0,0.0,0.0,54.0,3.0,0.6298309121360556,0.0,0.0,56.21428571428572,0.0,0.0,0.0,0.0,12.0,706.0,12.0,15,1,0.5126126126126126,13.102162671357382,709.5,38.6781592116287,32.0,0.0,0.0,4
694.0,3.0,0.9153607597125364,0.0,0.0,0.0,0.0,0.0,170.0,4.0,0.4565421515483121,0.0,0.0,53.1,0.0,0.0,0.0,0.0,18.0,1412.0,4.0,15,1,0.5126126126126126,14.54876856186498,704.5,38.6781592116287,32.0,0.0,0.0,4
680.0,1.0,-1.000088900581841e-12,0.0,0.0,0.0,0.0,0.0,92.0,1.0,-1.000088900581841e-12,0.0,0.0,51.16666666666666,0.0,0.0,0.0,0.0,0.0,0.0,0.0,16,1,0.5126126126126126,15.187714333194144,695.0,39.00000000000127,19.5,0.0,0.0,4
516.0,1.0,-1.000088900581841e-12,0.0,0.0,0.0,0.0,0.0,84.0,1.0,-1.000088900581841e-12,0.0,0.0,49.5,6.0,0.0,0.0,0.0,0.0,0.0,0.0,16,1,0.5126126126126126,86.20131476182199,645.0,0.0,0.0,0.0,0.0,3
512.0,1.0,-1.000088900581841e-12,0.0,0.0,0.0,0.0,0.0,32.0,4.0,1.162699833493568,0.0,0.0,48.333333333333336,0.0,6.0,0.0,6.0,42.0,94.0,16.0,17,1,0.5126126126126126,100.0583163293622,600.5,0.0,0.0,0.0,0.0,3
668.0,1.0,-1.000088900581841e-12,0.0,0.0,0.0,0.0,0.0,2.0,1.0,-1.000088900581841e-12,0.0,0.0,46.66666666666666,0.0,0.0,0.0,0.0,0.0,0.0,0.0,17,1,0.5126126126126126,92.52026804976326,594.0,0.0,0.0,0.0,0.0,3
640.0,1.0,-1.000088900581841e-12,0.0,0.0,0.0,0.0,0.0,20.0,2.0,0.3250829733894482,0.0,0.0,45.5,0.0,0.0,0.0,0.0,0.0,0.0,0.0,18,1,0.5126126126126126,81.64965809277287,584.0,0.0,0.0,0.0,0.0,5
178.0,3.0,0.5379000375879163,0.0,0.0,0.0,0.0,0.0,56.0,4.0,0.9394330452670888,0.0,0.0,44.142857142857146,4.0,0.0,0.0,0.0,48.0,980.0,30.0,18,1,0.5126126126126126,224.8340128479972,499.5,0.0,0.0,0.0,0.0,3
714.0,3.0,0.1699167776271242,0.0,0.0,0.0,0.0,0.0,526.0,4.0,0.3468891268914267,0.0,0.0,41.0,0.0,0.0,6.0,0.0,60.0,5486.0,32.0,19,1,0.5126126126126126,249.8692991679184,550.0,0.0,0.0,0.0,0.0,5
682.0,2.0,0.2621275355948035,0.0,0.0,0.0,0.0,0.0,384.0,6.0,0.5865883748297106,0.0,0.0,37.69230769230769,0.0,0.0,0.0,0.0,24.0,2604.0,4.0,19,1,0.5126126126126126,252.16066307019423,553.5,0.0,0.0,0.0,0.0,3
690.0,1.0,-1.000088900581841e-12,0.0,0.0,0.0,0.0,0.0,228.0,4.0,0.259423854034882,0.0,0.0,34.833333333333336,0.0,0.0,0.0,0.0,18.0,0.0,0.0,20,1,0.5126126126126126,259.0238084295213,566.0,0.0,0.0,0.0,0.0,2
692.0,7.0,1.0875447981779398,0.0,0.0,0.0,0.0,0.0,52.0,4.0,1.190291263033286,0.0,0.0,32.266666666666666,0.0,0.0,0.0,0.0,30.0,682.0,18.0,20,1,0.5126126126126126,13.699148392024313,694.5,0.0,0.0,0.0,0.0,3
704.0,6.0,1.4893365052025906,0.0,0.0,0.0,0.0,0.0,52.0,4.0,0.9894655713495606,0.0,0.0,27.727272727272727,0.0,0.0,0.0,0.0,64.0,698.0,48.0,21,0,0.5126126126126126,9.092121131325865,692.0,0.0,0.0,0.0,0.0,3
694.0,2.0,0.2588997272445581,0.0,0.0,0.0,0.0,0.0,32.0,3.0,0.7774621319079289,0.0,0.0,24.857142857142858,0.0,0.0,0.0,0.0,16.0,720.0,8.0,21,0,0.5126126126126126,6.218252702062065,695.0,0.0,0.0,0.0,0.0,2
714.0,6.0,1.3274655420854131,0.0,0.0,0.0,0.0,0.0,272.0,3.0,0.2667189128383477,0.0,0.0,20.75,0.0,0.0,0.0,0.0,32.0,5210.0,24.0,22,0,0.5126126126126126,10.132456102382204,701.0,0.0,0.0,0.0,0.0,3
574.0,4.0,0.2415281940673558,0.0,0.0,0.0,0.0,0.0,88.0,4.0,0.4739284311575341,0.0,8.0,20.0,0.0,0.0,0.0,0.0,10.0,722.0,8.0,22,0,0.5126126126126126,65.51081335677875,671.5,0.0,0.0,0.0,0.0,3
716.0,2.0,0.0484166396674798,0.0,0.0,0.0,0.0,0.0,390.0,6.0,0.2351729204286833,0.0,0.0,38.9,0.0,0.0,0.0,0.0,0.0,14210.0,0.0,23,0,0.5126126126126126,67.73231626533013,674.5,0.0,0.0,0.0,0.0,3
716.0,2.0,0.2154375725876943,0.0,0.0,0.0,0.0,0.0,214.0,2.0,0.0529732832834658,0.0,0.0,62.833333333333336,0.0,0.0,0.0,0.0,0.0,16204.0,0.0,23,0,0.5126126126126126,70.67295569499484,680.0,0.0,0.0,0.0,0.0,3
704.0,6.0,1.484221670843816,0.0,0.0,0.0,0.0,0.0,120.0,4.0,0.3660251946549302,0.0,0.0,82.13793103448276,0.0,0.0,0.0,0.0,36.0,5580.0,2.0,0,0,0.5126126126126126,69.23149572268417,677.5,0.0,0.0,0.0,0.0,3
700.0,1.0,-1.000088900581841e-12,0.0,0.0,0.0,0.0,0.0,2.0,1.0,-1.000088900581841e-12,0.0,0.0,98.06666666666666,0.0,0.0,0.0,0.0,16.0,0.0,0.0,0,0,0.5126126126126126,8.246211251237527,709.0,0.0,0.0,0.0,0.0,3
672.0,1.0,-1.000088900581841e-12,0.0,0.0,0.0,0.0,0.0,0.0,0.0,0.0,0.0,0.0,100.0,0.0,0.0,0.0,0.0,0.0,0.0,0.0,1,0,0.5126126126126126,18.61898672502622,698.0,0.0,0.0,0.0,0.0,3
0.0,0.0,0.0,0.0,0.0,0.0,0.0,0.0,4.0,1.0,-1.000088900581841e-12,0.0,0.0,100.0,0.0,0.0,0.0,0.0,0.0,0.0,0.0,1,0,0.5126126126126126,346.2927470604412,519.0,0.0,0.0,0.0,0.0,3
0.0,0.0,0.0,0.0,0.0,0.0,0.0,0.0,4.0,1.0,-1.000088900581841e-12,0.0,0.0,100.0,0.0,0.0,0.0,0.0,0.0,0.0,0.0,2,0,0.5126126126126126,396.2272075463774,343.0,0.0,0.0,0.0,0.0,3
0.0,0.0,0.0,0.0,0.0,0.0,0.0,0.0,0.0,0.0,0.0,0.0,0.0,100.0,0.0,0.0,0.0,0.0,0.0,0.0,0.0,2,0,0.5126126126126126,336.00000000000006,168.0,0.0,0.0,0.0,0.0,3
0.0,0.0,0.0,0.0,0.0,0.0,0.0,0.0,0.0,0.0,0.0,0.0,0.0,100.0,0.0,0.0,0.0,0.0,0.0,0.0,0.0,3,0,0.5126126126126126,0.0,0.0,0.0,0.0,0.0,0.0,3
0.0,0.0,0.0,0.0,0.0,0.0,0.0,0.0,0.0,0.0,0.0,0.0,0.0,100.0,0.0,0.0,0.0,0.0,0.0,0.0,0.0,3,0,0.5126126126126126,0.0,0.0,0.0,0.0,0.0,0.0,3
0.0,0.0,0.0,0.0,0.0,0.0,0.0,0.0,0.0,0.0,0.0,0.0,0.0,100.0,0.0,0.0,0.0,0.0,0.0,0.0,0.0,4,0,0.5126126126126126,0.0,0.0,0.0,0.0,0.0,0.0,3
0.0,0.0,0.0,0.0,0.0,0.0,0.0,0.0,0.0,0.0,0.0,0.0,0.0,100.0,0.0,0.0,0.0,0.0,0.0,0.0,0.0,4,0,0.5126126126126126,0.0,0.0,0.0,0.0,0.0,0.0,3
0.0,0.0,0.0,0.0,0.0,0.0,0.0,0.0,0.0,0.0,0.0,0.0,0.0,100.0,0.0,0.0,0.0,0.0,0.0,0.0,0.0,5,0,0.5126126126126126,0.0,0.0,0.0,0.0,0.0,0.0,3
0.0,0.0,0.0,0.0,0.0,0.0,0.0,0.0,36.0,2.0,0.6682484776625386,0.0,0.0,100.0,0.0,0.0,0.0,0.0,0.0,0.0,0.0,5,0,0.5126126126126126,0.0,0.0,0.0,0.0,0.0,0.0,3
0.0,0.0,0.0,0.0,0.0,0.0,0.0,0.0,2.0,1.0,-1.000088900581841e-12,0.0,0.0,100.0,0.0,0.0,0.0,0.0,0.0,0.0,0.0,6,0,0.5126126126126126,0.0,0.0,0.0,0.0,0.0,0.0,3
0.0,0.0,0.0,0.0,0.0,0.0,0.0,0.0,2.0,1.0,-1.000088900581841e-12,0.0,0.0,100.0,0.0,0.0,0.0,0.0,0.0,0.0,0.0,6,0,0.5126126126126126,0.0,0.0,0.0,0.0,0.0,0.0,3
0.0,0.0,0.0,0.0,0.0,0.0,0.0,0.0,2.0,1.0,-1.000088900581841e-12,0.0,0.0,100.0,0.0,0.0,0.0,0.0,0.0,0.0,0.0,7,0,0.5126126126126126,0.0,0.0,0.0,0.0,0.0,0.0,3
712.0,2.0,0.3848888306897836,0.0,0.0,0.0,0.0,0.0,30.0,4.0,0.857174043638079,0.0,0.0,100.0,0.0,0.0,0.0,0.0,48.0,1208.0,8.0,7,0,0.5126126126126126,356.00000000000006,178.0,0.0,0.0,0.0,0.0,3
714.0,4.0,0.9581568662970854,0.0,0.0,0.0,0.0,0.0,26.0,6.0,1.6313454208025964,0.0,0.0,97.73076923076924,0.0,0.0,0.0,0.0,32.0,4382.0,24.0,8,1,0.5126126126126126,411.65155167932994,356.5,0.0,0.0,0.0,0.0,3
708.0,7.0,0.9830679050535004,0.0,0.0,0.0,0.0,0.0,38.0,5.0,1.3571401438431878,0.0,0.0,93.84,0.0,0.0,0.0,0.0,72.0,6894.0,32.0,8,1,0.5126126126126126,355.67541382558346,533.5,0.0,0.0,0.0,0.0,3
716.0,5.0,1.0899372586427498,0.0,0.0,0.0,0.0,0.0,54.0,3.0,0.5718327393953102,0.0,0.0,89.8076923076923,0.0,0.0,0.0,0.0,66.0,4242.0,14.0,9,1,0.5126126126126126,3.4156502553236465,712.5,0.0,0.0,0.0,0.0,3
704.0,3.0,0.1384030697103331,0.0,0.0,0.0,0.0,0.0,18.0,2.0,0.3488320958410319,0.0,0.0,86.5625,0.0,0.0,0.0,0.0,0.0,648.0,0.0,9,1,0.5126126126126126,5.50757054728844,710.5,0.0,0.0,0.0,0.0,3
706.0,3.0,0.8428999461216542,0.0,0.0,0.0,0.0,0.0,78.0,10.0,1.732398384990555,0.0,0.0,83.57142857142857,0.0,0.0,0.0,0.0,66.0,422.0,8.0,10,1,0.5126126126126126,5.259911279355622,708.5,0.0,0.0,0.0,0.0,3
150.0,4.0,1.1992557859271178,0.0,0.0,0.0,0.0,0.0,4.0,2.0,0.6931471805579453,0.0,0.0,81.66666666666667,0.0,0.0,0.0,0.0,0.0,1962.0,0.0,10,1,0.5126126126126126,279.38265276617784,569.0,0.0,0.0,0.0,0.0,3
518.0,1.0,-1.000088900581841e-12,0.0,0.0,0.0,0.0,0.0,54.0,7.0,1.644647059867166,0.0,0.0,78.83333333333333,0.0,2.0,0.0,0.0,2.0,150.0,2.0,11,1,0.5126126126126126,261.63269418531524,519.5,0.0,0.0,0.0,0.0,3
712.0,1.0,-1.000088900581841e-12,0.0,0.0,0.0,0.0,0.0,28.0,2.0,0.2573186405418316,0.0,0.0,77.5,0.0,0.0,0.0,0.0,0.0,0.0,0.0,11,1,0.5126126126126126,263.5368411942943,521.5,0.0,0.0,0.0,0.0,3
168.0,1.0,-1.000088900581841e-12,0.0,0.0,0.0,0.0,0.0,42.0,2.0,0.1914440819557173,0.0,0.0,76.83333333333333,2.0,0.0,0.0,0.0,0.0,0.0,0.0,12,1,0.5126126126126126,275.02484736231867,387.0,0.0,0.0,0.0,0.0,3
518.0,1.0,-1.000088900581841e-12,0.0,0.0,0.0,0.0,0.0,96.0,4.0,0.5140966973359504,0.0,0.0,76.0,0.0,0.0,0.0,0.0,2.0,2.0,2.0,12,1,0.5126126126126126,226.6068548536577,479.0,0.0,0.0,0.0,0.0,3
700.0,1.0,-1.000088900581841e-12,0.0,0.0,0.0,0.0,0.0,74.0,2.0,0.1242508373876309,0.0,0.0,75.33333333333333,0.0,0.0,0.0,0.0,0.0,0.0,0.0,13,1,0.5126126126126126,253.69995401392308,524.5,0.0,0.0,0.0,0.0,3
514.0,1.0,-1.000088900581841e-12,0.0,0.0,0.0,0.0,0.0,68.0,4.0,0.619098650218477,0.0,0.0,74.33333333333333,2.0,0.0,0.0,0.0,4.0,2.0,4.0,13,1,0.5126126126126126,222.29409948684352,475.0,0.0,0.0,0.0,0.0,3
702.0,9.0,1.6550405181741077,0.0,0.0,0.0,0.0,0.0,90.0,6.0,1.3776682197910803,0.0,0.0,72.6,0.0,0.0,0.0,0.0,16.0,2512.0,8.0,14,1,0.5126126126126126,106.8254027217622,608.5,0.0,0.0,0.0,0.0,3
716.0,6.0,1.3450038570997966,0.0,0.0,0.0,0.0,0.0,144.0,7.0,0.9314169171897017,0.0,0.0,68.88461538461539,0.0,0.0,0.0,0.0,6.0,4338.0,4.0,14,1,0.5126126126126126,96.26352718795776,658.0,0.0,0.0,0.0,0.0,3
712.0,8.0,1.272264610840158,0.0,0.0,0.0,0.0,0.0,348.0,7.0,0.4520003585788487,0.0,0.0,64.34782608695652,0.0,0.0,0.0,0.0,6.0,1516.0,4.0,15,1,0.5126126126126126,98.17671142723556,661.0,0.0,0.0,0.0,0.0,3
706.0,1.0,-1.000088900581841e-12,0.0,0.0,0.0,0.0,0.0,10.0,2.0,0.5004024235361879,0.0,0.0,60.16666666666666,0.0,0.0,0.0,0.0,0.0,0.0,0.0,15,1,0.5126126126126126,6.218252702060576,709.0,0.0,0.0,0.0,0.0,3
712.0,4.0,1.1388244179246034,0.0,0.0,0.0,0.0,0.0,376.0,3.0,0.0920157819726408,0.0,0.0,57.0,0.0,0.0,0.0,0.0,6.0,1682.0,4.0,16,1,0.5126126126126126,4.123105625619708,711.5,0.0,0.0,0.0,0.0,3
710.0,1.0,-1.000088900581841e-12,0.0,0.0,0.0,0.0,0.0,14.0,1.0,-1.000088900581841e-12,0.0,0.0,54.5,0.0,0.0,0.0,0.0,0.0,0.0,0.0,16,1,0.5126126126126126,2.8284271247491746,710.0,0.0,0.0,0.0,0.0,4
468.0,1.0,-1.000088900581841e-12,0.0,0.0,0.0,0.0,0.0,52.0,3.0,0.3245083869280707,0.0,0.0,52.66666666666666,8.0,0.0,0.0,0.0,0.0,0.0,0.0,17,1,0.5126126126126126,120.69244660154456,649.0,0.0,0.0,0.0,0.0,3
0.0,0.0,0.0,0.0,0.0,0.0,0.0,0.0,98.0,1.0,-1.000088900581841e-12,0.0,0.0,51.0,0.0,0.0,0.0,0.0,0.0,0.0,0.0,17,1,0.5126126126126126,335.1830345746436,472.5,0.0,0.0,0.0,0.0,3
140.0,4.0,1.069410692469975,0.0,0.0,0.0,0.0,0.0,74.0,7.0,1.494071839123644,0.0,0.0,49.285714285714285,8.0,8.0,6.0,6.0,24.0,114.0,24.0,18,1,0.5126126126126126,320.64674227774924,329.5,0.0,0.0,0.0,0.0,3
708.0,1.0,-1.000088900581841e-12,0.0,0.0,0.0,0.0,0.0,42.0,1.0,-1.000088900581841e-12,0.0,0.0,47.5,0.0,0.0,0.0,0.0,0.0,0.0,0.0,18,1,0.5126126126126126,319.85621769789003,329.0,0.0,0.0,0.0,0.0,3
662.0,1.0,-1.000088900581841e-12,0.0,0.0,0.0,0.0,0.0,12.0,2.0,0.4505612088643047,0.0,0.0,46.333333333333336,0.0,0.0,0.0,0.0,0.0,0.0,0.0,19,1,0.5126126126126126,360.1309946857301,377.5,0.0,0.0,0.0,0.0,3
234.0,4.0,1.2469351450190118,0.0,0.0,0.0,0.0,0.0,416.0,6.0,0.2917777978987388,0.0,0.0,44.3,4.0,0.0,0.0,6.0,8.0,1366.0,6.0,19,1,0.5126126126126126,290.6773698335207,436.0,0.0,0.0,0.0,0.0,3
700.0,2.0,0.1297406947174283,0.0,0.0,0.0,0.0,0.0,224.0,4.0,0.32162264420187,0.0,0.0,42.0,0.0,0.0,0.0,0.0,24.0,1024.0,14.0,20,1,0.5126126126126126,228.8813375237629,576.0,0.0,0.0,0.0,0.0,2
698.0,6.0,1.3275375702588683,0.0,0.0,0.0,0.0,0.0,98.0,5.0,1.181553090834661,0.0,0.0,39.22222222222222,0.0,0.0,0.0,0.0,72.0,164.0,24.0,20,1,0.5126126126126126,227.00587363913448,573.5,0.0,0.0,0.0,0.0,2
702.0,5.0,1.1328944347066676,0.0,0.0,0.0,0.0,0.0,62.0,4.0,0.9199074572024885,0.0,0.0,36.07142857142857,0.0,0.0,0.0,0.0,48.0,1176.0,18.0,21,0,0.5126126126126126,233.00572239038829,583.5,0.0,0.0,0.0,0.0,2
700.0,5.0,1.3400432112225478,0.0,0.0,0.0,0.0,0.0,158.0,4.0,0.6263199992735032,0.0,0.0,33.05555555555556,0.0,0.0,0.0,0.0,48.0,2366.0,28.0,21,0,0.5126126126126126,1.6329931618643632,700.0,0.0,0.0,0.0,0.0,2
714.0,2.0,0.4787041747169993,0.0,0.0,0.0,0.0,0.0,406.0,6.0,0.4164119375351293,0.0,0.0,30.352941176470587,0.0,0.0,0.0,0.0,108.0,5550.0,38.0,22,0,0.5126126126126126,7.187952884284632,703.5,0.0,0.0,0.0,0.0,2
714.0,2.0,0.6829081046984717,0.0,0.0,0.0,0.0,0.0,46.0,3.0,0.777140995929613,0.0,0.0,27.38888888888889,0.0,0.0,0.0,0.0,36.0,2140.0,22.0,22,0,0.5126126126126126,7.549834435272667,707.5,0.0,0.0,0.0,0.0,3
710.0,3.0,0.9015900646023054,0.0,0.0,0.0,0.0,0.0,76.0,4.0,0.7754120392449422,0.0,0.0,24.33333333333333,0.0,0.0,0.0,0.0,72.0,834.0,40.0,23,0,0.5126126126126126,6.608075867201855,709.5,0.0,0.0,0.0,0.0,2
710.0,5.0,0.7935459175915504,0.0,0.0,0.0,0.0,0.0,248.0,3.0,0.3265664491146584,0.0,0.0,21.285714285714285,0.0,0.0,0.0,0.0,72.0,2296.0,40.0,23,0,0.5126126126126126,2.309401076764776,712.0,0.0,0.0,0.0,0.0,2
704.0,3.0,0.955159768717552,0.0,0.0,0.0,0.0,0.0,68.0,3.0,0.8687196829112651,0.0,18.0,17.583333333333332,0.0,0.0,0.0,0.0,162.0,6562.0,82.0,0,0,0.5126126126126126,4.123105625621185,709.5,0.0,0.0,0.0,0.0,2
716.0,9.0,1.2358293531572109,0.0,0.0,0.0,0.0,0.0,44.0,3.0,0.5763820666218934,0.0,20.0,28.666666666666668,0.0,0.0,0.0,0.0,40.0,9590.0,8.0,0,0,0.5126126126126126,4.898979485569322,710.0,0.0,0.0,0.0,0.0,2
710.0,1.0,-1.000088900581841e-12,0.0,0.0,0.0,0.0,0.0,2.0,1.0,-1.000088900581841e-12,0.0,0.0,58.833333333333336,0.0,0.0,0.0,0.0,0.0,0.0,0.0,1,0,0.5126126126126126,4.898979485569322,710.0,0.0,0.0,0.0,0.0,2
676.0,1.0,-1.000088900581841e-12,0.0,0.0,0.0,0.0,0.0,0.0,0.0,0.0,0.0,0.0,79.5,0.0,0.0,0.0,0.0,0.0,0.0,0.0,1,0,0.5126126126126126,17.691806012954952,701.5,0.0,0.0,0.0,0.0,3
0.0,0.0,0.0,0.0,0.0,0.0,0.0,0.0,4.0,2.0,0.6931471805579453,0.0,0.0,90.03333333333333,0.0,0.0,0.0,0.0,20.0,0.0,0.0,2,0,0.5126126126126126,350.77580684344053,525.5,0.0,0.0,0.0,0.0,3
0.0,0.0,0.0,0.0,0.0,0.0,0.0,0.0,2.0,1.0,-1.000088900581841e-12,0.0,0.0,100.0,0.0,0.0,0.0,0.0,0.0,0.0,0.0,2,0,0.5126126126126126,400.3444350389633,346.5,0.0,0.0,0.0,0.0,3
0.0,0.0,0.0,0.0,0.0,0.0,0.0,0.0,2.0,1.0,-1.000088900581841e-12,0.0,0.0,100.0,0.0,0.0,0.0,0.0,0.0,0.0,0.0,3,0,0.5126126126126126,338.0,169.0,0.0,0.0,0.0,0.0,3
0.0,0.0,0.0,0.0,0.0,0.0,0.0,0.0,2.0,1.0,-1.000088900581841e-12,0.0,0.0,100.0,0.0,0.0,0.0,0.0,0.0,0.0,0.0,3,0,0.5126126126126126,0.0,0.0,0.0,0.0,0.0,0.0,3
0.0,0.0,0.0,0.0,0.0,0.0,0.0,0.0,2.0,1.0,-1.000088900581841e-12,0.0,0.0,100.0,0.0,0.0,0.0,0.0,0.0,0.0,0.0,4,0,0.5126126126126126,0.0,0.0,0.0,0.0,0.0,0.0,3
0.0,0.0,0.0,0.0,0.0,0.0,0.0,0.0,0.0,0.0,0.0,0.0,0.0,100.0,0.0,0.0,0.0,0.0,0.0,0.0,0.0,4,0,0.5126126126126126,0.0,0.0,0.0,0.0,0.0,0.0,3
0.0,0.0,0.0,0.0,0.0,0.0,0.0,0.0,2.0,1.0,-1.000088900581841e-12,0.0,0.0,100.0,0.0,0.0,0.0,0.0,0.0,0.0,0.0,5,0,0.5126126126126126,0.0,0.0,0.0,0.0,0.0,0.0,3
0.0,0.0,0.0,0.0,0.0,0.0,0.0,0.0,2.0,1.0,-1.000088900581841e-12,0.0,0.0,100.0,0.0,0.0,0.0,0.0,0.0,0.0,0.0,5,0,0.5126126126126126,0.0,0.0,0.0,0.0,0.0,0.0,3
0.0,0.0,0.0,0.0,0.0,0.0,0.0,0.0,4.0,1.0,-1.000088900581841e-12,0.0,0.0,100.0,0.0,0.0,0.0,0.0,0.0,0.0,0.0,6,0,0.5126126126126126,0.0,0.0,0.0,0.0,0.0,0.0,3
0.0,0.0,0.0,0.0,0.0,0.0,0.0,0.0,4.0,2.0,0.6931471805579453,0.0,0.0,100.0,0.0,0.0,0.0,0.0,20.0,0.0,0.0,6,0,0.5126126126126126,0.0,0.0,0.0,0.0,0.0,0.0,3
0.0,0.0,0.0,0.0,0.0,0.0,0.0,0.0,4.0,2.0,0.6931471805579453,0.0,0.0,100.0,0.0,0.0,0.0,0.0,0.0,0.0,0.0,7,0,0.5126126126126126,0.0,0.0,0.0,0.0,0.0,0.0,3
82.0,5.0,1.2661814496382584,0.0,0.0,0.0,0.0,0.0,34.0,6.0,1.5335908003123833,0.0,0.0,100.0,0.0,0.0,0.0,0.0,120.0,1230.0,36.0,7,0,0.5126126126126126,41.00000000000024,20.5,0.0,0.0,0.0,0.0,3
712.0,7.0,1.1925743713286756,0.0,0.0,0.0,0.0,0.0,22.0,5.0,1.4681399390112089,0.0,0.0,98.21052631578948,0.0,0.0,0.0,0.0,100.0,1584.0,24.0,8,1,0.5126126126126126,344.5088291079539,198.5,0.0,0.0,0.0,0.0,3
712.0,3.0,0.3492417677813999,0.0,0.0,0.0,0.0,0.0,10.0,3.0,1.054920167983144,0.0,0.0,94.14814814814817,0.0,0.0,0.0,0.0,40.0,2346.0,6.0,8,1,0.5126126126126126,388.8457277635952,376.5,0.0,0.0,0.0,0.0,3
716.0,8.0,0.7924726545562609,0.0,0.0,0.0,0.0,0.0,20.0,5.0,1.4708084763171112,0.0,0.0,89.86666666666666,0.0,14.0,18.0,0.0,0.0,1302.0,0.0,9,1,0.5126126126126126,315.6722984362106,555.5,0.0,0.0,0.0,0.0,3
710.0,1.0,-1.000088900581841e-12,0.0,0.0,0.0,0.0,0.0,2.0,1.0,-1.000088900581841e-12,0.0,0.0,86.33333333333333,0.0,0.0,0.0,0.0,24.0,0.0,0.0,9,1,0.5126126126126126,2.5166114784248745,712.5,0.0,0.0,0.0,0.0,3
714.0,2.0,0.410116318286409,0.0,0.0,0.0,0.0,0.0,24.0,3.0,0.7214636866895116,0.0,0.0,85.66666666666667,0.0,0.0,0.0,0.0,24.0,144.0,10.0,10,1,0.5126126126126126,2.5819888974728733,713.0,0.0,0.0,0.0,0.0,3
712.0,3.0,0.3147776340632039,0.0,0.0,0.0,0.0,0.0,16.0,3.0,0.7356219397557947,0.0,0.0,84.3,0.0,0.0,0.0,0.0,0.0,1912.0,0.0,10,1,0.5126126126126126,2.5819888974728733,713.0,0.0,0.0,0.0,0.0,3
710.0,1.0,-1.000088900581841e-12,0.0,0.0,0.0,0.0,0.0,48.0,4.0,0.7315151084105227,0.0,0.0,83.0,0.0,0.0,0.0,0.0,24.0,0.0,6.0,11,1,0.5126126126126126,1.9148542155143784,711.5,0.0,0.0,0.0,0.0,3
712.0,5.0,1.162261259251089,0.0,0.0,0.0,0.0,0.0,32.0,3.0,0.7029189307705104,0.0,0.0,81.13333333333334,0.0,0.0,0.0,0.0,48.0,4056.0,22.0,11,1,0.5126126126126126,1.6329931618574478,712.0,0.0,0.0,0.0,0.0,3
712.0,2.0,0.4108346658663193,0.0,0.0,0.0,0.0,0.0,34.0,3.0,0.4437572842571484,0.0,0.0,78.8,0.0,0.0,0.0,0.0,0.0,1832.0,0.0,12,1,0.5126126126126126,1.0000000000032685,711.5,0.0,0.0,0.0,0.0,3
712.0,1.0,-1.000088900581841e-12,0.0,0.0,0.0,0.0,0.0,60.0,2.0,0.1461447460065638,0.0,0.0,77.33333333333333,0.0,0.0,0.0,0.0,28.0,0.0,0.0,12,1,0.5126126126126126,1.0000000000032685,711.5,0.0,0.0,0.0,0.0,3
574.0,3.0,0.5469685918536186,0.0,0.0,0.0,0.0,0.0,728.0,4.0,0.1218079967572155,0.0,0.0,75.14285714285714,0.0,0.0,0.0,0.0,84.0,8396.0,56.0,13,1,0.5126126126126126,69.00000000000004,677.5,0.0,0.0,0.0,0.0,3
706.0,5.0,0.7343286215764666,0.0,0.0,0.0,0.0,0.0,218.0,9.0,1.091308430513043,0.0,0.0,71.45833333333333,0.0,0.0,0.0,0.0,84.0,13048.0,20.0,13,1,0.5126126126126126,68.05879810869426,676.0,0.0,0.0,0.0,0.0,3
698.0,5.0,1.023690899998278,0.0,0.0,0.0,0.0,0.0,160.0,3.0,0.5546529116642505,0.0,0.0,66.66666666666667,0.0,0.0,0.0,0.0,28.0,6396.0,12.0,14,1,0.5126126126126126,65.91661399070803,672.5,0.0,0.0,0.0,0.0,3
714.0,3.0,0.3798456024443881,0.0,0.0,0.0,0.0,0.0,180.0,3.0,0.6654538217335197,0.0,0.0,62.7,0.0,0.0,0.0,0.0,280.0,8352.0,76.0,14,1,0.5126126126126126,66.32244466744778,673.0,0.0,0.0,0.0,0.0,3
708.0,4.0,1.108601778090044,0.0,0.0,0.0,0.0,0.0,200.0,4.0,0.5521369083211046,0.0,0.0,59.18181818181818,0.0,0.0,0.0,0.0,196.0,2078.0,76.0,15,1,0.5126126126126126,6.608075867200174,706.5,0.0,0.0,0.0,0.0,4
708.0,4.0,1.0912661589836592,0.0,0.0,0.0,0.0,0.0,276.0,5.0,0.7922096785889272,0.0,0.0,54.90909090909091,0.0,0.0,0.0,0.0,364.0,2774.0,96.0,15,1,0.5126126126126126,6.633249580711304,707.0,0.0,0.0,0.0,0.0,3
690.0,4.0,1.145436983188019,0.0,0.0,0.0,0.0,0.0,64.0,6.0,1.1565607393803754,0.0,0.0,51.77777777777778,0.0,0.0,0.0,0.0,364.0,2164.0,82.0,16,1,0.5126126126126126,10.392304845413586,705.0,0.0,0.0,0.0,0.0,3
708.0,2.0,0.2834359997793099,0.0,276.0,0.0,0.0,0.0,154.0,3.0,0.9272037808035318,0.0,0.0,48.1,0.0,0.0,0.0,0.0,308.0,1378.0,46.0,16,1,0.5126126126126126,9.000000000000371,703.5,138.00000000000037,69.0,0.0,0.0,4
686.0,1.0,-1.000088900581841e-12,0.0,0.0,0.0,0.0,0.0,24.0,3.0,0.5660857389566288,0.0,0.0,45.0,0.0,0.0,0.0,0.0,0.0,0.0,0.0,17,1,0.5126126126126126,11.661903789690887,698.0,138.00000000000037,69.0,0.0,0.0,4
682.0,1.0,-1.000088900581841e-12,0.0,0.0,0.0,0.0,0.0,102.0,4.0,0.4642768193057385,0.0,0.0,42.85714285714285,0.0,0.0,0.0,0.0,84.0,786.0,26.0,17,1,0.5126126126126126,11.474609652039284,691.5,138.00000000000037,69.0,0.0,0.0,4
672.0,1.0,-1.000088900581841e-12,0.0,0.0,0.0,0.0,0.0,130.0,3.0,0.3096818671571663,0.0,0.0,40.0,0.0,0.0,0.0,0.0,84.0,1218.0,12.0,18,1,0.5126126126126126,15.187714333192902,687.0,138.00000000000037,69.0,0.0,0.0,3
672.0,1.0,-1.000088900581841e-12,0.0,0.0,0.0,0.0,0.0,280.0,4.0,0.1594470024537117,0.0,0.0,36.833333333333336,0.0,0.0,0.0,0.0,56.0,872.0,6.0,18,1,0.5126126126126126,7.118052168021326,678.0,0.0,0.0,0.0,0.0,3
668.0,2.0,0.1547802820083666,0.0,0.0,0.0,0.0,0.0,198.0,3.0,0.2844622147388623,0.0,0.0,32.09090909090909,0.0,0.0,0.0,0.0,112.0,8096.0,48.0,19,1,0.5126126126126126,5.972157622390193,673.5,0.0,0.0,0.0,0.0,3
662.0,2.0,0.020545638299614,0.0,0.0,0.0,0.0,0.0,38.0,4.0,0.943045669998009,0.0,0.0,31.0,0.0,0.0,0.0,0.0,56.0,64.0,8.0,19,1,0.5126126126126126,4.725815626253288,668.5,0.0,0.0,0.0,0.0,3
644.0,2.0,0.0210341526084483,0.0,0.0,0.0,0.0,0.0,56.0,5.0,1.067952347544262,0.0,0.0,30.33333333333333,0.0,0.0,0.0,0.0,56.0,752.0,6.0,20,1,0.5126126126126126,12.36931687685325,661.5,0.0,0.0,0.0,0.0,3
666.0,3.0,0.5528487924193605,0.0,0.0,0.0,0.0,0.0,56.0,5.0,0.8045072710229636,0.0,0.0,29.1,0.0,0.0,0.0,26.0,28.0,1224.0,12.0,20,1,0.5126126126126126,10.954451150103628,660.0,0.0,0.0,0.0,0.0,3
660.0,1.0,-1.000088900581841e-12,0.0,0.0,0.0,0.0,0.0,78.0,2.0,0.1192469263942449,0.0,0.0,28.666666666666668,0.0,0.0,0.0,0.0,0.0,0.0,0.0,21,0,0.5126126126126126,9.66091783079331,658.0,0.0,0.0,0.0,0.0,2
126.0,1.0,-1.000088900581841e-12,0.0,0.0,0.0,0.0,0.0,184.0,2.0,0.0599601521227647,0.0,0.0,28.0,8.0,0.0,0.0,0.0,0.0,0.0,0.0,21,0,0.5126126126126126,265.49576267805105,524.0,0.0,0.0,0.0,0.0,3
0.0,0.0,0.0,0.0,0.0,0.0,0.0,0.0,90.0,2.0,0.10656595882602,0.0,0.0,27.166666666666668,24.0,0.0,0.0,0.0,0.0,0.0,0.0,22,0,0.5126126126126126,350.21707554029973,363.0,0.0,0.0,0.0,0.0,3
28.0,1.0,-1.000088900581841e-12,0.0,0.0,0.0,0.0,0.0,84.0,4.0,0.9089793183403558,0.0,0.0,26.33333333333333,0.0,0.0,0.0,0.0,32.0,86.0,8.0,22,0,0.5126126126126126,309.09060160412514,203.5,0.0,0.0,0.0,0.0,3
712.0,5.0,1.349924418037663,0.0,0.0,0.0,0.0,0.0,116.0,4.0,0.5253631106338384,0.0,0.0,24.0,0.0,0.0,0.0,0.0,64.0,11430.0,36.0,23,0,0.5126126126126126,334.72127708488046,216.5,0.0,0.0,0.0,0.0,3
710.0,5.0,1.1006567573885646,0.0,0.0,0.0,0.0,0.0,192.0,6.0,0.8468135695125323,0.0,32.0,20.22222222222222,0.0,0.0,26.0,0.0,352.0,5966.0,112.0,23,0,0.5126126126126126,402.5762867664546,362.5,0.0,0.0,0.0,0.0,3
698.0,5.0,1.1266344099673844,0.0,0.0,0.0,0.0,0.0,226.0,9.0,0.89085171251416,0.0,0.0,31.03448275862069,0.0,0.0,0.0,0.0,0.0,19066.0,0.0,0,0,0.5126126126126126,339.3896482412705,537.0,0.0,0.0,0.0,0.0,3
706.0,1.0,-1.000088900581841e-12,0.0,0.0,0.0,0.0,0.0,16.0,1.0,-1.000088900581841e-12,0.0,0.0,61.9,0.0,0.0,0.0,0.0,0.0,0.0,0.0,0,0,0.5126126126126126,6.191391873669425,706.5,0.0,0.0,0.0,0.0,3
612.0,1.0,-1.000088900581841e-12,0.0,0.0,0.0,0.0,0.0,0.0,0.0,0.0,0.0,0.0,81.23333333333333,0.0,0.0,0.0,0.0,0.0,0.0,0.0,1,0,0.5126126126126126,46.6011444780777,681.5,0.0,0.0,0.0,0.0,3
0.0,0.0,0.0,0.0,0.0,0.0,0.0,0.0,6.0,3.0,1.0986122886651095,0.0,0.0,92.76666666666668,0.0,0.0,0.0,0.0,36.0,0.0,0.0,1,0,0.5126126126126126,338.6837266044335,504.0,0.0,0.0,0.0,0.0,3
0.0,0.0,0.0,0.0,0.0,0.0,0.0,0.0,4.0,2.0,0.6931471805579453,0.0,0.0,100.0,0.0,0.0,0.0,0.0,0.0,0.0,0.0,2,0,0.5126126126126126,382.4042363782075,329.5,0.0,0.0,0.0,0.0,3
0.0,0.0,0.0,0.0,0.0,0.0,0.0,0.0,2.0,1.0,-1.000088900581841e-12,0.0,0.0,100.0,0.0,0.0,0.0,0.0,0.0,0.0,0.0,2,0,0.5126126126126126,306.0,153.0,0.0,0.0,0.0,0.0,3
0.0,0.0,0.0,0.0,0.0,0.0,0.0,0.0,2.0,1.0,-1.000088900581841e-12,0.0,0.0,100.0,0.0,0.0,0.0,0.0,0.0,0.0,0.0,3,0,0.5126126126126126,0.0,0.0,0.0,0.0,0.0,0.0,3
0.0,0.0,0.0,0.0,0.0,0.0,0.0,0.0,2.0,1.0,-1.000088900581841e-12,0.0,0.0,100.0,0.0,0.0,0.0,0.0,0.0,0.0,0.0,3,0,0.5126126126126126,0.0,0.0,0.0,0.0,0.0,0.0,3
0.0,0.0,0.0,0.0,0.0,0.0,0.0,0.0,2.0,1.0,-1.000088900581841e-12,0.0,0.0,100.0,0.0,0.0,0.0,0.0,0.0,0.0,0.0,4,0,0.5126126126126126,0.0,0.0,0.0,0.0,0.0,0.0,3
0.0,0.0,0.0,0.0,0.0,0.0,0.0,0.0,0.0,0.0,0.0,0.0,0.0,100.0,0.0,0.0,0.0,0.0,0.0,0.0,0.0,4,0,0.5126126126126126,0.0,0.0,0.0,0.0,0.0,0.0,3
0.0,0.0,0.0,0.0,0.0,0.0,0.0,0.0,2.0,1.0,-1.000088900581841e-12,0.0,0.0,100.0,0.0,0.0,0.0,0.0,0.0,0.0,0.0,5,0,0.5126126126126126,0.0,0.0,0.0,0.0,0.0,0.0,3
0.0,0.0,0.0,0.0,0.0,0.0,0.0,0.0,2.0,1.0,-1.000088900581841e-12,0.0,0.0,100.0,0.0,0.0,0.0,0.0,0.0,0.0,0.0,5,0,0.5126126126126126,0.0,0.0,0.0,0.0,0.0,0.0,3
0.0,0.0,0.0,0.0,0.0,0.0,0.0,0.0,2.0,1.0,-1.000088900581841e-12,0.0,0.0,100.0,0.0,0.0,0.0,0.0,0.0,0.0,0.0,6,0,0.5126126126126126,0.0,0.0,0.0,0.0,0.0,0.0,3
0.0,0.0,0.0,0.0,0.0,0.0,0.0,0.0,2.0,1.0,-1.000088900581841e-12,0.0,0.0,100.0,0.0,0.0,0.0,0.0,0.0,0.0,0.0,6,0,0.5126126126126126,0.0,0.0,0.0,0.0,0.0,0.0,3
708.0,5.0,0.8875910322492369,0.0,0.0,0.0,0.0,0.0,32.0,6.0,1.7541053309932877,0.0,0.0,98.72222222222224,0.0,0.0,0.0,0.0,252.0,2658.0,24.0,7,0,0.5126126126126126,354.0,177.0,0.0,0.0,0.0,0.0,3
704.0,4.0,0.7850123217573705,0.0,0.0,0.0,0.0,0.0,4.0,1.0,-1.000088900581841e-12,0.0,0.0,95.9375,0.0,0.0,0.0,0.0,216.0,1346.0,18.0,7,0,0.5126126126126126,407.6125611410914,353.0,0.0,0.0,0.0,0.0,3
216.0,5.0,0.8427881525502152,0.0,0.0,0.0,0.0,0.0,48.0,4.0,0.9365995187136584,0.0,0.0,94.11111111111111,0.0,0.0,0.0,0.0,0.0,1036.0,0.0,8,1,0.5126126126126126,356.34253184260785,407.0,0.0,0.0,0.0,0.0,3
570.0,3.0,0.9812291645018316,0.0,0.0,0.0,0.0,0.0,166.0,7.0,1.08803619517741,0.0,0.0,86.77777777777777,0.0,0.0,0.0,0.0,18.0,1298.0,14.0,12,1,0.5126126126126126,241.5360566595941,433.5,0.0,0.0,0.0,0.0,3
708.0,3.0,0.7156678334889959,0.0,0.0,0.0,0.0,0.0,70.0,5.0,1.0502684091135055,0.0,0.0,80.0,0.0,0.0,0.0,0.0,6.0,22.0,2.0,13,1,0.5126126126126126,221.22688203139623,560.0,0.0,0.0,0.0,0.0,3
684.0,1.0,-1.000088900581841e-12,0.0,0.0,0.0,0.0,0.0,36.0,5.0,1.0506652765878128,0.0,0.0,75.25,0.0,0.0,0.0,0.0,2.0,232.0,0.0,14,1,0.5126126126126126,17.813852287849226,698.0,0.0,0.0,0.0,0.0,4
706.0,2.0,0.6691644178402437,0.0,0.0,0.0,0.0,0.0,12.0,4.0,1.3296613488507585,0.0,0.0,48.0,0.0,0.0,0.0,0.0,6.0,22.0,2.0,20,1,0.5126126126126126,112.5862632236574,608.5,0.0,0.0,0.0,0.0,3
710.0,1.0,-1.000088900581841e-12,0.0,0.0,0.0,0.0,0.0,12.0,3.0,0.8675632284784613,0.0,0.0,47.0,0.0,0.0,0.0,0.0,0.0,0.0,0.0,21,0,0.5126126126126126,98.05440666623134,657.0,0.0,0.0,0.0,0.0,3
0.0,0.0,0.0,0.0,0.0,0.0,0.0,0.0,82.0,2.0,0.1146652822009065,0.0,0.0,46.0,0.0,0.0,0.0,0.0,0.0,0.0,0.0,22,0,0.5126126126126126,343.10153987801726,429.0,0.0,0.0,0.0,0.0,3
258.0,1.0,-1.000088900581841e-12,0.0,0.0,0.0,0.0,0.0,72.0,4.0,0.7745065340464126,0.0,0.0,44.5,0.0,0.0,0.0,0.0,14.0,320.0,6.0,23,0,0.5126126126126126,163.3187068280912,140.5,0.0,0.0,0.0,0.0,3
712.0,1.0,-1.000088900581841e-12,0.0,0.0,0.0,0.0,0.0,4.0,2.0,0.6931471805579453,0.0,0.0,42.333333333333336,0.0,0.0,0.0,0.0,0.0,0.0,0.0,0,0,0.5126126126126126,352.6901378452952,420.5,0.0,0.0,0.0,0.0,3
0.0,0.0,0.0,0.0,0.0,0.0,0.0,0.0,0.0,0.0,0.0,0.0,0.0,39.833333333333336,0.0,0.0,0.0,0.0,0.0,0.0,0.0,1,0,0.5126126126126126,390.36905615071487,375.0,0.0,0.0,0.0,0.0,3
0.0,0.0,0.0,0.0,0.0,0.0,0.0,0.0,0.0,0.0,0.0,0.0,0.0,36.16666666666666,0.0,0.0,0.0,0.0,0.0,0.0,0.0,2,0,0.5126126126126126,38.000000000000085,19.0,0.0,0.0,0.0,0.0,3
0.0,0.0,0.0,0.0,0.0,0.0,0.0,0.0,2.0,1.0,-1.000088900581841e-12,0.0,0.0,32.333333333333336,2.0,0.0,0.0,0.0,0.0,0.0,0.0,3,0,0.5126126126126126,0.0,0.0,0.0,0.0,0.0,0.0,3
0.0,0.0,0.0,0.0,0.0,0.0,0.0,0.0,0.0,0.0,0.0,0.0,0.0,28.5,0.0,0.0,0.0,0.0,0.0,0.0,0.0,4,0,0.5126126126126126,0.0,0.0,0.0,0.0,0.0,0.0,3
0.0,0.0,0.0,0.0,0.0,0.0,0.0,0.0,10.0,1.0,-1.000088900581841e-12,0.0,0.0,24.166666666666668,0.0,0.0,0.0,0.0,0.0,0.0,0.0,5,0,0.5126126126126126,0.0,0.0,0.0,0.0,0.0,0.0,3
714.0,1.0,-1.000088900581841e-12,0.0,0.0,0.0,0.0,0.0,2.0,1.0,-1.000088900581841e-12,0.0,0.0,21.0,0.0,0.0,0.0,0.0,0.0,0.0,0.0,6,0,0.5126126126126126,411.07663519105535,356.0,0.0,0.0,0.0,0.0,3
608.0,1.0,-1.000088900581841e-12,0.0,0.0,0.0,0.0,0.0,174.0,3.0,0.1253867761035733,0.0,0.0,100.0,0.0,0.0,0.0,0.0,0.0,0.0,0.0,11,1,0.5126126126126126,62.404593847996,620.5,0.0,0.0,0.0,0.0,3
574.0,7.0,1.3085119924990942,0.0,0.0,0.0,0.0,0.0,132.0,4.0,0.4045099417696118,0.0,0.0,96.9,0.0,0.0,0.0,0.0,24.0,7562.0,8.0,12,1,0.5126126126126126,306.49578572415425,457.5,0.0,0.0,0.0,0.0,3
706.0,3.0,0.2369511868131466,0.0,98.0,0.0,0.0,0.0,86.0,4.0,0.750050016410958,0.0,0.0,90.0,0.0,0.0,0.0,0.0,112.0,2360.0,8.0,13,1,0.5126126126126126,329.7408073017351,487.5,71.57280675414907,60.0,0.0,0.0,3
700.0,3.0,0.7856616167873101,0.0,12.0,0.0,0.0,0.0,58.0,5.0,0.9353425567331796,0.0,0.0,80.66666666666667,0.0,0.0,0.0,0.0,28.0,3094.0,8.0,14,1,0.5126126126126126,18.13835714721755,696.5,231.3864012137852,196.5,0.0,0.0,3
350.0,1.0,-1.000088900581841e-12,0.0,0.0,0.0,0.0,0.0,164.0,1.0,-1.000088900581841e-12,0.0,0.0,75.0,18.0,0.0,0.0,0.0,0.0,0.0,0.0,15,1,0.5126126126126126,175.19037264263892,612.5,265.06037048189626,136.5,0.0,0.0,3
0.0,0.0,0.0,0.0,0.0,0.0,0.0,0.0,6.0,2.0,0.6365141682928128,0.0,0.0,69.66666666666667,24.0,0.0,0.0,0.0,0.0,0.0,0.0,16,1,0.5126126126126126,330.7567081708246,260.0,0.0,0.0,0.0,0.0,3
686.0,1.0,-1.000088900581841e-12,0.0,0.0,0.0,0.0,0.0,146.0,3.0,0.2432103221972373,0.0,0.0,65.33333333333333,0.0,0.0,0.0,0.0,28.0,24.0,10.0,17,1,0.5126126126126126,343.00000000000006,171.5,0.0,0.0,0.0,0.0,3
696.0,3.0,0.6158599676673364,0.0,0.0,0.0,0.0,0.0,40.0,4.0,1.0627375681529962,0.0,0.0,57.285714285714285,0.0,0.0,0.0,0.0,364.0,1148.0,80.0,18,1,0.5126126126126126,347.3960276111401,521.0,0.0,0.0,0.0,0.0,3
686.0,2.0,0.2141000106599251,0.0,0.0,0.0,0.0,0.0,16.0,3.0,0.9743147528663494,0.0,0.0,51.66666666666666,0.0,0.0,0.0,0.0,0.0,1948.0,0.0,19,1,0.5126126126126126,7.3936910042746895,693.0,0.0,0.0,0.0,0.0,3
62.0,1.0,-1.000088900581841e-12,0.0,0.0,0.0,0.0,0.0,30.0,1.0,-1.000088900581841e-12,0.0,0.0,46.833333333333336,20.0,0.0,0.0,0.0,0.0,0.0,0.0,20,1,0.5126126126126126,312.6680881275436,531.0,0.0,0.0,0.0,0.0,3
706.0,2.0,0.0620338408034592,0.0,0.0,0.0,0.0,0.0,30.0,2.0,0.2449300267926353,0.0,0.0,29.5,0.0,0.0,0.0,0.0,0.0,26.0,0.0,22,0,0.5126126126126126,303.95394387966087,461.0,0.0,0.0,0.0,0.0,3
702.0,1.0,-1.000088900581841e-12,0.0,0.0,0.0,0.0,0.0,160.0,2.0,0.0671968803606978,0.0,0.0,22.83333333333333,0.0,0.0,0.0,0.0,0.0,0.0,0.0,23,0,0.5126126126126126,6.8068592855570085,708.5,0.0,0.0,0.0,0.0,3
640.0,5.0,0.9187626004753172,0.0,0.0,0.0,0.0,0.0,34.0,5.0,1.4669071049072544,0.0,4.0,30.0,0.0,0.0,0.0,0.0,14.0,3532.0,8.0,0,0,0.5126126126126126,34.0587727318534,676.0,0.0,0.0,0.0,0.0,2
662.0,1.0,-1.000088900581841e-12,0.0,0.0,0.0,0.0,0.0,2.0,1.0,-1.000088900581841e-12,0.0,0.0,86.46666666666667,0.0,0.0,0.0,0.0,0.0,0.0,0.0,1,0,0.5126126126126126,29.439202887760192,666.0,0.0,0.0,0.0,0.0,3
0.0,0.0,0.0,0.0,0.0,0.0,0.0,0.0,2.0,1.0,-1.000088900581841e-12,0.0,0.0,100.0,0.0,0.0,0.0,0.0,0.0,0.0,0.0,2,0,0.5126126126126126,395.93054946543344,342.5,0.0,0.0,0.0,0.0,3
0.0,0.0,0.0,0.0,0.0,0.0,0.0,0.0,2.0,1.0,-1.000088900581841e-12,0.0,0.0,100.0,0.0,0.0,0.0,0.0,0.0,0.0,0.0,3,0,0.5126126126126126,0.0,0.0,0.0,0.0,0.0,0.0,3
0.0,0.0,0.0,0.0,0.0,0.0,0.0,0.0,2.0,1.0,-1.000088900581841e-12,0.0,0.0,100.0,0.0,0.0,0.0,0.0,0.0,0.0,0.0,4,0,0.5126126126126126,0.0,0.0,0.0,0.0,0.0,0.0,3
0.0,0.0,0.0,0.0,0.0,0.0,0.0,0.0,0.0,0.0,0.0,0.0,0.0,100.0,0.0,0.0,0.0,0.0,0.0,0.0,0.0,5,0,0.5126126126126126,0.0,0.0,0.0,0.0,0.0,0.0,3
700.0,1.0,-1.000088900581841e-12,0.0,0.0,0.0,0.0,0.0,4.0,1.0,-1.000088900581841e-12,0.0,0.0,100.0,0.0,0.0,0.0,0.0,0.0,0.0,0.0,6,0,0.5126126126126126,405.3031787028899,351.0,0.0,0.0,0.0,0.0,3
708.0,4.0,1.1736546585237948,0.0,0.0,0.0,0.0,0.0,18.0,3.0,0.9649629230044278,0.0,0.0,98.16666666666669,0.0,0.0,0.0,0.0,30.0,396.0,12.0,7,0,0.5126126126126126,273.01953532058235,567.5,0.0,0.0,0.0,0.0,3
716.0,6.0,1.2849442532573685,0.0,126.0,0.0,0.0,0.0,88.0,5.0,1.1140415757839353,0.0,0.0,92.85714285714286,0.0,0.0,0.0,0.0,70.0,898.0,6.0,8,1,0.5126126126126126,276.6875494126905,573.0,63.00000000000077,31.5,0.0,0.0,3
114.0,1.0,-1.000088900581841e-12,0.0,0.0,0.0,0.0,0.0,612.0,5.0,0.191998842062564,0.0,0.0,89.16666666666667,0.0,0.0,0.0,0.0,0.0,486.0,0.0,10,1,0.5126126126126126,380.2560540828597,386.0,63.00000000000077,31.5,0.0,0.0,3
710.0,1.0,-1.000088900581841e-12,0.0,0.0,0.0,0.0,0.0,4.0,2.0,0.6931471805579453,0.0,0.0,84.33333333333333,0.0,0.0,0.0,0.0,0.0,0.0,0.0,11,1,0.5126126126126126,312.4718654001776,295.0,0.0,0.0,0.0,0.0,3
574.0,3.0,0.0647261948545221,0.0,0.0,0.0,0.0,0.0,32.0,4.0,1.1432752061902138,0.0,0.0,81.0,2.0,0.0,0.0,0.0,8.0,894.0,8.0,12,1,0.5126126126126126,154.3588891728193,568.0,0.0,0.0,0.0,0.0,3
690.0,2.0,0.3872123751843606,0.0,0.0,0.0,0.0,0.0,38.0,3.0,0.5366645624815252,0.0,0.0,77.0,0.0,0.0,0.0,0.0,12.0,394.0,6.0,13,1,0.5126126126126126,58.523499553598455,650.5,0.0,0.0,0.0,0.0,3
714.0,5.0,0.9380536307019648,0.0,70.0,0.0,0.0,0.0,50.0,4.0,1.0891743498857402,0.0,0.0,72.75,0.0,0.0,0.0,0.0,30.0,250.0,16.0,14,1,0.5126126126126126,11.000000000001666,704.5,35.000000000001386,17.5,0.0,0.0,2
702.0,3.0,0.4153170121774195,0.0,62.0,0.0,0.0,0.0,44.0,6.0,1.2995530335684935,0.0,0.0,67.28571428571429,0.0,0.0,0.0,0.0,24.0,558.0,4.0,15,1,0.5126126126126126,6.218252702062148,711.0,53.17580903631617,65.5,0.0,0.0,3
706.0,1.0,-1.000088900581841e-12,0.0,0.0,0.0,0.0,0.0,2.0,1.0,-1.000088900581841e-12,0.0,0.0,62.0,0.0,0.0,0.0,0.0,0.0,0.0,0.0,16,1,0.5126126126126126,7.118052168023432,706.0,61.9892463792452,48.0,0.0,0.0,3
614.0,3.0,0.5928313784628001,0.0,0.0,0.0,0.0,0.0,88.0,4.0,0.3991561674215943,0.0,0.0,57.75,0.0,0.0,0.0,0.0,12.0,500.0,4.0,17,1,0.5126126126126126,44.40345331915866,680.5,0.0,0.0,0.0,0.0,3
640.0,4.0,0.4939923283436591,0.0,0.0,0.0,0.0,0.0,156.0,6.0,0.5400610540978167,0.0,0.0,49.80769230769231,0.0,0.0,0.0,0.0,0.0,2362.0,0.0,22,0,0.5126126126126126,148.18456959706265,585.0,0.0,0.0,0.0,0.0,3
710.0,8.0,1.440507490801944,0.0,0.0,0.0,0.0,0.0,24.0,4.0,1.3296613488507585,0.0,0.0,65.35,0.0,0.0,0.0,0.0,8.0,1796.0,6.0,0,0,0.5126126126126126,287.9878469658052,470.5,0.0,0.0,0.0,0.0,3
424.0,1.0,-1.000088900581841e-12,0.0,0.0,0.0,0.0,0.0,0.0,0.0,0.0,0.0,0.0,69.83333333333333,6.0,0.0,0.0,0.0,0.0,0.0,0.0,1,0,0.5126126126126126,141.41192783260323,636.0,0.0,0.0,0.0,0.0,3
0.0,0.0,0.0,0.0,0.0,0.0,0.0,0.0,0.0,0.0,0.0,0.0,0.0,66.16666666666667,4.0,0.0,0.0,0.0,0.0,0.0,0.0,2,0,0.5126126126126126,347.55671000092445,283.5,0.0,0.0,0.0,0.0,3
0.0,0.0,0.0,0.0,0.0,0.0,0.0,0.0,0.0,0.0,0.0,0.0,0.0,62.5,0.0,0.0,0.0,0.0,0.0,0.0,0.0,3,0,0.5126126126126126,0.0,0.0,0.0,0.0,0.0,0.0,3
0.0,0.0,0.0,0.0,0.0,0.0,0.0,0.0,2.0,1.0,-1.000088900581841e-12,0.0,0.0,58.833333333333336,4.0,0.0,0.0,0.0,0.0,0.0,0.0,4,0,0.5126126126126126,0.0,0.0,0.0,0.0,0.0,0.0,3
0.0,0.0,0.0,0.0,0.0,0.0,0.0,0.0,0.0,0.0,0.0,0.0,0.0,54.833333333333336,0.0,0.0,0.0,0.0,0.0,0.0,0.0,5,0,0.5126126126126126,0.0,0.0,0.0,0.0,0.0,0.0,3
0.0,0.0,0.0,0.0,0.0,0.0,0.0,0.0,0.0,0.0,0.0,0.0,0.0,50.66666666666666,0.0,0.0,0.0,0.0,0.0,0.0,0.0,6,0,0.5126126126126126,0.0,0.0,0.0,0.0,0.0,0.0,3
616.0,4.0,1.023903072707424,0.0,0.0,0.0,0.0,0.0,12.0,3.0,1.0114042647043515,0.0,0.0,45.90476190476191,0.0,0.0,0.0,0.0,18.0,868.0,12.0,7,0,0.5126126126126126,308.00000000000006,154.0,0.0,0.0,0.0,0.0,3
110.0,4.0,0.7182758495431992,0.0,0.0,0.0,0.0,0.0,6.0,2.0,0.6365141682928128,0.0,0.0,41.66666666666666,0.0,0.0,0.0,0.0,8.0,1760.0,4.0,8,1,0.5126126126126126,354.65288193763024,358.0,0.0,0.0,0.0,0.0,3
436.0,4.0,0.6321906036702791,0.0,0.0,0.0,0.0,0.0,44.0,7.0,1.459801299455856,0.0,0.0,36.31578947368421,0.0,0.0,0.0,0.0,2.0,2844.0,0.0,9,1,0.5126126126126126,263.1425469208657,467.0,0.0,0.0,0.0,0.0,3
460.0,4.0,1.0462291765054688,0.0,0.0,0.0,0.0,0.0,142.0,6.0,0.8814951195327791,0.0,0.0,28.0,0.0,0.0,0.0,0.0,2.0,1224.0,0.0,12,1,0.5126126126126126,212.7690453676632,265.0,0.0,0.0,0.0,0.0,3
710.0,2.0,0.2474009608025467,0.0,0.0,0.0,0.0,0.0,54.0,4.0,0.8958309703560935,0.0,0.0,22.63636363636364,0.0,0.0,0.0,0.0,14.0,62.0,8.0,13,1,0.5126126126126126,309.6379606357507,483.5,0.0,0.0,0.0,0.0,4
716.0,6.0,1.1362645826974969,0.0,0.0,0.0,0.0,0.0,22.0,1.0,-1.000088900581841e-12,0.0,0.0,47.36666666666667,0.0,0.0,0.0,0.0,0.0,1992.0,0.0,14,1,0.5126126126126126,3.000000000007134,712.5,0.0,0.0,0.0,0.0,4
136.0,1.0,-1.000088900581841e-12,0.0,0.0,0.0,0.0,0.0,50.0,6.0,1.4851948114596365,0.0,0.0,100.0,0.0,0.0,0.0,0.0,2.0,462.0,2.0,16,1,0.5126126126126126,322.08642732450977,436.5,0.0,0.0,0.0,0.0,5
716.0,3.0,0.793049298987081,0.0,0.0,0.0,0.0,0.0,206.0,3.0,0.4848718325602458,0.0,0.0,98.84,0.0,0.0,2.0,0.0,18.0,2192.0,16.0,17,1,0.5126126126126126,320.37269962758484,435.0,0.0,0.0,0.0,0.0,4
710.0,3.0,0.7289253222406595,0.0,0.0,0.0,0.0,0.0,136.0,2.0,0.1326914208378717,0.0,0.0,94.66666666666669,0.0,0.0,0.0,0.0,2.0,584.0,2.0,18,1,0.5126126126126126,3.4641016151428907,711.0,0.0,0.0,0.0,0.0,4
704.0,4.0,0.7980994456495212,0.0,48.0,0.0,0.0,0.0,132.0,5.0,1.0545016120112969,0.0,0.0,92.83333333333331,0.0,0.0,0.0,0.0,6.0,62.0,6.0,19,1,0.5126126126126126,2.828427124752501,708.0,24.00000000000203,12.0,0.0,0.0,3
706.0,1.0,-1.000088900581841e-12,0.0,0.0,0.0,0.0,0.0,14.0,3.0,0.9556998911095343,0.0,0.0,89.66666666666667,0.0,0.0,0.0,0.0,2.0,0.0,0.0,20,1,0.5126126126126126,1.9148542155220225,705.5,24.00000000000203,12.0,0.0,0.0,3
712.0,7.0,1.1613293648664251,0.0,0.0,0.0,0.0,0.0,48.0,5.0,1.0924606245169648,0.0,0.0,82.8,0.0,0.0,0.0,0.0,6.0,3466.0,6.0,21,0,0.5126126126126126,108.71982339941523,653.0,0.0,0.0,0.0,0.0,4
2.0,1.0,-1.000088900581841e-12,0.0,0.0,0.0,0.0,0.0,42.0,5.0,0.8660598702443092,0.0,0.0,0.0,0.0,0.0,0.0,0.0,2.0,930.0,0.0,22,0,0.5126126126126126,297.146428549966,392.0,0.0,0.0,0.0,0.0,3
130.0,1.0,-1.000088900581841e-12,0.0,0.0,0.0,0.0,0.0,46.0,6.0,1.265266902755422,0.0,0.0,72.0,0.0,0.0,0.0,0.0,10.0,116.0,2.0,23,0,0.5126126126126126,311.7306529682316,302.0,0.0,0.0,0.0,0.0,3
712.0,1.0,-1.000088900581841e-12,0.0,0.0,0.0,0.0,0.0,12.0,3.0,1.0114042647043515,0.0,0.0,96.5,0.0,0.0,0.0,0.0,2.0,0.0,0.0,0,0,0.5126126126126126,368.2404106015526,381.5,0.0,0.0,0.0,0.0,3
0.0,0.0,0.0,0.0,0.0,0.0,0.0,0.0,2.0,1.0,-1.000088900581841e-12,0.0,0.0,100.0,0.0,0.0,0.0,0.0,0.0,0.0,0.0,1,0,0.5126126126126126,342.9013463568397,416.0,0.0,0.0,0.0,0.0,3
0.0,0.0,0.0,0.0,0.0,0.0,0.0,0.0,6.0,2.0,0.6365141682928128,0.0,0.0,100.0,0.0,0.0,0.0,0.0,0.0,0.0,0.0,2,0,0.5126126126126126,135.00000000000014,67.5,0.0,0.0,0.0,0.0,3
0.0,0.0,0.0,0.0,0.0,0.0,0.0,0.0,2.0,1.0,-1.000088900581841e-12,0.0,0.0,100.0,0.0,0.0,0.0,0.0,0.0,0.0,0.0,3,0,0.5126126126126126,0.0,0.0,0.0,0.0,0.0,0.0,3
0.0,0.0,0.0,0.0,0.0,0.0,0.0,0.0,2.0,1.0,-1.000088900581841e-12,0.0,0.0,100.0,0.0,0.0,0.0,0.0,0.0,0.0,0.0,4,0,0.5126126126126126,0.0,0.0,0.0,0.0,0.0,0.0,3
0.0,0.0,0.0,0.0,0.0,0.0,0.0,0.0,4.0,2.0,0.6931471805579453,0.0,0.0,100.0,0.0,0.0,0.0,0.0,0.0,0.0,0.0,5,0,0.5126126126126126,0.0,0.0,0.0,0.0,0.0,0.0,3
0.0,0.0,0.0,0.0,0.0,0.0,0.0,0.0,2.0,1.0,-1.000088900581841e-12,0.0,0.0,100.0,0.0,0.0,0.0,0.0,0.0,0.0,0.0,6,0,0.5126126126126126,0.0,0.0,0.0,0.0,0.0,0.0,3
710.0,4.0,1.2362222694773637,0.0,0.0,0.0,0.0,0.0,16.0,4.0,1.320888343145322,0.0,0.0,98.16,0.0,0.0,0.0,0.0,8.0,676.0,4.0,7,0,0.5126126126126126,355.00000000000006,177.5,0.0,0.0,0.0,0.0,3
704.0,5.0,0.8886319005761767,0.0,60.0,0.0,0.0,0.0,94.0,5.0,1.1752333658638936,0.0,0.0,90.57142857142856,0.0,0.0,0.0,0.0,36.0,268.0,14.0,8,1,0.5126126126126126,354.3496390102108,531.5,28.30194339617153,19.5,0.0,0.0,3
164.0,4.0,1.1027570203873254,0.0,0.0,0.0,0.0,0.0,40.0,4.0,0.7083465777021715,0.0,0.0,87.5,0.0,0.0,0.0,0.0,6.0,764.0,6.0,9,1,0.5126126126126126,267.1129598752808,564.0,28.30194339617153,19.5,0.0,0.0,3
700.0,4.0,0.6993685423491536,0.0,16.0,0.0,0.0,0.0,80.0,5.0,1.4251466892773612,0.0,0.0,83.83333333333333,0.0,0.0,0.0,0.0,10.0,46.0,6.0,11,1,0.5126126126126126,283.44546800634043,444.0,8.000000000006091,4.0,0.0,0.0,3
334.0,4.0,0.4656050629569553,0.0,0.0,0.0,0.0,0.0,438.0,6.0,0.2300577880010585,0.0,0.0,80.42857142857143,0.0,0.0,0.0,0.0,2.0,356.0,2.0,12,1,0.5126126126126126,244.63850882475563,494.0,8.000000000006091,4.0,0.0,0.0,3
714.0,6.0,1.658438547234138,0.0,12.0,0.0,0.0,0.0,80.0,5.0,1.085882845530869,0.0,0.0,71.42857142857143,0.0,0.0,0.0,0.0,60.0,4524.0,34.0,14,1,0.5126126126126126,175.8939074177008,588.0,41.38840417315093,24.5,0.0,0.0,5
714.0,3.0,0.7355978395546936,0.0,6.0,0.0,0.0,0.0,18.0,3.0,0.8486855577234171,0.0,0.0,65.0,0.0,0.0,0.0,0.0,30.0,52.0,6.0,15,1,0.5126126126126126,8.386497083608436,710.5,38.10511776651658,29.0,0.0,0.0,4
700.0,3.0,0.0944248124844035,0.0,0.0,0.0,0.0,0.0,76.0,6.0,1.3636764244143156,0.0,0.0,59.0,0.0,0.0,0.0,0.0,30.0,636.0,14.0,16,1,0.5126126126126126,8.164965809279689,712.0,5.000000000009762,6.5,0.0,0.0,3
34.0,2.0,0.2237180760638337,0.0,0.0,0.0,0.0,0.0,54.0,6.0,0.954707890550768,0.0,0.0,54.0,0.0,0.0,0.0,0.0,2.0,606.0,0.0,17,1,0.5126126126126126,323.00000000000006,456.5,4.000000000012203,2.0,0.0,0.0,3
204.0,4.0,0.9963604326705516,0.0,0.0,0.0,0.0,0.0,26.0,5.0,1.4985690796720057,0.0,0.0,48.875,0.0,0.0,0.0,0.0,0.0,616.0,0.0,19,1,0.5126126126126126,152.02192824282525,235.0,0.0,0.0,0.0,0.0,3
708.0,1.0,-1.000088900581841e-12,0.0,0.0,0.0,0.0,0.0,14.0,3.0,0.9556998911095343,0.0,0.0,42.333333333333336,0.0,0.0,0.0,0.0,0.0,116.0,0.0,20,1,0.5126126126126126,263.6057662495266,490.0,0.0,0.0,0.0,0.0,3
708.0,3.0,0.7371487106184053,0.0,0.0,0.0,0.0,0.0,672.0,3.0,0.0405602919416984,0.0,0.0,38.09090909090909,0.0,0.0,0.0,0.0,8.0,190.0,4.0,21,0,0.5126126126126126,8.246211251238067,709.0,0.0,0.0,0.0,0.0,4
718.0,4.0,1.0899914561678217,0.0,0.0,0.0,0.0,0.0,374.0,4.0,0.1486216975244846,0.0,0.0,29.7,0.0,0.0,0.0,0.0,0.0,1478.0,0.0,22,0,0.5126126126126126,9.29157324318,711.5,0.0,0.0,0.0,0.0,3
360.0,4.0,0.8833354356730876,0.0,0.0,0.0,0.0,0.0,808.0,6.0,0.1621817000026885,0.0,0.0,21.2,0.0,0.0,0.0,0.0,4.0,352.0,4.0,23,0,0.5126126126126126,273.3544707274178,492.0,0.0,0.0,0.0,0.0,3
672.0,4.0,0.6579206071338275,0.0,0.0,0.0,0.0,0.0,156.0,7.0,1.2849016957980852,0.0,8.0,63.68,0.0,0.0,0.0,0.0,24.0,148.0,6.0,0,0,0.5126126126126126,257.1666126593161,477.0,0.0,0.0,0.0,0.0,3
702.0,1.0,-1.000088900581841e-12,0.0,0.0,0.0,0.0,0.0,2.0,1.0,-1.000088900581841e-12,0.0,0.0,100.0,0.0,0.0,0.0,0.0,0.0,0.0,0.0,1,0,0.5126126126126126,17.31088289679964,697.5,0.0,0.0,0.0,0.0,3
0.0,0.0,0.0,0.0,0.0,0.0,0.0,0.0,16.0,3.0,0.9743147528663496,0.0,0.0,100.0,0.0,0.0,0.0,0.0,0.0,0.0,0.0,2,0,0.5126126126126126,398.0498293765075,361.5,0.0,0.0,0.0,0.0,3
0.0,0.0,0.0,0.0,0.0,0.0,0.0,0.0,2.0,1.0,-1.000088900581841e-12,0.0,0.0,100.0,0.0,0.0,0.0,0.0,0.0,0.0,0.0,3,0,0.5126126126126126,17.000000000000764,8.5,0.0,0.0,0.0,0.0,3
0.0,0.0,0.0,0.0,0.0,0.0,0.0,0.0,4.0,1.0,-1.000088900581841e-12,0.0,0.0,100.0,0.0,0.0,0.0,0.0,0.0,0.0,0.0,4,0,0.5126126126126126,0.0,0.0,0.0,0.0,0.0,0.0,2
0.0,0.0,0.0,0.0,0.0,0.0,0.0,0.0,4.0,2.0,0.6931471805579453,0.0,0.0,100.0,0.0,0.0,0.0,0.0,0.0,0.0,0.0,5,0,0.5126126126126126,0.0,0.0,0.0,0.0,0.0,0.0,3
0.0,0.0,0.0,0.0,0.0,0.0,0.0,0.0,2.0,1.0,-1.000088900581841e-12,0.0,0.0,100.0,0.0,0.0,0.0,0.0,0.0,0.0,0.0,6,0,0.5126126126126126,0.0,0.0,0.0,0.0,0.0,0.0,3
0.0,0.0,0.0,0.0,0.0,0.0,0.0,0.0,4.0,1.0,-1.000088900581841e-12,0.0,0.0,100.0,0.0,0.0,0.0,0.0,0.0,0.0,0.0,7,0,0.5126126126126126,0.0,0.0,0.0,0.0,0.0,0.0,3
706.0,4.0,0.8701153126426009,0.0,0.0,0.0,0.0,0.0,70.0,7.0,1.2026716146831502,0.0,0.0,93.26666666666668,0.0,0.0,0.0,0.0,56.0,198.0,12.0,8,1,0.5126126126126126,409.34866963669657,354.5,0.0,0.0,0.0,0.0,3
176.0,2.0,0.3767701612544368,0.0,0.0,0.0,0.0,0.0,56.0,2.0,0.1540761036690294,0.0,0.0,80.0,0.0,0.0,0.0,0.0,2.0,572.0,0.0,12,1,0.5126126126126126,167.27123681812927,192.5,0.0,0.0,0.0,0.0,3
710.0,3.0,0.9732813432349234,0.0,0.0,0.0,0.0,0.0,82.0,3.0,0.7712620305016202,0.0,0.0,74.71428571428571,0.0,0.0,0.0,0.0,16.0,552.0,16.0,13,1,0.5126126126126126,246.04877565230845,383.0,0.0,0.0,0.0,0.0,3
262.0,3.0,0.8061407538325618,0.0,0.0,0.0,0.0,0.0,374.0,3.0,0.1154305268195847,0.0,0.0,70.33333333333333,0.0,0.0,0.0,0.0,4.0,402.0,4.0,14,1,0.5126126126126126,269.8789852260948,470.0,0.0,0.0,0.0,0.0,3
694.0,3.0,0.1997007847169585,0.0,0.0,0.0,0.0,0.0,54.0,3.0,0.5718327393953102,0.0,0.0,59.16666666666666,0.0,0.0,0.0,0.0,8.0,34.0,4.0,16,1,0.5126126126126126,250.3277851138384,484.0,19.425069712447133,11.0,0.0,0.0,2
682.0,2.0,0.2469889092742831,0.0,0.0,0.0,0.0,0.0,78.0,3.0,0.4471145876284657,0.0,0.0,55.0,0.0,0.0,0.0,0.0,8.0,120.0,4.0,17,1,0.5126126126126126,7.483314773548972,692.0,2.000000000024411,1.0,0.0,0.0,2
692.0,2.0,0.674842156743712,0.0,0.0,0.0,0.0,0.0,14.0,4.0,1.1537419426970903,0.0,0.0,50.5,0.0,0.0,0.0,0.0,4.0,46.0,4.0,18,1,0.5126126126126126,6.633249580712028,691.0,0.0,0.0,0.0,0.0,2
698.0,6.0,0.9972931792217044,0.0,0.0,0.0,0.0,0.0,38.0,5.0,1.369854489517489,0.0,0.0,45.833333333333336,0.0,0.0,0.0,0.0,6.0,124.0,6.0,19,1,0.5126126126126126,4.898979485568031,698.0,0.0,0.0,0.0,0.0,2
708.0,1.0,-1.000088900581841e-12,0.0,0.0,0.0,0.0,0.0,44.0,4.0,0.6631794532065498,0.0,0.0,40.16666666666666,0.0,0.0,0.0,0.0,0.0,0.0,0.0,20,1,0.5126126126126126,4.898979485568031,702.0,0.0,0.0,0.0,0.0,3
710.0,3.0,0.8152928716600079,0.0,0.0,0.0,0.0,0.0,768.0,4.0,0.12715653492151,0.0,0.0,34.785714285714285,0.0,0.0,0.0,0.0,14.0,338.0,8.0,21,0,0.5126126126126126,6.218252702060523,707.0,0.0,0.0,0.0,0.0,2
704.0,5.0,0.8208424137415121,0.0,0.0,0.0,0.0,0.0,236.0,3.0,0.3383241480443222,0.0,0.0,29.27272727272728,0.0,0.0,0.0,0.0,10.0,440.0,10.0,22,0,0.5126126126126126,4.320493798940464,710.0,0.0,0.0,0.0,0.0,2
704.0,4.0,0.80870669246454,0.0,0.0,0.0,0.0,0.0,80.0,3.0,0.6719437041222313,0.0,0.0,24.25,0.0,0.0,0.0,0.0,10.0,76.0,10.0,23,0,0.5126126126126126,4.725815626254335,707.5,0.0,0.0,0.0,0.0,2
710.0,4.0,0.7939597161893218,0.0,0.0,0.0,0.0,0.0,8.0,2.0,0.6931471805579453,0.0,4.0,18.566666666666663,0.0,0.0,0.0,0.0,0.0,3302.0,0.0,0,0,0.5126126126126126,3.415650255322257,708.5,0.0,0.0,0.0,0.0,3
706.0,1.0,-1.000088900581841e-12,0.0,0.0,0.0,0.0,0.0,26.0,2.0,0.2711893730398441,0.0,0.0,69.53333333333333,0.0,0.0,0.0,0.0,0.0,0.0,0.0,1,0,0.5126126126126126,3.4156502553222654,710.5,0.0,0.0,0.0,0.0,3
0.0,0.0,0.0,0.0,0.0,0.0,0.0,0.0,14.0,5.0,1.5498260458732018,0.0,0.0,89.66666666666667,0.0,0.0,0.0,0.0,4.0,0.0,0.0,2,0,0.5126126126126126,365.036527852579,400.5,0.0,0.0,0.0,0.0,3
0.0,0.0,0.0,0.0,0.0,0.0,0.0,0.0,4.0,1.0,-1.000088900581841e-12,0.0,0.0,100.0,0.0,0.0,0.0,0.0,0.0,0.0,0.0,3,0,0.5126126126126126,91.00000000000004,45.5,0.0,0.0,0.0,0.0,3
0.0,0.0,0.0,0.0,0.0,0.0,0.0,0.0,36.0,2.0,0.2145591551744051,0.0,0.0,100.0,0.0,0.0,0.0,0.0,0.0,0.0,0.0,4,0,0.5126126126126126,0.0,0.0,0.0,0.0,0.0,0.0,3
0.0,0.0,0.0,0.0,0.0,0.0,0.0,0.0,2.0,1.0,-1.000088900581841e-12,0.0,0.0,100.0,0.0,0.0,0.0,0.0,0.0,0.0,0.0,5,0,0.5126126126126126,0.0,0.0,0.0,0.0,0.0,0.0,3
0.0,0.0,0.0,0.0,0.0,0.0,0.0,0.0,2.0,1.0,-1.000088900581841e-12,0.0,0.0,100.0,0.0,0.0,0.0,0.0,0.0,0.0,0.0,6,0,0.5126126126126126,0.0,0.0,0.0,0.0,0.0,0.0,3
0.0,0.0,0.0,0.0,0.0,0.0,0.0,0.0,2.0,1.0,-1.000088900581841e-12,0.0,0.0,100.0,0.0,0.0,0.0,0.0,0.0,0.0,0.0,7,0,0.5126126126126126,0.0,0.0,0.0,0.0,0.0,0.0,3
434.0,3.0,0.7726109042749302,0.0,0.0,0.0,0.0,0.0,12.0,2.0,0.4505612088643047,0.0,0.0,98.3,0.0,0.0,0.0,0.0,12.0,854.0,6.0,8,1,0.5126126126126126,345.705076618785,284.0,0.0,0.0,0.0,0.0,3
716.0,4.0,0.8554800782797936,0.0,0.0,0.0,0.0,0.0,688.0,2.0,0.0759287911965636,0.0,0.0,92.8,0.0,0.0,0.0,0.0,12.0,2748.0,12.0,10,1,0.5126126126126126,249.9833327777408,510.5,0.0,0.0,0.0,0.0,2
646.0,1.0,-1.000088900581841e-12,0.0,0.0,0.0,0.0,0.0,48.0,2.0,0.1732052067471771,0.0,0.0,87.66666666666667,0.0,0.0,0.0,0.0,0.0,0.0,0.0,11,1,0.5126126126126126,251.19978768568524,564.0,38.000000000001286,19.0,0.0,0.0,2
688.0,1.0,-1.000088900581841e-12,0.0,0.0,0.0,0.0,0.0,18.0,2.0,0.3488320958410319,0.0,0.0,83.33333333333333,0.0,0.0,0.0,0.0,0.0,0.0,0.0,12,1,0.5126126126126126,77.62087348130015,642.5,66.7607669218988,53.5,0.0,0.0,3
460.0,2.0,0.1651707079148938,0.0,0.0,0.0,0.0,0.0,12.0,3.0,1.0114042647043515,0.0,0.0,82.16666666666667,0.0,0.0,0.0,0.0,32.0,72.0,12.0,13,1,0.5126126126126126,99.48366700117164,545.5,69.00000000000071,34.5,0.0,0.0,3
716.0,5.0,1.2958093363202494,0.0,0.0,0.0,0.0,0.0,92.0,4.0,0.7889103739548232,0.0,0.0,74.5925925925926,0.0,0.0,0.0,0.0,24.0,6108.0,6.0,14,1,0.5126126126126126,130.25487834754344,592.5,0.0,0.0,0.0,0.0,3
560.0,8.0,1.1856750828381346,0.0,0.0,0.0,0.0,0.0,104.0,5.0,0.6989557350304718,0.0,0.0,66.95454545454545,0.0,0.0,0.0,0.0,0.0,4216.0,0.0,15,1,0.5126126126126126,75.2661942707349,671.5,0.0,0.0,0.0,0.0,3
170.0,3.0,0.9918125410744671,0.0,0.0,0.0,0.0,0.0,66.0,5.0,0.9592950803186108,0.0,0.0,60.4,0.0,0.0,0.0,0.0,0.0,1400.0,0.0,16,1,0.5126126126126126,258.1704863070138,541.0,0.0,0.0,0.0,0.0,3
622.0,1.0,-1.000088900581841e-12,0.0,0.0,0.0,0.0,0.0,18.0,2.0,0.3488320958410319,0.0,0.0,57.333333333333336,0.0,0.0,0.0,0.0,0.0,0.0,0.0,17,1,0.5126126126126126,237.8711135608245,515.0,0.0,0.0,0.0,0.0,3
300.0,3.0,0.0800525173126622,0.0,0.0,0.0,0.0,0.0,20.0,4.0,1.366158847565202,0.0,0.0,55.0,0.0,0.0,0.0,0.0,4.0,782.0,4.0,18,1,0.5126126126126126,323.48261158832014,407.5,0.0,0.0,0.0,0.0,3
710.0,2.0,0.5568543610231105,0.0,0.0,0.0,0.0,0.0,74.0,4.0,0.7612266298998479,0.0,0.0,48.16666666666666,0.0,0.0,0.0,0.0,6.0,106.0,6.0,20,1,0.5126126126126126,207.01932276963907,399.5,0.0,0.0,0.0,0.0,3
706.0,1.0,-1.000088900581841e-12,0.0,0.0,0.0,0.0,0.0,26.0,3.0,0.8587409130032867,0.0,0.0,45.66666666666666,0.0,0.0,2.0,0.0,10.0,0.0,0.0,21,0,0.5126126126126126,207.0064411236198,604.5,0.0,0.0,0.0,0.0,3
718.0,3.0,0.5024954450289469,0.0,0.0,0.0,0.0,0.0,598.0,5.0,0.1956265710991997,0.0,0.0,40.66666666666666,0.0,0.0,0.0,0.0,0.0,5408.0,0.0,22,0,0.5126126126126126,148.42618816547616,636.5,0.0,0.0,0.0,0.0,2
716.0,4.0,0.9378318659956678,0.0,0.0,0.0,0.0,0.0,250.0,2.0,0.1416270696068193,0.0,0.0,33.125,0.0,0.0,0.0,0.0,8.0,3612.0,6.0,23,0,0.5126126126126126,266.51016240786515,503.5,0.0,0.0,0.0,0.0,2
698.0,9.0,1.5850395681497904,0.0,0.0,0.0,0.0,0.0,96.0,4.0,0.7662707856887063,0.0,12.0,33.41379310344828,0.0,0.0,0.0,0.0,12.0,5002.0,6.0,0,0,0.5126126126126126,271.4430572575643,573.0,0.0,0.0,0.0,0.0,2
466.0,1.0,-1.000088900581841e-12,0.0,0.0,0.0,0.0,0.0,6.0,3.0,1.0986122886651095,0.0,0.0,84.63333333333334,0.0,0.0,0.0,0.0,12.0,0.0,0.0,1,0,0.5126126126126126,119.80400661079749,645.5,0.0,0.0,0.0,0.0,3
0.0,0.0,0.0,0.0,0.0,0.0,0.0,0.0,2.0,1.0,-1.000088900581841e-12,0.0,0.0,100.0,0.0,0.0,0.0,0.0,0.0,0.0,0.0,2,0,0.5126126126126126,352.2290921166697,293.0,0.0,0.0,0.0,0.0,3
0.0,0.0,0.0,0.0,0.0,0.0,0.0,0.0,2.0,1.0,-1.000088900581841e-12,0.0,0.0,100.0,0.0,0.0,0.0,0.0,0.0,0.0,0.0,3,0,0.5126126126126126,0.0,0.0,0.0,0.0,0.0,0.0,3
0.0,0.0,0.0,0.0,0.0,0.0,0.0,0.0,2.0,1.0,-1.000088900581841e-12,0.0,0.0,100.0,0.0,0.0,0.0,0.0,0.0,0.0,0.0,4,0,0.5126126126126126,0.0,0.0,0.0,0.0,0.0,0.0,3
0.0,0.0,0.0,0.0,0.0,0.0,0.0,0.0,2.0,1.0,-1.000088900581841e-12,0.0,0.0,100.0,0.0,0.0,0.0,0.0,0.0,0.0,0.0,5,0,0.5126126126126126,0.0,0.0,0.0,0.0,0.0,0.0,3
0.0,0.0,0.0,0.0,0.0,0.0,0.0,0.0,2.0,1.0,-1.000088900581841e-12,0.0,0.0,100.0,0.0,0.0,0.0,0.0,0.0,0.0,0.0,6,0,0.5126126126126126,0.0,0.0,0.0,0.0,0.0,0.0,3
716.0,4.0,0.9778495330255496,0.0,0.0,0.0,0.0,0.0,16.0,5.0,1.559581156254877,0.0,0.0,98.16666666666669,0.0,0.0,0.0,0.0,60.0,1798.0,6.0,7,0,0.5126126126126126,358.00000000000006,179.0,0.0,0.0,0.0,0.0,2
372.0,5.0,0.417479540460123,0.0,0.0,0.0,0.0,0.0,2.0,1.0,-1.000088900581841e-12,0.0,0.0,90.1875,0.0,0.0,0.0,0.0,0.0,814.0,0.0,8,1,0.5126126126126126,339.55853692699293,449.0,0.0,0.0,0.0,0.0,3
410.0,3.0,0.6953065765143375,0.0,0.0,0.0,0.0,0.0,94.0,7.0,1.033702770064154,0.0,0.0,76.0,0.0,0.0,0.0,0.0,8.0,2160.0,4.0,12,1,0.5126126126126126,29.45618214682091,411.5,0.0,0.0,0.0,0.0,3
706.0,1.0,-1.000088900581841e-12,0.0,0.0,0.0,0.0,0.0,104.0,4.0,0.7303485769620337,0.0,0.0,70.33333333333333,0.0,0.0,0.0,0.0,12.0,2.0,8.0,13,1,0.5126126126126126,168.66534913846417,562.0,0.0,0.0,0.0,0.0,3
698.0,4.0,0.9012401449499234,0.0,54.0,0.0,0.0,0.0,694.0,7.0,0.3959069666612695,0.0,0.0,65.15384615384616,0.0,0.0,0.0,0.0,8.0,1866.0,6.0,14,1,0.5126126126126126,5.259911279355011,705.5,27.0000000000018,13.5,0.0,0.0,2
704.0,5.0,0.9484345699632476,0.0,190.0,0.0,0.0,0.0,532.0,3.0,0.5711370507421956,0.0,0.0,51.6551724137931,0.0,0.0,0.0,0.0,0.0,2236.0,0.0,15,1,0.5126126126126126,7.549834435272036,706.5,84.16452142480681,94.5,0.0,0.0,3
710.0,1.0,-1.000088900581841e-12,0.0,0.0,0.0,0.0,0.0,62.0,3.0,0.2839362667528641,0.0,0.0,34.833333333333336,0.0,0.0,0.0,0.0,0.0,0.0,0.0,18,1,0.5126126126126126,332.3472080019128,475.0,0.0,0.0,0.0,0.0,2
704.0,1.0,-1.000088900581841e-12,0.0,0.0,0.0,0.0,0.0,44.0,2.0,0.1849073991657757,0.0,0.0,30.166666666666668,0.0,0.0,0.0,0.0,2.0,0.0,0.0,19,1,0.5126126126126126,10.87811258138722,703.5,0.0,0.0,0.0,0.0,2
710.0,1.0,-1.000088900581841e-12,0.0,0.0,0.0,0.0,0.0,12.0,2.0,0.4505612088643047,0.0,0.0,23.33333333333333,0.0,0.0,0.0,0.0,0.0,0.0,0.0,20,1,0.5126126126126126,9.66091783079304,702.0,0.0,0.0,0.0,0.0,2
714.0,3.0,0.7098622080744388,0.0,0.0,0.0,0.0,0.0,820.0,7.0,0.1820787193073178,0.0,0.0,56.46666666666667,0.0,0.0,2.0,0.0,0.0,4712.0,0.0,21,0,0.5126126126126126,3.4156502553201213,709.5,0.0,0.0,0.0,0.0,3
718.0,2.0,0.0483051822207435,0.0,0.0,0.0,0.0,0.0,34.0,2.0,0.6492483548688981,0.0,0.0,59.73333333333333,0.0,0.0,0.0,0.0,0.0,72.0,0.0,22,0,0.5126126126126126,4.123105625617881,713.5,0.0,0.0,0.0,0.0,1
718.0,4.0,0.2984633467858254,0.0,0.0,0.0,0.0,0.0,14.0,2.0,0.410116318286409,0.0,0.0,32.7,0.0,0.0,0.0,0.0,0.0,124.0,0.0,23,0,0.5126126126126126,2.5166114784239144,717.5,0.0,0.0,0.0,0.0,1
704.0,1.0,-1.000088900581841e-12,0.0,0.0,0.0,0.0,0.0,2.0,1.0,-1.000088900581841e-12,0.0,0.0,53.8,0.0,0.0,0.0,0.0,0.0,0.0,0.0,0,0,0.5126126126126126,7.724420150837758,712.5,0.0,0.0,0.0,0.0,3
0.0,0.0,0.0,0.0,0.0,0.0,0.0,0.0,6.0,2.0,0.6365141682928128,0.0,0.0,83.6,0.0,0.0,0.0,0.0,0.0,0.0,0.0,1,0,0.5126126126126126,342.92856398964494,512.0,0.0,0.0,0.0,0.0,3
0.0,0.0,0.0,0.0,0.0,0.0,0.0,0.0,6.0,2.0,0.6365141682928128,0.0,0.0,100.0,0.0,0.0,0.0,0.0,0.0,0.0,0.0,2,0,0.5126126126126126,318.0,159.0,0.0,0.0,0.0,0.0,3
0.0,0.0,0.0,0.0,0.0,0.0,0.0,0.0,2.0,1.0,-1.000088900581841e-12,0.0,0.0,100.0,0.0,0.0,0.0,0.0,0.0,0.0,0.0,3,0,0.5126126126126126,0.0,0.0,0.0,0.0,0.0,0.0,3
0.0,0.0,0.0,0.0,0.0,0.0,0.0,0.0,4.0,1.0,-1.000088900581841e-12,0.0,0.0,100.0,0.0,0.0,0.0,0.0,0.0,0.0,0.0,4,0,0.5126126126126126,0.0,0.0,0.0,0.0,0.0,0.0,3
0.0,0.0,0.0,0.0,0.0,0.0,0.0,0.0,4.0,1.0,-1.000088900581841e-12,0.0,0.0,100.0,0.0,0.0,0.0,0.0,0.0,0.0,0.0,5,0,0.5126126126126126,0.0,0.0,0.0,0.0,0.0,0.0,3
0.0,0.0,0.0,0.0,0.0,0.0,0.0,0.0,6.0,2.0,0.6365141682928128,0.0,0.0,100.0,0.0,0.0,0.0,0.0,0.0,0.0,0.0,6,0,0.5126126126126126,0.0,0.0,0.0,0.0,0.0,0.0,3
706.0,1.0,-1.000088900581841e-12,0.0,0.0,0.0,0.0,0.0,2.0,1.0,-1.000088900581841e-12,0.0,0.0,100.0,0.0,0.0,0.0,0.0,0.0,0.0,0.0,7,0,0.5126126126126126,337.8850889479045,264.5,0.0,0.0,0.0,0.0,3
0.0,0.0,0.0,0.0,0.0,0.0,0.0,0.0,12.0,3.0,1.0114042647043515,0.0,0.0,100.0,0.0,0.0,0.0,0.0,0.0,0.0,0.0,8,1,0.5126126126126126,288.22849731882286,353.5,0.0,0.0,0.0,0.0,2
710.0,4.0,0.92396575059756,0.0,0.0,0.0,0.0,0.0,86.0,4.0,0.7629355672209618,0.0,0.0,96.33333333333331,0.0,2.0,0.0,2.0,16.0,298.0,8.0,9,1,0.5126126126126126,310.8627778725956,411.5,0.0,0.0,0.0,0.0,2
706.0,5.0,0.6759762858909087,0.0,0.0,0.0,0.0,0.0,22.0,3.0,1.0361987848162837,0.0,0.0,93.33333333333331,0.0,0.0,0.0,0.0,6.0,70.0,2.0,10,1,0.5126126126126126,62.278942401638986,673.0,0.0,0.0,0.0,0.0,2
706.0,3.0,0.3732054343464812,0.0,0.0,0.0,0.0,0.0,378.0,6.0,0.3728410257330402,0.0,0.0,89.25,0.0,0.0,0.0,0.0,14.0,820.0,10.0,11,1,0.5126126126126126,4.9999999999999964,703.5,0.0,0.0,0.0,0.0,2
450.0,1.0,-1.000088900581841e-12,0.0,0.0,0.0,0.0,0.0,0.0,0.0,0.0,0.0,0.0,75.5,0.0,0.0,0.0,0.0,0.0,0.0,0.0,13,1,0.5126126126126126,121.56205548333466,631.0,112.22596253392868,78.0,0.0,0.0,2
676.0,2.0,0.5734279394465698,0.0,0.0,0.0,0.0,0.0,282.0,4.0,0.1585210166183314,0.0,0.0,68.66666666666667,0.0,0.0,0.0,0.0,24.0,3594.0,6.0,14,1,0.5126126126126126,115.61430130683084,577.0,0.0,0.0,0.0,0.0,2
702.0,4.0,0.923079712584324,0.0,0.0,0.0,0.0,0.0,178.0,6.0,0.7164143032184023,0.0,0.0,60.77777777777778,0.0,0.0,0.0,0.0,64.0,746.0,36.0,15,1,0.5126126126126126,95.54580053565935,649.5,0.0,0.0,0.0,0.0,2
706.0,3.0,0.4320111250369478,0.0,0.0,0.0,0.0,0.0,50.0,3.0,0.4433066914650871,0.0,0.0,49.16666666666666,0.0,0.0,0.0,0.0,8.0,38.0,4.0,16,1,0.5126126126126126,4.89897948556706,708.0,0.0,0.0,0.0,0.0,3
710.0,7.0,0.8565727790622121,0.0,0.0,0.0,0.0,0.0,90.0,3.0,0.7802638808910862,0.0,0.0,42.875,0.0,0.0,0.0,0.0,96.0,1746.0,60.0,17,1,0.5126126126126126,2.581988897472954,709.0,0.0,0.0,0.0,0.0,2
702.0,4.0,0.8991859967728094,0.0,0.0,0.0,0.0,0.0,48.0,5.0,1.184691059842338,0.0,0.0,37.66666666666666,0.0,0.0,0.0,0.0,40.0,140.0,24.0,18,1,0.5126126126126126,9.000000000000384,702.5,0.0,0.0,0.0,0.0,4
644.0,2.0,0.6313727800616019,0.0,0.0,0.0,0.0,0.0,44.0,7.0,1.6187645722518205,0.0,0.0,56.18181818181818,0.0,0.0,0.0,0.0,16.0,38.0,4.0,20,1,0.5126126126126126,34.34627587769412,689.5,198.2078034118068,168.5,0.0,0.0,3
692.0,7.0,1.560508921815608,0.0,0.0,0.0,0.0,0.0,98.0,5.0,0.9764601451468252,0.0,0.0,54.294117647058826,0.0,0.0,0.0,0.0,40.0,2298.0,14.0,21,0,0.5126126126126126,21.62560211107828,669.5,12.00000000000404,6.0,0.0,0.0,2
552.0,1.0,-1.000088900581841e-12,0.0,0.0,0.0,0.0,0.0,14.0,2.0,0.410116318286409,0.0,0.0,50.5,8.0,0.0,0.0,0.0,0.0,0.0,0.0,22,0,0.5126126126126126,60.07772743149778,637.0,0.0,0.0,0.0,0.0,3
0.0,0.0,0.0,0.0,0.0,0.0,0.0,0.0,8.0,3.0,1.039720770836918,0.0,0.0,47.66666666666666,6.0,0.0,0.0,0.0,0.0,0.0,0.0,23,0,0.5126126126126126,347.29238402245454,299.0,0.0,0.0,0.0,0.0,3
694.0,5.0,1.079371868462356,0.0,0.0,0.0,0.0,0.0,40.0,11.0,2.2934125894743578,0.0,10.0,76.43333333333334,0.0,0.0,0.0,0.0,10.0,3482.0,6.0,0,0,0.5126126126126126,344.62491687823933,285.5,0.0,0.0,0.0,0.0,3
418.0,1.0,-1.000088900581841e-12,0.0,0.0,0.0,0.0,0.0,2.0,1.0,-1.000088900581841e-12,0.0,0.0,100.0,0.0,0.0,0.0,0.0,0.0,0.0,0.0,1,0,0.5126126126126126,146.19165502859607,559.0,0.0,0.0,0.0,0.0,3
0.0,0.0,0.0,0.0,0.0,0.0,0.0,0.0,4.0,2.0,0.6931471805579453,0.0,0.0,100.0,0.0,0.0,0.0,0.0,0.0,0.0,0.0,2,0,0.5126126126126126,332.9119002579112,273.5,0.0,0.0,0.0,0.0,3
0.0,0.0,0.0,0.0,0.0,0.0,0.0,0.0,10.0,3.0,0.9502705392302344,0.0,0.0,100.0,0.0,0.0,0.0,0.0,0.0,0.0,0.0,3,0,0.5126126126126126,0.0,0.0,0.0,0.0,0.0,0.0,3
0.0,0.0,0.0,0.0,0.0,0.0,0.0,0.0,2.0,1.0,-1.000088900581841e-12,0.0,0.0,100.0,0.0,0.0,0.0,0.0,0.0,0.0,0.0,4,0,0.5126126126126126,0.0,0.0,0.0,0.0,0.0,0.0,3
0.0,0.0,0.0,0.0,0.0,0.0,0.0,0.0,4.0,2.0,0.6931471805579453,0.0,0.0,100.0,0.0,0.0,0.0,0.0,20.0,0.0,0.0,5,0,0.5126126126126126,0.0,0.0,0.0,0.0,0.0,0.0,3
0.0,0.0,0.0,0.0,0.0,0.0,0.0,0.0,4.0,2.0,0.6931471805579453,0.0,0.0,100.0,0.0,0.0,0.0,0.0,0.0,0.0,0.0,6,0,0.5126126126126126,0.0,0.0,0.0,0.0,0.0,0.0,3
710.0,3.0,0.6138975867317156,0.0,0.0,0.0,0.0,0.0,14.0,5.0,1.5498260458732018,0.0,0.0,99.5,0.0,0.0,0.0,0.0,50.0,952.0,4.0,7,0,0.5126126126126126,355.00000000000006,177.5,0.0,0.0,0.0,0.0,3
684.0,4.0,0.6968664166287366,0.0,0.0,0.0,0.0,0.0,44.0,6.0,1.617950705646769,0.0,0.0,91.56521739130434,0.0,0.0,0.0,0.0,20.0,896.0,10.0,8,1,0.5126126126126126,351.9408094173413,527.5,0.0,0.0,0.0,0.0,3
538.0,7.0,1.575152773029281,0.0,0.0,0.0,0.0,0.0,260.0,8.0,1.1620257902812483,0.0,0.0,83.15789473684211,0.0,0.0,0.0,0.0,24.0,3308.0,10.0,11,1,0.5126126126126126,128.8862547623551,594.5,0.0,0.0,0.0,0.0,3
678.0,3.0,1.023438750315815,0.0,0.0,0.0,0.0,0.0,72.0,5.0,1.0682260525580904,0.0,0.0,72.875,0.0,0.0,0.0,0.0,16.0,1008.0,8.0,13,1,0.5126126126126126,292.9180772844176,395.5,0.0,0.0,0.0,0.0,3
712.0,4.0,1.1528675148781693,0.0,194.0,0.0,0.0,0.0,254.0,6.0,0.9797392277583392,0.0,0.0,66.71428571428571,0.0,0.0,0.0,0.0,14.0,250.0,10.0,14,1,0.5126126126126126,350.34649515396427,525.0,95.16827202382156,51.5,0.0,0.0,3
706.0,6.0,1.2169799956371816,0.0,22.0,0.0,0.0,0.0,74.0,4.0,1.043133813064472,0.0,0.0,60.90909090909091,0.0,0.0,0.0,0.0,8.0,2276.0,6.0,15,1,0.5126126126126126,3.415650255325547,710.5,85.05684373797774,68.0,0.0,0.0,3
678.0,5.0,1.213250425015998,0.0,0.0,0.0,0.0,0.0,116.0,7.0,0.691799461667955,0.0,0.0,52.92307692307692,0.0,0.0,0.0,0.0,2.0,2352.0,4.0,17,1,0.5126126126126126,365.243297907938,376.0,11.00000000000441,5.5,0.0,0.0,3
704.0,3.0,0.7239734994657736,0.0,2.0,0.0,0.0,0.0,18.0,3.0,0.9649629230044278,0.0,0.0,46.85714285714285,0.0,0.0,0.0,0.0,6.0,10.0,4.0,19,1,0.5126126126126126,291.5858935774044,476.5,1.000000000048516,0.5,0.0,0.0,2
704.0,3.0,0.8527289220427878,0.0,0.0,0.0,0.0,0.0,44.0,6.0,1.3730039128712,0.0,0.0,41.0,0.0,0.0,0.0,0.0,12.0,112.0,8.0,20,1,0.5126126126126126,125.12793453102329,637.5,68.67313885355829,35.0,0.0,0.0,3
714.0,4.0,1.2739013269872386,0.0,0.0,0.0,0.0,0.0,334.0,3.0,0.0731973861047982,0.0,2.0,38.73333333333333,0.0,0.0,0.0,0.0,0.0,2626.0,0.0,0,0,0.5126126126126126,312.8593933382855,476.5,0.0,0.0,0.0,0.0,3
594.0,1.0,-1.000088900581841e-12,0.0,0.0,0.0,0.0,0.0,12.0,2.0,0.6365141682928128,0.0,0.0,79.93333333333334,0.0,0.0,0.0,0.0,0.0,0.0,0.0,1,0,0.5126126126126126,57.54997827975298,680.0,0.0,0.0,0.0,0.0,3
0.0,0.0,0.0,0.0,0.0,0.0,0.0,0.0,6.0,2.0,0.6365141682928128,0.0,0.0,100.0,0.0,0.0,0.0,0.0,0.0,0.0,0.0,2,0,0.5126126126126126,379.3995255663877,326.0,0.0,0.0,0.0,0.0,3
0.0,0.0,0.0,0.0,0.0,0.0,0.0,0.0,2.0,1.0,-1.000088900581841e-12,0.0,0.0,100.0,0.0,0.0,0.0,0.0,0.0,0.0,0.0,3,0,0.5126126126126126,0.0,0.0,0.0,0.0,0.0,0.0,3
0.0,0.0,0.0,0.0,0.0,0.0,0.0,0.0,2.0,1.0,-1.000088900581841e-12,0.0,0.0,100.0,0.0,0.0,0.0,0.0,0.0,0.0,0.0,4,0,0.5126126126126126,0.0,0.0,0.0,0.0,0.0,0.0,3
674.0,5.0,1.1644138715180965,0.0,0.0,0.0,0.0,0.0,6.0,2.0,0.6365141682928128,0.0,0.0,100.0,0.0,0.0,0.0,0.0,2.0,1434.0,2.0,5,0,0.5126126126126126,337.00000000000006,168.5,0.0,0.0,0.0,0.0,3
578.0,1.0,-1.000088900581841e-12,0.0,0.0,0.0,0.0,0.0,2.0,1.0,-1.000088900581841e-12,0.0,0.0,100.0,0.0,0.0,0.0,0.0,0.0,0.0,0.0,6,0,0.5126126126126126,332.15458248632774,491.0,0.0,0.0,0.0,0.0,3
714.0,3.0,0.7218073417918255,0.0,0.0,0.0,0.0,0.0,14.0,4.0,1.277034259462139,0.0,0.0,97.83333333333331,0.0,0.0,0.0,0.0,10.0,104.0,4.0,7,0,0.5126126126126126,340.0098037802244,501.0,0.0,0.0,0.0,0.0,3
264.0,6.0,1.3084936761899617,0.0,0.0,0.0,0.0,0.0,46.0,4.0,1.0469221505524215,0.0,0.0,92.375,0.0,0.0,0.0,0.0,8.0,878.0,4.0,8,1,0.5126126126126126,353.4303325975291,423.5,0.0,0.0,0.0,0.0,3
712.0,6.0,1.3468322656821343,0.0,0.0,0.0,0.0,0.0,116.0,4.0,0.6590840485485532,0.0,0.0,88.21428571428571,0.0,0.0,0.0,0.0,2.0,4840.0,2.0,11,1,0.5126126126126126,318.820743783504,445.0,0.0,0.0,0.0,0.0,3
266.0,1.0,-1.000088900581841e-12,0.0,0.0,0.0,0.0,0.0,334.0,6.0,0.7049980186050838,0.0,0.0,81.9,0.0,0.0,0.0,0.0,8.0,2032.0,4.0,14,1,0.5126126126126126,282.193196232652,303.5,0.0,0.0,0.0,0.0,3
682.0,4.0,0.8783066077164007,0.0,0.0,0.0,0.0,0.0,76.0,5.0,0.7129615658749712,0.0,0.0,77.5,0.0,0.0,0.0,0.0,2.0,308.0,2.0,15,1,0.5126126126126126,287.8396544374432,452.5,0.0,0.0,0.0,0.0,3
648.0,1.0,-1.000088900581841e-12,0.0,0.0,0.0,0.0,0.0,0.0,0.0,0.0,0.0,0.0,73.83333333333333,0.0,0.0,0.0,0.0,0.0,0.0,0.0,16,1,0.5126126126126126,27.53785273643133,678.5,0.0,0.0,0.0,0.0,2
712.0,1.0,-1.000088900581841e-12,0.0,0.0,0.0,0.0,0.0,14.0,3.0,0.9556998911095343,0.0,0.0,56.5,0.0,0.0,0.0,0.0,0.0,0.0,0.0,20,1,0.5126126126126126,186.70029459001944,565.5,0.0,0.0,0.0,0.0,2
128.0,3.0,0.2190455821739863,0.0,0.0,0.0,0.0,0.0,2.0,1.0,-1.000088900581841e-12,0.0,0.0,53.0,0.0,0.0,0.0,0.0,2.0,24.0,0.0,21,0,0.5126126126126126,295.7791969245528,462.0,0.0,0.0,0.0,0.0,3
714.0,5.0,1.2563676002464594,0.0,0.0,0.0,0.0,0.0,174.0,3.0,0.440753446053821,0.0,0.0,48.0,0.0,0.0,0.0,0.0,36.0,1670.0,24.0,23,0,0.5126126126126126,316.26729201736947,439.5,0.0,0.0,0.0,0.0,3
708.0,3.0,0.7865142487392074,0.0,0.0,0.0,0.0,0.0,10.0,2.0,0.6730116670072565,0.0,8.0,50.8421052631579,0.0,0.0,0.0,0.0,96.0,1666.0,6.0,0,0,0.5126126126126126,252.34566240245417,584.5,0.0,0.0,0.0,0.0,3
492.0,1.0,-1.000088900581841e-12,0.0,0.0,0.0,0.0,0.0,6.0,3.0,1.0986122886651095,0.0,0.0,92.63333333333334,0.0,0.0,0.0,0.0,8.0,0.0,0.0,1,0,0.5126126126126126,108.67075656925088,655.0,0.0,0.0,0.0,0.0,3
0.0,0.0,0.0,0.0,0.0,0.0,0.0,0.0,52.0,3.0,0.5857831289157343,0.0,0.0,100.0,0.0,0.0,0.0,0.0,0.0,0.0,0.0,2,0,0.5126126126126126,358.219206631917,300.5,0.0,0.0,0.0,0.0,3
0.0,0.0,0.0,0.0,0.0,0.0,0.0,0.0,2.0,1.0,-1.000088900581841e-12,0.0,0.0,100.0,0.0,0.0,0.0,0.0,0.0,0.0,0.0,3,0,0.5126126126126126,0.0,0.0,0.0,0.0,0.0,0.0,3
0.0,0.0,0.0,0.0,0.0,0.0,0.0,0.0,2.0,1.0,-1.000088900581841e-12,0.0,0.0,100.0,0.0,0.0,0.0,0.0,0.0,0.0,0.0,4,0,0.5126126126126126,0.0,0.0,0.0,0.0,0.0,0.0,3
0.0,0.0,0.0,0.0,0.0,0.0,0.0,0.0,2.0,1.0,-1.000088900581841e-12,0.0,0.0,100.0,0.0,0.0,0.0,0.0,0.0,0.0,0.0,5,0,0.5126126126126126,0.0,0.0,0.0,0.0,0.0,0.0,3
0.0,0.0,0.0,0.0,0.0,0.0,0.0,0.0,2.0,1.0,-1.000088900581841e-12,0.0,0.0,100.0,0.0,0.0,0.0,0.0,0.0,0.0,0.0,6,0,0.5126126126126126,0.0,0.0,0.0,0.0,0.0,0.0,3
710.0,7.0,1.5533573089190411,0.0,0.0,0.0,0.0,0.0,32.0,5.0,1.3535913521296064,0.0,0.0,98.28571428571428,0.0,0.0,0.0,0.0,48.0,1044.0,10.0,7,0,0.5126126126126126,355.00000000000006,177.5,0.0,0.0,0.0,0.0,2
688.0,3.0,0.6098307770436366,0.0,0.0,0.0,0.0,0.0,20.0,4.0,1.1682824501725626,0.0,0.0,91.25,0.0,0.0,0.0,0.0,16.0,840.0,4.0,8,1,0.5126126126126126,352.8946962858279,529.0,0.0,0.0,0.0,0.0,3
328.0,1.0,-1.000088900581841e-12,0.0,0.0,0.0,0.0,0.0,6.0,1.0,-1.000088900581841e-12,0.0,0.0,89.0,6.0,0.0,0.0,0.0,0.0,0.0,0.0,9,1,0.5126126126126126,186.7645576655272,607.5,0.0,0.0,0.0,0.0,3
302.0,3.0,0.459553081879107,0.0,0.0,0.0,0.0,0.0,88.0,1.0,-1.000088900581841e-12,0.0,0.0,86.66666666666667,0.0,0.0,0.0,0.0,0.0,2128.0,0.0,10,1,0.5126126126126126,276.5333011893264,337.0,0.0,0.0,0.0,0.0,3
0.0,0.0,0.0,0.0,0.0,0.0,0.0,0.0,8.0,3.0,1.039720770836918,0.0,0.0,0.0,0.0,0.0,0.0,0.0,2.0,0.0,2.0,12,1,0.5126126126126126,176.06438216364683,163.0,0.0,0.0,0.0,0.0,3
712.0,2.0,0.1833494680879324,0.0,0.0,0.0,0.0,0.0,6.0,2.0,0.6365141682928128,0.0,0.0,80.66666666666667,0.0,0.0,0.0,0.0,2.0,62.0,2.0,13,1,0.5126126126126126,330.8695614085205,416.0,12.00000000000404,6.0,0.0,0.0,2
710.0,4.0,0.968619574578929,0.0,0.0,0.0,0.0,0.0,310.0,4.0,0.3362112373887321,0.0,0.0,76.75,0.0,0.0,0.0,0.0,12.0,244.0,8.0,14,1,0.5126126126126126,29.14332399252629,693.0,12.00000000000404,6.0,0.0,0.0,3
702.0,7.0,1.3268259986795392,0.0,0.0,0.0,0.0,0.0,180.0,6.0,0.7768710353225841,0.0,0.0,70.8,0.0,0.0,0.0,0.0,24.0,1480.0,20.0,15,1,0.5126126126126126,4.434711565219527,703.5,0.0,0.0,0.0,0.0,3
714.0,4.0,0.3185267537597559,0.0,0.0,0.0,0.0,0.0,220.0,3.0,0.4317066629106435,0.0,0.0,62.9,0.0,0.0,0.0,0.0,56.0,1416.0,24.0,16,1,0.5126126126126126,7.5498344352724285,708.5,0.0,0.0,0.0,0.0,3
714.0,3.0,0.9351210738338852,0.0,0.0,0.0,0.0,0.0,136.0,4.0,0.6732744656798455,0.0,0.0,56.0625,0.0,8.0,0.0,8.0,130.0,2984.0,36.0,17,1,0.5126126126126126,1.6329931618632436,714.0,0.0,0.0,0.0,0.0,1
698.0,1.0,-1.000088900581841e-12,0.0,0.0,0.0,0.0,0.0,48.0,3.0,0.5442837329664394,0.0,0.0,51.5,0.0,0.0,0.0,0.0,0.0,0.0,0.0,18,1,0.5126126126126126,8.698658900468065,705.5,0.0,0.0,0.0,0.0,2
398.0,2.0,0.078197738917539,0.0,0.0,0.0,0.0,0.0,50.0,3.0,0.4433066914650871,0.0,0.0,48.66666666666666,0.0,8.0,16.0,6.0,20.0,76.0,6.0,19,1,0.5126126126126126,257.34218464915546,490.5,0.0,0.0,0.0,0.0,2
710.0,1.0,-1.000088900581841e-12,0.0,0.0,0.0,0.0,0.0,54.0,4.0,0.5735160760932797,0.0,0.0,45.333333333333336,0.0,0.0,0.0,0.0,10.0,0.0,6.0,20,1,0.5126126126126126,263.804852116105,496.5,0.0,0.0,0.0,0.0,2
700.0,4.0,0.8087608036415075,0.0,0.0,0.0,0.0,0.0,100.0,6.0,0.7820175005732779,0.0,0.0,39.526315789473685,0.0,0.0,0.0,0.0,40.0,3696.0,14.0,21,0,0.5126126126126126,5.416025603093467,708.0,0.0,0.0,0.0,0.0,3
