0.0,0.0,0.0,0.0,0.0,0.0,0.0,0.0,0.0,0.0,0.0,0.0,0.0,20.0,0.0,0.0,0.0,0.0,0.0,0.0,0.0,7,0,0.552739165985282,0.0,0.0,0.0,0.0,0.0,0.0,2
0.0,0.0,0.0,0.0,0.0,0.0,0.0,0.0,4.0,1.0,-1.000088900581841e-12,0.0,0.0,20.0,0.0,0.0,0.0,0.0,0.0,0.0,0.0,7,0,0.552739165985282,0.0,0.0,0.0,0.0,0.0,0.0,2
706.0,2.0,0.0349602416405353,0.0,0.0,0.0,0.0,0.0,14.0,3.0,0.9556998911095343,0.0,0.0,19.33333333333333,0.0,0.0,0.0,0.0,34.0,0.0,6.0,8,1,0.552739165985282,407.6092900478758,235.3333333333333,0.0,0.0,0.0,0.0,2
704.0,1.0,-1.000088900581841e-12,0.0,0.0,0.0,0.0,0.0,10.0,2.0,0.5004024235361879,0.0,0.0,19.0,0.0,0.0,0.0,0.0,0.0,0.0,0.0,8,1,0.552739165985282,407.0327587144144,352.5,0.0,0.0,0.0,0.0,2
186.0,3.0,0.5421350200778047,0.0,0.0,0.0,0.0,0.0,34.0,5.0,1.3180238017056034,0.0,0.0,18.142857142857142,18.0,22.0,0.0,20.0,238.0,504.0,30.0,9,1,0.552739165985282,361.4065116550429,399.0,0.0,0.0,0.0,0.0,2
706.0,2.0,0.6863868340069017,0.0,0.0,0.0,0.0,0.0,220.0,3.0,0.7112321356966316,0.0,0.0,17.555555555555557,0.0,0.0,0.0,0.0,476.0,1678.0,104.0,9,1,0.552739165985282,259.668378257089,575.5,0.0,0.0,0.0,0.0,2
710.0,4.0,0.8460049329089452,0.0,0.0,0.0,0.0,0.0,62.0,3.0,1.0676208772538147,0.0,0.0,16.181818181818183,0.0,0.0,0.0,0.0,204.0,1310.0,26.0,10,1,0.552739165985282,260.3452835498785,576.5,0.0,0.0,0.0,0.0,2
0.0,0.0,0.0,0.0,0.0,0.0,0.0,0.0,0.0,0.0,0.0,0.0,0.0,0.0,0.0,0.0,0.0,0.0,64.0,464.0,10.0,10,1,0.552739165985282,363.10283208296056,400.5,0.0,0.0,0.0,0.0,1
0.0,0.0,0.0,0.0,0.0,0.0,0.0,0.0,0.0,0.0,0.0,0.0,0.0,0.0,0.0,0.0,0.0,0.0,320.0,1892.0,60.0,11,1,0.552739165985282,408.7672524391682,354.0,0.0,0.0,0.0,0.0,1
0.0,0.0,0.0,0.0,0.0,0.0,0.0,0.0,0.0,0.0,0.0,0.0,0.0,0.0,0.0,0.0,0.0,0.0,224.0,234.0,38.0,11,1,0.552739165985282,355.0,177.5,0.0,0.0,0.0,0.0,1
290.0,4.0,1.22121828809842,0.0,0.0,0.0,0.0,0.0,36.0,4.0,1.190660675645706,0.0,0.0,11.0,0.0,0.0,0.0,0.0,390.0,3120.0,64.0,12,1,0.552739165985282,144.99999999999994,72.5,0.0,0.0,0.0,0.0,1
708.0,9.0,1.725189336811166,0.0,0.0,0.0,0.0,0.0,132.0,4.0,0.7850006872488149,0.0,0.0,7.625,0.0,0.0,0.0,0.0,306.0,1080.0,60.0,13,1,0.552739165985282,346.48136073003025,427.0,0.0,0.0,0.0,0.0,2
702.0,3.0,0.3638068283653162,0.0,0.0,0.0,0.0,0.0,88.0,3.0,0.9658066249040488,0.0,34.0,13.238095238095235,0.0,0.0,0.0,0.0,170.0,990.0,16.0,13,1,0.552739165985282,208.36106482098168,602.5,0.0,0.0,0.0,0.0,2
698.0,2.0,0.0982620565305184,0.0,0.0,0.0,0.0,0.0,322.0,5.0,1.1902178520484883,0.0,0.0,35.56666666666667,0.0,0.0,0.0,0.0,144.0,152.0,10.0,14,1,0.552739165985282,5.507570547285801,704.5,0.0,0.0,0.0,0.0,1
696.0,2.0,0.2434106659117412,0.0,0.0,0.0,0.0,0.0,258.0,4.0,1.1207432238032564,0.0,0.0,61.73333333333333,0.0,0.0,0.0,0.0,72.0,88.0,12.0,14,1,0.552739165985282,5.291502622128856,701.0,0.0,0.0,0.0,0.0,2
706.0,2.0,0.0489823885595826,0.0,0.0,0.0,0.0,0.0,126.0,4.0,1.1505371823469956,0.0,0.0,85.16666666666667,0.0,0.0,0.0,0.0,36.0,58.0,14.0,15,1,0.552739165985282,4.4347115652163,700.5,0.0,0.0,0.0,0.0,2
708.0,1.0,-1.000088900581841e-12,0.0,0.0,0.0,0.0,0.0,16.0,1.0,-1.000088900581841e-12,0.0,0.0,98.06666666666666,0.0,0.0,0.0,0.0,36.0,0.0,0.0,15,1,0.552739165985282,5.887840577551604,702.0,0.0,0.0,0.0,0.0,2
706.0,3.0,0.1700016701552331,0.0,0.0,0.0,0.0,0.0,72.0,4.0,0.8928007332484436,0.0,0.0,100.0,0.0,0.0,0.0,0.0,36.0,174.0,14.0,16,1,0.552739165985282,5.416025603090313,704.0,0.0,0.0,0.0,0.0,2
704.0,2.0,0.0863062523422877,0.0,0.0,0.0,0.0,0.0,10.0,3.0,1.054920167983144,0.0,0.0,100.0,0.0,0.0,0.0,0.0,36.0,136.0,12.0,16,1,0.552739165985282,1.6329931618543905,706.0,0.0,0.0,0.0,0.0,2
704.0,2.0,0.1934653943166854,0.0,0.0,0.0,0.0,0.0,10.0,2.0,0.5004024235361879,0.0,0.0,100.0,0.0,0.0,0.0,0.0,0.0,448.0,0.0,17,1,0.552739165985282,1.9148542155117707,705.5,0.0,0.0,0.0,0.0,2
706.0,8.0,1.129896922849416,0.0,0.0,0.0,0.0,0.0,100.0,4.0,1.2040069190064948,0.0,0.0,100.0,0.0,0.0,0.0,0.0,216.0,416.0,34.0,17,1,0.552739165985282,1.1547005383777418,705.0,0.0,0.0,0.0,0.0,2
700.0,1.0,-1.000088900581841e-12,0.0,0.0,0.0,0.0,0.0,72.0,1.0,-1.000088900581841e-12,0.0,0.0,99.5,0.0,0.0,0.0,0.0,0.0,0.0,0.0,18,1,0.552739165985282,2.5166114784228792,703.5,0.0,0.0,0.0,0.0,1
482.0,1.0,-1.000088900581841e-12,0.0,0.0,0.0,0.0,0.0,16.0,1.0,-1.000088900581841e-12,0.0,0.0,99.0,26.0,0.0,0.0,0.0,0.0,0.0,0.0,18,1,0.552739165985282,110.69477554669568,648.0,0.0,0.0,0.0,0.0,1
248.0,3.0,0.1891454920153307,0.0,0.0,0.0,0.0,0.0,36.0,2.0,0.3488320958410319,0.0,0.0,99.0,0.0,0.0,0.0,0.0,216.0,56.0,6.0,19,1,0.552739165985282,217.28629347782925,534.0,0.0,0.0,0.0,0.0,1
704.0,4.0,0.2897700998657946,0.0,0.0,0.0,0.0,0.0,38.0,5.0,1.426459769742027,0.0,0.0,98.83333333333331,0.0,0.0,0.0,0.0,36.0,166.0,4.0,19,1,0.552739165985282,216.76023620581336,533.5,0.0,0.0,0.0,0.0,2
710.0,7.0,0.9303460259761837,0.0,0.0,0.0,0.0,0.0,64.0,2.0,0.3767701612544368,0.0,0.0,97.3076923076923,0.0,0.0,0.0,0.0,72.0,2360.0,10.0,20,1,0.552739165985282,219.3627133311402,536.0,0.0,0.0,0.0,0.0,2
704.0,2.0,0.0621776517154248,0.0,0.0,0.0,0.0,0.0,128.0,3.0,0.4470620543307878,0.0,0.0,96.66666666666669,0.0,0.0,0.0,0.0,144.0,24.0,24.0,20,1,0.552739165985282,229.01746658279143,591.5,0.0,0.0,0.0,0.0,1
704.0,2.0,0.6708837096833877,0.0,0.0,0.0,0.0,0.0,90.0,3.0,0.7572127856442967,0.0,0.0,96.0,0.0,0.0,0.0,0.0,288.0,1252.0,44.0,21,0,0.552739165985282,3.0,705.5,0.0,0.0,0.0,0.0,1
710.0,3.0,0.9563807483595804,0.0,0.0,0.0,0.0,0.0,94.0,2.0,0.4208593206879597,0.0,0.0,95.33333333333331,0.0,0.0,0.0,0.0,144.0,2940.0,28.0,21,0,0.552739165985282,3.4641016151377544,707.0,0.0,0.0,0.0,0.0,2
710.0,5.0,0.9797561413771336,0.0,0.0,0.0,0.0,0.0,50.0,4.0,1.1849533573387234,0.0,0.0,94.0,0.0,0.0,0.0,0.0,396.0,1020.0,48.0,22,0,0.552739165985282,3.4641016151377544,707.0,0.0,0.0,0.0,0.0,2
708.0,4.0,0.9941251563301312,0.0,0.0,0.0,0.0,0.0,112.0,2.0,0.5982695885832573,0.0,0.0,93.45454545454544,0.0,0.0,0.0,0.0,396.0,3054.0,68.0,22,0,0.552739165985282,2.8284271247461903,708.0,0.0,0.0,0.0,0.0,1
710.0,9.0,1.220491494868981,0.0,0.0,0.0,0.0,0.0,90.0,4.0,0.8814441950854481,0.0,0.0,92.2,0.0,0.0,0.0,0.0,324.0,3028.0,56.0,23,0,0.552739165985282,0.9999999999999716,709.5,0.0,0.0,0.0,0.0,2
714.0,6.0,1.2192687138932317,0.0,0.0,0.0,0.0,0.0,62.0,2.0,0.3179367802602418,0.0,0.0,90.82352941176472,0.0,0.0,0.0,0.0,108.0,3116.0,22.0,23,0,0.552739165985282,2.5166114784235645,710.5,0.0,0.0,0.0,0.0,2
716.0,5.0,1.0253422334297102,0.0,0.0,0.0,0.0,0.0,58.0,3.0,0.5757295142774426,0.0,0.0,88.95238095238095,0.0,0.0,24.0,0.0,36.0,2948.0,8.0,0,0,0.552739165985282,3.6514837167011023,712.0,0.0,0.0,0.0,0.0,2
716.0,1.0,-1.000088900581841e-12,0.0,0.0,0.0,0.0,0.0,0.0,0.0,0.0,0.0,0.0,88.0,0.0,0.0,0.0,0.0,0.0,0.0,0.0,0,0,0.552739165985282,2.82842712474617,714.0,0.0,0.0,0.0,0.0,2
450.0,1.0,-1.000088900581841e-12,0.0,0.0,0.0,0.0,0.0,0.0,0.0,0.0,0.0,0.0,87.33333333333333,28.0,0.0,0.0,0.0,0.0,0.0,0.0,1,0,0.552739165985282,132.67001670812186,649.0,0.0,0.0,0.0,0.0,2
0.0,0.0,0.0,0.0,0.0,0.0,0.0,0.0,0.0,0.0,0.0,0.0,0.0,87.0,0.0,0.0,0.0,0.0,0.0,0.0,0.0,1,0,0.552739165985282,337.8022103736643,470.5,0.0,0.0,0.0,0.0,2
0.0,0.0,0.0,0.0,0.0,0.0,0.0,0.0,0.0,0.0,0.0,0.0,0.0,87.0,20.0,0.0,0.0,0.0,0.0,0.0,0.0,2,0,0.552739165985282,353.67923320432607,291.5,0.0,0.0,0.0,0.0,2
0.0,0.0,0.0,0.0,0.0,0.0,0.0,0.0,0.0,0.0,0.0,0.0,0.0,86.16666666666667,0.0,0.0,0.0,0.0,0.0,0.0,0.0,2,0,0.552739165985282,225.00000000000009,112.5,0.0,0.0,0.0,0.0,2
0.0,0.0,0.0,0.0,0.0,0.0,0.0,0.0,0.0,0.0,0.0,0.0,0.0,86.0,0.0,0.0,0.0,0.0,0.0,0.0,0.0,3,0,0.552739165985282,0.0,0.0,0.0,0.0,0.0,0.0,2
0.0,0.0,0.0,0.0,0.0,0.0,0.0,0.0,0.0,0.0,0.0,0.0,0.0,86.0,0.0,0.0,0.0,0.0,0.0,0.0,0.0,3,0,0.552739165985282,0.0,0.0,0.0,0.0,0.0,0.0,2
0.0,0.0,0.0,0.0,0.0,0.0,0.0,0.0,0.0,0.0,0.0,0.0,0.0,86.0,24.0,0.0,0.0,0.0,0.0,0.0,0.0,4,0,0.552739165985282,0.0,0.0,0.0,0.0,0.0,0.0,2
0.0,0.0,0.0,0.0,0.0,0.0,0.0,0.0,0.0,0.0,0.0,0.0,0.0,85.0,0.0,0.0,0.0,0.0,0.0,0.0,0.0,4,0,0.552739165985282,0.0,0.0,0.0,0.0,0.0,0.0,2
0.0,0.0,0.0,0.0,0.0,0.0,0.0,0.0,0.0,0.0,0.0,0.0,0.0,85.0,0.0,0.0,0.0,0.0,0.0,0.0,0.0,5,0,0.552739165985282,0.0,0.0,0.0,0.0,0.0,0.0,2
0.0,0.0,0.0,0.0,0.0,0.0,0.0,0.0,0.0,0.0,0.0,0.0,0.0,85.0,0.0,0.0,0.0,0.0,0.0,0.0,0.0,5,0,0.552739165985282,0.0,0.0,0.0,0.0,0.0,0.0,2
0.0,0.0,0.0,0.0,0.0,0.0,0.0,0.0,0.0,0.0,0.0,0.0,0.0,85.0,0.0,0.0,0.0,0.0,36.0,0.0,0.0,6,0,0.552739165985282,0.0,0.0,0.0,0.0,0.0,0.0,2
0.0,0.0,0.0,0.0,0.0,0.0,0.0,0.0,0.0,0.0,0.0,0.0,0.0,84.33333333333333,0.0,0.0,0.0,0.0,0.0,0.0,0.0,6,0,0.552739165985282,0.0,0.0,0.0,0.0,0.0,0.0,2
0.0,0.0,0.0,0.0,0.0,0.0,0.0,0.0,0.0,0.0,0.0,0.0,0.0,84.0,0.0,0.0,0.0,0.0,0.0,0.0,0.0,7,0,0.552739165985282,0.0,0.0,0.0,0.0,0.0,0.0,2
0.0,0.0,0.0,0.0,0.0,0.0,0.0,0.0,4.0,1.0,-1.000088900581841e-12,0.0,0.0,84.0,0.0,0.0,0.0,0.0,0.0,0.0,0.0,7,0,0.552739165985282,0.0,0.0,0.0,0.0,0.0,0.0,2
702.0,3.0,0.1883057892875601,0.0,0.0,0.0,0.0,0.0,98.0,4.0,0.9481635295562616,0.0,0.0,83.14285714285714,0.0,0.0,0.0,0.0,214.0,144.0,16.0,8,1,0.552739165985282,351.00000000000006,175.5,0.0,0.0,0.0,0.0,2
712.0,4.0,1.161641097859892,0.0,0.0,0.0,0.0,0.0,90.0,3.0,0.3615726351647331,0.0,0.0,81.82352941176471,0.0,0.0,0.0,0.0,72.0,2982.0,14.0,8,1,0.552739165985282,408.2070553040455,353.5,0.0,0.0,0.0,0.0,2
702.0,2.0,0.1490115334370036,0.0,0.0,0.0,0.0,0.0,52.0,3.0,0.7902679680715903,0.0,0.0,81.0,0.0,0.0,0.0,0.0,36.0,380.0,12.0,9,1,0.552739165985282,352.6981712456134,529.0,0.0,0.0,0.0,0.0,2
706.0,4.0,1.2136839507582209,0.0,0.0,0.0,0.0,0.0,50.0,3.0,0.8441124264514575,0.0,0.0,80.54545454545455,0.0,0.0,0.0,0.0,144.0,1816.0,24.0,9,1,0.552739165985282,4.725815626255344,705.5,0.0,0.0,0.0,0.0,2
712.0,7.0,1.0194840079958545,0.0,0.0,0.0,0.0,0.0,88.0,2.0,0.535959889214217,0.0,0.0,79.375,0.0,20.0,0.0,18.0,504.0,2470.0,32.0,10,1,0.552739165985282,4.898979485569006,708.0,0.0,0.0,0.0,0.0,2
706.0,7.0,1.2605104309211983,0.0,0.0,0.0,0.0,0.0,182.0,3.0,0.5834931769689259,0.0,0.0,62.05882352941177,0.0,0.0,0.0,0.0,252.0,2900.0,48.0,13,1,0.552739165985282,5.033222956849741,713.0,0.0,0.0,14.142135623730953,10.0,2
712.0,3.0,0.1371699517310569,0.0,0.0,0.0,0.0,0.0,378.0,3.0,0.4384436842808538,0.0,0.0,60.083333333333336,0.0,0.0,0.0,0.0,468.0,2784.0,36.0,14,1,0.552739165985282,5.00000000000259,712.5,0.0,0.0,14.142135623730953,10.0,2
708.0,2.0,0.5050659680083168,0.0,0.0,0.0,0.0,0.0,780.0,2.0,0.179189361234259,0.0,0.0,58.30769230769231,0.0,0.0,0.0,0.0,360.0,2498.0,94.0,14,1,0.552739165985282,3.651483716704641,710.0,0.0,0.0,4.999999999999998,2.5,2
710.0,4.0,0.912722225963988,0.0,0.0,0.0,0.0,0.0,458.0,2.0,0.2055272196407299,0.0,0.0,56.285714285714285,0.0,0.0,0.0,0.0,288.0,1746.0,76.0,15,1,0.552739165985282,2.581988897476601,709.0,0.0,0.0,0.0,0.0,2
716.0,5.0,0.6222375944893312,0.0,0.0,0.0,0.0,0.0,544.0,2.0,0.2134002029314803,0.0,0.0,54.27272727272727,0.0,0.0,0.0,0.0,324.0,2092.0,62.0,15,1,0.552739165985282,3.4156502553236385,711.5,0.0,0.0,0.0,0.0,2
712.0,8.0,1.473561874867828,0.0,0.0,0.0,0.0,0.0,56.0,3.0,0.9999375490242632,0.0,0.0,52.54545454545455,0.0,0.0,0.0,0.0,432.0,1968.0,78.0,16,1,0.552739165985282,3.4156502553236385,711.5,0.0,0.0,0.0,0.0,2
712.0,4.0,0.2635815028656896,0.0,0.0,0.0,0.0,0.0,2.0,1.0,-1.000088900581841e-12,0.0,0.0,51.888888888888886,0.0,0.0,0.0,0.0,252.0,730.0,0.0,16,1,0.552739165985282,2.5166114784287106,712.5,0.0,0.0,0.0,0.0,2
712.0,4.0,0.7665111849234375,0.0,0.0,0.0,0.0,0.0,42.0,2.0,0.6365141682928128,0.0,0.0,50.61538461538461,0.0,0.0,0.0,0.0,252.0,1902.0,42.0,17,1,0.552739165985282,2.000000000006447,713.0,0.0,0.0,0.0,0.0,2
708.0,4.0,1.033458856789391,0.0,0.0,0.0,0.0,0.0,24.0,3.0,1.0114042647043515,0.0,0.0,49.5,0.0,0.0,0.0,0.0,252.0,1246.0,14.0,17,1,0.552739165985282,2.000000000006447,711.0,0.0,0.0,0.0,0.0,2
710.0,7.0,1.128228148804692,0.0,0.0,0.0,0.0,0.0,122.0,4.0,0.57758250886689,0.0,0.0,48.3,0.0,0.0,0.0,0.0,36.0,1018.0,0.0,18,1,0.552739165985282,1.914854215519405,710.5,0.0,0.0,0.0,0.0,2
710.0,5.0,1.1491182762873005,0.0,0.0,0.0,0.0,0.0,142.0,6.0,1.0424758568087076,0.0,0.0,47.5,0.0,0.0,0.0,0.0,288.0,336.0,32.0,18,1,0.552739165985282,1.6329931618633422,710.0,0.0,0.0,0.0,0.0,2
712.0,3.0,0.761579924601816,0.0,0.0,0.0,0.0,0.0,76.0,4.0,0.8976221848740435,0.0,0.0,46.0,0.0,0.0,0.0,0.0,252.0,1578.0,42.0,19,1,0.552739165985282,1.6329931618633422,710.0,0.0,0.0,0.0,0.0,2
710.0,3.0,0.6579169991762784,0.0,0.0,0.0,0.0,0.0,130.0,2.0,0.5402041423868609,0.0,0.0,45.333333333333336,0.0,0.0,0.0,0.0,360.0,1074.0,84.0,19,1,0.552739165985282,1.000000000012894,710.5,0.0,0.0,0.0,0.0,2
708.0,3.0,0.3944189513968568,0.0,0.0,0.0,0.0,0.0,194.0,2.0,0.2847710894333505,0.0,0.0,44.16666666666666,0.0,0.0,0.0,0.0,360.0,182.0,38.0,20,1,0.552739165985282,1.6329931618633422,710.0,0.0,0.0,0.0,0.0,2
714.0,4.0,1.1503555774523937,0.0,0.0,0.0,0.0,0.0,176.0,2.0,0.3767701612544368,0.0,0.0,42.375,0.0,0.0,0.0,0.0,292.0,7058.0,50.0,20,1,0.552739165985282,2.581988897476601,711.0,0.0,0.0,0.0,0.0,2
706.0,3.0,0.6592666989687404,0.0,0.0,0.0,0.0,0.0,40.0,2.0,0.1985152433438726,0.0,0.0,39.73684210526316,0.0,0.0,0.0,0.0,76.0,254.0,16.0,21,0,0.552739165985282,3.41565025532363,709.5,0.0,0.0,0.0,0.0,2
714.0,1.0,-1.000088900581841e-12,0.0,0.0,0.0,0.0,0.0,0.0,0.0,0.0,0.0,0.0,35.3,0.0,0.0,0.0,0.0,0.0,32.0,0.0,21,0,0.552739165985282,4.123105625620775,710.5,0.0,0.0,0.0,0.0,1
718.0,2.0,0.0344701086632955,0.0,0.0,0.0,0.0,0.0,36.0,2.0,0.5908422462735826,0.0,0.0,29.7,0.0,0.0,0.0,0.0,0.0,184.0,0.0,22,0,0.552739165985282,5.033222956849707,713.0,0.0,0.0,0.0,0.0,1
716.0,4.0,0.7428238917933597,0.0,0.0,0.0,0.0,0.0,106.0,2.0,0.217518571334808,0.0,0.0,24.91304347826087,0.0,0.0,0.0,0.0,152.0,2536.0,18.0,22,0,0.552739165985282,5.2599112793556,713.5,0.0,0.0,0.0,0.0,2
714.0,4.0,1.1752832198489178,0.0,0.0,0.0,0.0,0.0,82.0,2.0,0.4935651920234654,0.0,0.0,21.761904761904763,0.0,0.0,0.0,0.0,316.0,2744.0,30.0,23,0,0.552739165985282,1.9148542155193604,715.5,0.0,0.0,0.0,0.0,2
712.0,3.0,0.7369568001653019,0.0,0.0,0.0,0.0,0.0,172.0,3.0,0.568761293984648,0.0,0.0,19.77777777777778,0.0,0.0,0.0,0.0,400.0,5398.0,72.0,23,0,0.552739165985282,2.581988897476569,715.0,0.0,0.0,0.0,0.0,2
714.0,8.0,1.4596371145441704,0.0,0.0,0.0,0.0,0.0,166.0,3.0,0.5307096971434694,0.0,40.0,17.82608695652174,0.0,26.0,30.0,0.0,160.0,4220.0,34.0,0,0,0.552739165985282,1.63299316186329,714.0,0.0,0.0,0.0,0.0,2
716.0,1.0,-1.000088900581841e-12,0.0,0.0,0.0,0.0,0.0,26.0,1.0,-1.000088900581841e-12,0.0,0.0,26.933333333333334,0.0,0.0,0.0,0.0,0.0,0.0,0.0,0,0,0.552739165985282,1.63299316186329,714.0,0.0,0.0,0.0,0.0,2
504.0,1.0,-1.000088900581841e-12,0.0,0.0,0.0,0.0,0.0,26.0,1.0,-1.000088900581841e-12,0.0,0.0,39.766666666666666,0.0,0.0,0.0,0.0,0.0,0.0,0.0,1,0,0.552739165985282,105.01269764493574,661.5,0.0,0.0,0.0,0.0,2
0.0,0.0,0.0,0.0,0.0,0.0,0.0,0.0,24.0,1.0,-1.000088900581841e-12,0.0,0.0,51.96666666666667,0.0,0.0,0.0,0.0,0.0,0.0,0.0,1,0,0.552739165985282,337.3321804986889,483.5,0.0,0.0,0.0,0.0,2
0.0,0.0,0.0,0.0,0.0,0.0,0.0,0.0,28.0,2.0,0.410116318286409,0.0,0.0,64.26666666666667,0.0,0.0,0.0,0.0,0.0,0.0,0.0,2,0,0.552739165985282,362.6623774256161,305.0,0.0,0.0,0.0,0.0,2
0.0,0.0,0.0,0.0,0.0,0.0,0.0,0.0,24.0,1.0,-1.000088900581841e-12,0.0,0.0,76.56666666666666,0.0,0.0,0.0,0.0,0.0,0.0,0.0,2,0,0.552739165985282,252.00000000000009,126.0,0.0,0.0,0.0,0.0,2
0.0,0.0,0.0,0.0,0.0,0.0,0.0,0.0,24.0,1.0,-1.000088900581841e-12,0.0,0.0,88.5,0.0,0.0,0.0,0.0,0.0,0.0,0.0,3,0,0.552739165985282,0.0,0.0,0.0,0.0,0.0,0.0,2
0.0,0.0,0.0,0.0,0.0,0.0,0.0,0.0,14.0,1.0,-1.000088900581841e-12,0.0,0.0,98.36666666666666,0.0,0.0,0.0,0.0,0.0,0.0,0.0,3,0,0.552739165985282,0.0,0.0,0.0,0.0,0.0,0.0,2
0.0,0.0,0.0,0.0,0.0,0.0,0.0,0.0,0.0,0.0,0.0,0.0,0.0,100.0,0.0,0.0,0.0,0.0,0.0,0.0,0.0,4,0,0.552739165985282,0.0,0.0,0.0,0.0,0.0,0.0,2
0.0,0.0,0.0,0.0,0.0,0.0,0.0,0.0,0.0,0.0,0.0,0.0,0.0,100.0,0.0,0.0,0.0,0.0,0.0,0.0,0.0,4,0,0.552739165985282,0.0,0.0,0.0,0.0,0.0,0.0,2
0.0,0.0,0.0,0.0,0.0,0.0,0.0,0.0,0.0,0.0,0.0,0.0,0.0,100.0,0.0,0.0,0.0,0.0,0.0,0.0,0.0,5,0,0.552739165985282,0.0,0.0,0.0,0.0,0.0,0.0,2
0.0,0.0,0.0,0.0,0.0,0.0,0.0,0.0,0.0,0.0,0.0,0.0,0.0,100.0,0.0,0.0,0.0,0.0,0.0,0.0,0.0,5,0,0.552739165985282,0.0,0.0,0.0,0.0,0.0,0.0,2
0.0,0.0,0.0,0.0,0.0,0.0,0.0,0.0,2.0,1.0,-1.000088900581841e-12,0.0,0.0,100.0,0.0,0.0,0.0,0.0,0.0,0.0,0.0,6,0,0.552739165985282,0.0,0.0,0.0,0.0,0.0,0.0,2
0.0,0.0,0.0,0.0,0.0,0.0,0.0,0.0,0.0,0.0,0.0,0.0,0.0,100.0,0.0,0.0,0.0,0.0,0.0,0.0,0.0,6,0,0.552739165985282,0.0,0.0,0.0,0.0,0.0,0.0,2
0.0,0.0,0.0,0.0,0.0,0.0,0.0,0.0,0.0,0.0,0.0,0.0,0.0,100.0,0.0,0.0,0.0,0.0,0.0,0.0,0.0,7,0,0.552739165985282,0.0,0.0,0.0,0.0,0.0,0.0,2
0.0,0.0,0.0,0.0,0.0,0.0,0.0,0.0,4.0,1.0,-1.000088900581841e-12,0.0,0.0,100.0,0.0,0.0,0.0,0.0,0.0,0.0,0.0,7,0,0.552739165985282,0.0,0.0,0.0,0.0,0.0,0.0,2
706.0,4.0,0.9104991005169784,0.0,0.0,0.0,0.0,0.0,192.0,5.0,0.5927796480360333,0.0,0.0,100.0,0.0,0.0,0.0,24.0,160.0,208.0,6.0,8,1,0.552739165985282,353.00000000000006,176.5,0.0,0.0,0.0,0.0,2
710.0,5.0,1.2556296283804516,0.0,0.0,0.0,0.0,0.0,38.0,5.0,1.369854489517489,0.0,0.0,99.68,0.0,0.0,0.0,0.0,240.0,4474.0,22.0,8,1,0.552739165985282,408.76725243916826,354.0,0.0,0.0,0.0,0.0,2
714.0,6.0,0.7981566732367281,0.0,0.0,0.0,0.0,0.0,72.0,2.0,0.5623351446168083,0.0,0.0,98.22222222222224,0.0,0.0,0.0,0.0,240.0,1164.0,40.0,9,1,0.552739165985282,355.01502315629784,532.5,0.0,0.0,0.0,0.0,2
710.0,3.0,0.3087464639327555,0.0,0.0,0.0,0.0,0.0,348.0,2.0,0.2936729936404028,0.0,0.0,97.3846153846154,0.0,0.0,0.0,0.0,480.0,1732.0,78.0,9,1,0.552739165985282,3.265986323716845,710.0,0.0,0.0,0.0,0.0,2
710.0,6.0,1.2770548926932128,0.0,0.0,0.0,0.0,0.0,232.0,4.0,0.7055112129162218,0.0,0.0,96.44444444444444,0.0,0.0,0.0,0.0,358.0,1914.0,46.0,10,1,0.552739165985282,2.000000000009692,711.0,0.0,0.0,0.0,0.0,2
708.0,5.0,0.9432166272458936,0.0,0.0,0.0,0.0,0.0,208.0,5.0,0.8854432073330456,0.0,0.0,95.27272727272728,0.0,0.0,0.0,0.0,440.0,1134.0,54.0,10,1,0.552739165985282,2.5166114784312894,710.5,0.0,0.0,0.0,0.0,2
706.0,11.0,1.5818953582543562,0.0,0.0,0.0,0.0,0.0,176.0,5.0,0.9933695426000324,0.0,0.0,93.84615384615384,0.0,0.0,0.0,0.0,278.0,1190.0,34.0,11,1,0.552739165985282,1.914854215522824,708.5,0.0,0.0,0.0,0.0,2
712.0,5.0,0.7321807516951777,0.0,0.0,0.0,0.0,0.0,68.0,3.0,0.5783252866571272,0.0,0.0,92.72727272727272,0.0,0.0,0.0,0.0,208.0,2608.0,22.0,11,1,0.552739165985282,2.5819888974791367,709.0,0.0,0.0,0.0,0.0,2
714.0,3.0,1.067623725357886,0.0,0.0,0.0,0.0,0.0,398.0,3.0,0.3227708326329004,0.0,0.0,91.375,0.0,0.0,0.0,0.0,504.0,992.0,74.0,12,1,0.552739165985282,3.651483716706434,710.0,0.0,0.0,0.0,0.0,2
710.0,3.0,0.7514741806865984,0.0,0.0,0.0,0.0,0.0,126.0,2.0,0.4631105777067343,0.0,0.0,90.4,0.0,0.0,0.0,0.0,462.0,1750.0,50.0,12,1,0.552739165985282,3.415650255325563,710.5,0.0,0.0,0.0,0.0,2
710.0,4.0,0.5098574224918637,0.0,0.0,0.0,0.0,0.0,54.0,4.0,1.0111045553868556,0.0,0.0,89.71428571428571,0.0,0.0,0.0,0.0,168.0,810.0,36.0,13,1,0.552739165985282,1.9148542155228383,711.5,0.0,0.0,0.0,0.0,2
710.0,6.0,0.7420266710540632,0.0,0.0,0.0,0.0,0.0,114.0,3.0,0.7581560512573862,0.0,0.0,88.85714285714286,0.0,0.0,0.0,0.0,294.0,948.0,44.0,13,1,0.552739165985282,2.0000000000097344,711.0,0.0,0.0,0.0,0.0,2
710.0,4.0,1.048867260801121,0.0,0.0,0.0,0.0,0.0,168.0,3.0,0.6559757323335468,0.0,0.0,84.05882352941177,0.0,0.0,0.0,0.0,336.0,842.0,10.0,14,1,0.552739165985282,4.000000000004867,712.0,0.0,0.0,0.0,0.0,2
714.0,6.0,1.1395040483082353,0.0,0.0,0.0,0.0,0.0,418.0,4.0,0.3396737648862951,0.0,0.0,82.25,0.0,0.0,0.0,0.0,418.0,3584.0,56.0,15,1,0.552739165985282,3.829708431030441,713.0,0.0,0.0,0.0,0.0,2
710.0,4.0,0.970205343465766,0.0,0.0,0.0,0.0,0.0,172.0,3.0,0.4896184408349902,0.0,0.0,80.6923076923077,0.0,0.0,0.0,0.0,336.0,2174.0,62.0,15,1,0.552739165985282,3.829708431030441,713.0,0.0,0.0,0.0,0.0,2
712.0,4.0,0.8665144049826219,0.0,0.0,0.0,0.0,0.0,40.0,3.0,0.8237197315088312,0.0,0.0,79.83333333333333,0.0,0.0,0.0,0.0,168.0,752.0,32.0,16,1,0.552739165985282,1.9148542155228685,711.5,0.0,0.0,0.0,0.0,2
712.0,7.0,0.9753950453237592,0.0,0.0,0.0,0.0,0.0,500.0,3.0,0.1675745446405003,0.0,0.0,78.58333333333333,0.0,0.0,0.0,0.0,334.0,3140.0,54.0,16,1,0.552739165985282,1.6329931618674034,712.0,0.0,0.0,0.0,0.0,2
712.0,4.0,0.6495262298014259,0.0,0.0,0.0,0.0,0.0,84.0,4.0,0.8606775271507137,0.0,0.0,77.71428571428571,0.0,0.0,0.0,0.0,168.0,566.0,22.0,17,1,0.552739165985282,1.0000000000195255,711.5,0.0,0.0,0.0,0.0,2
706.0,3.0,0.3588346300579091,0.0,0.0,0.0,0.0,0.0,34.0,2.0,0.2237180760638337,0.0,0.0,76.44444444444444,0.0,0.0,0.0,0.0,294.0,520.0,0.0,17,1,0.552739165985282,3.000000000006509,710.5,0.0,0.0,0.0,0.0,2
712.0,1.0,-1.000088900581841e-12,0.0,0.0,0.0,0.0,0.0,8.0,2.0,0.6931471805579453,0.0,0.0,75.33333333333333,0.0,0.0,0.0,0.0,252.0,14.0,8.0,18,1,0.552739165985282,3.000000000006509,710.5,0.0,0.0,0.0,0.0,2
714.0,4.0,0.9403445886145888,0.0,0.0,0.0,0.0,0.0,226.0,4.0,0.2536014228507872,0.0,0.0,74.0,0.0,0.0,0.0,0.0,252.0,1336.0,18.0,18,1,0.552739165985282,3.464101615143391,711.0,0.0,0.0,0.0,0.0,2
710.0,5.0,0.7647926807984017,0.0,0.0,0.0,0.0,0.0,166.0,4.0,0.7068654188786914,0.0,0.0,72.0,0.0,0.0,0.0,0.0,924.0,2860.0,128.0,19,1,0.552739165985282,3.41565025532558,710.5,0.0,0.0,0.0,0.0,2
706.0,3.0,0.5908151200494599,0.0,0.0,0.0,0.0,0.0,90.0,2.0,0.46800704307332,0.0,0.0,68.33333333333333,0.0,0.0,0.0,0.0,378.0,1590.0,48.0,20,1,0.552739165985282,2.8284271247531034,710.0,0.0,0.0,0.0,0.0,2
706.0,3.0,0.3169553878569277,0.0,0.0,0.0,0.0,0.0,28.0,2.0,0.5982695885832573,0.0,0.0,67.75,0.0,0.0,0.0,0.0,210.0,602.0,22.0,21,0,0.552739165985282,3.464101615143399,709.0,0.0,0.0,0.0,0.0,2
704.0,2.0,0.1849073991657757,0.0,0.0,0.0,0.0,0.0,112.0,2.0,0.3404997784692986,0.0,0.0,67.0,0.0,0.0,0.0,0.0,336.0,368.0,30.0,21,0,0.552739165985282,3.464101615143399,707.0,0.0,0.0,0.0,0.0,2
708.0,2.0,0.6647240207052161,0.0,0.0,0.0,0.0,0.0,332.0,3.0,0.3533830227500982,0.0,0.0,66.18181818181819,0.0,0.0,0.0,0.0,714.0,2976.0,86.0,22,0,0.552739165985282,1.632993161867438,706.0,0.0,0.0,0.0,0.0,2
712.0,2.0,0.357186809600168,0.0,0.0,0.0,0.0,0.0,496.0,4.0,0.2745521477584415,0.0,0.0,64.47368421052632,0.0,0.0,0.0,0.0,294.0,3062.0,66.0,22,0,0.552739165985282,3.4156502553255965,707.5,0.0,0.0,0.0,0.0,2
712.0,5.0,1.1542256755809728,0.0,0.0,0.0,0.0,0.0,90.0,2.0,0.6508180758695588,0.0,0.0,62.22222222222222,0.0,0.0,0.0,0.0,462.0,1204.0,60.0,23,0,0.552739165985282,3.829708431030464,709.0,0.0,0.0,0.0,0.0,2
716.0,6.0,1.023925723438118,0.0,0.0,0.0,0.0,0.0,74.0,2.0,0.2102834122841334,0.0,0.0,58.7037037037037,0.0,0.0,0.0,0.0,42.0,1686.0,14.0,23,0,0.552739165985282,3.2659863237169144,712.0,0.0,0.0,0.0,0.0,2
714.0,4.0,0.2967045781428788,0.0,0.0,0.0,0.0,0.0,10.0,1.0,-1.000088900581841e-12,0.0,0.0,53.1,0.0,0.0,0.0,0.0,0.0,764.0,0.0,0,0,0.552739165985282,1.914854215522913,713.5,0.0,0.0,0.0,0.0,1
718.0,1.0,-1.000088900581841e-12,0.0,0.0,0.0,0.0,0.0,0.0,0.0,0.0,0.0,0.0,47.23333333333333,0.0,0.0,0.0,0.0,0.0,52.0,0.0,0,0,0.552739165985282,2.581988897479203,715.0,0.0,0.0,0.0,0.0,1
712.0,4.0,0.5620445246719199,0.0,0.0,0.0,0.0,0.0,18.0,2.0,0.3488320958410319,0.0,0.0,44.0,0.0,0.0,28.0,0.0,0.0,506.0,0.0,1,0,0.552739165985282,2.581988897479203,715.0,0.0,0.0,0.0,0.0,1
716.0,1.0,-1.000088900581841e-12,0.0,0.0,0.0,0.0,0.0,0.0,0.0,0.0,0.0,0.0,43.16666666666666,0.0,0.0,0.0,0.0,0.0,0.0,0.0,1,0,0.552739165985282,2.581988897479203,715.0,0.0,0.0,0.0,0.0,2
126.0,1.0,-1.000088900581841e-12,0.0,0.0,0.0,0.0,0.0,0.0,0.0,0.0,0.0,0.0,43.0,24.0,0.0,0.0,0.0,0.0,0.0,0.0,2,0,0.552739165985282,294.6772245469044,568.0,0.0,0.0,0.0,0.0,2
0.0,0.0,0.0,0.0,0.0,0.0,0.0,0.0,4.0,1.0,-1.000088900581841e-12,0.0,0.0,43.0,30.0,0.0,0.0,0.0,0.0,0.0,0.0,2,0,0.552739165985282,379.3621840229554,388.5,0.0,0.0,0.0,0.0,2
0.0,0.0,0.0,0.0,0.0,0.0,0.0,0.0,0.0,0.0,0.0,0.0,0.0,43.0,0.0,0.0,0.0,0.0,0.0,0.0,0.0,3,0,0.552739165985282,342.19438920005695,210.5,0.0,0.0,0.0,0.0,2
0.0,0.0,0.0,0.0,0.0,0.0,0.0,0.0,0.0,0.0,0.0,0.0,0.0,43.0,0.0,0.0,0.0,0.0,0.0,0.0,0.0,3,0,0.552739165985282,63.00000000000031,31.5,0.0,0.0,0.0,0.0,2
0.0,0.0,0.0,0.0,0.0,0.0,0.0,0.0,0.0,0.0,0.0,0.0,0.0,42.833333333333336,0.0,0.0,0.0,0.0,0.0,0.0,0.0,4,0,0.552739165985282,0.0,0.0,0.0,0.0,0.0,0.0,2
0.0,0.0,0.0,0.0,0.0,0.0,0.0,0.0,0.0,0.0,0.0,0.0,0.0,42.0,26.0,0.0,0.0,0.0,0.0,0.0,0.0,4,0,0.552739165985282,0.0,0.0,0.0,0.0,0.0,0.0,2
0.0,0.0,0.0,0.0,0.0,0.0,0.0,0.0,0.0,0.0,0.0,0.0,0.0,42.0,0.0,0.0,0.0,0.0,0.0,0.0,0.0,5,0,0.552739165985282,0.0,0.0,0.0,0.0,0.0,0.0,2
0.0,0.0,0.0,0.0,0.0,0.0,0.0,0.0,0.0,0.0,0.0,0.0,0.0,42.0,0.0,0.0,0.0,0.0,0.0,0.0,0.0,5,0,0.552739165985282,0.0,0.0,0.0,0.0,0.0,0.0,2
0.0,0.0,0.0,0.0,0.0,0.0,0.0,0.0,0.0,0.0,0.0,0.0,0.0,41.5,0.0,0.0,0.0,0.0,0.0,0.0,0.0,6,0,0.552739165985282,0.0,0.0,0.0,0.0,0.0,0.0,2
0.0,0.0,0.0,0.0,0.0,0.0,0.0,0.0,0.0,0.0,0.0,0.0,0.0,41.0,0.0,0.0,0.0,0.0,0.0,0.0,0.0,6,0,0.552739165985282,0.0,0.0,0.0,0.0,0.0,0.0,2
0.0,0.0,0.0,0.0,0.0,0.0,0.0,0.0,0.0,0.0,0.0,0.0,0.0,41.0,0.0,0.0,0.0,0.0,0.0,0.0,0.0,7,0,0.552739165985282,0.0,0.0,0.0,0.0,0.0,0.0,2
0.0,0.0,0.0,0.0,0.0,0.0,0.0,0.0,4.0,1.0,-1.000088900581841e-12,0.0,0.0,41.0,0.0,0.0,0.0,0.0,0.0,0.0,0.0,7,0,0.552739165985282,0.0,0.0,0.0,0.0,0.0,0.0,2
710.0,4.0,0.2510356673653722,0.0,0.0,0.0,0.0,0.0,92.0,5.0,1.2315937323024762,0.0,0.0,40.0,0.0,0.0,0.0,0.0,210.0,1240.0,32.0,8,1,0.552739165985282,355.00000000000006,177.5,0.0,0.0,0.0,0.0,2
710.0,5.0,1.2671219764334456,0.0,0.0,0.0,0.0,0.0,262.0,3.0,0.2742347293745181,0.0,0.0,38.66666666666666,0.0,0.0,0.0,0.0,292.0,6230.0,46.0,8,1,0.552739165985282,409.9186911246344,355.0,0.0,0.0,0.0,0.0,2
712.0,9.0,1.7637017986802457,0.0,0.0,0.0,0.0,0.0,184.0,4.0,0.2627685423825065,0.0,0.0,36.2,0.0,0.0,0.0,0.0,44.0,7126.0,10.0,9,1,0.552739165985282,355.3345841128706,533.0,0.0,0.0,0.0,0.0,2
714.0,2.0,0.6888687783390486,0.0,0.0,0.0,0.0,0.0,52.0,4.0,1.0767453018300146,0.0,0.0,33.46666666666667,0.0,0.0,0.0,0.0,176.0,1682.0,18.0,9,1,0.552739165985282,1.9148542155245056,711.5,0.0,0.0,0.0,0.0,2
708.0,3.0,0.8526739369966421,0.0,0.0,0.0,0.0,0.0,80.0,3.0,0.8357940955103493,0.0,0.0,31.571428571428573,0.0,24.0,0.0,36.0,704.0,1218.0,98.0,10,1,0.552739165985282,2.5819888974803846,711.0,0.0,0.0,0.0,0.0,2
716.0,3.0,0.6422242906356019,0.0,0.0,0.0,0.0,0.0,72.0,4.0,0.7332698710769968,0.0,0.0,28.15,0.0,0.0,0.0,0.0,396.0,870.0,42.0,10,1,0.552739165985282,3.4156502553264896,712.5,0.0,0.0,0.0,0.0,2
710.0,5.0,0.9964007089180904,0.0,0.0,0.0,0.0,0.0,62.0,2.0,0.5341593666851499,0.0,0.0,25.0,0.0,0.0,0.0,0.0,132.0,2020.0,26.0,11,1,0.552739165985282,3.651483716707301,712.0,0.0,0.0,0.0,0.0,3
710.0,4.0,0.9747177897748436,0.0,0.0,0.0,0.0,0.0,96.0,3.0,0.5660857389566288,0.0,0.0,22.285714285714285,0.0,0.0,0.0,0.0,132.0,3646.0,24.0,11,1,0.552739165985282,3.4641016151442883,711.0,0.0,0.0,0.0,0.0,3
718.0,5.0,0.8637800586880778,0.0,0.0,0.0,0.0,0.0,60.0,3.0,0.5627298200315141,0.0,0.0,18.62962962962963,0.0,0.0,0.0,0.0,88.0,2200.0,28.0,12,1,0.552739165985282,4.1231056256231495,713.5,0.0,0.0,0.0,0.0,3
708.0,4.0,0.7990081194370041,0.0,0.0,0.0,0.0,0.0,0.0,0.0,0.0,0.0,0.0,16.0,0.0,0.0,0.0,0.0,210.0,952.0,22.0,12,1,0.552739165985282,4.434711565221786,711.5,0.0,0.0,0.0,0.0,2
710.0,4.0,0.8573824606481135,0.0,0.0,0.0,0.0,0.0,0.0,0.0,0.0,0.0,42.0,0.0,0.0,0.0,0.0,0.0,420.0,562.0,30.0,13,1,0.552739165985282,4.76095228569998,711.0,0.0,0.0,0.0,0.0,2
712.0,3.0,0.8868911294297691,0.0,0.0,0.0,0.0,0.0,66.0,6.0,1.5455572493849503,0.0,0.0,24.2,0.0,0.0,0.0,0.0,220.0,2662.0,12.0,14,1,0.552739165985282,1.9148542155244608,709.5,0.0,0.0,0.0,0.0,2
712.0,6.0,1.306365640672935,0.0,0.0,0.0,0.0,0.0,182.0,4.0,1.1207071447515935,0.0,0.0,34.7,0.0,0.0,0.0,0.0,704.0,3328.0,74.0,14,1,0.552739165985282,1.9148542155244608,710.5,0.0,0.0,0.0,0.0,2
710.0,2.0,0.3093280790686459,0.0,0.0,0.0,0.0,0.0,262.0,3.0,0.5496496802161077,0.0,0.0,45.86666666666667,0.0,0.0,0.0,0.0,352.0,1742.0,52.0,15,1,0.552739165985282,1.1547005383987867,711.0,0.0,0.0,0.0,0.0,2
710.0,5.0,0.7156877398475491,0.0,0.0,0.0,0.0,0.0,204.0,2.0,0.2984358127011067,0.0,0.0,53.5,0.0,0.0,0.0,0.0,264.0,1964.0,38.0,16,1,0.552739165985282,1.0000000000225475,710.5,0.0,0.0,0.0,0.0,2
706.0,3.0,0.7128012897290599,0.0,0.0,0.0,0.0,0.0,184.0,2.0,0.4620369094644571,0.0,0.0,53.0,0.0,0.0,0.0,0.0,924.0,878.0,90.0,16,1,0.552739165985282,2.0000000000112736,709.0,0.0,0.0,0.0,0.0,2
712.0,5.0,0.7680660991656059,0.0,0.0,0.0,0.0,0.0,282.0,3.0,0.4495353813687814,0.0,0.0,52.2,0.0,0.0,0.0,0.0,834.0,1790.0,72.0,17,1,0.552739165985282,2.516611478432546,709.5,0.0,0.0,0.0,0.0,2
710.0,5.0,0.6130563426831048,0.0,0.0,0.0,0.0,0.0,78.0,4.0,1.1027975637075107,0.0,0.0,51.333333333333336,0.0,0.0,0.0,0.0,440.0,238.0,30.0,17,1,0.552739165985282,2.516611478432546,709.5,0.0,0.0,0.0,0.0,2
708.0,3.0,0.7471411900851161,0.0,0.0,0.0,0.0,0.0,40.0,4.0,1.2580481453601946,0.0,0.0,51.0,0.0,0.0,0.0,0.0,440.0,142.0,40.0,18,1,0.552739165985282,2.581988897480352,709.0,0.0,0.0,0.0,0.0,2
712.0,3.0,0.4495466424316648,0.0,0.0,0.0,0.0,0.0,62.0,2.0,0.4418033480080161,0.0,0.0,47.375,0.0,0.0,0.0,0.0,308.0,812.0,32.0,19,1,0.552739165985282,3.415650255326473,711.5,0.0,0.0,0.0,0.0,2
712.0,4.0,1.1629514008169377,0.0,0.0,0.0,0.0,0.0,144.0,2.0,0.47223485738298,0.0,0.0,46.5,0.0,0.0,0.0,0.0,352.0,1994.0,86.0,19,1,0.552739165985282,3.2659863237178137,712.0,0.0,0.0,0.0,0.0,2
714.0,5.0,1.3536577206904306,0.0,0.0,0.0,0.0,0.0,66.0,3.0,1.0406984379185735,0.0,0.0,44.6,0.0,0.0,0.0,0.0,484.0,2072.0,68.0,20,1,0.552739165985282,1.9148542155244463,713.5,0.0,0.0,0.0,0.0,2
708.0,5.0,1.2824632176988544,0.0,0.0,0.0,0.0,0.0,220.0,3.0,0.4333658154304329,0.0,0.0,43.57142857142857,0.0,0.0,0.0,0.0,396.0,1362.0,78.0,20,1,0.552739165985282,2.516611478432524,711.5,0.0,0.0,0.0,0.0,2
714.0,6.0,1.2045272510731269,0.0,0.0,0.0,0.0,0.0,66.0,3.0,0.9075352941020092,0.0,0.0,42.0,0.0,24.0,0.0,24.0,264.0,994.0,28.0,21,0,0.552739165985282,2.828427124754142,712.0,0.0,0.0,0.0,0.0,2
718.0,5.0,0.3883791151738462,0.0,0.0,0.0,0.0,0.0,208.0,2.0,0.3165489716074417,0.0,0.0,39.85714285714285,0.0,0.0,0.0,0.0,440.0,310.0,68.0,21,0,0.552739165985282,4.123105625623115,713.5,0.0,0.0,0.0,0.0,2
716.0,3.0,0.468998559630217,0.0,0.0,0.0,0.0,0.0,440.0,3.0,0.1424896417117448,0.0,0.0,38.0,0.0,0.0,0.0,0.0,572.0,130.0,14.0,22,0,0.552739165985282,4.320493798943777,714.0,0.0,0.0,0.0,0.0,2
706.0,5.0,0.6080742058687567,0.0,0.0,0.0,0.0,0.0,814.0,5.0,0.9904424693327772,0.0,0.0,36.0,0.0,0.0,0.0,0.0,614.0,500.0,66.0,22,0,0.552739165985282,5.259911279357441,713.5,0.0,0.0,0.0,0.0,3
710.0,7.0,1.2302156057462903,0.0,0.0,0.0,0.0,0.0,230.0,3.0,0.6000311672570993,0.0,0.0,34.09090909090909,0.0,0.0,0.0,0.0,614.0,3096.0,58.0,23,0,0.552739165985282,5.507570547290188,712.5,0.0,0.0,0.0,0.0,3
716.0,6.0,0.8937055135539655,0.0,0.0,0.0,0.0,0.0,60.0,2.0,0.1461447460065638,0.0,0.0,30.07407407407408,0.0,0.0,0.0,0.0,0.0,2020.0,0.0,23,0,0.552739165985282,4.898979485570947,712.0,0.0,0.0,0.0,0.0,2
710.0,5.0,0.7725344849640179,0.0,0.0,0.0,0.0,0.0,74.0,6.0,1.3045662518676169,0.0,44.0,24.55172413793104,0.0,0.0,0.0,0.0,88.0,758.0,18.0,0,0,0.552739165985282,4.123105625623109,710.5,0.0,0.0,0.0,0.0,3
718.0,4.0,0.3385499648329346,0.0,0.0,0.0,0.0,0.0,76.0,3.0,0.7389306086901555,0.0,0.0,28.633333333333333,0.0,28.0,30.0,0.0,0.0,1110.0,0.0,0,0,0.552739165985282,4.123105625623109,713.5,0.0,0.0,0.0,0.0,2
714.0,1.0,-1.000088900581841e-12,0.0,0.0,0.0,0.0,0.0,26.0,2.0,0.2711893730398441,0.0,0.0,39.266666666666666,0.0,0.0,0.0,0.0,0.0,0.0,0.0,1,0,0.552739165985282,3.415650255326448,714.5,0.0,0.0,0.0,0.0,2
702.0,1.0,-1.000088900581841e-12,0.0,0.0,0.0,0.0,0.0,26.0,1.0,-1.000088900581841e-12,0.0,0.0,51.9,0.0,0.0,0.0,0.0,0.0,0.0,0.0,1,0,0.552739165985282,6.831300510643023,711.0,0.0,0.0,0.0,0.0,2
0.0,0.0,0.0,0.0,0.0,0.0,0.0,0.0,26.0,2.0,0.2711893730398441,0.0,0.0,64.06666666666666,0.0,0.0,0.0,0.0,0.0,0.0,0.0,2,0,0.552739165985282,355.731640425757,533.5,0.0,0.0,0.0,0.0,2
0.0,0.0,0.0,0.0,0.0,0.0,0.0,0.0,24.0,1.0,-1.000088900581841e-12,0.0,0.0,76.16666666666667,0.0,0.0,0.0,0.0,0.0,0.0,0.0,2,0,0.552739165985282,408.79334632549984,354.0,0.0,0.0,0.0,0.0,2
0.0,0.0,0.0,0.0,0.0,0.0,0.0,0.0,24.0,1.0,-1.000088900581841e-12,0.0,0.0,88.13333333333334,0.0,0.0,0.0,0.0,0.0,0.0,0.0,3,0,0.552739165985282,351.00000000000006,175.5,0.0,0.0,0.0,0.0,2
0.0,0.0,0.0,0.0,0.0,0.0,0.0,0.0,14.0,1.0,-1.000088900581841e-12,0.0,0.0,98.1,0.0,0.0,0.0,0.0,0.0,0.0,0.0,3,0,0.552739165985282,0.0,0.0,0.0,0.0,0.0,0.0,2
0.0,0.0,0.0,0.0,0.0,0.0,0.0,0.0,0.0,0.0,0.0,0.0,0.0,100.0,0.0,0.0,0.0,0.0,0.0,0.0,0.0,4,0,0.552739165985282,0.0,0.0,0.0,0.0,0.0,0.0,2
0.0,0.0,0.0,0.0,0.0,0.0,0.0,0.0,0.0,0.0,0.0,0.0,0.0,100.0,0.0,0.0,0.0,0.0,0.0,0.0,0.0,4,0,0.552739165985282,0.0,0.0,0.0,0.0,0.0,0.0,2
0.0,0.0,0.0,0.0,0.0,0.0,0.0,0.0,0.0,0.0,0.0,0.0,0.0,100.0,0.0,0.0,0.0,0.0,0.0,0.0,0.0,5,0,0.552739165985282,0.0,0.0,0.0,0.0,0.0,0.0,2
0.0,0.0,0.0,0.0,0.0,0.0,0.0,0.0,0.0,0.0,0.0,0.0,0.0,100.0,0.0,0.0,0.0,0.0,0.0,0.0,0.0,5,0,0.552739165985282,0.0,0.0,0.0,0.0,0.0,0.0,2
0.0,0.0,0.0,0.0,0.0,0.0,0.0,0.0,2.0,1.0,-1.000088900581841e-12,0.0,0.0,100.0,0.0,0.0,0.0,0.0,0.0,0.0,0.0,6,0,0.552739165985282,0.0,0.0,0.0,0.0,0.0,0.0,2
0.0,0.0,0.0,0.0,0.0,0.0,0.0,0.0,0.0,0.0,0.0,0.0,0.0,100.0,0.0,0.0,0.0,0.0,0.0,0.0,0.0,6,0,0.552739165985282,0.0,0.0,0.0,0.0,0.0,0.0,2
0.0,0.0,0.0,0.0,0.0,0.0,0.0,0.0,0.0,0.0,0.0,0.0,0.0,100.0,0.0,0.0,0.0,0.0,0.0,0.0,0.0,7,0,0.552739165985282,0.0,0.0,0.0,0.0,0.0,0.0,2
0.0,0.0,0.0,0.0,0.0,0.0,0.0,0.0,4.0,1.0,-1.000088900581841e-12,0.0,0.0,100.0,0.0,0.0,0.0,0.0,0.0,0.0,0.0,7,0,0.552739165985282,0.0,0.0,0.0,0.0,0.0,0.0,2
712.0,3.0,0.9174539732944732,0.0,0.0,0.0,0.0,0.0,52.0,6.0,1.528673917244444,0.0,0.0,100.0,0.0,0.0,0.0,22.0,88.0,0.0,10.0,8,1,0.552739165985282,356.00000000000006,178.0,0.0,0.0,0.0,0.0,2
710.0,1.0,-1.000088900581841e-12,0.0,0.0,0.0,0.0,0.0,8.0,1.0,-1.000088900581841e-12,0.0,0.0,100.0,0.0,0.0,0.0,0.0,44.0,0.0,0.0,8,1,0.552739165985282,410.4968534187159,355.5,0.0,0.0,0.0,0.0,2
652.0,1.0,-1.000088900581841e-12,0.0,0.0,0.0,0.0,0.0,10.0,2.0,0.5004024235361879,0.0,0.0,100.0,0.0,0.0,0.0,0.0,44.0,0.0,0.0,9,1,0.552739165985282,346.784755528075,518.5,0.0,0.0,0.0,0.0,2
146.0,1.0,-1.000088900581841e-12,0.0,0.0,0.0,0.0,0.0,22.0,2.0,0.4741393130558373,0.0,0.0,100.0,0.0,0.0,0.0,0.0,132.0,128.0,14.0,9,1,0.552739165985282,274.0827125765749,555.0,0.0,0.0,0.0,0.0,2
718.0,7.0,1.343977115381057,0.0,0.0,0.0,0.0,0.0,50.0,4.0,1.1554491885124896,0.0,0.0,99.13333333333334,0.0,0.0,0.0,0.0,264.0,3608.0,30.0,10,1,0.552739165985282,275.2423174828561,556.5,0.0,0.0,0.0,0.0,2
710.0,4.0,1.1075017841099335,0.0,0.0,0.0,0.0,0.0,84.0,4.0,0.8606775271507137,0.0,0.0,97.54545454545456,0.0,22.0,0.0,22.0,264.0,2506.0,28.0,10,1,0.552739165985282,275.2423174828561,556.5,0.0,0.0,0.0,0.0,2
712.0,8.0,0.8808354920497361,0.0,0.0,0.0,0.0,0.0,316.0,2.0,0.3278554017894255,0.0,0.0,96.38888888888889,0.0,0.0,0.0,0.0,352.0,5096.0,84.0,11,1,0.552739165985282,283.687034129749,571.5,0.0,0.0,0.0,0.0,2
708.0,5.0,1.1112181032218702,0.0,0.0,0.0,0.0,0.0,420.0,3.0,0.6261989516701554,0.0,0.0,94.5,0.0,0.0,0.0,0.0,438.0,2766.0,68.0,11,1,0.552739165985282,4.320493798942696,712.0,0.0,0.0,0.0,0.0,2
714.0,5.0,1.2959333238339332,0.0,0.0,0.0,0.0,0.0,100.0,5.0,1.1622451499833055,0.0,0.0,92.72222222222224,0.0,0.0,0.0,0.0,308.0,3704.0,22.0,12,1,0.552739165985282,2.581988897478509,711.0,0.0,0.0,0.0,0.0,2
714.0,9.0,1.4558177660153977,0.0,0.0,0.0,0.0,0.0,208.0,6.0,1.0856984020932257,0.0,0.0,90.0625,0.0,0.0,0.0,0.0,528.0,4230.0,52.0,12,1,0.552739165985282,2.8284271247524804,712.0,0.0,0.0,0.0,0.0,2
710.0,6.0,1.127804430425634,0.0,0.0,0.0,0.0,0.0,30.0,2.0,0.2449300267926353,0.0,0.0,87.77777777777777,0.0,0.0,0.0,0.0,440.0,1514.0,84.0,13,1,0.552739165985282,3.000000000005931,711.5,0.0,0.0,0.0,0.0,2
708.0,6.0,0.8984182686988407,0.0,0.0,0.0,0.0,0.0,98.0,3.0,0.6269057926256189,0.0,0.0,84.55555555555556,0.0,0.0,0.0,0.0,572.0,1458.0,58.0,14,1,0.552739165985282,4.434711565220713,712.5,0.0,0.0,0.0,0.0,2
714.0,4.0,0.4833925216730027,0.0,0.0,0.0,0.0,0.0,14.0,3.0,0.9556998911095343,0.0,0.0,83.41666666666667,0.0,0.0,0.0,0.0,176.0,1408.0,26.0,14,1,0.552739165985282,4.434711565220713,712.5,0.0,0.0,0.0,0.0,2
712.0,2.0,0.048641233761665,0.0,0.0,0.0,0.0,0.0,54.0,2.0,0.4194833693041807,0.0,0.0,82.5,0.0,0.0,0.0,0.0,264.0,444.0,28.0,15,1,0.552739165985282,4.163331998936548,713.0,0.0,0.0,0.0,0.0,2
710.0,9.0,1.7077034086266334,0.0,0.0,0.0,0.0,0.0,52.0,3.0,0.7913103552545406,0.0,0.0,81.36363636363636,0.0,0.0,0.0,0.0,264.0,3224.0,64.0,15,1,0.552739165985282,2.5819888974785314,711.0,0.0,0.0,0.0,0.0,2
716.0,6.0,1.0310561627804504,0.0,0.0,0.0,0.0,0.0,44.0,2.0,0.625491359723573,0.0,0.0,79.8125,0.0,0.0,0.0,0.0,176.0,2418.0,24.0,16,1,0.552739165985282,2.5819888974785314,713.0,0.0,0.0,0.0,0.0,2
712.0,3.0,0.5651430343836983,0.0,0.0,0.0,0.0,0.0,72.0,2.0,0.2145591551744051,0.0,0.0,79.0,0.0,0.0,0.0,0.0,440.0,70.0,14.0,16,1,0.552739165985282,2.51661147843068,712.5,0.0,0.0,0.0,0.0,2
710.0,3.0,0.6810859164427818,0.0,0.0,0.0,0.0,0.0,40.0,2.0,0.6108643020528935,0.0,0.0,78.28571428571429,0.0,0.0,0.0,0.0,308.0,104.0,40.0,17,1,0.552739165985282,2.828427124752501,712.0,0.0,0.0,0.0,0.0,2
710.0,1.0,-1.000088900581841e-12,0.0,0.0,0.0,0.0,0.0,122.0,1.0,-1.000088900581841e-12,0.0,0.0,71.33333333333333,0.0,0.0,0.0,0.0,42.0,0.0,0.0,21,0,0.552739165985282,1.154700538394668,709.0,0.0,0.0,0.0,0.0,1
710.0,2.0,0.5004024235361879,0.0,0.0,0.0,0.0,0.0,64.0,3.0,0.4470620543307878,0.0,0.0,70.71428571428571,0.0,0.0,0.0,0.0,220.0,396.0,42.0,21,0,0.552739165985282,1.000000000017792,709.5,0.0,0.0,0.0,0.0,1
716.0,3.0,0.7394485209978614,0.0,0.0,0.0,0.0,0.0,102.0,3.0,0.3698122663884251,0.0,0.0,67.6,0.0,0.0,0.0,0.0,220.0,354.0,22.0,22,0,0.552739165985282,3.4641016151428823,711.0,0.0,0.0,0.0,0.0,2
708.0,4.0,0.4889080976456558,0.0,0.0,0.0,0.0,0.0,112.0,2.0,0.208899757085528,0.0,0.0,65.44444444444444,0.0,0.0,0.0,0.0,176.0,552.0,14.0,22,0,0.552739165985282,3.4641016151428823,711.0,0.0,0.0,0.0,0.0,2
712.0,1.0,-1.000088900581841e-12,0.0,0.0,0.0,0.0,0.0,80.0,2.0,0.1985152433438726,0.0,0.0,65.0,0.0,0.0,0.0,0.0,0.0,0.0,0.0,23,0,0.552739165985282,3.415650255325064,711.5,0.0,0.0,0.0,0.0,2
104.0,1.0,-1.000088900581841e-12,0.0,0.0,0.0,0.0,0.0,36.0,1.0,-1.000088900581841e-12,0.0,0.0,65.0,34.0,0.0,0.0,0.0,0.0,0.0,0.0,23,0,0.552739165985282,304.0175433534497,560.0,0.0,0.0,0.0,0.0,2
0.0,0.0,0.0,0.0,0.0,0.0,0.0,0.0,16.0,1.0,-1.000088900581841e-12,0.0,0.0,64.16666666666667,0.0,0.0,0.0,0.0,0.0,0.0,0.0,0,0,0.552739165985282,382.2651784647233,381.0,0.0,0.0,0.0,0.0,2
0.0,0.0,0.0,0.0,0.0,0.0,0.0,0.0,94.0,3.0,0.9863141234381216,0.0,0.0,64.0,30.0,0.0,0.0,0.0,0.0,0.0,0.0,0,0,0.552739165985282,342.19682445438724,204.0,0.0,0.0,0.0,0.0,2
0.0,0.0,0.0,0.0,0.0,0.0,0.0,0.0,0.0,0.0,0.0,0.0,0.0,63.5,0.0,0.0,0.0,0.0,0.0,0.0,0.0,1,0,0.552739165985282,52.00000000000025,26.0,0.0,0.0,0.0,0.0,2
0.0,0.0,0.0,0.0,0.0,0.0,0.0,0.0,0.0,0.0,0.0,0.0,0.0,63.0,0.0,0.0,0.0,0.0,0.0,0.0,0.0,1,0,0.552739165985282,0.0,0.0,0.0,0.0,0.0,0.0,2
568.0,4.0,0.2635603252381197,0.0,0.0,0.0,0.0,0.0,20.0,2.0,0.5004024235361879,0.0,0.0,62.66666666666666,0.0,0.0,24.0,0.0,88.0,160.0,12.0,2,0,0.552739165985282,284.00000000000006,142.0,0.0,0.0,0.0,0.0,2
716.0,1.0,-1.000088900581841e-12,0.0,0.0,0.0,0.0,0.0,0.0,0.0,0.0,0.0,0.0,62.0,0.0,0.0,0.0,0.0,0.0,0.0,0.0,2,0,0.552739165985282,375.55115053300887,321.0,0.0,0.0,0.0,0.0,2
180.0,1.0,-1.000088900581841e-12,0.0,0.0,0.0,0.0,0.0,0.0,0.0,0.0,0.0,0.0,62.0,32.0,0.0,0.0,0.0,0.0,0.0,0.0,3,0,0.552739165985282,332.5938464052916,366.0,0.0,0.0,0.0,0.0,2
0.0,0.0,0.0,0.0,0.0,0.0,0.0,0.0,0.0,0.0,0.0,0.0,0.0,61.333333333333336,0.0,0.0,0.0,0.0,0.0,0.0,0.0,3,0,0.552739165985282,332.5938464052916,366.0,0.0,0.0,0.0,0.0,2
0.0,0.0,0.0,0.0,0.0,0.0,0.0,0.0,0.0,0.0,0.0,0.0,0.0,61.0,28.0,0.0,0.0,0.0,44.0,0.0,0.0,4,0,0.552739165985282,338.79787484575525,224.0,0.0,0.0,0.0,0.0,2
0.0,0.0,0.0,0.0,0.0,0.0,0.0,0.0,0.0,0.0,0.0,0.0,0.0,60.16666666666666,0.0,0.0,0.0,0.0,0.0,0.0,0.0,4,0,0.552739165985282,90.00000000000021,45.0,0.0,0.0,0.0,0.0,2
0.0,0.0,0.0,0.0,0.0,0.0,0.0,0.0,0.0,0.0,0.0,0.0,0.0,60.0,0.0,0.0,0.0,0.0,0.0,0.0,0.0,5,0,0.552739165985282,0.0,0.0,0.0,0.0,0.0,0.0,2
0.0,0.0,0.0,0.0,0.0,0.0,0.0,0.0,0.0,0.0,0.0,0.0,0.0,60.0,26.0,0.0,0.0,0.0,0.0,0.0,0.0,5,0,0.552739165985282,0.0,0.0,0.0,0.0,0.0,0.0,2
0.0,0.0,0.0,0.0,0.0,0.0,0.0,0.0,0.0,0.0,0.0,0.0,0.0,59.333333333333336,0.0,0.0,0.0,0.0,44.0,0.0,0.0,6,0,0.552739165985282,0.0,0.0,0.0,0.0,0.0,0.0,2
0.0,0.0,0.0,0.0,0.0,0.0,0.0,0.0,4.0,1.0,-1.000088900581841e-12,0.0,0.0,59.0,0.0,0.0,0.0,0.0,0.0,0.0,0.0,6,0,0.552739165985282,0.0,0.0,0.0,0.0,0.0,0.0,2
708.0,4.0,0.7054546295512252,0.0,0.0,0.0,0.0,0.0,58.0,3.0,0.8762587657072582,0.0,0.0,58.42857142857143,0.0,0.0,0.0,0.0,308.0,300.0,48.0,7,0,0.552739165985282,354.00000000000006,177.0,0.0,0.0,0.0,0.0,2
712.0,2.0,0.1179343268118672,0.0,0.0,0.0,0.0,0.0,24.0,2.0,0.6931471805579453,0.0,0.0,58.0,0.0,0.0,0.0,0.0,264.0,266.0,28.0,7,0,0.552739165985282,409.9219437893024,355.0,0.0,0.0,0.0,0.0,2
714.0,4.0,0.4889364671102902,0.0,0.0,0.0,0.0,0.0,6.0,1.0,-1.000088900581841e-12,0.0,0.0,56.85714285714285,0.0,28.0,0.0,30.0,396.0,818.0,28.0,8,1,0.552739165985282,355.67541382558346,533.5,0.0,0.0,0.0,0.0,2
712.0,6.0,1.2686027347893738,0.0,0.0,0.0,22.0,0.0,86.0,5.0,1.1883960809734038,0.0,0.0,55.05555555555556,0.0,0.0,0.0,0.0,526.0,4048.0,68.0,8,1,0.552739165985282,2.5166114784287217,711.5,0.0,0.0,11.0,5.5,3
700.0,4.0,0.3675181554615018,0.0,0.0,0.0,0.0,0.0,38.0,3.0,0.7080189760532729,0.0,0.0,50.0,0.0,0.0,0.0,0.0,264.0,394.0,26.0,9,1,0.552739165985282,6.191391873671002,708.5,0.0,0.0,12.701705922171769,11.0,2
710.0,2.0,0.6144020382719338,0.0,0.0,0.0,0.0,0.0,0.0,0.0,0.0,0.0,0.0,49.66666666666666,0.0,0.0,0.0,0.0,44.0,0.0,0.0,10,1,0.552739165985282,5.259911279355633,707.5,0.0,0.0,12.701705922171769,11.0,1
710.0,1.0,-1.000088900581841e-12,0.0,0.0,0.0,0.0,0.0,24.0,2.0,0.6365141682928128,0.0,0.0,49.0,0.0,0.0,0.0,0.0,0.0,0.0,0.0,10,1,0.552739165985282,4.760952285697957,707.0,0.0,0.0,11.0,5.5,1
502.0,3.0,0.1111354528081246,0.0,0.0,0.0,0.0,0.0,44.0,3.0,0.4851045003879404,0.0,0.0,48.16666666666666,0.0,0.0,0.0,0.0,88.0,20.0,6.0,11,1,0.552739165985282,102.44185342589893,655.5,0.0,0.0,0.0,0.0,1
708.0,1.0,-1.000088900581841e-12,0.0,0.0,0.0,0.0,0.0,84.0,1.0,-1.000088900581841e-12,0.0,0.0,47.5,0.0,0.0,0.0,0.0,0.0,0.0,0.0,11,1,0.552739165985282,103.67095382346344,657.5,0.0,0.0,0.0,0.0,1
710.0,4.0,0.6656768141647156,0.0,0.0,0.0,0.0,0.0,28.0,4.0,1.1032634988443544,0.0,0.0,46.4,0.0,0.0,0.0,0.0,264.0,1492.0,40.0,12,1,0.552739165985282,103.67095382346344,657.5,0.0,0.0,0.0,0.0,1
708.0,1.0,-1.000088900581841e-12,0.0,0.0,0.0,0.0,0.0,34.0,1.0,-1.000088900581841e-12,0.0,0.0,45.0,0.0,0.0,0.0,0.0,132.0,0.0,0.0,12,1,0.552739165985282,103.33763431909352,657.0,0.0,0.0,0.0,0.0,1
710.0,5.0,0.981222303724378,0.0,0.0,0.0,0.0,0.0,48.0,3.0,0.8602030628016025,0.0,0.0,44.875,0.0,0.0,0.0,0.0,220.0,1664.0,54.0,13,1,0.552739165985282,1.1547005383904592,709.0,0.0,0.0,0.0,0.0,2
712.0,6.0,1.399594904833793,0.0,0.0,0.0,0.0,0.0,116.0,2.0,0.5716092520727584,0.0,0.0,42.46153846153846,0.0,0.0,0.0,0.0,484.0,3162.0,78.0,13,1,0.552739165985282,1.6329931618633655,710.0,0.0,0.0,0.0,0.0,2
708.0,1.0,-1.000088900581841e-12,0.0,0.0,0.0,0.0,0.0,48.0,1.0,-1.000088900581841e-12,0.0,0.0,41.0,0.0,0.0,0.0,0.0,0.0,0.0,0.0,14,1,0.552739165985282,2.581988897476616,709.0,0.0,0.0,0.0,0.0,2
710.0,3.0,0.9645556546079844,0.0,0.0,0.0,0.0,0.0,34.0,3.0,1.0950778621175008,0.0,0.0,40.3,0.0,0.0,0.0,0.0,308.0,506.0,24.0,15,1,0.552739165985282,2.581988897476616,709.0,0.0,0.0,0.0,0.0,1
710.0,3.0,0.6861151830637877,0.0,0.0,0.0,0.0,0.0,64.0,2.0,0.6210863745532451,0.0,0.0,39.66666666666666,0.0,0.0,0.0,0.0,484.0,472.0,46.0,15,1,0.552739165985282,1.9148542155194248,708.5,0.0,0.0,0.0,0.0,1
712.0,2.0,0.096724349130833,0.0,0.0,0.0,0.0,0.0,6.0,1.0,-1.000088900581841e-12,0.0,0.0,38.5,0.0,0.0,0.0,0.0,88.0,94.0,18.0,16,1,0.552739165985282,1.632993161863348,710.0,0.0,0.0,0.0,0.0,2
706.0,5.0,0.4851776021597815,0.0,0.0,0.0,0.0,0.0,80.0,3.0,0.6390318596471769,0.0,0.0,35.5,0.0,0.0,0.0,0.0,220.0,176.0,22.0,17,1,0.552739165985282,2.828427124750762,710.0,0.0,0.0,0.0,0.0,2
706.0,1.0,-1.000088900581841e-12,0.0,0.0,0.0,0.0,0.0,8.0,1.0,-1.000088900581841e-12,0.0,0.0,33.833333333333336,0.0,0.0,0.0,0.0,220.0,0.0,0.0,17,1,0.552739165985282,3.464101615141488,709.0,0.0,0.0,0.0,0.0,1
508.0,5.0,1.2479567803372564,0.0,0.0,0.0,0.0,0.0,78.0,2.0,0.5074299622179486,0.0,0.0,32.72727272727273,0.0,30.0,26.0,24.0,136.0,2186.0,38.0,18,1,0.552739165985282,100.03999200319852,658.0,0.0,0.0,0.0,0.0,1
714.0,1.0,-1.000088900581841e-12,0.0,0.0,0.0,0.0,0.0,28.0,1.0,-1.000088900581841e-12,0.0,0.0,32.0,0.0,0.0,0.0,0.0,0.0,0.0,0.0,18,1,0.552739165985282,100.40418317978602,658.5,0.0,0.0,0.0,0.0,1
578.0,1.0,-1.000088900581841e-12,0.0,0.0,0.0,0.0,0.0,2.0,1.0,-1.000088900581841e-12,0.0,0.0,31.33333333333333,30.0,0.0,0.0,0.0,0.0,0.0,0.0,19,1,0.552739165985282,100.61643338275655,626.5,0.0,0.0,0.0,0.0,1
0.0,0.0,0.0,0.0,0.0,0.0,0.0,0.0,40.0,1.0,-1.000088900581841e-12,0.0,0.0,31.0,0.0,0.0,0.0,0.0,0.0,0.0,0.0,19,1,0.552739165985282,311.95298791110605,450.0,0.0,0.0,0.0,0.0,1
380.0,2.0,0.1577749299828691,0.0,0.0,0.0,0.0,0.0,20.0,2.0,0.5004024235361879,0.0,0.0,31.0,0.0,0.0,0.0,0.0,144.0,84.0,8.0,20,1,0.552739165985282,310.58224890249824,418.0,0.0,0.0,0.0,0.0,1
712.0,1.0,-1.000088900581841e-12,0.0,0.0,0.0,0.0,0.0,0.0,0.0,0.0,0.0,0.0,30.83333333333333,0.0,0.0,0.0,0.0,0.0,0.0,0.0,20,1,0.552739165985282,309.9478450750492,417.5,0.0,0.0,0.0,0.0,1
0.0,0.0,0.0,0.0,0.0,0.0,0.0,0.0,0.0,0.0,0.0,0.0,0.0,100.0,0.0,0.0,0.0,0.0,0.0,0.0,0.0,6,0,0.552739165985282,0.0,0.0,0.0,0.0,0.0,0.0,2
0.0,0.0,0.0,0.0,0.0,0.0,0.0,0.0,0.0,0.0,0.0,0.0,0.0,100.0,0.0,0.0,0.0,0.0,0.0,0.0,0.0,6,0,0.552739165985282,0.0,0.0,0.0,0.0,0.0,0.0,2
0.0,0.0,0.0,0.0,0.0,0.0,0.0,0.0,0.0,0.0,0.0,0.0,0.0,100.0,0.0,0.0,0.0,0.0,0.0,0.0,0.0,7,0,0.552739165985282,0.0,0.0,0.0,0.0,0.0,0.0,2
0.0,0.0,0.0,0.0,0.0,0.0,0.0,0.0,0.0,0.0,0.0,0.0,0.0,100.0,0.0,0.0,0.0,0.0,52.0,0.0,0.0,7,0,0.552739165985282,0.0,0.0,0.0,0.0,0.0,0.0,2
496.0,1.0,-1.000088900581841e-12,0.0,0.0,0.0,0.0,0.0,18.0,2.0,0.5297061990556545,0.0,0.0,100.0,0.0,0.0,0.0,0.0,156.0,0.0,10.0,8,1,0.552739165985282,248.00000000000003,124.0,0.0,0.0,0.0,0.0,2
712.0,2.0,0.4398561502028827,0.0,0.0,0.0,0.0,0.0,46.0,4.0,0.7529168087785956,0.0,0.0,100.0,0.0,0.0,0.0,0.0,156.0,0.0,8.0,8,1,0.552739165985282,359.696168082638,302.0,0.0,0.0,0.0,0.0,2
712.0,8.0,1.7147000000650496,0.0,0.0,0.0,0.0,0.0,174.0,7.0,1.3088287821225053,0.0,0.0,100.0,0.0,28.0,0.0,28.0,572.0,2506.0,40.0,9,1,0.552739165985282,335.8094697890457,480.0,0.0,0.0,0.0,0.0,2
714.0,3.0,0.8095513036213944,0.0,0.0,0.0,0.0,0.0,48.0,3.0,0.5442837329664394,0.0,0.0,98.70588235294116,0.0,28.0,0.0,30.0,52.0,3842.0,0.0,9,1,0.552739165985282,108.33743581975725,658.5,0.0,0.0,0.0,0.0,1
712.0,1.0,-1.000088900581841e-12,0.0,0.0,0.0,0.0,0.0,24.0,2.0,0.4505612088643047,0.0,0.0,98.0,0.0,0.0,0.0,0.0,0.0,0.0,0.0,10,1,0.552739165985282,1.0000000000105065,712.5,0.0,0.0,0.0,0.0,1
416.0,3.0,0.3246424661048144,0.0,0.0,0.0,0.0,0.0,30.0,4.0,1.1369165918290007,0.0,0.0,97.5,40.0,0.0,0.0,0.0,104.0,66.0,16.0,10,1,0.552739165985282,148.33632955775428,638.5,0.0,0.0,0.0,0.0,1
710.0,1.0,-1.000088900581841e-12,0.0,0.0,0.0,0.0,0.0,12.0,1.0,-1.000088900581841e-12,0.0,0.0,97.0,0.0,0.0,0.0,0.0,104.0,0.0,0.0,11,1,0.552739165985282,148.009008734829,638.0,0.0,0.0,0.0,0.0,1
710.0,1.0,-1.000088900581841e-12,0.0,0.0,0.0,0.0,0.0,22.0,2.0,0.4741393130558373,0.0,0.0,97.0,0.0,0.0,0.0,0.0,156.0,0.0,12.0,11,1,0.552739165985282,147.33634989370415,637.0,0.0,0.0,0.0,0.0,2
710.0,1.0,-1.000088900581841e-12,0.0,0.0,0.0,0.0,0.0,0.0,0.0,0.0,0.0,0.0,96.0,0.0,0.0,0.0,0.0,0.0,0.0,0.0,12,1,0.552739165985282,147.00000000000006,636.5,0.0,0.0,0.0,0.0,1
570.0,3.0,0.6908005454240267,0.0,0.0,0.0,0.0,0.0,240.0,4.0,0.2781059484439299,0.0,0.0,95.0,0.0,0.0,0.0,0.0,208.0,1906.0,10.0,12,1,0.552739165985282,70.00000000000014,675.0,0.0,0.0,0.0,0.0,1
710.0,1.0,-1.000088900581841e-12,0.0,0.0,0.0,0.0,0.0,0.0,0.0,0.0,0.0,0.0,94.0,0.0,0.0,0.0,0.0,208.0,0.0,0.0,13,1,0.552739165985282,70.00000000000014,675.0,0.0,0.0,0.0,0.0,1
436.0,1.0,-1.000088900581841e-12,0.0,0.0,0.0,0.0,0.0,58.0,2.0,0.2509548043556198,0.0,0.0,93.16666666666669,0.0,0.0,0.0,0.0,156.0,0.0,10.0,13,1,0.552739165985282,131.43693037600465,606.5,0.0,0.0,0.0,0.0,1
706.0,2.0,0.277105704120899,0.0,0.0,0.0,0.0,0.0,32.0,2.0,0.3767701612544368,0.0,0.0,92.14285714285714,0.0,0.0,0.0,0.0,156.0,344.0,22.0,14,1,0.552739165985282,130.39810837073784,605.5,0.0,0.0,0.0,0.0,1
706.0,1.0,-1.000088900581841e-12,0.0,0.0,0.0,0.0,0.0,72.0,1.0,-1.000088900581841e-12,0.0,0.0,91.66666666666669,0.0,0.0,0.0,0.0,52.0,0.0,0.0,14,1,0.552739165985282,135.67977004697502,639.5,0.0,0.0,0.0,0.0,1
682.0,7.0,1.0883991502105783,0.0,0.0,0.0,0.0,0.0,18.0,2.0,0.6365141682928128,0.0,0.0,90.54545454545456,0.0,0.0,0.0,0.0,364.0,1272.0,46.0,15,1,0.552739165985282,131.48764200486684,632.5,0.0,0.0,0.0,0.0,1
712.0,5.0,0.7731885925078094,0.0,0.0,0.0,0.0,0.0,1328.0,4.0,0.4299079587463773,0.0,0.0,88.92857142857143,0.0,0.0,0.0,0.0,468.0,942.0,18.0,15,1,0.552739165985282,13.304134695650893,701.5,0.0,0.0,0.0,0.0,1
708.0,4.0,0.4078813607790245,0.0,0.0,0.0,0.0,0.0,232.0,3.0,0.2640177507045107,0.0,0.0,88.0,0.0,0.0,0.0,0.0,260.0,694.0,42.0,16,1,0.552739165985282,13.56465996625134,702.0,0.0,0.0,0.0,0.0,1
710.0,2.0,0.0740225961455812,0.0,0.0,0.0,0.0,0.0,26.0,2.0,0.2711893730398441,0.0,0.0,87.0,0.0,0.0,0.0,0.0,0.0,112.0,0.0,16,1,0.552739165985282,14.094916341244758,703.0,0.0,0.0,0.0,0.0,1
712.0,1.0,-1.000088900581841e-12,0.0,0.0,0.0,0.0,0.0,42.0,2.0,0.3144922012794106,0.0,0.0,86.66666666666667,0.0,0.0,0.0,0.0,52.0,0.0,14.0,17,1,0.552739165985282,1.9148542155183856,710.5,0.0,0.0,0.0,0.0,1
712.0,5.0,1.2760845496992568,0.0,0.0,0.0,0.0,0.0,124.0,3.0,0.6145237390852278,0.0,0.0,85.53846153846153,0.0,0.0,0.0,0.0,208.0,2508.0,40.0,17,1,0.552739165985282,1.9148542155183856,710.5,0.0,0.0,0.0,0.0,2
712.0,7.0,0.913659876134001,0.0,0.0,0.0,0.0,0.0,144.0,4.0,0.5675127860340015,0.0,0.0,84.16666666666667,0.0,0.0,0.0,0.0,520.0,2352.0,26.0,18,1,0.552739165985282,1.000000000010914,711.5,0.0,0.0,0.0,0.0,2
712.0,11.0,1.518317912385265,0.0,0.0,0.0,0.0,0.0,284.0,4.0,0.4042895724528956,0.0,0.0,82.52941176470588,0.0,0.0,0.0,0.0,572.0,4848.0,38.0,18,1,0.552739165985282,0.0,712.0,0.0,0.0,0.0,0.0,2
714.0,8.0,1.274542446131559,0.0,0.0,0.0,0.0,0.0,360.0,2.0,0.181820282302918,0.0,0.0,80.55555555555556,0.0,0.0,0.0,0.0,416.0,9210.0,34.0,19,1,0.552739165985282,1.000000000010914,712.5,0.0,0.0,0.0,0.0,2
708.0,4.0,0.6074565705429522,0.0,0.0,0.0,0.0,0.0,44.0,3.0,0.7595473914718636,0.0,0.0,79.71428571428571,0.0,0.0,0.0,0.0,482.0,312.0,26.0,19,1,0.552739165985282,2.516611478427913,711.5,0.0,0.0,0.0,0.0,2
712.0,7.0,1.3467670921321473,0.0,0.0,0.0,0.0,0.0,376.0,2.0,0.2373777983376794,0.0,0.0,78.5,0.0,0.0,0.0,0.0,702.0,2264.0,84.0,20,1,0.552739165985282,2.516611478427913,711.5,0.0,0.0,0.0,0.0,2
716.0,6.0,0.4671322500209616,0.0,0.0,0.0,0.0,0.0,20.0,4.0,1.2798542258296677,0.0,0.0,74.88888888888889,0.0,0.0,0.0,0.0,108.0,972.0,8.0,20,1,0.552739165985282,3.4156502553230506,712.5,0.0,0.0,0.0,0.0,2
716.0,2.0,0.1174181203521275,0.0,0.0,0.0,0.0,0.0,72.0,1.0,-1.000088900581841e-12,0.0,0.0,68.76666666666667,0.0,0.0,0.0,0.0,0.0,1250.0,0.0,21,0,0.552739165985282,3.829708431028192,713.0,0.0,0.0,0.0,0.0,2
712.0,7.0,0.6971039819987775,0.0,0.0,0.0,0.0,0.0,154.0,4.0,0.5942453276511805,0.0,0.0,64.08333333333333,0.0,0.0,0.0,0.0,458.0,4968.0,42.0,21,0,0.552739165985282,2.309401076763221,714.0,0.0,0.0,0.0,0.0,2
712.0,7.0,0.8169703564437854,0.0,0.0,0.0,0.0,0.0,782.0,4.0,0.2257431044054101,0.0,0.0,61.27272727272727,0.0,0.0,0.0,0.0,348.0,4906.0,68.0,22,0,0.552739165985282,2.309401076763221,714.0,0.0,0.0,0.0,0.0,2
710.0,7.0,0.8355332105749349,0.0,0.0,0.0,0.0,0.0,450.0,3.0,0.2951449890657438,0.0,0.0,59.1,0.0,0.0,0.0,0.0,696.0,1902.0,106.0,22,0,0.552739165985282,2.516611478427924,712.5,0.0,0.0,0.0,0.0,2
712.0,7.0,1.2372052269822496,0.0,0.0,0.0,0.0,0.0,382.0,3.0,0.3451155235144563,0.0,0.0,57.125,0.0,0.0,0.0,0.0,812.0,4276.0,118.0,23,0,0.552739165985282,1.0000000000109424,711.5,0.0,0.0,0.0,0.0,2
714.0,12.0,1.6337649072940374,0.0,0.0,0.0,0.0,0.0,138.0,3.0,0.3889497539263454,0.0,0.0,53.86206896551724,0.0,0.0,30.0,0.0,116.0,8842.0,30.0,23,0,0.552739165985282,1.6329931618621472,712.0,0.0,0.0,0.0,0.0,2
716.0,1.0,-1.000088900581841e-12,0.0,0.0,0.0,0.0,0.0,0.0,0.0,0.0,0.0,0.0,52.0,0.0,0.0,0.0,0.0,0.0,0.0,0.0,0,0,0.552739165985282,2.5819888974758456,713.0,0.0,0.0,0.0,0.0,2
638.0,1.0,-1.000088900581841e-12,0.0,0.0,0.0,0.0,0.0,0.0,0.0,0.0,0.0,0.0,52.0,32.0,0.0,0.0,0.0,0.0,0.0,0.0,0,0,0.552739165985282,38.03507153492272,695.0,0.0,0.0,0.0,0.0,2
0.0,0.0,0.0,0.0,0.0,0.0,0.0,0.0,0.0,0.0,0.0,0.0,0.0,52.0,0.0,0.0,0.0,0.0,0.0,0.0,0.0,1,0,0.552739165985282,346.5737054846103,517.0,0.0,0.0,0.0,0.0,2
0.0,0.0,0.0,0.0,0.0,0.0,0.0,0.0,0.0,0.0,0.0,0.0,0.0,51.66666666666666,28.0,0.0,0.0,0.0,0.0,0.0,0.0,1,0,0.552739165985282,392.16110634958864,338.5,0.0,0.0,0.0,0.0,2
0.0,0.0,0.0,0.0,0.0,0.0,0.0,0.0,0.0,0.0,0.0,0.0,0.0,51.0,0.0,0.0,0.0,0.0,0.0,0.0,0.0,2,0,0.552739165985282,319.00000000000006,159.5,0.0,0.0,0.0,0.0,2
0.0,0.0,0.0,0.0,0.0,0.0,0.0,0.0,0.0,0.0,0.0,0.0,0.0,51.0,0.0,0.0,0.0,0.0,0.0,0.0,0.0,2,0,0.552739165985282,0.0,0.0,0.0,0.0,0.0,0.0,2
0.0,0.0,0.0,0.0,0.0,0.0,0.0,0.0,0.0,0.0,0.0,0.0,0.0,51.0,0.0,0.0,0.0,0.0,0.0,0.0,0.0,3,0,0.552739165985282,0.0,0.0,0.0,0.0,0.0,0.0,2
0.0,0.0,0.0,0.0,0.0,0.0,0.0,0.0,2.0,1.0,-1.000088900581841e-12,0.0,0.0,50.833333333333336,30.0,0.0,0.0,0.0,0.0,0.0,0.0,3,0,0.552739165985282,0.0,0.0,0.0,0.0,0.0,0.0,2
0.0,0.0,0.0,0.0,0.0,0.0,0.0,0.0,0.0,0.0,0.0,0.0,0.0,50.0,0.0,0.0,0.0,0.0,0.0,0.0,0.0,4,0,0.552739165985282,0.0,0.0,0.0,0.0,0.0,0.0,2
0.0,0.0,0.0,0.0,0.0,0.0,0.0,0.0,0.0,0.0,0.0,0.0,0.0,50.0,0.0,0.0,0.0,0.0,0.0,0.0,0.0,4,0,0.552739165985282,0.0,0.0,0.0,0.0,0.0,0.0,2
0.0,0.0,0.0,0.0,0.0,0.0,0.0,0.0,0.0,0.0,0.0,0.0,0.0,50.0,0.0,0.0,0.0,0.0,0.0,0.0,0.0,5,0,0.552739165985282,0.0,0.0,0.0,0.0,0.0,0.0,2
0.0,0.0,0.0,0.0,0.0,0.0,0.0,0.0,0.0,0.0,0.0,0.0,0.0,50.0,0.0,0.0,0.0,0.0,0.0,0.0,0.0,5,0,0.552739165985282,0.0,0.0,0.0,0.0,0.0,0.0,2
0.0,0.0,0.0,0.0,0.0,0.0,0.0,0.0,0.0,0.0,0.0,0.0,0.0,49.333333333333336,0.0,0.0,0.0,0.0,0.0,0.0,0.0,6,0,0.552739165985282,0.0,0.0,0.0,0.0,0.0,0.0,2
0.0,0.0,0.0,0.0,0.0,0.0,0.0,0.0,0.0,0.0,0.0,0.0,0.0,49.0,0.0,0.0,0.0,0.0,58.0,0.0,0.0,6,0,0.552739165985282,0.0,0.0,0.0,0.0,0.0,0.0,2
0.0,0.0,0.0,0.0,0.0,0.0,0.0,0.0,0.0,0.0,0.0,0.0,0.0,49.0,0.0,0.0,0.0,0.0,0.0,0.0,0.0,7,0,0.552739165985282,0.0,0.0,0.0,0.0,0.0,0.0,2
0.0,0.0,0.0,0.0,0.0,0.0,0.0,0.0,4.0,1.0,-1.000088900581841e-12,0.0,0.0,48.5,0.0,0.0,0.0,0.0,0.0,0.0,0.0,7,0,0.552739165985282,0.0,0.0,0.0,0.0,0.0,0.0,2
712.0,3.0,0.110152317480685,0.0,0.0,0.0,0.0,0.0,96.0,4.0,0.6238480040022909,0.0,0.0,48.0,0.0,0.0,0.0,0.0,58.0,26.0,10.0,8,1,0.552739165985282,356.00000000000006,178.0,0.0,0.0,0.0,0.0,2
712.0,1.0,-1.000088900581841e-12,0.0,0.0,0.0,0.0,0.0,2.0,1.0,-1.000088900581841e-12,0.0,0.0,47.16666666666666,0.0,0.0,0.0,0.0,58.0,0.0,0.0,8,1,0.552739165985282,411.0733916630136,356.0,0.0,0.0,0.0,0.0,2
290.0,4.0,1.0894593458228212,0.0,0.0,0.0,0.0,0.0,146.0,5.0,0.7566501265466323,0.0,0.0,46.833333333333336,38.0,0.0,0.0,0.0,348.0,416.0,20.0,9,1,0.552739165985282,348.1086994986863,428.5,0.0,0.0,0.0,0.0,2
718.0,9.0,1.6463855595611332,0.0,0.0,0.0,0.0,0.0,132.0,5.0,1.002799793202384,0.0,0.0,44.30434782608695,0.0,64.0,0.0,62.0,174.0,12234.0,54.0,9,1,0.552739165985282,212.01886708498373,608.0,0.0,0.0,0.0,0.0,2
714.0,5.0,1.1725257562418074,0.0,0.0,0.0,0.0,0.0,474.0,2.0,0.2125620092237265,0.0,0.0,41.92307692307692,0.0,0.0,0.0,0.0,808.0,6482.0,104.0,10,1,0.552739165985282,212.3479848424908,608.5,0.0,0.0,0.0,0.0,2
714.0,6.0,1.2037711740553307,0.0,0.0,0.0,0.0,0.0,114.0,3.0,0.6576412214241452,0.0,0.0,39.642857142857146,0.0,0.0,0.0,0.0,232.0,6522.0,34.0,10,1,0.552739165985282,212.6750259590126,609.0,0.0,0.0,0.0,0.0,2
540.0,3.0,0.1983619058186373,0.0,0.0,0.0,0.0,0.0,212.0,4.0,0.6836192675628048,0.0,0.0,38.6,0.0,0.0,0.0,0.0,464.0,144.0,30.0,11,1,0.552739165985282,87.68694315575164,671.5,0.0,0.0,0.0,0.0,2
710.0,12.0,1.2653316157566126,0.0,0.0,0.0,0.0,0.0,292.0,4.0,0.4535003609801202,0.0,0.0,34.75,0.0,0.0,0.0,0.0,48.0,1560.0,14.0,12,1,0.552739165985282,145.94062719704436,594.0,0.0,0.0,0.0,0.0,2
712.0,9.0,1.5780305449151717,0.0,0.0,0.0,0.0,0.0,218.0,8.0,1.4896287499791057,0.0,0.0,33.0,0.0,0.0,0.0,0.0,42.0,988.0,10.0,12,1,0.552739165985282,145.39486465025746,593.5,0.0,0.0,0.0,0.0,2
710.0,2.0,0.647009605626771,0.0,0.0,0.0,0.0,0.0,74.0,2.0,0.6300861445567916,0.0,0.0,31.285714285714285,0.0,0.0,0.0,0.0,90.0,860.0,14.0,13,1,0.552739165985282,149.3363094941527,636.0,0.0,0.0,0.0,0.0,2
712.0,7.0,1.189857771911963,0.0,0.0,0.0,0.0,0.0,150.0,2.0,0.3669249912707096,0.0,0.0,28.09090909090909,0.0,0.0,0.0,0.0,42.0,1298.0,16.0,14,1,0.552739165985282,1.1547005383883586,711.0,0.0,0.0,0.0,0.0,2
704.0,4.0,0.8525359818731204,0.0,0.0,0.0,0.0,0.0,64.0,2.0,0.6615632381559821,0.0,0.0,26.666666666666668,0.0,0.0,0.0,0.0,96.0,214.0,14.0,14,1,0.552739165985282,3.464101615140779,709.0,0.0,0.0,0.0,0.0,2
708.0,4.0,0.7299297113458869,0.0,0.0,0.0,0.0,0.0,158.0,2.0,0.4671443694545147,0.0,0.0,25.125,0.0,0.0,0.0,0.0,54.0,310.0,32.0,15,1,0.552739165985282,3.415650255322931,708.5,0.0,0.0,0.0,0.0,2
710.0,3.0,0.457635775308584,0.0,0.0,0.0,0.0,0.0,60.0,3.0,0.7647544195644197,0.0,0.0,23.55555555555556,0.0,0.0,0.0,0.0,48.0,564.0,8.0,15,1,0.552739165985282,3.415650255322931,708.5,0.0,0.0,0.0,0.0,2
710.0,3.0,0.1930811305921728,0.0,0.0,0.0,0.0,0.0,68.0,4.0,0.8002288163272473,0.0,0.0,22.83333333333333,0.0,0.0,0.0,0.0,48.0,432.0,8.0,16,1,0.552739165985282,2.8284271247498944,708.0,0.0,0.0,0.0,0.0,2
712.0,4.0,0.9808175505065682,0.0,0.0,0.0,0.0,0.0,232.0,2.0,0.3508192649435675,0.0,0.0,21.307692307692307,0.0,0.0,0.0,0.0,90.0,2522.0,18.0,16,1,0.552739165985282,1.6329931618618454,710.0,0.0,0.0,0.0,0.0,2
706.0,8.0,0.6236534912542177,0.0,0.0,0.0,0.0,0.0,98.0,4.0,0.7558822958189694,0.0,0.0,19.818181818181817,0.0,0.0,0.0,0.0,60.0,610.0,8.0,17,1,0.552739165985282,2.516611478427728,709.5,0.0,0.0,0.0,0.0,2
706.0,2.0,0.1577262675985195,0.0,0.0,0.0,0.0,0.0,64.0,2.0,0.3767701612544368,0.0,0.0,18.83333333333333,0.0,0.0,0.0,0.0,24.0,64.0,6.0,17,1,0.552739165985282,3.000000000003483,708.5,0.0,0.0,0.0,0.0,2
712.0,3.0,0.949175618586466,0.0,0.0,0.0,0.0,0.0,66.0,2.0,0.5167535907994583,0.0,0.0,16.8125,0.0,0.0,0.0,0.0,48.0,1992.0,14.0,18,1,0.552739165985282,3.464101615140771,709.0,0.0,0.0,0.0,0.0,2
0.0,0.0,0.0,0.0,0.0,0.0,0.0,0.0,0.0,0.0,0.0,0.0,0.0,0.0,0.0,0.0,0.0,0.0,32.0,1234.0,10.0,18,1,0.552739165985282,354.01129925469894,531.0,0.0,0.0,0.0,0.0,2
0.0,0.0,0.0,0.0,0.0,0.0,0.0,0.0,0.0,0.0,0.0,0.0,0.0,0.0,0.0,0.0,0.0,0.0,40.0,394.0,8.0,19,1,0.552739165985282,409.3486696366966,354.5,0.0,0.0,0.0,0.0,2
0.0,0.0,0.0,0.0,0.0,0.0,0.0,0.0,0.0,0.0,0.0,0.0,0.0,0.0,0.0,0.0,0.0,0.0,40.0,740.0,18.0,19,1,0.552739165985282,356.0,178.0,0.0,0.0,0.0,0.0,2
0.0,0.0,0.0,0.0,0.0,0.0,0.0,0.0,0.0,0.0,0.0,0.0,0.0,0.0,0.0,0.0,0.0,0.0,24.0,32.0,6.0,20,1,0.552739165985282,0.0,0.0,0.0,0.0,0.0,0.0,2
0.0,0.0,0.0,0.0,0.0,0.0,0.0,0.0,0.0,0.0,0.0,0.0,0.0,0.0,0.0,0.0,0.0,0.0,48.0,620.0,16.0,20,1,0.552739165985282,0.0,0.0,0.0,0.0,0.0,0.0,2
0.0,0.0,0.0,0.0,0.0,0.0,0.0,0.0,0.0,0.0,0.0,0.0,0.0,0.0,0.0,0.0,0.0,0.0,32.0,1104.0,8.0,21,0,0.552739165985282,0.0,0.0,0.0,0.0,0.0,0.0,2
0.0,0.0,0.0,0.0,0.0,0.0,0.0,0.0,0.0,0.0,0.0,0.0,4.0,0.0,0.0,0.0,0.0,0.0,36.0,248.0,6.0,21,0,0.552739165985282,0.0,0.0,0.0,0.0,0.0,0.0,2
0.0,0.0,0.0,0.0,0.0,0.0,0.0,0.0,0.0,0.0,0.0,0.0,0.0,0.0,0.0,0.0,0.0,0.0,52.0,1158.0,22.0,22,0,0.552739165985282,0.0,0.0,0.0,0.0,0.0,0.0,2
512.0,3.0,0.8249613728153482,0.0,0.0,0.0,0.0,0.0,222.0,4.0,1.0603874017775872,0.0,0.0,23.59090909090909,0.0,0.0,0.0,0.0,58.0,726.0,20.0,22,0,0.552739165985282,256.0,128.0,0.0,0.0,0.0,0.0,2
712.0,5.0,0.9854120866795008,0.0,0.0,0.0,0.0,0.0,60.0,3.0,1.022169375740282,0.0,0.0,33.27586206896552,0.0,0.0,4.0,0.0,24.0,908.0,6.0,23,0,0.552739165985282,362.649509398078,306.0,0.0,0.0,0.0,0.0,2
714.0,1.0,-1.000088900581841e-12,0.0,0.0,0.0,0.0,0.0,26.0,1.0,-1.000088900581841e-12,0.0,0.0,45.63333333333333,0.0,0.0,0.0,0.0,0.0,0.0,0.0,23,0,0.552739165985282,336.612041773117,484.5,0.0,0.0,0.0,0.0,2
338.0,1.0,-1.000088900581841e-12,0.0,0.0,0.0,0.0,0.0,24.0,1.0,-1.000088900581841e-12,0.0,0.0,58.16666666666666,0.0,0.0,0.0,0.0,0.0,0.0,0.0,0,0,0.552739165985282,180.8166658985468,569.0,0.0,0.0,0.0,0.0,2
0.0,0.0,0.0,0.0,0.0,0.0,0.0,0.0,24.0,1.0,-1.000088900581841e-12,0.0,0.0,70.16666666666667,0.0,0.0,0.0,0.0,0.0,0.0,0.0,0,0,0.552739165985282,343.0549032832306,441.0,0.0,0.0,0.0,0.0,2
0.0,0.0,0.0,0.0,0.0,0.0,0.0,0.0,24.0,1.0,-1.000088900581841e-12,0.0,0.0,82.2,0.0,0.0,0.0,0.0,0.0,0.0,0.0,1,0,0.552739165985282,340.27635827368323,263.0,0.0,0.0,0.0,0.0,2
0.0,0.0,0.0,0.0,0.0,0.0,0.0,0.0,24.0,1.0,-1.000088900581841e-12,0.0,0.0,94.06666666666666,0.0,0.0,0.0,0.0,0.0,0.0,0.0,1,0,0.552739165985282,169.00000000000009,84.5,0.0,0.0,0.0,0.0,2
0.0,0.0,0.0,0.0,0.0,0.0,0.0,0.0,0.0,0.0,0.0,0.0,0.0,100.0,0.0,0.0,0.0,0.0,0.0,0.0,0.0,2,0,0.552739165985282,0.0,0.0,0.0,0.0,0.0,0.0,2
0.0,0.0,0.0,0.0,0.0,0.0,0.0,0.0,0.0,0.0,0.0,0.0,0.0,100.0,0.0,0.0,0.0,0.0,0.0,0.0,0.0,2,0,0.552739165985282,0.0,0.0,0.0,0.0,0.0,0.0,2
0.0,0.0,0.0,0.0,0.0,0.0,0.0,0.0,0.0,0.0,0.0,0.0,0.0,100.0,0.0,0.0,0.0,0.0,0.0,0.0,0.0,3,0,0.552739165985282,0.0,0.0,0.0,0.0,0.0,0.0,2
0.0,0.0,0.0,0.0,0.0,0.0,0.0,0.0,0.0,0.0,0.0,0.0,0.0,100.0,0.0,0.0,0.0,0.0,0.0,0.0,0.0,3,0,0.552739165985282,0.0,0.0,0.0,0.0,0.0,0.0,2
0.0,0.0,0.0,0.0,0.0,0.0,0.0,0.0,0.0,0.0,0.0,0.0,0.0,100.0,0.0,0.0,0.0,0.0,0.0,0.0,0.0,4,0,0.552739165985282,0.0,0.0,0.0,0.0,0.0,0.0,2
0.0,0.0,0.0,0.0,0.0,0.0,0.0,0.0,0.0,0.0,0.0,0.0,0.0,100.0,0.0,0.0,0.0,0.0,12.0,0.0,0.0,4,0,0.552739165985282,0.0,0.0,0.0,0.0,0.0,0.0,3
0.0,0.0,0.0,0.0,0.0,0.0,0.0,0.0,0.0,0.0,0.0,0.0,0.0,100.0,0.0,0.0,0.0,0.0,0.0,0.0,0.0,5,0,0.552739165985282,0.0,0.0,0.0,0.0,0.0,0.0,3
0.0,0.0,0.0,0.0,0.0,0.0,0.0,0.0,0.0,0.0,0.0,0.0,0.0,100.0,0.0,0.0,0.0,0.0,0.0,0.0,0.0,5,0,0.552739165985282,0.0,0.0,0.0,0.0,0.0,0.0,2
0.0,0.0,0.0,0.0,0.0,0.0,0.0,0.0,0.0,0.0,0.0,0.0,0.0,100.0,0.0,0.0,0.0,0.0,0.0,0.0,0.0,6,0,0.552739165985282,0.0,0.0,0.0,0.0,0.0,0.0,2
350.0,4.0,1.022722019872782,0.0,0.0,0.0,0.0,0.0,40.0,5.0,1.5444795210918605,0.0,0.0,100.0,0.0,4.0,0.0,6.0,24.0,132.0,8.0,6,0,0.552739165985282,175.00000000000009,87.5,0.0,0.0,0.0,0.0,2
714.0,4.0,0.9166580317774512,0.0,0.0,0.0,0.0,0.0,10.0,1.0,-1.000088900581841e-12,0.0,0.0,99.6875,0.0,0.0,0.0,0.0,50.0,1290.0,6.0,7,0,0.552739165985282,341.2096129947104,266.0,0.0,0.0,0.0,0.0,2
710.0,2.0,0.5780064208970683,0.0,0.0,0.0,0.0,0.0,40.0,2.0,0.6108643020528935,0.0,0.0,98.66666666666669,0.0,0.0,0.0,0.0,128.0,454.0,12.0,7,0,0.552739165985282,341.3829716510965,443.5,0.0,0.0,0.0,0.0,2
712.0,5.0,0.7115282422756308,0.0,0.0,0.0,0.0,0.0,262.0,2.0,0.4762203978878946,0.0,0.0,97.72727272727272,0.0,0.0,6.0,0.0,192.0,1834.0,56.0,8,1,0.552739165985282,181.0073663326073,621.5,0.0,0.0,0.0,0.0,3
704.0,1.0,-1.000088900581841e-12,0.0,0.0,0.0,0.0,0.0,310.0,2.0,0.038968982906286,0.0,0.0,97.0,0.0,0.0,0.0,0.0,16.0,0.0,0.0,8,1,0.552739165985282,4.3204937989413805,710.0,0.0,0.0,0.0,0.0,2
654.0,2.0,0.0521719874618617,0.0,0.0,0.0,0.0,0.0,432.0,3.0,0.0820306037125194,0.0,0.0,96.83333333333331,8.0,0.0,0.0,0.0,32.0,36.0,6.0,9,1,0.552739165985282,27.54390434681856,695.0,0.0,0.0,0.0,0.0,2
708.0,3.0,0.2575879098809414,0.0,0.0,0.0,0.0,0.0,100.0,2.0,0.167944147732173,0.0,0.0,96.0,0.0,0.0,0.0,0.0,32.0,214.0,2.0,9,1,0.552739165985282,27.19681353884477,694.5,0.0,0.0,0.0,0.0,2
708.0,4.0,0.8292444732070526,0.0,0.0,0.0,0.0,0.0,252.0,2.0,0.410116318286409,0.0,0.0,95.77777777777776,0.0,0.0,0.0,0.0,120.0,830.0,36.0,10,1,0.552739165985282,26.40075756488861,693.5,0.0,0.0,0.0,0.0,2
712.0,2.0,0.4256214674745208,0.0,0.0,0.0,0.0,0.0,152.0,2.0,0.3893772362884818,0.0,0.0,94.14285714285714,0.0,0.0,0.0,0.0,136.0,1264.0,24.0,10,1,0.552739165985282,27.73084924772452,695.5,0.0,0.0,0.0,0.0,2
710.0,1.0,-1.000088900581841e-12,0.0,0.0,0.0,0.0,0.0,102.0,1.0,-1.000088900581841e-12,0.0,0.0,94.0,0.0,0.0,0.0,0.0,32.0,0.0,0.0,11,1,0.552739165985282,1.9148542155187167,709.5,0.0,0.0,0.0,0.0,2
568.0,1.0,-1.000088900581841e-12,0.0,0.0,0.0,0.0,0.0,1076.0,1.0,-1.000088900581841e-12,0.0,0.0,93.0,6.0,0.0,0.0,0.0,32.0,0.0,0.0,11,1,0.552739165985282,71.01877685983257,674.5,0.0,0.0,0.0,0.0,2
562.0,4.0,0.910371255288434,0.0,0.0,0.0,0.0,0.0,216.0,2.0,0.3084954508291039,0.0,0.0,92.8,0.0,0.0,0.0,0.0,120.0,842.0,24.0,12,1,0.552739165985282,84.33267456923221,638.0,0.0,0.0,0.0,0.0,2
708.0,4.0,0.2763611332185165,0.0,0.0,0.0,0.0,0.0,72.0,3.0,0.7867012379139144,0.0,0.0,92.0,0.0,0.0,0.0,0.0,104.0,216.0,24.0,12,1,0.552739165985282,83.17852286898759,637.0,0.0,0.0,0.0,0.0,3
708.0,6.0,0.7992943650918256,0.0,0.0,0.0,0.0,0.0,204.0,3.0,0.5586594379977454,0.0,0.0,91.14285714285714,0.0,6.0,0.0,6.0,112.0,496.0,32.0,13,1,0.552739165985282,82.5974172316142,636.5,0.0,0.0,0.0,0.0,2
706.0,5.0,0.5634920306688279,0.0,0.0,0.0,0.0,0.0,152.0,2.0,0.4361623253833442,0.0,0.0,90.2,0.0,0.0,0.0,0.0,88.0,786.0,18.0,13,1,0.552739165985282,72.67278261724506,671.0,0.0,0.0,0.0,0.0,3
716.0,6.0,1.4221826598850469,0.0,0.0,0.0,0.0,0.0,140.0,4.0,0.597732805499539,0.0,0.0,87.33333333333333,0.0,0.0,0.0,0.0,32.0,930.0,10.0,14,1,0.552739165985282,4.76095228569749,711.0,0.0,0.0,0.0,0.0,4
708.0,2.0,0.2479018060687116,0.0,0.0,0.0,0.0,0.0,264.0,2.0,0.108471339033916,0.0,0.0,86.42857142857143,0.0,0.0,0.0,0.0,16.0,170.0,2.0,15,1,0.552739165985282,4.76095228569749,711.0,0.0,0.0,0.0,0.0,3
718.0,8.0,1.1439436424972889,0.0,0.0,0.0,0.0,0.0,138.0,3.0,0.6475598271466179,0.0,0.0,84.92857142857143,0.0,0.0,0.0,0.0,8.0,2594.0,6.0,15,1,0.552739165985282,4.320493798941073,714.0,0.0,0.0,0.0,0.0,2
714.0,5.0,1.1464435785233418,0.0,0.0,0.0,0.0,0.0,46.0,2.0,0.6693279632906456,0.0,0.0,82.8,0.0,0.0,0.0,0.0,64.0,842.0,18.0,16,1,0.552739165985282,4.320493798941073,714.0,0.0,0.0,0.0,0.0,2
716.0,6.0,1.2496105281943837,0.0,0.0,0.0,0.0,0.0,304.0,5.0,0.5666150827477767,0.0,0.0,81.15,0.0,0.0,0.0,0.0,80.0,3044.0,22.0,16,1,0.552739165985282,4.320493798941073,714.0,0.0,0.0,0.0,0.0,2
714.0,4.0,1.1539080100354997,0.0,0.0,0.0,0.0,0.0,152.0,4.0,0.9700867668094852,0.0,0.0,79.58333333333333,0.0,0.0,0.0,0.0,72.0,886.0,22.0,17,1,0.552739165985282,1.9148542155183164,715.5,0.0,0.0,0.0,0.0,2
714.0,6.0,1.1606079546642132,0.0,0.0,0.0,0.0,0.0,50.0,4.0,1.1236961985799538,0.0,0.0,77.64285714285714,0.0,0.0,0.0,0.0,24.0,1194.0,6.0,17,1,0.552739165985282,1.0000000000107812,714.5,0.0,0.0,0.0,0.0,2
714.0,7.0,1.5621173007506013,0.0,0.0,0.0,0.0,0.0,66.0,3.0,1.003065288161758,0.0,0.0,76.72727272727273,0.0,0.0,0.0,0.0,56.0,2074.0,16.0,18,1,0.552739165985282,1.0000000000107812,714.5,0.0,0.0,0.0,0.0,2
716.0,7.0,1.424845035659356,0.0,0.0,0.0,0.0,0.0,246.0,2.0,0.1949086871858176,0.0,0.0,75.28571428571429,0.0,0.0,0.0,0.0,48.0,594.0,10.0,18,1,0.552739165985282,1.0000000000107812,714.5,0.0,0.0,0.0,0.0,2
714.0,8.0,1.6412970007474528,0.0,0.0,0.0,0.0,0.0,194.0,3.0,0.6840517675387787,0.0,0.0,72.65,0.0,0.0,0.0,0.0,64.0,1824.0,14.0,19,1,0.552739165985282,1.0000000000107812,714.5,0.0,0.0,0.0,0.0,2
714.0,9.0,1.4475892394362806,0.0,0.0,0.0,0.0,0.0,526.0,3.0,0.281511588617686,0.0,0.0,70.04,0.0,0.0,0.0,0.0,46.0,4336.0,22.0,19,1,0.552739165985282,1.0000000000107812,714.5,0.0,0.0,0.0,0.0,3
716.0,5.0,0.8166383782700328,0.0,0.0,0.0,0.0,0.0,188.0,4.0,0.937055360110738,0.0,0.0,67.5,0.0,0.0,0.0,0.0,60.0,236.0,12.0,20,1,0.552739165985282,1.1547005383885969,715.0,0.0,0.0,0.0,0.0,2
708.0,3.0,0.6334821275011874,0.0,0.0,0.0,0.0,0.0,44.0,3.0,0.8192299996990129,0.0,0.0,67.0,0.0,0.0,0.0,0.0,80.0,158.0,20.0,20,1,0.552739165985282,3.4641016151408586,713.0,0.0,0.0,0.0,0.0,2
712.0,4.0,0.799914517581667,0.0,0.0,0.0,0.0,0.0,68.0,2.0,0.605797499370304,0.0,0.0,66.16666666666667,0.0,0.0,0.0,0.0,110.0,808.0,16.0,21,0,0.552739165985282,3.4156502553230115,712.5,0.0,0.0,0.0,0.0,2
708.0,2.0,0.0859155013326631,0.0,0.0,0.0,0.0,0.0,72.0,2.0,0.3488320958410319,0.0,0.0,65.16666666666667,0.0,0.0,0.0,0.0,80.0,210.0,6.0,21,0,0.552739165985282,3.8297084310281577,711.0,0.0,0.0,0.0,0.0,2
708.0,3.0,0.6478364609983749,0.0,0.0,0.0,0.0,0.0,200.0,2.0,0.5004024235361879,0.0,0.0,64.33333333333333,0.0,0.0,0.0,0.0,210.0,2266.0,42.0,22,0,0.552739165985282,2.0000000000053904,709.0,0.0,0.0,0.0,0.0,2
712.0,5.0,1.2713311934341651,0.0,0.0,0.0,0.0,0.0,226.0,2.0,0.2779039717481394,0.0,0.0,62.333333333333336,0.0,0.0,0.0,0.0,106.0,2666.0,24.0,22,0,0.552739165985282,2.309401076763163,710.0,0.0,0.0,0.0,0.0,2
718.0,4.0,0.3407877818448746,0.0,0.0,0.0,0.0,0.0,26.0,2.0,0.4293230219286162,0.0,0.0,57.51851851851852,0.0,0.0,0.0,0.0,0.0,514.0,0.0,23,0,0.552739165985282,4.72581562625488,711.5,0.0,0.0,0.0,0.0,2
716.0,4.0,0.1896377700939572,0.0,0.0,0.0,0.0,0.0,6.0,1.0,-1.000088900581841e-12,0.0,0.0,51.96666666666667,0.0,0.0,0.0,0.0,0.0,336.0,0.0,23,0,0.552739165985282,4.43471156521912,713.5,0.0,0.0,0.0,0.0,2
714.0,6.0,0.9562433733907983,0.0,0.0,0.0,0.0,0.0,46.0,1.0,-1.000088900581841e-12,0.0,0.0,46.43333333333333,0.0,0.0,0.0,0.0,0.0,2164.0,0.0,0,0,0.552739165985282,2.5819888974757723,715.0,0.0,0.0,0.0,0.0,2
716.0,3.0,0.0676085614944587,0.0,0.0,0.0,0.0,0.0,2.0,1.0,-1.000088900581841e-12,0.0,0.0,44.0,0.0,6.0,10.0,0.0,0.0,104.0,0.0,0,0,0.552739165985282,1.632993161862031,716.0,0.0,0.0,0.0,0.0,2
716.0,1.0,-1.000088900581841e-12,0.0,0.0,0.0,0.0,0.0,0.0,0.0,0.0,0.0,0.0,44.0,0.0,0.0,0.0,0.0,0.0,0.0,0.0,1,0,0.552739165985282,1.0000000000107527,715.5,0.0,0.0,0.0,0.0,2
14.0,1.0,-1.000088900581841e-12,0.0,0.0,0.0,0.0,0.0,0.0,0.0,0.0,0.0,0.0,43.833333333333336,8.0,0.0,0.0,0.0,0.0,0.0,0.0,1,0,0.552739165985282,350.6679340914992,540.0,0.0,0.0,0.0,0.0,2
0.0,0.0,0.0,0.0,0.0,0.0,0.0,0.0,0.0,0.0,0.0,0.0,0.0,43.0,12.0,0.0,0.0,0.0,0.0,0.0,0.0,2,0,0.552739165985282,409.38124041045165,361.5,0.0,0.0,0.0,0.0,2
0.0,0.0,0.0,0.0,0.0,0.0,0.0,0.0,0.0,0.0,0.0,0.0,0.0,43.0,0.0,0.0,0.0,0.0,0.0,0.0,0.0,2,0,0.552739165985282,355.72789226223654,182.5,0.0,0.0,0.0,0.0,2
0.0,0.0,0.0,0.0,0.0,0.0,0.0,0.0,0.0,0.0,0.0,0.0,0.0,42.66666666666666,0.0,0.0,0.0,0.0,0.0,0.0,0.0,3,0,0.552739165985282,7.00000000000046,3.5,0.0,0.0,0.0,0.0,2
0.0,0.0,0.0,0.0,0.0,0.0,0.0,0.0,0.0,0.0,0.0,0.0,0.0,42.0,0.0,0.0,0.0,0.0,0.0,0.0,0.0,3,0,0.552739165985282,0.0,0.0,0.0,0.0,0.0,0.0,2
0.0,0.0,0.0,0.0,0.0,0.0,0.0,0.0,0.0,0.0,0.0,0.0,0.0,42.0,10.0,0.0,0.0,0.0,0.0,0.0,0.0,4,0,0.552739165985282,0.0,0.0,0.0,0.0,0.0,0.0,2
0.0,0.0,0.0,0.0,0.0,0.0,0.0,0.0,0.0,0.0,0.0,0.0,0.0,42.0,0.0,0.0,0.0,0.0,0.0,0.0,0.0,4,0,0.552739165985282,0.0,0.0,0.0,0.0,0.0,0.0,2
0.0,0.0,0.0,0.0,0.0,0.0,0.0,0.0,0.0,0.0,0.0,0.0,0.0,41.16666666666666,0.0,0.0,0.0,0.0,0.0,0.0,0.0,5,0,0.552739165985282,0.0,0.0,0.0,0.0,0.0,0.0,2
0.0,0.0,0.0,0.0,0.0,0.0,0.0,0.0,0.0,0.0,0.0,0.0,0.0,41.0,0.0,0.0,0.0,0.0,0.0,0.0,0.0,5,0,0.552739165985282,0.0,0.0,0.0,0.0,0.0,0.0,2
0.0,0.0,0.0,0.0,0.0,0.0,0.0,0.0,0.0,0.0,0.0,0.0,0.0,41.0,0.0,0.0,0.0,0.0,0.0,0.0,0.0,6,0,0.552739165985282,0.0,0.0,0.0,0.0,0.0,0.0,2
0.0,0.0,0.0,0.0,0.0,0.0,0.0,0.0,0.0,0.0,0.0,0.0,0.0,40.66666666666666,0.0,0.0,0.0,0.0,0.0,0.0,0.0,6,0,0.552739165985282,0.0,0.0,0.0,0.0,0.0,0.0,2
0.0,0.0,0.0,0.0,0.0,0.0,0.0,0.0,0.0,0.0,0.0,0.0,0.0,40.0,0.0,0.0,0.0,0.0,0.0,0.0,0.0,7,0,0.552739165985282,0.0,0.0,0.0,0.0,0.0,0.0,2
0.0,0.0,0.0,0.0,0.0,0.0,0.0,0.0,4.0,1.0,-1.000088900581841e-12,0.0,0.0,40.0,0.0,0.0,0.0,0.0,0.0,0.0,0.0,7,0,0.552739165985282,0.0,0.0,0.0,0.0,0.0,0.0,2
716.0,3.0,0.7931781231292814,0.0,0.0,0.0,0.0,0.0,52.0,6.0,1.5102053463666456,0.0,0.0,39.333333333333336,0.0,0.0,0.0,10.0,24.0,4.0,2.0,8,1,0.552739165985282,358.0,179.0,0.0,0.0,0.0,0.0,2
712.0,1.0,-1.000088900581841e-12,0.0,0.0,0.0,0.0,0.0,2.0,1.0,-1.000088900581841e-12,0.0,0.0,38.333333333333336,0.0,0.0,0.0,0.0,12.0,0.0,0.0,8,1,0.552739165985282,412.23132664399327,357.0,0.0,0.0,0.0,0.0,2
704.0,1.0,-1.000088900581841e-12,0.0,0.0,0.0,0.0,0.0,208.0,3.0,0.1490691052721506,0.0,0.0,38.0,0.0,0.0,0.0,0.0,48.0,0.0,6.0,9,1,0.552739165985282,355.3683534962936,533.0,0.0,0.0,0.0,0.0,2
712.0,5.0,1.3256249387276182,0.0,0.0,0.0,0.0,0.0,188.0,3.0,0.3389254348809413,0.0,0.0,36.41176470588236,0.0,0.0,0.0,0.0,84.0,2218.0,12.0,9,1,0.552739165985282,5.03322295684781,711.0,0.0,0.0,0.0,0.0,2
712.0,3.0,0.6660043466920723,0.0,0.0,0.0,0.0,0.0,86.0,3.0,0.646562910585174,0.0,0.0,34.857142857142854,0.0,0.0,0.0,0.0,84.0,588.0,28.0,10,1,0.552739165985282,4.000000000000815,710.0,0.0,0.0,0.0,0.0,2
712.0,2.0,0.0616067104707896,0.0,0.0,0.0,0.0,0.0,44.0,3.0,0.8599672810325049,0.0,0.0,34.0,0.0,0.0,0.0,0.0,24.0,6.0,4.0,10,1,0.552739165985282,4.000000000000815,710.0,0.0,0.0,0.0,0.0,2
710.0,4.0,0.8670624562046869,0.0,0.0,0.0,0.0,0.0,148.0,2.0,0.3425415079699701,0.0,0.0,32.857142857142854,0.0,0.0,0.0,0.0,132.0,934.0,22.0,11,1,0.552739165985282,1.000000000003259,711.5,0.0,0.0,0.0,0.0,2
712.0,7.0,1.2795579960706611,0.0,0.0,0.0,0.0,0.0,96.0,4.0,1.2920301311217388,0.0,0.0,31.0,0.0,0.0,0.0,0.0,132.0,2468.0,24.0,11,1,0.552739165985282,1.000000000003259,711.5,0.0,0.0,0.0,0.0,2
706.0,3.0,0.5428080163605827,0.0,0.0,0.0,0.0,0.0,538.0,2.0,0.1823268680179525,0.0,0.0,28.166666666666668,0.0,0.0,0.0,0.0,108.0,462.0,22.0,12,1,0.552739165985282,2.581988897472881,709.0,0.0,0.0,0.0,0.0,2
710.0,4.0,0.6813052667274492,0.0,0.0,0.0,0.0,0.0,12.0,2.0,0.6365141682928128,0.0,0.0,26.88888888888889,0.0,0.0,0.0,0.0,60.0,620.0,4.0,13,1,0.552739165985282,2.581988897472881,709.0,0.0,0.0,0.0,0.0,2
714.0,5.0,1.092356659297016,0.0,0.0,0.0,0.0,0.0,92.0,2.0,0.6313727800616019,0.0,0.0,25.714285714285715,0.0,0.0,0.0,0.0,120.0,1464.0,38.0,13,1,0.552739165985282,3.4156502553208257,709.5,0.0,0.0,0.0,0.0,2
712.0,2.0,0.3087328377901655,0.0,0.0,0.0,0.0,0.0,250.0,2.0,0.4261626606599692,0.0,0.0,24.416666666666668,0.0,0.0,0.0,0.0,180.0,564.0,30.0,14,1,0.552739165985282,3.4156502553208257,710.5,0.0,0.0,0.0,0.0,2
712.0,4.0,0.9639583959112864,0.0,0.0,0.0,0.0,0.0,392.0,4.0,0.6212198416668324,0.0,0.0,23.0,0.0,0.0,0.0,0.0,192.0,2652.0,36.0,14,1,0.552739165985282,1.6329931618574594,712.0,0.0,0.0,0.0,0.0,2
712.0,4.0,1.0750410371808503,0.0,0.0,0.0,0.0,0.0,384.0,2.0,0.2046043929741294,0.0,0.0,21.3125,0.0,0.0,0.0,0.0,144.0,1792.0,14.0,15,1,0.552739165985282,1.0000000000032874,712.5,0.0,0.0,0.0,0.0,2
710.0,3.0,0.7528537733204246,0.0,0.0,0.0,0.0,0.0,146.0,3.0,0.4680030787176495,0.0,0.0,20.142857142857142,0.0,0.0,0.0,0.0,204.0,294.0,12.0,15,1,0.552739165985282,1.0000000000032874,711.5,0.0,0.0,0.0,0.0,2
710.0,9.0,1.5195898758680315,0.0,0.0,0.0,0.0,0.0,266.0,5.0,0.9661069543234252,0.0,20.0,21.0,0.0,0.0,0.0,0.0,234.0,2440.0,56.0,16,1,0.552739165985282,1.1547005383821067,711.0,0.0,0.0,0.0,0.0,2
712.0,5.0,0.4569485834478534,0.0,0.0,0.0,0.0,0.0,70.0,5.0,1.2614262207363918,0.0,0.0,29.68421052631579,0.0,0.0,0.0,0.0,80.0,106.0,22.0,16,1,0.552739165985282,1.1547005383821067,711.0,0.0,0.0,0.0,0.0,2
708.0,5.0,0.7514530716139691,0.0,0.0,0.0,0.0,0.0,148.0,3.0,0.512413937633224,0.0,0.0,29.83333333333333,0.0,0.0,0.0,0.0,180.0,2684.0,50.0,17,1,0.552739165985282,1.6329931618574594,710.0,0.0,0.0,0.0,0.0,2
708.0,3.0,0.7307674146083397,0.0,0.0,0.0,0.0,0.0,186.0,3.0,0.6240531590223777,0.0,0.0,29.0,0.0,0.0,0.0,0.0,320.0,442.0,56.0,17,1,0.552739165985282,1.914854215514388,709.5,0.0,0.0,0.0,0.0,2
710.0,5.0,1.1258529068337364,0.0,0.0,0.0,0.0,0.0,90.0,3.0,0.8486855577234171,0.0,0.0,28.307692307692307,0.0,0.0,0.0,0.0,100.0,70.0,20.0,18,1,0.552739165985282,1.914854215514388,709.5,0.0,0.0,0.0,0.0,1
712.0,5.0,1.370092626199163,0.0,0.0,0.0,0.0,0.0,176.0,2.0,0.3540511393429268,0.0,0.0,24.157894736842103,0.0,0.0,0.0,0.0,160.0,2586.0,34.0,19,1,0.552739165985282,3.4156502553208257,711.5,0.0,0.0,0.0,0.0,2
714.0,5.0,0.9600655228632357,0.0,0.0,0.0,0.0,0.0,160.0,3.0,0.3001765539298933,0.0,0.0,21.27777777777778,0.0,0.0,0.0,0.0,100.0,4248.0,16.0,19,1,0.552739165985282,2.581988897472892,713.0,0.0,0.0,0.0,0.0,2
710.0,4.0,0.3299094247361437,0.0,0.0,0.0,0.0,0.0,76.0,2.0,0.4361623253833442,0.0,0.0,19.125,0.0,0.0,0.0,0.0,220.0,450.0,24.0,20,1,0.552739165985282,2.581988897472892,713.0,0.0,0.0,0.0,0.0,2
710.0,5.0,0.6523871555405716,0.0,0.0,0.0,0.0,0.0,246.0,4.0,0.7062852303273106,0.0,0.0,17.875,0.0,0.0,0.0,0.0,500.0,1304.0,54.0,20,1,0.552739165985282,1.9148542155144028,711.5,0.0,0.0,0.0,0.0,2
560.0,4.0,1.1833171763142345,0.0,0.0,0.0,0.0,0.0,284.0,3.0,0.8990645443769323,0.0,0.0,16.5,0.0,0.0,0.0,0.0,374.0,1498.0,36.0,21,0,0.552739165985282,75.6901578806651,673.5,0.0,0.0,0.0,0.0,2
0.0,0.0,0.0,0.0,0.0,0.0,0.0,0.0,0.0,0.0,0.0,0.0,0.0,0.0,0.0,0.0,0.0,0.0,288.0,908.0,40.0,21,0,0.552739165985282,337.4907406137241,495.0,0.0,0.0,0.0,0.0,2
258.0,4.0,1.2732681637580474,0.0,0.0,0.0,0.0,0.0,42.0,3.0,1.071018542406915,0.0,18.0,21.6,0.0,0.0,0.0,0.0,264.0,1734.0,70.0,22,0,0.552739165985282,316.5269867378346,382.0,0.0,0.0,0.0,0.0,2
710.0,3.0,0.865639427743052,0.0,0.0,0.0,0.0,0.0,130.0,4.0,1.224518477436028,0.0,0.0,28.933333333333334,0.0,0.0,0.0,0.0,180.0,1784.0,46.0,22,0,0.552739165985282,316.5269867378346,382.0,0.0,0.0,0.0,0.0,2
712.0,7.0,1.3190439911937846,0.0,0.0,0.0,0.0,0.0,98.0,3.0,0.9570560477726104,0.0,0.0,40.46666666666667,0.0,0.0,0.0,0.0,180.0,2022.0,26.0,23,0,0.552739165985282,352.1401236250517,420.0,0.0,0.0,0.0,0.0,2
718.0,4.0,0.0727705510890352,0.0,0.0,0.0,0.0,0.0,24.0,2.0,0.6365141682928128,0.0,0.0,49.96666666666667,0.0,0.0,0.0,0.0,20.0,262.0,0.0,23,0,0.552739165985282,227.6920434856402,599.5,0.0,0.0,0.0,0.0,2
712.0,3.0,0.3492417677813998,0.0,0.0,0.0,0.0,0.0,164.0,3.0,0.4318194025818073,0.0,0.0,57.333333333333336,0.0,0.0,0.0,0.0,22.0,934.0,0.0,0,0,0.552739165985282,3.46410161513729,713.0,0.0,0.0,0.0,0.0,2
714.0,5.0,1.0041693047973823,0.0,0.0,0.0,0.0,0.0,42.0,3.0,0.9989405267974004,0.0,0.0,66.73333333333333,0.0,0.0,16.0,0.0,88.0,2582.0,16.0,0,0,0.552739165985282,2.8284271247456205,714.0,0.0,0.0,0.0,0.0,2
716.0,1.0,-1.000088900581841e-12,0.0,0.0,0.0,0.0,0.0,24.0,1.0,-1.000088900581841e-12,0.0,0.0,78.4,0.0,0.0,0.0,0.0,0.0,0.0,0.0,1,0,0.552739165985282,2.581988897470995,715.0,0.0,0.0,0.0,0.0,2
514.0,1.0,-1.000088900581841e-12,0.0,0.0,0.0,0.0,0.0,24.0,1.0,-1.000088900581841e-12,0.0,0.0,90.13333333333334,0.0,0.0,0.0,0.0,0.0,0.0,0.0,1,0,0.552739165985282,100.01333244456292,664.0,0.0,0.0,0.0,0.0,2
0.0,0.0,0.0,0.0,0.0,0.0,0.0,0.0,10.0,1.0,-1.000088900581841e-12,0.0,0.0,99.33333333333331,0.0,0.0,0.0,0.0,0.0,0.0,0.0,2,0,0.552739165985282,337.57172077451435,486.0,0.0,0.0,0.0,0.0,2
0.0,0.0,0.0,0.0,0.0,0.0,0.0,0.0,0.0,0.0,0.0,0.0,0.0,100.0,0.0,0.0,0.0,0.0,0.0,0.0,0.0,2,0,0.552739165985282,364.5211470774592,307.5,0.0,0.0,0.0,0.0,2
0.0,0.0,0.0,0.0,0.0,0.0,0.0,0.0,0.0,0.0,0.0,0.0,0.0,100.0,0.0,0.0,0.0,0.0,0.0,0.0,0.0,3,0,0.552739165985282,257.0,128.5,0.0,0.0,0.0,0.0,2
0.0,0.0,0.0,0.0,0.0,0.0,0.0,0.0,0.0,0.0,0.0,0.0,0.0,100.0,0.0,0.0,0.0,0.0,0.0,0.0,0.0,3,0,0.552739165985282,0.0,0.0,0.0,0.0,0.0,0.0,2
0.0,0.0,0.0,0.0,0.0,0.0,0.0,0.0,0.0,0.0,0.0,0.0,0.0,100.0,0.0,0.0,0.0,0.0,0.0,0.0,0.0,4,0,0.552739165985282,0.0,0.0,0.0,0.0,0.0,0.0,2
0.0,0.0,0.0,0.0,0.0,0.0,0.0,0.0,0.0,0.0,0.0,0.0,0.0,100.0,0.0,0.0,0.0,0.0,0.0,0.0,0.0,4,0,0.552739165985282,0.0,0.0,0.0,0.0,0.0,0.0,2
0.0,0.0,0.0,0.0,0.0,0.0,0.0,0.0,0.0,0.0,0.0,0.0,0.0,100.0,0.0,0.0,0.0,0.0,0.0,0.0,0.0,5,0,0.552739165985282,0.0,0.0,0.0,0.0,0.0,0.0,2
72.0,1.0,-1.000088900581841e-12,0.0,0.0,0.0,0.0,0.0,48.0,2.0,0.2868359830541607,0.0,0.0,100.0,0.0,0.0,0.0,0.0,22.0,0.0,6.0,5,0,0.552739165985282,36.000000000000135,18.0,0.0,0.0,0.0,0.0,2
716.0,1.0,-1.000088900581841e-12,0.0,0.0,0.0,0.0,0.0,0.0,0.0,0.0,0.0,0.0,100.0,0.0,0.0,0.0,0.0,0.0,0.0,0.0,6,0,0.552739165985282,347.66075418430535,197.0,0.0,0.0,0.0,0.0,2
638.0,1.0,-1.000088900581841e-12,0.0,0.0,0.0,0.0,0.0,0.0,0.0,0.0,0.0,0.0,100.0,0.0,0.0,0.0,0.0,0.0,0.0,0.0,6,0,0.552739165985282,372.61016268123086,356.5,0.0,0.0,0.0,0.0,2
0.0,0.0,0.0,0.0,0.0,0.0,0.0,0.0,4.0,1.0,-1.000088900581841e-12,0.0,0.0,100.0,0.0,0.0,0.0,0.0,0.0,0.0,0.0,7,0,0.552739165985282,372.61016268123086,356.5,0.0,0.0,0.0,0.0,2
714.0,6.0,0.5169192621988922,0.0,0.0,0.0,0.0,0.0,40.0,3.0,1.0486537893563546,0.0,0.0,100.0,0.0,0.0,0.0,0.0,154.0,242.0,32.0,7,0,0.552739165985282,346.5737054846102,517.0,0.0,0.0,0.0,0.0,2
710.0,4.0,0.8366100426733751,0.0,0.0,0.0,0.0,0.0,58.0,2.0,0.6637254974702314,0.0,0.0,99.53846153846152,0.0,16.0,0.0,14.0,198.0,1136.0,38.0,8,1,0.552739165985282,345.4364389194246,515.5,0.0,0.0,0.0,0.0,2
712.0,4.0,1.0567486123454684,0.0,0.0,0.0,0.0,0.0,56.0,3.0,0.8982053397011498,0.0,0.0,98.71428571428572,0.0,0.0,0.0,0.0,264.0,886.0,38.0,8,1,0.552739165985282,356.00374529865087,534.0,0.0,0.0,0.0,0.0,2
712.0,6.0,1.285111271474309,0.0,0.0,0.0,0.0,0.0,26.0,3.0,0.6870920273769716,0.0,0.0,97.36363636363636,0.0,0.0,0.0,0.0,132.0,2032.0,36.0,9,1,0.552739165985282,1.000000000000009,711.5,0.0,0.0,0.0,0.0,2
708.0,4.0,0.9341213039938524,0.0,0.0,0.0,0.0,0.0,64.0,3.0,0.8815322611851637,0.0,0.0,96.33333333333331,0.0,0.0,0.0,0.0,374.0,1768.0,50.0,10,1,0.552739165985282,2.0000000000000044,711.0,0.0,0.0,0.0,0.0,2
714.0,3.0,1.0110364380807186,0.0,0.0,0.0,0.0,0.0,176.0,3.0,0.9011517988756388,0.0,0.0,95.5,0.0,0.0,0.0,0.0,242.0,2602.0,38.0,10,1,0.552739165985282,2.5166114784235907,711.5,0.0,0.0,0.0,0.0,2
714.0,6.0,1.0841366124451488,0.0,0.0,0.0,0.0,0.0,112.0,3.0,0.832535428545953,0.0,0.0,94.76923076923076,0.0,0.0,0.0,0.0,242.0,1374.0,34.0,11,1,0.552739165985282,2.8284271247461934,712.0,0.0,0.0,0.0,0.0,2
712.0,6.0,0.9750988740334938,0.0,0.0,0.0,0.0,0.0,120.0,2.0,0.2449300267926353,0.0,0.0,93.4375,0.0,0.0,0.0,0.0,176.0,1944.0,14.0,11,1,0.552739165985282,2.8284271247461934,712.0,0.0,0.0,0.0,0.0,2
706.0,3.0,0.872545133729766,0.0,0.0,0.0,0.0,0.0,216.0,2.0,0.2640520518236287,0.0,0.0,92.14285714285714,0.0,0.0,0.0,0.0,242.0,322.0,32.0,12,1,0.552739165985282,3.7859388972001873,711.5,0.0,0.0,0.0,0.0,2
710.0,3.0,0.7637103841323041,0.0,0.0,0.0,0.0,0.0,124.0,2.0,0.3845429197542286,0.0,0.0,91.625,0.0,0.0,0.0,0.0,198.0,426.0,28.0,12,1,0.552739165985282,3.415650255319866,710.5,0.0,0.0,0.0,0.0,2
710.0,6.0,0.8777231420978706,0.0,0.0,0.0,0.0,0.0,314.0,3.0,0.2395391247686984,0.0,0.0,90.7,0.0,0.0,0.0,0.0,154.0,1266.0,18.0,13,1,0.552739165985282,2.5166114784235907,709.5,0.0,0.0,0.0,0.0,2
706.0,10.0,1.0690625558973663,0.0,0.0,0.0,0.0,0.0,52.0,4.0,1.3516811946818947,0.0,0.0,69.88888888888889,0.0,0.0,0.0,0.0,242.0,446.0,14.0,17,1,0.552739165985282,3.829708431025352,711.0,0.0,0.0,8.717797887081348,7.0,2
698.0,4.0,0.6700987991321901,0.0,0.0,0.0,0.0,0.0,102.0,5.0,0.9163745835723645,0.0,0.0,69.0,0.0,0.0,0.0,0.0,88.0,556.0,16.0,18,1,0.552739165985282,6.831300510639732,707.0,0.0,0.0,5.000000000000002,2.5,2
712.0,7.0,1.4635502972089625,0.0,0.0,0.0,0.0,0.0,154.0,6.0,0.911658186211736,0.0,0.0,67.17647058823529,0.0,0.0,0.0,0.0,198.0,3790.0,32.0,18,1,0.552739165985282,6.191391873668902,706.5,0.0,0.0,0.0,0.0,2
718.0,1.0,-1.000088900581841e-12,0.0,0.0,0.0,0.0,0.0,240.0,2.0,0.0481942787777793,0.0,0.0,63.03333333333333,0.0,0.0,0.0,0.0,0.0,0.0,0.0,19,1,0.552739165985282,8.544003745317525,708.5,0.0,0.0,0.0,0.0,2
716.0,4.0,0.2607564927851951,0.0,0.0,0.0,0.0,0.0,274.0,5.0,0.2052645160237026,0.0,0.0,57.888888888888886,0.0,0.0,0.0,0.0,22.0,916.0,0.0,19,1,0.552739165985282,9.018499505645778,711.0,0.0,0.0,0.0,0.0,2
706.0,6.0,1.0732311332699107,0.0,0.0,0.0,0.0,0.0,162.0,3.0,0.5637647858593802,0.0,0.0,54.54545454545455,0.0,0.0,0.0,0.0,132.0,2658.0,28.0,20,1,0.552739165985282,5.291502622129156,713.0,0.0,0.0,0.0,0.0,2
704.0,3.0,0.6896185206145399,0.0,0.0,0.0,0.0,0.0,66.0,4.0,1.090059658706784,0.0,0.0,53.5,0.0,0.0,0.0,0.0,154.0,846.0,28.0,20,1,0.552739165985282,7.023769168568479,711.0,0.0,0.0,0.0,0.0,2
706.0,3.0,0.4801879091284921,0.0,0.0,0.0,0.0,0.0,16.0,2.0,0.5623351446168083,0.0,0.0,53.0,0.0,0.0,0.0,0.0,308.0,170.0,22.0,21,0,0.552739165985282,5.416025603090612,708.0,0.0,0.0,0.0,0.0,2
708.0,5.0,0.8932038293373212,0.0,0.0,0.0,0.0,0.0,62.0,5.0,1.0730837464389582,0.0,0.0,52.27272727272727,0.0,0.0,0.0,0.0,110.0,346.0,10.0,21,0,0.552739165985282,1.6329931618553823,706.0,0.0,0.0,0.0,0.0,2
704.0,3.0,0.2504956336691223,0.0,0.0,0.0,0.0,0.0,82.0,4.0,0.4866813679094716,0.0,0.0,51.1,0.0,0.0,0.0,0.0,22.0,656.0,0.0,22,0,0.552739165985282,1.914854215512617,705.5,0.0,0.0,0.0,0.0,2
706.0,3.0,0.2207236283287418,0.0,0.0,0.0,0.0,0.0,186.0,3.0,0.3184609792977231,0.0,0.0,50.42857142857143,0.0,0.0,0.0,0.0,44.0,1424.0,18.0,22,0,0.552739165985282,1.6329931618553823,706.0,0.0,0.0,0.0,0.0,2
712.0,6.0,1.5443734017542186,0.0,0.0,0.0,0.0,0.0,138.0,5.0,1.1782102357937472,0.0,0.0,48.90909090909091,0.0,0.0,0.0,0.0,132.0,6490.0,28.0,23,0,0.552739165985282,3.4156502553198327,707.5,0.0,0.0,0.0,0.0,2
716.0,7.0,1.641857980458688,0.0,0.0,0.0,0.0,0.0,120.0,2.0,0.3602305211926065,0.0,0.0,45.869565217391305,0.0,0.0,12.0,0.0,88.0,8102.0,12.0,23,0,0.552739165985282,5.5075705472860745,709.5,0.0,0.0,0.0,0.0,2
716.0,1.0,-1.000088900581841e-12,0.0,0.0,0.0,0.0,0.0,0.0,0.0,0.0,0.0,0.0,44.333333333333336,0.0,0.0,0.0,0.0,0.0,0.0,0.0,0,0,0.552739165985282,4.725815626252564,712.5,0.0,0.0,0.0,0.0,2
684.0,1.0,-1.000088900581841e-12,0.0,0.0,0.0,0.0,0.0,0.0,0.0,0.0,0.0,0.0,44.0,0.0,0.0,0.0,0.0,0.0,0.0,0.0,0,0,0.552739165985282,15.44884030167527,707.0,0.0,0.0,0.0,0.0,2
0.0,0.0,0.0,0.0,0.0,0.0,0.0,0.0,0.0,0.0,0.0,0.0,0.0,44.0,18.0,0.0,0.0,0.0,0.0,0.0,0.0,1,0,0.552739165985282,352.9891405317356,529.0,0.0,0.0,0.0,0.0,2
0.0,0.0,0.0,0.0,0.0,0.0,0.0,0.0,0.0,0.0,0.0,0.0,0.0,44.0,12.0,0.0,0.0,0.0,0.0,0.0,0.0,1,0,0.552739165985282,404.3562785465313,350.0,0.0,0.0,0.0,0.0,2
0.0,0.0,0.0,0.0,0.0,0.0,0.0,0.0,0.0,0.0,0.0,0.0,0.0,43.5,0.0,0.0,0.0,0.0,0.0,0.0,0.0,2,0,0.552739165985282,342.00000000000006,171.0,0.0,0.0,0.0,0.0,2
0.0,0.0,0.0,0.0,0.0,0.0,0.0,0.0,0.0,0.0,0.0,0.0,0.0,43.0,0.0,0.0,0.0,0.0,0.0,0.0,0.0,2,0,0.552739165985282,0.0,0.0,0.0,0.0,0.0,0.0,2
0.0,0.0,0.0,0.0,0.0,0.0,0.0,0.0,0.0,0.0,0.0,0.0,0.0,43.0,0.0,0.0,0.0,0.0,0.0,0.0,0.0,3,0,0.552739165985282,0.0,0.0,0.0,0.0,0.0,0.0,2
0.0,0.0,0.0,0.0,0.0,0.0,0.0,0.0,0.0,0.0,0.0,0.0,0.0,43.0,16.0,0.0,0.0,0.0,0.0,0.0,0.0,3,0,0.552739165985282,0.0,0.0,0.0,0.0,0.0,0.0,2
0.0,0.0,0.0,0.0,0.0,0.0,0.0,0.0,0.0,0.0,0.0,0.0,0.0,42.5,0.0,0.0,0.0,0.0,0.0,0.0,0.0,4,0,0.552739165985282,0.0,0.0,0.0,0.0,0.0,0.0,2
0.0,0.0,0.0,0.0,0.0,0.0,0.0,0.0,0.0,0.0,0.0,0.0,0.0,42.0,0.0,0.0,0.0,0.0,0.0,0.0,0.0,4,0,0.552739165985282,0.0,0.0,0.0,0.0,0.0,0.0,2
0.0,0.0,0.0,0.0,0.0,0.0,0.0,0.0,0.0,0.0,0.0,0.0,0.0,42.0,0.0,0.0,0.0,0.0,0.0,0.0,0.0,5,0,0.552739165985282,0.0,0.0,0.0,0.0,0.0,0.0,2
0.0,0.0,0.0,0.0,0.0,0.0,0.0,0.0,0.0,0.0,0.0,0.0,0.0,42.0,0.0,0.0,0.0,0.0,0.0,0.0,0.0,5,0,0.552739165985282,0.0,0.0,0.0,0.0,0.0,0.0,2
0.0,0.0,0.0,0.0,0.0,0.0,0.0,0.0,4.0,1.0,-1.000088900581841e-12,0.0,0.0,41.16666666666666,0.0,0.0,0.0,0.0,0.0,0.0,0.0,6,0,0.552739165985282,0.0,0.0,0.0,0.0,0.0,0.0,2
716.0,3.0,0.4324738313791543,0.0,0.0,0.0,0.0,0.0,38.0,4.0,1.1184066545571023,0.0,0.0,41.0,0.0,16.0,0.0,0.0,44.0,270.0,6.0,6,0,0.552739165985282,358.00000000000006,179.0,0.0,0.0,0.0,0.0,2
716.0,1.0,-1.000088900581841e-12,0.0,0.0,0.0,0.0,0.0,0.0,0.0,0.0,0.0,0.0,41.0,0.0,0.0,0.0,0.0,0.0,0.0,0.0,7,0,0.552739165985282,413.38279273977207,358.0,0.0,0.0,0.0,0.0,2
90.0,1.0,-1.000088900581841e-12,0.0,0.0,0.0,0.0,0.0,0.0,0.0,0.0,0.0,0.0,40.142857142857146,0.0,0.0,0.0,0.0,22.0,0.0,0.0,7,0,0.552739165985282,389.14050590157456,380.5,0.0,0.0,0.0,0.0,2
478.0,3.0,1.046576784355416,0.0,0.0,0.0,0.0,0.0,56.0,4.0,1.33373602719881,0.0,0.0,40.0,0.0,0.0,0.0,16.0,88.0,0.0,10.0,8,1,0.552739165985282,295.4634777204565,500.0,0.0,0.0,0.0,0.0,2
708.0,5.0,1.096087044641288,0.0,0.0,0.0,0.0,0.0,54.0,3.0,0.8872110027571254,0.0,0.0,38.875,0.0,0.0,0.0,0.0,242.0,1886.0,32.0,8,1,0.552739165985282,293.5347793135708,498.0,0.0,0.0,0.0,0.0,2
706.0,8.0,0.987363644431386,0.0,0.0,0.0,0.0,0.0,44.0,4.0,1.294545165840896,0.0,0.0,37.85714285714285,0.0,0.0,0.0,0.0,110.0,326.0,28.0,9,1,0.552739165985282,291.0916236055813,495.5,0.0,0.0,0.0,0.0,1
704.0,7.0,1.096610339994588,0.0,0.0,0.0,0.0,0.0,72.0,2.0,0.4505612088643047,0.0,0.0,37.0,0.0,0.0,0.0,0.0,66.0,384.0,16.0,9,1,0.552739165985282,114.01169530651984,649.0,0.0,0.0,0.0,0.0,2
700.0,1.0,-1.000088900581841e-12,0.0,0.0,0.0,0.0,0.0,84.0,1.0,-1.000088900581841e-12,0.0,0.0,36.71428571428572,0.0,0.0,0.0,0.0,0.0,0.0,0.0,10,1,0.552739165985282,3.415650255328032,704.5,0.0,0.0,0.0,0.0,1
702.0,5.0,0.9097172934097584,0.0,0.0,0.0,0.0,0.0,498.0,5.0,0.3005552002847148,0.0,0.0,35.714285714285715,0.0,0.0,0.0,0.0,44.0,1158.0,20.0,10,1,0.552739165985282,2.5819888974824243,703.0,0.0,0.0,0.0,0.0,1
706.0,3.0,0.2105009262637538,0.0,0.0,0.0,0.0,0.0,50.0,4.0,1.0201306524973128,0.0,0.0,34.833333333333336,0.0,0.0,0.0,0.0,264.0,826.0,26.0,11,1,0.552739165985282,2.5819888974824243,703.0,0.0,0.0,0.0,0.0,1
704.0,2.0,0.1486868864343743,0.0,0.0,0.0,0.0,0.0,68.0,2.0,0.4659992569590426,0.0,0.0,34.0,0.0,0.0,0.0,0.0,328.0,516.0,24.0,11,1,0.552739165985282,2.5819888974824243,703.0,0.0,0.0,0.0,0.0,1
708.0,4.0,0.7790464469807932,0.0,0.0,0.0,0.0,0.0,584.0,3.0,0.2678886229519197,0.0,0.0,33.30769230769231,0.0,0.0,0.0,0.0,374.0,2420.0,60.0,12,1,0.552739165985282,2.5819888974824243,705.0,0.0,0.0,0.0,0.0,1
708.0,2.0,0.5378387729793407,0.0,0.0,0.0,0.0,0.0,84.0,2.0,0.410116318286409,0.0,0.0,30.33333333333333,0.0,0.0,0.0,0.0,66.0,572.0,22.0,13,1,0.552739165985282,2.0000000000139644,707.0,0.0,0.0,0.0,0.0,2
710.0,6.0,1.1269660669179171,0.0,0.0,0.0,0.0,0.0,198.0,5.0,0.725009142438304,0.0,0.0,28.83333333333333,0.0,0.0,0.0,0.0,416.0,2734.0,58.0,13,1,0.552739165985282,1.000000000027929,708.5,0.0,0.0,0.0,0.0,2
714.0,5.0,1.0108115337166024,0.0,0.0,0.0,0.0,0.0,144.0,3.0,0.8664044777441551,0.0,0.0,27.0,0.0,0.0,0.0,0.0,308.0,4056.0,40.0,14,1,0.552739165985282,2.8284271247560744,710.0,0.0,0.0,0.0,0.0,1
712.0,4.0,0.9593914865012072,0.0,0.0,0.0,0.0,0.0,218.0,3.0,0.5773742935053451,0.0,0.0,24.875,0.0,0.0,0.0,0.0,220.0,3110.0,42.0,14,1,0.552739165985282,2.5819888974824465,711.0,0.0,0.0,0.0,0.0,1
706.0,2.0,0.644686021271264,0.0,0.0,0.0,0.0,0.0,216.0,2.0,0.4791656239262754,0.0,0.0,23.0,0.0,0.0,0.0,0.0,330.0,1372.0,76.0,15,1,0.552739165985282,3.4156502553280568,710.5,0.0,0.0,0.0,0.0,1
706.0,2.0,0.4817977767705167,0.0,0.0,0.0,0.0,0.0,96.0,2.0,0.5623351446168083,0.0,0.0,21.83333333333333,0.0,0.0,0.0,0.0,308.0,406.0,38.0,15,1,0.552739165985282,4.123105625624441,709.5,0.0,0.0,0.0,0.0,1
706.0,2.0,0.0861103927473634,0.0,0.0,0.0,0.0,0.0,246.0,2.0,0.0831034579856568,0.0,0.0,20.83333333333333,0.0,0.0,0.0,0.0,66.0,32.0,6.0,16,1,0.552739165985282,3.000000000009319,707.5,0.0,0.0,0.0,0.0,1
708.0,2.0,0.2091893742460128,0.0,0.0,0.0,0.0,0.0,30.0,2.0,0.6730116670072565,0.0,0.0,20.0,0.0,0.0,0.0,0.0,108.0,66.0,18.0,16,1,0.552739165985282,1.0000000000279574,706.5,0.0,0.0,0.0,0.0,1
708.0,3.0,0.9220286777336364,0.0,0.0,0.0,0.0,0.0,92.0,3.0,0.5275621548993591,0.0,0.0,18.55555555555556,0.0,0.0,0.0,0.0,132.0,1808.0,32.0,17,1,0.552739165985282,1.1547005384034716,707.0,0.0,0.0,0.0,0.0,2
710.0,7.0,0.8057022915205077,0.0,0.0,0.0,0.0,0.0,134.0,4.0,0.7714808606651767,0.0,0.0,16.88888888888889,0.0,0.0,0.0,0.0,174.0,1166.0,38.0,17,1,0.552739165985282,1.6329931618725666,708.0,0.0,0.0,0.0,0.0,2
420.0,3.0,0.6179887213299644,0.0,0.0,0.0,0.0,0.0,12.0,2.0,0.6365141682928128,0.0,0.0,16.0,0.0,0.0,0.0,0.0,326.0,1778.0,64.0,18,1,0.552739165985282,144.33641259224942,636.5,0.0,0.0,0.0,0.0,2
0.0,0.0,0.0,0.0,0.0,0.0,0.0,0.0,0.0,0.0,0.0,0.0,0.0,0.0,0.0,0.0,0.0,0.0,158.0,594.0,18.0,18,1,0.552739165985282,335.2625836564529,459.5,0.0,0.0,0.0,0.0,2
0.0,0.0,0.0,0.0,0.0,0.0,0.0,0.0,0.0,0.0,0.0,0.0,0.0,0.0,0.0,0.0,0.0,0.0,20.0,0.0,0.0,19,1,0.552739165985282,347.0230539892127,282.5,0.0,0.0,0.0,0.0,2
0.0,0.0,0.0,0.0,0.0,0.0,0.0,0.0,0.0,0.0,0.0,0.0,0.0,0.0,14.0,0.0,0.0,0.0,20.0,0.0,0.0,19,1,0.552739165985282,210.00000000000009,105.0,0.0,0.0,0.0,0.0,1
0.0,0.0,0.0,0.0,0.0,0.0,0.0,0.0,0.0,0.0,0.0,0.0,0.0,0.0,0.0,0.0,0.0,0.0,20.0,170.0,6.0,20,1,0.552739165985282,0.0,0.0,0.0,0.0,0.0,0.0,1
216.0,3.0,0.2787918185632789,0.0,0.0,0.0,0.0,0.0,40.0,2.0,0.3250829733894482,0.0,0.0,10.428571428571429,0.0,0.0,0.0,0.0,48.0,1514.0,12.0,20,1,0.552739165985282,108.00000000000016,54.0,0.0,0.0,0.0,0.0,1
704.0,2.0,0.0350433959644759,0.0,0.0,0.0,0.0,0.0,50.0,2.0,0.167944147732173,0.0,0.0,9.714285714285714,0.0,0.0,0.0,0.0,0.0,22.0,0.0,21,0,0.552739165985282,332.00000000000006,230.0,0.0,0.0,0.0,0.0,1
702.0,1.0,-1.000088900581841e-12,0.0,0.0,0.0,0.0,0.0,92.0,1.0,-1.000088900581841e-12,0.0,0.0,9.0,0.0,0.0,0.0,0.0,0.0,0.0,0.0,21,0,0.552739165985282,354.6618107437,405.5,0.0,0.0,0.0,0.0,1
660.0,2.0,0.6922470022458754,0.0,0.0,0.0,0.0,0.0,402.0,3.0,0.2530445541389973,0.0,0.0,8.363636363636363,22.0,0.0,0.0,0.0,224.0,3706.0,52.0,22,0,0.552739165985282,237.20244518132617,570.5,0.0,0.0,0.0,0.0,2
708.0,6.0,0.8759742902530754,0.0,0.0,0.0,0.0,0.0,44.0,3.0,0.9369181202474688,0.0,0.0,7.0,0.0,0.0,0.0,0.0,308.0,1046.0,64.0,22,0,0.552739165985282,22.47220505424546,693.5,0.0,0.0,0.0,0.0,2
714.0,4.0,0.7639915729854698,0.0,0.0,0.0,0.0,0.0,82.0,3.0,0.7364080579045251,0.0,0.0,5.454545454545454,0.0,0.0,0.0,0.0,168.0,1948.0,34.0,23,0,0.552739165985282,24.494897427832907,696.0,0.0,0.0,0.0,0.0,2
708.0,4.0,0.1805715618701067,0.0,0.0,0.0,0.0,0.0,52.0,3.0,0.9291687604809372,0.0,28.0,10.95,0.0,0.0,18.0,0.0,112.0,342.0,6.0,23,0,0.552739165985282,25.159491250819343,697.5,0.0,0.0,0.0,0.0,2
714.0,1.0,-1.000088900581841e-12,0.0,0.0,0.0,0.0,0.0,54.0,1.0,-1.000088900581841e-12,0.0,0.0,32.6551724137931,0.0,0.0,0.0,0.0,0.0,0.0,0.0,0,0,0.552739165985282,3.4641016151457187,711.0,0.0,0.0,0.0,0.0,2
314.0,1.0,-1.000088900581841e-12,0.0,0.0,0.0,0.0,0.0,52.0,1.0,-1.000088900581841e-12,0.0,0.0,58.5,0.0,0.0,0.0,0.0,0.0,0.0,0.0,0,0,0.552739165985282,199.020099487464,612.5,0.0,0.0,0.0,0.0,2
0.0,0.0,0.0,0.0,0.0,0.0,0.0,0.0,40.0,1.0,-1.000088900581841e-12,0.0,0.0,83.43333333333334,0.0,0.0,0.0,0.0,0.0,0.0,0.0,1,0,0.552739165985282,344.59251297728457,434.0,0.0,0.0,0.0,0.0,2
0.0,0.0,0.0,0.0,0.0,0.0,0.0,0.0,16.0,1.0,-1.000088900581841e-12,0.0,0.0,97.53333333333332,0.0,0.0,0.0,0.0,0.0,0.0,0.0,1,0,0.552739165985282,338.7211242305387,257.0,0.0,0.0,0.0,0.0,2
0.0,0.0,0.0,0.0,0.0,0.0,0.0,0.0,0.0,0.0,0.0,0.0,0.0,100.0,0.0,0.0,0.0,0.0,0.0,0.0,0.0,2,0,0.552739165985282,157.00000000000009,78.5,0.0,0.0,0.0,0.0,2
0.0,0.0,0.0,0.0,0.0,0.0,0.0,0.0,0.0,0.0,0.0,0.0,0.0,100.0,0.0,0.0,0.0,0.0,0.0,0.0,0.0,2,0,0.552739165985282,0.0,0.0,0.0,0.0,0.0,0.0,2
0.0,0.0,0.0,0.0,0.0,0.0,0.0,0.0,0.0,0.0,0.0,0.0,0.0,100.0,0.0,0.0,0.0,0.0,0.0,0.0,0.0,3,0,0.552739165985282,0.0,0.0,0.0,0.0,0.0,0.0,2
0.0,0.0,0.0,0.0,0.0,0.0,0.0,0.0,0.0,0.0,0.0,0.0,0.0,100.0,0.0,0.0,0.0,0.0,0.0,0.0,0.0,3,0,0.552739165985282,0.0,0.0,0.0,0.0,0.0,0.0,2
0.0,0.0,0.0,0.0,0.0,0.0,0.0,0.0,0.0,0.0,0.0,0.0,0.0,100.0,0.0,0.0,0.0,0.0,0.0,0.0,0.0,4,0,0.552739165985282,0.0,0.0,0.0,0.0,0.0,0.0,2
0.0,0.0,0.0,0.0,0.0,0.0,0.0,0.0,0.0,0.0,0.0,0.0,0.0,100.0,0.0,0.0,0.0,0.0,0.0,0.0,0.0,4,0,0.552739165985282,0.0,0.0,0.0,0.0,0.0,0.0,2
0.0,0.0,0.0,0.0,0.0,0.0,0.0,0.0,0.0,0.0,0.0,0.0,0.0,100.0,0.0,0.0,0.0,0.0,0.0,0.0,0.0,5,0,0.552739165985282,0.0,0.0,0.0,0.0,0.0,0.0,2
0.0,0.0,0.0,0.0,0.0,0.0,0.0,0.0,0.0,0.0,0.0,0.0,0.0,100.0,0.0,0.0,0.0,0.0,0.0,0.0,0.0,5,0,0.552739165985282,0.0,0.0,0.0,0.0,0.0,0.0,2
0.0,0.0,0.0,0.0,0.0,0.0,0.0,0.0,0.0,0.0,0.0,0.0,0.0,100.0,0.0,0.0,0.0,0.0,0.0,0.0,0.0,6,0,0.552739165985282,0.0,0.0,0.0,0.0,0.0,0.0,2
0.0,0.0,0.0,0.0,0.0,0.0,0.0,0.0,0.0,0.0,0.0,0.0,0.0,100.0,0.0,0.0,0.0,0.0,0.0,0.0,0.0,6,0,0.552739165985282,0.0,0.0,0.0,0.0,0.0,0.0,2
0.0,0.0,0.0,0.0,0.0,0.0,0.0,0.0,0.0,0.0,0.0,0.0,0.0,100.0,0.0,0.0,0.0,0.0,0.0,0.0,0.0,7,0,0.552739165985282,0.0,0.0,0.0,0.0,0.0,0.0,2
0.0,0.0,0.0,0.0,0.0,0.0,0.0,0.0,0.0,0.0,0.0,0.0,0.0,100.0,0.0,0.0,0.0,0.0,30.0,0.0,0.0,7,0,0.552739165985282,0.0,0.0,0.0,0.0,0.0,0.0,2
0.0,0.0,0.0,0.0,0.0,0.0,0.0,0.0,4.0,1.0,-1.000088900581841e-12,0.0,0.0,100.0,0.0,0.0,0.0,0.0,0.0,0.0,0.0,8,1,0.552739165985282,0.0,0.0,0.0,0.0,0.0,0.0,2
712.0,8.0,1.6950029437648657,0.0,0.0,0.0,0.0,0.0,154.0,6.0,1.3880999909272247,0.0,0.0,99.45833333333331,0.0,0.0,0.0,0.0,240.0,4590.0,32.0,8,1,0.552739165985282,356.0,178.0,0.0,0.0,0.0,0.0,2
702.0,6.0,1.1553516738261345,0.0,0.0,0.0,0.0,0.0,144.0,4.0,1.1219063834320606,0.0,0.0,97.58333333333331,0.0,0.0,0.0,0.0,270.0,2418.0,30.0,9,1,0.552739165985282,408.2070553040455,353.5,0.0,0.0,0.0,0.0,2
712.0,4.0,0.6531072034155032,0.0,0.0,0.0,0.0,0.0,74.0,4.0,1.2371673055203216,0.0,0.0,96.57142857142856,0.0,0.0,0.0,0.0,300.0,700.0,38.0,9,1,0.552739165985282,354.36468973831654,531.5,0.0,0.0,0.0,0.0,2
710.0,1.0,-1.000088900581841e-12,0.0,0.0,0.0,0.0,0.0,0.0,0.0,0.0,0.0,0.0,96.0,0.0,0.0,0.0,0.0,0.0,0.0,0.0,10,1,0.552739165985282,4.760952285697951,709.0,0.0,0.0,0.0,0.0,2
644.0,1.0,-1.000088900581841e-12,0.0,0.0,0.0,0.0,0.0,0.0,0.0,0.0,0.0,0.0,95.16666666666669,0.0,0.0,0.0,0.0,0.0,0.0,0.0,10,1,0.552739165985282,32.29034943549996,692.0,0.0,0.0,0.0,0.0,2
0.0,0.0,0.0,0.0,0.0,0.0,0.0,0.0,0.0,0.0,0.0,0.0,0.0,95.0,20.0,0.0,0.0,0.0,0.0,0.0,0.0,11,1,0.552739165985282,345.7797950526703,516.5,0.0,0.0,0.0,0.0,2
0.0,0.0,0.0,0.0,0.0,0.0,0.0,0.0,0.0,0.0,0.0,0.0,0.0,94.0,0.0,0.0,0.0,0.0,0.0,0.0,0.0,11,1,0.552739165985282,391.79373825181705,338.5,0.0,0.0,0.0,0.0,2
0.0,0.0,0.0,0.0,0.0,0.0,0.0,0.0,0.0,0.0,0.0,0.0,0.0,93.66666666666669,14.0,0.0,0.0,0.0,0.0,0.0,0.0,12,1,0.552739165985282,322.0,161.0,0.0,0.0,0.0,0.0,2
0.0,0.0,0.0,0.0,0.0,0.0,0.0,0.0,0.0,0.0,0.0,0.0,0.0,93.0,0.0,0.0,0.0,0.0,0.0,0.0,0.0,12,1,0.552739165985282,0.0,0.0,0.0,0.0,0.0,0.0,2
0.0,0.0,0.0,0.0,0.0,0.0,0.0,0.0,0.0,0.0,0.0,0.0,0.0,92.16666666666669,0.0,0.0,0.0,0.0,0.0,0.0,0.0,13,1,0.552739165985282,0.0,0.0,0.0,0.0,0.0,0.0,2
0.0,0.0,0.0,0.0,0.0,0.0,0.0,0.0,0.0,0.0,0.0,0.0,0.0,92.0,22.0,0.0,0.0,0.0,0.0,0.0,0.0,13,1,0.552739165985282,0.0,0.0,0.0,0.0,0.0,0.0,2
0.0,0.0,0.0,0.0,0.0,0.0,0.0,0.0,0.0,0.0,0.0,0.0,0.0,91.0,0.0,0.0,0.0,0.0,0.0,0.0,0.0,14,1,0.552739165985282,0.0,0.0,0.0,0.0,0.0,0.0,2
0.0,0.0,0.0,0.0,0.0,0.0,0.0,0.0,0.0,0.0,0.0,0.0,0.0,90.5,0.0,0.0,0.0,0.0,0.0,0.0,0.0,14,1,0.552739165985282,0.0,0.0,0.0,0.0,0.0,0.0,2
0.0,0.0,0.0,0.0,0.0,0.0,0.0,0.0,0.0,0.0,0.0,0.0,0.0,90.0,0.0,0.0,0.0,0.0,0.0,0.0,0.0,15,1,0.552739165985282,0.0,0.0,0.0,0.0,0.0,0.0,2
0.0,0.0,0.0,0.0,0.0,0.0,0.0,0.0,0.0,0.0,0.0,0.0,0.0,89.0,0.0,0.0,0.0,0.0,0.0,0.0,0.0,15,1,0.552739165985282,0.0,0.0,0.0,0.0,0.0,0.0,2
0.0,0.0,0.0,0.0,0.0,0.0,0.0,0.0,0.0,0.0,0.0,0.0,0.0,88.33333333333333,0.0,0.0,0.0,0.0,0.0,0.0,0.0,16,1,0.552739165985282,0.0,0.0,0.0,0.0,0.0,0.0,2
404.0,3.0,0.4783703792062647,0.0,0.0,0.0,0.0,0.0,338.0,4.0,0.9107824271019164,0.0,0.0,87.5,0.0,0.0,0.0,0.0,210.0,520.0,54.0,16,1,0.552739165985282,202.00000000000009,101.0,0.0,0.0,0.0,0.0,2
712.0,3.0,0.8002836263311471,0.0,0.0,0.0,0.0,0.0,74.0,4.0,0.8343682725559782,0.0,0.0,85.3125,0.0,0.0,0.0,0.0,270.0,2222.0,22.0,17,1,0.552739165985282,335.9935515254224,455.5,0.0,0.0,0.0,0.0,2
704.0,2.0,0.097596530939261,0.0,0.0,0.0,0.0,0.0,14.0,4.0,1.351783994285646,0.0,0.0,84.0,0.0,0.0,0.0,0.0,210.0,542.0,8.0,18,1,0.552739165985282,151.70475712163196,631.5,0.0,0.0,0.0,0.0,2
708.0,2.0,0.0194007998621311,0.0,0.0,0.0,0.0,0.0,4.0,1.0,-1.000088900581841e-12,0.0,0.0,83.33333333333333,0.0,24.0,0.0,22.0,90.0,12.0,16.0,18,1,0.552739165985282,3.415650255320102,707.5,0.0,0.0,0.0,0.0,1
710.0,1.0,-1.000088900581841e-12,0.0,0.0,0.0,0.0,0.0,0.0,0.0,0.0,0.0,0.0,83.0,0.0,0.0,0.0,0.0,0.0,0.0,0.0,19,1,0.552739165985282,3.415650255320102,708.5,0.0,0.0,0.0,0.0,1
328.0,1.0,-1.000088900581841e-12,0.0,0.0,0.0,0.0,0.0,8.0,1.0,-1.000088900581841e-12,0.0,0.0,82.0,26.0,0.0,0.0,0.0,30.0,0.0,0.0,19,1,0.552739165985282,189.6830690037112,612.5,0.0,0.0,0.0,0.0,1
0.0,0.0,0.0,0.0,0.0,0.0,0.0,0.0,8.0,1.0,-1.000088900581841e-12,0.0,0.0,82.0,0.0,0.0,0.0,0.0,0.0,0.0,0.0,20,1,0.552739165985282,341.96442310080545,436.5,0.0,0.0,0.0,0.0,1
16.0,1.0,-1.000088900581841e-12,0.0,0.0,0.0,0.0,0.0,10.0,3.0,0.9502705392302344,0.0,0.0,81.5,18.0,0.0,0.0,0.0,30.0,0.0,0.0,20,1,0.552739165985282,333.77187818428723,263.5,0.0,0.0,0.0,0.0,1
702.0,1.0,-1.000088900581841e-12,0.0,0.0,0.0,0.0,0.0,40.0,1.0,-1.000088900581841e-12,0.0,0.0,81.0,0.0,0.0,0.0,0.0,0.0,0.0,0.0,21,0,0.552739165985282,330.2095294405256,261.5,0.0,0.0,0.0,0.0,1
704.0,5.0,1.1801462340234523,0.0,0.0,0.0,0.0,0.0,190.0,5.0,0.9177073850273594,0.0,0.0,80.16666666666667,0.0,0.0,0.0,0.0,120.0,408.0,32.0,21,0,0.552739165985282,401.3124302419085,355.5,0.0,0.0,0.0,0.0,1
702.0,1.0,-1.000088900581841e-12,0.0,0.0,0.0,0.0,0.0,24.0,1.0,-1.000088900581841e-12,0.0,0.0,80.0,0.0,0.0,0.0,0.0,60.0,0.0,0.0,22,0,0.552739165985282,343.33462782927484,531.0,0.0,0.0,0.0,0.0,1
704.0,1.0,-1.000088900581841e-12,0.0,0.0,0.0,0.0,0.0,8.0,1.0,-1.000088900581841e-12,0.0,0.0,79.71428571428571,0.0,0.0,0.0,0.0,30.0,0.0,0.0,22,0,0.552739165985282,1.1547005383820574,703.0,0.0,0.0,0.0,0.0,1
0.0,0.0,0.0,0.0,0.0,0.0,0.0,0.0,40.0,1.0,-1.000088900581841e-12,0.0,0.0,79.0,18.0,0.0,0.0,0.0,0.0,0.0,0.0,23,0,0.552739165985282,351.6679304874605,527.5,0.0,0.0,0.0,0.0,1
70.0,2.0,0.410116318286409,0.0,0.0,0.0,0.0,0.0,6.0,2.0,0.6365141682928128,0.0,0.0,79.0,0.0,0.0,0.0,0.0,30.0,408.0,12.0,23,0,0.552739165985282,386.72815603039135,369.0,0.0,0.0,0.0,0.0,1
708.0,1.0,-1.000088900581841e-12,0.0,0.0,0.0,0.0,0.0,2.0,1.0,-1.000088900581841e-12,0.0,0.0,78.0,0.0,0.0,0.0,0.0,150.0,0.0,0.0,0,0,0.552739165985282,388.4580629445947,370.5,0.0,0.0,0.0,0.0,1
706.0,1.0,-1.000088900581841e-12,0.0,0.0,0.0,0.0,0.0,2.0,1.0,-1.000088900581841e-12,0.0,0.0,78.0,0.0,0.0,0.0,0.0,30.0,0.0,10.0,0,0,0.552739165985282,389.0312755207907,371.0,0.0,0.0,0.0,0.0,1
716.0,5.0,1.0312135068666717,0.0,0.0,0.0,0.0,0.0,12.0,3.0,0.8675632284784613,0.0,0.0,76.57142857142857,0.0,0.0,18.0,0.0,0.0,3102.0,0.0,1,0,0.552739165985282,320.0291653375777,550.0,0.0,0.0,0.0,0.0,1
714.0,1.0,-1.000088900581841e-12,0.0,0.0,0.0,0.0,0.0,0.0,0.0,0.0,0.0,0.0,76.0,0.0,0.0,0.0,0.0,0.0,0.0,0.0,1,0,0.552739165985282,4.760952285697271,711.0,0.0,0.0,0.0,0.0,2
270.0,1.0,-1.000088900581841e-12,0.0,0.0,0.0,0.0,0.0,0.0,0.0,0.0,0.0,0.0,75.0,16.0,0.0,0.0,0.0,0.0,0.0,0.0,2,0,0.552739165985282,221.04222824308184,601.5,0.0,0.0,0.0,0.0,1
0.0,0.0,0.0,0.0,0.0,0.0,0.0,0.0,0.0,0.0,0.0,0.0,0.0,75.0,0.0,0.0,0.0,0.0,0.0,0.0,0.0,2,0,0.552739165985282,352.53935950472254,425.0,0.0,0.0,0.0,0.0,1
0.0,0.0,0.0,0.0,0.0,0.0,0.0,0.0,0.0,0.0,0.0,0.0,0.0,74.16666666666667,22.0,0.0,0.0,0.0,0.0,0.0,0.0,3,0,0.552739165985282,336.96290597037535,246.0,0.0,0.0,0.0,0.0,1
0.0,0.0,0.0,0.0,0.0,0.0,0.0,0.0,0.0,0.0,0.0,0.0,0.0,74.0,0.0,0.0,0.0,0.0,0.0,0.0,0.0,3,0,0.552739165985282,135.0,67.5,0.0,0.0,0.0,0.0,1
0.0,0.0,0.0,0.0,0.0,0.0,0.0,0.0,0.0,0.0,0.0,0.0,0.0,73.33333333333333,0.0,0.0,0.0,0.0,0.0,0.0,0.0,4,0,0.552739165985282,0.0,0.0,0.0,0.0,0.0,0.0,1
0.0,0.0,0.0,0.0,0.0,0.0,0.0,0.0,0.0,0.0,0.0,0.0,0.0,73.0,26.0,0.0,0.0,0.0,0.0,0.0,0.0,4,0,0.552739165985282,0.0,0.0,0.0,0.0,0.0,0.0,1
0.0,0.0,0.0,0.0,0.0,0.0,0.0,0.0,0.0,0.0,0.0,0.0,0.0,73.0,0.0,0.0,0.0,0.0,0.0,0.0,0.0,5,0,0.552739165985282,0.0,0.0,0.0,0.0,0.0,0.0,1
0.0,0.0,0.0,0.0,0.0,0.0,0.0,0.0,0.0,0.0,0.0,0.0,0.0,72.0,0.0,0.0,0.0,0.0,0.0,0.0,0.0,5,0,0.552739165985282,0.0,0.0,0.0,0.0,0.0,0.0,1
0.0,0.0,0.0,0.0,0.0,0.0,0.0,0.0,0.0,0.0,0.0,0.0,0.0,72.0,0.0,0.0,0.0,0.0,0.0,0.0,0.0,6,0,0.552739165985282,0.0,0.0,0.0,0.0,0.0,0.0,1
0.0,0.0,0.0,0.0,0.0,0.0,0.0,0.0,0.0,0.0,0.0,0.0,0.0,72.0,0.0,0.0,0.0,0.0,0.0,0.0,0.0,6,0,0.552739165985282,0.0,0.0,0.0,0.0,0.0,0.0,1
0.0,0.0,0.0,0.0,0.0,0.0,0.0,0.0,0.0,0.0,0.0,0.0,0.0,71.83333333333333,0.0,0.0,0.0,0.0,0.0,0.0,0.0,7,0,0.552739165985282,0.0,0.0,0.0,0.0,0.0,0.0,1
0.0,0.0,0.0,0.0,0.0,0.0,0.0,0.0,0.0,0.0,0.0,0.0,0.0,71.0,0.0,0.0,0.0,0.0,0.0,0.0,0.0,7,0,0.552739165985282,0.0,0.0,0.0,0.0,0.0,0.0,1
0.0,0.0,0.0,0.0,0.0,0.0,0.0,0.0,4.0,1.0,-1.000088900581841e-12,0.0,0.0,71.0,0.0,0.0,0.0,0.0,0.0,0.0,0.0,8,1,0.552739165985282,0.0,0.0,0.0,0.0,0.0,0.0,1
716.0,1.0,-1.000088900581841e-12,0.0,0.0,0.0,0.0,0.0,8.0,1.0,-1.000088900581841e-12,0.0,0.0,71.0,0.0,0.0,0.0,0.0,30.0,0.0,0.0,8,1,0.552739165985282,358.0,179.0,0.0,0.0,0.0,0.0,1
716.0,1.0,-1.000088900581841e-12,0.0,0.0,0.0,0.0,0.0,0.0,0.0,0.0,0.0,0.0,71.0,22.0,0.0,0.0,0.0,0.0,0.0,0.0,9,1,0.552739165985282,413.38279273977207,358.0,0.0,0.0,0.0,0.0,1
2.0,1.0,-1.000088900581841e-12,0.0,0.0,0.0,0.0,0.0,0.0,0.0,0.0,0.0,0.0,70.5,0.0,0.0,0.0,0.0,0.0,0.0,0.0,9,1,0.552739165985282,412.8062499526866,358.5,0.0,0.0,0.0,0.0,1
280.0,3.0,0.7123770556476767,0.0,0.0,0.0,0.0,0.0,204.0,4.0,0.3993628672702829,0.0,0.0,69.6,0.0,0.0,0.0,0.0,30.0,4606.0,2.0,10,1,0.552739165985282,350.84041956422294,428.5,0.0,0.0,0.0,0.0,1
712.0,4.0,1.1247288327508227,0.0,0.0,0.0,0.0,0.0,90.0,3.0,0.6306156282808766,0.0,0.0,67.4375,0.0,0.0,0.0,0.0,60.0,3522.0,14.0,10,1,0.552739165985282,349.75181676916753,427.5,0.0,0.0,0.0,0.0,1
710.0,3.0,0.1796516747796932,0.0,0.0,0.0,0.0,0.0,38.0,3.0,1.0198652142749298,0.0,0.0,66.5,0.0,0.0,0.0,0.0,90.0,580.0,16.0,11,1,0.552739165985282,348.1110933787278,426.0,0.0,0.0,0.0,0.0,1
706.0,3.0,0.8208839340102543,0.0,0.0,0.0,0.0,0.0,86.0,4.0,0.94106973993435,0.0,0.0,65.66666666666667,0.0,0.0,0.0,0.0,434.0,2050.0,64.0,11,1,0.552739165985282,214.6811589310995,602.0,0.0,0.0,0.0,0.0,1
708.0,2.0,0.1286003564470583,0.0,0.0,0.0,0.0,0.0,48.0,3.0,0.8602030628016025,0.0,0.0,64.33333333333333,0.0,20.0,0.0,20.0,238.0,506.0,34.0,12,1,0.552739165985282,2.581988897470988,709.0,0.0,0.0,0.0,0.0,1
708.0,2.0,0.2328343604364152,0.0,0.0,0.0,0.0,0.0,48.0,4.0,0.8817214815437444,0.0,0.0,63.42857142857143,0.0,0.0,0.0,0.0,136.0,262.0,32.0,12,1,0.552739165985282,1.6329931618544655,708.0,0.0,0.0,0.0,0.0,1
704.0,2.0,0.5684916008372016,0.0,0.0,0.0,0.0,0.0,24.0,3.0,0.8239592164980822,0.0,0.0,63.0,0.0,0.0,0.0,0.0,68.0,0.0,0.0,13,1,0.552739165985282,1.91485421551185,706.5,0.0,0.0,0.0,0.0,1
706.0,4.0,1.0838958406522252,0.0,0.0,0.0,0.0,0.0,144.0,3.0,0.4877836220382331,0.0,0.0,62.142857142857146,0.0,0.0,0.0,0.0,204.0,258.0,42.0,13,1,0.552739165985282,1.91485421551185,706.5,0.0,0.0,0.0,0.0,1
708.0,4.0,0.6568955723572956,0.0,0.0,0.0,0.0,0.0,152.0,7.0,0.6364089130884523,0.0,0.0,61.0,0.0,0.0,0.0,0.0,136.0,1124.0,24.0,14,1,0.552739165985282,1.91485421551185,706.5,0.0,0.0,0.0,0.0,1
708.0,2.0,0.2834359997793099,0.0,0.0,0.0,0.0,0.0,58.0,2.0,0.5890026049627303,0.0,0.0,59.42857142857143,0.0,0.0,0.0,0.0,238.0,286.0,38.0,14,1,0.552739165985282,1.91485421551185,706.5,0.0,0.0,0.0,0.0,1
708.0,2.0,0.074191572988222,0.0,0.0,0.0,0.0,0.0,72.0,2.0,0.2145591551744051,0.0,0.0,58.16666666666666,0.0,0.0,0.0,0.0,34.0,62.0,6.0,15,1,0.552739165985282,0.9999999999983988,707.5,0.0,0.0,0.0,0.0,1
704.0,2.0,0.1189818444201216,0.0,0.0,0.0,0.0,0.0,184.0,2.0,0.2410883129908446,0.0,0.0,57.142857142857146,0.0,0.0,0.0,0.0,136.0,404.0,26.0,15,1,0.552739165985282,1.9999999999991995,707.0,0.0,0.0,0.0,0.0,1
708.0,4.0,0.9341213039938522,0.0,0.0,0.0,0.0,0.0,150.0,2.0,0.5004024235361879,0.0,0.0,56.27272727272727,0.0,0.0,0.0,0.0,408.0,1530.0,72.0,16,1,0.552739165985282,1.9999999999991995,707.0,0.0,0.0,0.0,0.0,1
696.0,3.0,0.1961473625214026,0.0,0.0,0.0,0.0,0.0,16.0,2.0,0.6931471805579453,0.0,0.0,55.0,0.0,0.0,0.0,0.0,340.0,276.0,28.0,17,1,0.552739165985282,4.999999999999663,702.5,0.0,0.0,0.0,0.0,1
708.0,7.0,1.0783913455788252,0.0,0.0,0.0,0.0,0.0,40.0,4.0,1.122372129062931,0.0,0.0,54.333333333333336,0.0,0.0,0.0,0.0,544.0,1062.0,28.0,17,1,0.552739165985282,5.744562646537735,703.5,0.0,0.0,0.0,0.0,1
710.0,1.0,-1.000088900581841e-12,0.0,0.0,0.0,0.0,0.0,0.0,0.0,0.0,0.0,0.0,53.0,0.0,0.0,0.0,0.0,0.0,0.0,0.0,18,1,0.552739165985282,6.324555320336492,704.0,0.0,0.0,0.0,0.0,1
604.0,3.0,0.2318564898889652,0.0,0.0,0.0,0.0,0.0,86.0,3.0,0.2974449406748103,0.0,0.0,52.833333333333336,0.0,0.0,0.0,0.0,34.0,182.0,10.0,18,1,0.552739165985282,50.71160288007728,679.5,0.0,0.0,0.0,0.0,1
706.0,1.0,-1.000088900581841e-12,0.0,0.0,0.0,0.0,0.0,24.0,1.0,-1.000088900581841e-12,0.0,0.0,52.0,0.0,0.0,0.0,0.0,0.0,0.0,0.0,19,1,0.552739165985282,52.025634707004414,682.0,0.0,0.0,0.0,0.0,1
706.0,4.0,1.1336063555577405,0.0,0.0,0.0,0.0,0.0,100.0,4.0,0.6241568871968493,0.0,0.0,51.4,0.0,0.0,0.0,0.0,272.0,538.0,24.0,19,1,0.552739165985282,51.701063818842215,681.5,0.0,0.0,0.0,0.0,1
706.0,3.0,0.831578788976111,0.0,0.0,0.0,0.0,0.0,98.0,3.0,0.3806055769467479,0.0,0.0,51.0,0.0,0.0,0.0,0.0,170.0,770.0,32.0,20,1,0.552739165985282,50.99999999999996,680.5,0.0,0.0,0.0,0.0,1
704.0,1.0,-1.000088900581841e-12,0.0,0.0,0.0,0.0,0.0,28.0,1.0,-1.000088900581841e-12,0.0,0.0,50.5,0.0,0.0,0.0,0.0,34.0,0.0,0.0,20,1,0.552739165985282,0.9999999999978778,705.5,0.0,0.0,0.0,0.0,1
702.0,1.0,-1.000088900581841e-12,0.0,0.0,0.0,0.0,0.0,68.0,2.0,0.2237180760638337,0.0,0.0,50.0,0.0,0.0,0.0,0.0,34.0,0.0,12.0,21,0,0.552739165985282,1.9148542155115773,704.5,0.0,0.0,0.0,0.0,1
706.0,3.0,0.6755621649463672,0.0,0.0,0.0,0.0,0.0,70.0,2.0,0.1297406947174283,0.0,0.0,49.72727272727273,0.0,0.0,0.0,0.0,68.0,1352.0,6.0,21,0,0.552739165985282,1.9148542155115773,704.5,0.0,0.0,0.0,0.0,1
708.0,3.0,0.7210889496895283,0.0,0.0,0.0,0.0,0.0,86.0,2.0,0.2530369754459396,0.0,0.0,48.16666666666666,0.0,0.0,0.0,0.0,102.0,3042.0,4.0,22,0,0.552739165985282,2.5819888974707967,705.0,0.0,0.0,0.0,0.0,2
708.0,3.0,0.8480268833850262,0.0,0.0,0.0,0.0,0.0,192.0,2.0,0.4154129738587282,0.0,0.0,47.125,0.0,0.0,0.0,0.0,374.0,1780.0,64.0,22,0,0.552739165985282,2.82842712474544,706.0,0.0,0.0,0.0,0.0,2
710.0,5.0,1.378680396970628,0.0,0.0,0.0,0.0,0.0,120.0,2.0,0.5799151714161009,0.0,0.0,46.0,0.0,0.0,0.0,0.0,272.0,3386.0,84.0,23,0,0.552739165985282,1.6329931618541291,708.0,0.0,0.0,0.0,0.0,2
708.0,11.0,2.021455997542121,0.0,0.0,0.0,0.0,0.0,198.0,4.0,0.985771901297698,0.0,0.0,43.94444444444444,0.0,0.0,22.0,0.0,306.0,8138.0,52.0,23,0,0.552739165985282,0.9999999999978494,708.5,0.0,0.0,0.0,0.0,2
710.0,11.0,1.8398875144687907,0.0,0.0,0.0,0.0,0.0,192.0,3.0,0.8994182766050604,0.0,0.0,40.6551724137931,0.0,0.0,0.0,0.0,36.0,5788.0,10.0,0,0,0.552739165985282,1.1547005383773974,709.0,0.0,0.0,0.0,0.0,2
714.0,1.0,-1.000088900581841e-12,0.0,0.0,0.0,0.0,0.0,2.0,1.0,-1.000088900581841e-12,0.0,0.0,38.0,0.0,0.0,0.0,0.0,0.0,14.0,0.0,0,0,0.552739165985282,2.516611478422721,710.5,0.0,0.0,0.0,0.0,2
706.0,1.0,-1.000088900581841e-12,0.0,0.0,0.0,0.0,0.0,0.0,0.0,0.0,0.0,0.0,38.0,0.0,0.0,0.0,0.0,0.0,0.0,0.0,1,0,0.552739165985282,3.415650255319225,709.5,0.0,0.0,0.0,0.0,2
0.0,0.0,0.0,0.0,0.0,0.0,0.0,0.0,0.0,0.0,0.0,0.0,0.0,38.0,24.0,0.0,0.0,0.0,0.0,0.0,0.0,1,0,0.552739165985282,355.0150231562978,532.5,0.0,0.0,0.0,0.0,2
0.0,0.0,0.0,0.0,0.0,0.0,0.0,0.0,0.0,0.0,0.0,0.0,0.0,37.0,0.0,0.0,0.0,0.0,0.0,0.0,0.0,2,0,0.552739165985282,409.9317016284542,355.0,0.0,0.0,0.0,0.0,2
0.0,0.0,0.0,0.0,0.0,0.0,0.0,0.0,0.0,0.0,0.0,0.0,0.0,37.0,24.0,0.0,0.0,0.0,0.0,0.0,0.0,2,0,0.552739165985282,353.0,176.5,0.0,0.0,0.0,0.0,2
0.0,0.0,0.0,0.0,0.0,0.0,0.0,0.0,0.0,0.0,0.0,0.0,0.0,37.0,0.0,0.0,0.0,0.0,0.0,0.0,0.0,3,0,0.552739165985282,0.0,0.0,0.0,0.0,0.0,0.0,2
0.0,0.0,0.0,0.0,0.0,0.0,0.0,0.0,0.0,0.0,0.0,0.0,0.0,36.5,0.0,0.0,0.0,0.0,0.0,0.0,0.0,3,0,0.552739165985282,0.0,0.0,0.0,0.0,0.0,0.0,2
0.0,0.0,0.0,0.0,0.0,0.0,0.0,0.0,0.0,0.0,0.0,0.0,0.0,36.0,26.0,0.0,0.0,0.0,0.0,0.0,0.0,4,0,0.552739165985282,0.0,0.0,0.0,0.0,0.0,0.0,2
0.0,0.0,0.0,0.0,0.0,0.0,0.0,0.0,0.0,0.0,0.0,0.0,0.0,36.0,0.0,0.0,0.0,0.0,0.0,0.0,0.0,4,0,0.552739165985282,0.0,0.0,0.0,0.0,0.0,0.0,2
0.0,0.0,0.0,0.0,0.0,0.0,0.0,0.0,0.0,0.0,0.0,0.0,0.0,36.0,0.0,0.0,0.0,0.0,0.0,0.0,0.0,5,0,0.552739165985282,0.0,0.0,0.0,0.0,0.0,0.0,2
0.0,0.0,0.0,0.0,0.0,0.0,0.0,0.0,0.0,0.0,0.0,0.0,0.0,35.5,0.0,0.0,0.0,0.0,0.0,0.0,0.0,5,0,0.552739165985282,0.0,0.0,0.0,0.0,0.0,0.0,2
0.0,0.0,0.0,0.0,0.0,0.0,0.0,0.0,0.0,0.0,0.0,0.0,0.0,35.0,0.0,0.0,0.0,0.0,0.0,0.0,0.0,6,0,0.552739165985282,0.0,0.0,0.0,0.0,0.0,0.0,2
0.0,0.0,0.0,0.0,0.0,0.0,0.0,0.0,0.0,0.0,0.0,0.0,0.0,35.0,0.0,0.0,0.0,0.0,0.0,0.0,0.0,6,0,0.552739165985282,0.0,0.0,0.0,0.0,0.0,0.0,2
0.0,0.0,0.0,0.0,0.0,0.0,0.0,0.0,0.0,0.0,0.0,0.0,0.0,34.833333333333336,0.0,0.0,0.0,0.0,0.0,0.0,0.0,7,0,0.552739165985282,0.0,0.0,0.0,0.0,0.0,0.0,2
0.0,0.0,0.0,0.0,0.0,0.0,0.0,0.0,4.0,1.0,-1.000088900581841e-12,0.0,0.0,34.0,0.0,0.0,0.0,0.0,36.0,0.0,0.0,7,0,0.552739165985282,0.0,0.0,0.0,0.0,0.0,0.0,2
714.0,4.0,0.5359285619723044,0.0,0.0,0.0,0.0,0.0,28.0,4.0,1.2396593920503858,0.0,0.0,34.0,0.0,0.0,0.0,0.0,180.0,646.0,26.0,8,1,0.552739165985282,357.0,178.5,0.0,0.0,0.0,0.0,2
704.0,5.0,0.6040966610367474,0.0,0.0,0.0,0.0,0.0,92.0,4.0,1.200539834890111,0.0,72.0,35.65,0.0,0.0,0.0,0.0,396.0,936.0,26.0,8,1,0.552739165985282,409.36169825717695,354.5,0.0,0.0,0.0,0.0,2
716.0,3.0,0.1218189347290254,0.0,0.0,0.0,0.0,0.0,4.0,1.0,-1.000088900581841e-12,0.0,0.0,41.0,0.0,0.0,0.0,0.0,72.0,472.0,6.0,9,1,0.552739165985282,355.7054024517105,533.5,0.0,0.0,0.0,0.0,2
708.0,3.0,0.5720675294178976,0.0,0.0,0.0,0.0,0.0,146.0,3.0,0.1975695602608018,0.0,0.0,40.77777777777778,0.0,32.0,0.0,26.0,324.0,1264.0,6.0,9,1,0.552739165985282,5.507570547283169,710.5,0.0,0.0,0.0,0.0,2
706.0,6.0,0.8617500256318351,0.0,0.0,0.0,0.0,0.0,70.0,3.0,0.6597468522864931,0.0,0.0,39.2,0.0,0.0,0.0,0.0,322.0,2548.0,46.0,10,1,0.552739165985282,5.259911279350103,708.5,0.0,0.0,0.0,0.0,2
714.0,7.0,1.1304483636865224,0.0,0.0,0.0,0.0,0.0,98.0,4.0,0.9067671117489364,0.0,0.0,73.44444444444444,0.0,0.0,0.0,0.0,252.0,4326.0,70.0,14,1,0.552739165985282,5.163977794940113,708.0,0.0,0.0,0.0,0.0,2
708.0,3.0,0.2349817470522267,0.0,0.0,0.0,0.0,0.0,88.0,2.0,0.2489102793507851,0.0,0.0,69.0,0.0,0.0,0.0,0.0,324.0,702.0,6.0,15,1,0.552739165985282,4.99999999999679,707.5,0.0,0.0,0.0,0.0,1
712.0,10.0,1.671007558721623,0.0,0.0,0.0,0.0,0.0,102.0,2.0,0.5676566971026662,0.0,0.0,66.66666666666667,0.0,0.0,0.0,0.0,432.0,3120.0,74.0,16,1,0.552739165985282,2.5166114784171985,708.5,0.0,0.0,0.0,0.0,1
708.0,6.0,1.092895994149407,0.0,0.0,0.0,0.0,0.0,368.0,4.0,0.5237470574199063,0.0,0.0,62.16666666666666,0.0,0.0,0.0,0.0,756.0,2744.0,88.0,17,1,0.552739165985282,1.999999999991961,709.0,0.0,0.0,0.0,0.0,1
712.0,5.0,1.2319658439702892,0.0,0.0,0.0,0.0,0.0,316.0,4.0,0.6119598105867218,0.0,0.0,58.55555555555556,0.0,0.0,0.0,0.0,324.0,4186.0,54.0,18,1,0.552739165985282,2.5166114784171985,708.5,0.0,0.0,0.0,0.0,2
712.0,1.0,-1.000088900581841e-12,0.0,0.0,0.0,0.0,0.0,40.0,2.0,0.3250829733894482,0.0,0.0,56.0,0.0,0.0,0.0,0.0,72.0,0.0,10.0,19,1,0.552739165985282,3.46410161513313,711.0,0.0,0.0,0.0,0.0,2
710.0,6.0,1.4226967292596324,0.0,0.0,0.0,0.0,0.0,98.0,2.0,0.5060089689454293,0.0,0.0,54.2,0.0,0.0,0.0,0.0,360.0,4328.0,48.0,20,1,0.552739165985282,1.6329931618456532,712.0,0.0,0.0,0.0,0.0,2
716.0,9.0,1.873858355874415,0.0,0.0,0.0,0.0,0.0,236.0,3.0,0.8105221758632529,0.0,0.0,51.095238095238095,0.0,0.0,0.0,0.0,324.0,4334.0,62.0,21,0,0.552739165985282,2.828427124740546,712.0,0.0,0.0,0.0,0.0,2
716.0,4.0,1.233269409621771,0.0,0.0,0.0,0.0,0.0,320.0,2.0,0.1796839838791405,0.0,0.0,47.130434782608695,0.0,0.0,0.0,0.0,144.0,8198.0,24.0,22,0,0.552739165985282,4.123105625613782,712.5,0.0,0.0,0.0,0.0,2
712.0,2.0,0.5528863589192359,0.0,0.0,0.0,0.0,0.0,84.0,3.0,0.6680178186577534,0.0,0.0,44.85714285714285,0.0,0.0,0.0,0.0,216.0,254.0,38.0,23,0,0.552739165985282,3.2659863237060045,712.0,0.0,0.0,0.0,0.0,2
712.0,6.0,0.9535666834163042,0.0,0.0,0.0,0.0,0.0,48.0,2.0,0.5623351446168083,0.0,0.0,42.53846153846154,0.0,0.0,26.0,0.0,108.0,2700.0,12.0,0,0,0.552739165985282,1.9999999999919893,711.0,0.0,0.0,0.0,0.0,2
480.0,1.0,-1.000088900581841e-12,0.0,0.0,0.0,0.0,0.0,0.0,0.0,0.0,0.0,0.0,41.16666666666666,30.0,0.0,0.0,0.0,0.0,0.0,0.0,1,0,0.552739165985282,116.04596790352794,654.0,0.0,0.0,0.0,0.0,2
0.0,0.0,0.0,0.0,0.0,0.0,0.0,0.0,0.0,0.0,0.0,0.0,0.0,40.833333333333336,26.0,0.0,0.0,0.0,0.0,0.0,0.0,2,0,0.552739165985282,358.4466487498523,299.0,0.0,0.0,0.0,0.0,2
0.0,0.0,0.0,0.0,0.0,0.0,0.0,0.0,0.0,0.0,0.0,0.0,0.0,40.0,0.0,0.0,0.0,0.0,0.0,0.0,0.0,3,0,0.552739165985282,0.0,0.0,0.0,0.0,0.0,0.0,2
0.0,0.0,0.0,0.0,0.0,0.0,0.0,0.0,0.0,0.0,0.0,0.0,0.0,39.66666666666666,20.0,0.0,0.0,0.0,0.0,0.0,0.0,4,0,0.552739165985282,0.0,0.0,0.0,0.0,0.0,0.0,2
0.0,0.0,0.0,0.0,0.0,0.0,0.0,0.0,0.0,0.0,0.0,0.0,0.0,39.0,0.0,0.0,0.0,0.0,0.0,0.0,0.0,5,0,0.552739165985282,0.0,0.0,0.0,0.0,0.0,0.0,2
0.0,0.0,0.0,0.0,0.0,0.0,0.0,0.0,0.0,0.0,0.0,0.0,0.0,38.16666666666666,0.0,0.0,0.0,0.0,0.0,0.0,0.0,6,0,0.552739165985282,0.0,0.0,0.0,0.0,0.0,0.0,2
712.0,8.0,1.5578715879273668,0.0,0.0,0.0,0.0,0.0,60.0,3.0,0.9833122247354488,0.0,0.0,25.214285714285715,0.0,0.0,0.0,0.0,180.0,1568.0,14.0,11,1,0.552739165985282,2.8284271247336026,710.0,0.0,0.0,0.0,0.0,2
712.0,6.0,1.1368196410175146,0.0,0.0,0.0,0.0,0.0,80.0,3.0,0.8979457248537798,0.0,0.0,21.571428571428573,0.0,0.0,0.0,0.0,144.0,826.0,22.0,12,1,0.552739165985282,2.9999999999881326,710.5,0.0,0.0,0.0,0.0,2
714.0,4.0,0.8240940007296196,0.0,0.0,0.0,0.0,0.0,68.0,3.0,0.8082699579971822,0.0,0.0,18.0,0.0,0.0,0.0,0.0,648.0,2796.0,34.0,13,1,0.552739165985282,1.1547005383484268,713.0,0.0,0.0,0.0,0.0,2
114.0,2.0,0.4905187724065775,0.0,0.0,0.0,0.0,0.0,96.0,2.0,0.1012648175647919,0.0,0.0,16.0,0.0,0.0,0.0,0.0,414.0,1894.0,20.0,14,1,0.552739165985282,299.01337762715553,562.5,0.0,0.0,0.0,0.0,2
664.0,2.0,0.0781344705844513,0.0,0.0,0.0,0.0,0.0,74.0,3.0,0.7762141041881065,0.0,0.0,32.18518518518518,0.0,0.0,0.0,0.0,72.0,844.0,14.0,15,1,0.552739165985282,366.5637734419482,371.5,0.0,0.0,0.0,0.0,2
710.0,6.0,0.8949247535407724,0.0,0.0,0.0,0.0,0.0,92.0,5.0,1.2015182508041078,0.0,0.0,81.13333333333334,0.0,0.0,0.0,0.0,36.0,1276.0,14.0,16,1,0.552739165985282,347.2904644050374,520.0,0.0,0.0,0.0,0.0,2
708.0,4.0,0.8870494348782526,0.0,0.0,0.0,0.0,0.0,44.0,2.0,0.6890092384746587,0.0,0.0,99.61111111111111,0.0,0.0,0.0,0.0,216.0,2068.0,38.0,17,1,0.552739165985282,1.9148542154838268,707.5,0.0,0.0,0.0,0.0,2
708.0,6.0,1.0306494221350768,0.0,0.0,0.0,0.0,0.0,66.0,4.0,1.3098232051486345,0.0,0.0,96.85714285714286,0.0,0.0,0.0,0.0,216.0,2010.0,36.0,18,1,0.552739165985282,0.9999999999447672,707.5,0.0,0.0,0.0,0.0,2
710.0,2.0,0.4165523995140551,0.0,0.0,0.0,0.0,0.0,52.0,2.0,0.5824922438829605,0.0,0.0,93.22222222222224,0.0,0.0,0.0,0.0,216.0,162.0,40.0,19,1,0.552739165985282,1.9148542154838268,709.5,0.0,0.0,0.0,0.0,2
714.0,6.0,1.490206692902527,0.0,0.0,0.0,0.0,0.0,210.0,3.0,0.8611458687924509,0.0,0.0,89.92857142857143,0.0,0.0,0.0,0.0,324.0,2170.0,26.0,20,1,0.552739165985282,1.6329931618216058,712.0,0.0,0.0,0.0,0.0,2
708.0,5.0,0.8866001659732441,0.0,0.0,0.0,0.0,0.0,122.0,3.0,1.0211836261254257,0.0,0.0,85.75,0.0,0.0,0.0,0.0,432.0,3646.0,72.0,21,0,0.552739165985282,2.516611478401617,711.5,0.0,0.0,0.0,0.0,2
716.0,2.0,0.4336931709563009,0.0,0.0,0.0,0.0,0.0,90.0,3.0,0.8823109245120756,0.0,0.0,80.73913043478261,0.0,0.0,0.0,0.0,108.0,52.0,24.0,22,0,0.552739165985282,3.265986323693981,712.0,0.0,0.0,0.0,0.0,2
716.0,6.0,1.2570176279166103,0.0,0.0,0.0,0.0,0.0,96.0,2.0,0.2337916587044593,0.0,0.0,70.78571428571429,0.0,14.0,22.0,0.0,36.0,4302.0,14.0,23,0,0.552739165985282,1.999999999972384,715.0,0.0,0.0,0.0,0.0,1
606.0,1.0,-1.000088900581841e-12,0.0,0.0,0.0,0.0,0.0,0.0,0.0,0.0,0.0,0.0,69.0,0.0,0.0,0.0,0.0,0.0,0.0,0.0,0,0,0.552739165985282,54.999999999999,688.5,0.0,0.0,0.0,0.0,2
0.0,0.0,0.0,0.0,0.0,0.0,0.0,0.0,0.0,0.0,0.0,0.0,0.0,68.0,0.0,0.0,0.0,0.0,0.0,0.0,0.0,1,0,0.552739165985282,384.26162962231854,330.5,0.0,0.0,0.0,0.0,2
0.0,0.0,0.0,0.0,0.0,0.0,0.0,0.0,0.0,0.0,0.0,0.0,0.0,68.0,0.0,0.0,0.0,0.0,0.0,0.0,0.0,2,0,0.552739165985282,0.0,0.0,0.0,0.0,0.0,0.0,2
0.0,0.0,0.0,0.0,0.0,0.0,0.0,0.0,0.0,0.0,0.0,0.0,0.0,67.0,0.0,0.0,0.0,0.0,0.0,0.0,0.0,3,0,0.552739165985282,0.0,0.0,0.0,0.0,0.0,0.0,2
0.0,0.0,0.0,0.0,0.0,0.0,0.0,0.0,0.0,0.0,0.0,0.0,0.0,67.0,0.0,0.0,0.0,0.0,0.0,0.0,0.0,4,0,0.552739165985282,0.0,0.0,0.0,0.0,0.0,0.0,2
0.0,0.0,0.0,0.0,0.0,0.0,0.0,0.0,0.0,0.0,0.0,0.0,0.0,66.0,0.0,0.0,0.0,0.0,0.0,0.0,0.0,5,0,0.552739165985282,0.0,0.0,0.0,0.0,0.0,0.0,2
0.0,0.0,0.0,0.0,0.0,0.0,0.0,0.0,0.0,0.0,0.0,0.0,0.0,66.0,0.0,0.0,0.0,0.0,0.0,0.0,0.0,6,0,0.552739165985282,0.0,0.0,0.0,0.0,0.0,0.0,2
0.0,0.0,0.0,0.0,0.0,0.0,0.0,0.0,2.0,1.0,-1.000088900581841e-12,0.0,0.0,65.0,0.0,0.0,0.0,0.0,36.0,0.0,0.0,7,0,0.552739165985282,0.0,0.0,0.0,0.0,0.0,0.0,2
712.0,3.0,0.7089304875015274,0.0,0.0,0.0,0.0,0.0,42.0,5.0,1.4427145897553335,0.0,0.0,63.36363636363637,0.0,0.0,0.0,26.0,108.0,0.0,8.0,8,1,0.552739165985282,355.9999999999999,178.0,0.0,0.0,0.0,0.0,2
710.0,7.0,1.2315341410433822,0.0,0.0,0.0,0.0,0.0,314.0,3.0,0.0770681421447779,0.0,0.0,60.68421052631579,0.0,0.0,0.0,0.0,114.0,4206.0,14.0,9,1,0.552739165985282,355.0037558486763,532.5,0.0,0.0,0.0,0.0,2
708.0,4.0,0.7114891296943949,0.0,0.0,0.0,0.0,0.0,30.0,3.0,0.9276173343241816,0.0,0.0,56.16666666666666,0.0,0.0,0.0,0.0,114.0,452.0,24.0,10,1,0.552739165985282,2.828427124732464,710.0,0.0,0.0,0.0,0.0,2
716.0,5.0,1.1895563466879615,0.0,0.0,0.0,0.0,0.0,328.0,4.0,0.3596607341213045,0.0,0.0,52.583333333333336,0.0,0.0,0.0,0.0,380.0,1214.0,42.0,11,1,0.552739165985282,3.464101615126556,713.0,0.0,0.0,0.0,0.0,2
710.0,3.0,0.5044489818286054,0.0,0.0,0.0,0.0,0.0,468.0,4.0,0.2392711395725395,0.0,0.0,49.8,0.0,0.0,0.0,0.0,266.0,3134.0,58.0,12,1,0.552739165985282,2.999999999987059,712.5,0.0,0.0,0.0,0.0,2
712.0,7.0,0.9584478695666636,0.0,0.0,0.0,0.0,0.0,54.0,3.0,0.905114058387408,0.0,0.0,45.833333333333336,0.0,0.0,0.0,0.0,570.0,2000.0,52.0,13,1,0.552739165985282,0.999999999961176,710.5,0.0,0.0,0.0,0.0,2
712.0,7.0,1.3563916048291178,0.0,0.0,0.0,0.0,0.0,112.0,4.0,1.277034259462139,0.0,0.0,42.625,0.0,0.0,0.0,0.0,304.0,1062.0,42.0,14,1,0.552739165985282,1.1547005383456372,711.0,0.0,0.0,0.0,0.0,2
712.0,8.0,1.5886969399938886,0.0,0.0,0.0,0.0,0.0,64.0,4.0,1.0677466770652362,0.0,0.0,37.5,0.0,0.0,0.0,0.0,378.0,2294.0,52.0,15,1,0.552739165985282,1.6329931618316715,712.0,0.0,0.0,0.0,0.0,2
712.0,4.0,1.281736684309415,0.0,0.0,0.0,0.0,0.0,16.0,3.0,1.039720770836918,0.0,0.0,34.4375,0.0,0.0,0.0,0.0,152.0,2264.0,20.0,16,1,0.552739165985282,0.999999999961176,712.5,0.0,0.0,0.0,0.0,2
712.0,6.0,0.6896244971555318,0.0,0.0,0.0,0.0,0.0,68.0,2.0,0.605797499370304,0.0,0.0,31.428571428571427,0.0,0.0,0.0,0.0,494.0,1272.0,58.0,17,1,0.552739165985282,0.0,712.0,0.0,0.0,0.0,0.0,2
710.0,4.0,0.8399635086180874,0.0,0.0,0.0,0.0,0.0,104.0,2.0,0.2711893730398441,0.0,0.0,29.428571428571427,0.0,0.0,0.0,0.0,190.0,700.0,18.0,18,1,0.552739165985282,0.999999999961176,711.5,0.0,0.0,0.0,0.0,2
712.0,4.0,0.9249189293250576,0.0,0.0,0.0,0.0,0.0,308.0,4.0,0.4515789833562054,0.0,0.0,24.55555555555556,0.0,0.0,0.0,0.0,266.0,684.0,52.0,19,1,0.552739165985282,0.999999999961176,711.5,0.0,0.0,0.0,0.0,2
712.0,6.0,0.953030137797306,0.0,0.0,0.0,0.0,0.0,406.0,3.0,0.2414765565871205,0.0,0.0,20.181818181818183,0.0,0.0,0.0,0.0,342.0,5554.0,66.0,20,1,0.552739165985282,0.999999999961176,712.5,0.0,0.0,0.0,0.0,2
712.0,5.0,1.187591552548154,0.0,0.0,0.0,0.0,0.0,62.0,2.0,0.5341593666851499,0.0,0.0,16.727272727272727,0.0,0.0,0.0,0.0,266.0,2862.0,26.0,21,0,0.552739165985282,1.6329931618316715,712.0,0.0,0.0,0.0,0.0,2
0.0,0.0,0.0,0.0,0.0,0.0,0.0,0.0,0.0,0.0,0.0,0.0,0.0,0.0,0.0,0.0,0.0,0.0,324.0,1644.0,50.0,22,0,0.552739165985282,390.30586296732287,374.0,0.0,0.0,0.0,0.0,2
142.0,4.0,1.1403515718245505,0.0,0.0,0.0,0.0,0.0,22.0,2.0,0.4741393130558373,0.0,0.0,20.2,0.0,0.0,0.0,0.0,0.0,2806.0,0.0,23,0,0.552739165985282,68.25442598591403,54.0,0.0,0.0,0.0,0.0,1
710.0,2.0,0.0487543791169805,0.0,0.0,0.0,0.0,0.0,66.0,2.0,0.5167535907994583,0.0,0.0,31.666666666666668,0.0,0.0,0.0,0.0,0.0,742.0,0.0,0,0,0.552739165985282,374.5980067574661,391.5,0.0,0.0,0.0,0.0,1
716.0,1.0,-1.000088900581841e-12,0.0,0.0,0.0,0.0,0.0,24.0,1.0,-1.000088900581841e-12,0.0,0.0,51.66666666666666,0.0,0.0,0.0,0.0,0.0,0.0,0.0,1,0,0.552739165985282,2.828427124738754,714.0,0.0,0.0,0.0,0.0,2
0.0,0.0,0.0,0.0,0.0,0.0,0.0,0.0,24.0,1.0,-1.000088900581841e-12,0.0,0.0,75.86666666666666,0.0,0.0,0.0,0.0,0.0,0.0,0.0,2,0,0.552739165985282,338.57741606118185,464.0,0.0,0.0,0.0,0.0,2
0.0,0.0,0.0,0.0,0.0,0.0,0.0,0.0,16.0,1.0,-1.000088900581841e-12,0.0,0.0,98.33333333333331,0.0,0.0,0.0,0.0,0.0,0.0,0.0,3,0,0.552739165985282,212.0,106.0,0.0,0.0,0.0,0.0,2
0.0,0.0,0.0,0.0,0.0,0.0,0.0,0.0,0.0,0.0,0.0,0.0,0.0,100.0,0.0,0.0,0.0,0.0,0.0,0.0,0.0,4,0,0.552739165985282,0.0,0.0,0.0,0.0,0.0,0.0,2
0.0,0.0,0.0,0.0,0.0,0.0,0.0,0.0,0.0,0.0,0.0,0.0,0.0,100.0,0.0,0.0,0.0,0.0,0.0,0.0,0.0,5,0,0.552739165985282,0.0,0.0,0.0,0.0,0.0,0.0,2
0.0,0.0,0.0,0.0,0.0,0.0,0.0,0.0,0.0,0.0,0.0,0.0,0.0,100.0,0.0,0.0,0.0,0.0,0.0,0.0,0.0,6,0,0.552739165985282,0.0,0.0,0.0,0.0,0.0,0.0,2
0.0,0.0,0.0,0.0,0.0,0.0,0.0,0.0,0.0,0.0,0.0,0.0,0.0,100.0,0.0,0.0,0.0,0.0,0.0,0.0,0.0,7,0,0.552739165985282,0.0,0.0,0.0,0.0,0.0,0.0,2
710.0,4.0,0.1662735925641594,0.0,0.0,0.0,0.0,0.0,36.0,5.0,1.2260760503611696,0.0,0.0,100.0,0.0,0.0,0.0,0.0,76.0,220.0,10.0,8,1,0.552739165985282,354.99999999999994,177.5,0.0,0.0,0.0,0.0,2
716.0,7.0,1.3119935365010875,0.0,0.0,0.0,0.0,0.0,94.0,4.0,0.6915181816803897,0.0,0.0,98.17391304347828,0.0,20.0,0.0,26.0,114.0,1780.0,26.0,9,1,0.552739165985282,354.0790872107529,531.0,0.0,0.0,0.0,0.0,2
716.0,7.0,1.1986265872768491,0.0,0.0,0.0,0.0,0.0,262.0,3.0,0.7039435761381534,0.0,0.0,93.25,0.0,24.0,0.0,28.0,190.0,3016.0,54.0,10,1,0.552739165985282,8.999999999997844,711.5,0.0,0.0,0.0,0.0,2
706.0,3.0,0.2545286405741794,0.0,0.0,0.0,0.0,0.0,92.0,2.0,0.5235863374792598,0.0,0.0,90.375,0.0,0.0,0.0,0.0,646.0,1036.0,46.0,11,1,0.552739165985282,5.259911279349487,711.5,0.0,0.0,0.0,0.0,2
708.0,2.0,0.4172810017943595,0.0,0.0,0.0,0.0,0.0,88.0,2.0,0.1849073991657757,0.0,0.0,85.83333333333333,0.0,0.0,0.0,0.0,190.0,24.0,10.0,13,1,0.552739165985282,4.725815626248523,708.5,0.0,0.0,0.0,0.0,2
716.0,10.0,1.431664221978458,0.0,0.0,0.0,20.0,0.0,336.0,6.0,1.0572227897758857,0.0,0.0,81.2,0.0,0.0,0.0,0.0,532.0,8490.0,90.0,14,1,0.552739165985282,3.829708431020328,713.0,0.0,0.0,10.0,5.0,2
708.0,6.0,1.0358962423781557,0.0,0.0,0.0,0.0,0.0,282.0,5.0,0.7956353352762787,0.0,0.0,54.76470588235294,0.0,0.0,0.0,0.0,418.0,4012.0,62.0,18,1,0.552739165985282,4.725815626248541,711.5,0.0,0.0,5.000000000000003,2.5,2
718.0,2.0,0.0344701086632955,0.0,0.0,0.0,0.0,0.0,98.0,2.0,0.099623389464162,0.0,0.0,47.66666666666666,0.0,0.0,0.0,0.0,0.0,96.0,0.0,19,1,0.552739165985282,4.898979485562436,712.0,0.0,0.0,0.0,0.0,2
706.0,2.0,0.1082290874999715,0.0,0.0,0.0,0.0,0.0,94.0,2.0,0.5441150530867387,0.0,0.0,38.0,0.0,0.0,0.0,0.0,418.0,766.0,36.0,20,1,0.552739165985282,5.656854249488975,714.0,0.0,0.0,0.0,0.0,2
710.0,4.0,1.2719692358605033,0.0,0.0,0.0,16.0,0.0,206.0,4.0,0.3833747375674741,0.0,0.0,33.0,0.0,0.0,0.0,0.0,228.0,1746.0,18.0,21,0,0.552739165985282,5.163977794939486,712.0,0.0,0.0,9.848857801796107,8.5,2
714.0,8.0,1.3423382173087703,0.0,0.0,0.0,0.0,0.0,512.0,3.0,0.3900630977013954,0.0,0.0,28.666666666666668,0.0,0.0,0.0,0.0,570.0,7282.0,126.0,22,0,0.552739165985282,2.99999999999358,711.5,0.0,0.0,9.848857801796107,8.5,2
710.0,3.0,0.917549322922346,0.0,0.0,0.0,0.0,0.0,346.0,2.0,0.2810223993071637,0.0,0.0,24.307692307692307,0.0,0.0,0.0,0.0,570.0,3508.0,58.0,23,0,0.552739165985282,3.6514837166958354,712.0,0.0,0.0,0.0,0.0,2
708.0,4.0,0.9767044947247654,0.0,0.0,0.0,0.0,0.0,146.0,3.0,0.6114463995461915,0.0,0.0,20.4375,0.0,0.0,0.0,0.0,380.0,2758.0,76.0,0,0,0.552739165985282,4.3204937989341134,710.0,0.0,0.0,0.0,0.0,2
714.0,1.0,-1.000088900581841e-12,0.0,0.0,0.0,0.0,0.0,0.0,0.0,0.0,0.0,0.0,17.0,0.0,0.0,0.0,0.0,0.0,0.0,0.0,1,0,0.552739165985282,3.6514837166958354,710.0,0.0,0.0,0.0,0.0,2
0.0,0.0,0.0,0.0,0.0,0.0,0.0,0.0,0.0,0.0,0.0,0.0,0.0,16.666666666666668,24.0,0.0,0.0,0.0,0.0,0.0,0.0,2,0,0.552739165985282,353.75839212660384,530.5,0.0,0.0,0.0,0.0,2
0.0,0.0,0.0,0.0,0.0,0.0,0.0,0.0,0.0,0.0,0.0,0.0,0.0,16.0,0.0,0.0,0.0,0.0,0.0,0.0,0.0,3,0,0.552739165985282,348.0,174.0,0.0,0.0,0.0,0.0,2
0.0,0.0,0.0,0.0,0.0,0.0,0.0,0.0,0.0,0.0,0.0,0.0,0.0,16.0,0.0,0.0,0.0,0.0,0.0,0.0,0.0,4,0,0.552739165985282,0.0,0.0,0.0,0.0,0.0,0.0,2
0.0,0.0,0.0,0.0,0.0,0.0,0.0,0.0,0.0,0.0,0.0,0.0,0.0,0.0,0.0,0.0,0.0,0.0,0.0,0.0,0.0,8,1,0.552739165985282,0.0,0.0,0.0,0.0,0.0,0.0,2
0.0,0.0,0.0,0.0,0.0,0.0,0.0,0.0,0.0,0.0,0.0,0.0,0.0,0.0,0.0,0.0,0.0,0.0,216.0,1392.0,30.0,9,1,0.552739165985282,0.0,0.0,0.0,0.0,0.0,0.0,2
0.0,0.0,0.0,0.0,0.0,0.0,0.0,0.0,0.0,0.0,0.0,0.0,0.0,0.0,0.0,0.0,0.0,0.0,324.0,1516.0,38.0,10,1,0.552739165985282,0.0,0.0,0.0,0.0,0.0,0.0,2
0.0,0.0,0.0,0.0,0.0,0.0,0.0,0.0,0.0,0.0,0.0,0.0,0.0,0.0,0.0,0.0,0.0,0.0,360.0,490.0,48.0,11,1,0.552739165985282,0.0,0.0,0.0,0.0,0.0,0.0,2
0.0,0.0,0.0,0.0,0.0,0.0,0.0,0.0,0.0,0.0,0.0,0.0,0.0,0.0,0.0,0.0,0.0,0.0,180.0,3444.0,38.0,12,1,0.552739165985282,0.0,0.0,0.0,0.0,0.0,0.0,2
702.0,3.0,0.2109349829975302,0.0,0.0,0.0,0.0,0.0,168.0,5.0,1.1534351119434487,0.0,0.0,43.63333333333333,0.0,0.0,0.0,0.0,190.0,734.0,4.0,13,1,0.552739165985282,332.8783561603247,252.0,0.0,0.0,0.0,0.0,2
688.0,4.0,0.9230432565919564,0.0,0.0,0.0,0.0,0.0,616.0,9.0,1.219325069446656,0.0,0.0,90.63333333333334,0.0,0.0,0.0,0.0,304.0,652.0,52.0,14,1,0.552739165985282,196.12920911140864,600.0,0.0,0.0,0.0,0.0,2
712.0,2.0,0.6824410737914515,0.0,0.0,0.0,0.0,0.0,16.0,1.0,-1.000088900581841e-12,0.0,0.0,98.36842105263158,0.0,0.0,0.0,0.0,190.0,0.0,0.0,15,1,0.552739165985282,10.115993936995205,700.5,0.0,0.0,0.0,0.0,2
712.0,7.0,1.0952700182276571,0.0,0.0,0.0,0.0,0.0,80.0,4.0,1.16196566169217,0.0,0.0,95.1,0.0,0.0,0.0,0.0,608.0,1344.0,114.0,16,1,0.552739165985282,6.733003292240685,708.0,0.0,0.0,0.0,0.0,2
716.0,9.0,1.1670911517883913,0.0,0.0,0.0,0.0,0.0,376.0,2.0,0.3035212446848083,0.0,0.0,91.6875,0.0,0.0,0.0,0.0,418.0,6666.0,92.0,17,1,0.552739165985282,3.415650255318471,711.5,0.0,0.0,0.0,0.0,2
708.0,3.0,1.059496665302002,0.0,0.0,0.0,0.0,0.0,202.0,2.0,0.3004713061012626,0.0,0.0,89.71428571428571,0.0,0.0,0.0,0.0,456.0,4310.0,56.0,18,1,0.552739165985282,5.033222956846223,709.0,0.0,0.0,0.0,0.0,2
708.0,2.0,0.6767142823079644,0.0,0.0,0.0,0.0,0.0,180.0,2.0,0.4129501244423358,0.0,0.0,86.375,0.0,0.0,0.0,0.0,456.0,2368.0,54.0,19,1,0.552739165985282,4.1231056256164935,708.5,0.0,0.0,0.0,0.0,2
718.0,4.0,0.1147161332861462,0.0,0.0,0.0,0.0,0.0,40.0,1.0,-1.000088900581841e-12,0.0,0.0,81.0,0.0,0.0,0.0,0.0,0.0,406.0,0.0,20,1,0.552739165985282,4.163331998931098,713.0,0.0,0.0,0.0,0.0,2
712.0,8.0,1.4183989315935253,0.0,0.0,0.0,0.0,0.0,56.0,2.0,0.6517565611706533,0.0,0.0,76.52631578947368,0.0,0.0,0.0,0.0,266.0,3410.0,70.0,21,0,0.552739165985282,5.744562646537171,711.5,0.0,0.0,0.0,0.0,2
702.0,4.0,0.3822227038642536,0.0,0.0,0.0,0.0,0.0,62.0,2.0,0.4418033480080161,0.0,0.0,73.0,0.0,0.0,0.0,0.0,228.0,936.0,20.0,22,0,0.552739165985282,5.259911279352244,707.5,0.0,0.0,0.0,0.0,2
708.0,3.0,0.7472904380426955,0.0,0.0,0.0,0.0,0.0,208.0,3.0,0.5520678500413612,0.0,0.0,70.42857142857143,0.0,0.0,0.0,0.0,760.0,5266.0,94.0,23,0,0.552739165985282,4.320493798937457,708.0,0.0,0.0,0.0,0.0,2
716.0,6.0,1.0285171830238145,0.0,0.0,0.0,0.0,0.0,78.0,2.0,0.4706149811794813,0.0,0.0,66.5925925925926,0.0,0.0,0.0,0.0,190.0,2798.0,30.0,0,0,0.552739165985282,3.4641016151363404,711.0,0.0,0.0,0.0,0.0,2
714.0,3.0,0.2654721918365133,0.0,0.0,0.0,0.0,0.0,6.0,1.0,-1.000088900581841e-12,0.0,0.0,57.66666666666666,0.0,0.0,26.0,0.0,38.0,462.0,0.0,1,0,0.552739165985282,4.163331998931071,715.0,0.0,0.0,0.0,0.0,1
54.0,1.0,-1.000088900581841e-12,0.0,0.0,0.0,0.0,0.0,0.0,0.0,0.0,0.0,0.0,56.0,30.0,0.0,0.0,0.0,0.0,0.0,0.0,2,0,0.552739165985282,331.0120843715528,550.5,0.0,0.0,0.0,0.0,2
0.0,0.0,0.0,0.0,0.0,0.0,0.0,0.0,0.0,0.0,0.0,0.0,0.0,55.0,0.0,0.0,0.0,0.0,0.0,0.0,0.0,3,0,0.552739165985282,348.9297923651691,192.0,0.0,0.0,0.0,0.0,2
0.0,0.0,0.0,0.0,0.0,0.0,0.0,0.0,0.0,0.0,0.0,0.0,0.0,55.0,0.0,0.0,0.0,0.0,0.0,0.0,0.0,4,0,0.552739165985282,0.0,0.0,0.0,0.0,0.0,0.0,2
0.0,0.0,0.0,0.0,0.0,0.0,0.0,0.0,0.0,0.0,0.0,0.0,0.0,54.0,0.0,0.0,0.0,0.0,0.0,0.0,0.0,5,0,0.552739165985282,0.0,0.0,0.0,0.0,0.0,0.0,2
0.0,0.0,0.0,0.0,0.0,0.0,0.0,0.0,0.0,0.0,0.0,0.0,0.0,54.0,0.0,0.0,0.0,0.0,0.0,0.0,0.0,6,0,0.552739165985282,0.0,0.0,0.0,0.0,0.0,0.0,2
0.0,0.0,0.0,0.0,0.0,0.0,0.0,0.0,0.0,0.0,0.0,0.0,0.0,53.0,0.0,0.0,0.0,0.0,0.0,0.0,0.0,7,0,0.552739165985282,0.0,0.0,0.0,0.0,0.0,0.0,2
0.0,0.0,0.0,0.0,0.0,0.0,0.0,0.0,4.0,1.0,-1.000088900581841e-12,0.0,0.0,53.0,0.0,0.0,0.0,0.0,0.0,0.0,0.0,8,1,0.552739165985282,0.0,0.0,0.0,0.0,0.0,0.0,2
708.0,4.0,1.0157120622071585,0.0,0.0,0.0,0.0,0.0,40.0,4.0,1.0250939117877866,0.0,0.0,52.0,0.0,0.0,0.0,0.0,266.0,836.0,22.0,9,1,0.552739165985282,410.5033495600248,355.5,0.0,0.0,0.0,0.0,2
708.0,7.0,1.353878644252554,0.0,0.0,0.0,0.0,0.0,50.0,4.0,1.049634821323547,0.0,0.0,48.38461538461539,0.0,24.0,0.0,22.0,418.0,2054.0,84.0,10,1,0.552739165985282,3.464101615134954,711.0,0.0,0.0,0.0,0.0,2
706.0,6.0,1.2821883980231266,0.0,0.0,0.0,0.0,0.0,44.0,2.0,0.4741393130558373,0.0,0.0,45.44444444444444,0.0,0.0,0.0,0.0,190.0,1528.0,28.0,11,1,0.552739165985282,4.123105625615308,710.5,0.0,0.0,0.0,0.0,2
706.0,5.0,0.9741338227315584,0.0,0.0,0.0,0.0,0.0,88.0,4.0,0.8802972043778421,0.0,0.0,44.45454545454545,0.0,0.0,0.0,0.0,190.0,1152.0,34.0,12,1,0.552739165985282,5.033222956845252,707.0,0.0,0.0,0.0,0.0,2
706.0,2.0,0.4229547033473795,0.0,0.0,0.0,0.0,0.0,150.0,2.0,0.439669879399343,0.0,0.0,43.0,0.0,0.0,0.0,0.0,380.0,1512.0,80.0,13,1,0.552739165985282,1.91485421550762,704.5,0.0,0.0,0.0,0.0,2
712.0,3.0,0.8017831543707767,0.0,0.0,0.0,0.0,0.0,108.0,3.0,0.5086998915038099,0.0,0.0,40.44444444444444,0.0,0.0,0.0,0.0,342.0,2826.0,32.0,14,1,0.552739165985282,3.464101615134946,707.0,0.0,0.0,0.0,0.0,2
708.0,8.0,1.3730768040249948,0.0,0.0,0.0,0.0,0.0,180.0,5.0,1.017932154825137,0.0,0.0,37.333333333333336,0.0,0.0,0.0,0.0,342.0,1940.0,82.0,15,1,0.552739165985282,2.516611478419721,708.5,0.0,0.0,0.0,0.0,2
706.0,5.0,0.5764297856160729,0.0,0.0,0.0,0.0,0.0,106.0,3.0,0.3198809073291127,0.0,0.0,35.9,0.0,0.0,0.0,0.0,152.0,1814.0,10.0,16,1,0.552739165985282,1.1547005383708582,707.0,0.0,0.0,0.0,0.0,2
702.0,4.0,0.7481662208632215,0.0,0.0,0.0,0.0,0.0,36.0,2.0,0.6365141682928128,0.0,0.0,33.2,0.0,0.0,0.0,0.0,342.0,986.0,36.0,17,1,0.552739165985282,3.2659863237079483,706.0,0.0,0.0,0.0,0.0,2
712.0,7.0,1.7197323303260488,0.0,0.0,0.0,0.0,0.0,164.0,4.0,0.648480653203277,0.0,0.0,28.65,0.0,0.0,0.0,0.0,266.0,5584.0,80.0,18,1,0.552739165985282,4.4347115652145135,707.5,0.0,0.0,0.0,0.0,2
702.0,3.0,0.1979256353970625,0.0,0.0,0.0,0.0,0.0,60.0,2.0,0.2449300267926353,0.0,0.0,25.142857142857142,0.0,0.0,0.0,0.0,76.0,462.0,16.0,19,1,0.552739165985282,4.320493798936332,706.0,0.0,0.0,0.0,0.0,2
706.0,4.0,0.6211093834038357,0.0,0.0,0.0,0.0,0.0,104.0,2.0,0.6319781608662514,0.0,0.0,22.75,0.0,0.0,0.0,0.0,582.0,2902.0,88.0,20,1,0.552739165985282,1.91485421550762,704.5,0.0,0.0,0.0,0.0,2
708.0,1.0,-1.000088900581841e-12,0.0,0.0,0.0,0.0,0.0,8.0,1.0,-1.000088900581841e-12,0.0,0.0,21.5,0.0,0.0,0.0,0.0,160.0,0.0,0.0,21,0,0.552739165985282,1.6329931618495055,706.0,0.0,0.0,0.0,0.0,2
714.0,9.0,1.6747211878072217,0.0,0.0,0.0,0.0,0.0,152.0,4.0,0.9507362648002872,0.0,0.0,18.375,0.0,0.0,0.0,0.0,332.0,7876.0,44.0,22,0,0.552739165985282,4.7258156262505455,707.5,0.0,0.0,0.0,0.0,2
0.0,0.0,0.0,0.0,0.0,0.0,0.0,0.0,0.0,0.0,0.0,0.0,0.0,0.0,0.0,0.0,0.0,0.0,588.0,1798.0,48.0,23,0,0.552739165985282,346.3293230438335,518.0,0.0,0.0,0.0,0.0,2
718.0,4.0,0.3153234794428244,0.0,0.0,0.0,0.0,0.0,38.0,4.0,1.0102099474226796,0.0,0.0,28.3,0.0,0.0,0.0,0.0,0.0,918.0,0.0,0,0,0.552739165985282,347.5648620521547,395.0,0.0,0.0,0.0,0.0,2
716.0,1.0,-1.000088900581841e-12,0.0,0.0,0.0,0.0,0.0,52.0,1.0,-1.000088900581841e-12,0.0,0.0,70.66666666666667,0.0,0.0,0.0,0.0,0.0,0.0,0.0,1,0,0.552739165985282,254.335080815316,589.5,0.0,0.0,0.0,0.0,2
0.0,0.0,0.0,0.0,0.0,0.0,0.0,0.0,4.0,1.0,-1.000088900581841e-12,0.0,0.0,99.93333333333334,0.0,0.0,0.0,0.0,0.0,0.0,0.0,2,0,0.552739165985282,385.2215812576791,384.5,0.0,0.0,0.0,0.0,2
0.0,0.0,0.0,0.0,0.0,0.0,0.0,0.0,0.0,0.0,0.0,0.0,0.0,100.0,0.0,0.0,0.0,0.0,0.0,0.0,0.0,3,0,0.552739165985282,52.999999999999694,26.5,0.0,0.0,0.0,0.0,2
0.0,0.0,0.0,0.0,0.0,0.0,0.0,0.0,0.0,0.0,0.0,0.0,0.0,100.0,0.0,0.0,0.0,0.0,0.0,0.0,0.0,4,0,0.552739165985282,0.0,0.0,0.0,0.0,0.0,0.0,2
0.0,0.0,0.0,0.0,0.0,0.0,0.0,0.0,0.0,0.0,0.0,0.0,0.0,100.0,0.0,0.0,0.0,0.0,0.0,0.0,0.0,5,0,0.552739165985282,0.0,0.0,0.0,0.0,0.0,0.0,2
0.0,0.0,0.0,0.0,0.0,0.0,0.0,0.0,0.0,0.0,0.0,0.0,0.0,100.0,0.0,0.0,0.0,0.0,0.0,0.0,0.0,6,0,0.552739165985282,0.0,0.0,0.0,0.0,0.0,0.0,2
0.0,0.0,0.0,0.0,0.0,0.0,0.0,0.0,0.0,0.0,0.0,0.0,0.0,100.0,0.0,0.0,0.0,0.0,0.0,0.0,0.0,7,0,0.552739165985282,0.0,0.0,0.0,0.0,0.0,0.0,2
0.0,0.0,0.0,0.0,0.0,0.0,0.0,0.0,4.0,1.0,-1.000088900581841e-12,0.0,0.0,100.0,0.0,0.0,0.0,0.0,0.0,0.0,0.0,8,1,0.552739165985282,0.0,0.0,0.0,0.0,0.0,0.0,2
706.0,4.0,0.6100339426139031,0.0,0.0,0.0,0.0,0.0,8.0,1.0,-1.000088900581841e-12,0.0,0.0,98.0,0.0,0.0,0.0,0.0,414.0,476.0,34.0,9,1,0.552739165985282,408.1874569361484,353.5,0.0,0.0,0.0,0.0,2
714.0,1.0,-1.000088900581841e-12,0.0,0.0,0.0,0.0,0.0,0.0,0.0,0.0,0.0,0.0,97.0,0.0,0.0,0.0,0.0,0.0,0.0,0.0,10,1,0.552739165985282,3.4641016151302773,709.0,0.0,0.0,0.0,0.0,2
0.0,0.0,0.0,0.0,0.0,0.0,0.0,0.0,0.0,0.0,0.0,0.0,0.0,97.0,24.0,0.0,0.0,0.0,0.0,0.0,0.0,11,1,0.552739165985282,346.5371552950707,518.0,0.0,0.0,0.0,0.0,2
0.0,0.0,0.0,0.0,0.0,0.0,0.0,0.0,0.0,0.0,0.0,0.0,0.0,96.5,22.0,0.0,0.0,0.0,0.0,0.0,0.0,12,1,0.552739165985282,324.99999999999994,162.5,0.0,0.0,0.0,0.0,2
0.0,0.0,0.0,0.0,0.0,0.0,0.0,0.0,2.0,1.0,-1.000088900581841e-12,0.0,0.0,96.0,0.0,0.0,0.0,0.0,46.0,0.0,0.0,13,1,0.552739165985282,0.0,0.0,0.0,0.0,0.0,0.0,2
0.0,0.0,0.0,0.0,0.0,0.0,0.0,0.0,0.0,0.0,0.0,0.0,0.0,96.0,0.0,0.0,0.0,0.0,0.0,0.0,0.0,14,1,0.552739165985282,0.0,0.0,0.0,0.0,0.0,0.0,2
0.0,0.0,0.0,0.0,0.0,0.0,0.0,0.0,0.0,0.0,0.0,0.0,0.0,95.0,0.0,0.0,0.0,0.0,0.0,0.0,0.0,15,1,0.552739165985282,0.0,0.0,0.0,0.0,0.0,0.0,2
260.0,4.0,1.0711279584678386,0.0,0.0,0.0,0.0,0.0,222.0,4.0,0.6952478058296746,0.0,0.0,94.16666666666669,0.0,28.0,0.0,32.0,230.0,540.0,20.0,16,1,0.552739165985282,129.99999999999986,65.0,0.0,0.0,0.0,0.0,2
712.0,5.0,0.9771476865807014,0.0,0.0,0.0,0.0,0.0,432.0,2.0,0.3390951973811773,0.0,0.0,90.66666666666669,0.0,0.0,0.0,0.0,690.0,3302.0,138.0,17,1,0.552739165985282,351.2871569907825,420.0,0.0,0.0,0.0,0.0,2
708.0,5.0,0.9724400128244084,0.0,0.0,0.0,0.0,0.0,72.0,2.0,0.6682484776625386,0.0,0.0,87.18181818181819,0.0,0.0,0.0,0.0,506.0,3978.0,90.0,18,1,0.552739165985282,1.91485421550761,709.5,0.0,0.0,0.0,0.0,2
704.0,3.0,0.3877587066095164,0.0,0.0,0.0,0.0,0.0,58.0,3.0,0.6516582165610162,0.0,0.0,85.42857142857143,0.0,0.0,0.0,0.0,184.0,3120.0,24.0,19,1,0.552739165985282,2.5819888974678538,707.0,0.0,0.0,0.0,0.0,2
708.0,5.0,0.9408581658930596,0.0,0.0,0.0,0.0,0.0,72.0,2.0,0.4926036575375839,0.0,0.0,82.8,0.0,0.0,0.0,0.0,414.0,2942.0,46.0,20,1,0.552739165985282,1.91485421550761,706.5,0.0,0.0,0.0,0.0,2
712.0,5.0,0.9487885809191046,0.0,0.0,0.0,0.0,0.0,30.0,3.0,0.8608513906282316,0.0,0.0,76.3157894736842,0.0,0.0,0.0,0.0,322.0,716.0,28.0,21,0,0.552739165985282,4.72581562625056,711.5,0.0,0.0,0.0,0.0,2
714.0,5.0,1.0949303591876125,0.0,0.0,0.0,0.0,0.0,122.0,2.0,0.4184198549539311,0.0,0.0,72.88235294117646,0.0,0.0,0.0,0.0,328.0,6108.0,48.0,22,0,0.552739165985282,4.999999999998062,712.5,0.0,0.0,0.0,0.0,2
712.0,4.0,0.927013241949992,0.0,0.0,0.0,0.0,0.0,114.0,2.0,0.5763341277547498,0.0,0.0,69.13333333333334,0.0,0.0,0.0,0.0,672.0,5318.0,80.0,23,0,0.552739165985282,3.785938897197617,711.5,0.0,0.0,0.0,0.0,2
714.0,1.0,-1.000088900581841e-12,0.0,0.0,0.0,0.0,0.0,0.0,0.0,0.0,0.0,0.0,67.0,0.0,0.0,0.0,0.0,0.0,0.0,0.0,0,0,0.552739165985282,0.9999999999902514,713.5,0.0,0.0,0.0,0.0,2
0.0,0.0,0.0,0.0,0.0,0.0,0.0,0.0,0.0,0.0,0.0,0.0,0.0,66.0,0.0,0.0,0.0,0.0,0.0,0.0,0.0,1,0,0.552739165985282,344.6215315385851,513.0,0.0,0.0,0.0,0.0,2
0.0,0.0,0.0,0.0,0.0,0.0,0.0,0.0,0.0,0.0,0.0,0.0,0.0,65.5,0.0,0.0,0.0,0.0,0.0,0.0,0.0,2,0,0.552739165985282,312.0,156.0,0.0,0.0,0.0,0.0,2
0.0,0.0,0.0,0.0,0.0,0.0,0.0,0.0,0.0,0.0,0.0,0.0,0.0,65.0,0.0,0.0,0.0,0.0,0.0,0.0,0.0,3,0,0.552739165985282,0.0,0.0,0.0,0.0,0.0,0.0,2
0.0,0.0,0.0,0.0,0.0,0.0,0.0,0.0,0.0,0.0,0.0,0.0,0.0,64.0,0.0,0.0,0.0,0.0,0.0,0.0,0.0,4,0,0.552739165985282,0.0,0.0,0.0,0.0,0.0,0.0,2
0.0,0.0,0.0,0.0,0.0,0.0,0.0,0.0,0.0,0.0,0.0,0.0,0.0,64.0,0.0,0.0,0.0,0.0,0.0,0.0,0.0,5,0,0.552739165985282,0.0,0.0,0.0,0.0,0.0,0.0,2
0.0,0.0,0.0,0.0,0.0,0.0,0.0,0.0,0.0,0.0,0.0,0.0,0.0,63.0,0.0,0.0,0.0,0.0,0.0,0.0,0.0,6,0,0.552739165985282,0.0,0.0,0.0,0.0,0.0,0.0,2
0.0,0.0,0.0,0.0,0.0,0.0,0.0,0.0,0.0,0.0,0.0,0.0,0.0,62.16666666666666,0.0,0.0,0.0,0.0,0.0,0.0,0.0,7,0,0.552739165985282,0.0,0.0,0.0,0.0,0.0,0.0,2
692.0,1.0,-1.000088900581841e-12,0.0,0.0,0.0,0.0,0.0,8.0,1.0,-1.000088900581841e-12,0.0,0.0,61.5,0.0,0.0,0.0,0.0,48.0,0.0,0.0,8,1,0.552739165985282,346.0,173.0,0.0,0.0,0.0,0.0,2
702.0,1.0,-1.000088900581841e-12,0.0,0.0,0.0,0.0,0.0,74.0,2.0,0.1242508373876309,0.0,0.0,60.0,0.0,0.0,0.0,0.0,144.0,0.0,0.0,9,1,0.552739165985282,351.0949539179774,526.5,0.0,0.0,0.0,0.0,2
704.0,2.0,0.4566062210629598,0.0,0.0,0.0,0.0,0.0,278.0,2.0,0.1995730351086332,0.0,0.0,57.5,0.0,0.0,0.0,0.0,766.0,3724.0,58.0,10,1,0.552739165985282,5.259911279353178,707.5,0.0,0.0,0.0,0.0,2
710.0,5.0,0.8742402151081605,0.0,0.0,0.0,0.0,0.0,160.0,2.0,0.4227090878039908,0.0,0.0,54.888888888888886,0.0,0.0,0.0,0.0,528.0,3264.0,86.0,11,1,0.552739165985282,3.651483716701113,708.0,0.0,0.0,0.0,0.0,2
708.0,4.0,1.2494530479820238,0.0,0.0,0.0,0.0,0.0,552.0,3.0,0.1936075600104701,0.0,0.0,47.64705882352941,0.0,0.0,0.0,0.0,288.0,4116.0,38.0,12,1,0.552739165985282,5.259911279353172,710.5,0.0,0.0,0.0,0.0,2
708.0,10.0,1.6659989446432406,0.0,0.0,0.0,0.0,0.0,274.0,5.0,1.3544530448903398,0.0,0.0,45.15384615384615,0.0,0.0,0.0,0.0,336.0,2660.0,54.0,13,1,0.552739165985282,5.416025603090644,710.0,0.0,0.0,0.0,0.0,2
706.0,3.0,0.7327509477184257,0.0,0.0,0.0,0.0,0.0,58.0,2.0,0.5098156995796888,0.0,0.0,41.75,0.0,0.0,0.0,0.0,384.0,1458.0,38.0,14,1,0.552739165985282,1.914854215512706,707.5,0.0,0.0,0.0,0.0,2
708.0,4.0,1.0047729069910576,0.0,0.0,0.0,0.0,0.0,172.0,3.0,0.4896184408349902,0.0,0.0,40.27272727272727,0.0,0.0,0.0,0.0,528.0,4184.0,68.0,15,1,0.552739165985282,2.5819888974716334,709.0,0.0,0.0,0.0,0.0,2
710.0,4.0,0.9594679674673644,0.0,0.0,0.0,0.0,0.0,74.0,4.0,1.2471349301237789,0.0,0.0,37.06666666666667,0.0,0.0,0.0,0.0,384.0,1770.0,46.0,16,1,0.552739165985282,1.9148542155127208,710.5,0.0,0.0,0.0,0.0,2
708.0,4.0,1.0074569337292012,0.0,0.0,0.0,0.0,0.0,194.0,4.0,0.7207933389620722,0.0,0.0,34.111111111111114,0.0,0.0,0.0,0.0,720.0,3138.0,114.0,17,1,0.552739165985282,1.6329931618555042,710.0,0.0,0.0,0.0,0.0,2
710.0,5.0,1.060707144043835,0.0,0.0,0.0,0.0,0.0,58.0,4.0,1.2452423780096895,0.0,0.0,30.5,0.0,0.0,0.0,0.0,576.0,774.0,28.0,18,1,0.552739165985282,2.828427124746234,708.0,0.0,0.0,0.0,0.0,2
706.0,7.0,1.500208382422246,0.0,0.0,0.0,0.0,0.0,114.0,4.0,1.1129302153380656,0.0,0.0,27.88888888888889,0.0,0.0,0.0,0.0,596.0,6448.0,110.0,19,1,0.552739165985282,3.651483716701136,708.0,0.0,0.0,0.0,0.0,2
718.0,2.0,0.1171618724271235,0.0,0.0,0.0,0.0,0.0,102.0,1.0,-1.000088900581841e-12,0.0,0.0,19.23333333333333,0.0,0.0,0.0,0.0,0.0,366.0,0.0,20,1,0.552739165985282,5.744562646538036,713.5,0.0,0.0,0.0,0.0,2
0.0,0.0,0.0,0.0,0.0,0.0,0.0,0.0,0.0,0.0,0.0,0.0,0.0,0.0,0.0,0.0,0.0,0.0,336.0,2156.0,52.0,22,0,0.552739165985282,340.2391315922768,222.0,0.0,0.0,0.0,0.0,2
0.0,0.0,0.0,0.0,0.0,0.0,0.0,0.0,0.0,0.0,0.0,0.0,0.0,0.0,0.0,0.0,0.0,0.0,288.0,1506.0,36.0,23,0,0.552739165985282,0.0,0.0,0.0,0.0,0.0,0.0,2
0.0,0.0,0.0,0.0,0.0,0.0,0.0,0.0,0.0,0.0,0.0,0.0,0.0,0.0,0.0,0.0,0.0,0.0,240.0,1274.0,30.0,0,0,0.552739165985282,0.0,0.0,0.0,0.0,0.0,0.0,2
496.0,4.0,0.2336074752517604,0.0,0.0,0.0,0.0,0.0,48.0,3.0,0.6159905783181985,0.0,46.0,28.5,0.0,0.0,28.0,0.0,192.0,2572.0,26.0,1,0,0.552739165985282,248.0,124.0,0.0,0.0,0.0,0.0,1
250.0,1.0,-1.000088900581841e-12,0.0,0.0,0.0,0.0,0.0,48.0,1.0,-1.000088900581841e-12,0.0,0.0,76.5,0.0,0.0,0.0,0.0,0.0,0.0,0.0,2,0,0.552739165985282,309.19842604170327,365.5,0.0,0.0,0.0,0.0,2
0.0,0.0,0.0,0.0,0.0,0.0,0.0,0.0,0.0,0.0,0.0,0.0,0.0,100.0,0.0,0.0,0.0,0.0,0.0,0.0,0.0,3,0,0.552739165985282,337.5732019379895,241.5,0.0,0.0,0.0,0.0,2
0.0,0.0,0.0,0.0,0.0,0.0,0.0,0.0,0.0,0.0,0.0,0.0,0.0,100.0,0.0,0.0,0.0,0.0,0.0,0.0,0.0,4,0,0.552739165985282,0.0,0.0,0.0,0.0,0.0,0.0,2
0.0,0.0,0.0,0.0,0.0,0.0,0.0,0.0,0.0,0.0,0.0,0.0,0.0,100.0,0.0,0.0,0.0,0.0,0.0,0.0,0.0,5,0,0.552739165985282,0.0,0.0,0.0,0.0,0.0,0.0,2
0.0,0.0,0.0,0.0,0.0,0.0,0.0,0.0,0.0,0.0,0.0,0.0,0.0,100.0,0.0,0.0,0.0,0.0,0.0,0.0,0.0,6,0,0.552739165985282,0.0,0.0,0.0,0.0,0.0,0.0,2
0.0,0.0,0.0,0.0,0.0,0.0,0.0,0.0,0.0,0.0,0.0,0.0,0.0,100.0,0.0,0.0,0.0,0.0,0.0,0.0,0.0,7,0,0.552739165985282,0.0,0.0,0.0,0.0,0.0,0.0,2
0.0,0.0,0.0,0.0,0.0,0.0,0.0,0.0,4.0,1.0,-1.000088900581841e-12,0.0,0.0,100.0,0.0,0.0,0.0,0.0,0.0,0.0,0.0,8,1,0.552739165985282,0.0,0.0,0.0,0.0,0.0,0.0,2
712.0,4.0,0.915558428876168,0.0,0.0,0.0,0.0,0.0,26.0,2.0,0.666278442412676,0.0,0.0,98.66666666666669,0.0,0.0,0.0,0.0,150.0,4288.0,16.0,9,1,0.552739165985282,408.7770378417392,354.0,0.0,0.0,0.0,0.0,2
708.0,1.0,-1.000088900581841e-12,0.0,0.0,0.0,0.0,0.0,0.0,0.0,0.0,0.0,0.0,97.0,0.0,0.0,0.0,0.0,0.0,0.0,0.0,10,1,0.552739165985282,3.265986323710904,708.0,0.0,0.0,0.0,0.0,2
0.0,0.0,0.0,0.0,0.0,0.0,0.0,0.0,0.0,0.0,0.0,0.0,0.0,96.33333333333331,30.0,0.0,0.0,0.0,0.0,0.0,0.0,11,1,0.552739165985282,344.40818805597524,514.5,0.0,0.0,0.0,0.0,2
0.0,0.0,0.0,0.0,0.0,0.0,0.0,0.0,0.0,0.0,0.0,0.0,0.0,95.0,0.0,0.0,0.0,0.0,0.0,0.0,0.0,12,1,0.552739165985282,321.0,160.5,0.0,0.0,0.0,0.0,2
0.0,0.0,0.0,0.0,0.0,0.0,0.0,0.0,2.0,1.0,-1.000088900581841e-12,0.0,0.0,93.5,0.0,0.0,0.0,0.0,50.0,0.0,0.0,13,1,0.552739165985282,0.0,0.0,0.0,0.0,0.0,0.0,2
0.0,0.0,0.0,0.0,0.0,0.0,0.0,0.0,0.0,0.0,0.0,0.0,0.0,92.0,0.0,0.0,0.0,0.0,0.0,0.0,0.0,14,1,0.552739165985282,0.0,0.0,0.0,0.0,0.0,0.0,2
0.0,0.0,0.0,0.0,0.0,0.0,0.0,0.0,0.0,0.0,0.0,0.0,0.0,90.5,0.0,0.0,0.0,0.0,0.0,0.0,0.0,15,1,0.552739165985282,0.0,0.0,0.0,0.0,0.0,0.0,2
0.0,0.0,0.0,0.0,0.0,0.0,0.0,0.0,0.0,0.0,0.0,0.0,0.0,89.0,0.0,0.0,0.0,0.0,0.0,0.0,0.0,16,1,0.552739165985282,0.0,0.0,0.0,0.0,0.0,0.0,2
0.0,0.0,0.0,0.0,0.0,0.0,0.0,0.0,0.0,0.0,0.0,0.0,0.0,87.0,0.0,0.0,0.0,0.0,0.0,0.0,0.0,17,1,0.552739165985282,0.0,0.0,0.0,0.0,0.0,0.0,2
714.0,4.0,0.953033576868684,0.0,0.0,0.0,0.0,0.0,288.0,6.0,0.8568374921858182,0.0,0.0,82.38095238095238,0.0,0.0,0.0,0.0,250.0,6024.0,56.0,18,1,0.552739165985282,409.36169825717695,354.5,0.0,0.0,0.0,0.0,2
704.0,3.0,0.4461491441206803,0.0,0.0,0.0,0.0,0.0,92.0,2.0,0.4943156581422628,0.0,0.0,79.0,0.0,0.0,0.0,0.0,600.0,748.0,64.0,19,1,0.552739165985282,4.725815626251235,707.5,0.0,0.0,0.0,0.0,2
690.0,5.0,1.1526749047712526,0.0,0.0,0.0,0.0,0.0,744.0,4.0,0.7440755530424792,0.0,0.0,75.83333333333333,0.0,0.0,0.0,0.0,400.0,2788.0,46.0,20,1,0.552739165985282,9.574271077562708,703.5,0.0,0.0,0.0,0.0,2
708.0,8.0,1.4836355743151943,0.0,0.0,0.0,0.0,0.0,240.0,4.0,0.634071186937897,0.0,0.0,71.16666666666667,0.0,0.0,0.0,0.0,500.0,3266.0,70.0,21,0,0.552739165985282,9.848857801795448,704.5,0.0,0.0,0.0,0.0,2
704.0,4.0,0.7891006616658056,0.0,0.0,0.0,0.0,0.0,356.0,2.0,0.2614164444440414,0.0,0.0,69.14285714285714,0.0,0.0,0.0,0.0,800.0,1110.0,64.0,22,0,0.552739165985282,1.9999999999967648,707.0,0.0,0.0,0.0,0.0,2
718.0,2.0,0.1068001133610488,0.0,0.0,0.0,0.0,0.0,138.0,1.0,-1.000088900581841e-12,0.0,0.0,64.5,0.0,0.0,0.0,0.0,0.0,360.0,0.0,23,0,0.552739165985282,5.972157622388559,710.5,0.0,0.0,0.0,0.0,1
712.0,4.0,0.8354117808716355,0.0,0.0,0.0,0.0,0.0,38.0,3.0,0.955131195448464,0.0,0.0,57.1875,0.0,0.0,32.0,0.0,364.0,3322.0,48.0,0,0,0.552739165985282,3.4641016151358786,715.0,0.0,0.0,0.0,0.0,2
498.0,1.0,-1.000088900581841e-12,0.0,0.0,0.0,0.0,0.0,0.0,0.0,0.0,0.0,0.0,55.0,28.0,0.0,0.0,0.0,0.0,0.0,0.0,1,0,0.552739165985282,108.037030688556,660.0,0.0,0.0,0.0,0.0,2
0.0,0.0,0.0,0.0,0.0,0.0,0.0,0.0,6.0,1.0,-1.000088900581841e-12,0.0,0.0,54.0,28.0,0.0,0.0,0.0,0.0,0.0,0.0,2,0,0.552739165985282,360.05693994144866,302.5,0.0,0.0,0.0,0.0,2
0.0,0.0,0.0,0.0,0.0,0.0,0.0,0.0,0.0,0.0,0.0,0.0,0.0,53.5,0.0,0.0,0.0,0.0,0.0,0.0,0.0,3,0,0.552739165985282,0.0,0.0,0.0,0.0,0.0,0.0,2
0.0,0.0,0.0,0.0,0.0,0.0,0.0,0.0,0.0,0.0,0.0,0.0,0.0,53.0,32.0,0.0,0.0,0.0,0.0,0.0,0.0,4,0,0.552739165985282,0.0,0.0,0.0,0.0,0.0,0.0,2
0.0,0.0,0.0,0.0,0.0,0.0,0.0,0.0,0.0,0.0,0.0,0.0,0.0,52.833333333333336,0.0,0.0,0.0,0.0,0.0,0.0,0.0,5,0,0.552739165985282,0.0,0.0,0.0,0.0,0.0,0.0,2
530.0,2.0,0.2067657115061416,0.0,0.0,0.0,0.0,0.0,36.0,2.0,0.3488320958410319,0.0,0.0,52.0,0.0,0.0,0.0,0.0,52.0,88.0,14.0,6,0,0.552739165985282,265.0,132.5,0.0,0.0,0.0,0.0,2
216.0,1.0,-1.000088900581841e-12,0.0,0.0,0.0,0.0,0.0,0.0,0.0,0.0,0.0,0.0,51.16666666666666,32.0,0.0,0.0,0.0,52.0,0.0,0.0,7,0,0.552739165985282,318.56553485899883,365.0,0.0,0.0,0.0,0.0,2
712.0,1.0,-1.000088900581841e-12,0.0,0.0,0.0,0.0,0.0,10.0,2.0,0.6730116670072565,0.0,0.0,50.66666666666666,0.0,0.0,0.0,0.0,0.0,0.0,0.0,8,1,0.552739165985282,330.1898443824905,431.0,0.0,0.0,0.0,0.0,2
716.0,7.0,1.3907216995163738,0.0,0.0,0.0,0.0,0.0,300.0,5.0,0.9218862131972084,0.0,0.0,48.31578947368421,0.0,26.0,0.0,24.0,726.0,3506.0,64.0,9,1,0.552739165985282,316.0042193811131,556.0,0.0,0.0,0.0,0.0,2
708.0,1.0,-1.000088900581841e-12,0.0,0.0,0.0,0.0,0.0,74.0,2.0,0.5220770639112398,0.0,0.0,45.2,0.0,0.0,0.0,0.0,414.0,2254.0,46.0,10,1,0.552739165985282,4.123105625615303,711.5,0.0,0.0,0.0,0.0,1
712.0,2.0,0.1918445981227037,0.0,0.0,0.0,0.0,0.0,56.0,2.0,0.410116318286409,0.0,0.0,43.16666666666666,0.0,0.0,0.0,0.0,312.0,640.0,34.0,11,1,0.552739165985282,2.99999999999676,710.5,0.0,0.0,0.0,0.0,1
716.0,5.0,1.214175453247122,0.0,0.0,0.0,0.0,0.0,1812.0,4.0,0.220004829075611,0.0,0.0,40.4375,0.0,0.0,0.0,0.0,260.0,166.0,18.0,12,1,0.552739165985282,2.581988897467843,713.0,0.0,0.0,0.0,0.0,1
710.0,8.0,1.2495888402552182,0.0,0.0,0.0,0.0,0.0,266.0,5.0,1.1610907351518898,0.0,0.0,36.7,0.0,0.0,0.0,0.0,832.0,6296.0,130.0,13,1,0.552739165985282,2.828427124742744,712.0,0.0,0.0,0.0,0.0,2
708.0,4.0,0.4508196330106588,0.0,0.0,0.0,0.0,0.0,76.0,5.0,0.9341036154288302,0.0,0.0,34.111111111111114,0.0,0.0,0.0,0.0,416.0,666.0,48.0,14,1,0.552739165985282,1.632993161849459,710.0,0.0,0.0,0.0,0.0,2
708.0,3.0,0.7662750297111947,0.0,0.0,0.0,0.0,0.0,30.0,2.0,0.6365141682928128,0.0,0.0,30.666666666666668,0.0,0.0,0.0,0.0,416.0,1448.0,16.0,15,1,0.552739165985282,1.9148542155075647,709.5,0.0,0.0,0.0,0.0,2
710.0,3.0,0.7099757214951345,0.0,0.0,0.0,0.0,0.0,70.0,4.0,0.4742081271951445,0.0,0.0,26.866666666666667,0.0,0.0,0.0,0.0,104.0,1038.0,18.0,16,1,0.552739165985282,2.581988897467832,709.0,0.0,0.0,0.0,0.0,2
710.0,6.0,1.4542495291055793,0.0,0.0,0.0,0.0,0.0,158.0,5.0,1.038995144590038,0.0,0.0,19.47058823529412,0.0,0.0,0.0,0.0,468.0,2360.0,56.0,17,1,0.552739165985282,5.972157622388005,711.5,0.0,0.0,0.0,0.0,2
0.0,0.0,0.0,0.0,0.0,0.0,0.0,0.0,0.0,0.0,0.0,0.0,0.0,0.0,0.0,0.0,0.0,0.0,100.0,1108.0,14.0,18,1,0.552739165985282,339.2516273603808,457.5,0.0,0.0,0.0,0.0,2
0.0,0.0,0.0,0.0,0.0,0.0,0.0,0.0,0.0,0.0,0.0,0.0,0.0,0.0,0.0,0.0,0.0,0.0,200.0,326.0,40.0,19,1,0.552739165985282,200.0,100.0,0.0,0.0,0.0,0.0,2
0.0,0.0,0.0,0.0,0.0,0.0,0.0,0.0,0.0,0.0,0.0,0.0,0.0,0.0,0.0,0.0,0.0,0.0,400.0,3300.0,50.0,20,1,0.552739165985282,0.0,0.0,0.0,0.0,0.0,0.0,2
0.0,0.0,0.0,0.0,0.0,0.0,0.0,0.0,0.0,0.0,0.0,0.0,0.0,0.0,0.0,0.0,0.0,0.0,350.0,5012.0,60.0,21,0,0.552739165985282,0.0,0.0,0.0,0.0,0.0,0.0,2
488.0,1.0,-1.000088900581841e-12,0.0,0.0,0.0,0.0,0.0,132.0,2.0,0.3693331216436527,0.0,0.0,23.35,0.0,0.0,0.0,0.0,0.0,382.0,0.0,22,0,0.552739165985282,244.0,122.0,0.0,0.0,0.0,0.0,2
706.0,3.0,0.3034225399431218,0.0,0.0,0.0,0.0,0.0,188.0,4.0,1.1473287783797586,0.0,0.0,51.13793103448276,0.0,0.0,0.0,0.0,104.0,740.0,24.0,23,0,0.552739165985282,335.741964411163,478.0,0.0,0.0,0.0,0.0,2
716.0,2.0,0.326308742125741,0.0,0.0,0.0,0.0,0.0,2.0,1.0,-1.000088900581841e-12,0.0,0.0,60.0,0.0,0.0,0.0,0.0,0.0,580.0,0.0,0,0,0.552739165985282,5.744562646535073,714.5,0.0,0.0,0.0,0.0,2
72.0,1.0,-1.000088900581841e-12,0.0,0.0,0.0,0.0,0.0,0.0,0.0,0.0,0.0,0.0,60.0,24.0,0.0,0.0,0.0,0.0,0.0,0.0,1,0,0.552739165985282,322.3347121652687,555.5,0.0,0.0,0.0,0.0,2
0.0,0.0,0.0,0.0,0.0,0.0,0.0,0.0,0.0,0.0,0.0,0.0,0.0,59.66666666666666,30.0,0.0,0.0,0.0,0.0,0.0,0.0,2,0,0.552739165985282,347.6607541843053,197.0,0.0,0.0,0.0,0.0,2
0.0,0.0,0.0,0.0,0.0,0.0,0.0,0.0,0.0,0.0,0.0,0.0,0.0,58.5,0.0,0.0,0.0,0.0,0.0,0.0,0.0,3,0,0.552739165985282,0.0,0.0,0.0,0.0,0.0,0.0,2
0.0,0.0,0.0,0.0,0.0,0.0,0.0,0.0,0.0,0.0,0.0,0.0,0.0,58.0,0.0,0.0,0.0,0.0,0.0,0.0,0.0,4,0,0.552739165985282,0.0,0.0,0.0,0.0,0.0,0.0,2
0.0,0.0,0.0,0.0,0.0,0.0,0.0,0.0,2.0,1.0,-1.000088900581841e-12,0.0,0.0,58.0,0.0,0.0,0.0,0.0,52.0,0.0,0.0,5,0,0.552739165985282,0.0,0.0,0.0,0.0,0.0,0.0,2
0.0,0.0,0.0,0.0,0.0,0.0,0.0,0.0,0.0,0.0,0.0,0.0,0.0,57.0,0.0,0.0,0.0,0.0,0.0,0.0,0.0,6,0,0.552739165985282,0.0,0.0,0.0,0.0,0.0,0.0,2
0.0,0.0,0.0,0.0,0.0,0.0,0.0,0.0,0.0,0.0,0.0,0.0,0.0,56.16666666666666,0.0,0.0,0.0,0.0,0.0,0.0,0.0,7,0,0.552739165985282,0.0,0.0,0.0,0.0,0.0,0.0,2
430.0,5.0,1.3909190833537144,0.0,0.0,0.0,0.0,0.0,56.0,6.0,1.5065388568589977,0.0,0.0,55.25,0.0,0.0,0.0,0.0,364.0,2848.0,56.0,8,1,0.552739165985282,214.99999999999991,107.5,0.0,0.0,0.0,0.0,2
710.0,5.0,0.8743613150390792,0.0,0.0,0.0,0.0,0.0,86.0,4.0,1.23160174848671,0.0,0.0,51.285714285714285,0.0,0.0,0.0,0.0,1300.0,846.0,78.0,9,1,0.552739165985282,336.8837583895469,464.0,0.0,0.0,0.0,0.0,2
708.0,4.0,0.75245521564272,0.0,0.0,0.0,0.0,0.0,222.0,4.0,0.7602052945844369,0.0,0.0,50.0,0.0,0.0,0.0,0.0,520.0,540.0,90.0,10,1,0.552739165985282,3.7859388971955954,710.5,0.0,0.0,0.0,0.0,2
712.0,6.0,0.9986942638191711,0.0,0.0,0.0,0.0,0.0,118.0,5.0,1.0152365610254523,0.0,0.0,48.4,0.0,0.0,0.0,0.0,520.0,988.0,32.0,11,1,0.552739165985282,1.9148542155035968,709.5,0.0,0.0,0.0,0.0,2
720.0,2.0,0.2868359830541607,0.0,0.0,0.0,0.0,0.0,74.0,4.0,0.4549437534641775,0.0,0.0,44.11111111111112,0.0,0.0,0.0,0.0,52.0,356.0,0.0,12,1,0.552739165985282,5.259911279349861,712.5,0.0,0.0,0.0,0.0,1
710.0,6.0,1.2336455075246116,0.0,0.0,0.0,0.0,0.0,58.0,4.0,1.296717239032655,0.0,0.0,37.22222222222222,0.0,0.0,0.0,0.0,520.0,7510.0,68.0,13,1,0.552739165985282,5.2915026221258925,713.0,0.0,0.0,0.0,0.0,2
708.0,6.0,0.7308924658295785,0.0,0.0,0.0,0.0,0.0,56.0,4.0,1.2396593920503858,0.0,0.0,33.833333333333336,0.0,0.0,0.0,0.0,676.0,1400.0,86.0,14,1,0.552739165985282,3.4156502553147683,709.5,0.0,0.0,0.0,0.0,2
710.0,3.0,0.4539601940227756,0.0,0.0,0.0,0.0,0.0,114.0,3.0,0.4845241488156041,0.0,0.0,29.0,0.0,0.0,0.0,0.0,260.0,372.0,34.0,16,1,0.552739165985282,1.999999999991298,709.0,0.0,0.0,0.0,0.0,1
708.0,5.0,1.1262068640137717,0.0,0.0,0.0,0.0,0.0,140.0,2.0,0.4799486147106542,0.0,0.0,25.615384615384617,0.0,36.0,0.0,30.0,416.0,2838.0,64.0,17,1,0.552739165985282,2.516611478416672,710.5,0.0,0.0,0.0,0.0,2
718.0,4.0,0.470846369115559,0.0,0.0,0.0,0.0,0.0,146.0,4.0,0.821939079431304,0.0,0.0,20.366666666666667,0.0,0.0,0.0,0.0,0.0,1722.0,0.0,18,1,0.552739165985282,4.434711565212776,712.5,0.0,0.0,0.0,0.0,2
0.0,0.0,0.0,0.0,0.0,0.0,0.0,0.0,0.0,0.0,0.0,0.0,0.0,0.0,0.0,0.0,0.0,0.0,0.0,10.0,0.0,19,1,0.552739165985282,356.026216263166,418.0,0.0,0.0,0.0,0.0,2
444.0,2.0,0.1077002860123955,0.0,0.0,0.0,0.0,0.0,76.0,3.0,0.8613950593487032,0.0,0.0,28.11111111111111,0.0,0.0,0.0,0.0,166.0,1152.0,22.0,20,1,0.552739165985282,214.73704850351268,172.0,0.0,0.0,0.0,0.0,2
710.0,2.0,0.5042827680587898,0.0,0.0,0.0,0.0,0.0,620.0,3.0,0.3819279864764372,0.0,0.0,75.33333333333333,0.0,0.0,0.0,0.0,168.0,1430.0,38.0,21,0,0.552739165985282,334.5340042506889,465.5,0.0,0.0,0.0,0.0,2
710.0,4.0,0.9263619163188048,0.0,0.0,0.0,0.0,0.0,1306.0,4.0,0.1178349032310253,0.0,0.0,99.76923076923076,0.0,0.0,0.0,0.0,224.0,3024.0,48.0,22,0,0.552739165985282,1.914854215504444,708.5,0.0,0.0,0.0,0.0,2
708.0,10.0,1.7073419343295495,0.0,0.0,0.0,0.0,0.0,412.0,7.0,1.0600088879196994,0.0,0.0,97.26666666666668,0.0,0.0,0.0,0.0,446.0,6066.0,56.0,23,0,0.552739165985282,3.4156502553152426,706.5,0.0,0.0,0.0,0.0,2
716.0,1.0,-1.000088900581841e-12,0.0,0.0,0.0,0.0,0.0,4.0,1.0,-1.000088900581841e-12,0.0,0.0,90.4,0.0,0.0,0.0,0.0,0.0,0.0,0.0,0,0,0.552739165985282,8.062257748296599,711.5,0.0,0.0,0.0,0.0,2
714.0,2.0,0.2679649936709431,0.0,0.0,0.0,0.0,0.0,40.0,2.0,0.3250829733894482,0.0,0.0,84.0,0.0,0.0,0.0,0.0,392.0,490.0,16.0,1,0,0.552739165985282,92.36702153185752,670.5,0.0,0.0,0.0,0.0,2
716.0,1.0,-1.000088900581841e-12,0.0,0.0,0.0,0.0,0.0,0.0,0.0,0.0,0.0,0.0,80.0,0.0,0.0,0.0,0.0,0.0,0.0,0.0,2,0,0.552739165985282,91.67151502329736,669.5,0.0,0.0,0.0,0.0,2
0.0,0.0,0.0,0.0,0.0,0.0,0.0,0.0,0.0,0.0,0.0,0.0,0.0,80.0,0.0,0.0,0.0,0.0,0.0,0.0,0.0,3,0,0.552739165985282,341.01612865083075,453.0,0.0,0.0,0.0,0.0,2
0.0,0.0,0.0,0.0,0.0,0.0,0.0,0.0,0.0,0.0,0.0,0.0,0.0,79.5,0.0,0.0,0.0,0.0,0.0,0.0,0.0,4,0,0.552739165985282,189.9999999999999,95.0,0.0,0.0,0.0,0.0,2
0.0,0.0,0.0,0.0,0.0,0.0,0.0,0.0,8.0,2.0,0.5623351446168083,0.0,0.0,79.0,42.0,0.0,0.0,0.0,56.0,0.0,0.0,5,0,0.552739165985282,0.0,0.0,0.0,0.0,0.0,0.0,2
0.0,0.0,0.0,0.0,0.0,0.0,0.0,0.0,0.0,0.0,0.0,0.0,0.0,79.0,0.0,0.0,0.0,0.0,0.0,0.0,0.0,6,0,0.552739165985282,0.0,0.0,0.0,0.0,0.0,0.0,2
0.0,0.0,0.0,0.0,0.0,0.0,0.0,0.0,0.0,0.0,0.0,0.0,0.0,79.0,0.0,0.0,0.0,0.0,0.0,0.0,0.0,7,0,0.552739165985282,0.0,0.0,0.0,0.0,0.0,0.0,2
0.0,0.0,0.0,0.0,0.0,0.0,0.0,0.0,4.0,1.0,-1.000088900581841e-12,0.0,0.0,78.0,0.0,0.0,0.0,0.0,0.0,0.0,0.0,8,1,0.552739165985282,0.0,0.0,0.0,0.0,0.0,0.0,2
706.0,1.0,-1.000088900581841e-12,0.0,0.0,0.0,0.0,0.0,4.0,1.0,-1.000088900581841e-12,0.0,0.0,77.0,0.0,0.0,0.0,0.0,0.0,0.0,0.0,9,1,0.552739165985282,407.0327587144144,352.5,0.0,0.0,0.0,0.0,2
116.0,3.0,0.4924399639988999,0.0,0.0,0.0,0.0,0.0,48.0,6.0,1.2920301311197386,0.0,0.0,76.14285714285714,36.0,0.0,0.0,0.0,224.0,340.0,26.0,10,1,0.552739165985282,374.51657729220295,383.0,0.0,0.0,0.0,0.0,2
710.0,7.0,1.569185142294414,0.0,0.0,0.0,0.0,0.0,264.0,4.0,0.517871329029947,0.0,0.0,71.28571428571429,0.0,0.0,0.0,0.0,840.0,4018.0,104.0,11,1,0.552739165985282,378.5318128418446,386.5,0.0,0.0,0.0,0.0,2
708.0,5.0,0.6495972225087986,0.0,0.0,0.0,0.0,0.0,30.0,3.0,0.8918673953142511,0.0,0.0,69.33333333333333,0.0,0.0,0.0,0.0,504.0,450.0,34.0,12,1,0.552739165985282,2.828427124740469,710.0,0.0,0.0,0.0,0.0,2
706.0,6.0,0.6646353565660092,0.0,0.0,0.0,0.0,0.0,80.0,5.0,1.330146385198369,0.0,0.0,65.5,0.0,0.0,0.0,0.0,728.0,740.0,60.0,14,1,0.552739165985282,1.9148542155042207,708.5,0.0,0.0,0.0,0.0,2
706.0,8.0,0.5738296761465325,0.0,0.0,0.0,0.0,0.0,62.0,4.0,1.3619625500404644,0.0,0.0,60.785714285714285,0.0,0.0,0.0,0.0,392.0,614.0,42.0,15,1,0.552739165985282,3.829708431021132,709.0,0.0,0.0,0.0,0.0,2
710.0,7.0,1.2067806182787744,0.0,0.0,0.0,0.0,0.0,144.0,3.0,0.7605267746211639,0.0,0.0,56.5,0.0,0.0,0.0,0.0,504.0,5488.0,86.0,16,1,0.552739165985282,3.829708431021132,709.0,0.0,0.0,0.0,0.0,2
714.0,4.0,0.8921052692687359,0.0,0.0,0.0,0.0,0.0,24.0,3.0,1.0114042647043515,0.0,0.0,53.68421052631579,0.0,0.0,0.0,0.0,174.0,5576.0,28.0,17,1,0.552739165985282,3.829708431021132,709.0,0.0,0.0,0.0,0.0,2
702.0,2.0,0.2711893730398441,0.0,0.0,0.0,0.0,0.0,96.0,2.0,0.5623351446168083,0.0,0.0,52.0,0.0,0.0,0.0,0.0,696.0,622.0,78.0,18,1,0.552739165985282,5.259911279350094,706.5,0.0,0.0,0.0,0.0,2
706.0,5.0,0.8875259689877459,0.0,0.0,0.0,0.0,0.0,56.0,2.0,0.5982695885832573,0.0,0.0,50.642857142857146,0.0,0.0,0.0,0.0,464.0,1822.0,50.0,19,1,0.552739165985282,1.632993161845572,704.0,0.0,0.0,0.0,0.0,2
710.0,11.0,1.5036489136337832,0.0,0.0,0.0,0.0,0.0,128.0,3.0,0.5403395368659168,0.0,0.0,48.22222222222222,0.0,0.0,0.0,0.0,348.0,4430.0,56.0,20,1,0.552739165985282,2.5819888974653624,707.0,0.0,0.0,0.0,0.0,2
704.0,4.0,0.3958806762395625,0.0,0.0,0.0,0.0,0.0,78.0,2.0,0.3829604307655954,0.0,0.0,46.16666666666666,0.0,0.0,0.0,0.0,1566.0,872.0,42.0,21,0,0.552739165985282,2.999999999994625,706.5,0.0,0.0,0.0,0.0,2
