0.0,0.0,0.0,0.0,0.0,0.0,0.0,0.0,0.0,0.0,0.0,0.0,0.0,100.0,0.0,0.0,0.0,0.0,22.0,0.0,0.0,7,0,0.5550847457627118,0.0,0.0,0.0,0.0,0.0,0.0,2
50.0,4.0,1.2424577879318717,0.0,0.0,0.0,0.0,0.0,0.0,0.0,0.0,0.0,0.0,100.0,0.0,0.0,0.0,0.0,88.0,464.0,12.0,7,0,0.5550847457627118,35.35533905932738,25.0,0.0,0.0,0.0,0.0,2
168.0,4.0,0.7964269489666891,0.0,0.0,0.0,0.0,0.0,0.0,0.0,0.0,0.0,0.0,100.0,0.0,0.0,0.0,0.0,72.0,1408.0,16.0,8,1,0.5550847457627118,86.26316324673779,72.66666666666667,0.0,0.0,0.0,0.0,2
46.0,4.0,0.6428579130867906,0.0,0.0,0.0,0.0,0.0,0.0,0.0,0.0,0.0,0.0,99.125,0.0,0.0,0.0,0.0,44.0,342.0,10.0,8,1,0.5550847457627118,71.68449390674853,66.0,0.0,0.0,0.0,0.0,2
44.0,3.0,0.4851045003879404,0.0,0.0,0.0,0.0,0.0,0.0,0.0,0.0,0.0,0.0,97.75,0.0,12.0,0.0,0.0,110.0,66.0,18.0,9,1,0.5550847457627118,60.71792706167321,77.0,0.0,0.0,0.0,0.0,2
48.0,7.0,1.820075975353621,0.0,0.0,0.0,0.0,0.0,0.0,0.0,0.0,0.0,0.0,95.875,0.0,0.0,0.0,0.0,88.0,644.0,8.0,9,1,0.5550847457627118,61.021854008762034,76.5,0.0,0.0,0.0,0.0,2
48.0,3.0,0.9582325450764876,0.0,0.0,0.0,0.0,0.0,0.0,0.0,0.0,0.0,0.0,92.875,0.0,0.0,0.0,0.0,132.0,220.0,12.0,10,1,0.5550847457627118,1.9148542155128343,46.5,0.0,0.0,0.0,0.0,2
44.0,3.0,0.9861234897087208,0.0,0.0,0.0,0.0,0.0,0.0,0.0,0.0,0.0,0.0,90.85714285714286,0.0,0.0,0.0,0.0,66.0,258.0,14.0,10,1,0.5550847457627118,2.309401076758634,46.0,0.0,0.0,0.0,0.0,2
84.0,8.0,1.703426127899757,0.0,0.0,0.0,0.0,0.0,0.0,0.0,0.0,0.0,0.0,88.33333333333333,0.0,0.0,0.0,0.0,116.0,702.0,14.0,11,1,0.5550847457627118,18.761663039293737,56.0,0.0,0.0,0.0,0.0,2
88.0,3.0,0.8422123172867908,0.0,0.0,0.0,0.0,0.0,0.0,0.0,0.0,0.0,0.0,85.7,0.0,0.0,0.0,0.0,168.0,358.0,4.0,11,1,0.5550847457627118,23.20919358070563,66.0,0.0,0.0,0.0,0.0,2
34.0,2.0,0.6492483548688981,0.0,0.0,0.0,0.0,0.0,0.0,0.0,0.0,0.0,0.0,83.625,0.0,0.0,0.0,0.0,48.0,136.0,12.0,12,1,0.5550847457627118,27.489391893358924,62.5,0.0,0.0,0.0,0.0,2
20.0,3.0,0.9433483923260392,0.0,0.0,0.0,0.0,0.0,0.0,0.0,0.0,0.0,0.0,82.0,0.0,0.0,0.0,0.0,48.0,50.0,6.0,12,1,0.5550847457627118,34.57841330464235,56.5,0.0,0.0,0.0,0.0,2
40.0,2.0,0.1985152433438726,0.0,0.0,0.0,0.0,0.0,0.0,0.0,0.0,0.0,0.0,80.14285714285714,0.0,0.0,0.0,0.0,72.0,120.0,8.0,13,1,0.5550847457627118,29.54657340538833,45.5,0.0,0.0,0.0,0.0,2
72.0,4.0,1.1898456066673566,0.0,0.0,0.0,0.0,0.0,0.0,0.0,0.0,0.0,0.0,78.33333333333333,0.0,0.0,0.0,0.0,72.0,740.0,6.0,13,1,0.5550847457627118,21.99242293760893,41.5,0.0,0.0,0.0,0.0,2
36.0,3.0,0.7867012379139144,0.0,0.0,0.0,0.0,0.0,0.0,0.0,0.0,0.0,0.0,76.75,0.0,0.0,0.0,8.0,72.0,212.0,8.0,14,1,0.5550847457627118,21.78684618449094,42.0,0.0,0.0,0.0,0.0,2
40.0,2.0,0.6108643020528935,0.0,0.0,0.0,0.0,0.0,0.0,0.0,0.0,0.0,0.0,74.33333333333333,0.0,0.0,0.0,0.0,94.0,710.0,24.0,14,1,0.5550847457627118,16.77299416721219,47.0,0.0,0.0,0.0,0.0,2
64.0,5.0,1.457019052762632,0.0,0.0,0.0,4.0,0.0,0.0,0.0,0.0,0.0,0.0,71.3,0.0,0.0,0.0,0.0,260.0,366.0,16.0,15,1,0.5550847457627118,17.701224063135694,53.0,0.0,0.0,2.0,1.0,2
42.0,2.0,0.6920129648298738,0.0,0.0,0.0,0.0,0.0,0.0,0.0,0.0,0.0,0.0,67.33333333333333,0.0,0.0,0.0,0.0,56.0,288.0,16.0,15,1,0.5550847457627118,12.583057392117947,45.5,0.0,0.0,2.0,1.0,2
40.0,3.0,1.0296530140615736,0.0,0.0,0.0,0.0,0.0,0.0,0.0,0.0,0.0,0.0,65.55555555555556,0.0,0.0,0.0,0.0,56.0,296.0,2.0,16,1,0.5550847457627118,11.70469991071966,46.5,0.0,0.0,2.0,1.0,2
14.0,1.0,-1.000088900581841e-12,0.0,0.0,0.0,0.0,0.0,0.0,0.0,0.0,0.0,0.0,64.4,0.0,0.0,0.0,0.0,0.0,0.0,0.0,16,1,0.5550847457627118,20.46134567096376,40.0,0.0,0.0,2.0,1.0,2
74.0,4.0,1.043133813064472,0.0,0.0,0.0,10.0,0.0,0.0,0.0,0.0,0.0,0.0,63.142857142857146,0.0,0.0,0.0,0.0,224.0,414.0,26.0,17,1,0.5550847457627118,24.569628948493857,42.5,0.0,0.0,5.0,2.5,2
42.0,4.0,1.194355901964133,0.0,0.0,0.0,0.0,0.0,0.0,0.0,0.0,0.0,0.0,61.285714285714285,0.0,0.0,0.0,0.0,112.0,476.0,12.0,17,1,0.5550847457627118,24.569628948493857,42.5,0.0,0.0,5.0,2.5,2
26.0,3.0,0.8305178252842479,0.0,0.0,0.0,0.0,0.0,0.0,0.0,0.0,0.0,0.0,57.66666666666666,0.0,0.0,0.0,0.0,84.0,302.0,16.0,18,1,0.5550847457627118,26.00000000000001,39.0,0.0,0.0,5.0,2.5,3
68.0,4.0,0.903882597228961,0.0,0.0,0.0,0.0,0.0,0.0,0.0,0.0,0.0,0.0,55.75,0.0,0.0,0.0,0.0,84.0,664.0,6.0,18,1,0.5550847457627118,22.472205054244245,52.5,0.0,0.0,5.0,2.5,3
38.0,4.0,1.1882606527058068,0.0,0.0,0.0,0.0,0.0,0.0,0.0,0.0,0.0,0.0,53.285714285714285,0.0,0.0,0.0,0.0,94.0,504.0,10.0,19,1,0.5550847457627118,17.691806012954153,43.5,0.0,0.0,0.0,0.0,3
74.0,4.0,1.185335045854066,0.0,0.0,0.0,0.0,0.0,0.0,0.0,0.0,0.0,0.0,50.0,0.0,0.0,0.0,0.0,134.0,1112.0,18.0,19,1,0.5550847457627118,23.173260452512952,51.5,0.0,0.0,0.0,0.0,3
68.0,3.0,0.5783252866571272,0.0,0.0,0.0,0.0,0.0,0.0,0.0,0.0,0.0,0.0,45.71428571428572,0.0,0.0,0.0,0.0,30.0,872.0,8.0,20,1,0.5550847457627118,16.248076809271943,62.0,0.0,0.0,0.0,0.0,3
46.0,3.0,0.8766043020513365,0.0,0.0,0.0,0.0,0.0,0.0,0.0,0.0,0.0,0.0,43.0,0.0,0.0,0.0,0.0,166.0,266.0,18.0,20,1,0.5550847457627118,17.233687939614107,56.5,0.0,0.0,0.0,0.0,3
40.0,3.0,0.9265066032865328,0.0,0.0,0.0,0.0,0.0,0.0,0.0,0.0,0.0,0.0,41.0,0.0,0.0,0.0,0.0,30.0,452.0,2.0,21,0,0.5550847457627118,16.532795690183015,57.0,0.0,0.0,0.0,0.0,3
30.0,4.0,1.2700278611129692,0.0,0.0,0.0,0.0,0.0,0.0,0.0,0.0,0.0,0.0,38.5,0.0,0.0,0.0,0.0,60.0,410.0,6.0,21,0,0.5550847457627118,16.08311744241978,46.0,0.0,0.0,0.0,0.0,3
50.0,3.0,1.018359734762894,0.0,0.0,0.0,0.0,0.0,0.0,0.0,0.0,0.0,0.0,36.4,0.0,0.0,0.0,0.0,30.0,484.0,8.0,22,0,0.5550847457627118,8.698658900466636,41.5,0.0,0.0,0.0,0.0,3
252.0,1.0,-1.000088900581841e-12,0.0,0.0,0.0,0.0,0.0,0.0,0.0,0.0,0.0,0.0,100.0,0.0,0.0,0.0,0.0,0.0,0.0,0.0,2,0,0.5550847457627118,101.02639919017868,104.5,0.0,0.0,0.0,0.0,2
76.0,1.0,-1.000088900581841e-12,0.0,0.0,0.0,0.0,0.0,0.0,0.0,0.0,0.0,0.0,100.0,0.0,0.0,0.0,0.0,0.0,0.0,0.0,3,0,0.5550847457627118,91.927507671353,116.0,0.0,0.0,0.0,0.0,2
0.0,0.0,0.0,0.0,0.0,0.0,0.0,0.0,0.0,0.0,0.0,0.0,0.0,100.0,0.0,0.0,0.0,0.0,0.0,0.0,0.0,3,0,0.5550847457627118,106.18694207230315,103.5,0.0,0.0,0.0,0.0,2
0.0,0.0,0.0,0.0,0.0,0.0,0.0,0.0,0.0,0.0,0.0,0.0,0.0,100.0,0.0,0.0,0.0,0.0,0.0,0.0,0.0,4,0,0.5550847457627118,118.861263664829,82.0,0.0,0.0,0.0,0.0,2
0.0,0.0,0.0,0.0,0.0,0.0,0.0,0.0,0.0,0.0,0.0,0.0,0.0,100.0,0.0,0.0,0.0,0.0,0.0,0.0,0.0,4,0,0.5550847457627118,38.00000000000002,19.0,0.0,0.0,0.0,0.0,2
0.0,0.0,0.0,0.0,0.0,0.0,0.0,0.0,0.0,0.0,0.0,0.0,0.0,100.0,0.0,0.0,0.0,0.0,0.0,0.0,0.0,5,0,0.5550847457627118,0.0,0.0,0.0,0.0,0.0,0.0,2
0.0,0.0,0.0,0.0,0.0,0.0,0.0,0.0,0.0,0.0,0.0,0.0,0.0,100.0,0.0,0.0,0.0,0.0,0.0,0.0,0.0,5,0,0.5550847457627118,0.0,0.0,0.0,0.0,0.0,0.0,2
0.0,0.0,0.0,0.0,0.0,0.0,0.0,0.0,0.0,0.0,0.0,0.0,0.0,100.0,0.0,0.0,0.0,0.0,0.0,0.0,0.0,6,0,0.5550847457627118,0.0,0.0,0.0,0.0,0.0,0.0,2
0.0,0.0,0.0,0.0,0.0,0.0,0.0,0.0,0.0,0.0,0.0,0.0,0.0,100.0,0.0,0.0,0.0,0.0,0.0,0.0,0.0,6,0,0.5550847457627118,0.0,0.0,0.0,0.0,0.0,0.0,2
88.0,5.0,1.453182867097405,0.0,0.0,0.0,0.0,0.0,0.0,0.0,0.0,0.0,0.0,100.0,0.0,0.0,0.0,0.0,26.0,438.0,6.0,7,0,0.5550847457627118,44.00000000000002,22.0,0.0,0.0,0.0,0.0,2
32.0,4.0,1.040839837419239,0.0,0.0,0.0,0.0,0.0,0.0,0.0,0.0,0.0,0.0,100.0,0.0,0.0,0.0,0.0,30.0,218.0,12.0,7,0,0.5550847457627118,41.50501977672904,30.0,0.0,0.0,0.0,0.0,2
100.0,6.0,1.4594433707990235,0.0,0.0,0.0,12.0,0.0,0.0,0.0,0.0,0.0,0.0,100.0,0.0,0.0,0.0,0.0,80.0,1048.0,4.0,8,1,0.5550847457627118,47.145165888632405,55.0,0.0,0.0,6.0,3.0,2
78.0,5.0,1.3583099526763047,0.0,0.0,0.0,0.0,0.0,0.0,0.0,0.0,0.0,0.0,99.23076923076924,0.0,0.0,0.0,0.0,80.0,366.0,20.0,8,1,0.5550847457627118,29.72653135948876,74.5,0.0,0.0,6.0,3.0,2
34.0,3.0,0.7529746827628886,0.0,0.0,0.0,0.0,0.0,0.0,0.0,0.0,0.0,0.0,97.28571428571428,0.0,0.0,0.0,0.0,20.0,132.0,6.0,9,1,0.5550847457627118,33.56585566713097,61.0,0.0,0.0,6.0,3.0,2
70.0,4.0,1.2712812555905135,0.0,0.0,0.0,0.0,0.0,0.0,0.0,0.0,0.0,0.0,95.77777777777776,0.0,0.0,0.0,0.0,70.0,944.0,14.0,9,1,0.5550847457627118,27.44084546802452,70.5,0.0,0.0,6.0,3.0,2
24.0,2.0,0.4505612088643047,0.0,0.0,0.0,0.0,0.0,0.0,0.0,0.0,0.0,0.0,94.14285714285714,0.0,0.0,0.0,0.0,40.0,28.0,2.0,10,1,0.5550847457627118,26.501572280401305,51.5,0.0,0.0,0.0,0.0,2
150.0,7.0,1.7804125552694918,0.0,0.0,0.0,0.0,0.0,0.0,0.0,0.0,0.0,0.0,91.84615384615384,0.0,0.0,0.0,0.0,96.0,1192.0,22.0,10,1,0.5550847457627118,57.18682832028137,69.5,0.0,0.0,0.0,0.0,2
110.0,5.0,1.1156684105128485,0.0,0.0,0.0,0.0,0.0,0.0,0.0,0.0,0.0,0.0,88.27272727272727,0.0,0.0,0.0,0.0,64.0,734.0,14.0,11,1,0.5550847457627118,53.9969134920383,88.5,0.0,0.0,0.0,0.0,2
122.0,8.0,1.6379217316006467,0.0,0.0,0.0,0.0,0.0,0.0,0.0,0.0,0.0,0.0,83.38461538461539,0.0,0.0,0.0,0.0,140.0,1290.0,42.0,11,1,0.5550847457627118,54.316970951382544,101.5,0.0,0.0,0.0,0.0,2
92.0,4.0,1.1182125922244284,0.0,0.0,0.0,0.0,0.0,0.0,0.0,0.0,0.0,0.0,80.1,0.0,0.0,0.0,0.0,98.0,570.0,14.0,12,1,0.5550847457627118,24.35159132377188,118.5,0.0,0.0,0.0,0.0,2
156.0,8.0,1.777394859700424,0.0,0.0,0.0,0.0,0.0,0.0,0.0,0.0,0.0,0.0,76.8125,0.0,0.0,0.0,0.0,134.0,1534.0,32.0,12,1,0.5550847457627118,26.981475126464115,120.0,0.0,0.0,0.0,0.0,2
104.0,6.0,1.1194818960981543,0.0,0.0,0.0,0.0,0.0,0.0,0.0,0.0,0.0,0.0,73.08333333333333,0.0,0.0,0.0,0.0,252.0,568.0,28.0,13,1,0.5550847457627118,27.87471972953274,118.5,0.0,0.0,0.0,0.0,2
144.0,5.0,1.0184066993850651,0.0,0.0,0.0,0.0,0.0,0.0,0.0,0.0,0.0,0.0,69.92307692307692,0.0,0.0,0.0,0.0,126.0,574.0,8.0,13,1,0.5550847457627118,30.81125335544361,124.0,0.0,0.0,0.0,0.0,3
12.0,1.0,-1.000088900581841e-12,0.0,0.0,0.0,0.0,0.0,0.0,0.0,0.0,0.0,0.0,68.16666666666667,0.0,0.0,0.0,0.0,0.0,0.0,0.0,14,1,0.5550847457627118,65.23802572120037,104.0,0.0,0.0,0.0,0.0,2
110.0,7.0,1.5100491777805467,0.0,0.0,0.0,0.0,0.0,0.0,0.0,0.0,0.0,0.0,65.84615384615384,0.0,0.0,0.0,0.0,202.0,604.0,34.0,14,1,0.5550847457627118,56.48303580132123,92.5,0.0,0.0,0.0,0.0,2
72.0,4.0,1.134269554044728,0.0,0.0,0.0,0.0,0.0,0.0,0.0,0.0,0.0,0.0,62.81818181818182,0.0,0.0,0.0,0.0,176.0,1152.0,30.0,15,1,0.5550847457627118,56.57738063926256,84.5,0.0,0.0,0.0,0.0,2
22.0,1.0,-1.000088900581841e-12,0.0,0.0,0.0,0.0,0.0,0.0,0.0,0.0,0.0,0.0,60.875,0.0,0.0,0.0,0.0,44.0,0.0,4.0,15,1,0.5550847457627118,45.63624290699957,54.0,0.0,0.0,0.0,0.0,2
30.0,2.0,0.6365141682928128,0.0,0.0,0.0,0.0,0.0,0.0,0.0,0.0,0.0,0.0,59.75,0.0,0.0,0.0,0.0,44.0,30.0,18.0,16,1,0.5550847457627118,40.73900669710381,58.5,0.0,0.0,0.0,0.0,2
40.0,2.0,0.5623351446168083,0.0,0.0,0.0,0.0,0.0,0.0,0.0,0.0,0.0,0.0,58.44444444444444,0.0,0.0,0.0,0.0,154.0,90.0,20.0,16,1,0.5550847457627118,21.93931022920582,41.0,0.0,0.0,0.0,0.0,2
166.0,8.0,1.570038630995127,0.0,0.0,0.0,0.0,0.0,0.0,0.0,0.0,0.0,0.0,55.30769230769231,0.0,0.0,0.0,0.0,126.0,1276.0,18.0,17,1,0.5550847457627118,68.06614430096656,64.5,0.0,0.0,0.0,0.0,2
62.0,5.0,1.49330953549058,0.0,0.0,0.0,0.0,0.0,0.0,0.0,0.0,0.0,0.0,51.38461538461539,0.0,0.0,0.0,0.0,206.0,188.0,24.0,17,1,0.5550847457627118,62.44731112439244,74.5,0.0,0.0,0.0,0.0,2
124.0,6.0,1.3130465391396702,0.0,0.0,0.0,0.0,0.0,0.0,0.0,0.0,0.0,0.0,47.583333333333336,0.0,0.0,0.0,0.0,130.0,1150.0,20.0,18,1,0.5550847457627118,57.61944116355175,98.0,0.0,0.0,0.0,0.0,2
18.0,2.0,0.6869615765953234,0.0,0.0,0.0,0.0,0.0,0.0,0.0,0.0,0.0,0.0,45.0,0.0,0.0,0.0,0.0,26.0,988.0,6.0,18,1,0.5550847457627118,65.5108133567785,92.5,0.0,0.0,0.0,0.0,2
12.0,1.0,-1.000088900581841e-12,0.0,0.0,0.0,0.0,0.0,0.0,0.0,0.0,0.0,0.0,44.0,0.0,0.0,0.0,0.0,26.0,0.0,0.0,19,1,0.5550847457627118,51.71717960858528,54.0,0.0,0.0,0.0,0.0,2
58.0,4.0,1.0172276653897323,0.0,0.0,0.0,0.0,0.0,0.0,0.0,0.0,0.0,0.0,42.55555555555556,0.0,0.0,0.0,0.0,80.0,454.0,10.0,19,1,0.5550847457627118,51.54932912592884,53.0,0.0,0.0,0.0,0.0,2
14.0,1.0,-1.000088900581841e-12,0.0,0.0,0.0,0.0,0.0,0.0,0.0,0.0,0.0,0.0,41.66666666666666,0.0,0.0,0.0,0.0,28.0,0.0,0.0,20,1,0.5550847457627118,21.80978373727416,25.5,0.0,0.0,0.0,0.0,2
16.0,2.0,0.3767701612544368,0.0,0.0,0.0,0.0,0.0,0.0,0.0,0.0,0.0,0.0,40.66666666666666,0.0,0.0,0.0,0.0,28.0,466.0,2.0,20,1,0.5550847457627118,22.060522810365764,25.0,0.0,0.0,0.0,0.0,2
30.0,5.0,1.436828668958032,0.0,0.0,0.0,0.0,0.0,0.0,0.0,0.0,0.0,0.0,39.42857142857143,0.0,0.0,0.0,0.0,56.0,410.0,12.0,21,0,0.5550847457627118,20.28957039137764,29.5,0.0,0.0,0.0,0.0,2
178.0,10.0,1.8003300393351962,0.0,0.0,0.0,0.0,0.0,0.0,0.0,0.0,0.0,0.0,35.642857142857146,0.0,0.0,0.0,0.0,56.0,2458.0,10.0,21,0,0.5550847457627118,79.32002689527197,59.5,0.0,0.0,0.0,0.0,2
134.0,4.0,1.1729405744245862,0.0,0.0,0.0,0.0,0.0,0.0,0.0,0.0,0.0,30.0,33.25,0.0,0.0,0.0,0.0,88.0,910.0,8.0,22,0,0.5550847457627118,79.0674817271087,89.5,0.0,0.0,0.0,0.0,2
710.0,1.0,-1.000088900581841e-12,0.0,0.0,0.0,0.0,0.0,0.0,0.0,0.0,0.0,0.0,54.48275862068966,0.0,0.0,0.0,0.0,60.0,0.0,0.0,22,0,0.5550847457627118,304.3922907477564,263.0,0.0,0.0,0.0,0.0,2
374.0,5.0,0.9065265742580664,0.0,0.0,0.0,0.0,0.0,0.0,0.0,0.0,0.0,0.0,83.0,0.0,0.0,0.0,0.0,30.0,432.0,10.0,23,0,0.5550847457627118,262.30516578977245,349.0,0.0,0.0,0.0,0.0,2
716.0,1.0,-1.000088900581841e-12,0.0,0.0,0.0,0.0,0.0,0.0,0.0,0.0,0.0,0.0,95.96666666666668,0.0,0.0,0.0,0.0,0.0,0.0,0.0,23,0,0.5550847457627118,282.5473411660425,483.5,0.0,0.0,0.0,0.0,2
288.0,1.0,-1.000088900581841e-12,0.0,0.0,0.0,0.0,0.0,0.0,0.0,0.0,0.0,0.0,100.0,0.0,0.0,0.0,0.0,0.0,0.0,0.0,0,0,0.5550847457627118,223.33830840229805,522.0,0.0,0.0,0.0,0.0,2
0.0,0.0,0.0,0.0,0.0,0.0,0.0,0.0,0.0,0.0,0.0,0.0,0.0,100.0,0.0,0.0,0.0,0.0,0.0,0.0,0.0,0,0,0.5550847457627118,294.8191536066362,344.5,0.0,0.0,0.0,0.0,2
0.0,0.0,0.0,0.0,0.0,0.0,0.0,0.0,0.0,0.0,0.0,0.0,0.0,100.0,0.0,0.0,0.0,0.0,0.0,0.0,0.0,1,0,0.5550847457627118,338.4257673404908,251.0,0.0,0.0,0.0,0.0,2
0.0,0.0,0.0,0.0,0.0,0.0,0.0,0.0,0.0,0.0,0.0,0.0,0.0,100.0,0.0,0.0,0.0,0.0,0.0,0.0,0.0,1,0,0.5550847457627118,144.0,72.0,0.0,0.0,0.0,0.0,2
0.0,0.0,0.0,0.0,0.0,0.0,0.0,0.0,0.0,0.0,0.0,0.0,0.0,100.0,0.0,0.0,0.0,0.0,0.0,0.0,0.0,2,0,0.5550847457627118,0.0,0.0,0.0,0.0,0.0,0.0,2
0.0,0.0,0.0,0.0,0.0,0.0,0.0,0.0,0.0,0.0,0.0,0.0,0.0,100.0,0.0,0.0,0.0,0.0,0.0,0.0,0.0,2,0,0.5550847457627118,0.0,0.0,0.0,0.0,0.0,0.0,2
0.0,0.0,0.0,0.0,0.0,0.0,0.0,0.0,0.0,0.0,0.0,0.0,0.0,100.0,0.0,0.0,0.0,0.0,0.0,0.0,0.0,3,0,0.5550847457627118,0.0,0.0,0.0,0.0,0.0,0.0,2
0.0,0.0,0.0,0.0,0.0,0.0,0.0,0.0,0.0,0.0,0.0,0.0,0.0,100.0,0.0,0.0,0.0,0.0,0.0,0.0,0.0,3,0,0.5550847457627118,0.0,0.0,0.0,0.0,0.0,0.0,2
0.0,0.0,0.0,0.0,0.0,0.0,0.0,0.0,0.0,0.0,0.0,0.0,0.0,100.0,0.0,0.0,0.0,0.0,0.0,0.0,0.0,4,0,0.5550847457627118,0.0,0.0,0.0,0.0,0.0,0.0,2
0.0,0.0,0.0,0.0,0.0,0.0,0.0,0.0,0.0,0.0,0.0,0.0,0.0,100.0,0.0,0.0,0.0,0.0,0.0,0.0,0.0,4,0,0.5550847457627118,0.0,0.0,0.0,0.0,0.0,0.0,2
0.0,0.0,0.0,0.0,0.0,0.0,0.0,0.0,0.0,0.0,0.0,0.0,0.0,100.0,0.0,0.0,0.0,0.0,0.0,0.0,0.0,5,0,0.5550847457627118,0.0,0.0,0.0,0.0,0.0,0.0,2
0.0,0.0,0.0,0.0,0.0,0.0,0.0,0.0,0.0,0.0,0.0,0.0,0.0,100.0,0.0,0.0,0.0,0.0,0.0,0.0,0.0,5,0,0.5550847457627118,0.0,0.0,0.0,0.0,0.0,0.0,2
0.0,0.0,0.0,0.0,0.0,0.0,0.0,0.0,0.0,0.0,0.0,0.0,0.0,100.0,0.0,0.0,0.0,0.0,0.0,0.0,0.0,6,0,0.5550847457627118,0.0,0.0,0.0,0.0,0.0,0.0,2
0.0,0.0,0.0,0.0,0.0,0.0,0.0,0.0,0.0,0.0,0.0,0.0,0.0,100.0,0.0,0.0,0.0,0.0,0.0,0.0,0.0,6,0,0.5550847457627118,0.0,0.0,0.0,0.0,0.0,0.0,2
150.0,4.0,1.2700278611129692,0.0,0.0,0.0,0.0,0.0,0.0,0.0,0.0,0.0,0.0,100.0,0.0,0.0,0.0,0.0,30.0,1576.0,10.0,7,0,0.5550847457627118,75.0,37.5,0.0,0.0,0.0,0.0,2
128.0,9.0,1.7771650136119377,0.0,0.0,0.0,0.0,0.0,0.0,0.0,0.0,0.0,0.0,100.0,0.0,0.0,0.0,0.0,224.0,1116.0,36.0,7,0,0.5550847457627118,80.75270893288967,69.5,0.0,0.0,0.0,0.0,2
20.0,1.0,-1.000088900581841e-12,0.0,0.0,0.0,0.0,0.0,0.0,0.0,0.0,0.0,0.0,100.0,0.0,0.0,0.0,0.0,64.0,42.0,10.0,8,1,0.5550847457627118,75.46080660404667,74.5,0.0,0.0,0.0,0.0,2
24.0,2.0,0.6791932659895258,0.0,0.0,0.0,0.0,0.0,0.0,0.0,0.0,0.0,0.0,100.0,0.0,0.0,0.0,0.0,32.0,82.0,10.0,8,1,0.5550847457627118,68.16401787844767,80.5,0.0,0.0,0.0,0.0,2
42.0,5.0,1.260369919159318,0.0,0.0,0.0,0.0,0.0,0.0,0.0,0.0,0.0,0.0,98.875,0.0,0.0,0.0,0.0,96.0,390.0,8.0,9,1,0.5550847457627118,50.5799696849784,53.5,0.0,0.0,0.0,0.0,2
12.0,1.0,-1.000088900581841e-12,0.0,0.0,0.0,0.0,0.0,0.0,0.0,0.0,0.0,0.0,97.33333333333331,0.0,0.0,0.0,0.0,0.0,0.0,0.0,9,1,0.5550847457627118,12.688577540449511,24.5,0.0,0.0,0.0,0.0,2
20.0,1.0,-1.000088900581841e-12,0.0,0.0,0.0,0.0,0.0,0.0,0.0,0.0,0.0,0.0,96.33333333333331,0.0,0.0,0.0,0.0,32.0,0.0,4.0,10,1,0.5550847457627118,12.688577540449511,24.5,0.0,0.0,0.0,0.0,2
68.0,6.0,1.4716498145346597,0.0,0.0,0.0,0.0,0.0,0.0,0.0,0.0,0.0,0.0,95.0909090909091,0.0,12.0,0.0,0.0,160.0,406.0,8.0,10,1,0.5550847457627118,25.1064400768674,35.5,0.0,0.0,0.0,0.0,2
24.0,2.0,0.6365141682928128,0.0,0.0,0.0,0.0,0.0,0.0,0.0,0.0,0.0,0.0,93.57142857142856,0.0,0.0,0.0,0.0,30.0,280.0,10.0,11,1,0.5550847457627118,25.166114784235827,31.0,0.0,0.0,0.0,0.0,2
62.0,5.0,1.1739381955100183,0.0,0.0,0.0,0.0,0.0,0.0,0.0,0.0,0.0,0.0,91.77777777777776,0.0,0.0,0.0,0.0,122.0,424.0,6.0,11,1,0.5550847457627118,25.0,43.5,0.0,0.0,0.0,0.0,2
26.0,1.0,-1.000088900581841e-12,0.0,0.0,0.0,0.0,0.0,0.0,0.0,0.0,0.0,0.0,89.71428571428571,0.0,0.0,0.0,0.0,96.0,0.0,0.0,12,1,0.5550847457627118,23.2379000772445,45.0,0.0,0.0,0.0,0.0,2
18.0,2.0,0.6869615765953234,0.0,0.0,0.0,0.0,0.0,0.0,0.0,0.0,0.0,0.0,88.5,0.0,0.0,0.0,0.0,64.0,368.0,6.0,12,1,0.5550847457627118,19.95828983989693,32.5,0.0,0.0,0.0,0.0,2
130.0,7.0,1.7037509424654549,0.0,0.0,0.0,0.0,0.0,0.0,0.0,0.0,0.0,0.0,86.3,0.0,0.0,0.0,0.0,168.0,1020.0,24.0,13,1,0.5550847457627118,51.05552532945544,59.0,0.0,0.0,0.0,0.0,2
50.0,3.0,0.8441124264514575,0.0,0.0,0.0,0.0,0.0,0.0,0.0,0.0,0.0,0.0,83.16666666666667,0.0,0.0,0.0,0.0,102.0,982.0,14.0,13,1,0.5550847457627118,51.1729094997213,56.0,0.0,0.0,0.0,0.0,2
12.0,1.0,-1.000088900581841e-12,0.0,0.0,0.0,0.0,0.0,0.0,0.0,0.0,0.0,0.0,80.16666666666667,0.0,0.0,0.0,0.0,0.0,18.0,0.0,14,1,0.5550847457627118,54.29241813243048,52.5,0.0,0.0,0.0,0.0,2
34.0,2.0,0.6492483548688981,0.0,0.0,0.0,0.0,0.0,0.0,0.0,0.0,0.0,0.0,79.0,0.0,0.0,0.0,0.0,104.0,236.0,10.0,14,1,0.5550847457627118,51.41659913555803,56.5,0.0,0.0,0.0,0.0,2
16.0,1.0,-1.000088900581841e-12,0.0,0.0,0.0,0.0,0.0,0.0,0.0,0.0,0.0,0.0,78.0,0.0,0.0,0.0,12.0,36.0,0.0,4.0,15,1,0.5550847457627118,17.511900715418264,28.0,0.0,0.0,0.0,0.0,2
44.0,3.0,0.6496877127446233,0.0,0.0,0.0,0.0,0.0,0.0,0.0,0.0,0.0,0.0,76.875,0.0,0.0,0.0,0.0,146.0,254.0,4.0,15,1,0.5550847457627118,15.088627063675034,26.5,0.0,0.0,0.0,0.0,2
12.0,1.0,-1.000088900581841e-12,0.0,0.0,0.0,0.0,0.0,0.0,0.0,0.0,0.0,0.0,75.83333333333333,0.0,0.0,0.0,0.0,38.0,72.0,6.0,16,1,0.5550847457627118,15.088627063675034,26.5,0.0,0.0,0.0,0.0,2
68.0,4.0,1.1031872178486115,0.0,0.0,0.0,0.0,0.0,0.0,0.0,0.0,0.0,0.0,74.0,0.0,0.0,0.0,0.0,190.0,718.0,14.0,16,1,0.5550847457627118,26.204325342711392,35.0,0.0,0.0,0.0,0.0,2
82.0,3.0,1.0048814087655225,0.0,0.0,0.0,0.0,0.0,0.0,0.0,0.0,0.0,0.0,72.1,0.0,0.0,0.0,0.0,124.0,1228.0,6.0,17,1,0.5550847457627118,30.65398288423001,51.5,0.0,0.0,0.0,0.0,2
16.0,1.0,-1.000088900581841e-12,0.0,0.0,0.0,0.0,0.0,0.0,0.0,0.0,0.0,0.0,70.5,0.0,0.0,0.0,0.0,46.0,88.0,10.0,17,1,0.5550847457627118,35.71647612330571,44.5,0.0,0.0,0.0,0.0,2
50.0,4.0,1.3261774909341997,0.0,0.0,0.0,0.0,0.0,0.0,0.0,0.0,0.0,0.0,68.0,0.0,0.0,0.0,0.0,250.0,2066.0,28.0,18,1,0.5550847457627118,28.51899951494325,54.0,0.0,0.0,0.0,0.0,2
148.0,6.0,1.3299180347552322,0.0,0.0,0.0,0.0,0.0,0.0,0.0,0.0,0.0,0.0,65.3125,0.0,0.0,0.0,0.0,262.0,2256.0,30.0,18,1,0.5550847457627118,56.21387729022079,74.0,0.0,0.0,0.0,0.0,2
130.0,3.0,0.8947280119520287,0.0,0.0,0.0,0.0,0.0,0.0,0.0,0.0,0.0,0.0,61.4,0.0,0.0,0.0,0.0,184.0,1646.0,16.0,19,1,0.5550847457627118,63.182275995725256,86.0,0.0,0.0,0.0,0.0,2
38.0,4.0,1.2805340475198803,0.0,0.0,0.0,0.0,0.0,0.0,0.0,0.0,0.0,0.0,59.57142857142857,0.0,0.0,0.0,0.0,138.0,850.0,6.0,19,1,0.5550847457627118,55.55477777233326,91.5,0.0,0.0,0.0,0.0,2
48.0,5.0,1.2650013752680702,0.0,0.0,0.0,0.0,0.0,0.0,0.0,0.0,0.0,0.0,56.66666666666666,0.0,0.0,0.0,0.0,126.0,1686.0,6.0,20,1,0.5550847457627118,56.05949220842681,91.0,0.0,0.0,0.0,0.0,2
22.0,4.0,1.2406842919493957,0.0,0.0,0.0,0.0,0.0,0.0,0.0,0.0,0.0,0.0,54.5,0.0,0.0,0.0,0.0,72.0,90.0,2.0,20,1,0.5550847457627118,48.20442579957432,59.5,0.0,0.0,0.0,0.0,2
230.0,6.0,1.2769859295946435,0.0,0.0,0.0,0.0,0.0,0.0,0.0,0.0,0.0,0.0,51.294117647058826,0.0,0.0,0.0,0.0,150.0,2998.0,24.0,21,0,0.5550847457627118,97.58927536705386,84.5,0.0,0.0,0.0,0.0,2
54.0,4.0,1.2710572857082465,0.0,0.0,0.0,0.0,0.0,0.0,0.0,0.0,0.0,0.0,47.44444444444444,0.0,0.0,0.0,0.0,132.0,1372.0,6.0,21,0,0.5550847457627118,95.35023160258535,88.5,0.0,0.0,0.0,0.0,2
42.0,4.0,1.3106865553639628,0.0,0.0,0.0,0.0,0.0,0.0,0.0,0.0,0.0,0.0,44.625,0.0,0.0,0.0,0.0,266.0,1080.0,24.0,22,0,0.5550847457627118,96.24274864459484,87.0,0.0,0.0,0.0,0.0,2
58.0,4.0,1.3688893967932825,0.0,0.0,0.0,0.0,0.0,0.0,0.0,0.0,0.0,0.0,40.125,0.0,0.0,0.0,0.0,58.0,1726.0,6.0,22,0,0.5550847457627118,89.59166627910581,96.0,0.0,0.0,0.0,0.0,2
468.0,3.0,0.4227626231486738,0.0,0.0,0.0,0.0,0.0,0.0,0.0,0.0,0.0,92.0,52.54545454545455,0.0,0.0,0.0,0.0,248.0,846.0,12.0,23,0,0.5550847457627118,208.4442371474923,155.5,0.0,0.0,0.0,0.0,2
714.0,1.0,-1.000088900581841e-12,0.0,0.0,0.0,0.0,0.0,0.0,0.0,0.0,0.0,0.0,84.56666666666666,0.0,0.0,0.0,0.0,0.0,0.0,0.0,23,0,0.5550847457627118,328.16002194051606,320.5,0.0,0.0,0.0,0.0,2
358.0,1.0,-1.000088900581841e-12,0.0,0.0,0.0,0.0,0.0,0.0,0.0,0.0,0.0,0.0,96.73333333333332,0.0,0.0,0.0,0.0,0.0,0.0,0.0,0,0,0.5550847457627118,271.9969362572552,399.5,0.0,0.0,0.0,0.0,2
0.0,0.0,0.0,0.0,0.0,0.0,0.0,0.0,0.0,0.0,0.0,0.0,0.0,100.0,0.0,0.0,0.0,0.0,0.0,0.0,0.0,0,0,0.5550847457627118,296.69512972072863,385.0,0.0,0.0,0.0,0.0,2
0.0,0.0,0.0,0.0,0.0,0.0,0.0,0.0,0.0,0.0,0.0,0.0,0.0,100.0,0.0,0.0,0.0,0.0,0.0,0.0,0.0,1,0,0.5550847457627118,341.8888708337842,268.0,0.0,0.0,0.0,0.0,2
0.0,0.0,0.0,0.0,0.0,0.0,0.0,0.0,0.0,0.0,0.0,0.0,0.0,100.0,0.0,0.0,0.0,0.0,0.0,0.0,0.0,1,0,0.5550847457627118,179.0,89.5,0.0,0.0,0.0,0.0,2
0.0,0.0,0.0,0.0,0.0,0.0,0.0,0.0,0.0,0.0,0.0,0.0,0.0,100.0,0.0,0.0,0.0,0.0,0.0,0.0,0.0,2,0,0.5550847457627118,0.0,0.0,0.0,0.0,0.0,0.0,2
0.0,0.0,0.0,0.0,0.0,0.0,0.0,0.0,0.0,0.0,0.0,0.0,0.0,100.0,0.0,0.0,0.0,0.0,0.0,0.0,0.0,2,0,0.5550847457627118,0.0,0.0,0.0,0.0,0.0,0.0,2
0.0,0.0,0.0,0.0,0.0,0.0,0.0,0.0,0.0,0.0,0.0,0.0,0.0,100.0,0.0,0.0,0.0,0.0,0.0,0.0,0.0,3,0,0.5550847457627118,0.0,0.0,0.0,0.0,0.0,0.0,2
0.0,0.0,0.0,0.0,0.0,0.0,0.0,0.0,0.0,0.0,0.0,0.0,0.0,100.0,0.0,0.0,0.0,0.0,0.0,0.0,0.0,3,0,0.5550847457627118,0.0,0.0,0.0,0.0,0.0,0.0,2
0.0,0.0,0.0,0.0,0.0,0.0,0.0,0.0,0.0,0.0,0.0,0.0,0.0,100.0,0.0,0.0,0.0,0.0,0.0,0.0,0.0,4,0,0.5550847457627118,0.0,0.0,0.0,0.0,0.0,0.0,2
0.0,0.0,0.0,0.0,0.0,0.0,0.0,0.0,0.0,0.0,0.0,0.0,0.0,100.0,0.0,0.0,0.0,0.0,0.0,0.0,0.0,4,0,0.5550847457627118,0.0,0.0,0.0,0.0,0.0,0.0,2
0.0,0.0,0.0,0.0,0.0,0.0,0.0,0.0,0.0,0.0,0.0,0.0,0.0,100.0,0.0,0.0,0.0,0.0,0.0,0.0,0.0,5,0,0.5550847457627118,0.0,0.0,0.0,0.0,0.0,0.0,2
0.0,0.0,0.0,0.0,0.0,0.0,0.0,0.0,0.0,0.0,0.0,0.0,0.0,100.0,0.0,0.0,0.0,0.0,0.0,0.0,0.0,5,0,0.5550847457627118,0.0,0.0,0.0,0.0,0.0,0.0,2
0.0,0.0,0.0,0.0,0.0,0.0,0.0,0.0,0.0,0.0,0.0,0.0,0.0,100.0,0.0,0.0,0.0,0.0,0.0,0.0,0.0,6,0,0.5550847457627118,0.0,0.0,0.0,0.0,0.0,0.0,2
0.0,0.0,0.0,0.0,0.0,0.0,0.0,0.0,0.0,0.0,0.0,0.0,0.0,100.0,0.0,0.0,0.0,0.0,0.0,0.0,0.0,6,0,0.5550847457627118,0.0,0.0,0.0,0.0,0.0,0.0,2
0.0,0.0,0.0,0.0,0.0,0.0,0.0,0.0,0.0,0.0,0.0,0.0,0.0,100.0,0.0,0.0,0.0,0.0,0.0,0.0,0.0,7,0,0.5550847457627118,0.0,0.0,0.0,0.0,0.0,0.0,2
102.0,4.0,0.8786261271115927,0.0,0.0,0.0,0.0,0.0,0.0,0.0,0.0,0.0,0.0,100.0,0.0,0.0,0.0,0.0,154.0,1640.0,42.0,7,0,0.5550847457627118,51.00000000000005,25.5,0.0,0.0,0.0,0.0,2
80.0,5.0,1.5289426798532697,0.0,0.0,0.0,0.0,0.0,12.0,2.0,0.6365141682928128,0.0,0.0,100.0,0.0,0.0,0.0,0.0,150.0,1138.0,18.0,8,1,0.5550847457627118,53.301031884945765,45.5,0.0,0.0,0.0,0.0,2
22.0,1.0,-1.000088900581841e-12,0.0,0.0,0.0,0.0,0.0,4.0,1.0,-1.000088900581841e-12,0.0,0.0,100.0,0.0,30.0,26.0,0.0,110.0,0.0,4.0,8,1,0.5550847457627118,47.90267911783924,51.0,0.0,0.0,0.0,0.0,2
54.0,3.0,0.905114058387408,0.0,0.0,0.0,0.0,0.0,32.0,3.0,0.9002560512655369,0.0,0.0,98.71428571428572,0.0,0.0,0.0,0.0,242.0,518.0,14.0,9,1,0.5550847457627118,34.46254004954759,64.5,0.0,0.0,0.0,0.0,2
12.0,1.0,-1.000088900581841e-12,0.0,0.0,0.0,0.0,0.0,12.0,1.0,-1.000088900581841e-12,0.0,0.0,98.0,0.0,0.0,0.0,0.0,8.0,0.0,0.0,9,1,0.5550847457627118,31.02687007525367,42.0,0.0,0.0,0.0,0.0,2
220.0,6.0,1.4714729587044333,0.0,0.0,0.0,0.0,0.0,68.0,3.0,0.9560443809641458,0.0,0.0,96.29411764705884,0.0,0.0,0.0,0.0,372.0,2248.0,40.0,10,1,0.5550847457627118,97.0017181978409,77.0,0.0,0.0,0.0,0.0,2
30.0,3.0,0.9502705392302344,0.0,0.0,0.0,0.0,0.0,82.0,4.0,1.083980710300187,0.0,0.0,93.5,0.0,0.0,0.0,0.0,186.0,30.0,2.0,10,1,0.5550847457627118,95.56149852320236,79.0,0.0,0.0,0.0,0.0,2
156.0,4.0,0.9832038203365512,0.0,0.0,0.0,0.0,0.0,110.0,5.0,1.380697015926837,0.0,0.0,91.75,0.0,0.0,0.0,0.0,250.0,354.0,16.0,11,1,0.5550847457627118,100.1648640991441,104.5,0.0,0.0,0.0,0.0,2
152.0,4.0,1.066383647490615,0.0,0.0,0.0,0.0,0.0,76.0,6.0,1.591110820298894,0.0,0.0,90.0,0.0,0.0,0.0,0.0,442.0,640.0,20.0,11,1,0.5550847457627118,79.37043950153401,139.5,0.0,0.0,0.0,0.0,2
30.0,1.0,-1.000088900581841e-12,0.0,0.0,0.0,0.0,0.0,50.0,3.0,0.8945510979948212,0.0,0.0,87.0,0.0,0.0,0.0,0.0,274.0,0.0,4.0,12,1,0.5550847457627118,71.61005515987266,92.0,0.0,0.0,0.0,0.0,2
74.0,4.0,1.1530137932011422,0.0,0.0,0.0,0.0,0.0,46.0,3.0,0.9381390150016417,0.0,0.0,84.77777777777777,0.0,0.0,0.0,0.0,252.0,664.0,12.0,12,1,0.5550847457627118,61.59004248523732,103.0,0.0,0.0,0.0,0.0,2
52.0,3.0,0.9078086915222534,0.0,0.0,0.0,0.0,0.0,26.0,3.0,1.0579054247006736,0.0,0.0,82.5,0.0,0.0,0.0,0.0,166.0,456.0,18.0,13,1,0.5550847457627118,53.12877437572479,77.0,0.0,0.0,0.0,0.0,2
264.0,4.0,0.705997945763394,0.0,0.0,0.0,0.0,0.0,40.0,4.0,1.2876716260005197,0.0,0.0,79.0,0.0,0.0,0.0,0.0,310.0,3636.0,32.0,13,1,0.5550847457627118,107.51123972248982,105.0,0.0,0.0,0.0,0.0,2
142.0,5.0,1.1948025128672997,0.0,0.0,0.0,0.0,0.0,36.0,4.0,1.223575654134956,0.0,0.0,74.63636363636364,0.0,0.0,92.0,10.0,422.0,724.0,40.0,14,1,0.5550847457627118,95.3659617823187,133.0,0.0,0.0,0.0,0.0,2
32.0,2.0,0.5623351446168083,0.0,0.0,0.0,0.0,0.0,28.0,2.0,0.5982695885832573,0.0,0.0,72.57142857142857,0.0,0.0,0.0,0.0,104.0,0.0,0.0,14,1,0.5550847457627118,105.77176686936204,122.5,0.0,0.0,0.0,0.0,2
94.0,4.0,0.9843336124703952,0.0,0.0,0.0,0.0,0.0,16.0,2.0,0.5623351446168083,0.0,0.0,70.8,0.0,12.0,0.0,0.0,518.0,746.0,28.0,15,1,0.5550847457627118,98.25816335891216,133.0,0.0,0.0,0.0,0.0,2
164.0,4.0,1.1647341267742235,0.0,0.0,0.0,0.0,0.0,86.0,3.0,0.985054910904878,0.0,0.0,68.11764705882354,0.0,0.0,0.0,0.0,1026.0,952.0,110.0,15,1,0.5550847457627118,58.4921647174503,108.0,0.0,0.0,0.0,0.0,2
30.0,2.0,0.2449300267926353,0.0,0.0,0.0,0.0,0.0,20.0,2.0,0.6730116670072565,0.0,0.0,65.5,0.0,0.0,0.0,0.0,162.0,136.0,6.0,16,1,0.5550847457627118,63.39295439295026,80.0,0.0,0.0,0.0,0.0,2
118.0,6.0,1.3462978189917707,0.0,0.0,0.0,0.0,0.0,58.0,3.0,0.9415945669878216,0.0,0.0,64.08333333333333,0.0,0.0,0.0,0.0,616.0,622.0,84.0,16,1,0.5550847457627118,55.81815714144163,101.5,0.0,0.0,0.0,0.0,2
58.0,4.0,1.3398487464752982,0.0,0.0,0.0,0.0,0.0,56.0,4.0,0.8320831965842042,0.0,0.0,61.375,0.0,0.0,0.0,0.0,448.0,832.0,8.0,17,1,0.5550847457627118,60.16366566846365,92.5,0.0,0.0,0.0,0.0,2
106.0,7.0,1.2656181771023514,0.0,0.0,0.0,0.0,0.0,220.0,5.0,0.8517311876023125,0.0,0.0,60.0,0.0,0.0,0.0,22.0,280.0,634.0,18.0,17,1,0.5550847457627118,41.18252056394806,78.0,0.0,0.0,0.0,0.0,2
276.0,6.0,0.9856054884210526,0.0,0.0,0.0,0.0,0.0,324.0,3.0,0.3779011252827625,0.0,0.0,57.47058823529412,0.0,0.0,0.0,0.0,330.0,2862.0,20.0,18,1,0.5550847457627118,94.62029380635003,139.5,0.0,0.0,0.0,0.0,2
290.0,4.0,1.082311893586037,0.0,0.0,0.0,0.0,0.0,214.0,3.0,0.1854486988524364,0.0,0.0,53.46666666666667,0.0,0.0,0.0,0.0,112.0,3144.0,2.0,18,1,0.5550847457627118,117.82897210222396,182.5,0.0,0.0,0.0,0.0,2
150.0,4.0,0.9110274532380844,0.0,0.0,0.0,0.0,0.0,158.0,2.0,0.200374612468783,0.0,0.0,50.583333333333336,0.0,0.0,0.0,0.0,208.0,930.0,12.0,19,1,0.5550847457627118,91.45308451149512,205.5,0.0,0.0,0.0,0.0,3
42.0,2.0,0.6829081046984717,0.0,0.0,0.0,0.0,0.0,126.0,2.0,0.1407601220134711,0.0,0.0,48.42857142857143,0.0,0.0,0.0,0.0,68.0,344.0,4.0,19,1,0.5550847457627118,116.7604385055144,189.5,0.0,0.0,0.0,0.0,3
166.0,5.0,1.435146636941346,0.0,0.0,0.0,0.0,0.0,164.0,3.0,0.677585968320866,0.0,0.0,46.46666666666667,0.0,0.0,0.0,0.0,634.0,3540.0,50.0,20,1,0.5550847457627118,101.56114742689093,162.0,0.0,0.0,0.0,0.0,3
188.0,4.0,0.5391293088248273,0.0,0.0,0.0,0.0,0.0,54.0,3.0,0.5221718404972467,0.0,0.0,43.92307692307692,0.0,0.0,0.0,0.0,90.0,1322.0,8.0,20,1,0.5550847457627118,64.89735485107748,136.5,0.0,0.0,0.0,0.0,3
80.0,2.0,0.6881388137115885,0.0,0.0,0.0,0.0,0.0,60.0,2.0,0.5799151714161009,0.0,0.0,41.72727272727273,0.0,0.0,0.0,0.0,380.0,3422.0,16.0,21,0,0.5550847457627118,69.33012813104177,119.0,0.0,0.0,0.0,0.0,3
356.0,4.0,0.426023972951899,0.0,0.0,0.0,0.0,0.0,20.0,2.0,0.6730116670072565,0.0,0.0,39.15,0.0,0.0,0.0,0.0,194.0,1990.0,16.0,21,0,0.5550847457627118,115.4859298789251,197.5,0.0,0.0,0.0,0.0,3
392.0,4.0,0.853934588992754,0.0,0.0,0.0,0.0,0.0,28.0,3.0,1.0042424730510766,0.0,44.0,36.45,0.0,0.0,24.0,0.0,180.0,2772.0,10.0,22,0,0.5550847457627118,146.1506072515609,254.0,0.0,0.0,0.0,0.0,3
710.0,1.0,-1.000088900581841e-12,0.0,0.0,0.0,0.0,0.0,332.0,1.0,-1.000088900581841e-12,0.0,0.0,61.3,0.0,0.0,0.0,0.0,0.0,0.0,0.0,22,0,0.5550847457627118,257.90114385167044,384.5,0.0,0.0,0.0,0.0,2
562.0,1.0,-1.000088900581841e-12,0.0,0.0,0.0,0.0,0.0,4.0,1.0,-1.000088900581841e-12,0.0,0.0,88.23333333333333,0.0,0.0,0.0,0.0,54.0,0.0,0.0,23,0,0.5550847457627118,163.5481580452681,505.0,0.0,0.0,0.0,0.0,2
0.0,0.0,0.0,0.0,0.0,0.0,0.0,0.0,0.0,0.0,0.0,0.0,0.0,98.06666666666666,0.0,0.0,0.0,0.0,0.0,0.0,0.0,23,0,0.5550847457627118,306.2591495231884,416.0,0.0,0.0,0.0,0.0,2
0.0,0.0,0.0,0.0,0.0,0.0,0.0,0.0,6.0,1.0,-1.000088900581841e-12,0.0,0.0,100.0,0.0,0.0,0.0,0.0,0.0,0.0,0.0,0,0,0.5550847457627118,372.1325928572592,318.0,0.0,0.0,0.0,0.0,2
0.0,0.0,0.0,0.0,0.0,0.0,0.0,0.0,8.0,1.0,-1.000088900581841e-12,0.0,0.0,100.0,0.0,0.0,0.0,0.0,0.0,0.0,0.0,0,0,0.5550847457627118,281.0,140.5,0.0,0.0,0.0,0.0,2
0.0,0.0,0.0,0.0,0.0,0.0,0.0,0.0,0.0,0.0,0.0,0.0,0.0,100.0,0.0,0.0,0.0,0.0,0.0,0.0,0.0,1,0,0.5550847457627118,0.0,0.0,0.0,0.0,0.0,0.0,2
0.0,0.0,0.0,0.0,0.0,0.0,0.0,0.0,0.0,0.0,0.0,0.0,0.0,100.0,0.0,0.0,0.0,0.0,0.0,0.0,0.0,1,0,0.5550847457627118,0.0,0.0,0.0,0.0,0.0,0.0,2
0.0,0.0,0.0,0.0,0.0,0.0,0.0,0.0,0.0,0.0,0.0,0.0,0.0,100.0,0.0,0.0,0.0,0.0,0.0,0.0,0.0,2,0,0.5550847457627118,0.0,0.0,0.0,0.0,0.0,0.0,2
0.0,0.0,0.0,0.0,0.0,0.0,0.0,0.0,0.0,0.0,0.0,0.0,0.0,100.0,0.0,0.0,0.0,0.0,0.0,0.0,0.0,2,0,0.5550847457627118,0.0,0.0,0.0,0.0,0.0,0.0,2
0.0,0.0,0.0,0.0,0.0,0.0,0.0,0.0,0.0,0.0,0.0,0.0,0.0,100.0,0.0,0.0,0.0,0.0,0.0,0.0,0.0,3,0,0.5550847457627118,0.0,0.0,0.0,0.0,0.0,0.0,2
0.0,0.0,0.0,0.0,0.0,0.0,0.0,0.0,0.0,0.0,0.0,0.0,0.0,100.0,0.0,0.0,0.0,0.0,0.0,0.0,0.0,3,0,0.5550847457627118,0.0,0.0,0.0,0.0,0.0,0.0,2
0.0,0.0,0.0,0.0,0.0,0.0,0.0,0.0,0.0,0.0,0.0,0.0,0.0,100.0,0.0,0.0,0.0,0.0,0.0,0.0,0.0,4,0,0.5550847457627118,0.0,0.0,0.0,0.0,0.0,0.0,2
0.0,0.0,0.0,0.0,0.0,0.0,0.0,0.0,0.0,0.0,0.0,0.0,0.0,100.0,0.0,0.0,0.0,0.0,0.0,0.0,0.0,4,0,0.5550847457627118,0.0,0.0,0.0,0.0,0.0,0.0,2
0.0,0.0,0.0,0.0,0.0,0.0,0.0,0.0,0.0,0.0,0.0,0.0,0.0,100.0,0.0,0.0,0.0,0.0,0.0,0.0,0.0,5,0,0.5550847457627118,0.0,0.0,0.0,0.0,0.0,0.0,2
0.0,0.0,0.0,0.0,0.0,0.0,0.0,0.0,0.0,0.0,0.0,0.0,0.0,100.0,0.0,0.0,0.0,0.0,0.0,0.0,0.0,5,0,0.5550847457627118,0.0,0.0,0.0,0.0,0.0,0.0,2
0.0,0.0,0.0,0.0,0.0,0.0,0.0,0.0,0.0,0.0,0.0,0.0,0.0,100.0,0.0,0.0,0.0,0.0,0.0,0.0,0.0,6,0,0.5550847457627118,0.0,0.0,0.0,0.0,0.0,0.0,2
0.0,0.0,0.0,0.0,0.0,0.0,0.0,0.0,0.0,0.0,0.0,0.0,0.0,100.0,0.0,0.0,0.0,0.0,0.0,0.0,0.0,6,0,0.5550847457627118,0.0,0.0,0.0,0.0,0.0,0.0,2
128.0,5.0,1.3911411567989205,0.0,0.0,0.0,0.0,0.0,74.0,3.0,0.3330110964771872,0.0,0.0,100.0,0.0,0.0,0.0,0.0,60.0,2334.0,6.0,7,0,0.5550847457627118,64.00000000000007,32.0,0.0,0.0,0.0,0.0,2
38.0,1.0,-1.000088900581841e-12,0.0,0.0,0.0,0.0,0.0,6.0,2.0,0.6365141682928128,0.0,0.0,100.0,0.0,0.0,0.0,0.0,0.0,306.0,0.0,7,0,0.5550847457627118,60.38487669386552,41.5,0.0,0.0,0.0,0.0,2
66.0,6.0,1.4115812316533902,0.0,0.0,0.0,0.0,0.0,56.0,3.0,0.8304717124332918,0.0,0.0,100.0,0.0,0.0,0.0,0.0,312.0,552.0,30.0,8,1,0.5550847457627118,53.93823628311685,58.0,0.0,0.0,0.0,0.0,2
184.0,6.0,1.301167163326762,0.0,0.0,0.0,0.0,0.0,90.0,4.0,1.22253587609015,0.0,0.0,99.6,0.0,0.0,0.0,0.0,262.0,2986.0,14.0,8,1,0.5550847457627118,65.25846049874818,104.0,0.0,0.0,0.0,0.0,2
16.0,4.0,1.2130075659759043,0.0,0.0,0.0,0.0,0.0,0.0,0.0,0.0,0.0,0.0,86.0,0.0,2.0,0.0,0.0,6.0,56.0,6.0,10,1,0.5550847457627118,81.66598639172457,68.0,0.0,0.0,0.0,0.0,2
60.0,3.0,1.0760342091103343,0.0,0.0,0.0,0.0,0.0,0.0,0.0,0.0,0.0,0.0,82.0,0.0,0.0,0.0,0.0,10.0,70.0,6.0,11,1,0.5550847457627118,81.77000264970854,66.5,0.0,0.0,0.0,0.0,2
134.0,5.0,1.0318617736701434,0.0,0.0,0.0,0.0,0.0,0.0,0.0,0.0,0.0,0.0,78.4,0.0,0.0,0.0,0.0,26.0,176.0,12.0,11,1,0.5550847457627118,58.26376804384245,54.0,0.0,0.0,0.0,0.0,2
36.0,3.0,0.8486855577234171,0.0,0.0,0.0,0.0,0.0,0.0,0.0,0.0,0.0,0.0,75.57142857142857,0.0,0.0,0.0,0.0,16.0,4.0,4.0,12,1,0.5550847457627118,51.571956203606206,61.5,0.0,0.0,0.0,0.0,2
78.0,3.0,1.048278506022973,0.0,0.0,0.0,0.0,0.0,0.0,0.0,0.0,0.0,0.0,73.9090909090909,0.0,0.0,0.0,0.0,22.0,110.0,6.0,12,1,0.5550847457627118,41.71330722922853,77.0,0.0,0.0,0.0,0.0,2
42.0,3.0,1.0917862380921273,0.0,0.0,0.0,0.0,0.0,0.0,0.0,0.0,0.0,0.0,72.14285714285714,0.0,0.0,0.0,4.0,8.0,136.0,16.0,13,1,0.5550847457627118,45.00000000000011,72.5,0.0,0.0,0.0,0.0,2
12.0,1.0,-1.000088900581841e-12,0.0,0.0,0.0,0.0,0.0,0.0,0.0,0.0,0.0,0.0,70.0,0.0,0.0,0.0,0.0,0.0,74.0,2.0,13,1,0.5550847457627118,27.276363393971888,42.0,0.0,0.0,0.0,0.0,2
44.0,5.0,1.4276786533697516,0.0,0.0,0.0,0.0,0.0,0.0,0.0,0.0,0.0,0.0,68.71428571428571,0.0,0.0,0.0,0.0,16.0,154.0,4.0,14,1,0.5550847457627118,26.98147512646426,44.0,0.0,0.0,0.0,0.0,2
36.0,3.0,0.900908873222472,0.0,0.0,0.0,0.0,0.0,0.0,0.0,0.0,0.0,0.0,66.83333333333333,0.0,0.0,0.0,0.0,24.0,86.0,6.0,14,1,0.5550847457627118,14.730919862656563,33.5,0.0,0.0,0.0,0.0,2
24.0,2.0,0.2868359830541607,0.0,0.0,0.0,0.0,0.0,0.0,0.0,0.0,0.0,0.0,65.5,0.0,0.0,0.0,0.0,12.0,12.0,8.0,15,1,0.5550847457627118,14.000000000000345,29.0,0.0,0.0,0.0,0.0,2
34.0,2.0,0.6774944044467073,0.0,0.0,0.0,0.0,0.0,0.0,0.0,0.0,0.0,0.0,64.0,0.0,0.0,0.0,0.0,24.0,96.0,4.0,15,1,0.5550847457627118,8.225975119502632,34.5,0.0,0.0,0.0,0.0,2
136.0,2.0,0.2626742151029734,0.0,0.0,0.0,0.0,0.0,0.0,0.0,0.0,0.0,0.0,62.18181818181818,0.0,0.0,0.0,0.0,6.0,424.0,2.0,16,1,0.5550847457627118,52.595944076832986,57.5,0.0,0.0,0.0,0.0,2
48.0,4.0,1.1948358322513437,0.0,0.0,0.0,0.0,0.0,0.0,0.0,0.0,0.0,0.0,59.875,0.0,0.0,0.0,0.0,24.0,168.0,6.0,16,1,0.5550847457627118,51.28677542343,60.5,0.0,0.0,0.0,0.0,2
84.0,3.0,0.9491191993510192,0.0,0.0,0.0,0.0,0.0,0.0,0.0,0.0,0.0,0.0,57.22222222222222,0.0,0.0,0.0,0.0,24.0,120.0,4.0,17,1,0.5550847457627118,45.50091574170066,75.5,0.0,0.0,0.0,0.0,2
54.0,3.0,0.7273876291728028,0.0,0.0,0.0,0.0,0.0,0.0,0.0,0.0,0.0,0.0,54.083333333333336,0.0,0.0,0.0,0.0,72.0,220.0,18.0,17,1,0.5550847457627118,40.21193852576632,80.5,0.0,0.0,0.0,0.0,2
96.0,6.0,1.4478901945524836,0.0,0.0,0.0,0.0,0.0,0.0,0.0,0.0,0.0,0.0,51.16666666666666,0.0,0.0,0.0,0.0,80.0,284.0,20.0,18,1,0.5550847457627118,23.173260452513137,70.5,0.0,0.0,0.0,0.0,2
12.0,1.0,-1.000088900581841e-12,0.0,0.0,0.0,0.0,0.0,0.0,0.0,0.0,0.0,0.0,49.0,0.0,0.0,0.0,0.0,0.0,0.0,0.0,18,1,0.5550847457627118,37.429934544425926,61.5,0.0,0.0,0.0,0.0,2
70.0,6.0,1.7695289272267811,0.0,0.0,0.0,0.0,0.0,0.0,0.0,0.0,0.0,0.0,47.85714285714285,0.0,0.0,0.0,0.0,50.0,1132.0,14.0,19,1,0.5550847457627118,35.213633723318154,58.0,0.0,0.0,0.0,0.0,2
54.0,4.0,1.1662203673484677,0.0,0.0,0.0,0.0,0.0,0.0,0.0,0.0,0.0,0.0,42.66666666666666,0.0,0.0,0.0,0.0,50.0,242.0,8.0,19,1,0.5550847457627118,35.213633723318154,58.0,0.0,0.0,0.0,0.0,2
56.0,4.0,1.183132771597598,0.0,0.0,0.0,0.0,0.0,0.0,0.0,0.0,0.0,0.0,38.66666666666666,0.0,0.0,0.0,0.0,160.0,30.0,12.0,20,1,0.5550847457627118,25.03331114069164,48.0,0.0,0.0,0.0,0.0,3
38.0,3.0,0.9174021803597407,0.0,0.0,0.0,0.0,0.0,0.0,0.0,0.0,0.0,0.0,34.75,0.0,0.0,0.0,0.0,38.0,28.0,10.0,20,1,0.5550847457627118,13.102162671356057,54.5,0.0,0.0,0.0,0.0,3
18.0,1.0,-1.000088900581841e-12,0.0,0.0,0.0,0.0,0.0,0.0,0.0,0.0,0.0,0.0,33.166666666666664,0.0,0.0,0.0,0.0,10.0,0.0,0.0,21,0,0.5550847457627118,17.61628034896535,41.5,0.0,0.0,0.0,0.0,2
60.0,3.0,1.0096137581710385,0.0,0.0,0.0,0.0,0.0,0.0,0.0,0.0,0.0,0.0,31.0,0.0,0.0,0.0,0.0,30.0,412.0,18.0,21,0,0.5550847457627118,19.218047073866344,43.0,0.0,0.0,0.0,0.0,2
208.0,7.0,1.506756219641537,0.0,0.0,0.0,0.0,0.0,0.0,0.0,0.0,0.0,0.0,26.571428571428573,0.0,0.0,0.0,0.0,24.0,1064.0,12.0,22,0,0.5550847457627118,86.38672737560253,81.0,0.0,0.0,0.0,0.0,2
316.0,1.0,-1.000088900581841e-12,0.0,0.0,0.0,0.0,0.0,0.0,0.0,0.0,0.0,6.0,30.61111111111111,0.0,0.0,6.0,0.0,12.0,50.0,10.0,22,0,0.5550847457627118,137.16535033795284,150.5,0.0,0.0,0.0,0.0,2
710.0,2.0,0.0740225961455812,0.0,0.0,0.0,0.0,0.0,0.0,0.0,0.0,0.0,0.0,60.766666666666666,0.0,0.0,0.0,0.0,12.0,82.0,4.0,23,0,0.5550847457627118,278.2151445674133,323.5,0.0,0.0,0.0,0.0,2
718.0,3.0,0.1193312586440334,0.0,0.0,0.0,0.0,0.0,0.0,0.0,0.0,0.0,0.0,87.4,0.0,0.0,0.0,0.0,12.0,104.0,4.0,23,0,0.5550847457627118,264.6809400013534,488.0,0.0,0.0,0.0,0.0,2
716.0,1.0,-1.000088900581841e-12,0.0,0.0,0.0,0.0,0.0,0.0,0.0,0.0,0.0,0.0,97.6206896551724,0.0,0.0,0.0,0.0,0.0,0.0,0.0,0,0,0.5550847457627118,199.3623167334624,615.0,0.0,0.0,0.0,0.0,2
272.0,1.0,-1.000088900581841e-12,0.0,0.0,0.0,0.0,0.0,0.0,0.0,0.0,0.0,0.0,100.0,0.0,0.0,0.0,0.0,0.0,0.0,0.0,0,0,0.5550847457627118,221.3594362117866,604.0,0.0,0.0,0.0,0.0,2
0.0,0.0,0.0,0.0,0.0,0.0,0.0,0.0,0.0,0.0,0.0,0.0,0.0,100.0,0.0,0.0,0.0,0.0,0.0,0.0,0.0,1,0,0.5550847457627118,353.3435533113158,426.5,0.0,0.0,0.0,0.0,2
0.0,0.0,0.0,0.0,0.0,0.0,0.0,0.0,0.0,0.0,0.0,0.0,0.0,100.0,0.0,0.0,0.0,0.0,0.0,0.0,0.0,1,0,0.5550847457627118,337.9368777350784,247.0,0.0,0.0,0.0,0.0,2
0.0,0.0,0.0,0.0,0.0,0.0,0.0,0.0,0.0,0.0,0.0,0.0,0.0,100.0,0.0,0.0,0.0,0.0,0.0,0.0,0.0,2,0,0.5550847457627118,135.99999999999997,68.0,0.0,0.0,0.0,0.0,2
0.0,0.0,0.0,0.0,0.0,0.0,0.0,0.0,0.0,0.0,0.0,0.0,0.0,100.0,0.0,0.0,0.0,0.0,0.0,0.0,0.0,2,0,0.5550847457627118,0.0,0.0,0.0,0.0,0.0,0.0,2
0.0,0.0,0.0,0.0,0.0,0.0,0.0,0.0,0.0,0.0,0.0,0.0,0.0,100.0,0.0,0.0,0.0,0.0,0.0,0.0,0.0,3,0,0.5550847457627118,0.0,0.0,0.0,0.0,0.0,0.0,2
0.0,0.0,0.0,0.0,0.0,0.0,0.0,0.0,0.0,0.0,0.0,0.0,0.0,100.0,0.0,0.0,0.0,0.0,0.0,0.0,0.0,3,0,0.5550847457627118,0.0,0.0,0.0,0.0,0.0,0.0,2
0.0,0.0,0.0,0.0,0.0,0.0,0.0,0.0,0.0,0.0,0.0,0.0,0.0,100.0,0.0,0.0,0.0,0.0,0.0,0.0,0.0,4,0,0.5550847457627118,0.0,0.0,0.0,0.0,0.0,0.0,2
0.0,0.0,0.0,0.0,0.0,0.0,0.0,0.0,0.0,0.0,0.0,0.0,0.0,100.0,0.0,0.0,0.0,0.0,0.0,0.0,0.0,4,0,0.5550847457627118,0.0,0.0,0.0,0.0,0.0,0.0,2
0.0,0.0,0.0,0.0,0.0,0.0,0.0,0.0,0.0,0.0,0.0,0.0,0.0,100.0,0.0,0.0,0.0,0.0,0.0,0.0,0.0,5,0,0.5550847457627118,0.0,0.0,0.0,0.0,0.0,0.0,2
0.0,0.0,0.0,0.0,0.0,0.0,0.0,0.0,0.0,0.0,0.0,0.0,0.0,100.0,0.0,0.0,0.0,0.0,0.0,0.0,0.0,5,0,0.5550847457627118,0.0,0.0,0.0,0.0,0.0,0.0,2
0.0,0.0,0.0,0.0,0.0,0.0,0.0,0.0,0.0,0.0,0.0,0.0,0.0,100.0,0.0,0.0,0.0,0.0,0.0,0.0,0.0,6,0,0.5550847457627118,0.0,0.0,0.0,0.0,0.0,0.0,2
0.0,0.0,0.0,0.0,0.0,0.0,0.0,0.0,0.0,0.0,0.0,0.0,0.0,100.0,0.0,0.0,0.0,0.0,0.0,0.0,0.0,6,0,0.5550847457627118,0.0,0.0,0.0,0.0,0.0,0.0,2
0.0,0.0,0.0,0.0,0.0,0.0,0.0,0.0,0.0,0.0,0.0,0.0,0.0,100.0,0.0,0.0,0.0,0.0,0.0,0.0,0.0,7,0,0.5550847457627118,0.0,0.0,0.0,0.0,0.0,0.0,2
0.0,0.0,0.0,0.0,0.0,0.0,0.0,0.0,0.0,0.0,0.0,0.0,0.0,100.0,0.0,0.0,0.0,0.0,0.0,0.0,0.0,7,0,0.5550847457627118,0.0,0.0,0.0,0.0,0.0,0.0,2
0.0,0.0,0.0,0.0,0.0,0.0,0.0,0.0,0.0,0.0,0.0,0.0,0.0,100.0,0.0,0.0,0.0,0.0,12.0,0.0,0.0,8,1,0.5550847457627118,0.0,0.0,0.0,0.0,0.0,0.0,2
0.0,0.0,0.0,0.0,0.0,0.0,0.0,0.0,0.0,0.0,0.0,0.0,0.0,100.0,0.0,0.0,0.0,0.0,0.0,0.0,0.0,8,1,0.5550847457627118,0.0,0.0,0.0,0.0,0.0,0.0,2
96.0,3.0,0.7214636866895116,0.0,0.0,0.0,0.0,0.0,0.0,0.0,0.0,0.0,0.0,100.0,0.0,0.0,0.0,0.0,38.0,898.0,6.0,9,1,0.5550847457627118,47.99999999999987,24.0,0.0,0.0,0.0,0.0,2
52.0,4.0,1.322958070755763,0.0,0.0,0.0,0.0,0.0,0.0,0.0,0.0,0.0,0.0,100.0,0.0,0.0,0.0,0.0,54.0,384.0,16.0,9,1,0.5550847457627118,46.34652090502573,37.0,0.0,0.0,0.0,0.0,2
128.0,4.0,0.887152878888352,0.0,0.0,0.0,0.0,0.0,0.0,0.0,0.0,0.0,0.0,99.27272727272728,0.0,0.0,0.0,0.0,28.0,562.0,8.0,10,1,0.5550847457627118,55.557777733335,69.0,0.0,0.0,0.0,0.0,2
12.0,1.0,-1.000088900581841e-12,0.0,0.0,0.0,0.0,0.0,0.0,0.0,0.0,0.0,0.0,97.5,0.0,0.0,0.0,0.0,0.0,114.0,4.0,10,1,0.5550847457627118,50.701742244884,72.0,0.0,0.0,0.0,0.0,2
20.0,1.0,-1.000088900581841e-12,0.0,0.0,0.0,0.0,0.0,0.0,0.0,0.0,0.0,0.0,96.14285714285714,0.0,0.0,0.0,0.0,14.0,8.0,4.0,11,1,0.5550847457627118,52.90242590530849,53.0,0.0,0.0,0.0,0.0,2
52.0,2.0,0.6812657296612041,0.0,0.0,0.0,0.0,0.0,0.0,0.0,0.0,0.0,0.0,95.11111111111111,0.0,0.0,0.0,0.0,28.0,418.0,2.0,11,1,0.5550847457627118,52.90242590530849,53.0,0.0,0.0,0.0,0.0,2
12.0,1.0,-1.000088900581841e-12,0.0,0.0,0.0,0.0,0.0,0.0,0.0,0.0,0.0,0.0,94.0,0.0,0.0,0.0,0.0,0.0,0.0,0.0,12,1,0.5550847457627118,19.043809142780614,24.0,0.0,0.0,0.0,0.0,2
8.0,1.0,-1.000088900581841e-12,0.0,0.0,0.0,0.0,0.0,0.0,0.0,0.0,0.0,0.0,93.33333333333331,12.0,0.0,0.0,0.0,0.0,0.0,0.0,12,1,0.5550847457627118,19.96663884249561,23.0,0.0,0.0,0.0,0.0,2
132.0,3.0,0.2627127914355466,0.0,0.0,0.0,0.0,0.0,0.0,0.0,0.0,0.0,0.0,91.91666666666669,0.0,0.0,0.0,0.0,16.0,1160.0,8.0,13,1,0.5550847457627118,57.5383929795285,51.0,0.0,0.0,0.0,0.0,2
316.0,9.0,0.6815923630086946,0.0,0.0,0.0,0.0,0.0,0.0,0.0,0.0,0.0,0.0,86.2,0.0,0.0,0.0,0.0,0.0,2696.0,0.0,13,1,0.5550847457627118,144.60520968024164,117.0,0.0,0.0,0.0,0.0,2
22.0,2.0,0.5859526183015509,0.0,0.0,0.0,0.0,0.0,0.0,0.0,0.0,0.0,0.0,82.0,0.0,0.0,0.0,0.0,16.0,122.0,12.0,14,1,0.5550847457627118,142.252123592819,119.5,0.0,0.0,0.0,0.0,2
130.0,5.0,1.3112493960159226,0.0,0.0,0.0,0.0,0.0,0.0,0.0,0.0,0.0,0.0,80.11111111111111,0.0,0.0,0.0,0.0,36.0,1640.0,6.0,14,1,0.5550847457627118,122.0163923413571,150.0,0.0,0.0,0.0,0.0,2
30.0,2.0,0.6730116670072565,0.0,0.0,0.0,0.0,0.0,0.0,0.0,0.0,0.0,0.0,77.28571428571429,0.0,0.0,0.0,0.0,44.0,54.0,4.0,15,1,0.5550847457627118,136.79546776117982,124.5,0.0,0.0,0.0,0.0,2
24.0,2.0,0.2868359830541607,0.0,0.0,0.0,0.0,0.0,0.0,0.0,0.0,0.0,0.0,76.25,0.0,0.0,0.0,0.0,66.0,8.0,8.0,15,1,0.5550847457627118,52.44362052083476,51.5,0.0,0.0,0.0,0.0,2
80.0,4.0,1.205628232484719,0.0,0.0,0.0,0.0,0.0,0.0,0.0,0.0,0.0,0.0,75.0,0.0,0.0,0.0,0.0,44.0,598.0,10.0,16,1,0.5550847457627118,49.50420857529846,66.0,0.0,0.0,0.0,0.0,2
140.0,5.0,1.3322677723525256,0.0,0.0,0.0,0.0,0.0,0.0,0.0,0.0,0.0,0.0,71.91666666666667,0.0,24.0,0.0,0.0,72.0,1636.0,10.0,16,1,0.5550847457627118,53.87330817142493,68.5,0.0,0.0,0.0,0.0,2
12.0,1.0,-1.000088900581841e-12,0.0,0.0,0.0,0.0,0.0,0.0,0.0,0.0,0.0,0.0,69.5,0.0,0.0,0.0,0.0,0.0,0.0,0.0,17,1,0.5550847457627118,58.69696187481359,64.0,0.0,0.0,0.0,0.0,2
154.0,6.0,1.5109865355727805,0.0,0.0,0.0,0.0,0.0,0.0,0.0,0.0,0.0,0.0,67.13333333333334,0.0,0.0,0.0,0.0,172.0,1312.0,20.0,17,1,0.5550847457627118,64.83568976009012,96.5,0.0,0.0,0.0,0.0,2
12.0,1.0,-1.000088900581841e-12,0.0,0.0,0.0,0.0,0.0,0.0,0.0,0.0,0.0,0.0,65.16666666666667,0.0,0.0,0.0,0.0,0.0,38.0,4.0,18,1,0.5550847457627118,78.15156215116019,79.5,0.0,0.0,0.0,0.0,2
24.0,2.0,0.4505612088643047,0.0,0.0,0.0,0.0,0.0,0.0,0.0,0.0,0.0,0.0,64.0,0.0,0.0,0.0,14.0,52.0,240.0,12.0,18,1,0.5550847457627118,69.23149572268382,50.5,0.0,0.0,0.0,0.0,2
12.0,1.0,-1.000088900581841e-12,0.0,0.0,0.0,0.0,0.0,0.0,0.0,0.0,0.0,0.0,63.16666666666666,0.0,0.0,0.0,0.0,0.0,0.0,0.0,19,1,0.5550847457627118,69.23149572268382,50.5,0.0,0.0,0.0,0.0,2
128.0,6.0,1.2149432768699595,0.0,0.0,0.0,0.0,0.0,0.0,0.0,0.0,0.0,0.0,61.46153846153846,0.0,0.0,0.0,0.0,52.0,1742.0,6.0,19,1,0.5550847457627118,56.28498911788105,44.0,0.0,0.0,0.0,0.0,2
38.0,2.0,0.5763341277547498,0.0,0.0,0.0,0.0,0.0,0.0,0.0,0.0,0.0,0.0,59.0,0.0,0.0,0.0,0.0,0.0,90.0,0.0,20,1,0.5550847457627118,52.74782775938097,50.5,0.0,0.0,0.0,0.0,2
12.0,1.0,-1.000088900581841e-12,0.0,0.0,0.0,0.0,0.0,0.0,0.0,0.0,0.0,0.0,58.16666666666666,0.0,0.0,0.0,0.0,0.0,0.0,0.0,20,1,0.5550847457627118,55.0484634965711,47.5,0.0,0.0,0.0,0.0,2
36.0,4.0,1.1199903556463675,0.0,0.0,0.0,0.0,0.0,0.0,0.0,0.0,0.0,0.0,57.25,14.0,0.0,0.0,0.0,26.0,974.0,6.0,21,0,0.5550847457627118,51.0522608053093,53.5,0.0,0.0,0.0,0.0,2
306.0,5.0,1.1527778380438432,0.0,0.0,0.0,0.0,0.0,0.0,0.0,0.0,0.0,0.0,53.72222222222222,0.0,0.0,0.0,0.0,0.0,2238.0,0.0,21,0,0.5550847457627118,139.16896205691836,98.0,0.0,0.0,0.0,0.0,2
12.0,1.0,-1.000088900581841e-12,0.0,0.0,0.0,0.0,0.0,0.0,0.0,0.0,0.0,0.0,50.66666666666666,0.0,0.0,0.0,0.0,0.0,0.0,0.0,22,0,0.5550847457627118,143.4468542701442,91.5,0.0,0.0,0.0,0.0,2
8.0,1.0,-1.000088900581841e-12,0.0,0.0,0.0,0.0,0.0,0.0,0.0,0.0,0.0,0.0,50.0,0.0,0.0,0.0,0.0,0.0,0.0,0.0,22,0,0.5550847457627118,144.19778084284093,90.5,0.0,0.0,0.0,0.0,2
454.0,1.0,-1.000088900581841e-12,0.0,0.0,0.0,0.0,0.0,0.0,0.0,0.0,0.0,22.0,59.13636363636363,14.0,0.0,12.0,0.0,28.0,0.0,4.0,23,0,0.5550847457627118,222.00600592476468,195.0,0.0,0.0,0.0,0.0,2
716.0,1.0,-1.000088900581841e-12,0.0,0.0,0.0,0.0,0.0,0.0,0.0,0.0,0.0,0.0,84.13333333333334,0.0,0.0,0.0,0.0,0.0,0.0,0.0,23,0,0.5550847457627118,348.7859897797884,297.5,0.0,0.0,0.0,0.0,2
262.0,1.0,-1.000088900581841e-12,0.0,0.0,0.0,0.0,0.0,0.0,0.0,0.0,0.0,0.0,95.8695652173913,0.0,0.0,0.0,0.0,0.0,0.0,0.0,0,0,0.5550847457627118,299.4884527545817,360.0,0.0,0.0,0.0,0.0,2
76.0,4.0,1.1977591437396606,0.0,0.0,0.0,0.0,0.0,0.0,0.0,0.0,0.0,0.0,99.0,0.0,0.0,0.0,0.0,24.0,386.0,4.0,8,1,0.5550847457627118,313.676585036244,270.5,0.0,0.0,0.0,0.0,2
208.0,8.0,1.1533310116468145,0.0,0.0,0.0,0.0,0.0,0.0,0.0,0.0,0.0,0.0,93.8125,0.0,0.0,0.0,0.0,32.0,1732.0,6.0,9,1,0.5550847457627118,109.69503179269324,143.5,0.0,0.0,0.0,0.0,2
64.0,2.0,0.1390607984527411,0.0,0.0,0.0,0.0,0.0,0.0,0.0,0.0,0.0,0.0,89.77777777777777,0.0,0.0,0.0,0.0,16.0,242.0,10.0,9,1,0.5550847457627118,78.68926229162389,94.0,0.0,0.0,0.0,0.0,2
42.0,3.0,1.0917862380921273,0.0,0.0,0.0,0.0,0.0,0.0,0.0,0.0,0.0,0.0,86.83333333333333,0.0,0.0,0.0,0.0,28.0,298.0,14.0,10,1,0.5550847457627118,74.99999999999987,97.5,0.0,0.0,0.0,0.0,2
36.0,4.0,1.3014810683834344,0.0,0.0,0.0,0.0,0.0,0.0,0.0,0.0,0.0,0.0,85.14285714285714,0.0,0.0,0.0,0.0,30.0,260.0,10.0,10,1,0.5550847457627118,81.23012577445213,87.5,0.0,0.0,0.0,0.0,2
40.0,3.0,0.746032664711785,0.0,0.0,0.0,0.0,0.0,0.0,0.0,0.0,0.0,0.0,83.16666666666667,0.0,0.0,0.0,0.0,50.0,312.0,14.0,11,1,0.5550847457627118,12.583057392117162,45.5,0.0,0.0,0.0,0.0,2
60.0,3.0,0.8033149761378756,0.0,0.0,0.0,0.0,0.0,0.0,0.0,0.0,0.0,0.0,79.33333333333333,0.0,0.0,0.0,0.0,30.0,382.0,6.0,11,1,0.5550847457627118,10.630145812733756,44.5,0.0,0.0,0.0,0.0,2
58.0,4.0,0.9518296804414556,0.0,0.0,0.0,0.0,0.0,0.0,0.0,0.0,0.0,0.0,77.44444444444444,0.0,0.0,0.0,0.0,10.0,166.0,2.0,12,1,0.5550847457627118,12.261049438498906,48.5,0.0,0.0,0.0,0.0,2
12.0,1.0,-1.000088900581841e-12,0.0,0.0,0.0,0.0,0.0,0.0,0.0,0.0,0.0,0.0,75.83333333333333,0.0,0.0,0.0,0.0,10.0,0.0,0.0,12,1,0.5550847457627118,22.23360819420263,42.5,0.0,0.0,0.0,0.0,2
132.0,7.0,1.65091571595771,0.0,0.0,0.0,0.0,0.0,0.0,0.0,0.0,0.0,0.0,73.45454545454545,0.0,0.0,0.0,0.0,30.0,1282.0,8.0,13,1,0.5550847457627118,49.568134925574725,65.5,0.0,0.0,0.0,0.0,2
120.0,3.0,1.0203927291282473,0.0,0.0,0.0,0.0,0.0,0.0,0.0,0.0,0.0,0.0,67.91666666666667,0.0,0.0,0.0,0.0,10.0,724.0,2.0,13,1,0.5550847457627118,56.00892785976162,80.5,0.0,0.0,0.0,0.0,2
12.0,1.0,-1.000088900581841e-12,0.0,0.0,0.0,0.0,0.0,0.0,0.0,0.0,0.0,0.0,66.33333333333333,0.0,0.0,0.0,0.0,0.0,0.0,0.0,14,1,0.5550847457627118,65.99999999999986,69.0,0.0,0.0,0.0,0.0,2
4.0,1.0,-1.000088900581841e-12,0.0,0.0,0.0,0.0,0.0,0.0,0.0,0.0,0.0,0.0,65.66666666666667,8.0,0.0,0.0,0.0,0.0,0.0,0.0,14,1,0.5550847457627118,68.38128398911489,67.0,0.0,0.0,0.0,0.0,2
28.0,2.0,0.6829081046984717,0.0,0.0,0.0,0.0,0.0,0.0,0.0,0.0,0.0,0.0,64.75,0.0,0.0,0.0,0.0,20.0,148.0,8.0,15,1,0.5550847457627118,53.60348247393368,41.0,0.0,0.0,0.0,0.0,2
106.0,3.0,0.3596725556612289,0.0,0.0,0.0,0.0,0.0,0.0,0.0,0.0,0.0,0.0,63.09090909090909,0.0,0.0,0.0,0.0,20.0,196.0,12.0,15,1,0.5550847457627118,46.74398357008077,37.5,0.0,0.0,0.0,0.0,2
24.0,2.0,0.6791932659895258,0.0,0.0,0.0,0.0,0.0,0.0,0.0,0.0,0.0,0.0,61.0,0.0,0.0,0.0,0.0,20.0,88.0,2.0,16,1,0.5550847457627118,44.91102314577103,40.5,0.0,0.0,0.0,0.0,2
54.0,2.0,0.4791656239262754,0.0,0.0,0.0,0.0,0.0,0.0,0.0,0.0,0.0,0.0,59.66666666666666,0.0,0.0,0.0,0.0,60.0,148.0,2.0,16,1,0.5550847457627118,37.753587026047136,53.0,0.0,0.0,0.0,0.0,2
290.0,3.0,0.6516582165610162,0.0,0.0,0.0,0.0,0.0,0.0,0.0,0.0,0.0,0.0,55.63636363636363,0.0,0.0,0.0,0.0,30.0,872.0,10.0,17,1,0.5550847457627118,119.2462438262382,118.5,0.0,0.0,0.0,0.0,2
108.0,3.0,0.6020781107840698,0.0,0.0,0.0,0.0,0.0,0.0,0.0,0.0,0.0,0.0,50.45454545454545,0.0,0.0,0.0,0.0,0.0,544.0,6.0,17,1,0.5550847457627118,119.18053532351657,119.0,0.0,0.0,0.0,0.0,2
36.0,3.0,0.9580002800857724,0.0,0.0,0.0,0.0,0.0,0.0,0.0,0.0,0.0,0.0,47.285714285714285,0.0,0.0,0.0,0.0,10.0,130.0,4.0,18,1,0.5550847457627118,116.10340218959983,122.0,0.0,0.0,0.0,0.0,2
64.0,3.0,0.8647400965246372,0.0,0.0,0.0,0.0,0.0,0.0,0.0,0.0,0.0,0.0,45.66666666666666,0.0,0.0,0.0,0.0,60.0,388.0,12.0,18,1,0.5550847457627118,114.24389115688702,124.5,0.0,0.0,0.0,0.0,2
94.0,5.0,1.23761497500089,0.0,0.0,0.0,0.0,0.0,0.0,0.0,0.0,0.0,0.0,43.375,0.0,0.0,0.0,0.0,30.0,550.0,10.0,19,1,0.5550847457627118,32.098805792946806,75.5,0.0,0.0,0.0,0.0,2
46.0,4.0,1.1553465425056353,0.0,0.0,0.0,0.0,0.0,0.0,0.0,0.0,0.0,0.0,39.5,0.0,0.0,0.0,0.0,40.0,92.0,0.0,19,1,0.5550847457627118,25.45584412271536,60.0,0.0,0.0,0.0,0.0,2
68.0,5.0,1.2632716522940175,0.0,0.0,0.0,0.0,0.0,0.0,0.0,0.0,0.0,0.0,36.6,0.0,0.0,0.0,0.0,30.0,560.0,6.0,20,1,0.5550847457627118,19.79898987322288,68.0,0.0,0.0,0.0,0.0,2
90.0,5.0,1.55011166853729,0.0,0.0,0.0,0.0,0.0,0.0,0.0,0.0,0.0,0.0,33.375,0.0,0.0,0.0,0.0,40.0,1110.0,10.0,20,1,0.5550847457627118,22.173557826083048,74.5,0.0,0.0,0.0,0.0,2
58.0,4.0,1.007963022818407,0.0,0.0,0.0,0.0,0.0,0.0,0.0,0.0,0.0,0.0,28.0,0.0,0.0,0.0,0.0,10.0,892.0,2.0,21,0,0.5550847457627118,18.64582169459552,65.5,0.0,0.0,0.0,0.0,2
72.0,5.0,1.381918922651194,0.0,0.0,0.0,0.0,0.0,0.0,0.0,0.0,0.0,0.0,21.77777777777778,0.0,0.0,0.0,0.0,20.0,708.0,4.0,21,0,0.5550847457627118,13.366625103841615,72.0,0.0,0.0,0.0,0.0,2
372.0,5.0,0.7215529176854448,0.0,0.0,0.0,0.0,0.0,0.0,0.0,0.0,0.0,20.0,29.38888888888889,0.0,0.0,0.0,0.0,20.0,1160.0,6.0,22,0,0.5550847457627118,149.90663761154804,148.0,0.0,0.0,0.0,0.0,2
586.0,1.0,-1.000088900581841e-12,0.0,0.0,0.0,0.0,0.0,0.0,0.0,0.0,0.0,0.0,71.34615384615384,0.0,0.0,0.0,0.0,0.0,0.0,0.0,22,0,0.5550847457627118,254.55320334526004,272.0,0.0,0.0,0.0,0.0,2
610.0,1.0,-1.000088900581841e-12,0.0,0.0,0.0,0.0,0.0,0.0,0.0,0.0,0.0,0.0,89.23333333333333,0.0,0.0,0.0,0.0,10.0,0.0,0.0,23,0,0.5550847457627118,249.44204403695323,410.0,0.0,0.0,0.0,0.0,2
0.0,0.0,0.0,0.0,0.0,0.0,0.0,0.0,0.0,0.0,0.0,0.0,0.0,96.83333333333331,0.0,0.0,0.0,0.0,0.0,0.0,0.0,23,0,0.5550847457627118,282.3850798702604,392.0,0.0,0.0,0.0,0.0,2
0.0,0.0,0.0,0.0,0.0,0.0,0.0,0.0,0.0,0.0,0.0,0.0,0.0,99.9,0.0,0.0,0.0,0.0,0.0,0.0,0.0,0,0,0.5550847457627118,345.39446048443415,299.0,0.0,0.0,0.0,0.0,2
0.0,0.0,0.0,0.0,0.0,0.0,0.0,0.0,0.0,0.0,0.0,0.0,0.0,100.0,0.0,0.0,0.0,0.0,0.0,0.0,0.0,0,0,0.5550847457627118,305.0,152.5,0.0,0.0,0.0,0.0,2
0.0,0.0,0.0,0.0,0.0,0.0,0.0,0.0,0.0,0.0,0.0,0.0,0.0,100.0,0.0,0.0,0.0,0.0,0.0,0.0,0.0,1,0,0.5550847457627118,0.0,0.0,0.0,0.0,0.0,0.0,2
0.0,0.0,0.0,0.0,0.0,0.0,0.0,0.0,0.0,0.0,0.0,0.0,0.0,100.0,0.0,0.0,0.0,0.0,0.0,0.0,0.0,1,0,0.5550847457627118,0.0,0.0,0.0,0.0,0.0,0.0,2
0.0,0.0,0.0,0.0,0.0,0.0,0.0,0.0,0.0,0.0,0.0,0.0,0.0,100.0,0.0,0.0,0.0,0.0,0.0,0.0,0.0,2,0,0.5550847457627118,0.0,0.0,0.0,0.0,0.0,0.0,2
0.0,0.0,0.0,0.0,0.0,0.0,0.0,0.0,0.0,0.0,0.0,0.0,0.0,100.0,0.0,0.0,0.0,0.0,0.0,0.0,0.0,2,0,0.5550847457627118,0.0,0.0,0.0,0.0,0.0,0.0,2
0.0,0.0,0.0,0.0,0.0,0.0,0.0,0.0,0.0,0.0,0.0,0.0,0.0,100.0,0.0,0.0,0.0,0.0,0.0,0.0,0.0,3,0,0.5550847457627118,0.0,0.0,0.0,0.0,0.0,0.0,2
0.0,0.0,0.0,0.0,0.0,0.0,0.0,0.0,0.0,0.0,0.0,0.0,0.0,100.0,0.0,0.0,0.0,0.0,0.0,0.0,0.0,3,0,0.5550847457627118,0.0,0.0,0.0,0.0,0.0,0.0,2
0.0,0.0,0.0,0.0,0.0,0.0,0.0,0.0,0.0,0.0,0.0,0.0,0.0,100.0,0.0,0.0,0.0,0.0,0.0,0.0,0.0,4,0,0.5550847457627118,0.0,0.0,0.0,0.0,0.0,0.0,2
0.0,0.0,0.0,0.0,0.0,0.0,0.0,0.0,0.0,0.0,0.0,0.0,0.0,100.0,0.0,0.0,0.0,0.0,0.0,0.0,0.0,4,0,0.5550847457627118,0.0,0.0,0.0,0.0,0.0,0.0,2
0.0,0.0,0.0,0.0,0.0,0.0,0.0,0.0,0.0,0.0,0.0,0.0,0.0,100.0,0.0,0.0,0.0,0.0,0.0,0.0,0.0,5,0,0.5550847457627118,0.0,0.0,0.0,0.0,0.0,0.0,2
0.0,0.0,0.0,0.0,0.0,0.0,0.0,0.0,0.0,0.0,0.0,0.0,0.0,100.0,0.0,0.0,0.0,0.0,0.0,0.0,0.0,5,0,0.5550847457627118,0.0,0.0,0.0,0.0,0.0,0.0,2
0.0,0.0,0.0,0.0,0.0,0.0,0.0,0.0,0.0,0.0,0.0,0.0,0.0,100.0,0.0,0.0,0.0,0.0,0.0,0.0,0.0,6,0,0.5550847457627118,0.0,0.0,0.0,0.0,0.0,0.0,2
0.0,0.0,0.0,0.0,0.0,0.0,0.0,0.0,0.0,0.0,0.0,0.0,0.0,100.0,0.0,0.0,0.0,0.0,0.0,0.0,0.0,6,0,0.5550847457627118,0.0,0.0,0.0,0.0,0.0,0.0,2
116.0,1.0,-1.000088900581841e-12,0.0,0.0,0.0,0.0,0.0,0.0,0.0,0.0,0.0,0.0,100.0,0.0,0.0,0.0,0.0,10.0,0.0,4.0,7,0,0.5550847457627118,58.0,29.0,0.0,0.0,0.0,0.0,2
216.0,5.0,0.9603837649403002,0.0,0.0,0.0,0.0,0.0,0.0,0.0,0.0,0.0,0.0,100.0,0.0,0.0,0.0,0.0,44.0,778.0,10.0,7,0,0.5550847457627118,104.17293314484334,83.0,0.0,0.0,0.0,0.0,2
170.0,9.0,1.808790638826972,0.0,0.0,0.0,0.0,0.0,0.0,0.0,0.0,0.0,0.0,99.86666666666666,0.0,0.0,0.0,0.0,70.0,1186.0,20.0,8,1,0.5550847457627118,93.11462470167255,125.5,0.0,0.0,0.0,0.0,2
152.0,9.0,1.2773888524859818,0.0,0.0,0.0,0.0,0.0,0.0,0.0,0.0,0.0,0.0,97.71428571428572,0.0,12.0,0.0,0.0,70.0,846.0,18.0,8,1,0.5550847457627118,41.58124577258356,163.5,0.0,0.0,0.0,0.0,2
44.0,3.0,0.9347698978552794,0.0,0.0,0.0,0.0,0.0,0.0,0.0,0.0,0.0,0.0,94.16666666666669,0.0,0.0,0.0,0.0,56.0,372.0,16.0,9,1,0.5550847457627118,72.83543093852056,145.5,0.0,0.0,0.0,0.0,4
64.0,6.0,1.4271654826968394,0.0,0.0,0.0,0.0,0.0,0.0,0.0,0.0,0.0,0.0,91.0,0.0,0.0,0.0,0.0,64.0,370.0,18.0,9,1,0.5550847457627118,62.74551776820395,107.5,0.0,0.0,0.0,0.0,4
60.0,4.0,1.303072397202696,0.0,0.0,0.0,0.0,0.0,0.0,0.0,0.0,0.0,0.0,86.13333333333334,0.0,0.0,0.0,0.0,62.0,1206.0,14.0,10,1,0.5550847457627118,48.77157642179166,80.0,0.0,0.0,0.0,0.0,4
36.0,3.0,0.933823851711722,0.0,0.0,0.0,0.0,0.0,0.0,0.0,0.0,0.0,0.0,79.57142857142857,0.0,0.0,0.0,0.0,12.0,124.0,8.0,10,1,0.5550847457627118,13.216151734399247,51.0,0.0,0.0,0.0,0.0,4
12.0,1.0,-1.000088900581841e-12,0.0,0.0,0.0,0.0,0.0,0.0,0.0,0.0,0.0,0.0,78.0,0.0,0.0,0.0,0.0,0.0,0.0,0.0,11,1,0.5550847457627118,24.083189157584545,43.0,0.0,0.0,0.0,0.0,4
36.0,2.0,0.4505612088643047,0.0,0.0,0.0,0.0,0.0,0.0,0.0,0.0,0.0,0.0,76.71428571428571,0.0,0.0,4.0,4.0,16.0,80.0,10.0,11,1,0.5550847457627118,19.595917942265363,36.0,0.0,0.0,0.0,0.0,4
54.0,4.0,1.1332476744493654,0.0,0.0,0.0,0.0,0.0,0.0,0.0,0.0,0.0,0.0,74.75,0.0,0.0,0.0,0.0,24.0,124.0,8.0,12,1,0.5550847457627118,17.233687939614015,34.5,0.0,0.0,0.0,0.0,4
82.0,4.0,1.0708171954278842,0.0,0.0,0.0,0.0,0.0,0.0,0.0,0.0,0.0,0.0,72.77777777777777,0.0,0.0,0.0,0.0,24.0,464.0,16.0,12,1,0.5550847457627118,29.52964612046676,46.0,0.0,0.0,0.0,0.0,3
120.0,2.0,0.2449300267926353,0.0,0.0,0.0,0.0,0.0,0.0,0.0,0.0,0.0,0.0,69.0909090909091,0.0,0.0,0.0,0.0,0.0,112.0,2.0,13,1,0.5550847457627118,36.60601043544622,73.0,0.0,0.0,0.0,0.0,3
128.0,6.0,1.4609794653042447,0.0,0.0,0.0,0.0,0.0,0.0,0.0,0.0,0.0,0.0,66.33333333333333,0.0,0.0,0.0,0.0,4.0,448.0,8.0,13,1,0.5550847457627118,34.44802848737013,96.0,0.0,0.0,0.0,0.0,3
50.0,3.0,1.068358338881637,0.0,0.0,0.0,0.0,0.0,0.0,0.0,0.0,0.0,0.0,62.77777777777778,0.0,0.0,0.0,0.0,8.0,418.0,12.0,14,1,0.5550847457627118,36.092473823037736,95.0,0.0,0.0,0.0,0.0,4
50.0,3.0,1.0512435186167397,0.0,0.0,0.0,0.0,0.0,0.0,0.0,0.0,0.0,0.0,59.75,0.0,0.0,0.0,0.0,16.0,220.0,6.0,14,1,0.5550847457627118,42.84857057125707,87.0,0.0,0.0,0.0,0.0,4
112.0,5.0,1.3572829104305884,0.0,0.0,0.0,0.0,0.0,0.0,0.0,0.0,0.0,0.0,56.76923076923077,0.0,0.0,0.0,0.0,30.0,368.0,2.0,15,1,0.5550847457627118,40.938978980917405,85.0,0.0,0.0,0.0,0.0,4
136.0,8.0,1.64854928818549,0.0,0.0,0.0,0.0,0.0,0.0,0.0,0.0,0.0,0.0,53.0,0.0,0.0,0.0,0.0,24.0,570.0,14.0,15,1,0.5550847457627118,43.83301647540733,87.0,0.0,0.0,0.0,0.0,4
20.0,3.0,0.8018185525403374,0.0,0.0,0.0,0.0,0.0,0.0,0.0,0.0,0.0,0.0,50.57142857142857,0.0,0.0,0.0,0.0,6.0,20.0,2.0,16,1,0.5550847457627118,53.72460640463856,79.5,0.0,0.0,0.0,0.0,4
14.0,1.0,-1.000088900581841e-12,0.0,0.0,0.0,0.0,0.0,0.0,0.0,0.0,0.0,0.0,49.16666666666666,0.0,0.0,0.0,0.0,18.0,0.0,4.0,16,1,0.5550847457627118,62.59659202650997,70.5,0.0,0.0,0.0,0.0,3
58.0,4.0,1.2197711868553411,0.0,0.0,0.0,0.0,0.0,0.0,0.0,0.0,0.0,0.0,47.0,0.0,0.0,0.0,0.0,26.0,94.0,10.0,17,1,0.5550847457627118,56.154548643305205,57.0,0.0,0.0,0.0,0.0,3
42.0,4.0,0.9759390643459374,0.0,0.0,0.0,0.0,0.0,0.0,0.0,0.0,0.0,0.0,45.142857142857146,0.0,0.0,0.0,0.0,18.0,178.0,14.0,17,1,0.5550847457627118,20.289570391377552,33.5,0.0,0.0,0.0,0.0,3
100.0,3.0,0.2651583725952932,0.0,0.0,0.0,0.0,0.0,0.0,0.0,0.0,0.0,0.0,40.44444444444444,0.0,0.0,0.0,0.0,0.0,520.0,0.0,18,1,0.5550847457627118,35.93976442141301,53.5,0.0,0.0,0.0,0.0,3
36.0,2.0,0.6869615765953234,0.0,0.0,0.0,0.0,0.0,0.0,0.0,0.0,0.0,0.0,34.714285714285715,0.0,0.0,0.0,0.0,6.0,126.0,10.0,18,1,0.5550847457627118,28.86751345948125,59.0,0.0,0.0,0.0,0.0,3
12.0,1.0,-1.000088900581841e-12,0.0,0.0,0.0,0.0,0.0,0.0,0.0,0.0,0.0,0.0,32.5,0.0,0.0,0.0,0.0,0.0,0.0,0.0,19,1,0.5550847457627118,37.32291521304302,47.5,0.0,0.0,0.0,0.0,3
18.0,1.0,-1.000088900581841e-12,0.0,0.0,0.0,0.0,0.0,0.0,0.0,0.0,0.0,0.0,30.714285714285715,0.0,0.0,0.0,0.0,18.0,4.0,4.0,19,1,0.5550847457627118,40.31128874149272,41.5,0.0,0.0,0.0,0.0,3
54.0,4.0,1.1652123491662298,0.0,0.0,0.0,0.0,0.0,0.0,0.0,0.0,0.0,0.0,27.375,0.0,0.0,0.0,0.0,12.0,120.0,2.0,20,1,0.5550847457627118,18.97366596101022,30.0,0.0,0.0,0.0,0.0,3
66.0,6.0,1.639329423036388,0.0,0.0,0.0,0.0,0.0,0.0,0.0,0.0,0.0,0.0,23.0,0.0,2.0,0.0,0.0,12.0,232.0,6.0,20,1,0.5550847457627118,26.551836094703468,37.5,0.0,0.0,0.0,0.0,3
20.0,2.0,0.6108643020528935,0.0,0.0,0.0,0.0,0.0,0.0,0.0,0.0,0.0,0.0,20.666666666666668,0.0,0.0,0.0,0.0,4.0,4.0,2.0,21,0,0.5550847457627118,24.186773244895605,39.5,0.0,0.0,0.0,0.0,3
380.0,4.0,0.3036257783425622,0.0,0.0,0.0,0.0,0.0,0.0,0.0,0.0,0.0,8.0,27.1,0.0,0.0,0.0,0.0,10.0,64.0,4.0,21,0,0.5550847457627118,167.80146999753407,130.0,0.0,0.0,0.0,0.0,3
716.0,4.0,0.9091063894491742,0.0,0.0,0.0,0.0,0.0,0.0,0.0,0.0,0.0,0.0,58.4,0.0,0.0,0.0,0.0,4.0,536.0,2.0,22,0,0.5550847457627118,322.7646201181288,295.5,0.0,0.0,0.0,0.0,3
488.0,4.0,0.7399356603932885,0.0,0.0,0.0,0.0,0.0,0.0,0.0,0.0,0.0,0.0,88.81818181818181,0.0,0.0,2.0,2.0,0.0,284.0,0.0,22,0,0.5550847457627118,290.0551671665237,401.0,0.0,0.0,0.0,0.0,3
718.0,1.0,-1.000088900581841e-12,0.0,0.0,0.0,0.0,0.0,0.0,0.0,0.0,0.0,0.0,98.13333333333334,0.0,0.0,0.0,0.0,0.0,0.0,0.0,23,0,0.5550847457627118,169.23652088128023,575.5,0.0,0.0,0.0,0.0,3
138.0,1.0,-1.000088900581841e-12,0.0,0.0,0.0,0.0,0.0,0.0,0.0,0.0,0.0,0.0,100.0,0.0,0.0,0.0,0.0,0.0,0.0,0.0,23,0,0.5550847457627118,273.53732225542217,515.0,0.0,0.0,0.0,0.0,3
0.0,0.0,0.0,0.0,0.0,0.0,0.0,0.0,0.0,0.0,0.0,0.0,0.0,100.0,0.0,0.0,0.0,0.0,0.0,0.0,0.0,0,0,0.5550847457627118,327.1737560787336,336.0,0.0,0.0,0.0,0.0,2
0.0,0.0,0.0,0.0,0.0,0.0,0.0,0.0,0.0,0.0,0.0,0.0,0.0,100.0,0.0,0.0,0.0,0.0,0.0,0.0,0.0,0,0,0.5550847457627118,342.239682094289,214.0,0.0,0.0,0.0,0.0,2
0.0,0.0,0.0,0.0,0.0,0.0,0.0,0.0,0.0,0.0,0.0,0.0,0.0,100.0,0.0,0.0,0.0,0.0,0.0,0.0,0.0,1,0,0.5550847457627118,69.0,34.5,0.0,0.0,0.0,0.0,2
0.0,0.0,0.0,0.0,0.0,0.0,0.0,0.0,0.0,0.0,0.0,0.0,0.0,100.0,0.0,0.0,0.0,0.0,0.0,0.0,0.0,1,0,0.5550847457627118,0.0,0.0,0.0,0.0,0.0,0.0,2
0.0,0.0,0.0,0.0,0.0,0.0,0.0,0.0,0.0,0.0,0.0,0.0,0.0,100.0,0.0,0.0,0.0,0.0,0.0,0.0,0.0,2,0,0.5550847457627118,0.0,0.0,0.0,0.0,0.0,0.0,2
0.0,0.0,0.0,0.0,0.0,0.0,0.0,0.0,0.0,0.0,0.0,0.0,0.0,100.0,0.0,0.0,0.0,0.0,0.0,0.0,0.0,2,0,0.5550847457627118,0.0,0.0,0.0,0.0,0.0,0.0,2
0.0,0.0,0.0,0.0,0.0,0.0,0.0,0.0,0.0,0.0,0.0,0.0,0.0,100.0,0.0,0.0,0.0,0.0,0.0,0.0,0.0,3,0,0.5550847457627118,0.0,0.0,0.0,0.0,0.0,0.0,2
0.0,0.0,0.0,0.0,0.0,0.0,0.0,0.0,0.0,0.0,0.0,0.0,0.0,100.0,0.0,0.0,0.0,0.0,0.0,0.0,0.0,3,0,0.5550847457627118,0.0,0.0,0.0,0.0,0.0,0.0,2
0.0,0.0,0.0,0.0,0.0,0.0,0.0,0.0,0.0,0.0,0.0,0.0,0.0,100.0,0.0,0.0,0.0,0.0,0.0,0.0,0.0,4,0,0.5550847457627118,0.0,0.0,0.0,0.0,0.0,0.0,2
0.0,0.0,0.0,0.0,0.0,0.0,0.0,0.0,0.0,0.0,0.0,0.0,0.0,100.0,0.0,0.0,0.0,0.0,0.0,0.0,0.0,4,0,0.5550847457627118,0.0,0.0,0.0,0.0,0.0,0.0,2
0.0,0.0,0.0,0.0,0.0,0.0,0.0,0.0,0.0,0.0,0.0,0.0,0.0,100.0,0.0,0.0,0.0,0.0,0.0,0.0,0.0,5,0,0.5550847457627118,0.0,0.0,0.0,0.0,0.0,0.0,2
0.0,0.0,0.0,0.0,0.0,0.0,0.0,0.0,0.0,0.0,0.0,0.0,0.0,100.0,0.0,0.0,0.0,0.0,0.0,0.0,0.0,5,0,0.5550847457627118,0.0,0.0,0.0,0.0,0.0,0.0,2
0.0,0.0,0.0,0.0,0.0,0.0,0.0,0.0,0.0,0.0,0.0,0.0,0.0,100.0,0.0,0.0,0.0,0.0,0.0,0.0,0.0,6,0,0.5550847457627118,0.0,0.0,0.0,0.0,0.0,0.0,2
0.0,0.0,0.0,0.0,0.0,0.0,0.0,0.0,0.0,0.0,0.0,0.0,0.0,100.0,0.0,0.0,0.0,0.0,0.0,0.0,0.0,6,0,0.5550847457627118,0.0,0.0,0.0,0.0,0.0,0.0,2
0.0,0.0,0.0,0.0,0.0,0.0,0.0,0.0,0.0,0.0,0.0,0.0,0.0,100.0,0.0,0.0,0.0,0.0,0.0,0.0,0.0,7,0,0.5550847457627118,0.0,0.0,0.0,0.0,0.0,0.0,2
154.0,7.0,1.5527771926882286,0.0,0.0,0.0,0.0,0.0,0.0,0.0,0.0,0.0,0.0,100.0,0.0,0.0,0.0,0.0,26.0,816.0,12.0,7,0,0.5550847457627118,77.0,38.5,0.0,0.0,0.0,0.0,2
56.0,4.0,1.163260553178097,0.0,0.0,0.0,0.0,0.0,0.0,0.0,0.0,0.0,0.0,100.0,0.0,0.0,0.0,0.0,24.0,298.0,6.0,8,1,0.5550847457627118,72.63378460927578,52.5,0.0,0.0,0.0,0.0,2
12.0,1.0,-1.000088900581841e-12,0.0,0.0,0.0,0.0,0.0,0.0,0.0,0.0,0.0,0.0,99.66666666666669,0.0,0.0,0.0,0.0,12.0,0.0,0.0,8,1,0.5550847457627118,69.94045086119095,55.5,0.0,0.0,0.0,0.0,4
134.0,6.0,1.067609666635386,0.0,0.0,0.0,0.0,0.0,0.0,0.0,0.0,0.0,0.0,97.78571428571428,0.0,0.0,0.0,0.0,36.0,458.0,12.0,9,1,0.5550847457627118,66.50313275828941,89.0,0.0,0.0,0.0,0.0,3
140.0,3.0,0.1495448998752839,0.0,0.0,0.0,0.0,0.0,0.0,0.0,0.0,0.0,0.0,92.66666666666669,0.0,0.0,0.0,0.0,24.0,290.0,10.0,9,1,0.5550847457627118,62.16912416947821,85.5,0.0,0.0,0.0,0.0,3
116.0,2.0,0.4315772208298214,0.0,0.0,0.0,0.0,0.0,0.0,0.0,0.0,0.0,0.0,86.63636363636364,0.0,0.0,0.0,0.0,6.0,122.0,0.0,10,1,0.5550847457627118,59.87486951969081,100.5,0.0,0.0,0.0,0.0,3
40.0,2.0,0.6474466390326326,0.0,0.0,0.0,0.0,0.0,0.0,0.0,0.0,0.0,0.0,84.375,0.0,0.0,0.0,0.0,18.0,32.0,4.0,10,1,0.5550847457627118,46.14108798023731,107.5,0.0,0.0,0.0,0.0,2
58.0,2.0,0.3325942143098925,0.0,0.0,0.0,0.0,0.0,0.0,0.0,0.0,0.0,0.0,82.125,0.0,0.0,0.0,0.0,0.0,2.0,0.0,11,1,0.5550847457627118,47.22640504350648,88.5,0.0,0.0,0.0,0.0,2
46.0,4.0,0.9875507841546048,0.0,0.0,0.0,0.0,0.0,0.0,0.0,0.0,0.0,0.0,80.25,0.0,0.0,0.0,0.0,30.0,168.0,2.0,11,1,0.5550847457627118,34.813790371058424,65.0,0.0,0.0,0.0,0.0,2
18.0,2.0,0.5297061990556545,0.0,0.0,0.0,0.0,0.0,0.0,0.0,0.0,0.0,0.0,79.16666666666667,0.0,0.0,0.0,0.0,6.0,52.0,8.0,12,1,0.5550847457627118,16.76305461424021,40.5,0.0,0.0,0.0,0.0,2
38.0,2.0,0.6236548495661085,0.0,0.0,0.0,0.0,0.0,0.0,0.0,0.0,0.0,0.0,77.85714285714286,0.0,0.0,0.0,0.0,12.0,110.0,2.0,12,1,0.5550847457627118,16.812693617224657,40.0,0.0,0.0,0.0,0.0,2
42.0,2.0,0.5488743844829944,0.0,0.0,0.0,0.0,0.0,0.0,0.0,0.0,0.0,0.0,76.85714285714286,0.0,0.0,0.0,0.0,24.0,370.0,20.0,13,1,0.5550847457627118,12.43650540411842,36.0,0.0,0.0,0.0,0.0,2
226.0,3.0,0.5654043153196447,0.0,0.0,0.0,0.0,0.0,0.0,0.0,0.0,0.0,0.0,73.63157894736842,0.0,0.0,0.0,0.0,60.0,762.0,22.0,13,1,0.5550847457627118,97.23511025687516,81.0,0.0,0.0,0.0,0.0,2
12.0,1.0,-1.000088900581841e-12,0.0,0.0,0.0,0.0,0.0,0.0,0.0,0.0,0.0,0.0,70.16666666666667,0.0,0.0,0.0,0.0,0.0,0.0,0.0,14,1,0.5550847457627118,98.5680813786424,79.5,0.0,0.0,0.0,0.0,2
102.0,3.0,0.9735931277091352,0.0,0.0,0.0,0.0,0.0,0.0,0.0,0.0,0.0,0.0,68.36363636363636,0.0,0.0,0.0,0.0,42.0,180.0,8.0,14,1,0.5550847457627118,94.7048045243746,95.5,0.0,0.0,0.0,0.0,2
102.0,3.0,0.9138662361759922,0.0,0.0,0.0,0.0,0.0,0.0,0.0,0.0,0.0,0.0,66.11111111111111,0.0,0.0,0.0,0.0,18.0,226.0,8.0,15,1,0.5550847457627118,87.91473141629906,110.5,0.0,0.0,0.0,0.0,2
120.0,4.0,0.9453497027206572,0.0,0.0,0.0,0.0,0.0,0.0,0.0,0.0,0.0,0.0,64.0,0.0,0.0,0.0,0.0,24.0,80.0,10.0,15,1,0.5550847457627118,48.74423042781578,84.0,0.0,0.0,0.0,0.0,2
40.0,3.0,1.0486537893563546,0.0,0.0,0.0,0.0,0.0,0.0,0.0,0.0,0.0,0.0,61.55555555555556,0.0,0.0,0.0,0.0,18.0,216.0,14.0,16,1,0.5550847457627118,35.04283093587048,91.0,0.0,0.0,0.0,0.0,2
100.0,5.0,1.414456559230519,0.0,0.0,0.0,0.0,0.0,0.0,0.0,0.0,0.0,0.0,59.6,0.0,0.0,0.0,0.0,42.0,372.0,12.0,16,1,0.5550847457627118,34.847285881878015,90.5,0.0,0.0,0.0,0.0,2
176.0,9.0,1.4930497219889638,0.0,0.0,0.0,0.0,0.0,0.0,0.0,0.0,0.0,0.0,55.8125,0.0,0.0,0.0,0.0,60.0,424.0,14.0,17,1,0.5550847457627118,56.13079962611141,109.0,0.0,0.0,0.0,0.0,2
80.0,4.0,0.9224755544180718,0.0,0.0,0.0,0.0,0.0,0.0,0.0,0.0,0.0,0.0,52.333333333333336,0.0,4.0,0.0,0.0,72.0,206.0,22.0,17,1,0.5550847457627118,57.07305260219865,99.0,0.0,0.0,0.0,0.0,2
86.0,2.0,0.5686327461479967,0.0,0.0,0.0,0.0,0.0,0.0,0.0,0.0,0.0,0.0,49.85714285714285,0.0,0.0,0.0,0.0,36.0,152.0,8.0,18,1,0.5550847457627118,44.46346815083143,110.5,0.0,0.0,0.0,0.0,2
108.0,3.0,0.4195558923172333,0.0,0.0,0.0,0.0,0.0,0.0,0.0,0.0,0.0,0.0,47.25,0.0,0.0,0.0,0.0,6.0,432.0,2.0,18,1,0.5550847457627118,44.01136216933079,112.5,0.0,0.0,0.0,0.0,2
92.0,2.0,0.2954391918701161,0.0,0.0,0.0,0.0,0.0,0.0,0.0,0.0,0.0,0.0,43.77777777777778,0.0,0.0,0.0,0.0,0.0,514.0,4.0,19,1,0.5550847457627118,12.041594578792337,91.5,0.0,0.0,0.0,0.0,2
108.0,4.0,1.3228047323353298,0.0,0.0,0.0,0.0,0.0,0.0,0.0,0.0,0.0,0.0,40.63636363636363,0.0,0.0,0.0,4.0,48.0,422.0,16.0,19,1,0.5550847457627118,11.239810200058288,98.5,0.0,0.0,0.0,0.0,2
12.0,1.0,-1.000088900581841e-12,0.0,0.0,0.0,0.0,0.0,0.0,0.0,0.0,0.0,0.0,38.66666666666666,0.0,0.0,0.0,0.0,0.0,42.0,2.0,20,1,0.5550847457627118,45.95650117230424,80.0,0.0,0.0,0.0,0.0,2
16.0,1.0,-1.000088900581841e-12,0.0,0.0,0.0,0.0,0.0,0.0,0.0,0.0,0.0,0.0,37.16666666666666,0.0,0.0,0.0,0.0,6.0,0.0,0.0,20,1,0.5550847457627118,50.10655313096949,57.0,0.0,0.0,0.0,0.0,2
12.0,1.0,-1.000088900581841e-12,0.0,0.0,0.0,0.0,0.0,0.0,0.0,0.0,0.0,0.0,36.0,0.0,0.0,0.0,0.0,6.0,0.0,0.0,21,0,0.5550847457627118,47.370877129308056,37.0,0.0,0.0,0.0,0.0,2
0.0,0.0,0.0,0.0,0.0,0.0,0.0,0.0,0.0,0.0,0.0,0.0,0.0,35.166666666666664,4.0,0.0,0.0,0.0,0.0,0.0,0.0,21,0,0.5550847457627118,6.928203230275582,10.0,0.0,0.0,0.0,0.0,2
24.0,1.0,-1.000088900581841e-12,0.0,0.0,0.0,0.0,0.0,0.0,0.0,0.0,0.0,0.0,34.285714285714285,0.0,0.0,0.0,0.0,12.0,0.0,4.0,22,0,0.5550847457627118,10.00000000000005,13.0,0.0,0.0,0.0,0.0,2
372.0,8.0,1.361095863987316,0.0,0.0,0.0,0.0,0.0,0.0,0.0,0.0,0.0,6.0,35.15,0.0,0.0,0.0,0.0,18.0,1732.0,4.0,22,0,0.5550847457627118,180.2664694279,102.0,0.0,0.0,0.0,0.0,2
488.0,5.0,0.910546250150343,0.0,0.0,0.0,0.0,0.0,0.0,0.0,0.0,0.0,0.0,63.09090909090909,0.0,0.0,6.0,0.0,0.0,716.0,0.0,23,0,0.5550847457627118,246.13004692641653,221.0,0.0,0.0,0.0,0.0,2
716.0,1.0,-1.000088900581841e-12,0.0,0.0,0.0,0.0,0.0,0.0,0.0,0.0,0.0,0.0,87.73333333333333,0.0,0.0,0.0,0.0,0.0,0.0,0.0,23,0,0.5550847457627118,288.5365372588597,400.0,0.0,0.0,0.0,0.0,2
152.0,1.0,-1.000088900581841e-12,0.0,0.0,0.0,0.0,0.0,0.0,0.0,0.0,0.0,0.0,97.7,0.0,0.0,0.0,0.0,0.0,0.0,0.0,0,0,0.5550847457627118,235.0829640786418,432.0,0.0,0.0,0.0,0.0,2
0.0,0.0,0.0,0.0,0.0,0.0,0.0,0.0,0.0,0.0,0.0,0.0,0.0,100.0,0.0,0.0,0.0,0.0,0.0,0.0,0.0,0,0,0.5550847457627118,323.6355975476122,339.0,0.0,0.0,0.0,0.0,2
0.0,0.0,0.0,0.0,0.0,0.0,0.0,0.0,0.0,0.0,0.0,0.0,0.0,100.0,0.0,0.0,0.0,0.0,0.0,0.0,0.0,1,0,0.5550847457627118,340.2959496281631,217.0,0.0,0.0,0.0,0.0,2
0.0,0.0,0.0,0.0,0.0,0.0,0.0,0.0,0.0,0.0,0.0,0.0,0.0,100.0,0.0,0.0,0.0,0.0,0.0,0.0,0.0,1,0,0.5550847457627118,75.99999999999991,38.0,0.0,0.0,0.0,0.0,2
0.0,0.0,0.0,0.0,0.0,0.0,0.0,0.0,0.0,0.0,0.0,0.0,0.0,100.0,0.0,0.0,0.0,0.0,0.0,0.0,0.0,2,0,0.5550847457627118,0.0,0.0,0.0,0.0,0.0,0.0,2
0.0,0.0,0.0,0.0,0.0,0.0,0.0,0.0,0.0,0.0,0.0,0.0,0.0,100.0,0.0,0.0,0.0,0.0,0.0,0.0,0.0,2,0,0.5550847457627118,0.0,0.0,0.0,0.0,0.0,0.0,2
0.0,0.0,0.0,0.0,0.0,0.0,0.0,0.0,0.0,0.0,0.0,0.0,0.0,100.0,0.0,0.0,0.0,0.0,0.0,0.0,0.0,3,0,0.5550847457627118,0.0,0.0,0.0,0.0,0.0,0.0,2
0.0,0.0,0.0,0.0,0.0,0.0,0.0,0.0,0.0,0.0,0.0,0.0,0.0,100.0,0.0,0.0,0.0,0.0,0.0,0.0,0.0,3,0,0.5550847457627118,0.0,0.0,0.0,0.0,0.0,0.0,2
0.0,0.0,0.0,0.0,0.0,0.0,0.0,0.0,0.0,0.0,0.0,0.0,0.0,100.0,0.0,0.0,0.0,0.0,0.0,0.0,0.0,4,0,0.5550847457627118,0.0,0.0,0.0,0.0,0.0,0.0,2
0.0,0.0,0.0,0.0,0.0,0.0,0.0,0.0,0.0,0.0,0.0,0.0,0.0,100.0,0.0,0.0,0.0,0.0,0.0,0.0,0.0,4,0,0.5550847457627118,0.0,0.0,0.0,0.0,0.0,0.0,2
0.0,0.0,0.0,0.0,0.0,0.0,0.0,0.0,0.0,0.0,0.0,0.0,0.0,100.0,0.0,0.0,0.0,0.0,0.0,0.0,0.0,5,0,0.5550847457627118,0.0,0.0,0.0,0.0,0.0,0.0,2
0.0,0.0,0.0,0.0,0.0,0.0,0.0,0.0,0.0,0.0,0.0,0.0,0.0,100.0,0.0,0.0,0.0,0.0,0.0,0.0,0.0,5,0,0.5550847457627118,0.0,0.0,0.0,0.0,0.0,0.0,2
0.0,0.0,0.0,0.0,0.0,0.0,0.0,0.0,0.0,0.0,0.0,0.0,0.0,100.0,0.0,0.0,0.0,0.0,0.0,0.0,0.0,6,0,0.5550847457627118,0.0,0.0,0.0,0.0,0.0,0.0,2
0.0,0.0,0.0,0.0,0.0,0.0,0.0,0.0,0.0,0.0,0.0,0.0,0.0,100.0,0.0,0.0,0.0,0.0,0.0,0.0,0.0,6,0,0.5550847457627118,0.0,0.0,0.0,0.0,0.0,0.0,2
0.0,0.0,0.0,0.0,0.0,0.0,0.0,0.0,0.0,0.0,0.0,0.0,0.0,100.0,0.0,0.0,0.0,0.0,0.0,0.0,0.0,7,0,0.5550847457627118,0.0,0.0,0.0,0.0,0.0,0.0,2
240.0,7.0,1.6511165180449217,0.0,0.0,0.0,0.0,0.0,0.0,0.0,0.0,0.0,0.0,100.0,0.0,0.0,0.0,0.0,44.0,1314.0,14.0,7,0,0.5550847457627118,119.99999999999994,60.0,0.0,0.0,0.0,0.0,2
178.0,6.0,1.432273533443202,0.0,0.0,0.0,0.0,0.0,0.0,0.0,0.0,0.0,0.0,98.21428571428572,0.0,6.0,0.0,0.0,70.0,696.0,20.0,8,1,0.5550847457627118,123.29233552820703,104.5,0.0,0.0,0.0,0.0,2
48.0,2.0,0.5623351446168083,0.0,0.0,0.0,0.0,0.0,0.0,0.0,0.0,0.0,0.0,95.22222222222224,0.0,0.0,0.0,8.0,32.0,276.0,12.0,8,1,0.5550847457627118,111.50336317797766,116.5,0.0,0.0,0.0,0.0,2
58.0,3.0,1.0901154415641217,0.0,0.0,0.0,0.0,0.0,0.0,0.0,0.0,0.0,0.0,93.57142857142856,0.0,0.0,0.0,0.0,48.0,594.0,10.0,9,1,0.5550847457627118,93.64471866225728,131.0,0.0,0.0,0.0,0.0,2
40.0,2.0,0.6931471805579453,0.0,0.0,0.0,0.0,0.0,0.0,0.0,0.0,0.0,0.0,91.25,0.0,8.0,8.0,4.0,32.0,44.0,14.0,9,1,0.5550847457627118,65.08456038109182,81.0,0.0,0.0,0.0,0.0,2
38.0,1.0,-1.000088900581841e-12,0.0,0.0,0.0,0.0,0.0,0.0,0.0,0.0,0.0,0.0,89.57142857142857,0.0,0.0,0.0,0.0,56.0,0.0,4.0,10,1,0.5550847457627118,9.09212113132316,46.0,0.0,0.0,0.0,0.0,2
20.0,2.0,0.3250829733894482,0.0,0.0,0.0,0.0,0.0,0.0,0.0,0.0,0.0,0.0,88.28571428571429,0.0,0.0,0.0,0.0,16.0,6.0,4.0,10,1,0.5550847457627118,15.534906930307622,39.0,0.0,0.0,0.0,0.0,2
70.0,5.0,1.1948165359769105,0.0,0.0,0.0,0.0,0.0,0.0,0.0,0.0,0.0,0.0,86.18181818181819,0.0,0.0,0.0,0.0,80.0,136.0,8.0,11,1,0.5550847457627118,20.72036035722641,42.0,0.0,0.0,0.0,0.0,2
16.0,1.0,-1.000088900581841e-12,0.0,0.0,0.0,0.0,0.0,0.0,0.0,0.0,0.0,0.0,84.14285714285714,0.0,0.0,0.0,0.0,8.0,4.0,0.0,11,1,0.5550847457627118,24.603522782994304,36.0,0.0,0.0,0.0,0.0,2
52.0,2.0,0.1630236294923659,0.0,0.0,0.0,0.0,0.0,0.0,0.0,0.0,0.0,0.0,82.25,0.0,0.0,0.0,0.0,56.0,0.0,12.0,12,1,0.5550847457627118,25.94224354214544,39.5,0.0,0.0,0.0,0.0,2
58.0,2.0,0.5526646224924002,0.0,0.0,0.0,0.0,0.0,0.0,0.0,0.0,0.0,0.0,80.125,0.0,0.0,0.0,0.0,16.0,312.0,4.0,12,1,0.5550847457627118,23.23790007724421,49.0,0.0,0.0,0.0,0.0,2
278.0,9.0,1.7187254125666194,0.0,0.0,0.0,0.0,0.0,0.0,0.0,0.0,0.0,0.0,76.84210526315789,0.0,0.0,0.0,0.0,80.0,1202.0,22.0,13,1,0.5550847457627118,119.44873377311283,101.0,0.0,0.0,0.0,0.0,2
116.0,8.0,1.7682653438670468,0.0,0.0,0.0,0.0,0.0,0.0,0.0,0.0,0.0,0.0,72.07142857142857,0.0,0.0,0.0,0.0,66.0,644.0,6.0,13,1,0.5550847457627118,105.3628650584888,126.0,0.0,0.0,0.0,0.0,2
18.0,1.0,-1.000088900581841e-12,0.0,0.0,0.0,0.0,0.0,0.0,0.0,0.0,0.0,0.0,69.83333333333333,0.0,0.0,0.0,0.0,10.0,108.0,20.0,14,1,0.5550847457627118,114.31389533502326,117.5,0.0,0.0,0.0,0.0,2
44.0,3.0,0.7088329479913612,0.0,0.0,0.0,0.0,0.0,0.0,0.0,0.0,0.0,0.0,66.66666666666667,0.0,0.0,0.0,0.0,20.0,324.0,8.0,14,1,0.5550847457627118,116.92732785794767,114.0,0.0,0.0,0.0,0.0,2
100.0,5.0,1.2493321166851783,0.0,0.0,0.0,0.0,0.0,0.0,0.0,0.0,0.0,0.0,63.36363636363637,0.0,0.0,0.0,0.0,20.0,676.0,10.0,15,1,0.5550847457627118,46.16997581401417,69.5,0.0,0.0,0.0,0.0,2
44.0,2.0,0.6765259604914999,0.0,0.0,0.0,0.0,0.0,0.0,0.0,0.0,0.0,0.0,60.5,0.0,0.0,0.0,0.0,20.0,178.0,4.0,15,1,0.5550847457627118,34.578413304642154,51.5,0.0,0.0,0.0,0.0,2
50.0,2.0,0.6730116670072565,0.0,0.0,0.0,0.0,0.0,0.0,0.0,0.0,0.0,0.0,58.71428571428572,0.0,0.0,0.0,0.0,30.0,216.0,4.0,16,1,0.5550847457627118,27.14774392099622,59.5,0.0,0.0,0.0,0.0,2
30.0,4.0,1.083255010514509,0.0,0.0,0.0,0.0,0.0,0.0,0.0,0.0,0.0,0.0,56.42857142857143,0.0,0.0,0.0,0.0,20.0,204.0,10.0,16,1,0.5550847457627118,30.50682983639325,56.0,0.0,0.0,0.0,0.0,2
98.0,4.0,1.212315611804272,0.0,0.0,0.0,0.0,0.0,0.0,0.0,0.0,0.0,0.0,52.44444444444444,0.0,0.0,0.0,0.0,60.0,224.0,8.0,17,1,0.5550847457627118,29.54657340538809,55.5,0.0,0.0,0.0,0.0,2
138.0,5.0,1.3986916126693911,0.0,0.0,0.0,0.0,0.0,0.0,0.0,0.0,0.0,0.0,48.53333333333333,0.0,8.0,10.0,0.0,140.0,822.0,24.0,17,1,0.5550847457627118,48.59355238437833,79.0,0.0,0.0,0.0,0.0,2
86.0,5.0,1.0685594068357835,0.0,0.0,0.0,0.0,0.0,0.0,0.0,0.0,0.0,0.0,44.91666666666666,0.0,0.0,0.0,0.0,130.0,200.0,22.0,18,1,0.5550847457627118,44.6019431564738,88.0,0.0,0.0,0.0,0.0,2
54.0,4.0,1.2425803885728055,0.0,0.0,0.0,0.0,0.0,0.0,0.0,0.0,0.0,0.0,42.125,0.0,0.0,0.0,8.0,40.0,722.0,16.0,18,1,0.5550847457627118,34.71791084344391,94.0,0.0,0.0,0.0,0.0,2
50.0,3.0,0.6004829082428255,0.0,0.0,0.0,0.0,0.0,0.0,0.0,0.0,0.0,0.0,40.0,0.0,0.0,0.0,0.0,28.0,482.0,8.0,19,1,0.5550847457627118,40.66120181860492,82.0,0.0,0.0,0.0,0.0,2
12.0,1.0,-1.000088900581841e-12,0.0,0.0,0.0,0.0,0.0,0.0,0.0,0.0,0.0,0.0,38.5,0.0,0.0,0.0,0.0,0.0,0.0,0.0,19,1,0.5550847457627118,30.304015135511666,50.5,0.0,0.0,0.0,0.0,2
66.0,4.0,1.1393889595834992,0.0,0.0,0.0,0.0,0.0,0.0,0.0,0.0,0.0,0.0,37.0,6.0,0.0,0.0,0.0,10.0,434.0,4.0,20,1,0.5550847457627118,23.34523505985722,45.5,0.0,0.0,0.0,0.0,2
68.0,3.0,0.7280599982510761,0.0,0.0,0.0,0.0,0.0,0.0,0.0,0.0,0.0,0.0,34.72727272727273,0.0,0.0,0.0,0.0,30.0,340.0,0.0,20,1,0.5550847457627118,25.94866727470449,49.0,0.0,0.0,0.0,0.0,2
12.0,1.0,-1.000088900581841e-12,0.0,0.0,0.0,0.0,0.0,0.0,0.0,0.0,0.0,0.0,32.666666666666664,0.0,0.0,0.0,0.0,0.0,16.0,4.0,21,0,0.5550847457627118,31.76476034853697,39.5,0.0,0.0,0.0,0.0,2
12.0,1.0,-1.000088900581841e-12,0.0,0.0,0.0,0.0,0.0,0.0,0.0,0.0,0.0,0.0,31.83333333333333,0.0,0.0,0.0,0.0,10.0,0.0,0.0,21,0,0.5550847457627118,31.76476034853697,39.5,0.0,0.0,0.0,0.0,2
120.0,3.0,0.963746130853582,0.0,0.0,0.0,0.0,0.0,0.0,0.0,0.0,0.0,0.0,30.25,6.0,0.0,0.0,0.0,30.0,594.0,8.0,22,0,0.5550847457627118,51.88448708429127,53.0,0.0,0.0,0.0,0.0,2
516.0,3.0,0.547595316697522,0.0,0.0,0.0,0.0,0.0,0.0,0.0,0.0,0.0,10.0,33.46153846153846,0.0,0.0,10.0,0.0,10.0,328.0,0.0,22,0,0.5550847457627118,239.47442452170125,165.0,0.0,0.0,0.0,0.0,2
714.0,1.0,-1.000088900581841e-12,0.0,0.0,0.0,0.0,0.0,0.0,0.0,0.0,0.0,0.0,66.33333333333333,0.0,0.0,0.0,0.0,0.0,0.0,0.0,23,0,0.5550847457627118,330.06817477606046,340.5,0.0,0.0,0.0,0.0,2
298.0,1.0,-1.000088900581841e-12,0.0,0.0,0.0,0.0,0.0,0.0,0.0,0.0,0.0,0.0,89.73333333333333,0.0,0.0,0.0,0.0,0.0,0.0,0.0,23,0,0.5550847457627118,258.37956575549856,412.0,0.0,0.0,0.0,0.0,2
0.0,0.0,0.0,0.0,0.0,0.0,0.0,0.0,0.0,0.0,0.0,0.0,0.0,98.3,0.0,0.0,0.0,0.0,0.0,0.0,0.0,0,0,0.5550847457627118,306.1372241332308,382.0,0.0,0.0,0.0,0.0,2
270.0,3.0,0.381028190634937,0.0,0.0,0.0,0.0,0.0,0.0,0.0,0.0,0.0,0.0,100.0,0.0,0.0,0.0,0.0,10.0,188.0,4.0,0,0,0.5550847457627118,294.7422602885443,320.5,0.0,0.0,0.0,0.0,2
264.0,1.0,-1.000088900581841e-12,0.0,0.0,0.0,0.0,0.0,0.0,0.0,0.0,0.0,0.0,100.0,0.0,0.0,0.0,0.0,0.0,0.0,0.0,1,0,0.5550847457627118,139.45608627808255,208.0,0.0,0.0,0.0,0.0,2
96.0,1.0,-1.000088900581841e-12,0.0,0.0,0.0,0.0,0.0,0.0,0.0,0.0,0.0,0.0,100.0,0.0,0.0,0.0,0.0,0.0,0.0,0.0,1,0,0.5550847457627118,132.39712987825683,157.5,0.0,0.0,0.0,0.0,2
0.0,0.0,0.0,0.0,0.0,0.0,0.0,0.0,0.0,0.0,0.0,0.0,0.0,100.0,0.0,0.0,0.0,0.0,10.0,0.0,0.0,2,0,0.5550847457627118,132.39712987825683,157.5,0.0,0.0,0.0,0.0,2
0.0,0.0,0.0,0.0,0.0,0.0,0.0,0.0,0.0,0.0,0.0,0.0,0.0,100.0,0.0,0.0,0.0,0.0,10.0,0.0,0.0,2,0,0.5550847457627118,124.51505933018709,90.0,0.0,0.0,0.0,0.0,2
0.0,0.0,0.0,0.0,0.0,0.0,0.0,0.0,0.0,0.0,0.0,0.0,0.0,100.0,0.0,0.0,0.0,0.0,0.0,0.0,0.0,3,0,0.5550847457627118,48.00000000000008,24.0,0.0,0.0,0.0,0.0,2
0.0,0.0,0.0,0.0,0.0,0.0,0.0,0.0,0.0,0.0,0.0,0.0,0.0,100.0,0.0,0.0,0.0,0.0,0.0,0.0,0.0,3,0,0.5550847457627118,0.0,0.0,0.0,0.0,0.0,0.0,2
0.0,0.0,0.0,0.0,0.0,0.0,0.0,0.0,0.0,0.0,0.0,0.0,0.0,100.0,0.0,0.0,0.0,0.0,0.0,0.0,0.0,4,0,0.5550847457627118,0.0,0.0,0.0,0.0,0.0,0.0,2
0.0,0.0,0.0,0.0,0.0,0.0,0.0,0.0,0.0,0.0,0.0,0.0,0.0,100.0,0.0,0.0,0.0,0.0,0.0,0.0,0.0,4,0,0.5550847457627118,0.0,0.0,0.0,0.0,0.0,0.0,2
0.0,0.0,0.0,0.0,0.0,0.0,0.0,0.0,0.0,0.0,0.0,0.0,0.0,100.0,0.0,0.0,0.0,0.0,0.0,0.0,0.0,5,0,0.5550847457627118,0.0,0.0,0.0,0.0,0.0,0.0,2
0.0,0.0,0.0,0.0,0.0,0.0,0.0,0.0,0.0,0.0,0.0,0.0,0.0,100.0,0.0,0.0,0.0,0.0,0.0,0.0,0.0,5,0,0.5550847457627118,0.0,0.0,0.0,0.0,0.0,0.0,2
0.0,0.0,0.0,0.0,0.0,0.0,0.0,0.0,0.0,0.0,0.0,0.0,0.0,100.0,0.0,0.0,0.0,0.0,0.0,0.0,0.0,6,0,0.5550847457627118,0.0,0.0,0.0,0.0,0.0,0.0,2
0.0,0.0,0.0,0.0,0.0,0.0,0.0,0.0,0.0,0.0,0.0,0.0,0.0,100.0,0.0,0.0,0.0,0.0,0.0,0.0,0.0,6,0,0.5550847457627118,0.0,0.0,0.0,0.0,0.0,0.0,2
142.0,2.0,0.0740225961455812,0.0,0.0,0.0,0.0,0.0,0.0,0.0,0.0,0.0,0.0,100.0,0.0,0.0,0.0,0.0,10.0,4.0,4.0,7,0,0.5550847457627118,71.00000000000006,35.5,0.0,0.0,0.0,0.0,2
136.0,5.0,1.2012514940209682,0.0,0.0,0.0,0.0,0.0,0.0,0.0,0.0,0.0,0.0,100.0,0.0,0.0,0.0,0.0,30.0,634.0,12.0,7,0,0.5550847457627118,80.28906110631348,69.5,0.0,0.0,0.0,0.0,2
12.0,1.0,-1.000088900581841e-12,0.0,0.0,0.0,0.0,0.0,0.0,0.0,0.0,0.0,0.0,100.0,0.0,0.0,0.0,0.0,10.0,0.0,0.0,8,1,0.5550847457627118,76.98268203520412,72.5,0.0,0.0,0.0,0.0,2
102.0,7.0,1.2531534521273977,0.0,0.0,0.0,0.0,0.0,0.0,0.0,0.0,0.0,0.0,99.22222222222224,0.0,6.0,0.0,0.0,30.0,272.0,10.0,8,1,0.5550847457627118,59.97777366102664,98.0,0.0,0.0,0.0,0.0,2
28.0,1.0,-1.000088900581841e-12,0.0,0.0,0.0,0.0,0.0,0.0,0.0,0.0,0.0,0.0,97.0,0.0,0.0,0.0,0.0,40.0,4.0,6.0,9,1,0.5550847457627118,59.18051481132401,69.5,0.0,0.0,0.0,0.0,2
84.0,4.0,1.1963997636125876,0.0,0.0,0.0,12.0,0.0,0.0,0.0,0.0,0.0,0.0,94.64285714285714,0.0,0.0,0.0,0.0,130.0,396.0,18.0,9,1,0.5550847457627118,43.27817001676489,56.5,0.0,0.0,6.0,3.0,2
38.0,3.0,1.0795295733225183,0.0,0.0,0.0,0.0,0.0,0.0,0.0,0.0,0.0,0.0,91.85714285714286,0.0,0.0,0.0,0.0,60.0,112.0,14.0,10,1,0.5550847457627118,35.646411694119706,63.0,0.0,0.0,6.0,3.0,2
32.0,3.0,0.7356219397557947,0.0,0.0,0.0,0.0,0.0,0.0,0.0,0.0,0.0,0.0,88.57142857142857,0.0,0.0,0.0,0.0,10.0,46.0,2.0,10,1,0.5550847457627118,25.99358895317601,45.5,0.0,0.0,6.0,3.0,2
48.0,5.0,1.3114896151251971,0.0,0.0,0.0,0.0,0.0,0.0,0.0,0.0,0.0,0.0,85.85714285714286,0.0,0.0,0.0,0.0,40.0,224.0,6.0,11,1,0.5550847457627118,23.288051299611578,50.5,0.0,0.0,6.0,3.0,2
18.0,2.0,0.6365141682928128,0.0,0.0,0.0,0.0,0.0,0.0,0.0,0.0,0.0,0.0,84.57142857142857,0.0,6.0,6.0,8.0,20.0,50.0,6.0,11,1,0.5550847457627118,12.543258481484807,34.0,0.0,0.0,0.0,0.0,2
46.0,3.0,0.6323694730300398,0.0,0.0,0.0,0.0,0.0,0.0,0.0,0.0,0.0,0.0,82.75,0.0,0.0,0.0,0.0,20.0,30.0,4.0,12,1,0.5550847457627118,13.95229969097116,36.0,0.0,0.0,0.0,0.0,2
38.0,3.0,1.017164350921834,0.0,0.0,0.0,0.0,0.0,0.0,0.0,0.0,0.0,0.0,81.0,0.0,0.0,0.0,0.0,60.0,24.0,4.0,12,1,0.5550847457627118,13.699148392023275,37.5,0.0,0.0,0.0,0.0,2
64.0,3.0,0.9840865030799146,0.0,0.0,0.0,0.0,0.0,0.0,0.0,0.0,0.0,0.0,79.55555555555556,0.0,0.0,0.0,0.0,30.0,410.0,12.0,13,1,0.5550847457627118,19.07004632051726,41.5,0.0,0.0,0.0,0.0,2
258.0,10.0,1.975654273519976,0.0,0.0,0.0,0.0,0.0,0.0,0.0,0.0,0.0,0.0,75.26315789473684,0.0,0.0,6.0,8.0,84.0,2490.0,20.0,13,1,0.5550847457627118,104.89836350804846,101.5,0.0,0.0,0.0,0.0,2
20.0,2.0,0.5004024235361879,0.0,0.0,0.0,0.0,0.0,0.0,0.0,0.0,0.0,0.0,71.33333333333333,0.0,0.0,0.0,0.0,12.0,12.0,0.0,14,1,0.5550847457627118,110.1574630547866,95.0,0.0,0.0,0.0,0.0,2
66.0,4.0,1.2831781542667478,0.0,0.0,0.0,0.0,0.0,0.0,0.0,0.0,0.0,0.0,69.55555555555556,0.0,0.0,0.0,0.0,96.0,380.0,18.0,14,1,0.5550847457627118,106.1445555206044,102.0,0.0,0.0,0.0,0.0,2
20.0,3.0,1.0296530140615736,0.0,0.0,0.0,0.0,0.0,0.0,0.0,0.0,0.0,0.0,67.42857142857143,0.0,0.0,0.0,0.0,12.0,44.0,2.0,15,1,0.5550847457627118,113.42545275789443,91.0,0.0,0.0,0.0,0.0,2
52.0,3.0,1.0733942812781263,0.0,0.0,0.0,0.0,0.0,0.0,0.0,0.0,0.0,0.0,65.57142857142857,0.0,0.0,0.0,0.0,52.0,288.0,2.0,15,1,0.5550847457627118,23.230726778701424,39.5,0.0,0.0,0.0,0.0,2
50.0,3.0,0.8333654410687206,0.0,0.0,0.0,0.0,0.0,0.0,0.0,0.0,0.0,0.0,64.0,0.0,0.0,0.0,0.0,56.0,194.0,10.0,16,1,0.5550847457627118,19.3563081879442,47.0,0.0,0.0,0.0,0.0,2
102.0,5.0,1.418690784627166,0.0,0.0,0.0,0.0,0.0,0.0,0.0,0.0,0.0,0.0,61.22222222222222,0.0,0.0,0.0,0.0,42.0,860.0,6.0,16,1,0.5550847457627118,33.98038649966588,56.0,0.0,0.0,0.0,0.0,2
32.0,2.0,0.6931471805579453,0.0,0.0,0.0,0.0,0.0,0.0,0.0,0.0,0.0,0.0,58.285714285714285,0.0,0.0,0.0,0.0,28.0,126.0,4.0,17,1,0.5550847457627118,30.04441157131681,59.0,0.0,0.0,0.0,0.0,2
34.0,2.0,0.605797499370304,0.0,0.0,0.0,0.0,0.0,0.0,0.0,0.0,0.0,0.0,55.66666666666666,0.0,0.0,0.0,0.0,44.0,464.0,12.0,17,1,0.5550847457627118,32.675168961562775,54.5,0.0,0.0,0.0,0.0,2
40.0,2.0,0.6474466390326326,0.0,0.0,0.0,0.0,0.0,0.0,0.0,0.0,0.0,0.0,52.625,0.0,0.0,0.0,0.0,42.0,320.0,8.0,18,1,0.5550847457627118,33.5062183283443,52.0,0.0,0.0,0.0,0.0,2
54.0,3.0,1.002675013356144,0.0,0.0,0.0,0.0,0.0,0.0,0.0,0.0,0.0,0.0,50.71428571428572,0.0,0.0,0.0,0.0,14.0,300.0,2.0,18,1,0.5550847457627118,9.933109617168007,40.0,0.0,0.0,0.0,0.0,2
12.0,1.0,-1.000088900581841e-12,0.0,0.0,0.0,0.0,0.0,0.0,0.0,0.0,0.0,0.0,49.833333333333336,0.0,0.0,0.0,0.0,0.0,0.0,0.0,19,1,0.5550847457627118,17.473789896108464,35.0,0.0,0.0,0.0,0.0,2
28.0,3.0,0.8304717124332917,0.0,0.0,0.0,0.0,0.0,0.0,0.0,0.0,0.0,0.0,48.57142857142857,0.0,0.0,0.0,0.0,32.0,138.0,6.0,19,1,0.5550847457627118,17.841898254763763,33.5,0.0,0.0,0.0,0.0,2
52.0,4.0,0.7937300551544246,0.0,0.0,0.0,0.0,0.0,0.0,0.0,0.0,0.0,0.0,46.5,0.0,0.0,0.0,0.0,80.0,82.0,6.0,20,1,0.5550847457627118,20.15771151032136,36.5,0.0,0.0,0.0,0.0,3
18.0,1.0,-1.000088900581841e-12,0.0,0.0,0.0,0.0,0.0,0.0,0.0,0.0,0.0,0.0,46.0,0.0,0.0,0.0,0.0,16.0,0.0,0.0,20,1,0.5550847457627118,17.616280348965336,27.5,0.0,0.0,0.0,0.0,2
20.0,2.0,0.6931471805579453,0.0,0.0,0.0,0.0,0.0,0.0,0.0,0.0,0.0,0.0,44.5,0.0,0.0,0.0,0.0,32.0,22.0,6.0,21,0,0.5550847457627118,15.609825965291078,29.5,0.0,0.0,0.0,0.0,2
18.0,1.0,-1.000088900581841e-12,0.0,0.0,0.0,0.0,0.0,0.0,0.0,0.0,0.0,0.0,43.0,0.0,0.0,0.0,0.0,16.0,112.0,0.0,21,0,0.5550847457627118,16.693312034065485,27.0,0.0,0.0,0.0,0.0,2
16.0,2.0,0.3767701612544368,0.0,0.0,0.0,0.0,0.0,0.0,0.0,0.0,0.0,0.0,42.285714285714285,0.0,0.0,0.0,0.0,16.0,78.0,4.0,22,0,0.5550847457627118,1.6329931618581628,18.0,0.0,0.0,0.0,0.0,2
108.0,4.0,0.9385552383531583,0.0,0.0,0.0,0.0,0.0,0.0,0.0,0.0,0.0,0.0,40.8,0.0,0.0,0.0,0.0,88.0,586.0,20.0,22,0,0.5550847457627118,45.02961988143666,40.5,0.0,0.0,0.0,0.0,2
418.0,7.0,1.3424732675193316,0.0,0.0,0.0,0.0,0.0,0.0,0.0,0.0,0.0,18.0,37.91304347826087,0.0,0.0,0.0,0.0,36.0,2506.0,4.0,23,0,0.5550847457627118,190.2349424615082,140.0,0.0,0.0,0.0,0.0,2
714.0,1.0,-1.000088900581841e-12,0.0,0.0,0.0,0.0,0.0,0.0,0.0,0.0,0.0,0.0,61.56666666666667,0.0,0.0,0.0,0.0,0.0,0.0,0.0,23,0,0.5550847457627118,317.3095229162424,314.0,0.0,0.0,0.0,0.0,2
516.0,1.0,-1.000088900581841e-12,0.0,0.0,0.0,0.0,0.0,0.0,0.0,0.0,0.0,0.0,79.96551724137932,0.0,0.0,0.0,0.0,0.0,0.0,0.0,0,0,0.5550847457627118,252.689532826352,439.0,0.0,0.0,0.0,0.0,2
0.0,0.0,0.0,0.0,0.0,0.0,0.0,0.0,0.0,0.0,0.0,0.0,0.0,80.0,0.0,0.0,0.0,0.0,0.0,0.0,0.0,0,0,0.5550847457627118,300.9983388658483,412.0,0.0,0.0,0.0,0.0,2
0.0,0.0,0.0,0.0,0.0,0.0,0.0,0.0,0.0,0.0,0.0,0.0,0.0,80.0,0.0,0.0,0.0,0.0,0.0,0.0,0.0,1,0,0.5550847457627118,364.1551866992973,307.5,0.0,0.0,0.0,0.0,2
0.0,0.0,0.0,0.0,0.0,0.0,0.0,0.0,0.0,0.0,0.0,0.0,0.0,80.0,0.0,0.0,0.0,0.0,0.0,0.0,0.0,1,0,0.5550847457627118,258.00000000000006,129.0,0.0,0.0,0.0,0.0,2
0.0,0.0,0.0,0.0,0.0,0.0,0.0,0.0,0.0,0.0,0.0,0.0,0.0,86.23333333333333,0.0,0.0,0.0,0.0,0.0,0.0,0.0,2,0,0.5550847457627118,0.0,0.0,0.0,0.0,0.0,0.0,2
0.0,0.0,0.0,0.0,0.0,0.0,0.0,0.0,0.0,0.0,0.0,0.0,0.0,97.33333333333331,0.0,0.0,0.0,0.0,0.0,0.0,0.0,2,0,0.5550847457627118,0.0,0.0,0.0,0.0,0.0,0.0,2
0.0,0.0,0.0,0.0,0.0,0.0,0.0,0.0,0.0,0.0,0.0,0.0,0.0,100.0,0.0,0.0,0.0,0.0,0.0,0.0,0.0,3,0,0.5550847457627118,0.0,0.0,0.0,0.0,0.0,0.0,2
0.0,0.0,0.0,0.0,0.0,0.0,0.0,0.0,0.0,0.0,0.0,0.0,0.0,100.0,0.0,0.0,0.0,0.0,0.0,0.0,0.0,3,0,0.5550847457627118,0.0,0.0,0.0,0.0,0.0,0.0,2
0.0,0.0,0.0,0.0,0.0,0.0,0.0,0.0,0.0,0.0,0.0,0.0,0.0,100.0,0.0,0.0,0.0,0.0,0.0,0.0,0.0,4,0,0.5550847457627118,0.0,0.0,0.0,0.0,0.0,0.0,2
0.0,0.0,0.0,0.0,0.0,0.0,0.0,0.0,0.0,0.0,0.0,0.0,0.0,100.0,0.0,0.0,0.0,0.0,0.0,0.0,0.0,4,0,0.5550847457627118,0.0,0.0,0.0,0.0,0.0,0.0,2
0.0,0.0,0.0,0.0,0.0,0.0,0.0,0.0,0.0,0.0,0.0,0.0,0.0,100.0,0.0,0.0,0.0,0.0,0.0,0.0,0.0,5,0,0.5550847457627118,0.0,0.0,0.0,0.0,0.0,0.0,2
0.0,0.0,0.0,0.0,0.0,0.0,0.0,0.0,0.0,0.0,0.0,0.0,0.0,100.0,0.0,0.0,0.0,0.0,0.0,0.0,0.0,5,0,0.5550847457627118,0.0,0.0,0.0,0.0,0.0,0.0,2
0.0,0.0,0.0,0.0,0.0,0.0,0.0,0.0,0.0,0.0,0.0,0.0,0.0,100.0,0.0,0.0,0.0,0.0,0.0,0.0,0.0,6,0,0.5550847457627118,0.0,0.0,0.0,0.0,0.0,0.0,2
0.0,0.0,0.0,0.0,0.0,0.0,0.0,0.0,0.0,0.0,0.0,0.0,0.0,100.0,0.0,0.0,0.0,0.0,0.0,0.0,0.0,6,0,0.5550847457627118,0.0,0.0,0.0,0.0,0.0,0.0,2
0.0,0.0,0.0,0.0,0.0,0.0,0.0,0.0,0.0,0.0,0.0,0.0,0.0,100.0,0.0,0.0,0.0,0.0,0.0,0.0,0.0,7,0,0.5550847457627118,0.0,0.0,0.0,0.0,0.0,0.0,2
122.0,5.0,1.1435579402372589,0.0,0.0,0.0,0.0,0.0,0.0,0.0,0.0,0.0,0.0,100.0,0.0,0.0,0.0,0.0,58.0,1082.0,12.0,7,0,0.5550847457627118,61.00000000000032,30.5,0.0,0.0,0.0,0.0,2
106.0,9.0,1.7536147303096667,0.0,0.0,0.0,0.0,0.0,0.0,0.0,0.0,0.0,0.0,100.0,0.0,0.0,0.0,0.0,180.0,922.0,20.0,8,1,0.5550847457627118,66.14126296546435,57.0,0.0,0.0,0.0,0.0,2
28.0,1.0,-1.000088900581841e-12,0.0,0.0,0.0,0.0,0.0,0.0,0.0,0.0,0.0,0.0,100.0,0.0,0.0,0.0,0.0,40.0,0.0,8.0,8,1,0.5550847457627118,59.21711464320687,64.0,0.0,0.0,0.0,0.0,2
88.0,2.0,0.1849073991657757,0.0,0.0,0.0,0.0,0.0,0.0,0.0,0.0,0.0,0.0,98.4,0.0,10.0,0.0,0.0,40.0,0.0,10.0,9,1,0.5550847457627118,41.085277168348746,86.0,0.0,0.0,0.0,0.0,2
62.0,6.0,1.7151886784544257,0.0,0.0,0.0,0.0,0.0,0.0,0.0,0.0,0.0,0.0,94.9,0.0,0.0,0.0,0.0,120.0,1724.0,24.0,9,1,0.5550847457627118,33.88214869219541,71.0,0.0,0.0,0.0,0.0,2
26.0,2.0,0.666278442412676,0.0,0.0,0.0,0.0,0.0,0.0,0.0,0.0,0.0,0.0,92.66666666666669,0.0,0.0,0.0,0.0,20.0,464.0,4.0,10,1,0.5550847457627118,29.68725877095041,51.0,0.0,0.0,0.0,0.0,2
50.0,5.0,1.4088131112652589,0.0,0.0,0.0,0.0,0.0,0.0,0.0,0.0,0.0,0.0,89.875,0.0,0.0,0.0,0.0,0.0,594.0,2.0,10,1,0.5550847457627118,25.787593916456004,56.5,0.0,0.0,0.0,0.0,2
12.0,1.0,-1.000088900581841e-12,0.0,0.0,0.0,0.0,0.0,0.0,0.0,0.0,0.0,0.0,87.83333333333333,0.0,0.0,0.0,0.0,0.0,0.0,0.0,11,1,0.5550847457627118,22.649503305813106,37.5,0.0,0.0,0.0,0.0,2
36.0,4.0,1.1324163280062889,0.0,0.0,0.0,0.0,0.0,0.0,0.0,0.0,0.0,0.0,86.57142857142857,0.0,0.0,0.0,0.0,62.0,270.0,2.0,11,1,0.5550847457627118,16.041612554022496,31.0,0.0,0.0,0.0,0.0,2
40.0,4.0,1.3040114826108389,0.0,0.0,0.0,0.0,0.0,0.0,0.0,0.0,0.0,0.0,85.57142857142857,0.0,0.0,0.0,0.0,44.0,234.0,2.0,12,1,0.5550847457627118,16.114175953696964,34.5,0.0,0.0,0.0,0.0,2
52.0,2.0,0.6172417697283417,0.0,0.0,0.0,0.0,0.0,0.0,0.0,0.0,0.0,0.0,83.55555555555556,0.0,0.0,0.0,18.0,0.0,478.0,0.0,12,1,0.5550847457627118,16.772994167213323,35.0,0.0,0.0,0.0,0.0,2
248.0,4.0,0.8420583677534743,0.0,0.0,0.0,0.0,0.0,0.0,0.0,0.0,0.0,0.0,79.57894736842105,0.0,0.0,0.0,0.0,22.0,3162.0,6.0,13,1,0.5550847457627118,102.89152864384272,94.0,0.0,0.0,0.0,0.0,2
50.0,2.0,0.5004024235361879,0.0,0.0,0.0,0.0,0.0,0.0,0.0,0.0,0.0,0.0,75.28571428571429,0.0,0.0,0.0,0.0,0.0,130.0,0.0,13,1,0.5550847457627118,100.47055953528564,97.5,0.0,0.0,0.0,0.0,2
40.0,2.0,0.6474466390326326,0.0,0.0,0.0,0.0,0.0,0.0,0.0,0.0,0.0,0.0,74.25,0.0,0.0,0.0,0.0,22.0,328.0,2.0,14,1,0.5550847457627118,100.47055953528564,97.5,0.0,0.0,0.0,0.0,2
26.0,2.0,0.4293230219286162,0.0,0.0,0.0,0.0,0.0,0.0,0.0,0.0,0.0,0.0,72.71428571428571,0.0,0.0,0.0,0.0,88.0,86.0,14.0,14,1,0.5550847457627118,105.1284928076116,91.0,0.0,0.0,0.0,0.0,2
90.0,4.0,1.1425002894188998,0.0,0.0,0.0,0.0,0.0,0.0,0.0,0.0,0.0,0.0,71.0,0.0,0.0,0.0,0.0,66.0,660.0,8.0,15,1,0.5550847457627118,27.48939189335965,51.5,0.0,0.0,0.0,0.0,2
56.0,2.0,0.6931471805579453,0.0,0.0,0.0,0.0,0.0,0.0,0.0,0.0,0.0,0.0,68.625,0.0,0.0,0.0,0.0,96.0,376.0,6.0,15,1,0.5550847457627118,27.543904346818863,53.0,0.0,0.0,0.0,0.0,2
72.0,2.0,0.5908422462735826,0.0,0.0,0.0,0.0,0.0,0.0,0.0,0.0,0.0,0.0,63.625,0.0,0.0,0.0,0.0,72.0,350.0,0.0,16,1,0.5550847457627118,27.15388247255581,61.0,0.0,0.0,0.0,0.0,2
18.0,2.0,0.3488320958410319,0.0,0.0,0.0,0.0,0.0,0.0,0.0,0.0,0.0,0.0,60.833333333333336,0.0,0.0,0.0,0.0,24.0,32.0,14.0,16,1,0.5550847457627118,30.659419433512443,59.0,0.0,0.0,0.0,0.0,2
52.0,5.0,1.306220543418882,0.0,0.0,0.0,0.0,0.0,0.0,0.0,0.0,0.0,0.0,58.85714285714285,0.0,0.0,0.0,0.0,102.0,500.0,20.0,17,1,0.5550847457627118,22.70829510700236,49.5,0.0,0.0,0.0,0.0,2
108.0,2.0,0.2640520518236287,0.0,0.0,0.0,0.0,0.0,0.0,0.0,0.0,0.0,0.0,55.90909090909091,0.0,0.0,0.0,0.0,52.0,1676.0,10.0,17,1,0.5550847457627118,37.64306044943796,62.5,0.0,0.0,0.0,0.0,2
50.0,3.0,0.707785886565229,0.0,0.0,0.0,0.0,0.0,0.0,0.0,0.0,0.0,0.0,53.5,0.0,14.0,14.0,0.0,180.0,108.0,26.0,18,1,0.5550847457627118,37.3987522073492,57.0,0.0,0.0,0.0,0.0,2
94.0,5.0,1.129371420761864,0.0,0.0,0.0,0.0,0.0,0.0,0.0,0.0,0.0,0.0,50.36363636363637,0.0,0.0,0.0,0.0,208.0,448.0,26.0,18,1,0.5550847457627118,29.43920288776017,76.0,0.0,0.0,0.0,0.0,2
76.0,6.0,0.8943426649410068,0.0,0.0,0.0,0.0,0.0,0.0,0.0,0.0,0.0,0.0,47.07692307692308,0.0,0.0,0.0,0.0,208.0,326.0,22.0,19,1,0.5550847457627118,25.03331114069225,82.0,0.0,0.0,0.0,0.0,2
12.0,1.0,-1.000088900581841e-12,0.0,0.0,0.0,0.0,0.0,0.0,0.0,0.0,0.0,0.0,45.333333333333336,0.0,0.0,0.0,0.0,0.0,0.0,0.0,19,1,0.5550847457627118,35.59026084010493,58.0,0.0,0.0,0.0,0.0,2
4.0,1.0,-1.000088900581841e-12,0.0,0.0,0.0,0.0,0.0,0.0,0.0,0.0,0.0,0.0,44.5,18.0,0.0,0.0,0.0,0.0,0.0,0.0,20,1,0.5550847457627118,45.17742799230651,46.5,0.0,0.0,0.0,0.0,2
0.0,0.0,0.0,0.0,0.0,0.0,0.0,0.0,0.0,0.0,0.0,0.0,0.0,44.0,0.0,0.0,0.0,0.0,0.0,0.0,0.0,20,1,0.5550847457627118,35.68379650952759,23.0,0.0,0.0,0.0,0.0,2
58.0,6.0,1.642057051606272,0.0,0.0,0.0,0.0,0.0,0.0,0.0,0.0,0.0,0.0,42.25,12.0,0.0,0.0,8.0,52.0,746.0,6.0,21,0,0.5550847457627118,26.801741236967672,18.5,0.0,0.0,0.0,0.0,2
70.0,3.0,0.965159292685018,0.0,0.0,0.0,0.0,0.0,0.0,0.0,0.0,0.0,0.0,40.5,0.0,0.0,0.0,0.0,78.0,770.0,8.0,21,0,0.5550847457627118,36.1662826400508,33.0,0.0,0.0,0.0,0.0,2
450.0,6.0,0.9426394427421702,0.0,0.0,0.0,0.0,0.0,0.0,0.0,0.0,0.0,26.0,37.375,0.0,0.0,26.0,0.0,84.0,1980.0,20.0,22,0,0.5550847457627118,205.9474042888945,144.5,0.0,0.0,0.0,0.0,2
716.0,1.0,-1.000088900581841e-12,0.0,0.0,0.0,0.0,0.0,0.0,0.0,0.0,0.0,0.0,63.16666666666666,0.0,0.0,0.0,0.0,0.0,0.0,0.0,22,0,0.5550847457627118,318.75330063650586,323.5,0.0,0.0,0.0,0.0,2
692.0,1.0,-1.000088900581841e-12,0.0,0.0,0.0,0.0,0.0,0.0,0.0,0.0,0.0,0.0,88.26666666666667,0.0,0.0,0.0,0.0,0.0,0.0,0.0,23,0,0.5550847457627118,299.7910383361496,482.0,0.0,0.0,0.0,0.0,2
0.0,0.0,0.0,0.0,0.0,0.0,0.0,0.0,0.0,0.0,0.0,0.0,0.0,97.76666666666668,0.0,0.0,0.0,0.0,0.0,0.0,0.0,23,0,0.5550847457627118,332.1540807115477,464.5,0.0,0.0,0.0,0.0,2
0.0,0.0,0.0,0.0,0.0,0.0,0.0,0.0,0.0,0.0,0.0,0.0,0.0,100.0,0.0,0.0,0.0,0.0,0.0,0.0,0.0,0,0,0.5550847457627118,406.5726667317091,352.0,0.0,0.0,0.0,0.0,2
0.0,0.0,0.0,0.0,0.0,0.0,0.0,0.0,0.0,0.0,0.0,0.0,0.0,100.0,0.0,0.0,0.0,0.0,0.0,0.0,0.0,0,0,0.5550847457627118,346.00000000000006,173.0,0.0,0.0,0.0,0.0,2
0.0,0.0,0.0,0.0,0.0,0.0,0.0,0.0,0.0,0.0,0.0,0.0,0.0,100.0,0.0,0.0,0.0,0.0,0.0,0.0,0.0,1,0,0.5550847457627118,0.0,0.0,0.0,0.0,0.0,0.0,2
0.0,0.0,0.0,0.0,0.0,0.0,0.0,0.0,0.0,0.0,0.0,0.0,0.0,100.0,0.0,0.0,0.0,0.0,0.0,0.0,0.0,1,0,0.5550847457627118,0.0,0.0,0.0,0.0,0.0,0.0,2
0.0,0.0,0.0,0.0,0.0,0.0,0.0,0.0,0.0,0.0,0.0,0.0,0.0,100.0,0.0,0.0,0.0,0.0,0.0,0.0,0.0,2,0,0.5550847457627118,0.0,0.0,0.0,0.0,0.0,0.0,2
0.0,0.0,0.0,0.0,0.0,0.0,0.0,0.0,0.0,0.0,0.0,0.0,0.0,100.0,0.0,0.0,0.0,0.0,0.0,0.0,0.0,2,0,0.5550847457627118,0.0,0.0,0.0,0.0,0.0,0.0,2
0.0,0.0,0.0,0.0,0.0,0.0,0.0,0.0,0.0,0.0,0.0,0.0,0.0,100.0,0.0,0.0,0.0,0.0,0.0,0.0,0.0,3,0,0.5550847457627118,0.0,0.0,0.0,0.0,0.0,0.0,2
0.0,0.0,0.0,0.0,0.0,0.0,0.0,0.0,0.0,0.0,0.0,0.0,0.0,100.0,0.0,0.0,0.0,0.0,0.0,0.0,0.0,3,0,0.5550847457627118,0.0,0.0,0.0,0.0,0.0,0.0,2
0.0,0.0,0.0,0.0,0.0,0.0,0.0,0.0,0.0,0.0,0.0,0.0,0.0,100.0,0.0,0.0,0.0,0.0,0.0,0.0,0.0,4,0,0.5550847457627118,0.0,0.0,0.0,0.0,0.0,0.0,2
0.0,0.0,0.0,0.0,0.0,0.0,0.0,0.0,0.0,0.0,0.0,0.0,0.0,100.0,0.0,0.0,0.0,0.0,0.0,0.0,0.0,4,0,0.5550847457627118,0.0,0.0,0.0,0.0,0.0,0.0,2
0.0,0.0,0.0,0.0,0.0,0.0,0.0,0.0,0.0,0.0,0.0,0.0,0.0,100.0,0.0,0.0,0.0,0.0,0.0,0.0,0.0,5,0,0.5550847457627118,0.0,0.0,0.0,0.0,0.0,0.0,2
0.0,0.0,0.0,0.0,0.0,0.0,0.0,0.0,0.0,0.0,0.0,0.0,0.0,100.0,0.0,0.0,0.0,0.0,0.0,0.0,0.0,5,0,0.5550847457627118,0.0,0.0,0.0,0.0,0.0,0.0,2
0.0,0.0,0.0,0.0,0.0,0.0,0.0,0.0,0.0,0.0,0.0,0.0,0.0,100.0,0.0,0.0,0.0,0.0,0.0,0.0,0.0,6,0,0.5550847457627118,0.0,0.0,0.0,0.0,0.0,0.0,2
0.0,0.0,0.0,0.0,0.0,0.0,0.0,0.0,0.0,0.0,0.0,0.0,0.0,100.0,0.0,0.0,0.0,0.0,0.0,0.0,0.0,6,0,0.5550847457627118,0.0,0.0,0.0,0.0,0.0,0.0,2
0.0,0.0,0.0,0.0,0.0,0.0,0.0,0.0,0.0,0.0,0.0,0.0,0.0,100.0,0.0,0.0,0.0,0.0,0.0,0.0,0.0,7,0,0.5550847457627118,0.0,0.0,0.0,0.0,0.0,0.0,2
0.0,0.0,0.0,0.0,0.0,0.0,0.0,0.0,0.0,0.0,0.0,0.0,0.0,100.0,0.0,0.0,0.0,0.0,0.0,0.0,0.0,7,0,0.5550847457627118,0.0,0.0,0.0,0.0,0.0,0.0,2
214.0,5.0,1.0997218733093108,0.0,0.0,0.0,0.0,0.0,0.0,0.0,0.0,0.0,0.0,100.0,0.0,0.0,0.0,0.0,28.0,1962.0,14.0,8,1,0.5550847457627118,107.00000000000018,53.5,0.0,0.0,0.0,0.0,2
368.0,3.0,0.2032942668277088,0.0,0.0,0.0,0.0,0.0,0.0,0.0,0.0,0.0,0.0,100.0,0.0,0.0,0.0,0.0,0.0,596.0,0.0,8,1,0.5550847457627118,179.3869188839217,145.5,0.0,0.0,0.0,0.0,2
66.0,3.0,0.7597857677369967,0.0,0.0,0.0,0.0,0.0,0.0,0.0,0.0,0.0,0.0,100.0,0.0,0.0,0.0,0.0,204.0,980.0,40.0,9,1,0.5550847457627118,163.9105447085901,162.0,0.0,0.0,0.0,0.0,2
82.0,6.0,1.3278523455463938,0.0,0.0,0.0,0.0,0.0,0.0,0.0,0.0,0.0,0.0,99.85714285714286,0.0,20.0,0.0,0.0,204.0,574.0,44.0,9,1,0.5550847457627118,140.32699906527864,182.5,0.0,0.0,0.0,0.0,2
26.0,1.0,-1.000088900581841e-12,0.0,0.0,0.0,0.0,0.0,0.0,0.0,0.0,0.0,0.0,98.125,0.0,0.0,0.0,0.0,170.0,0.0,14.0,10,1,0.5550847457627118,156.77903771444292,135.5,0.0,0.0,0.0,0.0,2
56.0,3.0,0.7400661909721662,0.0,0.0,0.0,0.0,0.0,0.0,0.0,0.0,0.0,0.0,95.8181818181818,0.0,0.0,0.0,0.0,204.0,810.0,22.0,10,1,0.5550847457627118,23.57258294431712,57.5,0.0,0.0,0.0,0.0,2
52.0,2.0,0.645033151674034,0.0,0.0,0.0,0.0,0.0,0.0,0.0,0.0,0.0,0.0,93.7,0.0,0.0,0.0,0.0,256.0,1022.0,50.0,11,1,0.5550847457627118,22.920151250229065,54.0,0.0,0.0,0.0,0.0,2
20.0,2.0,0.6108643020528935,0.0,0.0,0.0,0.0,0.0,0.0,0.0,0.0,0.0,0.0,91.375,0.0,0.0,0.0,0.0,102.0,0.0,4.0,11,1,0.5550847457627118,18.13835714721825,38.5,0.0,0.0,0.0,0.0,2
36.0,2.0,0.6682484776625386,0.0,0.0,0.0,0.0,0.0,0.0,0.0,0.0,0.0,0.0,89.5,0.0,0.0,0.0,0.0,136.0,54.0,8.0,12,1,0.5550847457627118,16.451950239005413,41.0,0.0,0.0,0.0,0.0,2
196.0,5.0,1.0304530065244617,0.0,0.0,0.0,0.0,0.0,0.0,0.0,0.0,0.0,0.0,86.58823529411765,0.0,0.0,0.0,8.0,272.0,6810.0,20.0,12,1,0.5550847457627118,81.05964881904382,76.0,0.0,0.0,0.0,0.0,2
50.0,2.0,0.6859298002503729,0.0,0.0,0.0,0.0,0.0,0.0,0.0,0.0,0.0,0.0,83.375,0.0,0.0,20.0,0.0,170.0,1008.0,38.0,13,1,0.5550847457627118,81.26294768630234,75.5,0.0,0.0,0.0,0.0,2
30.0,2.0,0.6730116670072565,0.0,0.0,0.0,0.0,0.0,0.0,0.0,0.0,0.0,0.0,81.85714285714286,0.0,0.0,0.0,0.0,34.0,292.0,8.0,13,1,0.5550847457627118,79.11173532837408,78.0,0.0,0.0,0.0,0.0,2
108.0,4.0,1.207425670688384,0.0,0.0,0.0,0.0,0.0,0.0,0.0,0.0,0.0,0.0,79.77777777777777,0.0,0.0,0.0,0.0,34.0,1394.0,0.0,14,1,0.5550847457627118,74.42221890448249,96.0,0.0,0.0,0.0,0.0,2
12.0,1.0,-1.000088900581841e-12,0.0,0.0,0.0,0.0,0.0,0.0,0.0,0.0,0.0,0.0,78.66666666666667,0.0,0.0,0.0,0.0,34.0,32.0,6.0,14,1,0.5550847457627118,41.66533331199984,50.0,0.0,0.0,0.0,0.0,2
102.0,3.0,1.0076272092453518,0.0,0.0,0.0,0.0,0.0,0.0,0.0,0.0,0.0,0.0,77.36363636363636,0.0,0.0,0.0,0.0,170.0,876.0,28.0,15,1,0.5550847457627118,49.11211663123514,63.0,0.0,0.0,0.0,0.0,2
268.0,3.0,0.5427364420654083,0.0,0.0,0.0,0.0,0.0,0.0,0.0,0.0,0.0,0.0,73.27777777777777,0.0,0.0,0.0,0.0,68.0,2184.0,8.0,15,1,0.5550847457627118,106.47534925981716,122.5,0.0,0.0,0.0,0.0,2
48.0,2.0,0.6365141682928128,0.0,0.0,0.0,0.0,0.0,0.0,0.0,0.0,0.0,0.0,68.88888888888889,0.0,0.0,0.0,0.0,0.0,4.0,0.0,16,1,0.5550847457627118,113.212190156361,107.5,0.0,0.0,0.0,0.0,2
12.0,1.0,-1.000088900581841e-12,0.0,0.0,0.0,0.0,0.0,0.0,0.0,0.0,0.0,0.0,67.5,0.0,0.0,0.0,0.0,0.0,0.0,4.0,16,1,0.5550847457627118,113.212190156361,107.5,0.0,0.0,0.0,0.0,2
68.0,4.0,1.1384137708075297,0.0,0.0,0.0,0.0,0.0,0.0,0.0,0.0,0.0,0.0,66.33333333333333,0.0,0.0,0.0,0.0,170.0,1064.0,8.0,17,1,0.5550847457627118,115.02463504252778,99.0,0.0,0.0,0.0,0.0,2
52.0,3.0,1.0695416913963136,0.0,0.0,0.0,0.0,0.0,0.0,0.0,0.0,0.0,0.0,64.375,0.0,0.0,0.0,68.0,68.0,2176.0,10.0,17,1,0.5550847457627118,23.636130534982023,45.0,0.0,0.0,0.0,0.0,2
12.0,2.0,0.4505612088643047,0.0,0.0,0.0,0.0,0.0,0.0,0.0,0.0,0.0,0.0,61.833333333333336,0.0,0.0,0.0,0.0,68.0,56.0,4.0,18,1,0.5550847457627118,28.47220867208425,36.0,0.0,0.0,0.0,0.0,2
32.0,3.0,0.7029189307705104,0.0,0.0,0.0,0.0,0.0,0.0,0.0,0.0,0.0,0.0,59.285714285714285,0.0,0.0,0.0,0.0,102.0,972.0,30.0,18,1,0.5550847457627118,24.30363484474513,41.0,0.0,0.0,0.0,0.0,2
36.0,3.0,0.5566469035791068,0.0,0.0,0.0,0.0,0.0,0.0,0.0,0.0,0.0,0.0,56.55555555555556,0.0,0.0,0.0,0.0,170.0,356.0,32.0,19,1,0.5550847457627118,16.451950239005388,33.0,0.0,0.0,0.0,0.0,2
32.0,2.0,0.2337916587044593,0.0,0.0,0.0,0.0,0.0,0.0,0.0,0.0,0.0,0.0,55.25,0.0,0.0,0.0,0.0,136.0,152.0,4.0,19,1,0.5550847457627118,10.832051206183252,28.0,0.0,0.0,0.0,0.0,2
250.0,5.0,1.0186866651748854,0.0,0.0,0.0,0.0,0.0,0.0,0.0,0.0,0.0,0.0,52.833333333333336,0.0,0.0,0.0,0.0,68.0,3072.0,12.0,20,1,0.5550847457627118,108.34974234702504,87.5,0.0,0.0,0.0,0.0,2
88.0,5.0,1.337708295889551,0.0,0.0,0.0,0.0,0.0,0.0,0.0,0.0,0.0,0.0,46.888888888888886,0.0,0.0,0.0,0.0,0.0,4402.0,0.0,20,1,0.5550847457627118,102.23339310942735,101.5,0.0,0.0,0.0,0.0,2
160.0,2.0,0.6305810283840148,0.0,0.0,0.0,0.0,0.0,0.0,0.0,0.0,0.0,0.0,39.75,0.0,0.0,0.0,0.0,68.0,3314.0,8.0,21,0,0.5550847457627118,94.23905772024698,132.5,0.0,0.0,0.0,0.0,2
106.0,1.0,-1.000088900581841e-12,0.0,0.0,0.0,0.0,0.0,0.0,0.0,0.0,0.0,0.0,32.77777777777778,0.0,0.0,0.0,0.0,34.0,768.0,4.0,21,0,0.5550847457627118,72.74613391789313,151.0,0.0,0.0,0.0,0.0,2
72.0,2.0,0.2145591551744051,0.0,0.0,0.0,0.0,0.0,0.0,0.0,0.0,0.0,0.0,24.25,0.0,0.0,0.0,0.0,68.0,810.0,6.0,22,0,0.5550847457627118,38.27531841800981,106.5,0.0,0.0,0.0,0.0,2
234.0,4.0,1.0468874982387326,0.0,0.0,0.0,0.0,0.0,0.0,0.0,0.0,0.0,32.0,24.53333333333333,0.0,0.0,0.0,0.0,168.0,1326.0,38.0,22,0,0.5550847457627118,70.66352194260752,143.0,0.0,0.0,0.0,0.0,2
614.0,1.0,-1.000088900581841e-12,0.0,0.0,0.0,0.0,0.0,0.0,0.0,0.0,0.0,0.0,63.44444444444444,0.0,0.0,0.0,0.0,34.0,0.0,0.0,23,0,0.5550847457627118,248.3297538891921,256.5,0.0,0.0,0.0,0.0,2
510.0,5.0,0.3484734128010523,0.0,0.0,0.0,0.0,0.0,0.0,0.0,0.0,0.0,0.0,85.22727272727273,0.0,0.0,0.0,0.0,102.0,640.0,12.0,23,0,0.5550847457627118,248.87145276226448,357.5,0.0,0.0,0.0,0.0,2
694.0,1.0,-1.000088900581841e-12,0.0,0.0,0.0,0.0,0.0,0.0,0.0,0.0,0.0,0.0,96.86666666666666,0.0,0.0,0.0,0.0,0.0,0.0,0.0,0,0,0.5550847457627118,200.6755258288033,513.0,0.0,0.0,0.0,0.0,2
500.0,1.0,-1.000088900581841e-12,0.0,0.0,0.0,0.0,0.0,0.0,0.0,0.0,0.0,0.0,100.0,0.0,0.0,0.0,0.0,0.0,0.0,0.0,0,0,0.5550847457627118,92.10682204194596,579.5,0.0,0.0,0.0,0.0,2
0.0,0.0,0.0,0.0,0.0,0.0,0.0,0.0,0.0,0.0,0.0,0.0,0.0,100.0,0.0,0.0,0.0,0.0,0.0,0.0,0.0,1,0,0.5550847457627118,297.6754384672452,426.0,0.0,0.0,0.0,0.0,2
0.0,0.0,0.0,0.0,0.0,0.0,0.0,0.0,0.0,0.0,0.0,0.0,0.0,100.0,0.0,0.0,0.0,0.0,0.0,0.0,0.0,1,0,0.5550847457627118,353.6603832303905,298.5,0.0,0.0,0.0,0.0,2
0.0,0.0,0.0,0.0,0.0,0.0,0.0,0.0,0.0,0.0,0.0,0.0,0.0,100.0,0.0,0.0,0.0,0.0,0.0,0.0,0.0,2,0,0.5550847457627118,250.00000000000009,125.0,0.0,0.0,0.0,0.0,2
0.0,0.0,0.0,0.0,0.0,0.0,0.0,0.0,0.0,0.0,0.0,0.0,0.0,100.0,0.0,0.0,0.0,0.0,0.0,0.0,0.0,2,0,0.5550847457627118,0.0,0.0,0.0,0.0,0.0,0.0,2
0.0,0.0,0.0,0.0,0.0,0.0,0.0,0.0,0.0,0.0,0.0,0.0,0.0,100.0,0.0,0.0,0.0,0.0,0.0,0.0,0.0,3,0,0.5550847457627118,0.0,0.0,0.0,0.0,0.0,0.0,2
0.0,0.0,0.0,0.0,0.0,0.0,0.0,0.0,0.0,0.0,0.0,0.0,0.0,100.0,0.0,0.0,0.0,0.0,0.0,0.0,0.0,3,0,0.5550847457627118,0.0,0.0,0.0,0.0,0.0,0.0,2
0.0,0.0,0.0,0.0,0.0,0.0,0.0,0.0,0.0,0.0,0.0,0.0,0.0,100.0,0.0,0.0,0.0,0.0,0.0,0.0,0.0,4,0,0.5550847457627118,0.0,0.0,0.0,0.0,0.0,0.0,2
0.0,0.0,0.0,0.0,0.0,0.0,0.0,0.0,0.0,0.0,0.0,0.0,0.0,100.0,0.0,0.0,0.0,0.0,0.0,0.0,0.0,4,0,0.5550847457627118,0.0,0.0,0.0,0.0,0.0,0.0,2
0.0,0.0,0.0,0.0,0.0,0.0,0.0,0.0,0.0,0.0,0.0,0.0,0.0,100.0,0.0,0.0,0.0,0.0,0.0,0.0,0.0,5,0,0.5550847457627118,0.0,0.0,0.0,0.0,0.0,0.0,2
0.0,0.0,0.0,0.0,0.0,0.0,0.0,0.0,0.0,0.0,0.0,0.0,0.0,100.0,0.0,0.0,0.0,0.0,0.0,0.0,0.0,5,0,0.5550847457627118,0.0,0.0,0.0,0.0,0.0,0.0,2
0.0,0.0,0.0,0.0,0.0,0.0,0.0,0.0,0.0,0.0,0.0,0.0,0.0,100.0,0.0,0.0,0.0,0.0,0.0,0.0,0.0,6,0,0.5550847457627118,0.0,0.0,0.0,0.0,0.0,0.0,2
0.0,0.0,0.0,0.0,0.0,0.0,0.0,0.0,0.0,0.0,0.0,0.0,0.0,100.0,0.0,0.0,0.0,0.0,0.0,0.0,0.0,6,0,0.5550847457627118,0.0,0.0,0.0,0.0,0.0,0.0,2
0.0,0.0,0.0,0.0,0.0,0.0,0.0,0.0,0.0,0.0,0.0,0.0,0.0,100.0,0.0,0.0,0.0,0.0,0.0,0.0,0.0,7,0,0.5550847457627118,0.0,0.0,0.0,0.0,0.0,0.0,2
0.0,0.0,0.0,0.0,0.0,0.0,0.0,0.0,0.0,0.0,0.0,0.0,0.0,100.0,0.0,0.0,0.0,0.0,38.0,0.0,0.0,7,0,0.5550847457627118,0.0,0.0,0.0,0.0,0.0,0.0,2
168.0,8.0,1.682951045530281,0.0,0.0,0.0,0.0,0.0,0.0,0.0,0.0,0.0,0.0,99.82352941176472,0.0,0.0,0.0,0.0,196.0,3722.0,20.0,8,1,0.5550847457627118,84.00000000000023,42.0,0.0,0.0,0.0,0.0,2
160.0,5.0,1.067783867097423,0.0,0.0,0.0,0.0,0.0,0.0,0.0,0.0,0.0,0.0,96.72727272727272,0.0,0.0,0.0,0.0,0.0,3768.0,0.0,8,1,0.5550847457627118,94.7417542586163,82.0,0.0,0.0,0.0,0.0,2
48.0,3.0,1.0835291213151603,0.0,0.0,0.0,0.0,0.0,0.0,0.0,0.0,0.0,0.0,90.75,0.0,0.0,0.0,0.0,122.0,892.0,26.0,9,1,0.5550847457627118,83.23460818673948,94.0,0.0,0.0,0.0,0.0,2
76.0,6.0,1.466791446476637,0.0,0.0,0.0,0.0,0.0,0.0,0.0,0.0,0.0,0.0,85.33333333333333,0.0,0.0,0.0,0.0,80.0,2844.0,10.0,9,1,0.5550847457627118,60.07772743149805,113.0,0.0,0.0,0.0,0.0,2
36.0,3.0,0.8277381569959199,0.0,0.0,0.0,0.0,0.0,0.0,0.0,0.0,0.0,0.0,80.57142857142857,0.0,0.0,0.0,0.0,80.0,402.0,10.0,10,1,0.5550847457627118,55.90468078196469,80.0,0.0,0.0,0.0,0.0,2
44.0,5.0,1.3099905328212955,0.0,0.0,0.0,0.0,0.0,0.0,0.0,0.0,0.0,0.0,79.0,0.0,0.0,0.0,0.0,160.0,1314.0,10.0,10,1,0.5550847457627118,17.39731780093431,51.0,0.0,0.0,0.0,0.0,2
56.0,6.0,1.5650733532995549,0.0,0.0,0.0,40.0,0.0,0.0,0.0,0.0,0.0,0.0,76.77777777777777,0.0,0.0,0.0,0.0,120.0,1556.0,10.0,11,1,0.5550847457627118,17.39731780093431,53.0,0.0,0.0,20.0,10.0,2
32.0,3.0,0.8314025204926377,0.0,0.0,0.0,0.0,0.0,0.0,0.0,0.0,0.0,0.0,74.28571428571429,0.0,0.0,0.0,0.0,120.0,242.0,12.0,11,1,0.5550847457627118,10.583005244260216,42.0,0.0,0.0,20.0,10.0,2
12.0,1.0,-1.000088900581841e-12,0.0,0.0,0.0,0.0,0.0,0.0,0.0,0.0,0.0,0.0,72.33333333333333,0.0,0.0,0.0,0.0,0.0,0.0,0.0,12,1,0.5550847457627118,18.761663039294763,36.0,0.0,0.0,20.0,10.0,2
56.0,3.0,0.9999375490242632,0.0,0.0,0.0,0.0,0.0,0.0,0.0,0.0,0.0,0.0,71.125,0.0,0.0,0.0,0.0,214.0,516.0,16.0,12,1,0.5550847457627118,21.260291625470224,39.0,0.0,0.0,20.0,10.0,2
12.0,1.0,-1.000088900581841e-12,0.0,0.0,0.0,10.0,0.0,0.0,0.0,0.0,0.0,0.0,69.5,0.0,0.0,0.0,0.0,8.0,0.0,0.0,13,1,0.5550847457627118,20.912516188478435,28.0,0.0,0.0,5.0,2.5,2
34.0,3.0,1.0027399543943454,0.0,0.0,0.0,0.0,0.0,0.0,0.0,0.0,0.0,0.0,68.14285714285714,0.0,0.0,0.0,0.0,84.0,488.0,12.0,13,1,0.5550847457627118,21.06339637064037,28.5,0.0,0.0,5.0,2.5,2
248.0,4.0,0.5628767229616308,0.0,0.0,0.0,0.0,0.0,0.0,0.0,0.0,0.0,0.0,64.76470588235294,0.0,0.0,0.0,0.0,92.0,2702.0,32.0,14,1,0.5550847457627118,108.49731179465556,87.5,0.0,0.0,5.0,2.5,2
12.0,1.0,-1.000088900581841e-12,0.0,0.0,0.0,0.0,0.0,0.0,0.0,0.0,0.0,0.0,61.833333333333336,0.0,0.0,0.0,0.0,0.0,0.0,0.0,14,1,0.5550847457627118,114.80272935199191,76.5,0.0,0.0,5.0,2.5,2
12.0,1.0,-1.000088900581841e-12,0.0,0.0,0.0,0.0,0.0,0.0,0.0,0.0,0.0,0.0,61.0,0.0,0.0,0.0,0.0,2.0,0.0,0.0,15,1,0.5550847457627118,114.80272935199191,76.5,0.0,0.0,0.0,0.0,2
64.0,3.0,0.9257564180337264,0.0,0.0,0.0,0.0,0.0,0.0,0.0,0.0,0.0,0.0,59.888888888888886,16.0,0.0,0.0,0.0,42.0,892.0,6.0,15,1,0.5550847457627118,112.04760892882412,84.0,0.0,0.0,0.0,0.0,2
124.0,3.0,0.6125579351229564,0.0,0.0,0.0,0.0,0.0,0.0,0.0,0.0,0.0,0.0,57.63636363636363,0.0,0.0,0.0,0.0,64.0,1704.0,4.0,16,1,0.5550847457627118,53.304158687042175,53.0,0.0,0.0,0.0,0.0,2
56.0,3.0,1.089797312663392,0.0,0.0,0.0,0.0,0.0,0.0,0.0,0.0,0.0,0.0,52.8,0.0,0.0,0.0,0.0,84.0,974.0,10.0,16,1,0.5550847457627118,46.07240678178975,64.0,0.0,0.0,0.0,0.0,2
26.0,2.0,0.5402041423868609,0.0,0.0,0.0,0.0,0.0,0.0,0.0,0.0,0.0,0.0,51.42857142857143,0.0,0.0,0.0,0.0,128.0,376.0,8.0,17,1,0.5550847457627118,41.06498914322727,67.5,0.0,0.0,0.0,0.0,2
60.0,4.0,1.3229495110005285,0.0,0.0,0.0,0.0,0.0,0.0,0.0,0.0,0.0,0.0,49.75,0.0,0.0,0.0,0.0,136.0,1512.0,26.0,17,1,0.5550847457627118,41.22701379759037,66.5,0.0,0.0,0.0,0.0,2
112.0,3.0,0.3609724318738486,0.0,0.0,0.0,0.0,0.0,0.0,0.0,0.0,0.0,0.0,45.0,0.0,0.0,0.0,0.0,54.0,2012.0,8.0,18,1,0.5550847457627118,35.716476123306265,63.5,0.0,0.0,0.0,0.0,2
54.0,2.0,0.4194833693041807,0.0,0.0,0.0,0.0,0.0,0.0,0.0,0.0,0.0,0.0,40.5,0.0,0.0,0.0,0.0,94.0,126.0,4.0,18,1,0.5550847457627118,35.870136139506165,63.0,0.0,0.0,0.0,0.0,2
36.0,3.0,0.8675632284784613,0.0,0.0,0.0,0.0,0.0,0.0,0.0,0.0,0.0,0.0,39.0,0.0,0.0,0.0,0.0,152.0,908.0,38.0,19,1,0.5550847457627118,32.634337744162046,65.5,0.0,0.0,0.0,0.0,2
48.0,2.0,0.6036372514983261,0.0,0.0,0.0,0.0,0.0,0.0,0.0,0.0,0.0,0.0,37.0,0.0,0.0,0.0,0.0,260.0,2416.0,38.0,19,1,0.5550847457627118,33.837848631377845,62.5,0.0,0.0,0.0,0.0,2
12.0,1.0,-1.000088900581841e-12,0.0,0.0,0.0,0.0,0.0,0.0,0.0,0.0,0.0,0.0,35.666666666666664,0.0,0.0,0.0,0.0,10.0,20.0,4.0,20,1,0.5550847457627118,18.57417562100777,37.5,0.0,0.0,0.0,0.0,2
20.0,2.0,0.5004024235361879,0.0,0.0,0.0,0.0,0.0,0.0,0.0,0.0,0.0,0.0,34.333333333333336,0.0,0.0,0.0,0.0,108.0,84.0,4.0,20,1,0.5550847457627118,16.12451549659832,29.0,0.0,0.0,0.0,0.0,2
78.0,5.0,1.3774774724476777,0.0,0.0,0.0,0.0,0.0,0.0,0.0,0.0,0.0,0.0,32.666666666666664,0.0,0.0,0.0,0.0,44.0,1470.0,4.0,21,0,0.5550847457627118,29.94995826374453,39.5,0.0,0.0,0.0,0.0,2
30.0,2.0,0.6730116670072565,0.0,0.0,0.0,0.0,0.0,0.0,0.0,0.0,0.0,0.0,30.714285714285715,0.0,0.0,0.0,0.0,172.0,432.0,4.0,21,0,0.5550847457627118,29.597297173898152,35.0,0.0,0.0,0.0,0.0,2
94.0,4.0,1.2293829876047455,0.0,0.0,0.0,0.0,0.0,0.0,0.0,0.0,0.0,0.0,28.0,0.0,0.0,0.0,0.0,152.0,1534.0,8.0,22,0,0.5550847457627118,36.05088995665303,55.5,0.0,0.0,0.0,0.0,2
586.0,8.0,1.2868184711743258,0.0,0.0,0.0,0.0,0.0,0.0,0.0,0.0,0.0,48.0,37.333333333333336,0.0,0.0,12.0,0.0,240.0,2994.0,38.0,22,0,0.5550847457627118,260.7553131449738,197.0,0.0,0.0,0.0,0.0,2
536.0,5.0,1.3918831623121315,0.0,0.0,0.0,0.0,0.0,0.0,0.0,0.0,0.0,0.0,72.21739130434783,0.0,0.0,0.0,0.0,96.0,5596.0,16.0,23,0,0.5550847457627118,289.9994252867869,311.5,0.0,0.0,0.0,0.0,2
486.0,4.0,0.3307860424309229,0.0,0.0,0.0,0.0,0.0,0.0,0.0,0.0,0.0,0.0,94.08695652173913,0.0,0.0,0.0,0.0,0.0,498.0,0.0,23,0,0.5550847457627118,224.73910800451864,425.5,0.0,0.0,0.0,0.0,2
716.0,1.0,-1.000088900581841e-12,0.0,0.0,0.0,0.0,0.0,0.0,0.0,0.0,0.0,0.0,99.63333333333334,0.0,0.0,0.0,0.0,0.0,0.0,0.0,0,0,0.5550847457627118,98.82644720249075,581.0,0.0,0.0,0.0,0.0,2
38.0,1.0,-1.000088900581841e-12,0.0,0.0,0.0,0.0,0.0,0.0,0.0,0.0,0.0,0.0,100.0,0.0,0.0,0.0,0.0,0.0,0.0,0.0,0,0,0.5550847457627118,288.1249728850313,444.0,0.0,0.0,0.0,0.0,2
0.0,0.0,0.0,0.0,0.0,0.0,0.0,0.0,0.0,0.0,0.0,0.0,0.0,100.0,0.0,0.0,0.0,0.0,0.0,0.0,0.0,1,0,0.5550847457627118,349.23535521669817,310.0,0.0,0.0,0.0,0.0,2
0.0,0.0,0.0,0.0,0.0,0.0,0.0,0.0,0.0,0.0,0.0,0.0,0.0,100.0,0.0,0.0,0.0,0.0,0.0,0.0,0.0,1,0,0.5550847457627118,352.1226112213377,188.5,0.0,0.0,0.0,0.0,2
0.0,0.0,0.0,0.0,0.0,0.0,0.0,0.0,0.0,0.0,0.0,0.0,0.0,100.0,0.0,0.0,0.0,0.0,0.0,0.0,0.0,2,0,0.5550847457627118,19.00000000000017,9.5,0.0,0.0,0.0,0.0,2
0.0,0.0,0.0,0.0,0.0,0.0,0.0,0.0,0.0,0.0,0.0,0.0,0.0,100.0,0.0,0.0,0.0,0.0,0.0,0.0,0.0,2,0,0.5550847457627118,0.0,0.0,0.0,0.0,0.0,0.0,2
0.0,0.0,0.0,0.0,0.0,0.0,0.0,0.0,0.0,0.0,0.0,0.0,0.0,100.0,0.0,0.0,0.0,0.0,0.0,0.0,0.0,3,0,0.5550847457627118,0.0,0.0,0.0,0.0,0.0,0.0,2
0.0,0.0,0.0,0.0,0.0,0.0,0.0,0.0,0.0,0.0,0.0,0.0,0.0,100.0,0.0,0.0,0.0,0.0,0.0,0.0,0.0,3,0,0.5550847457627118,0.0,0.0,0.0,0.0,0.0,0.0,2
0.0,0.0,0.0,0.0,0.0,0.0,0.0,0.0,0.0,0.0,0.0,0.0,0.0,100.0,0.0,0.0,0.0,0.0,0.0,0.0,0.0,4,0,0.5550847457627118,0.0,0.0,0.0,0.0,0.0,0.0,2
60.0,3.0,0.6389665889345295,0.0,0.0,0.0,0.0,0.0,0.0,0.0,0.0,0.0,0.0,100.0,0.0,0.0,0.0,0.0,48.0,998.0,8.0,4,0,0.5550847457627118,30.00000000000011,15.0,0.0,0.0,0.0,0.0,2
202.0,1.0,-1.000088900581841e-12,0.0,0.0,0.0,0.0,0.0,0.0,0.0,0.0,0.0,0.0,100.0,0.0,0.0,0.0,0.0,0.0,0.0,0.0,5,0,0.5550847457627118,95.29428104561158,65.5,0.0,0.0,0.0,0.0,2
168.0,1.0,-1.000088900581841e-12,0.0,0.0,0.0,0.0,0.0,0.0,0.0,0.0,0.0,0.0,100.0,0.0,0.0,0.0,0.0,0.0,0.0,0.0,5,0,0.5550847457627118,93.81364506296516,107.5,0.0,0.0,0.0,0.0,2
0.0,0.0,0.0,0.0,0.0,0.0,0.0,0.0,0.0,0.0,0.0,0.0,0.0,100.0,0.0,0.0,0.0,0.0,0.0,0.0,0.0,6,0,0.5550847457627118,93.81364506296516,107.5,0.0,0.0,0.0,0.0,2
0.0,0.0,0.0,0.0,0.0,0.0,0.0,0.0,0.0,0.0,0.0,0.0,0.0,100.0,0.0,0.0,0.0,0.0,0.0,0.0,0.0,6,0,0.5550847457627118,107.70793842609748,92.5,0.0,0.0,0.0,0.0,2
28.0,3.0,0.8760057656401737,0.0,0.0,0.0,0.0,0.0,0.0,0.0,0.0,0.0,0.0,100.0,0.0,0.0,0.0,0.0,172.0,528.0,6.0,7,0,0.5550847457627118,80.42387705153243,49.0,0.0,0.0,0.0,0.0,2
28.0,2.0,0.6517565611706533,0.0,0.0,0.0,0.0,0.0,0.0,0.0,0.0,0.0,0.0,100.0,0.0,0.0,0.0,0.0,124.0,114.0,14.0,7,0,0.5550847457627118,16.165807537309615,14.0,0.0,0.0,0.0,0.0,2
82.0,7.0,1.751223897807094,0.0,0.0,0.0,0.0,0.0,0.0,0.0,0.0,0.0,0.0,100.0,0.0,0.0,0.0,0.0,158.0,2150.0,12.0,8,1,0.5550847457627118,34.30743359681694,34.5,0.0,0.0,0.0,0.0,2
16.0,2.0,0.3767701612544368,0.0,0.0,0.0,0.0,0.0,0.0,0.0,0.0,0.0,0.0,99.5,0.0,0.0,0.0,0.0,166.0,22.0,40.0,8,1,0.5550847457627118,29.546573405388383,38.5,0.0,0.0,0.0,0.0,2
12.0,1.0,-1.000088900581841e-12,0.0,0.0,0.0,0.0,0.0,0.0,0.0,0.0,0.0,0.0,98.16666666666669,0.0,0.0,0.0,0.0,174.0,0.0,0.0,9,1,0.5550847457627118,32.38826948140336,34.5,0.0,0.0,0.0,0.0,2
12.0,1.0,-1.000088900581841e-12,0.0,0.0,0.0,0.0,0.0,0.0,0.0,0.0,0.0,0.0,97.0,0.0,0.0,0.0,0.0,146.0,0.0,0.0,9,1,0.5550847457627118,34.385074281340984,30.5,0.0,0.0,0.0,0.0,2
182.0,7.0,1.4799331530838231,0.0,0.0,0.0,12.0,0.0,0.0,0.0,0.0,0.0,0.0,94.13333333333334,12.0,18.0,0.0,0.0,320.0,1102.0,46.0,10,1,0.5550847457627118,84.35441106822257,55.5,0.0,0.0,6.0,3.0,2
60.0,5.0,1.2694310256008647,0.0,0.0,0.0,36.0,0.0,0.0,0.0,0.0,0.0,0.0,84.88888888888889,0.0,0.0,0.0,0.0,384.0,346.0,20.0,11,1,0.5550847457627118,74.67261881037791,74.0,0.0,0.0,15.264337522473747,14.5,2
34.0,3.0,0.8760918930604293,0.0,0.0,0.0,4.0,0.0,0.0,0.0,0.0,0.0,0.0,81.42857142857143,0.0,0.0,0.0,0.0,234.0,500.0,18.0,12,1,0.5550847457627118,15.231546211727911,40.0,0.0,0.0,16.19670748434179,12.5,2
84.0,4.0,1.1487509301136312,0.0,0.0,0.0,0.0,0.0,0.0,0.0,0.0,0.0,0.0,77.11111111111111,0.0,0.0,0.0,0.0,108.0,2412.0,12.0,13,1,0.5550847457627118,28.7228132326902,41.5,0.0,0.0,2.3094010767585003,2.0,2
12.0,1.0,-1.000088900581841e-12,0.0,0.0,0.0,0.0,0.0,0.0,0.0,0.0,0.0,0.0,70.5,0.0,0.0,0.0,0.0,60.0,0.0,0.0,14,1,0.5550847457627118,35.79106033634661,48.5,0.0,0.0,1.9999999999999964,1.0,2
30.0,2.0,0.3926744672255522,0.0,0.0,0.0,0.0,0.0,0.0,0.0,0.0,0.0,0.0,67.5,0.0,0.0,0.0,0.0,318.0,238.0,4.0,15,1,0.5550847457627118,26.801741236966976,35.5,0.0,0.0,0.0,0.0,2
24.0,2.0,0.6791932659895258,0.0,0.0,0.0,0.0,0.0,0.0,0.0,0.0,0.0,0.0,65.33333333333333,20.0,0.0,0.0,0.0,142.0,306.0,4.0,16,1,0.5550847457627118,2.581988897472087,27.0,0.0,0.0,0.0,0.0,2
84.0,5.0,1.3981790456159129,0.0,0.0,0.0,0.0,0.0,0.0,0.0,0.0,0.0,0.0,62.54545454545455,0.0,0.0,0.0,0.0,414.0,1126.0,24.0,17,1,0.5550847457627118,31.06981386061616,38.0,0.0,0.0,0.0,0.0,2
40.0,3.0,0.8979457248537798,0.0,0.0,0.0,0.0,0.0,0.0,0.0,0.0,0.0,0.0,57.375,0.0,0.0,0.0,0.0,242.0,756.0,4.0,18,1,0.5550847457627118,28.39600910926281,48.5,0.0,0.0,0.0,0.0,2
102.0,5.0,1.487654008461044,0.0,0.0,0.0,0.0,0.0,0.0,0.0,0.0,0.0,0.0,48.833333333333336,0.0,0.0,0.0,0.0,354.0,1544.0,24.0,19,1,0.5550847457627118,27.63451947595019,61.5,0.0,0.0,0.0,0.0,2
32.0,3.0,0.9214934308649616,0.0,0.0,0.0,0.0,0.0,0.0,0.0,0.0,0.0,0.0,42.142857142857146,0.0,0.0,0.0,0.0,266.0,424.0,16.0,20,1,0.5550847457627118,45.383550617670615,78.5,0.0,0.0,0.0,0.0,2
36.0,3.0,0.7867012379139144,0.0,0.0,0.0,0.0,0.0,0.0,0.0,0.0,0.0,0.0,37.57142857142857,0.0,0.0,0.0,0.0,348.0,930.0,22.0,21,0,0.5550847457627118,49.10872291830312,56.5,0.0,0.0,0.0,0.0,2
182.0,6.0,1.3374285870062188,0.0,0.0,0.0,0.0,0.0,0.0,0.0,0.0,0.0,0.0,31.77777777777778,0.0,0.0,0.0,0.0,702.0,5288.0,70.0,22,0,0.5550847457627118,77.27655961976227,66.5,0.0,0.0,0.0,0.0,2
716.0,3.0,0.0690701484882144,0.0,0.0,0.0,0.0,0.0,0.0,0.0,0.0,0.0,0.0,70.46666666666667,0.0,0.0,0.0,0.0,64.0,238.0,16.0,23,0,0.5550847457627118,306.9201850644561,344.0,0.0,0.0,0.0,0.0,2
212.0,1.0,-1.000088900581841e-12,0.0,0.0,0.0,0.0,0.0,0.0,0.0,0.0,0.0,0.0,99.3,0.0,0.0,0.0,0.0,0.0,0.0,0.0,0,0,0.5550847457627118,241.81191037663964,525.5,0.0,0.0,0.0,0.0,2
0.0,0.0,0.0,0.0,0.0,0.0,0.0,0.0,0.0,0.0,0.0,0.0,0.0,100.0,0.0,0.0,0.0,0.0,0.0,0.0,0.0,1,0,0.5550847457627118,337.78888870614634,232.0,0.0,0.0,0.0,0.0,2
0.0,0.0,0.0,0.0,0.0,0.0,0.0,0.0,0.0,0.0,0.0,0.0,0.0,100.0,0.0,0.0,0.0,0.0,0.0,0.0,0.0,2,0,0.5550847457627118,0.0,0.0,0.0,0.0,0.0,0.0,2
0.0,0.0,0.0,0.0,0.0,0.0,0.0,0.0,0.0,0.0,0.0,0.0,0.0,100.0,0.0,0.0,0.0,0.0,0.0,0.0,0.0,3,0,0.5550847457627118,0.0,0.0,0.0,0.0,0.0,0.0,2
70.0,4.0,0.6464777142577731,0.0,0.0,0.0,0.0,0.0,0.0,0.0,0.0,0.0,0.0,90.8181818181818,0.0,0.0,0.0,0.0,96.0,222.0,14.0,11,1,0.5550847457627118,40.03331945600606,90.0,0.0,0.0,0.0,0.0,2
8.0,1.0,-1.000088900581841e-12,0.0,0.0,0.0,0.0,0.0,0.0,0.0,0.0,0.0,0.0,89.0,16.0,0.0,0.0,0.0,0.0,0.0,0.0,12,1,0.5550847457627118,29.72653135948816,49.5,0.0,0.0,0.0,0.0,2
402.0,11.0,1.6981911457387016,0.0,0.0,0.0,0.0,0.0,0.0,0.0,0.0,0.0,0.0,84.89473684210526,0.0,0.0,0.0,0.0,18.0,2482.0,2.0,13,1,0.5550847457627118,177.6391473371414,145.5,0.0,0.0,0.0,0.0,2
118.0,3.0,0.9295966711050998,0.0,0.0,0.0,0.0,0.0,0.0,0.0,0.0,0.0,0.0,80.73333333333333,0.0,0.0,0.0,0.0,252.0,98.0,0.0,14,1,0.5550847457627118,157.59018581963355,172.0,0.0,0.0,0.0,0.0,2
50.0,1.0,-1.000088900581841e-12,0.0,0.0,0.0,0.0,0.0,0.0,0.0,0.0,0.0,0.0,77.72727272727273,0.0,0.0,0.0,0.0,126.0,0.0,0.0,15,1,0.5550847457627118,38.401388863772006,80.0,0.0,0.0,0.0,0.0,2
42.0,3.0,0.8641502031919701,0.0,0.0,0.0,0.0,0.0,0.0,0.0,0.0,0.0,0.0,75.4,0.0,0.0,0.0,0.0,216.0,192.0,14.0,16,1,0.5550847457627118,30.85449724108248,62.0,0.0,0.0,0.0,0.0,2
200.0,6.0,1.0273683267673284,0.0,0.0,0.0,0.0,0.0,0.0,0.0,0.0,0.0,0.0,71.26666666666667,0.0,0.0,0.0,0.0,180.0,590.0,22.0,17,1,0.5550847457627118,75.70777150772986,106.5,0.0,0.0,0.0,0.0,2
716.0,6.0,0.708365330164157,0.0,0.0,0.0,0.0,0.0,0.0,0.0,0.0,0.0,0.0,63.73333333333333,0.0,0.0,0.0,0.0,20.0,5924.0,6.0,18,1,0.5550847457627118,266.5651890251238,320.5,0.0,0.0,0.0,0.0,2
20.0,1.0,-1.000088900581841e-12,0.0,0.0,0.0,0.0,0.0,0.0,0.0,0.0,0.0,0.0,57.0,0.0,0.0,0.0,0.0,20.0,0.0,0.0,19,1,0.5550847457627118,291.700188549819,316.5,0.0,0.0,0.0,0.0,2
12.0,1.0,-1.000088900581841e-12,0.0,0.0,0.0,0.0,0.0,0.0,0.0,0.0,0.0,0.0,53.5,0.0,0.0,0.0,0.0,0.0,0.0,0.0,20,1,0.5550847457627118,143.53977381432168,136.5,0.0,0.0,0.0,0.0,2
184.0,6.0,1.526978313252521,0.0,0.0,0.0,0.0,0.0,0.0,0.0,0.0,0.0,0.0,51.38461538461539,0.0,0.0,0.0,0.0,60.0,706.0,8.0,21,0,0.5550847457627118,96.13012014972186,118.5,0.0,0.0,0.0,0.0,2
440.0,3.0,0.2312893320379422,0.0,0.0,0.0,0.0,0.0,0.0,0.0,0.0,0.0,20.0,52.04347826086956,0.0,0.0,0.0,0.0,80.0,374.0,14.0,22,0,0.5550847457627118,171.05457218872178,263.5,0.0,0.0,0.0,0.0,2
716.0,5.0,1.022705524241228,0.0,0.0,0.0,0.0,0.0,0.0,0.0,0.0,0.0,0.0,94.33333333333331,0.0,0.0,0.0,0.0,0.0,4242.0,0.0,23,0,0.5550847457627118,182.65085089682253,559.0,0.0,0.0,0.0,0.0,2
438.0,9.0,1.7100599001202887,0.0,0.0,0.0,0.0,0.0,0.0,0.0,0.0,0.0,0.0,100.0,0.0,0.0,0.0,0.0,24.0,2482.0,4.0,0,0,0.5550847457627118,147.3804600345648,588.5,0.0,0.0,0.0,0.0,3
12.0,1.0,-1.000088900581841e-12,0.0,0.0,0.0,0.0,0.0,0.0,0.0,0.0,0.0,0.0,100.0,0.0,0.0,0.0,0.0,0.0,0.0,0.0,1,0,0.5550847457627118,252.20824728783143,244.5,0.0,0.0,0.0,0.0,3
0.0,0.0,0.0,0.0,0.0,0.0,0.0,0.0,0.0,0.0,0.0,0.0,0.0,100.0,0.0,0.0,0.0,0.0,0.0,0.0,0.0,2,0,0.5550847457627118,19.390719429663985,14.0,0.0,0.0,0.0,0.0,3
0.0,0.0,0.0,0.0,0.0,0.0,0.0,0.0,0.0,0.0,0.0,0.0,0.0,99.0,0.0,0.0,0.0,0.0,0.0,0.0,0.0,3,0,0.5550847457627118,0.9999999999742254,0.5,0.0,0.0,0.0,0.0,3
0.0,0.0,0.0,0.0,0.0,0.0,0.0,0.0,0.0,0.0,0.0,0.0,0.0,97.83333333333331,6.0,0.0,0.0,0.0,0.0,0.0,0.0,4,0,0.5550847457627118,0.0,0.0,0.0,0.0,0.0,0.0,3
0.0,0.0,0.0,0.0,0.0,0.0,0.0,0.0,0.0,0.0,0.0,0.0,0.0,96.5,0.0,0.0,0.0,0.0,0.0,0.0,0.0,5,0,0.5550847457627118,0.0,0.0,0.0,0.0,0.0,0.0,3
0.0,0.0,0.0,0.0,0.0,0.0,0.0,0.0,0.0,0.0,0.0,0.0,0.0,95.16666666666669,0.0,0.0,0.0,0.0,0.0,0.0,0.0,6,0,0.5550847457627118,0.0,0.0,0.0,0.0,0.0,0.0,3
0.0,0.0,0.0,0.0,0.0,0.0,0.0,0.0,0.0,0.0,0.0,0.0,0.0,94.0,0.0,0.0,0.0,0.0,0.0,0.0,0.0,7,0,0.5550847457627118,0.0,0.0,0.0,0.0,0.0,0.0,3
136.0,10.0,1.8221235320961275,0.0,0.0,0.0,0.0,0.0,0.0,0.0,0.0,0.0,0.0,88.16666666666667,0.0,0.0,0.0,0.0,208.0,718.0,32.0,8,1,0.5550847457627118,111.58852987650634,91.0,0.0,0.0,0.0,0.0,2
64.0,1.0,-1.000088900581841e-12,0.0,0.0,0.0,0.0,0.0,0.0,0.0,0.0,0.0,0.0,85.16666666666667,0.0,0.0,0.0,0.0,234.0,0.0,0.0,9,1,0.5550847457627118,76.80277772754457,124.0,0.0,0.0,0.0,0.0,2
36.0,2.0,0.3488320958410319,0.0,0.0,0.0,12.0,0.0,0.0,0.0,0.0,0.0,0.0,80.22222222222223,0.0,0.0,0.0,0.0,156.0,0.0,0.0,10,1,0.5550847457627118,30.52321520853627,69.5,0.0,0.0,6.928203230275509,6.0,2
272.0,6.0,0.7716318752991457,0.0,0.0,0.0,0.0,0.0,0.0,0.0,0.0,0.0,0.0,76.33333333333333,0.0,22.0,0.0,0.0,416.0,302.0,40.0,11,1,0.5550847457627118,104.8093507278809,121.5,0.0,0.0,6.928203230275509,6.0,2
186.0,6.0,1.3653938740914726,0.0,0.0,0.0,0.0,0.0,0.0,0.0,0.0,0.0,0.0,71.64285714285714,0.0,0.0,0.0,0.0,286.0,1292.0,38.0,12,1,0.5550847457627118,83.73569529577341,177.5,0.0,0.0,0.0,0.0,2
436.0,6.0,0.8985792525479157,0.0,0.0,0.0,0.0,0.0,0.0,0.0,0.0,0.0,0.0,66.0,0.0,0.0,0.0,18.0,104.0,2072.0,10.0,13,1,0.5550847457627118,129.7895732843485,242.0,0.0,0.0,0.0,0.0,3
68.0,6.0,0.8971651947371393,0.0,0.0,0.0,0.0,0.0,0.0,0.0,0.0,0.0,0.0,60.8,0.0,0.0,0.0,0.0,156.0,108.0,6.0,14,1,0.5550847457627118,185.93457630754588,171.5,0.0,0.0,0.0,0.0,2
396.0,3.0,0.8145161850670428,0.0,0.0,0.0,0.0,0.0,0.0,0.0,0.0,0.0,0.0,57.3,0.0,0.0,0.0,0.0,52.0,60.0,4.0,15,1,0.5550847457627118,167.26326554267658,157.5,0.0,0.0,0.0,0.0,2
84.0,4.0,0.6724964719119069,0.0,0.0,0.0,0.0,0.0,0.0,0.0,0.0,0.0,0.0,54.333333333333336,0.0,0.0,0.0,0.0,224.0,300.0,10.0,16,1,0.5550847457627118,164.57926155300754,161.5,0.0,0.0,0.0,0.0,2
14.0,1.0,-1.000088900581841e-12,0.0,0.0,0.0,0.0,0.0,0.0,0.0,0.0,0.0,0.0,52.45454545454545,10.0,0.0,0.0,0.0,210.0,0.0,0.0,17,1,0.5550847457627118,32.37282811247643,36.0,0.0,0.0,0.0,0.0,2
78.0,2.0,0.5074299622179486,0.0,0.0,0.0,0.0,0.0,0.0,0.0,0.0,0.0,0.0,49.0,0.0,0.0,0.0,0.0,360.0,190.0,0.0,18,1,0.5550847457627118,54.02160061802386,62.5,0.0,0.0,0.0,0.0,2
474.0,6.0,0.8644605805432717,0.0,0.0,0.0,0.0,0.0,0.0,0.0,0.0,0.0,0.0,43.90909090909091,0.0,0.0,0.0,0.0,164.0,2272.0,26.0,19,1,0.5550847457627118,175.41094606665783,225.5,0.0,0.0,0.0,0.0,2
210.0,6.0,1.262427384492565,0.0,0.0,0.0,0.0,0.0,0.0,0.0,0.0,0.0,0.0,36.05882352941177,0.0,0.0,0.0,0.0,324.0,1650.0,18.0,20,1,0.5550847457627118,133.05011587117568,326.5,0.0,0.0,0.0,0.0,2
486.0,6.0,0.843817213376033,0.0,0.0,0.0,0.0,0.0,0.0,0.0,0.0,0.0,0.0,30.954545454545453,0.0,0.0,0.0,0.0,72.0,3866.0,4.0,21,0,0.5550847457627118,211.75457492106267,278.0,0.0,0.0,0.0,0.0,2
474.0,3.0,0.1294707711207185,0.0,0.0,0.0,0.0,0.0,0.0,0.0,0.0,0.0,0.0,50.18181818181818,0.0,0.0,18.0,0.0,0.0,324.0,0.0,22,0,0.5550847457627118,268.5237419670744,247.5,0.0,0.0,0.0,0.0,2
22.0,1.0,-1.000088900581841e-12,0.0,0.0,0.0,0.0,0.0,0.0,0.0,0.0,0.0,0.0,95.86666666666666,0.0,0.0,0.0,0.0,36.0,0.0,0.0,23,0,0.5550847457627118,346.3692634554438,307.5,0.0,0.0,0.0,0.0,2
0.0,0.0,0.0,0.0,0.0,0.0,0.0,0.0,0.0,0.0,0.0,0.0,0.0,100.0,0.0,0.0,0.0,0.0,0.0,0.0,0.0,0,0,0.5550847457627118,354.4850725583048,184.5,0.0,0.0,0.0,0.0,2
0.0,0.0,0.0,0.0,0.0,0.0,0.0,0.0,0.0,0.0,0.0,0.0,0.0,100.0,0.0,0.0,0.0,0.0,0.0,0.0,0.0,1,0,0.5550847457627118,0.0,0.0,0.0,0.0,0.0,0.0,2
0.0,0.0,0.0,0.0,0.0,0.0,0.0,0.0,0.0,0.0,0.0,0.0,0.0,100.0,0.0,0.0,0.0,0.0,0.0,0.0,0.0,2,0,0.5550847457627118,0.0,0.0,0.0,0.0,0.0,0.0,2
0.0,0.0,0.0,0.0,0.0,0.0,0.0,0.0,0.0,0.0,0.0,0.0,0.0,100.0,0.0,0.0,0.0,0.0,0.0,0.0,0.0,3,0,0.5550847457627118,0.0,0.0,0.0,0.0,0.0,0.0,2
0.0,0.0,0.0,0.0,0.0,0.0,0.0,0.0,0.0,0.0,0.0,0.0,0.0,100.0,0.0,0.0,0.0,0.0,0.0,0.0,0.0,4,0,0.5550847457627118,0.0,0.0,0.0,0.0,0.0,0.0,2
0.0,0.0,0.0,0.0,0.0,0.0,0.0,0.0,0.0,0.0,0.0,0.0,0.0,100.0,0.0,0.0,0.0,0.0,0.0,0.0,0.0,5,0,0.5550847457627118,0.0,0.0,0.0,0.0,0.0,0.0,2
0.0,0.0,0.0,0.0,0.0,0.0,0.0,0.0,0.0,0.0,0.0,0.0,0.0,100.0,0.0,0.0,0.0,0.0,0.0,0.0,0.0,6,0,0.5550847457627118,0.0,0.0,0.0,0.0,0.0,0.0,2
308.0,15.0,2.258180221703155,0.0,0.0,0.0,0.0,0.0,0.0,0.0,0.0,0.0,0.0,100.0,0.0,0.0,0.0,0.0,74.0,2624.0,14.0,7,0,0.5550847457627118,153.99999999999983,77.0,0.0,0.0,0.0,0.0,2
100.0,5.0,0.8930991391188802,0.0,0.0,0.0,0.0,0.0,0.0,0.0,0.0,0.0,0.0,96.46153846153848,0.0,0.0,0.0,0.0,400.0,208.0,24.0,8,1,0.5550847457627118,216.98771086553867,223.5,0.0,0.0,0.0,0.0,2
80.0,1.0,-1.000088900581841e-12,0.0,0.0,0.0,0.0,0.0,0.0,0.0,0.0,0.0,0.0,94.07142857142856,0.0,0.0,0.0,0.0,320.0,0.0,0.0,9,1,0.5550847457627118,199.187516342432,187.5,0.0,0.0,0.0,0.0,2
290.0,3.0,0.6867002242645165,0.0,0.0,0.0,0.0,0.0,0.0,0.0,0.0,0.0,0.0,87.47368421052632,0.0,0.0,0.0,0.0,480.0,192.0,0.0,10,1,0.5550847457627118,101.03959619871776,163.5,0.0,0.0,5.0,2.5,2
152.0,4.0,0.8005542068225118,0.0,0.0,0.0,0.0,0.0,0.0,0.0,0.0,0.0,0.0,83.84615384615384,0.0,0.0,0.0,0.0,320.0,172.0,24.0,11,1,0.5550847457627118,92.74157643689232,177.5,0.0,0.0,5.0,2.5,2
108.0,7.0,1.474506165323897,0.0,0.0,0.0,18.0,0.0,0.0,0.0,0.0,0.0,0.0,80.33333333333333,0.0,0.0,0.0,0.0,380.0,688.0,38.0,12,1,0.5550847457627118,80.05623023850137,145.5,0.0,0.0,9.0,4.5,2
38.0,2.0,0.6236548495661085,0.0,0.0,0.0,0.0,0.0,0.0,0.0,0.0,0.0,0.0,77.25,0.0,0.0,0.0,0.0,176.0,24.0,14.0,13,1,0.5550847457627118,94.13996671623204,119.5,0.0,0.0,9.0,4.5,2
332.0,7.0,1.465355056933812,0.0,0.0,0.0,0.0,0.0,0.0,0.0,0.0,0.0,0.0,68.6875,0.0,26.0,50.0,16.0,334.0,4568.0,18.0,14,1,0.5550847457627118,189.96403168319333,218.5,0.0,0.0,0.0,0.0,2
200.0,5.0,1.222807825713995,0.0,0.0,0.0,4.0,0.0,0.0,0.0,0.0,0.0,0.0,62.125,0.0,0.0,0.0,0.0,550.0,240.0,22.0,15,1,0.5550847457627118,161.02484280383553,253.5,0.0,0.0,1.9999999999999944,1.0,2
36.0,1.0,-1.000088900581841e-12,0.0,0.0,0.0,0.0,0.0,0.0,0.0,0.0,0.0,0.0,57.5,0.0,0.0,0.0,0.0,150.0,0.0,0.0,16,1,0.5550847457627118,77.65522090196689,110.5,0.0,0.0,1.9999999999999944,1.0,2
192.0,3.0,0.8078003569623904,0.0,0.0,0.0,0.0,0.0,0.0,0.0,0.0,0.0,0.0,54.84615384615385,0.0,0.0,0.0,0.0,350.0,52.0,32.0,17,1,0.5550847457627118,68.32276341015447,117.0,0.0,0.0,0.0,0.0,2
72.0,2.0,0.3488320958410319,0.0,0.0,0.0,14.0,0.0,0.0,0.0,0.0,0.0,0.0,51.81818181818182,0.0,0.0,0.0,0.0,500.0,100.0,22.0,18,1,0.5550847457627118,66.88049042882342,97.5,0.0,0.0,6.999999999999999,3.5,2
262.0,2.0,0.3062310981783271,0.0,0.0,0.0,0.0,0.0,0.0,0.0,0.0,0.0,0.0,47.75,0.0,0.0,0.0,0.0,150.0,450.0,4.0,19,1,0.5550847457627118,101.01485039339484,133.0,0.0,0.0,6.999999999999999,3.5,2
190.0,5.0,1.5273423364584249,0.0,0.0,0.0,0.0,0.0,0.0,0.0,0.0,0.0,0.0,43.86666666666667,0.0,0.0,0.0,0.0,350.0,4560.0,36.0,20,1,0.5550847457627118,76.06137872358924,173.0,0.0,0.0,0.0,0.0,2
132.0,3.0,0.6901819009121699,0.0,0.0,0.0,0.0,0.0,0.0,0.0,0.0,0.0,0.0,40.09090909090909,0.0,0.0,0.0,0.0,150.0,1702.0,6.0,21,0,0.5550847457627118,46.371686763943295,129.5,0.0,0.0,0.0,0.0,2
568.0,8.0,1.5386154522528406,0.0,0.0,0.0,0.0,0.0,0.0,0.0,0.0,0.0,0.0,28.73076923076923,0.0,0.0,0.0,0.0,50.0,6530.0,12.0,22,0,0.5550847457627118,266.0050124841008,355.0,0.0,0.0,0.0,0.0,2
304.0,4.0,0.8173720902106827,0.0,0.0,0.0,0.0,0.0,0.0,0.0,0.0,0.0,0.0,44.1875,0.0,0.0,0.0,0.0,104.0,904.0,4.0,23,0,0.5550847457627118,171.68478868748568,545.5,0.0,0.0,0.0,0.0,2
524.0,1.0,-1.000088900581841e-12,0.0,0.0,0.0,0.0,0.0,0.0,0.0,0.0,0.0,0.0,94.83333333333331,0.0,0.0,0.0,0.0,0.0,0.0,0.0,0,0,0.5550847457627118,183.5065848046511,552.0,0.0,0.0,0.0,0.0,2
0.0,0.0,0.0,0.0,0.0,0.0,0.0,0.0,0.0,0.0,0.0,0.0,0.0,100.0,0.0,0.0,0.0,0.0,0.0,0.0,0.0,1,0,0.5550847457627118,350.50249642477576,299.0,0.0,0.0,0.0,0.0,2
0.0,0.0,0.0,0.0,0.0,0.0,0.0,0.0,0.0,0.0,0.0,0.0,0.0,100.0,0.0,0.0,0.0,0.0,0.0,0.0,0.0,2,0,0.5550847457627118,0.0,0.0,0.0,0.0,0.0,0.0,2
0.0,0.0,0.0,0.0,0.0,0.0,0.0,0.0,0.0,0.0,0.0,0.0,0.0,100.0,0.0,0.0,0.0,0.0,0.0,0.0,0.0,3,0,0.5550847457627118,0.0,0.0,0.0,0.0,0.0,0.0,2
0.0,0.0,0.0,0.0,0.0,0.0,0.0,0.0,0.0,0.0,0.0,0.0,0.0,100.0,0.0,0.0,0.0,0.0,0.0,0.0,0.0,4,0,0.5550847457627118,0.0,0.0,0.0,0.0,0.0,0.0,2
0.0,0.0,0.0,0.0,0.0,0.0,0.0,0.0,0.0,0.0,0.0,0.0,0.0,100.0,0.0,0.0,0.0,0.0,0.0,0.0,0.0,5,0,0.5550847457627118,0.0,0.0,0.0,0.0,0.0,0.0,2
0.0,0.0,0.0,0.0,0.0,0.0,0.0,0.0,0.0,0.0,0.0,0.0,0.0,100.0,0.0,0.0,0.0,0.0,0.0,0.0,0.0,6,0,0.5550847457627118,0.0,0.0,0.0,0.0,0.0,0.0,2
138.0,4.0,1.2330510780149413,0.0,0.0,0.0,0.0,0.0,0.0,0.0,0.0,0.0,0.0,100.0,0.0,0.0,0.0,0.0,52.0,1444.0,10.0,7,0,0.5550847457627118,68.99999999999964,34.5,0.0,0.0,0.0,0.0,2
152.0,6.0,1.4997790928554604,0.0,0.0,0.0,0.0,0.0,0.0,0.0,0.0,0.0,0.0,100.0,0.0,0.0,0.0,0.0,558.0,1096.0,78.0,8,1,0.5550847457627118,70.5880065355767,105.0,0.0,0.0,0.0,0.0,2
62.0,1.0,-1.000088900581841e-12,0.0,0.0,0.0,0.0,0.0,0.0,0.0,0.0,0.0,0.0,97.53846153846152,0.0,0.0,0.0,0.0,522.0,0.0,16.0,9,1,0.5550847457627118,49.70244796117476,130.5,0.0,0.0,0.0,0.0,2
204.0,6.0,1.2393545276974964,0.0,0.0,0.0,0.0,0.0,0.0,0.0,0.0,0.0,0.0,94.36842105263158,0.0,0.0,0.0,0.0,928.0,1950.0,50.0,10,1,0.5550847457627118,62.38322424070929,143.5,0.0,0.0,0.0,0.0,2
94.0,3.0,0.3921199120819303,0.0,0.0,0.0,0.0,0.0,0.0,0.0,0.0,0.0,0.0,89.78571428571429,0.0,0.0,0.0,0.0,754.0,198.0,32.0,11,1,0.5550847457627118,47.25462940284213,148.5,0.0,0.0,0.0,0.0,2
96.0,1.0,-1.000088900581841e-12,0.0,0.0,0.0,0.0,0.0,0.0,0.0,0.0,0.0,0.0,85.73333333333333,0.0,0.0,0.0,0.0,870.0,18.0,10.0,12,1,0.5550847457627118,33.95585369269859,121.5,0.0,0.0,0.0,0.0,2
256.0,11.0,1.990523622624351,0.0,0.0,0.0,0.0,0.0,0.0,0.0,0.0,0.0,0.0,82.13333333333334,0.0,0.0,0.0,0.0,520.0,3636.0,54.0,13,1,0.5550847457627118,69.75194143056727,155.0,0.0,0.0,0.0,0.0,2
62.0,1.0,-1.000088900581841e-12,0.0,0.0,0.0,0.0,0.0,0.0,0.0,0.0,0.0,0.0,76.7,0.0,0.0,0.0,0.0,580.0,0.0,0.0,14,1,0.5550847457627118,87.9753753425731,170.5,0.0,0.0,0.0,0.0,2
134.0,6.0,1.3721375432074792,0.0,0.0,0.0,0.0,0.0,0.0,0.0,0.0,0.0,0.0,73.23076923076923,0.0,0.0,0.0,0.0,348.0,718.0,4.0,15,1,0.5550847457627118,68.43001290856681,134.0,0.0,0.0,0.0,0.0,2
52.0,1.0,-1.000088900581841e-12,0.0,0.0,0.0,0.0,0.0,0.0,0.0,0.0,0.0,0.0,69.2,0.0,0.0,0.0,0.0,348.0,0.0,0.0,16,1,0.5550847457627118,65.14343149287286,127.5,0.0,0.0,0.0,0.0,2
24.0,1.0,-1.000088900581841e-12,0.0,0.0,0.0,0.0,0.0,0.0,0.0,0.0,0.0,0.0,66.5,0.0,0.0,0.0,0.0,186.0,0.0,0.0,17,1,0.5550847457627118,82.34075540095533,91.0,0.0,0.0,0.0,0.0,2
274.0,4.0,0.6753590181893121,0.0,0.0,0.0,0.0,0.0,0.0,0.0,0.0,0.0,0.0,63.875,32.0,0.0,0.0,0.0,186.0,1264.0,14.0,18,1,0.5550847457627118,122.86984984120376,95.5,0.0,0.0,0.0,0.0,2
254.0,7.0,1.4447116992325832,0.0,0.0,0.0,0.0,0.0,0.0,0.0,0.0,0.0,0.0,56.1875,0.0,0.0,0.0,0.0,510.0,2474.0,32.0,19,1,0.5550847457627118,155.78082894459965,226.5,0.0,0.0,0.0,0.0,2
88.0,3.0,0.7643001603353928,0.0,0.0,0.0,0.0,0.0,0.0,0.0,0.0,0.0,0.0,51.09090909090909,0.0,0.0,0.0,0.0,330.0,862.0,28.0,20,1,0.5550847457627118,149.06262665962456,191.5,0.0,0.0,0.0,0.0,2
124.0,4.0,1.349289368501736,0.0,0.0,0.0,0.0,0.0,0.0,0.0,0.0,0.0,0.0,47.69230769230769,0.0,0.0,0.0,0.0,264.0,1560.0,20.0,21,0,0.5550847457627118,35.55277766926163,78.0,0.0,0.0,0.0,0.0,2
636.0,7.0,1.70329065971997,0.0,0.0,0.0,0.0,0.0,0.0,0.0,0.0,0.0,60.0,38.92857142857143,0.0,0.0,0.0,26.0,196.0,8810.0,24.0,22,0,0.5550847457627118,276.3059898011622,314.5,0.0,0.0,0.0,0.0,2
484.0,2.0,0.1589088795561979,0.0,0.0,0.0,0.0,0.0,0.0,0.0,0.0,0.0,0.0,88.0909090909091,0.0,0.0,22.0,0.0,66.0,176.0,10.0,23,0,0.5550847457627118,84.84299224646242,510.5,0.0,0.0,0.0,0.0,2
446.0,1.0,-1.000088900581841e-12,0.0,0.0,0.0,0.0,0.0,0.0,0.0,0.0,0.0,0.0,100.0,0.0,0.0,0.0,0.0,0.0,0.0,0.0,0,0,0.5550847457627118,125.34086856781106,529.5,0.0,0.0,0.0,0.0,2
0.0,0.0,0.0,0.0,0.0,0.0,0.0,0.0,0.0,0.0,0.0,0.0,0.0,100.0,0.0,0.0,0.0,0.0,0.0,0.0,0.0,1,0,0.5550847457627118,353.08686372241783,290.5,0.0,0.0,0.0,0.0,2
0.0,0.0,0.0,0.0,0.0,0.0,0.0,0.0,0.0,0.0,0.0,0.0,0.0,100.0,0.0,0.0,0.0,0.0,0.0,0.0,0.0,2,0,0.5550847457627118,0.0,0.0,0.0,0.0,0.0,0.0,2
0.0,0.0,0.0,0.0,0.0,0.0,0.0,0.0,0.0,0.0,0.0,0.0,0.0,100.0,0.0,0.0,0.0,0.0,0.0,0.0,0.0,3,0,0.5550847457627118,0.0,0.0,0.0,0.0,0.0,0.0,2
0.0,0.0,0.0,0.0,0.0,0.0,0.0,0.0,0.0,0.0,0.0,0.0,0.0,100.0,0.0,0.0,0.0,0.0,0.0,0.0,0.0,4,0,0.5550847457627118,0.0,0.0,0.0,0.0,0.0,0.0,2
0.0,0.0,0.0,0.0,0.0,0.0,0.0,0.0,0.0,0.0,0.0,0.0,0.0,100.0,0.0,0.0,0.0,0.0,0.0,0.0,0.0,5,0,0.5550847457627118,0.0,0.0,0.0,0.0,0.0,0.0,2
0.0,0.0,0.0,0.0,0.0,0.0,0.0,0.0,0.0,0.0,0.0,0.0,0.0,100.0,0.0,0.0,0.0,0.0,0.0,0.0,0.0,6,0,0.5550847457627118,0.0,0.0,0.0,0.0,0.0,0.0,2
114.0,5.0,1.3555199714443846,0.0,0.0,0.0,0.0,0.0,0.0,0.0,0.0,0.0,0.0,100.0,0.0,0.0,0.0,0.0,66.0,1912.0,8.0,7,0,0.5550847457627118,56.99999999999949,28.5,0.0,0.0,0.0,0.0,2
228.0,4.0,1.1565832725835106,0.0,0.0,0.0,0.0,0.0,0.0,0.0,0.0,0.0,0.0,99.64285714285714,0.0,0.0,0.0,0.0,406.0,1006.0,52.0,8,1,0.5550847457627118,109.67223896684128,143.0,0.0,0.0,0.0,0.0,2
166.0,5.0,1.1001214301784998,0.0,0.0,0.0,0.0,0.0,0.0,0.0,0.0,0.0,0.0,95.0,0.0,0.0,0.0,0.0,744.0,1466.0,34.0,9,1,0.5550847457627118,68.75075757158324,177.0,0.0,0.0,0.0,0.0,2
156.0,3.0,0.8105671217375664,0.0,0.0,0.0,0.0,0.0,0.0,0.0,0.0,0.0,0.0,90.16666666666669,0.0,0.0,0.0,0.0,136.0,1598.0,22.0,10,1,0.5550847457627118,45.22536161639037,122.0,0.0,0.0,0.0,0.0,2
138.0,5.0,1.3832445639490996,0.0,0.0,0.0,0.0,0.0,0.0,0.0,0.0,0.0,0.0,81.06666666666666,0.0,0.0,0.0,38.0,696.0,3748.0,36.0,11,1,0.5550847457627118,169.2916615390924,208.5,0.0,0.0,0.0,0.0,2
312.0,3.0,0.4606130624861318,0.0,0.0,0.0,0.0,0.0,0.0,0.0,0.0,0.0,4.0,39.5,0.0,0.0,0.0,0.0,20.0,382.0,6.0,22,0,0.5550847457627118,135.45971110752183,110.0,0.0,0.0,0.0,0.0,2
718.0,1.0,-1.000088900581841e-12,0.0,0.0,0.0,0.0,0.0,0.0,0.0,0.0,0.0,0.0,93.26666666666668,0.0,0.0,0.0,0.0,0.0,0.0,0.0,23,0,0.5550847457627118,326.61241046026805,449.5,0.0,0.0,0.0,0.0,2
0.0,0.0,0.0,0.0,0.0,0.0,0.0,0.0,0.0,0.0,0.0,0.0,0.0,100.0,0.0,0.0,0.0,0.0,0.0,0.0,0.0,0,0,0.5550847457627118,351.641389296918,526.5,0.0,0.0,0.0,0.0,2
0.0,0.0,0.0,0.0,0.0,0.0,0.0,0.0,0.0,0.0,0.0,0.0,0.0,100.0,0.0,0.0,0.0,0.0,0.0,0.0,0.0,1,0,0.5550847457627118,335.9999999999999,168.0,0.0,0.0,0.0,0.0,2
0.0,0.0,0.0,0.0,0.0,0.0,0.0,0.0,0.0,0.0,0.0,0.0,0.0,100.0,0.0,0.0,0.0,0.0,0.0,0.0,0.0,2,0,0.5550847457627118,0.0,0.0,0.0,0.0,0.0,0.0,2
0.0,0.0,0.0,0.0,0.0,0.0,0.0,0.0,0.0,0.0,0.0,0.0,0.0,100.0,0.0,0.0,0.0,0.0,0.0,0.0,0.0,3,0,0.5550847457627118,0.0,0.0,0.0,0.0,0.0,0.0,2
0.0,0.0,0.0,0.0,0.0,0.0,0.0,0.0,0.0,0.0,0.0,0.0,0.0,100.0,0.0,0.0,0.0,0.0,0.0,0.0,0.0,4,0,0.5550847457627118,0.0,0.0,0.0,0.0,0.0,0.0,2
0.0,0.0,0.0,0.0,0.0,0.0,0.0,0.0,0.0,0.0,0.0,0.0,0.0,100.0,0.0,0.0,0.0,0.0,0.0,0.0,0.0,5,0,0.5550847457627118,0.0,0.0,0.0,0.0,0.0,0.0,2
0.0,0.0,0.0,0.0,0.0,0.0,0.0,0.0,0.0,0.0,0.0,0.0,0.0,100.0,0.0,0.0,0.0,0.0,0.0,0.0,0.0,6,0,0.5550847457627118,0.0,0.0,0.0,0.0,0.0,0.0,2
0.0,0.0,0.0,0.0,0.0,0.0,0.0,0.0,0.0,0.0,0.0,0.0,0.0,100.0,0.0,0.0,0.0,0.0,0.0,0.0,0.0,7,0,0.5550847457627118,0.0,0.0,0.0,0.0,0.0,0.0,2
0.0,0.0,0.0,0.0,0.0,0.0,0.0,0.0,0.0,0.0,0.0,0.0,0.0,100.0,0.0,0.0,0.0,0.0,0.0,0.0,0.0,8,1,0.5550847457627118,0.0,0.0,0.0,0.0,0.0,0.0,2
82.0,5.0,1.1781629636171598,0.0,0.0,0.0,0.0,0.0,0.0,0.0,0.0,0.0,0.0,100.0,0.0,0.0,0.0,0.0,12.0,406.0,4.0,9,1,0.5550847457627118,40.99999999999929,20.5,0.0,0.0,0.0,0.0,2
104.0,5.0,1.5655883068225294,0.0,0.0,0.0,0.0,0.0,0.0,0.0,0.0,0.0,0.0,94.9090909090909,0.0,0.0,0.0,0.0,32.0,512.0,32.0,10,1,0.5550847457627118,52.78888771954386,76.0,0.0,0.0,0.0,0.0,2
134.0,3.0,0.4656872460118556,0.0,0.0,0.0,0.0,0.0,0.0,0.0,0.0,0.0,0.0,90.0,0.0,0.0,0.0,0.0,18.0,462.0,8.0,11,1,0.5550847457627118,46.96097670761624,96.0,0.0,0.0,0.0,0.0,2
48.0,4.0,1.1988493129096212,0.0,0.0,0.0,0.0,0.0,0.0,0.0,0.0,0.0,0.0,84.625,0.0,0.0,0.0,0.0,12.0,300.0,4.0,12,1,0.5550847457627118,48.37010095778805,77.5,0.0,0.0,0.0,0.0,2
16.0,1.0,-1.000088900581841e-12,0.0,0.0,0.0,0.0,0.0,0.0,0.0,0.0,0.0,0.0,83.0,0.0,0.0,0.0,0.0,6.0,0.0,0.0,13,1,0.5550847457627118,39.64845520319729,45.0,0.0,0.0,0.0,0.0,2
12.0,1.0,-1.000088900581841e-12,0.0,0.0,0.0,0.0,0.0,0.0,0.0,0.0,0.0,0.0,81.0,0.0,0.0,0.0,0.0,0.0,0.0,0.0,14,1,0.5550847457627118,2.5166114784120466,15.5,0.0,0.0,0.0,0.0,2
20.0,1.0,-1.000088900581841e-12,0.0,0.0,0.0,0.0,0.0,0.0,0.0,0.0,0.0,0.0,78.5,0.0,0.0,0.0,0.0,8.0,0.0,10.0,15,1,0.5550847457627118,19.95828983989548,26.5,0.0,0.0,0.0,0.0,2
68.0,3.0,0.7854634705619197,0.0,0.0,0.0,0.0,0.0,0.0,0.0,0.0,0.0,0.0,71.71428571428571,0.0,0.0,0.0,0.0,8.0,352.0,4.0,16,1,0.5550847457627118,29.99999999999904,59.0,0.0,0.0,0.0,0.0,2
10.0,1.0,-1.000088900581841e-12,0.0,0.0,0.0,0.0,0.0,0.0,0.0,0.0,0.0,0.0,69.33333333333333,0.0,0.0,0.0,0.0,0.0,0.0,0.0,17,1,0.5550847457627118,41.03250743820817,45.5,0.0,0.0,0.0,0.0,2
16.0,1.0,-1.000088900581841e-12,0.0,0.0,0.0,0.0,0.0,0.0,0.0,0.0,0.0,0.0,64.71428571428571,0.0,0.0,0.0,0.0,16.0,0.0,2.0,18,1,0.5550847457627118,34.7562943939647,30.0,0.0,0.0,0.0,0.0,2
164.0,4.0,0.5461644410618234,0.0,0.0,0.0,0.0,0.0,0.0,0.0,0.0,0.0,0.0,58.35714285714285,0.0,0.0,0.0,0.0,8.0,322.0,10.0,19,1,0.5550847457627118,60.539243470660765,87.5,0.0,0.0,0.0,0.0,2
32.0,2.0,0.6853142072744584,0.0,0.0,0.0,0.0,0.0,0.0,0.0,0.0,0.0,0.0,53.85714285714285,0.0,0.0,0.0,0.0,16.0,64.0,8.0,20,1,0.5550847457627118,61.53589738247593,80.0,0.0,0.0,0.0,0.0,2
68.0,4.0,1.095453653853697,0.0,0.0,0.0,0.0,0.0,0.0,0.0,0.0,0.0,0.0,49.25,0.0,0.0,0.0,0.0,16.0,588.0,14.0,21,0,0.5550847457627118,17.3108828967967,48.5,0.0,0.0,0.0,0.0,2
198.0,6.0,1.4594474809674238,0.0,0.0,0.0,0.0,0.0,0.0,0.0,0.0,0.0,0.0,43.06666666666667,0.0,0.0,0.0,0.0,16.0,1480.0,8.0,22,0,0.5550847457627118,72.74384280931692,90.5,0.0,0.0,0.0,0.0,2
716.0,1.0,-1.000088900581841e-12,0.0,0.0,0.0,0.0,0.0,0.0,0.0,0.0,0.0,0.0,84.63333333333334,0.0,0.0,0.0,0.0,14.0,0.0,0.0,23,0,0.5550847457627118,335.77919332005456,402.5,0.0,0.0,0.0,0.0,2
0.0,0.0,0.0,0.0,0.0,0.0,0.0,0.0,0.0,0.0,0.0,0.0,0.0,100.0,0.0,0.0,0.0,0.0,0.0,0.0,0.0,0,0,0.5550847457627118,339.7685486719843,508.0,0.0,0.0,0.0,0.0,2
0.0,0.0,0.0,0.0,0.0,0.0,0.0,0.0,0.0,0.0,0.0,0.0,0.0,100.0,0.0,0.0,0.0,0.0,0.0,0.0,0.0,1,0,0.5550847457627118,328.99999999999983,164.5,0.0,0.0,0.0,0.0,2
0.0,0.0,0.0,0.0,0.0,0.0,0.0,0.0,0.0,0.0,0.0,0.0,0.0,100.0,0.0,0.0,0.0,0.0,0.0,0.0,0.0,2,0,0.5550847457627118,0.0,0.0,0.0,0.0,0.0,0.0,2
0.0,0.0,0.0,0.0,0.0,0.0,0.0,0.0,0.0,0.0,0.0,0.0,0.0,100.0,0.0,0.0,0.0,0.0,0.0,0.0,0.0,3,0,0.5550847457627118,0.0,0.0,0.0,0.0,0.0,0.0,2
0.0,0.0,0.0,0.0,0.0,0.0,0.0,0.0,0.0,0.0,0.0,0.0,0.0,100.0,0.0,0.0,0.0,0.0,0.0,0.0,0.0,4,0,0.5550847457627118,0.0,0.0,0.0,0.0,0.0,0.0,2
0.0,0.0,0.0,0.0,0.0,0.0,0.0,0.0,0.0,0.0,0.0,0.0,0.0,100.0,0.0,0.0,0.0,0.0,0.0,0.0,0.0,5,0,0.5550847457627118,0.0,0.0,0.0,0.0,0.0,0.0,2
0.0,0.0,0.0,0.0,0.0,0.0,0.0,0.0,0.0,0.0,0.0,0.0,0.0,100.0,0.0,0.0,0.0,0.0,0.0,0.0,0.0,6,0,0.5550847457627118,0.0,0.0,0.0,0.0,0.0,0.0,2
0.0,0.0,0.0,0.0,0.0,0.0,0.0,0.0,0.0,0.0,0.0,0.0,0.0,100.0,0.0,0.0,0.0,0.0,0.0,0.0,0.0,7,0,0.5550847457627118,0.0,0.0,0.0,0.0,0.0,0.0,2
266.0,5.0,0.9630135242518584,0.0,0.0,0.0,0.0,0.0,0.0,0.0,0.0,0.0,0.0,99.88235294117646,0.0,0.0,0.0,0.0,56.0,1626.0,14.0,8,1,0.5550847457627118,132.3467667405085,67.5,0.0,0.0,0.0,0.0,2
24.0,2.0,0.2868359830541607,0.0,0.0,0.0,0.0,0.0,0.0,0.0,0.0,0.0,0.0,95.57142857142856,0.0,0.0,0.0,0.0,42.0,52.0,4.0,9,1,0.5550847457627118,119.09100161920954,99.0,0.0,0.0,0.0,0.0,2
20.0,1.0,-1.000088900581841e-12,0.0,0.0,0.0,0.0,0.0,0.0,0.0,0.0,0.0,0.0,90.83333333333331,0.0,0.0,0.0,0.0,14.0,0.0,4.0,10,1,0.5550847457627118,68.0881781221961,77.0,0.0,0.0,1.999999999999994,1.0,2
12.0,1.0,-1.000088900581841e-12,0.0,0.0,0.0,0.0,0.0,0.0,0.0,0.0,0.0,0.0,88.83333333333333,0.0,0.0,0.0,0.0,0.0,0.0,0.0,11,1,0.5550847457627118,73.76313442363944,51.5,0.0,0.0,1.999999999999994,1.0,2
114.0,7.0,1.7920822762612278,0.0,0.0,0.0,0.0,0.0,0.0,0.0,0.0,0.0,0.0,86.22222222222223,0.0,0.0,0.0,0.0,28.0,1310.0,8.0,12,1,0.5550847457627118,50.99999999999905,37.5,0.0,0.0,3.999999999999997,2.0,2
12.0,1.0,-1.000088900581841e-12,0.0,0.0,0.0,0.0,0.0,0.0,0.0,0.0,0.0,0.0,77.66666666666667,0.0,0.0,0.0,0.0,0.0,0.0,0.0,13,1,0.5550847457627118,120.04998958767096,101.0,0.0,0.0,3.999999999999997,2.0,2
166.0,4.0,1.1884844618779151,0.0,0.0,0.0,0.0,0.0,0.0,0.0,0.0,0.0,0.0,69.92307692307692,0.0,0.0,0.0,0.0,100.0,746.0,30.0,14,1,0.5550847457627118,108.6952927530285,133.0,0.0,0.0,0.0,0.0,2
134.0,6.0,1.322408763928885,0.0,0.0,0.0,0.0,0.0,0.0,0.0,0.0,0.0,0.0,62.75,0.0,16.0,8.0,0.0,298.0,770.0,68.0,15,1,0.5550847457627118,32.91909273759787,125.5,0.0,0.0,0.0,0.0,2
40.0,3.0,0.8556886672526693,0.0,0.0,0.0,0.0,0.0,0.0,0.0,0.0,0.0,0.0,57.375,0.0,0.0,0.0,0.0,44.0,210.0,8.0,16,1,0.5550847457627118,40.87378948258369,93.0,0.0,0.0,0.0,0.0,2
70.0,2.0,0.4581441790595257,0.0,0.0,0.0,0.0,0.0,0.0,0.0,0.0,0.0,0.0,53.6,0.0,0.0,0.0,0.0,104.0,668.0,16.0,17,1,0.5550847457627118,28.142494558938843,54.0,0.0,0.0,0.0,0.0,2
56.0,5.0,1.398996035529611,0.0,0.0,0.0,0.0,0.0,0.0,0.0,0.0,0.0,0.0,46.375,0.0,0.0,0.0,12.0,78.0,832.0,14.0,18,1,0.5550847457627118,20.33060090930014,48.0,0.0,0.0,0.0,0.0,2
134.0,8.0,1.722439597600362,0.0,0.0,0.0,0.0,0.0,0.0,0.0,0.0,0.0,0.0,40.41666666666666,0.0,0.0,0.0,0.0,182.0,1634.0,14.0,19,1,0.5550847457627118,50.52722038663816,62.5,0.0,0.0,0.0,0.0,2
102.0,5.0,1.22798229262826,0.0,0.0,0.0,0.0,0.0,0.0,0.0,0.0,0.0,0.0,30.285714285714285,0.0,0.0,0.0,0.0,234.0,838.0,40.0,20,1,0.5550847457627118,98.52749193330035,126.5,0.0,0.0,0.0,0.0,2
138.0,6.0,1.3167535889999225,0.0,0.0,0.0,0.0,0.0,0.0,0.0,0.0,0.0,0.0,19.83333333333333,0.0,0.0,0.0,0.0,28.0,1764.0,8.0,21,0,0.5550847457627118,85.46929273136583,192.5,0.0,0.0,0.0,0.0,2
474.0,3.0,0.3569020836168975,0.0,0.0,0.0,0.0,0.0,0.0,0.0,0.0,0.0,32.0,55.08695652173913,0.0,0.0,0.0,0.0,32.0,370.0,8.0,22,0,0.5550847457627118,145.68802284333432,319.5,0.0,0.0,0.0,0.0,2
718.0,1.0,-1.000088900581841e-12,0.0,0.0,0.0,0.0,0.0,0.0,0.0,0.0,0.0,0.0,96.4,0.0,0.0,0.0,0.0,0.0,0.0,0.0,23,0,0.5550847457627118,168.08232110090154,574.5,0.0,0.0,0.0,0.0,2
0.0,0.0,0.0,0.0,0.0,0.0,0.0,0.0,0.0,0.0,0.0,0.0,0.0,100.0,0.0,0.0,0.0,0.0,32.0,0.0,0.0,0,0,0.5550847457627118,341.6762600279197,453.0,0.0,0.0,0.0,0.0,2
0.0,0.0,0.0,0.0,0.0,0.0,0.0,0.0,0.0,0.0,0.0,0.0,0.0,100.0,0.0,0.0,0.0,0.0,0.0,0.0,0.0,1,0,0.5550847457627118,188.9999999999997,94.5,0.0,0.0,0.0,0.0,2
0.0,0.0,0.0,0.0,0.0,0.0,0.0,0.0,0.0,0.0,0.0,0.0,0.0,100.0,0.0,0.0,0.0,0.0,0.0,0.0,0.0,2,0,0.5550847457627118,0.0,0.0,0.0,0.0,0.0,0.0,2
0.0,0.0,0.0,0.0,0.0,0.0,0.0,0.0,0.0,0.0,0.0,0.0,0.0,100.0,0.0,0.0,0.0,0.0,0.0,0.0,0.0,3,0,0.5550847457627118,0.0,0.0,0.0,0.0,0.0,0.0,2
0.0,0.0,0.0,0.0,0.0,0.0,0.0,0.0,0.0,0.0,0.0,0.0,0.0,100.0,0.0,0.0,0.0,0.0,0.0,0.0,0.0,4,0,0.5550847457627118,0.0,0.0,0.0,0.0,0.0,0.0,2
222.0,1.0,-1.000088900581841e-12,0.0,0.0,0.0,0.0,0.0,0.0,0.0,0.0,0.0,0.0,100.0,0.0,0.0,0.0,0.0,32.0,0.0,6.0,5,0,0.5550847457627118,110.99999999999956,55.5,0.0,0.0,0.0,0.0,2
104.0,1.0,-1.000088900581841e-12,0.0,0.0,0.0,0.0,0.0,0.0,0.0,0.0,0.0,0.0,100.0,0.0,0.0,0.0,0.0,0.0,0.0,0.0,6,0,0.5550847457627118,120.05554270142316,148.0,0.0,0.0,0.0,0.0,2
0.0,0.0,0.0,0.0,0.0,0.0,0.0,0.0,0.0,0.0,0.0,0.0,0.0,100.0,0.0,0.0,0.0,0.0,0.0,0.0,0.0,7,0,0.5550847457627118,125.62775701783916,92.5,0.0,0.0,0.0,0.0,2
66.0,4.0,1.1694268554973304,0.0,0.0,0.0,0.0,0.0,0.0,0.0,0.0,0.0,0.0,100.0,0.0,0.0,0.0,0.0,64.0,894.0,8.0,8,1,0.5550847457627118,32.999999999998515,16.5,0.0,0.0,0.0,0.0,2
44.0,3.0,0.9957374991748268,0.0,0.0,0.0,0.0,0.0,0.0,0.0,0.0,0.0,0.0,100.0,0.0,0.0,0.0,0.0,70.0,486.0,8.0,9,1,0.5550847457627118,27.47119703738024,36.0,0.0,0.0,0.0,0.0,2
12.0,1.0,-1.000088900581841e-12,0.0,0.0,0.0,0.0,0.0,0.0,0.0,0.0,0.0,0.0,97.66666666666669,0.0,0.0,0.0,0.0,0.0,0.0,0.0,10,1,0.5550847457627118,20.09145755455708,37.5,0.0,0.0,0.0,0.0,2
54.0,4.0,1.2761848019335764,0.0,0.0,0.0,0.0,0.0,0.0,0.0,0.0,0.0,0.0,93.14285714285714,0.0,0.0,0.0,0.0,108.0,300.0,32.0,11,1,0.5550847457627118,21.354156504060327,42.0,0.0,0.0,0.0,0.0,2
12.0,1.0,-1.000088900581841e-12,0.0,0.0,0.0,0.0,0.0,0.0,0.0,0.0,0.0,0.0,90.16666666666669,0.0,0.0,0.0,0.0,72.0,0.0,0.0,12,1,0.5550847457627118,21.354156504060327,30.0,0.0,0.0,0.0,0.0,2
22.0,2.0,0.6554817738993928,0.0,0.0,0.0,0.0,0.0,0.0,0.0,0.0,0.0,0.0,88.5,0.0,0.0,0.0,0.0,72.0,232.0,12.0,13,1,0.5550847457627118,4.898979485556362,16.0,0.0,0.0,0.0,0.0,2
66.0,5.0,1.0012446633410492,0.0,0.0,0.0,0.0,0.0,0.0,0.0,0.0,0.0,0.0,82.44444444444444,0.0,0.0,0.0,0.0,198.0,720.0,28.0,14,1,0.5550847457627118,29.771350881900464,45.5,0.0,0.0,0.0,0.0,2
6.0,1.0,-1.000088900581841e-12,0.0,0.0,0.0,0.0,0.0,0.0,0.0,0.0,0.0,0.0,79.83333333333333,26.0,0.0,0.0,0.0,0.0,0.0,0.0,15,1,0.5550847457627118,36.11094017053422,40.0,0.0,0.0,0.0,0.0,2
178.0,3.0,0.5292808990589905,0.0,0.0,0.0,0.0,0.0,0.0,0.0,0.0,0.0,0.0,74.28571428571429,0.0,0.0,0.0,0.0,10.0,440.0,8.0,16,1,0.5550847457627118,82.51060537894449,76.0,0.0,0.0,0.0,0.0,2
28.0,3.0,1.0933747175536468,0.0,0.0,0.0,0.0,0.0,0.0,0.0,0.0,0.0,0.0,68.5,0.0,0.0,0.0,0.0,4.0,62.0,4.0,17,1,0.5550847457627118,69.28924880527933,88.5,0.0,0.0,0.0,0.0,2
64.0,3.0,0.970457702786494,0.0,0.0,0.0,0.0,0.0,0.0,0.0,0.0,0.0,0.0,60.5,0.0,0.0,0.0,0.0,2.0,210.0,2.0,18,1,0.5550847457627118,51.23475382979705,68.5,0.0,0.0,0.0,0.0,2
58.0,6.0,1.6363812203585455,0.0,0.0,0.0,0.0,0.0,0.0,0.0,0.0,0.0,0.0,57.0,0.0,0.0,0.0,0.0,22.0,492.0,8.0,19,1,0.5550847457627118,50.52722038663816,71.5,0.0,0.0,0.0,0.0,2
30.0,2.0,0.6365141682928128,0.0,0.0,0.0,0.0,0.0,0.0,0.0,0.0,0.0,0.0,50.285714285714285,0.0,0.0,0.0,0.0,0.0,288.0,0.0,20,1,0.5550847457627118,21.992422937606708,44.5,0.0,0.0,0.0,0.0,2
60.0,5.0,1.4135304615796118,0.0,0.0,0.0,0.0,0.0,0.0,0.0,0.0,0.0,0.0,45.85714285714285,0.0,0.0,0.0,0.0,24.0,786.0,12.0,21,0,0.5550847457627118,17.925772879662297,49.0,0.0,0.0,0.0,0.0,2
74.0,3.0,0.721888364220798,0.0,0.0,0.0,0.0,0.0,0.0,0.0,0.0,0.0,0.0,35.888888888888886,0.0,0.0,0.0,0.0,30.0,868.0,14.0,22,0,0.5550847457627118,34.66025581748116,73.0,0.0,0.0,0.0,0.0,2
688.0,3.0,0.1770825741968233,0.0,0.0,0.0,0.0,0.0,0.0,0.0,0.0,0.0,16.0,46.354838709677416,0.0,0.0,8.0,0.0,32.0,102.0,0.0,23,0,0.5550847457627118,306.34403318273814,231.0,0.0,0.0,0.0,0.0,2
44.0,1.0,-1.000088900581841e-12,0.0,0.0,0.0,0.0,0.0,0.0,0.0,0.0,0.0,0.0,95.5,0.0,0.0,0.0,0.0,0.0,0.0,0.0,0,0,0.5550847457627118,380.6463800782382,372.5,0.0,0.0,0.0,0.0,2
0.0,0.0,0.0,0.0,0.0,0.0,0.0,0.0,0.0,0.0,0.0,0.0,0.0,100.0,0.0,0.0,0.0,0.0,0.0,0.0,0.0,1,0,0.5550847457627118,351.2795657782178,190.0,0.0,0.0,0.0,0.0,2
0.0,0.0,0.0,0.0,0.0,0.0,0.0,0.0,0.0,0.0,0.0,0.0,0.0,100.0,0.0,0.0,0.0,0.0,0.0,0.0,0.0,2,0,0.5550847457627118,0.0,0.0,0.0,0.0,0.0,0.0,2
0.0,0.0,0.0,0.0,0.0,0.0,0.0,0.0,0.0,0.0,0.0,0.0,0.0,100.0,0.0,0.0,0.0,0.0,0.0,0.0,0.0,3,0,0.5550847457627118,0.0,0.0,0.0,0.0,0.0,0.0,2
0.0,0.0,0.0,0.0,0.0,0.0,0.0,0.0,0.0,0.0,0.0,0.0,0.0,100.0,0.0,0.0,0.0,0.0,0.0,0.0,0.0,4,0,0.5550847457627118,0.0,0.0,0.0,0.0,0.0,0.0,2
0.0,0.0,0.0,0.0,0.0,0.0,0.0,0.0,0.0,0.0,0.0,0.0,0.0,100.0,0.0,0.0,0.0,0.0,0.0,0.0,0.0,5,0,0.5550847457627118,0.0,0.0,0.0,0.0,0.0,0.0,2
0.0,0.0,0.0,0.0,0.0,0.0,0.0,0.0,0.0,0.0,0.0,0.0,0.0,100.0,0.0,0.0,0.0,0.0,0.0,0.0,0.0,6,0,0.5550847457627118,0.0,0.0,0.0,0.0,0.0,0.0,2
82.0,5.0,1.2773803477112111,0.0,0.0,0.0,0.0,0.0,0.0,0.0,0.0,0.0,0.0,100.0,0.0,0.0,0.0,0.0,64.0,546.0,8.0,7,0,0.5550847457627118,40.99999999999866,20.5,0.0,0.0,0.0,0.0,2
200.0,4.0,0.447326474324008,0.0,0.0,0.0,0.0,0.0,0.0,0.0,0.0,0.0,0.0,99.5,0.0,0.0,0.0,0.0,54.0,524.0,4.0,8,1,0.5550847457627118,83.27464600144847,87.0,0.0,0.0,0.0,0.0,2
26.0,2.0,0.4293230219286162,0.0,0.0,0.0,8.0,0.0,0.0,0.0,0.0,0.0,0.0,95.5,0.0,6.0,0.0,0.0,90.0,130.0,14.0,9,1,0.5550847457627118,76.71592620397166,88.0,0.0,0.0,3.999999999999997,2.0,2
96.0,6.0,1.598130461465005,0.0,0.0,0.0,30.0,0.0,0.0,0.0,0.0,0.0,0.0,91.6,0.0,0.0,0.0,0.0,90.0,420.0,10.0,10,1,0.5550847457627118,29.7713508819003,56.5,0.0,0.0,13.403979508588732,10.5,2
20.0,1.0,-1.000088900581841e-12,0.0,0.0,0.0,0.0,0.0,0.0,0.0,0.0,0.0,0.0,85.0,0.0,0.0,0.0,6.0,54.0,0.0,4.0,11,1,0.5550847457627118,33.06559138036436,58.0,0.0,0.0,13.564659966250536,10.0,2
4.0,1.0,-1.000088900581841e-12,0.0,0.0,0.0,0.0,0.0,0.0,0.0,0.0,0.0,0.0,83.16666666666667,14.0,0.0,0.0,0.0,36.0,0.0,0.0,12,1,0.5550847457627118,30.70287717245013,27.0,0.0,0.0,3.0,1.5,2
128.0,5.0,1.2921131594044937,0.0,0.0,0.0,0.0,0.0,0.0,0.0,0.0,0.0,0.0,79.58333333333333,0.0,0.0,0.0,0.0,36.0,1136.0,6.0,13,1,0.5550847457627118,56.88292069388279,45.5,0.0,0.0,0.0,0.0,2
34.0,3.0,0.958691859322372,0.0,0.0,0.0,0.0,0.0,0.0,0.0,0.0,0.0,0.0,71.625,0.0,0.0,0.0,0.0,60.0,62.0,6.0,14,1,0.5550847457627118,44.94070167083018,72.5,0.0,0.0,0.0,0.0,2
6.0,1.0,-1.000088900581841e-12,0.0,0.0,0.0,0.0,0.0,0.0,0.0,0.0,0.0,0.0,69.33333333333333,4.0,0.0,0.0,0.0,60.0,0.0,0.0,15,1,0.5550847457627118,38.27531841800786,35.5,0.0,0.0,0.0,0.0,2
30.0,2.0,0.6909233093118181,0.0,0.0,0.0,0.0,0.0,0.0,0.0,0.0,0.0,0.0,66.85714285714286,0.0,0.0,0.0,0.0,60.0,328.0,6.0,16,1,0.5550847457627118,13.601470508731463,20.5,0.0,0.0,0.0,0.0,3
70.0,7.0,1.8158992930824347,0.0,0.0,0.0,6.0,0.0,0.0,0.0,0.0,0.0,0.0,63.66666666666666,0.0,0.0,0.0,0.0,66.0,534.0,8.0,17,1,0.5550847457627118,21.26029162546676,39.0,0.0,0.0,3.0,1.5,3
12.0,1.0,-1.000088900581841e-12,0.0,0.0,0.0,0.0,0.0,0.0,0.0,0.0,0.0,0.0,60.333333333333336,14.0,0.0,0.0,0.0,0.0,0.0,0.0,18,1,0.5550847457627118,27.736858750284345,29.0,0.0,0.0,3.0,1.5,3
36.0,3.0,0.9950269901765214,0.0,0.0,0.0,14.0,0.0,0.0,0.0,0.0,0.0,0.0,58.125,14.0,0.0,0.0,0.0,66.0,162.0,10.0,19,1,0.5550847457627118,15.099668870537917,15.0,0.0,0.0,7.000000000000001,3.5,3
138.0,3.0,1.08501115745515,0.0,0.0,0.0,0.0,0.0,0.0,0.0,0.0,0.0,0.0,52.25,0.0,0.0,0.0,0.0,66.0,994.0,10.0,20,1,0.5550847457627118,60.59702963017157,50.0,0.0,0.0,7.000000000000001,3.5,3
52.0,3.0,0.7001611840535407,0.0,0.0,0.0,0.0,0.0,0.0,0.0,0.0,0.0,0.0,46.42857142857143,0.0,0.0,0.0,0.0,44.0,650.0,4.0,21,0,0.5550847457627118,52.26534862283575,61.5,0.0,0.0,0.0,0.0,3
38.0,3.0,1.017164350921834,0.0,0.0,0.0,0.0,0.0,0.0,0.0,0.0,0.0,0.0,41.85714285714285,0.0,0.0,0.0,0.0,66.0,744.0,14.0,22,0,0.5550847457627118,16.693312034061965,33.0,0.0,0.0,0.0,0.0,2
650.0,2.0,0.2311798366774594,0.0,0.0,0.0,0.0,0.0,0.0,0.0,0.0,0.0,22.0,46.48275862068966,0.0,0.0,0.0,0.0,22.0,242.0,0.0,23,0,0.5550847457627118,294.9101558102058,237.0,0.0,0.0,0.0,0.0,2
88.0,1.0,-1.000088900581841e-12,0.0,0.0,0.0,0.0,0.0,0.0,0.0,0.0,0.0,0.0,80.0,0.0,0.0,0.0,0.0,0.0,0.0,0.0,0,0,0.5550847457627118,306.25044217655136,426.0,0.0,0.0,0.0,0.0,2
0.0,0.0,0.0,0.0,0.0,0.0,0.0,0.0,0.0,0.0,0.0,0.0,0.0,80.0,0.0,0.0,0.0,0.0,0.0,0.0,0.0,1,0,0.5550847457627118,346.8232018382467,201.5,0.0,0.0,0.0,0.0,2
0.0,0.0,0.0,0.0,0.0,0.0,0.0,0.0,0.0,0.0,0.0,0.0,0.0,80.0,0.0,0.0,0.0,0.0,0.0,0.0,0.0,2,0,0.5550847457627118,0.0,0.0,0.0,0.0,0.0,0.0,2
0.0,0.0,0.0,0.0,0.0,0.0,0.0,0.0,0.0,0.0,0.0,0.0,0.0,80.0,0.0,0.0,0.0,0.0,0.0,0.0,0.0,3,0,0.5550847457627118,0.0,0.0,0.0,0.0,0.0,0.0,2
0.0,0.0,0.0,0.0,0.0,0.0,0.0,0.0,0.0,0.0,0.0,0.0,0.0,80.0,0.0,0.0,0.0,0.0,0.0,0.0,0.0,4,0,0.5550847457627118,0.0,0.0,0.0,0.0,0.0,0.0,2
0.0,0.0,0.0,0.0,0.0,0.0,0.0,0.0,0.0,0.0,0.0,0.0,0.0,88.23333333333333,0.0,0.0,0.0,0.0,0.0,0.0,0.0,5,0,0.5550847457627118,0.0,0.0,0.0,0.0,0.0,0.0,2
0.0,0.0,0.0,0.0,0.0,0.0,0.0,0.0,0.0,0.0,0.0,0.0,0.0,100.0,0.0,0.0,0.0,0.0,0.0,0.0,0.0,6,0,0.5550847457627118,0.0,0.0,0.0,0.0,0.0,0.0,2
0.0,0.0,0.0,0.0,0.0,0.0,0.0,0.0,0.0,0.0,0.0,0.0,0.0,100.0,0.0,0.0,0.0,0.0,0.0,0.0,0.0,7,0,0.5550847457627118,0.0,0.0,0.0,0.0,0.0,0.0,2
112.0,6.0,1.2667326333058704,0.0,0.0,0.0,0.0,0.0,0.0,0.0,0.0,0.0,0.0,99.8181818181818,0.0,0.0,0.0,0.0,104.0,648.0,18.0,8,1,0.5550847457627118,59.91939029507245,51.5,0.0,0.0,0.0,0.0,2
28.0,1.0,-1.000088900581841e-12,0.0,0.0,0.0,0.0,0.0,0.0,0.0,0.0,0.0,0.0,96.44444444444444,0.0,10.0,0.0,0.0,208.0,16.0,16.0,9,1,0.5550847457627118,37.46998799038891,73.0,0.0,0.0,0.0,0.0,2
42.0,3.0,0.8468143807295634,0.0,0.0,0.0,0.0,0.0,0.0,0.0,0.0,0.0,0.0,92.875,0.0,0.0,0.0,0.0,104.0,476.0,12.0,10,1,0.5550847457627118,14.282856857081828,39.0,0.0,0.0,0.0,0.0,2
30.0,5.0,1.489750318845591,0.0,0.0,0.0,0.0,0.0,0.0,0.0,0.0,0.0,0.0,86.57142857142857,0.0,0.0,0.0,0.0,56.0,100.0,10.0,11,1,0.5550847457627118,69.60842860841798,68.0,0.0,0.0,0.0,0.0,2
66.0,3.0,0.6451964504000799,0.0,0.0,0.0,0.0,0.0,0.0,0.0,0.0,0.0,0.0,83.875,0.0,0.0,0.0,0.0,168.0,306.0,28.0,12,1,0.5550847457627118,70.03570517957172,71.5,0.0,0.0,0.0,0.0,2
234.0,3.0,0.4471145876284657,0.0,0.0,0.0,0.0,0.0,0.0,0.0,0.0,0.0,0.0,77.88235294117646,0.0,0.0,0.0,0.0,136.0,814.0,22.0,13,1,0.5550847457627118,99.3579387869932,88.0,0.0,0.0,0.0,0.0,2
90.0,6.0,1.3419348032973235,0.0,0.0,0.0,0.0,0.0,0.0,0.0,0.0,0.0,0.0,66.76923076923077,0.0,14.0,8.0,0.0,262.0,194.0,28.0,14,1,0.5550847457627118,92.97311439335508,139.0,0.0,0.0,0.0,0.0,2
408.0,5.0,1.1066921348226135,0.0,0.0,0.0,0.0,0.0,0.0,0.0,0.0,0.0,0.0,62.56521739130435,0.0,0.0,0.0,0.0,312.0,1372.0,24.0,15,1,0.5550847457627118,155.42200616386307,191.0,0.0,0.0,0.0,0.0,2
80.0,2.0,0.3767701612544368,0.0,0.0,0.0,0.0,0.0,0.0,0.0,0.0,0.0,0.0,58.18181818181818,0.0,0.0,0.0,0.0,288.0,370.0,12.0,16,1,0.5550847457627118,162.20152074913855,166.0,0.0,0.0,0.0,0.0,2
34.0,1.0,-1.000088900581841e-12,0.0,0.0,0.0,0.0,0.0,0.0,0.0,0.0,0.0,0.0,55.72727272727273,12.0,0.0,0.0,0.0,192.0,0.0,6.0,17,1,0.5550847457627118,33.99509768579216,66.5,0.0,0.0,0.0,0.0,2
390.0,3.0,0.6663660998750888,0.0,0.0,0.0,0.0,0.0,0.0,0.0,0.0,0.0,0.0,51.90476190476191,0.0,0.0,0.0,14.0,160.0,2176.0,16.0,18,1,0.5550847457627118,174.09958835869358,129.0,0.0,0.0,0.0,0.0,2
292.0,4.0,0.92548564069572,0.0,0.0,0.0,0.0,0.0,0.0,0.0,0.0,0.0,0.0,46.23529411764706,0.0,0.0,0.0,0.0,304.0,1766.0,38.0,19,1,0.5550847457627118,168.9378583976957,199.0,0.0,0.0,0.0,0.0,2
322.0,4.0,0.4001895635758282,0.0,0.0,0.0,0.0,0.0,0.0,0.0,0.0,0.0,0.0,37.05555555555556,0.0,0.0,0.0,0.0,102.0,852.0,12.0,20,1,0.5550847457627118,144.0219890618555,270.5,0.0,0.0,0.0,0.0,2
700.0,4.0,0.2936497291126828,0.0,0.0,0.0,0.0,0.0,0.0,0.0,0.0,0.0,0.0,26.4,0.0,0.0,0.0,0.0,68.0,2834.0,4.0,21,0,0.5550847457627118,214.1681582308628,405.0,0.0,0.0,0.0,0.0,2
490.0,7.0,0.5111706213687857,0.0,0.0,0.0,0.0,0.0,0.0,0.0,0.0,0.0,36.0,27.142857142857142,0.0,0.0,0.0,0.0,110.0,1106.0,6.0,22,0,0.5550847457627118,219.5540935623836,499.0,0.0,0.0,0.0,0.0,2
714.0,1.0,-1.000088900581841e-12,0.0,0.0,0.0,0.0,0.0,0.0,0.0,0.0,0.0,0.0,80.83333333333333,0.0,0.0,0.0,0.0,38.0,0.0,0.0,23,0,0.5550847457627118,109.07489781491071,575.0,0.0,0.0,0.0,0.0,2
0.0,0.0,0.0,0.0,0.0,0.0,0.0,0.0,0.0,0.0,0.0,0.0,0.0,80.0,0.0,0.0,0.0,0.0,0.0,0.0,0.0,0,0,0.5550847457627118,299.69984984981204,417.0,0.0,0.0,0.0,0.0,2
0.0,0.0,0.0,0.0,0.0,0.0,0.0,0.0,0.0,0.0,0.0,0.0,0.0,95.1,0.0,0.0,0.0,0.0,0.0,0.0,0.0,1,0,0.5550847457627118,233.9999999999997,117.0,0.0,0.0,0.0,0.0,2
0.0,0.0,0.0,0.0,0.0,0.0,0.0,0.0,0.0,0.0,0.0,0.0,0.0,100.0,0.0,0.0,0.0,0.0,0.0,0.0,0.0,2,0,0.5550847457627118,0.0,0.0,0.0,0.0,0.0,0.0,2
0.0,0.0,0.0,0.0,0.0,0.0,0.0,0.0,0.0,0.0,0.0,0.0,0.0,100.0,0.0,0.0,0.0,0.0,0.0,0.0,0.0,3,0,0.5550847457627118,0.0,0.0,0.0,0.0,0.0,0.0,2
0.0,0.0,0.0,0.0,0.0,0.0,0.0,0.0,0.0,0.0,0.0,0.0,0.0,100.0,0.0,0.0,0.0,0.0,0.0,0.0,0.0,4,0,0.5550847457627118,0.0,0.0,0.0,0.0,0.0,0.0,2
0.0,0.0,0.0,0.0,0.0,0.0,0.0,0.0,0.0,0.0,0.0,0.0,0.0,100.0,0.0,0.0,0.0,0.0,0.0,0.0,0.0,5,0,0.5550847457627118,0.0,0.0,0.0,0.0,0.0,0.0,2
0.0,0.0,0.0,0.0,0.0,0.0,0.0,0.0,0.0,0.0,0.0,0.0,0.0,100.0,0.0,0.0,0.0,0.0,0.0,0.0,0.0,6,0,0.5550847457627118,0.0,0.0,0.0,0.0,0.0,0.0,2
86.0,4.0,1.1999254688549008,0.0,0.0,0.0,0.0,0.0,0.0,0.0,0.0,0.0,0.0,100.0,0.0,0.0,0.0,0.0,38.0,1094.0,8.0,7,0,0.5550847457627118,42.99999999999864,21.5,0.0,0.0,0.0,0.0,2
514.0,4.0,0.2092574680277185,0.0,0.0,0.0,0.0,0.0,0.0,0.0,0.0,0.0,0.0,97.0,0.0,0.0,0.0,0.0,42.0,1758.0,0.0,8,1,0.5550847457627118,224.79027262465465,200.0,0.0,0.0,0.0,0.0,2
144.0,6.0,1.1031143986851133,0.0,0.0,0.0,0.0,0.0,0.0,0.0,0.0,0.0,0.0,86.36363636363636,0.0,42.0,0.0,0.0,420.0,188.0,42.0,9,1,0.5550847457627118,189.0255714623462,334.0,0.0,0.0,0.0,0.0,2
688.0,8.0,1.471597938674724,0.0,0.0,0.0,10.0,0.0,204.0,7.0,1.4320875279718173,0.0,0.0,76.21428571428571,0.0,0.0,0.0,0.0,130.0,5224.0,16.0,10,1,0.5550847457627118,230.8152219128248,464.5,0.0,0.0,10.456258094238748,8.0,2
228.0,4.0,1.2932674277903495,0.0,0.0,0.0,0.0,0.0,190.0,5.0,1.1281249262201534,0.0,0.0,69.05555555555556,0.0,0.0,0.0,0.0,440.0,1488.0,16.0,11,1,0.5550847457627118,266.31309893932473,396.0,0.0,0.0,10.456258094238748,8.0,2
84.0,3.0,0.863514020606012,0.0,0.0,0.0,0.0,0.0,190.0,4.0,0.9856262984627038,0.0,0.0,63.92307692307692,0.0,0.0,0.0,0.0,308.0,814.0,12.0,12,1,0.5550847457627118,76.55063683601783,121.0,0.0,0.0,0.0,0.0,2
226.0,4.0,0.7690834471964068,0.0,0.0,0.0,0.0,0.0,50.0,3.0,0.9007243623657382,0.0,0.0,60.285714285714285,0.0,0.0,0.0,0.0,176.0,1282.0,30.0,13,1,0.5550847457627118,76.96536017369473,113.5,0.0,0.0,0.0,0.0,2
320.0,6.0,0.9076822437525484,0.0,0.0,0.0,0.0,0.0,90.0,3.0,0.9241673827813116,0.0,0.0,56.333333333333336,0.0,20.0,14.0,20.0,308.0,1612.0,48.0,14,1,0.5550847457627118,121.3809430402204,174.0,0.0,0.0,0.0,0.0,2
340.0,3.0,0.5431648173675464,0.0,0.0,0.0,0.0,0.0,102.0,2.0,0.1654434960842749,0.0,0.0,49.10526315789474,0.0,0.0,0.0,0.0,140.0,1852.0,8.0,15,1,0.5550847457627118,143.39107364128316,207.5,0.0,0.0,0.0,0.0,2
196.0,4.0,0.9028858078922428,0.0,0.0,0.0,0.0,0.0,202.0,2.0,0.1970550124523012,0.0,0.0,43.77777777777778,0.0,0.0,0.0,0.0,624.0,1652.0,40.0,16,1,0.5550847457627118,101.52832117197588,197.0,0.0,0.0,0.0,0.0,2
626.0,4.0,0.2218729977584394,0.0,0.0,0.0,8.0,0.0,116.0,4.0,0.7892093905794739,0.0,0.0,29.40740740740741,0.0,0.0,0.0,0.0,150.0,2318.0,10.0,17,1,0.5550847457627118,239.73527066328785,371.5,0.0,0.0,3.999999999999997,2.0,2
562.0,6.0,1.0418737416728276,0.0,0.0,0.0,4.0,0.0,66.0,4.0,1.1317219903198883,0.0,42.0,18.681818181818183,0.0,0.0,0.0,0.0,246.0,5564.0,48.0,18,1,0.5550847457627118,65.10248331156976,595.5,0.0,0.0,3.829708431025351,3.0,2
12.0,1.0,-1.000088900581841e-12,0.0,0.0,0.0,0.0,0.0,0.0,0.0,0.0,0.0,0.0,82.16666666666667,0.0,0.0,0.0,0.0,0.0,0.0,0.0,20,1,0.5550847457627118,321.5504107704833,324.0,0.0,0.0,1.999999999999994,1.0,2
36.0,3.0,0.9950269901765214,0.0,0.0,0.0,0.0,0.0,0.0,0.0,0.0,0.0,0.0,80.42857142857143,0.0,0.0,0.0,0.0,16.0,88.0,4.0,21,0,0.5550847457627118,32.24903099319219,38.0,0.0,0.0,0.0,0.0,2
