0.0,0.0,0.0,0.0,0.0,0.0,0.0,0.0,0.0,0.0,0.0,0.0,0.0,100.0,0.0,0.0,0.0,0.0,0.0,0.0,0.0,8,1,0.5608170844939647,0.0,0.0,0.0,0.0,0.0,0.0,1
0.0,0.0,0.0,0.0,0.0,0.0,0.0,0.0,0.0,0.0,0.0,0.0,0.0,100.0,0.0,0.0,0.0,0.0,0.0,0.0,0.0,8,1,0.5608170844939647,0.0,0.0,0.0,0.0,0.0,0.0,1
416.0,4.0,0.5666292548304008,0.0,0.0,0.0,0.0,0.0,0.0,0.0,0.0,0.0,0.0,100.0,0.0,0.0,0.0,0.0,6.0,204.0,4.0,9,1,0.5608170844939647,208.0,104.0,0.0,0.0,0.0,0.0,1
4.0,1.0,-1.000088900581841e-12,0.0,0.0,0.0,0.0,0.0,0.0,0.0,0.0,0.0,0.0,0.0,0.0,0.0,0.0,0.0,0.0,0.0,0.0,10,1,0.5608170844939647,207.68164739973213,175.5,0.0,0.0,0.0,0.0,1
240.0,3.0,0.7662195535612273,0.0,0.0,0.0,0.0,0.0,0.0,0.0,0.0,0.0,0.0,75.1,0.0,0.0,0.0,0.0,0.0,294.0,0.0,12,1,0.5608170844939647,332.8282840545056,241.0,0.0,0.0,0.0,0.0,1
708.0,7.0,1.382849743299459,0.0,0.0,0.0,0.0,0.0,0.0,0.0,0.0,0.0,4.0,20.53333333333333,0.0,0.0,0.0,0.0,48.0,2380.0,16.0,15,1,0.5608170844939647,369.1178673540472,386.0,0.0,0.0,0.0,0.0,1
716.0,1.0,-1.000088900581841e-12,0.0,0.0,0.0,0.0,0.0,0.0,0.0,0.0,0.0,0.0,34.766666666666666,0.0,0.0,0.0,0.0,0.0,0.0,0.0,16,1,0.5608170844939647,352.429189105178,530.5,0.0,0.0,0.0,0.0,1
604.0,1.0,-1.000088900581841e-12,0.0,0.0,0.0,0.0,0.0,0.0,0.0,0.0,0.0,0.0,62.96666666666667,0.0,0.0,0.0,0.0,0.0,0.0,0.0,16,1,0.5608170844939647,51.98717790635161,681.0,0.0,0.0,0.0,0.0,1
100.0,2.0,0.3250829733894482,0.0,0.0,0.0,0.0,0.0,0.0,0.0,0.0,0.0,4.0,87.93333333333334,0.0,0.0,0.0,0.0,4.0,70.0,4.0,17,1,0.5608170844939647,292.4836177748536,532.0,0.0,0.0,0.0,0.0,1
554.0,6.0,1.511381418262249,0.0,0.0,0.0,0.0,0.0,0.0,0.0,0.0,0.0,0.0,90.76190476190476,0.0,0.0,0.0,0.0,24.0,2226.0,8.0,17,1,0.5608170844939647,270.93603181070864,493.5,0.0,0.0,0.0,0.0,2
4.0,1.0,-1.000088900581841e-12,0.0,0.0,0.0,0.0,0.0,0.0,0.0,0.0,0.0,0.0,0.0,0.0,0.0,0.0,0.0,4.0,0.0,0.0,21,0,0.5608170844939647,232.32735525546704,190.0,0.0,0.0,38.0,19.0,2
674.0,4.0,1.0451632989186834,0.0,0.0,0.0,18.0,0.0,0.0,0.0,0.0,0.0,0.0,34.0,0.0,0.0,0.0,0.0,0.0,712.0,0.0,22,0,0.5608170844939647,310.53931581470755,452.0,0.0,0.0,34.813790371058424,25.0,1
712.0,9.0,1.4985143513062331,0.0,0.0,0.0,0.0,0.0,0.0,0.0,0.0,0.0,0.0,24.1,0.0,0.0,0.0,0.0,54.0,1016.0,26.0,22,0,0.5608170844939647,338.0231747479256,509.5,0.0,0.0,8.48528137423858,6.0,1
182.0,6.0,1.1108575320736638,0.0,0.0,0.0,6.0,0.0,0.0,0.0,0.0,0.0,0.0,20.857142857142858,0.0,0.0,0.0,0.0,22.0,262.0,6.0,23,0,0.5608170844939647,249.388585678388,554.0,0.0,0.0,7.54983443527076,7.5,1
496.0,7.0,1.3919807344636743,0.0,0.0,0.0,0.0,0.0,0.0,0.0,0.0,0.0,0.0,39.85714285714285,0.0,0.0,0.0,0.0,4.0,574.0,0.0,13,1,0.5608170844939647,290.89459717682394,305.5,0.0,0.0,0.0,0.0,2
210.0,3.0,0.1832650257071754,0.0,0.0,0.0,0.0,0.0,0.0,0.0,0.0,0.0,0.0,87.375,0.0,0.0,0.0,0.0,4.0,78.0,0.0,15,1,0.5608170844939647,227.65470930043745,288.0,0.0,0.0,0.0,0.0,2
488.0,8.0,1.2977515353167737,0.0,0.0,0.0,0.0,0.0,0.0,0.0,0.0,0.0,0.0,93.85714285714286,0.0,0.0,0.0,0.0,6.0,1132.0,2.0,17,1,0.5608170844939647,220.7411757390693,281.0,0.0,0.0,0.0,0.0,2
710.0,11.0,1.7236642100769692,0.0,0.0,0.0,0.0,0.0,0.0,0.0,0.0,0.0,0.0,84.06896551724138,0.0,0.0,0.0,0.0,30.0,2882.0,8.0,17,1,0.5608170844939647,295.9053902854762,406.0,0.0,0.0,0.0,0.0,1
290.0,10.0,1.6032077960223097,0.0,0.0,0.0,14.0,0.0,0.0,0.0,0.0,0.0,0.0,76.25,0.0,0.0,0.0,0.0,30.0,876.0,6.0,18,1,0.5608170844939647,175.29403868928344,478.0,0.0,0.0,7.000000000000011,3.5,2
698.0,2.0,0.6163452316063238,0.0,0.0,0.0,0.0,0.0,0.0,0.0,0.0,0.0,4.0,80.20689655172414,0.0,0.0,0.0,0.0,10.0,720.0,0.0,11,1,0.5608170844939647,186.64047435287628,512.0,0.0,0.0,0.0,0.0,2
596.0,6.0,1.179867378836033,0.0,0.0,0.0,0.0,0.0,0.0,0.0,0.0,0.0,0.0,68.2,0.0,0.0,0.0,0.0,56.0,896.0,8.0,12,1,0.5608170844939647,182.8031728389855,536.5,0.0,0.0,0.0,0.0,2
466.0,9.0,1.577242862082132,0.0,0.0,0.0,0.0,0.0,0.0,0.0,0.0,0.0,0.0,59.42105263157895,0.0,0.0,0.0,0.0,18.0,1332.0,10.0,12,1,0.5608170844939647,182.9052578066944,508.5,0.0,0.0,0.0,0.0,2
718.0,1.0,-1.000088900581841e-12,0.0,0.0,0.0,0.0,0.0,0.0,0.0,0.0,0.0,0.0,40.0,0.0,0.0,0.0,0.0,0.0,1218.0,0.0,17,1,0.5608170844939647,297.24232538452526,405.5,0.0,0.0,0.0,0.0,1
708.0,9.0,1.5272123931340085,0.0,0.0,0.0,0.0,0.0,0.0,0.0,0.0,0.0,6.0,32.51724137931034,0.0,0.0,0.0,0.0,12.0,1268.0,4.0,17,1,0.5608170844939647,335.7896166748857,466.0,0.0,0.0,0.0,0.0,1
718.0,2.0,0.2380139853831951,0.0,0.0,0.0,0.0,0.0,0.0,0.0,0.0,0.0,0.0,53.96666666666667,0.0,0.0,0.0,0.0,0.0,90.0,0.0,18,1,0.5608170844939647,139.4130553427476,645.0,0.0,0.0,0.0,0.0,1
716.0,1.0,-1.000088900581841e-12,0.0,0.0,0.0,0.0,0.0,0.0,0.0,0.0,0.0,0.0,80.96666666666667,0.0,0.0,0.0,0.0,0.0,6.0,2.0,18,1,0.5608170844939647,4.760952285696169,715.0,0.0,0.0,0.0,0.0,1
716.0,5.0,0.7621848149811423,0.0,0.0,0.0,0.0,0.0,0.0,0.0,0.0,0.0,6.0,96.73333333333332,0.0,0.0,0.0,0.0,6.0,182.0,4.0,19,1,0.5608170844939647,4.434711565217694,714.5,0.0,0.0,0.0,0.0,1
708.0,6.0,1.3231202491328014,0.0,0.0,0.0,24.0,0.0,0.0,0.0,0.0,0.0,0.0,99.20689655172414,0.0,0.0,0.0,0.0,128.0,1316.0,32.0,19,1,0.5608170844939647,4.434711565217694,714.5,0.0,0.0,12.000000000000004,6.0,1
712.0,8.0,0.8069614110307545,0.0,0.0,0.0,10.0,0.0,0.0,0.0,0.0,0.0,16.0,98.23333333333332,0.0,0.0,0.0,0.0,64.0,1112.0,6.0,20,1,0.5608170844939647,3.8297084310265226,713.0,0.0,0.0,11.357816691600554,8.5,1
714.0,7.0,0.9362256811765266,0.0,0.0,0.0,0.0,0.0,0.0,0.0,0.0,0.0,16.0,99.16666666666669,0.0,0.0,0.0,0.0,96.0,1110.0,0.0,20,1,0.5608170844939647,3.4156502553211783,712.5,0.0,0.0,11.357816691600554,8.5,1
660.0,5.0,0.7125640976667627,0.0,0.0,0.0,0.0,0.0,0.0,0.0,0.0,0.0,0.0,100.0,0.0,0.0,0.0,0.0,64.0,858.0,16.0,21,0,0.5608170844939647,25.78759391645544,698.5,0.0,0.0,11.357816691600554,8.5,1
612.0,8.0,1.3126334449888306,0.0,0.0,0.0,0.0,0.0,0.0,0.0,0.0,0.0,0.0,85.88461538461539,0.0,0.0,0.0,0.0,30.0,1492.0,4.0,23,0,0.5608170844939647,45.00000000000012,653.5,0.0,0.0,0.0,0.0,2
704.0,4.0,1.0704217457106795,0.0,0.0,0.0,0.0,0.0,0.0,0.0,0.0,0.0,6.0,77.78571428571429,0.0,0.0,0.0,0.0,6.0,722.0,0.0,23,0,0.5608170844939647,40.57914078275535,651.0,0.0,0.0,0.0,0.0,2
712.0,9.0,0.8189970879490095,0.0,0.0,0.0,0.0,0.0,0.0,0.0,0.0,0.0,0.0,50.7,0.0,0.0,0.0,0.0,4.0,412.0,2.0,12,1,0.5608170844939647,320.9839040616627,253.0,0.0,0.0,1.0000000000000686,0.5,2
720.0,6.0,0.4931268421030913,0.0,0.0,0.0,6.0,0.0,0.0,0.0,0.0,0.0,0.0,39.16666666666666,0.0,0.0,0.0,0.0,0.0,454.0,0.0,13,1,0.5608170844939647,334.3147219811496,432.5,0.0,0.0,2.8284271247462143,2.0,1
706.0,9.0,1.2305347241843874,0.0,0.0,0.0,0.0,0.0,0.0,0.0,0.0,0.0,0.0,28.966666666666665,0.0,0.0,0.0,0.0,34.0,542.0,24.0,13,1,0.5608170844939647,240.40174708183804,592.5,0.0,0.0,2.8284271247462143,2.0,2
718.0,5.0,1.0627162991158343,0.0,0.0,0.0,0.0,0.0,0.0,0.0,0.0,0.0,2.0,36.03448275862069,0.0,0.0,0.0,0.0,2.0,758.0,2.0,14,1,0.5608170844939647,6.324555320339575,714.0,0.0,0.0,3.000000000000022,1.5,2
716.0,3.0,0.0676085614944587,0.0,0.0,0.0,0.0,0.0,0.0,0.0,0.0,0.0,0.0,63.1,0.0,0.0,0.0,0.0,2.0,24.0,2.0,14,1,0.5608170844939647,6.2182527020620775,715.0,0.0,0.0,3.000000000000022,1.5,2
714.0,4.0,0.8718224534309995,0.0,0.0,0.0,0.0,0.0,0.0,0.0,0.0,0.0,0.0,87.5,0.0,0.0,0.0,0.0,36.0,658.0,14.0,15,1,0.5608170844939647,5.259911279356562,713.5,0.0,0.0,0.0,0.0,2
708.0,13.0,2.024217638929492,0.0,0.0,0.0,4.0,0.0,0.0,0.0,0.0,0.0,0.0,86.0,0.0,0.0,0.0,0.0,34.0,2148.0,14.0,15,1,0.5608170844939647,4.320493798942707,714.0,0.0,0.0,2.000000000000034,1.0,2
696.0,8.0,1.1908040610416863,0.0,0.0,0.0,0.0,0.0,0.0,0.0,0.0,0.0,8.0,78.65517241379311,0.0,0.0,0.0,0.0,46.0,1996.0,18.0,16,1,0.5608170844939647,9.000000000001974,708.5,0.0,0.0,2.000000000000034,1.0,1
718.0,6.0,0.7415689932907279,0.0,0.0,0.0,0.0,0.0,0.0,0.0,0.0,0.0,0.0,91.5,0.0,0.0,0.0,0.0,30.0,566.0,12.0,16,1,0.5608170844939647,9.591663046627293,709.0,0.0,0.0,2.000000000000034,1.0,2
702.0,5.0,1.179078320357852,0.0,0.0,0.0,26.0,0.0,0.0,0.0,0.0,0.0,0.0,97.27586206896552,0.0,0.0,0.0,0.0,134.0,804.0,36.0,17,1,0.5608170844939647,9.380831519648758,706.0,0.0,0.0,12.47664484814194,7.5,2
702.0,7.0,1.0317837605086044,0.0,0.0,0.0,0.0,0.0,0.0,0.0,0.0,0.0,0.0,88.46666666666667,0.0,0.0,0.0,0.0,36.0,2420.0,6.0,17,1,0.5608170844939647,9.433981132058497,704.5,0.0,0.0,13.000000000000004,6.5,1
516.0,5.0,0.964213323645087,0.0,0.0,0.0,0.0,0.0,0.0,0.0,0.0,0.0,0.0,81.36363636363636,0.0,0.0,0.0,0.0,12.0,2720.0,0.0,18,1,0.5608170844939647,95.96353474106732,659.5,0.0,0.0,13.000000000000004,6.5,2
692.0,5.0,1.1694883173892847,0.0,0.0,0.0,6.0,0.0,0.0,0.0,0.0,0.0,0.0,69.8,0.0,0.0,0.0,0.0,18.0,378.0,8.0,20,1,0.5608170844939647,296.8344095058164,381.0,0.0,0.0,3.0000000000000253,1.5,2
196.0,2.0,0.5785341056306688,0.0,0.0,0.0,4.0,0.0,0.0,0.0,0.0,0.0,0.0,67.25,0.0,0.0,0.0,0.0,4.0,2.0,0.0,20,1,0.5608170844939647,291.39434906440226,301.0,0.0,0.0,3.0000000000000253,2.5,2
716.0,1.0,-1.000088900581841e-12,0.0,0.0,0.0,0.0,0.0,0.0,0.0,0.0,0.0,0.0,56.1,0.0,0.0,0.0,0.0,0.0,0.0,0.0,0,0,0.5608170844939647,227.281763456728,375.5,0.0,0.0,0.0,0.0,1
440.0,1.0,-1.000088900581841e-12,0.0,0.0,0.0,0.0,0.0,0.0,0.0,0.0,0.0,0.0,83.93333333333334,0.0,0.0,0.0,0.0,0.0,0.0,0.0,1,0,0.5608170844939647,212.6969675383268,422.0,0.0,0.0,0.0,0.0,1
0.0,0.0,0.0,0.0,0.0,0.0,0.0,0.0,0.0,0.0,0.0,0.0,0.0,97.7,0.0,0.0,0.0,0.0,0.0,0.0,0.0,1,0,0.5608170844939647,299.6948448005071,358.5,0.0,0.0,0.0,0.0,1
0.0,0.0,0.0,0.0,0.0,0.0,0.0,0.0,0.0,0.0,0.0,0.0,0.0,100.0,0.0,0.0,0.0,0.0,0.0,0.0,0.0,2,0,0.5608170844939647,352.2177356882151,289.0,0.0,0.0,0.0,0.0,1
0.0,0.0,0.0,0.0,0.0,0.0,0.0,0.0,0.0,0.0,0.0,0.0,0.0,100.0,0.0,0.0,0.0,0.0,0.0,0.0,0.0,2,0,0.5608170844939647,220.00000000000009,110.0,0.0,0.0,0.0,0.0,1
0.0,0.0,0.0,0.0,0.0,0.0,0.0,0.0,0.0,0.0,0.0,0.0,0.0,100.0,0.0,0.0,0.0,0.0,0.0,0.0,0.0,3,0,0.5608170844939647,0.0,0.0,0.0,0.0,0.0,0.0,1
0.0,0.0,0.0,0.0,0.0,0.0,0.0,0.0,0.0,0.0,0.0,0.0,0.0,100.0,0.0,0.0,0.0,0.0,0.0,0.0,0.0,3,0,0.5608170844939647,0.0,0.0,0.0,0.0,0.0,0.0,1
0.0,0.0,0.0,0.0,0.0,0.0,0.0,0.0,0.0,0.0,0.0,0.0,0.0,100.0,0.0,0.0,0.0,0.0,0.0,0.0,0.0,4,0,0.5608170844939647,0.0,0.0,0.0,0.0,0.0,0.0,1
0.0,0.0,0.0,0.0,0.0,0.0,0.0,0.0,0.0,0.0,0.0,0.0,0.0,100.0,0.0,0.0,0.0,0.0,0.0,0.0,0.0,4,0,0.5608170844939647,0.0,0.0,0.0,0.0,0.0,0.0,1
0.0,0.0,0.0,0.0,0.0,0.0,0.0,0.0,0.0,0.0,0.0,0.0,0.0,100.0,0.0,0.0,0.0,0.0,0.0,0.0,0.0,5,0,0.5608170844939647,0.0,0.0,0.0,0.0,0.0,0.0,1
0.0,0.0,0.0,0.0,0.0,0.0,0.0,0.0,0.0,0.0,0.0,0.0,0.0,100.0,0.0,0.0,0.0,0.0,0.0,0.0,0.0,5,0,0.5608170844939647,0.0,0.0,0.0,0.0,0.0,0.0,1
0.0,0.0,0.0,0.0,0.0,0.0,0.0,0.0,0.0,0.0,0.0,0.0,0.0,100.0,0.0,0.0,0.0,0.0,0.0,0.0,0.0,6,0,0.5608170844939647,0.0,0.0,0.0,0.0,0.0,0.0,1
0.0,0.0,0.0,0.0,0.0,0.0,0.0,0.0,0.0,0.0,0.0,0.0,0.0,100.0,0.0,0.0,0.0,0.0,0.0,0.0,0.0,6,0,0.5608170844939647,0.0,0.0,0.0,0.0,0.0,0.0,1
716.0,2.0,0.2879509053934941,0.0,0.0,0.0,0.0,0.0,0.0,0.0,0.0,0.0,0.0,100.0,0.0,0.0,0.0,0.0,2.0,0.0,0.0,7,0,0.5608170844939647,358.00000000000006,179.0,0.0,0.0,0.0,0.0,1
692.0,4.0,0.5890182856055417,0.0,0.0,0.0,0.0,0.0,0.0,0.0,0.0,0.0,0.0,100.0,0.0,0.0,0.0,0.0,10.0,744.0,8.0,7,0,0.5608170844939647,406.5726667317091,352.0,0.0,0.0,0.0,0.0,3
700.0,9.0,1.7855583942727855,0.0,0.0,0.0,50.0,0.0,0.0,0.0,0.0,0.0,0.0,96.3,0.0,0.0,0.0,0.0,74.0,1744.0,14.0,8,1,0.5608170844939647,351.4749872560873,527.0,0.0,0.0,25.000000000000004,12.5,2
572.0,7.0,1.151884826076763,0.0,0.0,0.0,0.0,0.0,0.0,0.0,0.0,0.0,0.0,87.17391304347827,0.0,0.0,0.0,0.0,0.0,820.0,0.0,8,1,0.5608170844939647,66.09084656743356,670.0,0.0,0.0,25.000000000000004,12.5,2
716.0,10.0,1.4236986840289434,0.0,0.0,0.0,0.0,0.0,0.0,0.0,0.0,0.0,0.0,61.03333333333333,0.0,0.0,0.0,0.0,36.0,776.0,16.0,10,1,0.5608170844939647,88.27797007181374,632.5,0.0,0.0,24.166091947189148,14.0,2
714.0,2.0,0.0965089607339473,0.0,0.0,0.0,0.0,0.0,0.0,0.0,0.0,0.0,4.0,61.266666666666666,0.0,0.0,0.0,0.0,0.0,94.0,0.0,11,1,0.5608170844939647,92.04346799203104,636.0,0.0,0.0,3.0000000000000253,1.5,2
110.0,4.0,0.6084735029937682,0.0,0.0,0.0,0.0,0.0,0.0,0.0,0.0,0.0,0.0,71.0,0.0,0.0,0.0,0.0,4.0,86.0,2.0,11,1,0.5608170844939647,285.5608516586264,520.5,0.0,0.0,3.0000000000000253,1.5,2
68.0,2.0,0.4659992569590426,0.0,0.0,0.0,0.0,0.0,0.0,0.0,0.0,0.0,0.0,86.0,0.0,0.0,0.0,0.0,6.0,76.0,0.0,13,1,0.5608170844939647,295.3568463175802,291.5,0.0,0.0,1.0000000000000755,0.5,1
712.0,7.0,1.090793781728526,0.0,0.0,0.0,0.0,0.0,0.0,0.0,0.0,0.0,0.0,71.23333333333333,0.0,0.0,0.0,0.0,14.0,276.0,6.0,15,1,0.5608170844939647,309.98225755678345,375.5,0.0,0.0,0.0,0.0,2
160.0,4.0,0.2931835674045365,0.0,0.0,0.0,2.0,0.0,0.0,0.0,0.0,0.0,0.0,73.0,0.0,0.0,0.0,0.0,4.0,48.0,4.0,16,1,0.5608170844939647,250.97410224961467,415.0,0.0,0.0,1.0000000000000755,0.5,2
694.0,8.0,1.4787487580279202,0.0,0.0,0.0,0.0,0.0,0.0,0.0,0.0,0.0,0.0,84.4,0.0,0.0,0.0,0.0,42.0,2826.0,10.0,17,1,0.5608170844939647,257.49757280409466,508.5,0.0,0.0,1.0000000000000755,0.5,2
708.0,6.0,1.2431904185907374,0.0,0.0,0.0,4.0,0.0,0.0,0.0,0.0,0.0,0.0,75.5,0.0,0.0,0.0,0.0,6.0,2122.0,4.0,17,1,0.5608170844939647,256.4494752058061,507.5,0.0,0.0,1.914854215512716,1.5,2
608.0,11.0,1.8545461977691573,0.0,0.0,0.0,0.0,0.0,0.0,0.0,0.0,0.0,0.0,48.0,0.0,0.0,0.0,0.0,20.0,2234.0,10.0,20,1,0.5608170844939647,52.80151512977664,687.0,0.0,0.0,3.0000000000000284,1.5,2
716.0,4.0,0.5994901279142377,0.0,0.0,0.0,0.0,0.0,0.0,0.0,0.0,0.0,0.0,32.766666666666666,0.0,0.0,0.0,0.0,4.0,708.0,4.0,23,0,0.5608170844939647,247.3755579410923,452.0,0.0,0.0,0.0,0.0,2
424.0,5.0,1.3256171643234669,0.0,0.0,0.0,0.0,0.0,0.0,0.0,0.0,0.0,0.0,27.647058823529413,0.0,0.0,0.0,0.0,14.0,536.0,4.0,0,0,0.5608170844939647,224.7724775560093,406.0,0.0,0.0,0.0,0.0,2
716.0,3.0,0.0537505572778888,0.0,0.0,0.0,0.0,0.0,0.0,0.0,0.0,0.0,6.0,52.36666666666667,0.0,0.0,0.0,0.0,4.0,24.0,4.0,13,1,0.5608170844939647,159.88329076756804,578.0,0.0,0.0,0.0,0.0,2
696.0,8.0,1.4947337468687265,0.0,0.0,0.0,6.0,0.0,0.0,0.0,0.0,0.0,0.0,68.10344827586206,0.0,0.0,0.0,0.0,22.0,618.0,6.0,13,1,0.5608170844939647,154.3459318111971,573.0,0.0,0.0,3.0000000000000284,1.5,2
710.0,10.0,1.5642951567443562,0.0,0.0,0.0,2.0,0.0,0.0,0.0,0.0,0.0,6.0,62.06666666666667,0.0,0.0,0.0,0.0,28.0,780.0,12.0,14,1,0.5608170844939647,125.94575551932417,644.5,0.0,0.0,2.82842712474622,2.0,2
714.0,1.0,-1.000088900581841e-12,0.0,0.0,0.0,0.0,0.0,0.0,0.0,0.0,0.0,2.0,76.66666666666667,0.0,0.0,0.0,0.0,2.0,0.0,0.0,14,1,0.5608170844939647,9.018499505647892,709.0,0.0,0.0,2.82842712474622,2.0,2
718.0,1.0,-1.000088900581841e-12,0.0,0.0,0.0,0.0,0.0,0.0,0.0,0.0,0.0,0.0,93.76666666666668,0.0,0.0,0.0,0.0,0.0,0.0,0.0,15,1,0.5608170844939647,9.574271077565363,709.5,0.0,0.0,2.82842712474622,2.0,2
706.0,7.0,1.5447493378226136,0.0,0.0,0.0,0.0,0.0,0.0,0.0,0.0,0.0,0.0,98.73333333333332,0.0,0.0,0.0,0.0,10.0,1008.0,6.0,15,1,0.5608170844939647,5.163977794946897,712.0,0.0,0.0,1.0000000000000857,0.5,2
652.0,7.0,1.1212654042306252,0.0,0.0,0.0,0.0,0.0,0.0,0.0,0.0,0.0,0.0,93.56666666666666,0.0,0.0,0.0,0.0,36.0,720.0,14.0,16,1,0.5608170844939647,30.740852297879403,697.5,0.0,0.0,0.0,0.0,2
652.0,6.0,0.871933069653698,0.0,0.0,0.0,12.0,0.0,0.0,0.0,0.0,0.0,0.0,89.26666666666667,0.0,0.0,0.0,0.0,16.0,208.0,2.0,16,1,0.5608170844939647,34.98571136907234,682.0,0.0,0.0,6.000000000000014,3.0,2
714.0,9.0,1.6858594264553195,0.0,0.0,0.0,2.0,0.0,0.0,0.0,0.0,0.0,0.0,82.13793103448276,0.0,0.0,0.0,0.0,22.0,1780.0,6.0,17,1,0.5608170844939647,33.645207682522,681.0,0.0,0.0,5.744562646538044,3.5,2
642.0,3.0,0.4027042325879578,0.0,0.0,0.0,0.0,0.0,0.0,0.0,0.0,0.0,0.0,75.8,0.0,0.0,0.0,0.0,44.0,484.0,6.0,17,1,0.5608170844939647,33.005050118631395,665.0,0.0,0.0,5.744562646538044,3.5,2
682.0,4.0,0.8222492920592379,0.0,0.0,0.0,0.0,0.0,0.0,0.0,0.0,0.0,0.0,71.27586206896552,0.0,0.0,0.0,0.0,20.0,364.0,4.0,18,1,0.5608170844939647,32.47049943153585,672.5,0.0,0.0,5.744562646538044,3.5,2
692.0,9.0,1.270562299641231,0.0,0.0,0.0,0.0,0.0,0.0,0.0,0.0,0.0,0.0,61.62068965517241,0.0,0.0,0.0,0.0,22.0,1196.0,8.0,18,1,0.5608170844939647,30.127506811329457,682.5,0.0,0.0,1.0000000000000837,0.5,2
660.0,4.0,0.8038595194694165,0.0,0.0,0.0,0.0,0.0,0.0,0.0,0.0,0.0,0.0,55.5,0.0,0.0,0.0,0.0,56.0,436.0,16.0,19,1,0.5608170844939647,22.420228961067785,669.0,0.0,0.0,0.0,0.0,2
648.0,4.0,0.2721495978867722,0.0,0.0,0.0,0.0,0.0,0.0,0.0,0.0,0.0,0.0,51.0,0.0,0.0,0.0,0.0,40.0,324.0,12.0,19,1,0.5608170844939647,20.091457554560414,670.5,0.0,0.0,0.0,0.0,2
646.0,3.0,0.3336098597206512,0.0,0.0,0.0,0.0,0.0,0.0,0.0,0.0,0.0,0.0,50.172413793103445,0.0,0.0,0.0,0.0,24.0,424.0,4.0,20,1,0.5608170844939647,21.25245083906095,661.5,0.0,0.0,0.0,0.0,2
682.0,6.0,1.2684117114131443,0.0,0.0,0.0,0.0,0.0,0.0,0.0,0.0,0.0,0.0,45.0,0.0,0.0,0.0,0.0,16.0,1020.0,6.0,20,1,0.5608170844939647,16.532795690184077,659.0,0.0,0.0,0.0,0.0,2
674.0,4.0,0.7367542339879202,0.0,0.0,0.0,20.0,0.0,0.0,0.0,0.0,0.0,0.0,35.766666666666666,0.0,0.0,0.0,0.0,90.0,1026.0,30.0,21,0,0.5608170844939647,18.211717839531303,662.5,0.0,0.0,10.000000000000009,5.0,1
666.0,5.0,0.9636628954272992,0.0,0.0,0.0,26.0,0.0,0.0,0.0,0.0,0.0,0.0,29.79310344827586,0.0,0.0,0.0,0.0,116.0,774.0,34.0,21,0,0.5608170844939647,15.448840301676448,667.0,0.0,0.0,13.5030860670194,11.5,2
144.0,7.0,1.515249381205473,0.0,0.0,0.0,0.0,0.0,0.0,0.0,0.0,0.0,0.0,9.0,0.0,0.0,0.0,0.0,0.0,4248.0,0.0,22,0,0.5608170844939647,268.7768591229536,546.5,0.0,0.0,13.5030860670194,11.5,2
284.0,3.0,0.7537809621200914,0.0,0.0,0.0,0.0,0.0,0.0,0.0,0.0,0.0,30.0,5.5,0.0,0.0,0.0,0.0,32.0,2468.0,2.0,23,0,0.5608170844939647,277.6976773399447,449.0,0.0,0.0,13.000000000000004,6.5,2
336.0,6.0,1.197355156377252,0.0,0.0,0.0,0.0,0.0,0.0,0.0,0.0,0.0,0.0,17.384615384615383,0.0,0.0,0.0,0.0,14.0,2728.0,6.0,23,0,0.5608170844939647,237.9096467148821,366.5,0.0,0.0,0.0,0.0,2
10.0,2.0,0.5004024235361879,0.0,0.0,0.0,0.0,0.0,0.0,0.0,0.0,0.0,16.0,0.0,0.0,0.0,0.0,0.0,0.0,1034.0,0.0,0,0,0.5608170844939647,146.76398286591538,193.5,0.0,0.0,0.0,0.0,2
712.0,3.0,0.0808825794979111,0.0,0.0,0.0,0.0,0.0,0.0,0.0,0.0,0.0,0.0,32.32142857142857,0.0,0.0,0.0,0.0,26.0,224.0,4.0,0,0,0.5608170844939647,288.8800212314218,335.5,0.0,0.0,0.0,0.0,2
684.0,6.0,0.4369137538238561,0.0,0.0,0.0,0.0,0.0,0.0,0.0,0.0,0.0,0.0,99.93333333333334,0.0,0.0,0.0,0.0,56.0,678.0,20.0,9,1,0.5608170844939647,324.4441400302987,210.0,0.0,0.0,0.0,0.0,2
710.0,8.0,1.2469282121925351,0.0,0.0,0.0,0.0,0.0,0.0,0.0,0.0,0.0,0.0,91.73333333333332,0.0,0.0,0.0,0.0,54.0,5316.0,2.0,9,1,0.5608170844939647,363.16525164172856,387.5,0.0,0.0,0.0,0.0,2
686.0,5.0,1.4656582285373905,0.0,0.0,0.0,40.0,0.0,0.0,0.0,0.0,0.0,0.0,79.53571428571429,0.0,0.0,0.0,0.0,402.0,3256.0,28.0,10,1,0.5608170844939647,268.9262600292753,559.0,0.0,0.0,20.000000000000004,10.0,2
720.0,9.0,1.4453474385130236,0.0,0.0,0.0,16.0,0.0,0.0,0.0,0.0,0.0,0.0,67.33333333333333,0.0,0.0,0.0,0.0,64.0,4542.0,22.0,10,1,0.5608170844939647,17.813852287851113,700.0,0.0,0.0,18.90326250501044,14.0,2
716.0,8.0,1.646489894616611,0.0,0.0,0.0,42.0,0.0,0.0,0.0,0.0,0.0,0.0,46.06666666666667,0.0,0.0,0.0,0.0,32.0,6920.0,6.0,11,1,0.5608170844939647,15.231546211729285,708.0,0.0,0.0,20.157711510321143,24.5,2
714.0,4.0,1.0901931086491128,0.0,0.0,0.0,0.0,0.0,0.0,0.0,0.0,0.0,30.0,27.8,0.0,0.0,0.0,0.0,32.0,3728.0,10.0,11,1,0.5608170844939647,15.534906930309496,709.0,0.0,0.0,20.157711510321143,24.5,1
714.0,5.0,0.8236083785709885,0.0,0.0,0.0,400.0,0.0,0.0,0.0,0.0,0.0,32.0,31.53333333333333,0.0,0.0,0.0,0.0,128.0,1520.0,22.0,12,1,0.5608170844939647,2.828427124754135,716.0,0.0,0.0,191.1186368027288,114.5,1
716.0,5.0,1.040817894812088,0.0,0.0,0.0,0.0,0.0,0.0,0.0,0.0,0.0,0.0,21.9,0.0,0.0,0.0,0.0,186.0,5204.0,24.0,12,1,0.5608170844939647,1.1547005383986966,715.0,0.0,0.0,194.01288616996555,110.5,1
710.0,5.0,0.4069722806222092,0.0,0.0,0.0,22.0,0.0,0.0,0.0,0.0,0.0,34.0,27.357142857142858,0.0,0.0,0.0,0.0,32.0,798.0,6.0,13,1,0.5608170844939647,2.5166114784324938,713.5,0.0,0.0,196.6070531118692,105.5,1
710.0,6.0,1.289719673747396,0.0,0.0,0.0,126.0,0.0,0.0,0.0,0.0,0.0,0.0,52.16666666666666,0.0,0.0,0.0,0.0,224.0,2648.0,40.0,13,1,0.5608170844939647,3.000000000007481,712.5,0.0,0.0,183.74257354607107,137.0,2
712.0,8.0,1.671371781111941,0.0,0.0,0.0,0.0,0.0,0.0,0.0,0.0,0.0,0.0,48.06666666666667,0.0,0.0,0.0,0.0,264.0,5272.0,18.0,14,1,0.5608170844939647,2.828427124754125,712.0,0.0,0.0,60.2328813855024,37.0,2
692.0,12.0,1.826938921392252,0.0,0.0,0.0,26.0,0.0,0.0,0.0,0.0,0.0,0.0,35.48275862068966,0.0,0.0,0.0,0.0,276.0,6180.0,30.0,14,1,0.5608170844939647,9.38083151964924,706.0,0.0,0.0,56.1753207971852,43.5,2
646.0,2.0,0.5945833284230799,0.0,0.0,0.0,0.0,0.0,0.0,0.0,0.0,0.0,0.0,29.41379310344828,0.0,0.0,0.0,0.0,918.0,1758.0,40.0,15,1,0.5608170844939647,30.681155997344323,690.0,0.0,0.0,59.9332962550868,38.0,2
380.0,6.0,1.4924276274507433,0.0,0.0,0.0,0.0,0.0,0.0,0.0,0.0,0.0,0.0,20.1875,0.0,0.0,0.0,0.0,84.0,8446.0,6.0,15,1,0.5608170844939647,154.16333329729667,607.5,0.0,0.0,13.000000000000089,6.5,2
360.0,3.0,0.536449550785145,0.0,0.0,0.0,0.0,0.0,0.0,0.0,0.0,0.0,0.0,1.875,0.0,0.0,0.0,0.0,528.0,3334.0,78.0,16,1,0.5608170844939647,173.83804723554252,519.5,0.0,0.0,13.000000000000089,6.5,1
446.0,3.0,0.346690108919904,0.0,0.0,0.0,0.0,0.0,0.0,0.0,0.0,0.0,38.0,2.526315789473684,0.0,0.0,0.0,0.0,542.0,1788.0,62.0,16,1,0.5608170844939647,130.6088307376906,458.0,0.0,0.0,0.0,0.0,1
242.0,5.0,1.414942613634694,0.0,0.0,0.0,0.0,0.0,0.0,0.0,0.0,0.0,40.0,23.0,0.0,0.0,0.0,0.0,202.0,2136.0,32.0,17,1,0.5608170844939647,85.01764522732941,357.0,0.0,0.0,0.0,0.0,1
708.0,7.0,1.133277335432778,0.0,0.0,0.0,0.0,0.0,0.0,0.0,0.0,0.0,0.0,37.96666666666667,0.0,0.0,0.0,0.0,210.0,1378.0,40.0,17,1,0.5608170844939647,197.8720125064012,439.0,0.0,0.0,0.0,0.0,1
672.0,3.0,0.7398947806038191,0.0,0.0,0.0,0.0,0.0,0.0,0.0,0.0,0.0,0.0,34.58620689655172,0.0,0.0,0.0,0.0,416.0,936.0,24.0,18,1,0.5608170844939647,216.92702305921543,517.0,0.0,0.0,0.0,0.0,1
704.0,9.0,1.0356134176214664,0.0,0.0,0.0,0.0,0.0,0.0,0.0,0.0,0.0,42.0,36.0,0.0,0.0,0.0,0.0,250.0,2484.0,14.0,18,1,0.5608170844939647,226.9060010959018,581.5,0.0,0.0,0.0,0.0,1
716.0,4.0,0.7746812749003464,0.0,0.0,0.0,0.0,0.0,0.0,0.0,0.0,0.0,0.0,56.56666666666667,0.0,0.0,0.0,0.0,42.0,2740.0,0.0,19,1,0.5608170844939647,19.321835661587347,700.0,0.0,0.0,0.0,0.0,1
634.0,6.0,0.9423838294299732,0.0,0.0,0.0,0.0,0.0,0.0,0.0,0.0,0.0,0.0,68.46666666666667,0.0,0.0,0.0,0.0,628.0,2532.0,84.0,19,1,0.5608170844939647,36.7105797647861,681.5,0.0,0.0,0.0,0.0,1
648.0,6.0,0.630664065793068,0.0,0.0,0.0,0.0,0.0,0.0,0.0,0.0,0.0,0.0,64.0,0.0,0.0,0.0,0.0,376.0,740.0,36.0,20,1,0.5608170844939647,40.54215912684872,675.5,0.0,0.0,0.0,0.0,1
668.0,7.0,0.9078873643185728,0.0,0.0,0.0,0.0,0.0,0.0,0.0,0.0,0.0,0.0,57.03333333333333,0.0,0.0,0.0,0.0,504.0,1648.0,56.0,20,1,0.5608170844939647,35.828294219327866,666.5,0.0,0.0,0.0,0.0,1
664.0,7.0,1.2736750209281995,0.0,0.0,0.0,80.0,0.0,0.0,0.0,0.0,0.0,0.0,48.172413793103445,0.0,0.0,0.0,0.0,746.0,3650.0,58.0,21,0,0.5608170844939647,15.60982596529258,653.5,0.0,0.0,40.00000000000003,20.0,1
700.0,5.0,1.3091685301515867,0.0,0.0,0.0,434.0,0.0,0.0,0.0,0.0,0.0,0.0,39.16666666666666,0.0,0.0,0.0,0.0,962.0,2384.0,130.0,21,0,0.5608170844939647,21.7868461844922,670.0,0.0,0.0,207.12878441523603,128.5,2
700.0,7.0,1.0498466333997505,0.0,0.0,0.0,0.0,0.0,0.0,0.0,0.0,0.0,0.0,29.8,0.0,0.0,0.0,0.0,276.0,7306.0,34.0,22,0,0.5608170844939647,19.69771560359361,683.0,0.0,0.0,207.12878441523603,128.5,2
700.0,9.0,1.715469306651729,0.0,0.0,0.0,0.0,0.0,0.0,0.0,0.0,0.0,0.0,19.47826086956522,0.0,0.0,0.0,0.0,658.0,7586.0,54.0,22,0,0.5608170844939647,18.000000000001535,691.0,0.0,0.0,207.12878441523603,128.5,2
662.0,4.0,0.8407031793018276,0.0,0.0,0.0,110.0,0.0,0.0,0.0,0.0,0.0,0.0,0.0,0.0,0.0,0.0,0.0,594.0,692.0,44.0,23,0,0.5608170844939647,19.000000000001457,690.5,0.0,0.0,205.3225105372846,136.0,2
704.0,7.0,1.5048605213825534,0.0,0.0,0.0,24.0,0.0,0.0,0.0,0.0,0.0,52.0,5.666666666666667,0.0,0.0,0.0,0.0,552.0,4104.0,74.0,23,0,0.5608170844939647,19.756855350317988,691.5,0.0,0.0,52.23983154643592,33.5,2
716.0,4.0,0.7953027078253967,0.0,0.0,0.0,0.0,0.0,0.0,0.0,0.0,0.0,0.0,16.137931034482758,0.0,0.0,0.0,0.0,0.0,10468.0,0.0,0,0,0.5608170844939647,23.34523505985869,695.5,0.0,0.0,52.23983154643592,33.5,2
716.0,4.0,0.5561292542395239,0.0,0.0,0.0,0.0,0.0,0.0,0.0,0.0,0.0,0.0,40.66666666666666,0.0,0.0,0.0,0.0,0.0,1400.0,0.0,0,0,0.5608170844939647,25.63201123595368,699.5,0.0,0.0,52.23983154643592,33.5,2
716.0,1.0,-1.000088900581841e-12,0.0,0.0,0.0,0.0,0.0,0.0,0.0,0.0,0.0,0.0,69.96666666666667,0.0,0.0,0.0,0.0,0.0,0.0,0.0,1,0,0.5608170844939647,6.000000000004617,713.0,0.0,0.0,12.000000000000062,6.0,2
380.0,1.0,-1.000088900581841e-12,0.0,0.0,0.0,0.0,0.0,0.0,0.0,0.0,0.0,0.0,90.93333333333334,0.0,0.0,0.0,0.0,0.0,0.0,0.0,1,0,0.5608170844939647,168.00000000000017,632.0,0.0,0.0,0.0,0.0,1
712.0,1.0,-1.000088900581841e-12,0.0,0.0,0.0,0.0,0.0,0.0,0.0,0.0,0.0,0.0,100.0,0.0,0.0,0.0,0.0,0.0,0.0,0.0,2,0,0.5608170844939647,167.34395716607173,631.0,0.0,0.0,0.0,0.0,2
454.0,1.0,-1.000088900581841e-12,0.0,0.0,0.0,0.0,0.0,0.0,0.0,0.0,0.0,0.0,100.0,0.0,0.0,0.0,0.0,0.0,0.0,0.0,2,0,0.5608170844939647,174.12160501595827,565.5,0.0,0.0,0.0,0.0,1
0.0,0.0,0.0,0.0,0.0,0.0,0.0,0.0,0.0,0.0,0.0,0.0,0.0,100.0,0.0,0.0,0.0,0.0,0.0,0.0,0.0,3,0,0.5608170844939647,294.35296272785627,386.5,0.0,0.0,0.0,0.0,2
0.0,0.0,0.0,0.0,0.0,0.0,0.0,0.0,0.0,0.0,0.0,0.0,0.0,100.0,0.0,0.0,0.0,0.0,0.0,0.0,0.0,3,0,0.5608170844939647,352.6901378452953,291.5,0.0,0.0,0.0,0.0,1
0.0,0.0,0.0,0.0,0.0,0.0,0.0,0.0,0.0,0.0,0.0,0.0,0.0,100.0,0.0,0.0,0.0,0.0,0.0,0.0,0.0,4,0,0.5608170844939647,227.0000000000001,113.5,0.0,0.0,0.0,0.0,1
0.0,0.0,0.0,0.0,0.0,0.0,0.0,0.0,0.0,0.0,0.0,0.0,0.0,100.0,0.0,0.0,0.0,0.0,0.0,0.0,0.0,4,0,0.5608170844939647,0.0,0.0,0.0,0.0,0.0,0.0,1
0.0,0.0,0.0,0.0,0.0,0.0,0.0,0.0,0.0,0.0,0.0,0.0,0.0,100.0,0.0,0.0,0.0,0.0,0.0,0.0,0.0,5,0,0.5608170844939647,0.0,0.0,0.0,0.0,0.0,0.0,2
0.0,0.0,0.0,0.0,0.0,0.0,0.0,0.0,0.0,0.0,0.0,0.0,0.0,100.0,0.0,0.0,0.0,0.0,0.0,0.0,0.0,5,0,0.5608170844939647,0.0,0.0,0.0,0.0,0.0,0.0,1
0.0,0.0,0.0,0.0,0.0,0.0,0.0,0.0,0.0,0.0,0.0,0.0,0.0,100.0,0.0,0.0,0.0,0.0,0.0,0.0,0.0,6,0,0.5608170844939647,0.0,0.0,0.0,0.0,0.0,0.0,1
0.0,0.0,0.0,0.0,0.0,0.0,0.0,0.0,0.0,0.0,0.0,0.0,0.0,100.0,0.0,0.0,0.0,0.0,0.0,0.0,0.0,6,0,0.5608170844939647,0.0,0.0,0.0,0.0,0.0,0.0,1
0.0,0.0,0.0,0.0,0.0,0.0,0.0,0.0,0.0,0.0,0.0,0.0,0.0,100.0,0.0,0.0,0.0,0.0,0.0,0.0,0.0,7,0,0.5608170844939647,0.0,0.0,0.0,0.0,0.0,0.0,1
0.0,0.0,0.0,0.0,0.0,0.0,0.0,0.0,0.0,0.0,0.0,0.0,0.0,100.0,0.0,0.0,0.0,0.0,0.0,0.0,0.0,7,0,0.5608170844939647,0.0,0.0,0.0,0.0,0.0,0.0,1
0.0,0.0,0.0,0.0,0.0,0.0,0.0,0.0,0.0,0.0,0.0,0.0,0.0,100.0,0.0,0.0,0.0,0.0,0.0,0.0,0.0,8,1,0.5608170844939647,0.0,0.0,0.0,0.0,0.0,0.0,1
0.0,0.0,0.0,0.0,0.0,0.0,0.0,0.0,0.0,0.0,0.0,0.0,0.0,100.0,0.0,0.0,0.0,0.0,0.0,0.0,0.0,8,1,0.5608170844939647,0.0,0.0,0.0,0.0,0.0,0.0,1
0.0,0.0,0.0,0.0,0.0,0.0,0.0,0.0,0.0,0.0,0.0,0.0,0.0,100.0,0.0,0.0,0.0,0.0,0.0,0.0,0.0,9,1,0.5608170844939647,0.0,0.0,0.0,0.0,0.0,0.0,1
592.0,8.0,1.3472475015765943,0.0,0.0,0.0,0.0,0.0,0.0,0.0,0.0,0.0,0.0,97.89285714285714,0.0,0.0,0.0,0.0,370.0,6636.0,18.0,9,1,0.5608170844939647,296.0000000000001,148.0,0.0,0.0,0.0,0.0,1
698.0,3.0,0.7698093893073981,0.0,0.0,0.0,0.0,0.0,0.0,0.0,0.0,0.0,0.0,80.66666666666667,0.0,0.0,0.0,0.0,188.0,5730.0,16.0,10,1,0.5608170844939647,374.8968747091215,322.5,0.0,0.0,0.0,0.0,2
682.0,8.0,1.074252894923592,0.0,0.0,0.0,90.0,0.0,0.0,0.0,0.0,0.0,0.0,68.48275862068965,0.0,0.0,0.0,0.0,312.0,5118.0,56.0,10,1,0.5608170844939647,331.96184519710505,493.0,0.0,0.0,45.000000000000014,22.5,2
674.0,7.0,1.1625787010384645,0.0,0.0,0.0,20.0,0.0,0.0,0.0,0.0,0.0,0.0,55.793103448275865,0.0,0.0,0.0,0.0,710.0,3334.0,66.0,11,1,0.5608170844939647,47.39549908307115,661.5,0.0,0.0,42.72001872658768,27.5,2
640.0,2.0,0.4172499415234386,0.0,0.0,0.0,0.0,0.0,0.0,0.0,0.0,0.0,0.0,45.392857142857146,0.0,0.0,0.0,0.0,132.0,1324.0,20.0,11,1,0.5608170844939647,24.46085307861111,673.5,0.0,0.0,42.72001872658768,27.5,3
702.0,7.0,1.4815033618558104,0.0,0.0,0.0,6.0,0.0,0.0,0.0,0.0,0.0,0.0,34.63333333333333,0.0,0.0,0.0,0.0,24.0,744.0,12.0,13,1,0.5608170844939647,255.26195695141632,545.0,0.0,0.0,9.433981132056688,6.5,1
710.0,6.0,1.2035056165158489,0.0,0.0,0.0,2.0,0.0,0.0,0.0,0.0,0.0,0.0,25.4,0.0,0.0,0.0,0.0,12.0,532.0,6.0,14,1,0.5608170844939647,261.8752883848851,554.0,0.0,0.0,2.828427124746475,2.0,2
382.0,2.0,0.3780417076155786,0.0,0.0,0.0,0.0,0.0,0.0,0.0,0.0,0.0,0.0,19.8125,0.0,0.0,0.0,0.0,8.0,444.0,2.0,14,1,0.5608170844939647,265.38211444380863,489.5,0.0,0.0,2.828427124746475,2.0,2
718.0,1.0,-1.000088900581841e-12,0.0,0.0,0.0,0.0,0.0,0.0,0.0,0.0,0.0,0.0,47.03333333333333,0.0,0.0,0.0,0.0,2.0,0.0,0.0,15,1,0.5608170844939647,206.49455198624503,536.0,0.0,0.0,1.000000000000807,0.5,2
538.0,2.0,0.1068784157406554,0.0,0.0,0.0,0.0,0.0,0.0,0.0,0.0,0.0,0.0,74.5,0.0,0.0,0.0,0.0,0.0,56.0,2.0,16,1,0.5608170844939647,173.44739836619073,493.0,0.0,0.0,0.0,0.0,2
712.0,11.0,1.8081727329531088,0.0,0.0,0.0,126.0,0.0,0.0,0.0,0.0,0.0,0.0,87.06666666666666,0.0,0.0,0.0,0.0,36.0,1864.0,16.0,16,1,0.5608170844939647,181.3532464556399,575.5,0.0,0.0,63.000000000000014,31.5,2
694.0,8.0,1.1776070859095806,0.0,0.0,0.0,6.0,0.0,0.0,0.0,0.0,0.0,0.0,79.96551724137932,0.0,0.0,0.0,0.0,44.0,896.0,12.0,17,1,0.5608170844939647,85.6095789032983,665.5,0.0,0.0,62.064482596731615,33.0,2
674.0,3.0,0.2180954940536342,0.0,0.0,0.0,0.0,0.0,0.0,0.0,0.0,0.0,0.0,78.0,0.0,0.0,0.0,0.0,32.0,248.0,8.0,17,1,0.5608170844939647,79.20227269466488,654.5,0.0,0.0,62.064482596731615,33.0,2
668.0,3.0,0.0569868713840965,0.0,0.0,0.0,0.0,0.0,0.0,0.0,0.0,0.0,0.0,76.56666666666666,0.0,0.0,0.0,0.0,24.0,84.0,4.0,18,1,0.5608170844939647,20.033305601757032,687.0,0.0,0.0,62.064482596731615,33.0,2
674.0,2.0,0.2567746497348761,0.0,0.0,0.0,0.0,0.0,0.0,0.0,0.0,0.0,0.0,75.53333333333333,0.0,0.0,0.0,0.0,8.0,298.0,4.0,18,1,0.5608170844939647,11.357816691603013,677.5,0.0,0.0,3.000000000000304,1.5,2
668.0,3.0,0.1382342574597131,0.0,0.0,0.0,0.0,0.0,0.0,0.0,0.0,0.0,0.0,73.83333333333333,0.0,0.0,0.0,0.0,62.0,188.0,2.0,19,1,0.5608170844939647,3.4641016151458417,671.0,0.0,0.0,0.0,0.0,1
672.0,1.0,-1.000088900581841e-12,0.0,0.0,0.0,0.0,0.0,0.0,0.0,0.0,0.0,0.0,72.4,0.0,0.0,0.0,0.0,38.0,24.0,4.0,19,1,0.5608170844939647,3.000000000009338,670.5,0.0,0.0,0.0,0.0,2
672.0,2.0,0.1732052067471771,0.0,0.0,0.0,0.0,0.0,0.0,0.0,0.0,0.0,0.0,71.03333333333333,0.0,0.0,0.0,0.0,40.0,178.0,2.0,20,1,0.5608170844939647,2.516611478434708,671.5,0.0,0.0,0.0,0.0,2
642.0,3.0,0.6109521129167711,0.0,0.0,0.0,0.0,0.0,0.0,0.0,0.0,0.0,0.0,63.86206896551724,14.0,0.0,0.0,0.0,28.0,502.0,4.0,21,0,0.5608170844939647,15.779733838061285,665.5,0.0,0.0,0.0,0.0,2
704.0,7.0,1.3291941805162284,0.0,0.0,0.0,116.0,0.0,0.0,0.0,0.0,0.0,0.0,58.56666666666667,0.0,0.0,0.0,0.0,206.0,2160.0,32.0,21,0,0.5608170844939647,25.37058664411847,673.5,0.0,0.0,58.000000000000014,29.0,2
702.0,3.0,0.1784181309580079,0.0,0.0,0.0,0.0,0.0,0.0,0.0,0.0,0.0,0.0,50.266666666666666,0.0,0.0,0.0,0.0,16.0,672.0,0.0,22,0,0.5608170844939647,28.9597421719656,681.0,0.0,0.0,58.000000000000014,29.0,2
710.0,2.0,0.0193541070808632,0.0,0.0,0.0,0.0,0.0,0.0,0.0,0.0,0.0,0.0,43.266666666666666,0.0,0.0,0.0,0.0,32.0,270.0,12.0,22,0,0.5608170844939647,31.848600178554,689.5,0.0,0.0,58.000000000000014,29.0,2
716.0,1.0,-1.000088900581841e-12,0.0,0.0,0.0,0.0,0.0,0.0,0.0,0.0,0.0,0.0,33.6,0.0,0.0,0.0,0.0,0.0,170.0,0.0,23,0,0.5608170844939647,6.324555320341156,708.0,0.0,0.0,58.000000000000014,29.0,2
284.0,6.0,1.1298916620165425,0.0,0.0,0.0,0.0,0.0,0.0,0.0,0.0,0.0,0.0,24.5,0.0,0.0,0.0,0.0,0.0,2628.0,0.0,23,0,0.5608170844939647,212.74397758808604,603.0,0.0,0.0,0.0,0.0,2
712.0,3.0,0.3364603911973153,0.0,0.0,0.0,0.0,0.0,0.0,0.0,0.0,0.0,20.0,29.766666666666666,0.0,0.0,0.0,0.0,0.0,378.0,0.0,0,0,0.5608170844939647,214.3478481347552,605.5,0.0,0.0,0.0,0.0,2
718.0,1.0,-1.000088900581841e-12,0.0,0.0,0.0,0.0,0.0,0.0,0.0,0.0,0.0,0.0,59.4,0.0,0.0,0.0,0.0,0.0,0.0,0.0,0,0,0.5608170844939647,215.68109173808767,607.5,0.0,0.0,0.0,0.0,1
74.0,1.0,-1.000088900581841e-12,0.0,0.0,0.0,0.0,0.0,0.0,0.0,0.0,0.0,0.0,85.2,0.0,0.0,0.0,0.0,0.0,0.0,0.0,1,0,0.5608170844939647,321.1251054236236,447.0,0.0,0.0,0.0,0.0,1
0.0,0.0,0.0,0.0,0.0,0.0,0.0,0.0,0.0,0.0,0.0,0.0,0.0,98.6896551724138,0.0,0.0,0.0,0.0,0.0,0.0,0.0,1,0,0.5608170844939647,392.615163571998,376.0,0.0,0.0,0.0,0.0,1
0.0,0.0,0.0,0.0,0.0,0.0,0.0,0.0,0.0,0.0,0.0,0.0,0.0,100.0,0.0,0.0,0.0,0.0,0.0,0.0,0.0,2,0,0.5608170844939647,348.41737423192137,198.0,0.0,0.0,0.0,0.0,1
0.0,0.0,0.0,0.0,0.0,0.0,0.0,0.0,0.0,0.0,0.0,0.0,0.0,100.0,0.0,0.0,0.0,0.0,0.0,0.0,0.0,2,0,0.5608170844939647,37.00000000000061,18.5,0.0,0.0,0.0,0.0,1
0.0,0.0,0.0,0.0,0.0,0.0,0.0,0.0,0.0,0.0,0.0,0.0,0.0,100.0,0.0,0.0,0.0,0.0,0.0,0.0,0.0,3,0,0.5608170844939647,0.0,0.0,0.0,0.0,0.0,0.0,1
0.0,0.0,0.0,0.0,0.0,0.0,0.0,0.0,0.0,0.0,0.0,0.0,0.0,100.0,0.0,0.0,0.0,0.0,0.0,0.0,0.0,3,0,0.5608170844939647,0.0,0.0,0.0,0.0,0.0,0.0,1
0.0,0.0,0.0,0.0,0.0,0.0,0.0,0.0,0.0,0.0,0.0,0.0,0.0,100.0,0.0,0.0,0.0,0.0,0.0,0.0,0.0,4,0,0.5608170844939647,0.0,0.0,0.0,0.0,0.0,0.0,1
0.0,0.0,0.0,0.0,0.0,0.0,0.0,0.0,0.0,0.0,0.0,0.0,0.0,100.0,0.0,0.0,0.0,0.0,0.0,0.0,0.0,4,0,0.5608170844939647,0.0,0.0,0.0,0.0,0.0,0.0,1
0.0,0.0,0.0,0.0,0.0,0.0,0.0,0.0,0.0,0.0,0.0,0.0,0.0,100.0,0.0,0.0,0.0,0.0,0.0,0.0,0.0,5,0,0.5608170844939647,0.0,0.0,0.0,0.0,0.0,0.0,1
0.0,0.0,0.0,0.0,0.0,0.0,0.0,0.0,0.0,0.0,0.0,0.0,0.0,100.0,0.0,0.0,0.0,0.0,0.0,0.0,0.0,5,0,0.5608170844939647,0.0,0.0,0.0,0.0,0.0,0.0,1
0.0,0.0,0.0,0.0,0.0,0.0,0.0,0.0,0.0,0.0,0.0,0.0,0.0,100.0,0.0,0.0,0.0,0.0,0.0,0.0,0.0,6,0,0.5608170844939647,0.0,0.0,0.0,0.0,0.0,0.0,1
0.0,0.0,0.0,0.0,0.0,0.0,0.0,0.0,0.0,0.0,0.0,0.0,0.0,100.0,0.0,0.0,0.0,0.0,0.0,0.0,0.0,6,0,0.5608170844939647,0.0,0.0,0.0,0.0,0.0,0.0,1
718.0,3.0,0.3409120741687497,0.0,0.0,0.0,0.0,0.0,0.0,0.0,0.0,0.0,0.0,100.0,0.0,0.0,0.0,0.0,66.0,70.0,12.0,7,0,0.5608170844939647,359.00000000000006,179.5,0.0,0.0,0.0,0.0,1
682.0,8.0,1.1195496064523651,0.0,0.0,0.0,16.0,0.0,0.0,0.0,0.0,0.0,0.0,98.76666666666668,0.0,0.0,0.0,0.0,158.0,2370.0,30.0,7,0,0.5608170844939647,404.4123308373934,350.0,0.0,0.0,8.000000000000114,4.0,1
628.0,2.0,0.2538036730520456,0.0,0.0,0.0,0.0,0.0,0.0,0.0,0.0,0.0,0.0,72.03703703703704,24.0,0.0,0.0,0.0,24.0,514.0,0.0,10,1,0.5608170844939647,67.88961628997475,661.5,0.0,0.0,11.000000000000083,5.5,2
654.0,8.0,1.421600021834594,0.0,0.0,0.0,38.0,0.0,0.0,0.0,0.0,0.0,0.0,68.96428571428571,0.0,0.0,0.0,0.0,330.0,2842.0,50.0,10,1,0.5608170844939647,56.76559991168366,645.5,0.0,0.0,18.51125783588648,15.0,2
712.0,9.0,1.4394204305618383,0.0,0.0,0.0,528.0,0.0,0.0,0.0,0.0,0.0,0.0,62.72413793103448,0.0,0.0,0.0,0.0,346.0,2660.0,62.0,11,1,0.5608170844939647,54.23406063843403,644.0,0.0,0.0,254.47724194250972,147.0,2
716.0,6.0,1.028654908393143,0.0,0.0,0.0,12.0,0.0,0.0,0.0,0.0,0.0,28.0,63.46666666666667,0.0,0.0,0.0,0.0,82.0,2106.0,24.0,11,1,0.5608170844939647,43.49329450233304,677.5,0.0,0.0,256.1581542719263,144.5,2
718.0,2.0,0.4086877354924026,0.0,0.0,0.0,0.0,0.0,0.0,0.0,0.0,0.0,0.0,86.33333333333333,0.0,0.0,0.0,0.0,0.0,128.0,0.0,12,1,0.5608170844939647,30.76794869123832,700.0,0.0,0.0,256.1581542719263,144.5,2
714.0,4.0,0.8480867549975541,0.0,0.0,0.0,34.0,0.0,0.0,0.0,0.0,0.0,0.0,98.53333333333332,0.0,0.0,0.0,0.0,110.0,630.0,38.0,12,1,0.5608170844939647,2.581988897472925,715.0,0.0,0.0,256.71969149249145,143.5,2
718.0,4.0,0.5254707361700708,0.0,0.0,0.0,8.0,0.0,0.0,0.0,0.0,0.0,28.0,99.03333333333332,0.0,0.0,0.0,0.0,140.0,192.0,10.0,13,1,0.5608170844939647,1.914854215514448,716.5,0.0,0.0,14.548768561863689,13.5,2
716.0,2.0,0.1274818302773106,0.0,0.0,0.0,0.0,0.0,0.0,0.0,0.0,0.0,0.0,100.0,0.0,0.0,0.0,0.0,0.0,166.0,0.0,13,1,0.5608170844939647,1.914854215514448,716.5,0.0,0.0,16.114175953695966,10.5,2
706.0,2.0,0.637166692877966,0.0,0.0,0.0,334.0,0.0,0.0,0.0,0.0,0.0,0.0,100.0,0.0,0.0,0.0,0.0,392.0,174.0,48.0,14,1,0.5608170844939647,5.259911279353812,713.5,0.0,0.0,160.6569844938796,94.0,2
710.0,7.0,1.343002340083503,0.0,0.0,0.0,0.0,0.0,0.0,0.0,0.0,0.0,28.0,99.17241379310344,0.0,0.0,0.0,0.0,148.0,3540.0,18.0,14,1,0.5608170844939647,5.507570547286721,712.5,0.0,0.0,165.70958531921644,85.5,2
718.0,1.0,-1.000088900581841e-12,0.0,0.0,0.0,0.0,0.0,0.0,0.0,0.0,0.0,0.0,100.0,0.0,0.0,0.0,0.0,0.0,0.0,0.0,15,1,0.5608170844939647,5.507570547286721,712.5,0.0,0.0,167.0,83.5,2
718.0,5.0,0.6535230577225485,0.0,0.0,0.0,0.0,0.0,0.0,0.0,0.0,0.0,0.0,100.0,0.0,0.0,0.0,0.0,120.0,2590.0,14.0,15,1,0.5608170844939647,6.000000000000567,713.0,0.0,0.0,167.0,83.5,2
708.0,8.0,1.1451816743883128,0.0,0.0,0.0,382.0,0.0,0.0,0.0,0.0,0.0,32.0,99.82142857142856,0.0,0.0,0.0,0.0,542.0,1756.0,76.0,16,1,0.5608170844939647,5.259911279353812,713.5,0.0,0.0,191.00000000000003,95.5,2
718.0,3.0,0.1331190521326787,0.0,0.0,0.0,0.0,0.0,0.0,0.0,0.0,0.0,0.0,100.0,0.0,0.0,0.0,0.0,0.0,178.0,0.0,16,1,0.5608170844939647,5.000000000000686,715.5,0.0,0.0,191.00000000000003,95.5,2
694.0,4.0,1.2314212039055237,0.0,0.0,0.0,18.0,0.0,0.0,0.0,0.0,0.0,0.0,99.56666666666666,0.0,0.0,0.0,0.0,506.0,6492.0,76.0,17,1,0.5608170844939647,11.35781669160084,709.5,0.0,0.0,188.1913919391639,100.0,2
694.0,2.0,0.6670026920787795,0.0,0.0,0.0,66.0,0.0,0.0,0.0,0.0,0.0,0.0,98.26666666666668,0.0,0.0,0.0,0.0,338.0,202.0,10.0,17,1,0.5608170844939647,11.704699910719896,703.5,0.0,0.0,179.17868176767013,116.5,2
710.0,12.0,2.01689667232872,0.0,0.0,0.0,0.0,0.0,0.0,0.0,0.0,0.0,0.0,89.06896551724138,0.0,0.0,0.0,0.0,72.0,7296.0,20.0,18,1,0.5608170844939647,12.000000000000266,704.0,0.0,0.0,31.17691453623987,21.0,2
714.0,13.0,2.047895033898925,0.0,0.0,0.0,0.0,0.0,0.0,0.0,0.0,0.0,0.0,76.56666666666666,0.0,0.0,0.0,0.0,72.0,6190.0,0.0,18,1,0.5608170844939647,10.51982255870664,703.0,0.0,0.0,31.17691453623987,21.0,2
710.0,8.0,1.3442571241795287,0.0,0.0,0.0,0.0,0.0,0.0,0.0,0.0,0.0,36.0,62.55172413793103,0.0,0.0,0.0,0.0,260.0,3558.0,14.0,19,1,0.5608170844939647,8.869423130433743,707.0,0.0,0.0,33.00000000000007,16.5,2
708.0,5.0,0.4365690923539512,0.0,0.0,0.0,0.0,0.0,0.0,0.0,0.0,0.0,38.0,64.53333333333333,0.0,0.0,0.0,0.0,162.0,1540.0,16.0,19,1,0.5608170844939647,2.516611478424837,710.5,0.0,0.0,0.0,0.0,2
704.0,2.0,0.5684916008372016,0.0,0.0,0.0,0.0,0.0,0.0,0.0,0.0,0.0,36.0,83.4,0.0,0.0,0.0,0.0,292.0,138.0,14.0,20,1,0.5608170844939647,4.163331998933017,709.0,0.0,0.0,0.0,0.0,2
718.0,5.0,0.7365964131831101,0.0,0.0,0.0,0.0,0.0,0.0,0.0,0.0,0.0,0.0,94.9,0.0,0.0,0.0,0.0,0.0,704.0,6.0,20,1,0.5608170844939647,5.887840577552426,710.0,0.0,0.0,0.0,0.0,1
712.0,8.0,0.8717585023069236,0.0,0.0,0.0,0.0,0.0,0.0,0.0,0.0,0.0,0.0,96.83333333333331,0.0,0.0,0.0,0.0,0.0,2640.0,0.0,21,0,0.5608170844939647,5.972157622390159,710.5,0.0,0.0,0.0,0.0,2
702.0,8.0,0.8492840165878471,0.0,0.0,0.0,0.0,0.0,0.0,0.0,0.0,0.0,0.0,77.55172413793103,0.0,0.0,0.0,0.0,42.0,1084.0,0.0,21,0,0.5608170844939647,7.393691004273369,709.0,0.0,0.0,0.0,0.0,2
716.0,7.0,0.7785053585695864,0.0,0.0,0.0,0.0,0.0,0.0,0.0,0.0,0.0,0.0,62.1,0.0,0.0,0.0,0.0,42.0,1632.0,0.0,22,0,0.5608170844939647,7.118052168021323,712.0,0.0,0.0,0.0,0.0,2
718.0,10.0,1.297579053281613,0.0,0.0,0.0,62.0,0.0,0.0,0.0,0.0,0.0,0.0,42.96666666666667,0.0,0.0,0.0,0.0,44.0,2066.0,6.0,22,0,0.5608170844939647,7.118052168021323,712.0,0.0,0.0,31.00000000000008,15.5,2
714.0,8.0,1.7147923012522706,0.0,0.0,0.0,20.0,0.0,0.0,0.0,0.0,0.0,0.0,31.6,0.0,0.0,0.0,0.0,274.0,12774.0,18.0,23,0,0.5608170844939647,7.187952884283052,712.5,0.0,0.0,29.22898105191726,20.5,2
716.0,7.0,0.8447289800889919,0.0,0.0,0.0,0.0,0.0,0.0,0.0,0.0,0.0,0.0,22.4,0.0,0.0,0.0,0.0,0.0,13218.0,0.0,23,0,0.5608170844939647,1.6329931618574072,716.0,0.0,0.0,29.22898105191726,20.5,2
336.0,1.0,-1.000088900581841e-12,0.0,0.0,0.0,0.0,0.0,0.0,0.0,0.0,0.0,0.0,16.928571428571427,0.0,0.0,0.0,0.0,0.0,27292.0,0.0,0,0,0.5608170844939647,190.0070174142699,621.0,0.0,0.0,29.22898105191726,20.5,2
0.0,0.0,0.0,0.0,0.0,0.0,0.0,0.0,0.0,0.0,0.0,0.0,0.0,0.0,0.0,0.0,0.0,0.0,0.0,18514.0,0.0,0,0,0.5608170844939647,344.315262513877,441.5,0.0,0.0,10.00000000000024,5.0,2
248.0,3.0,0.7725800168715449,0.0,0.0,0.0,0.0,0.0,0.0,0.0,0.0,0.0,40.0,23.5,0.0,0.0,0.0,0.0,0.0,10204.0,0.0,1,0,0.5608170844939647,296.9601544539828,325.0,0.0,0.0,0.0,0.0,2
718.0,1.0,-1.000088900581841e-12,0.0,0.0,0.0,0.0,0.0,0.0,0.0,0.0,0.0,0.0,41.833333333333336,0.0,0.0,0.0,0.0,0.0,0.0,0.0,1,0,0.5608170844939647,297.8383230322563,325.5,0.0,0.0,0.0,0.0,2
576.0,1.0,-1.000088900581841e-12,0.0,0.0,0.0,0.0,0.0,0.0,0.0,0.0,0.0,0.0,67.86666666666666,0.0,0.0,0.0,0.0,0.0,0.0,0.0,2,0,0.5608170844939647,323.70923166735093,385.5,0.0,0.0,0.0,0.0,2
544.0,1.0,-1.000088900581841e-12,0.0,0.0,0.0,0.0,0.0,0.0,0.0,0.0,0.0,0.0,85.0,0.0,0.0,0.0,0.0,0.0,0.0,0.0,2,0,0.5608170844939647,197.3921646536829,521.5,0.0,0.0,0.0,0.0,2
718.0,1.0,-1.000088900581841e-12,0.0,0.0,0.0,0.0,0.0,0.0,0.0,0.0,0.0,0.0,96.63333333333334,0.0,0.0,0.0,0.0,0.0,0.0,0.0,3,0,0.5608170844939647,92.1520482680662,639.0,0.0,0.0,0.0,0.0,2
172.0,1.0,-1.000088900581841e-12,0.0,0.0,0.0,0.0,0.0,0.0,0.0,0.0,0.0,0.0,100.0,0.0,0.0,0.0,0.0,0.0,0.0,0.0,3,0,0.5608170844939647,232.9484921608208,502.5,0.0,0.0,0.0,0.0,2
0.0,0.0,0.0,0.0,0.0,0.0,0.0,0.0,0.0,0.0,0.0,0.0,0.0,100.0,0.0,0.0,0.0,0.0,0.0,0.0,0.0,4,0,0.5608170844939647,330.1287627578064,358.5,0.0,0.0,0.0,0.0,2
0.0,0.0,0.0,0.0,0.0,0.0,0.0,0.0,0.0,0.0,0.0,0.0,0.0,100.0,0.0,0.0,0.0,0.0,46.0,0.0,0.0,4,0,0.5608170844939647,340.13869720061746,222.5,0.0,0.0,0.0,0.0,2
0.0,0.0,0.0,0.0,0.0,0.0,0.0,0.0,0.0,0.0,0.0,0.0,0.0,100.0,0.0,0.0,0.0,0.0,0.0,0.0,0.0,5,0,0.5608170844939647,86.00000000000004,43.0,0.0,0.0,0.0,0.0,2
0.0,0.0,0.0,0.0,0.0,0.0,0.0,0.0,0.0,0.0,0.0,0.0,0.0,100.0,0.0,0.0,0.0,0.0,0.0,0.0,0.0,5,0,0.5608170844939647,0.0,0.0,0.0,0.0,0.0,0.0,2
0.0,0.0,0.0,0.0,0.0,0.0,0.0,0.0,0.0,0.0,0.0,0.0,0.0,100.0,0.0,0.0,0.0,0.0,0.0,0.0,0.0,6,0,0.5608170844939647,0.0,0.0,0.0,0.0,0.0,0.0,2
0.0,0.0,0.0,0.0,0.0,0.0,0.0,0.0,0.0,0.0,0.0,0.0,0.0,100.0,0.0,0.0,0.0,0.0,0.0,0.0,0.0,6,0,0.5608170844939647,0.0,0.0,0.0,0.0,0.0,0.0,2
358.0,2.0,0.2459118032071678,0.0,0.0,0.0,0.0,0.0,0.0,0.0,0.0,0.0,0.0,100.0,0.0,0.0,0.0,0.0,0.0,0.0,0.0,7,0,0.5608170844939647,179.00000000000003,89.5,0.0,0.0,0.0,0.0,2
712.0,7.0,1.0917386591656282,0.0,0.0,0.0,62.0,0.0,0.0,0.0,0.0,0.0,0.0,99.53333333333332,0.0,0.0,0.0,0.0,714.0,650.0,66.0,7,0,0.5608170844939647,341.01954978172927,267.5,0.0,0.0,31.00000000000008,15.5,2
710.0,4.0,0.7052391976304857,0.0,0.0,0.0,134.0,0.0,0.0,0.0,0.0,0.0,46.0,97.86206896551724,0.0,0.0,0.0,0.0,182.0,1994.0,36.0,8,1,0.5608170844939647,340.15094688485976,445.0,0.0,0.0,63.75996654118741,49.0,2
720.0,1.0,-1.000088900581841e-12,0.0,0.0,0.0,62.0,0.0,0.0,0.0,0.0,0.0,0.0,100.0,0.0,0.0,0.0,0.0,0.0,24.0,0.0,8,1,0.5608170844939647,178.05242673624713,625.0,0.0,0.0,54.781383699209385,64.5,2
502.0,3.0,0.3319070389907407,0.0,0.0,0.0,0.0,0.0,0.0,0.0,0.0,0.0,0.0,100.0,0.0,0.0,0.0,0.0,0.0,396.0,0.0,9,1,0.5608170844939647,106.08801377472692,661.0,0.0,0.0,54.781383699209385,64.5,2
706.0,8.0,1.1565654889536152,0.0,0.0,0.0,10.0,0.0,0.0,0.0,0.0,0.0,0.0,99.6896551724138,0.0,0.0,0.0,0.0,568.0,6842.0,62.0,9,1,0.5608170844939647,105.16494980109414,659.5,0.0,0.0,61.34872995153746,51.5,2
700.0,5.0,0.530952841967101,0.0,0.0,0.0,0.0,0.0,0.0,0.0,0.0,0.0,50.0,97.58620689655172,0.0,0.0,0.0,0.0,434.0,2184.0,26.0,10,1,0.5608170844939647,103.67256146155542,657.0,0.0,0.0,29.70970660687632,18.0,2
716.0,6.0,1.2718096215296202,0.0,0.0,0.0,0.0,0.0,0.0,0.0,0.0,0.0,0.0,99.96666666666668,0.0,0.0,0.0,0.0,0.0,4690.0,10.0,10,1,0.5608170844939647,102.8785691968934,656.0,0.0,0.0,5.000000000000374,2.5,2
716.0,3.0,0.4719496202761793,0.0,0.0,0.0,0.0,0.0,0.0,0.0,0.0,0.0,0.0,100.0,0.0,0.0,0.0,0.0,58.0,1076.0,0.0,11,1,0.5608170844939647,7.895146188216953,709.5,0.0,0.0,5.000000000000374,2.5,2
692.0,4.0,0.2112734714868304,0.0,0.0,0.0,0.0,0.0,0.0,0.0,0.0,0.0,0.0,100.0,0.0,0.0,0.0,0.0,590.0,1618.0,26.0,11,1,0.5608170844939647,11.9999999999993,706.0,0.0,0.0,0.0,0.0,2
688.0,7.0,1.38925514293858,0.0,0.0,0.0,0.0,0.0,0.0,0.0,0.0,0.0,0.0,98.7,0.0,0.0,0.0,0.0,818.0,4452.0,68.0,12,1,0.5608170844939647,15.099668870540944,703.0,0.0,0.0,0.0,0.0,2
714.0,5.0,0.6408145160909293,0.0,0.0,0.0,0.0,0.0,0.0,0.0,0.0,0.0,0.0,86.26666666666667,0.0,0.0,0.0,0.0,178.0,2884.0,0.0,12,1,0.5608170844939647,14.548768561862884,702.5,0.0,0.0,0.0,0.0,2
704.0,7.0,1.052886970776341,0.0,0.0,0.0,0.0,0.0,0.0,0.0,0.0,0.0,0.0,73.9,0.0,0.0,0.0,0.0,176.0,2988.0,24.0,13,1,0.5608170844939647,11.818065267489846,699.5,0.0,0.0,0.0,0.0,2
710.0,6.0,1.2235239441087389,0.0,0.0,0.0,54.0,0.0,0.0,0.0,0.0,0.0,0.0,61.46666666666667,0.0,0.0,0.0,0.0,652.0,5294.0,58.0,13,1,0.5608170844939647,11.430952132987429,704.0,0.0,0.0,27.00000000000007,13.5,2
710.0,5.0,0.3751582884002801,0.0,0.0,0.0,0.0,0.0,0.0,0.0,0.0,0.0,60.0,60.62068965517241,0.0,0.0,0.0,0.0,240.0,1072.0,28.0,14,1,0.5608170844939647,4.123105625615595,709.5,0.0,0.0,27.00000000000007,13.5,1
720.0,3.0,0.2638623089756335,0.0,0.0,0.0,24.0,0.0,0.0,0.0,0.0,0.0,0.0,75.0,0.0,0.0,0.0,0.0,0.0,72.0,0.0,14,1,0.5608170844939647,6.633249580709516,711.0,0.0,0.0,25.632011235952668,19.5,2
678.0,8.0,1.0568286388864263,0.0,0.0,0.0,0.0,0.0,0.0,0.0,0.0,0.0,0.0,84.13333333333334,0.0,0.0,0.0,0.0,666.0,4046.0,74.0,15,1,0.5608170844939647,18.28478420253618,704.5,0.0,0.0,25.632011235952668,19.5,2
670.0,4.0,0.6367067509988469,0.0,0.0,0.0,82.0,0.0,0.0,0.0,0.0,0.0,0.0,80.96551724137932,0.0,0.0,0.0,0.0,182.0,1202.0,6.0,15,1,0.5608170844939647,24.241837114101926,694.5,0.0,0.0,38.69108424430625,26.5,2
702.0,9.0,1.471053422517883,0.0,0.0,0.0,28.0,0.0,0.0,0.0,0.0,0.0,0.0,73.65517241379311,0.0,0.0,0.0,0.0,566.0,9152.0,62.0,16,1,0.5608170844939647,22.82542442102628,692.5,0.0,0.0,34.61695153148724,33.5,2
706.0,6.0,1.20503899393307,0.0,0.0,0.0,0.0,0.0,0.0,0.0,0.0,0.0,66.0,62.766666666666666,0.0,0.0,0.0,0.0,138.0,6116.0,18.0,16,1,0.5608170844939647,17.701224063135193,689.0,0.0,0.0,38.656607887052594,27.5,2
716.0,2.0,0.3781268113184424,0.0,0.0,0.0,0.0,0.0,0.0,0.0,0.0,0.0,0.0,73.53333333333333,0.0,0.0,0.0,0.0,68.0,758.0,18.0,17,1,0.5608170844939647,19.891371663780507,698.5,0.0,0.0,38.656607887052594,27.5,2
718.0,1.0,-1.000088900581841e-12,0.0,0.0,0.0,0.0,0.0,0.0,0.0,0.0,0.0,0.0,92.83333333333331,0.0,0.0,0.0,0.0,0.0,0.0,0.0,17,1,0.5608170844939647,7.72442015083657,710.5,0.0,0.0,14.000000000000126,7.0,2
704.0,9.0,1.3716378598558432,0.0,0.0,0.0,0.0,0.0,0.0,0.0,0.0,0.0,0.0,99.65517241379312,0.0,0.0,0.0,0.0,0.0,6762.0,0.0,18,1,0.5608170844939647,7.02376916856731,711.0,0.0,0.0,0.0,0.0,2
680.0,2.0,0.6527382907097403,0.0,0.0,0.0,74.0,0.0,0.0,0.0,0.0,0.0,0.0,98.2,0.0,0.0,0.0,0.0,366.0,140.0,14.0,18,1,0.5608170844939647,17.464249196572496,704.5,0.0,0.0,37.00000000000005,18.5,2
684.0,5.0,0.951166526376072,0.0,0.0,0.0,152.0,0.0,0.0,0.0,0.0,0.0,0.0,95.72413793103448,0.0,0.0,0.0,0.0,664.0,1408.0,78.0,19,1,0.5608170844939647,17.767010628314754,696.5,0.0,0.0,72.59706146486465,56.5,2
704.0,11.0,1.8126982640191016,0.0,0.0,0.0,0.0,0.0,0.0,0.0,0.0,0.0,0.0,81.96666666666667,0.0,0.0,0.0,0.0,78.0,8814.0,6.0,19,1,0.5608170844939647,12.806248474865033,693.0,0.0,0.0,72.59706146486465,56.5,1
696.0,8.0,1.6361510824459646,0.0,0.0,0.0,30.0,0.0,0.0,0.0,0.0,0.0,0.0,70.1,0.0,0.0,0.0,0.0,690.0,4914.0,40.0,20,1,0.5608170844939647,11.015141094571431,691.0,0.0,0.0,66.07066923630589,64.0,2
690.0,4.0,0.8840836534972714,0.0,0.0,0.0,0.0,0.0,0.0,0.0,0.0,0.0,0.0,65.79310344827586,0.0,0.0,0.0,0.0,308.0,902.0,44.0,20,1,0.5608170844939647,8.544003745316541,693.5,0.0,0.0,72.39475119095309,45.5,2
714.0,3.0,0.6954132501916221,0.0,0.0,0.0,0.0,0.0,0.0,0.0,0.0,0.0,0.0,60.73333333333333,0.0,0.0,0.0,0.0,68.0,866.0,0.0,21,0,0.5608170844939647,10.392304845412465,701.0,0.0,0.0,15.00000000000008,7.5,2
678.0,5.0,0.9510277809107908,0.0,0.0,0.0,0.0,0.0,0.0,0.0,0.0,0.0,70.0,56.73333333333333,0.0,0.0,0.0,0.0,542.0,2330.0,0.0,21,0,0.5608170844939647,14.999999999999446,694.5,0.0,0.0,15.00000000000008,7.5,2
672.0,2.0,0.0645814363756275,0.0,0.0,0.0,0.0,0.0,0.0,0.0,0.0,0.0,0.0,68.2,0.0,0.0,0.0,0.0,224.0,180.0,0.0,22,0,0.5608170844939647,18.574175621006265,688.5,0.0,0.0,0.0,0.0,2
508.0,8.0,1.6814373681352293,0.0,0.0,0.0,0.0,0.0,0.0,0.0,0.0,0.0,0.0,66.0909090909091,52.0,0.0,0.0,0.0,156.0,5332.0,6.0,22,0,0.5608170844939647,91.89124006128104,643.0,0.0,0.0,0.0,0.0,2
716.0,2.0,0.0345507670008156,0.0,0.0,0.0,0.0,0.0,0.0,0.0,0.0,0.0,0.0,49.72413793103448,0.0,0.0,0.0,0.0,240.0,5416.0,0.0,23,0,0.5608170844939647,92.4103168843536,643.5,0.0,0.0,0.0,0.0,2
712.0,6.0,1.2209998673297524,0.0,0.0,0.0,0.0,0.0,0.0,0.0,0.0,0.0,76.0,41.86666666666667,0.0,0.0,0.0,0.0,84.0,4472.0,0.0,23,0,0.5608170844939647,98.03400770480953,652.0,0.0,0.0,0.0,0.0,2
718.0,1.0,-1.000088900581841e-12,0.0,0.0,0.0,0.0,0.0,0.0,0.0,0.0,0.0,0.0,67.03333333333333,0.0,0.0,0.0,0.0,0.0,0.0,0.0,0,0,0.5608170844939647,103.696673042099,663.5,0.0,0.0,0.0,0.0,2
308.0,1.0,-1.000088900581841e-12,0.0,0.0,0.0,0.0,0.0,0.0,0.0,0.0,0.0,0.0,90.7,0.0,0.0,0.0,0.0,0.0,0.0,0.0,0,0,0.5608170844939647,203.68194159849645,613.5,0.0,0.0,0.0,0.0,2
0.0,0.0,0.0,0.0,0.0,0.0,0.0,0.0,0.0,0.0,0.0,0.0,0.0,99.4,0.0,0.0,0.0,0.0,0.0,0.0,0.0,1,0,0.5608170844939647,347.45311434302425,434.5,0.0,0.0,0.0,0.0,1
382.0,1.0,-1.000088900581841e-12,0.0,0.0,0.0,0.0,0.0,0.0,0.0,0.0,0.0,0.0,100.0,0.0,0.0,0.0,0.0,82.0,12.0,16.0,1,0,0.5608170844939647,294.7857979392268,352.0,0.0,0.0,0.0,0.0,1
718.0,1.0,-1.000088900581841e-12,0.0,0.0,0.0,0.0,0.0,0.0,0.0,0.0,0.0,0.0,100.0,0.0,0.0,0.0,0.0,0.0,0.0,0.0,2,0,0.5608170844939647,294.7857979392268,352.0,0.0,0.0,0.0,0.0,1
334.0,1.0,-1.000088900581841e-12,0.0,0.0,0.0,0.0,0.0,0.0,0.0,0.0,0.0,0.0,100.0,0.0,0.0,0.0,0.0,0.0,0.0,0.0,2,0,0.5608170844939647,293.7771264070775,358.5,0.0,0.0,0.0,0.0,1
0.0,0.0,0.0,0.0,0.0,0.0,0.0,0.0,0.0,0.0,0.0,0.0,0.0,100.0,0.0,0.0,0.0,0.0,80.0,0.0,0.0,3,0,0.5608170844939647,293.7771264070775,358.5,0.0,0.0,0.0,0.0,1
496.0,1.0,-1.000088900581841e-12,0.0,0.0,0.0,0.0,0.0,0.0,0.0,0.0,0.0,0.0,100.0,0.0,0.0,0.0,0.0,0.0,0.0,0.0,3,0,0.5608170844939647,302.2250816858191,387.0,0.0,0.0,0.0,0.0,1
718.0,1.0,-1.000088900581841e-12,0.0,0.0,0.0,0.0,0.0,0.0,0.0,0.0,0.0,0.0,100.0,0.0,0.0,0.0,0.0,0.0,0.0,0.0,4,0,0.5608170844939647,302.2250816858191,387.0,0.0,0.0,0.0,0.0,1
220.0,1.0,-1.000088900581841e-12,0.0,0.0,0.0,0.0,0.0,0.0,0.0,0.0,0.0,0.0,100.0,0.0,0.0,0.0,0.0,0.0,0.0,0.0,4,0,0.5608170844939647,314.03343771006297,358.5,0.0,0.0,0.0,0.0,1
0.0,0.0,0.0,0.0,0.0,0.0,0.0,0.0,0.0,0.0,0.0,0.0,0.0,100.0,0.0,0.0,0.0,0.0,0.0,0.0,0.0,5,0,0.5608170844939647,314.03343771006297,358.5,0.0,0.0,0.0,0.0,1
0.0,0.0,0.0,0.0,0.0,0.0,0.0,0.0,0.0,0.0,0.0,0.0,0.0,100.0,0.0,0.0,0.0,0.0,0.0,0.0,0.0,5,0,0.5608170844939647,338.6064579025824,234.5,0.0,0.0,0.0,0.0,1
0.0,0.0,0.0,0.0,0.0,0.0,0.0,0.0,0.0,0.0,0.0,0.0,0.0,100.0,0.0,0.0,0.0,0.0,0.0,0.0,0.0,6,0,0.5608170844939647,110.00000000000004,55.0,0.0,0.0,0.0,0.0,1
30.0,1.0,-1.000088900581841e-12,0.0,0.0,0.0,0.0,0.0,0.0,0.0,0.0,0.0,0.0,100.0,0.0,0.0,0.0,0.0,0.0,0.0,0.0,6,0,0.5608170844939647,15.000000000000238,7.5,0.0,0.0,0.0,0.0,1
718.0,3.0,0.1514901363441565,0.0,0.0,0.0,0.0,0.0,0.0,0.0,0.0,0.0,0.0,100.0,0.0,0.0,0.0,0.0,0.0,50.0,8.0,7,0,0.5608170844939647,354.2823732561359,187.0,0.0,0.0,0.0,0.0,1
688.0,9.0,1.641634361800001,0.0,0.0,0.0,34.0,0.0,0.0,0.0,0.0,0.0,0.0,97.65517241379312,0.0,0.0,0.0,0.0,764.0,5620.0,68.0,7,0,0.5608170844939647,397.5944332272943,359.0,0.0,0.0,17.00000000000007,8.5,2
714.0,4.0,0.4778924542984447,0.0,0.0,0.0,48.0,0.0,0.0,0.0,0.0,0.0,0.0,92.16666666666669,0.0,0.0,0.0,0.0,768.0,598.0,104.0,8,1,0.5608170844939647,338.5946445727299,537.5,0.0,0.0,24.35159132377189,20.5,2
716.0,5.0,1.0785300451637063,0.0,0.0,0.0,18.0,0.0,0.0,0.0,0.0,0.0,0.0,81.0,0.0,0.0,0.0,0.0,86.0,10064.0,12.0,8,1,0.5608170844939647,14.094916341243527,709.0,0.0,0.0,20.68816086557726,25.0,2
718.0,5.0,1.353095243400292,0.0,0.0,0.0,0.0,0.0,0.0,0.0,0.0,0.0,0.0,69.7,0.0,0.0,0.0,0.0,0.0,5368.0,0.0,9,1,0.5608170844939647,14.094916341243527,709.0,0.0,0.0,20.68816086557726,25.0,2
716.0,7.0,0.9279660239021446,0.0,0.0,0.0,0.0,0.0,0.0,0.0,0.0,0.0,0.0,59.9,0.0,0.0,0.0,0.0,1076.0,4072.0,94.0,9,1,0.5608170844939647,1.6329931618515183,716.0,0.0,0.0,22.649503305812303,16.5,2
712.0,10.0,1.6826410077584564,0.0,0.0,0.0,88.0,0.0,0.0,0.0,0.0,0.0,0.0,51.310344827586206,0.0,0.0,0.0,0.0,808.0,5726.0,130.0,10,1,0.5608170844939647,2.516611478421027,715.5,0.0,0.0,41.86884283091668,26.5,2
718.0,7.0,1.1212826397679638,0.0,0.0,0.0,38.0,0.0,0.0,0.0,0.0,0.0,92.0,48.23333333333333,0.0,0.0,0.0,0.0,738.0,1964.0,94.0,10,1,0.5608170844939647,2.828427124743913,716.0,0.0,0.0,41.70931151034106,31.5,2
714.0,8.0,1.097162696565268,0.0,0.0,0.0,0.0,0.0,0.0,0.0,0.0,0.0,0.0,67.46666666666667,0.0,0.0,0.0,0.0,372.0,3422.0,54.0,11,1,0.5608170844939647,2.5819888974691234,715.0,0.0,0.0,41.70931151034106,31.5,2
714.0,5.0,1.28753337620361,0.0,0.0,0.0,32.0,0.0,0.0,0.0,0.0,0.0,0.0,83.66666666666667,0.0,0.0,0.0,0.0,278.0,5072.0,28.0,11,1,0.5608170844939647,2.516611478421027,714.5,0.0,0.0,36.38223009474088,39.5,2
714.0,8.0,1.565116597216644,0.0,0.0,0.0,10.0,0.0,0.0,0.0,0.0,0.0,0.0,81.76666666666667,0.0,0.0,0.0,0.0,1312.0,7080.0,122.0,12,1,0.5608170844939647,1.9999999999967788,715.0,0.0,0.0,17.962924780410038,20.0,2
710.0,4.0,0.543840901978213,0.0,0.0,0.0,0.0,0.0,0.0,0.0,0.0,0.0,0.0,65.73333333333333,0.0,0.0,0.0,0.0,96.0,16510.0,10.0,12,1,0.5608170844939647,1.9999999999967788,713.0,0.0,0.0,15.088627063675112,10.5,2
688.0,7.0,1.42172235611391,0.0,0.0,0.0,0.0,0.0,0.0,0.0,0.0,0.0,0.0,52.6,0.0,0.0,0.0,0.0,1444.0,5350.0,26.0,13,1,0.5608170844939647,12.476644848141408,706.5,0.0,0.0,15.088627063675112,10.5,2
670.0,3.0,0.5283033746030779,0.0,0.0,0.0,0.0,0.0,0.0,0.0,0.0,0.0,0.0,49.172413793103445,0.0,0.0,0.0,0.0,980.0,4308.0,102.0,13,1,0.5608170844939647,20.48576741707895,695.5,0.0,0.0,5.000000000000234,2.5,2
708.0,3.0,0.1377834912876247,0.0,0.0,0.0,0.0,0.0,0.0,0.0,0.0,0.0,96.0,54.4,0.0,0.0,0.0,0.0,594.0,414.0,58.0,14,1,0.5608170844939647,18.832595855767032,694.0,0.0,0.0,0.0,0.0,2
718.0,1.0,-1.000088900581841e-12,0.0,0.0,0.0,0.0,0.0,0.0,0.0,0.0,0.0,0.0,78.76666666666667,0.0,0.0,0.0,0.0,0.0,0.0,0.0,14,1,0.5608170844939647,21.35415650406232,696.0,0.0,0.0,0.0,0.0,2
690.0,6.0,0.9382865401837444,0.0,0.0,0.0,0.0,0.0,0.0,0.0,0.0,0.0,0.0,90.0,0.0,0.0,0.0,0.0,414.0,6406.0,26.0,15,1,0.5608170844939647,21.1266025033208,696.5,0.0,0.0,0.0,0.0,2
694.0,8.0,1.074054494027038,0.0,0.0,0.0,0.0,0.0,0.0,0.0,0.0,0.0,104.0,86.16666666666667,0.0,0.0,0.0,0.0,608.0,7004.0,102.0,15,1,0.5608170844939647,12.89702808143489,702.5,0.0,0.0,0.0,0.0,2
718.0,2.0,0.0483051822207435,0.0,0.0,0.0,0.0,0.0,0.0,0.0,0.0,0.0,0.0,96.41379310344828,0.0,0.0,0.0,0.0,102.0,310.0,46.0,16,1,0.5608170844939647,15.099668870541066,705.0,0.0,0.0,0.0,0.0,2
712.0,5.0,0.6944089145272745,0.0,0.0,0.0,46.0,0.0,0.0,0.0,0.0,0.0,0.0,99.24137931034484,0.0,0.0,0.0,0.0,1602.0,1896.0,140.0,16,1,0.5608170844939647,13.60147050873496,703.5,0.0,0.0,23.000000000000053,11.5,2
710.0,6.0,1.0293856120046685,0.0,0.0,0.0,204.0,0.0,0.0,0.0,0.0,0.0,0.0,95.4,0.0,0.0,0.0,0.0,960.0,2130.0,104.0,17,1,0.5608170844939647,10.246950765958957,708.5,0.0,0.0,96.79359482941008,62.5,2
698.0,9.0,1.4146474622490868,0.0,0.0,0.0,30.0,0.0,0.0,0.0,0.0,0.0,0.0,88.63333333333334,0.0,0.0,0.0,0.0,860.0,5184.0,42.0,17,1,0.5608170844939647,8.386497083605295,709.5,0.0,0.0,91.3454979733539,70.0,2
704.0,13.0,1.8898909862117883,0.0,0.0,0.0,48.0,0.0,0.0,0.0,0.0,0.0,0.0,77.73333333333333,0.0,0.0,0.0,0.0,660.0,15616.0,48.0,18,1,0.5608170844939647,6.324555320335703,706.0,0.0,0.0,81.73126696681021,82.0,2
718.0,6.0,1.1435051083299852,0.0,0.0,0.0,0.0,0.0,0.0,0.0,0.0,0.0,0.0,63.43333333333333,0.0,0.0,0.0,0.0,0.0,13792.0,0.0,18,1,0.5608170844939647,8.544003745316749,707.5,0.0,0.0,91.1756546453054,70.5,2
652.0,4.0,0.3279213458358535,0.0,0.0,0.0,0.0,0.0,0.0,0.0,0.0,0.0,0.0,57.0,0.0,0.0,0.0,0.0,532.0,1200.0,36.0,19,1,0.5608170844939647,28.58904218985517,693.0,0.0,0.0,23.68543856465408,19.5,2
656.0,1.0,-1.000088900581841e-12,0.0,0.0,0.0,0.0,0.0,0.0,0.0,0.0,0.0,0.0,56.03333333333333,0.0,0.0,0.0,0.0,108.0,76.0,28.0,19,1,0.5608170844939647,33.44149119482144,682.5,0.0,0.0,24.00000000000005,12.0,2
432.0,2.0,0.187462010920155,0.0,0.0,0.0,0.0,0.0,0.0,0.0,0.0,0.0,0.0,54.5,48.0,0.0,0.0,0.0,114.0,1008.0,20.0,20,1,0.5608170844939647,125.36214207912474,614.5,0.0,0.0,0.0,0.0,2
668.0,12.0,1.2105821932980525,0.0,0.0,0.0,0.0,0.0,0.0,0.0,0.0,0.0,0.0,50.86666666666667,0.0,0.0,0.0,0.0,670.0,6572.0,104.0,20,1,0.5608170844939647,113.53707177246848,602.0,0.0,0.0,0.0,0.0,2
664.0,4.0,1.0235968704937832,0.0,0.0,0.0,0.0,0.0,0.0,0.0,0.0,0.0,0.0,43.23333333333333,0.0,0.0,0.0,0.0,444.0,7278.0,56.0,21,0,0.5608170844939647,115.44118271512406,605.0,0.0,0.0,0.0,0.0,2
674.0,6.0,0.9216422733527456,0.0,0.0,0.0,0.0,0.0,0.0,0.0,0.0,0.0,0.0,39.42857142857143,0.0,0.0,0.0,0.0,676.0,4006.0,74.0,21,0,0.5608170844939647,118.40467333119356,609.5,0.0,0.0,0.0,0.0,2
670.0,4.0,0.8164098589769737,0.0,0.0,0.0,0.0,0.0,0.0,0.0,0.0,0.0,0.0,33.758620689655174,0.0,0.0,0.0,0.0,584.0,4362.0,60.0,22,0,0.5608170844939647,4.163331998931296,669.0,0.0,0.0,0.0,0.0,2
330.0,1.0,-1.000088900581841e-12,0.0,0.0,0.0,0.0,0.0,0.0,0.0,0.0,0.0,0.0,31.066666666666663,74.0,0.0,0.0,0.0,124.0,0.0,0.0,22,0,0.5608170844939647,169.71643016121527,584.5,0.0,0.0,0.0,0.0,2
120.0,3.0,0.636241076733493,0.0,0.0,0.0,0.0,0.0,0.0,0.0,0.0,0.0,0.0,29.33333333333333,0.0,0.0,0.0,0.0,490.0,932.0,14.0,23,0,0.5608170844939647,271.94791167917924,448.5,0.0,0.0,0.0,0.0,2
102.0,1.0,-1.000088900581841e-12,0.0,0.0,0.0,0.0,0.0,0.0,0.0,0.0,0.0,0.0,28.75,0.0,0.0,0.0,0.0,120.0,856.0,30.0,23,0,0.5608170844939647,264.1230773711377,305.5,0.0,0.0,0.0,0.0,2
586.0,6.0,1.3712449056337197,0.0,0.0,0.0,14.0,0.0,0.0,0.0,0.0,0.0,0.0,24.2,0.0,0.0,0.0,0.0,1986.0,4224.0,80.0,0,0,0.5608170844939647,226.0818435876707,284.5,0.0,0.0,7.000000000000173,3.5,2
146.0,1.0,-1.000088900581841e-12,0.0,0.0,0.0,74.0,0.0,0.0,0.0,0.0,0.0,124.0,17.666666666666668,0.0,0.0,0.0,0.0,364.0,6780.0,0.0,0,0,0.5608170844939647,232.36967673658856,238.5,0.0,0.0,35.289280714309484,22.0,1
704.0,1.0,-1.000088900581841e-12,0.0,0.0,0.0,0.0,0.0,0.0,0.0,0.0,0.0,0.0,33.06896551724138,0.0,0.0,0.0,0.0,0.0,0.0,0.0,1,0,0.5608170844939647,305.16170576706816,384.5,0.0,0.0,35.289280714309484,22.0,1
498.0,1.0,-1.000088900581841e-12,0.0,0.0,0.0,0.0,0.0,0.0,0.0,0.0,0.0,0.0,61.833333333333336,0.0,0.0,0.0,0.0,0.0,0.0,0.0,1,0,0.5608170844939647,240.307441971044,483.5,0.0,0.0,35.289280714309484,22.0,1
0.0,0.0,0.0,0.0,0.0,0.0,0.0,0.0,0.0,0.0,0.0,0.0,0.0,87.16666666666667,0.0,0.0,0.0,0.0,0.0,0.0,0.0,2,0,0.5608170844939647,321.7970374837738,337.0,0.0,0.0,37.00000000000003,18.5,1
0.0,0.0,0.0,0.0,0.0,0.0,0.0,0.0,0.0,0.0,0.0,0.0,0.0,98.8,0.0,0.0,0.0,0.0,0.0,0.0,0.0,2,0,0.5608170844939647,357.03361186308496,300.5,0.0,0.0,0.0,0.0,1
0.0,0.0,0.0,0.0,0.0,0.0,0.0,0.0,0.0,0.0,0.0,0.0,0.0,100.0,0.0,0.0,0.0,0.0,0.0,0.0,0.0,3,0,0.5608170844939647,249.0,124.5,0.0,0.0,0.0,0.0,1
0.0,0.0,0.0,0.0,0.0,0.0,0.0,0.0,0.0,0.0,0.0,0.0,0.0,100.0,0.0,0.0,0.0,0.0,0.0,0.0,0.0,3,0,0.5608170844939647,0.0,0.0,0.0,0.0,0.0,0.0,1
0.0,0.0,0.0,0.0,0.0,0.0,0.0,0.0,0.0,0.0,0.0,0.0,0.0,100.0,0.0,0.0,0.0,0.0,0.0,0.0,0.0,4,0,0.5608170844939647,0.0,0.0,0.0,0.0,0.0,0.0,1
0.0,0.0,0.0,0.0,0.0,0.0,0.0,0.0,0.0,0.0,0.0,0.0,0.0,100.0,0.0,0.0,0.0,0.0,0.0,0.0,0.0,4,0,0.5608170844939647,0.0,0.0,0.0,0.0,0.0,0.0,1
0.0,0.0,0.0,0.0,0.0,0.0,0.0,0.0,0.0,0.0,0.0,0.0,0.0,100.0,0.0,0.0,0.0,0.0,0.0,0.0,0.0,5,0,0.5608170844939647,0.0,0.0,0.0,0.0,0.0,0.0,1
0.0,0.0,0.0,0.0,0.0,0.0,0.0,0.0,0.0,0.0,0.0,0.0,0.0,100.0,0.0,0.0,0.0,0.0,0.0,0.0,0.0,5,0,0.5608170844939647,0.0,0.0,0.0,0.0,0.0,0.0,1
0.0,0.0,0.0,0.0,0.0,0.0,0.0,0.0,0.0,0.0,0.0,0.0,0.0,100.0,0.0,0.0,0.0,0.0,0.0,0.0,0.0,6,0,0.5608170844939647,0.0,0.0,0.0,0.0,0.0,0.0,1
0.0,0.0,0.0,0.0,0.0,0.0,0.0,0.0,0.0,0.0,0.0,0.0,0.0,100.0,0.0,0.0,0.0,0.0,0.0,0.0,0.0,6,0,0.5608170844939647,0.0,0.0,0.0,0.0,0.0,0.0,1
360.0,2.0,0.2733080982115448,0.0,0.0,0.0,0.0,0.0,0.0,0.0,0.0,0.0,0.0,100.0,0.0,0.0,0.0,0.0,112.0,0.0,0.0,7,0,0.5608170844939647,180.0,90.0,0.0,0.0,0.0,0.0,1
716.0,3.0,0.3015534595598685,0.0,0.0,0.0,0.0,0.0,0.0,0.0,0.0,0.0,0.0,100.0,0.0,0.0,0.0,0.0,124.0,548.0,26.0,7,0,0.5608170844939647,342.9343960584881,269.0,0.0,0.0,0.0,0.0,1
714.0,9.0,1.096596238394537,0.0,0.0,0.0,60.0,0.0,0.0,0.0,0.0,0.0,0.0,99.75862068965516,0.0,0.0,0.0,0.0,1750.0,5272.0,88.0,8,1,0.5608170844939647,342.06578314704325,447.5,0.0,0.0,30.00000000000004,15.0,2
716.0,3.0,0.3952817056321257,0.0,0.0,0.0,54.0,0.0,0.0,0.0,0.0,0.0,0.0,90.6896551724138,0.0,0.0,0.0,0.0,118.0,11596.0,40.0,8,1,0.5608170844939647,177.66916821253298,626.5,0.0,0.0,33.00000000000003,28.5,1
674.0,7.0,1.1894267029926713,0.0,0.0,0.0,0.0,0.0,0.0,0.0,0.0,0.0,0.0,80.7,0.0,0.0,0.0,0.0,492.0,6346.0,34.0,9,1,0.5608170844939647,20.68816086557737,705.0,0.0,0.0,33.00000000000003,28.5,2
672.0,4.0,0.913292727630901,0.0,0.0,0.0,42.0,0.0,0.0,0.0,0.0,0.0,0.0,75.36666666666666,0.0,0.0,0.0,0.0,636.0,4098.0,68.0,9,1,0.5608170844939647,24.276188608044315,694.0,0.0,0.0,27.055498516937405,39.0,2
708.0,6.0,1.2190295668784397,0.0,0.0,0.0,94.0,0.0,0.0,0.0,0.0,0.0,0.0,70.44827586206897,0.0,0.0,0.0,0.0,1424.0,6870.0,126.0,10,1,0.5608170844939647,22.76693508870574,692.5,0.0,0.0,38.69108424430623,47.5,2
706.0,9.0,1.6887238221271714,0.0,0.0,0.0,0.0,0.0,0.0,0.0,0.0,0.0,0.0,59.6,0.0,0.0,0.0,0.0,406.0,14234.0,58.0,10,1,0.5608170844939647,19.66384160500368,690.0,0.0,0.0,44.63182720884282,34.0,2
714.0,5.0,0.7801483208464781,0.0,0.0,0.0,0.0,0.0,0.0,0.0,0.0,0.0,0.0,43.8,0.0,0.0,0.0,0.0,0.0,14490.0,0.0,11,1,0.5608170844939647,18.973665961010457,700.0,0.0,0.0,44.63182720884282,34.0,2
710.0,8.0,1.209683560792393,0.0,0.0,0.0,0.0,0.0,0.0,0.0,0.0,0.0,0.0,29.06896551724138,0.0,0.0,0.0,0.0,544.0,7142.0,22.0,11,1,0.5608170844939647,3.415650255320812,709.5,0.0,0.0,47.00000000000002,23.5,2
474.0,9.0,1.0867158697794914,0.0,0.0,0.0,74.0,0.0,0.0,0.0,0.0,0.0,0.0,21.05,0.0,0.0,0.0,0.0,960.0,15260.0,116.0,12,1,0.5608170844939647,118.04518908734347,651.0,0.0,0.0,37.00000000000004,18.5,2
486.0,9.0,1.655947071117994,0.0,0.0,0.0,0.0,0.0,0.0,0.0,0.0,0.0,130.0,10.65,0.0,0.0,0.0,0.0,676.0,17458.0,122.0,12,1,0.5608170844939647,134.04476864092834,596.0,0.0,0.0,37.00000000000004,18.5,2
714.0,5.0,0.686728162118764,0.0,0.0,0.0,0.0,0.0,0.0,0.0,0.0,0.0,0.0,28.82758620689655,0.0,0.0,0.0,0.0,144.0,3578.0,26.0,13,1,0.5608170844939647,134.04476864092834,596.0,0.0,0.0,37.00000000000004,18.5,2
718.0,2.0,0.0611859185468578,0.0,0.0,0.0,0.0,0.0,0.0,0.0,0.0,0.0,0.0,55.4,0.0,0.0,0.0,0.0,0.0,468.0,28.0,13,1,0.5608170844939647,136.3524843924745,598.0,0.0,0.0,37.00000000000004,18.5,2
716.0,2.0,0.0484166396674798,0.0,0.0,0.0,0.0,0.0,0.0,0.0,0.0,0.0,0.0,78.26666666666667,0.0,0.0,0.0,0.0,0.0,232.0,0.0,14,1,0.5608170844939647,115.0115936184986,658.5,0.0,0.0,0.0,0.0,2
716.0,5.0,0.9417240561892068,0.0,0.0,0.0,48.0,0.0,0.0,0.0,0.0,0.0,0.0,94.8,0.0,0.0,0.0,0.0,286.0,4358.0,18.0,14,1,0.5608170844939647,1.632993161855452,716.0,0.0,0.0,24.00000000000005,12.0,2
712.0,3.0,0.3277668342375324,0.0,0.0,0.0,0.0,0.0,0.0,0.0,0.0,0.0,0.0,94.03333333333332,0.0,0.0,0.0,0.0,282.0,14.0,10.0,15,1,0.5608170844939647,2.51661147842358,715.5,0.0,0.0,24.00000000000005,12.0,2
712.0,6.0,0.5288072653523062,0.0,0.0,0.0,0.0,0.0,0.0,0.0,0.0,0.0,0.0,89.93333333333334,0.0,0.0,0.0,0.0,274.0,1238.0,12.0,15,1,0.5608170844939647,2.3094010767584865,714.0,0.0,0.0,24.00000000000005,12.0,2
682.0,5.0,1.0072015351541457,0.0,0.0,0.0,50.0,0.0,0.0,0.0,0.0,0.0,0.0,85.85185185185185,0.0,0.0,0.0,0.0,694.0,1522.0,74.0,16,1,0.5608170844939647,15.779733838059506,705.5,0.0,0.0,28.30194339616985,24.5,2
714.0,6.0,1.3439535499722763,0.0,0.0,0.0,8.0,0.0,0.0,0.0,0.0,0.0,6.0,78.96666666666667,0.0,0.0,0.0,0.0,24.0,816.0,8.0,16,1,0.5608170844939647,15.362291495737225,705.0,0.0,0.0,23.96525262402497,14.5,2
718.0,2.0,0.1821999290607806,0.0,0.0,0.0,0.0,0.0,0.0,0.0,0.0,0.0,6.0,75.96666666666667,0.0,0.0,0.0,0.0,0.0,236.0,0.0,17,1,0.5608170844939647,16.522711641858315,706.5,0.0,0.0,23.96525262402497,14.5,2
684.0,4.0,0.8600512306324946,0.0,0.0,0.0,0.0,0.0,0.0,0.0,0.0,0.0,0.0,87.46428571428571,0.0,0.0,0.0,0.0,36.0,180.0,10.0,17,1,0.5608170844939647,19.13983629327413,699.5,0.0,0.0,23.96525262402497,14.5,2
688.0,8.0,1.47253517062923,0.0,0.0,0.0,8.0,0.0,0.0,0.0,0.0,0.0,0.0,53.6551724137931,0.0,0.0,0.0,0.0,48.0,1190.0,8.0,20,1,0.5608170844939647,211.20921697059845,521.0,0.0,0.0,4.618802153517263,4.0,2
694.0,8.0,1.3901376590669083,0.0,0.0,0.0,0.0,0.0,0.0,0.0,0.0,0.0,0.0,42.96551724137931,0.0,0.0,0.0,0.0,58.0,1624.0,10.0,21,0,0.5608170844939647,164.07315441594946,606.0,0.0,0.0,5.0332229568474025,7.0,1
686.0,3.0,0.9872822006948616,0.0,0.0,0.0,0.0,0.0,0.0,0.0,0.0,0.0,0.0,35.233333333333334,0.0,0.0,0.0,0.0,84.0,1088.0,8.0,21,0,0.5608170844939647,5.0,687.5,0.0,0.0,6.000000000000198,5.0,2
708.0,4.0,0.9650792188092238,0.0,0.0,0.0,10.0,0.0,0.0,0.0,0.0,0.0,0.0,30.96551724137931,0.0,0.0,0.0,0.0,134.0,1240.0,18.0,22,0,0.5608170844939647,11.474609652038996,692.5,0.0,0.0,6.403124237433034,5.5,2
714.0,7.0,1.1811113734559215,0.0,0.0,0.0,14.0,0.0,0.0,0.0,0.0,0.0,0.0,22.58620689655172,0.0,0.0,0.0,0.0,226.0,2138.0,42.0,22,0,0.5608170844939647,12.793227374930318,700.5,0.0,0.0,7.118052168021041,6.0,2
94.0,1.0,-1.000088900581841e-12,0.0,0.0,0.0,0.0,0.0,0.0,0.0,0.0,0.0,0.0,16.5,0.0,0.0,0.0,0.0,88.0,1910.0,14.0,23,0,0.5608170844939647,304.57128339137074,550.5,0.0,0.0,7.118052168021041,6.0,2
0.0,0.0,0.0,0.0,0.0,0.0,0.0,0.0,0.0,0.0,0.0,0.0,0.0,0.0,16.0,0.0,0.0,0.0,108.0,354.0,14.0,23,0,0.5608170844939647,385.2843106071152,379.0,0.0,0.0,7.118052168021041,6.0,2
72.0,2.0,0.4926036575375839,0.0,0.0,0.0,0.0,0.0,0.0,0.0,0.0,0.0,22.0,9.5,0.0,0.0,0.0,0.0,54.0,440.0,12.0,0,0,0.5608170844939647,331.7710053636393,220.0,0.0,0.0,7.00000000000017,3.5,2
716.0,1.0,-1.000088900581841e-12,0.0,0.0,0.0,0.0,0.0,0.0,0.0,0.0,0.0,0.0,26.06896551724138,0.0,0.0,0.0,0.0,0.0,0.0,0.0,0,0,0.5608170844939647,332.7636799091311,220.5,0.0,0.0,0.0,0.0,1
658.0,1.0,-1.000088900581841e-12,0.0,0.0,0.0,0.0,0.0,0.0,0.0,0.0,0.0,0.0,56.333333333333336,0.0,0.0,0.0,0.0,0.0,0.0,0.0,1,0,0.5608170844939647,377.7455051574627,361.5,0.0,0.0,0.0,0.0,1
0.0,0.0,0.0,0.0,0.0,0.0,0.0,0.0,0.0,0.0,0.0,0.0,0.0,82.7,0.0,0.0,0.0,0.0,0.0,0.0,0.0,1,0,0.5608170844939647,377.7455051574627,361.5,0.0,0.0,0.0,0.0,1
0.0,0.0,0.0,0.0,0.0,0.0,0.0,0.0,0.0,0.0,0.0,0.0,0.0,96.9,0.0,0.0,0.0,0.0,0.0,0.0,0.0,2,0,0.5608170844939647,397.34577721006,343.5,0.0,0.0,0.0,0.0,1
0.0,0.0,0.0,0.0,0.0,0.0,0.0,0.0,0.0,0.0,0.0,0.0,0.0,100.0,0.0,0.0,0.0,0.0,0.0,0.0,0.0,2,0,0.5608170844939647,329.0,164.5,0.0,0.0,0.0,0.0,1
0.0,0.0,0.0,0.0,0.0,0.0,0.0,0.0,0.0,0.0,0.0,0.0,0.0,100.0,0.0,0.0,0.0,0.0,0.0,0.0,0.0,3,0,0.5608170844939647,0.0,0.0,0.0,0.0,0.0,0.0,1
0.0,0.0,0.0,0.0,0.0,0.0,0.0,0.0,0.0,0.0,0.0,0.0,0.0,100.0,0.0,0.0,0.0,0.0,0.0,0.0,0.0,3,0,0.5608170844939647,0.0,0.0,0.0,0.0,0.0,0.0,1
0.0,0.0,0.0,0.0,0.0,0.0,0.0,0.0,0.0,0.0,0.0,0.0,0.0,100.0,0.0,0.0,0.0,0.0,0.0,0.0,0.0,4,0,0.5608170844939647,0.0,0.0,0.0,0.0,0.0,0.0,1
0.0,0.0,0.0,0.0,0.0,0.0,0.0,0.0,0.0,0.0,0.0,0.0,0.0,100.0,0.0,0.0,0.0,0.0,0.0,0.0,0.0,4,0,0.5608170844939647,0.0,0.0,0.0,0.0,0.0,0.0,1
0.0,0.0,0.0,0.0,0.0,0.0,0.0,0.0,0.0,0.0,0.0,0.0,0.0,100.0,0.0,0.0,0.0,0.0,0.0,0.0,0.0,5,0,0.5608170844939647,0.0,0.0,0.0,0.0,0.0,0.0,1
0.0,0.0,0.0,0.0,0.0,0.0,0.0,0.0,0.0,0.0,0.0,0.0,0.0,100.0,0.0,0.0,0.0,0.0,0.0,0.0,0.0,5,0,0.5608170844939647,0.0,0.0,0.0,0.0,0.0,0.0,1
0.0,0.0,0.0,0.0,0.0,0.0,0.0,0.0,0.0,0.0,0.0,0.0,0.0,100.0,0.0,0.0,0.0,0.0,0.0,0.0,0.0,6,0,0.5608170844939647,0.0,0.0,0.0,0.0,0.0,0.0,1
0.0,0.0,0.0,0.0,0.0,0.0,0.0,0.0,0.0,0.0,0.0,0.0,0.0,100.0,0.0,0.0,0.0,0.0,0.0,0.0,0.0,6,0,0.5608170844939647,0.0,0.0,0.0,0.0,0.0,0.0,1
0.0,0.0,0.0,0.0,0.0,0.0,0.0,0.0,0.0,0.0,0.0,0.0,0.0,100.0,0.0,0.0,0.0,0.0,0.0,0.0,0.0,7,0,0.5608170844939647,0.0,0.0,0.0,0.0,0.0,0.0,1
0.0,0.0,0.0,0.0,0.0,0.0,0.0,0.0,0.0,0.0,0.0,0.0,0.0,100.0,0.0,0.0,0.0,0.0,0.0,0.0,0.0,7,0,0.5608170844939647,0.0,0.0,0.0,0.0,0.0,0.0,1
0.0,0.0,0.0,0.0,0.0,0.0,0.0,0.0,0.0,0.0,0.0,0.0,0.0,100.0,0.0,0.0,0.0,0.0,0.0,0.0,0.0,8,1,0.5608170844939647,0.0,0.0,0.0,0.0,0.0,0.0,1
0.0,0.0,0.0,0.0,0.0,0.0,0.0,0.0,0.0,0.0,0.0,0.0,0.0,100.0,0.0,0.0,0.0,0.0,0.0,0.0,0.0,8,1,0.5608170844939647,0.0,0.0,0.0,0.0,0.0,0.0,1
0.0,0.0,0.0,0.0,0.0,0.0,0.0,0.0,0.0,0.0,0.0,0.0,0.0,100.0,0.0,0.0,0.0,0.0,0.0,0.0,0.0,9,1,0.5608170844939647,0.0,0.0,0.0,0.0,0.0,0.0,1
0.0,0.0,0.0,0.0,0.0,0.0,0.0,0.0,0.0,0.0,0.0,0.0,0.0,100.0,0.0,0.0,0.0,0.0,0.0,0.0,0.0,9,1,0.5608170844939647,0.0,0.0,0.0,0.0,0.0,0.0,1
586.0,10.0,1.5822365602459754,0.0,0.0,0.0,0.0,0.0,0.0,0.0,0.0,0.0,0.0,97.96428571428572,0.0,0.0,0.0,0.0,144.0,3682.0,28.0,10,1,0.5608170844939647,293.0,146.5,0.0,0.0,0.0,0.0,1
692.0,6.0,0.9337020033396046,0.0,0.0,0.0,0.0,0.0,0.0,0.0,0.0,0.0,0.0,90.66666666666669,0.0,0.0,0.0,0.0,178.0,1320.0,22.0,10,1,0.5608170844939647,371.45614366526047,319.5,0.0,0.0,0.0,0.0,2
664.0,1.0,-1.000088900581841e-12,0.0,0.0,0.0,0.0,0.0,0.0,0.0,0.0,0.0,0.0,82.53333333333333,0.0,0.0,0.0,0.0,120.0,384.0,12.0,11,1,0.5608170844939647,326.75934059589883,485.5,0.0,0.0,0.0,0.0,2
592.0,1.0,-1.000088900581841e-12,0.0,0.0,0.0,0.0,0.0,0.0,0.0,0.0,0.0,0.0,82.0,30.0,0.0,0.0,0.0,60.0,12.0,4.0,11,1,0.5608170844939647,52.69724850502111,633.5,0.0,0.0,0.0,0.0,2
480.0,7.0,1.2783956950584818,0.0,0.0,0.0,0.0,0.0,0.0,0.0,0.0,0.0,0.0,77.76190476190476,30.0,0.0,0.0,0.0,120.0,2882.0,22.0,12,1,0.5608170844939647,94.56567382865,607.0,0.0,0.0,0.0,0.0,2
670.0,6.0,0.8655041831687557,0.0,0.0,0.0,0.0,0.0,0.0,0.0,0.0,0.0,0.0,65.51724137931035,0.0,0.0,0.0,0.0,126.0,2436.0,16.0,12,1,0.5608170844939647,88.41379982785465,601.5,0.0,0.0,0.0,0.0,2
690.0,4.0,1.1233155219926765,0.0,0.0,0.0,0.0,0.0,0.0,0.0,0.0,0.0,0.0,59.3,0.0,0.0,0.0,0.0,158.0,1828.0,16.0,13,1,0.5608170844939647,95.23304748527836,608.0,0.0,0.0,0.0,0.0,2
666.0,3.0,0.5990480396642206,0.0,0.0,0.0,0.0,0.0,0.0,0.0,0.0,0.0,0.0,50.266666666666666,0.0,0.0,0.0,0.0,64.0,1128.0,6.0,13,1,0.5608170844939647,98.22932352408802,626.5,0.0,0.0,0.0,0.0,2
684.0,5.0,1.0401736002926003,0.0,0.0,0.0,14.0,0.0,0.0,0.0,0.0,0.0,0.0,46.266666666666666,0.0,0.0,0.0,0.0,408.0,1642.0,60.0,14,1,0.5608170844939647,11.357816691598266,677.5,0.0,0.0,7.00000000000017,3.5,2
710.0,7.0,1.4708930667437494,0.0,0.0,0.0,20.0,0.0,0.0,0.0,0.0,0.0,62.0,35.46666666666667,0.0,0.0,0.0,0.0,286.0,3212.0,14.0,14,1,0.5608170844939647,18.138357147215626,687.5,0.0,0.0,10.115993936995796,8.5,2
718.0,1.0,-1.000088900581841e-12,0.0,0.0,0.0,0.0,0.0,0.0,0.0,0.0,0.0,0.0,53.7,0.0,0.0,0.0,0.0,0.0,0.0,0.0,15,1,0.5608170844939647,23.909551787237984,694.5,0.0,0.0,10.115993936995796,8.5,2
478.0,1.0,-1.000088900581841e-12,0.0,0.0,0.0,0.0,0.0,0.0,0.0,0.0,0.0,0.0,81.43333333333334,0.0,0.0,0.0,0.0,0.0,0.0,0.0,15,1,0.5608170844939647,113.92834005051868,647.5,0.0,0.0,10.115993936995796,8.5,2
0.0,0.0,0.0,0.0,0.0,0.0,0.0,0.0,0.0,0.0,0.0,0.0,0.0,97.26666666666668,0.0,0.0,0.0,0.0,0.0,0.0,0.0,16,1,0.5608170844939647,336.6001584471799,476.5,0.0,0.0,10.00000000000012,5.0,2
288.0,4.0,0.7102455187937857,0.0,0.0,0.0,12.0,0.0,0.0,0.0,0.0,0.0,0.0,99.73333333333332,0.0,0.0,0.0,0.0,222.0,1222.0,40.0,16,1,0.5608170844939647,303.5281425722058,371.0,0.0,0.0,6.000000000000197,3.0,2
708.0,9.0,1.6971273350514546,0.0,0.0,0.0,14.0,0.0,0.0,0.0,0.0,0.0,0.0,90.89285714285714,0.0,0.0,0.0,0.0,108.0,7052.0,42.0,17,1,0.5608170844939647,299.73488285483216,368.5,0.0,0.0,7.549834435270906,6.5,2
692.0,5.0,0.2549474765239327,0.0,0.0,0.0,0.0,0.0,0.0,0.0,0.0,0.0,0.0,84.73333333333333,0.0,0.0,0.0,0.0,190.0,692.0,34.0,17,1,0.5608170844939647,341.92396815666484,422.0,0.0,0.0,7.549834435270906,6.5,2
716.0,4.0,0.2315100589801631,0.0,0.0,0.0,0.0,0.0,0.0,0.0,0.0,0.0,0.0,71.13333333333334,0.0,0.0,0.0,0.0,0.0,574.0,0.0,18,1,0.5608170844939647,208.9050821146612,601.0,0.0,0.0,7.549834435270906,6.5,1
702.0,5.0,0.5418187085072315,0.0,0.0,0.0,0.0,0.0,0.0,0.0,0.0,0.0,0.0,50.36666666666667,0.0,0.0,0.0,0.0,114.0,608.0,0.0,18,1,0.5608170844939647,10.115993936994082,704.5,0.0,0.0,7.00000000000017,3.5,1
686.0,8.0,1.198562250155328,0.0,0.0,0.0,18.0,0.0,0.0,0.0,0.0,0.0,0.0,34.53333333333333,0.0,0.0,0.0,0.0,228.0,1612.0,46.0,19,1,0.5608170844939647,13.11487704860278,699.0,0.0,0.0,9.000000000000131,4.5,2
154.0,7.0,1.3397687097456985,0.0,0.0,0.0,0.0,0.0,0.0,0.0,0.0,0.0,0.0,17.0,0.0,0.0,0.0,0.0,212.0,2286.0,68.0,20,1,0.5608170844939647,268.45421707745,556.5,0.0,0.0,9.000000000000131,7.5,2
0.0,0.0,0.0,0.0,0.0,0.0,0.0,0.0,0.0,0.0,0.0,0.0,0.0,0.0,0.0,0.0,0.0,0.0,40.0,8.0,14.0,20,1,0.5608170844939647,356.61557266427195,381.0,0.0,0.0,9.000000000000131,7.5,1
0.0,0.0,0.0,0.0,0.0,0.0,0.0,0.0,0.0,0.0,0.0,0.0,0.0,0.0,0.0,0.0,0.0,0.0,448.0,1068.0,40.0,21,0,0.5608170844939647,324.55662063806363,209.5,0.0,0.0,6.000000000000198,3.0,1
0.0,0.0,0.0,0.0,0.0,0.0,0.0,0.0,0.0,0.0,0.0,0.0,0.0,0.0,0.0,0.0,0.0,0.0,166.0,762.0,22.0,21,0,0.5608170844939647,76.99999999999979,38.5,0.0,0.0,0.0,0.0,1
0.0,0.0,0.0,0.0,0.0,0.0,32.0,0.0,0.0,0.0,0.0,0.0,42.0,0.0,0.0,0.0,0.0,0.0,456.0,4220.0,24.0,22,0,0.5608170844939647,0.0,0.0,0.0,0.0,16.000000000000075,8.0,1
464.0,4.0,0.8195798403355202,0.0,0.0,0.0,0.0,0.0,0.0,0.0,0.0,0.0,0.0,17.473684210526315,0.0,0.0,0.0,0.0,0.0,3370.0,6.0,22,0,0.5608170844939647,232.0,116.0,0.0,0.0,16.000000000000075,8.0,2
718.0,1.0,-1.000088900581841e-12,0.0,0.0,0.0,0.0,0.0,0.0,0.0,0.0,0.0,0.0,32.733333333333334,0.0,0.0,0.0,0.0,0.0,88.0,0.0,23,0,0.5608170844939647,356.6225829454251,295.5,0.0,0.0,16.000000000000075,8.0,2
718.0,4.0,0.9485038121071364,0.0,0.0,0.0,12.0,0.0,0.0,0.0,0.0,0.0,0.0,47.93103448275862,0.0,0.0,0.0,0.0,86.0,2314.0,4.0,23,0,0.5608170844939647,338.54787943017254,475.0,0.0,0.0,15.099668870541578,11.0,2
710.0,10.0,1.588698856440854,0.0,0.0,0.0,0.0,0.0,0.0,0.0,0.0,0.0,0.0,36.93103448275862,0.0,0.0,0.0,0.0,206.0,5358.0,18.0,0,0,0.5608170844939647,125.72324102302358,652.5,0.0,0.0,6.000000000000199,3.0,2
716.0,6.0,0.8257976901712453,0.0,0.0,0.0,0.0,0.0,0.0,0.0,0.0,0.0,0.0,27.9,0.0,0.0,0.0,0.0,256.0,1412.0,38.0,0,0,0.5608170844939647,3.785938897192708,715.5,0.0,0.0,6.000000000000199,3.0,2
714.0,3.0,0.7238918910800598,0.0,0.0,0.0,36.0,0.0,0.0,0.0,0.0,0.0,48.0,27.103448275862068,0.0,0.0,0.0,0.0,422.0,494.0,18.0,1,0,0.5608170844939647,3.415650255311576,714.5,0.0,0.0,16.97056274847721,12.0,2
716.0,1.0,-1.000088900581841e-12,0.0,0.0,0.0,0.0,0.0,0.0,0.0,0.0,0.0,0.0,51.5,0.0,0.0,0.0,0.0,0.0,0.0,0.0,1,0,0.5608170844939647,2.828427124736182,714.0,0.0,0.0,18.000000000000068,9.0,1
362.0,1.0,-1.000088900581841e-12,0.0,0.0,0.0,0.0,0.0,0.0,0.0,0.0,0.0,0.0,79.76666666666667,0.0,0.0,0.0,0.0,0.0,0.0,0.0,2,0,0.5608170844939647,176.66918237202532,627.0,0.0,0.0,18.000000000000068,9.0,1
0.0,0.0,0.0,0.0,0.0,0.0,0.0,0.0,0.0,0.0,0.0,0.0,0.0,94.86666666666666,0.0,0.0,0.0,0.0,0.0,0.0,0.0,2,0,0.5608170844939647,341.89667055023114,448.0,0.0,0.0,18.000000000000068,9.0,1
0.0,0.0,0.0,0.0,0.0,0.0,0.0,0.0,0.0,0.0,0.0,0.0,0.0,100.0,0.0,0.0,0.0,0.0,0.0,0.0,0.0,3,0,0.5608170844939647,343.1127122875708,269.5,0.0,0.0,0.0,0.0,1
0.0,0.0,0.0,0.0,0.0,0.0,0.0,0.0,0.0,0.0,0.0,0.0,0.0,100.0,0.0,0.0,0.0,0.0,0.0,0.0,0.0,3,0,0.5608170844939647,180.99999999999983,90.5,0.0,0.0,0.0,0.0,1
0.0,0.0,0.0,0.0,0.0,0.0,0.0,0.0,0.0,0.0,0.0,0.0,0.0,100.0,0.0,0.0,0.0,0.0,0.0,0.0,0.0,4,0,0.5608170844939647,0.0,0.0,0.0,0.0,0.0,0.0,1
0.0,0.0,0.0,0.0,0.0,0.0,0.0,0.0,0.0,0.0,0.0,0.0,0.0,100.0,0.0,0.0,0.0,0.0,0.0,0.0,0.0,4,0,0.5608170844939647,0.0,0.0,0.0,0.0,0.0,0.0,1
0.0,0.0,0.0,0.0,0.0,0.0,0.0,0.0,0.0,0.0,0.0,0.0,0.0,100.0,0.0,0.0,0.0,0.0,0.0,0.0,0.0,5,0,0.5608170844939647,0.0,0.0,0.0,0.0,0.0,0.0,1
0.0,0.0,0.0,0.0,0.0,0.0,0.0,0.0,0.0,0.0,0.0,0.0,0.0,100.0,0.0,0.0,0.0,0.0,0.0,0.0,0.0,5,0,0.5608170844939647,0.0,0.0,0.0,0.0,0.0,0.0,1
0.0,0.0,0.0,0.0,0.0,0.0,0.0,0.0,0.0,0.0,0.0,0.0,0.0,100.0,0.0,0.0,0.0,0.0,0.0,0.0,0.0,6,0,0.5608170844939647,0.0,0.0,0.0,0.0,0.0,0.0,1
0.0,0.0,0.0,0.0,0.0,0.0,0.0,0.0,0.0,0.0,0.0,0.0,0.0,100.0,0.0,0.0,0.0,0.0,0.0,0.0,0.0,6,0,0.5608170844939647,0.0,0.0,0.0,0.0,0.0,0.0,1
0.0,0.0,0.0,0.0,0.0,0.0,0.0,0.0,0.0,0.0,0.0,0.0,0.0,100.0,0.0,0.0,0.0,0.0,0.0,0.0,0.0,7,0,0.5608170844939647,0.0,0.0,0.0,0.0,0.0,0.0,1
0.0,0.0,0.0,0.0,0.0,0.0,0.0,0.0,0.0,0.0,0.0,0.0,0.0,100.0,0.0,0.0,0.0,0.0,0.0,0.0,0.0,7,0,0.5608170844939647,0.0,0.0,0.0,0.0,0.0,0.0,1
0.0,0.0,0.0,0.0,0.0,0.0,0.0,0.0,0.0,0.0,0.0,0.0,0.0,100.0,0.0,0.0,0.0,0.0,0.0,0.0,0.0,8,1,0.5608170844939647,0.0,0.0,0.0,0.0,0.0,0.0,1
0.0,0.0,0.0,0.0,0.0,0.0,0.0,0.0,0.0,0.0,0.0,0.0,0.0,100.0,0.0,0.0,0.0,0.0,0.0,0.0,0.0,8,1,0.5608170844939647,0.0,0.0,0.0,0.0,0.0,0.0,1
58.0,4.0,1.1874588631938818,0.0,0.0,0.0,0.0,0.0,0.0,0.0,0.0,0.0,0.0,100.0,0.0,0.0,0.0,0.0,52.0,874.0,6.0,9,1,0.5608170844939647,28.99999999999908,14.5,0.0,0.0,0.0,0.0,1
712.0,9.0,1.8456589120167368,0.0,0.0,0.0,0.0,0.0,0.0,0.0,0.0,0.0,0.0,93.55172413793105,0.0,0.0,0.0,0.0,338.0,8112.0,86.0,9,1,0.5608170844939647,347.410899848196,192.5,0.0,0.0,0.0,0.0,1
710.0,11.0,1.884473166719752,0.0,0.0,0.0,0.0,0.0,0.0,0.0,0.0,0.0,0.0,80.3103448275862,0.0,0.0,0.0,0.0,118.0,14904.0,0.0,10,1,0.5608170844939647,394.4650385860154,370.0,0.0,0.0,0.0,0.0,2
714.0,12.0,1.9967512909729035,0.0,0.0,0.0,0.0,0.0,0.0,0.0,0.0,0.0,0.0,67.51724137931035,0.0,0.0,0.0,0.0,122.0,9792.0,0.0,10,1,0.5608170844939647,327.0040774465459,548.5,0.0,0.0,0.0,0.0,1
714.0,7.0,1.0265623107995403,0.0,0.0,0.0,38.0,0.0,0.0,0.0,0.0,0.0,0.0,57.3,0.0,0.0,0.0,0.0,698.0,2314.0,40.0,11,1,0.5608170844939647,1.9148542154974773,712.5,0.0,0.0,19.000000000000064,9.5,2
710.0,6.0,1.2362692794861911,0.0,0.0,0.0,26.0,0.0,0.0,0.0,0.0,0.0,0.0,51.206896551724135,0.0,0.0,0.0,0.0,950.0,4832.0,46.0,11,1,0.5608170844939647,2.309401076745897,712.0,0.0,0.0,19.11369491577533,16.0,2
708.0,1.0,-1.000088900581841e-12,0.0,0.0,0.0,0.0,0.0,0.0,0.0,0.0,0.0,62.0,45.8,0.0,0.0,0.0,0.0,264.0,0.0,0.0,12,1,0.5608170844939647,2.9999999999902927,711.5,0.0,0.0,19.11369491577533,16.0,2
716.0,4.0,0.4084894240355358,0.0,0.0,0.0,0.0,0.0,0.0,0.0,0.0,0.0,66.0,36.8,0.0,0.0,0.0,0.0,0.0,12596.0,18.0,12,1,0.5608170844939647,3.6514837166931344,712.0,0.0,0.0,19.11369491577533,16.0,1
712.0,6.0,0.5507822316398802,0.0,0.0,0.0,0.0,0.0,0.0,0.0,0.0,0.0,70.0,35.172413793103445,0.0,0.0,0.0,0.0,66.0,2104.0,0.0,13,1,0.5608170844939647,3.4156502553113453,711.5,0.0,0.0,13.000000000000096,6.5,1
716.0,4.0,0.8881036733859623,0.0,0.0,0.0,0.0,0.0,0.0,0.0,0.0,0.0,70.0,52.6,0.0,0.0,0.0,0.0,0.0,5832.0,14.0,13,1,0.5608170844939647,3.8297084310177527,713.0,0.0,0.0,0.0,0.0,2
718.0,6.0,0.9800138776753164,0.0,0.0,0.0,0.0,0.0,0.0,0.0,0.0,0.0,0.0,62.266666666666666,0.0,0.0,0.0,0.0,0.0,6592.0,0.0,14,1,0.5608170844939647,2.5166114784120373,715.5,0.0,0.0,0.0,0.0,1
146.0,2.0,0.6772056545068317,0.0,0.0,0.0,0.0,0.0,0.0,0.0,0.0,0.0,0.0,74.7,0.0,0.0,0.0,0.0,348.0,716.0,24.0,14,1,0.5608170844939647,284.6775954186301,573.0,0.0,0.0,0.0,0.0,1
10.0,2.0,0.5004024235361879,0.0,0.0,0.0,0.0,0.0,0.0,0.0,0.0,0.0,0.0,75.4,0.0,0.0,0.0,0.0,348.0,1534.0,42.0,15,1,0.5608170844939647,373.08220720550753,397.5,0.0,0.0,0.0,0.0,1
10.0,3.0,0.9502705392302344,0.0,0.0,0.0,34.0,0.0,0.0,0.0,0.0,0.0,0.0,70.0,0.0,0.0,0.0,0.0,1018.0,1290.0,38.0,15,1,0.5608170844939647,337.4788882285822,221.0,0.0,0.0,17.00000000000007,8.5,1
10.0,3.0,0.9502705392302344,0.0,0.0,0.0,196.0,0.0,0.0,0.0,0.0,0.0,0.0,57.2,0.0,0.0,0.0,0.0,340.0,2078.0,12.0,16,1,0.5608170844939647,67.99999999999933,44.0,0.0,0.0,93.71410423908098,57.5,2
10.0,1.0,-1.000088900581841e-12,0.0,0.0,0.0,0.0,0.0,0.0,0.0,0.0,0.0,0.0,50.0,0.0,0.0,0.0,0.0,1360.0,1420.0,70.0,16,1,0.5608170844939647,0.0,10.0,0.0,0.0,93.71410423908098,57.5,1
10.0,2.0,0.5004024235361879,0.0,0.0,0.0,0.0,0.0,0.0,0.0,0.0,0.0,0.0,47.2,0.0,0.0,0.0,0.0,204.0,266.0,24.0,17,1,0.5608170844939647,0.0,10.0,0.0,0.0,93.71410423908098,57.5,1
10.0,1.0,-1.000088900581841e-12,0.0,0.0,0.0,0.0,0.0,0.0,0.0,0.0,0.0,0.0,44.4,0.0,0.0,0.0,0.0,414.0,950.0,38.0,17,1,0.5608170844939647,0.0,10.0,0.0,0.0,98.0,49.0,1
90.0,2.0,0.2999595524492935,0.0,0.0,0.0,0.0,0.0,0.0,0.0,0.0,0.0,0.0,42.625,0.0,0.0,0.0,0.0,272.0,1204.0,26.0,18,1,0.5608170844939647,39.99999999999886,30.0,0.0,0.0,0.0,0.0,1
710.0,5.0,1.0892041841332896,0.0,0.0,0.0,0.0,0.0,0.0,0.0,0.0,0.0,0.0,36.56666666666667,0.0,0.0,0.0,0.0,424.0,4202.0,16.0,18,1,0.5608170844939647,338.77229323937723,205.0,0.0,0.0,0.0,0.0,1
658.0,4.0,0.9418009499272552,0.0,0.0,0.0,0.0,0.0,0.0,0.0,0.0,0.0,0.0,27.53333333333333,0.0,0.0,0.0,0.0,782.0,2262.0,22.0,19,1,0.5608170844939647,368.1068685404642,367.0,0.0,0.0,0.0,0.0,1
664.0,6.0,0.6524710232209606,0.0,0.0,0.0,0.0,0.0,0.0,0.0,0.0,0.0,0.0,22.58620689655172,0.0,0.0,0.0,0.0,562.0,2540.0,14.0,19,1,0.5608170844939647,294.58388731678207,530.5,0.0,0.0,0.0,0.0,1
672.0,5.0,0.3986471027256741,0.0,0.0,0.0,0.0,0.0,0.0,0.0,0.0,0.0,0.0,19.20689655172414,0.0,0.0,0.0,0.0,440.0,1462.0,72.0,20,1,0.5608170844939647,23.380903888997683,676.0,0.0,0.0,0.0,0.0,1
612.0,3.0,0.078743441918497,0.0,0.0,0.0,0.0,0.0,0.0,0.0,0.0,0.0,0.0,16.333333333333332,0.0,0.0,0.0,0.0,674.0,568.0,28.0,20,1,0.5608170844939647,26.950572040927305,651.5,0.0,0.0,0.0,0.0,1
0.0,0.0,0.0,0.0,0.0,0.0,0.0,0.0,0.0,0.0,0.0,0.0,0.0,0.0,0.0,0.0,0.0,0.0,1014.0,1434.0,18.0,21,0,0.5608170844939647,325.7545087945828,487.0,0.0,0.0,0.0,0.0,1
0.0,0.0,0.0,0.0,0.0,0.0,0.0,0.0,0.0,0.0,0.0,0.0,72.0,0.0,0.0,0.0,0.0,0.0,368.0,4900.0,28.0,22,0,0.5608170844939647,305.99999999999983,153.0,0.0,0.0,0.0,0.0,2
0.0,0.0,0.0,0.0,0.0,0.0,0.0,0.0,0.0,0.0,0.0,0.0,0.0,0.0,0.0,0.0,0.0,0.0,368.0,7928.0,38.0,22,0,0.5608170844939647,0.0,0.0,0.0,0.0,0.0,0.0,2
248.0,2.0,0.3179367802602418,0.0,0.0,0.0,0.0,0.0,0.0,0.0,0.0,0.0,72.0,17.11111111111111,0.0,0.0,0.0,0.0,362.0,5350.0,24.0,23,0,0.5608170844939647,123.99999999999952,62.0,0.0,0.0,0.0,0.0,2
716.0,4.0,0.7270838214723934,0.0,0.0,0.0,0.0,0.0,0.0,0.0,0.0,0.0,0.0,34.766666666666666,0.0,0.0,0.0,0.0,0.0,4256.0,0.0,23,0,0.5608170844939647,337.55789626867454,241.0,0.0,0.0,0.0,0.0,2
718.0,1.0,-1.000088900581841e-12,0.0,0.0,0.0,0.0,0.0,0.0,0.0,0.0,0.0,0.0,64.5,0.0,0.0,0.0,0.0,0.0,0.0,0.0,0,0,0.5608170844939647,357.0261428336398,420.5,0.0,0.0,0.0,0.0,1
470.0,1.0,-1.000088900581841e-12,0.0,0.0,0.0,0.0,0.0,0.0,0.0,0.0,0.0,0.0,89.33333333333333,0.0,0.0,0.0,0.0,0.0,0.0,0.0,0,0,0.5608170844939647,225.69005294872863,538.0,0.0,0.0,0.0,0.0,1
0.0,0.0,0.0,0.0,0.0,0.0,0.0,0.0,0.0,0.0,0.0,0.0,0.0,98.9,0.0,0.0,0.0,0.0,0.0,0.0,0.0,1,0,0.5608170844939647,338.0216955561678,476.0,0.0,0.0,0.0,0.0,1
0.0,0.0,0.0,0.0,0.0,0.0,0.0,0.0,0.0,0.0,0.0,0.0,0.0,100.0,0.0,0.0,0.0,0.0,0.0,0.0,0.0,1,0,0.5608170844939647,357.5788957232608,297.0,0.0,0.0,0.0,0.0,1
0.0,0.0,0.0,0.0,0.0,0.0,0.0,0.0,0.0,0.0,0.0,0.0,0.0,100.0,0.0,0.0,0.0,0.0,0.0,0.0,0.0,2,0,0.5608170844939647,234.99999999999983,117.5,0.0,0.0,0.0,0.0,1
0.0,0.0,0.0,0.0,0.0,0.0,0.0,0.0,0.0,0.0,0.0,0.0,0.0,100.0,0.0,0.0,0.0,0.0,0.0,0.0,0.0,2,0,0.5608170844939647,0.0,0.0,0.0,0.0,0.0,0.0,1
0.0,0.0,0.0,0.0,0.0,0.0,0.0,0.0,0.0,0.0,0.0,0.0,0.0,100.0,0.0,0.0,0.0,0.0,0.0,0.0,0.0,3,0,0.5608170844939647,0.0,0.0,0.0,0.0,0.0,0.0,1
0.0,0.0,0.0,0.0,0.0,0.0,0.0,0.0,0.0,0.0,0.0,0.0,0.0,100.0,0.0,0.0,0.0,0.0,0.0,0.0,0.0,3,0,0.5608170844939647,0.0,0.0,0.0,0.0,0.0,0.0,1
0.0,0.0,0.0,0.0,0.0,0.0,0.0,0.0,0.0,0.0,0.0,0.0,0.0,100.0,0.0,0.0,0.0,0.0,0.0,0.0,0.0,4,0,0.5608170844939647,0.0,0.0,0.0,0.0,0.0,0.0,1
0.0,0.0,0.0,0.0,0.0,0.0,0.0,0.0,0.0,0.0,0.0,0.0,0.0,100.0,0.0,0.0,0.0,0.0,0.0,0.0,0.0,4,0,0.5608170844939647,0.0,0.0,0.0,0.0,0.0,0.0,1
0.0,0.0,0.0,0.0,0.0,0.0,0.0,0.0,0.0,0.0,0.0,0.0,0.0,100.0,0.0,0.0,0.0,0.0,0.0,0.0,0.0,5,0,0.5608170844939647,0.0,0.0,0.0,0.0,0.0,0.0,1
0.0,0.0,0.0,0.0,0.0,0.0,0.0,0.0,0.0,0.0,0.0,0.0,0.0,100.0,0.0,0.0,0.0,0.0,0.0,0.0,0.0,5,0,0.5608170844939647,0.0,0.0,0.0,0.0,0.0,0.0,1
0.0,0.0,0.0,0.0,0.0,0.0,0.0,0.0,0.0,0.0,0.0,0.0,0.0,100.0,0.0,0.0,0.0,0.0,0.0,0.0,0.0,6,0,0.5608170844939647,0.0,0.0,0.0,0.0,0.0,0.0,1
0.0,0.0,0.0,0.0,0.0,0.0,0.0,0.0,0.0,0.0,0.0,0.0,0.0,100.0,0.0,0.0,0.0,0.0,0.0,0.0,0.0,6,0,0.5608170844939647,0.0,0.0,0.0,0.0,0.0,0.0,1
0.0,0.0,0.0,0.0,0.0,0.0,0.0,0.0,0.0,0.0,0.0,0.0,0.0,100.0,0.0,0.0,0.0,0.0,0.0,0.0,0.0,7,0,0.5608170844939647,0.0,0.0,0.0,0.0,0.0,0.0,1
0.0,0.0,0.0,0.0,0.0,0.0,0.0,0.0,0.0,0.0,0.0,0.0,0.0,100.0,0.0,0.0,0.0,0.0,0.0,0.0,0.0,7,0,0.5608170844939647,0.0,0.0,0.0,0.0,0.0,0.0,1
0.0,0.0,0.0,0.0,0.0,0.0,0.0,0.0,0.0,0.0,0.0,0.0,0.0,100.0,0.0,0.0,0.0,0.0,0.0,0.0,0.0,8,1,0.5608170844939647,0.0,0.0,0.0,0.0,0.0,0.0,1
138.0,4.0,1.027973611273468,0.0,0.0,0.0,0.0,0.0,0.0,0.0,0.0,0.0,0.0,100.0,0.0,0.0,0.0,0.0,166.0,3816.0,8.0,8,1,0.5608170844939647,68.99999999999945,34.5,0.0,0.0,0.0,0.0,1
698.0,6.0,1.400397122208184,0.0,0.0,0.0,0.0,0.0,0.0,0.0,0.0,0.0,0.0,96.6,0.0,0.0,0.0,0.0,424.0,9100.0,22.0,9,1,0.5608170844939647,332.4274356908586,209.0,0.0,0.0,0.0,0.0,2
678.0,8.0,1.4064296711081743,0.0,0.0,0.0,144.0,0.0,0.0,0.0,0.0,0.0,0.0,83.89655172413794,0.0,0.0,0.0,0.0,848.0,7490.0,98.0,9,1,0.5608170844939647,361.8853409576021,378.5,0.0,0.0,72.00000000000001,36.0,1
670.0,5.0,0.4555738670591336,0.0,0.0,0.0,0.0,0.0,0.0,0.0,0.0,0.0,0.0,78.16666666666667,0.0,0.0,0.0,0.0,336.0,1324.0,24.0,10,1,0.5608170844939647,272.2547826332287,546.0,0.0,0.0,72.00000000000001,36.0,2
504.0,7.0,1.0987956056395958,0.0,0.0,0.0,0.0,0.0,0.0,0.0,0.0,0.0,0.0,60.57142857142857,0.0,0.0,0.0,0.0,696.0,11358.0,44.0,11,1,0.5608170844939647,273.6829065421026,486.5,0.0,0.0,72.00000000000001,36.0,2
624.0,4.0,0.6815820710110533,0.0,0.0,0.0,0.0,0.0,0.0,0.0,0.0,0.0,0.0,48.51851851851852,52.0,0.0,0.0,0.0,266.0,6158.0,10.0,12,1,0.5608170844939647,260.19736099097275,471.0,0.0,0.0,0.0,0.0,2
718.0,1.0,-1.000088900581841e-12,0.0,0.0,0.0,0.0,0.0,0.0,0.0,0.0,0.0,0.0,53.8,0.0,0.0,0.0,0.0,0.0,0.0,0.0,13,1,0.5608170844939647,38.81580434135813,670.0,0.0,0.0,0.0,0.0,2
664.0,4.0,0.3214365266030725,0.0,0.0,0.0,52.0,0.0,0.0,0.0,0.0,0.0,0.0,66.63333333333334,0.0,0.0,0.0,0.0,816.0,974.0,50.0,14,1,0.5608170844939647,23.237900077243,685.0,0.0,0.0,26.00000000000005,13.0,2
644.0,5.0,1.0362759883873451,0.0,0.0,0.0,0.0,0.0,0.0,0.0,0.0,0.0,0.0,45.57142857142857,0.0,0.0,0.0,0.0,1320.0,5076.0,94.0,15,1,0.5608170844939647,240.16869071550508,543.5,0.0,0.0,26.229754097208048,22.0,2
664.0,6.0,1.131296590919979,0.0,0.0,0.0,72.0,0.0,0.0,0.0,0.0,0.0,0.0,40.0,0.0,0.0,0.0,0.0,1142.0,1318.0,112.0,16,1,0.5608170844939647,242.94581014429247,547.0,0.0,0.0,91.8313671900838,79.5,2
710.0,10.0,1.5865688758544885,0.0,0.0,0.0,220.0,0.0,0.0,0.0,0.0,0.0,0.0,28.433333333333334,0.0,0.0,0.0,0.0,664.0,7776.0,30.0,17,1,0.5608170844939647,22.17355782608193,695.5,0.0,0.0,102.16979331811662,129.0,2
698.0,10.0,1.5941511588472457,0.0,0.0,0.0,88.0,0.0,0.0,0.0,0.0,0.0,88.0,14.482758620689657,0.0,0.0,0.0,0.0,2076.0,9224.0,160.0,18,1,0.5608170844939647,24.13848932030751,695.0,0.0,0.0,100.69591186670226,80.5,1
686.0,2.0,0.410116318286409,0.0,0.0,0.0,0.0,0.0,0.0,0.0,0.0,0.0,0.0,44.93333333333333,0.0,0.0,0.0,0.0,380.0,978.0,42.0,19,1,0.5608170844939647,22.766935088704106,689.5,0.0,0.0,44.00000000000003,22.0,1
658.0,4.0,0.5307733160443175,0.0,0.0,0.0,0.0,0.0,0.0,0.0,0.0,0.0,0.0,33.56666666666667,0.0,0.0,0.0,0.0,506.0,2568.0,16.0,20,1,0.5608170844939647,23.057898140693563,684.5,0.0,0.0,0.0,0.0,2
702.0,11.0,1.7949085975288954,0.0,0.0,0.0,74.0,0.0,0.0,0.0,0.0,0.0,0.0,23.344827586206897,0.0,0.0,0.0,0.0,1012.0,10692.0,118.0,21,0,0.5608170844939647,19.27865832122659,676.5,0.0,0.0,37.00000000000004,18.5,1
0.0,0.0,0.0,0.0,0.0,0.0,0.0,0.0,0.0,0.0,0.0,0.0,0.0,0.0,0.0,0.0,0.0,0.0,198.0,450.0,20.0,22,0,0.5608170844939647,328.86623420472944,487.5,0.0,0.0,37.00000000000004,18.5,2
664.0,4.0,0.5242976878671632,0.0,0.0,0.0,0.0,0.0,0.0,0.0,0.0,0.0,0.0,7.066666666666666,0.0,0.0,0.0,0.0,590.0,2686.0,0.0,23,0,0.5608170844939647,328.651284291826,343.5,0.0,0.0,0.0,0.0,2
694.0,3.0,0.203137935201681,0.0,0.0,0.0,0.0,0.0,0.0,0.0,0.0,0.0,86.0,5.0,0.0,0.0,0.0,0.0,102.0,890.0,48.0,0,0,0.5608170844939647,276.27522509266004,542.0,0.0,0.0,0.0,0.0,1
360.0,1.0,-1.000088900581841e-12,0.0,0.0,0.0,0.0,0.0,0.0,0.0,0.0,0.0,0.0,61.5,0.0,0.0,0.0,0.0,0.0,0.0,0.0,1,0,0.5608170844939647,169.25326190849802,613.0,0.0,0.0,0.0,0.0,1
0.0,0.0,0.0,0.0,0.0,0.0,0.0,0.0,0.0,0.0,0.0,0.0,0.0,98.56666666666666,0.0,0.0,0.0,0.0,0.0,0.0,0.0,2,0,0.5608170844939647,342.93439605848806,269.0,0.0,0.0,0.0,0.0,1
0.0,0.0,0.0,0.0,0.0,0.0,0.0,0.0,0.0,0.0,0.0,0.0,0.0,100.0,0.0,0.0,0.0,0.0,0.0,0.0,0.0,3,0,0.5608170844939647,0.0,0.0,0.0,0.0,0.0,0.0,1
0.0,0.0,0.0,0.0,0.0,0.0,0.0,0.0,0.0,0.0,0.0,0.0,0.0,100.0,0.0,0.0,0.0,0.0,0.0,0.0,0.0,4,0,0.5608170844939647,0.0,0.0,0.0,0.0,0.0,0.0,1
0.0,0.0,0.0,0.0,0.0,0.0,0.0,0.0,0.0,0.0,0.0,0.0,0.0,100.0,0.0,0.0,0.0,0.0,0.0,0.0,0.0,5,0,0.5608170844939647,0.0,0.0,0.0,0.0,0.0,0.0,1
0.0,0.0,0.0,0.0,0.0,0.0,0.0,0.0,0.0,0.0,0.0,0.0,0.0,100.0,0.0,0.0,0.0,0.0,0.0,0.0,0.0,6,0,0.5608170844939647,0.0,0.0,0.0,0.0,0.0,0.0,1
0.0,0.0,0.0,0.0,0.0,0.0,0.0,0.0,0.0,0.0,0.0,0.0,104.0,0.0,0.0,0.0,0.0,0.0,416.0,12084.0,38.0,11,1,0.5608170844939647,127.39963369910696,69.0,0.0,0.0,79.00000000000003,39.5,2
716.0,4.0,0.2602319051300148,0.0,0.0,0.0,0.0,0.0,0.0,0.0,0.0,0.0,0.0,47.0,0.0,0.0,0.0,0.0,104.0,1372.0,10.0,12,1,0.5608170844939647,383.9908853084927,333.5,0.0,0.0,0.0,0.0,2
702.0,6.0,1.2721250578748724,0.0,0.0,0.0,0.0,0.0,0.0,0.0,0.0,0.0,0.0,65.82758620689656,0.0,0.0,0.0,0.0,750.0,5630.0,78.0,13,1,0.5608170844939647,49.00340124249808,685.0,0.0,0.0,16.000000000000146,8.0,1
714.0,1.0,-1.000088900581841e-12,0.0,0.0,0.0,0.0,0.0,0.0,0.0,0.0,0.0,0.0,68.5,0.0,0.0,0.0,0.0,0.0,110.0,0.0,14,1,0.5608170844939647,5.656854249486006,710.0,0.0,0.0,16.000000000000146,8.0,2
694.0,5.0,0.4597569720633556,0.0,0.0,0.0,0.0,0.0,0.0,0.0,0.0,0.0,0.0,91.43333333333334,0.0,0.0,0.0,0.0,220.0,4276.0,44.0,15,1,0.5608170844939647,9.433981132052782,707.5,0.0,0.0,0.0,0.0,2
710.0,6.0,0.5039927502137705,0.0,0.0,0.0,0.0,0.0,0.0,0.0,0.0,0.0,0.0,87.36666666666666,0.0,0.0,0.0,0.0,8.0,1426.0,4.0,16,1,0.5608170844939647,10.708252269469316,700.0,0.0,0.0,1.0000000000024212,0.5,2
716.0,6.0,1.356659951972703,0.0,0.0,0.0,0.0,0.0,0.0,0.0,0.0,0.0,0.0,70.6,0.0,0.0,0.0,0.0,4.0,1438.0,0.0,17,1,0.5608170844939647,12.909944487355268,707.0,0.0,0.0,1.0000000000024212,0.5,2
714.0,7.0,1.2867967876073556,0.0,0.0,0.0,0.0,0.0,0.0,0.0,0.0,0.0,0.0,52.13333333333333,0.0,0.0,0.0,0.0,4.0,1656.0,4.0,18,1,0.5608170844939647,14.364307617607656,707.5,0.0,0.0,0.0,0.0,2
714.0,1.0,-1.000088900581841e-12,0.0,0.0,0.0,0.0,0.0,0.0,0.0,0.0,0.0,0.0,54.333333333333336,0.0,0.0,0.0,0.0,0.0,0.0,0.0,19,1,0.5608170844939647,13.699148392020383,706.5,0.0,0.0,0.0,0.0,2
716.0,1.0,-1.000088900581841e-12,0.0,0.0,0.0,4.0,0.0,0.0,0.0,0.0,0.0,0.0,97.06666666666666,0.0,0.0,0.0,0.0,0.0,4.0,2.0,20,1,0.5608170844939647,2.5819888974576166,715.0,0.0,0.0,2.0000000000012084,1.0,2
618.0,2.0,0.4531560756520377,0.0,0.0,0.0,0.0,0.0,0.0,0.0,0.0,0.0,0.0,89.03571428571429,8.0,0.0,0.0,0.0,20.0,110.0,2.0,21,0,0.5608170844939647,47.53595130705385,688.5,0.0,0.0,3.0000000000008016,2.5,2
666.0,6.0,0.7996015436506005,0.0,0.0,0.0,0.0,0.0,0.0,0.0,0.0,0.0,0.0,79.86666666666666,0.0,0.0,0.0,0.0,200.0,1036.0,16.0,22,0,0.5608170844939647,34.46737587922713,661.0,0.0,0.0,3.000000000000804,1.5,2
534.0,4.0,0.7430669688870397,0.0,0.0,0.0,0.0,0.0,0.0,0.0,0.0,0.0,14.0,68.91666666666667,0.0,0.0,0.0,0.0,112.0,2886.0,8.0,23,0,0.5608170844939647,65.65312889218048,606.5,0.0,0.0,0.0,0.0,2
718.0,1.0,-1.000088900581841e-12,0.0,0.0,0.0,0.0,0.0,0.0,0.0,0.0,0.0,0.0,97.06666666666666,0.0,0.0,0.0,0.0,0.0,0.0,0.0,0,0,0.5608170844939647,97.41149829460548,634.5,0.0,0.0,0.0,0.0,2
718.0,1.0,-1.000088900581841e-12,0.0,0.0,0.0,0.0,0.0,0.0,0.0,0.0,0.0,0.0,100.0,0.0,0.0,0.0,0.0,0.0,0.0,0.0,1,0,0.5608170844939647,181.99999999999983,627.0,0.0,0.0,0.0,0.0,1
0.0,0.0,0.0,0.0,0.0,0.0,0.0,0.0,0.0,0.0,0.0,0.0,0.0,100.0,0.0,0.0,0.0,0.0,0.0,0.0,0.0,2,0,0.5608170844939647,295.4995769878528,376.0,0.0,0.0,0.0,0.0,1
0.0,0.0,0.0,0.0,0.0,0.0,0.0,0.0,0.0,0.0,0.0,0.0,0.0,100.0,0.0,0.0,0.0,0.0,0.0,0.0,0.0,3,0,0.5608170844939647,215.9999999999998,108.0,0.0,0.0,0.0,0.0,1
0.0,0.0,0.0,0.0,0.0,0.0,0.0,0.0,0.0,0.0,0.0,0.0,0.0,100.0,0.0,0.0,0.0,0.0,0.0,0.0,0.0,4,0,0.5608170844939647,0.0,0.0,0.0,0.0,0.0,0.0,1
0.0,0.0,0.0,0.0,0.0,0.0,0.0,0.0,0.0,0.0,0.0,0.0,0.0,100.0,0.0,0.0,0.0,0.0,0.0,0.0,0.0,5,0,0.5608170844939647,0.0,0.0,0.0,0.0,0.0,0.0,1
532.0,1.0,-1.000088900581841e-12,0.0,0.0,0.0,0.0,0.0,0.0,0.0,0.0,0.0,0.0,100.0,0.0,0.0,0.0,0.0,0.0,0.0,0.0,6,0,0.5608170844939647,265.9999999999999,133.0,0.0,0.0,0.0,0.0,1
546.0,2.0,0.1056404815996815,0.0,0.0,0.0,0.0,0.0,0.0,0.0,0.0,0.0,0.0,100.0,0.0,0.0,0.0,0.0,0.0,0.0,0.0,7,0,0.5608170844939647,311.0519785073441,449.0,0.0,0.0,0.0,0.0,1
710.0,3.0,0.7458279489971424,0.0,0.0,0.0,0.0,0.0,0.0,0.0,0.0,0.0,0.0,97.71428571428572,0.0,0.0,0.0,0.0,72.0,2740.0,10.0,8,1,0.5608170844939647,84.40181672610238,672.5,0.0,0.0,0.0,0.0,1
700.0,8.0,1.558662799486176,0.0,0.0,0.0,0.0,0.0,0.0,0.0,0.0,0.0,18.0,81.0,0.0,0.0,0.0,0.0,90.0,2952.0,12.0,9,1,0.5608170844939647,8.0829037686493,711.0,0.0,0.0,0.0,0.0,2
416.0,5.0,1.2900941642528194,0.0,0.0,0.0,0.0,0.0,0.0,0.0,0.0,0.0,0.0,75.73684210526316,0.0,0.0,0.0,0.0,108.0,2288.0,12.0,10,1,0.5608170844939647,140.6176849949296,624.0,0.0,0.0,0.0,0.0,2
682.0,9.0,1.1689824813870615,0.0,0.0,0.0,0.0,0.0,0.0,0.0,0.0,0.0,0.0,58.75862068965517,0.0,0.0,0.0,0.0,154.0,3782.0,36.0,11,1,0.5608170844939647,129.28908177671687,609.5,0.0,0.0,0.0,0.0,2
712.0,7.0,1.4395619578148486,0.0,0.0,0.0,34.0,0.0,0.0,0.0,0.0,0.0,26.0,51.73333333333333,0.0,0.0,0.0,0.0,158.0,2462.0,14.0,12,1,0.5608170844939647,17.310882896795928,686.5,0.0,0.0,16.031219541881544,11.5,2
718.0,4.0,0.8973215776229722,0.0,0.0,0.0,0.0,0.0,0.0,0.0,0.0,0.0,0.0,73.46666666666667,0.0,0.0,0.0,0.0,0.0,614.0,12.0,13,1,0.5608170844939647,20.19900987672204,704.0,0.0,0.0,16.03121954188154,11.5,2
710.0,11.0,1.7467727306925944,0.0,0.0,0.0,12.0,0.0,0.0,0.0,0.0,0.0,26.0,80.86666666666666,0.0,0.0,0.0,0.0,130.0,2348.0,12.0,14,1,0.5608170844939647,8.386497083600988,709.5,0.0,0.0,11.48912529307626,9.0,2
686.0,11.0,1.7967824232540115,0.0,0.0,0.0,24.0,0.0,0.0,0.0,0.0,0.0,0.0,95.93103448275862,0.0,0.0,0.0,0.0,224.0,6270.0,50.0,15,1,0.5608170844939647,12.649110640670152,702.0,0.0,0.0,6.4031242374332,18.5,2
682.0,8.0,1.1206693431124708,0.0,0.0,0.0,0.0,0.0,0.0,0.0,0.0,0.0,0.0,90.13333333333334,0.0,0.0,0.0,0.0,158.0,2008.0,26.0,16,1,0.5608170844939647,16.32993161855191,690.0,0.0,0.0,11.704699910719825,9.5,2
670.0,1.0,-1.000088900581841e-12,0.0,0.0,0.0,0.0,0.0,0.0,0.0,0.0,0.0,0.0,86.33333333333333,0.0,0.0,0.0,0.0,0.0,0.0,0.0,17,1,0.5608170844939647,6.608075867193222,674.5,0.0,0.0,0.0,0.0,2
694.0,11.0,1.837761537334371,0.0,0.0,0.0,0.0,0.0,0.0,0.0,0.0,0.0,0.0,76.20689655172414,0.0,0.0,0.0,0.0,334.0,7110.0,50.0,18,1,0.5608170844939647,23.804761428474382,667.0,0.0,0.0,0.0,0.0,1
602.0,9.0,0.8256550459499273,0.0,0.0,0.0,0.0,0.0,0.0,0.0,0.0,0.0,0.0,62.7037037037037,34.0,0.0,0.0,0.0,288.0,2078.0,42.0,19,1,0.5608170844939647,39.83298465677135,650.0,0.0,0.0,0.0,0.0,2
630.0,3.0,0.1627647944111996,0.0,0.0,0.0,0.0,0.0,0.0,0.0,0.0,0.0,0.0,51.82758620689656,0.0,0.0,0.0,0.0,72.0,430.0,16.0,20,1,0.5608170844939647,32.124756808416706,642.0,0.0,0.0,0.0,0.0,2
656.0,7.0,1.3678269068956534,0.0,0.0,0.0,0.0,0.0,0.0,0.0,0.0,0.0,0.0,49.55172413793103,0.0,0.0,0.0,0.0,564.0,3064.0,68.0,21,0,0.5608170844939647,17.473789896105803,655.0,0.0,0.0,0.0,0.0,2
648.0,5.0,1.076535646491632,0.0,0.0,0.0,0.0,0.0,0.0,0.0,0.0,0.0,0.0,39.55172413793103,30.0,0.0,0.0,0.0,378.0,1720.0,22.0,22,0,0.5608170844939647,8.544003745312613,654.5,0.0,0.0,0.0,0.0,2
712.0,8.0,1.334132707721294,0.0,0.0,0.0,0.0,0.0,0.0,0.0,0.0,0.0,90.0,27.58620689655172,0.0,0.0,0.0,0.0,548.0,7572.0,16.0,23,0,0.5608170844939647,30.1717306983416,669.5,0.0,0.0,0.0,0.0,2
716.0,2.0,0.4861419483642702,0.0,0.0,0.0,0.0,0.0,0.0,0.0,0.0,0.0,0.0,70.83333333333333,0.0,0.0,0.0,0.0,0.0,1206.0,8.0,0,0,0.5608170844939647,22.41279396535043,703.5,0.0,0.0,0.0,0.0,2
714.0,4.0,0.7751949760284285,0.0,0.0,0.0,0.0,0.0,0.0,0.0,0.0,0.0,0.0,99.58620689655172,0.0,0.0,0.0,0.0,0.0,7202.0,8.0,1,0,0.5608170844939647,1.63299316182967,716.0,0.0,0.0,0.0,0.0,2
716.0,1.0,-1.000088900581841e-12,0.0,0.0,0.0,0.0,0.0,0.0,0.0,0.0,0.0,0.0,100.0,0.0,0.0,0.0,0.0,0.0,0.0,0.0,2,0,0.5608170844939647,1.63299316182967,716.0,0.0,0.0,0.0,0.0,1
718.0,1.0,-1.000088900581841e-12,0.0,0.0,0.0,0.0,0.0,0.0,0.0,0.0,0.0,0.0,100.0,0.0,0.0,0.0,0.0,0.0,0.0,0.0,3,0,0.5608170844939647,218.3353689472534,607.5,0.0,0.0,0.0,0.0,1
0.0,0.0,0.0,0.0,0.0,0.0,0.0,0.0,0.0,0.0,0.0,0.0,0.0,100.0,0.0,0.0,0.0,0.0,0.0,0.0,0.0,4,0,0.5608170844939647,324.7193660172836,400.0,0.0,0.0,0.0,0.0,1
0.0,0.0,0.0,0.0,0.0,0.0,0.0,0.0,0.0,0.0,0.0,0.0,0.0,100.0,0.0,0.0,0.0,0.0,0.0,0.0,0.0,5,0,0.5608170844939647,300.9999999999999,150.5,0.0,0.0,0.0,0.0,1
0.0,0.0,0.0,0.0,0.0,0.0,0.0,0.0,0.0,0.0,0.0,0.0,0.0,100.0,0.0,0.0,0.0,0.0,0.0,0.0,0.0,6,0,0.5608170844939647,0.0,0.0,0.0,0.0,0.0,0.0,1
360.0,2.0,0.3371210544067609,0.0,0.0,0.0,0.0,0.0,0.0,0.0,0.0,0.0,0.0,100.0,0.0,0.0,0.0,0.0,50.0,0.0,0.0,7,0,0.5608170844939647,179.9999999999998,90.0,0.0,0.0,0.0,0.0,1
614.0,1.0,-1.000088900581841e-12,0.0,0.0,0.0,0.0,0.0,0.0,0.0,0.0,0.0,0.0,100.0,0.0,0.0,0.0,0.0,0.0,0.0,0.0,8,1,0.5608170844939647,318.9707405599035,422.5,0.0,0.0,0.0,0.0,1
674.0,7.0,1.0462518368856937,0.0,0.0,0.0,0.0,0.0,0.0,0.0,0.0,0.0,0.0,93.96551724137932,0.0,0.0,0.0,0.0,532.0,5448.0,34.0,9,1,0.5608170844939647,164.41715238988883,588.5,0.0,0.0,0.0,0.0,2
684.0,5.0,1.1925039209829482,0.0,0.0,0.0,0.0,0.0,0.0,0.0,0.0,0.0,0.0,80.2,0.0,0.0,0.0,0.0,536.0,5624.0,68.0,10,1,0.5608170844939647,161.0838291077038,591.0,0.0,0.0,0.0,0.0,2
552.0,7.0,1.3802101896000485,0.0,0.0,0.0,28.0,0.0,0.0,0.0,0.0,0.0,0.0,68.36,0.0,0.0,0.0,0.0,484.0,3428.0,42.0,11,1,0.5608170844939647,58.909535164803785,638.5,0.0,0.0,14.000000000000169,7.0,2
528.0,4.0,0.6321316541893593,0.0,0.0,0.0,32.0,0.0,0.0,0.0,0.0,0.0,0.0,34.84,0.0,0.0,0.0,0.0,718.0,13808.0,64.0,12,1,0.5608170844939647,291.2364446058676,438.0,0.0,0.0,17.397317800933315,15.0,2
148.0,6.0,1.1209017585356285,0.0,0.0,0.0,0.0,0.0,0.0,0.0,0.0,0.0,0.0,13.172413793103448,0.0,0.0,0.0,0.0,396.0,4384.0,52.0,13,1,0.5608170844939647,312.3374243773336,340.0,0.0,0.0,16.000000000000146,8.0,2
714.0,6.0,0.245772022771438,0.0,0.0,0.0,0.0,0.0,0.0,0.0,0.0,0.0,0.0,33.766666666666666,0.0,0.0,0.0,0.0,348.0,774.0,20.0,14,1,0.5608170844939647,292.0336738574279,443.5,0.0,0.0,0.0,0.0,2
690.0,8.0,1.128899764861507,0.0,0.0,0.0,0.0,0.0,0.0,0.0,0.0,0.0,0.0,78.71428571428571,0.0,0.0,0.0,0.0,568.0,5538.0,60.0,15,1,0.5608170844939647,234.27334462119228,589.0,0.0,0.0,0.0,0.0,2
676.0,10.0,1.728232386358057,0.0,0.0,0.0,0.0,0.0,0.0,0.0,0.0,0.0,0.0,46.1,0.0,0.0,0.0,0.0,704.0,12590.0,42.0,16,1,0.5608170844939647,17.320508075686533,697.0,0.0,0.0,0.0,0.0,2
670.0,5.0,1.1285993030510106,0.0,0.0,0.0,0.0,0.0,0.0,0.0,0.0,0.0,0.0,20.366666666666667,0.0,0.0,0.0,0.0,526.0,4196.0,58.0,17,1,0.5608170844939647,22.21110833194184,692.0,0.0,0.0,0.0,0.0,1
188.0,1.0,-1.000088900581841e-12,0.0,0.0,0.0,0.0,0.0,0.0,0.0,0.0,0.0,0.0,16.0,0.0,0.0,0.0,0.0,318.0,480.0,46.0,18,1,0.5608170844939647,246.9730079718563,556.5,0.0,0.0,0.0,0.0,1
280.0,1.0,-1.000088900581841e-12,0.0,0.0,0.0,0.0,0.0,0.0,0.0,0.0,0.0,0.0,24.545454545454547,0.0,0.0,0.0,0.0,62.0,5404.0,0.0,19,1,0.5608170844939647,274.9175634015888,280.5,0.0,0.0,0.0,0.0,1
344.0,3.0,0.1265727485430852,0.0,0.0,0.0,0.0,0.0,0.0,0.0,0.0,0.0,0.0,66.1,0.0,0.0,0.0,0.0,0.0,276.0,16.0,20,1,0.5608170844939647,294.6704373816053,335.0,0.0,0.0,0.0,0.0,1
650.0,3.0,0.4793357870647621,0.0,0.0,0.0,0.0,0.0,0.0,0.0,0.0,0.0,0.0,68.73333333333333,0.0,0.0,0.0,0.0,454.0,378.0,14.0,21,0,0.5608170844939647,167.16758058906015,590.5,0.0,0.0,0.0,0.0,1
700.0,4.0,1.0325396875851691,0.0,0.0,0.0,0.0,0.0,0.0,0.0,0.0,0.0,0.0,55.06666666666667,0.0,0.0,0.0,0.0,130.0,3840.0,28.0,22,0,0.5608170844939647,23.579652245101467,665.0,0.0,0.0,0.0,0.0,1
120.0,1.0,-1.000088900581841e-12,0.0,0.0,0.0,0.0,0.0,0.0,0.0,0.0,0.0,0.0,40.0,62.0,0.0,0.0,0.0,66.0,0.0,0.0,23,0,0.5608170844939647,278.5605858695733,537.0,0.0,0.0,0.0,0.0,1
688.0,6.0,1.3607485817424885,0.0,0.0,0.0,0.0,0.0,0.0,0.0,0.0,0.0,0.0,23.966666666666665,0.0,0.0,0.0,0.0,216.0,10998.0,16.0,0,0,0.5608170844939647,268.5690476084935,467.0,0.0,0.0,0.0,0.0,2
714.0,3.0,0.614083049395159,0.0,0.0,0.0,0.0,0.0,0.0,0.0,0.0,0.0,0.0,35.666666666666664,0.0,0.0,0.0,0.0,0.0,5424.0,0.0,1,0,0.5608170844939647,156.8268684462793,570.0,0.0,0.0,0.0,0.0,1
604.0,1.0,-1.000088900581841e-12,0.0,0.0,0.0,0.0,0.0,0.0,0.0,0.0,0.0,0.0,85.53333333333333,0.0,0.0,0.0,0.0,0.0,0.0,0.0,2,0,0.5608170844939647,108.9892961105199,631.0,0.0,0.0,0.0,0.0,1
0.0,0.0,0.0,0.0,0.0,0.0,0.0,0.0,0.0,0.0,0.0,0.0,0.0,100.0,0.0,0.0,0.0,0.0,0.0,0.0,0.0,3,0,0.5608170844939647,384.455892572,330.5,0.0,0.0,0.0,0.0,1
0.0,0.0,0.0,0.0,0.0,0.0,0.0,0.0,0.0,0.0,0.0,0.0,0.0,100.0,0.0,0.0,0.0,0.0,0.0,0.0,0.0,4,0,0.5608170844939647,0.0,0.0,0.0,0.0,0.0,0.0,1
0.0,0.0,0.0,0.0,0.0,0.0,0.0,0.0,0.0,0.0,0.0,0.0,0.0,100.0,0.0,0.0,0.0,0.0,0.0,0.0,0.0,5,0,0.5608170844939647,0.0,0.0,0.0,0.0,0.0,0.0,1
0.0,0.0,0.0,0.0,0.0,0.0,0.0,0.0,0.0,0.0,0.0,0.0,0.0,100.0,0.0,0.0,0.0,0.0,0.0,0.0,0.0,6,0,0.5608170844939647,0.0,0.0,0.0,0.0,0.0,0.0,1
358.0,2.0,0.3501209252572095,0.0,0.0,0.0,0.0,0.0,0.0,0.0,0.0,0.0,0.0,100.0,0.0,0.0,0.0,0.0,76.0,0.0,0.0,7,0,0.5608170844939647,178.99999999999977,89.5,0.0,0.0,0.0,0.0,1
716.0,1.0,-1.000088900581841e-12,0.0,0.0,0.0,0.0,0.0,0.0,0.0,0.0,0.0,0.0,100.0,0.0,0.0,0.0,0.0,0.0,0.0,0.0,8,1,0.5608170844939647,343.2821968390825,448.0,0.0,0.0,0.0,0.0,1
654.0,5.0,0.7872942497552121,0.0,0.0,0.0,0.0,0.0,0.0,0.0,0.0,0.0,0.0,99.93333333333334,0.0,0.0,0.0,0.0,152.0,3380.0,38.0,9,1,0.5608170844939647,31.68069864549347,701.5,0.0,0.0,0.0,0.0,1
680.0,8.0,1.4987759452024627,0.0,0.0,0.0,0.0,0.0,0.0,0.0,0.0,0.0,0.0,71.0,0.0,0.0,0.0,0.0,150.0,15296.0,16.0,10,1,0.5608170844939647,28.11879561194917,689.0,0.0,0.0,0.0,0.0,2
128.0,4.0,1.06044874773282,0.0,0.0,0.0,0.0,0.0,0.0,0.0,0.0,0.0,0.0,49.6,0.0,0.0,0.0,0.0,8.0,496.0,2.0,11,1,0.5608170844939647,276.4217791708893,541.5,0.0,0.0,0.0,0.0,1
686.0,9.0,1.5565537519332115,0.0,0.0,0.0,0.0,0.0,0.0,0.0,0.0,0.0,4.0,34.793103448275865,0.0,0.0,0.0,0.0,22.0,1696.0,6.0,12,1,0.5608170844939647,281.1849924871524,549.5,0.0,0.0,0.0,0.0,2
716.0,3.0,0.2793830080782412,0.0,0.0,0.0,0.0,0.0,0.0,0.0,0.0,0.0,0.0,76.5,0.0,0.0,0.0,0.0,18.0,454.0,12.0,13,1,0.5608170844939647,14.696938456696325,706.0,0.0,0.0,0.0,0.0,1
710.0,3.0,0.2667926892335125,0.0,0.0,0.0,0.0,0.0,0.0,0.0,0.0,0.0,0.0,99.96666666666668,0.0,0.0,0.0,0.0,22.0,402.0,10.0,14,1,0.5608170844939647,3.464101615126153,715.0,0.0,0.0,0.0,0.0,1
716.0,2.0,0.5545324087971704,0.0,0.0,0.0,0.0,0.0,0.0,0.0,0.0,0.0,0.0,100.0,0.0,0.0,0.0,0.0,0.0,16.0,0.0,15,1,0.5608170844939647,6.633249580704741,711.0,0.0,0.0,0.0,0.0,1
712.0,3.0,0.6764965946597925,0.0,0.0,0.0,0.0,0.0,0.0,0.0,0.0,0.0,8.0,99.9,0.0,0.0,0.0,0.0,72.0,64.0,14.0,16,1,0.5608170844939647,10.754843869930726,705.5,0.0,0.0,0.0,0.0,1
10.0,1.0,-1.000088900581841e-12,0.0,0.0,0.0,0.0,0.0,0.0,0.0,0.0,0.0,0.0,96.0,0.0,0.0,0.0,0.0,0.0,0.0,0.0,17,1,0.5608170844939647,343.2020784707846,524.5,0.0,0.0,0.0,0.0,1
184.0,2.0,0.6052367517716783,0.0,0.0,0.0,0.0,0.0,0.0,0.0,0.0,0.0,0.0,70.83333333333333,8.0,0.0,0.0,0.0,16.0,338.0,6.0,21,0,0.5608170844939647,255.50994762109207,566.0,0.0,0.0,3.0000000000007927,2.5,2
718.0,3.0,0.590111775668137,0.0,0.0,0.0,0.0,0.0,0.0,0.0,0.0,0.0,2.0,26.866666666666667,0.0,0.0,0.0,0.0,2.0,218.0,0.0,1,0,0.5608170844939647,246.3188989907188,529.5,0.0,0.0,0.0,0.0,2
176.0,1.0,-1.000088900581841e-12,0.0,0.0,0.0,0.0,0.0,0.0,0.0,0.0,0.0,0.0,76.13333333333334,0.0,0.0,0.0,0.0,0.0,0.0,0.0,2,0,0.5608170844939647,267.2395928750078,576.5,0.0,0.0,0.0,0.0,1
0.0,0.0,0.0,0.0,0.0,0.0,0.0,0.0,0.0,0.0,0.0,0.0,0.0,99.96666666666668,0.0,0.0,0.0,0.0,0.0,0.0,0.0,3,0,0.5608170844939647,339.9465644283916,223.5,0.0,0.0,0.0,0.0,1
0.0,0.0,0.0,0.0,0.0,0.0,0.0,0.0,0.0,0.0,0.0,0.0,0.0,100.0,0.0,0.0,0.0,0.0,0.0,0.0,0.0,4,0,0.5608170844939647,0.0,0.0,0.0,0.0,0.0,0.0,1
0.0,0.0,0.0,0.0,0.0,0.0,0.0,0.0,0.0,0.0,0.0,0.0,0.0,100.0,0.0,0.0,0.0,0.0,0.0,0.0,0.0,5,0,0.5608170844939647,0.0,0.0,0.0,0.0,0.0,0.0,1
0.0,0.0,0.0,0.0,0.0,0.0,0.0,0.0,0.0,0.0,0.0,0.0,0.0,100.0,0.0,0.0,0.0,0.0,0.0,0.0,0.0,6,0,0.5608170844939647,0.0,0.0,0.0,0.0,0.0,0.0,1
0.0,0.0,0.0,0.0,0.0,0.0,0.0,0.0,0.0,0.0,0.0,0.0,0.0,100.0,0.0,0.0,0.0,0.0,0.0,0.0,0.0,7,0,0.5608170844939647,0.0,0.0,0.0,0.0,0.0,0.0,2
0.0,0.0,0.0,0.0,0.0,0.0,0.0,0.0,0.0,0.0,0.0,0.0,0.0,100.0,0.0,0.0,0.0,0.0,0.0,0.0,0.0,8,1,0.5608170844939647,0.0,0.0,0.0,0.0,0.0,0.0,1
0.0,0.0,0.0,0.0,0.0,0.0,0.0,0.0,0.0,0.0,0.0,0.0,0.0,100.0,0.0,0.0,0.0,0.0,0.0,0.0,0.0,9,1,0.5608170844939647,0.0,0.0,0.0,0.0,0.0,0.0,1
686.0,9.0,1.614188376119394,0.0,0.0,0.0,0.0,0.0,0.0,0.0,0.0,0.0,0.0,97.3,0.0,0.0,0.0,0.0,20.0,1884.0,8.0,10,1,0.5608170844939647,342.99999999999983,171.5,0.0,0.0,0.0,0.0,2
674.0,10.0,0.674945546159959,0.0,0.0,0.0,0.0,0.0,0.0,0.0,0.0,0.0,0.0,77.58620689655173,0.0,0.0,0.0,0.0,48.0,546.0,12.0,11,1,0.5608170844939647,345.32448508612873,517.5,0.0,0.0,0.0,0.0,2
680.0,5.0,0.9396956586812486,0.0,0.0,0.0,0.0,0.0,0.0,0.0,0.0,0.0,0.0,69.93333333333334,0.0,0.0,0.0,0.0,32.0,782.0,10.0,12,1,0.5608170844939647,17.233687939611833,684.5,0.0,0.0,0.0,0.0,2
698.0,7.0,1.1654530656397766,0.0,0.0,0.0,0.0,0.0,0.0,0.0,0.0,0.0,0.0,49.93333333333333,0.0,0.0,0.0,0.0,84.0,2668.0,14.0,13,1,0.5608170844939647,12.961481396812736,688.0,0.0,0.0,0.0,0.0,2
10.0,2.0,0.5004024235361879,0.0,0.0,0.0,0.0,0.0,0.0,0.0,0.0,0.0,0.0,41.0,0.0,0.0,0.0,0.0,108.0,742.0,18.0,14,1,0.5608170844939647,329.6477918425461,497.5,0.0,0.0,0.0,0.0,2
10.0,1.0,-1.000088900581841e-12,0.0,0.0,0.0,0.0,0.0,0.0,0.0,0.0,0.0,0.0,30.2,0.0,0.0,0.0,0.0,72.0,206.0,8.0,15,1,0.5608170844939647,285.9999999999999,153.0,0.0,0.0,0.0,0.0,2
240.0,6.0,0.9964583345271892,0.0,0.0,0.0,4.0,0.0,0.0,0.0,0.0,0.0,0.0,18.25,0.0,0.0,0.0,0.0,60.0,3128.0,10.0,16,1,0.5608170844939647,114.9999999999997,67.5,0.0,0.0,3.0000000000007927,2.5,2
716.0,2.0,0.0484166396674798,0.0,0.0,0.0,0.0,0.0,0.0,0.0,0.0,0.0,0.0,35.4,0.0,0.0,0.0,0.0,0.0,40.0,2.0,17,1,0.5608170844939647,321.8628072124311,256.5,0.0,0.0,3.0000000000007927,2.5,2
362.0,2.0,0.6427068237883138,0.0,0.0,0.0,0.0,0.0,0.0,0.0,0.0,0.0,14.0,63.41176470588236,0.0,0.0,0.0,0.0,28.0,62.0,2.0,18,1,0.5608170844939647,310.0080644112342,301.5,0.0,0.0,0.0,0.0,2
718.0,3.0,0.7465119259746037,0.0,0.0,0.0,0.0,0.0,0.0,0.0,0.0,0.0,0.0,93.63333333333334,0.0,0.0,0.0,0.0,0.0,386.0,2.0,19,1,0.5608170844939647,267.1996756485056,396.5,0.0,0.0,0.0,0.0,2
688.0,7.0,1.3537501228073698,0.0,0.0,0.0,0.0,0.0,0.0,0.0,0.0,0.0,0.0,66.9,0.0,0.0,0.0,0.0,28.0,1442.0,10.0,20,1,0.5608170844939647,134.99012309548152,639.5,0.0,0.0,0.0,0.0,1
340.0,7.0,1.608841856894981,0.0,0.0,0.0,8.0,0.0,0.0,0.0,0.0,0.0,0.0,47.375,0.0,0.0,0.0,0.0,142.0,2624.0,30.0,21,0,0.5608170844939647,183.81512451373504,615.0,0.0,0.0,4.000000000000595,2.0,2
712.0,7.0,1.4289145897569444,0.0,0.0,0.0,0.0,0.0,0.0,0.0,0.0,0.0,0.0,34.53333333333333,0.0,0.0,0.0,0.0,36.0,3622.0,10.0,22,0,0.5608170844939647,182.6800481716597,613.0,0.0,0.0,4.123105625618235,3.5,2
66.0,3.0,0.2706407936137974,0.0,0.0,0.0,0.0,0.0,0.0,0.0,0.0,0.0,0.0,18.6,0.0,0.0,0.0,0.0,16.0,5610.0,0.0,23,0,0.5608170844939647,318.66963039068105,543.5,0.0,0.0,3.000000000000796,1.5,2
110.0,3.0,0.1814155230792444,0.0,0.0,0.0,0.0,0.0,0.0,0.0,0.0,0.0,0.0,25.625,0.0,0.0,0.0,0.0,0.0,5788.0,0.0,0,0,0.5608170844939647,296.2988356372666,306.5,0.0,0.0,0.0,0.0,2
0.0,0.0,0.0,0.0,0.0,0.0,0.0,0.0,0.0,0.0,0.0,0.0,16.0,0.0,0.0,0.0,0.0,0.0,32.0,1648.0,2.0,1,0,0.5608170844939647,157.4663985320887,112.5,0.0,0.0,0.0,0.0,2
716.0,1.0,-1.000088900581841e-12,0.0,0.0,0.0,0.0,0.0,0.0,0.0,0.0,0.0,0.0,26.0,0.0,0.0,0.0,0.0,0.0,0.0,0.0,2,0,0.5608170844939647,337.5894943073119,227.0,0.0,0.0,0.0,0.0,1
0.0,0.0,0.0,0.0,0.0,0.0,0.0,0.0,0.0,0.0,0.0,0.0,0.0,83.3,0.0,0.0,0.0,0.0,0.0,0.0,0.0,3,0,0.5608170844939647,331.9337283253992,369.0,0.0,0.0,0.0,0.0,1
0.0,0.0,0.0,0.0,0.0,0.0,0.0,0.0,0.0,0.0,0.0,0.0,0.0,100.0,0.0,0.0,0.0,0.0,0.0,0.0,0.0,4,0,0.5608170844939647,285.9999999999999,143.0,0.0,0.0,0.0,0.0,1
0.0,0.0,0.0,0.0,0.0,0.0,0.0,0.0,0.0,0.0,0.0,0.0,0.0,100.0,0.0,0.0,0.0,0.0,0.0,0.0,0.0,5,0,0.5608170844939647,0.0,0.0,0.0,0.0,0.0,0.0,1
0.0,0.0,0.0,0.0,0.0,0.0,0.0,0.0,0.0,0.0,0.0,0.0,0.0,100.0,0.0,0.0,0.0,0.0,0.0,0.0,0.0,6,0,0.5608170844939647,0.0,0.0,0.0,0.0,0.0,0.0,1
0.0,0.0,0.0,0.0,0.0,0.0,0.0,0.0,0.0,0.0,0.0,0.0,0.0,100.0,0.0,0.0,0.0,0.0,0.0,0.0,0.0,7,0,0.5608170844939647,0.0,0.0,0.0,0.0,0.0,0.0,1
0.0,0.0,0.0,0.0,0.0,0.0,0.0,0.0,0.0,0.0,0.0,0.0,0.0,100.0,0.0,0.0,0.0,0.0,0.0,0.0,0.0,8,1,0.5608170844939647,0.0,0.0,0.0,0.0,0.0,0.0,1
718.0,1.0,-1.000088900581841e-12,0.0,0.0,0.0,0.0,0.0,0.0,0.0,0.0,0.0,0.0,100.0,0.0,0.0,0.0,0.0,0.0,0.0,0.0,9,1,0.5608170844939647,342.04483136961244,264.0,0.0,0.0,0.0,0.0,1
94.0,4.0,1.0550541850484878,0.0,0.0,0.0,0.0,0.0,0.0,0.0,0.0,0.0,0.0,100.0,0.0,0.0,0.0,0.0,60.0,804.0,10.0,10,1,0.5608170844939647,256.7612379883951,382.5,0.0,0.0,0.0,0.0,1
696.0,8.0,1.7670754505081894,0.0,0.0,0.0,0.0,0.0,0.0,0.0,0.0,0.0,0.0,81.33333333333333,0.0,0.0,0.0,0.0,64.0,5506.0,4.0,11,1,0.5608170844939647,294.4395806726171,471.0,0.0,0.0,0.0,0.0,1
714.0,5.0,0.9247047828207984,0.0,0.0,0.0,0.0,0.0,0.0,0.0,0.0,0.0,0.0,59.43333333333333,0.0,0.0,0.0,0.0,22.0,3774.0,6.0,12,1,0.5608170844939647,9.380831519644104,710.0,0.0,0.0,0.0,0.0,2
714.0,5.0,1.1235216975411553,0.0,0.0,0.0,0.0,0.0,0.0,0.0,0.0,0.0,24.0,35.03333333333333,0.0,0.0,0.0,0.0,48.0,3250.0,6.0,13,1,0.5608170844939647,1.1547005383568036,715.0,0.0,0.0,0.0,0.0,1
10.0,1.0,-1.000088900581841e-12,0.0,0.0,0.0,0.0,0.0,0.0,0.0,0.0,0.0,0.0,53.6,0.0,0.0,0.0,0.0,0.0,2200.0,0.0,14,1,0.5608170844939647,339.4284411575828,445.5,0.0,0.0,0.0,0.0,1
10.0,1.0,-1.000088900581841e-12,0.0,0.0,0.0,0.0,0.0,0.0,0.0,0.0,0.0,0.0,41.6,0.0,0.0,0.0,0.0,94.0,438.0,12.0,15,1,0.5608170844939647,165.99999999999977,93.0,0.0,0.0,0.0,0.0,1
10.0,1.0,-1.000088900581841e-12,0.0,0.0,0.0,0.0,0.0,0.0,0.0,0.0,0.0,24.0,37.0,0.0,0.0,0.0,0.0,144.0,660.0,18.0,16,1,0.5608170844939647,0.0,10.0,0.0,0.0,0.0,0.0,2
268.0,2.0,0.0439858144750811,0.0,0.0,0.0,0.0,0.0,0.0,0.0,0.0,0.0,24.0,66.26666666666667,0.0,0.0,0.0,0.0,214.0,266.0,14.0,17,1,0.5608170844939647,186.9652374105944,167.0,0.0,0.0,0.0,0.0,2
50.0,2.0,0.167944147732173,0.0,0.0,0.0,0.0,0.0,0.0,0.0,0.0,0.0,0.0,89.5,0.0,0.0,0.0,0.0,312.0,1822.0,22.0,18,1,0.5608170844939647,277.80748730010845,353.5,0.0,0.0,0.0,0.0,1
10.0,1.0,-1.000088900581841e-12,0.0,0.0,0.0,0.0,0.0,0.0,0.0,0.0,0.0,0.0,83.8,0.0,0.0,0.0,0.0,252.0,156.0,12.0,19,1,0.5608170844939647,346.84626757878374,196.5,0.0,0.0,0.0,0.0,2
98.0,3.0,0.5530553764126991,0.0,0.0,0.0,0.0,0.0,0.0,0.0,0.0,0.0,0.0,76.0,0.0,0.0,0.0,0.0,142.0,264.0,8.0,20,1,0.5608170844939647,43.99999999999919,32.0,0.0,0.0,0.0,0.0,2
692.0,8.0,1.4851534311701478,0.0,0.0,0.0,0.0,0.0,0.0,0.0,0.0,0.0,0.0,67.63333333333334,0.0,0.0,0.0,0.0,472.0,2364.0,4.0,21,0,0.5608170844939647,363.8878032214507,367.5,0.0,0.0,0.0,0.0,2
610.0,8.0,1.551573436206552,0.0,0.0,0.0,0.0,0.0,0.0,0.0,0.0,0.0,0.0,58.84615384615385,0.0,0.0,0.0,0.0,150.0,4224.0,26.0,22,0,0.5608170844939647,35.227829907615934,660.5,0.0,0.0,0.0,0.0,2
10.0,2.0,0.6730116670072565,0.0,0.0,0.0,0.0,0.0,0.0,0.0,0.0,0.0,0.0,44.6,0.0,0.0,0.0,0.0,352.0,800.0,0.0,23,0,0.5608170844939647,364.5545226711636,325.0,0.0,0.0,0.0,0.0,2
354.0,3.0,0.1633155081407425,0.0,0.0,0.0,0.0,0.0,0.0,0.0,0.0,0.0,0.0,42.73333333333333,0.0,0.0,0.0,0.0,240.0,664.0,26.0,0,0,0.5608170844939647,172.33591229533852,95.5,0.0,0.0,0.0,0.0,1
76.0,1.0,-1.000088900581841e-12,0.0,0.0,0.0,0.0,0.0,0.0,0.0,0.0,0.0,0.0,18.0,0.0,0.0,0.0,0.0,0.0,0.0,0.0,10,1,0.5608170844939647,153.71293591193492,163.5,0.0,0.0,0.0,0.0,1
668.0,4.0,0.7178819653919573,0.0,0.0,0.0,0.0,0.0,0.0,0.0,0.0,0.0,0.0,82.03333333333333,0.0,0.0,0.0,0.0,22.0,430.0,4.0,16,1,0.5608170844939647,328.05893779421194,405.0,0.0,0.0,0.0,0.0,2
36.0,2.0,0.2145591551744051,0.0,0.0,0.0,0.0,0.0,0.0,0.0,0.0,0.0,0.0,73.8,0.0,0.0,0.0,0.0,32.0,358.0,10.0,17,1,0.5608170844939647,324.0797227020947,521.5,0.0,0.0,0.0,0.0,2
704.0,11.0,1.8261288884163336,0.0,0.0,0.0,10.0,0.0,0.0,0.0,0.0,0.0,0.0,64.55172413793103,0.0,0.0,0.0,0.0,108.0,1952.0,8.0,18,1,0.5608170844939647,385.4084413536717,356.5,0.0,0.0,4.760952285695732,3.0,2
122.0,4.0,0.4850373357491345,0.0,0.0,0.0,0.0,0.0,0.0,0.0,0.0,0.0,0.0,45.22222222222222,0.0,0.0,0.0,0.0,10.0,1212.0,6.0,19,1,0.5608170844939647,375.2310399385068,388.5,0.0,0.0,4.434711565217222,4.5,2
660.0,4.0,0.5328477329058148,0.0,0.0,0.0,0.0,0.0,0.0,0.0,0.0,0.0,0.0,23.433333333333334,0.0,0.0,0.0,0.0,30.0,248.0,0.0,20,1,0.5608170844939647,278.88826914495104,538.0,0.0,0.0,3.000000000000796,1.5,2
682.0,4.0,0.8078005318627023,0.0,0.0,0.0,0.0,0.0,0.0,0.0,0.0,0.0,0.0,18.3,0.0,0.0,0.0,0.0,48.0,900.0,12.0,21,0,0.5608170844939647,71.46794153091747,629.5,0.0,0.0,3.000000000000796,1.5,2
708.0,4.0,1.054174320023028,0.0,0.0,0.0,6.0,0.0,0.0,0.0,0.0,0.0,14.0,19.966666666666665,0.0,0.0,0.0,0.0,84.0,1338.0,18.0,23,0,0.5608170844939647,84.9862734014537,665.0,0.0,0.0,3.000000000000796,1.5,2
0.0,0.0,0.0,0.0,0.0,0.0,0.0,0.0,0.0,0.0,0.0,0.0,12.0,0.0,0.0,0.0,0.0,0.0,12.0,1472.0,0.0,0,0,0.5608170844939647,348.3905854066668,428.0,0.0,0.0,3.0000000000007927,2.5,2
716.0,1.0,-1.000088900581841e-12,0.0,0.0,0.0,0.0,0.0,0.0,0.0,0.0,0.0,0.0,57.16666666666666,0.0,0.0,0.0,0.0,0.0,0.0,0.0,1,0,0.5608170844939647,306.1045573002793,377.0,0.0,0.0,2.000000000001196,1.0,2
0.0,0.0,0.0,0.0,0.0,0.0,0.0,0.0,0.0,0.0,0.0,0.0,0.0,98.4,0.0,0.0,0.0,0.0,0.0,0.0,0.0,2,0,0.5608170844939647,308.19906986664745,372.0,0.0,0.0,0.0,0.0,2
0.0,0.0,0.0,0.0,0.0,0.0,0.0,0.0,0.0,0.0,0.0,0.0,0.0,100.0,0.0,0.0,0.0,0.0,0.0,0.0,0.0,3,0,0.5608170844939647,133.9999999999999,67.0,0.0,0.0,0.0,0.0,1
0.0,0.0,0.0,0.0,0.0,0.0,0.0,0.0,0.0,0.0,0.0,0.0,0.0,100.0,0.0,0.0,0.0,0.0,0.0,0.0,0.0,4,0,0.5608170844939647,0.0,0.0,0.0,0.0,0.0,0.0,2
0.0,0.0,0.0,0.0,0.0,0.0,0.0,0.0,0.0,0.0,0.0,0.0,0.0,100.0,0.0,0.0,0.0,0.0,0.0,0.0,0.0,5,0,0.5608170844939647,0.0,0.0,0.0,0.0,0.0,0.0,2
0.0,0.0,0.0,0.0,0.0,0.0,0.0,0.0,0.0,0.0,0.0,0.0,0.0,100.0,0.0,0.0,0.0,0.0,0.0,0.0,0.0,6,0,0.5608170844939647,0.0,0.0,0.0,0.0,0.0,0.0,2
360.0,2.0,0.1269305453394023,0.0,0.0,0.0,0.0,0.0,0.0,0.0,0.0,0.0,0.0,100.0,0.0,0.0,0.0,0.0,14.0,0.0,0.0,7,0,0.5608170844939647,179.99999999999991,90.0,0.0,0.0,0.0,0.0,2
370.0,1.0,-1.000088900581841e-12,0.0,0.0,0.0,0.0,0.0,0.0,0.0,0.0,0.0,0.0,100.0,0.0,0.0,0.0,0.0,0.0,0.0,0.0,8,1,0.5608170844939647,292.36221826129764,361.5,0.0,0.0,0.0,0.0,2
270.0,1.0,-1.000088900581841e-12,0.0,0.0,0.0,0.0,0.0,0.0,0.0,0.0,0.0,0.0,100.0,0.0,0.0,0.0,0.0,14.0,16.0,4.0,9,1,0.5608170844939647,295.9572041134776,339.0,0.0,0.0,0.0,0.0,2
694.0,7.0,1.149121040782,0.0,0.0,0.0,0.0,0.0,0.0,0.0,0.0,0.0,0.0,98.24137931034484,0.0,0.0,0.0,0.0,60.0,1936.0,16.0,10,1,0.5608170844939647,347.1752679363359,420.0,0.0,0.0,0.0,0.0,2
698.0,6.0,1.3594235019458838,0.0,0.0,0.0,14.0,0.0,0.0,0.0,0.0,0.0,0.0,90.33333333333331,0.0,0.0,0.0,0.0,226.0,2072.0,30.0,11,1,0.5608170844939647,18.9296944859998,694.5,0.0,0.0,7.000000000000338,3.5,2
10.0,3.0,1.054920167983144,0.0,0.0,0.0,6.0,0.0,0.0,0.0,0.0,0.0,0.0,79.6,0.0,0.0,0.0,0.0,90.0,2416.0,14.0,12,1,0.5608170844939647,318.5194918159117,469.0,0.0,0.0,17.625738755203177,15.0,2
434.0,8.0,1.105669385945114,0.0,0.0,0.0,0.0,0.0,0.0,0.0,0.0,0.0,0.0,60.142857142857146,0.0,0.0,0.0,0.0,58.0,1716.0,16.0,13,1,0.5608170844939647,264.56505186185615,238.0,0.0,0.0,19.209372712298663,11.5,2
678.0,4.0,0.8558182962309435,0.0,0.0,0.0,0.0,0.0,0.0,0.0,0.0,0.0,0.0,48.16666666666666,0.0,0.0,0.0,0.0,88.0,1606.0,12.0,14,1,0.5608170844939647,316.04851948184574,451.0,0.0,0.0,0.0,0.0,2
280.0,6.0,1.3134505027704932,0.0,0.0,0.0,10.0,0.0,0.0,0.0,0.0,0.0,0.0,35.84615384615385,0.0,0.0,0.0,0.0,152.0,4448.0,28.0,15,1,0.5608170844939647,205.4937144213093,587.5,0.0,0.0,7.1180521680212046,6.0,2
236.0,1.0,-1.000088900581841e-12,0.0,0.0,0.0,0.0,0.0,0.0,0.0,0.0,0.0,20.0,26.0,0.0,0.0,0.0,0.0,156.0,88.0,10.0,16,1,0.5608170844939647,293.01365155910395,308.5,0.0,0.0,7.1180521680212046,6.0,2
238.0,4.0,0.1453717101803168,0.0,0.0,0.0,16.0,0.0,0.0,0.0,0.0,0.0,0.0,63.38461538461539,0.0,0.0,0.0,0.0,88.0,3530.0,14.0,17,1,0.5608170844939647,298.8466719462228,300.0,0.0,0.0,8.000000000000295,4.0,2
10.0,2.0,0.6730116670072565,0.0,0.0,0.0,0.0,0.0,0.0,0.0,0.0,0.0,0.0,50.0,0.0,0.0,0.0,0.0,0.0,2320.0,0.0,18,1,0.5608170844939647,333.7783695807743,244.0,0.0,0.0,7.895146188218304,6.5,2
10.0,1.0,-1.000088900581841e-12,0.0,0.0,0.0,0.0,0.0,0.0,0.0,0.0,0.0,0.0,48.4,0.0,0.0,0.0,0.0,66.0,220.0,8.0,19,1,0.5608170844939647,0.0,10.0,0.0,0.0,5.000000000000476,2.5,2
394.0,1.0,-1.000088900581841e-12,0.0,0.0,0.0,0.0,0.0,0.0,0.0,0.0,0.0,0.0,46.05555555555556,0.0,0.0,0.0,0.0,66.0,50.0,18.0,20,1,0.5608170844939647,192.67589366602127,105.0,0.0,0.0,0.0,0.0,2
524.0,4.0,0.7172572940399836,0.0,0.0,0.0,0.0,0.0,0.0,0.0,0.0,0.0,0.0,41.91666666666666,22.0,0.0,0.0,0.0,166.0,1546.0,22.0,21,0,0.5608170844939647,286.8356091329433,400.0,0.0,0.0,0.0,0.0,2
680.0,11.0,1.4439584284882994,0.0,0.0,0.0,0.0,0.0,0.0,0.0,0.0,0.0,0.0,29.392857142857142,0.0,0.0,0.0,0.0,536.0,3014.0,54.0,22,0,0.5608170844939647,74.97555157071727,636.0,0.0,0.0,0.0,0.0,2
120.0,3.0,0.3429202886372654,0.0,0.0,0.0,6.0,0.0,0.0,0.0,0.0,0.0,0.0,18.0,0.0,0.0,0.0,0.0,454.0,1992.0,28.0,23,0,0.5608170844939647,275.74565575302654,533.5,0.0,0.0,3.0000000000007976,1.5,2
18.0,2.0,0.6365141682928128,0.0,0.0,0.0,0.0,0.0,0.0,0.0,0.0,0.0,0.0,0.0,0.0,0.0,0.0,0.0,184.0,634.0,42.0,0,0,0.5608170844939647,316.4427278355437,202.0,0.0,0.0,4.123105625618236,3.5,2
708.0,6.0,1.2085198536358737,0.0,0.0,0.0,2.0,0.0,0.0,0.0,0.0,0.0,0.0,94.53333333333332,0.0,0.0,0.0,0.0,10.0,194.0,6.0,8,1,0.5608170844939647,287.51115920371967,411.0,0.0,0.0,1.0000000000024027,0.5,2
10.0,2.0,0.5004024235361879,0.0,0.0,0.0,0.0,0.0,0.0,0.0,0.0,0.0,0.0,77.6,0.0,0.0,0.0,0.0,28.0,1196.0,20.0,10,1,0.5608170844939647,405.3163373629704,363.0,0.0,0.0,8.544003745317807,5.5,2
10.0,2.0,0.6730116670072565,0.0,0.0,0.0,0.0,0.0,0.0,0.0,0.0,0.0,0.0,60.6,0.0,0.0,0.0,0.0,4.0,996.0,2.0,11,1,0.5608170844939647,1.9999999999870663,11.0,0.0,0.0,2.0000000000012013,1.0,2
582.0,5.0,0.661978092974505,0.0,0.0,0.0,0.0,0.0,0.0,0.0,0.0,0.0,6.0,54.44444444444444,2.0,0.0,0.0,0.0,26.0,300.0,12.0,12,1,0.5608170844939647,285.99999999999994,153.0,0.0,0.0,0.0,0.0,2
718.0,6.0,0.9789417542487012,0.0,0.0,0.0,0.0,0.0,0.0,0.0,0.0,0.0,0.0,88.17241379310344,0.0,0.0,0.0,0.0,16.0,840.0,6.0,13,1,0.5608170844939647,337.4788882285823,507.0,0.0,0.0,0.0,0.0,2
700.0,8.0,1.2904011298451037,0.0,0.0,0.0,8.0,0.0,0.0,0.0,0.0,0.0,0.0,99.5,0.0,0.0,0.0,0.0,54.0,734.0,18.0,14,1,0.5608170844939647,8.999999999997137,713.5,0.0,0.0,4.000000000000598,2.0,2
582.0,4.0,1.1296020267199531,0.0,0.0,0.0,0.0,0.0,0.0,0.0,0.0,0.0,0.0,100.0,0.0,0.0,0.0,0.0,16.0,1586.0,6.0,15,1,0.5608170844939647,63.14005596027467,676.0,0.0,0.0,3.829708431025975,3.0,2
112.0,5.0,0.9039065185101876,0.0,0.0,0.0,4.0,0.0,0.0,0.0,0.0,0.0,0.0,90.33333333333331,0.0,0.0,0.0,0.0,40.0,1936.0,12.0,16,1,0.5608170844939647,342.23189019532737,352.0,0.0,0.0,2.30940107675954,2.0,2
682.0,3.0,0.993498109681614,0.0,0.0,0.0,0.0,0.0,0.0,0.0,0.0,0.0,0.0,74.26666666666667,0.0,0.0,0.0,0.0,20.0,1800.0,10.0,17,1,0.5608170844939647,369.7512677463053,379.0,0.0,0.0,2.0000000000012013,1.0,2
10.0,2.0,0.6730116670072565,0.0,0.0,0.0,8.0,0.0,0.0,0.0,0.0,0.0,0.0,64.8,0.0,0.0,0.0,0.0,30.0,632.0,2.0,18,1,0.5608170844939647,382.4146963703146,366.5,0.0,0.0,4.61880215351752,4.0,2
314.0,1.0,-1.000088900581841e-12,0.0,0.0,0.0,0.0,0.0,0.0,0.0,0.0,0.0,10.0,72.125,0.0,0.0,0.0,0.0,20.0,198.0,2.0,19,1,0.5608170844939647,145.41435050686462,99.0,0.0,0.0,4.61880215351752,4.0,2
708.0,7.0,0.5540871821706727,0.0,0.0,0.0,0.0,0.0,0.0,0.0,0.0,0.0,0.0,99.23333333333332,0.0,0.0,0.0,0.0,20.0,754.0,6.0,20,1,0.5608170844939647,341.4962176462085,437.5,0.0,0.0,0.0,0.0,2
684.0,4.0,1.1710604222120635,0.0,0.0,0.0,0.0,0.0,0.0,0.0,0.0,0.0,0.0,90.48275862068964,0.0,0.0,0.0,0.0,52.0,1522.0,0.0,21,0,0.5608170844939647,21.189620100416104,695.5,0.0,0.0,0.0,0.0,2
586.0,8.0,1.4869983400858375,0.0,0.0,0.0,0.0,0.0,0.0,0.0,0.0,0.0,0.0,75.5,0.0,0.0,0.0,0.0,112.0,1662.0,16.0,22,0,0.5608170844939647,218.07873196011872,540.5,0.0,0.0,0.0,0.0,2
10.0,3.0,0.9502705392302344,0.0,0.0,0.0,0.0,0.0,0.0,0.0,0.0,0.0,0.0,66.0,0.0,0.0,0.0,0.0,84.0,6608.0,8.0,23,0,0.5608170844939647,253.41073379002705,315.5,0.0,0.0,0.0,0.0,2
10.0,3.0,1.054920167983144,0.0,0.0,0.0,0.0,0.0,0.0,0.0,0.0,0.0,0.0,49.2,0.0,0.0,0.0,0.0,70.0,8718.0,14.0,0,0,0.5608170844939647,217.99999999999991,119.0,0.0,0.0,0.0,0.0,2
10.0,5.0,1.6094379124291005,0.0,0.0,0.0,0.0,0.0,0.0,0.0,0.0,0.0,14.0,36.6,0.0,0.0,0.0,0.0,154.0,2570.0,8.0,1,0,0.5608170844939647,0.0,10.0,0.0,0.0,0.0,0.0,1
644.0,1.0,-1.000088900581841e-12,0.0,0.0,0.0,0.0,0.0,0.0,0.0,0.0,0.0,0.0,75.8,0.0,0.0,0.0,0.0,0.0,0.0,0.0,2,0,0.5608170844939647,334.5499464454697,296.5,0.0,0.0,0.0,0.0,1
716.0,1.0,-1.000088900581841e-12,0.0,0.0,0.0,0.0,0.0,0.0,0.0,0.0,0.0,0.0,99.76666666666668,0.0,0.0,0.0,0.0,0.0,0.0,0.0,3,0,0.5608170844939647,157.5341232876229,559.5,0.0,0.0,0.0,0.0,1
718.0,1.0,-1.000088900581841e-12,0.0,0.0,0.0,0.0,0.0,0.0,0.0,0.0,0.0,0.0,100.0,0.0,0.0,0.0,0.0,0.0,0.0,0.0,4,0,0.5608170844939647,184.1403450270109,561.5,0.0,0.0,0.0,0.0,1
0.0,0.0,0.0,0.0,0.0,0.0,0.0,0.0,0.0,0.0,0.0,0.0,0.0,100.0,0.0,0.0,0.0,0.0,0.0,0.0,0.0,5,0,0.5608170844939647,318.29755470837864,449.0,0.0,0.0,0.0,0.0,1
0.0,0.0,0.0,0.0,0.0,0.0,0.0,0.0,0.0,0.0,0.0,0.0,0.0,100.0,0.0,0.0,0.0,0.0,0.0,0.0,0.0,6,0,0.5608170844939647,310.99999999999994,155.5,0.0,0.0,0.0,0.0,1
360.0,2.0,0.2145591551744051,0.0,0.0,0.0,0.0,0.0,0.0,0.0,0.0,0.0,0.0,100.0,0.0,0.0,0.0,0.0,0.0,0.0,0.0,7,0,0.5608170844939647,179.9999999999999,90.0,0.0,0.0,0.0,0.0,1
692.0,9.0,1.5497523859101112,0.0,0.0,0.0,0.0,0.0,0.0,0.0,0.0,0.0,20.0,96.86666666666666,0.0,0.0,0.0,0.0,250.0,3294.0,46.0,8,1,0.5608170844939647,322.62413631551703,428.5,0.0,0.0,0.0,0.0,2
716.0,8.0,1.629703260424085,0.0,0.0,0.0,0.0,0.0,0.0,0.0,0.0,0.0,0.0,100.0,0.0,0.0,0.0,0.0,64.0,5108.0,10.0,9,1,0.5608170844939647,26.153393661243243,697.0,0.0,0.0,0.0,0.0,2
704.0,9.0,1.3406718769959254,0.0,0.0,0.0,0.0,0.0,0.0,0.0,0.0,0.0,0.0,94.5,0.0,0.0,0.0,0.0,142.0,3040.0,42.0,10,1,0.5608170844939647,12.909944487356444,707.0,0.0,0.0,30.000000000000075,15.0,2
716.0,4.0,0.972250363249507,0.0,0.0,0.0,0.0,0.0,0.0,0.0,0.0,0.0,0.0,96.03448275862068,0.0,0.0,0.0,0.0,0.0,2040.0,0.0,11,1,0.5608170844939647,11.604596790351025,701.0,0.0,0.0,30.000000000000075,15.0,2
456.0,5.0,0.4175516275578252,0.0,0.0,0.0,0.0,0.0,0.0,0.0,0.0,0.0,0.0,99.95238095238096,0.0,0.0,0.0,0.0,306.0,1636.0,32.0,12,1,0.5608170844939647,125.67683424826798,644.0,0.0,0.0,0.0,0.0,2
10.0,2.0,0.5004024235361879,0.0,0.0,0.0,0.0,0.0,0.0,0.0,0.0,0.0,0.0,85.8,0.0,0.0,0.0,0.0,0.0,1362.0,0.0,13,1,0.5608170844939647,346.6924669886362,296.5,0.0,0.0,0.0,0.0,2
428.0,7.0,1.252492470143741,0.0,0.0,0.0,0.0,0.0,0.0,0.0,0.0,0.0,0.0,79.41176470588235,18.0,0.0,0.0,0.0,1908.0,1362.0,32.0,14,1,0.5608170844939647,208.99999999999991,114.5,0.0,0.0,0.0,0.0,2
706.0,3.0,0.3782752795291113,0.0,0.0,0.0,0.0,0.0,0.0,0.0,0.0,0.0,32.0,63.2,0.0,0.0,0.0,0.0,62.0,3628.0,14.0,15,1,0.5608170844939647,329.8944275572616,463.5,0.0,0.0,0.0,0.0,2
318.0,7.0,0.5705356783080511,0.0,0.0,0.0,0.0,0.0,0.0,0.0,0.0,0.0,0.0,81.375,0.0,0.0,0.0,0.0,382.0,3310.0,62.0,16,1,0.5608170844939647,195.00683748696252,610.5,0.0,0.0,0.0,0.0,2
450.0,4.0,0.4002751234185467,0.0,0.0,0.0,68.0,0.0,0.0,0.0,0.0,0.0,0.0,87.25,0.0,0.0,0.0,0.0,222.0,5190.0,38.0,17,1,0.5608170844939647,167.07184083501318,471.5,0.0,0.0,32.22835190739159,21.0,2
440.0,2.0,0.6474466390326326,0.0,0.0,0.0,0.0,0.0,0.0,0.0,0.0,0.0,36.0,71.8,0.0,0.0,0.0,0.0,30.0,1026.0,0.0,18,1,0.5608170844939647,142.35167719419383,504.0,0.0,0.0,32.22835190739159,21.0,2
690.0,1.0,-1.000088900581841e-12,0.0,0.0,0.0,0.0,0.0,0.0,0.0,0.0,0.0,0.0,99.33333333333331,0.0,0.0,0.0,0.0,0.0,0.0,0.0,19,1,0.5608170844939647,134.6055967137572,641.0,0.0,0.0,0.0,0.0,2
700.0,6.0,1.3599643040755105,0.0,0.0,0.0,0.0,0.0,0.0,0.0,0.0,0.0,0.0,98.33333333333331,0.0,0.0,0.0,0.0,138.0,3106.0,16.0,20,1,0.5608170844939647,84.1348124539815,661.0,0.0,0.0,0.0,0.0,2
718.0,6.0,0.8738867905295975,0.0,0.0,0.0,28.0,0.0,0.0,0.0,0.0,0.0,0.0,82.86666666666666,0.0,0.0,0.0,0.0,80.0,1608.0,0.0,21,0,0.5608170844939647,82.80700453464051,657.5,0.0,0.0,14.000000000000174,7.0,2
654.0,3.0,0.7870930545402778,0.0,0.0,0.0,0.0,0.0,0.0,0.0,0.0,0.0,0.0,70.37931034482759,0.0,0.0,0.0,0.0,76.0,2434.0,12.0,22,0,0.5608170844939647,26.901053263146416,680.5,0.0,0.0,14.000000000000174,7.0,2
304.0,3.0,0.0791746385114451,0.0,0.0,0.0,0.0,0.0,0.0,0.0,0.0,0.0,0.0,48.42857142857143,0.0,0.0,0.0,0.0,0.0,1718.0,0.0,23,0,0.5608170844939647,190.42758903758312,587.0,0.0,0.0,0.0,0.0,2
102.0,5.0,0.97164331254167,0.0,0.0,0.0,0.0,0.0,0.0,0.0,0.0,0.0,0.0,15.5,0.0,0.0,0.0,0.0,116.0,6164.0,14.0,0,0,0.5608170844939647,313.6983689257352,283.0,0.0,0.0,14.000000000000174,7.0,2
718.0,1.0,-1.000088900581841e-12,0.0,0.0,0.0,0.0,0.0,0.0,0.0,0.0,0.0,0.0,29.13793103448276,0.0,0.0,0.0,0.0,0.0,0.0,0.0,1,0,0.5608170844939647,382.3310084207139,385.5,0.0,0.0,15.609825965290945,13.5,1
0.0,0.0,0.0,0.0,0.0,0.0,0.0,0.0,0.0,0.0,0.0,0.0,0.0,84.7,0.0,0.0,0.0,0.0,0.0,0.0,0.0,2,0,0.5608170844939647,354.1468621913796,531.0,0.0,0.0,13.000000000000185,6.5,1
718.0,1.0,-1.000088900581841e-12,0.0,0.0,0.0,0.0,0.0,0.0,0.0,0.0,0.0,0.0,100.0,0.0,0.0,0.0,0.0,0.0,0.0,0.0,3,0,0.5608170844939647,339.1140417814239,438.5,0.0,0.0,0.0,0.0,1
0.0,0.0,0.0,0.0,0.0,0.0,0.0,0.0,0.0,0.0,0.0,0.0,0.0,100.0,0.0,0.0,0.0,0.0,0.0,0.0,0.0,4,0,0.5608170844939647,293.4138147168034,358.5,0.0,0.0,0.0,0.0,1
0.0,0.0,0.0,0.0,0.0,0.0,0.0,0.0,0.0,0.0,0.0,0.0,0.0,100.0,0.0,0.0,0.0,0.0,0.0,0.0,0.0,5,0,0.5608170844939647,186.99999999999991,93.5,0.0,0.0,0.0,0.0,1
0.0,0.0,0.0,0.0,0.0,0.0,0.0,0.0,0.0,0.0,0.0,0.0,0.0,100.0,0.0,0.0,0.0,0.0,0.0,0.0,0.0,6,0,0.5608170844939647,0.0,0.0,0.0,0.0,0.0,0.0,1
360.0,2.0,0.4593923901942496,0.0,0.0,0.0,0.0,0.0,0.0,0.0,0.0,0.0,0.0,100.0,0.0,0.0,0.0,0.0,44.0,0.0,0.0,7,0,0.5608170844939647,179.99999999999991,90.0,0.0,0.0,0.0,0.0,1
718.0,1.0,-1.000088900581841e-12,0.0,0.0,0.0,0.0,0.0,0.0,0.0,0.0,0.0,0.0,100.0,0.0,0.0,0.0,0.0,0.0,0.0,0.0,8,1,0.5608170844939647,343.10882627333655,448.5,0.0,0.0,0.0,0.0,2
0.0,0.0,0.0,0.0,0.0,0.0,0.0,0.0,0.0,0.0,0.0,0.0,0.0,100.0,0.0,0.0,0.0,0.0,0.0,0.0,0.0,9,1,0.5608170844939647,338.7132513892343,467.0,0.0,0.0,0.0,0.0,2
690.0,8.0,1.5287787211613022,0.0,0.0,0.0,0.0,0.0,0.0,0.0,0.0,0.0,0.0,89.36666666666666,0.0,0.0,0.0,0.0,258.0,4638.0,30.0,10,1,0.5608170844939647,290.38135844666976,403.0,0.0,0.0,0.0,0.0,2
414.0,7.0,1.7262753523944545,0.0,0.0,0.0,0.0,0.0,0.0,0.0,0.0,0.0,0.0,71.78947368421052,0.0,0.0,0.0,0.0,500.0,8528.0,72.0,11,1,0.5608170844939647,117.40528097151322,524.0,0.0,0.0,11.00000000000022,5.5,2
104.0,3.0,0.8653649791597,0.0,0.0,0.0,28.0,0.0,0.0,0.0,0.0,0.0,0.0,67.8,0.0,0.0,0.0,0.0,104.0,62.0,8.0,12,1,0.5608170844939647,248.98995963692985,431.0,0.0,0.0,16.763054614240346,22.5,2
620.0,6.0,1.1855200470823055,0.0,0.0,0.0,0.0,0.0,0.0,0.0,0.0,0.0,0.0,77.26923076923077,0.0,0.0,0.0,0.0,38.0,1264.0,4.0,21,0,0.5608170844939647,336.2598201787817,339.0,0.0,0.0,6.608075867200045,4.5,2
