654.0,9.0,1.1866039414599552,0.0,0.0,0.0,0.0,0.0,68.0,9.0,1.9874933897944584,0.0,0.0,20.24137931034483,0.0,0.0,0.0,0.0,66.0,10086.0,16.0,10,1,0.5525394045534151,326.6680272080511,164.0,0.0,0.0,0.0,0.0,3
718.0,4.0,0.7802761962332225,0.0,0.0,0.0,0.0,0.0,110.0,4.0,0.9702386739763348,0.0,0.0,15.8,0.0,0.0,0.0,0.0,0.0,12364.0,0.0,11,1,0.5525394045534151,396.9231663685052,343.0,0.0,0.0,0.0,0.0,3
696.0,14.0,1.4666903611085758,0.0,0.0,0.0,0.0,0.0,2740.0,10.0,0.3057814236801879,0.0,36.0,14.357142857142858,0.0,0.0,0.0,0.0,128.0,6066.0,10.0,11,1,0.5525394045534151,345.6877203488721,517.0,0.0,0.0,0.0,0.0,3
718.0,5.0,0.9651921221677784,0.0,0.0,0.0,0.0,0.0,72.0,4.0,1.1756286420596591,0.0,0.0,59.96666666666667,0.0,0.0,0.0,0.0,70.0,6324.0,18.0,12,1,0.5525394045534151,30.1717306983431,696.5,0.0,0.0,0.0,0.0,2
712.0,8.0,1.265350781426077,0.0,0.0,0.0,0.0,0.0,146.0,7.0,1.4564144278474458,0.0,0.0,89.39285714285714,0.0,0.0,0.0,0.0,76.0,9028.0,12.0,12,1,0.5525394045534151,10.39230484541359,711.0,0.0,0.0,0.0,0.0,3
260.0,3.0,0.2657850763453092,0.0,0.0,0.0,0.0,0.0,36.0,4.0,1.276257364232179,0.0,0.0,89.14285714285714,0.0,0.0,0.0,0.0,216.0,218.0,36.0,13,1,0.5525394045534151,224.5254254347749,596.5,0.0,0.0,0.0,0.0,3
390.0,4.0,0.9173242336507388,0.0,0.0,0.0,0.0,0.0,44.0,2.0,0.625491359723573,0.0,0.0,88.29629629629629,0.0,0.0,0.0,0.0,324.0,3872.0,68.0,13,1,0.5525394045534151,231.3496632084574,520.0,0.0,0.0,0.0,0.0,3
54.0,1.0,-1.000088900581841e-12,0.0,0.0,0.0,0.0,0.0,0.0,0.0,0.0,0.0,0.0,87.0,0.0,0.0,0.0,0.0,0.0,0.0,0.0,14,1,0.5525394045534151,275.85986780731025,354.0,0.0,0.0,0.0,0.0,3
376.0,4.0,0.9332324081898526,0.0,0.0,0.0,0.0,0.0,112.0,2.0,0.410116318286409,0.0,0.0,85.64285714285714,0.0,0.0,0.0,0.0,258.0,2598.0,26.0,14,1,0.5525394045534151,155.34048624446453,270.0,0.0,0.0,0.0,0.0,3
170.0,1.0,-1.000088900581841e-12,0.0,0.0,0.0,0.0,0.0,0.0,0.0,0.0,0.0,0.0,84.8076923076923,0.0,0.0,0.0,0.0,0.0,0.0,0.0,15,1,0.5525394045534151,163.5715949260955,247.5,0.0,0.0,0.0,0.0,3
84.0,1.0,-1.000088900581841e-12,0.0,0.0,0.0,0.0,0.0,0.0,0.0,0.0,0.0,0.0,84.0,16.0,0.0,0.0,0.0,0.0,0.0,0.0,15,1,0.5525394045534151,145.24003121270206,171.0,0.0,0.0,0.0,0.0,3
246.0,5.0,0.5798452566759205,0.0,0.0,0.0,0.0,0.0,44.0,2.0,0.6554817738993928,0.0,0.0,82.92857142857143,0.0,0.0,0.0,0.0,170.0,1160.0,38.0,16,1,0.5525394045534151,123.83322117536422,219.0,0.0,0.0,0.0,0.0,3
298.0,5.0,0.7571808955209519,0.0,0.0,0.0,0.0,0.0,56.0,2.0,0.6700089798254272,0.0,0.0,81.75,0.0,0.0,0.0,0.0,530.0,2156.0,72.0,16,1,0.5525394045534151,93.22910847298,199.5,0.0,0.0,0.0,0.0,3
558.0,8.0,1.835476544521022,0.0,0.0,0.0,0.0,0.0,88.0,6.0,1.63772007635778,0.0,0.0,72.65517241379311,0.0,0.0,0.0,0.0,84.0,3332.0,0.0,19,1,0.5525394045534151,152.51120177438335,346.5,0.0,0.0,0.0,0.0,2
80.0,1.0,-1.000088900581841e-12,0.0,0.0,0.0,0.0,0.0,40.0,3.0,0.926506603286533,0.0,0.0,70.84615384615384,0.0,0.0,0.0,0.0,188.0,0.0,26.0,19,1,0.5525394045534151,196.8078589216735,316.0,0.0,0.0,0.0,0.0,2
408.0,5.0,1.2827379381040018,0.0,0.0,0.0,0.0,0.0,50.0,4.0,1.2040069190064948,0.0,0.0,68.79166666666667,0.0,0.0,0.0,0.0,382.0,6050.0,40.0,20,1,0.5525394045534151,199.61546366284688,347.5,0.0,0.0,0.0,0.0,2
152.0,3.0,0.7342105312105804,0.0,0.0,0.0,0.0,0.0,32.0,2.0,0.3767701612544368,0.0,0.0,67.8125,0.0,0.0,0.0,0.0,206.0,2500.0,18.0,20,1,0.5525394045534151,222.509175840758,299.5,0.0,0.0,0.0,0.0,3
416.0,7.0,0.9123978887440328,0.0,0.0,0.0,0.0,0.0,80.0,3.0,0.6116510622989808,0.0,0.0,65.52173913043478,0.0,0.0,0.0,0.0,0.0,13232.0,0.0,21,0,0.5525394045534151,173.43586710943043,264.0,0.0,0.0,0.0,0.0,3
238.0,4.0,1.0806255185143168,0.0,0.0,0.0,0.0,0.0,234.0,4.0,0.7690658418590639,0.0,0.0,63.80952380952381,0.0,0.0,0.0,0.0,402.0,1926.0,24.0,21,0,0.5525394045534151,130.15247468514255,303.5,0.0,0.0,0.0,0.0,2
638.0,5.0,0.4378558993644086,0.0,0.0,0.0,0.0,0.0,644.0,4.0,0.4167014309377322,0.0,0.0,61.285714285714285,0.0,0.0,0.0,0.0,214.0,10232.0,34.0,22,0,0.5525394045534151,214.91393626286785,361.0,0.0,0.0,0.0,0.0,2
562.0,3.0,0.1886955621646361,0.0,0.0,0.0,0.0,0.0,156.0,2.0,0.6901856760168041,0.0,0.0,59.03333333333333,0.0,0.0,0.0,0.0,1670.0,5662.0,174.0,22,0,0.5525394045534151,176.3131683492,463.5,0.0,0.0,0.0,0.0,2
286.0,2.0,0.3918008908230336,0.0,0.0,0.0,0.0,0.0,4.0,1.0,-1.000088900581841e-12,0.0,0.0,57.06896551724138,0.0,0.0,0.0,0.0,0.0,534.0,0.0,23,0,0.5525394045534151,198.56485086741813,431.0,0.0,0.0,0.0,0.0,2
172.0,1.0,-1.000088900581841e-12,0.0,0.0,0.0,0.0,0.0,0.0,0.0,0.0,0.0,0.0,56.15384615384615,0.0,0.0,0.0,0.0,0.0,0.0,0.0,23,0,0.5525394045534151,221.3797642062165,414.5,0.0,0.0,0.0,0.0,2
324.0,3.0,0.5474214281560505,0.0,0.0,0.0,0.0,0.0,12.0,1.0,-1.000088900581841e-12,0.0,36.0,55.51851851851852,0.0,0.0,0.0,0.0,430.0,1748.0,42.0,0,0,0.5525394045534151,163.92681293796937,336.0,0.0,0.0,0.0,0.0,2
486.0,7.0,0.989467955327882,0.0,0.0,0.0,0.0,0.0,228.0,2.0,0.2761909224050751,0.0,0.0,57.84615384615385,0.0,0.0,0.0,0.0,0.0,6390.0,0.0,0,0,0.5525394045534151,129.86659822037893,317.0,0.0,0.0,0.0,0.0,3
716.0,5.0,0.7544028171550738,0.0,0.0,0.0,0.0,0.0,50.0,4.0,1.0353266957665894,0.0,0.0,41.06896551724138,0.0,0.0,0.0,0.0,0.0,16060.0,0.0,9,1,0.5525394045534151,330.3392195910138,225.0,0.0,0.0,0.0,0.0,3
718.0,9.0,0.9927148723526036,0.0,0.0,0.0,0.0,0.0,138.0,4.0,1.0460745030276724,0.0,0.0,36.7,0.0,0.0,0.0,0.0,0.0,16176.0,0.0,9,1,0.5525394045534151,360.9778386549512,404.5,0.0,0.0,0.0,0.0,2
718.0,6.0,0.6725017022248124,0.0,0.0,0.0,0.0,0.0,174.0,5.0,1.2269214244964044,0.0,0.0,32.1,0.0,0.0,0.0,0.0,0.0,28018.0,0.0,10,1,0.5525394045534151,318.668061363754,558.0,0.0,0.0,0.0,0.0,2
718.0,3.0,0.2796308611099861,0.0,0.0,0.0,0.0,0.0,74.0,3.0,0.9603442950933396,0.0,0.0,27.566666666666663,0.0,0.0,0.0,0.0,0.0,33128.0,0.0,10,1,0.5525394045534151,0.999999999983828,717.5,0.0,0.0,0.0,0.0,2
718.0,6.0,0.5759134892818558,0.0,0.0,0.0,0.0,0.0,160.0,4.0,0.83787751817212,0.0,0.0,23.03333333333333,0.0,0.0,0.0,0.0,370.0,23234.0,36.0,11,1,0.5525394045534151,0.0,718.0,0.0,0.0,0.0,0.0,2
680.0,6.0,1.4624065997389517,0.0,0.0,0.0,0.0,0.0,112.0,5.0,1.302302619032623,0.0,50.0,25.20689655172414,0.0,0.0,0.0,0.0,372.0,18618.0,42.0,11,1,0.5525394045534151,18.999999999999147,708.5,0.0,0.0,0.0,0.0,2
676.0,4.0,0.3320594003653472,0.0,0.0,0.0,0.0,0.0,204.0,5.0,1.5070089543377678,0.0,80.0,45.86666666666667,0.0,0.0,0.0,0.0,644.0,11262.0,74.0,12,1,0.5525394045534151,23.15167380557976,698.0,0.0,0.0,0.0,0.0,2
658.0,10.0,1.341419633223483,0.0,0.0,0.0,0.0,0.0,478.0,6.0,1.3415676189197003,0.0,76.0,79.48275862068965,0.0,0.0,0.0,0.0,516.0,15754.0,58.0,12,1,0.5525394045534151,25.21904042583636,683.0,0.0,0.0,0.0,0.0,2
350.0,3.0,1.0250576137557352,0.0,0.0,0.0,0.0,0.0,62.0,3.0,1.0676208772538147,0.0,0.0,87.37931034482759,0.0,0.0,0.0,0.0,262.0,6186.0,30.0,13,1,0.5525394045534151,160.95133840180796,591.0,0.0,0.0,0.0,0.0,2
500.0,4.0,0.946942901416661,0.0,0.0,0.0,0.0,0.0,246.0,4.0,0.6536704207878403,0.0,0.0,85.6896551724138,0.0,0.0,0.0,0.0,638.0,14524.0,52.0,13,1,0.5525394045534151,152.7263347734545,546.0,0.0,0.0,0.0,0.0,3
668.0,4.0,0.6305170304644772,0.0,0.0,0.0,0.0,0.0,16.0,2.0,0.5623351446168083,0.0,0.0,80.75862068965517,0.0,0.0,0.0,0.0,128.0,23692.0,18.0,14,1,0.5525394045534151,150.49252473129678,544.0,0.0,0.0,0.0,0.0,3
348.0,4.0,0.6667682127682815,0.0,0.0,0.0,0.0,0.0,48.0,2.0,0.4505612088643047,0.0,0.0,58.58620689655172,0.0,0.0,0.0,0.0,272.0,9240.0,6.0,16,1,0.5525394045534151,179.35439777156276,520.0,0.0,0.0,0.0,0.0,3
532.0,7.0,1.4935965901949846,0.0,0.0,0.0,0.0,0.0,170.0,3.0,0.8867818844005768,0.0,0.0,54.89655172413793,0.0,0.0,0.0,0.0,708.0,10966.0,72.0,17,1,0.5525394045534151,167.0488950377502,497.0,0.0,0.0,0.0,0.0,3
430.0,3.0,0.4070298656909922,0.0,0.0,0.0,0.0,0.0,56.0,4.0,1.1952684170829837,0.0,126.0,47.03703703703704,0.0,0.0,0.0,0.0,1190.0,1256.0,90.0,20,1,0.5525394045534151,74.05403432629416,375.0,0.0,0.0,0.0,0.0,3
718.0,2.0,0.0344701086632955,0.0,0.0,0.0,0.0,0.0,32.0,1.0,-1.000088900581841e-12,0.0,0.0,85.16666666666667,0.0,0.0,0.0,0.0,0.0,31020.0,0.0,22,0,0.5525394045534151,306.8941185490526,368.0,0.0,0.0,0.0,0.0,2
714.0,4.0,0.2278167795918137,0.0,0.0,0.0,0.0,0.0,20.0,2.0,0.6730116670072565,0.0,0.0,81.13793103448276,0.0,0.0,0.0,0.0,146.0,27976.0,6.0,23,0,0.5525394045534151,296.31739739677784,513.0,0.0,0.0,0.0,0.0,2
460.0,7.0,1.4922067837763997,0.0,0.0,0.0,0.0,0.0,88.0,4.0,1.2639119752923416,0.0,0.0,78.10344827586206,0.0,0.0,0.0,0.0,310.0,10426.0,28.0,23,0,0.5525394045534151,130.38404810405285,606.0,0.0,0.0,0.0,0.0,3
392.0,3.0,0.826681693804888,0.0,0.0,0.0,0.0,0.0,100.0,3.0,0.4433066914650871,0.0,0.0,74.39285714285714,0.0,0.0,0.0,0.0,106.0,4576.0,0.0,0,0,0.5525394045534151,169.7252682032544,571.0,0.0,0.0,0.0,0.0,3
716.0,4.0,0.5662587212901178,0.0,0.0,0.0,0.0,0.0,86.0,3.0,0.8257906402480563,0.0,0.0,51.03333333333333,0.0,0.0,32.0,0.0,0.0,21446.0,0.0,8,1,0.5525394045534151,246.66846846188776,594.0,0.0,0.0,0.0,0.0,3
720.0,1.0,-1.000088900581841e-12,0.0,0.0,0.0,0.0,0.0,36.0,3.0,0.8486855577234171,0.0,0.0,47.2,0.0,0.0,0.0,0.0,0.0,21674.0,0.0,9,1,0.5525394045534151,1.6329931618485134,718.0,0.0,0.0,0.0,0.0,2
718.0,6.0,0.8310929221974803,0.0,0.0,0.0,0.0,0.0,108.0,5.0,1.2509507464614196,0.0,0.0,43.2,0.0,42.0,0.0,40.0,0.0,28416.0,0.0,9,1,0.5525394045534151,1.6329931618485134,718.0,0.0,0.0,0.0,0.0,2
478.0,3.0,0.7980197169594373,0.0,0.0,0.0,0.0,0.0,130.0,3.0,0.8353822421814233,0.0,0.0,39.62068965517241,0.0,0.0,0.0,0.0,1000.0,9088.0,106.0,10,1,0.5525394045534151,120.01111059675534,658.0,0.0,0.0,0.0,0.0,3
604.0,6.0,1.1659264461920142,0.0,0.0,0.0,0.0,0.0,210.0,6.0,1.480468673919689,0.0,0.0,36.56666666666667,0.0,0.0,0.0,0.0,432.0,15912.0,102.0,10,1,0.5525394045534151,114.92606318846904,630.0,0.0,0.0,0.0,0.0,3
680.0,3.0,0.5149401337989719,0.0,0.0,0.0,0.0,0.0,114.0,4.0,1.19794123045121,0.0,106.0,32.8,0.0,0.0,0.0,0.0,534.0,21428.0,118.0,11,1,0.5525394045534151,105.86784214292828,620.0,0.0,0.0,0.0,0.0,3
704.0,4.0,0.4586715346989569,0.0,0.0,0.0,0.0,0.0,844.0,4.0,0.364362146867262,0.0,0.0,66.13793103448276,0.0,0.0,0.0,0.0,92.0,978.0,30.0,11,1,0.5525394045534151,101.69726315557028,616.5,0.0,0.0,0.0,0.0,3
338.0,4.0,0.9034466304846474,0.0,0.0,0.0,0.0,0.0,42.0,2.0,0.6365141682928128,0.0,0.0,90.84,0.0,0.0,0.0,0.0,242.0,3214.0,46.0,12,1,0.5525394045534151,167.8362297002646,581.5,0.0,0.0,0.0,0.0,3
86.0,1.0,-1.000088900581841e-12,0.0,0.0,0.0,0.0,0.0,0.0,0.0,0.0,0.0,0.0,90.3076923076923,0.0,0.0,0.0,0.0,0.0,0.0,0.0,12,1,0.5525394045534151,295.77018105278967,452.0,0.0,0.0,0.0,0.0,3
254.0,2.0,0.6893914689061723,0.0,0.0,0.0,0.0,0.0,124.0,2.0,0.4418033480080161,0.0,0.0,89.70833333333333,0.0,0.0,0.0,0.0,560.0,2250.0,82.0,13,1,0.5525394045534151,260.954018938203,345.5,0.0,0.0,0.0,0.0,3
348.0,5.0,0.9759528873275836,0.0,0.0,0.0,0.0,0.0,38.0,2.0,0.6581099875411144,0.0,0.0,87.96,0.0,0.0,0.0,0.0,616.0,4490.0,54.0,13,1,0.5525394045534151,121.23118410706044,256.5,0.0,0.0,0.0,0.0,3
224.0,2.0,0.410116318286409,0.0,0.0,0.0,0.0,0.0,60.0,2.0,0.5799151714161009,0.0,0.0,80.42857142857143,0.0,0.0,0.0,0.0,222.0,890.0,76.0,16,1,0.5525394045534151,57.07013229352093,262.5,0.0,0.0,0.0,0.0,3
294.0,4.0,0.5219839160059171,0.0,0.0,0.0,0.0,0.0,78.0,3.0,0.7796218422686849,0.0,0.0,79.3103448275862,0.0,0.0,0.0,0.0,372.0,1738.0,64.0,16,1,0.5525394045534151,51.078371156488345,280.5,0.0,0.0,0.0,0.0,3
338.0,5.0,1.274510301876353,0.0,0.0,0.0,0.0,0.0,24.0,2.0,0.2868359830541607,0.0,0.0,66.73076923076923,0.0,0.0,0.0,0.0,550.0,5604.0,68.0,20,1,0.5525394045534151,32.55252166371517,344.5,0.0,0.0,0.0,0.0,3
342.0,5.0,1.095220573796445,0.0,0.0,0.0,0.0,0.0,226.0,2.0,0.0889440425440664,0.0,0.0,64.42857142857143,0.0,0.0,0.0,0.0,142.0,25764.0,34.0,20,1,0.5525394045534151,21.4398383078475,334.5,0.0,0.0,0.0,0.0,3
456.0,9.0,1.5407972038697588,0.0,0.0,0.0,0.0,0.0,410.0,6.0,1.1358451073854838,0.0,0.0,61.310344827586206,0.0,0.0,0.0,0.0,746.0,6738.0,112.0,21,0,0.5525394045534151,56.080299571239614,372.5,0.0,0.0,0.0,0.0,3
314.0,3.0,0.7877512090659403,0.0,0.0,0.0,0.0,0.0,54.0,2.0,0.6365141682928128,0.0,0.0,59.42857142857143,0.0,0.0,0.0,0.0,610.0,3454.0,82.0,21,0,0.5525394045534151,63.547882209663854,362.5,0.0,0.0,0.0,0.0,3
678.0,4.0,0.7871859625808588,0.0,0.0,0.0,0.0,0.0,338.0,3.0,0.705870110066591,0.0,0.0,56.3,0.0,0.0,0.0,0.0,124.0,49080.0,20.0,22,0,0.5525394045534151,165.48413821269995,447.5,0.0,0.0,0.0,0.0,3
504.0,2.0,0.0462881199432268,0.0,0.0,0.0,0.0,0.0,118.0,2.0,0.6814670462994058,0.0,0.0,52.96551724137931,0.0,0.0,0.0,0.0,922.0,10068.0,172.0,22,0,0.5525394045534151,150.17323330074495,488.0,0.0,0.0,0.0,0.0,3
326.0,5.0,1.1599576082828034,0.0,0.0,0.0,0.0,0.0,124.0,3.0,1.0888619661792167,0.0,0.0,51.0,0.0,0.0,0.0,0.0,620.0,6380.0,136.0,23,0,0.5525394045534151,171.90210392352188,455.5,0.0,0.0,0.0,0.0,3
630.0,5.0,0.5253652795830995,0.0,0.0,0.0,0.0,0.0,412.0,2.0,0.2483328967295826,0.0,0.0,48.23333333333333,0.0,0.0,0.0,0.0,498.0,40044.0,84.0,23,0,0.5525394045534151,157.17824276915678,534.5,0.0,0.0,0.0,0.0,2
544.0,7.0,1.3807580048950618,0.0,0.0,0.0,0.0,0.0,36.0,3.0,0.8486855577234171,0.0,0.0,45.172413793103445,0.0,0.0,0.0,0.0,276.0,8390.0,28.0,0,0,0.5525394045534151,127.96353647296031,501.0,0.0,0.0,0.0,0.0,3
662.0,5.0,1.2606717369567502,0.0,0.0,0.0,0.0,0.0,16.0,2.0,0.5623351446168083,0.0,0.0,40.57142857142857,0.0,0.0,0.0,0.0,138.0,10574.0,0.0,0,0,0.5525394045534151,151.43205296986054,540.5,0.0,0.0,0.0,0.0,2
702.0,7.0,1.0490369688311334,0.0,0.0,0.0,0.0,0.0,268.0,5.0,0.9141129435885812,0.0,76.0,17.862068965517242,0.0,0.0,0.0,0.0,430.0,10942.0,48.0,9,1,0.5525394045534151,337.8165182462219,496.0,0.0,0.0,0.0,0.0,3
690.0,5.0,0.6507889990699335,0.0,0.0,0.0,0.0,0.0,52.0,4.0,1.1424448160368434,0.0,124.0,59.46666666666667,0.0,0.0,0.0,0.0,1212.0,3676.0,90.0,9,1,0.5525394045534151,70.60453243241518,668.5,0.0,0.0,0.0,0.0,3
416.0,5.0,0.7671513756480244,0.0,0.0,0.0,0.0,0.0,54.0,2.0,0.6365141682928128,0.0,0.0,79.0,0.0,0.0,0.0,0.0,758.0,5114.0,100.0,10,1,0.5525394045534151,144.12378938491256,631.5,0.0,0.0,0.0,0.0,3
538.0,4.0,0.5602943343239083,0.0,0.0,0.0,0.0,0.0,156.0,3.0,1.052259834682262,0.0,0.0,64.93333333333334,0.0,0.0,0.0,0.0,720.0,10768.0,124.0,12,1,0.5525394045534151,48.98979485566319,566.0,0.0,0.0,0.0,0.0,2
512.0,6.0,1.3110726457649466,0.0,0.0,0.0,0.0,0.0,258.0,4.0,0.7446003483446252,0.0,0.0,62.285714285714285,0.0,0.0,0.0,0.0,1034.0,1882.0,110.0,13,1,0.5525394045534151,51.70106381884191,546.5,0.0,0.0,0.0,0.0,2
394.0,5.0,1.3165733204560102,0.0,0.0,0.0,0.0,0.0,190.0,4.0,0.956832330198839,0.0,0.0,60.11111111111112,0.0,0.0,0.0,0.0,418.0,6196.0,40.0,13,1,0.5525394045534151,64.75337829024804,489.5,0.0,0.0,0.0,0.0,2
548.0,4.0,0.8056190191509287,0.0,0.0,0.0,0.0,0.0,134.0,3.0,0.9819291660628804,0.0,0.0,56.06896551724138,0.0,0.0,0.0,0.0,896.0,11844.0,114.0,14,1,0.5525394045534151,70.97417370659062,498.0,0.0,0.0,0.0,0.0,3
712.0,5.0,0.702114577953302,0.0,0.0,0.0,0.0,0.0,90.0,3.0,0.6063436633467187,0.0,0.0,48.73333333333333,0.0,0.0,0.0,0.0,132.0,4954.0,28.0,16,1,0.5525394045534151,226.8450278641051,372.0,0.0,0.0,0.0,0.0,3
450.0,2.0,0.3201726345607944,0.0,0.0,0.0,0.0,0.0,72.0,3.0,0.7972478228975859,0.0,0.0,45.72413793103448,0.0,0.0,0.0,0.0,774.0,8934.0,126.0,16,1,0.5525394045534151,217.52854218852897,417.0,0.0,0.0,0.0,0.0,3
240.0,2.0,0.3250829733894482,0.0,0.0,0.0,0.0,0.0,196.0,4.0,1.0069400112455296,0.0,0.0,44.5,0.0,0.0,0.0,0.0,956.0,4860.0,72.0,17,1,0.5525394045534151,219.6269564511605,415.0,0.0,0.0,0.0,0.0,3
512.0,6.0,1.1709149201531923,0.0,0.0,0.0,0.0,0.0,142.0,4.0,1.211592711305992,0.0,0.0,42.172413793103445,0.0,0.0,0.0,0.0,1210.0,6460.0,182.0,17,1,0.5525394045534151,194.3699222273514,478.5,0.0,0.0,0.0,0.0,3
712.0,4.0,0.5593919099080089,0.0,0.0,0.0,0.0,0.0,256.0,4.0,0.4997809741378011,0.0,210.0,59.3448275862069,0.0,0.0,0.0,0.0,272.0,4200.0,52.0,18,1,0.5525394045534151,194.3699222273514,478.5,0.0,0.0,0.0,0.0,3
196.0,2.0,0.1705298564455115,0.0,0.0,0.0,0.0,0.0,38.0,2.0,0.5146531654269293,0.0,0.0,88.26666666666667,0.0,0.0,0.0,0.0,170.0,556.0,22.0,18,1,0.5525394045534151,242.35236055517723,415.0,0.0,0.0,0.0,0.0,2
316.0,3.0,0.2116439591661347,0.0,0.0,0.0,0.0,0.0,56.0,2.0,0.5982695885832573,0.0,0.0,88.82142857142857,0.0,0.0,0.0,0.0,344.0,1928.0,52.0,19,1,0.5525394045534151,226.52152215628425,434.0,0.0,0.0,0.0,0.0,3
176.0,1.0,-1.000088900581841e-12,0.0,0.0,0.0,0.0,0.0,0.0,0.0,0.0,0.0,0.0,87.62962962962963,0.0,0.0,0.0,0.0,0.0,0.0,0.0,19,1,0.5525394045534151,249.12647390432028,350.0,0.0,0.0,0.0,0.0,3
268.0,3.0,0.7886973786972957,0.0,0.0,0.0,0.0,0.0,46.0,2.0,0.6145033203087282,0.0,0.0,87.0,0.0,0.0,0.0,0.0,466.0,934.0,46.0,20,1,0.5525394045534151,64.77653896280634,239.0,0.0,0.0,0.0,0.0,3
154.0,1.0,-1.000088900581841e-12,0.0,0.0,0.0,0.0,0.0,0.0,0.0,0.0,0.0,0.0,86.05555555555556,0.0,0.0,0.0,0.0,142.0,0.0,0.0,20,1,0.5525394045534151,76.42643521714177,228.5,0.0,0.0,0.0,0.0,3
100.0,3.0,0.8181412948460389,0.0,0.0,0.0,0.0,0.0,16.0,2.0,0.6931471805579453,0.0,0.0,85.5625,0.0,0.0,0.0,0.0,140.0,1268.0,34.0,21,0,0.5525394045534151,70.03570517957229,174.5,0.0,0.0,0.0,0.0,3
570.0,3.0,0.2769053560916164,0.0,0.0,0.0,0.0,0.0,78.0,2.0,0.6928184134291289,0.0,0.0,83.89655172413794,0.0,0.0,0.0,0.0,926.0,6830.0,128.0,21,0,0.5525394045534151,210.0190467552883,273.0,0.0,0.0,0.0,0.0,2
550.0,2.0,0.1315677372052792,0.0,0.0,0.0,0.0,0.0,94.0,2.0,0.6655035440114903,0.0,0.0,81.93103448275862,0.0,0.0,0.0,0.0,1112.0,12286.0,174.0,22,0,0.5525394045534151,251.09559932424136,343.5,0.0,0.0,0.0,0.0,3
556.0,1.0,-1.000088900581841e-12,0.0,0.0,0.0,0.0,0.0,74.0,2.0,0.6927819059856479,0.0,0.0,79.6,0.0,0.0,0.0,0.0,886.0,8488.0,46.0,22,0,0.5525394045534151,229.486383038297,444.0,0.0,0.0,0.0,0.0,2
590.0,2.0,0.0993554591179513,0.0,0.0,0.0,0.0,0.0,48.0,2.0,0.6791932659895258,0.0,0.0,77.16666666666667,0.0,0.0,0.0,0.0,674.0,6854.0,102.0,23,0,0.5525394045534151,17.76701062831434,566.5,0.0,0.0,0.0,0.0,3
696.0,3.0,0.6987574304471909,0.0,0.0,0.0,0.0,0.0,138.0,3.0,1.0217278604915916,0.0,0.0,74.26666666666667,0.0,0.0,0.0,0.0,820.0,14458.0,138.0,23,0,0.5525394045534151,67.66584564362316,598.0,0.0,0.0,0.0,0.0,3
718.0,1.0,-1.000088900581841e-12,0.0,0.0,0.0,0.0,0.0,40.0,2.0,0.6931471805579453,0.0,0.0,71.03333333333333,0.0,0.0,0.0,0.0,320.0,3130.0,42.0,0,0,0.5525394045534151,79.1117353283736,640.0,0.0,0.0,0.0,0.0,3
556.0,5.0,0.760257068074624,0.0,0.0,0.0,0.0,0.0,30.0,3.0,0.9276173343241816,0.0,0.0,69.07407407407408,0.0,0.0,0.0,0.0,720.0,14722.0,56.0,0,0,0.5525394045534151,79.1117353283736,640.0,0.0,0.0,0.0,0.0,3
258.0,5.0,0.6309896747910436,0.0,0.0,0.0,0.0,0.0,62.0,1.0,-1.000088900581841e-12,0.0,0.0,66.0,0.0,0.0,0.0,0.0,0.0,6490.0,0.0,1,0,0.5525394045534151,211.85214970194025,557.0,0.0,0.0,0.0,0.0,3
712.0,3.0,0.2345870910993465,0.0,0.0,0.0,0.0,0.0,434.0,4.0,0.6382599289981032,0.0,2.0,49.7,0.0,0.0,0.0,0.0,0.0,1772.0,0.0,10,1,0.5525394045534151,233.0951164939611,440.0,0.0,0.0,0.0,0.0,3
718.0,4.0,0.3873924458999035,0.0,0.0,0.0,0.0,0.0,244.0,4.0,0.3991299329272217,0.0,0.0,79.5,0.0,0.0,0.0,0.0,4.0,2446.0,4.0,11,1,0.5525394045534151,270.96555746687307,480.5,0.0,0.0,0.0,0.0,3
718.0,3.0,0.3321882465530666,0.0,0.0,0.0,0.0,0.0,44.0,3.0,0.9075352941020092,0.0,0.0,76.43333333333334,0.0,0.0,0.0,0.0,2.0,1498.0,2.0,11,1,0.5525394045534151,241.01659693888297,595.5,0.0,0.0,0.0,0.0,3
442.0,4.0,0.9724477578846432,0.0,0.0,0.0,0.0,0.0,86.0,4.0,1.246315400698601,0.0,0.0,73.11111111111111,0.0,0.0,0.0,0.0,14.0,1036.0,12.0,12,1,0.5525394045534151,137.0291939697522,647.5,0.0,0.0,0.0,0.0,3
578.0,5.0,1.062362507533047,0.0,0.0,0.0,0.0,0.0,140.0,4.0,1.2318125454684927,0.0,0.0,70.62962962962963,0.0,0.0,0.0,0.0,56.0,2072.0,22.0,12,1,0.5525394045534151,132.3026832683297,614.0,0.0,0.0,0.0,0.0,3
470.0,5.0,1.403420982022913,0.0,0.0,0.0,0.0,0.0,196.0,4.0,1.2742693733850807,0.0,0.0,67.67857142857143,0.0,0.0,0.0,0.0,54.0,1590.0,10.0,13,1,0.5525394045534151,125.2411008149214,552.0,0.0,0.0,0.0,0.0,3
260.0,6.0,0.8826086559188553,0.0,0.0,0.0,0.0,0.0,146.0,5.0,1.3173143021085605,0.0,0.0,65.03448275862068,0.0,0.0,0.0,0.0,56.0,254.0,16.0,13,1,0.5525394045534151,132.06437824031116,437.5,0.0,0.0,0.0,0.0,3
198.0,2.0,0.4423401531330533,0.0,0.0,0.0,0.0,0.0,6.0,1.0,-1.000088900581841e-12,0.0,0.0,57.4,0.0,0.0,0.0,0.0,20.0,50.0,2.0,16,1,0.5525394045534151,96.79531669111536,239.0,0.0,0.0,0.0,0.0,3
124.0,3.0,1.0676208772538147,0.0,0.0,0.0,0.0,0.0,6.0,1.0,-1.000088900581841e-12,0.0,0.0,56.4,0.0,0.0,0.0,0.0,10.0,212.0,6.0,16,1,0.5525394045534151,104.1841318691734,198.5,0.0,0.0,0.0,0.0,3
320.0,8.0,1.582674289528039,0.0,0.0,0.0,0.0,0.0,44.0,2.0,0.6890092384746587,0.0,0.0,54.86363636363637,0.0,0.0,0.0,0.0,40.0,660.0,12.0,17,1,0.5525394045534151,104.33919046392224,247.0,0.0,0.0,0.0,0.0,3
196.0,2.0,0.1705298564455115,0.0,0.0,0.0,0.0,0.0,78.0,2.0,0.5402041423868609,0.0,0.0,53.66666666666666,0.0,0.0,0.0,0.0,28.0,96.0,14.0,17,1,0.5525394045534151,81.31215571282466,209.5,0.0,0.0,0.0,0.0,3
694.0,6.0,1.2461099378976008,0.0,8.0,0.0,0.0,0.0,266.0,4.0,1.0002868841587902,0.0,0.0,50.56666666666667,0.0,0.0,0.0,0.0,34.0,1122.0,6.0,18,1,0.5525394045534151,253.600078864341,333.5,4.0,2.0,0.0,0.0,3
276.0,3.0,1.0218577814736385,0.0,0.0,0.0,0.0,0.0,68.0,2.0,0.6295012608743815,0.0,0.0,47.27586206896552,0.0,0.0,0.0,0.0,34.0,262.0,12.0,18,1,0.5525394045534151,221.04222824308167,371.5,4.0,2.0,0.0,0.0,3
240.0,4.0,0.9361784973863372,0.0,0.0,0.0,0.0,0.0,34.0,3.0,0.958691859322372,0.0,0.0,45.81481481481482,0.0,0.0,0.0,0.0,12.0,224.0,4.0,19,1,0.5525394045534151,230.66498072601595,351.5,4.0,2.0,0.0,0.0,3
200.0,1.0,-1.000088900581841e-12,0.0,0.0,0.0,0.0,0.0,0.0,0.0,0.0,0.0,0.0,44.851851851851855,0.0,0.0,0.0,0.0,14.0,0.0,0.0,19,1,0.5525394045534151,229.77307646168347,352.5,4.0,2.0,0.0,0.0,3
194.0,1.0,-1.000088900581841e-12,0.0,0.0,0.0,0.0,0.0,0.0,0.0,0.0,0.0,0.0,44.0,0.0,0.0,0.0,0.0,14.0,0.0,0.0,20,1,0.5525394045534151,38.24046722169214,227.5,0.0,0.0,0.0,0.0,3
436.0,5.0,1.1063847241131743,0.0,0.0,0.0,0.0,0.0,50.0,3.0,0.9978737678684716,0.0,0.0,42.5925925925926,0.0,0.0,0.0,0.0,114.0,1180.0,28.0,20,1,0.5525394045534151,114.17384405662553,267.5,0.0,0.0,0.0,0.0,3
720.0,1.0,-1.000088900581841e-12,0.0,0.0,0.0,0.0,0.0,30.0,2.0,0.6909233093118181,0.0,0.0,40.06666666666667,0.0,0.0,0.0,0.0,32.0,10.0,12.0,21,0,0.5525394045534151,248.66778373296896,387.5,0.0,0.0,0.0,0.0,3
592.0,2.0,0.530645082612334,0.0,0.0,0.0,0.0,0.0,84.0,2.0,0.5488743844829944,0.0,0.0,37.36666666666667,0.0,0.0,0.0,0.0,88.0,2964.0,16.0,21,0,0.5525394045534151,226.38830947437776,485.5,0.0,0.0,0.0,0.0,3
596.0,1.0,-1.000088900581841e-12,0.0,0.0,0.0,0.0,0.0,24.0,2.0,0.6365141682928128,0.0,16.0,37.41379310344828,0.0,0.0,0.0,0.0,44.0,4054.0,6.0,22,0,0.5525394045534151,116.32139384767808,586.0,0.0,0.0,0.0,0.0,3
720.0,5.0,0.7971418111462765,0.0,0.0,0.0,0.0,0.0,88.0,4.0,1.1209503926695834,0.0,0.0,69.66666666666667,0.0,0.0,0.0,0.0,0.0,7808.0,0.0,22,0,0.5525394045534151,72.76446018948151,657.0,0.0,0.0,0.0,0.0,3
410.0,3.0,0.5619976891024367,0.0,0.0,0.0,0.0,0.0,96.0,3.0,0.9431639936964225,0.0,0.0,71.23076923076923,0.0,0.0,0.0,0.0,14.0,3032.0,4.0,23,0,0.5525394045534151,127.67014790727956,579.5,0.0,0.0,0.0,0.0,3
104.0,3.0,0.8401642599789114,0.0,0.0,0.0,0.0,0.0,6.0,1.0,-1.000088900581841e-12,0.0,0.0,70.0,0.0,0.0,0.0,0.0,18.0,172.0,6.0,23,0,0.5525394045534151,267.8973684081275,457.5,0.0,0.0,0.0,0.0,3
342.0,3.0,0.6605788876490757,0.0,0.0,0.0,0.0,0.0,16.0,2.0,0.6931471805579453,0.0,18.0,69.53571428571429,0.0,0.0,0.0,0.0,40.0,292.0,2.0,0,0,0.5525394045534151,253.860854275198,394.0,0.0,0.0,0.0,0.0,3
716.0,7.0,1.3195447514456913,0.0,0.0,0.0,0.0,0.0,40.0,5.0,1.4708084763171112,0.0,0.0,81.55172413793103,0.0,0.0,0.0,0.0,22.0,1416.0,6.0,0,0,0.5525394045534151,252.1507485612525,393.0,0.0,0.0,0.0,0.0,3
302.0,6.0,1.329532823610997,0.0,0.0,0.0,0.0,0.0,36.0,2.0,0.6365141682928128,0.0,0.0,79.13636363636364,0.0,0.0,0.0,0.0,68.0,1210.0,10.0,1,0,0.5525394045534151,255.4838546757896,366.0,0.0,0.0,0.0,0.0,3
716.0,9.0,1.6213119719894284,0.0,0.0,0.0,0.0,0.0,64.0,5.0,1.1755305543091217,0.0,0.0,55.63333333333333,0.0,0.0,0.0,0.0,0.0,5916.0,0.0,9,1,0.5525394045534151,350.6655576661804,524.5,0.0,0.0,0.0,0.0,2
624.0,7.0,1.6487645980104686,0.0,0.0,0.0,0.0,0.0,78.0,6.0,1.5931432864471762,0.0,0.0,51.285714285714285,0.0,0.0,0.0,0.0,0.0,3114.0,0.0,10,1,0.5525394045534151,46.02535533087498,680.5,0.0,0.0,0.0,0.0,3
288.0,4.0,0.7860979761080404,0.0,0.0,0.0,0.0,0.0,64.0,5.0,1.3527444125434591,0.0,0.0,49.206896551724135,0.0,0.0,0.0,0.0,236.0,306.0,28.0,10,1,0.5525394045534151,204.2057785666213,587.0,0.0,0.0,0.0,0.0,3
534.0,4.0,0.9919998087204226,0.0,0.0,0.0,0.0,0.0,68.0,4.0,1.251153367100869,0.0,0.0,46.5925925925926,0.0,0.0,0.0,0.0,350.0,2546.0,50.0,11,1,0.5525394045534151,184.0027173712388,540.5,0.0,0.0,0.0,0.0,2
238.0,3.0,0.7650734811614582,0.0,0.0,0.0,0.0,0.0,80.0,4.0,1.1483646382196129,0.0,16.0,44.52173913043478,0.0,0.0,0.0,0.0,290.0,766.0,34.0,11,1,0.5525394045534151,187.221793603202,421.0,0.0,0.0,0.0,0.0,3
408.0,4.0,1.1637654931740766,0.0,0.0,0.0,0.0,0.0,114.0,3.0,0.8306523174099074,0.0,0.0,36.46666666666667,0.0,0.0,0.0,0.0,294.0,2174.0,42.0,13,1,0.5525394045534151,128.0351514233492,361.5,0.0,0.0,0.0,0.0,2
458.0,6.0,1.2043665869344216,0.0,0.0,0.0,0.0,0.0,244.0,4.0,1.230702544968867,0.0,0.0,33.46666666666667,0.0,0.0,0.0,0.0,328.0,5152.0,62.0,13,1,0.5525394045534151,101.88064912762692,416.5,0.0,0.0,0.0,0.0,2
454.0,5.0,1.1983502457641984,0.0,0.0,0.0,0.0,0.0,176.0,3.0,0.9776515248636266,0.0,0.0,29.4,0.0,0.0,0.0,0.0,436.0,2962.0,84.0,14,1,0.5525394045534151,45.98550496261432,460.0,0.0,0.0,0.0,0.0,2
280.0,2.0,0.3404997784692986,0.0,0.0,0.0,0.0,0.0,0.0,0.0,0.0,0.0,0.0,27.4,0.0,0.0,0.0,0.0,36.0,0.0,0.0,14,1,0.5525394045534151,83.15447472425417,400.0,0.0,0.0,0.0,0.0,2
558.0,3.0,0.6249666095529373,0.0,0.0,0.0,0.0,0.0,28.0,1.0,-1.000088900581841e-12,0.0,24.0,26.20689655172414,0.0,0.0,0.0,0.0,640.0,504.0,52.0,15,1,0.5525394045534151,123.6918213410516,407.5,0.0,0.0,0.0,0.0,2
712.0,5.0,0.629278408444866,0.0,0.0,0.0,0.0,0.0,724.0,6.0,0.5586566145976593,0.0,0.0,70.27586206896552,0.0,0.0,0.0,0.0,232.0,1062.0,46.0,16,1,0.5525394045534151,199.8466078437826,472.0,0.0,0.0,0.0,0.0,2
316.0,2.0,0.200374612468783,0.0,0.0,0.0,0.0,0.0,12.0,2.0,0.6931471805579453,0.0,0.0,84.37037037037037,0.0,0.0,0.0,0.0,156.0,288.0,8.0,17,1,0.5525394045534151,165.49320227731397,543.0,0.0,0.0,0.0,0.0,2
286.0,1.0,-1.000088900581841e-12,0.0,0.0,0.0,0.0,0.0,24.0,1.0,-1.000088900581841e-12,0.0,0.0,83.14285714285714,0.0,0.0,0.0,0.0,508.0,0.0,0.0,17,1,0.5525394045534151,207.75947631816933,475.0,0.0,0.0,0.0,0.0,2
244.0,1.0,-1.000088900581841e-12,0.0,0.0,0.0,0.0,0.0,8.0,1.0,-1.000088900581841e-12,0.0,0.0,81.51851851851852,0.0,0.0,0.0,0.0,46.0,0.0,0.0,18,1,0.5525394045534151,154.84185480676717,358.0,0.0,0.0,0.0,0.0,2
452.0,5.0,1.1844120462594137,0.0,0.0,0.0,0.0,0.0,52.0,2.0,0.666278442412676,0.0,0.0,79.5,0.0,0.0,0.0,0.0,254.0,2256.0,60.0,18,1,0.5525394045534151,89.9833317898374,324.5,0.0,0.0,0.0,0.0,2
368.0,5.0,1.3122293646100447,0.0,0.0,0.0,0.0,0.0,28.0,2.0,0.2573186405418316,0.0,0.0,77.62962962962963,0.0,0.0,0.0,0.0,178.0,2480.0,52.0,19,1,0.5525394045534151,92.07786559935724,337.5,0.0,0.0,0.0,0.0,2
490.0,5.0,0.9396343343093124,0.0,0.0,0.0,0.0,0.0,272.0,5.0,1.16302329356791,0.0,0.0,74.88888888888889,0.0,0.0,0.0,0.0,366.0,8680.0,92.0,19,1,0.5525394045534151,108.98776689763532,388.5,0.0,0.0,0.0,0.0,2
180.0,3.0,0.8376863365754763,0.0,0.0,0.0,0.0,0.0,24.0,2.0,0.4505612088643047,0.0,0.0,73.04761904761905,0.0,0.0,0.0,0.0,84.0,306.0,16.0,20,1,0.5525394045534151,138.08572216803094,372.5,0.0,0.0,0.0,0.0,2
334.0,3.0,0.2461039163915375,0.0,0.0,0.0,0.0,0.0,8.0,1.0,-1.000088900581841e-12,0.0,0.0,71.66666666666667,0.0,0.0,0.0,0.0,48.0,206.0,4.0,20,1,0.5525394045534151,127.65056469388072,343.0,0.0,0.0,0.0,0.0,2
124.0,2.0,0.6910645689462918,0.0,0.0,0.0,0.0,0.0,78.0,3.0,0.5931882307401044,0.0,0.0,70.375,0.0,0.0,0.0,0.0,40.0,714.0,16.0,21,0,0.5525394045534151,164.65721970202205,282.0,0.0,0.0,0.0,0.0,2
478.0,4.0,1.0519960892643978,0.0,0.0,0.0,0.0,0.0,106.0,5.0,1.3678047347676758,0.0,0.0,68.23333333333333,0.0,0.0,0.0,0.0,308.0,1376.0,28.0,21,0,0.5525394045534151,159.6370884224589,279.0,0.0,0.0,0.0,0.0,2
716.0,1.0,-1.000088900581841e-12,0.0,0.0,0.0,0.0,0.0,74.0,3.0,0.7827590156682096,0.0,0.0,66.13333333333334,0.0,0.0,0.0,0.0,96.0,16.0,14.0,22,0,0.5525394045534151,248.8614072129304,413.0,0.0,0.0,0.0,0.0,2
716.0,5.0,0.8909560780963296,0.0,0.0,0.0,0.0,0.0,208.0,5.0,1.0107356236463594,0.0,0.0,63.06666666666667,0.0,0.0,0.0,0.0,106.0,3406.0,24.0,22,0,0.5525394045534151,279.8112459021855,508.5,0.0,0.0,0.0,0.0,2
716.0,1.0,-1.000088900581841e-12,0.0,0.0,0.0,0.0,0.0,70.0,2.0,0.6224869206550488,0.0,0.0,60.23333333333333,0.0,0.0,0.0,0.0,0.0,0.0,0.0,23,0,0.5525394045534151,118.99999999999989,656.5,0.0,0.0,0.0,0.0,2
718.0,6.0,1.2649998694580369,0.0,0.0,0.0,0.0,0.0,130.0,5.0,1.1370436823186694,0.0,0.0,58.0,0.0,0.0,0.0,0.0,134.0,6602.0,24.0,23,0,0.5525394045534151,0.9999999999842354,716.5,0.0,0.0,0.0,0.0,2
714.0,5.0,0.8123306745972708,0.0,0.0,0.0,0.0,0.0,150.0,4.0,1.022550545147904,0.0,0.0,54.96428571428572,0.0,0.0,0.0,0.0,102.0,1336.0,16.0,0,0,0.5525394045534151,1.6329931618457925,716.0,0.0,0.0,0.0,0.0,2
192.0,4.0,0.8672570183736577,0.0,0.0,0.0,0.0,0.0,34.0,3.0,1.0551016181656423,0.0,0.0,52.94444444444444,0.0,0.0,0.0,0.0,230.0,588.0,14.0,0,0,0.5525394045534151,262.00508900910046,585.0,0.0,0.0,0.0,0.0,2
248.0,2.0,0.4282640061618891,0.0,0.0,0.0,0.0,0.0,12.0,2.0,0.6365141682928128,0.0,0.0,50.81818181818182,0.0,0.0,0.0,0.0,164.0,1030.0,14.0,1,0,0.5525394045534151,287.2815111813961,468.0,0.0,0.0,0.0,0.0,2
86.0,1.0,-1.000088900581841e-12,0.0,0.0,0.0,0.0,0.0,12.0,2.0,0.6365141682928128,0.0,0.0,49.21428571428572,0.0,0.0,0.0,0.0,66.0,60.0,14.0,1,0,0.5525394045534151,277.58482187132154,310.0,0.0,0.0,0.0,0.0,2
64.0,2.0,0.5623351446168083,0.0,0.0,0.0,0.0,0.0,10.0,2.0,0.6730116670072565,0.0,0.0,48.25,0.0,0.0,0.0,0.0,54.0,708.0,14.0,2,0,0.5525394045534151,87.24486613358201,147.5,0.0,0.0,0.0,0.0,2
714.0,7.0,1.2441511246480514,0.0,0.0,0.0,0.0,0.0,76.0,4.0,1.2834363505255344,0.0,0.0,45.21428571428572,0.0,0.0,0.0,0.0,106.0,10344.0,24.0,2,0,0.5525394045534151,302.0242815845551,278.0,0.0,0.0,0.0,0.0,2
720.0,6.0,0.6344834363390758,0.0,0.0,0.0,0.0,0.0,16.0,1.0,-1.000088900581841e-12,0.0,0.0,41.10344827586207,0.0,0.0,0.0,0.0,60.0,7414.0,6.0,3,0,0.5525394045534151,370.7757633215346,396.0,0.0,0.0,0.0,0.0,2
512.0,6.0,1.4108455030010263,0.0,0.0,0.0,0.0,0.0,178.0,2.0,0.3514202879904191,0.0,0.0,37.5,0.0,0.0,0.0,0.0,352.0,4446.0,22.0,3,0,0.5525394045534151,307.9020406990942,502.5,0.0,0.0,0.0,0.0,3
600.0,6.0,0.5376043529726993,0.0,0.0,0.0,0.0,0.0,150.0,3.0,0.7710490444066439,0.0,34.0,17.633333333333333,0.0,0.0,0.0,0.0,562.0,11506.0,54.0,10,1,0.5525394045534151,58.02298395176403,687.0,0.0,0.0,0.0,0.0,3
614.0,6.0,1.0993758533002576,0.0,0.0,0.0,0.0,0.0,262.0,7.0,1.4458156549770482,0.0,0.0,18.166666666666668,0.0,0.0,0.0,0.0,354.0,464.0,58.0,10,1,0.5525394045534151,62.62055040746075,661.0,0.0,0.0,0.0,0.0,3
394.0,5.0,0.5265230350619148,0.0,0.0,0.0,0.0,0.0,100.0,3.0,0.806816703847445,0.0,0.0,24.928571428571427,0.0,0.0,0.0,0.0,122.0,2470.0,14.0,12,1,0.5525394045534151,164.87065637442382,496.5,0.0,0.0,0.0,0.0,3
270.0,1.0,-1.000088900581841e-12,0.0,0.0,0.0,0.0,0.0,40.0,1.0,-1.000088900581841e-12,0.0,0.0,22.77777777777778,0.0,0.0,0.0,0.0,0.0,0.0,0.0,12,1,0.5525394045534151,172.68371859172672,410.5,0.0,0.0,0.0,0.0,3
322.0,5.0,0.9566934413864908,0.0,0.0,0.0,0.0,0.0,202.0,4.0,0.8999524113006535,0.0,0.0,29.0,0.0,0.0,0.0,0.0,524.0,770.0,76.0,13,1,0.5525394045534151,67.67569726275453,351.0,0.0,0.0,0.0,0.0,3
378.0,4.0,0.9067579007900068,0.0,0.0,0.0,0.0,0.0,36.0,3.0,0.936888307536016,0.0,0.0,27.55172413793104,0.0,0.0,0.0,0.0,310.0,3704.0,46.0,14,1,0.5525394045534151,64.69415223444337,347.0,0.0,0.0,0.0,0.0,3
694.0,4.0,0.8149153346014646,0.0,0.0,0.0,0.0,0.0,478.0,5.0,0.5147614033728669,0.0,50.0,56.86666666666667,0.0,0.0,0.0,0.0,452.0,4014.0,30.0,14,1,0.5525394045534151,165.42067585401773,453.0,0.0,0.0,0.0,0.0,3
714.0,3.0,1.0282555430773666,0.0,0.0,0.0,0.0,0.0,8.0,2.0,0.6931471805579453,0.0,0.0,66.03448275862068,0.0,0.0,0.0,0.0,0.0,4174.0,0.0,15,1,0.5525394045534151,205.81869043732,527.0,0.0,0.0,0.0,0.0,3
406.0,4.0,1.0629999990977357,0.0,0.0,0.0,0.0,0.0,168.0,4.0,1.1704499561471131,0.0,0.0,63.51724137931034,0.0,16.0,16.0,0.0,400.0,1796.0,94.0,15,1,0.5525394045534151,180.6801962953697,548.0,0.0,0.0,0.0,0.0,3
554.0,4.0,0.8574264892392552,0.0,0.0,0.0,0.0,0.0,96.0,4.0,0.850575490047305,0.0,0.0,61.06666666666667,0.0,0.0,0.0,0.0,266.0,676.0,46.0,16,1,0.5525394045534151,142.977853762975,592.0,0.0,0.0,0.0,0.0,3
404.0,4.0,0.8263194080170657,0.0,0.0,0.0,0.0,0.0,54.0,3.0,1.013261884141225,0.0,0.0,59.48,0.0,0.0,0.0,0.0,176.0,2978.0,22.0,16,1,0.5525394045534151,147.47090108447384,519.5,0.0,0.0,0.0,0.0,3
530.0,6.0,1.1540334372368912,0.0,0.0,0.0,0.0,0.0,74.0,3.0,0.7991223912830445,0.0,0.0,57.0,0.0,0.0,0.0,0.0,580.0,2112.0,114.0,17,1,0.5525394045534151,79.70570870395672,473.5,0.0,0.0,0.0,0.0,3
370.0,4.0,0.7368508399950683,0.0,0.0,0.0,0.0,0.0,4.0,1.0,-1.000088900581841e-12,0.0,0.0,55.57142857142857,0.0,0.0,0.0,0.0,124.0,1850.0,16.0,17,1,0.5525394045534151,91.08786966440702,464.5,0.0,0.0,0.0,0.0,3
618.0,6.0,1.1913000076020812,0.0,0.0,0.0,0.0,0.0,96.0,4.0,0.9507489270469152,0.0,0.0,51.75862068965517,0.0,0.0,0.0,0.0,130.0,5504.0,8.0,18,1,0.5525394045534151,114.62838508269525,480.5,0.0,0.0,0.0,0.0,3
662.0,4.0,0.4500108185671154,0.0,0.0,0.0,0.0,0.0,198.0,4.0,1.090637357277944,0.0,0.0,48.48275862068966,0.0,0.0,0.0,0.0,198.0,7652.0,22.0,18,1,0.5525394045534151,128.92892098620337,545.0,0.0,0.0,0.0,0.0,2
262.0,3.0,0.9745221374487988,0.0,0.0,0.0,0.0,0.0,80.0,4.0,1.165524439930698,0.0,0.0,45.75,0.0,0.0,0.0,0.0,140.0,1172.0,30.0,19,1,0.5525394045534151,193.0250415533349,478.0,0.0,0.0,0.0,0.0,3
198.0,2.0,0.4423401531330533,0.0,0.0,0.0,0.0,0.0,54.0,4.0,0.9157588374491544,0.0,0.0,43.5,0.0,0.0,0.0,0.0,68.0,16.0,12.0,19,1,0.5525394045534151,238.8276924200095,435.0,0.0,0.0,0.0,0.0,3
438.0,4.0,0.7690499559510469,0.0,0.0,0.0,0.0,0.0,100.0,5.0,1.189820644582331,0.0,0.0,41.142857142857146,0.0,0.0,0.0,0.0,438.0,10600.0,38.0,20,1,0.5525394045534151,207.794770546967,390.0,0.0,0.0,0.0,0.0,2
506.0,5.0,0.4477180399026452,0.0,0.0,0.0,0.0,0.0,114.0,2.0,0.336495757581516,0.0,0.0,38.48275862068966,0.0,0.0,0.0,0.0,140.0,16352.0,24.0,20,1,0.5525394045534151,144.826332780564,351.0,0.0,0.0,0.0,0.0,3
182.0,3.0,0.5864624835867067,0.0,0.0,0.0,0.0,0.0,36.0,3.0,0.8486855577234171,0.0,0.0,37.0,0.0,0.0,0.0,0.0,0.0,1688.0,0.0,21,0,0.5525394045534151,165.29166141500704,331.0,0.0,0.0,0.0,0.0,2
44.0,1.0,-1.000088900581841e-12,0.0,0.0,0.0,0.0,0.0,110.0,2.0,0.5245970984617584,0.0,0.0,35.75,0.0,0.0,0.0,0.0,0.0,0.0,0.0,21,0,0.5525394045534151,216.57562189683307,292.5,0.0,0.0,0.0,0.0,3
440.0,3.0,0.3000463594260166,0.0,0.0,0.0,0.0,0.0,374.0,3.0,0.3936136239429547,0.0,80.0,42.68181818181818,0.0,0.0,0.0,0.0,334.0,8040.0,30.0,22,0,0.5525394045534151,217.02534414210703,293.0,0.0,0.0,0.0,0.0,3
718.0,5.0,0.4840653804992743,0.0,0.0,0.0,0.0,0.0,68.0,2.0,0.6652042646379301,0.0,0.0,72.7,0.0,0.0,0.0,0.0,0.0,11122.0,0.0,22,0,0.5525394045534151,297.3886346180701,346.0,0.0,0.0,0.0,0.0,3
720.0,4.0,0.1296708648426848,0.0,0.0,0.0,0.0,0.0,74.0,2.0,0.3425415079699701,0.0,0.0,71.36666666666666,0.0,0.0,0.0,34.0,0.0,8726.0,0.0,23,0,0.5525394045534151,319.342553798686,480.5,0.0,0.0,0.0,0.0,3
608.0,8.0,1.035128258243508,0.0,0.0,0.0,0.0,0.0,280.0,4.0,1.0932586924327112,0.0,0.0,68.03333333333333,0.0,0.0,0.0,0.0,318.0,9520.0,84.0,23,0,0.5525394045534151,131.83196375184082,621.5,0.0,0.0,0.0,0.0,3
672.0,5.0,0.6516694907751869,0.0,0.0,0.0,0.0,0.0,152.0,5.0,1.382662980050665,0.0,0.0,64.46666666666667,0.0,0.0,0.0,0.0,214.0,18822.0,34.0,0,0,0.5525394045534151,52.57058746739156,679.5,0.0,0.0,0.0,0.0,2
720.0,3.0,0.5130494622322921,0.0,0.0,0.0,0.0,0.0,190.0,2.0,0.4854589008104922,0.0,0.0,60.266666666666666,0.0,0.0,0.0,0.0,0.0,18814.0,0.0,0,0,0.5525394045534151,53.0659966456864,680.0,0.0,0.0,0.0,0.0,2
290.0,4.0,1.0922938019959565,0.0,0.0,0.0,0.0,0.0,40.0,4.0,1.205628232484719,0.0,0.0,57.5,0.0,0.0,0.0,0.0,140.0,7132.0,38.0,1,0,0.5525394045534151,193.8410001349904,572.5,0.0,0.0,0.0,0.0,3
384.0,6.0,1.3757313937846145,0.0,0.0,0.0,0.0,0.0,122.0,5.0,1.3155509894919086,0.0,0.0,59.32,0.0,0.0,0.0,0.0,16.0,866.0,8.0,15,1,0.5525394045534151,211.70025980144663,516.5,0.0,0.0,0.0,0.0,3
328.0,4.0,0.8255296591658849,0.0,0.0,0.0,0.0,0.0,332.0,4.0,0.6966388360414617,0.0,0.0,57.60714285714285,0.0,0.0,0.0,0.0,74.0,174.0,22.0,16,1,0.5525394045534151,196.82394840736904,430.5,0.0,0.0,0.0,0.0,3
356.0,4.0,1.0776178419185043,0.0,0.0,0.0,0.0,0.0,54.0,2.0,0.5297061990556545,0.0,0.0,49.172413793103445,0.0,0.0,0.0,0.0,54.0,2446.0,14.0,18,1,0.5525394045534151,75.63729238940272,341.5,0.0,0.0,0.0,0.0,2
256.0,1.0,-1.000088900581841e-12,0.0,0.0,0.0,0.0,0.0,66.0,1.0,-1.000088900581841e-12,0.0,0.0,47.08,0.0,0.0,0.0,0.0,0.0,0.0,0.0,19,1,0.5525394045534151,64.60908088909278,301.5,0.0,0.0,0.0,0.0,3
222.0,1.0,-1.000088900581841e-12,0.0,0.0,0.0,0.0,0.0,92.0,3.0,0.559834325918902,0.0,0.0,44.88461538461539,0.0,0.0,0.0,0.0,16.0,0.0,0.0,19,1,0.5525394045534151,60.62727658955717,267.5,0.0,0.0,0.0,0.0,3
250.0,6.0,1.1998382057697692,0.0,0.0,0.0,0.0,0.0,266.0,3.0,0.3620622748672689,0.0,0.0,42.708333333333336,0.0,0.0,0.0,0.0,86.0,962.0,16.0,20,1,0.5525394045534151,58.57189314566046,271.0,0.0,0.0,0.0,0.0,3
320.0,6.0,0.7513146085090459,0.0,0.0,0.0,0.0,0.0,38.0,2.0,0.6806294878896635,0.0,0.0,41.10714285714285,0.0,0.0,0.0,0.0,70.0,846.0,10.0,20,1,0.5525394045534151,41.40853374205209,262.0,0.0,0.0,0.0,0.0,3
54.0,1.0,-1.000088900581841e-12,0.0,0.0,0.0,0.0,0.0,0.0,0.0,0.0,0.0,0.0,40.8,0.0,0.0,0.0,0.0,0.0,0.0,0.0,21,0,0.5525394045534151,112.79923167587032,211.5,0.0,0.0,0.0,0.0,3
524.0,4.0,0.8982987804726098,0.0,0.0,0.0,0.0,0.0,344.0,4.0,0.7599814929806655,0.0,0.0,38.34782608695652,0.0,0.0,0.0,0.0,36.0,6722.0,6.0,21,0,0.5525394045534151,194.00687273049547,287.0,0.0,0.0,0.0,0.0,3
638.0,1.0,-1.000088900581841e-12,0.0,0.0,0.0,0.0,0.0,28.0,3.0,0.9556998911095343,0.0,0.0,34.7,0.0,0.0,0.0,0.0,18.0,4392.0,6.0,22,0,0.5525394045534151,256.3279149839128,384.0,0.0,0.0,0.0,0.0,3
678.0,4.0,0.8926077141053934,0.0,0.0,0.0,0.0,0.0,50.0,4.0,1.2295820676015654,0.0,14.0,31.866666666666667,0.0,0.0,0.0,0.0,50.0,6048.0,16.0,22,0,0.5525394045534151,287.176484645476,473.5,0.0,0.0,0.0,0.0,3
702.0,5.0,0.4862853771427073,0.0,0.0,0.0,0.0,0.0,1158.0,4.0,0.8242586579427352,0.0,0.0,71.93333333333334,0.0,0.0,0.0,0.0,204.0,1112.0,42.0,23,0,0.5525394045534151,78.88176806672965,635.5,0.0,0.0,0.0,0.0,3
216.0,4.0,0.8537745176396517,0.0,0.0,0.0,0.0,0.0,48.0,2.0,0.6791932659895258,0.0,0.0,92.55555555555556,0.0,0.0,0.0,0.0,92.0,346.0,20.0,23,0,0.5525394045534151,229.8543016782588,558.5,0.0,0.0,0.0,0.0,3
416.0,2.0,0.482577565175012,0.0,0.0,0.0,0.0,0.0,16.0,1.0,-1.000088900581841e-12,0.0,0.0,91.76666666666668,0.0,0.0,0.0,0.0,90.0,494.0,16.0,0,0,0.5525394045534151,231.05843416763645,503.0,0.0,0.0,0.0,0.0,3
670.0,6.0,0.8844746395786642,0.0,0.0,0.0,0.0,0.0,138.0,2.0,0.3872123751843606,0.0,0.0,89.58620689655173,0.0,0.0,0.0,0.0,54.0,2034.0,2.0,0,0,0.5525394045534151,229.06476522299684,501.0,0.0,0.0,0.0,0.0,3
718.0,2.0,0.5011737631599077,0.0,0.0,0.0,0.0,0.0,62.0,3.0,0.7902195307160025,0.0,0.0,70.9,0.0,0.0,0.0,0.0,0.0,5238.0,0.0,9,1,0.5525394045534151,316.1070493783185,283.5,0.0,0.0,0.0,0.0,3
624.0,6.0,1.4732102241738751,0.0,0.0,0.0,0.0,0.0,226.0,5.0,1.1359707881468155,0.0,0.0,65.43333333333334,0.0,0.0,0.0,0.0,50.0,4678.0,20.0,9,1,0.5525394045534151,281.6587770098185,439.5,0.0,0.0,0.0,0.0,3
652.0,4.0,1.25806595500038,0.0,0.0,0.0,0.0,0.0,296.0,3.0,0.5274689780718493,0.0,0.0,61.13333333333333,0.0,0.0,0.0,0.0,192.0,2196.0,32.0,10,1,0.5525394045534151,183.6119095628966,575.0,0.0,0.0,0.0,0.0,3
354.0,3.0,0.9246631486124942,0.0,0.0,0.0,0.0,0.0,258.0,3.0,0.8867808347594445,0.0,0.0,58.21739130434783,0.0,0.0,0.0,0.0,100.0,2090.0,24.0,10,1,0.5525394045534151,160.25396510955144,587.0,0.0,0.0,0.0,0.0,3
662.0,1.0,-1.000088900581841e-12,0.0,0.0,0.0,0.0,0.0,1246.0,4.0,0.3273564651129885,0.0,0.0,55.16666666666666,0.0,0.0,0.0,0.0,182.0,2482.0,20.0,11,1,0.5525394045534151,146.88317353143844,573.0,0.0,0.0,0.0,0.0,3
718.0,3.0,0.1193312586440334,0.0,0.0,0.0,0.0,0.0,518.0,3.0,0.1427078131893463,0.0,0.0,52.06666666666667,0.0,0.0,0.0,0.0,24.0,6406.0,6.0,11,1,0.5525394045534151,164.25488323537496,596.5,0.0,0.0,0.0,0.0,3
670.0,10.0,1.865826110179816,0.0,0.0,0.0,0.0,0.0,440.0,5.0,0.8610298713773558,0.0,0.0,47.93333333333333,0.0,0.0,0.0,0.0,200.0,5330.0,44.0,12,1,0.5525394045534151,166.5132627350346,601.0,0.0,0.0,0.0,0.0,3
714.0,3.0,0.3623038147147585,0.0,0.0,0.0,0.0,0.0,104.0,6.0,1.4056544890469973,0.0,0.0,41.833333333333336,0.0,0.0,0.0,0.0,22.0,278.0,8.0,12,1,0.5525394045534151,29.097537123726784,691.0,0.0,0.0,0.0,0.0,3
328.0,4.0,0.4855440051061305,0.0,0.0,0.0,0.0,0.0,54.0,4.0,1.198290518681516,0.0,0.0,37.46428571428572,0.0,0.0,0.0,0.0,74.0,430.0,20.0,13,1,0.5525394045534151,187.5979744027104,607.5,0.0,0.0,0.0,0.0,3
590.0,2.0,0.0859155013326631,0.0,0.0,0.0,0.0,0.0,248.0,5.0,0.5714466761446624,0.0,34.0,54.689655172413794,0.0,0.0,0.0,0.0,92.0,100.0,8.0,13,1,0.5525394045534151,172.79949845606222,575.5,0.0,0.0,0.0,0.0,3
628.0,7.0,0.8114713168427095,0.0,0.0,0.0,0.0,0.0,118.0,6.0,1.4683516677119033,0.0,0.0,93.66666666666669,0.0,0.0,0.0,0.0,8.0,1098.0,8.0,16,1,0.5525394045534151,235.46266512266155,490.0,0.0,0.0,0.0,0.0,3
718.0,5.0,0.5696168080485543,0.0,0.0,0.0,0.0,0.0,256.0,4.0,0.8650372451774915,0.0,0.0,79.13333333333334,0.0,0.0,0.0,0.0,24.0,2216.0,10.0,18,1,0.5525394045534151,140.34600101178512,646.5,0.0,0.0,0.0,0.0,3
266.0,5.0,0.3362673069524446,0.0,0.0,0.0,0.0,0.0,112.0,4.0,1.0941715878016356,0.0,0.0,77.10714285714286,0.0,0.0,0.0,0.0,34.0,134.0,16.0,19,1,0.5525394045534151,225.34122274157176,604.0,0.0,0.0,0.0,0.0,3
326.0,5.0,0.6431023126273767,0.0,0.0,0.0,0.0,0.0,80.0,3.0,0.6390318596471769,0.0,0.0,75.76923076923077,0.0,0.0,0.0,0.0,42.0,252.0,6.0,19,1,0.5525394045534151,244.87003355521745,507.0,0.0,0.0,0.0,0.0,3
702.0,7.0,1.2797810532518157,0.0,0.0,0.0,0.0,0.0,166.0,4.0,1.1519189229779705,0.0,0.0,72.8,0.0,0.0,0.0,0.0,24.0,2518.0,10.0,20,1,0.5525394045534151,240.3636134415246,503.0,0.0,0.0,0.0,0.0,2
630.0,6.0,1.2911250311035392,0.0,0.0,0.0,0.0,0.0,210.0,5.0,0.5705059375162601,0.0,0.0,67.83333333333333,0.0,0.0,0.0,0.0,10.0,1730.0,4.0,20,1,0.5525394045534151,217.01920037944413,481.0,0.0,0.0,0.0,0.0,2
574.0,7.0,1.360758822835119,0.0,0.0,0.0,0.0,0.0,144.0,3.0,0.8277381569959199,0.0,0.0,64.73333333333333,0.0,0.0,0.0,0.0,50.0,1770.0,20.0,21,0,0.5525394045534151,163.29931618554517,558.0,0.0,0.0,0.0,0.0,3
688.0,5.0,0.6946414424597451,0.0,0.0,0.0,0.0,0.0,60.0,3.0,0.8823109245120756,0.0,0.0,61.43333333333333,0.0,0.0,0.0,0.0,26.0,1360.0,10.0,21,0,0.5525394045534151,58.63730325768162,648.5,0.0,0.0,0.0,0.0,3
516.0,8.0,1.577808942230415,0.0,0.0,0.0,0.0,0.0,236.0,5.0,1.3183624973609307,0.0,0.0,58.89655172413793,0.0,0.0,0.0,0.0,40.0,2534.0,18.0,22,0,0.5525394045534151,73.84668803225584,602.0,0.0,0.0,0.0,0.0,3
660.0,5.0,0.8983874993940425,0.0,0.0,0.0,0.0,0.0,434.0,3.0,0.5454989027918227,0.0,0.0,55.96666666666667,0.0,0.0,0.0,0.0,30.0,3688.0,6.0,22,0,0.5525394045534151,78.98312055960639,609.5,0.0,0.0,0.0,0.0,3
652.0,5.0,0.5155047270691699,0.0,0.0,0.0,0.0,0.0,128.0,3.0,0.8102550775147164,0.0,0.0,52.63333333333333,0.0,0.0,0.0,0.0,46.0,2984.0,6.0,23,0,0.5525394045534151,76.89820110596422,629.0,0.0,0.0,0.0,0.0,2
718.0,6.0,0.7770470042231502,0.0,0.0,0.0,0.0,0.0,40.0,3.0,0.8864644756767976,0.0,0.0,48.8,0.0,0.0,0.0,0.0,0.0,4530.0,0.0,23,0,0.5525394045534151,85.54725789488121,636.5,0.0,0.0,0.0,0.0,2
720.0,7.0,0.3910555543443686,0.0,0.0,0.0,0.0,0.0,38.0,2.0,0.5146531654269293,0.0,0.0,44.73333333333333,0.0,0.0,0.0,0.0,0.0,4498.0,0.0,0,0,0.5525394045534151,36.52852766446136,687.5,0.0,0.0,0.0,0.0,2
718.0,6.0,0.4817440807857182,0.0,0.0,0.0,0.0,0.0,36.0,3.0,0.933823851711722,0.0,0.0,40.3,0.0,0.0,0.0,0.0,0.0,5668.0,0.0,0,0,0.5525394045534151,33.34666400106592,702.0,0.0,0.0,0.0,0.0,2
130.0,4.0,0.8599040503799692,0.0,0.0,0.0,0.0,0.0,4.0,1.0,-1.000088900581841e-12,0.0,0.0,37.16666666666666,0.0,0.0,0.0,0.0,12.0,428.0,0.0,1,0,0.5525394045534151,294.33484333323497,571.5,0.0,0.0,0.0,0.0,3
718.0,3.0,0.0674514911878501,0.0,0.0,0.0,0.0,0.0,440.0,6.0,0.9940549390789798,0.0,0.0,73.0,0.0,0.0,0.0,0.0,0.0,304.0,0.0,9,1,0.5525394045534151,186.34287393583543,623.5,0.0,0.0,0.0,0.0,3
104.0,1.0,-1.000088900581841e-12,0.0,0.0,0.0,0.0,0.0,316.0,1.0,-1.000088900581841e-12,0.0,0.0,76.0,0.0,0.0,0.0,0.0,0.0,0.0,0.0,12,1,0.5525394045534151,303.8612622014637,559.5,0.0,0.0,0.0,0.0,3
70.0,1.0,-1.000088900581841e-12,0.0,0.0,0.0,0.0,0.0,770.0,1.0,-1.000088900581841e-12,0.0,0.0,75.0,0.0,0.0,0.0,0.0,0.0,0.0,0.0,12,1,0.5525394045534151,358.9368560996024,397.5,0.0,0.0,0.0,0.0,3
470.0,6.0,1.375662582317515,0.0,0.0,0.0,0.0,0.0,290.0,6.0,0.952211112240226,0.0,0.0,73.34482758620689,0.0,0.0,0.0,0.0,80.0,1944.0,20.0,13,1,0.5525394045534151,301.182115449551,335.0,0.0,0.0,0.0,0.0,3
590.0,8.0,1.719368528470684,0.0,0.0,0.0,0.0,0.0,160.0,5.0,1.4614136883537578,0.0,0.0,69.23333333333333,0.0,0.0,0.0,0.0,40.0,2170.0,14.0,13,1,0.5525394045534151,260.78535234939864,308.5,0.0,0.0,0.0,0.0,2
520.0,4.0,0.583528960150185,0.0,0.0,0.0,0.0,0.0,714.0,4.0,0.512792273315716,0.0,0.0,66.27586206896552,0.0,0.0,0.0,0.0,98.0,1652.0,24.0,14,1,0.5525394045534151,233.5772534587504,412.5,0.0,0.0,0.0,0.0,3
690.0,4.0,0.7238025563206268,0.0,0.0,0.0,0.0,0.0,106.0,3.0,0.7731753277561964,0.0,0.0,44.44827586206897,0.0,0.0,0.0,0.0,0.0,2494.0,0.0,16,1,0.5525394045534151,96.64195086331124,661.5,0.0,0.0,0.0,0.0,3
264.0,5.0,1.208345702049993,0.0,0.0,0.0,0.0,0.0,82.0,6.0,1.5789028025625824,0.0,0.0,40.51851851851852,0.0,0.0,0.0,0.0,72.0,1164.0,14.0,19,1,0.5525394045534151,250.5267783424892,500.5,6.0,3.0,0.0,0.0,3
482.0,4.0,0.9063132938379188,0.0,0.0,0.0,0.0,0.0,94.0,3.0,0.8410172421116212,0.0,0.0,38.392857142857146,0.0,0.0,0.0,0.0,4.0,1476.0,4.0,19,1,0.5525394045534151,206.07684650796327,441.5,6.0,3.0,0.0,0.0,3
468.0,8.0,1.0625884390564797,0.0,0.0,0.0,0.0,0.0,206.0,4.0,0.8295134867090088,0.0,0.0,34.6,0.0,0.0,0.0,0.0,8.0,1650.0,8.0,20,1,0.5525394045534151,111.62287698615673,379.5,6.0,3.0,0.0,0.0,2
696.0,8.0,0.9763581230496984,0.0,0.0,0.0,0.0,0.0,92.0,2.0,0.6922017029602767,0.0,0.0,31.566666666666663,0.0,0.0,0.0,0.0,16.0,1598.0,10.0,20,1,0.5525394045534151,176.47946056127896,477.5,0.0,0.0,0.0,0.0,2
718.0,5.0,0.183852587906156,0.0,0.0,0.0,0.0,0.0,130.0,5.0,1.178505749217393,0.0,0.0,25.9,0.0,0.0,0.0,0.0,4.0,1534.0,4.0,21,0,0.5525394045534151,134.36765483801034,591.0,0.0,0.0,0.0,0.0,3
568.0,4.0,1.2163327602840932,0.0,0.0,0.0,0.0,0.0,132.0,5.0,1.120531667232728,0.0,2.0,22.24137931034483,0.0,0.0,0.0,0.0,12.0,746.0,8.0,21,0,0.5525394045534151,116.85175793856654,612.5,0.0,0.0,0.0,0.0,3
634.0,6.0,0.844412994193273,0.0,0.0,0.0,0.0,0.0,226.0,6.0,1.6044519768895675,0.0,2.0,23.566666666666663,0.0,0.0,0.0,0.0,8.0,928.0,8.0,22,0,0.5525394045534151,67.46851117373211,654.0,0.0,0.0,0.0,0.0,2
714.0,6.0,0.914448243567066,0.0,0.0,0.0,0.0,0.0,248.0,4.0,1.041975923820485,0.0,2.0,51.96666666666667,0.0,0.0,0.0,0.0,14.0,2036.0,8.0,22,0,0.5525394045534151,71.6728679487574,658.5,0.0,0.0,0.0,0.0,2
686.0,3.0,0.4603302122012868,0.0,0.0,0.0,0.0,0.0,294.0,3.0,0.7775813170669044,0.0,0.0,66.1,0.0,0.0,0.0,0.0,6.0,2390.0,6.0,23,0,0.5525394045534151,64.21578206848127,650.5,0.0,0.0,0.0,0.0,2
312.0,4.0,0.8858302747517762,0.0,0.0,0.0,0.0,0.0,40.0,3.0,1.0296530140615734,0.0,0.0,63.22222222222222,0.0,0.0,0.0,0.0,12.0,604.0,4.0,23,0,0.5525394045534151,185.9775972171559,586.5,0.0,0.0,0.0,0.0,2
370.0,2.0,0.1430984409635493,0.0,0.0,0.0,0.0,0.0,20.0,3.0,1.054920167983144,0.0,2.0,68.19047619047619,0.0,0.0,0.0,0.0,6.0,28.0,2.0,0,0,0.5525394045534151,208.9298127761251,520.5,0.0,0.0,0.0,0.0,2
702.0,7.0,0.7761255900375307,0.0,0.0,0.0,0.0,0.0,30.0,3.0,0.7647544195644197,0.0,0.0,83.42857142857143,0.0,0.0,0.0,0.0,6.0,2240.0,2.0,0,0,0.5525394045534151,205.2794842809838,517.5,0.0,0.0,0.0,0.0,3
0.0,0.0,0.0,0.0,0.0,0.0,0.0,0.0,16.0,1.0,-1.000088900581841e-12,0.0,0.0,72.0,0.0,0.0,0.0,0.0,0.0,0.0,0.0,7,0,0.5525394045534151,0.0,0.0,0.0,0.0,0.0,0.0,2
0.0,0.0,0.0,0.0,0.0,0.0,0.0,0.0,16.0,2.0,0.6931471805579453,0.0,0.0,71.0,0.0,0.0,0.0,0.0,0.0,0.0,0.0,7,0,0.5525394045534151,0.0,0.0,0.0,0.0,0.0,0.0,2
100.0,1.0,-1.000088900581841e-12,0.0,0.0,0.0,0.0,0.0,14.0,1.0,-1.000088900581841e-12,0.0,0.0,70.38461538461539,0.0,0.0,0.0,0.0,6.0,0.0,0.0,8,1,0.5525394045534151,50.00000000000006,25.0,0.0,0.0,0.0,0.0,2
60.0,1.0,-1.000088900581841e-12,0.0,0.0,0.0,0.0,0.0,10.0,1.0,-1.000088900581841e-12,0.0,0.0,69.33333333333333,0.0,0.0,0.0,0.0,0.0,0.0,0.0,8,1,0.5525394045534151,48.989794855663625,40.0,0.0,0.0,0.0,0.0,2
2.0,1.0,-1.000088900581841e-12,0.0,0.0,0.0,0.0,0.0,8.0,1.0,-1.000088900581841e-12,0.0,0.0,69.0,4.0,0.0,0.0,0.0,0.0,0.0,0.0,9,1,0.5525394045534151,48.45272610149684,40.5,0.0,0.0,0.0,0.0,2
264.0,7.0,1.3274021430593477,0.0,0.0,0.0,0.0,0.0,66.0,6.0,1.526004863400646,0.0,0.0,67.125,0.0,0.0,0.0,0.0,6.0,1144.0,4.0,9,1,0.5525394045534151,112.44406016622963,106.5,0.0,0.0,0.0,0.0,3
718.0,4.0,0.3849758966555616,0.0,0.0,0.0,0.0,0.0,72.0,6.0,1.650553947633964,0.0,0.0,63.86666666666667,0.0,0.0,0.0,0.0,6.0,3906.0,2.0,10,1,0.5525394045534151,324.72552512339814,261.0,0.0,0.0,0.0,0.0,3
694.0,9.0,0.924875942094507,0.0,0.0,0.0,0.0,0.0,132.0,4.0,0.94980893341921,0.0,6.0,71.17241379310344,0.0,0.0,0.0,0.0,56.0,2476.0,24.0,10,1,0.5525394045534151,347.8213142788502,419.5,0.0,0.0,0.0,0.0,3
532.0,6.0,1.0359691838250136,0.0,0.0,0.0,0.0,0.0,208.0,4.0,1.1265148330301484,0.0,0.0,80.1,0.0,0.0,0.0,0.0,106.0,1852.0,36.0,11,1,0.5525394045534151,209.01674574062247,552.0,0.0,0.0,0.0,0.0,3
520.0,5.0,0.209970062741405,0.0,0.0,0.0,0.0,0.0,400.0,4.0,0.5066534871489744,0.0,0.0,76.96666666666667,0.0,0.0,0.0,0.0,10.0,992.0,4.0,11,1,0.5525394045534151,104.49880382090517,616.0,0.0,0.0,0.0,0.0,3
510.0,6.0,1.155561953857566,0.0,0.0,0.0,0.0,0.0,898.0,4.0,0.5856496569263615,0.0,0.0,74.43333333333334,0.0,0.0,0.0,0.0,50.0,1258.0,14.0,12,1,0.5525394045534151,87.132083643168,564.0,0.0,0.0,0.0,0.0,3
210.0,4.0,0.8603951964320719,0.0,0.0,0.0,0.0,0.0,438.0,3.0,0.163330613188156,0.0,0.0,72.73684210526316,0.0,0.0,0.0,0.0,8.0,1222.0,4.0,12,1,0.5525394045534151,155.5934874386886,443.0,0.0,0.0,0.0,0.0,2
144.0,2.0,0.615498282273913,0.0,0.0,0.0,0.0,0.0,72.0,4.0,1.0998656652267085,0.0,0.0,71.3,0.0,0.0,0.0,0.0,10.0,84.0,4.0,13,1,0.5525394045534151,197.03806738800503,346.0,0.0,0.0,0.0,0.0,3
82.0,2.0,0.581553299613363,0.0,0.0,0.0,0.0,0.0,8.0,1.0,-1.000088900581841e-12,0.0,0.0,70.8,0.0,0.0,0.0,0.0,20.0,4.0,2.0,13,1,0.5525394045534151,189.67603960437395,236.5,0.0,0.0,0.0,0.0,3
448.0,4.0,0.7444372320008537,0.0,0.0,0.0,0.0,0.0,24.0,2.0,0.6365141682928128,0.0,0.0,69.32142857142857,0.0,0.0,0.0,0.0,52.0,280.0,10.0,14,1,0.5525394045534151,160.10413278030444,221.0,0.0,0.0,0.0,0.0,3
434.0,5.0,1.125621111120557,0.0,0.0,0.0,0.0,0.0,202.0,4.0,0.760335077236505,0.0,0.0,44.82758620689656,0.0,0.0,0.0,0.0,126.0,1160.0,18.0,19,1,0.5525394045534151,132.01388815827934,456.5,0.0,0.0,19.0,9.5,2
266.0,3.0,0.4240797584513899,0.0,0.0,0.0,0.0,0.0,110.0,4.0,1.1356778444638669,0.0,0.0,43.035714285714285,0.0,0.0,0.0,0.0,68.0,514.0,10.0,20,1,0.5525394045534151,157.07641452490577,437.5,0.0,0.0,19.0,9.5,2
212.0,3.0,0.7023833549349643,0.0,0.0,0.0,0.0,0.0,22.0,2.0,0.5859526183015509,0.0,0.0,42.13636363636363,0.0,0.0,0.0,0.0,52.0,386.0,16.0,20,1,0.5525394045534151,195.3893548789187,389.5,0.0,0.0,0.0,0.0,2
220.0,3.0,0.5373839033687431,0.0,0.0,0.0,0.0,0.0,100.0,4.0,1.1032863104847486,0.0,0.0,40.59090909090909,0.0,0.0,0.0,0.0,64.0,226.0,16.0,21,0,0.5525394045534151,103.44080432788614,283.0,0.0,0.0,0.0,0.0,3
578.0,4.0,1.3016831873289962,0.0,0.0,0.0,0.0,0.0,274.0,6.0,1.3239383178317825,0.0,0.0,38.206896551724135,0.0,0.0,0.0,0.0,62.0,5452.0,18.0,21,0,0.5525394045534151,174.29859437184234,319.0,0.0,0.0,0.0,0.0,3
714.0,4.0,1.0480646418253512,0.0,0.0,0.0,0.0,0.0,654.0,4.0,1.0043577734655882,0.0,10.0,48.62068965517241,0.0,0.0,0.0,0.0,88.0,2574.0,28.0,22,0,0.5525394045534151,254.4143601817057,431.0,0.0,0.0,0.0,0.0,2
526.0,1.0,-1.000088900581841e-12,0.0,0.0,0.0,0.0,0.0,336.0,3.0,0.937790007319878,0.0,0.0,88.73333333333333,0.0,0.0,0.0,0.0,194.0,1160.0,52.0,22,0,0.5525394045534151,208.64243735795145,509.5,0.0,0.0,0.0,0.0,2
188.0,2.0,0.3388856117065273,0.0,0.0,0.0,0.0,0.0,60.0,2.0,0.6931471805579453,0.0,0.0,90.8,0.0,0.0,0.0,0.0,70.0,236.0,22.0,23,0,0.5525394045534151,223.52553918214065,501.5,0.0,0.0,0.0,0.0,2
290.0,5.0,1.1696017788977215,0.0,0.0,0.0,0.0,0.0,82.0,3.0,0.8462885604443102,0.0,0.0,89.63636363636364,0.0,0.0,0.0,0.0,58.0,3014.0,20.0,23,0,0.5525394045534151,236.6678403726765,429.5,0.0,0.0,0.0,0.0,2
716.0,4.0,0.2371946554145075,0.0,0.0,0.0,0.0,0.0,82.0,3.0,0.8925918131470694,0.0,0.0,87.06666666666666,0.0,0.0,0.0,0.0,84.0,2374.0,32.0,0,0,0.5525394045534151,237.46999810502385,430.0,0.0,0.0,0.0,0.0,3
720.0,8.0,0.8955832595937535,0.0,0.0,0.0,0.0,0.0,114.0,5.0,1.3782005510499316,0.0,0.0,84.06666666666666,0.0,0.0,0.0,0.0,24.0,7494.0,10.0,0,0,0.5525394045534151,279.67302336836144,478.5,0.0,0.0,0.0,0.0,3
582.0,5.0,0.9311861153479716,0.0,0.0,0.0,0.0,0.0,4.0,1.0,-1.000088900581841e-12,0.0,0.0,79.67857142857143,0.0,0.0,0.0,0.0,0.0,3606.0,0.0,1,0,0.5525394045534151,201.7952757953797,577.0,0.0,0.0,0.0,0.0,3
600.0,8.0,1.520819447275277,0.0,0.0,0.0,0.0,0.0,316.0,4.0,0.7029563992218629,0.0,0.0,58.6551724137931,0.0,0.0,0.0,0.0,64.0,8350.0,16.0,9,1,0.5525394045534151,294.1337564215754,408.0,0.0,0.0,0.0,0.0,3
498.0,5.0,1.3073362493108025,0.0,0.0,0.0,0.0,0.0,338.0,3.0,0.905231025773376,0.0,0.0,55.23333333333333,0.0,0.0,0.0,0.0,162.0,5790.0,36.0,10,1,0.5525394045534151,233.65144981360592,497.5,0.0,0.0,0.0,0.0,3
710.0,6.0,0.899407254850641,0.0,0.0,0.0,0.0,0.0,500.0,6.0,1.13574053419649,0.0,0.0,51.06666666666667,0.0,0.0,0.0,0.0,128.0,12948.0,26.0,10,1,0.5525394045534151,104.01762671137364,631.5,0.0,0.0,0.0,0.0,3
698.0,6.0,0.5959820490831111,0.0,0.0,0.0,0.0,0.0,114.0,5.0,1.1119921604055696,0.0,0.0,45.93333333333333,0.0,0.0,0.0,0.0,32.0,3436.0,10.0,11,1,0.5525394045534151,98.82476072995745,626.5,0.0,0.0,0.0,0.0,3
718.0,1.0,-1.000088900581841e-12,0.0,0.0,0.0,0.0,0.0,0.0,0.0,0.0,0.0,0.0,42.06666666666667,0.0,0.0,0.0,0.0,0.0,3044.0,0.0,11,1,0.5525394045534151,105.65352179017351,656.0,0.0,0.0,0.0,0.0,3
668.0,1.0,-1.000088900581841e-12,0.0,0.0,0.0,0.0,0.0,108.0,5.0,1.3508440128482146,0.0,0.0,38.266666666666666,0.0,0.0,0.0,0.0,172.0,7624.0,56.0,12,1,0.5525394045534151,21.93171219946139,698.5,0.0,0.0,0.0,0.0,3
512.0,3.0,0.9849327862711128,0.0,0.0,0.0,0.0,0.0,318.0,5.0,1.254712413092174,0.0,0.0,34.96551724137931,0.0,0.0,0.0,0.0,200.0,5218.0,70.0,12,1,0.5525394045534151,93.61623790774762,649.0,0.0,0.0,0.0,0.0,3
350.0,6.0,1.1587706397979003,0.0,0.0,0.0,0.0,0.0,124.0,5.0,1.286849851946772,0.0,32.0,32.6,0.0,0.0,0.0,0.0,172.0,2832.0,18.0,13,1,0.5525394045534151,166.34903065542642,562.0,0.0,0.0,0.0,0.0,3
74.0,1.0,-1.000088900581841e-12,0.0,0.0,0.0,0.0,0.0,0.0,0.0,0.0,0.0,0.0,40.0,0.0,0.0,0.0,0.0,0.0,0.0,0.0,13,1,0.5525394045534151,253.73214222876848,401.0,0.0,0.0,0.0,0.0,3
112.0,1.0,-1.000088900581841e-12,0.0,0.0,0.0,0.0,0.0,0.0,0.0,0.0,0.0,0.0,69.0,0.0,0.0,0.0,0.0,0.0,0.0,0.0,17,1,0.5525394045534151,135.93503350252772,208.5,0.0,0.0,0.0,0.0,3
392.0,4.0,1.26503556375709,0.0,0.0,0.0,0.0,0.0,680.0,4.0,0.1780950536157047,0.0,0.0,67.65384615384616,0.0,0.0,0.0,0.0,12.0,1118.0,2.0,18,1,0.5525394045534151,151.26577052768195,219.0,0.0,0.0,0.0,0.0,3
324.0,4.0,0.7977641371257067,0.0,0.0,0.0,0.0,0.0,110.0,7.0,1.5988055538329478,0.0,0.0,66.10344827586206,0.0,0.0,0.0,0.0,6.0,62.0,2.0,18,1,0.5525394045534151,119.74834723981232,281.5,0.0,0.0,0.0,0.0,3
308.0,3.0,0.4920027974184238,0.0,0.0,0.0,0.0,0.0,4.0,1.0,-1.000088900581841e-12,0.0,0.0,64.18518518518519,0.0,0.0,0.0,0.0,12.0,8.0,0.0,19,1,0.5525394045534151,120.3107088611262,284.0,0.0,0.0,0.0,0.0,3
246.0,1.0,-1.000088900581841e-12,0.0,0.0,0.0,0.0,0.0,8.0,1.0,-1.000088900581841e-12,0.0,0.0,63.56,0.0,0.0,0.0,0.0,0.0,0.0,0.0,19,1,0.5525394045534151,59.98610950322864,317.5,0.0,0.0,0.0,0.0,3
304.0,3.0,0.7062786706721857,0.0,0.0,0.0,0.0,0.0,28.0,3.0,0.9556998911095343,0.0,0.0,62.27586206896552,0.0,0.0,0.0,0.0,14.0,82.0,4.0,20,1,0.5525394045534151,34.11255878216512,295.5,0.0,0.0,0.0,0.0,3
404.0,5.0,1.1701699337005398,0.0,0.0,0.0,0.0,0.0,72.0,3.0,0.6837389058457535,0.0,0.0,60.74074074074074,0.0,0.0,0.0,0.0,24.0,1226.0,2.0,20,1,0.5525394045534151,65.44972625356557,315.5,0.0,0.0,0.0,0.0,3
602.0,5.0,0.9506436074373013,0.0,0.0,0.0,0.0,0.0,248.0,4.0,1.19167713959054,0.0,0.0,58.6551724137931,0.0,0.0,0.0,0.0,46.0,1346.0,14.0,21,0,0.5525394045534151,156.2775309078905,389.0,0.0,0.0,0.0,0.0,3
614.0,8.0,1.5380106263252926,0.0,0.0,0.0,0.0,0.0,476.0,5.0,0.7096359126018282,0.0,0.0,55.56666666666667,0.0,0.0,0.0,0.0,38.0,2936.0,8.0,21,0,0.5525394045534151,152.30233090796742,481.0,0.0,0.0,0.0,0.0,3
278.0,4.0,0.9887380879404112,0.0,0.0,0.0,0.0,0.0,100.0,3.0,1.0982095403501893,0.0,0.0,52.80769230769231,0.0,0.0,0.0,0.0,50.0,816.0,22.0,22,0,0.5525394045534151,162.58228685807074,474.5,0.0,0.0,0.0,0.0,2
458.0,4.0,0.4933238953992105,0.0,0.0,0.0,0.0,0.0,108.0,3.0,1.002675013356144,0.0,0.0,51.25925925925926,0.0,0.0,0.0,0.0,88.0,1344.0,34.0,22,0,0.5525394045534151,156.92036196746426,488.0,0.0,0.0,0.0,0.0,2
364.0,3.0,0.5148424162714171,0.0,0.0,0.0,0.0,0.0,6.0,2.0,0.6365141682928128,0.0,0.0,49.21739130434783,0.0,0.0,0.0,0.0,0.0,812.0,0.0,23,0,0.5525394045534151,143.86451960090787,428.5,0.0,0.0,0.0,0.0,2
602.0,4.0,0.963116616536252,0.0,0.0,0.0,0.0,0.0,16.0,1.0,-1.000088900581841e-12,0.0,0.0,46.84615384615385,0.0,0.0,0.0,0.0,26.0,936.0,8.0,23,0,0.5525394045534151,138.74076545846214,425.5,0.0,0.0,0.0,0.0,2
716.0,5.0,1.30185564938694,0.0,0.0,0.0,0.0,0.0,326.0,4.0,0.7331328871145283,0.0,14.0,45.16666666666666,0.0,0.0,0.0,0.0,54.0,3138.0,10.0,0,0,0.5525394045534151,155.37052487521564,535.0,0.0,0.0,0.0,0.0,3
524.0,5.0,0.8099798942282695,0.0,0.0,0.0,0.0,0.0,98.0,4.0,0.8395851015064917,0.0,0.0,41.57142857142857,0.0,0.0,0.0,0.0,16.0,552.0,0.0,0,0,0.5525394045534151,147.78700890132396,551.5,0.0,0.0,0.0,0.0,3
66.0,1.0,-1.000088900581841e-12,0.0,0.0,0.0,0.0,0.0,40.0,1.0,-1.000088900581841e-12,0.0,0.0,40.583333333333336,0.0,0.0,0.0,0.0,0.0,0.0,0.0,1,0,0.5525394045534151,285.1175196300641,477.0,0.0,0.0,0.0,0.0,3
10.0,1.0,-1.000088900581841e-12,0.0,0.0,0.0,0.0,0.0,0.0,0.0,0.0,0.0,0.0,39.75,16.0,0.0,0.0,0.0,0.0,0.0,0.0,1,0,0.5525394045534151,345.79570076371203,329.0,0.0,0.0,0.0,0.0,3
0.0,0.0,0.0,0.0,0.0,0.0,0.0,0.0,0.0,0.0,0.0,0.0,0.0,39.0,0.0,0.0,0.0,0.0,0.0,0.0,0.0,2,0,0.5525394045534151,251.0192555695014,150.0,0.0,0.0,0.0,0.0,3
0.0,0.0,0.0,0.0,0.0,0.0,0.0,0.0,0.0,0.0,0.0,0.0,0.0,38.0,12.0,0.0,0.0,0.0,0.0,0.0,0.0,2,0,0.5525394045534151,31.68595903550967,19.0,0.0,0.0,0.0,0.0,3
0.0,0.0,0.0,0.0,0.0,0.0,0.0,0.0,0.0,0.0,0.0,0.0,0.0,37.16666666666666,0.0,0.0,0.0,0.0,0.0,0.0,0.0,3,0,0.5525394045534151,4.999999999999661,2.5,0.0,0.0,0.0,0.0,3
0.0,0.0,0.0,0.0,0.0,0.0,0.0,0.0,0.0,0.0,0.0,0.0,0.0,36.5,0.0,0.0,0.0,0.0,0.0,0.0,0.0,3,0,0.5525394045534151,0.0,0.0,0.0,0.0,0.0,0.0,3
0.0,0.0,0.0,0.0,0.0,0.0,0.0,0.0,0.0,0.0,0.0,0.0,0.0,35.857142857142854,0.0,0.0,0.0,0.0,0.0,0.0,0.0,4,0,0.5525394045534151,0.0,0.0,0.0,0.0,0.0,0.0,3
0.0,0.0,0.0,0.0,0.0,0.0,0.0,0.0,178.0,1.0,-1.000088900581841e-12,0.0,0.0,34.5,6.0,0.0,0.0,0.0,0.0,0.0,0.0,4,0,0.5525394045534151,0.0,0.0,0.0,0.0,0.0,0.0,3
0.0,0.0,0.0,0.0,0.0,0.0,0.0,0.0,524.0,1.0,-1.000088900581841e-12,0.0,0.0,33.857142857142854,0.0,0.0,0.0,0.0,0.0,0.0,0.0,5,0,0.5525394045534151,0.0,0.0,0.0,0.0,0.0,0.0,3
0.0,0.0,0.0,0.0,0.0,0.0,0.0,0.0,6.0,1.0,-1.000088900581841e-12,0.0,0.0,33.0,0.0,0.0,0.0,0.0,0.0,0.0,0.0,5,0,0.5525394045534151,0.0,0.0,0.0,0.0,0.0,0.0,3
0.0,0.0,0.0,0.0,0.0,0.0,0.0,0.0,0.0,0.0,0.0,0.0,0.0,32.285714285714285,0.0,0.0,0.0,0.0,0.0,0.0,0.0,6,0,0.5525394045534151,0.0,0.0,0.0,0.0,0.0,0.0,3
0.0,0.0,0.0,0.0,0.0,0.0,0.0,0.0,4.0,1.0,-1.000088900581841e-12,0.0,0.0,31.5,0.0,0.0,0.0,0.0,0.0,0.0,0.0,6,0,0.5525394045534151,0.0,0.0,0.0,0.0,0.0,0.0,3
0.0,0.0,0.0,0.0,0.0,0.0,0.0,0.0,0.0,0.0,0.0,0.0,0.0,30.83333333333333,0.0,0.0,0.0,0.0,0.0,0.0,0.0,7,0,0.5525394045534151,0.0,0.0,0.0,0.0,0.0,0.0,3
0.0,0.0,0.0,0.0,0.0,0.0,0.0,0.0,4.0,1.0,-1.000088900581841e-12,0.0,0.0,30.0,0.0,0.0,0.0,0.0,0.0,0.0,0.0,7,0,0.5525394045534151,0.0,0.0,0.0,0.0,0.0,0.0,3
226.0,3.0,0.5048802332735769,0.0,0.0,0.0,0.0,0.0,72.0,4.0,1.2487993582862114,0.0,0.0,28.33333333333333,0.0,0.0,0.0,0.0,18.0,976.0,10.0,8,1,0.5525394045534151,113.0,56.5,0.0,0.0,0.0,0.0,3
718.0,3.0,0.2012424675068737,0.0,0.0,0.0,0.0,0.0,24.0,1.0,-1.000088900581841e-12,0.0,0.0,25.53333333333333,0.0,0.0,0.0,0.0,0.0,6086.0,0.0,8,1,0.5525394045534151,338.5340947871179,236.0,0.0,0.0,0.0,0.0,3
720.0,4.0,0.7314123942487768,0.0,0.0,0.0,0.0,0.0,118.0,5.0,1.1086280259266017,0.0,0.0,21.9,0.0,0.0,0.0,0.0,0.0,7882.0,0.0,9,1,0.5525394045534151,361.8360586416634,416.0,0.0,0.0,0.0,0.0,2
700.0,9.0,1.6033182500664058,0.0,0.0,0.0,0.0,0.0,168.0,7.0,1.6931173807474982,0.0,18.0,18.53333333333333,0.0,0.0,0.0,0.0,122.0,3224.0,20.0,9,1,0.5525394045534151,243.49948665243627,591.0,0.0,0.0,0.0,0.0,2
690.0,4.0,1.2375119560972945,0.0,0.0,0.0,0.0,0.0,158.0,6.0,1.3253303314610394,0.0,16.0,40.53333333333333,0.0,0.0,0.0,0.0,106.0,3002.0,6.0,10,1,0.5525394045534151,14.468356276140351,707.0,0.0,0.0,0.0,0.0,3
720.0,4.0,0.6661861208990245,0.0,0.0,0.0,0.0,0.0,78.0,4.0,0.9133534433865622,0.0,0.0,84.46666666666667,0.0,0.0,0.0,0.0,0.0,1700.0,0.0,10,1,0.5525394045534151,14.999999999999885,707.5,0.0,0.0,0.0,0.0,3
604.0,5.0,1.3425696118396695,0.0,0.0,0.0,0.0,0.0,212.0,6.0,1.3813036262232594,0.0,0.0,95.58620689655172,0.0,0.0,0.0,0.0,146.0,1760.0,48.0,11,1,0.5525394045534151,51.20872321522312,678.5,0.0,0.0,0.0,0.0,3
364.0,4.0,0.8514572173873572,0.0,0.0,0.0,0.0,0.0,44.0,2.0,0.6890092384746587,0.0,0.0,85.93333333333334,0.0,0.0,0.0,0.0,88.0,368.0,18.0,13,1,0.5525394045534151,78.37303958207399,426.5,0.0,0.0,0.0,0.0,3
350.0,2.0,0.3435181011495703,0.0,0.0,0.0,0.0,0.0,74.0,3.0,0.8896369574847256,0.0,0.0,84.46666666666667,0.0,0.0,0.0,0.0,80.0,766.0,14.0,13,1,0.5525394045534151,28.118795611950933,379.0,0.0,0.0,0.0,0.0,2
262.0,3.0,0.35031438056911,0.0,0.0,0.0,0.0,0.0,74.0,3.0,0.6142439731723446,0.0,0.0,81.92,0.0,0.0,0.0,0.0,26.0,228.0,4.0,14,1,0.5525394045534151,54.95452665613638,341.0,0.0,0.0,0.0,0.0,2
276.0,1.0,-1.000088900581841e-12,0.0,0.0,0.0,0.0,0.0,0.0,0.0,0.0,0.0,0.0,80.70370370370371,0.0,0.0,0.0,0.0,42.0,0.0,0.0,14,1,0.5525394045534151,51.44576432192129,313.0,0.0,0.0,0.0,0.0,2
332.0,2.0,0.6013948111826927,0.0,0.0,0.0,0.0,0.0,24.0,2.0,0.6365141682928128,0.0,0.0,79.44444444444444,0.0,0.0,0.0,0.0,48.0,94.0,16.0,15,1,0.5525394045534151,42.5989045242559,305.0,0.0,0.0,0.0,0.0,2
346.0,4.0,0.8551227304271221,0.0,0.0,0.0,0.0,0.0,36.0,2.0,0.6365141682928128,0.0,0.0,77.75,0.0,0.0,0.0,0.0,106.0,182.0,10.0,15,1,0.5525394045534151,41.214884042863325,304.0,0.0,0.0,0.0,0.0,2
322.0,2.0,0.2805859912924692,0.0,0.0,0.0,0.0,0.0,24.0,2.0,0.6365141682928128,0.0,0.0,76.46428571428571,0.0,0.0,0.0,0.0,30.0,184.0,10.0,16,1,0.5525394045534151,30.309514457784864,319.0,0.0,0.0,0.0,0.0,2
554.0,5.0,1.1965796429187272,0.0,0.0,0.0,0.0,0.0,182.0,6.0,1.39001663280765,0.0,0.0,74.41379310344827,0.0,0.0,0.0,0.0,204.0,448.0,34.0,16,1,0.5525394045534151,110.77153665691084,388.5,0.0,0.0,0.0,0.0,2
422.0,5.0,1.1145738648534302,0.0,0.0,0.0,0.0,0.0,54.0,4.0,1.320734590487137,0.0,0.0,71.93103448275862,0.0,0.0,0.0,0.0,80.0,1456.0,26.0,17,1,0.5525394045534151,104.42860399973438,411.0,0.0,0.0,0.0,0.0,3
370.0,3.0,0.2922977828706831,0.0,0.0,0.0,0.0,0.0,36.0,4.0,1.2148896539451204,0.0,0.0,59.25,0.0,0.0,0.0,0.0,262.0,322.0,16.0,20,1,0.5525394045534151,123.2923355282071,250.5,0.0,0.0,0.0,0.0,2
268.0,3.0,0.92963418198597,0.0,0.0,0.0,0.0,0.0,24.0,1.0,-1.000088900581841e-12,0.0,0.0,57.458333333333336,0.0,0.0,0.0,0.0,118.0,1800.0,24.0,20,1,0.5525394045534151,121.88519188154072,246.0,0.0,0.0,0.0,0.0,2
424.0,7.0,1.6224020860296762,0.0,0.0,0.0,0.0,0.0,82.0,3.0,0.9369484522498944,0.0,0.0,55.86206896551724,0.0,0.0,0.0,0.0,272.0,2736.0,56.0,21,0,0.5525394045534151,77.67238891652555,332.5,0.0,0.0,0.0,0.0,2
618.0,8.0,1.5029090590975631,0.0,0.0,0.0,0.0,0.0,340.0,4.0,1.144590953834988,0.0,0.0,52.03448275862069,0.0,0.0,0.0,0.0,282.0,4068.0,80.0,21,0,0.5525394045534151,146.99659860010368,420.0,0.0,0.0,0.0,0.0,2
718.0,5.0,1.3541556994402555,0.0,0.0,0.0,0.0,0.0,152.0,5.0,1.1578678371310225,0.0,0.0,47.56666666666667,0.0,0.0,0.0,0.0,70.0,6832.0,14.0,22,0,0.5525394045534151,200.7087442041328,507.0,0.0,0.0,0.0,0.0,2
608.0,2.0,0.0396091040083976,0.0,0.0,0.0,0.0,0.0,58.0,3.0,0.8325712617858918,0.0,0.0,43.16666666666666,0.0,0.0,0.0,0.0,62.0,3356.0,6.0,22,0,0.5525394045534151,122.5180258846292,592.0,0.0,0.0,0.0,0.0,2
574.0,5.0,1.0321460574822816,0.0,0.0,0.0,0.0,0.0,438.0,3.0,0.6770264689715085,0.0,0.0,39.53333333333333,0.0,0.0,0.0,0.0,264.0,5444.0,42.0,23,0,0.5525394045534151,61.93275923666464,629.5,0.0,0.0,0.0,0.0,2
504.0,9.0,1.8287784479661344,0.0,0.0,0.0,0.0,0.0,160.0,3.0,0.8888879608305087,0.0,0.0,36.14814814814815,0.0,0.0,0.0,0.0,280.0,3784.0,52.0,23,0,0.5525394045534151,89.21135951585241,601.0,0.0,0.0,0.0,0.0,2
194.0,5.0,1.2160127222488586,0.0,0.0,0.0,0.0,0.0,44.0,2.0,0.6554817738993928,0.0,40.0,34.25,0.0,0.0,0.0,0.0,150.0,2420.0,14.0,0,0,0.5525394045534151,189.02557146234653,470.0,0.0,0.0,0.0,0.0,2
718.0,2.0,0.4972976265111094,0.0,0.0,0.0,0.0,0.0,184.0,2.0,0.3660578212943271,0.0,0.0,65.03333333333333,0.0,0.0,0.0,0.0,196.0,870.0,38.0,0,0,0.5525394045534151,221.07841746011,497.5,0.0,0.0,0.0,0.0,2
582.0,3.0,0.8398435906053701,0.0,0.0,0.0,0.0,0.0,104.0,3.0,0.7348815636205095,0.0,0.0,95.26666666666668,0.0,0.0,0.0,0.0,76.0,3208.0,20.0,1,0,0.5525394045534151,222.0352824815612,499.5,0.0,0.0,0.0,0.0,2
118.0,3.0,0.7576790869640583,0.0,0.0,0.0,0.0,0.0,12.0,2.0,0.6931471805579453,0.0,0.0,97.0,0.0,0.0,0.0,0.0,72.0,58.0,18.0,1,0,0.5525394045534151,292.2168144831277,403.0,0.0,0.0,0.0,0.0,2
62.0,1.0,-1.000088900581841e-12,0.0,0.0,0.0,0.0,0.0,0.0,0.0,0.0,0.0,0.0,96.57894736842104,0.0,0.0,0.0,0.0,34.0,0.0,0.0,2,0,0.5525394045534151,328.84444144103554,370.0,0.0,0.0,0.0,0.0,2
654.0,10.0,1.8743635475158045,0.0,0.0,0.0,0.0,0.0,46.0,3.0,0.8223449173904805,0.0,0.0,94.6896551724138,0.0,0.0,0.0,0.0,236.0,6632.0,38.0,2,0,0.5525394045534151,307.1069303462015,354.0,0.0,0.0,0.0,0.0,2
188.0,4.0,0.6970971529871344,0.0,0.0,0.0,0.0,0.0,590.0,3.0,0.1559243340458011,0.0,0.0,91.15,0.0,0.0,0.0,0.0,32.0,1898.0,6.0,3,0,0.5525394045534151,270.62089103886024,255.5,0.0,0.0,0.0,0.0,2
616.0,8.0,1.4507226969043363,0.0,0.0,0.0,0.0,0.0,168.0,6.0,1.4409005086541316,0.0,0.0,72.44827586206897,0.0,0.0,0.0,0.0,32.0,1392.0,20.0,9,1,0.5525394045534151,290.13732380834193,182.5,0.0,0.0,0.0,0.0,2
506.0,3.0,0.7031138271623145,0.0,0.0,0.0,0.0,0.0,80.0,3.0,0.779564845437536,0.0,0.0,69.5,0.0,0.0,0.0,0.0,24.0,26.0,4.0,10,1,0.5525394045534151,312.2264135740814,294.0,0.0,0.0,0.0,0.0,2
310.0,2.0,0.163821527231816,0.0,0.0,0.0,0.0,0.0,78.0,5.0,1.2905232544182816,0.0,0.0,67.82142857142857,0.0,0.0,0.0,0.0,8.0,20.0,2.0,10,1,0.5525394045534151,247.4752512878813,371.0,0.0,0.0,0.0,0.0,2
330.0,4.0,1.1949823299238485,0.0,0.0,0.0,0.0,0.0,104.0,7.0,1.7364754010710972,0.0,0.0,65.0,0.0,0.0,0.0,0.0,16.0,490.0,4.0,11,1,0.5525394045534151,146.43656191903264,440.5,0.0,0.0,0.0,0.0,3
224.0,5.0,0.7259592185838613,0.0,0.0,0.0,0.0,0.0,96.0,7.0,1.7983761386123636,0.0,0.0,62.80769230769231,0.0,0.0,0.0,0.0,12.0,240.0,6.0,11,1,0.5525394045534151,118.30328256927903,342.5,0.0,0.0,0.0,0.0,4
440.0,4.0,0.8308109356928141,0.0,0.0,0.0,0.0,0.0,122.0,7.0,1.5603089025041013,0.0,0.0,60.5,0.0,0.0,0.0,0.0,48.0,398.0,14.0,12,1,0.5525394045534151,88.82942455440472,326.0,0.0,0.0,0.0,0.0,3
714.0,6.0,1.2894644632018846,0.0,0.0,0.0,0.0,0.0,646.0,4.0,0.4696659467774468,0.0,0.0,55.96666666666667,0.0,0.0,0.0,0.0,8.0,4458.0,4.0,12,1,0.5525394045534151,210.6782697226588,427.0,0.0,0.0,0.0,0.0,5
716.0,5.0,0.7383106338169979,0.0,0.0,0.0,0.0,0.0,1004.0,3.0,0.072398662594778,0.0,0.0,51.2,0.0,0.0,0.0,0.0,4.0,7836.0,2.0,13,1,0.5525394045534151,238.0609165738888,523.5,0.0,0.0,0.0,0.0,5
320.0,5.0,0.6255210713491154,0.0,0.0,0.0,0.0,0.0,52.0,3.0,1.0123308391001735,0.0,0.0,48.57142857142857,0.0,0.0,0.0,0.0,42.0,804.0,10.0,13,1,0.5525394045534151,199.5219286193877,547.5,0.0,0.0,0.0,0.0,4
590.0,10.0,1.219714015850068,0.0,0.0,0.0,0.0,0.0,1138.0,3.0,0.292155849502871,0.0,0.0,46.206896551724135,0.0,0.0,0.0,0.0,80.0,3812.0,30.0,14,1,0.5525394045534151,186.236408900086,585.0,0.0,0.0,0.0,0.0,4
426.0,5.0,0.864128519926027,0.0,0.0,0.0,0.0,0.0,140.0,5.0,1.2382682088077854,0.0,0.0,43.310344827586206,0.0,0.0,0.0,0.0,40.0,2676.0,20.0,14,1,0.5525394045534151,175.07712586171849,513.0,0.0,0.0,0.0,0.0,4
708.0,3.0,0.3571585350864358,0.0,0.0,0.0,0.0,0.0,362.0,3.0,0.7102707605628573,0.0,10.0,51.5,0.0,0.0,0.0,0.0,44.0,2692.0,12.0,15,1,0.5525394045534151,172.00387592532135,511.0,0.0,0.0,0.0,0.0,5
718.0,3.0,0.505978975909126,0.0,0.0,0.0,0.0,0.0,56.0,2.0,0.6279415887379061,0.0,0.0,75.83333333333333,0.0,0.0,0.0,0.0,28.0,944.0,10.0,15,1,0.5525394045534151,136.04288539525572,610.5,0.0,0.0,0.0,0.0,4
304.0,3.0,0.7541296809566483,0.0,0.0,0.0,0.0,0.0,100.0,2.0,0.6730116670072565,0.0,0.0,89.93103448275862,0.0,0.0,0.0,0.0,46.0,336.0,26.0,16,1,0.5525394045534151,207.0394487370302,539.0,0.0,0.0,0.0,0.0,4
314.0,3.0,0.2759222501487108,0.0,0.0,0.0,0.0,0.0,40.0,4.0,1.165524439930698,0.0,0.0,89.14814814814815,0.0,0.0,0.0,0.0,50.0,188.0,6.0,16,1,0.5525394045534151,233.3209520524608,511.0,0.0,0.0,0.0,0.0,4
226.0,4.0,0.4360168578366058,0.0,0.0,0.0,0.0,0.0,112.0,5.0,1.3387503886316017,0.0,0.0,88.22222222222223,0.0,0.0,0.0,0.0,24.0,162.0,6.0,17,1,0.5525394045534151,221.84904777798803,390.5,0.0,0.0,0.0,0.0,4
362.0,2.0,0.6721054305338112,0.0,0.0,0.0,0.0,0.0,134.0,4.0,1.0233406052796592,0.0,0.0,86.78571428571429,0.0,0.0,0.0,0.0,88.0,1528.0,18.0,17,1,0.5525394045534151,56.34122232729203,301.5,0.0,0.0,0.0,0.0,4
224.0,3.0,0.7958306074742845,0.0,0.0,0.0,0.0,0.0,138.0,4.0,0.7218239413537798,0.0,0.0,85.5909090909091,0.0,0.0,0.0,0.0,36.0,540.0,14.0,18,1,0.5525394045534151,68.12488532100453,281.5,0.0,0.0,0.0,0.0,4
352.0,4.0,0.943953604346927,0.0,0.0,0.0,0.0,0.0,190.0,2.0,0.6581099875411144,0.0,0.0,84.07142857142857,0.0,0.0,0.0,0.0,112.0,1076.0,58.0,18,1,0.5525394045534151,76.32387132040245,291.0,0.0,0.0,0.0,0.0,4
440.0,8.0,1.517803986356978,0.0,0.0,0.0,0.0,0.0,180.0,6.0,1.4770629172307077,0.0,0.0,81.96428571428571,0.0,0.0,0.0,0.0,170.0,960.0,24.0,19,1,0.5525394045534151,89.44830909525353,344.5,0.0,0.0,0.0,0.0,4
402.0,5.0,1.1644325740709645,0.0,0.0,0.0,0.0,0.0,98.0,4.0,0.8043510860902168,0.0,0.0,79.78571428571429,0.0,0.0,0.0,0.0,56.0,5286.0,6.0,19,1,0.5525394045534151,94.16828907156952,354.5,0.0,0.0,0.0,0.0,5
502.0,4.0,0.8725813357027494,0.0,0.0,0.0,0.0,0.0,48.0,3.0,0.8876942757961039,0.0,0.0,76.76666666666667,0.0,0.0,0.0,0.0,152.0,6476.0,20.0,20,1,0.5525394045534151,63.26663154196438,424.0,0.0,0.0,0.0,0.0,5
374.0,3.0,0.519758568254967,0.0,0.0,0.0,0.0,0.0,36.0,3.0,1.0608569471550215,0.0,0.0,74.60714285714286,0.0,0.0,0.0,0.0,28.0,538.0,6.0,20,1,0.5525394045534151,55.38652062250058,429.5,0.0,0.0,0.0,0.0,5
192.0,1.0,-1.000088900581841e-12,0.0,0.0,0.0,0.0,0.0,34.0,2.0,0.362210557133449,0.0,0.0,73.6,0.0,0.0,0.0,0.0,66.0,0.0,8.0,21,0,0.5525394045534151,129.25813965343414,367.5,0.0,0.0,0.0,0.0,4
554.0,7.0,1.732059662643899,0.0,0.0,0.0,0.0,0.0,268.0,3.0,0.6396746455868598,0.0,0.0,71.66666666666667,0.0,0.0,0.0,0.0,116.0,4024.0,28.0,21,0,0.5525394045534151,161.18209164378865,405.5,0.0,0.0,0.0,0.0,4
618.0,9.0,1.8938711093247715,0.0,0.0,0.0,0.0,0.0,230.0,4.0,0.7352462217457731,0.0,0.0,67.3,0.0,0.0,0.0,0.0,38.0,4776.0,12.0,22,0,0.5525394045534151,191.84976761344632,434.5,0.0,0.0,0.0,0.0,4
720.0,4.0,0.3342618533734779,0.0,0.0,0.0,0.0,0.0,102.0,2.0,0.3207532052582302,0.0,0.0,63.13333333333333,0.0,0.0,0.0,0.0,0.0,11694.0,0.0,22,0,0.5525394045534151,229.7389823255949,521.0,0.0,0.0,0.0,0.0,5
478.0,10.0,1.7222431644002223,0.0,0.0,0.0,0.0,0.0,78.0,4.0,1.2001635060915752,0.0,0.0,59.69230769230769,0.0,0.0,0.0,0.0,20.0,3422.0,8.0,23,0,0.5525394045534151,102.4678811465656,592.5,0.0,0.0,0.0,0.0,5
298.0,7.0,1.1364118608788187,0.0,0.0,0.0,0.0,0.0,46.0,1.0,-1.000088900581841e-12,0.0,0.0,57.42857142857143,0.0,0.0,0.0,0.0,60.0,1516.0,12.0,23,0,0.5525394045534151,182.9052578066945,528.5,0.0,0.0,0.0,0.0,5
578.0,8.0,0.6782586586083394,0.0,0.0,0.0,0.0,0.0,294.0,3.0,0.4858239291524148,0.0,0.0,54.32,0.0,0.0,0.0,0.0,22.0,3272.0,8.0,0,0,0.5525394045534151,177.39128125887893,518.5,0.0,0.0,0.0,0.0,5
312.0,3.0,0.773471641416165,0.0,0.0,0.0,0.0,0.0,142.0,2.0,0.0740225961455812,0.0,0.0,50.68421052631579,0.0,0.0,0.0,0.0,24.0,1920.0,0.0,0,0,0.5525394045534151,135.18752407920894,416.5,0.0,0.0,0.0,0.0,5
0.0,0.0,0.0,0.0,0.0,0.0,0.0,0.0,4.0,1.0,-1.000088900581841e-12,0.0,0.0,40.0,0.0,0.0,0.0,0.0,0.0,0.0,0.0,7,0,0.5525394045534151,0.0,0.0,0.0,0.0,0.0,0.0,4
0.0,0.0,0.0,0.0,0.0,0.0,0.0,0.0,88.0,1.0,-1.000088900581841e-12,0.0,0.0,38.875,0.0,0.0,0.0,0.0,0.0,0.0,0.0,7,0,0.5525394045534151,0.0,0.0,0.0,0.0,0.0,0.0,4
474.0,9.0,1.5923852208106746,0.0,0.0,0.0,0.0,0.0,690.0,7.0,0.4398703271028468,0.0,0.0,37.1,0.0,0.0,0.0,0.0,54.0,3492.0,6.0,8,1,0.5525394045534151,237.00000000000009,118.5,0.0,0.0,0.0,0.0,4
662.0,8.0,1.4598752256177276,0.0,0.0,0.0,0.0,0.0,222.0,4.0,0.9137110571652796,0.0,14.0,32.1,0.0,0.0,0.0,0.0,50.0,4848.0,10.0,8,1,0.5525394045534151,336.79667456790605,284.0,0.0,0.0,0.0,0.0,4
622.0,4.0,0.8888224640476716,0.0,0.0,0.0,0.0,0.0,132.0,3.0,0.556059532848711,0.0,0.0,37.8,0.0,0.0,0.0,0.0,44.0,3802.0,24.0,9,1,0.5525394045534151,303.9533955504802,439.5,0.0,0.0,0.0,0.0,4
554.0,4.0,0.6449958229362104,0.0,0.0,0.0,0.0,0.0,18.0,2.0,0.5297061990556545,0.0,20.0,41.535714285714285,0.0,0.0,0.0,0.0,82.0,990.0,14.0,9,1,0.5525394045534151,82.42976808572669,578.0,0.0,0.0,0.0,0.0,4
210.0,1.0,-1.000088900581841e-12,0.0,0.0,0.0,0.0,0.0,76.0,3.0,0.9174021803597407,0.0,0.0,47.0,0.0,0.0,0.0,0.0,26.0,0.0,0.0,10,1,0.5525394045534151,206.21024869454644,512.0,0.0,0.0,0.0,0.0,4
34.0,1.0,-1.000088900581841e-12,0.0,0.0,0.0,0.0,0.0,46.0,2.0,0.646090505058809,0.0,0.0,46.0,14.0,0.0,0.0,0.0,0.0,0.0,0.0,11,1,0.5525394045534151,227.95540499550933,229.5,0.0,0.0,0.0,0.0,4
320.0,6.0,1.1913577280106402,0.0,0.0,0.0,0.0,0.0,122.0,7.0,1.473692249449432,0.0,0.0,44.21739130434783,0.0,0.0,0.0,0.0,126.0,980.0,20.0,12,1,0.5525394045534151,139.78078074852309,122.0,0.0,0.0,0.0,0.0,4
366.0,7.0,1.043592819902686,0.0,0.0,0.0,0.0,0.0,60.0,3.0,0.9183202268291402,0.0,0.0,40.93103448275862,0.0,0.0,0.0,0.0,118.0,1834.0,20.0,13,1,0.5525394045534151,173.00770695742625,270.5,0.0,0.0,0.0,0.0,4
348.0,4.0,0.8459529690599821,0.0,0.0,0.0,0.0,0.0,166.0,5.0,0.9797867303855092,0.0,0.0,38.68181818181818,0.0,0.0,0.0,0.0,106.0,7106.0,30.0,14,1,0.5525394045534151,120.4699132563812,305.5,0.0,0.0,0.0,0.0,4
124.0,2.0,0.3179367802602418,0.0,0.0,0.0,0.0,0.0,16.0,2.0,0.6931471805579453,0.0,0.0,49.0,0.0,0.0,0.0,0.0,176.0,106.0,8.0,15,1,0.5525394045534151,265.0710596550794,321.0,0.0,0.0,0.0,0.0,3
718.0,5.0,0.7920292953648645,0.0,0.0,0.0,0.0,0.0,56.0,2.0,0.6931471805579453,0.0,0.0,79.4,0.0,0.0,0.0,0.0,194.0,2808.0,34.0,16,1,0.5525394045534151,292.05650138286603,561.5,0.0,0.0,0.0,0.0,4
228.0,2.0,0.536933977667577,0.0,0.0,0.0,0.0,0.0,52.0,2.0,0.6172417697283417,0.0,0.0,89.27777777777777,0.0,0.0,0.0,0.0,86.0,76.0,24.0,17,1,0.5525394045534151,231.2343688410816,560.0,0.0,0.0,0.0,0.0,4
186.0,4.0,1.1727860419129763,0.0,0.0,0.0,0.0,0.0,88.0,5.0,1.5100759685253806,0.0,0.0,87.1875,0.0,0.0,0.0,0.0,40.0,260.0,4.0,18,1,0.5525394045534151,221.4678306210633,262.0,0.0,0.0,0.0,0.0,4
204.0,3.0,0.8362034839470702,0.0,0.0,0.0,0.0,0.0,214.0,4.0,1.0073211752787392,0.0,0.0,84.63636363636364,0.0,0.0,0.0,0.0,160.0,1048.0,34.0,19,1,0.5525394045534151,67.35725647619562,140.5,0.0,0.0,0.0,0.0,4
206.0,2.0,0.33976396794323,0.0,0.0,0.0,0.0,0.0,64.0,2.0,0.525321319513595,0.0,0.0,83.0,0.0,0.0,0.0,0.0,224.0,944.0,32.0,20,1,0.5525394045534151,55.58177159225252,157.0,0.0,0.0,0.0,0.0,4
364.0,3.0,0.7829979287727352,0.0,0.0,0.0,0.0,0.0,80.0,4.0,0.914285581463099,0.0,0.0,80.0,0.0,0.0,0.0,0.0,42.0,5192.0,6.0,21,0,0.5525394045534151,131.02035465275358,262.5,0.0,0.0,0.0,0.0,4
560.0,9.0,1.4359865485707406,0.0,0.0,0.0,0.0,0.0,532.0,6.0,1.215369951603866,0.0,0.0,74.39285714285714,0.0,0.0,0.0,0.0,178.0,6988.0,40.0,22,0,0.5525394045534151,100.50538957356136,456.0,0.0,0.0,0.0,0.0,5
720.0,4.0,0.2263475885209779,0.0,0.0,0.0,0.0,0.0,50.0,3.0,0.5505734282879342,0.0,0.0,67.83333333333333,0.0,0.0,0.0,0.0,44.0,22140.0,4.0,23,0,0.5525394045534151,99.11609354691092,576.0,0.0,0.0,0.0,0.0,4
522.0,6.0,1.1910594384190605,0.0,0.0,0.0,0.0,0.0,68.0,2.0,0.6931471805579453,0.0,0.0,61.785714285714285,0.0,0.0,10.0,0.0,226.0,5080.0,14.0,0,0,0.5525394045534151,102.12410750324004,568.0,0.0,0.0,0.0,0.0,4
436.0,3.0,0.8161880884831683,0.0,0.0,0.0,0.0,0.0,12.0,2.0,0.6365141682928128,0.0,0.0,52.407407407407405,0.0,0.0,0.0,0.0,54.0,976.0,0.0,1,0,0.5525394045534151,118.87668680892256,551.5,0.0,0.0,0.0,0.0,4
434.0,2.0,0.6714885202796922,0.0,0.0,0.0,0.0,0.0,64.0,3.0,0.6019239717292895,0.0,0.0,65.35714285714286,0.0,0.0,0.0,0.0,0.0,100.0,0.0,14,1,0.5525394045534151,179.7730050183656,388.5,0.0,0.0,0.0,0.0,3
320.0,4.0,0.3835399293792351,0.0,0.0,0.0,0.0,0.0,70.0,4.0,1.3110365656323084,0.0,0.0,62.91666666666666,0.0,0.0,0.0,0.0,28.0,142.0,14.0,15,1,0.5525394045534151,115.17378173872724,293.5,0.0,0.0,0.0,0.0,3
438.0,7.0,1.1174187509140532,0.0,0.0,0.0,0.0,0.0,198.0,5.0,1.2017219806355903,0.0,0.0,58.392857142857146,0.0,0.0,0.0,0.0,40.0,1636.0,12.0,16,1,0.5525394045534151,167.82034044378125,415.5,0.0,0.0,0.0,0.0,3
238.0,1.0,-1.000088900581841e-12,0.0,0.0,0.0,0.0,0.0,6.0,1.0,-1.000088900581841e-12,0.0,0.0,54.95,0.0,0.0,0.0,0.0,10.0,2.0,2.0,17,1,0.5525394045534151,176.08615315615623,408.5,0.0,0.0,0.0,0.0,3
330.0,3.0,0.8050184391113449,0.0,0.0,0.0,0.0,0.0,36.0,3.0,1.060856947155021,0.0,0.0,50.96296296296296,0.0,0.0,0.0,0.0,20.0,2064.0,8.0,18,1,0.5525394045534151,101.12039029460531,341.0,0.0,0.0,0.0,0.0,3
714.0,5.0,0.4637866040652405,0.0,0.0,0.0,0.0,0.0,22.0,1.0,-1.000088900581841e-12,0.0,10.0,42.766666666666666,0.0,0.0,0.0,0.0,38.0,392.0,10.0,20,1,0.5525394045534151,113.64271497402127,564.0,0.0,0.0,0.0,0.0,3
718.0,5.0,0.8349755404522115,0.0,0.0,0.0,0.0,0.0,24.0,2.0,0.6365141682928128,0.0,0.0,80.26666666666667,0.0,0.0,0.0,0.0,18.0,190.0,6.0,21,0,0.5525394045534151,65.3605385534726,684.0,0.0,0.0,0.0,0.0,3
586.0,3.0,0.5847997845549247,0.0,0.0,0.0,0.0,0.0,14.0,2.0,0.410116318286409,0.0,0.0,84.33333333333333,0.0,0.0,0.0,0.0,8.0,192.0,2.0,22,0,0.5525394045534151,65.99999999999984,685.0,0.0,0.0,0.0,0.0,3
300.0,3.0,0.6256478975957539,0.0,0.0,0.0,0.0,0.0,20.0,3.0,0.9502705392302344,0.0,0.0,76.73076923076923,0.0,0.0,0.0,0.0,18.0,258.0,2.0,0,0,0.5525394045534151,178.62717225177877,515.5,0.0,0.0,0.0,0.0,2
260.0,2.0,0.6585450135362938,0.0,0.0,0.0,0.0,0.0,92.0,3.0,0.4702359623522493,0.0,0.0,70.5925925925926,0.0,0.0,0.0,0.0,8.0,298.0,0.0,1,0,0.5525394045534151,189.6874622460149,424.0,0.0,0.0,0.0,0.0,3
22.0,1.0,-1.000088900581841e-12,0.0,0.0,0.0,0.0,0.0,0.0,0.0,0.0,0.0,0.0,69.0,6.0,0.0,0.0,0.0,0.0,0.0,0.0,2,0,0.5525394045534151,281.06701454753926,283.0,0.0,0.0,0.0,0.0,3
0.0,0.0,0.0,0.0,0.0,0.0,0.0,0.0,0.0,0.0,0.0,0.0,0.0,67.0,2.0,0.0,0.0,0.0,0.0,0.0,0.0,3,0,0.5525394045534151,82.98393418809042,48.5,0.0,0.0,0.0,0.0,3
400.0,9.0,1.521387431920716,0.0,0.0,0.0,0.0,0.0,106.0,13.0,2.0164025357416464,0.0,0.0,52.05882352941177,0.0,0.0,0.0,0.0,0.0,1384.0,0.0,10,1,0.5525394045534151,200.0,100.0,0.0,0.0,0.0,0.0,3
406.0,4.0,1.2809778696946048,0.0,0.0,0.0,0.0,0.0,20.0,3.0,0.8018185525403374,0.0,0.0,46.06666666666667,0.0,0.0,0.0,0.0,34.0,632.0,0.0,11,1,0.5525394045534151,261.48996156640504,358.5,0.0,0.0,0.0,0.0,3
588.0,4.0,1.1114121224203557,0.0,0.0,0.0,0.0,0.0,14.0,3.0,0.9556998911095343,0.0,0.0,36.32142857142857,0.0,0.0,0.0,0.0,0.0,842.0,0.0,12,1,0.5525394045534151,131.13351974228397,585.0,0.0,0.0,0.0,0.0,3
374.0,3.0,0.722180966448216,0.0,0.0,0.0,0.0,0.0,28.0,2.0,0.6829081046984717,0.0,6.0,37.82142857142857,0.0,0.0,0.0,0.0,50.0,226.0,14.0,13,1,0.5525394045534151,286.55831285563266,435.5,0.0,0.0,0.0,0.0,3
58.0,1.0,-1.000088900581841e-12,0.0,0.0,0.0,0.0,0.0,0.0,0.0,0.0,0.0,0.0,45.0,0.0,0.0,0.0,0.0,0.0,0.0,0.0,14,1,0.5525394045534151,177.34617747971518,213.5,0.0,0.0,0.0,0.0,3
508.0,4.0,0.3892626690692161,0.0,0.0,0.0,0.0,0.0,90.0,5.0,0.9288766080140208,0.0,0.0,41.88,0.0,0.0,0.0,0.0,24.0,2546.0,10.0,15,1,0.5525394045534151,190.94850963894245,290.0,0.0,0.0,0.0,0.0,3
712.0,1.0,-1.000088900581841e-12,0.0,0.0,0.0,0.0,0.0,456.0,2.0,0.0883197821980176,0.0,0.0,49.0,0.0,0.0,0.0,0.0,0.0,0.0,0.0,16,1,0.5525394045534151,216.0894876357169,439.0,0.0,0.0,0.0,0.0,3
506.0,6.0,0.8663569119945372,0.0,0.0,0.0,0.0,0.0,20.0,3.0,0.8979457248537798,0.0,0.0,89.25925925925925,0.0,0.0,0.0,0.0,16.0,1068.0,6.0,17,1,0.5525394045534151,198.48089748554293,560.0,0.0,0.0,0.0,0.0,3
250.0,2.0,0.3506764976180394,0.0,0.0,0.0,0.0,0.0,64.0,3.0,0.9743147528663494,0.0,0.0,87.52173913043478,0.0,0.0,0.0,0.0,20.0,58.0,10.0,18,1,0.5525394045534151,224.9525875971793,433.5,0.0,0.0,0.0,0.0,3
266.0,6.0,1.019256408486092,0.0,0.0,0.0,0.0,0.0,24.0,4.0,1.3296613488507585,0.0,0.0,85.45833333333333,0.0,0.0,0.0,0.0,30.0,410.0,6.0,19,1,0.5525394045534151,18.211717839529246,249.5,0.0,0.0,0.0,0.0,2
208.0,1.0,-1.000088900581841e-12,0.0,0.0,0.0,0.0,0.0,0.0,0.0,0.0,0.0,0.0,83.24,0.0,0.0,0.0,0.0,14.0,0.0,0.0,20,1,0.5525394045534151,25.534290669606648,229.0,0.0,0.0,0.0,0.0,2
220.0,5.0,1.2858434437815192,0.0,0.0,0.0,0.0,0.0,52.0,2.0,0.5402041423868609,0.0,0.0,81.94736842105263,0.0,0.0,0.0,0.0,100.0,236.0,16.0,21,0,0.5525394045534151,59.89713404384744,185.5,0.0,0.0,0.0,0.0,3
442.0,3.0,0.6200063891925692,0.0,0.0,0.0,0.0,0.0,22.0,2.0,0.6554817738993928,0.0,0.0,78.73333333333333,0.0,0.0,0.0,0.0,148.0,404.0,14.0,22,0,0.5525394045534151,187.20754970531132,313.0,0.0,0.0,0.0,0.0,2
550.0,8.0,1.6117298204702508,0.0,0.0,0.0,0.0,0.0,38.0,2.0,0.6236548495661085,0.0,0.0,75.62068965517241,0.0,0.0,0.0,0.0,56.0,2020.0,10.0,23,0,0.5525394045534151,142.65459450481535,427.5,0.0,0.0,0.0,0.0,2
388.0,6.0,1.1497876026706972,0.0,0.0,0.0,0.0,0.0,18.0,2.0,0.5297061990556545,0.0,0.0,66.20689655172414,0.0,0.0,0.0,0.0,122.0,906.0,22.0,0,0,0.5525394045534151,182.130905303484,449.5,0.0,0.0,0.0,0.0,2
404.0,8.0,1.3616190524857603,0.0,0.0,0.0,0.0,0.0,66.0,4.0,1.087228270646358,0.0,0.0,58.25,0.0,0.0,8.0,0.0,2.0,2372.0,2.0,1,0,0.5525394045534151,165.7819853502383,536.5,0.0,0.0,0.0,0.0,3
718.0,4.0,0.2590139532629535,0.0,0.0,0.0,0.0,0.0,92.0,4.0,0.7529168087785955,0.0,0.0,34.4,0.0,0.0,0.0,0.0,0.0,1766.0,0.0,9,1,0.5525394045534151,369.73999873785175,382.5,0.0,0.0,0.0,0.0,3
682.0,8.0,1.4566595043577726,0.0,0.0,0.0,0.0,0.0,112.0,7.0,1.819516831801088,0.0,6.0,24.620689655172413,0.0,2.0,0.0,0.0,36.0,1284.0,10.0,10,1,0.5525394045534151,21.96967607104456,700.0,0.0,0.0,0.0,0.0,3
716.0,6.0,1.1280826690683723,0.0,0.0,0.0,0.0,0.0,292.0,8.0,1.694238078638488,0.0,12.0,21.53333333333333,0.0,0.0,0.0,0.0,24.0,2454.0,12.0,11,1,0.5525394045534151,20.28957039137665,700.5,0.0,0.0,0.0,0.0,3
640.0,13.0,1.898810808486876,0.0,0.0,0.0,0.0,0.0,352.0,7.0,1.5067378037087118,0.0,0.0,39.44827586206897,0.0,0.0,0.0,0.0,8.0,2468.0,4.0,12,1,0.5525394045534151,35.491783086605096,688.5,0.0,0.0,0.0,0.0,3
536.0,7.0,1.143584764982702,0.0,0.0,0.0,0.0,0.0,202.0,6.0,1.5026484668031153,0.0,12.0,37.5,0.0,0.0,0.0,0.0,112.0,1168.0,22.0,13,1,0.5525394045534151,79.71616314566717,646.0,0.0,0.0,0.0,0.0,3
718.0,2.0,0.1557119210295308,0.0,0.0,0.0,0.0,0.0,16.0,2.0,0.6931471805579453,0.0,0.0,73.86666666666666,0.0,0.0,0.0,0.0,22.0,116.0,10.0,14,1,0.5525394045534151,87.73254812211918,666.5,0.0,0.0,0.0,0.0,3
550.0,5.0,1.2946693743959756,0.0,0.0,0.0,0.0,0.0,176.0,4.0,0.9290169529609004,0.0,0.0,88.86666666666666,0.0,0.0,0.0,0.0,44.0,1748.0,30.0,15,1,0.5525394045534151,191.17531221368503,575.0,0.0,0.0,0.0,0.0,3
234.0,2.0,0.5074299622179486,0.0,0.0,0.0,0.0,0.0,102.0,2.0,0.692954934481864,0.0,0.0,84.73684210526316,0.0,0.0,0.0,0.0,112.0,670.0,36.0,16,1,0.5525394045534151,154.67277286796997,404.5,0.0,0.0,0.0,0.0,3
184.0,3.0,0.9123234875635636,0.0,0.0,0.0,0.0,0.0,74.0,5.0,1.3587532827341988,0.0,0.0,81.22222222222223,0.0,0.0,0.0,0.0,30.0,306.0,18.0,17,1,0.5525394045534151,154.0476116876423,334.0,0.0,0.0,0.0,0.0,3
136.0,5.0,1.3546666683567723,0.0,0.0,0.0,0.0,0.0,30.0,2.0,0.5004024235361879,0.0,0.0,79.16666666666667,10.0,0.0,0.0,0.0,14.0,632.0,4.0,18,1,0.5525394045534151,146.19963520246313,193.5,0.0,0.0,0.0,0.0,3
182.0,2.0,0.6080450810518183,0.0,0.0,0.0,0.0,0.0,48.0,2.0,0.2868359830541607,0.0,0.0,73.58333333333333,0.0,0.0,0.0,0.0,14.0,3178.0,4.0,19,1,0.5525394045534151,59.75505557412382,110.0,0.0,0.0,0.0,0.0,3
266.0,4.0,1.0589655207330213,0.0,0.0,0.0,0.0,0.0,30.0,2.0,0.6730116670072565,0.0,0.0,64.47368421052632,0.0,0.0,0.0,0.0,44.0,242.0,4.0,20,1,0.5525394045534151,279.6259406182957,305.0,0.0,0.0,0.0,0.0,2
452.0,4.0,1.0449043317633968,0.0,0.0,0.0,0.0,0.0,78.0,2.0,0.666278442412676,0.0,0.0,61.629629629629626,0.0,10.0,6.0,14.0,206.0,1148.0,46.0,21,0,0.5525394045534151,253.62636561156904,385.5,0.0,0.0,0.0,0.0,3
256.0,6.0,1.2456181444632954,0.0,0.0,0.0,0.0,0.0,100.0,3.0,0.7016827883554934,0.0,0.0,59.18181818181818,0.0,0.0,0.0,0.0,94.0,1224.0,40.0,22,0,0.5525394045534151,141.1134295522576,258.5,0.0,0.0,0.0,0.0,2
104.0,3.0,0.5857831289157343,0.0,0.0,0.0,0.0,0.0,8.0,1.0,-1.000088900581841e-12,0.0,0.0,57.0,0.0,0.0,0.0,0.0,28.0,184.0,4.0,23,0,0.5525394045534151,73.78120808625076,170.5,0.0,0.0,0.0,0.0,3
338.0,6.0,1.4765029304623476,0.0,0.0,0.0,0.0,0.0,62.0,3.0,0.9586434875990596,0.0,0.0,54.25,0.0,0.0,0.0,0.0,48.0,3476.0,2.0,0,0,0.5525394045534151,109.80437149767748,175.5,0.0,0.0,0.0,0.0,2
40.0,1.0,-1.000088900581841e-12,0.0,0.0,0.0,0.0,0.0,8.0,1.0,-1.000088900581841e-12,0.0,0.0,48.57142857142857,0.0,0.0,0.0,0.0,0.0,0.0,0.0,1,0,0.5525394045534151,199.38906690187395,253.0,0.0,0.0,0.0,0.0,3
0.0,0.0,0.0,0.0,0.0,0.0,0.0,0.0,0.0,0.0,0.0,0.0,0.0,46.833333333333336,10.0,0.0,0.0,0.0,0.0,0.0,0.0,2,0,0.5525394045534151,233.2695150821612,139.0,0.0,0.0,0.0,0.0,3
0.0,0.0,0.0,0.0,0.0,0.0,0.0,0.0,0.0,0.0,0.0,0.0,0.0,45.142857142857146,0.0,0.0,0.0,0.0,0.0,0.0,0.0,3,0,0.5525394045534151,13.999999999999195,7.0,0.0,0.0,0.0,0.0,3
0.0,0.0,0.0,0.0,0.0,0.0,0.0,0.0,0.0,0.0,0.0,0.0,0.0,43.833333333333336,0.0,0.0,0.0,0.0,0.0,0.0,0.0,4,0,0.5525394045534151,0.0,0.0,0.0,0.0,0.0,0.0,3
0.0,0.0,0.0,0.0,0.0,0.0,0.0,0.0,0.0,0.0,0.0,0.0,0.0,42.0,0.0,0.0,0.0,0.0,0.0,0.0,0.0,5,0,0.5525394045534151,0.0,0.0,0.0,0.0,0.0,0.0,3
0.0,0.0,0.0,0.0,0.0,0.0,0.0,0.0,0.0,0.0,0.0,0.0,0.0,40.5,0.0,0.0,0.0,0.0,0.0,0.0,0.0,6,0,0.5525394045534151,0.0,0.0,0.0,0.0,0.0,0.0,3
0.0,0.0,0.0,0.0,0.0,0.0,0.0,0.0,110.0,1.0,-1.000088900581841e-12,0.0,0.0,38.833333333333336,0.0,0.0,0.0,0.0,0.0,0.0,0.0,7,0,0.5525394045534151,0.0,0.0,0.0,0.0,0.0,0.0,3
38.0,1.0,-1.000088900581841e-12,0.0,0.0,0.0,0.0,0.0,8.0,1.0,-1.000088900581841e-12,0.0,0.0,37.0,0.0,0.0,0.0,0.0,0.0,0.0,0.0,8,1,0.5525394045534151,34.65544690232658,27.5,0.0,0.0,0.0,0.0,3
698.0,11.0,1.8579760700414247,0.0,0.0,0.0,0.0,0.0,324.0,6.0,0.7036911711122534,0.0,18.0,32.46666666666667,0.0,0.0,0.0,0.0,58.0,2942.0,8.0,9,1,0.5525394045534151,306.55668317621127,247.5,0.0,0.0,0.0,0.0,3
74.0,2.0,0.6300861445567916,0.0,0.0,0.0,0.0,0.0,12.0,2.0,0.6365141682928128,0.0,0.0,83.0,0.0,0.0,0.0,0.0,2.0,42.0,0.0,13,1,0.5525394045534151,296.3663273720548,376.5,0.0,0.0,0.0,0.0,3
156.0,3.0,0.3883560302770615,0.0,0.0,0.0,0.0,0.0,130.0,3.0,0.5655920852412898,0.0,0.0,81.65,0.0,0.0,0.0,0.0,8.0,56.0,4.0,14,1,0.5525394045534151,209.89759407863627,249.5,0.0,0.0,0.0,0.0,3
714.0,5.0,0.4333862777266042,0.0,0.0,0.0,0.0,0.0,542.0,2.0,0.1698159719300283,0.0,0.0,71.62068965517241,0.0,0.0,0.0,0.0,0.0,1542.0,0.0,17,1,0.5525394045534151,331.112770316499,431.5,0.0,0.0,0.0,0.0,4
150.0,1.0,-1.000088900581841e-12,0.0,0.0,0.0,0.0,0.0,28.0,1.0,-1.000088900581841e-12,0.0,0.0,66.93333333333334,0.0,0.0,0.0,0.0,0.0,0.0,0.0,18,1,0.5525394045534151,263.16028069093807,532.0,0.0,0.0,0.0,0.0,2
146.0,1.0,-1.000088900581841e-12,0.0,0.0,0.0,0.0,0.0,14.0,1.0,-1.000088900581841e-12,0.0,0.0,65.0,0.0,0.0,0.0,0.0,0.0,0.0,0.0,19,1,0.5525394045534151,210.72573011697767,250.0,0.0,0.0,0.0,0.0,2
132.0,1.0,-1.000088900581841e-12,0.0,0.0,0.0,0.0,0.0,0.0,0.0,0.0,0.0,0.0,62.8,0.0,0.0,0.0,0.0,0.0,0.0,0.0,20,1,0.5525394045534151,5.7445626465369015,138.5,0.0,0.0,0.0,0.0,2
706.0,2.0,0.6727812728695735,0.0,0.0,0.0,0.0,0.0,84.0,2.0,0.4869127094626022,0.0,0.0,58.46666666666667,0.0,0.0,0.0,0.0,30.0,46.0,6.0,21,0,0.5525394045534151,297.35444618614105,388.5,0.0,0.0,0.0,0.0,2
234.0,4.0,0.7407561931725828,0.0,0.0,0.0,0.0,0.0,22.0,2.0,0.6554817738993928,0.0,0.0,55.0,0.0,0.0,0.0,0.0,18.0,416.0,10.0,22,0,0.5525394045534151,242.9890258152961,436.5,0.0,0.0,0.0,0.0,2
488.0,6.0,1.1551376715767128,0.0,0.0,0.0,0.0,0.0,36.0,2.0,0.4505612088643047,0.0,0.0,51.77777777777778,0.0,0.0,0.0,0.0,44.0,3018.0,14.0,23,0,0.5525394045534151,149.3675556025024,273.0,0.0,0.0,0.0,0.0,2
302.0,7.0,1.3161693464270583,0.0,0.0,0.0,0.0,0.0,30.0,2.0,0.5004024235361879,0.0,22.0,47.32,0.0,0.0,0.0,0.0,70.0,490.0,12.0,0,0,0.5525394045534151,155.89205667170253,343.5,0.0,0.0,0.0,0.0,2
482.0,5.0,1.2192309768087488,0.0,0.0,0.0,0.0,0.0,280.0,2.0,0.0748759732300604,0.0,0.0,54.82758620689656,0.0,0.0,0.0,0.0,28.0,2802.0,0.0,1,0,0.5525394045534151,172.85060987261028,486.0,0.0,0.0,0.0,0.0,3
402.0,6.0,1.4838224702151424,0.0,0.0,0.0,0.0,0.0,54.0,4.0,1.2898441393531292,0.0,0.0,34.6,0.0,0.0,0.0,0.0,74.0,1770.0,14.0,10,1,0.5525394045534151,321.73280839852185,264.0,0.0,0.0,0.0,0.0,2
648.0,1.0,-1.000088900581841e-12,0.0,0.0,0.0,0.0,0.0,206.0,6.0,1.1459242336419988,0.0,16.0,40.0,0.0,0.0,0.0,0.0,54.0,0.0,6.0,11,1,0.5525394045534151,170.7629936490924,506.0,0.0,0.0,0.0,0.0,2
524.0,3.0,0.1040020180231691,0.0,0.0,0.0,0.0,0.0,52.0,3.0,0.9012262508943274,0.0,0.0,85.20689655172414,0.0,0.0,0.0,0.0,102.0,88.0,22.0,12,1,0.5525394045534151,174.5269797672172,552.5,0.0,0.0,0.0,0.0,2
324.0,2.0,0.3223618517411641,0.0,0.0,0.0,0.0,0.0,8.0,1.0,-1.000088900581841e-12,0.0,0.0,85.82758620689656,0.0,0.0,0.0,0.0,70.0,52.0,8.0,14,1,0.5525394045534151,41.7412665516191,267.5,0.0,0.0,0.0,0.0,2
370.0,3.0,0.789583325576871,0.0,0.0,0.0,0.0,0.0,48.0,2.0,0.6365141682928128,0.0,0.0,81.41379310344827,0.0,0.0,0.0,0.0,126.0,1386.0,16.0,15,1,0.5525394045534151,42.99999999999977,331.5,0.0,0.0,0.0,0.0,2
386.0,4.0,0.8354446904044852,0.0,0.0,0.0,0.0,0.0,138.0,3.0,0.7697383725326581,0.0,0.0,78.28571428571429,0.0,0.0,0.0,0.0,142.0,488.0,20.0,16,1,0.5525394045534151,12.382783747337012,369.0,0.0,0.0,0.0,0.0,2
214.0,1.0,-1.000088900581841e-12,0.0,0.0,0.0,0.0,0.0,4.0,1.0,-1.000088900581841e-12,0.0,0.0,75.20833333333333,0.0,0.0,0.0,0.0,0.0,0.0,0.0,17,1,0.5525394045534151,136.76622390049374,377.5,0.0,0.0,0.0,0.0,2
532.0,4.0,1.1192397934758165,0.0,0.0,0.0,0.0,0.0,80.0,3.0,0.8517321440542501,0.0,0.0,70.86666666666666,0.0,0.0,0.0,0.0,268.0,2650.0,30.0,18,1,0.5525394045534151,157.38699649801646,448.0,0.0,0.0,0.0,0.0,2
252.0,1.0,-1.000088900581841e-12,0.0,0.0,0.0,0.0,0.0,16.0,2.0,0.6931471805579453,0.0,0.0,67.48,0.0,0.0,0.0,0.0,0.0,0.0,0.0,19,1,0.5525394045534151,131.21483655948865,407.0,0.0,0.0,0.0,0.0,2
202.0,3.0,0.3476728485905486,0.0,0.0,0.0,0.0,0.0,12.0,1.0,-1.000088900581841e-12,0.0,0.0,64.91304347826087,0.0,0.0,0.0,0.0,98.0,116.0,2.0,20,1,0.5525394045534151,61.39218191268319,259.5,0.0,0.0,0.0,0.0,2
318.0,4.0,0.8185586193698114,0.0,0.0,0.0,0.0,0.0,106.0,3.0,0.5787177311079564,0.0,0.0,61.69565217391305,0.0,0.0,0.0,0.0,186.0,1748.0,22.0,21,0,0.5525394045534151,51.48462553682072,244.0,0.0,0.0,0.0,0.0,2
96.0,3.0,0.3445982480998227,0.0,0.0,0.0,0.0,0.0,12.0,1.0,-1.000088900581841e-12,0.0,0.0,60.0,0.0,0.0,0.0,0.0,56.0,186.0,18.0,22,0,0.5525394045534151,103.3182784732046,186.0,0.0,0.0,0.0,0.0,2
388.0,6.0,1.0638219060249094,0.0,0.0,0.0,0.0,0.0,38.0,2.0,0.5146531654269293,0.0,0.0,56.68,0.0,0.0,0.0,0.0,62.0,5100.0,18.0,23,0,0.5525394045534151,138.9628247649948,217.0,0.0,0.0,0.0,0.0,2
362.0,10.0,1.6826917988474557,0.0,0.0,0.0,0.0,0.0,44.0,2.0,0.5859526183015509,0.0,0.0,52.54545454545455,0.0,0.0,0.0,0.0,98.0,1672.0,8.0,0,0,0.5525394045534151,50.76416058598807,335.5,0.0,0.0,0.0,0.0,3
414.0,2.0,0.4305879027986048,0.0,0.0,0.0,0.0,0.0,26.0,2.0,0.4293230219286162,0.0,0.0,45.68181818181818,0.0,0.0,0.0,0.0,0.0,3378.0,0.0,1,0,0.5525394045534151,114.95361383329067,419.5,0.0,0.0,0.0,0.0,4
26.0,1.0,-1.000088900581841e-12,0.0,0.0,0.0,0.0,0.0,0.0,0.0,0.0,0.0,0.0,43.25,20.0,0.0,0.0,0.0,0.0,0.0,0.0,2,0,0.5525394045534151,266.34313707446387,276.0,0.0,0.0,0.0,0.0,3
0.0,0.0,0.0,0.0,0.0,0.0,0.0,0.0,0.0,0.0,0.0,0.0,0.0,41.888888888888886,18.0,0.0,0.0,0.0,0.0,0.0,0.0,3,0,0.5525394045534151,38.66091911306103,27.0,0.0,0.0,0.0,0.0,3
0.0,0.0,0.0,0.0,0.0,0.0,0.0,0.0,0.0,0.0,0.0,0.0,0.0,40.16666666666666,0.0,0.0,0.0,0.0,0.0,0.0,0.0,4,0,0.5525394045534151,0.0,0.0,0.0,0.0,0.0,0.0,3
0.0,0.0,0.0,0.0,0.0,0.0,0.0,0.0,226.0,1.0,-1.000088900581841e-12,0.0,0.0,38.333333333333336,10.0,0.0,0.0,0.0,0.0,0.0,0.0,5,0,0.5525394045534151,0.0,0.0,0.0,0.0,0.0,0.0,3
0.0,0.0,0.0,0.0,0.0,0.0,0.0,0.0,0.0,0.0,0.0,0.0,0.0,37.0,0.0,0.0,0.0,0.0,0.0,0.0,0.0,6,0,0.5525394045534151,0.0,0.0,0.0,0.0,0.0,0.0,3
0.0,0.0,0.0,0.0,0.0,0.0,0.0,0.0,0.0,0.0,0.0,0.0,0.0,35.111111111111114,0.0,0.0,0.0,0.0,0.0,0.0,0.0,7,0,0.5525394045534151,0.0,0.0,0.0,0.0,0.0,0.0,3
0.0,0.0,0.0,0.0,0.0,0.0,0.0,0.0,0.0,0.0,0.0,0.0,0.0,33.75,0.0,0.0,0.0,0.0,0.0,0.0,0.0,8,1,0.5525394045534151,0.0,0.0,0.0,0.0,0.0,0.0,3
526.0,10.0,1.7119539834730644,0.0,0.0,0.0,0.0,0.0,56.0,5.0,1.2963611597860565,0.0,0.0,29.88,14.0,0.0,0.0,0.0,40.0,5176.0,8.0,9,1,0.5525394045534151,263.0,131.5,0.0,0.0,0.0,0.0,3
676.0,8.0,1.4921189135898976,0.0,0.0,0.0,0.0,0.0,110.0,5.0,1.372608478936534,0.0,84.0,21.866666666666667,0.0,0.0,0.0,0.0,342.0,3722.0,14.0,10,1,0.5525394045534151,330.4421280648095,480.0,0.0,0.0,0.0,0.0,3
436.0,6.0,0.6705044040541895,0.0,0.0,0.0,0.0,0.0,58.0,5.0,1.504688633815791,0.0,0.0,21.379310344827587,0.0,0.0,0.0,0.0,152.0,510.0,16.0,11,1,0.5525394045534151,147.2175261305526,570.5,0.0,0.0,0.0,0.0,3
686.0,9.0,1.6934559243671157,0.0,0.0,0.0,0.0,0.0,66.0,6.0,1.646986136345955,0.0,0.0,45.0,0.0,0.0,0.0,0.0,90.0,3776.0,18.0,12,1,0.5525394045534151,149.02684321960237,572.5,0.0,0.0,0.0,0.0,3
122.0,3.0,0.8475331152621852,0.0,0.0,0.0,0.0,0.0,18.0,3.0,0.964962923004428,0.0,0.0,42.92857142857143,0.0,0.0,0.0,0.0,90.0,1042.0,8.0,13,1,0.5525394045534151,294.15812074460894,453.5,0.0,0.0,0.0,0.0,2
716.0,2.0,0.0192154609927474,0.0,0.0,0.0,0.0,0.0,42.0,3.0,1.052922565935695,0.0,0.0,35.36666666666667,0.0,0.0,0.0,0.0,0.0,2470.0,0.0,14,1,0.5525394045534151,282.2498892825291,441.5,0.0,0.0,0.0,0.0,2
412.0,7.0,0.9130608612365771,0.0,0.0,0.0,0.0,0.0,98.0,3.0,1.0429031033372922,0.0,30.0,26.82758620689655,0.0,0.0,0.0,0.0,300.0,1014.0,40.0,15,1,0.5525394045534151,139.64120690779856,615.5,0.0,0.0,0.0,0.0,2
436.0,7.0,1.1171997605895956,0.0,0.0,0.0,0.0,0.0,72.0,5.0,1.235514885738692,0.0,0.0,31.892857142857142,0.0,0.0,0.0,0.0,284.0,4484.0,32.0,16,1,0.5525394045534151,138.4629914453676,489.0,0.0,0.0,0.0,0.0,3
432.0,3.0,0.4317517915267448,0.0,0.0,0.0,0.0,0.0,16.0,1.0,-1.000088900581841e-12,0.0,0.0,29.0,0.0,0.0,0.0,0.0,186.0,550.0,22.0,19,1,0.5525394045534151,136.03921003397002,636.0,0.0,0.0,0.0,0.0,3
114.0,1.0,-1.000088900581841e-12,0.0,0.0,0.0,0.0,0.0,8.0,2.0,0.6931471805579453,0.0,0.0,28.0,0.0,0.0,0.0,0.0,84.0,18.0,2.0,20,1,0.5525394045534151,250.3038153924145,379.0,0.0,0.0,0.0,0.0,3
718.0,1.0,-1.000088900581841e-12,0.0,0.0,0.0,0.0,0.0,20.0,1.0,-1.000088900581841e-12,0.0,0.0,58.1,0.0,0.0,0.0,0.0,0.0,0.0,0.0,21,0,0.5525394045534151,262.3483689041474,396.0,0.0,0.0,0.0,0.0,3
292.0,6.0,1.5589230590466887,0.0,0.0,0.0,0.0,0.0,190.0,3.0,0.4731119855805562,0.0,0.0,79.05,0.0,0.0,0.0,18.0,208.0,5548.0,30.0,22,0,0.5525394045534151,203.7866531449004,444.5,0.0,0.0,0.0,0.0,2
494.0,7.0,1.387944486396737,0.0,0.0,0.0,0.0,0.0,128.0,2.0,0.6853142072744584,0.0,0.0,73.62068965517241,0.0,0.0,0.0,0.0,298.0,5776.0,82.0,23,0,0.5525394045534151,130.27662875588985,401.0,0.0,0.0,0.0,0.0,2
684.0,11.0,1.5453870005571262,0.0,0.0,0.0,0.0,0.0,52.0,3.0,0.5158361210997406,0.0,0.0,68.72413793103448,0.0,0.0,0.0,0.0,150.0,10680.0,30.0,0,0,0.5525394045534151,163.15534519796344,499.5,0.0,0.0,0.0,0.0,2
690.0,8.0,0.9593494008039024,0.0,0.0,0.0,0.0,0.0,3878.0,5.0,0.088345421606116,0.0,0.0,60.1,0.0,0.0,0.0,0.0,110.0,9604.0,6.0,1,0,0.5525394045534151,188.42770496930632,548.5,0.0,0.0,0.0,0.0,3
230.0,1.0,-1.000088900581841e-12,0.0,0.0,0.0,0.0,0.0,14.0,2.0,0.6829081046984717,0.0,0.0,39.21428571428572,0.0,0.0,0.0,0.0,64.0,0.0,0.0,9,1,0.5525394045534151,281.1755086536994,315.5,0.0,0.0,0.0,0.0,3
480.0,9.0,0.8969580161228243,0.0,0.0,0.0,0.0,0.0,78.0,4.0,1.2767059997663026,0.0,52.0,35.892857142857146,0.0,0.0,0.0,0.0,264.0,2580.0,10.0,10,1,0.5525394045534151,191.28599879064137,431.5,0.0,0.0,0.0,0.0,3
718.0,2.0,0.4644814797325506,0.0,0.0,0.0,0.0,0.0,110.0,3.0,0.7870096732097945,0.0,0.0,73.3,0.0,0.0,0.0,0.0,396.0,3884.0,66.0,11,1,0.5525394045534151,185.98476640126532,564.5,0.0,0.0,0.0,0.0,3
366.0,6.0,0.9562144550793056,0.0,0.0,0.0,0.0,0.0,142.0,4.0,1.225593204853602,0.0,0.0,92.0,0.0,0.0,0.0,0.0,248.0,2500.0,50.0,12,1,0.5525394045534151,185.6843199267687,559.0,0.0,0.0,0.0,0.0,3
110.0,3.0,0.3658189761652614,0.0,0.0,0.0,0.0,0.0,20.0,3.0,1.054920167983144,0.0,0.0,89.5,0.0,0.0,0.0,0.0,78.0,406.0,12.0,13,1,0.5525394045534151,146.07304109017946,325.0,0.0,0.0,0.0,0.0,3
488.0,7.0,1.3452472366586294,0.0,0.0,0.0,0.0,0.0,132.0,6.0,1.3813295533731655,0.0,0.0,84.76666666666667,0.0,0.0,0.0,0.0,370.0,5968.0,86.0,14,1,0.5525394045534151,207.76509171016497,395.5,0.0,0.0,0.0,0.0,3
396.0,6.0,1.373105186974939,0.0,0.0,0.0,0.0,0.0,58.0,3.0,1.0499266578648707,0.0,0.0,80.4,0.0,0.0,0.0,0.0,260.0,5142.0,66.0,15,1,0.5525394045534151,93.22910847297956,469.5,0.0,0.0,0.0,0.0,3
576.0,8.0,1.6110532288000607,0.0,0.0,0.0,0.0,0.0,2090.0,7.0,0.6087732083150639,0.0,0.0,72.23333333333333,0.0,0.0,0.0,0.0,442.0,5560.0,88.0,16,1,0.5525394045534151,136.2497706420085,511.0,0.0,0.0,0.0,0.0,3
142.0,2.0,0.0740225961455812,0.0,0.0,0.0,0.0,0.0,36.0,3.0,0.933823851711722,0.0,0.0,68.15,0.0,0.0,0.0,0.0,68.0,64.0,26.0,17,1,0.5525394045534151,238.5903043573508,494.0,0.0,0.0,0.0,0.0,3
232.0,5.0,1.1822968538036485,0.0,0.0,0.0,0.0,0.0,52.0,4.0,1.2202821662682373,0.0,0.0,65.95,0.0,0.0,0.0,0.0,212.0,3476.0,40.0,18,1,0.5525394045534151,226.1150149813141,260.0,0.0,0.0,0.0,0.0,2
546.0,6.0,0.8163629720448203,0.0,0.0,0.0,0.0,0.0,104.0,3.0,1.06341877324039,0.0,0.0,61.06666666666667,0.0,0.0,0.0,0.0,348.0,6262.0,80.0,19,1,0.5525394045534151,217.8340346839001,335.5,0.0,0.0,0.0,0.0,2
384.0,7.0,0.4153340191127294,0.0,0.0,0.0,0.0,0.0,60.0,3.0,0.9276173343241816,0.0,0.0,57.44827586206897,0.0,0.0,0.0,0.0,202.0,1968.0,44.0,20,1,0.5525394045534151,79.75587752636116,449.5,0.0,0.0,0.0,0.0,3
250.0,5.0,0.8115329106439849,0.0,0.0,0.0,0.0,0.0,36.0,4.0,1.3343960468726843,0.0,0.0,55.30434782608695,0.0,0.0,0.0,0.0,214.0,2130.0,16.0,21,0,0.5525394045534151,79.13490590967588,315.5,0.0,0.0,0.0,0.0,3
574.0,8.0,1.3661223936954068,0.0,0.0,0.0,0.0,0.0,58.0,4.0,1.149368560257087,0.0,0.0,52.06896551724138,0.0,0.0,0.0,0.0,200.0,8692.0,34.0,22,0,0.5525394045534151,186.52881814883168,303.5,0.0,0.0,0.0,0.0,3
194.0,4.0,1.1695995827212764,0.0,0.0,0.0,0.0,0.0,18.0,2.0,0.6869615765953234,0.0,0.0,46.94117647058823,0.0,0.0,0.0,0.0,74.0,1148.0,14.0,23,0,0.5525394045534151,267.39234593882185,398.0,0.0,0.0,0.0,0.0,2
408.0,4.0,0.8139049261820928,0.0,0.0,0.0,0.0,0.0,112.0,3.0,0.7662835287398335,0.0,0.0,43.892857142857146,0.0,0.0,0.0,0.0,666.0,5030.0,114.0,0,0,0.5525394045534151,215.6354949136774,384.0,0.0,0.0,0.0,0.0,3
710.0,10.0,1.2136936005324954,0.0,0.0,0.0,0.0,0.0,70.0,3.0,0.9577420405261136,0.0,0.0,46.63333333333333,0.0,0.0,0.0,0.0,74.0,18068.0,20.0,1,0,0.5525394045534151,199.56870162093705,490.5,0.0,0.0,0.0,0.0,3
478.0,9.0,1.5915640979490209,0.0,0.0,0.0,0.0,0.0,112.0,7.0,1.743332345247438,0.0,0.0,30.08695652173913,0.0,0.0,0.0,0.0,94.0,9034.0,18.0,9,1,0.5525394045534151,220.7706200260048,150.5,0.0,0.0,0.0,0.0,3
142.0,2.0,0.3520739601927626,0.0,0.0,0.0,0.0,0.0,30.0,4.0,1.379292254468676,0.0,0.0,24.0625,0.0,0.0,0.0,0.0,88.0,528.0,32.0,10,1,0.5525394045534151,262.4652357932378,314.0,0.0,0.0,0.0,0.0,3
718.0,7.0,1.064793400675215,0.0,0.0,0.0,0.0,0.0,230.0,5.0,1.092560691061968,0.0,0.0,17.166666666666668,0.0,0.0,0.0,0.0,0.0,37104.0,0.0,11,1,0.5525394045534151,249.17664417035544,468.5,0.0,0.0,0.0,0.0,3
712.0,8.0,1.3013925320919075,0.0,0.0,0.0,0.0,0.0,414.0,9.0,1.5481410771633088,0.0,0.0,41.8,0.0,0.0,0.0,0.0,222.0,1942.0,46.0,12,1,0.5525394045534151,141.6521561196061,633.0,0.0,0.0,0.0,0.0,3
282.0,7.0,1.5936606796601218,0.0,0.0,0.0,0.0,0.0,112.0,4.0,0.9724361425926542,0.0,0.0,41.125,0.0,0.0,0.0,0.0,388.0,3488.0,72.0,13,1,0.5525394045534151,195.76175997029296,562.0,0.0,0.0,0.0,0.0,3
720.0,2.0,0.034389855079904,0.0,0.0,0.0,0.0,0.0,30.0,2.0,0.5799151714161009,0.0,58.0,49.13333333333333,0.0,0.0,0.0,0.0,72.0,60.0,10.0,14,1,0.5525394045534151,194.9658089683076,490.5,0.0,0.0,0.0,0.0,3
664.0,3.0,0.3356001205877155,0.0,0.0,0.0,0.0,0.0,38.0,3.0,0.972480932334956,0.0,0.0,94.9,0.0,0.0,0.0,0.0,172.0,1656.0,42.0,15,1,0.5525394045534151,159.4574133324211,622.0,0.0,0.0,0.0,0.0,3
100.0,2.0,0.2787693717665874,0.0,0.0,0.0,0.0,0.0,30.0,2.0,0.5004024235361879,0.0,0.0,99.25,0.0,0.0,0.0,0.0,84.0,244.0,16.0,16,1,0.5525394045534151,290.422106596588,454.5,0.0,0.0,0.0,0.0,3
338.0,4.0,0.6447701741196425,0.0,0.0,0.0,0.0,0.0,168.0,5.0,1.1249951230491448,0.0,0.0,96.2,0.0,0.0,0.0,0.0,724.0,3822.0,108.0,17,1,0.5525394045534151,119.71493919585215,279.5,0.0,0.0,0.0,0.0,3
716.0,7.0,1.0761648037378786,0.0,0.0,0.0,0.0,0.0,474.0,8.0,1.0484777926362625,0.0,0.0,92.13333333333334,0.0,0.0,0.0,0.0,412.0,28100.0,76.0,18,1,0.5525394045534151,177.02259742755984,461.5,0.0,0.0,0.0,0.0,3
292.0,3.0,0.7771918619340271,0.0,0.0,0.0,0.0,0.0,50.0,5.0,1.341688190872452,0.0,0.0,85.55555555555556,0.0,0.0,0.0,0.0,266.0,734.0,42.0,19,1,0.5525394045534151,175.1304275866035,487.0,0.0,0.0,0.0,0.0,2
340.0,3.0,0.5029794940239019,0.0,0.0,0.0,0.0,0.0,166.0,3.0,0.7143598861844263,0.0,0.0,82.41666666666667,0.0,0.0,0.0,0.0,160.0,4104.0,34.0,20,1,0.5525394045534151,86.99425268372566,366.0,0.0,0.0,0.0,0.0,3
684.0,10.0,1.4896485431121227,0.0,0.0,0.0,0.0,0.0,186.0,4.0,1.124626751806416,0.0,0.0,79.2,0.0,0.0,0.0,0.0,494.0,10486.0,76.0,21,0,0.5525394045534151,255.416000542905,356.0,0.0,0.0,0.0,0.0,3
312.0,5.0,0.8429767934595679,0.0,0.0,0.0,0.0,0.0,42.0,1.0,-1.000088900581841e-12,0.0,0.0,73.04761904761905,0.0,0.0,0.0,0.0,494.0,1954.0,96.0,22,0,0.5525394045534151,265.6990779058142,387.0,0.0,0.0,0.0,0.0,3
296.0,5.0,1.0008606823031343,0.0,0.0,0.0,0.0,0.0,62.0,3.0,0.9732309141241418,0.0,0.0,69.67857142857143,0.0,0.0,0.0,0.0,424.0,2442.0,68.0,23,0,0.5525394045534151,91.87672900867362,355.0,0.0,0.0,0.0,0.0,2
714.0,8.0,1.1020892757624106,0.0,0.0,0.0,0.0,0.0,60.0,3.0,0.8720070548723093,0.0,68.0,71.8,0.0,0.0,0.0,0.0,632.0,5280.0,30.0,0,0,0.5525394045534151,191.97569290581183,449.0,0.0,0.0,0.0,0.0,3
232.0,3.0,0.5573889389563914,0.0,0.0,0.0,0.0,0.0,22.0,2.0,0.4741393130558373,0.0,0.0,71.5,0.0,0.0,0.0,0.0,0.0,1576.0,0.0,1,0,0.5525394045534151,231.3748761930155,531.5,0.0,0.0,0.0,0.0,3
670.0,7.0,1.1374633719265046,0.0,0.0,0.0,0.0,0.0,254.0,7.0,1.1171859983739365,0.0,72.0,38.6551724137931,0.0,0.0,0.0,0.0,362.0,3756.0,66.0,12,1,0.5525394045534151,23.853720883751635,692.5,0.0,0.0,0.0,0.0,3
478.0,6.0,1.4815735150142997,0.0,0.0,0.0,0.0,0.0,174.0,4.0,1.058847932830635,0.0,0.0,49.642857142857146,0.0,0.0,0.0,0.0,452.0,6194.0,44.0,13,1,0.5525394045534151,121.68264735230984,589.0,0.0,0.0,0.0,0.0,3
458.0,9.0,1.5957971054220643,0.0,0.0,0.0,0.0,0.0,174.0,6.0,1.1722544641959156,0.0,0.0,44.6551724137931,0.0,0.0,0.0,0.0,444.0,8988.0,60.0,14,1,0.5525394045534151,101.95914214363806,425.5,0.0,0.0,0.0,0.0,3
374.0,7.0,1.162963968847906,0.0,0.0,0.0,0.0,0.0,102.0,4.0,1.261274839148209,0.0,0.0,93.07142857142856,0.0,0.0,0.0,0.0,26.0,872.0,10.0,17,1,0.5525394045534151,166.70932787339743,584.0,0.0,0.0,0.0,0.0,3
616.0,4.0,0.7205113593954289,0.0,0.0,0.0,0.0,0.0,180.0,4.0,0.5465798809563034,0.0,0.0,78.27586206896552,0.0,0.0,0.0,0.0,6.0,288.0,0.0,20,1,0.5525394045534151,214.6687370500572,488.0,0.0,0.0,0.0,0.0,2
692.0,7.0,1.237410366156059,0.0,0.0,0.0,0.0,0.0,400.0,5.0,1.0753353887303652,0.0,0.0,73.93333333333334,0.0,0.0,0.0,0.0,42.0,1248.0,20.0,21,0,0.5525394045534151,214.9379755495368,556.5,0.0,0.0,0.0,0.0,2
718.0,3.0,0.1259069667508792,0.0,0.0,0.0,0.0,0.0,38.0,3.0,0.5366645624815252,0.0,0.0,66.16666666666667,0.0,0.0,0.0,0.0,8.0,7196.0,6.0,22,0,0.5525394045534151,235.98516902551296,591.5,0.0,0.0,0.0,0.0,2
294.0,5.0,1.1375260935560938,0.0,0.0,0.0,0.0,0.0,66.0,3.0,1.0875314752874794,0.0,0.0,61.38461538461539,0.0,0.0,0.0,0.0,32.0,690.0,14.0,23,0,0.5525394045534151,214.3144107769391,538.0,0.0,0.0,0.0,0.0,2
674.0,5.0,0.463386513055159,0.0,0.0,0.0,0.0,0.0,70.0,4.0,1.1010148232082058,0.0,8.0,66.76666666666667,0.0,0.0,0.0,0.0,38.0,418.0,10.0,0,0,0.5525394045534151,219.60874299535507,387.0,0.0,0.0,0.0,0.0,3
64.0,1.0,-1.000088900581841e-12,0.0,0.0,0.0,0.0,0.0,0.0,0.0,0.0,0.0,0.0,73.0,0.0,0.0,0.0,0.0,0.0,0.0,0.0,1,0,0.5525394045534151,278.6317761251695,336.5,0.0,0.0,0.0,0.0,3
0.0,0.0,0.0,0.0,0.0,0.0,0.0,0.0,0.0,0.0,0.0,0.0,0.0,71.625,0.0,0.0,0.0,0.0,0.0,0.0,0.0,2,0,0.5525394045534151,210.6268422273538,136.5,0.0,0.0,0.0,0.0,3
0.0,0.0,0.0,0.0,0.0,0.0,0.0,0.0,0.0,0.0,0.0,0.0,0.0,70.0,0.0,0.0,0.0,0.0,0.0,0.0,0.0,3,0,0.5525394045534151,15.999999999997572,8.0,0.0,0.0,0.0,0.0,3
0.0,0.0,0.0,0.0,0.0,0.0,0.0,0.0,0.0,0.0,0.0,0.0,0.0,68.16666666666667,0.0,0.0,0.0,0.0,0.0,0.0,0.0,4,0,0.5525394045534151,0.0,0.0,0.0,0.0,0.0,0.0,3
0.0,0.0,0.0,0.0,0.0,0.0,0.0,0.0,498.0,1.0,-1.000088900581841e-12,0.0,0.0,66.5,0.0,0.0,0.0,0.0,0.0,0.0,0.0,5,0,0.5525394045534151,0.0,0.0,0.0,0.0,0.0,0.0,3
0.0,0.0,0.0,0.0,0.0,0.0,0.0,0.0,0.0,0.0,0.0,0.0,0.0,65.0,0.0,0.0,0.0,0.0,0.0,0.0,0.0,6,0,0.5525394045534151,0.0,0.0,0.0,0.0,0.0,0.0,3
0.0,0.0,0.0,0.0,0.0,0.0,0.0,0.0,0.0,0.0,0.0,0.0,0.0,63.125,0.0,0.0,0.0,0.0,0.0,0.0,0.0,7,0,0.5525394045534151,0.0,0.0,0.0,0.0,0.0,0.0,3
492.0,8.0,1.802013537807941,0.0,0.0,0.0,0.0,0.0,24.0,3.0,0.8675632284784613,0.0,0.0,59.22222222222222,0.0,0.0,0.0,0.0,18.0,1242.0,0.0,8,1,0.5525394045534151,234.70832963488945,182.0,0.0,0.0,0.0,0.0,3
422.0,5.0,1.0282747453520882,0.0,0.0,0.0,0.0,0.0,14.0,3.0,0.9556998911095343,0.0,0.0,54.26086956521739,0.0,0.0,0.0,0.0,28.0,298.0,4.0,9,1,0.5525394045534151,117.94348929324836,407.0,0.0,0.0,0.0,0.0,4
552.0,9.0,1.4199884530851934,0.0,0.0,0.0,0.0,0.0,186.0,4.0,0.3863271824524232,0.0,0.0,49.51724137931034,0.0,0.0,0.0,0.0,24.0,7044.0,4.0,10,1,0.5525394045534151,53.326041168144,482.5,0.0,0.0,0.0,0.0,3
714.0,4.0,0.4799146729730908,0.0,0.0,0.0,0.0,0.0,852.0,6.0,0.6200454375061784,0.0,0.0,67.1,0.0,0.0,0.0,0.0,60.0,346.0,22.0,11,1,0.5525394045534151,110.21191708098809,606.0,0.0,0.0,0.0,0.0,3
372.0,4.0,0.8491617606897239,0.0,0.0,0.0,0.0,0.0,162.0,4.0,0.7568987826340553,0.0,0.0,79.51724137931035,0.0,0.0,0.0,0.0,98.0,1306.0,24.0,12,1,0.5525394045534151,166.87320535863924,621.0,0.0,0.0,0.0,0.0,3
272.0,2.0,0.5084497473934533,0.0,0.0,0.0,0.0,0.0,24.0,2.0,0.6365141682928128,0.0,0.0,75.33333333333333,0.0,0.0,0.0,0.0,46.0,414.0,6.0,13,1,0.5525394045534151,192.23856706360093,443.5,0.0,0.0,0.0,0.0,3
508.0,8.0,1.4530891228233196,0.0,0.0,0.0,0.0,0.0,92.0,5.0,1.3870208198498066,0.0,0.0,70.88888888888889,0.0,0.0,0.0,0.0,106.0,1504.0,24.0,14,1,0.5525394045534151,102.58492416854727,380.5,0.0,0.0,0.0,0.0,3
304.0,5.0,0.6607094130666477,0.0,0.0,0.0,0.0,0.0,24.0,3.0,0.8675632284784613,0.0,0.0,65.41176470588235,0.0,0.0,0.0,0.0,0.0,262.0,0.0,15,1,0.5525394045534151,171.5760278516007,453.5,0.0,0.0,0.0,0.0,3
234.0,4.0,0.8721234574638681,0.0,0.0,0.0,0.0,0.0,74.0,3.0,0.5982312809343311,0.0,0.0,62.1875,0.0,0.0,0.0,0.0,32.0,756.0,18.0,16,1,0.5525394045534151,193.01813386311645,394.0,0.0,0.0,0.0,0.0,3
718.0,9.0,1.2628176225370409,0.0,0.0,0.0,0.0,0.0,160.0,5.0,1.0947169847963665,0.0,0.0,55.1,0.0,0.0,0.0,0.0,74.0,3894.0,16.0,17,1,0.5525394045534151,243.9453490709205,506.0,0.0,0.0,0.0,0.0,3
718.0,4.0,0.1522179468964802,0.0,0.0,0.0,0.0,0.0,58.0,4.0,1.3201515889354682,0.0,0.0,65.2,0.0,0.0,0.0,0.0,62.0,200.0,24.0,18,1,0.5525394045534151,5.744562646532118,713.5,0.0,0.0,0.0,0.0,3
376.0,4.0,0.6786799804037441,0.0,0.0,0.0,0.0,0.0,14.0,1.0,-1.000088900581841e-12,0.0,0.0,67.10714285714286,0.0,0.0,0.0,0.0,124.0,112.0,16.0,20,1,0.5525394045534151,173.89939620366695,455.5,0.0,0.0,0.0,0.0,3
262.0,5.0,0.8831219992000153,0.0,0.0,0.0,0.0,0.0,196.0,4.0,0.7691247098716314,0.0,0.0,64.45833333333333,0.0,0.0,0.0,0.0,140.0,1256.0,24.0,21,0,0.5525394045534151,50.1032267756606,334.5,0.0,0.0,0.0,0.0,3
362.0,6.0,1.2576515397433008,0.0,0.0,0.0,0.0,0.0,184.0,5.0,1.3723967405631474,0.0,0.0,61.37037037037037,0.0,0.0,0.0,0.0,108.0,1214.0,30.0,22,0,0.5525394045534151,47.35680169380747,332.0,0.0,0.0,0.0,0.0,2
242.0,3.0,0.7580601883495358,0.0,0.0,0.0,0.0,0.0,90.0,2.0,0.6011538111774036,0.0,0.0,58.25,0.0,0.0,0.0,0.0,124.0,988.0,28.0,23,0,0.5525394045534151,56.76853588623372,317.0,0.0,0.0,0.0,0.0,2
718.0,8.0,1.8000407245393126,0.0,0.0,0.0,0.0,0.0,104.0,4.0,1.346860903430518,0.0,0.0,59.46666666666667,0.0,0.0,0.0,0.0,50.0,5134.0,4.0,0,0,0.5525394045534151,219.4690562850868,451.0,0.0,0.0,0.0,0.0,4
620.0,5.0,1.0975600106824248,0.0,0.0,0.0,0.0,0.0,130.0,7.0,1.7475811963107997,0.0,32.0,44.73333333333333,0.0,0.0,0.0,0.0,436.0,320.0,46.0,9,1,0.5525394045534151,266.55581029120333,465.0,0.0,0.0,0.0,0.0,3
606.0,5.0,0.9367168700928178,0.0,0.0,0.0,0.0,0.0,146.0,8.0,1.826576512039876,0.0,0.0,61.75862068965517,0.0,0.0,0.0,0.0,190.0,1058.0,20.0,10,1,0.5525394045534151,45.91296113299567,651.0,0.0,0.0,0.0,0.0,3
628.0,7.0,1.507159567186896,0.0,0.0,0.0,0.0,0.0,154.0,6.0,1.5369527484719672,0.0,0.0,56.833333333333336,0.0,0.0,0.0,0.0,264.0,4138.0,44.0,11,1,0.5525394045534151,48.35976288885873,634.0,0.0,0.0,0.0,0.0,3
462.0,4.0,1.0074954331468426,0.0,0.0,0.0,0.0,0.0,120.0,3.0,0.8864644756767976,0.0,0.0,46.310344827586206,0.0,0.0,0.0,0.0,186.0,2326.0,38.0,13,1,0.5525394045534151,74.50279636810042,573.0,0.0,0.0,0.0,0.0,2
712.0,10.0,1.5130261395781173,0.0,0.0,0.0,0.0,0.0,196.0,5.0,1.2324000185556043,0.0,24.0,43.58620689655172,0.0,0.0,0.0,0.0,226.0,2476.0,50.0,14,1,0.5525394045534151,127.88927502596393,559.5,0.0,0.0,0.0,0.0,2
712.0,3.0,0.4605896855646508,0.0,0.0,0.0,0.0,0.0,480.0,4.0,0.4279013593207408,0.0,0.0,70.83333333333333,0.0,0.0,0.0,0.0,120.0,918.0,26.0,15,1,0.5525394045534151,129.74847462173358,640.0,0.0,0.0,0.0,0.0,3
572.0,5.0,1.0556032844898533,0.0,0.0,0.0,0.0,0.0,684.0,4.0,0.4074291661860449,0.0,0.0,88.62068965517241,0.0,0.0,0.0,0.0,322.0,6272.0,64.0,16,1,0.5525394045534151,86.60061585616258,627.5,0.0,0.0,0.0,0.0,3
358.0,4.0,0.7687981254618828,0.0,0.0,0.0,0.0,0.0,192.0,3.0,0.4563344322902883,0.0,0.0,84.14814814814815,0.0,0.0,0.0,0.0,78.0,4514.0,8.0,17,1,0.5525394045534151,94.28149341201576,494.5,0.0,0.0,0.0,0.0,3
428.0,4.0,0.7718894779790535,0.0,0.0,0.0,0.0,0.0,844.0,3.0,0.1280447590760147,0.0,0.0,80.41666666666667,0.0,0.0,0.0,0.0,112.0,4820.0,16.0,18,1,0.5525394045534151,108.47273082822846,388.5,0.0,0.0,0.0,0.0,3
386.0,6.0,0.9708022213934826,0.0,0.0,0.0,0.0,0.0,118.0,2.0,0.0859155013326631,0.0,0.0,75.53571428571429,0.0,0.0,0.0,0.0,286.0,1166.0,0.0,19,1,0.5525394045534151,83.11437902072042,337.0,0.0,0.0,0.0,0.0,3
426.0,2.0,0.6795853533074956,0.0,0.0,0.0,0.0,0.0,116.0,3.0,0.8341142882133212,0.0,0.0,70.62962962962963,0.0,0.0,0.0,0.0,424.0,822.0,44.0,20,1,0.5525394045534151,123.3463957046711,416.5,0.0,0.0,0.0,0.0,3
296.0,5.0,0.8346871378492936,0.0,0.0,0.0,0.0,0.0,92.0,3.0,0.7206606160734909,0.0,0.0,68.25,0.0,0.0,0.0,0.0,230.0,1312.0,38.0,21,0,0.5525394045534151,169.69777056088068,370.0,0.0,0.0,0.0,0.0,3
