0.0,0.0,0.0,0.0,0.0,0.0,0.0,0.0,4.0,1.0,-1.000088900581841e-12,0.0,0.0,100.0,0.0,0.0,0.0,0.0,0.0,0.0,0.0,7,0,0.5648148148148148,0.0,0.0,0.0,0.0,0.0,0.0,2
624.0,3.0,0.0929250155744512,0.0,0.0,0.0,0.0,0.0,28.0,5.0,1.4701319204038412,0.0,0.0,100.0,0.0,0.0,0.0,0.0,132.0,0.0,0.0,7,0,0.5648148148148148,441.2346314604056,312.0,0.0,0.0,0.0,0.0,2
326.0,2.0,0.0373661130277916,0.0,0.0,0.0,0.0,0.0,30.0,4.0,1.379292254468676,0.0,0.0,100.0,0.0,0.0,0.0,0.0,132.0,0.0,12.0,8,1,0.5648148148148148,312.104683292855,316.6666666666667,0.0,0.0,0.0,0.0,2
426.0,4.0,0.3892887503551961,0.0,0.0,0.0,0.0,0.0,30.0,6.0,1.5226999259797525,0.0,0.0,99.8095238095238,0.0,0.0,0.0,0.0,264.0,15470.0,72.0,8,1,0.5648148148148148,260.63000594712804,344.0,0.0,0.0,0.0,0.0,2
344.0,5.0,1.1756121181373569,0.0,0.0,0.0,0.0,0.0,0.0,0.0,0.0,0.0,0.0,96.66666666666669,0.0,0.0,0.0,0.0,2.0,8850.0,2.0,9,1,0.5648148148148148,136.4600063510673,430.0,0.0,0.0,0.0,0.0,3
720.0,2.0,0.0958690449458197,0.0,0.0,0.0,0.0,0.0,0.0,0.0,0.0,0.0,0.0,92.06666666666666,0.0,0.0,0.0,0.0,0.0,98.0,0.0,9,1,0.5648148148148148,182.5960934229792,454.0,0.0,0.0,0.0,0.0,4
640.0,4.0,0.4019956465678524,0.0,0.0,0.0,0.0,0.0,0.0,0.0,0.0,0.0,0.0,86.33333333333333,0.0,0.0,0.0,0.0,0.0,426.0,0.0,10,1,0.5648148148148148,176.62295056607638,532.5,0.0,0.0,0.0,0.0,4
580.0,4.0,0.5659417896703476,0.0,0.0,0.0,0.0,0.0,0.0,0.0,0.0,0.0,0.0,81.14814814814815,0.0,0.0,0.0,0.0,4.0,134.0,4.0,10,1,0.5648148148148148,161.83530723135377,571.0,0.0,0.0,0.0,0.0,4
180.0,3.0,0.7130936235543516,0.0,0.0,0.0,0.0,0.0,0.0,0.0,0.0,0.0,0.0,77.6923076923077,0.0,0.0,0.0,0.0,4.0,166.0,4.0,11,1,0.5648148148148148,240.27761721253464,530.0,0.0,0.0,0.0,0.0,4
268.0,4.0,0.8577888011454662,0.0,0.0,0.0,0.0,0.0,0.0,0.0,0.0,0.0,0.0,75.88888888888889,0.0,0.0,0.0,0.0,48.0,1724.0,32.0,11,1,0.5648148148148148,227.05946357727527,417.0,0.0,0.0,0.0,0.0,2
652.0,5.0,1.0889736332876965,0.0,0.0,0.0,0.0,0.0,0.0,0.0,0.0,0.0,0.0,71.48148148148148,0.0,0.0,0.0,0.0,26.0,3768.0,10.0,12,1,0.5648148148148148,231.0324652510984,420.0,0.0,0.0,0.0,0.0,3
176.0,3.0,0.124224684045642,0.0,0.0,0.0,0.0,0.0,0.0,0.0,0.0,0.0,0.0,67.83333333333333,0.0,0.0,0.0,0.0,52.0,1268.0,20.0,12,1,0.5648148148148148,226.02359758809845,319.0,0.0,0.0,0.0,0.0,3
330.0,4.0,0.7032104254966973,0.0,0.0,0.0,0.0,0.0,0.0,0.0,0.0,0.0,0.0,65.0,0.0,0.0,0.0,0.0,150.0,1456.0,10.0,13,1,0.5648148148148148,206.9098032154752,356.5,0.0,0.0,0.0,0.0,3
694.0,4.0,0.2778948350125019,0.0,0.0,0.0,0.0,0.0,0.0,0.0,0.0,0.0,0.0,57.241379310344826,0.0,0.0,0.0,0.0,14.0,4606.0,6.0,13,1,0.5648148148148148,251.09095297653928,463.0,0.0,0.0,0.0,0.0,3
446.0,3.0,0.525952042230162,0.0,0.0,0.0,0.0,0.0,0.0,0.0,0.0,0.0,0.0,49.63636363636363,0.0,0.0,0.0,0.0,16.0,4246.0,6.0,14,1,0.5648148148148148,218.4025335628382,411.5,0.0,0.0,0.0,0.0,2
640.0,6.0,0.5753055999228304,0.0,0.0,0.0,0.0,0.0,0.0,0.0,0.0,0.0,0.0,43.285714285714285,0.0,0.0,0.0,0.0,34.0,4230.0,8.0,14,1,0.5648148148148148,169.3389106693044,527.5,0.0,0.0,0.0,0.0,4
720.0,1.0,-1.000088900581841e-12,0.0,0.0,0.0,0.0,0.0,0.0,0.0,0.0,0.0,0.0,35.4,0.0,0.0,0.0,0.0,0.0,220.0,0.0,15,1,0.5648148148148148,123.89780735213458,625.0,0.0,0.0,0.0,0.0,3
718.0,6.0,0.5606372145778309,0.0,0.0,0.0,0.0,0.0,0.0,0.0,0.0,0.0,18.0,34.2,0.0,0.0,0.0,0.0,0.0,1158.0,0.0,15,1,0.5648148148148148,128.83581282650664,631.0,0.0,0.0,0.0,0.0,3
404.0,8.0,1.197611915070811,0.0,0.0,0.0,0.0,0.0,0.0,0.0,0.0,0.0,0.0,30.666666666666668,0.0,0.0,0.0,0.0,66.0,4510.0,10.0,16,1,0.5648148148148148,149.0626266596247,620.5,0.0,0.0,0.0,0.0,3
92.0,7.0,1.7155286140813928,0.0,0.0,0.0,0.0,0.0,0.0,0.0,0.0,0.0,0.0,26.125,0.0,20.0,0.0,18.0,154.0,846.0,26.0,16,1,0.5648148148148148,300.2859748084593,483.5,0.0,0.0,0.0,0.0,3
396.0,6.0,0.5278293488016826,0.0,0.0,0.0,0.0,0.0,0.0,0.0,0.0,0.0,52.0,26.904761904761905,0.0,0.0,0.0,0.0,208.0,4418.0,8.0,17,1,0.5648148148148148,255.6005998949663,402.5,0.0,0.0,0.0,0.0,3
96.0,3.0,0.2020863392695082,0.0,0.0,0.0,0.0,0.0,0.0,0.0,0.0,0.0,0.0,26.846153846153847,0.0,0.0,0.0,0.0,364.0,826.0,12.0,17,1,0.5648148148148148,176.70691365459734,247.0,0.0,0.0,0.0,0.0,2
718.0,3.0,0.5961502013966898,0.0,0.0,0.0,0.0,0.0,0.0,0.0,0.0,0.0,0.0,20.03448275862069,0.0,0.0,0.0,0.0,0.0,5602.0,0.0,18,1,0.5648148148148148,297.8920386090683,325.5,0.0,0.0,0.0,0.0,2
228.0,1.0,-1.000088900581841e-12,0.0,0.0,0.0,0.0,0.0,0.0,0.0,0.0,0.0,24.0,12.4,0.0,0.0,0.0,0.0,24.0,2856.0,4.0,18,1,0.5648148148148148,268.68755088392163,359.5,0.0,0.0,0.0,0.0,3
374.0,1.0,-1.000088900581841e-12,0.0,0.0,0.0,0.0,0.0,0.0,0.0,0.0,0.0,24.0,17.0,0.0,0.0,0.0,0.0,0.0,3218.0,0.0,19,1,0.5648148148148148,267.91540953567164,354.0,0.0,0.0,0.0,0.0,2
718.0,7.0,1.2109467800015217,0.0,0.0,0.0,0.0,0.0,0.0,0.0,0.0,0.0,0.0,24.7,0.0,0.0,0.0,0.0,0.0,10036.0,0.0,19,1,0.5648148148148148,248.0235203900361,509.5,0.0,0.0,0.0,0.0,3
430.0,3.0,0.0823469370010045,0.0,0.0,0.0,0.0,0.0,0.0,0.0,0.0,0.0,0.0,33.05,0.0,0.0,0.0,0.0,0.0,1460.0,0.0,20,1,0.5648148148148148,205.4742481837241,437.5,0.0,0.0,0.0,0.0,2
18.0,1.0,-1.000088900581841e-12,0.0,0.0,0.0,0.0,0.0,0.0,0.0,0.0,0.0,0.0,36.0,0.0,0.0,0.0,0.0,26.0,0.0,0.0,20,1,0.5648148148148148,287.358080914156,385.0,0.0,0.0,0.0,0.0,2
604.0,5.0,1.0255003867190071,0.0,0.0,0.0,0.0,0.0,0.0,0.0,0.0,0.0,0.0,31.74074074074074,0.0,0.0,0.0,0.0,56.0,21134.0,12.0,21,0,0.5648148148148148,306.7784216661921,442.5,0.0,0.0,0.0,0.0,2
718.0,1.0,-1.000088900581841e-12,0.0,0.0,0.0,0.0,0.0,0.0,0.0,0.0,0.0,30.0,25.03333333333333,0.0,0.0,0.0,0.0,0.0,5960.0,0.0,21,0,0.5648148148148148,306.7784216661921,442.5,0.0,0.0,0.0,0.0,2
570.0,1.0,-1.000088900581841e-12,0.0,0.0,0.0,0.0,0.0,0.0,0.0,0.0,0.0,30.0,28.9,0.0,0.0,0.0,0.0,0.0,7208.0,0.0,22,0,0.5648148148148148,312.8039854818562,477.5,0.0,0.0,0.0,0.0,3
356.0,5.0,0.5508613436658252,0.0,0.0,0.0,0.0,0.0,0.0,0.0,0.0,0.0,0.0,36.5,0.0,0.0,0.0,0.0,64.0,2200.0,14.0,22,0,0.5648148148148148,151.21728296285002,562.0,0.0,0.0,0.0,0.0,2
144.0,1.0,-1.000088900581841e-12,0.0,0.0,0.0,0.0,0.0,0.0,0.0,0.0,0.0,0.0,77.54545454545455,0.0,0.0,0.0,0.0,0.0,0.0,0.0,23,0,0.5648148148148148,250.7721409301014,447.0,0.0,0.0,0.0,0.0,2
284.0,1.0,-1.000088900581841e-12,0.0,0.0,0.0,0.0,0.0,0.0,0.0,0.0,0.0,0.0,93.46666666666668,0.0,0.0,0.0,0.0,0.0,0.0,0.0,23,0,0.5648148148148148,177.6691682125329,338.5,0.0,0.0,0.0,0.0,3
0.0,0.0,0.0,0.0,0.0,0.0,0.0,0.0,0.0,0.0,0.0,0.0,0.0,99.56666666666666,0.0,0.0,0.0,0.0,0.0,0.0,0.0,0,0,0.5648148148148148,157.54787632124183,196.0,0.0,0.0,0.0,0.0,2
0.0,0.0,0.0,0.0,0.0,0.0,0.0,0.0,0.0,0.0,0.0,0.0,0.0,100.0,0.0,0.0,0.0,0.0,0.0,0.0,0.0,0,0,0.5648148148148148,136.132288601933,107.0,0.0,0.0,0.0,0.0,2
0.0,0.0,0.0,0.0,0.0,0.0,0.0,0.0,0.0,0.0,0.0,0.0,0.0,100.0,0.0,0.0,0.0,0.0,0.0,0.0,0.0,1,0,0.5648148148148148,141.99999999999991,71.0,0.0,0.0,0.0,0.0,2
0.0,0.0,0.0,0.0,0.0,0.0,0.0,0.0,0.0,0.0,0.0,0.0,0.0,100.0,0.0,0.0,0.0,0.0,0.0,0.0,0.0,1,0,0.5648148148148148,0.0,0.0,0.0,0.0,0.0,0.0,2
0.0,0.0,0.0,0.0,0.0,0.0,0.0,0.0,0.0,0.0,0.0,0.0,0.0,100.0,0.0,0.0,0.0,0.0,0.0,0.0,0.0,2,0,0.5648148148148148,0.0,0.0,0.0,0.0,0.0,0.0,2
0.0,0.0,0.0,0.0,0.0,0.0,0.0,0.0,0.0,0.0,0.0,0.0,0.0,100.0,0.0,0.0,0.0,0.0,0.0,0.0,0.0,2,0,0.5648148148148148,0.0,0.0,0.0,0.0,0.0,0.0,2
0.0,0.0,0.0,0.0,0.0,0.0,0.0,0.0,0.0,0.0,0.0,0.0,0.0,100.0,0.0,0.0,0.0,0.0,0.0,0.0,0.0,3,0,0.5648148148148148,0.0,0.0,0.0,0.0,0.0,0.0,2
0.0,0.0,0.0,0.0,0.0,0.0,0.0,0.0,0.0,0.0,0.0,0.0,0.0,100.0,0.0,0.0,0.0,0.0,0.0,0.0,0.0,3,0,0.5648148148148148,0.0,0.0,0.0,0.0,0.0,0.0,2
0.0,0.0,0.0,0.0,0.0,0.0,0.0,0.0,0.0,0.0,0.0,0.0,0.0,100.0,0.0,0.0,0.0,0.0,0.0,0.0,0.0,4,0,0.5648148148148148,0.0,0.0,0.0,0.0,0.0,0.0,2
0.0,0.0,0.0,0.0,0.0,0.0,0.0,0.0,0.0,0.0,0.0,0.0,0.0,100.0,0.0,0.0,0.0,0.0,0.0,0.0,0.0,4,0,0.5648148148148148,0.0,0.0,0.0,0.0,0.0,0.0,2
0.0,0.0,0.0,0.0,0.0,0.0,0.0,0.0,0.0,0.0,0.0,0.0,0.0,100.0,0.0,0.0,0.0,0.0,0.0,0.0,0.0,5,0,0.5648148148148148,0.0,0.0,0.0,0.0,0.0,0.0,2
0.0,0.0,0.0,0.0,0.0,0.0,0.0,0.0,0.0,0.0,0.0,0.0,0.0,100.0,0.0,0.0,0.0,0.0,0.0,0.0,0.0,5,0,0.5648148148148148,0.0,0.0,0.0,0.0,0.0,0.0,2
0.0,0.0,0.0,0.0,0.0,0.0,0.0,0.0,0.0,0.0,0.0,0.0,0.0,100.0,0.0,0.0,0.0,0.0,0.0,0.0,0.0,6,0,0.5648148148148148,0.0,0.0,0.0,0.0,0.0,0.0,2
0.0,0.0,0.0,0.0,0.0,0.0,0.0,0.0,0.0,0.0,0.0,0.0,0.0,100.0,0.0,0.0,0.0,0.0,0.0,0.0,0.0,6,0,0.5648148148148148,0.0,0.0,0.0,0.0,0.0,0.0,2
0.0,0.0,0.0,0.0,0.0,0.0,0.0,0.0,0.0,0.0,0.0,0.0,0.0,100.0,0.0,0.0,0.0,0.0,0.0,0.0,0.0,7,0,0.5648148148148148,0.0,0.0,0.0,0.0,0.0,0.0,2
370.0,5.0,0.7975420481356784,0.0,0.0,0.0,0.0,0.0,0.0,0.0,0.0,0.0,0.0,100.0,0.0,0.0,0.0,0.0,34.0,3572.0,4.0,7,0,0.5648148148148148,185.0,92.5,0.0,0.0,0.0,0.0,2
136.0,2.0,0.0766488007741842,0.0,0.0,0.0,0.0,0.0,0.0,0.0,0.0,0.0,0.0,99.36363636363636,0.0,0.0,0.0,0.0,34.0,0.0,4.0,8,1,0.5648148148148148,174.5346192975288,126.5,0.0,0.0,0.0,0.0,2
148.0,6.0,0.8264082510897944,0.0,0.0,0.0,0.0,0.0,0.0,0.0,0.0,0.0,0.0,97.8181818181818,0.0,0.0,0.0,0.0,170.0,4518.0,32.0,8,1,0.5648148148148148,153.1567824159282,163.5,0.0,0.0,0.0,0.0,3
12.0,1.0,-1.000088900581841e-12,0.0,0.0,0.0,0.0,0.0,74.0,3.0,0.3330110964771872,0.0,0.0,94.0,0.0,0.0,0.0,0.0,0.0,0.0,0.0,9,1,0.5648148148148148,61.5223536610879,97.5,0.0,0.0,0.0,0.0,3
114.0,4.0,1.0437106931224065,0.0,0.0,0.0,0.0,0.0,42.0,3.0,0.9556998911095343,0.0,0.0,93.1,0.0,0.0,0.0,0.0,14.0,574.0,12.0,10,1,0.5648148148148148,57.8042674318541,92.0,0.0,0.0,0.0,0.0,3
24.0,3.0,1.039720770836918,0.0,0.0,0.0,0.0,0.0,36.0,3.0,0.936888307536016,0.0,0.0,92.0,0.0,0.0,0.0,0.0,6.0,62.0,2.0,10,1,0.5648148148148148,50.55689863905791,61.0,0.0,0.0,0.0,0.0,3
190.0,6.0,0.8334574021097129,0.0,0.0,0.0,0.0,0.0,132.0,4.0,0.9178322054219424,0.0,0.0,90.6153846153846,0.0,0.0,0.0,0.0,68.0,1702.0,24.0,11,1,0.5648148148148148,83.49850298059226,85.0,0.0,0.0,0.0,0.0,3
20.0,1.0,-1.000088900581841e-12,0.0,0.0,0.0,0.0,0.0,170.0,2.0,0.1526887254098095,0.0,0.0,89.71428571428571,0.0,0.0,0.0,0.0,10.0,0.0,0.0,11,1,0.5648148148148148,81.23217753246949,87.0,0.0,0.0,0.0,0.0,2
92.0,4.0,0.9544712756391178,0.0,0.0,0.0,0.0,0.0,154.0,4.0,0.6496059381196098,0.0,0.0,88.44444444444444,0.0,0.0,0.0,0.0,30.0,1094.0,10.0,12,1,0.5648148148148148,79.52148556627097,81.5,0.0,0.0,0.0,0.0,3
66.0,5.0,1.4635507305424718,0.0,0.0,0.0,0.0,0.0,38.0,4.0,1.113771263344911,0.0,0.0,87.55555555555556,0.0,0.0,0.0,0.0,86.0,300.0,22.0,12,1,0.5648148148148148,71.79600731702733,92.0,0.0,0.0,0.0,0.0,2
126.0,7.0,1.4486728567601663,0.0,0.0,0.0,0.0,0.0,46.0,4.0,1.2198908845447212,0.0,0.0,85.63636363636364,0.0,0.0,0.0,0.0,116.0,690.0,28.0,13,1,0.5648148148148148,44.69153536558471,76.0,0.0,0.0,0.0,0.0,2
216.0,7.0,1.337330478387953,0.0,0.0,0.0,0.0,0.0,68.0,4.0,0.9935463784324516,0.0,0.0,83.75,0.0,0.0,0.0,0.0,216.0,2856.0,64.0,13,1,0.5648148148148148,65.4522726878141,125.0,0.0,0.0,0.0,0.0,2
132.0,4.0,0.7924246544782261,0.0,0.0,0.0,0.0,0.0,112.0,4.0,0.9126808688011968,0.0,0.0,80.33333333333333,0.0,0.0,0.0,0.0,128.0,1936.0,30.0,14,1,0.5648148148148148,61.676575780436906,135.0,0.0,0.0,0.0,0.0,3
100.0,4.0,0.6890721019999957,0.0,0.0,0.0,0.0,0.0,58.0,7.0,1.7708108600664514,0.0,0.0,78.63636363636364,0.0,0.0,0.0,0.0,66.0,422.0,18.0,14,1,0.5648148148148148,50.28916384272039,143.5,0.0,0.0,0.0,0.0,3
60.0,3.0,0.768857663855728,0.0,0.0,0.0,0.0,0.0,46.0,3.0,0.8378972277784775,0.0,0.0,77.88888888888889,0.0,0.0,0.0,0.0,46.0,504.0,6.0,15,1,0.5648148148148148,66.2419806467166,127.0,0.0,0.0,0.0,0.0,3
100.0,5.0,1.2875229667828672,0.0,0.0,0.0,0.0,0.0,140.0,5.0,0.9306405471613776,0.0,0.0,76.5,0.0,0.0,0.0,0.0,194.0,1620.0,88.0,15,1,0.5648148148148148,29.48445918332756,98.0,0.0,0.0,0.0,0.0,3
86.0,4.0,1.1624121787148411,0.0,0.0,0.0,0.0,0.0,144.0,3.0,0.6320776111597367,0.0,0.0,75.0,0.0,0.0,0.0,0.0,150.0,1716.0,50.0,16,1,0.5648148148148148,18.85912687975353,86.5,0.0,0.0,0.0,0.0,2
586.0,2.0,0.2308936209589647,0.0,0.0,0.0,0.0,0.0,26.0,2.0,0.5402041423868609,0.0,0.0,66.18518518518519,0.0,0.0,0.0,0.0,68.0,2282.0,34.0,17,1,0.5648148148148148,234.192940400289,271.5,0.0,0.0,0.0,0.0,2
718.0,1.0,-1.000088900581841e-12,0.0,0.0,0.0,0.0,0.0,24.0,4.0,1.3296613488507585,0.0,0.0,57.36666666666667,0.0,0.0,0.0,0.0,0.0,1502.0,0.0,17,1,0.5648148148148148,282.25756559095686,426.0,0.0,0.0,0.0,0.0,2
314.0,1.0,-1.000088900581841e-12,0.0,0.0,0.0,0.0,0.0,34.0,5.0,1.3180238017056036,0.0,0.0,47.75,0.0,0.0,0.0,0.0,38.0,396.0,12.0,18,1,0.5648148148148148,202.44834732181272,483.0,0.0,0.0,0.0,0.0,3
646.0,6.0,0.8454089919097517,0.0,0.0,0.0,0.0,0.0,58.0,3.0,0.8325712617858918,0.0,38.0,38.21428571428572,0.0,0.0,0.0,0.0,38.0,14538.0,6.0,18,1,0.5648148148148148,176.45396000090216,566.0,0.0,0.0,0.0,0.0,3
718.0,7.0,1.1791652125267404,0.0,0.0,0.0,0.0,0.0,58.0,4.0,0.6415758075483198,0.0,0.0,43.55172413793103,0.0,0.0,0.0,0.0,0.0,24340.0,0.0,19,1,0.5648148148148148,193.0077718642438,599.0,0.0,0.0,0.0,0.0,2
698.0,3.0,0.3811501077462863,0.0,0.0,0.0,0.0,0.0,24.0,2.0,0.6365141682928128,0.0,0.0,54.833333333333336,0.0,0.0,0.0,0.0,80.0,1918.0,30.0,19,1,0.5648148148148148,189.11724758290373,594.0,0.0,0.0,0.0,0.0,3
680.0,3.0,0.794337345804938,0.0,0.0,0.0,0.0,0.0,64.0,3.0,0.8724389173870352,0.0,0.0,49.10344827586207,0.0,0.0,0.0,0.0,40.0,9840.0,6.0,20,1,0.5648148148148148,30.566866593311552,685.5,0.0,0.0,0.0,0.0,3
378.0,4.0,1.3690138529868827,0.0,0.0,0.0,0.0,0.0,24.0,2.0,0.5623351446168083,0.0,0.0,42.75,0.0,0.0,0.0,0.0,216.0,4434.0,50.0,20,1,0.5648148148148148,161.082794446417,618.5,0.0,0.0,0.0,0.0,2
676.0,3.0,0.7241722625650872,0.0,0.0,0.0,0.0,0.0,58.0,4.0,1.294947707870282,0.0,46.0,44.75,0.0,0.0,0.0,0.0,182.0,6684.0,18.0,21,0,0.5648148148148148,153.63159397294112,608.0,0.0,0.0,0.0,0.0,3
658.0,4.0,0.3245612833480673,0.0,0.0,0.0,0.0,0.0,2.0,1.0,-1.000088900581841e-12,0.0,0.0,60.3448275862069,0.0,0.0,0.0,0.0,0.0,2836.0,0.0,21,0,0.5648148148148148,146.97845647123472,598.0,0.0,0.0,0.0,0.0,2
600.0,2.0,0.1461447460065638,0.0,0.0,0.0,0.0,0.0,6.0,1.0,-1.000088900581841e-12,0.0,0.0,82.12,0.0,0.0,0.0,0.0,46.0,7508.0,14.0,22,0,0.5648148148148148,137.22001797599833,578.0,0.0,0.0,0.0,0.0,2
716.0,3.0,0.1334198731853547,0.0,0.0,0.0,0.0,0.0,32.0,3.0,0.9743147528663494,0.0,0.0,89.64285714285714,0.0,0.0,0.0,0.0,0.0,4048.0,0.0,22,0,0.5648148148148148,48.20442579957405,662.5,0.0,0.0,0.0,0.0,3
718.0,1.0,-1.000088900581841e-12,0.0,0.0,0.0,0.0,0.0,6.0,2.0,0.6365141682928128,0.0,0.0,97.7,0.0,0.0,0.0,0.0,0.0,3454.0,0.0,23,0,0.5648148148148148,56.059492208426576,673.0,0.0,0.0,0.0,0.0,2
648.0,1.0,-1.000088900581841e-12,0.0,0.0,0.0,0.0,0.0,8.0,2.0,0.6931471805579453,0.0,52.0,96.03333333333332,0.0,0.0,0.0,0.0,0.0,9730.0,0.0,23,0,0.5648148148148148,57.16350817319245,670.5,0.0,0.0,0.0,0.0,3
0.0,0.0,0.0,0.0,0.0,0.0,0.0,0.0,2.0,1.0,-1.000088900581841e-12,0.0,0.0,98.26666666666668,0.0,0.0,0.0,0.0,0.0,1232.0,0.0,0,0,0.5648148148148148,348.52211790167155,520.5,0.0,0.0,0.0,0.0,2
0.0,0.0,0.0,0.0,0.0,0.0,0.0,0.0,0.0,0.0,0.0,0.0,0.0,100.0,0.0,0.0,0.0,0.0,0.0,0.0,0.0,0,0,0.5648148148148148,395.3643888870114,341.5,0.0,0.0,0.0,0.0,3
0.0,0.0,0.0,0.0,0.0,0.0,0.0,0.0,410.0,3.0,0.4791953833525106,0.0,0.0,100.0,0.0,0.0,0.0,0.0,0.0,0.0,0.0,1,0,0.5648148148148148,324.0,162.0,0.0,0.0,0.0,0.0,2
0.0,0.0,0.0,0.0,0.0,0.0,0.0,0.0,0.0,0.0,0.0,0.0,0.0,100.0,0.0,0.0,0.0,0.0,0.0,0.0,0.0,1,0,0.5648148148148148,0.0,0.0,0.0,0.0,0.0,0.0,2
0.0,0.0,0.0,0.0,0.0,0.0,0.0,0.0,108.0,2.0,0.1584105701297908,0.0,0.0,100.0,0.0,0.0,0.0,0.0,0.0,0.0,0.0,2,0,0.5648148148148148,0.0,0.0,0.0,0.0,0.0,0.0,2
0.0,0.0,0.0,0.0,0.0,0.0,0.0,0.0,8.0,1.0,-1.000088900581841e-12,0.0,0.0,100.0,0.0,0.0,0.0,0.0,0.0,0.0,0.0,2,0,0.5648148148148148,0.0,0.0,0.0,0.0,0.0,0.0,2
0.0,0.0,0.0,0.0,0.0,0.0,0.0,0.0,4.0,1.0,-1.000088900581841e-12,0.0,0.0,100.0,0.0,0.0,0.0,0.0,0.0,0.0,0.0,3,0,0.5648148148148148,0.0,0.0,0.0,0.0,0.0,0.0,2
0.0,0.0,0.0,0.0,0.0,0.0,0.0,0.0,4.0,1.0,-1.000088900581841e-12,0.0,0.0,100.0,0.0,0.0,0.0,0.0,0.0,0.0,0.0,3,0,0.5648148148148148,0.0,0.0,0.0,0.0,0.0,0.0,2
0.0,0.0,0.0,0.0,0.0,0.0,0.0,0.0,12.0,1.0,-1.000088900581841e-12,0.0,0.0,100.0,0.0,0.0,0.0,0.0,0.0,0.0,0.0,4,0,0.5648148148148148,0.0,0.0,0.0,0.0,0.0,0.0,2
0.0,0.0,0.0,0.0,0.0,0.0,0.0,0.0,4.0,1.0,-1.000088900581841e-12,0.0,0.0,100.0,0.0,0.0,0.0,0.0,0.0,0.0,0.0,4,0,0.5648148148148148,0.0,0.0,0.0,0.0,0.0,0.0,2
0.0,0.0,0.0,0.0,0.0,0.0,0.0,0.0,4.0,1.0,-1.000088900581841e-12,0.0,0.0,100.0,0.0,0.0,0.0,0.0,0.0,0.0,0.0,5,0,0.5648148148148148,0.0,0.0,0.0,0.0,0.0,0.0,2
0.0,0.0,0.0,0.0,0.0,0.0,0.0,0.0,4.0,1.0,-1.000088900581841e-12,0.0,0.0,100.0,0.0,0.0,0.0,0.0,0.0,0.0,0.0,5,0,0.5648148148148148,0.0,0.0,0.0,0.0,0.0,0.0,2
0.0,0.0,0.0,0.0,0.0,0.0,0.0,0.0,8.0,1.0,-1.000088900581841e-12,0.0,0.0,100.0,0.0,0.0,0.0,0.0,0.0,0.0,0.0,6,0,0.5648148148148148,0.0,0.0,0.0,0.0,0.0,0.0,2
0.0,0.0,0.0,0.0,0.0,0.0,0.0,0.0,14.0,1.0,-1.000088900581841e-12,0.0,0.0,100.0,0.0,0.0,0.0,0.0,0.0,0.0,0.0,6,0,0.5648148148148148,0.0,0.0,0.0,0.0,0.0,0.0,2
134.0,5.0,1.2173981528278166,0.0,0.0,0.0,0.0,0.0,52.0,5.0,1.2490828438142965,0.0,0.0,100.0,0.0,0.0,0.0,0.0,208.0,282.0,32.0,7,0,0.5648148148148148,66.99999999999986,33.5,0.0,0.0,0.0,0.0,2
20.0,2.0,0.5004024235361879,0.0,0.0,0.0,0.0,0.0,12.0,2.0,0.6365141682928128,0.0,0.0,100.0,0.0,0.0,0.0,0.0,52.0,0.0,0.0,7,0,0.5648148148148148,64.36096125240294,38.5,0.0,0.0,0.0,0.0,2
12.0,1.0,-1.000088900581841e-12,0.0,0.0,0.0,0.0,0.0,4.0,1.0,-1.000088900581841e-12,0.0,0.0,100.0,0.0,0.0,0.0,0.0,0.0,0.0,0.0,8,1,0.5648148148148148,62.21200312908526,41.5,0.0,0.0,0.0,0.0,2
4.0,1.0,-1.000088900581841e-12,0.0,0.0,0.0,0.0,0.0,4.0,1.0,-1.000088900581841e-12,0.0,0.0,100.0,28.0,0.0,0.0,0.0,0.0,0.0,0.0,8,1,0.5648148148148148,61.34872995153728,42.5,0.0,0.0,0.0,0.0,2
0.0,0.0,0.0,0.0,0.0,0.0,0.0,0.0,0.0,0.0,0.0,0.0,0.0,100.0,0.0,0.0,0.0,0.0,0.0,0.0,0.0,9,1,0.5648148148148148,8.869423130432287,9.0,0.0,0.0,0.0,0.0,2
292.0,2.0,0.0409600966996016,0.0,0.0,0.0,0.0,0.0,34.0,6.0,1.6300005591556537,0.0,0.0,99.125,26.0,0.0,0.0,0.0,52.0,12418.0,24.0,9,1,0.5648148148148148,143.42012875929694,77.0,0.0,0.0,0.0,0.0,3
718.0,4.0,0.4793626383406092,0.0,0.0,0.0,0.0,0.0,198.0,5.0,1.1999196268124497,0.0,0.0,92.8,0.0,0.0,0.0,0.0,0.0,10870.0,0.0,10,1,0.5648148148148148,338.50406201403257,253.5,0.0,0.0,0.0,0.0,3
474.0,4.0,1.1141621203568908,0.0,0.0,0.0,0.0,0.0,28.0,3.0,1.0042424730510766,0.0,0.0,84.23809523809524,0.0,0.0,0.0,0.0,52.0,11288.0,8.0,10,1,0.5648148148148148,302.709982216202,371.0,0.0,0.0,0.0,0.0,2
506.0,2.0,0.0258158521528772,0.0,0.0,0.0,0.0,0.0,14.0,2.0,0.5982695885832573,0.0,0.0,78.6086956521739,0.0,0.0,0.0,0.0,58.0,2944.0,16.0,11,1,0.5648148148148148,174.61863207191453,497.5,0.0,0.0,0.0,0.0,2
430.0,2.0,0.1589714116634763,0.0,0.0,0.0,0.0,0.0,8.0,2.0,0.5623351446168083,0.0,0.0,73.4,0.0,0.0,0.0,0.0,58.0,3008.0,8.0,11,1,0.5648148148148148,127.85408349625231,532.0,0.0,0.0,0.0,0.0,3
610.0,6.0,0.4834790905218688,0.0,0.0,0.0,0.0,0.0,10.0,2.0,0.6730116670072565,0.0,0.0,66.88461538461539,0.0,0.0,0.0,0.0,60.0,10046.0,14.0,12,1,0.5648148148148148,76.6202758195679,505.0,0.0,0.0,0.0,0.0,2
606.0,7.0,1.3921044185803364,0.0,0.0,0.0,0.0,0.0,32.0,2.0,0.2337916587044593,0.0,0.0,59.407407407407405,0.0,0.0,0.0,0.0,496.0,26306.0,144.0,12,1,0.5648148148148148,86.59484203269072,538.0,0.0,0.0,0.0,0.0,2
376.0,3.0,0.4813243298079083,0.0,0.0,0.0,0.0,0.0,42.0,5.0,1.3281579906176058,0.0,0.0,53.45,0.0,0.0,0.0,0.0,370.0,2076.0,40.0,13,1,0.5648148148148148,120.40348832155982,505.5,0.0,0.0,0.0,0.0,3
48.0,3.0,0.9191738293789784,0.0,0.0,0.0,0.0,0.0,0.0,0.0,0.0,0.0,0.0,43.0,0.0,0.0,0.0,0.0,6.0,36.0,4.0,14,1,0.5648148148148148,234.4376249666422,368.5,0.0,0.0,0.0,0.0,3
32.0,2.0,0.3767701612544368,0.0,0.0,0.0,0.0,0.0,0.0,0.0,0.0,0.0,0.0,42.285714285714285,0.0,0.0,4.0,0.0,6.0,32.0,6.0,14,1,0.5648148148148148,215.5148873434656,225.0,0.0,0.0,0.0,0.0,2
34.0,2.0,0.5455945739671844,0.0,0.0,0.0,0.0,0.0,0.0,0.0,0.0,0.0,0.0,42.0,0.0,0.0,0.0,0.0,8.0,92.0,4.0,15,1,0.5648148148148148,203.12475641011028,139.5,0.0,0.0,0.0,0.0,3
26.0,2.0,0.2711893730398441,0.0,0.0,0.0,0.0,0.0,0.0,0.0,0.0,0.0,0.0,42.0,0.0,0.0,0.0,0.0,8.0,184.0,6.0,15,1,0.5648148148148148,9.309493362511326,35.0,0.0,0.0,0.0,0.0,2
524.0,4.0,0.4187679794540755,0.0,0.0,0.0,0.0,0.0,0.0,0.0,0.0,0.0,0.0,37.41666666666666,0.0,0.0,0.0,0.0,32.0,522.0,16.0,16,1,0.5648148148148148,239.15058017909965,167.5,0.0,0.0,0.0,0.0,2
710.0,1.0,-1.000088900581841e-12,0.0,0.0,0.0,0.0,0.0,0.0,0.0,0.0,0.0,8.0,29.266666666666666,0.0,0.0,0.0,0.0,0.0,1460.0,0.0,17,1,0.5648148148148148,333.57607827900364,336.5,0.0,0.0,0.0,0.0,2
258.0,2.0,0.0799825257444707,0.0,0.0,0.0,0.0,0.0,0.0,0.0,0.0,0.0,0.0,29.529411764705884,0.0,0.0,0.0,0.0,16.0,684.0,0.0,17,1,0.5648148148148148,276.9566753122227,394.5,0.0,0.0,0.0,0.0,2
98.0,5.0,1.1857550906002892,0.0,0.0,0.0,0.0,0.0,0.0,0.0,0.0,0.0,0.0,27.5,0.0,0.0,0.0,0.0,16.0,860.0,10.0,18,1,0.5648148148148148,272.53073221198366,397.5,0.0,0.0,0.0,0.0,2
74.0,1.0,-1.000088900581841e-12,0.0,0.0,0.0,0.0,0.0,0.0,0.0,0.0,0.0,0.0,26.55555555555556,0.0,0.0,0.0,0.0,20.0,342.0,8.0,18,1,0.5648148148148148,294.86946264406555,285.0,0.0,0.0,0.0,0.0,3
12.0,1.0,-1.000088900581841e-12,0.0,0.0,0.0,0.0,0.0,0.0,0.0,0.0,0.0,0.0,26.0,0.0,0.0,0.0,0.0,0.0,0.0,0.0,19,1,0.5648148148148148,104.79662844449386,110.5,0.0,0.0,0.0,0.0,2
18.0,2.0,0.6869615765953234,0.0,0.0,0.0,0.0,0.0,0.0,0.0,0.0,0.0,0.0,26.0,6.0,0.0,0.0,0.0,10.0,52.0,4.0,19,1,0.5648148148148148,42.21768981521019,50.5,0.0,0.0,0.0,0.0,2
232.0,3.0,1.0677847205174038,0.0,0.0,0.0,0.0,0.0,0.0,0.0,0.0,0.0,10.0,26.76923076923077,0.0,0.0,0.0,0.0,30.0,1758.0,8.0,20,1,0.5648148148148148,170.4611392664028,155.5,0.0,0.0,0.0,0.0,2
52.0,3.0,0.6441798059703927,0.0,0.0,0.0,0.0,0.0,0.0,0.0,0.0,0.0,0.0,62.42857142857143,0.0,0.0,0.0,0.0,14.0,848.0,4.0,21,0,0.5648148148148148,160.09476360372722,165.5,0.0,0.0,0.0,0.0,3
602.0,2.0,0.1343955422938383,0.0,0.0,0.0,0.0,0.0,0.0,0.0,0.0,0.0,0.0,85.33333333333333,0.0,0.0,0.0,0.0,64.0,2554.0,12.0,21,0,0.5648148148148148,231.2307649657948,311.5,0.0,0.0,0.0,0.0,2
656.0,3.0,0.6413196403479885,0.0,0.0,0.0,0.0,0.0,0.0,0.0,0.0,0.0,0.0,86.72413793103448,0.0,0.0,0.0,0.0,32.0,18536.0,14.0,22,0,0.5648148148148148,291.4486804453458,385.5,0.0,0.0,0.0,0.0,3
124.0,4.0,1.0902515101958006,0.0,0.0,0.0,0.0,0.0,0.0,0.0,0.0,0.0,0.0,82.6,0.0,0.0,0.0,0.0,16.0,1006.0,6.0,22,0,0.5648148148148148,314.50013248539864,358.5,0.0,0.0,0.0,0.0,3
718.0,1.0,-1.000088900581841e-12,0.0,0.0,0.0,0.0,0.0,0.0,0.0,0.0,0.0,0.0,76.43333333333334,0.0,0.0,0.0,0.0,0.0,726.0,0.0,23,0,0.5648148148148148,271.5019950816813,525.0,0.0,0.0,0.0,0.0,3
458.0,1.0,-1.000088900581841e-12,0.0,0.0,0.0,0.0,0.0,0.0,0.0,0.0,0.0,0.0,67.63636363636364,0.0,0.0,0.0,0.0,0.0,1080.0,0.0,23,0,0.5648148148148148,267.4048117243467,489.0,0.0,0.0,0.0,0.0,3
382.0,3.0,0.4189503954094644,0.0,0.0,0.0,0.0,0.0,0.0,0.0,0.0,0.0,0.0,63.11111111111112,0.0,0.0,0.0,0.0,16.0,2992.0,4.0,0,0,0.5648148148148148,244.476992782552,420.5,0.0,0.0,0.0,0.0,2
396.0,1.0,-1.000088900581841e-12,0.0,0.0,0.0,0.0,0.0,0.0,0.0,0.0,0.0,0.0,58.85,0.0,0.0,0.0,0.0,0.0,628.0,0.0,0,0,0.5648148148148148,156.5236936270884,488.5,0.0,0.0,0.0,0.0,2
6.0,1.0,-1.000088900581841e-12,0.0,0.0,0.0,0.0,0.0,0.0,0.0,0.0,0.0,0.0,57.0,0.0,0.0,0.0,0.0,0.0,0.0,0.0,1,0,0.5648148148148148,205.66882764937088,310.5,0.0,0.0,0.0,0.0,3
0.0,0.0,0.0,0.0,0.0,0.0,0.0,0.0,0.0,0.0,0.0,0.0,0.0,56.0,12.0,0.0,0.0,0.0,0.0,0.0,0.0,1,0,0.5648148148148148,222.94393914165948,196.0,0.0,0.0,0.0,0.0,2
0.0,0.0,0.0,0.0,0.0,0.0,0.0,0.0,0.0,0.0,0.0,0.0,0.0,56.0,0.0,0.0,0.0,0.0,0.0,0.0,0.0,2,0,0.5648148148148148,197.0203035222512,100.5,0.0,0.0,0.0,0.0,2
0.0,0.0,0.0,0.0,0.0,0.0,0.0,0.0,0.0,0.0,0.0,0.0,0.0,55.5,8.0,0.0,0.0,0.0,0.0,0.0,0.0,2,0,0.5648148148148148,2.9999999999935327,1.5,0.0,0.0,0.0,0.0,2
0.0,0.0,0.0,0.0,0.0,0.0,0.0,0.0,0.0,0.0,0.0,0.0,0.0,55.0,0.0,0.0,0.0,0.0,0.0,0.0,0.0,3,0,0.5648148148148148,0.0,0.0,0.0,0.0,0.0,0.0,3
0.0,0.0,0.0,0.0,0.0,0.0,0.0,0.0,0.0,0.0,0.0,0.0,0.0,55.0,0.0,0.0,0.0,0.0,0.0,0.0,0.0,3,0,0.5648148148148148,0.0,0.0,0.0,0.0,0.0,0.0,3
0.0,0.0,0.0,0.0,0.0,0.0,0.0,0.0,0.0,0.0,0.0,0.0,0.0,55.0,0.0,0.0,0.0,0.0,0.0,0.0,0.0,4,0,0.5648148148148148,0.0,0.0,0.0,0.0,0.0,0.0,2
0.0,0.0,0.0,0.0,0.0,0.0,0.0,0.0,0.0,0.0,0.0,0.0,0.0,54.833333333333336,8.0,0.0,0.0,0.0,0.0,0.0,0.0,4,0,0.5648148148148148,0.0,0.0,0.0,0.0,0.0,0.0,2
0.0,0.0,0.0,0.0,0.0,0.0,0.0,0.0,0.0,0.0,0.0,0.0,0.0,54.0,0.0,0.0,0.0,0.0,0.0,0.0,0.0,5,0,0.5648148148148148,0.0,0.0,0.0,0.0,0.0,0.0,2
0.0,0.0,0.0,0.0,0.0,0.0,0.0,0.0,0.0,0.0,0.0,0.0,0.0,54.0,0.0,0.0,0.0,0.0,0.0,0.0,0.0,5,0,0.5648148148148148,0.0,0.0,0.0,0.0,0.0,0.0,2
0.0,0.0,0.0,0.0,0.0,0.0,0.0,0.0,0.0,0.0,0.0,0.0,0.0,53.0,0.0,0.0,0.0,0.0,0.0,0.0,0.0,6,0,0.5648148148148148,0.0,0.0,0.0,0.0,0.0,0.0,2
0.0,0.0,0.0,0.0,0.0,0.0,0.0,0.0,0.0,0.0,0.0,0.0,0.0,53.0,0.0,0.0,0.0,0.0,0.0,0.0,0.0,6,0,0.5648148148148148,0.0,0.0,0.0,0.0,0.0,0.0,2
18.0,2.0,0.6365141682928128,0.0,0.0,0.0,0.0,0.0,0.0,0.0,0.0,0.0,0.0,52.71428571428572,0.0,0.0,0.0,0.0,32.0,0.0,0.0,7,0,0.5648148148148148,8.999999999997844,4.5,0.0,0.0,0.0,0.0,2
460.0,4.0,0.6752980117732936,0.0,0.0,0.0,0.0,0.0,0.0,0.0,0.0,0.0,0.0,50.04761904761905,0.0,0.0,0.0,0.0,16.0,6734.0,2.0,7,0,0.5648148148148148,227.1585349486124,119.5,0.0,0.0,0.0,0.0,2
612.0,5.0,1.0152525632991305,0.0,0.0,0.0,0.0,0.0,0.0,0.0,0.0,0.0,0.0,44.035714285714285,0.0,0.0,0.0,0.0,70.0,5972.0,18.0,8,1,0.5648148148148148,310.613908252673,272.5,0.0,0.0,0.0,0.0,3
666.0,5.0,0.5364002074574349,0.0,16.0,0.0,0.0,0.0,0.0,0.0,0.0,0.0,22.0,37.57142857142857,0.0,0.0,0.0,0.0,64.0,5042.0,26.0,8,1,0.5648148148148148,293.90474647409144,439.0,8.0,4.0,0.0,0.0,2
714.0,6.0,0.8988752128537809,0.0,0.0,0.0,0.0,0.0,0.0,0.0,0.0,0.0,0.0,47.96666666666667,0.0,0.0,0.0,0.0,0.0,2646.0,0.0,9,1,0.5648148148148148,110.1816681667144,613.0,8.0,4.0,0.0,0.0,3
718.0,5.0,0.6927289877634328,0.0,0.0,0.0,0.0,0.0,0.0,0.0,0.0,0.0,0.0,71.26666666666667,0.0,0.0,0.0,0.0,0.0,3686.0,0.0,9,1,0.5648148148148148,49.64876634922529,677.5,8.0,4.0,0.0,0.0,2
694.0,1.0,-1.000088900581841e-12,0.0,0.0,0.0,0.0,0.0,0.0,0.0,0.0,0.0,0.0,89.93333333333334,0.0,0.0,0.0,0.0,44.0,1200.0,4.0,10,1,0.5648148148148148,23.776739333501947,698.0,8.0,4.0,0.0,0.0,2
236.0,5.0,0.97882439855856,0.0,0.0,0.0,0.0,0.0,0.0,0.0,0.0,0.0,0.0,97.78571428571428,0.0,0.0,0.0,0.0,66.0,1708.0,24.0,10,1,0.5648148148148148,236.56641068982432,590.5,0.0,0.0,0.0,0.0,2
310.0,6.0,0.8550562330484426,0.0,0.0,0.0,0.0,0.0,0.0,0.0,0.0,0.0,0.0,96.11764705882354,0.0,0.0,0.0,0.0,74.0,10498.0,28.0,11,1,0.5648148148148148,252.0019841191731,489.5,0.0,0.0,0.0,0.0,3
24.0,3.0,1.0114042647043515,0.0,0.0,0.0,0.0,0.0,0.0,0.0,0.0,0.0,0.0,94.0,0.0,0.0,0.0,0.0,26.0,60.0,4.0,11,1,0.5648148148148148,279.633092939063,316.0,0.0,0.0,0.0,0.0,2
34.0,2.0,0.6492483548688981,0.0,0.0,0.0,0.0,0.0,0.0,0.0,0.0,0.0,0.0,93.33333333333331,0.0,0.0,0.0,0.0,26.0,504.0,10.0,12,1,0.5648148148148148,144.1341967288354,151.0,0.0,0.0,0.0,0.0,3
90.0,5.0,1.452081826034552,0.0,0.0,0.0,0.0,0.0,0.0,0.0,0.0,0.0,0.0,91.7,0.0,0.0,0.0,0.0,126.0,1392.0,8.0,12,1,0.5648148148148148,133.53027122466762,114.5,0.0,0.0,0.0,0.0,2
368.0,6.0,1.1982458311429702,0.0,0.0,0.0,0.0,0.0,0.0,0.0,0.0,0.0,0.0,85.0909090909091,0.0,0.0,0.0,0.0,236.0,9400.0,56.0,13,1,0.5648148148148148,148.7100086297712,178.0,0.0,0.0,0.0,0.0,3
264.0,7.0,1.1586490000207867,0.0,0.0,0.0,0.0,0.0,0.0,0.0,0.0,0.0,0.0,81.82352941176471,0.0,0.0,0.0,0.0,318.0,4114.0,72.0,14,1,0.5648148148148148,115.15062599337716,235.5,0.0,0.0,0.0,0.0,2
240.0,4.0,0.7855390492182046,0.0,0.0,0.0,0.0,0.0,0.0,0.0,0.0,0.0,0.0,78.8,0.0,0.0,0.0,0.0,108.0,2638.0,40.0,14,1,0.5648148148148148,65.83818547519842,273.0,0.0,0.0,0.0,0.0,2
718.0,1.0,-1.000088900581841e-12,0.0,0.0,0.0,0.0,0.0,0.0,0.0,0.0,0.0,0.0,72.06666666666666,0.0,0.0,0.0,0.0,0.0,3718.0,0.0,15,1,0.5648148148148148,220.77062002600488,397.5,0.0,0.0,0.0,0.0,2
716.0,3.0,0.0537505572778888,0.0,0.0,0.0,0.0,0.0,0.0,0.0,0.0,0.0,0.0,62.793103448275865,0.0,0.0,0.0,0.0,36.0,2700.0,24.0,15,1,0.5648148148148148,268.6478488033481,484.5,0.0,0.0,0.0,0.0,2
718.0,3.0,0.2467985968936475,0.0,52.0,0.0,0.0,0.0,0.0,0.0,0.0,0.0,38.0,53.86666666666667,0.0,0.0,0.0,0.0,0.0,9828.0,0.0,16,1,0.5648148148148148,238.66852885679464,598.0,26.0,13.0,0.0,0.0,3
718.0,3.0,0.169160106459881,0.0,14.0,0.0,0.0,0.0,0.0,0.0,0.0,0.0,0.0,58.43333333333333,0.0,0.0,0.0,0.0,0.0,4316.0,0.0,16,1,0.5648148148148148,0.9999999999741268,717.5,24.569628948493843,16.5,0.0,0.0,3
718.0,5.0,0.7223258640205326,0.0,0.0,0.0,0.0,0.0,0.0,0.0,0.0,0.0,0.0,63.06666666666667,0.0,0.0,0.0,0.0,0.0,10680.0,0.0,17,1,0.5648148148148148,0.9999999999741268,717.5,24.569628948493843,16.5,0.0,0.0,3
446.0,5.0,1.2562668164856383,0.0,0.0,0.0,0.0,0.0,0.0,0.0,0.0,0.0,0.0,54.76190476190476,0.0,0.0,0.0,0.0,76.0,1518.0,20.0,17,1,0.5648148148148148,135.9999999999998,650.0,24.569628948493843,16.5,0.0,0.0,3
546.0,6.0,1.3445588647163094,0.0,0.0,0.0,0.0,0.0,0.0,0.0,0.0,0.0,0.0,48.57692307692308,0.0,0.0,0.0,0.0,210.0,12606.0,46.0,18,1,0.5648148148148148,134.51641783316495,607.0,6.999999999999996,3.5,0.0,0.0,3
392.0,6.0,0.6130048595605158,0.0,0.0,0.0,0.0,0.0,0.0,0.0,0.0,0.0,0.0,43.68421052631579,0.0,0.0,0.0,0.0,174.0,5250.0,36.0,18,1,0.5648148148148148,143.31666569756155,525.5,0.0,0.0,0.0,0.0,2
390.0,3.0,0.499097676561952,0.0,0.0,0.0,0.0,0.0,0.0,0.0,0.0,0.0,0.0,38.1578947368421,0.0,0.0,0.0,0.0,44.0,7058.0,16.0,19,1,0.5648148148148148,73.09126714822561,443.5,0.0,0.0,0.0,0.0,2
390.0,3.0,0.2031307706423153,0.0,0.0,0.0,0.0,0.0,0.0,0.0,0.0,0.0,48.0,34.10526315789474,0.0,0.0,0.0,0.0,240.0,7998.0,42.0,19,1,0.5648148148148148,77.67238891652522,429.5,0.0,0.0,0.0,0.0,3
382.0,1.0,-1.000088900581841e-12,0.0,0.0,0.0,0.0,0.0,0.0,0.0,0.0,0.0,0.0,53.94444444444444,0.0,0.0,0.0,0.0,0.0,0.0,0.0,20,1,0.5648148148148148,4.434711565211135,388.5,0.0,0.0,0.0,0.0,2
692.0,1.0,-1.000088900581841e-12,0.0,0.0,0.0,0.0,0.0,0.0,0.0,0.0,0.0,0.0,87.76666666666667,0.0,0.0,0.0,0.0,94.0,1542.0,28.0,20,1,0.5648148148148148,152.38000743754617,463.5,0.0,0.0,0.0,0.0,2
142.0,1.0,-1.000088900581841e-12,0.0,0.0,0.0,0.0,0.0,0.0,0.0,0.0,0.0,0.0,87.45454545454545,0.0,0.0,0.0,0.0,48.0,450.0,8.0,21,0,0.5648148148148148,225.27242766629607,401.5,0.0,0.0,0.0,0.0,2
294.0,5.0,1.2151901134570855,0.0,0.0,0.0,0.0,0.0,0.0,0.0,0.0,0.0,0.0,84.27777777777777,0.0,0.0,0.0,0.0,288.0,11058.0,70.0,21,0,0.5648148148148148,231.9216821831599,377.5,0.0,0.0,0.0,0.0,1
386.0,5.0,0.731733770545272,0.0,0.0,0.0,0.0,0.0,0.0,0.0,0.0,0.0,0.0,80.05,0.0,0.0,0.0,0.0,288.0,8708.0,108.0,22,0,0.5648148148148148,231.95617402144447,378.5,0.0,0.0,0.0,0.0,2
714.0,5.0,0.414517541154582,0.0,0.0,0.0,0.0,0.0,0.0,0.0,0.0,0.0,0.0,72.4,0.0,0.0,0.0,0.0,0.0,10188.0,0.0,22,0,0.5648148148148148,241.9145854773264,384.0,0.0,0.0,0.0,0.0,3
718.0,4.0,0.3510718084345086,0.0,0.0,0.0,0.0,0.0,0.0,0.0,0.0,0.0,0.0,61.46666666666667,0.0,0.0,0.0,0.0,0.0,3974.0,0.0,23,0,0.5648148148148148,220.31492610957304,528.0,0.0,0.0,0.0,0.0,2
532.0,2.0,0.2061920506312318,0.0,0.0,0.0,0.0,0.0,0.0,0.0,0.0,0.0,0.0,51.958333333333336,0.0,0.0,0.0,0.0,0.0,3870.0,0.0,23,0,0.5648148148148148,159.91143382093298,587.5,0.0,0.0,0.0,0.0,2
12.0,1.0,-1.000088900581841e-12,0.0,0.0,0.0,0.0,0.0,0.0,0.0,0.0,0.0,0.0,48.0,0.0,0.0,0.0,0.0,0.0,0.0,0.0,0,0,0.5648148148148148,332.83829907829613,494.0,0.0,0.0,0.0,0.0,2
0.0,0.0,0.0,0.0,0.0,0.0,0.0,0.0,0.0,0.0,0.0,0.0,0.0,48.0,26.0,0.0,0.0,0.0,0.0,0.0,0.0,0,0,0.5648148148148148,365.3906585195266,315.5,0.0,0.0,0.0,0.0,2
0.0,0.0,0.0,0.0,0.0,0.0,0.0,0.0,0.0,0.0,0.0,0.0,0.0,47.833333333333336,0.0,0.0,0.0,0.0,0.0,0.0,0.0,1,0,0.5648148148148148,264.06059910558406,136.0,0.0,0.0,0.0,0.0,2
0.0,0.0,0.0,0.0,0.0,0.0,0.0,0.0,0.0,0.0,0.0,0.0,0.0,47.0,26.0,0.0,0.0,0.0,0.0,0.0,0.0,1,0,0.5648148148148148,5.999999999997574,3.0,0.0,0.0,0.0,0.0,2
0.0,0.0,0.0,0.0,0.0,0.0,0.0,0.0,0.0,0.0,0.0,0.0,0.0,47.0,0.0,0.0,0.0,0.0,0.0,0.0,0.0,2,0,0.5648148148148148,0.0,0.0,0.0,0.0,0.0,0.0,2
0.0,0.0,0.0,0.0,0.0,0.0,0.0,0.0,0.0,0.0,0.0,0.0,0.0,46.66666666666666,0.0,0.0,0.0,0.0,0.0,0.0,0.0,2,0,0.5648148148148148,0.0,0.0,0.0,0.0,0.0,0.0,2
0.0,0.0,0.0,0.0,0.0,0.0,0.0,0.0,0.0,0.0,0.0,0.0,0.0,46.0,0.0,0.0,0.0,0.0,0.0,0.0,0.0,3,0,0.5648148148148148,0.0,0.0,0.0,0.0,0.0,0.0,2
0.0,0.0,0.0,0.0,0.0,0.0,0.0,0.0,0.0,0.0,0.0,0.0,0.0,45.16666666666666,22.0,0.0,0.0,0.0,0.0,0.0,0.0,3,0,0.5648148148148148,0.0,0.0,0.0,0.0,0.0,0.0,2
0.0,0.0,0.0,0.0,0.0,0.0,0.0,0.0,0.0,0.0,0.0,0.0,0.0,44.833333333333336,0.0,0.0,0.0,0.0,0.0,0.0,0.0,4,0,0.5648148148148148,0.0,0.0,0.0,0.0,0.0,0.0,2
0.0,0.0,0.0,0.0,0.0,0.0,0.0,0.0,0.0,0.0,0.0,0.0,0.0,44.0,0.0,0.0,0.0,0.0,0.0,0.0,0.0,4,0,0.5648148148148148,0.0,0.0,0.0,0.0,0.0,0.0,2
0.0,0.0,0.0,0.0,0.0,0.0,0.0,0.0,0.0,0.0,0.0,0.0,0.0,43.5,0.0,0.0,0.0,0.0,0.0,0.0,0.0,5,0,0.5648148148148148,0.0,0.0,0.0,0.0,0.0,0.0,2
0.0,0.0,0.0,0.0,0.0,0.0,0.0,0.0,0.0,0.0,0.0,0.0,0.0,43.0,0.0,0.0,0.0,0.0,0.0,0.0,0.0,5,0,0.5648148148148148,0.0,0.0,0.0,0.0,0.0,0.0,2
0.0,0.0,0.0,0.0,0.0,0.0,0.0,0.0,0.0,0.0,0.0,0.0,0.0,43.0,0.0,0.0,0.0,0.0,0.0,0.0,0.0,6,0,0.5648148148148148,0.0,0.0,0.0,0.0,0.0,0.0,2
0.0,0.0,0.0,0.0,0.0,0.0,0.0,0.0,0.0,0.0,0.0,0.0,0.0,42.0,0.0,0.0,0.0,0.0,0.0,0.0,0.0,6,0,0.5648148148148148,0.0,0.0,0.0,0.0,0.0,0.0,2
12.0,2.0,0.4505612088643047,0.0,0.0,0.0,0.0,0.0,0.0,0.0,0.0,0.0,0.0,41.42857142857143,0.0,0.0,0.0,0.0,54.0,0.0,16.0,7,0,0.5648148148148148,5.999999999997574,3.0,0.0,0.0,0.0,0.0,2
516.0,4.0,0.6211588432685201,0.0,0.0,0.0,0.0,0.0,0.0,0.0,0.0,0.0,0.0,37.47826086956522,0.0,0.0,0.0,0.0,108.0,2886.0,14.0,7,0,0.5648148148148148,256.0624923724675,132.0,0.0,0.0,0.0,0.0,2
698.0,4.0,0.3153679871575279,0.0,0.0,0.0,0.0,0.0,0.0,0.0,0.0,0.0,0.0,27.666666666666668,0.0,0.0,0.0,0.0,222.0,3912.0,56.0,8,1,0.5648148148148148,354.8873060564437,306.5,0.0,0.0,0.0,0.0,2
558.0,2.0,0.1661173059136608,0.0,0.0,0.0,0.0,0.0,0.0,0.0,0.0,0.0,56.0,21.541666666666668,0.0,0.0,0.0,0.0,56.0,4974.0,12.0,8,1,0.5648148148148148,299.6130838264577,446.0,0.0,0.0,0.0,0.0,3
718.0,3.0,0.379710512548327,0.0,0.0,0.0,0.0,0.0,0.0,0.0,0.0,0.0,0.0,38.241379310344826,0.0,0.0,0.0,0.0,0.0,9234.0,0.0,9,1,0.5648148148148148,100.53689206787048,622.5,0.0,0.0,0.0,0.0,3
718.0,1.0,-1.000088900581841e-12,0.0,0.0,0.0,0.0,0.0,0.0,0.0,0.0,0.0,0.0,49.96666666666667,0.0,0.0,0.0,0.0,0.0,292.0,0.0,9,1,0.5648148148148148,77.24420150837625,673.0,0.0,0.0,0.0,0.0,3
174.0,1.0,-1.000088900581841e-12,0.0,0.0,0.0,0.0,0.0,0.0,0.0,0.0,0.0,0.0,61.6,0.0,0.0,0.0,0.0,120.0,856.0,10.0,10,1,0.5648148148148148,256.6658008643405,542.0,0.0,0.0,0.0,0.0,3
718.0,1.0,-1.000088900581841e-12,0.0,0.0,0.0,0.0,0.0,0.0,0.0,0.0,0.0,0.0,73.23333333333333,0.0,0.0,0.0,0.0,0.0,3742.0,0.0,10,1,0.5648148148148148,271.99999999999994,582.0,0.0,0.0,0.0,0.0,2
600.0,3.0,0.9077172111588444,0.0,0.0,0.0,0.0,0.0,0.0,0.0,0.0,0.0,0.0,69.53846153846153,0.0,0.0,0.0,0.0,0.0,9848.0,0.0,11,1,0.5648148148148148,258.39182133599604,552.5,0.0,0.0,0.0,0.0,3
186.0,5.0,1.135155169247904,0.0,0.0,0.0,0.0,0.0,0.0,0.0,0.0,0.0,0.0,65.07692307692308,0.0,0.0,0.0,0.0,6.0,224.0,6.0,11,1,0.5648148148148148,280.7579028273291,419.5,0.0,0.0,0.0,0.0,3
358.0,3.0,0.2923797706180078,0.0,0.0,0.0,0.0,0.0,0.0,0.0,0.0,0.0,0.0,62.11111111111112,0.0,0.0,0.0,0.0,8.0,530.0,6.0,12,1,0.5648148148148148,239.11154997894457,465.5,0.0,0.0,0.0,0.0,3
506.0,6.0,0.3685522600070976,0.0,0.0,0.0,0.0,0.0,0.0,0.0,0.0,0.0,0.0,57.19047619047619,0.0,0.0,0.0,0.0,30.0,558.0,12.0,12,1,0.5648148148148148,180.89683984709805,412.5,0.0,0.0,0.0,0.0,4
302.0,9.0,1.8200239604663675,0.0,0.0,0.0,0.0,0.0,0.0,0.0,0.0,0.0,0.0,51.16666666666666,0.0,0.0,0.0,0.0,84.0,1774.0,32.0,13,1,0.5648148148148148,132.94610436814853,338.0,0.0,0.0,0.0,0.0,3
664.0,5.0,0.5443897942685898,0.0,0.0,0.0,0.0,0.0,0.0,0.0,0.0,0.0,0.0,43.75,0.0,0.0,0.0,0.0,12.0,4556.0,4.0,13,1,0.5648148148148148,162.35249715767634,457.5,0.0,0.0,0.0,0.0,2
286.0,3.0,0.2288440794136418,0.0,0.0,0.0,0.0,0.0,0.0,0.0,0.0,0.0,32.0,40.73333333333333,0.0,0.0,0.0,0.0,14.0,242.0,10.0,14,1,0.5648148148148148,180.08423954731103,439.5,0.0,0.0,0.0,0.0,3
718.0,1.0,-1.000088900581841e-12,0.0,0.0,0.0,0.0,0.0,0.0,0.0,0.0,0.0,0.0,69.43333333333334,0.0,0.0,0.0,0.0,16.0,0.0,0.0,14,1,0.5648148148148148,230.3584163862913,492.5,0.0,0.0,0.0,0.0,2
52.0,2.0,0.3576271598512217,0.0,0.0,0.0,0.0,0.0,0.0,0.0,0.0,0.0,0.0,85.33333333333333,0.0,0.0,0.0,0.0,32.0,148.0,8.0,15,1,0.5648148148148148,294.4707116166224,300.5,0.0,0.0,0.0,0.0,3
312.0,6.0,1.0946248365418052,0.0,0.0,0.0,0.0,0.0,0.0,0.0,0.0,0.0,0.0,81.6470588235294,0.0,0.0,0.0,0.0,64.0,2882.0,20.0,16,1,0.5648148148148148,294.33087956697074,307.0,0.0,0.0,0.0,0.0,2
718.0,1.0,-1.000088900581841e-12,0.0,0.0,0.0,0.0,0.0,0.0,0.0,0.0,0.0,0.0,73.0,0.0,0.0,0.0,0.0,0.0,38.0,0.0,16,1,0.5648148148148148,294.33087956697074,307.0,0.0,0.0,0.0,0.0,2
494.0,6.0,0.7485321090683886,0.0,0.0,0.0,0.0,0.0,118.0,6.0,1.2850563426024235,0.0,0.0,61.19047619047619,0.0,0.0,0.0,0.0,4.0,2196.0,2.0,17,1,0.5648148148148148,282.05436828148333,394.0,0.0,0.0,0.0,0.0,3
714.0,6.0,0.6311483133338215,0.0,0.0,0.0,0.0,0.0,222.0,3.0,0.3633778908515405,0.0,0.0,48.689655172413794,0.0,0.0,0.0,0.0,2.0,176.0,2.0,17,1,0.5648148148148148,195.39617874120933,559.5,0.0,0.0,0.0,0.0,4
624.0,3.0,0.0901588418008763,0.0,0.0,0.0,0.0,0.0,122.0,4.0,0.7434297706689351,0.0,0.0,36.25925925925926,0.0,0.0,0.0,0.0,16.0,678.0,8.0,18,1,0.5648148148148148,105.05078137104287,637.5,0.0,0.0,0.0,0.0,2
718.0,7.0,0.4783516226098148,0.0,0.0,0.0,0.0,0.0,170.0,6.0,0.5454003333715249,0.0,0.0,23.23333333333333,0.0,0.0,0.0,0.0,0.0,830.0,0.0,18,1,0.5648148148148148,105.05078137104287,637.5,0.0,0.0,0.0,0.0,2
158.0,4.0,1.1316993808989562,0.0,0.0,0.0,0.0,0.0,62.0,4.0,1.2240825672737703,0.0,0.0,14.428571428571429,0.0,0.0,0.0,0.0,20.0,514.0,6.0,19,1,0.5648148148148148,267.2146453072261,553.5,0.0,0.0,0.0,0.0,3
84.0,3.0,0.5943295739510223,0.0,0.0,0.0,0.0,0.0,46.0,7.0,1.7289770006228422,0.0,0.0,13.333333333333334,0.0,0.0,0.0,0.0,10.0,368.0,10.0,19,1,0.5648148148148148,321.2766201681452,396.0,0.0,0.0,0.0,0.0,2
452.0,2.0,0.0705564952808575,0.0,0.0,0.0,0.0,0.0,66.0,2.0,0.4741393130558373,0.0,4.0,16.555555555555557,0.0,0.0,0.0,0.0,4.0,646.0,2.0,20,1,0.5648148148148148,290.63837782830166,353.0,0.0,0.0,0.0,0.0,2
714.0,5.0,0.5716023745623922,0.0,0.0,0.0,0.0,0.0,20.0,2.0,0.6108643020528935,0.0,0.0,31.41379310344828,0.0,0.0,0.0,0.0,6.0,1180.0,4.0,20,1,0.5648148148148148,288.9659726219219,352.0,0.0,0.0,0.0,0.0,2
510.0,7.0,1.232085728545632,0.0,0.0,0.0,0.0,0.0,86.0,7.0,1.7166613991956992,0.0,0.0,42.75,0.0,0.0,0.0,0.0,16.0,784.0,12.0,21,0,0.5648148148148148,262.587128397414,440.0,0.0,0.0,0.0,0.0,2
146.0,5.0,1.1073048362084248,0.0,0.0,0.0,0.0,0.0,42.0,5.0,1.087108833053028,0.0,0.0,41.5,0.0,0.0,0.0,0.0,56.0,1254.0,24.0,21,0,0.5648148148148148,234.94325556042955,455.5,0.0,0.0,0.0,0.0,2
172.0,2.0,0.3594451475107912,0.0,0.0,0.0,0.0,0.0,38.0,2.0,0.4361623253833442,0.0,0.0,38.06666666666667,0.0,0.0,0.0,0.0,76.0,1078.0,16.0,22,0,0.5648148148148148,274.6846676949164,385.5,0.0,0.0,0.0,0.0,2
30.0,3.0,0.8918673953142511,0.0,0.0,0.0,0.0,0.0,6.0,2.0,0.6365141682928128,0.0,0.0,37.0,0.0,0.0,0.0,0.0,20.0,168.0,6.0,22,0,0.5648148148148148,206.4453115637811,214.5,0.0,0.0,0.0,0.0,2
160.0,4.0,0.9722957515984928,0.0,0.0,0.0,0.0,0.0,12.0,3.0,1.0114042647043515,0.0,0.0,34.84615384615385,0.0,0.0,0.0,0.0,30.0,550.0,8.0,23,0,0.5648148148148148,65.53370634007088,127.0,0.0,0.0,0.0,0.0,2
718.0,4.0,0.4703422091790423,0.0,0.0,0.0,0.0,0.0,166.0,4.0,0.8006640973133379,0.0,0.0,24.8,0.0,0.0,0.0,0.0,0.0,1744.0,0.0,23,0,0.5648148148148148,305.5094106570205,270.0,0.0,0.0,0.0,0.0,2
484.0,2.0,0.0478648502737037,0.0,0.0,0.0,0.0,0.0,14.0,4.0,1.1537419426970903,0.0,8.0,19.52380952380953,0.0,0.0,0.0,0.0,10.0,194.0,10.0,0,0,0.5648148148148148,311.91024349963243,348.0,0.0,0.0,0.0,0.0,2
606.0,4.0,0.910309309108768,0.0,0.0,0.0,0.0,0.0,16.0,3.0,0.9743147528663496,0.0,0.0,50.73076923076923,0.0,0.0,0.0,0.0,14.0,2874.0,2.0,0,0,0.5648148148148148,241.0808992848666,492.0,0.0,0.0,0.0,0.0,2
598.0,1.0,-1.000088900581841e-12,0.0,0.0,0.0,0.0,0.0,0.0,0.0,0.0,0.0,0.0,84.81481481481481,0.0,0.0,0.0,0.0,0.0,0.0,0.0,1,0,0.5648148148148148,95.58765610684262,601.5,0.0,0.0,0.0,0.0,2
244.0,1.0,-1.000088900581841e-12,0.0,0.0,0.0,0.0,0.0,146.0,2.0,0.488794895871719,0.0,0.0,97.76666666666668,0.0,0.0,0.0,0.0,0.0,0.0,0.0,1,0,0.5648148148148148,168.79573454326385,483.0,0.0,0.0,0.0,0.0,2
0.0,0.0,0.0,0.0,0.0,0.0,0.0,0.0,4.0,1.0,-1.000088900581841e-12,0.0,0.0,100.0,0.0,0.0,0.0,0.0,0.0,0.0,0.0,2,0,0.5648148148148148,294.5052348148218,362.0,0.0,0.0,0.0,0.0,2
0.0,0.0,0.0,0.0,0.0,0.0,0.0,0.0,4.0,1.0,-1.000088900581841e-12,0.0,0.0,100.0,0.0,0.0,0.0,0.0,0.0,0.0,0.0,2,0,0.5648148148148148,282.7831913910962,210.5,0.0,0.0,0.0,0.0,3
0.0,0.0,0.0,0.0,0.0,0.0,0.0,0.0,4.0,1.0,-1.000088900581841e-12,0.0,0.0,100.0,0.0,0.0,0.0,0.0,0.0,0.0,0.0,3,0,0.5648148148148148,122.00000000000009,61.0,0.0,0.0,0.0,0.0,2
0.0,0.0,0.0,0.0,0.0,0.0,0.0,0.0,0.0,0.0,0.0,0.0,0.0,100.0,0.0,0.0,0.0,0.0,0.0,0.0,0.0,3,0,0.5648148148148148,0.0,0.0,0.0,0.0,0.0,0.0,2
0.0,0.0,0.0,0.0,0.0,0.0,0.0,0.0,6.0,1.0,-1.000088900581841e-12,0.0,0.0,100.0,0.0,0.0,0.0,0.0,0.0,0.0,0.0,4,0,0.5648148148148148,0.0,0.0,0.0,0.0,0.0,0.0,2
0.0,0.0,0.0,0.0,0.0,0.0,0.0,0.0,4.0,1.0,-1.000088900581841e-12,0.0,0.0,100.0,0.0,0.0,0.0,0.0,0.0,0.0,0.0,4,0,0.5648148148148148,0.0,0.0,0.0,0.0,0.0,0.0,2
0.0,0.0,0.0,0.0,0.0,0.0,0.0,0.0,4.0,1.0,-1.000088900581841e-12,0.0,0.0,100.0,0.0,0.0,0.0,0.0,0.0,0.0,0.0,5,0,0.5648148148148148,0.0,0.0,0.0,0.0,0.0,0.0,2
0.0,0.0,0.0,0.0,0.0,0.0,0.0,0.0,6.0,1.0,-1.000088900581841e-12,0.0,0.0,100.0,0.0,0.0,0.0,0.0,0.0,0.0,0.0,5,0,0.5648148148148148,0.0,0.0,0.0,0.0,0.0,0.0,2
0.0,0.0,0.0,0.0,0.0,0.0,0.0,0.0,4.0,1.0,-1.000088900581841e-12,0.0,0.0,100.0,0.0,0.0,0.0,0.0,0.0,0.0,0.0,6,0,0.5648148148148148,0.0,0.0,0.0,0.0,0.0,0.0,2
0.0,0.0,0.0,0.0,0.0,0.0,0.0,0.0,4.0,1.0,-1.000088900581841e-12,0.0,0.0,100.0,0.0,0.0,0.0,0.0,0.0,0.0,0.0,6,0,0.5648148148148148,0.0,0.0,0.0,0.0,0.0,0.0,2
0.0,0.0,0.0,0.0,0.0,0.0,0.0,0.0,4.0,1.0,-1.000088900581841e-12,0.0,0.0,100.0,0.0,0.0,0.0,0.0,0.0,0.0,0.0,7,0,0.5648148148148148,0.0,0.0,0.0,0.0,0.0,0.0,2
0.0,0.0,0.0,0.0,0.0,0.0,0.0,0.0,6.0,1.0,-1.000088900581841e-12,0.0,0.0,100.0,0.0,0.0,0.0,0.0,0.0,0.0,0.0,7,0,0.5648148148148148,0.0,0.0,0.0,0.0,0.0,0.0,2
0.0,0.0,0.0,0.0,0.0,0.0,0.0,0.0,24.0,5.0,1.4677339293221523,0.0,0.0,100.0,0.0,0.0,0.0,0.0,0.0,0.0,0.0,8,1,0.5648148148148148,0.0,0.0,0.0,0.0,0.0,0.0,2
26.0,1.0,-1.000088900581841e-12,0.0,0.0,0.0,0.0,0.0,14.0,3.0,0.9556998911095343,0.0,0.0,100.0,0.0,0.0,0.0,0.0,14.0,0.0,0.0,8,1,0.5648148148148148,13.000000000000648,6.5,0.0,0.0,0.0,0.0,2
12.0,1.0,-1.000088900581841e-12,0.0,0.0,0.0,0.0,0.0,4.0,1.0,-1.000088900581841e-12,0.0,0.0,100.0,0.0,0.0,0.0,0.0,0.0,0.0,0.0,9,1,0.5648148148148148,12.36931687685366,9.5,0.0,0.0,0.0,0.0,2
0.0,0.0,0.0,0.0,0.0,0.0,0.0,0.0,40.0,2.0,0.3250829733894482,0.0,0.0,100.0,10.0,0.0,0.0,0.0,0.0,0.0,0.0,9,1,0.5648148148148148,12.36931687685366,9.5,0.0,0.0,0.0,0.0,2
284.0,4.0,0.6799586076099298,0.0,0.0,0.0,0.0,0.0,20.0,4.0,1.2798542258296677,0.0,0.0,99.46666666666668,0.0,0.0,0.0,0.0,14.0,2758.0,2.0,10,1,0.5648148148148148,136.0820830724359,80.5,0.0,0.0,0.0,0.0,2
718.0,1.0,-1.000088900581841e-12,0.0,0.0,0.0,0.0,0.0,148.0,2.0,0.2102834122841334,0.0,0.0,91.06666666666666,0.0,0.0,0.0,0.0,0.0,1684.0,0.0,10,1,0.5648148148148148,336.2910445829129,253.5,0.0,0.0,0.0,0.0,2
522.0,1.0,-1.000088900581841e-12,0.0,0.0,0.0,0.0,0.0,270.0,2.0,0.1334523578154635,0.0,0.0,78.2,0.0,0.0,0.0,0.0,0.0,1022.0,0.0,11,1,0.5648148148148148,309.84942579689687,381.0,0.0,0.0,0.0,0.0,2
0.0,0.0,0.0,0.0,0.0,0.0,0.0,0.0,4.0,1.0,-1.000088900581841e-12,0.0,0.0,64.86666666666666,0.0,0.0,0.0,0.0,0.0,1476.0,0.0,11,1,0.5648148148148148,309.84942579689687,381.0,0.0,0.0,0.0,0.0,2
348.0,3.0,0.4663861094220027,0.0,8.0,0.0,20.0,0.0,50.0,5.0,1.3110953624094015,0.0,0.0,52.76923076923077,0.0,0.0,0.0,0.0,14.0,2936.0,4.0,12,1,0.5648148148148148,304.7818892257216,397.0,3.999999999999993,2.0,10.0,5.0,2
508.0,3.0,0.8988959483233514,0.0,0.0,0.0,0.0,0.0,58.0,3.0,0.8802419707511131,0.0,0.0,42.125,0.0,0.0,0.0,0.0,70.0,696.0,18.0,12,1,0.5648148148148148,242.8518066640642,344.5,3.999999999999993,2.0,10.0,5.0,2
308.0,6.0,1.3808245016476095,0.0,0.0,0.0,0.0,0.0,94.0,4.0,1.1136659485423317,0.0,0.0,35.294117647058826,0.0,0.0,0.0,0.0,72.0,4824.0,20.0,13,1,0.5648148148148148,212.3738841446064,291.0,3.999999999999993,2.0,10.0,5.0,2
62.0,1.0,-1.000088900581841e-12,0.0,0.0,0.0,0.0,0.0,24.0,3.0,1.0986122886651095,0.0,0.0,32.666666666666664,0.0,0.0,0.0,0.0,36.0,970.0,16.0,13,1,0.5648148148148148,184.48757862432552,306.5,3.999999999999993,2.0,10.0,5.0,2
62.0,3.0,0.6692524995904983,0.0,0.0,0.0,0.0,0.0,64.0,3.0,0.65619279201562,0.0,0.0,31.0,0.0,0.0,0.0,0.0,72.0,304.0,10.0,14,1,0.5648148148148148,215.80546795667627,235.0,0.0,0.0,0.0,0.0,2
718.0,3.0,0.3029465299439762,0.0,26.0,0.0,0.0,0.0,42.0,7.0,1.8973675671067711,0.0,18.0,24.066666666666663,0.0,0.0,0.0,0.0,0.0,1420.0,0.0,14,1,0.5648148148148148,309.54321184610075,287.5,12.999999999999998,6.5,0.0,0.0,2
714.0,2.0,0.1914440819557173,0.0,0.0,0.0,0.0,0.0,66.0,6.0,1.5102398334068208,0.0,0.0,31.03448275862069,0.0,0.0,0.0,0.0,0.0,2170.0,0.0,15,1,0.5648148148148148,377.59060722781055,389.0,12.999999999999998,6.5,0.0,0.0,2
314.0,1.0,-1.000088900581841e-12,0.0,0.0,0.0,0.0,0.0,26.0,3.0,0.6870920273769716,0.0,0.0,23.058823529411764,0.0,0.0,0.0,0.0,0.0,436.0,0.0,15,1,0.5648148148148148,321.7369525974079,452.0,12.999999999999998,6.5,0.0,0.0,2
578.0,1.0,-1.000088900581841e-12,0.0,0.0,0.0,0.0,0.0,22.0,3.0,1.0900596587077838,0.0,22.0,18.46153846153846,0.0,0.0,0.0,0.0,22.0,380.0,6.0,16,1,0.5648148148148148,189.5222062626612,581.0,12.999999999999998,6.5,0.0,0.0,2
674.0,2.0,0.1537266571912499,0.0,20.0,0.0,0.0,0.0,44.0,7.0,1.8179714170626493,0.0,22.0,21.035714285714285,0.0,0.0,0.0,0.0,22.0,1214.0,4.0,16,1,0.5648148148148148,179.95555006723194,570.0,9.999999999999996,5.0,0.0,0.0,3
718.0,2.0,0.0344701086632955,0.0,0.0,0.0,0.0,0.0,4.0,1.0,-1.000088900581841e-12,0.0,0.0,27.266666666666666,0.0,0.0,0.0,0.0,0.0,1656.0,0.0,17,1,0.5648148148148148,181.03038419005804,571.0,9.999999999999996,5.0,0.0,0.0,2
716.0,7.0,0.9184239745662126,0.0,0.0,0.0,0.0,0.0,104.0,7.0,1.7516703093887176,0.0,0.0,32.241379310344826,0.0,0.0,0.0,0.0,0.0,5234.0,0.0,17,1,0.5648148148148148,65.55150646628971,671.5,9.999999999999996,5.0,0.0,0.0,2
584.0,8.0,1.2535377263662904,0.0,0.0,0.0,0.0,0.0,108.0,4.0,0.956122338094301,0.0,0.0,23.23076923076923,0.0,0.0,0.0,0.0,130.0,16758.0,36.0,18,1,0.5648148148148148,62.70566162636371,673.0,9.999999999999996,5.0,0.0,0.0,2
718.0,9.0,0.9486816808754402,0.0,20.0,0.0,0.0,0.0,150.0,6.0,0.8537628206680603,0.0,52.0,20.5,0.0,0.0,0.0,0.0,0.0,5580.0,0.0,18,1,0.5648148148148148,66.6733330000335,684.0,9.999999999999996,5.0,0.0,0.0,2
718.0,1.0,-1.000088900581841e-12,0.0,0.0,0.0,0.0,0.0,4.0,1.0,-1.000088900581841e-12,0.0,0.0,25.466666666666665,0.0,0.0,0.0,0.0,0.0,0.0,0.0,19,1,0.5648148148148148,66.6733330000335,684.0,9.999999999999996,5.0,0.0,0.0,2
374.0,2.0,0.3512960817756986,0.0,0.0,0.0,0.0,0.0,86.0,4.0,0.8639086885237388,0.0,0.0,35.63157894736842,0.0,0.0,0.0,0.0,52.0,3758.0,28.0,19,1,0.5648148148148148,162.45101825883813,598.5,9.999999999999996,5.0,0.0,0.0,2
214.0,4.0,1.1961128439538855,0.0,0.0,0.0,0.0,0.0,56.0,5.0,1.0763751728682047,0.0,0.0,43.333333333333336,0.0,0.0,0.0,0.0,122.0,2582.0,20.0,20,1,0.5648148148148148,253.36140195380992,506.0,9.999999999999996,5.0,0.0,0.0,2
34.0,1.0,-1.000088900581841e-12,0.0,0.0,0.0,0.0,0.0,6.0,1.0,-1.000088900581841e-12,0.0,0.0,41.0,0.0,0.0,0.0,0.0,32.0,506.0,12.0,20,1,0.5648148148148148,290.6613149354417,335.0,0.0,0.0,0.0,0.0,2
488.0,4.0,0.1924730521250535,0.0,0.0,0.0,0.0,0.0,76.0,3.0,0.7101138945587065,0.0,0.0,38.91304347826087,0.0,0.0,0.0,0.0,64.0,2856.0,26.0,21,0,0.5648148148148148,197.43944219262104,277.5,0.0,0.0,0.0,0.0,2
676.0,3.0,0.4283270748052505,0.0,0.0,0.0,0.0,0.0,80.0,4.0,0.7241180912217424,0.0,32.0,35.27586206896552,0.0,0.0,0.0,0.0,32.0,5850.0,8.0,21,0,0.5648148148148148,284.9771920698216,353.0,0.0,0.0,0.0,0.0,2
648.0,5.0,0.764544136254502,0.0,0.0,0.0,0.0,0.0,48.0,2.0,0.6791932659895258,0.0,36.0,44.7037037037037,0.0,0.0,0.0,0.0,36.0,11508.0,8.0,22,0,0.5648148148148148,296.7889261186588,461.5,0.0,0.0,0.0,0.0,2
690.0,6.0,1.5714362419276304,0.0,16.0,0.0,0.0,0.0,124.0,4.0,0.8807240845116073,0.0,0.0,39.06896551724138,0.0,0.0,0.0,0.0,108.0,7370.0,18.0,22,0,0.5648148148148148,93.31487912796484,625.5,7.9999999999999964,4.0,0.0,0.0,2
718.0,2.0,0.0483051822207435,0.0,0.0,0.0,0.0,0.0,36.0,3.0,0.900908873222472,0.0,0.0,27.5,0.0,0.0,0.0,0.0,0.0,2688.0,0.0,23,0,0.5648148148148148,29.14332399252615,683.0,7.9999999999999964,4.0,0.0,0.0,2
504.0,1.0,-1.000088900581841e-12,0.0,26.0,0.0,0.0,0.0,24.0,1.0,-1.000088900581841e-12,0.0,34.0,16.666666666666668,0.0,0.0,0.0,0.0,0.0,1222.0,0.0,23,0,0.5648148148148148,95.12097560475304,640.0,12.793227374930323,10.5,0.0,0.0,2
520.0,2.0,0.2096879369597782,0.0,0.0,0.0,0.0,0.0,22.0,3.0,0.9949236325687753,0.0,36.0,17.363636363636363,0.0,0.0,0.0,0.0,36.0,4684.0,20.0,0,0,0.5648148148148148,111.63034235069492,608.0,12.793227374930323,10.5,0.0,0.0,3
12.0,1.0,-1.000088900581841e-12,0.0,0.0,0.0,0.0,0.0,0.0,0.0,0.0,0.0,0.0,41.0,0.0,0.0,0.0,0.0,0.0,0.0,0.0,1,0,0.5648148148148148,243.3892629787381,375.5,12.999999999999998,6.5,0.0,0.0,2
6.0,1.0,-1.000088900581841e-12,0.0,0.0,0.0,0.0,0.0,0.0,0.0,0.0,0.0,0.0,77.57142857142857,0.0,0.0,0.0,0.0,0.0,0.0,0.0,1,0,0.5648148148148148,280.31648780143735,251.0,0.0,0.0,0.0,0.0,2
0.0,0.0,0.0,0.0,0.0,0.0,0.0,0.0,68.0,3.0,0.6779087256411982,0.0,0.0,96.23333333333332,0.0,0.0,0.0,0.0,0.0,0.0,0.0,2,0,0.5648148148148148,230.05216799673943,121.0,0.0,0.0,0.0,0.0,2
0.0,0.0,0.0,0.0,0.0,0.0,0.0,0.0,8.0,2.0,0.6931471805579453,0.0,0.0,100.0,0.0,0.0,0.0,0.0,0.0,0.0,0.0,2,0,0.5648148148148148,5.7445626465397135,4.5,0.0,0.0,0.0,0.0,2
0.0,0.0,0.0,0.0,0.0,0.0,0.0,0.0,4.0,1.0,-1.000088900581841e-12,0.0,0.0,100.0,0.0,0.0,0.0,0.0,0.0,0.0,0.0,3,0,0.5648148148148148,3.0000000000032125,1.5,0.0,0.0,0.0,0.0,2
0.0,0.0,0.0,0.0,0.0,0.0,0.0,0.0,4.0,1.0,-1.000088900581841e-12,0.0,0.0,100.0,0.0,0.0,0.0,0.0,0.0,0.0,0.0,3,0,0.5648148148148148,0.0,0.0,0.0,0.0,0.0,0.0,2
0.0,0.0,0.0,0.0,0.0,0.0,0.0,0.0,4.0,1.0,-1.000088900581841e-12,0.0,0.0,100.0,0.0,0.0,0.0,0.0,0.0,0.0,0.0,4,0,0.5648148148148148,0.0,0.0,0.0,0.0,0.0,0.0,2
0.0,0.0,0.0,0.0,0.0,0.0,0.0,0.0,4.0,1.0,-1.000088900581841e-12,0.0,0.0,100.0,0.0,0.0,0.0,0.0,0.0,0.0,0.0,4,0,0.5648148148148148,0.0,0.0,0.0,0.0,0.0,0.0,2
0.0,0.0,0.0,0.0,0.0,0.0,0.0,0.0,8.0,1.0,-1.000088900581841e-12,0.0,0.0,100.0,0.0,0.0,0.0,0.0,0.0,0.0,0.0,5,0,0.5648148148148148,0.0,0.0,0.0,0.0,0.0,0.0,2
0.0,0.0,0.0,0.0,0.0,0.0,0.0,0.0,4.0,1.0,-1.000088900581841e-12,0.0,0.0,100.0,0.0,0.0,0.0,0.0,0.0,0.0,0.0,5,0,0.5648148148148148,0.0,0.0,0.0,0.0,0.0,0.0,2
0.0,0.0,0.0,0.0,0.0,0.0,0.0,0.0,4.0,1.0,-1.000088900581841e-12,0.0,0.0,100.0,0.0,0.0,0.0,0.0,0.0,0.0,0.0,6,0,0.5648148148148148,0.0,0.0,0.0,0.0,0.0,0.0,2
0.0,0.0,0.0,0.0,0.0,0.0,0.0,0.0,6.0,1.0,-1.000088900581841e-12,0.0,0.0,100.0,0.0,0.0,0.0,0.0,0.0,0.0,0.0,6,0,0.5648148148148148,0.0,0.0,0.0,0.0,0.0,0.0,2
0.0,0.0,0.0,0.0,0.0,0.0,0.0,0.0,8.0,1.0,-1.000088900581841e-12,0.0,0.0,100.0,0.0,0.0,0.0,0.0,0.0,0.0,0.0,7,0,0.5648148148148148,0.0,0.0,0.0,0.0,0.0,0.0,2
0.0,0.0,0.0,0.0,0.0,0.0,0.0,0.0,4.0,1.0,-1.000088900581841e-12,0.0,0.0,100.0,0.0,0.0,0.0,0.0,0.0,0.0,0.0,7,0,0.5648148148148148,0.0,0.0,0.0,0.0,0.0,0.0,2
0.0,0.0,0.0,0.0,0.0,0.0,0.0,0.0,4.0,1.0,-1.000088900581841e-12,0.0,0.0,100.0,0.0,0.0,0.0,0.0,0.0,0.0,0.0,8,1,0.5648148148148148,0.0,0.0,0.0,0.0,0.0,0.0,2
456.0,2.0,0.1216924026760619,0.0,0.0,0.0,0.0,0.0,18.0,3.0,1.060856947155021,0.0,0.0,99.43478260869566,0.0,0.0,0.0,0.0,80.0,1832.0,10.0,8,1,0.5648148148148148,228.00000000000009,114.0,0.0,0.0,0.0,0.0,2
12.0,1.0,-1.000088900581841e-12,0.0,0.0,0.0,0.0,0.0,16.0,2.0,0.5623351446168083,0.0,0.0,97.83333333333331,0.0,0.0,0.0,0.0,40.0,0.0,0.0,9,1,0.5648148148148148,226.0707853748468,117.0,0.0,0.0,0.0,0.0,2
646.0,1.0,-1.000088900581841e-12,0.0,0.0,0.0,0.0,0.0,6.0,2.0,0.6365141682928128,0.0,0.0,92.5925925925926,0.0,0.0,0.0,0.0,40.0,6152.0,4.0,9,1,0.5648148148148148,324.11263474292394,278.5,0.0,0.0,0.0,0.0,2
718.0,1.0,-1.000088900581841e-12,0.0,0.0,0.0,0.0,0.0,4.0,1.0,-1.000088900581841e-12,0.0,0.0,81.06666666666666,0.0,0.0,0.0,0.0,0.0,13438.0,0.0,10,1,0.5648148148148148,317.2086589822752,458.0,0.0,0.0,0.0,0.0,3
76.0,1.0,-1.000088900581841e-12,0.0,0.0,0.0,0.0,0.0,8.0,1.0,-1.000088900581841e-12,0.0,0.0,68.9,0.0,0.0,0.0,0.0,0.0,218.0,0.0,10,1,0.5648148148148148,370.44297806815024,363.0,0.0,0.0,0.0,0.0,2
0.0,0.0,0.0,0.0,16.0,0.0,0.0,0.0,30.0,7.0,1.898926789329329,0.0,0.0,55.73333333333333,0.0,0.0,0.0,0.0,0.0,3028.0,0.0,11,1,0.5648148148148148,374.2619403572851,360.0,7.999999999999997,4.0,0.0,0.0,2
0.0,0.0,0.0,0.0,10.0,0.0,0.0,0.0,0.0,0.0,0.0,0.0,40.0,51.833333333333336,0.0,0.0,0.0,0.0,0.0,352.0,0.0,11,1,0.5648148148148148,348.1814660968234,198.5,7.895146188218005,6.5,0.0,0.0,2
0.0,0.0,0.0,0.0,0.0,0.0,0.0,0.0,52.0,4.0,1.011642182740207,0.0,0.0,58.6,0.0,0.0,0.0,0.0,0.0,1218.0,0.0,12,1,0.5648148148148148,38.0000000000006,19.0,7.895146188218005,6.5,0.0,0.0,2
288.0,5.0,0.9236472520878428,0.0,22.0,0.0,0.0,0.0,86.0,3.0,0.835055624099254,0.0,42.0,52.75,0.0,0.0,0.0,0.0,126.0,3374.0,26.0,12,1,0.5648148148148148,144.00000000000017,72.0,9.380831519646858,12.0,0.0,0.0,2
142.0,3.0,0.9971531382242196,0.0,0.0,0.0,0.0,0.0,46.0,5.0,1.4486099965318102,0.0,0.0,48.07142857142857,0.0,0.0,0.0,0.0,252.0,6924.0,34.0,13,1,0.5648148148148148,137.69894698217576,107.5,10.456258094238748,8.0,0.0,0.0,2
12.0,1.0,-1.000088900581841e-12,0.0,0.0,0.0,0.0,0.0,4.0,1.0,-1.000088900581841e-12,0.0,0.0,47.0,0.0,0.0,0.0,0.0,0.0,0.0,0.0,13,1,0.5648148148148148,134.67367968537894,110.5,10.999999999999998,5.5,0.0,0.0,2
196.0,5.0,0.99382183804633,0.0,0.0,0.0,0.0,0.0,40.0,3.0,0.8451132568399528,0.0,0.0,45.07692307692308,0.0,0.0,0.0,0.0,84.0,5982.0,32.0,14,1,0.5648148148148148,115.33574178602824,159.5,10.999999999999998,5.5,0.0,0.0,2
22.0,1.0,-1.000088900581841e-12,0.0,0.0,0.0,0.0,0.0,8.0,1.0,-1.000088900581841e-12,0.0,0.0,43.142857142857146,0.0,0.0,0.0,0.0,42.0,0.0,0.0,14,1,0.5648148148148148,90.57593499379428,93.0,0.0,0.0,0.0,0.0,2
4.0,1.0,-1.000088900581841e-12,0.0,0.0,0.0,0.0,0.0,20.0,3.0,0.9502705392302344,0.0,0.0,42.0,0.0,0.0,0.0,0.0,0.0,0.0,0.0,15,1,0.5648148148148148,91.9619486526903,58.5,0.0,0.0,0.0,0.0,2
0.0,0.0,0.0,0.0,0.0,0.0,0.0,0.0,8.0,2.0,0.6931471805579453,0.0,0.0,42.0,26.0,0.0,0.0,0.0,0.0,0.0,0.0,15,1,0.5648148148148148,94.15412895885152,55.5,0.0,0.0,0.0,0.0,1
676.0,5.0,0.4713491610140765,0.0,0.0,0.0,0.0,0.0,58.0,6.0,1.3508463573511251,0.0,0.0,36.35714285714285,0.0,0.0,0.0,0.0,42.0,6680.0,8.0,16,1,0.5648148148148148,333.8038346094905,175.5,0.0,0.0,0.0,0.0,2
718.0,7.0,0.896302547209586,0.0,0.0,0.0,0.0,0.0,62.0,6.0,1.4992272796887334,0.0,46.0,30.966666666666665,0.0,0.0,0.0,0.0,0.0,12976.0,0.0,16,1,0.5648148148148148,401.6279372752848,349.5,0.0,0.0,0.0,0.0,3
720.0,1.0,-1.000088900581841e-12,0.0,0.0,0.0,0.0,0.0,0.0,0.0,0.0,0.0,0.0,38.43333333333333,0.0,0.0,0.0,0.0,0.0,128.0,0.0,17,1,0.5648148148148148,352.91689295545683,528.5,0.0,0.0,0.0,0.0,3
562.0,8.0,0.847247434065444,0.0,0.0,0.0,0.0,0.0,100.0,5.0,0.9799679886516476,0.0,0.0,49.32,0.0,0.0,0.0,0.0,46.0,8354.0,10.0,17,1,0.5648148148148148,74.16198487095706,669.0,0.0,0.0,0.0,0.0,2
528.0,7.0,1.4179349768729717,0.0,0.0,0.0,0.0,0.0,40.0,4.0,1.1421200429843352,0.0,0.0,52.66666666666666,0.0,0.0,0.0,0.0,144.0,17690.0,42.0,18,1,0.5648148148148148,101.4166324294659,632.0,0.0,0.0,0.0,0.0,2
458.0,5.0,1.010402488109598,0.0,0.0,0.0,0.0,0.0,126.0,3.0,0.586888119175506,0.0,52.0,46.21739130434783,0.0,0.0,0.0,0.0,148.0,6872.0,50.0,18,1,0.5648148148148148,110.80914523028652,567.0,0.0,0.0,0.0,0.0,2
60.0,4.0,0.903787019138592,0.0,0.0,0.0,0.0,0.0,30.0,2.0,0.6365141682928128,0.0,0.0,46.0,0.0,0.0,0.0,0.0,216.0,3634.0,10.0,19,1,0.5648148148148148,232.07470061742345,402.0,0.0,0.0,0.0,0.0,2
514.0,5.0,0.5627750126912638,0.0,0.0,0.0,0.0,0.0,100.0,4.0,0.7548716940876227,0.0,0.0,37.73913043478261,0.0,0.0,0.0,0.0,108.0,6430.0,34.0,19,1,0.5648148148148148,222.0690583279596,390.0,0.0,0.0,0.0,0.0,2
436.0,2.0,0.0292761374738792,0.0,0.0,0.0,0.0,0.0,18.0,3.0,0.936888307536016,0.0,0.0,30.63636363636364,0.0,0.0,0.0,0.0,108.0,3112.0,22.0,20,1,0.5648148148148148,207.28402414722348,367.0,0.0,0.0,0.0,0.0,2
212.0,6.0,0.7149830923081564,0.0,0.0,0.0,0.0,0.0,42.0,6.0,1.0441868483053731,0.0,0.0,25.071428571428573,0.0,0.0,0.0,0.0,220.0,3368.0,84.0,20,1,0.5648148148148148,207.777926321991,305.5,0.0,0.0,0.0,0.0,2
96.0,3.0,0.7782707876404623,0.0,0.0,0.0,0.0,0.0,34.0,4.0,1.0369938685144664,0.0,0.0,20.0,0.0,0.0,0.0,0.0,56.0,1518.0,16.0,21,0,0.5648148148148148,193.91664876092184,314.5,0.0,0.0,0.0,0.0,2
56.0,4.0,1.0211350467242186,0.0,0.0,0.0,0.0,0.0,18.0,1.0,-1.000088900581841e-12,0.0,0.0,19.0,0.0,0.0,0.0,0.0,112.0,442.0,16.0,21,0,0.5648148148148148,170.67708301546148,200.0,0.0,0.0,0.0,0.0,2
12.0,1.0,-1.000088900581841e-12,0.0,0.0,0.0,0.0,0.0,0.0,0.0,0.0,0.0,0.0,13.5,0.0,0.0,0.0,0.0,0.0,0.0,0.0,22,0,0.5648148148148148,85.82152022268883,94.0,0.0,0.0,0.0,0.0,2
210.0,3.0,0.2554047599742962,0.0,0.0,0.0,0.0,0.0,0.0,0.0,0.0,0.0,0.0,14.0,2.0,0.0,0.0,0.0,4.0,86.0,4.0,22,0,0.5648148148148148,84.90583018850975,93.5,0.0,0.0,0.0,0.0,2
442.0,1.0,-1.000088900581841e-12,0.0,0.0,0.0,0.0,0.0,0.0,0.0,0.0,0.0,0.0,22.666666666666668,0.0,0.0,0.0,0.0,0.0,80.0,0.0,23,0,0.5648148148148148,194.20264330504548,180.0,0.0,0.0,0.0,0.0,4
288.0,3.0,0.919657065932692,0.0,0.0,0.0,0.0,0.0,0.0,0.0,0.0,0.0,2.0,53.13333333333333,0.0,0.0,0.0,0.0,2.0,428.0,2.0,23,0,0.5648148148148148,178.86307612249112,238.0,0.0,0.0,0.0,0.0,3
518.0,2.0,0.1101172606804298,0.0,0.0,0.0,0.0,0.0,0.0,0.0,0.0,0.0,0.0,85.17391304347827,0.0,0.0,0.0,0.0,12.0,60.0,6.0,0,0,0.5648148148148148,140.58330863465522,364.5,0.0,0.0,0.0,0.0,2
718.0,1.0,-1.000088900581841e-12,0.0,0.0,0.0,0.0,0.0,0.0,0.0,0.0,0.0,0.0,93.33333333333331,0.0,0.0,0.0,0.0,0.0,0.0,0.0,0,0,0.5648148148148148,178.76147981784757,491.5,0.0,0.0,0.0,0.0,2
104.0,1.0,-1.000088900581841e-12,0.0,0.0,0.0,0.0,0.0,0.0,0.0,0.0,0.0,0.0,97.7,0.0,0.0,0.0,0.0,0.0,0.0,0.0,1,0,0.5648148148148148,267.7137775062515,407.0,0.0,0.0,0.0,0.0,2
0.0,0.0,0.0,0.0,0.0,0.0,0.0,0.0,0.0,0.0,0.0,0.0,0.0,100.0,0.0,0.0,0.0,0.0,0.0,0.0,0.0,1,0,0.5648148148148148,339.4917770236368,335.0,0.0,0.0,0.0,0.0,2
0.0,0.0,0.0,0.0,0.0,0.0,0.0,0.0,0.0,0.0,0.0,0.0,0.0,100.0,0.0,0.0,0.0,0.0,0.0,0.0,0.0,2,0,0.5648148148148148,345.1661435695377,205.5,0.0,0.0,0.0,0.0,2
0.0,0.0,0.0,0.0,0.0,0.0,0.0,0.0,0.0,0.0,0.0,0.0,0.0,100.0,0.0,0.0,0.0,0.0,0.0,0.0,0.0,2,0,0.5648148148148148,52.00000000000043,26.0,0.0,0.0,0.0,0.0,2
0.0,0.0,0.0,0.0,0.0,0.0,0.0,0.0,0.0,0.0,0.0,0.0,0.0,100.0,0.0,0.0,0.0,0.0,0.0,0.0,0.0,3,0,0.5648148148148148,0.0,0.0,0.0,0.0,0.0,0.0,2
0.0,0.0,0.0,0.0,0.0,0.0,0.0,0.0,0.0,0.0,0.0,0.0,0.0,100.0,0.0,0.0,0.0,0.0,0.0,0.0,0.0,3,0,0.5648148148148148,0.0,0.0,0.0,0.0,0.0,0.0,2
0.0,0.0,0.0,0.0,0.0,0.0,0.0,0.0,0.0,0.0,0.0,0.0,0.0,100.0,0.0,0.0,0.0,0.0,0.0,0.0,0.0,4,0,0.5648148148148148,0.0,0.0,0.0,0.0,0.0,0.0,2
0.0,0.0,0.0,0.0,0.0,0.0,0.0,0.0,0.0,0.0,0.0,0.0,0.0,100.0,0.0,0.0,0.0,0.0,0.0,0.0,0.0,4,0,0.5648148148148148,0.0,0.0,0.0,0.0,0.0,0.0,2
0.0,0.0,0.0,0.0,0.0,0.0,0.0,0.0,0.0,0.0,0.0,0.0,0.0,100.0,0.0,0.0,0.0,0.0,0.0,0.0,0.0,5,0,0.5648148148148148,0.0,0.0,0.0,0.0,0.0,0.0,2
0.0,0.0,0.0,0.0,0.0,0.0,0.0,0.0,0.0,0.0,0.0,0.0,0.0,100.0,0.0,0.0,0.0,0.0,0.0,0.0,0.0,5,0,0.5648148148148148,0.0,0.0,0.0,0.0,0.0,0.0,2
0.0,0.0,0.0,0.0,0.0,0.0,0.0,0.0,0.0,0.0,0.0,0.0,0.0,100.0,0.0,0.0,0.0,0.0,0.0,0.0,0.0,6,0,0.5648148148148148,0.0,0.0,0.0,0.0,0.0,0.0,2
0.0,0.0,0.0,0.0,0.0,0.0,0.0,0.0,0.0,0.0,0.0,0.0,0.0,100.0,0.0,0.0,0.0,0.0,0.0,0.0,0.0,6,0,0.5648148148148148,0.0,0.0,0.0,0.0,0.0,0.0,2
68.0,1.0,-1.000088900581841e-12,0.0,0.0,0.0,0.0,0.0,0.0,0.0,0.0,0.0,0.0,100.0,0.0,0.0,0.0,0.0,6.0,0.0,0.0,7,0,0.5648148148148148,34.00000000000067,17.0,0.0,0.0,0.0,0.0,2
550.0,7.0,1.0180533911960614,0.0,0.0,0.0,0.0,0.0,0.0,0.0,0.0,0.0,0.0,98.8,0.0,0.0,0.0,0.0,18.0,3062.0,4.0,7,0,0.5648148148148148,265.60810730598325,154.5,0.0,0.0,0.0,0.0,3
624.0,3.0,0.2142623176255368,0.0,0.0,0.0,0.0,0.0,0.0,0.0,0.0,0.0,0.0,90.78571428571428,0.0,0.0,0.0,0.0,20.0,1702.0,10.0,8,1,0.5648148148148148,321.9000880190416,310.5,0.0,0.0,0.0,0.0,2
560.0,2.0,0.023689291995246,0.0,0.0,0.0,0.0,0.0,0.0,0.0,0.0,0.0,0.0,81.56,0.0,0.0,0.0,0.0,8.0,162.0,2.0,8,1,0.5648148148148148,257.0985543846303,450.5,0.0,0.0,0.0,0.0,2
718.0,1.0,-1.000088900581841e-12,0.0,0.0,0.0,0.0,0.0,0.0,0.0,0.0,0.0,0.0,71.43333333333334,0.0,0.0,0.0,0.0,0.0,470.0,0.0,9,1,0.5648148148148148,77.29596798453788,613.0,0.0,0.0,0.0,0.0,3
718.0,4.0,0.4366752306462499,0.0,0.0,0.0,0.0,0.0,0.0,0.0,0.0,0.0,0.0,60.66666666666666,0.0,0.0,0.0,0.0,0.0,1640.0,0.0,9,1,0.5648148148148148,77.29596798453788,655.0,0.0,0.0,0.0,0.0,3
718.0,1.0,-1.000088900581841e-12,0.0,0.0,0.0,6.0,0.0,0.0,0.0,0.0,0.0,0.0,49.3,0.0,0.0,0.0,0.0,0.0,2992.0,0.0,10,1,0.5648148148148148,79.00000000000024,678.5,0.0,0.0,3.0,1.5,3
520.0,1.0,-1.000088900581841e-12,0.0,0.0,0.0,8.0,0.0,0.0,0.0,0.0,0.0,0.0,39.391304347826086,0.0,0.0,0.0,0.0,0.0,2076.0,0.0,10,1,0.5648148148148148,99.0000000000002,668.5,0.0,0.0,4.123105625617661,3.5,5
126.0,4.0,0.9637002414924852,0.0,0.0,0.0,0.0,0.0,0.0,0.0,0.0,0.0,10.0,39.57142857142857,0.0,0.0,0.0,0.0,66.0,2388.0,14.0,11,1,0.5648148148148148,279.0716753810749,520.5,0.0,0.0,4.123105625617661,3.5,5
578.0,3.0,0.711315183986896,0.0,0.0,0.0,0.0,0.0,0.0,0.0,0.0,0.0,18.0,42.48,0.0,0.0,0.0,0.0,88.0,1982.0,26.0,11,1,0.5648148148148148,253.6684187412117,485.5,0.0,0.0,4.123105625617661,3.5,2
716.0,2.0,0.0613254872539078,0.0,0.0,0.0,0.0,0.0,0.0,0.0,0.0,0.0,0.0,49.06666666666667,0.0,0.0,0.0,0.0,106.0,3666.0,24.0,12,1,0.5648148148148148,253.0586229842143,485.0,0.0,0.0,4.0,2.0,3
718.0,3.0,0.77047939160374,0.0,0.0,0.0,0.0,0.0,0.0,0.0,0.0,0.0,0.0,56.96666666666667,0.0,0.0,0.0,0.0,66.0,4076.0,20.0,12,1,0.5648148148148148,280.106527354624,534.5,0.0,0.0,0.0,0.0,2
576.0,5.0,0.8680665078106659,0.0,0.0,0.0,0.0,0.0,0.0,0.0,0.0,0.0,0.0,57.851851851851855,0.0,0.0,0.0,0.0,134.0,9300.0,28.0,13,1,0.5648148148148148,80.83728512677006,647.0,0.0,0.0,0.0,0.0,3
302.0,4.0,0.950968359930143,0.0,0.0,0.0,0.0,0.0,0.0,0.0,0.0,0.0,0.0,51.52941176470589,0.0,0.0,0.0,0.0,174.0,4418.0,32.0,13,1,0.5648148148148148,195.6391235583177,578.0,0.0,0.0,0.0,0.0,2
314.0,2.0,0.0385544860410356,0.0,0.0,0.0,18.0,0.0,0.0,0.0,0.0,0.0,0.0,45.388888888888886,0.0,0.0,0.0,0.0,150.0,2862.0,34.0,14,1,0.5648148148148148,204.1853732926693,477.5,0.0,0.0,9.0,4.5,2
696.0,2.0,0.0353803230739327,0.0,0.0,0.0,0.0,0.0,0.0,0.0,0.0,0.0,0.0,37.62068965517241,0.0,0.0,0.0,0.0,60.0,5216.0,16.0,14,1,0.5648148148148148,195.6663827368753,472.0,0.0,0.0,9.0,4.5,3
198.0,2.0,0.2286318735808613,0.0,0.0,0.0,0.0,0.0,0.0,0.0,0.0,0.0,0.0,29.384615384615383,0.0,0.0,0.0,0.0,30.0,2192.0,30.0,15,1,0.5648148148148148,218.62829947958107,377.5,0.0,0.0,9.0,4.5,3
510.0,2.0,0.0458367411988476,0.0,0.0,0.0,0.0,0.0,0.0,0.0,0.0,0.0,0.0,22.58333333333333,0.0,0.0,0.0,0.0,90.0,5092.0,22.0,15,1,0.5648148148148148,219.4196891803469,429.5,0.0,0.0,9.0,4.5,3
122.0,4.0,0.7078017579385719,0.0,0.0,0.0,0.0,0.0,0.0,0.0,0.0,0.0,28.0,14.125,0.0,0.0,0.0,0.0,90.0,1184.0,10.0,16,1,0.5648148148148148,268.5982129501238,381.5,0.0,0.0,0.0,0.0,3
510.0,1.0,-1.000088900581841e-12,0.0,0.0,0.0,0.0,0.0,0.0,0.0,0.0,0.0,0.0,17.772727272727273,0.0,0.0,0.0,0.0,60.0,632.0,14.0,16,1,0.5648148148148148,204.44070044881,335.0,0.0,0.0,0.0,0.0,2
718.0,2.0,0.2527012540129558,0.0,0.0,0.0,0.0,0.0,0.0,0.0,0.0,0.0,30.0,20.766666666666666,0.0,0.0,0.0,0.0,0.0,4772.0,0.0,17,1,0.5648148148148148,248.8024651539183,465.0,0.0,0.0,0.0,0.0,3
716.0,3.0,0.2499836508242919,0.0,0.0,0.0,0.0,0.0,0.0,0.0,0.0,0.0,30.0,26.96551724137931,0.0,0.0,0.0,0.0,0.0,6224.0,0.0,17,1,0.5648148148148148,280.52034982629465,516.5,0.0,0.0,0.0,0.0,2
718.0,4.0,0.1882349879953365,0.0,0.0,0.0,0.0,0.0,0.0,0.0,0.0,0.0,0.0,34.46666666666667,0.0,0.0,0.0,0.0,0.0,4140.0,0.0,18,1,0.5648148148148148,103.6709538234636,665.5,0.0,0.0,0.0,0.0,2
698.0,3.0,0.1361954073889885,0.0,0.0,0.0,0.0,0.0,0.0,0.0,0.0,0.0,0.0,41.766666666666666,0.0,0.0,0.0,0.0,34.0,636.0,0.0,18,1,0.5648148148148148,9.712534856225211,712.5,0.0,0.0,0.0,0.0,2
566.0,3.0,0.9047723609656416,0.0,0.0,0.0,0.0,0.0,0.0,0.0,0.0,0.0,0.0,50.64,0.0,0.0,0.0,0.0,34.0,720.0,14.0,19,1,0.5648148148148148,72.89032857656807,674.5,0.0,0.0,0.0,0.0,3
716.0,2.0,0.3442903439757348,0.0,0.0,0.0,0.0,0.0,0.0,0.0,0.0,0.0,0.0,50.66666666666666,0.0,0.0,0.0,0.0,0.0,2388.0,0.0,19,1,0.5648148148148148,72.89032857656807,674.5,0.0,0.0,0.0,0.0,2
364.0,2.0,0.6414718463789646,0.0,0.0,0.0,0.0,0.0,0.0,0.0,0.0,0.0,0.0,55.1578947368421,0.0,0.0,0.0,0.0,34.0,60.0,4.0,20,1,0.5648148148148148,162.40689640529448,586.0,0.0,0.0,0.0,0.0,2
50.0,1.0,-1.000088900581841e-12,0.0,0.0,0.0,0.0,0.0,0.0,0.0,0.0,0.0,0.0,53.57142857142857,0.0,0.0,0.0,0.0,34.0,1012.0,4.0,20,1,0.5648148148148148,288.0416636530209,424.0,0.0,0.0,0.0,0.0,2
252.0,3.0,0.4103010081095975,0.0,0.0,0.0,0.0,0.0,0.0,0.0,0.0,0.0,0.0,50.4375,0.0,0.0,0.0,0.0,136.0,4576.0,34.0,21,0,0.5648148148148148,279.09078570720806,345.5,0.0,0.0,0.0,0.0,2
240.0,1.0,-1.000088900581841e-12,0.0,0.0,0.0,0.0,0.0,0.0,0.0,0.0,0.0,0.0,46.57142857142857,0.0,0.0,0.0,0.0,34.0,3130.0,8.0,21,0,0.5648148148148148,130.24464160443114,226.5,0.0,0.0,0.0,0.0,2
242.0,1.0,-1.000088900581841e-12,0.0,0.0,0.0,0.0,0.0,0.0,0.0,0.0,0.0,0.0,42.5,0.0,0.0,0.0,0.0,34.0,10176.0,8.0,22,0,0.5648148148148148,97.47478306379236,196.0,0.0,0.0,0.0,0.0,2
12.0,1.0,-1.000088900581841e-12,0.0,0.0,0.0,0.0,0.0,0.0,0.0,0.0,0.0,0.0,41.0,0.0,0.0,0.0,0.0,0.0,0.0,0.0,22,0,0.5648148148148148,116.45170672858364,186.5,0.0,0.0,0.0,0.0,2
576.0,2.0,0.1012648175647919,0.0,0.0,0.0,0.0,0.0,0.0,0.0,0.0,0.0,0.0,35.34615384615385,0.0,0.0,0.0,0.0,102.0,6908.0,24.0,23,0,0.5648148148148148,232.27785085969788,267.5,0.0,0.0,0.0,0.0,2
710.0,7.0,0.9605511114825926,0.0,0.0,0.0,0.0,0.0,0.0,0.0,0.0,0.0,36.0,23.357142857142858,0.0,0.0,0.0,0.0,0.0,11422.0,0.0,23,0,0.5648148148148148,317.1140699075545,385.0,0.0,0.0,0.0,0.0,3
362.0,5.0,0.4570951478441129,0.0,0.0,0.0,0.0,0.0,0.0,0.0,0.0,0.0,0.0,21.6,0.0,0.0,0.0,0.0,0.0,9286.0,0.0,0,0,0.5648148148148148,304.5017788672726,415.0,0.0,0.0,0.0,0.0,2
630.0,4.0,0.7451065910712285,0.0,0.0,0.0,0.0,0.0,46.0,8.0,1.7474562457516452,0.0,0.0,98.42857142857144,0.0,0.0,0.0,0.0,8.0,584.0,8.0,7,0,0.5648148148148148,257.9302231224562,462.0,0.0,0.0,0.0,0.0,2
506.0,2.0,0.140331014745691,0.0,0.0,0.0,0.0,0.0,12.0,1.0,-1.000088900581841e-12,0.0,0.0,93.5,0.0,0.0,0.0,0.0,12.0,1018.0,4.0,8,1,0.5648148148148148,207.85571919001904,411.0,0.0,0.0,0.0,0.0,2
194.0,6.0,1.399251318971575,0.0,0.0,0.0,0.0,0.0,76.0,4.0,1.152963620362911,0.0,0.0,89.72727272727273,0.0,0.0,0.0,0.0,30.0,584.0,26.0,8,1,0.5648148148148148,236.11014378886824,369.0,0.0,0.0,0.0,0.0,3
228.0,8.0,1.3551194304444394,0.0,0.0,0.0,0.0,0.0,70.0,4.0,1.3009899589551897,0.0,0.0,86.85714285714286,0.0,0.0,0.0,0.0,48.0,1520.0,28.0,9,1,0.5648148148148148,212.6930495651736,389.5,0.0,0.0,0.0,0.0,3
22.0,2.0,0.6554817738993928,0.0,0.0,0.0,0.0,0.0,20.0,2.0,0.6730116670072565,0.0,0.0,86.0,0.0,0.0,0.0,0.0,8.0,0.0,4.0,9,1,0.5648148148148148,200.4287071920255,237.5,0.0,0.0,0.0,0.0,3
144.0,4.0,1.030583635507881,0.0,0.0,0.0,0.0,0.0,28.0,2.0,0.410116318286409,0.0,0.0,85.27272727272727,0.0,0.0,0.0,0.0,56.0,960.0,14.0,10,1,0.5648148148148148,90.19238696623292,147.0,0.0,0.0,0.0,0.0,4
62.0,3.0,0.8851098281533504,0.0,0.0,0.0,0.0,0.0,78.0,4.0,1.081886702657766,0.0,0.0,84.0,0.0,0.0,0.0,0.0,40.0,208.0,12.0,10,1,0.5648148148148148,91.40386570964436,114.0,0.0,0.0,0.0,0.0,2
94.0,3.0,0.7450774786673534,0.0,0.0,0.0,0.0,0.0,58.0,4.0,1.0769788414061503,0.0,0.0,83.2,0.0,0.0,0.0,0.0,50.0,694.0,20.0,11,1,0.5648148148148148,51.57195620360644,80.5,0.0,0.0,0.0,0.0,3
44.0,6.0,1.5465986860425125,0.0,0.0,0.0,0.0,0.0,24.0,4.0,1.2424533248900005,0.0,0.0,82.125,0.0,0.0,0.0,0.0,56.0,366.0,14.0,11,1,0.5648148148148148,43.848223073081314,86.0,0.0,0.0,0.0,0.0,3
58.0,5.0,1.4635613504296294,0.0,0.0,0.0,0.0,0.0,44.0,3.0,0.7559829155416122,0.0,0.0,81.75,0.0,0.0,0.0,0.0,40.0,1232.0,22.0,12,1,0.5648148148148148,21.126602503321905,64.5,0.0,0.0,0.0,0.0,3
64.0,4.0,1.24257372974621,0.0,0.0,0.0,0.0,0.0,126.0,5.0,0.7713865886878067,0.0,0.0,81.0,0.0,0.0,0.0,0.0,60.0,542.0,10.0,12,1,0.5648148148148148,21.071307505706287,65.0,0.0,0.0,0.0,0.0,3
170.0,5.0,1.022297047882008,0.0,0.0,0.0,0.0,0.0,134.0,7.0,1.2908069529402135,0.0,0.0,79.06666666666666,0.0,0.0,0.0,0.0,180.0,272.0,62.0,13,1,0.5648148148148148,57.942500233709,84.0,0.0,0.0,0.0,0.0,2
88.0,4.0,0.9578099631685336,0.0,0.0,0.0,0.0,0.0,66.0,7.0,1.6310438329388484,0.0,0.0,77.58333333333333,0.0,0.0,0.0,0.0,190.0,186.0,36.0,13,1,0.5648148148148148,51.65268628058016,95.0,0.0,0.0,0.0,0.0,2
376.0,13.0,1.569165509153692,0.0,0.0,0.0,0.0,0.0,252.0,13.0,1.6196925567295992,0.0,0.0,74.42857142857143,0.0,0.0,0.0,0.0,168.0,5356.0,38.0,14,1,0.5648148148148148,141.79210133149178,174.5,0.0,0.0,0.0,0.0,2
114.0,3.0,0.8558841641395176,0.0,0.0,0.0,0.0,0.0,82.0,5.0,1.1514824218632689,0.0,0.0,71.63636363636364,0.0,0.0,0.0,0.0,48.0,2136.0,14.0,14,1,0.5648148148148148,130.56288395507622,187.0,0.0,0.0,0.0,0.0,2
72.0,3.0,0.8629119236223214,0.0,0.0,0.0,0.0,0.0,8.0,2.0,0.6931471805579453,0.0,0.0,70.3,0.0,0.0,0.0,0.0,52.0,1018.0,14.0,15,1,0.5648148148148148,143.3817747600209,162.5,0.0,0.0,0.0,0.0,2
112.0,8.0,1.5068138705245313,0.0,0.0,0.0,0.0,0.0,54.0,7.0,1.6854491521770318,0.0,0.0,68.83333333333333,0.0,0.0,0.0,0.0,138.0,1130.0,24.0,15,1,0.5648148148148148,139.67939480586736,168.5,0.0,0.0,0.0,0.0,2
264.0,8.0,1.060630031759031,0.0,0.0,0.0,0.0,0.0,50.0,8.0,2.036943697143914,0.0,0.0,63.875,0.0,0.0,0.0,0.0,140.0,3494.0,26.0,16,1,0.5648148148148148,94.47927462323877,126.5,0.0,0.0,0.0,0.0,3
718.0,1.0,-1.000088900581841e-12,0.0,0.0,0.0,0.0,0.0,20.0,4.0,1.2206072645490174,0.0,0.0,53.6,0.0,0.0,0.0,0.0,0.0,4480.0,0.0,17,1,0.5648148148148148,277.1636099250165,332.5,0.0,0.0,0.0,0.0,2
526.0,1.0,-1.000088900581841e-12,0.0,0.0,0.0,0.0,0.0,14.0,2.0,0.6829081046984717,0.0,0.0,43.766666666666666,0.0,0.0,0.0,0.0,0.0,566.0,0.0,18,1,0.5648148148148148,214.3167437851432,449.5,0.0,0.0,0.0,0.0,2
0.0,0.0,0.0,0.0,0.0,0.0,0.0,0.0,72.0,4.0,0.6191285863135298,0.0,0.0,35.44444444444444,0.0,0.0,0.0,0.0,0.0,0.0,0.0,18,1,0.5648148148148148,309.8445846979848,383.5,0.0,0.0,0.0,0.0,2
466.0,2.0,0.0688321105665363,0.0,0.0,0.0,0.0,0.0,110.0,4.0,0.8648563318721778,0.0,28.0,32.40909090909091,0.0,0.0,0.0,0.0,28.0,3582.0,8.0,19,1,0.5648148148148148,304.59317129574663,427.5,0.0,0.0,0.0,0.0,2
716.0,6.0,1.4004085750898538,0.0,0.0,0.0,0.0,0.0,14.0,3.0,0.9556998911095343,0.0,0.0,47.13333333333333,0.0,0.0,0.0,0.0,0.0,8878.0,0.0,19,1,0.5648148148148148,303.958330477496,427.0,0.0,0.0,0.0,0.0,2
302.0,3.0,0.7323849141386698,0.0,0.0,0.0,0.0,0.0,132.0,4.0,0.9899682111491594,0.0,0.0,61.13333333333333,0.0,0.0,0.0,0.0,30.0,7278.0,10.0,20,1,0.5648148148148148,300.25100610433714,371.0,0.0,0.0,0.0,0.0,3
258.0,7.0,0.5857094463941517,0.0,0.0,0.0,0.0,0.0,34.0,2.0,0.6492483548688981,0.0,0.0,59.66666666666666,0.0,0.0,0.0,0.0,70.0,988.0,10.0,20,1,0.5648148148148148,207.3153797157044,435.5,0.0,0.0,0.0,0.0,3
214.0,5.0,1.117401315155303,0.0,0.0,0.0,0.0,0.0,34.0,2.0,0.6492483548688981,0.0,0.0,57.0,0.0,0.0,0.0,0.0,184.0,3412.0,56.0,21,0,0.5648148148148148,231.800920331794,372.5,0.0,0.0,0.0,0.0,2
718.0,5.0,0.5076630176624602,0.0,0.0,0.0,0.0,0.0,90.0,3.0,0.6654538217335197,0.0,0.0,51.766666666666666,0.0,0.0,0.0,0.0,0.0,1490.0,0.0,21,0,0.5648148148148148,232.78888862372,373.0,0.0,0.0,0.0,0.0,2
720.0,1.0,-1.000088900581841e-12,0.0,0.0,0.0,0.0,0.0,0.0,0.0,0.0,0.0,0.0,44.7,0.0,0.0,0.0,0.0,0.0,240.0,0.0,22,0,0.5648148148148148,279.4393195907358,477.5,0.0,0.0,0.0,0.0,2
98.0,1.0,-1.000088900581841e-12,0.0,0.0,0.0,0.0,0.0,52.0,2.0,0.2711893730398441,0.0,0.0,37.333333333333336,0.0,0.0,0.0,0.0,0.0,1568.0,0.0,22,0,0.5648148148148148,328.48084672727373,437.5,0.0,0.0,0.0,0.0,2
608.0,2.0,0.022090069597186,0.0,0.0,0.0,0.0,0.0,94.0,2.0,0.3819133134049745,0.0,0.0,30.166666666666668,0.0,0.0,0.0,0.0,0.0,554.0,0.0,23,0,0.5648148148148148,296.6524341155264,536.0,0.0,0.0,0.0,0.0,2
678.0,1.0,-1.000088900581841e-12,0.0,0.0,0.0,0.0,0.0,46.0,2.0,0.6145033203087282,0.0,38.0,26.82758620689655,0.0,0.0,0.0,0.0,38.0,2152.0,4.0,23,0,0.5648148148148148,289.0490154512438,526.0,0.0,0.0,0.0,0.0,3
690.0,2.0,0.3282557376940584,0.0,0.0,0.0,0.0,0.0,34.0,3.0,0.9718487712328766,0.0,0.0,36.93333333333333,0.0,0.0,0.0,0.0,80.0,5944.0,22.0,0,0,0.5648148148148148,282.6558567115377,518.5,0.0,0.0,0.0,0.0,3
718.0,1.0,-1.000088900581841e-12,0.0,0.0,0.0,0.0,0.0,4.0,1.0,-1.000088900581841e-12,0.0,0.0,27.73333333333333,0.0,0.0,0.0,0.0,0.0,1050.0,0.0,0,0,0.5648148148148148,46.77249904235087,673.5,0.0,0.0,0.0,0.0,2
630.0,1.0,-1.000088900581841e-12,0.0,0.0,0.0,0.0,0.0,24.0,2.0,0.6791932659895258,0.0,0.0,18.2,0.0,0.0,0.0,0.0,0.0,952.0,0.0,1,0,0.5648148148148148,36.71511950137226,679.0,0.0,0.0,0.0,0.0,2
0.0,0.0,0.0,0.0,0.0,0.0,0.0,0.0,8.0,3.0,1.039720770836918,0.0,42.0,23.60869565217392,0.0,0.0,0.0,0.0,0.0,424.0,0.0,1,0,0.5648148148148148,341.6445521298416,509.5,0.0,0.0,0.0,0.0,2
0.0,0.0,0.0,0.0,0.0,0.0,0.0,0.0,548.0,4.0,0.6435436533615442,0.0,0.0,64.76923076923077,0.0,0.0,0.0,0.0,0.0,0.0,0.0,2,0,0.5648148148148148,390.7889455959573,337.0,0.0,0.0,0.0,0.0,2
0.0,0.0,0.0,0.0,0.0,0.0,0.0,0.0,4.0,1.0,-1.000088900581841e-12,0.0,0.0,89.56666666666666,0.0,0.0,0.0,0.0,0.0,0.0,0.0,2,0,0.5648148148148148,315.0000000000001,157.5,0.0,0.0,0.0,0.0,2
0.0,0.0,0.0,0.0,0.0,0.0,0.0,0.0,4.0,1.0,-1.000088900581841e-12,0.0,0.0,98.53333333333332,0.0,0.0,0.0,0.0,0.0,0.0,0.0,3,0,0.5648148148148148,0.0,0.0,0.0,0.0,0.0,0.0,2
0.0,0.0,0.0,0.0,0.0,0.0,0.0,0.0,4.0,1.0,-1.000088900581841e-12,0.0,0.0,100.0,0.0,0.0,0.0,0.0,0.0,0.0,0.0,3,0,0.5648148148148148,0.0,0.0,0.0,0.0,0.0,0.0,2
0.0,0.0,0.0,0.0,0.0,0.0,0.0,0.0,10.0,1.0,-1.000088900581841e-12,0.0,0.0,100.0,0.0,0.0,0.0,0.0,0.0,0.0,0.0,4,0,0.5648148148148148,0.0,0.0,0.0,0.0,0.0,0.0,2
0.0,0.0,0.0,0.0,0.0,0.0,0.0,0.0,0.0,0.0,0.0,0.0,0.0,100.0,0.0,0.0,0.0,0.0,0.0,0.0,0.0,4,0,0.5648148148148148,0.0,0.0,0.0,0.0,0.0,0.0,2
0.0,0.0,0.0,0.0,0.0,0.0,0.0,0.0,54.0,3.0,0.6711537920090573,0.0,0.0,100.0,0.0,0.0,0.0,0.0,0.0,0.0,0.0,5,0,0.5648148148148148,0.0,0.0,0.0,0.0,0.0,0.0,2
0.0,0.0,0.0,0.0,0.0,0.0,0.0,0.0,4.0,1.0,-1.000088900581841e-12,0.0,0.0,100.0,0.0,0.0,0.0,0.0,0.0,0.0,0.0,5,0,0.5648148148148148,0.0,0.0,0.0,0.0,0.0,0.0,2
0.0,0.0,0.0,0.0,0.0,0.0,0.0,0.0,4.0,1.0,-1.000088900581841e-12,0.0,0.0,100.0,0.0,0.0,0.0,0.0,0.0,0.0,0.0,6,0,0.5648148148148148,0.0,0.0,0.0,0.0,0.0,0.0,2
0.0,0.0,0.0,0.0,0.0,0.0,0.0,0.0,34.0,3.0,0.7086880282155834,0.0,0.0,100.0,0.0,0.0,0.0,0.0,0.0,0.0,0.0,6,0,0.5648148148148148,0.0,0.0,0.0,0.0,0.0,0.0,2
448.0,4.0,0.377750501033278,0.0,0.0,0.0,0.0,0.0,50.0,6.0,1.4716028885160042,0.0,0.0,100.0,0.0,0.0,0.0,0.0,84.0,630.0,6.0,7,0,0.5648148148148148,224.0000000000001,112.0,0.0,0.0,0.0,0.0,2
632.0,1.0,-1.000088900581841e-12,0.0,0.0,0.0,0.0,0.0,10.0,1.0,-1.000088900581841e-12,0.0,0.0,100.0,0.0,0.0,0.0,0.0,0.0,0.0,0.0,7,0,0.5648148148148148,320.6909207736738,270.0,0.0,0.0,0.0,0.0,2
244.0,1.0,-1.000088900581841e-12,0.0,0.0,0.0,0.0,0.0,10.0,2.0,0.6730116670072565,0.0,0.0,100.0,0.0,0.0,0.0,0.0,0.0,0.0,0.0,8,1,0.5648148148148148,271.67382403659485,331.0,0.0,0.0,0.0,0.0,2
0.0,0.0,0.0,0.0,0.0,0.0,0.0,0.0,4.0,1.0,-1.000088900581841e-12,0.0,0.0,100.0,0.0,0.0,0.0,0.0,42.0,0.0,0.0,8,1,0.5648148148148148,271.67382403659485,331.0,0.0,0.0,0.0,0.0,2
548.0,8.0,1.425622286758502,0.0,0.0,0.0,0.0,0.0,120.0,5.0,0.9975246459219868,0.0,0.0,99.96551724137932,0.0,0.0,26.0,0.0,126.0,9498.0,10.0,9,1,0.5648148148148148,290.01149402509327,356.0,0.0,0.0,0.0,0.0,2
694.0,4.0,0.7269034064464912,0.0,0.0,0.0,0.0,0.0,44.0,6.0,1.1988181878187778,0.0,0.0,96.1,0.0,0.0,0.0,0.0,44.0,14924.0,10.0,9,1,0.5648148148148148,310.60532298508133,371.5,0.0,0.0,0.0,0.0,3
716.0,6.0,0.876746157266239,0.0,0.0,0.0,0.0,0.0,272.0,6.0,1.2726672779405397,0.0,0.0,87.33333333333333,0.0,0.0,0.0,0.0,0.0,9524.0,0.0,10,1,0.5648148148148148,334.7411935610356,489.5,0.0,0.0,0.0,0.0,3
462.0,4.0,1.3192774123718218,0.0,12.0,0.0,0.0,0.0,124.0,5.0,0.707858416700829,0.0,0.0,81.27272727272727,0.0,0.0,0.0,0.0,48.0,16086.0,10.0,10,1,0.5648148148148148,121.02341371266434,605.0,5.999999999999997,3.0,0.0,0.0,2
212.0,1.0,-1.000088900581841e-12,0.0,0.0,0.0,0.0,0.0,48.0,4.0,1.1056246048178229,0.0,0.0,77.85714285714286,0.0,0.0,0.0,0.0,192.0,10238.0,34.0,11,1,0.5648148148148148,235.8784997973887,521.0,5.999999999999997,3.0,0.0,0.0,2
292.0,6.0,1.0074546923806609,0.0,0.0,0.0,0.0,0.0,152.0,5.0,0.7936527545218355,0.0,0.0,74.89473684210526,0.0,0.0,0.0,0.0,348.0,12612.0,90.0,11,1,0.5648148148148148,222.88038645575503,420.5,5.999999999999997,3.0,0.0,0.0,3
146.0,4.0,0.9680925827272278,0.0,0.0,0.0,0.0,0.0,124.0,4.0,0.7383219011153721,0.0,0.0,71.75,0.0,0.0,0.0,0.0,150.0,5148.0,52.0,12,1,0.5648148148148148,136.4209172622245,278.0,5.999999999999997,3.0,0.0,0.0,3
464.0,8.0,1.5720568530128578,0.0,0.0,0.0,0.0,0.0,84.0,3.0,0.6680178186577534,0.0,0.0,61.95238095238095,0.0,0.0,0.0,0.0,56.0,17726.0,16.0,13,1,0.5648148148148148,130.03973751639677,298.5,0.0,0.0,0.0,0.0,2
248.0,6.0,1.312057092253775,0.0,0.0,0.0,0.0,0.0,154.0,6.0,1.1054426381041909,0.0,0.0,56.92857142857143,0.0,0.0,0.0,0.0,290.0,12840.0,56.0,13,1,0.5648148148148148,132.6084461865082,287.5,0.0,0.0,0.0,0.0,2
36.0,3.0,0.8486855577234171,0.0,0.0,0.0,0.0,0.0,42.0,2.0,0.3144922012794106,0.0,0.0,48.16666666666666,0.0,0.0,0.0,0.0,8.0,24.0,0.0,14,1,0.5648148148148148,215.6192632087094,312.5,0.0,0.0,0.0,0.0,3
122.0,2.0,0.4958234640913652,0.0,0.0,0.0,0.0,0.0,0.0,0.0,0.0,0.0,0.0,47.3,0.0,0.0,0.0,0.0,2.0,50.0,2.0,15,1,0.5648148148148148,202.95483898312625,227.0,0.0,0.0,0.0,0.0,3
84.0,5.0,1.212992229984785,0.0,0.0,0.0,0.0,0.0,0.0,0.0,0.0,0.0,0.0,45.91666666666666,0.0,0.0,0.0,0.0,44.0,242.0,16.0,15,1,0.5648148148148148,213.58526790644223,186.0,0.0,0.0,0.0,0.0,3
32.0,2.0,0.482577565175012,0.0,0.0,0.0,0.0,0.0,0.0,0.0,0.0,0.0,0.0,44.42857142857143,0.0,0.0,0.0,0.0,18.0,200.0,2.0,16,1,0.5648148148148148,42.78239513320145,68.5,0.0,0.0,0.0,0.0,2
110.0,6.0,1.48852559423697,0.0,0.0,0.0,0.0,0.0,0.0,0.0,0.0,0.0,0.0,42.92307692307692,0.0,0.0,0.0,6.0,100.0,178.0,12.0,16,1,0.5648148148148148,39.94996871087693,87.0,0.0,0.0,0.0,0.0,2
370.0,3.0,0.58688723726543,0.0,0.0,0.0,0.0,0.0,0.0,0.0,0.0,0.0,0.0,33.6,0.0,0.0,0.0,0.0,70.0,1448.0,18.0,17,1,0.5648148148148148,167.47935196116978,213.0,0.0,0.0,0.0,0.0,2
18.0,2.0,0.5297061990556545,0.0,0.0,0.0,0.0,0.0,0.0,0.0,0.0,0.0,0.0,25.0,0.0,0.0,0.0,0.0,12.0,0.0,0.0,18,1,0.5648148148148148,174.984761241277,206.5,0.0,0.0,0.0,0.0,3
40.0,3.0,0.998579331584392,0.0,0.0,0.0,0.0,0.0,0.0,0.0,0.0,0.0,0.0,25.0,0.0,0.0,0.0,0.0,24.0,478.0,4.0,19,1,0.5648148148148148,162.54127680889772,131.5,0.0,0.0,0.0,0.0,2
90.0,4.0,0.7028562890335317,0.0,0.0,0.0,0.0,0.0,0.0,0.0,0.0,0.0,0.0,25.0,0.0,0.0,0.0,0.0,24.0,936.0,12.0,19,1,0.5648148148148148,38.72552990814607,61.5,0.0,0.0,0.0,0.0,2
710.0,1.0,-1.000088900581841e-12,0.0,0.0,0.0,0.0,0.0,0.0,0.0,0.0,0.0,12.0,19.133333333333333,0.0,0.0,0.0,0.0,0.0,452.0,0.0,20,1,0.5648148148148148,309.8429709815389,308.0,0.0,0.0,0.0,0.0,3
140.0,3.0,1.0630260695506528,0.0,0.0,0.0,0.0,0.0,0.0,0.0,0.0,0.0,0.0,23.454545454545453,0.0,0.0,0.0,0.0,12.0,1010.0,2.0,21,0,0.5648148148148148,283.96478654931855,333.0,0.0,0.0,0.0,0.0,2
112.0,2.0,0.4692203484395988,0.0,0.0,0.0,0.0,0.0,0.0,0.0,0.0,0.0,0.0,21.6,0.0,0.0,0.0,0.0,48.0,1120.0,12.0,21,0,0.5648148148148148,277.83628272779646,338.5,0.0,0.0,0.0,0.0,2
36.0,2.0,0.5297061990556545,0.0,0.0,0.0,0.0,0.0,0.0,0.0,0.0,0.0,0.0,20.714285714285715,0.0,0.0,0.0,0.0,16.0,10.0,4.0,22,0,0.5648148148148148,310.1284680042558,249.5,0.0,0.0,0.0,0.0,2
432.0,3.0,0.6971583139581548,0.0,0.0,0.0,0.0,0.0,0.0,0.0,0.0,0.0,0.0,16.904761904761905,0.0,0.0,0.0,0.0,32.0,4294.0,12.0,22,0,0.5648148148148148,173.65099097519348,180.0,0.0,0.0,0.0,0.0,2
454.0,5.0,0.7187740233026438,0.0,0.0,0.0,0.0,0.0,0.0,0.0,0.0,0.0,32.0,16.476190476190474,0.0,0.0,0.0,0.0,48.0,1474.0,20.0,23,0,0.5648148148148148,215.47699026423533,258.5,0.0,0.0,0.0,0.0,3
716.0,1.0,-1.000088900581841e-12,0.0,0.0,0.0,0.0,0.0,0.0,0.0,0.0,0.0,16.0,24.133333333333333,0.0,0.0,0.0,0.0,0.0,244.0,0.0,23,0,0.5648148148148148,280.4347814852265,409.5,0.0,0.0,0.0,0.0,2
652.0,3.0,0.6964226637246634,0.0,0.0,0.0,0.0,0.0,0.0,0.0,0.0,0.0,16.0,32.035714285714285,0.0,0.0,0.0,0.0,16.0,2954.0,0.0,0,0,0.5648148148148148,141.85791013075982,563.5,0.0,0.0,0.0,0.0,2
12.0,1.0,-1.000088900581841e-12,0.0,0.0,0.0,0.0,0.0,0.0,0.0,0.0,0.0,0.0,41.0,0.0,0.0,0.0,0.0,0.0,0.0,0.0,0,0,0.5648148148148148,317.87366463214084,458.5,0.0,0.0,0.0,0.0,3
246.0,2.0,0.515782120383534,0.0,0.0,0.0,0.0,0.0,0.0,0.0,0.0,0.0,20.0,48.42857142857143,0.0,0.0,0.0,0.0,16.0,2138.0,12.0,1,0,0.5648148148148148,335.38584744539645,406.5,0.0,0.0,0.0,0.0,2
404.0,1.0,-1.000088900581841e-12,0.0,0.0,0.0,0.0,0.0,0.0,0.0,0.0,0.0,0.0,78.10526315789474,0.0,0.0,0.0,0.0,0.0,0.0,0.0,1,0,0.5648148148148148,269.1536116545099,328.5,0.0,0.0,0.0,0.0,2
532.0,1.0,-1.000088900581841e-12,0.0,0.0,0.0,0.0,0.0,0.0,0.0,0.0,0.0,0.0,98.63333333333334,0.0,0.0,0.0,0.0,0.0,0.0,0.0,2,0,0.5648148148148148,223.97246854617364,298.5,0.0,0.0,0.0,0.0,2
0.0,0.0,0.0,0.0,0.0,0.0,0.0,0.0,0.0,0.0,0.0,0.0,0.0,100.0,0.0,0.0,0.0,0.0,0.0,0.0,0.0,2,0,0.5648148148148148,229.1105992019285,295.5,0.0,0.0,0.0,0.0,2
0.0,0.0,0.0,0.0,0.0,0.0,0.0,0.0,0.0,0.0,0.0,0.0,0.0,100.0,0.0,0.0,0.0,0.0,0.0,0.0,0.0,3,0,0.5648148148148148,275.20658906840646,234.0,0.0,0.0,0.0,0.0,2
0.0,0.0,0.0,0.0,0.0,0.0,0.0,0.0,0.0,0.0,0.0,0.0,0.0,100.0,0.0,0.0,0.0,0.0,0.0,0.0,0.0,3,0,0.5648148148148148,266.00000000000017,133.0,0.0,0.0,0.0,0.0,2
0.0,0.0,0.0,0.0,0.0,0.0,0.0,0.0,0.0,0.0,0.0,0.0,0.0,100.0,0.0,0.0,0.0,0.0,0.0,0.0,0.0,4,0,0.5648148148148148,0.0,0.0,0.0,0.0,0.0,0.0,2
0.0,0.0,0.0,0.0,0.0,0.0,0.0,0.0,0.0,0.0,0.0,0.0,0.0,100.0,0.0,0.0,0.0,0.0,0.0,0.0,0.0,4,0,0.5648148148148148,0.0,0.0,0.0,0.0,0.0,0.0,2
0.0,0.0,0.0,0.0,0.0,0.0,0.0,0.0,0.0,0.0,0.0,0.0,0.0,100.0,0.0,0.0,0.0,0.0,0.0,0.0,0.0,5,0,0.5648148148148148,0.0,0.0,0.0,0.0,0.0,0.0,2
0.0,0.0,0.0,0.0,0.0,0.0,0.0,0.0,0.0,0.0,0.0,0.0,0.0,100.0,0.0,0.0,0.0,0.0,0.0,0.0,0.0,5,0,0.5648148148148148,0.0,0.0,0.0,0.0,0.0,0.0,2
0.0,0.0,0.0,0.0,0.0,0.0,0.0,0.0,0.0,0.0,0.0,0.0,0.0,100.0,0.0,0.0,0.0,0.0,0.0,0.0,0.0,6,0,0.5648148148148148,0.0,0.0,0.0,0.0,0.0,0.0,2
0.0,0.0,0.0,0.0,0.0,0.0,0.0,0.0,0.0,0.0,0.0,0.0,0.0,100.0,0.0,0.0,0.0,0.0,0.0,0.0,0.0,6,0,0.5648148148148148,0.0,0.0,0.0,0.0,0.0,0.0,2
0.0,0.0,0.0,0.0,0.0,0.0,0.0,0.0,0.0,0.0,0.0,0.0,0.0,100.0,0.0,0.0,0.0,0.0,0.0,0.0,0.0,7,0,0.5648148148148148,0.0,0.0,0.0,0.0,0.0,0.0,2
0.0,0.0,0.0,0.0,0.0,0.0,0.0,0.0,0.0,0.0,0.0,0.0,0.0,100.0,0.0,0.0,0.0,0.0,22.0,0.0,0.0,7,0,0.5648148148148148,0.0,0.0,0.0,0.0,0.0,0.0,3
0.0,0.0,0.0,0.0,0.0,0.0,0.0,0.0,0.0,0.0,0.0,0.0,0.0,100.0,0.0,0.0,0.0,0.0,0.0,0.0,0.0,8,1,0.5648148148148148,0.0,0.0,0.0,0.0,0.0,0.0,3
582.0,5.0,0.9786767649528112,0.0,0.0,0.0,0.0,0.0,0.0,0.0,0.0,0.0,0.0,99.3103448275862,0.0,0.0,0.0,0.0,44.0,7854.0,10.0,8,1,0.5648148148148148,291.00000000000017,145.5,0.0,0.0,0.0,0.0,3
552.0,1.0,-1.000088900581841e-12,0.0,14.0,0.0,0.0,0.0,0.0,0.0,0.0,0.0,0.0,93.2,0.0,0.0,0.0,0.0,22.0,3624.0,12.0,9,1,0.5648148148148148,327.58662976379253,283.5,6.999999999999997,3.5,0.0,0.0,3
672.0,4.0,0.2962254416274844,0.0,0.0,0.0,0.0,0.0,0.0,0.0,0.0,0.0,0.0,85.62068965517241,0.0,0.0,0.0,0.0,22.0,3276.0,10.0,9,1,0.5648148148148148,305.28838824953704,451.5,6.999999999999997,3.5,0.0,0.0,2
564.0,3.0,0.5356337093532573,0.0,0.0,0.0,0.0,0.0,0.0,0.0,0.0,0.0,0.0,77.8,0.0,0.0,0.0,0.0,26.0,5524.0,14.0,10,1,0.5648148148148148,54.41507144165188,592.5,6.999999999999997,3.5,0.0,0.0,2
212.0,5.0,1.3294802628930915,0.0,0.0,0.0,0.0,0.0,0.0,0.0,0.0,0.0,0.0,71.0,0.0,0.0,14.0,0.0,86.0,4820.0,14.0,11,1,0.5648148148148148,279.1242256296171,383.5,0.0,0.0,0.0,0.0,2
26.0,2.0,0.666278442412676,0.0,0.0,0.0,0.0,0.0,0.0,0.0,0.0,0.0,0.0,69.28571428571429,0.0,0.0,0.0,0.0,60.0,0.0,16.0,11,1,0.5648148148148148,240.8152819071084,222.0,0.0,0.0,0.0,0.0,2
38.0,1.0,-1.000088900581841e-12,0.0,0.0,0.0,0.0,0.0,0.0,0.0,0.0,0.0,0.0,68.5,0.0,0.0,0.0,0.0,90.0,628.0,24.0,12,1,0.5648148148148148,85.04704580407292,90.5,0.0,0.0,0.0,0.0,3
120.0,5.0,1.2515050843397777,0.0,0.0,0.0,0.0,0.0,0.0,0.0,0.0,0.0,0.0,67.0,0.0,0.0,0.0,0.0,230.0,1782.0,30.0,12,1,0.5648148148148148,86.13942186943257,99.0,0.0,0.0,0.0,0.0,3
532.0,6.0,1.4971031567198587,0.0,0.0,0.0,26.0,0.0,0.0,0.0,0.0,0.0,0.0,59.92,0.0,0.0,0.0,0.0,102.0,5528.0,26.0,13,1,0.5648148148148148,220.19688160068648,209.0,0.0,0.0,13.0,6.5,3
410.0,11.0,1.1345491083730206,0.0,0.0,0.0,0.0,0.0,0.0,0.0,0.0,0.0,0.0,54.05,0.0,0.0,0.0,0.0,68.0,11910.0,26.0,14,1,0.5648148148148148,201.6796139094548,302.0,0.0,0.0,13.0,6.5,3
472.0,5.0,0.6062358896589631,0.0,0.0,0.0,0.0,0.0,0.0,0.0,0.0,0.0,0.0,47.57142857142857,0.0,0.0,0.0,0.0,136.0,8920.0,16.0,14,1,0.5648148148148148,170.12152519106277,390.0,0.0,0.0,13.0,6.5,3
446.0,5.0,1.0220165176877702,0.0,0.0,0.0,0.0,0.0,0.0,0.0,0.0,0.0,0.0,41.0,0.0,0.0,0.0,0.0,104.0,8068.0,16.0,15,1,0.5648148148148148,51.39390365922215,465.0,0.0,0.0,13.0,6.5,3
716.0,1.0,-1.000088900581841e-12,0.0,0.0,0.0,0.0,0.0,0.0,0.0,0.0,0.0,38.0,31.466666666666665,0.0,34.0,26.0,26.0,0.0,3232.0,0.0,15,1,0.5648148148148148,139.0107909480414,511.0,0.0,0.0,0.0,0.0,3
378.0,1.0,-1.000088900581841e-12,0.0,0.0,0.0,0.0,0.0,0.0,0.0,0.0,0.0,0.0,33.78947368421053,0.0,0.0,0.0,0.0,0.0,1350.0,0.0,16,1,0.5648148148148148,147.4268180036005,503.0,0.0,0.0,0.0,0.0,3
0.0,0.0,0.0,0.0,0.0,0.0,0.0,0.0,0.0,0.0,0.0,0.0,0.0,29.666666666666668,0.0,0.0,0.0,0.0,0.0,0.0,0.0,16,1,0.5648148148148148,295.2716263600914,385.0,0.0,0.0,0.0,0.0,2
674.0,7.0,1.1901209186210933,0.0,0.0,0.0,0.0,0.0,0.0,0.0,0.0,0.0,0.0,26.571428571428573,0.0,0.0,0.0,0.0,38.0,20332.0,12.0,17,1,0.5648148148148148,330.8373215544664,442.0,0.0,0.0,0.0,0.0,3
4.0,1.0,-1.000088900581841e-12,0.0,0.0,0.0,0.0,0.0,0.0,0.0,0.0,0.0,0.0,11.0,22.0,0.0,0.0,0.0,0.0,0.0,0.0,21,0,0.5648148148148148,344.2963839484813,285.0,0.0,0.0,0.0,0.0,2
0.0,0.0,0.0,0.0,0.0,0.0,0.0,0.0,0.0,0.0,0.0,0.0,0.0,0.0,14.0,0.0,0.0,0.0,0.0,0.0,0.0,22,0,0.5648148148148148,200.3954423966109,105.5,0.0,0.0,0.0,0.0,2
0.0,0.0,0.0,0.0,0.0,0.0,0.0,0.0,0.0,0.0,0.0,0.0,0.0,0.0,0.0,0.0,0.0,0.0,76.0,0.0,0.0,0,0,0.5648148148148148,5.656854249498524,4.0,0.0,0.0,0.0,0.0,2
0.0,0.0,0.0,0.0,0.0,0.0,0.0,0.0,0.0,0.0,0.0,0.0,38.0,27.5,16.0,0.0,0.0,0.0,114.0,0.0,0.0,1,0,0.5648148148148148,2.000000000017371,1.0,0.0,0.0,0.0,0.0,2
0.0,0.0,0.0,0.0,0.0,0.0,0.0,0.0,0.0,0.0,0.0,0.0,0.0,55.333333333333336,0.0,0.0,0.0,0.0,0.0,0.0,0.0,1,0,0.5648148148148148,0.0,0.0,0.0,0.0,0.0,0.0,2
0.0,0.0,0.0,0.0,0.0,0.0,0.0,0.0,0.0,0.0,0.0,0.0,0.0,82.26666666666667,0.0,0.0,0.0,0.0,0.0,0.0,0.0,2,0,0.5648148148148148,0.0,0.0,0.0,0.0,0.0,0.0,2
0.0,0.0,0.0,0.0,0.0,0.0,0.0,0.0,0.0,0.0,0.0,0.0,0.0,90.0,0.0,0.0,0.0,0.0,0.0,0.0,0.0,2,0,0.5648148148148148,0.0,0.0,0.0,0.0,0.0,0.0,2
0.0,0.0,0.0,0.0,0.0,0.0,0.0,0.0,0.0,0.0,0.0,0.0,0.0,95.23333333333332,0.0,0.0,0.0,0.0,0.0,0.0,0.0,3,0,0.5648148148148148,0.0,0.0,0.0,0.0,0.0,0.0,2
0.0,0.0,0.0,0.0,0.0,0.0,0.0,0.0,0.0,0.0,0.0,0.0,0.0,100.0,0.0,0.0,0.0,0.0,0.0,0.0,0.0,3,0,0.5648148148148148,0.0,0.0,0.0,0.0,0.0,0.0,2
0.0,0.0,0.0,0.0,0.0,0.0,0.0,0.0,0.0,0.0,0.0,0.0,0.0,100.0,0.0,0.0,0.0,0.0,0.0,0.0,0.0,4,0,0.5648148148148148,0.0,0.0,0.0,0.0,0.0,0.0,3
0.0,0.0,0.0,0.0,0.0,0.0,0.0,0.0,0.0,0.0,0.0,0.0,0.0,100.0,0.0,0.0,0.0,0.0,0.0,0.0,0.0,4,0,0.5648148148148148,0.0,0.0,0.0,0.0,0.0,0.0,2
0.0,0.0,0.0,0.0,0.0,0.0,0.0,0.0,0.0,0.0,0.0,0.0,0.0,100.0,0.0,0.0,0.0,0.0,0.0,0.0,0.0,5,0,0.5648148148148148,0.0,0.0,0.0,0.0,0.0,0.0,2
0.0,0.0,0.0,0.0,0.0,0.0,0.0,0.0,0.0,0.0,0.0,0.0,0.0,100.0,0.0,0.0,0.0,0.0,0.0,0.0,0.0,5,0,0.5648148148148148,0.0,0.0,0.0,0.0,0.0,0.0,2
0.0,0.0,0.0,0.0,0.0,0.0,0.0,0.0,0.0,0.0,0.0,0.0,0.0,100.0,0.0,0.0,0.0,0.0,0.0,0.0,0.0,6,0,0.5648148148148148,0.0,0.0,0.0,0.0,0.0,0.0,2
0.0,0.0,0.0,0.0,0.0,0.0,0.0,0.0,0.0,0.0,0.0,0.0,0.0,100.0,0.0,0.0,0.0,0.0,0.0,0.0,0.0,6,0,0.5648148148148148,0.0,0.0,0.0,0.0,0.0,0.0,2
0.0,0.0,0.0,0.0,0.0,0.0,0.0,0.0,0.0,0.0,0.0,0.0,0.0,100.0,0.0,0.0,0.0,0.0,0.0,0.0,0.0,7,0,0.5648148148148148,0.0,0.0,0.0,0.0,0.0,0.0,2
0.0,0.0,0.0,0.0,0.0,0.0,0.0,0.0,0.0,0.0,0.0,0.0,0.0,100.0,0.0,0.0,0.0,0.0,0.0,0.0,0.0,7,0,0.5648148148148148,0.0,0.0,0.0,0.0,0.0,0.0,2
414.0,4.0,0.8388560684746081,0.0,0.0,0.0,0.0,0.0,0.0,0.0,0.0,0.0,0.0,99.83333333333331,0.0,0.0,0.0,0.0,40.0,13024.0,6.0,8,1,0.5648148148148148,207.00000000000017,103.5,0.0,0.0,0.0,0.0,2
718.0,4.0,0.6733083255111099,0.0,0.0,0.0,0.0,0.0,0.0,0.0,0.0,0.0,0.0,93.66666666666669,0.0,0.0,0.0,0.0,0.0,13032.0,0.0,8,1,0.5648148148148148,349.5540015505473,283.0,0.0,0.0,0.0,0.0,3
596.0,6.0,0.986123839664789,0.0,0.0,0.0,0.0,0.0,0.0,0.0,0.0,0.0,0.0,84.4,0.0,0.0,0.0,0.0,124.0,7030.0,24.0,9,1,0.5648148148148148,313.9214339077005,432.0,0.0,0.0,0.0,0.0,3
592.0,2.0,0.1802046783759921,0.0,0.0,0.0,0.0,0.0,0.0,0.0,0.0,0.0,0.0,77.88461538461539,0.0,0.0,0.0,0.0,44.0,3774.0,10.0,9,1,0.5648148148148148,125.16655570345756,580.0,0.0,0.0,0.0,0.0,3
516.0,2.0,0.5601960182789018,0.0,0.0,0.0,0.0,0.0,0.0,0.0,0.0,0.0,0.0,70.95833333333333,0.0,0.0,0.0,0.0,0.0,5170.0,0.0,10,1,0.5648148148148148,83.54439937342742,605.5,0.0,0.0,0.0,0.0,2
434.0,3.0,0.6382179622827593,0.0,0.0,0.0,0.0,0.0,0.0,0.0,0.0,0.0,0.0,66.35,0.0,0.0,0.0,0.0,44.0,332.0,8.0,10,1,0.5648148148148148,76.44387919687712,534.5,0.0,0.0,0.0,0.0,2
490.0,3.0,1.081245558288378,0.0,0.0,0.0,0.0,0.0,0.0,0.0,0.0,0.0,0.0,61.30434782608695,0.0,0.0,0.0,0.0,92.0,8742.0,20.0,11,1,0.5648148148148148,65.62519841239904,508.0,0.0,0.0,0.0,0.0,3
618.0,5.0,1.2356001636674347,0.0,0.0,0.0,0.0,0.0,0.0,0.0,0.0,0.0,0.0,55.407407407407405,0.0,0.0,0.0,0.0,48.0,18264.0,8.0,11,1,0.5648148148148148,77.01731407071232,514.5,0.0,0.0,0.0,0.0,3
210.0,2.0,0.1618427344846018,0.0,0.0,0.0,0.0,0.0,0.0,0.0,0.0,0.0,0.0,50.61538461538461,0.0,0.0,0.0,0.0,96.0,1270.0,14.0,12,1,0.5648148148148148,170.39561809702369,438.0,0.0,0.0,0.0,0.0,3
518.0,6.0,0.4833657780530229,0.0,0.0,0.0,82.0,0.0,0.0,0.0,0.0,0.0,0.0,45.82608695652174,0.0,0.0,0.0,0.0,150.0,6802.0,38.0,12,1,0.5648148148148148,174.85613133849995,459.0,0.0,0.0,41.0,20.5,2
470.0,7.0,0.91673211953793,0.0,0.0,0.0,0.0,0.0,0.0,0.0,0.0,0.0,0.0,39.45454545454545,0.0,0.0,0.0,0.0,52.0,12110.0,14.0,13,1,0.5648148148148148,173.95784930072404,454.0,0.0,0.0,41.0,20.5,2
264.0,2.0,0.3840760012909661,0.0,0.0,0.0,0.0,0.0,0.0,0.0,0.0,0.0,0.0,35.07142857142857,0.0,0.0,0.0,0.0,104.0,14000.0,30.0,13,1,0.5648148148148148,151.28229682726732,365.5,0.0,0.0,41.0,20.5,2
300.0,4.0,0.4189717538974106,0.0,0.0,0.0,0.0,0.0,0.0,0.0,0.0,0.0,0.0,30.625,0.0,0.0,0.0,0.0,52.0,7182.0,8.0,14,1,0.5648148148148148,124.82521112873556,388.0,0.0,0.0,41.0,20.5,2
718.0,3.0,0.2939129550605261,0.0,0.0,0.0,0.0,0.0,0.0,0.0,0.0,0.0,52.0,24.2,0.0,0.0,0.0,0.0,0.0,4162.0,0.0,14,1,0.5648148148148148,207.1585544134413,438.0,0.0,0.0,0.0,0.0,2
582.0,1.0,-1.000088900581841e-12,0.0,0.0,0.0,0.0,0.0,0.0,0.0,0.0,0.0,0.0,37.12,0.0,0.0,0.0,0.0,0.0,0.0,0.0,15,1,0.5648148148148148,220.0908903157968,466.0,0.0,0.0,0.0,0.0,2
516.0,3.0,0.1634971680459395,0.0,0.0,0.0,18.0,0.0,0.0,0.0,0.0,0.0,0.0,70.1304347826087,0.0,0.0,0.0,0.0,52.0,1630.0,16.0,15,1,0.5648148148148148,174.29859437184246,529.0,0.0,0.0,9.0,4.5,2
704.0,3.0,1.037458460874639,0.0,0.0,0.0,0.0,0.0,0.0,0.0,0.0,0.0,0.0,82.33333333333333,0.0,0.0,0.0,0.0,112.0,3402.0,32.0,16,1,0.5648148148148148,97.50213672872373,630.0,0.0,0.0,9.0,4.5,2
718.0,6.0,0.6225222198264683,0.0,0.0,0.0,38.0,0.0,0.0,0.0,0.0,0.0,0.0,92.73333333333332,0.0,0.0,0.0,0.0,0.0,6956.0,0.0,16,1,0.5648148148148148,97.50213672872373,630.0,0.0,0.0,18.110770276274835,14.0,3
718.0,2.0,0.3436521298426485,0.0,0.0,0.0,0.0,0.0,0.0,0.0,0.0,0.0,0.0,87.8,0.0,0.0,0.0,0.0,0.0,7820.0,0.0,17,1,0.5648148148148148,98.8871410582121,664.0,0.0,0.0,18.110770276274835,14.0,2
718.0,4.0,0.3754554362336714,0.0,0.0,0.0,22.0,0.0,0.0,0.0,0.0,0.0,0.0,80.03333333333333,0.0,0.0,0.0,0.0,0.0,8790.0,0.0,17,1,0.5648148148148148,7.000000000004703,714.5,0.0,0.0,18.51125783588643,15.0,3
476.0,1.0,-1.000088900581841e-12,0.0,0.0,0.0,0.0,0.0,0.0,0.0,0.0,0.0,0.0,71.76190476190476,0.0,0.0,0.0,0.0,0.0,1170.0,0.0,18,1,0.5648148148148148,121.00000000000028,657.5,0.0,0.0,18.51125783588643,15.0,3
10.0,1.0,-1.000088900581841e-12,0.0,0.0,0.0,0.0,0.0,0.0,0.0,0.0,0.0,0.0,68.33333333333333,0.0,0.0,0.0,0.0,0.0,0.0,0.0,18,1,0.5648148148148148,333.76788341600525,480.5,0.0,0.0,11.0,5.5,2
274.0,3.0,0.9065600018708372,0.0,0.0,0.0,0.0,0.0,0.0,0.0,0.0,0.0,0.0,64.93333333333334,0.0,0.0,0.0,0.0,116.0,6396.0,26.0,19,1,0.5648148148148148,300.6409819036654,369.5,0.0,0.0,11.0,5.5,2
508.0,1.0,-1.000088900581841e-12,0.0,0.0,0.0,0.0,0.0,0.0,0.0,0.0,0.0,0.0,58.2,0.0,0.0,0.0,0.0,116.0,10486.0,42.0,19,1,0.5648148148148148,229.3904967517183,317.0,0.0,0.0,0.0,0.0,2
116.0,1.0,-1.000088900581841e-12,0.0,0.0,0.0,0.0,0.0,0.0,0.0,0.0,0.0,0.0,54.0,0.0,0.0,0.0,0.0,174.0,4680.0,28.0,20,1,0.5648148148148148,216.47170715823367,227.0,0.0,0.0,0.0,0.0,3
38.0,3.0,0.8092054732253178,0.0,0.0,0.0,0.0,0.0,0.0,0.0,0.0,0.0,0.0,52.75,0.0,0.0,0.0,0.0,116.0,2716.0,30.0,20,1,0.5648148148148148,207.3772729431396,234.0,0.0,0.0,0.0,0.0,3
234.0,4.0,0.9871329527592618,0.0,0.0,0.0,0.0,0.0,0.0,0.0,0.0,0.0,0.0,45.4,0.0,0.0,0.0,0.0,2.0,118.0,2.0,21,0,0.5648148148148148,205.7636184233421,224.0,0.0,0.0,0.0,0.0,2
642.0,4.0,0.140903388080683,0.0,0.0,0.0,0.0,0.0,0.0,0.0,0.0,0.0,0.0,46.74074074074074,0.0,0.0,0.0,0.0,2.0,184.0,2.0,0,0,0.5648148148148148,221.1877030940013,441.0,0.0,0.0,0.0,0.0,2
474.0,1.0,-1.000088900581841e-12,0.0,0.0,0.0,0.0,0.0,0.0,0.0,0.0,0.0,2.0,46.81818181818182,0.0,0.0,0.0,0.0,0.0,6.0,0.0,0,0,0.5648148148148148,220.64979794537183,456.5,0.0,0.0,0.0,0.0,2
332.0,1.0,-1.000088900581841e-12,0.0,0.0,0.0,0.0,0.0,0.0,0.0,0.0,0.0,0.0,83.20833333333333,0.0,0.0,0.0,0.0,0.0,0.0,0.0,1,0,0.5648148148148148,212.2914663067424,397.5,0.0,0.0,0.0,0.0,2
0.0,0.0,0.0,0.0,0.0,0.0,0.0,0.0,0.0,0.0,0.0,0.0,0.0,95.13333333333334,0.0,0.0,0.0,0.0,0.0,0.0,0.0,1,0,0.5648148148148148,272.572926021643,362.0,0.0,0.0,0.0,0.0,2
0.0,0.0,0.0,0.0,0.0,0.0,0.0,0.0,0.0,0.0,0.0,0.0,0.0,99.4,0.0,0.0,0.0,0.0,0.0,0.0,0.0,2,0,0.5648148148148148,239.7853206516197,201.5,0.0,0.0,0.0,0.0,2
0.0,0.0,0.0,0.0,0.0,0.0,0.0,0.0,0.0,0.0,0.0,0.0,0.0,100.0,0.0,0.0,0.0,0.0,0.0,0.0,0.0,2,0,0.5648148148148148,166.00000000000023,83.0,0.0,0.0,0.0,0.0,2
0.0,0.0,0.0,0.0,0.0,0.0,0.0,0.0,0.0,0.0,0.0,0.0,0.0,100.0,0.0,0.0,0.0,0.0,0.0,0.0,0.0,3,0,0.5648148148148148,0.0,0.0,0.0,0.0,0.0,0.0,2
0.0,0.0,0.0,0.0,0.0,0.0,0.0,0.0,0.0,0.0,0.0,0.0,0.0,100.0,0.0,0.0,0.0,0.0,0.0,0.0,0.0,3,0,0.5648148148148148,0.0,0.0,0.0,0.0,0.0,0.0,2
0.0,0.0,0.0,0.0,0.0,0.0,0.0,0.0,0.0,0.0,0.0,0.0,0.0,100.0,0.0,0.0,0.0,0.0,0.0,0.0,0.0,4,0,0.5648148148148148,0.0,0.0,0.0,0.0,0.0,0.0,2
0.0,0.0,0.0,0.0,0.0,0.0,0.0,0.0,0.0,0.0,0.0,0.0,0.0,100.0,0.0,0.0,0.0,0.0,0.0,0.0,0.0,4,0,0.5648148148148148,0.0,0.0,0.0,0.0,0.0,0.0,2
0.0,0.0,0.0,0.0,0.0,0.0,0.0,0.0,0.0,0.0,0.0,0.0,0.0,100.0,0.0,0.0,0.0,0.0,0.0,0.0,0.0,5,0,0.5648148148148148,0.0,0.0,0.0,0.0,0.0,0.0,2
0.0,0.0,0.0,0.0,0.0,0.0,0.0,0.0,0.0,0.0,0.0,0.0,0.0,100.0,0.0,0.0,0.0,0.0,0.0,0.0,0.0,5,0,0.5648148148148148,0.0,0.0,0.0,0.0,0.0,0.0,2
0.0,0.0,0.0,0.0,0.0,0.0,0.0,0.0,0.0,0.0,0.0,0.0,0.0,100.0,0.0,0.0,0.0,0.0,0.0,0.0,0.0,6,0,0.5648148148148148,0.0,0.0,0.0,0.0,0.0,0.0,2
0.0,0.0,0.0,0.0,0.0,0.0,0.0,0.0,0.0,0.0,0.0,0.0,0.0,100.0,0.0,0.0,0.0,0.0,0.0,0.0,0.0,6,0,0.5648148148148148,0.0,0.0,0.0,0.0,0.0,0.0,2
0.0,0.0,0.0,0.0,0.0,0.0,0.0,0.0,0.0,0.0,0.0,0.0,0.0,100.0,0.0,0.0,0.0,0.0,0.0,0.0,0.0,7,0,0.5648148148148148,0.0,0.0,0.0,0.0,0.0,0.0,2
0.0,0.0,0.0,0.0,0.0,0.0,0.0,0.0,0.0,0.0,0.0,0.0,0.0,100.0,0.0,0.0,0.0,0.0,4.0,0.0,0.0,7,0,0.5648148148148148,0.0,0.0,0.0,0.0,0.0,0.0,2
0.0,0.0,0.0,0.0,0.0,0.0,0.0,0.0,0.0,0.0,0.0,0.0,0.0,100.0,0.0,0.0,0.0,0.0,0.0,0.0,0.0,8,1,0.5648148148148148,0.0,0.0,0.0,0.0,0.0,0.0,2
62.0,3.0,0.9876542462210766,0.0,0.0,0.0,0.0,0.0,0.0,0.0,0.0,0.0,0.0,100.0,2.0,0.0,0.0,0.0,4.0,0.0,0.0,8,1,0.5648148148148148,31.00000000000125,15.5,0.0,0.0,0.0,0.0,2
12.0,1.0,-1.000088900581841e-12,0.0,0.0,0.0,0.0,0.0,0.0,0.0,0.0,0.0,0.0,100.0,0.0,0.0,0.0,0.0,0.0,0.0,0.0,9,1,0.5648148148148148,29.54657340538963,18.5,0.0,0.0,0.0,0.0,2
10.0,1.0,-1.000088900581841e-12,0.0,0.0,0.0,0.0,0.0,0.0,0.0,0.0,0.0,0.0,100.0,0.0,0.0,0.0,0.0,2.0,0.0,0.0,9,1,0.5648148148148148,27.83283432686553,21.0,0.0,0.0,0.0,0.0,2
166.0,5.0,0.9742766740648028,0.0,0.0,0.0,0.0,0.0,0.0,0.0,0.0,0.0,0.0,99.54545454545456,0.0,0.0,0.0,0.0,2.0,236.0,2.0,10,1,0.5648148148148148,73.07302283788967,62.5,0.0,0.0,0.0,0.0,2
718.0,5.0,0.8930149966513705,0.0,0.0,0.0,0.0,0.0,0.0,0.0,0.0,0.0,0.0,93.63333333333334,0.0,0.0,0.0,0.0,0.0,1046.0,0.0,10,1,0.5648148148148148,335.7156534926545,226.5,0.0,0.0,0.0,0.0,2
718.0,6.0,0.2294684247345472,0.0,0.0,0.0,0.0,0.0,0.0,0.0,0.0,0.0,0.0,83.7,0.0,0.0,0.0,0.0,0.0,252.0,0.0,11,1,0.5648148148148148,369.2641331079964,403.0,0.0,0.0,0.0,0.0,2
716.0,3.0,0.479583092562386,0.0,0.0,0.0,0.0,0.0,0.0,0.0,0.0,0.0,0.0,74.0,0.0,0.0,0.0,0.0,0.0,1388.0,0.0,11,1,0.5648148148148148,275.6682789150759,579.5,0.0,0.0,0.0,0.0,3
718.0,4.0,1.0750389528975344,0.0,0.0,0.0,0.0,0.0,0.0,0.0,0.0,0.0,0.0,64.66666666666667,0.0,0.0,0.0,0.0,0.0,1166.0,0.0,12,1,0.5648148148148148,1.0000000000468865,717.5,0.0,0.0,0.0,0.0,2
586.0,1.0,-1.000088900581841e-12,0.0,0.0,0.0,4.0,0.0,0.0,0.0,0.0,0.0,0.0,54.37037037037037,0.0,0.0,0.0,0.0,6.0,666.0,4.0,12,1,0.5648148148148148,65.67343450741781,684.5,0.0,0.0,1.9999999999999951,1.0,2
576.0,5.0,0.5416192672019583,0.0,0.0,0.0,4.0,0.0,0.0,0.0,0.0,0.0,0.0,45.88,0.0,0.0,0.0,0.0,12.0,732.0,4.0,13,1,0.5648148148148148,78.62993492727031,649.0,0.0,0.0,2.309401076758499,2.0,3
106.0,4.0,1.1125121518796648,0.0,0.0,0.0,0.0,0.0,0.0,0.0,0.0,0.0,0.0,41.22222222222222,0.0,0.0,0.0,0.0,24.0,780.0,10.0,13,1,0.5648148148148148,268.25547524701165,496.5,0.0,0.0,2.309401076758499,2.0,3
526.0,6.0,1.0127322925314992,0.0,0.0,0.0,4.0,0.0,0.0,0.0,0.0,0.0,0.0,37.2,0.0,0.0,0.0,0.0,24.0,2164.0,12.0,14,1,0.5648148148148148,229.83689869122423,448.5,0.0,0.0,1.999999999999996,3.0,2
686.0,2.0,0.6890574195174808,0.0,0.0,0.0,0.0,0.0,0.0,0.0,0.0,0.0,0.0,29.96296296296296,0.0,0.0,0.0,0.0,12.0,1082.0,2.0,14,1,0.5648148148148148,253.9520952200764,473.5,0.0,0.0,2.309401076758499,2.0,2
386.0,1.0,-1.000088900581841e-12,0.0,0.0,0.0,8.0,0.0,0.0,0.0,0.0,0.0,0.0,22.36842105263158,0.0,0.0,0.0,0.0,14.0,1788.0,4.0,15,1,0.5648148148148148,246.035227829946,426.0,0.0,0.0,3.82970843102535,3.0,2
348.0,3.0,0.5028423939332615,0.0,0.0,0.0,0.0,0.0,0.0,0.0,0.0,0.0,24.0,15.5,0.0,0.0,0.0,0.0,0.0,2676.0,0.0,15,1,0.5648148148148148,153.45248993309542,486.5,0.0,0.0,3.82970843102535,3.0,2
664.0,3.0,0.1671857248996275,0.0,0.0,0.0,0.0,0.0,0.0,0.0,0.0,0.0,36.0,15.74074074074074,0.0,0.0,0.0,0.0,14.0,4048.0,2.0,16,1,0.5648148148148148,178.7251148178866,521.0,0.0,0.0,3.999999999999997,2.0,3
678.0,3.0,0.1425841156434286,0.0,0.0,0.0,0.0,0.0,0.0,0.0,0.0,0.0,20.0,15.482758620689657,0.0,0.0,0.0,0.0,20.0,7520.0,6.0,16,1,0.5648148148148148,176.29142539178346,519.0,0.0,0.0,3.999999999999997,2.0,3
720.0,1.0,-1.000088900581841e-12,0.0,0.0,0.0,0.0,0.0,0.0,0.0,0.0,0.0,20.0,16.9,0.0,0.0,0.0,0.0,0.0,178.0,0.0,17,1,0.5648148148148148,171.32717239247276,602.5,0.0,0.0,0.0,0.0,3
676.0,1.0,-1.000088900581841e-12,0.0,0.0,0.0,0.0,0.0,0.0,0.0,0.0,0.0,0.0,25.566666666666663,0.0,0.0,0.0,0.0,0.0,0.0,0.0,17,1,0.5648148148148148,24.4608530786114,684.5,0.0,0.0,0.0,0.0,2
446.0,5.0,0.4985343676495055,0.0,0.0,0.0,0.0,0.0,0.0,0.0,0.0,0.0,0.0,34.206896551724135,0.0,0.0,0.0,0.0,0.0,9414.0,0.0,18,1,0.5648148148148148,124.3328865050062,630.0,0.0,0.0,0.0,0.0,3
656.0,6.0,0.9079352909503486,0.0,0.0,0.0,0.0,0.0,0.0,0.0,0.0,0.0,0.0,41.7037037037037,0.0,0.0,0.0,0.0,70.0,8432.0,16.0,18,1,0.5648148148148148,121.9658422127554,624.5,0.0,0.0,0.0,0.0,3
698.0,4.0,0.2413995012222136,0.0,0.0,0.0,12.0,0.0,0.0,0.0,0.0,0.0,0.0,35.53333333333333,0.0,0.0,0.0,0.0,48.0,1846.0,8.0,19,1,0.5648148148148148,116.60188677718762,619.0,0.0,0.0,5.999999999999998,3.0,3
676.0,7.0,1.3216031000783612,0.0,0.0,0.0,6.0,0.0,0.0,0.0,0.0,0.0,28.0,23.642857142857142,0.0,0.0,0.0,0.0,56.0,17608.0,10.0,19,1,0.5648148148148148,116.60188677718762,619.0,0.0,0.0,5.744562646538027,4.5,3
718.0,3.0,0.1040780134827761,0.0,0.0,0.0,0.0,0.0,0.0,0.0,0.0,0.0,0.0,24.8,0.0,0.0,0.0,0.0,0.0,2100.0,0.0,20,1,0.5648148148148148,26.85764943797982,687.0,0.0,0.0,5.744562646538027,4.5,3
274.0,3.0,0.7510921991418644,0.0,0.0,0.0,0.0,0.0,0.0,0.0,0.0,0.0,0.0,30.33333333333333,0.0,0.0,0.0,0.0,140.0,5984.0,18.0,20,1,0.5648148148148148,212.3605424743497,591.5,0.0,0.0,5.744562646538027,4.5,2
652.0,3.0,0.2408452093058304,0.0,0.0,0.0,0.0,0.0,0.0,0.0,0.0,0.0,28.0,38.75,0.0,0.0,0.0,0.0,84.0,572.0,32.0,21,0,0.5648148148148148,205.8154513150072,580.0,0.0,0.0,2.999999999999997,1.5,2
496.0,4.0,0.9603724060621192,0.0,0.0,0.0,0.0,0.0,0.0,0.0,0.0,0.0,0.0,69.52173913043478,0.0,0.0,0.0,0.0,58.0,434.0,14.0,21,0,0.5648148148148148,197.33220720399416,535.0,0.0,0.0,0.0,0.0,2
718.0,5.0,0.3883365262097364,0.0,0.0,0.0,0.0,0.0,0.0,0.0,0.0,0.0,0.0,90.26666666666668,0.0,0.0,0.0,0.0,0.0,3302.0,0.0,22,0,0.5648148148148148,197.33220720399416,535.0,0.0,0.0,0.0,0.0,2
720.0,2.0,0.0958690449458197,0.0,0.0,0.0,0.0,0.0,0.0,0.0,0.0,0.0,0.0,98.23333333333332,0.0,0.0,0.0,0.0,0.0,3032.0,0.0,22,0,0.5648148148148148,105.19030373565847,646.5,0.0,0.0,0.0,0.0,2
718.0,1.0,-1.000088900581841e-12,0.0,0.0,0.0,0.0,0.0,0.0,0.0,0.0,0.0,0.0,100.0,0.0,0.0,0.0,0.0,0.0,3768.0,0.0,23,0,0.5648148148148148,111.33732527773464,663.0,0.0,0.0,0.0,0.0,3
288.0,1.0,-1.000088900581841e-12,0.0,0.0,0.0,0.0,0.0,0.0,0.0,0.0,0.0,0.0,100.0,0.0,0.0,0.0,0.0,0.0,108.0,0.0,23,0,0.5648148148148148,215.33539730693,611.0,0.0,0.0,0.0,0.0,2
180.0,1.0,-1.000088900581841e-12,0.0,0.0,0.0,0.0,0.0,0.0,0.0,0.0,0.0,0.0,100.0,0.0,0.0,0.0,0.0,30.0,866.0,6.0,0,0,0.5648148148148148,283.46604734959016,476.5,0.0,0.0,0.0,0.0,2
612.0,3.0,0.8894151772535078,0.0,0.0,0.0,0.0,0.0,0.0,0.0,0.0,0.0,30.0,99.07692307692308,0.0,0.0,0.0,0.0,68.0,12524.0,8.0,0,0,0.5648148148148148,256.39227757481325,449.5,0.0,0.0,0.0,0.0,2
12.0,1.0,-1.000088900581841e-12,0.0,0.0,0.0,0.0,0.0,0.0,0.0,0.0,0.0,0.0,100.0,0.0,0.0,0.0,0.0,0.0,0.0,0.0,1,0,0.5648148148148148,252.9268669002961,273.0,0.0,0.0,0.0,0.0,2
10.0,1.0,-1.000088900581841e-12,0.0,0.0,0.0,0.0,0.0,0.0,0.0,0.0,0.0,0.0,100.0,0.0,0.0,0.0,0.0,0.0,0.0,0.0,1,0,0.5648148148148148,283.7481277471273,203.5,0.0,0.0,0.0,0.0,2
0.0,0.0,0.0,0.0,0.0,0.0,0.0,0.0,0.0,0.0,0.0,0.0,0.0,100.0,18.0,0.0,0.0,0.0,0.0,0.0,0.0,2,0,0.5648148148148148,302.3789013803709,158.5,0.0,0.0,0.0,0.0,2
0.0,0.0,0.0,0.0,0.0,0.0,0.0,0.0,0.0,0.0,0.0,0.0,0.0,100.0,16.0,0.0,0.0,0.0,0.0,0.0,0.0,2,0,0.5648148148148148,6.403124237439417,5.5,0.0,0.0,0.0,0.0,2
0.0,0.0,0.0,0.0,0.0,0.0,0.0,0.0,0.0,0.0,0.0,0.0,0.0,100.0,0.0,0.0,0.0,0.0,0.0,0.0,0.0,3,0,0.5648148148148148,5.000000000008417,2.5,0.0,0.0,0.0,0.0,2
0.0,0.0,0.0,0.0,0.0,0.0,0.0,0.0,0.0,0.0,0.0,0.0,0.0,100.0,0.0,0.0,0.0,0.0,0.0,0.0,0.0,3,0,0.5648148148148148,0.0,0.0,0.0,0.0,0.0,0.0,2
0.0,0.0,0.0,0.0,0.0,0.0,0.0,0.0,0.0,0.0,0.0,0.0,0.0,100.0,0.0,0.0,0.0,0.0,0.0,0.0,0.0,4,0,0.5648148148148148,0.0,0.0,0.0,0.0,0.0,0.0,2
0.0,0.0,0.0,0.0,0.0,0.0,0.0,0.0,0.0,0.0,0.0,0.0,0.0,99.66666666666669,18.0,0.0,0.0,0.0,0.0,0.0,0.0,4,0,0.5648148148148148,0.0,0.0,0.0,0.0,0.0,0.0,2
0.0,0.0,0.0,0.0,0.0,0.0,0.0,0.0,0.0,0.0,0.0,0.0,0.0,99.0,0.0,0.0,0.0,0.0,0.0,0.0,0.0,5,0,0.5648148148148148,0.0,0.0,0.0,0.0,0.0,0.0,2
0.0,0.0,0.0,0.0,0.0,0.0,0.0,0.0,0.0,0.0,0.0,0.0,0.0,99.0,0.0,0.0,0.0,0.0,0.0,0.0,0.0,5,0,0.5648148148148148,0.0,0.0,0.0,0.0,0.0,0.0,2
0.0,0.0,0.0,0.0,0.0,0.0,0.0,0.0,0.0,0.0,0.0,0.0,0.0,99.0,0.0,0.0,0.0,0.0,0.0,0.0,0.0,6,0,0.5648148148148148,0.0,0.0,0.0,0.0,0.0,0.0,2
0.0,0.0,0.0,0.0,0.0,0.0,0.0,0.0,0.0,0.0,0.0,0.0,0.0,99.0,0.0,0.0,0.0,0.0,0.0,0.0,0.0,6,0,0.5648148148148148,0.0,0.0,0.0,0.0,0.0,0.0,2
20.0,2.0,0.6931471805579453,0.0,0.0,0.0,0.0,0.0,0.0,0.0,0.0,0.0,0.0,98.0,0.0,0.0,0.0,0.0,34.0,0.0,0.0,7,0,0.5648148148148148,10.000000000004206,5.0,0.0,0.0,0.0,0.0,2
12.0,1.0,-1.000088900581841e-12,0.0,0.0,0.0,0.0,0.0,0.0,0.0,0.0,0.0,0.0,98.0,0.0,0.0,0.0,0.0,0.0,0.0,0.0,7,0,0.5648148148148148,9.797958971137003,8.0,0.0,0.0,0.0,0.0,2
26.0,2.0,0.4293230219286162,0.0,0.0,0.0,0.0,0.0,0.0,0.0,0.0,0.0,0.0,97.0,0.0,0.0,0.0,0.0,34.0,396.0,8.0,8,1,0.5648148148148148,11.239810200061978,14.5,0.0,0.0,0.0,0.0,2
248.0,2.0,0.2995422791895162,0.0,0.0,0.0,0.0,0.0,0.0,0.0,0.0,0.0,0.0,95.42857142857144,0.0,0.0,0.0,0.0,34.0,1108.0,10.0,8,1,0.5648148148148148,114.4770719401928,76.5,0.0,0.0,0.0,0.0,2
718.0,3.0,0.7077932477509421,0.0,0.0,0.0,0.0,0.0,0.0,0.0,0.0,0.0,0.0,88.86666666666666,0.0,0.0,0.0,0.0,0.0,14818.0,0.0,9,1,0.5648148148148148,329.56739320913823,251.0,0.0,0.0,0.0,0.0,3
482.0,2.0,0.5160928630345762,0.0,0.0,0.0,0.0,0.0,0.0,0.0,0.0,0.0,0.0,80.73913043478261,0.0,0.0,0.0,0.0,182.0,9298.0,48.0,9,1,0.5648148148148148,298.2498952221108,368.5,0.0,0.0,0.0,0.0,3
718.0,1.0,-1.000088900581841e-12,0.0,0.0,0.0,0.0,0.0,0.0,0.0,0.0,0.0,0.0,72.46666666666667,0.0,0.0,0.0,0.0,0.0,5142.0,0.0,10,1,0.5648148148148148,225.08294767337088,541.5,0.0,0.0,0.0,0.0,2
684.0,2.0,0.050278943879386,0.0,24.0,0.0,0.0,0.0,0.0,0.0,0.0,0.0,0.0,61.93333333333333,0.0,0.0,0.0,0.0,0.0,5078.0,0.0,10,1,0.5648148148148148,113.47099482540348,650.5,11.999999999999998,6.0,0.0,0.0,3
718.0,1.0,-1.000088900581841e-12,0.0,0.0,0.0,0.0,0.0,0.0,0.0,0.0,0.0,0.0,52.333333333333336,0.0,0.0,0.0,0.0,38.0,7662.0,18.0,11,1,0.5648148148148148,113.47099482540348,650.5,11.999999999999998,6.0,0.0,0.0,2
720.0,3.0,0.0801401628131218,0.0,0.0,0.0,0.0,0.0,0.0,0.0,0.0,0.0,0.0,42.333333333333336,0.0,0.0,0.0,0.0,0.0,4116.0,0.0,11,1,0.5648148148148148,17.358955421724197,710.0,11.999999999999998,6.0,0.0,0.0,2
718.0,3.0,0.3670674452034603,0.0,0.0,0.0,0.0,0.0,0.0,0.0,0.0,0.0,0.0,33.03333333333333,0.0,0.0,0.0,0.0,0.0,4002.0,0.0,12,1,0.5648148148148148,17.358955421724197,710.0,11.999999999999998,6.0,0.0,0.0,2
494.0,2.0,0.1564513263837223,0.0,0.0,0.0,0.0,0.0,0.0,0.0,0.0,0.0,38.0,24.26086956521739,0.0,0.0,0.0,0.0,114.0,2116.0,8.0,12,1,0.5648148148148148,112.3372897423947,662.5,0.0,0.0,0.0,0.0,2
328.0,7.0,1.323958983332445,0.0,0.0,0.0,0.0,0.0,0.0,0.0,0.0,0.0,0.0,30.928571428571427,0.0,0.0,0.0,0.0,130.0,13700.0,40.0,13,1,0.5648148148148148,190.3015151454836,565.0,0.0,0.0,0.0,0.0,3
284.0,2.0,0.4864271270084815,0.0,0.0,0.0,0.0,0.0,0.0,0.0,0.0,0.0,0.0,28.2,0.0,0.0,0.0,0.0,196.0,4506.0,46.0,13,1,0.5648148148148148,196.68587476820343,456.0,0.0,0.0,0.0,0.0,2
286.0,2.0,0.0736037987583155,0.0,0.0,0.0,0.0,0.0,0.0,0.0,0.0,0.0,0.0,24.3125,0.0,0.0,0.0,0.0,200.0,6128.0,62.0,14,1,0.5648148148148148,99.42501361998104,348.0,0.0,0.0,0.0,0.0,2
150.0,4.0,0.8784275814854633,0.0,0.0,0.0,0.0,0.0,0.0,0.0,0.0,0.0,0.0,21.33333333333333,0.0,0.0,0.0,0.0,200.0,6502.0,42.0,14,1,0.5648148148148148,77.373552759756,262.0,0.0,0.0,0.0,0.0,2
170.0,3.0,0.9547846908045864,0.0,0.0,0.0,0.0,0.0,0.0,0.0,0.0,0.0,0.0,18.384615384615383,0.0,0.0,0.0,0.0,298.0,6858.0,64.0,15,1,0.5648148148148148,72.63378460927632,222.5,0.0,0.0,0.0,0.0,2
186.0,4.0,0.8986784176157459,0.0,0.0,0.0,0.0,0.0,0.0,0.0,0.0,0.0,0.0,15.916666666666666,0.0,0.0,0.0,0.0,100.0,2892.0,22.0,15,1,0.5648148148148148,60.48691318514068,198.0,0.0,0.0,0.0,0.0,3
642.0,1.0,-1.000088900581841e-12,0.0,4.0,0.0,0.0,0.0,166.0,10.0,2.053913852720469,0.0,0.0,88.55555555555556,0.0,0.0,0.0,0.0,2.0,146.0,2.0,17,1,0.5648148148148148,237.12443990445203,287.0,1.9999999999999905,1.0,0.0,0.0,2
718.0,4.0,0.5603937656153397,0.0,0.0,0.0,0.0,0.0,36.0,3.0,0.5566469035791068,0.0,0.0,91.93333333333334,0.0,0.0,0.0,0.0,0.0,552.0,0.0,18,1,0.5648148148148148,291.5590277571023,429.0,1.9999999999999905,1.0,0.0,0.0,2
718.0,4.0,0.2168500519294626,0.0,0.0,0.0,0.0,0.0,98.0,2.0,0.1705298564455115,0.0,0.0,85.93333333333334,0.0,0.0,0.0,0.0,0.0,364.0,0.0,18,1,0.5648148148148148,255.8541251051728,566.0,1.9999999999999905,1.0,0.0,0.0,2
704.0,8.0,0.5987099292654694,0.0,0.0,0.0,2.0,0.0,26.0,5.0,1.5193826646373012,0.0,0.0,78.2,0.0,0.0,0.0,0.0,4.0,480.0,2.0,19,1,0.5648148148148148,36.27211968808483,695.5,1.9999999999999905,1.0,0.9999999999999905,0.5,2
106.0,1.0,-1.000088900581841e-12,0.0,0.0,0.0,0.0,0.0,6.0,2.0,0.6365141682928128,0.0,0.0,73.33333333333333,0.0,0.0,0.0,0.0,2.0,0.0,2.0,19,1,0.5648148148148148,303.73837426311496,561.5,0.0,0.0,0.9999999999999905,0.5,2
440.0,2.0,0.6385939842297903,0.0,0.0,0.0,6.0,0.0,26.0,2.0,0.5402041423868609,0.0,0.0,69.5,0.0,0.0,0.0,0.0,12.0,1336.0,10.0,20,1,0.5648148148148148,287.3557609189929,492.0,0.0,0.0,2.8284271247461867,2.0,2
12.0,1.0,-1.000088900581841e-12,0.0,0.0,0.0,0.0,0.0,16.0,2.0,0.5623351446168083,0.0,0.0,67.0,0.0,0.0,0.0,0.0,6.0,0.0,0.0,20,1,0.5648148148148148,317.5085300691413,315.5,0.0,0.0,2.8284271247461867,2.0,2
170.0,3.0,0.7529746827628886,0.0,0.0,0.0,4.0,0.0,192.0,6.0,0.8799218411949974,0.0,0.0,67.0,0.0,0.0,0.0,0.0,24.0,1156.0,16.0,21,0,0.5648148148148148,183.833257781792,182.0,0.0,0.0,2.999999999999997,2.5,1
352.0,5.0,0.2891400431750013,0.0,0.0,0.0,0.0,0.0,44.0,3.0,0.9164648855364712,0.0,0.0,67.0,0.0,0.0,0.0,0.0,36.0,1756.0,20.0,21,0,0.5648148148148148,190.94414541081585,243.5,0.0,0.0,2.999999999999997,2.5,2
640.0,3.0,0.4502073697935809,0.0,0.0,0.0,0.0,0.0,28.0,2.0,0.5982695885832573,0.0,0.0,63.77777777777778,0.0,0.0,0.0,0.0,12.0,2036.0,6.0,22,0,0.5648148148148148,269.554570851,293.5,0.0,0.0,1.9999999999999951,1.0,2
718.0,1.0,-1.000088900581841e-12,0.0,0.0,0.0,0.0,0.0,8.0,2.0,0.5623351446168083,0.0,0.0,52.9,0.0,0.0,0.0,0.0,0.0,150.0,0.0,22,0,0.5648148148148148,254.51129640941303,470.0,0.0,0.0,1.9999999999999951,1.0,2
608.0,4.0,0.8000686133835396,0.0,0.0,0.0,0.0,0.0,22.0,2.0,0.4741393130558373,0.0,6.0,44.06896551724138,0.0,0.0,0.0,0.0,8.0,1348.0,4.0,23,0,0.5648148148148148,158.5465231406861,579.5,0.0,0.0,0.0,0.0,2
618.0,1.0,-1.000088900581841e-12,0.0,0.0,0.0,0.0,0.0,0.0,0.0,0.0,0.0,0.0,57.03703703703704,0.0,0.0,0.0,0.0,0.0,0.0,0.0,23,0,0.5648148148148148,49.826365176147256,646.0,0.0,0.0,0.0,0.0,2
182.0,1.0,-1.000088900581841e-12,0.0,0.0,0.0,0.0,0.0,4.0,2.0,0.6931471805579453,0.0,0.0,85.96153846153847,0.0,0.0,0.0,0.0,0.0,0.0,0.0,0,0,0.5648148148148148,238.2344783331472,531.5,0.0,0.0,0.0,0.0,2
336.0,2.0,0.1540761036690294,0.0,0.0,0.0,0.0,0.0,12.0,2.0,0.4505612088643047,0.0,0.0,96.7,0.0,0.0,0.0,0.0,20.0,344.0,12.0,0,0,0.5648148148148148,213.87223600395973,436.0,0.0,0.0,0.0,0.0,2
718.0,1.0,-1.000088900581841e-12,0.0,0.0,0.0,0.0,0.0,4.0,1.0,-1.000088900581841e-12,0.0,0.0,100.0,0.0,0.0,0.0,0.0,0.0,0.0,0.0,1,0,0.5648148148148148,247.74920114233825,463.5,0.0,0.0,0.0,0.0,2
392.0,1.0,-1.000088900581841e-12,0.0,0.0,0.0,0.0,0.0,8.0,3.0,1.039720770836918,0.0,0.0,100.0,0.0,0.0,0.0,0.0,0.0,0.0,0.0,1,0,0.5648148148148148,225.54526522777368,407.0,0.0,0.0,0.0,0.0,2
0.0,0.0,0.0,0.0,0.0,0.0,0.0,0.0,4.0,1.0,-1.000088900581841e-12,0.0,0.0,100.0,0.0,0.0,0.0,0.0,0.0,0.0,0.0,2,0,0.5648148148148148,294.02664278372254,361.5,0.0,0.0,0.0,0.0,2
0.0,0.0,0.0,0.0,0.0,0.0,0.0,0.0,12.0,2.0,0.6365141682928128,0.0,0.0,100.0,0.0,0.0,0.0,0.0,0.0,0.0,0.0,2,0,0.5648148148148148,346.96925896492155,277.5,0.0,0.0,0.0,0.0,2
0.0,0.0,0.0,0.0,0.0,0.0,0.0,0.0,4.0,1.0,-1.000088900581841e-12,0.0,0.0,100.0,0.0,0.0,0.0,0.0,0.0,0.0,0.0,3,0,0.5648148148148148,196.00000000000028,98.0,0.0,0.0,0.0,0.0,2
0.0,0.0,0.0,0.0,0.0,0.0,0.0,0.0,0.0,0.0,0.0,0.0,0.0,100.0,0.0,0.0,0.0,0.0,0.0,0.0,0.0,3,0,0.5648148148148148,0.0,0.0,0.0,0.0,0.0,0.0,2
0.0,0.0,0.0,0.0,0.0,0.0,0.0,0.0,10.0,1.0,-1.000088900581841e-12,0.0,0.0,100.0,0.0,0.0,0.0,0.0,0.0,0.0,0.0,4,0,0.5648148148148148,0.0,0.0,0.0,0.0,0.0,0.0,2
0.0,0.0,0.0,0.0,0.0,0.0,0.0,0.0,4.0,1.0,-1.000088900581841e-12,0.0,0.0,100.0,0.0,0.0,0.0,0.0,0.0,0.0,0.0,4,0,0.5648148148148148,0.0,0.0,0.0,0.0,0.0,0.0,2
0.0,0.0,0.0,0.0,0.0,0.0,0.0,0.0,4.0,1.0,-1.000088900581841e-12,0.0,0.0,100.0,0.0,0.0,0.0,0.0,0.0,0.0,0.0,5,0,0.5648148148148148,0.0,0.0,0.0,0.0,0.0,0.0,2
0.0,0.0,0.0,0.0,0.0,0.0,0.0,0.0,4.0,1.0,-1.000088900581841e-12,0.0,0.0,100.0,0.0,0.0,0.0,0.0,0.0,0.0,0.0,5,0,0.5648148148148148,0.0,0.0,0.0,0.0,0.0,0.0,2
0.0,0.0,0.0,0.0,0.0,0.0,0.0,0.0,4.0,1.0,-1.000088900581841e-12,0.0,0.0,100.0,0.0,0.0,0.0,0.0,0.0,0.0,0.0,6,0,0.5648148148148148,0.0,0.0,0.0,0.0,0.0,0.0,2
0.0,0.0,0.0,0.0,0.0,0.0,0.0,0.0,0.0,0.0,0.0,0.0,0.0,100.0,0.0,0.0,0.0,0.0,0.0,0.0,0.0,6,0,0.5648148148148148,0.0,0.0,0.0,0.0,0.0,0.0,2
66.0,2.0,0.3693331216436527,0.0,0.0,0.0,0.0,0.0,22.0,3.0,1.0361987848162837,0.0,0.0,100.0,0.0,0.0,0.0,0.0,10.0,0.0,0.0,7,0,0.5648148148148148,33.00000000000169,16.5,0.0,0.0,0.0,0.0,2
642.0,2.0,0.0529732832834658,0.0,0.0,0.0,0.0,0.0,32.0,5.0,1.4941751382843085,0.0,0.0,100.0,0.0,0.0,0.0,0.0,10.0,0.0,0.0,7,0,0.5648148148148148,311.5573783430592,177.0,0.0,0.0,0.0,0.0,2
638.0,1.0,-1.000088900581841e-12,0.0,0.0,0.0,0.0,0.0,4.0,1.0,-1.000088900581841e-12,0.0,0.0,100.0,0.0,0.0,0.0,0.0,0.0,0.0,0.0,8,1,0.5648148148148148,351.4896869041823,336.5,0.0,0.0,0.0,0.0,2
140.0,1.0,-1.000088900581841e-12,0.0,0.0,0.0,0.0,0.0,28.0,4.0,1.0285137640208477,0.0,0.0,100.0,0.0,0.0,0.0,0.0,0.0,0.0,0.0,8,1,0.5648148148148148,311.5097644269493,371.5,0.0,0.0,0.0,0.0,2
432.0,4.0,1.160405264815371,0.0,0.0,0.0,0.0,0.0,220.0,9.0,0.9047953626918972,0.0,0.0,99.88,0.0,0.0,0.0,0.0,30.0,612.0,12.0,9,1,0.5648148148148148,236.6122003053381,463.0,0.0,0.0,0.0,0.0,2
720.0,3.0,0.5951215995922853,0.0,0.0,0.0,0.0,0.0,16.0,2.0,0.5623351446168083,0.0,0.0,91.76666666666668,0.0,0.0,0.0,0.0,0.0,124.0,0.0,9,1,0.5648148148148148,258.4846868449531,482.5,0.0,0.0,0.0,0.0,3
712.0,2.0,0.449051083617336,0.0,0.0,0.0,0.0,0.0,26.0,3.0,1.0928305535254883,0.0,0.0,81.86206896551724,0.0,0.0,0.0,0.0,0.0,2428.0,0.0,10,1,0.5648148148148148,275.41725920259023,501.0,0.0,0.0,0.0,0.0,3
718.0,3.0,0.5039575093311676,0.0,0.0,0.0,0.0,0.0,114.0,4.0,0.4898473717427124,0.0,0.0,65.86666666666666,0.0,0.0,0.0,0.0,0.0,936.0,0.0,11,1,0.5648148148148148,3.7859388972144887,717.5,4.9999999999999964,2.5,0.0,0.0,3
686.0,3.0,0.6524927370837996,0.0,0.0,0.0,0.0,0.0,84.0,3.0,0.4451435707813083,0.0,0.0,51.27586206896552,0.0,0.0,0.0,0.0,14.0,3448.0,4.0,12,1,0.5648148148148148,40.14556845614188,689.5,4.9999999999999964,2.5,0.0,0.0,2
370.0,5.0,0.9455260867102744,0.0,0.0,0.0,0.0,0.0,82.0,7.0,1.3729611720299562,0.0,0.0,37.75,0.0,0.0,0.0,0.0,146.0,5108.0,30.0,13,1,0.5648148148148148,141.21732660454043,577.5,0.0,0.0,0.0,0.0,2
462.0,4.0,0.7822355356926094,0.0,0.0,0.0,0.0,0.0,56.0,5.0,1.5124511784614485,0.0,0.0,27.27272727272728,0.0,0.0,0.0,0.0,40.0,6876.0,24.0,14,1,0.5648148148148148,115.5970011145046,458.0,0.0,0.0,0.0,0.0,3
20.0,1.0,-1.000088900581841e-12,0.0,0.0,0.0,0.0,0.0,64.0,2.0,0.5623351446168083,0.0,0.0,24.0,0.0,0.0,0.0,0.0,20.0,30.0,6.0,15,1,0.5648148148148148,234.4980454787064,220.0,0.0,0.0,0.0,0.0,3
662.0,4.0,1.1685144905251597,0.0,0.0,0.0,0.0,0.0,46.0,4.0,0.7529168087785953,0.0,0.0,28.571428571428573,0.0,0.0,0.0,0.0,20.0,4720.0,14.0,16,1,0.5648148148148148,312.8236990169811,272.0,0.0,0.0,0.0,0.0,3
718.0,1.0,-1.000088900581841e-12,0.0,0.0,0.0,0.0,0.0,32.0,4.0,1.320888343145322,0.0,0.0,37.53333333333333,0.0,0.0,0.0,0.0,0.0,160.0,0.0,17,1,0.5648148148148148,155.5409913816937,618.5,0.0,0.0,0.0,0.0,2
718.0,5.0,1.2489328283175216,0.0,0.0,0.0,0.0,0.0,272.0,6.0,0.7382222350997868,0.0,24.0,22.33333333333333,0.0,0.0,0.0,0.0,0.0,988.0,0.0,18,1,0.5648148148148148,25.63201123595471,701.5,0.0,0.0,0.0,0.0,2
486.0,6.0,0.6548045291019753,0.0,0.0,0.0,24.0,0.0,152.0,7.0,1.275050135325705,0.0,24.0,26.83333333333333,0.0,0.0,0.0,0.0,96.0,2528.0,6.0,19,1,0.5648148148148148,100.6247153205088,614.0,0.0,0.0,11.999999999999998,6.0,2
172.0,2.0,0.6467238528674029,0.0,0.0,0.0,0.0,0.0,38.0,3.0,0.9932682101469608,0.0,0.0,20.0,0.0,0.0,0.0,0.0,84.0,996.0,16.0,20,1,0.5648148148148148,178.74003468725218,403.0,0.0,0.0,15.7797338380595,13.5,2
390.0,1.0,-1.000088900581841e-12,0.0,0.0,0.0,0.0,0.0,24.0,5.0,1.3579778549823245,0.0,28.0,25.705882352941178,0.0,0.0,0.0,0.0,56.0,2728.0,0.0,21,0,0.5648148148148148,160.4369034854516,373.0,0.0,0.0,15.0,7.5,2
236.0,4.0,0.6120494889987,0.0,0.0,0.0,0.0,0.0,66.0,6.0,1.7180382034858743,0.0,0.0,77.0625,0.0,0.0,0.0,0.0,140.0,7120.0,38.0,22,0,0.5648148148148148,219.0829371113448,310.0,0.0,0.0,0.0,0.0,2
274.0,2.0,0.5904543620821318,0.0,0.0,0.0,0.0,0.0,44.0,4.0,1.0712835199016295,0.0,0.0,69.8,0.0,0.0,0.0,0.0,124.0,9238.0,34.0,23,0,0.5648148148148148,154.59517025659883,246.5,0.0,0.0,0.0,0.0,2
678.0,6.0,0.7736814696230718,0.0,0.0,0.0,0.0,0.0,154.0,5.0,0.9950372324312546,0.0,0.0,81.34482758620689,0.0,0.0,0.0,0.0,32.0,3836.0,8.0,0,0,0.5648148148148148,208.4866102814921,522.0,0.0,0.0,0.0,0.0,2
718.0,1.0,-1.000088900581841e-12,0.0,0.0,0.0,0.0,0.0,6.0,2.0,0.6365141682928128,0.0,0.0,92.93333333333334,0.0,0.0,0.0,0.0,0.0,0.0,0.0,1,0,0.5648148148148148,19.04380914278399,706.0,0.0,0.0,0.0,0.0,2
0.0,0.0,0.0,0.0,0.0,0.0,0.0,0.0,4.0,1.0,-1.000088900581841e-12,0.0,0.0,100.0,0.0,0.0,0.0,0.0,0.0,0.0,0.0,2,0,0.5648148148148148,410.5358287246885,362.5,0.0,0.0,0.0,0.0,2
0.0,0.0,0.0,0.0,0.0,0.0,0.0,0.0,6.0,1.0,-1.000088900581841e-12,0.0,0.0,100.0,0.0,0.0,0.0,0.0,0.0,0.0,0.0,3,0,0.5648148148148148,7.00000000000739,3.5,0.0,0.0,0.0,0.0,2
0.0,0.0,0.0,0.0,0.0,0.0,0.0,0.0,4.0,1.0,-1.000088900581841e-12,0.0,0.0,100.0,0.0,0.0,0.0,0.0,0.0,0.0,0.0,4,0,0.5648148148148148,0.0,0.0,0.0,0.0,0.0,0.0,2
0.0,0.0,0.0,0.0,0.0,0.0,0.0,0.0,4.0,1.0,-1.000088900581841e-12,0.0,0.0,100.0,0.0,0.0,0.0,0.0,0.0,0.0,0.0,5,0,0.5648148148148148,0.0,0.0,0.0,0.0,0.0,0.0,2
0.0,0.0,0.0,0.0,0.0,0.0,0.0,0.0,10.0,1.0,-1.000088900581841e-12,0.0,0.0,100.0,0.0,0.0,0.0,0.0,0.0,0.0,0.0,6,0,0.5648148148148148,0.0,0.0,0.0,0.0,0.0,0.0,2
260.0,6.0,1.2793792057349636,0.0,0.0,0.0,0.0,0.0,0.0,0.0,0.0,0.0,0.0,84.05882352941177,0.0,0.0,0.0,0.0,44.0,1180.0,28.0,11,1,0.5648148148148148,94.28149341201647,153.5,0.0,0.0,0.0,0.0,2
162.0,4.0,0.614326959106334,0.0,0.0,0.0,0.0,0.0,0.0,0.0,0.0,0.0,0.0,79.61538461538461,0.0,0.0,0.0,0.0,20.0,194.0,12.0,12,1,0.5648148148148148,97.4132092343407,163.0,0.0,0.0,0.0,0.0,2
162.0,6.0,1.5553290055305324,0.0,0.0,0.0,0.0,0.0,0.0,0.0,0.0,0.0,0.0,76.86666666666666,0.0,0.0,0.0,0.0,68.0,542.0,22.0,13,1,0.5648148148148148,69.97142273814435,134.0,0.0,0.0,0.0,0.0,2
46.0,4.0,1.1928702910863025,0.0,0.0,0.0,0.0,0.0,0.0,0.0,0.0,0.0,0.0,74.5,0.0,0.0,0.0,0.0,44.0,176.0,8.0,14,1,0.5648148148148148,77.43169032551707,105.5,0.0,0.0,0.0,0.0,2
656.0,7.0,1.1601162317850358,0.0,0.0,0.0,0.0,0.0,0.0,0.0,0.0,0.0,0.0,69.41379310344827,0.0,0.0,0.0,0.0,24.0,4252.0,6.0,15,1,0.5648148148148148,303.45290683509154,201.5,0.0,0.0,0.0,0.0,1
718.0,4.0,0.7769213134776702,0.0,0.0,0.0,0.0,0.0,0.0,0.0,0.0,0.0,0.0,30.866666666666667,0.0,0.0,0.0,0.0,0.0,3260.0,0.0,17,1,0.5648148148148148,1.0000000000421871,718.5,0.0,0.0,0.0,0.0,2
718.0,4.0,0.2168500519294626,0.0,0.0,0.0,0.0,0.0,0.0,0.0,0.0,0.0,0.0,42.53333333333333,0.0,0.0,0.0,0.0,0.0,1660.0,0.0,18,1,0.5648148148148148,3.464101615149925,717.0,0.0,0.0,0.0,0.0,2
720.0,2.0,0.5004024235361879,0.0,0.0,0.0,0.0,0.0,0.0,0.0,0.0,0.0,0.0,66.96666666666667,0.0,0.0,0.0,0.0,0.0,6214.0,0.0,19,1,0.5648148148148148,3.464101615149925,717.0,0.0,0.0,0.0,0.0,3
634.0,2.0,0.6549987150840595,0.0,0.0,0.0,0.0,0.0,0.0,0.0,0.0,0.0,0.0,76.39285714285714,0.0,0.0,0.0,0.0,36.0,4786.0,6.0,20,1,0.5648148148148148,65.91661399070861,664.5,0.0,0.0,0.0,0.0,2
344.0,5.0,1.0711869642059906,0.0,0.0,0.0,0.0,0.0,0.0,0.0,0.0,0.0,0.0,65.66666666666667,0.0,0.0,0.0,0.0,48.0,1704.0,16.0,21,0,0.5648148148148148,133.17031701296435,541.5,0.0,0.0,0.0,0.0,3
636.0,1.0,-1.000088900581841e-12,0.0,0.0,0.0,0.0,0.0,0.0,0.0,0.0,0.0,0.0,54.5,0.0,0.0,0.0,0.0,0.0,76.0,0.0,22,0,0.5648148148148148,162.10593244336687,575.5,0.0,0.0,0.0,0.0,2
718.0,1.0,-1.000088900581841e-12,0.0,0.0,0.0,0.0,0.0,0.0,0.0,0.0,0.0,0.0,43.16666666666666,0.0,0.0,0.0,0.0,0.0,1336.0,0.0,23,0,0.5648148148148148,215.2541133946885,585.5,0.0,0.0,0.0,0.0,2
556.0,1.0,-1.000088900581841e-12,0.0,0.0,0.0,0.0,0.0,0.0,0.0,0.0,0.0,20.0,39.26923076923077,0.0,0.0,0.0,0.0,0.0,174.0,0.0,0,0,0.5648148148148148,197.7902929872952,547.5,0.0,0.0,0.0,0.0,2
0.0,0.0,0.0,0.0,0.0,0.0,0.0,0.0,0.0,0.0,0.0,0.0,0.0,94.53333333333332,0.0,0.0,0.0,0.0,0.0,0.0,0.0,1,0,0.5648148148148148,318.5147824931627,331.5,0.0,0.0,0.0,0.0,2
0.0,0.0,0.0,0.0,0.0,0.0,0.0,0.0,0.0,0.0,0.0,0.0,0.0,100.0,0.0,0.0,0.0,0.0,0.0,0.0,0.0,2,0,0.5648148148148148,61.00000000000061,30.5,0.0,0.0,0.0,0.0,2
0.0,0.0,0.0,0.0,0.0,0.0,0.0,0.0,0.0,0.0,0.0,0.0,0.0,100.0,0.0,0.0,0.0,0.0,0.0,0.0,0.0,3,0,0.5648148148148148,0.0,0.0,0.0,0.0,0.0,0.0,2
0.0,0.0,0.0,0.0,0.0,0.0,0.0,0.0,0.0,0.0,0.0,0.0,0.0,100.0,0.0,0.0,0.0,0.0,0.0,0.0,0.0,4,0,0.5648148148148148,0.0,0.0,0.0,0.0,0.0,0.0,2
0.0,0.0,0.0,0.0,0.0,0.0,0.0,0.0,0.0,0.0,0.0,0.0,0.0,100.0,0.0,0.0,0.0,0.0,0.0,0.0,0.0,5,0,0.5648148148148148,0.0,0.0,0.0,0.0,0.0,0.0,2
0.0,0.0,0.0,0.0,0.0,0.0,0.0,0.0,0.0,0.0,0.0,0.0,0.0,100.0,0.0,0.0,0.0,0.0,0.0,0.0,0.0,6,0,0.5648148148148148,0.0,0.0,0.0,0.0,0.0,0.0,2
292.0,2.0,0.1001640258626989,0.0,0.0,0.0,0.0,0.0,0.0,0.0,0.0,0.0,0.0,100.0,0.0,0.0,0.0,0.0,20.0,0.0,0.0,7,0,0.5648148148148148,146.00000000000026,73.0,0.0,0.0,0.0,0.0,2
12.0,1.0,-1.000088900581841e-12,0.0,0.0,0.0,0.0,0.0,0.0,0.0,0.0,0.0,0.0,100.0,0.0,0.0,0.0,0.0,0.0,0.0,0.0,8,1,0.5648148148148148,137.9226836552521,87.0,0.0,0.0,0.0,0.0,2
0.0,0.0,0.0,0.0,0.0,0.0,0.0,0.0,0.0,0.0,0.0,0.0,0.0,100.0,0.0,0.0,0.0,0.0,0.0,0.0,0.0,9,1,0.5648148148148148,19.07004632051898,16.5,0.0,0.0,0.0,0.0,2
712.0,2.0,0.2001661119865717,0.0,0.0,0.0,0.0,0.0,0.0,0.0,0.0,0.0,0.0,96.5,0.0,0.0,0.0,0.0,0.0,2978.0,0.0,10,1,0.5648148148148148,334.29478009684817,253.5,0.0,0.0,0.0,0.0,3
720.0,2.0,0.019124205150122,0.0,0.0,0.0,0.0,0.0,0.0,0.0,0.0,0.0,0.0,83.7,0.0,0.0,0.0,0.0,0.0,968.0,0.0,11,1,0.5648148148148148,212.3605424743497,610.5,0.0,0.0,0.0,0.0,2
184.0,3.0,0.4945431532916899,0.0,0.0,0.0,0.0,0.0,0.0,0.0,0.0,0.0,0.0,71.18181818181819,0.0,0.0,0.0,0.0,0.0,354.0,0.0,12,1,0.5648148148148148,267.33499583855473,585.0,0.0,0.0,0.0,0.0,3
344.0,11.0,1.7040859857000556,0.0,0.0,0.0,0.0,0.0,0.0,0.0,0.0,0.0,0.0,64.66666666666667,0.0,0.0,0.0,0.0,214.0,6722.0,64.0,13,1,0.5648148148148148,228.1782928618176,393.0,0.0,0.0,0.0,0.0,2
694.0,10.0,1.6206644823160037,0.0,0.0,0.0,0.0,0.0,0.0,0.0,0.0,0.0,0.0,50.86206896551724,0.0,0.0,0.0,0.0,28.0,7604.0,16.0,14,1,0.5648148148148148,170.11662666143704,462.5,0.0,0.0,0.0,0.0,2
718.0,1.0,-1.000088900581841e-12,0.0,0.0,0.0,0.0,0.0,0.0,0.0,0.0,0.0,0.0,35.766666666666666,0.0,0.0,0.0,0.0,0.0,974.0,0.0,15,1,0.5648148148148148,104.71548755238364,638.0,0.0,0.0,0.0,0.0,2
124.0,2.0,0.5533006705768673,0.0,0.0,0.0,0.0,0.0,0.0,0.0,0.0,0.0,30.0,19.2,0.0,0.0,0.0,0.0,0.0,7550.0,0.0,16,1,0.5648148148148148,266.28994223089506,495.5,0.0,0.0,0.0,0.0,2
720.0,5.0,0.3090157436286084,0.0,0.0,0.0,0.0,0.0,0.0,0.0,0.0,0.0,0.0,34.56666666666667,0.0,0.0,0.0,0.0,0.0,6782.0,0.0,17,1,0.5648148148148148,281.0219445761014,512.0,0.0,0.0,0.0,0.0,2
638.0,1.0,-1.000088900581841e-12,0.0,0.0,0.0,0.0,0.0,0.0,0.0,0.0,0.0,0.0,58.96153846153846,0.0,0.0,0.0,0.0,30.0,932.0,8.0,18,1,0.5648148148148148,40.34435111222822,698.5,0.0,0.0,0.0,0.0,2
648.0,2.0,0.6276116833575445,0.0,0.0,0.0,0.0,0.0,0.0,0.0,0.0,0.0,0.0,83.24137931034483,0.0,0.0,0.0,0.0,30.0,3466.0,8.0,19,1,0.5648148148148148,43.49329450233392,680.5,0.0,0.0,0.0,0.0,2
268.0,3.0,0.7256343813841353,0.0,0.0,0.0,0.0,0.0,0.0,0.0,0.0,0.0,0.0,94.25,0.0,0.0,0.0,0.0,90.0,1186.0,6.0,20,1,0.5648148148148148,208.64643139371788,578.0,0.0,0.0,0.0,0.0,2
286.0,4.0,1.1176864161234257,0.0,0.0,0.0,0.0,0.0,0.0,0.0,0.0,0.0,0.0,85.46153846153847,0.0,0.0,0.0,0.0,60.0,4830.0,18.0,21,0,0.5648148148148148,189.29342302362247,414.0,0.0,0.0,0.0,0.0,2
458.0,3.0,1.0215234774872082,0.0,0.0,0.0,0.0,0.0,0.0,0.0,0.0,0.0,0.0,99.11111111111111,0.0,0.0,0.0,0.0,0.0,3126.0,0.0,8,1,0.5648148148148148,207.4568228170224,292.5,0.0,0.0,0.0,0.0,2
684.0,4.0,0.6918672994801972,0.0,0.0,0.0,0.0,0.0,0.0,0.0,0.0,0.0,0.0,87.46428571428571,0.0,0.0,0.0,0.0,12.0,1008.0,6.0,9,1,0.5648148148148148,307.3472520347846,440.5,0.0,0.0,0.0,0.0,3
620.0,5.0,0.8047678428036146,0.0,0.0,0.0,0.0,0.0,0.0,0.0,0.0,0.0,0.0,74.53846153846153,0.0,0.0,0.0,0.0,12.0,878.0,4.0,10,1,0.5648148148148148,47.79121258139497,659.0,0.0,0.0,0.0,0.0,2
84.0,3.0,0.788869221535804,0.0,0.0,0.0,0.0,0.0,0.0,0.0,0.0,0.0,0.0,66.55555555555556,0.0,0.0,0.0,0.0,32.0,642.0,18.0,11,1,0.5648148148148148,292.77067248388585,426.0,2.999999999999994,1.5,0.0,0.0,2
26.0,3.0,0.5359610497060694,0.0,0.0,0.0,0.0,0.0,0.0,0.0,0.0,0.0,0.0,65.0,0.0,0.0,0.0,0.0,8.0,114.0,4.0,12,1,0.5648148148148148,124.71834935833115,104.0,2.999999999999994,1.5,0.0,0.0,3
418.0,1.0,-1.000088900581841e-12,0.0,0.0,0.0,0.0,0.0,0.0,0.0,0.0,0.0,0.0,42.0,0.0,0.0,0.0,0.0,24.0,462.0,4.0,15,1,0.5648148148148148,67.94850991743735,326.5,0.0,0.0,0.0,0.0,3
22.0,1.0,-1.000088900581841e-12,0.0,0.0,0.0,0.0,0.0,0.0,0.0,0.0,0.0,0.0,32.833333333333336,0.0,0.0,0.0,0.0,12.0,142.0,4.0,16,1,0.5648148148148148,182.152866204918,290.5,3.999999999999995,2.0,0.0,0.0,2
342.0,2.0,0.6142929772813253,0.0,0.0,0.0,0.0,0.0,0.0,0.0,0.0,0.0,0.0,25.428571428571427,0.0,0.0,0.0,0.0,144.0,2670.0,46.0,17,1,0.5648148148148148,182.6763987675112,208.0,3.999999999999995,2.0,0.0,0.0,2
716.0,1.0,-1.000088900581841e-12,0.0,0.0,0.0,0.0,0.0,0.0,0.0,0.0,0.0,0.0,31.166666666666668,0.0,0.0,0.0,0.0,0.0,242.0,0.0,18,1,0.5648148148148148,303.39852779251703,458.0,0.0,0.0,0.0,0.0,2
198.0,6.0,0.5610834689402106,0.0,0.0,0.0,8.0,0.0,0.0,0.0,0.0,0.0,0.0,50.241379310344826,0.0,0.0,0.0,0.0,0.0,6248.0,0.0,19,1,0.5648148148148148,349.0673287490539,408.0,0.0,0.0,4.618802153517006,4.0,2
718.0,1.0,-1.000088900581841e-12,0.0,0.0,0.0,0.0,0.0,0.0,0.0,0.0,0.0,0.0,45.333333333333336,0.0,0.0,0.0,0.0,0.0,1428.0,0.0,20,1,0.5648148148148148,356.85104268681454,415.0,4.9999999999999964,2.5,4.618802153517006,4.0,2
88.0,3.0,0.2164140891902277,0.0,0.0,0.0,0.0,0.0,0.0,0.0,0.0,0.0,0.0,37.55555555555556,0.0,0.0,0.0,0.0,72.0,992.0,20.0,21,0,0.5648148148148148,364.3089348341598,402.5,4.9999999999999964,2.5,0.0,0.0,2
0.0,0.0,0.0,0.0,0.0,0.0,0.0,0.0,0.0,0.0,0.0,0.0,0.0,32.0,0.0,0.0,0.0,0.0,0.0,0.0,0.0,22,0,0.5648148148148148,94.3804358257935,100.5,0.0,0.0,0.0,0.0,2
712.0,4.0,0.7916600173736373,0.0,8.0,0.0,0.0,0.0,0.0,0.0,0.0,0.0,4.0,17.633333333333333,0.0,0.0,0.0,0.0,0.0,3050.0,0.0,23,0,0.5648148148148148,316.0184593764528,367.5,3.999999999999995,2.0,0.0,0.0,3
716.0,4.0,0.4198209921718356,0.0,0.0,0.0,0.0,0.0,0.0,0.0,0.0,0.0,0.0,29.933333333333334,0.0,0.0,0.0,0.0,0.0,1906.0,0.0,0,0,0.5648148148148148,92.70023372858007,669.0,4.618802153517002,4.0,0.0,0.0,2
120.0,1.0,-1.000088900581841e-12,0.0,0.0,0.0,0.0,0.0,0.0,0.0,0.0,0.0,0.0,61.81818181818182,0.0,0.0,0.0,0.0,0.0,0.0,0.0,1,0,0.5648148148148148,286.5635473445056,545.0,3.999999999999996,2.0,0.0,0.0,2
0.0,0.0,0.0,0.0,0.0,0.0,0.0,0.0,0.0,0.0,0.0,0.0,0.0,99.06666666666666,0.0,0.0,0.0,0.0,0.0,0.0,0.0,2,0,0.5648148148148148,328.72835796951466,341.5,0.0,0.0,0.0,0.0,2
0.0,0.0,0.0,0.0,0.0,0.0,0.0,0.0,0.0,0.0,0.0,0.0,0.0,100.0,0.0,0.0,0.0,0.0,0.0,0.0,0.0,3,0,0.5648148148148148,310.00000000000006,155.0,0.0,0.0,0.0,0.0,2
0.0,0.0,0.0,0.0,0.0,0.0,0.0,0.0,0.0,0.0,0.0,0.0,0.0,100.0,0.0,0.0,0.0,0.0,0.0,0.0,0.0,4,0,0.5648148148148148,0.0,0.0,0.0,0.0,0.0,0.0,2
0.0,0.0,0.0,0.0,0.0,0.0,0.0,0.0,0.0,0.0,0.0,0.0,0.0,100.0,0.0,0.0,0.0,0.0,0.0,0.0,0.0,5,0,0.5648148148148148,0.0,0.0,0.0,0.0,0.0,0.0,2
0.0,0.0,0.0,0.0,0.0,0.0,0.0,0.0,0.0,0.0,0.0,0.0,0.0,100.0,0.0,0.0,0.0,0.0,0.0,0.0,0.0,6,0,0.5648148148148148,0.0,0.0,0.0,0.0,0.0,0.0,2
172.0,2.0,0.1881129274125738,0.0,0.0,0.0,0.0,0.0,0.0,0.0,0.0,0.0,0.0,100.0,0.0,0.0,0.0,0.0,8.0,0.0,0.0,7,0,0.5648148148148148,86.00000000000023,43.0,0.0,0.0,0.0,0.0,2
22.0,3.0,1.0670895187790832,0.0,0.0,0.0,0.0,0.0,0.0,0.0,0.0,0.0,0.0,100.0,0.0,0.0,0.0,0.0,8.0,0.0,4.0,8,1,0.5648148148148148,77.26146085425367,59.0,0.0,0.0,0.0,0.0,2
644.0,4.0,1.0569657267283907,0.0,0.0,0.0,0.0,0.0,0.0,0.0,0.0,0.0,0.0,95.65517241379312,0.0,0.0,0.0,0.0,24.0,864.0,14.0,9,1,0.5648148148148148,311.42842944514024,294.5,0.0,0.0,0.0,0.0,2
718.0,3.0,0.3408935778829711,0.0,0.0,0.0,0.0,0.0,0.0,0.0,0.0,0.0,0.0,84.33333333333333,0.0,0.0,0.0,0.0,0.0,480.0,0.0,10,1,0.5648148148148148,111.62437009900678,631.0,4.9999999999999964,2.5,0.0,0.0,2
718.0,3.0,0.230122482052657,0.0,0.0,0.0,0.0,0.0,0.0,0.0,0.0,0.0,0.0,71.03333333333333,0.0,0.0,0.0,0.0,0.0,1100.0,0.0,11,1,0.5648148148148148,31.17691453624042,695.0,4.9999999999999964,2.5,0.0,0.0,2
442.0,2.0,0.090547755077928,0.0,0.0,0.0,0.0,0.0,0.0,0.0,0.0,0.0,0.0,55.8,0.0,0.0,0.0,0.0,0.0,2938.0,0.0,12,1,0.5648148148148148,131.19451208034593,633.0,0.0,0.0,0.0,0.0,2
42.0,1.0,-1.000088900581841e-12,0.0,0.0,0.0,0.0,0.0,0.0,0.0,0.0,0.0,0.0,44.57142857142857,0.0,0.0,0.0,0.0,14.0,714.0,4.0,13,1,0.5648148148148148,305.20375707604484,464.0,0.0,0.0,0.0,0.0,2
12.0,1.0,-1.000088900581841e-12,0.0,0.0,0.0,0.0,0.0,0.0,0.0,0.0,0.0,0.0,39.66666666666666,0.0,0.0,0.0,0.0,0.0,0.0,0.0,14,1,0.5648148148148148,298.55206134497445,212.0,0.0,0.0,0.0,0.0,2
460.0,4.0,0.125390494301809,0.0,0.0,0.0,0.0,0.0,0.0,0.0,0.0,0.0,0.0,31.08695652173913,0.0,0.0,0.0,0.0,102.0,1000.0,16.0,15,1,0.5648148148148148,191.1744404115433,221.5,0.0,0.0,0.0,0.0,2
718.0,4.0,0.6868204801498681,0.0,0.0,0.0,0.0,0.0,0.0,0.0,0.0,0.0,0.0,27.633333333333333,0.0,0.0,0.0,0.0,0.0,4338.0,0.0,16,1,0.5648148148148148,214.5778801896102,539.5,0.0,0.0,0.0,0.0,3
408.0,4.0,0.5146796858083028,0.0,0.0,0.0,0.0,0.0,0.0,0.0,0.0,0.0,0.0,49.0,0.0,0.0,0.0,0.0,0.0,2408.0,0.0,17,1,0.5648148148148148,153.40577998671813,638.0,0.0,0.0,0.0,0.0,2
714.0,2.0,0.019261439527435,0.0,0.0,0.0,0.0,0.0,0.0,0.0,0.0,0.0,0.0,45.5,0.0,0.0,0.0,0.0,16.0,986.0,14.0,18,1,0.5648148148148148,185.01891795165173,556.0,0.0,0.0,0.0,0.0,2
502.0,6.0,1.1441827647868483,0.0,0.0,0.0,0.0,0.0,0.0,0.0,0.0,0.0,0.0,44.57692307692308,0.0,0.0,0.0,0.0,96.0,4198.0,14.0,19,1,0.5648148148148148,164.82212634635366,579.5,0.0,0.0,0.0,0.0,2
406.0,3.0,0.4126832481789876,0.0,0.0,0.0,0.0,0.0,0.0,0.0,0.0,0.0,0.0,36.45,0.0,0.0,0.0,0.0,80.0,2608.0,16.0,20,1,0.5648148148148148,148.54292308959063,577.5,0.0,0.0,0.0,0.0,2
432.0,8.0,1.3798938383277783,0.0,0.0,0.0,0.0,0.0,0.0,0.0,0.0,0.0,32.0,27.38095238095238,0.0,0.0,0.0,0.0,224.0,5488.0,36.0,21,0,0.5648148148148148,227.3580143005008,412.5,0.0,0.0,0.0,0.0,2
0.0,0.0,0.0,0.0,0.0,0.0,0.0,0.0,0.0,0.0,0.0,0.0,0.0,99.26666666666668,0.0,0.0,0.0,0.0,0.0,0.0,0.0,2,0,0.5648148148148148,338.52769458347126,242.5,0.0,0.0,0.0,0.0,2
0.0,0.0,0.0,0.0,0.0,0.0,0.0,0.0,0.0,0.0,0.0,0.0,0.0,100.0,0.0,0.0,0.0,0.0,0.0,0.0,0.0,3,0,0.5648148148148148,0.0,0.0,0.0,0.0,0.0,0.0,2
0.0,0.0,0.0,0.0,0.0,0.0,0.0,0.0,0.0,0.0,0.0,0.0,0.0,100.0,0.0,0.0,0.0,0.0,0.0,0.0,0.0,4,0,0.5648148148148148,0.0,0.0,0.0,0.0,0.0,0.0,2
0.0,0.0,0.0,0.0,0.0,0.0,0.0,0.0,0.0,0.0,0.0,0.0,0.0,100.0,0.0,0.0,0.0,0.0,0.0,0.0,0.0,5,0,0.5648148148148148,0.0,0.0,0.0,0.0,0.0,0.0,2
0.0,0.0,0.0,0.0,0.0,0.0,0.0,0.0,0.0,0.0,0.0,0.0,0.0,100.0,0.0,0.0,0.0,0.0,0.0,0.0,0.0,6,0,0.5648148148148148,0.0,0.0,0.0,0.0,0.0,0.0,2
0.0,0.0,0.0,0.0,0.0,0.0,0.0,0.0,0.0,0.0,0.0,0.0,0.0,100.0,0.0,0.0,0.0,0.0,0.0,0.0,0.0,7,0,0.5648148148148148,0.0,0.0,0.0,0.0,0.0,0.0,2
0.0,0.0,0.0,0.0,0.0,0.0,0.0,0.0,0.0,0.0,0.0,0.0,0.0,100.0,0.0,0.0,0.0,0.0,0.0,0.0,0.0,8,1,0.5648148148148148,0.0,0.0,0.0,0.0,0.0,0.0,2
628.0,1.0,-1.000088900581841e-12,0.0,0.0,0.0,0.0,0.0,0.0,0.0,0.0,0.0,0.0,100.0,0.0,0.0,0.0,0.0,0.0,0.0,0.0,9,1,0.5648148148148148,347.1637461871079,300.0,0.0,0.0,0.0,0.0,2
718.0,2.0,0.0344701086632955,0.0,0.0,0.0,0.0,0.0,0.0,0.0,0.0,0.0,0.0,98.63333333333334,0.0,0.0,0.0,0.0,0.0,2124.0,0.0,10,1,0.5648148148148148,282.1506689696128,501.5,0.0,0.0,0.0,0.0,2
26.0,1.0,-1.000088900581841e-12,0.0,0.0,0.0,0.0,0.0,0.0,0.0,0.0,0.0,0.0,84.9,0.0,0.0,0.0,0.0,0.0,1568.0,0.0,11,1,0.5648148148148148,383.04394874043726,388.0,0.0,0.0,0.0,0.0,2
720.0,3.0,0.563482765325014,0.0,0.0,0.0,0.0,0.0,0.0,0.0,0.0,0.0,0.0,69.53333333333333,0.0,0.0,0.0,0.0,0.0,6326.0,0.0,12,1,0.5648148148148148,327.87141788613826,499.5,0.0,0.0,0.0,0.0,2
290.0,6.0,0.97814226129867,0.0,0.0,0.0,0.0,0.0,0.0,0.0,0.0,0.0,0.0,55.625,0.0,0.0,0.0,0.0,96.0,5242.0,28.0,13,1,0.5648148148148148,203.42730069159032,565.0,0.0,0.0,0.0,0.0,2
234.0,4.0,0.7722610096400564,0.0,0.0,0.0,0.0,0.0,0.0,0.0,0.0,0.0,0.0,48.8125,0.0,0.0,0.0,0.0,168.0,3056.0,74.0,14,1,0.5648148148148148,234.1594898069833,369.0,0.0,0.0,0.0,0.0,2
162.0,2.0,0.3223618517411641,0.0,0.0,0.0,0.0,0.0,0.0,0.0,0.0,0.0,0.0,42.333333333333336,0.0,0.0,0.0,0.0,56.0,1840.0,28.0,15,1,0.5648148148148148,59.607046563305296,234.5,0.0,0.0,0.0,0.0,2
428.0,3.0,0.3704108716690253,0.0,0.0,0.0,0.0,0.0,0.0,0.0,0.0,0.0,0.0,33.0,0.0,0.0,0.0,0.0,160.0,2032.0,54.0,16,1,0.5648148148148148,113.56642696384075,283.0,0.0,0.0,0.0,0.0,2
626.0,4.0,0.554258937776915,0.0,0.0,0.0,0.0,0.0,0.0,0.0,0.0,0.0,38.0,16.666666666666668,0.0,0.0,0.0,0.0,224.0,11090.0,44.0,17,1,0.5648148148148148,215.50792715505085,501.5,0.0,0.0,0.0,0.0,2
720.0,1.0,-1.000088900581841e-12,0.0,0.0,0.0,0.0,0.0,0.0,0.0,0.0,0.0,0.0,34.766666666666666,0.0,0.0,0.0,0.0,0.0,1138.0,0.0,18,1,0.5648148148148148,46.342924666735314,695.5,0.0,0.0,0.0,0.0,2
714.0,1.0,-1.000088900581841e-12,0.0,0.0,0.0,0.0,0.0,0.0,0.0,0.0,0.0,0.0,40.36666666666667,0.0,0.0,0.0,0.0,38.0,1196.0,8.0,19,1,0.5648148148148148,100.69756700139304,667.0,0.0,0.0,0.0,0.0,2
720.0,5.0,0.6376556795555473,0.0,0.0,0.0,0.0,0.0,0.0,0.0,0.0,0.0,0.0,44.66666666666666,0.0,0.0,0.0,0.0,0.0,12790.0,0.0,20,1,0.5648148148148148,100.69756700139304,667.0,0.0,0.0,0.0,0.0,2
146.0,5.0,1.2213609993583168,0.0,0.0,0.0,0.0,0.0,0.0,0.0,0.0,0.0,0.0,51.0,0.0,0.0,0.0,0.0,312.0,4588.0,58.0,21,0,0.5648148148148148,278.3013953731937,561.5,0.0,0.0,0.0,0.0,3
278.0,1.0,-1.000088900581841e-12,0.0,0.0,0.0,0.0,0.0,0.0,0.0,0.0,0.0,0.0,42.142857142857146,0.0,0.0,0.0,0.0,42.0,6066.0,26.0,22,0,0.5648148148148148,245.40782383616065,306.5,0.0,0.0,0.0,0.0,2
624.0,1.0,-1.000088900581841e-12,0.0,0.0,0.0,0.0,0.0,0.0,0.0,0.0,0.0,0.0,31.566666666666663,0.0,0.0,0.0,0.0,0.0,4156.0,0.0,0,0,0.5648148148148148,122.62000924264647,570.5,0.0,0.0,0.0,0.0,2
0.0,0.0,0.0,0.0,0.0,0.0,0.0,0.0,0.0,0.0,0.0,0.0,0.0,66.4375,0.0,0.0,0.0,0.0,0.0,0.0,0.0,1,0,0.5648148148148148,389.2980863040557,335.5,0.0,0.0,0.0,0.0,2
0.0,0.0,0.0,0.0,0.0,0.0,0.0,0.0,0.0,0.0,0.0,0.0,0.0,99.13333333333334,0.0,0.0,0.0,0.0,0.0,0.0,0.0,2,0,0.5648148148148148,0.0,0.0,0.0,0.0,0.0,0.0,2
0.0,0.0,0.0,0.0,0.0,0.0,0.0,0.0,0.0,0.0,0.0,0.0,0.0,100.0,0.0,0.0,0.0,0.0,0.0,0.0,0.0,3,0,0.5648148148148148,0.0,0.0,0.0,0.0,0.0,0.0,2
0.0,0.0,0.0,0.0,0.0,0.0,0.0,0.0,0.0,0.0,0.0,0.0,0.0,100.0,0.0,0.0,0.0,0.0,0.0,0.0,0.0,4,0,0.5648148148148148,0.0,0.0,0.0,0.0,0.0,0.0,2
0.0,0.0,0.0,0.0,0.0,0.0,0.0,0.0,0.0,0.0,0.0,0.0,0.0,100.0,0.0,0.0,0.0,0.0,0.0,0.0,0.0,5,0,0.5648148148148148,0.0,0.0,0.0,0.0,0.0,0.0,2
0.0,0.0,0.0,0.0,0.0,0.0,0.0,0.0,0.0,0.0,0.0,0.0,0.0,100.0,0.0,0.0,0.0,0.0,0.0,0.0,0.0,6,0,0.5648148148148148,0.0,0.0,0.0,0.0,0.0,0.0,2
0.0,0.0,0.0,0.0,0.0,0.0,0.0,0.0,0.0,0.0,0.0,0.0,0.0,100.0,0.0,0.0,0.0,0.0,0.0,0.0,0.0,7,0,0.5648148148148148,0.0,0.0,0.0,0.0,0.0,0.0,2
0.0,0.0,0.0,0.0,0.0,0.0,0.0,0.0,0.0,0.0,0.0,0.0,0.0,100.0,0.0,0.0,0.0,0.0,0.0,0.0,0.0,8,1,0.5648148148148148,0.0,0.0,0.0,0.0,0.0,0.0,2
12.0,1.0,-1.000088900581841e-12,0.0,0.0,0.0,0.0,0.0,0.0,0.0,0.0,0.0,0.0,100.0,0.0,0.0,0.0,0.0,0.0,0.0,0.0,9,1,0.5648148148148148,91.1756546453056,49.5,0.0,0.0,0.0,0.0,2
12.0,1.0,-1.000088900581841e-12,0.0,0.0,0.0,0.0,0.0,0.0,0.0,0.0,0.0,0.0,100.0,0.0,0.0,0.0,0.0,0.0,0.0,0.0,10,1,0.5648148148148148,86.04649905719604,57.0,0.0,0.0,0.0,0.0,2
716.0,3.0,0.0926967758594303,0.0,0.0,0.0,0.0,0.0,0.0,0.0,0.0,0.0,0.0,90.72413793103448,0.0,0.0,0.0,0.0,0.0,4818.0,0.0,11,1,0.5648148148148148,367.8890231215568,329.5,0.0,0.0,0.0,0.0,3
718.0,2.0,0.5862008307677858,0.0,0.0,0.0,0.0,0.0,0.0,0.0,0.0,0.0,0.0,76.16666666666667,0.0,0.0,0.0,0.0,0.0,10246.0,0.0,12,1,0.5648148148148148,73.0182625557928,681.5,0.0,0.0,0.0,0.0,2
622.0,6.0,0.4130070618783988,0.0,0.0,0.0,0.0,0.0,0.0,0.0,0.0,0.0,0.0,63.23076923076923,0.0,0.0,0.0,0.0,168.0,17976.0,42.0,13,1,0.5648148148148148,47.45524207081895,693.0,0.0,0.0,0.0,0.0,3
186.0,5.0,0.8446625542778687,0.0,0.0,0.0,0.0,0.0,0.0,0.0,0.0,0.0,0.0,53.25,0.0,0.0,0.0,0.0,288.0,3872.0,50.0,14,1,0.5648148148148148,277.2940677331559,429.0,0.0,0.0,0.0,0.0,2
720.0,5.0,0.8240828261945208,0.0,0.0,0.0,0.0,0.0,0.0,0.0,0.0,0.0,0.0,39.73333333333333,0.0,0.0,0.0,0.0,0.0,26714.0,0.0,15,1,0.5648148148148148,273.1275648239604,423.0,0.0,0.0,0.0,0.0,2
720.0,4.0,0.7541786130203149,0.0,0.0,0.0,0.0,0.0,0.0,0.0,0.0,0.0,0.0,21.8,0.0,0.0,0.0,0.0,0.0,21776.0,0.0,16,1,0.5648148148148148,64.36096125240323,686.5,0.0,0.0,0.0,0.0,2
638.0,3.0,0.0592323759649665,0.0,0.0,0.0,0.0,0.0,0.0,0.0,0.0,0.0,0.0,34.5,0.0,0.0,0.0,0.0,60.0,1700.0,14.0,17,1,0.5648148148148148,123.57319018837924,632.5,0.0,0.0,0.0,0.0,2
612.0,4.0,1.0640321558472865,0.0,0.0,0.0,0.0,0.0,0.0,0.0,0.0,0.0,0.0,49.85714285714285,0.0,0.0,0.0,0.0,120.0,5574.0,44.0,18,1,0.5648148148148148,93.2737905308882,545.0,0.0,0.0,0.0,0.0,3
352.0,2.0,0.5967756396538022,0.0,0.0,0.0,0.0,0.0,0.0,0.0,0.0,0.0,0.0,37.77777777777778,0.0,0.0,0.0,0.0,60.0,8384.0,12.0,19,1,0.5648148148148148,159.75397751960153,539.0,0.0,0.0,0.0,0.0,3
718.0,3.0,0.1151961058114457,0.0,8.0,0.0,0.0,0.0,0.0,0.0,0.0,0.0,0.0,35.06666666666667,0.0,0.0,0.0,0.0,0.0,7724.0,0.0,20,1,0.5648148148148148,172.82360949823962,601.0,3.999999999999995,2.0,0.0,0.0,3
310.0,3.0,0.1812626062837052,0.0,0.0,0.0,0.0,0.0,0.0,0.0,0.0,0.0,0.0,42.25,0.0,0.0,0.0,0.0,60.0,1690.0,12.0,21,0,0.5648148148148148,195.33560863293724,503.0,3.999999999999995,2.0,0.0,0.0,2
432.0,7.0,1.5743181315156312,0.0,0.0,0.0,0.0,0.0,0.0,0.0,0.0,0.0,0.0,31.05,0.0,0.0,0.0,0.0,128.0,21394.0,32.0,22,0,0.5648148148148148,95.0981948654478,329.5,0.0,0.0,0.0,0.0,2
676.0,1.0,-1.000088900581841e-12,0.0,0.0,0.0,0.0,0.0,0.0,0.0,0.0,0.0,0.0,53.71428571428572,0.0,0.0,0.0,0.0,0.0,0.0,0.0,23,0,0.5648148148148148,191.7593978574888,446.5,0.0,0.0,0.0,0.0,2
0.0,0.0,0.0,0.0,0.0,0.0,0.0,0.0,0.0,0.0,0.0,0.0,0.0,96.8,0.0,0.0,0.0,0.0,0.0,0.0,0.0,0,0,0.5648148148148148,285.8595226097369,402.5,0.0,0.0,0.0,0.0,2
0.0,0.0,0.0,0.0,0.0,0.0,0.0,0.0,0.0,0.0,0.0,0.0,0.0,100.0,0.0,0.0,0.0,0.0,0.0,0.0,0.0,1,0,0.5648148148148148,232.00000000000009,116.0,0.0,0.0,0.0,0.0,2
0.0,0.0,0.0,0.0,0.0,0.0,0.0,0.0,0.0,0.0,0.0,0.0,0.0,100.0,0.0,0.0,0.0,0.0,0.0,0.0,0.0,2,0,0.5648148148148148,0.0,0.0,0.0,0.0,0.0,0.0,2
0.0,0.0,0.0,0.0,0.0,0.0,0.0,0.0,0.0,0.0,0.0,0.0,0.0,100.0,0.0,0.0,0.0,0.0,0.0,0.0,0.0,3,0,0.5648148148148148,0.0,0.0,0.0,0.0,0.0,0.0,2
0.0,0.0,0.0,0.0,0.0,0.0,0.0,0.0,0.0,0.0,0.0,0.0,0.0,100.0,0.0,0.0,0.0,0.0,0.0,0.0,0.0,4,0,0.5648148148148148,0.0,0.0,0.0,0.0,0.0,0.0,2
0.0,0.0,0.0,0.0,0.0,0.0,0.0,0.0,0.0,0.0,0.0,0.0,0.0,100.0,0.0,0.0,0.0,0.0,0.0,0.0,0.0,5,0,0.5648148148148148,0.0,0.0,0.0,0.0,0.0,0.0,2
0.0,0.0,0.0,0.0,0.0,0.0,0.0,0.0,0.0,0.0,0.0,0.0,0.0,100.0,0.0,0.0,0.0,0.0,0.0,0.0,0.0,6,0,0.5648148148148148,0.0,0.0,0.0,0.0,0.0,0.0,2
0.0,0.0,0.0,0.0,0.0,0.0,0.0,0.0,0.0,0.0,0.0,0.0,0.0,100.0,0.0,0.0,0.0,0.0,0.0,0.0,0.0,7,0,0.5648148148148148,0.0,0.0,0.0,0.0,0.0,0.0,2
0.0,0.0,0.0,0.0,0.0,0.0,0.0,0.0,0.0,0.0,0.0,0.0,0.0,100.0,0.0,0.0,0.0,0.0,0.0,0.0,0.0,8,1,0.5648148148148148,0.0,0.0,0.0,0.0,0.0,0.0,2
716.0,7.0,1.2069407615253125,0.0,0.0,0.0,0.0,0.0,0.0,0.0,0.0,0.0,0.0,95.96666666666668,0.0,0.0,0.0,0.0,0.0,5056.0,0.0,9,1,0.5648148148148148,379.1270675292564,325.0,0.0,0.0,0.0,0.0,3
34.0,4.0,1.0710178890204567,0.0,0.0,0.0,0.0,0.0,0.0,0.0,0.0,0.0,0.0,86.875,0.0,0.0,0.0,0.0,36.0,30.0,8.0,10,1,0.5648148148148148,304.3917432082108,481.5,0.0,0.0,0.0,0.0,3
192.0,2.0,0.6615632381559821,0.0,0.0,0.0,0.0,0.0,0.0,0.0,0.0,0.0,0.0,78.5,0.0,0.0,0.0,0.0,12.0,114.0,4.0,11,1,0.5648148148148148,320.1973349878686,381.5,0.0,0.0,0.0,0.0,3
718.0,5.0,0.6560490340899245,0.0,0.0,0.0,0.0,0.0,0.0,0.0,0.0,0.0,0.0,72.83333333333333,0.0,0.0,0.0,0.0,0.0,1396.0,0.0,12,1,0.5648148148148148,286.6048382936572,465.5,0.0,0.0,0.0,0.0,3
702.0,7.0,0.7373510260535023,0.0,0.0,0.0,0.0,0.0,0.0,0.0,0.0,0.0,0.0,61.55172413793103,0.0,0.0,0.0,0.0,0.0,2638.0,0.0,13,1,0.5648148148148148,220.4026618109077,563.0,0.0,0.0,0.0,0.0,3
150.0,2.0,0.0708105549061962,0.0,0.0,0.0,0.0,0.0,0.0,0.0,0.0,0.0,0.0,52.0,0.0,0.0,0.0,0.0,62.0,942.0,28.0,14,1,0.5648148148148148,238.2435728409059,474.0,0.0,0.0,0.0,0.0,2
714.0,1.0,-1.000088900581841e-12,0.0,0.0,0.0,0.0,0.0,0.0,0.0,0.0,0.0,16.0,43.5,0.0,0.0,0.0,0.0,0.0,660.0,0.0,15,1,0.5648148148148148,230.746614276353,445.0,0.0,0.0,0.0,0.0,3
262.0,1.0,-1.000088900581841e-12,0.0,0.0,0.0,0.0,0.0,0.0,0.0,0.0,0.0,0.0,84.625,0.0,0.0,0.0,0.0,32.0,156.0,6.0,16,1,0.5648148148148148,186.7716966423625,491.5,0.0,0.0,0.0,0.0,2
600.0,1.0,-1.000088900581841e-12,0.0,0.0,0.0,0.0,0.0,0.0,0.0,0.0,0.0,0.0,100.0,0.0,0.0,0.0,0.0,0.0,0.0,0.0,17,1,0.5648148148148148,190.00701741427,525.0,0.0,0.0,0.0,0.0,2
718.0,2.0,0.6497434742611397,0.0,0.0,0.0,0.0,0.0,0.0,0.0,0.0,0.0,0.0,94.0,0.0,0.0,0.0,0.0,0.0,3684.0,0.0,18,1,0.5648148148148148,67.75199874050476,654.5,0.0,0.0,0.0,0.0,2
692.0,2.0,0.0355514210165077,0.0,0.0,0.0,0.0,0.0,0.0,0.0,0.0,0.0,0.0,83.03448275862068,0.0,0.0,0.0,0.0,16.0,1046.0,0.0,19,1,0.5648148148148148,193.4485288993777,574.5,0.0,0.0,0.0,0.0,2
370.0,2.0,0.0336089094003607,0.0,0.0,0.0,0.0,0.0,0.0,0.0,0.0,0.0,0.0,71.55555555555556,0.0,0.0,0.0,0.0,48.0,226.0,10.0,20,1,0.5648148148148148,184.7475755366405,486.5,0.0,0.0,0.0,0.0,3
462.0,3.0,0.8393476614765818,0.0,0.0,0.0,0.0,0.0,0.0,0.0,0.0,0.0,20.0,30.103448275862068,0.0,0.0,0.0,0.0,20.0,2544.0,4.0,0,0,0.5648148148148148,304.65061956280346,427.0,0.0,0.0,0.0,0.0,2
450.0,1.0,-1.000088900581841e-12,0.0,0.0,0.0,0.0,0.0,0.0,0.0,0.0,0.0,40.0,50.06666666666667,0.0,0.0,0.0,0.0,0.0,98.0,0.0,1,0,0.5648148148148148,297.08079709062315,406.5,0.0,0.0,0.0,0.0,2
0.0,0.0,0.0,0.0,0.0,0.0,0.0,0.0,0.0,0.0,0.0,0.0,0.0,89.62068965517241,0.0,0.0,0.0,0.0,0.0,0.0,0.0,2,0,0.5648148148148148,352.8795828607827,291.0,0.0,0.0,0.0,0.0,2
0.0,0.0,0.0,0.0,0.0,0.0,0.0,0.0,0.0,0.0,0.0,0.0,0.0,100.0,0.0,0.0,0.0,0.0,0.0,0.0,0.0,3,0,0.5648148148148148,0.0,0.0,0.0,0.0,0.0,0.0,2
0.0,0.0,0.0,0.0,0.0,0.0,0.0,0.0,0.0,0.0,0.0,0.0,0.0,100.0,0.0,0.0,0.0,0.0,0.0,0.0,0.0,4,0,0.5648148148148148,0.0,0.0,0.0,0.0,0.0,0.0,2
0.0,0.0,0.0,0.0,0.0,0.0,0.0,0.0,0.0,0.0,0.0,0.0,0.0,100.0,0.0,0.0,0.0,0.0,0.0,0.0,0.0,5,0,0.5648148148148148,0.0,0.0,0.0,0.0,0.0,0.0,2
0.0,0.0,0.0,0.0,0.0,0.0,0.0,0.0,0.0,0.0,0.0,0.0,0.0,100.0,0.0,0.0,0.0,0.0,0.0,0.0,0.0,6,0,0.5648148148148148,0.0,0.0,0.0,0.0,0.0,0.0,2
0.0,0.0,0.0,0.0,0.0,0.0,0.0,0.0,0.0,0.0,0.0,0.0,0.0,100.0,0.0,0.0,0.0,0.0,0.0,0.0,0.0,7,0,0.5648148148148148,0.0,0.0,0.0,0.0,0.0,0.0,2
0.0,0.0,0.0,0.0,0.0,0.0,0.0,0.0,0.0,0.0,0.0,0.0,0.0,100.0,0.0,0.0,0.0,0.0,0.0,0.0,0.0,8,1,0.5648148148148148,0.0,0.0,0.0,0.0,0.0,0.0,2
636.0,2.0,0.1287888803963236,0.0,0.0,0.0,0.0,0.0,0.0,0.0,0.0,0.0,0.0,100.0,0.0,0.0,0.0,0.0,20.0,0.0,0.0,9,1,0.5648148148148148,349.69701171156726,302.0,0.0,0.0,0.0,0.0,2
602.0,2.0,0.1343955422938383,0.0,0.0,0.0,0.0,0.0,0.0,0.0,0.0,0.0,0.0,100.0,0.0,0.0,0.0,0.0,20.0,0.0,0.0,10,1,0.5648148148148148,27.76088375154304,608.0,0.0,0.0,0.0,0.0,2
532.0,1.0,-1.000088900581841e-12,0.0,0.0,0.0,0.0,0.0,0.0,0.0,0.0,0.0,0.0,100.0,0.0,0.0,0.0,0.0,0.0,0.0,0.0,11,1,0.5648148148148148,44.09081537009744,596.0,0.0,0.0,0.0,0.0,2
718.0,1.0,-1.000088900581841e-12,0.0,0.0,0.0,0.0,0.0,0.0,0.0,0.0,0.0,0.0,92.2,0.0,0.0,0.0,0.0,0.0,3180.0,0.0,12,1,0.5648148148148148,78.79720807236777,636.5,0.0,0.0,0.0,0.0,2
396.0,2.0,0.1178306871530736,0.0,0.0,0.0,0.0,0.0,0.0,0.0,0.0,0.0,0.0,78.94736842105263,0.0,0.0,0.0,0.0,0.0,688.0,0.0,13,1,0.5648148148148148,154.47545651871914,625.0,0.0,0.0,0.0,0.0,2
324.0,6.0,1.2584589874614862,0.0,0.0,0.0,0.0,0.0,0.0,0.0,0.0,0.0,0.0,67.05555555555556,0.0,0.0,0.0,0.0,108.0,7258.0,30.0,14,1,0.5648148148148148,172.0804075618915,487.5,0.0,0.0,0.0,0.0,2
106.0,4.0,0.5165376485651441,0.0,0.0,0.0,0.0,0.0,0.0,0.0,0.0,0.0,0.0,58.66666666666666,0.0,0.0,0.0,0.0,56.0,2108.0,14.0,15,1,0.5648148148148148,181.2502873560941,277.5,0.0,0.0,0.0,0.0,2
720.0,1.0,-1.000088900581841e-12,0.0,0.0,0.0,0.0,0.0,0.0,0.0,0.0,0.0,0.0,44.56666666666667,0.0,0.0,0.0,0.0,0.0,1374.0,0.0,16,1,0.5648148148148148,325.37721698566014,417.5,0.0,0.0,0.0,0.0,2
0.0,0.0,0.0,0.0,0.0,0.0,0.0,0.0,0.0,0.0,0.0,0.0,28.0,27.566666666666663,0.0,0.0,0.0,0.0,0.0,4148.0,0.0,17,1,0.5648148148148148,345.15310612345166,414.0,0.0,0.0,0.0,0.0,2
486.0,1.0,-1.000088900581841e-12,0.0,0.0,0.0,0.0,0.0,0.0,0.0,0.0,0.0,0.0,75.21739130434783,0.0,0.0,0.0,0.0,28.0,108.0,8.0,18,1,0.5648148148148148,203.67948677599657,226.0,0.0,0.0,0.0,0.0,2
282.0,1.0,-1.000088900581841e-12,0.0,0.0,0.0,0.0,0.0,0.0,0.0,0.0,0.0,0.0,84.93333333333334,0.0,0.0,0.0,0.0,56.0,1106.0,10.0,19,1,0.5648148148148148,244.47153890245252,410.5,0.0,0.0,0.0,0.0,2
716.0,6.0,1.014057732852324,0.0,0.0,0.0,0.0,0.0,0.0,0.0,0.0,0.0,0.0,72.0,0.0,0.0,0.0,0.0,0.0,13826.0,0.0,20,1,0.5648148148148148,206.4073642097104,585.0,0.0,0.0,0.0,0.0,2
182.0,4.0,1.1905264415154946,0.0,0.0,0.0,0.0,0.0,0.0,0.0,0.0,0.0,0.0,59.61538461538461,0.0,0.0,0.0,0.0,192.0,5322.0,88.0,21,0,0.5648148148148148,235.8898047818092,491.0,0.0,0.0,0.0,0.0,2
252.0,5.0,0.8088709659283925,0.0,0.0,0.0,0.0,0.0,0.0,0.0,0.0,0.0,0.0,51.25,0.0,0.0,0.0,0.0,288.0,10844.0,64.0,22,0,0.5648148148148148,108.98929611052048,293.0,0.0,0.0,0.0,0.0,2
24.0,2.0,0.6365141682928128,0.0,0.0,0.0,0.0,0.0,0.0,0.0,0.0,0.0,0.0,44.0,0.0,0.0,0.0,0.0,96.0,170.0,24.0,23,0,0.5648148148148148,124.90529745904848,209.0,0.0,0.0,0.0,0.0,2
272.0,1.0,-1.000088900581841e-12,0.0,0.0,0.0,0.0,0.0,0.0,0.0,0.0,0.0,0.0,40.0,0.0,0.0,0.0,0.0,160.0,5130.0,22.0,0,0,0.5648148148148148,132.76922334135543,152.5,0.0,0.0,0.0,0.0,2
718.0,5.0,1.1588037998444567,0.0,0.0,0.0,0.0,0.0,0.0,0.0,0.0,0.0,0.0,26.73333333333333,0.0,0.0,0.0,0.0,0.0,18230.0,0.0,1,0,0.5648148148148148,298.5944853252764,403.0,0.0,0.0,0.0,0.0,2
580.0,3.0,0.7291786814481698,0.0,0.0,0.0,0.0,0.0,0.0,0.0,0.0,0.0,40.0,19.16,0.0,0.0,0.0,0.0,40.0,908.0,8.0,2,0,0.5648148148148148,82.6619622317305,646.5,0.0,0.0,0.0,0.0,2
6.0,1.0,-1.000088900581841e-12,0.0,0.0,0.0,0.0,0.0,0.0,0.0,0.0,0.0,0.0,85.95,0.0,0.0,0.0,0.0,0.0,0.0,0.0,3,0,0.5648148148148148,318.5984934051008,394.5,0.0,0.0,0.0,0.0,2
0.0,0.0,0.0,0.0,0.0,0.0,0.0,0.0,0.0,0.0,0.0,0.0,0.0,99.86666666666666,0.0,0.0,0.0,0.0,0.0,0.0,0.0,4,0,0.5648148148148148,136.0294085850558,70.0,0.0,0.0,0.0,0.0,2
0.0,0.0,0.0,0.0,0.0,0.0,0.0,0.0,0.0,0.0,0.0,0.0,0.0,100.0,0.0,0.0,0.0,0.0,0.0,0.0,0.0,5,0,0.5648148148148148,0.0,0.0,0.0,0.0,0.0,0.0,2
0.0,0.0,0.0,0.0,0.0,0.0,0.0,0.0,0.0,0.0,0.0,0.0,0.0,100.0,0.0,0.0,0.0,0.0,0.0,0.0,0.0,6,0,0.5648148148148148,0.0,0.0,0.0,0.0,0.0,0.0,2
0.0,0.0,0.0,0.0,0.0,0.0,0.0,0.0,0.0,0.0,0.0,0.0,0.0,100.0,0.0,0.0,0.0,0.0,0.0,0.0,0.0,7,0,0.5648148148148148,0.0,0.0,0.0,0.0,0.0,0.0,2
518.0,1.0,-1.000088900581841e-12,0.0,0.0,0.0,0.0,0.0,0.0,0.0,0.0,0.0,0.0,100.0,0.0,0.0,0.0,0.0,40.0,0.0,0.0,8,1,0.5648148148148148,260.47648646279004,218.0,0.0,0.0,0.0,0.0,2
656.0,1.0,-1.000088900581841e-12,0.0,0.0,0.0,0.0,0.0,0.0,0.0,0.0,0.0,0.0,94.44827586206895,0.0,0.0,0.0,0.0,40.0,2278.0,12.0,9,1,0.5648148148148148,140.13683788830605,542.5,0.0,0.0,0.0,0.0,3
350.0,4.0,0.2888128192191708,0.0,0.0,0.0,0.0,0.0,0.0,0.0,0.0,0.0,0.0,84.5,0.0,0.0,0.0,0.0,396.0,13156.0,90.0,10,1,0.5648148148148148,147.57145162033666,571.0,0.0,0.0,0.0,0.0,2
718.0,4.0,0.7253495400721472,0.0,0.0,0.0,0.0,0.0,0.0,0.0,0.0,0.0,0.0,71.7,0.0,0.0,0.0,0.0,0.0,5098.0,0.0,11,1,0.5648148148148148,174.66444018937196,605.5,0.0,0.0,0.0,0.0,2
596.0,4.0,0.2520402331302693,0.0,24.0,0.0,0.0,0.0,0.0,0.0,0.0,0.0,0.0,62.69230769230769,0.0,0.0,0.0,0.0,44.0,5788.0,12.0,12,1,0.5648148148148148,215.48317799772687,573.5,11.999999999999998,6.0,0.0,0.0,2
196.0,4.0,0.937489889946102,0.0,18.0,0.0,0.0,0.0,0.0,0.0,0.0,0.0,0.0,50.142857142857146,0.0,0.0,0.0,0.0,240.0,19072.0,50.0,13,1,0.5648148148148148,184.87112628350965,381.0,12.36931687685298,10.5,0.0,0.0,2
710.0,3.0,0.3284069442523343,0.0,88.0,0.0,0.0,0.0,0.0,0.0,0.0,0.0,48.0,39.9,0.0,0.0,0.0,0.0,0.0,9498.0,0.0,14,1,0.5648148148148148,209.99285702137595,458.5,41.86884283091664,26.5,0.0,0.0,2
684.0,4.0,0.7911386968799545,0.0,0.0,0.0,0.0,0.0,0.0,0.0,0.0,0.0,0.0,57.833333333333336,0.0,0.0,0.0,0.0,96.0,994.0,28.0,15,1,0.5648148148148148,124.26316161008204,643.0,42.59499188089291,24.5,0.0,0.0,2
36.0,2.0,0.6869615765953234,0.0,0.0,0.0,0.0,0.0,0.0,0.0,0.0,0.0,0.0,60.625,0.0,0.0,0.0,0.0,96.0,620.0,14.0,17,1,0.5648148148148148,196.7536530791742,156.0,0.0,0.0,0.0,0.0,2
152.0,3.0,0.3702811938662943,0.0,0.0,0.0,0.0,0.0,0.0,0.0,0.0,0.0,0.0,53.25,0.0,0.0,0.0,0.0,96.0,1134.0,24.0,18,1,0.5648148148148148,48.41487374764122,92.0,16.999999999999993,8.5,0.0,0.0,2
222.0,4.0,0.4894429327458357,0.0,0.0,0.0,0.0,0.0,0.0,0.0,0.0,0.0,0.0,45.73333333333333,0.0,0.0,0.0,0.0,192.0,6528.0,22.0,19,1,0.5648148148148148,86.93867570496673,194.5,16.999999999999993,8.5,0.0,0.0,2
154.0,3.0,0.729434425257713,0.0,0.0,0.0,0.0,0.0,0.0,0.0,0.0,0.0,0.0,40.45454545454545,0.0,0.0,0.0,0.0,148.0,1756.0,30.0,20,1,0.5648148148148148,122.91324854004432,172.5,0.0,0.0,0.0,0.0,2
416.0,3.0,0.1610244098173441,0.0,42.0,0.0,0.0,0.0,0.0,0.0,0.0,0.0,54.0,20.80952380952381,0.0,0.0,0.0,0.0,216.0,3770.0,38.0,22,0,0.5648148148148148,144.0775254275745,209.5,19.82422760159901,14.5,0.0,0.0,2
318.0,1.0,-1.000088900581841e-12,0.0,0.0,0.0,0.0,0.0,0.0,0.0,0.0,0.0,0.0,31.2,0.0,0.0,0.0,0.0,0.0,1712.0,0.0,23,0,0.5648148148148148,222.7015940670386,411.0,20.19900987672415,16.0,0.0,0.0,4
322.0,4.0,0.7226967577708214,0.0,0.0,0.0,0.0,0.0,0.0,0.0,0.0,0.0,60.0,84.79310344827586,0.0,0.0,0.0,0.0,54.0,9610.0,22.0,0,0,0.5648148148148148,293.1325070111923,339.0,20.19900987672415,16.0,0.0,0.0,2
684.0,1.0,-1.000088900581841e-12,0.0,0.0,0.0,0.0,0.0,0.0,0.0,0.0,0.0,0.0,99.20689655172414,0.0,0.0,0.0,0.0,0.0,176.0,0.0,1,0,0.5648148148148148,322.63498467049936,416.0,21.0,10.5,0.0,0.0,2
0.0,0.0,0.0,0.0,0.0,0.0,0.0,0.0,0.0,0.0,0.0,0.0,0.0,100.0,0.0,0.0,0.0,0.0,0.0,0.0,0.0,2,0,0.5648148148148148,319.4432656983084,469.0,0.0,0.0,0.0,0.0,2
0.0,0.0,0.0,0.0,0.0,0.0,0.0,0.0,0.0,0.0,0.0,0.0,0.0,100.0,0.0,0.0,0.0,0.0,0.0,0.0,0.0,3,0,0.5648148148148148,267.0000000000001,133.5,0.0,0.0,0.0,0.0,2
0.0,0.0,0.0,0.0,0.0,0.0,0.0,0.0,0.0,0.0,0.0,0.0,0.0,100.0,0.0,0.0,0.0,0.0,0.0,0.0,0.0,4,0,0.5648148148148148,0.0,0.0,0.0,0.0,0.0,0.0,2
0.0,0.0,0.0,0.0,0.0,0.0,0.0,0.0,0.0,0.0,0.0,0.0,0.0,100.0,0.0,0.0,0.0,0.0,0.0,0.0,0.0,5,0,0.5648148148148148,0.0,0.0,0.0,0.0,0.0,0.0,2
0.0,0.0,0.0,0.0,0.0,0.0,0.0,0.0,0.0,0.0,0.0,0.0,0.0,100.0,0.0,0.0,0.0,0.0,0.0,0.0,0.0,6,0,0.5648148148148148,0.0,0.0,0.0,0.0,0.0,0.0,2
0.0,0.0,0.0,0.0,0.0,0.0,0.0,0.0,0.0,0.0,0.0,0.0,0.0,100.0,0.0,0.0,0.0,0.0,0.0,0.0,0.0,7,0,0.5648148148148148,0.0,0.0,0.0,0.0,0.0,0.0,2
0.0,0.0,0.0,0.0,0.0,0.0,0.0,0.0,0.0,0.0,0.0,0.0,0.0,100.0,0.0,0.0,0.0,0.0,0.0,0.0,0.0,8,1,0.5648148148148148,0.0,0.0,0.0,0.0,0.0,0.0,2
646.0,1.0,-1.000088900581841e-12,0.0,0.0,0.0,0.0,0.0,0.0,0.0,0.0,0.0,0.0,100.0,0.0,0.0,0.0,0.0,0.0,0.0,0.0,9,1,0.5648148148148148,361.7899943337296,313.0,0.0,0.0,0.0,0.0,2
678.0,1.0,-1.000088900581841e-12,0.0,0.0,0.0,0.0,0.0,0.0,0.0,0.0,0.0,0.0,93.20689655172414,0.0,0.0,0.0,0.0,120.0,2056.0,50.0,10,1,0.5648148148148148,53.50389393928936,621.0,0.0,0.0,0.0,0.0,2
12.0,1.0,-1.000088900581841e-12,0.0,0.0,0.0,0.0,0.0,0.0,0.0,0.0,0.0,0.0,82.0,0.0,0.0,0.0,0.0,0.0,0.0,0.0,12,1,0.5648148148148148,106.60206376989174,103.0,0.0,0.0,0.0,0.0,3
394.0,3.0,0.3638560340227069,0.0,0.0,0.0,0.0,0.0,0.0,0.0,0.0,0.0,0.0,64.6,0.0,0.0,0.0,0.0,6.0,554.0,2.0,14,1,0.5648148148148148,173.27723451163476,208.5,3.999999999999981,2.0,0.0,0.0,2
660.0,1.0,-1.000088900581841e-12,0.0,0.0,0.0,0.0,0.0,0.0,0.0,0.0,0.0,0.0,40.56666666666667,0.0,0.0,0.0,0.0,6.0,416.0,4.0,15,1,0.5648148148148148,196.8451167796653,523.0,0.0,0.0,0.0,0.0,2
308.0,2.0,0.120456033847227,0.0,0.0,0.0,0.0,0.0,0.0,0.0,0.0,0.0,0.0,36.8235294117647,0.0,0.0,0.0,0.0,6.0,104.0,4.0,16,1,0.5648148148148148,181.8964907119799,566.5,10.999999999999991,5.5,0.0,0.0,2
642.0,3.0,0.8995096054303551,0.0,0.0,0.0,0.0,0.0,0.0,0.0,0.0,0.0,0.0,47.76923076923077,0.0,0.0,0.0,0.0,12.0,2106.0,4.0,17,1,0.5648148148148148,229.1629696671492,420.5,10.50396750439248,6.5,4.0,2.0,2
600.0,1.0,-1.000088900581841e-12,0.0,0.0,0.0,0.0,0.0,0.0,0.0,0.0,0.0,0.0,35.07692307692308,0.0,0.0,0.0,0.0,0.0,90.0,0.0,18,1,0.5648148148148148,220.8189303479212,464.5,1.9999999999999587,1.0,4.123105625617661,3.5,2
276.0,1.0,-1.000088900581841e-12,0.0,0.0,0.0,4.0,0.0,0.0,0.0,0.0,0.0,0.0,26.0,0.0,0.0,0.0,0.0,10.0,456.0,8.0,19,1,0.5648148148148148,256.9513572643664,336.0,0.0,0.0,3.0000000000000004,2.5,2
12.0,1.0,-1.000088900581841e-12,0.0,0.0,0.0,0.0,0.0,0.0,0.0,0.0,0.0,0.0,47.833333333333336,0.0,0.0,0.0,0.0,0.0,0.0,0.0,20,1,0.5648148148148148,265.7141321044104,215.0,4.999999999999983,2.5,2.0000000000000004,1.0,2
142.0,1.0,-1.000088900581841e-12,0.0,0.0,0.0,0.0,0.0,0.0,0.0,0.0,0.0,0.0,64.84615384615384,0.0,0.0,0.0,0.0,20.0,906.0,8.0,21,0,0.5648148148148148,244.03824836829725,210.0,4.999999999999983,2.5,0.0,0.0,2
42.0,2.0,0.6645284386529151,0.0,0.0,0.0,0.0,0.0,0.0,0.0,0.0,0.0,0.0,59.125,0.0,0.0,0.0,0.0,30.0,308.0,12.0,22,0,0.5648148148148148,48.52490769354159,90.0,0.0,0.0,0.0,0.0,2
350.0,5.0,0.9532116759785854,0.0,0.0,0.0,0.0,0.0,0.0,0.0,0.0,0.0,0.0,52.6,0.0,0.0,0.0,0.0,60.0,1306.0,20.0,23,0,0.5648148148148148,157.73817969449692,115.0,0.0,0.0,0.0,0.0,2
12.0,1.0,-1.000088900581841e-12,0.0,0.0,0.0,0.0,0.0,0.0,0.0,0.0,0.0,0.0,44.0,0.0,0.0,0.0,0.0,0.0,0.0,0.0,0,0,0.5648148148148148,160.424437041244,134.0,0.0,0.0,0.0,0.0,3
720.0,5.0,0.6554590425393074,0.0,0.0,0.0,0.0,0.0,0.0,0.0,0.0,0.0,0.0,31.166666666666668,0.0,0.0,0.0,0.0,0.0,1102.0,0.0,1,0,0.5648148148148148,304.6768780199772,295.0,0.0,0.0,0.0,0.0,2
396.0,4.0,0.4242381271209309,0.0,0.0,0.0,0.0,0.0,0.0,0.0,0.0,0.0,0.0,39.5,0.0,0.0,0.0,0.0,10.0,942.0,4.0,2,0,0.5648148148148148,199.793226445076,506.0,0.0,0.0,0.0,0.0,3
718.0,1.0,-1.000088900581841e-12,0.0,0.0,0.0,0.0,0.0,0.0,0.0,0.0,0.0,0.0,92.8,0.0,0.0,0.0,0.0,0.0,0.0,0.0,3,0,0.5648148148148148,180.83049152912992,518.5,0.0,0.0,0.0,0.0,2
0.0,0.0,0.0,0.0,0.0,0.0,0.0,0.0,0.0,0.0,0.0,0.0,0.0,100.0,0.0,0.0,0.0,0.0,0.0,0.0,0.0,4,0,0.5648148148148148,337.9980276076574,268.0,0.0,0.0,0.0,0.0,2
0.0,0.0,0.0,0.0,0.0,0.0,0.0,0.0,0.0,0.0,0.0,0.0,0.0,100.0,0.0,0.0,0.0,0.0,0.0,0.0,0.0,5,0,0.5648148148148148,8.000000000004043,4.0,0.0,0.0,0.0,0.0,2
0.0,0.0,0.0,0.0,0.0,0.0,0.0,0.0,0.0,0.0,0.0,0.0,0.0,100.0,0.0,0.0,0.0,0.0,0.0,0.0,0.0,6,0,0.5648148148148148,0.0,0.0,0.0,0.0,0.0,0.0,2
200.0,2.0,0.167944147732173,0.0,0.0,0.0,0.0,0.0,0.0,0.0,0.0,0.0,0.0,100.0,0.0,0.0,0.0,0.0,14.0,0.0,0.0,7,0,0.5648148148148148,100.00000000000033,50.0,0.0,0.0,0.0,0.0,2
608.0,3.0,0.6389832447427032,0.0,0.0,0.0,0.0,0.0,0.0,0.0,0.0,0.0,0.0,100.0,0.0,0.0,0.0,0.0,42.0,0.0,0.0,8,1,0.5648148148148148,310.6997478810265,359.5,0.0,0.0,0.0,0.0,2
262.0,5.0,0.9438097457619798,0.0,0.0,0.0,0.0,0.0,0.0,0.0,0.0,0.0,0.0,98.85714285714286,0.0,0.0,0.0,0.0,32.0,2082.0,18.0,9,1,0.5648148148148148,172.12689117818502,482.5,0.0,0.0,0.0,0.0,3
48.0,3.0,1.05938459333924,0.0,0.0,0.0,0.0,0.0,0.0,0.0,0.0,0.0,0.0,95.5,0.0,0.0,0.0,0.0,60.0,508.0,16.0,10,1,0.5648148148148148,158.87416404186075,232.5,0.0,0.0,0.0,0.0,2
158.0,1.0,-1.000088900581841e-12,0.0,0.0,0.0,0.0,0.0,0.0,0.0,0.0,0.0,0.0,83.4,0.0,0.0,0.0,0.0,0.0,0.0,0.0,11,1,0.5648148148148148,235.00567369037444,245.5,0.0,0.0,0.0,0.0,2
720.0,1.0,-1.000088900581841e-12,0.0,0.0,0.0,0.0,0.0,0.0,0.0,0.0,0.0,0.0,67.16666666666667,0.0,0.0,0.0,0.0,0.0,1652.0,0.0,12,1,0.5648148148148148,256.0130205022134,533.0,0.0,0.0,0.0,0.0,3
718.0,3.0,0.0536242421219286,0.0,0.0,0.0,0.0,0.0,0.0,0.0,0.0,0.0,0.0,47.56666666666667,0.0,0.0,0.0,0.0,0.0,2680.0,0.0,13,1,0.5648148148148148,242.1975777473151,581.5,0.0,0.0,0.0,0.0,2
