688.0,4.0,0.7507243376464421,0.0,0.0,0.0,0.0,0.0,32.0,5.0,1.3421257227437466,0.0,0.0,98.36666666666666,0.0,0.0,0.0,0.0,56.0,1160.0,10.0,8,1,0.5495934959349593,16.165807537309504,669.3333333333334,0.0,0.0,0.0,0.0,2
658.0,4.0,0.3714128515709679,0.0,0.0,0.0,0.0,0.0,26.0,3.0,0.9839614459980256,0.0,0.0,97.0,0.0,0.0,0.0,0.0,68.0,584.0,18.0,8,1,0.5495934959349593,14.364307617610155,666.5,0.0,0.0,0.0,0.0,2
700.0,5.0,0.8856827946753634,0.0,0.0,0.0,0.0,0.0,184.0,4.0,0.6434896793654641,0.0,0.0,95.35714285714286,0.0,0.0,0.0,0.0,80.0,1364.0,16.0,9,1,0.5495934959349593,20.808652046684816,676.5,0.0,0.0,0.0,0.0,2
666.0,6.0,0.5155224324704631,0.0,0.0,0.0,0.0,0.0,150.0,8.0,1.1839817594064257,0.0,0.0,94.27586206896552,0.0,0.0,0.0,0.0,116.0,610.0,18.0,9,1,0.5495934959349593,19.39071942966532,678.0,0.0,0.0,0.0,0.0,2
654.0,3.0,0.0893860764220096,0.0,0.0,0.0,0.0,0.0,32.0,2.0,0.5623351446168083,0.0,0.0,93.20689655172414,0.0,0.0,0.0,0.0,52.0,178.0,10.0,10,1,0.5495934959349593,20.93641166325627,669.5,0.0,0.0,0.0,0.0,2
658.0,3.0,0.074125310095489,0.0,0.0,0.0,0.0,0.0,6.0,2.0,0.6365141682928128,0.0,0.0,92.93103448275862,0.0,0.0,0.0,0.0,140.0,148.0,4.0,10,1,0.5495934959349593,20.93641166325627,669.5,0.0,0.0,0.0,0.0,2
582.0,3.0,0.5038737071551884,0.0,0.0,0.0,0.0,0.0,34.0,4.0,1.236477074581904,0.0,0.0,91.65384615384616,0.0,0.0,0.0,0.0,88.0,304.0,18.0,11,1,0.5495934959349593,38.98717737923587,640.0,0.0,0.0,0.0,0.0,2
672.0,6.0,0.7322408115001754,0.0,0.0,0.0,0.0,0.0,130.0,5.0,0.591703967882447,0.0,0.0,89.13333333333334,0.0,0.0,0.0,0.0,10.0,360.0,2.0,11,1,0.5495934959349593,40.41039470235352,641.5,0.0,0.0,0.0,0.0,3
670.0,5.0,0.5399505205967751,0.0,0.0,0.0,0.0,0.0,28.0,3.0,1.0346012329071812,0.0,0.0,88.51724137931035,0.0,0.0,0.0,0.0,10.0,266.0,6.0,12,1,0.5495934959349593,42.78239513320092,645.5,0.0,0.0,0.0,0.0,2
664.0,5.0,0.6964752891617707,0.0,0.0,0.0,0.0,0.0,12.0,2.0,0.4505612088643047,0.0,0.0,87.03448275862068,0.0,0.0,0.0,0.0,54.0,124.0,0.0,12,1,0.5495934959349593,43.466462167208114,647.0,0.0,0.0,0.0,0.0,2
710.0,6.0,0.5533154443674259,0.0,0.0,0.0,0.0,0.0,34.0,4.0,1.2831726480121035,0.0,0.0,86.10344827586206,0.0,0.0,0.0,0.0,126.0,654.0,16.0,13,1,0.5495934959349593,20.944370763206724,679.0,0.0,0.0,0.0,0.0,2
702.0,4.0,0.8777471209466825,0.0,0.0,0.0,0.0,0.0,22.0,2.0,0.5859526183015509,0.0,0.0,83.93103448275862,0.0,8.0,0.0,10.0,94.0,808.0,18.0,13,1,0.5495934959349593,22.88376425911324,686.5,0.0,0.0,0.0,0.0,2
706.0,7.0,1.4763350541657425,0.0,0.0,0.0,0.0,0.0,22.0,3.0,1.0900596587077838,0.0,0.0,77.0,0.0,0.0,0.0,0.0,96.0,1684.0,6.0,14,1,0.5495934959349593,21.25245083906015,695.5,0.0,0.0,0.0,0.0,2
716.0,4.0,0.2595688436594339,0.0,0.0,0.0,0.0,0.0,46.0,6.0,1.3685960384507023,0.0,0.0,71.66666666666667,0.0,0.0,0.0,0.0,0.0,1644.0,0.0,14,1,0.5495934959349593,5.972157622389785,708.5,0.0,0.0,0.0,0.0,2
716.0,9.0,1.1389380541014391,0.0,0.0,0.0,0.0,0.0,148.0,8.0,1.4120319685233178,0.0,0.0,68.85714285714286,0.0,0.0,0.0,0.0,0.0,2894.0,0.0,15,1,0.5495934959349593,7.118052168020997,710.0,0.0,0.0,0.0,0.0,2
674.0,4.0,0.2377041856224585,0.0,0.0,0.0,0.0,0.0,294.0,3.0,0.6463780355950347,0.0,0.0,68.0,0.0,0.0,0.0,0.0,148.0,884.0,18.0,15,1,0.5495934959349593,19.899748742132434,703.0,0.0,0.0,0.0,0.0,2
708.0,7.0,1.1096539627402255,0.0,0.0,0.0,0.0,0.0,438.0,3.0,0.3685900805188662,0.0,0.0,66.37931034482759,0.0,0.0,0.0,0.0,70.0,3682.0,16.0,16,1,0.5495934959349593,20.02498439450082,703.5,0.0,0.0,0.0,0.0,2
680.0,5.0,0.6272565686632479,0.0,0.0,0.0,0.0,0.0,522.0,4.0,0.1701697991148958,0.0,0.0,63.23333333333333,0.0,0.0,0.0,0.0,26.0,906.0,6.0,16,1,0.5495934959349593,20.615528128088343,694.5,0.0,0.0,0.0,0.0,3
658.0,4.0,0.3014189680782366,0.0,0.0,0.0,8.0,0.0,248.0,6.0,0.4954348084758337,0.0,0.0,63.0,0.0,0.0,0.0,0.0,26.0,458.0,2.0,17,1,0.5495934959349593,20.84866102814924,680.0,0.0,0.0,4.0,2.0,1
716.0,4.0,0.1387537907957637,0.0,0.0,0.0,0.0,0.0,336.0,3.0,0.377874645880052,0.0,0.0,59.93333333333333,0.0,0.0,0.0,0.0,0.0,4028.0,0.0,17,1,0.5495934959349593,26.602004936971746,690.5,0.0,0.0,4.0,2.0,2
716.0,5.0,0.6356400003732448,0.0,0.0,0.0,0.0,0.0,90.0,6.0,1.1787730500962368,0.0,0.0,54.44827586206897,0.0,0.0,0.0,0.0,0.0,3482.0,0.0,18,1,0.5495934959349593,28.583211855912943,692.5,0.0,0.0,4.0,2.0,2
720.0,1.0,-1.000088900581841e-12,0.0,0.0,0.0,0.0,0.0,12.0,1.0,-1.000088900581841e-12,0.0,0.0,50.16666666666666,0.0,0.0,0.0,0.0,0.0,158.0,0.0,18,1,0.5495934959349593,29.72653135948877,702.5,0.0,0.0,4.0,2.0,2
710.0,6.0,1.458478186519833,0.0,0.0,0.0,10.0,0.0,88.0,2.0,0.5623351446168083,0.0,0.0,46.93103448275862,0.0,0.0,0.0,0.0,236.0,2826.0,38.0,19,1,0.5495934959349593,4.123105625617939,715.5,0.0,0.0,5.0,2.5,2
716.0,3.0,0.109647570903279,0.0,0.0,0.0,0.0,0.0,88.0,5.0,0.7143008299890777,0.0,0.0,46.0,0.0,0.0,0.0,0.0,38.0,316.0,6.0,19,1,0.5495934959349593,4.123105625617939,715.5,0.0,0.0,5.0,2.5,2
696.0,9.0,1.2933797344974067,0.0,0.0,0.0,8.0,0.0,170.0,5.0,1.148207472550269,0.0,0.0,44.9,0.0,0.0,0.0,0.0,156.0,4410.0,36.0,20,1,0.5495934959349593,10.503967504392604,710.5,0.0,0.0,5.259911279353167,4.5,2
718.0,8.0,0.9595656621759696,0.0,0.0,0.0,0.0,0.0,178.0,4.0,1.2797445882960308,0.0,0.0,41.36666666666667,0.0,0.0,0.0,0.0,0.0,6084.0,0.0,20,1,0.5495934959349593,9.933109617167686,710.0,0.0,0.0,5.259911279353167,4.5,2
718.0,6.0,0.9752040180997088,0.0,0.0,0.0,0.0,0.0,114.0,6.0,1.6132233700157654,0.0,0.0,36.96666666666667,0.0,0.0,0.0,0.0,0.0,2208.0,0.0,21,0,0.5495934959349593,10.70825226947279,712.0,0.0,0.0,4.0,2.0,2
716.0,3.0,0.6999677788954064,0.0,0.0,0.0,0.0,0.0,6.0,2.0,0.6365141682928128,0.0,0.0,33.51724137931034,0.0,0.0,0.0,0.0,0.0,1412.0,0.0,21,0,0.5495934959349593,10.70825226947279,712.0,0.0,0.0,4.0,2.0,2
718.0,1.0,-1.000088900581841e-12,0.0,0.0,0.0,0.0,0.0,10.0,2.0,0.5004024235361879,0.0,0.0,30.133333333333333,0.0,0.0,0.0,0.0,0.0,88.0,0.0,22,0,0.5495934959349593,1.0000000000011462,717.5,0.0,0.0,0.0,0.0,2
278.0,1.0,-1.000088900581841e-12,0.0,0.0,0.0,0.0,0.0,10.0,2.0,0.5004024235361879,0.0,0.0,26.966666666666665,0.0,0.0,0.0,0.0,0.0,214.0,0.0,22,0,0.5495934959349593,219.66868992492613,607.5,0.0,0.0,0.0,0.0,2
476.0,8.0,1.2507610160892173,0.0,0.0,0.0,0.0,0.0,442.0,7.0,0.876342293517422,0.0,0.0,22.655172413793103,0.0,0.0,0.0,0.0,0.0,6372.0,0.0,23,0,0.5495934959349593,212.29225138944665,547.0,0.0,0.0,0.0,0.0,2
706.0,6.0,0.8881086974190839,0.0,0.0,0.0,8.0,0.0,140.0,5.0,1.2041516376548629,0.0,42.0,22.166666666666668,0.0,0.0,0.0,0.0,106.0,3498.0,10.0,23,0,0.5495934959349593,209.68150450941863,544.5,0.0,0.0,4.0,2.0,2
706.0,7.0,1.2500173468991191,0.0,0.0,0.0,0.0,0.0,98.0,8.0,1.639338814798195,0.0,0.0,97.65517241379312,0.0,0.0,0.0,0.0,352.0,2178.0,44.0,8,1,0.5495934959349593,338.9685334461986,507.5,0.0,0.0,0.0,0.0,2
700.0,3.0,0.2029211869663123,0.0,0.0,0.0,0.0,0.0,230.0,3.0,0.2006015398242035,0.0,0.0,96.0,0.0,0.0,0.0,0.0,216.0,764.0,14.0,8,1,0.5495934959349593,23.79775899813552,682.5,0.0,0.0,0.0,0.0,2
678.0,5.0,0.6770920982166717,0.0,0.0,0.0,0.0,0.0,158.0,4.0,0.4679991786925732,0.0,0.0,94.89655172413794,0.0,0.0,0.0,0.0,110.0,1802.0,6.0,9,1,0.5495934959349593,20.28957039137776,686.5,0.0,0.0,0.0,0.0,2
698.0,3.0,0.4242868554686825,0.0,0.0,0.0,0.0,0.0,122.0,4.0,0.310214575190799,0.0,0.0,91.33333333333331,0.0,0.0,0.0,0.0,52.0,1752.0,6.0,9,1,0.5495934959349593,12.151817422372403,695.5,0.0,0.0,0.0,0.0,2
708.0,3.0,0.0387935972818191,0.0,0.0,0.0,0.0,0.0,46.0,6.0,1.6311795841683974,0.0,0.0,88.27586206896552,0.0,0.0,0.0,0.0,102.0,1536.0,22.0,10,1,0.5495934959349593,12.754084313139597,696.0,0.0,0.0,0.0,0.0,3
712.0,6.0,0.6000111653193971,0.0,0.0,0.0,0.0,0.0,536.0,5.0,0.3693762091600537,0.0,0.0,82.86206896551724,0.0,0.0,0.0,0.0,188.0,3062.0,18.0,10,1,0.5495934959349593,15.18771433319292,699.0,0.0,0.0,0.0,0.0,2
674.0,6.0,0.5091706330317892,0.0,0.0,0.0,0.0,0.0,1324.0,4.0,0.2092831319036766,0.0,0.0,79.86206896551724,0.0,0.0,0.0,0.0,336.0,2498.0,36.0,11,1,0.5495934959349593,17.0489491367261,698.0,0.0,0.0,0.0,0.0,2
684.0,6.0,0.5220729080562596,0.0,0.0,0.0,0.0,0.0,368.0,6.0,0.6996818458102169,0.0,0.0,78.34482758620689,0.0,0.0,0.0,0.0,340.0,1786.0,44.0,11,1,0.5495934959349593,18.43004792903897,694.5,0.0,0.0,0.0,0.0,2
688.0,5.0,0.804518250780279,0.0,0.0,0.0,0.0,0.0,126.0,5.0,0.9305688648293328,0.0,0.0,76.65517241379311,0.0,0.0,0.0,0.0,258.0,3346.0,12.0,12,1,0.5495934959349593,16.114175953695977,689.5,0.0,0.0,0.0,0.0,2
664.0,5.0,0.5444247080430671,0.0,0.0,0.0,0.0,0.0,54.0,3.0,0.7193290272031971,0.0,0.0,74.1,0.0,0.0,0.0,0.0,220.0,934.0,32.0,12,1,0.5495934959349593,10.754843869934776,677.5,0.0,0.0,0.0,0.0,2
708.0,3.0,0.522157459975524,0.0,0.0,0.0,0.0,0.0,132.0,5.0,0.8399926675467304,0.0,0.0,72.48275862068965,0.0,0.0,0.0,0.0,336.0,2904.0,30.0,13,1,0.5495934959349593,18.03699901129178,686.0,0.0,0.0,0.0,0.0,2
716.0,2.0,0.0613254872539078,0.0,0.0,0.0,0.0,0.0,94.0,5.0,0.6221888517493751,0.0,0.0,71.72413793103448,0.0,0.0,0.0,0.0,204.0,216.0,10.0,13,1,0.5495934959349593,23.209193580705776,694.0,0.0,0.0,0.0,0.0,2
620.0,5.0,0.528775299745048,0.0,0.0,0.0,0.0,0.0,390.0,9.0,1.384557887976042,0.0,0.0,68.68,0.0,0.0,0.0,0.0,22.0,2456.0,0.0,14,1,0.5495934959349593,44.34711565216699,677.0,0.0,0.0,0.0,0.0,2
666.0,4.0,0.7176909033996389,0.0,0.0,0.0,0.0,0.0,58.0,7.0,1.51830788479407,0.0,0.0,66.5,0.0,0.0,0.0,0.0,4.0,126.0,4.0,14,1,0.5495934959349593,44.16257842714056,677.5,0.0,0.0,0.0,0.0,2
696.0,5.0,0.8524954424053647,0.0,0.0,0.0,0.0,0.0,58.0,7.0,1.6454441380114475,0.0,0.0,66.0,0.0,0.0,0.0,0.0,20.0,384.0,10.0,15,1,0.5495934959349593,41.74126655161941,674.5,0.0,0.0,0.0,0.0,2
612.0,3.0,0.0944271904574337,0.0,0.0,0.0,0.0,0.0,58.0,7.0,1.839595931420904,0.0,0.0,65.92857142857143,0.0,0.0,0.0,0.0,40.0,70.0,6.0,15,1,0.5495934959349593,39.6106046406768,648.5,0.0,0.0,0.0,0.0,2
664.0,4.0,0.2908397239228606,0.0,0.0,0.0,0.0,0.0,224.0,5.0,0.6155609749810659,0.0,0.0,65.0,0.0,0.0,0.0,0.0,24.0,458.0,6.0,16,1,0.5495934959349593,34.88552708502492,659.5,0.0,0.0,0.0,0.0,2
668.0,3.0,0.2936177339981674,0.0,0.0,0.0,0.0,0.0,82.0,5.0,1.0937069957178118,0.0,0.0,64.10344827586206,0.0,0.0,0.0,0.0,10.0,398.0,4.0,16,1,0.5495934959349593,35.02380143083663,660.0,0.0,0.0,0.0,0.0,2
662.0,3.0,0.4648501655480682,0.0,0.0,0.0,0.0,0.0,82.0,5.0,0.8057351141063664,0.0,0.0,63.16666666666666,0.0,0.0,0.0,0.0,44.0,902.0,4.0,17,1,0.5495934959349593,26.45121295265444,651.5,0.0,0.0,0.0,0.0,2
654.0,2.0,0.0207597234165173,0.0,0.0,0.0,0.0,0.0,44.0,5.0,1.1358048077688736,0.0,0.0,62.06896551724138,0.0,0.0,0.0,0.0,32.0,76.0,6.0,17,1,0.5495934959349593,5.887840577552529,662.0,0.0,0.0,0.0,0.0,2
650.0,2.0,0.0374621215214669,0.0,0.0,0.0,0.0,0.0,6.0,2.0,0.6365141682928128,0.0,0.0,61.23333333333333,0.0,0.0,0.0,0.0,20.0,74.0,4.0,18,1,0.5495934959349593,8.062257748299018,658.5,0.0,0.0,0.0,0.0,2
666.0,5.0,0.6592514452991042,0.0,0.0,0.0,0.0,0.0,84.0,4.0,0.7397835636579795,0.0,0.0,60.03448275862069,0.0,0.0,0.0,0.0,154.0,1196.0,16.0,18,1,0.5495934959349593,7.302967433402734,658.0,0.0,0.0,0.0,0.0,2
682.0,8.0,1.335721428571883,0.0,0.0,0.0,0.0,0.0,38.0,4.0,1.1362907636934605,0.0,0.0,56.689655172413794,0.0,0.0,0.0,0.0,154.0,2688.0,22.0,19,1,0.5495934959349593,14.375905768565486,663.0,0.0,0.0,0.0,0.0,2
690.0,8.0,1.651990740310191,0.0,0.0,0.0,0.0,0.0,80.0,5.0,1.3383078523414424,0.0,0.0,53.16666666666666,0.0,0.0,0.0,0.0,168.0,3590.0,18.0,19,1,0.5495934959349593,17.73884626086698,672.0,0.0,0.0,0.0,0.0,2
686.0,6.0,1.0795152792736051,0.0,0.0,0.0,0.0,0.0,100.0,5.0,1.2208018808166845,0.0,0.0,50.10344827586207,0.0,0.0,0.0,0.0,118.0,4088.0,20.0,20,1,0.5495934959349593,10.519822558706686,681.0,0.0,0.0,0.0,0.0,2
664.0,5.0,0.5158664627954974,0.0,0.0,0.0,0.0,0.0,124.0,6.0,1.070341394215888,0.0,0.0,49.0,0.0,0.0,0.0,0.0,146.0,1598.0,12.0,20,1,0.5495934959349593,11.474609652039328,680.5,0.0,0.0,0.0,0.0,2
682.0,8.0,0.9012824037031644,0.0,0.0,0.0,0.0,0.0,170.0,9.0,1.2057136876020969,0.0,0.0,47.793103448275865,0.0,0.0,0.0,0.0,134.0,2184.0,12.0,21,0,0.5495934959349593,11.474609652039328,680.5,0.0,0.0,0.0,0.0,2
718.0,5.0,0.8698004059569696,0.0,0.0,0.0,8.0,0.0,252.0,5.0,1.0783534747352534,0.0,0.0,44.56666666666667,0.0,0.0,0.0,0.0,0.0,2456.0,0.0,21,0,0.5495934959349593,22.47220505424439,687.5,0.0,0.0,4.0,2.0,2
712.0,6.0,0.9787576951335828,0.0,0.0,0.0,0.0,0.0,162.0,4.0,1.05924862061557,0.0,0.0,41.6551724137931,0.0,0.0,0.0,0.0,0.0,3900.0,0.0,22,0,0.5495934959349593,25.455844122715853,694.0,0.0,0.0,4.0,2.0,2
720.0,3.0,0.6958801952345395,0.0,0.0,0.0,0.0,0.0,118.0,3.0,0.3992807464404971,0.0,0.0,38.266666666666666,0.0,0.0,0.0,0.0,0.0,760.0,0.0,22,0,0.5495934959349593,17.663521732655894,708.0,0.0,0.0,4.0,2.0,2
716.0,5.0,0.3673722462313091,0.0,0.0,0.0,0.0,0.0,52.0,4.0,1.156987644341274,0.0,0.0,35.1,0.0,0.0,0.0,0.0,0.0,1324.0,0.0,23,0,0.5495934959349593,3.415650255320956,716.5,0.0,0.0,4.0,2.0,2
708.0,4.0,0.7544515762746843,0.0,0.0,0.0,12.0,0.0,428.0,5.0,0.9046158450520976,0.0,28.0,31.0,0.0,0.0,0.0,0.0,40.0,3540.0,8.0,23,0,0.5495934959349593,5.163977794943944,714.0,0.0,0.0,6.0,3.0,2
696.0,7.0,1.3560707728207058,0.0,0.0,0.0,0.0,0.0,74.0,7.0,1.6555347959109112,0.0,0.0,97.6,0.0,0.0,0.0,0.0,278.0,3210.0,16.0,8,1,0.5495934959349593,355.48464570686224,533.0,0.0,0.0,0.0,0.0,3
658.0,2.0,0.0370812454608741,0.0,0.0,0.0,0.0,0.0,22.0,3.0,0.9164648855364712,0.0,0.0,96.0,0.0,0.0,0.0,0.0,208.0,140.0,16.0,8,1,0.5495934959349593,28.30194339617026,697.5,0.0,0.0,0.0,0.0,2
658.0,4.0,0.2200007094727837,0.0,0.0,0.0,0.0,0.0,708.0,3.0,0.1901654488316489,0.0,0.0,95.0,0.0,0.0,0.0,0.0,128.0,400.0,26.0,9,1,0.5495934959349593,29.681644159312075,682.5,0.0,0.0,0.0,0.0,2
688.0,3.0,0.7063917093049517,0.0,0.0,0.0,0.0,0.0,32.0,2.0,0.482577565175012,0.0,0.0,93.43333333333334,0.0,0.0,0.0,0.0,178.0,3536.0,14.0,9,1,0.5495934959349593,19.899748742133013,675.0,0.0,0.0,0.0,0.0,2
696.0,9.0,1.6223746096204912,0.0,0.0,0.0,0.0,0.0,156.0,6.0,0.7455495081380341,0.0,0.0,89.75862068965517,0.0,0.0,0.0,0.0,156.0,4934.0,14.0,10,1,0.5495934959349593,19.899748742133013,675.0,0.0,0.0,0.0,0.0,2
662.0,3.0,0.1392384265226836,0.0,0.0,0.0,0.0,0.0,32.0,3.0,1.039720770836918,0.0,0.0,89.0,0.0,0.0,0.0,0.0,92.0,298.0,16.0,10,1,0.5495934959349593,18.832595855768027,676.0,0.0,0.0,0.0,0.0,2
660.0,2.0,0.102719710687904,0.0,0.0,0.0,0.0,0.0,52.0,5.0,1.2158887585313989,0.0,0.0,88.03333333333333,0.0,0.0,0.0,0.0,100.0,594.0,6.0,11,1,0.5495934959349593,18.211717839530984,676.5,0.0,0.0,0.0,0.0,2
662.0,4.0,0.4745710630930172,0.0,0.0,0.0,0.0,0.0,54.0,6.0,1.5419585886741,0.0,0.0,86.96551724137932,0.0,0.0,0.0,0.0,164.0,1064.0,20.0,11,1,0.5495934959349593,17.358955421722747,670.0,0.0,0.0,0.0,0.0,2
654.0,2.0,0.0372706338362792,0.0,0.0,0.0,0.0,0.0,24.0,3.0,0.7214636866895116,0.0,0.0,86.0,0.0,0.0,0.0,0.0,56.0,164.0,10.0,12,1,0.5495934959349593,3.785938897203428,659.5,0.0,0.0,0.0,0.0,2
658.0,4.0,0.4934926965785026,0.0,0.0,0.0,0.0,0.0,24.0,3.0,0.887694275796104,0.0,0.0,85.48275862068965,0.0,0.0,0.0,0.0,180.0,3706.0,16.0,12,1,0.5495934959349593,3.4156502553234582,658.5,0.0,0.0,0.0,0.0,2
666.0,3.0,0.4662199161265233,0.0,0.0,0.0,0.0,0.0,46.0,5.0,1.4098252028756162,0.0,0.0,84.0,0.0,0.0,0.0,0.0,300.0,2972.0,28.0,13,1,0.5495934959349593,5.163977794945598,660.0,0.0,0.0,0.0,0.0,2
706.0,6.0,1.1095431013949684,0.0,0.0,0.0,0.0,0.0,132.0,6.0,1.5667310053776768,0.0,0.0,80.9,0.0,0.0,0.0,0.0,664.0,3892.0,40.0,13,1,0.5495934959349593,23.86070689089821,671.0,0.0,0.0,0.0,0.0,2
684.0,2.0,0.2308119893502923,0.0,0.0,0.0,0.0,0.0,2.0,1.0,-1.000088900581841e-12,0.0,0.0,76.16666666666667,0.0,0.0,0.0,0.0,0.0,206.0,0.0,14,1,0.5495934959349593,21.3150963716648,678.5,0.0,0.0,0.0,0.0,2
670.0,5.0,0.4855258478517023,0.0,0.0,0.0,0.0,0.0,144.0,7.0,1.33398600166153,0.0,0.0,75.14285714285714,0.0,0.0,0.0,0.0,504.0,850.0,30.0,14,1,0.5495934959349593,18.06469853978631,681.5,0.0,0.0,0.0,0.0,2
704.0,4.0,0.717232019587899,0.0,0.0,0.0,0.0,0.0,146.0,8.0,1.5052978272513422,0.0,0.0,73.16666666666667,0.0,0.0,0.0,0.0,200.0,4236.0,22.0,15,1,0.5495934959349593,17.16585758611236,691.0,0.0,0.0,0.0,0.0,2
718.0,1.0,-1.000088900581841e-12,0.0,0.0,0.0,0.0,0.0,186.0,7.0,0.8978325573901117,0.0,0.0,67.73333333333333,0.0,0.0,0.0,0.0,0.0,4028.0,0.0,15,1,0.5495934959349593,21.22891110412145,694.0,0.0,0.0,0.0,0.0,2
392.0,4.0,0.4762803645583354,0.0,0.0,0.0,0.0,0.0,162.0,8.0,1.3653838119293598,0.0,0.0,62.46666666666667,0.0,0.0,0.0,0.0,60.0,2160.0,6.0,16,1,0.5495934959349593,153.99134174794816,621.0,0.0,0.0,0.0,0.0,1
692.0,4.0,0.8584637920819145,0.0,0.0,0.0,0.0,0.0,106.0,6.0,1.1318583863797709,0.0,0.0,57.48275862068966,0.0,0.0,0.0,0.0,468.0,5500.0,10.0,16,1,0.5495934959349593,156.6939692521701,626.5,0.0,0.0,0.0,0.0,2
660.0,1.0,-1.000088900581841e-12,0.0,0.0,0.0,0.0,0.0,52.0,4.0,1.0434033780421754,0.0,0.0,55.13333333333333,0.0,0.0,0.0,0.0,76.0,0.0,0.0,17,1,0.5495934959349593,150.8763290468942,615.5,0.0,0.0,0.0,0.0,2
458.0,1.0,-1.000088900581841e-12,0.0,0.0,0.0,0.0,0.0,58.0,4.0,1.153924893583464,0.0,0.0,54.310344827586206,0.0,0.0,0.0,0.0,0.0,0.0,0.0,17,1,0.5495934959349593,147.97634946166238,550.5,0.0,0.0,0.0,0.0,2
0.0,0.0,0.0,0.0,0.0,0.0,0.0,0.0,40.0,4.0,1.1058898790207634,0.0,0.0,54.0,48.0,0.0,0.0,0.0,74.0,0.0,0.0,18,1,0.5495934959349593,318.9581999781999,452.5,0.0,0.0,0.0,0.0,2
24.0,2.0,0.2868359830541607,0.0,0.0,0.0,0.0,0.0,50.0,7.0,1.516947801391172,0.0,0.0,53.785714285714285,0.0,0.0,0.0,0.0,68.0,568.0,10.0,18,1,0.5495934959349593,326.5470869568431,285.5,0.0,0.0,0.0,0.0,2
582.0,2.0,0.1929120925010857,0.0,0.0,0.0,0.0,0.0,62.0,7.0,1.6985369144714513,0.0,0.0,51.0,0.0,0.0,0.0,0.0,8.0,58.0,2.0,19,1,0.5495934959349593,297.79187362988944,266.0,0.0,0.0,0.0,0.0,1
646.0,1.0,-1.000088900581841e-12,0.0,0.0,0.0,0.0,0.0,84.0,2.0,0.410116318286409,0.0,0.0,50.46666666666667,0.0,0.0,0.0,0.0,0.0,0.0,0.0,19,1,0.5495934959349593,348.6832373372716,313.0,0.0,0.0,0.0,0.0,2
656.0,2.0,0.1146652822009065,0.0,0.0,0.0,0.0,0.0,142.0,5.0,0.9060607902824398,0.0,0.0,49.89655172413793,0.0,0.0,0.0,0.0,4.0,56.0,2.0,20,1,0.5495934959349593,303.7740388293027,477.0,0.0,0.0,0.0,0.0,2
696.0,5.0,1.174747862055537,0.0,0.0,0.0,2.0,0.0,322.0,8.0,1.398087163736259,0.0,0.0,48.43333333333333,0.0,0.0,0.0,0.0,2.0,206.0,2.0,20,1,0.5495934959349593,47.22993401082311,645.0,0.0,0.0,1.0,0.5,2
716.0,4.0,0.3640182465533068,0.0,0.0,0.0,2.0,0.0,228.0,7.0,1.3453807358330143,0.0,0.0,46.06666666666667,0.0,0.0,0.0,0.0,0.0,352.0,0.0,21,0,0.5495934959349593,33.040379335998935,678.5,0.0,0.0,1.1547005383792517,1.0,2
714.0,5.0,1.4315382977526707,0.0,0.0,0.0,2.0,0.0,260.0,4.0,0.3250885682299712,0.0,0.0,43.23333333333333,0.0,0.0,0.0,0.0,4.0,728.0,4.0,21,0,0.5495934959349593,27.82684555125449,695.5,0.0,0.0,1.0,1.5,2
718.0,1.0,-1.000088900581841e-12,0.0,0.0,0.0,0.0,0.0,118.0,2.0,0.1480422468242407,0.0,0.0,40.06666666666667,0.0,0.0,0.0,0.0,0.0,18.0,0.0,22,0,0.5495934959349593,10.13245610238236,711.0,0.0,0.0,1.0,1.5,2
442.0,1.0,-1.000088900581841e-12,0.0,0.0,0.0,0.0,0.0,64.0,3.0,0.538556946257942,0.0,0.0,37.333333333333336,0.0,0.0,0.0,0.0,0.0,20.0,0.0,22,0,0.5495934959349593,137.00973201443284,647.5,0.0,0.0,1.1547005383792517,1.0,2
286.0,4.0,0.592462996782475,0.0,0.0,0.0,2.0,0.0,62.0,4.0,1.0554236664168404,0.0,4.0,35.06666666666667,0.0,0.0,0.0,0.0,4.0,262.0,0.0,23,0,0.5495934959349593,212.97887219158628,540.0,0.0,0.0,1.1547005383792517,1.0,2
0.0,0.0,0.0,0.0,0.0,0.0,0.0,0.0,8.0,1.0,-1.000088900581841e-12,0.0,0.0,100.0,0.0,0.0,0.0,0.0,0.0,0.0,0.0,6,0,0.5495934959349593,0.0,0.0,0.0,0.0,0.0,0.0,2
694.0,8.0,1.7307438962477233,0.0,0.0,0.0,0.0,0.0,52.0,7.0,1.7125337915858787,0.0,0.0,98.63333333333334,0.0,0.0,0.0,0.0,28.0,966.0,6.0,7,0,0.5495934959349593,347.00000000000006,173.5,0.0,0.0,0.0,0.0,2
692.0,6.0,1.2932820959304911,0.0,0.0,0.0,0.0,0.0,66.0,4.0,1.115424638542739,0.0,0.0,94.82758620689656,0.0,0.0,0.0,0.0,56.0,554.0,2.0,7,0,0.5495934959349593,400.1045696648149,346.5,0.0,0.0,0.0,0.0,2
672.0,4.0,0.7227498265837259,0.0,0.0,0.0,0.0,0.0,60.0,3.0,0.948298010738558,0.0,0.0,91.16666666666669,0.0,0.0,0.0,0.0,16.0,648.0,4.0,8,1,0.5495934959349593,11.604596790354748,689.0,0.0,0.0,0.0,0.0,2
650.0,2.0,0.0374621215214669,0.0,0.0,0.0,0.0,0.0,408.0,5.0,0.7916668245042517,0.0,0.0,90.6206896551724,0.0,0.0,0.0,0.0,10.0,40.0,4.0,9,1,0.5495934959349593,21.72556098240148,678.0,0.0,0.0,0.0,0.0,2
668.0,4.0,0.3724553072230908,0.0,0.0,0.0,0.0,0.0,396.0,6.0,0.7865557371314654,0.0,0.0,89.93103448275862,0.0,0.0,0.0,0.0,26.0,460.0,6.0,9,1,0.5495934959349593,19.798989873224485,672.0,0.0,0.0,0.0,0.0,2
676.0,6.0,0.7523142243421754,0.0,0.0,0.0,0.0,0.0,48.0,5.0,1.5065784162553733,0.0,0.0,88.41379310344827,0.0,0.0,0.0,0.0,84.0,1124.0,12.0,10,1,0.5495934959349593,11.474609652041003,666.5,0.0,0.0,0.0,0.0,2
660.0,2.0,0.0369873274551349,0.0,0.0,0.0,0.0,0.0,126.0,6.0,0.9241212504379104,0.0,0.0,87.26666666666667,0.0,0.0,0.0,0.0,38.0,84.0,8.0,10,1,0.5495934959349593,11.12055154507691,663.5,0.0,0.0,0.0,0.0,2
656.0,3.0,0.1575662948188351,0.0,0.0,0.0,0.0,0.0,126.0,6.0,1.2199506336750292,0.0,0.0,87.0,0.0,0.0,0.0,0.0,20.0,118.0,6.0,11,1,0.5495934959349593,8.869423130435962,665.0,0.0,0.0,0.0,0.0,2
676.0,4.0,0.7996699066630755,0.0,0.0,0.0,0.0,0.0,144.0,7.0,1.003252099906704,0.0,0.0,85.06896551724138,0.0,0.0,0.0,0.0,68.0,1358.0,16.0,11,1,0.5495934959349593,10.51982255870851,667.0,0.0,0.0,0.0,0.0,2
674.0,5.0,0.289084314842006,0.0,0.0,0.0,0.0,0.0,106.0,5.0,1.342039802179944,0.0,0.0,83.55172413793103,0.0,0.0,0.0,0.0,76.0,634.0,14.0,12,1,0.5495934959349593,9.983319421250252,666.5,0.0,0.0,0.0,0.0,2
676.0,5.0,0.5782796344138974,0.0,0.0,0.0,0.0,0.0,144.0,6.0,1.0371189635354523,0.0,0.0,81.8,0.0,0.0,0.0,0.0,52.0,2292.0,14.0,12,1,0.5495934959349593,9.712534856224677,670.5,0.0,0.0,0.0,0.0,2
694.0,7.0,1.1623003472998148,0.0,0.0,0.0,0.0,0.0,138.0,4.0,1.1456419784010168,0.0,0.0,80.4,0.0,0.0,0.0,0.0,364.0,1854.0,42.0,13,1,0.5495934959349593,9.38083151964929,680.0,0.0,0.0,0.0,0.0,2
690.0,6.0,0.9909544344265162,0.0,0.0,0.0,0.0,0.0,306.0,4.0,0.5937296813899301,0.0,0.0,77.75862068965517,0.0,0.0,0.0,0.0,292.0,2948.0,38.0,13,1,0.5495934959349593,9.983319421250236,683.5,0.0,0.0,0.0,0.0,2
648.0,1.0,-1.000088900581841e-12,0.0,0.0,0.0,0.0,0.0,48.0,2.0,0.5117400734154094,0.0,0.0,77.0,0.0,0.0,0.0,0.0,32.0,0.0,0.0,14,1,0.5495934959349593,20.81665999466241,677.0,0.0,0.0,0.0,0.0,2
662.0,5.0,0.455973650042862,0.0,0.0,0.0,0.0,0.0,68.0,7.0,1.7782309816854815,0.0,0.0,76.82758620689656,0.0,0.0,0.0,0.0,94.0,754.0,14.0,14,1,0.5495934959349593,22.17355782608448,673.5,0.0,0.0,0.0,0.0,2
716.0,4.0,0.3102790004834224,0.0,0.0,0.0,0.0,0.0,120.0,4.0,0.702602108907459,0.0,0.0,75.03448275862068,0.0,0.0,0.0,0.0,174.0,476.0,16.0,15,1,0.5495934959349593,30.221405217715784,679.0,0.0,0.0,0.0,0.0,2
676.0,4.0,0.3365851703840127,0.0,0.0,0.0,0.0,0.0,124.0,5.0,1.0136665682791537,0.0,0.0,74.23333333333333,0.0,0.0,0.0,0.0,180.0,980.0,14.0,15,1,0.5495934959349593,29.32007276025611,675.5,0.0,0.0,0.0,0.0,2
686.0,4.0,0.4862174626766222,0.0,0.0,0.0,0.0,0.0,316.0,6.0,0.9101948119306033,0.0,0.0,72.82758620689656,0.0,0.0,0.0,0.0,324.0,644.0,54.0,16,1,0.5495934959349593,22.8910462845202,685.0,0.0,0.0,0.0,0.0,2
676.0,4.0,0.7483461657090754,0.0,0.0,0.0,0.0,0.0,308.0,4.0,0.917626809101495,0.0,0.0,71.16666666666667,0.0,0.0,0.0,0.0,186.0,274.0,20.0,16,1,0.5495934959349593,18.92969448600213,688.5,0.0,0.0,0.0,0.0,2
676.0,7.0,0.7332552691914727,0.0,0.0,0.0,0.0,0.0,56.0,4.0,1.0770870738595744,0.0,0.0,68.27586206896552,0.0,0.0,0.0,0.0,120.0,1936.0,14.0,17,1,0.5495934959349593,5.000000000004644,678.5,0.0,0.0,0.0,0.0,2
652.0,2.0,0.066189482254956,0.0,0.0,0.0,0.0,0.0,102.0,7.0,1.2508347382591674,0.0,0.0,67.93103448275862,0.0,0.0,0.0,0.0,38.0,118.0,8.0,17,1,0.5495934959349593,14.456832294802576,672.5,0.0,0.0,0.0,0.0,2
710.0,3.0,0.2843008817056141,0.0,0.0,0.0,0.0,0.0,166.0,8.0,0.7822627300692816,0.0,0.0,65.96666666666667,0.0,0.0,0.0,0.0,88.0,1308.0,14.0,18,1,0.5495934959349593,23.853720883754104,678.5,0.0,0.0,0.0,0.0,2
712.0,4.0,1.063630163525914,0.0,0.0,0.0,0.0,0.0,40.0,5.0,1.4964159349351391,0.0,0.0,63.86666666666667,0.0,0.0,0.0,0.0,224.0,1602.0,24.0,18,1,0.5495934959349593,28.861739379324423,687.5,0.0,0.0,0.0,0.0,2
718.0,1.0,-1.000088900581841e-12,0.0,0.0,0.0,0.0,0.0,0.0,0.0,0.0,0.0,0.0,58.310344827586206,0.0,0.0,0.0,0.0,0.0,1494.0,0.0,19,1,0.5495934959349593,30.85449724108377,698.0,0.0,0.0,0.0,0.0,2
716.0,7.0,1.3279462986450423,0.0,0.0,0.0,0.0,0.0,32.0,4.0,1.2342449455753288,0.0,0.0,52.55172413793103,0.0,0.0,0.0,0.0,148.0,3658.0,8.0,19,1,0.5495934959349593,3.651483716707324,714.0,0.0,0.0,0.0,0.0,2
702.0,3.0,0.2114183059931479,0.0,0.0,0.0,0.0,0.0,72.0,6.0,1.2153901953180326,0.0,0.0,51.0,0.0,0.0,0.0,0.0,102.0,188.0,12.0,20,1,0.5495934959349593,7.118052168024068,712.0,0.0,0.0,0.0,0.0,2
716.0,6.0,1.120714276745575,0.0,0.0,0.0,12.0,0.0,214.0,9.0,1.4727385169307934,0.0,0.0,49.03448275862069,0.0,0.0,0.0,0.0,56.0,4478.0,12.0,20,1,0.5495934959349593,7.39369100427602,713.0,0.0,0.0,6.0,3.0,2
718.0,6.0,1.0374338269076882,0.0,0.0,0.0,0.0,0.0,66.0,5.0,1.2632604639563567,0.0,0.0,45.9,0.0,0.0,0.0,0.0,0.0,2300.0,0.0,21,0,0.5495934959349593,7.39369100427602,713.0,0.0,0.0,6.0,3.0,2
718.0,5.0,0.5318282769089065,0.0,0.0,0.0,0.0,0.0,6.0,2.0,0.6365141682928128,0.0,0.0,42.03333333333333,0.0,0.0,0.0,0.0,0.0,680.0,0.0,21,0,0.5495934959349593,7.724420150840588,713.5,0.0,0.0,6.0,3.0,2
720.0,1.0,-1.000088900581841e-12,0.0,0.0,0.0,0.0,0.0,18.0,3.0,0.936888307536016,0.0,0.0,38.16666666666666,0.0,0.0,0.0,0.0,0.0,90.0,0.0,22,0,0.5495934959349593,1.6329931618693236,718.0,0.0,0.0,6.0,3.0,2
124.0,1.0,-1.000088900581841e-12,0.0,0.0,0.0,0.0,0.0,14.0,2.0,0.5982695885832573,0.0,0.0,34.36666666666667,0.0,0.0,0.0,0.0,0.0,196.0,0.0,22,0,0.5495934959349593,297.33482809788705,570.0,0.0,0.0,0.0,0.0,2
638.0,5.0,1.1266577411409702,0.0,0.0,0.0,12.0,0.0,78.0,7.0,1.5911176246433285,0.0,52.0,33.206896551724135,0.0,0.0,0.0,0.0,174.0,8394.0,6.0,23,0,0.5495934959349593,286.5565680047601,550.0,0.0,0.0,6.0,3.0,2
704.0,1.0,-1.000088900581841e-12,0.0,0.0,0.0,0.0,0.0,338.0,2.0,0.0891542786300054,0.0,0.0,45.2,0.0,0.0,0.0,0.0,0.0,0.0,0.0,23,0,0.5495934959349593,283.8937594711562,546.5,0.0,0.0,6.0,3.0,2
650.0,1.0,-1.000088900581841e-12,0.0,0.0,0.0,0.0,0.0,6.0,2.0,0.6365141682928128,0.0,0.0,61.833333333333336,0.0,0.0,0.0,0.0,0.0,0.0,0.0,0,0,0.5495934959349593,271.52163818009063,529.0,0.0,0.0,6.0,3.0,2
0.0,0.0,0.0,0.0,0.0,0.0,0.0,0.0,0.0,0.0,0.0,0.0,0.0,77.3,0.0,0.0,0.0,0.0,0.0,0.0,0.0,0,0,0.5495934959349593,333.238653220181,498.0,0.0,0.0,6.0,3.0,2
0.0,0.0,0.0,0.0,0.0,0.0,0.0,0.0,10.0,3.0,1.054920167983144,0.0,0.0,89.23333333333333,0.0,0.0,0.0,0.0,0.0,0.0,0.0,1,0,0.5495934959349593,391.4873348313242,338.5,0.0,0.0,0.0,0.0,2
0.0,0.0,0.0,0.0,0.0,0.0,0.0,0.0,4.0,1.0,-1.000088900581841e-12,0.0,0.0,95.9,0.0,0.0,0.0,0.0,0.0,0.0,0.0,1,0,0.5495934959349593,325.00000000000006,162.5,0.0,0.0,0.0,0.0,2
0.0,0.0,0.0,0.0,0.0,0.0,0.0,0.0,6.0,1.0,-1.000088900581841e-12,0.0,0.0,98.86206896551724,0.0,0.0,0.0,0.0,0.0,0.0,0.0,2,0,0.5495934959349593,0.0,0.0,0.0,0.0,0.0,0.0,2
0.0,0.0,0.0,0.0,0.0,0.0,0.0,0.0,4.0,1.0,-1.000088900581841e-12,0.0,0.0,100.0,0.0,0.0,0.0,0.0,0.0,0.0,0.0,2,0,0.5495934959349593,0.0,0.0,0.0,0.0,0.0,0.0,2
0.0,0.0,0.0,0.0,0.0,0.0,0.0,0.0,14.0,3.0,0.9556998911095343,0.0,0.0,100.0,0.0,0.0,0.0,0.0,0.0,0.0,0.0,3,0,0.5495934959349593,0.0,0.0,0.0,0.0,0.0,0.0,2
0.0,0.0,0.0,0.0,0.0,0.0,0.0,0.0,0.0,0.0,0.0,0.0,0.0,100.0,0.0,0.0,0.0,0.0,0.0,0.0,0.0,3,0,0.5495934959349593,0.0,0.0,0.0,0.0,0.0,0.0,2
0.0,0.0,0.0,0.0,0.0,0.0,0.0,0.0,6.0,1.0,-1.000088900581841e-12,0.0,0.0,100.0,0.0,0.0,0.0,0.0,0.0,0.0,0.0,4,0,0.5495934959349593,0.0,0.0,0.0,0.0,0.0,0.0,2
0.0,0.0,0.0,0.0,0.0,0.0,0.0,0.0,4.0,1.0,-1.000088900581841e-12,0.0,0.0,100.0,0.0,0.0,0.0,0.0,0.0,0.0,0.0,4,0,0.5495934959349593,0.0,0.0,0.0,0.0,0.0,0.0,2
0.0,0.0,0.0,0.0,0.0,0.0,0.0,0.0,12.0,2.0,0.6365141682928128,0.0,0.0,100.0,0.0,0.0,0.0,0.0,0.0,0.0,0.0,5,0,0.5495934959349593,0.0,0.0,0.0,0.0,0.0,0.0,2
0.0,0.0,0.0,0.0,0.0,0.0,0.0,0.0,14.0,2.0,0.6829081046984717,0.0,0.0,100.0,0.0,0.0,0.0,0.0,0.0,0.0,0.0,5,0,0.5495934959349593,0.0,0.0,0.0,0.0,0.0,0.0,2
0.0,0.0,0.0,0.0,0.0,0.0,0.0,0.0,12.0,2.0,0.6365141682928128,0.0,0.0,100.0,0.0,0.0,0.0,0.0,0.0,0.0,0.0,6,0,0.5495934959349593,0.0,0.0,0.0,0.0,0.0,0.0,2
0.0,0.0,0.0,0.0,0.0,0.0,0.0,0.0,8.0,1.0,-1.000088900581841e-12,0.0,0.0,100.0,0.0,0.0,0.0,0.0,0.0,0.0,0.0,6,0,0.5495934959349593,0.0,0.0,0.0,0.0,0.0,0.0,2
692.0,7.0,1.3924597662332665,0.0,0.0,0.0,0.0,0.0,50.0,7.0,1.565701696843126,0.0,0.0,99.55172413793105,0.0,0.0,0.0,0.0,288.0,3582.0,6.0,7,0,0.5495934959349593,346.00000000000006,173.0,0.0,0.0,0.0,0.0,2
692.0,4.0,0.9388648453607624,0.0,0.0,0.0,0.0,0.0,44.0,4.0,1.1231308210736977,0.0,0.0,96.2,0.0,0.0,0.0,0.0,536.0,2190.0,34.0,7,0,0.5495934959349593,399.5263862792211,346.0,0.0,0.0,0.0,0.0,2
658.0,4.0,0.1882158560052125,0.0,0.0,0.0,0.0,0.0,104.0,6.0,1.269367881376608,0.0,0.0,92.03448275862068,0.0,0.0,0.0,0.0,16.0,72.0,14.0,8,1,0.5495934959349593,38.79862540520448,663.0,0.0,0.0,0.0,0.0,2
680.0,3.0,0.7114320525583451,0.0,0.0,0.0,0.0,0.0,556.0,5.0,0.2196750891331539,0.0,0.0,91.9,0.0,0.0,0.0,0.0,4.0,182.0,4.0,9,1,0.5495934959349593,36.18471132029906,660.0,0.0,0.0,0.0,0.0,2
718.0,1.0,-1.000088900581841e-12,0.0,0.0,0.0,0.0,0.0,816.0,4.0,0.1383969693981658,0.0,0.0,89.56666666666666,0.0,0.0,0.0,0.0,4.0,316.0,2.0,9,1,0.5495934959349593,45.08880127038248,666.5,0.0,0.0,0.0,0.0,2
686.0,6.0,0.9305773643231666,0.0,0.0,0.0,0.0,0.0,1916.0,6.0,0.1477684319626039,0.0,0.0,87.63333333333334,0.0,0.0,0.0,0.0,4.0,386.0,4.0,10,1,0.5495934959349593,24.785748593362623,685.5,0.0,0.0,0.0,0.0,3
708.0,6.0,1.127549909694308,0.0,0.0,0.0,0.0,0.0,130.0,6.0,1.255103656905212,0.0,0.0,84.4,0.0,4.0,0.0,4.0,124.0,224.0,12.0,10,1,0.5495934959349593,17.96292478041121,698.0,0.0,0.0,0.0,0.0,2
666.0,7.0,1.2459601004750662,0.0,0.0,0.0,0.0,0.0,78.0,4.0,1.3072878258739613,0.0,0.0,82.13793103448276,0.0,0.0,6.0,0.0,22.0,528.0,6.0,11,1,0.5495934959349593,23.230726778702195,694.5,0.0,0.0,0.0,0.0,2
670.0,3.0,0.662849763504066,0.0,0.0,0.0,0.0,0.0,12.0,2.0,0.6365141682928128,0.0,0.0,81.55172413793103,0.0,0.0,0.0,0.0,14.0,906.0,8.0,11,1,0.5495934959349593,19.070046320518223,682.5,0.0,0.0,0.0,0.0,2
690.0,7.0,0.8000982352471355,0.0,0.0,0.0,0.0,0.0,310.0,7.0,1.2748607732724713,0.0,0.0,79.72413793103448,0.0,0.0,0.0,0.0,76.0,1232.0,12.0,12,1,0.5495934959349593,19.41648783894873,683.5,0.0,0.0,0.0,0.0,2
716.0,4.0,1.0758320186088135,0.0,0.0,0.0,0.0,0.0,46.0,4.0,1.1748324839020403,0.0,0.0,72.33333333333333,0.0,0.0,0.0,0.0,54.0,1860.0,12.0,12,1,0.5495934959349593,22.88376425911416,685.5,0.0,0.0,0.0,0.0,2
700.0,4.0,0.724164944060859,0.0,0.0,0.0,0.0,0.0,140.0,7.0,1.0510733162790746,0.0,0.0,68.0,0.0,0.0,0.0,0.0,86.0,166.0,6.0,13,1,0.5495934959349593,19.25270543759268,694.0,0.0,0.0,0.0,0.0,2
714.0,4.0,0.1176656706903313,0.0,0.0,0.0,0.0,0.0,58.0,4.0,1.153924893583464,0.0,0.0,68.0,0.0,0.0,0.0,0.0,48.0,134.0,12.0,13,1,0.5495934959349593,12.274635093016434,705.0,0.0,0.0,0.0,0.0,2
692.0,4.0,0.792497074632377,0.0,0.0,0.0,0.0,0.0,92.0,5.0,0.8522537573056493,0.0,0.0,68.0,0.0,0.0,0.0,0.0,52.0,796.0,10.0,14,1,0.5495934959349593,11.474609652040916,705.5,0.0,0.0,0.0,0.0,2
640.0,6.0,0.5398671202030233,0.0,0.0,0.0,0.0,0.0,90.0,8.0,1.639372638840306,0.0,0.0,67.6896551724138,0.0,0.0,0.0,0.0,70.0,616.0,8.0,14,1,0.5495934959349593,32.305830227169686,686.5,0.0,0.0,0.0,0.0,2
684.0,6.0,0.8906254654747309,0.0,0.0,0.0,0.0,0.0,66.0,6.0,1.6340203634180024,0.0,0.0,66.86206896551724,0.0,0.0,0.0,0.0,112.0,810.0,16.0,15,1,0.5495934959349593,31.04298095651754,682.5,0.0,0.0,0.0,0.0,2
686.0,5.0,0.8594950912911746,0.0,0.0,0.0,0.0,0.0,18.0,3.0,0.9950269901765214,0.0,0.0,64.43333333333334,0.0,0.0,0.0,0.0,114.0,1276.0,8.0,15,1,0.5495934959349593,23.909551787239984,675.5,0.0,0.0,0.0,0.0,3
656.0,2.0,0.0520409830066284,0.0,0.0,0.0,0.0,0.0,54.0,7.0,1.4639195575892905,0.0,0.0,63.41379310344828,0.0,0.0,0.0,0.0,48.0,102.0,4.0,16,1,0.5495934959349593,22.35322497239964,666.5,0.0,0.0,0.0,0.0,2
652.0,3.0,0.1000571721116291,0.0,0.0,0.0,0.0,0.0,28.0,5.0,1.4377014436379416,0.0,0.0,63.0,0.0,0.0,0.0,0.0,24.0,0.0,4.0,16,1,0.5495934959349593,17.990738358019396,669.5,0.0,0.0,0.0,0.0,2
662.0,4.0,0.4628167360554255,0.0,0.0,0.0,0.0,0.0,28.0,6.0,1.7347645210197753,0.0,0.0,61.89655172413793,0.0,0.0,0.0,0.0,48.0,456.0,6.0,17,1,0.5495934959349593,15.231546211729247,664.0,0.0,0.0,0.0,0.0,2
670.0,4.0,0.3263130853308472,0.0,0.0,0.0,0.0,0.0,46.0,5.0,1.2953798196505963,0.0,0.0,60.46666666666667,0.0,0.0,0.0,0.0,102.0,252.0,16.0,17,1,0.5495934959349593,7.83156008298326,660.0,0.0,0.0,0.0,0.0,2
718.0,4.0,0.4686593949373824,0.0,0.0,0.0,0.0,0.0,10.0,3.0,0.9502705392302344,0.0,0.0,52.3,0.0,0.0,0.0,0.0,0.0,1648.0,0.0,18,1,0.5495934959349593,30.199337741083696,692.0,0.0,0.0,0.0,0.0,2
678.0,5.0,1.1313034025199629,0.0,0.0,0.0,0.0,0.0,18.0,3.0,1.0986122886651095,0.0,0.0,49.13793103448276,0.0,0.0,0.0,0.0,82.0,1256.0,6.0,19,1,0.5495934959349593,25.61249694973222,696.0,0.0,0.0,0.0,0.0,2
590.0,1.0,-1.000088900581841e-12,0.0,0.0,0.0,0.0,0.0,16.0,2.0,0.5623351446168083,0.0,0.0,49.0,0.0,0.0,0.0,0.0,0.0,0.0,0.0,19,1,0.5495934959349593,60.35450825470048,676.0,0.0,0.0,0.0,0.0,2
650.0,3.0,0.789438007949731,0.0,0.0,0.0,0.0,0.0,42.0,7.0,1.740422954439898,0.0,0.0,49.0,0.0,0.0,0.0,0.0,28.0,240.0,6.0,20,1,0.5495934959349593,53.80210652629419,659.0,0.0,0.0,0.0,0.0,2
658.0,2.0,0.0370812454608741,0.0,0.0,0.0,0.0,0.0,74.0,9.0,1.768185609011161,0.0,0.0,48.13333333333333,0.0,0.0,0.0,0.0,84.0,98.0,2.0,20,1,0.5495934959349593,37.876993896912,644.0,0.0,0.0,0.0,0.0,2
720.0,3.0,0.1340808885494641,0.0,0.0,0.0,0.0,0.0,46.0,3.0,0.4702359623522493,0.0,0.0,45.5,0.0,0.0,0.0,0.0,24.0,204.0,6.0,21,0,0.5495934959349593,53.17580903631565,654.5,0.0,0.0,0.0,0.0,2
718.0,8.0,1.1957153851148907,0.0,0.0,0.0,8.0,0.0,108.0,5.0,1.2631267521095888,0.0,0.0,41.266666666666666,0.0,0.0,0.0,0.0,54.0,1250.0,4.0,21,0,0.5495934959349593,37.67846422914168,686.5,0.0,0.0,4.0,2.0,1
718.0,3.0,0.2324306230316619,0.0,0.0,0.0,0.0,0.0,176.0,6.0,1.4912047783770823,0.0,0.0,37.833333333333336,0.0,0.0,0.0,0.0,0.0,1514.0,0.0,22,0,0.5495934959349593,30.347981810987747,703.5,0.0,0.0,4.0,2.0,2
718.0,5.0,0.8550578932814843,0.0,0.0,0.0,0.0,0.0,144.0,5.0,1.1805685835897772,0.0,0.0,35.36666666666667,0.0,0.0,0.0,0.0,0.0,3254.0,0.0,22,0,0.5495934959349593,1.0000000000217997,718.5,0.0,0.0,4.0,2.0,2
718.0,3.0,0.4323983924862183,0.0,0.0,0.0,0.0,0.0,46.0,2.0,0.2954391918701161,0.0,0.0,31.866666666666667,0.0,0.0,0.0,0.0,0.0,2326.0,0.0,23,0,0.5495934959349593,0.0,718.0,0.0,0.0,4.0,2.0,2
720.0,1.0,-1.000088900581841e-12,0.0,0.0,0.0,0.0,0.0,10.0,1.0,-1.000088900581841e-12,0.0,0.0,28.566666666666663,0.0,0.0,0.0,0.0,0.0,82.0,0.0,23,0,0.5495934959349593,1.0000000000217997,718.5,0.0,0.0,0.0,0.0,2
708.0,5.0,1.2223595879798723,0.0,0.0,0.0,6.0,0.0,10.0,3.0,0.9502705392302344,0.0,22.0,25.24137931034483,0.0,0.0,0.0,0.0,32.0,3984.0,6.0,0,0,0.5495934959349593,5.416025603094656,716.0,0.0,0.0,3.0,1.5,1
716.0,3.0,0.3512555102673934,0.0,0.0,0.0,0.0,0.0,12.0,3.0,1.0986122886651095,0.0,0.0,92.9,0.0,0.0,0.0,0.0,32.0,1878.0,4.0,10,1,0.5495934959349593,385.2215812576792,331.5,0.0,0.0,0.0,0.0,2
652.0,2.0,0.1263241190483765,0.0,0.0,0.0,0.0,0.0,40.0,7.0,1.5910929054097251,0.0,0.0,91.0,0.0,0.0,0.0,0.0,0.0,10.0,0.0,11,1,0.5495934959349593,332.535211168181,494.5,0.0,0.0,0.0,0.0,2
654.0,3.0,0.215372907626151,0.0,0.0,0.0,0.0,0.0,38.0,9.0,1.9356732692697167,0.0,0.0,90.53333333333332,0.0,0.0,0.0,0.0,64.0,1154.0,6.0,11,1,0.5495934959349593,43.66539438350114,658.0,0.0,0.0,0.0,0.0,2
672.0,4.0,0.9294347991550532,0.0,0.0,0.0,0.0,0.0,208.0,5.0,0.931492552927758,0.0,0.0,89.82758620689656,0.0,0.0,0.0,0.0,96.0,816.0,10.0,12,1,0.5495934959349593,29.726531359489165,673.5,0.0,0.0,0.0,0.0,2
658.0,5.0,0.3136132814390283,0.0,0.0,0.0,0.0,0.0,56.0,3.0,1.0933747175536468,0.0,0.0,88.5,0.0,0.0,0.0,0.0,270.0,1216.0,28.0,12,1,0.5495934959349593,9.018499505647265,659.0,0.0,0.0,0.0,0.0,2
708.0,7.0,1.543272466493353,0.0,0.0,0.0,0.0,0.0,112.0,7.0,1.5669489175790587,0.0,0.0,86.63333333333334,0.0,0.0,0.0,0.0,134.0,2682.0,14.0,13,1,0.5495934959349593,24.57641145488955,673.0,0.0,0.0,0.0,0.0,2
658.0,3.0,0.2495976333552571,0.0,0.0,0.0,0.0,0.0,104.0,8.0,1.2248430367675671,0.0,0.0,85.0,0.0,0.0,0.0,0.0,102.0,36.0,0.0,13,1,0.5495934959349593,23.607908279501583,674.0,0.0,0.0,0.0,0.0,2
664.0,3.0,0.2522566833235727,0.0,0.0,0.0,0.0,0.0,232.0,8.0,1.406756973683716,0.0,0.0,83.96666666666667,0.0,0.0,0.0,0.0,170.0,1118.0,14.0,14,1,0.5495934959349593,24.16609194718968,672.0,0.0,0.0,0.0,0.0,2
654.0,1.0,-1.000088900581841e-12,0.0,0.0,0.0,0.0,0.0,56.0,2.0,0.410116318286409,0.0,0.0,83.0,0.0,0.0,0.0,0.0,0.0,0.0,0.0,14,1,0.5495934959349593,25.00666577801525,671.0,0.0,0.0,0.0,0.0,2
668.0,2.0,0.0777571918849463,0.0,0.0,0.0,0.0,0.0,164.0,7.0,1.01100469525018,0.0,0.0,82.51724137931035,0.0,0.0,0.0,0.0,34.0,214.0,8.0,15,1,0.5495934959349593,6.218252702061261,661.0,0.0,0.0,0.0,0.0,3
664.0,3.0,0.3026372429201051,0.0,0.0,0.0,0.0,0.0,230.0,5.0,0.8051845470172696,0.0,0.0,81.73333333333333,0.0,0.0,0.0,0.0,76.0,822.0,20.0,15,1,0.5495934959349593,5.972157622391775,662.5,0.0,0.0,0.0,0.0,2
682.0,3.0,0.1470642692325215,0.0,0.0,0.0,0.0,0.0,100.0,4.0,1.0516129079857213,0.0,0.0,80.06896551724138,0.0,0.0,0.0,0.0,306.0,730.0,22.0,16,1,0.5495934959349593,11.604596790353906,667.0,0.0,0.0,0.0,0.0,2
658.0,3.0,0.2160122322621109,0.0,0.0,0.0,0.0,0.0,100.0,3.0,0.8441124264514575,0.0,0.0,78.46666666666667,0.0,0.0,0.0,0.0,156.0,402.0,26.0,16,1,0.5495934959349593,10.198039027186818,668.0,0.0,0.0,0.0,0.0,2
678.0,3.0,0.2189286401984214,0.0,0.0,0.0,0.0,0.0,192.0,6.0,1.2986972925635203,0.0,0.0,77.63333333333334,0.0,0.0,0.0,0.0,82.0,158.0,8.0,17,1,0.5495934959349593,11.357816691601668,670.5,0.0,0.0,0.0,0.0,2
684.0,8.0,0.8363603271755939,0.0,0.0,0.0,6.0,0.0,136.0,7.0,1.3915598508489828,0.0,0.0,75.43333333333334,0.0,0.0,0.0,0.0,188.0,2020.0,22.0,17,1,0.5495934959349593,11.930353445449928,675.5,0.0,0.0,3.0,1.5,2
718.0,2.0,0.0733549878970681,0.0,0.0,0.0,0.0,0.0,204.0,5.0,1.344250078830994,0.0,0.0,71.33333333333333,0.0,0.0,0.0,0.0,0.0,7190.0,0.0,18,1,0.5495934959349593,24.94660965609072,684.5,0.0,0.0,3.0,1.5,2
702.0,6.0,1.2276496681078688,0.0,0.0,0.0,6.0,0.0,182.0,6.0,1.4763637505292824,0.0,0.0,67.13333333333334,0.0,0.0,0.0,0.0,116.0,2698.0,6.0,18,1,0.5495934959349593,18.13835714721774,695.5,0.0,0.0,3.4641016151377544,3.0,2
666.0,4.0,0.1657670509667958,0.0,0.0,0.0,0.0,0.0,116.0,6.0,1.3040557542799538,0.0,0.0,66.0,0.0,0.0,0.0,0.0,238.0,464.0,12.0,19,1,0.5495934959349593,22.47220505424479,692.5,0.0,0.0,3.4641016151377544,3.0,2
678.0,6.0,1.058742733441668,0.0,0.0,0.0,0.0,0.0,134.0,6.0,1.3903101698838345,0.0,0.0,64.72413793103448,0.0,0.0,0.0,0.0,190.0,3216.0,30.0,19,1,0.5495934959349593,23.409399821439784,691.0,0.0,0.0,3.0,1.5,2
716.0,3.0,0.2082453547459341,0.0,0.0,0.0,0.0,0.0,198.0,9.0,1.5062450406884835,0.0,0.0,61.1,0.0,0.0,0.0,0.0,78.0,5132.0,14.0,20,1,0.5495934959349593,22.6495033058128,690.5,0.0,0.0,3.0,1.5,2
716.0,6.0,1.5597033217093466,0.0,0.0,0.0,12.0,0.0,338.0,9.0,1.5772948016853476,0.0,0.0,55.333333333333336,0.0,0.0,0.0,0.0,158.0,4018.0,22.0,20,1,0.5495934959349593,25.87147721591016,694.0,0.0,0.0,6.0,3.0,2
718.0,4.0,0.2590139532629535,0.0,0.0,0.0,0.0,0.0,296.0,6.0,1.4736271495561606,0.0,0.0,51.13333333333333,0.0,0.0,0.0,0.0,0.0,2808.0,0.0,21,0,0.5495934959349593,19.35630818794461,707.0,0.0,0.0,6.0,3.0,2
720.0,7.0,0.5377125828592907,0.0,0.0,0.0,0.0,0.0,76.0,4.0,0.8215487366519789,0.0,0.0,47.13333333333333,0.0,0.0,0.0,0.0,0.0,1536.0,0.0,21,0,0.5495934959349593,1.9148542155192416,717.5,0.0,0.0,6.0,3.0,2
718.0,4.0,0.2631452553122013,0.0,0.0,0.0,0.0,0.0,122.0,5.0,1.1591607231557584,0.0,0.0,42.53333333333333,0.0,0.0,0.0,0.0,0.0,1834.0,0.0,22,0,0.5495934959349593,1.6329931618631508,718.0,0.0,0.0,6.0,3.0,2
718.0,5.0,0.7886232877445201,0.0,0.0,0.0,0.0,0.0,54.0,5.0,1.446440604255893,0.0,0.0,37.9,0.0,0.0,0.0,0.0,0.0,692.0,0.0,22,0,0.5495934959349593,1.0000000000125813,718.5,0.0,0.0,0.0,0.0,2
720.0,1.0,-1.000088900581841e-12,0.0,0.0,0.0,0.0,0.0,26.0,3.0,1.0123308391001735,0.0,0.0,33.96666666666667,0.0,0.0,0.0,0.0,0.0,122.0,0.0,23,0,0.5495934959349593,1.1547005383901554,719.0,0.0,0.0,0.0,0.0,2
330.0,1.0,-1.000088900581841e-12,0.0,0.0,0.0,0.0,0.0,26.0,3.0,1.0123308391001735,0.0,0.0,30.0,0.0,0.0,0.0,0.0,0.0,44.0,0.0,23,0,0.5495934959349593,194.33562034103105,621.5,0.0,0.0,0.0,0.0,2
396.0,6.0,1.2341724716352682,0.0,0.0,0.0,18.0,0.0,40.0,5.0,1.333074293471779,0.0,32.0,26.379310344827587,0.0,0.0,0.0,0.0,42.0,2654.0,6.0,0,0,0.5495934959349593,207.29688854394325,541.0,0.0,0.0,9.0,4.5,2
720.0,2.0,0.019124205150122,0.0,0.0,0.0,0.0,0.0,122.0,3.0,0.3387127837064985,0.0,0.0,93.96666666666668,0.0,0.0,0.0,0.0,0.0,848.0,0.0,10,1,0.5495934959349593,348.711915483254,280.0,0.0,0.0,1.0,0.5,2
696.0,6.0,0.8852145697644197,0.0,0.0,0.0,2.0,0.0,128.0,6.0,1.116845165845929,0.0,0.0,90.0,0.0,0.0,0.0,0.0,4.0,762.0,0.0,11,1,0.5495934959349593,335.83329197683787,454.0,0.0,0.0,1.1547005383792517,1.0,2
656.0,3.0,0.6924782777403412,0.0,0.0,0.0,0.0,0.0,26.0,5.0,1.5193826646373014,0.0,0.0,89.0,0.0,0.0,0.0,0.0,10.0,14.0,2.0,11,1,0.5495934959349593,147.7114303859613,618.0,0.0,0.0,1.1547005383792517,1.0,2
696.0,9.0,1.5038152005715997,0.0,0.0,0.0,0.0,0.0,54.0,5.0,1.4919941730597024,0.0,0.0,88.4,0.0,0.0,0.0,0.0,14.0,1422.0,4.0,12,1,0.5495934959349593,26.53299832284369,692.0,0.0,0.0,1.0,0.5,2
716.0,6.0,0.5335657768098423,0.0,0.0,0.0,0.0,0.0,52.0,5.0,1.45083656701405,0.0,0.0,86.43333333333334,0.0,0.0,0.0,0.0,20.0,1338.0,4.0,12,1,0.5495934959349593,25.16611478423635,691.0,0.0,0.0,1.0,0.5,2
714.0,4.0,0.4175666719371524,0.0,0.0,0.0,0.0,0.0,86.0,5.0,1.0897568276726477,0.0,0.0,85.8,0.0,0.0,0.0,0.0,12.0,684.0,6.0,13,1,0.5495934959349593,27.826845551254262,695.5,0.0,0.0,0.0,0.0,2
712.0,8.0,0.9252043203944132,0.0,0.0,0.0,0.0,0.0,106.0,7.0,1.3908018552618808,0.0,0.0,84.43333333333334,0.0,0.0,0.0,0.0,32.0,198.0,16.0,13,1,0.5495934959349593,9.146948489342936,709.5,0.0,0.0,0.0,0.0,2
676.0,4.0,0.6301509423571922,0.0,0.0,0.0,0.0,0.0,192.0,6.0,1.4166762561313404,0.0,0.0,82.33333333333333,0.0,0.0,0.0,0.0,36.0,2510.0,16.0,14,1,0.5495934959349593,19.07004632051776,704.5,0.0,0.0,0.0,0.0,3
660.0,3.0,0.4211954732659058,0.0,0.0,0.0,0.0,0.0,106.0,5.0,0.6507102566472373,0.0,0.0,81.03448275862068,0.0,0.0,0.0,0.0,0.0,298.0,0.0,14,1,0.5495934959349593,26.80174123696741,690.5,0.0,0.0,0.0,0.0,2
664.0,1.0,-1.000088900581841e-12,0.0,0.0,0.0,0.0,0.0,184.0,6.0,1.254347051528194,0.0,0.0,80.1,0.0,0.0,0.0,0.0,4.0,0.0,0.0,15,1,0.5495934959349593,23.664319132399,678.0,0.0,0.0,0.0,0.0,2
690.0,7.0,0.9958696004557296,0.0,0.0,0.0,0.0,0.0,380.0,9.0,1.5735923371309617,0.0,0.0,78.48275862068965,0.0,0.0,0.0,0.0,46.0,1280.0,12.0,15,1,0.5495934959349593,13.503086067020323,672.5,0.0,0.0,0.0,0.0,3
716.0,4.0,0.5961214488701887,0.0,0.0,0.0,4.0,0.0,218.0,3.0,0.6460632903257097,0.0,0.0,75.43333333333334,0.0,0.0,0.0,0.0,40.0,338.0,4.0,16,1,0.5495934959349593,25.993588953176346,682.5,0.0,0.0,2.0,1.0,3
716.0,9.0,1.186165012751197,0.0,0.0,0.0,4.0,0.0,264.0,8.0,1.2780332157412342,0.0,0.0,72.16666666666667,0.0,0.0,0.0,0.0,40.0,1084.0,10.0,16,1,0.5495934959349593,24.893104801665288,696.5,0.0,0.0,2.309401076758503,2.0,2
700.0,4.0,0.3269144820233306,0.0,0.0,0.0,0.0,0.0,158.0,8.0,1.5567757007338732,0.0,0.0,70.1,0.0,0.0,0.0,0.0,24.0,484.0,6.0,17,1,0.5495934959349593,12.793227374931275,705.5,0.0,0.0,2.309401076758503,2.0,2
656.0,3.0,0.1734200572088127,0.0,0.0,0.0,0.0,0.0,106.0,7.0,1.3524756149376382,0.0,0.0,70.0,0.0,0.0,0.0,0.0,8.0,636.0,8.0,17,1,0.5495934959349593,28.35489375751608,697.0,0.0,0.0,2.309401076758503,2.0,2
658.0,1.0,-1.000088900581841e-12,0.0,0.0,0.0,0.0,0.0,136.0,6.0,1.1747760319859268,0.0,0.0,69.27586206896552,0.0,0.0,0.0,0.0,16.0,0.0,0.0,18,1,0.5495934959349593,30.171730698343385,682.5,0.0,0.0,2.0,1.0,2
674.0,5.0,0.6995298803047201,0.0,0.0,0.0,10.0,0.0,146.0,4.0,0.9700244147189264,0.0,0.0,67.56666666666666,0.0,0.0,0.0,0.0,28.0,1634.0,8.0,18,1,0.5495934959349593,20.33060090930313,672.0,0.0,0.0,5.0,2.5,2
670.0,4.0,0.5314514026472836,0.0,0.0,0.0,0.0,0.0,116.0,5.0,0.831154056934491,0.0,0.0,65.3103448275862,0.0,0.0,0.0,0.0,52.0,756.0,2.0,19,1,0.5495934959349593,8.85061203156916,664.5,0.0,0.0,5.0,2.5,2
692.0,6.0,1.1626870376436602,0.0,0.0,0.0,0.0,0.0,160.0,7.0,0.9096208215898182,0.0,0.0,64.16666666666667,0.0,0.0,0.0,0.0,70.0,1578.0,8.0,19,1,0.5495934959349593,14.08308678285256,673.5,0.0,0.0,5.0,2.5,2
718.0,5.0,0.4033997164330625,0.0,0.0,0.0,8.0,0.0,290.0,5.0,1.1320937062583978,0.0,0.0,61.1,0.0,0.0,0.0,0.0,0.0,1686.0,0.0,20,1,0.5495934959349593,21.87083293643288,688.5,0.0,0.0,5.259911279353167,4.5,2
718.0,6.0,1.07584376368444,0.0,0.0,0.0,0.0,0.0,178.0,9.0,1.681189780232987,0.0,0.0,57.36666666666667,0.0,0.0,0.0,0.0,0.0,1972.0,0.0,20,1,0.5495934959349593,23.17326045251344,699.5,0.0,0.0,4.0,2.0,2
718.0,3.0,0.146296444497932,0.0,0.0,0.0,0.0,0.0,162.0,4.0,0.7413968374021087,0.0,0.0,53.2,0.0,0.0,0.0,0.0,0.0,2050.0,0.0,21,0,0.5495934959349593,13.000000000000876,711.5,0.0,0.0,4.0,2.0,2
718.0,9.0,1.2102813383515645,0.0,0.0,0.0,0.0,0.0,648.0,7.0,1.3905509977422217,0.0,0.0,48.833333333333336,0.0,0.0,0.0,0.0,0.0,4386.0,0.0,21,0,0.5495934959349593,0.0,718.0,0.0,0.0,4.0,2.0,2
718.0,11.0,1.9992978420193328,0.0,0.0,0.0,0.0,0.0,482.0,7.0,1.496946577975503,0.0,0.0,44.1,0.0,0.0,0.0,0.0,78.0,4510.0,10.0,22,0,0.5495934959349593,0.0,718.0,0.0,0.0,0.0,0.0,1
712.0,7.0,1.4232562102157262,0.0,0.0,0.0,10.0,0.0,204.0,5.0,1.4272036218390074,0.0,0.0,40.8,0.0,0.0,0.0,0.0,76.0,2888.0,20.0,22,0,0.5495934959349593,3.000000000003793,716.5,0.0,0.0,5.0,2.5,2
716.0,1.0,-1.000088900581841e-12,0.0,0.0,0.0,0.0,0.0,78.0,3.0,0.7796218422686849,0.0,0.0,37.66666666666666,0.0,0.0,0.0,0.0,0.0,178.0,0.0,23,0,0.5495934959349593,2.828427124750213,716.0,0.0,0.0,5.0,2.5,2
714.0,7.0,1.0910595152367442,0.0,0.0,0.0,4.0,0.0,16.0,3.0,0.9743147528663494,0.0,16.0,37.23333333333333,0.0,0.0,0.0,0.0,32.0,1630.0,0.0,23,0,0.5495934959349593,2.581988897476025,715.0,0.0,0.0,4.725815626252608,3.5,2
672.0,5.0,1.0050958319622918,0.0,0.0,0.0,0.0,0.0,46.0,5.0,1.4743695449147018,0.0,0.0,90.0,0.0,0.0,0.0,0.0,102.0,538.0,12.0,8,1,0.5495934959349593,17.540429489231045,691.5,0.0,0.0,0.0,0.0,2
672.0,5.0,0.6605630543815084,0.0,0.0,0.0,0.0,0.0,26.0,4.0,1.2711814802565795,0.0,0.0,88.43333333333334,0.0,0.0,0.0,0.0,16.0,1658.0,6.0,9,1,0.5495934959349593,19.89974874213288,689.0,0.0,0.0,0.0,0.0,2
654.0,3.0,0.0745036292332202,0.0,0.0,0.0,0.0,0.0,28.0,4.0,1.3013055504329103,0.0,0.0,88.0,0.0,0.0,0.0,0.0,30.0,76.0,8.0,9,1,0.5495934959349593,19.89974874213288,675.0,0.0,0.0,0.0,0.0,2
710.0,6.0,0.9650860629432596,0.0,0.0,0.0,0.0,0.0,144.0,4.0,1.0734105678680277,0.0,0.0,85.93333333333334,0.0,0.0,0.0,0.0,60.0,7870.0,12.0,10,1,0.5495934959349593,23.5796522451036,677.0,0.0,0.0,0.0,0.0,3
664.0,5.0,0.537113424435135,0.0,0.0,0.0,0.0,0.0,132.0,4.0,0.6955712244933169,0.0,0.0,83.23333333333333,0.0,0.0,0.0,0.0,44.0,1166.0,10.0,10,1,0.5495934959349593,24.46766573800382,675.0,0.0,0.0,0.0,0.0,2
674.0,5.0,0.515800247756794,0.0,0.0,0.0,0.0,0.0,130.0,7.0,1.3229353116987017,0.0,0.0,82.4,0.0,0.0,0.0,0.0,102.0,422.0,12.0,11,1,0.5495934959349593,24.40628334398103,675.5,0.0,0.0,0.0,0.0,3
654.0,2.0,0.0372706338362792,0.0,0.0,0.0,0.0,0.0,34.0,5.0,1.4828233757630689,0.0,0.0,80.83333333333333,0.0,0.0,0.0,0.0,124.0,266.0,12.0,11,1,0.5495934959349593,24.40628334398103,675.5,0.0,0.0,0.0,0.0,3
674.0,7.0,0.9368510401896948,0.0,0.0,0.0,0.0,0.0,342.0,5.0,0.8384591807661259,0.0,0.0,79.66666666666667,0.0,0.0,0.0,0.0,128.0,1892.0,16.0,12,1,0.5495934959349593,9.574271077564386,666.5,0.0,0.0,0.0,0.0,2
678.0,5.0,1.0103552594383605,0.0,0.0,0.0,0.0,0.0,62.0,6.0,1.7059441720059882,0.0,0.0,77.62068965517241,0.0,0.0,0.0,0.0,120.0,506.0,10.0,12,1,0.5495934959349593,10.832051206182165,670.0,0.0,0.0,0.0,0.0,3
718.0,9.0,1.286955901967052,0.0,0.0,0.0,0.0,0.0,36.0,3.0,0.8486855577234171,0.0,0.0,74.13333333333334,0.0,0.0,0.0,0.0,54.0,2648.0,8.0,13,1,0.5495934959349593,26.80795901717784,681.0,0.0,0.0,0.0,0.0,2
718.0,1.0,-1.000088900581841e-12,0.0,0.0,0.0,0.0,0.0,34.0,4.0,1.31972992151467,0.0,0.0,70.43333333333334,0.0,0.0,0.0,0.0,0.0,264.0,0.0,13,1,0.5495934959349593,24.303634844744646,697.0,0.0,0.0,0.0,0.0,2
712.0,6.0,1.0703481572119404,0.0,0.0,0.0,0.0,0.0,46.0,3.0,0.8223449173904805,0.0,0.0,66.83333333333333,0.0,0.0,0.0,0.0,82.0,1342.0,4.0,14,1,0.5495934959349593,19.20937271229906,706.5,0.0,0.0,0.0,0.0,2
666.0,4.0,0.2149933460313641,0.0,0.0,0.0,0.0,0.0,72.0,4.0,0.9736489231932636,0.0,0.0,64.0,0.0,0.0,0.0,0.0,54.0,386.0,14.0,15,1,0.5495934959349593,25.03331114069185,694.0,0.0,0.0,0.0,0.0,2
680.0,3.0,0.2982991804839928,0.0,0.0,0.0,0.0,0.0,526.0,6.0,0.4714633446342584,0.0,0.0,62.93333333333333,0.0,0.0,0.0,0.0,68.0,414.0,4.0,15,1,0.5495934959349593,19.4850369942345,684.5,0.0,0.0,0.0,0.0,2
662.0,4.0,0.167347228017129,0.0,0.0,0.0,0.0,0.0,92.0,3.0,0.5598343259189019,0.0,0.0,61.333333333333336,0.0,0.0,0.0,0.0,68.0,470.0,14.0,16,1,0.5495934959349593,9.380831519647966,672.0,0.0,0.0,0.0,0.0,2
682.0,4.0,0.6335272701106911,0.0,0.0,0.0,0.0,0.0,242.0,3.0,0.2806527382302477,0.0,0.0,59.1,0.0,0.0,0.0,0.0,68.0,1030.0,14.0,16,1,0.5495934959349593,9.983319421248998,672.5,0.0,0.0,0.0,0.0,2
684.0,5.0,0.446953481979363,0.0,0.0,0.0,0.0,0.0,116.0,3.0,0.7441295414082981,0.0,0.0,56.41379310344828,0.0,0.0,0.0,0.0,86.0,406.0,20.0,17,1,0.5495934959349593,10.132456102381475,677.0,0.0,0.0,0.0,0.0,2
716.0,3.0,0.1466180434605478,0.0,0.0,0.0,0.0,0.0,28.0,3.0,1.0346012329071812,0.0,0.0,49.766666666666666,0.0,0.0,0.0,0.0,0.0,1916.0,0.0,18,1,0.5495934959349593,18.51125783588698,699.0,0.0,0.0,3.0000000000000004,1.5,2
718.0,2.0,0.0344701086632955,0.0,0.0,0.0,0.0,0.0,74.0,3.0,0.8548906355482062,0.0,0.0,46.46666666666667,0.0,0.0,0.0,0.0,0.0,2412.0,0.0,18,1,0.5495934959349593,16.083117442420406,708.0,0.0,0.0,3.0000000000000004,1.5,2
688.0,5.0,1.0606243427652744,0.0,0.0,0.0,4.0,0.0,34.0,8.0,1.9054200431021369,0.0,0.0,43.56666666666667,0.0,0.0,0.0,0.0,18.0,2042.0,0.0,19,1,0.5495934959349593,14.09491634124472,709.0,0.0,0.0,3.0000000000000004,2.5,2
650.0,2.0,0.0374621215214669,0.0,0.0,0.0,0.0,0.0,22.0,5.0,1.4142790651197084,0.0,0.0,43.0,0.0,0.0,0.0,0.0,22.0,58.0,4.0,19,1,0.5495934959349593,31.77000681985061,693.0,0.0,0.0,2.0000000000000004,1.0,2
662.0,6.0,0.541159971097947,0.0,0.0,0.0,0.0,0.0,44.0,5.0,1.4681399390112089,0.0,0.0,42.10344827586207,0.0,0.0,0.0,0.0,72.0,740.0,18.0,20,1,0.5495934959349593,30.17173069834336,679.5,0.0,0.0,2.0000000000000004,1.0,2
690.0,7.0,1.243177852468862,0.0,0.0,0.0,14.0,0.0,146.0,10.0,1.6633573241520792,0.0,0.0,40.833333333333336,0.0,0.0,0.0,0.0,66.0,2074.0,16.0,20,1,0.5495934959349593,19.689252567497025,672.5,0.0,0.0,6.60807586719967,4.5,2
718.0,2.0,0.0483051822207435,0.0,0.0,0.0,0.0,0.0,192.0,7.0,1.436977499626411,0.0,0.0,37.66666666666666,0.0,0.0,0.0,0.0,0.0,1096.0,0.0,21,0,0.5495934959349593,30.37542866638573,680.0,0.0,0.0,7.0,3.5,2
718.0,8.0,1.253508861350532,0.0,0.0,0.0,0.0,0.0,94.0,6.0,1.2339248244034635,0.0,0.0,33.63333333333333,0.0,0.0,0.0,0.0,0.0,2554.0,0.0,21,0,0.5495934959349593,26.80795901717786,697.0,0.0,0.0,7.0,3.5,2
720.0,1.0,-1.000088900581841e-12,0.0,0.0,0.0,0.0,0.0,72.0,4.0,1.127861286857854,0.0,0.0,29.2,0.0,0.0,0.0,0.0,0.0,70.0,0.0,22,0,0.5495934959349593,14.36430761761092,711.5,0.0,0.0,7.0,3.5,2
716.0,6.0,0.4853858386030864,0.0,0.0,0.0,0.0,0.0,98.0,5.0,1.1945452615239505,0.0,0.0,25.03333333333333,0.0,0.0,0.0,0.0,0.0,4286.0,0.0,22,0,0.5495934959349593,1.632993161862182,718.0,0.0,0.0,0.0,0.0,2
720.0,3.0,0.3123205123109371,0.0,0.0,0.0,0.0,0.0,12.0,1.0,-1.000088900581841e-12,0.0,0.0,20.266666666666666,0.0,0.0,0.0,0.0,0.0,838.0,0.0,23,0,0.5495934959349593,1.914854215518416,718.5,0.0,0.0,0.0,0.0,2
688.0,3.0,0.7685140005608028,0.0,0.0,0.0,4.0,0.0,48.0,3.0,0.3445982480998227,0.0,20.0,16.666666666666668,0.0,0.0,0.0,0.0,44.0,336.0,4.0,23,0,0.5495934959349593,15.448840301675991,711.0,0.0,0.0,2.0,1.0,2
676.0,6.0,0.398991766110624,0.0,0.0,0.0,0.0,0.0,176.0,6.0,1.4072640980129003,0.0,0.0,93.16666666666669,0.0,0.0,0.0,0.0,172.0,626.0,20.0,8,1,0.5495934959349593,24.494897427832573,688.0,0.0,0.0,5.0,2.5,2
670.0,3.0,0.2784146392168585,0.0,0.0,0.0,0.0,0.0,432.0,3.0,0.6283481575722155,0.0,0.0,92.48275862068964,0.0,0.0,0.0,0.0,74.0,796.0,10.0,9,1,0.5495934959349593,20.9364116632572,690.5,0.0,0.0,5.0,2.5,2
660.0,4.0,0.2134394563091007,0.0,0.0,0.0,0.0,0.0,244.0,4.0,0.96672386419079,0.0,0.0,91.93333333333334,0.0,0.0,0.0,0.0,100.0,258.0,10.0,9,1,0.5495934959349593,17.92577287966607,677.0,0.0,0.0,5.0,2.5,2
668.0,4.0,0.4798524051574744,0.0,0.0,0.0,0.0,0.0,268.0,7.0,1.03699711638632,0.0,0.0,90.36666666666666,0.0,0.0,0.0,0.0,158.0,522.0,8.0,10,1,0.5495934959349593,6.608075867202539,668.5,0.0,0.0,0.0,0.0,2
658.0,3.0,0.265835263402283,0.0,0.0,0.0,0.0,0.0,88.0,4.0,0.7519304663106794,0.0,0.0,89.3,0.0,0.0,0.0,0.0,56.0,232.0,6.0,10,1,0.5495934959349593,5.887840577555117,664.0,0.0,0.0,0.0,0.0,2
662.0,5.0,0.9981697807719878,0.0,0.0,0.0,0.0,0.0,74.0,4.0,0.9114580024406708,0.0,0.0,88.41379310344827,0.0,0.0,0.0,0.0,78.0,846.0,6.0,11,1,0.5495934959349593,4.3204937989429615,662.0,0.0,0.0,0.0,0.0,2
664.0,4.0,0.8337582839051678,0.0,0.0,0.0,0.0,0.0,114.0,5.0,1.3580343820687812,0.0,0.0,87.1,0.0,0.0,0.0,0.0,52.0,286.0,10.0,11,1,0.5495934959349593,4.163331998936823,663.0,0.0,0.0,0.0,0.0,2
692.0,7.0,1.1180146934477118,0.0,0.0,0.0,0.0,0.0,50.0,4.0,0.9937390880225914,0.0,0.0,85.53333333333333,0.0,0.0,0.0,0.0,102.0,3340.0,18.0,12,1,0.5495934959349593,15.534906930309273,669.0,0.0,0.0,0.0,0.0,2
710.0,4.0,0.7044213577316082,0.0,0.0,0.0,0.0,0.0,96.0,4.0,1.20107809769683,0.0,0.0,80.23333333333333,0.0,0.0,0.0,0.0,162.0,1686.0,20.0,12,1,0.5495934959349593,23.151673805581275,682.0,0.0,0.0,0.0,0.0,2
686.0,8.0,1.2606976886623422,0.0,0.0,0.0,0.0,0.0,60.0,7.0,1.6245721349178537,0.0,0.0,76.27586206896552,0.0,0.0,0.0,0.0,112.0,2296.0,20.0,13,1,0.5495934959349593,18.97366596101129,688.0,0.0,0.0,0.0,0.0,2
718.0,1.0,-1.000088900581841e-12,0.0,0.0,0.0,0.0,0.0,76.0,3.0,0.477931402999226,0.0,0.0,70.83333333333333,0.0,0.0,0.0,0.0,0.0,1260.0,0.0,13,1,0.5495934959349593,15.00000000000128,701.5,0.0,0.0,0.0,0.0,2
584.0,4.0,0.3586367886305302,0.0,0.0,0.0,0.0,0.0,82.0,5.0,1.0066512153365397,0.0,0.0,65.43333333333334,0.0,0.0,0.0,0.0,0.0,1184.0,0.0,14,1,0.5495934959349593,61.84658438426521,674.5,0.0,0.0,0.0,0.0,2
598.0,3.0,0.8580563863417048,0.0,0.0,0.0,0.0,0.0,196.0,9.0,1.4827172638749964,0.0,0.0,61.12,0.0,0.0,0.0,0.0,8.0,826.0,2.0,14,1,0.5495934959349593,65.6531288921813,646.5,0.0,0.0,0.0,0.0,2
674.0,5.0,0.8318549754171873,0.0,0.0,0.0,0.0,0.0,216.0,4.0,0.7758684038791259,0.0,0.0,58.75862068965517,0.0,0.0,0.0,0.0,8.0,244.0,6.0,15,1,0.5495934959349593,63.48490634263683,643.5,0.0,0.0,0.0,0.0,3
656.0,1.0,-1.000088900581841e-12,0.0,0.0,0.0,0.0,0.0,0.0,0.0,0.0,0.0,0.0,58.0,0.0,0.0,0.0,0.0,0.0,0.0,0.0,15,1,0.5495934959349593,43.726422218151306,628.0,0.0,0.0,0.0,0.0,2
278.0,3.0,0.3751685508640821,0.0,0.0,0.0,0.0,0.0,112.0,9.0,1.7253275310860383,0.0,0.0,57.3448275862069,0.0,0.0,0.0,0.0,12.0,220.0,2.0,16,1,0.5495934959349593,185.1944923587093,551.5,0.0,0.0,0.0,0.0,2
670.0,6.0,0.8461942867512033,0.0,0.0,0.0,0.0,0.0,22.0,5.0,1.5157079520807129,0.0,0.0,54.36666666666667,0.0,0.0,0.0,0.0,8.0,988.0,8.0,16,1,0.5495934959349593,194.48650338776733,569.5,0.0,0.0,0.0,0.0,2
666.0,5.0,0.265016872652079,0.0,0.0,0.0,0.0,0.0,32.0,4.0,1.3050963719443405,0.0,0.0,53.75862068965517,0.0,0.0,0.0,0.0,64.0,298.0,8.0,17,1,0.5495934959349593,193.0897891310328,567.5,0.0,0.0,0.0,0.0,2
672.0,4.0,0.2810734279962212,0.0,0.0,0.0,0.0,0.0,86.0,5.0,1.2864544241986935,0.0,0.0,52.96666666666667,0.0,0.0,0.0,0.0,48.0,948.0,8.0,17,1,0.5495934959349593,195.6825660774784,571.5,0.0,0.0,0.0,0.0,2
668.0,5.0,0.6348862297594395,0.0,0.0,0.0,0.0,0.0,66.0,5.0,1.2213091793763728,0.0,0.0,51.8,0.0,0.0,0.0,0.0,24.0,916.0,6.0,18,1,0.5495934959349593,2.581988897477563,669.0,0.0,0.0,0.0,0.0,2
718.0,5.0,1.034303361976865,0.0,0.0,0.0,4.0,0.0,186.0,6.0,0.6329537530359055,0.0,0.0,48.0,0.0,0.0,0.0,0.0,12.0,5958.0,4.0,18,1,0.5495934959349593,24.792471975716698,681.0,0.0,0.0,2.0,1.0,2
718.0,4.0,0.3070724761609327,0.0,0.0,0.0,0.0,0.0,168.0,5.0,0.8359287255487369,0.0,0.0,43.5,0.0,0.0,0.0,0.0,0.0,21976.0,0.0,19,1,0.5495934959349593,27.760883751543247,694.0,0.0,0.0,2.0,1.0,2
716.0,9.0,1.5654759586800815,0.0,0.0,0.0,6.0,0.0,560.0,8.0,1.0294378954265122,0.0,0.0,40.07142857142857,0.0,0.0,0.0,0.0,68.0,12804.0,10.0,19,1,0.5495934959349593,24.684678108765446,705.0,0.0,0.0,3.0,2.5,2
658.0,7.0,1.0391689380859712,0.0,0.0,0.0,0.0,0.0,160.0,5.0,1.116166226820907,0.0,0.0,37.36666666666667,0.0,0.0,0.0,0.0,94.0,1482.0,6.0,20,1,0.5495934959349593,29.68164415931217,702.5,0.0,0.0,3.0,2.5,2
652.0,1.0,-1.000088900581841e-12,0.0,0.0,0.0,0.0,0.0,46.0,1.0,-1.000088900581841e-12,0.0,0.0,37.0,0.0,0.0,0.0,0.0,0.0,0.0,0.0,20,1,0.5495934959349593,35.888716889853164,686.0,0.0,0.0,3.0,1.5,2
706.0,8.0,1.394434883007921,0.0,0.0,0.0,6.0,0.0,218.0,7.0,1.5605016827271896,0.0,0.0,36.172413793103445,0.0,0.0,0.0,0.0,122.0,2330.0,16.0,21,0,0.5495934959349593,32.680269276736865,683.0,0.0,0.0,3.4641016151377544,3.0,2
718.0,6.0,0.6836917614301725,0.0,0.0,0.0,0.0,0.0,192.0,8.0,1.6404810854880676,0.0,0.0,33.4,0.0,0.0,0.0,0.0,36.0,756.0,2.0,21,0,0.5495934959349593,33.36165463522503,683.5,0.0,0.0,3.0,1.5,2
716.0,2.0,0.0962946191363927,0.0,0.0,0.0,0.0,0.0,212.0,8.0,1.4287768999598094,0.0,0.0,30.655172413793103,0.0,0.0,0.0,0.0,0.0,1380.0,0.0,22,0,0.5495934959349593,31.1126983722086,698.0,0.0,0.0,3.0,1.5,2
716.0,7.0,1.108956295994188,0.0,0.0,0.0,0.0,0.0,228.0,6.0,1.5157412855784549,0.0,0.0,28.2,0.0,0.0,0.0,0.0,0.0,1280.0,0.0,22,0,0.5495934959349593,5.416025603093516,714.0,0.0,0.0,3.0,1.5,2
718.0,4.0,0.2596669265840402,0.0,0.0,0.0,0.0,0.0,18.0,2.0,0.5297061990556545,0.0,0.0,24.23333333333333,0.0,0.0,0.0,0.0,0.0,372.0,0.0,23,0,0.5495934959349593,1.154700538392789,717.0,0.0,0.0,0.0,0.0,2
718.0,4.0,0.3480242466912069,0.0,0.0,0.0,4.0,0.0,20.0,3.0,0.8979457248537798,0.0,0.0,20.33333333333333,0.0,0.0,0.0,0.0,0.0,2018.0,0.0,23,0,0.5495934959349593,1.154700538392789,717.0,0.0,0.0,2.0,1.0,2
656.0,3.0,0.1688111364086904,0.0,0.0,0.0,0.0,0.0,40.0,5.0,1.3592367006600063,0.0,0.0,92.0,0.0,0.0,0.0,0.0,54.0,104.0,6.0,8,1,0.5495934959349593,18.07392228230235,677.0,0.0,0.0,0.0,0.0,3
664.0,2.0,0.051524014493369,0.0,0.0,0.0,0.0,0.0,466.0,5.0,0.3692700880234434,0.0,0.0,92.0,0.0,0.0,0.0,0.0,54.0,92.0,4.0,9,1,0.5495934959349593,18.257418583506595,672.0,0.0,0.0,0.0,0.0,2
674.0,5.0,0.672804807084353,0.0,0.0,0.0,0.0,0.0,340.0,5.0,1.0959833294373278,0.0,0.0,91.3,0.0,0.0,0.0,0.0,110.0,752.0,16.0,9,1,0.5495934959349593,18.220867158289657,673.0,0.0,0.0,0.0,0.0,2
666.0,6.0,0.7523014933385598,0.0,0.0,0.0,0.0,0.0,22.0,3.0,0.9347698978552794,0.0,0.0,90.24137931034484,0.0,0.0,0.0,0.0,92.0,1488.0,16.0,10,1,0.5495934959349593,7.393691004275539,665.0,0.0,0.0,0.0,0.0,2
688.0,5.0,0.8156417228939528,0.0,0.0,0.0,0.0,0.0,24.0,3.0,0.887694275796104,0.0,0.0,87.48275862068965,0.0,0.0,0.0,0.0,32.0,3568.0,0.0,10,1,0.5495934959349593,10.893423092247222,673.0,0.0,0.0,0.0,0.0,2
660.0,3.0,0.7063549270428735,0.0,0.0,0.0,0.0,0.0,74.0,8.0,1.793865953653524,0.0,0.0,86.03333333333333,0.0,0.0,0.0,0.0,160.0,158.0,6.0,11,1,0.5495934959349593,12.11060141639155,672.0,0.0,0.0,0.0,0.0,2
656.0,5.0,0.277976377589553,0.0,0.0,0.0,0.0,0.0,54.0,6.0,1.631541158468334,0.0,0.0,85.96551724137932,0.0,0.0,0.0,0.0,34.0,224.0,4.0,11,1,0.5495934959349593,14.27118308573978,667.5,0.0,0.0,0.0,0.0,2
682.0,5.0,0.8594882495863253,0.0,0.0,0.0,0.0,0.0,108.0,6.0,1.323731192902391,0.0,0.0,84.53333333333333,0.0,0.0,0.0,0.0,166.0,3992.0,16.0,12,1,0.5495934959349593,15.864005379055603,671.5,0.0,0.0,0.0,0.0,2
708.0,6.0,1.115374810533868,0.0,0.0,0.0,0.0,0.0,42.0,3.0,0.9989405267974004,0.0,0.0,79.76666666666667,0.0,0.0,0.0,0.0,308.0,3214.0,20.0,12,1,0.5495934959349593,23.909551787239867,676.5,0.0,0.0,0.0,0.0,2
716.0,7.0,1.1535773515540926,0.0,0.0,0.0,0.0,0.0,50.0,5.0,1.3533613368204631,0.0,0.0,75.06666666666666,0.0,0.0,0.0,0.0,36.0,6470.0,8.0,13,1,0.5495934959349593,27.19681353884505,690.5,0.0,0.0,0.0,0.0,2
700.0,5.0,0.943755266240499,0.0,0.0,0.0,0.0,0.0,32.0,5.0,1.515412517883733,0.0,0.0,71.23333333333333,0.0,0.0,0.0,0.0,96.0,2034.0,16.0,13,1,0.5495934959349593,14.548768561864788,701.5,0.0,0.0,0.0,0.0,2
692.0,2.0,0.4831068830730683,0.0,0.0,0.0,0.0,0.0,214.0,6.0,1.1799217893112657,0.0,0.0,64.0,0.0,0.0,0.0,0.0,68.0,1150.0,10.0,14,1,0.5495934959349593,10.519822558708164,701.0,0.0,0.0,0.0,0.0,2
672.0,4.0,0.6942626147500812,0.0,0.0,0.0,0.0,0.0,182.0,5.0,1.164989604460108,0.0,0.0,64.0,0.0,0.0,0.0,0.0,142.0,382.0,4.0,15,1,0.5495934959349593,12.436505404119968,690.0,0.0,0.0,0.0,0.0,2
662.0,5.0,1.027979185616169,0.0,0.0,0.0,0.0,0.0,220.0,7.0,0.699781932134726,0.0,0.0,63.57142857142857,0.0,0.0,0.0,0.0,74.0,662.0,6.0,15,1,0.5495934959349593,16.196707484342966,680.5,0.0,0.0,0.0,0.0,2
652.0,3.0,0.1045219445967881,0.0,0.0,0.0,0.0,0.0,30.0,4.0,1.2454410537577745,0.0,0.0,63.0,0.0,0.0,0.0,0.0,128.0,342.0,12.0,16,1,0.5495934959349593,17.078251276600458,669.5,0.0,0.0,0.0,0.0,3
660.0,1.0,-1.000088900581841e-12,0.0,0.0,0.0,0.0,0.0,62.0,4.0,1.221106179379641,0.0,0.0,63.0,0.0,0.0,0.0,0.0,168.0,0.0,0.0,16,1,0.5495934959349593,8.225975119504387,661.5,0.0,0.0,0.0,0.0,2
650.0,3.0,0.0898410288463333,0.0,0.0,0.0,0.0,0.0,38.0,5.0,1.357140143843188,0.0,0.0,61.44827586206897,0.0,0.0,0.0,0.0,86.0,412.0,16.0,17,1,0.5495934959349593,5.8878405775551705,656.0,0.0,0.0,0.0,0.0,2
704.0,10.0,1.5750875192235767,0.0,0.0,0.0,0.0,0.0,262.0,9.0,1.4752458411540472,0.0,0.0,57.56666666666667,0.0,0.0,0.0,0.0,442.0,6200.0,30.0,17,1,0.5495934959349593,25.370586644118127,666.5,0.0,0.0,0.0,0.0,2
668.0,5.0,0.4113714611857529,0.0,0.0,0.0,0.0,0.0,182.0,4.0,0.8688291570687989,0.0,0.0,53.06666666666667,0.0,0.0,0.0,0.0,98.0,466.0,16.0,18,1,0.5495934959349593,23.51595203261051,670.5,0.0,0.0,0.0,0.0,2
678.0,4.0,0.2492341920681899,0.0,0.0,0.0,0.0,0.0,150.0,6.0,1.463754105754168,0.0,0.0,52.36666666666667,0.0,0.0,0.0,0.0,42.0,494.0,6.0,18,1,0.5495934959349593,22.53885533917014,675.0,0.0,0.0,0.0,0.0,2
652.0,2.0,0.1037153788133192,0.0,0.0,0.0,0.0,0.0,142.0,5.0,1.15024335414823,0.0,0.0,51.0,0.0,0.0,0.0,0.0,0.0,246.0,0.0,19,1,0.5495934959349593,21.809783737275,675.5,0.0,0.0,0.0,0.0,2
690.0,6.0,1.047528588950745,0.0,0.0,0.0,0.0,0.0,208.0,6.0,1.0128545719307014,0.0,0.0,49.82758620689656,0.0,0.0,0.0,0.0,196.0,1414.0,28.0,19,1,0.5495934959349593,16.08311744242095,672.0,0.0,0.0,0.0,0.0,2
716.0,5.0,1.005077811688937,0.0,0.0,0.0,10.0,0.0,362.0,12.0,1.853113571854907,0.0,0.0,47.16666666666666,0.0,0.0,0.0,0.0,54.0,2000.0,8.0,20,1,0.5495934959349593,26.583202716503227,684.0,0.0,0.0,5.0,2.5,2
716.0,6.0,0.984899604017686,0.0,0.0,0.0,0.0,0.0,310.0,7.0,1.5028332644039537,0.0,0.0,43.86666666666667,0.0,0.0,0.0,0.0,0.0,2312.0,0.0,20,1,0.5495934959349593,30.2599845780976,693.5,0.0,0.0,5.0,2.5,2
718.0,1.0,-1.000088900581841e-12,0.0,0.0,0.0,0.0,0.0,290.0,8.0,1.555699616575409,0.0,0.0,39.46666666666667,0.0,0.0,0.0,0.0,0.0,548.0,0.0,21,0,0.5495934959349593,13.366625103843676,710.0,0.0,0.0,5.0,2.5,2
480.0,1.0,-1.000088900581841e-12,0.0,0.0,0.0,0.0,0.0,112.0,7.0,1.488657165228077,0.0,0.0,34.9,0.0,0.0,0.0,0.0,0.0,144.0,0.0,21,0,0.5495934959349593,118.33708914227483,657.5,0.0,0.0,5.0,2.5,2
114.0,3.0,0.9506574009212008,0.0,0.0,0.0,0.0,0.0,348.0,8.0,1.4257396328773126,0.0,0.0,30.633333333333333,0.0,0.0,0.0,0.0,0.0,1174.0,0.0,22,0,0.5495934959349593,284.8274331356913,507.0,0.0,0.0,0.0,0.0,2
718.0,5.0,0.2786252268863827,0.0,0.0,0.0,0.0,0.0,570.0,4.0,0.4782835990287105,0.0,0.0,26.23333333333333,0.0,0.0,0.0,0.0,0.0,3988.0,0.0,22,0,0.5495934959349593,285.31795129878066,507.5,0.0,0.0,0.0,0.0,2
718.0,1.0,-1.000088900581841e-12,0.0,0.0,0.0,0.0,0.0,116.0,3.0,0.5691610753834115,0.0,0.0,20.8,0.0,0.0,0.0,0.0,0.0,2838.0,0.0,23,0,0.5495934959349593,285.31795129878066,507.5,0.0,0.0,0.0,0.0,2
248.0,4.0,0.9747121233742824,0.0,0.0,0.0,12.0,0.0,114.0,1.0,-1.000088900581841e-12,0.0,50.0,18.72222222222222,0.0,0.0,0.0,0.0,100.0,1384.0,0.0,23,0,0.5495934959349593,314.82640719397523,449.5,0.0,0.0,6.0,3.0,2
662.0,6.0,1.3007702351139738,0.0,0.0,0.0,0.0,0.0,32.0,4.0,0.98689944883453,0.0,0.0,90.34482758620688,0.0,0.0,0.0,0.0,2.0,504.0,0.0,8,1,0.5495934959349593,35.27038417709707,653.0,0.0,0.0,0.0,0.0,2
682.0,8.0,1.4506899555817243,0.0,0.0,0.0,0.0,0.0,98.0,8.0,1.6916842089841937,0.0,0.0,89.3,0.0,0.0,0.0,0.0,8.0,1368.0,6.0,9,1,0.5495934959349593,38.31448812133628,659.0,0.0,0.0,0.0,0.0,2
654.0,1.0,-1.000088900581841e-12,0.0,0.0,0.0,0.0,0.0,38.0,4.0,1.0937704472451415,0.0,0.0,89.0,0.0,0.0,0.0,0.0,0.0,0.0,0.0,9,1,0.5495934959349593,16.11417595369634,671.5,0.0,0.0,0.0,0.0,2
666.0,5.0,0.5001329474464311,0.0,0.0,0.0,0.0,0.0,94.0,7.0,1.1260547869578337,0.0,0.0,88.13793103448276,0.0,0.0,0.0,0.0,14.0,454.0,2.0,10,1,0.5495934959349593,11.775681155104587,666.0,0.0,0.0,0.0,0.0,2
658.0,5.0,0.3510663357592444,0.0,0.0,0.0,0.0,0.0,38.0,6.0,1.5902696011005308,0.0,0.0,87.13333333333334,0.0,0.0,0.0,0.0,12.0,494.0,4.0,10,1,0.5495934959349593,12.38278374733856,665.0,0.0,0.0,0.0,0.0,2
658.0,2.0,0.146485751599608,0.0,0.0,0.0,0.0,0.0,190.0,6.0,1.0821275576791214,0.0,0.0,86.7,0.0,0.0,0.0,0.0,12.0,70.0,4.0,11,1,0.5495934959349593,5.033222956849045,659.0,0.0,0.0,0.0,0.0,2
682.0,6.0,0.8739919967348058,0.0,0.0,0.0,0.0,0.0,374.0,8.0,0.4866907289872278,0.0,0.0,85.1,0.0,0.0,0.0,0.0,30.0,1058.0,6.0,11,1,0.5495934959349593,11.313708498985608,666.0,0.0,0.0,0.0,0.0,2
682.0,5.0,0.6350808402735377,0.0,0.0,0.0,0.0,0.0,532.0,5.0,0.4873228865398759,0.0,0.0,82.55172413793103,0.0,0.0,0.0,0.0,24.0,1264.0,4.0,12,1,0.5495934959349593,13.85640646055171,670.0,0.0,0.0,0.0,0.0,2
678.0,4.0,0.2880011493133642,0.0,0.0,0.0,0.0,0.0,326.0,3.0,0.5291455108527302,0.0,0.0,81.27586206896552,0.0,0.0,0.0,0.0,20.0,254.0,6.0,12,1,0.5495934959349593,11.489125293076892,675.0,0.0,0.0,0.0,0.0,2
692.0,4.0,0.2356669901844759,0.0,0.0,0.0,0.0,0.0,232.0,6.0,1.054842142221596,0.0,0.0,79.43333333333334,0.0,0.0,0.0,0.0,60.0,494.0,20.0,13,1,0.5495934959349593,5.972157622391271,683.5,0.0,0.0,0.0,0.0,2
654.0,4.0,0.2461117817705325,0.0,0.0,0.0,0.0,0.0,42.0,5.0,0.978172831110188,0.0,0.0,78.0,0.0,0.0,0.0,0.0,0.0,650.0,0.0,13,1,0.5495934959349593,16.114175953696364,676.5,0.0,0.0,0.0,0.0,2
664.0,5.0,0.4826118455877125,0.0,0.0,0.0,0.0,0.0,90.0,5.0,1.290422242738168,0.0,0.0,77.56666666666666,0.0,0.0,0.0,0.0,68.0,1136.0,10.0,14,1,0.5495934959349593,16.573070526208653,672.0,0.0,0.0,0.0,0.0,2
662.0,3.0,0.5059751894157338,0.0,0.0,0.0,0.0,0.0,136.0,5.0,1.1580626415206212,0.0,0.0,77.0,0.0,0.0,0.0,0.0,28.0,684.0,4.0,14,1,0.5495934959349593,16.573070526208653,668.0,0.0,0.0,0.0,0.0,2
664.0,3.0,0.2640555952666536,0.0,0.0,0.0,0.0,0.0,96.0,7.0,1.1387586016409492,0.0,0.0,75.86206896551724,0.0,0.0,0.0,0.0,72.0,1184.0,8.0,15,1,0.5495934959349593,4.760952285697263,661.0,0.0,0.0,0.0,0.0,2
658.0,3.0,0.2221244924820936,0.0,0.0,0.0,0.0,0.0,68.0,3.0,0.5783252866571272,0.0,0.0,75.0,0.0,0.0,0.0,0.0,44.0,152.0,6.0,15,1,0.5495934959349593,2.8284271247496,662.0,0.0,0.0,0.0,0.0,2
704.0,7.0,1.4076125259551182,0.0,0.0,0.0,0.0,0.0,246.0,6.0,1.0206317492908306,0.0,0.0,73.0,0.0,0.0,0.0,0.0,94.0,5766.0,8.0,16,1,0.5495934959349593,21.4786715914498,672.0,0.0,0.0,0.0,0.0,2
678.0,3.0,0.4856550679933715,0.0,0.0,0.0,0.0,0.0,98.0,5.0,1.0041550537491934,0.0,0.0,70.53333333333333,0.0,0.0,0.0,0.0,48.0,56.0,6.0,16,1,0.5495934959349593,20.4613456709642,676.0,0.0,0.0,0.0,0.0,2
678.0,2.0,0.5284715771547017,0.0,0.0,0.0,0.0,0.0,286.0,6.0,0.7034053690390748,0.0,0.0,69.4,0.0,0.0,0.0,0.0,58.0,632.0,6.0,17,1,0.5495934959349593,18.85912687975468,679.5,0.0,0.0,0.0,0.0,2
672.0,2.0,0.3341427913851891,0.0,0.0,0.0,4.0,0.0,266.0,8.0,1.4079509336805769,0.0,0.0,68.1,0.0,0.0,0.0,0.0,96.0,40.0,4.0,17,1,0.5495934959349593,14.282856857086362,683.0,0.0,0.0,2.0,1.0,3
712.0,10.0,1.6449566931031872,0.0,0.0,0.0,6.0,0.0,276.0,11.0,1.5029316842560312,0.0,0.0,61.96666666666667,0.0,0.0,0.0,0.0,40.0,3970.0,4.0,18,1,0.5495934959349593,22.09072203437495,694.0,0.0,0.0,4.163331998932265,5.0,2
718.0,8.0,0.9782658436142138,0.0,0.0,0.0,0.0,0.0,116.0,6.0,1.312366011483412,0.0,0.0,56.833333333333336,0.0,0.0,0.0,0.0,0.0,11548.0,0.0,19,1,0.5495934959349593,21.478671591449785,704.0,0.0,0.0,4.163331998932265,5.0,2
690.0,7.0,1.1364633969575948,0.0,0.0,0.0,0.0,0.0,230.0,4.0,0.3277960120066196,0.0,0.0,52.4,0.0,0.0,0.0,0.0,72.0,7316.0,4.0,19,1,0.5495934959349593,12.58305739211866,708.5,0.0,0.0,4.898979485566356,4.0,2
666.0,4.0,0.3858454320922507,0.0,0.0,0.0,8.0,0.0,188.0,6.0,1.0660166627683654,0.0,0.0,51.0,0.0,0.0,0.0,0.0,60.0,390.0,12.0,20,1,0.5495934959349593,23.629078131263427,696.5,0.0,0.0,4.123105625617661,3.5,2
718.0,5.0,0.6540576960266082,0.0,0.0,0.0,0.0,0.0,566.0,5.0,1.2324586433621012,0.0,0.0,48.7,0.0,0.0,0.0,0.0,0.0,3384.0,0.0,20,1,0.5495934959349593,25.0865169629694,698.0,0.0,0.0,4.0,2.0,2
714.0,7.0,1.4363520063524078,0.0,0.0,0.0,10.0,0.0,386.0,9.0,1.525455922689761,0.0,0.0,46.0,0.0,0.0,0.0,0.0,20.0,1476.0,4.0,21,0,0.5495934959349593,24.083189157584968,697.0,0.0,0.0,5.259911279353167,4.5,2
718.0,4.0,0.0994549747184478,0.0,0.0,0.0,0.0,0.0,284.0,5.0,0.9286714364115024,0.0,0.0,43.13333333333333,0.0,0.0,0.0,0.0,0.0,176.0,0.0,21,0,0.5495934959349593,25.40341184434389,704.0,0.0,0.0,5.259911279353167,4.5,2
718.0,5.0,1.2818928915449217,0.0,0.0,0.0,0.0,0.0,352.0,4.0,0.9078958244337878,0.0,0.0,39.9,0.0,0.0,0.0,0.0,0.0,5174.0,0.0,22,0,0.5495934959349593,2.0000000000046136,717.0,0.0,0.0,5.0,2.5,2
718.0,1.0,-1.000088900581841e-12,0.0,0.0,0.0,0.0,0.0,268.0,3.0,0.8945092887865358,0.0,0.0,36.66666666666666,0.0,0.0,0.0,0.0,0.0,2500.0,0.0,22,0,0.5495934959349593,2.0000000000046136,717.0,0.0,0.0,5.0,2.5,2
718.0,4.0,0.2381320829143296,0.0,0.0,0.0,0.0,0.0,44.0,1.0,-1.000088900581841e-12,0.0,0.0,33.8,0.0,0.0,0.0,0.0,0.0,2058.0,0.0,23,0,0.5495934959349593,0.0,718.0,0.0,0.0,0.0,0.0,1
678.0,4.0,0.8335900755421001,0.0,0.0,0.0,4.0,0.0,18.0,4.0,1.3689223607362195,0.0,18.0,34.3,0.0,0.0,0.0,0.0,20.0,454.0,4.0,23,0,0.5495934959349593,20.000000000000465,708.0,0.0,0.0,1.999999999999999,1.0,2
666.0,4.0,0.2112095059404841,0.0,0.0,0.0,0.0,0.0,30.0,3.0,1.0851886129646506,0.0,0.0,93.6896551724138,0.0,0.0,0.0,0.0,98.0,346.0,12.0,8,1,0.5495934959349593,341.437646821007,511.5,0.0,0.0,0.0,0.0,3
670.0,4.0,0.2715339309549424,0.0,0.0,0.0,10.0,0.0,58.0,3.0,0.5757295142774425,0.0,0.0,92.86666666666666,0.0,0.0,0.0,0.0,60.0,1358.0,10.0,8,1,0.5495934959349593,18.29389697868405,679.0,0.0,0.0,5.0,2.5,3
674.0,5.0,0.8485279230482866,0.0,0.0,0.0,0.0,0.0,120.0,5.0,1.1669211968357684,0.0,0.0,90.26666666666668,0.0,0.0,0.0,0.0,20.0,792.0,6.0,9,1,0.5495934959349593,18.29389697868405,679.0,0.0,0.0,5.0,2.5,3
672.0,4.0,0.342636790756849,0.0,0.0,0.0,0.0,0.0,202.0,4.0,0.3760967518372601,0.0,0.0,90.0,0.0,0.0,0.0,0.0,20.0,394.0,2.0,9,1,0.5495934959349593,3.415650255325547,670.5,0.0,0.0,5.0,2.5,3
678.0,8.0,0.9366218474726384,0.0,0.0,0.0,0.0,0.0,240.0,5.0,0.9456069641119128,0.0,0.0,89.03448275862068,0.0,0.0,0.0,0.0,42.0,1466.0,8.0,10,1,0.5495934959349593,3.415650255325547,673.5,0.0,0.0,5.0,2.5,3
690.0,6.0,0.9154367620565392,0.0,0.0,0.0,0.0,0.0,180.0,5.0,1.2132974922474715,0.0,0.0,85.73333333333333,0.0,0.0,0.0,0.0,148.0,4408.0,20.0,10,1,0.5495934959349593,8.062257748300969,678.5,0.0,0.0,0.0,0.0,3
674.0,4.0,0.7783996532158226,0.0,0.0,0.0,0.0,0.0,68.0,6.0,1.3608890311205524,0.0,0.0,83.66666666666667,0.0,0.0,0.0,0.0,22.0,2304.0,4.0,11,1,0.5495934959349593,8.062257748300969,678.5,0.0,0.0,0.0,0.0,3
680.0,6.0,1.06128082059373,0.0,0.0,0.0,0.0,0.0,24.0,3.0,1.0114042647043515,0.0,0.0,81.13333333333334,0.0,0.0,0.0,0.0,66.0,1796.0,6.0,11,1,0.5495934959349593,6.806859285556915,680.5,0.0,0.0,0.0,0.0,3
696.0,7.0,1.2227595863597909,0.0,0.0,0.0,0.0,0.0,62.0,5.0,1.385502703897992,0.0,0.0,78.26666666666667,0.0,0.0,0.0,0.0,122.0,4150.0,20.0,12,1,0.5495934959349593,9.865765724634466,685.0,0.0,0.0,0.0,0.0,3
702.0,8.0,1.1811073145477209,0.0,0.0,0.0,0.0,0.0,168.0,4.0,0.6229947476806682,0.0,0.0,64.4,0.0,0.0,0.0,0.0,64.0,1522.0,8.0,13,1,0.5495934959349593,11.43095213298986,696.0,0.0,0.0,0.0,0.0,3
652.0,5.0,0.8143361287773343,0.0,0.0,0.0,0.0,0.0,82.0,5.0,0.8057351141063664,0.0,0.0,64.0,0.0,0.0,0.0,0.0,22.0,160.0,6.0,13,1,0.5495934959349593,25.00666577801552,689.0,0.0,0.0,0.0,0.0,3
702.0,7.0,1.4746639803505432,0.0,0.0,0.0,0.0,0.0,74.0,6.0,1.240844112489191,0.0,0.0,64.0,0.0,0.0,0.0,0.0,98.0,2840.0,18.0,14,1,0.5495934959349593,25.735837529277585,690.5,0.0,0.0,0.0,0.0,3
704.0,3.0,0.6168654845726096,0.0,0.0,0.0,0.0,0.0,132.0,5.0,0.6453142764851527,0.0,0.0,62.13793103448276,0.0,0.0,0.0,0.0,24.0,1968.0,6.0,14,1,0.5495934959349593,25.35087112244283,690.0,0.0,0.0,0.0,0.0,3
614.0,6.0,0.6174860466587515,0.0,0.0,0.0,0.0,0.0,104.0,6.0,0.99489403432279,0.0,0.0,59.92857142857143,0.0,0.0,0.0,0.0,70.0,714.0,8.0,15,1,0.5495934959349593,43.29742101634584,668.0,0.0,0.0,0.0,0.0,3
644.0,4.0,0.3407595426351489,0.0,0.0,0.0,0.0,0.0,68.0,4.0,0.8587368689266084,0.0,0.0,57.93333333333333,0.0,0.0,0.0,0.0,52.0,558.0,12.0,15,1,0.5495934959349593,44.45222154178618,666.0,0.0,0.0,0.0,0.0,2
658.0,4.0,0.3640623094413315,0.0,0.0,0.0,0.0,0.0,236.0,7.0,0.678471247790011,0.0,0.0,55.793103448275865,0.0,0.0,0.0,0.0,172.0,1106.0,16.0,16,1,0.5495934959349593,37.46998799039091,655.0,0.0,0.0,0.0,0.0,2
672.0,4.0,0.8080325692376554,0.0,0.0,0.0,0.0,0.0,56.0,2.0,0.2573186405418316,0.0,0.0,53.96551724137931,0.0,0.0,0.0,0.0,86.0,1556.0,6.0,16,1,0.5495934959349593,24.79247197571685,647.0,0.0,0.0,0.0,0.0,2
644.0,1.0,-1.000088900581841e-12,0.0,0.0,0.0,0.0,0.0,6.0,3.0,1.0986122886651095,0.0,0.0,53.0,0.0,0.0,0.0,0.0,0.0,0.0,0.0,17,1,0.5495934959349593,13.40397950859018,654.5,0.0,0.0,0.0,0.0,3
704.0,5.0,0.7286001729634957,0.0,0.0,0.0,6.0,0.0,764.0,9.0,0.8706011655766899,0.0,0.0,51.689655172413794,0.0,0.0,0.0,0.0,314.0,484.0,10.0,17,1,0.5495934959349593,25.68397684679508,669.5,0.0,0.0,2.999999999999999,1.5,2
718.0,1.0,-1.000088900581841e-12,0.0,0.0,0.0,6.0,0.0,76.0,4.0,0.6537683927582019,0.0,0.0,43.266666666666666,0.0,0.0,0.0,0.0,0.0,1002.0,0.0,18,1,0.5495934959349593,34.506038118953974,695.0,0.0,0.0,3.464101615137754,5.0,2
712.0,7.0,1.2336300198517738,0.0,0.0,0.0,6.0,0.0,90.0,4.0,1.205338268661332,0.0,0.0,40.5,0.0,0.0,0.0,0.0,212.0,2768.0,22.0,19,1,0.5495934959349593,5.887840577555103,712.0,0.0,0.0,0.9999999999999972,6.5,2
718.0,1.0,-1.000088900581841e-12,0.0,0.0,0.0,0.0,0.0,150.0,4.0,0.6445027402170052,0.0,0.0,38.06666666666667,0.0,0.0,0.0,0.0,34.0,3316.0,0.0,19,1,0.5495934959349593,3.0000000000063127,715.5,0.0,0.0,3.464101615137754,5.0,2
694.0,6.0,1.2810833721556527,0.0,0.0,0.0,8.0,0.0,198.0,8.0,1.5821307259210222,0.0,0.0,35.6,0.0,0.0,0.0,0.0,70.0,3592.0,6.0,20,1,0.5495934959349593,11.357816691602215,710.5,0.0,0.0,3.464101615137754,5.0,1
718.0,6.0,0.4396920773846522,0.0,0.0,0.0,0.0,0.0,302.0,6.0,1.3261072677797283,0.0,0.0,33.333333333333336,0.0,0.0,0.0,0.0,0.0,2040.0,0.0,20,1,0.5495934959349593,11.357816691602215,710.5,0.0,0.0,4.12310562561766,3.5,2
714.0,5.0,0.8689008195128484,0.0,0.0,0.0,0.0,0.0,212.0,7.0,1.5166184430917733,0.0,0.0,30.06896551724138,0.0,0.0,0.0,0.0,0.0,1520.0,0.0,21,0,0.5495934959349593,11.489125293077706,711.0,0.0,0.0,3.999999999999999,2.0,2
718.0,5.0,0.2620500267105418,0.0,0.0,0.0,0.0,0.0,84.0,5.0,1.3761639918617332,0.0,0.0,25.633333333333333,0.0,0.0,0.0,0.0,0.0,642.0,0.0,21,0,0.5495934959349593,11.489125293077706,711.0,0.0,0.0,3.999999999999999,2.0,2
604.0,6.0,0.8359131147386336,0.0,0.0,0.0,2.0,0.0,140.0,9.0,1.5764786262112267,0.0,2.0,20.32,0.0,0.0,0.0,0.0,0.0,942.0,0.0,22,0,0.5495934959349593,56.36488268416814,688.5,0.0,0.0,0.9999999999999976,0.5,2
718.0,4.0,0.1406493230319512,0.0,0.0,0.0,0.0,0.0,104.0,4.0,1.1077982165104665,0.0,0.0,24.03333333333333,0.0,0.0,0.0,0.0,0.0,98.0,0.0,22,0,0.5495934959349593,56.36488268416814,688.5,0.0,0.0,0.9999999999999976,0.5,2
718.0,1.0,-1.000088900581841e-12,0.0,0.0,0.0,0.0,0.0,14.0,2.0,0.5982695885832573,0.0,0.0,38.06666666666667,0.0,0.0,0.0,0.0,0.0,14.0,0.0,23,0,0.5495934959349593,57.00000000000032,689.5,0.0,0.0,0.9999999999999976,0.5,2
410.0,7.0,0.8821167083223842,0.0,0.0,0.0,0.0,0.0,56.0,7.0,1.7980180769759373,0.0,0.0,52.333333333333336,0.0,0.0,0.0,0.0,0.0,250.0,0.0,23,0,0.5495934959349593,145.30313141842484,612.5,0.0,0.0,0.9999999999999976,0.5,1
694.0,3.0,0.7195776480259138,0.0,0.0,0.0,2.0,0.0,14.0,2.0,0.6829081046984717,0.0,2.0,65.43333333333334,0.0,0.0,0.0,0.0,8.0,660.0,2.0,0,0,0.5495934959349593,150.42606157179026,635.0,0.0,0.0,0.9999999999999976,0.5,2
698.0,6.0,1.1048058827461564,0.0,0.0,0.0,0.0,0.0,52.0,5.0,1.1585300677303174,0.0,0.0,90.36666666666666,0.0,0.0,0.0,0.0,4.0,246.0,2.0,10,1,0.5495934959349593,172.06975329789958,618.0,0.0,0.0,0.0,0.0,2
688.0,9.0,1.5863164408934347,0.0,0.0,0.0,0.0,0.0,90.0,7.0,1.4641074529013895,0.0,0.0,88.65517241379311,0.0,0.0,0.0,0.0,12.0,1192.0,6.0,11,1,0.5495934959349593,9.380831519648153,700.0,0.0,0.0,0.0,0.0,3
658.0,2.0,0.0787079371497389,0.0,0.0,0.0,0.0,0.0,12.0,2.0,0.6365141682928128,0.0,0.0,87.0,0.0,0.0,0.0,0.0,16.0,46.0,6.0,11,1,0.5495934959349593,22.2336081942036,688.5,0.0,0.0,0.0,0.0,3
700.0,8.0,1.3479533667143715,0.0,0.0,0.0,0.0,0.0,74.0,5.0,1.1071814894705612,0.0,0.0,85.96666666666667,0.0,0.0,0.0,0.0,28.0,2014.0,12.0,12,1,0.5495934959349593,19.39071942966593,686.0,0.0,0.0,0.0,0.0,3
686.0,5.0,0.5158128855314993,0.0,0.0,0.0,0.0,0.0,134.0,6.0,1.5536209649354238,0.0,0.0,83.36666666666666,0.0,0.0,0.0,0.0,218.0,1228.0,42.0,12,1,0.5495934959349593,17.77638883463185,683.0,0.0,0.0,0.0,0.0,3
718.0,6.0,1.1652816159611603,0.0,0.0,0.0,0.0,0.0,58.0,5.0,1.257861489791136,0.0,0.0,81.5,0.0,0.0,0.0,0.0,102.0,868.0,8.0,13,1,0.5495934959349593,25.317977802344792,690.5,0.0,0.0,0.0,0.0,2
704.0,6.0,1.1770040681766134,0.0,0.0,0.0,0.0,0.0,170.0,6.0,1.3927064905049205,0.0,0.0,80.06666666666666,0.0,0.0,0.0,0.0,136.0,2828.0,36.0,13,1,0.5495934959349593,13.165611772088548,702.0,0.0,0.0,0.0,0.0,2
708.0,9.0,1.2096948065794164,0.0,26.0,0.0,0.0,0.0,242.0,8.0,1.6557159588639694,0.0,0.0,77.33333333333333,0.0,0.0,0.0,0.0,140.0,876.0,26.0,14,1,0.5495934959349593,13.366625103843152,704.0,13.0,6.5,0.0,0.0,3
658.0,3.0,0.3961706726040132,0.0,4.0,0.0,0.0,0.0,306.0,11.0,1.5749982298152083,0.0,0.0,72.58620689655173,0.0,0.0,0.0,0.0,32.0,264.0,8.0,15,1,0.5495934959349593,24.4062833439811,694.5,17.31088289679838,16.5,0.0,0.0,2
654.0,3.0,0.1042590263782174,0.0,0.0,0.0,0.0,0.0,320.0,6.0,1.0623556355232409,0.0,0.0,72.0,0.0,0.0,0.0,0.0,18.0,94.0,8.0,15,1,0.5495934959349593,30.0665927567462,682.0,17.31088289679838,16.5,0.0,0.0,2
660.0,2.0,0.0369873274551349,0.0,0.0,0.0,0.0,0.0,174.0,6.0,0.755964549228467,0.0,0.0,72.0,0.0,0.0,0.0,0.0,34.0,44.0,6.0,16,1,0.5495934959349593,25.45584412271617,670.0,17.435595774162696,10.0,0.0,0.0,2
672.0,3.0,0.5385174467757186,0.0,0.0,0.0,0.0,0.0,62.0,5.0,1.2469169542151686,0.0,0.0,69.86666666666666,0.0,0.0,0.0,0.0,68.0,226.0,8.0,16,1,0.5495934959349593,7.745966692416372,661.0,2.000000000000006,1.0,0.0,0.0,2
688.0,4.0,0.701014409255152,0.0,38.0,0.0,0.0,0.0,254.0,7.0,1.2882422576413142,0.0,0.0,66.48275862068965,0.0,0.0,0.0,0.0,84.0,82.0,12.0,17,1,0.5495934959349593,15.000000000000794,668.5,19.0,9.5,0.0,0.0,2
708.0,1.0,-1.000088900581841e-12,0.0,34.0,0.0,0.0,0.0,184.0,4.0,0.4176195690936499,0.0,0.0,64.4,0.0,0.0,0.0,0.0,34.0,30.0,2.0,17,1,0.5495934959349593,20.78460969082709,682.0,20.848661028149188,18.0,0.0,0.0,1
718.0,2.0,0.1068001133610488,0.0,0.0,0.0,10.0,0.0,148.0,6.0,1.5038229421091744,0.0,0.0,58.56666666666667,0.0,0.0,0.0,0.0,0.0,220.0,0.0,18,1,0.5495934959349593,13.699148392023844,707.5,19.76528944049813,19.0,4.898979485566356,4.0,2
680.0,5.0,0.8976787792387682,0.0,0.0,0.0,4.0,0.0,96.0,7.0,1.4149231770919122,0.0,0.0,56.44827586206897,0.0,0.0,0.0,0.0,0.0,446.0,0.0,19,1,0.5495934959349593,17.540429489231144,705.5,16.441816606851365,9.5,4.163331998932265,5.0,2
656.0,1.0,-1.000088900581841e-12,0.0,0.0,0.0,0.0,0.0,74.0,5.0,1.3315249952612176,0.0,0.0,55.241379310344826,0.0,0.0,0.0,0.0,0.0,0.0,0.0,19,1,0.5495934959349593,29.949958263744247,692.5,2.0000000000000155,1.0,4.163331998932265,5.0,2
712.0,4.0,0.6307491342069635,0.0,0.0,0.0,0.0,0.0,166.0,8.0,1.6433139451736063,0.0,0.0,53.3,0.0,0.0,0.0,0.0,56.0,550.0,12.0,20,1,0.5495934959349593,28.95398648430568,691.5,0.0,0.0,4.725815626252608,3.5,2
718.0,3.0,0.6508552449026876,0.0,0.0,0.0,0.0,0.0,92.0,5.0,1.3645639206504594,0.0,0.0,49.66666666666666,0.0,0.0,0.0,0.0,0.0,342.0,0.0,20,1,0.5495934959349593,28.95398648430568,691.5,0.0,0.0,2.0000000000000004,1.0,2
714.0,9.0,1.273910701981093,0.0,0.0,0.0,6.0,0.0,204.0,10.0,1.89609875030792,0.0,0.0,45.96551724137931,0.0,0.0,0.0,0.0,58.0,4196.0,12.0,21,0,0.5495934959349593,29.43920288775986,700.0,0.0,0.0,3.0000000000000004,1.5,2
718.0,4.0,0.4982874200320211,0.0,0.0,0.0,0.0,0.0,422.0,4.0,1.1796499149903028,0.0,0.0,42.48275862068966,0.0,0.0,0.0,0.0,0.0,2054.0,0.0,21,0,0.5495934959349593,3.000000000003736,715.5,0.0,0.0,3.0000000000000004,1.5,2
716.0,12.0,1.7332770776515376,0.0,0.0,0.0,12.0,0.0,296.0,10.0,1.825915283065215,0.0,0.0,39.6,0.0,0.0,0.0,0.0,206.0,2936.0,20.0,22,0,0.5495934959349593,1.914854215518539,716.5,0.0,0.0,5.744562646538029,4.5,2
720.0,4.0,0.7052152865860779,0.0,0.0,0.0,0.0,0.0,50.0,4.0,1.1655560500811175,0.0,0.0,35.8,0.0,0.0,0.0,0.0,0.0,2018.0,0.0,22,0,0.5495934959349593,2.58198889747596,717.0,0.0,0.0,5.744562646538029,4.5,2
718.0,1.0,-1.000088900581841e-12,0.0,0.0,0.0,0.0,0.0,20.0,1.0,-1.000088900581841e-12,0.0,0.0,32.3,0.0,0.0,0.0,0.0,0.0,122.0,0.0,23,0,0.5495934959349593,1.6329931618623268,718.0,0.0,0.0,6.0,3.0,2
718.0,6.0,0.5672244368213805,0.0,0.0,0.0,0.0,0.0,14.0,2.0,0.6829081046984717,0.0,0.0,28.9,0.0,0.0,0.0,0.0,0.0,1014.0,0.0,23,0,0.5495934959349593,1.6329931618623268,718.0,0.0,0.0,6.0,3.0,1
718.0,4.0,0.6893092100917769,0.0,0.0,0.0,0.0,0.0,10.0,2.0,0.6730116670072565,0.0,0.0,25.566666666666663,0.0,0.0,0.0,0.0,0.0,1176.0,0.0,0,0,0.5495934959349593,1.000000000011236,718.5,0.0,0.0,0.0,0.0,1
0.0,0.0,0.0,0.0,0.0,0.0,0.0,0.0,8.0,2.0,0.6931471805579453,0.0,0.0,100.0,0.0,0.0,0.0,0.0,0.0,0.0,0.0,8,1,0.5495934959349593,0.0,0.0,0.0,0.0,0.0,0.0,2
0.0,0.0,0.0,0.0,0.0,0.0,0.0,0.0,12.0,3.0,1.0114042647043515,0.0,0.0,100.0,0.0,0.0,0.0,0.0,0.0,0.0,0.0,9,1,0.5495934959349593,0.0,0.0,0.0,0.0,0.0,0.0,2
0.0,0.0,0.0,0.0,0.0,0.0,0.0,0.0,2.0,1.0,-1.000088900581841e-12,0.0,0.0,100.0,0.0,0.0,0.0,0.0,22.0,0.0,0.0,9,1,0.5495934959349593,0.0,0.0,0.0,0.0,0.0,0.0,2
70.0,4.0,1.3156227924512054,0.0,0.0,0.0,0.0,0.0,44.0,6.0,1.405940425565356,0.0,0.0,100.0,0.0,0.0,0.0,0.0,106.0,706.0,6.0,10,1,0.5495934959349593,35.00000000000042,17.5,0.0,0.0,0.0,0.0,2
714.0,7.0,1.5149646855664871,0.0,0.0,0.0,0.0,0.0,28.0,6.0,1.7721393884315286,0.0,0.0,96.4,0.0,0.0,0.0,0.0,32.0,6236.0,6.0,10,1,0.5495934959349593,346.9063274141883,196.0,0.0,0.0,0.0,0.0,3
656.0,4.0,0.1071880745088662,0.0,0.0,0.0,0.0,0.0,8.0,3.0,1.039720770836918,0.0,0.0,94.0,0.0,0.0,0.0,0.0,0.0,252.0,0.0,11,1,0.5495934959349593,377.1082956746864,360.0,0.0,0.0,0.0,0.0,2
664.0,5.0,0.4255118256267797,0.0,0.0,0.0,0.0,0.0,80.0,8.0,1.7902170842023284,0.0,0.0,93.65517241379312,0.0,0.0,0.0,0.0,58.0,576.0,12.0,11,1,0.5495934959349593,305.0814099001555,526.0,0.0,0.0,0.0,0.0,3
652.0,1.0,-1.000088900581841e-12,0.0,0.0,0.0,0.0,0.0,12.0,2.0,0.6365141682928128,0.0,0.0,92.0,0.0,0.0,0.0,0.0,0.0,0.0,0.0,12,1,0.5495934959349593,28.769196489764976,671.5,0.0,0.0,0.0,0.0,3
684.0,7.0,1.107892030260996,0.0,0.0,0.0,0.0,0.0,42.0,5.0,1.410352868460972,0.0,0.0,90.83333333333331,0.0,0.0,0.0,0.0,166.0,2604.0,16.0,12,1,0.5495934959349593,14.23610433604312,664.0,0.0,0.0,0.0,0.0,3
668.0,4.0,0.553859424003642,0.0,0.0,0.0,0.0,0.0,60.0,5.0,1.20630886599304,0.0,0.0,88.86666666666666,0.0,0.0,0.0,0.0,106.0,1920.0,12.0,13,1,0.5495934959349593,13.216151734400825,667.0,0.0,0.0,0.0,0.0,2
684.0,5.0,1.1950308777271443,0.0,0.0,0.0,0.0,0.0,62.0,6.0,1.460425850948535,0.0,0.0,86.93333333333334,0.0,0.0,0.0,0.0,108.0,2986.0,12.0,13,1,0.5495934959349593,15.31883372410269,672.0,0.0,0.0,0.0,0.0,2
678.0,8.0,0.7699580561061254,0.0,0.0,0.0,0.0,0.0,150.0,7.0,1.4690424134155389,0.0,0.0,84.3103448275862,0.0,0.0,0.0,0.0,220.0,1086.0,22.0,14,1,0.5495934959349593,7.549834435273364,678.5,0.0,0.0,0.0,0.0,2
660.0,4.0,0.1108508902138762,0.0,0.0,0.0,0.0,0.0,144.0,8.0,1.4902672673216482,0.0,0.0,83.96666666666667,0.0,0.0,0.0,0.0,146.0,246.0,14.0,14,1,0.5495934959349593,10.630145812736496,672.5,0.0,0.0,0.0,0.0,2
690.0,6.0,0.91849364741892,0.0,0.0,0.0,0.0,0.0,392.0,8.0,1.2670518234835613,0.0,0.0,81.93103448275862,0.0,0.0,0.0,0.0,230.0,2000.0,30.0,15,1,0.5495934959349593,12.961481396817234,678.0,0.0,0.0,0.0,0.0,2
716.0,7.0,1.3234935772511964,0.0,0.0,0.0,0.0,0.0,430.0,6.0,0.965737970706512,0.0,0.0,78.66666666666667,0.0,0.0,0.0,0.0,38.0,2930.0,8.0,15,1,0.5495934959349593,23.49468024894229,686.0,0.0,0.0,0.0,0.0,1
712.0,7.0,1.4561877060482742,0.0,0.0,0.0,0.0,0.0,240.0,5.0,1.2367659289458302,0.0,0.0,74.73333333333333,0.0,0.0,0.0,0.0,70.0,5238.0,16.0,16,1,0.5495934959349593,25.68397684679509,694.5,0.0,0.0,0.0,0.0,2
716.0,4.0,0.3811565642376874,0.0,0.0,0.0,0.0,0.0,164.0,5.0,0.8147408816405268,0.0,0.0,71.96551724137932,0.0,0.0,0.0,0.0,0.0,2440.0,0.0,16,1,0.5495934959349593,12.476644848143518,708.5,0.0,0.0,0.0,0.0,1
614.0,6.0,1.1367442769592435,0.0,0.0,0.0,0.0,0.0,162.0,9.0,1.3880386301651224,0.0,0.0,70.03846153846153,0.0,0.0,0.0,0.0,176.0,1388.0,12.0,17,1,0.5495934959349593,50.3686410378525,689.5,0.0,0.0,0.0,0.0,1
718.0,3.0,0.6320614124889311,0.0,0.0,0.0,0.0,0.0,110.0,5.0,0.9867134288534642,0.0,0.0,66.53333333333333,0.0,0.0,0.0,0.0,0.0,46.0,0.0,17,1,0.5495934959349593,50.728033012658514,690.0,0.0,0.0,0.0,0.0,2
678.0,6.0,0.5967854178501065,0.0,0.0,0.0,0.0,0.0,136.0,6.0,1.287313253183473,0.0,0.0,66.0,0.0,0.0,0.0,0.0,6.0,208.0,4.0,18,1,0.5495934959349593,48.61755512843797,681.5,0.0,0.0,0.0,0.0,3
692.0,3.0,0.7074002589562606,0.0,0.0,0.0,0.0,0.0,110.0,3.0,0.5155642366961641,0.0,0.0,63.9,0.0,0.0,0.0,0.0,8.0,956.0,4.0,18,1,0.5495934959349593,44.22292015083021,675.5,0.0,0.0,0.0,0.0,3
692.0,7.0,1.0294745299783334,0.0,0.0,0.0,0.0,0.0,156.0,7.0,1.25406653626192,0.0,0.0,61.8,0.0,0.0,0.0,0.0,4.0,1220.0,4.0,19,1,0.5495934959349593,16.693312034066373,695.0,0.0,0.0,0.0,0.0,2
708.0,9.0,1.6402389599915823,0.0,0.0,0.0,2.0,0.0,206.0,10.0,1.93947312276456,0.0,0.0,57.53333333333333,0.0,0.0,0.0,0.0,6.0,542.0,6.0,19,1,0.5495934959349593,12.261049438501257,692.5,0.0,0.0,1.0,0.5,2
718.0,2.0,0.0344701086632955,0.0,0.0,0.0,0.0,0.0,244.0,6.0,1.2865928948191687,0.0,0.0,53.93333333333333,0.0,0.0,0.0,0.0,0.0,254.0,0.0,20,1,0.5495934959349593,12.79322737493182,702.5,0.0,0.0,1.0,0.5,2
720.0,6.0,0.8556160803356909,0.0,0.0,0.0,0.0,0.0,176.0,7.0,1.59564234891936,0.0,0.0,51.13333333333333,0.0,0.0,0.0,0.0,0.0,406.0,0.0,20,1,0.5495934959349593,12.79322737493182,709.5,0.0,0.0,1.0,0.5,2
718.0,4.0,0.209219489056297,0.0,0.0,0.0,0.0,0.0,72.0,4.0,1.035016633480322,0.0,0.0,47.9,0.0,0.0,0.0,0.0,0.0,76.0,0.0,21,0,0.5495934959349593,5.416025603094146,716.0,0.0,0.0,1.0,0.5,2
718.0,1.0,-1.000088900581841e-12,0.0,0.0,0.0,0.0,0.0,32.0,2.0,0.3767701612544368,0.0,0.0,45.23333333333333,0.0,0.0,0.0,0.0,0.0,14.0,0.0,21,0,0.5495934959349593,1.000000000019033,718.5,0.0,0.0,0.0,0.0,2
34.0,1.0,-1.000088900581841e-12,0.0,0.0,0.0,0.0,0.0,108.0,5.0,1.2594235547682082,0.0,0.0,42.4,0.0,0.0,0.0,0.0,0.0,10.0,0.0,22,0,0.5495934959349593,342.3346316106509,547.5,0.0,0.0,0.0,0.0,1
684.0,6.0,0.9774900691590706,0.0,0.0,0.0,0.0,0.0,182.0,7.0,1.3844313441099674,0.0,0.0,39.142857142857146,0.0,0.0,0.0,0.0,6.0,1136.0,2.0,22,0,0.5495934959349593,336.7150130303073,538.5,0.0,0.0,0.0,0.0,2
718.0,1.0,-1.000088900581841e-12,0.0,0.0,0.0,0.0,0.0,12.0,2.0,0.6365141682928128,0.0,0.0,36.36666666666667,0.0,0.0,0.0,0.0,0.0,718.0,0.0,23,0,0.5495934959349593,336.7150130303073,538.5,0.0,0.0,0.0,0.0,2
718.0,8.0,1.5063103819484494,0.0,0.0,0.0,4.0,0.0,4066.0,8.0,0.6634557715680078,0.0,0.0,32.793103448275865,0.0,0.0,0.0,0.0,8.0,2544.0,4.0,23,0,0.5495934959349593,336.7150130303073,538.5,0.0,0.0,2.0,1.0,2
694.0,7.0,0.992773539673058,0.0,0.0,0.0,0.0,0.0,60.0,5.0,1.5246335284298942,0.0,0.0,95.17241379310344,0.0,0.0,0.0,0.0,66.0,1378.0,20.0,8,1,0.5495934959349593,339.4402254693257,508.5,0.0,0.0,0.0,0.0,3
716.0,3.0,0.1716336393649598,0.0,0.0,0.0,0.0,0.0,42.0,7.0,1.819321571852695,0.0,0.0,94.0,0.0,0.0,0.0,0.0,30.0,50.0,2.0,8,1,0.5495934959349593,25.683976846794696,687.5,0.0,0.0,0.0,0.0,3
680.0,5.0,0.2588001319414486,0.0,0.0,0.0,0.0,0.0,168.0,7.0,1.2950959076055082,0.0,0.0,94.0,0.0,0.0,0.0,0.0,32.0,118.0,10.0,9,1,0.5495934959349593,15.748015748024246,694.0,0.0,0.0,0.0,0.0,2
668.0,6.0,0.4926879881797819,0.0,0.0,0.0,0.0,0.0,128.0,4.0,1.2049252310722658,0.0,0.0,93.13333333333334,0.0,0.0,0.0,0.0,60.0,352.0,12.0,9,1,0.5495934959349593,20.615528128088776,689.5,0.0,0.0,0.0,0.0,2
698.0,8.0,1.5124015165244646,0.0,0.0,0.0,0.0,0.0,164.0,6.0,1.5782839528468708,0.0,0.0,90.72413793103448,0.0,0.0,0.0,0.0,108.0,3380.0,32.0,10,1,0.5495934959349593,21.000000000000465,690.5,0.0,0.0,0.0,0.0,3
666.0,4.0,0.5872330090133163,0.0,0.0,0.0,0.0,0.0,28.0,3.0,0.992281974849574,0.0,0.0,84.0,0.0,0.0,0.0,0.0,42.0,768.0,4.0,11,1,0.5495934959349593,16.84240679554695,681.5,0.0,0.0,0.0,0.0,2
660.0,6.0,0.1640500110292697,0.0,0.0,0.0,0.0,0.0,102.0,8.0,1.6823361330293785,0.0,0.0,82.0,0.0,0.0,0.0,0.0,140.0,98.0,10.0,12,1,0.5495934959349593,17.511900715418815,678.0,0.0,0.0,0.0,0.0,3
720.0,3.0,0.3359130928889485,0.0,0.0,0.0,0.0,0.0,60.0,2.0,0.2449300267926353,0.0,0.0,71.43333333333334,0.0,0.0,0.0,0.0,16.0,282.0,4.0,13,1,0.5495934959349593,27.59226944876685,697.0,0.0,0.0,0.0,0.0,2
656.0,2.0,0.0371756794593797,0.0,0.0,0.0,0.0,0.0,26.0,5.0,1.4791328074246437,0.0,0.0,62.0,0.0,0.0,0.0,0.0,34.0,74.0,6.0,15,1,0.5495934959349593,24.076267706326192,689.5,0.0,0.0,0.0,0.0,2
680.0,8.0,1.0843302878171044,0.0,0.0,0.0,0.0,0.0,106.0,7.0,1.7559475354123424,0.0,0.0,62.0,0.0,0.0,0.0,0.0,82.0,1764.0,16.0,16,1,0.5495934959349593,27.049337638224813,675.5,0.0,0.0,0.0,0.0,2
702.0,7.0,0.8706900980754326,0.0,0.0,0.0,0.0,0.0,148.0,5.0,1.3339960886831317,0.0,0.0,56.96666666666667,0.0,0.0,0.0,0.0,96.0,18952.0,12.0,17,1,0.5495934959349593,19.798989873223825,680.0,0.0,0.0,0.0,0.0,2
708.0,4.0,0.784784524650016,0.0,0.0,0.0,0.0,0.0,150.0,8.0,1.0690810301518674,0.0,0.0,50.333333333333336,0.0,10.0,0.0,18.0,96.0,782.0,8.0,18,1,0.5495934959349593,10.198039027186562,698.0,0.0,0.0,0.0,0.0,3
658.0,1.0,-1.000088900581841e-12,0.0,0.0,0.0,0.0,0.0,58.0,5.0,1.434352966912298,0.0,0.0,47.0,0.0,0.0,0.0,0.0,0.0,0.0,0.0,19,1,0.5495934959349593,21.69485346036443,687.0,0.0,0.0,0.0,0.0,2
718.0,2.0,0.0191697168109286,0.0,0.0,0.0,0.0,0.0,132.0,4.0,0.9880817614753016,0.0,0.0,42.73333333333333,0.0,0.0,0.0,0.0,0.0,1096.0,0.0,20,1,0.5495934959349593,24.603522782994983,686.0,0.0,0.0,2.0,1.0,2
608.0,3.0,0.1436946012266245,0.0,0.0,0.0,0.0,0.0,52.0,3.0,0.6870920273769716,0.0,0.0,34.689655172413794,0.0,0.0,0.0,0.0,0.0,1552.0,0.0,21,0,0.5495934959349593,51.87163643713862,682.0,0.0,0.0,2.0,1.0,2
720.0,1.0,-1.000088900581841e-12,0.0,0.0,0.0,0.0,0.0,102.0,3.0,1.0902994589780524,0.0,0.0,27.53333333333333,0.0,0.0,0.0,0.0,0.0,68.0,0.0,22,0,0.5495934959349593,55.341364878964505,691.0,0.0,0.0,0.0,0.0,2
0.0,0.0,0.0,0.0,0.0,0.0,0.0,0.0,44.0,5.0,1.294545165839896,0.0,0.0,18.53333333333333,0.0,0.0,0.0,0.0,0.0,40.0,0.0,23,0,0.5495934959349593,353.00991487492246,430.0,0.0,0.0,0.0,0.0,1
656.0,1.0,-1.000088900581841e-12,0.0,0.0,0.0,0.0,0.0,4.0,1.0,-1.000088900581841e-12,0.0,0.0,22.310344827586206,0.0,0.0,0.0,0.0,0.0,0.0,0.0,0,0,0.5495934959349593,285.434756117751,264.5,0.0,0.0,4.0,2.0,3
0.0,0.0,0.0,0.0,0.0,0.0,0.0,0.0,10.0,2.0,0.6730116670072565,0.0,0.0,56.73333333333333,0.0,0.0,0.0,0.0,0.0,0.0,0.0,1,0,0.5495934959349593,324.4359207403932,336.0,0.0,0.0,4.0,2.0,3
0.0,0.0,0.0,0.0,0.0,0.0,0.0,0.0,4.0,1.0,-1.000088900581841e-12,0.0,0.0,84.4,0.0,0.0,0.0,0.0,0.0,0.0,0.0,2,0,0.5495934959349593,284.0,142.0,0.0,0.0,0.0,0.0,3
0.0,0.0,0.0,0.0,0.0,0.0,0.0,0.0,6.0,1.0,-1.000088900581841e-12,0.0,0.0,97.5,0.0,0.0,0.0,0.0,0.0,0.0,0.0,3,0,0.5495934959349593,0.0,0.0,0.0,0.0,0.0,0.0,3
0.0,0.0,0.0,0.0,0.0,0.0,0.0,0.0,4.0,1.0,-1.000088900581841e-12,0.0,0.0,100.0,0.0,0.0,0.0,0.0,0.0,0.0,0.0,4,0,0.5495934959349593,0.0,0.0,0.0,0.0,0.0,0.0,3
0.0,0.0,0.0,0.0,0.0,0.0,0.0,0.0,12.0,2.0,0.6365141682928128,0.0,0.0,100.0,0.0,0.0,0.0,0.0,0.0,0.0,0.0,5,0,0.5495934959349593,0.0,0.0,0.0,0.0,0.0,0.0,3
0.0,0.0,0.0,0.0,0.0,0.0,0.0,0.0,8.0,2.0,0.6931471805579453,0.0,0.0,100.0,0.0,0.0,0.0,0.0,0.0,0.0,0.0,6,0,0.5495934959349593,0.0,0.0,0.0,0.0,0.0,0.0,3
666.0,3.0,0.0880506137698661,0.0,0.0,0.0,0.0,0.0,182.0,8.0,1.3388256096749498,0.0,0.0,85.6,0.0,0.0,0.0,0.0,4.0,28.0,2.0,11,1,0.5495934959349593,3.000000000001058,669.5,0.0,0.0,0.0,0.0,3
688.0,5.0,0.712055455119031,0.0,0.0,0.0,0.0,0.0,222.0,4.0,1.0288681408519411,0.0,0.0,80.41379310344827,0.0,0.0,0.0,0.0,20.0,284.0,4.0,12,1,0.5495934959349593,14.094916341244216,679.0,0.0,0.0,0.0,0.0,3
668.0,3.0,0.1885278218202854,0.0,0.0,0.0,0.0,0.0,38.0,5.0,1.2947749214425035,0.0,0.0,75.03571428571429,0.0,4.0,0.0,4.0,68.0,88.0,8.0,13,1,0.5495934959349593,17.616280348965265,676.5,0.0,0.0,0.0,0.0,2
660.0,5.0,0.4232625067054898,0.0,0.0,0.0,0.0,0.0,42.0,5.0,1.4925477463043382,0.0,0.0,71.0,0.0,0.0,0.0,0.0,18.0,756.0,8.0,14,1,0.5495934959349593,8.06225774829894,664.5,0.0,0.0,0.0,0.0,3
670.0,7.0,0.7608573073373214,0.0,0.0,0.0,0.0,0.0,74.0,7.0,1.722882337666141,0.0,0.0,70.82758620689656,0.0,0.0,0.0,0.0,44.0,1310.0,10.0,15,1,0.5495934959349593,17.048949136726065,676.0,0.0,0.0,0.0,0.0,3
660.0,3.0,0.182925973606011,0.0,0.0,0.0,0.0,0.0,40.0,5.0,1.4786258764879632,0.0,0.0,69.0,0.0,0.0,0.0,0.0,58.0,182.0,4.0,16,1,0.5495934959349593,19.390719429665463,672.0,0.0,0.0,0.0,0.0,2
646.0,4.0,0.3908689697783319,0.0,0.0,0.0,4.0,0.0,308.0,6.0,0.7957696185542381,0.0,0.0,67.78571428571429,0.0,0.0,0.0,0.0,48.0,252.0,6.0,17,1,0.5495934959349593,9.848857801796369,658.5,0.0,0.0,2.0,1.0,2
718.0,1.0,-1.000088900581841e-12,0.0,0.0,0.0,0.0,0.0,48.0,5.0,1.2252418643176084,0.0,0.0,61.1,0.0,0.0,0.0,0.0,0.0,1338.0,0.0,18,1,0.5495934959349593,34.92849839314605,687.0,0.0,0.0,2.309401076758503,2.0,2
232.0,5.0,1.2205803602193686,0.0,0.0,0.0,0.0,0.0,112.0,9.0,1.62353047940421,0.0,0.0,51.55172413793103,0.0,0.0,0.0,0.0,12.0,726.0,4.0,19,1,0.5495934959349593,242.6794868408398,596.0,0.0,0.0,2.0,1.0,2
652.0,1.0,-1.000088900581841e-12,0.0,0.0,0.0,0.0,0.0,36.0,3.0,1.0114042647043515,0.0,0.0,48.0,0.0,0.0,0.0,0.0,0.0,0.0,0.0,20,1,0.5495934959349593,228.3622852691165,572.0,0.0,0.0,0.0,0.0,1
718.0,6.0,0.7553594166413954,0.0,0.0,0.0,10.0,0.0,174.0,7.0,1.5164853571646963,0.0,0.0,45.46666666666667,0.0,0.0,0.0,0.0,0.0,2380.0,0.0,21,0,0.5495934959349593,27.92848008753818,681.0,0.0,0.0,5.0,2.5,2
718.0,3.0,0.406908647627021,0.0,0.0,0.0,0.0,0.0,304.0,4.0,0.7119612908754194,0.0,0.0,39.66666666666666,0.0,0.0,0.0,0.0,0.0,268.0,0.0,22,0,0.5495934959349593,24.000000000000348,706.0,0.0,0.0,5.0,2.5,2
100.0,1.0,-1.000088900581841e-12,0.0,0.0,0.0,0.0,0.0,68.0,4.0,0.6598720137808267,0.0,0.0,33.9,0.0,0.0,0.0,0.0,0.0,122.0,0.0,23,0,0.5495934959349593,309.3347701116058,564.0,0.0,0.0,0.0,0.0,2
658.0,3.0,0.3554876189357518,0.0,0.0,0.0,0.0,0.0,44.0,6.0,1.6412302134813397,0.0,20.0,33.6551724137931,0.0,0.0,0.0,0.0,92.0,614.0,0.0,0,0,0.5495934959349593,284.3114489428803,520.5,0.0,0.0,12.0,6.0,2
698.0,10.0,1.2917348032141125,0.0,0.0,0.0,0.0,0.0,130.0,6.0,1.5676871027841472,0.0,0.0,95.56666666666666,0.0,0.0,0.0,0.0,212.0,2946.0,28.0,8,1,0.5495934959349593,342.5604569512755,513.5,0.0,0.0,0.0,0.0,2
666.0,4.0,0.3672069236251842,0.0,0.0,0.0,0.0,0.0,486.0,3.0,0.1314905575160442,0.0,0.0,92.0,0.0,0.0,0.0,0.0,42.0,440.0,14.0,9,1,0.5495934959349593,13.40397950859042,683.5,0.0,0.0,0.0,0.0,3
658.0,4.0,0.2614500680506901,0.0,0.0,0.0,0.0,0.0,106.0,6.0,1.0210858628004784,0.0,0.0,90.36666666666666,0.0,0.0,0.0,0.0,24.0,502.0,4.0,10,1,0.5495934959349593,11.015141094574275,671.0,0.0,0.0,0.0,0.0,3
654.0,3.0,0.0893860764220096,0.0,0.0,0.0,0.0,0.0,38.0,4.0,1.1184066545571023,0.0,0.0,89.0,0.0,0.0,0.0,0.0,50.0,128.0,10.0,11,1,0.5495934959349593,11.120551545076914,661.5,0.0,0.0,0.0,0.0,2
658.0,3.0,0.0577147699518352,0.0,0.0,0.0,0.0,0.0,104.0,4.0,0.9453966533360076,0.0,0.0,86.8,0.0,0.0,0.0,0.0,82.0,108.0,8.0,12,1,0.5495934959349593,11.120551545076914,661.5,0.0,0.0,0.0,0.0,2
662.0,4.0,0.5314784490689838,0.0,0.0,0.0,0.0,0.0,40.0,3.0,0.7305880613681225,0.0,0.0,83.96666666666667,0.0,0.0,0.0,0.0,106.0,336.0,8.0,13,1,0.5495934959349593,13.216151734401064,671.0,0.0,0.0,0.0,0.0,3
654.0,1.0,-1.000088900581841e-12,0.0,0.0,0.0,0.0,0.0,36.0,4.0,1.0399095464265242,0.0,0.0,82.0,0.0,0.0,0.0,0.0,28.0,0.0,0.0,14,1,0.5495934959349593,13.796134724384904,668.5,0.0,0.0,0.0,0.0,2
656.0,1.0,-1.000088900581841e-12,0.0,0.0,0.0,0.0,0.0,156.0,2.0,0.0685932179345961,0.0,0.0,79.2,0.0,0.0,0.0,0.0,0.0,0.0,0.0,15,1,0.5495934959349593,10.246950765961804,657.5,0.0,0.0,0.0,0.0,2
204.0,4.0,0.995848072913609,0.0,0.0,0.0,0.0,0.0,116.0,8.0,1.1966455449715128,0.0,0.0,78.03448275862068,18.0,0.0,0.0,0.0,60.0,486.0,12.0,16,1,0.5495934959349593,218.6839424069969,531.0,0.0,0.0,0.0,0.0,2
718.0,4.0,0.995078196559174,0.0,0.0,0.0,0.0,0.0,24.0,4.0,1.3086053872494494,0.0,0.0,72.48275862068965,0.0,0.0,0.0,0.0,32.0,2604.0,4.0,17,1,0.5495934959349593,244.76927911811163,564.0,0.0,0.0,0.0,0.0,2
660.0,1.0,-1.000088900581841e-12,0.0,0.0,0.0,0.0,0.0,132.0,5.0,0.6790354575620512,0.0,0.0,70.0,0.0,0.0,0.0,0.0,0.0,0.0,0.0,18,1,0.5495934959349593,32.37282811247804,690.0,0.0,0.0,0.0,0.0,2
680.0,4.0,0.7274769454101375,0.0,0.0,0.0,0.0,0.0,96.0,6.0,1.4694084858463743,0.0,0.0,66.72413793103448,0.0,0.0,0.0,0.0,204.0,810.0,18.0,19,1,0.5495934959349593,37.0225156717735,650.0,0.0,0.0,0.0,0.0,1
630.0,3.0,0.2848146660306525,0.0,0.0,0.0,0.0,0.0,130.0,6.0,1.2495216503738082,0.0,0.0,65.13333333333334,0.0,0.0,0.0,0.0,38.0,684.0,6.0,20,1,0.5495934959349593,35.27038417709747,639.0,0.0,0.0,0.0,0.0,2
718.0,4.0,0.1602352306679121,0.0,0.0,0.0,0.0,0.0,334.0,7.0,1.6166024935136436,0.0,0.0,58.36666666666667,0.0,0.0,0.0,0.0,0.0,2932.0,0.0,21,0,0.5495934959349593,44.13237662608612,677.5,0.0,0.0,5.0,2.5,1
718.0,1.0,-1.000088900581841e-12,0.0,0.0,0.0,0.0,0.0,132.0,4.0,1.129175755871705,0.0,0.0,48.9,0.0,0.0,0.0,0.0,0.0,282.0,0.0,22,0,0.5495934959349593,3.4641016151445974,717.0,0.0,0.0,5.0,2.5,2
612.0,8.0,1.206372004493422,0.0,0.0,0.0,4.0,0.0,76.0,8.0,1.9882171913564928,0.0,0.0,41.206896551724135,0.0,0.0,0.0,0.0,146.0,3070.0,18.0,23,0,0.5495934959349593,294.0266427837224,538.5,0.0,0.0,2.0,1.0,1
650.0,1.0,-1.000088900581841e-12,0.0,0.0,0.0,0.0,0.0,0.0,0.0,0.0,0.0,0.0,89.0,0.0,0.0,0.0,0.0,0.0,0.0,0.0,9,1,0.5495934959349593,12.701705922174078,657.0,0.0,0.0,0.0,0.0,2
684.0,5.0,0.6994541681280801,0.0,0.0,0.0,0.0,0.0,138.0,4.0,1.0247038467123215,0.0,0.0,88.34482758620689,0.0,0.0,0.0,0.0,26.0,664.0,14.0,10,1,0.5495934959349593,16.114175953697586,660.5,0.0,0.0,0.0,0.0,2
682.0,1.0,-1.000088900581841e-12,0.0,0.0,0.0,0.0,0.0,2.0,1.0,-1.000088900581841e-12,0.0,0.0,85.0,0.0,0.0,0.0,0.0,4.0,0.0,0.0,11,1,0.5495934959349593,13.564659966252716,678.0,0.0,0.0,0.0,0.0,3
678.0,6.0,1.353942995895922,0.0,0.0,0.0,0.0,0.0,90.0,3.0,0.8061151183571076,0.0,0.0,83.33333333333333,0.0,0.0,0.0,0.0,62.0,470.0,8.0,12,1,0.5495934959349593,10.503967504395318,687.5,0.0,0.0,0.0,0.0,2
662.0,3.0,0.375937891958485,0.0,0.0,0.0,0.0,0.0,24.0,4.0,1.2860573368703792,0.0,0.0,78.48275862068965,0.0,0.0,0.0,0.0,50.0,462.0,2.0,13,1,0.5495934959349593,16.522711641860106,681.5,0.0,0.0,0.0,0.0,2
652.0,1.0,-1.000088900581841e-12,0.0,0.0,0.0,0.0,0.0,24.0,4.0,1.236684869136504,0.0,0.0,78.0,0.0,0.0,0.0,0.0,28.0,0.0,0.0,14,1,0.5495934959349593,15.088627063676988,662.5,0.0,0.0,0.0,0.0,3
672.0,3.0,0.1742522903221861,0.0,0.0,0.0,0.0,0.0,126.0,5.0,0.7899277826340351,0.0,0.0,75.72413793103448,0.0,0.0,0.0,0.0,92.0,310.0,6.0,15,1,0.5495934959349593,109.73908449894564,604.0,0.0,0.0,0.0,0.0,2
670.0,1.0,-1.000088900581841e-12,0.0,0.0,0.0,0.0,0.0,412.0,5.0,0.2296984091502406,0.0,0.0,73.93333333333334,0.0,0.0,0.0,0.0,16.0,0.0,0.0,16,1,0.5495934959349593,117.07974490349189,615.5,0.0,0.0,0.0,0.0,3
718.0,1.0,-1.000088900581841e-12,0.0,0.0,0.0,0.0,0.0,72.0,6.0,1.5127633969601098,0.0,0.0,62.06666666666667,0.0,0.0,0.0,0.0,0.0,1752.0,0.0,18,1,0.5495934959349593,7.393691004277181,713.0,0.0,0.0,3.4641016151377544,3.0,3
702.0,8.0,1.4069675502584422,0.0,0.0,0.0,0.0,0.0,158.0,8.0,1.3270648872263495,0.0,0.0,52.833333333333336,0.0,0.0,0.0,0.0,42.0,5726.0,6.0,19,1,0.5495934959349593,8.164965809281107,714.0,0.0,0.0,0.0,0.0,2
674.0,5.0,0.5961624450616921,0.0,0.0,0.0,0.0,0.0,180.0,8.0,1.206549850593592,0.0,0.0,48.93333333333333,0.0,0.0,0.0,0.0,54.0,1158.0,12.0,20,1,0.5495934959349593,19.07004632051873,697.5,0.0,0.0,0.0,0.0,2
718.0,1.0,-1.000088900581841e-12,0.0,0.0,0.0,0.0,0.0,214.0,4.0,0.4482827993389356,0.0,0.0,42.73333333333333,0.0,0.0,0.0,0.0,0.0,1676.0,0.0,21,0,0.5495934959349593,21.260291625470785,701.0,0.0,0.0,3.0,1.5,2
720.0,1.0,-1.000088900581841e-12,0.0,0.0,0.0,0.0,0.0,148.0,2.0,0.4647725612890351,0.0,0.0,35.56666666666667,0.0,0.0,0.0,0.0,0.0,154.0,0.0,22,0,0.5495934959349593,1.000000000031529,718.5,0.0,0.0,3.0,1.5,2
362.0,5.0,0.960484146333742,0.0,0.0,0.0,0.0,0.0,164.0,7.0,1.5326479374807929,0.0,0.0,29.06896551724138,0.0,0.0,0.0,0.0,26.0,1918.0,4.0,23,0,0.5495934959349593,230.83904926737748,521.0,0.0,0.0,0.0,0.0,1
654.0,3.0,0.3425775022170672,0.0,0.0,0.0,6.0,0.0,6.0,1.0,-1.000088900581841e-12,0.0,26.0,27.366666666666667,0.0,0.0,0.0,0.0,26.0,250.0,8.0,0,0,0.5495934959349593,213.58760887904225,504.5,0.0,0.0,3.0,1.5,2
662.0,7.0,0.3998851068401671,0.0,0.0,0.0,0.0,0.0,456.0,6.0,0.6344539978806327,0.0,0.0,89.39285714285714,0.0,0.0,0.0,0.0,88.0,1258.0,14.0,9,1,0.5495934959349593,16.84240679554771,686.5,0.0,0.0,0.0,0.0,2
674.0,1.0,-1.000088900581841e-12,0.0,0.0,0.0,0.0,0.0,662.0,5.0,0.2840908016653793,0.0,0.0,87.5,0.0,0.0,0.0,0.0,30.0,0.0,0.0,10,1,0.5495934959349593,12.041594578794175,673.5,0.0,0.0,0.0,0.0,2
684.0,5.0,0.6161930484865499,0.0,0.0,0.0,0.0,0.0,456.0,7.0,1.030240095610459,0.0,0.0,83.6,0.0,0.0,0.0,0.0,124.0,5788.0,18.0,11,1,0.5495934959349593,88.91194145520262,631.0,0.0,0.0,0.0,0.0,2
676.0,4.0,0.4689699739257242,0.0,0.0,0.0,0.0,0.0,238.0,5.0,0.655829065521995,0.0,0.0,79.5,0.0,0.0,0.0,0.0,100.0,1092.0,4.0,12,1,0.5495934959349593,92.10139340241662,636.0,0.0,0.0,0.0,0.0,2
656.0,1.0,-1.000088900581841e-12,0.0,0.0,0.0,0.0,0.0,110.0,3.0,0.5871794947639207,0.0,0.0,77.41379310344827,0.0,0.0,0.0,0.0,66.0,0.0,0.0,13,1,0.5495934959349593,14.64012750400004,676.5,0.0,0.0,0.0,0.0,2
0.0,0.0,0.0,0.0,0.0,0.0,0.0,0.0,2.0,1.0,-1.000088900581841e-12,0.0,0.0,77.0,0.0,0.0,0.0,0.0,0.0,0.0,0.0,14,1,0.5495934959349593,324.4744468624097,413.5,0.0,0.0,0.0,0.0,2
686.0,3.0,0.0859180742755214,0.0,0.0,0.0,0.0,0.0,60.0,6.0,1.3893770189362304,0.0,0.0,75.41379310344827,0.0,0.0,0.0,0.0,36.0,52.0,4.0,15,1,0.5495934959349593,324.41280287107463,413.5,0.0,0.0,0.0,0.0,3
678.0,2.0,0.556592448871413,0.0,0.0,0.0,0.0,0.0,112.0,6.0,1.4717940056960277,0.0,0.0,73.93333333333334,0.0,0.0,0.0,0.0,236.0,810.0,26.0,16,1,0.5495934959349593,24.07626770632714,684.5,0.0,0.0,0.0,0.0,2
654.0,1.0,-1.000088900581841e-12,0.0,0.0,0.0,0.0,0.0,58.0,3.0,0.7276345263793876,0.0,0.0,72.0,0.0,0.0,0.0,0.0,112.0,0.0,0.0,17,1,0.5495934959349593,26.558112382724005,679.0,0.0,0.0,0.0,0.0,2
718.0,1.0,-1.000088900581841e-12,0.0,0.0,0.0,0.0,0.0,68.0,6.0,1.2828428422581124,0.0,0.0,66.16666666666667,0.0,0.0,0.0,0.0,0.0,1200.0,0.0,18,1,0.5495934959349593,28.61235164516772,684.0,0.0,0.0,0.0,0.0,2
612.0,3.0,0.8883806923438675,0.0,0.0,0.0,0.0,0.0,72.0,9.0,1.8048686842206032,0.0,0.0,56.80769230769231,0.0,0.0,0.0,0.0,74.0,19032.0,14.0,19,1,0.5495934959349593,50.41163886775947,686.0,0.0,0.0,0.0,0.0,2
712.0,7.0,0.7887226545200299,0.0,0.0,0.0,0.0,0.0,94.0,6.0,1.3892093338916969,0.0,0.0,51.23333333333333,0.0,0.0,0.0,0.0,4.0,3238.0,4.0,20,1,0.5495934959349593,48.90807704255059,678.0,0.0,0.0,0.0,0.0,2
718.0,1.0,-1.000088900581841e-12,0.0,0.0,0.0,0.0,0.0,62.0,5.0,1.427245488943214,0.0,0.0,45.43333333333333,0.0,0.0,0.0,0.0,0.0,80.0,0.0,21,0,0.5495934959349593,23.17326045251431,704.5,0.0,0.0,1.0,0.5,2
720.0,1.0,-1.000088900581841e-12,0.0,0.0,0.0,0.0,0.0,92.0,4.0,1.1314493315831136,0.0,0.0,40.2,0.0,0.0,0.0,0.0,0.0,46.0,0.0,22,0,0.5495934959349593,74.3393121661305,681.5,0.0,0.0,1.0,0.5,2
82.0,5.0,1.308281265119007,0.0,0.0,0.0,0.0,0.0,138.0,8.0,1.698747027880136,0.0,0.0,34.6551724137931,0.0,0.0,0.0,0.0,0.0,378.0,0.0,23,0,0.5495934959349593,288.3562611307988,410.0,0.0,0.0,0.0,0.0,2
718.0,5.0,0.9657060159698252,0.0,0.0,0.0,0.0,0.0,316.0,4.0,0.5607966785539281,0.0,0.0,29.066666666666663,0.0,0.0,0.0,0.0,0.0,2988.0,0.0,0,0,0.5495934959349593,322.5662722604458,446.5,0.0,0.0,0.0,0.0,2
426.0,6.0,0.77287806172602,0.0,0.0,0.0,0.0,0.0,104.0,10.0,1.8254008463305968,0.0,0.0,99.03448275862068,0.0,0.0,0.0,0.0,38.0,764.0,8.0,10,1,0.5495934959349593,213.0000000000002,106.5,0.0,0.0,0.0,0.0,2
718.0,4.0,1.039928761857602,0.0,0.0,0.0,0.0,0.0,96.0,5.0,1.3237225485177004,0.0,0.0,91.43333333333334,0.0,0.0,0.0,0.0,12.0,978.0,4.0,11,1,0.5495934959349593,339.49128609337447,465.5,0.0,0.0,0.0,0.0,2
670.0,8.0,1.2500097132464898,0.0,0.0,0.0,0.0,0.0,60.0,5.0,1.4708084763171114,0.0,0.0,85.23333333333333,0.0,0.0,0.0,0.0,28.0,1614.0,16.0,12,1,0.5495934959349593,81.21576201698832,663.0,0.0,0.0,0.0,0.0,2
654.0,5.0,0.3315102324178147,0.0,0.0,0.0,0.0,0.0,80.0,5.0,1.152635426392008,0.0,0.0,83.96666666666667,0.0,0.0,0.0,0.0,36.0,178.0,8.0,13,1,0.5495934959349593,58.36665714829615,633.0,0.0,0.0,0.0,0.0,2
672.0,1.0,-1.000088900581841e-12,0.0,0.0,0.0,0.0,0.0,248.0,3.0,0.8243394625126307,0.0,0.0,80.0,0.0,0.0,0.0,0.0,12.0,0.0,0.0,14,1,0.5495934959349593,19.13983629327629,671.5,0.0,0.0,0.0,0.0,3
666.0,3.0,0.1145628195605156,0.0,0.0,0.0,0.0,0.0,186.0,6.0,0.9174142733734844,0.0,0.0,78.17241379310344,0.0,0.0,0.0,0.0,20.0,112.0,4.0,15,1,0.5495934959349593,22.21110833194544,670.0,0.0,0.0,0.0,0.0,2
714.0,3.0,0.4388877996233493,0.0,0.0,0.0,4.0,0.0,190.0,6.0,1.0662762334212394,0.0,0.0,74.0,0.0,0.0,0.0,0.0,0.0,798.0,0.0,16,1,0.5495934959349593,31.469562013688964,680.5,0.0,0.0,2.309401076758503,2.0,2
718.0,5.0,0.6161218601477433,0.0,0.0,0.0,0.0,0.0,124.0,5.0,0.9802896059504038,0.0,0.0,68.33333333333333,0.0,0.0,0.0,0.0,0.0,1134.0,0.0,17,1,0.5495934959349593,9.146948489345997,711.5,0.0,0.0,2.309401076758503,2.0,2
714.0,8.0,1.141505072485688,0.0,0.0,0.0,6.0,0.0,146.0,7.0,1.652702134733648,0.0,0.0,61.72413793103448,0.0,0.0,0.0,0.0,32.0,2008.0,10.0,18,1,0.5495934959349593,2.581988897487554,715.0,0.0,0.0,3.0,1.5,2
672.0,2.0,0.5750398244760919,0.0,0.0,0.0,6.0,0.0,222.0,6.0,1.420813921069142,0.0,0.0,54.16666666666666,0.0,0.0,0.0,0.0,24.0,704.0,0.0,19,1,0.5495934959349593,21.478671591451256,704.0,0.0,0.0,3.4641016151377544,3.0,2
720.0,6.0,0.948514157067594,0.0,0.0,0.0,0.0,0.0,314.0,8.0,1.6048228382732566,0.0,0.0,50.833333333333336,0.0,0.0,0.0,0.0,12.0,1156.0,8.0,20,1,0.5495934959349593,26.58320271650406,696.0,0.0,0.0,3.4641016151377544,3.0,2
718.0,5.0,0.8204768788486727,0.0,0.0,0.0,0.0,0.0,602.0,4.0,1.2605857864882717,0.0,0.0,44.5,0.0,0.0,0.0,0.0,0.0,4906.0,0.0,21,0,0.5495934959349593,22.060522810367583,707.0,0.0,0.0,3.0,1.5,2
716.0,5.0,0.4206208046691932,0.0,0.0,0.0,0.0,0.0,300.0,5.0,1.1056678787138643,0.0,0.0,38.06666666666667,0.0,0.0,0.0,0.0,0.0,702.0,0.0,22,0,0.5495934959349593,1.154700538414712,717.0,0.0,0.0,0.0,0.0,2
718.0,7.0,0.9978216492372898,0.0,0.0,0.0,10.0,0.0,146.0,5.0,1.2046761583316687,0.0,0.0,28.73333333333333,0.0,0.0,0.0,0.0,0.0,3918.0,0.0,23,0,0.5495934959349593,1.0000000000409366,717.5,0.0,0.0,5.0,2.5,2
674.0,4.0,0.9696458724657852,0.0,0.0,0.0,4.0,0.0,422.0,3.0,0.1046134554070203,0.0,14.0,24.55172413793104,0.0,0.0,0.0,0.0,40.0,330.0,2.0,0,0,0.5495934959349593,22.00000000000186,707.0,0.0,0.0,4.725815626252608,3.5,2
570.0,1.0,-1.000088900581841e-12,0.0,0.0,0.0,0.0,0.0,28.0,4.0,1.1973401339927785,0.0,0.0,91.63333333333334,0.0,0.0,0.0,0.0,0.0,1156.0,0.0,11,1,0.5495934959349593,310.52375110448486,437.5,0.0,0.0,0.0,0.0,1
686.0,5.0,0.7944103202300159,0.0,0.0,0.0,0.0,0.0,90.0,5.0,1.3220679505100594,0.0,0.0,85.0,0.0,0.0,0.0,0.0,108.0,860.0,10.0,12,1,0.5495934959349593,65.58455102639194,652.0,0.0,0.0,0.0,0.0,2
716.0,6.0,0.7326251066406999,0.0,0.0,0.0,0.0,0.0,104.0,4.0,1.1154540352844708,0.0,0.0,84.26666666666667,0.0,0.0,0.0,0.0,72.0,1364.0,30.0,13,1,0.5495934959349593,35.45419580247273,681.5,0.0,0.0,0.0,0.0,2
668.0,3.0,0.3290973924160652,0.0,0.0,0.0,0.0,0.0,226.0,6.0,1.1633138178101226,0.0,0.0,81.53333333333333,0.0,0.0,0.0,0.0,40.0,436.0,4.0,14,1,0.5495934959349593,24.67792535850765,684.5,0.0,0.0,0.0,0.0,2
714.0,4.0,1.0170959285422714,0.0,0.0,0.0,0.0,0.0,184.0,5.0,0.9616197584291514,0.0,0.0,78.1,0.0,0.0,0.0,0.0,0.0,1134.0,0.0,15,1,0.5495934959349593,24.792471975717586,677.0,0.0,0.0,0.0,0.0,2
716.0,8.0,1.0014448492359649,0.0,0.0,0.0,0.0,0.0,300.0,7.0,1.276136467787781,0.0,0.0,71.8,0.0,0.0,0.0,0.0,20.0,3204.0,6.0,16,1,0.5495934959349593,24.07626770632736,697.5,0.0,0.0,0.0,0.0,2
700.0,6.0,1.2800051985643413,0.0,0.0,0.0,0.0,0.0,242.0,6.0,1.0472412422067985,0.0,0.0,63.833333333333336,0.0,0.0,0.0,0.0,72.0,1900.0,8.0,17,1,0.5495934959349593,8.869423130437609,705.0,0.0,0.0,0.0,0.0,2
544.0,2.0,0.1693437048528022,0.0,0.0,0.0,0.0,0.0,142.0,6.0,1.1962733323079098,0.0,0.0,61.13333333333333,0.0,0.0,0.0,0.0,26.0,70.0,6.0,18,1,0.5495934959349593,76.39153530769454,656.5,0.0,0.0,0.0,0.0,2
666.0,4.0,0.2676312552652677,0.0,0.0,0.0,0.0,0.0,214.0,6.0,1.2848877566350363,0.0,0.0,53.7,0.0,0.0,0.0,0.0,126.0,2760.0,14.0,19,1,0.5495934959349593,74.58999039192015,650.5,0.0,0.0,9.0,4.5,2
712.0,7.0,1.3131014330157798,0.0,0.0,0.0,0.0,0.0,232.0,8.0,1.6849176524947471,0.0,0.0,45.89655172413793,0.0,0.0,0.0,0.0,28.0,4840.0,4.0,20,1,0.5495934959349593,24.166091947190736,702.0,0.0,0.0,8.54400374531753,5.5,2
686.0,7.0,1.275393541300463,0.0,0.0,0.0,0.0,0.0,90.0,7.0,1.3906395789218224,0.0,0.0,36.833333333333336,0.0,0.0,0.0,0.0,54.0,3902.0,4.0,21,0,0.5495934959349593,12.47664484814502,704.5,0.0,0.0,3.829708431025352,3.0,2
694.0,9.0,1.4112020014292446,0.0,0.0,0.0,0.0,0.0,168.0,5.0,1.2672384472639355,0.0,0.0,31.7,0.0,0.0,0.0,0.0,192.0,3458.0,30.0,22,0,0.5495934959349593,9.574271077567396,694.5,0.0,0.0,4.0,2.0,2
718.0,1.0,-1.000088900581841e-12,0.0,0.0,0.0,0.0,0.0,92.0,2.0,0.6922017029602767,0.0,0.0,24.633333333333333,0.0,0.0,0.0,0.0,0.0,130.0,0.0,23,0,0.5495934959349593,14.548768561866105,704.5,0.0,0.0,4.0,2.0,2
668.0,1.0,-1.000088900581841e-12,0.0,0.0,0.0,0.0,0.0,806.0,2.0,0.0173640070443195,0.0,0.0,26.966666666666665,0.0,0.0,0.0,0.0,0.0,0.0,0.0,0,0,0.5495934959349593,24.05549140355988,704.0,0.0,0.0,4.12310562561766,3.5,3
0.0,0.0,0.0,0.0,0.0,0.0,0.0,0.0,8.0,2.0,0.6931471805579453,0.0,0.0,60.96666666666667,0.0,0.0,0.0,0.0,0.0,0.0,0.0,1,0,0.5495934959349593,330.99597177810705,488.5,0.0,0.0,3.0,1.5,3
0.0,0.0,0.0,0.0,0.0,0.0,0.0,0.0,6.0,2.0,0.6365141682928128,0.0,0.0,87.86666666666666,0.0,0.0,0.0,0.0,0.0,0.0,0.0,2,0,0.5495934959349593,286.00000000000017,143.0,0.0,0.0,0.0,0.0,3
0.0,0.0,0.0,0.0,0.0,0.0,0.0,0.0,14.0,2.0,0.6829081046984717,0.0,0.0,98.23333333333332,0.0,0.0,0.0,0.0,0.0,0.0,0.0,3,0,0.5495934959349593,0.0,0.0,0.0,0.0,0.0,0.0,3
0.0,0.0,0.0,0.0,0.0,0.0,0.0,0.0,74.0,2.0,0.2102834122841334,0.0,0.0,100.0,0.0,0.0,0.0,0.0,0.0,0.0,0.0,4,0,0.5495934959349593,0.0,0.0,0.0,0.0,0.0,0.0,3
0.0,0.0,0.0,0.0,0.0,0.0,0.0,0.0,12.0,2.0,0.6365141682928128,0.0,0.0,100.0,0.0,0.0,0.0,0.0,0.0,0.0,0.0,5,0,0.5495934959349593,0.0,0.0,0.0,0.0,0.0,0.0,3
0.0,0.0,0.0,0.0,0.0,0.0,0.0,0.0,8.0,2.0,0.6931471805579453,0.0,0.0,100.0,0.0,0.0,0.0,0.0,0.0,0.0,0.0,6,0,0.5495934959349593,0.0,0.0,0.0,0.0,0.0,0.0,3
684.0,5.0,1.1227351914286705,0.0,0.0,0.0,0.0,0.0,68.0,6.0,1.1846976714746724,0.0,0.0,99.6206896551724,0.0,0.0,0.0,0.0,194.0,0.0,4.0,7,0,0.5495934959349593,342.00000000000017,171.0,0.0,0.0,0.0,0.0,3
616.0,4.0,1.1907885932844602,0.0,0.0,0.0,0.0,0.0,42.0,6.0,1.7250947159524384,0.0,0.0,89.88461538461539,0.0,0.0,0.0,0.0,6.0,2726.0,4.0,8,1,0.5495934959349593,338.1612041615657,503.5,0.0,0.0,0.0,0.0,2
656.0,2.0,0.0371756794593797,0.0,0.0,0.0,0.0,0.0,18.0,3.0,0.9950269901765214,0.0,0.0,87.0,0.0,0.0,0.0,0.0,4.0,10.0,2.0,9,1,0.5495934959349593,40.24508251534305,661.5,0.0,0.0,0.0,0.0,2
652.0,1.0,-1.000088900581841e-12,0.0,0.0,0.0,0.0,0.0,10.0,3.0,0.9502705392302344,0.0,0.0,87.0,0.0,0.0,0.0,0.0,4.0,0.0,0.0,10,1,0.5495934959349593,3.265986323726777,656.0,0.0,0.0,0.0,0.0,2
664.0,4.0,0.548651444641661,0.0,0.0,0.0,0.0,0.0,342.0,4.0,0.2150757216950771,0.0,0.0,83.36666666666666,0.0,0.0,0.0,0.0,8.0,82.0,2.0,11,1,0.5495934959349593,20.93641166325876,667.5,0.0,0.0,0.0,0.0,2
664.0,4.0,0.5227137401608737,0.0,0.0,0.0,0.0,0.0,106.0,2.0,0.217518571334808,0.0,0.0,80.6,0.0,0.0,0.0,0.0,4.0,282.0,2.0,12,1,0.5495934959349593,16.248076809275116,674.0,0.0,0.0,0.0,0.0,2
682.0,8.0,1.1182067281044918,0.0,0.0,0.0,0.0,0.0,278.0,6.0,0.9645061795765666,0.0,0.0,78.93333333333334,0.0,0.0,0.0,0.0,20.0,840.0,4.0,13,1,0.5495934959349593,12.489995996800957,667.0,0.0,0.0,0.0,0.0,2
674.0,5.0,0.3929424202976888,0.0,0.0,0.0,0.0,0.0,18.0,3.0,1.060856947155021,0.0,0.0,67.26666666666667,0.0,0.0,0.0,0.0,8.0,374.0,6.0,14,1,0.5495934959349593,22.29349680961028,678.5,0.0,0.0,0.0,0.0,2
720.0,1.0,-1.000088900581841e-12,0.0,0.0,0.0,0.0,0.0,18.0,2.0,0.6869615765953234,0.0,0.0,65.03333333333333,0.0,0.0,0.0,0.0,0.0,432.0,0.0,15,1,0.5495934959349593,19.25270543759421,700.0,0.0,0.0,0.0,0.0,2
122.0,2.0,0.3885623272581778,0.0,0.0,0.0,0.0,0.0,56.0,4.0,0.9074683114494764,0.0,0.0,57.48275862068966,0.0,0.0,0.0,0.0,16.0,742.0,2.0,16,1,0.5495934959349593,287.797961540152,475.5,0.0,0.0,0.0,0.0,1
662.0,2.0,0.2523084052172641,0.0,0.0,0.0,0.0,0.0,116.0,4.0,1.0585571853677176,0.0,0.0,53.3448275862069,0.0,0.0,0.0,0.0,16.0,858.0,6.0,17,1,0.5495934959349593,265.5836340339268,455.0,0.0,0.0,0.0,0.0,2
694.0,8.0,1.1383116934921114,0.0,0.0,0.0,0.0,0.0,126.0,7.0,1.208349627011945,0.0,0.0,49.766666666666666,0.0,0.0,0.0,0.0,48.0,2272.0,8.0,18,1,0.5495934959349593,13.114877048607568,677.0,0.0,0.0,0.0,0.0,2
672.0,5.0,0.2000067228401144,0.0,0.0,0.0,0.0,0.0,112.0,7.0,1.4912619651665366,0.0,0.0,47.766666666666666,0.0,0.0,0.0,0.0,90.0,440.0,6.0,19,1,0.5495934959349593,14.832396974194486,675.0,0.0,0.0,0.0,0.0,2
704.0,5.0,0.9682745957834176,0.0,0.0,0.0,4.0,0.0,230.0,9.0,1.7164419397476136,0.0,0.0,45.0,0.0,0.0,0.0,0.0,110.0,1018.0,12.0,20,1,0.5495934959349593,19.663841605005885,676.0,0.0,0.0,2.0,1.0,2
718.0,6.0,0.5879312870370816,0.0,0.0,0.0,0.0,0.0,188.0,6.0,1.4240326122511686,0.0,0.0,39.172413793103445,0.0,0.0,0.0,0.0,0.0,2042.0,0.0,21,0,0.5495934959349593,22.21110833194569,702.0,0.0,0.0,2.0,1.0,2
718.0,5.0,0.3232115870018213,0.0,0.0,0.0,0.0,0.0,162.0,5.0,1.2161800795718658,0.0,0.0,32.55172413793103,0.0,0.0,0.0,0.0,0.0,756.0,0.0,22,0,0.5495934959349593,1.0000000000472653,717.5,0.0,0.0,0.0,0.0,2
716.0,4.0,0.1118649584674002,0.0,0.0,0.0,0.0,0.0,22.0,4.0,1.2636544318780965,0.0,0.0,26.8,0.0,0.0,0.0,0.0,0.0,336.0,0.0,23,0,0.5495934959349593,1.0000000000472653,717.5,0.0,0.0,0.0,0.0,1
666.0,1.0,-1.000088900581841e-12,0.0,0.0,0.0,0.0,0.0,14.0,3.0,0.9556998911095343,0.0,0.0,100.0,0.0,0.0,0.0,0.0,60.0,0.0,0.0,8,1,0.5495934959349593,332.338682671759,498.5,0.0,0.0,0.0,0.0,2
718.0,1.0,-1.000088900581841e-12,0.0,0.0,0.0,0.0,0.0,22.0,3.0,1.0361987848162837,0.0,0.0,94.43333333333334,0.0,0.0,0.0,0.0,0.0,488.0,0.0,9,1,0.5495934959349593,27.39829678404793,687.0,0.0,0.0,0.0,0.0,2
666.0,5.0,0.5302307055918818,0.0,0.0,0.0,0.0,0.0,86.0,5.0,1.083596807503464,0.0,0.0,89.0,0.0,0.0,0.0,0.0,70.0,1088.0,4.0,10,1,0.5495934959349593,24.52209887700148,701.0,0.0,0.0,0.0,0.0,2
656.0,1.0,-1.000088900581841e-12,0.0,0.0,0.0,0.0,0.0,30.0,3.0,1.0096137581710385,0.0,0.0,87.8,0.0,0.0,0.0,0.0,0.0,0.0,0.0,11,1,0.5495934959349593,28.62982128248044,675.5,0.0,0.0,0.0,0.0,2
306.0,6.0,1.2134971975220736,0.0,0.0,0.0,0.0,0.0,78.0,7.0,1.4879196228943203,0.0,0.0,86.46666666666667,20.0,0.0,0.0,0.0,150.0,1588.0,18.0,12,1,0.5495934959349593,166.4572017066252,543.0,0.0,0.0,0.0,0.0,2
716.0,6.0,0.9848681975850412,0.0,0.0,0.0,0.0,0.0,170.0,4.0,0.5895744130156317,0.0,0.0,82.56666666666666,0.0,0.0,0.0,0.0,74.0,3234.0,14.0,13,1,0.5495934959349593,186.47877448474785,563.5,0.0,0.0,0.0,0.0,2
648.0,1.0,-1.000088900581841e-12,0.0,0.0,0.0,0.0,0.0,34.0,4.0,0.9160681370112876,0.0,0.0,80.79310344827586,0.0,0.0,0.0,0.0,72.0,0.0,0.0,14,1,0.5495934959349593,30.0000000000018,677.0,0.0,0.0,0.0,0.0,2
652.0,1.0,-1.000088900581841e-12,0.0,0.0,0.0,0.0,0.0,18.0,3.0,1.060856947155021,0.0,0.0,79.0,0.0,0.0,0.0,0.0,0.0,0.0,0.0,15,1,0.5495934959349593,64.85882103975351,621.0,9.000000000000004,4.5,0.0,0.0,2
568.0,3.0,0.1158399374131477,0.0,0.0,0.0,0.0,0.0,80.0,6.0,1.346659467711679,0.0,0.0,77.96551724137932,0.0,0.0,0.0,0.0,112.0,230.0,8.0,16,1,0.5495934959349593,144.75726809617117,514.0,9.000000000000004,4.5,0.0,0.0,2
680.0,2.0,0.651012191587562,0.0,0.0,0.0,0.0,0.0,32.0,4.0,1.370502389914909,0.0,0.0,74.4,0.0,0.0,0.0,0.0,58.0,980.0,12.0,17,1,0.5495934959349593,169.59854559124844,555.5,0.0,0.0,0.0,0.0,2
258.0,1.0,-1.000088900581841e-12,0.0,0.0,0.0,0.0,0.0,56.0,4.0,1.0547209169028122,0.0,0.0,73.6,0.0,0.0,0.0,0.0,56.0,0.0,0.0,18,1,0.5495934959349593,203.95669474997248,563.5,0.0,0.0,0.0,0.0,2
718.0,2.0,0.0611859185468578,0.0,0.0,0.0,0.0,0.0,80.0,4.0,1.1097385521021454,0.0,0.0,67.23333333333333,0.0,0.0,0.0,0.0,0.0,3722.0,0.0,19,1,0.5495934959349593,207.87175533647368,522.0,0.0,0.0,0.0,0.0,2
708.0,2.0,0.1079880190543415,0.0,0.0,0.0,0.0,0.0,122.0,9.0,1.848493341547968,0.0,0.0,62.0,0.0,0.0,0.0,0.0,64.0,210.0,0.0,20,1,0.5495934959349593,125.26638282742412,645.5,0.0,0.0,0.0,0.0,2
716.0,9.0,0.9593290983798528,0.0,0.0,0.0,0.0,0.0,796.0,8.0,1.317437835947773,0.0,0.0,55.36666666666667,0.0,0.0,0.0,0.0,0.0,3654.0,0.0,21,0,0.5495934959349593,9.933109617173054,704.0,0.0,0.0,4.0,2.0,2
716.0,4.0,0.3811177159318339,0.0,0.0,0.0,0.0,0.0,356.0,6.0,1.0183604217969864,0.0,0.0,44.16666666666666,0.0,0.0,0.0,0.0,0.0,1386.0,0.0,22,0,0.5495934959349593,11.37248140615945,711.0,0.0,0.0,4.0,2.0,2
718.0,1.0,-1.000088900581841e-12,0.0,0.0,0.0,0.0,0.0,392.0,3.0,0.3264712979981966,0.0,0.0,35.733333333333334,0.0,0.0,0.0,0.0,0.0,196.0,0.0,23,0,0.5495934959349593,1.6329931618889213,718.0,0.0,0.0,0.0,0.0,2
674.0,6.0,0.9163517549158884,0.0,0.0,0.0,6.0,0.0,30.0,4.0,0.9532710147018912,0.0,32.0,31.566666666666663,0.0,0.0,0.0,0.0,96.0,1422.0,4.0,0,0,0.5495934959349593,59.88878581726946,676.0,0.0,0.0,3.0,1.5,2
656.0,1.0,-1.000088900581841e-12,0.0,0.0,0.0,0.0,0.0,108.0,2.0,0.0922160573351918,0.0,0.0,93.0,0.0,0.0,0.0,0.0,0.0,0.0,0.0,9,1,0.5495934959349593,27.19681353884648,681.5,0.0,0.0,0.0,0.0,2
664.0,5.0,0.6309222164671031,0.0,0.0,0.0,0.0,0.0,160.0,6.0,0.7209995258849575,0.0,0.0,91.13333333333334,0.0,0.0,0.0,0.0,100.0,832.0,10.0,10,1,0.5495934959349593,272.6927452891504,525.0,0.0,0.0,0.0,0.0,2
658.0,4.0,0.0783389707665859,0.0,0.0,0.0,0.0,0.0,64.0,6.0,1.5934032318224822,0.0,0.0,89.0,0.0,0.0,0.0,0.0,70.0,214.0,4.0,11,1,0.5495934959349593,273.69752160612165,526.5,0.0,0.0,0.0,0.0,2
660.0,3.0,0.1172056401805503,0.0,0.0,0.0,0.0,0.0,76.0,5.0,0.990186201436108,0.0,0.0,88.0,0.0,0.0,0.0,0.0,182.0,294.0,6.0,12,1,0.5495934959349593,4.76095228570611,661.0,0.0,0.0,0.0,0.0,2
664.0,3.0,0.2044262565339784,0.0,0.0,0.0,0.0,0.0,56.0,5.0,1.197267728681656,0.0,0.0,86.33333333333333,0.0,0.0,0.0,0.0,212.0,422.0,8.0,13,1,0.5495934959349593,4.163331998944681,659.0,0.0,0.0,0.0,0.0,2
654.0,1.0,-1.000088900581841e-12,0.0,0.0,0.0,0.0,0.0,28.0,1.0,-1.000088900581841e-12,0.0,0.0,84.0,0.0,0.0,0.0,0.0,34.0,0.0,0.0,14,1,0.5495934959349593,7.895146188224544,660.5,0.0,0.0,0.0,0.0,2
656.0,1.0,-1.000088900581841e-12,0.0,0.0,0.0,0.0,0.0,96.0,3.0,0.2735737942218851,0.0,0.0,82.0,0.0,0.0,0.0,0.0,0.0,0.0,0.0,15,1,0.5495934959349593,67.37704851554993,626.5,0.0,0.0,0.0,0.0,2
154.0,5.0,1.2943284799395418,0.0,0.0,0.0,0.0,0.0,96.0,9.0,1.4560744004117652,0.0,0.0,80.46666666666667,2.0,0.0,0.0,0.0,8.0,368.0,6.0,16,1,0.5495934959349593,229.5815033199904,488.5,0.0,0.0,0.0,0.0,2
656.0,1.0,-1.000088900581841e-12,0.0,0.0,0.0,0.0,0.0,46.0,4.0,0.9849825930113654,0.0,0.0,78.0,0.0,0.0,0.0,0.0,0.0,0.0,0.0,17,1,0.5495934959349593,247.97513316190955,524.5,0.0,0.0,0.0,0.0,2
478.0,3.0,0.2168093599223213,0.0,0.0,0.0,0.0,0.0,76.0,9.0,1.630812101514728,0.0,0.0,77.27586206896552,0.0,0.0,0.0,0.0,4.0,174.0,2.0,18,1,0.5495934959349593,270.19190710801604,473.5,0.0,0.0,0.0,0.0,2
682.0,7.0,1.1019993010271187,0.0,0.0,0.0,0.0,0.0,100.0,3.0,0.9896238392806824,0.0,0.0,71.16666666666667,0.0,0.0,0.0,0.0,66.0,1568.0,8.0,19,1,0.5495934959349593,287.0423894363573,491.0,0.0,0.0,0.0,0.0,3
720.0,3.0,0.2543744605583233,0.0,0.0,0.0,0.0,0.0,182.0,6.0,1.273548710497112,0.0,0.0,65.46666666666667,0.0,0.0,0.0,0.0,0.0,2178.0,0.0,20,1,0.5495934959349593,17.078251276602384,703.5,0.0,0.0,1.0,0.5,2
718.0,7.0,1.2686384421130168,0.0,0.0,0.0,0.0,0.0,316.0,7.0,1.5520382040224086,0.0,0.0,56.1,0.0,0.0,0.0,0.0,0.0,1152.0,0.0,21,0,0.5495934959349593,10.37625494418728,713.5,0.0,0.0,1.0,0.5,2
718.0,1.0,-1.000088900581841e-12,0.0,0.0,0.0,0.0,0.0,86.0,4.0,1.1328599997990108,0.0,0.0,48.86666666666667,0.0,0.0,0.0,0.0,0.0,34.0,0.0,22,0,0.5495934959349593,0.0,718.0,0.0,0.0,0.0,0.0,2
718.0,1.0,-1.000088900581841e-12,0.0,0.0,0.0,0.0,0.0,350.0,4.0,0.4122481052711411,0.0,0.0,43.3,0.0,0.0,0.0,0.0,0.0,104.0,0.0,23,0,0.5495934959349593,1.000000000052239,718.5,0.0,0.0,0.0,0.0,1
670.0,6.0,0.4694683121688742,0.0,0.0,0.0,0.0,0.0,50.0,6.0,1.6770492045898768,0.0,0.0,96.24137931034484,0.0,0.0,0.0,0.0,112.0,732.0,10.0,8,1,0.5495934959349593,341.47523092214675,512.0,0.0,0.0,0.0,0.0,2
662.0,2.0,0.1354765280799706,0.0,0.0,0.0,0.0,0.0,206.0,4.0,0.6611458804556097,0.0,0.0,94.2,0.0,0.0,0.0,0.0,12.0,456.0,4.0,9,1,0.5495934959349593,15.609825965294096,671.5,0.0,0.0,0.0,0.0,2
692.0,6.0,0.8928598964845282,0.0,0.0,0.0,0.0,0.0,100.0,5.0,1.49362883777282,0.0,0.0,91.82758620689656,0.0,0.0,0.0,0.0,122.0,1962.0,22.0,10,1,0.5495934959349593,14.696938456702568,672.0,0.0,0.0,0.0,0.0,2
718.0,5.0,1.0271868533150814,0.0,0.0,0.0,0.0,0.0,32.0,4.0,1.18030455699062,0.0,0.0,82.44827586206897,0.0,0.0,0.0,0.0,42.0,1632.0,6.0,11,1,0.5495934959349593,19.621416870351204,698.5,0.0,0.0,0.0,0.0,3
702.0,3.0,0.0687305667461579,0.0,0.0,0.0,0.0,0.0,50.0,4.0,1.1858752195657658,0.0,0.0,81.0,0.0,0.0,0.0,0.0,16.0,112.0,4.0,12,1,0.5495934959349593,7.187952884289798,711.5,0.0,0.0,0.0,0.0,2
676.0,3.0,0.6304627625493119,0.0,0.0,0.0,0.0,0.0,88.0,3.0,0.9776515248636266,0.0,0.0,78.53333333333333,0.0,0.0,0.0,0.0,48.0,70.0,6.0,13,1,0.5495934959349593,16.693312034068317,697.0,0.0,0.0,0.0,0.0,2
702.0,3.0,0.1599085639889708,0.0,0.0,0.0,0.0,0.0,92.0,7.0,1.4885288122855025,0.0,0.0,78.0,0.0,0.0,6.0,0.0,102.0,204.0,6.0,14,1,0.5495934959349593,22.18107301282115,681.0,0.0,0.0,0.0,0.0,3
666.0,4.0,0.6878336587379072,0.0,0.0,0.0,0.0,0.0,22.0,4.0,1.0335620542028177,0.0,0.0,75.58620689655173,0.0,0.0,0.0,0.0,0.0,802.0,0.0,15,1,0.5495934959349593,21.37755832643435,671.5,0.0,0.0,0.0,0.0,2
664.0,4.0,0.5045062224674427,0.0,0.0,0.0,0.0,0.0,112.0,4.0,0.4962326476415035,0.0,0.0,72.3,0.0,0.0,0.0,0.0,76.0,3352.0,10.0,16,1,0.5495934959349593,9.380831519652324,670.0,0.0,0.0,0.0,0.0,2
718.0,1.0,-1.000088900581841e-12,0.0,0.0,0.0,0.0,0.0,170.0,10.0,1.7144272298014576,0.0,0.0,61.833333333333336,0.0,0.0,0.0,0.0,0.0,1184.0,0.0,18,1,0.5495934959349593,19.07004632051976,706.5,0.0,0.0,2.309401076758503,2.0,2
716.0,6.0,0.4106795700219231,0.0,0.0,0.0,0.0,0.0,120.0,4.0,0.7631638886500273,0.0,0.0,54.63333333333333,0.0,0.0,0.0,0.0,96.0,540.0,16.0,19,1,0.5495934959349593,268.0049750782003,582.0,0.0,0.0,2.0,1.0,2
692.0,9.0,1.208350460469561,0.0,0.0,0.0,0.0,0.0,214.0,9.0,1.244053268888692,0.0,0.0,51.535714285714285,0.0,0.0,0.0,0.0,150.0,1954.0,16.0,20,1,0.5495934959349593,256.7489045740996,564.0,0.0,0.0,0.0,0.0,2
718.0,8.0,1.2662157216774224,0.0,0.0,0.0,6.0,0.0,340.0,7.0,1.31702007103571,0.0,0.0,47.5,0.0,0.0,0.0,0.0,0.0,5244.0,0.0,21,0,0.5495934959349593,21.694853460366208,689.0,0.0,0.0,3.0,1.5,2
716.0,6.0,0.7773384250947166,0.0,0.0,0.0,0.0,0.0,370.0,4.0,1.136613780570832,0.0,0.0,42.310344827586206,0.0,0.0,0.0,0.0,0.0,3688.0,0.0,22,0,0.5495934959349593,19.689252567498947,707.5,0.0,0.0,3.0,1.5,1
718.0,1.0,-1.000088900581841e-12,0.0,0.0,0.0,0.0,0.0,62.0,2.0,0.6024402635183422,0.0,0.0,34.56666666666667,0.0,0.0,0.0,0.0,0.0,190.0,0.0,23,0,0.5495934959349593,1.1547005384211773,717.0,0.0,0.0,0.0,0.0,2
666.0,3.0,0.1027111097509858,0.0,0.0,0.0,4.0,0.0,46.0,4.0,1.2025488641149251,0.0,24.0,35.733333333333334,0.0,0.0,0.0,0.0,24.0,216.0,0.0,0,0,0.5495934959349593,25.683976846796213,704.5,0.0,0.0,2.0,1.0,2
666.0,4.0,0.1382897860008161,0.0,0.0,0.0,0.0,0.0,330.0,5.0,0.3478261404680947,0.0,0.0,94.0,0.0,0.0,0.0,0.0,24.0,200.0,6.0,9,1,0.5495934959349593,12.04159457879713,676.5,0.0,0.0,0.0,0.0,2
716.0,7.0,0.8528308584418043,0.0,0.0,0.0,0.0,0.0,420.0,7.0,0.4652803446311604,0.0,0.0,90.26666666666668,0.0,0.0,0.0,0.0,24.0,6486.0,8.0,10,1,0.5495934959349593,26.85144316419727,676.5,0.0,0.0,0.0,0.0,3
676.0,4.0,0.8129502363776231,0.0,0.0,0.0,0.0,0.0,216.0,7.0,0.9489764739473818,0.0,0.0,78.36666666666666,0.0,0.0,0.0,0.0,144.0,3392.0,24.0,11,1,0.5495934959349593,28.93671255228295,690.0,0.0,0.0,6.0,3.0,2
680.0,5.0,0.5490531144938324,0.0,0.0,0.0,0.0,0.0,70.0,7.0,1.5876369648339703,0.0,0.0,77.96551724137932,0.0,0.0,0.0,0.0,172.0,790.0,42.0,12,1,0.5495934959349593,22.472205054246817,681.5,0.0,0.0,6.0,3.0,2
674.0,4.0,0.4767353653864458,0.0,0.0,0.0,0.0,0.0,154.0,5.0,1.0208681898971474,0.0,0.0,71.06666666666666,0.0,0.0,0.0,0.0,86.0,756.0,14.0,13,1,0.5495934959349593,9.865765724638404,669.0,0.0,0.0,0.0,0.0,2
656.0,3.0,0.2639322799221054,0.0,0.0,0.0,0.0,0.0,124.0,7.0,1.3762584265560325,0.0,0.0,70.0,0.0,0.0,0.0,0.0,26.0,156.0,0.0,14,1,0.5495934959349593,18.220867158291803,673.0,0.0,0.0,0.0,0.0,2
658.0,4.0,0.3307171104404809,0.0,0.0,0.0,0.0,0.0,158.0,7.0,0.913320712666752,0.0,0.0,68.34482758620689,0.0,0.0,0.0,0.0,78.0,384.0,6.0,15,1,0.5495934959349593,19.390719429668327,670.0,0.0,0.0,0.0,0.0,3
656.0,4.0,0.2991562460160299,0.0,0.0,0.0,0.0,0.0,30.0,6.0,1.6745895669939097,0.0,0.0,64.0,0.0,0.0,0.0,0.0,28.0,462.0,4.0,16,1,0.5495934959349593,24.241837114104687,672.5,0.0,0.0,0.0,0.0,2
694.0,6.0,0.8827072597389333,0.0,0.0,0.0,0.0,0.0,50.0,5.0,1.3896834707982706,0.0,0.0,58.72413793103448,0.0,0.0,0.0,0.0,312.0,1226.0,26.0,17,1,0.5495934959349593,25.033311140693776,680.0,0.0,0.0,0.0,0.0,2
662.0,2.0,0.1558499717925209,0.0,0.0,0.0,0.0,0.0,38.0,7.0,1.7361953233226772,0.0,0.0,53.48275862068966,0.0,0.0,0.0,0.0,30.0,390.0,8.0,18,1,0.5495934959349593,25.58645474986293,683.0,0.0,0.0,0.0,0.0,2
708.0,8.0,1.657675269631457,0.0,0.0,0.0,0.0,0.0,46.0,9.0,1.992821591414064,0.0,0.0,48.3448275862069,0.0,0.0,0.0,0.0,168.0,4874.0,22.0,19,1,0.5495934959349593,24.358434541929203,691.0,0.0,0.0,0.0,0.0,2
656.0,3.0,0.1570449704267583,0.0,0.0,0.0,0.0,0.0,92.0,6.0,1.3310941196835409,0.0,0.0,44.0,0.0,0.0,0.0,0.0,36.0,126.0,4.0,20,1,0.5495934959349593,21.31509637166696,680.5,0.0,0.0,0.0,0.0,2
716.0,4.0,0.11593064514383,0.0,0.0,0.0,0.0,0.0,238.0,6.0,1.2412441801546783,0.0,0.0,39.63333333333333,0.0,0.0,0.0,0.0,0.0,274.0,0.0,21,0,0.5495934959349593,35.67912554982417,670.5,0.0,0.0,1.0,0.5,2
