710.0,4.0,0.9955147647677604,0.0,0.0,0.0,0.0,0.0,78.0,5.0,1.3561712831391346,0.0,0.0,77.16666666666667,0.0,0.0,0.0,0.0,654.0,1682.0,152.0,7,0,0.5444078947368421,0.0,710.0,0.0,0.0,0.0,0.0,1
690.0,7.0,1.4004658759224884,0.0,0.0,0.0,0.0,0.0,80.0,7.0,1.4297021085575623,0.0,0.0,71.125,0.0,0.0,0.0,0.0,282.0,4286.0,58.0,8,1,0.5444078947368421,12.16552506059644,704.0,0.0,0.0,0.0,0.0,1
712.0,7.0,1.400254202672212,0.0,0.0,0.0,0.0,0.0,82.0,6.0,1.3415448584860583,0.0,0.0,49.57142857142857,0.0,0.0,0.0,0.0,272.0,1994.0,52.0,10,1,0.5444078947368421,2.51661147842358,711.5,0.0,0.0,0.0,0.0,1
710.0,5.0,0.7417502991140674,0.0,0.0,0.0,0.0,0.0,52.0,5.0,1.345314079110102,0.0,0.0,45.0,0.0,0.0,0.0,0.0,468.0,5314.0,146.0,11,1,0.5444078947368421,1.914854215512661,710.5,0.0,0.0,0.0,0.0,1
712.0,7.0,0.6966275426298439,0.0,0.0,0.0,0.0,0.0,84.0,6.0,1.7159326872457563,0.0,0.0,40.3,0.0,0.0,0.0,0.0,466.0,3126.0,138.0,11,1,0.5444078947368421,0.9999999999999526,711.5,0.0,0.0,0.0,0.0,1
666.0,5.0,0.7291549410326177,0.0,0.0,0.0,0.0,0.0,132.0,7.0,1.5803667587484425,0.0,94.0,38.22222222222222,0.0,0.0,0.0,0.0,656.0,3392.0,116.0,12,1,0.5444078947368421,22.68626603623141,700.0,0.0,0.0,0.0,0.0,1
706.0,1.0,-1.000088900581841e-12,0.0,0.0,0.0,0.0,0.0,1058.0,4.0,0.3404394113693482,0.0,0.0,61.9,0.0,0.0,0.0,0.0,0.0,0.0,0.0,12,1,0.5444078947368421,21.809783737274127,698.5,0.0,0.0,0.0,0.0,1
710.0,4.0,0.76883932392337,0.0,0.0,0.0,0.0,0.0,40.0,5.0,1.1205710370310085,0.0,0.0,88.6,0.0,0.0,0.0,0.0,274.0,450.0,18.0,13,1,0.5444078947368421,21.809783737274127,698.5,0.0,0.0,0.0,0.0,1
706.0,3.0,0.701314355453401,0.0,0.0,0.0,0.0,0.0,34.0,6.0,1.6300005591556537,0.0,0.0,99.8,0.0,0.0,0.0,0.0,188.0,480.0,36.0,13,1,0.5444078947368421,20.752509888364514,697.0,0.0,0.0,0.0,0.0,1
708.0,8.0,1.0620786394622217,0.0,0.0,0.0,0.0,0.0,72.0,9.0,2.059032750258301,0.0,0.0,90.70588235294116,0.0,80.0,0.0,0.0,462.0,24228.0,102.0,15,1,0.5444078947368421,0.999999999999981,707.5,0.0,0.0,0.0,0.0,1
710.0,7.0,0.7712438909258571,0.0,0.0,0.0,0.0,0.0,30.0,4.0,1.3397942802815757,0.0,0.0,84.63333333333334,0.0,0.0,0.0,0.0,0.0,8190.0,0.0,15,1,0.5444078947368421,0.999999999999981,708.5,0.0,0.0,0.0,0.0,1
702.0,6.0,0.3192920644556594,0.0,0.0,0.0,0.0,0.0,38.0,5.0,1.04354790709619,0.0,0.0,77.26666666666667,0.0,0.0,0.0,0.0,0.0,3326.0,0.0,16,1,0.5444078947368421,3.464101615137741,707.0,0.0,0.0,0.0,0.0,1
714.0,12.0,1.674707280060794,0.0,0.0,0.0,0.0,0.0,68.0,9.0,1.936813091502987,0.0,0.0,71.84615384615384,0.0,0.0,0.0,70.0,648.0,3154.0,108.0,16,1,0.5444078947368421,4.9999999999999964,708.5,0.0,0.0,0.0,0.0,1
716.0,2.0,0.5242079099484823,0.0,0.0,0.0,0.0,0.0,78.0,6.0,1.3821813203998508,0.0,0.0,67.71428571428571,0.0,0.0,0.0,0.0,372.0,0.0,0.0,17,1,0.5444078947368421,6.191391873668906,710.5,0.0,0.0,0.0,0.0,1
708.0,3.0,0.3159159842578849,0.0,0.0,0.0,0.0,0.0,74.0,8.0,1.613357838345855,0.0,0.0,64.85714285714286,0.0,0.0,0.0,0.0,374.0,146.0,88.0,17,1,0.5444078947368421,6.32455532033676,710.0,0.0,0.0,0.0,0.0,1
714.0,8.0,1.1816555087565974,0.0,0.0,0.0,0.0,0.0,188.0,5.0,0.9696096658583144,0.0,0.0,61.55555555555556,0.0,66.0,70.0,66.0,836.0,3126.0,122.0,18,1,0.5444078947368421,3.464101615137774,713.0,0.0,0.0,0.0,0.0,1
714.0,10.0,1.9475026461043248,0.0,0.0,0.0,0.0,0.0,94.0,8.0,1.5018389484540826,0.0,0.0,57.0,0.0,0.0,0.0,0.0,1204.0,3066.0,178.0,18,1,0.5444078947368421,3.464101615137774,713.0,0.0,0.0,0.0,0.0,1
714.0,5.0,0.9532030821861353,0.0,0.0,0.0,0.0,0.0,20.0,4.0,1.3321790402061222,0.0,0.0,53.5,0.0,0.0,0.0,0.0,630.0,1470.0,74.0,19,1,0.5444078947368421,3.000000000000022,712.5,0.0,0.0,0.0,0.0,1
716.0,2.0,0.1070353986818023,0.0,0.0,0.0,0.0,0.0,16.0,4.0,1.320888343145322,0.0,0.0,51.0,0.0,0.0,0.0,0.0,94.0,218.0,22.0,19,1,0.5444078947368421,1.0000000000000662,714.5,0.0,0.0,0.0,0.0,1
712.0,4.0,1.0543394393889889,0.0,0.0,0.0,0.0,0.0,26.0,6.0,1.5247073930241437,0.0,0.0,47.94444444444444,0.0,0.0,70.0,0.0,934.0,5330.0,70.0,20,1,0.5444078947368421,1.632993161855487,714.0,0.0,0.0,0.0,0.0,1
718.0,4.0,1.043328422102012,0.0,0.0,0.0,0.0,0.0,40.0,3.0,0.8568409950364725,0.0,0.0,44.25,0.0,60.0,0.0,0.0,370.0,624.0,112.0,20,1,0.5444078947368421,2.5819888974716334,715.0,0.0,0.0,0.0,0.0,1
714.0,6.0,0.259555978685512,0.0,0.0,0.0,0.0,0.0,30.0,4.0,1.1944530063193568,0.0,0.0,38.82758620689656,0.0,0.0,0.0,0.0,0.0,1182.0,0.0,21,0,0.5444078947368421,2.5819888974716334,715.0,0.0,0.0,0.0,0.0,1
714.0,4.0,0.0884619371460313,0.0,0.0,0.0,0.0,0.0,40.0,4.0,1.235346811624065,0.0,0.0,31.433333333333334,0.0,0.0,0.0,0.0,0.0,308.0,0.0,21,0,0.5444078947368421,2.516611478423602,714.5,0.0,0.0,0.0,0.0,1
702.0,9.0,1.3881660113139298,0.0,0.0,0.0,0.0,0.0,198.0,11.0,1.6731928769793387,0.0,188.0,34.73076923076923,0.0,0.0,46.0,66.0,94.0,13536.0,6.0,22,0,0.5444078947368421,6.928203230275523,712.0,0.0,0.0,0.0,0.0,1
690.0,9.0,1.359379650140821,0.0,0.0,0.0,0.0,0.0,320.0,8.0,1.266075747588571,0.0,188.0,48.4,0.0,72.0,0.0,0.0,188.0,10018.0,42.0,22,0,0.5444078947368421,11.489125293076066,705.0,0.0,0.0,0.0,0.0,1
702.0,1.0,-1.000088900581841e-12,0.0,0.0,0.0,0.0,0.0,340.0,5.0,0.659953824876854,0.0,0.0,77.63333333333334,0.0,0.0,0.0,0.0,0.0,0.0,0.0,23,0,0.5444078947368421,9.797958971132722,702.0,0.0,0.0,0.0,0.0,1
436.0,1.0,-1.000088900581841e-12,0.0,0.0,0.0,0.0,0.0,22.0,1.0,-1.000088900581841e-12,0.0,0.0,95.4,0.0,0.0,0.0,0.0,0.0,0.0,0.0,23,0,0.5444078947368421,131.12208052040663,632.5,0.0,0.0,0.0,0.0,1
0.0,0.0,0.0,0.0,0.0,0.0,0.0,0.0,4.0,1.0,-1.000088900581841e-12,0.0,0.0,100.0,0.0,0.0,0.0,0.0,0.0,0.0,0.0,0,0,0.5444078947368421,328.43264149593904,457.0,0.0,0.0,0.0,0.0,1
0.0,0.0,0.0,0.0,0.0,0.0,0.0,0.0,2.0,1.0,-1.000088900581841e-12,0.0,0.0,100.0,0.0,0.0,0.0,0.0,0.0,0.0,0.0,0,0,0.5444078947368421,345.9956647127244,284.5,0.0,0.0,0.0,0.0,1
0.0,0.0,0.0,0.0,0.0,0.0,0.0,0.0,2.0,1.0,-1.000088900581841e-12,0.0,0.0,100.0,0.0,0.0,0.0,0.0,0.0,0.0,0.0,1,0,0.5444078947368421,218.00000000000009,109.0,0.0,0.0,0.0,0.0,1
0.0,0.0,0.0,0.0,0.0,0.0,0.0,0.0,0.0,0.0,0.0,0.0,0.0,100.0,0.0,0.0,0.0,0.0,0.0,0.0,0.0,1,0,0.5444078947368421,0.0,0.0,0.0,0.0,0.0,0.0,1
0.0,0.0,0.0,0.0,0.0,0.0,0.0,0.0,8.0,2.0,0.6931471805579453,0.0,0.0,100.0,0.0,0.0,0.0,0.0,0.0,0.0,0.0,2,0,0.5444078947368421,0.0,0.0,0.0,0.0,0.0,0.0,1
0.0,0.0,0.0,0.0,0.0,0.0,0.0,0.0,8.0,2.0,0.6931471805579453,0.0,0.0,100.0,0.0,0.0,0.0,0.0,0.0,0.0,0.0,2,0,0.5444078947368421,0.0,0.0,0.0,0.0,0.0,0.0,1
0.0,0.0,0.0,0.0,0.0,0.0,0.0,0.0,8.0,3.0,1.039720770836918,0.0,0.0,100.0,0.0,0.0,0.0,0.0,0.0,0.0,0.0,3,0,0.5444078947368421,0.0,0.0,0.0,0.0,0.0,0.0,1
0.0,0.0,0.0,0.0,0.0,0.0,0.0,0.0,2.0,1.0,-1.000088900581841e-12,0.0,0.0,100.0,0.0,0.0,0.0,0.0,0.0,0.0,0.0,3,0,0.5444078947368421,0.0,0.0,0.0,0.0,0.0,0.0,1
0.0,0.0,0.0,0.0,0.0,0.0,0.0,0.0,4.0,1.0,-1.000088900581841e-12,0.0,0.0,100.0,0.0,0.0,0.0,0.0,0.0,0.0,0.0,4,0,0.5444078947368421,0.0,0.0,0.0,0.0,0.0,0.0,1
0.0,0.0,0.0,0.0,0.0,0.0,0.0,0.0,4.0,1.0,-1.000088900581841e-12,0.0,0.0,100.0,0.0,0.0,0.0,0.0,0.0,0.0,0.0,4,0,0.5444078947368421,0.0,0.0,0.0,0.0,0.0,0.0,1
0.0,0.0,0.0,0.0,0.0,0.0,0.0,0.0,6.0,2.0,0.6365141682928128,0.0,0.0,100.0,0.0,0.0,0.0,0.0,0.0,0.0,0.0,5,0,0.5444078947368421,0.0,0.0,0.0,0.0,0.0,0.0,1
0.0,0.0,0.0,0.0,0.0,0.0,0.0,0.0,8.0,2.0,0.6931471805579453,0.0,0.0,100.0,0.0,0.0,0.0,0.0,0.0,0.0,0.0,5,0,0.5444078947368421,0.0,0.0,0.0,0.0,0.0,0.0,1
0.0,0.0,0.0,0.0,0.0,0.0,0.0,0.0,4.0,1.0,-1.000088900581841e-12,0.0,0.0,100.0,0.0,0.0,0.0,0.0,0.0,0.0,0.0,6,0,0.5444078947368421,0.0,0.0,0.0,0.0,0.0,0.0,1
354.0,7.0,1.3639573715662905,0.0,0.0,0.0,0.0,0.0,52.0,12.0,2.248386294667065,0.0,0.0,98.9047619047619,0.0,0.0,0.0,0.0,282.0,4894.0,28.0,6,0,0.5444078947368421,177.00000000000009,88.5,0.0,0.0,0.0,0.0,1
712.0,5.0,1.1321909433557835,0.0,0.0,0.0,0.0,0.0,60.0,8.0,1.8032329817277,0.0,0.0,95.125,0.0,0.0,0.0,0.0,556.0,2238.0,50.0,7,0,0.5444078947368421,340.671395922816,266.5,0.0,0.0,0.0,0.0,1
710.0,3.0,1.019338104672837,0.0,0.0,0.0,0.0,0.0,102.0,6.0,1.5515363493748404,0.0,0.0,92.33333333333331,0.0,0.0,0.0,86.0,1004.0,386.0,148.0,7,0,0.5444078947368421,340.4976749798252,444.0,0.0,0.0,0.0,0.0,1
718.0,7.0,0.9605365102089998,0.0,0.0,0.0,0.0,0.0,124.0,6.0,1.2745721016757798,0.0,0.0,87.41666666666667,0.0,0.0,0.0,0.0,466.0,11104.0,134.0,8,1,0.5444078947368421,179.6988221070653,623.5,0.0,0.0,0.0,0.0,1
688.0,5.0,1.0600104300936932,0.0,0.0,0.0,0.0,0.0,54.0,7.0,1.816875389407404,0.0,0.0,82.28571428571429,0.0,0.0,0.0,0.0,370.0,5142.0,40.0,8,1,0.5444078947368421,13.114877048605369,707.0,0.0,0.0,0.0,0.0,1
714.0,5.0,1.0269626100054186,0.0,0.0,0.0,0.0,0.0,38.0,5.0,1.447987114091119,0.0,0.0,77.1,0.0,0.0,0.0,0.0,376.0,3462.0,66.0,9,1,0.5444078947368421,13.403979508590067,707.5,0.0,0.0,0.0,0.0,1
712.0,7.0,1.4811504040304675,0.0,0.0,0.0,0.0,0.0,94.0,8.0,1.6623638143250197,0.0,0.0,72.58333333333333,0.0,0.0,0.0,0.0,742.0,1918.0,96.0,9,1,0.5444078947368421,13.564659966251856,708.0,0.0,0.0,0.0,0.0,1
718.0,5.0,1.0177193035795182,0.0,0.0,0.0,0.0,0.0,48.0,5.0,1.2703467863237563,0.0,0.0,69.22222222222223,0.0,0.0,0.0,0.0,562.0,2868.0,148.0,10,1,0.5444078947368421,13.564659966251856,708.0,0.0,0.0,0.0,0.0,1
708.0,2.0,0.0971582982025447,0.0,0.0,0.0,0.0,0.0,28.0,5.0,1.2153881010786147,0.0,0.0,65.0,0.0,0.0,0.0,0.0,94.0,166.0,6.0,10,1,0.5444078947368421,4.1633319989365845,713.0,0.0,0.0,0.0,0.0,1
712.0,7.0,0.9802388138928682,0.0,0.0,0.0,0.0,0.0,52.0,8.0,1.774455401723281,0.0,0.0,61.66666666666666,0.0,0.0,0.0,0.0,366.0,1114.0,46.0,11,1,0.5444078947368421,4.123105625622019,712.5,0.0,0.0,0.0,0.0,1
708.0,1.0,-1.000088900581841e-12,0.0,0.0,0.0,0.0,0.0,66.0,3.0,0.879281290751676,0.0,0.0,58.66666666666666,0.0,0.0,0.0,0.0,0.0,0.0,0.0,11,1,0.5444078947368421,4.725815626256408,711.5,0.0,0.0,0.0,0.0,1
706.0,2.0,0.6428597672888334,0.0,0.0,0.0,0.0,0.0,46.0,6.0,1.605420035785506,0.0,0.0,56.0,0.0,0.0,0.0,0.0,184.0,66.0,30.0,12,1,0.5444078947368421,2.51661147843074,708.5,0.0,0.0,0.0,0.0,1
686.0,6.0,1.0426875918706584,0.0,0.0,0.0,0.0,0.0,70.0,6.0,1.501200957364814,0.0,0.0,52.66666666666666,0.0,0.0,0.0,0.0,468.0,5190.0,80.0,12,1,0.5444078947368421,11.60459679035435,703.0,0.0,0.0,0.0,0.0,1
706.0,6.0,0.7945694121528578,0.0,0.0,0.0,0.0,0.0,100.0,6.0,1.628753781406834,0.0,94.0,47.42857142857143,0.0,0.0,0.0,0.0,654.0,3508.0,164.0,13,1,0.5444078947368421,10.37625494418398,701.5,0.0,0.0,0.0,0.0,1
716.0,5.0,0.7375318388426644,0.0,0.0,0.0,0.0,0.0,434.0,7.0,0.8234488002458311,0.0,0.0,60.7,0.0,0.0,0.0,0.0,446.0,2304.0,80.0,13,1,0.5444078947368421,12.583057392119336,703.5,0.0,0.0,0.0,0.0,1
716.0,3.0,0.6737079713763985,0.0,0.0,0.0,0.0,0.0,98.0,7.0,1.6216428611576446,0.0,0.0,65.85714285714286,0.0,0.0,0.0,0.0,820.0,690.0,26.0,14,1,0.5444078947368421,4.725815626256363,712.5,0.0,0.0,0.0,0.0,1
716.0,3.0,0.6617493487528816,0.0,0.0,0.0,0.0,0.0,396.0,7.0,0.9082989294532507,0.0,0.0,53.55555555555556,0.0,76.0,0.0,72.0,94.0,3224.0,30.0,15,1,0.5444078947368421,2.000000000008896,715.0,0.0,0.0,0.0,0.0,1
702.0,5.0,1.1695665020902466,0.0,0.0,0.0,0.0,0.0,190.0,10.0,1.289684326483894,0.0,0.0,44.21428571428572,0.0,0.0,0.0,0.0,366.0,7112.0,62.0,15,1,0.5444078947368421,6.608075867202352,711.5,0.0,0.0,0.0,0.0,1
714.0,3.0,0.2501876921587204,0.0,0.0,0.0,0.0,0.0,126.0,9.0,1.6042841135243426,0.0,94.0,39.142857142857146,0.0,70.0,70.0,0.0,376.0,240.0,46.0,16,1,0.5444078947368421,6.733003292244017,712.0,0.0,0.0,0.0,0.0,1
714.0,6.0,1.4333841909481535,0.0,0.0,0.0,0.0,0.0,112.0,12.0,2.217303648914272,0.0,0.0,38.57142857142857,0.0,0.0,0.0,58.0,1020.0,2028.0,178.0,16,1,0.5444078947368421,6.403124237435614,711.5,0.0,0.0,0.0,0.0,1
708.0,7.0,1.5284616295052134,0.0,0.0,0.0,0.0,0.0,90.0,9.0,1.465160968727203,0.0,0.0,32.578947368421055,0.0,0.0,0.0,0.0,1206.0,15620.0,278.0,17,1,0.5444078947368421,5.744562646541111,709.5,0.0,0.0,0.0,0.0,1
692.0,8.0,1.3762720495278264,0.0,0.0,0.0,0.0,0.0,866.0,11.0,1.4358465115742265,0.0,94.0,37.266666666666666,0.0,44.0,0.0,62.0,370.0,9558.0,62.0,17,1,0.5444078947368421,10.392304845414968,707.0,0.0,0.0,0.0,0.0,1
716.0,12.0,1.436386102457646,0.0,0.0,0.0,0.0,0.0,336.0,10.0,1.3415535512962986,0.0,0.0,61.1578947368421,0.0,0.0,0.0,0.0,374.0,7478.0,84.0,18,1,0.5444078947368421,10.878112581388775,707.5,0.0,0.0,0.0,0.0,1
710.0,4.0,1.1522714867234485,0.0,0.0,0.0,0.0,0.0,136.0,9.0,1.4792931509965848,0.0,0.0,63.85714285714285,0.0,0.0,0.0,0.0,844.0,2044.0,74.0,18,1,0.5444078947368421,10.24695076596133,706.5,0.0,0.0,0.0,0.0,1
710.0,3.0,0.9135157286899136,0.0,0.0,0.0,0.0,0.0,150.0,4.0,0.8505631480423846,0.0,0.0,56.5,0.0,0.0,0.0,0.0,558.0,7618.0,194.0,19,1,0.5444078947368421,3.4641016151428743,713.0,0.0,0.0,0.0,0.0,1
714.0,4.0,0.8908532919871494,0.0,0.0,0.0,0.0,0.0,102.0,4.0,0.9344770137058116,0.0,0.0,53.55555555555556,0.0,0.0,0.0,0.0,188.0,4056.0,56.0,20,1,0.5444078947368421,3.000000000005912,712.5,0.0,0.0,0.0,0.0,1
664.0,10.0,1.7338383282621317,0.0,0.0,0.0,0.0,0.0,172.0,8.0,1.474597897348645,0.0,0.0,48.642857142857146,0.0,0.0,0.0,0.0,650.0,6224.0,42.0,20,1,0.5444078947368421,24.7924719757168,701.0,0.0,0.0,0.0,0.0,1
714.0,6.0,1.13390636849852,0.0,0.0,0.0,0.0,0.0,202.0,8.0,1.3250984069847445,0.0,94.0,52.0,0.0,0.0,0.0,0.0,1112.0,932.0,210.0,21,0,0.5444078947368421,24.40628334398137,700.5,0.0,0.0,0.0,0.0,1
698.0,7.0,1.4110550562005693,0.0,0.0,0.0,0.0,0.0,112.0,5.0,1.4380745912229795,0.0,0.0,49.69230769230769,0.0,0.0,0.0,0.0,926.0,5680.0,198.0,21,0,0.5444078947368421,23.57258294431696,697.5,0.0,0.0,0.0,0.0,1
706.0,3.0,0.5406207659914796,0.0,0.0,0.0,0.0,0.0,34.0,5.0,1.4161396803569404,0.0,0.0,46.0,0.0,0.0,0.0,0.0,556.0,2280.0,102.0,22,0,0.5444078947368421,21.99242293760973,695.5,0.0,0.0,0.0,0.0,1
712.0,3.0,0.4979653739008631,0.0,0.0,0.0,0.0,0.0,82.0,4.0,0.94112530382894,0.0,0.0,40.91304347826087,0.0,0.0,0.0,0.0,468.0,38752.0,82.0,22,0,0.5444078947368421,7.187952884285113,707.5,0.0,0.0,0.0,0.0,1
716.0,6.0,0.9538185928411892,0.0,0.0,0.0,0.0,0.0,90.0,5.0,1.1952679065803,0.0,94.0,33.65384615384615,0.0,0.0,0.0,0.0,94.0,39052.0,28.0,23,0,0.5444078947368421,7.831560082982785,708.0,0.0,0.0,0.0,0.0,1
694.0,6.0,0.8800014727337337,0.0,0.0,0.0,0.0,0.0,390.0,5.0,0.4271922157312257,0.0,0.0,39.13333333333333,0.0,74.0,66.0,0.0,0.0,1362.0,0.0,23,0,0.5444078947368421,9.591663046627318,707.0,0.0,0.0,0.0,0.0,1
716.0,1.0,-1.000088900581841e-12,0.0,0.0,0.0,0.0,0.0,408.0,4.0,0.4651678624141551,0.0,0.0,57.0,0.0,0.0,0.0,0.0,0.0,0.0,0.0,0,0,0.5444078947368421,10.503967504394195,709.5,0.0,0.0,0.0,0.0,1
296.0,1.0,-1.000088900581841e-12,0.0,0.0,0.0,0.0,0.0,326.0,3.0,0.3992469103189792,0.0,0.0,74.5,0.0,0.0,0.0,0.0,0.0,0.0,0.0,0,0,0.5444078947368421,206.59380436015024,605.5,0.0,0.0,0.0,0.0,1
0.0,0.0,0.0,0.0,0.0,0.0,0.0,0.0,28.0,2.0,0.410116318286409,0.0,0.0,90.2,0.0,0.0,0.0,0.0,0.0,0.0,0.0,1,0,0.5444078947368421,343.65632056848114,426.5,0.0,0.0,0.0,0.0,1
0.0,0.0,0.0,0.0,0.0,0.0,0.0,0.0,16.0,2.0,0.5623351446168083,0.0,0.0,99.6,0.0,0.0,0.0,0.0,0.0,0.0,0.0,1,0,0.5444078947368421,338.7408055332769,253.0,0.0,0.0,0.0,0.0,1
0.0,0.0,0.0,0.0,0.0,0.0,0.0,0.0,12.0,3.0,1.0114042647043515,0.0,0.0,100.0,0.0,0.0,0.0,0.0,0.0,94.0,0.0,2,0,0.5444078947368421,148.0,74.0,0.0,0.0,0.0,0.0,1
578.0,6.0,1.0711777931337632,0.0,0.0,0.0,0.0,0.0,46.0,6.0,1.7302380456993696,0.0,0.0,99.25,0.0,0.0,0.0,0.0,94.0,6938.0,20.0,2,0,0.5444078947368421,289.0,144.5,0.0,0.0,0.0,0.0,1
710.0,7.0,1.3348596220582958,0.0,0.0,0.0,0.0,0.0,236.0,10.0,1.1278200309887374,0.0,0.0,87.75,0.0,0.0,0.0,0.0,984.0,2416.0,134.0,7,0,0.5444078947368421,339.62871884849,265.5,0.0,0.0,0.0,0.0,1
664.0,2.0,0.467904519288189,0.0,0.0,0.0,0.0,0.0,46.0,5.0,1.2510583317909274,0.0,0.0,81.71428571428571,0.0,0.0,0.0,0.0,558.0,1990.0,154.0,8,1,0.5444078947368421,172.31270024773758,608.5,0.0,0.0,0.0,0.0,1
712.0,3.0,0.7190408132490476,0.0,0.0,0.0,0.0,0.0,40.0,5.0,1.333074293471779,0.0,0.0,78.0,0.0,0.0,0.0,0.0,182.0,704.0,58.0,8,1,0.5444078947368421,23.057898140695016,698.5,0.0,0.0,0.0,0.0,1
708.0,4.0,0.620920853418127,0.0,0.0,0.0,0.0,0.0,44.0,5.0,1.1973102800024376,0.0,0.0,74.57142857142857,0.0,0.0,0.0,0.0,186.0,302.0,36.0,9,1,0.5444078947368421,22.744962812309307,698.0,0.0,0.0,0.0,0.0,1
706.0,5.0,0.509947355332093,0.0,0.0,0.0,0.0,0.0,26.0,3.0,1.0928305535254883,0.0,0.0,71.75,0.0,0.0,0.0,0.0,466.0,2624.0,58.0,9,1,0.5444078947368421,22.47220505424423,697.5,0.0,0.0,0.0,0.0,1
708.0,4.0,0.5300009046044851,0.0,0.0,0.0,0.0,0.0,20.0,3.0,1.0296530140615734,0.0,0.0,68.14285714285714,0.0,0.0,0.0,0.0,280.0,576.0,48.0,10,1,0.5444078947368421,2.516611478423662,708.5,0.0,0.0,0.0,0.0,1
708.0,4.0,0.7553032009921632,0.0,0.0,0.0,0.0,0.0,30.0,6.0,1.6170531525035536,0.0,0.0,65.28571428571429,0.0,0.0,0.0,0.0,184.0,1310.0,66.0,10,1,0.5444078947368421,1.0000000000002178,707.5,0.0,0.0,0.0,0.0,1
704.0,6.0,1.542443590591818,0.0,0.0,0.0,0.0,0.0,284.0,7.0,0.8471909950880788,0.0,0.0,60.9,0.0,0.0,0.0,0.0,554.0,4894.0,158.0,11,1,0.5444078947368421,1.9148542155128,706.5,0.0,0.0,0.0,0.0,1
710.0,2.0,0.3520739601927626,0.0,0.0,0.0,0.0,0.0,58.0,4.0,1.0967215034333893,0.0,0.0,54.77777777777778,0.0,0.0,0.0,0.0,182.0,1332.0,24.0,11,1,0.5444078947368421,2.516611478423685,707.5,0.0,0.0,0.0,0.0,1
708.0,1.0,-1.000088900581841e-12,0.0,0.0,0.0,0.0,0.0,14.0,1.0,-1.000088900581841e-12,0.0,0.0,51.333333333333336,0.0,0.0,0.0,0.0,0.0,0.0,0.0,12,1,0.5444078947368421,2.516611478423685,707.5,0.0,0.0,0.0,0.0,1
630.0,6.0,0.6342347108345432,0.0,0.0,0.0,0.0,0.0,32.0,4.0,1.3421257227447467,0.0,0.0,47.7,0.0,0.0,0.0,0.0,276.0,5592.0,70.0,12,1,0.5444078947368421,38.747042897921055,688.0,0.0,0.0,0.0,0.0,1
708.0,4.0,0.9727056185368445,0.0,0.0,0.0,0.0,0.0,162.0,4.0,0.5039933457793966,0.0,0.0,43.333333333333336,0.0,0.0,0.0,0.0,462.0,938.0,70.0,13,1,0.5444078947368421,39.344631145812016,689.0,0.0,0.0,0.0,0.0,1
708.0,6.0,1.3799616574891336,0.0,0.0,0.0,0.0,0.0,12.0,2.0,0.6365141682928128,0.0,0.0,39.4,0.0,0.0,0.0,0.0,182.0,2768.0,46.0,13,1,0.5444078947368421,39.000000000000014,688.5,0.0,0.0,0.0,0.0,1
708.0,3.0,0.8063641243463868,0.0,0.0,0.0,0.0,0.0,50.0,8.0,1.9225550868793195,0.0,0.0,35.666666666666664,0.0,70.0,70.0,0.0,186.0,156.0,68.0,14,1,0.5444078947368421,39.000000000000014,688.5,0.0,0.0,0.0,0.0,1
694.0,5.0,1.1672842145113305,0.0,0.0,0.0,0.0,0.0,344.0,13.0,1.603907049061534,0.0,94.0,44.29166666666666,0.0,0.0,0.0,58.0,744.0,3072.0,122.0,15,1,0.5444078947368421,6.733003292241485,704.0,0.0,0.0,0.0,0.0,1
704.0,5.0,0.6649010932256822,0.0,0.0,0.0,0.0,0.0,106.0,10.0,1.4925603040171695,0.0,0.0,55.75,0.0,0.0,0.0,0.0,468.0,672.0,100.0,15,1,0.5444078947368421,6.218252702059315,703.0,0.0,0.0,0.0,0.0,1
678.0,13.0,1.7765004810707652,0.0,0.0,0.0,0.0,0.0,106.0,12.0,1.9242221789846417,0.0,0.0,50.523809523809526,0.0,0.0,0.0,0.0,372.0,8818.0,106.0,16,1,0.5444078947368421,12.793227374930389,695.5,0.0,0.0,0.0,0.0,1
708.0,6.0,1.0219180207179102,0.0,0.0,0.0,0.0,0.0,102.0,9.0,1.7414211983935832,0.0,94.0,49.63333333333333,0.0,76.0,78.0,0.0,834.0,3348.0,124.0,16,1,0.5444078947368421,13.36662510384234,696.0,0.0,0.0,0.0,0.0,1
710.0,5.0,0.7982810283035293,0.0,0.0,0.0,0.0,0.0,426.0,8.0,0.9612712280030836,0.0,0.0,79.0,0.0,0.0,0.0,0.0,738.0,5218.0,156.0,17,1,0.5444078947368421,14.87727573628099,700.0,0.0,0.0,0.0,0.0,1
714.0,1.0,-1.000088900581841e-12,0.0,0.0,0.0,0.0,0.0,76.0,6.0,1.423551029750849,0.0,0.0,94.96666666666668,0.0,0.0,0.0,0.0,1028.0,7878.0,216.0,17,1,0.5444078947368421,16.52271164185836,702.5,0.0,0.0,0.0,0.0,1
704.0,13.0,1.8412332923992936,0.0,0.0,0.0,0.0,0.0,148.0,10.0,1.6665893781412289,0.0,0.0,99.92307692307692,0.0,0.0,0.0,0.0,838.0,10210.0,132.0,18,1,0.5444078947368421,4.163331998932516,709.0,0.0,0.0,0.0,0.0,1
704.0,5.0,0.4146384913676531,0.0,0.0,0.0,0.0,0.0,24.0,4.0,1.3296613488507585,0.0,0.0,98.28571428571428,0.0,0.0,0.0,0.0,186.0,1344.0,36.0,18,1,0.5444078947368421,4.8989794855665725,708.0,0.0,0.0,0.0,0.0,1
708.0,5.0,0.7197444460813901,0.0,0.0,0.0,0.0,0.0,40.0,6.0,1.7058102909389792,0.0,0.0,95.46153846153848,0.0,0.0,0.0,0.0,650.0,8010.0,46.0,19,1,0.5444078947368421,4.725815626252835,707.5,0.0,0.0,0.0,0.0,1
714.0,4.0,0.9969042657068324,0.0,0.0,0.0,0.0,0.0,34.0,5.0,1.5643701028877683,0.0,0.0,92.29411764705884,0.0,0.0,0.0,78.0,188.0,2166.0,60.0,19,1,0.5444078947368421,4.725815626252835,707.5,0.0,0.0,0.0,0.0,1
706.0,9.0,1.554476487920827,0.0,0.0,0.0,0.0,0.0,102.0,7.0,1.617808165114907,0.0,0.0,89.0,0.0,0.0,0.0,0.0,650.0,8330.0,102.0,20,1,0.5444078947368421,4.320493798938824,708.0,0.0,0.0,0.0,0.0,1
714.0,5.0,1.2248304581750993,0.0,0.0,0.0,0.0,0.0,58.0,7.0,1.8084489090188287,0.0,0.0,84.21428571428571,0.0,0.0,0.0,0.0,730.0,5134.0,88.0,20,1,0.5444078947368421,4.123105625617911,710.5,0.0,0.0,0.0,0.0,1
702.0,3.0,0.3673935489768201,0.0,0.0,0.0,0.0,0.0,34.0,4.0,1.2530462261085415,0.0,0.0,78.5,0.0,68.0,0.0,0.0,186.0,234.0,58.0,21,0,0.5444078947368421,5.507570547286276,708.5,0.0,0.0,0.0,0.0,1
708.0,6.0,1.2465999857571028,0.0,0.0,0.0,0.0,0.0,52.0,5.0,1.2435007435123986,0.0,0.0,95.0,0.0,0.0,0.0,0.0,742.0,2736.0,32.0,22,0,0.5444078947368421,12.36931687685307,701.5,0.0,0.0,0.0,0.0,1
708.0,3.0,0.2494269197081103,0.0,0.0,0.0,0.0,0.0,6.0,2.0,0.6365141682928128,0.0,0.0,100.0,0.0,0.0,0.0,0.0,94.0,1556.0,28.0,23,0,0.5444078947368421,11.357816691600645,700.5,0.0,0.0,0.0,0.0,1
712.0,1.0,-1.000088900581841e-12,0.0,0.0,0.0,0.0,0.0,2.0,1.0,-1.000088900581841e-12,0.0,0.0,100.0,0.0,0.0,0.0,0.0,0.0,0.0,0.0,23,0,0.5444078947368421,12.806248474865782,703.0,0.0,0.0,0.0,0.0,1
712.0,4.0,0.3356083360518441,0.0,0.0,0.0,0.0,0.0,0.0,0.0,0.0,0.0,0.0,100.0,0.0,0.0,0.0,0.0,0.0,660.0,0.0,0,0,0.5444078947368421,2.3094010767589173,710.0,0.0,0.0,0.0,0.0,1
714.0,4.0,0.5322061366215199,0.0,0.0,0.0,0.0,0.0,8.0,2.0,0.5623351446168083,0.0,0.0,100.0,0.0,0.0,0.0,0.0,0.0,712.0,0.0,0,0,0.5444078947368421,2.516611478423975,711.5,0.0,0.0,0.0,0.0,1
718.0,1.0,-1.000088900581841e-12,0.0,0.0,0.0,0.0,0.0,4.0,1.0,-1.000088900581841e-12,0.0,0.0,100.0,0.0,0.0,0.0,0.0,0.0,0.0,0.0,1,0,0.5444078947368421,2.828427124746556,714.0,0.0,0.0,0.0,0.0,1
248.0,1.0,-1.000088900581841e-12,0.0,0.0,0.0,0.0,0.0,4.0,1.0,-1.000088900581841e-12,0.0,0.0,100.0,0.0,0.0,0.0,0.0,0.0,0.0,0.0,1,0,0.5444078947368421,233.34666628573603,598.0,0.0,0.0,0.0,0.0,1
652.0,2.0,0.0373661130277916,0.0,0.0,0.0,0.0,0.0,8.0,2.0,0.6931471805579453,0.0,0.0,100.0,0.0,0.0,0.0,0.0,94.0,624.0,32.0,2,0,0.5444078947368421,225.36784745536943,583.0,0.0,0.0,0.0,0.0,1
718.0,2.0,0.6546265183660933,0.0,0.0,0.0,0.0,0.0,8.0,2.0,0.6931471805579453,0.0,0.0,100.0,0.0,0.0,0.0,0.0,0.0,36.0,0.0,2,0,0.5444078947368421,226.15039243830643,584.0,0.0,0.0,0.0,0.0,1
708.0,7.0,1.1620847131931435,0.0,0.0,0.0,0.0,0.0,80.0,10.0,1.7697629726011157,0.0,0.0,99.46666666666668,0.0,0.0,0.0,0.0,466.0,2598.0,66.0,3,0,0.5444078947368421,224.2223598722185,581.5,0.0,0.0,0.0,0.0,1
710.0,6.0,1.2971412935147753,0.0,0.0,0.0,0.0,0.0,104.0,5.0,1.3422087685392268,0.0,0.0,86.54545454545455,0.0,0.0,0.0,0.0,938.0,732.0,138.0,7,0,0.5444078947368421,339.452500359034,443.0,0.0,0.0,0.0,0.0,1
686.0,1.0,-1.000088900581841e-12,0.0,0.0,0.0,0.0,0.0,10.0,3.0,1.054920167983144,0.0,0.0,78.83333333333333,0.0,0.0,0.0,0.0,94.0,0.0,0.0,8,1,0.5444078947368421,12.583057392117585,704.5,0.0,0.0,0.0,0.0,1
474.0,2.0,0.6393988659702836,0.0,0.0,0.0,0.0,0.0,28.0,5.0,1.4377014436379416,0.0,0.0,75.5,0.0,0.0,0.0,0.0,288.0,14.0,64.0,9,1,0.5444078947368421,115.33140653496484,646.0,0.0,0.0,0.0,0.0,1
708.0,3.0,0.0682448200934436,0.0,0.0,0.0,0.0,0.0,10.0,2.0,0.5004024235361879,0.0,0.0,73.0,0.0,0.0,0.0,0.0,0.0,268.0,0.0,9,1,0.5444078947368421,114.9652121295829,645.5,0.0,0.0,0.0,0.0,1
704.0,1.0,-1.000088900581841e-12,0.0,0.0,0.0,0.0,0.0,110.0,6.0,1.1134175551270753,0.0,0.0,70.33333333333333,0.0,0.0,0.0,0.0,0.0,0.0,0.0,10,1,0.5444078947368421,113.07224828990236,643.0,0.0,0.0,0.0,0.0,1
404.0,4.0,0.4723701706477297,0.0,0.0,0.0,0.0,0.0,34.0,6.0,1.6192093785571977,0.0,94.0,67.33333333333333,90.0,0.0,0.0,0.0,288.0,1696.0,76.0,10,1,0.5444078947368421,156.78754202210496,572.5,0.0,0.0,0.0,0.0,1
706.0,3.0,0.3960828717932771,0.0,0.0,0.0,0.0,0.0,240.0,7.0,1.1355698755611254,0.0,0.0,82.65517241379311,0.0,0.0,0.0,0.0,474.0,410.0,82.0,11,1,0.5444078947368421,151.00882976391367,630.5,0.0,0.0,0.0,0.0,1
708.0,5.0,0.8004911796355736,0.0,0.0,0.0,0.0,0.0,180.0,8.0,1.2814490151130484,0.0,0.0,96.34615384615384,0.0,0.0,0.0,0.0,672.0,1578.0,80.0,11,1,0.5444078947368421,151.00882976391367,630.5,0.0,0.0,0.0,0.0,1
708.0,7.0,1.7849697161888587,0.0,0.0,0.0,0.0,0.0,830.0,12.0,1.175345392265496,0.0,0.0,96.52941176470588,0.0,66.0,40.0,0.0,858.0,3154.0,192.0,12,1,0.5444078947368421,151.66959704128794,631.5,0.0,0.0,0.0,0.0,1
706.0,2.0,0.4900206339042694,0.0,0.0,0.0,0.0,0.0,44.0,4.0,0.8617901450379195,0.0,0.0,88.0,0.0,0.0,0.0,0.0,96.0,914.0,28.0,13,1,0.5444078947368421,1.6329931618514837,708.0,0.0,0.0,0.0,0.0,1
704.0,7.0,1.1941964471239828,0.0,0.0,0.0,0.0,0.0,108.0,10.0,1.2740977472639066,0.0,0.0,83.45454545454545,0.0,0.0,0.0,0.0,192.0,4698.0,36.0,13,1,0.5444078947368421,2.5819888974691017,707.0,0.0,0.0,0.0,0.0,1
714.0,1.0,-1.000088900581841e-12,0.0,0.0,0.0,0.0,0.0,4.0,1.0,-1.000088900581841e-12,0.0,0.0,77.5,0.0,0.0,0.0,0.0,96.0,0.0,0.0,14,1,0.5444078947368421,4.434711565215236,708.5,0.0,0.0,0.0,0.0,1
606.0,1.0,-1.000088900581841e-12,0.0,0.0,0.0,0.0,0.0,0.0,0.0,0.0,0.0,0.0,75.33333333333333,0.0,0.0,0.0,0.0,0.0,0.0,0.0,14,1,0.5444078947368421,51.182679361935065,682.5,0.0,0.0,0.0,0.0,1
0.0,0.0,0.0,0.0,0.0,0.0,0.0,0.0,26.0,4.0,1.072016968559193,0.0,0.0,73.33333333333333,72.0,0.0,0.0,0.0,0.0,0.0,0.0,15,1,0.5444078947368421,340.83427057735844,506.0,0.0,0.0,0.0,0.0,1
0.0,0.0,0.0,0.0,0.0,0.0,0.0,0.0,26.0,5.0,1.4985690796720057,0.0,0.0,71.16666666666667,90.0,0.0,0.0,0.0,0.0,0.0,0.0,15,1,0.5444078947368421,383.59353487774007,330.0,0.0,0.0,0.0,0.0,1
0.0,0.0,0.0,0.0,0.0,0.0,0.0,0.0,0.0,0.0,0.0,0.0,0.0,69.16666666666667,0.0,0.0,0.0,0.0,0.0,0.0,0.0,16,1,0.5444078947368421,303.0,151.5,0.0,0.0,0.0,0.0,1
526.0,9.0,1.859468061659596,0.0,0.0,0.0,0.0,0.0,172.0,11.0,1.8042683839991984,0.0,0.0,64.23076923076923,0.0,50.0,50.0,0.0,946.0,6296.0,188.0,16,1,0.5444078947368421,263.0,131.5,0.0,0.0,0.0,0.0,1
686.0,4.0,1.2335273298341023,0.0,0.0,0.0,0.0,0.0,502.0,9.0,1.3399102661424924,0.0,96.0,66.83333333333333,0.0,0.0,0.0,0.0,666.0,1106.0,122.0,17,1,0.5444078947368421,355.91946654638974,303.0,0.0,0.0,0.0,0.0,1
712.0,3.0,0.7096173546185962,0.0,0.0,0.0,0.0,0.0,80.0,7.0,1.6983683241553402,0.0,0.0,88.26666666666667,0.0,0.0,0.0,0.0,284.0,160.0,62.0,17,1,0.5444078947368421,331.0448106626452,481.0,0.0,0.0,0.0,0.0,1
702.0,7.0,1.434926850095827,0.0,0.0,0.0,0.0,0.0,218.0,14.0,2.192447261331328,0.0,0.0,98.57142857142856,0.0,0.0,0.0,0.0,856.0,9904.0,142.0,18,1,0.5444078947368421,87.65652666325887,656.5,0.0,0.0,0.0,0.0,1
716.0,7.0,0.2404197858866338,0.0,0.0,0.0,0.0,0.0,30.0,6.0,1.5292482930316913,0.0,0.0,88.25,0.0,0.0,0.0,0.0,0.0,566.0,0.0,19,1,0.5444078947368421,5.88784057754747,710.0,0.0,0.0,0.0,0.0,1
712.0,4.0,0.4767797767122973,0.0,0.0,0.0,0.0,0.0,10.0,3.0,0.9502705392302344,0.0,0.0,84.0,0.0,0.0,0.0,0.0,432.0,1646.0,42.0,19,1,0.5444078947368421,5.88784057754747,710.0,0.0,0.0,0.0,0.0,1
706.0,10.0,1.5974785313930535,0.0,0.0,0.0,0.0,0.0,80.0,10.0,2.125159672723044,0.0,0.0,71.75,0.0,0.0,0.0,0.0,430.0,21398.0,68.0,20,1,0.5444078947368421,12.36931687685087,705.5,0.0,0.0,0.0,0.0,1
688.0,10.0,1.5301951361386998,0.0,0.0,0.0,0.0,0.0,448.0,9.0,1.4070182857474145,0.0,108.0,74.77777777777777,0.0,0.0,0.0,0.0,424.0,8664.0,82.0,21,0,0.5444078947368421,12.36931687685087,698.5,0.0,0.0,0.0,0.0,1
700.0,7.0,0.8780324423729264,0.0,0.0,0.0,0.0,0.0,160.0,8.0,1.628986703990993,0.0,0.0,95.3,0.0,0.0,0.0,78.0,432.0,2284.0,108.0,21,0,0.5444078947368421,8.999999999997097,695.5,0.0,0.0,0.0,0.0,1
712.0,2.0,0.0347133105958842,0.0,0.0,0.0,0.0,0.0,16.0,3.0,0.9743147528663496,0.0,0.0,100.0,0.0,68.0,76.0,0.0,0.0,132.0,0.0,22,0,0.5444078947368421,10.246950765957047,701.5,0.0,0.0,0.0,0.0,1
716.0,5.0,0.9608915346848824,0.0,0.0,0.0,0.0,0.0,42.0,4.0,0.9550807986616574,0.0,0.0,100.0,0.0,0.0,0.0,80.0,210.0,2964.0,26.0,22,0,0.5444078947368421,12.649110640671452,704.0,0.0,0.0,0.0,0.0,1
718.0,1.0,-1.000088900581841e-12,0.0,0.0,0.0,0.0,0.0,0.0,0.0,0.0,0.0,0.0,100.0,0.0,0.0,0.0,0.0,0.0,0.0,0.0,23,0,0.5444078947368421,8.062257748295293,711.5,0.0,0.0,0.0,0.0,1
716.0,5.0,1.0425396884658864,0.0,0.0,0.0,0.0,0.0,10.0,2.0,0.6730116670072565,0.0,0.0,100.0,0.0,80.0,74.0,0.0,0.0,5802.0,0.0,23,0,0.5444078947368421,2.5166114784131177,715.5,0.0,0.0,0.0,0.0,1
712.0,1.0,-1.000088900581841e-12,0.0,0.0,0.0,0.0,0.0,0.0,0.0,0.0,0.0,0.0,100.0,0.0,0.0,0.0,0.0,0.0,0.0,0.0,0,0,0.5444078947368421,2.5166114784131177,715.5,0.0,0.0,0.0,0.0,1
562.0,1.0,-1.000088900581841e-12,0.0,0.0,0.0,0.0,0.0,16.0,3.0,1.0821955300357673,0.0,216.0,100.0,0.0,0.0,0.0,0.0,0.0,0.0,0.0,0,0,0.5444078947368421,76.7072356430601,677.0,0.0,0.0,0.0,0.0,1
512.0,9.0,1.4540371279719169,0.0,0.0,0.0,0.0,0.0,90.0,10.0,1.9145778367435853,0.0,0.0,99.625,0.0,0.0,0.0,0.0,536.0,2624.0,106.0,1,0,0.5444078947368421,104.22251836015712,625.5,0.0,0.0,0.0,0.0,1
704.0,1.0,-1.000088900581841e-12,0.0,0.0,0.0,0.0,0.0,12.0,3.0,1.0114042647043515,0.0,0.0,79.0,0.0,0.0,0.0,0.0,322.0,136.0,8.0,8,1,0.5444078947368421,13.304134695648123,700.5,0.0,0.0,0.0,0.0,1
710.0,1.0,-1.000088900581841e-12,0.0,0.0,0.0,0.0,0.0,14.0,3.0,1.0789922078745835,0.0,0.0,76.16666666666667,0.0,0.0,0.0,0.0,0.0,0.0,0.0,9,1,0.5444078947368421,7.745966692411493,707.0,0.0,0.0,0.0,0.0,1
308.0,5.0,1.48768888329053,0.0,0.0,0.0,0.0,0.0,132.0,8.0,1.4765025727325645,0.0,0.0,73.18181818181819,88.0,0.0,0.0,0.0,430.0,5634.0,124.0,9,1,0.5444078947368421,201.05969262883087,609.5,0.0,0.0,0.0,0.0,1
710.0,6.0,1.3533719916689293,0.0,0.0,0.0,0.0,0.0,48.0,5.0,1.393475656896964,0.0,0.0,67.92857142857143,0.0,0.0,0.0,0.0,424.0,5764.0,80.0,10,1,0.5444078947368421,200.01999900009983,608.0,0.0,0.0,0.0,0.0,1
678.0,5.0,1.1429002801132035,0.0,0.0,0.0,0.0,0.0,42.0,5.0,1.4514503073826552,0.0,0.0,60.18181818181818,0.0,0.0,0.0,0.0,324.0,4722.0,58.0,10,1,0.5444078947368421,196.24729297496043,601.5,0.0,0.0,0.0,0.0,1
706.0,1.0,-1.000088900581841e-12,0.0,0.0,0.0,0.0,0.0,16.0,2.0,0.5623351446168083,0.0,0.0,55.16666666666666,0.0,0.0,0.0,0.0,0.0,0.0,0.0,11,1,0.5444078947368421,195.5189675368265,600.5,0.0,0.0,0.0,0.0,1
404.0,1.0,-1.000088900581841e-12,0.0,0.0,0.0,0.0,0.0,6.0,2.0,0.6365141682928128,0.0,0.0,52.833333333333336,96.0,0.0,0.0,0.0,0.0,0.0,0.0,11,1,0.5444078947368421,147.68773363643513,624.5,0.0,0.0,0.0,0.0,1
362.0,8.0,1.8232120521868591,0.0,0.0,0.0,0.0,0.0,176.0,9.0,1.5861076227500537,0.0,0.0,48.23076923076923,0.0,0.0,0.0,0.0,430.0,4094.0,38.0,12,1,0.5444078947368421,179.58749028444774,537.5,0.0,0.0,0.0,0.0,1
718.0,1.0,-1.000088900581841e-12,0.0,0.0,0.0,0.0,0.0,6.0,2.0,0.6365141682928128,0.0,0.0,43.5,0.0,0.0,0.0,0.0,214.0,0.0,0.0,12,1,0.5444078947368421,190.7834723799032,547.5,0.0,0.0,0.0,0.0,1
706.0,3.0,0.3650328325778377,0.0,0.0,0.0,0.0,0.0,64.0,6.0,1.3647062205736218,0.0,0.0,39.11111111111112,0.0,0.0,0.0,0.0,318.0,1552.0,46.0,13,1,0.5444078947368421,190.7834723799032,547.5,0.0,0.0,0.0,0.0,1
700.0,8.0,1.2080622319920458,0.0,0.0,0.0,0.0,0.0,154.0,10.0,1.990259596949564,0.0,108.0,39.4375,0.0,0.0,0.0,0.0,648.0,15354.0,120.0,13,1,0.5444078947368421,173.16177407268597,621.5,0.0,0.0,0.0,0.0,1
712.0,3.0,0.5590874112399252,0.0,0.0,0.0,0.0,0.0,632.0,9.0,1.2844940191939989,0.0,0.0,57.78947368421053,0.0,68.0,84.0,0.0,324.0,110.0,34.0,14,1,0.5444078947368421,7.745966692411076,709.0,0.0,0.0,0.0,0.0,1
702.0,8.0,1.3890317165398065,0.0,0.0,0.0,0.0,0.0,162.0,11.0,1.822068223785488,0.0,108.0,57.16666666666666,0.0,0.0,0.0,0.0,960.0,1792.0,208.0,15,1,0.5444078947368421,5.291502622123681,705.0,0.0,0.0,0.0,0.0,1
692.0,7.0,0.4504011723361387,0.0,0.0,0.0,0.0,0.0,292.0,8.0,1.582841711451742,0.0,0.0,74.27586206896552,0.0,0.0,0.0,0.0,430.0,1174.0,80.0,15,1,0.5444078947368421,8.40634680860886,703.0,0.0,0.0,0.0,0.0,1
714.0,1.0,-1.000088900581841e-12,0.0,0.0,0.0,0.0,0.0,46.0,4.0,1.0844458991330888,0.0,0.0,92.3,0.0,0.0,0.0,0.0,0.0,0.0,0.0,16,1,0.5444078947368421,9.146948489338309,703.5,0.0,0.0,0.0,0.0,1
130.0,1.0,-1.000088900581841e-12,0.0,0.0,0.0,0.0,0.0,28.0,4.0,0.895332665964091,0.0,0.0,100.0,0.0,0.0,0.0,0.0,0.0,0.0,0.0,16,1,0.5444078947368421,286.47454802594,559.5,0.0,0.0,0.0,0.0,1
502.0,5.0,0.6365611794013587,0.0,0.0,0.0,0.0,0.0,246.0,9.0,0.6565459295138927,0.0,0.0,97.9,0.0,0.0,0.0,0.0,0.0,6664.0,0.0,17,1,0.5444078947368421,270.3103155017703,509.5,0.0,0.0,0.0,0.0,1
714.0,3.0,0.6494615600596545,0.0,0.0,0.0,0.0,0.0,214.0,4.0,0.2380642019603788,0.0,0.0,89.23333333333333,0.0,0.0,0.0,0.0,0.0,8144.0,0.0,17,1,0.5444078947368421,275.43662307930884,515.0,0.0,0.0,0.0,0.0,1
718.0,4.0,0.5270397463691638,0.0,0.0,0.0,0.0,0.0,80.0,7.0,1.6191084524227195,0.0,0.0,80.46666666666667,0.0,0.0,0.0,0.0,108.0,2098.0,24.0,18,1,0.5444078947368421,276.40549922170493,516.0,0.0,0.0,0.0,0.0,1
702.0,10.0,1.4141584825598583,0.0,0.0,0.0,0.0,0.0,72.0,8.0,1.5701492444109286,0.0,0.0,72.3076923076923,0.0,0.0,0.0,0.0,106.0,17062.0,18.0,18,1,0.5444078947368421,104.88724104166944,659.0,0.0,0.0,0.0,0.0,1
708.0,6.0,1.1441093216447906,0.0,0.0,0.0,0.0,0.0,58.0,6.0,1.518792755974541,0.0,0.0,66.73684210526316,0.0,0.0,0.0,94.0,216.0,6706.0,22.0,19,1,0.5444078947368421,6.9999999999949205,710.5,0.0,0.0,0.0,0.0,1
706.0,5.0,0.7427695081756902,0.0,0.0,0.0,0.0,0.0,306.0,7.0,1.093271543709053,0.0,108.0,75.95454545454545,0.0,78.0,50.0,0.0,312.0,1384.0,82.0,19,1,0.5444078947368421,6.806859285548828,708.5,0.0,0.0,0.0,0.0,1
706.0,2.0,0.1288833705067702,0.0,0.0,0.0,0.0,0.0,32.0,3.0,0.4634135588234299,0.0,0.0,92.53333333333332,0.0,0.0,0.0,0.0,0.0,1086.0,0.0,20,1,0.5444078947368421,2.5166114784094926,705.5,0.0,0.0,0.0,0.0,1
700.0,11.0,1.295308068218059,0.0,0.0,0.0,0.0,0.0,106.0,7.0,1.2376192480399448,0.0,0.0,99.7,0.0,0.0,0.0,0.0,428.0,2238.0,58.0,20,1,0.5444078947368421,3.464101615127515,705.0,0.0,0.0,0.0,0.0,1
706.0,7.0,1.1745903214187203,0.0,0.0,0.0,0.0,0.0,46.0,5.0,1.308322370576925,0.0,0.0,95.84615384615384,0.0,0.0,0.0,0.0,418.0,4462.0,52.0,21,0,0.5444078947368421,2.999999999988177,704.5,0.0,0.0,0.0,0.0,1
698.0,3.0,0.6561640659015744,0.0,0.0,0.0,0.0,0.0,12.0,3.0,1.0986122886651095,0.0,0.0,92.83333333333331,0.0,0.0,0.0,0.0,108.0,824.0,40.0,21,0,0.5444078947368421,4.123105625609058,702.5,0.0,0.0,0.0,0.0,1
692.0,2.0,0.1959543043887791,0.0,0.0,0.0,0.0,0.0,46.0,2.0,0.5739644913913236,0.0,0.0,91.16666666666669,0.0,0.0,0.0,0.0,108.0,0.0,0.0,22,0,0.5444078947368421,5.773502691890125,699.0,0.0,0.0,0.0,0.0,1
690.0,2.0,0.4709536810704267,0.0,0.0,0.0,0.0,0.0,6.0,2.0,0.6365141682928128,0.0,0.0,89.6,0.0,0.0,0.0,0.0,0.0,0.0,0.0,22,0,0.5444078947368421,7.187952884277676,696.5,0.0,0.0,0.0,0.0,1
690.0,1.0,-1.000088900581841e-12,0.0,0.0,0.0,0.0,0.0,0.0,0.0,0.0,0.0,0.0,88.5,0.0,0.0,0.0,0.0,0.0,0.0,0.0,23,0,0.5444078947368421,3.7859388971908383,692.5,0.0,0.0,0.0,0.0,1
118.0,1.0,-1.000088900581841e-12,0.0,0.0,0.0,0.0,0.0,0.0,0.0,0.0,0.0,0.0,87.66666666666667,74.0,0.0,0.0,0.0,0.0,0.0,0.0,23,0,0.5444078947368421,286.3348855215979,547.5,0.0,0.0,0.0,0.0,1
0.0,0.0,0.0,0.0,0.0,0.0,0.0,0.0,0.0,0.0,0.0,0.0,0.0,86.83333333333333,0.0,0.0,0.0,0.0,0.0,0.0,0.0,0,0,0.5444078947368421,367.4792511149438,374.5,0.0,0.0,0.0,0.0,1
0.0,0.0,0.0,0.0,0.0,0.0,0.0,0.0,2.0,1.0,-1.000088900581841e-12,0.0,0.0,85.66666666666667,90.0,0.0,0.0,0.0,0.0,0.0,0.0,0,0,0.5444078947368421,330.05454094740145,202.0,0.0,0.0,0.0,0.0,1
0.0,0.0,0.0,0.0,0.0,0.0,0.0,0.0,0.0,0.0,0.0,0.0,0.0,85.0,0.0,0.0,0.0,0.0,0.0,0.0,0.0,1,0,0.5444078947368421,58.99999999999923,29.5,0.0,0.0,0.0,0.0,1
478.0,7.0,1.487677308465878,0.0,0.0,0.0,0.0,0.0,114.0,8.0,1.6780594999648797,0.0,0.0,82.61111111111111,0.0,0.0,0.0,80.0,432.0,11020.0,58.0,1,0,0.5444078947368421,238.99999999999983,119.5,0.0,0.0,0.0,0.0,1
702.0,4.0,0.1168768162195624,0.0,0.0,0.0,0.0,0.0,0.0,0.0,0.0,0.0,0.0,75.23333333333333,0.0,0.0,0.0,0.0,0.0,7352.0,0.0,2,0,0.5444078947368421,352.6981712456132,295.0,0.0,0.0,0.0,0.0,1
694.0,6.0,0.4186453921573098,0.0,0.0,0.0,0.0,0.0,6.0,2.0,0.6365141682928128,0.0,0.0,69.0,0.0,58.0,62.0,0.0,0.0,2906.0,0.0,2,0,0.5444078947368421,329.1175068776094,468.5,0.0,0.0,0.0,0.0,1
698.0,7.0,1.221631830525678,0.0,0.0,0.0,0.0,0.0,210.0,9.0,1.5384558161235962,0.0,0.0,42.407407407407405,0.0,0.0,0.0,0.0,214.0,2106.0,24.0,8,1,0.5444078947368421,403.5686641287534,349.5,0.0,0.0,0.0,0.0,1
706.0,6.0,1.2987307309054157,0.0,0.0,0.0,0.0,0.0,46.0,6.0,1.508105183304148,0.0,0.0,35.904761904761905,0.0,0.0,0.0,0.0,532.0,7026.0,124.0,8,1,0.5444078947368421,350.6831428321963,526.0,0.0,0.0,0.0,0.0,1
684.0,3.0,0.7142037167905005,0.0,0.0,0.0,0.0,0.0,28.0,6.0,1.6488470716664798,0.0,0.0,25.15384615384616,0.0,0.0,0.0,0.0,430.0,12498.0,50.0,9,1,0.5444078947368421,12.110601416387032,700.0,0.0,0.0,0.0,0.0,1
704.0,5.0,1.1643236118139793,0.0,0.0,0.0,0.0,0.0,240.0,6.0,0.9380225922908928,0.0,110.0,20.33333333333333,0.0,0.0,0.0,92.0,768.0,4748.0,196.0,10,1,0.5444078947368421,12.1518174223692,701.5,0.0,0.0,0.0,0.0,1
700.0,2.0,0.0493287673169894,0.0,0.0,0.0,0.0,0.0,974.0,3.0,0.0641343608629295,0.0,0.0,33.56666666666667,0.0,0.0,0.0,0.0,106.0,258.0,60.0,10,1,0.5444078947368421,11.77568115510078,700.0,0.0,0.0,0.0,0.0,1
706.0,1.0,-1.000088900581841e-12,0.0,0.0,0.0,0.0,0.0,950.0,1.0,-1.000088900581841e-12,0.0,0.0,53.96551724137931,0.0,0.0,0.0,0.0,0.0,0.0,0.0,11,1,0.5444078947368421,9.9833194212444,698.5,0.0,0.0,0.0,0.0,1
710.0,8.0,1.2833488178300168,0.0,0.0,0.0,0.0,0.0,50.0,7.0,1.7205938321814505,0.0,0.0,58.92307692307692,0.0,0.0,0.0,0.0,1142.0,2848.0,156.0,12,1,0.5444078947368421,4.123105625609021,705.5,0.0,0.0,0.0,0.0,1
710.0,4.0,0.1689814002349606,0.0,0.0,0.0,0.0,0.0,10.0,1.0,-1.000088900581841e-12,0.0,0.0,55.19230769230769,0.0,0.0,0.0,0.0,1370.0,5414.0,32.0,12,1,0.5444078947368421,2.309401076743058,708.0,0.0,0.0,0.0,0.0,1
688.0,3.0,0.1492512516622314,0.0,0.0,0.0,0.0,0.0,46.0,5.0,1.4436435356130364,0.0,0.0,49.75,0.0,0.0,0.0,66.0,226.0,846.0,68.0,13,1,0.5444078947368421,10.99999999999676,704.5,0.0,0.0,0.0,0.0,1
702.0,9.0,1.4940534479122876,0.0,0.0,0.0,0.0,0.0,78.0,5.0,1.5716347766942471,0.0,0.0,47.84615384615385,0.0,0.0,0.0,0.0,462.0,5196.0,122.0,14,1,0.5444078947368421,10.376254944178816,702.5,0.0,0.0,0.0,0.0,1
702.0,3.0,0.6402557908724279,0.0,0.0,0.0,0.0,0.0,26.0,4.0,1.2047933096907844,0.0,0.0,45.42857142857143,0.0,0.0,0.0,0.0,572.0,2414.0,54.0,14,1,0.5444078947368421,9.146948489337596,700.5,0.0,0.0,0.0,0.0,1
696.0,8.0,1.3573266996225424,0.0,0.0,0.0,0.0,0.0,246.0,10.0,1.599465229995789,0.0,116.0,48.42857142857143,0.0,66.0,66.0,0.0,572.0,3782.0,64.0,15,1,0.5444078947368421,6.63324958070543,697.0,0.0,0.0,0.0,0.0,3
704.0,5.0,1.108364275546552,0.0,0.0,0.0,0.0,0.0,312.0,6.0,0.9441025543475624,0.0,0.0,74.96666666666667,0.0,0.0,0.0,0.0,0.0,7268.0,0.0,15,1,0.5444078947368421,3.4641016151274715,701.0,0.0,0.0,0.0,0.0,1
710.0,2.0,0.6452396319032996,0.0,0.0,0.0,0.0,0.0,46.0,5.0,1.241074636854421,0.0,0.0,94.53333333333332,0.0,0.0,0.0,0.0,0.0,6166.0,0.0,16,1,0.5444078947368421,5.773502691890094,703.0,0.0,0.0,0.0,0.0,1
714.0,4.0,0.6400969141396433,0.0,0.0,0.0,0.0,0.0,4.0,2.0,0.6931471805579453,0.0,0.0,100.0,0.0,0.0,0.0,0.0,0.0,566.0,0.0,16,1,0.5444078947368421,7.831560082975936,706.0,0.0,0.0,0.0,0.0,1
678.0,5.0,1.0973313002134613,0.0,0.0,0.0,0.0,0.0,36.0,5.0,1.4884287536627832,0.0,0.0,98.06666666666666,0.0,0.0,0.0,0.0,116.0,1274.0,32.0,17,1,0.5444078947368421,16.196707484339594,701.5,0.0,0.0,0.0,0.0,1
712.0,3.0,0.9301812493194386,0.0,0.0,0.0,0.0,0.0,18.0,2.0,0.5297061990556545,0.0,0.0,82.66666666666667,0.0,0.0,0.0,0.0,0.0,2520.0,0.0,17,1,0.5444078947368421,17.07825127659725,703.5,0.0,0.0,0.0,0.0,1
706.0,8.0,1.4174694254927056,0.0,0.0,0.0,0.0,0.0,54.0,6.0,1.4324756704365615,0.0,0.0,70.8,0.0,0.0,0.0,0.0,682.0,2522.0,166.0,18,1,0.5444078947368421,16.683325008320804,702.5,0.0,0.0,0.0,0.0,1
708.0,5.0,0.5032573846727815,0.0,0.0,0.0,0.0,0.0,18.0,3.0,0.9950269901765214,0.0,0.0,66.0,0.0,0.0,0.0,0.0,466.0,24882.0,80.0,18,1,0.5444078947368421,15.534906930305771,701.0,0.0,0.0,0.0,0.0,1
694.0,4.0,0.4745797670785999,0.0,0.0,0.0,0.0,0.0,62.0,5.0,1.3564996808523209,0.0,0.0,61.85714285714285,0.0,0.0,0.0,96.0,466.0,1834.0,104.0,19,1,0.5444078947368421,7.745966692410262,705.0,0.0,0.0,0.0,0.0,1
704.0,5.0,0.888235658412615,0.0,0.0,0.0,0.0,0.0,412.0,5.0,0.8978842710820758,0.0,118.0,75.8,0.0,72.0,60.0,0.0,462.0,2786.0,80.0,19,1,0.5444078947368421,6.218252702053509,703.0,0.0,0.0,0.0,0.0,1
690.0,3.0,0.8305877231496165,0.0,0.0,0.0,0.0,0.0,52.0,4.0,1.2395624573201895,0.0,0.0,92.76666666666668,0.0,0.0,0.0,0.0,354.0,506.0,92.0,20,1,0.5444078947368421,8.40634680860811,699.0,0.0,0.0,0.0,0.0,1
692.0,3.0,0.2675042146062691,0.0,0.0,0.0,0.0,0.0,24.0,5.0,1.4735023850756486,0.0,0.0,100.0,0.0,0.0,0.0,0.0,230.0,2832.0,40.0,20,1,0.5444078947368421,6.218252702053509,695.0,0.0,0.0,0.0,0.0,1
692.0,4.0,0.8416857743611482,0.0,0.0,0.0,0.0,0.0,14.0,3.0,1.0789922078745835,0.0,0.0,100.0,0.0,0.0,0.0,0.0,352.0,1372.0,20.0,21,0,0.5444078947368421,6.403124237427313,694.5,0.0,0.0,0.0,0.0,1
690.0,4.0,1.0569312063998924,0.0,0.0,0.0,0.0,0.0,36.0,7.0,1.8310204811065165,0.0,0.0,97.6153846153846,0.0,0.0,0.0,94.0,574.0,2816.0,52.0,21,0,0.5444078947368421,1.1547005383486155,691.0,0.0,0.0,0.0,0.0,1
708.0,6.0,1.329772303375489,0.0,0.0,0.0,0.0,0.0,36.0,3.0,0.7777899315529315,0.0,0.0,92.375,0.0,0.0,0.0,0.0,236.0,11028.0,16.0,22,0,0.5444078947368421,8.386497083601855,695.5,0.0,0.0,0.0,0.0,1
680.0,2.0,0.5201252323237977,0.0,0.0,0.0,0.0,0.0,30.0,3.0,0.8033149761378756,0.0,0.0,87.8,0.0,0.0,0.0,0.0,704.0,378.0,46.0,22,0,0.5444078947368421,11.590225767139408,692.5,0.0,0.0,0.0,0.0,1
680.0,2.0,0.5084497473934533,0.0,0.0,0.0,0.0,0.0,4.0,1.0,-1.000088900581841e-12,0.0,0.0,86.44444444444444,0.0,0.0,0.0,0.0,704.0,3778.0,32.0,23,0,0.5444078947368421,13.20353488022288,689.5,0.0,0.0,0.0,0.0,1
680.0,1.0,-1.000088900581841e-12,0.0,0.0,0.0,0.0,0.0,0.0,0.0,0.0,0.0,0.0,84.83333333333333,0.0,0.0,0.0,0.0,0.0,0.0,0.0,23,0,0.5444078947368421,13.999999999997462,687.0,0.0,0.0,0.0,0.0,1
692.0,3.0,0.9964741398381832,0.0,0.0,0.0,0.0,0.0,10.0,1.0,-1.000088900581841e-12,0.0,0.0,82.76923076923077,0.0,0.0,0.0,0.0,472.0,1330.0,122.0,0,0,0.5444078947368421,5.999999999994079,683.0,0.0,0.0,0.0,0.0,1
716.0,1.0,-1.000088900581841e-12,0.0,0.0,0.0,0.0,0.0,0.0,0.0,0.0,0.0,0.0,77.5,0.0,0.0,0.0,0.0,0.0,0.0,0.0,0,0,0.5444078947368421,16.970562748475047,692.0,0.0,0.0,0.0,0.0,1
538.0,2.0,0.2455835752719256,0.0,0.0,0.0,0.0,0.0,20.0,3.0,0.8018185525403374,0.0,0.0,70.1,0.0,0.0,0.0,0.0,0.0,146.0,0.0,1,0,0.5444078947368421,80.40522371090033,656.5,0.0,0.0,0.0,0.0,1
688.0,7.0,1.0853964289609015,0.0,0.0,0.0,0.0,0.0,422.0,8.0,1.048093312916888,0.0,122.0,73.54166666666667,0.0,92.0,66.0,0.0,234.0,5120.0,50.0,1,0,0.5444078947368421,81.27935367197048,658.5,0.0,0.0,0.0,0.0,1
712.0,17.0,2.1415633831862926,0.0,0.0,0.0,0.0,0.0,36.0,5.0,1.3005920075295054,0.0,0.0,93.07407407407408,0.0,0.0,0.0,0.0,0.0,21896.0,0.0,8,1,0.5444078947368421,341.379065946737,268.5,0.0,0.0,0.0,0.0,1
704.0,5.0,0.1819671707271536,0.0,0.0,0.0,0.0,0.0,26.0,3.0,0.9110175397095628,0.0,0.0,89.16666666666667,0.0,0.0,0.0,0.0,480.0,1516.0,122.0,8,1,0.5444078947368421,338.2715871406681,444.5,0.0,0.0,0.0,0.0,1
714.0,5.0,1.145171016548233,0.0,0.0,0.0,0.0,0.0,32.0,4.0,1.2130075659759043,0.0,0.0,87.0,0.0,0.0,72.0,80.0,728.0,674.0,142.0,9,1,0.5444078947368421,174.0536315813796,623.0,0.0,0.0,0.0,0.0,1
696.0,1.0,-1.000088900581841e-12,0.0,0.0,0.0,0.0,0.0,16.0,5.0,1.559581156254877,0.0,0.0,84.83333333333333,0.0,0.0,0.0,0.0,0.0,0.0,0.0,9,1,0.5444078947368421,8.225975119499095,706.5,0.0,0.0,0.0,0.0,1
702.0,6.0,1.0586007728165396,0.0,0.0,0.0,0.0,0.0,42.0,7.0,1.7815203933615813,0.0,0.0,82.0909090909091,0.0,0.0,0.0,0.0,608.0,5488.0,74.0,10,1,0.5444078947368421,7.4833147735446355,704.0,0.0,0.0,0.0,0.0,1
710.0,7.0,1.4536391914433116,0.0,0.0,0.0,0.0,0.0,24.0,6.0,1.632630927148352,0.0,0.0,77.85714285714286,0.0,0.0,0.0,0.0,122.0,7590.0,32.0,10,1,0.5444078947368421,8.062257748295535,705.5,0.0,0.0,0.0,0.0,1
710.0,2.0,0.6730116670072565,0.0,0.0,0.0,0.0,0.0,18.0,4.0,1.273028336585626,0.0,0.0,74.66666666666667,0.0,0.0,0.0,0.0,362.0,0.0,48.0,11,1,0.5444078947368421,6.806859285550472,704.5,0.0,0.0,0.0,0.0,1
716.0,3.0,0.2538810817327048,0.0,0.0,0.0,0.0,0.0,12.0,4.0,1.3296613488507585,0.0,0.0,73.0,0.0,0.0,0.0,0.0,242.0,566.0,32.0,11,1,0.5444078947368421,5.744562646533779,709.5,0.0,0.0,0.0,0.0,1
716.0,3.0,0.0926967758594303,0.0,0.0,0.0,0.0,0.0,28.0,4.0,1.1973401339927785,0.0,0.0,70.83333333333333,0.0,0.0,0.0,0.0,352.0,542.0,68.0,12,1,0.5444078947368421,3.4641016151307067,713.0,0.0,0.0,0.0,0.0,1
708.0,5.0,0.8361733864726382,0.0,0.0,0.0,0.0,0.0,20.0,4.0,1.0888999753412234,0.0,0.0,69.16666666666667,0.0,0.0,0.0,0.0,360.0,462.0,38.0,12,1,0.5444078947368421,4.123105625611739,712.5,0.0,0.0,0.0,0.0,1
712.0,1.0,-1.000088900581841e-12,0.0,0.0,0.0,0.0,0.0,4.0,1.0,-1.000088900581841e-12,0.0,0.0,66.33333333333333,0.0,0.0,0.0,0.0,0.0,0.0,0.0,13,1,0.5444078947368421,3.8297084310189753,713.0,0.0,0.0,0.0,0.0,1
702.0,5.0,0.3712702692418873,0.0,0.0,0.0,0.0,0.0,8.0,1.0,-1.000088900581841e-12,0.0,0.0,63.55555555555556,0.0,0.0,0.0,0.0,122.0,1384.0,24.0,13,1,0.5444078947368421,5.9721576223855495,709.5,0.0,0.0,0.0,0.0,1
712.0,1.0,-1.000088900581841e-12,0.0,0.0,0.0,0.0,0.0,2.0,1.0,-1.000088900581841e-12,0.0,0.0,61.16666666666666,0.0,0.0,0.0,0.0,0.0,0.0,0.0,14,1,0.5444078947368421,4.725815626247444,708.5,0.0,0.0,0.0,0.0,1
712.0,2.0,0.4256214674745208,0.0,0.0,0.0,0.0,0.0,12.0,1.0,-1.000088900581841e-12,0.0,0.0,57.0,0.0,0.0,0.0,0.0,364.0,2266.0,74.0,15,1,0.5444078947368421,4.999999999995123,709.5,0.0,0.0,0.0,0.0,1
704.0,1.0,-1.000088900581841e-12,0.0,0.0,0.0,0.0,0.0,42.0,8.0,1.9546458666746347,0.0,0.0,54.333333333333336,0.0,0.0,0.0,0.0,0.0,0.0,0.0,15,1,0.5444078947368421,3.999999999993904,710.0,0.0,0.0,0.0,0.0,1
472.0,1.0,-1.000088900581841e-12,0.0,0.0,0.0,0.0,0.0,12.0,2.0,0.6365141682928128,0.0,0.0,52.5,108.0,0.0,0.0,0.0,0.0,0.0,0.0,16,1,0.5444078947368421,118.72657663724644,650.0,0.0,0.0,0.0,0.0,1
0.0,0.0,0.0,0.0,0.0,0.0,0.0,0.0,4.0,1.0,-1.000088900581841e-12,0.0,0.0,51.66666666666666,0.0,0.0,0.0,0.0,0.0,0.0,0.0,16,1,0.5444078947368421,333.7703801517843,472.0,0.0,0.0,0.0,0.0,1
64.0,2.0,0.2337916587044593,0.0,0.0,0.0,0.0,0.0,60.0,4.0,0.90937239910475,0.0,0.0,50.833333333333336,0.0,74.0,0.0,0.0,366.0,0.0,0.0,17,1,0.5444078947368421,335.70622077445427,310.0,0.0,0.0,0.0,0.0,1
698.0,3.0,0.1878286721454685,0.0,0.0,0.0,0.0,0.0,16.0,5.0,1.4941751382843085,0.0,0.0,42.125,0.0,0.0,0.0,0.0,0.0,890.0,0.0,18,1,0.5444078947368421,388.8890158729951,368.0,0.0,0.0,0.0,0.0,1
706.0,3.0,0.1831438703970788,0.0,0.0,0.0,0.0,0.0,792.0,8.0,0.7578873843246463,0.0,122.0,56.86206896551724,0.0,0.0,0.0,0.0,242.0,254.0,68.0,18,1,0.5444078947368421,320.3721793997308,544.5,0.0,0.0,0.0,0.0,1
702.0,2.0,0.5224734436346115,0.0,0.0,0.0,0.0,0.0,160.0,6.0,0.9404479886493264,0.0,0.0,84.2,0.0,0.0,0.0,0.0,120.0,0.0,30.0,19,1,0.5444078947368421,5.16397779493821,704.0,0.0,0.0,0.0,0.0,1
708.0,8.0,1.2104742359789618,0.0,0.0,0.0,0.0,0.0,62.0,9.0,1.9045103695068333,0.0,0.0,96.9,0.0,0.0,0.0,84.0,844.0,7970.0,18.0,19,1,0.5444078947368421,4.434711565210854,703.5,0.0,0.0,0.0,0.0,1
704.0,6.0,0.840136838845781,0.0,0.0,0.0,0.0,0.0,42.0,4.0,1.3558423068758685,0.0,0.0,98.0,0.0,0.0,0.0,0.0,244.0,7744.0,72.0,20,1,0.5444078947368421,2.581988897461576,705.0,0.0,0.0,0.0,0.0,1
714.0,3.0,0.5080244804637903,0.0,0.0,0.0,0.0,0.0,22.0,6.0,1.7201934592138248,0.0,0.0,90.13636363636364,0.0,92.0,78.0,0.0,238.0,9462.0,48.0,20,1,0.5444078947368421,5.291502622124292,707.0,0.0,0.0,0.0,0.0,1
708.0,8.0,1.0331223579402833,0.0,0.0,0.0,0.0,0.0,34.0,4.0,0.9554471413897668,0.0,0.0,75.56666666666666,0.0,0.0,0.0,0.0,0.0,5922.0,0.0,21,0,0.5444078947368421,4.123105625611393,708.5,0.0,0.0,0.0,0.0,1
696.0,5.0,1.2737325662143135,0.0,0.0,0.0,0.0,0.0,196.0,7.0,1.5778281545261066,0.0,122.0,76.83333333333333,0.0,0.0,0.0,0.0,366.0,516.0,54.0,21,0,0.5444078947368421,7.549834435267319,705.5,0.0,0.0,0.0,0.0,1
704.0,2.0,0.0350433959644759,0.0,0.0,0.0,0.0,0.0,36.0,4.0,1.002718264513516,0.0,0.0,95.33333333333331,0.0,0.0,0.0,0.0,362.0,0.0,26.0,22,0,0.5444078947368421,7.549834435267319,705.5,0.0,0.0,0.0,0.0,1
702.0,4.0,0.991095299773052,0.0,0.0,0.0,0.0,0.0,20.0,4.0,1.2798542258296677,0.0,0.0,99.95,0.0,0.0,0.0,0.0,360.0,10238.0,80.0,22,0,0.5444078947368421,4.999999999994809,702.5,0.0,0.0,0.0,0.0,1
700.0,3.0,0.7068178920132904,0.0,0.0,0.0,0.0,0.0,6.0,2.0,0.6365141682928128,0.0,0.0,97.83333333333331,0.0,0.0,0.0,0.0,120.0,0.0,34.0,23,0,0.5444078947368421,3.415650255312255,700.5,0.0,0.0,0.0,0.0,1
700.0,1.0,-1.000088900581841e-12,0.0,0.0,0.0,0.0,0.0,0.0,0.0,0.0,0.0,0.0,97.0,0.0,0.0,0.0,0.0,244.0,0.0,0.0,23,0,0.5444078947368421,1.9148542154991,701.5,0.0,0.0,0.0,0.0,1
704.0,2.0,0.5887187638624982,0.0,0.0,0.0,0.0,0.0,8.0,1.0,-1.000088900581841e-12,0.0,0.0,95.375,0.0,0.0,0.0,0.0,244.0,1080.0,68.0,0,0,0.5444078947368421,1.9148542154991,701.5,0.0,0.0,0.0,0.0,1
712.0,3.0,0.5985387961128266,0.0,0.0,0.0,0.0,0.0,12.0,3.0,1.0114042647043515,0.0,0.0,93.0952380952381,0.0,0.0,0.0,0.0,1690.0,3568.0,56.0,0,0,0.5444078947368421,5.656854249487776,704.0,0.0,0.0,0.0,0.0,1
706.0,7.0,1.0202990920630348,0.0,0.0,0.0,0.0,0.0,6.0,2.0,0.6365141682928128,0.0,0.0,90.6875,0.0,0.0,0.0,0.0,242.0,4820.0,0.0,1,0,0.5444078947368421,4.9999999999947855,705.5,0.0,0.0,0.0,0.0,1
702.0,4.0,0.7801791972191237,0.0,0.0,0.0,0.0,0.0,36.0,6.0,1.6769877743164172,0.0,0.0,80.71428571428571,0.0,0.0,0.0,0.0,364.0,28.0,22.0,6,0,0.5444078947368421,371.1280102606106,318.0,0.0,0.0,0.0,0.0,1
706.0,9.0,1.0524334140831004,0.0,0.0,0.0,0.0,0.0,30.0,8.0,1.894312024725532,0.0,0.0,77.42105263157895,0.0,0.0,0.0,0.0,244.0,8874.0,40.0,7,0,0.5444078947368421,335.6679907289343,494.5,0.0,0.0,0.0,0.0,1
712.0,7.0,1.3276448081871737,0.0,0.0,0.0,0.0,0.0,98.0,6.0,1.450089269322315,0.0,0.0,73.57142857142857,0.0,0.0,0.0,0.0,962.0,2274.0,114.0,7,0,0.5444078947368421,68.45679902926547,672.5,0.0,0.0,0.0,0.0,1
674.0,11.0,1.445529712318965,0.0,0.0,0.0,0.0,0.0,52.0,5.0,1.390888664710602,0.0,0.0,58.18181818181818,0.0,0.0,0.0,0.0,602.0,4176.0,154.0,8,1,0.5444078947368421,18.64582169459358,701.5,0.0,0.0,0.0,0.0,1
698.0,9.0,0.8682709615809133,0.0,0.0,0.0,0.0,0.0,438.0,10.0,0.9600352556275058,0.0,122.0,67.24,0.0,0.0,0.0,0.0,244.0,2934.0,94.0,9,1,0.5444078947368421,18.43004792903633,699.5,0.0,0.0,0.0,0.0,1
710.0,2.0,0.1077481247551092,0.0,0.0,0.0,0.0,0.0,40.0,4.0,0.9819416009200196,0.0,0.0,90.06666666666666,0.0,0.0,0.0,0.0,360.0,1384.0,32.0,9,1,0.5444078947368421,17.9999999999975,699.0,0.0,0.0,0.0,0.0,1
706.0,1.0,-1.000088900581841e-12,0.0,0.0,0.0,0.0,0.0,18.0,4.0,1.1490596969666202,0.0,0.0,99.33333333333331,0.0,0.0,0.0,0.0,242.0,0.0,0.0,10,1,0.5444078947368421,16.124515496594306,697.0,0.0,0.0,0.0,0.0,1
222.0,1.0,-1.000088900581841e-12,0.0,0.0,0.0,0.0,0.0,4.0,2.0,0.6931471805579453,0.0,0.0,100.0,0.0,0.0,0.0,0.0,0.0,0.0,0.0,10,1,0.5444078947368421,241.3848932030888,584.0,0.0,0.0,0.0,0.0,1
0.0,0.0,0.0,0.0,0.0,0.0,0.0,0.0,6.0,2.0,0.6365141682928128,0.0,0.0,100.0,0.0,0.0,0.0,0.0,0.0,0.0,0.0,11,1,0.5444078947368421,356.3981855546778,409.5,0.0,0.0,0.0,0.0,1
658.0,6.0,0.811443493703342,0.0,0.0,0.0,0.0,0.0,40.0,8.0,1.8294606949846688,0.0,0.0,99.3076923076923,0.0,0.0,0.0,0.0,366.0,2416.0,74.0,11,1,0.5444078947368421,342.4592433171183,396.5,0.0,0.0,0.0,0.0,1
712.0,6.0,0.5211437934447606,0.0,0.0,0.0,0.0,0.0,44.0,5.0,1.0318204422779809,0.0,0.0,95.0,0.0,0.0,0.0,0.0,244.0,1934.0,48.0,12,1,0.5444078947368421,344.27508381138074,398.0,0.0,0.0,0.0,0.0,1
710.0,8.0,0.9606423789086788,0.0,0.0,0.0,0.0,0.0,14.0,4.0,1.1537419426970903,0.0,0.0,90.0,0.0,0.0,0.0,0.0,610.0,3818.0,68.0,12,1,0.5444078947368421,347.56678015406845,520.0,0.0,0.0,0.0,0.0,1
630.0,10.0,1.653962042716311,0.0,0.0,0.0,0.0,0.0,82.0,7.0,1.5524737595534028,0.0,0.0,84.3,0.0,0.0,0.0,0.0,486.0,5916.0,122.0,13,1,0.5444078947368421,40.34435111222583,677.5,0.0,0.0,0.0,0.0,1
708.0,2.0,0.0488680958930082,0.0,0.0,0.0,0.0,0.0,22.0,3.0,0.9075352941020092,0.0,0.0,80.0,0.0,0.0,0.0,0.0,122.0,140.0,46.0,13,1,0.5444078947368421,40.03331945600512,690.0,0.0,0.0,0.0,0.0,1
714.0,5.0,1.3403576323366344,0.0,0.0,0.0,0.0,0.0,194.0,8.0,1.5315828846528563,0.0,0.0,75.88888888888889,0.0,92.0,82.0,0.0,1440.0,3014.0,198.0,14,1,0.5444078947368421,40.41039470235215,690.5,0.0,0.0,0.0,0.0,1
700.0,8.0,1.7573531596946346,0.0,0.0,0.0,92.0,0.0,266.0,7.0,1.1248836342749875,0.0,0.0,66.18181818181819,0.0,0.0,0.0,0.0,1452.0,3106.0,178.0,15,1,0.5444078947368421,21.447610589524672,697.0,0.0,0.0,46.0,23.0,1
706.0,11.0,1.5803931736284238,0.0,0.0,0.0,0.0,0.0,160.0,6.0,1.1805050294533843,0.0,0.0,61.523809523809526,0.0,0.0,0.0,0.0,602.0,31182.0,46.0,15,1,0.5444078947368421,21.12660250331852,696.5,0.0,0.0,46.0,23.0,1
714.0,4.0,1.0916106459383637,0.0,0.0,0.0,84.0,0.0,196.0,5.0,0.9189998835455252,0.0,0.0,57.333333333333336,0.0,0.0,0.0,0.0,604.0,5354.0,132.0,16,1,0.5444078947368421,21.12660250331852,696.5,0.0,0.0,50.91168824543142,44.0,1
696.0,5.0,1.2081281142455722,0.0,0.0,0.0,0.0,0.0,420.0,9.0,1.0915908949522912,0.0,122.0,58.66666666666666,0.0,0.0,0.0,0.0,608.0,4820.0,80.0,16,1,0.5444078947368421,7.831560082973539,704.0,0.0,0.0,50.91168824543142,44.0,1
694.0,5.0,1.2600945380118591,0.0,0.0,0.0,0.0,0.0,306.0,8.0,0.9810768982694746,0.0,0.0,82.73333333333333,0.0,0.0,0.0,0.0,842.0,1922.0,144.0,17,1,0.5444078947368421,9.291573243171715,702.5,0.0,0.0,42.0,21.0,1
708.0,2.0,0.0194007998621311,0.0,0.0,0.0,0.0,0.0,58.0,5.0,1.4415793937090655,0.0,0.0,96.86666666666666,0.0,0.0,0.0,0.0,0.0,172.0,0.0,17,1,0.5444078947368421,9.591663046619768,703.0,0.0,0.0,42.0,21.0,1
718.0,1.0,-1.000088900581841e-12,0.0,0.0,0.0,0.0,0.0,2.0,1.0,-1.000088900581841e-12,0.0,0.0,100.0,0.0,0.0,0.0,0.0,0.0,0.0,0.0,18,1,0.5444078947368421,11.195237082492916,704.0,0.0,0.0,0.0,0.0,1
430.0,6.0,1.3933391986631531,0.0,0.0,0.0,0.0,0.0,80.0,6.0,1.580542393310296,0.0,0.0,100.0,0.0,0.0,0.0,0.0,606.0,2252.0,84.0,18,1,0.5444078947368421,138.68309197591424,637.5,0.0,0.0,0.0,0.0,1
702.0,3.0,0.7118708837560818,0.0,0.0,0.0,0.0,0.0,78.0,5.0,1.2717146288488552,0.0,0.0,98.66666666666669,0.0,0.0,0.0,86.0,364.0,262.0,56.0,19,1,0.5444078947368421,139.8225065335807,639.5,0.0,0.0,0.0,0.0,1
698.0,10.0,1.6271033086726934,0.0,0.0,0.0,0.0,0.0,144.0,7.0,1.4660697614464115,0.0,0.0,94.3181818181818,0.0,0.0,0.0,0.0,242.0,14446.0,106.0,19,1,0.5444078947368421,138.27026674837418,637.0,0.0,0.0,0.0,0.0,1
700.0,5.0,1.1626531413105936,0.0,0.0,0.0,0.0,0.0,70.0,6.0,1.5192233880828396,0.0,0.0,90.28571428571428,0.0,0.0,0.0,0.0,486.0,2412.0,122.0,20,1,0.5444078947368421,135.009876181954,632.5,0.0,0.0,0.0,0.0,1
706.0,7.0,1.3363055711395495,0.0,0.0,0.0,0.0,0.0,66.0,8.0,1.926321515846344,0.0,0.0,86.91666666666667,0.0,72.0,70.0,0.0,1076.0,6690.0,144.0,20,1,0.5444078947368421,3.4156502553035346,701.5,0.0,0.0,0.0,0.0,1
712.0,7.0,1.2745834990783589,0.0,0.0,0.0,0.0,0.0,34.0,4.0,1.2831726480121035,0.0,122.0,81.23529411764706,0.0,0.0,0.0,0.0,366.0,6108.0,52.0,21,0,0.5444078947368421,6.324555320327931,704.0,0.0,0.0,0.0,0.0,1
660.0,10.0,1.1841794885573775,0.0,0.0,0.0,0.0,0.0,132.0,4.0,0.5851646824580714,0.0,0.0,66.85185185185185,0.0,0.0,0.0,0.0,122.0,8624.0,38.0,21,0,0.5444078947368421,23.51595203260732,694.5,0.0,0.0,0.0,0.0,1
654.0,8.0,0.7291321130728207,0.0,0.0,0.0,0.0,0.0,106.0,5.0,1.4034150095238356,0.0,0.0,50.51724137931034,0.0,0.0,0.0,0.0,234.0,14888.0,28.0,22,0,0.5444078947368421,30.221405217713176,683.0,0.0,0.0,0.0,0.0,1
716.0,1.0,-1.000088900581841e-12,0.0,0.0,0.0,0.0,0.0,10.0,3.0,0.9502705392302344,0.0,0.0,38.56666666666667,0.0,0.0,0.0,0.0,0.0,14636.0,0.0,22,0,0.5444078947368421,33.04037933599665,685.5,0.0,0.0,0.0,0.0,1
634.0,1.0,-1.000088900581841e-12,0.0,0.0,0.0,0.0,0.0,26.0,3.0,0.8587409130032867,0.0,120.0,25.185185185185187,0.0,0.0,0.0,0.0,0.0,15656.0,0.0,23,0,0.5444078947368421,35.13782387494356,666.0,0.0,0.0,0.0,0.0,1
420.0,6.0,1.0782334642132052,0.0,0.0,0.0,0.0,0.0,472.0,5.0,0.2487494250524628,0.0,0.0,24.58823529411765,0.0,0.0,0.0,0.0,362.0,8856.0,26.0,23,0,0.5444078947368421,128.820288257194,606.0,0.0,0.0,0.0,0.0,1
706.0,1.0,-1.000088900581841e-12,0.0,0.0,0.0,0.0,0.0,1116.0,1.0,-1.000088900581841e-12,0.0,0.0,39.66666666666666,0.0,0.0,0.0,0.0,0.0,0.0,0.0,0,0,0.5444078947368421,137.60329453420275,619.0,0.0,0.0,0.0,0.0,1
454.0,1.0,-1.000088900581841e-12,0.0,0.0,0.0,0.0,0.0,966.0,2.0,0.0268521582427237,0.0,0.0,58.9,0.0,0.0,0.0,0.0,0.0,0.0,0.0,0,0,0.5444078947368421,138.39436404709508,553.5,0.0,0.0,0.0,0.0,1
0.0,0.0,0.0,0.0,0.0,0.0,0.0,0.0,540.0,4.0,0.1965458669449973,0.0,0.0,76.86666666666666,0.0,0.0,0.0,0.0,0.0,0.0,0.0,1,0,0.5444078947368421,292.60439732398623,395.0,0.0,0.0,0.0,0.0,1
0.0,0.0,0.0,0.0,0.0,0.0,0.0,0.0,4.0,1.0,-1.000088900581841e-12,0.0,0.0,92.5,0.0,0.0,0.0,0.0,0.0,0.0,0.0,1,0,0.5444078947368421,350.3103386046909,290.0,0.0,0.0,0.0,0.0,1
0.0,0.0,0.0,0.0,0.0,0.0,0.0,0.0,6.0,2.0,0.6365141682928128,0.0,0.0,100.0,0.0,0.0,0.0,0.0,0.0,0.0,0.0,2,0,0.5444078947368421,226.99999999999977,113.5,0.0,0.0,0.0,0.0,1
0.0,0.0,0.0,0.0,0.0,0.0,0.0,0.0,4.0,1.0,-1.000088900581841e-12,0.0,0.0,100.0,0.0,0.0,0.0,0.0,0.0,0.0,0.0,2,0,0.5444078947368421,0.0,0.0,0.0,0.0,0.0,0.0,1
0.0,0.0,0.0,0.0,0.0,0.0,0.0,0.0,6.0,2.0,0.6365141682928128,0.0,0.0,100.0,0.0,0.0,0.0,0.0,0.0,0.0,0.0,3,0,0.5444078947368421,0.0,0.0,0.0,0.0,0.0,0.0,1
0.0,0.0,0.0,0.0,0.0,0.0,0.0,0.0,0.0,0.0,0.0,0.0,0.0,100.0,0.0,0.0,0.0,0.0,0.0,0.0,0.0,3,0,0.5444078947368421,0.0,0.0,0.0,0.0,0.0,0.0,1
0.0,0.0,0.0,0.0,0.0,0.0,0.0,0.0,4.0,1.0,-1.000088900581841e-12,0.0,0.0,100.0,0.0,0.0,0.0,0.0,0.0,0.0,0.0,4,0,0.5444078947368421,0.0,0.0,0.0,0.0,0.0,0.0,1
0.0,0.0,0.0,0.0,0.0,0.0,0.0,0.0,4.0,1.0,-1.000088900581841e-12,0.0,0.0,100.0,0.0,0.0,0.0,0.0,0.0,0.0,0.0,4,0,0.5444078947368421,0.0,0.0,0.0,0.0,0.0,0.0,1
0.0,0.0,0.0,0.0,0.0,0.0,0.0,0.0,8.0,2.0,0.6931471805579453,0.0,0.0,100.0,0.0,0.0,0.0,0.0,0.0,0.0,0.0,5,0,0.5444078947368421,0.0,0.0,0.0,0.0,0.0,0.0,1
0.0,0.0,0.0,0.0,0.0,0.0,0.0,0.0,4.0,1.0,-1.000088900581841e-12,0.0,0.0,100.0,0.0,0.0,0.0,0.0,0.0,0.0,0.0,5,0,0.5444078947368421,0.0,0.0,0.0,0.0,0.0,0.0,1
238.0,2.0,0.5140679876046103,0.0,0.0,0.0,0.0,0.0,18.0,4.0,1.2730283365856256,0.0,0.0,99.875,0.0,0.0,0.0,0.0,244.0,0.0,22.0,6,0,0.5444078947368421,118.99999999999956,59.5,0.0,0.0,0.0,0.0,1
712.0,10.0,1.9046015383970816,0.0,0.0,0.0,0.0,0.0,60.0,12.0,2.358717527396226,0.0,0.0,92.79166666666669,0.0,0.0,0.0,0.0,122.0,14078.0,26.0,6,0,0.5444078947368421,335.64018432442384,237.5,0.0,0.0,0.0,0.0,1
680.0,4.0,1.0199980048250918,0.0,0.0,0.0,0.0,0.0,38.0,4.0,1.1919038879185413,0.0,0.0,86.42857142857143,0.0,0.0,0.0,0.0,970.0,502.0,166.0,7,0,0.5444078947368421,347.25734933427475,407.5,0.0,0.0,0.0,0.0,1
676.0,5.0,1.3180575377087858,0.0,0.0,0.0,0.0,0.0,94.0,3.0,1.0593783374870815,0.0,0.0,83.5,0.0,0.0,0.0,78.0,844.0,532.0,178.0,7,0,0.5444078947368421,226.24102192131264,576.5,0.0,0.0,0.0,0.0,1
388.0,9.0,1.727591734171913,0.0,0.0,0.0,0.0,0.0,86.0,9.0,1.9355087798358928,0.0,0.0,79.0,0.0,0.0,0.0,0.0,244.0,7928.0,68.0,8,1,0.5444078947368421,151.52557539900604,614.0,0.0,0.0,0.0,0.0,1
712.0,3.0,0.7386478960939424,0.0,0.0,0.0,0.0,0.0,1876.0,5.0,0.235377447560965,0.0,2.0,66.71428571428571,0.0,0.0,0.0,0.0,10.0,22.0,2.0,11,1,0.5444078947368421,146.65606022254883,603.0,0.0,0.0,0.0,0.0,1
700.0,7.0,0.9137127599538984,0.0,0.0,0.0,0.0,0.0,1968.0,8.0,0.4303995104403794,0.0,2.0,69.32,0.0,0.0,0.0,0.0,10.0,130.0,4.0,11,1,0.5444078947368421,151.0629008062531,609.0,0.0,0.0,0.0,0.0,1
702.0,8.0,1.0482010884001078,0.0,0.0,0.0,0.0,0.0,2114.0,9.0,0.5841443219860096,0.0,0.0,92.10344827586206,0.0,0.0,0.0,0.0,10.0,212.0,6.0,12,1,0.5444078947368421,34.732309645821125,687.5,0.0,0.0,0.0,0.0,1
694.0,6.0,0.721426818838378,0.0,0.0,0.0,0.0,0.0,2084.0,8.0,0.5102556609022546,0.0,0.0,98.21428571428572,0.0,4.0,4.0,0.0,16.0,318.0,8.0,12,1,0.5444078947368421,7.483314773538971,702.0,0.0,0.0,0.0,0.0,1
704.0,4.0,0.5165754515389629,0.0,0.0,0.0,0.0,0.0,1812.0,4.0,0.0799860184426575,0.0,4.0,96.57142857142856,0.0,0.0,0.0,0.0,12.0,76.0,4.0,13,1,0.5444078947368421,4.320493798923128,700.0,0.0,0.0,0.0,0.0,1
706.0,11.0,1.8911801146389524,0.0,0.0,0.0,0.0,0.0,1832.0,8.0,0.1615984727939901,0.0,0.0,98.2,0.0,0.0,0.0,0.0,20.0,826.0,10.0,13,1,0.5444078947368421,5.259911279340479,701.5,0.0,0.0,0.0,0.0,1
712.0,2.0,0.6895922780687238,0.0,0.0,0.0,0.0,0.0,1814.0,7.0,0.1051493295635803,0.0,0.0,59.85714285714285,0.0,0.0,4.0,0.0,8.0,12.0,4.0,15,1,0.5444078947368421,3.7859388971825294,711.5,0.0,0.0,0.0,0.0,1
716.0,1.0,-1.000088900581841e-12,0.0,0.0,0.0,0.0,0.0,1816.0,6.0,0.1060018321861391,0.0,0.0,49.66666666666666,0.0,0.0,0.0,0.0,0.0,0.0,0.0,15,1,0.5444078947368421,1.6329931618144988,714.0,0.0,0.0,0.0,0.0,1
390.0,1.0,-1.000088900581841e-12,0.0,0.0,0.0,0.0,0.0,1794.0,3.0,0.0316774836333285,0.0,0.0,40.5,4.0,0.0,0.0,0.0,0.0,0.0,0.0,16,1,0.5444078947368421,162.00823024360994,633.0,0.0,0.0,0.0,0.0,1
0.0,0.0,0.0,0.0,0.0,0.0,0.0,0.0,1812.0,5.0,0.0928052582784973,0.0,0.0,32.666666666666664,0.0,0.0,0.0,0.0,4.0,0.0,0.0,16,1,0.5444078947368421,339.32236393533884,454.5,0.0,0.0,0.0,0.0,1
0.0,0.0,0.0,0.0,0.0,0.0,0.0,0.0,880.0,4.0,0.1448064467579548,0.0,0.0,23.33333333333333,0.0,0.0,0.0,0.0,0.0,0.0,0.0,17,1,0.5444078947368421,345.9031656403276,276.5,0.0,0.0,0.0,0.0,1
192.0,4.0,0.5818786450419386,0.0,0.0,0.0,0.0,0.0,48.0,6.0,1.405212139227332,0.0,0.0,18.166666666666668,0.0,4.0,0.0,0.0,20.0,58.0,10.0,17,1,0.5444078947368421,186.4430207865124,145.5,0.0,0.0,0.0,0.0,1
716.0,5.0,0.1479600390238261,0.0,0.0,0.0,0.0,0.0,432.0,5.0,0.5730090072437455,0.0,0.0,59.266666666666666,0.0,0.0,0.0,0.0,0.0,146.0,0.0,19,1,0.5444078947368421,302.6301372963372,300.5,0.0,0.0,0.0,0.0,1
714.0,2.0,0.5553045905941378,0.0,0.0,0.0,0.0,0.0,126.0,8.0,1.6111065315851916,0.0,0.0,86.43333333333334,0.0,0.0,0.0,0.0,4.0,10.0,4.0,19,1,0.5444078947368421,275.6737201838432,479.0,0.0,0.0,0.0,0.0,1
720.0,10.0,1.4314102858065427,0.0,0.0,0.0,0.0,0.0,90.0,9.0,1.8892993697809983,0.0,0.0,99.7,0.0,0.0,0.0,0.0,12.0,838.0,8.0,20,1,0.5444078947368421,211.3480541665806,611.0,0.0,0.0,0.0,0.0,1
714.0,14.0,1.3926273909943774,0.0,0.0,0.0,0.0,0.0,60.0,5.0,1.4897503188455912,0.0,0.0,100.0,0.0,0.0,0.0,0.0,28.0,868.0,10.0,20,1,0.5444078947368421,2.8284271247267494,716.0,0.0,0.0,0.0,0.0,1
718.0,5.0,0.9420085091916304,0.0,0.0,0.0,0.0,0.0,90.0,5.0,1.3503360785097946,0.0,0.0,98.63636363636364,0.0,0.0,4.0,2.0,52.0,98.0,24.0,21,0,0.5444078947368421,2.999999999981671,716.5,0.0,0.0,0.0,0.0,1
712.0,1.0,-1.000088900581841e-12,0.0,0.0,0.0,0.0,0.0,20.0,3.0,0.9502705392302344,0.0,0.0,93.16666666666669,0.0,0.0,0.0,0.0,4.0,0.0,4.0,21,0,0.5444078947368421,3.651483716686051,716.0,0.0,0.0,0.0,0.0,1
716.0,7.0,1.1150866254155836,0.0,0.0,0.0,0.0,0.0,84.0,7.0,1.639627874383518,0.0,0.0,88.22222222222223,0.0,4.0,0.0,4.0,32.0,1266.0,12.0,22,0,0.5444078947368421,2.581988897450312,715.0,0.0,0.0,0.0,0.0,1
714.0,5.0,1.087872124085966,0.0,0.0,0.0,0.0,0.0,70.0,4.0,1.1010148232082058,0.0,0.0,83.33333333333333,0.0,4.0,4.0,0.0,28.0,2302.0,6.0,22,0,0.5444078947368421,2.581988897450312,715.0,0.0,0.0,0.0,0.0,1
712.0,8.0,1.4718793654355196,0.0,0.0,0.0,0.0,0.0,326.0,11.0,1.1151339464511816,0.0,0.0,59.72727272727273,0.0,0.0,0.0,4.0,32.0,418.0,12.0,7,0,0.5444078947368421,340.5015907941301,266.0,0.0,0.0,0.0,0.0,1
714.0,6.0,0.9520550295141942,0.0,0.0,0.0,0.0,0.0,74.0,7.0,1.5441681034504988,0.0,0.0,52.333333333333336,0.0,0.0,0.0,4.0,8.0,302.0,6.0,8,1,0.5444078947368421,180.00740725499753,622.0,0.0,0.0,0.0,0.0,1
690.0,1.0,-1.000088900581841e-12,0.0,0.0,0.0,0.0,0.0,22.0,5.0,1.4681399390112089,0.0,0.0,48.5,0.0,0.0,0.0,0.0,4.0,0.0,0.0,8,1,0.5444078947368421,11.120551545068963,706.5,0.0,0.0,0.0,0.0,1
606.0,4.0,1.0000796408762005,0.0,0.0,0.0,0.0,0.0,54.0,4.0,0.8744359575761528,0.0,0.0,44.38461538461539,0.0,0.0,0.0,0.0,20.0,418.0,12.0,9,1,0.5444078947368421,50.43808085167265,680.0,0.0,0.0,0.0,0.0,1
698.0,2.0,0.2793288654392787,0.0,0.0,0.0,0.0,0.0,172.0,6.0,1.152295635545839,0.0,6.0,51.16,0.0,0.0,0.0,0.0,48.0,318.0,20.0,9,1,0.5444078947368421,48.37354648978993,677.0,0.0,0.0,0.0,0.0,1
720.0,4.0,0.7475931557910398,0.0,0.0,0.0,0.0,0.0,254.0,7.0,1.366908162256725,0.0,0.0,80.86666666666666,0.0,0.0,0.0,0.0,24.0,1420.0,8.0,10,1,0.5444078947368421,49.96999099459463,678.5,0.0,0.0,0.0,0.0,1
716.0,4.0,0.5766468921465464,0.0,0.0,0.0,0.0,0.0,70.0,10.0,1.9302574382206528,0.0,6.0,96.13333333333334,0.0,0.0,0.0,0.0,36.0,562.0,6.0,10,1,0.5444078947368421,53.528808443054295,685.0,0.0,0.0,0.0,0.0,1
718.0,6.0,0.9347848613223686,0.0,0.0,0.0,0.0,0.0,62.0,8.0,1.994464944268881,0.0,0.0,99.88,0.0,0.0,0.0,0.0,18.0,584.0,12.0,11,1,0.5444078947368421,10.132456102373876,713.0,0.0,0.0,0.0,0.0,1
706.0,11.0,1.4221855415184546,0.0,0.0,0.0,0.0,0.0,52.0,8.0,1.8370656682206503,0.0,0.0,95.88888888888889,0.0,0.0,0.0,0.0,24.0,586.0,12.0,11,1,0.5444078947368421,6.218252702048511,715.0,0.0,0.0,0.0,0.0,1
710.0,4.0,1.006336098910491,0.0,0.0,0.0,0.0,0.0,72.0,5.0,1.1869235993495202,0.0,0.0,92.15384615384616,0.0,0.0,0.0,0.0,24.0,38.0,12.0,12,1,0.5444078947368421,5.507570547274032,712.5,0.0,0.0,0.0,0.0,1
718.0,6.0,0.9339182512588078,0.0,0.0,0.0,0.0,0.0,26.0,4.0,1.072016968559193,0.0,0.0,87.84615384615384,0.0,0.0,0.0,0.0,58.0,306.0,26.0,12,1,0.5444078947368421,5.999999999988918,713.0,0.0,0.0,0.0,0.0,1
714.0,2.0,0.1072718232844016,0.0,0.0,0.0,0.0,0.0,48.0,5.0,0.7892773734561849,0.0,0.0,85.0,0.0,0.0,0.0,0.0,48.0,0.0,8.0,13,1,0.5444078947368421,5.163977794930351,712.0,0.0,0.0,0.0,0.0,1
706.0,7.0,1.076870553450761,0.0,0.0,0.0,0.0,0.0,64.0,10.0,2.105564796376043,0.0,14.0,85.5,0.0,0.0,0.0,0.0,76.0,588.0,18.0,13,1,0.5444078947368421,5.163977794930351,712.0,0.0,0.0,0.0,0.0,1
712.0,5.0,1.1901681359373466,0.0,0.0,0.0,0.0,0.0,192.0,10.0,1.4242172725432556,0.0,0.0,92.0,0.0,12.0,10.0,0.0,112.0,512.0,40.0,14,1,0.5444078947368421,4.999999999986708,712.5,0.0,0.0,0.0,0.0,1
702.0,10.0,1.397138713170754,0.0,0.0,0.0,0.0,0.0,168.0,9.0,1.4712728084746582,0.0,0.0,87.22222222222223,0.0,0.0,0.0,0.0,70.0,940.0,36.0,14,1,0.5444078947368421,5.507570547274021,708.5,0.0,0.0,0.0,0.0,1
710.0,9.0,1.8903783416626456,0.0,0.0,0.0,0.0,0.0,160.0,11.0,2.038401312634256,0.0,0.0,83.35,0.0,0.0,0.0,0.0,110.0,2668.0,40.0,15,1,0.5444078947368421,4.434711565201683,707.5,0.0,0.0,0.0,0.0,1
714.0,6.0,1.250108624444801,0.0,0.0,0.0,0.0,0.0,56.0,5.0,1.2865528699421458,0.0,0.0,78.21052631578948,0.0,0.0,0.0,12.0,196.0,536.0,30.0,15,1,0.5444078947368421,5.259911279340513,709.5,0.0,0.0,0.0,0.0,2
684.0,6.0,1.0794711975450206,0.0,0.0,0.0,0.0,0.0,54.0,10.0,1.784760510573441,0.0,0.0,74.33333333333333,0.0,0.0,0.0,0.0,98.0,232.0,52.0,16,1,0.5444078947368421,13.304134695645056,702.5,0.0,0.0,0.0,0.0,3
712.0,6.0,1.2069478096956727,0.0,0.0,0.0,0.0,0.0,62.0,9.0,1.925074135471232,0.0,0.0,70.21428571428571,0.0,0.0,0.0,0.0,56.0,2390.0,18.0,16,1,0.5444078947368421,14.094916341239257,705.0,0.0,0.0,0.0,0.0,1
710.0,4.0,1.0644284582574526,0.0,0.0,0.0,0.0,0.0,132.0,5.0,1.0454642263959146,0.0,0.0,66.5,0.0,12.0,14.0,0.0,84.0,326.0,32.0,17,1,0.5444078947368421,14.094916341239257,705.0,0.0,0.0,0.0,0.0,1
714.0,3.0,0.2504976147511464,0.0,0.0,0.0,0.0,0.0,122.0,4.0,0.7874338988437726,0.0,0.0,64.0,0.0,0.0,0.0,0.0,14.0,884.0,10.0,17,1,0.5444078947368421,14.094916341239257,705.0,0.0,0.0,0.0,0.0,1
712.0,7.0,1.7470453762271227,0.0,0.0,0.0,0.0,0.0,108.0,8.0,1.5027240345386113,0.0,0.0,60.21052631578947,0.0,0.0,0.0,0.0,60.0,4856.0,28.0,18,1,0.5444078947368421,1.6329931618146438,712.0,0.0,0.0,0.0,0.0,1
704.0,3.0,0.7978140144767171,0.0,0.0,0.0,0.0,0.0,52.0,3.0,0.6870920273769716,0.0,0.0,55.833333333333336,0.0,0.0,0.0,0.0,32.0,102.0,12.0,18,1,0.5444078947368421,4.32049379892315,710.0,0.0,0.0,0.0,0.0,1
698.0,6.0,1.375538034468019,0.0,0.0,0.0,0.0,0.0,236.0,4.0,1.0151550696983942,0.0,0.0,52.85714285714285,0.0,0.0,0.0,16.0,128.0,1900.0,42.0,19,1,0.5444078947368421,7.393691004263932,707.0,0.0,0.0,0.0,0.0,1
710.0,6.0,1.3525909297665486,0.0,0.0,0.0,0.0,0.0,74.0,6.0,1.5569230153448967,0.0,0.0,49.285714285714285,0.0,0.0,0.0,0.0,94.0,2078.0,22.0,19,1,0.5444078947368421,6.324555320326219,706.0,0.0,0.0,0.0,0.0,1
706.0,6.0,1.2698572918176607,0.0,0.0,0.0,0.0,0.0,80.0,6.0,1.6142418657801834,0.0,0.0,45.25,0.0,14.0,14.0,0.0,144.0,2160.0,52.0,20,1,0.5444078947368421,4.999999999986668,704.5,0.0,0.0,0.0,0.0,1
710.0,5.0,0.9026385196582468,0.0,0.0,0.0,0.0,0.0,88.0,5.0,1.4882288839086892,0.0,0.0,41.75,0.0,0.0,12.0,16.0,160.0,894.0,42.0,20,1,0.5444078947368421,5.656854249480602,706.0,0.0,0.0,0.0,0.0,1
700.0,3.0,0.606147534397674,0.0,0.0,0.0,0.0,0.0,24.0,4.0,1.3086053872494494,0.0,0.0,38.5,0.0,0.0,0.0,0.0,48.0,1730.0,10.0,21,0,0.5444078947368421,4.725815626238511,706.5,0.0,0.0,0.0,0.0,1
710.0,2.0,0.1477222312329273,0.0,0.0,0.0,0.0,0.0,32.0,6.0,1.7001649424085787,0.0,0.0,33.55555555555556,0.0,0.0,0.0,0.0,48.0,2176.0,4.0,21,0,0.5444078947368421,4.725815626238511,706.5,0.0,0.0,0.0,0.0,1
694.0,7.0,1.6407643133951229,0.0,0.0,0.0,0.0,0.0,124.0,9.0,1.900806740740065,0.0,16.0,28.63636363636364,0.0,30.0,14.0,14.0,96.0,1794.0,36.0,22,0,0.5444078947368421,7.895146188209562,703.5,0.0,0.0,0.0,0.0,1
708.0,4.0,0.5288318701055239,0.0,0.0,0.0,0.0,0.0,558.0,8.0,0.9702209129006548,0.0,0.0,49.2,0.0,0.0,0.0,12.0,96.0,1220.0,12.0,22,0,0.5444078947368421,7.393691004263928,703.0,0.0,0.0,0.0,0.0,1
716.0,1.0,-1.000088900581841e-12,0.0,0.0,0.0,0.0,0.0,134.0,2.0,0.633009843067364,0.0,0.0,83.46666666666667,0.0,0.0,0.0,0.0,0.0,0.0,0.0,23,0,0.5444078947368421,9.309493362505464,707.0,0.0,0.0,0.0,0.0,1
192.0,1.0,-1.000088900581841e-12,0.0,0.0,0.0,0.0,0.0,160.0,3.0,0.9519175817516916,0.0,0.0,97.03333333333332,0.0,0.0,0.0,0.0,0.0,0.0,0.0,23,0,0.5444078947368421,257.1607797986826,577.5,0.0,0.0,0.0,0.0,1
0.0,0.0,0.0,0.0,0.0,0.0,0.0,0.0,30.0,2.0,0.3926744672255522,0.0,0.0,100.0,0.0,0.0,0.0,0.0,16.0,0.0,0.0,0,0,0.5444078947368421,364.197748482881,404.0,0.0,0.0,0.0,0.0,1
0.0,0.0,0.0,0.0,0.0,0.0,0.0,0.0,0.0,0.0,0.0,0.0,0.0,100.0,0.0,0.0,0.0,0.0,0.0,0.0,0.0,0,0,0.5444078947368421,338.3311986796368,227.0,0.0,0.0,0.0,0.0,1
0.0,0.0,0.0,0.0,0.0,0.0,0.0,0.0,0.0,0.0,0.0,0.0,0.0,100.0,0.0,0.0,0.0,0.0,0.0,0.0,0.0,1,0,0.5444078947368421,95.9999999999992,48.0,0.0,0.0,0.0,0.0,1
290.0,6.0,0.8302337029545422,0.0,0.0,0.0,0.0,0.0,68.0,10.0,1.9958650918156204,0.0,0.0,99.9090909090909,0.0,12.0,14.0,0.0,48.0,554.0,18.0,1,0,0.5444078947368421,144.99999999999946,72.5,0.0,0.0,0.0,0.0,1
710.0,7.0,1.2752295308129022,0.0,0.0,0.0,0.0,0.0,78.0,8.0,1.6009378490842665,0.0,0.0,81.0909090909091,0.0,0.0,0.0,0.0,128.0,420.0,36.0,7,0,0.5444078947368421,345.2400131309616,279.0,0.0,0.0,0.0,0.0,1
696.0,8.0,1.460442304471046,0.0,0.0,0.0,0.0,0.0,50.0,8.0,1.8314973810700417,0.0,0.0,73.5,0.0,0.0,0.0,16.0,96.0,1172.0,36.0,8,1,0.5444078947368421,150.53128135595782,631.5,0.0,0.0,0.0,0.0,1
714.0,5.0,0.99735764771381,0.0,0.0,0.0,0.0,0.0,52.0,5.0,1.0427845852377873,0.0,0.0,68.875,0.0,0.0,0.0,0.0,48.0,406.0,16.0,8,1,0.5444078947368421,8.54400374530968,708.5,0.0,0.0,0.0,0.0,1
718.0,3.0,0.230122482052657,0.0,0.0,0.0,0.0,0.0,32.0,5.0,1.2996509635448974,0.0,0.0,65.28571428571429,0.0,0.0,0.0,0.0,32.0,962.0,4.0,9,1,0.5444078947368421,9.848857801789295,710.5,0.0,0.0,0.0,0.0,1
712.0,7.0,1.1416394737274302,0.0,0.0,0.0,0.0,0.0,52.0,7.0,1.7815843263455955,0.0,0.0,61.5,0.0,0.0,0.0,0.0,64.0,2098.0,26.0,9,1,0.5444078947368421,9.660917830786016,710.0,0.0,0.0,0.0,0.0,1
700.0,1.0,-1.000088900581841e-12,0.0,0.0,0.0,0.0,0.0,58.0,4.0,0.5445996236781669,0.0,16.0,72.27272727272727,0.0,0.0,0.0,0.0,64.0,0.0,0.0,10,1,0.5444078947368421,7.74596669240618,711.0,0.0,0.0,0.0,0.0,1
716.0,5.0,1.2929461825685715,0.0,0.0,0.0,0.0,0.0,54.0,8.0,1.6198528719241605,0.0,16.0,87.45,0.0,0.0,0.0,0.0,64.0,702.0,26.0,10,1,0.5444078947368421,8.062257748290234,711.5,0.0,0.0,0.0,0.0,1
718.0,2.0,0.6894142879762534,0.0,0.0,0.0,0.0,0.0,36.0,5.0,1.303092403756719,0.0,0.0,96.46666666666668,0.0,0.0,0.0,0.0,32.0,246.0,10.0,11,1,0.5444078947368421,8.062257748290234,711.5,0.0,0.0,0.0,0.0,1
716.0,3.0,0.8139959724829936,0.0,0.0,0.0,0.0,0.0,14.0,2.0,0.5982695885832573,0.0,0.0,100.0,0.0,0.0,0.0,0.0,16.0,564.0,8.0,11,1,0.5444078947368421,8.386497083598087,712.5,0.0,0.0,0.0,0.0,1
708.0,2.0,0.6912148174277727,0.0,0.0,0.0,0.0,0.0,28.0,6.0,1.7478680974607577,0.0,0.0,100.0,0.0,0.0,0.0,0.0,16.0,0.0,8.0,12,1,0.5444078947368421,4.434711565201578,714.5,0.0,0.0,0.0,0.0,1
714.0,2.0,0.6774944044467073,0.0,0.0,0.0,0.0,0.0,12.0,4.0,1.3296613488507585,0.0,0.0,100.0,0.0,0.0,0.0,0.0,32.0,24.0,4.0,12,1,0.5444078947368421,4.320493798923062,714.0,0.0,0.0,0.0,0.0,1
702.0,1.0,-1.000088900581841e-12,0.0,0.0,0.0,0.0,0.0,4.0,1.0,-1.000088900581841e-12,0.0,0.0,100.0,0.0,0.0,0.0,0.0,32.0,0.0,0.0,13,1,0.5444078947368421,6.324555320326151,710.0,0.0,0.0,0.0,0.0,1
416.0,1.0,-1.000088900581841e-12,0.0,0.0,0.0,0.0,0.0,8.0,2.0,0.5623351446168083,0.0,0.0,98.0,0.0,0.0,0.0,0.0,0.0,0.0,0.0,13,1,0.5444078947368421,146.08216865860072,635.0,0.0,0.0,0.0,0.0,1
428.0,5.0,1.0412412900716643,0.0,0.0,0.0,0.0,0.0,138.0,7.0,1.3704404176477625,0.0,0.0,94.875,0.0,12.0,12.0,0.0,64.0,1104.0,30.0,14,1,0.5444078947368421,165.26745999540623,565.0,0.0,0.0,0.0,0.0,1
708.0,7.0,1.5435004044638228,0.0,0.0,0.0,0.0,0.0,50.0,6.0,1.575808558412754,0.0,0.0,91.21428571428572,0.0,0.0,0.0,16.0,54.0,1306.0,22.0,14,1,0.5444078947368421,163.48190521685632,563.5,0.0,0.0,0.0,0.0,1
690.0,4.0,0.418840586569941,0.0,0.0,0.0,0.0,0.0,38.0,4.0,1.1203674513731108,0.0,0.0,88.0,0.0,12.0,14.0,0.0,170.0,230.0,34.0,15,1,0.5444078947368421,160.16970167086282,560.5,0.0,0.0,0.0,0.0,1
704.0,1.0,-1.000088900581841e-12,0.0,0.0,0.0,0.0,0.0,10.0,3.0,1.054920167983144,0.0,0.0,83.5,0.0,0.0,0.0,0.0,20.0,0.0,0.0,16,1,0.5444078947368421,8.544003745309725,702.5,0.0,0.0,0.0,0.0,1
712.0,3.0,1.0183770299832084,0.0,0.0,0.0,0.0,0.0,116.0,8.0,1.336739884616232,0.0,0.0,81.5,0.0,18.0,0.0,0.0,80.0,582.0,44.0,16,1,0.5444078947368421,9.574271077556418,703.5,0.0,0.0,0.0,0.0,1
706.0,11.0,1.817997405036954,0.0,0.0,0.0,0.0,0.0,190.0,13.0,1.5686234953462503,0.0,0.0,76.70588235294117,0.0,0.0,0.0,0.0,80.0,5972.0,26.0,17,1,0.5444078947368421,3.4156502553003447,707.5,0.0,0.0,0.0,0.0,1
672.0,11.0,1.869610338402497,0.0,0.0,0.0,0.0,0.0,114.0,12.0,1.960469697825955,0.0,20.0,85.79310344827586,0.0,0.0,0.0,0.0,80.0,4430.0,30.0,17,1,0.5444078947368421,17.990738358014482,698.5,0.0,0.0,0.0,0.0,1
712.0,5.0,1.2311312117261295,0.0,0.0,0.0,0.0,0.0,102.0,7.0,1.4981729841611822,0.0,0.0,98.26666666666668,0.0,0.0,0.0,0.0,0.0,706.0,0.0,18,1,0.5444078947368421,19.209372712295085,700.5,0.0,0.0,0.0,0.0,1
718.0,2.0,0.2738435346291382,0.0,0.0,0.0,0.0,0.0,14.0,3.0,1.0789922078745833,0.0,0.0,100.0,0.0,0.0,0.0,0.0,0.0,36.0,0.0,18,1,0.5444078947368421,20.591260281970776,702.0,0.0,0.0,0.0,0.0,1
712.0,4.0,0.5368787153830852,0.0,0.0,0.0,0.0,0.0,34.0,4.0,1.2930224700603996,0.0,0.0,100.0,0.0,0.0,0.0,0.0,40.0,262.0,6.0,19,1,0.5444078947368421,21.18962010041396,703.5,0.0,0.0,0.0,0.0,1
712.0,10.0,1.2842234669653596,0.0,0.0,0.0,0.0,0.0,90.0,6.0,1.6248907426484296,0.0,0.0,97.36363636363636,0.0,18.0,18.0,16.0,140.0,6802.0,56.0,19,1,0.5444078947368421,2.999999999977869,713.5,0.0,0.0,0.0,0.0,1
718.0,8.0,0.717308792880554,0.0,0.0,0.0,0.0,0.0,72.0,5.0,1.4978675890403053,0.0,0.0,92.4,0.0,0.0,0.0,0.0,94.0,2976.0,44.0,20,1,0.5444078947368421,3.4641016151185884,715.0,0.0,0.0,0.0,0.0,1
710.0,4.0,0.5897439659353463,0.0,0.0,0.0,0.0,0.0,38.0,4.0,0.8976221848740435,0.0,24.0,93.3,0.0,0.0,0.0,0.0,24.0,34.0,0.0,20,1,0.5444078947368421,3.4641016151185884,713.0,0.0,0.0,0.0,0.0,1
708.0,2.0,0.6923649535312155,0.0,0.0,0.0,0.0,0.0,66.0,4.0,1.0870728722745862,0.0,0.0,100.0,0.0,0.0,0.0,0.0,96.0,2872.0,34.0,21,0,0.5444078947368421,4.320493798923211,712.0,0.0,0.0,0.0,0.0,1
696.0,3.0,0.6580227344682215,0.0,0.0,0.0,0.0,0.0,176.0,7.0,1.3240436248343532,0.0,0.0,100.0,0.0,0.0,0.0,0.0,96.0,1466.0,36.0,21,0,0.5444078947368421,9.092121131316604,708.0,0.0,0.0,0.0,0.0,1
712.0,6.0,0.992100478484094,0.0,0.0,0.0,0.0,0.0,60.0,5.0,1.325256893300927,0.0,0.0,100.0,0.0,0.0,0.0,0.0,0.0,4682.0,0.0,22,0,0.5444078947368421,7.18795288427337,706.5,0.0,0.0,0.0,0.0,1
718.0,1.0,-1.000088900581841e-12,0.0,0.0,0.0,0.0,0.0,34.0,2.0,0.2237180760638337,0.0,0.0,100.0,0.0,0.0,0.0,24.0,0.0,4418.0,0.0,22,0,0.5444078947368421,9.29157324317042,708.5,0.0,0.0,0.0,0.0,1
248.0,1.0,-1.000088900581841e-12,0.0,0.0,0.0,0.0,0.0,0.0,0.0,0.0,0.0,0.0,100.0,0.0,0.0,0.0,0.0,0.0,7264.0,0.0,23,0,0.5444078947368421,230.5204257038116,593.5,0.0,0.0,0.0,0.0,1
0.0,0.0,0.0,0.0,0.0,0.0,0.0,0.0,10.0,1.0,-1.000088900581841e-12,0.0,0.0,100.0,0.0,0.0,0.0,0.0,0.0,5816.0,0.0,23,0,0.5444078947368421,355.9264905379572,419.5,0.0,0.0,0.0,0.0,1
0.0,0.0,0.0,0.0,0.0,0.0,0.0,0.0,0.0,0.0,0.0,0.0,0.0,100.0,0.0,0.0,0.0,0.0,0.0,5738.0,0.0,0,0,0.5444078947368421,338.4961841242328,241.5,0.0,0.0,0.0,0.0,1
0.0,0.0,0.0,0.0,0.0,0.0,0.0,0.0,0.0,0.0,0.0,0.0,0.0,100.0,0.0,0.0,0.0,0.0,0.0,8002.0,0.0,0,0,0.5444078947368421,123.9999999999994,62.0,0.0,0.0,0.0,0.0,1
94.0,5.0,1.3773668851307506,0.0,0.0,0.0,0.0,0.0,22.0,4.0,1.1209503926695834,0.0,0.0,100.0,0.0,20.0,22.0,0.0,0.0,7366.0,0.0,1,0,0.5444078947368421,46.9999999999984,23.5,0.0,0.0,0.0,0.0,1
698.0,7.0,0.96289932911609,0.0,0.0,0.0,0.0,0.0,172.0,5.0,0.7701190490948991,0.0,0.0,98.4,0.0,0.0,0.0,0.0,48.0,1428.0,12.0,1,0,0.5444078947368421,336.26576790786555,198.0,0.0,0.0,0.0,0.0,2
692.0,1.0,-1.000088900581841e-12,0.0,0.0,0.0,0.0,0.0,4.0,1.0,-1.000088900581841e-12,0.0,0.0,96.33333333333331,0.0,0.0,0.0,0.0,0.0,0.0,0.0,2,0,0.5444078947368421,376.0939598912305,371.0,0.0,0.0,0.0,0.0,1
196.0,1.0,-1.000088900581841e-12,0.0,0.0,0.0,0.0,0.0,0.0,0.0,0.0,0.0,0.0,95.33333333333331,24.0,0.0,0.0,0.0,0.0,0.0,0.0,2,0,0.5444078947368421,320.2707188197716,420.0,0.0,0.0,0.0,0.0,1
0.0,0.0,0.0,0.0,0.0,0.0,0.0,0.0,10.0,1.0,-1.000088900581841e-12,0.0,0.0,94.83333333333331,0.0,0.0,0.0,0.0,0.0,0.0,0.0,3,0,0.5444078947368421,353.85260584976135,396.5,0.0,0.0,0.0,0.0,1
0.0,0.0,0.0,0.0,0.0,0.0,0.0,0.0,10.0,1.0,-1.000088900581841e-12,0.0,0.0,93.66666666666669,24.0,0.0,0.0,0.0,0.0,0.0,0.0,3,0,0.5444078947368421,326.6721087982054,222.0,0.0,0.0,0.0,0.0,1
0.0,0.0,0.0,0.0,0.0,0.0,0.0,0.0,0.0,0.0,0.0,0.0,0.0,93.0,0.0,0.0,0.0,0.0,0.0,0.0,0.0,4,0,0.5444078947368421,97.99999999999945,49.0,0.0,0.0,0.0,0.0,1
0.0,0.0,0.0,0.0,0.0,0.0,0.0,0.0,0.0,0.0,0.0,0.0,0.0,92.0,0.0,0.0,0.0,0.0,0.0,0.0,0.0,4,0,0.5444078947368421,0.0,0.0,0.0,0.0,0.0,0.0,1
0.0,0.0,0.0,0.0,0.0,0.0,0.0,0.0,0.0,0.0,0.0,0.0,0.0,91.83333333333331,0.0,0.0,0.0,0.0,0.0,0.0,0.0,5,0,0.5444078947368421,0.0,0.0,0.0,0.0,0.0,0.0,1
354.0,5.0,1.010980089945983,0.0,0.0,0.0,0.0,0.0,94.0,5.0,1.3910655244999053,0.0,0.0,90.33333333333331,0.0,0.0,0.0,0.0,120.0,1088.0,22.0,5,0,0.5444078947368421,176.99999999999972,88.5,0.0,0.0,0.0,0.0,1
712.0,6.0,1.1487676936242175,0.0,0.0,0.0,0.0,0.0,84.0,6.0,1.447571232178717,0.0,0.0,87.63636363636364,0.0,0.0,24.0,22.0,182.0,986.0,48.0,6,0,0.5444078947368421,340.67139592281575,266.5,0.0,0.0,0.0,0.0,1
704.0,6.0,0.473476273585773,0.0,0.0,0.0,0.0,0.0,40.0,4.0,1.2206072645490174,0.0,0.0,85.5,0.0,24.0,0.0,26.0,104.0,970.0,12.0,6,0,0.5444078947368421,338.94493161377494,442.5,0.0,0.0,0.0,0.0,1
704.0,1.0,-1.000088900581841e-12,0.0,0.0,0.0,0.0,0.0,8.0,3.0,1.039720770836918,0.0,0.0,84.16666666666667,0.0,0.0,0.0,0.0,52.0,0.0,0.0,7,0,0.5444078947368421,176.37365638514882,618.5,0.0,0.0,0.0,0.0,1
698.0,2.0,0.4308230149376258,0.0,0.0,0.0,0.0,0.0,18.0,4.0,1.3689223607362195,0.0,0.0,83.5,0.0,24.0,18.0,0.0,52.0,14.0,8.0,7,0,0.5444078947368421,5.7445626465280295,704.5,0.0,0.0,0.0,0.0,1
714.0,8.0,1.5531112221881958,0.0,0.0,0.0,0.0,0.0,62.0,9.0,1.8228951999658165,0.0,0.0,75.94444444444444,0.0,0.0,0.0,24.0,104.0,4490.0,46.0,8,1,0.5444078947368421,8.698658900459995,702.5,0.0,0.0,0.0,0.0,1
710.0,7.0,1.3080157243536654,0.0,0.0,0.0,0.0,0.0,38.0,4.0,1.2060446581589843,0.0,0.0,71.0,0.0,0.0,0.0,0.0,104.0,1108.0,38.0,9,1,0.5444078947368421,9.52190457138444,704.0,0.0,0.0,0.0,0.0,1
712.0,1.0,-1.000088900581841e-12,0.0,0.0,0.0,0.0,0.0,24.0,7.0,1.791759469221055,0.0,0.0,67.0,0.0,0.0,0.0,0.0,0.0,42.0,0.0,9,1,0.5444078947368421,9.14694848933522,707.5,0.0,0.0,0.0,0.0,1
714.0,5.0,1.0298157230106664,0.0,0.0,0.0,0.0,0.0,50.0,7.0,1.7488617607389825,0.0,0.0,63.5,0.0,0.0,0.0,0.0,52.0,716.0,4.0,10,1,0.5444078947368421,1.914854215482704,712.5,0.0,0.0,0.0,0.0,1
716.0,4.0,0.4746704158107857,0.0,0.0,0.0,0.0,0.0,186.0,4.0,1.0397484823219043,0.0,0.0,59.57142857142857,0.0,0.0,0.0,0.0,104.0,1724.0,34.0,10,1,0.5444078947368421,2.581988897449383,713.0,0.0,0.0,0.0,0.0,1
712.0,4.0,0.9726666102326929,0.0,0.0,0.0,0.0,0.0,48.0,6.0,1.559581156253877,0.0,0.0,55.36363636363637,0.0,0.0,0.0,0.0,52.0,784.0,18.0,11,1,0.5444078947368421,1.914854215482704,713.5,0.0,0.0,0.0,0.0,1
708.0,4.0,0.5894721608004424,0.0,0.0,0.0,0.0,0.0,46.0,6.0,1.6661762676343703,0.0,0.0,51.57142857142857,0.0,0.0,0.0,0.0,52.0,756.0,26.0,11,1,0.5444078947368421,3.4156502553030634,712.5,0.0,0.0,0.0,0.0,1
702.0,9.0,1.0095116368404766,0.0,0.0,0.0,0.0,0.0,192.0,5.0,0.985745015171106,0.0,0.0,45.875,0.0,0.0,0.0,0.0,130.0,1866.0,30.0,12,1,0.5444078947368421,5.9721576223800295,709.5,0.0,0.0,0.0,0.0,1
660.0,5.0,0.9035969988807596,0.0,0.0,0.0,0.0,0.0,218.0,6.0,1.2231027159441414,0.0,28.0,55.69565217391305,0.0,0.0,0.0,0.0,192.0,806.0,28.0,12,1,0.5444078947368421,24.02082429892625,695.5,0.0,0.0,0.0,0.0,1
712.0,6.0,1.0950261886654855,0.0,0.0,0.0,0.0,0.0,78.0,5.0,1.327158948547928,0.0,0.0,84.23333333333333,0.0,0.0,0.0,0.0,112.0,768.0,20.0,13,1,0.5444078947368421,24.02082429892625,695.5,0.0,0.0,0.0,0.0,1
710.0,8.0,1.1015383573990754,0.0,0.0,0.0,0.0,0.0,50.0,7.0,1.811651537990728,0.0,0.0,95.88,0.0,0.0,0.0,0.0,84.0,2048.0,8.0,13,1,0.5444078947368421,24.38578821089349,696.0,0.0,0.0,0.0,0.0,1
682.0,3.0,0.6052530879629807,0.0,0.0,0.0,0.0,0.0,46.0,5.0,1.1055299287599207,0.0,0.0,93.33333333333331,0.0,24.0,22.0,0.0,84.0,30.0,6.0,14,1,0.5444078947368421,24.792471975713763,691.0,0.0,0.0,0.0,0.0,1
700.0,5.0,0.911789987448978,0.0,0.0,0.0,0.0,0.0,34.0,7.0,1.7890221622839375,0.0,0.0,85.22222222222223,0.0,0.0,0.0,0.0,112.0,392.0,14.0,15,1,0.5444078947368421,13.711309200797908,701.0,0.0,0.0,0.0,0.0,1
706.0,6.0,0.6461808416614541,0.0,0.0,0.0,0.0,0.0,182.0,8.0,1.4875342127483455,0.0,0.0,82.5,0.0,0.0,0.0,0.0,112.0,448.0,24.0,15,1,0.5444078947368421,12.9614813968113,700.0,0.0,0.0,0.0,0.0,1
682.0,3.0,0.2590517626236864,0.0,0.0,0.0,0.0,0.0,52.0,6.0,1.390388628502509,0.0,0.0,80.11111111111111,0.0,0.0,0.0,0.0,84.0,718.0,18.0,16,1,0.5444078947368421,12.9614813968113,700.0,0.0,0.0,0.0,0.0,1
688.0,4.0,1.087482688000676,0.0,0.0,0.0,0.0,0.0,40.0,2.0,0.6931471805579453,0.0,0.0,78.57142857142857,0.0,0.0,0.0,0.0,140.0,1966.0,50.0,16,1,0.5444078947368421,10.95445115009809,694.0,0.0,0.0,0.0,0.0,1
694.0,6.0,1.233976470178613,0.0,0.0,0.0,0.0,0.0,110.0,5.0,0.9709575928723878,0.0,0.0,76.75,0.0,0.0,0.0,0.0,112.0,1700.0,40.0,17,1,0.5444078947368421,10.246950765954004,692.5,0.0,0.0,0.0,0.0,1
704.0,7.0,1.0177940795337812,0.0,0.0,0.0,0.0,0.0,120.0,7.0,1.5944114840604424,0.0,28.0,85.9090909090909,0.0,0.0,0.0,0.0,112.0,390.0,40.0,17,1,0.5444078947368421,9.380831519640749,692.0,0.0,0.0,0.0,0.0,1
718.0,5.0,0.537153246548405,0.0,0.0,0.0,0.0,0.0,90.0,7.0,1.2403861328116763,0.0,0.0,97.83333333333331,0.0,0.0,0.0,0.0,28.0,1440.0,6.0,18,1,0.5444078947368421,13.114877048599618,701.0,0.0,0.0,0.0,0.0,1
716.0,5.0,0.6653945804024338,0.0,0.0,0.0,0.0,0.0,22.0,6.0,1.6726254461443206,0.0,0.0,100.0,0.0,0.0,0.0,0.0,56.0,756.0,10.0,18,1,0.5444078947368421,11.19523708249263,708.0,0.0,0.0,0.0,0.0,1
684.0,13.0,1.6467988886948417,0.0,0.0,0.0,0.0,0.0,232.0,12.0,2.100044721880668,0.0,0.0,96.1,0.0,0.0,28.0,28.0,252.0,1486.0,54.0,19,1,0.5444078947368421,15.6098259652871,705.5,0.0,0.0,0.0,0.0,1
702.0,4.0,0.1324121221950944,0.0,0.0,0.0,0.0,0.0,84.0,4.0,0.490608868515652,0.0,0.0,83.36666666666666,0.0,0.0,0.0,0.0,0.0,876.0,0.0,19,1,0.5444078947368421,15.705625319182657,705.0,0.0,0.0,0.0,0.0,1
718.0,1.0,-1.000088900581841e-12,0.0,0.0,0.0,0.0,0.0,20.0,3.0,0.8979457248537798,0.0,0.0,65.06896551724138,0.0,0.0,0.0,0.0,0.0,650.0,0.0,20,1,0.5444078947368421,15.705625319182657,705.0,0.0,0.0,0.0,0.0,1
712.0,8.0,1.398906371543592,0.0,0.0,0.0,0.0,0.0,144.0,7.0,1.1114765921476275,0.0,0.0,53.0,0.0,22.0,0.0,0.0,220.0,1642.0,64.0,20,1,0.5444078947368421,14.877275736277058,704.0,0.0,0.0,0.0,0.0,1
700.0,6.0,1.0709582061648262,0.0,0.0,0.0,0.0,0.0,82.0,6.0,1.2446308367346806,0.0,28.0,47.23076923076923,0.0,0.0,0.0,0.0,84.0,2134.0,8.0,21,0,0.5444078947368421,8.485281374231787,708.0,0.0,0.0,0.0,0.0,1
716.0,1.0,-1.000088900581841e-12,0.0,0.0,0.0,0.0,0.0,84.0,4.0,0.5670609309512818,0.0,0.0,71.1,0.0,0.0,0.0,0.0,0.0,0.0,0.0,21,0,0.5444078947368421,8.06225774829141,711.5,0.0,0.0,0.0,0.0,1
716.0,6.0,1.1139124247895036,0.0,0.0,0.0,0.0,0.0,58.0,6.0,1.4654999893133722,0.0,0.0,94.23333333333332,0.0,0.0,0.0,0.0,28.0,1430.0,8.0,22,0,0.5444078947368421,7.571877794392764,711.0,0.0,0.0,0.0,0.0,1
716.0,1.0,-1.000088900581841e-12,0.0,0.0,0.0,0.0,0.0,2.0,1.0,-1.000088900581841e-12,0.0,0.0,100.0,0.0,0.0,0.0,0.0,0.0,0.0,0.0,22,0,0.5444078947368421,7.999999999992807,712.0,0.0,0.0,0.0,0.0,1
712.0,6.0,1.060674491149982,0.0,0.0,0.0,0.0,0.0,6.0,2.0,0.6365141682928128,0.0,0.0,100.0,0.0,0.0,0.0,0.0,0.0,4520.0,0.0,23,0,0.5444078947368421,1.9999999999712323,715.0,0.0,0.0,0.0,0.0,1
712.0,7.0,1.2588407601850418,0.0,0.0,0.0,0.0,0.0,14.0,2.0,0.5982695885832573,0.0,0.0,100.0,0.0,0.0,0.0,0.0,0.0,3222.0,0.0,23,0,0.5444078947368421,2.309401076733581,714.0,0.0,0.0,0.0,0.0,1
702.0,1.0,-1.000088900581841e-12,0.0,0.0,0.0,0.0,0.0,0.0,0.0,0.0,0.0,0.0,100.0,0.0,0.0,0.0,0.0,0.0,7156.0,0.0,0,0,0.5444078947368421,5.9721576223800135,710.5,0.0,0.0,0.0,0.0,1
718.0,1.0,-1.000088900581841e-12,0.0,0.0,0.0,0.0,0.0,0.0,0.0,0.0,0.0,0.0,100.0,0.0,0.0,0.0,0.0,0.0,10538.0,0.0,0,0,0.5444078947368421,6.633249580702135,711.0,0.0,0.0,0.0,0.0,1
274.0,1.0,-1.000088900581841e-12,0.0,0.0,0.0,0.0,0.0,4.0,1.0,-1.000088900581841e-12,0.0,0.0,100.0,0.0,0.0,0.0,0.0,0.0,10620.0,0.0,1,0,0.5444078947368421,218.43305610644163,601.5,0.0,0.0,0.0,0.0,1
0.0,0.0,0.0,0.0,0.0,0.0,0.0,0.0,4.0,1.0,-1.000088900581841e-12,0.0,0.0,100.0,0.0,0.0,0.0,0.0,0.0,10230.0,0.0,1,0,0.5444078947368421,349.2825980969181,423.5,0.0,0.0,0.0,0.0,1
0.0,0.0,0.0,0.0,0.0,0.0,0.0,0.0,4.0,1.0,-1.000088900581841e-12,0.0,0.0,100.0,0.0,0.0,0.0,0.0,0.0,7962.0,0.0,2,0,0.5444078947368421,338.9119846410469,248.0,0.0,0.0,0.0,0.0,1
426.0,8.0,0.9679979088596584,0.0,0.0,0.0,0.0,0.0,40.0,4.0,0.9989315045995592,0.0,0.0,99.61904761904762,0.0,0.0,0.0,0.0,28.0,5320.0,8.0,2,0,0.5444078947368421,211.3859030304525,175.0,0.0,0.0,0.0,0.0,1
666.0,1.0,-1.000088900581841e-12,0.0,0.0,0.0,0.0,0.0,0.0,0.0,0.0,0.0,0.0,97.66666666666669,0.0,0.0,0.0,0.0,0.0,0.0,0.0,3,0,0.5444078947368421,330.10907288349387,273.0,0.0,0.0,0.0,0.0,1
398.0,1.0,-1.000088900581841e-12,0.0,0.0,0.0,0.0,0.0,4.0,1.0,-1.000088900581841e-12,0.0,0.0,96.83333333333331,28.0,0.0,0.0,0.0,0.0,0.0,0.0,3,0,0.5444078947368421,275.9293387807826,372.5,0.0,0.0,0.0,0.0,1
0.0,0.0,0.0,0.0,0.0,0.0,0.0,0.0,0.0,0.0,0.0,0.0,0.0,96.0,0.0,0.0,0.0,0.0,0.0,0.0,0.0,4,0,0.5444078947368421,275.9293387807826,372.5,0.0,0.0,0.0,0.0,1
0.0,0.0,0.0,0.0,0.0,0.0,0.0,0.0,288.0,2.0,0.1269305453394023,0.0,0.0,95.5,28.0,0.0,0.0,0.0,0.0,0.0,0.0,4,0,0.5444078947368421,326.0552100488503,266.0,0.0,0.0,0.0,0.0,1
0.0,0.0,0.0,0.0,0.0,0.0,0.0,0.0,0.0,0.0,0.0,0.0,0.0,94.16666666666669,0.0,0.0,0.0,0.0,0.0,0.0,0.0,5,0,0.5444078947368421,198.9999999999997,99.5,0.0,0.0,0.0,0.0,1
0.0,0.0,0.0,0.0,0.0,0.0,0.0,0.0,4.0,1.0,-1.000088900581841e-12,0.0,0.0,94.0,0.0,0.0,0.0,0.0,0.0,0.0,0.0,5,0,0.5444078947368421,0.0,0.0,0.0,0.0,0.0,0.0,1
0.0,0.0,0.0,0.0,0.0,0.0,0.0,0.0,4.0,1.0,-1.000088900581841e-12,0.0,0.0,93.16666666666669,0.0,0.0,0.0,0.0,0.0,0.0,0.0,6,0,0.5444078947368421,0.0,0.0,0.0,0.0,0.0,0.0,1
0.0,0.0,0.0,0.0,0.0,0.0,0.0,0.0,16.0,2.0,0.5623351446168083,0.0,0.0,92.33333333333331,28.0,0.0,0.0,0.0,0.0,0.0,0.0,6,0,0.5444078947368421,0.0,0.0,0.0,0.0,0.0,0.0,1
0.0,0.0,0.0,0.0,0.0,0.0,0.0,0.0,0.0,0.0,0.0,0.0,0.0,92.0,0.0,0.0,0.0,0.0,0.0,0.0,0.0,7,0,0.5444078947368421,0.0,0.0,0.0,0.0,0.0,0.0,1
198.0,2.0,0.2554640912245202,0.0,0.0,0.0,0.0,0.0,30.0,5.0,1.436828668958032,0.0,0.0,91.16666666666669,0.0,0.0,0.0,0.0,28.0,0.0,0.0,7,0,0.5444078947368421,98.9999999999994,49.5,0.0,0.0,0.0,0.0,1
654.0,2.0,0.126023287347479,0.0,0.0,0.0,0.0,0.0,24.0,4.0,1.1187433359817525,0.0,0.0,90.33333333333331,0.0,0.0,0.0,0.0,28.0,0.0,0.0,8,1,0.5444078947368421,308.4606944166467,213.0,0.0,0.0,0.0,0.0,1
690.0,8.0,0.6599340470793877,0.0,0.0,0.0,0.0,0.0,116.0,10.0,1.937822106353388,0.0,0.0,88.66666666666667,0.0,0.0,0.0,0.0,196.0,632.0,6.0,8,1,0.5444078947368421,340.8709433201954,385.5,0.0,0.0,0.0,0.0,1
714.0,10.0,1.5822288944542064,0.0,0.0,0.0,0.0,0.0,28.0,6.0,1.6488470716664798,0.0,0.0,84.36666666666666,0.0,0.0,0.0,0.0,0.0,5810.0,0.0,9,1,0.5444078947368421,245.24273689550907,564.0,0.0,0.0,0.0,0.0,1
710.0,7.0,1.155284305252371,0.0,0.0,0.0,0.0,0.0,94.0,7.0,1.7363080429371016,0.0,0.0,78.73913043478261,0.0,0.0,0.0,0.0,112.0,2112.0,38.0,9,1,0.5444078947368421,27.42261840160205,692.0,0.0,0.0,0.0,0.0,1
714.0,7.0,1.5006670231918475,0.0,0.0,0.0,0.0,0.0,88.0,9.0,1.942628267191136,0.0,0.0,73.2,0.0,0.0,0.0,0.0,234.0,4496.0,74.0,10,1,0.5444078947368421,11.489125293071016,707.0,0.0,0.0,0.0,0.0,1
690.0,3.0,0.2566382134541053,0.0,0.0,0.0,0.0,0.0,78.0,6.0,1.523578639889127,0.0,0.0,69.66666666666667,0.0,0.0,0.0,0.0,120.0,218.0,50.0,10,1,0.5444078947368421,11.489125293071016,707.0,0.0,0.0,0.0,0.0,1
692.0,4.0,0.8353185572191991,0.0,0.0,0.0,48.0,0.0,66.0,5.0,1.178411093184237,0.0,0.0,67.375,0.0,0.0,0.0,0.0,150.0,396.0,20.0,11,1,0.5444078947368421,12.261049438494949,701.5,0.0,0.0,24.0,12.0,1
706.0,1.0,-1.000088900581841e-12,0.0,0.0,0.0,0.0,0.0,26.0,4.0,1.1972375015539318,0.0,0.0,58.5,0.0,0.0,0.0,0.0,0.0,0.0,0.0,12,1,0.5444078947368421,10.708252269467256,700.0,0.0,0.0,24.0,12.0,1
524.0,2.0,0.1742012376413112,0.0,0.0,0.0,0.0,0.0,64.0,7.0,1.484052627127899,0.0,0.0,56.16666666666666,0.0,0.0,0.0,0.0,30.0,0.0,0.0,12,1,0.5444078947368421,90.05738911012921,658.5,0.0,0.0,24.0,12.0,1
708.0,9.0,1.6427839435976952,0.0,0.0,0.0,0.0,0.0,186.0,10.0,1.847222594721276,0.0,0.0,52.66666666666666,0.0,0.0,0.0,0.0,240.0,1738.0,84.0,13,1,0.5444078947368421,92.3670215318571,662.5,0.0,0.0,0.0,0.0,1
702.0,7.0,1.2702735589457974,0.0,0.0,0.0,0.0,0.0,114.0,3.0,0.9692280870387988,0.0,30.0,59.14814814814815,0.0,0.0,0.0,0.0,90.0,2890.0,30.0,13,1,0.5444078947368421,90.70097390142266,660.0,0.0,0.0,0.0,0.0,1
702.0,3.0,1.0248045408605235,0.0,0.0,0.0,0.0,0.0,108.0,4.0,1.2544084361133645,0.0,0.0,86.53333333333333,0.0,0.0,0.0,0.0,90.0,3198.0,38.0,14,1,0.5444078947368421,90.0444334759228,659.0,0.0,0.0,0.0,0.0,1
708.0,4.0,0.605956415599108,0.0,0.0,0.0,0.0,0.0,74.0,5.0,1.434553145246232,0.0,0.0,98.48275862068964,0.0,0.0,0.0,0.0,60.0,258.0,26.0,14,1,0.5444078947368421,3.4641016151213013,705.0,0.0,0.0,0.0,0.0,1
702.0,9.0,1.3585813998487446,0.0,0.0,0.0,0.0,0.0,62.0,8.0,1.9501038026651432,0.0,0.0,99.58333333333331,0.0,0.0,0.0,0.0,150.0,1946.0,54.0,15,1,0.5444078947368421,2.9999999999810014,703.5,0.0,0.0,0.0,0.0,1
706.0,2.0,0.4940543672570945,0.0,0.0,0.0,0.0,0.0,20.0,5.0,1.4708084763171112,0.0,0.0,97.0,0.0,0.0,0.0,0.0,90.0,22.0,12.0,15,1,0.5444078947368421,2.9999999999810014,704.5,0.0,0.0,0.0,0.0,1
678.0,3.0,0.6206240711845428,0.0,0.0,0.0,0.0,0.0,10.0,3.0,1.054920167983144,0.0,0.0,95.83333333333331,0.0,0.0,0.0,0.0,30.0,96.0,14.0,16,1,0.5444078947368421,13.89244398944571,698.5,0.0,0.0,0.0,0.0,1
708.0,7.0,0.9326840895976668,0.0,0.0,0.0,0.0,0.0,204.0,6.0,1.0551912551370568,0.0,0.0,93.42857142857144,0.0,0.0,0.0,0.0,180.0,7038.0,50.0,16,1,0.5444078947368421,13.89244398944571,698.5,0.0,0.0,0.0,0.0,1
684.0,1.0,-1.000088900581841e-12,0.0,0.0,0.0,0.0,0.0,70.0,2.0,0.2190325217870212,0.0,0.0,87.66666666666667,0.0,0.0,0.0,0.0,0.0,0.0,0.0,17,1,0.5444078947368421,18.35755975068271,696.5,0.0,0.0,0.0,0.0,1
548.0,1.0,-1.000088900581841e-12,0.0,0.0,0.0,0.0,0.0,20.0,1.0,-1.000088900581841e-12,0.0,0.0,86.5,30.0,0.0,0.0,0.0,0.0,0.0,0.0,18,1,0.5444078947368421,78.51963660978838,664.0,0.0,0.0,0.0,0.0,1
352.0,9.0,1.5705136627357026,0.0,0.0,0.0,0.0,0.0,182.0,9.0,1.646267482914442,0.0,0.0,83.35714285714286,0.0,24.0,0.0,0.0,60.0,5806.0,14.0,18,1,0.5444078947368421,165.54958975082528,575.0,0.0,0.0,0.0,0.0,1
716.0,4.0,0.7446391010690173,0.0,0.0,0.0,0.0,0.0,70.0,5.0,0.8278890099436462,0.0,0.0,78.16666666666667,0.0,0.0,0.0,0.0,0.0,2094.0,0.0,19,1,0.5444078947368421,165.54958975082528,575.0,0.0,0.0,0.0,0.0,1
716.0,4.0,0.9071415374457824,0.0,0.0,0.0,0.0,0.0,80.0,8.0,1.5046305518827163,0.0,0.0,69.875,0.0,0.0,0.0,0.0,90.0,5528.0,48.0,19,1,0.5444078947368421,173.17043627594143,583.0,0.0,0.0,0.0,0.0,1
714.0,6.0,1.2095046069780753,0.0,0.0,0.0,0.0,0.0,138.0,5.0,1.175457998495994,0.0,0.0,62.30769230769231,0.0,0.0,0.0,0.0,32.0,4080.0,10.0,20,1,0.5444078947368421,181.66911313337377,624.5,0.0,0.0,0.0,0.0,1
716.0,8.0,0.4739827785788846,0.0,0.0,0.0,0.0,0.0,56.0,8.0,1.7347645210177751,0.0,0.0,53.333333333333336,0.0,0.0,0.0,0.0,128.0,1356.0,46.0,20,1,0.5444078947368421,0.9999999999450228,715.5,0.0,0.0,0.0,0.0,1
706.0,7.0,1.0108250010476212,0.0,0.0,0.0,0.0,0.0,274.0,7.0,1.615866875270511,0.0,32.0,67.5,0.0,0.0,0.0,0.0,222.0,508.0,72.0,21,0,0.5444078947368421,4.760952285683696,713.0,0.0,0.0,0.0,0.0,1
718.0,6.0,1.2287495761113307,0.0,0.0,0.0,0.0,0.0,206.0,7.0,1.4793259064425488,0.0,0.0,69.9,0.0,0.0,0.0,0.0,128.0,468.0,16.0,21,0,0.5444078947368421,5.259911279342724,713.5,0.0,0.0,0.0,0.0,1
716.0,4.0,0.6543586158972148,0.0,0.0,0.0,0.0,0.0,146.0,6.0,1.4147305787879207,0.0,32.0,73.3076923076923,0.0,0.0,0.0,0.0,64.0,272.0,14.0,22,0,0.5444078947368421,5.416025603080496,714.0,0.0,0.0,0.0,0.0,1
706.0,4.0,0.5131009118171128,0.0,0.0,0.0,0.0,0.0,44.0,3.0,0.8932239510140858,0.0,0.0,92.16666666666669,0.0,0.0,0.0,0.0,32.0,140.0,18.0,22,0,0.5444078947368421,6.403124237424276,711.5,0.0,0.0,0.0,0.0,1
708.0,4.0,0.7821330026682223,0.0,0.0,0.0,0.0,0.0,50.0,4.0,1.2095740040780258,0.0,32.0,99.9,0.0,0.0,0.0,0.0,160.0,1280.0,26.0,23,0,0.5444078947368421,5.8878405775425735,712.0,0.0,0.0,0.0,0.0,1
712.0,4.0,1.1261926617456277,0.0,0.0,0.0,0.0,0.0,16.0,1.0,-1.000088900581841e-12,0.0,0.0,100.0,0.0,0.0,0.0,0.0,192.0,690.0,46.0,23,0,0.5444078947368421,4.43471156520431,710.5,0.0,0.0,0.0,0.0,1
700.0,1.0,-1.000088900581841e-12,0.0,0.0,0.0,0.0,0.0,2.0,1.0,-1.000088900581841e-12,0.0,0.0,100.0,0.0,0.0,0.0,0.0,0.0,0.0,0.0,0,0,0.5444078947368421,4.999999999989004,706.5,0.0,0.0,0.0,0.0,1
420.0,2.0,0.0302129656647758,0.0,0.0,0.0,0.0,0.0,10.0,2.0,0.6730116670072565,0.0,32.0,100.0,0.0,0.0,0.0,0.0,96.0,0.0,10.0,0,0,0.5444078947368421,143.42012875929663,635.0,0.0,0.0,0.0,0.0,1
718.0,1.0,-1.000088900581841e-12,0.0,0.0,0.0,0.0,0.0,8.0,2.0,0.6931471805579453,0.0,0.0,100.0,0.0,0.0,0.0,0.0,0.0,0.0,0.0,1,0,0.5444078947368421,145.19297503667278,637.5,0.0,0.0,0.0,0.0,1
716.0,1.0,-1.000088900581841e-12,0.0,0.0,0.0,0.0,0.0,6.0,2.0,0.6365141682928128,0.0,0.0,100.0,0.0,0.0,0.0,0.0,0.0,0.0,0.0,1,0,0.5444078947368421,145.88922738388382,638.5,0.0,0.0,0.0,0.0,1
0.0,0.0,0.0,0.0,0.0,0.0,0.0,0.0,10.0,2.0,0.6730116670072565,0.0,0.0,100.0,0.0,0.0,0.0,0.0,0.0,0.0,0.0,2,0,0.5444078947368421,339.23983649722885,463.5,0.0,0.0,0.0,0.0,1
210.0,1.0,-1.000088900581841e-12,0.0,0.0,0.0,0.0,0.0,76.0,8.0,1.627693403513956,0.0,0.0,99.82608695652172,0.0,0.0,0.0,0.0,190.0,96.0,46.0,2,0,0.5444078947368421,363.591345698253,411.0,0.0,0.0,0.0,0.0,1
708.0,7.0,0.7613937028160387,0.0,0.0,0.0,0.0,0.0,18.0,6.0,1.6769877743164172,0.0,0.0,95.91666666666669,0.0,0.0,0.0,0.0,0.0,1758.0,0.0,3,0,0.5444078947368421,360.80049889100746,408.5,0.0,0.0,0.0,0.0,1
698.0,1.0,-1.000088900581841e-12,0.0,0.0,0.0,0.0,0.0,40.0,7.0,1.56718085482599,0.0,34.0,83.5,0.0,0.0,0.0,0.0,168.0,14.0,8.0,8,1,0.5444078947368421,153.1045394493576,629.5,0.0,0.0,0.0,0.0,1
698.0,4.0,1.0512911512497023,0.0,0.0,0.0,0.0,0.0,40.0,6.0,1.6094379124281004,0.0,0.0,94.68,0.0,0.0,0.0,0.0,204.0,2298.0,26.0,8,1,0.5444078947368421,6.928203230267807,704.0,0.0,0.0,0.0,0.0,1
714.0,1.0,-1.000088900581841e-12,0.0,0.0,0.0,0.0,0.0,14.0,4.0,1.277034259462139,0.0,0.0,95.5,0.0,0.0,0.0,28.0,34.0,4.0,10.0,9,1,0.5444078947368421,7.549834435263683,703.5,0.0,0.0,0.0,0.0,1
674.0,1.0,-1.000088900581841e-12,0.0,0.0,0.0,0.0,0.0,66.0,5.0,1.0577323122505118,0.0,0.0,94.5,0.0,0.0,0.0,0.0,0.0,0.0,0.0,10,1,0.5444078947368421,16.99999999999687,697.5,0.0,0.0,0.0,0.0,1
82.0,1.0,-1.000088900581841e-12,0.0,0.0,0.0,0.0,0.0,24.0,3.0,0.7214636866895116,0.0,0.0,94.0,34.0,0.0,0.0,0.0,0.0,0.0,0.0,10,1,0.5444078947368421,308.13579257636815,543.5,0.0,0.0,0.0,0.0,1
0.0,0.0,0.0,0.0,0.0,0.0,0.0,0.0,34.0,5.0,1.4669071049072544,0.0,0.0,93.16666666666669,34.0,0.0,0.0,0.0,0.0,0.0,0.0,11,1,0.5444078947368421,378.8451750605603,367.5,0.0,0.0,0.0,0.0,1
0.0,0.0,0.0,0.0,0.0,0.0,0.0,0.0,8.0,1.0,-1.000088900581841e-12,0.0,0.0,92.33333333333331,0.0,0.0,0.0,0.0,0.0,0.0,0.0,11,1,0.5444078947368421,325.63578836894845,189.0,0.0,0.0,0.0,0.0,1
634.0,5.0,0.7200850696122307,0.0,0.0,0.0,0.0,0.0,70.0,7.0,1.420186645373449,0.0,0.0,90.7,0.0,0.0,0.0,0.0,102.0,1456.0,12.0,12,1,0.5444078947368421,305.7864178365894,179.0,0.0,0.0,0.0,0.0,1
684.0,1.0,-1.000088900581841e-12,0.0,0.0,0.0,0.0,0.0,4.0,1.0,-1.000088900581841e-12,0.0,0.0,88.0,0.0,0.0,0.0,0.0,68.0,0.0,0.0,12,1,0.5444078947368421,381.02099679676434,329.5,0.0,0.0,0.0,0.0,1
716.0,3.0,0.5555130833764824,0.0,0.0,0.0,0.0,0.0,28.0,3.0,0.796311640170813,0.0,0.0,85.0,0.0,0.0,0.0,0.0,34.0,116.0,16.0,13,1,0.5444078947368421,340.6753097403253,508.5,0.0,0.0,0.0,0.0,1
700.0,1.0,-1.000088900581841e-12,0.0,0.0,0.0,0.0,0.0,2.0,1.0,-1.000088900581841e-12,0.0,0.0,82.33333333333333,0.0,0.0,0.0,0.0,34.0,0.0,0.0,13,1,0.5444078947368421,35.49178308660428,683.5,0.0,0.0,0.0,0.0,1
132.0,1.0,-1.000088900581841e-12,0.0,0.0,0.0,0.0,0.0,0.0,0.0,0.0,0.0,0.0,80.5,0.0,0.0,0.0,0.0,0.0,0.0,0.0,14,1,0.5444078947368421,284.3003107044848,558.0,0.0,0.0,0.0,0.0,1
124.0,3.0,0.570391249479564,0.0,0.0,0.0,0.0,0.0,128.0,5.0,1.2530872067880656,0.0,0.0,77.6,0.0,0.0,0.0,0.0,34.0,748.0,18.0,14,1,0.5444078947368421,334.9427811830949,418.0,0.0,0.0,0.0,0.0,1
676.0,1.0,-1.000088900581841e-12,0.0,0.0,0.0,0.0,0.0,44.0,2.0,0.3046360973472382,0.0,0.0,72.33333333333333,0.0,0.0,0.0,0.0,0.0,0.0,0.0,15,1,0.5444078947368421,322.8802667656643,407.5,0.0,0.0,0.0,0.0,1
332.0,1.0,-1.000088900581841e-12,0.0,0.0,0.0,0.0,0.0,22.0,3.0,1.0361987848162837,0.0,0.0,70.5,30.0,0.0,0.0,0.0,0.0,0.0,0.0,16,1,0.5444078947368421,278.4211438331027,457.5,0.0,0.0,0.0,0.0,1
0.0,0.0,0.0,0.0,0.0,0.0,0.0,0.0,48.0,2.0,0.2868359830541607,0.0,0.0,68.16666666666667,0.0,0.0,0.0,0.0,0.0,0.0,0.0,16,1,0.5444078947368421,330.0479763105155,426.5,0.0,0.0,0.0,0.0,1
664.0,3.0,0.0409766075521224,0.0,0.0,0.0,0.0,0.0,14.0,4.0,1.351783994285646,0.0,0.0,65.33333333333333,0.0,0.0,0.0,0.0,68.0,36.0,20.0,17,1,0.5444078947368421,321.0399767422534,418.0,0.0,0.0,0.0,0.0,1
714.0,5.0,1.2809728591176723,0.0,0.0,0.0,0.0,0.0,152.0,8.0,1.6265829777983043,0.0,0.0,73.76,0.0,0.0,0.0,0.0,238.0,2376.0,50.0,18,1,0.5444078947368421,348.7386796251121,522.0,0.0,0.0,0.0,0.0,1
706.0,4.0,1.108700244411509,0.0,0.0,0.0,40.0,0.0,68.0,4.0,0.9279159221635664,0.0,0.0,80.875,0.0,0.0,0.0,0.0,68.0,550.0,14.0,18,1,0.5444078947368421,23.23072677869957,698.5,0.0,0.0,20.0,10.0,1
708.0,2.0,0.5638815436614091,0.0,0.0,0.0,0.0,0.0,10.0,3.0,1.054920167983144,0.0,0.0,79.2,0.0,0.0,0.0,0.0,34.0,544.0,18.0,19,1,0.5444078947368421,3.4156502553085053,709.5,0.0,0.0,20.0,10.0,1
702.0,6.0,1.0232532093228934,0.0,0.0,0.0,0.0,0.0,68.0,6.0,1.6105390567483462,0.0,0.0,77.16666666666667,0.0,0.0,0.0,0.0,146.0,1592.0,32.0,19,1,0.5444078947368421,4.999999999992246,707.5,0.0,0.0,20.0,10.0,1
700.0,1.0,-1.000088900581841e-12,0.0,0.0,0.0,0.0,0.0,14.0,2.0,0.410116318286409,0.0,0.0,75.33333333333333,0.0,0.0,0.0,0.0,40.0,0.0,0.0,20,1,0.5444078947368421,3.651483716690509,704.0,0.0,0.0,20.0,10.0,1
712.0,7.0,1.6475038166522031,0.0,0.0,0.0,0.0,0.0,98.0,8.0,1.429068981932661,0.0,0.0,72.22222222222223,0.0,0.0,0.0,38.0,650.0,6746.0,152.0,20,1,0.5444078947368421,5.50757054727907,705.5,0.0,0.0,0.0,0.0,1
712.0,6.0,0.9582216703643718,0.0,0.0,0.0,0.0,0.0,40.0,4.0,0.914285581463099,0.0,0.0,68.33333333333333,0.0,0.0,0.0,0.0,294.0,2170.0,130.0,21,0,0.5444078947368421,6.403124237426803,706.5,0.0,0.0,0.0,0.0,1
706.0,6.0,1.2479579658852635,0.0,0.0,0.0,0.0,0.0,54.0,6.0,1.3726715333174555,0.0,0.0,65.125,0.0,0.0,0.0,0.0,294.0,2382.0,104.0,21,0,0.5444078947368421,5.74456264653129,707.5,0.0,0.0,0.0,0.0,1
714.0,7.0,0.9881745296022136,0.0,0.0,0.0,0.0,0.0,86.0,4.0,1.0490264333561905,0.0,0.0,59.208333333333336,0.0,0.0,0.0,0.0,84.0,724.0,40.0,22,0,0.5444078947368421,3.46410161512658,711.0,0.0,0.0,0.0,0.0,1
706.0,6.0,0.6637568504612416,0.0,0.0,0.0,0.0,0.0,24.0,4.0,1.126928794796676,0.0,0.0,49.46666666666667,0.0,0.0,0.0,0.0,0.0,3552.0,0.0,22,0,0.5444078947368421,4.123105625608265,709.5,0.0,0.0,0.0,0.0,1
714.0,4.0,1.150434050952188,0.0,0.0,0.0,0.0,0.0,126.0,5.0,1.0320511225439586,0.0,0.0,40.52941176470589,0.0,0.0,0.0,0.0,416.0,6088.0,76.0,23,0,0.5444078947368421,4.618802153508621,710.0,0.0,0.0,0.0,0.0,1
716.0,7.0,1.5544538064592852,0.0,0.0,0.0,0.0,0.0,62.0,7.0,1.6178268461588403,0.0,0.0,34.391304347826086,0.0,0.0,0.0,0.0,84.0,14772.0,30.0,23,0,0.5444078947368421,4.434711565207946,712.5,0.0,0.0,0.0,0.0,1
704.0,11.0,1.7365293941775448,0.0,0.0,0.0,0.0,0.0,66.0,7.0,1.6471026151670298,0.0,0.0,27.0,0.0,0.0,0.0,0.0,446.0,3952.0,74.0,0,0,0.5444078947368421,5.887840577545313,710.0,0.0,0.0,0.0,0.0,1
704.0,2.0,0.0490972616340192,0.0,0.0,0.0,0.0,0.0,146.0,4.0,0.970024414718926,0.0,48.0,41.40909090909091,0.0,34.0,38.0,0.0,144.0,202.0,48.0,0,0,0.5444078947368421,6.403124237426795,709.5,0.0,0.0,0.0,0.0,1
706.0,1.0,-1.000088900581841e-12,0.0,0.0,0.0,0.0,0.0,66.0,2.0,0.1357939587495938,0.0,0.0,75.63333333333334,0.0,0.0,0.0,0.0,0.0,0.0,0.0,1,0,0.5444078947368421,5.74456264653128,707.5,0.0,0.0,0.0,0.0,1
170.0,1.0,-1.000088900581841e-12,0.0,0.0,0.0,0.0,0.0,28.0,2.0,0.410116318286409,0.0,0.0,94.76666666666668,0.0,0.0,0.0,0.0,0.0,0.0,0.0,1,0,0.5444078947368421,267.33499583855445,571.0,0.0,0.0,0.0,0.0,1
0.0,0.0,0.0,0.0,0.0,0.0,0.0,0.0,4.0,1.0,-1.000088900581841e-12,0.0,0.0,100.0,0.0,0.0,0.0,0.0,0.0,0.0,0.0,2,0,0.5444078947368421,364.624007254962,395.0,0.0,0.0,0.0,0.0,1
0.0,0.0,0.0,0.0,0.0,0.0,0.0,0.0,4.0,1.0,-1.000088900581841e-12,0.0,0.0,100.0,0.0,0.0,0.0,0.0,0.0,0.0,0.0,2,0,0.5444078947368421,334.41092486141446,219.0,0.0,0.0,0.0,0.0,1
0.0,0.0,0.0,0.0,0.0,0.0,0.0,0.0,4.0,1.0,-1.000088900581841e-12,0.0,0.0,100.0,0.0,0.0,0.0,0.0,0.0,0.0,0.0,3,0,0.5444078947368421,84.99999999999935,42.5,0.0,0.0,0.0,0.0,1
0.0,0.0,0.0,0.0,0.0,0.0,0.0,0.0,0.0,0.0,0.0,0.0,0.0,100.0,0.0,0.0,0.0,0.0,0.0,0.0,0.0,3,0,0.5444078947368421,0.0,0.0,0.0,0.0,0.0,0.0,1
0.0,0.0,0.0,0.0,0.0,0.0,0.0,0.0,4.0,1.0,-1.000088900581841e-12,0.0,0.0,100.0,0.0,0.0,0.0,0.0,0.0,0.0,0.0,4,0,0.5444078947368421,0.0,0.0,0.0,0.0,0.0,0.0,1
0.0,0.0,0.0,0.0,0.0,0.0,0.0,0.0,6.0,2.0,0.6365141682928128,0.0,0.0,100.0,0.0,0.0,0.0,0.0,0.0,0.0,0.0,4,0,0.5444078947368421,0.0,0.0,0.0,0.0,0.0,0.0,1
0.0,0.0,0.0,0.0,0.0,0.0,0.0,0.0,4.0,1.0,-1.000088900581841e-12,0.0,0.0,100.0,0.0,0.0,0.0,0.0,0.0,0.0,0.0,5,0,0.5444078947368421,0.0,0.0,0.0,0.0,0.0,0.0,1
0.0,0.0,0.0,0.0,0.0,0.0,0.0,0.0,14.0,4.0,1.351783994285646,0.0,0.0,100.0,0.0,0.0,0.0,0.0,0.0,0.0,0.0,5,0,0.5444078947368421,0.0,0.0,0.0,0.0,0.0,0.0,1
0.0,0.0,0.0,0.0,0.0,0.0,0.0,0.0,10.0,3.0,1.054920167983144,0.0,0.0,100.0,0.0,0.0,0.0,0.0,0.0,0.0,0.0,6,0,0.5444078947368421,0.0,0.0,0.0,0.0,0.0,0.0,1
234.0,3.0,0.5442256024097343,0.0,0.0,0.0,0.0,0.0,38.0,6.0,1.6489915882884807,0.0,0.0,99.96,0.0,0.0,0.0,0.0,96.0,0.0,0.0,6,0,0.5444078947368421,116.99999999999952,58.5,0.0,0.0,0.0,0.0,1
710.0,8.0,1.7413171563116123,0.0,0.0,0.0,0.0,0.0,150.0,9.0,1.9317977290432868,0.0,0.0,95.9090909090909,0.0,0.0,0.0,42.0,526.0,1810.0,114.0,7,0,0.5444078947368421,334.6998655512127,236.0,0.0,0.0,0.0,0.0,1
714.0,10.0,1.8725478980275128,0.0,0.0,0.0,0.0,0.0,78.0,7.0,1.5312631287458105,0.0,0.0,91.6153846153846,0.0,0.0,0.0,0.0,526.0,2806.0,90.0,7,0,0.5444078947368421,356.5627574495125,414.5,0.0,0.0,0.0,0.0,1
686.0,8.0,1.0984207418753382,0.0,0.0,0.0,0.0,0.0,64.0,6.0,1.5589764664360324,0.0,0.0,87.42857142857143,0.0,0.0,0.0,0.0,288.0,1578.0,52.0,8,1,0.5444078947368421,234.99219845206187,586.0,0.0,0.0,0.0,0.0,1
714.0,3.0,0.4180544003732171,0.0,0.0,0.0,0.0,0.0,32.0,7.0,1.6674619334222949,0.0,0.0,83.85714285714286,0.0,0.0,0.0,0.0,100.0,1626.0,48.0,8,1,0.5444078947368421,13.466006584478684,706.0,0.0,0.0,0.0,0.0,1
712.0,2.0,0.6807234699368505,0.0,0.0,0.0,0.0,0.0,48.0,4.0,0.918343312127288,0.0,0.0,81.33333333333333,0.0,0.0,0.0,0.0,150.0,376.0,14.0,9,1,0.5444078947368421,13.699148392018994,706.5,0.0,0.0,0.0,0.0,1
716.0,2.0,0.0192154609927474,0.0,0.0,0.0,0.0,0.0,44.0,5.0,1.2742599530154912,0.0,0.0,78.83333333333333,0.0,0.0,0.0,0.0,50.0,0.0,0.0,9,1,0.5444078947368421,14.09491634124008,707.0,0.0,0.0,0.0,0.0,1
718.0,1.0,-1.000088900581841e-12,0.0,0.0,0.0,0.0,0.0,22.0,4.0,1.1685184057390878,0.0,0.0,76.83333333333333,0.0,0.0,0.0,0.0,0.0,0.0,0.0,10,1,0.5444078947368421,2.5819888974503,715.0,0.0,0.0,0.0,0.0,1
364.0,4.0,0.7500130119090369,0.0,0.0,0.0,0.0,0.0,124.0,8.0,1.379292352953685,0.0,0.0,70.25,0.0,0.0,0.0,0.0,98.0,8452.0,38.0,11,1,0.5444078947368421,176.7814092789922,569.5,0.0,0.0,0.0,0.0,1
706.0,7.0,1.0375494163726202,0.0,0.0,0.0,0.0,0.0,106.0,7.0,1.5223929004805423,0.0,0.0,58.333333333333336,0.0,0.0,0.0,0.0,250.0,1684.0,62.0,12,1,0.5444078947368421,174.0689518552918,567.0,0.0,0.0,0.0,0.0,1
710.0,7.0,1.1676506011828292,0.0,0.0,0.0,0.0,0.0,250.0,9.0,1.7928103232715633,0.0,50.0,84.1304347826087,0.0,42.0,0.0,44.0,198.0,2676.0,80.0,13,1,0.5444078947368421,11.775681155099337,706.0,0.0,0.0,0.0,0.0,1
710.0,6.0,0.1697499301946596,0.0,0.0,0.0,0.0,0.0,958.0,9.0,0.213653672102511,0.0,0.0,90.6,0.0,0.0,0.0,0.0,0.0,356.0,0.0,14,1,0.5444078947368421,11.94431524477488,707.0,0.0,0.0,0.0,0.0,1
716.0,1.0,-1.000088900581841e-12,0.0,0.0,0.0,0.0,0.0,26.0,3.0,0.6870920273769716,0.0,0.0,68.33333333333333,0.0,0.0,0.0,0.0,0.0,0.0,0.0,16,1,0.5444078947368421,5.744562646528897,712.5,0.0,0.0,0.0,0.0,1
714.0,7.0,1.1411098015355967,0.0,0.0,0.0,0.0,0.0,356.0,9.0,1.0888493060278728,0.0,0.0,47.25,0.0,0.0,0.0,0.0,488.0,4294.0,138.0,18,1,0.5444078947368421,291.581320846632,556.5,0.0,0.0,0.0,0.0,1
716.0,4.0,0.7874033325674341,0.0,0.0,0.0,0.0,0.0,64.0,3.0,0.5115867519655877,0.0,0.0,39.4,0.0,0.0,0.0,0.0,112.0,6454.0,12.0,19,1,0.5444078947368421,12.701705922167964,709.0,0.0,0.0,0.0,0.0,1
714.0,2.0,0.4528082776943678,0.0,0.0,0.0,0.0,0.0,14.0,4.0,1.351783994285646,0.0,0.0,30.33333333333333,0.0,0.0,0.0,0.0,56.0,134.0,12.0,20,1,0.5444078947368421,12.369316876849076,708.5,0.0,0.0,0.0,0.0,1
708.0,5.0,1.0423158527777951,0.0,0.0,0.0,0.0,0.0,112.0,10.0,1.909374987459166,0.0,56.0,23.5,0.0,0.0,0.0,0.0,448.0,4440.0,128.0,21,0,0.5444078947368421,2.99999999998391,711.5,0.0,0.0,0.0,0.0,1
718.0,3.0,0.5549301153096338,0.0,0.0,0.0,0.0,0.0,60.0,4.0,0.6739150692304802,0.0,56.0,70.56666666666666,0.0,0.0,0.0,0.0,0.0,1050.0,0.0,22,0,0.5444078947368421,4.760952285685093,713.0,0.0,0.0,0.0,0.0,1
712.0,8.0,1.1776084149846486,0.0,0.0,0.0,0.0,0.0,160.0,9.0,1.6643691639364189,0.0,0.0,99.33333333333331,0.0,0.0,0.0,0.0,276.0,2252.0,88.0,23,0,0.5444078947368421,2.5166114784044065,715.5,0.0,0.0,0.0,0.0,1
350.0,1.0,-1.000088900581841e-12,0.0,0.0,0.0,0.0,0.0,4.0,1.0,-1.000088900581841e-12,0.0,0.0,98.33333333333331,44.0,0.0,0.0,0.0,0.0,0.0,0.0,0,0,0.5444078947368421,182.683697502906,624.0,0.0,0.0,0.0,0.0,1
0.0,0.0,0.0,0.0,0.0,0.0,0.0,0.0,4.0,1.0,-1.000088900581841e-12,0.0,0.0,96.33333333333331,50.0,0.0,0.0,0.0,0.0,0.0,0.0,1,0,0.5444078947368421,342.9616110684497,267.0,0.0,0.0,0.0,0.0,1
0.0,0.0,0.0,0.0,0.0,0.0,0.0,0.0,4.0,1.0,-1.000088900581841e-12,0.0,0.0,94.33333333333331,0.0,0.0,0.0,0.0,0.0,0.0,0.0,2,0,0.5444078947368421,0.0,0.0,0.0,0.0,0.0,0.0,1
0.0,0.0,0.0,0.0,0.0,0.0,0.0,0.0,24.0,4.0,1.2424533248900005,0.0,0.0,91.5,54.0,0.0,0.0,0.0,0.0,0.0,0.0,3,0,0.5444078947368421,0.0,0.0,0.0,0.0,0.0,0.0,1
0.0,0.0,0.0,0.0,0.0,0.0,0.0,0.0,0.0,0.0,0.0,0.0,0.0,89.0,0.0,0.0,0.0,0.0,0.0,0.0,0.0,4,0,0.5444078947368421,0.0,0.0,0.0,0.0,0.0,0.0,1
0.0,0.0,0.0,0.0,0.0,0.0,0.0,0.0,0.0,0.0,0.0,0.0,0.0,87.0,0.0,0.0,0.0,0.0,0.0,0.0,0.0,5,0,0.5444078947368421,0.0,0.0,0.0,0.0,0.0,0.0,1
0.0,0.0,0.0,0.0,0.0,0.0,0.0,0.0,0.0,0.0,0.0,0.0,0.0,85.16666666666667,0.0,0.0,0.0,0.0,0.0,0.0,0.0,6,0,0.5444078947368421,0.0,0.0,0.0,0.0,0.0,0.0,1
718.0,7.0,0.629490010404784,0.0,0.0,0.0,0.0,0.0,134.0,8.0,1.4311934144171192,0.0,0.0,93.55555555555556,0.0,0.0,0.0,0.0,222.0,1568.0,54.0,11,1,0.5444078947368421,1.9999999999774087,717.0,0.0,0.0,0.0,0.0,1
704.0,6.0,0.2341397201826034,0.0,0.0,0.0,0.0,0.0,182.0,6.0,0.7650905312888658,0.0,0.0,86.14285714285714,0.0,0.0,0.0,0.0,224.0,892.0,36.0,12,1,0.5444078947368421,5.972157622382067,711.5,0.0,0.0,0.0,0.0,1
718.0,6.0,1.431020789421907,0.0,0.0,0.0,0.0,0.0,76.0,5.0,1.2648667490291146,0.0,0.0,78.9090909090909,0.0,0.0,0.0,0.0,168.0,1340.0,44.0,13,1,0.5444078947368421,6.324555320329611,712.0,0.0,0.0,0.0,0.0,1
712.0,6.0,1.4460269293532684,0.0,0.0,0.0,0.0,0.0,116.0,6.0,1.6059709727259586,0.0,0.0,69.91666666666667,0.0,50.0,44.0,0.0,658.0,1952.0,170.0,14,1,0.5444078947368421,2.516611478405645,715.5,0.0,0.0,0.0,0.0,1
712.0,4.0,0.8493027587035138,0.0,0.0,0.0,0.0,0.0,60.0,7.0,1.5855428695375755,0.0,0.0,59.85714285714285,0.0,0.0,0.0,40.0,280.0,636.0,106.0,15,1,0.5444078947368421,2.516611478405645,712.5,0.0,0.0,0.0,0.0,1
658.0,1.0,-1.000088900581841e-12,0.0,0.0,0.0,0.0,0.0,26.0,6.0,1.7782333057937074,0.0,0.0,54.16666666666666,0.0,0.0,0.0,0.0,0.0,0.0,0.0,16,1,0.5444078947368421,27.874719729531098,699.5,0.0,0.0,0.0,0.0,1
710.0,6.0,1.1209912627584049,0.0,0.0,0.0,38.0,0.0,48.0,6.0,1.2326713884762266,0.0,0.0,44.55555555555556,0.0,0.0,0.0,0.0,172.0,5990.0,46.0,17,1,0.5444078947368421,27.874719729531098,699.5,0.0,0.0,19.0,9.5,1
708.0,10.0,1.8409745085728089,0.0,0.0,0.0,0.0,0.0,96.0,7.0,1.3572017062406545,0.0,0.0,35.1875,0.0,0.0,0.0,0.0,626.0,4754.0,110.0,18,1,0.5444078947368421,1.914854215489284,709.5,0.0,0.0,20.355179521029367,17.5,1
716.0,5.0,1.212723478968783,0.0,0.0,0.0,0.0,0.0,56.0,5.0,1.3505907321998003,0.0,0.0,29.625,0.0,0.0,0.0,46.0,478.0,2820.0,96.0,19,1,0.5444078947368421,3.999999999988797,710.0,0.0,0.0,16.0,8.0,1
706.0,4.0,0.8878991075914588,0.0,0.0,0.0,0.0,0.0,64.0,6.0,1.4974573757741902,0.0,56.0,29.357142857142858,0.0,0.0,0.0,0.0,240.0,984.0,38.0,20,1,0.5444078947368421,4.760952285685825,711.0,0.0,0.0,0.0,0.0,1
712.0,6.0,0.5538421444523575,0.0,0.0,0.0,0.0,0.0,42.0,3.0,0.6680178186577534,0.0,0.0,87.13333333333334,0.0,0.0,0.0,0.0,60.0,1974.0,16.0,21,0,0.5444078947368421,3.785938897188356,711.5,0.0,0.0,0.0,0.0,1
718.0,4.0,0.8730630289174621,0.0,0.0,0.0,0.0,0.0,38.0,3.0,0.8785250991241564,0.0,0.0,100.0,0.0,0.0,0.0,0.0,0.0,2466.0,0.0,22,0,0.5444078947368421,9.66091783078831,710.0,0.0,0.0,0.0,0.0,1
708.0,8.0,1.1724881568019905,0.0,0.0,0.0,0.0,0.0,58.0,7.0,1.699190533180056,0.0,0.0,99.78571428571428,0.0,46.0,44.0,0.0,432.0,4402.0,56.0,23,0,0.5444078947368421,9.98331942124346,709.5,0.0,0.0,0.0,0.0,1
414.0,1.0,-1.000088900581841e-12,0.0,0.0,0.0,0.0,0.0,14.0,2.0,0.5982695885832573,0.0,0.0,96.83333333333331,0.0,0.0,0.0,0.0,62.0,0.0,0.0,0,0,0.5444078947368421,149.71417211918595,638.5,0.0,0.0,0.0,0.0,1
300.0,5.0,0.4505118584213438,0.0,0.0,0.0,0.0,0.0,22.0,5.0,1.4681399390112084,0.0,0.0,94.125,0.0,0.0,0.0,0.0,184.0,466.0,44.0,1,0,0.5444078947368421,295.9881754394927,357.5,0.0,0.0,0.0,0.0,1
502.0,1.0,-1.000088900581841e-12,0.0,0.0,0.0,0.0,0.0,4.0,1.0,-1.000088900581841e-12,0.0,0.0,90.83333333333331,52.0,0.0,0.0,0.0,0.0,0.0,0.0,2,0,0.5444078947368421,303.9934209814415,379.0,0.0,0.0,0.0,0.0,1
0.0,0.0,0.0,0.0,0.0,0.0,0.0,0.0,4.0,1.0,-1.000088900581841e-12,0.0,0.0,88.66666666666667,58.0,0.0,0.0,0.0,0.0,0.0,0.0,3,0,0.5444078947368421,361.541145652884,304.0,0.0,0.0,0.0,0.0,1
0.0,0.0,0.0,0.0,0.0,0.0,0.0,0.0,0.0,0.0,0.0,0.0,0.0,86.5,0.0,0.0,0.0,0.0,0.0,0.0,0.0,4,0,0.5444078947368421,0.0,0.0,0.0,0.0,0.0,0.0,1
0.0,0.0,0.0,0.0,0.0,0.0,0.0,0.0,12.0,1.0,-1.000088900581841e-12,0.0,0.0,84.0,56.0,0.0,0.0,0.0,0.0,0.0,0.0,5,0,0.5444078947368421,0.0,0.0,0.0,0.0,0.0,0.0,1
0.0,0.0,0.0,0.0,0.0,0.0,0.0,0.0,0.0,0.0,0.0,0.0,0.0,82.0,0.0,0.0,0.0,0.0,0.0,0.0,0.0,6,0,0.5444078947368421,0.0,0.0,0.0,0.0,0.0,0.0,1
712.0,8.0,1.5792291059818688,0.0,0.0,0.0,0.0,0.0,60.0,8.0,1.854654393878931,0.0,0.0,77.0,0.0,0.0,0.0,0.0,310.0,5740.0,44.0,7,0,0.5444078947368421,335.6401843244239,237.5,0.0,0.0,0.0,0.0,1
704.0,7.0,1.3562072735374264,0.0,0.0,0.0,0.0,0.0,384.0,5.0,0.4394110694657713,0.0,0.0,58.1875,0.0,0.0,0.0,0.0,184.0,4664.0,70.0,9,1,0.5444078947368421,5.291502622120634,711.0,0.0,0.0,0.0,0.0,1
700.0,6.0,1.077828634388124,0.0,0.0,0.0,0.0,0.0,150.0,6.0,1.4628031768848364,0.0,62.0,53.80769230769231,0.0,0.0,0.0,0.0,600.0,3790.0,128.0,10,1,0.5444078947368421,6.608075867192828,707.5,0.0,0.0,0.0,0.0,1
716.0,4.0,0.6757339754911204,0.0,0.0,0.0,0.0,0.0,70.0,5.0,1.3803979701543387,0.0,0.0,97.03333333333332,0.0,0.0,0.0,0.0,122.0,2108.0,34.0,11,1,0.5444078947368421,8.06225774829294,711.5,0.0,0.0,0.0,0.0,1
710.0,5.0,1.2448812947156458,0.0,0.0,0.0,0.0,0.0,150.0,8.0,1.7765904699005202,0.0,0.0,99.07142857142856,0.0,40.0,54.0,0.0,496.0,444.0,90.0,12,1,0.5444078947368421,3.785938897188216,715.5,0.0,0.0,0.0,0.0,1
714.0,4.0,0.6327128820116142,0.0,0.0,0.0,0.0,0.0,118.0,5.0,1.301685456450199,0.0,0.0,89.33333333333333,0.0,0.0,0.0,0.0,668.0,4380.0,160.0,13,1,0.5444078947368421,3.265986323697027,714.0,0.0,0.0,0.0,0.0,1
714.0,2.0,0.0485286554040802,0.0,0.0,0.0,0.0,0.0,40.0,6.0,1.2968441295072073,0.0,0.0,83.0,0.0,0.0,0.0,0.0,124.0,108.0,20.0,14,1,0.5444078947368421,1.9999999999773288,713.0,0.0,0.0,0.0,0.0,1
712.0,2.0,0.0616067104707896,0.0,0.0,0.0,0.0,0.0,38.0,6.0,1.4658712232264763,0.0,0.0,77.0,0.0,0.0,0.0,0.0,180.0,792.0,4.0,15,1,0.5444078947368421,3.415650255306597,713.5,0.0,0.0,0.0,0.0,1
660.0,3.0,0.6025765721111946,0.0,0.0,0.0,0.0,0.0,24.0,4.0,1.2860573368703792,0.0,0.0,69.1,0.0,0.0,0.0,0.0,124.0,2596.0,40.0,16,1,0.5444078947368421,27.147743920994788,700.5,0.0,0.0,0.0,0.0,1
702.0,6.0,1.198986494562059,0.0,0.0,0.0,0.0,0.0,134.0,11.0,1.7195840957074606,0.0,62.0,76.42857142857143,0.0,0.0,0.0,0.0,498.0,1916.0,30.0,17,1,0.5444078947368421,24.785748593359905,696.5,0.0,0.0,0.0,0.0,1
704.0,1.0,-1.000088900581841e-12,0.0,0.0,0.0,0.0,0.0,18.0,5.0,1.4270610433757247,0.0,0.0,100.0,0.0,0.0,0.0,0.0,64.0,0.0,0.0,18,1,0.5444078947368421,4.760952285685661,705.0,0.0,0.0,0.0,0.0,1
704.0,3.0,0.1433837359076836,0.0,0.0,0.0,0.0,0.0,22.0,4.0,1.2882523050189003,0.0,0.0,96.83333333333331,0.0,0.0,0.0,56.0,184.0,352.0,20.0,19,1,0.5444078947368421,3.4641016151245942,705.0,0.0,0.0,0.0,0.0,1
704.0,2.0,0.2337916587044593,0.0,0.0,0.0,0.0,0.0,34.0,3.0,0.7529746827628886,0.0,0.0,92.42857142857144,0.0,0.0,0.0,0.0,184.0,134.0,54.0,20,1,0.5444078947368421,2.828427124730072,706.0,0.0,0.0,0.0,0.0,1
350.0,1.0,-1.000088900581841e-12,0.0,0.0,0.0,0.0,0.0,0.0,0.0,0.0,0.0,0.0,90.5,0.0,0.0,0.0,0.0,64.0,0.0,0.0,21,0,0.5444078947368421,177.0075327963942,615.5,0.0,0.0,0.0,0.0,1
714.0,5.0,1.3195703744521383,0.0,0.0,0.0,0.0,0.0,72.0,3.0,0.9950269901765214,0.0,0.0,86.55,0.0,0.0,0.0,46.0,498.0,854.0,76.0,22,0,0.5444078947368421,170.48460341039572,600.5,0.0,0.0,0.0,0.0,1
712.0,1.0,-1.000088900581841e-12,0.0,0.0,0.0,0.0,0.0,4.0,1.0,-1.000088900581841e-12,0.0,0.0,73.93333333333334,0.0,0.0,0.0,0.0,0.0,102.0,0.0,23,0,0.5444078947368421,37.25139818404909,691.5,0.0,0.0,0.0,0.0,1
0.0,0.0,0.0,0.0,0.0,0.0,0.0,0.0,6.0,1.0,-1.000088900581841e-12,0.0,0.0,56.86666666666667,0.0,0.0,0.0,0.0,0.0,0.0,0.0,0,0,0.5444078947368421,343.69560175636025,513.0,0.0,0.0,0.0,0.0,1
208.0,5.0,0.5057410501702537,0.0,0.0,0.0,0.0,0.0,52.0,3.0,0.9632492517513758,0.0,0.0,40.48,0.0,0.0,0.0,0.0,320.0,864.0,122.0,1,0,0.5444078947368421,299.8199459675755,211.0,0.0,0.0,0.0,0.0,1
682.0,5.0,0.9749365576698104,0.0,0.0,0.0,0.0,0.0,70.0,7.0,1.6597814983587422,0.0,0.0,95.0,0.0,0.0,0.0,52.0,602.0,1336.0,150.0,6,0,0.5444078947368421,369.7724525524672,375.5,0.0,0.0,0.0,0.0,1
710.0,9.0,1.80370022257646,0.0,0.0,0.0,0.0,0.0,118.0,6.0,1.3714591726680243,0.0,0.0,88.7,0.0,52.0,52.0,0.0,406.0,5396.0,104.0,7,0,0.5444078947368421,14.27118308573571,702.5,0.0,0.0,0.0,0.0,1
580.0,1.0,-1.000088900581841e-12,0.0,0.0,0.0,0.0,0.0,8.0,3.0,1.039720770836918,0.0,0.0,73.83333333333333,66.0,0.0,0.0,0.0,0.0,0.0,0.0,9,1,0.5444078947368421,68.33983708886973,682.5,0.0,0.0,0.0,0.0,1
712.0,5.0,0.7838012335572091,0.0,0.0,0.0,0.0,0.0,144.0,5.0,0.8959341563329795,0.0,0.0,65.46153846153847,0.0,0.0,0.0,0.0,202.0,3208.0,48.0,10,1,0.5444078947368421,159.28590647009523,597.0,0.0,0.0,0.0,0.0,1
690.0,4.0,0.5120110878435976,0.0,0.0,0.0,0.0,0.0,56.0,7.0,1.6198051137196077,0.0,0.0,57.333333333333336,0.0,0.0,0.0,0.0,70.0,1292.0,22.0,11,1,0.5444078947368421,164.02743672934696,623.5,0.0,0.0,0.0,0.0,1
714.0,4.0,0.3060528473985605,0.0,0.0,0.0,0.0,0.0,16.0,4.0,1.2130075659759043,0.0,0.0,46.333333333333336,0.0,0.0,0.0,0.0,70.0,812.0,20.0,12,1,0.5444078947368421,11.704699910716169,707.5,0.0,0.0,0.0,0.0,1
712.0,3.0,0.4480446277565686,0.0,0.0,0.0,0.0,0.0,80.0,5.0,0.6221582901292046,0.0,70.0,52.23076923076923,0.0,0.0,0.0,0.0,140.0,2480.0,22.0,13,1,0.5444078947368421,21.354156504060743,702.0,0.0,0.0,0.0,0.0,1
718.0,5.0,1.358896175872356,0.0,0.0,0.0,0.0,0.0,58.0,5.0,1.52401633323885,0.0,0.0,96.72727272727272,0.0,56.0,0.0,0.0,418.0,280.0,64.0,14,1,0.5444078947368421,23.173260452511204,704.5,0.0,0.0,0.0,0.0,1
100.0,4.0,0.6607661340428553,0.0,0.0,0.0,0.0,0.0,70.0,10.0,2.126693189018993,0.0,0.0,87.66666666666667,0.0,0.0,0.0,0.0,4.0,538.0,2.0,15,1,0.5444078947368421,308.3390990451907,562.5,0.0,0.0,0.0,0.0,1
716.0,3.0,0.7831315479970675,0.0,0.0,0.0,0.0,0.0,16.0,4.0,1.320888343145322,0.0,0.0,63.45454545454545,0.0,0.0,0.0,0.0,2.0,76.0,2.0,17,1,0.5444078947368421,9.660917830788268,708.0,0.0,0.0,0.0,0.0,1
718.0,1.0,-1.000088900581841e-12,0.0,0.0,0.0,0.0,0.0,14.0,4.0,1.277034259462139,0.0,0.0,54.11111111111112,0.0,0.0,0.0,0.0,0.0,56.0,0.0,18,1,0.5444078947368421,3.785938897188248,715.5,0.0,0.0,0.0,0.0,1
714.0,3.0,1.0540886225338395,0.0,0.0,0.0,0.0,0.0,58.0,4.0,1.0600879170823962,0.0,0.0,47.36363636363637,0.0,0.0,0.0,2.0,2.0,8.0,2.0,19,1,0.5444078947368421,2.9999999999849365,715.5,0.0,0.0,0.0,0.0,1
656.0,10.0,1.4357435757898045,0.0,0.0,0.0,0.0,0.0,190.0,11.0,1.7529457654447025,0.0,4.0,57.72,0.0,4.0,4.0,0.0,6.0,1108.0,2.0,20,1,0.5444078947368421,28.04757862394856,698.0,0.0,0.0,0.0,0.0,1
650.0,8.0,1.7093917702600236,0.0,0.0,0.0,0.0,0.0,112.0,7.0,1.6362016569730478,0.0,0.0,91.52941176470588,0.0,0.0,4.0,4.0,32.0,1036.0,22.0,21,0,0.5444078947368421,30.87069808086481,679.5,0.0,0.0,0.0,0.0,1
704.0,11.0,1.5076234370404826,0.0,0.0,0.0,0.0,0.0,118.0,6.0,1.5352863478931011,0.0,0.0,85.25,0.0,4.0,0.0,4.0,32.0,2352.0,28.0,22,0,0.5444078947368421,27.446918466983576,691.0,0.0,0.0,0.0,0.0,1
716.0,1.0,-1.000088900581841e-12,0.0,0.0,0.0,0.0,0.0,0.0,0.0,0.0,0.0,0.0,81.0,0.0,0.0,0.0,0.0,0.0,0.0,0.0,23,0,0.5444078947368421,5.999999999992499,711.0,0.0,0.0,0.0,0.0,1
0.0,0.0,0.0,0.0,0.0,0.0,0.0,0.0,0.0,0.0,0.0,0.0,0.0,79.5,0.0,0.0,0.0,0.0,0.0,0.0,0.0,0,0,0.5444078947368421,350.82141705811887,429.5,0.0,0.0,0.0,0.0,1
0.0,0.0,0.0,0.0,0.0,0.0,0.0,0.0,12.0,1.0,-1.000088900581841e-12,0.0,0.0,77.0,0.0,0.0,0.0,0.0,0.0,0.0,0.0,1,0,0.5444078947368421,142.9999999999997,71.5,0.0,0.0,0.0,0.0,1
0.0,0.0,0.0,0.0,0.0,0.0,0.0,0.0,0.0,0.0,0.0,0.0,0.0,74.83333333333333,0.0,0.0,0.0,0.0,0.0,0.0,0.0,2,0,0.5444078947368421,0.0,0.0,0.0,0.0,0.0,0.0,1
0.0,0.0,0.0,0.0,0.0,0.0,0.0,0.0,0.0,0.0,0.0,0.0,0.0,71.5,0.0,0.0,0.0,0.0,0.0,0.0,0.0,3,0,0.5444078947368421,0.0,0.0,0.0,0.0,0.0,0.0,1
0.0,0.0,0.0,0.0,0.0,0.0,0.0,0.0,0.0,0.0,0.0,0.0,0.0,68.33333333333333,0.0,0.0,0.0,0.0,0.0,0.0,0.0,4,0,0.5444078947368421,0.0,0.0,0.0,0.0,0.0,0.0,1
0.0,0.0,0.0,0.0,0.0,0.0,0.0,0.0,0.0,0.0,0.0,0.0,0.0,65.66666666666667,0.0,0.0,0.0,0.0,0.0,0.0,0.0,5,0,0.5444078947368421,0.0,0.0,0.0,0.0,0.0,0.0,1
0.0,0.0,0.0,0.0,0.0,0.0,0.0,0.0,34.0,3.0,0.7086880282155834,0.0,0.0,63.5,0.0,0.0,0.0,0.0,0.0,0.0,0.0,6,0,0.5444078947368421,0.0,0.0,0.0,0.0,0.0,0.0,1
706.0,9.0,1.894992235491905,0.0,0.0,0.0,0.0,0.0,112.0,12.0,2.133926322383204,0.0,0.0,58.6875,0.0,4.0,4.0,4.0,28.0,982.0,10.0,7,0,0.5444078947368421,332.8142625148947,236.0,0.0,0.0,0.0,0.0,1
714.0,2.0,0.5521109416202145,0.0,0.0,0.0,0.0,0.0,66.0,4.0,0.9254261143211115,0.0,0.0,39.0,0.0,0.0,0.0,0.0,4.0,564.0,4.0,9,1,0.5444078947368421,5.507570547277288,710.5,0.0,0.0,0.0,0.0,1
700.0,4.0,0.6289107423708014,0.0,0.0,0.0,0.0,0.0,282.0,7.0,1.0087772261945285,0.0,0.0,29.466666666666665,0.0,0.0,0.0,0.0,28.0,1510.0,4.0,10,1,0.5444078947368421,7.724420150831365,708.5,0.0,0.0,0.0,0.0,1
694.0,10.0,1.4864332367204125,0.0,0.0,0.0,0.0,0.0,140.0,10.0,1.4451721563335962,0.0,4.0,19.058823529411764,0.0,0.0,0.0,0.0,4.0,1946.0,2.0,11,1,0.5444078947368421,33.96076167186531,687.0,0.0,0.0,0.0,0.0,1
696.0,9.0,1.583830761686768,0.0,0.0,0.0,0.0,0.0,300.0,7.0,1.5347284435322317,0.0,4.0,62.11111111111112,0.0,0.0,0.0,0.0,24.0,1684.0,12.0,12,1,0.5444078947368421,31.28364855106529,684.0,0.0,0.0,0.0,0.0,1
718.0,1.0,-1.000088900581841e-12,0.0,0.0,0.0,0.0,0.0,32.0,3.0,0.7774621319079289,0.0,0.0,95.8,0.0,0.0,0.0,0.0,4.0,0.0,0.0,13,1,0.5444078947368421,9.291573243172303,708.5,0.0,0.0,0.0,0.0,1
718.0,5.0,0.7883555704290708,0.0,0.0,0.0,0.0,0.0,142.0,6.0,1.3496628572357534,0.0,0.0,99.4,0.0,4.0,4.0,0.0,16.0,192.0,2.0,14,1,0.5444078947368421,3.4641016151236346,715.0,0.0,0.0,0.0,0.0,1
706.0,8.0,1.1228833420947857,0.0,0.0,0.0,0.0,0.0,190.0,10.0,1.5313527265691529,0.0,0.0,86.1,0.0,0.0,0.0,0.0,18.0,1178.0,14.0,15,1,0.5444078947368421,5.291502622119948,713.0,0.0,0.0,0.0,0.0,1
716.0,2.0,0.6000880428147586,0.0,0.0,0.0,0.0,0.0,202.0,6.0,1.3823590486597712,0.0,0.0,79.0,0.0,0.0,0.0,0.0,18.0,18.0,14.0,16,1,0.5444078947368421,4.898979485556383,712.0,0.0,0.0,0.0,0.0,1
714.0,4.0,0.794188626322122,0.0,0.0,0.0,0.0,0.0,74.0,6.0,1.315976380768927,0.0,0.0,71.75,0.0,0.0,6.0,6.0,36.0,836.0,8.0,17,1,0.5444078947368421,2.828427124728917,714.0,0.0,0.0,0.0,0.0,1
254.0,1.0,-1.000088900581841e-12,0.0,0.0,0.0,0.0,0.0,38.0,4.0,0.8976221848740435,0.0,0.0,67.5,0.0,0.0,0.0,0.0,6.0,0.0,0.0,18,1,0.5444078947368421,229.3585257480812,598.0,0.0,0.0,0.0,0.0,1
712.0,10.0,1.6114680779373003,0.0,0.0,0.0,0.0,0.0,118.0,6.0,1.3278137932127474,0.0,0.0,61.083333333333336,0.0,0.0,0.0,0.0,42.0,980.0,26.0,19,1,0.5444078947368421,220.48053580002605,582.5,0.0,0.0,0.0,0.0,1
694.0,11.0,1.6768778696193989,0.0,0.0,0.0,0.0,0.0,234.0,6.0,0.8449857594095784,0.0,0.0,52.3125,0.0,0.0,0.0,0.0,60.0,1946.0,22.0,20,1,0.5444078947368421,25.94866727470282,693.0,0.0,0.0,0.0,0.0,1
718.0,10.0,1.99279814350358,0.0,0.0,0.0,0.0,0.0,122.0,7.0,1.6384067916746603,0.0,0.0,41.588235294117645,0.0,6.0,6.0,0.0,48.0,1462.0,18.0,21,0,0.5444078947368421,10.878112581382515,709.5,0.0,0.0,0.0,0.0,1
718.0,3.0,0.379710512548327,0.0,0.0,0.0,0.0,0.0,44.0,4.0,1.162225544917092,0.0,0.0,40.0,0.0,0.0,0.0,0.0,42.0,248.0,14.0,22,0,0.5444078947368421,2.828427124728337,716.0,0.0,0.0,0.0,0.0,1
716.0,1.0,-1.000088900581841e-12,0.0,0.0,0.0,0.0,0.0,52.0,2.0,0.1630236294923659,0.0,0.0,79.96551724137932,0.0,0.0,0.0,0.0,0.0,10.0,0.0,23,0,0.5444078947368421,36.75141720623255,697.0,0.0,0.0,0.0,0.0,1
714.0,1.0,-1.000088900581841e-12,0.0,0.0,0.0,0.0,0.0,18.0,2.0,0.6869615765953234,0.0,0.0,100.0,0.0,0.0,0.0,0.0,0.0,0.0,0.0,0,0,0.5444078947368421,36.34556369077111,696.5,0.0,0.0,0.0,0.0,1
716.0,1.0,-1.000088900581841e-12,0.0,0.0,0.0,0.0,0.0,26.0,5.0,1.4180693652466905,0.0,0.0,70.0,0.0,0.0,0.0,0.0,0.0,0.0,0.0,8,1,0.5444078947368421,391.6529075597421,378.0,0.0,0.0,0.0,0.0,1
702.0,7.0,1.4669281580043387,0.0,0.0,0.0,0.0,0.0,190.0,9.0,1.4595920113930854,0.0,0.0,64.33333333333333,0.0,0.0,0.0,0.0,60.0,892.0,28.0,9,1,0.5444078947368421,200.77516446679007,611.0,0.0,0.0,0.0,0.0,1
716.0,1.0,-1.000088900581841e-12,0.0,0.0,0.0,0.0,0.0,8.0,1.0,-1.000088900581841e-12,0.0,0.0,55.16666666666666,0.0,0.0,0.0,0.0,0.0,0.0,0.0,10,1,0.5444078947368421,196.33305036765103,604.0,0.0,0.0,0.0,0.0,1
0.0,0.0,0.0,0.0,0.0,0.0,0.0,0.0,8.0,1.0,-1.000088900581841e-12,0.0,0.0,95.5,0.0,0.0,0.0,0.0,0.0,0.0,0.0,1,0,0.5444078947368421,303.5671260199298,408.5,0.0,0.0,0.0,0.0,1
0.0,0.0,0.0,0.0,0.0,0.0,0.0,0.0,0.0,0.0,0.0,0.0,0.0,91.83333333333331,0.0,0.0,0.0,0.0,0.0,0.0,0.0,2,0,0.5444078947368421,266.9999999999999,133.5,0.0,0.0,0.0,0.0,1
0.0,0.0,0.0,0.0,0.0,0.0,0.0,0.0,0.0,0.0,0.0,0.0,0.0,88.5,0.0,0.0,0.0,0.0,0.0,0.0,0.0,3,0,0.5444078947368421,0.0,0.0,0.0,0.0,0.0,0.0,1
0.0,0.0,0.0,0.0,0.0,0.0,0.0,0.0,0.0,0.0,0.0,0.0,0.0,85.16666666666667,0.0,0.0,0.0,0.0,0.0,0.0,0.0,4,0,0.5444078947368421,0.0,0.0,0.0,0.0,0.0,0.0,1
0.0,0.0,0.0,0.0,0.0,0.0,0.0,0.0,0.0,0.0,0.0,0.0,0.0,81.83333333333333,0.0,0.0,0.0,0.0,0.0,0.0,0.0,5,0,0.5444078947368421,0.0,0.0,0.0,0.0,0.0,0.0,1
0.0,0.0,0.0,0.0,0.0,0.0,0.0,0.0,0.0,0.0,0.0,0.0,0.0,78.5,0.0,0.0,0.0,0.0,0.0,0.0,0.0,6,0,0.5444078947368421,0.0,0.0,0.0,0.0,0.0,0.0,1
0.0,0.0,0.0,0.0,0.0,0.0,0.0,0.0,0.0,0.0,0.0,0.0,0.0,75.16666666666667,0.0,0.0,0.0,0.0,0.0,0.0,0.0,7,0,0.5444078947368421,0.0,0.0,0.0,0.0,0.0,0.0,1
0.0,0.0,0.0,0.0,0.0,0.0,0.0,0.0,4.0,1.0,-1.000088900581841e-12,0.0,0.0,71.5,0.0,0.0,0.0,0.0,0.0,0.0,0.0,8,1,0.5444078947368421,0.0,0.0,0.0,0.0,0.0,0.0,1
0.0,0.0,0.0,0.0,0.0,0.0,0.0,0.0,10.0,1.0,-1.000088900581841e-12,0.0,0.0,67.5,0.0,0.0,0.0,0.0,0.0,0.0,0.0,9,1,0.5444078947368421,0.0,0.0,0.0,0.0,0.0,0.0,1
618.0,4.0,0.1262339991934828,0.0,0.0,0.0,0.0,0.0,120.0,12.0,2.026078246695626,0.0,0.0,63.285714285714285,0.0,0.0,0.0,0.0,8.0,30.0,6.0,10,1,0.5444078947368421,308.9999999999999,154.5,0.0,0.0,0.0,0.0,1
702.0,1.0,-1.000088900581841e-12,0.0,0.0,0.0,0.0,0.0,28.0,5.0,1.5498260458732018,0.0,0.0,60.71428571428572,0.0,0.0,0.0,0.0,14.0,0.0,2.0,11,1,0.5444078947368421,337.4196200578738,503.0,0.0,0.0,0.0,0.0,1
570.0,2.0,0.0233359043446066,0.0,0.0,0.0,0.0,0.0,40.0,5.0,1.1205710370310085,0.0,0.0,59.0,0.0,0.0,0.0,0.0,8.0,0.0,2.0,12,1,0.5444078947368421,67.8503254720755,670.5,0.0,0.0,0.0,0.0,1
716.0,1.0,-1.000088900581841e-12,0.0,0.0,0.0,0.0,0.0,24.0,1.0,-1.000088900581841e-12,0.0,0.0,53.833333333333336,0.0,0.0,0.0,0.0,2.0,0.0,0.0,13,1,0.5444078947368421,70.70124939961512,675.0,0.0,0.0,0.0,0.0,1
698.0,1.0,-1.000088900581841e-12,0.0,0.0,0.0,0.0,0.0,12.0,4.0,1.3296613488507585,0.0,0.0,46.0,0.0,0.0,0.0,0.0,4.0,0.0,0.0,14,1,0.5444078947368421,11.60459679034894,707.0,0.0,0.0,0.0,0.0,1
704.0,2.0,0.5142576343940923,0.0,0.0,0.0,0.0,0.0,34.0,4.0,1.0710178890204567,0.0,0.0,41.833333333333336,0.0,0.0,0.0,0.0,16.0,8.0,4.0,15,1,0.5444078947368421,8.485281374233281,706.0,0.0,0.0,0.0,0.0,1
714.0,1.0,-1.000088900581841e-12,0.0,0.0,0.0,0.0,0.0,4.0,1.0,-1.000088900581841e-12,0.0,0.0,37.833333333333336,0.0,0.0,0.0,0.0,0.0,0.0,0.0,16,1,0.5444078947368421,7.118052168014579,710.0,0.0,0.0,0.0,0.0,1
716.0,3.0,0.8530003248178823,0.0,0.0,0.0,0.0,0.0,84.0,4.0,1.068262633525778,0.0,0.0,33.833333333333336,0.0,4.0,4.0,0.0,20.0,42.0,16.0,17,1,0.5444078947368421,1.632993161828011,716.0,0.0,0.0,0.0,0.0,1
680.0,7.0,1.399012078664785,0.0,0.0,0.0,0.0,0.0,182.0,9.0,1.4344598043228214,0.0,0.0,46.7,0.0,0.0,0.0,0.0,60.0,1406.0,16.0,18,1,0.5444078947368421,17.69180601295161,706.5,0.0,0.0,0.0,0.0,1
714.0,6.0,1.059343675400467,0.0,0.0,0.0,0.0,0.0,238.0,5.0,0.9599731274448084,0.0,0.0,97.73333333333332,0.0,0.0,0.0,0.0,42.0,4784.0,12.0,19,1,0.5444078947368421,62.425956140053735,672.5,0.0,0.0,0.0,0.0,1
716.0,5.0,1.1716805857278685,0.0,0.0,0.0,0.0,0.0,538.0,5.0,0.2992648766942928,0.0,0.0,96.91666666666669,0.0,0.0,0.0,0.0,42.0,1500.0,22.0,20,1,0.5444078947368421,66.67333300003267,682.0,0.0,0.0,0.0,0.0,1
718.0,3.0,0.1215424696421208,0.0,0.0,0.0,0.0,0.0,124.0,5.0,0.7862422546507097,0.0,0.0,93.83333333333331,0.0,0.0,0.0,0.0,24.0,154.0,4.0,21,0,0.5444078947368421,0.9999999999556336,716.5,0.0,0.0,0.0,0.0,1
656.0,3.0,0.0891604631736977,0.0,0.0,0.0,0.0,0.0,24.0,3.0,0.7214636866895117,0.0,0.0,81.86206896551724,0.0,0.0,0.0,0.0,0.0,2422.0,0.0,22,0,0.5444078947368421,39.68206983848722,683.0,0.0,0.0,0.0,0.0,1
450.0,1.0,-1.000088900581841e-12,0.0,0.0,0.0,0.0,0.0,56.0,5.0,1.368172956338349,0.0,0.0,90.23333333333332,0.0,0.0,0.0,0.0,0.0,2574.0,0.0,23,0,0.5444078947368421,110.79109470831388,612.0,0.0,0.0,0.0,0.0,1
714.0,18.0,2.059701148465848,0.0,0.0,0.0,0.0,0.0,72.0,6.0,1.2709586066111729,0.0,0.0,90.5925925925926,0.0,0.0,0.0,0.0,42.0,1958.0,0.0,0,0,0.5444078947368421,121.29715577869052,620.5,0.0,0.0,0.0,0.0,1
716.0,9.0,1.3500931390116742,0.0,0.0,0.0,0.0,0.0,56.0,8.0,1.6583656821454864,0.0,0.0,63.54545454545455,0.0,0.0,0.0,0.0,18.0,396.0,10.0,7,0,0.5444078947368421,337.52629527193864,239.0,0.0,0.0,0.0,0.0,1
716.0,12.0,1.451769832884159,0.0,0.0,0.0,0.0,0.0,74.0,5.0,1.226061318691939,0.0,0.0,44.0,0.0,0.0,0.0,0.0,24.0,2432.0,8.0,9,1,0.5444078947368421,13.403979508585,705.5,0.0,0.0,0.0,0.0,1
714.0,2.0,0.2389753934846744,0.0,0.0,0.0,0.0,0.0,12.0,3.0,1.0986122886651095,0.0,0.0,30.285714285714285,0.0,0.0,0.0,0.0,6.0,422.0,4.0,10,1,0.5444078947368421,13.102162671351875,707.5,0.0,0.0,0.0,0.0,1
712.0,10.0,1.415500871193869,0.0,0.0,0.0,0.0,0.0,122.0,8.0,1.4545551939838774,0.0,0.0,72.0,0.0,0.0,0.0,0.0,18.0,1012.0,12.0,11,1,0.5444078947368421,3.4641016151232926,711.0,0.0,0.0,0.0,0.0,1
718.0,3.0,0.1570465905761317,0.0,0.0,0.0,0.0,0.0,30.0,4.0,1.251989420809713,0.0,0.0,99.7,0.0,0.0,0.0,0.0,12.0,86.0,10.0,12,1,0.5444078947368421,5.2915026221197135,713.0,0.0,0.0,0.0,0.0,1
720.0,3.0,0.2250005532957553,0.0,0.0,0.0,0.0,0.0,30.0,4.0,1.251989420809713,0.0,0.0,92.52173913043478,0.0,0.0,0.0,0.0,12.0,2858.0,8.0,13,1,0.5444078947368421,1.632993161824715,718.0,0.0,0.0,0.0,0.0,1
718.0,6.0,1.044129897433947,0.0,0.0,0.0,0.0,0.0,46.0,5.0,1.463383825818367,0.0,0.0,80.11111111111111,0.0,4.0,6.0,0.0,12.0,292.0,2.0,14,1,0.5444078947368421,5.416025603081366,716.0,0.0,0.0,0.0,0.0,1
700.0,10.0,1.95005886825994,0.0,0.0,0.0,0.0,0.0,76.0,9.0,1.7164136036883575,0.0,0.0,67.33333333333333,0.0,0.0,0.0,0.0,30.0,2622.0,16.0,15,1,0.5444078947368421,8.717797887075575,711.0,0.0,0.0,0.0,0.0,1
710.0,10.0,1.7481301815207697,0.0,0.0,0.0,0.0,0.0,144.0,8.0,1.4925814125125123,0.0,0.0,46.53333333333333,0.0,6.0,6.0,0.0,66.0,862.0,34.0,17,1,0.5444078947368421,4.123105625605454,712.5,0.0,0.0,0.0,0.0,1
716.0,1.0,-1.000088900581841e-12,0.0,0.0,0.0,0.0,0.0,12.0,4.0,1.3296613488507585,0.0,0.0,40.66666666666666,0.0,0.0,0.0,0.0,0.0,0.0,0.0,18,1,0.5444078947368421,9.433981132051276,709.5,0.0,0.0,0.0,0.0,1
716.0,1.0,-1.000088900581841e-12,0.0,0.0,0.0,0.0,0.0,6.0,2.0,0.6365141682928128,0.0,0.0,26.266666666666666,0.0,0.0,0.0,0.0,0.0,944.0,0.0,19,1,0.5444078947368421,100.111604388968,659.5,0.0,0.0,0.0,0.0,1
714.0,7.0,1.001913670720568,0.0,0.0,0.0,0.0,0.0,182.0,10.0,1.483752226793343,0.0,0.0,49.82758620689656,0.0,0.0,0.0,0.0,8.0,1124.0,8.0,20,1,0.5444078947368421,145.92235378218527,592.0,0.0,0.0,0.0,0.0,1
694.0,2.0,0.4780567990570918,0.0,0.0,0.0,0.0,0.0,98.0,6.0,1.3485684307822452,0.0,0.0,96.32142857142856,0.0,0.0,0.0,0.0,40.0,642.0,22.0,21,0,0.5444078947368421,140.72550112423323,638.5,0.0,0.0,0.0,0.0,1
712.0,7.0,1.0017133033231904,0.0,0.0,0.0,0.0,0.0,24.0,4.0,1.1988493129096212,0.0,0.0,83.56666666666666,0.0,0.0,0.0,0.0,0.0,400.0,0.0,22,0,0.5444078947368421,10.630145812730165,709.5,0.0,0.0,0.0,0.0,1
700.0,5.0,0.6762836948198147,0.0,0.0,0.0,0.0,0.0,70.0,5.0,1.196421697876622,0.0,8.0,72.06666666666666,0.0,0.0,0.0,8.0,0.0,1036.0,0.0,23,0,0.5444078947368421,90.54464828654002,663.5,0.0,0.0,0.0,0.0,1
716.0,3.0,0.707132705331188,0.0,0.0,0.0,0.0,0.0,22.0,1.0,-1.000088900581841e-12,0.0,0.0,90.76666666666668,0.0,0.0,0.0,0.0,0.0,26.0,0.0,0,0,0.5444078947368421,90.57409489841216,663.5,0.0,0.0,0.0,0.0,1
716.0,1.0,-1.000088900581841e-12,0.0,0.0,0.0,0.0,0.0,10.0,2.0,0.5004024235361879,0.0,0.0,99.5,0.0,0.0,0.0,0.0,0.0,0.0,0.0,1,0,0.5444078947368421,2.999999999984132,713.5,0.0,0.0,0.0,0.0,1
422.0,7.0,1.2616290209728498,0.0,0.0,0.0,0.0,0.0,140.0,5.0,1.1710426326036307,0.0,0.0,99.42857142857144,0.0,12.0,12.0,0.0,92.0,812.0,30.0,2,0,0.5444078947368421,174.55849067480668,563.0,0.0,0.0,0.0,0.0,1
688.0,1.0,-1.000088900581841e-12,0.0,0.0,0.0,0.0,0.0,0.0,0.0,0.0,0.0,0.0,93.33333333333331,0.0,0.0,0.0,0.0,0.0,0.0,0.0,3,0,0.5444078947368421,168.65250269909004,557.5,0.0,0.0,0.0,0.0,1
0.0,0.0,0.0,0.0,0.0,0.0,0.0,0.0,8.0,1.0,-1.000088900581841e-12,0.0,0.0,89.83333333333333,12.0,0.0,0.0,0.0,0.0,0.0,0.0,4,0,0.5444078947368421,406.0619821324489,351.5,0.0,0.0,0.0,0.0,1
0.0,0.0,0.0,0.0,0.0,0.0,0.0,0.0,0.0,0.0,0.0,0.0,0.0,87.16666666666667,0.0,0.0,0.0,0.0,0.0,0.0,0.0,5,0,0.5444078947368421,0.0,0.0,0.0,0.0,0.0,0.0,1
0.0,0.0,0.0,0.0,0.0,0.0,0.0,0.0,12.0,1.0,-1.000088900581841e-12,0.0,0.0,84.5,10.0,0.0,0.0,0.0,0.0,0.0,0.0,6,0,0.5444078947368421,0.0,0.0,0.0,0.0,0.0,0.0,1
0.0,0.0,0.0,0.0,0.0,0.0,0.0,0.0,18.0,5.0,1.4270610433757247,0.0,0.0,81.83333333333333,0.0,0.0,0.0,12.0,24.0,0.0,0.0,7,0,0.5444078947368421,0.0,0.0,0.0,0.0,0.0,0.0,1
718.0,1.0,-1.000088900581841e-12,0.0,0.0,0.0,0.0,0.0,18.0,5.0,1.581093750166824,0.0,0.0,77.83333333333333,0.0,0.0,0.0,0.0,12.0,0.0,0.0,8,1,0.5444078947368421,377.5729510085875,323.0,0.0,0.0,0.0,0.0,1
0.0,0.0,0.0,0.0,0.0,0.0,0.0,0.0,6.0,2.0,0.6365141682928128,0.0,0.0,74.33333333333333,12.0,0.0,0.0,0.0,0.0,0.0,0.0,9,1,0.5444078947368421,338.3903071897892,363.0,0.0,0.0,0.0,0.0,1
0.0,0.0,0.0,0.0,0.0,0.0,0.0,0.0,16.0,3.0,1.039720770836918,0.0,0.0,71.16666666666667,0.0,0.0,0.0,0.0,0.0,0.0,0.0,10,1,0.5444078947368421,79.9999999999992,40.0,0.0,0.0,0.0,0.0,1
710.0,1.0,-1.000088900581841e-12,0.0,0.0,0.0,0.0,0.0,4.0,1.0,-1.000088900581841e-12,0.0,0.0,67.5,0.0,0.0,0.0,0.0,0.0,0.0,0.0,11,1,0.5444078947368421,372.1325928572591,318.0,0.0,0.0,0.0,0.0,1
46.0,1.0,-1.000088900581841e-12,0.0,0.0,0.0,0.0,0.0,16.0,4.0,1.320888343145322,0.0,0.0,64.0,0.0,0.0,0.0,0.0,24.0,150.0,4.0,12,1,0.5444078947368421,318.8202210232801,367.5,0.0,0.0,0.0,0.0,1
710.0,3.0,0.097436734315639,0.0,0.0,0.0,0.0,0.0,26.0,6.0,1.6715952780152543,0.0,0.0,54.35714285714285,0.0,0.0,0.0,0.0,36.0,3328.0,6.0,13,1,0.5444078947368421,355.9794001530611,405.0,0.0,0.0,0.0,0.0,1
602.0,11.0,1.8530776287578068,0.0,566.0,0.0,0.0,0.0,692.0,12.0,1.3656178260740626,0.0,0.0,39.36842105263158,0.0,0.0,0.0,0.0,42.0,2198.0,20.0,14,1,0.5444078947368421,54.3415126767729,683.5,283.0,141.5,0.0,0.0,1
714.0,4.0,0.8549070645735417,0.0,56.0,0.0,0.0,0.0,116.0,8.0,1.6622937038464327,0.0,0.0,27.33333333333333,0.0,0.0,0.0,0.0,124.0,888.0,44.0,15,1,0.5444078947368421,55.72252686301896,685.5,268.8810145770802,250.5,0.0,0.0,1
642.0,12.0,1.7723938507845225,0.0,0.0,0.0,0.0,0.0,214.0,10.0,1.6821137121018206,0.0,0.0,54.46428571428572,0.0,0.0,0.0,0.0,84.0,1752.0,28.0,16,1,0.5444078947368421,34.46254004954562,691.5,182.58513995759165,109.0,0.0,0.0,1
718.0,1.0,-1.000088900581841e-12,0.0,0.0,0.0,0.0,0.0,28.0,4.0,0.895332665964091,0.0,0.0,98.4,0.0,0.0,0.0,0.0,14.0,34.0,12.0,17,1,0.5444078947368421,35.832945734336015,693.0,0.0,0.0,0.0,0.0,1
716.0,1.0,-1.000088900581841e-12,0.0,0.0,0.0,0.0,0.0,16.0,3.0,0.9743147528663494,0.0,0.0,100.0,0.0,0.0,0.0,0.0,0.0,0.0,0.0,18,1,0.5444078947368421,1.914854215478899,716.5,0.0,0.0,0.0,0.0,1
718.0,6.0,0.761895332525927,0.0,0.0,0.0,0.0,0.0,28.0,5.0,1.369039177699768,0.0,0.0,95.22222222222224,0.0,0.0,0.0,0.0,32.0,2068.0,6.0,19,1,0.5444078947368421,1.914854215478899,715.5,0.0,0.0,0.0,0.0,1
704.0,5.0,0.4179468697681773,0.0,0.0,0.0,0.0,0.0,38.0,5.0,1.484597600540293,0.0,0.0,91.33333333333331,0.0,0.0,0.0,0.0,64.0,754.0,28.0,20,1,0.5444078947368421,7.724420150829279,709.5,0.0,0.0,0.0,0.0,1
714.0,2.0,0.0346318332485284,0.0,0.0,0.0,0.0,0.0,16.0,3.0,1.039720770836918,0.0,0.0,84.85714285714286,0.0,0.0,0.0,0.0,32.0,46.0,12.0,21,0,0.5444078947368421,7.724420150829279,709.5,0.0,0.0,0.0,0.0,1
716.0,2.0,0.3501209252572095,0.0,0.0,0.0,0.0,0.0,40.0,2.0,0.5004024235361879,0.0,0.0,80.75,0.0,0.0,0.0,0.0,64.0,1646.0,12.0,22,0,0.5444078947368421,1.6329931618158795,716.0,0.0,0.0,0.0,0.0,1
716.0,6.0,1.0808747889785453,0.0,0.0,0.0,0.0,0.0,92.0,8.0,1.473391128996705,0.0,0.0,76.42857142857143,0.0,0.0,0.0,0.0,16.0,470.0,12.0,23,0,0.5444078947368421,4.999999999987089,713.5,0.0,0.0,0.0,0.0,1
718.0,5.0,1.1820985638917536,0.0,0.0,0.0,0.0,0.0,48.0,5.0,1.3622749228876498,0.0,0.0,95.16666666666669,0.0,0.0,0.0,10.0,110.0,426.0,36.0,6,0,0.5444078947368421,381.6468699378172,327.5,0.0,0.0,0.0,0.0,1
718.0,6.0,1.053680347793862,0.0,0.0,0.0,0.0,0.0,68.0,4.0,1.219960497932229,0.0,0.0,89.0,0.0,14.0,16.0,0.0,144.0,2250.0,38.0,7,0,0.5444078947368421,62.99999999999861,686.5,0.0,0.0,0.0,0.0,1
704.0,5.0,0.5329526405300586,0.0,0.0,0.0,0.0,0.0,54.0,5.0,1.3045114949539196,0.0,0.0,72.77777777777777,0.0,0.0,0.0,0.0,16.0,582.0,6.0,9,1,0.5444078947368421,6.403124237419204,713.5,0.0,0.0,0.0,0.0,1
716.0,5.0,0.8144714817129315,0.0,0.0,0.0,0.0,0.0,42.0,6.0,1.6448149539331116,0.0,0.0,65.25,0.0,0.0,0.0,0.0,16.0,244.0,12.0,10,1,0.5444078947368421,6.403124237419204,713.5,0.0,0.0,0.0,0.0,1
644.0,5.0,1.1092467738101108,0.0,0.0,0.0,0.0,0.0,78.0,6.0,1.4384238459716747,0.0,0.0,54.2,0.0,0.0,0.0,0.0,108.0,3152.0,18.0,11,1,0.5444078947368421,35.11409973215638,696.5,0.0,0.0,0.0,0.0,1
716.0,10.0,1.2768947075357522,0.0,0.0,0.0,0.0,0.0,118.0,9.0,1.9567800781809888,0.0,18.0,40.65,0.0,0.0,0.0,0.0,90.0,2422.0,20.0,12,1,0.5444078947368421,35.11409973215638,696.5,0.0,0.0,0.0,0.0,1
714.0,1.0,-1.000088900581841e-12,0.0,0.0,0.0,0.0,0.0,32.0,2.0,0.3767701612544368,0.0,0.0,93.56666666666666,0.0,0.0,0.0,0.0,0.0,0.0,0.0,13,1,0.5444078947368421,1.9148542154672228,714.5,0.0,0.0,0.0,0.0,1
362.0,5.0,0.7592154345203823,0.0,0.0,0.0,0.0,0.0,74.0,8.0,1.751924349168105,0.0,0.0,98.6153846153846,0.0,14.0,16.0,0.0,108.0,430.0,24.0,14,1,0.5444078947368421,326.0976336416235,455.5,0.0,0.0,0.0,0.0,1
712.0,5.0,0.4869049326268157,0.0,0.0,0.0,0.0,0.0,34.0,4.0,1.1407201964094569,0.0,0.0,84.44827586206897,0.0,0.0,0.0,0.0,0.0,5358.0,0.0,15,1,0.5444078947368421,326.6272085012716,456.0,0.0,0.0,0.0,0.0,1
716.0,5.0,0.2868653648153428,0.0,0.0,0.0,0.0,0.0,24.0,6.0,1.676234939128731,0.0,0.0,71.77777777777777,0.0,0.0,0.0,0.0,0.0,328.0,0.0,16,1,0.5444078947368421,2.3094010767220907,714.0,0.0,0.0,0.0,0.0,1
716.0,6.0,1.3801971730118097,0.0,0.0,0.0,0.0,0.0,152.0,9.0,1.649966925035358,0.0,0.0,66.9090909090909,0.0,0.0,0.0,0.0,120.0,1340.0,34.0,17,1,0.5444078947368421,1.9999999999579643,715.0,0.0,0.0,0.0,0.0,1
694.0,13.0,2.1323112407814584,0.0,0.0,0.0,0.0,0.0,126.0,13.0,1.901219515542035,0.0,20.0,58.0,0.0,0.0,0.0,0.0,98.0,2690.0,44.0,18,1,0.5444078947368421,10.708252269464833,710.0,0.0,0.0,0.0,0.0,1
714.0,3.0,0.0677664233355799,0.0,0.0,0.0,0.0,0.0,30.0,3.0,0.6277052571941504,0.0,0.0,80.23333333333333,0.0,0.0,0.0,0.0,0.0,416.0,0.0,19,1,0.5444078947368421,9.451631252496332,707.0,0.0,0.0,0.0,0.0,1
718.0,6.0,1.1318599704527532,0.0,0.0,0.0,0.0,0.0,72.0,6.0,1.575245079695533,0.0,56.0,91.43333333333334,0.0,22.0,24.0,0.0,84.0,2620.0,0.0,20,1,0.5444078947368421,5.507570547270829,711.5,0.0,0.0,0.0,0.0,1
716.0,2.0,0.0192154609927474,0.0,0.0,0.0,0.0,0.0,18.0,4.0,1.3689223607362195,0.0,0.0,100.0,0.0,0.0,0.0,26.0,0.0,60.0,0.0,21,0,0.5444078947368421,4.760952285677555,715.0,0.0,0.0,0.0,0.0,1
708.0,4.0,0.853433610927286,0.0,0.0,0.0,0.0,0.0,22.0,3.0,0.9075352941020092,0.0,0.0,100.0,0.0,0.0,0.0,0.0,0.0,5700.0,0.0,22,0,0.5444078947368421,5.887840577537613,712.0,0.0,0.0,0.0,0.0,1
706.0,11.0,1.4957329879531147,0.0,0.0,0.0,0.0,0.0,38.0,8.0,1.9096604215324315,0.0,0.0,90.06896551724138,0.0,28.0,22.0,0.0,0.0,2504.0,0.0,23,0,0.5444078947368421,0.9999999999158432,706.5,0.0,0.0,0.0,0.0,1
712.0,4.0,0.2573682758163058,0.0,0.0,0.0,0.0,0.0,4.0,1.0,-1.000088900581841e-12,0.0,0.0,73.26666666666667,0.0,0.0,0.0,0.0,0.0,2170.0,0.0,0,0,0.5444078947368421,5.744562646523389,710.5,0.0,0.0,0.0,0.0,1
718.0,1.0,-1.000088900581841e-12,0.0,0.0,0.0,0.0,0.0,8.0,2.0,0.6931471805579453,0.0,0.0,62.833333333333336,0.0,0.0,0.0,0.0,0.0,0.0,0.0,1,0,0.5444078947368421,3.464101615113477,715.0,0.0,0.0,0.0,0.0,1
0.0,0.0,0.0,0.0,0.0,0.0,0.0,0.0,0.0,0.0,0.0,0.0,0.0,59.16666666666666,0.0,0.0,0.0,0.0,0.0,0.0,0.0,2,0,0.5444078947368421,403.2369030731188,366.0,0.0,0.0,0.0,0.0,1
0.0,0.0,0.0,0.0,0.0,0.0,0.0,0.0,0.0,0.0,0.0,0.0,0.0,55.66666666666666,0.0,0.0,0.0,0.0,0.0,0.0,0.0,3,0,0.5444078947368421,16.999999999995055,8.5,0.0,0.0,0.0,0.0,1
0.0,0.0,0.0,0.0,0.0,0.0,0.0,0.0,0.0,0.0,0.0,0.0,0.0,53.16666666666666,0.0,0.0,0.0,0.0,0.0,0.0,0.0,4,0,0.5444078947368421,0.0,0.0,0.0,0.0,0.0,0.0,1
0.0,0.0,0.0,0.0,0.0,0.0,0.0,0.0,0.0,0.0,0.0,0.0,0.0,50.5,0.0,0.0,0.0,0.0,0.0,0.0,0.0,5,0,0.5444078947368421,0.0,0.0,0.0,0.0,0.0,0.0,1
0.0,0.0,0.0,0.0,0.0,0.0,0.0,0.0,0.0,0.0,0.0,0.0,0.0,47.833333333333336,0.0,0.0,0.0,0.0,0.0,0.0,0.0,6,0,0.5444078947368421,0.0,0.0,0.0,0.0,0.0,0.0,1
690.0,4.0,0.9504973686877572,0.0,0.0,0.0,0.0,0.0,570.0,6.0,0.5383991430704087,0.0,0.0,40.625,0.0,0.0,0.0,34.0,504.0,1300.0,124.0,7,0,0.5444078947368421,331.3140504113881,261.5,0.0,0.0,0.0,0.0,1
716.0,4.0,0.5352085570059947,0.0,0.0,0.0,0.0,0.0,26.0,5.0,1.377819508034033,0.0,0.0,26.0,0.0,0.0,0.0,0.0,36.0,876.0,12.0,9,1,0.5444078947368421,3.829708431003383,713.0,0.0,0.0,0.0,0.0,1
714.0,1.0,-1.000088900581841e-12,0.0,0.0,0.0,0.0,0.0,82.0,7.0,1.36673904092263,0.0,36.0,22.692307692307693,0.0,0.0,0.0,0.0,144.0,1754.0,0.0,10,1,0.5444078947368421,1.1547005383064026,715.0,0.0,0.0,0.0,0.0,1
712.0,4.0,0.1545369578799892,0.0,0.0,0.0,0.0,0.0,232.0,8.0,0.9735147915726788,0.0,0.0,76.83333333333333,0.0,0.0,0.0,0.0,114.0,384.0,10.0,11,1,0.5444078947368421,42.67708206207595,692.0,0.0,0.0,0.0,0.0,1
256.0,6.0,0.8280359985367378,0.0,0.0,0.0,0.0,0.0,56.0,5.0,1.501594466214144,0.0,0.0,99.8846153846154,0.0,0.0,0.0,0.0,152.0,1056.0,46.0,12,1,0.5444078947368421,218.4673888707416,578.0,0.0,0.0,0.0,0.0,1
716.0,3.0,0.0384230976174689,0.0,0.0,0.0,0.0,0.0,22.0,4.0,1.0335620542028177,0.0,0.0,92.66666666666669,0.0,0.0,0.0,0.0,40.0,138.0,24.0,13,1,0.5444078947368421,226.2830086418329,595.0,0.0,0.0,0.0,0.0,1
644.0,1.0,-1.000088900581841e-12,0.0,0.0,0.0,0.0,0.0,8.0,3.0,1.039720770836918,0.0,0.0,76.83333333333333,36.0,0.0,0.0,0.0,0.0,0.0,0.0,15,1,0.5444078947368421,36.03701800463654,698.0,0.0,0.0,0.0,0.0,1
34.0,3.0,0.8082699579971822,0.0,0.0,0.0,0.0,0.0,286.0,6.0,0.7209928729486927,0.0,0.0,74.16666666666667,36.0,0.0,0.0,0.0,40.0,638.0,18.0,16,1,0.5444078947368421,384.1609905582118,348.5,0.0,0.0,0.0,0.0,1
672.0,15.0,1.8270420037917088,0.0,0.0,0.0,0.0,0.0,240.0,8.0,1.2639329144122335,0.0,0.0,59.2,0.0,0.0,0.0,0.0,88.0,7190.0,14.0,17,1,0.5444078947368421,366.70424049907007,334.0,0.0,0.0,0.0,0.0,1
666.0,4.0,0.6775873031924396,0.0,0.0,0.0,0.0,0.0,116.0,8.0,1.518616592816055,0.0,0.0,78.56666666666666,0.0,0.0,0.0,0.0,88.0,1254.0,16.0,18,1,0.5444078947368421,23.237900077240745,663.0,0.0,0.0,0.0,0.0,1
714.0,1.0,-1.000088900581841e-12,0.0,0.0,0.0,0.0,0.0,16.0,4.0,1.3862943611158909,0.0,0.0,92.33333333333331,0.0,0.0,0.0,0.0,44.0,1572.0,14.0,21,0,0.5444078947368421,1.6329931618020197,716.0,0.0,0.0,0.0,0.0,1
710.0,10.0,1.398127453391416,0.0,0.0,0.0,0.0,0.0,110.0,11.0,2.1543262110921275,0.0,0.0,86.0,0.0,0.0,0.0,0.0,220.0,3710.0,58.0,22,0,0.5444078947368421,2.5166114783888966,713.5,0.0,0.0,0.0,0.0,1
716.0,1.0,-1.000088900581841e-12,0.0,0.0,0.0,0.0,0.0,2.0,1.0,-1.000088900581841e-12,0.0,0.0,75.92857142857143,0.0,0.0,0.0,0.0,0.0,16.0,0.0,23,0,0.5444078947368421,2.5166114783888966,713.5,0.0,0.0,0.0,0.0,1
0.0,0.0,0.0,0.0,0.0,0.0,0.0,0.0,20.0,2.0,0.5004024235361879,0.0,0.0,70.83333333333333,40.0,0.0,0.0,0.0,0.0,0.0,0.0,0,0,0.5444078947368421,355.91899827535644,419.5,0.0,0.0,0.0,0.0,1
0.0,0.0,0.0,0.0,0.0,0.0,0.0,0.0,6.0,1.0,-1.000088900581841e-12,0.0,0.0,67.33333333333333,44.0,0.0,0.0,0.0,0.0,0.0,0.0,1,0,0.5444078947368421,123.99999999999925,62.0,0.0,0.0,0.0,0.0,1
0.0,0.0,0.0,0.0,0.0,0.0,0.0,0.0,0.0,0.0,0.0,0.0,0.0,64.33333333333333,0.0,0.0,0.0,0.0,0.0,0.0,0.0,2,0,0.5444078947368421,0.0,0.0,0.0,0.0,0.0,0.0,1
716.0,1.0,-1.000088900581841e-12,0.0,0.0,0.0,0.0,0.0,40.0,2.0,0.3250829733894482,0.0,0.0,84.8,0.0,0.0,0.0,0.0,0.0,0.0,0.0,3,0,0.5444078947368421,338.19915237425784,228.0,0.0,0.0,0.0,0.0,1
0.0,0.0,0.0,0.0,0.0,0.0,0.0,0.0,80.0,2.0,0.1985152433438726,0.0,0.0,100.0,0.0,0.0,0.0,0.0,0.0,0.0,0.0,4,0,0.5444078947368421,317.3068966578988,352.5,0.0,0.0,0.0,0.0,1
0.0,0.0,0.0,0.0,0.0,0.0,0.0,0.0,4.0,1.0,-1.000088900581841e-12,0.0,0.0,100.0,0.0,0.0,0.0,0.0,0.0,0.0,0.0,5,0,0.5444078947368421,248.9999999999996,124.5,0.0,0.0,0.0,0.0,1
0.0,0.0,0.0,0.0,0.0,0.0,0.0,0.0,4.0,1.0,-1.000088900581841e-12,0.0,0.0,100.0,0.0,0.0,0.0,0.0,0.0,0.0,0.0,6,0,0.5444078947368421,0.0,0.0,0.0,0.0,0.0,0.0,1
716.0,7.0,1.3123851372578077,0.0,0.0,0.0,0.0,0.0,86.0,9.0,1.7966226855929754,0.0,0.0,96.7,0.0,0.0,0.0,0.0,176.0,1514.0,58.0,7,0,0.5444078947368421,342.4164131580141,267.5,0.0,0.0,0.0,0.0,1
716.0,1.0,-1.000088900581841e-12,0.0,0.0,0.0,0.0,0.0,34.0,2.0,0.2237180760638337,0.0,0.0,79.16666666666667,0.0,0.0,0.0,0.0,276.0,0.0,0.0,9,1,0.5444078947368421,4.760952285672998,713.0,0.0,0.0,0.0,0.0,1
714.0,1.0,-1.000088900581841e-12,0.0,0.0,0.0,0.0,0.0,8.0,3.0,1.039720770836918,0.0,0.0,74.28571428571429,0.0,0.0,0.0,0.0,0.0,0.0,0.0,10,1,0.5444078947368421,35.26565846069594,694.5,0.0,0.0,0.0,0.0,1
706.0,5.0,0.8068693705445678,0.0,0.0,0.0,0.0,0.0,24.0,5.0,1.5890269151689729,0.0,0.0,68.85714285714286,0.0,0.0,0.0,0.0,230.0,706.0,26.0,11,1,0.5444078947368421,32.30583022716572,688.5,0.0,0.0,0.0,0.0,1
714.0,7.0,1.2890370748658428,0.0,0.0,0.0,0.0,0.0,98.0,8.0,1.8298542927065893,0.0,0.0,58.18181818181818,0.0,0.0,0.0,0.0,262.0,6316.0,94.0,12,1,0.5444078947368421,10.893423092235729,707.0,0.0,0.0,0.0,0.0,1
706.0,6.0,1.3630259414368049,0.0,0.0,0.0,0.0,0.0,82.0,8.0,1.826862273422262,0.0,0.0,46.72727272727273,0.0,0.0,0.0,0.0,224.0,3518.0,58.0,13,1,0.5444078947368421,4.760952285672962,711.0,0.0,0.0,0.0,0.0,1
690.0,5.0,1.0415977781924943,0.0,0.0,0.0,0.0,0.0,138.0,5.0,1.027080398427254,0.0,0.0,35.625,0.0,50.0,36.0,0.0,386.0,872.0,80.0,14,1,0.5444078947368421,9.660917830781974,704.0,0.0,0.0,0.0,0.0,1
710.0,3.0,0.0964795566435523,0.0,0.0,0.0,0.0,0.0,58.0,6.0,1.2401312649265506,0.0,0.0,38.55172413793103,0.0,0.0,0.0,0.0,58.0,124.0,0.0,15,1,0.5444078947368421,9.983319421237322,703.5,0.0,0.0,0.0,0.0,1
686.0,4.0,0.3845332781331564,0.0,0.0,0.0,0.0,0.0,114.0,8.0,1.76463498709365,0.0,0.0,70.6086956521739,0.0,0.0,0.0,48.0,480.0,3052.0,110.0,16,1,0.5444078947368421,10.878112581377383,701.5,0.0,0.0,0.0,0.0,1
714.0,10.0,1.7470091343003904,0.0,0.0,0.0,0.0,0.0,150.0,9.0,1.8239435875542145,0.0,0.0,88.96551724137932,0.0,0.0,0.0,0.0,702.0,5126.0,154.0,17,1,0.5444078947368421,13.759844960359136,706.0,0.0,0.0,0.0,0.0,1
704.0,8.0,1.74981439149638,0.0,0.0,0.0,0.0,0.0,46.0,7.0,1.684738207110148,0.0,0.0,77.4375,0.0,0.0,0.0,0.0,406.0,5890.0,102.0,20,1,0.5444078947368421,5.7445626465195145,711.5,0.0,0.0,0.0,0.0,1
716.0,9.0,1.7000981771536667,0.0,0.0,0.0,0.0,0.0,104.0,8.0,1.6781020677200411,0.0,0.0,67.42857142857143,0.0,48.0,48.0,0.0,616.0,1940.0,106.0,21,0,0.5444078947368421,5.656854249473584,712.0,0.0,0.0,0.0,0.0,1
