672.0,5.0,0.6590360337696308,0.0,0.0,0.0,0.0,0.0,0.0,0.0,0.0,0.0,2.0,13.966666666666669,0.0,0.0,0.0,0.0,0.0,736.0,0.0,9,1,0.5512489233419466,328.7795614085523,180.0,0.0,0.0,0.0,0.0,3
250.0,4.0,1.015353726575246,0.0,0.0,0.0,0.0,0.0,0.0,0.0,0.0,0.0,0.0,36.4,0.0,0.0,0.0,0.0,4.0,212.0,2.0,9,1,0.5512489233419466,306.1388573833776,242.5,0.0,0.0,0.0,0.0,3
554.0,8.0,0.8633607365815995,0.0,0.0,0.0,0.0,0.0,0.0,0.0,0.0,0.0,0.0,62.81481481481482,0.0,0.0,0.0,0.0,12.0,778.0,6.0,10,1,0.5512489233419466,284.40581334893045,381.0,0.0,0.0,0.0,0.0,2
414.0,5.0,1.2708283906260047,0.0,0.0,0.0,0.0,0.0,0.0,0.0,0.0,0.0,4.0,78.71428571428571,0.0,0.0,0.0,0.0,12.0,614.0,8.0,10,1,0.5512489233419466,181.99908424678043,472.5,0.0,0.0,0.0,0.0,3
716.0,1.0,-1.000088900581841e-12,0.0,0.0,0.0,0.0,0.0,0.0,0.0,0.0,0.0,0.0,93.8,0.0,0.0,0.0,0.0,4.0,0.0,0.0,11,1,0.5512489233419466,198.64457371563583,483.5,0.0,0.0,0.0,0.0,3
168.0,7.0,1.3118901539448244,0.0,0.0,0.0,0.0,0.0,416.0,2.0,0.1307081196492618,0.0,0.0,97.36363636363636,0.0,0.0,0.0,0.0,8.0,258.0,6.0,11,1,0.5512489233419466,232.17522118721743,463.0,0.0,0.0,0.0,0.0,4
56.0,4.0,1.1574930712580982,0.0,0.0,0.0,0.0,0.0,38.0,1.0,-1.000088900581841e-12,0.0,0.0,93.33333333333331,0.0,0.0,0.0,0.0,6.0,118.0,6.0,12,1,0.5512489233419466,292.735944723796,338.5,0.0,0.0,0.0,0.0,3
148.0,7.0,1.481471954767677,0.0,2.0,0.0,0.0,0.0,0.0,0.0,0.0,0.0,0.0,78.23076923076923,0.0,0.0,0.0,0.0,12.0,524.0,12.0,14,1,0.5512489233419466,51.98717790635174,115.0,30.6811559973436,16.0,0.0,0.0,3
90.0,5.0,0.9842970189202936,0.0,0.0,0.0,0.0,0.0,0.0,0.0,0.0,0.0,0.0,74.6,0.0,0.0,0.0,0.0,2.0,234.0,2.0,15,1,0.5512489233419466,38.31013790978396,95.5,30.6811559973436,16.0,0.0,0.0,2
120.0,4.0,1.062597942010327,0.0,0.0,0.0,0.0,0.0,0.0,0.0,0.0,0.0,0.0,71.3,0.0,0.0,0.0,0.0,6.0,60.0,6.0,15,1,0.5512489233419466,28.39600910926275,111.5,30.6811559973436,16.0,0.0,0.0,2
112.0,4.0,1.0343562556342911,0.0,0.0,0.0,0.0,0.0,0.0,0.0,0.0,0.0,0.0,66.75,0.0,0.0,0.0,0.0,6.0,112.0,6.0,16,1,0.5512489233419466,23.96525262402492,117.5,0.9999999999999746,0.5,0.0,0.0,3
302.0,10.0,1.8432585664344567,0.0,0.0,0.0,0.0,0.0,0.0,0.0,0.0,0.0,0.0,58.0,0.0,0.0,0.0,0.0,10.0,440.0,8.0,16,1,0.5512489233419466,98.15633788333112,156.0,0.0,0.0,0.0,0.0,4
268.0,3.0,0.880404082308208,0.0,0.0,0.0,0.0,0.0,0.0,0.0,0.0,0.0,0.0,51.44444444444444,0.0,0.0,0.0,0.0,6.0,272.0,6.0,17,1,0.5512489233419466,98.6086541164956,200.5,0.0,0.0,0.0,0.0,3
258.0,6.0,1.451469696678477,0.0,0.0,0.0,0.0,0.0,0.0,0.0,0.0,0.0,0.0,46.92857142857143,0.0,0.0,0.0,0.0,6.0,548.0,6.0,17,1,0.5512489233419466,84.13481245398165,235.0,0.0,0.0,0.0,0.0,3
46.0,3.0,1.0217278604915916,0.0,0.0,0.0,0.0,0.0,0.0,0.0,0.0,0.0,0.0,41.66666666666666,0.0,0.0,0.0,0.0,2.0,24.0,2.0,18,1,0.5512489233419466,116.53182683999538,218.5,0.0,0.0,0.0,0.0,3
250.0,7.0,1.2629988254628748,0.0,0.0,0.0,0.0,0.0,0.0,0.0,0.0,0.0,0.0,39.06666666666667,0.0,0.0,0.0,0.0,2.0,252.0,2.0,18,1,0.5512489233419466,106.58799181896616,205.5,0.0,0.0,0.0,0.0,3
148.0,6.0,1.2291157421538763,0.0,0.0,0.0,0.0,0.0,0.0,0.0,0.0,0.0,0.0,32.666666666666664,0.0,0.0,0.0,0.0,0.0,314.0,0.0,19,1,0.5512489233419466,99.80480950335009,175.5,0.0,0.0,0.0,0.0,3
134.0,3.0,1.0342104665261505,0.0,0.0,0.0,0.0,0.0,0.0,0.0,0.0,0.0,0.0,26.25,0.0,0.0,0.0,0.0,0.0,218.0,0.0,19,1,0.5512489233419466,83.57631243360764,144.5,0.0,0.0,0.0,0.0,3
58.0,1.0,-1.000088900581841e-12,0.0,0.0,0.0,0.0,0.0,0.0,0.0,0.0,0.0,0.0,22.125,0.0,0.0,0.0,0.0,4.0,2.0,2.0,20,1,0.5512489233419466,78.94935085230276,147.5,0.0,0.0,0.0,0.0,2
584.0,3.0,0.2839977781802567,0.0,0.0,0.0,0.0,0.0,0.0,0.0,0.0,0.0,2.0,27.53846153846154,0.0,0.0,0.0,0.0,8.0,96.0,4.0,20,1,0.5512489233419466,238.6322135281264,231.0,0.0,0.0,0.0,0.0,3
216.0,3.0,0.2842776483114873,0.0,0.0,0.0,0.0,0.0,0.0,0.0,0.0,0.0,0.0,49.92307692307692,0.0,0.0,0.0,0.0,4.0,6.0,2.0,21,0,0.5512489233419466,233.10655646434884,248.0,0.0,0.0,0.0,0.0,2
148.0,7.0,0.8319074591522065,0.0,0.0,0.0,0.0,0.0,0.0,0.0,0.0,0.0,0.0,51.07692307692308,0.0,0.0,0.0,2.0,4.0,398.0,4.0,21,0,0.5512489233419466,230.9191777801633,251.5,0.0,0.0,0.0,0.0,3
92.0,2.0,0.5500755235977134,0.0,0.0,0.0,0.0,0.0,0.0,0.0,0.0,0.0,0.0,46.44444444444444,0.0,0.0,0.0,0.0,2.0,164.0,2.0,22,0,0.5512489233419466,221.8708332942089,260.0,0.0,0.0,0.0,0.0,3
92.0,5.0,1.1350288826272974,0.0,0.0,0.0,0.0,0.0,0.0,0.0,0.0,0.0,0.0,41.75,0.0,0.0,0.0,0.0,0.0,224.0,0.0,22,0,0.5512489233419466,58.91236429364091,137.0,0.0,0.0,0.0,0.0,3
242.0,5.0,0.8666880763694382,0.0,0.0,0.0,0.0,0.0,0.0,0.0,0.0,0.0,2.0,35.23076923076923,0.0,0.0,0.0,0.0,6.0,242.0,4.0,23,0,0.5512489233419466,70.77428911688192,143.5,0.0,0.0,0.0,0.0,3
712.0,7.0,1.3339370980071592,0.0,0.0,0.0,0.0,0.0,0.0,0.0,0.0,0.0,6.0,46.06666666666667,0.0,0.0,0.0,0.0,0.0,332.0,0.0,23,0,0.5512489233419466,293.64093720052045,284.5,0.0,0.0,0.0,0.0,3
204.0,3.0,0.8370496642597053,0.0,0.0,0.0,0.0,0.0,0.0,0.0,0.0,0.0,0.0,51.0,0.0,0.0,0.0,0.0,2.0,16.0,2.0,0,0,0.5512489233419466,273.8387603438685,312.5,0.0,0.0,0.0,0.0,3
88.0,4.0,1.3355191246223996,0.0,0.0,0.0,0.0,0.0,0.0,0.0,0.0,0.0,0.0,49.375,0.0,0.0,0.0,0.0,2.0,220.0,2.0,0,0,0.5512489233419466,274.9175634015889,311.5,0.0,0.0,0.0,0.0,3
36.0,2.0,0.6365141682928128,0.0,0.0,0.0,0.0,0.0,0.0,0.0,0.0,0.0,0.0,13.285714285714286,0.0,0.0,0.0,0.0,2.0,24.0,2.0,9,1,0.5512489233419466,17.99999999999936,9.0,0.0,0.0,0.0,0.0,2
40.0,2.0,0.6730116670072565,0.0,0.0,0.0,0.0,0.0,0.0,0.0,0.0,0.0,0.0,11.4,0.0,0.0,0.0,0.0,0.0,92.0,0.0,9,1,0.5512489233419466,21.99999999999948,19.0,0.0,0.0,0.0,0.0,2
276.0,4.0,0.6197733929711878,0.0,0.0,0.0,0.0,0.0,0.0,0.0,0.0,0.0,0.0,45.35714285714285,0.0,0.0,0.0,0.0,0.0,182.0,2.0,10,1,0.5512489233419466,126.61753433075522,88.0,0.0,0.0,0.0,0.0,2
486.0,5.0,1.2155369806881475,0.0,0.0,0.0,0.0,0.0,0.0,0.0,0.0,0.0,0.0,70.0,0.0,0.0,0.0,0.0,2.0,290.0,2.0,11,1,0.5512489233419466,215.79851714041035,209.5,0.0,0.0,0.0,0.0,3
484.0,3.0,0.3754542791297793,0.0,0.0,0.0,0.0,0.0,0.0,0.0,0.0,0.0,0.0,88.77272727272727,0.0,0.0,0.0,0.0,4.0,90.0,4.0,11,1,0.5512489233419466,211.95832923792665,321.5,0.0,0.0,0.0,0.0,3
124.0,4.0,1.162037662140321,0.0,0.0,0.0,0.0,0.0,0.0,0.0,0.0,0.0,0.0,91.2,0.0,0.0,0.0,0.0,2.0,220.0,2.0,12,1,0.5512489233419466,175.85884491072184,342.5,0.0,0.0,0.0,0.0,3
58.0,3.0,0.8192404772515003,0.0,0.0,0.0,0.0,0.0,0.0,0.0,0.0,0.0,0.0,89.33333333333333,0.0,2.0,2.0,0.0,2.0,358.0,2.0,12,1,0.5512489233419466,229.06767558955144,288.0,0.0,0.0,0.0,0.0,3
120.0,6.0,1.7290008884633594,0.0,0.0,0.0,0.0,0.0,0.0,0.0,0.0,0.0,0.0,85.55555555555556,0.0,0.0,0.0,0.0,2.0,390.0,2.0,13,1,0.5512489233419466,194.0335022618516,196.5,0.0,0.0,0.0,0.0,3
114.0,4.0,1.1565346672811865,0.0,0.0,0.0,0.0,0.0,0.0,0.0,0.0,0.0,0.0,81.9090909090909,0.0,0.0,0.0,0.0,4.0,200.0,4.0,13,1,0.5512489233419466,30.940803695659163,104.0,0.0,0.0,0.0,0.0,3
18.0,2.0,0.6365141682928128,0.0,0.0,0.0,0.0,0.0,0.0,0.0,0.0,0.0,0.0,79.57142857142857,0.0,0.0,0.0,0.0,2.0,0.0,4.0,14,1,0.5512489233419466,48.50773134253943,77.5,0.0,0.0,0.0,0.0,3
218.0,7.0,0.9855873954387178,0.0,0.0,0.0,0.0,0.0,0.0,0.0,0.0,0.0,0.0,76.53846153846153,0.0,0.0,0.0,0.0,4.0,192.0,4.0,14,1,0.5512489233419466,81.68843247363718,117.5,0.0,0.0,0.0,0.0,2
284.0,5.0,1.328433263762042,0.0,0.0,0.0,0.0,0.0,0.0,0.0,0.0,0.0,0.0,70.71428571428571,0.0,0.0,0.0,0.0,4.0,306.0,4.0,15,1,0.5512489233419466,116.9202007068638,158.5,0.0,0.0,0.0,0.0,2
244.0,7.0,1.619415213900648,0.0,0.0,0.0,0.0,0.0,0.0,0.0,0.0,0.0,0.0,66.53846153846153,0.0,0.0,0.0,0.0,4.0,502.0,4.0,15,1,0.5512489233419466,118.48487948538686,191.0,0.0,0.0,0.0,0.0,3
248.0,3.0,0.5626585055564457,0.0,0.0,0.0,0.0,0.0,0.0,0.0,0.0,0.0,0.0,61.833333333333336,0.0,0.0,0.0,0.0,8.0,550.0,8.0,16,1,0.5512489233419466,27.147743920996128,248.5,0.0,0.0,0.0,0.0,3
102.0,5.0,1.4491587594241058,0.0,0.0,0.0,0.0,0.0,0.0,0.0,0.0,0.0,0.0,57.85714285714285,0.0,0.0,0.0,0.0,2.0,192.0,2.0,16,1,0.5512489233419466,80.3720515270492,219.5,0.0,0.0,0.0,0.0,3
170.0,3.0,0.1277833688741679,0.0,0.0,0.0,0.0,0.0,0.0,0.0,0.0,0.0,0.0,53.0,0.0,0.0,0.0,0.0,0.0,218.0,0.0,17,1,0.5512489233419466,69.33012813104163,191.0,0.0,0.0,0.0,0.0,3
134.0,2.0,0.6742034619759163,0.0,0.0,0.0,0.0,0.0,0.0,0.0,0.0,0.0,0.0,48.25,0.0,0.0,0.0,0.0,0.0,374.0,0.0,17,1,0.5512489233419466,62.80923498976869,163.5,0.0,0.0,0.0,0.0,3
134.0,5.0,1.1938759721468546,0.0,0.0,0.0,0.0,0.0,0.0,0.0,0.0,0.0,0.0,43.125,0.0,0.0,0.0,0.0,0.0,270.0,0.0,18,1,0.5512489233419466,27.784887978899324,135.0,0.0,0.0,0.0,0.0,3
444.0,8.0,1.1455673276775866,0.0,0.0,0.0,0.0,0.0,0.0,0.0,0.0,0.0,2.0,40.0,0.0,0.0,0.0,0.0,6.0,436.0,2.0,18,1,0.5512489233419466,149.963328850756,220.5,0.0,0.0,0.0,0.0,3
168.0,3.0,0.9771705224208224,0.0,0.0,0.0,0.0,0.0,0.0,0.0,0.0,0.0,0.0,44.38461538461539,0.0,0.0,0.0,0.0,8.0,248.0,8.0,19,1,0.5512489233419466,150.19098952112046,220.0,0.0,0.0,0.0,0.0,3
100.0,3.0,1.038811757142593,0.0,0.0,0.0,0.0,0.0,0.0,0.0,0.0,0.0,0.0,40.0,0.0,0.0,0.0,0.0,0.0,228.0,0.0,19,1,0.5512489233419466,157.4663985320889,211.5,0.0,0.0,0.0,0.0,3
62.0,4.0,1.0180740806472826,0.0,0.0,0.0,0.0,0.0,0.0,0.0,0.0,0.0,0.0,34.57142857142857,0.0,0.0,0.0,0.0,0.0,326.0,0.0,20,1,0.5512489233419466,172.66055330232976,193.5,0.0,0.0,0.0,0.0,2
372.0,4.0,0.5308801081153298,0.0,0.0,0.0,0.0,0.0,0.0,0.0,0.0,0.0,2.0,33.421052631578945,0.0,0.0,0.0,0.0,4.0,256.0,2.0,20,1,0.5512489233419466,138.14364504625848,175.5,0.0,0.0,0.0,0.0,3
394.0,5.0,0.6286709170985716,0.0,0.0,0.0,0.0,0.0,0.0,0.0,0.0,0.0,0.0,47.95,0.0,0.0,0.0,0.0,8.0,92.0,6.0,21,0,0.5512489233419466,175.27882549431536,232.0,0.0,0.0,0.0,0.0,2
108.0,1.0,-1.000088900581841e-12,0.0,0.0,0.0,0.0,0.0,0.0,0.0,0.0,0.0,0.0,49.22222222222222,0.0,0.0,0.0,0.0,0.0,386.0,0.0,21,0,0.5512489233419466,173.30512590995875,234.0,0.0,0.0,0.0,0.0,3
86.0,3.0,0.9062232987736862,0.0,0.0,0.0,0.0,0.0,0.0,0.0,0.0,0.0,0.0,44.66666666666666,0.0,0.0,0.0,0.0,0.0,288.0,0.0,22,0,0.5512489233419466,165.6099835959978,240.0,0.0,0.0,0.0,0.0,2
36.0,2.0,0.3488320958410319,0.0,0.0,0.0,0.0,0.0,0.0,0.0,0.0,0.0,0.0,40.66666666666666,0.0,0.0,0.0,0.0,4.0,82.0,4.0,22,0,0.5512489233419466,161.50128998452817,156.0,0.0,0.0,0.0,0.0,2
44.0,3.0,0.6001660731566456,0.0,0.0,0.0,0.0,0.0,0.0,0.0,0.0,0.0,0.0,37.66666666666666,0.0,0.0,0.0,0.0,6.0,188.0,6.0,23,0,0.5512489233419466,34.26854728950916,68.5,0.0,0.0,0.0,0.0,2
42.0,4.0,0.9550807986616576,0.0,0.0,0.0,0.0,0.0,0.0,0.0,0.0,0.0,0.0,35.142857142857146,0.0,0.0,0.0,0.0,6.0,152.0,6.0,23,0,0.5512489233419466,22.92015125022794,52.0,0.0,0.0,0.0,0.0,3
182.0,7.0,1.4133189882424515,0.0,0.0,0.0,0.0,0.0,0.0,0.0,0.0,0.0,0.0,30.23076923076923,0.0,0.0,0.0,0.0,0.0,462.0,0.0,0,0,0.5512489233419466,70.74838042904817,76.0,0.0,0.0,0.0,0.0,3
52.0,3.0,0.5359610497060694,0.0,0.0,0.0,0.0,0.0,0.0,0.0,0.0,0.0,0.0,12.333333333333334,0.0,0.0,0.0,0.0,4.0,140.0,2.0,9,1,0.5512489233419466,25.999999999999893,13.0,0.0,0.0,0.0,0.0,3
306.0,9.0,1.590323055812538,0.0,0.0,0.0,0.0,0.0,0.0,0.0,0.0,0.0,0.0,63.1875,0.0,0.0,0.0,0.0,12.0,790.0,12.0,12,1,0.5512489233419466,137.08756325794107,134.5,0.0,0.0,0.0,0.0,3
54.0,5.0,1.4661072759725686,0.0,0.0,0.0,0.0,0.0,0.0,0.0,0.0,0.0,0.0,63.25,0.0,0.0,0.0,0.0,30.0,284.0,14.0,12,1,0.5512489233419466,121.16104984688764,148.0,0.0,0.0,0.0,0.0,2
198.0,3.0,0.6753688154771862,0.0,0.0,0.0,0.0,0.0,0.0,0.0,0.0,0.0,6.0,58.91666666666666,0.0,0.0,0.0,0.0,6.0,394.0,0.0,13,1,0.5512489233419466,103.271486868351,184.5,0.0,0.0,0.0,0.0,3
716.0,1.0,-1.000088900581841e-12,0.0,0.0,0.0,0.0,0.0,0.0,0.0,0.0,0.0,0.0,72.43333333333334,0.0,0.0,0.0,0.0,0.0,0.0,0.0,13,1,0.5512489233419466,284.3958508839396,318.5,0.0,0.0,0.0,0.0,2
640.0,3.0,0.2374869916297017,0.0,0.0,0.0,0.0,0.0,0.0,0.0,0.0,0.0,0.0,88.0,0.0,0.0,0.0,0.0,6.0,204.0,2.0,14,1,0.5512489233419466,325.555934774144,402.0,0.0,0.0,0.0,0.0,3
196.0,1.0,-1.000088900581841e-12,0.0,0.0,0.0,0.0,0.0,0.0,0.0,0.0,0.0,0.0,88.35714285714286,0.0,0.0,0.0,0.0,12.0,476.0,6.0,14,1,0.5512489233419466,279.4345480907232,437.5,0.0,0.0,0.0,0.0,3
92.0,2.0,0.4620369094644571,0.0,0.0,0.0,0.0,0.0,0.0,0.0,0.0,0.0,0.0,83.33333333333333,0.0,0.0,0.0,0.0,0.0,498.0,0.0,15,1,0.5512489233419466,312.7576271385453,411.0,0.0,0.0,0.0,0.0,2
76.0,3.0,0.2426734811860184,0.0,0.0,0.0,0.0,0.0,0.0,0.0,0.0,0.0,0.0,78.71428571428571,0.0,0.0,0.0,0.0,0.0,288.0,0.0,15,1,0.5512489233419466,264.73382859015203,251.0,0.0,0.0,0.0,0.0,2
130.0,6.0,1.5997566213400805,0.0,0.0,0.0,0.0,0.0,0.0,0.0,0.0,0.0,0.0,74.7,0.0,0.0,0.0,0.0,6.0,792.0,4.0,16,1,0.5512489233419466,53.37602458033014,123.5,0.0,0.0,0.0,0.0,3
106.0,4.0,1.0037123836646198,0.0,0.0,0.0,0.0,0.0,0.0,0.0,0.0,0.0,0.0,70.0,0.0,0.0,0.0,0.0,0.0,520.0,0.0,16,1,0.5512489233419466,22.891046284519337,101.0,0.0,0.0,0.0,0.0,3
80.0,2.0,0.1169068491355311,0.0,0.0,0.0,0.0,0.0,0.0,0.0,0.0,0.0,6.0,65.42857142857143,0.0,0.0,0.0,0.0,12.0,564.0,4.0,17,1,0.5512489233419466,25.1396101799532,98.0,0.0,0.0,0.0,0.0,3
710.0,4.0,0.8118286627696615,0.0,0.0,0.0,0.0,0.0,0.0,0.0,0.0,0.0,0.0,74.63333333333334,0.0,0.0,0.0,0.0,6.0,498.0,4.0,17,1,0.5512489233419466,303.0220014014384,256.5,0.0,0.0,0.0,0.0,3
562.0,5.0,0.9480211169062448,0.0,0.0,0.0,0.0,0.0,0.0,0.0,0.0,0.0,0.0,89.76,0.0,0.0,0.0,0.0,6.0,1018.0,0.0,18,1,0.5512489233419466,319.4469178648204,364.5,0.0,0.0,0.0,0.0,3
396.0,5.0,1.0076613202059987,0.0,0.0,0.0,0.0,0.0,0.0,0.0,0.0,0.0,0.0,95.26315789473684,0.0,0.0,0.0,0.0,0.0,1180.0,4.0,18,1,0.5512489233419466,270.3602534890561,437.0,0.0,0.0,0.0,0.0,3
194.0,6.0,1.428965549841967,0.0,0.0,0.0,0.0,0.0,0.0,0.0,0.0,0.0,0.0,93.13333333333334,0.0,0.0,0.0,0.0,24.0,498.0,8.0,19,1,0.5512489233419466,221.83702726701569,465.5,0.0,0.0,0.0,0.0,3
126.0,5.0,1.370659652325834,0.0,0.0,0.0,0.0,0.0,0.0,0.0,0.0,0.0,0.0,89.55555555555556,0.0,0.0,0.0,0.0,0.0,368.0,4.0,19,1,0.5512489233419466,198.2010763509287,319.5,0.0,0.0,0.0,0.0,2
34.0,3.0,1.0027399543943454,0.0,0.0,0.0,0.0,0.0,0.0,0.0,0.0,0.0,0.0,86.85714285714286,0.0,0.0,0.0,0.0,6.0,66.0,4.0,20,1,0.5512489233419466,153.68691117550208,187.5,0.0,0.0,0.0,0.0,2
240.0,1.0,-1.000088900581841e-12,0.0,0.0,0.0,0.0,0.0,0.0,0.0,0.0,0.0,0.0,83.86666666666666,0.0,0.0,0.0,0.0,0.0,464.0,0.0,20,1,0.5512489233419466,89.55259162451227,148.5,0.0,0.0,0.0,0.0,3
134.0,5.0,1.5647650379220457,0.0,0.0,0.0,0.0,0.0,0.0,0.0,0.0,0.0,0.0,79.9,0.0,0.0,0.0,0.0,6.0,446.0,2.0,21,0,0.5512489233419466,84.25951973911711,133.5,0.0,0.0,0.0,0.0,3
90.0,2.0,0.5297061990556545,0.0,0.0,0.0,0.0,0.0,0.0,0.0,0.0,0.0,0.0,75.42857142857143,0.0,0.0,0.0,0.0,0.0,252.0,0.0,21,0,0.5512489233419466,87.19900611054386,124.5,0.0,0.0,0.0,0.0,3
140.0,3.0,0.9274970630257624,0.0,0.0,0.0,0.0,0.0,0.0,0.0,0.0,0.0,0.0,72.66666666666667,0.0,0.0,0.0,0.0,12.0,426.0,6.0,22,0,0.5512489233419466,63.38243710471643,151.0,0.0,0.0,0.0,0.0,3
74.0,4.0,0.911471714578808,0.0,0.0,0.0,0.0,0.0,0.0,0.0,0.0,0.0,0.0,68.77777777777777,0.0,0.0,0.0,0.0,6.0,332.0,10.0,22,0,0.5512489233419466,32.51153641401772,109.5,0.0,0.0,0.0,0.0,3
88.0,3.0,0.846547889699269,0.0,0.0,0.0,0.0,0.0,0.0,0.0,0.0,0.0,0.0,66.75,0.0,0.0,0.0,0.0,24.0,286.0,18.0,23,0,0.5512489233419466,28.89059824002728,98.0,0.0,0.0,0.0,0.0,2
128.0,7.0,1.814194364414344,0.0,0.0,0.0,0.0,0.0,0.0,0.0,0.0,0.0,0.0,63.375,0.0,0.0,0.0,0.0,12.0,458.0,4.0,23,0,0.5512489233419466,31.511902513177468,107.5,0.0,0.0,0.0,0.0,2
32.0,3.0,0.9743147528663494,0.0,0.0,0.0,0.0,0.0,0.0,0.0,0.0,0.0,0.0,34.0,0.0,0.0,0.0,0.0,6.0,38.0,4.0,9,1,0.5512489233419466,15.099668870541503,11.0,0.0,0.0,0.0,0.0,2
32.0,3.0,0.8815322611851637,0.0,0.0,0.0,0.0,0.0,0.0,0.0,0.0,0.0,0.0,33.142857142857146,0.0,0.0,0.0,0.0,6.0,46.0,2.0,9,1,0.5512489233419466,15.79029237643602,19.0,0.0,0.0,0.0,0.0,2
164.0,5.0,1.240348308603379,0.0,0.0,0.0,0.0,0.0,0.0,0.0,0.0,0.0,0.0,29.818181818181817,0.0,0.0,0.0,0.0,12.0,450.0,4.0,10,1,0.5512489233419466,69.9714227381436,60.0,0.0,0.0,0.0,0.0,3
60.0,5.0,1.5388643486954237,0.0,0.0,0.0,0.0,0.0,0.0,0.0,0.0,0.0,0.0,26.25,0.0,0.0,0.0,0.0,0.0,258.0,2.0,10,1,0.5512489233419466,62.73754856543249,72.0,0.0,0.0,0.0,0.0,3
218.0,3.0,0.217047104814887,0.0,0.0,0.0,0.0,0.0,0.0,0.0,0.0,0.0,6.0,33.785714285714285,0.0,0.0,0.0,0.0,18.0,50.0,4.0,11,1,0.5512489233419466,87.32124598286491,118.5,0.0,0.0,0.0,0.0,3
480.0,2.0,0.0269939695415286,0.0,0.0,0.0,0.0,0.0,0.0,0.0,0.0,0.0,0.0,59.45454545454545,0.0,0.0,0.0,0.0,6.0,26.0,4.0,11,1,0.5512489233419466,178.79131224232717,230.5,0.0,0.0,0.0,0.0,3
224.0,9.0,1.38466214485811,0.0,0.0,0.0,0.0,0.0,0.0,0.0,0.0,0.0,0.0,79.5,0.0,0.0,0.0,0.0,6.0,516.0,4.0,12,1,0.5512489233419466,173.79969313359945,245.5,0.0,0.0,0.0,0.0,3
64.0,2.0,0.1390607984527411,0.0,0.0,0.0,0.0,0.0,0.0,0.0,0.0,0.0,6.0,76.125,0.0,0.0,0.0,0.0,12.0,0.0,2.0,12,1,0.5512489233419466,172.3823270137245,246.5,0.0,0.0,0.0,0.0,2
480.0,3.0,0.7073139374703336,0.0,0.0,0.0,0.0,0.0,0.0,0.0,0.0,0.0,0.0,85.54545454545455,0.0,0.0,0.0,0.0,12.0,146.0,6.0,13,1,0.5512489233419466,204.6916379988852,312.0,0.0,0.0,0.0,0.0,2
58.0,2.0,0.5526646224924002,0.0,0.0,0.0,0.0,0.0,0.0,0.0,0.0,0.0,0.0,90.0,0.0,0.0,0.0,0.0,12.0,94.0,4.0,13,1,0.5512489233419466,197.8779084856788,206.5,0.0,0.0,0.0,0.0,3
158.0,6.0,1.3928751903659546,0.0,0.0,0.0,0.0,0.0,0.0,0.0,0.0,0.0,0.0,88.0,0.0,0.0,0.0,0.0,6.0,474.0,6.0,14,1,0.5512489233419466,198.6823260047724,190.0,0.0,0.0,0.0,0.0,3
12.0,1.0,-1.000088900581841e-12,0.0,0.0,0.0,0.0,0.0,0.0,0.0,0.0,0.0,0.0,86.33333333333333,0.0,0.0,0.0,0.0,0.0,0.0,0.0,14,1,0.5512489233419466,210.99447070164345,177.0,0.0,0.0,0.0,0.0,3
94.0,2.0,0.175975125095627,0.0,0.0,0.0,0.0,0.0,0.0,0.0,0.0,0.0,0.0,84.33333333333333,0.0,0.0,0.0,0.0,6.0,348.0,2.0,15,1,0.5512489233419466,61.60898202913814,80.5,0.0,0.0,0.0,0.0,3
58.0,2.0,0.149994923608415,0.0,0.0,0.0,0.0,0.0,0.0,0.0,0.0,0.0,0.0,79.33333333333333,0.0,0.0,0.0,0.0,6.0,460.0,2.0,15,1,0.5512489233419466,61.60898202913814,80.5,0.0,0.0,0.0,0.0,3
34.0,3.0,0.8463658296232874,0.0,0.0,0.0,0.0,0.0,0.0,0.0,0.0,0.0,0.0,77.14285714285714,0.0,0.0,0.0,0.0,6.0,126.0,2.0,16,1,0.5512489233419466,35.11409973215888,49.5,0.0,0.0,0.0,0.0,3
132.0,6.0,1.5209431447690016,0.0,0.0,0.0,0.0,0.0,0.0,0.0,0.0,0.0,0.0,74.45454545454545,0.0,0.0,0.0,0.0,18.0,544.0,8.0,16,1,0.5512489233419466,42.81354925721529,79.5,0.0,0.0,0.0,0.0,3
72.0,5.0,1.4904044047467382,0.0,0.0,0.0,0.0,0.0,0.0,0.0,0.0,0.0,0.0,71.88888888888889,0.0,0.0,0.0,0.0,12.0,188.0,6.0,17,1,0.5512489233419466,41.72928627874353,74.0,0.0,0.0,0.0,0.0,2
26.0,2.0,0.666278442412676,0.0,0.0,0.0,0.0,0.0,0.0,0.0,0.0,0.0,0.0,71.0,0.0,0.0,0.0,0.0,12.0,12.0,4.0,17,1,0.5512489233419466,48.359762888859024,66.0,0.0,0.0,0.0,0.0,3
64.0,2.0,0.6434915530172902,0.0,0.0,0.0,0.0,0.0,0.0,0.0,0.0,0.0,0.0,68.42857142857143,0.0,0.0,0.0,0.0,0.0,232.0,0.0,18,1,0.5512489233419466,43.85962456139663,73.5,0.0,0.0,0.0,0.0,3
36.0,5.0,1.567056442432618,0.0,0.0,0.0,0.0,0.0,0.0,0.0,0.0,0.0,0.0,66.5,0.0,0.0,0.0,0.0,18.0,48.0,8.0,18,1,0.5512489233419466,21.992422937608907,49.5,0.0,0.0,0.0,0.0,3
120.0,2.0,0.6108643020528935,0.0,0.0,0.0,0.0,0.0,0.0,0.0,0.0,0.0,0.0,64.18181818181819,0.0,0.0,0.0,0.0,24.0,148.0,8.0,19,1,0.5512489233419466,42.18609565563832,61.5,0.0,0.0,0.0,0.0,3
174.0,5.0,1.416461093361968,0.0,0.0,0.0,0.0,0.0,0.0,0.0,0.0,0.0,0.0,61.25,0.0,0.0,0.0,0.0,18.0,400.0,10.0,19,1,0.5512489233419466,61.26173356998641,98.5,0.0,0.0,0.0,0.0,3
12.0,1.0,-1.000088900581841e-12,0.0,0.0,0.0,0.0,0.0,0.0,0.0,0.0,0.0,0.0,59.0,0.0,0.0,0.0,0.0,0.0,0.0,0.0,20,1,0.5512489233419466,75.0,85.5,0.0,0.0,0.0,0.0,2
26.0,4.0,1.2047933096907844,0.0,0.0,0.0,0.0,0.0,0.0,0.0,0.0,0.0,0.0,57.833333333333336,0.0,0.0,0.0,0.0,12.0,128.0,4.0,20,1,0.5512489233419466,77.33045971672482,83.0,0.0,0.0,0.0,0.0,3
24.0,2.0,0.4505612088643047,0.0,0.0,0.0,0.0,0.0,0.0,0.0,0.0,0.0,0.0,56.333333333333336,0.0,0.0,0.0,0.0,12.0,356.0,6.0,21,0,0.5512489233419466,76.91553809211764,59.0,0.0,0.0,0.0,0.0,2
126.0,4.0,1.073797326787445,0.0,0.0,0.0,0.0,0.0,0.0,0.0,0.0,0.0,0.0,54.11111111111112,0.0,0.0,0.0,0.0,18.0,532.0,10.0,21,0,0.5512489233419466,53.028294334251406,47.0,0.0,0.0,0.0,0.0,3
46.0,3.0,0.8058274790543103,0.0,0.0,0.0,0.0,0.0,0.0,0.0,0.0,0.0,0.0,52.375,0.0,0.0,0.0,0.0,12.0,94.0,4.0,22,0,0.5512489233419466,48.03817926052845,55.5,0.0,0.0,0.0,0.0,2
42.0,2.0,0.5982695885832573,0.0,0.0,0.0,0.0,0.0,0.0,0.0,0.0,0.0,0.0,50.71428571428572,0.0,0.0,0.0,0.0,6.0,108.0,2.0,22,0,0.5512489233419466,45.35416188179426,59.5,0.0,0.0,0.0,0.0,2
26.0,3.0,0.7902679680715903,0.0,0.0,0.0,0.0,0.0,0.0,0.0,0.0,0.0,0.0,49.66666666666666,0.0,0.0,0.0,0.0,6.0,104.0,6.0,23,0,0.5512489233419466,44.84045792213396,60.0,0.0,0.0,0.0,0.0,2
80.0,2.0,0.69189665920308,0.0,0.0,0.0,0.0,0.0,0.0,0.0,0.0,0.0,0.0,46.42857142857143,0.0,0.0,0.0,0.0,0.0,420.0,0.0,23,0,0.5512489233419466,22.70829510700145,48.5,0.0,0.0,0.0,0.0,3
120.0,2.0,0.6474466390326326,0.0,0.0,0.0,0.0,0.0,0.0,0.0,0.0,0.0,0.0,41.72727272727273,0.0,0.0,0.0,0.0,12.0,560.0,0.0,0,0,0.5512489233419466,41.96824196143237,67.0,0.0,0.0,0.0,0.0,3
490.0,4.0,0.9308715328081189,0.0,0.0,0.0,0.0,0.0,0.0,0.0,0.0,0.0,0.0,60.63636363636363,0.0,0.0,0.0,0.0,4.0,230.0,4.0,9,1,0.5512489233419466,319.22144873634875,273.5,0.0,0.0,0.0,0.0,2
704.0,4.0,0.5590290288257524,0.0,0.0,0.0,0.0,0.0,0.0,0.0,0.0,0.0,4.0,85.4,0.0,0.0,0.0,0.0,8.0,200.0,6.0,10,1,0.5512489233419466,312.1596813598237,449.5,0.0,0.0,0.0,0.0,3
202.0,7.0,1.083775170708139,0.0,0.0,0.0,0.0,0.0,0.0,0.0,0.0,0.0,0.0,91.47058823529412,4.0,0.0,0.0,0.0,16.0,314.0,10.0,10,1,0.5512489233419466,217.05298892206025,500.0,0.0,0.0,0.0,0.0,3
74.0,3.0,0.7654225169124467,0.0,0.0,0.0,0.0,0.0,0.0,0.0,0.0,0.0,0.0,87.25,4.0,0.0,0.0,0.0,4.0,314.0,4.0,11,1,0.5512489233419466,283.8843661305309,367.5,0.0,0.0,0.0,0.0,3
12.0,1.0,-1.000088900581841e-12,0.0,0.0,0.0,0.0,0.0,0.0,0.0,0.0,0.0,0.0,84.5,0.0,0.0,0.0,0.0,0.0,0.0,0.0,11,1,0.5512489233419466,314.1252404164088,248.0,0.0,0.0,0.0,0.0,3
76.0,3.0,0.8246593237634705,0.0,0.0,0.0,0.0,0.0,0.0,0.0,0.0,0.0,0.0,83.44444444444444,0.0,0.0,0.0,0.0,4.0,294.0,4.0,12,1,0.5512489233419466,79.74124821362308,91.0,0.0,0.0,0.0,0.0,2
74.0,3.0,0.6713877348535796,0.0,0.0,0.0,0.0,0.0,0.0,0.0,0.0,0.0,0.0,79.625,0.0,0.0,0.0,0.0,4.0,200.0,2.0,12,1,0.5512489233419466,31.347514521356352,59.0,0.0,0.0,0.0,0.0,3
20.0,2.0,0.3250829733894482,0.0,0.0,0.0,0.0,0.0,0.0,0.0,0.0,0.0,0.0,77.83333333333333,0.0,0.0,0.0,0.0,4.0,56.0,4.0,13,1,0.5512489233419466,34.22961680572319,45.5,0.0,0.0,0.0,0.0,3
40.0,6.0,1.4956157801665029,0.0,0.0,0.0,0.0,0.0,0.0,0.0,0.0,0.0,0.0,76.42857142857143,0.0,0.0,0.0,0.0,8.0,112.0,8.0,13,1,0.5512489233419466,27.245794782558903,52.5,0.0,0.0,0.0,0.0,3
210.0,4.0,1.10079954545236,0.0,0.0,0.0,0.0,0.0,0.0,0.0,0.0,0.0,0.0,73.5,0.0,0.0,0.0,0.0,12.0,432.0,10.0,14,1,0.5512489233419466,85.61931246317415,86.0,0.0,0.0,0.0,0.0,3
14.0,2.0,0.6829081046984717,0.0,0.0,0.0,0.0,0.0,0.0,0.0,0.0,0.0,0.0,71.5,0.0,0.0,0.0,0.0,4.0,6.0,4.0,14,1,0.5512489233419466,93.3309523505822,71.0,0.0,0.0,0.0,0.0,3
38.0,2.0,0.6917614988504178,0.0,0.0,0.0,0.0,0.0,0.0,0.0,0.0,0.0,0.0,70.0,0.0,0.0,0.0,0.0,4.0,258.0,4.0,15,1,0.5512489233419466,90.44150964389443,75.5,0.0,0.0,0.0,0.0,2
462.0,4.0,0.5073597410697541,0.0,0.0,0.0,0.0,0.0,0.0,0.0,0.0,0.0,0.0,65.27272727272727,0.0,0.0,0.0,0.0,4.0,780.0,4.0,15,1,0.5512489233419466,206.67204294082285,181.0,0.0,0.0,0.0,0.0,2
80.0,2.0,0.3767701612544368,0.0,0.0,0.0,0.0,0.0,0.0,0.0,0.0,0.0,0.0,61.625,0.0,0.0,0.0,0.0,8.0,280.0,4.0,16,1,0.5512489233419466,210.7723890835799,148.5,0.0,0.0,0.0,0.0,3
72.0,1.0,-1.000088900581841e-12,0.0,0.0,0.0,0.0,0.0,0.0,0.0,0.0,0.0,0.0,56.85714285714285,0.0,0.0,0.0,0.0,4.0,366.0,4.0,16,1,0.5512489233419466,200.16326669330044,163.0,0.0,0.0,0.0,0.0,3
166.0,3.0,1.0172375482366085,0.0,0.0,0.0,0.0,0.0,0.0,0.0,0.0,0.0,4.0,52.92857142857143,0.0,0.0,0.0,0.0,8.0,340.0,4.0,17,1,0.5512489233419466,183.01548204091,195.0,0.0,0.0,0.0,0.0,3
98.0,4.0,1.2985247425634288,0.0,0.0,0.0,0.0,0.0,0.0,0.0,0.0,0.0,0.0,55.5,0.0,0.0,0.0,0.0,16.0,208.0,16.0,17,1,0.5512489233419466,42.73952113286545,104.0,0.0,0.0,0.0,0.0,3
160.0,3.0,0.6969150969687418,0.0,0.0,0.0,0.0,0.0,0.0,0.0,0.0,0.0,0.0,52.42857142857143,0.0,0.0,0.0,0.0,8.0,358.0,8.0,18,1,0.5512489233419466,46.33213427705065,124.0,0.0,0.0,0.0,0.0,3
62.0,2.0,0.6884572217873626,0.0,0.0,0.0,0.0,0.0,0.0,0.0,0.0,0.0,0.0,48.71428571428572,0.0,0.0,0.0,0.0,8.0,134.0,6.0,18,1,0.5512489233419466,50.18299844900979,121.5,0.0,0.0,0.0,0.0,3
46.0,1.0,-1.000088900581841e-12,0.0,0.0,0.0,0.0,0.0,0.0,0.0,0.0,0.0,0.0,46.0,0.0,0.0,0.0,0.0,0.0,18.0,0.0,19,1,0.5512489233419466,50.57996968497825,91.5,0.0,0.0,0.0,0.0,3
282.0,3.0,0.5687019646459308,0.0,0.0,0.0,0.0,0.0,0.0,0.0,0.0,0.0,4.0,45.41176470588236,0.0,0.0,0.0,0.0,12.0,204.0,6.0,19,1,0.5512489233419466,108.71829039617324,137.5,0.0,0.0,0.0,0.0,2
714.0,1.0,-1.000088900581841e-12,0.0,0.0,0.0,0.0,0.0,0.0,0.0,0.0,0.0,0.0,63.13333333333333,0.0,0.0,0.0,0.0,4.0,0.0,0.0,20,1,0.5512489233419466,311.2212503455808,276.0,0.0,0.0,0.0,0.0,2
44.0,3.0,0.7559829155416122,0.0,0.0,0.0,0.0,0.0,0.0,0.0,0.0,0.0,0.0,75.66666666666667,0.0,0.0,0.0,0.0,8.0,96.0,6.0,20,1,0.5512489233419466,315.44835816131086,271.5,0.0,0.0,0.0,0.0,2
12.0,1.0,-1.000088900581841e-12,0.0,0.0,0.0,0.0,0.0,0.0,0.0,0.0,0.0,0.0,75.0,0.0,0.0,0.0,0.0,0.0,0.0,0.0,21,0,0.5512489233419466,323.8950447289986,263.0,0.0,0.0,0.0,0.0,4
10.0,1.0,-1.000088900581841e-12,0.0,0.0,0.0,0.0,0.0,0.0,0.0,0.0,0.0,0.0,74.16666666666667,0.0,0.0,0.0,0.0,0.0,0.0,0.0,21,0,0.5512489233419466,346.350496847726,195.0,0.0,0.0,0.0,0.0,4
174.0,3.0,0.4395052517675948,0.0,0.0,0.0,0.0,0.0,0.0,0.0,0.0,0.0,0.0,72.6,2.0,0.0,0.0,0.0,8.0,216.0,4.0,22,0,0.5512489233419466,77.58006616822807,60.0,0.0,0.0,0.0,0.0,2
236.0,3.0,0.7095001108285939,0.0,0.0,0.0,0.0,0.0,0.0,0.0,0.0,0.0,0.0,69.4,0.0,0.0,0.0,0.0,8.0,544.0,6.0,22,0,0.5512489233419466,114.8332123850354,108.0,0.0,0.0,0.0,0.0,3
36.0,1.0,-1.000088900581841e-12,0.0,0.0,0.0,0.0,0.0,0.0,0.0,0.0,0.0,0.0,67.75,0.0,0.0,0.0,0.0,4.0,74.0,2.0,23,0,0.5512489233419466,108.60325348103824,114.0,0.0,0.0,0.0,0.0,3
128.0,4.0,1.191885873085717,0.0,0.0,0.0,0.0,0.0,0.0,0.0,0.0,0.0,0.0,64.125,0.0,0.0,0.0,0.0,0.0,362.0,0.0,23,0,0.5512489233419466,84.22786553945977,143.5,0.0,0.0,0.0,0.0,2
0.0,0.0,0.0,0.0,0.0,0.0,0.0,0.0,0.0,0.0,0.0,0.0,0.0,47.0,0.0,0.0,0.0,0.0,0.0,0.0,0.0,8,1,0.5512489233419466,0.0,0.0,0.0,0.0,0.0,0.0,2
0.0,0.0,0.0,0.0,0.0,0.0,0.0,0.0,0.0,0.0,0.0,0.0,0.0,47.0,4.0,0.0,0.0,0.0,0.0,0.0,0.0,8,1,0.5512489233419466,0.0,0.0,0.0,0.0,0.0,0.0,2
0.0,0.0,0.0,0.0,0.0,0.0,0.0,0.0,0.0,0.0,0.0,0.0,0.0,46.0,0.0,0.0,0.0,0.0,0.0,0.0,0.0,9,1,0.5512489233419466,0.0,0.0,0.0,0.0,0.0,0.0,2
368.0,4.0,0.6125094311469736,0.0,0.0,0.0,0.0,0.0,0.0,0.0,0.0,0.0,4.0,47.63157894736842,0.0,0.0,0.0,0.0,16.0,214.0,8.0,9,1,0.5512489233419466,184.0,92.0,0.0,0.0,0.0,0.0,2
714.0,1.0,-1.000088900581841e-12,0.0,0.0,0.0,0.0,0.0,0.0,0.0,0.0,0.0,0.0,72.86666666666666,0.0,0.0,0.0,0.0,0.0,0.0,0.0,10,1,0.5512489233419466,342.8016919444827,270.5,0.0,0.0,0.0,0.0,2
392.0,5.0,1.1665364122970894,0.0,0.0,0.0,0.0,0.0,0.0,0.0,0.0,0.0,0.0,90.5,0.0,0.0,0.0,0.0,4.0,456.0,4.0,10,1,0.5512489233419466,291.95604692030844,368.5,0.0,0.0,0.0,0.0,2
98.0,3.0,0.4566513449069768,0.0,0.0,0.0,0.0,0.0,0.0,0.0,0.0,0.0,0.0,91.14285714285714,0.0,0.0,0.0,0.0,4.0,228.0,2.0,11,1,0.5512489233419466,252.11901951261035,393.0,0.0,0.0,0.0,0.0,2
104.0,2.0,0.645033151674034,0.0,0.0,0.0,0.0,0.0,0.0,0.0,0.0,0.0,0.0,87.14285714285714,0.0,0.0,0.0,0.0,4.0,242.0,2.0,11,1,0.5512489233419466,292.2122516254238,327.0,0.0,0.0,0.0,0.0,3
32.0,3.0,0.7029189307705104,0.0,0.0,0.0,0.0,0.0,0.0,0.0,0.0,0.0,0.0,84.28571428571429,0.0,0.0,0.0,0.0,12.0,74.0,12.0,12,1,0.5512489233419466,160.3527361787132,156.5,0.0,0.0,0.0,0.0,2
156.0,2.0,0.0685932179345961,0.0,0.0,0.0,0.0,0.0,0.0,0.0,0.0,0.0,0.0,81.4,0.0,0.0,0.0,0.0,8.0,316.0,8.0,12,1,0.5512489233419466,50.84289527554464,97.5,0.0,0.0,0.0,0.0,3
74.0,3.0,0.8133974703142687,0.0,0.0,0.0,0.0,0.0,0.0,0.0,0.0,0.0,0.0,77.375,0.0,0.0,0.0,0.0,4.0,178.0,2.0,13,1,0.5512489233419466,52.16320542297991,91.5,0.0,0.0,0.0,0.0,2
46.0,2.0,0.6693279632906456,0.0,0.0,0.0,0.0,0.0,0.0,0.0,0.0,0.0,0.0,76.14285714285714,0.0,0.0,0.0,0.0,4.0,16.0,6.0,13,1,0.5512489233419466,55.48573390220829,77.0,0.0,0.0,0.0,0.0,2
70.0,3.0,0.5672608936233507,0.0,0.0,0.0,4.0,0.0,0.0,0.0,0.0,0.0,0.0,74.75,0.0,0.0,0.0,0.0,8.0,196.0,2.0,14,1,0.5512489233419466,47.95483986696928,86.5,0.0,0.0,2.0,1.0,3
82.0,2.0,0.1949086871858176,0.0,0.0,0.0,0.0,0.0,0.0,0.0,0.0,0.0,0.0,65.75,0.0,0.0,0.0,0.0,0.0,76.0,2.0,14,1,0.5512489233419466,15.49193338482966,68.0,0.0,0.0,2.0,1.0,2
240.0,4.0,1.0138081569815829,0.0,0.0,0.0,0.0,0.0,0.0,0.0,0.0,0.0,0.0,54.583333333333336,0.0,0.0,0.0,0.0,0.0,324.0,0.0,15,1,0.5512489233419466,88.2779700718135,109.5,0.0,0.0,2.0,1.0,2
316.0,5.0,0.8937445073513008,0.0,0.0,0.0,2.0,0.0,0.0,0.0,0.0,0.0,4.0,49.86666666666667,0.0,0.0,0.0,0.0,8.0,372.0,4.0,15,1,0.5512489233419466,120.780793175074,177.0,0.0,0.0,1.914854215512676,1.5,2
326.0,3.0,0.8086545653843041,0.0,0.0,0.0,0.0,0.0,0.0,0.0,0.0,0.0,0.0,67.82352941176471,0.0,0.0,0.0,0.0,8.0,262.0,8.0,16,1,0.5512489233419466,112.74159244336876,241.0,0.0,0.0,1.0,0.5,3
68.0,2.0,0.4659992569590426,0.0,0.0,0.0,0.0,0.0,0.0,0.0,0.0,0.0,0.0,78.5,0.0,0.0,0.0,0.0,8.0,180.0,4.0,16,1,0.5512489233419466,119.34683350079575,237.5,0.0,0.0,1.0,0.5,3
126.0,5.0,1.4397645714960396,0.0,0.0,0.0,0.0,0.0,0.0,0.0,0.0,0.0,0.0,76.33333333333333,0.0,0.0,0.0,0.0,12.0,290.0,12.0,17,1,0.5512489233419466,131.53960113466465,209.0,0.0,0.0,1.0,0.5,3
156.0,4.0,0.926480586146334,0.0,0.0,0.0,0.0,0.0,0.0,0.0,0.0,0.0,0.0,70.6,0.0,0.0,0.0,0.0,8.0,664.0,2.0,17,1,0.5512489233419466,110.8572655865791,169.0,0.0,0.0,0.0,0.0,3
40.0,2.0,0.5623351446168083,0.0,0.0,0.0,0.0,0.0,0.0,0.0,0.0,0.0,0.0,66.0,0.0,0.0,0.0,0.0,0.0,84.0,0.0,18,1,0.5512489233419466,52.94966162938785,97.5,0.0,0.0,0.0,0.0,2
12.0,1.0,-1.000088900581841e-12,0.0,0.0,0.0,0.0,0.0,0.0,0.0,0.0,0.0,0.0,64.5,0.0,0.0,0.0,0.0,0.0,0.0,0.0,18,1,0.5512489233419466,68.47627326307997,83.5,0.0,0.0,0.0,0.0,2
164.0,3.0,0.2947323762376962,0.0,0.0,0.0,0.0,0.0,0.0,0.0,0.0,0.0,0.0,62.76923076923077,0.0,0.0,0.0,0.0,24.0,204.0,16.0,19,1,0.5512489233419466,78.27302643099134,93.0,0.0,0.0,0.0,0.0,3
46.0,2.0,0.2954391918701161,0.0,0.0,0.0,0.0,0.0,0.0,0.0,0.0,0.0,0.0,60.71428571428572,0.0,0.0,0.0,0.0,8.0,110.0,10.0,19,1,0.5512489233419466,67.31765494033989,65.5,0.0,0.0,0.0,0.0,2
14.0,2.0,0.410116318286409,0.0,0.0,0.0,0.0,0.0,0.0,0.0,0.0,0.0,0.0,59.42857142857143,0.0,0.0,0.0,0.0,4.0,14.0,2.0,20,1,0.5512489233419466,71.71238851597866,59.0,0.0,0.0,0.0,0.0,3
88.0,2.0,0.6069636115062723,0.0,0.0,0.0,0.0,0.0,0.0,0.0,0.0,0.0,0.0,58.125,0.0,0.0,0.0,0.0,8.0,142.0,4.0,20,1,0.5512489233419466,64.84854148963827,78.0,0.0,0.0,0.0,0.0,3
132.0,4.0,1.207728846175091,0.0,0.0,0.0,0.0,0.0,0.0,0.0,0.0,0.0,0.0,55.09090909090909,0.0,0.0,0.0,0.0,4.0,340.0,2.0,21,0,0.5512489233419466,51.25101625008686,70.0,0.0,0.0,0.0,0.0,2
12.0,1.0,-1.000088900581841e-12,0.0,0.0,0.0,0.0,0.0,0.0,0.0,0.0,0.0,0.0,54.0,0.0,0.0,0.0,0.0,0.0,0.0,0.0,21,0,0.5512489233419466,58.81893119282828,61.5,0.0,0.0,0.0,0.0,2
38.0,2.0,0.5763341277547498,0.0,0.0,0.0,0.0,0.0,0.0,0.0,0.0,0.0,0.0,53.285714285714285,4.0,0.0,0.0,0.0,4.0,10.0,2.0,22,0,0.5512489233419466,53.32604116814474,67.5,0.0,0.0,0.0,0.0,1
12.0,1.0,-1.000088900581841e-12,0.0,0.0,0.0,0.0,0.0,0.0,0.0,0.0,0.0,0.0,52.0,0.0,0.0,0.0,0.0,0.0,8.0,0.0,22,0,0.5512489233419466,57.000000000000014,48.5,0.0,0.0,0.0,0.0,2
100.0,3.0,1.0458861105198145,0.0,0.0,0.0,0.0,0.0,0.0,0.0,0.0,0.0,0.0,50.9,0.0,0.0,0.0,0.0,4.0,258.0,4.0,23,0,0.5512489233419466,41.51706476458407,40.5,0.0,0.0,0.0,0.0,2
140.0,5.0,1.3986315084818193,0.0,0.0,0.0,0.0,0.0,0.0,0.0,0.0,0.0,0.0,48.16666666666666,0.0,0.0,0.0,0.0,8.0,210.0,12.0,23,0,0.5512489233419466,58.20366540576863,72.5,0.0,0.0,0.0,0.0,2
0.0,0.0,0.0,0.0,0.0,0.0,0.0,0.0,0.0,0.0,0.0,0.0,0.0,22.0,0.0,0.0,0.0,0.0,0.0,0.0,0.0,8,1,0.5512489233419466,0.0,0.0,0.0,0.0,0.0,0.0,2
42.0,2.0,0.5488743844829944,0.0,0.0,0.0,0.0,0.0,0.0,0.0,0.0,0.0,0.0,19.857142857142858,0.0,0.0,0.0,0.0,4.0,146.0,4.0,8,1,0.5512489233419466,21.000000000000032,10.5,0.0,0.0,0.0,0.0,2
292.0,4.0,0.8114310464051379,0.0,0.0,0.0,0.0,0.0,0.0,0.0,0.0,0.0,4.0,19.125,0.0,0.0,0.0,0.0,4.0,336.0,0.0,9,1,0.5512489233419466,140.40299142112323,83.5,0.0,0.0,0.0,0.0,2
712.0,5.0,1.053718819787384,0.0,0.0,0.0,0.0,0.0,0.0,0.0,0.0,0.0,0.0,44.46666666666667,0.0,0.0,0.0,0.0,4.0,362.0,4.0,9,1,0.5512489233419466,326.82462167549943,261.5,0.0,0.0,0.0,0.0,2
690.0,2.0,0.4138085318361593,0.0,0.0,0.0,0.0,0.0,0.0,0.0,0.0,0.0,0.0,77.58620689655173,0.0,0.0,0.0,0.0,0.0,762.0,0.0,10,1,0.5512489233419466,324.8835688878915,434.0,0.0,0.0,0.0,0.0,2
170.0,4.0,0.4678512306440113,0.0,0.0,0.0,0.0,0.0,0.0,0.0,0.0,0.0,0.0,91.6923076923077,0.0,0.0,0.0,0.0,12.0,490.0,12.0,10,1,0.5512489233419466,276.0338143537249,466.0,0.0,0.0,0.0,0.0,3
90.0,4.0,1.1746485254032593,0.0,0.0,0.0,0.0,0.0,0.0,0.0,0.0,0.0,0.0,89.0,0.0,0.0,0.0,0.0,4.0,320.0,2.0,11,1,0.5512489233419466,331.40257492461745,415.5,0.0,0.0,0.0,0.0,2
12.0,1.0,-1.000088900581841e-12,0.0,0.0,0.0,0.0,0.0,0.0,0.0,0.0,0.0,0.0,87.0,0.0,0.0,0.0,0.0,4.0,0.0,0.0,11,1,0.5512489233419466,306.5305857496116,240.5,0.0,0.0,0.0,0.0,3
88.0,4.0,1.1501271194392644,0.0,0.0,0.0,0.0,0.0,0.0,0.0,0.0,0.0,0.0,85.88888888888889,0.0,0.0,0.0,0.0,4.0,278.0,2.0,12,1,0.5512489233419466,64.51873113032102,90.0,0.0,0.0,0.0,0.0,3
52.0,4.0,0.8942436316551221,0.0,0.0,0.0,0.0,0.0,0.0,0.0,0.0,0.0,0.0,84.0,0.0,0.0,0.0,0.0,4.0,168.0,4.0,12,1,0.5512489233419466,36.74688195389264,60.5,0.0,0.0,0.0,0.0,3
20.0,1.0,-1.000088900581841e-12,0.0,0.0,0.0,0.0,0.0,0.0,0.0,0.0,0.0,0.0,83.0,0.0,0.0,0.0,0.0,4.0,30.0,2.0,13,1,0.5512489233419466,34.62176579359657,43.0,0.0,0.0,0.0,0.0,3
66.0,3.0,0.5272997580686339,0.0,0.0,0.0,0.0,0.0,0.0,0.0,0.0,0.0,0.0,80.75,0.0,0.0,0.0,0.0,0.0,242.0,0.0,13,1,0.5512489233419466,28.48976424378857,56.5,0.0,0.0,0.0,0.0,3
58.0,3.0,1.0222323070407096,0.0,0.0,0.0,0.0,0.0,0.0,0.0,0.0,0.0,0.0,77.66666666666667,0.0,0.0,0.0,0.0,4.0,154.0,2.0,14,1,0.5512489233419466,20.16597794967191,49.0,0.0,0.0,0.0,0.0,2
58.0,2.0,0.4596930199665017,0.0,0.0,0.0,0.0,0.0,0.0,0.0,0.0,0.0,0.0,74.77777777777777,0.0,0.0,0.0,0.0,12.0,90.0,8.0,14,1,0.5512489233419466,20.680103158994484,50.5,0.0,0.0,0.0,0.0,2
52.0,4.0,1.3006708141626058,0.0,0.0,0.0,0.0,0.0,0.0,0.0,0.0,0.0,0.0,72.11111111111111,0.0,0.0,0.0,0.0,8.0,72.0,6.0,15,1,0.5512489233419466,5.744562646536895,58.5,0.0,0.0,0.0,0.0,2
176.0,5.0,1.4547902374335495,0.0,0.0,0.0,0.0,0.0,0.0,0.0,0.0,0.0,0.0,68.63636363636364,0.0,0.0,0.0,0.0,20.0,422.0,8.0,15,1,0.5512489233419466,60.06662967072472,86.0,0.0,0.0,0.0,0.0,3
78.0,4.0,1.1603207698186535,0.0,0.0,0.0,0.0,0.0,0.0,0.0,0.0,0.0,0.0,66.1,0.0,6.0,6.0,0.0,48.0,40.0,18.0,16,1,0.5512489233419466,57.7465727698766,91.0,0.0,0.0,0.0,0.0,2
116.0,4.0,1.0191082327356504,0.0,0.0,0.0,0.0,0.0,0.0,0.0,0.0,0.0,0.0,63.1,0.0,0.0,0.0,6.0,6.0,284.0,4.0,16,1,0.5512489233419466,53.84855306010231,105.5,0.0,0.0,0.0,0.0,3
86.0,2.0,0.3594451475107912,0.0,0.0,0.0,0.0,0.0,0.0,0.0,0.0,0.0,0.0,60.125,0.0,0.0,0.0,0.0,0.0,518.0,0.0,17,1,0.5512489233419466,44.4522215417856,114.0,0.0,0.0,0.0,0.0,3
70.0,3.0,0.741241709593168,0.0,0.0,0.0,0.0,0.0,0.0,0.0,0.0,0.0,0.0,55.285714285714285,0.0,0.0,0.0,0.0,6.0,1232.0,2.0,17,1,0.5512489233419466,20.091457554559195,87.5,0.0,0.0,0.0,0.0,3
82.0,3.0,0.4318194025818073,0.0,0.0,0.0,0.0,0.0,0.0,0.0,0.0,0.0,0.0,51.5,0.0,0.0,0.0,0.0,0.0,462.0,0.0,18,1,0.5512489233419466,19.55334583474962,88.5,0.0,0.0,0.0,0.0,2
138.0,5.0,1.463089533854673,0.0,0.0,0.0,0.0,0.0,0.0,0.0,0.0,0.0,6.0,46.25,0.0,0.0,0.0,0.0,12.0,648.0,2.0,18,1,0.5512489233419466,30.110906108363025,94.0,0.0,0.0,0.0,0.0,3
458.0,2.0,0.0280853074753292,0.0,0.0,0.0,0.0,0.0,0.0,0.0,0.0,0.0,0.0,56.333333333333336,0.0,0.0,0.0,0.0,6.0,18.0,8.0,19,1,0.5512489233419466,183.0810385230176,187.0,0.0,0.0,0.0,0.0,3
28.0,3.0,0.8921178708158162,0.0,0.0,0.0,0.0,0.0,0.0,0.0,0.0,0.0,0.0,66.71428571428571,0.0,0.0,0.0,0.0,6.0,48.0,2.0,19,1,0.5512489233419466,192.9654545939937,176.5,0.0,0.0,0.0,0.0,3
26.0,1.0,-1.000088900581841e-12,0.0,0.0,0.0,0.0,0.0,0.0,0.0,0.0,0.0,0.0,66.0,0.0,0.0,0.0,0.0,6.0,0.0,4.0,20,1,0.5512489233419466,203.8324475314631,162.5,0.0,0.0,0.0,0.0,2
34.0,3.0,0.7529746827628886,0.0,0.0,0.0,0.0,0.0,0.0,0.0,0.0,0.0,0.0,64.57142857142857,0.0,0.0,0.0,0.0,6.0,76.0,2.0,20,1,0.5512489233419466,214.36028861086496,136.5,0.0,0.0,0.0,0.0,2
88.0,1.0,-1.000088900581841e-12,0.0,0.0,0.0,0.0,0.0,0.0,0.0,0.0,0.0,0.0,61.42857142857143,0.0,0.0,0.0,0.0,18.0,370.0,12.0,21,0,0.5512489233419466,29.529646120466584,44.0,0.0,0.0,0.0,0.0,2
120.0,3.0,0.8017471601120996,0.0,0.0,0.0,0.0,0.0,0.0,0.0,0.0,0.0,0.0,57.9,0.0,0.0,0.0,0.0,18.0,560.0,12.0,21,0,0.5512489233419466,44.79583313955276,67.0,0.0,0.0,0.0,0.0,2
12.0,1.0,-1.000088900581841e-12,0.0,0.0,0.0,0.0,0.0,0.0,0.0,0.0,0.0,0.0,55.66666666666666,0.0,0.0,0.0,0.0,0.0,26.0,2.0,22,0,0.5512489233419466,49.379482918853256,63.5,0.0,0.0,0.0,0.0,2
54.0,4.0,1.206124156024269,0.0,0.0,0.0,0.0,0.0,0.0,0.0,0.0,0.0,0.0,54.5,0.0,0.0,0.0,0.0,6.0,288.0,6.0,22,0,0.5512489233419466,46.3141447076375,68.5,0.0,0.0,0.0,0.0,2
12.0,1.0,-1.000088900581841e-12,0.0,0.0,0.0,0.0,0.0,0.0,0.0,0.0,0.0,0.0,52.833333333333336,0.0,0.0,0.0,0.0,0.0,8.0,2.0,23,0,0.5512489233419466,50.99999999999987,49.5,0.0,0.0,0.0,0.0,2
26.0,2.0,0.6172417697283417,0.0,0.0,0.0,0.0,0.0,0.0,0.0,0.0,0.0,0.0,51.66666666666666,0.0,0.0,0.0,0.0,6.0,130.0,6.0,23,0,0.5512489233419466,19.798989873223,26.0,0.0,0.0,0.0,0.0,1
132.0,3.0,0.8716564037689556,0.0,0.0,0.0,4.0,0.0,0.0,0.0,0.0,0.0,0.0,48.4,0.0,0.0,0.0,0.0,0.0,620.0,0.0,0,0,0.5512489233419466,53.59104402789693,56.0,0.0,0.0,2.0,1.0,2
0.0,0.0,0.0,0.0,0.0,0.0,0.0,0.0,0.0,0.0,0.0,0.0,0.0,13.666666666666666,0.0,0.0,0.0,0.0,0.0,0.0,0.0,8,1,0.5512489233419466,0.0,0.0,0.0,0.0,0.0,0.0,2
12.0,1.0,-1.000088900581841e-12,0.0,0.0,0.0,0.0,0.0,0.0,0.0,0.0,0.0,0.0,13.0,0.0,0.0,0.0,0.0,6.0,0.0,0.0,8,1,0.5512489233419466,5.999999999998882,3.0,0.0,0.0,0.0,0.0,2
64.0,5.0,1.4957336193740252,0.0,0.0,0.0,0.0,0.0,0.0,0.0,0.0,0.0,0.0,12.0,0.0,0.0,0.0,0.0,6.0,180.0,2.0,9,1,0.5512489233419466,30.52867504494728,19.0,0.0,0.0,0.0,0.0,3
332.0,1.0,-1.000088900581841e-12,0.0,0.0,0.0,0.0,0.0,0.0,0.0,0.0,0.0,4.0,23.23076923076923,4.0,0.0,0.0,0.0,8.0,110.0,2.0,9,1,0.5512489233419466,155.82896607071055,102.0,0.0,0.0,0.0,0.0,2
716.0,1.0,-1.000088900581841e-12,0.0,0.0,0.0,0.0,0.0,0.0,0.0,0.0,0.0,0.0,49.46666666666667,0.0,0.0,0.0,0.0,0.0,0.0,0.0,10,1,0.5512489233419466,322.11592116296686,281.0,0.0,0.0,0.0,0.0,3
228.0,1.0,-1.000088900581841e-12,0.0,0.0,0.0,0.0,0.0,0.0,0.0,0.0,0.0,0.0,77.86666666666666,0.0,0.0,0.0,0.0,0.0,0.0,0.0,10,1,0.5512489233419466,276.9235754981267,335.0,0.0,0.0,0.0,0.0,3
210.0,3.0,0.7091152575794364,0.0,0.0,0.0,0.0,0.0,0.0,0.0,0.0,0.0,0.0,87.95454545454545,0.0,0.0,0.0,0.0,12.0,242.0,10.0,11,1,0.5512489233419466,235.87779321787232,371.5,0.0,0.0,0.0,0.0,3
12.0,1.0,-1.000088900581841e-12,0.0,0.0,0.0,0.0,0.0,0.0,0.0,0.0,0.0,0.0,86.33333333333333,0.0,0.0,0.0,0.0,0.0,0.0,0.0,11,1,0.5512489233419466,299.44114613726686,291.5,0.0,0.0,0.0,0.0,3
200.0,9.0,1.7827511818400934,0.0,0.0,0.0,0.0,0.0,0.0,0.0,0.0,0.0,0.0,84.58333333333333,0.0,20.0,8.0,20.0,12.0,822.0,4.0,12,1,0.5512489233419466,101.0,162.5,0.0,0.0,0.0,0.0,3
204.0,8.0,1.897075185416348,0.0,0.0,0.0,0.0,0.0,6.0,1.0,-1.000088900581841e-12,0.0,0.0,80.84615384615384,0.0,16.0,4.0,20.0,18.0,1058.0,12.0,12,1,0.5512489233419466,96.42095207992918,156.5,0.0,0.0,0.0,0.0,2
12.0,1.0,-1.000088900581841e-12,0.0,0.0,0.0,0.0,0.0,0.0,0.0,0.0,0.0,0.0,78.33333333333333,0.0,0.0,0.0,0.0,0.0,0.0,0.0,13,1,0.5512489233419466,109.70870521521982,107.0,0.0,0.0,0.0,0.0,3
618.0,5.0,1.110677599505196,0.0,0.0,0.0,0.0,0.0,8.0,1.0,-1.000088900581841e-12,0.0,0.0,75.5,0.0,0.0,0.0,0.0,8.0,344.0,4.0,13,1,0.5512489233419466,255.8612905462645,258.5,0.0,0.0,0.0,0.0,3
662.0,5.0,0.8197399413304899,0.0,0.0,0.0,0.0,0.0,16.0,3.0,1.039720770836918,0.0,0.0,71.06896551724138,0.0,0.0,0.0,0.0,2.0,948.0,2.0,14,1,0.5512489233419466,317.50275589355124,374.0,0.0,0.0,0.0,0.0,2
442.0,9.0,1.559432708217166,0.0,0.0,0.0,0.0,0.0,22.0,2.0,0.6890092384746587,0.0,0.0,67.04761904761905,0.0,0.0,0.0,0.0,2.0,468.0,2.0,14,1,0.5512489233419466,296.64063556206634,433.5,0.0,0.0,0.0,0.0,2
362.0,3.0,0.3826251310381144,0.0,0.0,0.0,0.0,0.0,10.0,2.0,0.6730116670072565,0.0,0.0,64.11111111111111,0.0,0.0,0.0,0.0,2.0,168.0,2.0,15,1,0.5512489233419466,142.37509145446288,521.0,0.0,0.0,0.0,0.0,3
294.0,2.0,0.2303235408738776,0.0,0.0,0.0,0.0,0.0,4.0,1.0,-1.000088900581841e-12,0.0,0.0,61.6,0.0,0.0,0.0,0.0,2.0,320.0,2.0,15,1,0.5512489233419466,159.88329076756793,440.0,0.0,0.0,0.0,0.0,3
340.0,4.0,0.8534725882305548,0.0,0.0,0.0,0.0,0.0,18.0,2.0,0.6365141682928128,0.0,0.0,58.70588235294117,0.0,0.0,0.0,0.0,6.0,286.0,6.0,16,1,0.5512489233419466,61.8681393502881,359.5,0.0,0.0,0.0,0.0,3
500.0,5.0,1.0888050299486,0.0,0.0,0.0,0.0,0.0,6.0,2.0,0.6365141682928128,0.0,0.0,55.65217391304348,0.0,0.0,0.0,0.0,2.0,400.0,2.0,16,1,0.5512489233419466,88.649121071033,374.0,0.0,0.0,0.0,0.0,3
688.0,4.0,0.7267447967696987,0.0,0.0,0.0,0.0,0.0,12.0,2.0,0.6365141682928128,0.0,2.0,65.06666666666666,0.0,0.0,0.0,0.0,2.0,818.0,2.0,17,1,0.5512489233419466,178.3806790733421,455.5,0.0,0.0,0.0,0.0,3
492.0,5.0,0.8568035862961307,0.0,0.0,0.0,0.0,0.0,16.0,3.0,0.9002560512655369,0.0,0.0,82.52173913043478,0.0,0.0,0.0,0.0,0.0,684.0,0.0,17,1,0.5512489233419466,142.48742634585926,505.0,0.0,0.0,0.0,0.0,3
502.0,2.0,0.0464407256603333,0.0,0.0,0.0,0.0,0.0,34.0,3.0,0.803742107313203,0.0,0.0,80.29166666666667,0.0,0.0,0.0,0.0,12.0,396.0,12.0,18,1,0.5512489233419466,95.09819486544774,545.5,0.0,0.0,0.0,0.0,3
412.0,3.0,0.1686473142066569,0.0,0.0,0.0,0.0,0.0,6.0,1.0,-1.000088900581841e-12,0.0,0.0,77.2,0.0,0.0,0.0,0.0,4.0,420.0,4.0,18,1,0.5512489233419466,116.8289347721702,523.5,0.0,0.0,0.0,0.0,2
82.0,2.0,0.6045364845788017,0.0,0.0,0.0,0.0,0.0,12.0,2.0,0.6931471805579453,0.0,0.0,74.66666666666667,0.0,0.0,0.0,0.0,2.0,24.0,2.0,19,1,0.5512489233419466,197.484176581315,372.0,0.0,0.0,0.0,0.0,2
52.0,3.0,0.8101502323848818,0.0,0.0,0.0,0.0,0.0,22.0,2.0,0.6554817738993928,0.0,0.0,73.625,0.0,0.0,0.0,0.0,4.0,26.0,4.0,19,1,0.5512489233419466,228.4731931759173,262.0,0.0,0.0,0.0,0.0,2
12.0,1.0,-1.000088900581841e-12,0.0,0.0,0.0,0.0,0.0,0.0,0.0,0.0,0.0,0.0,73.0,0.0,0.0,0.0,0.0,0.0,0.0,0.0,20,1,0.5512489233419466,183.9157415774952,139.5,0.0,0.0,0.0,0.0,2
162.0,1.0,-1.000088900581841e-12,0.0,0.0,0.0,0.0,0.0,34.0,3.0,0.9718487712328766,0.0,0.0,72.16666666666667,0.0,0.0,0.0,0.0,8.0,92.0,8.0,20,1,0.5512489233419466,63.50852961085885,77.0,0.0,0.0,0.0,0.0,2
432.0,4.0,0.8826732007526217,0.0,0.0,0.0,0.0,0.0,28.0,3.0,0.8760057656401736,0.0,0.0,69.78260869565217,0.0,0.0,0.0,0.0,8.0,484.0,8.0,21,0,0.5512489233419466,189.27493230747703,164.5,0.0,0.0,0.0,0.0,3
268.0,3.0,1.060519359085268,0.0,0.0,0.0,0.0,0.0,26.0,3.0,0.8587409130032867,0.0,0.0,66.66666666666667,0.0,0.0,0.0,0.0,4.0,330.0,4.0,21,0,0.5512489233419466,176.88696955965978,218.5,0.0,0.0,0.0,0.0,3
372.0,5.0,0.6836093815967387,0.0,0.0,0.0,0.0,0.0,14.0,2.0,0.5982695885832573,0.0,0.0,63.73684210526316,0.0,0.0,0.0,0.0,6.0,692.0,6.0,22,0,0.5512489233419466,118.8654701753205,308.5,0.0,0.0,0.0,0.0,3
422.0,4.0,1.3194992219979669,0.0,0.0,0.0,0.0,0.0,26.0,3.0,0.9839614459980256,0.0,0.0,60.285714285714285,0.0,0.0,0.0,0.0,6.0,316.0,6.0,22,0,0.5512489233419466,75.07107743110309,373.5,0.0,0.0,0.0,0.0,3
208.0,4.0,0.844199789141448,0.0,0.0,0.0,0.0,0.0,10.0,2.0,0.6730116670072565,0.0,0.0,57.76923076923077,0.0,0.0,0.0,0.0,2.0,196.0,2.0,23,0,0.5512489233419466,97.17852986471176,317.5,0.0,0.0,0.0,0.0,2
384.0,3.0,0.1531408362288131,0.0,0.0,0.0,0.0,0.0,10.0,2.0,0.6730116670072565,0.0,0.0,54.888888888888886,0.0,0.0,0.0,0.0,4.0,502.0,4.0,23,0,0.5512489233419466,94.7611031313306,346.5,0.0,0.0,0.0,0.0,3
676.0,7.0,0.8661206821124933,0.0,0.0,0.0,0.0,0.0,24.0,3.0,0.8675632284784613,0.0,0.0,50.48275862068966,0.0,0.0,0.0,0.0,2.0,992.0,2.0,0,0,0.5512489233419466,193.00690833922675,422.5,0.0,0.0,0.0,0.0,2
582.0,6.0,0.934851083239262,0.0,0.0,0.0,0.0,0.0,12.0,3.0,1.0114042647043515,0.0,0.0,45.65384615384615,0.0,0.0,0.0,0.0,0.0,580.0,0.0,0,0,0.5512489233419466,208.80213919721547,462.5,0.0,0.0,0.0,0.0,3
118.0,4.0,1.1440952266061335,0.0,0.0,0.0,0.0,0.0,0.0,0.0,0.0,0.0,0.0,30.0,0.0,0.0,0.0,0.0,0.0,234.0,0.0,9,1,0.5512489233419466,67.22102845588331,67.0,0.0,0.0,0.0,0.0,3
130.0,5.0,1.1738232399550348,0.0,0.0,0.0,0.0,0.0,0.0,0.0,0.0,0.0,0.0,25.545454545454547,0.0,0.0,0.0,0.0,2.0,280.0,2.0,10,1,0.5512489233419466,59.65456115559542,97.0,0.0,0.0,0.0,0.0,3
158.0,3.0,0.6924692930873948,0.0,0.0,0.0,0.0,0.0,0.0,0.0,0.0,0.0,2.0,24.666666666666668,0.0,0.0,0.0,0.0,4.0,78.0,2.0,10,1,0.5512489233419466,65.83565396753752,103.5,0.0,0.0,0.0,0.0,3
708.0,1.0,-1.000088900581841e-12,0.0,0.0,0.0,0.0,0.0,0.0,0.0,0.0,0.0,0.0,45.46666666666667,0.0,0.0,0.0,0.0,2.0,2.0,2.0,11,1,0.5512489233419466,286.82340676218644,278.5,0.0,0.0,0.0,0.0,3
592.0,5.0,1.117207636815833,0.0,0.0,0.0,0.0,0.0,0.0,0.0,0.0,0.0,2.0,70.23076923076923,0.0,0.0,0.0,0.0,4.0,254.0,6.0,11,1,0.5512489233419466,296.173372649647,397.0,0.0,0.0,0.0,0.0,2
354.0,3.0,1.0353842911911897,0.0,0.0,0.0,0.0,0.0,0.0,0.0,0.0,0.0,0.0,90.88888888888889,0.0,0.0,0.0,0.0,6.0,162.0,6.0,12,1,0.5512489233419466,245.7451254179148,453.0,0.0,0.0,0.0,0.0,2
12.0,1.0,-1.000088900581841e-12,0.0,0.0,0.0,0.0,0.0,0.0,0.0,0.0,0.0,0.0,92.0,0.0,0.0,0.0,0.0,0.0,0.0,0.0,14,1,0.5512489233419466,46.31774318048467,49.0,0.0,0.0,0.0,0.0,3
72.0,4.0,1.1505317622824394,0.0,0.0,0.0,0.0,0.0,0.0,0.0,0.0,0.0,0.0,90.75,0.0,0.0,0.0,0.0,4.0,126.0,4.0,15,1,0.5512489233419466,44.37341546466759,60.5,0.0,0.0,0.0,0.0,3
50.0,2.0,0.167944147732173,0.0,0.0,0.0,0.0,0.0,0.0,0.0,0.0,0.0,0.0,87.71428571428571,0.0,0.0,0.0,0.0,2.0,126.0,2.0,15,1,0.5512489233419466,43.43193909248508,62.5,0.0,0.0,0.0,0.0,3
38.0,2.0,0.5146531654269293,0.0,0.0,0.0,0.0,0.0,0.0,0.0,0.0,0.0,0.0,85.33333333333333,0.0,0.0,0.0,0.0,2.0,90.0,2.0,16,1,0.5512489233419466,25.00666577801475,43.0,0.0,0.0,0.0,0.0,3
112.0,4.0,1.3359333680774714,0.0,0.0,0.0,0.0,0.0,0.0,0.0,0.0,0.0,0.0,81.41666666666667,0.0,0.0,0.0,0.0,2.0,198.0,2.0,16,1,0.5512489233419466,32.53715824509982,68.0,0.0,0.0,0.0,0.0,3
56.0,2.0,0.1540761036690294,0.0,0.0,0.0,0.0,0.0,0.0,0.0,0.0,0.0,0.0,78.375,0.0,0.0,0.0,0.0,2.0,100.0,4.0,17,1,0.5512489233419466,32.86335345030998,64.0,0.0,0.0,0.0,0.0,3
56.0,3.0,1.011037336054751,0.0,0.0,0.0,0.0,0.0,0.0,0.0,0.0,0.0,0.0,76.5,0.0,0.0,0.0,0.0,4.0,92.0,4.0,17,1,0.5512489233419466,32.14031735997641,65.5,0.0,0.0,0.0,0.0,4
44.0,3.0,0.8158498651815185,0.0,0.0,0.0,0.0,0.0,0.0,0.0,0.0,0.0,0.0,73.625,0.0,0.0,0.0,0.0,0.0,108.0,2.0,18,1,0.5512489233419466,30.528675044947505,67.0,0.0,0.0,0.0,0.0,3
20.0,2.0,0.6931471805579453,0.0,0.0,0.0,0.0,0.0,0.0,0.0,0.0,0.0,0.0,72.83333333333333,0.0,0.0,0.0,0.0,2.0,28.0,2.0,18,1,0.5512489233419466,16.97056274847716,44.0,0.0,0.0,0.0,0.0,3
70.0,3.0,0.5353832434356066,0.0,0.0,0.0,0.0,0.0,0.0,0.0,0.0,0.0,0.0,70.0,0.0,0.0,0.0,0.0,2.0,174.0,2.0,19,1,0.5512489233419466,21.189620100417105,47.5,0.0,0.0,0.0,0.0,3
22.0,2.0,0.3046360973472382,0.0,0.0,0.0,0.0,0.0,0.0,0.0,0.0,0.0,0.0,67.28571428571429,0.0,0.0,0.0,0.0,4.0,18.0,6.0,19,1,0.5512489233419466,23.35237318418267,39.0,0.0,0.0,0.0,0.0,2
134.0,5.0,1.1801305864200915,0.0,0.0,0.0,0.0,0.0,0.0,0.0,0.0,0.0,0.0,66.4,0.0,0.0,0.0,0.0,4.0,214.0,4.0,20,1,0.5512489233419466,53.575491909392056,61.5,0.0,0.0,0.0,0.0,2
58.0,1.0,-1.000088900581841e-12,0.0,0.0,0.0,0.0,0.0,0.0,0.0,0.0,0.0,0.0,63.5,0.0,0.0,0.0,0.0,4.0,136.0,4.0,20,1,0.5512489233419466,46.690470119715016,71.0,0.0,0.0,0.0,0.0,2
38.0,2.0,0.6806294878896635,0.0,0.0,0.0,0.0,0.0,0.0,0.0,0.0,0.0,0.0,61.142857142857146,0.0,0.0,0.0,0.0,6.0,26.0,8.0,21,0,0.5512489233419466,49.57149718672349,63.0,0.0,0.0,0.0,0.0,2
140.0,4.0,1.1826008949453524,0.0,0.0,0.0,0.0,0.0,0.0,0.0,0.0,0.0,0.0,58.4,0.0,0.0,0.0,0.0,0.0,196.0,0.0,21,0,0.5512489233419466,52.08646657242167,92.5,0.0,0.0,0.0,0.0,3
12.0,1.0,-1.000088900581841e-12,0.0,0.0,0.0,0.0,0.0,0.0,0.0,0.0,0.0,0.0,56.16666666666666,0.0,0.0,0.0,0.0,0.0,0.0,0.0,22,0,0.5512489233419466,55.30521373854971,62.0,0.0,0.0,0.0,0.0,2
8.0,1.0,-1.000088900581841e-12,0.0,0.0,0.0,0.0,0.0,0.0,0.0,0.0,0.0,0.0,56.0,2.0,0.0,0.0,0.0,0.0,0.0,0.0,22,0,0.5512489233419466,61.78187436457395,49.5,0.0,0.0,0.0,0.0,3
130.0,5.0,1.3619136965833998,0.0,0.0,0.0,0.0,0.0,0.0,0.0,0.0,0.0,0.0,53.77777777777778,0.0,0.0,0.0,0.0,2.0,228.0,2.0,23,0,0.5512489233419466,72.30260484012085,72.5,0.0,0.0,0.0,0.0,3
30.0,2.0,0.6730116670072565,0.0,0.0,0.0,0.0,0.0,0.0,0.0,0.0,0.0,0.0,51.833333333333336,0.0,0.0,0.0,0.0,2.0,28.0,4.0,23,0,0.5512489233419466,57.46883213244085,45.0,0.0,0.0,0.0,0.0,3
0.0,0.0,0.0,0.0,0.0,0.0,0.0,0.0,0.0,0.0,0.0,0.0,0.0,31.5,0.0,0.0,0.0,0.0,0.0,0.0,0.0,8,1,0.5512489233419466,0.0,0.0,0.0,0.0,0.0,0.0,2
26.0,3.0,0.7902679680715903,0.0,0.0,0.0,0.0,0.0,0.0,0.0,0.0,0.0,0.0,30.0,0.0,0.0,0.0,0.0,4.0,28.0,2.0,8,1,0.5512489233419466,13.000000000000002,6.5,0.0,0.0,0.0,0.0,2
42.0,4.0,0.9759390643459374,0.0,0.0,0.0,0.0,0.0,0.0,0.0,0.0,0.0,0.0,29.0,0.0,0.0,0.0,0.0,2.0,28.0,2.0,9,1,0.5512489233419466,20.688160865577203,17.0,0.0,0.0,0.0,0.0,3
162.0,4.0,1.025781478113565,0.0,0.0,0.0,0.0,0.0,0.0,0.0,0.0,0.0,0.0,26.8,0.0,0.0,0.0,0.0,0.0,306.0,0.0,9,1,0.5512489233419466,71.78439941937245,57.5,0.0,0.0,0.0,0.0,3
168.0,7.0,1.7994183588812642,0.0,0.0,0.0,0.0,0.0,0.0,0.0,0.0,0.0,0.0,21.58333333333333,0.0,0.0,0.0,0.0,2.0,178.0,2.0,10,1,0.5512489233419466,75.95393340703298,99.5,0.0,0.0,0.0,0.0,3
266.0,3.0,0.8516139195954255,0.0,0.0,0.0,0.0,0.0,0.0,0.0,0.0,0.0,2.0,27.875,0.0,0.0,0.0,0.0,2.0,74.0,4.0,10,1,0.5512489233419466,91.700599779936,159.5,0.0,0.0,0.0,0.0,3
468.0,1.0,-1.000088900581841e-12,0.0,0.0,0.0,0.0,0.0,0.0,0.0,0.0,0.0,0.0,52.66666666666666,0.0,0.0,0.0,0.0,2.0,6.0,2.0,11,1,0.5512489233419466,142.85657142742858,266.0,0.0,0.0,0.0,0.0,2
562.0,5.0,1.1445906893313569,0.0,0.0,0.0,0.0,0.0,0.0,0.0,0.0,0.0,0.0,70.28571428571429,0.0,0.0,0.0,0.0,4.0,438.0,2.0,11,1,0.5512489233419466,180.761352801606,366.0,0.0,0.0,0.0,0.0,3
46.0,1.0,-1.000088900581841e-12,0.0,0.0,0.0,0.0,0.0,0.0,0.0,0.0,0.0,0.0,69.85714285714286,0.0,0.0,0.0,0.0,2.0,20.0,2.0,12,1,0.5512489233419466,229.12805735367,335.5,0.0,0.0,0.0,0.0,3
272.0,3.0,0.5934854541225365,0.0,0.0,0.0,0.0,0.0,0.0,0.0,0.0,0.0,2.0,67.2,0.0,0.0,0.0,0.0,4.0,104.0,4.0,12,1,0.5512489233419466,228.5402954987734,337.0,0.0,0.0,0.0,0.0,2
576.0,4.0,0.7644960234080126,0.0,0.0,0.0,0.0,0.0,0.0,0.0,0.0,0.0,0.0,78.44,0.0,0.0,0.0,0.0,6.0,6.0,2.0,13,1,0.5512489233419466,254.12332963871432,364.0,0.0,0.0,0.0,0.0,2
350.0,2.0,0.0352109907024966,0.0,0.0,0.0,0.0,0.0,0.0,0.0,0.0,0.0,0.0,95.05882352941175,0.0,0.0,0.0,0.0,2.0,2.0,4.0,13,1,0.5512489233419466,218.7022328799289,311.0,0.0,0.0,0.0,0.0,2
318.0,5.0,0.8503727003930606,0.0,0.0,0.0,0.0,0.0,0.0,0.0,0.0,0.0,0.0,96.05,0.0,0.0,0.0,0.0,4.0,338.0,4.0,14,1,0.5512489233419466,135.17889381605892,379.0,0.0,0.0,0.0,0.0,3
40.0,3.0,1.054920167983144,0.0,0.0,0.0,0.0,0.0,0.0,0.0,0.0,0.0,0.0,93.83333333333331,0.0,0.0,0.0,0.0,2.0,34.0,2.0,14,1,0.5512489233419466,219.7240693840041,321.0,0.0,0.0,0.0,0.0,2
146.0,4.0,0.8256414084464785,0.0,0.0,0.0,0.0,0.0,0.0,0.0,0.0,0.0,0.0,91.9090909090909,0.0,0.0,0.0,0.0,16.0,302.0,12.0,15,1,0.5512489233419466,146.29992025516168,213.5,0.0,0.0,0.0,0.0,3
382.0,4.0,0.9820020058626936,0.0,0.0,0.0,0.0,0.0,0.0,0.0,0.0,0.0,0.0,89.04761904761905,0.0,0.0,0.0,0.0,10.0,470.0,4.0,15,1,0.5512489233419466,156.75352202316435,221.5,0.0,0.0,0.0,0.0,2
92.0,4.0,1.240075100177412,0.0,0.0,0.0,0.0,0.0,0.0,0.0,0.0,0.0,0.0,68.8,0.0,0.0,0.0,0.0,24.0,210.0,6.0,19,1,0.5512489233419466,51.85878260558506,85.0,0.0,0.0,0.0,0.0,3
12.0,1.0,-1.000088900581841e-12,0.0,0.0,0.0,0.0,0.0,0.0,0.0,0.0,0.0,0.0,60.333333333333336,0.0,0.0,0.0,0.0,0.0,0.0,4.0,21,0,0.5512489233419466,42.99999999999999,33.5,0.0,0.0,0.0,0.0,3
326.0,7.0,1.4783101707475583,0.0,0.0,0.0,0.0,0.0,0.0,0.0,0.0,0.0,0.0,58.0,0.0,0.0,0.0,0.0,8.0,880.0,4.0,22,0,0.5512489233419466,148.31498013799325,112.0,0.0,0.0,0.0,0.0,3
30.0,2.0,0.6365141682928128,0.0,0.0,0.0,0.0,0.0,0.0,0.0,0.0,0.0,0.0,28.666666666666668,0.0,0.0,0.0,0.0,8.0,110.0,2.0,8,1,0.5512489233419466,14.999999999999812,7.5,0.0,0.0,0.0,0.0,2
32.0,3.0,0.8647400965246372,0.0,0.0,0.0,0.0,0.0,0.0,0.0,0.0,0.0,0.0,27.0,0.0,0.0,0.0,0.0,16.0,90.0,4.0,8,1,0.5512489233419466,17.91647286716876,15.5,0.0,0.0,0.0,0.0,2
242.0,5.0,1.3448189917521032,0.0,0.0,0.0,0.0,0.0,0.0,0.0,0.0,0.0,8.0,25.46153846153846,0.0,0.0,0.0,0.0,16.0,410.0,2.0,9,1,0.5512489233419466,111.63034235069482,76.0,0.0,0.0,0.0,0.0,3
704.0,1.0,-1.000088900581841e-12,0.0,0.0,0.0,0.0,0.0,0.0,0.0,0.0,0.0,0.0,47.833333333333336,0.0,0.0,0.0,0.0,0.0,0.0,0.0,9,1,0.5512489233419466,317.32633045494345,252.0,0.0,0.0,0.0,0.0,3
490.0,2.0,0.3717761799414529,0.0,0.0,0.0,0.0,0.0,0.0,0.0,0.0,0.0,0.0,81.43478260869566,0.0,0.0,0.0,0.0,8.0,584.0,6.0,10,1,0.5512489233419466,292.43118848713794,367.0,0.0,0.0,0.0,0.0,3
326.0,2.0,0.1152167922311649,0.0,0.0,0.0,0.0,0.0,0.0,0.0,0.0,0.0,0.0,96.61111111111111,0.0,0.0,0.0,0.0,24.0,20.0,4.0,10,1,0.5512489233419466,203.62956563328416,440.5,0.0,0.0,0.0,0.0,3
12.0,1.0,-1.000088900581841e-12,0.0,0.0,0.0,0.0,0.0,0.0,0.0,0.0,0.0,0.0,98.0,0.0,0.0,0.0,0.0,0.0,0.0,8.0,11,1,0.5512489233419466,291.764745414292,383.0,0.0,0.0,0.0,0.0,3
24.0,2.0,0.6365141682928128,0.0,0.0,0.0,0.0,0.0,0.0,0.0,0.0,0.0,0.0,98.0,0.0,0.0,0.0,0.0,8.0,44.0,2.0,11,1,0.5512489233419466,234.9609896699166,213.0,0.0,0.0,0.0,0.0,2
92.0,5.0,1.2886786086055566,0.0,0.0,0.0,0.0,0.0,0.0,0.0,0.0,0.0,0.0,97.66666666666669,0.0,0.0,0.0,0.0,8.0,464.0,2.0,12,1,0.5512489233419466,145.98059231738074,113.5,0.0,0.0,0.0,0.0,3
42.0,3.0,0.7801307795236323,0.0,0.0,0.0,0.0,0.0,0.0,0.0,0.0,0.0,0.0,95.625,0.0,0.0,0.0,0.0,8.0,142.0,4.0,12,1,0.5512489233419466,35.22782990761686,42.5,0.0,0.0,0.0,0.0,3
12.0,1.0,-1.000088900581841e-12,0.0,0.0,0.0,0.0,0.0,0.0,0.0,0.0,0.0,0.0,95.0,0.0,0.0,0.0,0.0,0.0,0.0,0.0,13,1,0.5512489233419466,35.22782990761686,42.5,0.0,0.0,0.0,0.0,3
108.0,4.0,1.1106412048886378,0.0,0.0,0.0,0.0,0.0,0.0,0.0,0.0,0.0,0.0,93.66666666666669,0.0,0.0,0.0,0.0,16.0,314.0,6.0,13,1,0.5512489233419466,44.37341546466741,63.5,0.0,0.0,0.0,0.0,3
72.0,3.0,0.8675632284784613,0.0,0.0,0.0,0.0,0.0,0.0,0.0,0.0,0.0,0.0,89.85714285714286,0.0,0.0,0.0,0.0,16.0,434.0,6.0,14,1,0.5512489233419466,41.097445176068845,58.5,0.0,0.0,0.0,0.0,3
48.0,2.0,0.4505612088643047,0.0,0.0,0.0,0.0,0.0,0.0,0.0,0.0,0.0,0.0,86.125,0.0,0.0,0.0,0.0,0.0,218.0,0.0,14,1,0.5512489233419466,40.39801975344812,60.0,0.0,0.0,0.0,0.0,4
34.0,2.0,0.6774944044467073,0.0,0.0,0.0,0.0,0.0,0.0,0.0,0.0,0.0,0.0,85.0,0.0,0.0,0.0,0.0,8.0,106.0,2.0,15,1,0.5512489233419466,32.38826948140306,65.5,0.0,0.0,0.0,0.0,3
32.0,2.0,0.3767701612544368,0.0,0.0,0.0,0.0,0.0,0.0,0.0,0.0,0.0,0.0,84.0,0.0,0.0,0.0,0.0,8.0,44.0,4.0,15,1,0.5512489233419466,18.430047929038366,46.5,0.0,0.0,0.0,0.0,3
12.0,2.0,0.6365141682928128,0.0,0.0,0.0,0.0,0.0,0.0,0.0,0.0,0.0,0.0,83.0,0.0,0.0,0.0,0.0,0.0,12.0,6.0,16,1,0.5512489233419466,14.821156050276622,31.5,0.0,0.0,0.0,0.0,3
68.0,2.0,0.2984358127011067,0.0,0.0,0.0,0.0,0.0,0.0,0.0,0.0,0.0,0.0,58.875,0.0,0.0,0.0,0.0,24.0,186.0,12.0,20,1,0.5512489233419466,32.516662395352284,57.0,0.0,0.0,0.0,0.0,2
140.0,2.0,0.3250829733894482,0.0,0.0,0.0,0.0,0.0,0.0,0.0,0.0,0.0,0.0,53.333333333333336,0.0,0.0,0.0,0.0,8.0,592.0,6.0,21,0,0.5512489233419466,47.95483986696911,72.5,0.0,0.0,0.0,0.0,2
38.0,2.0,0.5763341277547498,0.0,0.0,0.0,0.0,0.0,0.0,0.0,0.0,0.0,0.0,50.75,0.0,0.0,0.0,0.0,8.0,40.0,4.0,22,0,0.5512489233419466,45.03332099679063,75.0,0.0,0.0,0.0,0.0,2
142.0,4.0,0.8237512829264131,0.0,0.0,0.0,0.0,0.0,0.0,0.0,0.0,0.0,0.0,41.8,0.0,0.0,0.0,0.0,0.0,706.0,0.0,0,0,0.5512489233419466,54.320039273426985,73.0,0.0,0.0,0.0,0.0,3
12.0,1.0,-1.000088900581841e-12,0.0,0.0,0.0,0.0,0.0,0.0,0.0,0.0,0.0,0.0,22.0,0.0,0.0,0.0,0.0,8.0,0.0,0.0,8,1,0.5512489233419466,5.999999999998619,3.0,0.0,0.0,0.0,0.0,2
96.0,7.0,1.5943012560320953,0.0,0.0,0.0,0.0,0.0,0.0,0.0,0.0,0.0,0.0,20.88888888888889,0.0,0.0,0.0,0.0,32.0,244.0,4.0,9,1,0.5512489233419466,46.34652090502569,27.0,0.0,0.0,0.0,0.0,3
434.0,2.0,0.307520487029411,0.0,0.0,0.0,0.0,0.0,0.0,0.0,0.0,0.0,8.0,27.09090909090909,0.0,0.0,0.0,0.0,8.0,100.0,0.0,9,1,0.5512489233419466,203.53132437047617,135.5,0.0,0.0,0.0,0.0,2
528.0,2.0,0.1611432139297375,0.0,0.0,0.0,0.0,0.0,0.0,0.0,0.0,0.0,0.0,55.47826086956522,0.0,0.0,0.0,0.0,8.0,108.0,4.0,10,1,0.5512489233419466,251.8432051892605,267.5,0.0,0.0,0.0,0.0,2
674.0,1.0,-1.000088900581841e-12,0.0,0.0,0.0,0.0,0.0,0.0,0.0,0.0,0.0,0.0,90.6206896551724,0.0,0.0,0.0,0.0,0.0,0.0,0.0,10,1,0.5512489233419466,245.40850297683923,433.0,0.0,0.0,0.0,0.0,2
516.0,1.0,-1.000088900581841e-12,0.0,0.0,0.0,0.0,0.0,0.0,0.0,0.0,0.0,0.0,99.9,0.0,0.0,0.0,0.0,0.0,0.0,0.0,11,1,0.5512489233419466,99.8265161834936,538.0,0.0,0.0,0.0,0.0,2
0.0,0.0,0.0,0.0,0.0,0.0,0.0,0.0,0.0,0.0,0.0,0.0,0.0,100.0,0.0,0.0,0.0,0.0,0.0,0.0,0.0,11,1,0.5512489233419466,295.20331976453105,429.5,0.0,0.0,0.0,0.0,3
0.0,0.0,0.0,0.0,0.0,0.0,0.0,0.0,0.0,0.0,0.0,0.0,0.0,100.0,0.0,0.0,0.0,0.0,0.0,0.0,0.0,12,1,0.5512489233419466,349.52682300504483,297.5,0.0,0.0,0.0,0.0,3
80.0,5.0,1.29568975667406,0.0,0.0,0.0,0.0,0.0,0.0,0.0,0.0,0.0,0.0,100.0,0.0,0.0,0.0,0.0,8.0,440.0,2.0,12,1,0.5512489233419466,247.5560542584244,149.0,0.0,0.0,0.0,0.0,3
46.0,4.0,1.3023031124003634,0.0,0.0,0.0,0.0,0.0,0.0,0.0,0.0,0.0,0.0,99.85714285714286,0.0,0.0,0.0,0.0,8.0,406.0,4.0,13,1,0.5512489233419466,38.93156388673122,31.5,0.0,0.0,0.0,0.0,2
72.0,5.0,1.5918387946064003,0.0,0.0,0.0,0.0,0.0,0.0,0.0,0.0,0.0,0.0,98.55555555555556,0.0,0.0,0.0,0.0,8.0,226.0,8.0,13,1,0.5512489233419466,36.05088995665203,49.5,0.0,0.0,0.0,0.0,3
12.0,1.0,-1.000088900581841e-12,0.0,0.0,0.0,0.0,0.0,0.0,0.0,0.0,0.0,0.0,97.0,0.0,0.0,0.0,0.0,0.0,0.0,4.0,14,1,0.5512489233419466,30.65398288422948,52.5,0.0,0.0,0.0,0.0,3
152.0,3.0,0.7852569780127114,0.0,0.0,0.0,0.0,0.0,0.0,0.0,0.0,0.0,0.0,96.08333333333331,0.0,0.0,0.0,0.0,16.0,106.0,10.0,14,1,0.5512489233419466,59.62941108770598,70.5,0.0,0.0,0.0,0.0,3
40.0,3.0,0.8556886672526695,0.0,0.0,0.0,0.0,0.0,0.0,0.0,0.0,0.0,0.0,94.875,0.0,0.0,0.0,0.0,8.0,102.0,4.0,15,1,0.5512489233419466,60.51996915619368,69.0,0.0,0.0,0.0,0.0,3
88.0,3.0,0.6471544257611808,0.0,0.0,0.0,0.0,0.0,0.0,0.0,0.0,0.0,0.0,92.125,0.0,0.0,0.0,0.0,0.0,520.0,0.0,15,1,0.5512489233419466,61.30796576845976,73.0,0.0,0.0,0.0,0.0,3
90.0,6.0,1.670868523108998,0.0,0.0,0.0,0.0,0.0,0.0,0.0,0.0,0.0,0.0,86.0,0.0,0.0,0.0,0.0,0.0,676.0,0.0,16,1,0.5512489233419466,45.90933093246549,92.5,0.0,0.0,0.0,0.0,3
66.0,4.0,1.2997965900053297,0.0,0.0,0.0,0.0,0.0,0.0,0.0,0.0,0.0,0.0,82.75,0.0,0.0,0.0,0.0,8.0,378.0,2.0,16,1,0.5512489233419466,23.352373184181943,71.0,0.0,0.0,0.0,0.0,3
150.0,5.0,1.0286785112939962,0.0,0.0,0.0,0.0,0.0,0.0,0.0,0.0,0.0,0.0,79.28571428571429,0.0,0.0,0.0,0.0,32.0,556.0,10.0,17,1,0.5512489233419466,36.01388621073773,98.5,0.0,0.0,0.0,0.0,3
112.0,2.0,0.2573186405418316,0.0,0.0,0.0,0.0,0.0,0.0,0.0,0.0,0.0,0.0,75.9090909090909,0.0,0.0,0.0,0.0,0.0,456.0,0.0,17,1,0.5512489233419466,35.67912554982206,104.5,0.0,0.0,0.0,0.0,3
44.0,3.0,0.8158498651815185,0.0,0.0,0.0,0.0,0.0,0.0,0.0,0.0,0.0,0.0,72.5,0.0,0.0,0.0,0.0,8.0,402.0,2.0,18,1,0.5512489233419466,47.39901546094214,93.0,0.0,0.0,0.0,0.0,3
90.0,6.0,1.4431895856996566,0.0,0.0,0.0,0.0,0.0,0.0,0.0,0.0,0.0,0.0,68.85714285714286,0.0,0.0,0.0,0.0,8.0,714.0,2.0,18,1,0.5512489233419466,44.2568262154736,99.0,0.0,0.0,0.0,0.0,3
82.0,4.0,1.2810046406593172,0.0,0.0,0.0,0.0,0.0,0.0,0.0,0.0,0.0,0.0,64.5,0.0,0.0,0.0,0.0,16.0,832.0,6.0,19,1,0.5512489233419466,28.3313724811671,82.0,0.0,0.0,0.0,0.0,2
12.0,1.0,-1.000088900581841e-12,0.0,0.0,0.0,0.0,0.0,0.0,0.0,0.0,0.0,0.0,63.0,0.0,0.0,0.0,0.0,0.0,0.0,0.0,19,1,0.5512489233419466,36.0924738230373,57.0,0.0,0.0,0.0,0.0,2
34.0,1.0,-1.000088900581841e-12,0.0,0.0,0.0,0.0,0.0,0.0,0.0,0.0,0.0,0.0,62.42857142857143,0.0,0.0,0.0,0.0,16.0,0.0,6.0,20,1,0.5512489233419466,37.60762334066459,54.5,0.0,0.0,0.0,0.0,2
80.0,2.0,0.5623351446168083,0.0,0.0,0.0,0.0,0.0,0.0,0.0,0.0,0.0,0.0,60.375,0.0,0.0,0.0,0.0,24.0,304.0,6.0,20,1,0.5512489233419466,34.67948480970606,52.0,0.0,0.0,0.0,0.0,3
40.0,2.0,0.5623351446168083,0.0,0.0,0.0,0.0,0.0,0.0,0.0,0.0,0.0,0.0,57.57142857142857,0.0,0.0,0.0,0.0,8.0,424.0,2.0,21,0,0.5512489233419466,28.34901526802357,41.5,0.0,0.0,0.0,0.0,2
128.0,4.0,1.0418561345400328,0.0,0.0,0.0,0.0,0.0,0.0,0.0,0.0,0.0,0.0,54.45454545454545,0.0,0.0,0.0,0.0,8.0,636.0,2.0,21,0,0.5512489233419466,43.43193909248468,70.5,0.0,0.0,0.0,0.0,3
82.0,2.0,0.4935651920234654,0.0,0.0,0.0,0.0,0.0,0.0,0.0,0.0,0.0,0.0,24.33333333333333,0.0,0.0,0.0,0.0,16.0,426.0,6.0,9,1,0.5512489233419466,38.82868355567356,25.5,0.0,0.0,0.0,0.0,3
372.0,3.0,0.5239315957473831,0.0,0.0,0.0,0.0,0.0,76.0,1.0,-1.000088900581841e-12,0.0,8.0,39.526315789473685,0.0,0.0,0.0,0.0,16.0,144.0,4.0,9,1,0.5512489233419466,172.56786104795594,118.5,0.0,0.0,0.0,0.0,3
486.0,2.0,0.2427524987948657,0.0,0.0,0.0,0.0,0.0,88.0,2.0,0.1849073991657757,0.0,0.0,68.45454545454545,0.0,8.0,6.0,0.0,8.0,76.0,4.0,10,1,0.5512489233419466,224.5766387375736,240.0,0.0,0.0,0.0,0.0,3
654.0,1.0,-1.000088900581841e-12,0.0,0.0,0.0,0.0,0.0,4.0,1.0,-1.000088900581841e-12,0.0,0.0,92.89285714285714,0.0,0.0,0.0,0.0,8.0,6.0,4.0,10,1,0.5512489233419466,240.7010594077225,398.5,0.0,0.0,0.0,0.0,3
136.0,2.0,0.5923968932390615,0.0,0.0,0.0,0.0,0.0,88.0,2.0,0.535959889214217,0.0,0.0,97.0,0.0,0.0,0.0,0.0,40.0,174.0,14.0,11,1,0.5512489233419466,217.42125011139083,412.0,0.0,0.0,0.0,0.0,3
32.0,2.0,0.482577565175012,0.0,0.0,0.0,0.0,0.0,48.0,2.0,0.6365141682928128,0.0,0.0,96.44444444444444,0.0,0.0,0.0,0.0,32.0,2.0,14.0,11,1,0.5512489233419466,291.95661778193454,327.0,0.0,0.0,0.0,0.0,2
390.0,4.0,0.4984379131185618,0.0,0.0,0.0,0.0,0.0,12.0,2.0,0.6365141682928128,0.0,0.0,94.05,0.0,0.0,0.0,0.0,8.0,742.0,2.0,12,1,0.5512489233419466,278.1486413173119,303.0,0.0,0.0,0.0,0.0,3
130.0,5.0,1.0271061083701394,0.0,0.0,0.0,0.0,0.0,24.0,3.0,1.0114042647043515,0.0,0.0,91.8,0.0,0.0,0.0,0.0,16.0,36.0,4.0,12,1,0.5512489233419466,152.95315186901715,172.0,0.0,0.0,0.0,0.0,3
12.0,1.0,-1.000088900581841e-12,0.0,0.0,0.0,0.0,0.0,0.0,0.0,0.0,0.0,0.0,91.0,0.0,0.0,0.0,0.0,0.0,0.0,0.0,13,1,0.5512489233419466,173.8236654390495,141.0,0.0,0.0,0.0,0.0,3
124.0,3.0,0.4200890767989256,0.0,0.0,0.0,0.0,0.0,26.0,3.0,1.0928305535254883,0.0,0.0,89.9090909090909,0.0,0.0,0.0,0.0,16.0,16.0,4.0,13,1,0.5512489233419466,160.14160400512196,164.0,0.0,0.0,0.0,0.0,3
46.0,2.0,0.646090505058809,0.0,0.0,0.0,0.0,0.0,8.0,2.0,0.5623351446168083,0.0,0.0,89.0,0.0,0.0,0.0,0.0,8.0,24.0,4.0,14,1,0.5512489233419466,58.30951894845269,78.0,0.0,0.0,0.0,0.0,3
554.0,4.0,0.6140904611546164,0.0,0.0,0.0,0.0,0.0,12.0,2.0,0.4505612088643047,0.0,0.0,86.4,0.0,0.0,0.0,8.0,0.0,1138.0,0.0,14,1,0.5512489233419466,251.0829876090107,184.0,0.0,0.0,0.0,0.0,3
12.0,1.0,-1.000088900581841e-12,0.0,0.0,0.0,0.0,0.0,0.0,0.0,0.0,0.0,0.0,83.83333333333333,0.0,0.0,0.0,0.0,0.0,0.0,0.0,15,1,0.5512489233419466,251.0829876090107,184.0,0.0,0.0,0.0,0.0,3
350.0,5.0,0.5070116226769922,0.0,0.0,0.0,0.0,0.0,24.0,3.0,0.887694275796104,0.0,0.0,82.22222222222223,0.0,0.0,0.0,0.0,8.0,410.0,2.0,15,1,0.5512489233419466,258.402141373996,240.5,0.0,0.0,0.0,0.0,3
186.0,5.0,1.2374916161335727,0.0,0.0,0.0,0.0,0.0,30.0,3.0,1.054920167983144,0.0,0.0,80.08333333333333,0.0,0.0,0.0,0.0,8.0,528.0,2.0,16,1,0.5512489233419466,231.34029768575405,275.5,0.0,0.0,0.0,0.0,2
26.0,2.0,0.666278442412676,0.0,0.0,0.0,0.0,0.0,4.0,1.0,-1.000088900581841e-12,0.0,0.0,79.0,0.0,0.0,0.0,0.0,8.0,36.0,6.0,16,1,0.5512489233419466,158.6894241382623,143.5,0.0,0.0,0.0,0.0,3
12.0,1.0,-1.000088900581841e-12,0.0,0.0,0.0,0.0,0.0,2.0,1.0,-1.000088900581841e-12,0.0,0.0,78.0,0.0,0.0,0.0,0.0,0.0,0.0,0.0,17,1,0.5512489233419466,158.6894241382623,143.5,0.0,0.0,0.0,0.0,3
168.0,4.0,1.1150405521755573,0.0,0.0,0.0,0.0,0.0,10.0,3.0,1.054920167983144,0.0,0.0,76.81818181818181,6.0,0.0,0.0,0.0,8.0,522.0,2.0,17,1,0.5512489233419466,91.69514709078103,98.0,0.0,0.0,0.0,0.0,3
546.0,11.0,1.937983713735541,0.0,0.0,0.0,0.0,0.0,52.0,3.0,0.8587409130032868,0.0,0.0,73.6,0.0,0.0,0.0,0.0,32.0,1114.0,8.0,18,1,0.5512489233419466,248.8533704814945,188.0,0.0,0.0,0.0,0.0,3
60.0,3.0,0.8018185525403373,0.0,0.0,0.0,0.0,0.0,12.0,2.0,0.6931471805579453,0.0,0.0,69.875,0.0,0.0,0.0,0.0,16.0,82.0,10.0,18,1,0.5512489233419466,241.9607406171505,196.5,0.0,0.0,0.0,0.0,3
384.0,6.0,1.0146710374276982,0.0,0.0,0.0,0.0,0.0,14.0,1.0,-1.000088900581841e-12,0.0,0.0,66.80952380952381,0.0,0.0,0.0,0.0,32.0,976.0,6.0,19,1,0.5512489233419466,217.6809592040608,289.5,0.0,0.0,0.0,0.0,2
358.0,4.0,1.1793483174499415,0.0,0.0,0.0,0.0,0.0,24.0,1.0,-1.000088900581841e-12,0.0,0.0,63.3,0.0,0.0,0.0,0.0,48.0,742.0,18.0,19,1,0.5512489233419466,202.5339477717253,337.0,0.0,0.0,0.0,0.0,2
18.0,1.0,-1.000088900581841e-12,0.0,0.0,0.0,0.0,0.0,4.0,1.0,-1.000088900581841e-12,0.0,0.0,60.42857142857143,0.0,0.0,0.0,0.0,8.0,4.0,4.0,20,1,0.5512489233419466,192.7381643577628,205.0,0.0,0.0,0.0,0.0,2
12.0,1.0,-1.000088900581841e-12,0.0,0.0,0.0,0.0,0.0,24.0,1.0,-1.000088900581841e-12,0.0,0.0,59.5,0.0,0.0,0.0,0.0,0.0,0.0,0.0,20,1,0.5512489233419466,205.8251685290212,193.0,0.0,0.0,0.0,0.0,3
328.0,6.0,1.484165645815653,0.0,0.0,0.0,0.0,0.0,54.0,3.0,0.9525594433880548,0.0,0.0,56.80952380952381,0.0,0.0,0.0,0.0,40.0,616.0,16.0,21,0,0.5512489233419466,189.78233145720728,179.0,0.0,0.0,0.0,0.0,3
360.0,5.0,1.290200647040707,0.0,0.0,0.0,0.0,0.0,58.0,3.0,0.744129541408298,0.0,0.0,53.578947368421055,0.0,0.0,0.0,0.0,24.0,662.0,8.0,21,0,0.5512489233419466,190.41270965983327,179.5,0.0,0.0,0.0,0.0,3
64.0,1.0,-1.000088900581841e-12,0.0,0.0,0.0,0.0,0.0,8.0,2.0,0.6931471805579453,0.0,0.0,51.333333333333336,0.0,0.0,0.0,0.0,8.0,0.0,2.0,22,0,0.5512489233419466,178.41898254763504,191.0,0.0,0.0,0.0,0.0,3
12.0,1.0,-1.000088900581841e-12,0.0,0.0,0.0,0.0,0.0,0.0,0.0,0.0,0.0,0.0,50.333333333333336,0.0,0.0,0.0,0.0,0.0,0.0,0.0,22,0,0.5512489233419466,178.41898254763504,191.0,0.0,0.0,0.0,0.0,2
346.0,3.0,0.7628596886698389,0.0,0.0,0.0,0.0,0.0,6.0,2.0,0.6365141682928128,0.0,0.0,48.66666666666666,0.0,0.0,0.0,0.0,8.0,596.0,2.0,23,0,0.5512489233419466,183.1893373898527,195.5,0.0,0.0,0.0,0.0,3
34.0,2.0,0.605797499370304,0.0,0.0,0.0,0.0,0.0,8.0,1.0,-1.000088900581841e-12,0.0,0.0,47.375,0.0,0.0,0.0,0.0,16.0,30.0,4.0,23,0,0.5512489233419466,156.1281524901898,114.0,0.0,0.0,0.0,0.0,3
12.0,1.0,-1.000088900581841e-12,0.0,0.0,0.0,0.0,0.0,4.0,1.0,-1.000088900581841e-12,0.0,0.0,46.16666666666666,0.0,0.0,0.0,0.0,0.0,0.0,0.0,0,0,0.5512489233419466,163.66225384410816,101.0,0.0,0.0,0.0,0.0,2
8.0,1.0,-1.000088900581841e-12,0.0,0.0,0.0,0.0,0.0,6.0,1.0,-1.000088900581841e-12,0.0,0.0,45.833333333333336,0.0,0.0,0.0,0.0,0.0,0.0,0.0,0,0,0.5512489233419466,164.39789130845514,100.0,0.0,0.0,0.0,0.0,3
654.0,6.0,1.266607146601891,0.0,0.0,0.0,0.0,0.0,30.0,3.0,0.8532361505527783,0.0,0.0,43.07142857142857,0.0,0.0,0.0,0.0,8.0,924.0,2.0,1,0,0.5512489233419466,318.2053844086656,177.0,0.0,0.0,0.0,0.0,3
106.0,3.0,0.5636742234778738,0.0,0.0,0.0,0.0,0.0,14.0,5.0,1.5498260458732018,0.0,0.0,26.0,0.0,0.0,0.0,0.0,8.0,74.0,4.0,9,1,0.5512489233419466,52.99999999999964,26.5,0.0,0.0,0.0,0.0,2
696.0,2.0,0.2583703072936724,0.0,0.0,0.0,0.0,0.0,32.0,4.0,1.040839837419239,0.0,8.0,39.89655172413793,0.0,0.0,0.0,0.0,16.0,106.0,2.0,10,1,0.5512489233419466,334.09130488535607,200.5,0.0,0.0,0.0,0.0,3
716.0,5.0,1.4028132778240612,0.0,0.0,0.0,0.0,0.0,14.0,2.0,0.410116318286409,0.0,0.0,74.7,0.0,0.0,0.0,0.0,8.0,802.0,4.0,10,1,0.5512489233419466,379.5730057138766,379.5,0.0,0.0,0.0,0.0,3
288.0,2.0,0.3031800288354532,0.0,0.0,0.0,0.0,0.0,18.0,2.0,0.5297061990556545,0.0,0.0,95.11111111111111,0.0,0.0,0.0,0.0,32.0,154.0,12.0,11,1,0.5512489233419466,303.2287365449829,451.5,0.0,0.0,0.0,0.0,2
28.0,1.0,-1.000088900581841e-12,0.0,0.0,0.0,0.0,0.0,4.0,1.0,-1.000088900581841e-12,0.0,0.0,98.0,0.0,0.0,0.0,0.0,8.0,4.0,2.0,11,1,0.5512489233419466,333.81831385750337,432.0,0.0,0.0,0.0,0.0,2
168.0,3.0,0.7702470921015672,0.0,0.0,0.0,0.0,0.0,2.0,1.0,-1.000088900581841e-12,0.0,0.0,97.9090909090909,0.0,0.0,0.0,0.0,8.0,256.0,4.0,12,1,0.5512489233419466,296.9893376312804,300.0,0.0,0.0,0.0,0.0,3
174.0,5.0,1.3595059937548688,0.0,0.0,0.0,0.0,0.0,10.0,1.0,-1.000088900581841e-12,0.0,0.0,95.92857142857144,0.0,0.0,0.0,0.0,24.0,370.0,4.0,12,1,0.5512489233419466,106.43777524920355,164.5,0.0,0.0,0.0,0.0,2
12.0,1.0,-1.000088900581841e-12,0.0,0.0,0.0,0.0,0.0,0.0,0.0,0.0,0.0,0.0,94.83333333333331,0.0,0.0,0.0,0.0,0.0,0.0,0.0,13,1,0.5512489233419466,87.45856161634474,95.5,0.0,0.0,0.0,0.0,3
578.0,6.0,0.5907417523105882,0.0,0.0,0.0,0.0,0.0,26.0,2.0,0.5402041423868609,0.0,0.0,92.73076923076924,0.0,0.0,0.0,0.0,16.0,848.0,8.0,13,1,0.5512489233419466,241.9173412552312,233.0,0.0,0.0,0.0,0.0,3
716.0,3.0,0.1854117154389421,0.0,0.0,0.0,0.0,0.0,136.0,1.0,-1.000088900581841e-12,0.0,0.0,87.6,0.0,0.0,0.0,0.0,0.0,718.0,0.0,14,1,0.5512489233419466,331.44129696423363,370.0,0.0,0.0,0.0,0.0,3
338.0,5.0,0.2891139851576886,0.0,0.0,0.0,0.0,0.0,8.0,3.0,1.039720770836918,0.0,0.0,83.41176470588235,0.0,0.0,0.0,0.0,0.0,286.0,0.0,14,1,0.5512489233419466,308.4606944166468,411.0,0.0,0.0,0.0,0.0,2
590.0,8.0,1.171939203562222,0.0,0.0,0.0,4.0,0.0,256.0,3.0,0.3433918297698946,0.0,0.0,79.74074074074075,0.0,0.0,0.0,0.0,16.0,556.0,4.0,15,1,0.5512489233419466,157.8638654030743,555.5,0.0,0.0,2.0,1.0,3
716.0,1.0,-1.000088900581841e-12,0.0,0.0,0.0,0.0,0.0,10.0,2.0,0.6730116670072565,0.0,0.0,70.2,0.0,0.0,0.0,0.0,0.0,80.0,0.0,15,1,0.5512489233419466,178.19090885900985,590.0,0.0,0.0,2.0,1.0,2
716.0,6.0,1.3860888825232336,0.0,0.0,0.0,8.0,0.0,56.0,4.0,0.895332665964091,0.0,8.0,66.53333333333333,0.0,0.0,0.0,0.0,16.0,670.0,4.0,16,1,0.5512489233419466,178.19090885900985,590.0,0.0,0.0,3.829708431025352,3.0,3
392.0,6.0,1.0090279971287843,0.0,0.0,0.0,0.0,0.0,54.0,4.0,1.3349866351419757,0.0,0.0,82.95,0.0,0.0,0.0,0.0,32.0,904.0,6.0,16,1,0.5512489233419466,152.99999999999986,603.5,0.0,0.0,3.829708431025352,3.0,3
12.0,1.0,-1.000088900581841e-12,0.0,0.0,0.0,0.0,0.0,0.0,0.0,0.0,0.0,0.0,82.0,0.0,0.0,0.0,0.0,0.0,0.0,0.0,17,1,0.5512489233419466,334.86116526106747,459.0,0.0,0.0,4.0,2.0,2
10.0,1.0,-1.000088900581841e-12,0.0,0.0,0.0,0.0,0.0,10.0,2.0,0.5004024235361879,0.0,0.0,81.16666666666667,2.0,0.0,0.0,0.0,0.0,0.0,0.0,17,1,0.5512489233419466,340.2641131043158,282.5,0.0,0.0,4.0,2.0,3
122.0,3.0,0.6495976811525359,0.0,0.0,0.0,0.0,0.0,26.0,4.0,1.2202821662682373,0.0,0.0,80.2,0.0,0.0,0.0,0.0,8.0,156.0,4.0,18,1,0.5512489233419466,179.78505685030285,134.0,0.0,0.0,0.0,0.0,3
24.0,2.0,0.5623351446168083,0.0,0.0,0.0,0.0,0.0,8.0,2.0,0.6931471805579453,0.0,0.0,79.0,0.0,0.0,0.0,0.0,8.0,24.0,2.0,18,1,0.5512489233419466,53.690470911202,42.0,0.0,0.0,0.0,0.0,3
18.0,1.0,-1.000088900581841e-12,0.0,0.0,0.0,0.0,0.0,4.0,1.0,-1.000088900581841e-12,0.0,0.0,78.42857142857143,0.0,0.0,0.0,0.0,8.0,6.0,2.0,19,1,0.5512489233419466,52.64662065761323,43.5,0.0,0.0,0.0,0.0,3
16.0,1.0,-1.000088900581841e-12,0.0,0.0,0.0,0.0,0.0,4.0,1.0,-1.000088900581841e-12,0.0,0.0,77.85714285714286,0.0,0.0,0.0,0.0,8.0,0.0,4.0,19,1,0.5512489233419466,51.44576432192088,45.0,0.0,0.0,0.0,0.0,2
174.0,2.0,0.4011898621850057,0.0,0.0,0.0,0.0,0.0,4.0,2.0,0.6931471805579453,0.0,0.0,76.72727272727273,0.0,0.0,0.0,0.0,8.0,150.0,2.0,20,1,0.5512489233419466,77.40800992145425,58.0,0.0,0.0,0.0,0.0,3
360.0,5.0,1.252120367813307,0.0,0.0,0.0,0.0,0.0,16.0,2.0,0.3767701612544368,0.0,0.0,74.8,0.0,0.0,0.0,0.0,24.0,566.0,12.0,20,1,0.5512489233419466,163.09506430300078,142.0,0.0,0.0,0.0,0.0,3
460.0,4.0,1.1898045728560716,0.0,0.0,0.0,0.0,0.0,42.0,2.0,0.6365141682928128,0.0,0.0,60.09090909090909,0.0,0.0,0.0,0.0,32.0,766.0,8.0,23,0,0.5512489233419466,297.8159386824911,315.5,0.0,0.0,0.0,0.0,3
64.0,3.0,1.0361059705253657,0.0,0.0,0.0,0.0,0.0,2.0,1.0,-1.000088900581841e-12,0.0,0.0,57.375,0.0,0.0,0.0,0.0,0.0,174.0,0.0,23,0,0.5512489233419466,201.5365971728212,166.5,0.0,0.0,0.0,0.0,3
668.0,3.0,0.7176380038601948,0.0,0.0,0.0,0.0,0.0,30.0,5.0,1.3624474851866286,0.0,8.0,48.241379310344826,0.0,0.0,0.0,0.0,24.0,498.0,2.0,9,1,0.5512489233419466,332.0481892737859,170.0,0.0,0.0,0.0,0.0,3
716.0,1.0,-1.000088900581841e-12,0.0,0.0,0.0,0.0,0.0,2.0,1.0,-1.000088900581841e-12,0.0,0.0,78.5,0.0,0.0,0.0,0.0,8.0,0.0,4.0,9,1,0.5512489233419466,396.57702068240576,349.0,0.0,0.0,0.0,0.0,3
82.0,4.0,1.0192127445433825,0.0,0.0,0.0,0.0,0.0,10.0,3.0,1.054920167983144,0.0,0.0,92.0,0.0,0.0,0.0,0.0,8.0,374.0,2.0,10,1,0.5512489233419466,373.9995543669359,369.5,0.0,0.0,0.0,0.0,2
338.0,6.0,1.090192863166905,0.0,0.0,0.0,0.0,0.0,8.0,1.0,-1.000088900581841e-12,0.0,0.0,88.82352941176471,0.0,0.0,0.0,0.0,16.0,476.0,8.0,11,1,0.5512489233419466,306.3462093775602,298.0,0.0,0.0,0.0,0.0,2
266.0,2.0,0.5244225674655394,0.0,0.0,0.0,0.0,0.0,22.0,2.0,0.3046360973472382,0.0,0.0,83.13333333333334,0.0,0.0,0.0,0.0,8.0,390.0,6.0,12,1,0.5512489233419466,136.63088962602842,187.0,0.0,0.0,0.0,0.0,2
12.0,1.0,-1.000088900581841e-12,0.0,0.0,0.0,0.0,0.0,2.0,1.0,-1.000088900581841e-12,0.0,0.0,79.5,0.0,0.0,0.0,0.0,0.0,0.0,0.0,13,1,0.5512489233419466,107.79455768575066,130.5,0.0,0.0,0.0,0.0,2
582.0,6.0,0.4081350426113411,0.0,0.0,0.0,0.0,0.0,6.0,2.0,0.6365141682928128,0.0,0.0,74.03846153846153,0.0,0.0,0.0,0.0,8.0,546.0,2.0,14,1,0.5512489233419466,244.5260722295272,232.5,0.0,0.0,0.0,0.0,2
222.0,3.0,0.2446895835423125,0.0,0.0,0.0,0.0,0.0,18.0,2.0,0.5297061990556545,0.0,0.0,65.38461538461539,0.0,0.0,0.0,0.0,8.0,390.0,2.0,15,1,0.5512489233419466,225.33752461585257,395.5,0.0,0.0,0.0,0.0,3
614.0,2.0,0.1951446098690036,0.0,0.0,0.0,0.0,0.0,360.0,3.0,0.0687486733761483,0.0,0.0,59.48148148148148,0.0,0.0,0.0,0.0,8.0,1024.0,2.0,16,1,0.5512489233419466,202.71079563424004,432.5,0.0,0.0,0.0,0.0,2
718.0,3.0,0.3642052993440788,0.0,0.0,0.0,0.0,0.0,76.0,2.0,0.336495757581516,0.0,0.0,49.13333333333333,0.0,0.0,0.0,0.0,0.0,926.0,0.0,17,1,0.5512489233419466,199.33890739140708,586.0,0.0,0.0,0.0,0.0,3
292.0,2.0,0.3994548015216375,0.0,0.0,0.0,0.0,0.0,8.0,2.0,0.6931471805579453,0.0,0.0,40.46666666666667,0.0,0.0,0.0,0.0,8.0,468.0,4.0,18,1,0.5512489233419466,212.66875652055705,611.0,0.0,0.0,0.0,0.0,3
42.0,1.0,-1.000088900581841e-12,0.0,0.0,0.0,0.0,0.0,4.0,2.0,0.6931471805579453,0.0,0.0,72.875,0.0,0.0,0.0,0.0,0.0,18.0,0.0,19,1,0.5512489233419466,331.9091241087937,440.5,0.0,0.0,0.0,0.0,3
12.0,1.0,-1.000088900581841e-12,0.0,0.0,0.0,0.0,0.0,2.0,1.0,-1.000088900581841e-12,0.0,0.0,72.33333333333333,0.0,0.0,0.0,0.0,0.0,0.0,0.0,20,1,0.5512489233419466,342.2221500721424,197.0,0.0,0.0,0.0,0.0,2
408.0,2.0,0.6675043197849501,0.0,0.0,0.0,0.0,0.0,26.0,2.0,0.666278442412676,0.0,0.0,68.7,0.0,0.0,0.0,0.0,24.0,406.0,6.0,21,0,0.5512489233419466,189.57847979135173,171.0,0.0,0.0,0.0,0.0,2
386.0,5.0,0.8999131331177219,0.0,0.0,0.0,0.0,0.0,16.0,3.0,0.7356219397557947,0.0,0.0,60.68421052631579,0.0,0.0,0.0,0.0,0.0,1146.0,0.0,22,0,0.5512489233419466,104.80935072788095,381.5,0.0,0.0,0.0,0.0,3
82.0,2.0,0.6785008770119085,0.0,0.0,0.0,0.0,0.0,22.0,2.0,0.6554817738993928,0.0,0.0,57.5,0.0,0.0,0.0,0.0,16.0,168.0,6.0,23,0,0.5512489233419466,230.86503994036565,244.0,0.0,0.0,0.0,0.0,3
194.0,5.0,1.323497273248167,0.0,0.0,0.0,0.0,0.0,16.0,2.0,0.6615632381559821,0.0,8.0,22.285714285714285,0.0,0.0,0.0,0.0,24.0,218.0,12.0,11,1,0.5512489233419466,64.91789686468051,98.5,0.0,0.0,0.0,0.0,3
490.0,2.0,0.671321959800208,0.0,0.0,0.0,0.0,0.0,2.0,1.0,-1.000088900581841e-12,0.0,0.0,78.27272727272727,0.0,0.0,0.0,0.0,0.0,620.0,0.0,12,1,0.5512489233419466,255.1777158504767,350.5,0.0,0.0,0.0,0.0,3
80.0,3.0,0.8061473746593946,0.0,0.0,0.0,0.0,0.0,224.0,2.0,0.0895780266655439,0.0,0.0,93.5,0.0,0.0,0.0,0.0,8.0,208.0,2.0,13,1,0.5512489233419466,242.580570807584,432.0,0.0,0.0,0.0,0.0,3
684.0,4.0,0.3991555935279834,0.0,0.0,0.0,0.0,0.0,8.0,1.0,-1.000088900581841e-12,0.0,0.0,87.58620689655173,0.0,0.0,0.0,0.0,16.0,984.0,4.0,14,1,0.5512489233419466,259.67351296066624,452.5,0.0,0.0,0.0,0.0,3
198.0,3.0,0.704850948008567,0.0,0.0,0.0,0.0,0.0,14.0,2.0,0.410116318286409,0.0,0.0,80.0,0.0,0.0,0.0,0.0,0.0,356.0,0.0,15,1,0.5512489233419466,229.57569557773303,522.5,0.0,0.0,0.0,0.0,3
522.0,4.0,0.2805797623527845,0.0,0.0,0.0,0.0,0.0,16.0,2.0,0.6615632381559821,0.0,0.0,77.0,0.0,0.0,0.0,0.0,16.0,946.0,6.0,16,1,0.5512489233419466,305.3669923223529,354.5,0.0,0.0,0.0,0.0,3
508.0,6.0,1.4768342413571585,0.0,0.0,0.0,0.0,0.0,268.0,5.0,0.9179149181305528,0.0,8.0,72.43478260869566,0.0,0.0,0.0,0.0,16.0,1012.0,4.0,17,1,0.5512489233419466,245.5816225480508,315.5,0.0,0.0,0.0,0.0,3
130.0,3.0,0.4152071326283876,0.0,0.0,0.0,0.0,0.0,8.0,1.0,-1.000088900581841e-12,0.0,0.0,73.72727272727273,0.0,0.0,0.0,0.0,16.0,156.0,8.0,18,1,0.5512489233419466,256.88908112257315,386.0,0.0,0.0,0.0,0.0,3
496.0,8.0,1.3534915866038997,0.0,0.0,0.0,0.0,0.0,212.0,5.0,0.4620464007924814,0.0,0.0,69.82608695652173,0.0,0.0,0.0,0.0,16.0,1108.0,8.0,19,1,0.5512489233419466,294.29690223763254,346.0,0.0,0.0,0.0,0.0,3
160.0,2.0,0.4227090878039908,0.0,0.0,0.0,0.0,0.0,44.0,3.0,0.6889170862607753,0.0,0.0,66.54545454545455,0.0,0.0,0.0,0.0,16.0,1072.0,4.0,20,1,0.5512489233419466,202.9343079258244,198.5,0.0,0.0,0.0,0.0,2
302.0,6.0,1.3474996679558695,0.0,0.0,0.0,0.0,0.0,40.0,4.0,1.2798542258296677,0.0,0.0,61.875,0.0,0.0,0.0,0.0,8.0,552.0,2.0,21,0,0.5512489233419466,171.97286607679317,247.0,0.0,0.0,0.0,0.0,2
690.0,2.0,0.2525128447015749,0.0,0.0,0.0,0.0,0.0,2.0,1.0,-1.000088900581841e-12,0.0,0.0,55.0,0.0,0.0,0.0,0.0,0.0,3550.0,0.0,22,0,0.5512489233419466,161.41458009320797,471.0,0.0,0.0,0.0,0.0,3
638.0,5.0,0.5298572864038509,0.0,0.0,0.0,6.0,0.0,28.0,3.0,0.5091373440796869,0.0,0.0,47.21428571428572,0.0,0.0,0.0,0.0,0.0,1790.0,0.0,23,0,0.5512489233419466,169.19022824422603,523.0,0.0,0.0,2.8284271247461903,2.0,2
282.0,4.0,0.7787854925075064,0.0,0.0,0.0,0.0,0.0,30.0,2.0,0.6365141682928128,0.0,0.0,42.1764705882353,0.0,0.0,0.0,0.0,24.0,498.0,10.0,0,0,0.5512489233419466,212.40841163506988,346.0,0.0,0.0,2.8284271247461903,2.0,3
106.0,2.0,0.3124647798567395,0.0,0.0,0.0,0.0,0.0,64.0,2.0,0.1390607984527411,0.0,0.0,23.11111111111111,0.0,0.0,0.0,0.0,16.0,46.0,2.0,9,1,0.5512489233419466,117.48900657792043,88.5,0.0,0.0,0.0,0.0,2
590.0,8.0,1.6976509348919229,0.0,0.0,0.0,0.0,0.0,22.0,3.0,0.7595473914718636,0.0,16.0,17.807692307692307,0.0,0.0,0.0,0.0,8.0,938.0,0.0,10,1,0.5512489233419466,250.5513919338705,388.0,0.0,0.0,0.0,0.0,2
470.0,3.0,0.8434980561563353,0.0,0.0,0.0,0.0,0.0,26.0,2.0,0.4293230219286162,0.0,0.0,77.9090909090909,0.0,0.0,0.0,0.0,40.0,394.0,18.0,11,1,0.5512489233419466,99.17661014573932,595.0,0.0,0.0,0.0,0.0,3
36.0,4.0,1.3296613488507585,0.0,0.0,0.0,0.0,0.0,20.0,4.0,1.2206072645490174,0.0,0.0,82.71428571428571,0.0,0.0,0.0,0.0,8.0,84.0,4.0,12,1,0.5512489233419466,304.3200070101646,346.0,0.0,0.0,0.0,0.0,3
326.0,5.0,1.3857543968527164,0.0,0.0,0.0,0.0,0.0,128.0,4.0,1.2684174397554249,0.0,0.0,78.6470588235294,0.0,0.0,0.0,0.0,32.0,176.0,14.0,13,1,0.5512489233419466,119.96110480762766,167.0,0.0,0.0,0.0,0.0,2
12.0,1.0,-1.000088900581841e-12,0.0,0.0,0.0,0.0,0.0,8.0,1.0,-1.000088900581841e-12,0.0,0.0,76.0,0.0,0.0,0.0,0.0,0.0,0.0,0.0,14,1,0.5512489233419466,146.06391295137422,125.0,0.0,0.0,0.0,0.0,3
596.0,2.0,0.1354413587835425,0.0,0.0,0.0,0.0,0.0,14.0,2.0,0.5982695885832573,0.0,0.0,70.88461538461539,0.0,0.0,0.0,0.0,8.0,1026.0,2.0,15,1,0.5512489233419466,279.2770428564916,239.5,0.0,0.0,0.0,0.0,3
236.0,2.0,0.6647240207052161,0.0,0.0,0.0,0.0,0.0,20.0,3.0,0.6390318596471769,0.0,0.0,63.23076923076923,0.0,0.0,0.0,0.0,0.0,144.0,0.0,16,1,0.5512489233419466,220.9396599375796,466.5,0.0,0.0,0.0,0.0,3
12.0,1.0,-1.000088900581841e-12,0.0,0.0,0.0,0.0,0.0,4.0,1.0,-1.000088900581841e-12,0.0,0.0,61.0,0.0,0.0,0.0,0.0,0.0,0.0,0.0,17,1,0.5512489233419466,317.0720212612059,253.0,0.0,0.0,0.0,0.0,2
184.0,3.0,0.4605604375249443,0.0,0.0,0.0,0.0,0.0,24.0,2.0,0.6791932659895258,0.0,0.0,58.91666666666666,0.0,0.0,0.0,0.0,24.0,176.0,6.0,18,1,0.5512489233419466,73.91887445030505,78.0,0.0,0.0,0.0,0.0,3
352.0,3.0,0.7036745488812428,0.0,0.0,0.0,0.0,0.0,30.0,2.0,0.6730116670072565,0.0,0.0,54.26315789473684,0.0,0.0,0.0,0.0,24.0,436.0,10.0,19,1,0.5512489233419466,147.9864858694873,155.0,0.0,0.0,0.0,0.0,3
46.0,1.0,-1.000088900581841e-12,0.0,0.0,0.0,0.0,0.0,8.0,2.0,0.5623351446168083,0.0,0.0,51.285714285714285,0.0,0.0,0.0,0.0,8.0,24.0,2.0,20,1,0.5512489233419466,152.5112017743832,125.5,0.0,0.0,0.0,0.0,2
270.0,4.0,1.0834448501087943,0.0,0.0,0.0,0.0,0.0,10.0,3.0,0.9502705392302344,0.0,0.0,46.0,0.0,0.0,0.0,0.0,8.0,330.0,4.0,21,0,0.5512489233419466,165.2180377561723,197.5,0.0,0.0,0.0,0.0,2
420.0,5.0,1.2784364026195452,0.0,0.0,0.0,0.0,0.0,144.0,5.0,1.0583002959505243,0.0,0.0,38.55,0.0,0.0,0.0,0.0,8.0,582.0,4.0,22,0,0.5512489233419466,188.83061192507944,450.5,0.0,0.0,0.0,0.0,3
540.0,3.0,0.2693958118118853,0.0,0.0,0.0,0.0,0.0,54.0,4.0,1.1581972546760513,0.0,0.0,33.5,0.0,0.0,0.0,0.0,8.0,836.0,2.0,23,0,0.5512489233419466,286.40996258277505,429.0,0.0,0.0,0.0,0.0,2
166.0,5.0,0.8975657649259638,0.0,0.0,0.0,0.0,0.0,0.0,0.0,0.0,0.0,0.0,39.5,0.0,0.0,0.0,0.0,8.0,300.0,2.0,10,1,0.5512489233419466,79.41452428030153,64.0,0.0,0.0,0.0,0.0,3
58.0,2.0,0.4596930199665017,0.0,0.0,0.0,0.0,0.0,0.0,0.0,0.0,0.0,0.0,31.0,0.0,0.0,0.0,0.0,4.0,148.0,4.0,11,1,0.5512489233419466,61.93545026880757,125.0,0.0,0.0,0.0,0.0,2
718.0,1.0,-1.000088900581841e-12,0.0,0.0,0.0,0.0,0.0,0.0,0.0,0.0,0.0,0.0,70.16666666666667,0.0,0.0,0.0,0.0,0.0,0.0,0.0,12,1,0.5512489233419466,308.63570759068034,380.0,0.0,0.0,0.0,0.0,3
12.0,1.0,-1.000088900581841e-12,0.0,0.0,0.0,0.0,0.0,0.0,0.0,0.0,0.0,0.0,91.0,0.0,0.0,0.0,0.0,0.0,16.0,4.0,13,1,0.5512489233419466,323.5938812771341,370.5,0.0,0.0,0.0,0.0,3
34.0,1.0,-1.000088900581841e-12,0.0,0.0,0.0,0.0,0.0,0.0,0.0,0.0,0.0,0.0,86.28571428571429,0.0,0.0,0.0,0.0,4.0,40.0,2.0,14,1,0.5512489233419466,86.90991504617446,95.0,0.0,0.0,0.0,0.0,3
2.0,1.0,-1.000088900581841e-12,0.0,0.0,0.0,0.0,0.0,0.0,0.0,0.0,0.0,0.0,85.0,2.0,0.0,0.0,0.0,0.0,0.0,0.0,15,1,0.5512489233419466,62.447311124391874,46.5,0.0,0.0,0.0,0.0,2
30.0,2.0,0.2449300267926353,0.0,0.0,0.0,0.0,0.0,0.0,0.0,0.0,0.0,0.0,83.85714285714286,0.0,0.0,0.0,0.0,12.0,42.0,8.0,16,1,0.5512489233419466,13.711309200799546,11.0,0.0,0.0,0.0,0.0,3
12.0,1.0,-1.000088900581841e-12,0.0,0.0,0.0,0.0,0.0,0.0,0.0,0.0,0.0,0.0,81.0,0.0,0.0,0.0,0.0,0.0,0.0,0.0,17,1,0.5512489233419466,12.688577540446772,15.5,0.0,0.0,0.0,0.0,3
32.0,2.0,0.6210863745532451,0.0,0.0,0.0,0.0,0.0,0.0,0.0,0.0,0.0,0.0,75.25,0.0,0.0,0.0,0.0,0.0,90.0,0.0,18,1,0.5512489233419466,50.99999999999932,46.5,0.0,0.0,0.0,0.0,3
20.0,2.0,0.6931471805579453,0.0,0.0,0.0,0.0,0.0,0.0,0.0,0.0,0.0,0.0,73.5,0.0,0.0,0.0,0.0,4.0,56.0,6.0,19,1,0.5512489233419466,50.99999999999931,46.5,0.0,0.0,0.0,0.0,3
20.0,1.0,-1.000088900581841e-12,0.0,0.0,0.0,0.0,0.0,0.0,0.0,0.0,0.0,0.0,71.66666666666667,0.0,0.0,0.0,0.0,4.0,0.0,4.0,20,1,0.5512489233419466,6.531972647416432,20.0,0.0,0.0,0.0,0.0,2
54.0,1.0,-1.000088900581841e-12,0.0,0.0,0.0,0.0,0.0,0.0,0.0,0.0,0.0,0.0,68.5,0.0,0.0,0.0,0.0,12.0,80.0,6.0,21,0,0.5512489233419466,48.23553323709189,57.0,0.0,0.0,0.0,0.0,2
176.0,5.0,1.307679092901047,0.0,0.0,0.0,0.0,0.0,0.0,0.0,0.0,0.0,0.0,60.46153846153846,0.0,0.0,0.0,0.0,0.0,418.0,0.0,22,0,0.5512489233419466,59.78851617716061,135.0,0.0,0.0,0.0,0.0,3
54.0,2.0,0.5297061990556545,0.0,0.0,0.0,0.0,0.0,0.0,0.0,0.0,0.0,0.0,58.333333333333336,0.0,0.0,0.0,0.0,4.0,138.0,2.0,23,0,0.5512489233419466,83.78345103101564,108.5,0.0,0.0,0.0,0.0,3
82.0,6.0,1.348585157155441,0.0,0.0,0.0,0.0,0.0,0.0,0.0,0.0,0.0,0.0,33.857142857142854,0.0,0.0,0.0,0.0,8.0,108.0,4.0,9,1,0.5512489233419466,39.40812099047516,23.5,0.0,0.0,0.0,0.0,3
384.0,3.0,0.205560485027809,0.0,0.0,0.0,0.0,0.0,0.0,0.0,0.0,0.0,4.0,35.61904761904762,0.0,0.0,0.0,0.0,8.0,96.0,8.0,10,1,0.5512489233419466,165.74981146293933,140.5,0.0,0.0,0.0,0.0,2
308.0,5.0,1.2261051491899049,0.0,0.0,0.0,0.0,0.0,0.0,0.0,0.0,0.0,0.0,84.6,0.0,0.0,0.0,0.0,8.0,248.0,6.0,11,1,0.5512489233419466,131.97979643364587,276.0,0.0,0.0,0.0,0.0,3
46.0,3.0,0.9724399117131488,0.0,0.0,0.0,0.0,0.0,0.0,0.0,0.0,0.0,0.0,98.0,0.0,0.0,0.0,0.0,8.0,28.0,8.0,12,1,0.5512489233419466,160.5853874630771,275.5,0.0,0.0,0.0,0.0,3
60.0,2.0,0.6365141682928128,0.0,0.0,0.0,0.0,0.0,0.0,0.0,0.0,0.0,0.0,95.75,0.0,0.0,0.0,0.0,4.0,48.0,4.0,13,1,0.5512489233419466,186.9688031018364,140.0,0.0,0.0,0.0,0.0,2
12.0,1.0,-1.000088900581841e-12,0.0,0.0,0.0,0.0,0.0,0.0,0.0,0.0,0.0,0.0,92.16666666666669,0.0,0.0,0.0,0.0,0.0,0.0,0.0,14,1,0.5512489233419466,54.95452665613573,61.0,0.0,0.0,0.0,0.0,2
82.0,1.0,-1.000088900581841e-12,0.0,0.0,0.0,0.0,0.0,0.0,0.0,0.0,0.0,0.0,88.375,0.0,0.0,0.0,0.0,8.0,34.0,8.0,15,1,0.5512489233419466,56.1753207971846,88.5,0.0,0.0,0.0,0.0,3
62.0,4.0,1.0457902876223428,0.0,0.0,0.0,0.0,0.0,0.0,0.0,0.0,0.0,0.0,82.0,0.0,0.0,0.0,0.0,12.0,150.0,10.0,16,1,0.5512489233419466,25.317977802343005,86.5,0.0,0.0,0.0,0.0,3
70.0,2.0,0.5004024235361879,0.0,0.0,0.0,0.0,0.0,0.0,0.0,0.0,0.0,0.0,80.125,0.0,0.0,0.0,0.0,4.0,286.0,2.0,17,1,0.5512489233419466,30.243456592568915,56.0,0.0,0.0,0.0,0.0,3
12.0,1.0,-1.000088900581841e-12,0.0,0.0,0.0,0.0,0.0,0.0,0.0,0.0,0.0,0.0,76.0,0.0,0.0,0.0,0.0,0.0,0.0,0.0,18,1,0.5512489233419466,27.34349404641989,31.5,0.0,0.0,0.0,0.0,2
12.0,1.0,-1.000088900581841e-12,0.0,0.0,0.0,0.0,0.0,0.0,0.0,0.0,0.0,0.0,73.0,0.0,0.0,0.0,0.0,0.0,0.0,0.0,19,1,0.5512489233419466,12.806248474863098,23.0,0.0,0.0,0.0,0.0,3
86.0,4.0,1.088213852232649,0.0,0.0,0.0,0.0,0.0,0.0,0.0,0.0,0.0,0.0,70.66666666666667,0.0,0.0,0.0,0.0,4.0,230.0,4.0,20,1,0.5512489233419466,35.86548944784201,35.5,0.0,0.0,0.0,0.0,2
34.0,3.0,1.0551016181656423,0.0,0.0,0.0,0.0,0.0,0.0,0.0,0.0,0.0,0.0,68.16666666666667,0.0,0.0,0.0,0.0,4.0,70.0,2.0,21,0,0.5512489233419466,34.35112807463437,37.0,0.0,0.0,0.0,0.0,2
198.0,5.0,0.8468048802951258,0.0,0.0,0.0,0.0,0.0,0.0,0.0,0.0,0.0,0.0,62.75,0.0,0.0,0.0,0.0,8.0,424.0,2.0,22,0,0.5512489233419466,84.02182256215704,72.5,0.0,0.0,0.0,0.0,3
12.0,1.0,-1.000088900581841e-12,0.0,0.0,0.0,0.0,0.0,0.0,0.0,0.0,0.0,0.0,58.0,0.0,0.0,0.0,0.0,0.0,0.0,0.0,23,0,0.5512489233419466,84.48273985456004,73.0,0.0,0.0,0.0,0.0,3
12.0,1.0,-1.000088900581841e-12,0.0,0.0,0.0,0.0,0.0,0.0,0.0,0.0,0.0,0.0,54.66666666666666,0.0,0.0,0.0,0.0,0.0,0.0,0.0,0,0,0.5512489233419466,16.49242250246863,26.0,0.0,0.0,0.0,0.0,3
692.0,3.0,0.509101640599903,0.0,0.0,0.0,0.0,0.0,0.0,0.0,0.0,0.0,0.0,62.48275862068966,0.0,0.0,0.0,0.0,4.0,192.0,4.0,10,1,0.5512489233419466,326.78433254977193,221.0,0.0,0.0,0.0,0.0,2
716.0,2.0,0.073520657740532,0.0,0.0,0.0,0.0,0.0,0.0,0.0,0.0,0.0,0.0,98.96666666666668,0.0,0.0,0.0,0.0,4.0,0.0,0.0,11,1,0.5512489233419466,242.00275480525687,526.0,0.0,0.0,0.0,0.0,3
12.0,1.0,-1.000088900581841e-12,0.0,0.0,0.0,0.0,0.0,0.0,0.0,0.0,0.0,0.0,100.0,0.0,0.0,0.0,0.0,0.0,0.0,0.0,12,1,0.5512489233419466,300.09498496309453,438.5,0.0,0.0,0.0,0.0,2
36.0,2.0,0.3488320958410319,0.0,0.0,0.0,0.0,0.0,0.0,0.0,0.0,0.0,0.0,100.0,0.0,0.0,0.0,0.0,4.0,146.0,4.0,13,1,0.5512489233419466,251.2548506994441,145.5,0.0,0.0,0.0,0.0,2
204.0,7.0,1.7845509291035258,0.0,0.0,0.0,0.0,0.0,0.0,0.0,0.0,0.0,0.0,94.52941176470588,0.0,0.0,0.0,0.0,8.0,630.0,2.0,14,1,0.5512489233419466,85.41662601625004,84.0,0.0,0.0,0.0,0.0,3
72.0,4.0,1.3480817322622909,0.0,0.0,0.0,0.0,0.0,0.0,0.0,0.0,0.0,0.0,90.11111111111111,0.0,0.0,0.0,0.0,8.0,110.0,2.0,15,1,0.5512489233419466,67.17886572427315,104.5,0.0,0.0,0.0,0.0,3
18.0,2.0,0.6365141682928128,0.0,0.0,0.0,0.0,0.0,0.0,0.0,0.0,0.0,0.0,88.5,0.0,0.0,0.0,0.0,4.0,74.0,4.0,16,1,0.5512489233419466,29.529646120465493,40.0,0.0,0.0,0.0,0.0,3
198.0,4.0,0.4769324277991199,0.0,0.0,0.0,0.0,0.0,0.0,0.0,0.0,0.0,0.0,63.13333333333333,0.0,0.0,0.0,0.0,4.0,112.0,6.0,23,0,0.5512489233419466,89.8498747912312,63.5,0.0,0.0,0.0,0.0,2
12.0,1.0,-1.000088900581841e-12,0.0,0.0,0.0,0.0,0.0,0.0,0.0,0.0,0.0,0.0,41.0,0.0,0.0,0.0,0.0,0.0,0.0,0.0,9,1,0.5512489233419466,6.928203230270003,6.0,0.0,0.0,0.0,0.0,2
660.0,3.0,0.2732338418399533,0.0,0.0,0.0,0.0,0.0,0.0,0.0,0.0,0.0,2.0,52.266666666666666,0.0,0.0,0.0,0.0,4.0,60.0,2.0,10,1,0.5512489233419466,322.3678023624567,176.5,0.0,0.0,0.0,0.0,3
476.0,2.0,0.5140679876046103,0.0,0.0,0.0,0.0,0.0,0.0,0.0,0.0,0.0,0.0,97.8181818181818,0.0,0.0,0.0,0.0,6.0,112.0,4.0,11,1,0.5512489233419466,272.38697962029426,410.0,0.0,0.0,0.0,0.0,3
98.0,2.0,0.6159629337518382,0.0,0.0,0.0,0.0,0.0,0.0,0.0,0.0,0.0,0.0,98.36363636363636,0.0,0.0,0.0,0.0,2.0,150.0,2.0,12,1,0.5512489233419466,206.07037632808823,301.5,0.0,0.0,0.0,0.0,2
12.0,1.0,-1.000088900581841e-12,0.0,0.0,0.0,0.0,0.0,0.0,0.0,0.0,0.0,0.0,94.83333333333331,0.0,0.0,0.0,0.0,0.0,0.0,2.0,13,1,0.5512489233419466,58.44655678480918,80.0,0.0,0.0,0.0,0.0,3
106.0,3.0,1.0094005281321683,0.0,0.0,0.0,0.0,0.0,0.0,0.0,0.0,0.0,0.0,88.77777777777777,0.0,0.0,0.0,0.0,2.0,282.0,2.0,14,1,0.5512489233419466,50.83306010855459,76.0,0.0,0.0,0.0,0.0,3
94.0,2.0,0.3388856117065273,0.0,0.0,0.0,0.0,0.0,0.0,0.0,0.0,0.0,0.0,82.55555555555556,0.0,0.0,0.0,0.0,2.0,302.0,2.0,15,1,0.5512489233419466,46.25653107039687,86.5,0.0,0.0,0.0,0.0,3
42.0,2.0,0.5982695885832573,0.0,0.0,0.0,0.0,0.0,0.0,0.0,0.0,0.0,0.0,77.75,0.0,0.0,0.0,0.0,2.0,40.0,2.0,16,1,0.5512489233419466,34.46254004954642,44.5,0.0,0.0,0.0,0.0,3
82.0,3.0,0.9112322329291712,0.0,0.0,0.0,0.0,0.0,0.0,0.0,0.0,0.0,0.0,72.25,0.0,0.0,0.0,0.0,0.0,274.0,0.0,17,1,0.5512489233419466,25.05327656548322,47.5,0.0,0.0,0.0,0.0,2
36.0,2.0,0.6365141682928128,0.0,0.0,0.0,0.0,0.0,0.0,0.0,0.0,0.0,0.0,67.0,0.0,0.0,0.0,0.0,0.0,56.0,0.0,18,1,0.5512489233419466,20.680103158992964,51.5,0.0,0.0,0.0,0.0,2
92.0,5.0,1.224435291886413,0.0,0.0,0.0,0.0,0.0,0.0,0.0,0.0,0.0,0.0,61.4,0.0,0.0,0.0,0.0,2.0,202.0,2.0,19,1,0.5512489233419466,40.70626487409431,73.5,0.0,0.0,0.0,0.0,3
28.0,2.0,0.6517565611706533,0.0,0.0,0.0,0.0,0.0,0.0,0.0,0.0,0.0,0.0,57.0,0.0,0.0,0.0,0.0,2.0,24.0,2.0,20,1,0.5512489233419466,45.11836285445861,69.5,0.0,0.0,0.0,0.0,3
12.0,1.0,-1.000088900581841e-12,0.0,0.0,0.0,0.0,0.0,0.0,0.0,0.0,0.0,0.0,52.66666666666666,0.0,0.0,0.0,0.0,0.0,0.0,0.0,21,0,0.5512489233419466,14.36430761760752,30.5,0.0,0.0,0.0,0.0,2
84.0,3.0,0.9693003094108454,0.0,0.0,0.0,0.0,0.0,0.0,0.0,0.0,0.0,0.0,50.66666666666666,0.0,0.0,0.0,0.0,2.0,132.0,2.0,22,0,0.5512489233419466,30.95695936834329,42.5,0.0,0.0,0.0,0.0,3
106.0,2.0,0.1606805620395462,0.0,0.0,0.0,0.0,0.0,0.0,0.0,0.0,0.0,0.0,44.25,0.0,0.0,0.0,0.0,0.0,182.0,0.0,23,0,0.5512489233419466,32.84306116467511,73.0,0.0,0.0,0.0,0.0,3
456.0,8.0,0.8244986107478405,0.0,0.0,0.0,0.0,0.0,0.0,0.0,0.0,0.0,0.0,69.34782608695652,0.0,0.0,0.0,0.0,4.0,210.0,2.0,10,1,0.5512489233419466,306.5871273662131,299.5,0.0,0.0,0.0,0.0,3
138.0,4.0,0.973358735582668,0.0,0.0,0.0,0.0,0.0,0.0,0.0,0.0,0.0,0.0,94.41666666666669,0.0,0.0,0.0,0.0,12.0,84.0,6.0,11,1,0.5512489233419466,234.3636775042866,465.5,0.0,0.0,0.0,0.0,3
56.0,3.0,0.6161286695988664,0.0,0.0,0.0,0.0,0.0,0.0,0.0,0.0,0.0,0.0,91.75,0.0,0.0,0.0,0.0,4.0,14.0,2.0,12,1,0.5512489233419466,275.8761799551867,208.5,0.0,0.0,0.0,0.0,2
12.0,1.0,-1.000088900581841e-12,0.0,0.0,0.0,0.0,0.0,0.0,0.0,0.0,0.0,0.0,89.0,0.0,0.0,0.0,0.0,0.0,0.0,0.0,13,1,0.5512489233419466,41.99603155854832,49.5,0.0,0.0,0.0,0.0,2
114.0,3.0,0.5198001462861844,0.0,0.0,0.0,0.0,0.0,0.0,0.0,0.0,0.0,0.0,84.81818181818181,0.0,0.0,0.0,0.0,4.0,250.0,4.0,14,1,0.5512489233419466,53.77731863899426,91.0,0.0,0.0,0.0,0.0,3
118.0,4.0,0.7280693444231596,0.0,0.0,0.0,0.0,0.0,0.0,0.0,0.0,0.0,0.0,77.8,0.0,0.0,0.0,0.0,0.0,538.0,0.0,15,1,0.5512489233419466,36.49200825751559,103.5,0.0,0.0,0.0,0.0,3
54.0,2.0,0.1584105701297908,0.0,0.0,0.0,0.0,0.0,0.0,0.0,0.0,0.0,0.0,73.33333333333333,0.0,0.0,0.0,0.0,4.0,164.0,4.0,16,1,0.5512489233419466,43.95072999014448,58.5,0.0,0.0,0.0,0.0,3
20.0,2.0,0.6931471805579453,0.0,0.0,0.0,0.0,0.0,0.0,0.0,0.0,0.0,0.0,70.0,0.0,0.0,0.0,0.0,4.0,38.0,6.0,17,1,0.5512489233419466,20.024984394498773,24.5,0.0,0.0,0.0,0.0,2
12.0,1.0,-1.000088900581841e-12,0.0,0.0,0.0,0.0,0.0,0.0,0.0,0.0,0.0,0.0,67.0,0.0,0.0,0.0,0.0,0.0,0.0,0.0,18,1,0.5512489233419466,18.064698539783407,23.5,0.0,0.0,0.0,0.0,3
42.0,3.0,1.071018542406915,0.0,0.0,0.0,0.0,0.0,0.0,0.0,0.0,0.0,0.0,65.75,2.0,0.0,0.0,0.0,4.0,128.0,2.0,19,1,0.5512489233419466,20.4857674170773,28.5,0.0,0.0,0.0,0.0,3
88.0,3.0,1.0207259227861585,0.0,0.0,0.0,0.0,0.0,0.0,0.0,0.0,0.0,0.0,63.66666666666666,0.0,0.0,0.0,0.0,4.0,142.0,2.0,20,1,0.5512489233419466,36.40512784393502,38.0,0.0,0.0,0.0,0.0,3
82.0,4.0,1.2472565793226669,0.0,0.0,0.0,0.0,0.0,0.0,0.0,0.0,0.0,0.0,59.0,0.0,0.0,0.0,0.0,16.0,136.0,14.0,21,0,0.5512489233419466,40.21608301828079,71.0,0.0,0.0,0.0,0.0,3
60.0,3.0,0.8169527750310905,0.0,0.0,0.0,0.0,0.0,0.0,0.0,0.0,0.0,0.0,51.66666666666666,0.0,0.0,0.0,0.0,0.0,150.0,0.0,22,0,0.5512489233419466,20.02498439449877,86.5,0.0,0.0,0.0,0.0,2
48.0,2.0,0.6791932659895258,0.0,0.0,0.0,0.0,0.0,0.0,0.0,0.0,0.0,0.0,50.285714285714285,4.0,0.0,0.0,0.0,4.0,144.0,2.0,23,0,0.5512489233419466,37.10795063055785,55.5,0.0,0.0,0.0,0.0,3
8.0,1.0,-1.000088900581841e-12,0.0,0.0,0.0,0.0,0.0,0.0,0.0,0.0,0.0,0.0,46.0,2.0,0.0,0.0,0.0,0.0,0.0,0.0,0,0,0.5512489233419466,18.76166303929156,20.0,0.0,0.0,0.0,0.0,3
96.0,4.0,1.3398061212587635,0.0,0.0,0.0,0.0,0.0,0.0,0.0,0.0,0.0,0.0,44.57142857142857,0.0,0.0,0.0,0.0,4.0,266.0,4.0,1,0,0.5512489233419466,44.94441010848756,29.0,0.0,0.0,0.0,0.0,3
712.0,1.0,-1.000088900581841e-12,0.0,0.0,0.0,0.0,0.0,0.0,0.0,0.0,0.0,0.0,76.6,0.0,0.0,0.0,0.0,0.0,0.0,0.0,10,1,0.5512489233419466,360.87070630167057,346.5,0.0,0.0,0.0,0.0,3
56.0,1.0,-1.000088900581841e-12,0.0,0.0,0.0,0.0,0.0,0.0,0.0,0.0,0.0,0.0,93.875,0.0,0.0,0.0,0.0,4.0,382.0,2.0,11,1,0.5512489233419466,330.62919814599945,373.5,0.0,0.0,0.0,0.0,2
94.0,3.0,0.9863141234381216,0.0,0.0,0.0,0.0,0.0,0.0,0.0,0.0,0.0,0.0,87.0,0.0,0.0,0.0,0.0,8.0,346.0,10.0,12,1,0.5512489233419466,32.782108941716615,84.0,0.0,0.0,0.0,0.0,3
12.0,1.0,-1.000088900581841e-12,0.0,0.0,0.0,0.0,0.0,0.0,0.0,0.0,0.0,0.0,83.66666666666667,0.0,0.0,0.0,0.0,0.0,0.0,0.0,13,1,0.5512489233419466,36.69695718539312,48.0,0.0,0.0,0.0,0.0,3
24.0,3.0,0.9184277849900976,0.0,0.0,0.0,0.0,0.0,0.0,0.0,0.0,0.0,0.0,82.28571428571429,0.0,0.0,0.0,0.0,4.0,60.0,2.0,14,1,0.5512489233419466,9.591663046620734,17.0,0.0,0.0,0.0,0.0,3
70.0,3.0,0.6200563412522393,0.0,0.0,0.0,0.0,0.0,0.0,0.0,0.0,0.0,0.0,75.33333333333333,0.0,0.0,0.0,0.0,0.0,240.0,0.0,15,1,0.5512489233419466,46.857941340466255,52.5,0.0,0.0,0.0,0.0,3
28.0,3.0,0.992281974849574,0.0,0.0,0.0,0.0,0.0,0.0,0.0,0.0,0.0,0.0,73.83333333333333,0.0,0.0,0.0,0.0,4.0,54.0,2.0,16,1,0.5512489233419466,43.43193909248404,55.5,0.0,0.0,0.0,0.0,3
114.0,6.0,1.513649189149589,0.0,0.0,0.0,0.0,0.0,0.0,0.0,0.0,0.0,0.0,68.45454545454545,0.0,0.0,0.0,0.0,12.0,398.0,8.0,17,1,0.5512489233419466,44.76233535760368,48.5,0.0,0.0,0.0,0.0,3
94.0,3.0,0.811305594582529,0.0,0.0,0.0,0.0,0.0,0.0,0.0,0.0,0.0,0.0,60.63636363636363,0.0,0.0,0.0,0.0,8.0,156.0,4.0,18,1,0.5512489233419466,38.9700739884668,93.0,0.0,0.0,0.0,0.0,3
98.0,6.0,1.4898802884486264,0.0,0.0,0.0,0.0,0.0,0.0,0.0,0.0,0.0,0.0,55.888888888888886,0.0,0.0,0.0,0.0,4.0,396.0,2.0,19,1,0.5512489233419466,36.860095858076335,89.0,0.0,0.0,0.0,0.0,3
20.0,3.0,1.0296530140615736,0.0,0.0,0.0,0.0,0.0,0.0,0.0,0.0,0.0,0.0,51.66666666666666,0.0,0.0,0.0,0.0,4.0,88.0,2.0,20,1,0.5512489233419466,37.4299345444246,43.5,0.0,0.0,0.0,0.0,2
36.0,2.0,0.6869615765953234,0.0,0.0,0.0,0.0,0.0,0.0,0.0,0.0,0.0,0.0,47.16666666666666,0.0,0.0,0.0,0.0,4.0,90.0,2.0,21,0,0.5512489233419466,46.37168676394296,47.5,0.0,0.0,0.0,0.0,2
12.0,1.0,-1.000088900581841e-12,0.0,0.0,0.0,0.0,0.0,0.0,0.0,0.0,0.0,0.0,44.0,0.0,0.0,0.0,0.0,0.0,0.0,0.0,22,0,0.5512489233419466,44.54211490263916,56.0,0.0,0.0,0.0,0.0,3
0.0,0.0,0.0,0.0,0.0,0.0,0.0,0.0,0.0,0.0,0.0,0.0,0.0,43.0,4.0,0.0,0.0,0.0,0.0,0.0,0.0,23,0,0.5512489233419466,26.851443164193416,20.5,0.0,0.0,0.0,0.0,2
80.0,7.0,1.5051852265904335,0.0,0.0,0.0,0.0,0.0,0.0,0.0,0.0,0.0,0.0,15.11111111111111,0.0,0.0,0.0,0.0,4.0,320.0,2.0,9,1,0.5512489233419466,38.41874542459592,23.0,0.0,0.0,0.0,0.0,3
658.0,6.0,1.169603437682837,0.0,0.0,0.0,0.0,0.0,0.0,0.0,0.0,0.0,2.0,34.714285714285715,0.0,0.0,0.0,0.0,8.0,404.0,2.0,10,1,0.5512489233419466,309.6508786789836,195.5,0.0,0.0,0.0,0.0,2
184.0,5.0,0.8583650951656671,0.0,0.0,0.0,0.0,0.0,0.0,0.0,0.0,0.0,0.0,74.18181818181819,0.0,0.0,0.0,0.0,8.0,474.0,8.0,11,1,0.5512489233419466,281.8060798965604,337.0,0.0,0.0,0.0,0.0,3
114.0,7.0,1.5699223154813602,0.0,0.0,0.0,0.0,0.0,0.0,0.0,0.0,0.0,0.0,65.6,0.0,0.0,0.0,0.0,0.0,352.0,0.0,12,1,0.5512489233419466,184.455956802701,208.0,0.0,0.0,0.0,0.0,3
16.0,1.0,-1.000088900581841e-12,0.0,0.0,0.0,0.0,0.0,0.0,0.0,0.0,0.0,0.0,59.142857142857146,0.0,0.0,0.0,0.0,2.0,0.0,0.0,13,1,0.5512489233419466,42.677082062076686,56.0,0.0,0.0,0.0,0.0,3
128.0,9.0,1.951495913076164,0.0,10.0,0.0,0.0,0.0,0.0,0.0,0.0,0.0,0.0,54.66666666666666,0.0,0.0,0.0,0.0,4.0,310.0,4.0,14,1,0.5512489233419466,49.70244796117418,55.5,4.898979485566356,4.0,0.0,0.0,3
372.0,6.0,0.9751786459204296,0.0,0.0,0.0,0.0,0.0,0.0,0.0,0.0,0.0,0.0,83.0,0.0,0.0,0.0,0.0,2.0,518.0,2.0,15,1,0.5512489233419466,194.7810736870155,249.5,4.898979485566356,4.0,0.0,0.0,3
20.0,2.0,0.3250829733894482,0.0,0.0,0.0,0.0,0.0,0.0,0.0,0.0,0.0,0.0,86.33333333333333,0.0,0.0,0.0,0.0,2.0,34.0,2.0,16,1,0.5512489233419466,215.56360236984943,229.5,0.0,0.0,0.0,0.0,3
160.0,7.0,1.1842949632878916,0.0,0.0,0.0,0.0,0.0,0.0,0.0,0.0,0.0,0.0,78.81818181818181,0.0,0.0,0.0,0.0,2.0,154.0,2.0,17,1,0.5512489233419466,59.01412260354771,90.0,0.0,0.0,0.0,0.0,3
54.0,4.0,1.3066599421206329,0.0,0.0,0.0,0.0,0.0,0.0,0.0,0.0,0.0,0.0,70.625,0.0,0.0,0.0,0.0,2.0,68.0,2.0,18,1,0.5512489233419466,43.52776891441326,105.0,0.0,0.0,0.0,0.0,3
146.0,4.0,0.8562803978099294,0.0,0.0,0.0,0.0,0.0,0.0,0.0,0.0,0.0,0.0,63.72727272727273,0.0,0.0,0.0,0.0,4.0,296.0,4.0,19,1,0.5512489233419466,41.9523539268048,90.0,0.0,0.0,0.0,0.0,3
26.0,4.0,0.9371558530617008,0.0,0.0,0.0,0.0,0.0,0.0,0.0,0.0,0.0,0.0,59.71428571428572,0.0,0.0,0.0,0.0,2.0,38.0,4.0,20,1,0.5512489233419466,59.59865770300448,62.0,0.0,0.0,0.0,0.0,3
12.0,1.0,-1.000088900581841e-12,0.0,0.0,0.0,0.0,0.0,0.0,0.0,0.0,0.0,0.0,58.0,0.0,0.0,0.0,0.0,0.0,0.0,0.0,21,0,0.5512489233419466,11.195237082493056,22.0,0.0,0.0,0.0,0.0,4
146.0,3.0,0.8361083757405717,0.0,0.0,0.0,0.0,0.0,0.0,0.0,0.0,0.0,0.0,51.81818181818182,0.0,0.0,0.0,0.0,2.0,262.0,2.0,22,0,0.5512489233419466,58.4351492397047,63.0,0.0,0.0,0.0,0.0,3
28.0,2.0,0.6517565611706533,0.0,0.0,0.0,0.0,0.0,0.0,0.0,0.0,0.0,0.0,46.5,0.0,0.0,0.0,0.0,2.0,68.0,2.0,23,0,0.5512489233419466,51.90696806145806,70.5,0.0,0.0,0.0,0.0,3
118.0,6.0,1.091855908718116,0.0,0.0,0.0,0.0,0.0,0.0,0.0,0.0,0.0,0.0,41.27272727272727,0.0,0.0,0.0,0.0,4.0,220.0,4.0,0,0,0.5512489233419466,42.61455150532379,56.0,0.0,0.0,0.0,0.0,3
322.0,3.0,0.3463906831334071,0.0,0.0,0.0,0.0,0.0,0.0,0.0,0.0,0.0,0.0,57.72727272727273,0.0,0.0,0.0,0.0,8.0,92.0,8.0,15,1,0.5512489233419466,232.0251423157985,338.5,0.0,0.0,0.0,0.0,3
366.0,2.0,0.5917104093949316,0.0,0.0,0.0,0.0,0.0,0.0,0.0,0.0,0.0,0.0,54.61538461538461,0.0,0.0,0.0,0.0,16.0,222.0,12.0,16,1,0.5512489233419466,72.9086186034721,355.5,0.0,0.0,0.0,0.0,3
716.0,8.0,1.036470729301334,0.0,0.0,0.0,0.0,0.0,0.0,0.0,0.0,0.0,0.0,68.2,0.0,0.0,0.0,0.0,4.0,1114.0,4.0,17,1,0.5512489233419466,221.21181403050463,513.0,0.0,0.0,0.0,0.0,3
456.0,6.0,1.1179564319111697,0.0,0.0,0.0,0.0,0.0,0.0,0.0,0.0,0.0,0.0,61.03448275862069,0.0,0.0,0.0,0.0,20.0,376.0,14.0,18,1,0.5512489233419466,124.55788480327756,598.0,0.0,0.0,0.0,0.0,3
554.0,5.0,0.8484287817095381,0.0,0.0,0.0,0.0,0.0,0.0,0.0,0.0,0.0,0.0,53.63333333333333,0.0,0.0,0.0,0.0,16.0,186.0,14.0,19,1,0.5512489233419466,102.03757477844404,560.5,0.0,0.0,0.0,0.0,3
264.0,4.0,1.1822505873076083,0.0,0.0,0.0,0.0,0.0,0.0,0.0,0.0,0.0,0.0,48.78260869565217,0.0,0.0,0.0,0.0,8.0,456.0,4.0,20,1,0.5512489233419466,186.9509739655468,483.0,0.0,0.0,0.0,0.0,2
428.0,4.0,0.8725169191443964,0.0,0.0,0.0,0.0,0.0,0.0,0.0,0.0,0.0,0.0,43.6,0.0,0.0,0.0,0.0,4.0,190.0,2.0,21,0,0.5512489233419466,79.57386505631038,383.0,0.0,0.0,0.0,0.0,3
472.0,5.0,1.1112273264986774,0.0,0.0,0.0,0.0,0.0,0.0,0.0,0.0,0.0,0.0,38.689655172413794,0.0,0.0,0.0,0.0,12.0,96.0,8.0,22,0,0.5512489233419466,28.489764243786976,432.5,0.0,0.0,0.0,0.0,4
638.0,2.0,0.5597374289678834,0.0,0.0,0.0,0.0,0.0,0.0,0.0,0.0,0.0,0.0,32.93103448275862,0.0,0.0,0.0,0.0,4.0,610.0,2.0,23,0,0.5512489233419466,109.96969279457514,480.0,0.0,0.0,0.0,0.0,3
704.0,3.0,0.5958222453006315,0.0,0.0,0.0,0.0,0.0,0.0,0.0,0.0,0.0,0.0,13.333333333333334,0.0,0.0,0.0,0.0,0.0,730.0,0.0,9,1,0.5512489233419466,332.85983035906656,247.5,0.0,0.0,0.0,0.0,3
718.0,4.0,0.5174224830816974,0.0,0.0,0.0,0.0,0.0,0.0,0.0,0.0,0.0,0.0,65.96666666666667,0.0,0.0,0.0,0.0,4.0,244.0,4.0,10,1,0.5512489233419466,201.90014033344943,581.5,0.0,0.0,0.0,0.0,3
250.0,1.0,-1.000088900581841e-12,0.0,0.0,0.0,0.0,0.0,10.0,2.0,0.6730116670072565,0.0,0.0,90.0,0.0,0.0,0.0,0.0,4.0,0.0,2.0,11,1,0.5512489233419466,202.7379260687713,541.0,0.0,0.0,0.0,0.0,3
534.0,7.0,1.2789572907154163,0.0,0.0,0.0,0.0,0.0,18.0,4.0,1.002718264513516,0.0,0.0,81.67857142857143,0.0,0.0,0.0,0.0,0.0,892.0,0.0,12,1,0.5512489233419466,179.90738358018152,507.0,0.0,0.0,0.0,0.0,3
148.0,1.0,-1.000088900581841e-12,0.0,0.0,0.0,0.0,0.0,2.0,1.0,-1.000088900581841e-12,0.0,0.0,77.9,0.0,0.0,0.0,0.0,0.0,0.0,0.0,13,1,0.5512489233419466,222.1981098029412,433.0,0.0,0.0,0.0,0.0,3
340.0,5.0,1.2961408203051994,0.0,0.0,0.0,0.0,0.0,22.0,3.0,0.9347698978552794,0.0,0.0,71.32,0.0,0.0,0.0,0.0,2.0,172.0,0.0,14,1,0.5512489233419466,178.0964158351684,363.5,0.0,0.0,0.0,0.0,3
350.0,4.0,1.0493430474681134,0.0,0.0,0.0,0.0,0.0,26.0,3.0,0.6870920273769716,0.0,0.0,64.85185185185185,0.0,0.0,0.0,0.0,0.0,152.0,0.0,15,1,0.5512489233419466,147.3589721281557,472.0,0.0,0.0,0.0,0.0,2
150.0,1.0,-1.000088900581841e-12,0.0,0.0,0.0,0.0,0.0,4.0,1.0,-1.000088900581841e-12,0.0,0.0,60.5,0.0,0.0,0.0,0.0,0.0,0.0,0.0,16,1,0.5512489233419466,199.2075969100239,400.5,0.0,0.0,0.0,0.0,3
710.0,4.0,0.6225013906491355,0.0,0.0,0.0,0.0,0.0,38.0,3.0,0.7080189760532729,0.0,2.0,67.4,0.0,0.0,0.0,0.0,2.0,152.0,0.0,17,1,0.5512489233419466,237.91525101738765,418.5,0.0,0.0,0.0,0.0,3
134.0,1.0,-1.000088900581841e-12,0.0,0.0,0.0,0.0,0.0,2.0,1.0,-1.000088900581841e-12,0.0,0.0,99.3,0.0,0.0,0.0,0.0,0.0,0.0,0.0,18,1,0.5512489233419466,289.34408582170795,472.0,0.0,0.0,0.0,0.0,2
196.0,3.0,0.3060977908765796,0.0,0.0,0.0,0.0,0.0,12.0,4.0,1.3296613488507585,0.0,0.0,100.0,0.0,0.0,0.0,0.0,2.0,48.0,2.0,19,1,0.5512489233419466,313.8465654848983,261.5,0.0,0.0,0.0,0.0,3
126.0,1.0,-1.000088900581841e-12,0.0,0.0,0.0,0.0,0.0,4.0,1.0,-1.000088900581841e-12,0.0,0.0,100.0,0.0,0.0,0.0,0.0,0.0,0.0,0.0,20,1,0.5512489233419466,150.12328267127623,170.5,0.0,0.0,0.0,0.0,2
294.0,2.0,0.0719789336331773,0.0,0.0,0.0,0.0,0.0,22.0,2.0,0.5859526183015509,0.0,0.0,98.64,0.0,0.0,0.0,0.0,2.0,36.0,2.0,21,0,0.5512489233419466,124.41864811996594,222.0,0.0,0.0,0.0,0.0,3
