0.0,0.0,0.0,0.0,0.0,0.0,0.0,0.0,0.0,0.0,0.0,0.0,0.0,100.0,0.0,0.0,0.0,0.0,0.0,0.0,0.0,7,0,0.5621198957428323,0.0,0.0,0.0,0.0,0.0,0.0,3
0.0,0.0,0.0,0.0,0.0,0.0,0.0,0.0,0.0,0.0,0.0,0.0,0.0,100.0,0.0,0.0,0.0,0.0,0.0,0.0,0.0,8,1,0.5621198957428323,0.0,0.0,0.0,0.0,0.0,0.0,3
0.0,0.0,0.0,0.0,0.0,0.0,0.0,0.0,0.0,0.0,0.0,0.0,0.0,100.0,0.0,0.0,0.0,0.0,0.0,0.0,0.0,8,1,0.5621198957428323,0.0,0.0,0.0,0.0,0.0,0.0,3
72.0,1.0,-1.000088900581841e-12,0.0,0.0,0.0,0.0,0.0,8.0,1.0,-1.000088900581841e-12,0.0,0.0,100.0,0.0,0.0,0.0,0.0,16.0,0.0,0.0,9,1,0.5621198957428323,36.0,18.0,0.0,0.0,0.0,0.0,3
56.0,1.0,-1.000088900581841e-12,0.0,0.0,0.0,0.0,0.0,4.0,1.0,-1.000088900581841e-12,0.0,0.0,100.0,0.0,0.0,0.0,0.0,8.0,0.0,0.0,9,1,0.5621198957428323,37.52332607858744,32.0,0.0,0.0,0.0,0.0,3
6.0,1.0,-1.000088900581841e-12,0.0,0.0,0.0,0.0,0.0,0.0,0.0,0.0,0.0,0.0,100.0,0.0,0.0,0.0,0.0,0.0,0.0,0.0,10,1,0.5621198957428323,35.90264614203248,33.5,0.0,0.0,0.0,0.0,3
460.0,7.0,1.7281747324040648,0.0,0.0,0.0,0.0,0.0,84.0,5.0,0.9532562528356858,0.0,0.0,100.0,0.0,0.0,0.0,0.0,24.0,1942.0,10.0,10,1,0.5621198957428323,209.5606515228149,148.5,0.0,0.0,0.0,0.0,3
324.0,9.0,1.265678202870902,0.0,0.0,0.0,0.0,0.0,40.0,4.0,1.366158847565202,0.0,0.0,98.05263157894736,0.0,0.0,0.0,0.0,40.0,2426.0,8.0,11,1,0.5621198957428323,216.65564074509268,211.5,0.0,0.0,0.0,0.0,3
142.0,6.0,1.468405780711427,0.0,0.0,0.0,0.0,0.0,58.0,2.0,0.5098156995796888,0.0,0.0,94.08333333333331,0.0,0.0,0.0,0.0,24.0,1164.0,12.0,11,1,0.5621198957428323,199.68308224116868,233.0,0.0,0.0,0.0,0.0,2
12.0,1.0,-1.000088900581841e-12,0.0,0.0,0.0,0.0,0.0,12.0,2.0,0.6365141682928128,0.0,0.0,91.66666666666669,0.0,0.0,0.0,0.0,16.0,0.0,0.0,12,1,0.5621198957428323,197.41918177657743,234.5,0.0,0.0,0.0,0.0,3
506.0,5.0,1.2881235208324362,0.0,0.0,0.0,0.0,0.0,76.0,3.0,0.7534424611772383,0.0,0.0,86.6086956521739,0.0,0.0,0.0,0.0,48.0,2086.0,12.0,12,1,0.5621198957428323,215.44991684070493,246.0,0.0,0.0,0.0,0.0,3
282.0,6.0,1.5200219367266647,0.0,0.0,0.0,6.0,0.0,100.0,2.0,0.4713934868080942,0.0,0.0,80.25,0.0,0.0,0.0,0.0,56.0,708.0,30.0,13,1,0.5621198957428323,211.36619092623744,235.5,0.0,0.0,3.0,1.5,3
718.0,2.0,0.6561868655309493,0.0,0.0,0.0,0.0,0.0,0.0,0.0,0.0,0.0,0.0,72.76666666666667,0.0,0.0,0.0,0.0,0.0,468.0,0.0,13,1,0.5621198957428323,302.8459454354089,379.5,0.0,0.0,3.0,1.5,3
720.0,1.0,-1.000088900581841e-12,0.0,0.0,0.0,0.0,0.0,6.0,2.0,0.6365141682928128,0.0,0.0,63.93333333333333,0.0,0.0,0.0,0.0,0.0,20.0,0.0,14,1,0.5621198957428323,208.73827312370548,556.5,0.0,0.0,3.0,1.5,3
632.0,4.0,0.2104507527945811,0.0,0.0,0.0,0.0,0.0,24.0,6.0,1.7481554572416762,0.0,0.0,56.18518518518518,0.0,0.0,0.0,0.0,8.0,364.0,4.0,14,1,0.5621198957428323,208.083316646642,588.0,0.0,0.0,3.0,1.5,3
216.0,7.0,1.5201281328283271,0.0,0.0,0.0,6.0,0.0,58.0,5.0,1.4425139477351594,0.0,0.0,49.76923076923077,0.0,0.0,0.0,0.0,32.0,496.0,22.0,15,1,0.5621198957428323,240.5237341026176,571.5,0.0,0.0,3.0,1.5,3
350.0,6.0,1.3922738600215294,0.0,0.0,0.0,0.0,0.0,54.0,3.0,1.0465616513418108,0.0,0.0,41.85714285714285,0.0,0.0,0.0,0.0,40.0,440.0,14.0,15,1,0.5621198957428323,236.14896428596364,479.5,0.0,0.0,3.0,1.5,3
590.0,7.0,1.589849109575399,0.0,0.0,0.0,0.0,0.0,284.0,3.0,0.5424574359116714,0.0,0.0,28.321428571428573,0.0,0.0,0.0,0.0,56.0,5208.0,28.0,16,1,0.5621198957428323,197.8585353225885,447.0,0.0,0.0,3.0,1.5,3
90.0,3.0,0.7751905736369334,0.0,0.0,0.0,0.0,0.0,50.0,5.0,1.544771771094544,0.0,0.0,19.22222222222222,0.0,0.0,0.0,0.0,16.0,16.0,12.0,16,1,0.5621198957428323,213.8745738355388,311.5,0.0,0.0,3.0,1.5,3
600.0,4.0,0.7662374764017359,0.0,0.0,0.0,6.0,0.0,104.0,7.0,1.546406124021948,0.0,6.0,19.76,0.0,0.0,0.0,0.0,20.0,4032.0,8.0,17,1,0.5621198957428323,241.1603892295195,407.5,0.0,0.0,3.0,1.5,3
718.0,4.0,0.6638998942852318,0.0,0.0,0.0,0.0,0.0,100.0,2.0,0.3669249912707096,0.0,0.0,31.866666666666667,0.0,0.0,0.0,0.0,0.0,3104.0,0.0,17,1,0.5621198957428323,279.1194487431262,499.5,0.0,0.0,3.0,1.5,3
488.0,4.0,1.299226943993237,0.0,0.0,0.0,6.0,0.0,86.0,4.0,0.6479288116100306,0.0,0.0,45.47826086956522,0.0,0.0,0.0,0.0,24.0,1526.0,10.0,18,1,0.5621198957428323,272.6805212454067,474.0,0.0,0.0,3.4641016151377544,3.0,3
470.0,5.0,1.346488690837427,0.0,0.0,0.0,12.0,0.0,84.0,6.0,1.1157479828364598,0.0,0.0,58.0,0.0,0.0,0.0,0.0,40.0,3240.0,18.0,18,1,0.5621198957428323,114.7809508004994,569.0,0.0,0.0,4.898979485566356,6.0,3
646.0,3.0,0.2479723756207988,0.0,0.0,0.0,6.0,0.0,60.0,4.0,0.5313039033355412,0.0,0.0,51.10714285714285,0.0,0.0,0.0,0.0,8.0,582.0,4.0,19,1,0.5621198957428323,121.05508388057618,580.5,0.0,0.0,4.898979485566356,6.0,3
220.0,4.0,1.2029828717574245,0.0,0.0,0.0,6.0,0.0,112.0,4.0,0.5387243256084857,0.0,0.0,45.0,0.0,0.0,0.0,0.0,56.0,1078.0,12.0,19,1,0.5621198957428323,176.0833136141336,456.0,0.0,0.0,3.0,7.5,4
48.0,4.0,1.154822256231432,0.0,0.0,0.0,0.0,0.0,44.0,5.0,1.3884492798535997,0.0,0.0,41.75,0.0,0.0,0.0,0.0,24.0,116.0,18.0,20,1,0.5621198957428323,264.6104054391412,346.0,0.0,0.0,4.898979485566356,6.0,4
288.0,6.0,1.53473874760884,0.0,0.0,0.0,0.0,0.0,76.0,3.0,0.8092054732253178,0.0,0.0,38.2,0.0,0.0,0.0,0.0,72.0,1410.0,32.0,20,1,0.5621198957428323,251.50414178166795,300.5,0.0,0.0,3.4641016151377544,3.0,3
632.0,8.0,1.3240117668425726,0.0,0.0,0.0,8.0,0.0,134.0,4.0,0.2882182593304518,0.0,16.0,40.2962962962963,0.0,0.0,0.0,0.0,16.0,1684.0,8.0,21,0,0.5621198957428323,245.1094993399209,297.0,0.0,0.0,4.123105625617661,3.5,4
680.0,10.0,1.9095685076054505,0.0,0.0,0.0,6.0,0.0,190.0,6.0,0.657522134754933,0.0,0.0,46.2,0.0,0.0,0.0,0.0,32.0,5092.0,16.0,21,0,0.5621198957428323,298.9403507948255,412.0,0.0,0.0,4.123105625617661,3.5,5
522.0,5.0,0.7881375311262259,0.0,0.0,0.0,0.0,0.0,16.0,3.0,0.9002560512655369,0.0,0.0,38.41666666666666,0.0,0.0,0.0,0.0,8.0,2906.0,6.0,22,0,0.5621198957428323,174.6720737076575,530.5,0.0,0.0,4.123105625617661,3.5,4
514.0,8.0,1.4527725226139971,0.0,0.0,0.0,0.0,0.0,50.0,3.0,0.806816703847445,0.0,0.0,31.56,0.0,0.0,0.0,0.0,48.0,1880.0,14.0,22,0,0.5621198957428323,82.11374225223608,587.0,0.0,0.0,4.123105625617661,3.5,3
128.0,2.0,0.4060964211106113,0.0,0.0,0.0,0.0,0.0,2.0,1.0,-1.000088900581841e-12,0.0,0.0,25.8,0.0,0.0,0.0,0.0,0.0,1300.0,0.0,23,0,0.5621198957428323,234.7906869249005,461.0,0.0,0.0,3.0,1.5,3
186.0,3.0,0.8406792145094948,0.0,0.0,0.0,0.0,0.0,10.0,1.0,-1.000088900581841e-12,0.0,0.0,22.846153846153847,0.0,0.0,0.0,0.0,48.0,656.0,18.0,23,0,0.5621198957428323,209.7895771163731,337.5,0.0,0.0,0.0,0.0,3
576.0,9.0,1.7574440827914772,0.0,0.0,0.0,4.0,0.0,118.0,3.0,0.7426010495090012,0.0,8.0,18.64,0.0,0.0,0.0,0.0,48.0,2054.0,14.0,0,0,0.5621198957428323,226.67745072385708,351.0,0.0,0.0,2.0,1.0,3
718.0,1.0,-1.000088900581841e-12,0.0,0.0,0.0,0.0,0.0,0.0,0.0,0.0,0.0,0.0,29.866666666666667,0.0,0.0,0.0,0.0,0.0,38.0,0.0,0,0,0.5621198957428323,289.7493169390856,402.0,0.0,0.0,2.0,1.0,3
664.0,5.0,0.531898847821449,0.0,0.0,0.0,6.0,0.0,2.0,1.0,-1.000088900581841e-12,2.0,0.0,43.5,0.0,0.0,0.0,0.0,0.0,498.0,0.0,1,0,0.5621198957428323,240.5604567116826,536.0,0.0,0.0,3.0,2.5,3
656.0,1.0,-1.000088900581841e-12,0.0,0.0,0.0,0.0,0.0,0.0,0.0,0.0,0.0,0.0,70.28571428571429,0.0,0.0,0.0,0.0,0.0,0.0,0.0,1,0,0.5621198957428323,58.546277991574016,653.5,0.0,0.0,3.0,2.5,3
630.0,1.0,-1.000088900581841e-12,0.0,0.0,0.0,0.0,0.0,0.0,0.0,0.0,0.0,0.0,91.06666666666666,0.0,0.0,0.0,0.0,0.0,0.0,0.0,2,0,0.5621198957428323,36.96845502136468,667.0,0.0,0.0,3.0,1.5,3
0.0,0.0,0.0,0.0,0.0,0.0,0.0,0.0,0.0,0.0,0.0,0.0,0.0,99.23333333333332,0.0,0.0,0.0,0.0,0.0,0.0,0.0,2,0,0.5621198957428323,325.3239411212564,487.5,0.0,0.0,3.0,1.5,3
0.0,0.0,0.0,0.0,0.0,0.0,0.0,0.0,0.0,0.0,0.0,0.0,0.0,100.0,0.0,0.0,0.0,0.0,0.0,0.0,0.0,3,0,0.5621198957428323,371.38793733776544,321.5,0.0,0.0,0.0,0.0,3
0.0,0.0,0.0,0.0,0.0,0.0,0.0,0.0,0.0,0.0,0.0,0.0,0.0,100.0,0.0,0.0,0.0,0.0,0.0,0.0,0.0,3,0,0.5621198957428323,315.0,157.5,0.0,0.0,0.0,0.0,3
0.0,0.0,0.0,0.0,0.0,0.0,0.0,0.0,0.0,0.0,0.0,0.0,0.0,100.0,0.0,0.0,0.0,0.0,0.0,0.0,0.0,4,0,0.5621198957428323,0.0,0.0,0.0,0.0,0.0,0.0,3
0.0,0.0,0.0,0.0,0.0,0.0,0.0,0.0,0.0,0.0,0.0,0.0,0.0,100.0,0.0,0.0,0.0,0.0,0.0,0.0,0.0,4,0,0.5621198957428323,0.0,0.0,0.0,0.0,0.0,0.0,3
0.0,0.0,0.0,0.0,0.0,0.0,0.0,0.0,0.0,0.0,0.0,0.0,0.0,100.0,0.0,0.0,0.0,0.0,0.0,0.0,0.0,5,0,0.5621198957428323,0.0,0.0,0.0,0.0,0.0,0.0,3
0.0,0.0,0.0,0.0,0.0,0.0,0.0,0.0,0.0,0.0,0.0,0.0,0.0,100.0,0.0,0.0,0.0,0.0,0.0,0.0,0.0,5,0,0.5621198957428323,0.0,0.0,0.0,0.0,0.0,0.0,3
0.0,0.0,0.0,0.0,0.0,0.0,0.0,0.0,0.0,0.0,0.0,0.0,0.0,100.0,0.0,0.0,0.0,0.0,0.0,0.0,0.0,6,0,0.5621198957428323,0.0,0.0,0.0,0.0,0.0,0.0,3
0.0,0.0,0.0,0.0,0.0,0.0,0.0,0.0,0.0,0.0,0.0,0.0,0.0,100.0,0.0,0.0,0.0,0.0,0.0,0.0,0.0,6,0,0.5621198957428323,0.0,0.0,0.0,0.0,0.0,0.0,3
0.0,0.0,0.0,0.0,0.0,0.0,0.0,0.0,0.0,0.0,0.0,0.0,0.0,100.0,0.0,0.0,0.0,0.0,0.0,0.0,0.0,7,0,0.5621198957428323,0.0,0.0,0.0,0.0,0.0,0.0,3
0.0,0.0,0.0,0.0,0.0,0.0,0.0,0.0,0.0,0.0,0.0,0.0,0.0,100.0,0.0,0.0,0.0,0.0,0.0,0.0,0.0,7,0,0.5621198957428323,0.0,0.0,0.0,0.0,0.0,0.0,3
0.0,0.0,0.0,0.0,0.0,0.0,0.0,0.0,0.0,0.0,0.0,0.0,0.0,100.0,0.0,0.0,0.0,0.0,0.0,0.0,0.0,8,1,0.5621198957428323,0.0,0.0,0.0,0.0,0.0,0.0,3
106.0,1.0,-1.000088900581841e-12,0.0,0.0,0.0,0.0,0.0,12.0,1.0,-1.000088900581841e-12,0.0,0.0,100.0,0.0,0.0,0.0,0.0,24.0,0.0,0.0,8,1,0.5621198957428323,53.0,26.5,0.0,0.0,0.0,0.0,3
374.0,6.0,1.599974841781766,0.0,0.0,0.0,0.0,0.0,42.0,5.0,1.4427145897553335,0.0,0.0,100.0,0.0,0.0,0.0,0.0,36.0,1746.0,12.0,9,1,0.5621198957428323,176.55216415175056,120.0,0.0,0.0,0.0,0.0,3
294.0,5.0,1.1133773618638738,0.0,0.0,0.0,0.0,0.0,46.0,4.0,1.3151201098569263,0.0,0.0,99.3529411764706,0.0,0.0,0.0,0.0,50.0,954.0,16.0,9,1,0.5621198957428323,171.0545721887219,193.5,0.0,0.0,0.0,0.0,3
182.0,4.0,0.9356683292291664,0.0,0.0,0.0,0.0,0.0,98.0,2.0,0.5060089689454293,0.0,0.0,96.57142857142856,0.0,0.0,0.0,0.0,80.0,1628.0,28.0,10,1,0.5621198957428323,118.58611498260105,239.0,0.0,0.0,0.0,0.0,3
64.0,3.0,0.3708023580864878,0.0,0.0,0.0,0.0,0.0,10.0,2.0,0.6730116670072565,0.0,0.0,94.0,0.0,0.0,0.0,0.0,30.0,370.0,10.0,10,1,0.5621198957428323,135.00987618195444,228.5,0.0,0.0,0.0,0.0,3
56.0,2.0,0.5982695885832573,0.0,0.0,0.0,0.0,0.0,14.0,3.0,0.9556998911095343,0.0,0.0,91.875,0.0,0.0,0.0,0.0,30.0,104.0,16.0,11,1,0.5621198957428323,112.52851490474168,149.0,0.0,0.0,0.0,0.0,3
642.0,8.0,1.198911552240132,0.0,0.0,0.0,6.0,0.0,62.0,4.0,0.933105327099148,0.0,0.0,85.72413793103448,0.0,0.0,0.0,0.0,70.0,830.0,18.0,11,1,0.5621198957428323,276.7285071449392,236.0,0.0,0.0,3.0,1.5,3
418.0,2.0,0.2820292841241041,0.0,0.0,0.0,4.0,0.0,82.0,5.0,0.6750747724536077,0.0,0.0,79.0,0.0,0.0,0.0,0.0,10.0,104.0,6.0,12,1,0.5621198957428323,286.36806153387056,295.0,0.0,0.0,3.0,2.5,3
198.0,4.0,0.9763821510338248,0.0,0.0,0.0,0.0,0.0,308.0,7.0,0.7085482762142739,0.0,0.0,75.2,0.0,0.0,0.0,0.0,80.0,2850.0,28.0,12,1,0.5621198957428323,256.6313828561633,328.5,0.0,0.0,3.0,2.5,3
630.0,6.0,0.6925903910111656,0.0,0.0,0.0,6.0,0.0,48.0,4.0,1.1548222562314323,0.0,0.0,65.89285714285714,0.0,0.0,0.0,0.0,50.0,2782.0,28.0,13,1,0.5621198957428323,209.64732290205856,472.0,0.0,0.0,2.82842712474619,4.0,3
718.0,9.0,1.058252136332799,0.0,0.0,0.0,0.0,0.0,52.0,3.0,0.431071102345777,0.0,0.0,51.43333333333333,0.0,0.0,0.0,0.0,0.0,1894.0,0.0,13,1,0.5621198957428323,232.39908204064264,491.0,0.0,0.0,3.0,2.5,2
526.0,5.0,0.7577409981960365,0.0,0.0,0.0,0.0,0.0,30.0,3.0,0.6277052571941504,0.0,0.0,41.125,0.0,0.0,0.0,0.0,0.0,308.0,0.0,14,1,0.5621198957428323,227.3088940920116,518.0,0.0,0.0,3.0,1.5,2
258.0,6.0,1.4306971073035584,0.0,0.0,0.0,6.0,0.0,14.0,1.0,-1.000088900581841e-12,0.0,0.0,35.93333333333333,0.0,0.0,0.0,0.0,40.0,950.0,20.0,14,1,0.5621198957428323,199.4224995664565,533.0,0.0,0.0,3.4641016151377544,3.0,3
52.0,2.0,0.4895518936209287,0.0,0.0,0.0,0.0,0.0,6.0,1.0,-1.000088900581841e-12,0.0,0.0,32.125,0.0,0.0,0.0,0.0,30.0,112.0,4.0,15,1,0.5621198957428323,293.1091946698363,388.5,0.0,0.0,3.0,1.5,3
392.0,4.0,0.7692011935318355,0.0,0.0,0.0,8.0,0.0,26.0,4.0,1.204793309690784,0.0,0.0,28.2,0.0,0.0,0.0,0.0,10.0,402.0,4.0,15,1,0.5621198957428323,202.16494915456207,307.0,0.0,0.0,4.123105625617661,3.5,3
628.0,9.0,1.5008311457294123,0.0,0.0,0.0,8.0,0.0,70.0,5.0,1.4477373275783842,0.0,0.0,20.07407407407408,0.0,0.0,0.0,0.0,20.0,1734.0,8.0,16,1,0.5621198957428323,241.5857335743704,332.5,0.0,0.0,3.7859388972001824,5.5,3
124.0,3.0,1.049671776745878,0.0,0.0,0.0,0.0,0.0,26.0,3.0,0.9110175397095628,0.0,0.0,14.0,0.0,0.0,0.0,0.0,38.0,2428.0,12.0,16,1,0.5621198957428323,263.6436989575135,299.0,0.0,0.0,4.618802153517006,4.0,3
322.0,3.0,0.8841048963489911,0.0,0.0,0.0,0.0,0.0,362.0,2.0,0.106101008556382,0.0,8.0,24.285714285714285,0.0,0.0,0.0,0.0,52.0,1634.0,28.0,17,1,0.5621198957428323,208.02163349036567,366.5,0.0,0.0,4.618802153517006,4.0,3
642.0,1.0,-1.000088900581841e-12,0.0,0.0,0.0,0.0,0.0,2562.0,2.0,0.0116494427374667,0.0,0.0,47.25,0.0,0.0,0.0,0.0,40.0,6.0,6.0,17,1,0.5621198957428323,251.292658070227,429.0,0.0,0.0,4.0,2.0,3
594.0,4.0,0.1983761390218941,0.0,0.0,0.0,0.0,0.0,24.0,2.0,0.6365141682928128,0.0,0.0,78.68,0.0,0.0,0.0,0.0,20.0,228.0,8.0,18,1,0.5621198957428323,242.74746823259213,420.5,0.0,0.0,0.0,0.0,3
660.0,3.0,0.984584947818444,0.0,0.0,0.0,0.0,0.0,1802.0,3.0,0.0371347942645862,0.0,0.0,93.7,0.0,0.0,0.0,0.0,30.0,960.0,8.0,18,1,0.5621198957428323,157.48333245140583,554.5,0.0,0.0,0.0,0.0,3
656.0,1.0,-1.000088900581841e-12,0.0,0.0,0.0,0.0,0.0,3044.0,4.0,0.0525325665313054,0.0,0.0,99.72413793103448,0.0,0.0,0.0,0.0,70.0,34.0,10.0,19,1,0.5621198957428323,30.33150177620644,638.0,0.0,0.0,0.0,0.0,3
508.0,4.0,1.015608745271889,0.0,0.0,0.0,8.0,0.0,1294.0,4.0,0.3005170077809311,0.0,0.0,100.0,0.0,0.0,0.0,0.0,50.0,3128.0,12.0,19,1,0.5621198957428323,71.07507767612132,604.5,0.0,0.0,4.0,2.0,3
716.0,5.0,0.8659342586527345,0.0,0.0,0.0,0.0,0.0,60.0,4.0,0.7026832764756583,0.0,0.0,96.9,0.0,0.0,0.0,0.0,0.0,932.0,0.0,20,1,0.5621198957428323,88.98689042025617,635.0,0.0,0.0,4.0,2.0,3
600.0,4.0,0.6501172157827628,0.0,0.0,0.0,10.0,0.0,78.0,4.0,1.0090295797568616,0.0,0.0,89.18518518518519,0.0,0.0,0.0,0.0,30.0,1458.0,10.0,20,1,0.5621198957428323,88.42322470180942,620.0,0.0,0.0,5.259911279353167,4.5,3
68.0,4.0,1.198876636559119,0.0,0.0,0.0,0.0,0.0,32.0,5.0,1.331660286817432,0.0,0.0,84.6,0.0,0.0,0.0,0.0,50.0,188.0,12.0,21,0,0.5621198957428323,283.0948015535903,473.0,0.0,0.0,5.259911279353167,4.5,3
120.0,3.0,0.7491699942110979,0.0,0.0,0.0,0.0,0.0,82.0,2.0,0.3707947167854672,0.0,0.0,82.63636363636364,0.0,0.0,0.0,0.0,24.0,378.0,16.0,21,0,0.5621198957428323,329.7352473323611,376.0,0.0,0.0,5.0,2.5,3
448.0,5.0,1.4333285573198316,0.0,0.0,0.0,16.0,0.0,40.0,3.0,1.080527626601172,0.0,0.0,79.4090909090909,0.0,0.0,0.0,0.0,48.0,9180.0,20.0,22,0,0.5621198957428323,256.7774652625628,309.0,0.0,0.0,7.895146188218008,6.5,3
592.0,9.0,1.858822341563015,0.0,0.0,0.0,0.0,0.0,82.0,2.0,0.3707947167854672,0.0,0.0,72.57692307692308,0.0,0.0,0.0,0.0,24.0,5946.0,12.0,22,0,0.5621198957428323,253.7689237607053,307.0,0.0,0.0,8.0,4.0,3
108.0,2.0,0.4791656239262754,0.0,0.0,0.0,0.0,0.0,32.0,2.0,0.5623351446168083,0.0,0.0,68.44444444444444,0.0,0.0,0.0,0.0,48.0,502.0,16.0,23,0,0.5621198957428323,241.7133288284561,317.0,0.0,0.0,8.0,4.0,3
308.0,5.0,0.9398683984877544,0.0,0.0,0.0,0.0,0.0,34.0,2.0,0.4659992569590426,0.0,0.0,65.75,0.0,0.0,0.0,0.0,36.0,2058.0,10.0,23,0,0.5621198957428323,206.32660193650904,364.0,0.0,0.0,8.0,4.0,3
502.0,7.0,0.719807295649124,0.0,0.0,0.0,18.0,0.0,6.0,2.0,0.6365141682928128,0.0,0.0,61.19047619047619,0.0,0.0,0.0,0.0,0.0,664.0,0.0,0,0,0.5621198957428323,215.22933505139736,377.5,0.0,0.0,9.0,4.5,3
0.0,0.0,0.0,0.0,0.0,0.0,0.0,0.0,0.0,0.0,0.0,0.0,0.0,0.0,10.0,0.0,0.0,0.0,0.0,0.0,0.0,1,0,0.5621198957428323,221.9992492479798,229.5,0.0,0.0,9.0,4.5,3
0.0,0.0,0.0,0.0,0.0,0.0,0.0,0.0,0.0,0.0,0.0,0.0,0.0,0.0,6.0,0.0,0.0,0.0,0.0,0.0,0.0,2,0,0.5621198957428323,246.8758122349508,202.5,0.0,0.0,9.0,4.5,3
0.0,0.0,0.0,0.0,0.0,0.0,0.0,0.0,2.0,1.0,-1.000088900581841e-12,0.0,0.0,0.0,6.0,0.0,0.0,0.0,0.0,0.0,0.0,4,0,0.5621198957428323,251.0,125.5,0.0,0.0,9.0,4.5,3
0.0,0.0,0.0,0.0,0.0,0.0,0.0,0.0,4.0,1.0,-1.000088900581841e-12,0.0,0.0,0.0,0.0,0.0,0.0,0.0,12.0,0.0,0.0,7,0,0.5621198957428323,0.0,0.0,0.0,0.0,0.0,0.0,3
0.0,0.0,0.0,0.0,0.0,0.0,0.0,0.0,8.0,1.0,-1.000088900581841e-12,0.0,0.0,0.0,0.0,0.0,0.0,0.0,24.0,0.0,0.0,8,1,0.5621198957428323,0.0,0.0,0.0,0.0,0.0,0.0,3
356.0,6.0,1.4447310606490376,0.0,0.0,0.0,0.0,0.0,248.0,3.0,0.4002972834554674,0.0,0.0,54.11764705882353,0.0,0.0,0.0,0.0,132.0,3256.0,36.0,8,1,0.5621198957428323,178.0,89.0,0.0,0.0,0.0,0.0,4
266.0,9.0,1.680336079152689,0.0,0.0,0.0,0.0,0.0,106.0,7.0,1.1292161232772244,0.0,0.0,48.76470588235294,0.0,0.0,0.0,0.0,24.0,2178.0,16.0,9,1,0.5621198957428323,183.27665790638292,155.5,0.0,0.0,0.0,0.0,3
78.0,3.0,0.5779967022066044,0.0,0.0,0.0,0.0,0.0,56.0,2.0,0.410116318286409,0.0,0.0,46.0,0.0,0.0,0.0,0.0,60.0,20.0,14.0,9,1,0.5621198957428323,164.3938360563842,175.0,0.0,0.0,0.0,0.0,3
568.0,5.0,0.8689508266735539,0.0,0.0,0.0,6.0,0.0,106.0,3.0,0.2535476751995521,0.0,0.0,40.92,0.0,0.0,0.0,0.0,36.0,3204.0,8.0,10,1,0.5621198957428323,203.50593766931385,317.0,0.0,0.0,3.0,1.5,3
668.0,6.0,0.5041832930377337,0.0,0.0,0.0,0.0,0.0,68.0,4.0,0.7902347553392828,0.0,0.0,32.93103448275862,0.0,0.0,0.0,0.0,36.0,728.0,8.0,10,1,0.5621198957428323,271.77686926349463,395.0,0.0,0.0,3.0,1.5,3
678.0,7.0,1.3028319651172575,0.0,0.0,0.0,12.0,0.0,196.0,4.0,0.5903195564271438,0.0,0.0,22.310344827586206,0.0,0.0,0.0,0.0,24.0,2634.0,10.0,11,1,0.5621198957428323,284.3706501498821,498.0,0.0,0.0,5.744562646538029,4.5,3
382.0,6.0,1.4172770761015232,0.0,0.0,0.0,0.0,0.0,392.0,6.0,1.003716264423896,0.0,12.0,19.0,0.0,0.0,0.0,0.0,36.0,668.0,16.0,11,1,0.5621198957428323,137.2977300127961,574.0,0.0,0.0,5.744562646538029,4.5,3
414.0,2.0,0.075751085001415,0.0,0.0,0.0,0.0,0.0,1768.0,7.0,0.1921965580757466,0.0,0.0,47.1,0.0,0.0,0.0,0.0,24.0,70.0,12.0,12,1,0.5621198957428323,159.36017904943083,535.5,0.0,0.0,6.0,3.0,3
596.0,4.0,0.6899662398654414,0.0,0.0,0.0,0.0,0.0,646.0,4.0,0.3751276244891124,0.0,0.0,73.96153846153847,0.0,0.0,0.0,0.0,36.0,288.0,10.0,12,1,0.5621198957428323,142.5891533976784,517.5,0.0,0.0,6.0,3.0,3
0.0,0.0,0.0,0.0,0.0,0.0,0.0,0.0,0.0,0.0,0.0,0.0,0.0,0.0,0.0,0.0,0.0,0.0,0.0,0.0,0.0,13,1,0.5621198957428323,250.4129922082052,348.0,0.0,0.0,0.0,0.0,3
120.0,1.0,-1.000088900581841e-12,0.0,0.0,0.0,8.0,0.0,4.0,1.0,-1.000088900581841e-12,0.0,0.0,100.0,0.0,0.0,0.0,0.0,0.0,158.0,0.0,14,1,0.5621198957428323,271.89887826175374,282.5,0.0,0.0,4.0,2.0,2
174.0,5.0,1.4780281299490772,0.0,0.0,0.0,0.0,0.0,36.0,4.0,0.6336632569736562,0.0,0.0,79.3076923076923,0.0,0.0,0.0,0.0,14.0,126.0,6.0,17,1,0.5621198957428323,80.27452896155785,81.0,0.0,0.0,4.0,2.0,1
148.0,7.0,1.617899319418232,0.0,0.0,0.0,0.0,0.0,254.0,4.0,0.6345568552360286,0.0,0.0,75.5,0.0,0.0,0.0,0.0,16.0,120.0,10.0,17,1,0.5621198957428323,62.67375846396951,118.0,0.0,0.0,4.0,2.0,2
64.0,3.0,0.6150342641381844,0.0,0.0,0.0,0.0,0.0,190.0,3.0,0.4560377002768301,0.0,0.0,72.2,0.0,0.0,0.0,0.0,10.0,130.0,8.0,18,1,0.5621198957428323,68.09796864322257,104.0,0.0,0.0,0.0,0.0,2
334.0,5.0,0.5108341053591821,0.0,120.0,0.0,0.0,0.0,104.0,3.0,0.8207996891605669,0.0,0.0,66.89473684210526,0.0,0.0,0.0,0.0,12.0,730.0,10.0,18,1,0.5621198957428323,112.88932633336064,180.0,60.0,30.0,0.0,0.0,2
254.0,6.0,1.626156171004164,0.0,0.0,0.0,0.0,0.0,164.0,8.0,1.194166868272605,0.0,0.0,44.5625,0.0,0.0,0.0,0.0,22.0,618.0,12.0,20,1,0.5621198957428323,150.62868252759827,405.5,50.093246384451206,52.0,0.0,0.0,2
118.0,3.0,0.9319598693747286,0.0,0.0,0.0,0.0,0.0,50.0,3.0,0.8731726364215315,0.0,0.0,40.27272727272727,0.0,0.0,0.0,0.0,24.0,198.0,8.0,20,1,0.5621198957428323,211.303099835284,351.5,25.87147721590967,22.0,0.0,0.0,1
238.0,10.0,1.769767542768519,0.0,0.0,0.0,4.0,0.0,64.0,6.0,1.615337872889772,0.0,0.0,36.06666666666667,0.0,0.0,0.0,0.0,24.0,482.0,8.0,21,0,0.5621198957428323,209.3251059954348,303.5,19.0,9.5,2.0,1.0,2
718.0,5.0,0.5258396950733839,0.0,0.0,0.0,0.0,0.0,6.0,1.0,-1.000088900581841e-12,0.0,0.0,25.33333333333333,0.0,0.0,0.0,0.0,0.0,1212.0,0.0,21,0,0.5621198957428323,264.39364591457183,332.0,0.0,0.0,2.0,1.0,2
704.0,5.0,1.031084516946425,0.0,0.0,0.0,0.0,0.0,60.0,4.0,0.8199834517523774,0.0,4.0,19.0,0.0,0.0,0.0,0.0,0.0,1866.0,0.0,22,0,0.5621198957428323,311.6552582582235,444.5,0.0,0.0,2.0,1.0,2
590.0,6.0,1.0213699764472548,0.0,0.0,0.0,4.0,0.0,30.0,6.0,1.6170531525035536,0.0,0.0,30.346153846153847,0.0,0.0,0.0,0.0,8.0,648.0,8.0,22,0,0.5621198957428323,223.79976169186003,562.5,0.0,0.0,2.309401076758503,2.0,2
528.0,6.0,1.19961712477558,0.0,0.0,0.0,0.0,0.0,196.0,2.0,0.201508882490783,0.0,0.0,43.66666666666666,0.0,0.0,0.0,0.0,8.0,5556.0,8.0,23,0,0.5621198957428323,91.51320487594494,635.0,0.0,0.0,2.0,1.0,2
496.0,5.0,1.292259470424923,0.0,0.0,0.0,0.0,0.0,110.0,2.0,0.3446104320888521,0.0,0.0,56.375,0.0,0.0,0.0,0.0,20.0,2102.0,8.0,23,0,0.5621198957428323,91.71513869948993,579.5,0.0,0.0,2.0,1.0,2
536.0,9.0,1.54258665705932,0.0,0.0,0.0,12.0,0.0,38.0,2.0,0.2061920506312318,0.0,6.0,65.72,0.0,0.0,0.0,0.0,12.0,930.0,6.0,0,0,0.5621198957428323,39.0341730624164,537.5,0.0,0.0,5.656854249492381,4.0,3
602.0,4.0,0.620740803243382,0.0,0.0,0.0,0.0,0.0,6.0,2.0,0.6365141682928128,2.0,0.0,79.55555555555556,0.0,0.0,0.0,0.0,0.0,368.0,0.0,0,0,0.5621198957428323,44.49344521012813,540.5,0.0,0.0,6.0,3.0,3
718.0,1.0,-1.000088900581841e-12,0.0,0.0,0.0,0.0,0.0,0.0,0.0,0.0,0.0,0.0,95.1,0.0,0.0,0.0,0.0,0.0,0.0,0.0,1,0,0.5621198957428323,97.06355306361571,588.0,0.0,0.0,6.0,3.0,3
156.0,1.0,-1.000088900581841e-12,0.0,0.0,0.0,0.0,0.0,0.0,0.0,0.0,0.0,0.0,99.9,0.0,0.0,0.0,0.0,0.0,0.0,0.0,1,0,0.5621198957428323,243.25843596197572,503.0,0.0,0.0,6.0,3.0,3
0.0,0.0,0.0,0.0,0.0,0.0,0.0,0.0,0.0,0.0,0.0,0.0,0.0,100.0,0.0,0.0,0.0,0.0,0.0,0.0,0.0,2,0,0.5621198957428323,345.2631846384243,369.0,0.0,0.0,0.0,0.0,3
0.0,0.0,0.0,0.0,0.0,0.0,0.0,0.0,0.0,0.0,0.0,0.0,0.0,100.0,0.0,0.0,0.0,0.0,0.0,0.0,0.0,2,0,0.5621198957428323,341.023459603588,218.5,0.0,0.0,0.0,0.0,3
0.0,0.0,0.0,0.0,0.0,0.0,0.0,0.0,0.0,0.0,0.0,0.0,0.0,100.0,0.0,0.0,0.0,0.0,0.0,0.0,0.0,3,0,0.5621198957428323,77.99999999999987,39.0,0.0,0.0,0.0,0.0,3
0.0,0.0,0.0,0.0,0.0,0.0,0.0,0.0,0.0,0.0,0.0,0.0,0.0,100.0,0.0,0.0,0.0,0.0,0.0,0.0,0.0,3,0,0.5621198957428323,0.0,0.0,0.0,0.0,0.0,0.0,3
0.0,0.0,0.0,0.0,0.0,0.0,0.0,0.0,0.0,0.0,0.0,0.0,0.0,100.0,0.0,0.0,0.0,0.0,0.0,0.0,0.0,4,0,0.5621198957428323,0.0,0.0,0.0,0.0,0.0,0.0,3
0.0,0.0,0.0,0.0,0.0,0.0,0.0,0.0,0.0,0.0,0.0,0.0,0.0,100.0,0.0,0.0,0.0,0.0,0.0,0.0,0.0,4,0,0.5621198957428323,0.0,0.0,0.0,0.0,0.0,0.0,3
0.0,0.0,0.0,0.0,0.0,0.0,0.0,0.0,0.0,0.0,0.0,0.0,0.0,100.0,0.0,0.0,0.0,0.0,0.0,0.0,0.0,5,0,0.5621198957428323,0.0,0.0,0.0,0.0,0.0,0.0,3
0.0,0.0,0.0,0.0,0.0,0.0,0.0,0.0,0.0,0.0,0.0,0.0,0.0,100.0,0.0,0.0,0.0,0.0,0.0,0.0,0.0,5,0,0.5621198957428323,0.0,0.0,0.0,0.0,0.0,0.0,3
0.0,0.0,0.0,0.0,0.0,0.0,0.0,0.0,0.0,0.0,0.0,0.0,0.0,100.0,0.0,0.0,0.0,0.0,0.0,0.0,0.0,6,0,0.5621198957428323,0.0,0.0,0.0,0.0,0.0,0.0,3
0.0,0.0,0.0,0.0,0.0,0.0,0.0,0.0,0.0,0.0,0.0,0.0,0.0,100.0,0.0,0.0,0.0,0.0,0.0,0.0,0.0,6,0,0.5621198957428323,0.0,0.0,0.0,0.0,0.0,0.0,3
0.0,0.0,0.0,0.0,0.0,0.0,0.0,0.0,0.0,0.0,0.0,0.0,0.0,100.0,0.0,0.0,0.0,0.0,0.0,0.0,0.0,7,0,0.5621198957428323,0.0,0.0,0.0,0.0,0.0,0.0,3
0.0,0.0,0.0,0.0,0.0,0.0,0.0,0.0,0.0,0.0,0.0,0.0,0.0,100.0,0.0,0.0,0.0,0.0,0.0,0.0,0.0,7,0,0.5621198957428323,0.0,0.0,0.0,0.0,0.0,0.0,3
156.0,1.0,-1.000088900581841e-12,0.0,0.0,0.0,0.0,0.0,12.0,1.0,-1.000088900581841e-12,0.0,0.0,100.0,0.0,0.0,0.0,0.0,18.0,0.0,0.0,8,1,0.5621198957428323,77.99999999999987,39.0,0.0,0.0,0.0,0.0,3
24.0,1.0,-1.000088900581841e-12,0.0,0.0,0.0,0.0,0.0,0.0,0.0,0.0,0.0,0.0,100.0,0.0,0.0,0.0,0.0,0.0,0.0,0.0,8,1,0.5621198957428323,74.85986908885148,45.0,0.0,0.0,0.0,0.0,3
12.0,1.0,-1.000088900581841e-12,0.0,0.0,0.0,0.0,0.0,0.0,0.0,0.0,0.0,0.0,100.0,0.0,0.0,0.0,0.0,0.0,0.0,0.0,9,1,0.5621198957428323,72.66360849833967,48.0,0.0,0.0,0.0,0.0,3
474.0,4.0,1.353395912893272,0.0,0.0,0.0,0.0,0.0,96.0,8.0,1.3139231442564028,0.0,0.0,100.0,0.0,0.0,0.0,0.0,12.0,1398.0,8.0,9,1,0.5621198957428323,215.13019313894543,166.5,0.0,0.0,0.0,0.0,3
124.0,1.0,-1.000088900581841e-12,0.0,0.0,0.0,0.0,0.0,2.0,1.0,-1.000088900581841e-12,0.0,0.0,99.3,0.0,0.0,0.0,0.0,0.0,414.0,0.0,10,1,0.5621198957428323,216.2429189592112,158.5,0.0,0.0,0.0,0.0,3
280.0,6.0,1.383927839304259,0.0,0.0,0.0,0.0,0.0,18.0,3.0,0.9649629230044278,0.0,0.0,96.8125,0.0,0.0,0.0,0.0,16.0,1000.0,14.0,10,1,0.5621198957428323,200.4752686326503,222.5,0.0,0.0,0.0,0.0,3
116.0,3.0,0.8548102484611537,0.0,0.0,0.0,0.0,0.0,258.0,3.0,0.4569346426547708,0.0,0.0,94.08333333333331,0.0,0.0,0.0,0.0,40.0,108.0,12.0,11,1,0.5621198957428323,168.22504767919267,248.5,0.0,0.0,0.0,0.0,3
402.0,5.0,1.0587845392482431,0.0,0.0,0.0,0.0,0.0,1988.0,5.0,0.1724484050329871,0.0,0.0,90.71428571428572,0.0,0.0,0.0,0.0,16.0,3750.0,8.0,11,1,0.5621198957428323,137.0097320144326,230.5,0.0,0.0,0.0,0.0,3
344.0,9.0,1.7704712470352972,0.0,0.0,0.0,0.0,0.0,724.0,6.0,0.633722088752463,0.0,0.0,85.65,0.0,0.0,0.0,0.0,40.0,1774.0,18.0,12,1,0.5621198957428323,123.49763830400418,285.5,0.0,0.0,0.0,0.0,3
96.0,3.0,0.8602030628016024,0.0,0.0,0.0,0.0,0.0,68.0,2.0,0.2984358127011067,0.0,0.0,82.0,0.0,0.0,0.0,0.0,8.0,206.0,4.0,12,1,0.5621198957428323,156.17404820690697,239.5,0.0,0.0,0.0,0.0,3
318.0,7.0,1.6438411732385916,0.0,0.0,0.0,0.0,0.0,40.0,4.0,1.235346811624065,0.0,0.0,78.89473684210526,0.0,0.0,0.0,0.0,24.0,1096.0,14.0,13,1,0.5621198957428323,134.01492454200752,290.0,0.0,0.0,0.0,0.0,2
156.0,3.0,0.8669253327868258,0.0,0.0,0.0,0.0,0.0,22.0,4.0,1.1209503926695834,0.0,0.0,74.9090909090909,0.0,0.0,0.0,0.0,8.0,288.0,4.0,13,1,0.5621198957428323,121.3301281627938,228.5,0.0,0.0,0.0,0.0,2
536.0,4.0,0.5355625635707294,0.0,0.0,0.0,6.0,0.0,12.0,3.0,1.0114042647043515,0.0,0.0,70.96,0.0,0.0,0.0,0.0,8.0,466.0,2.0,14,1,0.5621198957428323,196.7765229899136,276.5,0.0,0.0,3.0,1.5,2
308.0,6.0,0.9992293965347492,0.0,0.0,0.0,34.0,0.0,100.0,6.0,1.00459025515595,0.0,0.0,66.11111111111111,0.0,0.0,0.0,0.0,28.0,332.0,8.0,14,1,0.5621198957428323,156.35323256438704,329.5,0.0,0.0,16.24807680927192,10.0,2
718.0,1.0,-1.000088900581841e-12,0.0,0.0,0.0,0.0,0.0,12.0,1.0,-1.000088900581841e-12,0.0,0.0,59.4,0.0,0.0,0.0,0.0,0.0,118.0,0.0,15,1,0.5621198957428323,247.749201142338,429.5,0.0,0.0,16.24807680927192,10.0,2
590.0,1.0,-1.000088900581841e-12,0.0,0.0,0.0,0.0,0.0,0.0,0.0,0.0,0.0,0.0,50.66666666666666,0.0,0.0,0.0,0.0,0.0,110.0,0.0,15,1,0.5621198957428323,171.27755252805304,538.0,0.0,0.0,16.24807680927192,10.0,2
0.0,0.0,0.0,0.0,0.0,0.0,0.0,0.0,4.0,1.0,-1.000088900581841e-12,0.0,0.0,41.93333333333333,0.0,0.0,0.0,0.0,0.0,42.0,0.0,16,1,0.5621198957428323,319.1781111960321,404.0,0.0,0.0,17.0,8.5,2
190.0,6.0,1.4361605902208314,0.0,0.0,0.0,8.0,0.0,42.0,5.0,1.411205490619693,0.0,0.0,33.03703703703704,0.0,0.0,0.0,0.0,0.0,2968.0,0.0,16,1,0.5621198957428323,336.01736066261014,374.5,0.0,0.0,4.0,2.0,2
354.0,7.0,1.4354329880552277,0.0,0.0,0.0,0.0,0.0,74.0,4.0,0.8262155055188853,0.0,0.0,24.25,0.0,0.0,0.0,0.0,40.0,6252.0,12.0,17,1,0.5621198957428323,250.35108680943773,283.5,0.0,0.0,4.0,2.0,2
40.0,1.0,-1.000088900581841e-12,0.0,0.0,0.0,0.0,0.0,194.0,3.0,0.157638773402442,0.0,0.0,20.5,0.0,0.0,0.0,0.0,10.0,0.0,10.0,17,1,0.5621198957428323,160.9886124337162,146.0,0.0,0.0,4.0,2.0,2
98.0,3.0,0.6009197879128692,0.0,0.0,0.0,0.0,0.0,12.0,3.0,1.0114042647043515,0.0,0.0,19.444444444444443,0.0,0.0,0.0,0.0,10.0,568.0,2.0,18,1,0.5621198957428323,137.0389239109335,170.5,0.0,0.0,4.0,2.0,2
176.0,2.0,0.108471339033916,0.0,0.0,0.0,6.0,0.0,72.0,4.0,1.2753358650104714,0.0,0.0,17.153846153846153,0.0,0.0,0.0,0.0,40.0,110.0,26.0,18,1,0.5621198957428323,136.55279809167817,167.0,0.0,0.0,3.0,1.5,3
48.0,4.0,1.372340446547471,0.0,0.0,0.0,0.0,0.0,44.0,4.0,1.0490074211842173,0.0,0.0,15.25,0.0,0.0,0.0,0.0,20.0,304.0,4.0,19,1,0.5621198957428323,62.51133230596373,90.5,0.0,0.0,3.0,1.5,3
292.0,5.0,0.6386493726225819,0.0,0.0,0.0,0.0,0.0,50.0,5.0,1.249795790737822,0.0,10.0,14.866666666666667,0.0,0.0,0.0,0.0,20.0,406.0,4.0,19,1,0.5621198957428323,106.29989024766972,153.5,0.0,0.0,3.0,1.5,3
654.0,3.0,0.4757927285004132,0.0,0.0,0.0,0.0,0.0,274.0,7.0,0.4356086962795343,0.0,0.0,24.642857142857142,0.0,0.0,0.0,0.0,10.0,70.0,0.0,20,1,0.5621198957428323,260.7904650608734,292.5,0.0,0.0,3.0,1.5,3
450.0,7.0,1.1014965352231096,0.0,0.0,0.0,8.0,0.0,134.0,6.0,1.0152755024124789,0.0,0.0,45.76190476190476,0.0,0.0,0.0,0.0,30.0,1412.0,6.0,20,1,0.5621198957428323,255.9296778413945,361.0,0.0,0.0,4.0,2.0,3
504.0,8.0,1.675158565748758,0.0,0.0,0.0,0.0,0.0,30.0,4.0,0.9881542242861944,0.0,0.0,43.44,0.0,0.0,0.0,0.0,90.0,3238.0,28.0,21,0,0.5621198957428323,149.438950745781,475.0,0.0,0.0,4.0,2.0,3
382.0,8.0,1.8005837564087763,0.0,0.0,0.0,0.0,0.0,56.0,5.0,1.237042357045007,0.0,0.0,34.19047619047619,0.0,0.0,0.0,0.0,120.0,1972.0,24.0,21,0,0.5621198957428323,115.65898149300796,497.5,0.0,0.0,4.0,2.0,2
264.0,7.0,1.7391557941506577,0.0,0.0,0.0,0.0,0.0,138.0,4.0,0.6854039305217218,0.0,0.0,26.647058823529413,0.0,0.0,0.0,0.0,60.0,3672.0,18.0,22,0,0.5621198957428323,103.4987922634847,400.0,0.0,0.0,4.0,2.0,3
346.0,6.0,1.1645578599383046,0.0,0.0,0.0,0.0,0.0,32.0,4.0,1.320888343145322,0.0,0.0,21.058823529411764,0.0,0.0,0.0,0.0,30.0,1460.0,10.0,22,0,0.5621198957428323,99.74634496227564,374.0,0.0,0.0,0.0,0.0,2
316.0,4.0,0.7888456855002463,0.0,0.0,0.0,0.0,0.0,16.0,2.0,0.6615632381559821,0.0,0.0,15.0625,0.0,0.0,0.0,0.0,10.0,1444.0,4.0,23,0,0.5621198957428323,49.91993589739433,327.0,0.0,0.0,0.0,0.0,3
160.0,4.0,1.0729002961031675,0.0,0.0,0.0,0.0,0.0,44.0,3.0,0.7749927584532632,0.0,0.0,11.666666666666666,0.0,0.0,0.0,0.0,44.0,5968.0,8.0,23,0,0.5621198957428323,81.68843247363705,271.5,0.0,0.0,0.0,0.0,3
520.0,5.0,1.134977258637233,0.0,0.0,0.0,6.0,0.0,16.0,1.0,-1.000088900581841e-12,0.0,8.0,17.857142857142858,0.0,0.0,0.0,0.0,16.0,2160.0,4.0,0,0,0.5621198957428323,147.57032221961148,335.5,0.0,0.0,3.0,1.5,3
718.0,3.0,0.6826779765803305,0.0,0.0,0.0,0.0,0.0,0.0,0.0,0.0,0.0,0.0,27.866666666666667,0.0,0.0,0.0,0.0,0.0,50.0,0.0,0,0,0.5621198957428323,242.8518066640641,428.5,0.0,0.0,3.0,1.5,3
602.0,4.0,0.3327544392554488,0.0,0.0,0.0,10.0,0.0,2.0,1.0,-1.000088900581841e-12,2.0,0.0,51.07407407407408,0.0,0.0,0.0,0.0,0.0,228.0,0.0,1,0,0.5621198957428323,240.78205913231983,500.0,0.0,0.0,4.898979485566356,4.0,3
718.0,1.0,-1.000088900581841e-12,0.0,0.0,0.0,0.0,0.0,0.0,0.0,0.0,0.0,0.0,81.16666666666667,0.0,0.0,0.0,0.0,0.0,0.0,0.0,1,0,0.5621198957428323,96.62815324738416,639.5,0.0,0.0,4.898979485566356,4.0,3
52.0,1.0,-1.000088900581841e-12,0.0,0.0,0.0,0.0,0.0,0.0,0.0,0.0,0.0,0.0,95.73333333333332,0.0,0.0,0.0,0.0,0.0,0.0,0.0,2,0,0.5621198957428323,318.39755024183205,522.5,0.0,0.0,5.0,2.5,3
0.0,0.0,0.0,0.0,0.0,0.0,0.0,0.0,0.0,0.0,0.0,0.0,0.0,99.93333333333334,0.0,0.0,0.0,0.0,0.0,0.0,0.0,2,0,0.5621198957428323,369.7007799108174,343.0,0.0,0.0,5.0,2.5,3
0.0,0.0,0.0,0.0,0.0,0.0,0.0,0.0,0.0,0.0,0.0,0.0,0.0,100.0,0.0,0.0,0.0,0.0,0.0,0.0,0.0,3,0,0.5621198957428323,351.1898821625323,192.5,0.0,0.0,0.0,0.0,3
0.0,0.0,0.0,0.0,0.0,0.0,0.0,0.0,0.0,0.0,0.0,0.0,0.0,100.0,0.0,0.0,0.0,0.0,0.0,0.0,0.0,3,0,0.5621198957428323,25.99999999999938,13.0,0.0,0.0,0.0,0.0,3
0.0,0.0,0.0,0.0,0.0,0.0,0.0,0.0,0.0,0.0,0.0,0.0,0.0,100.0,0.0,0.0,0.0,0.0,0.0,0.0,0.0,4,0,0.5621198957428323,0.0,0.0,0.0,0.0,0.0,0.0,3
0.0,0.0,0.0,0.0,0.0,0.0,0.0,0.0,4.0,1.0,-1.000088900581841e-12,0.0,0.0,100.0,0.0,0.0,0.0,0.0,0.0,0.0,0.0,4,0,0.5621198957428323,0.0,0.0,0.0,0.0,0.0,0.0,3
0.0,0.0,0.0,0.0,0.0,0.0,0.0,0.0,0.0,0.0,0.0,0.0,0.0,100.0,0.0,0.0,0.0,0.0,0.0,0.0,0.0,5,0,0.5621198957428323,0.0,0.0,0.0,0.0,0.0,0.0,3
0.0,0.0,0.0,0.0,0.0,0.0,0.0,0.0,0.0,0.0,0.0,0.0,0.0,100.0,0.0,0.0,0.0,0.0,0.0,0.0,0.0,5,0,0.5621198957428323,0.0,0.0,0.0,0.0,0.0,0.0,3
0.0,0.0,0.0,0.0,0.0,0.0,0.0,0.0,0.0,0.0,0.0,0.0,0.0,100.0,0.0,0.0,0.0,0.0,0.0,0.0,0.0,6,0,0.5621198957428323,0.0,0.0,0.0,0.0,0.0,0.0,3
0.0,0.0,0.0,0.0,0.0,0.0,0.0,0.0,0.0,0.0,0.0,0.0,0.0,100.0,0.0,0.0,0.0,0.0,0.0,0.0,0.0,6,0,0.5621198957428323,0.0,0.0,0.0,0.0,0.0,0.0,3
0.0,0.0,0.0,0.0,0.0,0.0,0.0,0.0,0.0,0.0,0.0,0.0,0.0,100.0,0.0,0.0,0.0,0.0,0.0,0.0,0.0,7,0,0.5621198957428323,0.0,0.0,0.0,0.0,0.0,0.0,3
0.0,0.0,0.0,0.0,0.0,0.0,0.0,0.0,0.0,0.0,0.0,0.0,0.0,100.0,0.0,0.0,0.0,0.0,0.0,0.0,0.0,7,0,0.5621198957428323,0.0,0.0,0.0,0.0,0.0,0.0,3
0.0,0.0,0.0,0.0,0.0,0.0,0.0,0.0,0.0,0.0,0.0,0.0,0.0,100.0,0.0,0.0,0.0,0.0,0.0,0.0,0.0,8,1,0.5621198957428323,0.0,0.0,0.0,0.0,0.0,0.0,3
88.0,1.0,-1.000088900581841e-12,0.0,0.0,0.0,0.0,0.0,8.0,1.0,-1.000088900581841e-12,0.0,0.0,100.0,0.0,0.0,0.0,0.0,30.0,0.0,0.0,8,1,0.5621198957428323,43.99999999999963,22.0,0.0,0.0,0.0,0.0,3
102.0,6.0,1.2535045318408122,0.0,0.0,0.0,0.0,0.0,94.0,6.0,0.7911379950214582,0.0,0.0,100.0,0.0,0.0,0.0,0.0,20.0,242.0,6.0,9,1,0.5621198957428323,55.14526271584865,47.5,0.0,0.0,0.0,0.0,3
582.0,4.0,0.6254142994841143,0.0,0.0,0.0,0.0,0.0,364.0,3.0,0.1658931984347065,0.0,0.0,100.0,0.0,0.0,0.0,0.0,60.0,2194.0,10.0,9,1,0.5621198957428323,263.23373643968955,193.0,0.0,0.0,0.0,0.0,3
456.0,6.0,1.133890216135175,0.0,0.0,0.0,0.0,0.0,100.0,6.0,1.0874590791688674,0.0,0.0,69.0952380952381,0.0,0.0,0.0,0.0,24.0,1518.0,10.0,11,1,0.5621198957428323,212.736926742867,348.5,0.0,0.0,0.0,0.0,3
240.0,4.0,0.915335183754389,0.0,0.0,0.0,0.0,0.0,556.0,6.0,0.3042969213379483,0.0,0.0,63.4,0.0,0.0,0.0,0.0,24.0,304.0,6.0,12,1,0.5621198957428323,165.34811761855642,383.0,0.0,0.0,0.0,0.0,3
484.0,7.0,1.3311499030929723,0.0,0.0,0.0,0.0,0.0,48.0,2.0,0.6036372514983261,0.0,0.0,56.25,0.0,0.0,0.0,0.0,18.0,1446.0,10.0,12,1,0.5621198957428323,129.38186374707485,358.5,0.0,0.0,0.0,0.0,3
196.0,4.0,1.1362066290047164,0.0,0.0,0.0,0.0,0.0,206.0,5.0,1.1270079060745417,0.0,0.0,51.23076923076923,0.0,0.0,0.0,0.0,30.0,258.0,14.0,13,1,0.5621198957428323,147.041944129331,344.0,0.0,0.0,0.0,0.0,3
296.0,6.0,1.4148149280408688,0.0,0.0,0.0,0.0,0.0,390.0,5.0,0.6776218169812609,0.0,0.0,47.22222222222222,0.0,0.0,0.0,0.0,66.0,1690.0,26.0,13,1,0.5621198957428323,126.78590878590032,304.0,0.0,0.0,0.0,0.0,3
56.0,3.0,0.787287656627395,0.0,0.0,0.0,0.0,0.0,14.0,4.0,1.277034259462139,0.0,0.0,43.375,0.0,0.0,0.0,0.0,6.0,80.0,4.0,14,1,0.5621198957428323,179.97036793131613,258.0,0.0,0.0,0.0,0.0,2
596.0,6.0,0.8266571826627596,0.0,0.0,0.0,4.0,0.0,20.0,4.0,1.1935496040941331,0.0,0.0,38.23076923076923,0.0,0.0,0.0,0.0,6.0,746.0,2.0,14,1,0.5621198957428323,228.9104628451919,286.0,0.0,0.0,2.0,1.0,2
708.0,5.0,0.4951736682965941,0.0,0.0,0.0,0.0,0.0,22.0,4.0,1.2636544318780962,0.0,0.0,28.2,0.0,0.0,0.0,0.0,12.0,664.0,8.0,15,1,0.5621198957428323,295.3235513805155,414.0,0.0,0.0,2.0,1.0,3
714.0,7.0,0.734649522593007,0.0,0.0,0.0,6.0,0.0,56.0,5.0,0.9002811431862198,0.0,12.0,23.766666666666666,0.0,0.0,0.0,0.0,6.0,944.0,2.0,15,1,0.5621198957428323,313.0724090898674,518.5,0.0,0.0,3.0,2.5,3
710.0,5.0,0.7915697054795395,0.0,0.0,0.0,0.0,0.0,146.0,6.0,1.1185764633998978,0.0,12.0,31.4,0.0,0.0,0.0,0.0,24.0,536.0,8.0,16,1,0.5621198957428323,57.387571244419306,682.0,0.0,0.0,3.0,2.5,3
718.0,4.0,0.0727705510890352,0.0,0.0,0.0,0.0,0.0,42.0,4.0,1.0606125418280266,0.0,0.0,34.0,0.0,0.0,0.0,0.0,6.0,5884.0,2.0,16,1,0.5621198957428323,4.434711565213188,712.5,0.0,0.0,3.0,1.5,2
700.0,8.0,1.1255587002883964,0.0,0.0,0.0,0.0,0.0,142.0,6.0,1.0951512301622044,0.0,6.0,32.1,0.0,0.0,0.0,0.0,48.0,968.0,22.0,17,1,0.5621198957428323,7.724420150835635,710.5,0.0,0.0,3.0,1.5,2
716.0,3.0,0.6718448350264312,0.0,0.0,0.0,0.0,0.0,4.0,1.0,-1.000088900581841e-12,0.0,0.0,37.66666666666666,0.0,0.0,0.0,0.0,6.0,62.0,6.0,17,1,0.5621198957428323,8.082903768652839,711.0,0.0,0.0,0.0,0.0,3
718.0,6.0,1.2275997921314412,0.0,0.0,0.0,0.0,0.0,90.0,6.0,1.1654424041314952,0.0,0.0,42.86666666666667,0.0,0.0,0.0,0.0,12.0,2236.0,8.0,18,1,0.5621198957428323,8.717797887079561,713.0,0.0,0.0,0.0,0.0,3
716.0,1.0,-1.000088900581841e-12,0.0,0.0,0.0,0.0,0.0,0.0,0.0,0.0,0.0,0.0,49.56666666666667,0.0,0.0,0.0,0.0,6.0,0.0,0.0,18,1,0.5621198957428323,8.386497083604228,712.5,0.0,0.0,0.0,0.0,3
718.0,4.0,0.764473080196376,0.0,0.0,0.0,0.0,0.0,2708.0,4.0,0.0724988694916791,0.0,0.0,56.4,0.0,0.0,0.0,0.0,12.0,190.0,12.0,19,1,0.5621198957428323,1.154700538365845,717.0,0.0,0.0,0.0,0.0,3
718.0,4.0,0.7770625656757478,0.0,0.0,0.0,0.0,0.0,10.0,2.0,0.6730116670072565,0.0,0.0,57.3,0.0,0.0,0.0,0.0,6.0,3896.0,4.0,19,1,0.5621198957428323,0.9999999999845102,717.5,0.0,0.0,0.0,0.0,3
718.0,3.0,0.225484213519339,0.0,0.0,0.0,0.0,0.0,26.0,5.0,1.4180693652466905,0.0,0.0,62.66666666666666,0.0,0.0,0.0,0.0,6.0,226.0,4.0,20,1,0.5621198957428323,0.9999999999845102,717.5,0.0,0.0,0.0,0.0,2
664.0,3.0,0.2205945212998516,0.0,0.0,0.0,0.0,0.0,22.0,5.0,1.4681399390112084,0.0,0.0,69.75862068965517,0.0,0.0,0.0,0.0,30.0,248.0,6.0,20,1,0.5621198957428323,26.999999999999428,704.5,0.0,0.0,0.0,0.0,2
12.0,1.0,-1.000088900581841e-12,0.0,0.0,0.0,0.0,0.0,18.0,2.0,0.5297061990556545,0.0,0.0,71.5,0.0,0.0,0.0,0.0,12.0,0.0,0.0,21,0,0.5621198957428323,344.94057459220414,528.0,0.0,0.0,0.0,0.0,2
40.0,3.0,1.054920167983144,0.0,0.0,0.0,0.0,0.0,32.0,3.0,0.9840865030799146,0.0,0.0,69.75,0.0,0.0,0.0,0.0,12.0,80.0,4.0,21,0,0.5621198957428323,384.7401720642127,358.5,0.0,0.0,0.0,0.0,2
130.0,5.0,1.3580691737376638,0.0,0.0,0.0,0.0,0.0,104.0,3.0,0.4502750867508751,0.0,0.0,67.27272727272727,0.0,0.0,0.0,0.0,24.0,1344.0,12.0,22,0,0.5621198957428323,305.838192513623,211.5,0.0,0.0,0.0,0.0,2
242.0,2.0,0.4614765803798566,0.0,0.0,0.0,0.0,0.0,50.0,2.0,0.5510799280849727,0.0,0.0,63.6,0.0,0.0,0.0,0.0,30.0,1680.0,8.0,22,0,0.5621198957428323,103.7047089898362,106.0,0.0,0.0,0.0,0.0,3
146.0,4.0,0.972164033670408,0.0,0.0,0.0,0.0,0.0,36.0,2.0,0.2145591551744051,0.0,0.0,61.0,0.0,0.0,0.0,0.0,6.0,722.0,2.0,23,0,0.5621198957428323,82.74257267775326,139.5,0.0,0.0,0.0,0.0,3
226.0,6.0,1.400813905246078,0.0,0.0,0.0,0.0,0.0,44.0,4.0,1.2579577240355604,0.0,0.0,56.266666666666666,0.0,0.0,0.0,0.0,18.0,638.0,4.0,23,0,0.5621198957428323,56.19015334854748,186.0,0.0,0.0,0.0,0.0,3
710.0,6.0,1.0330850159978775,0.0,0.0,0.0,0.0,0.0,86.0,3.0,0.2974449406748103,0.0,0.0,47.82758620689656,0.0,0.0,0.0,0.0,6.0,2856.0,4.0,0,0,0.5621198957428323,256.13277806637706,331.0,0.0,0.0,0.0,0.0,3
718.0,5.0,0.5769145627231094,0.0,0.0,0.0,0.0,0.0,0.0,0.0,0.0,0.0,0.0,36.23333333333333,0.0,0.0,0.0,0.0,0.0,1574.0,0.0,0,0,0.5621198957428323,306.60289191939023,450.0,0.0,0.0,0.0,0.0,3
46.0,3.0,0.7400116657281007,0.0,0.0,0.0,0.0,0.0,2.0,1.0,-1.000088900581841e-12,2.0,0.0,30.5,0.0,0.0,0.0,0.0,0.0,156.0,0.0,1,0,0.5621198957428323,341.71918295582987,425.0,0.0,0.0,0.0,0.0,3
0.0,0.0,0.0,0.0,0.0,0.0,0.0,0.0,0.0,0.0,0.0,0.0,0.0,0.0,10.0,0.0,0.0,0.0,0.0,0.0,0.0,2,0,0.5621198957428323,399.4041395211955,368.5,0.0,0.0,0.0,0.0,3
438.0,7.0,1.2136509514522886,0.0,0.0,0.0,0.0,0.0,90.0,10.0,2.193890383286262,0.0,0.0,21.526315789473685,0.0,0.0,0.0,0.0,42.0,1646.0,20.0,9,1,0.5621198957428323,340.7261852768778,300.5,0.0,0.0,0.0,0.0,3
226.0,7.0,1.2281462202997195,0.0,0.0,0.0,0.0,0.0,94.0,5.0,1.057712993850143,0.0,0.0,13.923076923076923,0.0,0.0,0.0,0.0,48.0,1214.0,12.0,10,1,0.5621198957428323,199.1741281726452,177.5,0.0,0.0,0.0,0.0,3
52.0,1.0,-1.000088900581841e-12,0.0,0.0,0.0,0.0,0.0,0.0,0.0,0.0,0.0,6.0,16.5,0.0,0.0,0.0,0.0,80.0,104.0,32.0,10,1,0.5621198957428323,197.8720125064009,179.0,0.0,0.0,0.0,0.0,3
562.0,4.0,0.6827561962435332,0.0,0.0,0.0,0.0,0.0,16.0,3.0,1.039720770836918,0.0,0.0,31.6,0.0,0.0,0.0,0.0,24.0,380.0,20.0,11,1,0.5621198957428323,225.94025759036384,319.5,0.0,0.0,0.0,0.0,2
304.0,4.0,0.4961615606838698,0.0,0.0,0.0,0.0,0.0,126.0,3.0,0.4891586531458592,0.0,0.0,55.61111111111112,0.0,0.0,0.0,0.0,60.0,104.0,34.0,11,1,0.5621198957428323,212.01886708498364,286.0,0.0,0.0,0.0,0.0,2
42.0,2.0,0.410116318286409,0.0,0.0,0.0,0.0,0.0,10.0,1.0,-1.000088900581841e-12,0.0,0.0,56.6,0.0,0.0,0.0,0.0,72.0,18.0,16.0,12,1,0.5621198957428323,246.52788888886377,240.0,0.0,0.0,0.0,0.0,2
456.0,5.0,0.9124401173034038,0.0,0.0,0.0,0.0,0.0,26.0,2.0,0.6172417697283417,0.0,0.0,51.09090909090909,0.0,0.0,0.0,0.0,24.0,1898.0,10.0,12,1,0.5621198957428323,225.7107293270156,341.0,0.0,0.0,0.0,0.0,3
136.0,4.0,1.1502741442488371,0.0,0.0,0.0,0.0,0.0,50.0,4.0,0.860549286954984,0.0,0.0,46.1,0.0,0.0,0.0,0.0,36.0,2010.0,18.0,13,1,0.5621198957428323,183.16750075636588,234.5,0.0,0.0,0.0,0.0,3
182.0,5.0,1.5420939653093988,0.0,0.0,0.0,0.0,0.0,74.0,2.0,0.5835274717758099,0.0,0.0,43.07692307692308,0.0,0.0,0.0,0.0,96.0,1488.0,22.0,13,1,0.5621198957428323,177.81638469687385,204.0,0.0,0.0,0.0,0.0,3
396.0,5.0,1.04482902001538,0.0,0.0,0.0,0.0,0.0,290.0,4.0,0.8594717564663106,0.0,24.0,38.86363636363637,0.0,0.0,0.0,0.0,70.0,1586.0,34.0,14,1,0.5621198957428323,157.21217086048594,292.5,0.0,0.0,0.0,0.0,2
288.0,2.0,0.4274973174119155,0.0,0.0,0.0,0.0,0.0,172.0,3.0,0.8307917424730746,0.0,0.0,57.0625,0.0,0.0,0.0,0.0,36.0,652.0,24.0,14,1,0.5621198957428323,116.0158035211868,250.5,0.0,0.0,0.0,0.0,3
530.0,7.0,1.64741921253484,0.0,0.0,0.0,0.0,0.0,72.0,3.0,0.5256547436743555,0.0,0.0,82.16666666666667,0.0,0.0,0.0,0.0,36.0,2608.0,18.0,15,1,0.5621198957428323,148.97427070918417,349.0,0.0,0.0,0.0,0.0,3
718.0,1.0,-1.000088900581841e-12,0.0,0.0,0.0,0.0,0.0,0.0,0.0,0.0,0.0,0.0,89.76666666666667,0.0,0.0,0.0,0.0,0.0,1708.0,0.0,15,1,0.5621198957428323,185.3177451478045,483.0,0.0,0.0,0.0,0.0,3
402.0,3.0,0.6896192081654742,0.0,0.0,0.0,0.0,0.0,4.0,2.0,0.6931471805579453,0.0,0.0,95.95,0.0,0.0,0.0,0.0,0.0,458.0,0.0,16,1,0.5621198957428323,184.4008315237939,484.5,0.0,0.0,0.0,0.0,3
416.0,8.0,1.6056247946831763,0.0,0.0,0.0,0.0,0.0,28.0,5.0,1.4377014436379416,0.0,0.0,99.78947368421052,0.0,0.0,0.0,0.0,48.0,1658.0,20.0,16,1,0.5621198957428323,146.053643113298,516.5,0.0,0.0,0.0,0.0,3
398.0,6.0,1.492107099957245,0.0,0.0,0.0,0.0,0.0,152.0,4.0,0.5985560477205201,0.0,0.0,97.0,0.0,0.0,0.0,0.0,72.0,2678.0,28.0,17,1,0.5621198957428323,156.5236936270883,483.5,0.0,0.0,0.0,0.0,3
564.0,5.0,0.6638702192417137,0.0,0.0,0.0,0.0,0.0,92.0,5.0,0.6207928002627813,0.0,0.0,89.54166666666667,0.0,0.0,0.0,0.0,36.0,5580.0,10.0,17,1,0.5621198957428323,79.70779970199455,445.0,0.0,0.0,0.0,0.0,3
276.0,8.0,1.7800104472773874,0.0,0.0,0.0,0.0,0.0,72.0,5.0,1.2897277164934051,0.0,0.0,83.0,0.0,0.0,0.0,0.0,44.0,3476.0,16.0,18,1,0.5621198957428323,118.04377719021568,413.5,0.0,0.0,0.0,0.0,4
186.0,4.0,1.039366103948974,0.0,0.0,0.0,0.0,0.0,14.0,2.0,0.410116318286409,0.0,0.0,78.57142857142857,0.0,0.0,0.0,0.0,80.0,848.0,12.0,18,1,0.5621198957428323,163.63373735266194,356.0,0.0,0.0,0.0,0.0,4
228.0,4.0,1.1406646058504344,0.0,0.0,0.0,8.0,0.0,788.0,5.0,0.2596912713780799,0.0,0.0,75.35714285714286,0.0,0.0,0.0,0.0,80.0,1536.0,50.0,19,1,0.5621198957428323,170.99999999999986,313.5,0.0,0.0,4.0,2.0,4
718.0,5.0,0.3507408074353563,0.0,0.0,0.0,0.0,0.0,952.0,5.0,0.1337895790108154,0.0,0.0,67.86666666666666,0.0,0.0,0.0,0.0,0.0,610.0,0.0,19,1,0.5621198957428323,246.7549391602931,352.0,0.0,0.0,4.0,2.0,3
172.0,2.0,0.5130308358549238,0.0,0.0,0.0,0.0,0.0,4.0,2.0,0.6931471805579453,0.0,0.0,61.583333333333336,0.0,0.0,0.0,0.0,0.0,152.0,0.0,20,1,0.5621198957428323,262.4144304975115,326.0,0.0,0.0,4.0,2.0,4
196.0,6.0,1.207594139603598,0.0,0.0,0.0,12.0,0.0,58.0,7.0,1.5493893220244062,0.0,0.0,58.92307692307692,0.0,0.0,0.0,0.0,32.0,1370.0,10.0,20,1,0.5621198957428323,260.67796224460545,328.5,0.0,0.0,6.0,5.0,3
198.0,4.0,0.9815911519769582,0.0,0.0,0.0,0.0,0.0,74.0,3.0,0.7762141041881065,0.0,0.0,54.61538461538461,0.0,0.0,0.0,0.0,112.0,2322.0,30.0,21,0,0.5621198957428323,264.93017948131154,321.0,0.0,0.0,6.0,3.0,2
388.0,4.0,0.9941864888415402,0.0,0.0,0.0,0.0,0.0,108.0,2.0,0.5519322617127077,0.0,0.0,49.72727272727273,0.0,0.0,0.0,0.0,128.0,2362.0,30.0,21,0,0.5621198957428323,100.3643362953193,238.5,0.0,0.0,6.0,3.0,3
332.0,7.0,1.77004845587423,0.0,0.0,0.0,0.0,0.0,24.0,2.0,0.6365141682928128,0.0,0.0,42.94444444444444,0.0,0.0,0.0,0.0,80.0,2546.0,16.0,22,0,0.5621198957428323,96.8486792200421,278.5,0.0,0.0,6.0,3.0,3
160.0,3.0,0.5070593594958122,0.0,0.0,0.0,0.0,0.0,16.0,2.0,0.3767701612544368,0.0,0.0,37.54545454545455,0.0,0.0,0.0,0.0,16.0,1684.0,0.0,22,0,0.5621198957428323,108.09101103545387,269.5,0.0,0.0,0.0,0.0,3
626.0,7.0,1.0373333268650744,0.0,0.0,0.0,0.0,0.0,110.0,2.0,0.2116875446443154,0.0,0.0,29.703703703703702,0.0,0.0,0.0,0.0,32.0,4578.0,16.0,23,0,0.5621198957428323,192.55735076421595,376.5,0.0,0.0,0.0,0.0,3
536.0,7.0,1.2369762820926735,0.0,0.0,0.0,0.0,0.0,36.0,3.0,0.8486855577234171,0.0,16.0,22.692307692307693,0.0,0.0,0.0,0.0,48.0,2020.0,12.0,23,0,0.5621198957428323,209.0191378797644,413.5,0.0,0.0,0.0,0.0,3
572.0,3.0,0.7190749118314406,0.0,0.0,0.0,0.0,0.0,2.0,1.0,-1.000088900581841e-12,2.0,0.0,30.68,0.0,0.0,0.0,0.0,0.0,942.0,0.0,0,0,0.5621198957428323,212.24749704060105,473.5,0.0,0.0,0.0,0.0,4
716.0,1.0,-1.000088900581841e-12,0.0,0.0,0.0,0.0,0.0,0.0,0.0,0.0,0.0,0.0,60.03333333333333,0.0,0.0,0.0,0.0,0.0,0.0,0.0,0,0,0.5621198957428323,78.28793010419902,612.5,0.0,0.0,0.0,0.0,3
250.0,1.0,-1.000088900581841e-12,0.0,0.0,0.0,0.0,0.0,0.0,0.0,0.0,0.0,0.0,86.46666666666667,0.0,0.0,0.0,0.0,0.0,0.0,0.0,1,0,0.5621198957428323,195.16403357176227,518.5,0.0,0.0,0.0,0.0,3
0.0,0.0,0.0,0.0,0.0,0.0,0.0,0.0,0.0,0.0,0.0,0.0,0.0,97.26666666666668,0.0,0.0,0.0,0.0,0.0,0.0,0.0,1,0,0.5621198957428323,321.96221310375324,384.5,0.0,0.0,0.0,0.0,3
0.0,0.0,0.0,0.0,0.0,0.0,0.0,0.0,0.0,0.0,0.0,0.0,0.0,100.0,0.0,0.0,0.0,0.0,0.0,0.0,0.0,2,0,0.5621198957428323,337.57320193798944,241.5,0.0,0.0,0.0,0.0,3
0.0,0.0,0.0,0.0,0.0,0.0,0.0,0.0,0.0,0.0,0.0,0.0,0.0,100.0,0.0,0.0,0.0,0.0,0.0,0.0,0.0,2,0,0.5621198957428323,124.9999999999998,62.5,0.0,0.0,0.0,0.0,3
0.0,0.0,0.0,0.0,0.0,0.0,0.0,0.0,0.0,0.0,0.0,0.0,0.0,100.0,0.0,0.0,0.0,0.0,0.0,0.0,0.0,3,0,0.5621198957428323,0.0,0.0,0.0,0.0,0.0,0.0,3
0.0,0.0,0.0,0.0,0.0,0.0,0.0,0.0,0.0,0.0,0.0,0.0,0.0,100.0,0.0,0.0,0.0,0.0,0.0,0.0,0.0,3,0,0.5621198957428323,0.0,0.0,0.0,0.0,0.0,0.0,3
0.0,0.0,0.0,0.0,0.0,0.0,0.0,0.0,0.0,0.0,0.0,0.0,0.0,100.0,0.0,0.0,0.0,0.0,0.0,0.0,0.0,4,0,0.5621198957428323,0.0,0.0,0.0,0.0,0.0,0.0,3
0.0,0.0,0.0,0.0,0.0,0.0,0.0,0.0,0.0,0.0,0.0,0.0,0.0,100.0,0.0,0.0,0.0,0.0,0.0,0.0,0.0,4,0,0.5621198957428323,0.0,0.0,0.0,0.0,0.0,0.0,3
0.0,0.0,0.0,0.0,0.0,0.0,0.0,0.0,0.0,0.0,0.0,0.0,0.0,100.0,0.0,0.0,0.0,0.0,0.0,0.0,0.0,5,0,0.5621198957428323,0.0,0.0,0.0,0.0,0.0,0.0,3
0.0,0.0,0.0,0.0,0.0,0.0,0.0,0.0,0.0,0.0,0.0,0.0,0.0,100.0,0.0,0.0,0.0,0.0,0.0,0.0,0.0,5,0,0.5621198957428323,0.0,0.0,0.0,0.0,0.0,0.0,3
0.0,0.0,0.0,0.0,0.0,0.0,0.0,0.0,0.0,0.0,0.0,0.0,0.0,100.0,0.0,0.0,0.0,0.0,0.0,0.0,0.0,6,0,0.5621198957428323,0.0,0.0,0.0,0.0,0.0,0.0,3
254.0,5.0,1.2727383656576456,0.0,0.0,0.0,0.0,0.0,32.0,4.0,1.2511559833596315,0.0,0.0,100.0,0.0,0.0,0.0,0.0,80.0,938.0,20.0,6,0,0.5621198957428323,126.9999999999998,63.5,0.0,0.0,0.0,0.0,3
214.0,7.0,1.6305468859527037,0.0,0.0,0.0,0.0,0.0,30.0,4.0,1.1369165918290007,0.0,0.0,100.0,0.0,0.0,0.0,0.0,90.0,732.0,44.0,7,0,0.5621198957428323,136.08330781791943,117.0,0.0,0.0,0.0,0.0,4
12.0,1.0,-1.000088900581841e-12,0.0,0.0,0.0,0.0,0.0,0.0,0.0,0.0,0.0,0.0,97.5,0.0,0.0,0.0,0.0,0.0,0.0,0.0,8,1,0.5621198957428323,110.36152711278788,144.5,0.0,0.0,0.0,0.0,3
8.0,1.0,-1.000088900581841e-12,0.0,0.0,0.0,0.0,0.0,0.0,0.0,0.0,0.0,0.0,97.0,14.0,0.0,0.0,0.0,0.0,0.0,0.0,8,1,0.5621198957428323,96.6988452188888,83.0,0.0,0.0,0.0,0.0,3
0.0,0.0,0.0,0.0,0.0,0.0,0.0,0.0,34.0,1.0,-1.000088900581841e-12,0.0,0.0,96.33333333333331,0.0,0.0,0.0,0.0,0.0,0.0,0.0,9,1,0.5621198957428323,45.93836450433647,29.5,0.0,0.0,0.0,0.0,3
0.0,0.0,0.0,0.0,0.0,0.0,0.0,0.0,2.0,1.0,-1.000088900581841e-12,0.0,0.0,95.66666666666669,10.0,0.0,0.0,0.0,0.0,0.0,0.0,9,1,0.5621198957428323,5.999999999995613,5.0,0.0,0.0,0.0,0.0,3
150.0,4.0,1.154556125904209,0.0,0.0,0.0,0.0,0.0,36.0,3.0,0.6837389058457535,0.0,0.0,94.58333333333331,0.0,0.0,0.0,0.0,36.0,670.0,4.0,10,1,0.5621198957428323,73.76313442363976,39.5,0.0,0.0,0.0,0.0,3
94.0,3.0,0.7353105590325658,0.0,0.0,0.0,0.0,0.0,24.0,2.0,0.6365141682928128,0.0,0.0,92.0,0.0,0.0,0.0,0.0,54.0,144.0,20.0,10,1,0.5621198957428323,74.05403432629413,61.0,0.0,0.0,0.0,0.0,3
12.0,1.0,-1.000088900581841e-12,0.0,0.0,0.0,0.0,0.0,0.0,0.0,0.0,0.0,0.0,91.0,0.0,0.0,0.0,0.0,0.0,0.0,0.0,11,1,0.5621198957428323,70.93659140387243,64.0,0.0,0.0,0.0,0.0,3
2.0,1.0,-1.000088900581841e-12,0.0,0.0,0.0,0.0,0.0,0.0,0.0,0.0,0.0,0.0,90.16666666666669,14.0,0.0,0.0,0.0,0.0,0.0,0.0,11,1,0.5621198957428323,70.3396521648111,64.5,0.0,0.0,0.0,0.0,3
0.0,0.0,0.0,0.0,0.0,0.0,0.0,0.0,16.0,1.0,-1.000088900581841e-12,0.0,0.0,89.66666666666667,0.0,0.0,0.0,0.0,0.0,0.0,0.0,12,1,0.5621198957428323,44.9740666013939,27.0,0.0,0.0,0.0,0.0,3
0.0,0.0,0.0,0.0,0.0,0.0,0.0,0.0,12.0,1.0,-1.000088900581841e-12,0.0,0.0,89.0,12.0,0.0,0.0,0.0,0.0,0.0,0.0,12,1,0.5621198957428323,5.744562646533499,3.5,0.0,0.0,0.0,0.0,3
182.0,8.0,1.7451709883811228,0.0,0.0,0.0,0.0,0.0,60.0,2.0,0.6365141682928128,0.0,0.0,87.0,0.0,0.0,0.0,0.0,126.0,1168.0,38.0,13,1,0.5621198957428323,90.67156849494378,46.0,0.0,0.0,0.0,0.0,3
90.0,4.0,1.1809877978887489,0.0,0.0,0.0,0.0,0.0,32.0,3.0,0.9743147528663494,0.0,0.0,82.8,0.0,0.0,0.0,0.0,54.0,202.0,22.0,13,1,0.5621198957428323,87.04022058795547,68.0,0.0,0.0,0.0,0.0,2
362.0,4.0,1.2268525752721884,0.0,0.0,0.0,0.0,0.0,38.0,5.0,1.457642380942369,0.0,0.0,78.72222222222223,0.0,0.0,0.0,0.0,72.0,920.0,28.0,14,1,0.5621198957428323,154.68139297709106,158.5,0.0,0.0,0.0,0.0,3
250.0,7.0,1.243869119204544,0.0,0.0,0.0,0.0,0.0,114.0,2.0,0.4055999179929117,0.0,0.0,73.86666666666666,0.0,0.0,0.0,0.0,144.0,1062.0,30.0,14,1,0.5621198957428323,114.60657340077232,221.0,0.0,0.0,0.0,0.0,3
12.0,1.0,-1.000088900581841e-12,0.0,0.0,0.0,0.0,0.0,0.0,0.0,0.0,0.0,0.0,71.0,0.0,0.0,0.0,0.0,0.0,0.0,0.0,15,1,0.5621198957428323,157.41558584418067,178.5,0.0,0.0,0.0,0.0,3
6.0,1.0,-1.000088900581841e-12,0.0,0.0,0.0,0.0,0.0,0.0,0.0,0.0,0.0,0.0,69.33333333333333,0.0,0.0,0.0,0.0,0.0,0.0,0.0,15,1,0.5621198957428323,177.481454430221,157.5,0.0,0.0,0.0,0.0,3
22.0,2.0,0.6890092384746587,0.0,0.0,0.0,0.0,0.0,16.0,3.0,1.039720770836918,0.0,0.0,67.5,0.0,0.0,0.0,0.0,36.0,46.0,4.0,16,1,0.5621198957428323,118.51722800223298,72.5,0.0,0.0,0.0,0.0,3
234.0,6.0,1.5303813627687988,0.0,0.0,0.0,0.0,0.0,42.0,5.0,1.487870341267239,0.0,0.0,65.06666666666666,0.0,0.0,0.0,0.0,72.0,926.0,26.0,16,1,0.5621198957428323,110.53053876644204,68.5,0.0,0.0,0.0,0.0,3
300.0,7.0,1.3494617411619414,0.0,0.0,0.0,0.0,0.0,52.0,6.0,1.6119091485552348,0.0,0.0,60.41176470588236,0.0,0.0,0.0,0.0,72.0,1434.0,8.0,17,1,0.5621198957428323,148.67750334196478,140.5,0.0,0.0,0.0,0.0,3
12.0,1.0,-1.000088900581841e-12,0.0,0.0,0.0,0.0,0.0,0.0,0.0,0.0,0.0,0.0,58.0,0.0,0.0,0.0,0.0,0.0,0.0,0.0,17,1,0.5621198957428323,146.88771221582817,142.0,0.0,0.0,0.0,0.0,3
8.0,1.0,-1.000088900581841e-12,0.0,0.0,0.0,0.0,0.0,0.0,0.0,0.0,0.0,0.0,57.66666666666666,12.0,0.0,0.0,0.0,0.0,0.0,0.0,18,1,0.5621198957428323,150.81445554057458,138.5,0.0,0.0,0.0,0.0,3
0.0,0.0,0.0,0.0,0.0,0.0,0.0,0.0,0.0,0.0,0.0,0.0,0.0,56.66666666666666,0.0,0.0,0.0,0.0,0.0,0.0,0.0,18,1,0.5621198957428323,146.75149062275295,80.0,0.0,0.0,0.0,0.0,3
0.0,0.0,0.0,0.0,0.0,0.0,0.0,0.0,0.0,0.0,0.0,0.0,0.0,56.0,10.0,0.0,0.0,0.0,0.0,0.0,0.0,19,1,0.5621198957428323,5.999999999995891,5.0,0.0,0.0,0.0,0.0,4
0.0,0.0,0.0,0.0,0.0,0.0,0.0,0.0,0.0,0.0,0.0,0.0,0.0,56.0,0.0,0.0,0.0,0.0,0.0,0.0,0.0,19,1,0.5621198957428323,3.999999999993841,2.0,0.0,0.0,0.0,0.0,4
0.0,0.0,0.0,0.0,0.0,0.0,0.0,0.0,2.0,1.0,-1.000088900581841e-12,0.0,0.0,55.0,0.0,0.0,0.0,0.0,0.0,0.0,0.0,20,1,0.5621198957428323,0.0,0.0,0.0,0.0,0.0,0.0,3
92.0,5.0,1.0821317479993913,0.0,0.0,0.0,0.0,0.0,36.0,5.0,1.3360073822459693,0.0,0.0,53.18181818181818,0.0,0.0,0.0,0.0,108.0,182.0,52.0,20,1,0.5621198957428323,45.99999999999947,23.0,0.0,0.0,0.0,0.0,3
322.0,4.0,0.2513734950042445,0.0,0.0,0.0,0.0,0.0,38.0,4.0,1.1919038879185413,0.0,0.0,49.588235294117645,0.0,0.0,0.0,0.0,36.0,4162.0,18.0,21,0,0.5621198957428323,151.98574494559224,103.5,0.0,0.0,0.0,0.0,4
444.0,6.0,1.231711276512251,0.0,0.0,0.0,0.0,0.0,22.0,2.0,0.6890092384746587,0.0,0.0,42.0,0.0,0.0,0.0,0.0,54.0,3030.0,24.0,21,0,0.5621198957428323,204.32245756809647,214.5,0.0,0.0,0.0,0.0,3
362.0,4.0,1.278581218024922,0.0,0.0,0.0,0.0,0.0,48.0,2.0,0.6365141682928128,0.0,0.0,35.77777777777778,0.0,0.0,0.0,0.0,72.0,1910.0,18.0,22,0,0.5621198957428323,150.8067195673542,305.0,0.0,0.0,0.0,0.0,3
538.0,8.0,1.722635489183304,0.0,0.0,0.0,0.0,0.0,38.0,3.0,0.955131195448464,0.0,0.0,26.23076923076923,0.0,16.0,0.0,12.0,54.0,5524.0,14.0,22,0,0.5621198957428323,95.6016038917058,416.5,0.0,0.0,0.0,0.0,3
348.0,5.0,1.231275237517179,0.0,0.0,0.0,0.0,0.0,28.0,3.0,1.0346012329071812,0.0,0.0,20.444444444444443,0.0,0.0,0.0,0.0,36.0,1708.0,18.0,23,0,0.5621198957428323,87.58234220815642,423.0,0.0,0.0,0.0,0.0,3
440.0,6.0,1.3834961794761915,0.0,0.0,0.0,0.0,0.0,56.0,4.0,1.0300487562853624,0.0,0.0,14.272727272727272,0.0,0.0,0.0,0.0,54.0,2914.0,8.0,23,0,0.5621198957428323,87.2849738882164,422.0,0.0,0.0,0.0,0.0,3
628.0,4.0,0.4059646772716096,0.0,0.0,0.0,0.0,0.0,12.0,3.0,0.8675632284784613,0.0,18.0,16.821428571428573,0.0,0.0,0.0,0.0,36.0,2218.0,12.0,0,0,0.5621198957428323,121.110142707647,488.5,0.0,0.0,0.0,0.0,3
718.0,1.0,-1.000088900581841e-12,0.0,0.0,0.0,0.0,0.0,0.0,0.0,0.0,0.0,0.0,25.566666666666663,0.0,0.0,0.0,0.0,0.0,2398.0,0.0,0,0,0.5621198957428323,169.43336940126824,533.5,0.0,0.0,0.0,0.0,3
576.0,5.0,0.4562328137847835,0.0,0.0,0.0,0.0,0.0,6.0,1.0,-1.000088900581841e-12,2.0,0.0,43.88,0.0,0.0,0.0,0.0,18.0,596.0,14.0,1,0,0.5621198957428323,116.22248778384764,590.5,0.0,0.0,0.0,0.0,3
716.0,1.0,-1.000088900581841e-12,0.0,0.0,0.0,0.0,0.0,0.0,0.0,0.0,0.0,0.0,74.7,0.0,0.0,0.0,0.0,0.0,0.0,0.0,1,0,0.5621198957428323,69.7113094602778,659.5,0.0,0.0,0.0,0.0,2
74.0,1.0,-1.000088900581841e-12,0.0,0.0,0.0,0.0,0.0,0.0,0.0,0.0,0.0,0.0,93.43333333333334,0.0,0.0,0.0,0.0,0.0,0.0,0.0,2,0,0.5621198957428323,305.32387176024514,521.0,0.0,0.0,0.0,0.0,2
0.0,0.0,0.0,0.0,0.0,0.0,0.0,0.0,0.0,0.0,0.0,0.0,0.0,99.63333333333334,0.0,0.0,0.0,0.0,0.0,0.0,0.0,2,0,0.5621198957428323,357.5001165500975,341.5,0.0,0.0,0.0,0.0,2
0.0,0.0,0.0,0.0,0.0,0.0,0.0,0.0,0.0,0.0,0.0,0.0,0.0,100.0,0.0,0.0,0.0,0.0,0.0,0.0,0.0,3,0,0.5621198957428323,347.42241340093943,197.5,0.0,0.0,0.0,0.0,2
0.0,0.0,0.0,0.0,0.0,0.0,0.0,0.0,0.0,0.0,0.0,0.0,0.0,100.0,0.0,0.0,0.0,0.0,0.0,0.0,0.0,3,0,0.5621198957428323,36.99999999999904,18.5,0.0,0.0,0.0,0.0,2
0.0,0.0,0.0,0.0,0.0,0.0,0.0,0.0,0.0,0.0,0.0,0.0,0.0,100.0,0.0,0.0,0.0,0.0,0.0,0.0,0.0,4,0,0.5621198957428323,0.0,0.0,0.0,0.0,0.0,0.0,2
0.0,0.0,0.0,0.0,0.0,0.0,0.0,0.0,0.0,0.0,0.0,0.0,0.0,100.0,0.0,0.0,0.0,0.0,0.0,0.0,0.0,4,0,0.5621198957428323,0.0,0.0,0.0,0.0,0.0,0.0,2
0.0,0.0,0.0,0.0,0.0,0.0,0.0,0.0,0.0,0.0,0.0,0.0,0.0,100.0,0.0,0.0,0.0,0.0,0.0,0.0,0.0,5,0,0.5621198957428323,0.0,0.0,0.0,0.0,0.0,0.0,2
0.0,0.0,0.0,0.0,0.0,0.0,0.0,0.0,0.0,0.0,0.0,0.0,0.0,100.0,0.0,0.0,0.0,0.0,0.0,0.0,0.0,5,0,0.5621198957428323,0.0,0.0,0.0,0.0,0.0,0.0,2
0.0,0.0,0.0,0.0,0.0,0.0,0.0,0.0,0.0,0.0,0.0,0.0,0.0,100.0,0.0,0.0,0.0,0.0,0.0,0.0,0.0,6,0,0.5621198957428323,0.0,0.0,0.0,0.0,0.0,0.0,2
0.0,0.0,0.0,0.0,0.0,0.0,0.0,0.0,0.0,0.0,0.0,0.0,0.0,100.0,0.0,0.0,0.0,0.0,0.0,0.0,0.0,6,0,0.5621198957428323,0.0,0.0,0.0,0.0,0.0,0.0,2
0.0,0.0,0.0,0.0,0.0,0.0,0.0,0.0,0.0,0.0,0.0,0.0,0.0,100.0,0.0,0.0,0.0,0.0,0.0,0.0,0.0,7,0,0.5621198957428323,0.0,0.0,0.0,0.0,0.0,0.0,2
0.0,0.0,0.0,0.0,0.0,0.0,0.0,0.0,0.0,0.0,0.0,0.0,0.0,100.0,0.0,0.0,0.0,0.0,0.0,0.0,0.0,7,0,0.5621198957428323,0.0,0.0,0.0,0.0,0.0,0.0,2
0.0,0.0,0.0,0.0,0.0,0.0,0.0,0.0,0.0,0.0,0.0,0.0,0.0,100.0,0.0,0.0,0.0,0.0,0.0,0.0,0.0,8,1,0.5621198957428323,0.0,0.0,0.0,0.0,0.0,0.0,2
0.0,0.0,0.0,0.0,0.0,0.0,0.0,0.0,0.0,0.0,0.0,0.0,0.0,100.0,0.0,0.0,0.0,0.0,0.0,0.0,0.0,8,1,0.5621198957428323,0.0,0.0,0.0,0.0,0.0,0.0,2
0.0,0.0,0.0,0.0,0.0,0.0,0.0,0.0,0.0,0.0,0.0,0.0,0.0,100.0,0.0,0.0,0.0,0.0,0.0,0.0,0.0,9,1,0.5621198957428323,0.0,0.0,0.0,0.0,0.0,0.0,2
106.0,1.0,-1.000088900581841e-12,0.0,0.0,0.0,0.0,0.0,12.0,2.0,0.6365141682928128,0.0,0.0,100.0,0.0,0.0,0.0,0.0,54.0,12.0,18.0,9,1,0.5621198957428323,52.99999999999933,26.5,0.0,0.0,0.0,0.0,2
470.0,7.0,1.3570437880469517,0.0,0.0,0.0,0.0,0.0,42.0,6.0,1.4859552254421993,2.0,0.0,100.0,0.0,0.0,0.0,0.0,36.0,2190.0,10.0,10,1,0.5621198957428323,223.0037368894669,144.0,0.0,0.0,0.0,0.0,2
604.0,8.0,1.3754548257654449,0.0,0.0,0.0,0.0,0.0,12.0,1.0,-1.000088900581841e-12,0.0,0.0,97.96296296296296,0.0,0.0,0.0,0.0,76.0,2736.0,36.0,10,1,0.5621198957428323,288.01157384151526,295.0,0.0,0.0,0.0,0.0,3
718.0,3.0,0.0536242421219286,0.0,0.0,0.0,0.0,0.0,114.0,2.0,0.0883197821980176,0.0,0.0,87.9,0.0,0.0,0.0,0.0,0.0,2562.0,0.0,11,1,0.5621198957428323,265.7536453183661,474.5,0.0,0.0,0.0,0.0,3
600.0,6.0,1.3249148899764682,0.0,0.0,0.0,10.0,0.0,24.0,3.0,1.0114042647043515,0.0,0.0,77.66666666666667,0.0,0.0,0.0,0.0,80.0,4620.0,30.0,11,1,0.5621198957428323,101.36403043815196,598.0,0.0,0.0,5.0,2.5,3
398.0,8.0,1.3614065507387334,0.0,0.0,0.0,14.0,0.0,238.0,5.0,0.8792518769660969,0.0,0.0,69.95238095238095,0.0,0.0,0.0,0.0,60.0,3564.0,22.0,12,1,0.5621198957428323,133.0964562513465,580.0,0.0,0.0,7.118052168020874,6.0,2
168.0,7.0,1.4809159323096923,0.0,0.0,0.0,0.0,0.0,48.0,2.0,0.1732052067471771,0.0,0.0,64.14285714285714,0.0,0.0,0.0,0.0,100.0,1498.0,0.0,12,1,0.5621198957428323,241.37660753823388,471.0,0.0,0.0,7.118052168020874,6.0,2
276.0,6.0,1.532245111250646,0.0,0.0,0.0,0.0,0.0,188.0,5.0,1.0591175444590282,0.0,0.0,59.125,0.0,0.0,0.0,0.0,60.0,1352.0,14.0,13,1,0.5621198957428323,185.2592777703722,360.5,0.0,0.0,7.118052168020874,6.0,3
82.0,2.0,0.3196905981092379,0.0,0.0,0.0,0.0,0.0,230.0,3.0,0.1374697983935502,0.0,0.0,55.66666666666666,0.0,0.0,0.0,0.0,80.0,294.0,4.0,13,1,0.5621198957428323,136.72844132318116,231.0,0.0,0.0,7.0,3.5,3
134.0,4.0,1.2338011030586848,0.0,0.0,0.0,0.0,0.0,20.0,5.0,1.2275294114522126,0.0,0.0,53.0,0.0,0.0,0.0,0.0,40.0,456.0,10.0,14,1,0.5621198957428323,82.01625855076902,165.0,0.0,0.0,0.0,0.0,2
594.0,8.0,1.6354969518889662,0.0,0.0,0.0,0.0,0.0,54.0,4.0,0.9681898316839864,0.0,0.0,44.55555555555556,0.0,0.0,0.0,0.0,60.0,3084.0,14.0,14,1,0.5621198957428323,230.1035998559488,271.5,0.0,0.0,0.0,0.0,3
220.0,6.0,1.263225267110199,0.0,0.0,0.0,0.0,0.0,46.0,4.0,1.3760895644861704,0.0,0.0,35.285714285714285,0.0,0.0,0.0,0.0,40.0,1960.0,18.0,15,1,0.5621198957428323,231.43825670503696,257.5,0.0,0.0,0.0,0.0,2
94.0,2.0,0.692920816713992,0.0,0.0,0.0,0.0,0.0,34.0,3.0,0.803742107313203,0.0,0.0,25.9,0.0,0.0,0.0,0.0,20.0,236.0,4.0,15,1,0.5621198957428323,228.46370973672512,260.5,0.0,0.0,0.0,0.0,3
136.0,4.0,0.7109872635589516,0.0,0.0,0.0,0.0,0.0,68.0,8.0,1.864646679539788,0.0,0.0,17.083333333333332,0.0,0.0,0.0,0.0,80.0,754.0,12.0,16,1,0.5621198957428323,228.0964708188181,261.0,0.0,0.0,0.0,0.0,3
354.0,6.0,0.8227007621305974,0.0,0.0,0.0,0.0,0.0,60.0,8.0,1.8396798280476787,0.0,0.0,14.941176470588236,0.0,0.0,0.0,0.0,40.0,708.0,4.0,16,1,0.5621198957428323,114.66472866579296,201.0,0.0,0.0,0.0,0.0,3
600.0,4.0,1.0843147958060446,0.0,0.0,0.0,0.0,0.0,58.0,5.0,0.9964110099275528,0.0,0.0,25.23076923076923,0.0,0.0,0.0,0.0,0.0,528.0,0.0,17,1,0.5621198957428323,232.5109316426504,296.0,0.0,0.0,0.0,0.0,3
716.0,1.0,-1.000088900581841e-12,0.0,0.0,0.0,0.0,0.0,486.0,2.0,0.0477019563740721,0.0,0.0,53.06666666666667,0.0,0.0,0.0,0.0,0.0,0.0,0.0,17,1,0.5621198957428323,258.8815688044759,451.5,0.0,0.0,0.0,0.0,3
644.0,5.0,0.995275055042138,0.0,0.0,0.0,0.0,0.0,96.0,4.0,0.8308198487608464,0.0,0.0,82.06666666666666,0.0,0.0,0.0,0.0,2.0,510.0,2.0,18,1,0.5621198957428323,157.118850980184,578.5,0.0,0.0,0.0,0.0,3
532.0,5.0,1.196074816791025,0.0,0.0,0.0,0.0,0.0,256.0,4.0,0.4427820175084087,0.0,0.0,85.69565217391305,0.0,0.0,0.0,0.0,8.0,3754.0,8.0,18,1,0.5621198957428323,77.244201508376,623.0,0.0,0.0,0.0,0.0,3
12.0,1.0,-1.000088900581841e-12,0.0,0.0,0.0,0.0,0.0,52.0,2.0,0.1630236294923659,0.0,0.0,81.33333333333333,0.0,0.0,0.0,0.0,0.0,0.0,0.0,19,1,0.5621198957428323,318.46297534669014,476.0,0.0,0.0,0.0,0.0,3
108.0,6.0,1.5705488787374822,0.0,0.0,0.0,0.0,0.0,326.0,6.0,0.3692967982907466,0.0,0.0,79.5,0.0,0.0,0.0,0.0,4.0,304.0,4.0,19,1,0.5621198957428323,310.7324679956483,324.0,0.0,0.0,0.0,0.0,3
96.0,3.0,0.9548448707331132,0.0,0.0,0.0,0.0,0.0,22.0,3.0,0.7595473914718636,0.0,0.0,77.0,0.0,0.0,0.0,0.0,10.0,92.0,8.0,20,1,0.5621198957428323,233.9316139387747,187.0,0.0,0.0,0.0,0.0,3
486.0,7.0,1.3103752260260983,0.0,0.0,0.0,0.0,0.0,46.0,4.0,0.7301668894844847,0.0,0.0,71.8695652173913,0.0,0.0,0.0,0.0,6.0,580.0,4.0,20,1,0.5621198957428323,211.35988266461524,175.5,0.0,0.0,0.0,0.0,2
60.0,3.0,1.0882231038257273,0.0,0.0,0.0,0.0,0.0,34.0,3.0,0.5783252866571272,0.0,0.0,67.0,0.0,0.0,0.0,0.0,2.0,252.0,0.0,21,0,0.5621198957428323,200.0424954853341,187.5,0.0,0.0,0.0,0.0,3
244.0,5.0,1.533100747675582,0.0,0.0,0.0,0.0,0.0,30.0,3.0,0.6277052571941504,0.0,0.0,64.33333333333333,0.0,0.0,0.0,0.0,6.0,1186.0,2.0,21,0,0.5621198957428323,193.47609671481365,221.5,0.0,0.0,0.0,0.0,2
24.0,2.0,0.6791932659895258,0.0,0.0,0.0,0.0,0.0,28.0,2.0,0.410116318286409,0.0,0.0,62.0,0.0,0.0,0.0,0.0,2.0,90.0,2.0,22,0,0.5621198957428323,211.54904868611425,203.5,0.0,0.0,0.0,0.0,2
546.0,5.0,1.106417192858374,0.0,0.0,0.0,0.0,0.0,216.0,2.0,0.1269305453394023,0.0,0.0,57.28,0.0,0.0,0.0,0.0,6.0,1382.0,4.0,22,0,0.5621198957428323,238.64827675891547,218.5,0.0,0.0,0.0,0.0,3
684.0,5.0,1.063330100727275,0.0,0.0,0.0,0.0,0.0,208.0,3.0,0.3646645892543443,0.0,0.0,46.793103448275865,0.0,0.0,0.0,0.0,2.0,1914.0,2.0,23,0,0.5621198957428323,297.25578211365365,374.5,0.0,0.0,0.0,0.0,3
700.0,8.0,1.1423642499283604,0.0,0.0,0.0,0.0,0.0,8.0,2.0,0.6931471805579453,0.0,0.0,35.241379310344826,0.0,0.0,0.0,0.0,4.0,830.0,2.0,23,0,0.5621198957428323,317.2900880897478,488.5,0.0,0.0,0.0,0.0,3
398.0,4.0,0.6843967465820089,0.0,0.0,0.0,0.0,0.0,8.0,1.0,-1.000088900581841e-12,0.0,2.0,25.75,0.0,0.0,0.0,0.0,4.0,398.0,4.0,0,0,0.5621198957428323,140.8071967857701,582.0,0.0,0.0,0.0,0.0,3
706.0,5.0,0.5784905484322171,0.0,0.0,0.0,0.0,0.0,32.0,2.0,0.2337916587044593,2.0,0.0,27.655172413793103,0.0,0.0,0.0,0.0,0.0,528.0,0.0,0,0,0.5621198957428323,149.6217453001621,622.0,0.0,0.0,0.0,0.0,3
610.0,1.0,-1.000088900581841e-12,0.0,0.0,0.0,0.0,0.0,0.0,0.0,0.0,0.0,0.0,51.37037037037037,0.0,0.0,0.0,0.0,0.0,0.0,0.0,1,0,0.5621198957428323,143.86451960090756,603.5,0.0,0.0,0.0,0.0,3
554.0,1.0,-1.000088900581841e-12,0.0,0.0,0.0,0.0,0.0,0.0,0.0,0.0,0.0,0.0,77.61538461538461,0.0,0.0,0.0,0.0,0.0,0.0,0.0,1,0,0.5621198957428323,128.9702808143537,567.0,0.0,0.0,0.0,0.0,2
0.0,0.0,0.0,0.0,0.0,0.0,0.0,0.0,0.0,0.0,0.0,0.0,0.0,81.0,0.0,0.0,0.0,0.0,0.0,0.0,0.0,2,0,0.5621198957428323,317.92399510994227,467.5,0.0,0.0,0.0,0.0,2
0.0,0.0,0.0,0.0,0.0,0.0,0.0,0.0,0.0,0.0,0.0,0.0,0.0,85.46666666666667,0.0,0.0,0.0,0.0,0.0,0.0,0.0,2,0,0.5621198957428323,336.7946951284515,291.0,0.0,0.0,0.0,0.0,2
0.0,0.0,0.0,0.0,0.0,0.0,0.0,0.0,0.0,0.0,0.0,0.0,0.0,96.9,0.0,0.0,0.0,0.0,0.0,0.0,0.0,3,0,0.5621198957428323,276.9999999999999,138.5,0.0,0.0,0.0,0.0,2
0.0,0.0,0.0,0.0,0.0,0.0,0.0,0.0,0.0,0.0,0.0,0.0,0.0,100.0,0.0,0.0,0.0,0.0,0.0,0.0,0.0,3,0,0.5621198957428323,0.0,0.0,0.0,0.0,0.0,0.0,2
0.0,0.0,0.0,0.0,0.0,0.0,0.0,0.0,0.0,0.0,0.0,0.0,0.0,100.0,0.0,0.0,0.0,0.0,0.0,0.0,0.0,4,0,0.5621198957428323,0.0,0.0,0.0,0.0,0.0,0.0,2
0.0,0.0,0.0,0.0,0.0,0.0,0.0,0.0,0.0,0.0,0.0,0.0,0.0,100.0,0.0,0.0,0.0,0.0,0.0,0.0,0.0,4,0,0.5621198957428323,0.0,0.0,0.0,0.0,0.0,0.0,2
0.0,0.0,0.0,0.0,0.0,0.0,0.0,0.0,0.0,0.0,0.0,0.0,0.0,100.0,0.0,0.0,0.0,0.0,0.0,0.0,0.0,5,0,0.5621198957428323,0.0,0.0,0.0,0.0,0.0,0.0,2
0.0,0.0,0.0,0.0,0.0,0.0,0.0,0.0,0.0,0.0,0.0,0.0,0.0,100.0,0.0,0.0,0.0,0.0,0.0,0.0,0.0,5,0,0.5621198957428323,0.0,0.0,0.0,0.0,0.0,0.0,2
0.0,0.0,0.0,0.0,0.0,0.0,0.0,0.0,0.0,0.0,0.0,0.0,0.0,100.0,0.0,0.0,0.0,0.0,0.0,0.0,0.0,6,0,0.5621198957428323,0.0,0.0,0.0,0.0,0.0,0.0,2
0.0,0.0,0.0,0.0,0.0,0.0,0.0,0.0,0.0,0.0,0.0,0.0,0.0,100.0,0.0,0.0,0.0,0.0,0.0,0.0,0.0,6,0,0.5621198957428323,0.0,0.0,0.0,0.0,0.0,0.0,2
0.0,0.0,0.0,0.0,0.0,0.0,0.0,0.0,0.0,0.0,0.0,0.0,0.0,100.0,0.0,0.0,0.0,0.0,0.0,0.0,0.0,7,0,0.5621198957428323,0.0,0.0,0.0,0.0,0.0,0.0,2
0.0,0.0,0.0,0.0,0.0,0.0,0.0,0.0,0.0,0.0,0.0,0.0,0.0,100.0,0.0,0.0,0.0,0.0,0.0,0.0,0.0,7,0,0.5621198957428323,0.0,0.0,0.0,0.0,0.0,0.0,2
0.0,0.0,0.0,0.0,0.0,0.0,0.0,0.0,0.0,0.0,0.0,0.0,0.0,100.0,0.0,0.0,0.0,0.0,0.0,0.0,0.0,8,1,0.5621198957428323,0.0,0.0,0.0,0.0,0.0,0.0,2
132.0,1.0,-1.000088900581841e-12,0.0,0.0,0.0,0.0,0.0,12.0,1.0,-1.000088900581841e-12,0.0,0.0,100.0,0.0,0.0,0.0,0.0,6.0,0.0,0.0,8,1,0.5621198957428323,65.99999999999949,33.0,0.0,0.0,0.0,0.0,2
22.0,1.0,-1.000088900581841e-12,0.0,0.0,0.0,0.0,0.0,0.0,0.0,0.0,0.0,0.0,100.0,0.0,0.0,0.0,0.0,0.0,0.0,0.0,9,1,0.5621198957428323,63.19018911191778,38.5,0.0,0.0,0.0,0.0,2
186.0,8.0,1.5779246352958525,0.0,0.0,0.0,0.0,0.0,120.0,5.0,0.9511037958860064,0.0,0.0,100.0,0.0,0.0,0.0,0.0,8.0,192.0,4.0,9,1,0.5621198957428323,88.70174744614636,85.0,0.0,0.0,0.0,0.0,2
632.0,7.0,1.5955732815212742,0.0,0.0,0.0,0.0,0.0,140.0,3.0,0.3849099322469739,0.0,0.0,97.78571428571428,0.0,0.0,0.0,0.0,2.0,2874.0,2.0,10,1,0.5621198957428323,268.161642795286,243.0,0.0,0.0,0.0,0.0,2
554.0,10.0,1.8049988695698287,0.0,0.0,0.0,0.0,0.0,184.0,5.0,0.7179419378387359,0.0,0.0,89.29166666666667,0.0,0.0,0.0,0.0,6.0,2266.0,4.0,10,1,0.5621198957428323,291.8966712154604,348.5,0.0,0.0,0.0,0.0,2
134.0,4.0,1.1763568064342722,0.0,0.0,0.0,0.0,0.0,48.0,4.0,1.0132843295472496,0.0,0.0,84.22222222222223,0.0,0.0,0.0,0.0,6.0,590.0,6.0,11,1,0.5621198957428323,252.9051205491892,376.5,0.0,0.0,0.0,0.0,3
152.0,4.0,0.9791258925465526,0.0,0.0,0.0,0.0,0.0,416.0,3.0,0.5937019848904946,0.0,0.0,81.45454545454545,0.0,0.0,0.0,0.0,4.0,1422.0,4.0,11,1,0.5621198957428323,261.8549216646499,368.0,0.0,0.0,0.0,0.0,3
92.0,2.0,0.2954391918701161,0.0,0.0,0.0,0.0,0.0,112.0,4.0,0.7853646123195125,0.0,0.0,78.72727272727273,0.0,0.0,0.0,0.0,6.0,132.0,2.0,12,1,0.5621198957428323,215.4715758516652,233.0,0.0,0.0,0.0,0.0,3
622.0,8.0,1.2553827314300636,0.0,0.0,0.0,0.0,0.0,440.0,6.0,0.8268822788820714,0.0,0.0,73.17857142857143,0.0,0.0,0.0,0.0,4.0,6292.0,4.0,12,1,0.5621198957428323,249.2709369340917,250.0,0.0,0.0,0.0,0.0,3
718.0,6.0,0.5596019139229202,0.0,0.0,0.0,0.0,0.0,546.0,2.0,0.0764222033977059,0.0,0.0,62.13333333333333,0.0,0.0,0.0,0.0,4.0,7152.0,4.0,13,1,0.5621198957428323,319.74573231449585,396.0,0.0,0.0,0.0,0.0,3
336.0,6.0,1.213885613380591,0.0,0.0,0.0,0.0,0.0,1224.0,4.0,0.5257514439238297,0.0,0.0,53.11111111111112,0.0,0.0,0.0,0.0,10.0,2346.0,8.0,13,1,0.5621198957428323,284.2018062339974,442.0,0.0,0.0,0.0,0.0,3
106.0,5.0,1.4205114532652907,0.0,0.0,0.0,0.0,0.0,22.0,3.0,0.9949236325687753,0.0,0.0,50.0,0.0,0.0,0.0,0.0,6.0,152.0,6.0,14,1,0.5621198957428323,278.4833926825798,445.5,0.0,0.0,0.0,0.0,2
682.0,8.0,1.3163660084832518,0.0,0.0,0.0,0.0,0.0,232.0,6.0,0.8592078908896469,0.0,0.0,42.793103448275865,0.0,0.0,0.0,0.0,12.0,1852.0,6.0,14,1,0.5621198957428323,292.4260590303127,460.5,0.0,0.0,0.0,0.0,3
544.0,4.0,0.2658048282548425,0.0,0.0,0.0,4.0,0.0,24.0,4.0,1.24245332489,0.0,0.0,32.92,0.0,0.0,0.0,0.0,2.0,100.0,2.0,15,1,0.5621198957428323,251.41996738524952,417.0,0.0,0.0,2.0,1.0,3
18.0,2.0,0.6869615765953234,0.0,0.0,0.0,0.0,0.0,30.0,4.0,0.9881542242861944,0.0,0.0,28.857142857142858,0.0,0.0,0.0,0.0,2.0,4.0,2.0,15,1,0.5621198957428323,325.0615326365147,337.5,0.0,0.0,2.0,1.0,3
524.0,8.0,1.7718174468518826,0.0,0.0,0.0,4.0,0.0,86.0,6.0,1.4772343675834505,0.0,0.0,22.923076923076923,0.0,0.0,0.0,0.0,12.0,1998.0,12.0,16,1,0.5621198957428323,291.26391240019177,442.0,0.0,0.0,2.309401076758503,2.0,3
668.0,6.0,1.26101883902781,0.0,0.0,0.0,2.0,0.0,394.0,7.0,0.819913468603973,0.0,2.0,18.344827586206897,0.0,0.0,0.0,0.0,10.0,1216.0,8.0,16,1,0.5621198957428323,287.478115109075,438.5,0.0,0.0,1.9148542155126764,2.5,3
716.0,4.0,0.8554201525704295,0.0,0.0,0.0,2.0,0.0,206.0,5.0,0.4501443814962979,0.0,0.0,19.7,0.0,0.0,0.0,0.0,10.0,1992.0,0.0,17,1,0.5621198957428323,319.5887983018177,481.5,0.0,0.0,1.6329931618554523,2.0,3
716.0,4.0,0.5140814587070334,0.0,0.0,0.0,0.0,0.0,124.0,2.0,0.2392170938145128,0.0,0.0,26.366666666666667,0.0,0.0,0.0,0.0,4.0,176.0,4.0,17,1,0.5621198957428323,90.86253353280397,656.0,0.0,0.0,1.6329931618554523,2.0,3
718.0,1.0,-1.000088900581841e-12,0.0,0.0,0.0,0.0,0.0,2996.0,6.0,0.0551063064631978,0.0,0.0,32.7,0.0,0.0,0.0,0.0,4.0,30.0,4.0,18,1,0.5621198957428323,24.351591323770247,704.5,0.0,0.0,1.1547005383792517,1.0,3
716.0,1.0,-1.000088900581841e-12,0.0,0.0,0.0,0.0,0.0,2872.0,3.0,0.0255273242761962,0.0,0.0,39.03333333333333,0.0,0.0,0.0,0.0,2.0,0.0,2.0,18,1,0.5621198957428323,0.9999999999614316,716.5,0.0,0.0,1.0000000000000002,0.5,3
718.0,3.0,0.4270371588303986,0.0,0.0,0.0,0.0,0.0,2784.0,5.0,0.0553568549728128,0.0,0.0,45.833333333333336,0.0,0.0,0.0,0.0,6.0,92.0,6.0,19,1,0.5621198957428323,1.1547005383458586,717.0,0.0,0.0,0.0,0.0,3
712.0,7.0,1.444890506121273,0.0,0.0,0.0,4.0,0.0,132.0,4.0,0.581336325803288,0.0,2.0,51.89655172413793,0.0,0.0,0.0,0.0,8.0,3424.0,4.0,19,1,0.5621198957428323,2.8284271247325643,716.0,0.0,0.0,2.0,1.0,3
648.0,2.0,0.079684406683737,0.0,0.0,0.0,0.0,0.0,8.0,3.0,1.039720770836918,0.0,0.0,71.41379310344827,0.0,0.0,0.0,0.0,0.0,26.0,0.0,20,1,0.5621198957428323,33.75894943073008,698.5,0.0,0.0,2.0,1.0,2
714.0,7.0,1.6010410807348705,0.0,0.0,0.0,0.0,0.0,16.0,3.0,0.9743147528663494,0.0,0.0,90.48275862068964,0.0,0.0,0.0,0.0,4.0,3390.0,4.0,20,1,0.5621198957428323,33.426536364589985,698.0,0.0,0.0,2.0,1.0,2
716.0,5.0,0.8144892303648975,0.0,0.0,0.0,6.0,0.0,4.0,1.0,-1.000088900581841e-12,0.0,0.0,97.7,0.0,0.0,0.0,0.0,0.0,1018.0,0.0,21,0,0.5621198957428323,33.040379335997194,697.5,0.0,0.0,3.0000000000000004,2.5,3
716.0,5.0,0.6085263092575988,0.0,0.0,0.0,0.0,0.0,44.0,2.0,0.3046360973472382,0.0,0.0,96.46666666666668,0.0,0.0,0.0,0.0,0.0,4824.0,0.0,21,0,0.5621198957428323,33.67986539957155,698.5,0.0,0.0,3.0000000000000004,1.5,3
670.0,8.0,1.4583965379189805,0.0,0.0,0.0,0.0,0.0,98.0,3.0,0.5368548713450788,0.0,0.0,87.36666666666666,0.0,0.0,0.0,0.0,18.0,1736.0,12.0,22,0,0.5621198957428323,22.68626603622972,704.0,0.0,0.0,3.0000000000000004,1.5,3
636.0,6.0,1.4691527913473992,0.0,0.0,0.0,0.0,0.0,88.0,3.0,0.5779915774250757,0.0,0.0,79.67857142857143,0.0,0.0,0.0,0.0,36.0,2846.0,18.0,22,0,0.5621198957428323,38.93156388673064,684.5,0.0,0.0,3.0000000000000004,1.5,3
444.0,11.0,1.5230529546564822,0.0,0.0,0.0,0.0,0.0,132.0,4.0,0.817412315861301,0.0,0.0,72.80952380952381,0.0,0.0,0.0,0.0,18.0,3132.0,6.0,23,0,0.5621198957428323,119.58121368620822,616.5,0.0,0.0,0.0,0.0,3
390.0,6.0,1.4426211217301967,0.0,0.0,0.0,6.0,0.0,12.0,2.0,0.6365141682928128,0.0,0.0,66.6,0.0,0.0,0.0,0.0,24.0,1490.0,6.0,23,0,0.5621198957428323,138.72274507087843,535.0,0.0,0.0,3.0000000000000004,1.5,3
680.0,5.0,0.429566679100329,0.0,0.0,0.0,4.0,0.0,14.0,2.0,0.410116318286409,4.0,0.0,61.5925925925926,0.0,0.0,0.0,0.0,0.0,744.0,0.0,0,0,0.5621198957428323,142.01760454253525,537.5,0.0,0.0,3.0000000000000004,2.5,3
0.0,0.0,0.0,0.0,0.0,0.0,0.0,0.0,0.0,0.0,0.0,0.0,0.0,0.0,8.0,0.0,0.0,0.0,0.0,0.0,0.0,1,0,0.5621198957428323,282.00886510888256,378.5,0.0,0.0,3.0000000000000004,2.5,2
0.0,0.0,0.0,0.0,0.0,0.0,0.0,0.0,0.0,0.0,0.0,0.0,0.0,0.0,8.0,0.0,0.0,0.0,0.0,0.0,0.0,2,0,0.5621198957428323,330.7944981404617,267.5,0.0,0.0,3.0000000000000004,2.5,2
0.0,0.0,0.0,0.0,0.0,0.0,0.0,0.0,0.0,0.0,0.0,0.0,0.0,0.0,0.0,0.0,0.0,0.0,0.0,0.0,0.0,3,0,0.5621198957428323,339.9999999999999,170.0,0.0,0.0,2.0000000000000004,1.0,2
0.0,0.0,0.0,0.0,0.0,0.0,0.0,0.0,0.0,0.0,0.0,0.0,0.0,0.0,6.0,0.0,0.0,0.0,0.0,0.0,0.0,4,0,0.5621198957428323,0.0,0.0,0.0,0.0,0.0,0.0,2
0.0,0.0,0.0,0.0,0.0,0.0,0.0,0.0,0.0,0.0,0.0,0.0,0.0,0.0,0.0,0.0,0.0,0.0,0.0,0.0,0.0,7,0,0.5621198957428323,0.0,0.0,0.0,0.0,0.0,0.0,2
252.0,7.0,1.4504770503786724,0.0,0.0,0.0,0.0,0.0,68.0,8.0,1.7150500175699086,0.0,12.0,53.53333333333333,0.0,0.0,0.0,0.0,72.0,802.0,22.0,8,1,0.5621198957428323,125.99999999999967,63.0,0.0,0.0,0.0,0.0,2
714.0,5.0,1.276271142835209,0.0,0.0,0.0,0.0,0.0,44.0,5.0,1.390495058584956,0.0,0.0,54.5,0.0,0.0,0.0,0.0,48.0,1052.0,24.0,8,1,0.5621198957428323,336.65561037950926,241.5,0.0,0.0,0.0,0.0,3
716.0,1.0,-1.000088900581841e-12,0.0,0.0,0.0,0.0,0.0,6.0,1.0,-1.000088900581841e-12,0.0,0.0,56.333333333333336,0.0,0.0,0.0,0.0,36.0,0.0,0.0,9,1,0.5621198957428323,355.28157846981026,420.5,0.0,0.0,0.0,0.0,3
596.0,1.0,-1.000088900581841e-12,0.0,0.0,0.0,0.0,0.0,6.0,1.0,-1.000088900581841e-12,0.0,0.0,58.96666666666667,0.0,0.0,0.0,0.0,0.0,0.0,0.0,9,1,0.5621198957428323,218.97564552555443,569.5,0.0,0.0,0.0,0.0,3
566.0,10.0,1.6726298639776216,0.0,0.0,0.0,0.0,0.0,36.0,6.0,1.6881741707334663,0.0,0.0,60.10344827586207,0.0,0.0,0.0,0.0,48.0,2130.0,10.0,10,1,0.5621198957428323,78.3326241102641,648.0,0.0,0.0,0.0,0.0,3
128.0,6.0,1.2380868251950576,0.0,0.0,0.0,0.0,0.0,202.0,5.0,0.8359504811068744,0.0,0.0,55.92307692307692,0.0,0.0,0.0,0.0,144.0,208.0,38.0,10,1,0.5621198957428323,257.2955499032191,501.5,0.0,0.0,0.0,0.0,3
36.0,2.0,0.5297061990556545,0.0,0.0,0.0,0.0,0.0,28.0,3.0,0.8760057656401736,0.0,0.0,53.125,0.0,0.0,0.0,0.0,60.0,14.0,20.0,11,1,0.5621198957428323,290.7937413356758,331.5,0.0,0.0,0.0,0.0,2
46.0,2.0,0.6145033203087282,0.0,0.0,0.0,0.0,0.0,32.0,5.0,1.3421257227437466,0.0,0.0,50.625,0.0,0.0,0.0,0.0,72.0,16.0,18.0,11,1,0.5621198957428323,251.4014054588132,194.0,0.0,0.0,0.0,0.0,2
124.0,4.0,1.0806035178934177,0.0,0.0,0.0,0.0,0.0,134.0,4.0,1.020685391339449,0.0,0.0,44.23076923076923,0.0,0.0,0.0,0.0,84.0,482.0,18.0,12,1,0.5621198957428323,43.123852641741074,77.5,0.0,0.0,0.0,0.0,2
572.0,4.0,0.8810335128608069,0.0,0.0,0.0,0.0,0.0,146.0,6.0,1.0233795199624651,0.0,0.0,38.28,0.0,0.0,0.0,0.0,0.0,2190.0,0.0,13,1,0.5621198957428323,248.45120245231243,328.0,0.0,0.0,3.0000000000000004,1.5,3
378.0,5.0,0.7415594400975529,0.0,0.0,0.0,10.0,0.0,350.0,7.0,0.4860208885459861,0.0,0.0,59.10526315789474,0.0,0.0,0.0,0.0,12.0,254.0,6.0,14,1,0.5621198957428323,198.94639143916783,396.5,0.0,0.0,4.898979485566356,4.0,2
718.0,5.0,0.8236053106291558,0.0,0.0,0.0,12.0,0.0,8.0,1.0,-1.000088900581841e-12,0.0,0.0,70.16666666666667,0.0,0.0,0.0,0.0,0.0,5744.0,0.0,14,1,0.5621198957428323,140.99172552553077,545.0,0.0,0.0,5.291502622129181,7.0,3
718.0,6.0,0.5876242724594529,0.0,0.0,0.0,0.0,0.0,94.0,2.0,0.1029666604634124,0.0,0.0,77.8,0.0,0.0,0.0,0.0,0.0,1734.0,0.0,15,1,0.5621198957428323,161.10762448334532,596.5,0.0,0.0,6.4031242374328485,5.5,3
606.0,8.0,1.2691766080553313,0.0,0.0,0.0,0.0,0.0,60.0,4.0,0.7950376298376702,0.0,0.0,85.8076923076923,0.0,0.0,0.0,0.0,12.0,1728.0,4.0,15,1,0.5621198957428323,160.27892354683843,605.0,0.0,0.0,6.4031242374328485,5.5,3
632.0,3.0,0.4322079885331026,0.0,0.0,0.0,0.0,0.0,1120.0,5.0,0.5137602403465349,0.0,0.0,96.28571428571428,0.0,0.0,0.0,0.0,24.0,74.0,14.0,16,1,0.5621198957428323,58.13490059049391,668.5,0.0,0.0,6.0,3.0,2
624.0,2.0,0.0685932179345961,0.0,0.0,0.0,6.0,0.0,3178.0,3.0,0.0795683132558713,0.0,0.0,100.0,0.0,0.0,0.0,0.0,24.0,88.0,12.0,16,1,0.5621198957428323,49.86648841322808,645.0,0.0,0.0,3.0,1.5,2
110.0,2.0,0.3446104320888521,0.0,0.0,0.0,0.0,0.0,32.0,3.0,1.0821955300357673,0.0,0.0,100.0,0.0,0.0,0.0,0.0,36.0,104.0,14.0,17,1,0.5621198957428323,255.56473413468703,493.0,0.0,0.0,3.0,1.5,2
624.0,3.0,0.2116920300099386,0.0,0.0,0.0,0.0,0.0,28.0,3.0,0.8760057656401737,0.0,0.0,96.96296296296296,0.0,0.0,0.0,0.0,12.0,7942.0,4.0,17,1,0.5621198957428323,258.3608587486372,497.5,0.0,0.0,3.0,1.5,2
514.0,6.0,1.4156094360614089,0.0,0.0,0.0,0.0,0.0,92.0,4.0,0.7889103739548232,0.0,0.0,88.16,0.0,0.0,0.0,0.0,60.0,4168.0,20.0,18,1,0.5621198957428323,244.2348596467478,468.0,0.0,0.0,3.0,1.5,2
412.0,4.0,0.6908158182968493,0.0,0.0,0.0,0.0,0.0,1114.0,3.0,0.2272364763167092,0.0,0.0,80.9,0.0,0.0,0.0,0.0,12.0,682.0,4.0,18,1,0.5621198957428323,220.99472090225728,415.0,0.0,0.0,0.0,0.0,3
308.0,5.0,1.128580717029054,0.0,0.0,0.0,0.0,0.0,2046.0,5.0,0.2667210865184556,0.0,0.0,74.8125,0.0,0.0,0.0,0.0,82.0,3750.0,20.0,19,1,0.5621198957428323,135.57162928380922,464.5,0.0,0.0,0.0,0.0,2
376.0,8.0,1.571297903958956,0.0,0.0,0.0,0.0,0.0,990.0,5.0,0.5286178214532582,0.0,0.0,68.35,0.0,0.0,0.0,0.0,56.0,3778.0,26.0,19,1,0.5621198957428323,85.93602271457489,402.5,0.0,0.0,0.0,0.0,3
352.0,7.0,1.403228480601543,0.0,0.0,0.0,0.0,0.0,82.0,6.0,1.3934157198524788,0.0,0.0,61.22222222222222,0.0,0.0,0.0,0.0,98.0,1100.0,48.0,20,1,0.5621198957428323,43.63484845854205,362.0,0.0,0.0,0.0,0.0,2
18.0,2.0,0.5297061990556545,0.0,0.0,0.0,0.0,0.0,38.0,3.0,0.6605788876490757,0.0,0.0,58.71428571428572,0.0,0.0,0.0,0.0,14.0,0.0,8.0,20,1,0.5621198957428323,166.07126984119378,263.5,0.0,0.0,0.0,0.0,3
418.0,5.0,1.1557890877516512,0.0,0.0,0.0,0.0,0.0,80.0,9.0,1.5770803233260078,0.0,0.0,55.18181818181818,0.0,0.0,0.0,0.0,154.0,2114.0,54.0,21,0,0.5621198957428323,184.0326058066884,291.0,0.0,0.0,0.0,0.0,3
718.0,6.0,1.4764909435513385,0.0,0.0,0.0,0.0,0.0,30.0,3.0,0.4850940912992115,0.0,0.0,46.13793103448276,0.0,0.0,0.0,0.0,0.0,6686.0,8.0,21,0,0.5621198957428323,287.20898314641886,376.5,0.0,0.0,0.0,0.0,2
620.0,3.0,0.0778960719288748,0.0,0.0,0.0,0.0,0.0,16.0,3.0,0.9002560512655369,0.0,0.0,35.74074074074074,0.0,0.0,0.0,0.0,36.0,2288.0,4.0,22,0,0.5621198957428323,309.94784507504903,443.5,0.0,0.0,0.0,0.0,2
402.0,6.0,1.5050064011440742,0.0,0.0,0.0,0.0,0.0,90.0,4.0,0.6371502047039386,0.0,0.0,26.714285714285715,0.0,0.0,0.0,0.0,48.0,4964.0,8.0,22,0,0.5621198957428323,154.93116751211355,539.5,0.0,0.0,0.0,0.0,2
106.0,2.0,0.5773540491412572,0.0,0.0,0.0,0.0,0.0,14.0,2.0,0.5982695885832573,0.0,0.0,21.727272727272727,0.0,0.0,0.0,0.0,42.0,560.0,14.0,23,0,0.5621198957428323,271.3147004249246,461.5,0.0,0.0,0.0,0.0,2
510.0,7.0,1.490297175264595,0.0,0.0,0.0,0.0,0.0,32.0,2.0,0.6210863745532451,0.0,0.0,14.857142857142858,0.0,0.0,0.0,0.0,12.0,6320.0,2.0,23,0,0.5621198957428323,221.0422282430816,409.5,0.0,0.0,0.0,0.0,2
52.0,6.0,1.5508457063772816,0.0,0.0,0.0,0.0,0.0,12.0,2.0,0.6365141682928128,0.0,12.0,15.0,0.0,0.0,0.0,0.0,36.0,4942.0,6.0,0,0,0.5621198957428323,223.1733257657224,267.5,0.0,0.0,0.0,0.0,3
580.0,2.0,0.022993637238889,0.0,0.0,0.0,0.0,0.0,2.0,1.0,-1.000088900581841e-12,4.0,0.0,30.96,0.0,0.0,0.0,0.0,0.0,42.0,0.0,0,0,0.5621198957428323,271.4553370261854,312.0,0.0,0.0,0.0,0.0,3
718.0,1.0,-1.000088900581841e-12,0.0,0.0,0.0,0.0,0.0,0.0,0.0,0.0,0.0,0.0,61.96666666666667,0.0,0.0,0.0,0.0,0.0,0.0,0.0,1,0,0.5621198957428323,288.5758132623036,465.0,0.0,0.0,0.0,0.0,2
6.0,1.0,-1.000088900581841e-12,0.0,0.0,0.0,0.0,0.0,0.0,0.0,0.0,0.0,0.0,87.43333333333334,0.0,0.0,0.0,0.0,0.0,0.0,0.0,1,0,0.5621198957428323,362.8498311974252,339.0,0.0,0.0,0.0,0.0,2
0.0,0.0,0.0,0.0,0.0,0.0,0.0,0.0,0.0,0.0,0.0,0.0,0.0,97.6,0.0,0.0,0.0,0.0,0.0,0.0,0.0,2,0,0.5621198957428323,377.2072816547067,326.0,0.0,0.0,0.0,0.0,2
0.0,0.0,0.0,0.0,0.0,0.0,0.0,0.0,0.0,0.0,0.0,0.0,0.0,100.0,0.0,0.0,0.0,0.0,0.0,0.0,0.0,2,0,0.5621198957428323,358.0111730100052,181.0,0.0,0.0,0.0,0.0,2
0.0,0.0,0.0,0.0,0.0,0.0,0.0,0.0,0.0,0.0,0.0,0.0,0.0,100.0,0.0,0.0,0.0,0.0,0.0,0.0,0.0,3,0,0.5621198957428323,2.999999999983831,1.5,0.0,0.0,0.0,0.0,2
0.0,0.0,0.0,0.0,0.0,0.0,0.0,0.0,0.0,0.0,0.0,0.0,0.0,100.0,0.0,0.0,0.0,0.0,0.0,0.0,0.0,3,0,0.5621198957428323,0.0,0.0,0.0,0.0,0.0,0.0,2
0.0,0.0,0.0,0.0,0.0,0.0,0.0,0.0,0.0,0.0,0.0,0.0,0.0,100.0,0.0,0.0,0.0,0.0,0.0,0.0,0.0,4,0,0.5621198957428323,0.0,0.0,0.0,0.0,0.0,0.0,2
0.0,0.0,0.0,0.0,0.0,0.0,0.0,0.0,0.0,0.0,0.0,0.0,0.0,100.0,0.0,0.0,0.0,0.0,0.0,0.0,0.0,4,0,0.5621198957428323,0.0,0.0,0.0,0.0,0.0,0.0,2
0.0,0.0,0.0,0.0,0.0,0.0,0.0,0.0,0.0,0.0,0.0,0.0,0.0,100.0,0.0,0.0,0.0,0.0,0.0,0.0,0.0,5,0,0.5621198957428323,0.0,0.0,0.0,0.0,0.0,0.0,2
0.0,0.0,0.0,0.0,0.0,0.0,0.0,0.0,0.0,0.0,0.0,0.0,0.0,100.0,0.0,0.0,0.0,0.0,0.0,0.0,0.0,5,0,0.5621198957428323,0.0,0.0,0.0,0.0,0.0,0.0,2
0.0,0.0,0.0,0.0,0.0,0.0,0.0,0.0,0.0,0.0,0.0,0.0,0.0,100.0,0.0,0.0,0.0,0.0,0.0,0.0,0.0,6,0,0.5621198957428323,0.0,0.0,0.0,0.0,0.0,0.0,2
0.0,0.0,0.0,0.0,0.0,0.0,0.0,0.0,0.0,0.0,0.0,0.0,0.0,100.0,0.0,0.0,0.0,0.0,0.0,0.0,0.0,6,0,0.5621198957428323,0.0,0.0,0.0,0.0,0.0,0.0,2
0.0,0.0,0.0,0.0,0.0,0.0,0.0,0.0,0.0,0.0,0.0,0.0,0.0,100.0,0.0,0.0,0.0,0.0,0.0,0.0,0.0,7,0,0.5621198957428323,0.0,0.0,0.0,0.0,0.0,0.0,2
0.0,0.0,0.0,0.0,0.0,0.0,0.0,0.0,0.0,0.0,0.0,0.0,0.0,100.0,0.0,0.0,0.0,0.0,0.0,0.0,0.0,7,0,0.5621198957428323,0.0,0.0,0.0,0.0,0.0,0.0,2
0.0,0.0,0.0,0.0,0.0,0.0,0.0,0.0,0.0,0.0,0.0,0.0,0.0,100.0,0.0,0.0,0.0,0.0,0.0,0.0,0.0,8,1,0.5621198957428323,0.0,0.0,0.0,0.0,0.0,0.0,2
0.0,0.0,0.0,0.0,0.0,0.0,0.0,0.0,0.0,0.0,0.0,0.0,0.0,100.0,0.0,0.0,0.0,0.0,0.0,0.0,0.0,8,1,0.5621198957428323,0.0,0.0,0.0,0.0,0.0,0.0,2
174.0,1.0,-1.000088900581841e-12,0.0,0.0,0.0,0.0,0.0,12.0,1.0,-1.000088900581841e-12,0.0,0.0,100.0,0.0,0.0,0.0,0.0,70.0,0.0,0.0,9,1,0.5621198957428323,86.99999999999945,43.5,0.0,0.0,0.0,0.0,2
350.0,6.0,1.2202437072431374,0.0,0.0,0.0,0.0,0.0,170.0,7.0,1.1621473299284146,0.0,0.0,100.0,0.0,0.0,0.0,0.0,84.0,4518.0,50.0,9,1,0.5621198957428323,167.46342884343406,131.0,0.0,0.0,0.0,0.0,2
680.0,5.0,0.94845649544659,0.0,0.0,0.0,0.0,0.0,70.0,4.0,0.6915424017566948,0.0,0.0,96.6896551724138,0.0,0.0,0.0,0.0,28.0,4742.0,6.0,10,1,0.5621198957428323,290.271137616769,301.0,0.0,0.0,0.0,0.0,2
518.0,6.0,1.0947082203438314,0.0,0.0,0.0,0.0,0.0,34.0,4.0,1.1499171377869295,0.0,0.0,87.33333333333333,0.0,0.0,0.0,0.0,14.0,3560.0,2.0,10,1,0.5621198957428323,217.69933394477783,430.5,0.0,0.0,0.0,0.0,2
44.0,3.0,0.9075352941020092,0.0,0.0,0.0,0.0,0.0,216.0,3.0,0.3958949919110818,0.0,0.0,82.5,0.0,0.0,0.0,0.0,56.0,84.0,10.0,11,1,0.5621198957428323,271.74988500457533,398.0,0.0,0.0,0.0,0.0,3
430.0,6.0,1.333648628359282,0.0,0.0,0.0,0.0,0.0,140.0,4.0,0.6679529133992436,0.0,0.0,78.23809523809524,0.0,0.0,0.0,0.0,70.0,2200.0,14.0,11,1,0.5621198957428323,269.9777768632076,418.0,0.0,0.0,0.0,0.0,3
330.0,8.0,1.4576080869820216,0.0,0.0,0.0,0.0,0.0,120.0,4.0,0.8298171778950838,0.0,0.0,71.57894736842105,0.0,0.0,12.0,0.0,84.0,3810.0,36.0,12,1,0.5621198957428323,205.8632232009073,330.5,0.0,0.0,0.0,0.0,3
22.0,2.0,0.4741393130558373,0.0,0.0,0.0,0.0,0.0,42.0,3.0,0.6189407438539727,0.0,0.0,67.28571428571429,0.0,0.0,0.0,0.0,40.0,24.0,2.0,12,1,0.5621198957428323,204.6549942382706,206.5,0.0,0.0,0.0,0.0,3
76.0,3.0,1.0390279299831542,0.0,0.0,0.0,0.0,0.0,102.0,3.0,0.7002739282818708,0.0,0.0,65.9,0.0,0.0,0.0,0.0,28.0,248.0,4.0,13,1,0.5621198957428323,196.6545193988684,214.5,0.0,0.0,0.0,0.0,3
396.0,6.0,1.4884681829240642,0.0,0.0,0.0,0.0,0.0,10.0,2.0,0.5004024235361879,0.0,0.0,60.35,0.0,0.0,0.0,0.0,14.0,2932.0,2.0,13,1,0.5621198957428323,184.60046948297085,206.0,0.0,0.0,0.0,0.0,3
364.0,6.0,1.319453821026321,0.0,0.0,0.0,0.0,0.0,100.0,4.0,0.9771991298909696,0.0,0.0,52.1578947368421,0.0,0.0,0.0,0.0,56.0,1832.0,20.0,14,1,0.5621198957428323,192.81338127837475,214.5,0.0,0.0,0.0,0.0,3
700.0,7.0,1.3398020446103098,0.0,0.0,0.0,0.0,0.0,48.0,3.0,0.7232545109981121,0.0,0.0,41.53333333333333,0.0,0.0,0.0,0.0,70.0,3840.0,20.0,14,1,0.5621198957428323,255.1234995056314,384.0,0.0,0.0,0.0,0.0,3
622.0,10.0,1.7385060366215703,0.0,0.0,0.0,0.0,0.0,50.0,3.0,0.9086163473427876,0.0,0.0,27.79310344827586,0.0,0.0,0.0,0.0,112.0,3034.0,24.0,15,1,0.5621198957428323,165.8463143998078,520.5,0.0,0.0,0.0,0.0,3
464.0,8.0,1.2717391258037405,0.0,0.0,0.0,0.0,0.0,112.0,7.0,1.391752594408918,0.0,14.0,21.954545454545453,0.0,0.0,0.0,0.0,56.0,3696.0,32.0,15,1,0.5621198957428323,151.71354586852124,537.5,0.0,0.0,0.0,0.0,3
380.0,7.0,1.3714423985877269,0.0,0.0,0.0,0.0,0.0,194.0,4.0,0.3166691239437708,0.0,0.0,40.26315789473684,0.0,0.0,0.0,0.0,42.0,2470.0,16.0,16,1,0.5621198957428323,145.70632564625748,541.5,0.0,0.0,0.0,0.0,3
490.0,6.0,1.0506246948170936,0.0,0.0,0.0,0.0,0.0,96.0,8.0,1.8006537318860107,0.0,0.0,62.16666666666666,0.0,12.0,0.0,10.0,168.0,3882.0,72.0,16,1,0.5621198957428323,100.3261348469741,489.0,0.0,0.0,0.0,0.0,3
88.0,4.0,0.938195276410458,0.0,0.0,0.0,0.0,0.0,24.0,1.0,-1.000088900581841e-12,0.0,0.0,57.7,0.0,0.0,0.0,0.0,112.0,328.0,56.0,17,1,0.5621198957428323,194.74684421918943,271.5,0.0,0.0,0.0,0.0,2
74.0,3.0,0.8469160702648625,0.0,0.0,0.0,0.0,0.0,74.0,4.0,0.7612266298998479,0.0,0.0,54.5,0.0,0.0,0.0,0.0,84.0,398.0,24.0,18,1,0.5621198957428323,197.9932658787496,195.0,0.0,0.0,0.0,0.0,2
90.0,4.0,1.0006569782619543,0.0,0.0,0.0,0.0,0.0,54.0,3.0,0.8144442357303947,0.0,0.0,51.5,0.0,0.0,0.0,0.0,112.0,600.0,54.0,18,1,0.5621198957428323,23.122860261364103,95.0,0.0,0.0,0.0,0.0,2
468.0,7.0,1.3059837830589054,0.0,0.0,0.0,0.0,0.0,24.0,5.0,1.0986122886631096,0.0,0.0,45.72727272727273,0.0,0.0,0.0,0.0,0.0,2816.0,0.0,19,1,0.5621198957428323,192.1318991387598,180.0,0.0,0.0,0.0,0.0,3
276.0,4.0,0.9078286920272578,0.0,0.0,0.0,0.0,0.0,112.0,3.0,0.4904499103738102,0.0,0.0,39.875,0.0,0.0,0.0,0.0,42.0,5104.0,24.0,19,1,0.5621198957428323,184.986485992896,227.0,0.0,0.0,0.0,0.0,2
12.0,1.0,-1.000088900581841e-12,0.0,0.0,0.0,0.0,0.0,44.0,3.0,0.4851045003879404,0.0,0.0,37.5,0.0,0.0,0.0,0.0,28.0,0.0,0.0,20,1,0.5621198957428323,203.72775952235844,211.5,0.0,0.0,0.0,0.0,3
502.0,7.0,1.5998269191622294,0.0,0.0,0.0,0.0,0.0,84.0,6.0,1.2242433079457082,0.0,0.0,32.458333333333336,0.0,0.0,0.0,0.0,198.0,2142.0,80.0,20,1,0.5621198957428323,224.875521122242,314.5,0.0,0.0,0.0,0.0,2
146.0,5.0,0.8610599121656433,0.0,0.0,0.0,0.0,0.0,148.0,4.0,0.952831386078402,0.0,0.0,25.83333333333333,0.0,0.0,0.0,0.0,64.0,596.0,16.0,21,0,0.5621198957428323,208.65921179441503,234.0,0.0,0.0,0.0,0.0,2
284.0,6.0,1.210429023355226,0.0,0.0,0.0,0.0,0.0,540.0,6.0,0.4600488151722927,0.0,0.0,21.176470588235293,0.0,0.0,0.0,0.0,112.0,516.0,38.0,21,0,0.5621198957428323,209.2335218521797,236.0,0.0,0.0,0.0,0.0,3
584.0,5.0,0.3380744603063953,0.0,0.0,0.0,0.0,0.0,662.0,7.0,0.7127987743963371,0.0,32.0,26.85185185185185,0.0,0.0,0.0,0.0,96.0,708.0,36.0,22,0,0.5621198957428323,200.3896204896848,379.0,0.0,0.0,0.0,0.0,3
424.0,7.0,1.5587799817825938,0.0,0.0,0.0,0.0,0.0,202.0,4.0,0.8308038672776323,0.0,0.0,47.76190476190476,0.0,0.0,0.0,0.0,48.0,3332.0,22.0,22,0,0.5621198957428323,187.83237207680656,359.5,0.0,0.0,0.0,0.0,2
666.0,5.0,1.0401569831348658,0.0,0.0,0.0,0.0,0.0,32.0,3.0,0.4634135588234299,0.0,0.0,45.93103448275862,0.0,0.0,0.0,0.0,0.0,3454.0,0.0,23,0,0.5621198957428323,169.9048753469616,489.5,0.0,0.0,0.0,0.0,2
476.0,5.0,1.264163175506828,0.0,0.0,0.0,0.0,0.0,60.0,3.0,0.5905146653084488,0.0,16.0,37.47826086956522,0.0,0.0,0.0,0.0,80.0,5196.0,16.0,23,0,0.5621198957428323,108.5341728059258,537.5,0.0,0.0,0.0,0.0,2
716.0,7.0,1.28057681650376,0.0,0.0,0.0,0.0,0.0,46.0,1.0,-1.000088900581841e-12,0.0,0.0,42.766666666666666,0.0,0.0,0.0,0.0,0.0,5066.0,0.0,0,0,0.5621198957428323,142.22400172497805,570.5,0.0,0.0,0.0,0.0,4
598.0,4.0,0.502635339889692,0.0,0.0,0.0,0.0,0.0,2.0,1.0,-1.000088900581841e-12,2.0,0.0,61.23076923076923,0.0,0.0,0.0,0.0,0.0,224.0,0.0,0,0,0.5621198957428323,103.9358776682362,614.0,0.0,0.0,0.0,0.0,3
716.0,1.0,-1.000088900581841e-12,0.0,0.0,0.0,0.0,0.0,0.0,0.0,0.0,0.0,0.0,86.26666666666667,0.0,0.0,0.0,0.0,0.0,0.0,0.0,1,0,0.5621198957428323,114.72140166507684,626.5,0.0,0.0,0.0,0.0,2
90.0,1.0,-1.000088900581841e-12,0.0,0.0,0.0,0.0,0.0,0.0,0.0,0.0,0.0,0.0,97.8,0.0,0.0,0.0,0.0,0.0,0.0,0.0,1,0,0.5621198957428323,298.5609932102092,530.0,0.0,0.0,0.0,0.0,2
0.0,0.0,0.0,0.0,0.0,0.0,0.0,0.0,0.0,0.0,0.0,0.0,0.0,100.0,0.0,0.0,0.0,0.0,0.0,0.0,0.0,2,0,0.5621198957428323,358.4950022896645,351.0,0.0,0.0,0.0,0.0,2
0.0,0.0,0.0,0.0,0.0,0.0,0.0,0.0,0.0,0.0,0.0,0.0,0.0,100.0,0.0,0.0,0.0,0.0,0.0,0.0,0.0,2,0,0.5621198957428323,345.6139464778583,201.5,0.0,0.0,0.0,0.0,2
0.0,0.0,0.0,0.0,0.0,0.0,0.0,0.0,0.0,0.0,0.0,0.0,0.0,100.0,0.0,0.0,0.0,0.0,0.0,0.0,0.0,3,0,0.5621198957428323,44.99999999999871,22.5,0.0,0.0,0.0,0.0,2
0.0,0.0,0.0,0.0,0.0,0.0,0.0,0.0,0.0,0.0,0.0,0.0,0.0,100.0,0.0,0.0,0.0,0.0,0.0,0.0,0.0,3,0,0.5621198957428323,0.0,0.0,0.0,0.0,0.0,0.0,2
0.0,0.0,0.0,0.0,0.0,0.0,0.0,0.0,0.0,0.0,0.0,0.0,0.0,100.0,0.0,0.0,0.0,0.0,0.0,0.0,0.0,4,0,0.5621198957428323,0.0,0.0,0.0,0.0,0.0,0.0,2
0.0,0.0,0.0,0.0,0.0,0.0,0.0,0.0,0.0,0.0,0.0,0.0,0.0,100.0,0.0,0.0,0.0,0.0,0.0,0.0,0.0,4,0,0.5621198957428323,0.0,0.0,0.0,0.0,0.0,0.0,2
0.0,0.0,0.0,0.0,0.0,0.0,0.0,0.0,4.0,1.0,-1.000088900581841e-12,0.0,0.0,100.0,0.0,0.0,0.0,0.0,0.0,0.0,0.0,5,0,0.5621198957428323,0.0,0.0,0.0,0.0,0.0,0.0,2
0.0,0.0,0.0,0.0,0.0,0.0,0.0,0.0,0.0,0.0,0.0,0.0,0.0,100.0,0.0,0.0,0.0,0.0,0.0,0.0,0.0,5,0,0.5621198957428323,0.0,0.0,0.0,0.0,0.0,0.0,2
0.0,0.0,0.0,0.0,0.0,0.0,0.0,0.0,0.0,0.0,0.0,0.0,0.0,100.0,0.0,0.0,0.0,0.0,0.0,0.0,0.0,6,0,0.5621198957428323,0.0,0.0,0.0,0.0,0.0,0.0,2
0.0,0.0,0.0,0.0,0.0,0.0,0.0,0.0,0.0,0.0,0.0,0.0,0.0,100.0,0.0,0.0,0.0,0.0,0.0,0.0,0.0,6,0,0.5621198957428323,0.0,0.0,0.0,0.0,0.0,0.0,2
0.0,0.0,0.0,0.0,0.0,0.0,0.0,0.0,0.0,0.0,0.0,0.0,0.0,100.0,0.0,0.0,0.0,0.0,0.0,0.0,0.0,7,0,0.5621198957428323,0.0,0.0,0.0,0.0,0.0,0.0,2
0.0,0.0,0.0,0.0,0.0,0.0,0.0,0.0,0.0,0.0,0.0,0.0,0.0,100.0,0.0,0.0,0.0,0.0,0.0,0.0,0.0,7,0,0.5621198957428323,0.0,0.0,0.0,0.0,0.0,0.0,2
88.0,1.0,-1.000088900581841e-12,0.0,0.0,0.0,0.0,0.0,8.0,1.0,-1.000088900581841e-12,0.0,0.0,100.0,0.0,0.0,0.0,0.0,32.0,0.0,0.0,8,1,0.5621198957428323,43.99999999999868,22.0,0.0,0.0,0.0,0.0,2
518.0,10.0,1.882335983940279,0.0,0.0,0.0,0.0,0.0,552.0,8.0,0.4312732892810065,0.0,0.0,99.84,0.0,0.0,0.0,0.0,216.0,5150.0,54.0,8,1,0.5621198957428323,247.8299147937281,151.5,0.0,0.0,0.0,0.0,3
228.0,6.0,1.4584888451539657,0.0,0.0,0.0,0.0,0.0,108.0,4.0,0.7888118690813251,0.0,0.0,96.86666666666666,0.0,0.0,0.0,0.0,72.0,1494.0,28.0,9,1,0.5621198957428323,226.6884793426136,208.5,0.0,0.0,0.0,0.0,2
144.0,7.0,1.4777681759177397,0.0,0.0,0.0,0.0,0.0,144.0,4.0,0.9881292015928504,0.0,0.0,94.5,0.0,0.0,0.0,0.0,72.0,1572.0,22.0,9,1,0.5621198957428323,191.19536256579696,244.5,0.0,0.0,0.0,0.0,2
88.0,3.0,0.9681401876104274,0.0,0.0,0.0,0.0,0.0,96.0,5.0,1.1031620566876834,0.0,0.0,92.4,0.0,0.0,0.0,0.0,54.0,258.0,20.0,10,1,0.5621198957428323,191.19536256579696,244.5,0.0,0.0,0.0,0.0,2
216.0,5.0,1.003353761058802,0.0,0.0,0.0,0.0,0.0,174.0,3.0,0.6367833516511584,0.0,0.0,89.9375,0.0,0.0,0.0,0.0,234.0,1046.0,96.0,10,1,0.5621198957428323,65.51335741663588,169.0,0.0,0.0,0.0,0.0,2
284.0,6.0,1.5532885826044789,0.0,0.0,0.0,0.0,0.0,94.0,3.0,0.641338449517451,0.0,0.0,85.55555555555556,0.0,0.0,0.0,0.0,234.0,1818.0,30.0,11,1,0.5621198957428323,85.31510221916484,183.0,0.0,0.0,0.0,0.0,2
244.0,7.0,1.6547530715022114,0.0,0.0,0.0,0.0,0.0,78.0,3.0,0.8511851048664344,0.0,0.0,72.5,0.0,0.0,0.0,0.0,270.0,1462.0,88.0,12,1,0.5621198957428323,154.54017816304776,324.0,0.0,0.0,0.0,0.0,1
104.0,7.0,1.6498240176692276,0.0,0.0,0.0,0.0,0.0,84.0,4.0,0.9089793183403556,0.0,0.0,67.84615384615384,0.0,0.0,0.0,0.0,162.0,734.0,54.0,12,1,0.5621198957428323,187.30367499509063,296.0,0.0,0.0,0.0,0.0,3
114.0,6.0,1.3860467046184186,0.0,0.0,0.0,0.0,0.0,64.0,5.0,1.3192213508820645,0.0,0.0,64.45454545454545,0.0,0.0,0.0,0.0,198.0,206.0,84.0,13,1,0.5621198957428323,208.9680996388361,253.5,0.0,0.0,0.0,0.0,2
604.0,4.0,0.3256449452426705,0.0,0.0,0.0,0.0,0.0,2.0,1.0,-1.000088900581841e-12,2.0,0.0,51.888888888888886,0.0,0.0,0.0,0.0,0.0,204.0,0.0,0,0,0.5621198957428323,237.49245602053665,296.0,0.0,0.0,0.0,0.0,3
716.0,1.0,-1.000088900581841e-12,0.0,0.0,0.0,0.0,0.0,0.0,0.0,0.0,0.0,0.0,80.93333333333334,0.0,0.0,0.0,0.0,0.0,0.0,0.0,1,0,0.5621198957428323,267.7735361581994,449.0,0.0,0.0,0.0,0.0,2
52.0,1.0,-1.000088900581841e-12,0.0,0.0,0.0,0.0,0.0,0.0,0.0,0.0,0.0,0.0,95.86666666666666,0.0,0.0,0.0,0.0,0.0,0.0,0.0,1,0,0.5621198957428323,294.12639006612994,433.5,0.0,0.0,0.0,0.0,2
0.0,0.0,0.0,0.0,0.0,0.0,0.0,0.0,0.0,0.0,0.0,0.0,0.0,99.93333333333334,0.0,0.0,0.0,0.0,0.0,0.0,0.0,2,0,0.5621198957428323,369.4951510732808,343.0,0.0,0.0,0.0,0.0,2
0.0,0.0,0.0,0.0,0.0,0.0,0.0,0.0,0.0,0.0,0.0,0.0,0.0,100.0,0.0,0.0,0.0,0.0,0.0,0.0,0.0,2,0,0.5621198957428323,350.1923281093784,192.0,0.0,0.0,0.0,0.0,2
0.0,0.0,0.0,0.0,0.0,0.0,0.0,0.0,0.0,0.0,0.0,0.0,0.0,100.0,0.0,0.0,0.0,0.0,0.0,0.0,0.0,3,0,0.5621198957428323,25.99999999999752,13.0,0.0,0.0,0.0,0.0,2
0.0,0.0,0.0,0.0,0.0,0.0,0.0,0.0,0.0,0.0,0.0,0.0,0.0,100.0,0.0,0.0,0.0,0.0,0.0,0.0,0.0,3,0,0.5621198957428323,0.0,0.0,0.0,0.0,0.0,0.0,2
0.0,0.0,0.0,0.0,0.0,0.0,0.0,0.0,0.0,0.0,0.0,0.0,0.0,100.0,0.0,0.0,0.0,0.0,0.0,0.0,0.0,4,0,0.5621198957428323,0.0,0.0,0.0,0.0,0.0,0.0,2
0.0,0.0,0.0,0.0,0.0,0.0,0.0,0.0,0.0,0.0,0.0,0.0,0.0,100.0,0.0,0.0,0.0,0.0,0.0,0.0,0.0,4,0,0.5621198957428323,0.0,0.0,0.0,0.0,0.0,0.0,2
0.0,0.0,0.0,0.0,0.0,0.0,0.0,0.0,0.0,0.0,0.0,0.0,0.0,100.0,0.0,0.0,0.0,0.0,0.0,0.0,0.0,5,0,0.5621198957428323,0.0,0.0,0.0,0.0,0.0,0.0,2
0.0,0.0,0.0,0.0,0.0,0.0,0.0,0.0,0.0,0.0,0.0,0.0,0.0,100.0,0.0,0.0,0.0,0.0,0.0,0.0,0.0,5,0,0.5621198957428323,0.0,0.0,0.0,0.0,0.0,0.0,2
0.0,0.0,0.0,0.0,0.0,0.0,0.0,0.0,0.0,0.0,0.0,0.0,0.0,100.0,0.0,0.0,0.0,0.0,0.0,0.0,0.0,6,0,0.5621198957428323,0.0,0.0,0.0,0.0,0.0,0.0,2
0.0,0.0,0.0,0.0,0.0,0.0,0.0,0.0,0.0,0.0,0.0,0.0,0.0,100.0,0.0,0.0,0.0,0.0,0.0,0.0,0.0,6,0,0.5621198957428323,0.0,0.0,0.0,0.0,0.0,0.0,2
0.0,0.0,0.0,0.0,0.0,0.0,0.0,0.0,0.0,0.0,0.0,0.0,0.0,100.0,0.0,0.0,0.0,0.0,0.0,0.0,0.0,7,0,0.5621198957428323,0.0,0.0,0.0,0.0,0.0,0.0,2
0.0,0.0,0.0,0.0,0.0,0.0,0.0,0.0,0.0,0.0,0.0,0.0,0.0,100.0,0.0,0.0,0.0,0.0,0.0,0.0,0.0,7,0,0.5621198957428323,0.0,0.0,0.0,0.0,0.0,0.0,2
0.0,0.0,0.0,0.0,0.0,0.0,0.0,0.0,0.0,0.0,0.0,0.0,0.0,100.0,0.0,0.0,0.0,0.0,0.0,0.0,0.0,8,1,0.5621198957428323,0.0,0.0,0.0,0.0,0.0,0.0,2
0.0,0.0,0.0,0.0,0.0,0.0,0.0,0.0,0.0,0.0,0.0,0.0,0.0,100.0,0.0,0.0,0.0,0.0,8.0,0.0,0.0,8,1,0.5621198957428323,0.0,0.0,0.0,0.0,0.0,0.0,2
58.0,1.0,-1.000088900581841e-12,0.0,0.0,0.0,0.0,0.0,8.0,1.0,-1.000088900581841e-12,0.0,0.0,100.0,0.0,0.0,0.0,0.0,8.0,0.0,0.0,9,1,0.5621198957428323,28.99999999999777,14.5,0.0,0.0,0.0,0.0,2
436.0,7.0,1.5592753181923569,0.0,0.0,0.0,0.0,0.0,70.0,6.0,1.2630421914251344,0.0,0.0,100.0,0.0,0.0,0.0,0.0,20.0,1318.0,8.0,9,1,0.5621198957428323,210.1198070942699,123.5,0.0,0.0,0.0,0.0,2
276.0,6.0,1.2183689310471446,0.0,0.0,0.0,0.0,0.0,6.0,1.0,-1.000088900581841e-12,0.0,0.0,100.0,0.0,0.0,0.0,0.0,12.0,1366.0,8.0,10,1,0.5621198957428323,201.17239704624788,192.5,0.0,0.0,0.0,0.0,3
676.0,8.0,1.5903058838350914,0.0,0.0,0.0,0.0,0.0,40.0,3.0,0.9433483923260392,0.0,0.0,96.58620689655172,0.0,0.0,0.0,0.0,8.0,2468.0,4.0,10,1,0.5621198957428323,260.6933063966159,361.5,0.0,0.0,0.0,0.0,3
40.0,2.0,0.1985152433438726,0.0,0.0,0.0,0.0,0.0,32.0,2.0,0.2337916587044593,0.0,0.0,92.0,0.0,0.0,0.0,0.0,0.0,0.0,0.0,11,1,0.5621198957428323,267.73867856549947,357.0,0.0,0.0,0.0,0.0,3
64.0,2.0,0.3111291548098491,0.0,0.0,0.0,0.0,0.0,22.0,2.0,0.6554817738993928,0.0,0.0,90.375,0.0,0.0,0.0,0.0,8.0,100.0,4.0,11,1,0.5621198957428323,294.42825951324687,264.0,0.0,0.0,0.0,0.0,3
162.0,3.0,1.080007507382046,0.0,0.0,0.0,0.0,0.0,108.0,3.0,0.5718327393953101,0.0,0.0,88.07692307692308,0.0,0.0,0.0,0.0,16.0,882.0,10.0,12,1,0.5621198957428323,298.3705749567136,235.5,0.0,0.0,0.0,0.0,3
342.0,5.0,1.1106069710397448,0.0,0.0,0.0,0.0,0.0,36.0,4.0,1.223575654134956,0.0,0.0,84.72222222222223,0.0,0.0,0.0,0.0,8.0,650.0,4.0,12,1,0.5621198957428323,137.22001797599785,152.0,0.0,0.0,0.0,0.0,3
88.0,3.0,0.41091505110763,0.0,0.0,0.0,0.0,0.0,36.0,2.0,0.6869615765953234,0.0,0.0,80.72727272727273,0.0,0.0,0.0,0.0,16.0,72.0,8.0,13,1,0.5621198957428323,125.78288171819398,164.0,0.0,0.0,0.0,0.0,3
178.0,4.0,1.1276256845491033,0.0,0.0,0.0,0.0,0.0,62.0,2.0,0.4913274484485221,0.0,0.0,79.61538461538461,0.0,0.0,0.0,0.0,16.0,608.0,10.0,13,1,0.5621198957428323,107.09964207845503,192.5,0.0,0.0,0.0,0.0,2
494.0,6.0,1.196034824597389,0.0,0.0,0.0,0.0,0.0,116.0,4.0,0.8762605453578011,0.0,0.0,75.41666666666667,0.0,0.0,0.0,0.0,12.0,2206.0,8.0,14,1,0.5621198957428323,179.65429765710175,275.5,0.0,0.0,0.0,0.0,3
712.0,6.0,0.8708846941353732,0.0,0.0,0.0,0.0,0.0,64.0,2.0,0.3111291548098491,0.0,0.0,67.36666666666666,0.0,0.0,0.0,0.0,4.0,3652.0,4.0,14,1,0.5621198957428323,287.9305471810864,368.0,0.0,0.0,0.0,0.0,3
372.0,5.0,0.912729615240942,0.0,0.0,0.0,0.0,0.0,120.0,2.0,0.4505612088643047,0.0,0.0,60.89473684210526,0.0,0.0,0.0,0.0,32.0,5048.0,12.0,15,1,0.5621198957428323,223.72900273917665,439.0,0.0,0.0,0.0,0.0,3
104.0,2.0,0.2711893730398441,0.0,0.0,0.0,0.0,0.0,20.0,2.0,0.6730116670072565,0.0,0.0,57.54545454545455,0.0,0.0,0.0,0.0,12.0,14.0,8.0,15,1,0.5621198957428323,253.5737893920949,420.5,0.0,0.0,0.0,0.0,3
76.0,2.0,0.336495757581516,0.0,0.0,0.0,0.0,0.0,36.0,3.0,1.036627968855607,0.0,0.0,56.22222222222222,0.0,0.0,0.0,0.0,12.0,156.0,6.0,16,1,0.5621198957428323,295.8017354017155,316.0,0.0,0.0,0.0,0.0,3
88.0,3.0,1.0818511246976643,0.0,0.0,0.0,0.0,0.0,40.0,2.0,0.6730116670072565,0.0,0.0,54.7,0.0,0.0,0.0,0.0,24.0,334.0,14.0,16,1,0.5621198957428323,141.7979783588839,160.0,0.0,0.0,0.0,0.0,3
86.0,4.0,1.16648478952206,0.0,0.0,0.0,0.0,0.0,44.0,2.0,0.6890092384746587,0.0,0.0,51.2,0.0,0.0,0.0,0.0,20.0,242.0,12.0,17,1,0.5621198957428323,11.590225767135742,88.5,0.0,0.0,0.0,0.0,2
190.0,5.0,1.3294434832553677,0.0,0.0,0.0,0.0,0.0,140.0,3.0,0.7513170510870059,0.0,0.0,47.23529411764706,0.0,0.0,0.0,0.0,72.0,444.0,30.0,17,1,0.5621198957428323,53.59104402789559,110.0,0.0,0.0,0.0,0.0,2
134.0,3.0,0.6864601306855764,0.0,0.0,0.0,0.0,0.0,10.0,1.0,-1.000088900581841e-12,0.0,0.0,42.6,0.0,0.0,0.0,0.0,16.0,334.0,8.0,18,1,0.5621198957428323,48.97278155601515,124.5,0.0,0.0,0.0,0.0,2
72.0,3.0,0.9116583805425456,0.0,0.0,0.0,0.0,0.0,24.0,3.0,1.0114042647043515,0.0,0.0,38.333333333333336,0.0,0.0,0.0,0.0,12.0,316.0,8.0,18,1,0.5621198957428323,53.400998742219336,120.5,0.0,0.0,0.0,0.0,2
86.0,2.0,0.6600602334135768,0.0,0.0,0.0,0.0,0.0,30.0,2.0,0.3926744672255522,0.0,0.0,37.0,0.0,0.0,0.0,0.0,4.0,256.0,2.0,19,1,0.5621198957428323,53.400998742219336,120.5,0.0,0.0,0.0,0.0,2
212.0,5.0,1.5525608735950915,0.0,0.0,0.0,0.0,0.0,58.0,4.0,1.1743548802319643,0.0,0.0,34.642857142857146,0.0,0.0,0.0,0.0,12.0,560.0,6.0,19,1,0.5621198957428323,63.18227599572402,126.0,0.0,0.0,0.0,0.0,3
268.0,5.0,1.208223223560832,0.0,0.0,0.0,0.0,0.0,158.0,4.0,0.3455786065015433,0.0,0.0,31.0,0.0,0.0,0.0,0.0,8.0,1016.0,6.0,20,1,0.5621198957428323,95.89403874416028,159.5,0.0,0.0,0.0,0.0,4
120.0,3.0,0.6645080771310211,0.0,0.0,0.0,0.0,0.0,36.0,3.0,0.4258484492355814,0.0,0.0,25.8,0.0,0.0,0.0,0.0,4.0,382.0,0.0,20,1,0.5621198957428323,83.4965069129632,171.5,0.0,0.0,0.0,0.0,3
172.0,4.0,0.7935992694123133,0.0,0.0,0.0,0.0,0.0,32.0,4.0,1.2130075659759043,0.0,0.0,23.75,0.0,0.0,0.0,0.0,20.0,96.0,12.0,21,0,0.5621198957428323,62.599254521651545,193.0,0.0,0.0,0.0,0.0,3
102.0,4.0,1.1368372244140377,0.0,0.0,0.0,0.0,0.0,48.0,5.0,1.0408500236164475,0.0,0.0,21.363636363636363,0.0,0.0,0.0,0.0,8.0,58.0,4.0,21,0,0.5621198957428323,74.50055928201598,165.5,0.0,0.0,0.0,0.0,3
258.0,7.0,1.3528096607639322,0.0,0.0,0.0,0.0,0.0,70.0,5.0,1.4295237062956312,0.0,0.0,17.875,0.0,0.0,0.0,0.0,20.0,486.0,12.0,22,0,0.5621198957428323,69.94283380018173,163.0,0.0,0.0,0.0,0.0,3
134.0,5.0,1.4650186319198877,0.0,0.0,0.0,0.0,0.0,110.0,5.0,0.9908830919729862,0.0,0.0,13.625,0.0,0.0,0.0,0.0,12.0,958.0,10.0,22,0,0.5621198957428323,67.37704851554801,166.5,0.0,0.0,0.0,0.0,3
0.0,0.0,0.0,0.0,0.0,0.0,0.0,0.0,0.0,0.0,0.0,0.0,2.0,0.0,0.0,0.0,0.0,0.0,10.0,328.0,8.0,23,0,0.5621198957428323,106.32497354807968,123.5,0.0,0.0,0.0,0.0,3
556.0,10.0,1.6413518816556227,0.0,0.0,0.0,0.0,0.0,102.0,4.0,0.8307252698293097,2.0,0.0,19.73913043478261,0.0,0.0,0.0,0.0,4.0,870.0,4.0,23,0,0.5621198957428323,237.332397001898,237.0,0.0,0.0,0.0,0.0,3
670.0,1.0,-1.000088900581841e-12,0.0,0.0,0.0,0.0,0.0,0.0,0.0,0.0,0.0,0.0,43.55172413793103,0.0,0.0,0.0,0.0,0.0,0.0,0.0,0,0,0.5621198957428323,323.3120267893951,340.0,0.0,0.0,0.0,0.0,3
616.0,1.0,-1.000088900581841e-12,0.0,0.0,0.0,0.0,0.0,0.0,0.0,0.0,0.0,0.0,76.46666666666667,0.0,0.0,0.0,0.0,0.0,0.0,0.0,0,0,0.5621198957428323,310.51086937497024,460.5,0.0,0.0,0.0,0.0,3
0.0,0.0,0.0,0.0,0.0,0.0,0.0,0.0,0.0,0.0,0.0,0.0,0.0,94.53333333333332,0.0,0.0,0.0,0.0,0.0,0.0,0.0,1,0,0.5621198957428323,310.51086937497024,460.5,0.0,0.0,0.0,0.0,4
0.0,0.0,0.0,0.0,0.0,0.0,0.0,0.0,0.0,0.0,0.0,0.0,0.0,99.86666666666666,0.0,0.0,0.0,0.0,0.0,0.0,0.0,1,0,0.5621198957428323,371.8902167755064,321.5,0.0,0.0,0.0,0.0,4
0.0,0.0,0.0,0.0,0.0,0.0,0.0,0.0,0.0,0.0,0.0,0.0,0.0,100.0,0.0,0.0,0.0,0.0,0.0,0.0,0.0,2,0,0.5621198957428323,307.9999999999997,154.0,0.0,0.0,0.0,0.0,4
0.0,0.0,0.0,0.0,0.0,0.0,0.0,0.0,0.0,0.0,0.0,0.0,0.0,100.0,0.0,0.0,0.0,0.0,0.0,0.0,0.0,2,0,0.5621198957428323,0.0,0.0,0.0,0.0,0.0,0.0,4
0.0,0.0,0.0,0.0,0.0,0.0,0.0,0.0,0.0,0.0,0.0,0.0,0.0,100.0,0.0,0.0,0.0,0.0,0.0,0.0,0.0,3,0,0.5621198957428323,0.0,0.0,0.0,0.0,0.0,0.0,4
0.0,0.0,0.0,0.0,0.0,0.0,0.0,0.0,0.0,0.0,0.0,0.0,0.0,100.0,0.0,0.0,0.0,0.0,0.0,0.0,0.0,3,0,0.5621198957428323,0.0,0.0,0.0,0.0,0.0,0.0,4
0.0,0.0,0.0,0.0,0.0,0.0,0.0,0.0,0.0,0.0,0.0,0.0,0.0,100.0,0.0,0.0,0.0,0.0,0.0,0.0,0.0,4,0,0.5621198957428323,0.0,0.0,0.0,0.0,0.0,0.0,4
0.0,0.0,0.0,0.0,0.0,0.0,0.0,0.0,0.0,0.0,0.0,0.0,0.0,100.0,0.0,0.0,0.0,0.0,4.0,0.0,0.0,4,0,0.5621198957428323,0.0,0.0,0.0,0.0,0.0,0.0,4
0.0,0.0,0.0,0.0,0.0,0.0,0.0,0.0,0.0,0.0,0.0,0.0,0.0,100.0,0.0,0.0,0.0,0.0,0.0,0.0,0.0,5,0,0.5621198957428323,0.0,0.0,0.0,0.0,0.0,0.0,4
0.0,0.0,0.0,0.0,0.0,0.0,0.0,0.0,0.0,0.0,0.0,0.0,0.0,100.0,0.0,0.0,0.0,0.0,0.0,0.0,0.0,5,0,0.5621198957428323,0.0,0.0,0.0,0.0,0.0,0.0,4
0.0,0.0,0.0,0.0,0.0,0.0,0.0,0.0,0.0,0.0,0.0,0.0,0.0,100.0,0.0,0.0,0.0,0.0,4.0,0.0,0.0,6,0,0.5621198957428323,0.0,0.0,0.0,0.0,0.0,0.0,4
246.0,4.0,1.1307929641041536,0.0,0.0,0.0,0.0,0.0,38.0,3.0,0.9932682101469608,0.0,0.0,100.0,0.0,0.0,0.0,0.0,16.0,558.0,8.0,6,0,0.5621198957428323,122.99999999999936,61.5,0.0,0.0,0.0,0.0,4
180.0,5.0,1.2773803467119516,0.0,0.0,0.0,0.0,0.0,22.0,2.0,0.4741393130558373,0.0,0.0,100.0,0.0,0.0,0.0,0.0,48.0,440.0,20.0,7,0,0.5621198957428323,125.89281155014312,106.5,0.0,0.0,0.0,0.0,4
180.0,4.0,1.102314405855811,0.0,0.0,0.0,0.0,0.0,34.0,3.0,0.803742107313203,0.0,0.0,98.85714285714286,0.0,0.0,6.0,0.0,56.0,280.0,26.0,7,0,0.5621198957428323,105.6834897228505,151.5,0.0,0.0,0.0,0.0,3
12.0,1.0,-1.000088900581841e-12,0.0,0.0,0.0,0.0,0.0,2.0,1.0,-1.000088900581841e-12,0.0,0.0,97.0,0.0,0.0,0.0,0.0,0.0,0.0,0.0,8,1,0.5621198957428323,99.96499387285454,154.5,0.0,0.0,0.0,0.0,2
16.0,1.0,-1.000088900581841e-12,0.0,0.0,0.0,0.0,0.0,0.0,0.0,0.0,0.0,0.0,96.0,0.0,0.0,0.0,0.0,8.0,0.0,0.0,8,1,0.5621198957428323,95.85405573057326,97.0,0.0,0.0,0.0,0.0,2
0.0,0.0,0.0,0.0,0.0,0.0,0.0,0.0,0.0,0.0,0.0,0.0,0.0,95.5,0.0,0.0,0.0,0.0,0.0,0.0,0.0,9,1,0.5621198957428323,85.60373823612987,52.0,0.0,0.0,0.0,0.0,2
0.0,0.0,0.0,0.0,0.0,0.0,0.0,0.0,18.0,1.0,-1.000088900581841e-12,0.0,0.0,94.83333333333331,0.0,0.0,0.0,0.0,0.0,0.0,0.0,9,1,0.5621198957428323,8.24621125122586,7.0,0.0,0.0,0.0,0.0,3
232.0,4.0,1.156371055721971,0.0,0.0,0.0,0.0,0.0,86.0,3.0,0.5110317761606021,0.0,0.0,93.21428571428572,0.0,0.0,0.0,0.0,24.0,1502.0,8.0,10,1,0.5621198957428323,113.58403643705032,62.0,0.0,0.0,0.0,0.0,2
48.0,1.0,-1.000088900581841e-12,0.0,0.0,0.0,0.0,0.0,20.0,2.0,0.6730116670072565,0.0,0.0,90.42857142857144,0.0,0.0,0.0,0.0,24.0,8.0,8.0,10,1,0.5621198957428323,110.34491379306904,70.0,0.0,0.0,0.0,0.0,3
12.0,1.0,-1.000088900581841e-12,0.0,0.0,0.0,0.0,0.0,0.0,0.0,0.0,0.0,0.0,89.16666666666667,0.0,0.0,0.0,0.0,0.0,0.0,0.0,11,1,0.5621198957428323,107.94443014810834,73.0,0.0,0.0,0.0,0.0,3
2.0,1.0,-1.000088900581841e-12,0.0,0.0,0.0,0.0,0.0,0.0,0.0,0.0,0.0,0.0,88.16666666666667,6.0,0.0,0.0,0.0,0.0,0.0,0.0,11,1,0.5621198957428323,107.49728678746506,73.5,0.0,0.0,0.0,0.0,3
0.0,0.0,0.0,0.0,0.0,0.0,0.0,0.0,0.0,0.0,0.0,0.0,0.0,88.0,0.0,0.0,0.0,0.0,0.0,0.0,0.0,12,1,0.5621198957428323,22.2934968096044,15.5,0.0,0.0,0.0,0.0,2
0.0,0.0,0.0,0.0,0.0,0.0,0.0,0.0,4.0,1.0,-1.000088900581841e-12,0.0,0.0,87.33333333333333,4.0,0.0,0.0,0.0,0.0,0.0,0.0,12,1,0.5621198957428323,5.74456264652423,3.5,0.0,0.0,0.0,0.0,3
54.0,3.0,0.7193290272031971,0.0,0.0,0.0,0.0,0.0,16.0,3.0,1.039720770836918,0.0,0.0,81.625,0.0,0.0,0.0,0.0,10.0,132.0,2.0,13,1,0.5621198957428323,115.83177456984694,74.5,0.0,0.0,0.0,0.0,2
686.0,6.0,1.2710760514722454,0.0,0.0,0.0,0.0,0.0,32.0,5.0,1.4244427784986178,0.0,0.0,75.56666666666666,0.0,0.0,0.0,0.0,10.0,4118.0,2.0,14,1,0.5621198957428323,311.4396677795982,246.0,0.0,0.0,0.0,0.0,2
288.0,6.0,1.4238380607422392,0.0,0.0,0.0,0.0,0.0,62.0,2.0,0.692626798922835,0.0,0.0,67.94117647058823,0.0,8.0,0.0,6.0,110.0,846.0,48.0,14,1,0.5621198957428323,265.5158501232394,318.0,0.0,0.0,0.0,0.0,2
442.0,7.0,1.2934526537627238,0.0,0.0,0.0,0.0,0.0,30.0,2.0,0.6909233093118181,0.0,0.0,62.90909090909091,0.0,0.0,0.0,0.0,20.0,1948.0,10.0,15,1,0.5621198957428323,265.57798603548923,367.5,0.0,0.0,0.0,0.0,3
12.0,1.0,-1.000088900581841e-12,0.0,0.0,0.0,0.0,0.0,8.0,1.0,-1.000088900581841e-12,0.0,0.0,59.16666666666666,0.0,0.0,0.0,0.0,0.0,0.0,0.0,15,1,0.5621198957428323,282.4016052834447,357.0,0.0,0.0,0.0,0.0,3
18.0,1.0,-1.000088900581841e-12,0.0,0.0,0.0,0.0,0.0,46.0,3.0,0.4702359623522493,0.0,0.0,58.285714285714285,0.0,0.0,0.0,0.0,20.0,10.0,6.0,16,1,0.5621198957428323,211.6412058177704,190.0,0.0,0.0,0.0,0.0,3
198.0,5.0,1.4218267874742585,0.0,0.0,0.0,0.0,0.0,26.0,3.0,0.9110175397095628,0.0,0.0,56.07692307692308,0.0,0.0,0.0,0.0,40.0,1086.0,12.0,16,1,0.5621198957428323,202.3289400950834,167.5,0.0,0.0,0.0,0.0,3
132.0,3.0,0.4106286283731023,0.0,0.0,0.0,0.0,0.0,34.0,2.0,0.2237180760638337,0.0,0.0,52.69230769230769,0.0,0.0,10.0,0.0,100.0,86.0,36.0,17,1,0.5621198957428323,90.7303697777092,90.0,0.0,0.0,0.0,0.0,3
12.0,1.0,-1.000088900581841e-12,0.0,0.0,0.0,0.0,0.0,0.0,0.0,0.0,0.0,0.0,50.66666666666666,0.0,0.0,0.0,0.0,0.0,0.0,0.0,17,1,0.5621198957428323,90.7303697777092,90.0,0.0,0.0,0.0,0.0,3
10.0,1.0,-1.000088900581841e-12,0.0,0.0,0.0,0.0,0.0,2.0,1.0,-1.000088900581841e-12,0.0,0.0,50.0,8.0,0.0,0.0,0.0,0.0,0.0,0.0,18,1,0.5621198957428323,92.90855719469464,88.0,0.0,0.0,0.0,0.0,3
0.0,0.0,0.0,0.0,0.0,0.0,0.0,0.0,18.0,1.0,-1.000088900581841e-12,0.0,0.0,50.0,0.0,0.0,0.0,0.0,0.0,0.0,0.0,18,1,0.5621198957428323,62.553976692132416,38.5,0.0,0.0,0.0,0.0,3
0.0,0.0,0.0,0.0,0.0,0.0,0.0,0.0,2.0,1.0,-1.000088900581841e-12,0.0,0.0,50.0,8.0,0.0,0.0,0.0,0.0,0.0,0.0,19,1,0.5621198957428323,6.40312423742076,5.5,0.0,0.0,0.0,0.0,3
0.0,0.0,0.0,0.0,0.0,0.0,0.0,0.0,8.0,1.0,-1.000088900581841e-12,0.0,0.0,49.0,0.0,0.0,0.0,0.0,0.0,0.0,0.0,19,1,0.5621198957428323,4.999999999984517,2.5,0.0,0.0,0.0,0.0,3
0.0,0.0,0.0,0.0,0.0,0.0,0.0,0.0,24.0,2.0,0.2868359830541607,0.0,0.0,48.5,0.0,0.0,0.0,0.0,0.0,0.0,0.0,20,1,0.5621198957428323,0.0,0.0,0.0,0.0,0.0,0.0,2
216.0,6.0,1.520633539467625,0.0,0.0,0.0,0.0,0.0,68.0,9.0,1.632145204756977,0.0,0.0,45.9375,0.0,10.0,0.0,10.0,116.0,864.0,24.0,20,1,0.5621198957428323,107.99999999999928,54.0,0.0,0.0,0.0,0.0,2
202.0,5.0,1.4779874436509215,0.0,0.0,0.0,0.0,0.0,42.0,3.0,0.8359373644868986,0.0,0.0,42.92857142857143,0.0,0.0,0.0,0.0,36.0,798.0,10.0,21,0,0.5621198957428323,120.80149005703468,104.5,0.0,0.0,0.0,0.0,3
362.0,6.0,1.0401914577278126,0.0,0.0,0.0,0.0,0.0,54.0,4.0,1.0814923658373694,0.0,0.0,38.35,0.0,0.0,0.0,0.0,48.0,3448.0,24.0,21,0,0.5621198957428323,148.77723840247376,195.0,0.0,0.0,0.0,0.0,3
668.0,9.0,1.3833851257891447,0.0,0.0,0.0,0.0,0.0,108.0,5.0,0.8936738745146509,0.0,0.0,30.4,0.0,0.0,0.0,0.0,36.0,1906.0,12.0,22,0,0.5621198957428323,216.4501482250971,362.0,0.0,0.0,0.0,0.0,3
560.0,5.0,1.0429896514222858,0.0,0.0,0.0,0.0,0.0,32.0,4.0,1.124670289233617,0.0,0.0,22.041666666666668,0.0,0.0,0.0,0.0,0.0,1440.0,0.0,22,0,0.5621198957428323,207.24864293886185,448.0,0.0,0.0,0.0,0.0,3
390.0,4.0,0.7864546397508676,0.0,0.0,0.0,0.0,0.0,24.0,2.0,0.5623351446168083,0.0,0.0,13.944444444444445,0.0,0.0,0.0,0.0,24.0,830.0,10.0,23,0,0.5621198957428323,144.76187343358,495.0,0.0,0.0,0.0,0.0,3
598.0,4.0,0.4189965898596526,0.0,0.0,0.0,0.0,0.0,2.0,1.0,-1.000088900581841e-12,2.0,0.0,37.26923076923077,0.0,0.0,0.0,0.0,4.0,276.0,0.0,0,0,0.5621198957428323,90.88270829297784,520.5,0.0,0.0,0.0,0.0,3
716.0,1.0,-1.000088900581841e-12,0.0,0.0,0.0,0.0,0.0,0.0,0.0,0.0,0.0,0.0,70.76666666666667,0.0,0.0,0.0,0.0,0.0,0.0,0.0,1,0,0.5621198957428323,135.8369120182968,559.5,0.0,0.0,0.0,0.0,2
76.0,1.0,-1.000088900581841e-12,0.0,0.0,0.0,0.0,0.0,0.0,0.0,0.0,0.0,0.0,93.16666666666669,0.0,0.0,0.0,0.0,0.0,0.0,0.0,1,0,0.5621198957428323,280.32600069680745,481.0,0.0,0.0,0.0,0.0,2
0.0,0.0,0.0,0.0,0.0,0.0,0.0,0.0,0.0,0.0,0.0,0.0,0.0,99.7,0.0,0.0,0.0,0.0,0.0,0.0,0.0,2,0,0.5621198957428323,361.9442866888031,347.5,0.0,0.0,0.0,0.0,2
0.0,0.0,0.0,0.0,0.0,0.0,0.0,0.0,0.0,0.0,0.0,0.0,0.0,100.0,0.0,0.0,0.0,0.0,0.0,0.0,0.0,2,0,0.5621198957428323,347.1867893032028,198.0,0.0,0.0,0.0,0.0,2
0.0,0.0,0.0,0.0,0.0,0.0,0.0,0.0,0.0,0.0,0.0,0.0,0.0,100.0,0.0,0.0,0.0,0.0,0.0,0.0,0.0,3,0,0.5621198957428323,37.99999999999779,19.0,0.0,0.0,0.0,0.0,2
0.0,0.0,0.0,0.0,0.0,0.0,0.0,0.0,0.0,0.0,0.0,0.0,0.0,100.0,0.0,0.0,0.0,0.0,0.0,0.0,0.0,3,0,0.5621198957428323,0.0,0.0,0.0,0.0,0.0,0.0,2
0.0,0.0,0.0,0.0,0.0,0.0,0.0,0.0,0.0,0.0,0.0,0.0,0.0,100.0,0.0,0.0,0.0,0.0,0.0,0.0,0.0,4,0,0.5621198957428323,0.0,0.0,0.0,0.0,0.0,0.0,2
0.0,0.0,0.0,0.0,0.0,0.0,0.0,0.0,0.0,0.0,0.0,0.0,0.0,100.0,0.0,0.0,0.0,0.0,0.0,0.0,0.0,4,0,0.5621198957428323,0.0,0.0,0.0,0.0,0.0,0.0,2
0.0,0.0,0.0,0.0,0.0,0.0,0.0,0.0,0.0,0.0,0.0,0.0,0.0,100.0,0.0,0.0,0.0,0.0,0.0,0.0,0.0,5,0,0.5621198957428323,0.0,0.0,0.0,0.0,0.0,0.0,2
0.0,0.0,0.0,0.0,0.0,0.0,0.0,0.0,0.0,0.0,0.0,0.0,0.0,100.0,0.0,0.0,0.0,0.0,0.0,0.0,0.0,5,0,0.5621198957428323,0.0,0.0,0.0,0.0,0.0,0.0,2
0.0,0.0,0.0,0.0,0.0,0.0,0.0,0.0,0.0,0.0,0.0,0.0,0.0,100.0,0.0,0.0,0.0,0.0,0.0,0.0,0.0,6,0,0.5621198957428323,0.0,0.0,0.0,0.0,0.0,0.0,2
0.0,0.0,0.0,0.0,0.0,0.0,0.0,0.0,0.0,0.0,0.0,0.0,0.0,100.0,0.0,0.0,0.0,0.0,0.0,0.0,0.0,6,0,0.5621198957428323,0.0,0.0,0.0,0.0,0.0,0.0,2
0.0,0.0,0.0,0.0,0.0,0.0,0.0,0.0,0.0,0.0,0.0,0.0,0.0,100.0,0.0,0.0,0.0,0.0,0.0,0.0,0.0,7,0,0.5621198957428323,0.0,0.0,0.0,0.0,0.0,0.0,2
0.0,0.0,0.0,0.0,0.0,0.0,0.0,0.0,0.0,0.0,0.0,0.0,0.0,100.0,0.0,0.0,0.0,0.0,0.0,0.0,0.0,7,0,0.5621198957428323,0.0,0.0,0.0,0.0,0.0,0.0,2
0.0,0.0,0.0,0.0,0.0,0.0,0.0,0.0,0.0,0.0,0.0,0.0,0.0,100.0,0.0,0.0,0.0,0.0,0.0,0.0,0.0,8,1,0.5621198957428323,0.0,0.0,0.0,0.0,0.0,0.0,2
0.0,0.0,0.0,0.0,0.0,0.0,0.0,0.0,0.0,0.0,0.0,0.0,0.0,100.0,0.0,0.0,0.0,0.0,0.0,0.0,0.0,8,1,0.5621198957428323,0.0,0.0,0.0,0.0,0.0,0.0,2
70.0,2.0,0.6894691997731603,0.0,0.0,0.0,0.0,0.0,52.0,7.0,1.5289448195635726,0.0,0.0,100.0,0.0,0.0,0.0,0.0,8.0,22.0,4.0,9,1,0.5621198957428323,34.9999999999976,17.5,0.0,0.0,0.0,0.0,2
672.0,9.0,1.490715588809841,0.0,0.0,0.0,0.0,0.0,140.0,6.0,0.698841685455817,0.0,0.0,100.0,0.0,0.0,0.0,0.0,22.0,2790.0,18.0,9,1,0.5621198957428323,326.00766862146025,185.5,0.0,0.0,0.0,0.0,3
646.0,8.0,1.7113154174871674,0.0,0.0,0.0,0.0,0.0,26.0,3.0,0.7902679680715903,0.0,0.0,98.0,0.0,0.0,0.0,0.0,12.0,1506.0,8.0,10,1,0.5621198957428323,361.5540531280671,347.0,0.0,0.0,0.0,0.0,4
168.0,3.0,0.7654478283389037,0.0,0.0,0.0,0.0,0.0,80.0,5.0,1.3029309929530104,0.0,0.0,67.38461538461539,0.0,0.0,2.0,0.0,12.0,28.0,12.0,12,1,0.5621198957428323,249.29433741396235,440.5,0.0,0.0,0.0,0.0,3
614.0,5.0,0.6269363802397219,0.0,0.0,0.0,0.0,0.0,118.0,6.0,0.8727905597232575,0.0,0.0,55.69230769230769,0.0,0.0,0.0,0.0,6.0,696.0,2.0,13,1,0.5621198957428323,191.73940648703345,339.0,0.0,0.0,0.0,0.0,4
720.0,4.0,0.4354151882872879,0.0,0.0,0.0,0.0,0.0,10.0,1.0,-1.000088900581841e-12,0.0,0.0,40.16666666666666,0.0,0.0,0.0,0.0,0.0,602.0,0.0,14,1,0.5621198957428323,225.88787779191068,475.0,0.0,0.0,0.0,0.0,3
718.0,3.0,0.1677335070939742,0.0,0.0,0.0,0.0,0.0,82.0,5.0,0.8057351141063664,0.0,0.0,27.466666666666665,0.0,0.0,0.0,0.0,4.0,50.0,2.0,15,1,0.5621198957428323,210.9344289899901,596.0,0.0,0.0,0.0,0.0,3
716.0,1.0,-1.000088900581841e-12,0.0,0.0,0.0,0.0,0.0,16.0,3.0,0.7356219397557947,0.0,0.0,31.1,0.0,0.0,0.0,0.0,2.0,0.0,0.0,16,1,0.5621198957428323,26.350205565292747,703.5,0.0,0.0,0.0,0.0,3
500.0,8.0,1.5508781453759086,0.0,0.0,0.0,0.0,0.0,54.0,7.0,1.738282922303873,0.0,0.0,44.583333333333336,0.0,0.0,0.0,0.0,4.0,704.0,4.0,17,1,0.5621198957428323,104.17293314484262,655.0,0.0,0.0,0.0,0.0,3
100.0,3.0,0.6784899938932452,0.0,0.0,0.0,0.0,0.0,402.0,4.0,0.3291203703990961,0.0,0.0,82.63636363636364,0.0,0.0,0.0,0.0,8.0,28.0,6.0,18,1,0.5621198957428323,245.83124292896508,420.5,0.0,0.0,0.0,0.0,3
352.0,5.0,0.9619414713341738,0.0,0.0,0.0,0.0,0.0,40.0,4.0,1.012663110381034,0.0,0.0,75.16666666666667,0.0,0.0,0.0,0.0,8.0,358.0,8.0,19,1,0.5621198957428323,130.2958172774546,287.5,0.0,0.0,0.0,0.0,3
12.0,1.0,-1.000088900581841e-12,0.0,0.0,0.0,0.0,0.0,6.0,2.0,0.6365141682928128,0.0,0.0,69.0,0.0,0.0,0.0,0.0,0.0,0.0,0.0,20,1,0.5621198957428323,164.64507280814644,189.0,0.0,0.0,0.0,0.0,3
174.0,5.0,1.4076991598326982,0.0,0.0,0.0,0.0,0.0,90.0,8.0,1.7565859908387664,0.0,0.0,64.38461538461539,0.0,0.0,0.0,0.0,16.0,322.0,10.0,21,0,0.5621198957428323,80.40522371089976,68.5,0.0,0.0,0.0,0.0,2
484.0,7.0,1.6846572379802809,0.0,0.0,0.0,0.0,0.0,182.0,7.0,0.7451608651713438,0.0,0.0,58.21739130434783,0.0,0.0,0.0,0.0,6.0,1430.0,6.0,22,0,0.5621198957428323,225.42626288877665,167.5,0.0,0.0,0.0,0.0,3
400.0,4.0,0.6525523407439,0.0,0.0,0.0,0.0,0.0,44.0,3.0,0.5763820666218934,0.0,0.0,43.85,0.0,0.0,0.0,0.0,2.0,1090.0,2.0,23,0,0.5621198957428323,206.0380223809831,305.5,0.0,0.0,0.0,0.0,3
540.0,3.0,0.7642751250713247,0.0,0.0,0.0,0.0,0.0,8.0,2.0,0.6931471805579453,0.0,0.0,30.916666666666668,0.0,0.0,0.0,0.0,8.0,986.0,4.0,0,0,0.5621198957428323,88.79001445357748,423.5,0.0,0.0,0.0,0.0,3
718.0,1.0,-1.000088900581841e-12,0.0,0.0,0.0,0.0,0.0,0.0,0.0,0.0,0.0,0.0,64.4,0.0,0.0,0.0,0.0,0.0,0.0,0.0,1,0,0.5621198957428323,142.08330889540298,600.5,0.0,0.0,0.0,0.0,2
0.0,0.0,0.0,0.0,0.0,0.0,0.0,0.0,0.0,0.0,0.0,0.0,0.0,81.0,0.0,0.0,0.0,0.0,0.0,0.0,0.0,2,0,0.5621198957428323,370.1940932357869,402.5,0.0,0.0,0.0,0.0,2
0.0,0.0,0.0,0.0,0.0,0.0,0.0,0.0,0.0,0.0,0.0,0.0,0.0,81.0,0.0,0.0,0.0,0.0,0.0,0.0,0.0,3,0,0.5621198957428323,87.99999999999882,44.0,0.0,0.0,0.0,0.0,2
0.0,0.0,0.0,0.0,0.0,0.0,0.0,0.0,0.0,0.0,0.0,0.0,0.0,82.1,0.0,0.0,0.0,0.0,0.0,0.0,0.0,4,0,0.5621198957428323,0.0,0.0,0.0,0.0,0.0,0.0,2
0.0,0.0,0.0,0.0,0.0,0.0,0.0,0.0,0.0,0.0,0.0,0.0,0.0,99.83333333333331,0.0,0.0,0.0,0.0,0.0,0.0,0.0,5,0,0.5621198957428323,0.0,0.0,0.0,0.0,0.0,0.0,2
0.0,0.0,0.0,0.0,0.0,0.0,0.0,0.0,0.0,0.0,0.0,0.0,0.0,100.0,0.0,0.0,0.0,0.0,0.0,0.0,0.0,6,0,0.5621198957428323,0.0,0.0,0.0,0.0,0.0,0.0,2
96.0,3.0,1.070031837554525,0.0,0.0,0.0,0.0,0.0,164.0,5.0,0.9456949049129456,0.0,0.0,83.72727272727273,0.0,0.0,0.0,0.0,12.0,144.0,6.0,11,1,0.5621198957428323,166.80927232421206,197.0,0.0,0.0,0.0,0.0,3
270.0,3.0,0.7060937054627884,0.0,0.0,0.0,0.0,0.0,84.0,4.0,0.7626709856373706,0.0,0.0,71.73333333333333,0.0,0.0,0.0,0.0,4.0,1990.0,2.0,12,1,0.5621198957428323,164.7088340071649,278.5,0.0,0.0,0.0,0.0,3
54.0,3.0,0.3153962874196617,0.0,0.0,0.0,0.0,0.0,12.0,1.0,-1.000088900581841e-12,0.0,0.0,65.11111111111111,0.0,0.0,0.0,0.0,12.0,12.0,0.0,13,1,0.5621198957428323,205.67287943074348,224.0,0.0,0.0,0.0,0.0,3
340.0,8.0,1.7306336996733571,0.0,0.0,0.0,4.0,0.0,26.0,6.0,1.6052071074494587,0.0,0.0,50.16666666666666,0.0,0.0,0.0,0.0,8.0,404.0,6.0,14,1,0.5621198957428323,187.13987638483985,224.0,0.0,0.0,2.0,1.0,3
702.0,6.0,1.0443902475032067,0.0,0.0,0.0,8.0,0.0,4.0,1.0,-1.000088900581841e-12,0.0,0.0,31.55172413793104,0.0,0.0,0.0,0.0,4.0,828.0,4.0,15,1,0.5621198957428323,192.7381643577624,547.0,0.0,0.0,3.829708431025352,3.0,3
88.0,1.0,-1.000088900581841e-12,0.0,0.0,0.0,2.0,0.0,6.0,1.0,-1.000088900581841e-12,0.0,0.0,11.5,0.0,0.0,0.0,0.0,2.0,350.0,2.0,16,1,0.5621198957428323,312.7704163333437,557.0,0.0,0.0,3.7859388972001824,2.5,3
192.0,2.0,0.1012648175647919,0.0,0.0,0.0,0.0,0.0,2.0,1.0,-1.000088900581841e-12,0.0,0.0,15.5,0.0,0.0,0.0,0.0,8.0,546.0,4.0,17,1,0.5621198957428323,322.0408876731853,249.5,0.0,0.0,1.0000000000000009,0.5,2
716.0,3.0,0.705566063557409,0.0,0.0,0.0,0.0,0.0,54.0,5.0,1.111229268467257,0.0,4.0,18.83333333333333,0.0,0.0,0.0,0.0,0.0,5076.0,0.0,18,1,0.5621198957428323,364.7551690289436,404.5,0.0,0.0,0.0,0.0,2
716.0,4.0,0.6460441933859464,0.0,0.0,0.0,0.0,0.0,2926.0,4.0,0.0744286589082851,0.0,0.0,31.03448275862069,0.0,0.0,0.0,0.0,12.0,292.0,12.0,19,1,0.5621198957428323,3.464101615116286,715.0,0.0,0.0,0.0,0.0,3
680.0,1.0,-1.000088900581841e-12,0.0,0.0,0.0,0.0,0.0,28.0,5.0,1.1275347898141257,0.0,0.0,45.833333333333336,0.0,0.0,0.0,0.0,4.0,0.0,0.0,20,1,0.5621198957428323,18.69046102516428,708.0,0.0,0.0,0.0,0.0,2
718.0,4.0,0.8997518731675687,0.0,0.0,0.0,0.0,0.0,2200.0,3.0,0.0265749014098575,0.0,0.0,60.9,0.0,0.0,0.0,0.0,16.0,16.0,4.0,21,0,0.5621198957428323,258.28859827719816,576.5,0.0,0.0,0.0,0.0,2
408.0,6.0,1.429715682328617,0.0,0.0,0.0,0.0,0.0,102.0,6.0,0.949913086709497,0.0,0.0,61.77272727272727,0.0,0.0,0.0,0.0,40.0,2172.0,16.0,22,0,0.5621198957428323,217.82561832805584,450.0,0.0,0.0,0.0,0.0,2
416.0,9.0,1.6368016615406729,0.0,0.0,0.0,0.0,0.0,22.0,2.0,0.6890092384746587,0.0,0.0,46.15,0.0,0.0,0.0,0.0,8.0,1610.0,8.0,23,0,0.5621198957428323,145.06435353547928,506.5,0.0,0.0,0.0,0.0,3
512.0,9.0,1.6375437586776298,0.0,0.0,0.0,0.0,0.0,12.0,2.0,0.6365141682928128,0.0,0.0,32.791666666666664,0.0,0.0,0.0,0.0,8.0,1162.0,6.0,0,0,0.5621198957428323,139.4022955334662,578.5,0.0,0.0,0.0,0.0,3
0.0,0.0,0.0,0.0,0.0,0.0,0.0,0.0,0.0,0.0,0.0,0.0,0.0,0.0,2.0,0.0,0.0,0.0,0.0,0.0,0.0,4,0,0.5621198957428323,146.99999999999952,73.5,0.0,0.0,0.0,0.0,2
0.0,0.0,0.0,0.0,0.0,0.0,0.0,0.0,0.0,0.0,0.0,0.0,0.0,0.0,0.0,0.0,0.0,0.0,0.0,0.0,0.0,7,0,0.5621198957428323,0.0,0.0,0.0,0.0,0.0,0.0,2
100.0,2.0,0.167944147732173,0.0,0.0,0.0,0.0,0.0,54.0,7.0,1.7806800257597315,0.0,4.0,20.166666666666668,0.0,0.0,0.0,0.0,32.0,374.0,6.0,8,1,0.5621198957428323,49.99999999999854,25.0,0.0,0.0,0.0,0.0,2
716.0,4.0,0.6904860055200425,0.0,0.0,0.0,0.0,0.0,18.0,3.0,0.936888307536016,0.0,0.0,32.4,0.0,0.0,0.0,0.0,24.0,388.0,8.0,9,1,0.5621198957428323,386.6764366581787,383.0,0.0,0.0,0.0,0.0,3
664.0,11.0,1.470586974814979,0.0,0.0,0.0,0.0,0.0,264.0,6.0,0.9797666616910968,0.0,0.0,40.06896551724138,0.0,0.0,0.0,0.0,30.0,2822.0,12.0,10,1,0.5621198957428323,26.35020556529273,703.5,0.0,0.0,0.0,0.0,1
186.0,4.0,0.971961219106456,0.0,0.0,0.0,0.0,0.0,96.0,5.0,0.9112641855931464,0.0,0.0,28.25,0.0,0.0,0.0,0.0,150.0,256.0,16.0,11,1,0.5621198957428323,271.3441848771897,458.5,0.0,0.0,0.0,0.0,1
718.0,4.0,0.8553440184384457,0.0,0.0,0.0,0.0,0.0,1296.0,4.0,0.1668491806591886,0.0,0.0,25.73333333333333,0.0,0.0,0.0,0.0,30.0,338.0,30.0,12,1,0.5621198957428323,235.2502213955739,401.0,0.0,0.0,0.0,0.0,2
718.0,3.0,0.7421268230066373,0.0,0.0,0.0,0.0,0.0,3348.0,3.0,0.1271298079863238,0.0,0.0,38.266666666666666,0.0,0.0,0.0,0.0,24.0,284.0,22.0,13,1,0.5621198957428323,140.71721050864107,645.0,0.0,0.0,0.0,0.0,2
718.0,2.0,0.1068001133610488,0.0,0.0,0.0,0.0,0.0,48.0,4.0,0.8151862107916463,0.0,0.0,53.5,0.0,0.0,0.0,0.0,6.0,324.0,6.0,14,1,0.5621198957428323,3.785938897182778,715.5,0.0,0.0,0.0,0.0,2
718.0,7.0,1.3024140094904288,0.0,0.0,0.0,0.0,0.0,2664.0,4.0,0.1690855677120714,0.0,0.0,63.96666666666667,0.0,0.0,0.0,0.0,78.0,2468.0,36.0,15,1,0.5621198957428323,1.914854215478256,716.5,0.0,0.0,0.0,0.0,2
716.0,4.0,0.7709876819473559,0.0,0.0,0.0,0.0,0.0,62.0,4.0,1.0180740806472826,0.0,0.0,75.66666666666667,0.0,0.0,0.0,0.0,24.0,210.0,12.0,16,1,0.5621198957428323,1.914854215478256,716.5,0.0,0.0,0.0,0.0,3
716.0,9.0,1.573849765632342,0.0,0.0,0.0,0.0,0.0,88.0,3.0,0.7559829155416122,0.0,6.0,82.0,0.0,0.0,0.0,0.0,48.0,2436.0,30.0,17,1,0.5621198957428323,1.1547005383221636,717.0,0.0,0.0,0.0,0.0,2
376.0,12.0,1.718967066190736,0.0,0.0,0.0,0.0,0.0,362.0,5.0,0.9201510767614876,0.0,0.0,79.61111111111111,0.0,0.0,0.0,0.0,24.0,3466.0,12.0,18,1,0.5621198957428323,164.5883754501915,621.0,0.0,0.0,0.0,0.0,3
246.0,6.0,1.3884066313049372,0.0,0.0,0.0,0.0,0.0,236.0,3.0,0.3383241480443222,0.0,0.0,72.78571428571429,0.0,0.0,0.0,0.0,30.0,1408.0,16.0,19,1,0.5621198957428323,235.60065081970063,355.5,0.0,0.0,0.0,0.0,2
446.0,7.0,1.1101253266167153,0.0,0.0,0.0,0.0,0.0,40.0,5.0,1.2052156773453675,0.0,0.0,63.142857142857146,0.0,0.0,0.0,0.0,18.0,1278.0,4.0,20,1,0.5621198957428323,132.19682295728538,269.0,0.0,0.0,0.0,0.0,2
482.0,6.0,1.4491800280578375,0.0,0.0,0.0,0.0,0.0,166.0,3.0,0.5434531383948615,0.0,0.0,54.07692307692308,0.0,0.0,0.0,0.0,62.0,3442.0,32.0,21,0,0.5621198957428323,174.02969095339213,323.5,0.0,0.0,0.0,0.0,2
206.0,4.0,1.0531196057068692,0.0,0.0,0.0,0.0,0.0,46.0,3.0,0.7965853690075891,0.0,0.0,42.15384615384615,0.0,0.0,0.0,0.0,16.0,2726.0,10.0,22,0,0.5621198957428323,197.6756602788176,324.5,0.0,0.0,0.0,0.0,2
294.0,6.0,1.362853184748801,0.0,0.0,0.0,0.0,0.0,40.0,3.0,0.8237197315088312,0.0,0.0,35.64705882352941,0.0,0.0,0.0,0.0,40.0,1230.0,10.0,23,0,0.5621198957428323,150.4249536036708,291.5,0.0,0.0,0.0,0.0,3
716.0,1.0,-1.000088900581841e-12,0.0,0.0,0.0,0.0,0.0,0.0,0.0,0.0,0.0,0.0,64.13333333333334,0.0,0.0,0.0,0.0,0.0,0.0,0.0,0,0,0.5621198957428323,239.76307750221503,413.5,0.0,0.0,0.0,0.0,3
0.0,0.0,0.0,0.0,0.0,0.0,0.0,0.0,0.0,0.0,0.0,0.0,0.0,98.76666666666668,0.0,0.0,0.0,0.0,0.0,0.0,0.0,1,0,0.5621198957428323,304.0241218500047,429.0,0.0,0.0,0.0,0.0,3
0.0,0.0,0.0,0.0,0.0,0.0,0.0,0.0,0.0,0.0,0.0,0.0,0.0,100.0,0.0,0.0,0.0,0.0,0.0,0.0,0.0,2,0,0.5621198957428323,259.9999999999997,130.0,0.0,0.0,0.0,0.0,3
0.0,0.0,0.0,0.0,0.0,0.0,0.0,0.0,0.0,0.0,0.0,0.0,0.0,100.0,0.0,0.0,0.0,0.0,0.0,0.0,0.0,3,0,0.5621198957428323,0.0,0.0,0.0,0.0,0.0,0.0,3
0.0,0.0,0.0,0.0,0.0,0.0,0.0,0.0,0.0,0.0,0.0,0.0,0.0,100.0,0.0,0.0,0.0,0.0,10.0,0.0,0.0,4,0,0.5621198957428323,0.0,0.0,0.0,0.0,0.0,0.0,3
0.0,0.0,0.0,0.0,0.0,0.0,0.0,0.0,0.0,0.0,0.0,0.0,0.0,100.0,0.0,0.0,0.0,0.0,0.0,0.0,0.0,5,0,0.5621198957428323,0.0,0.0,0.0,0.0,0.0,0.0,3
0.0,0.0,0.0,0.0,0.0,0.0,0.0,0.0,0.0,0.0,0.0,0.0,0.0,100.0,0.0,0.0,0.0,0.0,10.0,0.0,0.0,6,0,0.5621198957428323,0.0,0.0,0.0,0.0,0.0,0.0,3
316.0,7.0,1.602009520989883,0.0,0.0,0.0,0.0,0.0,32.0,4.0,1.320888343145322,0.0,0.0,100.0,0.0,0.0,0.0,0.0,90.0,752.0,24.0,7,0,0.5621198957428323,154.41502517566047,85.0,0.0,0.0,0.0,0.0,3
154.0,7.0,1.3050010333534487,0.0,0.0,0.0,0.0,0.0,122.0,5.0,1.1904244536671496,0.0,0.0,95.8125,0.0,0.0,0.0,0.0,180.0,740.0,84.0,8,1,0.5621198957428323,124.10076550932251,181.5,0.0,0.0,0.0,0.0,3
28.0,2.0,0.5195798391285155,0.0,0.0,0.0,0.0,0.0,8.0,2.0,0.6931471805579453,0.0,0.0,90.85714285714286,0.0,0.0,0.0,0.0,30.0,0.0,8.0,9,1,0.5621198957428323,88.27797007181267,124.5,0.0,0.0,0.0,0.0,4
44.0,5.0,1.3635646216392063,0.0,0.0,0.0,0.0,0.0,60.0,4.0,1.037097315927078,0.0,0.0,87.625,0.0,0.0,0.0,0.0,40.0,124.0,6.0,10,1,0.5621198957428323,26.43230346879596,46.0,0.0,0.0,0.0,0.0,4
40.0,3.0,1.0104127537775414,0.0,0.0,0.0,0.0,0.0,40.0,4.0,1.0888999753412236,0.0,0.0,83.55555555555556,0.0,0.0,0.0,0.0,30.0,130.0,4.0,11,1,0.5621198957428323,6.928203230265129,38.0,0.0,0.0,0.0,0.0,4
104.0,4.0,1.3788728833969492,0.0,0.0,0.0,0.0,0.0,56.0,6.0,1.5367224694312194,0.0,0.0,78.16666666666667,0.0,0.0,0.0,0.0,50.0,0.0,8.0,12,1,0.5621198957428323,32.22835190738929,67.0,0.0,0.0,0.0,0.0,4
118.0,4.0,1.1268524269051252,0.0,0.0,0.0,0.0,0.0,46.0,3.0,0.6915021980510986,0.0,0.0,57.0,0.0,0.0,0.0,0.0,40.0,478.0,10.0,14,1,0.5621198957428323,302.6725403247981,324.0,0.0,0.0,0.0,0.0,3
286.0,5.0,1.1723689700939113,0.0,0.0,0.0,0.0,0.0,146.0,3.0,0.1975695602608018,0.0,0.0,48.45454545454545,0.0,0.0,0.0,0.0,0.0,1364.0,0.0,15,1,0.5621198957428323,265.0283003756388,330.0,0.0,0.0,0.0,0.0,2
394.0,7.0,1.4102185487743937,0.0,0.0,0.0,0.0,0.0,222.0,6.0,1.0127960768608384,0.0,0.0,70.9375,0.0,0.0,0.0,0.0,0.0,958.0,0.0,16,1,0.5621198957428323,117.98304963002036,250.0,0.0,0.0,0.0,0.0,1
702.0,19.0,2.404189289245493,0.0,0.0,0.0,0.0,0.0,176.0,8.0,1.5297096866420603,0.0,0.0,60.3448275862069,0.0,0.0,0.0,0.0,8.0,870.0,2.0,17,1,0.5621198957428323,217.63195231092908,524.5,0.0,0.0,0.0,0.0,3
694.0,7.0,1.5516764930234055,0.0,0.0,0.0,0.0,0.0,84.0,7.0,1.7086948790798866,2.0,0.0,51.73076923076923,0.0,0.0,0.0,0.0,10.0,2916.0,4.0,18,1,0.5621198957428323,21.96967607104191,694.0,0.0,0.0,0.0,0.0,3
708.0,8.0,1.0424206412550627,0.0,0.0,0.0,0.0,0.0,80.0,7.0,1.305339081345977,0.0,0.0,48.45454545454545,0.0,0.0,0.0,0.0,92.0,196.0,24.0,19,1,0.5621198957428323,21.228911104117216,694.0,0.0,0.0,0.0,0.0,2
704.0,4.0,0.6298511176702418,0.0,0.0,0.0,0.0,0.0,28.0,3.0,0.8304717124332918,0.0,0.0,46.833333333333336,0.0,0.0,0.0,0.0,16.0,246.0,6.0,20,1,0.5621198957428323,2.5166114783927327,707.5,0.0,0.0,0.0,0.0,2
704.0,1.0,-1.000088900581841e-12,0.0,0.0,0.0,0.0,0.0,28.0,1.0,-1.000088900581841e-12,0.0,0.0,45.0,0.0,0.0,0.0,0.0,0.0,0.0,0.0,21,0,0.5621198957428323,2.3094010767248725,706.0,0.0,0.0,0.0,0.0,2
710.0,12.0,1.6666488108846744,0.0,0.0,0.0,0.0,0.0,86.0,6.0,1.2861547377507003,0.0,0.0,40.142857142857146,0.0,0.0,0.0,0.0,112.0,2696.0,36.0,22,0,0.5621198957428323,3.415650255297122,708.5,0.0,0.0,0.0,0.0,2
716.0,6.0,1.5637247254663191,0.0,0.0,0.0,0.0,0.0,150.0,7.0,1.3310553384160393,0.0,0.0,33.84615384615385,0.0,0.0,0.0,0.0,42.0,2544.0,10.0,23,0,0.5621198957428323,2.516611478392699,712.5,0.0,0.0,0.0,0.0,2
712.0,2.0,0.6840296756625521,0.0,0.0,0.0,0.0,0.0,2.0,1.0,-1.000088900581841e-12,2.0,0.0,27.88888888888889,0.0,0.0,0.0,0.0,0.0,60.0,0.0,0,0,0.5621198957428323,1.999999999961133,713.0,0.0,0.0,0.0,0.0,2
306.0,1.0,-1.000088900581841e-12,0.0,0.0,0.0,0.0,0.0,0.0,0.0,0.0,0.0,0.0,26.0,12.0,0.0,0.0,0.0,0.0,0.0,0.0,1,0,0.5621198957428323,202.99999999999963,610.5,0.0,0.0,0.0,0.0,2
0.0,0.0,0.0,0.0,0.0,0.0,0.0,0.0,0.0,0.0,0.0,0.0,0.0,25.33333333333333,6.0,0.0,0.0,0.0,0.0,0.0,0.0,2,0,0.5621198957428323,337.39146402954515,254.5,0.0,0.0,0.0,0.0,2
0.0,0.0,0.0,0.0,0.0,0.0,0.0,0.0,0.0,0.0,0.0,0.0,0.0,25.0,0.0,0.0,0.0,0.0,0.0,0.0,0.0,3,0,0.5621198957428323,0.0,0.0,0.0,0.0,0.0,0.0,2
0.0,0.0,0.0,0.0,0.0,0.0,0.0,0.0,0.0,0.0,0.0,0.0,0.0,24.0,0.0,0.0,0.0,0.0,0.0,0.0,0.0,4,0,0.5621198957428323,0.0,0.0,0.0,0.0,0.0,0.0,2
0.0,0.0,0.0,0.0,0.0,0.0,0.0,0.0,0.0,0.0,0.0,0.0,0.0,23.0,0.0,0.0,0.0,0.0,0.0,0.0,0.0,5,0,0.5621198957428323,0.0,0.0,0.0,0.0,0.0,0.0,2
0.0,0.0,0.0,0.0,0.0,0.0,0.0,0.0,0.0,0.0,0.0,0.0,0.0,23.0,0.0,0.0,0.0,0.0,0.0,0.0,0.0,6,0,0.5621198957428323,0.0,0.0,0.0,0.0,0.0,0.0,2
0.0,0.0,0.0,0.0,0.0,0.0,0.0,0.0,0.0,0.0,0.0,0.0,0.0,22.0,0.0,0.0,0.0,0.0,0.0,0.0,0.0,7,0,0.5621198957428323,0.0,0.0,0.0,0.0,0.0,0.0,2
0.0,0.0,0.0,0.0,0.0,0.0,0.0,0.0,0.0,0.0,0.0,0.0,0.0,21.166666666666668,0.0,0.0,0.0,0.0,0.0,0.0,0.0,8,1,0.5621198957428323,0.0,0.0,0.0,0.0,0.0,0.0,2
0.0,0.0,0.0,0.0,0.0,0.0,0.0,0.0,0.0,0.0,0.0,0.0,0.0,21.0,0.0,0.0,0.0,0.0,0.0,0.0,0.0,9,1,0.5621198957428323,0.0,0.0,0.0,0.0,0.0,0.0,2
500.0,6.0,1.2168921361126852,0.0,0.0,0.0,0.0,0.0,32.0,5.0,1.461472129299024,0.0,0.0,16.6875,0.0,0.0,0.0,0.0,72.0,2434.0,20.0,10,1,0.5621198957428323,267.10984007832155,229.5,0.0,0.0,0.0,0.0,2
0.0,0.0,0.0,0.0,0.0,0.0,0.0,0.0,0.0,0.0,0.0,0.0,0.0,0.0,0.0,0.0,0.0,0.0,36.0,72.0,16.0,11,1,0.5621198957428323,267.10984007832155,229.5,0.0,0.0,0.0,0.0,3
716.0,6.0,1.2131898967987262,0.0,0.0,0.0,0.0,0.0,1988.0,10.0,0.3923074641957982,0.0,0.0,22.9,0.0,0.0,0.0,0.0,140.0,848.0,42.0,12,1,0.5621198957428323,401.624617439386,347.5,0.0,0.0,0.0,0.0,3
716.0,1.0,-1.000088900581841e-12,0.0,0.0,0.0,0.0,0.0,3702.0,6.0,0.1550326151371761,0.0,0.0,28.2,0.0,0.0,0.0,0.0,66.0,60.0,14.0,13,1,0.5621198957428323,20.999999999996305,705.5,0.0,0.0,0.0,0.0,2
702.0,3.0,0.6200133989896613,0.0,0.0,0.0,0.0,0.0,1272.0,9.0,0.177073515737701,0.0,0.0,29.666666666666668,0.0,0.0,0.0,0.0,96.0,146.0,10.0,14,1,0.5621198957428323,6.806859285542654,710.5,0.0,0.0,0.0,0.0,2
702.0,3.0,0.7768759593322407,0.0,0.0,0.0,0.0,0.0,488.0,8.0,1.0584959049787943,0.0,0.0,45.96551724137931,0.0,0.0,0.0,0.0,48.0,588.0,20.0,15,1,0.5621198957428323,5.744562646524528,706.5,0.0,0.0,0.0,0.0,2
718.0,4.0,0.8214112322449612,0.0,0.0,0.0,0.0,0.0,210.0,4.0,0.5620360792601151,0.0,0.0,65.93333333333334,0.0,0.0,0.0,0.0,0.0,2260.0,0.0,16,1,0.5621198957428323,6.831300510628391,711.0,0.0,0.0,0.0,0.0,3
702.0,2.0,0.0492127196817535,0.0,0.0,0.0,0.0,0.0,344.0,5.0,0.2654318799782632,0.0,0.0,90.7,0.0,0.0,0.0,0.0,30.0,70.0,14.0,17,1,0.5621198957428323,6.608075867187945,709.5,0.0,0.0,0.0,0.0,2
710.0,7.0,1.3908359462715716,0.0,0.0,0.0,0.0,0.0,60.0,4.0,1.1072449823585988,0.0,0.0,98.6818181818182,0.0,0.0,0.0,0.0,200.0,6250.0,50.0,18,1,0.5621198957428323,3.4156502552972,706.5,0.0,0.0,0.0,0.0,3
716.0,7.0,1.353340385001703,0.0,0.0,0.0,0.0,0.0,8.0,3.0,1.039720770836918,0.0,0.0,91.53571428571428,0.0,0.0,0.0,0.0,0.0,3530.0,0.0,19,1,0.5621198957428323,4.1633319989136535,711.0,0.0,0.0,0.0,0.0,3
706.0,5.0,1.1095799706053524,0.0,0.0,0.0,0.0,0.0,174.0,3.0,0.2487109264659709,0.0,0.0,86.78571428571429,0.0,0.0,0.0,0.0,74.0,7898.0,12.0,20,1,0.5621198957428323,4.43471156519922,710.5,0.0,0.0,0.0,0.0,3
698.0,11.0,1.5998288322571748,0.0,0.0,0.0,0.0,0.0,108.0,7.0,1.802840200639192,0.0,0.0,84.42857142857143,0.0,0.0,0.0,0.0,76.0,2046.0,20.0,21,0,0.5621198957428323,4.760952285678978,705.0,0.0,0.0,0.0,0.0,2
714.0,6.0,1.2248071585406393,0.0,0.0,0.0,0.0,0.0,20.0,4.0,1.2798542258296677,0.0,0.0,78.0909090909091,0.0,0.0,0.0,0.0,152.0,4806.0,24.0,22,0,0.5621198957428323,7.118052168010001,708.0,0.0,0.0,0.0,0.0,2
710.0,4.0,0.8807837841326691,0.0,0.0,0.0,0.0,0.0,40.0,5.0,1.175204597075758,0.0,0.0,68.85714285714286,0.0,0.0,0.0,0.0,152.0,1122.0,40.0,23,0,0.5621198957428323,2.5819888974416374,713.0,0.0,0.0,0.0,0.0,3
710.0,8.0,1.6219542051071414,0.0,0.0,0.0,0.0,0.0,50.0,7.0,1.408293073607882,0.0,0.0,62.77272727272727,0.0,0.0,0.0,0.0,168.0,3438.0,2.0,0,0,0.5621198957428323,2.999999999974206,711.5,0.0,0.0,0.0,0.0,3
712.0,1.0,-1.000088900581841e-12,0.0,0.0,0.0,0.0,0.0,0.0,0.0,0.0,0.0,0.0,60.0,0.0,0.0,0.0,0.0,0.0,0.0,0.0,1,0,0.5621198957428323,0.9999999999226172,710.5,0.0,0.0,0.0,0.0,2
0.0,0.0,0.0,0.0,0.0,0.0,0.0,0.0,0.0,0.0,0.0,0.0,0.0,59.0,0.0,0.0,0.0,0.0,0.0,0.0,0.0,2,0,0.5621198957428323,397.124245881143,367.5,0.0,0.0,0.0,0.0,2
0.0,0.0,0.0,0.0,0.0,0.0,0.0,0.0,0.0,0.0,0.0,0.0,0.0,58.0,0.0,0.0,0.0,0.0,0.0,0.0,0.0,3,0,0.5621198957428323,23.99999999999636,12.0,0.0,0.0,0.0,0.0,2
0.0,0.0,0.0,0.0,0.0,0.0,0.0,0.0,0.0,0.0,0.0,0.0,0.0,57.66666666666666,42.0,0.0,0.0,0.0,0.0,0.0,0.0,4,0,0.5621198957428323,0.0,0.0,0.0,0.0,0.0,0.0,2
0.0,0.0,0.0,0.0,0.0,0.0,0.0,0.0,0.0,0.0,0.0,0.0,0.0,57.0,0.0,0.0,0.0,0.0,0.0,0.0,0.0,5,0,0.5621198957428323,0.0,0.0,0.0,0.0,0.0,0.0,2
0.0,0.0,0.0,0.0,0.0,0.0,0.0,0.0,0.0,0.0,0.0,0.0,0.0,56.0,0.0,0.0,0.0,0.0,0.0,0.0,0.0,6,0,0.5621198957428323,0.0,0.0,0.0,0.0,0.0,0.0,2
0.0,0.0,0.0,0.0,0.0,0.0,0.0,0.0,0.0,0.0,0.0,0.0,0.0,55.333333333333336,0.0,0.0,0.0,0.0,0.0,0.0,0.0,7,0,0.5621198957428323,0.0,0.0,0.0,0.0,0.0,0.0,2
0.0,0.0,0.0,0.0,0.0,0.0,0.0,0.0,4.0,1.0,-1.000088900581841e-12,0.0,0.0,55.0,0.0,0.0,0.0,0.0,0.0,0.0,0.0,8,1,0.5621198957428323,0.0,0.0,0.0,0.0,0.0,0.0,2
706.0,7.0,1.3750087015558496,0.0,0.0,0.0,0.0,0.0,100.0,6.0,1.5489777824097573,0.0,0.0,52.523809523809526,0.0,0.0,0.0,0.0,132.0,4910.0,4.0,9,1,0.5621198957428323,332.81175860637273,235.5,0.0,0.0,0.0,0.0,2
716.0,4.0,0.549586728288505,0.0,0.0,0.0,0.0,0.0,84.0,5.0,0.5236158771127447,0.0,0.0,45.1,0.0,0.0,0.0,0.0,0.0,3796.0,0.0,10,1,0.5621198957428323,238.37994882120404,593.5,0.0,0.0,0.0,0.0,3
708.0,5.0,1.249969507191635,0.0,0.0,0.0,0.0,0.0,672.0,5.0,0.3170254129115236,0.0,0.0,40.85714285714285,0.0,0.0,0.0,0.0,144.0,4818.0,20.0,11,1,0.5621198957428323,7.659416862041619,710.0,0.0,0.0,0.0,0.0,3
710.0,6.0,1.4522509878218273,0.0,0.0,0.0,0.0,0.0,1746.0,6.0,0.1029742152127383,0.0,0.0,37.25,0.0,0.0,0.0,0.0,192.0,2614.0,24.0,12,1,0.5621198957428323,4.434711565201002,705.5,0.0,0.0,0.0,0.0,2
704.0,6.0,1.283706511716275,0.0,0.0,0.0,0.0,0.0,80.0,4.0,0.5744197275080937,0.0,0.0,33.8,0.0,0.0,0.0,0.0,156.0,2790.0,10.0,13,1,0.5621198957428323,2.8284271247215744,706.0,0.0,0.0,0.0,0.0,2
714.0,6.0,1.2808386607884803,0.0,0.0,0.0,38.0,0.0,190.0,6.0,0.9754878621257048,0.0,52.0,25.0,0.0,0.0,0.0,0.0,52.0,9630.0,12.0,14,1,0.5621198957428323,6.60807586718914,710.5,0.0,0.0,19.0,9.5,3
718.0,7.0,1.128762319136238,0.0,0.0,0.0,0.0,0.0,328.0,7.0,0.9294182043002612,0.0,0.0,41.2,0.0,0.0,0.0,0.0,0.0,6870.0,0.0,15,1,0.5621198957428323,1.914854215476341,716.5,0.0,0.0,19.0,9.5,3
700.0,8.0,1.1011568537558372,0.0,0.0,0.0,0.0,0.0,1924.0,6.0,0.5658907643544842,0.0,0.0,63.92857142857143,0.0,0.0,0.0,0.0,58.0,2060.0,10.0,16,1,0.5621198957428323,8.386497083597778,712.5,0.0,0.0,0.0,0.0,3
418.0,4.0,0.1145670745230427,0.0,0.0,0.0,0.0,0.0,2564.0,8.0,0.3063896287153511,0.0,0.0,97.96666666666668,0.0,0.0,0.0,0.0,58.0,324.0,20.0,17,1,0.5621198957428323,142.40318348501387,631.0,0.0,0.0,0.0,0.0,2
700.0,1.0,-1.000088900581841e-12,0.0,0.0,0.0,0.0,0.0,2348.0,3.0,0.0296294889665344,0.0,0.0,100.0,0.0,0.0,0.0,0.0,0.0,0.0,0.0,18,1,0.5621198957428323,139.41305534274707,627.0,0.0,0.0,0.0,0.0,3
708.0,8.0,1.4431521673938146,0.0,0.0,0.0,0.0,0.0,30.0,5.0,1.0805738483598537,0.0,0.0,100.0,0.0,0.0,0.0,0.0,0.0,5598.0,0.0,19,1,0.5621198957428323,5.259911279339714,704.5,0.0,0.0,9.0,4.5,3
714.0,6.0,1.1853131711178948,0.0,0.0,0.0,44.0,0.0,30.0,4.0,1.1944530063193568,0.0,0.0,97.6086956521739,0.0,0.0,0.0,0.0,124.0,3224.0,8.0,20,1,0.5621198957428323,2.828427124721196,710.0,0.0,0.0,20.808652046684813,15.5,3
708.0,5.0,1.1091788035359973,0.0,0.0,0.0,0.0,0.0,120.0,5.0,0.8900581791134758,0.0,0.0,94.35714285714286,0.0,0.0,0.0,0.0,310.0,8176.0,76.0,21,0,0.5621198957428323,2.999999999976436,709.5,0.0,0.0,22.479620400116488,19.0,3
710.0,4.0,0.7876345690528648,0.0,0.0,0.0,0.0,0.0,84.0,4.0,0.4781505793784009,0.0,0.0,91.66666666666669,0.0,0.0,0.0,0.0,370.0,4760.0,8.0,22,0,0.5621198957428323,2.5166114783954847,707.5,0.0,0.0,16.0,8.0,3
712.0,7.0,1.0895448716461118,0.0,0.0,0.0,0.0,0.0,30.0,3.0,0.8532361505527783,2.0,0.0,87.5,0.0,0.0,0.0,0.0,496.0,3302.0,36.0,23,0,0.5621198957428323,3.4641016151173387,709.0,0.0,0.0,0.0,0.0,3
646.0,1.0,-1.000088900581841e-12,0.0,0.0,0.0,0.0,0.0,0.0,0.0,0.0,0.0,0.0,85.33333333333333,28.0,0.0,0.0,0.0,0.0,0.0,0.0,0,0,0.5621198957428323,32.68026927673423,695.0,0.0,0.0,0.0,0.0,3
0.0,0.0,0.0,0.0,0.0,0.0,0.0,0.0,0.0,0.0,0.0,0.0,0.0,85.0,54.0,0.0,0.0,0.0,0.0,0.0,0.0,1,0,0.5621198957428323,392.9457129596062,339.5,0.0,0.0,0.0,0.0,3
0.0,0.0,0.0,0.0,0.0,0.0,0.0,0.0,0.0,0.0,0.0,0.0,0.0,84.0,0.0,0.0,0.0,0.0,0.0,0.0,0.0,2,0,0.5621198957428323,0.0,0.0,0.0,0.0,0.0,0.0,3
0.0,0.0,0.0,0.0,0.0,0.0,0.0,0.0,4.0,1.0,-1.000088900581841e-12,0.0,0.0,83.33333333333333,42.0,0.0,0.0,0.0,0.0,0.0,0.0,3,0,0.5621198957428323,0.0,0.0,0.0,0.0,0.0,0.0,3
0.0,0.0,0.0,0.0,0.0,0.0,0.0,0.0,0.0,0.0,0.0,0.0,0.0,82.5,0.0,0.0,0.0,0.0,0.0,0.0,0.0,4,0,0.5621198957428323,0.0,0.0,0.0,0.0,0.0,0.0,3
0.0,0.0,0.0,0.0,0.0,0.0,0.0,0.0,0.0,0.0,0.0,0.0,0.0,82.0,0.0,0.0,0.0,0.0,0.0,0.0,0.0,5,0,0.5621198957428323,0.0,0.0,0.0,0.0,0.0,0.0,3
0.0,0.0,0.0,0.0,0.0,0.0,0.0,0.0,4.0,1.0,-1.000088900581841e-12,0.0,0.0,81.0,0.0,0.0,0.0,0.0,0.0,0.0,0.0,6,0,0.5621198957428323,0.0,0.0,0.0,0.0,0.0,0.0,3
706.0,5.0,0.7487681133456581,0.0,0.0,0.0,0.0,0.0,42.0,6.0,1.4610386471676975,0.0,0.0,78.75,0.0,40.0,44.0,44.0,462.0,1250.0,50.0,7,0,0.5621198957428323,376.1719464996468,323.0,0.0,0.0,0.0,0.0,4
704.0,1.0,-1.000088900581841e-12,0.0,0.0,0.0,0.0,0.0,2.0,1.0,-1.000088900581841e-12,0.0,0.0,76.83333333333333,0.0,0.0,0.0,0.0,0.0,0.0,0.0,8,1,0.5621198957428323,59.674114991341305,675.5,0.0,0.0,0.0,0.0,3
0.0,0.0,0.0,0.0,0.0,0.0,0.0,0.0,0.0,0.0,0.0,0.0,0.0,76.0,0.0,0.0,0.0,0.0,0.0,0.0,0.0,9,1,0.5621198957428323,345.3790188570616,423.0,0.0,0.0,0.0,0.0,2
338.0,6.0,1.5442430425571618,0.0,0.0,0.0,0.0,0.0,26.0,4.0,1.1189688668776263,0.0,0.0,74.5,0.0,0.0,0.0,0.0,330.0,3814.0,38.0,10,1,0.5621198957428323,180.43281298034407,155.0,0.0,0.0,0.0,0.0,3
700.0,1.0,-1.000088900581841e-12,0.0,0.0,0.0,0.0,0.0,30.0,2.0,0.2449300267926353,0.0,0.0,72.0,0.0,0.0,0.0,0.0,0.0,0.0,0.0,11,1,0.5621198957428323,337.78494144450326,436.0,0.0,0.0,0.0,0.0,3
0.0,0.0,0.0,0.0,0.0,0.0,0.0,0.0,14.0,2.0,0.410116318286409,0.0,0.0,71.0,58.0,0.0,0.0,0.0,0.0,0.0,0.0,12,1,0.5621198957428323,386.22057600978894,369.5,0.0,0.0,0.0,0.0,3
670.0,2.0,0.0647384133326563,0.0,0.0,0.0,0.0,0.0,44.0,6.0,1.5029045168091295,0.0,0.0,69.57142857142857,0.0,0.0,0.0,0.0,544.0,504.0,64.0,13,1,0.5621198957428323,324.7783859803479,185.5,0.0,0.0,0.0,0.0,3
702.0,4.0,0.8447534694213,0.0,0.0,0.0,0.0,0.0,78.0,4.0,0.7914219970985351,0.0,0.0,66.9090909090909,0.0,0.0,0.0,0.0,1136.0,5126.0,54.0,14,1,0.5621198957428323,345.6433614773082,518.0,0.0,0.0,0.0,0.0,1
716.0,3.0,0.9924697119921718,0.0,0.0,0.0,0.0,0.0,44.0,3.0,0.5763820666218934,0.0,0.0,61.92857142857143,0.0,0.0,0.0,0.0,216.0,2166.0,12.0,15,1,0.5621198957428323,8.164965809266947,708.0,0.0,0.0,0.0,0.0,1
704.0,1.0,-1.000088900581841e-12,0.0,0.0,0.0,0.0,0.0,52.0,3.0,0.3245083869280707,0.0,0.0,58.0,0.0,0.0,0.0,0.0,0.0,0.0,0.0,16,1,0.5621198957428323,5.259911279337169,711.5,0.0,0.0,0.0,0.0,4
468.0,1.0,-1.000088900581841e-12,0.0,0.0,0.0,0.0,0.0,10.0,2.0,0.5004024235361879,0.0,0.0,53.0,42.0,0.0,0.0,0.0,0.0,0.0,0.0,18,1,0.5621198957428323,120.03332870498856,648.0,0.0,0.0,0.0,0.0,3
0.0,0.0,0.0,0.0,0.0,0.0,0.0,0.0,4.0,1.0,-1.000088900581841e-12,0.0,0.0,52.0,54.0,0.0,0.0,0.0,0.0,0.0,0.0,19,1,0.5621198957428323,351.77833929905324,293.0,0.0,0.0,0.0,0.0,3
0.0,0.0,0.0,0.0,0.0,0.0,0.0,0.0,8.0,1.0,-1.000088900581841e-12,0.0,0.0,51.0,0.0,0.0,0.0,0.0,0.0,0.0,0.0,20,1,0.5621198957428323,0.0,0.0,0.0,0.0,0.0,0.0,3
702.0,8.0,1.70337928846387,0.0,0.0,0.0,0.0,0.0,52.0,4.0,1.1225176370590888,0.0,0.0,48.09090909090909,0.0,0.0,0.0,0.0,702.0,1676.0,34.0,21,0,0.5621198957428323,363.74853951596816,309.5,0.0,0.0,0.0,0.0,3
714.0,8.0,1.5909949815668645,0.0,0.0,0.0,0.0,0.0,76.0,3.0,0.5879259686094404,0.0,0.0,43.48,0.0,0.0,0.0,0.0,156.0,18672.0,14.0,22,0,0.5621198957428323,85.81180959906679,664.5,0.0,0.0,0.0,0.0,3
710.0,3.0,0.6722067211181373,0.0,0.0,0.0,0.0,0.0,18.0,2.0,0.3488320958410319,0.0,0.0,37.72727272727273,0.0,0.0,0.0,0.0,312.0,1586.0,72.0,23,0,0.5621198957428323,3.415650255293996,709.5,0.0,0.0,0.0,0.0,3
708.0,4.0,0.8156707945021884,0.0,0.0,0.0,0.0,0.0,228.0,2.0,0.050278943879386,2.0,80.0,36.37931034482759,0.0,0.0,0.0,0.0,0.0,722.0,0.0,0,0,0.5621198957428323,2.5166114783884788,707.5,0.0,0.0,0.0,0.0,3
312.0,1.0,-1.000088900581841e-12,0.0,0.0,0.0,0.0,0.0,420.0,1.0,-1.000088900581841e-12,0.0,0.0,77.06666666666666,0.0,0.0,0.0,0.0,0.0,0.0,0.0,1,0,0.5621198957428323,196.34917876069616,606.5,0.0,0.0,0.0,0.0,2
0.0,0.0,0.0,0.0,0.0,0.0,0.0,0.0,2.0,1.0,-1.000088900581841e-12,0.0,0.0,100.0,0.0,0.0,0.0,0.0,0.0,0.0,0.0,2,0,0.5621198957428323,333.2161460673835,253.5,0.0,0.0,0.0,0.0,2
0.0,0.0,0.0,0.0,0.0,0.0,0.0,0.0,4.0,1.0,-1.000088900581841e-12,0.0,0.0,100.0,0.0,0.0,0.0,0.0,0.0,0.0,0.0,3,0,0.5621198957428323,0.0,0.0,0.0,0.0,0.0,0.0,2
0.0,0.0,0.0,0.0,0.0,0.0,0.0,0.0,0.0,0.0,0.0,0.0,0.0,100.0,0.0,0.0,0.0,0.0,0.0,0.0,0.0,4,0,0.5621198957428323,0.0,0.0,0.0,0.0,0.0,0.0,2
0.0,0.0,0.0,0.0,0.0,0.0,0.0,0.0,0.0,0.0,0.0,0.0,0.0,100.0,0.0,0.0,0.0,0.0,0.0,0.0,0.0,5,0,0.5621198957428323,0.0,0.0,0.0,0.0,0.0,0.0,2
0.0,0.0,0.0,0.0,0.0,0.0,0.0,0.0,0.0,0.0,0.0,0.0,0.0,100.0,0.0,0.0,0.0,0.0,0.0,0.0,0.0,6,0,0.5621198957428323,0.0,0.0,0.0,0.0,0.0,0.0,2
0.0,0.0,0.0,0.0,0.0,0.0,0.0,0.0,0.0,0.0,0.0,0.0,0.0,100.0,0.0,0.0,0.0,0.0,0.0,0.0,0.0,7,0,0.5621198957428323,0.0,0.0,0.0,0.0,0.0,0.0,2
0.0,0.0,0.0,0.0,0.0,0.0,0.0,0.0,0.0,0.0,0.0,0.0,0.0,100.0,0.0,0.0,0.0,0.0,0.0,0.0,0.0,8,1,0.5621198957428323,0.0,0.0,0.0,0.0,0.0,0.0,2
698.0,2.0,0.6231875979918403,0.0,0.0,0.0,0.0,0.0,134.0,8.0,1.6962173441231616,0.0,0.0,100.0,0.0,0.0,0.0,0.0,252.0,0.0,30.0,9,1,0.5621198957428323,348.9999999999998,174.5,0.0,0.0,0.0,0.0,2
710.0,4.0,1.14540634478058,0.0,0.0,0.0,0.0,0.0,104.0,4.0,0.5403160718868794,0.0,0.0,96.46666666666668,0.0,0.0,0.0,0.0,90.0,4208.0,6.0,10,1,0.5621198957428323,353.045322869458,529.5,0.0,0.0,0.0,0.0,4
712.0,7.0,1.3369373334590011,0.0,0.0,0.0,0.0,0.0,68.0,5.0,1.285208573571161,0.0,0.0,90.1153846153846,0.0,0.0,0.0,0.0,730.0,4454.0,64.0,11,1,0.5621198957428323,1.1547005383120963,711.0,0.0,0.0,0.0,0.0,5
706.0,1.0,-1.000088900581841e-12,0.0,0.0,0.0,0.0,0.0,24.0,3.0,0.5660857389566288,0.0,0.0,85.66666666666667,0.0,0.0,0.0,0.0,468.0,0.0,130.0,12,1,0.5621198957428323,2.999999999974149,710.5,0.0,0.0,0.0,0.0,4
712.0,10.0,1.902389902376588,0.0,0.0,0.0,0.0,0.0,126.0,7.0,1.1559309764412988,0.0,0.0,74.75,0.0,0.0,0.0,0.0,692.0,10462.0,34.0,14,1,0.5621198957428323,5.033222956831772,711.0,0.0,0.0,9.0,4.5,4
708.0,5.0,0.4846308867994117,0.0,0.0,0.0,0.0,0.0,60.0,5.0,1.2811558808629602,0.0,0.0,42.22222222222222,0.0,0.0,0.0,0.0,36.0,274.0,16.0,19,1,0.5621198957428323,39.10242959203232,685.5,0.0,0.0,0.0,0.0,4
712.0,2.0,0.1075093957518402,0.0,0.0,0.0,0.0,0.0,10.0,3.0,1.054920167983144,0.0,0.0,40.0,0.0,0.0,0.0,0.0,20.0,0.0,4.0,20,1,0.5621198957428323,1.914854215472344,710.5,0.0,0.0,0.0,0.0,2
714.0,6.0,1.4849038892267048,0.0,0.0,0.0,0.0,0.0,54.0,5.0,1.4173267984882003,0.0,0.0,36.07142857142857,0.0,0.0,0.0,0.0,24.0,1714.0,16.0,21,0,0.5621198957428323,1.6329931618081404,712.0,0.0,0.0,0.0,0.0,1
716.0,3.0,0.1563858797754805,0.0,0.0,0.0,0.0,0.0,2.0,1.0,-1.000088900581841e-12,0.0,0.0,31.0,0.0,0.0,0.0,0.0,0.0,2764.0,0.0,22,0,0.5621198957428323,2.5819888974416885,713.0,0.0,0.0,0.0,0.0,2
714.0,3.0,0.4017276755231332,0.0,0.0,0.0,0.0,0.0,24.0,3.0,0.9184277849900976,0.0,0.0,26.714285714285715,0.0,0.0,0.0,0.0,18.0,58.0,16.0,23,0,0.5621198957428323,2.51661147839288,713.5,0.0,0.0,0.0,0.0,2
712.0,3.0,0.510416667052152,0.0,0.0,0.0,0.0,0.0,50.0,4.0,0.914951393974358,0.0,8.0,19.875,0.0,0.0,0.0,0.0,16.0,1462.0,8.0,0,0,0.5621198957428323,2.5166114783929023,714.5,0.0,0.0,0.0,0.0,2
708.0,1.0,-1.000088900581841e-12,0.0,0.0,0.0,0.0,0.0,422.0,1.0,-1.000088900581841e-12,0.0,0.0,44.9,0.0,0.0,0.0,0.0,0.0,0.0,0.0,1,0,0.5621198957428323,4.163331998913713,713.0,0.0,0.0,0.0,0.0,3
0.0,0.0,0.0,0.0,0.0,0.0,0.0,0.0,312.0,1.0,-1.000088900581841e-12,0.0,0.0,87.7,0.0,0.0,0.0,0.0,0.0,0.0,0.0,2,0,0.5621198957428323,335.5130399850352,466.5,0.0,0.0,0.0,0.0,3
0.0,0.0,0.0,0.0,0.0,0.0,0.0,0.0,0.0,0.0,0.0,0.0,0.0,100.0,0.0,0.0,0.0,0.0,0.0,0.0,0.0,3,0,0.5621198957428323,221.9999999999997,111.0,0.0,0.0,0.0,0.0,3
0.0,0.0,0.0,0.0,0.0,0.0,0.0,0.0,0.0,0.0,0.0,0.0,0.0,100.0,0.0,0.0,0.0,0.0,0.0,0.0,0.0,4,0,0.5621198957428323,0.0,0.0,0.0,0.0,0.0,0.0,3
0.0,0.0,0.0,0.0,0.0,0.0,0.0,0.0,0.0,0.0,0.0,0.0,0.0,100.0,0.0,0.0,0.0,0.0,0.0,0.0,0.0,5,0,0.5621198957428323,0.0,0.0,0.0,0.0,0.0,0.0,3
0.0,0.0,0.0,0.0,0.0,0.0,0.0,0.0,0.0,0.0,0.0,0.0,0.0,100.0,0.0,0.0,0.0,0.0,0.0,0.0,0.0,6,0,0.5621198957428323,0.0,0.0,0.0,0.0,0.0,0.0,3
0.0,0.0,0.0,0.0,0.0,0.0,0.0,0.0,0.0,0.0,0.0,0.0,0.0,100.0,0.0,0.0,0.0,0.0,0.0,0.0,0.0,7,0,0.5621198957428323,0.0,0.0,0.0,0.0,0.0,0.0,3
0.0,0.0,0.0,0.0,0.0,0.0,0.0,0.0,0.0,0.0,0.0,0.0,0.0,100.0,0.0,0.0,0.0,0.0,0.0,0.0,0.0,8,1,0.5621198957428323,0.0,0.0,0.0,0.0,0.0,0.0,3
708.0,1.0,-1.000088900581841e-12,0.0,0.0,0.0,0.0,0.0,30.0,1.0,-1.000088900581841e-12,0.0,0.0,100.0,0.0,0.0,0.0,0.0,24.0,0.0,0.0,9,1,0.5621198957428323,353.9999999999998,177.0,0.0,0.0,0.0,0.0,3
710.0,7.0,1.53116800031501,0.0,0.0,0.0,0.0,0.0,112.0,7.0,1.4420492032393724,0.0,0.0,100.0,0.0,0.0,0.0,0.0,16.0,1790.0,4.0,10,1,0.5621198957428323,354.6679197972847,532.0,0.0,0.0,0.0,0.0,3
712.0,11.0,1.5982981525589546,0.0,0.0,0.0,0.0,0.0,240.0,7.0,0.8954369049163251,0.0,0.0,96.83333333333331,0.0,12.0,10.0,10.0,60.0,1390.0,44.0,11,1,0.5621198957428323,1.154700538298042,711.0,0.0,0.0,0.0,0.0,2
710.0,5.0,0.5515680104930415,0.0,0.0,0.0,0.0,0.0,734.0,6.0,0.4804286758665196,0.0,0.0,92.7,0.0,0.0,0.0,0.0,60.0,980.0,10.0,12,1,0.5621198957428323,1.154700538298042,711.0,0.0,0.0,0.0,0.0,2
716.0,9.0,1.3090385145198389,0.0,0.0,0.0,0.0,0.0,144.0,7.0,1.2516988664931246,0.0,0.0,86.88888888888889,0.0,0.0,0.0,0.0,48.0,2674.0,10.0,13,1,0.5621198957428323,2.9999999999687392,712.5,0.0,0.0,0.0,0.0,2
710.0,3.0,0.546936316203172,0.0,0.0,0.0,0.0,0.0,62.0,4.0,0.9273497463251308,0.0,0.0,83.0909090909091,0.0,0.0,0.0,0.0,72.0,1398.0,26.0,14,1,0.5621198957428323,2.5166114783863103,713.5,0.0,0.0,0.0,0.0,2
716.0,3.0,0.3973509909328566,0.0,0.0,0.0,0.0,0.0,24.0,3.0,0.5660857389566288,0.0,0.0,79.73076923076923,0.0,0.0,0.0,0.0,14.0,606.0,6.0,15,1,0.5621198957428323,2.9999999999687392,712.5,0.0,0.0,0.0,0.0,1
712.0,2.0,0.5801045201385857,0.0,0.0,0.0,0.0,0.0,154.0,5.0,0.6122491505218675,0.0,0.0,74.75,0.0,0.0,0.0,0.0,98.0,86.0,28.0,16,1,0.5621198957428323,2.9999999999687392,713.5,0.0,0.0,0.0,0.0,2
716.0,2.0,0.6377971498968665,0.0,0.0,0.0,0.0,0.0,116.0,7.0,0.8119661617508547,0.0,0.0,70.83333333333333,0.0,0.0,0.0,0.0,154.0,78.0,28.0,17,1,0.5621198957428323,1.999999999953123,715.0,0.0,0.0,0.0,0.0,2
712.0,6.0,1.6116734847688798,0.0,0.0,0.0,0.0,0.0,692.0,8.0,0.806001944130585,0.0,0.0,64.6923076923077,0.0,0.0,0.0,0.0,80.0,1564.0,32.0,18,1,0.5621198957428323,1.91485421546371,714.5,0.0,0.0,0.0,0.0,3
710.0,7.0,1.3075644076220865,0.0,0.0,0.0,0.0,0.0,2150.0,6.0,0.0963978100708561,0.0,0.0,60.66666666666666,0.0,0.0,0.0,0.0,80.0,1220.0,36.0,19,1,0.5621198957428323,1.91485421546371,711.5,0.0,0.0,0.0,0.0,2
708.0,7.0,1.1767463909723517,0.0,0.0,0.0,0.0,0.0,1708.0,4.0,0.0944034051366966,0.0,0.0,56.833333333333336,0.0,0.0,0.0,0.0,90.0,370.0,28.0,20,1,0.5621198957428323,1.9148542154636805,708.5,0.0,0.0,0.0,0.0,2
712.0,4.0,0.8128626826005909,0.0,0.0,0.0,0.0,0.0,26.0,3.0,1.0928305535254883,0.0,0.0,51.5,0.0,0.0,0.0,0.0,54.0,1204.0,22.0,21,0,0.5621198957428323,3.6514837166754113,710.0,0.0,0.0,0.0,0.0,2
710.0,6.0,1.073662690508177,0.0,0.0,0.0,0.0,0.0,84.0,7.0,1.1955779633034218,0.0,0.0,48.13333333333333,0.0,0.0,0.0,0.0,54.0,866.0,30.0,22,0,0.5621198957428323,3.415650255292398,710.5,0.0,0.0,0.0,0.0,1
700.0,2.0,0.690794314243431,0.0,0.0,0.0,0.0,0.0,8.0,3.0,1.039720770836918,0.0,0.0,44.75,0.0,0.0,0.0,0.0,18.0,344.0,8.0,23,0,0.5621198957428323,4.898979485547231,704.0,0.0,0.0,0.0,0.0,2
708.0,4.0,0.9361137065078016,0.0,0.0,0.0,0.0,0.0,36.0,4.0,0.9257019111179668,2.0,0.0,42.85714285714285,0.0,0.0,0.0,0.0,206.0,640.0,60.0,0,0,0.5621198957428323,3.999999999976583,702.0,0.0,0.0,0.0,0.0,2
714.0,5.0,1.039604415512895,0.0,0.0,0.0,0.0,0.0,28.0,2.0,0.5982695885832573,2.0,0.0,40.0625,0.0,0.0,0.0,0.0,96.0,3532.0,36.0,1,0,0.5621198957428323,6.633249580696679,709.0,0.0,0.0,0.0,0.0,5
564.0,1.0,-1.000088900581841e-12,0.0,0.0,0.0,0.0,0.0,0.0,0.0,0.0,0.0,0.0,39.0,18.0,0.0,0.0,0.0,0.0,0.0,0.0,2,0,0.5621198957428323,74.67261881037663,676.0,0.0,0.0,0.0,0.0,2
0.0,0.0,0.0,0.0,0.0,0.0,0.0,0.0,0.0,0.0,0.0,0.0,0.0,38.0,24.0,0.0,0.0,0.0,0.0,0.0,0.0,3,0,0.5621198957428323,373.2720187745123,319.0,0.0,0.0,0.0,0.0,3
0.0,0.0,0.0,0.0,0.0,0.0,0.0,0.0,0.0,0.0,0.0,0.0,0.0,37.333333333333336,0.0,0.0,0.0,0.0,0.0,0.0,0.0,4,0,0.5621198957428323,0.0,0.0,0.0,0.0,0.0,0.0,3
0.0,0.0,0.0,0.0,0.0,0.0,0.0,0.0,0.0,0.0,0.0,0.0,0.0,37.0,24.0,0.0,0.0,0.0,0.0,0.0,0.0,5,0,0.5621198957428323,0.0,0.0,0.0,0.0,0.0,0.0,3
0.0,0.0,0.0,0.0,0.0,0.0,0.0,0.0,0.0,0.0,0.0,0.0,0.0,36.0,0.0,0.0,0.0,0.0,0.0,0.0,0.0,6,0,0.5621198957428323,0.0,0.0,0.0,0.0,0.0,0.0,3
238.0,1.0,-1.000088900581841e-12,0.0,0.0,0.0,0.0,0.0,20.0,2.0,0.5004024235361879,0.0,0.0,35.833333333333336,0.0,0.0,0.0,0.0,24.0,0.0,0.0,7,0,0.5621198957428323,118.99999999999926,59.5,0.0,0.0,0.0,0.0,3
710.0,5.0,1.2004351918396114,0.0,0.0,0.0,0.0,0.0,88.0,6.0,1.5561828068518124,0.0,0.0,34.25,0.0,0.0,0.0,0.0,328.0,646.0,76.0,8,1,0.5621198957428323,355.8927741141516,415.5,0.0,0.0,0.0,0.0,3
716.0,5.0,0.7752297113128834,0.0,0.0,0.0,0.0,0.0,434.0,3.0,0.1211809126390899,0.0,0.0,31.25,0.0,0.0,0.0,0.0,112.0,220.0,22.0,9,1,0.5621198957428323,2.516611478394035,713.5,0.0,0.0,0.0,0.0,3
712.0,7.0,1.5235612013540332,0.0,0.0,0.0,0.0,0.0,50.0,6.0,1.5487007913247073,0.0,0.0,26.88235294117647,0.0,0.0,0.0,0.0,116.0,4566.0,28.0,10,1,0.5621198957428323,1.6329931618099214,714.0,0.0,0.0,0.0,0.0,3
710.0,1.0,-1.000088900581841e-12,0.0,0.0,0.0,0.0,0.0,3486.0,3.0,0.345594116299842,0.0,0.0,50.06666666666667,0.0,0.0,0.0,0.0,64.0,0.0,0.0,11,1,0.5621198957428323,10.132456102373103,707.0,0.0,0.0,0.0,0.0,3
714.0,5.0,0.9668696476966284,0.0,0.0,0.0,0.0,0.0,282.0,5.0,0.2004807497971189,0.0,0.0,84.0,0.0,0.0,0.0,0.0,0.0,10094.0,0.0,12,1,0.5621198957428323,10.132456102373103,707.0,0.0,0.0,0.0,0.0,3
716.0,4.0,0.7590111034722393,0.0,0.0,0.0,0.0,0.0,72.0,5.0,1.2248290306965544,0.0,0.0,98.86666666666666,0.0,0.0,0.0,0.0,68.0,2072.0,26.0,13,1,0.5621198957428323,1.9148542154738624,713.5,0.0,0.0,0.0,0.0,3
716.0,5.0,1.1845059637801203,0.0,0.0,0.0,0.0,0.0,20.0,4.0,1.0888999753412236,0.0,0.0,94.42857142857144,0.0,0.0,0.0,0.0,136.0,2108.0,42.0,14,1,0.5621198957428323,1.9148542154738624,714.5,0.0,0.0,0.0,0.0,3
712.0,8.0,1.575589758616577,0.0,0.0,0.0,0.0,0.0,206.0,11.0,1.4612503274882127,0.0,0.0,89.625,0.0,0.0,0.0,0.0,306.0,2236.0,74.0,15,1,0.5621198957428323,3.4156502552981065,712.5,0.0,0.0,0.0,0.0,2
712.0,6.0,1.2398402325532376,0.0,0.0,0.0,0.0,0.0,226.0,5.0,0.2735070916858513,0.0,0.0,83.71428571428571,0.0,0.0,0.0,0.0,190.0,5116.0,8.0,16,1,0.5621198957428323,2.516611478394058,711.5,0.0,0.0,0.0,0.0,2
704.0,8.0,1.169265112766768,0.0,0.0,0.0,0.0,0.0,914.0,5.0,0.1725562350024551,0.0,0.0,80.72727272727273,0.0,0.0,0.0,0.0,236.0,1320.0,68.0,17,1,0.5621198957428323,5.887840577539279,708.0,0.0,0.0,0.0,0.0,2
710.0,2.0,0.6668859288354595,0.0,0.0,0.0,0.0,0.0,2292.0,3.0,0.0408842268618849,0.0,0.0,76.61111111111111,0.0,0.0,0.0,0.0,126.0,614.0,22.0,18,1,0.5621198957428323,4.123105625599644,706.5,0.0,0.0,0.0,0.0,3
702.0,5.0,1.2080616457280773,0.0,0.0,0.0,0.0,0.0,22.0,5.0,1.4142790651197086,0.0,0.0,73.83333333333333,0.0,0.0,0.0,0.0,210.0,1266.0,54.0,19,1,0.5621198957428323,3.785938897180564,707.5,0.0,0.0,0.0,0.0,3
708.0,7.0,1.3322347920139748,0.0,0.0,0.0,0.0,0.0,48.0,4.0,1.0377968161123392,0.0,0.0,67.63636363636364,0.0,0.0,0.0,0.0,220.0,2700.0,72.0,20,1,0.5621198957428323,6.6332495806996095,709.0,0.0,0.0,0.0,0.0,3
706.0,4.0,0.8468916169068833,0.0,0.0,0.0,0.0,0.0,22.0,4.0,1.1622255449170922,0.0,0.0,60.76470588235294,0.0,0.0,0.0,0.0,132.0,3148.0,22.0,21,0,0.5621198957428323,5.2915026221151535,711.0,0.0,0.0,0.0,0.0,4
712.0,5.0,0.5665146641251408,0.0,0.0,0.0,0.0,0.0,32.0,3.0,0.9743147528663496,0.0,0.0,53.42857142857143,0.0,0.0,0.0,0.0,184.0,754.0,76.0,22,0,0.5621198957428323,2.8284271247199264,710.0,0.0,0.0,0.0,0.0,3
700.0,2.0,0.2925084684703972,0.0,0.0,0.0,0.0,0.0,6.0,2.0,0.6365141682928128,0.0,0.0,50.71428571428572,0.0,0.0,0.0,0.0,92.0,522.0,8.0,23,0,0.5621198957428323,5.507570547272616,706.5,0.0,0.0,0.0,0.0,3
706.0,4.0,0.5076413574745644,0.0,0.0,0.0,0.0,0.0,30.0,3.0,0.8033149761378756,2.0,0.0,49.09090909090909,0.0,0.0,0.0,0.0,230.0,1062.0,66.0,0,0,0.5621198957428323,3.651483716680774,702.0,0.0,0.0,0.0,0.0,3
538.0,1.0,-1.000088900581841e-12,0.0,0.0,0.0,0.0,0.0,0.0,0.0,0.0,0.0,0.0,48.0,38.0,0.0,0.0,0.0,0.0,0.0,0.0,1,0,0.5621198957428323,84.25358548255687,664.0,0.0,0.0,0.0,0.0,3
0.0,0.0,0.0,0.0,0.0,0.0,0.0,0.0,0.0,0.0,0.0,0.0,0.0,47.0,44.0,0.0,0.0,0.0,0.0,0.0,0.0,2,0,0.5621198957428323,368.4942333334402,313.0,0.0,0.0,0.0,0.0,3
0.0,0.0,0.0,0.0,0.0,0.0,0.0,0.0,0.0,0.0,0.0,0.0,0.0,46.5,0.0,0.0,0.0,0.0,0.0,0.0,0.0,3,0,0.5621198957428323,0.0,0.0,0.0,0.0,0.0,0.0,3
0.0,0.0,0.0,0.0,0.0,0.0,0.0,0.0,4.0,1.0,-1.000088900581841e-12,0.0,0.0,46.0,42.0,0.0,0.0,0.0,0.0,0.0,0.0,4,0,0.5621198957428323,0.0,0.0,0.0,0.0,0.0,0.0,3
0.0,0.0,0.0,0.0,0.0,0.0,0.0,0.0,0.0,0.0,0.0,0.0,0.0,45.0,0.0,0.0,0.0,0.0,0.0,0.0,0.0,5,0,0.5621198957428323,0.0,0.0,0.0,0.0,0.0,0.0,3
0.0,0.0,0.0,0.0,0.0,0.0,0.0,0.0,2.0,1.0,-1.000088900581841e-12,0.0,0.0,45.0,0.0,0.0,0.0,0.0,0.0,0.0,0.0,6,0,0.5621198957428323,0.0,0.0,0.0,0.0,0.0,0.0,3
0.0,0.0,0.0,0.0,0.0,0.0,0.0,0.0,8.0,2.0,0.6931471805579453,0.0,0.0,44.0,0.0,0.0,0.0,0.0,0.0,0.0,0.0,7,0,0.5621198957428323,0.0,0.0,0.0,0.0,0.0,0.0,3
714.0,1.0,-1.000088900581841e-12,0.0,0.0,0.0,0.0,0.0,4.0,1.0,-1.000088900581841e-12,0.0,0.0,43.16666666666666,0.0,0.0,0.0,0.0,0.0,0.0,0.0,8,1,0.5621198957428323,412.2280922013926,357.0,0.0,0.0,0.0,0.0,3
714.0,1.0,-1.000088900581841e-12,0.0,0.0,0.0,0.0,0.0,16.0,2.0,0.5623351446168083,0.0,0.0,42.333333333333336,0.0,0.0,0.0,0.0,92.0,0.0,12.0,9,1,0.5621198957428323,0.999999999915919,713.5,0.0,0.0,0.0,0.0,3
602.0,2.0,0.0222772335280707,0.0,0.0,0.0,0.0,0.0,46.0,5.0,0.8980827500563234,0.0,0.0,41.5,28.0,0.0,0.0,0.0,46.0,0.0,4.0,10,1,0.5621198957428323,55.67465012612562,685.5,0.0,0.0,0.0,0.0,2
700.0,2.0,0.5120577590022442,0.0,0.0,0.0,0.0,0.0,50.0,3.0,0.707785886565229,0.0,0.0,38.125,0.0,0.0,0.0,0.0,156.0,378.0,54.0,11,1,0.5621198957428323,52.97798284822195,681.0,0.0,0.0,0.0,0.0,2
710.0,5.0,1.0531183613709123,0.0,0.0,0.0,0.0,0.0,14.0,2.0,0.5982695885832573,0.0,0.0,32.44444444444444,0.0,0.0,0.0,0.0,108.0,3684.0,20.0,12,1,0.5621198957428323,4.434711565197692,706.5,0.0,0.0,0.0,0.0,2
704.0,3.0,0.7583175467496883,0.0,0.0,0.0,0.0,0.0,48.0,4.0,0.8823830530708152,0.0,0.0,28.33333333333333,0.0,0.0,0.0,0.0,108.0,1868.0,46.0,13,1,0.5621198957428323,4.434711565197692,705.5,0.0,0.0,0.0,0.0,2
708.0,4.0,0.6709582161606822,0.0,0.0,0.0,0.0,0.0,36.0,4.0,1.0419792763989772,0.0,0.0,25.75,0.0,0.0,0.0,0.0,540.0,2302.0,62.0,14,1,0.5621198957428323,4.434711565197679,702.5,0.0,0.0,0.0,0.0,2
706.0,6.0,1.355379269162959,0.0,0.0,0.0,0.0,0.0,94.0,3.0,0.7804406676169812,0.0,0.0,22.545454545454547,0.0,0.0,0.0,0.0,648.0,3366.0,164.0,15,1,0.5621198957428323,4.3204937989190535,704.0,0.0,0.0,0.0,0.0,3
706.0,4.0,0.9613706529700844,0.0,0.0,0.0,0.0,0.0,66.0,4.0,1.1440080395620598,0.0,0.0,17.857142857142858,0.0,0.0,0.0,0.0,324.0,778.0,44.0,16,1,0.5621198957428323,1.6329931618038067,706.0,0.0,0.0,0.0,0.0,2
210.0,4.0,0.958958139791548,0.0,0.0,0.0,0.0,0.0,94.0,5.0,0.7321467456131011,0.0,154.0,21.125,0.0,0.0,38.0,0.0,472.0,10230.0,74.0,18,1,0.5621198957428323,330.8952502933013,424.5,0.0,0.0,0.0,0.0,3
708.0,2.0,0.0194007998621311,0.0,0.0,0.0,0.0,0.0,566.0,7.0,0.7877842625824887,0.0,0.0,50.9,0.0,0.0,0.0,0.0,162.0,130.0,18.0,19,1,0.5621198957428323,330.3291287993433,424.0,0.0,0.0,0.0,0.0,2
706.0,1.0,-1.000088900581841e-12,0.0,0.0,0.0,0.0,0.0,314.0,3.0,0.0770681421447779,0.0,0.0,90.06666666666666,0.0,0.0,0.0,0.0,0.0,0.0,0.0,20,1,0.5621198957428323,2.581988897440929,705.0,0.0,0.0,0.0,0.0,3
702.0,5.0,1.2534340671972546,0.0,0.0,0.0,0.0,0.0,24.0,4.0,1.126928794796676,0.0,0.0,100.0,0.0,0.0,0.0,0.0,324.0,754.0,64.0,21,0,0.5621198957428323,258.6735394275956,574.0,0.0,0.0,0.0,0.0,1
696.0,3.0,0.2572979390334367,0.0,0.0,0.0,0.0,0.0,8.0,2.0,0.6931471805579453,0.0,0.0,100.0,0.0,0.0,0.0,0.0,108.0,170.0,4.0,22,0,0.5621198957428323,256.67878759258593,571.0,0.0,0.0,0.0,0.0,2
702.0,1.0,-1.000088900581841e-12,0.0,0.0,0.0,0.0,0.0,10.0,2.0,0.5004024235361879,0.0,0.0,97.83333333333331,0.0,0.0,0.0,0.0,216.0,20.0,24.0,23,0,0.5621198957428323,4.999999999984146,701.5,0.0,0.0,0.0,0.0,2
708.0,8.0,1.4763118258473271,0.0,0.0,0.0,0.0,0.0,56.0,5.0,1.2261932058674232,0.0,0.0,95.5,0.0,40.0,0.0,38.0,718.0,2830.0,70.0,0,0,0.5621198957428323,4.898979485550187,704.0,0.0,0.0,0.0,0.0,1
714.0,1.0,-1.000088900581841e-12,0.0,0.0,0.0,0.0,0.0,4.0,1.0,-1.000088900581841e-12,0.0,0.0,94.0,0.0,0.0,0.0,0.0,0.0,0.0,0.0,1,0,0.5621198957428323,7.118052168009749,708.0,0.0,0.0,0.0,0.0,2
0.0,0.0,0.0,0.0,0.0,0.0,0.0,0.0,0.0,0.0,0.0,0.0,0.0,93.16666666666669,0.0,0.0,0.0,0.0,0.0,0.0,0.0,2,0,0.5621198957428323,405.4002137805716,362.0,0.0,0.0,0.0,0.0,2
0.0,0.0,0.0,0.0,0.0,0.0,0.0,0.0,0.0,0.0,0.0,0.0,0.0,93.0,0.0,0.0,0.0,0.0,0.0,0.0,0.0,3,0,0.5621198957428323,10.999999999992358,5.5,0.0,0.0,0.0,0.0,2
0.0,0.0,0.0,0.0,0.0,0.0,0.0,0.0,4.0,1.0,-1.000088900581841e-12,0.0,0.0,92.0,34.0,0.0,0.0,0.0,0.0,0.0,0.0,4,0,0.5621198957428323,0.0,0.0,0.0,0.0,0.0,0.0,2
0.0,0.0,0.0,0.0,0.0,0.0,0.0,0.0,0.0,0.0,0.0,0.0,0.0,92.0,0.0,0.0,0.0,0.0,0.0,0.0,0.0,5,0,0.5621198957428323,0.0,0.0,0.0,0.0,0.0,0.0,2
0.0,0.0,0.0,0.0,0.0,0.0,0.0,0.0,0.0,0.0,0.0,0.0,0.0,91.0,0.0,0.0,0.0,0.0,0.0,0.0,0.0,6,0,0.5621198957428323,0.0,0.0,0.0,0.0,0.0,0.0,2
0.0,0.0,0.0,0.0,0.0,0.0,0.0,0.0,8.0,2.0,0.6931471805579453,0.0,0.0,90.66666666666669,0.0,0.0,0.0,0.0,0.0,0.0,0.0,7,0,0.5621198957428323,0.0,0.0,0.0,0.0,0.0,0.0,2
716.0,1.0,-1.000088900581841e-12,0.0,0.0,0.0,0.0,0.0,16.0,1.0,-1.000088900581841e-12,0.0,0.0,90.0,0.0,0.0,0.0,0.0,58.0,0.0,0.0,8,1,0.5621198957428323,412.231326643993,357.0,0.0,0.0,0.0,0.0,3
714.0,1.0,-1.000088900581841e-12,0.0,0.0,0.0,0.0,0.0,12.0,1.0,-1.000088900581841e-12,0.0,0.0,89.0,0.0,0.0,0.0,0.0,58.0,0.0,0.0,9,1,0.5621198957428323,1.6329931618019848,714.0,0.0,0.0,0.0,0.0,2
710.0,7.0,1.438498918445941,0.0,0.0,0.0,0.0,0.0,30.0,3.0,0.6277052571941504,0.0,0.0,85.71428571428571,0.0,0.0,0.0,0.0,476.0,4636.0,66.0,10,1,0.5621198957428323,2.99999999997089,711.5,0.0,0.0,0.0,0.0,3
700.0,3.0,0.700896142381567,0.0,0.0,0.0,0.0,0.0,1326.0,6.0,0.1128874449577122,0.0,0.0,81.83333333333333,0.0,0.0,0.0,0.0,208.0,214.0,64.0,11,1,0.5621198957428323,4.320493798918352,706.0,0.0,0.0,0.0,0.0,2
712.0,7.0,1.2151129063518986,0.0,0.0,0.0,0.0,0.0,924.0,5.0,0.1557281859218199,0.0,0.0,76.68181818181819,0.0,0.0,0.0,0.0,192.0,4412.0,16.0,12,1,0.5621198957428323,4.898979485548524,706.0,0.0,0.0,0.0,0.0,2
716.0,3.0,0.2945067843819127,0.0,0.0,0.0,0.0,0.0,8.0,3.0,1.039720770836918,0.0,0.0,68.9,0.0,0.0,0.0,0.0,0.0,1626.0,0.0,13,1,0.5621198957428323,4.320493798918371,712.0,0.0,0.0,13.0,6.5,2
698.0,3.0,0.6003492848506404,0.0,0.0,0.0,16.0,0.0,64.0,5.0,0.998778509147884,0.0,0.0,65.83333333333333,0.0,0.0,0.0,0.0,382.0,1906.0,60.0,14,1,0.5621198957428323,10.456258094230394,706.0,0.0,0.0,12.793227374930323,10.5,2
708.0,3.0,0.6239228319714102,0.0,0.0,0.0,0.0,0.0,44.0,3.0,0.7924891052643698,0.0,0.0,61.333333333333336,0.0,0.0,0.0,0.0,528.0,876.0,52.0,15,1,0.5621198957428323,6.403124237419206,702.5,0.0,0.0,7.999999999999999,4.0,3
706.0,3.0,0.8272083730631763,0.0,0.0,0.0,0.0,0.0,1028.0,4.0,0.0916821925429434,0.0,0.0,58.3,0.0,0.0,0.0,0.0,340.0,3006.0,44.0,16,1,0.5621198957428323,1.914854215467094,706.5,0.0,0.0,0.0,0.0,2
710.0,9.0,1.2485918454720988,0.0,0.0,0.0,0.0,0.0,806.0,5.0,0.1076581373728149,0.0,0.0,55.388888888888886,0.0,0.0,0.0,0.0,70.0,3950.0,0.0,17,1,0.5621198957428323,3.415650255294312,705.5,0.0,0.0,0.0,0.0,3
708.0,4.0,0.8077802905335218,0.0,0.0,0.0,0.0,0.0,12.0,3.0,0.8675632284784613,0.0,0.0,49.16666666666666,0.0,0.0,0.0,0.0,210.0,5712.0,26.0,18,1,0.5621198957428323,4.1231056255964935,705.5,0.0,0.0,0.0,0.0,3
716.0,4.0,0.6759052710949125,0.0,0.0,0.0,30.0,0.0,12.0,3.0,1.0114042647043515,0.0,0.0,43.6,0.0,0.0,0.0,0.0,70.0,3032.0,8.0,19,1,0.5621198957428323,5.773502691881153,709.0,0.0,0.0,22.11334438749598,18.5,3
706.0,7.0,0.8523777453077954,0.0,0.0,0.0,0.0,0.0,66.0,6.0,1.1043064524696025,0.0,0.0,33.63636363636363,0.0,0.0,0.0,0.0,350.0,4198.0,52.0,20,1,0.5621198957428323,5.5075705472702525,712.5,0.0,0.0,22.11334438749598,18.5,3
706.0,4.0,0.8804014911122731,0.0,0.0,0.0,0.0,0.0,52.0,5.0,1.2103066582295008,0.0,0.0,31.09090909090909,0.0,0.0,0.0,0.0,700.0,4158.0,108.0,21,0,0.5621198957428323,8.246211251224748,707.0,0.0,0.0,0.0,0.0,2
