0.0,0.0,0.0,0.0,0.0,0.0,0.0,0.0,4.0,1.0,-1.000088900581841e-12,0.0,0.0,100.0,0.0,0.0,0.0,0.0,0.0,0.0,0.0,7,0,0.5491803278688525,0.0,0.0,0.0,0.0,0.0,0.0,2
636.0,3.0,0.2676064124319515,0.0,8.0,0.0,0.0,0.0,50.0,7.0,1.8360665251163133,0.0,0.0,98.625,0.0,0.0,0.0,0.0,32.0,156.0,8.0,7,0,0.5491803278688525,449.7199128346442,318.0,5.656854249492381,4.0,0.0,0.0,2
688.0,6.0,1.2504520097354344,0.0,0.0,0.0,0.0,0.0,40.0,4.0,1.2798542258296677,0.0,0.0,95.8,0.0,0.0,0.0,0.0,40.0,576.0,14.0,8,1,0.5491803278688525,383.0891976202584,441.3333333333333,4.618802153517007,2.6666666666666665,0.0,0.0,2
682.0,3.0,0.7073020893139339,0.0,0.0,0.0,0.0,0.0,48.0,6.0,1.451700379084459,0.0,0.0,94.0,0.0,0.0,0.0,0.0,24.0,30.0,14.0,8,1,0.5491803278688525,335.13927453125115,501.5,4.0,2.0,0.0,0.0,2
712.0,4.0,1.1372132388061489,0.0,0.0,0.0,6.0,0.0,78.0,7.0,1.652985763641242,0.0,0.0,82.6,0.0,0.0,0.0,0.0,56.0,768.0,26.0,11,1,0.5491803278688525,15.000000000000217,691.5,0.0,0.0,4.123105625617661,3.5,2
686.0,4.0,0.5798339148235727,0.0,0.0,0.0,0.0,0.0,20.0,4.0,1.0888999753412236,0.0,0.0,78.9,0.0,0.0,0.0,0.0,24.0,394.0,16.0,11,1,0.5491803278688525,12.11060141639024,694.0,0.0,0.0,4.123105625617661,3.5,2
700.0,4.0,1.1052428895368025,0.0,0.0,0.0,0.0,0.0,114.0,4.0,0.9178871108518228,0.0,0.0,67.75,0.0,0.0,0.0,0.0,88.0,1598.0,54.0,14,1,0.5491803278688525,9.983319421248272,689.5,0.0,0.0,0.0,0.0,3
702.0,3.0,0.5002733398248976,0.0,0.0,0.0,0.0,0.0,170.0,7.0,1.1458016207188868,0.0,0.0,62.41666666666666,0.0,0.0,0.0,0.0,136.0,3044.0,50.0,14,1,0.5491803278688525,9.018499505646147,695.0,0.0,0.0,0.0,0.0,2
702.0,4.0,0.643919809940299,0.0,0.0,0.0,0.0,0.0,576.0,5.0,0.9910138637288768,0.0,0.0,57.888888888888886,0.0,0.0,0.0,0.0,160.0,3432.0,58.0,15,1,0.5491803278688525,2.828427124747302,700.0,0.0,0.0,0.0,0.0,2
696.0,3.0,0.847475470058277,0.0,0.0,0.0,0.0,0.0,54.0,5.0,1.3914583869633386,0.0,0.0,54.266666666666666,0.0,0.0,0.0,0.0,20.0,340.0,4.0,15,1,0.5491803278688525,2.828427124747302,700.0,0.0,0.0,0.0,0.0,2
698.0,6.0,0.7890489519543804,0.0,0.0,0.0,10.0,0.0,270.0,7.0,0.8072938482645685,0.0,0.0,51.583333333333336,0.0,0.0,0.0,0.0,90.0,162.0,18.0,16,1,0.5491803278688525,3.0000000000010485,699.5,0.0,0.0,5.0,2.5,2
714.0,4.0,0.0869962560710606,0.0,0.0,0.0,0.0,0.0,140.0,6.0,1.256007097693553,0.0,0.0,48.03333333333333,0.0,0.0,0.0,0.0,0.0,276.0,0.0,16,1,0.5491803278688525,8.062257748298947,702.5,0.0,0.0,5.0,2.5,2
714.0,6.0,0.3989482799945292,0.0,0.0,0.0,4.0,0.0,64.0,5.0,0.9358177378930286,0.0,0.0,42.6,0.0,0.0,0.0,0.0,0.0,312.0,0.0,17,1,0.5491803278688525,9.848857801796436,705.5,0.0,0.0,4.725815626252608,3.5,2
700.0,6.0,1.0180288591218885,0.0,0.0,0.0,0.0,0.0,132.0,8.0,1.417391006275173,0.0,0.0,38.63636363636363,0.0,0.0,0.0,0.0,90.0,544.0,20.0,17,1,0.5491803278688525,8.698658900466969,706.5,0.0,0.0,4.725815626252608,3.5,2
668.0,5.0,0.2884921210693198,0.0,0.0,0.0,0.0,0.0,32.0,5.0,1.4013926466031228,0.0,0.0,35.42857142857143,0.0,0.0,0.0,0.0,30.0,186.0,4.0,18,1,0.5491803278688525,21.69485346036413,699.0,0.0,0.0,2.0000000000000004,1.0,2
672.0,2.0,0.0364344158679368,0.0,0.0,0.0,0.0,0.0,158.0,6.0,1.0094726000056808,0.0,0.0,34.285714285714285,0.0,0.0,0.0,0.0,50.0,42.0,6.0,18,1,0.5491803278688525,22.17355782608361,688.5,0.0,0.0,2.0000000000000004,1.0,2
676.0,1.0,-1.000088900581841e-12,0.0,0.0,0.0,0.0,0.0,156.0,4.0,0.3057328276333823,0.0,0.0,33.333333333333336,0.0,0.0,0.0,0.0,0.0,0.0,0.0,19,1,0.5491803278688525,14.375905768565453,679.0,0.0,0.0,0.0,0.0,2
684.0,6.0,0.9971870571171444,0.0,0.0,0.0,0.0,0.0,150.0,8.0,1.1249222969009784,0.0,0.0,31.77777777777778,0.0,0.0,0.0,0.0,54.0,550.0,26.0,19,1,0.5491803278688525,6.831300510640231,675.0,0.0,0.0,0.0,0.0,2
622.0,8.0,0.6783091178171048,0.0,0.0,0.0,0.0,0.0,138.0,7.0,1.419780147491366,0.0,0.0,29.0,0.0,0.0,0.0,0.0,42.0,200.0,14.0,20,1,0.5491803278688525,28.112867753634468,663.5,0.0,0.0,0.0,0.0,2
698.0,2.0,0.1947010438931782,0.0,0.0,0.0,0.0,0.0,138.0,8.0,0.8840502436739807,0.0,0.0,24.925925925925927,0.0,0.0,0.0,0.0,14.0,352.0,8.0,20,1,0.5491803278688525,33.26659986633251,670.0,0.0,0.0,0.0,0.0,2
694.0,6.0,1.343459431648662,0.0,0.0,0.0,0.0,0.0,208.0,11.0,1.7538953844329166,0.0,0.0,19.954545454545453,0.0,0.0,0.0,0.0,112.0,694.0,24.0,21,0,0.5491803278688525,35.49178308660576,674.5,0.0,0.0,0.0,0.0,2
432.0,3.0,0.864835811887108,0.0,0.0,0.0,0.0,0.0,96.0,4.0,0.433129305886651,0.0,0.0,16.5,0.0,0.0,0.0,0.0,48.0,1846.0,16.0,21,0,0.5491803278688525,124.6581993559456,611.5,0.0,0.0,0.0,0.0,2
644.0,3.0,0.12569822685017,0.0,0.0,0.0,0.0,0.0,266.0,4.0,0.3754862769965451,0.0,0.0,9.666666666666666,0.0,0.0,0.0,0.0,20.0,334.0,10.0,22,0,0.5491803278688525,125.756378234532,617.0,0.0,0.0,0.0,0.0,2
670.0,3.0,0.1647020291304242,0.0,0.0,0.0,0.0,0.0,70.0,4.0,0.743317224188063,2.0,20.0,20.43478260869565,0.0,0.0,0.0,0.0,20.0,80.0,8.0,22,0,0.5491803278688525,120.4104092953208,610.0,0.0,0.0,0.0,0.0,2
0.0,0.0,0.0,0.0,0.0,0.0,0.0,0.0,0.0,0.0,0.0,0.0,0.0,100.0,0.0,0.0,0.0,0.0,0.0,0.0,0.0,5,0,0.5491803278688525,0.0,0.0,0.0,0.0,0.0,0.0,2
0.0,0.0,0.0,0.0,0.0,0.0,0.0,0.0,0.0,0.0,0.0,0.0,0.0,100.0,0.0,0.0,0.0,0.0,0.0,0.0,0.0,5,0,0.5491803278688525,0.0,0.0,0.0,0.0,0.0,0.0,2
0.0,0.0,0.0,0.0,0.0,0.0,0.0,0.0,2.0,1.0,-1.000088900581841e-12,0.0,0.0,100.0,0.0,0.0,0.0,0.0,0.0,0.0,0.0,6,0,0.5491803278688525,0.0,0.0,0.0,0.0,0.0,0.0,2
0.0,0.0,0.0,0.0,0.0,0.0,0.0,0.0,0.0,0.0,0.0,0.0,0.0,100.0,0.0,0.0,0.0,0.0,0.0,0.0,0.0,6,0,0.5491803278688525,0.0,0.0,0.0,0.0,0.0,0.0,2
0.0,0.0,0.0,0.0,0.0,0.0,0.0,0.0,4.0,1.0,-1.000088900581841e-12,0.0,0.0,100.0,0.0,0.0,0.0,0.0,0.0,0.0,0.0,7,0,0.5491803278688525,0.0,0.0,0.0,0.0,0.0,0.0,2
636.0,5.0,0.7564528110033765,0.0,24.0,0.0,0.0,0.0,138.0,10.0,1.878102322298819,0.0,0.0,98.41666666666669,0.0,0.0,0.0,0.0,132.0,406.0,48.0,7,0,0.5491803278688525,318.0,159.0,12.0,6.0,0.0,0.0,2
696.0,4.0,0.9467186526130558,0.0,0.0,0.0,0.0,0.0,62.0,4.0,1.1556964882609284,0.0,0.0,95.23529411764706,0.0,0.0,0.0,0.0,132.0,1470.0,20.0,8,1,0.5491803278688525,385.29469241088697,333.0,12.0,6.0,0.0,0.0,2
680.0,4.0,0.0906233675256141,0.0,0.0,0.0,10.0,0.0,68.0,5.0,1.5220874333339829,0.0,0.0,86.625,0.0,0.0,0.0,0.0,242.0,90.0,18.0,10,1,0.5491803278688525,4.618802153517786,676.0,0.0,0.0,5.0,2.5,2
696.0,5.0,1.1217642681035769,0.0,0.0,0.0,14.0,0.0,176.0,7.0,1.324533158664453,0.0,0.0,82.10526315789474,0.0,0.0,0.0,0.0,110.0,3942.0,22.0,11,1,0.5491803278688525,10.06644591369468,682.0,0.0,0.0,7.118052168020874,6.0,2
680.0,4.0,0.21426640678439,0.0,0.0,0.0,0.0,0.0,18.0,3.0,0.9649629230044278,0.0,0.0,77.5,0.0,0.0,0.0,0.0,72.0,252.0,16.0,11,1,0.5491803278688525,10.06644591369468,682.0,0.0,0.0,7.118052168020874,6.0,2
676.0,2.0,0.0362540490054078,0.0,0.0,0.0,0.0,0.0,18.0,5.0,1.5810937501668236,0.0,0.0,60.5,0.0,0.0,0.0,0.0,50.0,62.0,14.0,14,1,0.5491803278688525,9.52190457139084,682.0,0.0,0.0,0.0,0.0,2
686.0,2.0,0.5176795196613342,0.0,0.0,0.0,0.0,0.0,140.0,5.0,1.161778288504289,0.0,0.0,57.625,0.0,0.0,0.0,0.0,182.0,924.0,38.0,14,1,0.5491803278688525,9.574271077563756,683.5,0.0,0.0,0.0,0.0,3
674.0,4.0,0.6688005051661994,0.0,0.0,0.0,18.0,0.0,136.0,7.0,1.3194913620363375,0.0,0.0,55.36363636363637,0.0,0.0,0.0,0.0,104.0,246.0,20.0,15,1,0.5491803278688525,10.132456102380797,683.0,0.0,0.0,9.0,4.5,3
714.0,2.0,0.0485286554040802,0.0,0.0,0.0,0.0,0.0,46.0,3.0,0.4702359623522493,0.0,0.0,52.0,0.0,0.0,0.0,0.0,0.0,394.0,0.0,15,1,0.5491803278688525,18.43004792903898,687.5,0.0,0.0,9.0,4.5,3
714.0,2.0,0.0346318332485284,0.0,0.0,0.0,0.0,0.0,58.0,4.0,0.8827614628249554,0.0,0.0,45.93333333333333,0.0,0.0,0.0,0.0,0.0,334.0,0.0,16,1,0.5491803278688525,20.231987873991528,697.0,0.0,0.0,9.0,4.5,2
704.0,5.0,0.8658663924914154,0.0,0.0,0.0,8.0,0.0,52.0,5.0,1.316944686007954,0.0,0.0,40.72727272727273,0.0,0.0,0.0,0.0,26.0,432.0,12.0,16,1,0.5491803278688525,18.9296944860011,701.5,0.0,0.0,8.54400374531753,6.5,3
670.0,2.0,0.0511435272073096,0.0,0.0,0.0,0.0,0.0,12.0,4.0,1.3296613488507585,0.0,0.0,37.66666666666666,0.0,0.0,0.0,0.0,104.0,38.0,12.0,17,1,0.5491803278688525,20.872629605937863,700.5,0.0,0.0,4.0,2.0,3
666.0,5.0,0.5914397291278726,0.0,0.0,0.0,0.0,0.0,40.0,5.0,1.2375971682275573,0.0,0.0,36.16666666666666,0.0,0.0,0.0,0.0,78.0,90.0,28.0,17,1,0.5491803278688525,24.076267706325947,688.5,0.0,0.0,4.0,2.0,3
672.0,4.0,0.1780580479802321,0.0,0.0,0.0,0.0,0.0,38.0,6.0,1.5581446180405498,0.0,0.0,35.0,0.0,0.0,0.0,0.0,28.0,100.0,8.0,18,1,0.5491803278688525,17.511900715418463,678.0,0.0,0.0,4.0,2.0,4
696.0,7.0,1.0286512149074731,0.0,0.0,0.0,0.0,0.0,176.0,7.0,1.345275344027588,0.0,0.0,32.333333333333336,0.0,0.0,0.0,0.0,330.0,1650.0,46.0,18,1,0.5491803278688525,13.5646599662508,676.0,0.0,0.0,0.0,0.0,4
668.0,6.0,0.7879070404835254,0.0,0.0,0.0,0.0,0.0,94.0,6.0,1.4523984649636077,0.0,0.0,28.714285714285715,0.0,0.0,0.0,0.0,136.0,1112.0,28.0,19,1,0.5491803278688525,13.892443989450062,675.5,0.0,0.0,0.0,0.0,3
680.0,6.0,1.0102315606447476,0.0,0.0,0.0,0.0,0.0,44.0,5.0,1.4681399390112089,0.0,0.0,25.916666666666668,0.0,0.0,0.0,0.0,136.0,1128.0,68.0,19,1,0.5491803278688525,12.3827837473381,679.0,0.0,0.0,0.0,0.0,3
690.0,3.0,0.6277623384332603,0.0,0.0,0.0,0.0,0.0,50.0,5.0,1.0495537273752094,0.0,0.0,21.285714285714285,0.0,0.0,0.0,0.0,140.0,426.0,8.0,20,1,0.5491803278688525,12.26104943849997,683.5,0.0,0.0,0.0,0.0,3
654.0,1.0,-1.000088900581841e-12,0.0,0.0,0.0,0.0,0.0,6.0,2.0,0.6365141682928128,0.0,0.0,18.5,0.0,0.0,0.0,0.0,36.0,0.0,0.0,20,1,0.5491803278688525,15.5349069303083,673.0,0.0,0.0,0.0,0.0,3
648.0,2.0,0.0209234528245329,0.0,0.0,0.0,0.0,0.0,30.0,6.0,1.6170531525035536,0.0,0.0,17.333333333333332,0.0,0.0,0.0,0.0,108.0,0.0,0.0,21,0,0.5491803278688525,20.199009876724336,668.0,0.0,0.0,0.0,0.0,3
254.0,5.0,1.2810472701637583,0.0,0.0,0.0,0.0,0.0,182.0,11.0,1.0546231475464778,0.0,0.0,15.25,0.0,0.0,0.0,0.0,254.0,1400.0,56.0,21,0,0.5491803278688525,205.8373144014467,561.5,0.0,0.0,0.0,0.0,3
666.0,3.0,0.806801903680714,0.0,44.0,0.0,0.0,0.0,64.0,6.0,1.1076842176922592,4.0,42.0,14.241379310344827,0.0,0.0,0.0,0.0,0.0,2118.0,0.0,22,0,0.5491803278688525,201.1392552437241,555.5,22.0,11.0,0.0,0.0,3
0.0,0.0,0.0,0.0,0.0,0.0,0.0,0.0,0.0,0.0,0.0,0.0,0.0,100.0,0.0,0.0,0.0,0.0,0.0,0.0,0.0,4,0,0.5491803278688525,0.0,0.0,0.0,0.0,0.0,0.0,2
0.0,0.0,0.0,0.0,0.0,0.0,0.0,0.0,4.0,1.0,-1.000088900581841e-12,0.0,0.0,100.0,0.0,0.0,0.0,0.0,0.0,0.0,0.0,5,0,0.5491803278688525,0.0,0.0,0.0,0.0,0.0,0.0,2
0.0,0.0,0.0,0.0,0.0,0.0,0.0,0.0,0.0,0.0,0.0,0.0,0.0,100.0,0.0,0.0,0.0,0.0,0.0,0.0,0.0,5,0,0.5491803278688525,0.0,0.0,0.0,0.0,0.0,0.0,2
0.0,0.0,0.0,0.0,0.0,0.0,0.0,0.0,2.0,1.0,-1.000088900581841e-12,0.0,0.0,100.0,0.0,0.0,0.0,0.0,0.0,0.0,0.0,6,0,0.5491803278688525,0.0,0.0,0.0,0.0,0.0,0.0,2
0.0,0.0,0.0,0.0,0.0,0.0,0.0,0.0,2.0,1.0,-1.000088900581841e-12,0.0,0.0,100.0,0.0,0.0,0.0,0.0,0.0,0.0,0.0,6,0,0.5491803278688525,0.0,0.0,0.0,0.0,0.0,0.0,2
0.0,0.0,0.0,0.0,0.0,0.0,0.0,0.0,0.0,0.0,0.0,0.0,0.0,100.0,0.0,0.0,0.0,0.0,0.0,0.0,0.0,7,0,0.5491803278688525,0.0,0.0,0.0,0.0,0.0,0.0,2
0.0,0.0,0.0,0.0,0.0,0.0,0.0,0.0,0.0,0.0,0.0,0.0,0.0,100.0,0.0,0.0,0.0,0.0,44.0,0.0,0.0,7,0,0.5491803278688525,0.0,0.0,0.0,0.0,0.0,0.0,2
0.0,0.0,0.0,0.0,0.0,0.0,0.0,0.0,4.0,1.0,-1.000088900581841e-12,0.0,0.0,100.0,0.0,0.0,0.0,0.0,0.0,0.0,0.0,8,1,0.5491803278688525,0.0,0.0,0.0,0.0,0.0,0.0,2
618.0,7.0,1.0142804771922036,0.0,30.0,0.0,0.0,0.0,178.0,12.0,2.079455537521769,0.0,0.0,97.22222222222224,0.0,0.0,0.0,0.0,396.0,1432.0,58.0,8,1,0.5491803278688525,309.0,154.5,15.0,7.5,0.0,0.0,2
690.0,4.0,0.9444670819162576,0.0,0.0,0.0,0.0,0.0,92.0,7.0,1.4144819149881351,0.0,0.0,92.72727272727272,0.0,0.0,0.0,0.0,616.0,2388.0,96.0,9,1,0.5491803278688525,378.7294548883147,327.0,15.0,7.5,0.0,0.0,3
698.0,4.0,1.0643540168890178,0.0,0.0,0.0,0.0,0.0,52.0,5.0,1.303875529331385,0.0,0.0,76.61111111111111,0.0,0.0,0.0,0.0,88.0,2140.0,24.0,11,1,0.5491803278688525,12.961481396815202,690.0,0.0,0.0,0.0,0.0,4
678.0,1.0,-1.000088900581841e-12,0.0,0.0,0.0,0.0,0.0,14.0,4.0,1.351783994285646,0.0,0.0,75.0,0.0,0.0,0.0,0.0,88.0,20.0,22.0,12,1,0.5491803278688525,9.71253485622163,683.5,0.0,0.0,0.0,0.0,4
700.0,7.0,1.1951541125485106,0.0,0.0,0.0,0.0,0.0,150.0,6.0,1.1189941821967992,0.0,0.0,73.3076923076923,0.0,0.0,0.0,0.0,352.0,1874.0,128.0,12,1,0.5491803278688525,12.151817422371588,688.5,0.0,0.0,0.0,0.0,4
680.0,5.0,0.9272327312217504,0.0,0.0,0.0,0.0,0.0,114.0,6.0,1.1759838544023693,0.0,0.0,70.125,0.0,0.0,0.0,0.0,132.0,304.0,32.0,13,1,0.5491803278688525,11.604596790352248,689.0,0.0,0.0,0.0,0.0,3
682.0,2.0,0.349509122035354,0.0,0.0,0.0,0.0,0.0,18.0,4.0,1.2730283365856256,0.0,0.0,67.16666666666667,0.0,0.0,0.0,0.0,176.0,1088.0,34.0,13,1,0.5491803278688525,10.132456102379802,685.0,0.0,0.0,0.0,0.0,4
708.0,5.0,1.1011872122671824,0.0,0.0,0.0,0.0,0.0,146.0,5.0,1.232944970548354,0.0,0.0,62.73333333333333,0.0,0.0,0.0,0.0,352.0,2294.0,54.0,14,1,0.5491803278688525,13.699148392022527,692.5,0.0,0.0,0.0,0.0,3
682.0,3.0,0.1825271947410918,0.0,0.0,0.0,0.0,0.0,2.0,1.0,-1.000088900581841e-12,0.0,0.0,59.5,0.0,0.0,0.0,0.0,44.0,200.0,0.0,14,1,0.5491803278688525,13.366625103841786,688.0,0.0,0.0,0.0,0.0,3
676.0,3.0,0.1759770904401816,0.0,0.0,0.0,0.0,0.0,92.0,5.0,1.1865139897518415,0.0,0.0,57.5,0.0,0.0,0.0,0.0,88.0,208.0,28.0,15,1,0.5491803278688525,14.282856857085234,687.0,0.0,0.0,0.0,0.0,3
694.0,7.0,0.9136335791874488,0.0,0.0,0.0,0.0,0.0,456.0,7.0,1.2025439636323172,0.0,0.0,55.5,0.0,0.0,0.0,0.0,320.0,1938.0,74.0,15,1,0.5491803278688525,14.142135623730484,690.0,0.0,0.0,0.0,0.0,3
698.0,4.0,0.8342633305177107,0.0,0.0,0.0,0.0,0.0,60.0,9.0,2.026229622986292,0.0,0.0,51.06666666666667,0.0,38.0,0.0,30.0,188.0,2496.0,52.0,16,1,0.5491803278688525,10.246950765958957,687.5,0.0,0.0,0.0,0.0,3
674.0,3.0,0.7113235918345397,0.0,0.0,0.0,0.0,0.0,92.0,5.0,1.0168802805950496,0.0,0.0,48.375,0.0,0.0,0.0,0.0,248.0,68.0,20.0,16,1,0.5491803278688525,12.261049438499146,685.5,0.0,0.0,0.0,0.0,4
680.0,5.0,0.4208005558139098,0.0,0.0,0.0,0.0,0.0,190.0,6.0,0.5764650459516276,0.0,0.0,46.625,0.0,0.0,0.0,0.0,206.0,388.0,20.0,17,1,0.5491803278688525,11.357816691599972,686.5,0.0,0.0,0.0,0.0,3
696.0,4.0,0.8958352431986227,0.0,0.0,0.0,0.0,0.0,26.0,6.0,1.6260206924147544,0.0,0.0,42.94444444444444,0.0,0.0,0.0,0.0,52.0,1586.0,34.0,17,1,0.5491803278688525,11.83215956619868,687.0,0.0,0.0,0.0,0.0,3
686.0,5.0,0.596732277775976,0.0,0.0,0.0,0.0,0.0,144.0,10.0,1.7598818517865358,0.0,0.0,39.2,0.0,0.0,0.0,0.0,260.0,1110.0,32.0,18,1,0.5491803278688525,9.380831519646168,684.0,0.0,0.0,0.0,0.0,3
682.0,3.0,0.5056929887170223,0.0,0.0,0.0,0.0,0.0,150.0,6.0,1.229463419553856,0.0,0.0,28.142857142857142,0.0,0.0,0.0,0.0,312.0,1674.0,40.0,20,1,0.5491803278688525,7.483314773547017,680.0,0.0,0.0,0.0,0.0,4
680.0,7.0,1.3235767439959465,0.0,0.0,0.0,0.0,0.0,74.0,7.0,1.604603234105204,0.0,0.0,24.714285714285715,0.0,0.0,0.0,0.0,260.0,1458.0,82.0,21,0,0.5491803278688525,7.483314773547017,680.0,0.0,0.0,0.0,0.0,3
686.0,5.0,0.9301443002639076,0.0,0.0,0.0,0.0,0.0,36.0,5.0,1.3485390196048024,2.0,52.0,20.52,0.0,0.0,0.0,0.0,52.0,3156.0,16.0,21,0,0.5491803278688525,6.806859285553095,679.5,0.0,0.0,0.0,0.0,3
0.0,0.0,0.0,0.0,0.0,0.0,0.0,0.0,6.0,1.0,-1.000088900581841e-12,0.0,0.0,100.0,0.0,0.0,0.0,0.0,0.0,0.0,0.0,4,0,0.5491803278688525,0.0,0.0,0.0,0.0,0.0,0.0,3
0.0,0.0,0.0,0.0,0.0,0.0,0.0,0.0,0.0,0.0,0.0,0.0,0.0,100.0,0.0,0.0,0.0,0.0,0.0,0.0,0.0,4,0,0.5491803278688525,0.0,0.0,0.0,0.0,0.0,0.0,3
0.0,0.0,0.0,0.0,0.0,0.0,0.0,0.0,0.0,0.0,0.0,0.0,0.0,100.0,0.0,0.0,0.0,0.0,0.0,0.0,0.0,5,0,0.5491803278688525,0.0,0.0,0.0,0.0,0.0,0.0,3
0.0,0.0,0.0,0.0,0.0,0.0,0.0,0.0,0.0,0.0,0.0,0.0,0.0,100.0,0.0,0.0,0.0,0.0,0.0,0.0,0.0,5,0,0.5491803278688525,0.0,0.0,0.0,0.0,0.0,0.0,3
0.0,0.0,0.0,0.0,0.0,0.0,0.0,0.0,2.0,1.0,-1.000088900581841e-12,0.0,0.0,100.0,0.0,0.0,0.0,0.0,0.0,0.0,0.0,6,0,0.5491803278688525,0.0,0.0,0.0,0.0,0.0,0.0,3
0.0,0.0,0.0,0.0,0.0,0.0,0.0,0.0,0.0,0.0,0.0,0.0,0.0,100.0,0.0,0.0,0.0,0.0,0.0,0.0,0.0,6,0,0.5491803278688525,0.0,0.0,0.0,0.0,0.0,0.0,3
0.0,0.0,0.0,0.0,0.0,0.0,0.0,0.0,4.0,1.0,-1.000088900581841e-12,0.0,0.0,100.0,0.0,0.0,0.0,0.0,0.0,0.0,0.0,7,0,0.5491803278688525,0.0,0.0,0.0,0.0,0.0,0.0,3
662.0,6.0,1.111348552794439,0.0,24.0,0.0,0.0,0.0,130.0,7.0,1.5786184554688605,0.0,0.0,98.3,0.0,0.0,0.0,0.0,416.0,1200.0,30.0,7,0,0.5491803278688525,331.0,165.5,12.0,6.0,0.0,0.0,3
688.0,4.0,0.4368756478218544,0.0,0.0,0.0,0.0,0.0,106.0,6.0,1.1102598619777295,0.0,0.0,95.0,0.0,0.0,0.0,0.0,364.0,888.0,56.0,8,1,0.5491803278688525,389.8559563052316,337.5,12.0,6.0,0.0,0.0,2
682.0,4.0,0.2493521983014344,0.0,0.0,0.0,0.0,0.0,28.0,3.0,0.7589367727590597,0.0,0.0,92.28571428571428,0.0,0.0,0.0,0.0,104.0,380.0,20.0,8,1,0.5491803278688525,338.84903226461586,508.0,12.0,6.0,0.0,0.0,3
698.0,5.0,1.0444969966925484,0.0,0.0,0.0,0.0,0.0,174.0,8.0,0.9699565460451048,0.0,0.0,76.66666666666667,0.0,0.0,0.0,0.0,364.0,1382.0,50.0,11,1,0.5491803278688525,8.698658900465862,686.5,0.0,0.0,0.0,0.0,2
710.0,5.0,0.55410579697107,0.0,0.0,0.0,0.0,0.0,44.0,4.0,0.9828476107223152,0.0,0.0,72.44444444444444,0.0,0.0,0.0,0.0,104.0,728.0,18.0,11,1,0.5491803278688525,14.78738200854546,692.0,0.0,0.0,0.0,0.0,3
690.0,5.0,0.7968279165871468,0.0,0.0,0.0,0.0,0.0,282.0,4.0,0.5790257498134032,0.0,0.0,67.0,0.0,0.0,0.0,0.0,156.0,8428.0,26.0,12,1,0.5491803278688525,11.94431524477875,695.0,0.0,0.0,0.0,0.0,2
694.0,3.0,0.9630173360343004,0.0,0.0,0.0,0.0,0.0,136.0,7.0,1.543986786521173,0.0,0.0,62.36363636363637,0.0,0.0,0.0,0.0,972.0,3852.0,164.0,12,1,0.5491803278688525,8.64098759787641,698.0,0.0,0.0,0.0,0.0,2
692.0,2.0,0.6472675423586138,0.0,0.0,0.0,0.0,0.0,776.0,4.0,0.7258193022069044,0.0,0.0,57.73333333333333,0.0,0.0,0.0,0.0,486.0,2756.0,60.0,13,1,0.5491803278688525,9.1469484893408,696.5,0.0,0.0,0.0,0.0,2
682.0,5.0,0.4231405263580663,0.0,0.0,0.0,0.0,0.0,50.0,3.0,0.9086163473427876,0.0,0.0,54.333333333333336,0.0,0.0,0.0,0.0,540.0,2034.0,88.0,13,1,0.5491803278688525,5.2599112793519565,689.5,0.0,0.0,0.0,0.0,2
678.0,9.0,1.145199918652671,0.0,0.0,0.0,0.0,0.0,92.0,5.0,1.1458196293214176,0.0,0.0,51.1,0.0,0.0,0.0,0.0,324.0,1966.0,56.0,14,1,0.5491803278688525,7.724420150836828,686.5,0.0,0.0,0.0,0.0,3
692.0,6.0,0.8262154994483879,0.0,0.0,0.0,0.0,0.0,54.0,5.0,1.187818818725957,0.0,0.0,47.0,0.0,0.0,0.0,0.0,502.0,2332.0,132.0,14,1,0.5491803278688525,7.118052168019988,686.0,0.0,0.0,0.0,0.0,3
694.0,9.0,1.3018622319773427,0.0,0.0,0.0,0.0,0.0,140.0,4.0,0.8854731060873484,0.0,0.0,42.5,0.0,0.0,0.0,0.0,392.0,4578.0,102.0,15,1,0.5491803278688525,7.724420150836828,686.5,0.0,0.0,0.0,0.0,2
688.0,4.0,0.4722532979161385,0.0,0.0,0.0,0.0,0.0,278.0,4.0,0.6635213295535618,0.0,0.0,38.23076923076923,0.0,0.0,0.0,0.0,280.0,1080.0,6.0,15,1,0.5491803278688525,7.118052168019988,688.0,0.0,0.0,0.0,0.0,2
678.0,4.0,0.251859998216013,0.0,0.0,0.0,0.0,0.0,92.0,6.0,1.398839483778281,0.0,0.0,35.833333333333336,0.0,0.0,0.0,0.0,224.0,442.0,46.0,16,1,0.5491803278688525,7.118052168019988,688.0,0.0,0.0,0.0,0.0,2
670.0,1.0,-1.000088900581841e-12,0.0,0.0,0.0,0.0,0.0,60.0,3.0,0.4850940912992115,0.0,0.0,34.166666666666664,0.0,0.0,0.0,0.0,392.0,0.0,0.0,16,1,0.5491803278688525,10.630145812734046,682.5,0.0,0.0,0.0,0.0,3
672.0,3.0,0.6071867773855606,0.0,0.0,0.0,0.0,0.0,44.0,5.0,1.277406383426489,0.0,0.0,32.45454545454545,0.0,0.0,0.0,0.0,224.0,972.0,32.0,17,1,0.5491803278688525,8.082903768653955,677.0,0.0,0.0,0.0,0.0,2
680.0,3.0,0.6567420481573041,0.0,0.0,0.0,0.0,0.0,4.0,1.0,-1.000088900581841e-12,0.0,0.0,29.0,0.0,0.0,0.0,0.0,56.0,3456.0,32.0,17,1,0.5491803278688525,4.760952285693873,675.0,0.0,0.0,0.0,0.0,2
686.0,5.0,0.8588873183464589,0.0,0.0,0.0,0.0,0.0,50.0,8.0,1.880695235378156,0.0,0.0,25.615384615384617,0.0,0.0,0.0,0.0,112.0,540.0,28.0,18,1,0.5491803278688525,7.393691004272068,677.0,0.0,0.0,0.0,0.0,2
708.0,1.0,-1.000088900581841e-12,0.0,0.0,0.0,0.0,0.0,8.0,3.0,1.039720770836918,0.0,0.0,21.566666666666663,0.0,0.0,0.0,0.0,0.0,876.0,0.0,18,1,0.5491803278688525,15.438048235878783,686.5,0.0,0.0,0.0,0.0,2
546.0,2.0,0.6901856760168041,0.0,0.0,0.0,0.0,0.0,26.0,4.0,1.2658567518687371,0.0,0.0,17.4375,0.0,0.0,0.0,0.0,222.0,296.0,18.0,19,1,0.5491803278688525,73.65686209263411,655.0,0.0,0.0,0.0,0.0,3
650.0,5.0,1.005250446119796,0.0,0.0,0.0,0.0,0.0,60.0,9.0,1.947607454464348,0.0,0.0,12.833333333333334,0.0,0.0,0.0,0.0,334.0,2448.0,70.0,19,1,0.5491803278688525,71.76582287783873,647.5,0.0,0.0,0.0,0.0,4
660.0,3.0,0.5138723420615732,0.0,0.0,0.0,0.0,0.0,74.0,8.0,1.6131092707398127,0.0,48.0,8.545454545454545,0.0,0.0,0.0,0.0,336.0,1394.0,38.0,20,1,0.5491803278688525,68.20557161991964,641.0,0.0,0.0,0.0,0.0,2
668.0,1.0,-1.000088900581841e-12,0.0,0.0,0.0,0.0,0.0,438.0,8.0,1.192838721209382,0.0,0.0,25.03448275862069,0.0,0.0,0.0,0.0,170.0,0.0,0.0,20,1,0.5491803278688525,57.14309523759909,631.0,0.0,0.0,0.0,0.0,2
682.0,1.0,-1.000088900581841e-12,0.0,0.0,0.0,0.0,0.0,66.0,4.0,0.899273198643677,0.0,0.0,48.766666666666666,0.0,0.0,0.0,0.0,58.0,0.0,0.0,21,0,0.5491803278688525,13.515423288474995,665.0,0.0,0.0,0.0,0.0,2
688.0,3.0,0.1806273619664055,0.0,0.0,0.0,0.0,0.0,70.0,9.0,1.3214968456342835,0.0,0.0,71.96666666666667,0.0,0.0,0.0,0.0,116.0,290.0,16.0,21,0,0.5491803278688525,12.793227374929764,674.5,0.0,0.0,0.0,0.0,2
698.0,2.0,0.1092052829823242,0.0,0.0,0.0,0.0,0.0,44.0,4.0,0.6631794532065498,0.0,0.0,91.7,0.0,0.0,0.0,0.0,58.0,560.0,0.0,22,0,0.5491803278688525,12.543258481483932,684.0,0.0,0.0,0.0,0.0,2
688.0,5.0,0.2985351593369803,0.0,0.0,0.0,0.0,0.0,8.0,3.0,1.039720770836918,0.0,0.0,100.0,0.0,0.0,0.0,0.0,58.0,414.0,22.0,22,0,0.5491803278688525,6.633249580709675,689.0,0.0,0.0,0.0,0.0,2
674.0,3.0,0.5808997221721599,0.0,0.0,0.0,0.0,0.0,42.0,5.0,1.3539271910508293,2.0,0.0,99.83333333333331,0.0,0.0,0.0,0.0,420.0,200.0,26.0,23,0,0.5491803278688525,9.865765724631745,687.0,0.0,0.0,0.0,0.0,2
0.0,0.0,0.0,0.0,0.0,0.0,0.0,0.0,0.0,0.0,0.0,0.0,0.0,95.0,0.0,0.0,0.0,0.0,0.0,0.0,0.0,5,0,0.5491803278688525,0.0,0.0,0.0,0.0,0.0,0.0,2
0.0,0.0,0.0,0.0,0.0,0.0,0.0,0.0,0.0,0.0,0.0,0.0,0.0,95.0,0.0,0.0,0.0,0.0,0.0,0.0,0.0,6,0,0.5491803278688525,0.0,0.0,0.0,0.0,0.0,0.0,2
0.0,0.0,0.0,0.0,0.0,0.0,0.0,0.0,0.0,0.0,0.0,0.0,0.0,95.0,0.0,0.0,0.0,0.0,0.0,0.0,0.0,6,0,0.5491803278688525,0.0,0.0,0.0,0.0,0.0,0.0,2
0.0,0.0,0.0,0.0,0.0,0.0,0.0,0.0,14.0,3.0,1.0042424730510766,0.0,0.0,94.16666666666669,42.0,0.0,0.0,0.0,0.0,0.0,0.0,7,0,0.5491803278688525,0.0,0.0,0.0,0.0,0.0,0.0,2
0.0,0.0,0.0,0.0,0.0,0.0,0.0,0.0,0.0,0.0,0.0,0.0,0.0,94.0,0.0,0.0,0.0,0.0,0.0,0.0,0.0,7,0,0.5491803278688525,0.0,0.0,0.0,0.0,0.0,0.0,2
130.0,1.0,-1.000088900581841e-12,0.0,52.0,0.0,0.0,0.0,260.0,10.0,1.1022769460246318,0.0,0.0,93.16666666666669,0.0,0.0,0.0,0.0,180.0,72.0,30.0,8,1,0.5491803278688525,64.99999999999986,32.5,26.0,13.0,0.0,0.0,2
712.0,4.0,0.716153948969245,0.0,0.0,0.0,0.0,0.0,242.0,5.0,1.1077998816295271,0.0,0.0,88.0909090909091,0.0,0.0,0.0,0.0,558.0,1790.0,64.0,8,1,0.5491803278688525,339.9034176546822,210.5,26.0,13.0,0.0,0.0,2
680.0,6.0,0.7342855620216397,0.0,0.0,0.0,0.0,0.0,132.0,8.0,1.6535593971650746,0.0,0.0,84.66666666666667,0.0,0.0,0.0,0.0,310.0,1644.0,88.0,9,1,0.5491803278688525,368.3852150489575,380.5,26.0,13.0,0.0,0.0,2
664.0,4.0,0.2511372385796609,0.0,0.0,0.0,0.0,0.0,48.0,5.0,1.4451858789430825,0.0,0.0,82.66666666666667,0.0,0.0,0.0,0.0,198.0,520.0,18.0,9,1,0.5491803278688525,278.38282993029577,546.5,26.0,13.0,0.0,0.0,2
672.0,4.0,0.582665165236147,0.0,0.0,0.0,0.0,0.0,50.0,6.0,1.658888137600973,0.0,0.0,81.33333333333333,0.0,0.0,0.0,0.0,396.0,682.0,82.0,10,1,0.5491803278688525,21.039645117412363,682.0,0.0,0.0,0.0,0.0,2
662.0,4.0,0.6623417590716361,0.0,0.0,0.0,0.0,0.0,4.0,1.0,-1.000088900581841e-12,0.0,0.0,79.57142857142857,0.0,0.0,0.0,0.0,132.0,302.0,24.0,10,1,0.5491803278688525,8.225975119501266,669.5,0.0,0.0,0.0,0.0,3
676.0,2.0,0.0507690758733218,0.0,0.0,0.0,0.0,0.0,54.0,6.0,1.5188313315502369,0.0,0.0,78.0,0.0,0.0,0.0,0.0,612.0,78.0,34.0,11,1,0.5491803278688525,6.608075867198701,668.5,0.0,0.0,0.0,0.0,2
682.0,5.0,1.3602814339157834,0.0,0.0,0.0,0.0,0.0,38.0,5.0,1.3929083621159033,0.0,0.0,75.4,0.0,0.0,0.0,0.0,416.0,1386.0,82.0,11,1,0.5491803278688525,8.406346808611566,673.0,0.0,0.0,0.0,0.0,2
670.0,3.0,0.7586767788936282,0.0,0.0,0.0,0.0,0.0,60.0,6.0,1.4708084763161111,0.0,0.0,73.625,0.0,0.0,0.0,0.0,432.0,540.0,90.0,12,1,0.5491803278688525,8.544003745316783,672.5,0.0,0.0,0.0,0.0,2
686.0,7.0,1.3051806923071516,0.0,0.0,0.0,0.0,0.0,122.0,4.0,0.9419536615565958,0.0,0.0,71.875,0.0,0.0,0.0,0.0,360.0,2502.0,98.0,12,1,0.5491803278688525,6.999999999999086,678.5,0.0,0.0,0.0,0.0,2
682.0,4.0,0.5793271028201953,0.0,0.0,0.0,0.0,0.0,86.0,5.0,0.9631408842876684,0.0,0.0,67.7,0.0,0.0,0.0,0.0,360.0,1278.0,28.0,13,1,0.5491803278688525,6.928203230274582,680.0,0.0,0.0,0.0,0.0,2
670.0,2.0,0.4790017797087689,0.0,0.0,0.0,0.0,0.0,18.0,6.0,1.7351264569569227,0.0,0.0,65.16666666666667,0.0,0.0,0.0,0.0,72.0,736.0,36.0,13,1,0.5491803278688525,8.246211251234548,677.0,0.0,0.0,0.0,0.0,3
674.0,1.0,-1.000088900581841e-12,0.0,0.0,0.0,0.0,0.0,12.0,2.0,0.6365141682928128,0.0,0.0,61.71428571428572,0.0,0.0,0.0,0.0,144.0,310.0,60.0,14,1,0.5491803278688525,7.30296743340134,678.0,0.0,0.0,0.0,0.0,3
682.0,4.0,0.9564286021039852,0.0,0.0,0.0,0.0,0.0,22.0,7.0,1.7677614722823294,0.0,0.0,59.083333333333336,0.0,0.0,0.0,0.0,144.0,944.0,44.0,14,1,0.5491803278688525,5.999999999998939,677.0,0.0,0.0,0.0,0.0,3
666.0,6.0,0.8882628823944899,0.0,0.0,0.0,0.0,0.0,58.0,6.0,1.55781761293743,0.0,0.0,55.5,0.0,0.0,0.0,0.0,504.0,1588.0,92.0,15,1,0.5491803278688525,6.831300510638812,673.0,0.0,0.0,0.0,0.0,4
668.0,8.0,1.5415278715466532,0.0,0.0,0.0,0.0,0.0,118.0,7.0,1.1015732692190068,0.0,0.0,51.1875,0.0,0.0,0.0,0.0,216.0,6116.0,70.0,15,1,0.5491803278688525,7.187952884281733,672.5,0.0,0.0,0.0,0.0,4
698.0,5.0,0.741034055624244,0.0,0.0,0.0,10.0,0.0,92.0,6.0,1.558415382652894,0.0,0.0,46.63157894736842,0.0,0.0,0.0,0.0,288.0,480.0,46.0,16,1,0.5491803278688525,14.821156050276716,678.5,0.0,0.0,5.0,2.5,2
696.0,3.0,0.656373309231374,0.0,0.0,0.0,0.0,0.0,32.0,4.0,1.0735428464045231,0.0,0.0,33.22222222222222,0.0,0.0,0.0,0.0,504.0,794.0,130.0,17,1,0.5491803278688525,8.698658900465864,704.5,0.0,0.0,17.0,11.5,3
688.0,6.0,0.8861679864326423,0.0,0.0,0.0,0.0,0.0,88.0,7.0,1.320650623961367,0.0,0.0,29.26315789473684,0.0,0.0,0.0,0.0,144.0,2522.0,58.0,18,1,0.5491803278688525,11.999999999999469,702.0,0.0,0.0,18.0,9.0,3
698.0,3.0,1.0455492910854352,0.0,0.0,0.0,0.0,0.0,254.0,8.0,1.2701536810061684,0.0,0.0,24.0,0.0,0.0,0.0,0.0,576.0,11532.0,210.0,18,1,0.5491803278688525,9.983319421247312,698.5,0.0,0.0,18.0,9.0,3
650.0,9.0,1.3397991116009558,0.0,0.0,0.0,0.0,0.0,72.0,8.0,1.9451195555402616,0.0,0.0,18.22222222222222,0.0,0.0,0.0,0.0,358.0,4754.0,66.0,19,1,0.5491803278688525,22.42022896106669,683.0,0.0,0.0,0.0,0.0,3
0.0,0.0,0.0,0.0,0.0,0.0,0.0,0.0,0.0,0.0,0.0,0.0,0.0,0.0,0.0,0.0,0.0,0.0,288.0,470.0,86.0,19,1,0.5491803278688525,339.9627430567453,509.0,0.0,0.0,0.0,0.0,2
0.0,0.0,0.0,0.0,0.0,0.0,0.0,0.0,0.0,0.0,0.0,0.0,0.0,0.0,0.0,0.0,0.0,0.0,360.0,6958.0,64.0,20,1,0.5491803278688525,389.627172221514,337.0,0.0,0.0,0.0,0.0,2
0.0,0.0,0.0,0.0,0.0,0.0,0.0,0.0,0.0,0.0,0.0,0.0,0.0,0.0,0.0,0.0,0.0,0.0,648.0,2732.0,138.0,20,1,0.5491803278688525,325.0,162.5,0.0,0.0,0.0,0.0,3
140.0,1.0,-1.000088900581841e-12,0.0,0.0,0.0,0.0,0.0,14.0,2.0,0.410116318286409,0.0,72.0,22.5,0.0,0.0,0.0,0.0,432.0,414.0,64.0,21,0,0.5491803278688525,69.99999999999986,35.0,0.0,0.0,0.0,0.0,3
700.0,6.0,1.096023181492417,0.0,0.0,0.0,0.0,0.0,94.0,10.0,1.8906575139272368,0.0,0.0,31.166666666666668,0.0,0.0,0.0,0.0,148.0,8308.0,22.0,21,0,0.5491803278688525,333.26665999866634,210.0,0.0,0.0,0.0,0.0,3
688.0,5.0,0.82399278307563,0.0,0.0,0.0,0.0,0.0,32.0,6.0,1.124035722184901,2.0,70.0,33.13793103448276,0.0,0.0,0.0,0.0,0.0,3892.0,0.0,22,0,0.5491803278688525,364.8049707263686,382.0,0.0,0.0,0.0,0.0,2
0.0,0.0,0.0,0.0,0.0,0.0,0.0,0.0,2.0,1.0,-1.000088900581841e-12,0.0,0.0,100.0,0.0,0.0,0.0,0.0,0.0,0.0,0.0,4,0,0.5491803278688525,0.0,0.0,0.0,0.0,0.0,0.0,2
0.0,0.0,0.0,0.0,0.0,0.0,0.0,0.0,0.0,0.0,0.0,0.0,0.0,100.0,0.0,0.0,0.0,0.0,0.0,0.0,0.0,5,0,0.5491803278688525,0.0,0.0,0.0,0.0,0.0,0.0,2
0.0,0.0,0.0,0.0,0.0,0.0,0.0,0.0,0.0,0.0,0.0,0.0,0.0,100.0,0.0,0.0,0.0,0.0,0.0,0.0,0.0,5,0,0.5491803278688525,0.0,0.0,0.0,0.0,0.0,0.0,2
0.0,0.0,0.0,0.0,0.0,0.0,0.0,0.0,2.0,1.0,-1.000088900581841e-12,0.0,0.0,100.0,0.0,0.0,0.0,0.0,0.0,0.0,0.0,6,0,0.5491803278688525,0.0,0.0,0.0,0.0,0.0,0.0,2
0.0,0.0,0.0,0.0,0.0,0.0,0.0,0.0,0.0,0.0,0.0,0.0,0.0,100.0,0.0,0.0,0.0,0.0,0.0,0.0,0.0,6,0,0.5491803278688525,0.0,0.0,0.0,0.0,0.0,0.0,2
0.0,0.0,0.0,0.0,0.0,0.0,0.0,0.0,0.0,0.0,0.0,0.0,0.0,100.0,0.0,0.0,0.0,0.0,0.0,0.0,0.0,7,0,0.5491803278688525,0.0,0.0,0.0,0.0,0.0,0.0,2
0.0,0.0,0.0,0.0,0.0,0.0,0.0,0.0,6.0,1.0,-1.000088900581841e-12,0.0,0.0,100.0,0.0,0.0,0.0,0.0,0.0,0.0,0.0,7,0,0.5491803278688525,0.0,0.0,0.0,0.0,0.0,0.0,2
58.0,5.0,0.7849180476156044,0.0,60.0,0.0,0.0,0.0,88.0,9.0,1.8215247807746733,0.0,0.0,99.95238095238096,0.0,0.0,0.0,0.0,304.0,1142.0,28.0,8,1,0.5491803278688525,29.000000000000668,14.5,30.0,15.0,0.0,0.0,2
680.0,5.0,0.6971771735674374,0.0,0.0,0.0,0.0,0.0,24.0,3.0,0.9596147939090492,0.0,0.0,97.0,0.0,0.0,0.0,0.0,304.0,1174.0,72.0,8,1,0.5491803278688525,331.46291899195404,184.5,30.0,15.0,0.0,0.0,2
686.0,6.0,0.9380166828982294,0.0,0.0,0.0,0.0,0.0,96.0,5.0,1.029306717682486,0.0,0.0,93.63636363636364,0.0,0.0,0.0,0.0,228.0,2836.0,52.0,9,1,0.5491803278688525,378.3367107044553,356.0,30.0,15.0,0.0,0.0,2
668.0,6.0,0.2886689725542316,0.0,0.0,0.0,0.0,0.0,60.0,3.0,0.9502705392302344,0.0,0.0,91.5,0.0,0.0,0.0,0.0,380.0,710.0,72.0,9,1,0.5491803278688525,310.0903094261413,523.0,30.0,15.0,0.0,0.0,2
640.0,7.0,0.9731820046682716,0.0,0.0,0.0,0.0,0.0,50.0,6.0,1.5351088683810756,0.0,0.0,88.5,0.0,0.0,0.0,0.0,236.0,1930.0,78.0,10,1,0.5491803278688525,20.420577856663087,668.5,0.0,0.0,0.0,0.0,2
672.0,3.0,0.5134004805958386,0.0,0.0,0.0,0.0,0.0,24.0,5.0,1.4451858789430825,0.0,0.0,86.55555555555556,0.0,0.0,0.0,0.0,240.0,952.0,28.0,10,1,0.5491803278688525,19.278658321229344,666.5,0.0,0.0,0.0,0.0,2
670.0,4.0,0.6807687495476762,0.0,0.0,0.0,0.0,0.0,96.0,5.0,1.2160732118497684,0.0,0.0,85.5,0.0,0.0,0.0,0.0,480.0,170.0,48.0,11,1,0.5491803278688525,15.088627063676316,662.5,0.0,0.0,0.0,0.0,2
670.0,1.0,-1.000088900581841e-12,0.0,0.0,0.0,0.0,0.0,4.0,1.0,-1.000088900581841e-12,0.0,0.0,84.5,0.0,0.0,0.0,0.0,0.0,0.0,0.0,11,1,0.5491803278688525,15.36229149573848,663.0,0.0,0.0,0.0,0.0,2
660.0,1.0,-1.000088900581841e-12,0.0,0.0,0.0,0.0,0.0,24.0,5.0,1.5607104090364066,0.0,0.0,83.66666666666667,0.0,0.0,0.0,0.0,320.0,30.0,28.0,12,1,0.5491803278688525,5.416025603094237,668.0,0.0,0.0,0.0,0.0,2
668.0,3.0,0.9163429096809266,0.0,0.0,0.0,0.0,0.0,62.0,3.0,1.0975823702672112,0.0,0.0,80.75,0.0,0.0,0.0,0.0,720.0,1844.0,136.0,12,1,0.5491803278688525,4.760952285699321,667.0,0.0,0.0,0.0,0.0,2
676.0,5.0,1.0636126247432998,0.0,0.0,0.0,0.0,0.0,78.0,5.0,1.2712584585624596,0.0,0.0,77.14285714285714,0.0,0.0,0.0,0.0,240.0,3776.0,78.0,13,1,0.5491803278688525,6.608075867202615,668.5,0.0,0.0,0.0,0.0,2
684.0,5.0,1.0927120128293966,0.0,0.0,0.0,0.0,0.0,92.0,4.0,0.8734763448029104,0.0,0.0,73.77777777777777,0.0,0.0,0.0,0.0,320.0,4188.0,52.0,13,1,0.5491803278688525,10.32795558988833,672.0,0.0,0.0,0.0,0.0,2
682.0,2.0,0.0764674059917598,0.0,0.0,0.0,0.0,0.0,200.0,5.0,1.0982419337546068,0.0,0.0,71.28571428571429,0.0,0.0,0.0,0.0,880.0,2972.0,68.0,14,1,0.5491803278688525,7.187952884285315,677.5,0.0,0.0,0.0,0.0,2
670.0,6.0,1.3932394192630524,0.0,0.0,0.0,0.0,0.0,132.0,7.0,1.0745549547108864,0.0,0.0,67.77777777777777,0.0,0.0,0.0,0.0,720.0,2210.0,54.0,14,1,0.5491803278688525,6.324555320339837,678.0,0.0,0.0,0.0,0.0,2
700.0,1.0,-1.000088900581841e-12,0.0,0.0,0.0,0.0,0.0,22.0,4.0,1.2636544318780965,0.0,0.0,63.0,0.0,0.0,0.0,0.0,0.0,0.0,0.0,15,1,0.5491803278688525,12.328828005939542,684.0,0.0,0.0,0.0,0.0,2
556.0,1.0,-1.000088900581841e-12,0.0,0.0,0.0,0.0,0.0,8.0,2.0,0.6931471805579453,0.0,0.0,59.0,0.0,0.0,0.0,0.0,0.0,0.0,0.0,15,1,0.5491803278688525,65.1766829472016,652.0,0.0,0.0,0.0,0.0,2
0.0,0.0,0.0,0.0,0.0,0.0,0.0,0.0,8.0,2.0,0.6931471805579453,0.0,0.0,56.0,0.0,0.0,0.0,0.0,0.0,0.0,0.0,16,1,0.5491803278688525,326.93883219954165,481.5,0.0,0.0,0.0,0.0,2
0.0,0.0,0.0,0.0,0.0,0.0,0.0,0.0,16.0,2.0,0.6931471805579453,0.0,0.0,53.833333333333336,0.0,0.0,0.0,0.0,160.0,0.0,0.0,16,1,0.5491803278688525,367.3109491062489,314.0,0.0,0.0,0.0,0.0,2
272.0,5.0,0.779468921209368,0.0,0.0,0.0,0.0,0.0,84.0,8.0,1.5400408633937217,0.0,0.0,51.11111111111112,0.0,0.0,0.0,0.0,638.0,1556.0,82.0,17,1,0.5491803278688525,265.65892920560134,207.0,0.0,0.0,0.0,0.0,2
666.0,4.0,0.5921755403011564,0.0,0.0,0.0,0.0,0.0,54.0,3.0,0.7273876291728028,0.0,0.0,49.5,0.0,0.0,0.0,0.0,574.0,762.0,60.0,17,1,0.5491803278688525,314.94920225331583,234.5,0.0,0.0,0.0,0.0,2
656.0,4.0,1.1003600351087954,0.0,0.0,0.0,0.0,0.0,62.0,5.0,1.3359359148879224,0.0,0.0,47.5,0.0,0.0,0.0,0.0,656.0,2422.0,118.0,18,1,0.5491803278688525,322.8348390947504,398.5,0.0,0.0,0.0,0.0,2
696.0,2.0,0.6608248871079712,0.0,0.0,0.0,0.0,0.0,40.0,4.0,1.2580481453601944,0.0,0.0,43.588235294117645,0.0,0.0,0.0,0.0,328.0,5284.0,64.0,18,1,0.5491803278688525,201.0530609897133,572.5,0.0,0.0,0.0,0.0,2
650.0,2.0,0.0208685696609229,0.0,0.0,0.0,0.0,0.0,12.0,4.0,1.3296613488507585,0.0,0.0,40.16666666666666,0.0,0.0,0.0,0.0,164.0,42.0,36.0,19,1,0.5491803278688525,20.428737928060755,667.0,0.0,0.0,0.0,0.0,2
658.0,1.0,-1.000088900581841e-12,0.0,0.0,0.0,0.0,0.0,16.0,4.0,1.3208883431453222,0.0,0.0,40.0,0.0,0.0,0.0,0.0,0.0,0.0,0.0,19,1,0.5491803278688525,20.944370763207985,665.0,0.0,0.0,0.0,0.0,2
678.0,6.0,0.6535276299258832,0.0,0.0,0.0,0.0,0.0,34.0,7.0,1.6749900127767867,0.0,0.0,38.5,0.0,0.0,0.0,0.0,328.0,1856.0,116.0,20,1,0.5491803278688525,20.68010315899612,670.5,0.0,0.0,0.0,0.0,2
684.0,8.0,1.1879486633965146,0.0,0.0,0.0,0.0,0.0,86.0,5.0,0.8262110967861408,0.0,0.0,34.642857142857146,0.0,0.0,0.0,0.0,492.0,7248.0,38.0,20,1,0.5491803278688525,16.11417595369746,667.5,0.0,0.0,0.0,0.0,2
676.0,6.0,1.1351883260757618,0.0,0.0,0.0,0.0,0.0,108.0,6.0,1.193424322788253,0.0,0.0,31.125,0.0,0.0,0.0,0.0,574.0,1772.0,72.0,21,0,0.5491803278688525,11.19523708250021,674.0,0.0,0.0,0.0,0.0,2
672.0,5.0,1.3430677118054588,0.0,0.0,0.0,0.0,0.0,102.0,4.0,1.0659434026319234,0.0,0.0,27.09090909090909,0.0,0.0,0.0,0.0,492.0,2214.0,94.0,21,0,0.5491803278688525,5.000000000005434,677.5,0.0,0.0,0.0,0.0,1
650.0,2.0,0.5249538743503785,0.0,0.0,0.0,0.0,0.0,10.0,3.0,1.054920167983144,0.0,0.0,24.166666666666668,0.0,0.0,0.0,0.0,164.0,0.0,20.0,22,0,0.5491803278688525,14.54876856186534,670.5,0.0,0.0,0.0,0.0,2
664.0,4.0,0.2024377337136987,0.0,0.0,0.0,0.0,0.0,18.0,2.0,0.6869615765953234,0.0,0.0,22.22222222222222,0.0,0.0,0.0,0.0,496.0,828.0,94.0,22,0,0.5491803278688525,11.474609652041384,665.5,0.0,0.0,0.0,0.0,2
658.0,1.0,-1.000088900581841e-12,0.0,0.0,0.0,0.0,0.0,2.0,1.0,-1.000088900581841e-12,0.0,0.0,20.857142857142858,0.0,0.0,0.0,0.0,86.0,14.0,0.0,23,0,0.5491803278688525,9.309493362515562,661.0,0.0,0.0,0.0,0.0,2
664.0,5.0,0.2628490050811032,0.0,0.0,0.0,0.0,0.0,8.0,2.0,0.5623351446168083,0.0,0.0,19.571428571428573,0.0,0.0,0.0,0.0,172.0,820.0,26.0,23,0,0.5491803278688525,6.633249580714924,659.0,0.0,0.0,0.0,0.0,2
650.0,3.0,0.3798931846070726,0.0,0.0,0.0,0.0,0.0,76.0,4.0,0.7693070676754759,2.0,86.0,29.724137931034484,0.0,0.0,0.0,0.0,88.0,1522.0,16.0,0,0,0.5491803278688525,6.633249580714924,659.0,0.0,0.0,0.0,0.0,2
0.0,0.0,0.0,0.0,0.0,0.0,0.0,0.0,2.0,1.0,-1.000088900581841e-12,0.0,0.0,100.0,0.0,0.0,0.0,0.0,0.0,0.0,0.0,6,0,0.5491803278688525,0.0,0.0,0.0,0.0,0.0,0.0,2
0.0,0.0,0.0,0.0,0.0,0.0,0.0,0.0,0.0,0.0,0.0,0.0,0.0,100.0,0.0,0.0,0.0,0.0,0.0,0.0,0.0,7,0,0.5491803278688525,0.0,0.0,0.0,0.0,0.0,0.0,2
0.0,0.0,0.0,0.0,0.0,0.0,0.0,0.0,6.0,1.0,-1.000088900581841e-12,0.0,0.0,100.0,0.0,0.0,0.0,0.0,0.0,0.0,0.0,7,0,0.5491803278688525,0.0,0.0,0.0,0.0,0.0,0.0,2
334.0,4.0,0.5903128069002873,0.0,40.0,0.0,0.0,0.0,72.0,6.0,1.3095010416113282,0.0,0.0,99.45,0.0,0.0,0.0,0.0,88.0,842.0,8.0,8,1,0.5491803278688525,167.0000000000002,83.5,20.0,10.0,0.0,0.0,2
676.0,7.0,1.3149497528789091,0.0,0.0,0.0,0.0,0.0,108.0,4.0,0.6163990405588915,0.0,0.0,94.66666666666669,0.0,0.0,0.0,0.0,440.0,4644.0,96.0,8,1,0.5491803278688525,323.26820649939174,252.5,20.0,10.0,0.0,0.0,2
684.0,6.0,1.4145140510183851,0.0,0.0,0.0,0.0,0.0,96.0,3.0,0.7214636866895116,0.0,0.0,88.47058823529412,0.0,0.0,0.0,0.0,528.0,9330.0,76.0,9,1,0.5491803278688525,326.07718922570064,423.5,20.0,10.0,0.0,0.0,2
712.0,3.0,0.115976140947614,0.0,0.0,0.0,0.0,0.0,44.0,4.0,1.2579577240355604,0.0,0.0,82.27272727272727,0.0,0.0,0.0,0.0,176.0,8962.0,30.0,9,1,0.5491803278688525,179.0000000000002,601.5,20.0,10.0,0.0,0.0,2
688.0,3.0,0.5356258339290473,0.0,0.0,0.0,0.0,0.0,148.0,4.0,0.4549437534641775,0.0,0.0,78.33333333333333,0.0,0.0,0.0,0.0,616.0,56.0,26.0,10,1,0.5491803278688525,15.49193338483191,690.0,0.0,0.0,0.0,0.0,2
672.0,2.0,0.6891558982260179,0.0,0.0,0.0,0.0,0.0,50.0,5.0,1.350592478058785,0.0,0.0,77.0,0.0,0.0,0.0,0.0,352.0,0.0,34.0,10,1,0.5491803278688525,16.772994167214236,689.0,0.0,0.0,0.0,0.0,2
674.0,1.0,-1.000088900581841e-12,0.0,0.0,0.0,0.0,0.0,16.0,3.0,1.039720770836918,0.0,0.0,76.375,0.0,0.0,0.0,0.0,440.0,0.0,0.0,11,1,0.5491803278688525,18.43004792904066,686.5,0.0,0.0,0.0,0.0,2
666.0,2.0,0.1348465400359257,0.0,0.0,0.0,0.0,0.0,10.0,3.0,1.054920167983144,0.0,0.0,75.66666666666667,0.0,0.0,0.0,0.0,264.0,546.0,38.0,11,1,0.5491803278688525,9.309493362516353,675.0,0.0,0.0,0.0,0.0,2
672.0,3.0,0.1417857346921926,0.0,0.0,0.0,0.0,0.0,32.0,5.0,1.5437891850538954,0.0,0.0,74.83333333333333,0.0,0.0,0.0,0.0,176.0,500.0,58.0,12,1,0.5491803278688525,3.4641016151477424,671.0,0.0,0.0,0.0,0.0,2
672.0,7.0,1.236345905573561,0.0,0.0,0.0,0.0,0.0,154.0,5.0,1.045531773275992,0.0,0.0,72.0909090909091,0.0,0.0,0.0,0.0,528.0,11270.0,122.0,12,1,0.5491803278688525,3.4641016151477424,671.0,0.0,0.0,0.0,0.0,3
660.0,3.0,0.1232533553402936,0.0,0.0,0.0,0.0,0.0,6.0,1.0,-1.000088900581841e-12,0.0,0.0,69.66666666666667,0.0,0.0,0.0,0.0,440.0,370.0,62.0,13,1,0.5491803278688525,5.744562646544051,667.5,0.0,0.0,0.0,0.0,2
658.0,3.0,0.2032309009650727,0.0,0.0,0.0,0.0,0.0,14.0,3.0,1.0789922078745835,0.0,0.0,67.16666666666667,0.0,0.0,0.0,0.0,88.0,408.0,28.0,13,1,0.5491803278688525,7.549834435275333,665.5,0.0,0.0,0.0,0.0,2
658.0,5.0,0.2071644112682526,0.0,0.0,0.0,0.0,0.0,32.0,4.0,1.0735428464045231,0.0,0.0,64.44444444444444,0.0,0.0,0.0,0.0,616.0,810.0,108.0,14,1,0.5491803278688525,6.733003292246534,662.0,0.0,0.0,0.0,0.0,2
672.0,7.0,0.6054717554740683,0.0,0.0,0.0,0.0,0.0,128.0,7.0,1.1428553121492555,0.0,0.0,61.25,0.0,0.0,0.0,0.0,528.0,1246.0,88.0,14,1,0.5491803278688525,6.733003292246534,662.0,0.0,0.0,0.0,0.0,2
662.0,4.0,0.2849834116629099,0.0,0.0,0.0,0.0,0.0,60.0,5.0,1.284565248091618,0.0,0.0,58.5,0.0,0.0,0.0,0.0,176.0,436.0,58.0,15,1,0.5491803278688525,6.608075867204917,662.5,0.0,0.0,0.0,0.0,3
684.0,5.0,0.9504048481072452,0.0,0.0,0.0,0.0,0.0,62.0,6.0,1.339978739807432,0.0,0.0,54.94736842105263,0.0,0.0,0.0,0.0,352.0,5700.0,102.0,15,1,0.5491803278688525,11.604596790355794,669.0,0.0,0.0,0.0,0.0,3
670.0,1.0,-1.000088900581841e-12,0.0,0.0,0.0,0.0,0.0,14.0,3.0,0.9556998911095343,0.0,0.0,51.8,0.0,0.0,0.0,0.0,176.0,1620.0,28.0,16,1,0.5491803278688525,9.092121131327724,672.0,0.0,0.0,0.0,0.0,3
696.0,9.0,1.911351923745592,0.0,0.0,0.0,44.0,0.0,332.0,8.0,1.3469821204267622,0.0,0.0,48.77777777777778,0.0,0.0,0.0,0.0,790.0,5870.0,152.0,16,1,0.5491803278688525,15.055453054183928,678.0,0.0,0.0,22.0,11.0,3
712.0,1.0,-1.000088900581841e-12,0.0,0.0,0.0,0.0,0.0,42.0,3.0,0.5010469137560966,0.0,0.0,44.4,0.0,0.0,0.0,0.0,0.0,690.0,0.0,17,1,0.5491803278688525,17.841898254765447,690.5,0.0,0.0,22.0,11.0,2
628.0,1.0,-1.000088900581841e-12,0.0,0.0,0.0,0.0,0.0,94.0,5.0,1.1488476565643486,0.0,0.0,39.266666666666666,0.0,0.0,0.0,0.0,0.0,1008.0,0.0,17,1,0.5491803278688525,36.67424164178543,676.5,0.0,0.0,22.0,11.0,2
512.0,5.0,0.5297980212841259,0.0,0.0,0.0,16.0,0.0,122.0,7.0,1.619214600263562,0.0,0.0,35.0,0.0,0.0,0.0,0.0,528.0,2082.0,82.0,18,1,0.5491803278688525,90.94320572020064,637.0,0.0,0.0,20.752509888364507,15.0,2
674.0,5.0,0.9150114356668012,0.0,0.0,0.0,0.0,0.0,62.0,7.0,1.6168912320705455,0.0,0.0,31.666666666666668,0.0,0.0,0.0,0.0,352.0,4370.0,100.0,18,1,0.5491803278688525,86.75444272965737,631.5,0.0,0.0,8.000000000000002,4.0,2
694.0,1.0,-1.000088900581841e-12,0.0,0.0,0.0,0.0,0.0,34.0,3.0,0.8082699579971822,0.0,0.0,27.666666666666668,0.0,0.0,0.0,0.0,440.0,5302.0,118.0,19,1,0.5491803278688525,81.49437608407958,627.0,0.0,0.0,8.000000000000002,4.0,2
668.0,4.0,0.8004114960500754,0.0,0.0,0.0,0.0,0.0,42.0,4.0,1.2629965955811415,0.0,0.0,23.857142857142858,0.0,0.0,0.0,0.0,528.0,2552.0,118.0,19,1,0.5491803278688525,84.07139822793522,637.0,0.0,0.0,8.000000000000002,4.0,3
684.0,7.0,1.000177115689013,0.0,0.0,0.0,0.0,0.0,20.0,5.0,1.4708084763171114,0.0,0.0,20.5,0.0,0.0,0.0,0.0,176.0,2244.0,94.0,20,1,0.5491803278688525,11.430952132991209,680.0,0.0,0.0,0.0,0.0,3
578.0,5.0,0.8531403333722175,0.0,0.0,0.0,0.0,0.0,14.0,5.0,1.5498260458732018,0.0,0.0,17.0,0.0,0.0,0.0,0.0,260.0,2512.0,18.0,20,1,0.5491803278688525,53.09111664550612,656.0,0.0,0.0,0.0,0.0,2
0.0,0.0,0.0,0.0,0.0,0.0,0.0,0.0,0.0,0.0,0.0,0.0,0.0,0.0,0.0,0.0,0.0,0.0,344.0,0.0,0.0,21,0,0.5491803278688525,325.03281885577866,482.5,0.0,0.0,0.0,0.0,3
0.0,0.0,0.0,0.0,0.0,0.0,0.0,0.0,0.0,0.0,0.0,0.0,0.0,0.0,0.0,0.0,0.0,0.0,774.0,5928.0,182.0,21,0,0.5491803278688525,366.86918649567735,315.5,0.0,0.0,0.0,0.0,4
0.0,0.0,0.0,0.0,0.0,0.0,0.0,0.0,0.0,0.0,0.0,0.0,0.0,0.0,0.0,0.0,0.0,0.0,172.0,3694.0,42.0,22,0,0.5491803278688525,289.00000000000017,144.5,0.0,0.0,0.0,0.0,4
418.0,7.0,0.9820287704106728,0.0,62.0,0.0,0.0,0.0,104.0,5.0,1.0292952946003746,4.0,80.0,14.61111111111111,0.0,0.0,0.0,0.0,344.0,8352.0,64.0,22,0,0.5491803278688525,209.0000000000002,104.5,31.0,15.5,0.0,0.0,4
0.0,0.0,0.0,0.0,0.0,0.0,0.0,0.0,0.0,0.0,0.0,0.0,0.0,100.0,0.0,0.0,0.0,0.0,0.0,0.0,0.0,5,0,0.5491803278688525,0.0,0.0,0.0,0.0,0.0,0.0,2
0.0,0.0,0.0,0.0,0.0,0.0,0.0,0.0,2.0,1.0,-1.000088900581841e-12,0.0,0.0,100.0,0.0,0.0,0.0,0.0,0.0,0.0,0.0,5,0,0.5491803278688525,0.0,0.0,0.0,0.0,0.0,0.0,1
0.0,0.0,0.0,0.0,0.0,0.0,0.0,0.0,2.0,1.0,-1.000088900581841e-12,0.0,0.0,100.0,0.0,0.0,0.0,0.0,0.0,0.0,0.0,6,0,0.5491803278688525,0.0,0.0,0.0,0.0,0.0,0.0,2
0.0,0.0,0.0,0.0,0.0,0.0,0.0,0.0,0.0,0.0,0.0,0.0,0.0,100.0,0.0,0.0,0.0,0.0,0.0,0.0,0.0,6,0,0.5491803278688525,0.0,0.0,0.0,0.0,0.0,0.0,2
0.0,0.0,0.0,0.0,0.0,0.0,0.0,0.0,4.0,1.0,-1.000088900581841e-12,0.0,0.0,100.0,0.0,0.0,0.0,0.0,0.0,0.0,0.0,7,0,0.5491803278688525,0.0,0.0,0.0,0.0,0.0,0.0,2
624.0,1.0,-1.000088900581841e-12,0.0,0.0,0.0,0.0,0.0,18.0,3.0,1.060856947155021,0.0,0.0,100.0,0.0,0.0,0.0,0.0,90.0,0.0,0.0,7,0,0.5491803278688525,312.0000000000001,156.0,0.0,0.0,0.0,0.0,2
620.0,8.0,1.5369537447284218,0.0,68.0,0.0,0.0,0.0,548.0,11.0,1.449178515743928,0.0,0.0,98.15384615384616,0.0,0.0,0.0,0.0,450.0,4670.0,102.0,8,1,0.5491803278688525,359.1155802802213,311.0,34.0,17.0,0.0,0.0,2
678.0,2.0,0.5631438813478156,0.0,0.0,0.0,0.0,0.0,120.0,3.0,0.4080774249919209,0.0,0.0,94.27272727272728,0.0,0.0,0.0,0.0,450.0,2322.0,76.0,8,1,0.5491803278688525,321.4233967837439,480.5,34.0,17.0,0.0,0.0,2
676.0,3.0,0.7531356554525035,0.0,0.0,0.0,0.0,0.0,16.0,3.0,1.039720770836918,0.0,0.0,92.33333333333331,0.0,0.0,0.0,0.0,900.0,132.0,68.0,9,1,0.5491803278688525,31.80670788790866,649.5,34.0,17.0,0.0,0.0,2
688.0,5.0,0.981178887177194,0.0,0.0,0.0,0.0,0.0,90.0,5.0,0.9492052117528968,0.0,0.0,89.18181818181819,0.0,0.0,0.0,0.0,630.0,2660.0,62.0,9,1,0.5491803278688525,30.78419507907834,665.5,34.0,17.0,0.0,0.0,2
678.0,4.0,0.7851174582096145,0.0,0.0,0.0,0.0,0.0,72.0,4.0,1.2078710000780175,0.0,0.0,86.75,0.0,0.0,0.0,0.0,458.0,1190.0,76.0,10,1,0.5491803278688525,5.416025603098484,680.0,0.0,0.0,0.0,0.0,2
676.0,1.0,-1.000088900581841e-12,0.0,0.0,0.0,0.0,0.0,4.0,2.0,0.6931471805579453,0.0,0.0,85.0,0.0,0.0,0.0,0.0,276.0,0.0,0.0,10,1,0.5491803278688525,5.744562646545422,679.5,0.0,0.0,0.0,0.0,2
648.0,1.0,-1.000088900581841e-12,0.0,0.0,0.0,0.0,0.0,30.0,2.0,0.2449300267926353,0.0,0.0,84.16666666666667,0.0,0.0,0.0,0.0,184.0,0.0,0.0,11,1,0.5491803278688525,17.156145643279494,672.5,0.0,0.0,0.0,0.0,2
620.0,5.0,0.4768519316319665,0.0,0.0,0.0,0.0,0.0,56.0,5.0,1.1042314297989513,0.0,0.0,81.875,30.0,0.0,0.0,0.0,552.0,684.0,88.0,11,1,0.5491803278688525,27.343494046422663,655.5,0.0,0.0,0.0,0.0,2
670.0,6.0,0.9326509215160932,0.0,0.0,0.0,0.0,0.0,166.0,9.0,1.906176636797477,0.0,0.0,77.83333333333333,0.0,0.0,0.0,0.0,1104.0,2844.0,132.0,12,1,0.5491803278688525,25.37058664411905,653.5,0.0,0.0,0.0,0.0,2
668.0,2.0,0.6769238630350692,0.0,0.0,0.0,0.0,0.0,28.0,5.0,1.4377014436379416,0.0,0.0,75.33333333333333,0.0,0.0,0.0,0.0,736.0,76.0,10.0,12,1,0.5491803278688525,23.23072677870307,651.5,0.0,0.0,0.0,0.0,2
666.0,5.0,0.33488227719049,0.0,0.0,0.0,0.0,0.0,42.0,3.0,1.0917862380921273,0.0,0.0,73.66666666666667,0.0,0.0,0.0,0.0,460.0,2710.0,54.0,13,1,0.5491803278688525,24.05549140356006,656.0,0.0,0.0,0.0,0.0,2
664.0,2.0,0.4724878732342557,0.0,0.0,0.0,0.0,0.0,72.0,7.0,1.7676107056384354,0.0,0.0,72.16666666666667,0.0,0.0,0.0,0.0,736.0,252.0,126.0,13,1,0.5491803278688525,2.581988897488137,667.0,0.0,0.0,0.0,0.0,2
662.0,6.0,0.6873438566067254,0.0,0.0,0.0,0.0,0.0,44.0,3.0,0.8158498651815185,0.0,0.0,70.33333333333333,0.0,0.0,0.0,0.0,368.0,1324.0,72.0,14,1,0.5491803278688525,2.581988897488137,665.0,0.0,0.0,0.0,0.0,2
684.0,3.0,0.8003661828081206,0.0,0.0,0.0,0.0,0.0,20.0,3.0,0.8979457248537798,0.0,0.0,67.22222222222223,0.0,0.0,0.0,0.0,184.0,938.0,14.0,14,1,0.5491803278688525,10.132456102384651,669.0,0.0,0.0,0.0,0.0,3
672.0,3.0,0.958379681084684,0.0,0.0,0.0,0.0,0.0,36.0,4.0,1.1490596969666202,0.0,0.0,63.66666666666666,0.0,0.0,0.0,0.0,184.0,812.0,48.0,15,1,0.5491803278688525,9.983319421252231,670.5,0.0,0.0,0.0,0.0,2
682.0,3.0,0.8969551908581309,0.0,0.0,0.0,0.0,0.0,18.0,4.0,1.2730283365856256,0.0,0.0,60.42857142857143,0.0,0.0,0.0,0.0,276.0,1708.0,40.0,15,1,0.5491803278688525,10.132456102384662,675.0,0.0,0.0,0.0,0.0,2
650.0,4.0,0.7255208164474937,0.0,0.0,0.0,0.0,0.0,146.0,6.0,1.3289484812332075,0.0,0.0,57.5,0.0,0.0,0.0,0.0,460.0,910.0,100.0,16,1,0.5491803278688525,15.57776192739998,672.0,0.0,0.0,0.0,0.0,2
696.0,4.0,1.1456097090850237,0.0,0.0,0.0,0.0,0.0,206.0,9.0,1.4472790753313185,0.0,0.0,54.4,0.0,0.0,0.0,0.0,736.0,2262.0,186.0,16,1,0.5491803278688525,19.35630818794618,675.0,0.0,0.0,0.0,0.0,2
696.0,5.0,1.164628232811516,0.0,0.0,0.0,28.0,0.0,180.0,9.0,1.383733140452429,0.0,0.0,50.72222222222222,0.0,0.0,0.0,0.0,828.0,1534.0,102.0,17,1,0.5491803278688525,21.694853460365948,681.0,0.0,0.0,14.000000000000002,7.0,2
714.0,1.0,-1.000088900581841e-12,0.0,0.0,0.0,0.0,0.0,44.0,4.0,0.6631794532065497,0.0,0.0,46.333333333333336,0.0,0.0,0.0,0.0,0.0,830.0,0.0,17,1,0.5491803278688525,27.349588662356258,689.0,0.0,0.0,14.000000000000002,7.0,2
710.0,7.0,0.7718063155378655,0.0,0.0,0.0,44.0,0.0,82.0,7.0,1.533112180326247,0.0,0.0,41.21428571428572,0.0,0.0,0.0,0.0,276.0,1574.0,18.0,18,1,0.5491803278688525,9.38083151965144,704.0,0.0,0.0,21.786846184490923,18.0,2
704.0,5.0,1.2379142917419113,0.0,0.0,0.0,0.0,0.0,84.0,6.0,1.300257422519823,0.0,0.0,35.875,0.0,0.0,0.0,0.0,552.0,3674.0,94.0,18,1,0.5491803278688525,7.831560082985979,706.0,0.0,0.0,21.786846184490923,18.0,2
692.0,4.0,0.7518419269426392,0.0,0.0,0.0,0.0,0.0,72.0,8.0,1.6231920917688296,0.0,0.0,31.47058823529412,0.0,0.0,0.0,0.0,184.0,1408.0,44.0,19,1,0.5491803278688525,9.591663046629924,705.0,0.0,0.0,22.0,11.0,2
676.0,3.0,0.7794108441765899,0.0,0.0,0.0,0.0,0.0,110.0,5.0,0.9669363121170236,0.0,0.0,27.09090909090909,0.0,0.0,0.0,0.0,460.0,1244.0,48.0,19,1,0.5491803278688525,15.000000000002869,695.5,0.0,0.0,22.0,11.0,2
674.0,4.0,1.0555490627939532,0.0,0.0,0.0,0.0,0.0,94.0,8.0,1.5655815959894115,0.0,0.0,24.0,0.0,0.0,0.0,0.0,368.0,2686.0,78.0,20,1,0.5491803278688525,14.177446878760849,686.5,0.0,0.0,0.0,0.0,2
666.0,3.0,0.2571869475168311,0.0,0.0,0.0,0.0,0.0,90.0,7.0,1.228758396283575,0.0,0.0,20.33333333333333,0.0,0.0,0.0,0.0,644.0,2356.0,18.0,20,1,0.5491803278688525,10.893423092249378,677.0,0.0,0.0,0.0,0.0,2
564.0,4.0,0.4756749697366493,0.0,0.0,0.0,0.0,0.0,76.0,5.0,0.8904261288302059,0.0,0.0,16.761904761904763,0.0,0.0,0.0,0.0,460.0,3076.0,34.0,21,0,0.5491803278688525,54.17256378155599,645.0,0.0,0.0,0.0,0.0,2
630.0,4.0,0.5155310594156739,0.0,0.0,0.0,0.0,0.0,20.0,6.0,1.6957425341636347,0.0,0.0,13.346153846153848,0.0,0.0,0.0,0.0,90.0,5666.0,52.0,21,0,0.5491803278688525,50.12983143797798,633.5,0.0,0.0,0.0,0.0,2
666.0,3.0,0.7213270211045528,0.0,0.0,0.0,0.0,0.0,60.0,5.0,1.148772451502684,2.0,88.0,10.333333333333334,0.0,0.0,0.0,0.0,368.0,15226.0,18.0,22,0,0.5491803278688525,48.09365862564508,631.5,0.0,0.0,0.0,0.0,2
0.0,0.0,0.0,0.0,0.0,0.0,0.0,0.0,2.0,1.0,-1.000088900581841e-12,0.0,0.0,100.0,0.0,0.0,0.0,0.0,0.0,0.0,0.0,4,0,0.5491803278688525,0.0,0.0,0.0,0.0,0.0,0.0,2
0.0,0.0,0.0,0.0,0.0,0.0,0.0,0.0,0.0,0.0,0.0,0.0,0.0,100.0,0.0,0.0,0.0,0.0,0.0,0.0,0.0,5,0,0.5491803278688525,0.0,0.0,0.0,0.0,0.0,0.0,2
0.0,0.0,0.0,0.0,0.0,0.0,0.0,0.0,0.0,0.0,0.0,0.0,0.0,100.0,0.0,0.0,0.0,0.0,0.0,0.0,0.0,5,0,0.5491803278688525,0.0,0.0,0.0,0.0,0.0,0.0,2
0.0,0.0,0.0,0.0,0.0,0.0,0.0,0.0,2.0,1.0,-1.000088900581841e-12,0.0,0.0,100.0,0.0,0.0,0.0,0.0,0.0,0.0,0.0,6,0,0.5491803278688525,0.0,0.0,0.0,0.0,0.0,0.0,2
0.0,0.0,0.0,0.0,0.0,0.0,0.0,0.0,0.0,0.0,0.0,0.0,0.0,100.0,0.0,0.0,0.0,0.0,0.0,0.0,0.0,6,0,0.5491803278688525,0.0,0.0,0.0,0.0,0.0,0.0,2
0.0,0.0,0.0,0.0,0.0,0.0,0.0,0.0,4.0,1.0,-1.000088900581841e-12,0.0,0.0,100.0,0.0,0.0,0.0,0.0,0.0,0.0,0.0,7,0,0.5491803278688525,0.0,0.0,0.0,0.0,0.0,0.0,2
658.0,7.0,1.4370447965103352,0.0,68.0,0.0,0.0,0.0,158.0,8.0,1.6225587134714403,0.0,0.0,97.08333333333331,0.0,0.0,0.0,0.0,1128.0,1936.0,130.0,7,0,0.5491803278688525,329.0000000000001,164.5,34.0,17.0,0.0,0.0,2
672.0,5.0,0.7531526954885197,0.0,0.0,0.0,0.0,0.0,52.0,8.0,1.925121190782818,0.0,0.0,92.7,0.0,0.0,0.0,0.0,188.0,3134.0,54.0,8,1,0.5491803278688525,383.9804682532695,332.5,34.0,17.0,0.0,0.0,2
676.0,4.0,0.1733041494930728,0.0,0.0,0.0,0.0,0.0,8.0,3.0,1.039720770836918,0.0,0.0,90.0,0.0,0.0,0.0,0.0,282.0,622.0,6.0,8,1,0.5491803278688525,334.42238760784755,501.5,34.0,17.0,0.0,0.0,2
710.0,4.0,0.8459896675236599,0.0,0.0,0.0,54.0,0.0,1420.0,5.0,0.7373690999123579,0.0,0.0,77.6923076923077,0.0,0.0,0.0,0.0,3666.0,1402.0,96.0,11,1,0.5491803278688525,15.609825965293489,687.5,0.0,0.0,27.0,13.5,3
662.0,2.0,0.0783246113638327,0.0,0.0,0.0,0.0,0.0,16.0,4.0,1.2130075659759043,0.0,0.0,74.5,0.0,0.0,0.0,0.0,282.0,208.0,22.0,11,1,0.5491803278688525,19.689252567498617,684.5,0.0,0.0,27.0,13.5,3
670.0,1.0,-1.000088900581841e-12,0.0,0.0,0.0,0.0,0.0,18.0,5.0,1.5810937501668236,0.0,0.0,74.0,0.0,0.0,0.0,0.0,94.0,0.0,28.0,12,1,0.5491803278688525,21.06339637064144,681.5,0.0,0.0,27.0,13.5,2
668.0,3.0,0.7332430039019258,0.0,0.0,0.0,0.0,0.0,30.0,4.0,1.2700278611129692,0.0,0.0,73.5,0.0,0.0,0.0,0.0,376.0,2188.0,114.0,12,1,0.5491803278688525,21.931712199463224,677.5,0.0,0.0,27.0,13.5,2
678.0,7.0,1.2452520052362916,0.0,0.0,0.0,0.0,0.0,80.0,4.0,0.8770381453484238,0.0,0.0,70.33333333333333,0.0,0.0,0.0,0.0,658.0,7178.0,106.0,13,1,0.5491803278688525,6.608075867206005,669.5,0.0,0.0,0.0,0.0,3
676.0,5.0,1.188003741025745,0.0,0.0,0.0,0.0,0.0,64.0,5.0,1.3900160131121682,0.0,0.0,64.7,0.0,0.0,0.0,0.0,282.0,3602.0,18.0,13,1,0.5491803278688525,4.760952285704027,673.0,0.0,0.0,0.0,0.0,2
698.0,5.0,1.059523791698206,0.0,0.0,0.0,0.0,0.0,538.0,7.0,0.3266581412109511,0.0,0.0,59.578947368421055,0.0,0.0,0.0,0.0,284.0,2240.0,36.0,14,1,0.5491803278688525,12.75408431314261,680.0,0.0,0.0,0.0,0.0,3
686.0,3.0,0.9028139901482436,0.0,0.0,0.0,0.0,0.0,190.0,3.0,0.4731119855805562,0.0,0.0,53.38095238095238,0.0,0.0,0.0,0.0,192.0,974.0,56.0,14,1,0.5491803278688525,9.983319421252151,684.5,0.0,0.0,0.0,0.0,2
686.0,6.0,1.304917553738422,0.0,0.0,0.0,0.0,0.0,186.0,5.0,1.335647657815736,0.0,0.0,47.90909090909091,0.0,22.0,0.0,52.0,480.0,2498.0,76.0,15,1,0.5491803278688525,9.000000000004656,686.5,0.0,0.0,0.0,0.0,2
706.0,6.0,1.1695370435643615,0.0,0.0,0.0,56.0,0.0,144.0,6.0,1.3200472559262646,0.0,0.0,43.095238095238095,0.0,0.0,0.0,0.0,384.0,1462.0,56.0,15,1,0.5491803278688525,9.797958971136987,694.0,0.0,0.0,28.0,14.0,2
714.0,1.0,-1.000088900581841e-12,0.0,0.0,0.0,0.0,0.0,48.0,5.0,0.8947504818274978,0.0,0.0,39.4,0.0,0.0,0.0,0.0,0.0,910.0,0.0,16,1,0.5491803278688525,14.236104336044695,698.0,0.0,0.0,28.0,14.0,2
372.0,2.0,0.4505612088643047,0.0,0.0,0.0,46.0,0.0,184.0,4.0,0.7054447310211538,0.0,0.0,34.6,0.0,0.0,0.0,0.0,0.0,946.0,0.0,16,1,0.5491803278688525,165.41966831869405,619.5,0.0,0.0,29.726531359488725,25.5,2
676.0,2.0,0.1905990989687822,0.0,0.0,0.0,0.0,0.0,40.0,6.0,1.4023890115267734,0.0,0.0,31.27272727272728,0.0,0.0,0.0,0.0,96.0,770.0,42.0,17,1,0.5491803278688525,164.15033759737875,617.0,0.0,0.0,29.726531359488725,25.5,2
662.0,1.0,-1.000088900581841e-12,0.0,0.0,0.0,0.0,0.0,6.0,3.0,1.0986122886651095,0.0,0.0,30.0,0.0,0.0,0.0,0.0,0.0,0.0,0.0,17,1,0.5491803278688525,157.53941305802414,606.0,0.0,0.0,23.0,11.5,3
676.0,4.0,0.2494092341531865,0.0,0.0,0.0,0.0,0.0,70.0,10.0,1.8078481502189625,0.0,0.0,28.666666666666668,0.0,0.0,0.0,0.0,576.0,832.0,46.0,18,1,0.5491803278688525,149.81210453987603,596.5,0.0,0.0,23.0,11.5,3
688.0,5.0,1.03685464574305,0.0,0.0,0.0,0.0,0.0,74.0,6.0,1.2434988558886253,0.0,0.0,25.7,0.0,0.0,0.0,0.0,768.0,1712.0,92.0,18,1,0.5491803278688525,10.630145812738368,675.5,0.0,0.0,0.0,0.0,3
664.0,2.0,0.5688570293097076,0.0,0.0,0.0,0.0,0.0,570.0,6.0,0.8104965799992554,0.0,0.0,22.90909090909091,0.0,0.0,0.0,0.0,480.0,134.0,48.0,19,1,0.5491803278688525,12.041594578795584,672.5,0.0,0.0,0.0,0.0,3
680.0,2.0,0.6892493800729915,0.0,0.0,0.0,0.0,0.0,222.0,7.0,1.2709497476811815,0.0,0.0,21.09090909090909,0.0,0.0,0.0,0.0,768.0,128.0,198.0,19,1,0.5491803278688525,10.00000000000396,677.0,0.0,0.0,0.0,0.0,2
676.0,2.0,0.6917284919620736,0.0,0.0,0.0,0.0,0.0,676.0,8.0,0.2970049017942092,0.0,0.0,17.466666666666665,0.0,0.0,0.0,0.0,384.0,1318.0,82.0,20,1,0.5491803278688525,10.00000000000396,677.0,0.0,0.0,0.0,0.0,3
56.0,2.0,0.5623351446168083,0.0,0.0,0.0,0.0,0.0,8.0,4.0,1.3862943611158909,0.0,0.0,13.0,0.0,0.0,0.0,0.0,376.0,10966.0,72.0,20,1,0.5491803278688525,308.7415315977645,519.0,0.0,0.0,0.0,0.0,2
684.0,6.0,0.9978765892395232,0.0,0.0,0.0,0.0,0.0,110.0,6.0,1.534964585366386,0.0,0.0,10.363636363636363,0.0,0.0,0.0,0.0,768.0,8254.0,74.0,21,0,0.5491803278688525,312.0170935488419,524.0,0.0,0.0,0.0,0.0,3
634.0,3.0,0.5444782156272103,0.0,0.0,0.0,0.0,0.0,412.0,8.0,0.8373712767881274,0.0,84.0,20.74074074074074,0.0,0.0,0.0,0.0,96.0,12042.0,28.0,21,0,0.5491803278688525,305.1223798194206,512.5,0.0,0.0,0.0,0.0,3
706.0,11.0,1.61522594009594,0.0,0.0,0.0,0.0,0.0,96.0,8.0,1.692688464902413,0.0,0.0,34.48275862068966,0.0,0.0,0.0,0.0,0.0,7978.0,0.0,22,0,0.5491803278688525,310.79682538061223,520.0,0.0,0.0,0.0,0.0,3
672.0,5.0,0.8479639779466036,0.0,0.0,0.0,0.0,0.0,64.0,5.0,0.715537563589637,2.0,0.0,51.4,0.0,0.0,0.0,0.0,194.0,3296.0,8.0,22,0,0.5491803278688525,30.15515434106476,674.0,0.0,0.0,0.0,0.0,2
0.0,0.0,0.0,0.0,0.0,0.0,0.0,0.0,0.0,0.0,0.0,0.0,0.0,100.0,0.0,0.0,0.0,0.0,0.0,0.0,0.0,5,0,0.5491803278688525,0.0,0.0,0.0,0.0,0.0,0.0,2
0.0,0.0,0.0,0.0,0.0,0.0,0.0,0.0,0.0,0.0,0.0,0.0,0.0,100.0,0.0,0.0,0.0,0.0,0.0,0.0,0.0,5,0,0.5491803278688525,0.0,0.0,0.0,0.0,0.0,0.0,2
0.0,0.0,0.0,0.0,0.0,0.0,0.0,0.0,4.0,2.0,0.6931471805579453,0.0,0.0,100.0,0.0,0.0,0.0,0.0,0.0,0.0,0.0,6,0,0.5491803278688525,0.0,0.0,0.0,0.0,0.0,0.0,2
0.0,0.0,0.0,0.0,0.0,0.0,0.0,0.0,0.0,0.0,0.0,0.0,0.0,100.0,0.0,0.0,0.0,0.0,0.0,0.0,0.0,6,0,0.5491803278688525,0.0,0.0,0.0,0.0,0.0,0.0,2
0.0,0.0,0.0,0.0,0.0,0.0,0.0,0.0,0.0,0.0,0.0,0.0,0.0,100.0,0.0,0.0,0.0,0.0,0.0,0.0,0.0,7,0,0.5491803278688525,0.0,0.0,0.0,0.0,0.0,0.0,2
90.0,2.0,0.10656595882602,0.0,0.0,0.0,0.0,0.0,14.0,2.0,0.5982695885832573,0.0,0.0,100.0,0.0,0.0,0.0,0.0,196.0,140.0,18.0,7,0,0.5491803278688525,45.00000000000129,22.5,0.0,0.0,0.0,0.0,2
652.0,10.0,1.4370361147604076,0.0,50.0,0.0,0.0,0.0,108.0,12.0,2.0957207824309543,0.0,0.0,97.3,0.0,0.0,0.0,0.0,398.0,3998.0,54.0,8,1,0.5491803278688525,313.88055052838195,185.5,25.0,12.5,0.0,0.0,2
682.0,5.0,0.8831071636662685,0.0,0.0,0.0,0.0,0.0,62.0,7.0,1.494183795706538,0.0,0.0,93.0,0.0,0.0,0.0,0.0,800.0,4392.0,40.0,8,1,0.5491803278688525,361.19431520074266,356.0,25.0,12.5,0.0,0.0,3
670.0,3.0,0.0850387305789228,0.0,0.0,0.0,0.0,0.0,26.0,3.0,1.0928305535254883,0.0,0.0,90.0,0.0,0.0,0.0,0.0,800.0,380.0,66.0,9,1,0.5491803278688525,289.26285623978777,523.5,25.0,12.5,0.0,0.0,3
668.0,1.0,-1.000088900581841e-12,0.0,0.0,0.0,0.0,0.0,22.0,4.0,1.1685184057390878,0.0,0.0,89.0,0.0,0.0,0.0,0.0,300.0,0.0,22.0,9,1,0.5491803278688525,12.328828005942674,668.0,25.0,12.5,0.0,0.0,3
698.0,5.0,1.054486062247525,0.0,0.0,0.0,0.0,0.0,190.0,8.0,1.212789668447099,0.0,0.0,86.58333333333333,0.0,0.0,0.0,0.0,610.0,5742.0,88.0,10,1,0.5491803278688525,13.796134724387455,679.5,0.0,0.0,0.0,0.0,3
708.0,4.0,0.7086602139840894,0.0,0.0,0.0,0.0,0.0,608.0,5.0,0.9274357936584876,0.0,0.0,81.69565217391305,0.0,0.0,0.0,0.0,408.0,24308.0,82.0,10,1,0.5491803278688525,20.066555924392777,686.0,0.0,0.0,0.0,0.0,3
676.0,4.0,0.7898262286767948,0.0,0.0,0.0,0.0,0.0,152.0,6.0,0.8761019496631133,0.0,0.0,77.1,0.0,0.0,0.0,0.0,408.0,5088.0,92.0,11,1,0.5491803278688525,18.645821694599107,687.5,0.0,0.0,0.0,0.0,3
678.0,3.0,0.6858123801052314,0.0,0.0,0.0,0.0,0.0,28.0,6.0,1.7721393884315286,0.0,0.0,75.4,0.0,0.0,0.0,0.0,102.0,396.0,24.0,11,1,0.5491803278688525,15.577761927400957,690.0,0.0,0.0,0.0,0.0,3
680.0,3.0,0.1530781026180466,0.0,0.0,0.0,0.0,0.0,54.0,7.0,1.568508636328127,0.0,0.0,73.8,0.0,0.0,0.0,0.0,306.0,1102.0,58.0,12,1,0.5491803278688525,15.088627063678889,685.5,0.0,0.0,0.0,0.0,3
662.0,4.0,0.353725098500007,0.0,0.0,0.0,0.0,0.0,40.0,6.0,1.6399566463350823,0.0,0.0,72.33333333333333,0.0,0.0,0.0,0.0,510.0,552.0,52.0,12,1,0.5491803278688525,8.16496580928438,674.0,0.0,0.0,0.0,0.0,3
670.0,4.0,0.8775842956419326,0.0,0.0,0.0,0.0,0.0,66.0,5.0,1.0577323122505118,0.0,0.0,70.33333333333333,0.0,0.0,0.0,0.0,102.0,1368.0,30.0,13,1,0.5491803278688525,8.225975119509114,672.5,0.0,0.0,0.0,0.0,3
704.0,5.0,1.0598535621055267,0.0,0.0,0.0,30.0,0.0,92.0,6.0,1.1658035966336988,0.0,0.0,65.68181818181819,0.0,0.0,0.0,0.0,612.0,6710.0,58.0,13,1,0.5491803278688525,18.2208671582918,679.0,0.0,0.0,15.0,7.5,3
712.0,3.0,0.2733226645746524,0.0,0.0,0.0,0.0,0.0,146.0,9.0,1.10777992618553,0.0,0.0,56.77777777777778,0.0,0.0,0.0,0.0,306.0,8890.0,84.0,14,1,0.5491803278688525,24.68467810876719,687.0,0.0,0.0,15.0,7.5,3
692.0,3.0,1.004213684223469,0.0,0.0,0.0,50.0,0.0,28.0,4.0,0.895332665964091,0.0,0.0,50.1875,0.0,0.0,0.0,0.0,204.0,8134.0,0.0,14,1,0.5491803278688525,18.284784202539825,694.5,0.0,0.0,24.49489742783178,20.0,3
670.0,3.0,1.0851672834123445,0.0,0.0,0.0,0.0,0.0,78.0,9.0,1.7052046016137663,0.0,0.0,47.333333333333336,0.0,0.0,0.0,0.0,408.0,232.0,110.0,15,1,0.5491803278688525,18.284784202539825,694.5,0.0,0.0,24.49489742783178,20.0,3
686.0,5.0,0.8631140234866875,0.0,0.0,0.0,0.0,0.0,210.0,6.0,1.2680634802065132,0.0,0.0,45.07142857142857,0.0,0.0,0.0,0.0,1224.0,906.0,28.0,15,1,0.5491803278688525,17.358955421725412,690.0,0.0,0.0,25.0,12.5,3
670.0,2.0,0.2261453774912627,0.0,0.0,0.0,0.0,0.0,14.0,3.0,0.9556998911095343,0.0,0.0,42.71428571428572,0.0,0.0,0.0,0.0,204.0,156.0,0.0,16,1,0.5491803278688525,11.23981020006342,679.5,0.0,0.0,25.0,12.5,3
670.0,5.0,0.938103856350333,0.0,0.0,0.0,0.0,0.0,144.0,6.0,0.9096149112005122,0.0,0.0,41.57142857142857,0.0,0.0,0.0,0.0,408.0,1092.0,58.0,16,1,0.5491803278688525,8.000000000007283,674.0,0.0,0.0,0.0,0.0,3
706.0,4.0,0.8871953205504636,0.0,0.0,0.0,0.0,0.0,80.0,2.0,0.3250829733894482,0.0,0.0,36.888888888888886,0.0,60.0,0.0,60.0,306.0,6642.0,70.0,17,1,0.5491803278688525,17.08800749063846,683.0,0.0,0.0,0.0,0.0,3
670.0,6.0,0.963376093673086,0.0,0.0,0.0,0.0,0.0,222.0,5.0,0.9643946618941036,0.0,0.0,31.307692307692307,0.0,0.0,0.0,0.0,408.0,3052.0,32.0,17,1,0.5491803278688525,18.000000000003226,679.0,0.0,0.0,0.0,0.0,3
660.0,6.0,0.5700911824936948,0.0,0.0,0.0,0.0,0.0,130.0,10.0,1.6780640644467688,0.0,0.0,26.384615384615383,0.0,0.0,0.0,0.0,510.0,1556.0,50.0,18,1,0.5491803278688525,20.223748416159555,676.5,0.0,0.0,0.0,0.0,3
642.0,1.0,-1.000088900581841e-12,0.0,0.0,0.0,0.0,0.0,86.0,4.0,1.0490264333561905,0.0,0.0,23.666666666666668,0.0,0.0,0.0,0.0,306.0,0.0,8.0,18,1,0.5491803278688525,26.950572040931696,669.5,0.0,0.0,0.0,0.0,3
628.0,1.0,-1.000088900581841e-12,0.0,0.0,0.0,0.0,0.0,16.0,3.0,0.9743147528663496,0.0,0.0,22.33333333333333,0.0,0.0,0.0,0.0,0.0,0.0,0.0,19,1,0.5491803278688525,18.69046102517137,650.0,0.0,0.0,0.0,0.0,3
138.0,2.0,0.2213478091214047,0.0,0.0,0.0,0.0,0.0,54.0,5.0,0.7258654461844092,0.0,0.0,20.83333333333333,38.0,0.0,0.0,0.0,306.0,82.0,26.0,19,1,0.5491803278688525,253.00592878428785,517.0,0.0,0.0,0.0,0.0,3
366.0,5.0,1.0692389965588531,0.0,0.0,0.0,0.0,0.0,52.0,10.0,2.0578975319124093,0.0,0.0,17.153846153846153,0.0,0.0,0.0,0.0,200.0,6470.0,0.0,20,1,0.5491803278688525,239.98541622357,443.5,0.0,0.0,0.0,0.0,4
0.0,0.0,0.0,0.0,0.0,0.0,0.0,0.0,0.0,0.0,0.0,0.0,0.0,0.0,0.0,0.0,0.0,0.0,400.0,2072.0,32.0,20,1,0.5491803278688525,275.0927116446383,283.0,0.0,0.0,0.0,0.0,3
0.0,0.0,0.0,0.0,0.0,0.0,0.0,0.0,0.0,0.0,0.0,0.0,0.0,0.0,0.0,0.0,0.0,0.0,300.0,1440.0,74.0,21,0,0.5491803278688525,172.7194256590732,126.0,0.0,0.0,0.0,0.0,3
26.0,1.0,-1.000088900581841e-12,0.0,0.0,0.0,0.0,0.0,6.0,2.0,0.6365141682928128,0.0,88.0,21.0,0.0,0.0,0.0,0.0,100.0,0.0,0.0,21,0,0.5491803278688525,179.08657124418937,98.0,0.0,0.0,0.0,0.0,3
702.0,4.0,0.94674919321809,0.0,0.0,0.0,0.0,0.0,92.0,11.0,1.909831993884414,0.0,0.0,32.7,0.0,0.0,0.0,0.0,408.0,8072.0,82.0,22,0,0.5491803278688525,346.8832656672849,182.0,0.0,0.0,0.0,0.0,3
692.0,4.0,0.829995779509715,0.0,0.0,0.0,0.0,0.0,78.0,7.0,1.438497890324639,0.0,0.0,48.266666666666666,0.0,0.0,0.0,0.0,0.0,3810.0,0.0,22,0,0.5491803278688525,395.0713015815417,355.0,0.0,0.0,0.0,0.0,3
0.0,0.0,0.0,0.0,0.0,0.0,0.0,0.0,6.0,1.0,-1.000088900581841e-12,0.0,0.0,100.0,0.0,0.0,0.0,0.0,0.0,0.0,0.0,5,0,0.5491803278688525,0.0,0.0,0.0,0.0,0.0,0.0,3
0.0,0.0,0.0,0.0,0.0,0.0,0.0,0.0,0.0,0.0,0.0,0.0,0.0,100.0,0.0,0.0,0.0,0.0,0.0,0.0,0.0,5,0,0.5491803278688525,0.0,0.0,0.0,0.0,0.0,0.0,3
0.0,0.0,0.0,0.0,0.0,0.0,0.0,0.0,10.0,3.0,0.9502705392302344,0.0,0.0,100.0,0.0,0.0,0.0,0.0,0.0,0.0,0.0,6,0,0.5491803278688525,0.0,0.0,0.0,0.0,0.0,0.0,3
0.0,0.0,0.0,0.0,0.0,0.0,0.0,0.0,0.0,0.0,0.0,0.0,0.0,100.0,0.0,0.0,0.0,0.0,0.0,0.0,0.0,6,0,0.5491803278688525,0.0,0.0,0.0,0.0,0.0,0.0,3
0.0,0.0,0.0,0.0,0.0,0.0,0.0,0.0,6.0,2.0,0.6365141682928128,0.0,0.0,100.0,0.0,0.0,0.0,0.0,0.0,0.0,0.0,7,0,0.5491803278688525,0.0,0.0,0.0,0.0,0.0,0.0,3
658.0,5.0,1.185868613124106,0.0,106.0,0.0,0.0,0.0,92.0,8.0,1.775496602298548,0.0,0.0,98.9047619047619,0.0,0.0,0.0,0.0,714.0,3638.0,120.0,7,0,0.5491803278688525,329.0000000000002,164.5,53.0,26.5,0.0,0.0,3
692.0,6.0,0.9397519501322656,0.0,0.0,0.0,0.0,0.0,88.0,6.0,1.1988181878187778,0.0,0.0,93.8181818181818,0.0,0.0,0.0,0.0,510.0,5352.0,108.0,8,1,0.5491803278688525,389.9585448052996,337.5,53.0,26.5,0.0,0.0,3
688.0,8.0,0.7638525201363053,0.0,0.0,0.0,0.0,0.0,34.0,4.0,1.236477074581904,0.0,0.0,89.1,0.0,0.0,0.0,0.0,510.0,3514.0,92.0,8,1,0.5491803278688525,340.00539211410575,509.5,53.0,26.5,0.0,0.0,2
680.0,4.0,1.0209047898320052,0.0,0.0,0.0,0.0,0.0,36.0,5.0,1.2740230624364666,0.0,0.0,84.66666666666667,0.0,0.0,0.0,0.0,306.0,4666.0,42.0,9,1,0.5491803278688525,15.176736583780968,679.5,53.0,26.5,0.0,0.0,2
708.0,6.0,1.1066173133704864,0.0,0.0,0.0,0.0,0.0,84.0,7.0,1.5252452086769923,0.0,0.0,78.92307692307692,0.0,0.0,0.0,0.0,204.0,17498.0,60.0,9,1,0.5491803278688525,11.775681155109856,692.0,0.0,0.0,0.0,0.0,2
674.0,4.0,0.7417583354926585,0.0,0.0,0.0,0.0,0.0,28.0,2.0,0.6829081046984717,0.0,0.0,75.33333333333333,0.0,0.0,0.0,0.0,408.0,1324.0,156.0,10,1,0.5491803278688525,14.821156050281957,687.5,0.0,0.0,0.0,0.0,2
694.0,3.0,0.5711434515606406,0.0,0.0,0.0,0.0,0.0,404.0,6.0,0.996793863849611,0.0,0.0,73.16666666666667,0.0,0.0,0.0,0.0,1122.0,9926.0,178.0,10,1,0.5491803278688525,15.187714333197386,689.0,0.0,0.0,0.0,0.0,2
684.0,3.0,0.4592075567506642,0.0,0.0,0.0,0.0,0.0,86.0,6.0,0.9588746035849534,0.0,0.0,71.0,0.0,0.0,0.0,0.0,408.0,8102.0,74.0,11,1,0.5491803278688525,14.514360704723076,690.0,0.0,0.0,0.0,0.0,2
674.0,1.0,-1.000088900581841e-12,0.0,0.0,0.0,0.0,0.0,18.0,3.0,0.9950269901765214,0.0,0.0,68.5,0.0,0.0,0.0,0.0,306.0,14.0,24.0,11,1,0.5491803278688525,9.574271077570833,681.5,0.0,0.0,0.0,0.0,2
684.0,4.0,0.7945521447039385,0.0,0.0,0.0,0.0,0.0,62.0,6.0,1.488843634261067,0.0,0.0,64.92307692307692,0.0,0.0,0.0,0.0,816.0,4064.0,166.0,12,1,0.5491803278688525,8.164965809285997,684.0,0.0,0.0,0.0,0.0,2
658.0,1.0,-1.000088900581841e-12,0.0,0.0,0.0,0.0,0.0,50.0,4.0,1.0891743498857402,0.0,0.0,61.5,0.0,0.0,0.0,0.0,408.0,0.0,0.0,12,1,0.5491803278688525,12.274635093020445,675.0,0.0,0.0,0.0,0.0,2
668.0,2.0,0.0203881511678507,0.0,0.0,0.0,0.0,0.0,118.0,6.0,0.8575298532268844,0.0,0.0,58.57142857142857,0.0,0.0,0.0,0.0,714.0,116.0,46.0,13,1,0.5491803278688525,10.893423092251997,671.0,0.0,0.0,0.0,0.0,2
682.0,1.0,-1.000088900581841e-12,0.0,0.0,0.0,0.0,0.0,128.0,2.0,0.1390607984527411,0.0,0.0,56.77777777777778,0.0,0.0,0.0,0.0,816.0,0.0,0.0,13,1,0.5491803278688525,12.274635093020445,673.0,0.0,0.0,0.0,0.0,2
704.0,2.0,0.5887187638624982,0.0,0.0,0.0,0.0,0.0,66.0,5.0,1.0260203035375088,0.0,0.0,54.85714285714285,0.0,0.0,0.0,0.0,306.0,22.0,12.0,14,1,0.5491803278688525,19.93322185030497,678.0,0.0,0.0,0.0,0.0,2
686.0,1.0,-1.000088900581841e-12,0.0,0.0,0.0,0.0,0.0,18.0,5.0,1.4270610433757247,0.0,0.0,53.333333333333336,0.0,0.0,0.0,0.0,0.0,0.0,0.0,14,1,0.5491803278688525,14.832396974196127,685.0,0.0,0.0,0.0,0.0,2
242.0,1.0,-1.000088900581841e-12,0.0,0.0,0.0,0.0,0.0,132.0,6.0,1.132288026064762,0.0,0.0,52.66666666666666,0.0,0.0,0.0,0.0,102.0,448.0,10.0,15,1,0.5491803278688525,224.5373020235171,578.5,0.0,0.0,0.0,0.0,2
692.0,2.0,0.544187950157411,0.0,0.0,0.0,0.0,0.0,94.0,11.0,1.8076284130110136,0.0,0.0,50.75,0.0,0.0,0.0,0.0,1020.0,0.0,0.0,15,1,0.5491803278688525,226.123859864456,581.0,0.0,0.0,0.0,0.0,2
696.0,8.0,1.530993623460129,0.0,0.0,0.0,0.0,0.0,328.0,6.0,0.605264996120374,0.0,0.0,47.90909090909091,0.0,0.0,0.0,0.0,714.0,3228.0,102.0,16,1,0.5491803278688525,224.704250071066,579.0,0.0,0.0,0.0,0.0,2
704.0,2.0,0.5495029884377224,0.0,0.0,0.0,0.0,0.0,36.0,3.0,0.7777899315529315,0.0,0.0,41.833333333333336,0.0,0.0,0.0,0.0,204.0,25200.0,20.0,16,1,0.5491803278688525,227.72132091659785,583.5,0.0,0.0,0.0,0.0,2
696.0,2.0,0.6678136108492114,0.0,0.0,0.0,0.0,0.0,32.0,4.0,0.98689944883453,0.0,0.0,35.578947368421055,0.0,32.0,0.0,56.0,204.0,4270.0,28.0,17,1,0.5491803278688525,5.033222956860339,697.0,0.0,0.0,0.0,0.0,2
700.0,3.0,0.7529386577096288,0.0,0.0,0.0,0.0,0.0,48.0,6.0,1.3279903901762116,0.0,0.0,31.13636363636364,0.0,0.0,0.0,0.0,204.0,3266.0,16.0,17,1,0.5491803278688525,3.8297084310426737,699.0,0.0,0.0,0.0,0.0,2
688.0,2.0,0.4536667954348572,0.0,0.0,0.0,0.0,0.0,470.0,5.0,0.9196516457074716,0.0,0.0,27.33333333333333,0.0,0.0,0.0,0.0,408.0,5238.0,104.0,18,1,0.5491803278688525,6.831300510649442,697.0,0.0,0.0,0.0,0.0,2
666.0,2.0,0.355031366285202,0.0,0.0,0.0,0.0,0.0,46.0,7.0,1.4446455597708652,0.0,0.0,24.666666666666668,0.0,0.0,0.0,0.0,306.0,4078.0,36.0,18,1,0.5491803278688525,15.176736583780642,687.5,0.0,0.0,0.0,0.0,2
302.0,2.0,0.3783778872396573,0.0,0.0,0.0,0.0,0.0,24.0,3.0,0.8675632284784613,0.0,0.0,23.25,0.0,0.0,0.0,0.0,102.0,74.0,42.0,19,1,0.5491803278688525,191.8506363467862,589.0,0.0,0.0,0.0,0.0,3
698.0,4.0,0.9126580500979872,0.0,0.0,0.0,0.0,0.0,66.0,6.0,1.1972436280178929,0.0,0.0,46.63333333333333,0.0,0.0,0.0,0.0,6.0,292.0,6.0,22,0,0.5491803278688525,185.82698045942303,531.5,0.0,0.0,0.0,0.0,2
700.0,2.0,0.4626171013984168,0.0,0.0,0.0,0.0,0.0,50.0,3.0,0.334221146210383,0.0,0.0,67.5,0.0,0.0,0.0,0.0,0.0,48.0,0.0,22,0,0.5491803278688525,194.60044535749003,540.0,0.0,0.0,0.0,0.0,2
690.0,1.0,-1.000088900581841e-12,0.0,0.0,0.0,0.0,0.0,54.0,5.0,0.8251864987981563,0.0,0.0,88.73333333333333,0.0,0.0,0.0,0.0,4.0,0.0,0.0,23,0,0.5491803278688525,118.07906955369693,637.0,0.0,0.0,0.0,0.0,2
120.0,1.0,-1.000088900581841e-12,0.0,0.0,0.0,0.0,0.0,2.0,1.0,-1.000088900581841e-12,0.0,0.0,100.0,0.0,0.0,0.0,0.0,4.0,0.0,0.0,23,0,0.5491803278688525,288.03240558427933,552.0,0.0,0.0,0.0,0.0,2
366.0,3.0,0.2297349668048595,0.0,0.0,0.0,0.0,0.0,66.0,4.0,0.5851646824580714,0.0,0.0,100.0,0.0,0.0,0.0,0.0,16.0,132.0,2.0,0,0,0.5491803278688525,279.6497809761348,469.0,0.0,0.0,0.0,0.0,2
0.0,0.0,0.0,0.0,0.0,0.0,0.0,0.0,0.0,0.0,0.0,0.0,0.0,97.0,0.0,0.0,0.0,0.0,0.0,0.0,0.0,6,0,0.5491803278688525,0.0,0.0,0.0,0.0,0.0,0.0,2
0.0,0.0,0.0,0.0,0.0,0.0,0.0,0.0,0.0,0.0,0.0,0.0,0.0,96.83333333333331,0.0,0.0,0.0,0.0,0.0,0.0,0.0,7,0,0.5491803278688525,0.0,0.0,0.0,0.0,0.0,0.0,2
0.0,0.0,0.0,0.0,0.0,0.0,0.0,0.0,2.0,1.0,-1.000088900581841e-12,0.0,0.0,96.0,4.0,0.0,0.0,0.0,8.0,0.0,0.0,7,0,0.5491803278688525,0.0,0.0,0.0,0.0,0.0,0.0,2
632.0,5.0,1.0706821757553908,0.0,8.0,0.0,0.0,0.0,182.0,10.0,1.8089921727999456,0.0,0.0,92.54545454545456,0.0,0.0,0.0,0.0,16.0,746.0,10.0,8,1,0.5491803278688525,316.00000000000017,158.0,4.0,2.0,0.0,0.0,2
668.0,2.0,0.4842197707559414,0.0,0.0,0.0,0.0,0.0,202.0,5.0,0.5258949480860757,0.0,0.0,90.14285714285714,0.0,0.0,0.0,0.0,12.0,366.0,2.0,8,1,0.5491803278688525,375.56535161451393,325.0,4.0,2.0,0.0,0.0,3
684.0,3.0,1.0463145806397651,0.0,0.0,0.0,0.0,0.0,64.0,5.0,1.244016695787894,0.0,0.0,88.0,0.0,0.0,0.0,0.0,20.0,890.0,4.0,9,1,0.5491803278688525,331.3809489595524,496.0,4.0,2.0,0.0,0.0,3
692.0,5.0,1.391092843198814,0.0,0.0,0.0,0.0,0.0,92.0,9.0,1.805285542857704,0.0,0.0,85.0,0.0,0.0,0.0,0.0,12.0,548.0,8.0,9,1,0.5491803278688525,26.60826939130208,669.0,4.0,2.0,0.0,0.0,3
708.0,3.0,0.6224551394456735,0.0,0.0,0.0,0.0,0.0,40.0,6.0,1.6399566463350823,0.0,0.0,79.81818181818181,0.0,0.0,0.0,0.0,16.0,286.0,6.0,10,1,0.5491803278688525,16.653327995732138,688.0,0.0,0.0,0.0,0.0,3
700.0,2.0,0.6852241929545269,0.0,0.0,0.0,0.0,0.0,46.0,5.0,1.403110157943589,0.0,0.0,74.27777777777777,0.0,0.0,0.0,0.0,8.0,358.0,4.0,10,1,0.5491803278688525,10.32795558989142,696.0,0.0,0.0,0.0,0.0,3
446.0,5.0,1.1968195138488529,0.0,0.0,0.0,10.0,0.0,428.0,7.0,0.5987027068699098,0.0,0.0,69.42857142857143,0.0,0.0,0.0,0.0,16.0,398.0,10.0,11,1,0.5491803278688525,127.16786805898244,636.5,0.0,0.0,5.0,2.5,3
712.0,5.0,0.8147486951778392,0.0,0.0,0.0,0.0,0.0,338.0,7.0,1.2356092377168526,0.0,0.0,60.74074074074074,0.0,0.0,0.0,0.0,6.0,384.0,6.0,11,1,0.5491803278688525,130.42878005511963,641.5,0.0,0.0,5.0,2.5,3
710.0,3.0,0.6625945497476478,0.0,0.0,0.0,0.0,0.0,192.0,7.0,0.734707574377663,0.0,0.0,53.785714285714285,0.0,0.0,0.0,0.0,8.0,186.0,8.0,12,1,0.5491803278688525,130.7720663342651,642.0,0.0,0.0,5.0,2.5,4
684.0,4.0,0.9446748509993836,0.0,0.0,0.0,2.0,0.0,136.0,9.0,1.4042195141879734,0.0,0.0,50.333333333333336,0.0,0.0,0.0,0.0,8.0,58.0,4.0,12,1,0.5491803278688525,128.63384728238043,638.0,0.0,0.0,4.760952285695233,3.0,3
412.0,5.0,0.6641752150077151,0.0,0.0,0.0,0.0,0.0,30.0,4.0,1.2680942586638273,0.0,0.0,47.0,0.0,0.0,0.0,0.0,6.0,554.0,4.0,13,1,0.5491803278688525,145.55983878345967,629.5,0.0,0.0,0.9999999999999984,0.5,3
490.0,2.0,0.0265274065772525,0.0,0.0,0.0,0.0,0.0,4.0,1.0,-1.000088900581841e-12,0.0,0.0,35.0,0.0,0.0,0.0,0.0,0.0,14.0,0.0,15,1,0.5491803278688525,145.94062719704465,574.0,0.0,0.0,0.9999999999999984,0.5,3
678.0,2.0,0.5284715771547017,0.0,0.0,0.0,0.0,0.0,10.0,2.0,0.5004024235361879,0.0,0.0,34.333333333333336,0.0,0.0,0.0,0.0,8.0,66.0,4.0,15,1,0.5491803278688525,136.57720649264076,566.0,0.0,0.0,0.9999999999999984,0.5,3
680.0,4.0,0.90646998353792,0.0,0.0,0.0,0.0,0.0,70.0,5.0,1.293303870924136,0.0,0.0,31.90909090909091,0.0,0.0,0.0,0.0,12.0,1678.0,6.0,16,1,0.5491803278688525,135.43510130932367,565.0,0.0,0.0,0.0,0.0,3
698.0,4.0,0.798309373997574,0.0,0.0,0.0,2.0,0.0,182.0,6.0,0.8179522422098058,0.0,0.0,28.58823529411765,0.0,0.0,0.0,0.0,10.0,30.0,2.0,16,1,0.5491803278688525,98.07989940179776,636.5,0.0,0.0,0.9999999999999984,0.5,3
716.0,1.0,-1.000088900581841e-12,0.0,0.0,0.0,0.0,0.0,52.0,6.0,0.9003680829308778,0.0,0.0,22.03333333333333,0.0,0.0,0.0,0.0,0.0,72.0,0.0,17,1,0.5491803278688525,17.776388834633977,693.0,0.0,0.0,0.9999999999999984,0.5,3
166.0,1.0,-1.000088900581841e-12,0.0,0.0,0.0,0.0,0.0,34.0,7.0,1.7115472862793528,0.0,0.0,16.428571428571427,0.0,0.0,0.0,0.0,0.0,24.0,0.0,17,1,0.5491803278688525,266.40570564460535,565.0,0.0,0.0,0.9999999999999984,0.5,3
694.0,5.0,0.6966397784361387,0.0,0.0,0.0,0.0,0.0,102.0,11.0,1.5946746145355235,0.0,0.0,44.1,0.0,0.0,0.0,0.0,4.0,46.0,4.0,18,1,0.5491803278688525,303.45730067561965,442.5,0.0,0.0,0.0,0.0,3
702.0,5.0,0.4692386156348613,0.0,0.0,0.0,0.0,0.0,80.0,5.0,1.2052156773453675,0.0,0.0,72.42857142857143,0.0,0.0,0.0,0.0,8.0,190.0,2.0,19,1,0.5491803278688525,299.3036362403016,439.0,0.0,0.0,0.0,0.0,3
666.0,2.0,0.3096362960257406,0.0,0.0,0.0,0.0,0.0,6.0,2.0,0.6365141682928128,0.0,0.0,80.0,0.0,0.0,0.0,0.0,6.0,110.0,2.0,19,1,0.5491803278688525,247.14907781876664,564.0,0.0,0.0,0.0,0.0,3
678.0,4.0,0.4742308141977507,0.0,0.0,0.0,0.0,0.0,66.0,6.0,1.579366878371952,0.0,0.0,80.0,0.0,0.0,0.0,0.0,4.0,178.0,4.0,20,1,0.5491803278688525,16.124515496600008,685.0,0.0,0.0,0.0,0.0,3
706.0,6.0,1.3692595451182263,0.0,0.0,0.0,0.0,0.0,364.0,7.0,0.6947393218542173,0.0,0.0,78.54166666666667,0.0,0.0,0.0,0.0,12.0,1586.0,6.0,20,1,0.5491803278688525,19.183326093253324,688.0,0.0,0.0,0.0,0.0,3
700.0,7.0,1.3751076118961456,0.0,0.0,0.0,0.0,0.0,76.0,7.0,1.8144570037896948,0.0,0.0,75.88235294117646,0.0,0.0,0.0,0.0,6.0,428.0,4.0,21,0,0.5491803278688525,18.71719352182445,687.5,0.0,0.0,0.0,0.0,3
686.0,6.0,1.14751395793044,0.0,0.0,0.0,0.0,0.0,50.0,5.0,1.350592478058785,0.0,0.0,73.08333333333333,0.0,0.0,0.0,0.0,6.0,132.0,6.0,21,0,0.5491803278688525,12.793227374934,692.5,0.0,0.0,0.0,0.0,3
716.0,3.0,0.1365623602593119,0.0,0.0,0.0,0.0,0.0,102.0,4.0,0.5975242377881194,0.0,0.0,70.26666666666667,0.0,0.0,0.0,0.0,0.0,616.0,0.0,22,0,0.5491803278688525,12.543258481488252,702.0,0.0,0.0,0.0,0.0,3
666.0,3.0,0.2061993777024992,0.0,0.0,0.0,0.0,0.0,54.0,4.0,0.4709001279132663,2.0,2.0,80.43333333333334,0.0,0.0,0.0,0.0,0.0,126.0,0.0,22,0,0.5491803278688525,21.228911104123075,692.0,0.0,0.0,0.0,0.0,3
0.0,0.0,0.0,0.0,0.0,0.0,0.0,0.0,6.0,1.0,-1.000088900581841e-12,0.0,0.0,100.0,0.0,0.0,0.0,0.0,0.0,0.0,0.0,5,0,0.5491803278688525,0.0,0.0,0.0,0.0,0.0,0.0,3
0.0,0.0,0.0,0.0,0.0,0.0,0.0,0.0,0.0,0.0,0.0,0.0,0.0,100.0,0.0,0.0,0.0,0.0,0.0,0.0,0.0,5,0,0.5491803278688525,0.0,0.0,0.0,0.0,0.0,0.0,2
0.0,0.0,0.0,0.0,0.0,0.0,0.0,0.0,4.0,2.0,0.6931471805579453,0.0,0.0,100.0,0.0,0.0,0.0,0.0,0.0,0.0,0.0,6,0,0.5491803278688525,0.0,0.0,0.0,0.0,0.0,0.0,2
0.0,0.0,0.0,0.0,0.0,0.0,0.0,0.0,0.0,0.0,0.0,0.0,0.0,100.0,0.0,0.0,0.0,0.0,0.0,0.0,0.0,6,0,0.5491803278688525,0.0,0.0,0.0,0.0,0.0,0.0,2
0.0,0.0,0.0,0.0,0.0,0.0,0.0,0.0,4.0,1.0,-1.000088900581841e-12,0.0,0.0,100.0,0.0,0.0,0.0,0.0,0.0,0.0,0.0,7,0,0.5491803278688525,0.0,0.0,0.0,0.0,0.0,0.0,2
672.0,5.0,0.6212781399254832,0.0,4.0,0.0,0.0,0.0,238.0,10.0,1.5897864315288586,0.0,0.0,98.11111111111111,0.0,0.0,0.0,0.0,16.0,144.0,4.0,7,0,0.5491803278688525,336.00000000000017,168.0,2.0,1.0,0.0,0.0,2
654.0,3.0,0.5725391595173746,0.0,0.0,0.0,0.0,0.0,272.0,8.0,0.905759009330012,0.0,0.0,94.85714285714286,0.0,0.0,0.0,0.0,26.0,72.0,4.0,8,1,0.5491803278688525,382.8537579807728,331.5,2.0,1.0,0.0,0.0,2
714.0,3.0,0.4136226678286287,0.0,0.0,0.0,0.0,0.0,3172.0,5.0,0.0932630350540774,0.0,0.0,88.2,0.0,0.0,0.0,0.0,12.0,40.0,2.0,8,1,0.5491803278688525,340.92814492206435,510.0,2.0,1.0,0.0,0.0,2
694.0,3.0,0.3554972644227895,0.0,0.0,0.0,0.0,0.0,426.0,6.0,0.7094450899477813,0.0,0.0,83.0,0.0,0.0,0.0,0.0,16.0,32.0,2.0,9,1,0.5491803278688525,26.09597670140164,683.5,2.0,1.0,0.0,0.0,2
708.0,3.0,0.202384266537318,0.0,0.0,0.0,0.0,0.0,386.0,5.0,0.2670645710014901,0.0,0.0,80.66666666666667,0.0,0.0,0.0,0.0,6.0,92.0,2.0,9,1,0.5491803278688525,27.00000000000179,692.5,0.0,0.0,0.0,0.0,2
694.0,2.0,0.3141831456405785,0.0,0.0,0.0,0.0,0.0,58.0,7.0,1.6995732563319177,0.0,0.0,78.83333333333333,0.0,0.0,0.0,0.0,6.0,8.0,2.0,10,1,0.5491803278688525,10.11599393700044,702.5,0.0,0.0,0.0,0.0,2
688.0,4.0,1.0268989542718114,0.0,0.0,0.0,0.0,0.0,32.0,4.0,1.2130075659759043,0.0,0.0,76.7,0.0,0.0,0.0,0.0,2.0,316.0,2.0,10,1,0.5491803278688525,8.48528137424423,696.0,0.0,0.0,0.0,0.0,2
710.0,4.0,0.6146551880698228,0.0,0.0,0.0,0.0,0.0,966.0,8.0,0.6509713125465122,0.0,0.0,74.0,0.0,0.0,0.0,0.0,14.0,238.0,8.0,11,1,0.5491803278688525,10.708252269477166,700.0,0.0,0.0,0.0,0.0,2
572.0,5.0,0.8954045427036281,0.0,0.0,0.0,0.0,0.0,74.0,7.0,1.6234055249178982,0.0,0.0,64.27272727272727,0.0,0.0,0.0,0.0,10.0,676.0,6.0,12,1,0.5491803278688525,70.71067811865544,654.0,0.0,0.0,0.0,0.0,2
682.0,3.0,0.6708546440093184,0.0,0.0,0.0,0.0,0.0,52.0,4.0,0.8942436316551222,0.0,0.0,59.45454545454545,0.0,0.0,0.0,0.0,4.0,276.0,2.0,13,1,0.5491803278688525,64.42566776267641,647.0,0.0,0.0,0.0,0.0,2
688.0,7.0,1.2948747645599488,0.0,0.0,0.0,0.0,0.0,156.0,5.0,0.816289264836906,0.0,0.0,56.27272727272727,0.0,0.0,0.0,0.0,6.0,338.0,6.0,13,1,0.5491803278688525,55.30521373855058,640.0,0.0,0.0,0.0,0.0,2
676.0,2.0,0.6309049379698405,0.0,0.0,0.0,0.0,0.0,68.0,6.0,1.4976864074806395,0.0,0.0,53.0,0.0,0.0,0.0,0.0,8.0,200.0,6.0,14,1,0.5491803278688525,55.21775076911496,654.5,0.0,0.0,0.0,0.0,2
682.0,2.0,0.1219709497850353,0.0,0.0,0.0,0.0,0.0,24.0,4.0,1.126928794796676,0.0,0.0,51.625,0.0,0.0,0.0,0.0,6.0,44.0,4.0,14,1,0.5491803278688525,4.898979485576196,682.0,0.0,0.0,0.0,0.0,3
688.0,5.0,1.0184514185956215,0.0,0.0,0.0,0.0,0.0,50.0,5.0,1.4552421068116943,0.0,0.0,49.57142857142857,0.0,0.0,0.0,0.0,12.0,100.0,8.0,15,1,0.5491803278688525,5.74456264654642,683.5,0.0,0.0,0.0,0.0,2
690.0,3.0,0.72271325078201,0.0,0.0,0.0,2.0,0.0,42.0,4.0,1.1823239239062422,0.0,0.0,47.30769230769231,0.0,0.0,0.0,0.0,12.0,92.0,12.0,15,1,0.5491803278688525,6.3245553203443805,684.0,0.0,0.0,0.9999999999999984,0.5,2
710.0,3.0,0.6961561543670478,0.0,0.0,0.0,0.0,0.0,82.0,5.0,1.162945193050496,0.0,0.0,43.90909090909091,0.0,0.0,0.0,0.0,8.0,38.0,4.0,16,1,0.5491803278688525,12.151817422376103,692.5,0.0,0.0,0.9999999999999984,0.5,2
704.0,5.0,0.8578548909999608,0.0,0.0,0.0,2.0,0.0,58.0,5.0,1.412753733343596,0.0,0.0,40.16666666666666,0.0,0.0,0.0,0.0,14.0,588.0,8.0,16,1,0.5491803278688525,10.70825226947719,698.0,0.0,0.0,1.15470053837925,1.0,3
708.0,6.0,1.058874651394194,0.0,0.0,0.0,2.0,0.0,82.0,7.0,1.4224183823114145,0.0,0.0,36.5,0.0,0.0,0.0,0.0,12.0,352.0,6.0,17,1,0.5491803278688525,9.01849950565114,703.0,0.0,0.0,0.9999999999999984,1.5,2
714.0,5.0,0.3885514799376514,0.0,0.0,0.0,0.0,0.0,62.0,5.0,1.1707659397054129,0.0,0.0,32.9,0.0,0.0,0.0,0.0,20.0,398.0,16.0,17,1,0.5491803278688525,4.163331998943832,709.0,0.0,0.0,1.1547005383792504,1.0,3
696.0,5.0,0.75998805109036,0.0,0.0,0.0,4.0,0.0,206.0,6.0,0.7676538165800988,0.0,0.0,27.59090909090909,0.0,0.0,0.0,0.0,12.0,600.0,4.0,18,1,0.5491803278688525,7.549834435277119,705.5,0.0,0.0,1.6329931618554512,2.0,2
696.0,3.0,0.6636526690548269,0.0,0.0,0.0,0.0,0.0,30.0,5.0,1.436828668958032,0.0,0.0,22.428571428571427,0.0,0.0,0.0,0.0,12.0,138.0,6.0,18,1,0.5491803278688525,9.000000000005343,703.5,0.0,0.0,1.9148542155126755,1.5,2
678.0,5.0,0.7884367962860859,0.0,0.0,0.0,0.0,0.0,58.0,5.0,1.2278665825054642,0.0,0.0,18.3,0.0,0.0,0.0,0.0,16.0,114.0,12.0,19,1,0.5491803278688525,14.69693845670234,696.0,0.0,0.0,2.0,1.0,3
458.0,6.0,1.016510857724857,0.0,0.0,0.0,0.0,0.0,70.0,4.0,0.9481493958819668,0.0,0.0,14.1,0.0,0.0,0.0,0.0,10.0,738.0,10.0,19,1,0.5491803278688525,116.3099307883901,632.0,0.0,0.0,2.0,1.0,3
684.0,3.0,0.5796966959834834,0.0,0.0,0.0,0.0,0.0,82.0,8.0,1.3303913988328422,0.0,0.0,10.22222222222222,0.0,0.0,0.0,0.0,16.0,928.0,4.0,20,1,0.5491803278688525,114.2453500147822,629.0,0.0,0.0,0.0,0.0,2
694.0,3.0,0.7060622126775188,0.0,0.0,0.0,0.0,0.0,38.0,7.0,1.721954449399054,0.0,0.0,6.588235294117647,0.0,0.0,0.0,0.0,4.0,468.0,0.0,20,1,0.5491803278688525,113.8580988189543,628.5,0.0,0.0,0.0,0.0,2
682.0,1.0,-1.000088900581841e-12,0.0,0.0,0.0,0.0,0.0,80.0,9.0,1.780790753873955,0.0,4.0,9.076923076923077,0.0,0.0,0.0,0.0,8.0,0.0,0.0,21,0,0.5491803278688525,114.45377523990533,629.5,0.0,0.0,0.0,0.0,2
672.0,1.0,-1.000088900581841e-12,0.0,0.0,0.0,0.0,0.0,138.0,7.0,1.1521650931746286,0.0,0.0,30.517241379310345,0.0,0.0,0.0,0.0,0.0,0.0,0.0,21,0,0.5491803278688525,9.01849950565125,683.0,0.0,0.0,0.0,0.0,2
0.0,0.0,0.0,0.0,0.0,0.0,0.0,0.0,124.0,5.0,1.0990263640480633,0.0,0.0,54.6,0.0,0.0,0.0,0.0,0.0,0.0,0.0,22,0,0.5491803278688525,341.451802357717,512.0,0.0,0.0,0.0,0.0,2
366.0,3.0,0.5007005034510796,0.0,0.0,0.0,0.0,0.0,134.0,11.0,1.636612135541692,0.0,0.0,72.05263157894737,0.0,0.0,0.0,0.0,24.0,390.0,6.0,22,0,0.5491803278688525,322.00621112022066,430.0,0.0,0.0,0.0,0.0,2
680.0,4.0,0.0761937231686879,0.0,0.0,0.0,0.0,0.0,48.0,3.0,0.7214636866895116,0.0,0.0,75.0,0.0,0.0,0.0,0.0,24.0,66.0,10.0,23,0,0.5491803278688525,321.48561398606955,429.5,0.0,0.0,0.0,0.0,2
684.0,5.0,0.8833061545060021,0.0,0.0,0.0,0.0,0.0,38.0,5.0,0.9269075593859925,2.0,6.0,81.85714285714286,0.0,0.0,0.0,0.0,6.0,450.0,6.0,23,0,0.5491803278688525,324.5442958981102,432.5,0.0,0.0,0.0,0.0,2
0.0,0.0,0.0,0.0,0.0,0.0,0.0,0.0,2.0,1.0,-1.000088900581841e-12,0.0,0.0,100.0,0.0,0.0,0.0,0.0,0.0,0.0,0.0,6,0,0.5491803278688525,0.0,0.0,0.0,0.0,0.0,0.0,2
0.0,0.0,0.0,0.0,0.0,0.0,0.0,0.0,0.0,0.0,0.0,0.0,0.0,100.0,0.0,0.0,0.0,0.0,0.0,0.0,0.0,6,0,0.5491803278688525,0.0,0.0,0.0,0.0,0.0,0.0,2
0.0,0.0,0.0,0.0,0.0,0.0,0.0,0.0,2.0,1.0,-1.000088900581841e-12,0.0,0.0,100.0,0.0,0.0,0.0,0.0,0.0,0.0,0.0,7,0,0.5491803278688525,0.0,0.0,0.0,0.0,0.0,0.0,2
0.0,0.0,0.0,0.0,0.0,0.0,0.0,0.0,0.0,0.0,0.0,0.0,0.0,100.0,0.0,0.0,0.0,0.0,0.0,0.0,0.0,7,0,0.5491803278688525,0.0,0.0,0.0,0.0,0.0,0.0,2
66.0,4.0,1.3098232051486345,0.0,8.0,0.0,0.0,0.0,74.0,7.0,1.533977476069554,0.0,0.0,99.92307692307692,0.0,0.0,0.0,0.0,18.0,344.0,6.0,8,1,0.5491803278688525,33.00000000000176,16.5,4.0,2.0,0.0,0.0,2
694.0,8.0,1.073945334511093,0.0,0.0,0.0,0.0,0.0,104.0,5.0,1.030234242230688,0.0,0.0,96.1818181818182,0.0,0.0,0.0,0.0,30.0,932.0,8.0,8,1,0.5491803278688525,337.43740160213434,190.0,4.0,2.0,0.0,0.0,2
694.0,6.0,1.220835827077402,0.0,0.0,0.0,0.0,0.0,34.0,5.0,1.3345929532322407,0.0,0.0,91.14285714285714,0.0,0.0,0.0,0.0,24.0,672.0,8.0,9,1,0.5491803278688525,382.5785322431637,363.5,4.0,2.0,0.0,0.0,2
676.0,4.0,0.5203282925498178,0.0,0.0,0.0,0.0,0.0,50.0,6.0,1.5825064374055955,0.0,0.0,88.5,0.0,0.0,0.0,0.0,46.0,476.0,16.0,9,1,0.5491803278688525,311.1157340926365,532.5,4.0,2.0,0.0,0.0,2
674.0,3.0,0.0710998857514622,0.0,0.0,0.0,0.0,0.0,34.0,5.0,1.365372255806626,0.0,0.0,87.0,0.0,0.0,0.0,0.0,16.0,58.0,4.0,10,1,0.5491803278688525,11.00000000000441,684.5,0.0,0.0,0.0,0.0,3
678.0,3.0,0.3037787658593721,0.0,0.0,0.0,0.0,0.0,28.0,6.0,1.7104932300490043,0.0,0.0,85.66666666666667,0.0,0.0,0.0,0.0,32.0,136.0,10.0,10,1,0.5491803278688525,9.146948489346808,680.5,0.0,0.0,0.0,0.0,3
700.0,2.0,0.637172268618186,0.0,0.0,0.0,6.0,0.0,510.0,3.0,0.9261601970102916,0.0,0.0,82.66666666666667,0.0,0.0,0.0,0.0,144.0,570.0,56.0,11,1,0.5491803278688525,12.110601416393978,682.0,0.0,0.0,3.0,1.5,3
706.0,3.0,0.8303072056782038,0.0,0.0,0.0,8.0,0.0,438.0,5.0,0.9865232753455748,0.0,0.0,79.45454545454545,0.0,0.0,0.0,0.0,160.0,594.0,32.0,11,1,0.5491803278688525,15.864005379057454,689.5,0.0,0.0,4.12310562561766,3.5,3
686.0,4.0,0.7680731504562797,0.0,0.0,0.0,0.0,0.0,32.0,6.0,1.6347589244380103,0.0,0.0,76.15384615384616,0.0,0.0,0.0,0.0,40.0,654.0,10.0,12,1,0.5491803278688525,12.793227374934128,692.5,0.0,0.0,4.12310562561766,3.5,4
676.0,5.0,0.9435042373837328,0.0,0.0,0.0,0.0,0.0,108.0,5.0,1.1585803549780225,0.0,0.0,74.0,0.0,0.0,0.0,0.0,60.0,344.0,24.0,12,1,0.5491803278688525,13.564659966254125,692.0,0.0,0.0,4.12310562561766,3.5,3
676.0,4.0,0.5885953418745218,0.0,0.0,0.0,0.0,0.0,26.0,4.0,1.3516811946818947,0.0,0.0,72.83333333333333,0.0,0.0,0.0,0.0,20.0,120.0,12.0,13,1,0.5491803278688525,14.1421356237344,686.0,0.0,0.0,4.0,2.0,2
686.0,6.0,1.0358170223636018,0.0,0.0,0.0,0.0,0.0,34.0,5.0,1.4053484997584844,0.0,0.0,70.18181818181819,0.0,0.0,0.0,0.0,60.0,442.0,20.0,13,1,0.5491803278688525,5.773502691904722,681.0,0.0,0.0,0.0,0.0,2
696.0,4.0,0.7853069170118998,0.0,0.0,0.0,0.0,0.0,60.0,3.0,0.7298712099801165,0.0,0.0,66.0,0.0,8.0,0.0,8.0,50.0,622.0,4.0,14,1,0.5491803278688525,9.57427107756848,683.5,0.0,0.0,0.0,0.0,2
666.0,3.0,0.4570486576068332,0.0,0.0,0.0,0.0,0.0,22.0,4.0,1.1685184057390878,0.0,0.0,62.16666666666666,0.0,0.0,0.0,0.0,60.0,104.0,20.0,14,1,0.5491803278688525,12.909944487361836,681.0,0.0,0.0,0.0,0.0,2
676.0,3.0,0.0564186099104414,0.0,0.0,0.0,0.0,0.0,32.0,6.0,1.5808185358533011,0.0,0.0,59.75,0.0,0.0,0.0,0.0,44.0,84.0,20.0,15,1,0.5491803278688525,12.909944487361836,681.0,0.0,0.0,0.0,0.0,2
680.0,7.0,0.3896570260614601,0.0,0.0,0.0,0.0,0.0,62.0,5.0,1.3541085326913314,0.0,0.0,57.375,0.0,0.0,0.0,0.0,84.0,238.0,26.0,15,1,0.5491803278688525,12.476644848145847,679.5,0.0,0.0,0.0,0.0,2
682.0,3.0,0.5576434299357153,0.0,0.0,0.0,0.0,0.0,4.0,1.0,-1.000088900581841e-12,0.0,0.0,54.7,0.0,0.0,0.0,0.0,24.0,140.0,10.0,16,1,0.5491803278688525,7.118052168027737,676.0,0.0,0.0,0.0,0.0,2
670.0,1.0,-1.000088900581841e-12,0.0,0.0,0.0,0.0,0.0,10.0,2.0,0.5004024235361879,0.0,0.0,53.66666666666666,0.0,0.0,0.0,0.0,0.0,0.0,0.0,16,1,0.5491803278688525,5.291502622138409,677.0,0.0,0.0,0.0,0.0,2
690.0,3.0,0.3663116191529071,0.0,0.0,0.0,0.0,0.0,60.0,8.0,1.678300929369483,0.0,0.0,51.16666666666666,0.0,0.0,0.0,0.0,60.0,206.0,22.0,17,1,0.5491803278688525,8.225975119507972,680.5,0.0,0.0,0.0,0.0,2
706.0,1.0,-1.000088900581841e-12,0.0,0.0,0.0,0.0,0.0,42.0,8.0,1.61798325983257,0.0,0.0,46.4,0.0,0.0,0.0,0.0,24.0,132.0,16.0,17,1,0.5491803278688525,15.099668870544736,687.0,0.0,0.0,0.0,0.0,2
698.0,1.0,-1.000088900581841e-12,0.0,0.0,0.0,0.0,0.0,18.0,4.0,1.1490596969666202,0.0,0.0,41.46666666666667,0.0,0.0,0.0,0.0,24.0,378.0,6.0,18,1,0.5491803278688525,15.44884030167846,691.0,0.0,0.0,0.0,0.0,2
696.0,3.0,0.661998330371504,0.0,0.0,0.0,0.0,0.0,36.0,5.0,1.3532737176267289,0.0,0.0,37.8,0.0,0.0,0.0,0.0,48.0,466.0,28.0,18,1,0.5491803278688525,6.608075867207079,697.5,0.0,0.0,0.0,0.0,3
692.0,4.0,0.639417530631083,0.0,0.0,0.0,0.0,0.0,62.0,5.0,1.306220795049429,0.0,0.0,34.166666666666664,0.0,0.0,0.0,0.0,62.0,860.0,28.0,19,1,0.5491803278688525,5.887840577560214,698.0,0.0,0.0,0.0,0.0,3
684.0,5.0,0.729345322073603,0.0,0.0,0.0,0.0,0.0,74.0,5.0,1.422582126237621,0.0,0.0,31.818181818181817,0.0,0.0,0.0,0.0,70.0,584.0,28.0,19,1,0.5491803278688525,6.191391873676828,692.5,0.0,0.0,0.0,0.0,2
700.0,6.0,0.8227890415499917,0.0,0.0,0.0,0.0,0.0,30.0,5.0,1.3378606778314337,0.0,0.0,27.21052631578948,0.0,0.0,0.0,0.0,48.0,828.0,14.0,20,1,0.5491803278688525,6.8313005106469165,693.0,0.0,0.0,0.0,0.0,2
696.0,3.0,0.5130225628745311,0.0,0.0,0.0,0.0,0.0,70.0,7.0,1.3779086405987646,0.0,0.0,22.8,0.0,0.0,0.0,0.0,128.0,268.0,20.0,20,1,0.5491803278688525,6.8313005106469165,693.0,0.0,0.0,0.0,0.0,2
684.0,4.0,1.3341815556961958,0.0,0.0,0.0,0.0,0.0,86.0,6.0,1.2510206725711468,0.0,0.0,18.818181818181817,0.0,0.0,0.0,0.0,96.0,146.0,24.0,21,0,0.5491803278688525,8.246211251241277,691.0,0.0,0.0,0.0,0.0,2
192.0,1.0,-1.000088900581841e-12,0.0,0.0,0.0,0.0,0.0,2.0,1.0,-1.000088900581841e-12,0.0,0.0,16.0,0.0,0.0,0.0,0.0,74.0,198.0,28.0,21,0,0.5491803278688525,250.7588482985199,568.0,0.0,0.0,0.0,0.0,2
542.0,4.0,0.1286482116008924,0.0,0.0,0.0,0.0,0.0,32.0,1.0,-1.000088900581841e-12,0.0,14.0,25.045454545454547,0.0,0.0,0.0,0.0,42.0,1230.0,16.0,22,0,0.5491803278688525,234.98297810692603,528.5,0.0,0.0,0.0,0.0,2
676.0,4.0,0.7763736503398219,0.0,0.0,0.0,0.0,0.0,66.0,4.0,0.7900557453355437,2.0,0.0,41.6,0.0,0.0,0.0,0.0,18.0,454.0,4.0,22,0,0.5491803278688525,230.39892939566096,523.5,0.0,0.0,0.0,0.0,2
0.0,0.0,0.0,0.0,0.0,0.0,0.0,0.0,0.0,0.0,0.0,0.0,0.0,100.0,0.0,0.0,0.0,0.0,0.0,0.0,0.0,5,0,0.5491803278688525,0.0,0.0,0.0,0.0,0.0,0.0,2
0.0,0.0,0.0,0.0,0.0,0.0,0.0,0.0,0.0,0.0,0.0,0.0,0.0,100.0,0.0,0.0,0.0,0.0,0.0,0.0,0.0,5,0,0.5491803278688525,0.0,0.0,0.0,0.0,0.0,0.0,2
0.0,0.0,0.0,0.0,0.0,0.0,0.0,0.0,4.0,2.0,0.6931471805579453,0.0,0.0,100.0,0.0,0.0,0.0,0.0,0.0,0.0,0.0,6,0,0.5491803278688525,0.0,0.0,0.0,0.0,0.0,0.0,2
0.0,0.0,0.0,0.0,0.0,0.0,0.0,0.0,0.0,0.0,0.0,0.0,0.0,100.0,0.0,0.0,0.0,0.0,0.0,0.0,0.0,6,0,0.5491803278688525,0.0,0.0,0.0,0.0,0.0,0.0,2
356.0,1.0,-1.000088900581841e-12,0.0,10.0,0.0,0.0,0.0,38.0,5.0,1.156135669644826,0.0,0.0,100.0,0.0,0.0,0.0,0.0,36.0,60.0,10.0,7,0,0.5491803278688525,178.00000000000026,89.0,5.0,2.5,0.0,0.0,2
680.0,6.0,0.8226351081597597,0.0,0.0,0.0,0.0,0.0,118.0,4.0,0.8236240449809387,0.0,0.0,99.42857142857144,0.0,0.0,0.0,0.0,144.0,480.0,32.0,7,0,0.5491803278688525,327.0127418516493,259.0,5.0,2.5,0.0,0.0,2
690.0,7.0,0.9032728958321016,0.0,0.0,0.0,0.0,0.0,112.0,7.0,1.6428063432792652,0.0,0.0,97.0,0.0,0.0,0.0,0.0,126.0,1872.0,30.0,8,1,0.5491803278688525,326.8368604263195,431.5,5.0,2.5,0.0,0.0,3
678.0,3.0,0.490849207883454,0.0,0.0,0.0,0.0,0.0,214.0,5.0,0.6907143689239863,0.0,0.0,94.5,0.0,0.0,0.0,0.0,180.0,1298.0,42.0,8,1,0.5491803278688525,163.41766530376526,601.0,5.0,2.5,0.0,0.0,3
706.0,8.0,1.1950775747093314,0.0,0.0,0.0,14.0,0.0,160.0,6.0,1.3721455525829056,0.0,0.0,81.35714285714286,0.0,0.0,0.0,0.0,242.0,1070.0,56.0,11,1,0.5491803278688525,13.403979508592968,692.5,0.0,0.0,7.118052168020874,6.0,4
694.0,7.0,0.7593344532424612,0.0,0.0,0.0,0.0,0.0,72.0,6.0,1.3579778549813244,0.0,0.0,74.85714285714286,0.0,0.0,0.0,0.0,288.0,740.0,68.0,12,1,0.5491803278688525,7.302967433409979,698.0,0.0,0.0,7.118052168020874,6.0,3
684.0,3.0,0.4048887167043109,0.0,0.0,0.0,0.0,0.0,52.0,6.0,1.5857708352020965,0.0,0.0,69.0,0.0,0.0,0.0,0.0,450.0,266.0,62.0,13,1,0.5491803278688525,5.291502622139912,691.0,0.0,0.0,0.0,0.0,3
702.0,3.0,0.8027399846815853,0.0,0.0,0.0,0.0,0.0,16.0,3.0,0.9002560512655369,0.0,0.0,59.0,0.0,0.0,0.0,0.0,150.0,2946.0,20.0,14,1,0.5491803278688525,8.485281374245256,696.0,0.0,0.0,0.0,0.0,5
702.0,2.0,0.4996114968933881,0.0,0.0,0.0,0.0,0.0,438.0,5.0,0.4000546526293369,0.0,0.0,50.22222222222222,0.0,0.0,0.0,0.0,180.0,930.0,52.0,15,1,0.5491803278688525,5.000000000011362,699.5,0.0,0.0,0.0,0.0,5
560.0,1.0,-1.000088900581841e-12,0.0,0.0,0.0,0.0,0.0,16.0,3.0,1.039720770836918,0.0,0.0,48.0,16.0,0.0,0.0,0.0,0.0,0.0,0.0,16,1,0.5491803278688525,65.38093503971001,656.0,0.0,0.0,0.0,0.0,5
694.0,1.0,-1.000088900581841e-12,0.0,0.0,0.0,0.0,0.0,182.0,7.0,1.3224056790096563,0.0,0.0,45.22222222222222,0.0,0.0,0.0,0.0,240.0,12.0,6.0,17,1,0.5491803278688525,315.11426498970195,486.5,0.0,0.0,0.0,0.0,4
134.0,1.0,-1.000088900581841e-12,0.0,0.0,0.0,0.0,0.0,0.0,0.0,0.0,0.0,0.0,43.333333333333336,12.0,0.0,0.0,0.0,0.0,0.0,0.0,18,1,0.5491803278688525,351.2923758542639,379.5,0.0,0.0,0.0,0.0,4
684.0,3.0,0.660253834030034,0.0,0.0,0.0,0.0,0.0,98.0,7.0,1.625880910282662,0.0,0.0,40.22222222222222,0.0,0.0,0.0,0.0,240.0,196.0,34.0,19,1,0.5491803278688525,312.9920126776403,405.0,0.0,0.0,0.0,0.0,5
674.0,3.0,0.3961524628882947,0.0,0.0,0.0,0.0,0.0,66.0,7.0,1.7133580206534615,0.0,0.0,34.111111111111114,0.0,0.0,0.0,0.0,150.0,806.0,34.0,20,1,0.5491803278688525,276.9476484825248,549.0,0.0,0.0,0.0,0.0,5
714.0,5.0,0.907661034066679,0.0,0.0,0.0,0.0,0.0,64.0,7.0,1.5734820835434713,0.0,0.0,23.12,0.0,0.0,0.0,0.0,150.0,10054.0,30.0,21,0,0.5491803278688525,17.540429489234,699.5,0.0,0.0,0.0,0.0,4
616.0,4.0,0.6069196977862364,0.0,0.0,0.0,0.0,0.0,124.0,6.0,1.243670310572743,2.0,0.0,31.5,0.0,0.0,0.0,0.0,60.0,2298.0,24.0,22,0,0.5491803278688525,54.36910887627387,663.0,0.0,0.0,0.0,0.0,4
426.0,1.0,-1.000088900581841e-12,0.0,0.0,0.0,0.0,0.0,36.0,1.0,-1.000088900581841e-12,0.0,0.0,87.16666666666667,0.0,0.0,0.0,0.0,0.0,0.0,0.0,23,0,0.5491803278688525,100.08662914362463,575.0,0.0,0.0,0.0,0.0,4
0.0,0.0,0.0,0.0,0.0,0.0,0.0,0.0,6.0,1.0,-1.000088900581841e-12,0.0,0.0,100.0,0.0,0.0,0.0,0.0,0.0,0.0,0.0,0,0,0.5491803278688525,320.6680526650576,267.0,0.0,0.0,0.0,0.0,4
0.0,0.0,0.0,0.0,0.0,0.0,0.0,0.0,0.0,0.0,0.0,0.0,0.0,100.0,0.0,0.0,0.0,0.0,0.0,0.0,0.0,1,0,0.5491803278688525,0.0,0.0,0.0,0.0,0.0,0.0,4
0.0,0.0,0.0,0.0,0.0,0.0,0.0,0.0,0.0,0.0,0.0,0.0,0.0,100.0,0.0,0.0,0.0,0.0,0.0,0.0,0.0,2,0,0.5491803278688525,0.0,0.0,0.0,0.0,0.0,0.0,4
0.0,0.0,0.0,0.0,0.0,0.0,0.0,0.0,0.0,0.0,0.0,0.0,0.0,100.0,0.0,0.0,0.0,0.0,0.0,0.0,0.0,3,0,0.5491803278688525,0.0,0.0,0.0,0.0,0.0,0.0,4
0.0,0.0,0.0,0.0,0.0,0.0,0.0,0.0,0.0,0.0,0.0,0.0,0.0,100.0,0.0,0.0,0.0,0.0,0.0,0.0,0.0,4,0,0.5491803278688525,0.0,0.0,0.0,0.0,0.0,0.0,4
0.0,0.0,0.0,0.0,0.0,0.0,0.0,0.0,0.0,0.0,0.0,0.0,0.0,100.0,0.0,0.0,0.0,0.0,0.0,0.0,0.0,5,0,0.5491803278688525,0.0,0.0,0.0,0.0,0.0,0.0,4
0.0,0.0,0.0,0.0,0.0,0.0,0.0,0.0,2.0,1.0,-1.000088900581841e-12,0.0,0.0,100.0,0.0,0.0,0.0,0.0,0.0,0.0,0.0,6,0,0.5491803278688525,0.0,0.0,0.0,0.0,0.0,0.0,4
700.0,1.0,-1.000088900581841e-12,0.0,0.0,0.0,0.0,0.0,66.0,9.0,1.616884214180069,0.0,0.0,78.9,0.0,0.0,0.0,0.0,68.0,544.0,16.0,11,1,0.5491803278688525,10.878112581391008,688.5,0.0,0.0,0.0,0.0,3
712.0,2.0,0.6371612108239123,0.0,0.0,0.0,0.0,0.0,818.0,8.0,0.5756179648192981,0.0,0.0,65.38461538461539,0.0,0.0,0.0,0.0,170.0,6570.0,18.0,12,1,0.5491803278688525,10.376254944186284,704.5,0.0,0.0,0.0,0.0,3
710.0,2.0,0.5370544579838419,0.0,0.0,0.0,0.0,0.0,184.0,6.0,1.2051267474408944,0.0,0.0,54.42857142857143,0.0,0.0,0.0,0.0,272.0,14638.0,42.0,13,1,0.5491803278688525,1.9148542155345545,711.5,0.0,0.0,0.0,0.0,3
692.0,4.0,1.134030808643067,0.0,0.0,0.0,0.0,0.0,116.0,6.0,0.7056445911652478,0.0,0.0,45.07692307692308,0.0,0.0,0.0,0.0,238.0,3256.0,28.0,14,1,0.5491803278688525,8.544003745322438,703.5,0.0,0.0,0.0,0.0,3
694.0,3.0,0.6164525096626966,0.0,0.0,0.0,0.0,0.0,70.0,6.0,1.5401275806426906,0.0,0.0,39.266666666666666,0.0,0.0,0.0,0.0,170.0,498.0,36.0,15,1,0.5491803278688525,8.225975119507158,692.5,0.0,0.0,0.0,0.0,2
674.0,2.0,0.6926143701283134,0.0,0.0,0.0,0.0,0.0,32.0,4.0,1.18030455699062,0.0,0.0,34.666666666666664,0.0,0.0,0.0,0.0,136.0,334.0,28.0,16,1,0.5491803278688525,8.386497083611122,682.5,0.0,0.0,0.0,0.0,2
708.0,5.0,1.0786532926693468,0.0,0.0,0.0,0.0,0.0,622.0,7.0,0.2544299374997911,0.0,0.0,26.7,0.0,0.0,0.0,0.0,102.0,6530.0,36.0,17,1,0.5491803278688525,14.82115605028,687.5,0.0,0.0,0.0,0.0,2
676.0,3.0,0.2084343728734123,0.0,0.0,0.0,0.0,0.0,44.0,4.0,1.13844153838234,0.0,0.0,18.83333333333333,0.0,0.0,0.0,0.0,204.0,188.0,54.0,18,1,0.5491803278688525,13.892443989452854,688.5,0.0,0.0,0.0,0.0,2
316.0,1.0,-1.000088900581841e-12,0.0,0.0,0.0,0.0,0.0,44.0,4.0,0.9295776887119248,0.0,32.0,27.07692307692308,0.0,0.0,0.0,0.0,66.0,574.0,28.0,19,1,0.5491803278688525,175.0914047005166,539.5,0.0,0.0,0.0,0.0,3
674.0,4.0,0.5623818113161817,0.0,0.0,0.0,0.0,0.0,580.0,11.0,0.8486744139519797,0.0,0.0,74.93103448275862,0.0,0.0,0.0,0.0,136.0,2414.0,20.0,20,1,0.5491803278688525,180.2294833446147,544.0,0.0,0.0,0.0,0.0,3
0.0,0.0,0.0,0.0,0.0,0.0,0.0,0.0,0.0,0.0,0.0,0.0,0.0,91.0,0.0,0.0,0.0,0.0,0.0,0.0,0.0,5,0,0.5491803278688525,0.0,0.0,0.0,0.0,0.0,0.0,3
0.0,0.0,0.0,0.0,0.0,0.0,0.0,0.0,4.0,1.0,-1.000088900581841e-12,0.0,0.0,90.66666666666669,2.0,0.0,0.0,0.0,0.0,0.0,0.0,6,0,0.5491803278688525,0.0,0.0,0.0,0.0,0.0,0.0,3
0.0,0.0,0.0,0.0,0.0,0.0,0.0,0.0,0.0,0.0,0.0,0.0,0.0,90.0,0.0,0.0,0.0,0.0,0.0,0.0,0.0,7,0,0.5491803278688525,0.0,0.0,0.0,0.0,0.0,0.0,3
706.0,2.0,0.6916979493271791,0.0,0.0,0.0,0.0,0.0,128.0,6.0,1.2504842530772295,0.0,0.0,84.2,0.0,0.0,0.0,0.0,10.0,370.0,6.0,8,1,0.5491803278688525,332.8157648509659,234.5,2.0,1.0,0.0,0.0,3
694.0,5.0,1.105705920928696,0.0,0.0,0.0,0.0,0.0,474.0,3.0,0.3424485784603385,0.0,0.0,77.75,0.0,0.0,0.0,0.0,18.0,2862.0,6.0,9,1,0.5491803278688525,232.74879161877527,581.0,2.0,1.0,0.0,0.0,3
716.0,1.0,-1.000088900581841e-12,0.0,0.0,0.0,0.0,0.0,16.0,3.0,0.9002560512655369,0.0,0.0,71.06666666666666,0.0,0.0,0.0,0.0,0.0,418.0,0.0,10,1,0.5491803278688525,11.000000000003382,701.5,0.0,0.0,0.0,0.0,3
716.0,1.0,-1.000088900581841e-12,0.0,0.0,0.0,0.0,0.0,174.0,4.0,0.6069683034874959,0.0,0.0,61.41379310344828,0.0,0.0,0.0,0.0,0.0,1068.0,0.0,11,1,0.5491803278688525,11.489125293079296,707.0,0.0,0.0,0.0,0.0,3
682.0,1.0,-1.000088900581841e-12,0.0,0.0,0.0,0.0,0.0,196.0,5.0,0.3988532570173191,0.0,0.0,54.333333333333336,0.0,0.0,0.0,0.0,8.0,4.0,0.0,12,1,0.5491803278688525,14.730919862658762,698.5,0.0,0.0,0.0,0.0,3
530.0,2.0,0.5811835839909428,0.0,0.0,0.0,0.0,0.0,114.0,10.0,1.7468389226590193,0.0,0.0,52.16666666666666,8.0,0.0,0.0,0.0,56.0,4.0,8.0,13,1,0.5491803278688525,115.18101695447362,596.0,0.0,0.0,0.0,0.0,3
686.0,5.0,1.0366814222148837,0.0,0.0,0.0,0.0,0.0,32.0,5.0,1.5437891850538954,0.0,0.0,49.0,0.0,0.0,0.0,0.0,36.0,450.0,12.0,14,1,0.5491803278688525,105.10312396245288,587.0,0.0,0.0,0.0,0.0,3
710.0,1.0,-1.000088900581841e-12,0.0,0.0,0.0,0.0,0.0,84.0,9.0,1.6407566413398893,0.0,0.0,40.793103448275865,0.0,0.0,0.0,0.0,0.0,266.0,0.0,15,1,0.5491803278688525,20.68816086557906,691.0,0.0,0.0,0.0,0.0,3
666.0,4.0,0.6863105757637715,0.0,0.0,0.0,0.0,0.0,56.0,7.0,1.7166486264326384,0.0,0.0,32.61538461538461,0.0,0.0,0.0,0.0,20.0,4100.0,10.0,16,1,0.5491803278688525,19.765289440500062,695.0,0.0,0.0,0.0,0.0,3
712.0,5.0,1.1560528951079176,0.0,0.0,0.0,0.0,0.0,56.0,9.0,2.0081957740478784,0.0,0.0,24.70833333333333,0.0,0.0,0.0,0.0,28.0,730.0,10.0,17,1,0.5491803278688525,20.936411663258102,696.5,0.0,0.0,0.0,0.0,3
540.0,5.0,0.6945626290240415,0.0,0.0,0.0,0.0,0.0,20.0,4.0,1.2798542258296677,0.0,0.0,17.22222222222222,0.0,0.0,0.0,0.0,42.0,758.0,14.0,18,1,0.5491803278688525,84.37021591375364,666.5,0.0,0.0,0.0,0.0,3
0.0,0.0,0.0,0.0,0.0,0.0,0.0,0.0,0.0,0.0,0.0,0.0,0.0,0.0,0.0,0.0,0.0,0.0,60.0,104.0,18.0,19,1,0.5491803278688525,366.0177591319854,311.5,0.0,0.0,0.0,0.0,3
0.0,0.0,0.0,0.0,0.0,0.0,0.0,0.0,0.0,0.0,0.0,0.0,0.0,0.0,0.0,0.0,0.0,0.0,36.0,4.0,8.0,20,1,0.5491803278688525,0.0,0.0,0.0,0.0,0.0,0.0,3
706.0,6.0,1.010823033683254,0.0,0.0,0.0,0.0,0.0,154.0,7.0,1.5567502310698087,0.0,0.0,38.6,0.0,0.0,0.0,0.0,70.0,1008.0,12.0,21,0,0.5491803278688525,335.79557273237947,213.0,0.0,0.0,0.0,0.0,2
698.0,2.0,0.6931430754957195,0.0,0.0,0.0,0.0,0.0,180.0,6.0,1.0731286700706957,0.0,0.0,48.375,0.0,0.0,0.0,0.0,56.0,6206.0,8.0,22,0,0.5491803278688525,276.3928363760539,560.5,0.0,0.0,0.0,0.0,2
694.0,5.0,1.0318573982484514,0.0,22.0,0.0,0.0,0.0,58.0,7.0,1.743220031792922,4.0,14.0,43.48,0.0,0.0,0.0,0.0,14.0,968.0,4.0,23,0,0.5491803278688525,5.291502622138047,697.0,11.0,5.5,0.0,0.0,2
0.0,0.0,0.0,0.0,0.0,0.0,0.0,0.0,2.0,1.0,-1.000088900581841e-12,0.0,0.0,100.0,0.0,0.0,0.0,0.0,0.0,0.0,0.0,6,0,0.5491803278688525,0.0,0.0,0.0,0.0,0.0,0.0,2
0.0,0.0,0.0,0.0,0.0,0.0,0.0,0.0,4.0,1.0,-1.000088900581841e-12,0.0,0.0,100.0,0.0,0.0,0.0,0.0,0.0,0.0,0.0,7,0,0.5491803278688525,0.0,0.0,0.0,0.0,0.0,0.0,2
686.0,3.0,0.2975141942260695,0.0,0.0,0.0,0.0,0.0,214.0,7.0,1.1849265074620048,0.0,0.0,95.23076923076924,0.0,0.0,0.0,0.0,182.0,1022.0,48.0,8,1,0.5491803278688525,383.7811876577591,332.0,5.0,2.5,0.0,0.0,2
690.0,4.0,0.7238249506008174,0.0,0.0,0.0,0.0,0.0,108.0,6.0,1.327619854638771,0.0,0.0,90.66666666666669,0.0,0.0,0.0,0.0,140.0,864.0,42.0,9,1,0.5491803278688525,22.052966542699355,674.5,5.0,2.5,0.0,0.0,2
684.0,6.0,1.016094673796704,0.0,0.0,0.0,0.0,0.0,30.0,2.0,0.5799151714161009,0.0,0.0,83.2,0.0,0.0,0.0,0.0,84.0,780.0,30.0,10,1,0.5491803278688525,4.898979485574869,686.0,0.0,0.0,0.0,0.0,2
708.0,2.0,0.5446133795003717,0.0,0.0,0.0,0.0,0.0,444.0,6.0,0.4951520366823512,0.0,0.0,76.16,0.0,0.0,0.0,0.0,80.0,10848.0,30.0,11,1,0.5491803278688525,10.630145812738563,692.5,0.0,0.0,0.0,0.0,2
680.0,3.0,0.2596079814513809,0.0,0.0,0.0,0.0,0.0,52.0,5.0,1.4676104750674908,0.0,0.0,66.36363636363636,0.0,0.0,0.0,0.0,80.0,40.0,24.0,12,1,0.5491803278688525,13.699148392026045,695.5,0.0,0.0,0.0,0.0,2
690.0,3.0,0.7743842685786803,0.0,0.0,0.0,0.0,0.0,168.0,6.0,1.117147292131935,0.0,0.0,61.833333333333336,0.0,0.0,0.0,0.0,180.0,590.0,40.0,13,1,0.5491803278688525,16.84240679554884,685.5,0.0,0.0,0.0,0.0,2
584.0,2.0,0.0409600966996016,0.0,0.0,0.0,0.0,0.0,32.0,7.0,1.628619830325818,0.0,0.0,56.333333333333336,0.0,0.0,0.0,0.0,40.0,22.0,8.0,14,1,0.5491803278688525,55.33835318595428,662.5,0.0,0.0,0.0,0.0,2
656.0,2.0,0.5905182774612309,0.0,0.0,0.0,0.0,0.0,94.0,5.0,0.9894439312692814,0.0,0.0,51.42857142857143,0.0,0.0,0.0,0.0,60.0,88.0,30.0,15,1,0.5491803278688525,51.96152422706711,653.0,0.0,0.0,0.0,0.0,2
264.0,1.0,-1.000088900581841e-12,0.0,0.0,0.0,0.0,0.0,14.0,3.0,1.0789922078745835,0.0,0.0,49.333333333333336,0.0,0.0,0.0,0.0,0.0,0.0,0.0,16,1,0.5491803278688525,196.6960430037509,559.0,0.0,0.0,0.0,0.0,2
674.0,2.0,0.1230992960891596,0.0,0.0,0.0,0.0,0.0,58.0,7.0,1.455165676710659,0.0,0.0,45.333333333333336,0.0,0.0,0.0,0.0,66.0,510.0,8.0,17,1,0.5491803278688525,203.59027481684896,492.5,0.0,0.0,0.0,0.0,2
678.0,1.0,-1.000088900581841e-12,0.0,0.0,0.0,0.0,0.0,40.0,2.0,0.3250829733894482,0.0,0.0,43.16666666666666,0.0,0.0,0.0,0.0,132.0,0.0,6.0,18,1,0.5491803278688525,150.03555134256263,603.0,0.0,0.0,0.0,0.0,2
676.0,5.0,1.0030988789228927,0.0,0.0,0.0,0.0,0.0,98.0,6.0,1.4057539324411654,0.0,0.0,39.42857142857143,0.0,0.0,0.0,0.0,110.0,1180.0,30.0,19,1,0.5491803278688525,3.000000000012938,679.5,0.0,0.0,13.0,6.5,2
698.0,5.0,1.160346121409222,0.0,0.0,0.0,0.0,0.0,66.0,8.0,1.7030611093315284,0.0,0.0,32.36842105263158,0.0,0.0,0.0,0.0,44.0,3118.0,2.0,20,1,0.5491803278688525,9.983319421251856,683.5,0.0,0.0,13.0,6.5,2
694.0,5.0,1.130757447743684,0.0,0.0,0.0,0.0,0.0,360.0,9.0,1.19724701880984,0.0,0.0,22.0,0.0,0.0,0.0,0.0,132.0,1124.0,34.0,21,0,0.5491803278688525,9.146948489345757,691.5,0.0,0.0,0.0,0.0,2
418.0,3.0,0.4260183934292575,0.0,0.0,0.0,0.0,0.0,78.0,5.0,1.0807297396759057,0.0,0.0,16.6,0.0,0.0,0.0,0.0,174.0,3782.0,68.0,22,0,0.5491803278688525,136.18614711734355,622.0,0.0,0.0,0.0,0.0,2
0.0,0.0,0.0,0.0,0.0,0.0,0.0,0.0,0.0,0.0,0.0,0.0,0.0,100.0,0.0,0.0,0.0,0.0,0.0,0.0,0.0,5,0,0.5491803278688525,0.0,0.0,0.0,0.0,0.0,0.0,2
0.0,0.0,0.0,0.0,0.0,0.0,0.0,0.0,2.0,1.0,-1.000088900581841e-12,0.0,0.0,100.0,0.0,0.0,0.0,0.0,0.0,0.0,0.0,6,0,0.5491803278688525,0.0,0.0,0.0,0.0,0.0,0.0,2
0.0,0.0,0.0,0.0,0.0,0.0,0.0,0.0,4.0,1.0,-1.000088900581841e-12,0.0,0.0,100.0,0.0,0.0,0.0,0.0,0.0,0.0,0.0,7,0,0.5491803278688525,0.0,0.0,0.0,0.0,0.0,0.0,2
670.0,3.0,0.3889361961027034,0.0,0.0,0.0,0.0,0.0,48.0,6.0,1.3279903901762111,0.0,0.0,96.57142857142856,0.0,0.0,0.0,0.0,88.0,788.0,12.0,8,1,0.5491803278688525,381.1386449399572,330.0,9.0,4.5,0.0,0.0,2
688.0,3.0,0.705813498597226,0.0,0.0,0.0,0.0,0.0,32.0,5.0,1.461472129299024,0.0,0.0,92.625,0.0,0.0,0.0,0.0,110.0,344.0,26.0,9,1,0.5491803278688525,15.57776192739972,670.0,9.0,4.5,0.0,0.0,2
694.0,5.0,1.0702432239111006,0.0,0.0,0.0,14.0,0.0,96.0,7.0,1.7151815953098832,0.0,0.0,89.66666666666667,0.0,0.0,0.0,0.0,154.0,196.0,28.0,10,1,0.5491803278688525,20.55075018906636,675.5,0.0,0.0,7.0,3.5,2
670.0,3.0,0.74053675444568,0.0,0.0,0.0,0.0,0.0,72.0,7.0,1.3501441321348722,0.0,0.0,86.5,0.0,0.0,0.0,0.0,66.0,98.0,18.0,11,1,0.5491803278688525,21.60246899469466,676.0,0.0,0.0,8.698658900466592,7.5,2
680.0,3.0,0.3512585488436162,0.0,0.0,0.0,0.0,0.0,58.0,5.0,1.417794937849444,0.0,0.0,83.25,0.0,0.0,0.0,0.0,66.0,2224.0,30.0,12,1,0.5491803278688525,9.146948489345716,681.5,0.0,0.0,8.0,4.0,2
684.0,5.0,1.231109696519147,0.0,0.0,0.0,0.0,0.0,68.0,6.0,1.544908600479461,0.0,0.0,77.33333333333333,0.0,0.0,0.0,0.0,132.0,1288.0,52.0,13,1,0.5491803278688525,1.9148542155328327,682.5,0.0,0.0,0.0,0.0,2
678.0,3.0,0.7836616148485747,0.0,0.0,0.0,0.0,0.0,110.0,6.0,1.1756862431085715,0.0,0.0,70.5,0.0,0.0,0.0,0.0,88.0,570.0,26.0,14,1,0.5491803278688525,11.604596790356132,687.0,0.0,0.0,0.0,0.0,2
684.0,5.0,1.191859944468212,0.0,0.0,0.0,0.0,0.0,112.0,6.0,1.1596224846354592,0.0,0.0,63.583333333333336,0.0,0.0,0.0,0.0,110.0,642.0,40.0,15,1,0.5491803278688525,11.357816691603947,687.5,0.0,0.0,0.0,0.0,2
706.0,5.0,1.1466885935193134,0.0,0.0,0.0,16.0,0.0,154.0,7.0,1.573839465723382,0.0,0.0,55.38461538461539,0.0,0.0,0.0,0.0,132.0,660.0,22.0,16,1,0.5491803278688525,14.877275736283517,686.0,0.0,0.0,8.0,4.0,2
442.0,1.0,-1.000088900581841e-12,0.0,0.0,0.0,0.0,0.0,62.0,5.0,0.9646266301408396,0.0,0.0,44.4,0.0,0.0,0.0,0.0,0.0,326.0,0.0,17,1,0.5491803278688525,128.7633488225593,633.0,0.0,0.0,8.0,4.0,2
702.0,5.0,0.8905208441492911,0.0,0.0,0.0,0.0,0.0,520.0,5.0,0.7548359240834702,0.0,0.0,35.46153846153846,0.0,0.0,0.0,0.0,132.0,5218.0,24.0,18,1,0.5491803278688525,128.4315641369626,633.0,0.0,0.0,8.0,4.0,2
698.0,6.0,1.0385638084980648,0.0,0.0,0.0,0.0,0.0,62.0,5.0,1.337807143064511,0.0,0.0,27.866666666666667,0.0,0.0,0.0,0.0,110.0,914.0,50.0,19,1,0.5491803278688525,14.548768561866048,687.5,0.0,0.0,8.0,4.0,2
678.0,3.0,0.5787170918443226,0.0,0.0,0.0,0.0,0.0,70.0,7.0,1.8107947110713285,0.0,0.0,19.545454545454547,0.0,0.0,0.0,0.0,44.0,394.0,8.0,20,1,0.5491803278688525,12.151817422375208,687.5,0.0,0.0,0.0,0.0,2
0.0,0.0,0.0,0.0,0.0,0.0,0.0,0.0,0.0,0.0,0.0,0.0,0.0,0.0,0.0,0.0,0.0,0.0,100.0,1694.0,30.0,21,0,0.5491803278688525,334.2269687901722,418.5,0.0,0.0,0.0,0.0,2
704.0,5.0,0.6458585504703229,0.0,0.0,0.0,0.0,0.0,60.0,5.0,1.2842586813774983,0.0,0.0,28.73333333333333,0.0,0.0,0.0,0.0,24.0,1758.0,8.0,22,0,0.5491803278688525,311.3513556525276,275.5,0.0,0.0,0.0,0.0,2
0.0,0.0,0.0,0.0,0.0,0.0,0.0,0.0,2.0,1.0,-1.000088900581841e-12,0.0,0.0,100.0,0.0,0.0,0.0,0.0,0.0,0.0,0.0,5,0,0.5491803278688525,0.0,0.0,0.0,0.0,0.0,0.0,2
0.0,0.0,0.0,0.0,0.0,0.0,0.0,0.0,2.0,1.0,-1.000088900581841e-12,0.0,0.0,100.0,0.0,0.0,0.0,0.0,0.0,0.0,0.0,6,0,0.5491803278688525,0.0,0.0,0.0,0.0,0.0,0.0,2
0.0,0.0,0.0,0.0,0.0,0.0,0.0,0.0,0.0,0.0,0.0,0.0,0.0,100.0,0.0,0.0,0.0,0.0,0.0,0.0,0.0,7,0,0.5491803278688525,0.0,0.0,0.0,0.0,0.0,0.0,2
616.0,5.0,0.922869615920741,0.0,18.0,0.0,0.0,0.0,132.0,11.0,2.1024335927508515,0.0,0.0,99.8,0.0,0.0,0.0,0.0,72.0,346.0,14.0,8,1,0.5491803278688525,290.38537612398244,205.5,9.0,4.5,0.0,0.0,2
700.0,5.0,1.2981206010104227,0.0,0.0,0.0,0.0,0.0,462.0,9.0,1.2661842785209667,0.0,0.0,82.16666666666667,0.0,0.0,0.0,0.0,216.0,750.0,60.0,10,1,0.5491803278688525,22.18107301282052,685.0,0.0,0.0,6.6332495807108005,5.0,2
692.0,2.0,0.0197832147209869,0.0,0.0,0.0,0.0,0.0,60.0,5.0,1.4019454593737288,0.0,0.0,74.0,0.0,0.0,0.0,0.0,72.0,0.0,0.0,11,1,0.5491803278688525,20.091457554561376,682.5,0.0,0.0,3.0000000000000013,1.5,2
692.0,4.0,0.1998982539862676,0.0,0.0,0.0,0.0,0.0,66.0,4.0,1.0349224392914884,0.0,0.0,67.66666666666667,0.0,0.0,0.0,0.0,168.0,714.0,30.0,12,1,0.5491803278688525,5.033222956854583,691.0,0.0,0.0,0.0,0.0,2
702.0,5.0,0.8925450918818463,0.0,0.0,0.0,0.0,0.0,174.0,6.0,1.440768972772439,0.0,0.0,61.6,0.0,0.0,0.0,0.0,312.0,1166.0,46.0,13,1,0.5491803278688525,4.725815626260489,695.5,0.0,0.0,0.0,0.0,2
670.0,3.0,0.4754040320057937,0.0,0.0,0.0,0.0,0.0,48.0,4.0,1.1395347503836193,0.0,0.0,56.5,70.0,0.0,0.0,0.0,96.0,306.0,42.0,14,1,0.5491803278688525,14.271183085741038,685.5,10.0,5.0,0.0,0.0,2
704.0,4.0,0.9326371105448444,0.0,0.0,0.0,0.0,0.0,76.0,5.0,1.1864420462606422,0.0,0.0,50.05555555555556,34.0,0.0,0.0,0.0,96.0,1830.0,26.0,15,1,0.5491803278688525,14.548768561866025,684.5,10.0,5.0,0.0,0.0,2
708.0,5.0,1.400131998914744,0.0,0.0,0.0,0.0,0.0,34.0,3.0,0.7529746827628886,0.0,0.0,43.81818181818182,42.0,0.0,0.0,0.0,48.0,1606.0,18.0,16,1,0.5491803278688525,9.933109617171336,698.0,0.0,0.0,0.0,0.0,2
698.0,5.0,0.7684141897702171,0.0,0.0,0.0,0.0,0.0,186.0,4.0,0.9412535628774406,0.0,0.0,24.0,46.0,0.0,0.0,0.0,286.0,5802.0,50.0,19,1,0.5491803278688525,22.62741699797117,682.0,0.0,0.0,0.0,0.0,2
654.0,1.0,-1.000088900581841e-12,0.0,0.0,0.0,0.0,0.0,24.0,2.0,0.2868359830541607,0.0,0.0,20.0,0.0,0.0,0.0,0.0,0.0,0.0,0.0,20,1,0.5491803278688525,23.664319132400045,672.0,0.0,0.0,0.0,0.0,2
298.0,5.0,0.8413520367237785,0.0,0.0,0.0,0.0,0.0,60.0,4.0,1.1124565824725003,0.0,0.0,16.2,46.0,0.0,0.0,0.0,76.0,1058.0,14.0,21,0,0.5491803278688525,183.3757526683033,572.0,0.0,0.0,0.0,0.0,2
716.0,4.0,0.4522608078018796,0.0,0.0,0.0,0.0,0.0,78.0,5.0,1.326127732334984,0.0,0.0,41.766666666666666,0.0,0.0,0.0,0.0,0.0,13462.0,0.0,22,0,0.5491803278688525,188.9973544788394,532.0,0.0,0.0,0.0,0.0,3
712.0,2.0,0.096724349130833,0.0,0.0,0.0,0.0,0.0,68.0,4.0,1.205697772007519,0.0,0.0,71.46666666666667,0.0,0.0,0.0,0.0,78.0,24334.0,38.0,23,0,0.5491803278688525,124.68092610072084,651.0,0.0,0.0,0.0,0.0,3
706.0,3.0,0.389581072419913,0.0,0.0,0.0,0.0,0.0,126.0,5.0,1.2055733339304076,0.0,0.0,97.86666666666666,0.0,0.0,0.0,0.0,260.0,6794.0,94.0,0,0,0.5491803278688525,3.464101615148825,711.0,0.0,0.0,0.0,0.0,3
0.0,0.0,0.0,0.0,0.0,0.0,0.0,0.0,0.0,0.0,0.0,0.0,0.0,100.0,0.0,0.0,0.0,0.0,0.0,0.0,0.0,7,0,0.5491803278688525,0.0,0.0,0.0,0.0,0.0,0.0,2
0.0,0.0,0.0,0.0,0.0,0.0,0.0,0.0,0.0,0.0,0.0,0.0,0.0,100.0,0.0,0.0,0.0,0.0,0.0,0.0,0.0,8,1,0.5491803278688525,0.0,0.0,0.0,0.0,0.0,0.0,2
428.0,3.0,0.650594696110859,0.0,18.0,0.0,0.0,0.0,192.0,9.0,1.5457140039621735,0.0,0.0,99.70588235294116,48.0,0.0,0.0,0.0,208.0,1254.0,36.0,9,1,0.5491803278688525,214.0000000000002,107.0,9.0,4.5,0.0,0.0,2
680.0,4.0,1.2656595714723322,0.0,0.0,0.0,0.0,0.0,44.0,4.0,1.0825348857594832,0.0,0.0,93.8181818181818,90.0,0.0,0.0,0.0,130.0,2804.0,40.0,10,1,0.5491803278688525,321.7783916507344,448.0,9.0,4.5,0.0,0.0,2
692.0,4.0,0.8535707268192972,0.0,0.0,0.0,0.0,0.0,26.0,5.0,1.377819508034033,0.0,0.0,87.24,22.0,0.0,0.0,0.0,52.0,3734.0,26.0,11,1,0.5491803278688525,5.000000000005974,685.5,0.0,0.0,0.0,0.0,2
702.0,4.0,0.5047947402447901,0.0,0.0,0.0,0.0,0.0,66.0,7.0,1.482383265375127,0.0,0.0,79.80952380952381,72.0,0.0,0.0,0.0,78.0,1128.0,26.0,12,1,0.5491803278688525,6.733003292245806,694.0,0.0,0.0,0.0,0.0,2
678.0,4.0,1.142173400429915,0.0,0.0,0.0,0.0,0.0,26.0,3.0,0.8587409130032867,0.0,0.0,74.23076923076923,42.0,0.0,0.0,0.0,78.0,1290.0,8.0,13,1,0.5491803278688525,13.601470508737622,687.5,0.0,0.0,0.0,0.0,2
696.0,5.0,0.8455926207673798,0.0,0.0,0.0,44.0,0.0,300.0,7.0,1.1412648797486198,0.0,0.0,70.86666666666666,36.0,0.0,0.0,0.0,234.0,1798.0,42.0,14,1,0.5491803278688525,12.688577540451842,678.5,0.0,0.0,22.0,11.0,2
678.0,6.0,1.2871559353908002,0.0,0.0,0.0,36.0,0.0,104.0,7.0,1.7373613136655224,0.0,0.0,62.72727272727273,42.0,0.0,0.0,0.0,160.0,1712.0,66.0,15,1,0.5491803278688525,19.41648783894912,687.5,0.0,0.0,20.872629605937693,22.5,2
692.0,5.0,1.186831944107694,0.0,0.0,0.0,0.0,0.0,138.0,4.0,0.8515268210861311,0.0,0.0,54.38461538461539,116.0,0.0,0.0,0.0,224.0,3150.0,56.0,16,1,0.5491803278688525,13.515423288477718,695.0,0.0,0.0,17.0,11.5,3
676.0,7.0,1.4825351299767402,0.0,0.0,0.0,0.0,0.0,198.0,7.0,1.3303992012923058,0.0,0.0,48.125,164.0,0.0,0.0,0.0,300.0,2846.0,72.0,17,1,0.5491803278688525,11.474609652041584,686.5,0.0,0.0,0.0,0.0,2
686.0,3.0,1.052105044255063,0.0,0.0,0.0,0.0,0.0,110.0,2.0,0.5004024235361879,0.0,0.0,42.42857142857143,100.0,0.0,0.0,0.0,150.0,6142.0,60.0,18,1,0.5491803278688525,4.760952285701444,679.0,0.0,0.0,0.0,0.0,2
688.0,3.0,0.9101111131647296,0.0,0.0,0.0,0.0,0.0,114.0,3.0,0.7581560512573862,0.0,0.0,35.2,94.0,0.0,0.0,0.0,180.0,4022.0,72.0,19,1,0.5491803278688525,9.84885780179909,687.5,0.0,0.0,0.0,0.0,2
680.0,4.0,0.5247869729697903,0.0,0.0,0.0,0.0,0.0,106.0,6.0,1.3255897726118993,0.0,0.0,28.75,0.0,0.0,0.0,0.0,240.0,4010.0,64.0,20,1,0.5491803278688525,11.94431524478174,685.0,0.0,0.0,0.0,0.0,2
694.0,3.0,0.8203300632905006,0.0,0.0,0.0,0.0,0.0,96.0,4.0,0.9053959444284624,0.0,0.0,20.33333333333333,76.0,0.0,0.0,0.0,120.0,2704.0,34.0,21,0,0.5491803278688525,9.933109617170524,684.0,0.0,0.0,0.0,0.0,2
0.0,0.0,0.0,0.0,0.0,0.0,0.0,0.0,0.0,0.0,0.0,0.0,0.0,0.0,104.0,0.0,0.0,0.0,84.0,1238.0,26.0,22,0,0.5491803278688525,326.8083026281106,451.5,0.0,0.0,0.0,0.0,2
652.0,5.0,0.837388438358041,0.0,0.0,0.0,0.0,0.0,58.0,5.0,0.831154056934491,2.0,0.0,28.535714285714285,0.0,0.0,0.0,0.0,0.0,1656.0,0.0,23,0,0.5491803278688525,323.9439251887072,268.5,0.0,0.0,0.0,0.0,2
0.0,0.0,0.0,0.0,0.0,0.0,0.0,0.0,2.0,1.0,-1.000088900581841e-12,0.0,0.0,100.0,0.0,0.0,0.0,0.0,0.0,0.0,0.0,6,0,0.5491803278688525,0.0,0.0,0.0,0.0,0.0,0.0,2
0.0,0.0,0.0,0.0,0.0,0.0,0.0,0.0,0.0,0.0,0.0,0.0,0.0,100.0,0.0,0.0,0.0,0.0,0.0,0.0,0.0,7,0,0.5491803278688525,0.0,0.0,0.0,0.0,0.0,0.0,2
674.0,6.0,1.0114591372056558,0.0,32.0,0.0,0.0,0.0,236.0,11.0,1.793525666536588,0.0,0.0,98.7,118.0,0.0,0.0,0.0,330.0,2276.0,82.0,8,1,0.5491803278688525,337.0000000000001,168.5,16.0,8.0,0.0,0.0,2
698.0,5.0,1.0459619563777365,0.0,0.0,0.0,0.0,0.0,62.0,5.0,1.3037216798297844,0.0,0.0,93.08333333333331,70.0,0.0,0.0,0.0,210.0,1258.0,70.0,9,1,0.5491803278688525,339.0299888407121,508.0,16.0,8.0,0.0,0.0,1
688.0,3.0,0.5464917039085202,0.0,0.0,0.0,0.0,0.0,18.0,4.0,1.310783678095714,0.0,0.0,87.3125,20.0,0.0,0.0,0.0,60.0,716.0,16.0,10,1,0.5491803278688525,16.573070526209435,680.0,0.0,0.0,0.0,0.0,2
672.0,3.0,0.8135486648327878,0.0,0.0,0.0,0.0,0.0,102.0,5.0,0.9535101469099824,0.0,0.0,79.14285714285714,82.0,0.0,0.0,0.0,90.0,820.0,36.0,11,1,0.5491803278688525,9.983319421250224,681.5,0.0,0.0,0.0,0.0,2
674.0,4.0,0.9396224368131384,0.0,0.0,0.0,0.0,0.0,54.0,3.0,0.5718327393953102,0.0,0.0,77.1,24.0,0.0,0.0,0.0,96.0,704.0,32.0,12,1,0.5491803278688525,9.01849950564829,679.0,0.0,0.0,0.0,0.0,2
686.0,6.0,1.1764165256963777,0.0,0.0,0.0,0.0,0.0,296.0,9.0,1.3127276972803597,0.0,0.0,72.92857142857143,80.0,0.0,0.0,0.0,256.0,1298.0,56.0,13,1,0.5491803278688525,5.656854249496339,678.0,0.0,0.0,0.0,0.0,2
696.0,6.0,1.5145278393168695,0.0,0.0,0.0,0.0,0.0,486.0,7.0,1.158150952686408,0.0,0.0,63.13333333333333,60.0,0.0,0.0,0.0,576.0,892.0,100.0,14,1,0.5491803278688525,12.96148139681745,690.0,0.0,0.0,0.0,0.0,1
650.0,1.0,-1.000088900581841e-12,0.0,0.0,0.0,0.0,0.0,8.0,3.0,1.039720770836918,0.0,0.0,57.333333333333336,30.0,0.0,0.0,0.0,32.0,0.0,0.0,15,1,0.5491803278688525,27.952340390982968,676.0,0.0,0.0,0.0,0.0,2
354.0,2.0,0.2010030109007926,0.0,0.0,0.0,0.0,0.0,142.0,7.0,1.0648467756203397,0.0,0.0,56.333333333333336,56.0,0.0,0.0,0.0,288.0,96.0,30.0,16,1,0.5491803278688525,309.995161252559,414.5,0.0,0.0,0.0,0.0,2
704.0,4.0,0.6244395715206814,0.0,0.0,0.0,0.0,0.0,72.0,7.0,1.6394743234694835,0.0,0.0,50.1,60.0,0.0,0.0,0.0,128.0,2762.0,44.0,17,1,0.5491803278688525,334.2613747752897,438.0,0.0,0.0,0.0,0.0,2
706.0,4.0,0.350153674149258,0.0,0.0,0.0,0.0,0.0,64.0,4.0,0.746240629554507,0.0,0.0,40.18181818181818,44.0,0.0,0.0,0.0,96.0,1884.0,30.0,18,1,0.5491803278688525,5.4160256030943765,702.0,0.0,0.0,0.0,0.0,2
684.0,3.0,0.5949456634391507,0.0,0.0,0.0,0.0,0.0,64.0,6.0,1.240947148731298,0.0,0.0,31.916666666666668,56.0,0.0,0.0,0.0,128.0,472.0,26.0,19,1,0.5491803278688525,10.708252269474578,700.0,0.0,0.0,0.0,0.0,3
668.0,5.0,1.3876876928470676,0.0,0.0,0.0,0.0,0.0,36.0,7.0,1.692019807901464,0.0,0.0,27.428571428571427,0.0,0.0,0.0,0.0,128.0,868.0,36.0,20,1,0.5491803278688525,20.94437076320764,679.0,0.0,0.0,0.0,0.0,2
708.0,4.0,0.7641265927153201,0.0,0.0,0.0,0.0,0.0,68.0,7.0,1.2889539843538644,0.0,0.0,20.58823529411765,32.0,0.0,0.0,0.0,64.0,1092.0,12.0,21,0,0.5491803278688525,26.2995563967666,685.5,0.0,0.0,9.0,4.5,2
506.0,6.0,1.2423007517841067,0.0,0.0,0.0,8.0,0.0,322.0,16.0,1.775686224624667,0.0,0.0,26.36,0.0,0.0,0.0,0.0,64.0,7144.0,20.0,22,0,0.5491803278688525,96.97250469420034,631.5,0.0,0.0,8.54400374531753,6.5,2
614.0,4.0,1.0550927658413245,0.0,0.0,0.0,0.0,0.0,228.0,5.0,1.3187407289845028,2.0,0.0,52.35714285714285,0.0,0.0,0.0,0.0,160.0,2670.0,44.0,23,0,0.5491803278688525,85.01568482737,609.5,0.0,0.0,4.0,2.0,2
0.0,0.0,0.0,0.0,0.0,0.0,0.0,0.0,2.0,1.0,-1.000088900581841e-12,0.0,0.0,100.0,0.0,0.0,0.0,0.0,0.0,0.0,0.0,6,0,0.5491803278688525,0.0,0.0,0.0,0.0,0.0,0.0,2
0.0,0.0,0.0,0.0,0.0,0.0,0.0,0.0,2.0,1.0,-1.000088900581841e-12,0.0,0.0,100.0,0.0,0.0,0.0,0.0,0.0,0.0,0.0,7,0,0.5491803278688525,0.0,0.0,0.0,0.0,0.0,0.0,2
0.0,0.0,0.0,0.0,0.0,0.0,0.0,0.0,2.0,1.0,-1.000088900581841e-12,0.0,0.0,100.0,0.0,0.0,0.0,0.0,64.0,0.0,0.0,8,1,0.5491803278688525,0.0,0.0,0.0,0.0,0.0,0.0,2
674.0,4.0,0.6477915361597948,0.0,0.0,0.0,0.0,0.0,114.0,5.0,1.1854081459555563,0.0,0.0,94.5,0.0,0.0,0.0,0.0,160.0,594.0,46.0,9,1,0.5491803278688525,334.21101118903914,276.5,19.0,9.5,0.0,0.0,2
674.0,1.0,-1.000088900581841e-12,0.0,0.0,0.0,0.0,0.0,26.0,4.0,1.2852930241160994,0.0,0.0,89.66666666666667,0.0,0.0,0.0,0.0,64.0,0.0,0.0,10,1,0.5491803278688525,123.89646215018966,617.5,19.0,9.5,0.0,0.0,2
682.0,2.0,0.6050406017095022,0.0,0.0,0.0,0.0,0.0,226.0,7.0,1.1862445560171655,0.0,0.0,86.85714285714286,0.0,0.0,0.0,0.0,224.0,754.0,52.0,11,1,0.5491803278688525,7.187952884285591,680.5,0.0,0.0,0.0,0.0,2
704.0,5.0,1.0082928265409514,0.0,0.0,0.0,0.0,0.0,84.0,4.0,0.7327999084506985,0.0,0.0,81.17391304347827,0.0,0.0,0.0,0.0,64.0,2558.0,30.0,12,1,0.5491803278688525,12.055427546685184,687.0,0.0,0.0,0.0,0.0,4
670.0,1.0,-1.000088900581841e-12,0.0,0.0,0.0,0.0,0.0,130.0,3.0,0.2738350477878407,0.0,0.0,72.16666666666667,0.0,0.0,0.0,0.0,64.0,26.0,12.0,13,1,0.5491803278688525,19.48503699423508,693.5,0.0,0.0,0.0,0.0,2
656.0,2.0,0.4618303073913867,0.0,0.0,0.0,0.0,0.0,16.0,5.0,1.559581156254877,0.0,0.0,64.16666666666667,0.0,0.0,0.0,0.0,32.0,436.0,8.0,14,1,0.5491803278688525,26.29955639676665,684.5,0.0,0.0,0.0,0.0,2
704.0,2.0,0.0490972616340192,0.0,0.0,0.0,0.0,0.0,78.0,8.0,1.5841797629872296,0.0,0.0,54.2,0.0,0.0,0.0,0.0,128.0,2760.0,8.0,15,1,0.5491803278688525,21.93171219946228,688.5,0.0,0.0,0.0,0.0,3
702.0,5.0,1.1971883844478477,0.0,0.0,0.0,0.0,0.0,84.0,5.0,1.2072976707550245,0.0,0.0,44.77777777777778,0.0,0.0,0.0,0.0,160.0,2464.0,14.0,16,1,0.5491803278688525,4.123105625622879,699.5,0.0,0.0,0.0,0.0,3
708.0,3.0,1.0321256016169895,0.0,0.0,0.0,0.0,0.0,284.0,6.0,1.0920950826671951,0.0,0.0,36.94444444444444,0.0,0.0,0.0,0.0,288.0,7612.0,62.0,17,1,0.5491803278688525,11.135528725661969,697.0,0.0,0.0,0.0,0.0,3
694.0,4.0,0.7871533875797299,0.0,0.0,0.0,0.0,0.0,200.0,3.0,0.5859660371001605,0.0,0.0,30.363636363636363,0.0,0.0,0.0,0.0,224.0,788.0,26.0,18,1,0.5491803278688525,14.14213562373247,690.0,0.0,0.0,0.0,0.0,4
698.0,2.0,0.2031295901318346,0.0,0.0,0.0,36.0,0.0,86.0,6.0,1.338302735634035,0.0,0.0,24.875,0.0,0.0,0.0,0.0,256.0,52.0,14.0,19,1,0.5491803278688525,10.246950765961696,687.5,0.0,0.0,18.0,9.0,2
682.0,2.0,0.5036375774289592,0.0,0.0,0.0,22.0,0.0,328.0,8.0,0.8462388009112712,0.0,0.0,20.142857142857142,0.0,0.0,0.0,0.0,224.0,62.0,12.0,20,1,0.5491803278688525,10.066445913696462,684.0,0.0,0.0,14.832396974191326,19.0,3
696.0,4.0,0.8683990346795087,0.0,0.0,0.0,0.0,0.0,186.0,10.0,1.702463100676228,0.0,0.0,37.13333333333333,0.0,0.0,0.0,0.0,96.0,1238.0,6.0,21,0,0.5491803278688525,165.25031517872125,601.5,0.0,0.0,11.6619037896906,10.0,2
658.0,4.0,0.6789673484212214,0.0,0.0,0.0,0.0,0.0,68.0,5.0,0.9248939447631152,2.0,32.0,67.8,0.0,0.0,0.0,0.0,34.0,1174.0,16.0,22,0,0.5491803278688525,166.8082731761229,602.5,0.0,0.0,0.0,0.0,2
0.0,0.0,0.0,0.0,0.0,0.0,0.0,0.0,2.0,1.0,-1.000088900581841e-12,0.0,0.0,100.0,0.0,0.0,0.0,0.0,0.0,0.0,0.0,5,0,0.5491803278688525,0.0,0.0,0.0,0.0,0.0,0.0,1
0.0,0.0,0.0,0.0,0.0,0.0,0.0,0.0,2.0,1.0,-1.000088900581841e-12,0.0,0.0,100.0,0.0,0.0,0.0,0.0,0.0,0.0,0.0,6,0,0.5491803278688525,0.0,0.0,0.0,0.0,0.0,0.0,2
0.0,0.0,0.0,0.0,0.0,0.0,0.0,0.0,4.0,1.0,-1.000088900581841e-12,0.0,0.0,100.0,0.0,0.0,0.0,0.0,0.0,0.0,0.0,7,0,0.5491803278688525,0.0,0.0,0.0,0.0,0.0,0.0,2
706.0,5.0,1.0706776253517982,0.0,0.0,0.0,0.0,0.0,282.0,5.0,0.8363996897487704,0.0,0.0,90.70588235294116,0.0,0.0,0.0,0.0,204.0,1952.0,32.0,8,1,0.5491803278688525,379.4851775761473,326.5,11.0,5.5,0.0,0.0,2
698.0,1.0,-1.000088900581841e-12,0.0,0.0,0.0,0.0,0.0,150.0,4.0,0.9152835400594004,0.0,0.0,85.0,0.0,0.0,0.0,0.0,272.0,182.0,22.0,9,1,0.5491803278688525,48.23553323709288,669.0,11.0,5.5,0.0,0.0,2
684.0,2.0,0.2227632425097885,0.0,0.0,0.0,0.0,0.0,94.0,5.0,0.914821480646812,0.0,0.0,79.28571428571429,0.0,0.0,0.0,0.0,170.0,196.0,36.0,10,1,0.5491803278688525,11.239810200059386,686.5,0.0,0.0,0.0,0.0,2
692.0,3.0,0.7179015174215675,0.0,0.0,0.0,0.0,0.0,54.0,3.0,1.013261884141225,0.0,0.0,75.66666666666667,0.0,0.0,0.0,0.0,170.0,254.0,38.0,11,1,0.5491803278688525,4.123105625620765,688.5,0.0,0.0,0.0,0.0,2
696.0,2.0,0.6622927813310072,0.0,0.0,0.0,0.0,0.0,24.0,3.0,1.0114042647043515,0.0,0.0,70.42857142857143,0.0,0.0,0.0,0.0,102.0,246.0,40.0,12,1,0.5491803278688525,5.972157622391785,693.5,0.0,0.0,0.0,0.0,2
698.0,5.0,0.8476994818972857,0.0,0.0,0.0,0.0,0.0,26.0,4.0,1.0905994737754787,0.0,0.0,62.53846153846154,0.0,24.0,0.0,20.0,170.0,1312.0,46.0,13,1,0.5491803278688525,2.5819888974765868,697.0,0.0,0.0,0.0,0.0,2
704.0,5.0,1.1080941163551594,0.0,0.0,0.0,0.0,0.0,32.0,4.0,1.162699833493568,0.0,0.0,52.92307692307692,0.0,0.0,0.0,0.0,238.0,1680.0,30.0,14,1,0.5491803278688525,7.549834435272456,695.5,0.0,0.0,0.0,0.0,2
686.0,2.0,0.2683940847509473,0.0,0.0,0.0,0.0,0.0,24.0,3.0,0.8675632284784613,0.0,0.0,48.66666666666666,0.0,0.0,0.0,0.0,34.0,38.0,10.0,15,1,0.5491803278688525,9.000000000001432,690.5,0.0,0.0,0.0,0.0,2
694.0,3.0,0.0394607341922191,0.0,0.0,0.0,0.0,0.0,16.0,4.0,1.3862943611158909,0.0,0.0,46.16666666666666,0.0,0.0,0.0,0.0,272.0,100.0,4.0,16,1,0.5491803278688525,4.0000000000032205,688.0,0.0,0.0,0.0,0.0,2
696.0,2.0,0.2035609061687257,0.0,0.0,0.0,0.0,0.0,96.0,6.0,1.2820462400468453,0.0,0.0,41.333333333333336,0.0,0.0,0.0,0.0,476.0,0.0,4.0,17,1,0.5491803278688525,4.4347115652196,691.5,0.0,0.0,0.0,0.0,2
694.0,4.0,1.0292380657775737,0.0,0.0,0.0,0.0,0.0,218.0,6.0,0.9984140085603764,0.0,0.0,35.083333333333336,0.0,0.0,0.0,0.0,272.0,2012.0,42.0,18,1,0.5491803278688525,2.5166114784286955,693.5,0.0,0.0,0.0,0.0,2
658.0,3.0,1.0096790239805968,0.0,0.0,0.0,0.0,0.0,84.0,5.0,0.9059969375850694,0.0,0.0,29.857142857142858,0.0,0.0,0.0,0.0,306.0,780.0,28.0,19,1,0.5491803278688525,20.223748416157303,676.5,0.0,0.0,0.0,0.0,3
656.0,4.0,0.7902071096935683,0.0,0.0,0.0,0.0,0.0,78.0,7.0,1.4157737853847714,0.0,0.0,25.33333333333333,0.0,0.0,0.0,0.0,102.0,116.0,26.0,20,1,0.5491803278688525,1.9148542155192416,658.5,0.0,0.0,0.0,0.0,3
676.0,6.0,1.281770800746469,0.0,0.0,0.0,0.0,0.0,40.0,4.0,1.2798542258296677,0.0,0.0,17.692307692307693,0.0,0.0,0.0,0.0,204.0,730.0,46.0,21,0,0.5491803278688525,15.609825965291606,670.5,0.0,0.0,0.0,0.0,3
670.0,2.0,0.6921443948856716,0.0,0.0,0.0,0.0,0.0,30.0,6.0,1.5292482930316913,0.0,32.0,21.5,0.0,0.0,0.0,0.0,64.0,2768.0,36.0,22,0,0.5491803278688525,12.793227374931314,683.5,0.0,0.0,0.0,0.0,2
664.0,2.0,0.051524014493369,0.0,0.0,0.0,0.0,0.0,68.0,3.0,0.2644914396251835,2.0,0.0,52.5,0.0,0.0,0.0,0.0,0.0,76.0,0.0,23,0,0.5491803278688525,19.93322185030203,684.0,0.0,0.0,0.0,0.0,2
0.0,0.0,0.0,0.0,0.0,0.0,0.0,0.0,4.0,2.0,0.6931471805579453,0.0,0.0,100.0,0.0,0.0,0.0,0.0,0.0,0.0,0.0,6,0,0.5491803278688525,0.0,0.0,0.0,0.0,0.0,0.0,1
0.0,0.0,0.0,0.0,0.0,0.0,0.0,0.0,0.0,0.0,0.0,0.0,0.0,100.0,0.0,0.0,0.0,0.0,0.0,0.0,0.0,7,0,0.5491803278688525,0.0,0.0,0.0,0.0,0.0,0.0,2
636.0,5.0,1.3399761846791034,0.0,32.0,0.0,0.0,0.0,172.0,15.0,2.2172209915979013,0.0,0.0,98.4,0.0,0.0,0.0,0.0,238.0,896.0,58.0,8,1,0.5491803278688525,318.00000000000006,159.0,16.0,8.0,0.0,0.0,2
672.0,3.0,0.7081270426065932,0.0,0.0,0.0,0.0,0.0,16.0,4.0,1.320888343145322,0.0,0.0,92.57142857142856,0.0,0.0,0.0,0.0,34.0,142.0,4.0,9,1,0.5491803278688525,333.0,498.5,16.0,8.0,0.0,0.0,2
682.0,5.0,1.015716663102214,0.0,0.0,0.0,0.0,0.0,100.0,6.0,0.9850447587862072,0.0,0.0,87.44444444444444,0.0,0.0,0.0,0.0,102.0,6462.0,38.0,10,1,0.5491803278688525,5.8878405775540665,680.0,0.0,0.0,0.0,0.0,2
698.0,6.0,1.271909038156658,0.0,0.0,0.0,0.0,0.0,64.0,5.0,1.334170300581368,0.0,0.0,81.05555555555556,0.0,0.0,0.0,0.0,136.0,3226.0,72.0,11,1,0.5491803278688525,10.246950765960856,683.5,0.0,0.0,0.0,0.0,2
670.0,1.0,-1.000088900581841e-12,0.0,0.0,0.0,0.0,0.0,6.0,3.0,1.0986122886651095,0.0,0.0,76.0,0.0,0.0,0.0,0.0,0.0,0.0,0.0,12,1,0.5491803278688525,12.583057392118937,679.5,0.0,0.0,0.0,0.0,2
688.0,4.0,0.9425548194049812,0.0,0.0,0.0,18.0,0.0,146.0,5.0,0.9494871217708464,0.0,0.0,69.58823529411765,0.0,0.0,0.0,0.0,102.0,2456.0,24.0,13,1,0.5491803278688525,7.54983443527245,678.5,0.0,0.0,9.0,4.5,2
694.0,3.0,1.0678387829444436,0.0,0.0,0.0,10.0,0.0,138.0,5.0,1.305780051210078,0.0,0.0,59.7,0.0,0.0,0.0,0.0,238.0,2398.0,40.0,14,1,0.5491803278688525,14.514360704719032,694.0,0.0,0.0,8.717797887081346,7.0,2
684.0,3.0,0.7279629265456197,0.0,0.0,0.0,0.0,0.0,54.0,7.0,1.4973033235033553,0.0,0.0,54.1,0.0,0.0,0.0,0.0,68.0,630.0,22.0,15,1,0.5491803278688525,14.142135623731848,694.0,0.0,0.0,4.999999999999998,2.5,2
714.0,2.0,0.0346318332485284,0.0,0.0,0.0,0.0,0.0,50.0,4.0,0.8605492869549841,0.0,0.0,45.8,0.0,0.0,0.0,0.0,0.0,724.0,0.0,16,1,0.5491803278688525,14.177446878758726,694.5,0.0,0.0,12.0,6.0,2
680.0,6.0,0.8577256447608474,0.0,0.0,0.0,20.0,0.0,118.0,7.0,1.4261997169708678,0.0,0.0,34.125,0.0,0.0,0.0,0.0,340.0,1428.0,46.0,17,1,0.5491803278688525,16.37070554374568,701.0,0.0,0.0,12.806248474865695,11.0,2
680.0,3.0,0.6151414158387847,0.0,0.0,0.0,0.0,0.0,34.0,6.0,1.4253366217334136,0.0,0.0,30.375,0.0,0.0,0.0,0.0,34.0,538.0,6.0,18,1,0.5491803278688525,24.60352278299509,682.0,0.0,0.0,10.0,5.0,2
684.0,6.0,1.669921434254368,0.0,0.0,0.0,0.0,0.0,516.0,6.0,0.3737658318770242,0.0,0.0,24.428571428571427,0.0,0.0,0.0,0.0,238.0,1208.0,74.0,19,1,0.5491803278688525,13.564659966251469,674.0,0.0,0.0,0.0,0.0,2
490.0,6.0,1.112394823613715,0.0,0.0,0.0,0.0,0.0,102.0,8.0,1.3008552295508875,0.0,0.0,17.235294117647058,0.0,0.0,0.0,0.0,120.0,1410.0,28.0,20,1,0.5491803278688525,97.12363255150636,635.5,0.0,0.0,0.0,0.0,2
0.0,0.0,0.0,0.0,0.0,0.0,0.0,0.0,0.0,0.0,0.0,0.0,0.0,0.0,0.0,0.0,0.0,0.0,190.0,280.0,38.0,21,0,0.5491803278688525,350.28559776273994,295.0,0.0,0.0,0.0,0.0,2
686.0,5.0,0.7341798077080958,0.0,0.0,0.0,0.0,0.0,146.0,9.0,1.774735884511322,0.0,0.0,36.9,0.0,0.0,0.0,0.0,200.0,3278.0,46.0,22,0,0.5491803278688525,333.4546445920345,188.0,0.0,0.0,0.0,0.0,2
662.0,3.0,0.6269827767749693,0.0,0.0,0.0,0.0,0.0,46.0,5.0,0.8131904766523734,2.0,0.0,81.33333333333333,0.0,0.0,0.0,0.0,0.0,806.0,0.0,23,0,0.5491803278688525,305.17044417833137,523.5,0.0,0.0,0.0,0.0,2
176.0,1.0,-1.000088900581841e-12,0.0,0.0,0.0,0.0,0.0,6.0,1.0,-1.000088900581841e-12,0.0,0.0,100.0,0.0,0.0,0.0,0.0,0.0,0.0,0.0,0,0,0.5491803278688525,242.3406693066602,538.5,0.0,0.0,0.0,0.0,1
0.0,0.0,0.0,0.0,0.0,0.0,0.0,0.0,0.0,0.0,0.0,0.0,0.0,100.0,0.0,0.0,0.0,0.0,0.0,0.0,0.0,1,0,0.5491803278688525,300.3531255039642,203.0,0.0,0.0,0.0,0.0,2
0.0,0.0,0.0,0.0,0.0,0.0,0.0,0.0,6.0,1.0,-1.000088900581841e-12,0.0,0.0,100.0,0.0,0.0,0.0,0.0,0.0,0.0,0.0,2,0,0.5491803278688525,0.0,0.0,0.0,0.0,0.0,0.0,1
0.0,0.0,0.0,0.0,0.0,0.0,0.0,0.0,0.0,0.0,0.0,0.0,0.0,100.0,0.0,0.0,0.0,0.0,0.0,0.0,0.0,3,0,0.5491803278688525,0.0,0.0,0.0,0.0,0.0,0.0,1
0.0,0.0,0.0,0.0,0.0,0.0,0.0,0.0,6.0,1.0,-1.000088900581841e-12,0.0,0.0,100.0,0.0,0.0,0.0,0.0,0.0,0.0,0.0,4,0,0.5491803278688525,0.0,0.0,0.0,0.0,0.0,0.0,1
0.0,0.0,0.0,0.0,0.0,0.0,0.0,0.0,0.0,0.0,0.0,0.0,0.0,100.0,0.0,0.0,0.0,0.0,0.0,0.0,0.0,5,0,0.5491803278688525,0.0,0.0,0.0,0.0,0.0,0.0,1
0.0,0.0,0.0,0.0,0.0,0.0,0.0,0.0,2.0,1.0,-1.000088900581841e-12,0.0,0.0,100.0,0.0,0.0,0.0,0.0,0.0,0.0,0.0,6,0,0.5491803278688525,0.0,0.0,0.0,0.0,0.0,0.0,1
0.0,0.0,0.0,0.0,0.0,0.0,0.0,0.0,4.0,1.0,-1.000088900581841e-12,0.0,0.0,100.0,0.0,0.0,0.0,0.0,0.0,0.0,0.0,7,0,0.5491803278688525,0.0,0.0,0.0,0.0,0.0,0.0,1
666.0,3.0,0.4722949159389176,0.0,0.0,0.0,0.0,0.0,66.0,6.0,1.58049582199329,0.0,0.0,95.5,0.0,0.0,0.0,0.0,240.0,1024.0,24.0,8,1,0.5491803278688525,373.3255951578997,323.0,21.0,10.5,0.0,0.0,2
670.0,2.0,0.559862172121585,0.0,0.0,0.0,0.0,0.0,68.0,4.0,1.1711693710395183,0.0,0.0,91.83333333333331,0.0,0.0,0.0,0.0,120.0,86.0,44.0,9,1,0.5491803278688525,22.70829510700189,659.5,21.0,10.5,0.0,0.0,2
674.0,5.0,1.0246797834025931,0.0,0.0,0.0,0.0,0.0,26.0,4.0,1.2658567518687374,0.0,0.0,87.14285714285714,0.0,0.0,0.0,0.0,80.0,1040.0,18.0,10,1,0.5491803278688525,4.163331998934646,675.0,0.0,0.0,0.0,0.0,2
672.0,5.0,0.6709417448999276,0.0,0.0,0.0,0.0,0.0,104.0,8.0,1.7214807160135377,0.0,0.0,82.88888888888889,0.0,0.0,0.0,0.0,120.0,4288.0,20.0,11,1,0.5491803278688525,4.123105625620068,676.5,0.0,0.0,0.0,0.0,3
684.0,3.0,0.6840107443807659,0.0,0.0,0.0,0.0,0.0,128.0,6.0,1.2257104286945597,0.0,0.0,76.9,0.0,0.0,0.0,0.0,160.0,3914.0,50.0,12,1,0.5491803278688525,5.5075705472879015,677.5,0.0,0.0,0.0,0.0,2
676.0,4.0,0.8995736631399849,0.0,0.0,0.0,0.0,0.0,112.0,6.0,0.9869534851065724,0.0,0.0,68.53846153846153,0.0,0.0,0.0,0.0,200.0,3280.0,52.0,13,1,0.5491803278688525,7.393691004274294,681.0,0.0,0.0,0.0,0.0,2
676.0,4.0,1.1955979736695292,0.0,0.0,0.0,0.0,0.0,30.0,3.0,0.8033149761378755,0.0,0.0,61.57142857142857,0.0,0.0,0.0,0.0,80.0,472.0,30.0,14,1,0.5491803278688525,6.73300329224287,680.0,0.0,0.0,0.0,0.0,2
676.0,4.0,1.0827260842591366,0.0,0.0,0.0,0.0,0.0,68.0,8.0,1.732739867695729,0.0,0.0,56.625,0.0,0.0,0.0,0.0,160.0,794.0,34.0,15,1,0.5491803278688525,5.744562646539767,679.5,0.0,0.0,0.0,0.0,2
686.0,4.0,0.7643116427011438,0.0,0.0,0.0,0.0,0.0,92.0,7.0,1.509410063033982,0.0,0.0,51.27272727272727,0.0,0.0,0.0,0.0,120.0,7036.0,46.0,16,1,0.5491803278688525,5.259911279355074,683.5,0.0,0.0,0.0,0.0,3
682.0,1.0,-1.000088900581841e-12,0.0,0.0,0.0,0.0,0.0,38.0,3.0,0.9426749615609384,0.0,0.0,44.0,0.0,0.0,0.0,0.0,168.0,5114.0,22.0,17,1,0.5491803278688525,5.259911279355074,686.5,0.0,0.0,0.0,0.0,3
672.0,4.0,1.0184862904088858,0.0,0.0,0.0,0.0,0.0,30.0,5.0,1.436828668958032,0.0,0.0,41.333333333333336,0.0,0.0,0.0,0.0,126.0,226.0,62.0,18,1,0.5491803278688525,12.961481396816502,678.0,0.0,0.0,0.0,0.0,3
704.0,1.0,-1.000088900581841e-12,0.0,0.0,0.0,0.0,0.0,70.0,7.0,1.3629586936340634,0.0,0.0,36.9,0.0,0.0,0.0,0.0,0.0,56.0,0.0,19,1,0.5491803278688525,17.310882896798965,680.5,0.0,0.0,0.0,0.0,3
692.0,7.0,1.3638707246123392,0.0,0.0,0.0,0.0,0.0,168.0,8.0,1.2201740880897212,0.0,0.0,27.894736842105264,0.0,0.0,0.0,0.0,84.0,4544.0,36.0,20,1,0.5491803278688525,11.000000000000933,689.5,0.0,0.0,0.0,0.0,2
668.0,3.0,0.3510652941732112,0.0,0.0,0.0,0.0,0.0,68.0,5.0,0.9822252128477944,0.0,0.0,18.428571428571427,0.0,0.0,0.0,0.0,126.0,70.0,32.0,21,0,0.5491803278688525,12.64911064067434,684.0,0.0,0.0,0.0,0.0,2
