42.0,4.0,0.684954761049158,0.0,0.0,0.0,0.0,0.0,0.0,0.0,0.0,0.0,0.0,99.66666666666669,0.0,0.0,0.0,0.0,6.0,1108.0,4.0,7,0,0.7691387559808612,0.0,42.0,0.0,0.0,0.0,0.0,3
32.0,3.0,0.7029189307705104,0.0,82.0,0.0,0.0,0.0,0.0,0.0,0.0,0.0,6.0,98.33333333333331,0.0,0.0,0.0,0.0,30.0,432.0,8.0,7,0,0.7691387559808612,7.071067811865476,37.0,57.982756057296896,41.0,0.0,0.0,3
20.0,3.0,0.9502705392302344,0.0,128.0,0.0,0.0,0.0,0.0,0.0,0.0,0.0,0.0,95.0,0.0,0.0,0.0,0.0,6.0,144.0,6.0,8,1,0.7691387559808612,11.015141094572204,31.33333333333333,64.8382603097893,70.0,0.0,0.0,3
50.0,5.0,1.1849533573377231,0.0,104.0,0.0,0.0,0.0,0.0,0.0,0.0,0.0,0.0,91.75,0.0,0.0,0.0,0.0,38.0,346.0,10.0,8,1,0.7691387559808612,12.96148139681572,36.0,55.60275772537425,78.5,0.0,0.0,3
180.0,3.0,0.572629907166704,0.0,82.0,0.0,0.0,0.0,0.0,0.0,0.0,0.0,6.0,90.66666666666669,0.0,0.0,0.0,0.0,28.0,404.0,8.0,9,1,0.7691387559808612,74.03377607551839,70.5,21.939310229205777,99.0,0.0,0.0,2
250.0,5.0,0.8060149311134219,0.0,0.0,0.0,0.0,0.0,0.0,0.0,0.0,0.0,6.0,96.45454545454544,0.0,0.0,0.0,0.0,12.0,410.0,6.0,9,1,0.7691387559808612,108.47426730181986,125.0,55.60275772537425,78.5,0.0,0.0,3
16.0,2.0,0.6931471805579453,0.0,0.0,0.0,0.0,0.0,0.0,0.0,0.0,0.0,0.0,100.0,0.0,0.0,0.0,0.0,12.0,168.0,6.0,10,1,0.7691387559808612,109.77552854195996,124.0,54.439568942697065,46.5,0.0,0.0,3
10.0,3.0,1.054920167983144,0.0,0.0,0.0,0.0,0.0,0.0,0.0,0.0,0.0,0.0,98.0,0.0,0.0,0.0,0.0,6.0,132.0,4.0,10,1,0.7691387559808612,120.09995836801944,114.0,41.0,20.5,0.0,0.0,3
154.0,3.0,0.7759868783357625,0.0,0.0,0.0,0.0,0.0,0.0,0.0,0.0,0.0,6.0,94.375,0.0,0.0,0.0,0.0,12.0,52.0,8.0,11,1,0.7691387559808612,115.96982366115763,107.5,0.0,0.0,0.0,0.0,3
10.0,2.0,0.6730116670072565,0.0,0.0,0.0,0.0,0.0,0.0,0.0,0.0,0.0,0.0,96.0,0.0,0.0,0.0,0.0,6.0,14.0,2.0,11,1,0.7691387559808612,71.05631569396206,47.5,0.0,0.0,0.0,0.0,3
176.0,5.0,1.1773664905906558,0.0,0.0,0.0,0.0,0.0,0.0,0.0,0.0,0.0,6.0,95.2,0.0,0.0,0.0,0.0,36.0,380.0,16.0,12,1,0.7691387559808612,89.9388681271896,87.5,0.0,0.0,0.0,0.0,3
10.0,2.0,0.6730116670072565,0.0,0.0,0.0,0.0,0.0,0.0,0.0,0.0,0.0,0.0,98.0,0.0,0.0,0.0,0.0,6.0,64.0,2.0,12,1,0.7691387559808612,89.9388681271896,87.5,0.0,0.0,0.0,0.0,3
0.0,0.0,0.0,0.0,0.0,0.0,0.0,0.0,0.0,0.0,0.0,0.0,0.0,0.0,0.0,0.0,0.0,0.0,0.0,78.0,0.0,13,1,0.7691387559808612,84.79779871356723,49.0,0.0,0.0,0.0,0.0,3
22.0,3.0,0.9949236325687753,0.0,34.0,0.0,0.0,0.0,0.0,0.0,0.0,0.0,0.0,86.0,0.0,0.0,0.0,0.0,12.0,400.0,6.0,13,1,0.7691387559808612,83.15447472425441,52.0,16.999999999999993,8.5,0.0,0.0,3
16.0,4.0,1.2554823251747536,0.0,12.0,0.0,0.0,0.0,0.0,0.0,0.0,0.0,0.0,83.0,0.0,0.0,0.0,0.0,6.0,1220.0,2.0,14,1,0.7691387559808612,9.380831519646753,12.0,16.031219541881388,11.5,0.0,0.0,3
12.0,3.0,1.0114042647043515,0.0,66.0,0.0,0.0,0.0,0.0,0.0,0.0,0.0,0.0,72.5,0.0,0.0,0.0,0.0,12.0,1990.0,4.0,14,1,0.7691387559808612,9.291573243177462,12.5,28.98275349237888,28.0,0.0,0.0,4
20.0,2.0,0.6730116670072565,0.0,58.0,0.0,0.0,0.0,0.0,0.0,0.0,0.0,0.0,64.0,0.0,0.0,0.0,0.0,12.0,1084.0,2.0,15,1,0.7691387559808612,4.434711565216466,17.5,24.46085307860977,42.5,0.0,0.0,3
14.0,3.0,0.9556998911095343,0.0,0.0,0.0,0.0,0.0,0.0,0.0,0.0,0.0,0.0,58.0,0.0,0.0,0.0,0.0,6.0,34.0,2.0,15,1,0.7691387559808612,3.4156502553195747,15.5,32.863353450309965,34.0,0.0,0.0,3
10.0,2.0,0.6730116670072565,0.0,0.0,0.0,0.0,0.0,0.0,0.0,0.0,0.0,0.0,56.0,0.0,0.0,0.0,0.0,6.0,106.0,2.0,16,1,0.7691387559808612,4.320493798938343,14.0,35.94440151122286,31.0,0.0,0.0,3
216.0,3.0,0.2186199584658798,0.0,0.0,0.0,0.0,0.0,0.0,0.0,0.0,0.0,12.0,51.81818181818182,0.0,0.0,0.0,0.0,24.0,470.0,12.0,16,1,0.7691387559808612,100.75051695483585,65.0,29.0,14.5,0.0,0.0,3
52.0,3.0,0.618977214198632,0.0,0.0,0.0,0.0,0.0,0.0,0.0,0.0,0.0,0.0,57.5,0.0,0.0,0.0,0.0,12.0,122.0,4.0,17,1,0.7691387559808612,97.19396414730016,73.0,0.0,0.0,0.0,0.0,3
74.0,3.0,0.5464564222455762,0.0,0.0,0.0,0.0,0.0,0.0,0.0,0.0,0.0,4.0,57.0,0.0,0.0,0.0,0.0,16.0,626.0,6.0,17,1,0.7691387559808612,89.36815241833449,88.0,0.0,0.0,0.0,0.0,3
12.0,3.0,1.0986122886651095,0.0,0.0,0.0,0.0,0.0,0.0,0.0,0.0,0.0,0.0,54.0,0.0,0.0,0.0,0.0,0.0,268.0,0.0,18,1,0.7691387559808612,88.79001445357842,88.5,0.0,0.0,0.0,0.0,3
176.0,3.0,0.6516954724692045,0.0,0.0,0.0,0.0,0.0,0.0,0.0,0.0,0.0,10.0,50.4,0.0,0.0,0.0,0.0,24.0,410.0,12.0,18,1,0.7691387559808612,69.8832359487357,78.5,0.0,0.0,0.0,0.0,3
230.0,5.0,0.8309940624845293,0.0,0.0,0.0,0.0,0.0,0.0,0.0,0.0,0.0,4.0,59.45454545454545,0.0,0.0,0.0,0.0,0.0,160.0,4.0,19,1,0.7691387559808612,98.28529900244492,123.0,0.0,0.0,0.0,0.0,3
286.0,3.0,0.288451198452349,0.0,0.0,0.0,0.0,0.0,0.0,0.0,0.0,0.0,6.0,78.14285714285714,0.0,0.0,0.0,0.0,24.0,162.0,10.0,19,1,0.7691387559808612,118.19757470721076,176.0,0.0,0.0,0.0,0.0,3
0.0,0.0,0.0,0.0,0.0,0.0,0.0,0.0,0.0,0.0,0.0,0.0,0.0,0.0,0.0,0.0,0.0,0.0,0.0,28.0,0.0,20,1,0.7691387559808612,123.76860129558978,173.0,0.0,0.0,0.0,0.0,3
16.0,2.0,0.6615632381559821,0.0,0.0,0.0,0.0,0.0,0.0,0.0,0.0,0.0,0.0,76.0,0.0,0.0,0.0,0.0,0.0,258.0,0.0,20,1,0.7691387559808612,146.28283107277718,133.0,0.0,0.0,0.0,0.0,3
0.0,0.0,0.0,0.0,0.0,0.0,0.0,0.0,0.0,0.0,0.0,0.0,0.0,0.0,0.0,0.0,0.0,0.0,0.0,134.0,0.0,21,0,0.7691387559808612,140.53587916732627,75.5,0.0,0.0,0.0,0.0,3
40.0,3.0,0.8864644756767976,0.0,0.0,0.0,0.0,0.0,0.0,0.0,0.0,0.0,0.0,58.333333333333336,0.0,0.0,0.0,0.0,0.0,170.0,0.0,21,0,0.7691387559808612,18.903262505010414,14.0,0.0,0.0,0.0,0.0,3
338.0,3.0,0.3422242636106637,0.0,0.0,0.0,0.0,0.0,0.0,0.0,0.0,0.0,6.0,54.375,0.0,0.0,0.0,0.0,6.0,344.0,2.0,22,0,0.7691387559808612,160.51064346848364,98.5,0.0,0.0,0.0,0.0,3
488.0,1.0,-1.000088900581841e-12,0.0,0.0,0.0,0.0,0.0,0.0,0.0,0.0,0.0,0.0,76.36363636363636,0.0,0.0,0.0,0.0,6.0,0.0,4.0,22,0,0.7691387559808612,235.5836723261327,216.5,0.0,0.0,0.0,0.0,3
126.0,3.0,0.375112598258869,0.0,0.0,0.0,0.0,0.0,0.0,0.0,0.0,0.0,0.0,89.83333333333333,0.0,0.0,0.0,0.0,6.0,576.0,6.0,23,0,0.7691387559808612,203.181363974816,248.0,0.0,0.0,0.0,0.0,3
12.0,4.0,1.3296613488507585,0.0,0.0,0.0,0.0,0.0,0.0,0.0,0.0,0.0,0.0,88.0,0.0,0.0,0.0,0.0,6.0,52.0,2.0,23,0,0.7691387559808612,212.9820023695273,241.0,0.0,0.0,0.0,0.0,3
8.0,2.0,0.5623351446168083,0.0,0.0,0.0,0.0,0.0,0.0,0.0,0.0,0.0,0.0,80.0,0.0,0.0,0.0,0.0,0.0,134.0,0.0,0,0,0.7691387559808612,226.37652999667023,158.5,0.0,0.0,0.0,0.0,3
210.0,2.0,0.6148452254562491,0.0,0.0,0.0,0.0,0.0,0.0,0.0,0.0,0.0,0.0,81.5,0.0,0.0,0.0,0.0,2.0,252.0,2.0,7,0,0.7691387559808612,97.46794344808968,89.0,0.0,0.0,0.0,0.0,3
46.0,2.0,0.3872123751843606,0.0,0.0,0.0,0.0,0.0,0.0,0.0,0.0,0.0,0.0,84.0,0.0,0.0,0.0,0.0,4.0,720.0,4.0,8,1,0.7691387559808612,95.53358920644963,69.0,0.0,0.0,0.0,0.0,3
86.0,3.0,0.800170721820931,0.0,0.0,0.0,0.0,0.0,0.0,0.0,0.0,0.0,2.0,78.83333333333333,0.0,0.0,0.0,0.0,8.0,122.0,8.0,8,1,0.7691387559808612,87.65652666325921,87.5,0.0,0.0,0.0,0.0,3
354.0,7.0,1.4843957855396444,0.0,0.0,0.0,0.0,0.0,0.0,0.0,0.0,0.0,6.0,85.13333333333334,0.0,0.0,0.0,0.0,4.0,200.0,6.0,9,1,0.7691387559808612,138.8332332932813,174.0,0.0,0.0,0.0,0.0,3
174.0,4.0,0.2342981783260146,0.0,0.0,0.0,0.0,0.0,0.0,0.0,0.0,0.0,0.0,98.6,0.0,0.0,0.0,0.0,12.0,144.0,16.0,9,1,0.7691387559808612,136.87463850789405,165.0,0.0,0.0,0.0,0.0,3
14.0,3.0,0.9556998911095343,0.0,0.0,0.0,0.0,0.0,0.0,0.0,0.0,0.0,0.0,98.0,0.0,0.0,0.0,0.0,4.0,182.0,6.0,10,1,0.7691387559808612,146.72877472852196,157.0,0.0,0.0,0.0,0.0,3
0.0,0.0,0.0,0.0,0.0,0.0,0.0,0.0,0.0,0.0,0.0,0.0,0.0,0.0,0.0,0.0,0.0,0.0,0.0,0.0,4.0,10,1,0.7691387559808612,165.67739737212196,135.5,0.0,0.0,0.0,0.0,3
14.0,3.0,0.9556998911095343,0.0,0.0,0.0,0.0,0.0,0.0,0.0,0.0,0.0,0.0,93.0,0.0,0.0,0.0,0.0,2.0,38.0,2.0,11,1,0.7691387559808612,82.59741723161409,50.5,0.0,0.0,0.0,0.0,3
70.0,3.0,0.3470668257518097,0.0,16.0,0.0,0.0,0.0,0.0,0.0,0.0,0.0,2.0,90.6,0.0,0.0,0.0,0.0,4.0,96.0,8.0,11,1,0.7691387559808612,31.04298095651693,24.5,7.999999999999989,4.0,0.0,0.0,3
12.0,3.0,1.0114042647043515,0.0,6.0,0.0,0.0,0.0,0.0,0.0,0.0,0.0,0.0,95.0,0.0,0.0,0.0,0.0,6.0,236.0,6.0,12,1,0.7691387559808612,31.283648551066943,24.0,7.549834435270738,5.5,0.0,0.0,3
18.0,2.0,0.6869615765953234,0.0,24.0,0.0,0.0,0.0,0.0,0.0,0.0,0.0,0.0,87.0,0.0,0.0,0.0,0.0,6.0,256.0,4.0,12,1,0.7691387559808612,27.778888866667668,28.5,10.63014581273464,11.5,0.0,0.0,3
170.0,5.0,0.9017034071821411,0.0,78.0,0.0,0.0,0.0,0.0,0.0,0.0,0.0,2.0,83.72727272727273,0.0,0.0,0.0,0.0,26.0,478.0,22.0,13,1,0.7691387559808612,73.12774211382896,67.5,32.186953878862155,31.0,0.0,0.0,3
30.0,3.0,0.970115783983938,0.0,48.0,0.0,0.0,0.0,0.0,0.0,0.0,0.0,0.0,77.0,0.0,0.0,0.0,0.0,32.0,316.0,24.0,13,1,0.7691387559808612,75.37240874484513,57.5,31.176914536239785,39.0,0.0,0.0,3
58.0,4.0,0.9518296804414554,0.0,42.0,0.0,0.0,0.0,0.0,0.0,0.0,0.0,0.0,71.4,0.0,0.0,0.0,0.0,26.0,578.0,24.0,14,1,0.7691387559808612,69.38779911963394,69.0,22.44994432064364,48.0,0.0,0.0,3
256.0,4.0,0.5422241784377939,0.0,2.0,0.0,0.0,0.0,0.0,0.0,0.0,0.0,4.0,71.92307692307692,0.0,0.0,0.0,0.0,8.0,304.0,8.0,14,1,0.7691387559808612,104.32481328364156,128.5,31.25699921617556,42.5,0.0,0.0,3
580.0,6.0,1.2726628301796572,0.0,0.0,0.0,0.0,0.0,0.0,0.0,0.0,0.0,0.0,84.76,0.0,0.0,0.0,0.0,10.0,36.0,8.0,15,1,0.7691387559808612,253.47978223124625,231.0,25.5342906696074,23.0,0.0,0.0,4
30.0,3.0,0.8608513906282316,0.0,0.0,0.0,0.0,0.0,0.0,0.0,0.0,0.0,0.0,99.0,0.0,0.0,0.0,0.0,4.0,32.0,4.0,15,1,0.7691387559808612,253.47978223124625,231.0,20.688160865577192,11.0,0.0,0.0,3
8.0,2.0,0.5623351446168083,0.0,0.0,0.0,0.0,0.0,0.0,0.0,0.0,0.0,0.0,98.0,0.0,0.0,0.0,0.0,2.0,48.0,2.0,16,1,0.7691387559808612,265.78876324379604,218.5,0.9999999999997852,0.5,0.0,0.0,3
0.0,0.0,0.0,0.0,0.0,0.0,0.0,0.0,0.0,0.0,0.0,0.0,0.0,0.0,0.0,0.0,0.0,0.0,2.0,8.0,2.0,16,1,0.7691387559808612,283.9501129893536,154.5,0.0,0.0,0.0,0.0,3
20.0,2.0,0.6730116670072565,0.0,0.0,0.0,0.0,0.0,0.0,0.0,0.0,0.0,0.0,92.0,0.0,0.0,0.0,0.0,4.0,156.0,2.0,17,1,0.7691387559808612,13.203534880225453,14.5,0.0,0.0,0.0,0.0,3
10.0,2.0,0.6730116670072565,0.0,0.0,0.0,0.0,0.0,0.0,0.0,0.0,0.0,0.0,87.0,0.0,0.0,0.0,0.0,4.0,30.0,2.0,17,1,0.7691387559808612,8.225975119501845,9.5,0.0,0.0,0.0,0.0,3
18.0,3.0,0.964962923004428,0.0,0.0,0.0,0.0,0.0,0.0,0.0,0.0,0.0,0.0,82.0,0.0,0.0,0.0,0.0,12.0,1038.0,6.0,18,1,0.7691387559808612,9.092121131323728,12.0,0.0,0.0,0.0,0.0,3
10.0,2.0,0.5004024235361879,0.0,0.0,0.0,0.0,0.0,0.0,0.0,0.0,0.0,0.0,76.0,0.0,0.0,0.0,0.0,0.0,226.0,0.0,18,1,0.7691387559808612,5.259911279352865,14.5,0.0,0.0,0.0,0.0,3
12.0,2.0,0.6365141682928128,0.0,0.0,0.0,0.0,0.0,0.0,0.0,0.0,0.0,0.0,72.0,0.0,0.0,0.0,0.0,12.0,202.0,12.0,19,1,0.7691387559808612,3.7859388971997583,12.5,0.0,0.0,0.0,0.0,3
10.0,2.0,0.6730116670072565,0.0,20.0,0.0,0.0,0.0,0.0,0.0,0.0,0.0,0.0,71.0,0.0,0.0,0.0,0.0,4.0,210.0,2.0,19,1,0.7691387559808612,3.7859388971997583,12.5,9.99999999999998,5.0,0.0,0.0,3
10.0,1.0,-1.000088900581841e-12,0.0,76.0,0.0,0.0,0.0,0.0,0.0,0.0,0.0,0.0,61.0,0.0,0.0,0.0,0.0,8.0,212.0,4.0,20,1,0.7691387559808612,0.9999999999983756,10.5,35.925849560819934,24.0,0.0,0.0,3
30.0,5.0,1.5246335284298942,0.0,28.0,0.0,0.0,0.0,0.0,0.0,0.0,0.0,0.0,59.5,0.0,0.0,0.0,0.0,4.0,742.0,2.0,20,1,0.7691387559808612,9.712534856222147,15.5,32.22835190739151,31.0,0.0,0.0,3
18.0,2.0,0.6365141682928128,0.0,0.0,0.0,0.0,0.0,0.0,0.0,0.0,0.0,0.0,53.0,0.0,0.0,0.0,0.0,0.0,698.0,0.0,21,0,0.7691387559808612,9.45163125250505,17.0,32.22835190739151,31.0,0.0,0.0,3
276.0,4.0,0.2553748813300528,0.0,0.0,0.0,0.0,0.0,0.0,0.0,0.0,0.0,4.0,45.5,0.0,0.0,0.0,0.0,12.0,284.0,8.0,21,0,0.7691387559808612,128.59626744194404,83.5,35.85154575933,26.0,0.0,0.0,3
648.0,1.0,-1.000088900581841e-12,0.0,0.0,0.0,0.0,0.0,0.0,0.0,0.0,0.0,0.0,69.89285714285714,0.0,0.0,0.0,0.0,0.0,0.0,0.0,22,0,0.7691387559808612,295.0186434786792,243.0,13.999999999999975,7.0,0.0,0.0,3
236.0,6.0,0.7398131482563629,0.0,0.0,0.0,0.0,0.0,0.0,0.0,0.0,0.0,0.0,85.8,0.0,0.0,0.0,0.0,8.0,758.0,8.0,22,0,0.7691387559808612,261.5205536855564,294.5,0.0,0.0,0.0,0.0,3
10.0,2.0,0.6730116670072565,0.0,0.0,0.0,0.0,0.0,0.0,0.0,0.0,0.0,0.0,85.0,0.0,0.0,0.0,0.0,4.0,44.0,2.0,23,0,0.7691387559808612,264.35519035318123,292.5,0.0,0.0,0.0,0.0,3
10.0,2.0,0.6730116670072565,0.0,0.0,0.0,0.0,0.0,0.0,0.0,0.0,0.0,0.0,83.0,0.0,0.0,0.0,0.0,8.0,176.0,4.0,23,0,0.7691387559808612,300.8299630466797,226.0,0.0,0.0,0.0,0.0,3
16.0,3.0,1.039720770836918,0.0,0.0,0.0,0.0,0.0,0.0,0.0,0.0,0.0,0.0,78.0,0.0,0.0,0.0,0.0,4.0,56.0,4.0,0,0,0.7691387559808612,112.03570859328738,68.0,0.0,0.0,0.0,0.0,3
18.0,3.0,0.936888307536016,0.0,0.0,0.0,0.0,0.0,0.0,0.0,0.0,0.0,0.0,93.5,0.0,0.0,0.0,0.0,2.0,258.0,4.0,8,1,0.7691387559808612,3.4641016151388047,15.0,0.0,0.0,0.0,0.0,3
264.0,4.0,0.908052867656834,0.0,0.0,0.0,0.0,0.0,0.0,0.0,0.0,0.0,2.0,92.0,0.0,0.0,0.0,0.0,8.0,100.0,10.0,9,1,0.7691387559808612,123.67026050483334,78.5,0.0,0.0,0.0,0.0,3
366.0,4.0,0.5296149991213366,0.0,0.0,0.0,0.0,0.0,0.0,0.0,0.0,0.0,0.0,99.875,0.0,0.0,0.0,0.0,8.0,44.0,10.0,9,1,0.7691387559808612,177.01977290687051,166.0,0.0,0.0,0.0,0.0,3
240.0,6.0,1.2340487894106225,0.0,0.0,0.0,0.0,0.0,0.0,0.0,0.0,0.0,4.0,100.0,0.0,0.0,0.0,0.0,4.0,158.0,6.0,10,1,0.7691387559808612,146.56056768449014,222.0,0.0,0.0,0.0,0.0,3
10.0,2.0,0.6730116670072565,0.0,0.0,0.0,0.0,0.0,0.0,0.0,0.0,0.0,0.0,100.0,0.0,0.0,0.0,0.0,2.0,124.0,4.0,10,1,0.7691387559808612,150.27973915335363,220.0,0.0,0.0,0.0,0.0,3
10.0,2.0,0.6730116670072565,0.0,0.0,0.0,0.0,0.0,0.0,0.0,0.0,0.0,0.0,100.0,0.0,0.0,0.0,0.0,2.0,14.0,2.0,11,1,0.7691387559808612,176.81157578997292,156.5,0.0,0.0,0.0,0.0,3
42.0,2.0,0.410116318286409,0.0,22.0,0.0,0.0,0.0,0.0,0.0,0.0,0.0,2.0,96.0,0.0,0.0,0.0,0.0,10.0,146.0,6.0,11,1,0.7691387559808612,110.69929237955112,75.5,10.99999999999997,5.5,0.0,0.0,3
24.0,4.0,1.126928794796676,0.0,78.0,0.0,0.0,0.0,0.0,0.0,0.0,0.0,0.0,93.0,0.0,0.0,0.0,0.0,10.0,500.0,10.0,12,1,0.7691387559808612,15.176736583776654,21.5,36.82390527904393,25.0,0.0,0.0,3
16.0,3.0,0.9002560512655369,0.0,36.0,0.0,0.0,0.0,0.0,0.0,0.0,0.0,0.0,87.0,0.0,0.0,0.0,0.0,4.0,322.0,2.0,12,1,0.7691387559808612,13.904435743076547,23.0,32.86335345030996,34.0,0.0,0.0,3
80.0,3.0,0.5832353581389929,0.0,30.0,0.0,0.0,0.0,0.0,0.0,0.0,0.0,2.0,77.5,0.0,0.0,0.0,0.0,6.0,560.0,6.0,13,1,0.7691387559808612,28.489764243789,40.5,24.99999999999999,41.5,0.0,0.0,3
116.0,5.0,1.3966739623785456,0.0,16.0,0.0,0.0,0.0,0.0,0.0,0.0,0.0,0.0,75.81818181818181,0.0,0.0,0.0,0.0,36.0,598.0,30.0,13,1,0.7691387559808612,47.48333040833044,59.0,26.683328128252658,40.0,0.0,0.0,3
40.0,5.0,1.2348391579856923,0.0,76.0,0.0,0.0,0.0,0.0,0.0,0.0,0.0,0.0,69.25,0.0,0.0,0.0,0.0,12.0,378.0,12.0,14,1,0.7691387559808612,44.10593308539504,63.0,25.73583752927681,39.5,0.0,0.0,3
32.0,3.0,1.0239287996359363,0.0,124.0,0.0,0.0,0.0,0.0,0.0,0.0,0.0,0.0,62.66666666666666,0.0,0.0,0.0,0.0,8.0,626.0,6.0,14,1,0.7691387559808612,38.83297567789535,67.0,48.91829923454003,61.5,0.0,0.0,3
216.0,5.0,1.1603680339679432,0.0,0.0,0.0,0.0,0.0,0.0,0.0,0.0,0.0,2.0,57.18181818181818,0.0,0.0,0.0,0.0,2.0,48.0,2.0,15,1,0.7691387559808612,85.50243661245379,101.0,56.991227395100026,54.0,0.0,0.0,3
700.0,4.0,0.7662399230320216,0.0,0.0,0.0,0.0,0.0,0.0,0.0,0.0,0.0,2.0,71.66666666666667,0.0,0.0,0.0,0.0,6.0,100.0,6.0,15,1,0.7691387559808612,313.71111976891524,247.0,60.96993794759294,50.0,0.0,0.0,3
76.0,4.0,0.5958577355982946,0.0,0.0,0.0,0.0,0.0,0.0,0.0,0.0,0.0,0.0,85.75,0.0,0.0,0.0,0.0,2.0,94.0,4.0,16,1,0.7691387559808612,306.21996451352857,256.0,62.0,31.0,0.0,0.0,3
12.0,3.0,1.0114042647043515,0.0,0.0,0.0,0.0,0.0,0.0,0.0,0.0,0.0,0.0,84.0,0.0,0.0,0.0,0.0,4.0,32.0,2.0,16,1,0.7691387559808612,311.2191082394096,251.0,0.0,0.0,0.0,0.0,3
14.0,4.0,1.351783994285646,0.0,24.0,0.0,0.0,0.0,0.0,0.0,0.0,0.0,0.0,82.0,0.0,0.0,0.0,0.0,4.0,114.0,4.0,17,1,0.7691387559808612,334.3226984018086,200.5,12.0,6.0,0.0,0.0,3
10.0,3.0,1.054920167983144,0.0,68.0,0.0,0.0,0.0,0.0,0.0,0.0,0.0,0.0,75.0,0.0,0.0,0.0,0.0,0.0,150.0,0.0,17,1,0.7691387559808612,32.04163957519474,28.0,32.0624390837628,23.0,0.0,0.0,3
20.0,3.0,1.0296530140615736,0.0,0.0,0.0,0.0,0.0,0.0,0.0,0.0,0.0,2.0,69.0,0.0,0.0,0.0,0.0,2.0,180.0,2.0,18,1,0.7691387559808612,4.320493798940819,14.0,32.0624390837628,23.0,0.0,0.0,3
486.0,2.0,0.6900872749253738,0.0,0.0,0.0,0.0,0.0,0.0,0.0,0.0,0.0,0.0,78.45454545454545,0.0,0.0,0.0,0.0,2.0,2.0,2.0,18,1,0.7691387559808612,235.7024960976584,132.5,32.0624390837628,23.0,0.0,0.0,4
128.0,3.0,0.5027003928186099,0.0,0.0,0.0,0.0,0.0,0.0,0.0,0.0,0.0,0.0,91.8,0.0,0.0,0.0,0.0,4.0,96.0,4.0,19,1,0.7691387559808612,223.1561486194514,161.0,34.0,17.0,0.0,0.0,3
206.0,3.0,0.5970261112633124,0.0,34.0,0.0,0.0,0.0,0.0,0.0,0.0,0.0,2.0,93.8,0.0,0.0,0.0,0.0,8.0,134.0,6.0,19,1,0.7691387559808612,199.178312072374,210.0,17.0,8.5,0.0,0.0,3
0.0,0.0,0.0,0.0,0.0,0.0,0.0,0.0,0.0,0.0,0.0,0.0,0.0,0.0,0.0,0.0,0.0,0.0,2.0,110.0,2.0,20,1,0.7691387559808612,205.6826033803864,205.0,17.0,8.5,0.0,0.0,3
24.0,2.0,0.5623351446168083,0.0,48.0,0.0,0.0,0.0,0.0,0.0,0.0,0.0,0.0,86.0,0.0,0.0,0.0,0.0,2.0,156.0,2.0,20,1,0.7691387559808612,95.48996456870918,89.5,24.35159132377184,20.5,0.0,0.0,3
12.0,2.0,0.6931471805579453,0.0,14.0,0.0,0.0,0.0,0.0,0.0,0.0,0.0,0.0,83.0,0.0,0.0,0.0,0.0,4.0,700.0,4.0,21,0,0.7691387559808612,97.49358953285083,60.5,21.22891110412088,24.0,0.0,0.0,3
10.0,2.0,0.6730116670072565,0.0,0.0,0.0,0.0,0.0,0.0,0.0,0.0,0.0,0.0,71.0,0.0,0.0,0.0,0.0,0.0,308.0,0.0,21,0,0.7691387559808612,9.848857801796166,11.5,22.64950330581225,15.5,0.0,0.0,3
586.0,3.0,0.1271106915472815,0.0,0.0,0.0,0.0,0.0,0.0,0.0,0.0,0.0,2.0,76.6,0.0,0.0,0.0,0.0,4.0,80.0,2.0,22,0,0.7691387559808612,285.4003036672059,158.0,22.64950330581225,15.5,0.0,0.0,3
286.0,6.0,1.1264364462021297,0.0,0.0,0.0,0.0,0.0,0.0,0.0,0.0,0.0,2.0,84.07692307692308,0.0,0.0,0.0,0.0,6.0,320.0,6.0,22,0,0.7691387559808612,274.2425933366296,223.5,6.999999999999996,3.5,0.0,0.0,5
256.0,3.0,0.3638480746168624,0.0,0.0,0.0,0.0,0.0,0.0,0.0,0.0,0.0,0.0,94.14285714285714,0.0,0.0,0.0,0.0,6.0,24.0,6.0,23,0,0.7691387559808612,235.9851690255131,284.5,0.0,0.0,0.0,0.0,3
94.0,2.0,0.175975125095627,0.0,0.0,0.0,0.0,0.0,0.0,0.0,0.0,0.0,0.0,100.0,0.0,0.0,0.0,0.0,4.0,18.0,4.0,23,0,0.7691387559808612,205.13653989477348,305.5,0.0,0.0,0.0,0.0,3
12.0,2.0,0.6931471805579453,0.0,0.0,0.0,0.0,0.0,0.0,0.0,0.0,0.0,0.0,100.0,0.0,0.0,0.0,0.0,2.0,128.0,2.0,0,0,0.7691387559808612,130.8128434061426,162.0,0.0,0.0,0.0,0.0,4
10.0,2.0,0.6730116670072565,0.0,0.0,0.0,0.0,0.0,0.0,0.0,0.0,0.0,0.0,100.0,0.0,0.0,0.0,0.0,0.0,190.0,2.0,9,1,0.7691387559808612,45.2253616163909,50.0,0.0,0.0,0.0,0.0,3
14.0,3.0,0.9556998911095343,0.0,0.0,0.0,0.0,0.0,0.0,0.0,0.0,0.0,0.0,96.0,0.0,0.0,0.0,0.0,2.0,42.0,4.0,9,1,0.7691387559808612,36.03701800463874,30.0,0.0,0.0,0.0,0.0,3
44.0,5.0,1.436017292923104,0.0,68.0,0.0,0.0,0.0,0.0,0.0,0.0,0.0,0.0,93.0,0.0,0.0,0.0,0.0,12.0,342.0,10.0,10,1,0.7691387559808612,34.215006454283426,38.0,34.0,17.0,0.0,0.0,3
16.0,3.0,1.0821955300357673,0.0,54.0,0.0,0.0,0.0,0.0,0.0,0.0,0.0,0.0,88.0,0.0,0.0,0.0,0.0,4.0,48.0,4.0,10,1,0.7691387559808612,15.53490693030773,21.0,35.679125549822544,30.5,0.0,0.0,3
38.0,5.0,1.1913695156676756,0.0,108.0,0.0,0.0,0.0,0.0,0.0,0.0,0.0,0.0,85.0,0.0,0.0,0.0,0.0,10.0,94.0,6.0,11,1,0.7691387559808612,15.231546211727482,28.0,44.64302857109944,57.5,0.0,0.0,3
32.0,4.0,1.103432909634192,0.0,160.0,0.0,0.0,0.0,0.0,0.0,0.0,0.0,0.0,82.66666666666667,0.0,0.0,0.0,0.0,6.0,312.0,4.0,11,1,0.7691387559808612,12.041594578791871,32.5,47.5359513070546,97.5,0.0,0.0,3
0.0,0.0,0.0,0.0,0.0,0.0,0.0,0.0,0.0,0.0,0.0,0.0,0.0,0.0,0.0,0.0,0.0,0.0,2.0,162.0,2.0,12,1,0.7691387559808612,17.078251276599033,21.5,68.94200461257273,80.5,0.0,0.0,3
0.0,0.0,0.0,0.0,0.0,0.0,0.0,0.0,0.0,0.0,0.0,0.0,0.0,0.0,0.0,0.0,0.0,0.0,0.0,28.0,0.0,12,1,0.7691387559808612,20.355179521029115,17.5,80.22468448052632,67.0,0.0,0.0,3
24.0,3.0,0.8239592164980822,0.0,0.0,0.0,0.0,0.0,0.0,0.0,0.0,0.0,0.0,60.0,0.0,0.0,0.0,0.0,2.0,162.0,2.0,13,1,0.7691387559808612,16.492422502470333,14.0,80.0,40.0,0.0,0.0,3
140.0,6.0,1.2281562209850128,0.0,0.0,0.0,0.0,0.0,0.0,0.0,0.0,0.0,2.0,48.285714285714285,0.0,0.0,0.0,0.0,2.0,208.0,2.0,13,1,0.7691387559808612,66.96267617113276,41.0,0.0,0.0,0.0,0.0,3
536.0,3.0,0.1851737266492063,0.0,0.0,0.0,0.0,0.0,0.0,0.0,0.0,0.0,0.0,59.29166666666666,0.0,0.0,0.0,0.0,10.0,44.0,4.0,14,1,0.7691387559808612,248.3089473485265,175.0,0.0,0.0,0.0,0.0,3
0.0,0.0,0.0,0.0,0.0,0.0,0.0,0.0,0.0,0.0,0.0,0.0,0.0,0.0,0.0,0.0,0.0,0.0,4.0,0.0,4.0,14,1,0.7691387559808612,248.3089473485265,175.0,0.0,0.0,0.0,0.0,3
18.0,2.0,0.6869615765953234,0.0,0.0,0.0,0.0,0.0,0.0,0.0,0.0,0.0,0.0,64.0,0.0,0.0,0.0,0.0,4.0,50.0,4.0,15,1,0.7691387559808612,249.54024391535188,173.5,0.0,0.0,0.0,0.0,3
12.0,2.0,0.6365141682928128,0.0,0.0,0.0,0.0,0.0,0.0,0.0,0.0,0.0,0.0,58.0,0.0,0.0,0.0,0.0,8.0,256.0,8.0,15,1,0.7691387559808612,263.1064423384574,141.5,0.0,0.0,0.0,0.0,3
358.0,4.0,0.1806730847460288,0.0,0.0,0.0,0.0,0.0,0.0,0.0,0.0,0.0,2.0,68.29411764705883,0.0,0.0,0.0,0.0,0.0,66.0,2.0,16,1,0.7691387559808612,174.16084519776533,97.0,0.0,0.0,0.0,0.0,3
214.0,4.0,0.2727418865318181,0.0,0.0,0.0,0.0,0.0,0.0,0.0,0.0,0.0,0.0,82.55555555555556,0.0,0.0,0.0,0.0,4.0,106.0,4.0,16,1,0.7691387559808612,167.15960437059343,150.5,0.0,0.0,0.0,0.0,3
150.0,4.0,0.6448744120632282,0.0,56.0,0.0,0.0,0.0,0.0,0.0,0.0,0.0,2.0,84.625,0.0,0.0,0.0,0.0,12.0,472.0,10.0,17,1,0.7691387559808612,143.66047937179283,183.5,28.0,14.0,0.0,0.0,3
48.0,5.0,1.4706181571989003,0.0,202.0,0.0,0.0,0.0,0.0,0.0,0.0,0.0,0.0,79.8,0.0,0.0,0.0,0.0,16.0,1104.0,16.0,17,1,0.7691387559808612,129.79342561675963,192.5,95.39217298430027,64.5,0.0,0.0,3
138.0,4.0,0.4377187153028277,0.0,46.0,0.0,0.0,0.0,0.0,0.0,0.0,0.0,2.0,75.88888888888889,0.0,0.0,0.0,0.0,12.0,318.0,12.0,18,1,0.7691387559808612,68.3593446428503,137.5,87.46808941932291,76.0,0.0,0.0,3
90.0,3.0,0.2873643046779562,0.0,0.0,0.0,0.0,0.0,0.0,0.0,0.0,0.0,0.0,87.57142857142857,0.0,0.0,0.0,0.0,2.0,14.0,6.0,18,1,0.7691387559808612,46.829477895872245,106.5,87.46808941932291,76.0,0.0,0.0,3
162.0,3.0,0.8818610049969149,0.0,0.0,0.0,0.0,0.0,0.0,0.0,0.0,0.0,2.0,99.3,0.0,0.0,0.0,0.0,10.0,54.0,10.0,19,1,0.7691387559808612,50.764160585988094,109.5,95.81927433107252,62.0,0.0,0.0,3
88.0,4.0,0.473928431157534,0.0,0.0,0.0,0.0,0.0,0.0,0.0,0.0,0.0,0.0,100.0,0.0,0.0,0.0,0.0,4.0,572.0,4.0,19,1,0.7691387559808612,36.56501059756427,119.5,23.00000000000006,11.5,0.0,0.0,3
10.0,2.0,0.6730116670072565,0.0,0.0,0.0,0.0,0.0,0.0,0.0,0.0,0.0,0.0,97.0,0.0,0.0,0.0,0.0,0.0,80.0,0.0,20,1,0.7691387559808612,62.08327740489641,87.5,0.0,0.0,0.0,0.0,4
10.0,3.0,1.054920167983144,0.0,0.0,0.0,0.0,0.0,0.0,0.0,0.0,0.0,0.0,93.0,0.0,0.0,0.0,0.0,2.0,108.0,0.0,20,1,0.7691387559808612,72.94518489934745,67.5,0.0,0.0,0.0,0.0,3
202.0,4.0,1.1265827081105129,0.0,0.0,0.0,0.0,0.0,0.0,0.0,0.0,0.0,2.0,87.2,0.0,0.0,0.0,0.0,6.0,62.0,6.0,21,0,0.7691387559808612,90.77995373429086,77.5,0.0,0.0,0.0,0.0,3
142.0,4.0,0.9569693077950872,0.0,48.0,0.0,0.0,0.0,0.0,0.0,0.0,0.0,0.0,92.14285714285714,0.0,0.0,0.0,0.0,8.0,152.0,8.0,21,0,0.7691387559808612,96.6850557221745,91.0,24.00000000000006,12.0,0.0,0.0,3
18.0,4.0,1.2148896539451204,0.0,20.0,0.0,0.0,0.0,0.0,0.0,0.0,0.0,0.0,94.0,0.0,0.0,0.0,0.0,4.0,440.0,4.0,22,0,0.7691387559808612,94.5092588056852,93.0,22.71563338320116,17.0,0.0,0.0,3
0.0,0.0,0.0,0.0,0.0,0.0,0.0,0.0,0.0,0.0,0.0,0.0,0.0,0.0,0.0,0.0,0.0,0.0,0.0,16.0,0.0,22,0,0.7691387559808612,97.52093792275237,90.5,22.71563338320116,17.0,0.0,0.0,3
20.0,3.0,0.8018185525403373,0.0,0.0,0.0,0.0,0.0,0.0,0.0,0.0,0.0,0.0,80.0,0.0,0.0,0.0,0.0,0.0,230.0,0.0,23,0,0.7691387559808612,65.28910067282789,45.0,22.71563338320116,17.0,0.0,0.0,3
10.0,3.0,1.054920167983144,0.0,10.0,0.0,0.0,0.0,0.0,0.0,0.0,0.0,0.0,75.0,0.0,0.0,0.0,0.0,4.0,78.0,2.0,23,0,0.7691387559808612,9.09212113132326,12.0,9.574271077563536,7.5,0.0,0.0,3
8.0,2.0,0.6931471805579453,0.0,0.0,0.0,0.0,0.0,0.0,0.0,0.0,0.0,0.0,68.0,0.0,0.0,0.0,0.0,2.0,110.0,2.0,0,0,0.7691387559808612,8.225975119501332,9.5,5.000000000000303,2.5,0.0,0.0,3
0.0,0.0,0.0,0.0,0.0,0.0,0.0,0.0,0.0,0.0,0.0,0.0,0.0,0.0,0.0,0.0,0.0,0.0,2.0,4.0,2.0,0,0,0.7691387559808612,8.225975119501332,9.5,5.000000000000303,2.5,0.0,0.0,3
2.0,1.0,-1.000088900581841e-12,0.0,0.0,0.0,0.0,0.0,0.0,0.0,0.0,0.0,0.0,57.0,0.0,0.0,0.0,0.0,0.0,2.0,0.0,1,0,0.7691387559808612,4.760952285693998,5.0,5.000000000000303,2.5,0.0,0.0,3
188.0,3.0,0.6102610538139667,0.0,0.0,0.0,0.0,0.0,0.0,0.0,0.0,0.0,0.0,80.3,0.0,0.0,0.0,0.0,6.0,64.0,6.0,8,1,0.7691387559808612,88.46091415610242,67.0,0.0,0.0,0.0,0.0,3
12.0,2.0,0.6365141682928128,0.0,0.0,0.0,0.0,0.0,0.0,0.0,0.0,0.0,0.0,88.0,0.0,0.0,0.0,0.0,0.0,36.0,0.0,9,1,0.7691387559808612,85.58816117509082,70.0,0.0,0.0,0.0,0.0,3
104.0,3.0,0.3812616318957933,0.0,0.0,0.0,0.0,0.0,0.0,0.0,0.0,0.0,2.0,78.83333333333333,0.0,0.0,0.0,0.0,8.0,256.0,6.0,9,1,0.7691387559808612,72.81712252851881,95.5,0.0,0.0,0.0,0.0,3
358.0,3.0,0.1196015471639042,0.0,0.0,0.0,0.0,0.0,0.0,0.0,0.0,0.0,0.0,87.8125,0.0,0.0,0.0,0.0,6.0,40.0,8.0,10,1,0.7691387559808612,147.0906749820214,165.5,0.0,0.0,0.0,0.0,3
16.0,4.0,1.2130075659759043,0.0,0.0,0.0,0.0,0.0,0.0,0.0,0.0,0.0,0.0,98.0,0.0,0.0,0.0,0.0,12.0,88.0,6.0,10,1,0.7691387559808612,162.63968355437322,122.5,0.0,0.0,0.0,0.0,3
180.0,6.0,1.4172160665417466,0.0,0.0,0.0,0.0,0.0,0.0,0.0,0.0,0.0,2.0,96.25,0.0,0.0,0.0,0.0,68.0,114.0,2.0,11,1,0.7691387559808612,145.36735075891923,164.5,0.0,0.0,0.0,0.0,3
10.0,2.0,0.6730116670072565,0.0,0.0,0.0,0.0,0.0,0.0,0.0,0.0,0.0,0.0,99.0,0.0,0.0,0.0,0.0,6.0,30.0,8.0,11,1,0.7691387559808612,164.7179407350638,141.0,0.0,0.0,0.0,0.0,3
14.0,3.0,0.9556998911095343,0.0,0.0,0.0,0.0,0.0,0.0,0.0,0.0,0.0,0.0,97.0,0.0,0.0,0.0,0.0,6.0,126.0,6.0,12,1,0.7691387559808612,83.37065830774432,55.0,0.0,0.0,0.0,0.0,3
0.0,0.0,0.0,0.0,0.0,0.0,0.0,0.0,0.0,0.0,0.0,0.0,0.0,0.0,0.0,0.0,0.0,0.0,2.0,44.0,2.0,12,1,0.7691387559808612,86.20131476182169,51.0,0.0,0.0,0.0,0.0,3
24.0,4.0,1.0751393240013734,0.0,10.0,0.0,0.0,0.0,0.0,0.0,0.0,0.0,0.0,84.0,0.0,0.0,0.0,0.0,2.0,70.0,2.0,13,1,0.7691387559808612,9.933109617167132,12.0,5.000000000000303,2.5,0.0,0.0,3
0.0,0.0,0.0,0.0,0.0,0.0,0.0,0.0,0.0,0.0,0.0,0.0,0.0,0.0,0.0,0.0,0.0,0.0,0.0,16.0,0.0,13,1,0.7691387559808612,11.704699910719262,9.5,5.000000000000303,2.5,0.0,0.0,3
18.0,4.0,1.002718264513516,0.0,0.0,0.0,0.0,0.0,0.0,0.0,0.0,0.0,0.0,71.0,0.0,0.0,0.0,0.0,0.0,790.0,0.0,14,1,0.7691387559808612,12.369316876852638,10.5,5.000000000000303,2.5,0.0,0.0,3
290.0,4.0,0.5890080112308644,0.0,0.0,0.0,0.0,0.0,0.0,0.0,0.0,0.0,4.0,64.85714285714286,0.0,0.0,0.0,0.0,10.0,378.0,8.0,14,1,0.7691387559808612,138.37629854855922,83.0,5.000000000000303,2.5,0.0,0.0,3
188.0,4.0,0.4399782222612544,0.0,0.0,0.0,0.0,0.0,0.0,0.0,0.0,0.0,2.0,79.08333333333333,0.0,0.0,0.0,0.0,8.0,62.0,12.0,15,1,0.7691387559808612,139.36044393346816,124.0,0.0,0.0,0.0,0.0,3
218.0,3.0,0.7403765241997945,0.0,0.0,0.0,0.0,0.0,0.0,0.0,0.0,0.0,0.0,96.91666666666669,0.0,0.0,0.0,0.0,2.0,10.0,4.0,15,1,0.7691387559808612,115.24322105876766,178.5,0.0,0.0,0.0,0.0,3
168.0,4.0,0.6663475545086595,0.0,0.0,0.0,0.0,0.0,0.0,0.0,0.0,0.0,0.0,100.0,0.0,0.0,0.0,0.0,10.0,96.0,10.0,16,1,0.7691387559808612,53.44155686354946,216.0,0.0,0.0,0.0,0.0,3
36.0,4.0,1.1199903556463675,0.0,0.0,0.0,0.0,0.0,0.0,0.0,0.0,0.0,0.0,100.0,0.0,0.0,0.0,0.0,8.0,130.0,8.0,16,1,0.7691387559808612,80.3388656462943,152.5,0.0,0.0,0.0,0.0,3
24.0,2.0,0.5623351446168083,0.0,56.0,0.0,0.0,0.0,0.0,0.0,0.0,0.0,0.0,99.0,0.0,0.0,0.0,0.0,4.0,434.0,4.0,17,1,0.7691387559808612,96.42095207992914,111.5,28.00000000000005,14.0,0.0,0.0,3
30.0,6.0,1.691434336274957,0.0,38.0,0.0,0.0,0.0,0.0,0.0,0.0,0.0,0.0,90.0,0.0,0.0,0.0,0.0,6.0,1042.0,6.0,17,1,0.7691387559808612,69.17369442208499,64.5,28.112867753634387,23.5,0.0,0.0,3
20.0,4.0,1.3661588475652018,0.0,74.0,0.0,0.0,0.0,0.0,0.0,0.0,0.0,0.0,85.66666666666667,0.0,0.0,0.0,0.0,16.0,554.0,12.0,18,1,0.7691387559808612,6.999999999999393,27.5,31.622776601683835,42.0,0.0,0.0,3
104.0,7.0,1.2425138895929215,0.0,10.0,0.0,0.0,0.0,0.0,0.0,0.0,0.0,4.0,82.0,0.0,0.0,0.0,0.0,8.0,126.0,6.0,18,1,0.7691387559808612,39.87898360456702,44.5,27.29468812791241,44.5,0.0,0.0,3
50.0,3.0,0.7841675867606066,0.0,0.0,0.0,0.0,0.0,0.0,0.0,0.0,0.0,0.0,95.6,0.0,0.0,0.0,0.0,6.0,60.0,10.0,19,1,0.7691387559808612,37.46998799039028,51.0,33.161222333723906,30.5,0.0,0.0,3
12.0,2.0,0.6365141682928128,0.0,0.0,0.0,0.0,0.0,0.0,0.0,0.0,0.0,0.0,95.0,0.0,0.0,0.0,0.0,4.0,154.0,8.0,19,1,0.7691387559808612,41.677331968349314,46.5,35.646411694119635,21.0,0.0,0.0,3
20.0,4.0,1.2798542258296677,0.0,0.0,0.0,0.0,0.0,0.0,0.0,0.0,0.0,0.0,91.0,0.0,0.0,0.0,0.0,4.0,144.0,8.0,20,1,0.7691387559808612,41.677331968349314,46.5,5.000000000000237,2.5,0.0,0.0,3
24.0,4.0,1.24245332489,0.0,0.0,0.0,0.0,0.0,0.0,0.0,0.0,0.0,0.0,89.0,0.0,0.0,0.0,0.0,2.0,134.0,8.0,20,1,0.7691387559808612,16.441816606851102,26.5,0.0,0.0,0.0,0.0,3
10.0,3.0,1.054920167983144,0.0,22.0,0.0,0.0,0.0,0.0,0.0,0.0,0.0,0.0,84.0,0.0,0.0,0.0,0.0,4.0,48.0,4.0,21,0,0.7691387559808612,6.608075867199015,16.5,11.000000000000108,5.5,0.0,0.0,3
0.0,0.0,0.0,0.0,48.0,0.0,0.0,0.0,0.0,0.0,0.0,0.0,0.0,0.0,0.0,0.0,0.0,0.0,2.0,34.0,4.0,21,0,0.7691387559808612,10.754843869934051,13.5,22.825424421026707,17.5,0.0,0.0,3
40.0,2.0,0.6108643020528935,0.0,218.0,0.0,0.0,0.0,0.0,0.0,0.0,0.0,0.0,73.0,0.0,0.0,0.0,0.0,10.0,564.0,6.0,22,0,0.7691387559808612,17.38773514099305,18.5,99.29081864234313,72.0,0.0,0.0,3
10.0,2.0,0.6730116670072565,0.0,0.0,0.0,0.0,0.0,0.0,0.0,0.0,0.0,0.0,68.0,0.0,0.0,0.0,0.0,6.0,62.0,2.0,22,0,0.7691387559808612,17.320508075688522,15.0,99.29081864234313,72.0,0.0,0.0,3
22.0,3.0,0.7595473914718636,0.0,0.0,0.0,0.0,0.0,0.0,0.0,0.0,0.0,0.0,66.0,0.0,0.0,0.0,0.0,6.0,204.0,2.0,23,0,0.7691387559808612,17.204650534085,18.0,103.50362312499018,66.5,0.0,0.0,3
16.0,3.0,0.9743147528663496,0.0,0.0,0.0,0.0,0.0,0.0,0.0,0.0,0.0,0.0,51.0,0.0,0.0,0.0,0.0,6.0,216.0,2.0,0,0,0.7691387559808612,12.961481396815389,22.0,109.0,54.5,0.0,0.0,3
8.0,2.0,0.5623351446168083,0.0,0.0,0.0,0.0,0.0,0.0,0.0,0.0,0.0,0.0,48.0,0.0,0.0,0.0,0.0,6.0,136.0,4.0,0,0,0.7691387559808612,6.324555320336076,14.0,0.0,0.0,0.0,0.0,3
32.0,2.0,0.482577565175012,0.0,0.0,0.0,0.0,0.0,0.0,0.0,0.0,0.0,0.0,69.0,0.0,0.0,0.0,0.0,6.0,86.0,8.0,9,1,0.7691387559808612,11.474609652038628,21.5,0.0,0.0,0.0,0.0,3
104.0,4.0,0.5302536075837149,0.0,0.0,0.0,0.0,0.0,0.0,0.0,0.0,0.0,2.0,61.0,0.0,0.0,0.0,0.0,4.0,184.0,4.0,9,1,0.7691387559808612,41.773197148410745,43.5,0.0,0.0,0.0,0.0,3
240.0,3.0,0.6033137974607947,0.0,0.0,0.0,0.0,0.0,0.0,0.0,0.0,0.0,2.0,62.66666666666666,0.0,0.0,0.0,0.0,6.0,52.0,8.0,10,1,0.7691387559808612,98.5410236060765,101.5,0.0,0.0,0.0,0.0,3
422.0,6.0,0.948274875862304,0.0,30.0,0.0,0.0,0.0,0.0,0.0,0.0,0.0,0.0,74.8,0.0,0.0,0.0,0.0,22.0,408.0,14.0,10,1,0.7691387559808612,171.58379876899798,199.5,15.00000000000008,7.5,0.0,0.0,3
22.0,4.0,1.1685184057390878,0.0,60.0,0.0,0.0,0.0,0.0,0.0,0.0,0.0,0.0,76.66666666666667,0.0,0.0,0.0,0.0,22.0,210.0,16.0,11,1,0.7691387559808612,174.87900579162343,197.0,28.722813232690186,22.5,0.0,0.0,3
36.0,5.0,1.585934113187662,0.0,138.0,0.0,0.0,0.0,0.0,0.0,0.0,0.0,0.0,73.25,0.0,0.0,0.0,0.0,26.0,876.0,14.0,11,1,0.7691387559808612,189.6171581547057,180.0,59.2958683214944,57.0,0.0,0.0,3
24.0,2.0,0.5623351446168083,0.0,78.0,0.0,0.0,0.0,0.0,0.0,0.0,0.0,0.0,64.5,0.0,0.0,0.0,0.0,4.0,240.0,6.0,12,1,0.7691387559808612,197.43015642668843,126.0,45.53020975132887,76.5,0.0,0.0,3
16.0,3.0,0.9002560512655369,0.0,26.0,0.0,0.0,0.0,0.0,0.0,0.0,0.0,0.0,63.0,0.0,0.0,0.0,0.0,2.0,230.0,2.0,12,1,0.7691387559808612,8.3864970836056,24.5,46.914816422959625,75.5,0.0,0.0,3
10.0,2.0,0.6730116670072565,0.0,4.0,0.0,0.0,0.0,0.0,0.0,0.0,0.0,0.0,57.0,0.0,0.0,0.0,0.0,0.0,142.0,0.0,13,1,0.7691387559808612,11.239810200057882,21.5,59.696454389408,61.5,0.0,0.0,3
12.0,3.0,1.0114042647043515,0.0,0.0,0.0,0.0,0.0,0.0,0.0,0.0,0.0,0.0,50.0,0.0,0.0,0.0,0.0,0.0,848.0,0.0,13,1,0.7691387559808612,6.19139187366824,15.5,35.87013613950565,27.0,0.0,0.0,3
476.0,2.0,0.0676554102666104,0.0,12.0,0.0,0.0,0.0,0.0,0.0,0.0,0.0,6.0,50.523809523809526,0.0,0.0,0.0,0.0,8.0,96.0,6.0,14,1,0.7691387559808612,231.68009553405025,128.5,11.47460965203911,10.5,0.0,0.0,3
274.0,2.0,0.0761970612253375,0.0,0.0,0.0,0.0,0.0,0.0,0.0,0.0,0.0,0.0,62.61538461538461,0.0,0.0,0.0,0.0,4.0,86.0,4.0,14,1,0.7691387559808612,225.7579825092939,193.0,5.656854249492593,4.0,0.0,0.0,3
20.0,3.0,1.0296530140615736,0.0,0.0,0.0,0.0,0.0,0.0,0.0,0.0,0.0,0.0,68.0,0.0,0.0,0.0,0.0,2.0,72.0,4.0,15,1,0.7691387559808612,223.0956446609092,195.5,6.000000000000201,3.0,0.0,0.0,3
48.0,2.0,0.3767701612544368,0.0,0.0,0.0,0.0,0.0,0.0,0.0,0.0,0.0,2.0,64.66666666666667,0.0,0.0,0.0,0.0,4.0,44.0,4.0,15,1,0.7691387559808612,213.75609153113427,204.5,6.000000000000201,3.0,0.0,0.0,3
200.0,4.0,0.3567145519941354,0.0,0.0,0.0,0.0,0.0,0.0,0.0,0.0,0.0,0.0,67.33333333333333,0.0,0.0,0.0,0.0,6.0,204.0,6.0,16,1,0.7691387559808612,121.57165239753324,135.5,0.0,0.0,0.0,0.0,3
10.0,2.0,0.6730116670072565,0.0,0.0,0.0,0.0,0.0,0.0,0.0,0.0,0.0,0.0,65.0,0.0,0.0,0.0,0.0,14.0,62.0,10.0,16,1,0.7691387559808612,88.47410167199578,69.5,0.0,0.0,0.0,0.0,3
16.0,2.0,0.6615632381559821,0.0,0.0,0.0,0.0,0.0,0.0,0.0,0.0,0.0,0.0,62.0,0.0,0.0,0.0,0.0,4.0,84.0,6.0,17,1,0.7691387559808612,89.23937845293773,68.5,0.0,0.0,0.0,0.0,3
28.0,4.0,1.277034259462139,0.0,0.0,0.0,0.0,0.0,0.0,0.0,0.0,0.0,0.0,58.5,0.0,0.0,0.0,0.0,2.0,96.0,2.0,18,1,0.7691387559808612,91.30717386930766,63.5,0.0,0.0,0.0,0.0,3
174.0,4.0,0.7139103028567889,0.0,0.0,0.0,0.0,0.0,0.0,0.0,0.0,0.0,2.0,57.875,0.0,0.0,0.0,0.0,8.0,52.0,10.0,18,1,0.7691387559808612,78.3581520966388,57.0,0.0,0.0,0.0,0.0,3
302.0,7.0,1.611085256414897,0.0,0.0,0.0,0.0,0.0,0.0,0.0,0.0,0.0,0.0,77.5,0.0,0.0,0.0,0.0,6.0,276.0,8.0,19,1,0.7691387559808612,135.3021310499825,130.0,0.0,0.0,0.0,0.0,3
60.0,3.0,0.46765248650706,0.0,0.0,0.0,0.0,0.0,0.0,0.0,0.0,0.0,0.0,90.0,0.0,0.0,0.0,0.0,2.0,146.0,2.0,19,1,0.7691387559808612,124.28461959014336,141.0,0.0,0.0,0.0,0.0,3
70.0,6.0,0.7256945348911955,0.0,0.0,0.0,0.0,0.0,0.0,0.0,0.0,0.0,2.0,86.4,0.0,0.0,0.0,0.0,4.0,138.0,8.0,20,1,0.7691387559808612,112.79923167587022,151.5,0.0,0.0,0.0,0.0,3
154.0,4.0,0.9088937152986004,0.0,0.0,0.0,0.0,0.0,0.0,0.0,0.0,0.0,0.0,92.44444444444444,0.0,0.0,0.0,0.0,14.0,206.0,16.0,20,1,0.7691387559808612,111.90918937543351,146.5,0.0,0.0,0.0,0.0,3
70.0,3.0,0.7337222423455225,0.0,0.0,0.0,0.0,0.0,0.0,0.0,0.0,0.0,2.0,91.75,0.0,0.0,0.0,0.0,8.0,346.0,8.0,21,0,0.7691387559808612,43.92038251199524,88.5,0.0,0.0,0.0,0.0,3
82.0,2.0,0.3196905981092379,0.0,0.0,0.0,0.0,0.0,0.0,0.0,0.0,0.0,2.0,91.8,0.0,0.0,0.0,0.0,2.0,58.0,2.0,21,0,0.7691387559808612,40.39801975344803,94.0,0.0,0.0,0.0,0.0,3
30.0,2.0,0.5799151714161009,0.0,0.0,0.0,0.0,0.0,0.0,0.0,0.0,0.0,0.0,89.0,0.0,0.0,0.0,0.0,0.0,132.0,0.0,22,0,0.7691387559808612,51.69139193328012,84.0,0.0,0.0,0.0,0.0,3
0.0,0.0,0.0,0.0,0.0,0.0,0.0,0.0,0.0,0.0,0.0,0.0,0.0,0.0,0.0,0.0,0.0,0.0,2.0,8.0,2.0,22,0,0.7691387559808612,37.60762334066474,45.5,0.0,0.0,0.0,0.0,3
22.0,3.0,1.0670895187790832,0.0,0.0,0.0,0.0,0.0,0.0,0.0,0.0,0.0,0.0,74.0,0.0,0.0,0.0,0.0,0.0,144.0,0.0,23,0,0.7691387559808612,34.73230964582273,33.5,0.0,0.0,0.0,0.0,3
22.0,5.0,1.4681399390112089,0.0,0.0,0.0,0.0,0.0,0.0,0.0,0.0,0.0,0.0,70.0,0.0,0.0,0.0,0.0,0.0,126.0,0.0,23,0,0.7691387559808612,12.897028081434536,18.5,0.0,0.0,0.0,0.0,3
12.0,2.0,0.6931471805579453,0.0,0.0,0.0,0.0,0.0,0.0,0.0,0.0,0.0,0.0,64.0,0.0,0.0,0.0,0.0,12.0,48.0,4.0,0,0,0.7691387559808612,10.45625809423768,14.0,0.0,0.0,0.0,0.0,3
10.0,2.0,0.6730116670072565,0.0,0.0,0.0,0.0,0.0,0.0,0.0,0.0,0.0,0.0,58.0,0.0,0.0,0.0,0.0,0.0,158.0,0.0,0,0,0.7691387559808612,6.403124237431104,16.5,0.0,0.0,0.0,0.0,3
12.0,3.0,1.0986122886651095,0.0,0.0,0.0,0.0,0.0,0.0,0.0,0.0,0.0,0.0,55.0,0.0,0.0,0.0,0.0,0.0,132.0,0.0,1,0,0.7691387559808612,5.416025603088577,14.0,0.0,0.0,0.0,0.0,3
644.0,8.0,1.543872581476673,0.0,0.0,0.0,0.0,0.0,0.0,0.0,0.0,0.0,0.0,55.86206896551724,0.0,0.0,0.0,0.0,6.0,1608.0,6.0,9,1,0.7691387559808612,298.4420658463995,219.5,0.0,0.0,0.0,0.0,3
466.0,6.0,0.8167411546514063,0.0,0.0,0.0,0.0,0.0,0.0,0.0,0.0,0.0,0.0,50.95,0.0,0.0,0.0,0.0,10.0,872.0,4.0,9,1,0.7691387559808612,278.14324846500705,333.5,0.0,0.0,0.0,0.0,3
718.0,4.0,0.2642887855421589,0.0,0.0,0.0,0.0,0.0,0.0,0.0,0.0,0.0,0.0,44.53333333333333,0.0,0.0,0.0,0.0,0.0,88.0,0.0,10,1,0.7691387559808612,225.0629541557946,510.0,0.0,0.0,0.0,0.0,3
682.0,8.0,0.9646932046041448,0.0,0.0,0.0,0.0,0.0,0.0,0.0,0.0,0.0,0.0,37.35714285714285,0.0,0.0,0.0,0.0,4.0,2234.0,2.0,10,1,0.7691387559808612,111.8257573191435,627.5,0.0,0.0,0.0,0.0,3
540.0,10.0,1.260774449441888,0.0,34.0,0.0,0.0,0.0,0.0,0.0,0.0,0.0,2.0,34.76923076923077,0.0,0.0,0.0,0.0,12.0,658.0,12.0,11,1,0.7691387559808612,118.59595271340407,601.5,17.00000000000007,8.5,0.0,0.0,3
492.0,7.0,1.431837274563263,0.0,44.0,0.0,0.0,0.0,0.0,0.0,0.0,0.0,0.0,56.18181818181818,0.0,0.0,0.0,0.0,18.0,438.0,18.0,11,1,0.7691387559808612,109.0198758636851,608.0,22.883764259113253,19.5,0.0,0.0,3
350.0,10.0,1.041779029136532,0.0,8.0,0.0,0.0,0.0,0.0,0.0,0.0,0.0,0.0,72.76470588235294,0.0,0.0,0.0,0.0,8.0,112.0,8.0,12,1,0.7691387559808612,136.9476785734853,516.0,20.87262960593775,21.5,0.0,0.0,3
566.0,4.0,0.4775404029126385,0.0,10.0,0.0,0.0,0.0,0.0,0.0,0.0,0.0,2.0,92.72,0.0,0.0,0.0,0.0,6.0,32.0,4.0,12,1,0.7691387559808612,96.339676838431,487.0,17.81385228784992,24.0,0.0,0.0,3
330.0,5.0,0.8383411885352119,0.0,126.0,0.0,0.0,0.0,0.0,0.0,0.0,0.0,0.0,99.9375,0.0,0.0,0.0,0.0,24.0,122.0,16.0,13,1,0.7691387559808612,113.51798682734518,434.5,55.19661825389911,47.0,0.0,0.0,3
408.0,5.0,0.4867066951607461,0.0,46.0,0.0,0.0,0.0,0.0,0.0,0.0,0.0,0.0,99.33333333333331,0.0,0.0,0.0,0.0,2.0,262.0,2.0,13,1,0.7691387559808612,106.9127370023484,413.5,55.16943598285801,47.5,0.0,0.0,3
350.0,8.0,1.3498354636763177,0.0,240.0,0.0,0.0,0.0,0.0,0.0,0.0,0.0,0.0,95.0,0.0,0.0,0.0,0.0,4.0,570.0,2.0,14,1,0.7691387559808612,106.9127370023484,413.5,101.93298452087691,105.5,0.0,0.0,3
718.0,11.0,1.8326527079982708,0.0,42.0,0.0,0.0,0.0,0.0,0.0,0.0,0.0,0.0,87.66666666666667,0.0,0.0,0.0,0.0,0.0,2744.0,0.0,14,1,0.7691387559808612,180.71985686876428,451.5,92.78469701410896,113.5,0.0,0.0,3
614.0,13.0,1.985446345894344,0.0,0.0,0.0,0.0,0.0,0.0,0.0,0.0,0.0,0.0,79.11538461538461,0.0,0.0,0.0,0.0,6.0,1644.0,4.0,15,1,0.7691387559808612,172.68371859172666,522.5,107.3685242517564,82.0,0.0,0.0,3
158.0,6.0,1.249042061590549,0.0,0.0,0.0,0.0,0.0,0.0,0.0,0.0,0.0,0.0,72.57142857142857,0.0,0.0,0.0,0.0,2.0,604.0,2.0,16,1,0.7691387559808612,254.0236209489188,460.0,114.72140166507732,70.5,0.0,0.0,3
304.0,4.0,1.1717905588265252,0.0,16.0,0.0,0.0,0.0,0.0,0.0,0.0,0.0,0.0,69.21428571428571,0.0,0.0,0.0,0.0,6.0,482.0,6.0,16,1,0.7691387559808612,261.59192138392444,448.5,19.82422760159907,14.5,0.0,0.0,3
668.0,10.0,1.968657636117816,0.0,100.0,0.0,0.0,0.0,0.0,0.0,0.0,0.0,0.0,63.535714285714285,0.0,0.0,0.0,0.0,22.0,3592.0,10.0,17,1,0.7691387559808612,245.09589959850405,436.0,47.93050524804987,29.0,0.0,0.0,3
710.0,13.0,1.6526767450967914,0.0,96.0,0.0,0.0,0.0,0.0,0.0,0.0,0.0,0.0,56.43333333333333,0.0,0.0,0.0,0.0,42.0,3620.0,24.0,17,1,0.7691387559808612,271.6026509443529,460.0,52.39592859500952,53.0,0.0,0.0,3
566.0,16.0,2.2194845741648592,0.0,142.0,0.0,0.0,0.0,0.0,0.0,0.0,0.0,0.0,50.95652173913044,0.0,0.0,0.0,0.0,18.0,3186.0,4.0,18,1,0.7691387559808612,182.31840280125311,562.0,52.6212884676915,88.5,0.0,0.0,3
218.0,7.0,1.500567252286799,0.0,36.0,0.0,0.0,0.0,0.0,0.0,0.0,0.0,0.0,45.63636363636363,0.0,0.0,0.0,0.0,24.0,536.0,8.0,18,1,0.7691387559808612,223.34054714717607,540.5,43.61574639202379,93.5,0.0,0.0,3
658.0,6.0,0.9016599366140104,0.0,0.0,0.0,0.0,0.0,0.0,0.0,0.0,0.0,12.0,51.25,0.0,0.0,0.0,0.0,38.0,882.0,22.0,19,1,0.7691387559808612,221.485891198514,538.0,63.00000000000002,68.5,0.0,0.0,3
628.0,7.0,1.114721265243113,0.0,0.0,0.0,0.0,0.0,0.0,0.0,0.0,0.0,6.0,59.21428571428572,0.0,0.0,0.0,0.0,50.0,952.0,16.0,19,1,0.7691387559808612,203.30846842503465,517.5,67.17886572427375,44.5,0.0,0.0,3
714.0,1.0,-1.000088900581841e-12,0.0,0.0,0.0,0.0,0.0,0.0,0.0,0.0,0.0,0.0,49.06666666666667,0.0,0.0,0.0,0.0,0.0,22.0,0.0,20,1,0.7691387559808612,227.1467954135973,554.5,18.000000000000068,9.0,0.0,0.0,3
574.0,7.0,1.3796810934138637,0.0,28.0,0.0,0.0,0.0,0.0,0.0,0.0,0.0,6.0,40.57692307692308,0.0,0.0,0.0,0.0,46.0,1714.0,10.0,20,1,0.7691387559808612,58.45511098270181,643.5,14.000000000000089,7.0,0.0,0.0,3
24.0,3.0,0.8675632284784613,0.0,100.0,0.0,0.0,0.0,0.0,0.0,0.0,0.0,0.0,38.5,0.0,0.0,0.0,0.0,30.0,34.0,14.0,21,0,0.7691387559808612,312.6936733183665,485.0,47.21581655900209,32.0,0.0,0.0,3
680.0,3.0,0.0966859669707705,0.0,22.0,0.0,0.0,0.0,0.0,0.0,0.0,0.0,0.0,33.62068965517241,0.0,0.0,0.0,0.0,6.0,260.0,2.0,21,0,0.7691387559808612,321.5752892662411,498.0,43.37049688440291,37.5,0.0,0.0,3
562.0,9.0,1.23829066182175,0.0,44.0,0.0,0.0,0.0,0.0,0.0,0.0,0.0,0.0,26.0,0.0,0.0,0.0,0.0,6.0,1926.0,4.0,22,0,0.7691387559808612,295.4634777204564,460.0,35.56683848755752,48.5,0.0,0.0,3
376.0,8.0,1.382791812899649,0.0,92.0,0.0,0.0,0.0,0.0,0.0,0.0,0.0,0.0,19.72222222222222,0.0,0.0,0.0,0.0,36.0,1292.0,16.0,22,0,0.7691387559808612,286.4466209726808,410.5,37.60762334066506,64.5,0.0,0.0,3
312.0,6.0,0.9895027531951112,0.0,0.0,0.0,0.0,0.0,0.0,0.0,0.0,0.0,6.0,17.214285714285715,0.0,0.0,0.0,0.0,6.0,284.0,2.0,23,0,0.7691387559808612,169.05521780373016,482.5,39.34039484634933,39.5,0.0,0.0,3
288.0,1.0,-1.000088900581841e-12,0.0,0.0,0.0,0.0,0.0,0.0,0.0,0.0,0.0,0.0,34.733333333333334,0.0,0.0,0.0,0.0,34.0,0.0,16.0,23,0,0.7691387559808612,124.02553500522912,384.5,43.87862045841158,34.0,0.0,0.0,3
486.0,5.0,0.9562222414968892,0.0,0.0,0.0,0.0,0.0,0.0,0.0,0.0,0.0,6.0,63.0,0.0,0.0,0.0,0.0,44.0,486.0,22.0,0,0,0.7691387559808612,88.50423718670187,365.5,46.00000000000002,23.0,0.0,0.0,3
612.0,6.0,0.7493662599258992,0.0,0.0,0.0,0.0,0.0,0.0,0.0,0.0,0.0,0.0,65.52,0.0,0.0,0.0,0.0,0.0,1072.0,0.0,0,0,0.7691387559808612,152.99999999999994,424.5,0.0,0.0,0.0,0.0,3
90.0,3.0,0.6019468598083098,0.0,0.0,0.0,0.0,0.0,0.0,0.0,0.0,0.0,0.0,63.0,0.0,0.0,0.0,0.0,6.0,320.0,2.0,1,0,0.7691387559808612,228.8667734731277,369.0,0.0,0.0,0.0,0.0,3
82.0,3.0,0.8286857421646313,0.0,0.0,0.0,0.0,0.0,0.0,0.0,0.0,0.0,2.0,96.25,0.0,0.0,0.0,0.0,2.0,120.0,4.0,9,1,0.7691387559808612,263.0202780522191,217.5,0.0,0.0,0.0,0.0,3
66.0,5.0,1.0260203035375088,0.0,0.0,0.0,0.0,0.0,0.0,0.0,0.0,0.0,0.0,98.28571428571428,0.0,0.0,0.0,0.0,4.0,48.0,8.0,9,1,0.7691387559808612,10.519822558705872,81.0,0.0,0.0,0.0,0.0,3
32.0,2.0,0.6853142072744584,0.0,0.0,0.0,0.0,0.0,0.0,0.0,0.0,0.0,0.0,100.0,0.0,0.0,0.0,0.0,4.0,436.0,4.0,10,1,0.7691387559808612,24.569628948493644,66.5,0.0,0.0,0.0,0.0,3
26.0,4.0,1.204793309690784,0.0,0.0,0.0,0.0,0.0,0.0,0.0,0.0,0.0,0.0,93.0,0.0,0.0,0.0,0.0,10.0,228.0,2.0,10,1,0.7691387559808612,26.901053263146725,51.5,0.0,0.0,0.0,0.0,3
22.0,3.0,1.0361987848162837,0.0,0.0,0.0,0.0,0.0,0.0,0.0,0.0,0.0,0.0,84.75,0.0,0.0,0.0,0.0,54.0,294.0,12.0,11,1,0.7691387559808612,20.09145755455928,36.5,0.0,0.0,0.0,0.0,3
10.0,2.0,0.6730116670072565,0.0,0.0,0.0,0.0,0.0,0.0,0.0,0.0,0.0,0.0,82.0,0.0,0.0,0.0,0.0,10.0,318.0,8.0,11,1,0.7691387559808612,9.291573243177044,22.5,0.0,0.0,0.0,0.0,3
16.0,3.0,1.039720770836918,0.0,0.0,0.0,0.0,0.0,0.0,0.0,0.0,0.0,0.0,78.0,0.0,0.0,0.0,0.0,2.0,172.0,2.0,12,1,0.7691387559808612,6.999999999999303,18.5,0.0,0.0,0.0,0.0,3
10.0,2.0,0.6730116670072565,0.0,0.0,0.0,0.0,0.0,0.0,0.0,0.0,0.0,0.0,67.0,0.0,0.0,0.0,0.0,0.0,58.0,0.0,12,1,0.7691387559808612,5.74456264653718,14.5,0.0,0.0,0.0,0.0,3
40.0,4.0,0.9142855814630988,0.0,0.0,0.0,0.0,0.0,0.0,0.0,0.0,0.0,2.0,59.0,0.0,0.0,0.0,0.0,2.0,136.0,2.0,13,1,0.7691387559808612,14.282856857085358,19.0,0.0,0.0,0.0,0.0,3
10.0,2.0,0.6730116670072565,0.0,0.0,0.0,0.0,0.0,0.0,0.0,0.0,0.0,0.0,54.0,0.0,0.0,0.0,0.0,0.0,714.0,0.0,13,1,0.7691387559808612,14.282856857085358,19.0,0.0,0.0,0.0,0.0,3
10.0,2.0,0.6730116670072565,0.0,0.0,0.0,0.0,0.0,0.0,0.0,0.0,0.0,0.0,44.0,0.0,0.0,0.0,0.0,8.0,134.0,8.0,14,1,0.7691387559808612,14.999999999999677,17.5,0.0,0.0,0.0,0.0,3
62.0,2.0,0.2392170938145128,0.0,0.0,0.0,0.0,0.0,0.0,0.0,0.0,0.0,2.0,36.4,0.0,0.0,0.0,0.0,4.0,110.0,4.0,14,1,0.7691387559808612,25.31797780234413,30.5,0.0,0.0,0.0,0.0,3
14.0,3.0,0.9556998911095343,0.0,0.0,0.0,0.0,0.0,0.0,0.0,0.0,0.0,0.0,38.0,0.0,0.0,0.0,0.0,0.0,182.0,0.0,15,1,0.7691387559808612,25.403411844343346,24.0,0.0,0.0,0.0,0.0,3
254.0,3.0,0.1924335535061305,0.0,0.0,0.0,0.0,0.0,0.0,0.0,0.0,0.0,2.0,36.333333333333336,0.0,0.0,0.0,0.0,4.0,22.0,6.0,15,1,0.7691387559808612,115.11733144926524,85.0,0.0,0.0,0.0,0.0,3
486.0,2.0,0.38958154600093,0.0,0.0,0.0,0.0,0.0,0.0,0.0,0.0,0.0,0.0,58.42857142857143,0.0,0.0,0.0,0.0,2.0,2.0,2.0,16,1,0.7691387559808612,214.69979040511427,204.0,0.0,0.0,0.0,0.0,3
352.0,2.0,0.0863062523422877,0.0,0.0,0.0,0.0,0.0,0.0,0.0,0.0,0.0,0.0,77.6875,0.0,0.0,0.0,0.0,6.0,80.0,6.0,16,1,0.7691387559808612,199.16743375026613,276.5,0.0,0.0,0.0,0.0,3
76.0,7.0,1.3713840289270138,0.0,0.0,0.0,0.0,0.0,0.0,0.0,0.0,0.0,0.0,89.0,0.0,0.0,0.0,0.0,0.0,418.0,0.0,17,1,0.7691387559808612,172.56496361274108,292.0,0.0,0.0,0.0,0.0,3
10.0,2.0,0.5004024235361879,0.0,0.0,0.0,0.0,0.0,0.0,0.0,0.0,0.0,0.0,80.0,0.0,0.0,0.0,0.0,0.0,110.0,0.0,17,1,0.7691387559808612,225.4861414810232,231.0,0.0,0.0,0.0,0.0,3
216.0,3.0,0.1840826879273073,0.0,0.0,0.0,0.0,0.0,0.0,0.0,0.0,0.0,2.0,80.3,0.0,0.0,0.0,0.0,6.0,72.0,6.0,18,1,0.7691387559808612,152.21366561514768,163.5,0.0,0.0,0.0,0.0,3
4.0,2.0,0.6931471805579453,0.0,20.0,0.0,0.0,0.0,0.0,0.0,0.0,0.0,0.0,94.0,0.0,0.0,0.0,0.0,6.0,86.0,6.0,18,1,0.7691387559808612,98.55455342093528,76.5,10.00000000000012,5.0,0.0,0.0,3
24.0,4.0,1.2860573368703792,0.0,50.0,0.0,0.0,0.0,0.0,0.0,0.0,0.0,0.0,92.0,0.0,0.0,0.0,0.0,4.0,166.0,2.0,19,1,0.7691387559808612,102.01143726726588,63.5,23.629078131263096,17.5,0.0,0.0,3
0.0,0.0,0.0,0.0,0.0,0.0,0.0,0.0,0.0,0.0,0.0,0.0,0.0,0.0,0.0,0.0,0.0,0.0,0.0,48.0,0.0,19,1,0.7691387559808612,103.86529738079022,61.0,23.629078131263096,17.5,0.0,0.0,3
28.0,3.0,0.6559757323335468,0.0,0.0,0.0,0.0,0.0,0.0,0.0,0.0,0.0,0.0,79.5,0.0,0.0,0.0,0.0,2.0,298.0,2.0,20,1,0.7691387559808612,14.04753833713661,14.0,23.629078131263096,17.5,0.0,0.0,3
194.0,4.0,0.8238543630843768,0.0,14.0,0.0,0.0,0.0,0.0,0.0,0.0,0.0,2.0,76.0,0.0,0.0,0.0,0.0,0.0,108.0,0.0,20,1,0.7691387559808612,89.19454392880013,61.5,23.60790827950109,16.0,0.0,0.0,3
10.0,2.0,0.6730116670072565,0.0,0.0,0.0,0.0,0.0,0.0,0.0,0.0,0.0,0.0,74.0,0.0,0.0,0.0,0.0,2.0,98.0,2.0,21,0,0.7691387559808612,91.40386570964412,58.0,7.000000000000175,3.5,0.0,0.0,3
68.0,3.0,0.4437572842571483,0.0,0.0,0.0,0.0,0.0,0.0,0.0,0.0,0.0,2.0,68.5,0.0,0.0,0.0,0.0,4.0,86.0,6.0,21,0,0.7691387559808612,82.95380240431008,75.0,7.000000000000175,3.5,0.0,0.0,3
256.0,3.0,0.8294673208144356,0.0,0.0,0.0,0.0,0.0,0.0,0.0,0.0,0.0,0.0,85.14285714285714,0.0,0.0,0.0,0.0,4.0,68.0,4.0,22,0,0.7691387559808612,112.84207253207168,132.0,7.000000000000175,3.5,0.0,0.0,3
96.0,3.0,0.2020863392695082,0.0,0.0,0.0,0.0,0.0,0.0,0.0,0.0,0.0,0.0,96.0,0.0,0.0,0.0,0.0,2.0,16.0,2.0,22,0,0.7691387559808612,105.27899442275584,107.5,0.0,0.0,0.0,0.0,3
14.0,2.0,0.6829081046984717,0.0,0.0,0.0,0.0,0.0,0.0,0.0,0.0,0.0,0.0,96.0,0.0,0.0,0.0,0.0,2.0,126.0,4.0,23,0,0.7691387559808612,104.05607462645636,108.5,0.0,0.0,0.0,0.0,3
10.0,2.0,0.6730116670072565,0.0,0.0,0.0,0.0,0.0,0.0,0.0,0.0,0.0,0.0,94.0,0.0,0.0,0.0,0.0,2.0,58.0,2.0,23,0,0.7691387559808612,115.0420213081579,94.0,0.0,0.0,0.0,0.0,3
14.0,3.0,0.9556998911095343,0.0,0.0,0.0,0.0,0.0,0.0,0.0,0.0,0.0,0.0,91.0,0.0,0.0,0.0,0.0,2.0,26.0,2.0,0,0,0.7691387559808612,41.70931151034091,33.5,0.0,0.0,0.0,0.0,3
46.0,2.0,0.646090505058809,0.0,0.0,0.0,0.0,0.0,0.0,0.0,0.0,0.0,0.0,97.66666666666669,0.0,0.0,0.0,0.0,2.0,56.0,2.0,8,1,0.7691387559808612,56.67156841544671,50.5,0.0,0.0,0.0,0.0,3
14.0,2.0,0.6829081046984717,0.0,0.0,0.0,0.0,0.0,0.0,0.0,0.0,0.0,0.0,98.0,0.0,0.0,0.0,0.0,4.0,16.0,4.0,8,1,0.7691387559808612,55.74644981222264,51.5,0.0,0.0,0.0,0.0,3
10.0,2.0,0.6730116670072565,0.0,0.0,0.0,0.0,0.0,0.0,0.0,0.0,0.0,0.0,95.0,0.0,0.0,0.0,0.0,2.0,92.0,2.0,9,1,0.7691387559808612,56.67156841544671,50.5,0.0,0.0,0.0,0.0,3
10.0,2.0,0.5004024235361879,0.0,0.0,0.0,0.0,0.0,0.0,0.0,0.0,0.0,0.0,87.0,0.0,0.0,0.0,0.0,2.0,58.0,2.0,9,1,0.7691387559808612,17.435595774162408,20.0,0.0,0.0,0.0,0.0,3
502.0,9.0,0.6993914654530466,0.0,0.0,0.0,0.0,0.0,0.0,0.0,0.0,0.0,2.0,82.13636363636364,0.0,0.0,0.0,0.0,0.0,162.0,0.0,10,1,0.7691387559808612,245.3405796031305,134.0,0.0,0.0,0.0,0.0,3
172.0,3.0,0.2609459851389756,0.0,0.0,0.0,0.0,0.0,0.0,0.0,0.0,0.0,0.0,89.14285714285714,0.0,0.0,0.0,0.0,0.0,36.0,0.0,10,1,0.7691387559808612,231.9331800325257,173.5,0.0,0.0,0.0,0.0,3
134.0,5.0,0.9680772248623742,0.0,0.0,0.0,0.0,0.0,0.0,0.0,0.0,0.0,4.0,80.14285714285714,0.0,0.0,0.0,0.0,0.0,202.0,0.0,11,1,0.7691387559808612,210.04999404903583,204.5,0.0,0.0,0.0,0.0,3
214.0,5.0,0.9526591885810248,0.0,28.0,0.0,0.0,0.0,0.0,0.0,0.0,0.0,4.0,89.46153846153847,0.0,0.0,0.0,0.0,10.0,212.0,8.0,11,1,0.7691387559808612,167.54999253954023,255.5,14.000000000000089,7.0,0.0,0.0,3
16.0,2.0,0.6615632381559821,0.0,28.0,0.0,0.0,0.0,0.0,0.0,0.0,0.0,0.0,93.0,0.0,0.0,0.0,0.0,16.0,216.0,4.0,12,1,0.7691387559808612,85.18215775618734,134.0,16.165807537309597,14.0,0.0,0.0,3
20.0,3.0,0.6390318596471769,0.0,18.0,0.0,0.0,0.0,0.0,0.0,0.0,0.0,0.0,86.0,0.0,4.0,2.0,4.0,20.0,208.0,6.0,12,1,0.7691387559808612,95.81927433107244,96.0,13.203534880225664,18.5,0.0,0.0,3
22.0,3.0,0.9164648855364712,0.0,40.0,0.0,0.0,0.0,0.0,0.0,0.0,0.0,0.0,82.0,0.0,0.0,0.0,0.0,8.0,866.0,2.0,13,1,0.7691387559808612,97.3652915571046,68.0,9.000000000000133,28.5,0.0,0.0,3
40.0,3.0,0.6390318596471769,0.0,292.0,0.0,0.0,0.0,0.0,0.0,0.0,0.0,0.0,75.33333333333333,0.0,0.0,0.0,0.0,28.0,1072.0,10.0,13,1,0.7691387559808612,10.63014581273404,24.5,131.97348218486923,94.5,0.0,0.0,3
18.0,6.0,1.7351264569569227,0.0,84.0,0.0,0.0,0.0,0.0,0.0,0.0,0.0,0.0,64.33333333333333,0.0,0.0,0.0,0.0,24.0,1448.0,14.0,14,1,0.7691387559808612,10.132456102379804,25.0,125.37277748113158,108.5,0.0,0.0,3
276.0,6.0,1.3432240546190188,0.0,60.0,0.0,0.0,0.0,0.0,0.0,0.0,0.0,4.0,60.8,0.0,0.0,0.0,0.0,16.0,390.0,8.0,14,1,0.7691387559808612,125.03332889007363,89.0,116.72760313367758,119.0,0.0,0.0,3
70.0,4.0,0.5458692524605855,0.0,0.0,0.0,0.0,0.0,0.0,0.0,0.0,0.0,0.0,70.0,0.0,0.0,0.0,0.0,4.0,70.0,4.0,15,1,0.7691387559808612,118.59735803690285,101.0,127.01181047445942,109.0,0.0,0.0,3
18.0,2.0,0.6365141682928128,0.0,0.0,0.0,0.0,0.0,0.0,0.0,0.0,0.0,0.0,65.0,0.0,0.0,0.0,0.0,4.0,306.0,6.0,15,1,0.7691387559808612,122.80472303620894,95.5,42.70831300812527,36.0,0.0,0.0,3
0.0,0.0,0.0,0.0,0.0,0.0,0.0,0.0,0.0,0.0,0.0,0.0,0.0,0.0,0.0,0.0,0.0,0.0,0.0,0.0,0.0,16,1,0.7691387559808612,126.8542470711958,91.0,30.00000000000004,15.0,0.0,0.0,3
14.0,3.0,1.0042424730510766,0.0,0.0,0.0,0.0,0.0,0.0,0.0,0.0,0.0,0.0,63.0,0.0,0.0,0.0,0.0,4.0,42.0,2.0,16,1,0.7691387559808612,30.653982884229805,25.5,0.0,0.0,0.0,0.0,3
116.0,5.0,1.0779799019096967,0.0,0.0,0.0,0.0,0.0,0.0,0.0,0.0,0.0,4.0,61.85714285714285,0.0,0.0,0.0,0.0,4.0,118.0,6.0,17,1,0.7691387559808612,53.22906474223758,37.0,0.0,0.0,0.0,0.0,3
100.0,2.0,0.167944147732173,0.0,0.0,0.0,0.0,0.0,0.0,0.0,0.0,0.0,0.0,78.0,0.0,0.0,0.0,0.0,16.0,20.0,10.0,17,1,0.7691387559808612,58.95478493444492,57.5,0.0,0.0,0.0,0.0,3
610.0,4.0,0.1166568268626264,0.0,0.0,0.0,0.0,0.0,0.0,0.0,0.0,0.0,2.0,95.07407407407408,0.0,0.0,0.0,0.0,16.0,102.0,6.0,18,1,0.7691387559808612,270.4021696165423,210.0,0.0,0.0,0.0,0.0,3
206.0,4.0,0.2454144092746083,0.0,0.0,0.0,0.0,0.0,0.0,0.0,0.0,0.0,0.0,100.0,0.0,0.0,0.0,0.0,26.0,372.0,16.0,18,1,0.7691387559808612,239.2599701858489,258.0,0.0,0.0,0.0,0.0,3
20.0,2.0,0.6108643020528935,0.0,0.0,0.0,0.0,0.0,0.0,0.0,0.0,0.0,0.0,100.0,0.0,0.0,0.0,0.0,8.0,32.0,6.0,19,1,0.7691387559808612,261.98727704477045,234.0,0.0,0.0,0.0,0.0,3
112.0,2.0,0.1540761036690294,0.0,0.0,0.0,0.0,0.0,0.0,0.0,0.0,0.0,4.0,97.57142857142856,0.0,0.0,0.0,0.0,16.0,90.0,8.0,19,1,0.7691387559808612,260.00256408992067,237.0,0.0,0.0,0.0,0.0,3
588.0,5.0,0.6007230722251141,0.0,0.0,0.0,0.0,0.0,0.0,0.0,0.0,0.0,0.0,100.0,0.0,0.0,0.0,0.0,8.0,232.0,6.0,20,1,0.7691387559808612,249.50283899520392,231.5,0.0,0.0,0.0,0.0,3
18.0,2.0,0.6365141682928128,0.0,0.0,0.0,0.0,0.0,0.0,0.0,0.0,0.0,0.0,100.0,0.0,0.0,0.0,0.0,8.0,52.0,6.0,20,1,0.7691387559808612,272.5503011678149,184.5,0.0,0.0,0.0,0.0,3
18.0,6.0,1.6769877743164172,0.0,62.0,0.0,0.0,0.0,0.0,0.0,0.0,0.0,0.0,97.0,0.0,0.0,0.0,0.0,36.0,386.0,20.0,21,0,0.7691387559808612,272.95420861382587,184.0,31.00000000000004,15.5,0.0,0.0,3
12.0,3.0,1.0114042647043515,0.0,96.0,0.0,0.0,0.0,0.0,0.0,0.0,0.0,0.0,95.0,0.0,0.0,0.0,0.0,0.0,214.0,0.0,21,0,0.7691387559808612,286.01398567202966,159.0,47.67598976424089,39.5,0.0,0.0,3
396.0,1.0,-1.000088900581841e-12,0.0,0.0,0.0,0.0,0.0,0.0,0.0,0.0,0.0,4.0,87.82352941176471,0.0,0.0,0.0,0.0,0.0,14.0,0.0,22,0,0.7691387559808612,190.0210514653573,111.0,47.67598976424089,39.5,0.0,0.0,3
104.0,4.0,0.8243167584166933,0.0,0.0,0.0,0.0,0.0,0.0,0.0,0.0,0.0,0.0,96.05263157894736,0.0,0.0,0.0,0.0,18.0,248.0,6.0,22,0,0.7691387559808612,180.6239186818844,132.5,47.67598976424089,39.5,0.0,0.0,3
10.0,2.0,0.6730116670072565,0.0,0.0,0.0,0.0,0.0,0.0,0.0,0.0,0.0,0.0,98.0,0.0,0.0,0.0,0.0,12.0,326.0,6.0,23,0,0.7691387559808612,182.35039530164624,130.5,48.00000000000002,24.0,0.0,0.0,3
10.0,2.0,0.6730116670072565,0.0,0.0,0.0,0.0,0.0,0.0,0.0,0.0,0.0,0.0,96.0,0.0,0.0,0.0,0.0,10.0,194.0,6.0,23,0,0.7691387559808612,182.7858491969952,130.0,0.0,0.0,0.0,0.0,3
8.0,2.0,0.5623351446168083,0.0,0.0,0.0,0.0,0.0,0.0,0.0,0.0,0.0,0.0,90.0,0.0,0.0,0.0,0.0,6.0,126.0,2.0,0,0,0.7691387559808612,47.34272207354908,33.0,0.0,0.0,0.0,0.0,3
12.0,3.0,1.0114042647043515,0.0,0.0,0.0,0.0,0.0,0.0,0.0,0.0,0.0,0.0,85.0,0.0,0.0,0.0,0.0,12.0,72.0,4.0,0,0,0.7691387559808612,1.6329931618484286,10.0,0.0,0.0,0.0,0.0,3
10.0,2.0,0.6730116670072565,0.0,0.0,0.0,0.0,0.0,0.0,0.0,0.0,0.0,0.0,100.0,0.0,0.0,0.0,0.0,0.0,192.0,4.0,7,0,0.7691387559808612,42.03173404306136,31.0,0.0,0.0,0.0,0.0,3
14.0,2.0,0.6829081046984717,0.0,8.0,0.0,0.0,0.0,0.0,0.0,0.0,0.0,0.0,99.0,0.0,0.0,0.0,0.0,4.0,108.0,4.0,8,1,0.7691387559808612,41.03250743820859,32.5,4.000000000000303,2.0,0.0,0.0,3
0.0,0.0,0.0,0.0,24.0,0.0,0.0,0.0,0.0,0.0,0.0,0.0,0.0,0.0,0.0,0.0,0.0,0.0,6.0,4.0,6.0,8,1,0.7691387559808612,43.4012288612505,29.5,11.313708498984868,8.0,0.0,0.0,3
54.0,5.0,1.0969818674680851,0.0,18.0,0.0,0.0,0.0,0.0,0.0,0.0,0.0,0.0,93.33333333333331,0.0,0.0,0.0,0.0,8.0,204.0,6.0,9,1,0.7691387559808612,23.74166520416468,19.5,10.630145812734764,12.5,0.0,0.0,3
366.0,9.0,1.6516378759292292,0.0,0.0,0.0,0.0,0.0,0.0,0.0,0.0,0.0,6.0,90.22222222222224,0.0,0.0,0.0,0.0,2.0,278.0,2.0,9,1,0.7691387559808612,173.18487231857168,108.5,10.630145812734764,12.5,0.0,0.0,3
408.0,8.0,1.4105532978115871,0.0,0.0,0.0,0.0,0.0,0.0,0.0,0.0,0.0,2.0,99.21052631578948,0.0,0.0,0.0,0.0,4.0,300.0,4.0,10,1,0.7691387559808612,209.7140910859353,207.0,12.36931687685308,10.5,0.0,0.0,3
10.0,3.0,1.054920167983144,0.0,0.0,0.0,0.0,0.0,0.0,0.0,0.0,0.0,0.0,100.0,0.0,0.0,0.0,0.0,0.0,46.0,0.0,10,1,0.7691387559808612,206.45822822062573,209.5,9.000000000000135,4.5,0.0,0.0,3
14.0,2.0,0.6829081046984717,0.0,26.0,0.0,0.0,0.0,0.0,0.0,0.0,0.0,0.0,99.0,0.0,0.0,0.0,0.0,6.0,76.0,6.0,11,1,0.7691387559808612,217.1903926665879,199.5,13.000000000000092,6.5,0.0,0.0,3
24.0,6.0,1.748155457241676,0.0,24.0,0.0,0.0,0.0,0.0,0.0,0.0,0.0,0.0,95.0,0.0,0.0,0.0,0.0,14.0,198.0,12.0,11,1,0.7691387559808612,196.0884154320868,114.0,14.456832294801044,12.5,0.0,0.0,3
24.0,3.0,1.0114042647043515,0.0,14.0,0.0,0.0,0.0,0.0,0.0,0.0,0.0,0.0,92.0,0.0,0.0,0.0,0.0,0.0,216.0,0.0,12,1,0.7691387559808612,7.118052168019512,18.0,11.88836966675144,16.0,0.0,0.0,3
12.0,3.0,1.0114042647043515,0.0,0.0,0.0,0.0,0.0,0.0,0.0,0.0,0.0,0.0,78.0,0.0,0.0,0.0,0.0,0.0,370.0,0.0,12,1,0.7691387559808612,6.403124237431333,18.5,11.88836966675144,16.0,0.0,0.0,3
10.0,2.0,0.5004024235361879,0.0,0.0,0.0,0.0,0.0,0.0,0.0,0.0,0.0,0.0,70.0,0.0,0.0,0.0,0.0,2.0,202.0,2.0,13,1,0.7691387559808612,7.549834435269465,17.5,11.704699910719729,9.5,0.0,0.0,3
36.0,5.0,1.1945063128137037,0.0,0.0,0.0,0.0,0.0,0.0,0.0,0.0,0.0,0.0,59.66666666666666,0.0,0.0,0.0,0.0,0.0,114.0,0.0,13,1,0.7691387559808612,12.04159457879149,20.5,7.000000000000172,3.5,0.0,0.0,3
44.0,3.0,1.0361987848162837,0.0,0.0,0.0,0.0,0.0,0.0,0.0,0.0,0.0,0.0,57.333333333333336,0.0,0.0,0.0,0.0,4.0,1124.0,4.0,14,1,0.7691387559808612,17.078251276598763,25.5,0.0,0.0,0.0,0.0,3
48.0,4.0,1.053337318011184,0.0,0.0,0.0,0.0,0.0,0.0,0.0,0.0,0.0,2.0,42.0,0.0,0.0,0.0,0.0,4.0,808.0,4.0,14,1,0.7691387559808612,17.078251276598763,34.5,0.0,0.0,0.0,0.0,3
366.0,8.0,1.692185676096822,0.0,0.0,0.0,0.0,0.0,0.0,0.0,0.0,0.0,0.0,51.625,0.0,0.0,0.0,0.0,2.0,208.0,4.0,15,1,0.7691387559808612,161.7436242947461,123.5,0.0,0.0,0.0,0.0,3
20.0,2.0,0.3250829733894482,0.0,0.0,0.0,0.0,0.0,0.0,0.0,0.0,0.0,0.0,64.33333333333333,0.0,0.0,0.0,0.0,6.0,62.0,6.0,15,1,0.7691387559808612,164.7978559731082,119.5,0.0,0.0,0.0,0.0,3
10.0,3.0,1.054920167983144,0.0,0.0,0.0,0.0,0.0,0.0,0.0,0.0,0.0,0.0,67.0,0.0,0.0,0.0,0.0,4.0,94.0,4.0,16,1,0.7691387559808612,170.7590895579695,111.0,0.0,0.0,0.0,0.0,3
10.0,2.0,0.6730116670072565,0.0,0.0,0.0,0.0,0.0,0.0,0.0,0.0,0.0,0.0,64.0,0.0,0.0,0.0,0.0,8.0,450.0,8.0,16,1,0.7691387559808612,176.39633405109825,101.5,0.0,0.0,0.0,0.0,3
68.0,3.0,0.4911618036105936,0.0,0.0,0.0,0.0,0.0,0.0,0.0,0.0,0.0,2.0,56.16666666666666,0.0,0.0,0.0,0.0,4.0,182.0,4.0,17,1,0.7691387559808612,27.736858750285887,27.0,0.0,0.0,0.0,0.0,3
300.0,7.0,0.9490919050944387,0.0,0.0,0.0,0.0,0.0,0.0,0.0,0.0,0.0,6.0,61.53333333333333,0.0,0.0,0.0,0.0,20.0,990.0,14.0,17,1,0.7691387559808612,138.0676162851617,97.0,0.0,0.0,0.0,0.0,3
12.0,3.0,1.0114042647043515,0.0,0.0,0.0,0.0,0.0,0.0,0.0,0.0,0.0,0.0,64.0,0.0,0.0,0.0,0.0,4.0,84.0,4.0,18,1,0.7691387559808612,137.65052367015045,97.5,0.0,0.0,0.0,0.0,3
10.0,2.0,0.6730116670072565,0.0,0.0,0.0,0.0,0.0,0.0,0.0,0.0,0.0,0.0,60.0,0.0,0.0,0.0,0.0,2.0,202.0,6.0,18,1,0.7691387559808612,137.65052367015045,97.5,0.0,0.0,0.0,0.0,3
10.0,3.0,0.9502705392302344,0.0,52.0,0.0,0.0,0.0,0.0,0.0,0.0,0.0,0.0,57.0,0.0,0.0,0.0,0.0,6.0,294.0,6.0,19,1,0.7691387559808612,144.6697388306667,83.0,26.00000000000005,13.0,0.0,0.0,3
0.0,0.0,0.0,0.0,0.0,0.0,0.0,0.0,0.0,0.0,0.0,0.0,0.0,0.0,0.0,0.0,0.0,0.0,2.0,16.0,2.0,19,1,0.7691387559808612,5.416025603088777,8.0,26.00000000000005,13.0,0.0,0.0,3
0.0,0.0,0.0,0.0,0.0,0.0,0.0,0.0,0.0,0.0,0.0,0.0,0.0,0.0,0.0,0.0,0.0,0.0,0.0,26.0,0.0,20,1,0.7691387559808612,5.773502691894511,5.0,26.00000000000005,13.0,0.0,0.0,3
72.0,4.0,0.813569621978065,0.0,0.0,0.0,0.0,0.0,0.0,0.0,0.0,0.0,2.0,40.25,0.0,0.0,0.0,0.0,2.0,186.0,4.0,20,1,0.7691387559808612,34.655446902326624,20.5,26.00000000000005,13.0,0.0,0.0,3
74.0,5.0,0.4924111686285799,0.0,0.0,0.0,0.0,0.0,0.0,0.0,0.0,0.0,0.0,49.833333333333336,0.0,0.0,0.0,0.0,4.0,24.0,4.0,21,0,0.7691387559808612,42.15447781671575,36.5,0.0,0.0,0.0,0.0,3
56.0,2.0,0.6517565611706533,0.0,0.0,0.0,0.0,0.0,0.0,0.0,0.0,0.0,0.0,53.66666666666666,0.0,0.0,0.0,0.0,4.0,256.0,4.0,21,0,0.7691387559808612,34.6169515314869,50.5,0.0,0.0,0.0,0.0,3
264.0,4.0,1.067297492385334,0.0,0.0,0.0,0.0,0.0,0.0,0.0,0.0,0.0,4.0,49.23076923076923,0.0,0.0,0.0,0.0,8.0,128.0,6.0,22,0,0.7691387559808612,98.66272514649752,116.5,0.0,0.0,0.0,0.0,3
202.0,2.0,0.0555460752668917,0.0,0.0,0.0,0.0,0.0,0.0,0.0,0.0,0.0,0.0,54.8,0.0,0.0,0.0,0.0,6.0,12.0,6.0,22,0,0.7691387559808612,100.51202249814024,149.0,0.0,0.0,0.0,0.0,3
10.0,3.0,1.054920167983144,0.0,0.0,0.0,0.0,0.0,0.0,0.0,0.0,0.0,0.0,56.0,0.0,0.0,0.0,0.0,2.0,40.0,2.0,23,0,0.7691387559808612,119.69405443323676,133.0,0.0,0.0,0.0,0.0,3
30.0,2.0,0.3926744672255522,0.0,0.0,0.0,0.0,0.0,0.0,0.0,0.0,0.0,0.0,54.0,0.0,0.0,0.0,0.0,2.0,112.0,4.0,23,0,0.7691387559808612,125.81865256524294,126.5,0.0,0.0,0.0,0.0,3
24.0,4.0,1.1988493129096212,0.0,0.0,0.0,0.0,0.0,0.0,0.0,0.0,0.0,0.0,50.333333333333336,0.0,0.0,0.0,0.0,2.0,88.0,4.0,0,0,0.7691387559808612,90.72118458956162,66.5,0.0,0.0,0.0,0.0,3
218.0,5.0,1.1927205048087677,0.0,0.0,0.0,0.0,0.0,0.0,0.0,0.0,0.0,0.0,61.583333333333336,0.0,0.0,0.0,0.0,12.0,348.0,6.0,8,1,0.7691387559808612,97.50213672872326,72.0,0.0,0.0,0.0,0.0,3
10.0,2.0,0.6730116670072565,0.0,0.0,0.0,0.0,0.0,0.0,0.0,0.0,0.0,0.0,69.0,0.0,0.0,0.0,0.0,4.0,130.0,12.0,8,1,0.7691387559808612,100.82988974836104,67.0,0.0,0.0,0.0,0.0,3
26.0,2.0,0.5402041423868609,0.0,0.0,0.0,0.0,0.0,0.0,0.0,0.0,0.0,0.0,62.0,0.0,0.0,0.0,0.0,4.0,154.0,2.0,9,1,0.7691387559808612,100.55015332327103,67.5,0.0,0.0,0.0,0.0,3
12.0,3.0,1.0114042647043515,0.0,0.0,0.0,0.0,0.0,0.0,0.0,0.0,0.0,0.0,60.5,0.0,0.0,0.0,0.0,8.0,80.0,10.0,9,1,0.7691387559808612,101.25051440198536,66.5,0.0,0.0,0.0,0.0,3
18.0,2.0,0.6869615765953234,0.0,0.0,0.0,0.0,0.0,0.0,0.0,0.0,0.0,0.0,55.0,0.0,0.0,0.0,0.0,4.0,74.0,2.0,10,1,0.7691387559808612,7.187952884281175,16.5,0.0,0.0,0.0,0.0,3
10.0,3.0,0.9502705392302344,0.0,0.0,0.0,0.0,0.0,0.0,0.0,0.0,0.0,0.0,51.0,0.0,0.0,0.0,0.0,0.0,430.0,2.0,10,1,0.7691387559808612,7.187952884281175,16.5,0.0,0.0,0.0,0.0,3
12.0,2.0,0.6931471805579453,0.0,20.0,0.0,0.0,0.0,0.0,0.0,0.0,0.0,0.0,45.0,0.0,0.0,0.0,0.0,12.0,112.0,4.0,11,1,0.7691387559808612,3.4641016151347794,13.0,10.00000000000012,5.0,0.0,0.0,3
10.0,2.0,0.5004024235361879,0.0,24.0,0.0,0.0,0.0,0.0,0.0,0.0,0.0,0.0,39.0,0.0,0.0,0.0,0.0,8.0,478.0,4.0,11,1,0.7691387559808612,3.78593889719746,12.5,12.806248474865791,11.0,0.0,0.0,3
42.0,6.0,1.5007549414828505,0.0,48.0,0.0,0.0,0.0,0.0,0.0,0.0,0.0,0.0,30.0,0.0,0.0,0.0,0.0,4.0,1366.0,2.0,12,1,0.7691387559808612,15.695009822657411,18.5,19.697715603592272,23.0,0.0,0.0,3
388.0,9.0,1.715849318891996,0.0,0.0,0.0,0.0,0.0,0.0,0.0,0.0,0.0,4.0,26.05263157894737,0.0,0.0,0.0,0.0,16.0,672.0,14.0,12,1,0.7691387559808612,183.91664778734227,113.0,19.697715603592272,23.0,0.0,0.0,3
372.0,6.0,0.9691382791314432,0.0,0.0,0.0,0.0,0.0,0.0,0.0,0.0,0.0,0.0,44.41176470588236,0.0,0.0,0.0,0.0,12.0,26.0,6.0,13,1,0.7691387559808612,204.90322919205863,203.0,22.978250586152168,18.0,0.0,0.0,3
680.0,4.0,0.1326565187721936,0.0,0.0,0.0,0.0,0.0,0.0,0.0,0.0,0.0,0.0,65.0,0.0,0.0,0.0,0.0,4.0,38.0,4.0,13,1,0.7691387559808612,260.7751266257322,370.5,24.00000000000005,12.0,0.0,0.0,3
58.0,8.0,1.7426026157459518,0.0,98.0,0.0,0.0,0.0,0.0,0.0,0.0,0.0,4.0,73.4,0.0,0.0,0.0,0.0,20.0,636.0,6.0,14,1,0.7691387559808612,254.0938146958061,374.5,49.00000000000002,24.5,0.0,0.0,3
20.0,2.0,0.6730116670072565,0.0,106.0,0.0,0.0,0.0,0.0,0.0,0.0,0.0,0.0,69.0,0.0,0.0,0.0,0.0,20.0,702.0,2.0,14,1,0.7691387559808612,308.3953090866764,282.5,58.980222673932566,51.0,0.0,0.0,3
60.0,5.0,1.345005880394477,0.0,22.0,0.0,0.0,0.0,0.0,0.0,0.0,0.0,0.0,61.25,0.0,0.0,0.0,0.0,38.0,726.0,14.0,15,1,0.7691387559808612,317.5337252429522,204.5,53.400998742220814,56.5,0.0,0.0,3
36.0,4.0,1.1324163280062889,0.0,0.0,0.0,0.0,0.0,0.0,0.0,0.0,0.0,0.0,57.25,0.0,0.0,0.0,0.0,28.0,320.0,14.0,15,1,0.7691387559808612,19.07004632051656,43.5,53.400998742220814,56.5,0.0,0.0,3
204.0,5.0,0.8564715062180883,0.0,0.0,0.0,0.0,0.0,0.0,0.0,0.0,0.0,4.0,59.25,0.0,0.0,0.0,0.0,8.0,38.0,4.0,16,1,0.7691387559808612,84.2852300228218,80.0,50.41163886775885,32.0,0.0,0.0,3
0.0,0.0,0.0,0.0,0.0,0.0,0.0,0.0,0.0,0.0,0.0,0.0,0.0,0.0,0.0,0.0,0.0,0.0,2.0,86.0,2.0,16,1,0.7691387559808612,89.46507698538007,75.0,11.000000000000089,5.5,0.0,0.0,3
20.0,2.0,0.6108643020528935,0.0,0.0,0.0,0.0,0.0,0.0,0.0,0.0,0.0,0.0,60.0,0.0,0.0,0.0,0.0,0.0,292.0,0.0,17,1,0.7691387559808612,93.82963284591912,65.0,0.0,0.0,0.0,0.0,3
290.0,4.0,0.3140747466272772,0.0,0.0,0.0,0.0,0.0,0.0,0.0,0.0,0.0,4.0,59.92857142857143,0.0,0.0,0.0,0.0,4.0,148.0,4.0,17,1,0.7691387559808612,141.5002944637689,128.5,0.0,0.0,0.0,0.0,3
700.0,2.0,0.3058306155852094,0.0,0.0,0.0,0.0,0.0,0.0,0.0,0.0,0.0,0.0,80.0,0.0,0.0,0.0,0.0,4.0,30.0,4.0,18,1,0.7691387559808612,326.3306094540729,252.5,0.0,0.0,0.0,0.0,3
508.0,1.0,-1.000088900581841e-12,0.0,0.0,0.0,0.0,0.0,0.0,0.0,0.0,0.0,0.0,99.65217391304348,0.0,0.0,0.0,0.0,0.0,0.0,0.0,18,1,0.7691387559808612,292.3941403881639,379.5,0.0,0.0,0.0,0.0,3
48.0,3.0,0.9596147939090492,0.0,0.0,0.0,0.0,0.0,0.0,0.0,0.0,0.0,0.0,100.0,0.0,0.0,0.0,0.0,4.0,204.0,2.0,19,1,0.7691387559808612,281.03321274658384,386.5,0.0,0.0,0.0,0.0,3
454.0,7.0,1.09997797328312,0.0,0.0,0.0,0.0,0.0,0.0,0.0,0.0,0.0,8.0,100.0,0.0,0.0,0.0,0.0,8.0,180.0,4.0,19,1,0.7691387559808612,274.14047493940035,427.5,0.0,0.0,0.0,0.0,3
86.0,5.0,0.8478917406558454,0.0,0.0,0.0,0.0,0.0,0.0,0.0,0.0,0.0,0.0,100.0,0.0,0.0,0.0,0.0,14.0,358.0,10.0,20,1,0.7691387559808612,240.53828524097085,274.0,0.0,0.0,0.0,0.0,3
12.0,3.0,1.0114042647043515,0.0,0.0,0.0,0.0,0.0,0.0,0.0,0.0,0.0,0.0,100.0,0.0,0.0,0.0,0.0,8.0,242.0,12.0,20,1,0.7691387559808612,204.9064827346042,150.0,0.0,0.0,0.0,0.0,3
10.0,3.0,0.9502705392302344,0.0,64.0,0.0,0.0,0.0,0.0,0.0,0.0,0.0,0.0,96.0,0.0,0.0,0.0,0.0,4.0,186.0,2.0,21,0,0.7691387559808612,211.97090995385813,140.5,32.00000000000003,16.0,0.0,0.0,3
42.0,6.0,1.592214059401347,0.0,0.0,0.0,0.0,0.0,0.0,0.0,0.0,0.0,0.0,90.0,0.0,0.0,0.0,0.0,0.0,270.0,0.0,21,0,0.7691387559808612,35.49178308660537,37.5,32.00000000000003,16.0,0.0,0.0,3
58.0,6.0,1.5294076437005066,0.0,14.0,0.0,0.0,0.0,0.0,0.0,0.0,0.0,2.0,84.75,0.0,0.0,0.0,0.0,8.0,312.0,6.0,22,0,0.7691387559808612,23.4591844132168,30.5,30.3918848817685,19.5,0.0,0.0,3
64.0,3.0,0.538556946257942,0.0,38.0,0.0,0.0,0.0,0.0,0.0,0.0,0.0,0.0,86.66666666666667,0.0,0.0,0.0,0.0,8.0,1436.0,4.0,22,0,0.7691387559808612,24.18677324489525,43.5,28.11879561195089,29.0,0.0,0.0,3
12.0,3.0,1.0114042647043515,0.0,0.0,0.0,0.0,0.0,0.0,0.0,0.0,0.0,0.0,82.0,0.0,0.0,0.0,0.0,8.0,52.0,4.0,23,0,0.7691387559808612,23.26657115548645,44.0,17.92577287966506,13.0,0.0,0.0,3
14.0,2.0,0.6829081046984717,0.0,0.0,0.0,0.0,0.0,0.0,0.0,0.0,0.0,0.0,77.5,0.0,0.0,0.0,0.0,0.0,124.0,0.0,23,0,0.7691387559808612,27.83283432686379,37.0,17.92577287966506,13.0,0.0,0.0,3
148.0,2.0,0.1242508373876309,0.0,0.0,0.0,0.0,0.0,0.0,0.0,0.0,0.0,4.0,85.88888888888889,0.0,0.0,0.0,0.0,8.0,36.0,8.0,8,1,0.7691387559808612,66.42037839900226,48.5,0.0,0.0,0.0,0.0,3
64.0,2.0,0.3111291548098491,0.0,0.0,0.0,0.0,0.0,0.0,0.0,0.0,0.0,0.0,99.0,0.0,0.0,0.0,0.0,12.0,160.0,8.0,9,1,0.7691387559808612,61.82502190321742,61.5,0.0,0.0,0.0,0.0,3
16.0,5.0,1.4941751382843085,0.0,0.0,0.0,0.0,0.0,0.0,0.0,0.0,0.0,0.0,99.0,0.0,0.0,0.0,0.0,8.0,268.0,12.0,9,1,0.7691387559808612,61.3188388670234,62.0,0.0,0.0,0.0,0.0,3
12.0,2.0,0.4505612088643047,0.0,0.0,0.0,0.0,0.0,0.0,0.0,0.0,0.0,0.0,97.0,0.0,0.0,0.0,0.0,8.0,680.0,6.0,10,1,0.7691387559808612,63.24555320336742,60.0,0.0,0.0,0.0,0.0,3
110.0,5.0,0.6068720421617098,0.0,0.0,0.0,0.0,0.0,0.0,0.0,0.0,0.0,4.0,89.66666666666667,0.0,0.0,0.0,0.0,8.0,842.0,6.0,10,1,0.7691387559808612,46.169975814014094,50.5,0.0,0.0,0.0,0.0,3
208.0,4.0,0.5151599111289683,0.0,0.0,0.0,0.0,0.0,0.0,0.0,0.0,0.0,4.0,90.7,0.0,0.0,0.0,0.0,12.0,56.0,8.0,11,1,0.7691387559808612,92.7990660872546,86.5,0.0,0.0,0.0,0.0,3
16.0,2.0,0.5623351446168083,0.0,0.0,0.0,0.0,0.0,0.0,0.0,0.0,0.0,0.0,91.0,0.0,0.0,0.0,0.0,0.0,80.0,0.0,11,1,0.7691387559808612,92.7990660872546,86.5,0.0,0.0,0.0,0.0,3
12.0,2.0,0.6931471805579453,0.0,0.0,0.0,0.0,0.0,0.0,0.0,0.0,0.0,0.0,88.0,0.0,0.0,0.0,0.0,0.0,34.0,0.0,12,1,0.7691387559808612,92.7990660872546,86.5,0.0,0.0,0.0,0.0,3
14.0,2.0,0.6829081046984717,0.0,0.0,0.0,0.0,0.0,0.0,0.0,0.0,0.0,0.0,83.0,0.0,0.0,0.0,0.0,4.0,978.0,4.0,12,1,0.7691387559808612,97.01374473066508,62.5,0.0,0.0,0.0,0.0,3
4.0,1.0,-1.000088900581841e-12,0.0,0.0,0.0,0.0,0.0,0.0,0.0,0.0,0.0,0.0,73.0,0.0,0.0,0.0,0.0,4.0,84.0,2.0,13,1,0.7691387559808612,5.259911279351207,11.5,0.0,0.0,0.0,0.0,3
16.0,3.0,0.9002560512655369,0.0,0.0,0.0,0.0,0.0,0.0,0.0,0.0,0.0,0.0,70.0,0.0,0.0,0.0,0.0,4.0,430.0,2.0,13,1,0.7691387559808612,5.259911279351207,11.5,0.0,0.0,0.0,0.0,3
10.0,3.0,1.054920167983144,0.0,16.0,0.0,0.0,0.0,0.0,0.0,0.0,0.0,0.0,58.0,0.0,0.0,0.0,0.0,0.0,134.0,0.0,14,1,0.7691387559808612,5.291502622127233,11.0,8.000000000000126,4.0,0.0,0.0,3
18.0,2.0,0.6365141682928128,0.0,4.0,0.0,0.0,0.0,0.0,0.0,0.0,0.0,0.0,56.0,0.0,0.0,0.0,0.0,4.0,410.0,4.0,14,1,0.7691387559808612,6.324555320335129,12.0,7.571877794400499,5.0,0.0,0.0,3
98.0,3.0,0.4497166903438993,0.0,50.0,0.0,0.0,0.0,0.0,0.0,0.0,0.0,4.0,47.0,0.0,0.0,0.0,0.0,16.0,1030.0,4.0,15,1,0.7691387559808612,41.80510335672723,35.5,22.708295107001508,17.5,0.0,0.0,3
36.0,2.0,0.3488320958410319,0.0,182.0,0.0,0.0,0.0,0.0,0.0,0.0,0.0,0.0,43.25,0.0,0.0,0.0,0.0,26.0,1208.0,20.0,15,1,0.7691387559808612,39.84553509073063,40.5,81.69047272071165,63.0,0.0,0.0,3
140.0,4.0,0.6025870636936932,0.0,54.0,0.0,0.0,0.0,0.0,0.0,0.0,0.0,4.0,37.57142857142857,0.0,0.0,0.0,0.0,20.0,342.0,10.0,16,1,0.7691387559808612,56.29683235612207,73.0,76.44387919687664,72.5,0.0,0.0,3
252.0,3.0,0.7069909068983795,0.0,0.0,0.0,0.0,0.0,0.0,0.0,0.0,0.0,6.0,36.91666666666666,0.0,0.0,0.0,0.0,24.0,126.0,10.0,16,1,0.7691387559808612,90.98534680558905,131.5,77.65522090196727,71.5,0.0,0.0,3
718.0,4.0,0.4659759011448764,0.0,0.0,0.0,0.0,0.0,0.0,0.0,0.0,0.0,0.0,53.23333333333333,0.0,0.0,0.0,0.0,4.0,36.0,2.0,17,1,0.7691387559808612,300.8848063074416,286.5,85.86035173466274,59.0,0.0,0.0,3
426.0,8.0,0.695681007214968,0.0,0.0,0.0,0.0,0.0,0.0,0.0,0.0,0.0,4.0,79.0,0.0,0.0,0.0,0.0,12.0,192.0,4.0,17,1,0.7691387559808612,251.8465141046559,384.0,27.000000000000043,13.5,0.0,0.0,3
718.0,6.0,0.25700429406047,0.0,0.0,0.0,0.0,0.0,0.0,0.0,0.0,0.0,0.0,96.23333333333332,0.0,0.0,0.0,0.0,4.0,116.0,2.0,18,1,0.7691387559808612,230.0572392543501,528.5,0.0,0.0,0.0,0.0,3
178.0,8.0,1.8302517913575287,0.0,10.0,0.0,0.0,0.0,0.0,0.0,0.0,0.0,0.0,100.0,0.0,0.0,0.0,0.0,0.0,862.0,0.0,18,1,0.7691387559808612,260.6453529223185,510.0,5.0000000000002425,2.5,0.0,0.0,3
10.0,2.0,0.6730116670072565,0.0,30.0,0.0,0.0,0.0,0.0,0.0,0.0,0.0,0.0,99.0,0.0,0.0,0.0,0.0,6.0,50.0,12.0,19,1,0.7691387559808612,308.34396378071034,333.0,14.142135623731036,10.0,0.0,0.0,3
12.0,2.0,0.6931471805579453,0.0,4.0,0.0,0.0,0.0,0.0,0.0,0.0,0.0,0.0,97.0,0.0,0.0,0.0,0.0,4.0,818.0,6.0,19,1,0.7691387559808612,335.04775778984106,229.5,13.316656236958876,11.0,0.0,0.0,3
224.0,7.0,0.5602776866868175,0.0,0.0,0.0,0.0,0.0,0.0,0.0,0.0,0.0,6.0,90.45454545454544,0.0,0.0,0.0,0.0,16.0,164.0,8.0,20,1,0.7691387559808612,111.29540272026809,106.0,13.316656236958876,11.0,0.0,0.0,3
12.0,4.0,1.3296613488507585,0.0,0.0,0.0,0.0,0.0,0.0,0.0,0.0,0.0,0.0,0.0,0.0,0.0,0.0,0.0,8.0,212.0,4.0,20,1,0.7691387559808612,106.33751297950624,64.5,14.456832294801044,8.5,0.0,0.0,3
254.0,4.0,0.483424633119352,0.0,0.0,0.0,0.0,0.0,0.0,0.0,0.0,0.0,4.0,91.91666666666669,0.0,0.0,0.0,0.0,16.0,202.0,10.0,21,0,0.7691387559808612,131.6295306279458,125.5,2.000000000000603,1.0,0.0,0.0,3
14.0,3.0,1.0789922078745835,0.0,40.0,0.0,0.0,0.0,0.0,0.0,0.0,0.0,0.0,98.0,0.0,0.0,0.0,0.0,10.0,50.0,10.0,21,0,0.7691387559808612,131.05723940324697,126.0,20.00000000000006,10.0,0.0,0.0,3
30.0,3.0,0.9276173343241816,0.0,14.0,0.0,0.0,0.0,0.0,0.0,0.0,0.0,0.0,98.0,0.0,0.0,0.0,0.0,12.0,430.0,4.0,22,0,0.7691387559808612,117.94207617866203,77.5,18.85912687975425,13.5,0.0,0.0,3
0.0,0.0,0.0,0.0,26.0,0.0,0.0,0.0,0.0,0.0,0.0,0.0,0.0,0.0,0.0,0.0,0.0,0.0,8.0,22.0,8.0,22,0,0.7691387559808612,120.29269858696048,74.5,17.048949136725966,20.0,0.0,0.0,3
18.0,3.0,1.060856947155021,0.0,54.0,0.0,0.0,0.0,0.0,0.0,0.0,0.0,0.0,86.0,0.0,0.0,0.0,0.0,4.0,370.0,2.0,23,0,0.7691387559808612,12.36931687685246,15.5,17.31088289679845,33.5,0.0,0.0,3
10.0,3.0,1.054920167983144,0.0,0.0,0.0,0.0,0.0,0.0,0.0,0.0,0.0,0.0,80.0,0.0,0.0,0.0,0.0,4.0,76.0,2.0,23,0,0.7691387559808612,12.68857754044901,14.5,22.9419557434264,23.5,0.0,0.0,3
16.0,4.0,1.0735428464045231,0.0,0.0,0.0,0.0,0.0,0.0,0.0,0.0,0.0,0.0,77.0,0.0,0.0,0.0,0.0,8.0,288.0,2.0,0,0,0.7691387559808612,8.08290376865396,11.0,25.7681974534503,20.0,0.0,0.0,3
10.0,2.0,0.6730116670072565,0.0,0.0,0.0,0.0,0.0,0.0,0.0,0.0,0.0,0.0,75.0,0.0,0.0,0.0,0.0,4.0,254.0,2.0,0,0,0.7691387559808612,4.123105625616093,13.5,27.000000000000043,13.5,0.0,0.0,4
10.0,3.0,0.9502705392302344,0.0,0.0,0.0,0.0,0.0,0.0,0.0,0.0,0.0,0.0,69.0,0.0,0.0,0.0,0.0,4.0,154.0,2.0,1,0,0.7691387559808612,2.9999999999978457,11.5,0.0,0.0,0.0,0.0,3
2.0,1.0,-1.000088900581841e-12,0.0,0.0,0.0,0.0,0.0,0.0,0.0,0.0,0.0,0.0,62.0,0.0,0.0,0.0,0.0,0.0,164.0,0.0,1,0,0.7691387559808612,5.744562646536903,9.5,0.0,0.0,0.0,0.0,3
322.0,3.0,0.6239064258140758,0.0,0.0,0.0,0.0,0.0,0.0,0.0,0.0,0.0,2.0,73.53333333333333,0.0,0.0,0.0,0.0,4.0,76.0,4.0,9,1,0.7691387559808612,152.1227574471792,96.0,0.0,0.0,0.0,0.0,3
70.0,4.0,0.5458692524605854,0.0,0.0,0.0,0.0,0.0,0.0,0.0,0.0,0.0,0.0,87.2,0.0,0.0,0.0,0.0,4.0,30.0,6.0,9,1,0.7691387559808612,143.53164575567757,111.0,0.0,0.0,0.0,0.0,3
32.0,4.0,0.9507489270469152,0.0,0.0,0.0,0.0,0.0,0.0,0.0,0.0,0.0,2.0,97.33333333333331,0.0,0.0,0.0,0.0,8.0,236.0,8.0,11,1,0.7691387559808612,203.2600961002101,220.0,0.0,0.0,0.0,0.0,3
248.0,5.0,0.74776507756197,0.0,0.0,0.0,0.0,0.0,0.0,0.0,0.0,0.0,2.0,98.0,0.0,0.0,0.0,0.0,4.0,72.0,6.0,11,1,0.7691387559808612,194.040373805728,201.5,0.0,0.0,0.0,0.0,3
78.0,2.0,0.1192469263942449,0.0,12.0,0.0,0.0,0.0,0.0,0.0,0.0,0.0,0.0,100.0,0.0,0.0,0.0,0.0,0.0,30.0,0.0,12,1,0.7691387559808612,192.2663083676735,203.5,6.000000000000202,3.0,0.0,0.0,3
12.0,3.0,1.0114042647043515,0.0,0.0,0.0,0.0,0.0,0.0,0.0,0.0,0.0,0.0,100.0,0.0,0.0,0.0,0.0,2.0,198.0,2.0,12,1,0.7691387559808612,107.28622154467604,92.5,6.000000000000202,3.0,0.0,0.0,3
12.0,2.0,0.6365141682928128,0.0,22.0,0.0,0.0,0.0,0.0,0.0,0.0,0.0,0.0,88.5,0.0,0.0,0.0,0.0,4.0,134.0,4.0,13,1,0.7691387559808612,111.43159336561592,87.5,10.630145812734764,8.5,0.0,0.0,3
2.0,1.0,-1.000088900581841e-12,0.0,0.0,0.0,0.0,0.0,0.0,0.0,0.0,0.0,0.0,0.0,0.0,0.0,0.0,0.0,2.0,0.0,2.0,13,1,0.7691387559808612,34.98571136907145,26.0,10.630145812734764,8.5,0.0,0.0,3
16.0,2.0,0.5623351446168083,0.0,0.0,0.0,0.0,0.0,0.0,0.0,0.0,0.0,0.0,77.0,0.0,0.0,0.0,0.0,4.0,140.0,4.0,19,1,0.7691387559808612,5.972157622387617,10.5,11.00000000000011,5.5,0.0,0.0,3
12.0,2.0,0.6365141682928128,0.0,0.0,0.0,0.0,0.0,0.0,0.0,0.0,0.0,0.0,74.0,0.0,0.0,0.0,0.0,6.0,118.0,10.0,20,1,0.7691387559808612,5.972157622387617,10.5,0.0,0.0,0.0,0.0,3
80.0,4.0,0.6309739207601038,0.0,0.0,0.0,0.0,0.0,0.0,0.0,0.0,0.0,2.0,68.0,0.0,0.0,0.0,0.0,4.0,68.0,4.0,20,1,0.7691387559808612,33.386624068130075,30.0,0.0,0.0,0.0,0.0,3
12.0,2.0,0.6365141682928128,0.0,0.0,0.0,0.0,0.0,0.0,0.0,0.0,0.0,0.0,68.0,0.0,0.0,0.0,0.0,4.0,130.0,10.0,21,0,0.7691387559808612,33.386624068130075,30.0,0.0,0.0,0.0,0.0,3
162.0,4.0,0.866480667600819,0.0,0.0,0.0,0.0,0.0,0.0,0.0,0.0,0.0,2.0,72.6,0.0,0.0,0.0,0.0,8.0,44.0,8.0,21,0,0.7691387559808612,71.28113354878677,66.5,0.0,0.0,0.0,0.0,4
154.0,4.0,0.871481811990219,0.0,0.0,0.0,0.0,0.0,0.0,0.0,0.0,0.0,0.0,93.55555555555556,0.0,0.0,0.0,0.0,4.0,110.0,8.0,22,0,0.7691387559808612,70.44619696382937,102.0,0.0,0.0,0.0,0.0,3
82.0,2.0,0.2617644829070154,0.0,0.0,0.0,0.0,0.0,0.0,0.0,0.0,0.0,0.0,100.0,0.0,0.0,0.0,0.0,6.0,100.0,8.0,22,0,0.7691387559808612,70.24481000994528,102.5,0.0,0.0,0.0,0.0,3
10.0,2.0,0.6730116670072565,0.0,0.0,0.0,0.0,0.0,0.0,0.0,0.0,0.0,0.0,100.0,0.0,0.0,0.0,0.0,2.0,146.0,2.0,23,0,0.7691387559808612,71.10555533852454,102.0,0.0,0.0,0.0,0.0,3
10.0,2.0,0.6730116670072565,0.0,0.0,0.0,0.0,0.0,0.0,0.0,0.0,0.0,0.0,99.0,0.0,0.0,0.0,0.0,2.0,114.0,2.0,23,0,0.7691387559808612,68.93475175845617,64.0,0.0,0.0,0.0,0.0,3
12.0,4.0,1.3296613488507585,0.0,0.0,0.0,0.0,0.0,0.0,0.0,0.0,0.0,0.0,89.5,0.0,0.0,0.0,0.0,0.0,214.0,0.0,0,0,0.7691387559808612,35.6791255498222,28.5,0.0,0.0,0.0,0.0,3
42.0,4.0,1.0964636431282264,0.0,0.0,0.0,0.0,0.0,0.0,0.0,0.0,0.0,0.0,94.0,0.0,0.0,0.0,0.0,16.0,294.0,14.0,9,1,0.7691387559808612,66.95271963607335,54.0,0.0,0.0,0.0,0.0,3
12.0,3.0,1.0114042647043515,0.0,0.0,0.0,0.0,0.0,0.0,0.0,0.0,0.0,0.0,89.0,0.0,0.0,0.0,0.0,4.0,216.0,2.0,10,1,0.7691387559808612,66.52067347825017,54.5,0.0,0.0,0.0,0.0,3
12.0,3.0,1.0114042647043515,0.0,0.0,0.0,0.0,0.0,0.0,0.0,0.0,0.0,0.0,83.5,0.0,0.0,0.0,0.0,12.0,110.0,8.0,10,1,0.7691387559808612,66.52067347825017,54.5,0.0,0.0,0.0,0.0,3
10.0,2.0,0.5004024235361879,0.0,0.0,0.0,0.0,0.0,0.0,0.0,0.0,0.0,0.0,73.0,0.0,0.0,0.0,0.0,0.0,94.0,0.0,11,1,0.7691387559808612,15.362291495736429,19.0,0.0,0.0,0.0,0.0,3
10.0,2.0,0.5004024235361879,0.0,0.0,0.0,0.0,0.0,0.0,0.0,0.0,0.0,0.0,70.0,0.0,0.0,0.0,0.0,4.0,126.0,0.0,11,1,0.7691387559808612,1.154700538368744,11.0,0.0,0.0,0.0,0.0,3
10.0,3.0,1.054920167983144,0.0,0.0,0.0,0.0,0.0,0.0,0.0,0.0,0.0,0.0,61.0,0.0,0.0,0.0,0.0,0.0,110.0,0.0,12,1,0.7691387559808612,0.9999999999878668,10.5,0.0,0.0,0.0,0.0,3
186.0,3.0,0.2015836461377314,0.0,0.0,0.0,0.0,0.0,0.0,0.0,0.0,0.0,4.0,46.77777777777778,0.0,0.0,0.0,0.0,4.0,58.0,0.0,12,1,0.7691387559808612,87.99999999999986,54.0,0.0,0.0,0.0,0.0,3
422.0,3.0,0.2611686727698262,0.0,8.0,0.0,0.0,0.0,0.0,0.0,0.0,0.0,0.0,57.833333333333336,0.0,0.0,0.0,0.0,8.0,334.0,6.0,13,1,0.7691387559808612,195.1785507341077,157.0,4.000000000000303,2.0,0.0,0.0,3
14.0,3.0,1.0042424730510766,0.0,16.0,0.0,0.0,0.0,0.0,0.0,0.0,0.0,0.0,67.0,0.0,0.0,0.0,0.0,32.0,368.0,16.0,13,1,0.7691387559808612,194.18204517067647,158.0,7.659416862050863,6.0,0.0,0.0,3
0.0,0.0,0.0,0.0,0.0,0.0,0.0,0.0,0.0,0.0,0.0,0.0,0.0,0.0,0.0,0.0,0.0,0.0,4.0,130.0,2.0,14,1,0.7691387559808612,196.7697469971777,155.5,7.659416862050863,6.0,0.0,0.0,3
0.0,0.0,0.0,0.0,0.0,0.0,0.0,0.0,0.0,0.0,0.0,0.0,0.0,0.0,0.0,0.0,0.0,0.0,4.0,332.0,2.0,14,1,0.7691387559808612,208.7710069270475,109.0,7.659416862050863,6.0,0.0,0.0,3
32.0,3.0,0.7774621319079289,0.0,6.0,0.0,0.0,0.0,0.0,0.0,0.0,0.0,4.0,40.66666666666666,0.0,0.0,0.0,0.0,4.0,274.0,2.0,15,1,0.7691387559808612,15.176736583775693,11.5,7.549834435270911,5.5,0.0,0.0,3
716.0,2.0,0.0192154609927474,0.0,0.0,0.0,0.0,0.0,0.0,0.0,0.0,0.0,0.0,49.9,0.0,0.0,0.0,0.0,0.0,8.0,0.0,15,1,0.7691387559808612,352.9891405317356,187.0,3.000000000000404,1.5,0.0,0.0,3
658.0,2.0,0.3190304130308703,0.0,0.0,0.0,0.0,0.0,0.0,0.0,0.0,0.0,0.0,75.57142857142857,0.0,0.0,0.0,0.0,8.0,18.0,6.0,16,1,0.7691387559808612,388.3447780860027,351.5,3.000000000000404,1.5,0.0,0.0,3
330.0,5.0,1.112689282014895,0.0,0.0,0.0,0.0,0.0,0.0,0.0,0.0,0.0,0.0,97.4,0.0,0.0,0.0,0.0,18.0,66.0,8.0,16,1,0.7691387559808612,317.3431371034619,434.0,3.000000000000404,1.5,0.0,0.0,3
228.0,4.0,0.8883763887365991,0.0,0.0,0.0,0.0,0.0,0.0,0.0,0.0,0.0,4.0,100.0,0.0,0.0,0.0,0.0,12.0,206.0,10.0,17,1,0.7691387559808612,240.38025431941503,483.0,0.0,0.0,0.0,0.0,3
26.0,5.0,1.5247073930251434,0.0,116.0,0.0,0.0,0.0,0.0,0.0,0.0,0.0,0.0,100.0,0.0,0.0,0.0,0.0,36.0,1444.0,16.0,17,1,0.7691387559808612,263.87054907030955,310.5,58.00000000000002,29.0,0.0,0.0,3
18.0,4.0,1.2148896539451204,0.0,108.0,0.0,0.0,0.0,0.0,0.0,0.0,0.0,0.0,91.33333333333331,0.0,0.0,0.0,0.0,24.0,1312.0,14.0,18,1,0.7691387559808612,154.14603465545258,150.5,64.7456562249546,56.0,0.0,0.0,3
14.0,4.0,1.15374194269709,0.0,38.0,0.0,0.0,0.0,0.0,0.0,0.0,0.0,0.0,87.5,0.0,0.0,0.0,0.0,16.0,220.0,8.0,18,1,0.7691387559808612,104.45254105733056,71.5,55.98511706992615,65.5,0.0,0.0,3
10.0,3.0,0.9502705392302344,0.0,48.0,0.0,0.0,0.0,0.0,0.0,0.0,0.0,0.0,85.0,0.0,0.0,0.0,0.0,22.0,276.0,14.0,19,1,0.7691387559808612,6.831300510638964,17.0,40.1787671952903,77.5,0.0,0.0,3
150.0,6.0,1.0845729474501054,0.0,14.0,0.0,0.0,0.0,0.0,0.0,0.0,0.0,4.0,81.0,0.0,0.0,0.0,0.0,32.0,860.0,20.0,19,1,0.7691387559808612,68.07838619317188,48.0,39.96665276619167,52.0,0.0,0.0,4
18.0,3.0,1.060856947155021,0.0,0.0,0.0,0.0,0.0,0.0,0.0,0.0,0.0,0.0,83.0,0.0,0.0,0.0,0.0,4.0,84.0,0.0,20,1,0.7691387559808612,68.07838619317188,48.0,21.939310229205827,25.0,0.0,0.0,3
222.0,3.0,0.2477508274485358,0.0,0.0,0.0,0.0,0.0,0.0,0.0,0.0,0.0,4.0,78.9090909090909,0.0,0.0,0.0,0.0,16.0,182.0,12.0,20,1,0.7691387559808612,103.61467077590888,100.0,22.64950330581229,15.5,0.0,0.0,3
168.0,6.0,0.7538446421458638,0.0,0.0,0.0,0.0,0.0,0.0,0.0,0.0,0.0,0.0,92.875,0.0,0.0,0.0,0.0,12.0,146.0,8.0,21,0,0.7691387559808612,86.58521813797081,139.5,7.000000000000137,3.5,0.0,0.0,3
16.0,3.0,0.9743147528663494,0.0,0.0,0.0,0.0,0.0,0.0,0.0,0.0,0.0,0.0,100.0,0.0,0.0,0.0,0.0,4.0,86.0,2.0,21,0,0.7691387559808612,105.10946674776726,106.0,0.0,0.0,0.0,0.0,3
326.0,6.0,0.937712865626672,0.0,0.0,0.0,0.0,0.0,0.0,0.0,0.0,0.0,4.0,99.46666666666668,0.0,0.0,0.0,0.0,12.0,278.0,6.0,22,0,0.7691387559808612,129.20784289920894,183.0,0.0,0.0,0.0,0.0,3
16.0,3.0,1.039720770836918,0.0,0.0,0.0,0.0,0.0,0.0,0.0,0.0,0.0,0.0,100.0,0.0,0.0,0.0,0.0,8.0,448.0,6.0,22,0,0.7691387559808612,148.14744907242465,131.5,0.0,0.0,0.0,0.0,3
10.0,2.0,0.5004024235361879,0.0,0.0,0.0,0.0,0.0,0.0,0.0,0.0,0.0,0.0,98.0,0.0,0.0,0.0,0.0,8.0,66.0,4.0,23,0,0.7691387559808612,156.02563891873666,92.0,0.0,0.0,0.0,0.0,3
22.0,4.0,1.3730039128732,0.0,0.0,0.0,0.0,0.0,0.0,0.0,0.0,0.0,0.0,95.5,0.0,0.0,0.0,0.0,4.0,98.0,6.0,23,0,0.7691387559808612,155.07740002979153,93.5,0.0,0.0,0.0,0.0,3
18.0,3.0,1.0986122886651095,0.0,0.0,0.0,0.0,0.0,0.0,0.0,0.0,0.0,0.0,92.0,0.0,0.0,0.0,0.0,0.0,328.0,0.0,0,0,0.7691387559808612,4.99999999999903,16.5,0.0,0.0,0.0,0.0,3
12.0,2.0,0.6931471805579453,0.0,0.0,0.0,0.0,0.0,0.0,0.0,0.0,0.0,0.0,83.5,0.0,0.0,0.0,0.0,4.0,478.0,2.0,0,0,0.7691387559808612,5.507570547285221,15.5,0.0,0.0,0.0,0.0,3
46.0,3.0,0.355712859743894,0.0,0.0,0.0,0.0,0.0,0.0,0.0,0.0,0.0,0.0,80.0,0.0,0.0,0.0,0.0,0.0,282.0,0.0,1,0,0.7691387559808612,14.910846164229705,24.5,0.0,0.0,0.0,0.0,3
146.0,3.0,0.5121895634434912,0.0,0.0,0.0,0.0,0.0,0.0,0.0,0.0,0.0,0.0,96.33333333333331,0.0,0.0,0.0,0.0,4.0,82.0,10.0,8,1,0.7691387559808612,57.58182583651423,63.5,0.0,0.0,0.0,0.0,3
12.0,3.0,1.0114042647043515,0.0,0.0,0.0,0.0,0.0,0.0,0.0,0.0,0.0,0.0,100.0,0.0,0.0,0.0,0.0,12.0,112.0,8.0,8,1,0.7691387559808612,57.58182583651423,63.5,0.0,0.0,0.0,0.0,3
102.0,3.0,0.4370945769318387,0.0,0.0,0.0,0.0,0.0,0.0,0.0,0.0,0.0,4.0,96.4,0.0,0.0,0.0,0.0,12.0,264.0,10.0,9,1,0.7691387559808612,58.70547958524249,77.5,0.0,0.0,0.0,0.0,3
72.0,5.0,1.235514885738692,0.0,48.0,0.0,0.0,0.0,0.0,0.0,0.0,0.0,0.0,96.5,0.0,0.0,0.0,0.0,6.0,78.0,4.0,9,1,0.7691387559808612,56.249444441700845,83.0,24.00000000000004,12.0,0.0,0.0,3
44.0,6.0,1.6064656356824187,0.0,12.0,0.0,0.0,0.0,0.0,0.0,0.0,0.0,0.0,97.0,0.0,0.0,0.0,0.0,16.0,236.0,10.0,10,1,0.7691387559808612,38.48376280978759,57.5,22.715633383201137,15.0,0.0,0.0,3
26.0,2.0,0.4293230219286162,0.0,0.0,0.0,0.0,0.0,0.0,0.0,0.0,0.0,0.0,89.0,0.0,0.0,0.0,0.0,18.0,532.0,8.0,11,1,0.7691387559808612,22.59055849980968,53.5,22.293496809608,15.5,0.0,0.0,3
14.0,3.0,0.9556998911095343,0.0,0.0,0.0,0.0,0.0,0.0,0.0,0.0,0.0,0.0,71.0,0.0,0.0,0.0,0.0,0.0,264.0,0.0,12,1,0.7691387559808612,31.198290551460083,28.0,1.0000000000009404,0.5,0.0,0.0,3
52.0,7.0,1.665228162443461,0.0,0.0,0.0,0.0,0.0,0.0,0.0,0.0,0.0,0.0,59.5,0.0,0.0,0.0,0.0,0.0,502.0,0.0,13,1,0.7691387559808612,24.569628948493648,16.5,0.0,0.0,0.0,0.0,3
18.0,2.0,0.6869615765953234,0.0,6.0,0.0,0.0,0.0,0.0,0.0,0.0,0.0,0.0,40.0,0.0,0.0,0.0,0.0,16.0,1468.0,10.0,14,1,0.7691387559808612,24.055491403558086,18.0,55.07267925205748,29.5,0.0,0.0,3
444.0,4.0,0.8022906142502185,0.0,0.0,0.0,0.0,0.0,0.0,0.0,0.0,0.0,16.0,29.0,0.0,0.0,0.0,0.0,30.0,142.0,10.0,15,1,0.7691387559808612,215.48395145191972,121.0,55.07267925205748,29.5,0.0,0.0,3
194.0,6.0,0.8671741900989471,0.0,0.0,0.0,0.0,0.0,0.0,0.0,0.0,0.0,0.0,76.81818181818181,0.0,0.0,0.0,0.0,16.0,152.0,6.0,16,1,0.7691387559808612,184.6248448430853,188.5,0.0,0.0,0.0,0.0,3
44.0,7.0,1.5795351987356687,0.0,34.0,0.0,0.0,0.0,0.0,0.0,0.0,0.0,6.0,83.0,0.0,0.0,0.0,0.0,70.0,394.0,30.0,17,1,0.7691387559808612,79.58852513606044,86.5,17.000000000000057,8.5,0.0,0.0,3
24.0,2.0,0.4505612088643047,0.0,18.0,0.0,0.0,0.0,0.0,0.0,0.0,0.0,0.0,78.0,0.0,0.0,0.0,0.0,60.0,90.0,14.0,18,1,0.7691387559808612,16.970562748476866,32.0,22.21110833194362,26.0,0.0,0.0,3
116.0,3.0,0.5792011545448027,0.0,0.0,0.0,0.0,0.0,0.0,0.0,0.0,0.0,4.0,74.125,0.0,0.0,0.0,0.0,8.0,252.0,2.0,19,1,0.7691387559808612,42.64582824458516,54.0,24.51530134426257,17.5,0.0,0.0,3
68.0,4.0,0.6598720137808267,0.0,12.0,0.0,0.0,0.0,0.0,0.0,0.0,0.0,0.0,96.8,0.0,0.0,0.0,0.0,24.0,230.0,10.0,20,1,0.7691387559808612,59.71878543082842,94.5,6.000000000000177,3.0,0.0,0.0,3
14.0,3.0,1.0042424730510766,0.0,0.0,0.0,0.0,0.0,0.0,0.0,0.0,0.0,0.0,84.0,0.0,0.0,0.0,0.0,0.0,288.0,0.0,21,0,0.7691387559808612,72.6521392206267,64.5,18.867962264113263,13.0,0.0,0.0,3
34.0,3.0,1.0027399543943454,0.0,0.0,0.0,0.0,0.0,0.0,0.0,0.0,0.0,0.0,70.0,0.0,0.0,0.0,0.0,8.0,432.0,4.0,22,0,0.7691387559808612,14.27118308573808,14.5,20.000000000000053,10.0,0.0,0.0,3
22.0,3.0,0.6001660731566456,0.0,0.0,0.0,0.0,0.0,0.0,0.0,0.0,0.0,0.0,59.0,0.0,0.0,0.0,0.0,0.0,126.0,0.0,23,0,0.7691387559808612,16.89181261242627,14.0,0.0,0.0,0.0,0.0,3
10.0,3.0,1.054920167983144,0.0,0.0,0.0,0.0,0.0,0.0,0.0,0.0,0.0,0.0,49.0,0.0,0.0,0.0,0.0,8.0,96.0,2.0,0,0,0.7691387559808612,10.456258094238269,8.0,0.0,0.0,0.0,0.0,3
12.0,3.0,0.8675632284784613,0.0,0.0,0.0,0.0,0.0,0.0,0.0,0.0,0.0,0.0,37.0,0.0,0.0,0.0,0.0,0.0,248.0,0.0,1,0,0.7691387559808612,6.403124237432065,5.5,0.0,0.0,0.0,0.0,3
400.0,5.0,1.2004807359425185,0.0,50.0,0.0,0.0,0.0,0.0,0.0,0.0,0.0,0.0,94.0,0.0,0.0,0.0,0.0,10.0,116.0,12.0,11,1,0.7691387559808612,188.30117719582452,275.0,48.06939428229431,59.0,0.0,0.0,3
34.0,4.0,1.3180238017066035,0.0,0.0,0.0,0.0,0.0,0.0,0.0,0.0,0.0,0.0,99.0,0.0,0.0,2.0,2.0,14.0,74.0,14.0,12,1,0.7691387559808612,197.6149454536945,185.5,54.97575223071837,41.5,0.0,0.0,2
0.0,0.0,0.0,0.0,0.0,0.0,0.0,0.0,0.0,0.0,0.0,0.0,0.0,0.0,0.0,0.0,0.0,0.0,6.0,78.0,8.0,13,1,0.7691387559808612,16.693312034064785,9.0,0.0,0.0,0.0,0.0,3
0.0,0.0,0.0,0.0,0.0,0.0,0.0,0.0,0.0,0.0,0.0,0.0,0.0,0.0,0.0,0.0,0.0,0.0,8.0,42.0,8.0,14,1,0.7691387559808612,0.0,0.0,0.0,0.0,0.0,0.0,2
80.0,4.0,0.7803516056836233,0.0,0.0,0.0,0.0,0.0,0.0,0.0,0.0,0.0,2.0,85.71428571428571,0.0,0.0,0.0,0.0,4.0,64.0,4.0,15,1,0.7691387559808612,37.89019222261418,28.5,0.0,0.0,0.0,0.0,3
64.0,3.0,0.538556946257942,0.0,0.0,0.0,0.0,0.0,0.0,0.0,0.0,0.0,2.0,84.25,0.0,0.0,0.0,0.0,2.0,44.0,2.0,16,1,0.7691387559808612,34.42867022313408,45.0,0.0,0.0,0.0,0.0,3
42.0,3.0,0.9829007277121564,0.0,0.0,0.0,0.0,0.0,0.0,0.0,0.0,0.0,0.0,100.0,0.0,0.0,0.0,0.0,4.0,46.0,4.0,17,1,0.7691387559808612,156.12388243528488,113.0,0.0,0.0,0.0,0.0,3
10.0,2.0,0.6730116670072565,0.0,0.0,0.0,0.0,0.0,0.0,0.0,0.0,0.0,0.0,93.0,0.0,0.0,0.0,0.0,4.0,14.0,4.0,18,1,0.7691387559808612,164.31270999732996,99.0,0.0,0.0,0.0,0.0,3
60.0,5.0,1.4481552714110584,0.0,118.0,0.0,0.0,0.0,0.0,0.0,0.0,0.0,0.0,86.0,0.0,0.0,0.0,0.0,16.0,542.0,12.0,19,1,0.7691387559808612,28.331372481167392,18.0,65.89891248470394,57.0,0.0,0.0,3
0.0,0.0,0.0,0.0,0.0,0.0,0.0,0.0,0.0,0.0,0.0,0.0,0.0,0.0,0.0,0.0,0.0,0.0,0.0,80.0,0.0,20,1,0.7691387559808612,29.68164415931136,15.5,65.89891248470394,57.0,0.0,0.0,3
0.0,0.0,0.0,0.0,0.0,0.0,0.0,0.0,0.0,0.0,0.0,0.0,0.0,0.0,0.0,0.0,0.0,0.0,0.0,4.0,0.0,21,0,0.7691387559808612,7.999999999998888,4.0,0.0,0.0,0.0,0.0,3
22.0,3.0,0.8599672810325049,0.0,0.0,0.0,0.0,0.0,0.0,0.0,0.0,0.0,0.0,60.0,0.0,0.0,0.0,0.0,2.0,74.0,2.0,22,0,0.7691387559808612,106.07387362902634,65.5,0.0,0.0,0.0,0.0,3
22.0,3.0,0.7595473914718636,0.0,0.0,0.0,0.0,0.0,0.0,0.0,0.0,0.0,0.0,47.0,0.0,0.0,0.0,0.0,0.0,36.0,0.0,23,0,0.7691387559808612,105.1792121413098,67.0,0.0,0.0,0.0,0.0,3
12.0,3.0,1.0114042647043515,0.0,0.0,0.0,0.0,0.0,0.0,0.0,0.0,0.0,0.0,35.0,0.0,0.0,0.0,0.0,2.0,32.0,2.0,0,0,0.7691387559808612,10.630145812733687,8.5,0.0,0.0,0.0,0.0,3
160.0,6.0,0.5948625458976169,0.0,0.0,0.0,0.0,0.0,0.0,0.0,0.0,0.0,2.0,27.77777777777778,0.0,0.0,0.0,0.0,4.0,106.0,4.0,8,1,0.7691387559808612,77.84386081552384,43.5,0.0,0.0,0.0,0.0,3
38.0,2.0,0.336495757581516,0.0,0.0,0.0,0.0,0.0,0.0,0.0,0.0,0.0,0.0,62.5,0.0,0.0,0.0,0.0,2.0,66.0,2.0,9,1,0.7691387559808612,102.22198067604305,105.0,0.0,0.0,0.0,0.0,3
10.0,3.0,1.054920167983144,0.0,0.0,0.0,0.0,0.0,0.0,0.0,0.0,0.0,0.0,56.0,0.0,0.0,0.0,0.0,0.0,152.0,0.0,10,1,0.7691387559808612,103.26018916633193,67.0,0.0,0.0,0.0,0.0,3
328.0,6.0,1.1549144034294565,0.0,18.0,0.0,0.0,0.0,0.0,0.0,0.0,0.0,2.0,40.5,0.0,0.0,0.0,0.0,6.0,230.0,6.0,11,1,0.7691387559808612,162.40176517924095,84.5,9.000000000000137,4.5,0.0,0.0,3
510.0,5.0,1.3086152406265124,0.0,62.0,0.0,0.0,0.0,0.0,0.0,0.0,0.0,2.0,52.81818181818182,0.0,0.0,0.0,0.0,10.0,198.0,6.0,12,1,0.7691387559808612,211.4734025829253,272.5,26.178871888095863,28.0,0.0,0.0,3
64.0,6.0,1.0224611354620217,0.0,46.0,0.0,0.0,0.0,0.0,0.0,0.0,0.0,0.0,73.5,0.0,2.0,2.0,2.0,12.0,160.0,12.0,13,1,0.7691387559808612,192.00694431886225,246.0,15.405626677721884,42.0,0.0,0.0,3
12.0,3.0,1.0114042647043515,0.0,0.0,0.0,0.0,0.0,0.0,0.0,0.0,0.0,0.0,60.0,0.0,0.0,0.0,0.0,0.0,368.0,0.0,14,1,0.7691387559808612,71.91430084946009,58.5,22.59055849980996,18.5,0.0,0.0,3
16.0,2.0,0.5623351446168083,0.0,42.0,0.0,0.0,0.0,0.0,0.0,0.0,0.0,0.0,51.5,0.0,0.0,0.0,0.0,4.0,788.0,2.0,15,1,0.7691387559808612,8.24621125123476,7.0,19.89974874213247,13.0,0.0,0.0,3
666.0,4.0,0.2061776558026921,0.0,0.0,0.0,0.0,0.0,0.0,0.0,0.0,0.0,2.0,47.35714285714285,0.0,0.0,0.0,0.0,0.0,34.0,0.0,16,1,0.7691387559808612,310.7941440889773,236.5,19.89974874213247,13.0,0.0,0.0,3
24.0,3.0,0.8239592164980822,0.0,26.0,0.0,0.0,0.0,0.0,0.0,0.0,0.0,0.0,50.0,0.0,0.0,0.0,0.0,8.0,122.0,10.0,17,1,0.7691387559808612,277.5626055505316,276.5,14.456832294801057,12.5,0.0,0.0,3
370.0,7.0,1.2664727524409851,0.0,64.0,0.0,0.0,0.0,0.0,0.0,0.0,0.0,2.0,47.63157894736842,0.0,0.0,0.0,0.0,26.0,576.0,16.0,18,1,0.7691387559808612,168.2963655777113,137.5,21.439838307848067,32.5,0.0,0.0,3
20.0,3.0,1.0888999753422235,0.0,34.0,0.0,0.0,0.0,0.0,0.0,0.0,0.0,0.0,45.333333333333336,0.0,0.0,0.0,0.0,6.0,402.0,6.0,19,1,0.7691387559808612,178.1422652451311,103.0,34.29285639896453,52.0,0.0,0.0,3
18.0,2.0,0.6869615765953234,0.0,0.0,0.0,0.0,0.0,0.0,0.0,0.0,0.0,0.0,32.0,0.0,0.0,0.0,0.0,0.0,58.0,0.0,20,1,0.7691387559808612,5.416025603088551,16.0,41.42060678776531,35.5,0.0,0.0,3
112.0,5.0,1.0457602198483538,0.0,12.0,0.0,0.0,0.0,0.0,0.0,0.0,0.0,4.0,20.83333333333333,0.0,0.0,0.0,0.0,6.0,140.0,4.0,21,0,0.7691387559808612,50.93787065304796,36.0,11.474609652039122,13.5,0.0,0.0,3
80.0,3.0,0.7305880613681225,0.0,0.0,0.0,0.0,0.0,0.0,0.0,0.0,0.0,2.0,39.333333333333336,0.0,0.0,0.0,0.0,0.0,70.0,8.0,22,0,0.7691387559808612,103.95511852076666,113.0,12.04159457879241,11.5,0.0,0.0,3
10.0,3.0,0.9502705392302344,0.0,0.0,0.0,0.0,0.0,0.0,0.0,0.0,0.0,0.0,71.0,0.0,0.0,0.0,0.0,2.0,24.0,2.0,23,0,0.7691387559808612,113.40047031060604,90.5,3.0000000000004547,1.5,0.0,0.0,3
16.0,4.0,1.2554823251747536,0.0,0.0,0.0,0.0,0.0,0.0,0.0,0.0,0.0,0.0,93.5,0.0,0.0,0.0,0.0,0.0,438.0,0.0,9,1,0.7691387559808612,65.98989821682287,58.0,0.0,0.0,0.0,0.0,3
20.0,2.0,0.6108643020528935,0.0,0.0,0.0,0.0,0.0,0.0,0.0,0.0,0.0,0.0,74.0,0.0,0.0,0.0,0.0,0.0,1254.0,0.0,10,1,0.7691387559808612,26.147020225384047,27.5,0.0,0.0,0.0,0.0,3
500.0,12.0,1.8464020155397576,0.0,0.0,0.0,0.0,0.0,0.0,0.0,0.0,0.0,6.0,60.68181818181818,0.0,0.0,0.0,0.0,12.0,816.0,6.0,11,1,0.7691387559808612,245.1142590711523,132.5,0.0,0.0,0.0,0.0,3
254.0,5.0,1.102529655899295,0.0,66.0,0.0,0.0,0.0,0.0,0.0,0.0,0.0,0.0,79.84615384615384,0.0,0.0,0.0,0.0,42.0,602.0,20.0,12,1,0.7691387559808612,281.7108446616849,349.5,50.67543783727974,42.0,0.0,0.0,3
38.0,4.0,1.246982639893757,0.0,50.0,0.0,0.0,0.0,0.0,0.0,0.0,0.0,0.0,71.66666666666667,0.0,0.0,0.0,0.0,36.0,1348.0,12.0,13,1,0.7691387559808612,293.35927915555465,234.5,36.51483716701112,58.0,0.0,0.0,3
112.0,8.0,1.8386832804915867,0.0,42.0,0.0,0.0,0.0,0.0,0.0,0.0,0.0,6.0,54.66666666666666,0.0,0.0,0.0,0.0,22.0,980.0,12.0,14,1,0.7691387559808612,51.881274720910966,38.5,23.45918441321728,26.5,0.0,0.0,3
44.0,6.0,1.4895913817400146,0.0,70.0,0.0,0.0,0.0,0.0,0.0,0.0,0.0,0.0,37.8,0.0,0.0,0.0,0.0,48.0,1516.0,26.0,15,1,0.7691387559808612,46.24572052273199,50.0,33.58571124749337,46.0,0.0,0.0,3
716.0,7.0,0.938098362499228,0.0,0.0,0.0,0.0,0.0,0.0,0.0,0.0,0.0,0.0,30.666666666666668,0.0,0.0,0.0,0.0,8.0,3618.0,4.0,16,1,0.7691387559808612,335.01194008572287,213.5,41.00000000000004,35.5,0.0,0.0,3
280.0,12.0,1.4328147309019237,0.0,0.0,0.0,0.0,0.0,0.0,0.0,0.0,0.0,8.0,30.0,0.0,0.0,0.0,0.0,16.0,982.0,4.0,17,1,0.7691387559808612,280.2778383437882,372.5,0.0,0.0,0.0,0.0,3
178.0,2.0,0.1075093957518402,0.0,0.0,0.0,0.0,0.0,0.0,0.0,0.0,0.0,0.0,59.54545454545455,0.0,0.0,0.0,0.0,8.0,86.0,8.0,18,1,0.7691387559808612,156.44700913301807,356.5,0.0,0.0,0.0,0.0,3
200.0,3.0,0.3643643649882572,0.0,0.0,0.0,0.0,0.0,0.0,0.0,0.0,0.0,0.0,95.22222222222224,0.0,0.0,0.0,0.0,8.0,1774.0,4.0,19,1,0.7691387559808612,261.8421916600403,405.0,0.0,0.0,0.0,0.0,3
18.0,3.0,0.936888307536016,0.0,44.0,0.0,0.0,0.0,0.0,0.0,0.0,0.0,0.0,84.66666666666667,0.0,0.0,0.0,0.0,32.0,960.0,12.0,20,1,0.7691387559808612,335.07412115331533,234.0,24.839484696748507,21.5,0.0,0.0,3
12.0,2.0,0.6931471805579453,0.0,0.0,0.0,0.0,0.0,0.0,0.0,0.0,0.0,0.0,68.0,0.0,0.0,0.0,0.0,0.0,428.0,0.0,21,0,0.7691387559808612,8.999999999997105,7.5,24.839484696748507,21.5,0.0,0.0,3
24.0,3.0,1.039720770836918,0.0,78.0,0.0,0.0,0.0,0.0,0.0,0.0,0.0,0.0,58.0,0.0,0.0,0.0,0.0,16.0,650.0,6.0,22,0,0.7691387559808612,10.5830052442559,10.0,37.10795063055899,23.5,0.0,0.0,3
440.0,9.0,1.5018196369166117,0.0,22.0,0.0,0.0,0.0,0.0,0.0,0.0,0.0,0.0,69.94736842105263,0.0,0.0,0.0,0.0,8.0,1718.0,4.0,23,0,0.7691387559808612,221.03996622028927,202.0,64.07027391856542,67.5,0.0,0.0,3
12.0,2.0,0.6931471805579453,0.0,36.0,0.0,0.0,0.0,0.0,0.0,0.0,0.0,0.0,69.0,0.0,0.0,0.0,0.0,16.0,286.0,4.0,0,0,0.7691387559808612,223.16511077376452,200.0,64.00781202322106,58.5,0.0,0.0,3
10.0,2.0,0.5004024235361879,0.0,0.0,0.0,0.0,0.0,0.0,0.0,0.0,0.0,0.0,60.0,0.0,0.0,0.0,0.0,0.0,230.0,0.0,1,0,0.7691387559808612,5.25991127934917,7.5,17.691806012954245,14.5,0.0,0.0,5
66.0,4.0,1.0870728722745862,0.0,0.0,0.0,0.0,0.0,0.0,0.0,0.0,0.0,0.0,52.66666666666666,0.0,0.0,0.0,0.0,0.0,194.0,0.0,9,1,0.7691387559808612,31.29962726082572,19.5,0.0,0.0,0.0,0.0,3
204.0,3.0,0.29694027394269,0.0,0.0,0.0,0.0,0.0,0.0,0.0,0.0,0.0,0.0,78.8,0.0,0.0,0.0,0.0,6.0,58.0,8.0,10,1,0.7691387559808612,136.73697378543946,144.5,0.0,0.0,0.0,0.0,3
10.0,1.0,-1.000088900581841e-12,0.0,0.0,0.0,0.0,0.0,0.0,0.0,0.0,0.0,0.0,75.0,0.0,0.0,0.0,0.0,2.0,94.0,2.0,11,1,0.7691387559808612,150.27973915335346,130.0,0.0,0.0,0.0,0.0,3
406.0,6.0,1.050481558228418,0.0,20.0,0.0,0.0,0.0,0.0,0.0,0.0,0.0,2.0,72.0,0.0,0.0,0.0,0.0,10.0,178.0,8.0,12,1,0.7691387559808612,193.12517529657623,119.0,10.0000000000002,5.0,0.0,0.0,3
306.0,9.0,1.62852459467762,0.0,46.0,0.0,0.0,0.0,0.0,0.0,0.0,0.0,2.0,96.23076923076924,0.0,0.0,0.0,0.0,6.0,692.0,6.0,13,1,0.7691387559808612,218.66565040414244,339.0,22.88376425911329,28.5,0.0,0.0,3
10.0,3.0,0.9502705392302344,0.0,16.0,0.0,0.0,0.0,0.0,0.0,0.0,0.0,0.0,95.0,0.0,0.0,0.0,0.0,4.0,400.0,4.0,14,1,0.7691387559808612,264.2246518905203,239.0,16.84240679554649,32.5,0.0,0.0,3
56.0,7.0,1.7166486264326384,0.0,2.0,0.0,0.0,0.0,0.0,0.0,0.0,0.0,0.0,80.75,0.0,0.0,0.0,0.0,2.0,1260.0,2.0,15,1,0.7691387559808612,29.726531359488074,30.5,7.724420150837905,12.5,0.0,0.0,4
234.0,6.0,1.2952505031348522,0.0,10.0,0.0,0.0,0.0,0.0,0.0,0.0,0.0,0.0,70.91666666666667,0.0,0.0,0.0,0.0,14.0,78.0,14.0,16,1,0.7691387559808612,107.98765361527812,76.0,5.88784057755224,6.0,0.0,0.0,4
10.0,3.0,1.054920167983144,0.0,20.0,0.0,0.0,0.0,0.0,0.0,0.0,0.0,0.0,66.0,0.0,0.0,0.0,0.0,10.0,124.0,10.0,17,1,0.7691387559808612,107.60885961047364,73.5,8.164965809277506,10.0,0.0,0.0,3
88.0,4.0,0.3991561674215943,0.0,4.0,0.0,0.0,0.0,0.0,0.0,0.0,0.0,2.0,59.25,0.0,0.0,0.0,0.0,4.0,38.0,4.0,18,1,0.7691387559808612,39.3742724800509,33.5,7.895146188218261,13.5,0.0,0.0,3
144.0,4.0,0.5541774655497789,0.0,0.0,0.0,0.0,0.0,0.0,0.0,0.0,0.0,2.0,86.11111111111111,0.0,0.0,0.0,0.0,4.0,238.0,4.0,19,1,0.7691387559808612,144.08793611310176,143.0,9.521904571390676,6.0,0.0,0.0,3
350.0,5.0,0.1949261365228614,0.0,0.0,0.0,0.0,0.0,0.0,0.0,0.0,0.0,2.0,91.83333333333331,0.0,0.0,0.0,0.0,4.0,124.0,4.0,20,1,0.7691387559808612,99.47193909171888,263.0,0.0,0.0,0.0,0.0,3
154.0,1.0,-1.000088900581841e-12,0.0,12.0,0.0,0.0,0.0,0.0,0.0,0.0,0.0,0.0,100.0,0.0,0.0,0.0,0.0,4.0,108.0,4.0,21,0,0.7691387559808612,250.34110063404816,359.0,6.00000000000033,3.0,0.0,0.0,3
194.0,7.0,1.552109319036229,0.0,78.0,0.0,0.0,0.0,0.0,0.0,0.0,0.0,2.0,83.55555555555556,0.0,0.0,0.0,0.0,8.0,564.0,8.0,23,0,0.7691387559808612,92.1357693840994,95.5,30.572318634128333,33.0,0.0,0.0,3
20.0,5.0,1.504788283676191,0.0,0.0,0.0,0.0,0.0,0.0,0.0,0.0,0.0,0.0,80.0,0.0,0.0,0.0,0.0,2.0,128.0,2.0,0,0,0.7691387559808612,88.04544281222026,62.0,33.74413529291676,30.0,0.0,0.0,3
210.0,4.0,0.831888615488519,0.0,0.0,0.0,0.0,0.0,0.0,0.0,0.0,0.0,0.0,99.3,0.0,0.0,0.0,0.0,6.0,72.0,6.0,9,1,0.7691387559808612,84.5596436447865,98.5,0.0,0.0,0.0,0.0,3
16.0,4.0,1.3208883431453222,0.0,0.0,0.0,0.0,0.0,0.0,0.0,0.0,0.0,0.0,90.0,0.0,0.0,0.0,0.0,8.0,202.0,10.0,10,1,0.7691387559808612,97.5892753670536,85.5,0.0,0.0,0.0,0.0,3
536.0,9.0,1.051923299246593,0.0,0.0,0.0,0.0,0.0,0.0,0.0,0.0,0.0,4.0,86.5,0.0,0.0,0.0,0.0,6.0,478.0,6.0,11,1,0.7691387559808612,265.4405143655855,138.0,0.0,0.0,0.0,0.0,3
186.0,5.0,0.5288968985881,0.0,0.0,0.0,0.0,0.0,0.0,0.0,0.0,0.0,2.0,99.22222222222224,0.0,0.0,0.0,0.0,12.0,350.0,10.0,12,1,0.7691387559808612,223.07771441062104,250.5,0.0,0.0,0.0,0.0,3
0.0,0.0,0.0,0.0,0.0,0.0,0.0,0.0,0.0,0.0,0.0,0.0,0.0,0.0,0.0,0.0,0.0,0.0,10.0,242.0,4.0,13,1,0.7691387559808612,139.88924190229903,116.5,0.0,0.0,0.0,0.0,3
78.0,6.0,1.5339013294355566,0.0,32.0,0.0,0.0,0.0,0.0,0.0,0.0,0.0,0.0,78.42857142857143,0.0,0.0,0.0,0.0,26.0,662.0,26.0,14,1,0.7691387559808612,37.1079506305581,28.5,28.91366458960199,23.0,0.0,0.0,3
36.0,4.0,1.3014810683834344,0.0,50.0,0.0,0.0,0.0,0.0,0.0,0.0,0.0,0.0,61.25,0.0,0.0,0.0,0.0,24.0,652.0,22.0,15,1,0.7691387559808612,31.890437438202973,37.5,26.35020556529564,35.5,0.0,0.0,3
208.0,5.0,1.280824414853715,0.0,0.0,0.0,0.0,0.0,0.0,0.0,0.0,0.0,2.0,44.2,0.0,0.0,0.0,0.0,4.0,710.0,4.0,16,1,0.7691387559808612,98.65765724632465,62.0,23.80476142847625,15.0,0.0,0.0,3
428.0,1.0,-1.000088900581841e-12,0.0,0.0,0.0,0.0,0.0,0.0,0.0,0.0,0.0,0.0,51.578947368421055,0.0,0.0,0.0,0.0,2.0,0.0,4.0,17,1,0.7691387559808612,191.0078532416925,173.0,5.000000000000397,2.5,0.0,0.0,3
492.0,4.0,0.448096506403443,0.0,42.0,0.0,0.0,0.0,0.0,0.0,0.0,0.0,0.0,96.0,0.0,0.0,0.0,0.0,4.0,596.0,4.0,18,1,0.7691387559808612,253.4633438323313,405.5,21.00000000000009,10.5,0.0,0.0,3
0.0,0.0,0.0,0.0,30.0,0.0,0.0,0.0,0.0,0.0,0.0,0.0,0.0,0.0,0.0,0.0,0.0,0.0,0.0,0.0,0.0,19,1,0.7691387559808612,335.3525508078524,286.0,20.29778313018453,29.0,0.0,0.0,3
8.0,2.0,0.5623351446168083,0.0,0.0,0.0,0.0,0.0,0.0,0.0,0.0,0.0,0.0,0.0,0.0,0.0,0.0,0.0,0.0,0.0,0.0,1,0,0.7691387559808612,244.35697930145813,125.5,20.29778313018453,29.0,0.0,0.0,3
8.0,2.0,0.5623351446168083,0.0,0.0,0.0,0.0,0.0,0.0,0.0,0.0,0.0,0.0,72.0,0.0,0.0,0.0,0.0,4.0,302.0,2.0,11,1,0.7691387559808612,9.933109617164464,8.0,0.0,0.0,0.0,0.0,3
248.0,3.0,0.6313560422190024,0.0,32.0,0.0,0.0,0.0,0.0,0.0,0.0,0.0,4.0,82.0,0.0,0.0,0.0,0.0,12.0,274.0,6.0,12,1,0.7691387559808612,136.45023512866,122.0,15.695009822658196,8.5,0.0,0.0,3
10.0,2.0,0.5004024235361879,0.0,72.0,0.0,0.0,0.0,0.0,0.0,0.0,0.0,0.0,99.0,0.0,0.0,0.0,0.0,20.0,48.0,12.0,13,1,0.7691387559808612,165.85133905599497,226.0,30.59411708155677,30.0,0.0,0.0,3
0.0,0.0,0.0,0.0,74.0,0.0,0.0,0.0,0.0,0.0,0.0,0.0,0.0,0.0,0.0,0.0,0.0,0.0,12.0,168.0,4.0,14,1,0.7691387559808612,205.38743875904373,106.0,37.85498646149545,40.5,0.0,0.0,3
164.0,6.0,0.9491311837327798,0.0,136.0,0.0,0.0,0.0,0.0,0.0,0.0,0.0,0.0,77.88888888888889,0.0,0.0,0.0,0.0,40.0,1258.0,24.0,15,1,0.7691387559808612,83.54439937342656,70.5,65.16645353758842,53.0,0.0,0.0,3
20.0,4.0,1.2798542258296677,0.0,84.0,0.0,0.0,0.0,0.0,0.0,0.0,0.0,0.0,67.0,0.0,0.0,0.0,0.0,8.0,610.0,8.0,16,1,0.7691387559808612,61.30524719249783,94.5,56.15158056546586,71.5,0.0,0.0,3
12.0,2.0,0.6365141682928128,0.0,4.0,0.0,0.0,0.0,0.0,0.0,0.0,0.0,0.0,59.0,0.0,0.0,0.0,0.0,0.0,978.0,0.0,17,1,0.7691387559808612,33.684813591091704,27.0,37.27376199598501,44.0,0.0,0.0,3
502.0,8.0,0.9509829440810909,0.0,0.0,0.0,0.0,0.0,0.0,0.0,0.0,0.0,12.0,55.52173913043478,0.0,0.0,0.0,0.0,6.0,1630.0,6.0,18,1,0.7691387559808612,249.06424873915552,128.5,10.503967504392651,6.5,0.0,0.0,3
168.0,6.0,1.0251767709476312,0.0,0.0,0.0,0.0,0.0,0.0,0.0,0.0,0.0,6.0,59.888888888888886,0.0,0.0,0.0,0.0,20.0,838.0,12.0,19,1,0.7691387559808612,225.1666049839539,181.0,0.0,0.0,0.0,0.0,3
14.0,2.0,0.6829081046984717,0.0,0.0,0.0,0.0,0.0,0.0,0.0,0.0,0.0,0.0,42.0,0.0,0.0,0.0,0.0,0.0,148.0,0.0,20,1,0.7691387559808612,76.18398781896319,59.0,0.0,0.0,0.0,0.0,3
330.0,3.0,0.102449106208089,0.0,32.0,0.0,0.0,0.0,0.0,0.0,0.0,0.0,4.0,33.92857142857143,0.0,0.0,0.0,0.0,24.0,344.0,14.0,21,0,0.7691387559808612,162.10696057438926,87.0,23.23072677870131,19.5,0.0,0.0,3
120.0,3.0,0.3429202886372654,0.0,0.0,0.0,0.0,0.0,0.0,0.0,0.0,0.0,4.0,55.16666666666666,0.0,0.0,0.0,0.0,12.0,1002.0,4.0,23,0,0.7691387559808612,176.9105235234277,215.0,16.000000000000107,8.0,0.0,0.0,3
14.0,4.0,1.277034259462139,0.0,0.0,0.0,0.0,0.0,0.0,0.0,0.0,0.0,0.0,44.0,0.0,0.0,0.0,0.0,4.0,186.0,6.0,0,0,0.7691387559808612,178.98230825047094,136.0,0.0,0.0,0.0,0.0,3
96.0,5.0,0.7103693752874721,0.0,48.0,0.0,0.0,0.0,0.0,0.0,0.0,0.0,2.0,87.66666666666667,0.0,0.0,0.0,0.0,12.0,210.0,4.0,10,1,0.7691387559808612,97.25567678375693,128.0,24.000000000000075,12.0,0.0,0.0,3
16.0,2.0,0.3767701612544368,0.0,48.0,0.0,0.0,0.0,0.0,0.0,0.0,0.0,0.0,83.5,0.0,0.0,0.0,0.0,16.0,444.0,8.0,11,1,0.7691387559808612,108.46812127686762,92.0,23.40939982143932,29.0,0.0,0.0,3
32.0,5.0,1.5808185358543014,0.0,210.0,0.0,0.0,0.0,0.0,0.0,0.0,0.0,0.0,85.0,0.0,0.0,0.0,0.0,44.0,454.0,22.0,12,1,0.7691387559808612,175.21320345986086,107.5,87.49857141690946,80.0,0.0,0.0,3
14.0,3.0,1.0042424730510766,0.0,66.0,0.0,0.0,0.0,0.0,0.0,0.0,0.0,0.0,69.0,0.0,0.0,0.0,0.0,16.0,692.0,8.0,13,1,0.7691387559808612,177.81638469687377,104.0,87.82368700982671,82.5,0.0,0.0,3
348.0,4.0,0.6326626448138153,0.0,0.0,0.0,0.0,0.0,0.0,0.0,0.0,0.0,4.0,62.4375,0.0,0.0,0.0,0.0,16.0,72.0,10.0,14,1,0.7691387559808612,171.7934806679227,90.5,31.51190251317754,19.5,0.0,0.0,3
18.0,3.0,1.0986122886651095,0.0,56.0,0.0,0.0,0.0,0.0,0.0,0.0,0.0,0.0,64.5,0.0,0.0,0.0,0.0,8.0,2200.0,6.0,15,1,0.7691387559808612,165.39649331228256,101.0,68.00000000000003,50.0,0.0,0.0,3
104.0,2.0,0.0950301172536463,0.0,0.0,0.0,0.0,0.0,0.0,0.0,0.0,0.0,4.0,38.6,0.0,0.0,0.0,0.0,12.0,278.0,6.0,16,1,0.7691387559808612,45.401908917283,40.0,64.85625130496935,53.5,0.0,0.0,3
718.0,1.0,-1.000088900581841e-12,0.0,0.0,0.0,0.0,0.0,0.0,0.0,0.0,0.0,0.0,63.8,0.0,0.0,0.0,0.0,0.0,0.0,0.0,17,1,0.7691387559808612,321.38243055068614,247.0,7.000000000000331,3.5,0.0,0.0,3
80.0,6.0,1.1176159792750415,0.0,0.0,0.0,0.0,0.0,0.0,0.0,0.0,0.0,4.0,91.2,0.0,0.0,0.0,0.0,4.0,400.0,2.0,18,1,0.7691387559808612,283.8984560249197,334.5,0.0,0.0,0.0,0.0,3
18.0,2.0,0.5297061990556545,0.0,6.0,0.0,0.0,0.0,0.0,0.0,0.0,0.0,0.0,89.66666666666667,0.0,0.0,0.0,0.0,28.0,112.0,14.0,19,1,0.7691387559808612,157.67054258801775,171.0,25.15949125081834,14.5,0.0,0.0,3
0.0,0.0,0.0,0.0,2.0,0.0,0.0,0.0,0.0,0.0,0.0,0.0,0.0,0.0,0.0,0.0,0.0,0.0,4.0,90.0,2.0,20,1,0.7691387559808612,102.62390884519353,58.5,36.03701800463895,34.0,0.0,0.0,3
24.0,5.0,1.5171063970560277,0.0,10.0,0.0,0.0,0.0,0.0,0.0,0.0,0.0,0.0,68.5,0.0,0.0,0.0,0.0,4.0,704.0,4.0,21,0,0.7691387559808612,10.754843869930806,10.5,34.273410490738605,25.0,0.0,0.0,3
62.0,2.0,0.4418033480080161,0.0,0.0,0.0,0.0,0.0,0.0,0.0,0.0,0.0,4.0,73.0,0.0,0.0,0.0,0.0,12.0,352.0,6.0,22,0,0.7691387559808612,194.4359363217953,130.0,6.403124237433204,5.5,0.0,0.0,3
130.0,3.0,0.2164084047554745,0.0,0.0,0.0,0.0,0.0,0.0,0.0,0.0,0.0,0.0,88.33333333333333,0.0,0.0,0.0,0.0,8.0,42.0,10.0,23,0,0.7691387559808612,193.7902646333572,262.0,0.0,0.0,0.0,0.0,3
12.0,3.0,1.0114042647043515,0.0,0.0,0.0,0.0,0.0,0.0,0.0,0.0,0.0,0.0,96.5,0.0,0.0,0.0,0.0,4.0,118.0,2.0,0,0,0.7691387559808612,190.24895969930188,160.0,0.0,0.0,0.0,0.0,3
22.0,2.0,0.5859526183015509,0.0,0.0,0.0,0.0,0.0,0.0,0.0,0.0,0.0,0.0,100.0,0.0,0.0,0.0,0.0,4.0,90.0,4.0,8,1,0.7691387559808612,56.166419386200765,46.0,0.0,0.0,0.0,0.0,3
106.0,3.0,0.2535476751995521,0.0,0.0,0.0,0.0,0.0,0.0,0.0,0.0,0.0,2.0,87.83333333333333,0.0,0.0,0.0,0.0,10.0,244.0,10.0,9,1,0.7691387559808612,45.09249752822808,39.0,0.0,0.0,0.0,0.0,3
146.0,5.0,0.610847760840783,0.0,0.0,0.0,0.0,0.0,0.0,0.0,0.0,0.0,2.0,96.25,0.0,0.0,0.0,0.0,10.0,188.0,8.0,10,1,0.7691387559808612,110.15595005869294,133.5,0.0,0.0,0.0,0.0,3
90.0,5.0,1.301951359061222,0.0,0.0,0.0,0.0,0.0,0.0,0.0,0.0,0.0,0.0,99.5,0.0,0.0,0.0,0.0,16.0,1208.0,6.0,11,1,0.7691387559808612,151.0982020629848,235.0,0.0,0.0,0.0,0.0,3
26.0,4.0,1.2658567518687371,0.0,42.0,0.0,0.0,0.0,0.0,0.0,0.0,0.0,0.0,89.66666666666667,0.0,0.0,0.0,0.0,32.0,710.0,12.0,12,1,0.7691387559808612,196.6206160774261,139.5,21.000000000000107,10.5,0.0,0.0,3
20.0,3.0,0.9502705392302344,0.0,28.0,0.0,0.0,0.0,0.0,0.0,0.0,0.0,0.0,76.0,0.0,0.0,0.0,0.0,4.0,214.0,2.0,13,1,0.7691387559808612,10.392304845409608,15.0,36.74688195389288,39.5,0.0,0.0,3
18.0,3.0,0.8486855577234171,0.0,0.0,0.0,0.0,0.0,0.0,0.0,0.0,0.0,4.0,62.5,0.0,0.0,0.0,0.0,8.0,292.0,4.0,14,1,0.7691387559808612,10.456258094235116,10.0,59.37451754189956,62.0,0.0,0.0,3
700.0,2.0,0.0352109907024966,0.0,0.0,0.0,0.0,0.0,0.0,0.0,0.0,0.0,0.0,91.27586206896552,0.0,0.0,0.0,0.0,4.0,4.0,4.0,15,1,0.7691387559808612,325.9135877294265,235.5,66.00000000000003,33.0,0.0,0.0,3
72.0,4.0,0.5494580478610178,0.0,0.0,0.0,0.0,0.0,0.0,0.0,0.0,0.0,4.0,93.0,0.0,0.0,0.0,0.0,16.0,648.0,10.0,16,1,0.7691387559808612,311.7092662508874,252.0,0.0,0.0,0.0,0.0,3
444.0,6.0,0.4448001403589453,0.0,0.0,0.0,0.0,0.0,0.0,0.0,0.0,0.0,4.0,99.2,0.0,0.0,0.0,0.0,4.0,92.0,2.0,17,1,0.7691387559808612,207.9326814139613,217.0,0.0,0.0,0.0,0.0,3
0.0,0.0,0.0,0.0,0.0,0.0,0.0,0.0,0.0,0.0,0.0,0.0,0.0,0.0,0.0,0.0,0.0,0.0,0.0,126.0,0.0,18,1,0.7691387559808612,195.9183503401352,286.0,0.0,0.0,0.0,0.0,3
10.0,2.0,0.6730116670072565,0.0,0.0,0.0,0.0,0.0,0.0,0.0,0.0,0.0,0.0,90.0,0.0,0.0,0.0,0.0,8.0,334.0,8.0,19,1,0.7691387559808612,176.72954855748733,95.0,0.0,0.0,0.0,0.0,3
10.0,4.0,1.3321790402061222,0.0,14.0,0.0,0.0,0.0,0.0,0.0,0.0,0.0,0.0,85.0,0.0,0.0,0.0,0.0,16.0,496.0,10.0,20,1,0.7691387559808612,72.99999999999959,46.5,14.28285685708587,11.0,0.0,0.0,3
16.0,3.0,0.9002560512655369,0.0,22.0,0.0,0.0,0.0,0.0,0.0,0.0,0.0,0.0,74.0,0.0,0.0,0.0,0.0,4.0,1542.0,2.0,21,0,0.7691387559808612,73.9617018012246,45.5,6.831300510640086,21.0,0.0,0.0,3
0.0,0.0,0.0,0.0,0.0,0.0,0.0,0.0,0.0,0.0,0.0,0.0,0.0,0.0,0.0,0.0,0.0,0.0,8.0,102.0,8.0,22,0,0.7691387559808612,7.724420150833627,4.5,11.66190378969081,10.0,0.0,0.0,3
10.0,2.0,0.6730116670072565,0.0,0.0,0.0,0.0,0.0,0.0,0.0,0.0,0.0,0.0,51.0,0.0,0.0,0.0,0.0,4.0,1084.0,2.0,23,0,0.7691387559808612,9.092121131320493,8.0,0.0,0.0,0.0,0.0,3
18.0,4.0,1.2730283365856256,0.0,0.0,0.0,0.0,0.0,0.0,0.0,0.0,0.0,0.0,30.0,0.0,0.0,0.0,0.0,4.0,324.0,2.0,0,0,0.7691387559808612,9.092121131320493,12.0,0.0,0.0,0.0,0.0,3
2.0,1.0,-1.000088900581841e-12,0.0,0.0,0.0,0.0,0.0,0.0,0.0,0.0,0.0,0.0,18.0,0.0,0.0,0.0,0.0,0.0,368.0,0.0,1,0,0.7691387559808612,8.225975119498274,12.5,0.0,0.0,0.0,0.0,4
10.0,2.0,0.5004024235361879,0.0,0.0,0.0,0.0,0.0,0.0,0.0,0.0,0.0,0.0,54.0,0.0,0.0,0.0,0.0,0.0,1532.0,0.0,9,1,0.7691387559808612,94.88238333150473,82.0,0.0,0.0,0.0,0.0,3
598.0,10.0,1.4894590855914864,0.0,0.0,0.0,0.0,0.0,0.0,0.0,0.0,0.0,0.0,41.22222222222222,0.0,0.0,0.0,0.0,16.0,536.0,10.0,10,1,0.7691387559808612,268.0198997587056,280.0,0.0,0.0,0.0,0.0,3
704.0,12.0,1.701094293842581,0.0,80.0,0.0,0.0,0.0,0.0,0.0,0.0,0.0,8.0,44.96666666666667,0.0,0.0,0.0,0.0,20.0,1318.0,14.0,11,1,0.7691387559808612,139.7807807485229,596.0,37.74917217635381,27.5,0.0,0.0,3
646.0,9.0,1.5215451622502745,0.0,128.0,0.0,0.0,0.0,0.0,0.0,0.0,0.0,10.0,56.25,0.0,0.0,0.0,0.0,32.0,1390.0,16.0,12,1,0.7691387559808612,31.283648551066225,688.0,52.29085324732556,62.5,0.0,0.0,3
356.0,5.0,0.914777266389861,0.0,6.0,0.0,0.0,0.0,0.0,0.0,0.0,0.0,0.0,57.875,0.0,0.0,0.0,0.0,24.0,648.0,16.0,13,1,0.7691387559808612,267.255183922283,465.0,61.738696671266645,61.5,0.0,0.0,3
646.0,9.0,1.3830258009718222,0.0,0.0,0.0,0.0,0.0,0.0,0.0,0.0,0.0,0.0,46.55555555555556,0.0,0.0,0.0,0.0,6.0,3418.0,2.0,14,1,0.7691387559808612,209.81499787511208,364.5,45.91296113299604,37.0,0.0,0.0,3
718.0,1.0,-1.000088900581841e-12,0.0,0.0,0.0,0.0,0.0,0.0,0.0,0.0,0.0,0.0,66.06666666666666,0.0,0.0,0.0,0.0,0.0,0.0,0.0,15,1,0.7691387559808612,186.70029459001924,592.5,21.000000000000107,10.5,0.0,0.0,3
652.0,8.0,1.1098962447278096,0.0,136.0,0.0,0.0,0.0,0.0,0.0,0.0,0.0,0.0,82.96551724137932,0.0,0.0,0.0,0.0,72.0,3598.0,52.0,16,1,0.7691387559808612,49.39635614091354,666.0,66.96267617113286,55.0,0.0,0.0,3
330.0,7.0,1.7266004984083174,0.0,114.0,0.0,0.0,0.0,0.0,0.0,0.0,0.0,6.0,70.5,0.0,0.0,0.0,0.0,36.0,578.0,16.0,17,1,0.7691387559808612,152.00877167672476,556.0,88.92506208413167,154.5,0.0,0.0,3
642.0,8.0,1.7876653856778746,0.0,0.0,0.0,0.0,0.0,0.0,0.0,0.0,0.0,6.0,71.96428571428571,0.0,0.0,0.0,0.0,30.0,2144.0,12.0,18,1,0.7691387559808612,149.97221964972923,553.5,134.22741895752895,99.5,0.0,0.0,3
718.0,8.0,0.6337594115206613,0.0,0.0,0.0,0.0,0.0,0.0,0.0,0.0,0.0,0.0,87.26666666666667,0.0,0.0,0.0,0.0,6.0,314.0,4.0,19,1,0.7691387559808612,53.42908072077076,667.0,0.0,0.0,0.0,0.0,3
382.0,10.0,1.686749628900404,0.0,0.0,0.0,0.0,0.0,0.0,0.0,0.0,0.0,0.0,93.94444444444444,0.0,0.0,0.0,0.0,30.0,1210.0,16.0,20,1,0.7691387559808612,161.40528698486503,623.5,0.0,0.0,0.0,0.0,3
332.0,11.0,1.8770066188913728,0.0,32.0,0.0,0.0,0.0,0.0,0.0,0.0,0.0,0.0,84.13333333333334,0.0,0.0,0.0,0.0,36.0,1768.0,10.0,21,0,0.7691387559808612,173.4925550756188,503.5,16.00000000000015,8.0,0.0,0.0,3
716.0,7.0,0.7601591390190034,0.0,12.0,0.0,0.0,0.0,0.0,0.0,0.0,0.0,0.0,71.9,0.0,0.0,0.0,0.0,0.0,1232.0,0.0,22,0,0.7691387559808612,199.38154377975903,494.5,14.364307617610333,17.5,0.0,0.0,3
656.0,8.0,1.5613502759883309,0.0,0.0,0.0,0.0,0.0,0.0,0.0,0.0,0.0,0.0,58.5,0.0,0.0,0.0,0.0,12.0,1822.0,6.0,23,0,0.7691387559808612,215.6316303328433,500.5,12.543258481484717,16.0,0.0,0.0,3
638.0,9.0,1.2334715501008602,0.0,0.0,0.0,0.0,0.0,0.0,0.0,0.0,0.0,0.0,46.5,0.0,0.0,0.0,0.0,24.0,602.0,12.0,0,0,0.7691387559808612,182.8979679128957,489.5,13.000000000000188,6.5,0.0,0.0,3
24.0,3.0,1.077556327063801,0.0,16.0,0.0,0.0,0.0,0.0,0.0,0.0,0.0,0.0,85.5,0.0,0.0,0.0,0.0,12.0,56.0,14.0,10,1,0.7691387559808612,183.05918897085343,173.0,11.23981020005846,9.5,0.0,0.0,3
14.0,2.0,0.5982695885832573,0.0,60.0,0.0,0.0,0.0,0.0,0.0,0.0,0.0,0.0,80.0,0.0,0.0,0.0,0.0,8.0,64.0,8.0,11,1,0.7691387559808612,183.1820588012555,105.5,20.816659994661443,29.0,0.0,0.0,3
12.0,3.0,1.0114042647043515,0.0,22.0,0.0,0.0,0.0,0.0,0.0,0.0,0.0,0.0,75.0,0.0,0.0,0.0,0.0,6.0,200.0,6.0,12,1,0.7691387559808612,10.89342309224368,15.0,22.774254470051737,27.0,0.0,0.0,3
0.0,0.0,0.0,0.0,0.0,0.0,0.0,0.0,0.0,0.0,0.0,0.0,0.0,0.0,0.0,0.0,0.0,0.0,0.0,38.0,0.0,13,1,0.7691387559808612,13.711309200800674,11.0,10.376254944182488,7.5,0.0,0.0,3
506.0,10.0,0.8678083616117694,0.0,0.0,0.0,0.0,0.0,0.0,0.0,0.0,0.0,2.0,46.56521739130435,0.0,0.0,0.0,0.0,4.0,1276.0,4.0,14,1,0.7691387559808612,250.72162518086327,130.0,0.0,0.0,0.0,0.0,3
362.0,6.0,0.5020845085228914,0.0,0.0,0.0,0.0,0.0,0.0,0.0,0.0,0.0,2.0,53.75,0.0,0.0,0.0,0.0,12.0,572.0,12.0,15,1,0.7691387559808612,211.01026831254748,274.0,0.0,0.0,0.0,0.0,3
512.0,4.0,0.7377278738868949,0.0,0.0,0.0,0.0,0.0,0.0,0.0,0.0,0.0,4.0,82.5,0.0,0.0,0.0,0.0,12.0,60.0,12.0,16,1,0.7691387559808612,129.9063765435193,339.5,0.0,0.0,0.0,0.0,3
448.0,2.0,0.0510180467781919,0.0,0.0,0.0,0.0,0.0,0.0,0.0,0.0,0.0,2.0,97.9,0.0,0.0,0.0,0.0,8.0,50.0,6.0,17,1,0.7691387559808612,141.47320123142268,361.0,0.0,0.0,0.0,0.0,3
254.0,5.0,0.9010270653122684,0.0,0.0,0.0,0.0,0.0,0.0,0.0,0.0,0.0,2.0,98.84615384615384,0.0,0.0,0.0,0.0,10.0,276.0,12.0,18,1,0.7691387559808612,141.16184564770543,257.0,0.0,0.0,0.0,0.0,3
24.0,3.0,1.028183859329926,0.0,0.0,0.0,0.0,0.0,0.0,0.0,0.0,0.0,0.0,99.0,0.0,0.0,0.0,0.0,0.0,312.0,0.0,19,1,0.7691387559808612,114.8274067169214,97.0,0.0,0.0,0.0,0.0,3
48.0,6.0,1.09861228866211,0.0,6.0,0.0,0.0,0.0,0.0,0.0,0.0,0.0,0.0,93.83333333333331,0.0,0.0,0.0,0.0,14.0,110.0,14.0,20,1,0.7691387559808612,109.76338187209772,78.0,3.0000000000008087,1.5,0.0,0.0,3
4.0,1.0,-1.000088900581841e-12,0.0,16.0,0.0,0.0,0.0,0.0,0.0,0.0,0.0,0.0,83.0,0.0,0.0,0.0,0.0,4.0,40.0,4.0,21,0,0.7691387559808612,111.38372113254826,75.5,9.86576572463274,11.0,0.0,0.0,3
0.0,0.0,0.0,0.0,0.0,0.0,0.0,0.0,0.0,0.0,0.0,0.0,0.0,0.0,0.0,0.0,0.0,0.0,0.0,1486.0,0.0,22,0,0.7691387559808612,12.36931687685079,10.5,9.574271077563631,11.5,0.0,0.0,3
0.0,0.0,0.0,0.0,0.0,0.0,0.0,0.0,0.0,0.0,0.0,0.0,0.0,0.0,0.0,0.0,0.0,0.0,2.0,2.0,2.0,23,0,0.7691387559808612,13.613718571106102,11.0,4.000000000000603,2.0,0.0,0.0,3
28.0,5.0,1.3316643102880148,0.0,0.0,0.0,0.0,0.0,0.0,0.0,0.0,0.0,0.0,50.66666666666666,0.0,0.0,0.0,0.0,0.0,170.0,0.0,0,0,0.7691387559808612,12.041594578790043,16.5,0.0,0.0,0.0,0.0,3
0.0,0.0,0.0,0.0,0.0,0.0,0.0,0.0,0.0,0.0,0.0,0.0,0.0,0.0,0.0,0.0,0.0,0.0,0.0,204.0,0.0,9,1,0.7691387559808612,56.24648137142991,60.5,0.0,0.0,0.0,0.0,3
18.0,3.0,1.0608569471550215,0.0,0.0,0.0,0.0,0.0,0.0,0.0,0.0,0.0,0.0,76.0,0.0,0.0,0.0,0.0,6.0,236.0,6.0,10,1,0.7691387559808612,40.04580710469714,34.5,0.0,0.0,0.0,0.0,3
298.0,6.0,0.289467945063983,0.0,0.0,0.0,0.0,0.0,0.0,0.0,0.0,0.0,4.0,72.53333333333333,0.0,0.0,0.0,0.0,12.0,150.0,10.0,11,1,0.7691387559808612,164.1828249239242,165.0,0.0,0.0,0.0,0.0,3
446.0,6.0,0.651144480526745,0.0,0.0,0.0,0.0,0.0,0.0,0.0,0.0,0.0,4.0,91.76190476190476,0.0,0.0,0.0,0.0,20.0,58.0,16.0,12,1,0.7691387559808612,69.72326249777247,342.0,0.0,0.0,0.0,0.0,3
36.0,4.0,1.035016633480322,0.0,42.0,0.0,0.0,0.0,0.0,0.0,0.0,0.0,0.0,89.6,0.0,0.0,0.0,0.0,30.0,484.0,30.0,13,1,0.7691387559808612,212.27026797615025,200.0,43.73785545725813,33.5,0.0,0.0,4
0.0,0.0,0.0,0.0,34.0,0.0,0.0,0.0,0.0,0.0,0.0,0.0,0.0,0.0,0.0,0.0,0.0,0.0,2.0,88.0,2.0,14,1,0.7691387559808612,15.176736583775217,15.5,26.60200493697179,59.5,0.0,0.0,3
12.0,4.0,1.3296613488507585,0.0,6.0,0.0,0.0,0.0,0.0,0.0,0.0,0.0,0.0,71.0,0.0,0.0,0.0,0.0,4.0,880.0,4.0,15,1,0.7691387559808612,6.928203230273184,10.0,27.202941017470977,33.0,0.0,0.0,4
78.0,4.0,0.7748630698662919,0.0,0.0,0.0,0.0,0.0,0.0,0.0,0.0,0.0,2.0,46.0,0.0,0.0,0.0,0.0,4.0,648.0,2.0,16,1,0.7691387559808612,34.11744421846348,27.0,15.438048235879371,15.5,0.0,0.0,3
648.0,4.0,0.3216914998342973,0.0,0.0,0.0,0.0,0.0,0.0,0.0,0.0,0.0,0.0,79.35714285714286,0.0,0.0,0.0,0.0,6.0,128.0,6.0,17,1,0.7691387559808612,311.62958781219726,304.5,17.000000000000142,8.5,0.0,0.0,3
10.0,2.0,0.5004024235361879,0.0,0.0,0.0,0.0,0.0,0.0,0.0,0.0,0.0,0.0,77.0,0.0,0.0,0.0,0.0,0.0,464.0,0.0,18,1,0.7691387559808612,329.44954090118256,287.5,0.0,0.0,0.0,0.0,3
718.0,2.0,0.0483051822207435,0.0,0.0,0.0,0.0,0.0,0.0,0.0,0.0,0.0,0.0,77.0,0.0,0.0,0.0,0.0,10.0,30.0,10.0,19,1,0.7691387559808612,348.8471489539986,195.5,0.0,0.0,0.0,0.0,3
304.0,3.0,0.1913934249550095,0.0,28.0,0.0,0.0,0.0,0.0,0.0,0.0,0.0,0.0,95.76923076923076,0.0,0.0,0.0,0.0,12.0,10.0,10.0,20,1,0.7691387559808612,296.5462302351298,302.5,14.000000000000174,7.0,0.0,0.0,3
0.0,0.0,0.0,0.0,40.0,0.0,0.0,0.0,0.0,0.0,0.0,0.0,0.0,0.0,0.0,0.0,0.0,0.0,0.0,26.0,0.0,21,0,0.7691387559808612,143.5920146340549,112.0,17.15614564327717,24.5,0.0,0.0,3
