0.0,0.0,0.0,0.0,0.0,0.0,0.0,0.0,28.0,6.0,1.574097336842973,0.0,0.0,22.83333333333333,0.0,0.0,0.0,0.0,0.0,0.0,0.0,7,0,0.545531197301855,0.0,0.0,0.0,0.0,0.0,0.0,2
706.0,1.0,-1.000088900581841e-12,0.0,0.0,0.0,0.0,0.0,50.0,4.0,1.1236961985799538,0.0,0.0,20.77777777777778,0.0,0.0,0.0,0.0,4.0,0.0,0.0,7,0,0.545531197301855,499.21738751770255,353.0,0.0,0.0,0.0,0.0,2
702.0,1.0,-1.000088900581841e-12,0.0,0.0,0.0,0.0,0.0,24.0,5.0,1.3579778549823245,0.0,0.0,18.5,0.0,0.0,0.0,0.0,2.0,0.0,0.0,8,1,0.545531197301855,406.4595100785973,469.3333333333333,0.0,0.0,0.0,0.0,2
704.0,1.0,-1.000088900581841e-12,0.0,0.0,0.0,0.0,0.0,12.0,1.0,-1.000088900581841e-12,0.0,0.0,16.833333333333332,0.0,0.0,0.0,0.0,2.0,0.0,0.0,8,1,0.545531197301855,352.0037878584074,528.0,0.0,0.0,0.0,0.0,2
158.0,1.0,-1.000088900581841e-12,0.0,0.0,0.0,0.0,0.0,12.0,2.0,0.6365141682928128,0.0,0.0,16.0,0.0,0.0,0.0,0.0,2.0,0.0,0.0,9,1,0.545531197301855,273.00488396119704,567.5,0.0,0.0,0.0,0.0,2
704.0,4.0,0.6294377133584387,0.0,0.0,0.0,0.0,0.0,116.0,13.0,2.006178961533024,0.0,0.0,29.6896551724138,0.0,0.0,0.0,0.0,4.0,1136.0,4.0,10,1,0.545531197301855,365.8524292662275,392.0,0.0,0.0,0.0,0.0,1
710.0,5.0,0.696784913619378,0.0,0.0,0.0,0.0,0.0,38.0,6.0,1.3372952378898222,0.0,4.0,42.05882352941177,0.0,0.0,0.0,0.0,8.0,466.0,2.0,10,1,0.545531197301855,367.5663205463743,393.5,0.0,0.0,0.0,0.0,2
716.0,1.0,-1.000088900581841e-12,0.0,0.0,0.0,0.0,0.0,76.0,10.0,1.9048327881048064,0.0,0.0,52.43333333333333,0.0,0.0,0.0,0.0,0.0,244.0,0.0,11,1,0.545531197301855,354.0338966822245,533.0,0.0,0.0,0.0,0.0,2
712.0,7.0,1.0917484352895988,0.0,0.0,0.0,0.0,0.0,172.0,8.0,1.690268647660879,0.0,0.0,65.03333333333333,0.0,0.0,0.0,0.0,8.0,296.0,6.0,11,1,0.545531197301855,5.0,710.5,0.0,0.0,0.0,0.0,2
696.0,13.0,1.7987988524017744,0.0,0.0,0.0,0.0,0.0,106.0,8.0,1.6704636205719412,0.0,0.0,81.86666666666666,0.0,0.0,0.0,0.0,12.0,858.0,10.0,12,1,0.545531197301855,8.698658900466588,708.5,0.0,0.0,0.0,0.0,2
710.0,4.0,0.6612609751825057,0.0,0.0,0.0,0.0,0.0,144.0,7.0,1.5797941371198738,0.0,0.0,94.65517241379312,0.0,0.0,0.0,0.0,18.0,582.0,2.0,12,1,0.545531197301855,8.698658900466588,708.5,0.0,0.0,0.0,0.0,2
712.0,7.0,1.3486555698537916,0.0,0.0,0.0,0.0,0.0,90.0,7.0,0.8474277149237726,0.0,0.0,94.55,0.0,0.0,0.0,0.0,12.0,224.0,4.0,13,1,0.545531197301855,7.72442015083764,707.5,0.0,0.0,0.0,0.0,1
716.0,1.0,-1.000088900581841e-12,0.0,0.0,0.0,0.0,0.0,28.0,3.0,0.796311640170813,0.0,0.0,89.76666666666667,0.0,0.0,0.0,0.0,0.0,114.0,0.0,13,1,0.545531197301855,8.698658900466588,708.5,0.0,0.0,0.0,0.0,2
682.0,6.0,1.1937089932744902,0.0,0.0,0.0,0.0,0.0,324.0,10.0,1.566757633559065,0.0,0.0,85.58333333333333,0.0,0.0,0.0,0.0,110.0,332.0,28.0,14,1,0.545531197301855,15.53490693030805,705.0,0.0,0.0,0.0,0.0,2
0.0,0.0,0.0,0.0,0.0,0.0,0.0,0.0,0.0,0.0,0.0,0.0,0.0,83.0,0.0,0.0,0.0,0.0,0.0,0.0,0.0,14,1,0.545531197301855,351.99384464315096,527.5,0.0,0.0,0.0,0.0,1
702.0,1.0,-1.000088900581841e-12,0.0,0.0,0.0,0.0,0.0,34.0,3.0,0.5783252866571272,0.0,0.0,68.16666666666667,0.0,0.0,0.0,0.0,4.0,0.0,0.0,16,1,0.545531197301855,331.84484326263083,491.5,0.0,0.0,0.0,0.0,2
166.0,1.0,-1.000088900581841e-12,0.0,0.0,0.0,0.0,0.0,6.0,2.0,0.6365141682928128,0.0,0.0,66.16666666666667,0.0,0.0,0.0,0.0,0.0,0.0,0.0,16,1,0.545531197301855,333.39616074574104,362.5,0.0,0.0,0.0,0.0,2
0.0,0.0,0.0,0.0,0.0,0.0,0.0,0.0,52.0,5.0,0.9904748669499276,0.0,0.0,63.5,0.0,0.0,0.0,0.0,12.0,0.0,0.0,17,1,0.545531197301855,333.39616074574104,362.5,0.0,0.0,0.0,0.0,2
692.0,5.0,0.5743088171438625,0.0,0.0,0.0,0.0,0.0,188.0,6.0,0.9115889347071382,0.0,0.0,58.64705882352941,0.0,0.0,0.0,0.0,16.0,1768.0,6.0,17,1,0.545531197301855,360.9358207031642,390.0,0.0,0.0,0.0,0.0,2
712.0,4.0,0.7570602170410149,0.0,0.0,0.0,0.0,0.0,154.0,7.0,1.431532010925037,0.0,0.0,51.8,0.0,0.0,0.0,4.0,8.0,650.0,6.0,18,1,0.545531197301855,363.8401663734595,392.5,0.0,0.0,0.0,0.0,2
716.0,2.0,0.0192154609927474,0.0,0.0,0.0,0.0,0.0,136.0,3.0,0.5816801458661056,0.0,0.0,44.13333333333333,0.0,0.0,0.0,0.0,0.0,1940.0,0.0,18,1,0.545531197301855,353.4892737646599,530.0,0.0,0.0,0.0,0.0,2
714.0,2.0,0.0346318332485284,0.0,0.0,0.0,0.0,0.0,114.0,7.0,0.9484855656594812,0.0,0.0,36.3,0.0,0.0,0.0,0.0,4.0,1048.0,2.0,19,1,0.545531197301855,11.12055154507689,708.5,0.0,0.0,0.0,0.0,2
714.0,1.0,-1.000088900581841e-12,0.0,0.0,0.0,0.0,0.0,78.0,3.0,0.8981370031848679,0.0,0.0,29.75,0.0,0.0,0.0,0.0,8.0,838.0,6.0,19,1,0.545531197301855,1.6329931618693352,714.0,0.0,0.0,0.0,0.0,2
708.0,12.0,1.408640057301598,0.0,0.0,0.0,0.0,0.0,72.0,11.0,1.7772247985569287,0.0,0.0,23.11111111111111,0.0,0.0,0.0,0.0,8.0,1826.0,2.0,20,1,0.545531197301855,3.4641016151442936,713.0,0.0,0.0,0.0,0.0,2
412.0,5.0,1.0171240485887203,0.0,0.0,0.0,0.0,0.0,254.0,6.0,1.089985457750137,0.0,0.0,17.666666666666668,0.0,0.0,0.0,0.0,28.0,928.0,10.0,20,1,0.545531197301855,150.02666429671774,637.0,0.0,0.0,0.0,0.0,3
0.0,0.0,0.0,0.0,0.0,0.0,0.0,0.0,0.0,0.0,0.0,0.0,0.0,0.0,0.0,0.0,0.0,0.0,8.0,594.0,8.0,21,0,0.545531197301855,336.6080807110846,458.5,0.0,0.0,0.0,0.0,1
366.0,5.0,1.000909974324079,0.0,0.0,0.0,0.0,0.0,38.0,5.0,1.357140143843188,0.0,8.0,19.23076923076923,0.0,16.0,16.0,0.0,24.0,2184.0,8.0,21,0,0.545531197301855,290.35323314886654,371.5,0.0,0.0,0.0,0.0,1
710.0,1.0,-1.000088900581841e-12,0.0,0.0,0.0,0.0,0.0,64.0,7.0,1.7096194090977863,0.0,16.0,26.433333333333334,0.0,0.0,0.0,0.0,0.0,138.0,0.0,22,0,0.545531197301855,291.12654751270406,372.0,0.0,0.0,0.0,0.0,1
702.0,8.0,1.6175865797421187,0.0,0.0,0.0,0.0,0.0,272.0,10.0,1.352898388772513,0.0,0.0,36.206896551724135,0.0,0.0,0.0,0.0,0.0,8432.0,0.0,22,0,0.545531197301855,336.91690370178827,444.5,0.0,0.0,0.0,0.0,2
712.0,5.0,0.6091378039574891,0.0,0.0,0.0,0.0,0.0,450.0,7.0,0.7303173942180269,0.0,0.0,29.3,0.0,0.0,0.0,0.0,22.0,2774.0,14.0,23,0,0.545531197301855,171.0545721887221,622.5,0.0,0.0,0.0,0.0,1
460.0,3.0,0.6574815931191028,0.0,0.0,0.0,0.0,0.0,202.0,4.0,0.7139644285319684,0.0,20.0,19.63157894736842,0.0,0.0,0.0,0.0,0.0,8736.0,0.0,23,0,0.545531197301855,124.07524598672669,646.0,0.0,0.0,0.0,0.0,2
474.0,2.0,0.2244056784739745,0.0,0.0,0.0,0.0,0.0,36.0,3.0,0.6546695645255007,0.0,0.0,20.789473684210527,0.0,0.0,0.0,0.0,0.0,4186.0,0.0,0,0,0.545531197301855,138.74196673441458,587.0,0.0,0.0,0.0,0.0,2
714.0,1.0,-1.000088900581841e-12,0.0,0.0,0.0,0.0,0.0,48.0,2.0,0.1732052067471771,0.0,0.0,39.46666666666667,0.0,0.0,0.0,0.0,0.0,0.0,0.0,0,0,0.545531197301855,142.14546539841993,590.0,0.0,0.0,0.0,0.0,2
264.0,1.0,-1.000088900581841e-12,0.0,0.0,0.0,0.0,0.0,40.0,2.0,0.3250829733894482,0.0,0.0,60.23076923076923,0.0,0.0,0.0,0.0,48.0,0.0,0.0,1,0,0.545531197301855,184.23897524682468,478.0,0.0,0.0,0.0,0.0,3
702.0,3.0,0.0818318257008938,0.0,0.0,0.0,0.0,0.0,72.0,5.0,1.1422962110675248,0.0,0.0,67.16666666666667,0.0,0.0,0.0,0.0,120.0,106.0,36.0,1,0,0.545531197301855,213.73113951878904,538.5,0.0,0.0,0.0,0.0,3
712.0,1.0,-1.000088900581841e-12,0.0,0.0,0.0,0.0,0.0,34.0,1.0,-1.000088900581841e-12,0.0,0.0,63.833333333333336,0.0,0.0,0.0,0.0,0.0,0.0,0.0,2,0,0.545531197301855,222.7285343192472,598.0,0.0,0.0,0.0,0.0,3
670.0,7.0,0.5796055804860837,0.0,0.0,0.0,0.0,0.0,132.0,7.0,1.2516935178788169,0.0,0.0,59.0,0.0,0.0,0.0,0.0,48.0,1012.0,10.0,2,0,0.545531197301855,216.07714671693856,587.0,0.0,0.0,0.0,0.0,3
702.0,1.0,-1.000088900581841e-12,0.0,0.0,0.0,0.0,0.0,6.0,2.0,0.6365141682928128,0.0,0.0,56.833333333333336,0.0,0.0,0.0,0.0,0.0,0.0,0.0,3,0,0.545531197301855,18.284784202538937,696.5,0.0,0.0,0.0,0.0,2
400.0,1.0,-1.000088900581841e-12,0.0,0.0,0.0,0.0,0.0,4.0,1.0,-1.000088900581841e-12,0.0,0.0,55.66666666666666,16.0,0.0,0.0,0.0,0.0,0.0,0.0,3,0,0.545531197301855,148.4183277092155,621.0,0.0,0.0,0.0,0.0,2
0.0,0.0,0.0,0.0,0.0,0.0,0.0,0.0,0.0,0.0,0.0,0.0,0.0,54.333333333333336,0.0,0.0,0.0,0.0,0.0,0.0,0.0,4,0,0.545531197301855,324.9143476877151,443.0,0.0,0.0,0.0,0.0,2
0.0,0.0,0.0,0.0,0.0,0.0,0.0,0.0,12.0,2.0,0.4505612088643047,0.0,0.0,52.333333333333336,0.0,0.0,0.0,0.0,0.0,0.0,0.0,4,0,0.545531197301855,341.1759077074465,275.5,0.0,0.0,0.0,0.0,2
0.0,0.0,0.0,0.0,0.0,0.0,0.0,0.0,4.0,1.0,-1.000088900581841e-12,0.0,0.0,50.5,0.0,0.0,0.0,0.0,0.0,0.0,0.0,5,0,0.545531197301855,200.0000000000002,100.0,0.0,0.0,0.0,0.0,2
0.0,0.0,0.0,0.0,0.0,0.0,0.0,0.0,2.0,1.0,-1.000088900581841e-12,0.0,0.0,49.16666666666666,0.0,0.0,0.0,0.0,0.0,0.0,0.0,5,0,0.545531197301855,0.0,0.0,0.0,0.0,0.0,0.0,2
0.0,0.0,0.0,0.0,0.0,0.0,0.0,0.0,26.0,4.0,1.2202821662682373,0.0,0.0,47.66666666666666,22.0,0.0,0.0,0.0,0.0,0.0,0.0,6,0,0.545531197301855,0.0,0.0,0.0,0.0,0.0,0.0,2
0.0,0.0,0.0,0.0,0.0,0.0,0.0,0.0,22.0,4.0,1.3421131789104002,0.0,0.0,46.66666666666666,0.0,0.0,0.0,0.0,0.0,0.0,0.0,6,0,0.545531197301855,0.0,0.0,0.0,0.0,0.0,0.0,2
0.0,0.0,0.0,0.0,0.0,0.0,0.0,0.0,22.0,5.0,1.4142790651197086,0.0,0.0,45.16666666666666,0.0,0.0,0.0,0.0,0.0,0.0,0.0,7,0,0.545531197301855,0.0,0.0,0.0,0.0,0.0,0.0,2
706.0,1.0,-1.000088900581841e-12,0.0,0.0,0.0,0.0,0.0,24.0,3.0,1.0114042647043515,0.0,0.0,43.5,0.0,0.0,0.0,0.0,24.0,0.0,0.0,7,0,0.545531197301855,353.0000000000001,176.5,0.0,0.0,0.0,0.0,2
704.0,1.0,-1.000088900581841e-12,0.0,0.0,0.0,0.0,0.0,38.0,5.0,1.4585847528020075,0.0,0.0,42.0,0.0,0.0,0.0,0.0,24.0,0.0,0.0,8,1,0.545531197301855,407.03275871441446,352.5,0.0,0.0,0.0,0.0,2
706.0,1.0,-1.000088900581841e-12,0.0,0.0,0.0,0.0,0.0,16.0,2.0,0.5623351446168083,0.0,0.0,40.5,0.0,0.0,0.0,0.0,24.0,0.0,0.0,8,1,0.545531197301855,352.6679269038606,529.0,0.0,0.0,0.0,0.0,1
706.0,1.0,-1.000088900581841e-12,0.0,0.0,0.0,0.0,0.0,36.0,6.0,1.6440727958271673,0.0,0.0,39.0,0.0,0.0,0.0,0.0,24.0,0.0,0.0,9,1,0.545531197301855,1.0000000000323344,705.5,0.0,0.0,0.0,0.0,1
706.0,1.0,-1.000088900581841e-12,0.0,0.0,0.0,0.0,0.0,24.0,4.0,1.3579778549833244,0.0,0.0,37.5,16.0,0.0,0.0,0.0,0.0,0.0,0.0,9,1,0.545531197301855,1.0000000000323344,705.5,0.0,0.0,0.0,0.0,1
2.0,1.0,-1.000088900581841e-12,0.0,0.0,0.0,0.0,0.0,2.0,1.0,-1.000088900581841e-12,0.0,0.0,35.714285714285715,0.0,0.0,0.0,0.0,48.0,0.0,0.0,10,1,0.545531197301855,352.00000000000006,530.0,0.0,0.0,0.0,0.0,2
558.0,6.0,0.7744345506606469,0.0,0.0,0.0,0.0,0.0,104.0,6.0,1.491582152311267,0.0,0.0,32.285714285714285,0.0,0.0,0.0,0.0,48.0,7206.0,22.0,10,1,0.545531197301855,334.68592242080746,493.0,0.0,0.0,0.0,0.0,1
712.0,7.0,1.7180498267355298,0.0,0.0,0.0,0.0,0.0,148.0,8.0,1.4965939125264298,0.0,0.0,24.24137931034483,0.0,0.0,0.0,0.0,0.0,12402.0,0.0,11,1,0.545531197301855,335.9697407009547,494.5,0.0,0.0,0.0,0.0,1
698.0,1.0,-1.000088900581841e-12,0.0,0.0,0.0,0.0,0.0,44.0,3.0,0.6001660731566456,0.0,0.0,17.666666666666668,0.0,0.0,0.0,0.0,26.0,2246.0,8.0,11,1,0.545531197301855,334.31073369945324,492.5,0.0,0.0,0.0,0.0,1
336.0,1.0,-1.000088900581841e-12,0.0,0.0,0.0,0.0,0.0,26.0,3.0,0.6870920273769716,0.0,24.0,23.642857142857142,0.0,0.0,0.0,0.0,0.0,4400.0,0.0,12,1,0.545531197301855,174.4553429008889,576.0,0.0,0.0,0.0,0.0,2
714.0,1.0,-1.000088900581841e-12,0.0,0.0,0.0,0.0,0.0,46.0,2.0,0.1788449127148475,0.0,0.0,39.8,0.0,0.0,0.0,0.0,0.0,0.0,0.0,12,1,0.545531197301855,186.13615088602944,615.0,0.0,0.0,0.0,0.0,2
560.0,7.0,1.0746793925618725,0.0,0.0,0.0,0.0,0.0,130.0,8.0,1.5849181921161966,0.0,0.0,60.10344827586207,0.0,0.0,0.0,0.0,182.0,1734.0,10.0,13,1,0.545531197301855,174.9095004090212,577.0,0.0,0.0,0.0,0.0,2
716.0,1.0,-1.000088900581841e-12,0.0,0.0,0.0,0.0,0.0,32.0,4.0,0.8222653373247879,0.0,0.0,76.9,0.0,0.0,0.0,0.0,26.0,1158.0,6.0,13,1,0.545531197301855,179.2382027731069,581.5,0.0,0.0,0.0,0.0,2
716.0,3.0,0.2600826544584624,0.0,0.0,0.0,0.0,0.0,42.0,8.0,1.659080698754253,0.0,0.0,87.2,0.0,0.0,0.0,0.0,0.0,854.0,0.0,14,1,0.545531197301855,77.67238891652586,676.5,0.0,0.0,0.0,0.0,1
710.0,10.0,1.6156498339842125,0.0,0.0,0.0,26.0,0.0,176.0,14.0,1.9694599998774789,0.0,0.0,97.83333333333331,0.0,0.0,0.0,0.0,270.0,1826.0,28.0,14,1,0.545531197301855,77.05193054038328,675.5,0.0,0.0,13.0,6.5,1
708.0,4.0,0.8859170361516608,0.0,0.0,0.0,0.0,0.0,74.0,9.0,1.947125938549256,0.0,0.0,97.22222222222224,0.0,0.0,0.0,0.0,90.0,258.0,6.0,15,1,0.545531197301855,4.12310562562369,712.5,0.0,0.0,13.0,6.5,2
718.0,4.0,0.2202768611597226,0.0,0.0,0.0,54.0,0.0,66.0,3.0,0.714237196315606,0.0,0.0,91.63333333333334,0.0,0.0,0.0,0.0,0.0,610.0,0.0,15,1,0.545531197301855,4.760952285700453,713.0,0.0,0.0,25.76819745345025,20.0,1
698.0,12.0,1.6140595718810458,0.0,0.0,0.0,0.0,0.0,222.0,12.0,1.7193682614057038,0.0,0.0,83.28571428571429,0.0,0.0,0.0,0.0,32.0,2988.0,20.0,16,1,0.545531197301855,8.225975119505065,708.5,0.0,0.0,25.76819745345025,20.0,1
710.0,5.0,1.192204562286655,0.0,0.0,0.0,0.0,0.0,222.0,8.0,1.302987122039151,0.0,0.0,76.72727272727273,0.0,0.0,0.0,0.0,102.0,10432.0,24.0,16,1,0.545531197301855,8.225975119505065,708.5,0.0,0.0,27.000000000000004,13.5,1
714.0,4.0,0.8700439334487509,0.0,0.0,0.0,0.0,0.0,92.0,7.0,1.061304251803438,0.0,0.0,70.45833333333333,0.0,0.0,0.0,0.0,136.0,934.0,18.0,17,1,0.545531197301855,8.640987597880025,710.0,0.0,0.0,27.000000000000004,13.5,1
714.0,11.0,1.7290675986633306,0.0,0.0,0.0,0.0,0.0,172.0,7.0,1.4908922099419084,0.0,0.0,63.64,0.0,0.0,0.0,0.0,34.0,6742.0,20.0,17,1,0.545531197301855,7.571877794403653,709.0,0.0,0.0,0.0,0.0,2
708.0,13.0,1.9549059466028909,0.0,0.0,0.0,0.0,0.0,162.0,13.0,2.0024104149513264,0.0,0.0,55.13333333333333,0.0,0.0,0.0,0.0,0.0,8416.0,0.0,18,1,0.545531197301855,3.0000000000083147,711.5,0.0,0.0,0.0,0.0,2
710.0,1.0,-1.000088900581841e-12,0.0,0.0,0.0,0.0,0.0,126.0,5.0,0.9546708970132188,0.0,0.0,49.0,0.0,0.0,0.0,0.0,216.0,1154.0,12.0,18,1,0.545531197301855,3.0000000000083147,711.5,0.0,0.0,0.0,0.0,2
680.0,1.0,-1.000088900581841e-12,0.0,0.0,0.0,0.0,0.0,62.0,5.0,0.9720291354284594,0.0,0.0,46.125,0.0,0.0,0.0,0.0,108.0,0.0,0.0,19,1,0.545531197301855,15.534906930309656,703.0,0.0,0.0,0.0,0.0,2
698.0,4.0,0.4020921379303657,0.0,0.0,0.0,0.0,0.0,62.0,7.0,1.643144247992453,0.0,0.0,42.8,0.0,0.0,0.0,0.0,40.0,1100.0,30.0,19,1,0.545531197301855,13.7113092008039,699.0,0.0,0.0,0.0,0.0,2
710.0,3.0,0.8805077260766575,0.0,0.0,0.0,0.0,0.0,28.0,4.0,1.1952684170829837,0.0,0.0,36.96551724137931,0.0,0.0,0.0,0.0,40.0,474.0,12.0,20,1,0.545531197301855,14.17744687875958,699.5,0.0,0.0,0.0,0.0,1
708.0,3.0,0.720978080360005,0.0,0.0,0.0,0.0,0.0,62.0,7.0,1.7092709342542722,0.0,0.0,29.5,0.0,0.0,0.0,0.0,124.0,2272.0,48.0,20,1,0.545531197301855,13.7113092008039,699.0,0.0,0.0,0.0,0.0,1
590.0,1.0,-1.000088900581841e-12,0.0,0.0,0.0,0.0,0.0,4.0,1.0,-1.000088900581841e-12,0.0,0.0,19.666666666666668,34.0,0.0,0.0,0.0,0.0,0.0,0.0,22,0,0.545531197301855,58.719673023613225,678.0,0.0,0.0,0.0,0.0,2
194.0,3.0,0.815615255254901,0.0,0.0,0.0,0.0,0.0,30.0,4.0,1.171059869986371,0.0,80.0,17.166666666666668,0.0,0.0,0.0,0.0,126.0,4430.0,22.0,22,0,0.545531197301855,243.34543348910424,549.5,0.0,0.0,0.0,0.0,1
616.0,2.0,0.0829951413108298,0.0,0.0,0.0,0.0,0.0,54.0,6.0,1.4018908157013323,0.0,0.0,23.65384615384616,0.0,0.0,0.0,0.0,0.0,526.0,0.0,23,0,0.545531197301855,226.6450970129291,526.0,0.0,0.0,0.0,0.0,2
624.0,1.0,-1.000088900581841e-12,0.0,0.0,0.0,0.0,0.0,22.0,4.0,1.3730039128732,0.0,40.0,19.807692307692307,0.0,0.0,0.0,0.0,0.0,108.0,0.0,23,0,0.545531197301855,208.50579528316885,506.0,0.0,0.0,0.0,0.0,2
282.0,1.0,-1.000088900581841e-12,0.0,0.0,0.0,0.0,0.0,52.0,4.0,0.7736051265480959,0.0,0.0,29.08695652173913,0.0,0.0,0.0,0.0,42.0,0.0,0.0,0,0,0.545531197301855,223.478559747164,429.0,0.0,0.0,0.0,0.0,2
0.0,0.0,0.0,0.0,0.0,0.0,0.0,0.0,54.0,1.0,-1.000088900581841e-12,0.0,0.0,52.1,0.0,0.0,0.0,0.0,0.0,0.0,0.0,0,0,0.545531197301855,299.574698531101,380.5,0.0,0.0,0.0,0.0,2
0.0,0.0,0.0,0.0,0.0,0.0,0.0,0.0,54.0,3.0,0.4195558923172334,0.0,0.0,78.5,0.0,0.0,0.0,0.0,0.0,0.0,0.0,1,0,0.545531197301855,296.4742821898723,226.5,0.0,0.0,0.0,0.0,2
0.0,0.0,0.0,0.0,0.0,0.0,0.0,0.0,42.0,4.0,1.089871122267088,0.0,0.0,96.43333333333334,0.0,0.0,0.0,0.0,0.0,0.0,0.0,1,0,0.545531197301855,141.00000000000014,70.5,0.0,0.0,0.0,0.0,1
0.0,0.0,0.0,0.0,0.0,0.0,0.0,0.0,4.0,1.0,-1.000088900581841e-12,0.0,0.0,100.0,0.0,0.0,0.0,0.0,0.0,0.0,0.0,2,0,0.545531197301855,0.0,0.0,0.0,0.0,0.0,0.0,2
0.0,0.0,0.0,0.0,0.0,0.0,0.0,0.0,32.0,3.0,0.6019239717292895,0.0,0.0,100.0,0.0,0.0,0.0,0.0,0.0,0.0,0.0,2,0,0.545531197301855,0.0,0.0,0.0,0.0,0.0,0.0,2
0.0,0.0,0.0,0.0,0.0,0.0,0.0,0.0,14.0,4.0,1.351783994285646,0.0,0.0,100.0,0.0,0.0,0.0,0.0,0.0,0.0,0.0,3,0,0.545531197301855,0.0,0.0,0.0,0.0,0.0,0.0,2
0.0,0.0,0.0,0.0,0.0,0.0,0.0,0.0,22.0,1.0,-1.000088900581841e-12,0.0,0.0,100.0,0.0,0.0,0.0,0.0,0.0,0.0,0.0,3,0,0.545531197301855,0.0,0.0,0.0,0.0,0.0,0.0,2
0.0,0.0,0.0,0.0,0.0,0.0,0.0,0.0,12.0,2.0,0.6365141682928128,0.0,0.0,100.0,0.0,0.0,0.0,0.0,0.0,0.0,0.0,4,0,0.545531197301855,0.0,0.0,0.0,0.0,0.0,0.0,2
0.0,0.0,0.0,0.0,0.0,0.0,0.0,0.0,14.0,2.0,0.6829081046984717,0.0,0.0,100.0,0.0,0.0,0.0,0.0,0.0,0.0,0.0,4,0,0.545531197301855,0.0,0.0,0.0,0.0,0.0,0.0,2
0.0,0.0,0.0,0.0,0.0,0.0,0.0,0.0,12.0,2.0,0.6365141682928128,0.0,0.0,100.0,0.0,0.0,0.0,0.0,0.0,0.0,0.0,5,0,0.545531197301855,0.0,0.0,0.0,0.0,0.0,0.0,2
0.0,0.0,0.0,0.0,0.0,0.0,0.0,0.0,24.0,5.0,1.3579778549823245,0.0,0.0,100.0,0.0,0.0,0.0,0.0,0.0,0.0,0.0,5,0,0.545531197301855,0.0,0.0,0.0,0.0,0.0,0.0,2
0.0,0.0,0.0,0.0,0.0,0.0,0.0,0.0,10.0,3.0,1.054920167983144,0.0,0.0,100.0,0.0,0.0,0.0,0.0,42.0,0.0,0.0,6,0,0.545531197301855,0.0,0.0,0.0,0.0,0.0,0.0,2
0.0,0.0,0.0,0.0,0.0,0.0,0.0,0.0,6.0,1.0,-1.000088900581841e-12,0.0,0.0,100.0,0.0,0.0,0.0,0.0,0.0,0.0,0.0,6,0,0.545531197301855,0.0,0.0,0.0,0.0,0.0,0.0,1
0.0,0.0,0.0,0.0,0.0,0.0,0.0,0.0,34.0,7.0,1.854652618552823,0.0,0.0,100.0,0.0,0.0,0.0,0.0,42.0,0.0,0.0,7,0,0.545531197301855,0.0,0.0,0.0,0.0,0.0,0.0,1
712.0,1.0,-1.000088900581841e-12,0.0,0.0,0.0,0.0,0.0,38.0,3.0,0.9426749615609384,0.0,0.0,100.0,0.0,0.0,0.0,0.0,42.0,0.0,0.0,7,0,0.545531197301855,356.00000000000006,178.0,0.0,0.0,0.0,0.0,2
708.0,1.0,-1.000088900581841e-12,0.0,0.0,0.0,0.0,0.0,38.0,4.0,1.0937704472451415,0.0,0.0,100.0,0.0,0.0,0.0,0.0,42.0,0.0,0.0,8,1,0.545531197301855,409.9219437893024,355.0,0.0,0.0,0.0,0.0,1
702.0,1.0,-1.000088900581841e-12,0.0,0.0,0.0,0.0,0.0,44.0,2.0,0.5859526183015509,0.0,0.0,99.83333333333331,0.0,0.0,0.0,0.0,42.0,0.0,0.0,8,1,0.545531197301855,353.69054270647393,530.5,0.0,0.0,0.0,0.0,1
706.0,7.0,1.175803277443116,0.0,0.0,0.0,0.0,0.0,96.0,16.0,2.482668680871945,0.0,0.0,94.88,0.0,0.0,0.0,0.0,84.0,5274.0,4.0,9,1,0.545531197301855,4.163331998935374,707.0,0.0,0.0,0.0,0.0,2
704.0,3.0,1.0686415970152343,0.0,0.0,0.0,0.0,0.0,32.0,6.0,1.5481155268680171,0.0,0.0,89.72727272727273,0.0,0.0,0.0,0.0,126.0,2450.0,30.0,9,1,0.545531197301855,2.581988897476638,705.0,0.0,0.0,0.0,0.0,2
704.0,3.0,0.1057522531769509,0.0,0.0,0.0,0.0,0.0,30.0,6.0,1.67458956699391,0.0,0.0,87.16666666666667,0.0,0.0,0.0,0.0,48.0,136.0,26.0,10,1,0.545531197301855,1.6329931618634002,704.0,0.0,0.0,0.0,0.0,2
704.0,1.0,-1.000088900581841e-12,0.0,0.0,0.0,0.0,0.0,8.0,2.0,0.6931471805579453,0.0,0.0,85.66666666666667,0.0,0.0,0.0,0.0,0.0,0.0,0.0,10,1,0.545531197301855,1.0000000000129887,704.5,0.0,0.0,0.0,0.0,1
704.0,11.0,1.1927457508928163,0.0,0.0,0.0,0.0,0.0,98.0,11.0,2.135541259392772,0.0,0.0,81.23076923076923,0.0,0.0,0.0,0.0,150.0,4730.0,54.0,11,1,0.545531197301855,0.0,704.0,0.0,0.0,0.0,0.0,1
704.0,4.0,0.1933111328805678,0.0,0.0,0.0,0.0,0.0,84.0,6.0,1.1238122183031956,0.0,0.0,74.13333333333334,0.0,0.0,0.0,0.0,0.0,1854.0,0.0,11,1,0.545531197301855,0.0,704.0,0.0,0.0,0.0,0.0,2
708.0,12.0,1.6678455676210544,0.0,0.0,0.0,0.0,0.0,120.0,10.0,1.6530419244044794,0.0,0.0,66.18518518518519,0.0,0.0,0.0,0.0,56.0,7748.0,24.0,12,1,0.545531197301855,2.0000000000064944,705.0,0.0,0.0,0.0,0.0,1
710.0,3.0,1.003214231555489,0.0,0.0,0.0,0.0,0.0,62.0,2.0,0.6884572217873626,0.0,0.0,58.388888888888886,0.0,0.0,0.0,0.0,120.0,9552.0,36.0,12,1,0.545531197301855,3.00000000000432,706.5,0.0,0.0,0.0,0.0,1
704.0,9.0,1.2097624109910403,0.0,0.0,0.0,0.0,0.0,70.0,7.0,1.6193987432765533,0.0,0.0,52.5,0.0,0.0,0.0,0.0,180.0,1814.0,42.0,13,1,0.545531197301855,3.00000000000432,706.5,0.0,0.0,0.0,0.0,1
706.0,2.0,0.097376875023762,0.0,0.0,0.0,0.0,0.0,52.0,4.0,0.589280063594296,0.0,0.0,48.07692307692308,0.0,0.0,0.0,0.0,0.0,2622.0,0.0,13,1,0.545531197301855,2.581988897476627,707.0,0.0,0.0,0.0,0.0,1
706.0,6.0,0.6234998999587861,0.0,0.0,0.0,30.0,0.0,178.0,11.0,1.5796516515674086,0.0,0.0,43.785714285714285,0.0,0.0,0.0,0.0,124.0,444.0,22.0,14,1,0.545531197301855,2.5166114784287257,706.5,0.0,0.0,15.000000000000004,7.5,1
706.0,1.0,-1.000088900581841e-12,0.0,0.0,0.0,0.0,0.0,176.0,5.0,1.2563419783854874,0.0,0.0,39.71428571428572,0.0,0.0,0.0,0.0,186.0,0.0,0.0,14,1,0.545531197301855,1.0000000000129603,705.5,0.0,0.0,15.000000000000004,7.5,1
700.0,5.0,0.863570911142257,0.0,0.0,0.0,20.0,0.0,146.0,11.0,2.043472036046384,0.0,0.0,33.05555555555556,0.0,0.0,0.0,0.0,186.0,686.0,62.0,15,1,0.545531197301855,3.00000000000432,704.5,0.0,0.0,15.000000000000004,12.5,2
698.0,8.0,1.3450692823281962,0.0,0.0,0.0,0.0,0.0,106.0,9.0,1.6654419137110388,0.0,0.0,25.666666666666668,0.0,0.0,0.0,0.0,0.0,7120.0,0.0,15,1,0.545531197301855,4.123105625620804,702.5,0.0,0.0,15.000000000000004,12.5,1
702.0,1.0,-1.000088900581841e-12,0.0,0.0,0.0,0.0,0.0,10.0,3.0,1.054920167983144,0.0,0.0,18.666666666666668,0.0,0.0,0.0,0.0,0.0,0.0,0.0,16,1,0.545531197301855,3.415650255323666,701.5,0.0,0.0,10.000000000000009,5.0,2
474.0,1.0,-1.000088900581841e-12,0.0,0.0,0.0,0.0,0.0,6.0,2.0,0.6365141682928128,0.0,0.0,16.25,0.0,0.0,0.0,0.0,0.0,0.0,0.0,16,1,0.545531197301855,113.01179879404934,643.5,0.0,0.0,10.000000000000009,5.0,2
0.0,0.0,0.0,0.0,0.0,0.0,0.0,0.0,0.0,0.0,0.0,0.0,60.0,0.0,0.0,0.0,0.0,0.0,120.0,46.0,12.0,17,1,0.545531197301855,330.00757567062004,468.5,0.0,0.0,0.0,0.0,3
588.0,2.0,0.673559465249392,0.0,0.0,0.0,0.0,0.0,98.0,5.0,1.3520493196190215,0.0,0.0,30.33333333333333,0.0,0.0,0.0,0.0,186.0,0.0,0.0,17,1,0.545531197301855,308.3828789021855,441.0,0.0,0.0,0.0,0.0,3
714.0,7.0,0.9981047462578873,0.0,0.0,0.0,0.0,0.0,150.0,14.0,2.083070095816108,0.0,0.0,38.22222222222222,0.0,0.0,0.0,60.0,186.0,2878.0,56.0,18,1,0.545531197301855,311.80763300471017,444.0,0.0,0.0,0.0,0.0,2
712.0,1.0,-1.000088900581841e-12,0.0,0.0,0.0,0.0,0.0,38.0,3.0,0.5366645624815252,0.0,0.0,30.82608695652174,0.0,0.0,0.0,0.0,62.0,3958.0,28.0,18,1,0.545531197301855,340.80052816860484,503.5,0.0,0.0,0.0,0.0,3
708.0,1.0,-1.000088900581841e-12,0.0,0.0,0.0,0.0,0.0,98.0,6.0,1.0968185709990663,0.0,0.0,25.53333333333333,0.0,0.0,0.0,0.0,248.0,2454.0,70.0,19,1,0.545531197301855,61.71709649683794,680.5,0.0,0.0,0.0,0.0,2
710.0,2.0,0.6613831054476713,0.0,0.0,0.0,0.0,0.0,48.0,3.0,0.7781325481680261,0.0,0.0,19.77777777777778,0.0,0.0,0.0,0.0,186.0,1552.0,48.0,19,1,0.545531197301855,2.581988897472514,711.0,0.0,0.0,0.0,0.0,3
656.0,7.0,1.4987547992363628,0.0,0.0,0.0,0.0,0.0,60.0,6.0,1.5684397005046722,0.0,60.0,19.142857142857142,0.0,0.0,0.0,0.0,254.0,3604.0,82.0,20,1,0.545531197301855,27.04933763822456,696.5,0.0,0.0,0.0,0.0,2
706.0,2.0,0.5487174274249709,0.0,0.0,0.0,0.0,0.0,28.0,6.0,1.468060203493046,0.0,0.0,24.615384615384617,0.0,0.0,0.0,0.0,396.0,364.0,0.0,20,1,0.545531197301855,26.05123157677332,695.0,0.0,0.0,0.0,0.0,2
704.0,4.0,0.2226584760493596,0.0,0.0,0.0,0.0,0.0,70.0,8.0,1.698731435656137,0.0,0.0,22.5,0.0,0.0,0.0,0.0,270.0,7156.0,52.0,21,0,0.545531197301855,25.455844122715803,694.0,0.0,0.0,0.0,0.0,1
370.0,4.0,0.6246890278077089,0.0,0.0,0.0,0.0,0.0,84.0,4.0,1.2297958565401128,0.0,0.0,17.416666666666668,0.0,48.0,32.0,0.0,210.0,5210.0,54.0,21,0,0.545531197301855,161.00103519335937,609.0,0.0,0.0,0.0,0.0,1
0.0,0.0,0.0,0.0,0.0,0.0,0.0,0.0,0.0,0.0,0.0,0.0,0.0,0.0,0.0,0.0,0.0,0.0,68.0,3256.0,14.0,22,0,0.545531197301855,336.0813393609748,445.0,0.0,0.0,0.0,0.0,1
0.0,0.0,0.0,0.0,0.0,0.0,0.0,0.0,0.0,0.0,0.0,0.0,64.0,0.0,0.0,0.0,0.0,0.0,340.0,3864.0,34.0,22,0,0.545531197301855,338.6970130760924,268.5,0.0,0.0,0.0,0.0,1
108.0,1.0,-1.000088900581841e-12,0.0,0.0,0.0,0.0,0.0,6.0,2.0,0.6365141682928128,0.0,0.0,20.25,0.0,0.0,0.0,0.0,0.0,3090.0,0.0,23,0,0.545531197301855,174.58808664969104,119.5,0.0,0.0,0.0,0.0,1
702.0,1.0,-1.000088900581841e-12,0.0,0.0,0.0,0.0,0.0,48.0,3.0,0.9184277849900976,0.0,0.0,26.6,0.0,0.0,0.0,0.0,0.0,256.0,0.0,23,0,0.545531197301855,336.86941089983225,202.5,0.0,0.0,0.0,0.0,1
698.0,4.0,0.5136881029336426,0.0,0.0,0.0,0.0,0.0,64.0,7.0,1.722901366534832,0.0,0.0,38.58620689655172,0.0,0.0,0.0,0.0,222.0,2210.0,34.0,0,0,0.545531197301855,375.5689018009878,377.0,0.0,0.0,0.0,0.0,1
710.0,10.0,1.534491960563246,0.0,0.0,0.0,0.0,0.0,80.0,7.0,1.477342966393243,0.0,0.0,50.03448275862069,0.0,0.0,0.0,0.0,80.0,6546.0,42.0,0,0,0.545531197301855,297.7084703755225,554.5,0.0,0.0,0.0,0.0,1
712.0,5.0,0.7699493575320779,0.0,0.0,0.0,0.0,0.0,66.0,4.0,0.8563853684055855,0.0,0.0,67.34482758620689,0.0,0.0,0.0,0.0,160.0,1562.0,34.0,1,0,0.545531197301855,6.608075867200153,705.5,0.0,0.0,0.0,0.0,3
698.0,5.0,1.1709473704915003,0.0,0.0,0.0,0.0,0.0,424.0,19.0,1.7271138682270193,0.0,0.0,88.13333333333334,0.0,0.0,0.0,0.0,400.0,14484.0,54.0,1,0,0.545531197301855,7.54983443527117,704.5,0.0,0.0,0.0,0.0,3
686.0,1.0,-1.000088900581841e-12,0.0,0.0,0.0,0.0,0.0,570.0,5.0,0.5758583375944452,0.0,0.0,98.85185185185183,0.0,0.0,0.0,0.0,160.0,0.0,0.0,2,0,0.545531197301855,12.041594578792552,701.5,0.0,0.0,0.0,0.0,3
544.0,1.0,-1.000088900581841e-12,0.0,0.0,0.0,0.0,0.0,4.0,1.0,-1.000088900581841e-12,0.0,0.0,100.0,0.0,0.0,0.0,0.0,0.0,0.0,0.0,2,0,0.545531197301855,78.05980613179447,660.0,0.0,0.0,0.0,0.0,3
0.0,0.0,0.0,0.0,0.0,0.0,0.0,0.0,26.0,2.0,0.2711893730398441,0.0,0.0,100.0,44.0,0.0,0.0,0.0,0.0,0.0,0.0,3,0,0.545531197301855,328.8566050221079,482.0,0.0,0.0,0.0,0.0,3
0.0,0.0,0.0,0.0,0.0,0.0,0.0,0.0,22.0,2.0,0.4741393130558373,0.0,0.0,100.0,0.0,0.0,0.0,0.0,0.0,0.0,0.0,3,0,0.545531197301855,359.7716868608016,307.5,0.0,0.0,0.0,0.0,3
0.0,0.0,0.0,0.0,0.0,0.0,0.0,0.0,154.0,5.0,0.8021565282312519,0.0,0.0,99.66666666666669,44.0,0.0,0.0,0.0,0.0,0.0,0.0,4,0,0.545531197301855,272.0,136.0,0.0,0.0,0.0,0.0,2
0.0,0.0,0.0,0.0,0.0,0.0,0.0,0.0,42.0,1.0,-1.000088900581841e-12,0.0,0.0,98.16666666666669,0.0,0.0,0.0,0.0,0.0,0.0,0.0,4,0,0.545531197301855,0.0,0.0,0.0,0.0,0.0,0.0,2
0.0,0.0,0.0,0.0,0.0,0.0,0.0,0.0,8.0,1.0,-1.000088900581841e-12,0.0,0.0,97.0,0.0,0.0,0.0,0.0,0.0,0.0,0.0,5,0,0.545531197301855,0.0,0.0,0.0,0.0,0.0,0.0,2
0.0,0.0,0.0,0.0,0.0,0.0,0.0,0.0,4.0,2.0,0.6931471805579453,0.0,0.0,95.83333333333331,0.0,0.0,0.0,0.0,0.0,0.0,0.0,5,0,0.545531197301855,0.0,0.0,0.0,0.0,0.0,0.0,2
0.0,0.0,0.0,0.0,0.0,0.0,0.0,0.0,14.0,3.0,0.9556998911095343,0.0,0.0,94.33333333333331,0.0,0.0,0.0,0.0,160.0,0.0,0.0,6,0,0.545531197301855,0.0,0.0,0.0,0.0,0.0,0.0,2
0.0,0.0,0.0,0.0,0.0,0.0,0.0,0.0,24.0,3.0,0.9596147939090492,0.0,0.0,92.66666666666669,0.0,0.0,0.0,0.0,0.0,0.0,0.0,6,0,0.545531197301855,0.0,0.0,0.0,0.0,0.0,0.0,2
0.0,0.0,0.0,0.0,0.0,0.0,0.0,0.0,18.0,4.0,1.273028336585626,0.0,0.0,91.5,0.0,0.0,0.0,0.0,0.0,0.0,0.0,7,0,0.545531197301855,0.0,0.0,0.0,0.0,0.0,0.0,1
704.0,1.0,-1.000088900581841e-12,0.0,0.0,0.0,0.0,0.0,16.0,2.0,0.5623351446168083,0.0,0.0,89.83333333333333,0.0,0.0,0.0,0.0,80.0,0.0,0.0,7,0,0.545531197301855,352.0,176.0,0.0,0.0,0.0,0.0,1
706.0,1.0,-1.000088900581841e-12,0.0,0.0,0.0,0.0,0.0,20.0,3.0,0.9502705392302344,0.0,0.0,88.33333333333333,0.0,0.0,0.0,0.0,80.0,0.0,0.0,8,1,0.545531197301855,407.0327587144144,352.5,0.0,0.0,0.0,0.0,1
704.0,1.0,-1.000088900581841e-12,0.0,0.0,0.0,0.0,0.0,24.0,5.0,1.3579778549823245,0.0,0.0,86.66666666666667,0.0,0.0,0.0,0.0,80.0,0.0,0.0,8,1,0.545531197301855,352.33459476280024,528.5,0.0,0.0,0.0,0.0,1
706.0,1.0,-1.000088900581841e-12,0.0,0.0,0.0,0.0,0.0,32.0,5.0,1.4075317407143153,0.0,0.0,85.5,0.0,0.0,0.0,0.0,160.0,0.0,0.0,9,1,0.545531197301855,1.1547005383820574,705.0,0.0,0.0,0.0,0.0,1
704.0,1.0,-1.000088900581841e-12,0.0,0.0,0.0,0.0,0.0,36.0,6.0,1.659104829413214,0.0,0.0,84.0,16.0,0.0,0.0,0.0,0.0,0.0,0.0,9,1,0.545531197301855,1.1547005383820574,705.0,0.0,0.0,0.0,0.0,2
2.0,1.0,-1.000088900581841e-12,0.0,0.0,0.0,0.0,0.0,2.0,1.0,-1.000088900581841e-12,0.0,0.0,82.16666666666667,0.0,0.0,0.0,0.0,0.0,0.0,0.0,10,1,0.545531197301855,351.33459835319377,529.0,0.0,0.0,0.0,0.0,2
490.0,2.0,0.0265274065772525,0.0,0.0,0.0,0.0,0.0,74.0,12.0,2.087588864711708,0.0,0.0,79.42857142857143,0.0,0.0,0.0,0.0,320.0,16.0,32.0,10,1,0.545531197301855,331.5393390433982,475.5,0.0,0.0,0.0,0.0,1
702.0,11.0,1.6835876741388982,0.0,0.0,0.0,0.0,0.0,232.0,17.0,1.8943804098318933,0.0,0.0,73.18181818181819,0.0,0.0,0.0,0.0,332.0,17710.0,76.0,11,1,0.545531197301855,330.6170997795889,474.5,0.0,0.0,0.0,0.0,2
714.0,3.0,0.3397251860431249,0.0,0.0,0.0,0.0,0.0,392.0,5.0,0.4579780259447515,0.0,0.0,65.03333333333333,0.0,0.0,0.0,0.0,0.0,2576.0,0.0,11,1,0.545531197301855,332.9604581127715,477.0,0.0,0.0,0.0,0.0,2
712.0,6.0,0.9118580429214715,0.0,0.0,0.0,0.0,0.0,178.0,8.0,1.8019641414217265,0.0,0.0,55.333333333333336,0.0,0.0,0.0,0.0,0.0,8108.0,0.0,12,1,0.545531197301855,109.79222801880525,654.5,0.0,0.0,0.0,0.0,2
714.0,7.0,1.1504606834255726,0.0,0.0,0.0,0.0,0.0,32.0,6.0,1.5419764327568248,0.0,0.0,47.2962962962963,0.0,0.0,0.0,0.0,84.0,3796.0,28.0,12,1,0.545531197301855,5.744562646536477,710.5,0.0,0.0,0.0,0.0,2
714.0,1.0,-1.000088900581841e-12,0.0,0.0,0.0,0.0,0.0,38.0,5.0,1.2947749214425035,0.0,0.0,38.23333333333333,0.0,0.0,0.0,0.0,0.0,1350.0,0.0,13,1,0.545531197301855,0.9999999999910282,713.5,0.0,0.0,0.0,0.0,1
708.0,5.0,0.8147741058555554,0.0,0.0,0.0,0.0,0.0,104.0,7.0,1.5105496745451288,0.0,0.0,29.32,0.0,0.0,0.0,0.0,172.0,7396.0,46.0,13,1,0.545531197301855,2.828427124743028,712.0,0.0,0.0,0.0,0.0,1
716.0,1.0,-1.000088900581841e-12,0.0,0.0,0.0,0.0,0.0,56.0,7.0,1.508546732845767,0.0,0.0,22.444444444444443,0.0,0.0,0.0,0.0,258.0,5618.0,14.0,14,1,0.545531197301855,3.464101615135173,713.0,0.0,0.0,0.0,0.0,2
702.0,3.0,0.6932161292383467,0.0,0.0,0.0,0.0,0.0,138.0,9.0,1.848129145198567,0.0,82.0,18.473684210526315,0.0,0.0,0.0,0.0,344.0,860.0,50.0,14,1,0.545531197301855,6.324555320335336,710.0,0.0,0.0,0.0,0.0,1
700.0,4.0,0.3228441682420612,0.0,0.0,0.0,0.0,0.0,116.0,9.0,1.6206422662268976,0.0,0.0,27.3,0.0,0.0,0.0,0.0,0.0,2132.0,0.0,15,1,0.545531197301855,7.187952884281347,706.5,0.0,0.0,0.0,0.0,1
710.0,2.0,0.6857932901745376,0.0,0.0,0.0,0.0,0.0,58.0,5.0,1.4724432698490926,0.0,0.0,27.9,0.0,0.0,0.0,0.0,0.0,678.0,0.0,15,1,0.545531197301855,7.3936910042717185,707.0,0.0,0.0,0.0,0.0,1
706.0,9.0,1.3965218121169272,0.0,0.0,0.0,0.0,0.0,508.0,10.0,1.5733211386620176,0.0,86.0,27.73333333333333,0.0,0.0,0.0,0.0,0.0,16406.0,0.0,16,1,0.545531197301855,4.434711565214646,704.5,0.0,0.0,0.0,0.0,1
710.0,6.0,1.008275189536032,0.0,0.0,0.0,0.0,0.0,306.0,10.0,1.6872986921252942,0.0,0.0,41.206896551724135,0.0,0.0,0.0,0.0,90.0,6184.0,24.0,16,1,0.545531197301855,4.725815626250682,706.5,0.0,0.0,0.0,0.0,2
712.0,8.0,1.4591160538409564,0.0,0.0,0.0,0.0,0.0,404.0,12.0,1.4500201071641057,0.0,0.0,52.833333333333336,0.0,0.0,0.0,0.0,0.0,23166.0,0.0,17,1,0.545531197301855,2.516611478419988,709.5,0.0,0.0,0.0,0.0,1
712.0,5.0,1.0712847818659668,0.0,0.0,0.0,0.0,0.0,226.0,16.0,1.8082442026811687,0.0,0.0,61.72413793103448,0.0,0.0,0.0,0.0,0.0,22490.0,0.0,17,1,0.545531197301855,2.828427124742988,710.0,0.0,0.0,0.0,0.0,1
710.0,7.0,1.1434529220883964,0.0,0.0,0.0,0.0,0.0,122.0,11.0,1.871428717547773,0.0,0.0,72.93333333333334,0.0,0.0,0.0,0.0,360.0,4324.0,84.0,18,1,0.545531197301855,1.1547005383713915,711.0,0.0,0.0,0.0,0.0,2
712.0,1.0,-1.000088900581841e-12,0.0,0.0,0.0,0.0,0.0,56.0,4.0,1.0770870738595744,0.0,0.0,90.7,0.0,0.0,0.0,0.0,180.0,0.0,0.0,18,1,0.545531197301855,0.9999999999909144,711.5,0.0,0.0,0.0,0.0,2
696.0,5.0,1.255325651757388,0.0,0.0,0.0,0.0,0.0,74.0,5.0,1.260967652443782,0.0,0.0,99.67857142857144,0.0,0.0,0.0,0.0,180.0,7750.0,66.0,19,1,0.545531197301855,7.724420150836479,707.5,0.0,0.0,0.0,0.0,2
712.0,2.0,0.0193076542663995,0.0,0.0,0.0,0.0,0.0,36.0,4.0,1.3014810683834344,0.0,0.0,98.95238095238096,0.0,0.0,0.0,0.0,270.0,762.0,56.0,19,1,0.545531197301855,7.724420150836479,707.5,0.0,0.0,0.0,0.0,3
708.0,3.0,1.014723422423814,0.0,0.0,0.0,0.0,0.0,28.0,4.0,1.1163670752853367,0.0,0.0,96.0,0.0,0.0,0.0,0.0,180.0,2206.0,50.0,20,1,0.545531197301855,7.571877794399174,707.0,0.0,0.0,0.0,0.0,2
216.0,1.0,-1.000088900581841e-12,0.0,0.0,0.0,0.0,0.0,8.0,2.0,0.5623351446168083,0.0,0.0,95.0,0.0,0.0,0.0,0.0,180.0,0.0,0.0,20,1,0.545531197301855,244.7611080216789,583.0,0.0,0.0,0.0,0.0,3
446.0,3.0,0.7594208719790085,0.0,0.0,0.0,0.0,0.0,144.0,8.0,1.6084549674334625,0.0,0.0,87.89473684210526,0.0,0.0,0.0,0.0,10.0,1250.0,8.0,21,0,0.545531197301855,238.1169180605752,520.5,0.0,0.0,0.0,0.0,1
706.0,1.0,-1.000088900581841e-12,0.0,0.0,0.0,0.0,0.0,8.0,3.0,1.039720770836918,0.0,0.0,84.5,0.0,0.0,0.0,0.0,2.0,116.0,0.0,21,0,0.545531197301855,236.5220215258331,519.0,0.0,0.0,0.0,0.0,1
708.0,5.0,0.6409715033261494,0.0,0.0,0.0,0.0,0.0,68.0,5.0,1.267340137997553,0.0,0.0,82.4,0.0,0.0,0.0,0.0,4.0,236.0,2.0,22,0,0.545531197301855,236.5220215258331,519.0,0.0,0.0,0.0,0.0,1
710.0,4.0,0.9305101234258788,0.0,0.0,0.0,0.0,0.0,38.0,3.0,0.5366645624815252,0.0,0.0,78.6842105263158,0.0,0.0,0.0,0.0,18.0,798.0,12.0,22,0,0.545531197301855,131.01017772168183,642.5,0.0,0.0,0.0,0.0,1
708.0,1.0,-1.000088900581841e-12,0.0,0.0,0.0,0.0,0.0,6.0,2.0,0.6365141682928128,0.0,0.0,77.0,0.0,0.0,0.0,0.0,0.0,0.0,0.0,23,0,0.545531197301855,1.6329931618524818,708.0,0.0,0.0,0.0,0.0,1
710.0,2.0,0.647009605626771,0.0,0.0,0.0,0.0,0.0,20.0,4.0,1.0888999753412234,0.0,0.0,63.93333333333333,0.0,0.0,0.0,0.0,0.0,12.0,0.0,0,0,0.545531197301855,3.4156502553184542,711.5,0.0,0.0,0.0,0.0,2
708.0,2.0,0.649349014892485,0.0,0.0,0.0,0.0,0.0,12.0,4.0,1.3296613488507585,0.0,0.0,58.85714285714285,0.0,0.0,0.0,0.0,6.0,58.0,6.0,1,0,0.545531197301855,3.4156502553184542,711.5,0.0,0.0,0.0,0.0,2
700.0,2.0,0.394453219196569,0.0,0.0,0.0,0.0,0.0,38.0,5.0,1.3571401438431878,0.0,0.0,55.888888888888886,0.0,0.0,0.0,0.0,12.0,532.0,6.0,1,0,0.545531197301855,6.608075867198949,708.5,0.0,0.0,0.0,0.0,3
708.0,4.0,0.4171542985260399,0.0,0.0,0.0,0.0,0.0,38.0,4.0,1.1919038879185413,0.0,0.0,52.42857142857143,0.0,0.0,0.0,0.0,12.0,160.0,4.0,2,0,0.545531197301855,4.434711565215616,706.5,0.0,0.0,0.0,0.0,3
706.0,2.0,0.3815656626096953,0.0,0.0,0.0,0.0,0.0,114.0,6.0,1.208005845171062,0.0,0.0,50.16666666666666,0.0,0.0,0.0,0.0,12.0,46.0,4.0,2,0,0.545531197301855,3.7859388971989287,705.5,0.0,0.0,0.0,0.0,3
706.0,1.0,-1.000088900581841e-12,0.0,0.0,0.0,0.0,0.0,28.0,2.0,0.410116318286409,0.0,0.0,48.5,0.0,0.0,0.0,0.0,0.0,0.0,0.0,3,0,0.545531197301855,3.4641016151363817,705.0,0.0,0.0,0.0,0.0,3
624.0,1.0,-1.000088900581841e-12,0.0,0.0,0.0,0.0,0.0,8.0,2.0,0.6931471805579453,0.0,0.0,48.0,0.0,0.0,0.0,0.0,0.0,0.0,0.0,3,0,0.545531197301855,41.34408462323629,686.0,0.0,0.0,0.0,0.0,2
0.0,0.0,0.0,0.0,0.0,0.0,0.0,0.0,30.0,1.0,-1.000088900581841e-12,0.0,0.0,47.0,6.0,0.0,0.0,0.0,0.0,0.0,0.0,4,0,0.545531197301855,341.5279393158536,509.0,0.0,0.0,0.0,0.0,2
0.0,0.0,0.0,0.0,0.0,0.0,0.0,0.0,24.0,4.0,1.2860573368703792,0.0,0.0,46.66666666666666,0.0,0.0,0.0,0.0,0.0,0.0,0.0,4,0,0.545531197301855,385.3946029720706,332.5,0.0,0.0,0.0,0.0,2
0.0,0.0,0.0,0.0,0.0,0.0,0.0,0.0,4.0,1.0,-1.000088900581841e-12,0.0,0.0,45.5,0.0,0.0,0.0,0.0,0.0,0.0,0.0,5,0,0.545531197301855,312.0,156.0,0.0,0.0,0.0,0.0,2
0.0,0.0,0.0,0.0,0.0,0.0,0.0,0.0,36.0,3.0,0.5566469035791068,0.0,0.0,44.5,0.0,0.0,0.0,0.0,0.0,0.0,0.0,5,0,0.545531197301855,0.0,0.0,0.0,0.0,0.0,0.0,2
0.0,0.0,0.0,0.0,0.0,0.0,0.0,0.0,16.0,4.0,1.2130075659759043,0.0,0.0,43.5,0.0,0.0,0.0,0.0,0.0,0.0,0.0,6,0,0.545531197301855,0.0,0.0,0.0,0.0,0.0,0.0,2
0.0,0.0,0.0,0.0,0.0,0.0,0.0,0.0,14.0,3.0,1.0789922078745835,0.0,0.0,42.833333333333336,0.0,0.0,0.0,0.0,0.0,0.0,0.0,6,0,0.545531197301855,0.0,0.0,0.0,0.0,0.0,0.0,2
702.0,2.0,0.6926560327013047,0.0,0.0,0.0,0.0,0.0,38.0,5.0,1.1561356696448262,0.0,0.0,41.625,0.0,0.0,0.0,0.0,18.0,4.0,4.0,7,0,0.545531197301855,351.0,175.5,0.0,0.0,0.0,0.0,2
710.0,2.0,0.0193541070808632,0.0,0.0,0.0,0.0,0.0,36.0,5.0,1.5229550675263184,0.0,0.0,40.0,0.0,0.0,0.0,0.0,6.0,0.0,0.0,7,0,0.545531197301855,407.6223742632389,353.0,0.0,0.0,0.0,0.0,2
708.0,1.0,-1.000088900581841e-12,0.0,0.0,0.0,0.0,0.0,30.0,4.0,1.1822230016411068,0.0,0.0,38.42857142857143,0.0,0.0,0.0,0.0,6.0,0.0,0.0,8,1,0.545531197301855,353.3496851562203,530.0,0.0,0.0,0.0,0.0,2
706.0,1.0,-1.000088900581841e-12,0.0,0.0,0.0,0.0,0.0,10.0,2.0,0.5004024235361879,0.0,0.0,36.81818181818182,0.0,0.0,0.0,0.0,6.0,0.0,0.0,8,1,0.545531197301855,3.4156502553179715,706.5,0.0,0.0,0.0,0.0,2
704.0,1.0,-1.000088900581841e-12,0.0,0.0,0.0,0.0,0.0,8.0,3.0,1.039720770836918,0.0,0.0,35.166666666666664,6.0,0.0,0.0,0.0,0.0,0.0,0.0,9,1,0.545531197301855,2.581988897469105,707.0,0.0,0.0,0.0,0.0,2
2.0,1.0,-1.000088900581841e-12,0.0,0.0,0.0,0.0,0.0,16.0,2.0,0.6615632381559821,0.0,0.0,33.833333333333336,0.0,0.0,0.0,0.0,0.0,0.0,0.0,9,1,0.545531197301855,352.0037878584073,530.0,0.0,0.0,0.0,0.0,1
0.0,0.0,0.0,0.0,0.0,0.0,0.0,0.0,28.0,5.0,1.2700181519054905,0.0,0.0,32.5,6.0,0.0,0.0,0.0,0.0,0.0,0.0,10,1,0.545531197301855,406.45622970581553,353.0,0.0,0.0,0.0,0.0,1
0.0,0.0,0.0,0.0,0.0,0.0,0.0,0.0,6.0,3.0,1.0986122886651095,0.0,0.0,31.0,0.0,0.0,0.0,0.0,12.0,0.0,0.0,10,1,0.545531197301855,351.66793048746047,176.5,0.0,0.0,0.0,0.0,2
0.0,0.0,0.0,0.0,0.0,0.0,0.0,0.0,16.0,2.0,0.6615632381559821,0.0,0.0,29.33333333333333,0.0,0.0,0.0,0.0,0.0,0.0,0.0,11,1,0.545531197301855,0.9999999999838296,0.5,0.0,0.0,0.0,0.0,2
52.0,3.0,0.9291687604809372,0.0,0.0,0.0,0.0,0.0,108.0,10.0,1.7279425475392909,0.0,0.0,28.0,0.0,0.0,0.0,0.0,12.0,122.0,4.0,11,1,0.545531197301855,25.999999999999385,13.0,0.0,0.0,0.0,0.0,1
712.0,7.0,1.3347748140540403,0.0,0.0,0.0,0.0,0.0,122.0,14.0,1.890975417236902,0.0,0.0,22.7,0.0,0.0,0.0,0.0,0.0,1890.0,0.0,12,1,0.545531197301855,348.1972620991344,191.0,0.0,0.0,0.0,0.0,1
314.0,6.0,1.2595665101454827,0.0,0.0,0.0,0.0,0.0,16.0,4.0,1.0735428464045231,0.0,6.0,17.25,0.0,0.0,0.0,0.0,6.0,1246.0,6.0,12,1,0.545531197301855,325.43458123971186,269.5,0.0,0.0,0.0,0.0,1
706.0,1.0,-1.000088900581841e-12,0.0,0.0,0.0,0.0,0.0,98.0,5.0,1.0334040874119763,0.0,0.0,26.566666666666663,0.0,0.0,0.0,0.0,0.0,150.0,0.0,13,1,0.545531197301855,321.98136592045194,446.0,0.0,0.0,0.0,0.0,1
714.0,5.0,0.3494878174827194,0.0,0.0,0.0,0.0,0.0,76.0,9.0,1.7289681623830588,0.0,0.0,39.7,0.0,0.0,0.0,0.0,0.0,236.0,0.0,13,1,0.545531197301855,198.36246284684665,611.5,0.0,0.0,0.0,0.0,1
714.0,2.0,0.1914440819557173,0.0,0.0,0.0,0.0,0.0,78.0,7.0,1.2313029954388397,0.0,0.0,59.06666666666667,0.0,0.0,0.0,0.0,8.0,112.0,6.0,14,1,0.545531197301855,198.70245762613663,612.0,0.0,0.0,0.0,0.0,1
716.0,3.0,0.9632893087915928,0.0,0.0,0.0,0.0,0.0,148.0,7.0,1.4987509143026747,0.0,0.0,77.36666666666666,0.0,0.0,0.0,0.0,0.0,562.0,0.0,14,1,0.545531197301855,4.434711565211399,712.5,0.0,0.0,0.0,0.0,1
702.0,7.0,0.9169335028248145,0.0,0.0,0.0,0.0,0.0,276.0,14.0,1.8002939223114642,0.0,0.0,92.96551724137932,0.0,0.0,0.0,0.0,44.0,1220.0,18.0,15,1,0.545531197301855,6.40312423742918,711.5,0.0,0.0,0.0,0.0,1
712.0,4.0,0.8144423610892648,0.0,0.0,0.0,0.0,0.0,54.0,8.0,1.839481858967131,0.0,0.0,99.96666666666668,0.0,0.0,0.0,0.0,24.0,528.0,8.0,15,1,0.545531197301855,6.218252702055431,711.0,0.0,0.0,0.0,0.0,2
714.0,3.0,0.1986677214946429,0.0,0.0,0.0,0.0,0.0,158.0,3.0,0.7512494315698793,0.0,0.0,95.88888888888889,0.0,0.0,0.0,0.0,96.0,362.0,0.0,16,1,0.545531197301855,6.218252702055431,711.0,0.0,0.0,0.0,0.0,1
710.0,5.0,1.0137917143976034,0.0,58.0,0.0,0.0,0.0,108.0,10.0,2.113261716857579,0.0,0.0,89.1,0.0,0.0,0.0,0.0,120.0,560.0,32.0,16,1,0.545531197301855,5.259911279348705,709.5,29.0,14.5,0.0,0.0,1
712.0,4.0,0.6131547313157049,0.0,178.0,0.0,0.0,0.0,170.0,8.0,1.5915865052163878,0.0,0.0,86.0,0.0,0.0,0.0,0.0,108.0,30.0,8.0,17,1,0.545531197301855,1.6329931618410816,712.0,83.91265299901639,59.0,0.0,0.0,1
718.0,5.0,0.1057205473594401,0.0,0.0,0.0,0.0,0.0,44.0,9.0,1.9722469794144413,0.0,0.0,80.06666666666666,0.0,0.0,0.0,0.0,0.0,90.0,0.0,17,1,0.545531197301855,3.415650255312996,713.5,83.91265299901639,59.0,0.0,0.0,1
716.0,1.0,-1.000088900581841e-12,0.0,0.0,0.0,0.0,0.0,28.0,5.0,1.5124511784614485,0.0,0.0,73.9,0.0,0.0,0.0,0.0,0.0,190.0,0.0,18,1,0.545531197301855,3.651483716694678,714.0,83.91265299901639,59.0,0.0,0.0,1
582.0,4.0,1.0859855591362222,0.0,0.0,0.0,0.0,0.0,110.0,11.0,2.002653838298101,0.0,0.0,68.6896551724138,0.0,0.0,0.0,0.0,12.0,54.0,8.0,18,1,0.545531197301855,66.713317011423,682.0,89.0,44.5,0.0,0.0,1
698.0,5.0,0.778137536317361,0.0,0.0,0.0,0.0,0.0,426.0,9.0,1.2999003885348623,0.0,0.0,62.06666666666667,0.0,0.0,0.0,0.0,0.0,2734.0,0.0,19,1,0.545531197301855,64.95896140384805,678.5,0.0,0.0,0.0,0.0,1
710.0,4.0,1.0143282826535551,0.0,0.0,0.0,0.0,0.0,540.0,7.0,1.1882134410100311,0.0,0.0,55.88235294117647,0.0,0.0,0.0,0.0,28.0,2460.0,14.0,19,1,0.545531197301855,63.44288770224724,676.5,0.0,0.0,0.0,0.0,1
712.0,6.0,0.9248758995775734,0.0,0.0,0.0,0.0,0.0,500.0,6.0,0.983344776328842,0.0,0.0,50.57142857142857,0.0,0.0,0.0,0.0,70.0,2814.0,18.0,20,1,0.545531197301855,62.63917836838716,675.5,0.0,0.0,0.0,0.0,1
710.0,1.0,-1.000088900581841e-12,0.0,0.0,0.0,0.0,0.0,80.0,6.0,0.6568156491562019,0.0,0.0,45.15384615384615,0.0,0.0,0.0,0.0,0.0,20.0,0.0,20,1,0.545531197301855,6.403124237429379,707.5,0.0,0.0,0.0,0.0,1
706.0,8.0,1.5925486185269158,0.0,0.0,0.0,0.0,0.0,54.0,9.0,1.4987886200991745,0.0,0.0,40.294117647058826,0.0,0.0,0.0,0.0,146.0,1812.0,62.0,21,0,0.545531197301855,2.5166114784147706,709.5,0.0,0.0,0.0,0.0,1
704.0,4.0,0.2321650505587463,0.0,0.0,0.0,0.0,0.0,26.0,4.0,1.204793309690784,0.0,0.0,35.0,0.0,0.0,0.0,0.0,66.0,404.0,40.0,21,0,0.545531197301855,3.651483716695041,708.0,0.0,0.0,0.0,0.0,1
704.0,3.0,0.2282267143065648,0.0,0.0,0.0,0.0,0.0,64.0,3.0,0.538556946257942,0.0,0.0,32.57142857142857,0.0,0.0,0.0,0.0,120.0,264.0,14.0,22,0,0.545531197301855,2.828427124738345,706.0,0.0,0.0,0.0,0.0,1
714.0,4.0,0.22172036786787,0.0,0.0,0.0,0.0,0.0,72.0,5.0,1.1495570598915408,0.0,0.0,26.566666666666663,0.0,0.0,0.0,0.0,30.0,1884.0,22.0,22,0,0.545531197301855,4.7609522856905775,707.0,0.0,0.0,0.0,0.0,1
718.0,1.0,-1.000088900581841e-12,0.0,0.0,0.0,0.0,0.0,18.0,4.0,1.3689223607362195,0.0,0.0,19.966666666666665,0.0,0.0,0.0,0.0,0.0,166.0,0.0,23,0,0.545531197301855,7.118052168017751,710.0,0.0,0.0,0.0,0.0,1
584.0,4.0,0.7618165387683956,0.0,0.0,0.0,0.0,0.0,102.0,6.0,1.142405678109669,0.0,0.0,13.0,0.0,0.0,0.0,0.0,30.0,4314.0,0.0,23,0,0.545531197301855,64.27026269330648,680.0,0.0,0.0,0.0,0.0,1
708.0,1.0,-1.000088900581841e-12,0.0,0.0,0.0,0.0,0.0,48.0,2.0,0.2868359830541607,0.0,0.0,73.03333333333333,0.0,0.0,0.0,0.0,0.0,0.0,0.0,1,0,0.545531197301855,204.7567662699656,526.0,0.0,0.0,0.0,0.0,1
606.0,1.0,-1.000088900581841e-12,0.0,0.0,0.0,0.0,0.0,54.0,3.0,0.8444867347600606,0.0,0.0,92.03333333333332,0.0,0.0,0.0,0.0,0.0,0.0,0.0,2,0,0.545531197301855,183.71263792492147,503.5,0.0,0.0,0.0,0.0,1
0.0,0.0,0.0,0.0,0.0,0.0,0.0,0.0,32.0,1.0,-1.000088900581841e-12,0.0,0.0,100.0,0.0,0.0,0.0,0.0,64.0,0.0,0.0,2,0,0.545531197301855,313.84231709570327,423.5,0.0,0.0,0.0,0.0,2
0.0,0.0,0.0,0.0,0.0,0.0,0.0,0.0,6.0,2.0,0.6365141682928128,0.0,0.0,100.0,0.0,0.0,0.0,0.0,0.0,0.0,0.0,3,0,0.545531197301855,381.59795596936834,328.5,0.0,0.0,0.0,0.0,3
0.0,0.0,0.0,0.0,0.0,0.0,0.0,0.0,4.0,1.0,-1.000088900581841e-12,0.0,0.0,100.0,26.0,0.0,0.0,0.0,0.0,0.0,0.0,3,0,0.545531197301855,302.99999999999994,151.5,0.0,0.0,0.0,0.0,2
0.0,0.0,0.0,0.0,0.0,0.0,0.0,0.0,12.0,2.0,0.6365141682928128,0.0,0.0,100.0,24.0,0.0,0.0,0.0,0.0,0.0,0.0,4,0,0.545531197301855,0.0,0.0,0.0,0.0,0.0,0.0,2
0.0,0.0,0.0,0.0,0.0,0.0,0.0,0.0,0.0,0.0,0.0,0.0,0.0,99.83333333333331,0.0,0.0,0.0,0.0,0.0,0.0,0.0,4,0,0.545531197301855,0.0,0.0,0.0,0.0,0.0,0.0,2
0.0,0.0,0.0,0.0,0.0,0.0,0.0,0.0,16.0,2.0,0.6931471805579453,0.0,0.0,99.0,0.0,0.0,0.0,0.0,0.0,0.0,0.0,5,0,0.545531197301855,0.0,0.0,0.0,0.0,0.0,0.0,2
0.0,0.0,0.0,0.0,0.0,0.0,0.0,0.0,6.0,2.0,0.6365141682928128,0.0,0.0,97.5,0.0,0.0,0.0,0.0,0.0,0.0,0.0,5,0,0.545531197301855,0.0,0.0,0.0,0.0,0.0,0.0,2
0.0,0.0,0.0,0.0,0.0,0.0,0.0,0.0,2.0,1.0,-1.000088900581841e-12,0.0,0.0,96.66666666666669,0.0,0.0,0.0,0.0,0.0,0.0,0.0,6,0,0.545531197301855,0.0,0.0,0.0,0.0,0.0,0.0,2
0.0,0.0,0.0,0.0,0.0,0.0,0.0,0.0,14.0,3.0,1.0789922078745835,0.0,0.0,95.66666666666669,0.0,0.0,0.0,0.0,0.0,0.0,0.0,6,0,0.545531197301855,0.0,0.0,0.0,0.0,0.0,0.0,2
706.0,1.0,-1.000088900581841e-12,0.0,0.0,0.0,0.0,0.0,40.0,4.0,1.062737568152996,0.0,0.0,94.375,0.0,0.0,0.0,0.0,96.0,0.0,0.0,7,0,0.545531197301855,352.99999999999994,176.5,0.0,0.0,0.0,0.0,2
704.0,1.0,-1.000088900581841e-12,0.0,0.0,0.0,0.0,0.0,16.0,2.0,0.5623351446168083,0.0,0.0,93.28571428571428,0.0,0.0,0.0,0.0,32.0,0.0,0.0,7,0,0.545531197301855,407.0327587144144,352.5,0.0,0.0,0.0,0.0,2
706.0,1.0,-1.000088900581841e-12,0.0,0.0,0.0,0.0,0.0,50.0,8.0,1.9232712894926447,0.0,0.0,92.28571428571428,0.0,0.0,0.0,0.0,32.0,0.0,0.0,8,1,0.545531197301855,352.6679269038604,529.0,0.0,0.0,0.0,0.0,2
704.0,1.0,-1.000088900581841e-12,0.0,0.0,0.0,0.0,0.0,8.0,1.0,-1.000088900581841e-12,0.0,0.0,91.0,0.0,0.0,0.0,0.0,32.0,0.0,0.0,8,1,0.545531197301855,1.154700538356853,705.0,0.0,0.0,0.0,0.0,2
710.0,1.0,-1.000088900581841e-12,0.0,0.0,0.0,0.0,0.0,28.0,3.0,0.8982053397011498,0.0,0.0,90.0,24.0,0.0,0.0,0.0,0.0,0.0,0.0,9,1,0.545531197301855,2.8284271247370527,706.0,0.0,0.0,0.0,0.0,2
0.0,0.0,0.0,0.0,0.0,0.0,0.0,0.0,56.0,5.0,1.4822675658892266,0.0,0.0,89.16666666666667,32.0,0.0,0.0,0.0,32.0,0.0,0.0,9,1,0.545531197301855,353.34213825507226,530.0,0.0,0.0,0.0,0.0,2
0.0,0.0,0.0,0.0,0.0,0.0,0.0,0.0,0.0,0.0,0.0,0.0,0.0,87.83333333333333,0.0,0.0,0.0,0.0,0.0,0.0,0.0,10,1,0.545531197301855,408.1939898299989,353.5,0.0,0.0,0.0,0.0,1
0.0,0.0,0.0,0.0,0.0,0.0,0.0,0.0,8.0,3.0,1.039720770836918,0.0,0.0,87.0,0.0,0.0,0.0,0.0,32.0,0.0,0.0,10,1,0.545531197301855,354.99999999999994,177.5,0.0,0.0,0.0,0.0,1
0.0,0.0,0.0,0.0,0.0,0.0,0.0,0.0,64.0,8.0,1.8292830991754208,0.0,0.0,86.0,0.0,0.0,0.0,0.0,32.0,0.0,0.0,11,1,0.545531197301855,0.0,0.0,0.0,0.0,0.0,0.0,2
0.0,0.0,0.0,0.0,0.0,0.0,0.0,0.0,14.0,5.0,1.475076311049695,0.0,0.0,84.5,0.0,0.0,0.0,0.0,0.0,0.0,0.0,11,1,0.545531197301855,0.0,0.0,0.0,0.0,0.0,0.0,1
544.0,1.0,-1.000088900581841e-12,0.0,0.0,0.0,0.0,0.0,106.0,21.0,2.655033040642466,0.0,0.0,82.33333333333333,0.0,0.0,0.0,0.0,128.0,0.0,30.0,12,1,0.545531197301855,271.9999999999999,136.0,0.0,0.0,0.0,0.0,1
706.0,2.0,0.1930573583573809,0.0,0.0,0.0,0.0,0.0,42.0,4.0,0.9961782375833406,0.0,0.0,78.33333333333333,0.0,0.0,0.0,0.0,32.0,298.0,8.0,12,1,0.545531197301855,366.85464878250247,312.5,0.0,0.0,0.0,0.0,1
704.0,5.0,1.0974217135641475,0.0,0.0,0.0,0.0,0.0,78.0,6.0,1.4849906844047611,0.0,0.0,74.38461538461539,0.0,0.0,0.0,0.0,32.0,3148.0,8.0,13,1,0.545531197301855,334.3944776258522,488.5,0.0,0.0,0.0,0.0,1
716.0,1.0,-1.000088900581841e-12,0.0,0.0,0.0,0.0,0.0,42.0,6.0,1.4588954504015144,0.0,0.0,68.93333333333334,0.0,0.0,0.0,0.0,0.0,14850.0,0.0,13,1,0.545531197301855,82.50050504895847,667.5,0.0,0.0,0.0,0.0,1
678.0,4.0,0.8421368489300103,0.0,0.0,0.0,16.0,0.0,224.0,10.0,1.919811710459032,0.0,0.0,63.6875,0.0,0.0,0.0,0.0,288.0,5712.0,12.0,14,1,0.545531197301855,16.20699437485426,701.0,0.0,0.0,8.000000000000009,4.0,1
714.0,5.0,1.194424522282091,0.0,0.0,0.0,0.0,0.0,210.0,8.0,1.7494708452359644,0.0,0.0,57.375,0.0,0.0,0.0,0.0,288.0,354.0,32.0,14,1,0.545531197301855,17.47378989610509,703.0,0.0,0.0,8.000000000000009,4.0,1
712.0,2.0,0.3628758950548253,0.0,0.0,0.0,22.0,0.0,80.0,10.0,2.139246312124778,0.0,0.0,51.5925925925926,0.0,0.0,0.0,0.0,108.0,430.0,10.0,15,1,0.545531197301855,18.073922282298263,705.0,0.0,0.0,11.239810200058251,9.5,1
712.0,1.0,-1.000088900581841e-12,0.0,0.0,0.0,0.0,0.0,38.0,8.0,1.684759806559196,0.0,0.0,45.76923076923077,0.0,0.0,0.0,0.0,0.0,198.0,0.0,15,1,0.545531197301855,17.35895542171891,704.0,0.0,0.0,11.239810200058251,9.5,1
708.0,5.0,0.8271027156802608,0.0,0.0,0.0,0.0,0.0,274.0,7.0,0.9446537573824966,0.0,0.0,39.36363636363637,0.0,0.0,0.0,0.0,36.0,8806.0,12.0,16,1,0.545531197301855,2.516611478401986,711.5,0.0,0.0,11.000000000000009,5.5,1
714.0,8.0,1.5843690685671603,0.0,0.0,0.0,0.0,0.0,136.0,11.0,1.5901296068941215,0.0,0.0,29.448275862068964,0.0,0.0,0.0,0.0,0.0,12262.0,0.0,16,1,0.545531197301855,2.516611478401986,711.5,0.0,0.0,11.000000000000009,5.5,1
482.0,3.0,0.1512444218520283,0.0,0.0,0.0,0.0,0.0,64.0,3.0,0.6561927920156199,0.0,36.0,19.047619047619047,0.0,0.0,0.0,0.0,0.0,13228.0,0.0,17,1,0.545531197301855,114.69379524048614,654.0,0.0,0.0,0.0,0.0,1
186.0,1.0,-1.000088900581841e-12,0.0,0.0,0.0,0.0,0.0,84.0,3.0,0.4451435707813082,0.0,0.0,20.571428571428573,0.0,0.0,0.0,0.0,0.0,19568.0,0.0,17,1,0.545531197301855,248.96786941290213,522.5,0.0,0.0,0.0,0.0,1
716.0,5.0,0.4458134040953618,0.0,0.0,0.0,0.0,0.0,246.0,11.0,0.9632054142334608,0.0,0.0,27.566666666666663,0.0,0.0,0.0,0.0,38.0,15800.0,14.0,18,1,0.545531197301855,250.97875076056383,524.5,0.0,0.0,0.0,0.0,1
716.0,1.0,-1.000088900581841e-12,0.0,0.0,0.0,0.0,0.0,212.0,3.0,0.4252275911722877,0.0,0.0,36.13333333333333,0.0,0.0,0.0,0.0,0.0,17602.0,0.0,18,1,0.545531197301855,251.48359787469212,525.0,0.0,0.0,0.0,0.0,1
714.0,1.0,-1.000088900581841e-12,0.0,0.0,0.0,0.0,0.0,92.0,5.0,1.400626927484202,0.0,0.0,44.2,0.0,0.0,0.0,0.0,0.0,10138.0,0.0,19,1,0.545531197301855,264.66834592246425,583.0,0.0,0.0,0.0,0.0,1
710.0,5.0,1.5150532326259607,0.0,0.0,0.0,0.0,0.0,62.0,5.0,1.286592643173325,0.0,0.0,54.57142857142857,0.0,0.0,0.0,0.0,200.0,4774.0,62.0,19,1,0.545531197301855,2.828427124725048,714.0,0.0,0.0,0.0,0.0,1
716.0,1.0,-1.000088900581841e-12,0.0,0.0,0.0,0.0,0.0,44.0,4.0,1.0971663861348313,0.0,0.0,65.96666666666667,0.0,0.0,0.0,0.0,0.0,322.0,0.0,20,1,0.545531197301855,2.828427124725048,714.0,0.0,0.0,0.0,0.0,1
706.0,6.0,0.6127661535066041,0.0,0.0,0.0,0.0,0.0,226.0,8.0,1.1490553047593053,0.0,0.0,73.63636363636364,0.0,0.0,0.0,0.0,528.0,818.0,84.0,20,1,0.545531197301855,4.434711565203217,711.5,0.0,0.0,0.0,0.0,1
704.0,4.0,0.208752243060666,0.0,0.0,0.0,0.0,0.0,168.0,14.0,1.750065124288015,0.0,0.0,71.16666666666667,0.0,0.0,0.0,0.0,428.0,3514.0,102.0,21,0,0.545531197301855,5.29150262211788,709.0,0.0,0.0,0.0,0.0,1
706.0,3.0,0.7497151916636152,0.0,0.0,0.0,0.0,0.0,16.0,3.0,0.9002560512655369,0.0,0.0,66.21428571428571,0.0,0.0,0.0,0.0,162.0,988.0,66.0,21,0,0.545531197301855,5.416025603079596,708.0,0.0,0.0,0.0,0.0,1
716.0,1.0,-1.000088900581841e-12,0.0,0.0,0.0,0.0,0.0,10.0,2.0,0.5004024235361879,0.0,0.0,59.46666666666667,0.0,0.0,0.0,0.0,0.0,3450.0,0.0,22,0,0.545531197301855,5.416025603079596,708.0,0.0,0.0,0.0,0.0,1
572.0,1.0,-1.000088900581841e-12,0.0,0.0,0.0,0.0,0.0,2.0,1.0,-1.000088900581841e-12,0.0,0.0,50.73333333333333,0.0,0.0,0.0,0.0,0.0,1464.0,0.0,22,0,0.545531197301855,68.53466276272087,674.5,0.0,0.0,0.0,0.0,1
0.0,0.0,0.0,0.0,0.0,0.0,0.0,0.0,0.0,0.0,0.0,0.0,0.0,41.9,0.0,0.0,0.0,0.0,0.0,1386.0,0.0,23,0,0.545531197301855,338.75605775641344,498.5,0.0,0.0,0.0,0.0,1
18.0,1.0,-1.000088900581841e-12,0.0,0.0,0.0,0.0,0.0,2.0,1.0,-1.000088900581841e-12,0.0,0.0,32.4,0.0,0.0,0.0,0.0,0.0,1894.0,0.0,23,0,0.545531197301855,371.3735765147181,326.5,0.0,0.0,0.0,0.0,1
706.0,1.0,-1.000088900581841e-12,0.0,0.0,0.0,0.0,0.0,6.0,1.0,-1.000088900581841e-12,0.0,0.0,26.166666666666668,0.0,0.0,0.0,0.0,0.0,0.0,0.0,0,0,0.545531197301855,367.8949125316448,324.0,0.0,0.0,0.0,0.0,2
688.0,1.0,-1.000088900581841e-12,0.0,0.0,0.0,0.0,0.0,2.0,1.0,-1.000088900581841e-12,0.0,0.0,23.166666666666668,0.0,0.0,0.0,0.0,0.0,0.0,0.0,0,0,0.545531197301855,397.3529077952409,353.0,0.0,0.0,0.0,0.0,2
458.0,1.0,-1.000088900581841e-12,0.0,0.0,0.0,0.0,0.0,22.0,5.0,1.5157079520807129,0.0,0.0,20.83333333333333,36.0,0.0,0.0,0.0,54.0,774.0,16.0,1,0,0.545531197301855,320.2306460454192,467.5,0.0,0.0,0.0,0.0,1
706.0,1.0,-1.000088900581841e-12,0.0,0.0,0.0,0.0,0.0,4.0,1.0,-1.000088900581841e-12,0.0,0.0,18.666666666666668,0.0,0.0,0.0,0.0,0.0,0.0,0.0,1,0,0.545531197301855,121.29715577869024,639.5,0.0,0.0,0.0,0.0,2
252.0,1.0,-1.000088900581841e-12,0.0,0.0,0.0,0.0,0.0,0.0,0.0,0.0,0.0,0.0,17.333333333333332,28.0,0.0,0.0,0.0,0.0,0.0,0.0,2,0,0.545531197301855,214.7432575581048,526.0,0.0,0.0,0.0,0.0,2
0.0,0.0,0.0,0.0,0.0,0.0,0.0,0.0,0.0,0.0,0.0,0.0,0.0,16.5,0.0,0.0,0.0,0.0,0.0,0.0,0.0,2,0,0.545531197301855,300.2443449370304,354.0,0.0,0.0,0.0,0.0,2
0.0,0.0,0.0,0.0,0.0,0.0,0.0,0.0,12.0,2.0,0.6365141682928128,0.0,0.0,16.0,50.0,0.0,0.0,0.0,0.0,0.0,0.0,3,0,0.545531197301855,332.9159052974187,239.5,0.0,0.0,0.0,0.0,2
0.0,0.0,0.0,0.0,0.0,0.0,0.0,0.0,12.0,1.0,-1.000088900581841e-12,0.0,52.0,22.6,0.0,0.0,0.0,0.0,52.0,0.0,0.0,3,0,0.545531197301855,125.9999999999994,63.0,0.0,0.0,0.0,0.0,3
618.0,4.0,1.0243375662514624,0.0,0.0,0.0,0.0,0.0,84.0,7.0,1.4345775374921377,0.0,0.0,36.82758620689656,0.0,0.0,0.0,0.0,108.0,2190.0,32.0,4,0,0.545531197301855,308.9999999999997,154.5,0.0,0.0,0.0,0.0,3
714.0,1.0,-1.000088900581841e-12,0.0,0.0,0.0,0.0,0.0,96.0,4.0,1.0628382152792406,0.0,0.0,58.56666666666667,0.0,0.0,0.0,0.0,174.0,4716.0,26.0,4,0,0.545531197301855,386.5074384795199,333.0,0.0,0.0,0.0,0.0,2
714.0,1.0,-1.000088900581841e-12,0.0,0.0,0.0,0.0,0.0,56.0,3.0,0.7119025417621226,0.0,0.0,80.6,0.0,0.0,0.0,0.0,0.0,0.0,0.0,5,0,0.545531197301855,343.9898254309273,511.5,0.0,0.0,0.0,0.0,3
72.0,1.0,-1.000088900581841e-12,0.0,0.0,0.0,0.0,0.0,28.0,3.0,0.6559757323335468,0.0,0.0,96.46666666666668,0.0,0.0,0.0,0.0,0.0,0.0,0.0,5,0,0.545531197301855,308.3390990451905,529.5,0.0,0.0,0.0,0.0,3
0.0,0.0,0.0,0.0,0.0,0.0,0.0,0.0,10.0,3.0,1.054920167983144,0.0,0.0,100.0,0.0,0.0,0.0,0.0,0.0,0.0,0.0,6,0,0.545531197301855,392.5455387595175,375.0,0.0,0.0,0.0,0.0,3
0.0,0.0,0.0,0.0,0.0,0.0,0.0,0.0,8.0,3.0,1.039720770836918,0.0,0.0,100.0,0.0,0.0,0.0,0.0,0.0,0.0,0.0,6,0,0.545531197301855,346.6655448699796,196.5,0.0,0.0,0.0,0.0,3
714.0,1.0,-1.000088900581841e-12,0.0,0.0,0.0,0.0,0.0,40.0,5.0,1.175204597075758,0.0,0.0,100.0,0.0,0.0,0.0,0.0,116.0,0.0,0.0,7,0,0.545531197301855,346.6655448699796,196.5,0.0,0.0,0.0,0.0,4
714.0,1.0,-1.000088900581841e-12,0.0,0.0,0.0,0.0,0.0,52.0,4.0,1.199312600107532,0.0,0.0,100.0,0.0,0.0,0.0,0.0,58.0,0.0,0.0,7,0,0.545531197301855,412.2280922013926,357.0,0.0,0.0,0.0,0.0,3
714.0,1.0,-1.000088900581841e-12,0.0,0.0,0.0,0.0,0.0,80.0,6.0,1.3101931902359798,0.0,0.0,100.0,0.0,0.0,0.0,0.0,58.0,0.0,0.0,8,1,0.545531197301855,356.9999999999998,535.5,0.0,0.0,0.0,0.0,3
714.0,1.0,-1.000088900581841e-12,0.0,0.0,0.0,0.0,0.0,12.0,2.0,0.6365141682928128,0.0,0.0,100.0,0.0,0.0,0.0,0.0,58.0,0.0,0.0,8,1,0.545531197301855,0.0,714.0,0.0,0.0,0.0,0.0,2
714.0,1.0,-1.000088900581841e-12,0.0,0.0,0.0,0.0,0.0,6.0,2.0,0.6365141682928128,0.0,0.0,100.0,0.0,0.0,0.0,0.0,0.0,0.0,0.0,9,1,0.545531197301855,0.0,714.0,0.0,0.0,0.0,0.0,2
2.0,1.0,-1.000088900581841e-12,0.0,0.0,0.0,0.0,0.0,8.0,1.0,-1.000088900581841e-12,0.0,0.0,100.0,0.0,0.0,0.0,0.0,58.0,0.0,0.0,9,1,0.545531197301855,355.9999999999998,536.0,0.0,0.0,0.0,0.0,2
0.0,0.0,0.0,0.0,0.0,0.0,0.0,0.0,24.0,4.0,1.3086053872494494,0.0,0.0,100.0,0.0,0.0,0.0,0.0,0.0,0.0,0.0,10,1,0.545531197301855,411.6515516793297,357.5,0.0,0.0,0.0,0.0,2
0.0,0.0,0.0,0.0,0.0,0.0,0.0,0.0,6.0,2.0,0.6365141682928128,0.0,0.0,100.0,0.0,0.0,0.0,0.0,0.0,0.0,0.0,10,1,0.545531197301855,356.66791277040863,179.0,0.0,0.0,0.0,0.0,2
0.0,0.0,0.0,0.0,0.0,0.0,0.0,0.0,34.0,5.0,1.4520440731886834,0.0,0.0,100.0,0.0,0.0,0.0,0.0,58.0,0.0,0.0,11,1,0.545531197301855,0.9999999999159206,0.5,0.0,0.0,0.0,0.0,2
174.0,4.0,0.8558730405238366,0.0,0.0,0.0,0.0,0.0,52.0,6.0,1.673830758693637,0.0,0.0,99.9,0.0,0.0,0.0,0.0,58.0,2124.0,20.0,11,1,0.545531197301855,86.99999999999903,43.5,0.0,0.0,0.0,0.0,2
714.0,3.0,0.5714339210323088,0.0,0.0,0.0,0.0,0.0,36.0,11.0,2.245171589400516,0.0,0.0,96.0,0.0,0.0,0.0,0.0,58.0,630.0,26.0,12,1,0.545531197301855,338.1005767519479,222.0,0.0,0.0,0.0,0.0,3
710.0,2.0,0.5780064208970683,0.0,0.0,0.0,0.0,0.0,14.0,2.0,0.5982695885832573,0.0,0.0,93.07142857142856,0.0,0.0,0.0,0.0,116.0,964.0,50.0,12,1,0.545531197301855,367.7730278310249,399.5,0.0,0.0,0.0,0.0,3
704.0,1.0,-1.000088900581841e-12,0.0,0.0,0.0,0.0,0.0,6.0,2.0,0.6365141682928128,0.0,0.0,91.42857142857144,0.0,0.0,0.0,0.0,58.0,0.0,0.0,13,1,0.545531197301855,267.6982131679873,575.5,0.0,0.0,0.0,0.0,3
706.0,3.0,0.7434307770293069,0.0,0.0,0.0,0.0,0.0,62.0,4.0,1.2214065479469725,0.0,0.0,90.14285714285714,0.0,0.0,0.0,0.0,178.0,2322.0,58.0,13,1,0.545531197301855,4.434711565197735,708.5,0.0,0.0,0.0,0.0,3
706.0,2.0,0.329418356921331,0.0,0.0,0.0,0.0,0.0,128.0,8.0,1.2871934132661822,0.0,0.0,88.5,0.0,0.0,0.0,0.0,300.0,10.0,14.0,14,1,0.545531197301855,2.5166114783901654,706.5,0.0,0.0,0.0,0.0,3
700.0,5.0,1.4748049456694428,0.0,0.0,0.0,0.0,0.0,180.0,9.0,1.4469601013023463,0.0,0.0,84.41176470588235,0.0,0.0,0.0,0.0,252.0,1280.0,114.0,14,1,0.545531197301855,2.828427124716473,704.0,0.0,0.0,0.0,0.0,3
714.0,2.0,0.0736871448793178,0.0,0.0,0.0,0.0,0.0,54.0,5.0,0.903363654954735,0.0,0.0,77.86206896551724,0.0,0.0,0.0,0.0,0.0,1094.0,0.0,15,1,0.545531197301855,5.744562646523397,706.5,0.0,0.0,0.0,0.0,2
716.0,1.0,-1.000088900581841e-12,0.0,0.0,0.0,0.0,0.0,176.0,5.0,0.7117410210155838,0.0,0.0,95.2,0.0,0.0,0.0,0.0,0.0,0.0,0.0,3,0,0.545531197301855,12.476644848134406,708.5,0.0,0.0,8.000000000000009,4.0,3
498.0,1.0,-1.000088900581841e-12,0.0,0.0,0.0,0.0,0.0,6.0,2.0,0.6365141682928128,0.0,0.0,100.0,0.0,0.0,0.0,0.0,0.0,0.0,0.0,3,0,0.545531197301855,105.3818453687975,655.0,0.0,0.0,0.0,0.0,3
0.0,0.0,0.0,0.0,0.0,0.0,0.0,0.0,660.0,5.0,0.7808103741445022,0.0,0.0,100.0,0.0,0.0,0.0,0.0,0.0,0.0,0.0,4,0,0.545531197301855,331.8915485516313,476.0,0.0,0.0,0.0,0.0,2
0.0,0.0,0.0,0.0,0.0,0.0,0.0,0.0,8.0,3.0,1.039720770836918,0.0,0.0,100.0,0.0,0.0,0.0,0.0,0.0,0.0,0.0,6,0,0.545531197301855,0.0,0.0,0.0,0.0,0.0,0.0,3
0.0,0.0,0.0,0.0,0.0,0.0,0.0,0.0,14.0,2.0,0.5982695885832573,0.0,0.0,100.0,0.0,0.0,0.0,0.0,0.0,0.0,0.0,6,0,0.545531197301855,0.0,0.0,0.0,0.0,0.0,0.0,3
2.0,1.0,-1.000088900581841e-12,0.0,0.0,0.0,0.0,0.0,24.0,3.0,0.9596147939090492,0.0,0.0,100.0,0.0,0.0,0.0,0.0,0.0,0.0,0.0,9,1,0.545531197301855,356.0037452986506,536.0,0.0,0.0,0.0,0.0,3
0.0,0.0,0.0,0.0,0.0,0.0,0.0,0.0,14.0,3.0,0.9556998911095343,0.0,0.0,100.0,0.0,0.0,0.0,0.0,68.0,0.0,0.0,10,1,0.545531197301855,411.0750134302333,357.0,0.0,0.0,0.0,0.0,3
500.0,6.0,1.1266470518588354,0.0,0.0,0.0,0.0,0.0,86.0,8.0,1.595189668119771,0.0,0.0,99.13333333333334,0.0,0.0,0.0,0.0,68.0,1386.0,34.0,10,1,0.545531197301855,360.6179880889653,304.0,0.0,0.0,0.0,0.0,3
712.0,1.0,-1.000088900581841e-12,0.0,0.0,0.0,0.0,0.0,58.0,5.0,0.9236253817817728,0.0,0.0,96.66666666666669,0.0,0.0,0.0,0.0,0.0,68.0,0.0,11,1,0.545531197301855,359.8606211669547,303.5,0.0,0.0,0.0,0.0,2
708.0,1.0,-1.000088900581841e-12,0.0,0.0,0.0,0.0,0.0,4.0,1.0,-1.000088900581841e-12,0.0,0.0,96.0,0.0,0.0,0.0,0.0,0.0,0.0,0.0,11,1,0.545531197301855,334.96666500812654,480.0,0.0,0.0,0.0,0.0,2
358.0,1.0,-1.000088900581841e-12,0.0,0.0,0.0,0.0,0.0,32.0,2.0,0.2337916587044593,0.0,0.0,95.33333333333331,0.0,0.0,0.0,0.0,0.0,0.0,0.0,12,1,0.545531197301855,172.28948507284613,569.5,0.0,0.0,0.0,0.0,2
0.0,0.0,0.0,0.0,0.0,0.0,0.0,0.0,20.0,2.0,0.6108643020528935,0.0,0.0,94.33333333333331,22.0,0.0,0.0,0.0,0.0,0.0,0.0,12,1,0.545531197301855,339.63264468147514,444.5,0.0,0.0,0.0,0.0,2
0.0,0.0,0.0,0.0,0.0,0.0,0.0,0.0,2.0,1.0,-1.000088900581841e-12,0.0,0.0,93.0,0.0,0.0,0.0,0.0,68.0,0.0,0.0,13,1,0.545531197301855,339.28306765885003,266.5,0.0,0.0,0.0,0.0,2
0.0,0.0,0.0,0.0,0.0,0.0,0.0,0.0,40.0,4.0,1.2206072645490174,0.0,0.0,91.66666666666669,0.0,0.0,0.0,0.0,0.0,0.0,0.0,13,1,0.545531197301855,178.99999999999946,89.5,0.0,0.0,0.0,0.0,3
0.0,0.0,0.0,0.0,0.0,0.0,0.0,0.0,42.0,7.0,1.6083949200475276,0.0,0.0,90.0,0.0,0.0,0.0,0.0,204.0,0.0,0.0,14,1,0.545531197301855,0.0,0.0,0.0,0.0,0.0,0.0,3
634.0,6.0,0.9815436649135524,0.0,0.0,0.0,6.0,0.0,78.0,8.0,1.9012168911316047,0.0,0.0,86.75,0.0,0.0,0.0,0.0,68.0,3236.0,18.0,14,1,0.545531197301855,316.9999999999997,158.5,0.0,0.0,3.0000000000000253,1.5,2
708.0,3.0,0.7669881704927854,0.0,0.0,0.0,0.0,0.0,42.0,7.0,1.6993255155182152,0.0,0.0,83.5,0.0,0.0,0.0,0.0,288.0,302.0,22.0,15,1,0.545531197301855,388.5781774623992,335.5,0.0,0.0,3.0000000000000253,1.5,2
714.0,2.0,0.6153065150776609,0.0,0.0,0.0,0.0,0.0,64.0,5.0,1.1824942470493085,0.0,0.0,79.63636363636364,0.0,0.0,0.0,0.0,288.0,228.0,28.0,15,1,0.545531197301855,344.59251297728423,514.0,0.0,0.0,3.0000000000000253,1.5,2
714.0,1.0,-1.000088900581841e-12,0.0,0.0,0.0,0.0,0.0,20.0,5.0,1.3592367006600063,0.0,0.0,74.06666666666666,0.0,0.0,0.0,0.0,0.0,636.0,0.0,16,1,0.545531197301855,39.102429592031655,692.5,0.0,0.0,3.0000000000000253,1.5,2
716.0,3.0,0.3015472608528844,0.0,0.0,0.0,0.0,0.0,66.0,8.0,1.3868498039154789,0.0,0.0,67.4,0.0,0.0,0.0,0.0,0.0,3538.0,0.0,16,1,0.545531197301855,3.464101615107824,713.0,0.0,0.0,0.0,0.0,2
708.0,3.0,0.7213936279926543,0.0,0.0,0.0,0.0,0.0,52.0,8.0,1.8114273910746053,0.0,0.0,61.8,0.0,0.0,0.0,0.0,216.0,34.0,0.0,17,1,0.545531197301855,3.464101615107824,713.0,0.0,0.0,0.0,0.0,2
702.0,5.0,1.1932923021817552,0.0,0.0,0.0,0.0,0.0,366.0,23.0,1.6530019710821062,0.0,0.0,55.53333333333333,0.0,0.0,0.0,0.0,288.0,10948.0,26.0,17,1,0.545531197301855,6.324555320320356,710.0,0.0,0.0,0.0,0.0,2
714.0,3.0,0.92320487456011,0.0,0.0,0.0,0.0,0.0,126.0,7.0,1.572409407857343,0.0,0.0,49.888888888888886,0.0,0.0,0.0,0.0,216.0,5828.0,56.0,18,1,0.545531197301855,6.324555320320356,710.0,0.0,0.0,0.0,0.0,2
710.0,3.0,0.7028260901973251,0.0,0.0,0.0,0.0,0.0,122.0,3.0,0.7978120864391627,0.0,0.0,43.22222222222222,0.0,0.0,0.0,0.0,72.0,3876.0,40.0,18,1,0.545531197301855,4.999999999979252,708.5,0.0,0.0,0.0,0.0,2
714.0,2.0,0.3390124320354315,0.0,0.0,0.0,0.0,0.0,80.0,5.0,1.2401754089707522,0.0,0.0,37.96,0.0,0.0,0.0,0.0,72.0,2674.0,16.0,19,1,0.545531197301855,5.656854249474047,710.0,0.0,0.0,0.0,0.0,2
710.0,3.0,0.8865628159435897,0.0,0.0,0.0,0.0,0.0,40.0,3.0,0.8018185525403374,0.0,0.0,31.80952380952381,0.0,0.0,0.0,0.0,72.0,2702.0,22.0,19,1,0.545531197301855,2.309401076713612,712.0,0.0,0.0,0.0,0.0,2
708.0,3.0,0.7133748682708281,0.0,0.0,0.0,0.0,0.0,216.0,6.0,1.2739672435707226,0.0,0.0,27.33333333333333,0.0,0.0,0.0,0.0,432.0,11052.0,138.0,20,1,0.545531197301855,2.516611478382399,710.5,0.0,0.0,0.0,0.0,3
706.0,7.0,1.3215674099453976,0.0,0.0,0.0,0.0,0.0,72.0,6.0,1.4275584063006452,0.0,0.0,22.77777777777778,0.0,0.0,0.0,0.0,510.0,1408.0,78.0,20,1,0.545531197301855,3.4156502552895165,709.5,0.0,0.0,0.0,0.0,2
642.0,8.0,1.5471218913394735,0.0,0.0,0.0,0.0,0.0,78.0,10.0,1.6721284266045295,0.0,0.0,17.0,0.0,0.0,0.0,0.0,458.0,13324.0,170.0,21,0,0.545531197301855,33.04037933599521,691.5,0.0,0.0,0.0,0.0,2
708.0,5.0,0.638299551320794,0.0,0.0,0.0,0.0,0.0,34.0,3.0,0.7086880282155834,0.0,0.0,9.22222222222222,0.0,0.0,0.0,0.0,468.0,2930.0,98.0,21,0,0.545531197301855,32.68026927673321,691.0,0.0,0.0,0.0,0.0,2
708.0,1.0,-1.000088900581841e-12,0.0,0.0,0.0,0.0,0.0,22.0,2.0,0.4741393130558373,0.0,0.0,4.714285714285714,0.0,0.0,0.0,0.0,78.0,0.0,0.0,22,0,0.545531197301855,32.68026927673321,691.0,0.0,0.0,0.0,0.0,2
694.0,6.0,0.8903405590670068,0.0,0.0,0.0,0.0,0.0,88.0,7.0,1.7197321871031075,0.0,56.0,10.0,0.0,0.0,0.0,0.0,156.0,1582.0,32.0,22,0,0.545531197301855,31.368774282712938,688.0,0.0,0.0,0.0,0.0,2
710.0,1.0,-1.000088900581841e-12,0.0,0.0,0.0,0.0,0.0,28.0,3.0,0.5091373440796869,0.0,0.0,21.133333333333333,0.0,0.0,0.0,0.0,0.0,712.0,0.0,23,0,0.545531197301855,7.3936910042588835,705.0,0.0,0.0,0.0,0.0,2
292.0,1.0,-1.000088900581841e-12,0.0,0.0,0.0,0.0,0.0,26.0,1.0,-1.000088900581841e-12,0.0,82.0,32.03448275862069,0.0,0.0,0.0,0.0,0.0,650.0,0.0,23,0,0.545531197301855,206.1229406608261,601.0,0.0,0.0,0.0,0.0,2
0.0,0.0,0.0,0.0,0.0,0.0,0.0,0.0,50.0,5.0,1.3952211883216268,0.0,0.0,43.766666666666666,0.0,0.0,0.0,0.0,0.0,674.0,0.0,0,0,0.545531197301855,342.4889292614675,424.0,0.0,0.0,0.0,0.0,2
686.0,3.0,0.9512802748404012,0.0,0.0,0.0,0.0,0.0,74.0,6.0,1.4241499120061958,0.0,0.0,60.43333333333333,0.0,0.0,0.0,0.0,164.0,2892.0,36.0,0,0,0.545531197301855,340.4036819228994,422.0,0.0,0.0,0.0,0.0,2
714.0,2.0,0.0485286554040802,0.0,0.0,0.0,0.0,0.0,4.0,2.0,0.6931471805579453,0.0,0.0,62.73333333333333,0.0,0.0,0.0,0.0,0.0,616.0,0.0,1,0,0.545531197301855,341.53574727496164,423.0,0.0,0.0,0.0,0.0,1
706.0,8.0,1.342755498781752,0.0,0.0,0.0,48.0,0.0,832.0,9.0,0.9253810155934742,0.0,0.0,54.85,0.0,0.0,0.0,0.0,258.0,13058.0,40.0,1,0,0.545531197301855,351.19747531362816,526.5,0.0,0.0,24.000000000000004,12.0,1
716.0,1.0,-1.000088900581841e-12,0.0,0.0,0.0,0.0,0.0,940.0,6.0,0.9584308126915464,0.0,0.0,46.66666666666666,0.0,0.0,0.0,0.0,0.0,23498.0,0.0,2,0,0.545531197301855,13.69914839201593,705.5,0.0,0.0,24.000000000000004,12.0,2
716.0,1.0,-1.000088900581841e-12,0.0,0.0,0.0,0.0,0.0,1242.0,4.0,0.6444916306844622,0.0,0.0,39.1,0.0,0.0,0.0,0.0,0.0,27290.0,0.0,2,0,0.545531197301855,4.760952285674857,713.0,0.0,0.0,24.000000000000004,12.0,1
716.0,1.0,-1.000088900581841e-12,0.0,0.0,0.0,0.0,0.0,968.0,5.0,0.6541724892775868,0.0,0.0,31.6,0.0,0.0,0.0,0.0,0.0,31872.0,0.0,3,0,0.545531197301855,4.9999999999806,713.5,0.0,0.0,24.000000000000004,12.0,2
694.0,3.0,0.2939331124025566,0.0,0.0,0.0,38.0,0.0,272.0,8.0,1.5593100931109465,0.0,86.0,39.23333333333333,0.0,0.0,0.0,0.0,86.0,2592.0,0.0,3,0,0.545531197301855,10.999999999991182,710.5,0.0,0.0,19.000000000000004,9.5,2
710.0,1.0,-1.000088900581841e-12,0.0,0.0,0.0,0.0,0.0,58.0,3.0,0.3984405075807697,0.0,0.0,64.1,0.0,0.0,0.0,0.0,0.0,0.0,0.0,4,0,0.545531197301855,10.392304845403928,709.0,0.0,0.0,19.000000000000004,9.5,2
78.0,1.0,-1.000088900581841e-12,0.0,0.0,0.0,0.0,0.0,54.0,3.0,0.8486855577234171,0.0,0.0,88.13333333333334,0.0,0.0,0.0,0.0,0.0,0.0,0.0,4,0,0.545531197301855,314.47045436203774,549.5,0.0,0.0,19.000000000000004,9.5,2
0.0,0.0,0.0,0.0,0.0,0.0,0.0,0.0,24.0,3.0,1.0114042647043515,0.0,0.0,99.2,0.0,0.0,0.0,0.0,0.0,0.0,0.0,5,0,0.545531197301855,384.1609905582118,370.5,0.0,0.0,19.000000000000004,9.5,2
0.0,0.0,0.0,0.0,0.0,0.0,0.0,0.0,18.0,4.0,1.1490596969666202,0.0,0.0,100.0,0.0,0.0,0.0,0.0,0.0,0.0,0.0,5,0,0.545531197301855,343.9709290041817,197.0,0.0,0.0,0.0,0.0,2
0.0,0.0,0.0,0.0,0.0,0.0,0.0,0.0,6.0,2.0,0.6365141682928128,0.0,0.0,100.0,0.0,0.0,0.0,0.0,0.0,0.0,0.0,6,0,0.545531197301855,38.99999999999751,19.5,0.0,0.0,0.0,0.0,2
0.0,0.0,0.0,0.0,0.0,0.0,0.0,0.0,8.0,1.0,-1.000088900581841e-12,0.0,0.0,100.0,0.0,0.0,0.0,0.0,0.0,0.0,0.0,6,0,0.545531197301855,0.0,0.0,0.0,0.0,0.0,0.0,2
0.0,0.0,0.0,0.0,0.0,0.0,0.0,0.0,6.0,2.0,0.6365141682928128,0.0,0.0,100.0,0.0,0.0,0.0,0.0,0.0,0.0,0.0,7,0,0.545531197301855,0.0,0.0,0.0,0.0,0.0,0.0,2
0.0,0.0,0.0,0.0,0.0,0.0,0.0,0.0,24.0,3.0,1.028183859329926,0.0,0.0,100.0,0.0,0.0,0.0,0.0,0.0,0.0,0.0,7,0,0.545531197301855,0.0,0.0,0.0,0.0,0.0,0.0,2
0.0,0.0,0.0,0.0,0.0,0.0,0.0,0.0,22.0,5.0,1.5157079520807129,0.0,0.0,100.0,0.0,0.0,0.0,0.0,0.0,0.0,0.0,8,1,0.545531197301855,0.0,0.0,0.0,0.0,0.0,0.0,2
714.0,1.0,-1.000088900581841e-12,0.0,0.0,0.0,0.0,0.0,38.0,4.0,1.0937704472451415,0.0,0.0,100.0,0.0,0.0,0.0,0.0,86.0,0.0,0.0,8,1,0.545531197301855,356.9999999999997,178.5,0.0,0.0,0.0,0.0,2
708.0,2.0,0.649349014892485,0.0,0.0,0.0,0.0,0.0,96.0,9.0,1.887585661835264,0.0,0.0,100.0,0.0,0.0,0.0,0.0,344.0,1796.0,102.0,9,1,0.545531197301855,410.5033495600247,355.5,0.0,0.0,0.0,0.0,2
706.0,3.0,0.3099765013632595,0.0,0.0,0.0,0.0,0.0,44.0,9.0,2.047559296035748,0.0,0.0,99.27272727272728,0.0,0.0,0.0,0.0,430.0,20.0,32.0,9,1,0.545531197301855,354.6829570193637,532.0,0.0,0.0,0.0,0.0,2
690.0,7.0,1.3713009668464329,0.0,0.0,0.0,48.0,0.0,1118.0,11.0,1.0746409164571509,0.0,0.0,96.7,0.0,0.0,0.0,0.0,1994.0,782.0,164.0,10,1,0.545531197301855,10.246950765949508,704.5,0.0,0.0,24.000000000000004,12.0,2
714.0,2.0,0.3269254671861683,0.0,0.0,0.0,0.0,0.0,426.0,12.0,1.88095243949561,0.0,0.0,92.66666666666669,0.0,0.0,0.0,0.0,880.0,838.0,62.0,10,1,0.545531197301855,10.246950765949508,704.5,0.0,0.0,24.000000000000004,12.0,1
708.0,1.0,-1.000088900581841e-12,0.0,0.0,0.0,0.0,0.0,448.0,10.0,1.4498658437873682,0.0,0.0,89.66666666666667,0.0,0.0,0.0,0.0,616.0,928.0,26.0,11,1,0.545531197301855,10.246950765949508,704.5,0.0,0.0,24.000000000000004,12.0,2
706.0,14.0,1.552328777713091,0.0,0.0,0.0,52.0,0.0,444.0,16.0,2.0340075101088053,0.0,0.0,83.35,0.0,0.0,0.0,0.0,354.0,20078.0,34.0,11,1,0.545531197301855,10.246950765949508,704.5,0.0,0.0,28.91366458960192,25.0,1
706.0,11.0,1.6088770345175722,0.0,0.0,0.0,70.0,0.0,370.0,11.0,1.859406206551048,0.0,0.0,74.94736842105263,0.0,0.0,0.0,68.0,654.0,4408.0,66.0,12,1,0.545531197301855,3.7859388971728536,708.5,0.0,0.0,35.97684440488539,30.5,2
708.0,4.0,0.5703265083661251,0.0,0.0,0.0,0.0,0.0,76.0,17.0,2.45688187986023,0.0,0.0,67.8,0.0,0.0,0.0,0.0,94.0,5348.0,26.0,12,1,0.545531197301855,1.154700538289624,707.0,0.0,0.0,35.97684440488539,30.5,1
704.0,6.0,1.051096003648685,0.0,0.0,0.0,0.0,0.0,68.0,7.0,1.5757750293116892,0.0,0.0,59.73913043478261,0.0,0.0,0.0,0.0,0.0,18972.0,0.0,13,1,0.545531197301855,1.632993161792064,706.0,0.0,0.0,35.97684440488539,30.5,2
708.0,9.0,1.81953259575578,0.0,0.0,0.0,52.0,0.0,1020.0,8.0,1.2515157074023056,0.0,0.0,51.333333333333336,0.0,64.0,54.0,0.0,1696.0,10016.0,242.0,13,1,0.545531197301855,1.9148542154586188,706.5,0.0,0.0,35.97684440488539,30.5,2
704.0,6.0,1.1779815158250773,0.0,0.0,0.0,0.0,0.0,802.0,14.0,1.599108819919841,0.0,0.0,44.07142857142857,0.0,0.0,0.0,0.0,1344.0,5942.0,180.0,14,1,0.545531197301855,2.309401076713677,706.0,0.0,0.0,26.000000000000004,13.0,2
710.0,7.0,1.5001066733290418,0.0,0.0,0.0,0.0,0.0,608.0,8.0,1.3747853816688445,0.0,0.0,35.9,0.0,0.0,0.0,0.0,1536.0,1930.0,230.0,14,1,0.545531197301855,2.99999999996549,706.5,0.0,0.0,26.000000000000004,13.0,2
714.0,1.0,-1.000088900581841e-12,0.0,0.0,0.0,0.0,0.0,376.0,8.0,1.308046472009369,0.0,0.0,30.714285714285715,0.0,0.0,0.0,0.0,960.0,0.0,0.0,15,1,0.545531197301855,4.1633319989073865,709.0,0.0,0.0,26.000000000000004,13.0,2
712.0,4.0,1.2521054639011433,0.0,0.0,0.0,50.0,0.0,174.0,9.0,1.731026681771916,0.0,0.0,25.0,0.0,0.0,0.0,0.0,384.0,3114.0,26.0,15,1,0.545531197301855,4.320493798914596,710.0,0.0,0.0,25.000000000000004,12.5,2
444.0,2.0,0.6839884329657817,0.0,0.0,0.0,0.0,0.0,124.0,12.0,1.9120204093173288,0.0,94.0,18.85,0.0,0.0,0.0,0.0,0.0,1654.0,0.0,16,1,0.545531197301855,134.0099498793521,645.0,0.0,0.0,25.000000000000004,12.5,2
706.0,4.0,0.640668014899359,0.0,0.0,0.0,0.0,0.0,106.0,5.0,1.214017682130303,0.0,0.0,32.41379310344828,0.0,0.0,0.0,0.0,96.0,182.0,20.0,16,1,0.545531197301855,133.37665962728684,644.0,0.0,0.0,25.000000000000004,12.5,1
708.0,4.0,0.7021183805877329,0.0,0.0,0.0,52.0,0.0,70.0,7.0,1.400479524804048,0.0,0.0,54.13333333333333,0.0,0.0,0.0,0.0,288.0,872.0,26.0,17,1,0.545531197301855,132.356840901153,642.5,0.0,0.0,29.4561821468205,25.5,2
714.0,4.0,0.7922698752799056,0.0,0.0,0.0,40.0,0.0,94.0,7.0,1.3995721706370936,0.0,0.0,70.56666666666666,0.0,0.0,0.0,0.0,288.0,514.0,22.0,17,1,0.545531197301855,132.71021060943198,643.0,0.0,0.0,27.006172134038792,23.0,2
712.0,1.0,-1.000088900581841e-12,0.0,0.0,0.0,0.0,0.0,74.0,7.0,1.4561982319641436,0.0,0.0,91.3,0.0,0.0,0.0,0.0,192.0,0.0,0.0,18,1,0.545531197301855,3.6514837166724328,710.0,0.0,0.0,27.006172134038792,23.0,2
612.0,4.0,0.6583488569024697,0.0,0.0,0.0,46.0,0.0,26.0,7.0,1.8184831630053653,0.0,0.0,99.76666666666668,0.0,0.0,0.0,0.0,96.0,506.0,38.0,18,1,0.545531197301855,49.72926703662333,686.5,0.0,0.0,23.515952032609693,34.5,2
714.0,1.0,-1.000088900581841e-12,0.0,0.0,0.0,0.0,0.0,24.0,3.0,0.7214636866895117,0.0,0.0,97.43333333333334,0.0,0.0,0.0,0.0,0.0,484.0,0.0,19,1,0.545531197301855,50.67543783727765,688.0,0.0,0.0,24.94660965609021,21.5,2
536.0,1.0,-1.000088900581841e-12,0.0,0.0,0.0,0.0,0.0,6.0,2.0,0.6365141682928128,0.0,0.0,92.1153846153846,0.0,0.0,0.0,0.0,0.0,1032.0,0.0,19,1,0.545531197301855,86.04456209817364,643.5,0.0,0.0,23.0,11.5,2
236.0,6.0,0.9038304131390624,0.0,0.0,0.0,40.0,0.0,38.0,6.0,1.736195323323677,0.0,0.0,88.91666666666667,0.0,0.0,0.0,0.0,192.0,2960.0,26.0,20,1,0.545531197301855,205.69475767100417,524.5,0.0,0.0,24.94660965609021,21.5,2
706.0,3.0,0.6575928250385077,0.0,0.0,0.0,0.0,0.0,78.0,7.0,1.044517015471631,0.0,0.0,86.66666666666667,0.0,0.0,0.0,0.0,400.0,0.0,60.0,20,1,0.545531197301855,223.612760518416,548.0,0.0,0.0,20.0,10.0,2
704.0,1.0,-1.000088900581841e-12,0.0,0.0,0.0,0.0,0.0,16.0,4.0,1.3208883431453222,0.0,0.0,85.83333333333333,0.0,0.0,0.0,0.0,0.0,0.0,0.0,21,0,0.545531197301855,221.18092141954693,545.5,0.0,0.0,20.0,10.0,2
374.0,2.0,0.6664714225695398,0.0,0.0,0.0,0.0,0.0,20.0,3.0,0.9502705392302344,0.0,0.0,84.16666666666667,0.0,0.0,0.0,0.0,100.0,192.0,42.0,21,0,0.545531197301855,237.7141140109265,505.0,0.0,0.0,20.0,10.0,2
708.0,1.0,-1.000088900581841e-12,0.0,0.0,0.0,0.0,0.0,26.0,5.0,1.303875529331385,0.0,0.0,82.5,0.0,0.0,0.0,0.0,300.0,2344.0,44.0,22,0,0.545531197301855,166.00803193420026,623.0,0.0,0.0,0.0,0.0,2
716.0,1.0,-1.000088900581841e-12,0.0,0.0,0.0,0.0,0.0,4.0,1.0,-1.000088900581841e-12,0.0,0.0,75.4,0.0,0.0,0.0,0.0,0.0,10752.0,0.0,22,0,0.545531197301855,167.74087158471482,625.5,0.0,0.0,0.0,0.0,2
712.0,1.0,-1.000088900581841e-12,0.0,0.0,0.0,0.0,0.0,14.0,2.0,0.5982695885832573,0.0,0.0,67.06666666666666,0.0,0.0,0.0,0.0,0.0,1232.0,0.0,23,0,0.545531197301855,169.03155523944767,627.5,0.0,0.0,0.0,0.0,2
418.0,1.0,-1.000088900581841e-12,0.0,0.0,0.0,48.0,0.0,44.0,4.0,1.2579577240355604,0.0,0.0,59.266666666666666,0.0,0.0,0.0,0.0,0.0,886.0,0.0,23,0,0.545531197301855,147.03627670294992,638.5,0.0,0.0,24.0,12.0,3
0.0,0.0,0.0,0.0,0.0,0.0,0.0,0.0,52.0,7.0,1.5481833421823603,0.0,0.0,49.93333333333333,0.0,0.0,0.0,0.0,0.0,1484.0,0.0,0,0,0.545531197301855,337.8337855612823,461.5,0.0,0.0,24.0,12.0,2
676.0,1.0,-1.000088900581841e-12,0.0,0.0,0.0,0.0,0.0,188.0,3.0,0.941957073790062,0.0,0.0,41.70588235294117,0.0,0.0,0.0,0.0,2300.0,8542.0,46.0,0,0,0.545531197301855,328.2453350772861,451.5,0.0,0.0,24.0,12.0,2
712.0,3.0,1.006451198661169,0.0,0.0,0.0,0.0,0.0,360.0,5.0,0.2621666601703539,0.0,0.0,31.714285714285715,0.0,0.0,0.0,0.0,4342.0,2214.0,102.0,1,0,0.545531197301855,328.2453350772861,451.5,0.0,0.0,24.0,12.0,2
582.0,7.0,1.287636934881363,0.0,0.0,0.0,0.0,0.0,138.0,6.0,1.2008007528844535,0.0,0.0,20.36842105263158,0.0,0.0,0.0,0.0,1734.0,18946.0,92.0,1,0,0.545531197301855,332.8758527339181,492.5,0.0,0.0,0.0,0.0,2
476.0,2.0,0.5405929797292817,0.0,0.0,0.0,22.0,0.0,206.0,10.0,1.4666330542698929,0.0,102.0,16.95,0.0,0.0,0.0,0.0,322.0,5922.0,38.0,2,0,0.545531197301855,105.65825413410198,611.5,0.0,0.0,10.999999999999996,5.5,2
692.0,1.0,-1.000088900581841e-12,0.0,0.0,0.0,0.0,0.0,542.0,7.0,0.8327482253409751,0.0,0.0,39.03333333333333,0.0,0.0,0.0,0.0,0.0,0.0,0.0,2,0,0.545531197301855,109.15890557653312,615.5,0.0,0.0,10.999999999999996,5.5,2
330.0,1.0,-1.000088900581841e-12,0.0,0.0,0.0,0.0,0.0,82.0,4.0,0.7853343070802288,0.0,0.0,69.33333333333333,0.0,0.0,0.0,0.0,0.0,0.0,0.0,3,0,0.545531197301855,154.34161244892172,520.0,0.0,0.0,10.999999999999996,5.5,2
0.0,0.0,0.0,0.0,0.0,0.0,0.0,0.0,50.0,2.0,0.6859298002503729,0.0,0.0,92.73333333333332,0.0,0.0,0.0,0.0,0.0,0.0,0.0,3,0,0.545531197301855,290.5965129407666,374.5,0.0,0.0,10.999999999999996,5.5,2
0.0,0.0,0.0,0.0,0.0,0.0,0.0,0.0,16.0,2.0,0.5623351446168083,0.0,0.0,100.0,0.0,0.0,0.0,0.0,0.0,0.0,0.0,4,0,0.545531197301855,164.9999999999994,82.5,0.0,0.0,0.0,0.0,2
0.0,0.0,0.0,0.0,0.0,0.0,0.0,0.0,38.0,3.0,0.9097077103244986,0.0,0.0,100.0,0.0,0.0,0.0,0.0,0.0,0.0,0.0,5,0,0.545531197301855,0.0,0.0,0.0,0.0,0.0,0.0,2
0.0,0.0,0.0,0.0,0.0,0.0,0.0,0.0,6.0,2.0,0.6365141682928128,0.0,0.0,100.0,0.0,0.0,0.0,0.0,0.0,0.0,0.0,5,0,0.545531197301855,0.0,0.0,0.0,0.0,0.0,0.0,1
0.0,0.0,0.0,0.0,0.0,0.0,0.0,0.0,6.0,2.0,0.6365141682928128,0.0,0.0,100.0,0.0,0.0,0.0,0.0,0.0,0.0,0.0,6,0,0.545531197301855,0.0,0.0,0.0,0.0,0.0,0.0,1
0.0,0.0,0.0,0.0,0.0,0.0,0.0,0.0,8.0,1.0,-1.000088900581841e-12,0.0,0.0,100.0,0.0,0.0,0.0,0.0,0.0,0.0,0.0,6,0,0.545531197301855,0.0,0.0,0.0,0.0,0.0,0.0,2
0.0,0.0,0.0,0.0,0.0,0.0,0.0,0.0,10.0,2.0,0.6730116670072565,0.0,0.0,100.0,0.0,0.0,0.0,0.0,0.0,0.0,0.0,7,0,0.545531197301855,0.0,0.0,0.0,0.0,0.0,0.0,1
0.0,0.0,0.0,0.0,0.0,0.0,0.0,0.0,10.0,3.0,1.054920167983144,0.0,0.0,100.0,0.0,0.0,0.0,0.0,0.0,0.0,0.0,7,0,0.545531197301855,0.0,0.0,0.0,0.0,0.0,0.0,2
0.0,0.0,0.0,0.0,0.0,0.0,0.0,0.0,40.0,5.0,1.0097627067063208,0.0,0.0,100.0,0.0,0.0,0.0,0.0,112.0,0.0,0.0,8,1,0.545531197301855,0.0,0.0,0.0,0.0,0.0,0.0,2
714.0,1.0,-1.000088900581841e-12,0.0,0.0,0.0,0.0,0.0,30.0,5.0,1.3624474851866286,0.0,0.0,100.0,0.0,0.0,0.0,0.0,112.0,0.0,0.0,8,1,0.545531197301855,356.9999999999997,178.5,0.0,0.0,0.0,0.0,1
714.0,1.0,-1.000088900581841e-12,0.0,0.0,0.0,0.0,0.0,46.0,8.0,1.6066810808590333,0.0,0.0,100.0,0.0,0.0,0.0,0.0,112.0,0.0,0.0,9,1,0.545531197301855,412.2280922013925,357.0,0.0,0.0,0.0,0.0,2
714.0,1.0,-1.000088900581841e-12,0.0,0.0,0.0,0.0,0.0,36.0,4.0,1.0399095464265242,0.0,0.0,100.0,0.0,0.0,0.0,0.0,112.0,0.0,0.0,9,1,0.545531197301855,356.9999999999997,535.5,0.0,0.0,0.0,0.0,1
716.0,1.0,-1.000088900581841e-12,0.0,0.0,0.0,0.0,0.0,30.0,4.0,1.2680942586638273,0.0,0.0,100.0,0.0,0.0,0.0,0.0,0.0,0.0,0.0,10,1,0.545531197301855,0.9999999999029872,714.5,0.0,0.0,0.0,0.0,2
0.0,0.0,0.0,0.0,0.0,0.0,0.0,0.0,66.0,6.0,1.6744742409153073,0.0,0.0,100.0,0.0,0.0,0.0,0.0,0.0,0.0,0.0,10,1,0.545531197301855,357.334577112263,536.0,0.0,0.0,0.0,0.0,1
0.0,0.0,0.0,0.0,0.0,0.0,0.0,0.0,20.0,5.0,1.3592367006600063,0.0,0.0,100.0,0.0,0.0,0.0,0.0,0.0,0.0,0.0,11,1,0.545531197301855,412.8062499526864,357.5,0.0,0.0,0.0,0.0,2
0.0,0.0,0.0,0.0,0.0,0.0,0.0,0.0,60.0,6.0,1.2162028089981862,0.0,0.0,100.0,0.0,0.0,0.0,0.0,0.0,0.0,0.0,11,1,0.545531197301855,357.9999999999997,179.0,0.0,0.0,0.0,0.0,2
132.0,2.0,0.3046360973472382,0.0,0.0,0.0,0.0,0.0,86.0,7.0,1.229461500615714,0.0,0.0,100.0,0.0,0.0,0.0,0.0,112.0,84.0,54.0,12,1,0.545531197301855,65.99999999999854,33.0,0.0,0.0,0.0,0.0,2
710.0,8.0,1.6901364206480338,0.0,0.0,0.0,0.0,0.0,148.0,9.0,1.3535393135594576,0.0,0.0,96.86363636363636,0.0,0.0,0.0,0.0,112.0,7124.0,42.0,12,1,0.545531197301855,338.7639296029018,210.5,0.0,0.0,0.0,0.0,2
702.0,7.0,1.5518470775969535,0.0,0.0,0.0,0.0,0.0,64.0,5.0,1.2510926287122743,0.0,0.0,91.4090909090909,0.0,0.0,0.0,0.0,228.0,7188.0,26.0,13,1,0.545531197301855,373.4273691094425,386.0,0.0,0.0,0.0,0.0,2
704.0,2.0,0.1849073991657757,0.0,0.0,0.0,40.0,0.0,80.0,8.0,1.4212071567167923,0.0,0.0,84.23333333333333,0.0,0.0,0.0,0.0,0.0,6776.0,0.0,13,1,0.545531197301855,286.68682099694286,562.0,0.0,0.0,20.0,10.0,2
714.0,1.0,-1.000088900581841e-12,0.0,0.0,0.0,0.0,0.0,60.0,5.0,0.6725910488963251,0.0,0.0,76.76666666666667,0.0,0.0,0.0,0.0,0.0,666.0,0.0,14,1,0.545531197301855,5.507570547269067,707.5,0.0,0.0,20.0,10.0,2
704.0,2.0,0.5560065005570811,0.0,0.0,0.0,0.0,0.0,80.0,6.0,1.1745007114780317,0.0,0.0,72.5,0.0,0.0,0.0,0.0,114.0,0.0,0.0,14,1,0.545531197301855,5.4160256030733125,706.0,0.0,0.0,20.0,10.0,2
702.0,1.0,-1.000088900581841e-12,0.0,0.0,0.0,0.0,0.0,12.0,4.0,1.3296613488507585,0.0,0.0,71.5,0.0,0.0,0.0,0.0,228.0,0.0,0.0,15,1,0.545531197301855,5.4160256030733125,706.0,0.0,0.0,20.0,10.0,2
170.0,1.0,-1.000088900581841e-12,0.0,0.0,0.0,0.0,0.0,12.0,1.0,-1.000088900581841e-12,0.0,0.0,70.66666666666667,60.0,0.0,0.0,0.0,228.0,0.0,0.0,15,1,0.545531197301855,268.38467417744465,572.5,0.0,0.0,0.0,0.0,2
296.0,4.0,0.959721446369187,0.0,0.0,0.0,60.0,0.0,66.0,7.0,1.4072882281865733,0.0,0.0,67.0,0.0,0.0,0.0,0.0,114.0,5454.0,14.0,16,1,0.545531197301855,276.1883415352643,468.0,0.0,0.0,30.0,15.0,2
696.0,9.0,0.9885595646816432,0.0,0.0,0.0,0.0,0.0,210.0,20.0,2.3088469203908253,0.0,0.0,59.63636363636363,0.0,0.0,0.0,0.0,352.0,18254.0,102.0,16,1,0.545531197301855,273.9294313018102,466.0,0.0,0.0,30.0,15.0,2
704.0,2.0,0.5428217801266938,0.0,0.0,0.0,0.0,0.0,48.0,4.0,0.8817214815437444,0.0,0.0,54.44444444444444,0.0,0.0,0.0,0.0,472.0,0.0,0.0,17,1,0.545531197301855,274.50500906176524,466.5,0.0,0.0,30.0,15.0,2
706.0,2.0,0.6351970757489132,0.0,0.0,0.0,0.0,0.0,20.0,2.0,0.6730116670072565,0.0,0.0,51.5,0.0,0.0,0.0,0.0,236.0,0.0,0.0,17,1,0.545531197301855,203.045971806058,600.5,0.0,0.0,30.0,15.0,2
706.0,5.0,1.122719643740513,0.0,0.0,0.0,0.0,0.0,156.0,8.0,1.2523839646325956,0.0,0.0,48.25,0.0,0.0,0.0,0.0,236.0,3450.0,42.0,18,1,0.545531197301855,4.760952285675367,703.0,0.0,0.0,0.0,0.0,2
714.0,2.0,0.019261439527435,0.0,0.0,0.0,0.0,0.0,52.0,2.0,0.666278442412676,0.0,0.0,42.84,0.0,0.0,0.0,0.0,236.0,6612.0,70.0,18,1,0.545531197301855,4.434711565195342,707.5,0.0,0.0,0.0,0.0,2
710.0,1.0,-1.000088900581841e-12,0.0,0.0,0.0,0.0,0.0,44.0,3.0,0.5763820666218934,0.0,0.0,36.5,0.0,0.0,0.0,0.0,236.0,3818.0,36.0,19,1,0.545531197301855,3.8297084310006393,709.0,0.0,0.0,0.0,0.0,2
708.0,1.0,-1.000088900581841e-12,0.0,0.0,0.0,0.0,0.0,40.0,3.0,0.9433483923260392,0.0,0.0,30.916666666666668,0.0,0.0,0.0,0.0,236.0,374.0,42.0,19,1,0.545531197301855,3.415650255292157,709.5,0.0,0.0,0.0,0.0,2
708.0,7.0,1.1395827033803418,0.0,0.0,0.0,0.0,0.0,72.0,7.0,1.4624197759530626,0.0,0.0,23.76923076923077,0.0,0.0,0.0,0.0,236.0,8366.0,72.0,20,1,0.545531197301855,2.828427124712732,710.0,0.0,0.0,0.0,0.0,2
566.0,4.0,1.0354847256141049,0.0,0.0,0.0,0.0,0.0,114.0,12.0,1.4149618432397726,0.0,0.0,17.176470588235293,0.0,0.0,0.0,0.0,1072.0,1874.0,132.0,20,1,0.545531197301855,71.33956359085148,673.0,0.0,0.0,0.0,0.0,2
710.0,7.0,1.3862683461236007,0.0,0.0,0.0,0.0,0.0,78.0,5.0,0.6998262585165576,0.0,0.0,8.866666666666667,0.0,0.0,0.0,0.0,1468.0,17924.0,236.0,21,0,0.545531197301855,71.33956359085148,673.0,0.0,0.0,0.0,0.0,2
710.0,4.0,0.7590505607294634,0.0,0.0,0.0,0.0,0.0,32.0,3.0,0.7029189307705104,0.0,0.0,3.5,0.0,0.0,0.0,0.0,1122.0,2448.0,102.0,21,0,0.545531197301855,71.67286794875596,673.5,0.0,0.0,0.0,0.0,1
704.0,1.0,-1.000088900581841e-12,0.0,0.0,0.0,0.0,0.0,14.0,2.0,0.6829081046984717,0.0,0.0,2.0,0.0,0.0,0.0,0.0,126.0,0.0,0.0,22,0,0.545531197301855,71.05631569396073,672.5,0.0,0.0,0.0,0.0,1
684.0,6.0,1.2204494579544956,0.0,0.0,0.0,0.0,0.0,100.0,6.0,1.5490183456577016,0.0,126.0,7.333333333333333,0.0,0.0,0.0,0.0,252.0,11832.0,70.0,22,0,0.545531197301855,12.328828005930232,702.0,0.0,0.0,0.0,0.0,2
690.0,5.0,0.5851562927982817,0.0,0.0,0.0,54.0,0.0,50.0,4.0,1.2211217392713922,0.0,0.0,17.785714285714285,0.0,0.0,0.0,0.0,0.0,7196.0,0.0,23,0,0.545531197301855,12.055427546675528,697.0,0.0,0.0,27.0,13.5,1
708.0,2.0,0.5926328759037431,0.0,0.0,0.0,16.0,0.0,62.0,5.0,1.3018162476912516,0.0,144.0,30.38095238095238,0.0,0.0,0.0,0.0,444.0,0.0,18.0,23,0,0.545531197301855,11.357816691592172,696.5,0.0,0.0,25.475478405714,17.5,2
706.0,1.0,-1.000088900581841e-12,0.0,0.0,0.0,0.0,0.0,20.0,2.0,0.6730116670072565,0.0,0.0,35.833333333333336,0.0,0.0,0.0,0.0,148.0,0.0,52.0,0,0,0.545531197301855,11.832159566191194,697.0,0.0,0.0,25.475478405714,17.5,2
712.0,1.0,-1.000088900581841e-12,0.0,0.0,0.0,0.0,0.0,6.0,1.0,-1.000088900581841e-12,0.0,0.0,30.666666666666668,0.0,0.0,0.0,0.0,0.0,0.0,0.0,0,0,0.545531197301855,9.6609178307831,704.0,0.0,0.0,25.475478405714,17.5,2
474.0,1.0,-1.000088900581841e-12,0.0,0.0,0.0,0.0,0.0,10.0,3.0,1.054920167983144,0.0,0.0,24.166666666666668,82.0,0.0,0.0,0.0,0.0,0.0,0.0,1,0,0.545531197301855,117.35984548955892,650.0,0.0,0.0,8.000000000000002,4.0,2
0.0,0.0,0.0,0.0,0.0,0.0,0.0,0.0,58.0,2.0,0.149994923608415,0.0,0.0,22.0,0.0,0.0,0.0,0.0,296.0,0.0,0.0,1,0,0.545531197301855,334.2354459558907,473.0,0.0,0.0,0.0,0.0,3
0.0,0.0,0.0,0.0,0.0,0.0,0.0,0.0,6.0,2.0,0.6365141682928128,0.0,0.0,19.666666666666668,106.0,0.0,0.0,0.0,0.0,0.0,0.0,2,0,0.545531197301855,355.889027647664,296.5,0.0,0.0,0.0,0.0,3
0.0,0.0,0.0,0.0,0.0,0.0,0.0,0.0,0.0,0.0,0.0,0.0,0.0,17.333333333333332,0.0,0.0,0.0,0.0,0.0,0.0,0.0,2,0,0.545531197301855,236.9999999999996,118.5,0.0,0.0,0.0,0.0,2
0.0,0.0,0.0,0.0,0.0,0.0,0.0,0.0,16.0,1.0,-1.000088900581841e-12,0.0,0.0,16.0,0.0,0.0,0.0,0.0,0.0,0.0,0.0,3,0,0.545531197301855,0.0,0.0,0.0,0.0,0.0,0.0,2
634.0,12.0,1.1089359369594562,0.0,0.0,0.0,4.0,0.0,182.0,19.0,2.431516938277176,0.0,0.0,23.107142857142858,0.0,0.0,0.0,0.0,6.0,874.0,4.0,11,1,0.545531197301855,316.99999999999966,158.5,0.0,0.0,2.000000000000007,1.0,2
716.0,1.0,-1.000088900581841e-12,0.0,0.0,0.0,0.0,0.0,56.0,6.0,1.4255657981515562,0.0,0.0,34.6,0.0,0.0,0.0,0.0,0.0,52.0,0.0,11,1,0.545531197301855,391.1466050813512,337.5,0.0,0.0,2.000000000000007,1.0,2
716.0,2.0,0.0962946191363927,0.0,0.0,0.0,0.0,0.0,48.0,8.0,1.96867653662567,0.0,0.0,40.36666666666667,0.0,0.0,0.0,0.0,0.0,132.0,0.0,12,1,0.545531197301855,346.4962722262196,516.5,0.0,0.0,2.000000000000007,1.0,2
714.0,4.0,1.0745977971921603,0.0,0.0,0.0,4.0,0.0,74.0,6.0,1.4111464325067549,0.0,6.0,43.43333333333333,0.0,0.0,0.0,0.0,12.0,18.0,2.0,12,1,0.545531197301855,40.6775941602556,695.0,0.0,0.0,2.309401076758509,2.0,1
710.0,2.0,0.5721711428501376,0.0,0.0,0.0,0.0,0.0,112.0,6.0,1.1506059757597091,0.0,0.0,64.4,0.0,0.0,0.0,0.0,24.0,0.0,4.0,13,1,0.545531197301855,2.828427124709506,714.0,0.0,0.0,2.000000000000007,1.0,2
706.0,2.0,0.6931110671618744,0.0,0.0,0.0,0.0,0.0,200.0,7.0,1.6689411577190048,0.0,0.0,87.56666666666666,0.0,0.0,0.0,0.0,18.0,1870.0,10.0,13,1,0.545531197301855,4.434711565193304,711.5,0.0,0.0,2.000000000000007,1.0,2
714.0,1.0,-1.000088900581841e-12,0.0,0.0,0.0,0.0,0.0,84.0,9.0,1.9298460532550548,0.0,0.0,98.76666666666668,0.0,0.0,0.0,0.0,12.0,0.0,4.0,14,1,0.545531197301855,3.829708430998272,711.0,0.0,0.0,2.000000000000007,1.0,2
708.0,1.0,-1.000088900581841e-12,0.0,0.0,0.0,0.0,0.0,44.0,6.0,1.1988181878187778,0.0,0.0,100.0,0.0,0.0,0.0,0.0,6.0,0.0,0.0,14,1,0.545531197301855,3.4156502552895027,709.5,0.0,0.0,0.0,0.0,2
708.0,8.0,1.197345905346753,0.0,0.0,0.0,6.0,0.0,406.0,12.0,1.9046018536920628,0.0,0.0,98.23076923076924,0.0,0.0,0.0,0.0,54.0,486.0,20.0,15,1,0.545531197301855,3.4641016151078188,709.0,0.0,0.0,3.000000000000005,1.5,2
712.0,4.0,0.6694175243211508,0.0,0.0,0.0,2.0,0.0,366.0,17.0,1.899841758982848,0.0,0.0,94.0,0.0,0.0,0.0,0.0,60.0,496.0,8.0,15,1,0.545531197301855,2.999999999965433,710.5,0.0,0.0,2.828427124746195,2.0,1
714.0,4.0,1.156437504119502,0.0,0.0,0.0,4.0,0.0,200.0,6.0,1.0340208560791408,0.0,0.0,88.26666666666667,0.0,0.0,0.0,0.0,0.0,2086.0,0.0,16,1,0.545531197301855,2.999999999965433,710.5,0.0,0.0,2.581988897471617,3.0,2
718.0,5.0,0.3096840541442325,0.0,0.0,0.0,0.0,0.0,174.0,8.0,1.2905378105096184,0.0,0.0,76.51724137931035,0.0,0.0,0.0,0.0,6.0,136.0,0.0,16,1,0.545531197301855,4.163331998907346,713.0,0.0,0.0,2.581988897471617,3.0,1
716.0,3.0,0.4225841422555327,0.0,0.0,0.0,0.0,0.0,474.0,6.0,0.7533413515332789,0.0,0.0,65.38461538461539,0.0,0.0,0.0,0.0,162.0,272.0,14.0,17,1,0.545531197301855,2.581988897431444,715.0,0.0,0.0,1.9148542155126835,1.5,1
714.0,2.0,0.6844557593756038,0.0,0.0,0.0,0.0,0.0,34.0,5.0,1.395498677710188,0.0,0.0,57.66666666666666,0.0,0.0,0.0,0.0,30.0,4.0,2.0,17,1,0.545531197301855,1.9148542154585149,715.5,0.0,0.0,2.000000000000007,1.0,2
714.0,8.0,0.927670747203032,0.0,0.0,0.0,0.0,0.0,74.0,9.0,1.5014426060782924,0.0,0.0,49.62068965517241,0.0,0.0,0.0,0.0,6.0,1022.0,2.0,18,1,0.545531197301855,1.9148542154585149,715.5,0.0,0.0,0.0,0.0,2
718.0,1.0,-1.000088900581841e-12,0.0,0.0,0.0,0.0,0.0,12.0,3.0,0.8675632284784613,0.0,0.0,42.23333333333333,0.0,0.0,0.0,0.0,0.0,116.0,0.0,18,1,0.545531197301855,1.9148542154585149,715.5,0.0,0.0,0.0,0.0,2
242.0,1.0,-1.000088900581841e-12,0.0,0.0,0.0,0.0,0.0,28.0,6.0,1.7347645210197753,0.0,0.0,34.733333333333334,0.0,0.0,0.0,0.0,0.0,176.0,0.0,19,1,0.545531197301855,236.67417828454896,597.0,0.0,0.0,0.0,0.0,2
492.0,5.0,1.2470485073554087,0.0,0.0,0.0,0.0,0.0,130.0,11.0,1.8040280621217355,0.0,0.0,27.76,0.0,0.0,0.0,0.0,50.0,2362.0,12.0,19,1,0.545531197301855,225.8753343476584,541.5,0.0,0.0,0.0,0.0,2
712.0,4.0,0.1447537440133003,0.0,0.0,0.0,0.0,0.0,32.0,10.0,2.154619309853969,0.0,0.0,20.35,0.0,0.0,0.0,0.0,20.0,526.0,4.0,20,1,0.545531197301855,225.36784745536897,541.0,0.0,0.0,0.0,0.0,2
704.0,2.0,0.3361756528747598,0.0,0.0,0.0,6.0,0.0,64.0,5.0,1.3156556251811646,0.0,20.0,18.75,0.0,0.0,0.0,0.0,80.0,66.0,6.0,20,1,0.545531197301855,221.78292690526573,537.5,0.0,0.0,3.000000000000005,1.5,2
556.0,2.0,0.5681856407538717,0.0,0.0,0.0,0.0,0.0,36.0,13.0,2.476220649585165,0.0,0.0,17.0,0.0,0.0,0.0,0.0,76.0,274.0,8.0,21,0,0.545531197301855,109.4470952865651,616.0,0.0,0.0,3.000000000000005,1.5,2
252.0,1.0,-1.000088900581841e-12,0.0,0.0,0.0,0.0,0.0,42.0,4.0,1.3060091503268638,0.0,0.0,11.0,0.0,0.0,0.0,0.0,94.0,1036.0,44.0,21,0,0.545531197301855,214.98527081329647,556.0,0.0,0.0,3.000000000000005,1.5,2
704.0,1.0,-1.000088900581841e-12,0.0,0.0,0.0,0.0,0.0,6.0,1.0,-1.000088900581841e-12,0.0,0.0,8.5,0.0,0.0,0.0,0.0,14.0,0.0,0.0,22,0,0.545531197301855,213.0790150781312,554.0,0.0,0.0,3.000000000000005,1.5,2
540.0,2.0,0.10656595882602,0.0,0.0,0.0,0.0,0.0,36.0,5.0,1.4404817415874869,0.0,26.0,6.5,0.0,0.0,0.0,0.0,52.0,358.0,14.0,22,0,0.545531197301855,189.014990587166,513.0,0.0,0.0,0.0,0.0,2
290.0,1.0,-1.000088900581841e-12,0.0,0.0,0.0,0.0,0.0,28.0,3.0,0.8760057656401736,0.0,0.0,21.916666666666668,0.0,0.0,0.0,0.0,12.0,976.0,4.0,23,0,0.545531197301855,213.98675971501865,446.5,0.0,0.0,0.0,0.0,2
712.0,5.0,1.1834654881285165,0.0,0.0,0.0,0.0,0.0,306.0,9.0,1.5129723219566609,0.0,0.0,30.48275862068965,0.0,0.0,0.0,0.0,48.0,888.0,8.0,23,0,0.545531197301855,197.5947030329165,561.5,0.0,0.0,0.0,0.0,1
712.0,1.0,-1.000088900581841e-12,0.0,0.0,0.0,0.0,0.0,1652.0,7.0,0.735317212098223,0.0,0.0,43.3,0.0,0.0,0.0,0.0,0.0,5652.0,0.0,0,0,0.545531197301855,199.54865739129005,563.5,0.0,0.0,0.0,0.0,1
710.0,8.0,1.129884213485291,0.0,0.0,0.0,12.0,0.0,622.0,8.0,1.457390146600807,0.0,0.0,53.55555555555556,0.0,0.0,0.0,0.0,98.0,3704.0,36.0,0,0,0.545531197301855,210.66877636074392,606.0,0.0,0.0,6.000000000000003,3.0,2
712.0,2.0,0.0347133105958842,0.0,0.0,0.0,0.0,0.0,12.0,4.0,1.3296613488507585,0.0,0.0,48.125,0.0,0.0,0.0,0.0,0.0,28.0,0.0,1,0,0.545531197301855,0.9999999998965166,711.5,0.0,0.0,6.000000000000003,3.0,1
712.0,4.0,0.9599886775197308,0.0,0.0,0.0,14.0,0.0,22.0,3.0,0.7595473914718636,0.0,0.0,38.7,0.0,0.0,0.0,0.0,66.0,1118.0,10.0,1,0,0.545531197301855,0.9999999998965166,711.5,0.0,0.0,7.549834435270752,6.5,1
708.0,4.0,0.6417434796039349,0.0,0.0,0.0,0.0,0.0,456.0,7.0,0.9217858967920014,0.0,0.0,33.458333333333336,0.0,0.0,0.0,0.0,50.0,604.0,24.0,2,0,0.545531197301855,1.914854215458644,710.5,0.0,0.0,7.549834435270752,6.5,2
716.0,5.0,0.8653869747528738,0.0,0.0,0.0,0.0,0.0,220.0,6.0,1.356005828573565,0.0,0.0,28.185185185185187,0.0,0.0,0.0,0.0,28.0,10796.0,16.0,2,0,0.545531197301855,3.265986323679233,712.0,0.0,0.0,7.000000000000002,3.5,1
710.0,2.0,0.0617483757241243,0.0,0.0,0.0,0.0,0.0,130.0,6.0,1.2085992330291,0.0,0.0,22.52380952380953,0.0,0.0,0.0,0.0,88.0,172.0,46.0,3,0,0.545531197301855,3.415650255289583,711.5,0.0,0.0,7.000000000000002,3.5,1
712.0,1.0,-1.000088900581841e-12,0.0,0.0,0.0,12.0,0.0,142.0,6.0,1.5531926386277812,0.0,32.0,23.3,0.0,0.0,0.0,0.0,32.0,22.0,0.0,3,0,0.545531197301855,3.415650255289583,711.5,0.0,0.0,6.000000000000003,3.0,2
278.0,1.0,-1.000088900581841e-12,0.0,0.0,0.0,0.0,0.0,840.0,6.0,0.6067471028547038,0.0,0.0,45.63333333333333,0.0,0.0,0.0,0.0,0.0,0.0,0.0,4,0,0.545531197301855,217.34764779035405,604.0,0.0,0.0,6.000000000000003,3.0,2
0.0,0.0,0.0,0.0,0.0,0.0,0.0,0.0,48.0,2.0,0.2868359830541607,0.0,0.0,67.26666666666667,0.0,0.0,0.0,0.0,0.0,0.0,0.0,4,0,0.545531197301855,349.2029018588855,425.0,0.0,0.0,6.000000000000003,3.0,2
0.0,0.0,0.0,0.0,0.0,0.0,0.0,0.0,176.0,5.0,1.005871228163427,0.0,0.0,87.03448275862068,0.0,0.0,0.0,0.0,0.0,0.0,0.0,5,0,0.545531197301855,336.2553593129282,247.5,0.0,0.0,6.000000000000003,3.0,2
0.0,0.0,0.0,0.0,0.0,0.0,0.0,0.0,40.0,4.0,1.1611208182791162,0.0,0.0,98.73333333333332,0.0,0.0,0.0,0.0,0.0,0.0,0.0,5,0,0.545531197301855,138.99999999999912,69.5,0.0,0.0,0.0,0.0,2
0.0,0.0,0.0,0.0,0.0,0.0,0.0,0.0,20.0,3.0,0.8018185525403373,0.0,0.0,100.0,0.0,0.0,0.0,0.0,0.0,0.0,0.0,6,0,0.545531197301855,0.0,0.0,0.0,0.0,0.0,0.0,2
0.0,0.0,0.0,0.0,0.0,0.0,0.0,0.0,22.0,3.0,0.9347698978552794,0.0,0.0,100.0,0.0,0.0,0.0,0.0,0.0,0.0,0.0,6,0,0.545531197301855,0.0,0.0,0.0,0.0,0.0,0.0,2
0.0,0.0,0.0,0.0,0.0,0.0,0.0,0.0,74.0,6.0,1.240844112489191,0.0,0.0,100.0,0.0,0.0,0.0,0.0,0.0,0.0,0.0,7,0,0.545531197301855,0.0,0.0,0.0,0.0,0.0,0.0,2
682.0,1.0,-1.000088900581841e-12,0.0,0.0,0.0,0.0,0.0,76.0,6.0,1.2725343648093403,0.0,0.0,100.0,0.0,0.0,0.0,0.0,64.0,152.0,14.0,7,0,0.545531197301855,340.99999999999966,170.5,0.0,0.0,0.0,0.0,2
710.0,1.0,-1.000088900581841e-12,0.0,0.0,0.0,0.0,0.0,32.0,5.0,1.3535913521296064,0.0,0.0,100.0,0.0,0.0,0.0,0.0,32.0,0.0,0.0,8,1,0.545531197301855,401.9983416217863,348.0,0.0,0.0,0.0,0.0,2
706.0,1.0,-1.000088900581841e-12,0.0,0.0,0.0,0.0,0.0,28.0,4.0,1.277034259462139,0.0,0.0,100.0,0.0,0.0,0.0,0.0,32.0,0.0,0.0,8,1,0.545531197301855,349.8852192743592,524.5,0.0,0.0,0.0,0.0,2
704.0,1.0,-1.000088900581841e-12,0.0,0.0,0.0,0.0,0.0,20.0,4.0,1.0888999753412236,0.0,0.0,100.0,0.0,0.0,0.0,0.0,32.0,0.0,0.0,9,1,0.545531197301855,12.583057392107378,700.5,0.0,0.0,0.0,0.0,2
706.0,1.0,-1.000088900581841e-12,0.0,0.0,0.0,0.0,0.0,56.0,4.0,1.3106063908543888,0.0,0.0,100.0,0.0,0.0,0.0,0.0,32.0,0.0,0.0,9,1,0.545531197301855,2.516611478370936,706.5,0.0,0.0,0.0,0.0,2
706.0,1.0,-1.000088900581841e-12,0.0,0.0,0.0,0.0,0.0,14.0,4.0,1.277034259462139,0.0,0.0,99.33333333333331,20.0,0.0,0.0,0.0,32.0,0.0,0.0,10,1,0.545531197301855,0.9999999998675264,705.5,0.0,0.0,0.0,0.0,2
562.0,5.0,0.8538390174683524,0.0,0.0,0.0,0.0,0.0,194.0,20.0,2.062346815948815,0.0,0.0,97.22222222222224,0.0,0.0,0.0,0.0,64.0,2476.0,22.0,10,1,0.545531197301855,71.67286794875545,669.5,0.0,0.0,0.0,0.0,2
706.0,5.0,0.9827050425918036,0.0,0.0,0.0,22.0,0.0,54.0,6.0,1.437935975234906,0.0,0.0,93.3846153846154,0.0,0.0,0.0,0.0,80.0,298.0,36.0,11,1,0.545531197301855,71.99999999999817,670.0,0.0,0.0,11.000000000000002,5.5,2
712.0,4.0,0.95187056074317,0.0,0.0,0.0,16.0,0.0,970.0,8.0,1.206339310910156,0.0,0.0,88.66666666666667,0.0,0.0,0.0,0.0,160.0,4902.0,32.0,11,1,0.545531197301855,73.05477397131372,671.5,0.0,0.0,11.239810200058246,9.5,2
712.0,4.0,0.6298114327708813,0.0,0.0,0.0,0.0,0.0,1118.0,11.0,0.8610309476880071,0.0,0.0,80.4,0.0,0.0,0.0,0.0,960.0,1084.0,138.0,12,1,0.545531197301855,74.05403432629268,673.0,0.0,0.0,11.239810200058246,9.5,1
712.0,8.0,1.567822250434089,0.0,0.0,0.0,0.0,0.0,770.0,13.0,1.5775822873139655,0.0,0.0,71.85714285714286,0.0,0.0,0.0,0.0,640.0,2934.0,96.0,12,1,0.545531197301855,2.99999999995594,710.5,0.0,0.0,11.239810200058246,9.5,1
192.0,7.0,1.609469623322498,0.0,0.0,0.0,0.0,0.0,578.0,8.0,1.011931854943221,0.0,0.0,66.0,0.0,0.0,0.0,0.0,376.0,408.0,128.0,13,1,0.545531197301855,259.9999999999995,582.0,0.0,0.0,8.000000000000002,4.0,2
178.0,3.0,0.9567336221151442,0.0,0.0,0.0,0.0,0.0,130.0,5.0,0.8879145165235905,0.0,0.0,25.571428571428573,0.0,0.0,0.0,0.0,0.0,216.0,2.0,16,1,0.545531197301855,304.3172686523059,448.5,0.0,0.0,0.0,0.0,2
710.0,5.0,1.0010093511853615,0.0,0.0,0.0,0.0,0.0,92.0,11.0,1.9635251487638767,0.0,0.0,23.2,0.0,0.0,0.0,0.0,14.0,706.0,10.0,17,1,0.545531197301855,303.7411178399566,448.0,0.0,0.0,0.0,0.0,2
546.0,3.0,0.3215464436168818,0.0,0.0,0.0,0.0,0.0,28.0,3.0,0.8982053397011498,0.0,6.0,17.565217391304348,0.0,0.0,0.0,0.0,0.0,82.0,0.0,17,1,0.545531197301855,264.4459617136673,406.5,0.0,0.0,0.0,0.0,2
664.0,1.0,-1.000088900581841e-12,0.0,0.0,0.0,0.0,0.0,60.0,6.0,1.457942710084222,0.0,0.0,25.37037037037037,0.0,0.0,0.0,0.0,0.0,108.0,0.0,18,1,0.545531197301855,241.10509465099736,524.5,0.0,0.0,0.0,0.0,2
716.0,1.0,-1.000088900581841e-12,0.0,0.0,0.0,0.0,0.0,76.0,6.0,0.7632126844235617,0.0,0.0,47.03333333333333,0.0,0.0,0.0,0.0,0.0,0.0,0.0,18,1,0.545531197301855,78.833157152726,659.0,0.0,0.0,0.0,0.0,2
714.0,1.0,-1.000088900581841e-12,0.0,0.0,0.0,0.0,0.0,58.0,3.0,0.3984405075807697,0.0,0.0,76.53333333333333,0.0,0.0,0.0,0.0,0.0,0.0,0.0,19,1,0.545531197301855,79.71616314566573,660.0,0.0,0.0,0.0,0.0,2
6.0,1.0,-1.000088900581841e-12,0.0,0.0,0.0,0.0,0.0,46.0,6.0,1.4318793354142607,0.0,0.0,95.53333333333332,0.0,0.0,0.0,0.0,8.0,0.0,0.0,19,1,0.545531197301855,346.8352154361872,525.0,0.0,0.0,0.0,0.0,2
50.0,5.0,1.3715224038093667,0.0,0.0,0.0,6.0,0.0,62.0,13.0,2.146890638717624,0.0,0.0,100.0,0.0,0.0,0.0,0.0,16.0,156.0,4.0,20,1,0.545531197301855,397.0470165274297,371.5,0.0,0.0,3.000000000000006,1.5,2
706.0,2.0,0.277105704120899,0.0,0.0,0.0,0.0,0.0,70.0,6.0,1.171473146729828,0.0,0.0,99.22222222222224,0.0,0.0,0.0,0.0,80.0,370.0,8.0,20,1,0.545531197301855,394.1759336472312,369.0,0.0,0.0,3.000000000000006,1.5,2
708.0,3.0,0.5229084895407246,0.0,0.0,0.0,0.0,0.0,478.0,6.0,0.7751353866020017,0.0,0.0,96.23076923076924,0.0,0.0,0.0,0.0,190.0,430.0,26.0,21,0,0.545531197301855,392.433009145085,367.5,0.0,0.0,3.000000000000006,1.5,1
708.0,4.0,1.0312143672970135,0.0,0.0,0.0,0.0,0.0,158.0,8.0,1.7093301708441877,0.0,0.0,93.5,0.0,0.0,0.0,0.0,144.0,424.0,26.0,21,0,0.545531197301855,328.66801892892835,543.0,0.0,0.0,3.000000000000006,1.5,2
704.0,3.0,0.4756185756572755,0.0,0.0,0.0,0.0,0.0,72.0,4.0,1.1893780391633202,0.0,0.0,91.5,0.0,0.0,0.0,0.0,192.0,746.0,34.0,22,0,0.545531197301855,1.9148542154383783,706.5,0.0,0.0,0.0,0.0,2
706.0,3.0,0.6940571908769875,0.0,0.0,0.0,0.0,0.0,62.0,7.0,1.5463376007880745,0.0,0.0,90.33333333333331,0.0,0.0,0.0,0.0,220.0,66.0,36.0,22,0,0.545531197301855,1.9148542154383783,706.5,0.0,0.0,0.0,0.0,1
708.0,3.0,0.6214372655228251,0.0,0.0,0.0,0.0,0.0,96.0,7.0,1.507112938293349,0.0,0.0,87.33333333333333,0.0,0.0,0.0,0.0,180.0,958.0,4.0,23,0,0.545531197301855,1.9148542154383783,706.5,0.0,0.0,0.0,0.0,1
706.0,4.0,0.7581595614017087,0.0,0.0,0.0,0.0,0.0,38.0,5.0,1.2947749214425035,0.0,0.0,84.28571428571429,0.0,0.0,0.0,0.0,60.0,144.0,14.0,23,0,0.545531197301855,1.63299316176833,706.0,0.0,0.0,0.0,0.0,2
704.0,4.0,0.5332992549193025,0.0,0.0,0.0,0.0,0.0,390.0,8.0,1.0978407782742348,0.0,0.0,82.0,0.0,0.0,0.0,0.0,60.0,246.0,26.0,0,0,0.545531197301855,1.63299316176833,706.0,0.0,0.0,0.0,0.0,2
714.0,1.0,-1.000088900581841e-12,0.0,0.0,0.0,0.0,0.0,176.0,3.0,0.7060493369728441,0.0,0.0,79.63636363636364,0.0,0.0,0.0,0.0,0.0,0.0,0.0,0,0,0.545531197301855,4.320493798905645,708.0,0.0,0.0,0.0,0.0,2
708.0,2.0,0.1926512227992841,0.0,0.0,0.0,0.0,0.0,226.0,5.0,0.8580065718058368,0.0,0.0,76.27272727272727,0.0,0.0,0.0,0.0,68.0,306.0,10.0,1,0,0.545531197301855,4.320493798905645,708.0,0.0,0.0,0.0,0.0,2
714.0,1.0,-1.000088900581841e-12,0.0,0.0,0.0,0.0,0.0,244.0,4.0,0.7748161794361995,0.0,0.0,74.33333333333333,0.0,0.0,0.0,0.0,24.0,0.0,12.0,1,0,0.545531197301855,4.898979485537323,710.0,0.0,0.0,0.0,0.0,3
702.0,3.0,0.6591985892083818,0.0,0.0,0.0,0.0,0.0,66.0,4.0,1.0870728722745862,0.0,0.0,72.33333333333333,0.0,0.0,0.0,0.0,48.0,196.0,28.0,2,0,0.545531197301855,5.744562646513269,709.5,0.0,0.0,0.0,0.0,3
702.0,1.0,-1.000088900581841e-12,0.0,0.0,0.0,0.0,0.0,30.0,3.0,0.6277052571941504,0.0,0.0,71.83333333333333,0.0,0.0,0.0,0.0,0.0,0.0,0.0,2,0,0.545531197301855,5.744562646513269,706.5,0.0,0.0,0.0,0.0,2
182.0,1.0,-1.000088900581841e-12,0.0,0.0,0.0,0.0,0.0,0.0,0.0,0.0,0.0,0.0,71.0,12.0,0.0,0.0,0.0,24.0,0.0,0.0,3,0,0.545531197301855,262.0610615867984,575.0,0.0,0.0,0.0,0.0,3
0.0,0.0,0.0,0.0,0.0,0.0,0.0,0.0,0.0,0.0,0.0,0.0,0.0,70.33333333333333,0.0,0.0,0.0,0.0,0.0,0.0,0.0,3,0,0.545531197301855,360.5010402204129,396.5,0.0,0.0,0.0,0.0,2
0.0,0.0,0.0,0.0,0.0,0.0,0.0,0.0,8.0,1.0,-1.000088900581841e-12,0.0,0.0,69.5,24.0,0.0,0.0,0.0,0.0,0.0,0.0,4,0,0.545531197301855,331.9457787048959,221.0,0.0,0.0,0.0,0.0,2
0.0,0.0,0.0,0.0,0.0,0.0,0.0,0.0,24.0,2.0,0.4505612088643047,0.0,0.0,68.33333333333333,0.0,0.0,0.0,0.0,0.0,0.0,0.0,4,0,0.545531197301855,90.99999999999834,45.5,0.0,0.0,0.0,0.0,2
0.0,0.0,0.0,0.0,0.0,0.0,0.0,0.0,0.0,0.0,0.0,0.0,0.0,67.16666666666667,0.0,0.0,0.0,0.0,0.0,0.0,0.0,5,0,0.545531197301855,0.0,0.0,0.0,0.0,0.0,0.0,2
0.0,0.0,0.0,0.0,0.0,0.0,0.0,0.0,24.0,4.0,1.126928794796676,0.0,0.0,65.16666666666667,0.0,0.0,0.0,0.0,0.0,0.0,0.0,5,0,0.545531197301855,0.0,0.0,0.0,0.0,0.0,0.0,2
0.0,0.0,0.0,0.0,0.0,0.0,0.0,0.0,2.0,1.0,-1.000088900581841e-12,0.0,0.0,62.66666666666666,0.0,0.0,0.0,0.0,0.0,0.0,0.0,6,0,0.545531197301855,0.0,0.0,0.0,0.0,0.0,0.0,2
0.0,0.0,0.0,0.0,0.0,0.0,0.0,0.0,22.0,3.0,1.0900596587077838,0.0,0.0,60.5,0.0,0.0,0.0,0.0,24.0,0.0,0.0,6,0,0.545531197301855,0.0,0.0,0.0,0.0,0.0,0.0,2
0.0,0.0,0.0,0.0,0.0,0.0,0.0,0.0,20.0,3.0,0.9502705392302344,0.0,0.0,59.16666666666666,0.0,0.0,0.0,0.0,24.0,0.0,0.0,7,0,0.545531197301855,0.0,0.0,0.0,0.0,0.0,0.0,2
702.0,1.0,-1.000088900581841e-12,0.0,0.0,0.0,0.0,0.0,22.0,4.0,1.1685184057390878,0.0,0.0,57.333333333333336,0.0,0.0,0.0,0.0,24.0,0.0,0.0,7,0,0.545531197301855,350.99999999999955,175.5,0.0,0.0,0.0,0.0,2
702.0,1.0,-1.000088900581841e-12,0.0,0.0,0.0,0.0,0.0,40.0,4.0,1.3054616844476952,0.0,0.0,56.333333333333336,0.0,0.0,0.0,0.0,24.0,0.0,0.0,8,1,0.545531197301855,405.2998889711169,351.0,0.0,0.0,0.0,0.0,2
702.0,1.0,-1.000088900581841e-12,0.0,0.0,0.0,0.0,0.0,34.0,7.0,1.7115472862793528,0.0,0.0,55.5,0.0,0.0,0.0,0.0,48.0,0.0,0.0,8,1,0.545531197301855,350.99999999999955,526.5,0.0,0.0,0.0,0.0,2
698.0,1.0,-1.000088900581841e-12,0.0,0.0,0.0,0.0,0.0,62.0,4.0,1.06212251825961,0.0,0.0,54.16666666666666,0.0,0.0,0.0,0.0,24.0,0.0,0.0,9,1,0.545531197301855,1.9999999999223896,701.0,0.0,0.0,0.0,0.0,2
708.0,8.0,1.305985913833264,0.0,0.0,0.0,0.0,0.0,100.0,9.0,1.8493959216561973,0.0,0.0,50.92857142857143,0.0,0.0,0.0,0.0,48.0,1676.0,18.0,9,1,0.545531197301855,4.123105625580021,702.5,0.0,0.0,0.0,0.0,2
706.0,3.0,0.321761596286569,0.0,0.0,0.0,0.0,0.0,56.0,6.0,1.0866397812491388,0.0,0.0,47.45454545454545,0.0,0.0,0.0,0.0,112.0,154.0,12.0,10,1,0.545531197301855,4.4347115651817,703.5,0.0,0.0,0.0,0.0,2
706.0,6.0,0.626165300886922,0.0,0.0,0.0,0.0,0.0,52.0,14.0,2.4915054149519817,0.0,28.0,41.86666666666667,0.0,0.0,0.0,0.0,0.0,1094.0,0.0,10,1,0.545531197301855,4.4347115651817,704.5,0.0,0.0,0.0,0.0,1
706.0,4.0,0.8547182463011411,0.0,0.0,0.0,0.0,0.0,342.0,18.0,1.445909465232318,0.0,0.0,43.67857142857143,0.0,0.0,0.0,0.0,62.0,1656.0,22.0,11,1,0.545531197301855,0.9999999998448648,706.5,0.0,0.0,0.0,0.0,2
712.0,2.0,0.6788764131675498,0.0,0.0,0.0,0.0,0.0,264.0,5.0,1.3034869023290154,0.0,0.0,59.82142857142857,0.0,0.0,0.0,0.0,204.0,998.0,28.0,11,1,0.545531197301855,2.999999999948288,707.5,0.0,0.0,0.0,0.0,2
714.0,3.0,0.6726318843760013,0.0,0.0,0.0,18.0,0.0,44.0,8.0,1.830270353632052,0.0,0.0,67.41176470588235,0.0,0.0,0.0,0.0,68.0,1014.0,24.0,12,1,0.545531197301855,4.123105625580035,709.5,0.0,0.0,9.000000000000002,4.5,2
710.0,5.0,1.0709830972566814,0.0,0.0,0.0,12.0,0.0,52.0,6.0,1.6293717129676422,0.0,0.0,60.5,0.0,0.0,0.0,0.0,102.0,1174.0,30.0,12,1,0.545531197301855,3.4156502552744525,710.5,0.0,0.0,9.000000000000002,7.5,2
702.0,2.0,0.0747035860503527,0.0,0.0,0.0,0.0,0.0,110.0,9.0,1.5011876893840144,0.0,66.0,69.92592592592592,0.0,0.0,0.0,0.0,238.0,1056.0,28.0,13,1,0.545531197301855,5.259911279323676,709.5,0.0,0.0,9.000000000000002,7.5,2
708.0,5.0,0.54234451588075,0.0,0.0,0.0,0.0,0.0,100.0,5.0,1.0450465558507973,0.0,0.0,90.04761904761905,0.0,0.0,0.0,0.0,136.0,640.0,10.0,13,1,0.545531197301855,4.999999999968973,708.5,0.0,0.0,9.000000000000002,7.5,2
694.0,6.0,1.1297407414216465,0.0,0.0,0.0,0.0,0.0,766.0,10.0,1.1090654552933692,0.0,0.0,87.42857142857143,0.0,0.0,0.0,0.0,476.0,3222.0,90.0,14,1,0.545531197301855,7.187952884261012,703.5,0.0,0.0,6.000000000000003,3.0,1
706.0,4.0,0.7999784206278971,0.0,0.0,0.0,0.0,0.0,126.0,5.0,1.311182123737183,0.0,0.0,84.14285714285714,0.0,0.0,0.0,0.0,204.0,254.0,30.0,14,1,0.545531197301855,6.191391873643835,702.5,0.0,0.0,0.0,0.0,1
710.0,5.0,1.0814429159841243,0.0,0.0,0.0,0.0,0.0,524.0,8.0,0.4838913160663545,0.0,0.0,81.57142857142857,0.0,0.0,0.0,0.0,442.0,450.0,50.0,15,1,0.545531197301855,7.18795288426102,704.5,0.0,0.0,0.0,0.0,1
712.0,4.0,0.9016992263352032,0.0,0.0,0.0,0.0,0.0,390.0,5.0,0.7559964098646997,0.0,0.0,77.5,0.0,0.0,0.0,0.0,204.0,556.0,0.0,15,1,0.545531197301855,8.0622577482793,705.5,0.0,0.0,0.0,0.0,1
712.0,3.0,0.5252142714251647,0.0,0.0,0.0,0.0,0.0,258.0,3.0,0.6838980245505959,0.0,0.0,73.5,0.0,0.0,0.0,0.0,170.0,0.0,0.0,16,1,0.545531197301855,2.8284271246912915,710.0,0.0,0.0,0.0,0.0,1
708.0,2.0,0.1480422468242407,0.0,0.0,0.0,0.0,0.0,144.0,5.0,1.2332502936870002,0.0,0.0,71.57142857142857,0.0,0.0,0.0,0.0,170.0,0.0,0.0,16,1,0.545531197301855,1.9148542154315804,710.5,0.0,0.0,0.0,0.0,1
704.0,4.0,0.4792577773056619,0.0,0.0,0.0,0.0,0.0,150.0,7.0,0.8334329900110098,0.0,0.0,69.28571428571429,0.0,0.0,0.0,0.0,204.0,104.0,14.0,17,1,0.545531197301855,3.829708430984797,709.0,0.0,0.0,0.0,0.0,1
708.0,6.0,1.377483026644137,0.0,0.0,0.0,0.0,0.0,446.0,6.0,1.2167107676622746,0.0,0.0,64.15384615384616,0.0,0.0,0.0,0.0,646.0,1432.0,36.0,17,1,0.545531197301855,3.265986323663349,708.0,0.0,0.0,0.0,0.0,1
714.0,5.0,1.0149817239312289,0.0,0.0,0.0,0.0,0.0,356.0,7.0,0.8708230308910424,0.0,0.0,55.0,0.0,0.0,0.0,0.0,204.0,8076.0,32.0,18,1,0.545531197301855,4.123105625579994,708.5,0.0,0.0,0.0,0.0,1
716.0,9.0,1.7394130979803162,0.0,0.0,0.0,0.0,0.0,100.0,8.0,1.4578225450955062,0.0,0.0,47.43333333333333,0.0,0.0,0.0,0.0,0.0,15480.0,0.0,18,1,0.545531197301855,5.50757054725791,710.5,0.0,0.0,0.0,0.0,1
712.0,4.0,0.6228782876995627,0.0,0.0,0.0,0.0,0.0,20.0,3.0,1.0296530140615736,0.0,0.0,38.72413793103448,0.0,0.0,0.0,0.0,0.0,2342.0,0.0,19,1,0.545531197301855,3.41565025527442,712.5,0.0,0.0,0.0,0.0,2
710.0,4.0,0.8492415173465846,0.0,0.0,0.0,0.0,0.0,162.0,6.0,1.2027603891261684,0.0,0.0,32.19047619047619,0.0,0.0,0.0,0.0,114.0,1384.0,28.0,19,1,0.545531197301855,2.581988897411491,713.0,0.0,0.0,0.0,0.0,1
706.0,5.0,0.2981708823694567,0.0,0.0,0.0,0.0,0.0,52.0,8.0,1.743996833325859,0.0,0.0,27.266666666666666,0.0,0.0,0.0,0.0,158.0,682.0,46.0,20,1,0.545531197301855,4.163331998894972,711.0,0.0,0.0,0.0,0.0,2
716.0,1.0,-1.000088900581841e-12,0.0,0.0,0.0,0.0,0.0,18.0,3.0,0.9950269901765214,0.0,0.0,97.76666666666668,0.0,0.0,0.0,0.0,0.0,524.0,0.0,1,0,0.545531197301855,149.1162857191204,627.5,0.0,0.0,0.0,0.0,2
402.0,1.0,-1.000088900581841e-12,0.0,0.0,0.0,0.0,0.0,10.0,3.0,1.054920167983144,0.0,0.0,94.25,0.0,0.0,0.0,0.0,0.0,98.0,0.0,1,0,0.545531197301855,151.0970990235518,626.5,0.0,0.0,0.0,0.0,3
0.0,0.0,0.0,0.0,0.0,0.0,0.0,0.0,54.0,4.0,0.8200547446418375,0.0,0.0,93.83333333333331,0.0,0.0,0.0,0.0,40.0,0.0,0.0,2,0,0.545531197301855,329.04862862500994,447.5,0.0,0.0,0.0,0.0,3
0.0,0.0,0.0,0.0,0.0,0.0,0.0,0.0,0.0,0.0,0.0,0.0,0.0,92.5,28.0,0.0,0.0,0.0,0.0,0.0,0.0,2,0,0.545531197301855,347.2650284724906,279.5,0.0,0.0,0.0,0.0,2
0.0,0.0,0.0,0.0,0.0,0.0,0.0,0.0,24.0,2.0,0.4505612088643047,0.0,0.0,91.16666666666669,38.0,0.0,0.0,0.0,80.0,0.0,0.0,3,0,0.545531197301855,200.99999999999923,100.5,0.0,0.0,0.0,0.0,2
0.0,0.0,0.0,0.0,0.0,0.0,0.0,0.0,0.0,0.0,0.0,0.0,0.0,90.16666666666669,0.0,0.0,0.0,0.0,0.0,0.0,0.0,3,0,0.545531197301855,0.0,0.0,0.0,0.0,0.0,0.0,2
0.0,0.0,0.0,0.0,0.0,0.0,0.0,0.0,0.0,0.0,0.0,0.0,0.0,90.0,0.0,0.0,0.0,0.0,0.0,0.0,0.0,4,0,0.545531197301855,0.0,0.0,0.0,0.0,0.0,0.0,2
0.0,0.0,0.0,0.0,0.0,0.0,0.0,0.0,0.0,0.0,0.0,0.0,0.0,89.5,0.0,0.0,0.0,0.0,0.0,0.0,0.0,4,0,0.545531197301855,0.0,0.0,0.0,0.0,0.0,0.0,2
0.0,0.0,0.0,0.0,0.0,0.0,0.0,0.0,46.0,3.0,1.0242960516348312,0.0,0.0,88.66666666666667,0.0,0.0,0.0,0.0,0.0,0.0,0.0,5,0,0.545531197301855,0.0,0.0,0.0,0.0,0.0,0.0,2
0.0,0.0,0.0,0.0,0.0,0.0,0.0,0.0,30.0,3.0,0.6277052571941504,0.0,0.0,87.66666666666667,0.0,0.0,0.0,0.0,0.0,0.0,0.0,5,0,0.545531197301855,0.0,0.0,0.0,0.0,0.0,0.0,2
0.0,0.0,0.0,0.0,0.0,0.0,0.0,0.0,54.0,2.0,0.1584105701297908,0.0,0.0,86.66666666666667,22.0,0.0,0.0,0.0,0.0,0.0,0.0,6,0,0.545531197301855,0.0,0.0,0.0,0.0,0.0,0.0,2
0.0,0.0,0.0,0.0,0.0,0.0,0.0,0.0,12.0,1.0,-1.000088900581841e-12,0.0,0.0,86.0,0.0,0.0,0.0,0.0,40.0,0.0,0.0,6,0,0.545531197301855,0.0,0.0,0.0,0.0,0.0,0.0,3
0.0,0.0,0.0,0.0,0.0,0.0,0.0,0.0,40.0,6.0,1.6385064444982256,0.0,0.0,85.33333333333333,0.0,0.0,0.0,0.0,0.0,0.0,0.0,7,0,0.545531197301855,0.0,0.0,0.0,0.0,0.0,0.0,2
706.0,1.0,-1.000088900581841e-12,0.0,0.0,0.0,0.0,0.0,20.0,3.0,0.8979457248537798,0.0,0.0,83.66666666666667,0.0,0.0,0.0,0.0,80.0,0.0,0.0,7,0,0.545531197301855,352.99999999999955,176.5,0.0,0.0,0.0,0.0,2
706.0,1.0,-1.000088900581841e-12,0.0,0.0,0.0,0.0,0.0,74.0,6.0,1.2954350020718668,0.0,0.0,82.16666666666667,0.0,0.0,0.0,0.0,80.0,0.0,0.0,8,1,0.545531197301855,407.6092900478754,353.0,0.0,0.0,0.0,0.0,1
706.0,1.0,-1.000088900581841e-12,0.0,0.0,0.0,0.0,0.0,32.0,3.0,0.9743147528663496,0.0,0.0,80.83333333333333,0.0,0.0,0.0,0.0,120.0,0.0,0.0,8,1,0.545531197301855,352.99999999999955,529.5,0.0,0.0,0.0,0.0,2
704.0,1.0,-1.000088900581841e-12,0.0,0.0,0.0,0.0,0.0,38.0,5.0,1.3571401438431878,0.0,0.0,80.0,0.0,0.0,0.0,0.0,40.0,0.0,0.0,9,1,0.545531197301855,0.9999999998350784,705.5,0.0,0.0,0.0,0.0,2
710.0,3.0,0.710150840007935,0.0,0.0,0.0,0.0,0.0,108.0,6.0,1.5166625106069702,0.0,0.0,77.9,0.0,0.0,0.0,0.0,160.0,1658.0,20.0,9,1,0.545531197301855,2.5166114783580427,706.5,0.0,0.0,0.0,0.0,2
704.0,3.0,0.1482874075972026,0.0,0.0,0.0,0.0,0.0,140.0,8.0,1.260681008647587,0.0,0.0,75.85714285714286,0.0,0.0,0.0,0.0,200.0,62.0,10.0,10,1,0.545531197301855,2.828427124687871,706.0,0.0,0.0,0.0,0.0,2
704.0,1.0,-1.000088900581841e-12,0.0,0.0,0.0,0.0,0.0,186.0,6.0,0.8574022712247206,0.0,0.0,74.6,0.0,0.0,0.0,0.0,40.0,0.0,0.0,10,1,0.545531197301855,2.999999999945017,705.5,0.0,0.0,0.0,0.0,2
20.0,1.0,-1.000088900581841e-12,0.0,0.0,0.0,0.0,0.0,56.0,9.0,1.932806572605331,0.0,0.0,73.14285714285714,0.0,0.0,0.0,0.0,80.0,366.0,16.0,11,1,0.545531197301855,343.01166160933894,534.5,0.0,0.0,0.0,0.0,2
256.0,5.0,0.8786781685577549,0.0,0.0,0.0,0.0,0.0,78.0,7.0,1.4557919416301035,0.0,0.0,70.83333333333333,0.0,0.0,0.0,0.0,240.0,74.0,22.0,11,1,0.545531197301855,340.68754013024846,421.0,0.0,0.0,0.0,0.0,1
708.0,2.0,0.0348775115169437,0.0,0.0,0.0,0.0,0.0,30.0,5.0,1.3217558399773195,0.0,0.0,67.83333333333333,0.0,0.0,0.0,0.0,80.0,10.0,16.0,12,1,0.545531197301855,341.7991613018767,422.0,0.0,0.0,0.0,0.0,1
708.0,2.0,0.6879673027562168,0.0,0.0,0.0,0.0,0.0,54.0,7.0,1.6834061816275026,0.0,0.0,65.0,0.0,0.0,0.0,0.0,40.0,878.0,22.0,12,1,0.545531197301855,342.90329054511324,423.0,0.0,0.0,0.0,0.0,1
704.0,1.0,-1.000088900581841e-12,0.0,0.0,0.0,0.0,0.0,30.0,5.0,1.2048762065461598,0.0,0.0,62.333333333333336,0.0,0.0,0.0,0.0,0.0,0.0,0.0,13,1,0.545531197301855,225.34122274157104,594.0,0.0,0.0,0.0,0.0,1
444.0,1.0,-1.000088900581841e-12,0.0,0.0,0.0,0.0,0.0,24.0,4.0,1.2366848691365042,0.0,0.0,60.85714285714285,0.0,0.0,0.0,0.0,42.0,592.0,20.0,13,1,0.545531197301855,131.34686901483292,641.0,0.0,0.0,0.0,0.0,1
194.0,5.0,1.0751424704605603,0.0,0.0,0.0,0.0,0.0,322.0,11.0,1.7233162722329605,0.0,0.0,58.875,0.0,0.0,0.0,0.0,252.0,2018.0,48.0,14,1,0.545531197301855,245.64676536305743,512.5,0.0,0.0,0.0,0.0,2
712.0,3.0,0.7279063286720007,0.0,0.0,0.0,0.0,0.0,154.0,6.0,1.1524799004667596,0.0,0.0,53.375,0.0,0.0,0.0,0.0,42.0,10524.0,28.0,14,1,0.545531197301855,246.7137342481491,513.5,0.0,0.0,0.0,0.0,1
710.0,2.0,0.647009605626771,0.0,0.0,0.0,0.0,0.0,20.0,5.0,1.4708084763171112,0.0,0.0,48.72727272727273,0.0,0.0,0.0,0.0,42.0,34.0,10.0,15,1,0.545531197301855,248.2713569195334,515.0,0.0,0.0,0.0,0.0,1
716.0,1.0,-1.000088900581841e-12,0.0,0.0,0.0,0.0,0.0,18.0,3.0,0.6837389058457535,0.0,0.0,43.8,0.0,0.0,0.0,0.0,0.0,390.0,0.0,15,1,0.545531197301855,259.345329628277,583.0,0.0,0.0,0.0,0.0,2
510.0,4.0,0.2148860750331211,0.0,0.0,0.0,0.0,0.0,20.0,4.0,1.2206072645490174,0.0,0.0,37.36666666666667,0.0,0.0,0.0,0.0,0.0,818.0,0.0,16,1,0.545531197301855,101.3640304381507,662.0,0.0,0.0,0.0,0.0,1
704.0,5.0,0.8752237660688936,0.0,0.0,0.0,0.0,0.0,224.0,27.0,2.47817544040402,0.0,0.0,31.866666666666667,0.0,0.0,0.0,0.0,92.0,2308.0,20.0,16,1,0.545531197301855,100.11992808626898,660.0,0.0,0.0,0.0,0.0,1
704.0,1.0,-1.000088900581841e-12,0.0,0.0,0.0,0.0,0.0,4.0,2.0,0.6931471805579453,0.0,0.0,27.83333333333333,0.0,0.0,0.0,0.0,46.0,0.0,0.0,17,1,0.545531197301855,99.1614844584311,658.5,0.0,0.0,0.0,0.0,1
704.0,2.0,0.4783852424534048,0.0,0.0,0.0,0.0,0.0,8.0,1.0,-1.000088900581841e-12,0.0,0.0,25.714285714285715,0.0,0.0,0.0,0.0,94.0,192.0,18.0,17,1,0.545531197301855,96.99999999999832,655.5,0.0,0.0,0.0,0.0,1
708.0,2.0,0.2172185596704814,0.0,0.0,0.0,0.0,0.0,126.0,6.0,1.3059244246658102,0.0,42.0,27.22222222222222,0.0,0.0,0.0,0.0,192.0,3960.0,26.0,18,1,0.545531197301855,1.999999999918752,705.0,0.0,0.0,0.0,0.0,1
682.0,1.0,-1.000088900581841e-12,0.0,0.0,0.0,0.0,0.0,322.0,9.0,1.1182190728173411,0.0,0.0,50.3,0.0,0.0,0.0,0.0,96.0,0.0,0.0,18,1,0.545531197301855,11.818065267476817,699.5,0.0,0.0,0.0,0.0,1
692.0,2.0,0.1873000596574293,0.0,0.0,0.0,32.0,0.0,304.0,9.0,1.6073826698855318,0.0,0.0,69.0,0.0,0.0,0.0,0.0,192.0,1328.0,24.0,19,1,0.545531197301855,11.818065267476817,696.5,0.0,0.0,16.0,8.0,1
710.0,4.0,0.8638413653841616,0.0,0.0,0.0,26.0,0.0,390.0,8.0,1.4316001561305258,0.0,0.0,69.78571428571429,0.0,0.0,0.0,0.0,194.0,192.0,46.0,19,1,0.545531197301855,13.366625103830131,698.0,0.0,0.0,16.921386861996076,14.5,1
706.0,2.0,0.1668622806803442,0.0,0.0,0.0,0.0,0.0,332.0,7.0,1.2502773551073612,0.0,0.0,69.0,0.0,0.0,0.0,0.0,200.0,548.0,30.0,20,1,0.545531197301855,12.89702808142281,697.5,0.0,0.0,16.921386861996073,14.5,1
708.0,1.0,-1.000088900581841e-12,0.0,0.0,0.0,0.0,0.0,64.0,5.0,1.3257742182511043,0.0,0.0,68.0,0.0,0.0,0.0,0.0,100.0,0.0,20.0,20,1,0.545531197301855,8.164965809257387,704.0,0.0,0.0,16.921386861996073,14.5,1
682.0,1.0,-1.000088900581841e-12,0.0,0.0,0.0,0.0,0.0,24.0,5.0,1.4451858789430825,0.0,0.0,67.16666666666667,0.0,0.0,0.0,0.0,50.0,26.0,12.0,21,0,0.545531197301855,13.102162671343311,701.5,0.0,0.0,13.000000000000002,6.5,1
664.0,1.0,-1.000088900581841e-12,0.0,0.0,0.0,0.0,0.0,52.0,3.0,0.8225715143494168,0.0,0.0,64.28571428571429,0.0,0.0,0.0,0.0,214.0,5224.0,34.0,21,0,0.545531197301855,20.97617696339529,690.0,0.0,0.0,0.0,0.0,1
708.0,3.0,0.7317525163840084,0.0,0.0,0.0,0.0,0.0,82.0,3.0,0.6425668400159826,0.0,0.0,61.5,0.0,0.0,0.0,0.0,108.0,0.0,0.0,22,0,0.545531197301855,21.501937897152622,690.5,0.0,0.0,0.0,0.0,1
708.0,7.0,1.1404937938591817,0.0,0.0,0.0,0.0,0.0,154.0,7.0,1.5635000956441525,0.0,0.0,58.0,0.0,0.0,0.0,0.0,108.0,6330.0,30.0,22,0,0.545531197301855,21.501937897152622,690.5,0.0,0.0,0.0,0.0,1
714.0,5.0,1.2361704642840188,0.0,0.0,0.0,0.0,0.0,166.0,4.0,0.8096721656279202,0.0,0.0,51.15384615384615,0.0,0.0,0.0,0.0,54.0,9698.0,14.0,23,0,0.545531197301855,23.17326045250592,698.5,0.0,0.0,0.0,0.0,1
714.0,4.0,0.3069761459643443,0.0,0.0,0.0,0.0,0.0,24.0,3.0,0.7214636866895116,0.0,0.0,43.851851851851855,0.0,0.0,0.0,0.0,54.0,1154.0,22.0,23,0,0.545531197301855,3.464101615090802,711.0,0.0,0.0,0.0,0.0,1
708.0,6.0,0.5611616816104892,0.0,0.0,0.0,0.0,0.0,24.0,4.0,1.2650013752690703,0.0,0.0,38.6875,0.0,0.0,0.0,0.0,108.0,4702.0,38.0,0,0,0.545531197301855,3.464101615090802,711.0,0.0,0.0,0.0,0.0,1
716.0,1.0,-1.000088900581841e-12,0.0,0.0,0.0,0.0,0.0,24.0,5.0,1.3579778549823245,0.0,0.0,34.26315789473684,0.0,0.0,0.0,0.0,108.0,788.0,6.0,0,0,0.545531197301855,3.464101615090802,713.0,0.0,0.0,0.0,0.0,2
718.0,1.0,-1.000088900581841e-12,0.0,0.0,0.0,0.0,0.0,10.0,3.0,1.054920167983144,0.0,0.0,26.366666666666667,0.0,0.0,0.0,0.0,0.0,1800.0,0.0,1,0,0.545531197301855,4.320493798900932,714.0,0.0,0.0,0.0,0.0,2
534.0,4.0,0.3148720896973278,0.0,0.0,0.0,0.0,0.0,50.0,5.0,1.3320252881599832,0.0,0.0,19.25,0.0,0.0,0.0,0.0,160.0,4644.0,34.0,1,0,0.545531197301855,90.10364402545738,669.0,0.0,0.0,0.0,0.0,2
708.0,5.0,0.94423991261639,0.0,0.0,0.0,0.0,0.0,276.0,7.0,1.300793831894477,0.0,56.0,15.692307692307692,0.0,0.0,0.0,0.0,280.0,12900.0,76.0,2,0,0.545531197301855,90.10364402545738,669.0,0.0,0.0,0.0,0.0,3
718.0,2.0,0.6907204996201726,0.0,0.0,0.0,58.0,0.0,58.0,3.0,0.5757295142774426,0.0,0.0,33.43333333333333,0.0,0.0,0.0,0.0,62.0,418.0,8.0,2,0,0.545531197301855,90.45625093564848,669.5,0.0,0.0,29.0,14.5,3
718.0,1.0,-1.000088900581841e-12,0.0,0.0,0.0,0.0,0.0,66.0,3.0,0.4533509617105249,0.0,0.0,60.73333333333333,0.0,0.0,0.0,0.0,0.0,0.0,0.0,3,0,0.545531197301855,90.45625093564848,669.5,0.0,0.0,29.0,14.5,2
334.0,1.0,-1.000088900581841e-12,0.0,0.0,0.0,0.0,0.0,40.0,1.0,-1.000088900581841e-12,0.0,0.0,87.03333333333333,0.0,0.0,0.0,0.0,0.0,0.0,0.0,3,0,0.545531197301855,190.39170149982817,619.5,0.0,0.0,29.0,14.5,2
0.0,0.0,0.0,0.0,0.0,0.0,0.0,0.0,44.0,3.0,0.8599672810325049,0.0,0.0,99.26666666666668,0.0,0.0,0.0,0.0,0.0,0.0,0.0,4,0,0.545531197301855,346.1112537898756,442.5,0.0,0.0,29.0,14.5,2
0.0,0.0,0.0,0.0,0.0,0.0,0.0,0.0,16.0,2.0,0.5623351446168083,0.0,0.0,100.0,0.0,0.0,0.0,0.0,0.0,0.0,0.0,4,0,0.545531197301855,341.7621004929204,263.0,0.0,0.0,0.0,0.0,2
0.0,0.0,0.0,0.0,0.0,0.0,0.0,0.0,30.0,3.0,0.9276173343241816,0.0,0.0,100.0,0.0,0.0,0.0,0.0,0.0,0.0,0.0,5,0,0.545531197301855,166.9999999999991,83.5,0.0,0.0,0.0,0.0,2
0.0,0.0,0.0,0.0,0.0,0.0,0.0,0.0,34.0,3.0,0.5783252866571272,0.0,0.0,100.0,0.0,0.0,0.0,0.0,0.0,0.0,0.0,5,0,0.545531197301855,0.0,0.0,0.0,0.0,0.0,0.0,1
0.0,0.0,0.0,0.0,0.0,0.0,0.0,0.0,6.0,2.0,0.6365141682928128,0.0,0.0,100.0,0.0,0.0,0.0,0.0,0.0,0.0,0.0,6,0,0.545531197301855,0.0,0.0,0.0,0.0,0.0,0.0,2
0.0,0.0,0.0,0.0,0.0,0.0,0.0,0.0,8.0,2.0,0.5623351446168083,0.0,0.0,100.0,0.0,0.0,0.0,0.0,0.0,0.0,0.0,6,0,0.545531197301855,0.0,0.0,0.0,0.0,0.0,0.0,2
0.0,0.0,0.0,0.0,0.0,0.0,0.0,0.0,24.0,3.0,0.8675632284784613,0.0,0.0,100.0,0.0,0.0,0.0,0.0,0.0,0.0,0.0,7,0,0.545531197301855,0.0,0.0,0.0,0.0,0.0,0.0,2
718.0,1.0,-1.000088900581841e-12,0.0,0.0,0.0,0.0,0.0,28.0,4.0,1.1973401339927785,0.0,0.0,100.0,0.0,0.0,0.0,0.0,62.0,0.0,0.0,7,0,0.545531197301855,358.9999999999996,179.5,0.0,0.0,0.0,0.0,2
716.0,1.0,-1.000088900581841e-12,0.0,0.0,0.0,0.0,0.0,44.0,5.0,1.4276786533697514,0.0,0.0,100.0,0.0,0.0,0.0,0.0,62.0,0.0,0.0,8,1,0.545531197301855,413.9609482386791,358.5,0.0,0.0,0.0,0.0,2
718.0,1.0,-1.000088900581841e-12,0.0,0.0,0.0,0.0,0.0,18.0,3.0,0.8486855577234171,0.0,0.0,100.0,0.0,0.0,0.0,0.0,62.0,0.0,0.0,8,1,0.545531197301855,358.6679058218986,538.0,0.0,0.0,0.0,0.0,2
718.0,1.0,-1.000088900581841e-12,0.0,0.0,0.0,0.0,0.0,44.0,7.0,1.6849243827137226,0.0,0.0,100.0,0.0,0.0,0.0,0.0,62.0,0.0,0.0,9,1,0.545531197301855,0.9999999998383088,717.5,0.0,0.0,0.0,0.0,2
716.0,1.0,-1.000088900581841e-12,0.0,0.0,0.0,0.0,0.0,56.0,5.0,1.4413846446996488,0.0,0.0,100.0,0.0,0.0,0.0,0.0,62.0,0.0,0.0,9,1,0.545531197301855,1.1547005382392312,717.0,0.0,0.0,0.0,0.0,2
718.0,1.0,-1.000088900581841e-12,0.0,0.0,0.0,0.0,0.0,62.0,8.0,1.6105880819261325,0.0,0.0,100.0,0.0,0.0,0.0,0.0,124.0,0.0,0.0,10,1,0.545531197301855,0.9999999998383088,717.5,0.0,0.0,0.0,0.0,2
718.0,3.0,0.328249743645156,0.0,0.0,0.0,0.0,0.0,28.0,7.0,1.809514255842282,0.0,0.0,90.93333333333334,0.0,0.0,0.0,0.0,0.0,3732.0,0.0,11,1,0.545531197301855,3.785938897157484,715.5,0.0,0.0,0.0,0.0,1
716.0,5.0,1.305361261333243,0.0,0.0,0.0,0.0,0.0,66.0,10.0,1.771883952822425,0.0,0.0,74.5,0.0,0.0,0.0,0.0,66.0,12068.0,0.0,12,1,0.545531197301855,3.4641016150910864,715.0,0.0,0.0,0.0,0.0,1
712.0,5.0,0.885994405098413,0.0,0.0,0.0,26.0,0.0,116.0,7.0,1.5823579196721516,0.0,0.0,65.10526315789474,0.0,0.0,0.0,0.0,198.0,2442.0,60.0,13,1,0.545531197301855,2.3094010766884927,714.0,0.0,0.0,13.0,6.5,1
694.0,9.0,1.4013101127069296,0.0,0.0,0.0,0.0,0.0,1834.0,34.0,1.3659979667083049,0.0,0.0,67.04545454545455,0.0,0.0,0.0,0.0,1452.0,5126.0,232.0,14,1,0.545531197301855,8.999999999982037,707.5,0.0,0.0,13.0,6.5,1
716.0,6.0,1.368545248278436,0.0,0.0,0.0,0.0,0.0,784.0,9.0,1.1622552140600213,0.0,0.0,53.90909090909091,0.0,0.0,0.0,0.0,1050.0,2018.0,82.0,15,1,0.545531197301855,10.13245610236449,709.0,0.0,0.0,0.0,0.0,1
716.0,4.0,1.0675743616688904,0.0,0.0,0.0,0.0,0.0,724.0,7.0,0.6563292569548774,0.0,0.0,38.05,0.0,0.0,0.0,0.0,560.0,6448.0,64.0,16,1,0.545531197301855,0.999999999838252,715.5,0.0,0.0,26.0,13.0,1
714.0,2.0,0.019261439527435,0.0,0.0,0.0,0.0,0.0,196.0,6.0,1.4158010667849563,0.0,0.0,21.5,0.0,50.0,56.0,40.0,910.0,4488.0,120.0,17,1,0.545531197301855,0.999999999838252,715.5,0.0,0.0,43.003875794320365,35.0,1
716.0,1.0,-1.000088900581841e-12,0.0,0.0,0.0,0.0,0.0,44.0,4.0,0.9295776887119248,0.0,0.0,11.705882352941176,0.0,0.0,0.0,0.0,140.0,10.0,20.0,18,1,0.545531197301855,34.67948480970188,698.0,0.0,0.0,44.0,22.0,1
710.0,2.0,0.0193541070808632,0.0,0.0,0.0,0.0,0.0,104.0,5.0,0.8888617968851571,0.0,70.0,3.466666666666667,0.0,0.0,0.0,0.0,0.0,3710.0,0.0,19,1,0.545531197301855,33.426536364586305,696.0,0.0,0.0,0.0,0.0,2
14.0,1.0,-1.000088900581841e-12,0.0,0.0,0.0,0.0,0.0,0.0,0.0,0.0,0.0,68.0,5.0,0.0,0.0,0.0,0.0,204.0,5180.0,12.0,20,1,0.545531197301855,349.68318994960714,538.5,0.0,0.0,0.0,0.0,1
0.0,0.0,0.0,0.0,0.0,0.0,0.0,0.0,0.0,0.0,0.0,0.0,0.0,0.0,0.0,0.0,0.0,0.0,420.0,6900.0,52.0,21,0,0.545531197301855,368.8992635756628,321.0,0.0,0.0,0.0,0.0,1
544.0,1.0,-1.000088900581841e-12,0.0,0.0,0.0,0.0,0.0,50.0,3.0,0.4433066914650871,0.0,0.0,31.08695652173913,0.0,0.0,0.0,0.0,0.0,0.0,0.0,23,0,0.545531197301855,271.99999999999943,136.0,0.0,0.0,0.0,0.0,2
710.0,4.0,0.6287381585248448,0.0,0.0,0.0,0.0,0.0,44.0,6.0,1.3730039128712,0.0,0.0,60.56666666666667,0.0,0.0,0.0,0.0,74.0,2282.0,30.0,0,0,0.545531197301855,337.429498809257,492.0,0.0,0.0,0.0,0.0,1
716.0,1.0,-1.000088900581841e-12,0.0,0.0,0.0,0.0,0.0,30.0,3.0,0.7647544195644197,0.0,0.0,96.26666666666668,0.0,0.0,0.0,0.0,0.0,0.0,0.0,1,0,0.545531197301855,3.4156502552744223,714.5,0.0,0.0,0.0,0.0,3
0.0,0.0,0.0,0.0,0.0,0.0,0.0,0.0,240.0,5.0,0.8796498015163577,0.0,0.0,100.0,0.0,0.0,0.0,0.0,0.0,0.0,0.0,2,0,0.545531197301855,393.75965596625866,377.0,0.0,0.0,0.0,0.0,2
0.0,0.0,0.0,0.0,0.0,0.0,0.0,0.0,20.0,2.0,0.5004024235361879,0.0,0.0,100.0,0.0,0.0,0.0,0.0,0.0,0.0,0.0,3,0,0.545531197301855,36.99999999999537,18.5,0.0,0.0,0.0,0.0,2
0.0,0.0,0.0,0.0,0.0,0.0,0.0,0.0,12.0,2.0,0.6365141682928128,0.0,0.0,100.0,0.0,0.0,0.0,0.0,0.0,0.0,0.0,4,0,0.545531197301855,0.0,0.0,0.0,0.0,0.0,0.0,2
0.0,0.0,0.0,0.0,0.0,0.0,0.0,0.0,46.0,4.0,1.0729726410990277,0.0,0.0,100.0,0.0,0.0,0.0,0.0,0.0,0.0,0.0,5,0,0.545531197301855,0.0,0.0,0.0,0.0,0.0,0.0,2
0.0,0.0,0.0,0.0,0.0,0.0,0.0,0.0,16.0,3.0,0.9002560512655369,0.0,0.0,100.0,0.0,0.0,0.0,0.0,0.0,0.0,0.0,6,0,0.545531197301855,0.0,0.0,0.0,0.0,0.0,0.0,2
712.0,1.0,-1.000088900581841e-12,0.0,0.0,0.0,0.0,0.0,26.0,8.0,1.925121190782818,0.0,0.0,80.36666666666666,0.0,0.0,0.0,0.0,0.0,340.0,0.0,11,1,0.545531197301855,0.9999999998092336,712.5,0.0,0.0,0.0,0.0,1
714.0,2.0,0.6844557593756038,0.0,0.0,0.0,0.0,0.0,18.0,4.0,1.2148896539451204,0.0,0.0,70.3,0.0,0.0,0.0,0.0,160.0,12.0,32.0,12,1,0.545531197301855,1.1547005382140512,713.0,0.0,0.0,0.0,0.0,2
712.0,3.0,0.511473780113944,0.0,0.0,0.0,36.0,0.0,196.0,8.0,1.5782309790813422,0.0,0.0,61.07692307692308,0.0,0.0,0.0,0.0,400.0,334.0,66.0,13,1,0.545531197301855,1.1547005382140512,713.0,0.0,0.0,18.0,9.0,2
710.0,4.0,0.7529360040526459,0.0,0.0,0.0,106.0,0.0,574.0,8.0,0.6432445531874976,0.0,0.0,50.0,0.0,0.0,0.0,0.0,320.0,120.0,24.0,14,1,0.545531197301855,1.9148542154130617,712.5,0.0,0.0,49.969990994595946,35.5,2
700.0,7.0,1.3538412398769015,0.0,0.0,0.0,30.0,0.0,450.0,22.0,2.185507643291762,0.0,0.0,38.81818181818182,0.0,0.0,0.0,0.0,656.0,3116.0,94.0,15,1,0.545531197301855,5.9721576223577095,708.5,0.0,0.0,50.039984012787215,34.0,2
716.0,1.0,-1.000088900581841e-12,0.0,0.0,0.0,0.0,0.0,30.0,4.0,1.0200369583978408,0.0,0.0,24.83333333333333,0.0,0.0,0.0,0.0,0.0,948.0,0.0,16,1,0.545531197301855,6.633249580682054,709.0,0.0,0.0,14.177446878757817,10.5,1
484.0,4.0,0.439638325816339,0.0,0.0,0.0,0.0,0.0,212.0,9.0,0.978204729733053,0.0,0.0,21.33333333333333,0.0,0.0,0.0,0.0,82.0,394.0,0.0,17,1,0.545531197301855,216.2251912551656,543.0,0.0,0.0,5.999999999999974,3.0,2
712.0,2.0,0.1179343268118672,0.0,0.0,0.0,0.0,0.0,94.0,9.0,1.3822181705265035,0.0,0.0,29.6,0.0,0.0,0.0,0.0,82.0,6648.0,0.0,18,1,0.545531197301855,184.80259738434307,476.0,0.0,0.0,0.0,0.0,2
712.0,1.0,-1.000088900581841e-12,0.0,0.0,0.0,26.0,0.0,78.0,7.0,1.4972532744467024,0.0,0.0,41.92307692307692,0.0,0.0,0.0,0.0,164.0,0.0,0.0,19,1,0.545531197301855,128.77888025604042,638.0,0.0,0.0,12.999999999999988,6.5,2
708.0,1.0,-1.000088900581841e-12,0.0,0.0,0.0,0.0,0.0,48.0,6.0,1.4690658597185609,0.0,82.0,25.0,0.0,0.0,0.0,0.0,0.0,380.0,0.0,20,1,0.545531197301855,14.87727573626748,704.0,0.0,0.0,12.999999999999988,6.5,2
698.0,2.0,0.0196379309066819,0.0,0.0,0.0,0.0,0.0,60.0,18.0,2.699627816443687,0.0,0.0,29.0,0.0,0.0,0.0,0.0,656.0,178.0,24.0,21,0,0.545531197301855,6.60807586716938,706.5,0.0,0.0,23.0,11.5,2
710.0,1.0,-1.000088900581841e-12,0.0,0.0,0.0,0.0,0.0,6.0,3.0,1.0986122886651095,0.0,0.0,19.88888888888889,0.0,0.0,0.0,0.0,0.0,36.0,0.0,22,0,0.545531197301855,6.191391873636574,706.5,0.0,0.0,23.0,11.5,1
600.0,4.0,1.1610856449088396,0.0,0.0,0.0,0.0,0.0,140.0,8.0,1.9098596551573463,0.0,80.0,25.91304347826087,0.0,0.0,0.0,0.0,168.0,14506.0,36.0,23,0,0.545531197301855,52.41819022692662,675.5,0.0,0.0,0.0,0.0,2
704.0,5.0,1.1036576964313187,0.0,0.0,0.0,0.0,0.0,70.0,5.0,1.1511190338390498,0.0,90.0,56.23333333333333,0.0,0.0,0.0,0.0,176.0,2708.0,46.0,0,0,0.545531197301855,48.48367422820042,671.0,0.0,0.0,0.0,0.0,2
708.0,1.0,-1.000088900581841e-12,0.0,0.0,0.0,0.0,0.0,8.0,3.0,1.039720770836918,0.0,0.0,60.333333333333336,0.0,0.0,0.0,0.0,0.0,0.0,0.0,4,0,0.545531197301855,334.7058410007205,323.0,0.0,0.0,0.0,0.0,2
0.0,0.0,0.0,0.0,0.0,0.0,0.0,0.0,30.0,4.0,0.857174043638079,0.0,0.0,58.0,0.0,0.0,0.0,0.0,0.0,0.0,0.0,5,0,0.545531197301855,360.0791579639116,353.5,0.0,0.0,0.0,0.0,2
0.0,0.0,0.0,0.0,0.0,0.0,0.0,0.0,8.0,3.0,1.039720770836918,0.0,0.0,56.333333333333336,0.0,0.0,0.0,0.0,184.0,0.0,0.0,6,0,0.545531197301855,307.9999999999994,154.0,0.0,0.0,0.0,0.0,2
0.0,0.0,0.0,0.0,0.0,0.0,0.0,0.0,8.0,2.0,0.6931471805579453,0.0,0.0,54.833333333333336,0.0,0.0,0.0,0.0,0.0,0.0,0.0,7,0,0.545531197301855,0.0,0.0,0.0,0.0,0.0,0.0,2
706.0,1.0,-1.000088900581841e-12,0.0,0.0,0.0,0.0,0.0,18.0,3.0,0.8486855577234171,0.0,0.0,52.16666666666666,0.0,0.0,0.0,0.0,92.0,0.0,0.0,8,1,0.545531197301855,407.6092900478753,353.0,0.0,0.0,0.0,0.0,2
706.0,1.0,-1.000088900581841e-12,0.0,0.0,0.0,0.0,0.0,26.0,4.0,1.204793309690784,0.0,0.0,49.333333333333336,0.0,0.0,0.0,0.0,92.0,0.0,0.0,9,1,0.545531197301855,2.999999999932091,704.5,0.0,0.0,0.0,0.0,2
710.0,1.0,-1.000088900581841e-12,0.0,0.0,0.0,26.0,0.0,56.0,7.0,1.3149761881798103,0.0,0.0,44.785714285714285,0.0,0.0,0.0,0.0,368.0,0.0,0.0,10,1,0.545531197301855,4.163331998883328,705.0,0.0,0.0,12.999999999999991,6.5,2
706.0,6.0,1.1634477363592517,0.0,0.0,0.0,0.0,0.0,172.0,9.0,1.4909585234634368,0.0,0.0,32.22222222222222,0.0,0.0,0.0,0.0,552.0,4478.0,114.0,11,1,0.545531197301855,2.9999999999321005,707.5,0.0,0.0,12.999999999999991,6.5,2
444.0,3.0,0.2446895835423125,0.0,0.0,0.0,0.0,0.0,18.0,6.0,1.7351264569569227,0.0,90.0,17.77777777777778,0.0,0.0,0.0,0.0,0.0,1448.0,0.0,12,1,0.545531197301855,129.84477912748844,638.5,0.0,0.0,0.0,0.0,2
436.0,5.0,0.9713393015946208,0.0,0.0,0.0,0.0,0.0,134.0,8.0,1.45494229934156,0.0,0.0,22.83333333333333,0.0,0.0,0.0,0.0,92.0,25250.0,22.0,13,1,0.545531197301855,126.4963767597038,545.0,0.0,0.0,0.0,0.0,2
712.0,6.0,1.1459042088822804,0.0,0.0,0.0,0.0,0.0,260.0,10.0,1.2112783857312988,0.0,0.0,43.8,0.0,0.0,0.0,0.0,276.0,32760.0,26.0,14,1,0.545531197301855,130.78735922608473,617.0,0.0,0.0,0.0,0.0,2
712.0,5.0,1.4370548463163073,0.0,0.0,0.0,20.0,0.0,328.0,20.0,2.0294173456660625,0.0,0.0,49.083333333333336,0.0,0.0,0.0,0.0,374.0,2310.0,92.0,15,1,0.545531197301855,1.632993161731438,712.0,0.0,0.0,14.23610433604174,12.0,2
712.0,5.0,1.0161119349809185,0.0,0.0,0.0,0.0,0.0,150.0,5.0,0.9174972074097584,0.0,0.0,35.48,0.0,0.0,0.0,0.0,94.0,23532.0,32.0,16,1,0.545531197301855,2.5166114783431084,712.5,0.0,0.0,14.23610433604174,12.0,2
710.0,1.0,-1.000088900581841e-12,0.0,0.0,0.0,0.0,0.0,68.0,7.0,1.5738375443051114,0.0,0.0,25.88888888888889,0.0,0.0,0.0,0.0,94.0,0.0,0.0,17,1,0.545531197301855,2.5166114783431084,712.5,0.0,0.0,0.0,0.0,2
714.0,3.0,0.6432559254812344,0.0,0.0,0.0,0.0,0.0,62.0,7.0,1.6781039714451382,0.0,0.0,18.47058823529412,0.0,0.0,0.0,0.0,188.0,800.0,30.0,18,1,0.545531197301855,159.0083855231109,632.5,0.0,0.0,0.0,0.0,2
0.0,0.0,0.0,0.0,0.0,0.0,0.0,0.0,0.0,0.0,0.0,0.0,0.0,0.0,0.0,0.0,0.0,0.0,276.0,180.0,16.0,19,1,0.545531197301855,340.26264365437805,282.0,0.0,0.0,0.0,0.0,2
350.0,3.0,0.5489351761504184,0.0,0.0,0.0,0.0,0.0,118.0,7.0,1.002727549133779,0.0,90.0,19.666666666666668,0.0,0.0,0.0,0.0,1336.0,16260.0,52.0,20,1,0.545531197301855,171.92537140670342,92.5,0.0,0.0,0.0,0.0,2
712.0,3.0,0.8897753465822167,0.0,0.0,0.0,0.0,0.0,214.0,10.0,1.353697864752131,0.0,0.0,22.571428571428573,0.0,0.0,0.0,0.0,576.0,178.0,24.0,21,0,0.545531197301855,293.1597971527922,373.0,0.0,0.0,0.0,0.0,1
692.0,7.0,1.3172969806173405,0.0,0.0,0.0,0.0,0.0,128.0,5.0,0.9197013784631928,0.0,88.0,19.27272727272728,0.0,0.0,0.0,0.0,288.0,896.0,106.0,22,0,0.545531197301855,138.3570260834854,637.0,0.0,0.0,0.0,0.0,1
714.0,9.0,1.5206419826552566,0.0,0.0,0.0,0.0,0.0,144.0,9.0,1.5830439888182295,0.0,0.0,37.172413793103445,0.0,0.0,0.0,0.0,0.0,8870.0,0.0,23,0,0.545531197301855,10.392304845393776,707.0,0.0,0.0,0.0,0.0,2
494.0,2.0,0.5998520840079687,0.0,0.0,0.0,0.0,0.0,368.0,7.0,1.463966017622675,0.0,0.0,97.9,0.0,0.0,0.0,0.0,900.0,34366.0,142.0,1,0,0.545531197301855,230.1673304359235,539.5,0.0,0.0,0.0,0.0,2
718.0,2.0,0.6092031256999206,0.0,0.0,0.0,0.0,0.0,300.0,6.0,0.8964438596767372,0.0,0.0,98.66666666666669,0.0,0.0,0.0,0.0,500.0,394.0,80.0,2,0,0.545531197301855,230.68015374828616,540.0,0.0,0.0,0.0,0.0,2
718.0,4.0,0.7698426196664497,0.0,0.0,0.0,0.0,0.0,356.0,6.0,0.9653050861169514,0.0,0.0,89.71428571428571,0.0,0.0,0.0,0.0,200.0,20976.0,50.0,3,0,0.545531197301855,1.1547005382087754,717.0,0.0,0.0,0.0,0.0,4
710.0,1.0,-1.000088900581841e-12,0.0,0.0,0.0,0.0,0.0,6.0,2.0,0.6365141682928128,0.0,0.0,83.83333333333333,0.0,0.0,0.0,0.0,0.0,0.0,0.0,4,0,0.545531197301855,4.123105625569916,713.5,0.0,0.0,0.0,0.0,2
0.0,0.0,0.0,0.0,0.0,0.0,0.0,0.0,36.0,3.0,0.7867012379139144,0.0,0.0,82.33333333333333,0.0,0.0,0.0,0.0,0.0,0.0,0.0,5,0,0.545531197301855,404.22765862815424,360.0,0.0,0.0,0.0,0.0,2
0.0,0.0,0.0,0.0,0.0,0.0,0.0,0.0,4.0,2.0,0.6931471805579453,0.0,0.0,79.5,50.0,0.0,0.0,0.0,0.0,0.0,0.0,6,0,0.545531197301855,9.99999999997898,5.0,0.0,0.0,0.0,0.0,2
0.0,0.0,0.0,0.0,0.0,0.0,0.0,0.0,46.0,4.0,1.0844458991330888,0.0,0.0,78.0,0.0,0.0,0.0,0.0,0.0,0.0,0.0,7,0,0.545531197301855,0.0,0.0,0.0,0.0,0.0,0.0,2
706.0,1.0,-1.000088900581841e-12,0.0,0.0,0.0,0.0,0.0,44.0,5.0,1.1839637727194874,0.0,0.0,76.16666666666667,0.0,0.0,0.0,0.0,100.0,0.0,0.0,8,1,0.545531197301855,407.0327587144138,352.5,0.0,0.0,0.0,0.0,2
708.0,1.0,-1.000088900581841e-12,0.0,0.0,0.0,0.0,0.0,56.0,4.0,0.8084472856551985,0.0,0.0,72.85714285714286,0.0,0.0,0.0,0.0,300.0,0.0,0.0,9,1,0.545531197301855,1.914854215402914,705.5,0.0,0.0,0.0,0.0,2
706.0,5.0,1.1073856268042508,0.0,0.0,0.0,58.0,0.0,728.0,13.0,1.6494158539198225,0.0,0.0,66.66666666666667,0.0,0.0,0.0,0.0,1100.0,3108.0,102.0,10,1,0.545531197301855,2.5819888973902096,707.0,0.0,0.0,29.0,14.5,1
712.0,10.0,1.3712580627859712,0.0,0.0,0.0,0.0,0.0,136.0,14.0,2.0461501957144246,0.0,0.0,53.46153846153846,0.0,0.0,0.0,0.0,200.0,13796.0,36.0,11,1,0.545531197301855,2.828427124671874,710.0,0.0,0.0,27.58622844826744,17.5,2
714.0,4.0,0.6285921522900811,0.0,0.0,0.0,0.0,0.0,282.0,8.0,1.2663650906176689,0.0,0.0,39.18181818181818,0.0,0.0,0.0,0.0,400.0,534.0,50.0,12,1,0.545531197301855,1.154700538197248,713.0,0.0,0.0,5.999999999999974,3.0,2
710.0,5.0,0.9178796296854744,0.0,0.0,0.0,0.0,0.0,104.0,9.0,1.513109859138445,0.0,0.0,25.94736842105263,0.0,0.0,0.0,0.0,424.0,10674.0,48.0,13,1,0.545531197301855,2.309401076667501,712.0,0.0,0.0,0.0,0.0,2
536.0,10.0,1.3232649716251608,0.0,0.0,0.0,0.0,0.0,84.0,11.0,1.9116813213102963,0.0,100.0,25.227272727272727,0.0,0.0,0.0,0.0,212.0,13842.0,46.0,14,1,0.545531197301855,86.04649905719337,665.0,0.0,0.0,0.0,0.0,1
708.0,5.0,0.5149818685614156,0.0,0.0,0.0,0.0,0.0,734.0,12.0,1.5929125202311785,0.0,0.0,40.833333333333336,0.0,0.0,0.0,0.0,1696.0,4332.0,150.0,15,1,0.545531197301855,86.43109008529808,665.5,0.0,0.0,12.999999999999988,6.5,1
714.0,3.0,0.2799456250244483,0.0,0.0,0.0,38.0,0.0,104.0,11.0,1.7041677217717406,0.0,0.0,29.925925925925927,0.0,0.0,0.0,0.0,106.0,522.0,30.0,16,1,0.545531197301855,5.744562646501404,709.5,0.0,0.0,19.11369491577526,16.0,2
714.0,2.0,0.4702873454274438,0.0,0.0,0.0,0.0,0.0,58.0,8.0,1.2947708752363347,0.0,0.0,47.36666666666667,0.0,0.0,0.0,0.0,212.0,2764.0,48.0,17,1,0.545531197301855,13.266499161405743,704.0,0.0,0.0,19.0,9.5,2
706.0,6.0,1.171548636618633,0.0,0.0,0.0,0.0,0.0,122.0,9.0,1.8399438472881384,0.0,236.0,80.28571428571429,0.0,0.0,0.0,0.0,2228.0,12870.0,140.0,18,1,0.545531197301855,11.775681155085929,702.0,0.0,0.0,0.0,0.0,2
708.0,6.0,1.1263399805798862,0.0,0.0,0.0,60.0,0.0,154.0,7.0,1.1722295985463504,0.0,0.0,82.83333333333333,0.0,0.0,0.0,0.0,472.0,17014.0,152.0,19,1,0.545531197301855,2.828427124671777,706.0,0.0,0.0,30.0,15.0,2
712.0,2.0,0.5801045201385857,0.0,0.0,0.0,0.0,0.0,32.0,7.0,1.6886993130217194,0.0,0.0,70.48,0.0,0.0,0.0,0.0,118.0,780.0,0.0,20,1,0.545531197301855,2.516611478339932,708.5,0.0,0.0,59.19459434779497,46.0,1
708.0,3.0,0.3313812307726561,0.0,0.0,0.0,0.0,0.0,144.0,6.0,1.29447658759284,0.0,0.0,55.8,0.0,0.0,0.0,0.0,472.0,5976.0,124.0,21,0,0.545531197301855,2.999999999929833,709.5,0.0,0.0,62.0,31.0,2
708.0,9.0,1.2555875480847054,0.0,0.0,0.0,0.0,0.0,116.0,7.0,1.3734372007900302,0.0,0.0,47.333333333333336,0.0,0.0,0.0,0.0,236.0,3952.0,54.0,22,0,0.545531197301855,3.265986323646449,708.0,0.0,0.0,39.0,19.5,2
708.0,6.0,1.4465658414899114,0.0,0.0,0.0,0.0,0.0,62.0,11.0,2.018978382576448,0.0,0.0,27.56,0.0,0.0,0.0,0.0,242.0,4366.0,76.0,23,0,0.545531197301855,5.033222956805346,709.0,0.0,0.0,39.0,19.5,2
460.0,4.0,0.9586341324039692,0.0,0.0,0.0,0.0,0.0,98.0,8.0,1.530696609423085,0.0,110.0,23.36842105263158,0.0,0.0,0.0,0.0,0.0,10702.0,0.0,0,0,0.545531197301855,118.8766868089208,629.5,0.0,0.0,0.0,0.0,3
468.0,1.0,-1.000088900581841e-12,0.0,0.0,0.0,0.0,0.0,310.0,5.0,0.7491100926335935,0.0,0.0,46.6,0.0,0.0,0.0,0.0,0.0,24.0,0.0,1,0,0.545531197301855,124.83989746871622,568.5,0.0,0.0,0.0,0.0,1
0.0,0.0,0.0,0.0,0.0,0.0,0.0,0.0,230.0,7.0,1.1540640784478091,0.0,0.0,75.2,0.0,0.0,0.0,0.0,0.0,0.0,0.0,2,0,0.545531197301855,354.9028035955754,295.0,0.0,0.0,0.0,0.0,2
0.0,0.0,0.0,0.0,0.0,0.0,0.0,0.0,930.0,7.0,0.721645702726397,0.0,0.0,100.0,0.0,0.0,0.0,0.0,0.0,0.0,0.0,3,0,0.545531197301855,0.0,0.0,0.0,0.0,0.0,0.0,1
0.0,0.0,0.0,0.0,0.0,0.0,0.0,0.0,4.0,1.0,-1.000088900581841e-12,0.0,0.0,100.0,0.0,0.0,0.0,0.0,0.0,0.0,0.0,4,0,0.545531197301855,0.0,0.0,0.0,0.0,0.0,0.0,2
0.0,0.0,0.0,0.0,0.0,0.0,0.0,0.0,10.0,2.0,0.6730116670072565,0.0,0.0,100.0,0.0,0.0,0.0,0.0,0.0,0.0,0.0,5,0,0.545531197301855,0.0,0.0,0.0,0.0,0.0,0.0,2
0.0,0.0,0.0,0.0,0.0,0.0,0.0,0.0,20.0,3.0,0.6390318596471769,0.0,0.0,100.0,0.0,0.0,0.0,0.0,0.0,0.0,0.0,6,0,0.545531197301855,0.0,0.0,0.0,0.0,0.0,0.0,2
0.0,0.0,0.0,0.0,0.0,0.0,0.0,0.0,20.0,3.0,0.9502705392302344,0.0,0.0,100.0,0.0,0.0,0.0,0.0,0.0,0.0,0.0,7,0,0.545531197301855,0.0,0.0,0.0,0.0,0.0,0.0,2
708.0,1.0,-1.000088900581841e-12,0.0,0.0,0.0,0.0,0.0,38.0,6.0,1.5663734603256574,0.0,0.0,99.0,0.0,0.0,0.0,0.0,248.0,0.0,0.0,8,1,0.545531197301855,408.18745693614784,353.5,0.0,0.0,0.0,0.0,2
704.0,1.0,-1.000088900581841e-12,0.0,0.0,0.0,0.0,0.0,14.0,2.0,0.410116318286409,0.0,0.0,97.0,0.0,0.0,0.0,0.0,248.0,0.0,0.0,9,1,0.545531197301855,1.914854215397848,706.5,0.0,0.0,0.0,0.0,2
708.0,11.0,1.746889914079918,0.0,0.0,0.0,0.0,0.0,208.0,14.0,1.7310099295966437,0.0,0.0,87.96,0.0,0.0,0.0,0.0,124.0,24224.0,20.0,10,1,0.545531197301855,1.914854215397848,706.5,0.0,0.0,0.0,0.0,2
714.0,6.0,0.4250210341874294,0.0,0.0,0.0,0.0,0.0,32.0,6.0,1.5808185358533016,0.0,0.0,72.46666666666667,0.0,0.0,0.0,0.0,0.0,3000.0,0.0,11,1,0.545531197301855,3.785938897142117,708.5,0.0,0.0,135.0,67.5,2
710.0,1.0,-1.000088900581841e-12,0.0,0.0,0.0,0.0,0.0,218.0,5.0,0.766428447305745,0.0,0.0,58.75,0.0,0.0,0.0,0.0,130.0,0.0,0.0,12,1,0.545531197301855,3.4156502552555,710.5,0.0,0.0,135.0,67.5,2
456.0,2.0,0.25409251585462,0.0,0.0,0.0,0.0,0.0,474.0,8.0,1.5548043205293922,0.0,0.0,51.6,84.0,0.0,0.0,0.0,390.0,23184.0,104.0,13,1,0.545531197301855,153.83974345618958,578.0,0.0,0.0,0.0,0.0,2
286.0,1.0,-1.000088900581841e-12,0.0,0.0,0.0,0.0,0.0,92.0,10.0,1.7635251097529672,0.0,0.0,46.16666666666666,0.0,0.0,0.0,0.0,260.0,0.0,0.0,14,1,0.545531197301855,176.01041635842532,471.5,0.0,0.0,0.0,0.0,2
708.0,5.0,1.3662907622755516,0.0,0.0,0.0,54.0,0.0,214.0,12.0,1.862476243081736,0.0,0.0,39.3125,0.0,0.0,0.0,0.0,780.0,8946.0,54.0,15,1,0.545531197301855,263.33755270881176,482.0,0.0,0.0,27.0,13.5,2
706.0,2.0,0.4374081705132511,0.0,0.0,0.0,0.0,0.0,18.0,5.0,1.5229550675263184,0.0,0.0,26.466666666666665,0.0,0.0,0.0,0.0,0.0,298.0,0.0,16,1,0.545531197301855,241.3351749469319,586.0,0.0,0.0,26.40075756488817,21.5,2
708.0,3.0,0.7043152603966173,0.0,0.0,0.0,68.0,0.0,318.0,11.0,1.779046120179271,0.0,0.0,19.125,0.0,0.0,0.0,0.0,780.0,690.0,80.0,17,1,0.545531197301855,2.516611478336197,705.5,0.0,0.0,32.39341496868358,25.0,1
652.0,4.0,0.369358257568089,0.0,0.0,0.0,0.0,0.0,134.0,7.0,1.4060062682647116,0.0,0.0,25.0,0.0,0.0,0.0,0.0,0.0,5336.0,0.0,18,1,0.545531197301855,170.52468052063966,603.0,0.0,0.0,32.08322510804257,22.0,2
714.0,7.0,1.5169397410682894,0.0,0.0,0.0,0.0,0.0,320.0,8.0,1.7181546896041158,0.0,0.0,49.3,0.0,0.0,0.0,0.0,130.0,7618.0,42.0,19,1,0.545531197301855,174.54703282114602,608.0,0.0,0.0,9.999999999999996,5.0,2
710.0,3.0,0.274362191445757,0.0,0.0,0.0,0.0,0.0,426.0,16.0,1.999473406940708,0.0,0.0,81.76666666666667,0.0,0.0,0.0,0.0,670.0,12342.0,40.0,20,1,0.545531197301855,3.6514837166407377,712.0,0.0,0.0,0.0,0.0,2
710.0,5.0,0.6135264724171453,0.0,0.0,0.0,0.0,0.0,108.0,5.0,1.2918697458326436,0.0,0.0,89.28571428571429,0.0,0.0,0.0,0.0,1876.0,6656.0,202.0,21,0,0.545531197301855,1.914854215397531,708.5,0.0,0.0,0.0,0.0,2
704.0,1.0,-1.000088900581841e-12,0.0,0.0,0.0,0.0,0.0,18.0,2.0,0.6869615765953234,0.0,0.0,87.33333333333333,0.0,0.0,0.0,0.0,0.0,0.0,0.0,22,0,0.545531197301855,2.5819888973862173,707.0,0.0,0.0,0.0,0.0,1
712.0,3.0,0.9673511069670742,0.0,0.0,0.0,0.0,0.0,34.0,6.0,1.680767983705968,0.0,0.0,80.6842105263158,0.0,0.0,0.0,0.0,134.0,814.0,14.0,23,0,0.545531197301855,3.4156502552553145,707.5,0.0,0.0,0.0,0.0,2
710.0,1.0,-1.000088900581841e-12,0.0,0.0,0.0,0.0,0.0,22.0,3.0,1.0900596587077838,0.0,0.0,68.36666666666666,0.0,0.0,0.0,0.0,0.0,926.0,0.0,0,0,0.545531197301855,2.5819888973862284,709.0,0.0,0.0,0.0,0.0,1
714.0,8.0,1.215512990768108,0.0,0.0,0.0,68.0,0.0,94.0,6.0,1.1949647385647637,0.0,0.0,51.73333333333333,0.0,0.0,0.0,0.0,678.0,9870.0,50.0,1,0,0.545531197301855,26.451212952645967,697.5,0.0,0.0,34.0,17.0,2
0.0,0.0,0.0,0.0,0.0,0.0,0.0,0.0,0.0,0.0,0.0,0.0,0.0,25.33333333333333,0.0,0.0,0.0,0.0,0.0,0.0,0.0,5,0,0.545531197301855,0.0,0.0,0.0,0.0,0.0,0.0,2
0.0,0.0,0.0,0.0,0.0,0.0,0.0,0.0,14.0,4.0,1.277034259462139,0.0,0.0,22.5,0.0,0.0,0.0,0.0,0.0,0.0,0.0,6,0,0.545531197301855,0.0,0.0,0.0,0.0,0.0,0.0,2
0.0,0.0,0.0,0.0,0.0,0.0,0.0,0.0,32.0,6.0,1.700164942408579,0.0,0.0,20.166666666666668,0.0,0.0,0.0,0.0,0.0,0.0,0.0,7,0,0.545531197301855,0.0,0.0,0.0,0.0,0.0,0.0,2
706.0,1.0,-1.000088900581841e-12,0.0,0.0,0.0,0.0,0.0,18.0,3.0,0.8486855577234171,0.0,0.0,17.5,0.0,0.0,0.0,0.0,146.0,0.0,0.0,8,1,0.545531197301855,406.4578698955152,352.0,0.0,0.0,0.0,0.0,2
694.0,4.0,0.2985664007505505,0.0,0.0,0.0,0.0,0.0,64.0,7.0,1.5572527100338671,0.0,0.0,42.93333333333333,0.0,0.0,0.0,0.0,0.0,4110.0,0.0,10,1,0.545531197301855,318.4603586005636,535.5,0.0,0.0,0.0,0.0,2
706.0,3.0,0.6126205045966674,0.0,0.0,0.0,58.0,0.0,40.0,8.0,1.8775242811413908,0.0,0.0,65.54545454545455,0.0,0.0,0.0,0.0,592.0,4354.0,134.0,11,1,0.545531197301855,9.712534856199664,696.5,0.0,0.0,29.0,14.5,1
224.0,1.0,-1.000088900581841e-12,0.0,0.0,0.0,64.0,0.0,132.0,5.0,0.6528825418846166,0.0,0.0,65.0,0.0,0.0,0.0,0.0,296.0,46.0,30.0,12,1,0.545531197301855,240.6795933739839,585.0,0.0,0.0,35.303446479534166,30.5,1
704.0,6.0,1.0079346696442868,0.0,0.0,0.0,134.0,0.0,198.0,11.0,1.7557578281629012,0.0,0.0,55.69565217391305,0.0,0.0,0.0,0.0,592.0,15574.0,34.0,13,1,0.545531197301855,232.730888939707,570.5,0.0,0.0,63.90357319169771,49.5,1
706.0,3.0,0.3105002837620715,0.0,0.0,0.0,0.0,0.0,282.0,10.0,1.5052386203666956,0.0,0.0,73.38461538461539,0.0,0.0,0.0,0.0,1628.0,854.0,110.0,14,1,0.545531197301855,29.04594062285176,689.5,0.0,0.0,64.77396596370077,37.5,1
702.0,3.0,1.014445285800593,0.0,0.0,0.0,0.0,0.0,100.0,18.0,2.507925678608014,0.0,0.0,65.66666666666667,0.0,0.0,0.0,0.0,1184.0,0.0,34.0,15,1,0.545531197301855,3.829708430968356,705.0,0.0,0.0,8.000000000000025,4.0,1
702.0,4.0,0.5497967596785291,0.0,0.0,0.0,0.0,0.0,118.0,2.0,0.3287912026557399,0.0,0.0,58.85714285714285,0.0,0.0,0.0,0.0,740.0,1590.0,110.0,16,1,0.545531197301855,3.785938897142533,704.5,0.0,0.0,0.0,0.0,1
676.0,7.0,1.4381820340186222,0.0,0.0,0.0,0.0,0.0,534.0,7.0,0.885645610199642,0.0,0.0,47.55555555555556,0.0,0.0,0.0,0.0,3450.0,3404.0,614.0,17,1,0.545531197301855,14.094916341228496,697.0,0.0,0.0,0.0,0.0,1
710.0,4.0,1.251354403495012,0.0,0.0,0.0,0.0,0.0,298.0,8.0,1.5183801472012606,0.0,0.0,35.54545454545455,0.0,0.0,0.0,0.0,750.0,16658.0,114.0,18,1,0.545531197301855,16.44181660683809,700.5,0.0,0.0,0.0,0.0,2
698.0,5.0,0.921435016592787,0.0,0.0,0.0,0.0,0.0,104.0,8.0,1.8723139678405665,0.0,0.0,20.83333333333333,0.0,0.0,0.0,0.0,600.0,2202.0,44.0,19,1,0.545531197301855,5.999999999963626,707.0,0.0,0.0,0.0,0.0,1
704.0,6.0,1.4591708068579738,0.0,0.0,0.0,0.0,0.0,258.0,7.0,1.1479100050003643,0.0,0.0,29.266666666666666,0.0,0.0,0.0,0.0,150.0,20864.0,58.0,20,1,0.545531197301855,128.09371569284562,640.0,0.0,0.0,0.0,0.0,1
706.0,8.0,1.5295388727910777,0.0,0.0,0.0,40.0,0.0,90.0,10.0,1.8845781674042013,0.0,0.0,22.785714285714285,0.0,0.0,0.0,0.0,450.0,15998.0,50.0,21,0,0.545531197301855,129.35738607954667,642.0,0.0,0.0,24.946609656090217,21.5,1
702.0,4.0,0.8736460914846959,0.0,0.0,0.0,54.0,0.0,294.0,8.0,1.477809859190105,0.0,142.0,31.863636363636363,0.0,0.0,0.0,0.0,1106.0,1422.0,72.0,23,0,0.545531197301855,217.191160041102,519.0,0.0,0.0,23.572582944316203,28.5,2
398.0,3.0,0.1837289664285602,0.0,0.0,0.0,0.0,0.0,60.0,6.0,1.6029844743307269,0.0,0.0,51.13333333333333,0.0,0.0,0.0,0.0,158.0,2168.0,22.0,0,0,0.545531197301855,216.8401869272996,525.5,0.0,0.0,25.475478405714004,18.5,1
0.0,0.0,0.0,0.0,0.0,0.0,0.0,0.0,14.0,3.0,1.0789922078745833,0.0,0.0,97.0,0.0,0.0,0.0,0.0,0.0,0.0,0.0,7,0,0.545531197301855,0.0,0.0,0.0,0.0,0.0,0.0,2
710.0,1.0,-1.000088900581841e-12,0.0,0.0,0.0,0.0,0.0,78.0,4.0,0.7360546557063419,0.0,0.0,95.5,0.0,0.0,0.0,0.0,162.0,0.0,0.0,8,1,0.545531197301855,409.3421551709518,354.5,0.0,0.0,0.0,0.0,2
708.0,3.0,0.8246964920497936,0.0,0.0,0.0,0.0,0.0,44.0,8.0,1.897748529400187,0.0,0.0,92.54545454545456,0.0,0.0,0.0,0.0,486.0,1580.0,50.0,9,1,0.545531197301855,0.9999999997995036,708.5,0.0,0.0,0.0,0.0,2
704.0,1.0,-1.000088900581841e-12,0.0,0.0,0.0,0.0,0.0,26.0,6.0,1.7118451352279118,0.0,0.0,80.73333333333333,0.0,0.0,0.0,0.0,0.0,1428.0,0.0,10,1,0.545531197301855,2.5166114783439064,707.5,0.0,0.0,0.0,0.0,2
714.0,3.0,0.4239033126762586,0.0,0.0,0.0,0.0,0.0,32.0,4.0,1.157373298218901,0.0,0.0,66.92307692307692,0.0,0.0,0.0,0.0,162.0,4292.0,32.0,11,1,0.545531197301855,4.123105625569027,709.5,0.0,0.0,0.0,0.0,2
712.0,11.0,1.4977935801001034,0.0,0.0,0.0,0.0,0.0,220.0,11.0,1.662873641017276,0.0,0.0,47.77777777777778,0.0,0.0,0.0,0.0,162.0,44874.0,24.0,12,1,0.545531197301855,1.6329931617326503,712.0,0.0,0.0,0.0,0.0,2
700.0,1.0,-1.000088900581841e-12,0.0,0.0,0.0,0.0,0.0,52.0,6.0,1.442431720392448,0.0,0.0,39.833333333333336,0.0,0.0,0.0,0.0,0.0,0.0,0.0,13,1,0.545531197301855,6.928203230246558,706.0,0.0,0.0,0.0,0.0,2
0.0,0.0,0.0,0.0,0.0,0.0,0.0,0.0,42.0,7.0,1.6083949200475278,0.0,0.0,35.833333333333336,0.0,0.0,0.0,0.0,0.0,0.0,0.0,14,1,0.545531197301855,404.1451884327376,350.0,0.0,0.0,0.0,0.0,2
546.0,3.0,0.9951953776246772,0.0,0.0,0.0,32.0,0.0,40.0,6.0,1.4616359728074235,0.0,0.0,19.83333333333333,0.0,0.0,0.0,0.0,162.0,19680.0,54.0,15,1,0.545531197301855,358.81471541730224,307.0,0.0,0.0,22.47962040011649,19.0,2
0.0,0.0,0.0,0.0,0.0,0.0,110.0,0.0,0.0,0.0,0.0,0.0,0.0,0.0,0.0,0.0,0.0,0.0,160.0,504.0,32.0,16,1,0.545531197301855,358.81471541730224,307.0,0.0,0.0,41.85689907291271,74.0,2
706.0,6.0,0.471273673899215,0.0,0.0,0.0,0.0,0.0,66.0,6.0,1.420536538629309,0.0,0.0,33.766666666666666,0.0,0.0,0.0,0.0,0.0,7102.0,0.0,17,1,0.545531197301855,358.52661453974787,302.0,0.0,0.0,53.15072906367325,67.5,2
714.0,8.0,0.5787632910639084,0.0,0.0,0.0,0.0,0.0,234.0,14.0,1.710470977679209,0.0,0.0,72.86666666666666,0.0,0.0,0.0,0.0,162.0,2132.0,42.0,18,1,0.545531197301855,104.38869670610698,658.5,0.0,0.0,25.00000000000001,12.5,2
710.0,2.0,0.6922542347183889,0.0,0.0,0.0,0.0,0.0,68.0,9.0,1.9849308446657787,0.0,0.0,99.76666666666668,0.0,0.0,0.0,0.0,492.0,54.0,20.0,19,1,0.545531197301855,1.914854215406704,711.5,0.0,0.0,0.0,0.0,2
712.0,1.0,-1.000088900581841e-12,0.0,0.0,0.0,0.0,0.0,8.0,2.0,0.5623351446168083,0.0,0.0,100.0,0.0,0.0,0.0,0.0,166.0,0.0,0.0,20,1,0.545531197301855,1.632993161731206,710.0,0.0,0.0,0.0,0.0,2
710.0,6.0,1.1649109371484747,0.0,0.0,0.0,0.0,0.0,104.0,6.0,1.2325631591645578,0.0,0.0,95.92307692307692,0.0,0.0,0.0,0.0,1680.0,7034.0,84.0,21,0,0.545531197301855,1.9148542154067187,709.5,0.0,0.0,27.00000000000001,13.5,2
708.0,3.0,0.5120595333144089,0.0,0.0,0.0,0.0,0.0,26.0,4.0,1.3061066090813949,0.0,0.0,91.0,0.0,0.0,0.0,0.0,672.0,440.0,62.0,22,0,0.545531197301855,1.632993161731206,708.0,0.0,0.0,27.00000000000001,13.5,2
698.0,2.0,0.0196379309066819,0.0,0.0,0.0,0.0,0.0,28.0,5.0,1.4944032113746122,0.0,0.0,79.86666666666666,0.0,0.0,0.0,0.0,0.0,2344.0,0.0,23,0,0.545531197301855,4.760952285652605,703.0,0.0,0.0,0.0,0.0,2
704.0,7.0,1.3702437036123014,0.0,0.0,0.0,0.0,0.0,226.0,8.0,1.3541708064466973,0.0,0.0,67.42857142857143,0.0,0.0,0.0,0.0,504.0,6318.0,86.0,0,0,0.545531197301855,3.651483716645533,702.0,0.0,0.0,0.0,0.0,2
698.0,4.0,0.5619202479286274,0.0,0.0,0.0,0.0,0.0,492.0,14.0,1.235743025439814,0.0,0.0,58.0,0.0,0.0,0.0,0.0,168.0,6008.0,12.0,1,0,0.545531197301855,4.999999999959424,704.5,0.0,0.0,0.0,0.0,2
384.0,1.0,-1.000088900581841e-12,0.0,0.0,0.0,0.0,0.0,226.0,2.0,0.4384940457529747,0.0,0.0,50.333333333333336,174.0,0.0,0.0,0.0,696.0,0.0,0.0,2,0,0.545531197301855,161.45174717749654,626.0,0.0,0.0,0.0,0.0,3
616.0,1.0,-1.000088900581841e-12,0.0,0.0,0.0,0.0,0.0,320.0,6.0,1.189867958397249,0.0,0.0,44.642857142857146,0.0,0.0,0.0,0.0,522.0,9758.0,46.0,3,0,0.545531197301855,316.8175079337203,428.0,0.0,0.0,0.0,0.0,3
712.0,1.0,-1.000088900581841e-12,0.0,0.0,0.0,0.0,0.0,234.0,3.0,0.6011392312686984,0.0,0.0,39.16666666666666,0.0,0.0,0.0,0.0,352.0,0.0,0.0,4,0,0.545531197301855,342.6071608514134,509.5,0.0,0.0,0.0,0.0,2
22.0,2.0,0.4741393130558373,0.0,0.0,0.0,0.0,0.0,276.0,5.0,1.0792860117917218,0.0,0.0,34.36363636363637,0.0,0.0,0.0,0.0,176.0,1724.0,12.0,5,0,0.545531197301855,390.989769687136,372.5,0.0,0.0,0.0,0.0,4
700.0,2.0,0.4490251405556577,0.0,0.0,0.0,56.0,0.0,50.0,5.0,1.067079685698125,0.0,0.0,22.066666666666663,0.0,0.0,0.0,0.0,0.0,2512.0,0.0,6,0,0.545531197301855,385.7978745405418,368.0,0.0,0.0,28.00000000000001,14.0,5
706.0,1.0,-1.000088900581841e-12,0.0,0.0,0.0,0.0,0.0,80.0,4.0,0.7241180912217424,0.0,0.0,38.5,0.0,0.0,0.0,0.0,0.0,0.0,0.0,7,0,0.545531197301855,6.191391873638093,700.5,0.0,0.0,45.18111699961981,37.0,4
0.0,0.0,0.0,0.0,0.0,0.0,0.0,0.0,40.0,3.0,0.7305880613681224,0.0,0.0,91.43333333333334,0.0,0.0,0.0,0.0,0.0,0.0,0.0,8,1,0.545531197301855,331.2094000276355,449.5,0.0,0.0,46.00000000000001,23.0,3
0.0,0.0,0.0,0.0,0.0,0.0,0.0,0.0,6.0,2.0,0.6365141682928128,0.0,0.0,100.0,0.0,0.0,0.0,0.0,0.0,0.0,0.0,9,1,0.545531197301855,199.99999999999915,100.0,0.0,0.0,0.0,0.0,3
0.0,0.0,0.0,0.0,0.0,0.0,0.0,0.0,4.0,1.0,-1.000088900581841e-12,0.0,0.0,100.0,0.0,0.0,0.0,0.0,180.0,0.0,0.0,10,1,0.545531197301855,0.0,0.0,0.0,0.0,0.0,0.0,2
0.0,0.0,0.0,0.0,0.0,0.0,0.0,0.0,18.0,4.0,1.1490596969666202,0.0,0.0,100.0,0.0,0.0,0.0,0.0,180.0,0.0,0.0,11,1,0.545531197301855,0.0,0.0,0.0,0.0,0.0,0.0,2
198.0,4.0,0.6977000851708289,0.0,0.0,0.0,0.0,0.0,36.0,9.0,1.8735105206365308,0.0,166.0,100.0,0.0,0.0,0.0,0.0,360.0,10222.0,34.0,12,1,0.545531197301855,98.99999999999828,49.5,0.0,0.0,0.0,0.0,2
710.0,14.0,1.987793616537656,0.0,0.0,0.0,0.0,0.0,146.0,14.0,1.9244324524896368,0.0,0.0,99.5,0.0,0.0,0.0,0.0,364.0,41656.0,20.0,13,1,0.545531197301855,363.6005133843088,406.0,0.0,0.0,0.0,0.0,2
702.0,5.0,0.7328337872516639,0.0,0.0,0.0,0.0,0.0,182.0,9.0,1.2311461929870544,0.0,0.0,90.36363636363636,0.0,0.0,0.0,0.0,376.0,18282.0,104.0,14,1,0.545531197301855,8.062257748275687,706.5,0.0,0.0,0.0,0.0,2
700.0,4.0,0.8690652257247871,0.0,0.0,0.0,0.0,0.0,66.0,9.0,1.9333918632709408,0.0,0.0,81.3,0.0,0.0,0.0,0.0,0.0,10232.0,0.0,15,1,0.545531197301855,4.3204937988959085,702.0,0.0,0.0,49.00000000000001,24.5,2
706.0,2.0,0.1483637947467778,0.0,0.0,0.0,0.0,0.0,20.0,4.0,1.2798542258296677,0.0,0.0,70.25,0.0,0.0,0.0,0.0,188.0,528.0,0.0,16,1,0.545531197301855,4.999999999963124,706.5,0.0,0.0,49.00000000000001,24.5,2
706.0,4.0,1.0014706778701583,0.0,0.0,0.0,0.0,0.0,116.0,10.0,1.87395133707616,0.0,0.0,64.57142857142857,0.0,0.0,0.0,0.0,1136.0,1432.0,24.0,17,1,0.545531197301855,4.89897948552872,706.0,0.0,0.0,0.0,0.0,2
690.0,4.0,1.0990391029623523,0.0,0.0,0.0,0.0,0.0,352.0,11.0,1.6851081596800987,0.0,0.0,50.0,0.0,0.0,0.0,0.0,1140.0,338.0,124.0,18,1,0.545531197301855,8.08290376863194,701.0,0.0,0.0,28.00000000000001,14.0,2
714.0,8.0,0.9596200220324824,0.0,0.0,0.0,0.0,0.0,392.0,12.0,1.5648809862632729,0.0,0.0,40.294117647058826,0.0,0.0,0.0,0.0,760.0,14566.0,18.0,19,1,0.545531197301855,10.392304845395511,705.0,0.0,0.0,28.00000000000001,14.0,2
708.0,2.0,0.6304777502125518,0.0,0.0,0.0,0.0,0.0,62.0,5.0,1.165271271814263,0.0,0.0,25.33333333333333,0.0,0.0,0.0,0.0,0.0,1350.0,0.0,20,1,0.545531197301855,2.999999999938473,710.5,0.0,0.0,18.000000000000018,9.0,2
20.0,1.0,-1.000088900581841e-12,0.0,0.0,0.0,0.0,0.0,2.0,1.0,-1.000088900581841e-12,0.0,0.0,16.0,0.0,0.0,0.0,0.0,1128.0,12214.0,82.0,21,0,0.545531197301855,343.0505307774152,534.5,0.0,0.0,18.000000000000018,9.0,2
0.0,0.0,0.0,0.0,0.0,0.0,0.0,0.0,0.0,0.0,0.0,0.0,168.0,0.0,0.0,0.0,0.0,0.0,188.0,32022.0,68.0,22,0,0.545531197301855,345.7952187832171,179.5,0.0,0.0,0.0,0.0,2
690.0,7.0,1.2788261762409563,0.0,0.0,0.0,0.0,0.0,100.0,9.0,1.8151388878470056,0.0,0.0,30.607142857142858,0.0,0.0,0.0,0.0,190.0,15778.0,32.0,23,0,0.545531197301855,328.79172738984727,254.0,0.0,0.0,0.0,0.0,2
704.0,3.0,0.7843649749766473,0.0,0.0,0.0,0.0,0.0,130.0,9.0,1.6693163162704745,0.0,0.0,60.1,0.0,0.0,0.0,0.0,194.0,5830.0,0.0,0,0,0.545531197301855,186.78329689776768,606.0,0.0,0.0,0.0,0.0,2
704.0,6.0,0.9920290460936022,0.0,0.0,0.0,80.0,0.0,46.0,4.0,1.2123562324827075,0.0,0.0,64.57142857142857,0.0,0.0,0.0,0.0,194.0,6130.0,74.0,1,0,0.545531197301855,1.999999999905763,705.0,0.0,0.0,40.00000000000001,20.0,2
708.0,7.0,0.6847397373888477,0.0,0.0,0.0,58.0,0.0,136.0,4.0,0.5893917929339253,0.0,0.0,51.266666666666666,0.0,0.0,0.0,0.0,392.0,7526.0,14.0,2,0,0.545531197301855,2.5166114783486724,707.5,0.0,0.0,40.83707465853384,34.5,2
446.0,1.0,-1.000088900581841e-12,0.0,0.0,0.0,0.0,0.0,2.0,1.0,-1.000088900581841e-12,0.0,0.0,48.0,122.0,0.0,0.0,0.0,0.0,0.0,0.0,3,0,0.545531197301855,131.01017772168044,642.5,0.0,0.0,29.00000000000001,14.5,2
0.0,0.0,0.0,0.0,0.0,0.0,0.0,0.0,20.0,3.0,0.9433483923260392,0.0,0.0,46.66666666666666,142.0,0.0,0.0,0.0,0.0,0.0,0.0,4,0,0.545531197301855,349.08260722451683,288.0,0.0,0.0,0.0,0.0,2
0.0,0.0,0.0,0.0,0.0,0.0,0.0,0.0,0.0,0.0,0.0,0.0,0.0,45.0,0.0,0.0,0.0,0.0,0.0,0.0,0.0,5,0,0.545531197301855,0.0,0.0,0.0,0.0,0.0,0.0,2
0.0,0.0,0.0,0.0,0.0,0.0,0.0,0.0,4.0,2.0,0.6931471805579453,0.0,0.0,42.5,0.0,0.0,0.0,0.0,0.0,0.0,0.0,6,0,0.545531197301855,0.0,0.0,0.0,0.0,0.0,0.0,2
354.0,1.0,-1.000088900581841e-12,0.0,0.0,0.0,0.0,0.0,20.0,2.0,0.5004024235361879,0.0,0.0,40.333333333333336,0.0,0.0,0.0,0.0,196.0,0.0,0.0,7,0,0.545531197301855,176.99999999999895,88.5,0.0,0.0,0.0,0.0,2
702.0,1.0,-1.000088900581841e-12,0.0,0.0,0.0,0.0,0.0,16.0,2.0,0.5623351446168083,0.0,0.0,37.66666666666666,0.0,0.0,0.0,0.0,196.0,0.0,0.0,8,1,0.545531197301855,336.3212749737959,440.0,0.0,0.0,0.0,0.0,2
706.0,6.0,0.9121392802630156,0.0,0.0,0.0,0.0,0.0,56.0,9.0,2.0788659159738208,0.0,0.0,32.44444444444444,0.0,0.0,0.0,0.0,588.0,4542.0,64.0,9,1,0.545531197301855,1.9148542154189487,704.5,0.0,0.0,0.0,0.0,2
300.0,3.0,0.3994713578575378,0.0,0.0,0.0,0.0,0.0,104.0,3.0,0.4756034115985277,0.0,386.0,17.153846153846153,0.0,0.0,0.0,0.0,0.0,20796.0,0.0,10,1,0.545531197301855,204.36813189275125,606.5,0.0,0.0,36.00000000000001,18.0,2
324.0,6.0,1.4195962403855076,0.0,0.0,0.0,0.0,0.0,66.0,6.0,1.5529790538282842,0.0,0.0,21.384615384615383,0.0,0.0,0.0,0.0,0.0,27566.0,0.0,11,1,0.545531197301855,292.80881134282765,334.5,0.0,0.0,38.89730067755346,33.5,2
710.0,1.0,-1.000088900581841e-12,0.0,0.0,0.0,0.0,0.0,50.0,7.0,1.5270546629598,0.0,0.0,37.63333333333333,0.0,0.0,0.0,0.0,0.0,384.0,0.0,12,1,0.545531197301855,338.73096502485026,432.0,0.0,0.0,31.00000000000001,15.5,2
708.0,4.0,0.7981775837437538,0.0,0.0,0.0,0.0,0.0,94.0,11.0,1.867005671606059,0.0,0.0,66.91666666666667,0.0,0.0,0.0,0.0,392.0,782.0,60.0,13,1,0.545531197301855,8.164965809255673,706.0,0.0,0.0,0.0,0.0,2
704.0,1.0,-1.000088900581841e-12,0.0,0.0,0.0,0.0,0.0,10.0,5.0,1.6094379124291005,0.0,0.0,65.83333333333333,0.0,0.0,0.0,0.0,0.0,0.0,0.0,14,1,0.545531197301855,4.434711565176952,706.5,0.0,0.0,0.0,0.0,2
704.0,1.0,-1.000088900581841e-12,0.0,0.0,0.0,0.0,0.0,22.0,4.0,0.8855741515726718,0.0,0.0,59.66666666666666,0.0,0.0,0.0,0.0,196.0,0.0,0.0,15,1,0.545531197301855,0.999999999823757,703.5,0.0,0.0,0.0,0.0,2
548.0,3.0,0.7574563171268227,0.0,0.0,0.0,0.0,0.0,404.0,19.0,1.2225187150283097,0.0,196.0,56.375,0.0,0.0,0.0,0.0,1568.0,8224.0,138.0,16,1,0.545531197301855,160.80111939908767,580.5,0.0,0.0,0.0,0.0,2
708.0,7.0,1.3539339803463115,0.0,0.0,0.0,0.0,0.0,444.0,8.0,1.010631698433138,0.0,190.0,44.47058823529412,0.0,0.0,0.0,0.0,5896.0,9944.0,176.0,17,1,0.545531197301855,160.83428324417127,580.5,0.0,0.0,27.00000000000001,13.5,2
706.0,2.0,0.5019692884483465,0.0,0.0,0.0,0.0,0.0,604.0,11.0,1.5928301591835683,0.0,0.0,39.77777777777778,0.0,0.0,0.0,0.0,1648.0,17530.0,212.0,18,1,0.545531197301855,3.7859388971531502,705.5,0.0,0.0,27.00000000000001,13.5,2
710.0,2.0,0.5370544579838419,0.0,0.0,0.0,0.0,0.0,154.0,7.0,0.8808998965588068,0.0,0.0,27.0,0.0,0.0,0.0,0.0,416.0,3958.0,40.0,19,1,0.545531197301855,1.6329931617463829,708.0,0.0,0.0,27.00000000000001,13.5,2
304.0,1.0,-1.000088900581841e-12,0.0,0.0,0.0,0.0,0.0,96.0,4.0,0.7123303971039976,0.0,0.0,17.384615384615383,0.0,0.0,0.0,0.0,0.0,0.0,0.0,20,1,0.545531197301855,201.36202886012623,606.0,0.0,0.0,27.00000000000001,13.5,2
662.0,1.0,-1.000088900581841e-12,0.0,0.0,0.0,0.0,0.0,1164.0,12.0,1.0259783242670562,0.0,0.0,51.86666666666667,0.0,0.0,0.0,0.0,0.0,0.0,0.0,21,0,0.545531197301855,187.7968760833532,527.5,0.0,0.0,0.0,0.0,2
708.0,1.0,-1.000088900581841e-12,0.0,0.0,0.0,0.0,0.0,166.0,5.0,0.6688665236727551,0.0,0.0,94.66666666666669,0.0,0.0,0.0,0.0,0.0,0.0,0.0,22,0,0.545531197301855,216.7110211010652,512.5,0.0,0.0,0.0,0.0,2
698.0,3.0,1.0035223375961064,0.0,0.0,0.0,0.0,0.0,298.0,4.0,0.3954278662613372,0.0,0.0,98.64285714285714,0.0,0.0,0.0,0.0,832.0,17468.0,174.0,23,0,0.545531197301855,221.15077812810492,562.5,0.0,0.0,0.0,0.0,2
702.0,10.0,1.7067961216978658,0.0,0.0,0.0,0.0,0.0,416.0,8.0,1.0411183672451676,0.0,0.0,85.08,0.0,0.0,0.0,0.0,210.0,10480.0,50.0,0,0,0.545531197301855,46.70474636836155,676.0,0.0,0.0,0.0,0.0,2
326.0,3.0,0.6515844102733459,0.0,0.0,0.0,0.0,0.0,96.0,4.0,0.7315151084105227,0.0,0.0,77.11111111111111,0.0,0.0,0.0,0.0,630.0,5480.0,28.0,2,0,0.545531197301855,314.9957671673272,407.5,0.0,0.0,0.0,0.0,2
482.0,1.0,-1.000088900581841e-12,0.0,0.0,0.0,0.0,0.0,64.0,1.0,-1.000088900581841e-12,0.0,0.0,75.33333333333333,94.0,0.0,0.0,0.0,0.0,0.0,0.0,3,0,0.545531197301855,295.1717014439782,377.5,0.0,0.0,0.0,0.0,2
0.0,0.0,0.0,0.0,0.0,0.0,0.0,0.0,88.0,3.0,0.4851045003879405,0.0,0.0,73.83333333333333,146.0,0.0,0.0,0.0,0.0,0.0,0.0,4,0,0.545531197301855,353.3949631785938,296.0,0.0,0.0,0.0,0.0,2
0.0,0.0,0.0,0.0,0.0,0.0,0.0,0.0,106.0,3.0,0.6830331251647925,0.0,0.0,72.0,0.0,0.0,0.0,0.0,0.0,0.0,0.0,5,0,0.545531197301855,0.0,0.0,0.0,0.0,0.0,0.0,2
0.0,0.0,0.0,0.0,0.0,0.0,0.0,0.0,166.0,4.0,0.9079298252963028,0.0,0.0,68.83333333333333,0.0,0.0,0.0,0.0,0.0,0.0,0.0,6,0,0.545531197301855,0.0,0.0,0.0,0.0,0.0,0.0,2
0.0,0.0,0.0,0.0,0.0,0.0,0.0,0.0,78.0,2.0,0.2022730017954363,0.0,0.0,63.833333333333336,0.0,0.0,0.0,0.0,0.0,0.0,0.0,7,0,0.545531197301855,0.0,0.0,0.0,0.0,0.0,0.0,2
0.0,0.0,0.0,0.0,0.0,0.0,0.0,0.0,104.0,5.0,0.7998964538148834,0.0,0.0,59.142857142857146,0.0,0.0,0.0,0.0,210.0,0.0,0.0,8,1,0.545531197301855,0.0,0.0,0.0,0.0,0.0,0.0,2
702.0,1.0,-1.000088900581841e-12,0.0,0.0,0.0,0.0,0.0,134.0,7.0,1.416745452825062,0.0,0.0,56.0,0.0,0.0,0.0,0.0,210.0,0.0,0.0,9,1,0.545531197301855,404.723362310603,350.5,0.0,0.0,0.0,0.0,2
706.0,1.0,-1.000088900581841e-12,0.0,0.0,0.0,0.0,0.0,68.0,7.0,1.2254710350360225,0.0,0.0,51.5,0.0,0.0,0.0,0.0,0.0,0.0,0.0,10,1,0.545531197301855,7.745966692392713,699.0,0.0,0.0,0.0,0.0,2
0.0,0.0,0.0,0.0,0.0,0.0,0.0,0.0,188.0,10.0,1.37962411425475,0.0,0.0,47.91666666666666,0.0,0.0,0.0,0.0,840.0,0.0,0.0,11,1,0.545531197301855,387.5220423838275,362.0,0.0,0.0,0.0,0.0,2
710.0,4.0,0.6208838903857691,0.0,0.0,0.0,0.0,0.0,150.0,8.0,0.780866855834389,0.0,0.0,40.130434782608695,0.0,0.0,0.0,0.0,210.0,23840.0,16.0,12,1,0.545531197301855,352.8512434440321,326.0,0.0,0.0,0.0,0.0,2
696.0,5.0,1.0400863095674084,0.0,0.0,0.0,0.0,0.0,186.0,4.0,1.0084780555052424,0.0,0.0,25.90909090909091,0.0,0.0,0.0,0.0,844.0,10734.0,94.0,13,1,0.545531197301855,82.92968909463578,664.0,0.0,0.0,0.0,0.0,2
388.0,7.0,1.5249857665317064,0.0,0.0,0.0,0.0,0.0,154.0,9.0,1.2430524512096832,0.0,200.0,21.2,0.0,0.0,0.0,0.0,422.0,8300.0,44.0,14,1,0.545531197301855,157.43781841306833,624.0,0.0,0.0,0.0,0.0,2
710.0,5.0,0.7425738428240859,0.0,0.0,0.0,0.0,0.0,258.0,8.0,1.1658609893429084,0.0,0.0,52.16666666666666,0.0,0.0,0.0,0.0,648.0,2622.0,18.0,15,1,0.545531197301855,158.70307705481414,626.0,0.0,0.0,0.0,0.0,2
706.0,1.0,-1.000088900581841e-12,0.0,0.0,0.0,0.0,0.0,200.0,7.0,0.9316958084013532,0.0,0.0,91.63333333333334,0.0,0.0,0.0,0.0,216.0,0.0,0.0,16,1,0.545531197301855,2.999999999935325,707.5,0.0,0.0,0.0,0.0,2
688.0,6.0,0.5104263854804016,0.0,0.0,0.0,0.0,0.0,356.0,11.0,1.395186354327893,0.0,0.0,96.0,0.0,0.0,0.0,0.0,0.0,32876.0,0.0,17,1,0.545531197301855,10.132456102361296,703.0,0.0,0.0,0.0,0.0,2
710.0,3.0,0.6480558636318389,0.0,0.0,0.0,0.0,0.0,158.0,6.0,0.4366307728231005,0.0,0.0,74.89473684210526,0.0,0.0,0.0,0.0,432.0,2904.0,78.0,18,1,0.545531197301855,9.933109617148023,702.0,0.0,0.0,0.0,0.0,2
708.0,1.0,-1.000088900581841e-12,0.0,0.0,0.0,0.0,0.0,172.0,7.0,0.837873153981648,0.0,0.0,62.45,0.0,0.0,0.0,0.0,648.0,3794.0,92.0,19,1,0.545531197301855,4.999999999961206,708.5,0.0,0.0,0.0,0.0,2
704.0,3.0,0.7574390300858329,0.0,0.0,0.0,0.0,0.0,194.0,4.0,0.876881914759729,0.0,0.0,52.75,0.0,0.0,0.0,0.0,1080.0,2820.0,146.0,20,1,0.545531197301855,4.163331998885678,709.0,0.0,0.0,0.0,0.0,2
676.0,3.0,0.6979405175140334,0.0,0.0,0.0,0.0,0.0,184.0,4.0,0.9288196670602042,0.0,0.0,43.1,0.0,0.0,0.0,0.0,1518.0,7976.0,164.0,21,0,0.545531197301855,15.864005379042176,699.5,0.0,0.0,0.0,0.0,2
688.0,2.0,0.6734803221320148,0.0,0.0,0.0,0.0,0.0,266.0,5.0,0.3068330173067406,0.0,0.0,34.93333333333333,0.0,0.0,0.0,0.0,654.0,746.0,114.0,22,0,0.545531197301855,14.364307617596676,693.5,0.0,0.0,0.0,0.0,2
520.0,5.0,0.9470298756841162,0.0,0.0,0.0,0.0,0.0,362.0,9.0,0.987171681278072,0.0,0.0,19.39130434782609,0.0,0.0,0.0,0.0,0.0,21608.0,0.0,23,0,0.545531197301855,85.7438044409018,648.0,0.0,0.0,0.0,0.0,2
696.0,5.0,1.313665609340454,0.0,0.0,0.0,52.0,0.0,328.0,10.0,1.0936419937568649,0.0,218.0,25.24137931034483,0.0,0.0,0.0,0.0,218.0,38086.0,50.0,0,0,0.545531197301855,326.2611428493025,474.5,0.0,0.0,26.00000000000001,13.0,2
706.0,5.0,0.9573158433150744,0.0,0.0,0.0,0.0,0.0,184.0,6.0,0.945538715504342,0.0,0.0,49.333333333333336,0.0,0.0,0.0,0.0,440.0,6176.0,60.0,1,0,0.545531197301855,352.3951380671035,528.5,0.0,0.0,26.00000000000001,13.0,2
714.0,1.0,-1.000088900581841e-12,0.0,0.0,0.0,0.0,0.0,184.0,6.0,0.8890604797280595,0.0,0.0,88.76666666666667,0.0,0.0,0.0,0.0,0.0,0.0,0.0,2,0,0.545531197301855,3.4156502552639902,710.5,0.0,0.0,36.00000000000001,18.0,2
0.0,0.0,0.0,0.0,0.0,0.0,0.0,0.0,174.0,3.0,0.6138691358648529,0.0,0.0,100.0,0.0,0.0,0.0,0.0,0.0,0.0,0.0,3,0,0.545531197301855,335.9498970580776,467.5,0.0,0.0,36.00000000000001,18.0,2
0.0,0.0,0.0,0.0,0.0,0.0,0.0,0.0,126.0,2.0,0.1407601220134711,0.0,0.0,100.0,0.0,0.0,0.0,0.0,0.0,0.0,0.0,4,0,0.545531197301855,222.9999999999992,111.5,0.0,0.0,0.0,0.0,2
0.0,0.0,0.0,0.0,0.0,0.0,0.0,0.0,126.0,2.0,0.1407601220134711,0.0,0.0,100.0,0.0,0.0,0.0,0.0,0.0,0.0,0.0,5,0,0.545531197301855,0.0,0.0,0.0,0.0,0.0,0.0,2
0.0,0.0,0.0,0.0,0.0,0.0,0.0,0.0,142.0,4.0,0.2753460761878138,0.0,0.0,100.0,0.0,0.0,0.0,0.0,0.0,0.0,0.0,6,0,0.545531197301855,0.0,0.0,0.0,0.0,0.0,0.0,2
0.0,0.0,0.0,0.0,0.0,0.0,0.0,0.0,128.0,3.0,0.2190455821739863,0.0,0.0,100.0,0.0,0.0,0.0,0.0,0.0,0.0,0.0,7,0,0.545531197301855,0.0,0.0,0.0,0.0,0.0,0.0,2
0.0,0.0,0.0,0.0,0.0,0.0,0.0,0.0,146.0,5.0,0.6619810731298761,0.0,0.0,100.0,0.0,0.0,0.0,0.0,0.0,0.0,0.0,8,1,0.545531197301855,0.0,0.0,0.0,0.0,0.0,0.0,2
712.0,1.0,-1.000088900581841e-12,0.0,0.0,0.0,0.0,0.0,194.0,6.0,0.9770823998501712,0.0,0.0,100.0,0.0,0.0,0.0,0.0,220.0,0.0,0.0,9,1,0.545531197301855,411.0733916630131,356.0,0.0,0.0,0.0,0.0,2
692.0,1.0,-1.000088900581841e-12,0.0,0.0,0.0,0.0,0.0,516.0,7.0,1.121959070017471,0.0,0.0,100.0,0.0,0.0,0.0,0.0,220.0,0.0,0.0,10,1,0.545531197301855,9.574271077544456,704.5,0.0,0.0,0.0,0.0,2
698.0,2.0,0.0494454092033586,0.0,0.0,0.0,0.0,0.0,282.0,20.0,1.7425547242387938,0.0,0.0,100.0,0.0,0.0,0.0,0.0,660.0,62.0,50.0,11,1,0.545531197301855,300.69475109042554,547.0,0.0,0.0,0.0,0.0,2
586.0,5.0,1.190336321807119,0.0,0.0,0.0,0.0,0.0,172.0,6.0,0.9462665435626418,0.0,0.0,95.75,0.0,0.0,0.0,0.0,220.0,13926.0,42.0,12,1,0.545531197301855,288.90771306191584,521.5,0.0,0.0,0.0,0.0,2
712.0,4.0,1.21576692848287,0.0,0.0,0.0,8.0,0.0,214.0,6.0,0.5905955213221672,0.0,0.0,35.0,0.0,0.0,0.0,0.0,24.0,3132.0,10.0,0,0,0.545531197301855,273.30325037706064,525.0,0.0,0.0,4.000000000000077,2.0,2
526.0,1.0,-1.000088900581841e-12,0.0,0.0,0.0,6.0,0.0,158.0,3.0,0.4149879493252594,0.0,0.0,19.428571428571427,0.0,0.0,0.0,0.0,0.0,518.0,0.0,1,0,0.545531197301855,93.01433581263858,665.5,0.0,0.0,4.123105625617737,3.5,2
0.0,0.0,0.0,0.0,0.0,0.0,0.0,0.0,0.0,0.0,0.0,0.0,6.0,0.0,6.0,0.0,0.0,0.0,6.0,66.0,4.0,2,0,0.545531197301855,337.065770041001,488.0,0.0,0.0,4.123105625617737,3.5,2
378.0,1.0,-1.000088900581841e-12,0.0,0.0,0.0,0.0,0.0,170.0,4.0,0.7797073519385498,0.0,0.0,48.86666666666667,0.0,0.0,0.0,0.0,0.0,0.0,0.0,3,0,0.545531197301855,268.80662194224243,377.5,0.0,0.0,3.0000000000001026,1.5,2
0.0,0.0,0.0,0.0,0.0,0.0,0.0,0.0,168.0,4.0,0.8051238322476603,0.0,0.0,88.9,0.0,0.0,0.0,0.0,0.0,0.0,0.0,4,0,0.545531197301855,298.918048969947,246.0,0.0,0.0,0.0,0.0,2
0.0,0.0,0.0,0.0,0.0,0.0,0.0,0.0,190.0,7.0,1.0169124125764517,0.0,0.0,100.0,0.0,0.0,0.0,0.0,0.0,0.0,0.0,5,0,0.545531197301855,0.0,0.0,0.0,0.0,0.0,0.0,2
0.0,0.0,0.0,0.0,0.0,0.0,0.0,0.0,136.0,4.0,0.4298786239931149,0.0,0.0,100.0,0.0,0.0,0.0,0.0,0.0,0.0,0.0,6,0,0.545531197301855,0.0,0.0,0.0,0.0,0.0,0.0,2
710.0,1.0,-1.000088900581841e-12,0.0,0.0,0.0,0.0,0.0,278.0,9.0,1.4833507141899456,0.0,0.0,100.0,0.0,0.0,0.0,0.0,16.0,0.0,0.0,7,0,0.545531197301855,338.51046266449873,262.0,0.0,0.0,0.0,0.0,2
716.0,1.0,-1.000088900581841e-12,0.0,0.0,0.0,0.0,0.0,146.0,4.0,0.4076007455369455,0.0,0.0,100.0,0.0,0.0,0.0,0.0,8.0,0.0,0.0,8,1,0.545531197301855,186.0645049438491,617.0,0.0,0.0,0.0,0.0,2
218.0,3.0,0.6346875677353878,0.0,0.0,0.0,0.0,0.0,312.0,9.0,1.2658681943860974,0.0,0.0,99.82758620689656,0.0,0.0,0.0,0.0,8.0,964.0,8.0,9,1,0.545531197301855,246.7225161998792,588.0,0.0,0.0,0.0,0.0,2
716.0,10.0,1.638119419681841,0.0,0.0,0.0,6.0,0.0,634.0,15.0,1.671802454591175,0.0,0.0,92.77272727272728,0.0,0.0,0.0,0.0,104.0,1010.0,34.0,10,1,0.545531197301855,247.3566925177748,589.0,0.0,0.0,3.0000000000001026,1.5,2
712.0,7.0,1.6324950143958952,0.0,0.0,0.0,0.0,0.0,688.0,15.0,1.574429731048175,0.0,0.0,76.05882352941177,0.0,0.0,0.0,0.0,108.0,2648.0,66.0,11,1,0.545531197301855,3.4156502552696875,712.5,0.0,0.0,3.0000000000001026,1.5,3
714.0,7.0,1.371677108829884,0.0,0.0,0.0,10.0,0.0,436.0,10.0,1.5795410012045594,0.0,0.0,60.78260869565217,0.0,0.0,0.0,0.0,56.0,2692.0,26.0,12,1,0.545531197301855,1.6329931617504962,714.0,0.0,0.0,5.000000000000062,2.5,3
708.0,9.0,1.564854799877685,0.0,0.0,0.0,10.0,0.0,1802.0,12.0,1.1103670897551932,0.0,0.0,46.76923076923077,0.0,0.0,0.0,0.0,210.0,2232.0,68.0,13,1,0.545531197301855,3.464101615088272,713.0,0.0,0.0,5.773502691896313,5.0,3
712.0,6.0,1.494853227906392,0.0,0.0,0.0,0.0,0.0,196.0,6.0,0.7051640970350816,0.0,0.0,24.307692307692307,0.0,0.0,0.0,0.0,14.0,2886.0,4.0,14,1,0.545531197301855,2.999999999942863,710.5,0.0,0.0,5.000000000000062,2.5,2
656.0,2.0,0.4216499445541507,0.0,0.0,0.0,0.0,0.0,168.0,6.0,0.9514618945772229,0.0,0.0,28.62962962962963,0.0,0.0,0.0,0.0,0.0,1558.0,0.0,15,1,0.545531197301855,222.46722605063948,581.5,0.0,0.0,0.0,0.0,2
714.0,2.0,0.5735836358564058,0.0,0.0,0.0,0.0,0.0,228.0,14.0,1.5432227394855649,0.0,0.0,69.3,0.0,0.0,0.0,0.0,28.0,738.0,8.0,16,1,0.545531197301855,224.0081843742909,583.5,0.0,0.0,0.0,0.0,2
714.0,1.0,-1.000088900581841e-12,0.0,0.0,0.0,0.0,0.0,164.0,7.0,1.0502306104470738,0.0,0.0,99.76666666666668,0.0,0.0,0.0,0.0,14.0,0.0,0.0,17,1,0.545531197301855,0.9999999998338372,714.5,0.0,0.0,0.0,0.0,2
0.0,0.0,0.0,0.0,0.0,0.0,0.0,0.0,138.0,5.0,0.4993995840100647,0.0,0.0,100.0,0.0,0.0,0.0,0.0,0.0,0.0,0.0,18,1,0.545531197301855,337.3321804986884,483.5,0.0,0.0,0.0,0.0,2
712.0,3.0,0.6820559334355758,0.0,0.0,0.0,0.0,0.0,172.0,5.0,0.6935707657671284,0.0,0.0,100.0,0.0,0.0,0.0,0.0,56.0,620.0,20.0,19,1,0.545531197301855,310.8697476436066,448.0,0.0,0.0,0.0,0.0,2
708.0,4.0,0.3021705520953131,0.0,0.0,0.0,10.0,0.0,156.0,9.0,1.0530721162708567,0.0,0.0,97.0,0.0,0.0,0.0,0.0,42.0,800.0,6.0,20,1,0.545531197301855,66.69332800212955,676.0,0.0,0.0,5.000000000000062,2.5,2
716.0,5.0,1.180540918675544,0.0,0.0,0.0,0.0,0.0,182.0,12.0,0.969033656789252,0.0,0.0,89.13793103448276,0.0,0.0,0.0,0.0,0.0,5714.0,0.0,21,0,0.545531197301855,3.999999999954501,710.0,0.0,0.0,5.000000000000062,2.5,2
