0.0,0.0,0.0,0.0,0.0,0.0,0.0,0.0,8.0,1.0,-1.000088900581841e-12,0.0,0.0,51.23333333333333,0.0,0.0,0.0,0.0,0.0,0.0,0.0,8,1,0.5542763157894737,0.0,0.0,0.0,0.0,0.0,0.0,3
0.0,0.0,0.0,0.0,0.0,0.0,0.0,0.0,30.0,2.0,0.3926744672255522,0.0,0.0,51.0,0.0,0.0,0.0,0.0,0.0,0.0,0.0,8,1,0.5542763157894737,0.0,0.0,0.0,0.0,0.0,0.0,3
386.0,5.0,0.5858287436165349,0.0,0.0,0.0,0.0,0.0,46.0,8.0,1.8697471905508147,0.0,0.0,49.43333333333333,0.0,0.0,0.0,0.0,2.0,334.0,2.0,9,1,0.5542763157894737,193.0,96.5,0.0,0.0,0.0,0.0,3
718.0,6.0,0.6544284248085237,0.0,0.0,0.0,0.0,0.0,42.0,2.0,0.3144922012794106,0.0,0.0,45.96666666666667,0.0,0.0,0.0,0.0,0.0,362.0,0.0,9,1,0.5542763157894737,346.3216231578194,276.0,0.0,0.0,0.0,0.0,3
684.0,3.0,0.6382517062420703,0.0,0.0,0.0,0.0,0.0,20.0,3.0,0.6390318596471769,0.0,0.0,43.172413793103445,0.0,0.0,0.0,0.0,0.0,26.0,0.0,10,1,0.5542763157894737,333.2366526459337,447.0,0.0,0.0,0.0,0.0,3
716.0,1.0,-1.000088900581841e-12,0.0,0.0,0.0,0.0,0.0,8.0,2.0,0.6931471805579453,0.0,0.0,42.06666666666667,0.0,0.0,0.0,0.0,0.0,0.0,0.0,10,1,0.5542763157894737,160.7565447086577,626.0,0.0,0.0,0.0,0.0,3
228.0,1.0,-1.000088900581841e-12,0.0,0.0,0.0,0.0,0.0,12.0,1.0,-1.000088900581841e-12,0.0,0.0,41.2,2.0,0.0,0.0,0.0,0.0,0.0,0.0,11,1,0.5542763157894737,239.50713280958183,586.5,0.0,0.0,0.0,0.0,3
0.0,0.0,0.0,0.0,0.0,0.0,0.0,0.0,368.0,1.0,-1.000088900581841e-12,0.0,0.0,40.56666666666667,0.0,0.0,0.0,0.0,2.0,0.0,0.0,11,1,0.5542763157894737,351.1409973215888,407.0,0.0,0.0,0.0,0.0,3
88.0,1.0,-1.000088900581841e-12,0.0,0.0,0.0,0.0,0.0,64.0,4.0,0.9428529414464244,0.0,0.0,39.86666666666667,2.0,0.0,0.0,0.0,2.0,6.0,2.0,12,1,0.5542763157894737,319.44117872726844,258.0,0.0,0.0,0.0,0.0,3
716.0,2.0,0.6808624680607536,0.0,0.0,0.0,0.0,0.0,68.0,6.0,1.6450637701074349,0.0,0.0,38.766666666666666,0.0,0.0,0.0,0.0,6.0,34.0,4.0,12,1,0.5542763157894737,319.44117872726844,258.0,0.0,0.0,0.0,0.0,3
716.0,1.0,-1.000088900581841e-12,0.0,0.0,0.0,0.0,0.0,48.0,2.0,0.2868359830541607,0.0,0.0,37.96666666666667,0.0,0.0,0.0,0.0,4.0,0.0,0.0,13,1,0.5542763157894737,389.63914929928006,380.0,0.0,0.0,0.0,0.0,3
698.0,3.0,0.6222196185937661,0.0,0.0,0.0,0.0,0.0,378.0,4.0,0.3613906764541907,0.0,0.0,36.310344827586206,0.0,0.0,0.0,0.0,4.0,322.0,4.0,13,1,0.5542763157894737,311.1157340926364,554.5,0.0,0.0,0.0,0.0,3
716.0,1.0,-1.000088900581841e-12,0.0,0.0,0.0,0.0,0.0,26.0,3.0,0.6870920273769716,0.0,0.0,35.2,0.0,0.0,0.0,0.0,0.0,0.0,0.0,14,1,0.5542763157894737,8.999999999998922,711.5,0.0,0.0,0.0,0.0,3
156.0,1.0,-1.000088900581841e-12,0.0,0.0,0.0,0.0,0.0,76.0,2.0,0.6016797549112552,0.0,0.0,34.36666666666667,0.0,0.0,0.0,0.0,0.0,0.0,0.0,14,1,0.5542763157894737,277.1299334247385,571.5,0.0,0.0,0.0,0.0,3
0.0,0.0,0.0,0.0,0.0,0.0,0.0,0.0,40.0,2.0,0.6730116670072565,0.0,0.0,33.4,0.0,0.0,0.0,0.0,0.0,0.0,0.0,15,1,0.5542763157894737,368.7686718436551,392.5,0.0,0.0,0.0,0.0,3
0.0,0.0,0.0,0.0,0.0,0.0,0.0,0.0,20.0,1.0,-1.000088900581841e-12,0.0,0.0,32.53333333333333,0.0,0.0,0.0,0.0,0.0,0.0,0.0,15,1,0.5542763157894737,340.0470555673141,218.0,0.0,0.0,0.0,0.0,3
232.0,2.0,0.2728341007297962,0.0,0.0,0.0,0.0,0.0,72.0,6.0,1.3391001842262802,0.0,0.0,31.7,0.0,0.0,0.0,0.0,4.0,0.0,2.0,16,1,0.5542763157894737,116.22392180614108,97.0,0.0,0.0,0.0,0.0,3
708.0,3.0,0.6248695177400281,0.0,0.0,0.0,0.0,0.0,54.0,3.0,0.4195558923172333,0.0,0.0,30.133333333333333,0.0,0.0,0.0,0.0,2.0,162.0,2.0,16,1,0.5542763157894737,333.76039309660456,235.0,0.0,0.0,0.0,0.0,3
716.0,1.0,-1.000088900581841e-12,0.0,0.0,0.0,0.0,0.0,62.0,2.0,0.650390640874698,0.0,0.0,29.0,0.0,0.0,0.0,0.0,0.0,0.0,0.0,17,1,0.5542763157894737,356.9126877356235,414.0,0.0,0.0,0.0,0.0,3
168.0,1.0,-1.000088900581841e-12,0.0,0.0,0.0,0.0,0.0,90.0,1.0,-1.000088900581841e-12,0.0,0.0,28.133333333333333,2.0,0.0,0.0,0.0,0.0,0.0,0.0,17,1,0.5542763157894737,296.7737634405486,456.0,0.0,0.0,0.0,0.0,3
0.0,0.0,0.0,0.0,0.0,0.0,0.0,0.0,180.0,1.0,-1.000088900581841e-12,0.0,0.0,27.266666666666666,0.0,0.0,0.0,0.0,0.0,0.0,0.0,18,1,0.5542763157894737,369.02032464350793,398.0,0.0,0.0,0.0,0.0,3
0.0,0.0,0.0,0.0,0.0,0.0,0.0,0.0,90.0,3.0,0.7181575105566913,0.0,0.0,26.466666666666665,2.0,0.0,0.0,0.0,0.0,0.0,0.0,18,1,0.5542763157894737,339.3700045672864,221.0,0.0,0.0,0.0,0.0,3
34.0,2.0,0.2237180760638337,0.0,0.0,0.0,0.0,0.0,244.0,3.0,0.4028777012709322,0.0,0.0,25.633333333333333,0.0,0.0,0.0,0.0,2.0,38.0,2.0,19,1,0.5542763157894737,79.95623803056269,50.5,0.0,0.0,0.0,0.0,3
716.0,2.0,0.1467712658192908,0.0,0.0,0.0,0.0,0.0,120.0,4.0,0.8149904410642779,0.0,0.0,24.23333333333333,0.0,0.0,0.0,0.0,6.0,190.0,6.0,19,1,0.5542763157894737,352.6976986977186,187.5,0.0,0.0,0.0,0.0,3
716.0,2.0,0.6451697039162234,0.0,0.0,0.0,0.0,0.0,122.0,6.0,1.0316772802794936,0.0,0.0,22.9,0.0,0.0,0.0,0.0,4.0,76.0,2.0,20,1,0.5542763157894737,403.8064717988887,366.5,0.0,0.0,0.0,0.0,3
682.0,1.0,-1.000088900581841e-12,0.0,0.0,0.0,0.0,0.0,82.0,3.0,0.3083386903422212,0.0,0.0,21.6,0.0,0.0,0.0,0.0,0.0,0.0,0.0,20,1,0.5542763157894737,335.7161499441653,537.0,0.0,0.0,0.0,0.0,3
248.0,1.0,-1.000088900581841e-12,0.0,0.0,0.0,0.0,0.0,20.0,2.0,0.6931471805579453,0.0,0.0,20.83333333333333,2.0,0.0,0.0,0.0,0.0,0.0,0.0,21,0,0.5542763157894737,228.89517251353288,590.5,0.0,0.0,0.0,0.0,3
292.0,4.0,1.223056968677134,0.0,0.0,0.0,0.0,0.0,90.0,7.0,1.4383860434041016,0.0,0.0,19.6896551724138,0.0,0.0,0.0,0.0,8.0,714.0,6.0,21,0,0.5542763157894737,248.72139701548252,484.5,0.0,0.0,0.0,0.0,3
714.0,2.0,0.6902844803128496,0.0,0.0,0.0,0.0,0.0,74.0,5.0,1.0727465405875471,0.0,0.0,17.1,0.0,0.0,0.0,0.0,2.0,848.0,2.0,22,0,0.5542763157894737,248.1021295085285,484.0,0.0,0.0,0.0,0.0,3
416.0,1.0,-1.000088900581841e-12,0.0,0.0,0.0,0.0,0.0,44.0,1.0,-1.000088900581841e-12,0.0,0.0,16.0,0.0,0.0,0.0,0.0,0.0,0.0,0.0,22,0,0.5542763157894737,210.07538329529868,417.5,0.0,0.0,0.0,0.0,3
664.0,2.0,0.5305434333515793,0.0,0.0,0.0,0.0,0.0,236.0,7.0,0.7710100650744833,0.0,0.0,28.866666666666667,0.0,0.0,2.0,0.0,6.0,6.0,2.0,0,0,0.5542763157894737,256.55343822811386,487.5,0.0,0.0,0.0,0.0,3
716.0,4.0,0.9009255016249502,0.0,0.0,0.0,0.0,0.0,84.0,6.0,1.4085788141978697,0.0,2.0,40.63333333333333,0.0,2.0,2.0,0.0,8.0,528.0,6.0,0,0,0.5542763157894737,257.143280422932,488.0,0.0,0.0,0.0,0.0,3
716.0,2.0,0.0345507670008156,0.0,0.0,0.0,0.0,0.0,4.0,1.0,-1.000088900581841e-12,0.0,0.0,50.66666666666666,0.0,0.0,0.0,0.0,0.0,12.0,0.0,1,0,0.5542763157894737,272.4383722361199,563.0,0.0,0.0,0.0,0.0,3
716.0,3.0,0.6672865746472749,0.0,0.0,0.0,0.0,0.0,12.0,3.0,1.0986122886651095,0.0,0.0,62.6,0.0,0.0,0.0,0.0,0.0,28.0,0.0,1,0,0.5542763157894737,25.999999999999755,703.0,0.0,0.0,0.0,0.0,3
718.0,3.0,0.3205052295595788,0.0,0.0,0.0,0.0,0.0,30.0,3.0,0.9908353864408492,0.0,2.0,73.7,0.0,2.0,2.0,0.0,6.0,128.0,6.0,2,0,0.5542763157894737,0.9999999999936336,716.5,0.0,0.0,0.0,0.0,3
718.0,1.0,-1.000088900581841e-12,0.0,0.0,0.0,0.0,0.0,28.0,5.0,1.376055285255417,0.0,0.0,100.0,0.0,0.0,0.0,0.0,0.0,0.0,0.0,8,1,0.5542763157894737,413.96094823867946,358.5,0.0,0.0,0.0,0.0,3
716.0,1.0,-1.000088900581841e-12,0.0,0.0,0.0,0.0,0.0,38.0,3.0,0.8246593237634705,0.0,0.0,100.0,0.0,0.0,0.0,0.0,0.0,0.0,0.0,9,1,0.5542763157894737,358.3345736412643,537.5,0.0,0.0,0.0,0.0,3
528.0,5.0,0.9678513505731,0.0,0.0,0.0,0.0,0.0,476.0,10.0,0.7106058679230625,0.0,0.0,100.0,0.0,0.0,0.0,0.0,8.0,500.0,10.0,9,1,0.5542763157894737,94.33804464089062,669.5,0.0,0.0,0.0,0.0,3
682.0,4.0,0.9802446216512768,0.0,0.0,0.0,0.0,0.0,56.0,8.0,1.7136048919889717,0.0,0.0,100.0,0.0,0.0,0.0,0.0,4.0,636.0,2.0,10,1,0.5542763157894737,90.19238696623276,661.0,0.0,0.0,0.0,0.0,3
714.0,2.0,0.1176756020646334,0.0,0.0,0.0,0.0,0.0,158.0,6.0,0.8231689382107414,0.0,0.0,99.73333333333332,0.0,0.0,0.0,0.0,8.0,58.0,6.0,10,1,0.5542763157894737,89.36815241833453,660.0,0.0,0.0,0.0,0.0,3
716.0,3.0,0.1468434833645772,0.0,0.0,0.0,0.0,0.0,76.0,3.0,0.6330395116614678,0.0,0.0,97.56666666666666,0.0,0.0,0.0,0.0,10.0,148.0,6.0,11,1,0.5542763157894737,89.36815241833453,660.0,0.0,0.0,0.0,0.0,3
714.0,2.0,0.1072718232844016,0.0,0.0,0.0,0.0,0.0,32.0,4.0,1.0735428464045231,0.0,0.0,96.96666666666668,0.0,0.0,0.0,0.0,4.0,220.0,2.0,11,1,0.5542763157894737,16.360521589077518,706.5,0.0,0.0,0.0,0.0,3
716.0,2.0,0.073520657740532,0.0,0.0,0.0,0.0,0.0,54.0,4.0,0.9194093541996188,0.0,0.0,96.0,0.0,0.0,0.0,0.0,2.0,0.0,0.0,12,1,0.5542763157894737,1.1547005383814997,715.0,0.0,0.0,0.0,0.0,3
716.0,1.0,-1.000088900581841e-12,0.0,0.0,0.0,0.0,0.0,102.0,4.0,0.7904166926615834,0.0,0.0,95.26666666666668,0.0,0.0,0.0,0.0,6.0,0.0,0.0,12,1,0.5542763157894737,1.0000000000025864,715.5,0.0,0.0,0.0,0.0,3
706.0,1.0,-1.000088900581841e-12,0.0,0.0,0.0,0.0,0.0,96.0,2.0,0.1012648175647919,0.0,0.0,94.44827586206895,2.0,0.0,0.0,0.0,0.0,0.0,0.0,13,1,0.5542763157894737,4.760952285695787,713.0,0.0,0.0,0.0,0.0,3
0.0,0.0,0.0,0.0,0.0,0.0,0.0,0.0,18.0,3.0,0.9950269901765214,0.0,0.0,94.0,0.0,0.0,0.0,0.0,0.0,0.0,0.0,13,1,0.5542763157894737,356.3645137589694,534.5,0.0,0.0,0.0,0.0,3
440.0,2.0,0.363286669773797,0.0,0.0,0.0,0.0,0.0,80.0,4.0,0.6475268114859468,0.0,0.0,93.1,2.0,0.0,0.0,0.0,10.0,4.0,6.0,14,1,0.5542763157894737,335.6242939160791,465.5,0.0,0.0,0.0,0.0,3
716.0,1.0,-1.000088900581841e-12,0.0,0.0,0.0,0.0,0.0,74.0,4.0,0.9851781640752296,0.0,0.0,92.1,0.0,0.0,0.0,0.0,0.0,0.0,0.0,14,1,0.5542763157894737,335.6242939160791,465.5,0.0,0.0,0.0,0.0,3
714.0,4.0,0.6811552484376178,0.0,0.0,0.0,0.0,0.0,152.0,6.0,1.3993915796832384,0.0,0.0,91.1,0.0,0.0,0.0,0.0,6.0,930.0,6.0,15,1,0.5542763157894737,337.5534525572703,467.5,0.0,0.0,0.0,0.0,3
698.0,2.0,0.0750492296542393,0.0,0.0,0.0,0.0,0.0,114.0,5.0,0.7343819083808241,0.0,0.0,89.8,0.0,0.0,0.0,0.0,4.0,6.0,4.0,15,1,0.5542763157894737,134.90737563232037,642.0,0.0,0.0,0.0,0.0,3
716.0,2.0,0.2384936145334274,0.0,0.0,0.0,0.0,0.0,168.0,5.0,0.6263480283457734,0.0,0.0,88.8,0.0,0.0,0.0,0.0,4.0,234.0,4.0,16,1,0.5542763157894737,8.717797887080323,711.0,0.0,0.0,0.0,0.0,3
714.0,1.0,-1.000088900581841e-12,0.0,0.0,0.0,0.0,0.0,82.0,3.0,0.8003733838554932,0.0,0.0,88.0,0.0,0.0,0.0,0.0,0.0,0.0,0.0,16,1,0.5542763157894737,8.38649708360502,710.5,0.0,0.0,0.0,0.0,3
716.0,1.0,-1.000088900581841e-12,0.0,0.0,0.0,0.0,0.0,136.0,5.0,0.4157588728911736,0.0,0.0,87.0,0.0,0.0,0.0,0.0,2.0,0.0,2.0,17,1,0.5542763157894737,8.717797887080323,711.0,0.0,0.0,0.0,0.0,3
716.0,1.0,-1.000088900581841e-12,0.0,0.0,0.0,0.0,0.0,114.0,3.0,0.2396927963299588,0.0,0.0,86.2,0.0,0.0,0.0,0.0,0.0,0.0,0.0,17,1,0.5542763157894737,0.9999999999909904,715.5,0.0,0.0,0.0,0.0,3
308.0,1.0,-1.000088900581841e-12,0.0,0.0,0.0,0.0,0.0,60.0,3.0,0.4850940912992115,0.0,0.0,85.53333333333333,2.0,0.0,0.0,0.0,2.0,0.0,2.0,18,1,0.5542763157894737,203.6688488699241,613.5,0.0,0.0,0.0,0.0,3
716.0,2.0,0.5728230513439471,0.0,0.0,0.0,0.0,0.0,180.0,3.0,0.2873643046779562,0.0,0.0,84.63333333333334,0.0,0.0,0.0,0.0,4.0,52.0,4.0,18,1,0.5542763157894737,204.0,614.0,0.0,0.0,0.0,0.0,3
716.0,1.0,-1.000088900581841e-12,0.0,0.0,0.0,0.0,0.0,72.0,3.0,0.6546695645255008,0.0,0.0,83.8,0.0,0.0,0.0,0.0,0.0,0.0,0.0,19,1,0.5542763157894737,204.0,614.0,0.0,0.0,0.0,0.0,3
540.0,1.0,-1.000088900581841e-12,0.0,0.0,0.0,0.0,0.0,16.0,2.0,0.5623351446168083,0.0,0.0,83.0,0.0,0.0,0.0,0.0,0.0,0.0,0.0,19,1,0.5542763157894737,193.37011144434908,570.0,0.0,0.0,0.0,0.0,3
0.0,0.0,0.0,0.0,0.0,0.0,0.0,0.0,36.0,4.0,1.1490596969666202,0.0,0.0,82.03333333333333,0.0,0.0,0.0,0.0,0.0,0.0,0.0,20,1,0.5542763157894737,338.9768920344473,493.0,0.0,0.0,0.0,0.0,3
332.0,3.0,0.6238349431421268,0.0,0.0,0.0,0.0,0.0,180.0,7.0,1.0584962583542763,0.0,0.0,81.33333333333333,0.0,0.0,0.0,0.0,8.0,144.0,6.0,20,1,0.5542763157894737,307.70332031574395,397.0,0.0,0.0,0.0,0.0,3
714.0,4.0,0.5355299417846433,0.0,0.0,0.0,0.0,0.0,38.0,4.0,1.0937704472451415,0.0,0.0,78.43333333333334,0.0,0.0,0.0,0.0,2.0,138.0,0.0,21,0,0.5542763157894737,344.72936244731653,440.5,0.0,0.0,0.0,0.0,3
716.0,2.0,0.0851454706839,0.0,0.0,0.0,0.0,0.0,26.0,3.0,0.9839614459980256,0.0,0.0,77.63333333333334,0.0,0.0,0.0,0.0,2.0,52.0,2.0,22,0,0.5542763157894737,191.6689854932195,619.5,0.0,0.0,0.0,0.0,3
716.0,2.0,0.6855752267351288,0.0,0.0,0.0,0.0,0.0,24.0,3.0,0.8675632284784613,0.0,0.0,76.66666666666667,0.0,0.0,0.0,0.0,8.0,294.0,8.0,22,0,0.5542763157894737,0.9999999999959546,715.5,0.0,0.0,0.0,0.0,3
714.0,1.0,-1.000088900581841e-12,0.0,0.0,0.0,0.0,0.0,0.0,0.0,0.0,0.0,0.0,75.73333333333333,0.0,0.0,0.0,0.0,0.0,0.0,0.0,23,0,0.5542763157894737,1.1547005383757565,715.0,0.0,0.0,0.0,0.0,3
558.0,1.0,-1.000088900581841e-12,0.0,0.0,0.0,0.0,0.0,28.0,3.0,0.796311640170813,0.0,0.0,75.0,2.0,0.0,0.0,0.0,0.0,0.0,0.0,23,0,0.5542763157894737,78.67231618131837,676.0,0.0,0.0,0.0,0.0,3
222.0,4.0,1.1197104632337855,0.0,0.0,0.0,0.0,0.0,36.0,3.0,0.6837389058457535,0.0,0.0,74.06666666666666,0.0,0.0,0.0,0.0,2.0,238.0,2.0,0,0,0.5542763157894737,232.4327859833892,552.5,0.0,0.0,0.0,0.0,3
0.0,0.0,0.0,0.0,0.0,0.0,0.0,0.0,398.0,5.0,0.4903298827308709,0.0,0.0,63.6,2.0,0.0,0.0,0.0,0.0,0.0,0.0,8,1,0.5542763157894737,0.0,0.0,0.0,0.0,0.0,0.0,3
0.0,0.0,0.0,0.0,0.0,0.0,0.0,0.0,68.0,2.0,0.2237180760638337,0.0,0.0,62.7,0.0,0.0,0.0,0.0,0.0,0.0,0.0,9,1,0.5542763157894737,0.0,0.0,0.0,0.0,0.0,0.0,3
0.0,0.0,0.0,0.0,0.0,0.0,0.0,0.0,76.0,4.0,1.0949816997120485,0.0,0.0,61.93333333333333,0.0,0.0,0.0,0.0,0.0,0.0,0.0,9,1,0.5542763157894737,0.0,0.0,0.0,0.0,0.0,0.0,3
714.0,1.0,-1.000088900581841e-12,0.0,0.0,0.0,0.0,0.0,60.0,6.0,1.2955852838295252,0.0,0.0,60.63333333333333,0.0,0.0,0.0,0.0,6.0,0.0,0.0,10,1,0.5542763157894737,357.0,178.5,0.0,0.0,0.0,0.0,3
716.0,3.0,0.4382624155413596,0.0,0.0,0.0,0.0,0.0,110.0,4.0,0.9891577753349003,0.0,0.0,59.6,0.0,0.0,0.0,0.0,4.0,32.0,2.0,10,1,0.5542763157894737,412.8062499526866,357.5,0.0,0.0,0.0,0.0,3
716.0,1.0,-1.000088900581841e-12,0.0,0.0,0.0,0.0,0.0,38.0,2.0,0.4361623253833442,0.0,0.0,58.62068965517241,0.0,0.0,0.0,0.0,0.0,0.0,0.0,11,1,0.5542763157894737,357.6679092864404,536.5,0.0,0.0,0.0,0.0,3
714.0,3.0,0.5847498704820744,0.0,0.0,0.0,0.0,0.0,96.0,8.0,1.5386760046514878,0.0,0.0,57.73333333333333,0.0,0.0,0.0,0.0,4.0,82.0,4.0,11,1,0.5542763157894737,1.1547005383652544,715.0,0.0,0.0,0.0,0.0,2
716.0,3.0,0.3264948616906931,0.0,0.0,0.0,0.0,0.0,18.0,4.0,1.3689223607362195,0.0,0.0,56.766666666666666,0.0,0.0,0.0,0.0,6.0,146.0,2.0,12,1,0.5542763157894737,0.999999999983828,715.5,0.0,0.0,0.0,0.0,3
716.0,4.0,0.3317157755736575,0.0,0.0,0.0,0.0,0.0,40.0,5.0,1.4708084763171112,0.0,0.0,55.9,0.0,0.0,0.0,0.0,4.0,152.0,2.0,12,1,0.5542763157894737,0.999999999983828,715.5,0.0,0.0,0.0,0.0,3
716.0,1.0,-1.000088900581841e-12,0.0,0.0,0.0,0.0,0.0,12.0,3.0,1.0114042647043515,0.0,0.0,55.0,0.0,0.0,0.0,0.0,0.0,0.0,0.0,13,1,0.5542763157894737,0.999999999983828,715.5,0.0,0.0,0.0,0.0,3
714.0,2.0,0.0614657494472936,0.0,0.0,0.0,0.0,0.0,26.0,5.0,1.4180693652466905,0.0,0.0,54.266666666666666,0.0,0.0,0.0,0.0,4.0,2.0,2.0,13,1,0.5542763157894737,0.999999999983828,715.5,0.0,0.0,0.0,0.0,2
718.0,2.0,0.3256945829560894,0.0,0.0,0.0,0.0,0.0,44.0,6.0,1.5672362621662668,0.0,0.0,53.6,0.0,0.0,0.0,0.0,2.0,136.0,2.0,14,1,0.5542763157894737,1.632993161845543,716.0,0.0,0.0,0.0,0.0,2
716.0,2.0,0.6908983734643306,0.0,0.0,0.0,0.0,0.0,32.0,4.0,0.9180459180616308,0.0,0.0,51.36666666666667,0.0,0.0,0.0,0.0,2.0,142.0,2.0,14,1,0.5542763157894737,1.632993161845543,716.0,0.0,0.0,0.0,0.0,2
716.0,1.0,-1.000088900581841e-12,0.0,0.0,0.0,0.0,0.0,50.0,4.0,0.860549286954984,0.0,0.0,49.4,0.0,0.0,0.0,0.0,0.0,0.0,0.0,15,1,0.5542763157894737,1.632993161845543,716.0,0.0,0.0,0.0,0.0,3
374.0,1.0,-1.000088900581841e-12,0.0,0.0,0.0,0.0,0.0,2.0,1.0,-1.000088900581841e-12,0.0,0.0,48.66666666666666,0.0,0.0,0.0,0.0,0.0,0.0,0.0,15,1,0.5542763157894737,171.3359273474188,631.0,0.0,0.0,0.0,0.0,2
0.0,0.0,0.0,0.0,0.0,0.0,0.0,0.0,0.0,0.0,0.0,0.0,0.0,48.0,2.0,0.0,0.0,0.0,0.0,0.0,0.0,16,1,0.5542763157894737,341.45717154571514,451.5,0.0,0.0,0.0,0.0,2
0.0,0.0,0.0,0.0,0.0,0.0,0.0,0.0,0.0,0.0,0.0,0.0,0.0,47.23333333333333,0.0,0.0,0.0,0.0,0.0,0.0,0.0,16,1,0.5542763157894737,344.24167866970043,272.5,0.0,0.0,0.0,0.0,2
564.0,1.0,-1.000088900581841e-12,0.0,0.0,0.0,0.0,0.0,76.0,9.0,1.5590869898971889,0.0,0.0,46.43333333333333,0.0,0.0,0.0,0.0,2.0,0.0,2.0,17,1,0.5542763157894737,281.66824457151705,234.5,0.0,0.0,0.0,0.0,3
716.0,1.0,-1.000088900581841e-12,0.0,0.0,0.0,0.0,0.0,16.0,3.0,0.9743147528663496,0.0,0.0,45.73333333333333,0.0,0.0,0.0,0.0,0.0,0.0,0.0,17,1,0.5542763157894737,374.67852887508775,320.0,0.0,0.0,0.0,0.0,3
148.0,1.0,-1.000088900581841e-12,0.0,0.0,0.0,0.0,0.0,36.0,4.0,0.7607552592403029,0.0,0.0,44.9,0.0,0.0,0.0,0.0,0.0,0.0,0.0,18,1,0.5542763157894737,338.06311047889653,357.0,0.0,0.0,0.0,0.0,3
536.0,2.0,0.2261453774912627,0.0,0.0,0.0,0.0,0.0,58.0,6.0,1.3845494346839131,0.0,0.0,43.96666666666667,0.0,0.0,0.0,0.0,6.0,0.0,2.0,18,1,0.5542763157894737,241.95591885024555,491.0,0.0,0.0,0.0,0.0,3
716.0,1.0,-1.000088900581841e-12,0.0,0.0,0.0,0.0,0.0,20.0,2.0,0.5004024235361879,0.0,0.0,43.0,0.0,0.0,0.0,0.0,0.0,0.0,0.0,19,1,0.5542763157894737,267.79843166082946,529.0,0.0,0.0,0.0,0.0,3
282.0,3.0,0.5925839909934052,0.0,0.0,0.0,0.0,0.0,6.0,2.0,0.6365141682928128,0.0,0.0,42.03333333333333,0.0,0.0,0.0,0.0,4.0,16.0,2.0,19,1,0.5542763157894737,254.36129160441573,420.5,0.0,0.0,0.0,0.0,4
710.0,5.0,1.1669299587763684,0.0,0.0,0.0,0.0,0.0,38.0,4.0,1.2112144216210416,0.0,0.0,37.63333333333333,0.0,0.0,0.0,0.0,12.0,200.0,8.0,20,1,0.5542763157894737,206.4130163854336,587.5,0.0,0.0,0.0,0.0,3
714.0,4.0,0.4516997067071014,0.0,0.0,0.0,0.0,0.0,32.0,5.0,1.4244427784986178,0.0,0.0,36.63333333333333,0.0,0.0,0.0,0.0,10.0,118.0,6.0,21,0,0.5542763157894737,205.9999999999999,587.0,0.0,0.0,0.0,0.0,3
716.0,3.0,0.1716336393649598,0.0,0.0,0.0,0.0,0.0,116.0,4.0,1.1477502783057192,0.0,0.0,35.6,0.0,0.0,0.0,0.0,6.0,64.0,6.0,21,0,0.5542763157894737,35.75378767813687,695.5,0.0,0.0,0.0,0.0,3
714.0,3.0,0.0806955821827742,0.0,0.0,0.0,0.0,0.0,52.0,4.0,0.937155853061701,0.0,0.0,34.9,0.0,0.0,0.0,0.0,6.0,72.0,4.0,22,0,0.5542763157894737,2.516611478415139,713.5,0.0,0.0,0.0,0.0,3
716.0,2.0,0.3671475500721706,0.0,0.0,0.0,0.0,0.0,96.0,3.0,0.9002560512655369,0.0,0.0,33.43333333333333,0.0,0.0,0.0,0.0,12.0,330.0,12.0,22,0,0.5542763157894737,1.1547005383608733,715.0,0.0,0.0,0.0,0.0,3
710.0,3.0,0.8900966947172275,0.0,0.0,0.0,0.0,0.0,74.0,3.0,0.7495172222167813,0.0,0.0,32.166666666666664,0.0,0.0,0.0,0.0,10.0,280.0,10.0,23,0,0.5542763157894737,2.828427124738694,714.0,0.0,0.0,0.0,0.0,3
708.0,5.0,1.2449767994328624,0.0,0.0,0.0,0.0,0.0,60.0,4.0,1.2105578441734712,0.0,2.0,29.8,0.0,0.0,0.0,0.0,10.0,584.0,8.0,23,0,0.5542763157894737,3.651483716695312,712.0,0.0,0.0,0.0,0.0,3
718.0,2.0,0.0611859185468578,0.0,0.0,0.0,0.0,0.0,36.0,5.0,1.5999714209218678,0.0,0.0,33.56666666666667,0.0,0.0,2.0,0.0,0.0,2292.0,0.0,0,0,0.5542763157894737,4.760952285690784,713.0,0.0,0.0,0.0,0.0,3
712.0,3.0,0.6343350345825975,0.0,0.0,0.0,0.0,0.0,12.0,4.0,1.3296613488507585,0.0,0.0,44.36666666666667,0.0,0.0,0.0,0.0,0.0,270.0,0.0,0,0,0.5542763157894737,4.32049379893367,712.0,0.0,0.0,0.0,0.0,3
718.0,2.0,0.0344701086632955,0.0,0.0,0.0,0.0,0.0,12.0,3.0,1.0986122886651095,0.0,0.0,57.16666666666666,0.0,0.0,0.0,0.0,2.0,32.0,2.0,1,0,0.5542763157894737,4.89897948556204,714.0,0.0,0.0,0.0,0.0,3
716.0,2.0,0.0613254872539078,0.0,0.0,0.0,0.0,0.0,28.0,3.0,0.796311640170813,0.0,0.0,69.5,0.0,0.0,0.0,0.0,2.0,26.0,2.0,1,0,0.5542763157894737,2.828427124738714,716.0,0.0,0.0,0.0,0.0,3
718.0,4.0,0.9339088507225844,0.0,0.0,0.0,0.0,0.0,28.0,5.0,1.475076311049695,0.0,2.0,80.53333333333333,0.0,2.0,2.0,0.0,2.0,314.0,2.0,2,0,0.5542763157894737,2.828427124738714,716.0,0.0,0.0,0.0,0.0,3
716.0,4.0,1.1277288826783551,0.0,0.0,0.0,0.0,0.0,8.0,3.0,1.039720770836918,0.0,0.0,93.03333333333332,0.0,2.0,0.0,0.0,0.0,978.0,0.0,2,0,0.5542763157894737,1.1547005383609223,717.0,0.0,0.0,0.0,0.0,3
718.0,9.0,1.1373961868458464,0.0,0.0,0.0,0.0,0.0,156.0,11.0,2.057897531911409,0.0,0.0,100.0,0.0,2.0,0.0,0.0,14.0,872.0,8.0,9,1,0.5542763157894737,355.7578764646914,533.5,0.0,0.0,0.0,0.0,3
710.0,11.0,1.8752298649801336,0.0,0.0,0.0,0.0,0.0,138.0,10.0,1.787747722075704,0.0,0.0,98.41379310344828,0.0,0.0,0.0,0.0,4.0,1146.0,4.0,9,1,0.5542763157894737,8.08290376865156,711.0,0.0,0.0,0.0,0.0,3
716.0,3.0,0.9903365948010576,0.0,0.0,0.0,0.0,0.0,70.0,3.0,0.691150438122671,0.0,0.0,97.0,0.0,0.0,0.0,0.0,24.0,82.0,16.0,10,1,0.5542763157894737,3.46410161513031,715.0,0.0,0.0,0.0,0.0,3
712.0,2.0,0.4444825466076067,0.0,0.0,0.0,0.0,0.0,44.0,4.0,1.053472216901448,0.0,0.0,96.0,0.0,0.0,0.0,0.0,12.0,448.0,8.0,10,1,0.5542763157894737,3.65148371669404,714.0,0.0,0.0,0.0,0.0,3
716.0,2.0,0.4779371114375764,0.0,0.0,0.0,0.0,0.0,50.0,3.0,0.707785886565229,0.0,0.0,94.9,0.0,0.0,0.0,0.0,12.0,568.0,8.0,11,1,0.5542763157894737,2.9999999999913944,713.5,0.0,0.0,0.0,0.0,3
716.0,4.0,0.7179935396290789,0.0,0.0,0.0,0.0,0.0,64.0,6.0,1.4332487160012597,0.0,0.0,93.73333333333332,0.0,0.0,0.0,0.0,20.0,142.0,16.0,11,1,0.5542763157894737,1.9999999999871056,715.0,0.0,0.0,0.0,0.0,3
714.0,3.0,0.3356853526648403,0.0,0.0,0.0,0.0,0.0,18.0,2.0,0.6365141682928128,0.0,0.0,92.6,0.0,0.0,0.0,0.0,24.0,158.0,4.0,12,1,0.5542763157894737,1.914854215499204,714.5,0.0,0.0,0.0,0.0,3
714.0,2.0,0.4296901671137833,0.0,0.0,0.0,0.0,0.0,22.0,4.0,1.3421131789104002,0.0,0.0,91.83333333333331,0.0,0.0,0.0,0.0,8.0,0.0,8.0,12,1,0.5542763157894737,1.154700538356902,715.0,0.0,0.0,0.0,0.0,3
714.0,7.0,0.960916063667483,0.0,0.0,0.0,0.0,0.0,108.0,6.0,1.288732575135974,0.0,0.0,90.5,0.0,0.0,0.0,0.0,16.0,864.0,8.0,13,1,0.5542763157894737,0.9999999999741837,714.5,0.0,0.0,0.0,0.0,3
716.0,3.0,0.704476260742968,0.0,0.0,0.0,0.0,0.0,130.0,3.0,0.6964910875948485,0.0,0.0,88.73333333333333,0.0,0.0,0.0,0.0,24.0,828.0,20.0,13,1,0.5542763157894737,0.9999999999741837,714.5,0.0,0.0,0.0,0.0,3
716.0,4.0,0.674588881983714,0.0,0.0,0.0,0.0,0.0,82.0,3.0,0.9651855921204456,0.0,0.0,87.03333333333333,0.0,0.0,0.0,0.0,16.0,254.0,14.0,14,1,0.5542763157894737,1.154700538356902,715.0,0.0,0.0,0.0,0.0,3
706.0,5.0,1.049583748388199,0.0,0.0,0.0,0.0,0.0,922.0,7.0,0.9370506549765288,0.0,0.0,85.0,0.0,0.0,0.0,0.0,20.0,692.0,18.0,14,1,0.5542763157894737,4.760952285689821,713.0,0.0,0.0,0.0,0.0,3
716.0,2.0,0.0345507670008156,0.0,0.0,0.0,0.0,0.0,28.0,4.0,1.277034259462139,0.0,0.0,83.0,0.0,0.0,0.0,0.0,12.0,24.0,8.0,15,1,0.5542763157894737,4.999999999994849,713.5,0.0,0.0,0.0,0.0,3
712.0,3.0,0.3013910527727539,0.0,0.0,0.0,0.0,0.0,70.0,6.0,1.4456194534919362,0.0,0.0,82.16666666666667,0.0,0.0,0.0,0.0,24.0,326.0,16.0,15,1,0.5542763157894737,4.725815626247154,712.5,0.0,0.0,0.0,0.0,3
716.0,3.0,0.6790692918322203,0.0,0.0,0.0,0.0,0.0,106.0,6.0,1.5026675621717924,0.0,0.0,80.86666666666666,0.0,0.0,0.0,0.0,32.0,226.0,22.0,16,1,0.5542763157894737,4.725815626247154,712.5,0.0,0.0,0.0,0.0,3
716.0,3.0,0.5967922522446956,0.0,0.0,0.0,0.0,0.0,64.0,3.0,0.7774621319079289,0.0,0.0,79.83333333333333,0.0,0.0,0.0,0.0,20.0,346.0,14.0,16,1,0.5542763157894737,1.9999999999871343,715.0,0.0,0.0,0.0,0.0,3
716.0,4.0,0.9156886509092088,0.0,0.0,0.0,0.0,0.0,136.0,3.0,0.5455100585226846,0.0,0.0,78.43333333333334,0.0,0.0,0.0,0.0,24.0,1136.0,16.0,17,1,0.5542763157894737,1.9999999999871343,715.0,0.0,0.0,0.0,0.0,3
716.0,3.0,0.655965811516785,0.0,0.0,0.0,0.0,0.0,116.0,6.0,1.286745179686284,0.0,0.0,76.86666666666666,0.0,0.0,0.0,0.0,36.0,310.0,16.0,17,1,0.5542763157894737,0.0,716.0,0.0,0.0,0.0,0.0,3
716.0,3.0,0.7666597883039824,0.0,0.0,0.0,0.0,0.0,26.0,5.0,1.5193826646373014,0.0,0.0,73.3,0.0,0.0,0.0,0.0,12.0,54.0,4.0,18,1,0.5542763157894737,1.9999999999871343,715.0,1.0,0.5,0.0,0.0,3
716.0,1.0,-1.000088900581841e-12,0.0,0.0,0.0,0.0,0.0,20.0,1.0,-1.000088900581841e-12,0.0,0.0,72.86666666666666,0.0,0.0,0.0,0.0,0.0,0.0,0.0,19,1,0.5542763157894737,1.9999999999871343,715.0,1.0,0.5,0.0,0.0,3
356.0,1.0,-1.000088900581841e-12,0.0,0.0,0.0,0.0,0.0,26.0,3.0,0.8305178252842479,0.0,0.0,72.0,4.0,0.0,0.0,0.0,0.0,0.0,0.0,19,1,0.5542763157894737,179.3432463183377,625.0,1.0,0.5,0.0,0.0,3
590.0,3.0,0.7856450032815158,0.0,0.0,0.0,0.0,0.0,96.0,8.0,1.66706458245027,0.0,0.0,71.2,0.0,0.0,0.0,0.0,8.0,62.0,6.0,20,1,0.5542763157894737,169.73214191778746,594.5,0.0,0.0,0.0,0.0,3
714.0,1.0,-1.000088900581841e-12,0.0,0.0,0.0,0.0,0.0,24.0,3.0,1.0114042647043515,0.0,0.0,70.16666666666667,0.0,0.0,0.0,0.0,4.0,0.0,0.0,20,1,0.5542763157894737,169.25720073308534,594.0,0.0,0.0,0.0,0.0,2
712.0,2.0,0.4580177088421124,0.0,0.0,0.0,0.0,0.0,76.0,5.0,0.9879693907895164,0.0,0.0,69.51724137931035,4.0,0.0,0.0,0.0,4.0,0.0,4.0,21,0,0.5542763157894737,168.30527819015842,593.0,0.0,0.0,0.0,0.0,2
716.0,2.0,0.326308742125741,0.0,0.0,0.0,0.0,0.0,56.0,4.0,1.1163670752853367,0.0,0.0,68.4,0.0,0.0,0.0,0.0,8.0,6.0,8.0,21,0,0.5542763157894737,62.021501647949584,683.0,0.0,0.0,0.0,0.0,2
714.0,1.0,-1.000088900581841e-12,0.0,0.0,0.0,0.0,0.0,20.0,4.0,1.0888999753412234,0.0,0.0,67.16666666666667,0.0,0.0,0.0,0.0,0.0,0.0,0.0,22,0,0.5542763157894737,1.632993161839115,714.0,0.0,0.0,0.0,0.0,2
536.0,1.0,-1.000088900581841e-12,0.0,0.0,0.0,0.0,0.0,44.0,4.0,1.1209503926695834,0.0,0.0,66.93333333333334,0.0,0.0,0.0,0.0,0.0,0.0,0.0,22,0,0.5542763157894737,89.0149800127294,669.5,0.0,0.0,0.0,0.0,2
122.0,1.0,-1.000088900581841e-12,0.0,0.0,0.0,0.0,0.0,20.0,3.0,0.9502705392302344,0.0,0.0,66.0,0.0,0.0,0.0,0.0,4.0,0.0,4.0,23,0,0.5542763157894737,279.6998391132894,522.0,0.0,0.0,0.0,0.0,2
710.0,1.0,-1.000088900581841e-12,0.0,0.0,0.0,0.0,0.0,32.0,3.0,0.9743147528663496,0.0,0.0,65.6,0.0,0.0,0.0,0.0,0.0,0.0,0.0,23,0,0.5542763157894737,278.3253491868823,520.5,0.0,0.0,0.0,0.0,4
592.0,1.0,-1.000088900581841e-12,0.0,0.0,0.0,0.0,0.0,24.0,3.0,1.0114042647043515,0.0,0.0,65.0,0.0,0.0,0.0,0.0,0.0,0.0,0.0,0,0,0.5542763157894737,255.82806726393403,490.0,0.0,0.0,0.0,0.0,2
390.0,3.0,0.6883301840652941,0.0,0.0,0.0,0.0,0.0,68.0,7.0,1.6088329369392798,0.0,0.0,64.03333333333333,4.0,0.0,0.0,0.0,12.0,618.0,8.0,0,0,0.5542763157894737,257.4872165111632,453.5,0.0,0.0,0.0,0.0,2
606.0,6.0,1.2119589423237322,0.0,0.0,0.0,0.0,0.0,170.0,11.0,1.8670218097226865,0.0,0.0,50.4,0.0,0.0,0.0,0.0,20.0,290.0,14.0,9,1,0.5542763157894737,302.99999999999994,151.5,0.0,0.0,0.0,0.0,3
712.0,5.0,1.064325710432095,0.0,0.0,0.0,0.0,0.0,118.0,6.0,1.4516465747585094,0.0,0.0,48.53333333333333,0.0,0.0,0.0,0.0,24.0,420.0,14.0,9,1,0.5542763157894737,382.9268859717217,329.5,0.0,0.0,0.0,0.0,3
710.0,1.0,-1.000088900581841e-12,0.0,0.0,0.0,0.0,0.0,42.0,5.0,1.353927191050829,0.0,0.0,46.766666666666666,0.0,0.0,0.0,0.0,4.0,0.0,2.0,10,1,0.5542763157894737,341.6060108760773,507.0,0.0,0.0,0.0,0.0,2
718.0,2.0,0.6894142879762534,0.0,0.0,0.0,0.0,0.0,38.0,4.0,1.246982639893757,0.0,0.0,45.82758620689656,0.0,0.0,0.0,0.0,12.0,228.0,12.0,10,1,0.5542763157894737,53.7742193496719,686.5,0.0,0.0,0.0,0.0,3
714.0,3.0,0.5539225705134152,0.0,0.0,0.0,0.0,0.0,56.0,2.0,0.2573186405418316,0.0,0.0,44.36666666666667,0.0,0.0,0.0,0.0,4.0,542.0,2.0,11,1,0.5542763157894737,3.415650255314066,713.5,0.0,0.0,0.0,0.0,3
704.0,1.0,-1.000088900581841e-12,0.0,0.0,0.0,0.0,0.0,46.0,3.0,0.4702359623522493,0.0,0.0,43.0,0.0,0.0,0.0,0.0,0.0,0.0,0.0,11,1,0.5542763157894737,5.972157622386322,711.5,0.0,0.0,0.0,0.0,3
574.0,1.0,-1.000088900581841e-12,0.0,0.0,0.0,0.0,0.0,14.0,2.0,0.410116318286409,0.0,0.0,42.13333333333333,0.0,0.0,0.0,0.0,0.0,0.0,0.0,12,1,0.5542763157894737,69.25075210181205,677.5,0.0,0.0,0.0,0.0,4
0.0,0.0,0.0,0.0,0.0,0.0,0.0,0.0,0.0,0.0,0.0,0.0,0.0,41.833333333333336,0.0,0.0,0.0,0.0,0.0,0.0,0.0,12,1,0.5542763157894737,338.0690264822654,498.0,0.0,0.0,0.0,0.0,4
0.0,0.0,0.0,0.0,0.0,0.0,0.0,0.0,10.0,3.0,1.054920167983144,0.0,0.0,41.0,4.0,0.0,0.0,0.0,4.0,0.0,0.0,13,1,0.5542763157894737,372.7246526145898,319.5,0.0,0.0,0.0,0.0,4
0.0,0.0,0.0,0.0,0.0,0.0,0.0,0.0,8.0,1.0,-1.000088900581841e-12,0.0,0.0,40.6,0.0,0.0,0.0,0.0,0.0,0.0,0.0,13,1,0.5542763157894737,286.99999999999994,143.5,0.0,0.0,0.0,0.0,4
0.0,0.0,0.0,0.0,0.0,0.0,0.0,0.0,2.0,1.0,-1.000088900581841e-12,0.0,0.0,40.0,4.0,0.0,0.0,0.0,0.0,0.0,0.0,14,1,0.5542763157894737,0.0,0.0,0.0,0.0,0.0,0.0,4
0.0,0.0,0.0,0.0,0.0,0.0,0.0,0.0,36.0,2.0,0.6682484776625386,0.0,0.0,39.5,0.0,0.0,0.0,0.0,0.0,0.0,0.0,14,1,0.5542763157894737,0.0,0.0,0.0,0.0,0.0,0.0,4
0.0,0.0,0.0,0.0,0.0,0.0,0.0,0.0,66.0,1.0,-1.000088900581841e-12,0.0,0.0,38.6,0.0,0.0,0.0,0.0,0.0,0.0,0.0,15,1,0.5542763157894737,0.0,0.0,0.0,0.0,0.0,0.0,4
0.0,0.0,0.0,0.0,0.0,0.0,0.0,0.0,8.0,1.0,-1.000088900581841e-12,0.0,0.0,37.93333333333333,0.0,0.0,0.0,0.0,0.0,0.0,0.0,15,1,0.5542763157894737,0.0,0.0,0.0,0.0,0.0,0.0,4
436.0,1.0,-1.000088900581841e-12,0.0,0.0,0.0,0.0,0.0,60.0,4.0,0.9509636324004926,0.0,0.0,37.0,0.0,0.0,0.0,0.0,4.0,0.0,0.0,16,1,0.5542763157894737,218.0,109.0,0.0,0.0,0.0,0.0,4
716.0,1.0,-1.000088900581841e-12,0.0,0.0,0.0,0.0,0.0,4.0,1.0,-1.000088900581841e-12,0.0,0.0,36.23333333333333,0.0,0.0,0.0,0.0,0.0,0.0,0.0,16,1,0.5542763157894737,351.6513424781237,288.0,0.0,0.0,0.0,0.0,4
712.0,3.0,0.1810423452492367,0.0,0.0,0.0,0.0,0.0,146.0,5.0,1.2527140996109731,0.0,0.0,35.53333333333333,0.0,0.0,0.0,0.0,8.0,28.0,4.0,17,1,0.5542763157894737,337.1804660217828,466.0,0.0,0.0,0.0,0.0,3
708.0,5.0,1.3862751699288618,0.0,0.0,0.0,0.0,0.0,384.0,7.0,0.7098386537956601,0.0,0.0,33.766666666666666,0.0,0.0,0.0,0.0,12.0,466.0,4.0,17,1,0.5542763157894737,138.03864193285375,643.0,0.0,0.0,0.0,0.0,2
708.0,1.0,-1.000088900581841e-12,0.0,0.0,0.0,0.0,0.0,22.0,1.0,-1.000088900581841e-12,0.0,0.0,32.2,0.0,0.0,0.0,0.0,0.0,0.0,0.0,18,1,0.5542763157894737,3.8297084310183855,711.0,0.0,0.0,0.0,0.0,2
436.0,1.0,-1.000088900581841e-12,0.0,0.0,0.0,0.0,0.0,2.0,1.0,-1.000088900581841e-12,0.0,0.0,31.0,0.0,0.0,0.0,0.0,16.0,0.0,0.0,18,1,0.5542763157894737,136.67967417774042,641.0,0.0,0.0,0.0,0.0,2
714.0,1.0,-1.000088900581841e-12,0.0,0.0,0.0,0.0,0.0,48.0,4.0,0.9830877585707856,0.0,0.0,25.066666666666663,0.0,0.0,0.0,0.0,16.0,312.0,8.0,19,1,0.5542763157894737,167.26326554267663,566.5,0.0,0.0,0.0,0.0,2
716.0,1.0,-1.000088900581841e-12,0.0,0.0,0.0,0.0,0.0,28.0,3.0,0.796311640170813,0.0,0.0,23.666666666666668,0.0,0.0,0.0,0.0,4.0,0.0,0.0,20,1,0.5542763157894737,169.55136881389845,568.5,0.0,0.0,0.0,0.0,2
714.0,3.0,0.7341873635505871,0.0,0.0,0.0,0.0,0.0,46.0,4.0,1.1680347446230388,0.0,0.0,22.566666666666663,0.0,0.0,0.0,0.0,4.0,284.0,4.0,20,1,0.5542763157894737,153.3362318566618,638.0,0.0,0.0,0.0,0.0,2
714.0,3.0,0.1815098490169624,0.0,0.0,0.0,0.0,0.0,8.0,2.0,0.6931471805579453,0.0,0.0,21.466666666666665,0.0,0.0,0.0,0.0,8.0,126.0,2.0,21,0,0.5542763157894737,0.999999999976552,714.5,0.0,0.0,0.0,0.0,2
716.0,3.0,0.9329304299509432,0.0,0.0,0.0,0.0,0.0,32.0,2.0,0.6615632381559821,0.0,0.0,20.23333333333333,0.0,0.0,0.0,0.0,8.0,446.0,10.0,21,0,0.5542763157894737,1.1547005383589533,715.0,0.0,0.0,0.0,0.0,2
716.0,3.0,0.4707589110967846,0.0,0.0,0.0,0.0,0.0,16.0,2.0,0.5623351446168083,0.0,0.0,19.133333333333333,0.0,0.0,0.0,0.0,24.0,10.0,4.0,22,0,0.5542763157894737,1.1547005383589533,715.0,0.0,0.0,0.0,0.0,2
714.0,2.0,0.2078930555103486,0.0,0.0,0.0,0.0,0.0,48.0,4.0,0.9830877585707856,0.0,0.0,18.0,0.0,0.0,0.0,0.0,4.0,48.0,2.0,22,0,0.5542763157894737,1.1547005383589533,715.0,0.0,0.0,0.0,0.0,2
716.0,1.0,-1.000088900581841e-12,0.0,0.0,0.0,0.0,0.0,10.0,2.0,0.5004024235361879,0.0,0.0,16.766666666666666,0.0,0.0,0.0,0.0,16.0,76.0,6.0,23,0,0.5542763157894737,0.999999999976552,715.5,0.0,0.0,0.0,0.0,2
458.0,4.0,0.6353728778768121,0.0,0.0,0.0,0.0,0.0,10.0,3.0,1.054920167983144,0.0,0.0,16.0,4.0,0.0,0.0,0.0,10.0,340.0,6.0,23,0,0.5542763157894737,128.67012085173448,651.0,0.0,0.0,0.0,0.0,2
0.0,0.0,0.0,0.0,0.0,0.0,0.0,0.0,0.0,0.0,0.0,0.0,2.0,0.0,2.0,0.0,2.0,0.0,4.0,80.0,4.0,0,0,0.5542763157894737,337.1844203597392,472.0,0.0,0.0,0.0,0.0,2
476.0,3.0,0.7335704431047273,0.0,0.0,0.0,0.0,0.0,66.0,5.0,0.8740735854024158,0.0,0.0,100.0,0.0,4.0,0.0,0.0,4.0,350.0,2.0,9,1,0.5542763157894737,357.2240193492033,298.5,0.0,0.0,0.0,0.0,3
716.0,1.0,-1.000088900581841e-12,0.0,0.0,0.0,0.0,0.0,14.0,5.0,1.5498260458732018,0.0,0.0,100.0,0.0,0.0,0.0,0.0,0.0,0.0,0.0,10,1,0.5542763157894737,357.2240193492033,298.5,0.0,0.0,0.0,0.0,3
506.0,1.0,-1.000088900581841e-12,0.0,0.0,0.0,0.0,0.0,22.0,2.0,0.3046360973472382,0.0,0.0,100.0,0.0,0.0,0.0,0.0,0.0,0.0,0.0,10,1,0.5542763157894737,302.47148625944885,424.5,0.0,0.0,0.0,0.0,3
618.0,1.0,-1.000088900581841e-12,0.0,0.0,0.0,0.0,0.0,46.0,8.0,1.846997271256704,0.0,0.0,100.0,0.0,0.0,0.0,0.0,8.0,8.0,2.0,11,1,0.5542763157894737,109.89085494252896,579.0,0.0,0.0,0.0,0.0,3
716.0,1.0,-1.000088900581841e-12,0.0,0.0,0.0,0.0,0.0,30.0,2.0,0.2449300267926353,0.0,0.0,100.0,0.0,0.0,0.0,0.0,0.0,0.0,0.0,11,1,0.5542763157894737,99.9799979995996,639.0,0.0,0.0,0.0,0.0,3
214.0,1.0,-1.000088900581841e-12,0.0,0.0,0.0,0.0,0.0,24.0,4.0,0.9830877585707856,0.0,0.0,100.0,0.0,0.0,0.0,0.0,0.0,0.0,0.0,12,1,0.5542763157894737,217.3192735738517,513.5,0.0,0.0,0.0,0.0,3
0.0,0.0,0.0,0.0,0.0,0.0,0.0,0.0,8.0,3.0,1.039720770836918,0.0,0.0,100.0,0.0,0.0,0.0,0.0,0.0,0.0,0.0,12,1,0.5542763157894737,337.2931464863563,387.0,0.0,0.0,0.0,0.0,3
0.0,0.0,0.0,0.0,0.0,0.0,0.0,0.0,20.0,4.0,1.1935496040941331,0.0,0.0,99.13333333333334,0.0,0.0,0.0,0.0,0.0,0.0,0.0,13,1,0.5542763157894737,337.75089439802616,232.5,0.0,0.0,0.0,0.0,3
0.0,0.0,0.0,0.0,0.0,0.0,0.0,0.0,28.0,4.0,0.895332665964091,0.0,0.0,98.0,0.0,0.0,0.0,0.0,4.0,0.0,0.0,13,1,0.5542763157894737,106.99999999999976,53.5,0.0,0.0,0.0,0.0,3
0.0,0.0,0.0,0.0,0.0,0.0,0.0,0.0,16.0,3.0,1.039720770836918,0.0,0.0,97.3,0.0,0.0,0.0,0.0,0.0,0.0,0.0,14,1,0.5542763157894737,0.0,0.0,0.0,0.0,0.0,0.0,3
0.0,0.0,0.0,0.0,0.0,0.0,0.0,0.0,36.0,3.0,0.8486855577234171,0.0,0.0,96.6,0.0,0.0,0.0,0.0,0.0,0.0,0.0,14,1,0.5542763157894737,0.0,0.0,0.0,0.0,0.0,0.0,3
0.0,0.0,0.0,0.0,0.0,0.0,0.0,0.0,16.0,2.0,0.5623351446168083,0.0,0.0,95.9,4.0,0.0,0.0,0.0,0.0,0.0,0.0,15,1,0.5542763157894737,0.0,0.0,0.0,0.0,0.0,0.0,3
0.0,0.0,0.0,0.0,0.0,0.0,0.0,0.0,38.0,3.0,0.7080189760532729,0.0,0.0,95.0,0.0,0.0,0.0,0.0,0.0,0.0,0.0,15,1,0.5542763157894737,0.0,0.0,0.0,0.0,0.0,0.0,3
0.0,0.0,0.0,0.0,0.0,0.0,0.0,0.0,0.0,0.0,0.0,0.0,0.0,94.16666666666669,4.0,0.0,0.0,0.0,0.0,0.0,0.0,16,1,0.5542763157894737,0.0,0.0,0.0,0.0,0.0,0.0,3
644.0,4.0,0.5937565967786035,0.0,0.0,0.0,0.0,0.0,98.0,7.0,1.2003628618472315,0.0,0.0,93.26666666666668,0.0,0.0,0.0,0.0,4.0,418.0,4.0,16,1,0.5542763157894737,321.9999999999999,161.0,0.0,0.0,0.0,0.0,3
716.0,1.0,-1.000088900581841e-12,0.0,0.0,0.0,0.0,0.0,32.0,2.0,0.3767701612544368,0.0,0.0,92.16666666666669,0.0,0.0,0.0,0.0,0.0,0.0,0.0,17,1,0.5542763157894737,393.6970070159707,340.0,0.0,0.0,0.0,0.0,3
196.0,1.0,-1.000088900581841e-12,0.0,0.0,0.0,0.0,0.0,102.0,3.0,0.4936813542333378,0.0,0.0,91.5,0.0,0.0,0.0,0.0,0.0,0.0,0.0,17,1,0.5542763157894737,346.6621794581385,389.0,0.0,0.0,0.0,0.0,3
20.0,2.0,0.6931471805579453,0.0,0.0,0.0,0.0,0.0,10.0,3.0,1.054920167983144,0.0,0.0,90.9,4.0,0.0,0.0,0.0,4.0,68.0,4.0,18,1,0.5542763157894737,339.24622326563923,394.0,0.0,0.0,0.0,0.0,3
716.0,1.0,-1.000088900581841e-12,0.0,0.0,0.0,0.0,0.0,40.0,3.0,0.8018185525403373,0.0,0.0,89.96666666666667,0.0,0.0,0.0,0.0,8.0,0.0,0.0,18,1,0.5542763157894737,358.307130824939,412.0,0.0,0.0,0.0,0.0,3
710.0,1.0,-1.000088900581841e-12,0.0,0.0,0.0,0.0,0.0,24.0,2.0,0.4505612088643047,0.0,0.0,89.0,0.0,0.0,0.0,0.0,0.0,0.0,0.0,19,1,0.5542763157894737,356.6188441459592,410.5,0.0,0.0,0.0,0.0,3
716.0,4.0,0.7446989312069673,0.0,0.0,0.0,0.0,0.0,96.0,9.0,1.5714198078311767,0.0,0.0,86.33333333333333,0.0,2.0,0.0,4.0,12.0,500.0,10.0,20,1,0.5542763157894737,15.26433752247205,706.5,0.0,0.0,0.0,0.0,3
714.0,1.0,-1.000088900581841e-12,0.0,0.0,0.0,0.0,0.0,50.0,3.0,0.5296435025373523,0.0,0.0,85.0,0.0,0.0,0.0,0.0,0.0,0.0,0.0,20,1,0.5542763157894737,14.87727573627919,706.0,0.0,0.0,0.0,0.0,3
716.0,2.0,0.0484166396674798,0.0,0.0,0.0,0.0,0.0,28.0,4.0,1.2396593920503858,0.0,0.0,84.2,0.0,0.0,0.0,0.0,8.0,40.0,8.0,21,0,0.5542763157894737,15.695009822656422,707.5,0.0,0.0,0.0,0.0,3
716.0,1.0,-1.000088900581841e-12,0.0,0.0,0.0,0.0,0.0,44.0,2.0,0.3046360973472382,0.0,0.0,83.63333333333334,0.0,0.0,0.0,0.0,0.0,0.0,0.0,21,0,0.5542763157894737,0.9999999999739752,715.5,0.0,0.0,0.0,0.0,3
714.0,2.0,0.6198382742565458,0.0,0.0,0.0,0.0,0.0,56.0,4.0,1.1574930712580982,0.0,0.0,83.0,0.0,0.0,0.0,0.0,12.0,112.0,10.0,22,0,0.5542763157894737,1.1547005383567217,715.0,0.0,0.0,0.0,0.0,3
716.0,2.0,0.0192154609927474,0.0,0.0,0.0,0.0,0.0,92.0,5.0,0.7603037234208736,0.0,0.0,82.3,0.0,0.0,0.0,0.0,0.0,10.0,0.0,22,0,0.5542763157894737,0.9999999999739752,715.5,0.0,0.0,0.0,0.0,3
714.0,1.0,-1.000088900581841e-12,0.0,0.0,0.0,0.0,0.0,58.0,3.0,0.6970745231843933,0.0,0.0,81.13333333333334,0.0,0.0,0.0,0.0,0.0,0.0,0.0,23,0,0.5542763157894737,1.1547005383567217,715.0,0.0,0.0,0.0,0.0,3
2.0,1.0,-1.000088900581841e-12,0.0,0.0,0.0,0.0,0.0,104.0,3.0,0.4310711023457769,0.0,0.0,80.5,0.0,0.0,0.0,0.0,0.0,0.0,0.0,23,0,0.5542763157894737,356.33458060274376,536.5,0.0,0.0,0.0,0.0,3
0.0,0.0,0.0,0.0,0.0,0.0,0.0,0.0,106.0,3.0,0.6369221017389903,0.0,0.0,79.83333333333333,0.0,0.0,0.0,0.0,0.0,0.0,0.0,0,0,0.5542763157894737,412.2297094258652,358.0,0.0,0.0,0.0,0.0,3
0.0,0.0,0.0,0.0,0.0,0.0,0.0,0.0,72.0,2.0,0.2145591551744051,0.0,0.0,79.0,0.0,0.0,0.0,0.0,0.0,0.0,0.0,0,0,0.5542763157894737,356.6679127704088,179.0,0.0,0.0,0.0,0.0,3
226.0,6.0,1.2064142432376803,0.0,0.0,0.0,0.0,0.0,200.0,5.0,1.1291075114018438,0.0,0.0,78.06666666666666,0.0,0.0,0.0,0.0,8.0,630.0,4.0,1,0,0.5542763157894737,112.67061137078558,57.0,0.0,0.0,0.0,0.0,3
60.0,1.0,-1.000088900581841e-12,0.0,0.0,0.0,0.0,0.0,62.0,4.0,0.919907457202488,0.0,0.0,65.4,0.0,0.0,0.0,0.0,4.0,0.0,2.0,9,1,0.5542763157894737,29.9999999999985,15.0,0.0,0.0,0.0,0.0,3
714.0,1.0,-1.000088900581841e-12,0.0,0.0,0.0,0.0,0.0,10.0,2.0,0.5004024235361879,0.0,0.0,64.4,0.0,0.0,0.0,0.0,0.0,0.0,0.0,10,1,0.5542763157894737,348.1508293828982,193.5,0.0,0.0,0.0,0.0,3
656.0,1.0,-1.000088900581841e-12,0.0,0.0,0.0,0.0,0.0,14.0,3.0,0.9556998911095343,0.0,0.0,63.6551724137931,0.0,0.0,0.0,0.0,0.0,0.0,0.0,10,1,0.5542763157894737,379.6959309763536,357.5,0.0,0.0,0.0,0.0,3
0.0,0.0,0.0,0.0,0.0,0.0,0.0,0.0,4.0,1.0,-1.000088900581841e-12,0.0,0.0,62.7,4.0,0.0,0.0,0.0,0.0,0.0,0.0,11,1,0.5542763157894737,379.6959309763536,357.5,0.0,0.0,0.0,0.0,3
334.0,6.0,1.454376097299804,0.0,0.0,0.0,0.0,0.0,136.0,5.0,0.7932778680754639,0.0,0.0,61.4,0.0,0.0,0.0,0.0,4.0,1592.0,4.0,11,1,0.5542763157894737,329.53704900460974,426.0,0.0,0.0,0.0,0.0,3
718.0,5.0,1.0576625859968574,0.0,0.0,0.0,0.0,0.0,124.0,4.0,0.6575966447430102,0.0,0.0,58.2,0.0,0.0,0.0,0.0,4.0,5052.0,0.0,12,1,0.5542763157894737,330.7063148273201,427.0,0.0,0.0,0.0,0.0,3
710.0,2.0,0.3028635661198684,0.0,0.0,0.0,0.0,0.0,526.0,4.0,0.7958025751645899,0.0,0.0,55.96666666666667,0.0,0.0,0.0,0.0,20.0,448.0,8.0,12,1,0.5542763157894737,344.0053294160812,440.5,0.0,0.0,0.0,0.0,3
716.0,1.0,-1.000088900581841e-12,0.0,0.0,0.0,0.0,0.0,120.0,2.0,0.1461447460065638,0.0,0.0,55.0,0.0,0.0,0.0,0.0,0.0,0.0,0.0,13,1,0.5542763157894737,190.36368701339347,619.5,0.0,0.0,0.0,0.0,3
124.0,1.0,-1.000088900581841e-12,0.0,0.0,0.0,0.0,0.0,128.0,1.0,-1.000088900581841e-12,0.0,0.0,54.03333333333333,2.0,0.0,0.0,0.0,0.0,0.0,0.0,13,1,0.5542763157894737,295.35289626704736,567.0,0.0,0.0,0.0,0.0,3
0.0,0.0,0.0,0.0,0.0,0.0,0.0,0.0,310.0,2.0,0.0689522373420046,0.0,0.0,53.6,0.0,0.0,0.0,0.0,0.0,0.0,0.0,14,1,0.5542763157894737,379.2567292305656,387.5,0.0,0.0,0.0,0.0,3
0.0,0.0,0.0,0.0,0.0,0.0,0.0,0.0,194.0,4.0,0.3281713688568745,0.0,0.0,52.766666666666666,4.0,0.0,0.0,0.0,4.0,0.0,0.0,14,1,0.5542763157894737,342.3604338510316,210.0,0.0,0.0,0.0,0.0,3
264.0,2.0,0.0785157640969041,0.0,0.0,0.0,0.0,0.0,78.0,5.0,1.1369292087393978,0.0,0.0,51.833333333333336,0.0,0.0,0.0,0.0,4.0,24.0,4.0,15,1,0.5542763157894737,125.74577527694476,97.0,0.0,0.0,0.0,0.0,3
716.0,5.0,0.483187035451641,0.0,0.0,0.0,0.0,0.0,80.0,9.0,1.7997146112446265,0.0,0.0,49.93333333333333,0.0,0.0,0.0,0.0,12.0,1148.0,6.0,15,1,0.5542763157894737,337.7632306809016,245.0,0.0,0.0,0.0,0.0,3
716.0,1.0,-1.000088900581841e-12,0.0,0.0,0.0,0.0,0.0,160.0,2.0,0.1169068491355311,0.0,0.0,48.833333333333336,0.0,0.0,0.0,0.0,0.0,0.0,0.0,16,1,0.5542763157894737,353.979283762953,424.0,0.0,0.0,0.0,0.0,3
324.0,1.0,-1.000088900581841e-12,0.0,0.0,0.0,0.0,0.0,266.0,1.0,-1.000088900581841e-12,0.0,0.0,48.0,4.0,0.0,0.0,0.0,0.0,0.0,0.0,16,1,0.5542763157894737,244.8700335552172,505.0,0.0,0.0,0.0,0.0,3
288.0,1.0,-1.000088900581841e-12,0.0,0.0,0.0,0.0,0.0,472.0,2.0,0.2250979855733572,0.0,0.0,47.0,0.0,0.0,0.0,0.0,8.0,0.0,0.0,17,1,0.5542763157894737,237.169419051726,511.0,0.0,0.0,0.0,0.0,3
704.0,3.0,0.2365919833123554,0.0,0.0,0.0,0.0,0.0,408.0,6.0,0.7600907668363807,0.0,0.0,45.6,4.0,0.0,0.0,0.0,24.0,22.0,2.0,17,1,0.5542763157894737,233.7634131623963,508.0,0.0,0.0,0.0,0.0,3
716.0,1.0,-1.000088900581841e-12,0.0,0.0,0.0,0.0,0.0,184.0,2.0,0.646090505058809,0.0,0.0,44.6,0.0,0.0,0.0,0.0,12.0,0.0,0.0,18,1,0.5542763157894737,233.7634131623963,508.0,0.0,0.0,0.0,0.0,3
716.0,1.0,-1.000088900581841e-12,0.0,0.0,0.0,0.0,0.0,222.0,3.0,0.2061993777024992,0.0,0.0,43.833333333333336,4.0,0.0,0.0,0.0,0.0,0.0,0.0,18,1,0.5542763157894737,212.07545826898468,606.0,0.0,0.0,0.0,0.0,3
502.0,1.0,-1.000088900581841e-12,0.0,0.0,0.0,0.0,0.0,198.0,1.0,-1.000088900581841e-12,0.0,0.0,43.0,0.0,0.0,0.0,0.0,0.0,0.0,0.0,19,1,0.5542763157894737,105.15227054134334,659.5,0.0,0.0,0.0,0.0,5
712.0,3.0,0.9512402314522004,0.0,0.0,0.0,0.0,0.0,258.0,5.0,0.7972175960648573,0.0,0.0,41.6,0.0,0.0,0.0,0.0,12.0,814.0,2.0,19,1,0.5542763157894737,106.3500509324429,661.5,0.0,0.0,0.0,0.0,5
716.0,1.0,-1.000088900581841e-12,0.0,0.0,0.0,0.0,0.0,160.0,3.0,0.3943976914444427,0.0,0.0,40.46666666666667,0.0,0.0,0.0,0.0,4.0,0.0,0.0,20,1,0.5542763157894737,106.3500509324429,661.5,0.0,0.0,0.0,0.0,5
714.0,4.0,0.9466095880157148,0.0,0.0,0.0,0.0,0.0,302.0,5.0,0.7486852308489436,0.0,0.0,39.5,4.0,0.0,0.0,0.0,24.0,592.0,6.0,20,1,0.5542763157894737,106.01257787011188,661.0,0.0,0.0,0.0,0.0,5
712.0,5.0,1.12821295274512,0.0,0.0,0.0,0.0,0.0,352.0,6.0,1.2712304534951058,0.0,0.0,36.93333333333333,0.0,0.0,0.0,0.0,28.0,990.0,20.0,21,0,0.5542763157894737,1.914854215477212,713.5,0.0,0.0,0.0,0.0,5
714.0,1.0,-1.000088900581841e-12,0.0,0.0,0.0,0.0,0.0,38.0,3.0,0.8569977547750646,0.0,0.0,35.0,0.0,0.0,0.0,0.0,0.0,0.0,0.0,21,0,0.5542763157894737,1.6329931618138664,714.0,0.0,0.0,0.0,0.0,3
714.0,2.0,0.6658717844779958,0.0,0.0,0.0,0.0,0.0,122.0,5.0,1.1108118782083434,0.0,0.0,34.0,0.0,0.0,0.0,0.0,16.0,2.0,2.0,22,0,0.5542763157894737,0.9999999999321004,713.5,0.0,0.0,0.0,0.0,3
716.0,3.0,0.2732869515512391,0.0,0.0,0.0,0.0,0.0,260.0,4.0,0.5828284645346692,0.0,0.0,32.06666666666667,0.0,0.0,0.0,0.0,44.0,308.0,20.0,22,0,0.5542763157894737,1.6329931618138664,714.0,0.0,0.0,0.0,0.0,3
714.0,3.0,0.6837747294845753,0.0,0.0,0.0,0.0,0.0,168.0,4.0,0.8633258770498908,0.0,0.0,30.23333333333333,0.0,0.0,0.0,0.0,24.0,828.0,14.0,23,0,0.5542763157894737,0.9999999999321004,714.5,0.0,0.0,0.0,0.0,3
710.0,2.0,0.560002207876377,0.0,0.0,0.0,0.0,0.0,74.0,4.0,0.5385898690772236,0.0,0.0,28.4,0.0,0.0,0.0,0.0,8.0,0.0,0.0,23,0,0.5542763157894737,2.5166114783965954,713.5,0.0,0.0,0.0,0.0,3
716.0,8.0,1.338460343292759,0.0,0.0,0.0,0.0,0.0,86.0,6.0,1.4850623430167371,0.0,0.0,26.8,0.0,0.0,0.0,0.0,24.0,542.0,8.0,0,0,0.5542763157894737,2.828427124722174,714.0,0.0,0.0,0.0,0.0,3
0.0,0.0,0.0,0.0,0.0,0.0,0.0,0.0,50.0,5.0,1.2000778987743312,0.0,0.0,100.0,0.0,2.0,4.0,0.0,0.0,0.0,0.0,8,1,0.5542763157894737,411.6580295990024,356.5,0.0,0.0,0.0,0.0,3
712.0,1.0,-1.000088900581841e-12,0.0,0.0,0.0,0.0,0.0,32.0,3.0,0.8305236914798463,0.0,0.0,100.0,0.0,4.0,2.0,0.0,0.0,0.0,0.0,9,1,0.5542763157894737,356.3420641275269,534.5,0.0,0.0,0.0,0.0,3
716.0,1.0,-1.000088900581841e-12,0.0,0.0,0.0,0.0,0.0,76.0,6.0,1.2984211678164406,0.0,0.0,100.0,0.0,8.0,6.0,0.0,0.0,0.0,0.0,9,1,0.5542763157894737,356.3420641275269,534.5,0.0,0.0,0.0,0.0,3
714.0,4.0,0.6937046202326369,0.0,0.0,0.0,0.0,0.0,86.0,8.0,1.7973660886064824,0.0,0.0,100.0,0.0,4.0,0.0,0.0,8.0,474.0,4.0,10,1,0.5542763157894737,357.0037348077279,535.5,0.0,0.0,0.0,0.0,3
706.0,2.0,0.3815656626096953,0.0,0.0,0.0,0.0,0.0,86.0,5.0,1.3476664808375878,0.0,0.0,100.0,0.0,0.0,0.0,0.0,20.0,14.0,8.0,11,1,0.5542763157894737,4.760952285678938,713.0,0.0,0.0,0.0,0.0,3
316.0,6.0,0.9024313781944722,0.0,0.0,0.0,0.0,0.0,176.0,7.0,1.5848962299718847,0.0,0.0,100.0,0.0,0.0,0.0,0.0,28.0,12.0,4.0,11,1,0.5542763157894737,198.0471324373734,613.0,0.0,0.0,0.0,0.0,3
358.0,1.0,-1.000088900581841e-12,0.0,0.0,0.0,0.0,0.0,74.0,9.0,1.868316863298649,0.0,0.0,97.46666666666668,0.0,0.0,0.0,0.0,2.0,42.0,0.0,12,1,0.5542763157894737,216.64717861075377,524.0,0.0,0.0,0.0,0.0,3
704.0,3.0,0.7060493369728442,0.0,0.0,0.0,0.0,0.0,84.0,6.0,1.3670778277997755,0.0,0.0,94.96666666666668,0.0,0.0,0.0,0.0,10.0,46.0,2.0,12,1,0.5542763157894737,213.15721897228772,521.0,0.0,0.0,0.0,0.0,3
712.0,1.0,-1.000088900581841e-12,0.0,0.0,0.0,0.0,0.0,34.0,5.0,1.2341113432688555,0.0,0.0,93.36666666666666,0.0,0.0,0.0,0.0,2.0,0.0,0.0,13,1,0.5542763157894737,214.9069566114597,522.5,0.0,0.0,0.0,0.0,5
716.0,3.0,0.6676786011836131,0.0,0.0,0.0,0.0,0.0,12.0,3.0,1.0986122886651095,0.0,0.0,92.23333333333332,0.0,0.0,0.0,0.0,2.0,50.0,2.0,13,1,0.5542763157894737,176.40389262522856,622.5,0.0,0.0,0.0,0.0,3
712.0,2.0,0.0616067104707896,0.0,0.0,0.0,0.0,0.0,32.0,5.0,1.4941751382843085,0.0,0.0,91.5,0.0,0.0,0.0,0.0,2.0,42.0,2.0,14,1,0.5542763157894737,5.033222956831427,711.0,0.0,0.0,0.0,0.0,5
714.0,1.0,-1.000088900581841e-12,0.0,0.0,0.0,0.0,0.0,42.0,3.0,0.9099250471507522,0.0,0.0,90.53333333333332,0.0,0.0,0.0,0.0,0.0,0.0,0.0,14,1,0.5542763157894737,1.91485421547128,713.5,0.0,0.0,0.0,0.0,3
570.0,1.0,-1.000088900581841e-12,0.0,0.0,0.0,0.0,0.0,32.0,4.0,1.0735428464045231,0.0,0.0,90.0,2.0,0.0,0.0,0.0,0.0,0.0,0.0,15,1,0.5542763157894737,72.01851613763303,678.0,0.0,0.0,0.0,0.0,5
164.0,2.0,0.2296435515926903,0.0,0.0,0.0,0.0,0.0,32.0,6.0,1.6631355916081727,0.0,0.0,89.13333333333334,0.0,0.0,0.0,0.0,4.0,60.0,2.0,15,1,0.5542763157894737,259.5740099984328,540.0,0.0,0.0,0.0,0.0,5
716.0,2.0,0.6760557322090809,0.0,0.0,0.0,0.0,0.0,50.0,6.0,1.531179848149912,0.0,0.0,88.46666666666667,0.0,0.0,0.0,0.0,6.0,0.0,2.0,16,1,0.5542763157894737,260.4636890880055,541.0,0.0,0.0,0.0,0.0,5
716.0,1.0,-1.000088900581841e-12,0.0,0.0,0.0,0.0,0.0,72.0,4.0,0.5951550802758816,0.0,0.0,87.7,0.0,0.0,0.0,0.0,0.0,0.0,0.0,16,1,0.5542763157894737,260.9080297729448,541.5,0.0,0.0,0.0,0.0,5
652.0,1.0,-1.000088900581841e-12,0.0,0.0,0.0,0.0,0.0,52.0,3.0,0.5359610497060694,0.0,0.0,87.0,2.0,0.0,0.0,0.0,0.0,0.0,0.0,17,1,0.5542763157894737,267.043067687592,562.0,0.0,0.0,0.0,0.0,5
0.0,0.0,0.0,0.0,0.0,0.0,0.0,0.0,12.0,1.0,-1.000088900581841e-12,0.0,0.0,87.0,0.0,0.0,0.0,0.0,0.0,0.0,0.0,17,1,0.5542763157894737,348.6411717893721,521.0,0.0,0.0,0.0,0.0,5
0.0,0.0,0.0,0.0,0.0,0.0,0.0,0.0,28.0,2.0,0.410116318286409,0.0,0.0,86.13333333333334,2.0,0.0,0.0,0.0,0.0,0.0,0.0,18,1,0.5542763157894737,395.7709775446736,342.0,0.0,0.0,0.0,0.0,5
0.0,0.0,0.0,0.0,0.0,0.0,0.0,0.0,168.0,1.0,-1.000088900581841e-12,0.0,0.0,85.5,0.0,0.0,0.0,0.0,0.0,0.0,0.0,18,1,0.5542763157894737,325.9999999999997,163.0,0.0,0.0,0.0,0.0,5
102.0,1.0,-1.000088900581841e-12,0.0,0.0,0.0,0.0,0.0,64.0,6.0,1.197711773418226,0.0,0.0,85.0,0.0,0.0,0.0,0.0,2.0,0.0,2.0,19,1,0.5542763157894737,50.99999999999829,25.5,0.0,0.0,0.0,0.0,5
712.0,2.0,0.2083231799148948,0.0,0.0,0.0,0.0,0.0,56.0,5.0,1.414069619286211,0.0,0.0,83.66666666666667,0.0,0.0,0.0,0.0,4.0,204.0,4.0,19,1,0.5542763157894737,342.3930489948647,203.5,0.0,0.0,0.0,0.0,5
40.0,2.0,0.5623351446168083,0.0,0.0,0.0,0.0,0.0,140.0,6.0,0.8476932151015018,0.0,0.0,82.5,0.0,0.0,0.0,0.0,0.0,52.0,0.0,20,1,0.5542763157894737,334.97213814485104,213.5,0.0,0.0,0.0,0.0,5
716.0,1.0,-1.000088900581841e-12,0.0,0.0,0.0,0.0,0.0,12.0,2.0,0.6365141682928128,0.0,0.0,80.7,0.0,0.0,0.0,0.0,0.0,0.0,0.0,21,0,0.5542763157894737,325.8603995578472,525.5,0.0,0.0,0.0,0.0,4
716.0,1.0,-1.000088900581841e-12,0.0,0.0,0.0,0.0,0.0,44.0,5.0,1.4443559324764563,0.0,0.0,80.0,0.0,0.0,0.0,0.0,4.0,0.0,4.0,21,0,0.5542763157894737,326.6287392948348,526.5,0.0,0.0,0.0,0.0,4
714.0,5.0,0.8152099529372578,0.0,0.0,0.0,0.0,0.0,48.0,4.0,1.126928794796676,0.0,0.0,78.93333333333334,0.0,0.0,0.0,0.0,10.0,674.0,8.0,22,0,0.5542763157894737,40.67759416025607,695.0,0.0,0.0,0.0,0.0,3
716.0,1.0,-1.000088900581841e-12,0.0,0.0,0.0,0.0,0.0,24.0,4.0,1.24245332489,0.0,0.0,75.23333333333333,0.0,0.0,0.0,0.0,2.0,0.0,2.0,0,0,0.5542763157894737,305.5094106570202,464.0,0.0,0.0,0.0,0.0,3
712.0,10.0,1.2792164872150276,0.0,0.0,0.0,0.0,0.0,622.0,8.0,0.7623712396193245,0.0,0.0,74.06666666666666,0.0,0.0,0.0,0.0,4.0,740.0,2.0,1,0,0.5542763157894737,304.4141915220114,463.0,0.0,0.0,0.0,0.0,3
22.0,1.0,-1.000088900581841e-12,0.0,0.0,0.0,0.0,0.0,44.0,2.0,0.3046360973472382,0.0,0.0,62.0,2.0,0.0,0.0,0.0,0.0,0.0,0.0,9,1,0.5542763157894737,346.9999999999997,542.5,0.0,0.0,0.0,0.0,3
0.0,0.0,0.0,0.0,0.0,0.0,0.0,0.0,78.0,5.0,1.3256686280956729,0.0,0.0,61.7,2.0,0.0,0.0,0.0,0.0,0.0,0.0,10,1,0.5542763157894737,407.1310190426007,363.5,0.0,0.0,0.0,0.0,3
158.0,2.0,0.3798377290833588,0.0,0.0,0.0,0.0,0.0,66.0,9.0,1.778879658351466,0.0,0.0,60.793103448275865,0.0,0.0,0.0,0.0,2.0,98.0,2.0,10,1,0.5542763157894737,335.36050254415244,224.0,0.0,0.0,0.0,0.0,3
706.0,5.0,1.1875093971071298,0.0,0.0,0.0,0.0,0.0,56.0,7.0,1.4012945071797849,0.0,0.0,58.0,0.0,0.0,0.0,0.0,0.0,978.0,0.0,11,1,0.5542763157894737,330.47188483540697,221.5,0.0,0.0,0.0,0.0,3
714.0,1.0,-1.000088900581841e-12,0.0,0.0,0.0,0.0,0.0,80.0,3.0,0.3943976914444427,0.0,0.0,56.3,0.0,0.0,0.0,0.0,0.0,0.0,0.0,11,1,0.5542763157894737,369.9887385673603,394.5,0.0,0.0,0.0,0.0,3
460.0,1.0,-1.000088900581841e-12,0.0,0.0,0.0,0.0,0.0,96.0,6.0,0.95251274687316,0.0,0.0,55.63333333333333,2.0,0.0,0.0,0.0,2.0,0.0,0.0,12,1,0.5542763157894737,262.3197794041968,509.5,0.0,0.0,0.0,0.0,3
0.0,0.0,0.0,0.0,0.0,0.0,0.0,0.0,12.0,2.0,0.6365141682928128,0.0,0.0,55.0,0.0,0.0,0.0,0.0,0.0,0.0,0.0,12,1,0.5542763157894737,334.7795294418898,470.0,0.0,0.0,0.0,0.0,3
508.0,2.0,0.1659370311839314,0.0,0.0,0.0,0.0,0.0,98.0,7.0,1.6909310794148622,0.0,0.0,54.0,2.0,0.0,0.0,0.0,6.0,18.0,6.0,13,1,0.5542763157894737,301.20812295376953,420.5,0.0,0.0,0.0,0.0,3
716.0,3.0,0.8466022726548564,0.0,0.0,0.0,0.0,0.0,86.0,6.0,1.542718281734914,0.0,0.0,52.63333333333333,0.0,0.0,0.0,0.0,4.0,2.0,2.0,13,1,0.5542763157894737,301.8586865847436,421.0,0.0,0.0,0.0,0.0,3
710.0,4.0,0.8851319281683349,0.0,0.0,0.0,0.0,0.0,52.0,4.0,1.2658567518687374,0.0,0.0,51.56666666666667,0.0,0.0,0.0,0.0,6.0,134.0,6.0,14,1,0.5542763157894737,336.5169634159123,483.5,0.0,0.0,0.0,0.0,3
716.0,3.0,0.7716556235173365,0.0,0.0,0.0,0.0,0.0,76.0,4.0,1.201709803293535,0.0,0.0,49.63333333333333,0.0,0.0,0.0,0.0,10.0,40.0,8.0,14,1,0.5542763157894737,103.03882763308115,662.5,0.0,0.0,0.0,0.0,3
716.0,1.0,-1.000088900581841e-12,0.0,0.0,0.0,0.0,0.0,30.0,4.0,1.251989420809713,0.0,0.0,48.266666666666666,0.0,0.0,0.0,0.0,0.0,0.0,0.0,15,1,0.5542763157894737,2.999999999968875,714.5,0.0,0.0,0.0,0.0,3
714.0,4.0,0.7543847579631905,0.0,0.0,0.0,0.0,0.0,136.0,5.0,1.2581225211856355,0.0,0.0,44.766666666666666,0.0,0.0,0.0,0.0,12.0,738.0,6.0,16,1,0.5542763157894737,1.1547005382983702,715.0,0.0,0.0,0.0,0.0,3
714.0,3.0,0.1521639842216854,0.0,0.0,0.0,0.0,0.0,170.0,6.0,1.14398395744484,0.0,0.0,42.23333333333333,0.0,2.0,0.0,0.0,24.0,230.0,6.0,16,1,0.5542763157894737,0.9999999999065968,714.5,0.0,0.0,0.0,0.0,3
714.0,5.0,0.3292689462697323,0.0,0.0,0.0,0.0,0.0,70.0,7.0,1.4420386657041997,0.0,0.0,40.766666666666666,0.0,0.0,0.0,0.0,8.0,262.0,8.0,17,1,0.5542763157894737,0.0,714.0,0.0,0.0,0.0,0.0,3
716.0,2.0,0.0962946191363927,0.0,0.0,0.0,0.0,0.0,22.0,3.0,1.0361987848162837,0.0,0.0,39.833333333333336,0.0,0.0,0.0,0.0,6.0,22.0,4.0,17,1,0.5542763157894737,0.9999999999065968,714.5,0.0,0.0,0.0,0.0,3
716.0,3.0,0.5360353746960584,0.0,0.0,0.0,0.0,0.0,76.0,2.0,0.5146531654269293,0.0,0.0,38.36666666666667,0.0,0.0,0.0,0.0,12.0,1476.0,8.0,18,1,0.5542763157894737,1.1547005382983702,715.0,0.0,0.0,0.0,0.0,3
716.0,1.0,-1.000088900581841e-12,0.0,0.0,0.0,0.0,0.0,28.0,2.0,0.6829081046984717,0.0,0.0,37.0,0.0,0.0,0.0,0.0,0.0,0.0,0.0,18,1,0.5542763157894737,0.9999999999065968,715.5,0.0,0.0,0.0,0.0,3
716.0,4.0,0.8025639950337105,0.0,0.0,0.0,0.0,0.0,180.0,3.0,0.7588353290768185,0.0,0.0,35.8,0.0,0.0,0.0,0.0,2.0,208.0,2.0,19,1,0.5542763157894737,0.0,716.0,0.0,0.0,0.0,0.0,3
716.0,2.0,0.2532052076691114,0.0,0.0,0.0,0.0,0.0,52.0,3.0,0.8981370031848679,0.0,0.0,34.93333333333333,0.0,0.0,0.0,0.0,2.0,8.0,2.0,19,1,0.5542763157894737,0.0,716.0,0.0,0.0,0.0,0.0,3
714.0,1.0,-1.000088900581841e-12,0.0,0.0,0.0,0.0,0.0,26.0,3.0,0.6870920273769716,0.0,0.0,33.9,0.0,0.0,0.0,0.0,0.0,0.0,0.0,20,1,0.5542763157894737,0.9999999999065968,715.5,0.0,0.0,0.0,0.0,3
664.0,1.0,-1.000088900581841e-12,0.0,0.0,0.0,0.0,0.0,20.0,3.0,0.9502705392302344,0.0,0.0,32.93333333333333,0.0,0.0,0.0,0.0,0.0,0.0,0.0,20,1,0.5542763157894737,25.68397684679069,702.5,0.0,0.0,0.0,0.0,3
0.0,0.0,0.0,0.0,0.0,0.0,0.0,0.0,80.0,3.0,0.5181862130472128,0.0,0.0,31.33333333333333,0.0,0.0,0.0,0.0,4.0,0.0,0.0,21,0,0.5542763157894737,349.8280530012801,523.5,0.0,0.0,0.0,0.0,3
0.0,0.0,0.0,0.0,0.0,0.0,0.0,0.0,4.0,1.0,-1.000088900581841e-12,0.0,0.0,30.566666666666663,0.0,0.0,0.0,0.0,0.0,0.0,0.0,21,0,0.5542763157894737,398.3177123854773,344.5,0.0,0.0,0.0,0.0,3
0.0,0.0,0.0,0.0,0.0,0.0,0.0,0.0,76.0,2.0,0.2061920506312318,0.0,0.0,29.433333333333334,0.0,0.0,0.0,0.0,0.0,0.0,0.0,22,0,0.5542763157894737,331.99999999999966,166.0,0.0,0.0,0.0,0.0,3
0.0,0.0,0.0,0.0,0.0,0.0,0.0,0.0,0.0,0.0,0.0,0.0,0.0,28.3,0.0,0.0,0.0,0.0,0.0,0.0,0.0,22,0,0.5542763157894737,0.0,0.0,0.0,0.0,0.0,0.0,3
0.0,0.0,0.0,0.0,0.0,0.0,0.0,0.0,60.0,1.0,-1.000088900581841e-12,0.0,0.0,27.2,0.0,0.0,0.0,0.0,0.0,0.0,0.0,23,0,0.5542763157894737,0.0,0.0,0.0,0.0,0.0,0.0,3
0.0,0.0,0.0,0.0,0.0,0.0,0.0,0.0,0.0,0.0,0.0,0.0,0.0,26.066666666666663,0.0,0.0,0.0,0.0,0.0,0.0,0.0,23,0,0.5542763157894737,0.0,0.0,0.0,0.0,0.0,0.0,3
0.0,0.0,0.0,0.0,0.0,0.0,0.0,0.0,40.0,2.0,0.3250829733894482,0.0,0.0,24.9,0.0,0.0,0.0,0.0,0.0,0.0,0.0,0,0,0.5542763157894737,0.0,0.0,0.0,0.0,0.0,0.0,3
332.0,2.0,0.0652143635094322,0.0,0.0,0.0,0.0,0.0,16.0,4.0,1.2130075659759043,0.0,0.0,23.86206896551724,0.0,0.0,0.0,0.0,4.0,30.0,4.0,0,0,0.5542763157894737,165.99999999999935,83.0,0.0,0.0,0.0,0.0,3
714.0,6.0,1.0568759996686938,0.0,0.0,0.0,0.0,0.0,260.0,4.0,0.6307523075341487,0.0,0.0,22.5,0.0,0.0,0.0,0.0,20.0,742.0,16.0,1,0,0.5542763157894737,339.8484956565202,261.5,0.0,0.0,0.0,0.0,3
718.0,1.0,-1.000088900581841e-12,0.0,0.0,0.0,0.0,0.0,20.0,1.0,-1.000088900581841e-12,0.0,0.0,19.83333333333333,0.0,0.0,0.0,0.0,0.0,1376.0,0.0,1,0,0.5542763157894737,345.26318463842404,441.0,0.0,0.0,0.0,0.0,3
560.0,1.0,-1.000088900581841e-12,0.0,0.0,0.0,0.0,0.0,4.0,1.0,-1.000088900581841e-12,0.0,0.0,17.0,0.0,0.0,0.0,0.0,0.0,1796.0,0.0,2,0,0.5542763157894737,181.5672510852837,581.0,0.0,0.0,0.0,0.0,3
286.0,1.0,-1.000088900581841e-12,0.0,0.0,0.0,0.0,0.0,68.0,2.0,0.4659992569590426,0.0,4.0,25.33333333333333,0.0,0.0,4.0,0.0,0.0,730.0,0.0,2,0,0.5542763157894737,202.8094343630653,569.5,0.0,0.0,0.0,0.0,3
716.0,1.0,-1.000088900581841e-12,0.0,0.0,0.0,0.0,0.0,40.0,3.0,0.6390318596471769,0.0,0.0,45.0,0.0,0.0,0.0,0.0,0.0,0.0,0.0,3,0,0.5542763157894737,203.28633336585403,570.0,0.0,0.0,0.0,0.0,3
716.0,1.0,-1.000088900581841e-12,0.0,0.0,0.0,0.0,0.0,24.0,2.0,0.6365141682928128,0.0,0.0,73.33333333333333,0.0,0.0,0.0,0.0,0.0,0.0,0.0,3,0,0.5542763157894737,202.802859940386,569.5,0.0,0.0,0.0,0.0,3
718.0,1.0,-1.000088900581841e-12,0.0,0.0,0.0,0.0,0.0,14.0,2.0,0.5982695885832573,0.0,0.0,91.56666666666666,0.0,0.0,0.0,0.0,0.0,0.0,0.0,4,0,0.5542763157894737,215.3353973069294,609.0,0.0,0.0,0.0,0.0,3
592.0,1.0,-1.000088900581841e-12,0.0,0.0,0.0,0.0,0.0,16.0,2.0,0.6615632381559821,0.0,0.0,99.2,0.0,0.0,0.0,0.0,0.0,0.0,0.0,4,0,0.5542763157894737,62.34046305035875,685.5,0.0,0.0,0.0,0.0,3
0.0,0.0,0.0,0.0,0.0,0.0,0.0,0.0,16.0,3.0,0.9002560512655369,0.0,0.0,100.0,0.0,0.0,0.0,0.0,0.0,0.0,0.0,5,0,0.5542763157894737,342.7705743885646,506.5,0.0,0.0,0.0,0.0,3
0.0,0.0,0.0,0.0,0.0,0.0,0.0,0.0,12.0,2.0,0.4505612088643047,0.0,0.0,100.0,0.0,0.0,0.0,0.0,0.0,0.0,0.0,5,0,0.5542763157894737,381.6468699378172,327.5,0.0,0.0,0.0,0.0,3
0.0,0.0,0.0,0.0,0.0,0.0,0.0,0.0,376.0,4.0,0.2625760439893222,0.0,0.0,100.0,0.0,0.0,0.0,0.0,0.0,0.0,0.0,6,0,0.5542763157894737,295.9999999999997,148.0,0.0,0.0,0.0,0.0,3
0.0,0.0,0.0,0.0,0.0,0.0,0.0,0.0,10.0,1.0,-1.000088900581841e-12,0.0,0.0,100.0,0.0,0.0,0.0,0.0,0.0,0.0,0.0,6,0,0.5542763157894737,0.0,0.0,0.0,0.0,0.0,0.0,3
0.0,0.0,0.0,0.0,0.0,0.0,0.0,0.0,28.0,4.0,1.2720898688162854,0.0,0.0,100.0,0.0,4.0,6.0,0.0,0.0,0.0,0.0,7,0,0.5542763157894737,0.0,0.0,0.0,0.0,0.0,0.0,3
716.0,1.0,-1.000088900581841e-12,0.0,0.0,0.0,0.0,0.0,16.0,3.0,0.9002560512655369,0.0,0.0,100.0,0.0,0.0,0.0,0.0,0.0,0.0,0.0,7,0,0.5542763157894737,357.9999999999998,179.0,0.0,0.0,0.0,0.0,3
716.0,2.0,0.0484166396674798,0.0,0.0,0.0,0.0,0.0,42.0,8.0,1.935168745596885,0.0,0.0,100.0,0.0,8.0,12.0,0.0,6.0,14.0,2.0,8,1,0.5542763157894737,413.38279273977184,358.0,0.0,0.0,0.0,0.0,3
716.0,2.0,0.2074648942027925,0.0,0.0,0.0,0.0,0.0,28.0,6.0,1.468060203493046,0.0,0.0,100.0,0.0,6.0,6.0,0.0,0.0,266.0,0.0,8,1,0.5542763157894737,357.9999999999998,537.0,0.0,0.0,0.0,0.0,3
714.0,4.0,1.2016126596766727,0.0,0.0,0.0,0.0,0.0,106.0,7.0,1.4041357838267543,0.0,0.0,99.33333333333331,0.0,0.0,0.0,0.0,18.0,1538.0,8.0,11,1,0.5542763157894737,1.63299316180792,716.0,0.0,0.0,0.0,0.0,3
714.0,1.0,-1.000088900581841e-12,0.0,0.0,0.0,0.0,0.0,34.0,3.0,0.803742107313203,0.0,0.0,98.0,0.0,0.0,0.0,0.0,0.0,0.0,0.0,11,1,0.5542763157894737,1.1547005383120472,715.0,0.0,0.0,0.0,0.0,3
462.0,1.0,-1.000088900581841e-12,0.0,0.0,0.0,0.0,0.0,16.0,1.0,-1.000088900581841e-12,0.0,0.0,97.23333333333332,6.0,0.0,0.0,0.0,0.0,0.0,0.0,12,1,0.5542763157894737,126.33685131425368,651.5,0.0,0.0,0.0,0.0,3
0.0,0.0,0.0,0.0,0.0,0.0,0.0,0.0,12.0,2.0,0.6365141682928128,0.0,0.0,97.0,0.0,0.0,0.0,0.0,0.0,0.0,0.0,12,1,0.5542763157894737,336.6556103795091,472.5,0.0,0.0,0.0,0.0,3
694.0,2.0,0.0354656495790407,0.0,0.0,0.0,0.0,0.0,64.0,6.0,0.9522304336777776,0.0,0.0,96.03448275862068,0.0,0.0,0.0,0.0,6.0,24.0,2.0,13,1,0.5542763157894737,331.9894576639443,467.5,0.0,0.0,0.0,0.0,3
716.0,1.0,-1.000088900581841e-12,0.0,0.0,0.0,0.0,0.0,20.0,4.0,1.3321790402061222,0.0,0.0,95.16666666666669,0.0,0.0,0.0,0.0,0.0,0.0,0.0,13,1,0.5542763157894737,332.48558866012,468.0,0.0,0.0,0.0,0.0,3
28.0,1.0,-1.000088900581841e-12,0.0,0.0,0.0,0.0,0.0,38.0,2.0,0.2061920506312318,0.0,0.0,94.4,0.0,0.0,0.0,0.0,0.0,0.0,0.0,14,1,0.5542763157894737,399.213810716346,359.5,0.0,0.0,0.0,0.0,3
412.0,4.0,1.1829906786137887,0.0,0.0,0.0,0.0,0.0,74.0,7.0,1.5441681034504988,0.0,0.0,93.1,0.0,0.0,0.0,0.0,16.0,1198.0,2.0,14,1,0.5542763157894737,321.03738100102896,462.5,0.0,0.0,0.0,0.0,3
716.0,1.0,-1.000088900581841e-12,0.0,0.0,0.0,0.0,0.0,16.0,3.0,1.039720770836918,0.0,0.0,91.0,0.0,0.0,0.0,0.0,16.0,0.0,4.0,15,1,0.5542763157894737,326.4679667797948,468.0,0.0,0.0,0.0,0.0,3
716.0,1.0,-1.000088900581841e-12,0.0,0.0,0.0,0.0,0.0,34.0,3.0,0.5783252866571272,0.0,0.0,90.36666666666666,0.0,0.0,0.0,0.0,8.0,0.0,0.0,15,1,0.5542763157894737,326.4679667797948,468.0,0.0,0.0,0.0,0.0,3
510.0,1.0,-1.000088900581841e-12,0.0,0.0,0.0,0.0,0.0,62.0,3.0,0.3795349255780946,0.0,0.0,89.73333333333333,0.0,0.0,0.0,0.0,0.0,0.0,0.0,16,1,0.5542763157894737,152.5636479200288,588.5,0.0,0.0,0.0,0.0,3
0.0,0.0,0.0,0.0,0.0,0.0,0.0,0.0,108.0,3.0,0.4195558923172334,0.0,0.0,88.76666666666667,0.0,0.0,0.0,0.0,0.0,0.0,0.0,16,1,0.5542763157894737,337.92060211436234,485.5,0.0,0.0,0.0,0.0,3
0.0,0.0,0.0,0.0,0.0,0.0,0.0,0.0,40.0,1.0,-1.000088900581841e-12,0.0,0.0,88.0,8.0,0.0,0.0,0.0,0.0,0.0,0.0,17,1,0.5542763157894737,363.7705320665761,306.5,0.0,0.0,0.0,0.0,3
0.0,0.0,0.0,0.0,0.0,0.0,0.0,0.0,42.0,3.0,0.9302998331803918,0.0,0.0,87.06666666666666,0.0,0.0,0.0,0.0,0.0,0.0,0.0,17,1,0.5542763157894737,254.99999999999977,127.5,0.0,0.0,0.0,0.0,3
0.0,0.0,0.0,0.0,0.0,0.0,0.0,0.0,44.0,2.0,0.6890092384746587,0.0,0.0,86.56666666666666,6.0,0.0,0.0,0.0,0.0,0.0,0.0,18,1,0.5542763157894737,0.0,0.0,0.0,0.0,0.0,0.0,3
0.0,0.0,0.0,0.0,0.0,0.0,0.0,0.0,32.0,3.0,0.7356219397557947,0.0,0.0,85.76666666666667,0.0,0.0,0.0,0.0,0.0,0.0,0.0,18,1,0.5542763157894737,0.0,0.0,0.0,0.0,0.0,0.0,3
0.0,0.0,0.0,0.0,0.0,0.0,0.0,0.0,16.0,1.0,-1.000088900581841e-12,0.0,0.0,85.0,0.0,0.0,0.0,0.0,0.0,0.0,0.0,19,1,0.5542763157894737,0.0,0.0,0.0,0.0,0.0,0.0,3
0.0,0.0,0.0,0.0,0.0,0.0,0.0,0.0,78.0,5.0,0.9742272637460472,0.0,0.0,84.13333333333334,0.0,0.0,0.0,0.0,8.0,0.0,0.0,19,1,0.5542763157894737,0.0,0.0,0.0,0.0,0.0,0.0,3
0.0,0.0,0.0,0.0,0.0,0.0,0.0,0.0,44.0,3.0,0.9347698978552794,0.0,0.0,83.46666666666667,0.0,0.0,0.0,0.0,0.0,0.0,0.0,20,1,0.5542763157894737,0.0,0.0,0.0,0.0,0.0,0.0,3
0.0,0.0,0.0,0.0,0.0,0.0,0.0,0.0,78.0,5.0,1.2108870072202245,0.0,0.0,82.73333333333333,0.0,0.0,0.0,0.0,0.0,0.0,0.0,20,1,0.5542763157894737,0.0,0.0,0.0,0.0,0.0,0.0,3
0.0,0.0,0.0,0.0,0.0,0.0,0.0,0.0,30.0,3.0,0.8823109245120756,0.0,0.0,82.0,0.0,0.0,0.0,0.0,0.0,0.0,0.0,21,0,0.5542763157894737,0.0,0.0,0.0,0.0,0.0,0.0,3
0.0,0.0,0.0,0.0,0.0,0.0,0.0,0.0,88.0,4.0,1.082534885759483,0.0,0.0,81.26666666666667,0.0,0.0,0.0,0.0,0.0,0.0,0.0,21,0,0.5542763157894737,0.0,0.0,0.0,0.0,0.0,0.0,3
0.0,0.0,0.0,0.0,0.0,0.0,0.0,0.0,8.0,1.0,-1.000088900581841e-12,0.0,0.0,80.43333333333334,0.0,0.0,0.0,0.0,0.0,0.0,0.0,22,0,0.5542763157894737,0.0,0.0,0.0,0.0,0.0,0.0,3
0.0,0.0,0.0,0.0,0.0,0.0,0.0,0.0,118.0,4.0,1.0707961136143331,0.0,0.0,79.5,0.0,0.0,0.0,0.0,0.0,0.0,0.0,22,0,0.5542763157894737,0.0,0.0,0.0,0.0,0.0,0.0,3
0.0,0.0,0.0,0.0,0.0,0.0,0.0,0.0,28.0,2.0,0.410116318286409,0.0,0.0,78.86666666666666,0.0,0.0,0.0,0.0,6.0,0.0,0.0,23,0,0.5542763157894737,0.0,0.0,0.0,0.0,0.0,0.0,3
552.0,2.0,0.2599658249258463,0.0,0.0,0.0,0.0,0.0,130.0,9.0,1.2075574736761538,0.0,0.0,77.36666666666666,0.0,0.0,0.0,0.0,32.0,98.0,10.0,23,0,0.5542763157894737,275.9999999999998,138.0,0.0,0.0,0.0,0.0,3
712.0,2.0,0.096724349130833,0.0,0.0,0.0,0.0,0.0,40.0,5.0,1.430562290331242,0.0,0.0,76.13333333333334,0.0,0.0,0.0,0.0,24.0,30.0,10.0,0,0,0.5542763157894737,370.6858508224989,316.0,0.0,0.0,0.0,0.0,3
716.0,5.0,0.9388934523777264,0.0,0.0,0.0,0.0,0.0,30.0,4.0,1.2680942586638273,0.0,0.0,73.43333333333334,0.0,0.0,0.0,0.0,24.0,1570.0,8.0,0,0,0.5542763157894737,338.72506058257125,495.0,0.0,0.0,0.0,0.0,3
718.0,4.0,0.8985414107564336,0.0,0.0,0.0,0.0,0.0,38.0,4.0,0.6096274235920984,0.0,0.0,70.83333333333333,0.0,0.0,0.0,0.0,0.0,716.0,0.0,1,0,0.5542763157894737,81.70475302371675,674.5,0.0,0.0,0.0,0.0,3
716.0,5.0,1.295468788480618,0.0,0.0,0.0,0.0,0.0,102.0,10.0,1.759780476774504,0.0,0.0,57.55172413793103,0.0,0.0,0.0,0.0,32.0,1290.0,6.0,9,1,0.5542763157894737,413.3827927397719,358.0,0.0,0.0,0.0,0.0,3
714.0,3.0,0.6345050956196638,0.0,0.0,0.0,0.0,0.0,34.0,6.0,1.5643701028867685,0.0,0.0,55.766666666666666,0.0,0.0,0.0,0.0,40.0,260.0,12.0,10,1,0.5542763157894737,357.6679092864402,536.5,0.0,0.0,0.0,0.0,3
0.0,0.0,0.0,0.0,0.0,0.0,0.0,0.0,8.0,2.0,0.6931471805579453,0.0,0.0,50.0,0.0,0.0,0.0,0.0,0.0,0.0,0.0,13,1,0.5542763157894737,126.9999999999994,63.5,0.0,0.0,0.0,0.0,1
0.0,0.0,0.0,0.0,0.0,0.0,0.0,0.0,30.0,1.0,-1.000088900581841e-12,0.0,0.0,49.06666666666667,10.0,0.0,0.0,0.0,0.0,0.0,0.0,13,1,0.5542763157894737,0.0,0.0,0.0,0.0,0.0,0.0,1
0.0,0.0,0.0,0.0,0.0,0.0,0.0,0.0,6.0,2.0,0.6365141682928128,0.0,0.0,48.93333333333333,0.0,0.0,0.0,0.0,0.0,0.0,0.0,14,1,0.5542763157894737,0.0,0.0,0.0,0.0,0.0,0.0,1
386.0,5.0,0.8570783154412728,0.0,0.0,0.0,0.0,0.0,88.0,10.0,1.9814668104092243,0.0,0.0,47.56666666666667,0.0,0.0,0.0,0.0,40.0,434.0,14.0,14,1,0.5542763157894737,192.9999999999996,96.5,0.0,0.0,0.0,0.0,2
706.0,4.0,1.1745763430248903,0.0,0.0,0.0,0.0,0.0,164.0,6.0,1.401037264874687,0.0,0.0,45.53333333333333,0.0,0.0,0.0,0.0,74.0,1062.0,22.0,15,1,0.5542763157894737,341.2311044829684,273.0,0.0,0.0,0.0,0.0,2
716.0,2.0,0.073520657740532,0.0,0.0,0.0,0.0,0.0,52.0,3.0,0.3245083869280707,0.0,0.0,44.0,0.0,0.0,0.0,0.0,10.0,30.0,0.0,15,1,0.5542763157894737,338.0690264822652,452.0,0.0,0.0,0.0,0.0,2
714.0,1.0,-1.000088900581841e-12,0.0,0.0,0.0,0.0,0.0,66.0,5.0,1.138170249512656,0.0,0.0,43.03333333333333,0.0,0.0,0.0,0.0,20.0,2.0,2.0,16,1,0.5542763157894737,163.05724965994773,630.5,0.0,0.0,0.0,0.0,2
716.0,2.0,0.2309456017017183,0.0,0.0,0.0,0.0,0.0,232.0,7.0,1.0975570178211775,0.0,0.0,42.56666666666667,0.0,0.0,0.0,0.0,40.0,168.0,8.0,16,1,0.5542763157894737,4.760952285679951,713.0,0.0,0.0,0.0,0.0,2
704.0,2.0,0.2489102793507851,0.0,0.0,0.0,0.0,0.0,24.0,5.0,1.5171063970560277,0.0,0.0,40.266666666666666,0.0,0.0,0.0,0.0,10.0,2.0,4.0,17,1,0.5542763157894737,5.507570547272879,710.5,0.0,0.0,0.0,0.0,2
710.0,1.0,-1.000088900581841e-12,0.0,0.0,0.0,0.0,0.0,12.0,2.0,0.6365141682928128,0.0,0.0,39.0,0.0,0.0,0.0,0.0,0.0,0.0,0.0,18,1,0.5542763157894737,4.999999999985438,709.5,0.0,0.0,0.0,0.0,2
576.0,2.0,0.6412195543693334,0.0,0.0,0.0,0.0,0.0,8.0,3.0,1.039720770836918,0.0,0.0,38.16666666666666,0.0,0.0,0.0,0.0,10.0,366.0,6.0,18,1,0.5542763157894737,65.71402691460317,674.5,0.0,0.0,0.0,0.0,2
716.0,4.0,0.950635484023744,0.0,0.0,0.0,0.0,0.0,64.0,4.0,1.1194375712704594,0.0,0.0,35.233333333333334,0.0,0.0,0.0,0.0,30.0,454.0,10.0,19,1,0.5542763157894737,67.17886572427265,676.5,0.0,0.0,0.0,0.0,2
714.0,1.0,-1.000088900581841e-12,0.0,0.0,0.0,0.0,0.0,20.0,4.0,1.0888999753412236,0.0,0.0,33.766666666666666,0.0,0.0,0.0,0.0,20.0,0.0,6.0,19,1,0.5542763157894737,68.71195917257191,679.0,0.0,0.0,0.0,0.0,2
714.0,2.0,0.448300016598233,0.0,0.0,0.0,0.0,0.0,30.0,3.0,0.970115783983938,0.0,0.0,30.6,0.0,0.0,0.0,0.0,10.0,140.0,4.0,20,1,0.5542763157894737,0.999999999928652,714.5,0.0,0.0,0.0,0.0,2
714.0,3.0,0.5531502407328872,0.0,0.0,0.0,0.0,0.0,58.0,6.0,1.3415161296080618,0.0,0.0,29.7,0.0,0.0,0.0,0.0,30.0,86.0,8.0,21,0,0.5542763157894737,0.0,714.0,0.0,0.0,0.0,0.0,2
714.0,1.0,-1.000088900581841e-12,0.0,0.0,0.0,0.0,0.0,0.0,0.0,0.0,0.0,0.0,28.166666666666668,0.0,0.0,0.0,0.0,0.0,0.0,0.0,21,0,0.5542763157894737,0.0,714.0,0.0,0.0,0.0,0.0,2
594.0,1.0,-1.000088900581841e-12,0.0,0.0,0.0,0.0,0.0,6.0,1.0,-1.000088900581841e-12,0.0,0.0,27.1,0.0,0.0,0.0,0.0,10.0,0.0,0.0,22,0,0.5542763157894737,59.99999999999881,684.0,0.0,0.0,0.0,0.0,2
0.0,0.0,0.0,0.0,0.0,0.0,0.0,0.0,0.0,0.0,0.0,0.0,0.0,25.9,0.0,0.0,0.0,0.0,0.0,0.0,0.0,22,0,0.5542763157894737,341.7147933584378,505.5,0.0,0.0,0.0,0.0,2
0.0,0.0,0.0,0.0,0.0,0.0,0.0,0.0,6.0,2.0,0.6365141682928128,0.0,0.0,24.666666666666668,0.0,0.0,0.0,0.0,10.0,0.0,0.0,23,0,0.5542763157894737,380.7518877169224,327.0,0.0,0.0,0.0,0.0,2
318.0,2.0,0.0381493895247676,0.0,0.0,0.0,0.0,0.0,4.0,1.0,-1.000088900581841e-12,0.0,0.0,23.5,0.0,0.0,0.0,0.0,10.0,20.0,4.0,23,0,0.5542763157894737,286.37038953076114,228.0,0.0,0.0,0.0,0.0,2
714.0,3.0,0.7661597126300158,0.0,0.0,0.0,0.0,0.0,8.0,2.0,0.6931471805579453,0.0,0.0,22.3,0.0,0.0,0.0,0.0,30.0,14.0,4.0,0,0,0.5542763157894737,338.9513239389985,258.0,0.0,0.0,0.0,0.0,2
710.0,6.0,0.9339650366804596,0.0,0.0,0.0,0.0,0.0,66.0,8.0,1.7630236539959645,0.0,10.0,20.433333333333334,0.0,16.0,20.0,0.0,70.0,1148.0,18.0,0,0,0.5542763157894737,344.66360411276366,435.5,0.0,0.0,0.0,0.0,2
708.0,1.0,-1.000088900581841e-12,0.0,0.0,0.0,0.0,0.0,378.0,3.0,0.1172051295448441,0.0,0.0,34.48275862068966,0.0,6.0,8.0,0.0,0.0,0.0,0.0,1,0,0.5542763157894737,196.3491787606963,612.5,0.0,0.0,0.0,0.0,3
716.0,1.0,-1.000088900581841e-12,0.0,0.0,0.0,0.0,0.0,8.0,2.0,0.6931471805579453,0.0,0.0,58.23333333333333,0.0,0.0,0.0,0.0,0.0,0.0,0.0,1,0,0.5542763157894737,3.6514837166840666,712.0,0.0,0.0,0.0,0.0,3
716.0,1.0,-1.000088900581841e-12,0.0,0.0,0.0,0.0,0.0,122.0,1.0,-1.000088900581841e-12,0.0,0.0,80.73333333333333,0.0,0.0,0.0,0.0,0.0,0.0,0.0,2,0,0.5542763157894737,4.123105625602566,712.5,0.0,0.0,0.0,0.0,3
716.0,1.0,-1.000088900581841e-12,0.0,0.0,0.0,0.0,0.0,4.0,1.0,-1.000088900581841e-12,0.0,0.0,94.73333333333332,0.0,0.0,0.0,0.0,0.0,0.0,0.0,2,0,0.5542763157894737,3.999999999984434,714.0,0.0,0.0,0.0,0.0,3
284.0,1.0,-1.000088900581841e-12,0.0,0.0,0.0,0.0,0.0,30.0,3.0,0.6277052571941504,0.0,0.0,99.8,0.0,0.0,0.0,0.0,0.0,0.0,0.0,3,0,0.5542763157894737,215.9999999999997,608.0,0.0,0.0,0.0,0.0,3
0.0,0.0,0.0,0.0,0.0,0.0,0.0,0.0,24.0,2.0,0.4505612088643047,0.0,0.0,100.0,0.0,0.0,0.0,0.0,0.0,0.0,0.0,3,0,0.5542763157894737,351.0954286230453,429.0,0.0,0.0,0.0,0.0,3
0.0,0.0,0.0,0.0,0.0,0.0,0.0,0.0,4.0,1.0,-1.000088900581841e-12,0.0,0.0,100.0,0.0,0.0,0.0,0.0,0.0,0.0,0.0,4,0,0.5542763157894737,338.2858751608367,250.0,0.0,0.0,0.0,0.0,3
0.0,0.0,0.0,0.0,0.0,0.0,0.0,0.0,4.0,1.0,-1.000088900581841e-12,0.0,0.0,100.0,0.0,0.0,0.0,0.0,0.0,0.0,0.0,4,0,0.5542763157894737,141.99999999999957,71.0,0.0,0.0,0.0,0.0,3
0.0,0.0,0.0,0.0,0.0,0.0,0.0,0.0,376.0,3.0,0.2344244168346634,0.0,0.0,100.0,0.0,0.0,0.0,0.0,0.0,0.0,0.0,5,0,0.5542763157894737,0.0,0.0,0.0,0.0,0.0,0.0,3
0.0,0.0,0.0,0.0,0.0,0.0,0.0,0.0,0.0,0.0,0.0,0.0,0.0,100.0,0.0,0.0,0.0,0.0,0.0,0.0,0.0,5,0,0.5542763157894737,0.0,0.0,0.0,0.0,0.0,0.0,3
0.0,0.0,0.0,0.0,0.0,0.0,0.0,0.0,24.0,3.0,0.8675632284784613,0.0,0.0,100.0,0.0,0.0,0.0,0.0,0.0,0.0,0.0,6,0,0.5542763157894737,0.0,0.0,0.0,0.0,0.0,0.0,3
0.0,0.0,0.0,0.0,0.0,0.0,0.0,0.0,0.0,0.0,0.0,0.0,0.0,100.0,0.0,0.0,0.0,0.0,0.0,0.0,0.0,6,0,0.5542763157894737,0.0,0.0,0.0,0.0,0.0,0.0,3
0.0,0.0,0.0,0.0,0.0,0.0,0.0,0.0,32.0,5.0,1.3862943611148906,0.0,0.0,100.0,0.0,18.0,8.0,0.0,0.0,0.0,0.0,7,0,0.5542763157894737,0.0,0.0,0.0,0.0,0.0,0.0,3
0.0,0.0,0.0,0.0,0.0,0.0,0.0,0.0,12.0,2.0,0.6365141682928128,0.0,0.0,100.0,0.0,8.0,14.0,0.0,0.0,0.0,0.0,7,0,0.5542763157894737,0.0,0.0,0.0,0.0,0.0,0.0,3
358.0,1.0,-1.000088900581841e-12,0.0,0.0,0.0,0.0,0.0,30.0,3.0,0.6277052571941504,0.0,0.0,100.0,0.0,0.0,0.0,0.0,0.0,0.0,0.0,8,1,0.5542763157894737,178.99999999999963,89.5,0.0,0.0,0.0,0.0,3
716.0,1.0,-1.000088900581841e-12,0.0,0.0,0.0,0.0,0.0,22.0,3.0,0.7595473914718636,0.0,0.0,100.0,0.0,8.0,6.0,0.0,0.0,0.0,0.0,8,1,0.5542763157894737,342.7589045767688,268.5,0.0,0.0,0.0,0.0,3
716.0,2.0,0.6931471805579453,0.0,0.0,0.0,0.0,0.0,62.0,5.0,1.2952595668690807,0.0,0.0,100.0,0.0,14.0,6.0,0.0,10.0,0.0,0.0,9,1,0.5542763157894737,342.7589045767688,447.5,0.0,0.0,0.0,0.0,3
710.0,4.0,0.9759932223007296,0.0,0.0,0.0,0.0,0.0,146.0,6.0,1.3787985700196388,0.0,0.0,100.0,0.0,0.0,0.0,0.0,20.0,0.0,2.0,9,1,0.5542763157894737,178.02247049178897,625.0,0.0,0.0,0.0,0.0,3
716.0,1.0,-1.000088900581841e-12,0.0,0.0,0.0,0.0,0.0,76.0,4.0,0.9554363479136264,0.0,0.0,100.0,0.0,0.0,0.0,0.0,0.0,0.0,0.0,10,1,0.5542763157894737,2.999999999978981,714.5,0.0,0.0,0.0,0.0,3
714.0,3.0,0.6060540287808595,0.0,0.0,0.0,0.0,0.0,302.0,5.0,0.4756871792243031,0.0,0.0,100.0,8.0,0.0,0.0,0.0,20.0,182.0,4.0,10,1,0.5542763157894737,2.828427124723896,714.0,0.0,0.0,0.0,0.0,3
708.0,1.0,-1.000088900581841e-12,0.0,0.0,0.0,0.0,0.0,32.0,4.0,1.162699833493568,0.0,0.0,100.0,0.0,0.0,0.0,0.0,0.0,0.0,0.0,11,1,0.5542763157894737,3.651483716683849,712.0,0.0,0.0,0.0,0.0,3
226.0,1.0,-1.000088900581841e-12,0.0,0.0,0.0,0.0,0.0,60.0,4.0,0.7662694225924922,0.0,0.0,98.8,0.0,0.0,0.0,0.0,0.0,0.0,0.0,11,1,0.5542763157894737,243.35707646720803,591.0,0.0,0.0,0.0,0.0,2
0.0,0.0,0.0,0.0,0.0,0.0,0.0,0.0,12.0,2.0,0.6365141682928128,0.0,0.0,97.63333333333334,0.0,0.0,0.0,0.0,10.0,0.0,0.0,12,1,0.5542763157894737,357.379350270829,412.0,0.0,0.0,0.0,0.0,2
716.0,4.0,1.0867804543072963,0.0,0.0,0.0,0.0,0.0,42.0,4.0,1.046630486579222,0.0,0.0,92.96666666666668,0.0,0.0,0.0,0.0,80.0,780.0,24.0,13,1,0.5542763157894737,299.5925010187447,324.5,0.0,0.0,0.0,0.0,3
716.0,2.0,0.1739343931181122,0.0,0.0,0.0,0.0,0.0,14.0,4.0,1.351783994285646,0.0,0.0,90.73333333333332,0.0,0.0,0.0,0.0,10.0,28.0,6.0,14,1,0.5542763157894737,179.66914036639645,625.5,0.0,0.0,0.0,0.0,2
714.0,3.0,0.9280370314319608,0.0,0.0,0.0,0.0,0.0,70.0,6.0,1.5402977943872924,0.0,0.0,89.6,0.0,0.0,0.0,0.0,28.0,406.0,8.0,14,1,0.5542763157894737,1.1547005383211464,715.0,0.0,0.0,0.0,0.0,2
712.0,2.0,0.0616067104707896,0.0,0.0,0.0,0.0,0.0,38.0,3.0,0.8092054732253178,0.0,0.0,88.82758620689656,0.0,0.0,0.0,0.0,44.0,102.0,20.0,15,1,0.5542763157894737,1.6329931618143538,714.0,0.0,0.0,0.0,0.0,3
716.0,1.0,-1.000088900581841e-12,0.0,0.0,0.0,0.0,0.0,22.0,3.0,0.7595473914718636,0.0,0.0,87.86666666666666,0.0,0.0,0.0,0.0,28.0,0.0,0.0,15,1,0.5542763157894737,1.914854215477628,714.5,0.0,0.0,0.0,0.0,3
652.0,1.0,-1.000088900581841e-12,0.0,0.0,0.0,0.0,0.0,30.0,4.0,1.1369165918290007,0.0,0.0,87.0,0.0,0.0,0.0,0.0,12.0,0.0,0.0,16,1,0.5542763157894737,31.04298095651467,698.5,0.0,0.0,0.0,0.0,3
38.0,2.0,0.2061920506312318,0.0,0.0,0.0,0.0,0.0,106.0,4.0,0.41198555041947,0.0,0.0,86.1,0.0,0.0,0.0,0.0,14.0,134.0,4.0,16,1,0.5542763157894737,328.9716299824853,529.5,0.0,0.0,0.0,0.0,3
716.0,2.0,0.1372577164480238,0.0,0.0,0.0,0.0,0.0,52.0,5.0,1.4556568582654266,0.0,0.0,85.26666666666667,0.0,0.0,0.0,0.0,28.0,64.0,6.0,17,1,0.5542763157894737,329.7165449291253,530.5,0.0,0.0,0.0,0.0,2
716.0,2.0,0.2674358421754469,0.0,0.0,0.0,0.0,0.0,58.0,7.0,1.5561634948367569,0.0,0.0,84.4,0.0,0.0,0.0,0.0,14.0,178.0,4.0,17,1,0.5542763157894737,329.7165449291253,530.5,0.0,0.0,0.0,0.0,2
714.0,2.0,0.1375546496466736,0.0,0.0,0.0,0.0,0.0,92.0,2.0,0.3872123751843606,0.0,0.0,83.4,0.0,0.0,0.0,0.0,14.0,0.0,0.0,18,1,0.5542763157894737,338.66797900008186,546.0,0.0,0.0,0.0,0.0,2
716.0,1.0,-1.000088900581841e-12,0.0,0.0,0.0,0.0,0.0,50.0,4.0,0.8950711356491977,0.0,0.0,82.73333333333333,6.0,0.0,0.0,0.0,0.0,0.0,0.0,18,1,0.5542763157894737,0.9999999999353216,715.5,0.0,0.0,0.0,0.0,3
418.0,4.0,0.7772066698490839,0.0,0.0,0.0,0.0,0.0,50.0,5.0,1.2000778987743317,0.0,0.0,81.13333333333334,0.0,0.0,0.0,0.0,14.0,90.0,4.0,19,1,0.5542763157894737,148.66965617323038,641.0,0.0,0.0,0.0,0.0,3
716.0,4.0,0.992186636258652,0.0,0.0,0.0,0.0,0.0,56.0,7.0,1.7111326966670446,0.0,0.0,78.36666666666666,0.0,0.0,0.0,0.0,42.0,1010.0,12.0,19,1,0.5542763157894737,148.66965617323038,641.0,0.0,0.0,0.0,0.0,3
716.0,1.0,-1.000088900581841e-12,0.0,0.0,0.0,0.0,0.0,34.0,4.0,1.2530462261085415,0.0,0.0,76.86666666666666,0.0,0.0,0.0,0.0,0.0,0.0,0.0,20,1,0.5542763157894737,148.99999999999957,641.5,0.0,0.0,0.0,0.0,3
714.0,2.0,0.576485865822086,0.0,0.0,0.0,0.0,0.0,24.0,5.0,1.3579778549823245,0.0,0.0,75.86666666666666,0.0,0.0,0.0,0.0,28.0,0.0,0.0,20,1,0.5542763157894737,148.66965617323038,641.0,0.0,0.0,0.0,0.0,3
716.0,1.0,-1.000088900581841e-12,0.0,0.0,0.0,0.0,0.0,24.0,2.0,0.4505612088643047,0.0,0.0,75.0,0.0,0.0,0.0,0.0,0.0,0.0,0.0,21,0,0.5542763157894737,0.9999999999353216,715.5,0.0,0.0,0.0,0.0,3
188.0,1.0,-1.000088900581841e-12,0.0,0.0,0.0,0.0,0.0,40.0,4.0,0.9142855814630988,0.0,0.0,74.2,0.0,0.0,0.0,0.0,0.0,0.0,0.0,21,0,0.5542763157894737,263.66835229128253,583.5,0.0,0.0,0.0,0.0,3
592.0,2.0,0.247301061048367,0.0,0.0,0.0,0.0,0.0,48.0,7.0,1.4847764102631835,0.0,0.0,73.2,0.0,0.0,0.0,0.0,14.0,196.0,6.0,22,0,0.5542763157894737,249.8232708669601,552.5,0.0,0.0,0.0,0.0,3
716.0,1.0,-1.000088900581841e-12,0.0,0.0,0.0,0.0,0.0,12.0,3.0,1.0986122886651095,0.0,0.0,72.66666666666667,0.0,0.0,0.0,0.0,0.0,0.0,0.0,22,0,0.5542763157894737,250.2558690620459,553.0,0.0,0.0,0.0,0.0,3
172.0,1.0,-1.000088900581841e-12,0.0,0.0,0.0,0.0,0.0,0.0,0.0,0.0,0.0,0.0,72.0,10.0,0.0,0.0,0.0,0.0,0.0,0.0,23,0,0.5542763157894737,278.38342862557965,417.0,0.0,0.0,0.0,0.0,3
146.0,4.0,0.9152519950724772,0.0,0.0,0.0,0.0,0.0,158.0,5.0,0.6977554796555241,0.0,0.0,71.4,0.0,0.0,0.0,0.0,42.0,136.0,8.0,23,0,0.5542763157894737,290.43128848891814,406.5,0.0,0.0,0.0,0.0,3
714.0,4.0,0.4158974121619279,0.0,0.0,0.0,0.0,0.0,22.0,4.0,1.0335620542028177,0.0,0.0,69.63333333333334,0.0,0.0,4.0,0.0,54.0,222.0,14.0,0,0,0.5542763157894737,321.1832291180013,437.0,0.0,0.0,0.0,0.0,3
0.0,0.0,0.0,0.0,0.0,0.0,0.0,0.0,80.0,3.0,0.7534119982029703,0.0,0.0,56.0,0.0,0.0,4.0,0.0,14.0,0.0,0.0,9,1,0.5542763157894737,0.0,0.0,0.0,0.0,0.0,0.0,3
0.0,0.0,0.0,0.0,0.0,0.0,0.0,0.0,72.0,2.0,0.2145591551744051,0.0,0.0,55.3,10.0,0.0,0.0,0.0,0.0,0.0,0.0,10,1,0.5542763157894737,0.0,0.0,0.0,0.0,0.0,0.0,3
0.0,0.0,0.0,0.0,0.0,0.0,0.0,0.0,10.0,1.0,-1.000088900581841e-12,0.0,0.0,55.0,0.0,0.0,0.0,0.0,0.0,0.0,0.0,10,1,0.5542763157894737,0.0,0.0,0.0,0.0,0.0,0.0,3
0.0,0.0,0.0,0.0,0.0,0.0,0.0,0.0,66.0,3.0,0.8556131747138359,0.0,0.0,54.1,0.0,0.0,0.0,0.0,0.0,0.0,0.0,11,1,0.5542763157894737,0.0,0.0,0.0,0.0,0.0,0.0,3
238.0,3.0,0.8646605365616229,0.0,0.0,0.0,0.0,0.0,58.0,7.0,1.424022599969402,0.0,0.0,53.41379310344828,0.0,0.0,0.0,0.0,14.0,278.0,4.0,11,1,0.5542763157894737,118.99999999999945,59.5,0.0,0.0,0.0,0.0,3
710.0,4.0,0.8298064054927045,0.0,0.0,0.0,0.0,0.0,72.0,5.0,1.4593594123425306,0.0,0.0,51.833333333333336,0.0,0.0,0.0,0.0,14.0,128.0,2.0,12,1,0.5542763157894737,334.697873711003,237.0,0.0,0.0,0.0,0.0,3
712.0,1.0,-1.000088900581841e-12,0.0,0.0,0.0,0.0,0.0,4.0,1.0,-1.000088900581841e-12,0.0,0.0,50.9,0.0,0.0,0.0,0.0,14.0,0.0,4.0,12,1,0.5542763157894737,355.33458411287035,415.0,0.0,0.0,0.0,0.0,3
714.0,1.0,-1.000088900581841e-12,0.0,0.0,0.0,0.0,0.0,36.0,2.0,0.5297061990556545,0.0,0.0,49.03333333333333,0.0,12.0,0.0,0.0,0.0,0.0,0.0,13,1,0.5542763157894737,1.914854215478909,711.5,0.0,0.0,0.0,0.0,3
364.0,3.0,1.0626383158649375,0.0,0.0,0.0,0.0,0.0,32.0,4.0,1.3208883431453222,0.0,0.0,48.7,0.0,0.0,0.0,0.0,56.0,134.0,6.0,14,1,0.5542763157894737,174.0076626665232,625.0,0.0,0.0,0.0,0.0,2
716.0,1.0,-1.000088900581841e-12,0.0,0.0,0.0,0.0,0.0,4.0,1.0,-1.000088900581841e-12,0.0,0.0,45.0,0.0,0.0,0.0,0.0,14.0,0.0,6.0,15,1,0.5542763157894737,175.6691966927228,627.5,0.0,0.0,0.0,0.0,3
714.0,1.0,-1.000088900581841e-12,0.0,0.0,0.0,0.0,0.0,16.0,3.0,1.039720770836918,0.0,0.0,44.03333333333333,0.0,0.0,0.0,0.0,0.0,0.0,0.0,15,1,0.5542763157894737,175.66919669272283,627.5,0.0,0.0,0.0,0.0,3
716.0,2.0,0.2603784621840838,0.0,0.0,0.0,0.0,0.0,26.0,4.0,1.072016968559193,0.0,0.0,43.03333333333333,0.0,0.0,0.0,0.0,14.0,308.0,4.0,16,1,0.5542763157894737,0.9999999999353216,715.5,0.0,0.0,0.0,0.0,3
716.0,1.0,-1.000088900581841e-12,0.0,0.0,0.0,0.0,0.0,12.0,1.0,-1.000088900581841e-12,0.0,0.0,42.3,0.0,0.0,0.0,0.0,0.0,0.0,0.0,16,1,0.5542763157894737,0.9999999999353216,715.5,0.0,0.0,0.0,0.0,3
52.0,1.0,-1.000088900581841e-12,0.0,0.0,0.0,0.0,0.0,0.0,0.0,0.0,0.0,0.0,42.0,12.0,0.0,0.0,0.0,0.0,0.0,0.0,17,1,0.5542763157894737,331.66800669746027,549.5,0.0,0.0,0.0,0.0,3
0.0,0.0,0.0,0.0,0.0,0.0,0.0,0.0,144.0,5.0,0.9203765060764968,0.0,0.0,41.5,0.0,0.0,0.0,0.0,14.0,0.0,0.0,17,1,0.5542763157894737,398.9369206612325,371.0,0.0,0.0,0.0,0.0,3
296.0,3.0,0.8999863936667496,0.0,0.0,0.0,0.0,0.0,44.0,6.0,1.5311533190611128,0.0,0.0,40.36666666666667,0.0,0.0,0.0,0.0,42.0,326.0,10.0,18,1,0.5542763157894737,326.57413655503484,266.0,0.0,0.0,0.0,0.0,3
708.0,3.0,0.1106621307803675,0.0,0.0,0.0,0.0,0.0,172.0,4.0,0.4061954980110485,0.0,0.0,38.7,0.0,0.0,0.0,0.0,26.0,34.0,8.0,18,1,0.5542763157894737,322.9034943549954,264.0,0.0,0.0,0.0,0.0,3
716.0,2.0,0.1467712658192908,0.0,0.0,0.0,0.0,0.0,22.0,4.0,1.1685184057390878,0.0,0.0,37.93333333333333,0.0,0.0,0.0,0.0,56.0,10.0,4.0,19,1,0.5542763157894737,347.34037100995505,430.0,0.0,0.0,0.0,0.0,3
714.0,3.0,0.1684821861079069,0.0,0.0,0.0,0.0,0.0,26.0,4.0,1.204793309690784,0.0,0.0,36.9,0.0,0.0,0.0,0.0,56.0,196.0,8.0,19,1,0.5542763157894737,208.3610648209814,608.5,0.0,0.0,0.0,0.0,2
710.0,2.0,0.0617483757241243,0.0,0.0,0.0,0.0,0.0,56.0,5.0,1.3904377949344804,0.0,0.0,35.63333333333333,0.0,0.0,0.0,0.0,68.0,18.0,24.0,20,1,0.5542763157894737,3.65148371668472,712.0,0.0,0.0,0.0,0.0,3
712.0,3.0,0.6296413647357172,0.0,0.0,0.0,0.0,0.0,18.0,3.0,0.8486855577234171,0.0,0.0,34.7,0.0,0.0,0.0,0.0,42.0,4.0,4.0,20,1,0.5542763157894737,2.5819888974484293,713.0,0.0,0.0,0.0,0.0,3
716.0,4.0,1.020458247943537,0.0,0.0,0.0,0.0,0.0,30.0,5.0,1.4019454593737286,0.0,0.0,32.1,0.0,0.0,0.0,0.0,42.0,282.0,12.0,21,0,0.5542763157894737,2.516611478399795,712.5,0.0,0.0,0.0,0.0,2
712.0,1.0,-1.000088900581841e-12,0.0,0.0,0.0,0.0,0.0,4.0,1.0,-1.000088900581841e-12,0.0,0.0,30.166666666666668,0.0,0.0,0.0,0.0,0.0,0.0,0.0,22,0,0.5542763157894737,1.9999999999700624,713.0,0.0,0.0,0.0,0.0,2
716.0,1.0,-1.000088900581841e-12,0.0,0.0,0.0,0.0,0.0,18.0,2.0,0.5297061990556545,0.0,0.0,28.866666666666667,0.0,0.0,0.0,0.0,54.0,0.0,4.0,22,0,0.5542763157894737,2.309401076732568,714.0,0.0,0.0,0.0,0.0,3
714.0,1.0,-1.000088900581841e-12,0.0,0.0,0.0,0.0,0.0,4.0,1.0,-1.000088900581841e-12,0.0,0.0,27.6,0.0,0.0,0.0,0.0,0.0,0.0,0.0,23,0,0.5542763157894737,1.9148542154814023,714.5,0.0,0.0,0.0,0.0,2
584.0,1.0,-1.000088900581841e-12,0.0,0.0,0.0,0.0,0.0,0.0,0.0,0.0,0.0,0.0,26.466666666666665,8.0,0.0,0.0,0.0,0.0,0.0,0.0,23,0,0.5542763157894737,65.02050958479599,681.5,0.0,0.0,0.0,0.0,2
694.0,3.0,0.2634513869545551,0.0,0.0,0.0,0.0,0.0,96.0,7.0,1.4368686810356468,0.0,14.0,38.3448275862069,0.0,0.0,12.0,0.0,14.0,208.0,4.0,0,0,0.5542763157894737,62.79065747917079,677.0,0.0,0.0,0.0,0.0,2
0.0,0.0,0.0,0.0,0.0,0.0,0.0,0.0,0.0,0.0,0.0,0.0,0.0,100.0,0.0,0.0,0.0,0.0,0.0,0.0,0.0,9,1,0.5542763157894737,358.99999999999983,179.5,0.0,0.0,0.0,0.0,3
0.0,0.0,0.0,0.0,0.0,0.0,0.0,0.0,18.0,4.0,1.273028336585626,0.0,0.0,100.0,0.0,0.0,0.0,0.0,0.0,0.0,0.0,10,1,0.5542763157894737,0.0,0.0,0.0,0.0,0.0,0.0,3
0.0,0.0,0.0,0.0,0.0,0.0,0.0,0.0,10.0,3.0,1.054920167983144,0.0,0.0,100.0,0.0,0.0,0.0,0.0,0.0,0.0,0.0,10,1,0.5542763157894737,0.0,0.0,0.0,0.0,0.0,0.0,3
0.0,0.0,0.0,0.0,0.0,0.0,0.0,0.0,56.0,5.0,1.4327570529920877,0.0,0.0,100.0,0.0,0.0,0.0,0.0,0.0,0.0,0.0,11,1,0.5542763157894737,0.0,0.0,0.0,0.0,0.0,0.0,2
0.0,0.0,0.0,0.0,0.0,0.0,0.0,0.0,14.0,2.0,0.410116318286409,0.0,0.0,100.0,0.0,0.0,0.0,0.0,0.0,0.0,0.0,11,1,0.5542763157894737,0.0,0.0,0.0,0.0,0.0,0.0,2
0.0,0.0,0.0,0.0,0.0,0.0,0.0,0.0,10.0,3.0,1.054920167983144,0.0,0.0,100.0,0.0,8.0,0.0,0.0,14.0,0.0,0.0,12,1,0.5542763157894737,0.0,0.0,0.0,0.0,0.0,0.0,2
716.0,8.0,1.8026256255161115,0.0,0.0,0.0,0.0,0.0,124.0,6.0,1.2320692531090165,0.0,0.0,98.36666666666666,0.0,0.0,0.0,0.0,42.0,1046.0,12.0,13,1,0.5542763157894737,353.0868637224177,290.5,2.0,1.0,0.0,0.0,2
714.0,1.0,-1.000088900581841e-12,0.0,0.0,0.0,0.0,0.0,42.0,4.0,0.5670609309512818,0.0,0.0,95.43333333333334,0.0,0.0,0.0,0.0,0.0,54.0,0.0,13,1,0.5542763157894737,337.4038134540468,469.0,2.0,1.0,0.0,0.0,3
716.0,3.0,0.8177018199791358,0.0,0.0,0.0,0.0,0.0,58.0,6.0,1.417696735481652,0.0,0.0,94.33333333333331,0.0,0.0,0.0,0.0,28.0,92.0,8.0,14,1,0.5542763157894737,134.66996695625892,648.0,2.0,1.0,0.0,0.0,3
710.0,1.0,-1.000088900581841e-12,0.0,0.0,0.0,0.0,0.0,36.0,3.0,0.936888307536016,0.0,0.0,93.93333333333334,0.0,0.0,0.0,0.0,0.0,0.0,0.0,14,1,0.5542763157894737,2.8284271247224755,714.0,0.0,0.0,0.0,0.0,3
248.0,1.0,-1.000088900581841e-12,0.0,0.0,0.0,0.0,0.0,34.0,2.0,0.4659992569590426,0.0,0.0,93.0,10.0,0.0,0.0,0.0,0.0,0.0,0.0,15,1,0.5542763157894737,232.68003782017888,597.0,0.0,0.0,0.0,0.0,3
0.0,0.0,0.0,0.0,0.0,0.0,0.0,0.0,26.0,1.0,-1.000088900581841e-12,0.0,0.0,92.46666666666668,0.0,0.0,0.0,0.0,0.0,0.0,0.0,15,1,0.5542763157894737,354.8196725098538,418.5,0.0,0.0,0.0,0.0,3
0.0,0.0,0.0,0.0,0.0,0.0,0.0,0.0,28.0,4.0,1.2914167691412026,0.0,0.0,92.0,12.0,0.0,0.0,0.0,0.0,0.0,0.0,16,1,0.5542763157894737,334.7451767140689,239.5,0.0,0.0,0.0,0.0,3
0.0,0.0,0.0,0.0,0.0,0.0,0.0,0.0,98.0,1.0,-1.000088900581841e-12,0.0,0.0,91.2,0.0,0.0,0.0,0.0,0.0,0.0,0.0,16,1,0.5542763157894737,123.99999999999947,62.0,0.0,0.0,0.0,0.0,3
0.0,0.0,0.0,0.0,0.0,0.0,0.0,0.0,216.0,3.0,0.1446114944577026,0.0,0.0,90.8,0.0,0.0,0.0,0.0,0.0,0.0,0.0,17,1,0.5542763157894737,0.0,0.0,0.0,0.0,0.0,0.0,3
140.0,4.0,0.2784451372615879,0.0,0.0,0.0,0.0,0.0,178.0,5.0,0.4113121749623421,0.0,0.0,89.86666666666666,0.0,0.0,0.0,0.0,14.0,188.0,4.0,17,1,0.5542763157894737,69.99999999999906,35.0,0.0,0.0,0.0,0.0,3
716.0,1.0,-1.000088900581841e-12,0.0,0.0,0.0,0.0,0.0,142.0,4.0,0.7745514890511619,0.0,0.0,88.0,0.0,0.0,0.0,0.0,0.0,0.0,0.0,18,1,0.5542763157894737,341.111907346157,214.0,0.0,0.0,0.0,0.0,3
608.0,1.0,-1.000088900581841e-12,0.0,0.0,0.0,0.0,0.0,144.0,4.0,0.2723214202190672,0.0,0.0,85.96666666666667,10.0,0.0,0.0,0.0,28.0,0.0,0.0,18,1,0.5542763157894737,349.3307887948039,366.0,0.0,0.0,0.0,0.0,3
0.0,0.0,0.0,0.0,0.0,0.0,0.0,0.0,258.0,2.0,0.110453046670598,0.0,0.0,84.03333333333333,0.0,0.0,0.0,0.0,0.0,0.0,0.0,19,1,0.5542763157894737,349.3307887948039,366.0,0.0,0.0,0.0,0.0,3
0.0,0.0,0.0,0.0,0.0,0.0,0.0,0.0,98.0,2.0,0.1705298564455115,0.0,0.0,82.23333333333333,10.0,0.0,0.0,0.0,0.0,0.0,0.0,19,1,0.5542763157894737,384.7406052567538,331.0,0.0,0.0,0.0,0.0,3
0.0,0.0,0.0,0.0,0.0,0.0,0.0,0.0,62.0,1.0,-1.000088900581841e-12,0.0,0.0,80.54545454545455,0.0,0.0,0.0,0.0,0.0,0.0,0.0,20,1,0.5542763157894737,303.99999999999983,152.0,0.0,0.0,0.0,0.0,3
668.0,3.0,0.9273059649465984,0.0,0.0,0.0,0.0,0.0,122.0,10.0,1.6338012084989606,0.0,0.0,78.17241379310344,0.0,0.0,0.0,0.0,4.0,952.0,2.0,20,1,0.5542763157894737,333.99999999999983,167.0,0.0,0.0,0.0,0.0,3
714.0,4.0,0.8017710208443654,0.0,0.0,0.0,0.0,0.0,218.0,6.0,1.2874941381292282,0.0,0.0,77.2,0.0,0.0,0.0,0.0,24.0,952.0,14.0,21,0,0.5542763157894737,399.3907860729888,345.5,0.0,0.0,0.0,0.0,3
716.0,3.0,0.4331593404996702,0.0,0.0,0.0,0.0,0.0,100.0,4.0,1.0833763294401837,0.0,0.0,75.34482758620689,0.0,0.0,0.0,0.0,24.0,1208.0,8.0,21,0,0.5542763157894737,350.36885325801035,524.5,0.0,0.0,0.0,0.0,3
716.0,3.0,0.2441784933028984,0.0,0.0,0.0,0.0,0.0,30.0,3.0,0.9276173343241816,0.0,0.0,74.23333333333333,0.0,0.0,0.0,0.0,20.0,52.0,14.0,22,0,0.5542763157894737,23.68543856465088,703.5,0.0,0.0,0.0,0.0,3
716.0,3.0,0.4524327507256892,0.0,0.0,0.0,0.0,0.0,82.0,3.0,0.7607703923889255,0.0,0.0,73.3,0.0,0.0,0.0,0.0,28.0,242.0,10.0,22,0,0.5542763157894737,0.9999999999253172,715.5,0.0,0.0,0.0,0.0,3
716.0,2.0,0.0345507670008156,0.0,0.0,0.0,0.0,0.0,34.0,4.0,1.1217853135707712,0.0,0.0,72.73333333333333,0.0,0.0,0.0,0.0,16.0,20.0,6.0,23,0,0.5542763157894737,0.0,716.0,0.0,0.0,0.0,0.0,3
714.0,1.0,-1.000088900581841e-12,0.0,0.0,0.0,0.0,0.0,14.0,3.0,0.9556998911095343,0.0,0.0,72.0,0.0,0.0,0.0,0.0,4.0,0.0,0.0,23,0,0.5542763157894737,0.9999999999253172,715.5,0.0,0.0,0.0,0.0,3
716.0,2.0,0.6855752267351288,0.0,0.0,0.0,0.0,0.0,16.0,3.0,1.039720770836918,0.0,0.0,71.26666666666667,0.0,0.0,0.0,0.0,16.0,48.0,6.0,0,0,0.5542763157894737,0.9999999999253172,715.5,0.0,0.0,0.0,0.0,3
716.0,2.0,0.0484166396674798,0.0,0.0,0.0,0.0,0.0,12.0,3.0,1.0986122886651095,0.0,0.0,70.43333333333334,0.0,0.0,0.0,0.0,4.0,12.0,2.0,0,0,0.5542763157894737,0.9999999999253172,715.5,0.0,0.0,0.0,0.0,3
716.0,3.0,0.2184080477270199,0.0,0.0,0.0,0.0,0.0,16.0,2.0,0.5623351446168083,0.0,0.0,69.73333333333333,0.0,0.0,0.0,0.0,12.0,160.0,8.0,1,0,0.5542763157894737,0.9999999999253172,715.5,0.0,0.0,0.0,0.0,3
716.0,8.0,1.5063421020839416,0.0,0.0,0.0,0.0,0.0,212.0,6.0,0.928801470988417,0.0,0.0,67.93333333333334,0.0,0.0,4.0,0.0,12.0,1226.0,4.0,1,0,0.5542763157894737,0.0,716.0,0.0,0.0,0.0,0.0,3
0.0,0.0,0.0,0.0,0.0,0.0,0.0,0.0,22.0,3.0,0.9075352941020092,0.0,0.0,58.0,0.0,0.0,0.0,0.0,0.0,0.0,0.0,9,1,0.5542763157894737,0.0,0.0,0.0,0.0,0.0,0.0,3
0.0,0.0,0.0,0.0,0.0,0.0,0.0,0.0,72.0,5.0,1.090924192774107,0.0,0.0,57.63333333333333,0.0,0.0,0.0,0.0,0.0,0.0,0.0,9,1,0.5542763157894737,0.0,0.0,0.0,0.0,0.0,0.0,3
716.0,6.0,0.9279031575818912,0.0,0.0,0.0,0.0,0.0,104.0,7.0,1.519634883203534,0.0,0.0,56.833333333333336,0.0,0.0,0.0,0.0,10.0,430.0,2.0,10,1,0.5542763157894737,357.9999999999997,179.0,0.0,0.0,0.0,0.0,3
712.0,7.0,1.0421773093400182,0.0,0.0,0.0,0.0,0.0,166.0,5.0,0.8427120701293387,0.0,0.0,52.2,0.0,0.0,0.0,0.0,24.0,696.0,10.0,11,1,0.5542763157894737,357.33830842307754,536.0,0.0,0.0,0.0,0.0,3
716.0,1.0,-1.000088900581841e-12,0.0,0.0,0.0,0.0,0.0,94.0,5.0,0.9857350491612192,0.0,0.0,50.333333333333336,0.0,0.0,0.0,0.0,24.0,4.0,18.0,12,1,0.5542763157894737,1.9999999999531133,715.0,0.0,0.0,0.0,0.0,3
716.0,2.0,0.5785921619160092,0.0,0.0,0.0,0.0,0.0,10.0,3.0,1.054920167983144,0.0,0.0,48.0,0.0,0.0,0.0,0.0,4.0,4.0,2.0,13,1,0.5542763157894737,0.0,716.0,0.0,0.0,0.0,0.0,3
712.0,1.0,-1.000088900581841e-12,0.0,0.0,0.0,0.0,0.0,184.0,2.0,0.3437795639425924,0.0,0.0,46.8,0.0,0.0,0.0,0.0,4.0,0.0,0.0,14,1,0.5542763157894737,1.914854215463715,714.5,0.0,0.0,0.0,0.0,3
0.0,0.0,0.0,0.0,0.0,0.0,0.0,0.0,70.0,4.0,1.0257535150894663,0.0,0.0,45.3,4.0,0.0,0.0,0.0,0.0,0.0,0.0,15,1,0.5542763157894737,400.9821276150179,366.0,0.0,0.0,0.0,0.0,3
710.0,3.0,0.7061488324321025,0.0,0.0,0.0,0.0,0.0,78.0,4.0,1.11336887150022,0.0,0.0,43.93333333333333,0.0,0.0,0.0,0.0,4.0,40.0,2.0,16,1,0.5542763157894737,348.6526447148601,311.0,0.0,0.0,0.0,0.0,3
716.0,1.0,-1.000088900581841e-12,0.0,0.0,0.0,0.0,0.0,92.0,3.0,0.4702359623522493,0.0,0.0,41.8,0.0,0.0,0.0,0.0,0.0,0.0,0.0,17,1,0.5542763157894737,108.03703068855518,658.0,0.0,0.0,0.0,0.0,3
0.0,0.0,0.0,0.0,0.0,0.0,0.0,0.0,110.0,2.0,0.0908761213310015,0.0,0.0,40.1,0.0,0.0,0.0,0.0,0.0,0.0,0.0,18,1,0.5542763157894737,343.60636393020013,511.0,0.0,0.0,0.0,0.0,3
710.0,2.0,0.0347952022661661,0.0,0.0,0.0,0.0,0.0,72.0,3.0,0.7298429194776348,0.0,0.0,38.6,0.0,0.0,0.0,0.0,4.0,42.0,2.0,19,1,0.5542763157894737,385.1960539777112,332.0,0.0,0.0,0.0,0.0,3
716.0,2.0,0.3615478929311984,0.0,0.0,0.0,0.0,0.0,184.0,5.0,0.6431590784261916,0.0,0.0,36.46666666666667,0.0,0.0,0.0,0.0,4.0,0.0,0.0,20,1,0.5542763157894737,355.6829112191548,533.5,0.0,0.0,0.0,0.0,3
480.0,1.0,-1.000088900581841e-12,0.0,0.0,0.0,0.0,0.0,324.0,1.0,-1.000088900581841e-12,0.0,0.0,34.36666666666667,0.0,0.0,0.0,0.0,4.0,0.0,0.0,21,0,0.5542763157894737,116.04596790352728,654.0,0.0,0.0,0.0,0.0,3
716.0,3.0,0.4754343910717348,0.0,0.0,0.0,0.0,0.0,72.0,3.0,0.6546695645255008,0.0,0.0,31.53333333333333,0.0,0.0,0.0,0.0,16.0,1206.0,8.0,22,0,0.5542763157894737,116.36007333560116,654.5,0.0,0.0,0.0,0.0,3
716.0,2.0,0.1372577164480238,0.0,0.0,0.0,0.0,0.0,152.0,3.0,0.2357886371891165,0.0,0.0,29.433333333333334,0.0,0.0,0.0,0.0,4.0,170.0,4.0,23,0,0.5542763157894737,2.999999999968875,714.5,0.0,0.0,0.0,0.0,3
714.0,1.0,-1.000088900581841e-12,0.0,0.0,0.0,0.0,0.0,230.0,3.0,0.7601146822423406,0.0,0.0,27.266666666666666,0.0,0.0,0.0,0.0,0.0,0.0,0.0,0,0,0.5542763157894737,0.9999999999066252,715.5,0.0,0.0,0.0,0.0,3
716.0,1.0,-1.000088900581841e-12,0.0,0.0,0.0,0.0,0.0,140.0,1.0,-1.000088900581841e-12,0.0,0.0,24.8,0.0,0.0,0.0,0.0,0.0,0.0,0.0,1,0,0.5542763157894737,52.675104809259565,689.0,0.0,0.0,0.0,0.0,3
714.0,1.0,-1.000088900581841e-12,0.0,0.0,0.0,0.0,0.0,0.0,0.0,0.0,0.0,0.0,100.0,0.0,0.0,0.0,0.0,4.0,0.0,0.0,11,1,0.5542763157894737,213.45100921132493,557.0,0.0,0.0,0.0,0.0,3
0.0,0.0,0.0,0.0,0.0,0.0,0.0,0.0,10.0,1.0,-1.000088900581841e-12,0.0,0.0,98.0,4.0,0.0,0.0,0.0,0.0,0.0,0.0,12,1,0.5542763157894737,315.84384327280014,374.0,0.0,0.0,0.0,0.0,3
716.0,3.0,0.2496662557277664,0.0,0.0,0.0,0.0,0.0,154.0,6.0,1.0818567619701542,0.0,0.0,95.43333333333334,0.0,0.0,0.0,0.0,36.0,788.0,18.0,13,1,0.5542763157894737,349.55209435314,412.0,0.0,0.0,0.0,0.0,3
588.0,1.0,-1.000088900581841e-12,0.0,0.0,0.0,0.0,0.0,26.0,2.0,0.5402041423868609,0.0,0.0,94.0,4.0,0.0,0.0,0.0,0.0,0.0,0.0,14,1,0.5542763157894737,59.95553908244392,676.0,0.0,0.0,0.0,0.0,3
714.0,1.0,-1.000088900581841e-12,0.0,0.0,0.0,0.0,0.0,12.0,2.0,0.6365141682928128,0.0,0.0,93.0,0.0,0.0,0.0,0.0,0.0,0.0,0.0,15,1,0.5542763157894737,260.4220932767926,544.5,0.0,0.0,0.0,0.0,3
714.0,1.0,-1.000088900581841e-12,0.0,0.0,0.0,0.0,0.0,56.0,3.0,0.4904499103738102,0.0,0.0,91.1,0.0,0.0,0.0,0.0,4.0,0.0,0.0,16,1,0.5542763157894737,274.33981361321423,575.5,0.0,0.0,0.0,0.0,3
0.0,0.0,0.0,0.0,0.0,0.0,0.0,0.0,252.0,2.0,0.0462881199432268,0.0,0.0,89.83333333333333,4.0,0.0,0.0,0.0,0.0,0.0,0.0,17,1,0.5542763157894737,336.05753475657474,483.0,0.0,0.0,0.0,0.0,3
0.0,0.0,0.0,0.0,0.0,0.0,0.0,0.0,34.0,2.0,0.362210557133449,0.0,0.0,88.33333333333333,0.0,0.0,0.0,0.0,0.0,0.0,0.0,18,1,0.5542763157894737,253.9999999999996,127.0,0.0,0.0,0.0,0.0,3
0.0,0.0,0.0,0.0,0.0,0.0,0.0,0.0,178.0,5.0,0.6188755454304158,0.0,0.0,87.0,0.0,0.0,0.0,0.0,4.0,0.0,0.0,19,1,0.5542763157894737,0.0,0.0,0.0,0.0,0.0,0.0,3
0.0,0.0,0.0,0.0,0.0,0.0,0.0,0.0,62.0,8.0,1.4426726183490752,0.0,0.0,85.56666666666666,0.0,0.0,0.0,0.0,4.0,0.0,0.0,20,1,0.5542763157894737,0.0,0.0,0.0,0.0,0.0,0.0,3
716.0,5.0,0.669598654512316,0.0,0.0,0.0,0.0,0.0,104.0,7.0,1.507488708860283,0.0,0.0,81.53333333333333,0.0,0.0,0.0,0.0,8.0,348.0,8.0,22,0,0.5542763157894737,339.1164991562631,458.0,0.0,0.0,0.0,0.0,3
716.0,1.0,-1.000088900581841e-12,0.0,0.0,0.0,0.0,0.0,4.0,1.0,-1.000088900581841e-12,0.0,0.0,79.43333333333334,0.0,0.0,0.0,0.0,0.0,0.0,0.0,23,0,0.5542763157894737,0.9999999999062178,715.5,0.0,0.0,0.0,0.0,3
714.0,2.0,0.1654434960842749,0.0,0.0,0.0,0.0,0.0,12.0,3.0,1.0986122886651095,0.0,0.0,77.4,0.0,0.0,0.0,0.0,4.0,70.0,2.0,0,0,0.5542763157894737,1.154700538298042,715.0,0.0,0.0,0.0,0.0,3
712.0,1.0,-1.000088900581841e-12,0.0,0.0,0.0,0.0,0.0,4.0,1.0,-1.000088900581841e-12,0.0,0.0,75.46666666666667,0.0,0.0,0.0,0.0,0.0,0.0,0.0,1,0,0.5542763157894737,1.632993161798017,714.0,0.0,0.0,0.0,0.0,3
0.0,0.0,0.0,0.0,0.0,0.0,0.0,0.0,4.0,1.0,-1.000088900581841e-12,0.0,0.0,74.0,0.0,0.0,0.0,0.0,0.0,0.0,0.0,2,0,0.5542763157894737,370.56128597934577,398.5,0.0,0.0,0.0,0.0,3
0.0,0.0,0.0,0.0,0.0,0.0,0.0,0.0,4.0,1.0,-1.000088900581841e-12,0.0,0.0,72.8,0.0,0.0,0.0,0.0,0.0,0.0,0.0,3,0,0.5542763157894737,82.99999999999888,41.5,0.0,0.0,0.0,0.0,3
0.0,0.0,0.0,0.0,0.0,0.0,0.0,0.0,14.0,3.0,1.0789922078745835,0.0,0.0,71.27586206896552,4.0,0.0,0.0,0.0,0.0,0.0,0.0,4,0,0.5542763157894737,0.0,0.0,0.0,0.0,0.0,0.0,3
0.0,0.0,0.0,0.0,0.0,0.0,0.0,0.0,4.0,1.0,-1.000088900581841e-12,0.0,0.0,69.46666666666667,0.0,0.0,0.0,0.0,0.0,0.0,0.0,5,0,0.5542763157894737,0.0,0.0,0.0,0.0,0.0,0.0,3
0.0,0.0,0.0,0.0,0.0,0.0,0.0,0.0,4.0,1.0,-1.000088900581841e-12,0.0,0.0,68.13333333333334,0.0,0.0,0.0,0.0,0.0,0.0,0.0,6,0,0.5542763157894737,0.0,0.0,0.0,0.0,0.0,0.0,3
0.0,0.0,0.0,0.0,0.0,0.0,0.0,0.0,4.0,1.0,-1.000088900581841e-12,0.0,0.0,67.16666666666667,0.0,0.0,0.0,0.0,0.0,0.0,0.0,7,0,0.5542763157894737,0.0,0.0,0.0,0.0,0.0,0.0,3
0.0,0.0,0.0,0.0,0.0,0.0,0.0,0.0,378.0,5.0,0.2520644789331757,0.0,0.0,66.63333333333334,4.0,0.0,0.0,0.0,0.0,0.0,0.0,8,1,0.5542763157894737,0.0,0.0,0.0,0.0,0.0,0.0,3
0.0,0.0,0.0,0.0,0.0,0.0,0.0,0.0,28.0,4.0,1.0285137640208477,0.0,0.0,64.66666666666667,0.0,0.0,0.0,0.0,0.0,0.0,0.0,9,1,0.5542763157894737,0.0,0.0,0.0,0.0,0.0,0.0,3
716.0,3.0,0.8004805275634741,0.0,0.0,0.0,0.0,0.0,66.0,4.0,1.231548455244354,0.0,0.0,61.833333333333336,0.0,4.0,0.0,0.0,12.0,0.0,2.0,10,1,0.5542763157894737,341.7133301467764,212.0,0.0,0.0,0.0,0.0,3
716.0,1.0,-1.000088900581841e-12,0.0,0.0,0.0,0.0,0.0,52.0,3.0,0.7902679680715903,0.0,0.0,59.5,0.0,0.0,0.0,0.0,0.0,0.0,0.0,11,1,0.5542763157894737,291.66819047220963,569.5,0.0,0.0,0.0,0.0,3
0.0,0.0,0.0,0.0,0.0,0.0,0.0,0.0,348.0,3.0,0.272775690412993,0.0,0.0,57.86666666666667,4.0,0.0,0.0,0.0,4.0,0.0,0.0,12,1,0.5542763157894737,412.80624995268647,357.5,0.0,0.0,0.0,0.0,3
718.0,2.0,0.0733549878970681,0.0,0.0,0.0,4.0,0.0,40.0,5.0,1.4737146011990094,0.0,0.0,53.66666666666666,0.0,0.0,0.0,0.0,4.0,34.0,2.0,13,1,0.5542763157894737,339.07865360906044,249.5,0.0,0.0,2.309401076758503,2.0,3
610.0,3.0,0.3042344123652097,0.0,0.0,0.0,0.0,0.0,26.0,4.0,1.2047933096907844,0.0,0.0,43.5,0.0,0.0,0.0,0.0,0.0,92.0,0.0,14,1,0.5542763157894737,206.4776016908368,580.5,0.0,0.0,2.0,3.0,3
716.0,1.0,-1.000088900581841e-12,0.0,0.0,0.0,4.0,0.0,26.0,2.0,0.2711893730398441,0.0,0.0,38.5,0.0,0.0,0.0,0.0,4.0,0.0,0.0,15,1,0.5542763157894737,53.02515126490936,689.5,0.0,0.0,2.309401076758503,2.0,3
716.0,1.0,-1.000088900581841e-12,0.0,0.0,0.0,0.0,0.0,20.0,1.0,-1.000088900581841e-12,0.0,0.0,37.06666666666667,4.0,0.0,0.0,0.0,0.0,0.0,0.0,16,1,0.5542763157894737,96.33794683300998,668.5,0.0,0.0,2.0,1.0,3
0.0,0.0,0.0,0.0,0.0,0.0,0.0,0.0,70.0,4.0,1.1389143363876897,0.0,0.0,36.0,4.0,0.0,0.0,0.0,0.0,0.0,0.0,17,1,0.5542763157894737,334.8293097485143,485.0,0.0,0.0,0.0,0.0,3
330.0,2.0,0.1141195332502285,0.0,0.0,0.0,0.0,0.0,84.0,5.0,1.2951165770471829,0.0,0.0,34.36666666666667,2.0,0.0,0.0,0.0,4.0,0.0,4.0,18,1,0.5542763157894737,333.5041229130456,257.5,0.0,0.0,0.0,0.0,3
716.0,1.0,-1.000088900581841e-12,0.0,0.0,0.0,0.0,0.0,26.0,2.0,0.2711893730398441,0.0,0.0,32.13333333333333,0.0,0.0,0.0,0.0,0.0,0.0,0.0,19,1,0.5542763157894737,345.47117583574635,440.5,0.0,0.0,0.0,0.0,3
716.0,1.0,-1.000088900581841e-12,0.0,0.0,0.0,0.0,0.0,56.0,5.0,1.1883161504483604,0.0,0.0,30.1,0.0,0.0,0.0,0.0,8.0,4.0,4.0,20,1,0.5542763157894737,171.9999999999995,630.0,0.0,0.0,0.0,0.0,3
716.0,1.0,-1.000088900581841e-12,0.0,0.0,0.0,0.0,0.0,26.0,3.0,0.8587409130032868,0.0,0.0,27.5,0.0,0.0,0.0,0.0,0.0,0.0,0.0,21,0,0.5542763157894737,171.02339021315132,628.5,0.0,0.0,0.0,0.0,3
542.0,3.0,0.5163190473215253,0.0,0.0,0.0,0.0,0.0,52.0,6.0,1.5857708352020965,0.0,0.0,25.3,0.0,0.0,0.0,0.0,8.0,240.0,2.0,22,0,0.5542763157894737,305.82511342268776,508.5,0.0,0.0,0.0,0.0,3
262.0,1.0,-1.000088900581841e-12,0.0,0.0,0.0,0.0,0.0,10.0,3.0,1.054920167983144,0.0,0.0,23.266666666666666,0.0,0.0,0.0,0.0,0.0,0.0,0.0,23,0,0.5542763157894737,289.00461357332426,396.5,0.0,0.0,0.0,0.0,3
712.0,1.0,-1.000088900581841e-12,0.0,0.0,0.0,0.0,0.0,4.0,1.0,-1.000088900581841e-12,0.0,0.0,21.5,0.0,0.0,0.0,0.0,0.0,0.0,0.0,0,0,0.5542763157894737,349.21053821441274,425.0,0.0,0.0,0.0,0.0,3
78.0,2.0,0.3829604307655954,0.0,0.0,0.0,0.0,0.0,106.0,3.0,0.4252275911722877,0.0,0.0,19.933333333333334,4.0,0.0,4.0,0.0,8.0,78.0,6.0,1,0,0.5542763157894737,384.3782858938138,376.0,0.0,0.0,0.0,0.0,3
0.0,0.0,0.0,0.0,0.0,0.0,0.0,0.0,0.0,0.0,0.0,0.0,0.0,0.0,4.0,2.0,0.0,0.0,10.0,298.0,8.0,9,1,0.5542763157894737,0.0,0.0,0.0,0.0,0.0,0.0,2
0.0,0.0,0.0,0.0,0.0,0.0,0.0,0.0,0.0,0.0,0.0,0.0,0.0,0.0,0.0,0.0,0.0,0.0,2.0,190.0,2.0,11,1,0.5542763157894737,0.0,0.0,0.0,0.0,0.0,0.0,3
0.0,0.0,0.0,0.0,0.0,0.0,0.0,0.0,0.0,0.0,0.0,0.0,2.0,0.0,0.0,0.0,0.0,0.0,4.0,34.0,2.0,12,1,0.5542763157894737,0.0,0.0,0.0,0.0,0.0,0.0,3
712.0,8.0,1.2983258689742196,0.0,0.0,0.0,0.0,0.0,234.0,11.0,1.2084594720949808,0.0,0.0,31.33333333333333,0.0,0.0,0.0,0.0,16.0,194.0,6.0,13,1,0.5542763157894737,347.58356309430565,282.5,0.0,0.0,0.0,0.0,3
712.0,5.0,1.0973033734929738,0.0,0.0,0.0,0.0,0.0,184.0,6.0,0.687576449689693,0.0,4.0,30.5,0.0,0.0,0.0,0.0,8.0,304.0,6.0,14,1,0.5542763157894737,147.67870530309978,639.5,0.0,0.0,0.0,0.0,3
414.0,1.0,-1.000088900581841e-12,0.0,0.0,0.0,0.0,0.0,372.0,5.0,0.3639675959817475,0.0,0.0,53.93333333333333,0.0,0.0,0.0,0.0,0.0,0.0,0.0,15,1,0.5542763157894737,150.34515844105672,639.5,0.0,0.0,0.0,0.0,3
716.0,1.0,-1.000088900581841e-12,0.0,0.0,0.0,0.0,0.0,4.0,1.0,-1.000088900581841e-12,0.0,0.0,66.43333333333334,0.0,0.0,0.0,0.0,0.0,0.0,0.0,16,1,0.5542763157894737,150.9999999999993,640.5,0.0,0.0,0.0,0.0,3
716.0,1.0,-1.000088900581841e-12,0.0,0.0,0.0,0.0,0.0,12.0,1.0,-1.000088900581841e-12,0.0,0.0,63.3,0.0,0.0,0.0,0.0,0.0,0.0,0.0,17,1,0.5542763157894737,0.0,716.0,0.0,0.0,0.0,0.0,3
716.0,6.0,0.4424582386922088,0.0,0.0,0.0,0.0,0.0,72.0,7.0,1.649665994034692,0.0,0.0,59.66666666666666,0.0,0.0,0.0,0.0,12.0,298.0,8.0,18,1,0.5542763157894737,0.999999999893286,715.5,0.0,0.0,0.0,0.0,3
716.0,5.0,1.0085046022361177,0.0,0.0,0.0,0.0,0.0,46.0,3.0,0.9272771162808268,0.0,0.0,57.2,0.0,0.0,0.0,0.0,28.0,346.0,10.0,19,1,0.5542763157894737,0.999999999893286,715.5,0.0,0.0,0.0,0.0,3
714.0,3.0,0.8063623504036117,0.0,0.0,0.0,0.0,0.0,62.0,5.0,1.1075124265249852,0.0,0.0,54.53333333333333,0.0,0.0,0.0,0.0,4.0,1668.0,2.0,20,1,0.5542763157894737,2.828427124708461,714.0,0.0,0.0,0.0,0.0,4
714.0,2.0,0.1997505491611024,0.0,0.0,0.0,0.0,0.0,8.0,2.0,0.6931471805579453,0.0,0.0,51.833333333333336,0.0,0.0,0.0,0.0,4.0,70.0,2.0,21,0,0.5542763157894737,2.516611478381184,713.5,0.0,0.0,0.0,0.0,4
714.0,2.0,0.1072718232844016,0.0,0.0,0.0,0.0,0.0,18.0,5.0,1.5229550675263184,0.0,0.0,49.53333333333333,0.0,0.0,0.0,0.0,4.0,64.0,2.0,22,0,0.5542763157894737,1.1547005382868674,715.0,0.0,0.0,0.0,0.0,3
716.0,2.0,0.0613254872539078,0.0,0.0,0.0,0.0,0.0,10.0,1.0,-1.000088900581841e-12,0.0,0.0,47.5,0.0,0.0,0.0,0.0,12.0,28.0,4.0,23,0,0.5542763157894737,1.9148542154569568,714.5,0.0,0.0,0.0,0.0,4
716.0,1.0,-1.000088900581841e-12,0.0,0.0,0.0,0.0,0.0,14.0,3.0,1.0789922078745835,0.0,0.0,58.3,0.0,0.0,0.0,0.0,0.0,0.0,0.0,0,0,0.5542763157894737,6.608075867183524,711.5,0.0,0.0,0.0,0.0,3
610.0,1.0,-1.000088900581841e-12,0.0,0.0,0.0,0.0,0.0,106.0,4.0,0.3460374047077332,0.0,0.0,94.7,0.0,0.0,0.0,0.0,0.0,0.0,0.0,1,0,0.5542763157894737,169.64570924920693,594.5,0.0,0.0,0.0,0.0,3
328.0,2.0,0.0371756794593797,0.0,0.0,0.0,0.0,0.0,360.0,5.0,0.2405264308843324,0.0,0.0,100.0,0.0,0.0,0.0,0.0,12.0,0.0,2.0,2,0,0.5542763157894737,192.21168885718973,501.0,0.0,0.0,0.0,0.0,3
494.0,1.0,-1.000088900581841e-12,0.0,0.0,0.0,0.0,0.0,48.0,3.0,0.5660857389566288,0.0,0.0,100.0,4.0,0.0,0.0,0.0,0.0,0.0,0.0,3,0,0.5542763157894737,188.1453338955459,563.0,0.0,0.0,0.0,0.0,3
0.0,0.0,0.0,0.0,0.0,0.0,0.0,0.0,20.0,3.0,1.0296530140615734,0.0,0.0,100.0,2.0,0.0,0.0,0.0,0.0,0.0,0.0,4,0,0.5542763157894737,360.0999861149675,302.0,0.0,0.0,0.0,0.0,3
0.0,0.0,0.0,0.0,0.0,0.0,0.0,0.0,0.0,0.0,0.0,0.0,0.0,99.4,0.0,0.0,0.0,0.0,0.0,0.0,0.0,5,0,0.5542763157894737,0.0,0.0,0.0,0.0,0.0,0.0,3
0.0,0.0,0.0,0.0,0.0,0.0,0.0,0.0,38.0,3.0,0.8246593237634705,0.0,0.0,97.3,4.0,0.0,0.0,0.0,0.0,0.0,0.0,6,0,0.5542763157894737,0.0,0.0,0.0,0.0,0.0,0.0,3
0.0,0.0,0.0,0.0,0.0,0.0,0.0,0.0,8.0,2.0,0.6931471805579453,0.0,0.0,96.06666666666666,0.0,0.0,0.0,0.0,0.0,0.0,0.0,7,0,0.5542763157894737,0.0,0.0,0.0,0.0,0.0,0.0,3
0.0,0.0,0.0,0.0,0.0,0.0,0.0,0.0,8.0,1.0,-1.000088900581841e-12,0.0,0.0,94.7,0.0,0.0,0.0,0.0,0.0,0.0,0.0,8,1,0.5542763157894737,0.0,0.0,0.0,0.0,0.0,0.0,3
358.0,1.0,-1.000088900581841e-12,0.0,0.0,0.0,0.0,0.0,102.0,5.0,1.1479240584213524,0.0,0.0,93.4,0.0,0.0,0.0,0.0,4.0,0.0,0.0,9,1,0.5542763157894737,178.99999999999946,89.5,0.0,0.0,0.0,0.0,3
714.0,1.0,-1.000088900581841e-12,0.0,0.0,0.0,0.0,0.0,32.0,2.0,0.2337916587044593,0.0,0.0,90.6,0.0,0.0,0.0,0.0,0.0,0.0,0.0,10,1,0.5542763157894737,336.105142279416,441.0,0.0,0.0,0.0,0.0,3
712.0,1.0,-1.000088900581841e-12,0.0,0.0,0.0,0.0,0.0,106.0,3.0,0.4444794408346558,0.0,0.0,87.46666666666667,0.0,0.0,0.0,0.0,0.0,0.0,0.0,11,1,0.5542763157894737,11.12055154506598,708.5,0.0,0.0,0.0,0.0,4
0.0,0.0,0.0,0.0,0.0,0.0,0.0,0.0,12.0,2.0,0.4505612088643047,0.0,0.0,86.0,2.0,0.0,0.0,0.0,0.0,0.0,0.0,12,1,0.5542763157894737,355.04882293378535,532.5,0.0,0.0,0.0,0.0,4
0.0,0.0,0.0,0.0,0.0,0.0,0.0,0.0,6.0,1.0,-1.000088900581841e-12,0.0,0.0,84.06666666666666,2.0,0.0,0.0,0.0,0.0,0.0,0.0,13,1,0.5542763157894737,350.9999999999997,175.5,0.0,0.0,0.0,0.0,4
716.0,2.0,0.691257784582388,0.0,0.0,0.0,0.0,0.0,32.0,4.0,0.98689944883453,0.0,0.0,79.66666666666667,0.0,0.0,0.0,0.0,0.0,692.0,0.0,15,1,0.5542763157894737,337.62849405818787,234.5,0.0,0.0,0.0,0.0,3
376.0,1.0,-1.000088900581841e-12,0.0,0.0,0.0,0.0,0.0,2.0,1.0,-1.000088900581841e-12,0.0,0.0,78.0,4.0,0.0,0.0,0.0,0.0,0.0,0.0,16,1,0.5542763157894737,247.16526185260432,506.0,0.0,0.0,0.0,0.0,4
0.0,0.0,0.0,0.0,0.0,0.0,0.0,0.0,6.0,2.0,0.6365141682928128,0.0,0.0,76.2,4.0,0.0,0.0,0.0,0.0,0.0,0.0,17,1,0.5542763157894737,341.87083330794167,271.5,0.0,0.0,0.0,0.0,4
712.0,1.0,-1.000088900581841e-12,0.0,0.0,0.0,0.0,0.0,8.0,1.0,-1.000088900581841e-12,0.0,0.0,74.63333333333334,0.0,0.0,0.0,0.0,0.0,0.0,0.0,18,1,0.5542763157894737,336.0872902486294,246.0,0.0,0.0,0.0,0.0,3
56.0,3.0,0.4086977250713143,0.0,0.0,0.0,0.0,0.0,38.0,7.0,1.4102580990003952,0.0,0.0,72.9,0.0,0.0,0.0,0.0,4.0,20.0,2.0,19,1,0.5542763157894737,295.68620754667126,403.5,0.0,0.0,0.0,0.0,3
714.0,1.0,-1.000088900581841e-12,0.0,0.0,0.0,0.0,0.0,18.0,3.0,0.964962923004428,0.0,0.0,69.83333333333333,0.0,0.0,0.0,0.0,0.0,0.0,0.0,20,1,0.5542763157894737,313.13681780759424,515.0,0.0,0.0,0.0,0.0,3
0.0,0.0,0.0,0.0,0.0,0.0,0.0,0.0,18.0,2.0,0.3488320958410319,0.0,0.0,67.83333333333333,4.0,0.0,0.0,0.0,0.0,0.0,0.0,21,0,0.5542763157894737,348.5225961110697,521.0,0.0,0.0,0.0,0.0,3
374.0,1.0,-1.000088900581841e-12,0.0,0.0,0.0,0.0,0.0,70.0,4.0,0.7882805996269351,0.0,0.0,66.03333333333333,0.0,0.0,0.0,0.0,4.0,0.0,2.0,22,0,0.5542763157894737,318.01257836758566,257.0,0.0,0.0,0.0,0.0,3
340.0,1.0,-1.000088900581841e-12,0.0,0.0,0.0,0.0,0.0,340.0,2.0,0.0360755969188534,0.0,0.0,64.66666666666667,4.0,0.0,0.0,0.0,0.0,0.0,0.0,23,0,0.5542763157894737,292.635723497092,357.5,0.0,0.0,0.0,0.0,3
714.0,1.0,-1.000088900581841e-12,0.0,0.0,0.0,0.0,0.0,130.0,4.0,0.5196711797738436,0.0,0.0,62.36666666666667,0.0,0.0,0.0,0.0,0.0,0.0,0.0,0,0,0.5542763157894737,229.91230212119245,516.5,0.0,0.0,0.0,0.0,3
716.0,3.0,0.1365623602593119,0.0,0.0,0.0,0.0,0.0,54.0,3.0,0.6786071516884347,0.0,0.0,59.333333333333336,0.0,0.0,0.0,0.0,12.0,76.0,10.0,1,0,0.5542763157894737,201.46380981870288,555.5,0.0,0.0,0.0,0.0,3
718.0,2.0,0.5942116778713917,0.0,0.0,0.0,0.0,0.0,2.0,1.0,-1.000088900581841e-12,0.0,0.0,54.96666666666667,0.0,0.0,0.0,0.0,0.0,8.0,0.0,2,0,0.5542763157894737,110.33736145718343,661.5,0.0,0.0,0.0,0.0,3
714.0,1.0,-1.000088900581841e-12,0.0,0.0,0.0,0.0,0.0,12.0,2.0,0.6365141682928128,0.0,0.0,52.13333333333333,0.0,0.0,0.0,0.0,0.0,0.0,0.0,3,0,0.5542763157894737,1.9148542154649768,716.5,0.0,0.0,0.0,0.0,3
0.0,0.0,0.0,0.0,0.0,0.0,0.0,0.0,4.0,1.0,-1.000088900581841e-12,0.0,0.0,51.0,0.0,0.0,0.0,0.0,0.0,0.0,0.0,4,0,0.5542763157894737,338.66158132664896,463.5,0.0,0.0,0.0,0.0,3
0.0,0.0,0.0,0.0,0.0,0.0,0.0,0.0,0.0,0.0,0.0,0.0,0.0,49.8,0.0,0.0,0.0,0.0,0.0,0.0,0.0,5,0,0.5542763157894737,210.9999999999996,105.5,0.0,0.0,0.0,0.0,3
0.0,0.0,0.0,0.0,0.0,0.0,0.0,0.0,0.0,0.0,0.0,0.0,0.0,48.5,0.0,0.0,0.0,0.0,0.0,0.0,0.0,6,0,0.5542763157894737,0.0,0.0,0.0,0.0,0.0,0.0,3
0.0,0.0,0.0,0.0,0.0,0.0,0.0,0.0,0.0,0.0,0.0,0.0,0.0,46.9,0.0,0.0,0.0,0.0,0.0,0.0,0.0,7,0,0.5542763157894737,0.0,0.0,0.0,0.0,0.0,0.0,3
0.0,0.0,0.0,0.0,0.0,0.0,0.0,0.0,0.0,0.0,0.0,0.0,0.0,45.58620689655172,0.0,0.0,0.0,0.0,0.0,0.0,0.0,8,1,0.5542763157894737,0.0,0.0,0.0,0.0,0.0,0.0,3
0.0,0.0,0.0,0.0,0.0,0.0,0.0,0.0,0.0,0.0,0.0,0.0,0.0,44.1,0.0,0.0,0.0,0.0,0.0,0.0,0.0,9,1,0.5542763157894737,0.0,0.0,0.0,0.0,0.0,0.0,3
0.0,0.0,0.0,0.0,0.0,0.0,0.0,0.0,34.0,5.0,1.152564616144156,0.0,0.0,42.86666666666667,2.0,0.0,0.0,0.0,0.0,0.0,0.0,10,1,0.5542763157894737,0.0,0.0,0.0,0.0,0.0,0.0,3
0.0,0.0,0.0,0.0,0.0,0.0,0.0,0.0,92.0,1.0,-1.000088900581841e-12,0.0,0.0,41.56666666666667,0.0,0.0,0.0,0.0,0.0,0.0,0.0,11,1,0.5542763157894737,0.0,0.0,0.0,0.0,0.0,0.0,3
0.0,0.0,0.0,0.0,0.0,0.0,0.0,0.0,28.0,1.0,-1.000088900581841e-12,0.0,0.0,40.2,0.0,0.0,0.0,0.0,0.0,0.0,0.0,12,1,0.5542763157894737,0.0,0.0,0.0,0.0,0.0,0.0,3
682.0,12.0,1.654815715364265,0.0,0.0,0.0,0.0,0.0,416.0,8.0,0.9016421035984772,0.0,4.0,34.93103448275862,0.0,0.0,0.0,0.0,28.0,1736.0,16.0,13,1,0.5542763157894737,341.2228011138761,284.5,0.0,0.0,0.0,0.0,3
712.0,1.0,-1.000088900581841e-12,0.0,0.0,0.0,0.0,0.0,8.0,2.0,0.6931471805579453,0.0,0.0,32.03333333333333,0.0,0.0,0.0,0.0,6.0,0.0,6.0,14,1,0.5542763157894737,124.19876542596197,641.0,0.0,0.0,0.0,0.0,3
716.0,1.0,-1.000088900581841e-12,0.0,0.0,0.0,0.0,0.0,0.0,0.0,0.0,0.0,0.0,28.0,0.0,0.0,0.0,0.0,24.0,0.0,6.0,15,1,0.5542763157894737,1.9148542154586683,714.5,0.0,0.0,0.0,0.0,3
710.0,1.0,-1.000088900581841e-12,0.0,0.0,0.0,0.0,0.0,6.0,2.0,0.6365141682928128,0.0,0.0,24.766666666666666,0.0,0.0,0.0,0.0,6.0,0.0,2.0,16,1,0.5542763157894737,2.9999999999655307,714.5,0.0,0.0,0.0,0.0,3
714.0,2.0,0.6082309310830821,0.0,0.0,0.0,0.0,0.0,18.0,3.0,0.8486855577234171,0.0,0.0,22.6,0.0,0.0,0.0,0.0,6.0,0.0,4.0,17,1,0.5542763157894737,2.82842712470963,714.0,0.0,0.0,0.0,0.0,3
714.0,6.0,0.3786003550629171,0.0,0.0,0.0,0.0,0.0,52.0,4.0,1.204793309690784,0.0,0.0,20.766666666666666,0.0,0.0,0.0,0.0,18.0,146.0,8.0,18,1,0.5542763157894737,1.154700538289681,715.0,0.0,0.0,0.0,0.0,3
712.0,2.0,0.6925789628388864,0.0,0.0,0.0,0.0,0.0,26.0,4.0,1.2047933096907844,0.0,0.0,18.6,0.0,0.0,0.0,0.0,18.0,0.0,4.0,19,1,0.5542763157894737,1.9148542154586683,714.5,0.0,0.0,0.0,0.0,3
714.0,1.0,-1.000088900581841e-12,0.0,0.0,0.0,0.0,0.0,22.0,4.0,1.2636544318780962,0.0,0.0,16.766666666666666,0.0,0.0,0.0,0.0,6.0,0.0,0.0,20,1,0.5542763157894737,1.9148542154586683,714.5,0.0,0.0,0.0,0.0,3
0.0,0.0,0.0,0.0,0.0,0.0,0.0,0.0,0.0,0.0,0.0,0.0,0.0,0.0,8.0,0.0,0.0,0.0,12.0,308.0,4.0,22,0,0.5542763157894737,336.63630226106005,241.0,0.0,0.0,0.0,0.0,3
0.0,0.0,0.0,0.0,0.0,0.0,0.0,0.0,0.0,0.0,0.0,0.0,0.0,0.0,2.0,0.0,0.0,0.0,0.0,0.0,0.0,23,0,0.5542763157894737,124.99999999999918,62.5,0.0,0.0,0.0,0.0,3
0.0,0.0,0.0,0.0,0.0,0.0,0.0,0.0,0.0,0.0,0.0,0.0,0.0,0.0,0.0,0.0,0.0,0.0,16.0,306.0,8.0,0,0,0.5542763157894737,0.0,0.0,0.0,0.0,0.0,0.0,3
36.0,1.0,-1.000088900581841e-12,0.0,0.0,0.0,0.0,0.0,2.0,1.0,-1.000088900581841e-12,0.0,4.0,20.0,0.0,0.0,0.0,0.0,8.0,590.0,6.0,2,0,0.5542763157894737,17.99999999999427,9.0,0.0,0.0,0.0,0.0,3
0.0,0.0,0.0,0.0,0.0,0.0,0.0,0.0,54.0,4.0,1.0232832398642562,0.0,0.0,100.0,0.0,0.0,0.0,0.0,0.0,0.0,0.0,9,1,0.5542763157894737,0.0,0.0,0.0,0.0,0.0,0.0,3
0.0,0.0,0.0,0.0,0.0,0.0,0.0,0.0,116.0,3.0,1.0131197760494,0.0,0.0,100.0,0.0,0.0,0.0,0.0,0.0,0.0,0.0,10,1,0.5542763157894737,0.0,0.0,0.0,0.0,0.0,0.0,3
330.0,5.0,0.8192963696214481,0.0,0.0,0.0,0.0,0.0,244.0,10.0,1.46592982447917,0.0,0.0,100.0,0.0,0.0,0.0,0.0,6.0,556.0,4.0,11,1,0.5542763157894737,164.9999999999994,82.5,0.0,0.0,0.0,0.0,3
714.0,1.0,-1.000088900581841e-12,0.0,0.0,0.0,0.0,0.0,24.0,3.0,0.8675632284784613,0.0,0.0,100.0,0.0,0.0,0.0,0.0,0.0,0.0,0.0,12,1,0.5542763157894737,344.40818805597496,439.5,0.0,0.0,0.0,0.0,3
0.0,0.0,0.0,0.0,0.0,0.0,0.0,0.0,44.0,2.0,0.3046360973472382,0.0,0.0,100.0,0.0,0.0,0.0,0.0,0.0,0.0,0.0,13,1,0.5542763157894737,340.8870780771835,503.0,0.0,0.0,0.0,0.0,3
0.0,0.0,0.0,0.0,0.0,0.0,0.0,0.0,58.0,2.0,0.2509548043556198,0.0,0.0,100.0,4.0,0.0,0.0,0.0,0.0,0.0,0.0,14,1,0.5542763157894737,291.99999999999966,146.0,0.0,0.0,0.0,0.0,3
0.0,0.0,0.0,0.0,0.0,0.0,0.0,0.0,280.0,5.0,1.3385329012398173,0.0,0.0,98.23333333333332,4.0,0.0,0.0,0.0,6.0,0.0,0.0,15,1,0.5542763157894737,0.0,0.0,0.0,0.0,0.0,0.0,3
0.0,0.0,0.0,0.0,0.0,0.0,0.0,0.0,98.0,4.0,0.7030427314910912,0.0,0.0,96.56666666666666,0.0,0.0,0.0,0.0,6.0,0.0,0.0,16,1,0.5542763157894737,0.0,0.0,0.0,0.0,0.0,0.0,3
716.0,2.0,0.5277551442951928,0.0,0.0,0.0,0.0,0.0,22.0,5.0,1.4681399390112089,0.0,0.0,94.86666666666666,0.0,0.0,0.0,0.0,6.0,322.0,2.0,17,1,0.5542763157894737,344.3733439161629,204.5,0.0,0.0,0.0,0.0,4
156.0,1.0,-1.000088900581841e-12,0.0,0.0,0.0,0.0,0.0,30.0,2.0,0.6730116670072565,0.0,0.0,93.4,0.0,0.0,0.0,0.0,0.0,0.0,0.0,18,1,0.5542763157894737,339.04571963084834,422.0,0.0,0.0,0.0,0.0,3
0.0,0.0,0.0,0.0,0.0,0.0,0.0,0.0,44.0,2.0,0.6890092384746587,0.0,0.0,90.9,0.0,0.0,0.0,0.0,0.0,0.0,0.0,19,1,0.5542763157894737,339.0707890691851,217.5,0.0,0.0,0.0,0.0,3
544.0,2.0,0.02427927049106,0.0,0.0,0.0,0.0,0.0,64.0,5.0,1.249343231062561,0.0,0.0,88.43333333333334,0.0,0.0,0.0,0.0,18.0,10.0,4.0,20,1,0.5542763157894737,271.99999999999966,136.0,0.0,0.0,0.0,0.0,3
712.0,2.0,0.1746704000348272,0.0,0.0,0.0,0.0,0.0,32.0,4.0,0.8222653373247879,0.0,0.0,85.2,0.0,0.0,0.0,0.0,8.0,566.0,2.0,21,0,0.5542763157894737,337.8614114297949,492.5,0.0,0.0,0.0,0.0,3
214.0,2.0,0.5436430971012728,0.0,0.0,0.0,0.0,0.0,20.0,5.0,1.4708084763171114,0.0,0.0,83.0,0.0,0.0,0.0,0.0,16.0,158.0,8.0,22,0,0.5542763157894737,249.33511585815543,588.0,0.0,0.0,0.0,0.0,2
716.0,1.0,-1.000088900581841e-12,0.0,0.0,0.0,0.0,0.0,6.0,2.0,0.6365141682928128,0.0,0.0,80.23333333333333,0.0,0.0,0.0,0.0,0.0,0.0,0.0,23,0,0.5542763157894737,250.34043487485823,589.5,0.0,0.0,0.0,0.0,3
0.0,0.0,0.0,0.0,0.0,0.0,0.0,0.0,6.0,2.0,0.6365141682928128,0.0,0.0,78.6,0.0,0.0,0.0,0.0,0.0,0.0,0.0,0,0,0.5542763157894737,340.0470555673138,498.0,0.0,0.0,0.0,0.0,3
716.0,1.0,-1.000088900581841e-12,0.0,0.0,0.0,0.0,0.0,8.0,3.0,1.039720770836918,0.0,0.0,76.26666666666667,0.0,0.0,0.0,0.0,0.0,54.0,0.0,1,0,0.5542763157894737,343.2452961561646,349.0,0.0,0.0,0.0,0.0,3
0.0,0.0,0.0,0.0,0.0,0.0,0.0,0.0,2.0,1.0,-1.000088900581841e-12,0.0,0.0,74.23333333333333,8.0,0.0,0.0,0.0,0.0,0.0,0.0,2,0,0.5542763157894737,370.2733224704869,377.5,0.0,0.0,0.0,0.0,3
0.0,0.0,0.0,0.0,0.0,0.0,0.0,0.0,12.0,2.0,0.4505612088643047,0.0,0.0,72.63333333333334,0.0,0.0,0.0,0.0,0.0,0.0,0.0,3,0,0.5542763157894737,336.9999999999997,168.5,0.0,0.0,0.0,0.0,3
0.0,0.0,0.0,0.0,0.0,0.0,0.0,0.0,2.0,1.0,-1.000088900581841e-12,0.0,0.0,70.5,0.0,0.0,0.0,0.0,0.0,0.0,0.0,4,0,0.5542763157894737,0.0,0.0,0.0,0.0,0.0,0.0,3
0.0,0.0,0.0,0.0,0.0,0.0,0.0,0.0,0.0,0.0,0.0,0.0,0.0,69.0,0.0,0.0,0.0,0.0,0.0,0.0,0.0,5,0,0.5542763157894737,0.0,0.0,0.0,0.0,0.0,0.0,3
0.0,0.0,0.0,0.0,0.0,0.0,0.0,0.0,2.0,1.0,-1.000088900581841e-12,0.0,0.0,67.36666666666666,0.0,0.0,0.0,0.0,0.0,0.0,0.0,6,0,0.5542763157894737,0.0,0.0,0.0,0.0,0.0,0.0,3
0.0,0.0,0.0,0.0,0.0,0.0,0.0,0.0,4.0,1.0,-1.000088900581841e-12,0.0,0.0,66.3,0.0,0.0,0.0,0.0,0.0,0.0,0.0,7,0,0.5542763157894737,0.0,0.0,0.0,0.0,0.0,0.0,3
0.0,0.0,0.0,0.0,0.0,0.0,0.0,0.0,28.0,3.0,0.796311640170813,0.0,0.0,64.63333333333334,0.0,0.0,0.0,0.0,0.0,0.0,0.0,8,1,0.5542763157894737,0.0,0.0,0.0,0.0,0.0,0.0,3
0.0,0.0,0.0,0.0,0.0,0.0,0.0,0.0,2.0,1.0,-1.000088900581841e-12,0.0,0.0,62.63333333333333,0.0,0.0,0.0,0.0,0.0,0.0,0.0,9,1,0.5542763157894737,0.0,0.0,0.0,0.0,0.0,0.0,2
714.0,4.0,0.8071983073748737,0.0,0.0,0.0,0.0,0.0,90.0,7.0,1.594938043973214,0.0,0.0,59.06666666666667,0.0,8.0,0.0,0.0,32.0,230.0,8.0,10,1,0.5542763157894737,342.6134848484511,270.0,0.0,0.0,0.0,0.0,2
714.0,4.0,0.8543178322211826,0.0,0.0,0.0,0.0,0.0,162.0,8.0,1.315330523565526,0.0,0.0,55.6,0.0,0.0,0.0,0.0,24.0,162.0,6.0,11,1,0.5542763157894737,173.66922582887216,626.5,0.0,0.0,0.0,0.0,3
712.0,3.0,0.9893141784059236,0.0,0.0,0.0,0.0,0.0,64.0,5.0,1.244016695787894,0.0,0.0,52.766666666666666,0.0,0.0,0.0,0.0,60.0,222.0,14.0,12,1,0.5542763157894737,1.15470053828754,713.0,0.0,0.0,0.0,0.0,3
716.0,5.0,0.6842119604961954,0.0,0.0,0.0,8.0,0.0,62.0,6.0,1.4426726183510752,0.0,0.0,49.16666666666666,0.0,0.0,0.0,0.0,50.0,42.0,22.0,13,1,0.5542763157894737,3.415650255288865,712.5,0.0,0.0,4.0,2.0,3
716.0,1.0,-1.000088900581841e-12,0.0,0.0,0.0,0.0,0.0,66.0,3.0,0.3625010217366757,0.0,0.0,44.43333333333333,0.0,0.0,0.0,0.0,10.0,0.0,6.0,14,1,0.5542763157894737,4.434711565192813,714.5,0.0,0.0,4.0,2.0,3
716.0,3.0,0.3264948616906931,0.0,0.0,0.0,8.0,0.0,40.0,3.0,0.3943976914444427,0.0,0.0,40.03333333333333,0.0,0.0,0.0,0.0,0.0,6.0,0.0,15,1,0.5542763157894737,0.999999999894148,716.5,0.0,0.0,4.0,2.0,3
718.0,1.0,-1.000088900581841e-12,0.0,0.0,0.0,0.0,0.0,14.0,1.0,-1.000088900581841e-12,0.0,0.0,34.56666666666667,0.0,0.0,0.0,0.0,0.0,1178.0,0.0,16,1,0.5542763157894737,1.6329931617906257,716.0,0.0,0.0,4.0,2.0,3
710.0,3.0,0.5622234347048425,0.0,0.0,0.0,0.0,0.0,106.0,5.0,0.9175508152708804,0.0,0.0,24.466666666666665,0.0,0.0,0.0,0.0,50.0,612.0,10.0,18,1,0.5542763157894737,2.999999999964697,713.5,2.0,1.0,0.0,0.0,3
620.0,1.0,-1.000088900581841e-12,0.0,0.0,0.0,0.0,0.0,124.0,1.0,-1.000088900581841e-12,0.0,0.0,21.9,6.0,0.0,0.0,0.0,0.0,0.0,0.0,19,1,0.5542763157894737,46.73328578218944,690.0,0.0,0.0,0.0,0.0,3
0.0,0.0,0.0,0.0,0.0,0.0,0.0,0.0,86.0,4.0,0.5998477066193435,0.0,0.0,20.666666666666668,0.0,0.0,0.0,0.0,0.0,0.0,0.0,20,1,0.5542763157894737,386.9999999999997,333.5,0.0,0.0,0.0,0.0,3
186.0,3.0,0.9735956525624982,0.0,0.0,0.0,0.0,0.0,72.0,5.0,0.9223838029645084,0.0,0.0,18.433333333333334,0.0,0.0,0.0,0.0,30.0,716.0,8.0,21,0,0.5542763157894737,92.99999999999896,46.5,0.0,0.0,0.0,0.0,3
0.0,0.0,0.0,0.0,0.0,0.0,0.0,0.0,0.0,0.0,0.0,0.0,0.0,0.0,4.0,0.0,0.0,0.0,16.0,0.0,8.0,23,0,0.5542763157894737,291.99999999999966,146.0,0.0,0.0,0.0,0.0,3
0.0,0.0,0.0,0.0,0.0,0.0,0.0,0.0,0.0,0.0,0.0,0.0,0.0,0.0,8.0,0.0,0.0,0.0,8.0,166.0,4.0,0,0,0.5542763157894737,0.0,0.0,0.0,0.0,0.0,0.0,2
0.0,0.0,0.0,0.0,0.0,0.0,0.0,0.0,0.0,0.0,0.0,0.0,8.0,0.0,6.0,0.0,8.0,0.0,24.0,0.0,0.0,1,0,0.5542763157894737,0.0,0.0,0.0,0.0,0.0,0.0,2
716.0,1.0,-1.000088900581841e-12,0.0,0.0,0.0,0.0,0.0,6.0,2.0,0.6365141682928128,0.0,0.0,31.3,0.0,0.0,0.0,0.0,0.0,0.0,0.0,2,0,0.5542763157894737,338.71275933057666,224.5,0.0,0.0,0.0,0.0,3
0.0,0.0,0.0,0.0,0.0,0.0,0.0,0.0,22.0,3.0,0.7595473914718636,0.0,0.0,53.793103448275865,0.0,0.0,0.0,0.0,0.0,0.0,0.0,3,0,0.5542763157894737,326.0812782114297,358.5,0.0,0.0,0.0,0.0,3
0.0,0.0,0.0,0.0,0.0,0.0,0.0,0.0,354.0,3.0,0.0967038770654735,0.0,0.0,74.46666666666667,0.0,0.0,0.0,0.0,0.0,0.0,0.0,4,0,0.5542763157894737,267.99999999999966,134.0,0.0,0.0,0.0,0.0,3
0.0,0.0,0.0,0.0,0.0,0.0,0.0,0.0,6.0,2.0,0.6365141682928128,0.0,0.0,93.76666666666668,0.0,0.0,0.0,0.0,0.0,0.0,0.0,5,0,0.5542763157894737,0.0,0.0,0.0,0.0,0.0,0.0,3
0.0,0.0,0.0,0.0,0.0,0.0,0.0,0.0,18.0,4.0,1.2730283365856256,0.0,0.0,100.0,0.0,18.0,14.0,0.0,0.0,0.0,0.0,6,0,0.5542763157894737,0.0,0.0,0.0,0.0,0.0,0.0,3
716.0,1.0,-1.000088900581841e-12,0.0,0.0,0.0,0.0,0.0,4.0,2.0,0.6931471805579453,0.0,0.0,100.0,0.0,0.0,0.0,0.0,0.0,0.0,0.0,7,0,0.5542763157894737,362.2977596765766,304.5,0.0,0.0,0.0,0.0,3
0.0,0.0,0.0,0.0,0.0,0.0,0.0,0.0,12.0,2.0,0.4505612088643047,0.0,0.0,100.0,0.0,0.0,0.0,0.0,0.0,0.0,0.0,8,1,0.5542763157894737,305.6381302564627,377.0,0.0,0.0,0.0,0.0,3
0.0,0.0,0.0,0.0,0.0,0.0,0.0,0.0,14.0,1.0,-1.000088900581841e-12,0.0,0.0,99.4,0.0,0.0,0.0,0.0,0.0,0.0,0.0,9,1,0.5542763157894737,144.9999999999993,72.5,0.0,0.0,0.0,0.0,3
0.0,0.0,0.0,0.0,0.0,0.0,0.0,0.0,98.0,3.0,0.1988215781000194,0.0,0.0,97.6,0.0,0.0,0.0,0.0,0.0,0.0,0.0,10,1,0.5542763157894737,0.0,0.0,0.0,0.0,0.0,0.0,3
718.0,4.0,0.3783866720739298,0.0,0.0,0.0,0.0,0.0,194.0,5.0,1.0431799565777349,0.0,0.0,94.66666666666669,0.0,8.0,10.0,0.0,40.0,946.0,16.0,11,1,0.5542763157894737,338.6581363755094,245.0,0.0,0.0,0.0,0.0,3
716.0,2.0,0.4820651756554068,0.0,0.0,0.0,0.0,0.0,160.0,6.0,1.057657669375812,0.0,0.0,90.56666666666666,0.0,0.0,0.0,0.0,20.0,46.0,8.0,12,1,0.5542763157894737,227.33528835913955,603.0,0.0,0.0,0.0,0.0,3
604.0,1.0,-1.000088900581841e-12,0.0,0.0,0.0,0.0,0.0,40.0,4.0,0.5875009311022074,0.0,0.0,88.6,10.0,0.0,0.0,0.0,0.0,0.0,0.0,13,1,0.5542763157894737,55.67465012612527,687.5,0.0,0.0,0.0,0.0,3
478.0,2.0,0.0850502746560508,0.0,0.0,0.0,0.0,0.0,18.0,6.0,1.7351264569569227,0.0,0.0,86.63333333333334,0.0,0.0,0.0,0.0,10.0,12.0,2.0,14,1,0.5542763157894737,314.4794640884093,449.0,0.0,0.0,0.0,0.0,2
716.0,2.0,0.0613254872539078,0.0,0.0,0.0,0.0,0.0,16.0,4.0,1.2130075659759043,0.0,0.0,81.46666666666667,0.0,0.0,0.0,0.0,0.0,816.0,0.0,15,1,0.5542763157894737,335.1994431180733,475.0,0.0,0.0,0.0,0.0,3
68.0,1.0,-1.000088900581841e-12,0.0,0.0,0.0,0.0,0.0,4.0,2.0,0.6931471805579453,0.0,0.0,79.2,0.0,0.0,0.0,0.0,0.0,0.0,0.0,16,1,0.5542763157894737,322.3678023624564,551.5,0.0,0.0,0.0,0.0,3
258.0,1.0,-1.000088900581841e-12,0.0,0.0,0.0,0.0,0.0,108.0,5.0,0.7052040062479081,0.0,0.0,77.23333333333333,0.0,0.0,0.0,0.0,10.0,0.0,4.0,17,1,0.5542763157894737,322.6985177117073,260.5,0.0,0.0,0.0,0.0,3
716.0,1.0,-1.000088900581841e-12,0.0,0.0,0.0,0.0,0.0,18.0,3.0,0.8486855577234171,0.0,0.0,75.06666666666666,0.0,0.0,0.0,0.0,0.0,0.0,0.0,18,1,0.5542763157894737,354.8948200993262,422.5,0.0,0.0,0.0,0.0,3
712.0,3.0,0.7861990281902219,0.0,0.0,0.0,0.0,0.0,38.0,5.0,1.5173067399899576,0.0,0.0,71.56666666666666,0.0,0.0,0.0,0.0,20.0,36.0,12.0,19,1,0.5542763157894737,2.309401076705288,714.0,0.0,0.0,0.0,0.0,3
706.0,1.0,-1.000088900581841e-12,0.0,0.0,0.0,0.0,0.0,64.0,4.0,0.6452456705132861,0.0,0.0,67.9,0.0,0.0,0.0,0.0,0.0,0.0,0.0,20,1,0.5542763157894737,3.464101615102291,709.0,4.0,2.0,0.0,0.0,3
716.0,1.0,-1.000088900581841e-12,0.0,0.0,0.0,0.0,0.0,8.0,2.0,0.6931471805579453,0.0,0.0,65.4,0.0,0.0,0.0,0.0,0.0,0.0,0.0,21,0,0.5542763157894737,4.99999999997543,708.5,4.0,2.0,0.0,0.0,3
0.0,0.0,0.0,0.0,0.0,0.0,0.0,0.0,54.0,4.0,0.9853462641338446,0.0,0.0,63.63333333333333,0.0,0.0,0.0,0.0,0.0,0.0,0.0,22,0,0.5542763157894737,340.00539211410523,445.5,0.0,0.0,0.0,0.0,3
0.0,0.0,0.0,0.0,0.0,0.0,0.0,0.0,80.0,2.0,0.1985152433438726,0.0,0.0,61.53333333333333,10.0,0.0,0.0,0.0,0.0,0.0,0.0,23,0,0.5542763157894737,179.99999999999935,90.0,0.0,0.0,0.0,0.0,3
0.0,0.0,0.0,0.0,0.0,0.0,0.0,0.0,52.0,3.0,0.9497249735321772,0.0,0.0,59.5,10.0,0.0,0.0,0.0,0.0,0.0,0.0,0,0,0.5542763157894737,0.0,0.0,0.0,0.0,0.0,0.0,3
714.0,1.0,-1.000088900581841e-12,0.0,0.0,0.0,0.0,0.0,4.0,1.0,-1.000088900581841e-12,0.0,0.0,57.333333333333336,0.0,0.0,0.0,0.0,0.0,0.0,0.0,1,0,0.5542763157894737,339.070789069185,217.5,0.0,0.0,0.0,0.0,3
714.0,2.0,0.1654434960842749,0.0,0.0,0.0,0.0,0.0,6.0,2.0,0.6365141682928128,0.0,0.0,55.46666666666667,0.0,0.0,0.0,0.0,10.0,210.0,0.0,2,0,0.5542763157894737,264.6374878961781,542.5,0.0,0.0,0.0,0.0,3
712.0,3.0,0.0693948810378789,0.0,0.0,0.0,0.0,0.0,36.0,3.0,0.8486855577234171,0.0,0.0,53.13333333333333,0.0,0.0,0.0,0.0,20.0,66.0,6.0,3,0,0.5542763157894737,64.02082994359289,682.0,0.0,0.0,0.0,0.0,3
72.0,1.0,-1.000088900581841e-12,0.0,0.0,0.0,0.0,0.0,4.0,1.0,-1.000088900581841e-12,0.0,0.0,52.06666666666667,8.0,0.0,0.0,0.0,0.0,0.0,0.0,4,0,0.5542763157894737,321.3388657891641,554.0,0.0,0.0,0.0,0.0,3
0.0,0.0,0.0,0.0,0.0,0.0,0.0,0.0,2.0,1.0,-1.000088900581841e-12,0.0,0.0,51.0,0.0,0.0,0.0,0.0,0.0,0.0,0.0,5,0,0.5542763157894737,347.660754184305,197.0,0.0,0.0,0.0,0.0,3
0.0,0.0,0.0,0.0,0.0,0.0,0.0,0.0,0.0,0.0,0.0,0.0,0.0,50.0,0.0,0.0,0.0,0.0,0.0,0.0,0.0,6,0,0.5542763157894737,0.0,0.0,0.0,0.0,0.0,0.0,3
0.0,0.0,0.0,0.0,0.0,0.0,0.0,0.0,0.0,0.0,0.0,0.0,0.0,49.0,0.0,0.0,0.0,0.0,0.0,0.0,0.0,7,0,0.5542763157894737,0.0,0.0,0.0,0.0,0.0,0.0,3
0.0,0.0,0.0,0.0,0.0,0.0,0.0,0.0,8.0,1.0,-1.000088900581841e-12,0.0,0.0,48.0,0.0,0.0,0.0,0.0,0.0,0.0,0.0,8,1,0.5542763157894737,0.0,0.0,0.0,0.0,0.0,0.0,3
0.0,0.0,0.0,0.0,0.0,0.0,0.0,0.0,16.0,2.0,0.3767701612544368,0.0,0.0,47.0,0.0,0.0,0.0,0.0,0.0,0.0,0.0,9,1,0.5542763157894737,0.0,0.0,0.0,0.0,0.0,0.0,3
716.0,1.0,-1.000088900581841e-12,0.0,0.0,0.0,0.0,0.0,144.0,3.0,0.9002560512655369,0.0,0.0,45.73333333333333,0.0,0.0,0.0,0.0,20.0,0.0,0.0,10,1,0.5542763157894737,357.99999999999966,179.0,0.0,0.0,0.0,0.0,3
708.0,4.0,0.7482807673291159,0.0,0.0,0.0,0.0,0.0,126.0,8.0,1.182334295259586,0.0,0.0,41.3,0.0,0.0,0.0,0.0,10.0,680.0,4.0,11,1,0.5542763157894737,356.34954749515225,534.5,0.0,0.0,0.0,0.0,3
388.0,2.0,0.0798166043040567,0.0,0.0,0.0,0.0,0.0,154.0,5.0,0.4275255513705696,0.0,0.0,39.66666666666666,10.0,0.0,0.0,0.0,10.0,30.0,4.0,12,1,0.5542763157894737,162.36892149258867,631.5,0.0,0.0,0.0,0.0,3
554.0,6.0,0.9707377947370932,0.0,0.0,0.0,0.0,0.0,588.0,12.0,1.3570883805623295,0.0,0.0,37.30434782608695,0.0,0.0,0.0,0.0,30.0,736.0,10.0,13,1,0.5542763157894737,156.3287135067209,593.0,0.0,0.0,0.0,0.0,3
716.0,1.0,-1.000088900581841e-12,0.0,0.0,0.0,0.0,0.0,50.0,2.0,0.6534181947917017,0.0,0.0,32.4,0.0,0.0,0.0,0.0,0.0,0.0,0.0,14,1,0.5542763157894737,80.67217612039326,675.0,0.0,0.0,0.0,0.0,3
716.0,1.0,-1.000088900581841e-12,0.0,0.0,0.0,0.0,0.0,104.0,3.0,0.8207996891605668,0.0,0.0,30.433333333333334,0.0,0.0,0.0,0.0,0.0,0.0,0.0,15,1,0.5542763157894737,0.999999999873476,715.5,0.0,0.0,0.0,0.0,3
716.0,3.0,0.6539516567494239,0.0,0.0,0.0,0.0,0.0,198.0,6.0,0.575086442284856,0.0,0.0,26.266666666666666,0.0,0.0,0.0,0.0,2.0,56.0,2.0,16,1,0.5542763157894737,85.67185457702206,672.5,0.0,0.0,0.0,0.0,3
710.0,4.0,1.060391695273993,0.0,2.0,0.0,0.0,0.0,138.0,4.0,1.0517894078126315,0.0,0.0,23.73333333333333,0.0,0.0,0.0,0.0,6.0,232.0,4.0,17,1,0.5542763157894737,85.04704580407099,671.5,1.0,0.5,0.0,0.0,3
710.0,1.0,-1.000088900581841e-12,0.0,0.0,0.0,0.0,0.0,68.0,3.0,0.5783252866571273,0.0,0.0,21.166666666666668,0.0,0.0,0.0,0.0,0.0,0.0,0.0,18,1,0.5542763157894737,15.264337522465524,704.5,1.0,0.5,0.0,0.0,3
482.0,3.0,0.7486618675752853,0.0,0.0,0.0,0.0,0.0,330.0,6.0,0.482826549151936,0.0,0.0,19.6,0.0,0.0,0.0,0.0,4.0,38.0,4.0,19,1,0.5542763157894737,153.6532893671108,567.0,0.0,0.0,0.0,0.0,3
480.0,1.0,-1.000088900581841e-12,0.0,0.0,0.0,0.0,0.0,92.0,2.0,0.1788449127148475,0.0,0.0,17.766666666666666,2.0,0.0,0.0,0.0,0.0,0.0,0.0,20,1,0.5542763157894737,134.41230102437208,516.0,0.0,0.0,0.0,0.0,3
548.0,3.0,0.8219790916446061,0.0,0.0,0.0,0.0,0.0,126.0,3.0,0.7437442452100516,0.0,0.0,15.652173913043478,0.0,0.0,0.0,0.0,4.0,50.0,2.0,21,0,0.5542763157894737,96.49870465451724,572.0,0.0,0.0,0.0,0.0,3
554.0,1.0,-1.000088900581841e-12,0.0,0.0,0.0,0.0,0.0,132.0,3.0,0.4705397773101462,0.0,0.0,13.566666666666666,2.0,0.0,0.0,0.0,0.0,0.0,0.0,22,0,0.5542763157894737,78.37303958207238,590.5,0.0,0.0,0.0,0.0,3
710.0,1.0,-1.000088900581841e-12,0.0,0.0,0.0,0.0,0.0,12.0,3.0,1.0986122886651095,0.0,0.0,53.06666666666667,0.0,0.0,0.0,0.0,0.0,0.0,0.0,23,0,0.5542763157894737,106.63801698581244,618.5,0.0,0.0,0.0,0.0,3
0.0,0.0,0.0,0.0,0.0,0.0,0.0,0.0,8.0,2.0,0.5623351446168083,0.0,0.0,92.26666666666668,0.0,0.0,0.0,0.0,0.0,0.0,0.0,0,0,0.5542763157894737,345.10095141373694,317.0,0.0,0.0,0.0,0.0,3
716.0,1.0,-1.000088900581841e-12,0.0,0.0,0.0,0.0,0.0,6.0,2.0,0.6365141682928128,0.0,0.0,100.0,0.0,0.0,0.0,0.0,0.0,0.0,0.0,1,0,0.5542763157894737,389.4213656182719,364.5,0.0,0.0,0.0,0.0,1
0.0,0.0,0.0,0.0,0.0,0.0,0.0,0.0,8.0,1.0,-1.000088900581841e-12,0.0,0.0,100.0,0.0,0.0,0.0,0.0,0.0,0.0,0.0,2,0,0.5542763157894737,395.8901362752042,358.5,0.0,0.0,0.0,0.0,3
0.0,0.0,0.0,0.0,0.0,0.0,0.0,0.0,0.0,0.0,0.0,0.0,0.0,100.0,0.0,0.0,0.0,0.0,0.0,0.0,0.0,3,0,0.5542763157894737,15.999999999991712,8.0,0.0,0.0,0.0,0.0,3
716.0,1.0,-1.000088900581841e-12,0.0,0.0,0.0,0.0,0.0,0.0,0.0,0.0,0.0,0.0,100.0,0.0,0.0,0.0,0.0,0.0,0.0,0.0,4,0,0.5542763157894737,339.10273762779684,255.0,0.0,0.0,0.0,0.0,3
0.0,0.0,0.0,0.0,0.0,0.0,0.0,0.0,0.0,0.0,0.0,0.0,0.0,100.0,0.0,0.0,0.0,0.0,0.0,0.0,0.0,5,0,0.5542763157894737,295.7358055201744,358.5,0.0,0.0,0.0,0.0,3
0.0,0.0,0.0,0.0,0.0,0.0,0.0,0.0,0.0,0.0,0.0,0.0,0.0,100.0,0.0,0.0,0.0,0.0,0.0,0.0,0.0,6,0,0.5542763157894737,206.99999999999932,103.5,0.0,0.0,0.0,0.0,3
0.0,0.0,0.0,0.0,0.0,0.0,0.0,0.0,18.0,3.0,1.0608569471550215,0.0,0.0,100.0,0.0,0.0,0.0,0.0,0.0,0.0,0.0,7,0,0.5542763157894737,0.0,0.0,0.0,0.0,0.0,0.0,3
0.0,0.0,0.0,0.0,0.0,0.0,0.0,0.0,10.0,2.0,0.6730116670072565,0.0,6.0,100.0,0.0,0.0,0.0,0.0,6.0,0.0,0.0,8,1,0.5542763157894737,0.0,0.0,0.0,0.0,0.0,0.0,3
708.0,4.0,0.8770594979570886,0.0,0.0,0.0,0.0,0.0,84.0,9.0,1.7930916553657814,0.0,0.0,100.0,0.0,2.0,0.0,0.0,8.0,112.0,4.0,9,1,0.5542763157894737,353.99999999999966,177.0,0.0,0.0,0.0,0.0,2
714.0,1.0,-1.000088900581841e-12,0.0,0.0,0.0,0.0,0.0,52.0,1.0,-1.000088900581841e-12,0.0,0.0,100.0,0.0,0.0,0.0,0.0,2.0,0.0,0.0,10,1,0.5542763157894737,354.3571644541701,531.5,0.0,0.0,0.0,0.0,3
0.0,0.0,0.0,0.0,0.0,0.0,0.0,0.0,70.0,3.0,0.6200563412522393,0.0,0.0,98.8,0.0,0.0,2.0,0.0,2.0,0.0,0.0,11,1,0.5542763157894737,379.320445006593,383.0,0.0,0.0,0.0,0.0,3
0.0,0.0,0.0,0.0,0.0,0.0,0.0,0.0,268.0,2.0,0.0775700376912932,0.0,0.0,97.0,2.0,0.0,0.0,0.0,0.0,0.0,0.0,12,1,0.5542763157894737,56.99999999999778,28.5,0.0,0.0,0.0,0.0,3
700.0,1.0,-1.000088900581841e-12,0.0,2.0,0.0,0.0,0.0,104.0,5.0,1.465078997295284,0.0,0.0,94.96666666666668,0.0,2.0,0.0,0.0,4.0,0.0,0.0,13,1,0.5542763157894737,349.99999999999966,175.0,1.0,0.5,0.0,0.0,3
6.0,1.0,-1.000088900581841e-12,0.0,0.0,0.0,0.0,0.0,26.0,4.0,0.937155853061701,0.0,0.0,93.0,0.0,0.0,0.0,0.0,0.0,0.0,0.0,14,1,0.5542763157894737,407.09171775739486,355.5,1.0,0.5,0.0,0.0,3
0.0,0.0,0.0,0.0,0.0,0.0,0.0,0.0,26.0,2.0,0.2711893730398441,0.0,0.0,91.26666666666668,0.0,0.0,0.0,0.0,0.0,0.0,0.0,15,1,0.5542763157894737,357.011204305971,180.5,0.0,0.0,0.0,0.0,3
0.0,0.0,0.0,0.0,0.0,0.0,0.0,0.0,102.0,3.0,0.2611600859625286,0.0,0.0,89.33333333333333,0.0,0.0,0.0,0.0,0.0,0.0,0.0,16,1,0.5542763157894737,0.0,0.0,0.0,0.0,0.0,0.0,3
0.0,0.0,0.0,0.0,0.0,0.0,0.0,0.0,206.0,2.0,0.0546588236160275,0.0,0.0,87.03333333333333,0.0,0.0,0.0,0.0,0.0,0.0,0.0,17,1,0.5542763157894737,0.0,0.0,0.0,0.0,0.0,0.0,3
0.0,0.0,0.0,0.0,0.0,0.0,0.0,0.0,74.0,2.0,0.1242508373876309,0.0,0.0,85.03333333333333,0.0,0.0,0.0,0.0,0.0,0.0,0.0,18,1,0.5542763157894737,0.0,0.0,0.0,0.0,0.0,0.0,3
0.0,0.0,0.0,0.0,0.0,0.0,0.0,0.0,24.0,3.0,1.0114042647043515,0.0,0.0,83.6,0.0,0.0,0.0,0.0,0.0,0.0,0.0,19,1,0.5542763157894737,0.0,0.0,0.0,0.0,0.0,0.0,3
114.0,3.0,0.9692280870387988,0.0,0.0,0.0,0.0,0.0,152.0,8.0,1.0589136282255014,0.0,0.0,81.43333333333334,0.0,0.0,0.0,0.0,2.0,288.0,2.0,20,1,0.5542763157894737,56.99999999999778,28.5,0.0,0.0,0.0,0.0,3
680.0,1.0,-1.000088900581841e-12,0.0,0.0,0.0,0.0,0.0,162.0,4.0,0.6407829976097802,0.0,0.0,79.06666666666666,0.0,0.0,0.0,0.0,0.0,0.0,0.0,21,0,0.5542763157894737,372.6821702201485,377.0,0.0,0.0,0.0,0.0,3
0.0,0.0,0.0,0.0,0.0,0.0,0.0,0.0,276.0,1.0,-1.000088900581841e-12,0.0,0.0,77.0,0.0,0.0,0.0,0.0,0.0,0.0,0.0,22,0,0.5542763157894737,402.65245559911807,348.5,0.0,0.0,0.0,0.0,3
0.0,0.0,0.0,0.0,0.0,0.0,0.0,0.0,194.0,2.0,0.0574179230280603,0.0,0.0,75.26666666666667,0.0,0.0,0.0,0.0,0.0,0.0,0.0,23,0,0.5542763157894737,0.0,0.0,0.0,0.0,0.0,0.0,3
284.0,4.0,0.868343023343668,0.0,0.0,0.0,0.0,0.0,82.0,7.0,1.3790147088658866,0.0,0.0,73.36666666666666,0.0,0.0,0.0,0.0,4.0,156.0,4.0,0,0,0.5542763157894737,141.99999999999918,71.0,0.0,0.0,0.0,0.0,3
716.0,4.0,1.1097841046950656,0.0,0.0,0.0,0.0,0.0,48.0,5.0,1.1749091234305644,0.0,0.0,68.66666666666667,0.0,0.0,0.0,0.0,2.0,850.0,2.0,1,0,0.5542763157894737,348.3958476599089,426.5,0.0,0.0,0.0,0.0,3
488.0,1.0,-1.000088900581841e-12,0.0,0.0,0.0,0.0,0.0,8.0,1.0,-1.000088900581841e-12,0.0,0.0,67.0,0.0,0.0,0.0,0.0,0.0,0.0,0.0,2,0,0.5542763157894737,112.08330235439382,656.0,0.0,0.0,0.0,0.0,3
0.0,0.0,0.0,0.0,0.0,0.0,0.0,0.0,92.0,3.0,0.282600106574289,0.0,0.0,66.0,0.0,0.0,0.0,0.0,0.0,0.0,0.0,3,0,0.5542763157894737,359.0445654789943,300.5,0.0,0.0,0.0,0.0,3
0.0,0.0,0.0,0.0,0.0,0.0,0.0,0.0,0.0,0.0,0.0,0.0,0.0,64.06666666666666,0.0,0.0,0.0,0.0,0.0,0.0,0.0,4,0,0.5542763157894737,0.0,0.0,0.0,0.0,0.0,0.0,3
0.0,0.0,0.0,0.0,0.0,0.0,0.0,0.0,362.0,4.0,0.1790513038378524,0.0,0.0,62.6,2.0,0.0,0.0,0.0,0.0,0.0,0.0,5,0,0.5542763157894737,0.0,0.0,0.0,0.0,0.0,0.0,3
0.0,0.0,0.0,0.0,0.0,0.0,0.0,0.0,6.0,1.0,-1.000088900581841e-12,0.0,0.0,60.2,0.0,0.0,0.0,0.0,0.0,0.0,0.0,6,0,0.5542763157894737,0.0,0.0,0.0,0.0,0.0,0.0,3
0.0,0.0,0.0,0.0,0.0,0.0,0.0,0.0,2.0,1.0,-1.000088900581841e-12,0.0,0.0,58.16666666666666,0.0,0.0,0.0,0.0,0.0,0.0,0.0,7,0,0.5542763157894737,0.0,0.0,0.0,0.0,0.0,0.0,3
0.0,0.0,0.0,0.0,0.0,0.0,0.0,0.0,0.0,0.0,0.0,0.0,0.0,57.0,0.0,0.0,0.0,0.0,0.0,0.0,0.0,8,1,0.5542763157894737,0.0,0.0,0.0,0.0,0.0,0.0,3
0.0,0.0,0.0,0.0,0.0,0.0,0.0,0.0,20.0,3.0,0.8018185525403373,0.0,0.0,55.36666666666667,2.0,0.0,0.0,0.0,0.0,0.0,0.0,9,1,0.5542763157894737,0.0,0.0,0.0,0.0,0.0,0.0,3
0.0,0.0,0.0,0.0,0.0,0.0,0.0,0.0,2.0,1.0,-1.000088900581841e-12,0.0,0.0,54.0,0.0,0.0,0.0,0.0,0.0,0.0,0.0,10,1,0.5542763157894737,0.0,0.0,0.0,0.0,0.0,0.0,3
0.0,0.0,0.0,0.0,0.0,0.0,0.0,0.0,4.0,1.0,-1.000088900581841e-12,0.0,0.0,53.0,0.0,0.0,0.0,0.0,0.0,0.0,0.0,11,1,0.5542763157894737,0.0,0.0,0.0,0.0,0.0,0.0,3
0.0,0.0,0.0,0.0,0.0,0.0,0.0,0.0,4.0,1.0,-1.000088900581841e-12,0.0,0.0,52.0,0.0,0.0,0.0,0.0,0.0,0.0,0.0,12,1,0.5542763157894737,0.0,0.0,0.0,0.0,0.0,0.0,3
702.0,9.0,1.7552634576564967,0.0,0.0,0.0,0.0,0.0,136.0,6.0,1.012605955615934,0.0,0.0,46.86666666666667,0.0,0.0,0.0,0.0,8.0,1376.0,6.0,13,1,0.5542763157894737,396.2776804211913,343.0,0.0,0.0,0.0,0.0,3
700.0,7.0,1.2847331013596182,0.0,0.0,0.0,0.0,0.0,114.0,8.0,1.6807424203438737,0.0,0.0,39.86666666666667,0.0,0.0,0.0,0.0,10.0,662.0,10.0,14,1,0.5542763157894737,20.024984394496105,697.5,0.0,0.0,0.0,0.0,3
716.0,3.0,0.2914443126581137,0.0,0.0,0.0,0.0,0.0,80.0,3.0,0.6969150969687418,0.0,0.0,36.7,0.0,0.0,0.0,0.0,14.0,274.0,12.0,15,1,0.5542763157894737,8.386497083594922,712.5,0.0,0.0,0.0,0.0,3
714.0,3.0,0.6803745166451647,0.0,0.0,0.0,0.0,0.0,24.0,4.0,1.1988493129096212,0.0,6.0,41.63333333333333,0.0,0.0,0.0,0.0,2.0,78.0,2.0,16,1,0.5542763157894737,1.1547005382981077,715.0,1.0,0.5,0.0,0.0,2
558.0,1.0,-1.000088900581841e-12,0.0,0.0,0.0,0.0,0.0,34.0,3.0,0.5783252866571272,0.0,0.0,41.23333333333333,0.0,0.0,0.0,0.0,0.0,0.0,0.0,17,1,0.5542763157894737,77.67238891652435,674.5,1.0,0.5,0.0,0.0,2
716.0,2.0,0.0345507670008156,0.0,0.0,0.0,0.0,0.0,12.0,2.0,0.6365141682928128,0.0,0.0,36.793103448275865,0.0,0.0,0.0,0.0,2.0,56.0,2.0,19,1,0.5542763157894737,188.66902236456252,621.0,0.0,0.0,0.0,0.0,2
716.0,2.0,0.6841315705663928,0.0,0.0,0.0,0.0,0.0,32.0,3.0,1.039720770836918,0.0,0.0,34.6,0.0,0.0,0.0,0.0,2.0,0.0,0.0,20,1,0.5542763157894737,1.999999999953123,715.0,0.0,0.0,0.0,0.0,2
406.0,2.0,0.0310873835962239,0.0,0.0,0.0,0.0,0.0,4.0,2.0,0.6931471805579453,0.0,0.0,32.43333333333333,0.0,0.0,0.0,0.0,2.0,34.0,2.0,21,0,0.5542763157894737,154.34485198196,637.5,0.0,0.0,0.0,0.0,2
