104.0,4.0,1.0137883777281411,0.0,0.0,0.0,0.0,0.0,68.0,4.0,1.1499171377869295,0.0,0.0,59.66666666666666,0.0,10.0,0.0,0.0,120.0,2176.0,26.0,7,0,0.6799163179916318,0.0,104.0,0.0,0.0,0.0,0.0,1
230.0,7.0,1.461593400970664,0.0,0.0,0.0,0.0,0.0,40.0,2.0,0.5004024235361879,0.0,0.0,57.71428571428572,0.0,0.0,0.0,0.0,62.0,5116.0,10.0,8,1,0.6799163179916318,89.09545442950498,167.0,0.0,0.0,0.0,0.0,1
140.0,7.0,1.6874716294334189,0.0,0.0,0.0,0.0,0.0,10.0,2.0,0.6730116670072565,0.0,0.0,56.63636363636363,0.0,0.0,0.0,0.0,64.0,1130.0,6.0,8,1,0.6799163179916318,64.89992295835181,158.0,0.0,0.0,0.0,0.0,1
346.0,6.0,0.9530062836367936,0.0,0.0,0.0,0.0,0.0,162.0,2.0,0.5589188931191819,0.0,0.0,54.19047619047619,0.0,0.0,0.0,0.0,316.0,9230.0,72.0,9,1,0.6799163179916318,107.90736768172968,205.0,0.0,0.0,0.0,0.0,1
156.0,5.0,1.141746627456007,0.0,0.0,0.0,0.0,0.0,58.0,2.0,0.6637254974702314,0.0,0.0,52.30769230769231,0.0,0.0,0.0,0.0,190.0,3050.0,36.0,9,1,0.6799163179916318,93.90775615819317,218.0,0.0,0.0,0.0,0.0,1
110.0,3.0,0.8157225892775619,0.0,0.0,0.0,0.0,0.0,36.0,3.0,0.936888307536016,0.0,0.0,51.4,0.0,0.0,0.0,0.0,100.0,914.0,16.0,10,1,0.6799163179916318,107.04516180877428,188.0,0.0,0.0,0.0,0.0,1
354.0,8.0,1.0682686064405302,0.0,0.0,0.0,0.0,0.0,130.0,4.0,1.058955661587644,0.0,0.0,49.2,0.0,0.0,0.0,0.0,306.0,5474.0,20.0,10,1,0.6799163179916318,126.72674014061384,241.5,0.0,0.0,0.0,0.0,1
302.0,10.0,1.9866309306564127,0.0,0.0,0.0,0.0,0.0,100.0,4.0,1.3279535805749143,0.0,0.0,46.22222222222222,0.0,0.0,0.0,0.0,170.0,3508.0,32.0,11,1,0.6799163179916318,116.0962244577029,230.5,0.0,0.0,0.0,0.0,1
288.0,4.0,0.7530497328517222,0.0,0.0,0.0,0.0,0.0,180.0,2.0,0.5799151714161009,0.0,0.0,43.578947368421055,0.0,0.0,0.0,0.0,404.0,5070.0,62.0,11,1,0.6799163179916318,106.19949780170025,263.5,0.0,0.0,0.0,0.0,1
108.0,7.0,1.4788214038373948,0.0,0.0,0.0,0.0,0.0,46.0,2.0,0.6145033203087282,0.0,0.0,42.22222222222222,0.0,0.0,0.0,0.0,130.0,2008.0,28.0,12,1,0.6799163179916318,107.16342659695052,263.0,0.0,0.0,0.0,0.0,1
276.0,4.0,0.509846685486787,0.0,0.0,0.0,0.0,0.0,144.0,2.0,0.4274973174119155,0.0,0.0,40.23529411764706,0.0,0.0,0.0,0.0,170.0,8138.0,24.0,12,1,0.6799163179916318,90.95603333479312,243.5,0.0,0.0,0.0,0.0,1
114.0,3.0,0.8856804074587264,0.0,0.0,0.0,0.0,0.0,144.0,2.0,0.3488320958410319,0.0,0.0,38.45454545454545,0.0,0.0,0.0,0.0,134.0,2352.0,32.0,13,1,0.6799163179916318,98.87871358386496,196.5,0.0,0.0,0.0,0.0,1
178.0,3.0,0.9715594202041292,0.0,0.0,0.0,0.0,0.0,54.0,2.0,0.692461152609233,0.0,0.0,37.2,0.0,0.0,0.0,0.0,238.0,868.0,48.0,13,1,0.6799163179916318,78.05126520435142,169.0,0.0,0.0,0.0,0.0,1
282.0,4.0,0.5229568819457477,0.0,0.0,0.0,0.0,0.0,62.0,3.0,0.7336648693783445,0.0,0.0,34.1875,0.0,0.0,0.0,0.0,136.0,276.0,38.0,14,1,0.6799163179916318,81.14801291467339,212.5,0.0,0.0,0.0,0.0,1
12.0,1.0,-1.000088900581841e-12,0.0,0.0,0.0,0.0,0.0,14.0,2.0,0.410116318286409,0.0,0.0,32.166666666666664,0.0,0.0,0.0,0.0,0.0,0.0,0.0,14,1,0.6799163179916318,113.28283188550682,146.5,0.0,0.0,0.0,0.0,1
12.0,1.0,-1.000088900581841e-12,0.0,0.0,0.0,0.0,0.0,0.0,0.0,0.0,0.0,0.0,32.0,0.0,0.0,0.0,0.0,0.0,0.0,0.0,15,1,0.6799163179916318,132.83071933856263,121.0,0.0,0.0,0.0,0.0,1
2.0,1.0,-1.000088900581841e-12,0.0,0.0,0.0,0.0,0.0,0.0,0.0,0.0,0.0,0.0,31.0,22.0,0.0,0.0,0.0,0.0,0.0,0.0,15,1,0.6799163179916318,136.74794331177344,77.0,0.0,0.0,0.0,0.0,1
0.0,0.0,0.0,0.0,0.0,0.0,0.0,0.0,0.0,0.0,0.0,0.0,0.0,30.166666666666668,0.0,0.0,0.0,0.0,0.0,0.0,0.0,16,1,0.6799163179916318,6.403124237432976,6.5,0.0,0.0,0.0,0.0,1
8.0,1.0,-1.000088900581841e-12,0.0,0.0,0.0,0.0,0.0,8.0,1.0,-1.000088900581841e-12,0.0,0.0,29.285714285714285,10.0,0.0,0.0,0.0,34.0,0.0,0.0,16,1,0.6799163179916318,5.507570547286251,5.5,0.0,0.0,0.0,0.0,1
18.0,1.0,-1.000088900581841e-12,0.0,0.0,0.0,0.0,0.0,6.0,2.0,0.6365141682928128,0.0,0.0,28.0,0.0,0.0,0.0,0.0,0.0,0.0,0.0,17,1,0.6799163179916318,8.082903768654862,7.0,0.0,0.0,0.0,0.0,1
12.0,1.0,-1.000088900581841e-12,0.0,0.0,0.0,0.0,0.0,0.0,0.0,0.0,0.0,0.0,28.0,0.0,0.0,0.0,0.0,0.0,0.0,0.0,17,1,0.6799163179916318,7.549834435270856,9.5,0.0,0.0,0.0,0.0,1
60.0,4.0,1.1979540596429643,0.0,0.0,0.0,14.0,0.0,48.0,4.0,1.3663676522961112,0.0,0.0,23.55555555555556,0.0,0.0,0.0,0.0,170.0,138.0,16.0,18,1,0.6799163179916318,23.579652245103222,35.0,0.0,0.0,8.082903768654761,7.0,1
544.0,3.0,0.3769373387770308,0.0,0.0,0.0,0.0,0.0,40.0,3.0,1.0296530140615736,0.0,0.0,20.291666666666668,0.0,0.0,0.0,0.0,68.0,1884.0,14.0,19,1,0.6799163179916318,252.5146860415581,166.5,0.0,0.0,8.082903768654761,7.0,1
432.0,1.0,-1.000088900581841e-12,0.0,0.0,0.0,0.0,0.0,432.0,3.0,0.2106287897866637,0.0,32.0,24.476190476190474,0.0,0.0,10.0,14.0,68.0,0.0,6.0,19,1,0.6799163179916318,254.17251359395,271.5,0.0,0.0,8.082903768654761,7.0,1
718.0,3.0,0.4052303466708071,0.0,0.0,0.0,0.0,0.0,10.0,2.0,0.6730116670072565,0.0,0.0,49.13333333333333,0.0,14.0,0.0,0.0,68.0,1742.0,18.0,20,1,0.6799163179916318,278.4211438331028,438.5,0.0,0.0,7.0,3.5,1
652.0,7.0,0.6448099620915172,0.0,0.0,0.0,0.0,0.0,156.0,4.0,0.6135427114650888,0.0,0.0,72.10344827586206,0.0,0.0,0.0,0.0,204.0,8326.0,48.0,20,1,0.6799163179916318,125.51095569710242,586.5,0.0,0.0,0.0,0.0,1
680.0,4.0,0.354038863762763,0.0,0.0,0.0,0.0,0.0,186.0,3.0,0.5137026252006354,0.0,0.0,91.66666666666669,0.0,0.0,0.0,0.0,170.0,11414.0,56.0,21,0,0.6799163179916318,128.54441515159917,620.5,0.0,0.0,0.0,0.0,1
686.0,2.0,0.076107408576678,0.0,0.0,0.0,0.0,0.0,96.0,2.0,0.6365141682928128,0.0,0.0,99.66666666666669,0.0,0.0,0.0,0.0,266.0,9768.0,60.0,21,0,0.6799163179916318,27.08012801545332,684.0,0.0,0.0,0.0,0.0,1
466.0,5.0,0.5394657281358191,0.0,0.0,0.0,0.0,0.0,148.0,2.0,0.5964915444122463,0.0,0.0,98.13636363636364,0.0,0.0,34.0,14.0,336.0,8116.0,58.0,22,0,0.6799163179916318,104.39029329077172,621.0,0.0,0.0,0.0,0.0,1
0.0,0.0,0.0,0.0,0.0,0.0,0.0,0.0,0.0,0.0,0.0,0.0,0.0,0.0,28.0,0.0,0.0,0.0,0.0,0.0,0.0,23,0,0.6799163179916318,322.0227735217909,458.0,0.0,0.0,0.0,0.0,1
0.0,0.0,0.0,0.0,0.0,0.0,0.0,0.0,0.0,0.0,0.0,0.0,0.0,0.0,22.0,0.0,0.0,0.0,0.0,0.0,0.0,0,0,0.6799163179916318,344.4686729829966,288.0,0.0,0.0,0.0,0.0,1
0.0,0.0,0.0,0.0,0.0,0.0,0.0,0.0,0.0,0.0,0.0,0.0,0.0,0.0,26.0,0.0,0.0,0.0,0.0,0.0,0.0,2,0,0.6799163179916318,233.00000000000003,116.5,0.0,0.0,0.0,0.0,1
0.0,0.0,0.0,0.0,0.0,0.0,0.0,0.0,0.0,0.0,0.0,0.0,0.0,0.0,22.0,0.0,0.0,0.0,0.0,0.0,0.0,6,0,0.6799163179916318,0.0,0.0,0.0,0.0,0.0,0.0,1
20.0,2.0,0.6108643020528935,0.0,0.0,0.0,0.0,0.0,50.0,5.0,1.0150318786809958,0.0,0.0,95.0,0.0,14.0,0.0,10.0,34.0,502.0,6.0,7,0,0.6799163179916318,10.000000000000483,5.0,0.0,0.0,0.0,0.0,1
172.0,5.0,1.5029159150431686,0.0,0.0,0.0,0.0,0.0,38.0,3.0,0.8392695557861105,0.0,0.0,93.84615384615384,0.0,0.0,0.0,0.0,104.0,4320.0,16.0,8,1,0.6799163179916318,83.20256406305444,48.0,0.0,0.0,0.0,0.0,1
176.0,4.0,0.9735001285524808,0.0,0.0,0.0,0.0,0.0,148.0,3.0,0.7187713700283741,0.0,0.0,92.26666666666668,0.0,0.0,0.0,0.0,288.0,3450.0,64.0,8,1,0.6799163179916318,95.05086357664868,92.0,0.0,0.0,0.0,0.0,1
30.0,2.0,0.2449300267926353,0.0,0.0,0.0,0.0,0.0,24.0,2.0,0.6365141682928128,0.0,0.0,90.625,0.0,0.0,0.0,0.0,72.0,56.0,22.0,9,1,0.6799163179916318,86.13748699995071,99.5,0.0,0.0,0.0,0.0,1
134.0,4.0,1.1923166530822262,0.0,0.0,0.0,0.0,0.0,40.0,2.0,0.6108643020528935,0.0,0.0,89.72727272727273,0.0,0.0,8.0,0.0,108.0,1710.0,20.0,9,1,0.6799163179916318,68.0196050169852,128.0,0.0,0.0,0.0,0.0,1
50.0,3.0,0.7604688022483465,0.0,0.0,0.0,0.0,0.0,30.0,2.0,0.6365141682928128,0.0,0.0,88.44444444444444,0.0,0.0,0.0,0.0,108.0,292.0,20.0,10,1,0.6799163179916318,69.05794668247826,97.5,0.0,0.0,0.0,0.0,1
464.0,8.0,1.628592753073345,0.0,0.0,0.0,0.0,0.0,62.0,3.0,0.522513416319627,0.0,0.0,76.76190476190476,0.0,0.0,0.0,0.0,0.0,6558.0,0.0,12,1,0.6799163179916318,221.92190818694164,247.0,0.0,0.0,5.259911279353167,4.5,1
90.0,2.0,0.2449300267926353,0.0,0.0,0.0,0.0,0.0,22.0,3.0,0.9949236325687753,0.0,0.0,73.7,0.0,10.0,8.0,0.0,104.0,332.0,46.0,12,1,0.6799163179916318,228.4119086212451,239.0,0.0,0.0,5.0,2.5,1
496.0,5.0,0.8352144806323232,0.0,0.0,0.0,36.0,0.0,62.0,4.0,1.1414738961759228,0.0,0.0,70.4090909090909,0.0,0.0,0.0,0.0,252.0,1208.0,40.0,13,1,0.6799163179916318,186.13615088602933,363.0,0.0,0.0,17.0,11.5,1
330.0,4.0,0.7507704734834545,0.0,0.0,0.0,0.0,0.0,132.0,3.0,0.7595473914718636,0.0,0.0,65.9,0.0,0.0,0.0,0.0,288.0,564.0,44.0,13,1,0.6799163179916318,184.58241158535847,345.0,0.0,0.0,18.0,9.0,1
320.0,5.0,1.429440892657564,0.0,0.0,0.0,0.0,0.0,164.0,4.0,0.8443461728614842,0.0,0.0,62.47368421052632,0.0,0.0,10.0,14.0,464.0,5474.0,78.0,14,1,0.6799163179916318,166.82525787981473,309.0,0.0,0.0,18.0,9.0,1
86.0,4.0,1.045345946659986,0.0,0.0,0.0,0.0,0.0,50.0,3.0,0.7789977492941933,0.0,0.0,60.625,0.0,12.0,0.0,12.0,144.0,1782.0,20.0,14,1,0.6799163179916318,168.5783695100492,308.0,0.0,0.0,18.0,9.0,1
286.0,12.0,1.777532638761118,0.0,0.0,0.0,0.0,0.0,124.0,3.0,1.0340787928098256,0.0,0.0,59.05,0.0,0.0,0.0,0.0,360.0,2916.0,68.0,15,1,0.6799163179916318,114.55857308236116,255.5,0.0,0.0,0.0,0.0,1
394.0,6.0,1.3197596000224503,0.0,0.0,0.0,0.0,0.0,70.0,2.0,0.6927389617420812,0.0,0.0,56.333333333333336,0.0,0.0,0.0,0.0,324.0,6028.0,84.0,15,1,0.6799163179916318,131.6295306279459,271.5,0.0,0.0,0.0,0.0,1
270.0,6.0,1.2250466799532005,0.0,0.0,0.0,0.0,0.0,182.0,3.0,0.5826080583904265,0.0,0.0,53.35294117647059,0.0,0.0,0.0,0.0,300.0,3122.0,62.0,16,1,0.6799163179916318,127.80714638339548,259.0,0.0,0.0,0.0,0.0,1
328.0,2.0,0.4269165965607888,0.0,0.0,0.0,0.0,0.0,222.0,3.0,0.5074351049382015,0.0,0.0,51.21739130434783,0.0,0.0,0.0,0.0,378.0,8720.0,56.0,16,1,0.6799163179916318,55.362442142665785,319.5,0.0,0.0,0.0,0.0,1
472.0,6.0,1.1595466089371202,0.0,0.0,0.0,0.0,0.0,96.0,3.0,0.8722283555147821,0.0,0.0,48.2,0.0,0.0,0.0,0.0,342.0,6390.0,68.0,17,1,0.6799163179916318,86.94826047713671,366.0,0.0,0.0,0.0,0.0,1
230.0,4.0,0.8509565836195587,0.0,0.0,0.0,0.0,0.0,176.0,2.0,0.535959889214217,0.0,0.0,45.57142857142857,0.0,0.0,0.0,0.0,390.0,5092.0,58.0,17,1,0.6799163179916318,105.93708824895408,325.0,0.0,0.0,0.0,0.0,1
364.0,4.0,1.0323802738625734,0.0,0.0,0.0,0.0,0.0,110.0,2.0,0.6183713503475922,0.0,0.0,43.77272727272727,0.0,16.0,100.0,44.0,358.0,3136.0,60.0,18,1,0.6799163179916318,99.92497185388652,348.5,0.0,0.0,0.0,0.0,1
518.0,2.0,0.0797339247868109,0.0,0.0,0.0,0.0,0.0,2.0,1.0,-1.000088900581841e-12,0.0,0.0,40.0,0.0,0.0,0.0,0.0,0.0,124.0,0.0,18,1,0.6799163179916318,128.1145320927074,396.0,0.0,0.0,0.0,0.0,1
188.0,7.0,1.2528037755071628,0.0,0.0,0.0,0.0,0.0,36.0,4.0,1.117489959419154,0.0,0.0,36.92307692307692,0.0,0.0,0.0,0.0,40.0,3468.0,6.0,19,1,0.6799163179916318,148.95636945092352,325.0,0.0,0.0,0.0,0.0,1
190.0,8.0,1.8856757289180768,0.0,0.0,0.0,0.0,0.0,20.0,3.0,0.8018185525403373,0.0,0.0,35.46153846153846,0.0,10.0,0.0,40.0,198.0,2204.0,28.0,19,1,0.6799163179916318,158.4971082806666,315.0,0.0,0.0,0.0,0.0,1
288.0,6.0,1.024905968383407,0.0,0.0,0.0,0.0,0.0,84.0,4.0,1.1826575005241082,0.0,0.0,33.473684210526315,0.0,0.0,0.0,0.0,238.0,4044.0,30.0,20,1,0.6799163179916318,155.18591001333428,296.0,0.0,0.0,0.0,0.0,1
398.0,4.0,0.787718951573368,0.0,0.0,0.0,0.0,0.0,156.0,2.0,0.5692685692161541,0.0,0.0,31.1,0.0,0.0,0.0,0.0,394.0,7756.0,60.0,20,1,0.6799163179916318,99.61258287318267,266.0,0.0,0.0,0.0,0.0,1
158.0,6.0,1.343128152538815,0.0,0.0,0.0,0.0,0.0,72.0,3.0,0.6253913445616756,0.0,0.0,28.90909090909091,0.0,0.0,0.0,0.0,160.0,3308.0,12.0,21,0,0.6799163179916318,108.20197163946084,258.5,0.0,0.0,0.0,0.0,1
36.0,2.0,0.6869615765953234,0.0,0.0,0.0,0.0,0.0,6.0,1.0,-1.000088900581841e-12,0.0,0.0,27.0,0.0,0.0,0.0,0.0,40.0,750.0,10.0,21,0,0.6799163179916318,157.06474248962863,220.0,0.0,0.0,0.0,0.0,1
10.0,2.0,0.5004024235361879,0.0,0.0,0.0,0.0,0.0,4.0,1.0,-1.000088900581841e-12,0.0,0.0,27.0,0.0,0.0,14.0,0.0,40.0,70.0,16.0,22,0,0.6799163179916318,177.16564753548212,150.5,0.0,0.0,0.0,0.0,1
0.0,0.0,0.0,0.0,0.0,0.0,0.0,0.0,0.0,0.0,0.0,0.0,0.0,0.0,28.0,0.0,0.0,0.0,0.0,0.0,0.0,23,0,0.6799163179916318,72.9291894008612,51.0,0.0,0.0,0.0,0.0,1
0.0,0.0,0.0,0.0,0.0,0.0,0.0,0.0,0.0,0.0,0.0,0.0,0.0,0.0,26.0,0.0,0.0,0.0,0.0,0.0,0.0,0,0,0.6799163179916318,17.000000000000583,11.5,0.0,0.0,0.0,0.0,1
0.0,0.0,0.0,0.0,0.0,0.0,0.0,0.0,0.0,0.0,0.0,0.0,0.0,0.0,28.0,0.0,0.0,0.0,0.0,0.0,0.0,2,0,0.6799163179916318,5.000000000001985,2.5,0.0,0.0,0.0,0.0,1
0.0,0.0,0.0,0.0,0.0,0.0,0.0,0.0,0.0,0.0,0.0,0.0,0.0,0.0,0.0,0.0,0.0,0.0,40.0,0.0,0.0,6,0,0.6799163179916318,0.0,0.0,0.0,0.0,0.0,0.0,1
0.0,0.0,0.0,0.0,0.0,0.0,0.0,0.0,4.0,1.0,-1.000088900581841e-12,0.0,0.0,0.0,0.0,0.0,0.0,0.0,0.0,0.0,0.0,7,0,0.6799163179916318,0.0,0.0,0.0,0.0,0.0,0.0,1
114.0,3.0,1.000047682632344,0.0,0.0,0.0,0.0,0.0,72.0,4.0,0.9321145776333608,0.0,0.0,22.09090909090909,0.0,16.0,0.0,8.0,120.0,3330.0,16.0,8,1,0.6799163179916318,57.00000000000018,28.5,0.0,0.0,0.0,0.0,1
228.0,3.0,0.6052591230705955,0.0,0.0,0.0,0.0,0.0,108.0,2.0,0.6228990536587193,0.0,0.0,20.875,0.0,0.0,0.0,0.0,320.0,6532.0,46.0,8,1,0.6799163179916318,109.14669028422264,85.5,0.0,0.0,0.0,0.0,1
208.0,6.0,1.5174110519339243,0.0,0.0,0.0,0.0,0.0,34.0,2.0,0.6914160776151184,0.0,0.0,18.642857142857142,0.0,0.0,0.0,0.0,160.0,2122.0,32.0,9,1,0.6799163179916318,104.27367836611508,137.5,0.0,0.0,0.0,0.0,1
270.0,5.0,0.98280499121724,0.0,0.0,0.0,0.0,0.0,116.0,2.0,0.3682968327456641,0.0,0.0,17.066666666666666,0.0,0.0,0.0,0.0,158.0,9422.0,28.0,9,1,0.6799163179916318,65.93936608733829,205.0,0.0,0.0,0.0,0.0,1
678.0,10.0,1.6141887385731597,0.0,0.0,0.0,0.0,0.0,396.0,6.0,0.8237121157323158,0.0,38.0,21.966666666666665,0.0,0.0,0.0,0.0,198.0,11684.0,66.0,10,1,0.6799163179916318,222.8362627581068,346.0,0.0,0.0,0.0,0.0,1
588.0,3.0,0.7122104561898822,0.0,0.0,0.0,0.0,0.0,180.0,3.0,0.6564047668967437,0.0,0.0,45.19230769230769,0.0,0.0,0.0,0.0,438.0,7644.0,112.0,10,1,0.6799163179916318,231.81026724457223,436.0,0.0,0.0,0.0,0.0,1
718.0,1.0,-1.000088900581841e-12,0.0,0.0,0.0,0.0,0.0,12.0,1.0,-1.000088900581841e-12,0.0,0.0,72.46666666666667,0.0,0.0,0.0,0.0,0.0,0.0,0.0,11,1,0.6799163179916318,203.07880243885623,563.5,0.0,0.0,0.0,0.0,1
604.0,2.0,0.3011566622721279,0.0,0.0,0.0,0.0,0.0,16.0,2.0,0.5623351446168083,0.0,0.0,93.6,0.0,0.0,0.0,0.0,40.0,12.0,10.0,11,1,0.6799163179916318,61.46001410131095,647.0,0.0,0.0,0.0,0.0,1
478.0,4.0,0.4314980877273486,0.0,0.0,0.0,0.0,0.0,18.0,2.0,0.6365141682928128,0.0,0.0,99.8695652173913,0.0,0.0,0.0,0.0,122.0,1368.0,32.0,12,1,0.6799163179916318,98.20386957752736,597.0,0.0,0.0,0.0,0.0,1
24.0,2.0,0.2868359830541607,0.0,0.0,0.0,0.0,0.0,16.0,2.0,0.6931471805579453,0.0,0.0,100.0,0.0,0.0,0.0,0.0,84.0,90.0,6.0,12,1,0.6799163179916318,304.2236019772299,456.0,0.0,0.0,0.0,0.0,1
150.0,3.0,0.4087848427708734,0.0,0.0,0.0,0.0,0.0,20.0,2.0,0.5004024235361879,0.0,0.0,99.8181818181818,0.0,12.0,14.0,0.0,42.0,3522.0,8.0,13,1,0.6799163179916318,272.0245086997371,314.0,0.0,0.0,0.0,0.0,1
206.0,3.0,0.7853666237264393,0.0,0.0,0.0,0.0,0.0,120.0,3.0,0.8141038104704265,0.0,0.0,98.84615384615384,0.0,0.0,0.0,0.0,84.0,3346.0,12.0,13,1,0.6799163179916318,191.4462500720938,214.5,0.0,0.0,0.0,0.0,1
200.0,6.0,0.9715165771304256,0.0,0.0,0.0,0.0,0.0,66.0,3.0,0.9938207611026242,0.0,0.0,97.84615384615384,0.0,0.0,10.0,12.0,82.0,4674.0,32.0,14,1,0.6799163179916318,84.48273985456046,145.0,0.0,0.0,0.0,0.0,1
100.0,4.0,1.0771971777505254,0.0,0.0,0.0,0.0,0.0,88.0,3.0,1.0594782926508544,0.0,0.0,96.0,0.0,12.0,0.0,0.0,210.0,792.0,32.0,14,1,0.6799163179916318,49.50420857529865,164.0,0.0,0.0,0.0,0.0,1
60.0,4.0,1.310122670811174,0.0,0.0,0.0,30.0,0.0,28.0,2.0,0.6829081046984717,0.0,0.0,95.33333333333331,0.0,0.0,0.0,0.0,210.0,234.0,34.0,15,1,0.6799163179916318,72.90861860347287,141.5,0.0,0.0,14.999999999999998,7.5,1
96.0,4.0,1.1114297665999582,0.0,0.0,0.0,14.0,0.0,54.0,5.0,1.5917078131261404,0.0,0.0,94.36363636363636,0.0,14.0,10.0,18.0,294.0,122.0,46.0,15,1,0.6799163179916318,60.088823142633366,114.0,0.0,0.0,14.2828568570857,11.0,1
138.0,6.0,1.4485122020211811,0.0,0.0,0.0,32.0,0.0,50.0,4.0,1.3715224038103666,0.0,0.0,92.27272727272728,0.0,0.0,0.0,0.0,210.0,654.0,24.0,16,1,0.6799163179916318,31.89043743820402,98.5,0.0,0.0,15.01110699893027,19.0,1
96.0,5.0,1.338083491349163,0.0,0.0,0.0,0.0,0.0,44.0,3.0,1.0376517997952746,0.0,0.0,89.27272727272727,0.0,0.0,0.0,0.0,126.0,1044.0,8.0,16,1,0.6799163179916318,31.89043743820402,97.5,0.0,0.0,15.01110699893027,19.0,1
414.0,11.0,1.671286077695871,0.0,0.0,0.0,30.0,0.0,40.0,3.0,0.948915435892399,0.0,0.0,86.35,0.0,0.0,0.0,0.0,262.0,3022.0,50.0,17,1,0.6799163179916318,153.28405005087777,186.0,0.0,0.0,15.01110699893027,19.0,1
676.0,7.0,0.9409547222764306,0.0,0.0,0.0,0.0,0.0,92.0,6.0,1.4702251786067335,0.0,0.0,82.07142857142857,0.0,0.0,0.0,0.0,0.0,4660.0,0.0,17,1,0.6799163179916318,269.8073386696515,331.0,0.0,0.0,17.916472867168917,15.5,1
264.0,6.0,1.4600648758511412,0.0,0.0,0.0,0.0,0.0,118.0,2.0,0.6283930579932141,0.0,0.0,77.2,0.0,0.0,0.0,0.0,434.0,4142.0,64.0,18,1,0.6799163179916318,246.07519176056732,362.5,0.0,0.0,15.0,7.5,1
194.0,7.0,1.601605565435416,0.0,0.0,0.0,0.0,0.0,84.0,4.0,1.0490859539536934,0.0,0.0,75.46153846153847,0.0,0.0,0.0,0.0,230.0,2424.0,30.0,18,1,0.6799163179916318,213.40727885118324,387.0,0.0,0.0,15.0,7.5,1
322.0,5.0,0.801512793897134,0.0,0.0,0.0,0.0,0.0,118.0,4.0,0.7242299667317679,0.0,0.0,74.0,0.0,0.0,42.0,10.0,88.0,1476.0,20.0,19,1,0.6799163179916318,214.48232250389933,364.0,0.0,0.0,0.0,0.0,1
22.0,2.0,0.4741393130558373,0.0,0.0,0.0,0.0,0.0,36.0,3.0,0.936888307536016,0.0,0.0,72.0,0.0,0.0,0.0,0.0,44.0,120.0,6.0,19,1,0.6799163179916318,129.99871794239615,200.5,0.0,0.0,0.0,0.0,1
216.0,5.0,1.1948663398919117,0.0,0.0,0.0,0.0,0.0,70.0,3.0,1.0827565298265394,0.0,0.0,70.92857142857143,0.0,10.0,0.0,12.0,220.0,3426.0,46.0,20,1,0.6799163179916318,124.2725499322625,188.5,0.0,0.0,0.0,0.0,1
452.0,4.0,0.56558825689355,0.0,0.0,0.0,0.0,0.0,148.0,3.0,0.9803405225978448,0.0,0.0,69.13636363636364,0.0,0.0,0.0,0.0,408.0,10778.0,66.0,20,1,0.6799163179916318,181.74340886719023,253.0,0.0,0.0,0.0,0.0,1
578.0,4.0,0.2498214457241954,0.0,0.0,0.0,0.0,0.0,106.0,2.0,0.5957819685286916,0.0,0.0,67.07407407407408,0.0,0.0,0.0,0.0,368.0,11734.0,52.0,21,0,0.6799163179916318,247.3674729358464,317.0,0.0,0.0,0.0,0.0,1
576.0,5.0,0.3692465516615203,0.0,0.0,0.0,0.0,0.0,124.0,3.0,0.668253720296416,0.0,0.0,63.46153846153846,0.0,0.0,0.0,0.0,318.0,17326.0,42.0,21,0,0.6799163179916318,170.19498621679003,455.5,0.0,0.0,0.0,0.0,1
210.0,3.0,0.3221763520232161,0.0,0.0,0.0,0.0,0.0,14.0,2.0,0.6829081046984717,0.0,0.0,61.22222222222222,0.0,0.0,18.0,0.0,46.0,5904.0,10.0,22,0,0.6799163179916318,173.01252363147975,454.0,0.0,0.0,0.0,0.0,1
0.0,0.0,0.0,0.0,0.0,0.0,0.0,0.0,0.0,0.0,0.0,0.0,0.0,0.0,16.0,0.0,0.0,0.0,0.0,0.0,0.0,23,0,0.6799163179916318,285.678140570818,341.0,0.0,0.0,0.0,0.0,1
0.0,0.0,0.0,0.0,0.0,0.0,0.0,0.0,0.0,0.0,0.0,0.0,0.0,0.0,38.0,0.0,0.0,0.0,0.0,0.0,0.0,0,0,0.6799163179916318,271.6781183680423,196.5,0.0,0.0,0.0,0.0,1
0.0,0.0,0.0,0.0,0.0,0.0,0.0,0.0,0.0,0.0,0.0,0.0,0.0,0.0,36.0,0.0,0.0,0.0,0.0,0.0,0.0,2,0,0.6799163179916318,105.0000000000001,52.5,0.0,0.0,0.0,0.0,1
0.0,0.0,0.0,0.0,0.0,0.0,0.0,0.0,4.0,1.0,-1.000088900581841e-12,0.0,0.0,0.0,0.0,0.0,0.0,0.0,0.0,0.0,0.0,5,0,0.6799163179916318,0.0,0.0,0.0,0.0,0.0,0.0,1
36.0,3.0,0.8675632284784613,0.0,0.0,0.0,0.0,0.0,12.0,1.0,-1.000088900581841e-12,0.0,0.0,57.0,0.0,0.0,0.0,0.0,138.0,40.0,34.0,6,0,0.6799163179916318,18.00000000000054,9.0,0.0,0.0,0.0,0.0,1
140.0,6.0,1.566433761581541,0.0,0.0,0.0,0.0,0.0,292.0,3.0,0.2432103221972373,0.0,0.0,54.55555555555556,0.0,12.0,0.0,20.0,140.0,4054.0,20.0,6,0,0.6799163179916318,66.21178142898754,44.0,0.0,0.0,0.0,0.0,1
170.0,7.0,1.4418521161830788,0.0,0.0,0.0,0.0,0.0,16.0,2.0,0.6931471805579453,0.0,0.0,52.333333333333336,0.0,0.0,0.0,0.0,96.0,2342.0,10.0,7,0,0.6799163179916318,81.37772012862828,86.5,0.0,0.0,0.0,0.0,1
32.0,3.0,0.8314025204926376,0.0,0.0,0.0,0.0,0.0,20.0,2.0,0.6730116670072565,0.0,0.0,51.0,0.0,0.0,0.0,0.0,96.0,386.0,20.0,7,0,0.6799163179916318,70.94363960215193,94.5,0.0,0.0,0.0,0.0,1
324.0,3.0,0.7349792290889694,0.0,0.0,0.0,0.0,0.0,958.0,3.0,0.3297880718469241,0.0,0.0,50.375,0.0,0.0,0.0,0.0,94.0,730.0,40.0,8,1,0.6799163179916318,120.56948204251364,166.5,0.0,0.0,0.0,0.0,1
122.0,6.0,1.6189815584688898,0.0,0.0,0.0,0.0,0.0,12.0,2.0,0.6365141682928128,0.0,0.0,48.2,0.0,0.0,0.0,0.0,48.0,1256.0,6.0,8,1,0.6799163179916318,122.2129289396176,162.0,0.0,0.0,0.0,0.0,1
108.0,3.0,0.6546695645255007,0.0,0.0,0.0,0.0,0.0,12.0,2.0,0.6365141682928128,0.0,0.0,47.1,0.0,0.0,0.0,0.0,96.0,1136.0,8.0,9,1,0.6799163179916318,124.76511264505535,146.5,0.0,0.0,0.0,0.0,1
12.0,1.0,-1.000088900581841e-12,0.0,0.0,0.0,0.0,0.0,0.0,0.0,0.0,0.0,0.0,46.0,0.0,0.0,0.0,0.0,0.0,0.0,0.0,9,1,0.6799163179916318,131.1220805204067,141.5,0.0,0.0,0.0,0.0,1
40.0,2.0,0.6881388137115885,0.0,0.0,0.0,0.0,0.0,4.0,1.0,-1.000088900581841e-12,0.0,0.0,45.125,0.0,0.0,0.0,0.0,48.0,144.0,4.0,10,1,0.6799163179916318,52.94966162938801,70.5,0.0,0.0,0.0,0.0,1
12.0,1.0,-1.000088900581841e-12,0.0,0.0,0.0,0.0,0.0,0.0,0.0,0.0,0.0,0.0,44.0,0.0,0.0,0.0,0.0,0.0,0.0,0.0,10,1,0.6799163179916318,45.29900661162469,43.0,0.0,0.0,0.0,0.0,1
144.0,4.0,1.0346983594713024,0.0,0.0,0.0,0.0,0.0,278.0,2.0,0.2201834174971123,0.0,0.0,42.81818181818182,0.0,0.0,0.0,0.0,192.0,1202.0,36.0,11,1,0.6799163179916318,62.73754856543263,52.0,0.0,0.0,0.0,0.0,1
202.0,4.0,1.1646496099391983,0.0,0.0,0.0,0.0,0.0,478.0,2.0,0.1016002441643532,0.0,0.0,40.92307692307692,0.0,14.0,12.0,0.0,144.0,1408.0,34.0,11,1,0.6799163179916318,88.85006096415103,99.5,0.0,0.0,0.0,0.0,1
234.0,5.0,1.2250860341612797,0.0,0.0,0.0,0.0,0.0,140.0,3.0,0.8711076280123105,0.0,0.0,38.0,0.0,0.0,0.0,0.0,626.0,1782.0,78.0,12,1,0.6799163179916318,98.02040603874288,148.0,0.0,0.0,0.0,0.0,1
130.0,4.0,0.9581645600818688,0.0,0.0,0.0,0.0,0.0,198.0,2.0,0.4741393130558373,0.0,0.0,35.69230769230769,0.0,0.0,0.0,0.0,448.0,2492.0,100.0,12,1,0.6799163179916318,48.89103530641739,177.5,0.0,0.0,0.0,0.0,1
318.0,4.0,0.5439458346743459,0.0,0.0,0.0,0.0,0.0,536.0,3.0,0.2632251610457998,0.0,0.0,32.10526315789474,0.0,0.0,0.0,0.0,398.0,6300.0,56.0,13,1,0.6799163179916318,77.93159393553653,221.0,0.0,0.0,0.0,0.0,1
68.0,3.0,0.7688943190352824,0.0,0.0,0.0,0.0,0.0,136.0,3.0,0.2567966139815872,0.0,0.0,29.0,0.0,0.0,0.0,0.0,100.0,896.0,2.0,13,1,0.6799163179916318,110.72337904285024,187.5,0.0,0.0,0.0,0.0,1
12.0,1.0,-1.000088900581841e-12,0.0,0.0,0.0,0.0,0.0,0.0,0.0,0.0,0.0,0.0,28.0,0.0,0.0,0.0,0.0,0.0,0.0,0.0,14,1,0.6799163179916318,133.0363358886086,132.0,0.0,0.0,0.0,0.0,1
2.0,1.0,-1.000088900581841e-12,0.0,0.0,0.0,0.0,0.0,2.0,1.0,-1.000088900581841e-12,0.0,0.0,27.166666666666668,18.0,0.0,0.0,0.0,0.0,0.0,0.0,14,1,0.6799163179916318,148.2070623598395,100.0,0.0,0.0,0.0,0.0,1
0.0,0.0,0.0,0.0,0.0,0.0,0.0,0.0,12.0,1.0,-1.000088900581841e-12,0.0,0.0,27.0,0.0,0.0,0.0,0.0,0.0,0.0,0.0,15,1,0.6799163179916318,32.098805792947374,20.5,0.0,0.0,0.0,0.0,1
0.0,0.0,0.0,0.0,0.0,0.0,0.0,0.0,24.0,2.0,0.4505612088643047,0.0,0.0,27.0,36.0,0.0,0.0,0.0,0.0,0.0,0.0,15,1,0.6799163179916318,5.744562646539633,3.5,0.0,0.0,0.0,0.0,1
0.0,0.0,0.0,0.0,0.0,0.0,0.0,0.0,0.0,0.0,0.0,0.0,0.0,27.0,0.0,0.0,0.0,0.0,0.0,0.0,0.0,16,1,0.6799163179916318,1.0000000000092015,0.5,0.0,0.0,0.0,0.0,1
0.0,0.0,0.0,0.0,0.0,0.0,0.0,0.0,0.0,0.0,0.0,0.0,0.0,27.0,0.0,0.0,0.0,0.0,0.0,0.0,0.0,16,1,0.6799163179916318,0.0,0.0,0.0,0.0,0.0,0.0,1
0.0,0.0,0.0,0.0,0.0,0.0,0.0,0.0,0.0,0.0,0.0,0.0,0.0,27.0,0.0,0.0,0.0,0.0,0.0,0.0,0.0,17,1,0.6799163179916318,0.0,0.0,0.0,0.0,0.0,0.0,1
344.0,7.0,1.631222991271064,0.0,0.0,0.0,54.0,0.0,364.0,5.0,0.6272998497986821,0.0,0.0,24.6,0.0,0.0,0.0,0.0,400.0,2146.0,68.0,17,1,0.6799163179916318,172.00000000000006,86.0,0.0,0.0,27.0,13.5,1
430.0,4.0,0.8536471016409655,0.0,0.0,0.0,0.0,0.0,174.0,3.0,0.3587445379460329,0.0,0.0,20.68421052631579,0.0,0.0,0.0,0.0,150.0,2334.0,28.0,18,1,0.6799163179916318,226.1761850121862,193.5,0.0,0.0,27.0,13.5,1
666.0,4.0,0.7890808851421195,0.0,0.0,0.0,0.0,0.0,98.0,2.0,0.4769182703416179,0.0,48.0,23.06896551724138,0.0,0.0,0.0,0.0,248.0,1050.0,50.0,18,1,0.6799163179916318,275.9178621739932,360.0,0.0,0.0,27.0,13.5,1
714.0,2.0,0.0736871448793178,0.0,0.0,0.0,0.0,0.0,42.0,2.0,0.4869127094626022,0.0,0.0,51.43333333333333,0.0,0.0,0.0,0.0,100.0,664.0,44.0,19,1,0.6799163179916318,179.49837510870867,538.5,0.0,0.0,27.0,13.5,1
708.0,5.0,0.4838935329791334,0.0,0.0,0.0,0.0,0.0,98.0,3.0,0.7692037567494736,0.0,48.0,79.23333333333333,0.0,0.0,0.0,18.0,250.0,1832.0,78.0,19,1,0.6799163179916318,134.70337783441073,629.5,0.0,0.0,0.0,0.0,1
642.0,3.0,0.1849270571863273,0.0,0.0,0.0,0.0,0.0,32.0,2.0,0.3767701612544368,0.0,0.0,96.32142857142856,0.0,0.0,0.0,0.0,50.0,740.0,12.0,20,1,0.6799163179916318,34.42382895611722,682.5,0.0,0.0,0.0,0.0,1
550.0,6.0,1.388730210755083,0.0,0.0,0.0,0.0,0.0,162.0,3.0,0.6782058607578854,0.0,0.0,99.20833333333331,0.0,0.0,0.0,0.0,300.0,13582.0,44.0,20,1,0.6799163179916318,76.32168761236883,653.5,0.0,0.0,0.0,0.0,1
606.0,7.0,1.1368618746108854,0.0,0.0,0.0,0.0,0.0,172.0,3.0,0.6528967962953389,0.0,0.0,96.14814814814817,0.0,0.0,0.0,0.0,246.0,15150.0,38.0,21,0,0.6799163179916318,66.21933252457333,626.5,0.0,0.0,0.0,0.0,1
492.0,5.0,0.5255417767711987,0.0,0.0,0.0,0.0,0.0,144.0,2.0,0.5117400734154094,0.0,0.0,92.625,0.0,0.0,0.0,0.0,394.0,11686.0,92.0,21,0,0.6799163179916318,65.67343450741721,572.5,0.0,0.0,0.0,0.0,1
444.0,3.0,0.3037290560422241,0.0,0.0,0.0,0.0,0.0,76.0,2.0,0.6806294878896635,0.0,0.0,89.86363636363636,0.0,0.0,0.0,0.0,398.0,10276.0,84.0,22,0,0.6799163179916318,70.28513356322244,523.0,0.0,0.0,0.0,0.0,1
340.0,4.0,0.4715170704419742,0.0,0.0,0.0,0.0,0.0,34.0,2.0,0.6492483548688981,0.0,0.0,87.29411764705883,0.0,0.0,50.0,0.0,248.0,10078.0,34.0,22,0,0.6799163179916318,110.38568747804229,470.5,0.0,0.0,0.0,0.0,1
0.0,0.0,0.0,0.0,0.0,0.0,0.0,0.0,0.0,0.0,0.0,0.0,0.0,0.0,38.0,0.0,0.0,0.0,0.0,0.0,0.0,0,0,0.6799163179916318,221.9279162250662,319.0,0.0,0.0,0.0,0.0,1
0.0,0.0,0.0,0.0,0.0,0.0,0.0,0.0,0.0,0.0,0.0,0.0,0.0,0.0,40.0,0.0,0.0,0.0,0.0,0.0,0.0,0,0,0.6799163179916318,230.26940743398808,196.0,0.0,0.0,0.0,0.0,1
0.0,0.0,0.0,0.0,0.0,0.0,0.0,0.0,0.0,0.0,0.0,0.0,0.0,0.0,38.0,0.0,0.0,0.0,0.0,0.0,0.0,2,0,0.6799163179916318,170.0,85.0,0.0,0.0,0.0,0.0,1
0.0,0.0,0.0,0.0,0.0,0.0,0.0,0.0,0.0,0.0,0.0,0.0,0.0,0.0,40.0,0.0,0.0,0.0,0.0,0.0,0.0,6,0,0.6799163179916318,0.0,0.0,0.0,0.0,0.0,0.0,1
0.0,0.0,0.0,0.0,0.0,0.0,0.0,0.0,0.0,0.0,0.0,0.0,0.0,84.0,0.0,0.0,0.0,0.0,0.0,0.0,0.0,7,0,0.6799163179916318,0.0,0.0,0.0,0.0,0.0,0.0,1
160.0,7.0,1.6382404127583707,0.0,0.0,0.0,0.0,0.0,76.0,4.0,1.1153008027564364,0.0,0.0,83.33333333333333,0.0,14.0,0.0,22.0,150.0,3162.0,26.0,7,0,0.6799163179916318,79.99999999999997,40.0,0.0,0.0,0.0,0.0,1
256.0,4.0,1.1435819465960309,0.0,0.0,0.0,0.0,0.0,68.0,2.0,0.6492483548688981,0.0,0.0,81.82352941176471,0.0,0.0,0.0,0.0,296.0,3748.0,46.0,8,1,0.6799163179916318,126.3223390114881,104.0,0.0,0.0,0.0,0.0,1
56.0,6.0,1.5003155329750626,0.0,0.0,0.0,14.0,0.0,218.0,3.0,0.3862269454448678,0.0,0.0,80.14285714285714,0.0,0.0,0.0,0.0,166.0,322.0,10.0,8,1,0.6799163179916318,113.3960610720966,118.0,0.0,0.0,7.0,3.5,1
30.0,2.0,0.6365141682928128,0.0,0.0,0.0,0.0,0.0,26.0,2.0,0.4293230219286162,0.0,0.0,78.0,0.0,0.0,0.0,0.0,50.0,28.0,0.0,9,1,0.6799163179916318,103.55513829195856,125.5,0.0,0.0,7.0,3.5,1
302.0,9.0,1.633931685225912,0.0,0.0,0.0,0.0,0.0,110.0,4.0,1.303250406240049,0.0,0.0,74.0952380952381,0.0,0.0,0.0,0.0,592.0,3320.0,24.0,9,1,0.6799163179916318,137.9516823625818,161.0,0.0,0.0,7.0,3.5,1
398.0,11.0,1.4802392150765882,0.0,0.0,0.0,8.0,0.0,258.0,4.0,0.7750084189356867,0.0,0.0,69.56521739130434,0.0,0.0,0.0,0.0,496.0,6376.0,64.0,10,1,0.6799163179916318,181.8378398463862,196.5,0.0,0.0,6.8068592855540455,5.5,1
292.0,3.0,0.4753399475695299,0.0,0.0,0.0,0.0,0.0,156.0,2.0,0.5242994348474936,0.0,0.0,66.47368421052632,0.0,0.0,0.0,0.0,438.0,7864.0,66.0,10,1,0.6799163179916318,157.74557574355822,255.5,0.0,0.0,4.0,2.0,1
454.0,9.0,1.299652856797075,0.0,0.0,0.0,0.0,0.0,84.0,3.0,0.5091373440796869,0.0,0.0,63.61904761904762,0.0,0.0,0.0,0.0,50.0,10226.0,4.0,11,1,0.6799163179916318,78.01495583113102,361.5,0.0,0.0,4.0,2.0,1
406.0,6.0,1.087085792181406,0.0,0.0,0.0,0.0,0.0,182.0,3.0,0.5980764595557814,0.0,0.0,59.75,0.0,0.0,0.0,0.0,490.0,10876.0,98.0,11,1,0.6799163179916318,68.30080526611668,387.5,0.0,0.0,4.0,2.0,1
12.0,1.0,-1.000088900581841e-12,0.0,0.0,0.0,0.0,0.0,8.0,1.0,-1.000088900581841e-12,0.0,0.0,58.0,0.0,0.0,0.0,0.0,0.0,0.0,0.0,12,1,0.6799163179916318,198.020200989697,291.0,0.0,0.0,0.0,0.0,1
10.0,1.0,-1.000088900581841e-12,0.0,0.0,0.0,0.0,0.0,14.0,2.0,0.6829081046984717,0.0,0.0,57.16666666666666,32.0,0.0,0.0,0.0,0.0,0.0,0.0,12,1,0.6799163179916318,242.7035228421705,220.5,0.0,0.0,0.0,0.0,1
376.0,12.0,2.110255281398341,0.0,0.0,0.0,0.0,0.0,114.0,4.0,1.0775508736694994,0.0,0.0,54.81818181818182,0.0,0.0,0.0,0.0,432.0,7352.0,64.0,13,1,0.6799163179916318,219.73620548284708,201.0,0.0,0.0,0.0,0.0,1
188.0,8.0,1.7942462619864334,0.0,0.0,0.0,0.0,0.0,80.0,4.0,1.311748281866996,0.0,0.0,50.93333333333333,0.0,0.0,0.0,0.0,364.0,1938.0,48.0,13,1,0.6799163179916318,174.2746873951196,146.5,0.0,0.0,0.0,0.0,1
68.0,5.0,1.367281920264482,0.0,0.0,0.0,0.0,0.0,34.0,4.0,1.0710178890204567,0.0,0.0,47.375,0.0,0.0,0.0,0.0,74.0,796.0,6.0,14,1,0.6799163179916318,161.66116829137823,160.5,0.0,0.0,0.0,0.0,1
228.0,8.0,1.7032853091680114,0.0,0.0,0.0,0.0,0.0,108.0,4.0,1.0492756135675738,0.0,0.0,43.5,0.0,0.0,0.0,0.0,312.0,4800.0,60.0,14,1,0.6799163179916318,127.05379438122522,215.0,0.0,0.0,0.0,0.0,1
254.0,7.0,1.4488207473716253,0.0,0.0,0.0,70.0,0.0,128.0,4.0,0.9134389785701392,0.0,0.0,39.25,0.0,16.0,16.0,0.0,698.0,2554.0,126.0,15,1,0.6799163179916318,82.2739326883065,184.5,0.0,0.0,35.0,17.5,1
138.0,4.0,1.1600960860085603,0.0,0.0,0.0,0.0,0.0,58.0,4.0,1.0198828073921344,0.0,0.0,36.81818181818182,0.0,0.0,0.0,0.0,208.0,796.0,6.0,15,1,0.6799163179916318,85.30728769181049,172.0,0.0,0.0,35.0,17.5,1
368.0,6.0,1.4717398480668873,0.0,0.0,0.0,0.0,0.0,162.0,4.0,0.9079955802019444,0.0,0.0,33.19047619047619,0.0,0.0,0.0,0.0,516.0,2308.0,42.0,16,1,0.6799163179916318,94.74879066950312,247.0,0.0,0.0,35.0,17.5,1
230.0,4.0,1.087261439076062,0.0,0.0,0.0,0.0,0.0,66.0,2.0,0.5167535907994583,0.0,0.0,31.33333333333333,0.0,0.0,52.0,20.0,204.0,5054.0,22.0,16,1,0.6799163179916318,94.62029380634998,247.5,0.0,0.0,35.0,17.5,1
428.0,5.0,0.8786492163984411,0.0,0.0,0.0,0.0,0.0,100.0,4.0,1.1214877053565346,0.0,0.0,27.9,0.0,10.0,0.0,0.0,208.0,1722.0,8.0,17,1,0.6799163179916318,131.438198405182,291.0,0.0,0.0,0.0,0.0,1
192.0,5.0,1.2755403407719474,0.0,0.0,0.0,0.0,0.0,48.0,2.0,0.6365141682928128,0.0,0.0,24.0,0.0,0.0,0.0,0.0,230.0,4712.0,32.0,17,1,0.6799163179916318,111.78998166204336,304.5,0.0,0.0,0.0,0.0,1
136.0,5.0,0.9643011025315784,0.0,0.0,0.0,0.0,0.0,50.0,2.0,0.6268694575704263,0.0,0.0,22.33333333333333,0.0,0.0,0.0,0.0,230.0,2964.0,32.0,18,1,0.6799163179916318,127.01049825375324,246.5,0.0,0.0,0.0,0.0,1
204.0,3.0,0.4535923335012475,0.0,0.0,0.0,0.0,0.0,112.0,2.0,0.5195798391285155,0.0,0.0,21.0,0.0,0.0,0.0,0.0,312.0,8034.0,60.0,18,1,0.6799163179916318,128.7892335044613,240.0,0.0,0.0,0.0,0.0,1
66.0,2.0,0.6365141682928128,0.0,0.0,0.0,0.0,0.0,48.0,2.0,0.6036372514983261,0.0,0.0,20.0,0.0,0.0,0.0,0.0,230.0,1284.0,16.0,19,1,0.6799163179916318,63.06346010171018,149.5,0.0,0.0,0.0,0.0,1
336.0,5.0,1.1958119619162662,0.0,0.0,0.0,0.0,0.0,296.0,3.0,0.7833596276436554,0.0,40.0,18.444444444444443,0.0,0.0,0.0,0.0,384.0,6080.0,60.0,19,1,0.6799163179916318,115.06954418958992,185.5,0.0,0.0,0.0,0.0,1
692.0,3.0,0.457817162367752,0.0,0.0,0.0,0.0,0.0,44.0,2.0,0.6554817738993928,0.0,0.0,37.06896551724138,0.0,0.0,0.0,0.0,208.0,2076.0,54.0,20,1,0.6799163179916318,268.6577748735368,324.5,0.0,0.0,0.0,0.0,1
636.0,2.0,0.6874204855892029,0.0,0.0,0.0,0.0,0.0,134.0,2.0,0.6218198517667235,0.0,0.0,66.21428571428571,0.0,0.0,0.0,0.0,570.0,7528.0,150.0,20,1,0.6799163179916318,290.04999569039813,432.5,0.0,0.0,0.0,0.0,1
616.0,3.0,0.4536357607638716,0.0,0.0,0.0,0.0,0.0,166.0,2.0,0.6118816893199313,0.0,0.0,88.48148148148148,0.0,0.0,0.0,0.0,622.0,9630.0,136.0,21,0,0.6799163179916318,159.28172106888678,570.0,0.0,0.0,0.0,0.0,1
506.0,3.0,0.4396334495294645,0.0,0.0,0.0,0.0,0.0,182.0,2.0,0.5653332326868754,0.0,0.0,99.07692307692308,0.0,0.0,0.0,0.0,624.0,9606.0,110.0,21,0,0.6799163179916318,77.94656289193676,612.5,0.0,0.0,0.0,0.0,1
376.0,3.0,0.3987084994309325,0.0,0.0,0.0,0.0,0.0,94.0,2.0,0.6820148175974904,0.0,0.0,98.55,0.0,0.0,0.0,0.0,520.0,10170.0,104.0,22,0,0.6799163179916318,119.54775893619524,533.5,0.0,0.0,0.0,0.0,1
22.0,3.0,0.6001660731566456,0.0,0.0,0.0,0.0,0.0,2.0,1.0,-1.000088900581841e-12,0.0,0.0,97.33333333333331,0.0,0.0,16.0,22.0,0.0,136.0,0.0,22,0,0.6799163179916318,258.03875677889937,380.0,0.0,0.0,0.0,0.0,1
0.0,0.0,0.0,0.0,0.0,0.0,0.0,0.0,0.0,0.0,0.0,0.0,0.0,0.0,26.0,0.0,0.0,0.0,0.0,0.0,0.0,23,0,0.6799163179916318,254.0288697504019,226.0,0.0,0.0,0.0,0.0,1
0.0,0.0,0.0,0.0,0.0,0.0,0.0,0.0,0.0,0.0,0.0,0.0,0.0,0.0,38.0,0.0,0.0,0.0,0.0,0.0,0.0,0,0,0.6799163179916318,184.6248448430853,99.5,0.0,0.0,0.0,0.0,1
0.0,0.0,0.0,0.0,0.0,0.0,0.0,0.0,0.0,0.0,0.0,0.0,0.0,0.0,38.0,0.0,0.0,0.0,0.0,0.0,0.0,2,0,0.6799163179916318,10.999999999999414,5.5,0.0,0.0,0.0,0.0,1
0.0,0.0,0.0,0.0,0.0,0.0,0.0,0.0,0.0,0.0,0.0,0.0,0.0,0.0,34.0,0.0,0.0,0.0,0.0,0.0,0.0,6,0,0.6799163179916318,0.0,0.0,0.0,0.0,0.0,0.0,1
0.0,0.0,0.0,0.0,0.0,0.0,0.0,0.0,4.0,1.0,-1.000088900581841e-12,0.0,0.0,0.0,0.0,0.0,0.0,0.0,22.0,0.0,0.0,7,0,0.6799163179916318,0.0,0.0,0.0,0.0,0.0,0.0,1
320.0,6.0,1.452835125641494,0.0,0.0,0.0,0.0,0.0,134.0,3.0,0.724227325857908,0.0,0.0,93.0,0.0,16.0,0.0,16.0,356.0,9282.0,56.0,8,1,0.6799163179916318,159.99999999999994,80.0,0.0,0.0,0.0,0.0,1
76.0,4.0,1.2784983067923732,0.0,0.0,0.0,8.0,0.0,38.0,3.0,0.9932682101469608,0.0,0.0,90.66666666666669,0.0,14.0,22.0,0.0,146.0,710.0,8.0,8,1,0.6799163179916318,151.62673466993428,99.0,0.0,0.0,4.0,2.0,1
162.0,7.0,1.6913509797780633,0.0,0.0,0.0,0.0,0.0,34.0,2.0,0.6774944044467073,0.0,0.0,88.61538461538461,0.0,0.0,0.0,0.0,258.0,1128.0,20.0,9,1,0.6799163179916318,137.33050158892834,139.5,0.0,0.0,4.0,2.0,1
36.0,2.0,0.3488320958410319,0.0,0.0,0.0,0.0,0.0,88.0,2.0,0.4741393130558373,0.0,0.0,85.66666666666667,0.0,0.0,0.0,0.0,206.0,112.0,44.0,9,1,0.6799163179916318,125.8398453061138,148.5,0.0,0.0,4.0,2.0,1
220.0,4.0,0.8970228546485892,0.0,0.0,0.0,0.0,0.0,14.0,2.0,0.410116318286409,0.0,0.0,82.92307692307692,0.0,0.0,0.0,0.0,208.0,1896.0,12.0,10,1,0.6799163179916318,83.08028245819412,123.5,0.0,0.0,4.0,2.0,1
230.0,10.0,1.7104118558313834,0.0,0.0,0.0,0.0,0.0,34.0,3.0,1.0950778621175008,0.0,0.0,79.3125,0.0,0.0,0.0,0.0,306.0,2070.0,30.0,10,1,0.6799163179916318,89.18893802858427,162.0,0.0,0.0,0.0,0.0,1
178.0,8.0,1.668585536074107,0.0,0.0,0.0,0.0,0.0,58.0,3.0,1.075361286163348,0.0,0.0,75.15384615384616,0.0,0.0,0.0,0.0,280.0,1970.0,34.0,11,1,0.6799163179916318,89.54700813911455,166.0,0.0,0.0,0.0,0.0,1
146.0,5.0,1.0509632493053545,0.0,0.0,0.0,8.0,0.0,56.0,3.0,1.011037336054751,0.0,0.0,71.66666666666667,0.0,0.0,0.0,0.0,364.0,810.0,20.0,11,1,0.6799163179916318,38.86300726054679,193.5,0.0,0.0,4.0,2.0,1
62.0,4.0,1.0034280588820377,0.0,0.0,0.0,0.0,0.0,64.0,3.0,0.875258938513116,0.0,0.0,69.44444444444444,0.0,0.0,0.0,0.0,228.0,434.0,4.0,12,1,0.6799163179916318,70.42726744663591,154.0,0.0,0.0,4.0,2.0,1
254.0,3.0,0.412959906227918,0.0,0.0,0.0,0.0,0.0,34.0,2.0,0.4659992569590426,0.0,0.0,68.33333333333333,0.0,0.0,0.0,0.0,104.0,548.0,22.0,12,1,0.6799163179916318,79.49842765740703,160.0,0.0,0.0,4.0,2.0,1
676.0,5.0,0.1813022774601137,0.0,0.0,0.0,0.0,0.0,8.0,2.0,0.6931471805579453,0.0,0.0,64.06896551724138,0.0,18.0,14.0,16.0,52.0,704.0,4.0,13,1,0.6799163179916318,272.5747603869441,284.5,0.0,0.0,4.0,2.0,1
266.0,7.0,1.480697196324113,0.0,0.0,0.0,0.0,0.0,116.0,4.0,0.5445996236781669,0.0,0.0,58.2,0.0,0.0,0.0,0.0,104.0,5226.0,8.0,14,1,0.6799163179916318,247.75525557829576,323.0,0.0,0.0,0.0,0.0,1
12.0,1.0,-1.000088900581841e-12,0.0,0.0,0.0,0.0,0.0,12.0,1.0,-1.000088900581841e-12,0.0,0.0,56.0,0.0,0.0,0.0,0.0,0.0,0.0,0.0,14,1,0.6799163179916318,295.22138585588044,262.5,0.0,0.0,0.0,0.0,1
10.0,1.0,-1.000088900581841e-12,0.0,0.0,0.0,0.0,0.0,0.0,0.0,0.0,0.0,0.0,55.66666666666666,0.0,0.0,0.0,0.0,0.0,0.0,0.0,15,1,0.6799163179916318,120.2109257374996,96.0,0.0,0.0,0.0,0.0,1
30.0,3.0,0.7298712099801165,0.0,0.0,0.0,0.0,0.0,32.0,4.0,1.3334730391145029,0.0,0.0,54.66666666666666,0.0,0.0,0.0,0.0,156.0,124.0,20.0,15,1,0.6799163179916318,124.65819935594548,79.5,0.0,0.0,0.0,0.0,1
306.0,5.0,1.27246776899572,0.0,0.0,0.0,0.0,0.0,794.0,4.0,0.2882244450409886,0.0,0.0,52.8235294117647,0.0,0.0,0.0,0.0,208.0,1278.0,30.0,16,1,0.6799163179916318,144.6132773987229,89.5,0.0,0.0,0.0,0.0,1
152.0,3.0,0.7991420707225472,0.0,0.0,0.0,0.0,0.0,24.0,2.0,0.5623351446168083,0.0,0.0,50.4,0.0,0.0,0.0,0.0,50.0,106.0,4.0,16,1,0.6799163179916318,136.30725096878243,124.5,0.0,0.0,0.0,0.0,1
12.0,1.0,-1.000088900581841e-12,0.0,0.0,0.0,0.0,0.0,0.0,0.0,0.0,0.0,0.0,50.0,0.0,0.0,0.0,0.0,0.0,0.0,0.0,17,1,0.6799163179916318,135.74976979722646,125.0,0.0,0.0,0.0,0.0,1
4.0,1.0,-1.000088900581841e-12,0.0,0.0,0.0,0.0,0.0,0.0,0.0,0.0,0.0,0.0,49.5,42.0,0.0,0.0,0.0,0.0,0.0,0.0,17,1,0.6799163179916318,142.28023990233726,118.5,0.0,0.0,0.0,0.0,1
62.0,3.0,0.8948777900105769,0.0,0.0,0.0,10.0,0.0,60.0,3.0,0.91832022682914,0.0,0.0,49.0,0.0,0.0,0.0,0.0,416.0,268.0,26.0,18,1,0.6799163179916318,68.0269554416971,57.5,0.0,0.0,5.0,2.5,1
440.0,6.0,1.2950680557841965,0.0,0.0,0.0,28.0,0.0,80.0,3.0,0.9540178245346004,0.0,0.0,46.73913043478261,0.0,0.0,0.0,0.0,414.0,5328.0,52.0,18,1,0.6799163179916318,208.58491476294887,129.5,0.0,0.0,13.203534880225574,9.5,1
152.0,4.0,1.0763648623175404,0.0,0.0,0.0,0.0,0.0,20.0,2.0,0.6108643020528935,0.0,0.0,44.27272727272727,0.0,0.0,52.0,16.0,50.0,1656.0,10.0,19,1,0.6799163179916318,193.4967699988813,164.5,0.0,0.0,13.203534880225574,9.5,1
66.0,3.0,0.9266649747374204,0.0,0.0,0.0,0.0,0.0,56.0,2.0,0.5195798391285155,0.0,0.0,43.375,0.0,14.0,0.0,0.0,156.0,1556.0,18.0,19,1,0.6799163179916318,178.23579887329026,180.0,0.0,0.0,13.203534880225574,9.5,1
444.0,8.0,1.5534553820365236,0.0,0.0,0.0,0.0,0.0,48.0,2.0,0.3767701612544368,0.0,0.0,40.47619047619048,0.0,0.0,0.0,16.0,126.0,10454.0,12.0,20,1,0.6799163179916318,195.4439391061624,275.5,0.0,0.0,14.0,7.0,1
492.0,6.0,0.5377944649411398,0.0,0.0,0.0,0.0,0.0,204.0,3.0,0.5594768214976287,0.0,0.0,36.82608695652174,0.0,0.0,0.0,0.0,364.0,12752.0,50.0,20,1,0.6799163179916318,211.13265971895484,288.5,0.0,0.0,0.0,0.0,1
556.0,6.0,0.9849295001157776,0.0,0.0,0.0,0.0,0.0,144.0,2.0,0.5770853964803772,0.0,0.0,33.19230769230769,0.0,0.0,0.0,0.0,518.0,9540.0,76.0,21,0,0.6799163179916318,220.49263026232867,389.5,0.0,0.0,0.0,0.0,1
540.0,4.0,0.2733199234065408,0.0,0.0,0.0,0.0,0.0,112.0,2.0,0.6517565611706533,0.0,0.0,29.64,0.0,0.0,0.0,0.0,510.0,12730.0,100.0,21,0,0.6799163179916318,50.59644256269394,508.0,0.0,0.0,0.0,0.0,1
622.0,3.0,0.1365644025379264,0.0,0.0,0.0,0.0,0.0,250.0,2.0,0.2787693717665874,0.0,0.0,25.857142857142858,0.0,0.0,0.0,0.0,258.0,22788.0,38.0,22,0,0.6799163179916318,53.72460640463845,552.5,0.0,0.0,0.0,0.0,1
526.0,4.0,0.3364472933577122,0.0,0.0,0.0,0.0,0.0,88.0,2.0,0.6670936741191575,0.0,0.0,22.28,0.0,0.0,0.0,0.0,414.0,12854.0,82.0,22,0,0.6799163179916318,42.47352116319043,561.0,0.0,0.0,0.0,0.0,1
30.0,3.0,0.7647544195644197,0.0,0.0,0.0,0.0,0.0,4.0,1.0,-1.000088900581841e-12,0.0,0.0,20.83333333333333,0.0,0.0,22.0,0.0,52.0,122.0,6.0,23,0,0.6799163179916318,269.67820329669456,429.5,0.0,0.0,0.0,0.0,1
560.0,1.0,-1.000088900581841e-12,0.0,0.0,0.0,0.0,0.0,0.0,0.0,0.0,0.0,52.0,31.166666666666668,0.0,0.0,0.0,0.0,52.0,0.0,0.0,23,0,0.6799163179916318,272.5796519673958,434.5,0.0,0.0,0.0,0.0,1
492.0,1.0,-1.000088900581841e-12,0.0,0.0,0.0,0.0,0.0,0.0,0.0,0.0,0.0,0.0,58.53333333333333,0.0,0.0,0.0,0.0,0.0,0.0,0.0,0,0,0.6799163179916318,249.54892639854543,402.0,0.0,0.0,0.0,0.0,1
0.0,0.0,0.0,0.0,0.0,0.0,0.0,0.0,0.0,0.0,0.0,0.0,0.0,86.0,0.0,0.0,0.0,0.0,0.0,0.0,0.0,0,0,0.6799163179916318,296.5821977125397,270.5,0.0,0.0,0.0,0.0,1
0.0,0.0,0.0,0.0,0.0,0.0,0.0,0.0,0.0,0.0,0.0,0.0,0.0,98.7,0.0,0.0,0.0,0.0,0.0,0.0,0.0,1,0,0.6799163179916318,304.95245531065984,263.0,0.0,0.0,0.0,0.0,1
0.0,0.0,0.0,0.0,0.0,0.0,0.0,0.0,0.0,0.0,0.0,0.0,0.0,100.0,0.0,0.0,0.0,0.0,0.0,0.0,0.0,1,0,0.6799163179916318,246.0,123.0,0.0,0.0,0.0,0.0,1
0.0,0.0,0.0,0.0,0.0,0.0,0.0,0.0,0.0,0.0,0.0,0.0,0.0,100.0,0.0,0.0,0.0,0.0,0.0,0.0,0.0,2,0,0.6799163179916318,0.0,0.0,0.0,0.0,0.0,0.0,1
0.0,0.0,0.0,0.0,0.0,0.0,0.0,0.0,0.0,0.0,0.0,0.0,0.0,100.0,0.0,0.0,0.0,0.0,0.0,0.0,0.0,2,0,0.6799163179916318,0.0,0.0,0.0,0.0,0.0,0.0,1
0.0,0.0,0.0,0.0,0.0,0.0,0.0,0.0,0.0,0.0,0.0,0.0,0.0,100.0,0.0,0.0,0.0,0.0,0.0,0.0,0.0,3,0,0.6799163179916318,0.0,0.0,0.0,0.0,0.0,0.0,1
0.0,0.0,0.0,0.0,0.0,0.0,0.0,0.0,0.0,0.0,0.0,0.0,0.0,100.0,0.0,0.0,0.0,0.0,0.0,0.0,0.0,3,0,0.6799163179916318,0.0,0.0,0.0,0.0,0.0,0.0,1
0.0,0.0,0.0,0.0,0.0,0.0,0.0,0.0,0.0,0.0,0.0,0.0,0.0,100.0,0.0,0.0,0.0,0.0,0.0,0.0,0.0,4,0,0.6799163179916318,0.0,0.0,0.0,0.0,0.0,0.0,1
0.0,0.0,0.0,0.0,0.0,0.0,0.0,0.0,0.0,0.0,0.0,0.0,0.0,100.0,0.0,0.0,0.0,0.0,0.0,0.0,0.0,4,0,0.6799163179916318,0.0,0.0,0.0,0.0,0.0,0.0,1
0.0,0.0,0.0,0.0,0.0,0.0,0.0,0.0,0.0,0.0,0.0,0.0,0.0,100.0,0.0,0.0,0.0,0.0,0.0,0.0,0.0,5,0,0.6799163179916318,0.0,0.0,0.0,0.0,0.0,0.0,1
0.0,0.0,0.0,0.0,0.0,0.0,0.0,0.0,0.0,0.0,0.0,0.0,0.0,100.0,0.0,0.0,0.0,0.0,0.0,0.0,0.0,5,0,0.6799163179916318,0.0,0.0,0.0,0.0,0.0,0.0,1
0.0,0.0,0.0,0.0,0.0,0.0,0.0,0.0,0.0,0.0,0.0,0.0,0.0,100.0,0.0,0.0,0.0,0.0,0.0,0.0,0.0,6,0,0.6799163179916318,0.0,0.0,0.0,0.0,0.0,0.0,1
0.0,0.0,0.0,0.0,0.0,0.0,0.0,0.0,0.0,0.0,0.0,0.0,0.0,100.0,0.0,0.0,0.0,0.0,0.0,0.0,0.0,6,0,0.6799163179916318,0.0,0.0,0.0,0.0,0.0,0.0,1
0.0,0.0,0.0,0.0,0.0,0.0,0.0,0.0,0.0,0.0,0.0,0.0,0.0,100.0,0.0,0.0,0.0,0.0,0.0,0.0,0.0,7,0,0.6799163179916318,0.0,0.0,0.0,0.0,0.0,0.0,1
0.0,0.0,0.0,0.0,0.0,0.0,0.0,0.0,0.0,0.0,0.0,0.0,0.0,100.0,0.0,0.0,0.0,0.0,0.0,0.0,0.0,7,0,0.6799163179916318,0.0,0.0,0.0,0.0,0.0,0.0,1
174.0,5.0,1.5531473758427905,0.0,0.0,0.0,0.0,0.0,52.0,4.0,1.156987644341274,0.0,0.0,100.0,0.0,22.0,0.0,20.0,212.0,4156.0,16.0,8,1,0.6799163179916318,86.99999999999989,43.5,0.0,0.0,0.0,0.0,1
460.0,11.0,1.4085865395678483,0.0,0.0,0.0,0.0,0.0,38.0,2.0,0.6917614988504178,0.0,0.0,100.0,0.0,0.0,0.0,0.0,268.0,3294.0,42.0,8,1,0.6799163179916318,217.09214633422368,158.5,0.0,0.0,0.0,0.0,1
262.0,4.0,1.0788530356810768,0.0,0.0,0.0,0.0,0.0,18.0,1.0,-1.000088900581841e-12,0.0,0.0,99.1153846153846,0.0,0.0,0.0,0.0,216.0,446.0,36.0,9,1,0.6799163179916318,191.32520307929457,224.0,0.0,0.0,0.0,0.0,1
224.0,6.0,0.9703401408729284,0.0,0.0,0.0,0.0,0.0,12.0,1.0,-1.000088900581841e-12,0.0,0.0,97.46153846153848,0.0,0.0,0.0,0.0,212.0,1150.0,28.0,9,1,0.6799163179916318,125.29432016921852,280.0,0.0,0.0,0.0,0.0,1
60.0,1.0,-1.000088900581841e-12,0.0,0.0,0.0,0.0,0.0,0.0,0.0,0.0,0.0,0.0,97.0,0.0,0.0,0.0,0.0,0.0,0.0,0.0,10,1,0.6799163179916318,164.32792418413445,251.5,0.0,0.0,0.0,0.0,1
466.0,4.0,0.7608778787724586,0.0,0.0,0.0,0.0,0.0,38.0,3.0,0.6605788876490757,0.0,0.0,93.56,0.0,12.0,16.0,0.0,110.0,1220.0,8.0,10,1,0.6799163179916318,166.8732053586394,253.0,0.0,0.0,0.0,0.0,1
300.0,4.0,0.6066581862101089,0.0,0.0,0.0,0.0,0.0,18.0,2.0,0.6365141682928128,0.0,0.0,91.42105263157896,0.0,0.0,56.0,16.0,112.0,426.0,32.0,11,1,0.6799163179916318,168.628783624465,262.5,0.0,0.0,0.0,0.0,1
716.0,2.0,0.0192154609927474,0.0,0.0,0.0,0.0,0.0,0.0,0.0,0.0,0.0,0.0,87.0,0.0,0.0,0.0,0.0,0.0,262.0,0.0,11,1,0.6799163179916318,276.26738256020496,385.5,0.0,0.0,0.0,0.0,1
294.0,3.0,0.5861466153173992,0.0,0.0,0.0,0.0,0.0,64.0,2.0,0.5941300227228385,0.0,0.0,83.57142857142857,0.0,16.0,0.0,0.0,280.0,1152.0,34.0,12,1,0.6799163179916318,198.0774259391177,444.0,0.0,0.0,0.0,0.0,1
256.0,4.0,0.8794631630616221,0.0,0.0,0.0,0.0,0.0,292.0,3.0,0.27070401540516,0.0,0.0,82.84615384615384,0.0,0.0,0.0,0.0,112.0,658.0,30.0,12,1,0.6799163179916318,217.2088089066985,391.5,0.0,0.0,0.0,0.0,1
146.0,4.0,0.6480634434602407,0.0,0.0,0.0,0.0,0.0,18.0,2.0,0.6365141682928128,0.0,0.0,74.04761904761905,0.0,0.0,0.0,0.0,188.0,104.0,14.0,13,1,0.6799163179916318,250.9734381695933,353.5,0.0,0.0,0.0,0.0,1
8.0,1.0,-1.000088900581841e-12,0.0,0.0,0.0,0.0,0.0,0.0,0.0,0.0,0.0,0.0,74.0,0.0,0.0,0.0,0.0,0.0,0.0,0.0,14,1,0.6799163179916318,307.8657716170041,282.0,0.0,0.0,0.0,0.0,1
2.0,1.0,-1.000088900581841e-12,0.0,0.0,0.0,0.0,0.0,0.0,0.0,0.0,0.0,0.0,73.66666666666667,0.0,0.0,0.0,0.0,0.0,0.0,0.0,14,1,0.6799163179916318,339.5776788895289,218.5,0.0,0.0,0.0,0.0,1
58.0,1.0,-1.000088900581841e-12,0.0,0.0,0.0,0.0,0.0,4.0,1.0,-1.000088900581841e-12,0.0,0.0,73.0,0.0,0.0,0.0,0.0,56.0,0.0,20.0,15,1,0.6799163179916318,66.58077800686908,53.5,0.0,0.0,0.0,0.0,1
14.0,1.0,-1.000088900581841e-12,0.0,0.0,0.0,0.0,0.0,0.0,0.0,0.0,0.0,0.0,73.0,0.0,0.0,0.0,0.0,0.0,0.0,0.0,15,1,0.6799163179916318,25.47547840571362,20.5,0.0,0.0,0.0,0.0,1
2.0,1.0,-1.000088900581841e-12,0.0,0.0,0.0,0.0,0.0,0.0,0.0,0.0,0.0,0.0,73.0,0.0,0.0,0.0,0.0,0.0,0.0,0.0,16,1,0.6799163179916318,26.608269391299785,19.0,0.0,0.0,0.0,0.0,1
0.0,0.0,0.0,0.0,0.0,0.0,0.0,0.0,0.0,0.0,0.0,0.0,0.0,72.5,0.0,0.0,0.0,0.0,0.0,0.0,0.0,16,1,0.6799163179916318,27.04933763822412,18.5,0.0,0.0,0.0,0.0,1
0.0,0.0,0.0,0.0,0.0,0.0,0.0,0.0,0.0,0.0,0.0,0.0,0.0,72.0,0.0,0.0,0.0,0.0,0.0,0.0,0.0,17,1,0.6799163179916318,6.733003292239986,4.0,0.0,0.0,0.0,0.0,1
0.0,0.0,0.0,0.0,0.0,0.0,0.0,0.0,0.0,0.0,0.0,0.0,0.0,72.0,0.0,0.0,0.0,0.0,0.0,0.0,0.0,17,1,0.6799163179916318,0.9999999999905764,0.5,0.0,0.0,0.0,0.0,1
0.0,0.0,0.0,0.0,0.0,0.0,0.0,0.0,0.0,0.0,0.0,0.0,0.0,72.0,0.0,0.0,0.0,0.0,0.0,0.0,0.0,18,1,0.6799163179916318,0.0,0.0,0.0,0.0,0.0,0.0,1
0.0,0.0,0.0,0.0,0.0,0.0,0.0,0.0,0.0,0.0,0.0,0.0,0.0,71.0,42.0,0.0,0.0,0.0,0.0,0.0,0.0,18,1,0.6799163179916318,0.0,0.0,0.0,0.0,0.0,0.0,1
0.0,0.0,0.0,0.0,0.0,0.0,0.0,0.0,0.0,0.0,0.0,0.0,0.0,71.0,0.0,0.0,0.0,0.0,0.0,0.0,0.0,19,1,0.6799163179916318,0.0,0.0,0.0,0.0,0.0,0.0,1
0.0,0.0,0.0,0.0,0.0,0.0,0.0,0.0,0.0,0.0,0.0,0.0,0.0,71.0,30.0,0.0,0.0,0.0,0.0,0.0,0.0,19,1,0.6799163179916318,0.0,0.0,0.0,0.0,0.0,0.0,1
0.0,0.0,0.0,0.0,0.0,0.0,0.0,0.0,0.0,0.0,0.0,0.0,0.0,71.0,0.0,0.0,0.0,0.0,0.0,0.0,0.0,20,1,0.6799163179916318,0.0,0.0,0.0,0.0,0.0,0.0,1
428.0,6.0,0.9313591798303512,0.0,0.0,0.0,50.0,0.0,1314.0,6.0,0.7788704171941488,0.0,0.0,67.83333333333333,0.0,0.0,0.0,0.0,110.0,256.0,16.0,21,0,0.6799163179916318,214.0,107.0,0.0,0.0,25.0,12.5,1
576.0,3.0,0.9011915091235648,0.0,0.0,0.0,0.0,0.0,120.0,4.0,0.8016225102129376,0.0,0.0,65.20689655172414,0.0,0.0,0.0,0.0,334.0,9120.0,92.0,21,0,0.6799163179916318,296.06080456554866,251.0,0.0,0.0,25.0,12.5,1
672.0,8.0,1.6334857551032054,0.0,0.0,0.0,0.0,0.0,88.0,4.0,1.2131935621287009,0.0,0.0,60.793103448275865,0.0,0.0,0.0,0.0,122.0,15876.0,22.0,22,0,0.6799163179916318,296.81644159311656,419.0,0.0,0.0,25.0,12.5,1
376.0,7.0,1.2633162370460125,0.0,0.0,0.0,0.0,0.0,40.0,3.0,0.8864644756767976,0.0,0.0,56.86666666666667,0.0,0.0,24.0,34.0,60.0,4722.0,20.0,22,0,0.6799163179916318,135.70065094415227,513.0,0.0,0.0,25.0,12.5,1
14.0,1.0,-1.000088900581841e-12,0.0,0.0,0.0,0.0,0.0,0.0,0.0,0.0,0.0,0.0,56.0,0.0,0.0,0.0,0.0,0.0,0.0,0.0,23,0,0.6799163179916318,291.07330119175595,409.5,0.0,0.0,0.0,0.0,1
4.0,1.0,-1.000088900581841e-12,0.0,0.0,0.0,0.0,0.0,0.0,0.0,0.0,0.0,0.0,56.0,24.0,0.0,0.0,0.0,0.0,0.0,0.0,23,0,0.6799163179916318,320.97923089612306,266.5,0.0,0.0,0.0,0.0,1
0.0,0.0,0.0,0.0,0.0,0.0,0.0,0.0,0.0,0.0,0.0,0.0,0.0,56.0,0.0,0.0,0.0,0.0,0.0,0.0,0.0,0,0,0.6799163179916318,185.0936699800041,98.5,0.0,0.0,0.0,0.0,1
0.0,0.0,0.0,0.0,0.0,0.0,0.0,0.0,0.0,0.0,0.0,0.0,0.0,56.0,44.0,0.0,0.0,0.0,0.0,0.0,0.0,0,0,0.6799163179916318,6.608075867200037,4.5,0.0,0.0,0.0,0.0,1
0.0,0.0,0.0,0.0,0.0,0.0,0.0,0.0,0.0,0.0,0.0,0.0,0.0,56.0,0.0,0.0,0.0,0.0,0.0,0.0,0.0,1,0,0.6799163179916318,2.000000000001213,1.0,0.0,0.0,0.0,0.0,1
0.0,0.0,0.0,0.0,0.0,0.0,0.0,0.0,0.0,0.0,0.0,0.0,0.0,56.0,0.0,0.0,0.0,0.0,0.0,0.0,0.0,1,0,0.6799163179916318,0.0,0.0,0.0,0.0,0.0,0.0,1
0.0,0.0,0.0,0.0,0.0,0.0,0.0,0.0,0.0,0.0,0.0,0.0,0.0,56.0,0.0,0.0,0.0,0.0,0.0,0.0,0.0,2,0,0.6799163179916318,0.0,0.0,0.0,0.0,0.0,0.0,1
0.0,0.0,0.0,0.0,0.0,0.0,0.0,0.0,0.0,0.0,0.0,0.0,0.0,56.0,50.0,0.0,0.0,0.0,0.0,0.0,0.0,2,0,0.6799163179916318,0.0,0.0,0.0,0.0,0.0,0.0,1
0.0,0.0,0.0,0.0,0.0,0.0,0.0,0.0,0.0,0.0,0.0,0.0,0.0,55.333333333333336,0.0,0.0,0.0,0.0,0.0,0.0,0.0,3,0,0.6799163179916318,0.0,0.0,0.0,0.0,0.0,0.0,1
0.0,0.0,0.0,0.0,0.0,0.0,0.0,0.0,0.0,0.0,0.0,0.0,0.0,55.0,0.0,0.0,0.0,0.0,0.0,0.0,0.0,5,0,0.6799163179916318,0.0,0.0,0.0,0.0,0.0,0.0,1
0.0,0.0,0.0,0.0,0.0,0.0,0.0,0.0,0.0,0.0,0.0,0.0,0.0,55.0,0.0,0.0,0.0,0.0,0.0,0.0,0.0,5,0,0.6799163179916318,0.0,0.0,0.0,0.0,0.0,0.0,1
0.0,0.0,0.0,0.0,0.0,0.0,0.0,0.0,0.0,0.0,0.0,0.0,0.0,55.0,46.0,0.0,0.0,0.0,0.0,0.0,0.0,6,0,0.6799163179916318,0.0,0.0,0.0,0.0,0.0,0.0,1
0.0,0.0,0.0,0.0,0.0,0.0,0.0,0.0,0.0,0.0,0.0,0.0,0.0,55.0,0.0,0.0,0.0,0.0,0.0,0.0,0.0,7,0,0.6799163179916318,0.0,0.0,0.0,0.0,0.0,0.0,1
56.0,1.0,-1.000088900581841e-12,0.0,0.0,0.0,0.0,0.0,4.0,1.0,-1.000088900581841e-12,0.0,0.0,54.0,0.0,0.0,0.0,0.0,62.0,0.0,0.0,7,0,0.6799163179916318,28.00000000000009,14.0,0.0,0.0,0.0,0.0,1
282.0,10.0,1.913561513339568,0.0,0.0,0.0,0.0,0.0,64.0,3.0,0.8647400965246372,0.0,0.0,52.77272727272727,0.0,90.0,28.0,26.0,370.0,5710.0,48.0,8,1,0.6799163179916318,134.28700607281408,84.5,0.0,0.0,0.0,0.0,1
236.0,4.0,1.0927353684077648,0.0,0.0,0.0,0.0,0.0,82.0,2.0,0.4935651920234654,0.0,0.0,50.0625,0.0,0.0,0.0,0.0,280.0,6428.0,34.0,8,1,0.6799163179916318,136.6101509161502,143.5,0.0,0.0,0.0,0.0,1
286.0,4.0,1.0528737536616255,0.0,0.0,0.0,0.0,0.0,90.0,4.0,0.8677282010725471,0.0,0.0,47.8125,0.0,0.0,0.0,0.0,308.0,11734.0,52.0,9,1,0.6799163179916318,108.40049200380348,215.0,0.0,0.0,0.0,0.0,1
28.0,3.0,0.8304717124332917,0.0,0.0,0.0,0.0,0.0,22.0,2.0,0.4741393130558373,0.0,0.0,46.0,0.0,0.0,0.0,0.0,192.0,120.0,18.0,9,1,0.6799163179916318,122.12561838806248,208.0,0.0,0.0,0.0,0.0,1
22.0,2.0,0.4741393130558373,0.0,0.0,0.0,0.0,0.0,8.0,2.0,0.6931471805579453,0.0,0.0,46.0,0.0,0.0,0.0,0.0,60.0,34.0,12.0,10,1,0.6799163179916318,137.79695207079146,143.0,0.0,0.0,0.0,0.0,1
210.0,5.0,1.41535626305091,0.0,0.0,0.0,0.0,0.0,68.0,2.0,0.6774944044467073,0.0,0.0,43.66666666666666,0.0,0.0,0.0,0.0,430.0,1722.0,58.0,10,1,0.6799163179916318,132.45754036671525,136.5,0.0,0.0,0.0,0.0,1
340.0,5.0,1.059292272131266,0.0,0.0,0.0,0.0,0.0,90.0,2.0,0.6199868019093608,0.0,0.0,41.9,0.0,0.0,0.0,0.0,432.0,7998.0,50.0,11,1,0.6799163179916318,153.80507143784305,150.0,0.0,0.0,0.0,0.0,1
292.0,6.0,1.2200792972767582,0.0,0.0,0.0,0.0,0.0,136.0,2.0,0.5276514634859361,0.0,0.0,39.47058823529412,0.0,0.0,0.0,0.0,532.0,7704.0,92.0,11,1,0.6799163179916318,140.0285685137144,216.0,0.0,0.0,0.0,0.0,1
482.0,7.0,1.3017213205319929,0.0,0.0,0.0,0.0,0.0,232.0,4.0,0.5490147027502407,0.0,0.0,36.27272727272727,0.0,0.0,0.0,0.0,188.0,14260.0,22.0,12,1,0.6799163179916318,114.08184196736424,331.0,0.0,0.0,0.0,0.0,1
56.0,2.0,0.6700089798254272,0.0,0.0,0.0,0.0,0.0,78.0,2.0,0.5074299622179486,0.0,0.0,33.333333333333336,0.0,0.0,0.0,0.0,256.0,1046.0,30.0,12,1,0.6799163179916318,177.10542999392575,292.5,0.0,0.0,0.0,0.0,1
626.0,8.0,1.0937897662982188,0.0,0.0,0.0,0.0,0.0,88.0,2.0,0.3046360973472382,0.0,0.0,30.666666666666668,0.0,0.0,0.0,0.0,192.0,5242.0,36.0,13,1,0.6799163179916318,246.7225161998799,364.0,0.0,0.0,0.0,0.0,1
208.0,6.0,1.5662387874414845,0.0,0.0,0.0,34.0,0.0,98.0,3.0,1.069492170852595,0.0,0.0,26.53333333333333,0.0,0.0,0.0,0.0,532.0,4176.0,52.0,13,1,0.6799163179916318,258.2014717231488,343.0,0.0,0.0,17.0,8.5,1
160.0,4.0,1.1034329096341922,0.0,0.0,0.0,0.0,0.0,66.0,3.0,0.8550080929256105,0.0,0.0,23.25,0.0,0.0,0.0,0.0,384.0,1982.0,28.0,14,1,0.6799163179916318,250.50016633394344,262.5,0.0,0.0,17.0,8.5,1
214.0,6.0,1.3990710414158145,0.0,0.0,0.0,0.0,0.0,30.0,3.0,0.9276173343241816,0.0,0.0,19.714285714285715,0.0,0.0,0.0,0.0,446.0,1400.0,36.0,14,1,0.6799163179916318,217.34764779035453,302.0,0.0,0.0,17.0,8.5,1
196.0,9.0,1.7440445360307728,0.0,0.0,0.0,0.0,0.0,68.0,3.0,1.0042149138776622,0.0,0.0,16.642857142857142,0.0,0.0,0.0,0.0,312.0,2358.0,24.0,15,1,0.6799163179916318,24.18677324489585,194.5,0.0,0.0,17.0,8.5,1
362.0,12.0,2.1040708759392284,0.0,0.0,0.0,0.0,0.0,78.0,4.0,0.6421508590694747,0.0,0.0,12.61111111111111,0.0,0.0,0.0,0.0,198.0,5900.0,6.0,15,1,0.6799163179916318,88.88194417315594,233.0,0.0,0.0,0.0,0.0,1
514.0,1.0,-1.000088900581841e-12,0.0,0.0,0.0,28.0,0.0,174.0,2.0,0.1864949244962942,0.0,56.0,25.857142857142858,0.0,0.0,0.0,0.0,62.0,14.0,18.0,16,1,0.6799163179916318,148.32734070291968,321.5,0.0,0.0,14.0,7.0,1
604.0,4.0,0.8080388985049087,0.0,0.0,0.0,0.0,0.0,86.0,3.0,0.7363141301682833,0.0,0.0,50.85714285714285,0.0,0.0,0.0,0.0,188.0,2472.0,30.0,16,1,0.6799163179916318,179.09773867919162,419.0,0.0,0.0,14.0,7.0,1
672.0,7.0,0.6942782451338196,0.0,0.0,0.0,0.0,0.0,134.0,2.0,0.2261453774912627,0.0,0.0,79.14285714285714,0.0,0.0,0.0,0.0,126.0,4488.0,24.0,17,1,0.6799163179916318,133.99502478326082,538.0,0.0,0.0,14.0,7.0,1
714.0,5.0,0.3119241456667605,0.0,0.0,0.0,0.0,0.0,88.0,5.0,1.001208656460362,0.0,0.0,95.93333333333334,0.0,0.0,0.0,0.0,60.0,1442.0,8.0,17,1,0.6799163179916318,87.34605505306664,626.0,0.0,0.0,14.0,7.0,1
718.0,3.0,0.0674514911878501,0.0,0.0,0.0,0.0,0.0,40.0,5.0,0.777661295757166,0.0,0.0,100.0,0.0,0.0,0.0,0.0,64.0,198.0,22.0,18,1,0.6799163179916318,52.9276235375569,677.0,0.0,0.0,0.0,0.0,1
134.0,5.0,1.2353128020850863,0.0,0.0,0.0,0.0,0.0,46.0,4.0,1.1680347446230388,0.0,0.0,100.0,0.0,0.0,0.0,0.0,4.0,912.0,4.0,18,1,0.6799163179916318,284.42866709715935,559.5,0.0,0.0,0.0,0.0,1
56.0,4.0,0.9921068275646908,0.0,0.0,0.0,0.0,0.0,36.0,3.0,0.6837389058457535,0.0,0.0,100.0,0.0,0.0,0.0,0.0,2.0,92.0,2.0,19,1,0.6799163179916318,359.94953349972087,405.5,0.0,0.0,0.0,0.0,1
100.0,3.0,0.8945510979948212,0.0,0.0,0.0,0.0,0.0,66.0,2.0,0.4741393130558373,0.0,0.0,100.0,0.0,0.0,0.0,0.0,6.0,690.0,6.0,19,1,0.6799163179916318,312.3032714099123,252.0,0.0,0.0,0.0,0.0,1
198.0,5.0,1.1942270671415227,0.0,0.0,0.0,0.0,0.0,100.0,2.0,0.2787693717665874,0.0,0.0,99.3846153846154,0.0,0.0,0.0,0.0,4.0,1150.0,4.0,20,1,0.6799163179916318,59.888785817268605,122.0,0.0,0.0,0.0,0.0,1
364.0,5.0,0.5019692311013659,0.0,0.0,0.0,0.0,0.0,136.0,2.0,0.3314977528511775,0.0,0.0,97.95,0.0,0.0,0.0,0.0,8.0,2458.0,8.0,20,1,0.6799163179916318,136.5711048013696,179.5,0.0,0.0,0.0,0.0,1
588.0,4.0,0.6332922981816492,0.0,0.0,0.0,0.0,0.0,168.0,2.0,0.5870111716872372,0.0,0.0,94.89285714285714,0.0,0.0,0.0,0.0,22.0,2502.0,22.0,21,0,0.6799163179916318,213.55639380110665,312.5,0.0,0.0,0.0,0.0,1
648.0,5.0,0.4398689158058015,0.0,0.0,0.0,0.0,0.0,296.0,2.0,0.3280420908565312,0.0,0.0,91.4,0.0,0.0,0.0,0.0,16.0,4550.0,16.0,21,0,0.6799163179916318,207.4825293850063,449.5,0.0,0.0,0.0,0.0,1
298.0,4.0,0.3540460830153387,0.0,0.0,0.0,0.0,0.0,100.0,2.0,0.5269079614293803,0.0,0.0,88.53333333333333,0.0,0.0,2.0,2.0,10.0,1390.0,10.0,22,0,0.6799163179916318,169.65356858413955,474.5,0.0,0.0,0.0,0.0,1
0.0,0.0,0.0,0.0,0.0,0.0,0.0,0.0,0.0,0.0,0.0,0.0,0.0,0.0,2.0,0.0,0.0,0.0,0.0,0.0,0.0,23,0,0.6799163179916318,297.8607056998288,383.5,0.0,0.0,0.0,0.0,1
0.0,0.0,0.0,0.0,0.0,0.0,0.0,0.0,0.0,0.0,0.0,0.0,0.0,0.0,2.0,0.0,0.0,0.0,0.0,0.0,0.0,0,0,0.6799163179916318,308.2093444397817,236.5,0.0,0.0,0.0,0.0,1
0.0,0.0,0.0,0.0,0.0,0.0,0.0,0.0,0.0,0.0,0.0,0.0,0.0,0.0,2.0,0.0,0.0,0.0,0.0,0.0,0.0,1,0,0.6799163179916318,149.0,74.5,0.0,0.0,0.0,0.0,1
0.0,0.0,0.0,0.0,0.0,0.0,0.0,0.0,0.0,0.0,0.0,0.0,0.0,0.0,2.0,0.0,0.0,0.0,0.0,0.0,0.0,5,0,0.6799163179916318,0.0,0.0,0.0,0.0,0.0,0.0,1
0.0,0.0,0.0,0.0,0.0,0.0,0.0,0.0,0.0,0.0,0.0,0.0,0.0,0.0,0.0,0.0,0.0,0.0,0.0,0.0,0.0,7,0,0.6799163179916318,0.0,0.0,0.0,0.0,0.0,0.0,1
362.0,7.0,1.724187330575559,0.0,0.0,0.0,0.0,0.0,74.0,5.0,1.400037057066777,0.0,0.0,83.05263157894737,0.0,2.0,0.0,2.0,6.0,1722.0,6.0,8,1,0.6799163179916318,181.0,90.5,0.0,0.0,0.0,0.0,1
52.0,5.0,1.4214203857995784,0.0,0.0,0.0,0.0,0.0,22.0,4.0,1.2636544318780965,0.0,0.0,81.57142857142857,0.0,0.0,0.0,0.0,2.0,36.0,2.0,8,1,0.6799163179916318,174.0679943776761,103.5,0.0,0.0,0.0,0.0,1
214.0,5.0,1.0846224203063273,0.0,0.0,0.0,0.0,0.0,78.0,4.0,0.6642802492580732,0.0,0.0,80.46153846153847,0.0,0.0,0.0,0.0,4.0,1822.0,4.0,9,1,0.6799163179916318,164.26401513011507,157.0,0.0,0.0,0.0,0.0,1
346.0,4.0,0.9361731834416552,0.0,0.0,0.0,0.0,0.0,58.0,2.0,0.6637254974702314,0.0,0.0,78.63157894736842,0.0,0.0,0.0,0.0,10.0,1976.0,10.0,9,1,0.6799163179916318,143.86451960090787,243.5,0.0,0.0,0.0,0.0,1
236.0,7.0,1.4273369445592266,0.0,0.0,0.0,2.0,0.0,44.0,2.0,0.6554817738993928,0.0,0.0,76.75,0.0,0.0,0.0,0.0,8.0,272.0,8.0,10,1,0.6799163179916318,121.29303360045049,212.0,0.0,0.0,1.0,0.5,1
350.0,4.0,0.658887416540434,0.0,0.0,0.0,2.0,0.0,94.0,2.0,0.3388856117065273,0.0,0.0,74.0,0.0,0.0,0.0,0.0,6.0,218.0,6.0,10,1,0.6799163179916318,71.59841711471938,286.5,0.0,0.0,1.1547005383792517,1.0,1
664.0,3.0,0.2867568327265694,0.0,0.0,0.0,0.0,0.0,82.0,2.0,0.1146652822009065,0.0,0.0,69.79310344827586,0.0,0.0,0.0,0.0,0.0,244.0,0.0,11,1,0.6799163179916318,184.39450461804265,399.0,0.0,0.0,1.1547005383792517,1.0,1
376.0,7.0,1.5371988931576137,0.0,0.0,0.0,0.0,0.0,76.0,3.0,0.7080189760532729,0.0,0.0,65.57894736842105,0.0,0.0,0.0,0.0,8.0,1314.0,8.0,11,1,0.6799163179916318,182.11626323130324,406.5,0.0,0.0,1.1547005383792517,1.0,1
110.0,6.0,1.3466201214435036,0.0,0.0,0.0,0.0,0.0,286.0,4.0,0.4274924852805488,0.0,0.0,63.36363636363637,0.0,0.0,0.0,0.0,8.0,430.0,6.0,12,1,0.6799163179916318,226.842088981153,375.0,0.0,0.0,1.0,0.5,1
50.0,3.0,1.068358338881637,0.0,0.0,0.0,0.0,0.0,64.0,2.0,0.3111291548098491,0.0,0.0,62.57142857142857,0.0,0.0,0.0,0.0,2.0,168.0,2.0,12,1,0.6799163179916318,280.99347560634453,300.0,0.0,0.0,0.0,0.0,1
174.0,7.0,1.7643871228623835,0.0,0.0,0.0,2.0,0.0,24.0,2.0,0.6791932659895258,0.0,0.0,61.583333333333336,0.0,2.0,2.0,0.0,6.0,412.0,6.0,13,1,0.6799163179916318,141.6886257490935,177.5,0.0,0.0,1.0,0.5,1
464.0,2.0,0.0870995231897752,0.0,0.0,0.0,2.0,0.0,12.0,2.0,0.6931471805579453,0.0,0.0,59.18181818181818,0.0,0.0,0.0,0.0,2.0,132.0,2.0,13,1,0.6799163179916318,183.4584421606158,199.5,0.0,0.0,1.1547005383792517,1.0,1
178.0,5.0,1.443834736379534,0.0,0.0,0.0,2.0,0.0,108.0,3.0,0.9888252503683348,0.0,0.0,56.833333333333336,0.0,0.0,0.0,0.0,18.0,308.0,10.0,14,1,0.6799163179916318,175.3729359583932,216.5,0.0,0.0,1.0,1.5,1
86.0,8.0,1.744989613092245,0.0,0.0,0.0,2.0,0.0,16.0,2.0,0.6615632381559821,0.0,0.0,54.77777777777778,0.0,0.0,0.0,0.0,6.0,154.0,4.0,14,1,0.6799163179916318,164.57115988734682,225.5,0.0,0.0,0.0,2.0,1
28.0,3.0,0.796311640170813,0.0,0.0,0.0,0.0,0.0,6.0,1.0,-1.000088900581841e-12,0.0,0.0,53.42857142857143,0.0,0.0,0.0,0.0,2.0,48.0,2.0,15,1,0.6799163179916318,193.45628274453463,189.0,0.0,0.0,1.0,1.5,1
260.0,6.0,1.2681284807398967,0.0,0.0,0.0,0.0,0.0,158.0,3.0,0.9714783504864274,0.0,0.0,51.75,0.0,0.0,0.0,0.0,26.0,806.0,12.0,15,1,0.6799163179916318,102.1241075032401,138.0,0.0,0.0,1.1547005383792517,1.0,1
464.0,2.0,0.2035609061687257,0.0,0.0,0.0,2.0,0.0,66.0,2.0,0.5167535907994583,0.0,0.0,47.85714285714285,0.0,0.0,0.0,0.0,8.0,122.0,8.0,16,1,0.6799163179916318,196.226909469624,209.5,0.0,0.0,1.1547005383792517,1.0,1
466.0,9.0,1.627250464675384,0.0,0.0,0.0,2.0,0.0,42.0,3.0,1.0986122886651095,0.0,0.0,42.47826086956522,0.0,0.0,0.0,0.0,6.0,902.0,6.0,16,1,0.6799163179916318,208.13056799358748,304.5,0.0,0.0,1.1547005383792517,1.0,1
228.0,6.0,1.3859667734176642,0.0,0.0,0.0,0.0,0.0,88.0,2.0,0.625491359723573,0.0,0.0,40.11764705882353,0.0,0.0,0.0,0.0,14.0,746.0,14.0,17,1,0.6799163179916318,128.26405056237184,354.5,0.0,0.0,1.1547005383792517,1.0,1
344.0,7.0,1.1650912120198975,0.0,0.0,0.0,0.0,0.0,72.0,2.0,0.5623351446168083,0.0,0.0,37.94736842105263,0.0,0.0,0.0,0.0,10.0,1778.0,10.0,17,1,0.6799163179916318,113.68230586448657,375.5,0.0,0.0,1.1547005383792517,1.0,1
384.0,5.0,0.8244080594413559,0.0,0.0,0.0,0.0,0.0,148.0,3.0,0.7115735685761375,0.0,0.0,35.08695652173913,0.0,0.0,0.0,0.0,22.0,1882.0,20.0,18,1,0.6799163179916318,99.01346709749474,355.5,0.0,0.0,1.0,0.5,1
440.0,4.0,0.8511007631959804,0.0,0.0,0.0,0.0,0.0,30.0,2.0,0.6365141682928128,0.0,0.0,32.13636363636363,0.0,0.0,0.0,0.0,6.0,264.0,6.0,18,1,0.6799163179916318,89.76264999059097,349.0,0.0,0.0,0.0,0.0,1
238.0,3.0,0.3450675819923567,0.0,0.0,0.0,0.0,0.0,12.0,2.0,0.4505612088643047,0.0,0.0,27.846153846153847,0.0,0.0,0.0,0.0,0.0,76.0,0.0,19,1,0.6799163179916318,85.29751852584384,351.5,0.0,0.0,0.0,0.0,1
12.0,1.0,-1.000088900581841e-12,0.0,0.0,0.0,0.0,0.0,46.0,1.0,-1.000088900581841e-12,0.0,0.0,27.0,0.0,0.0,0.0,0.0,0.0,0.0,0.0,19,1,0.6799163179916318,191.0279211703532,268.5,0.0,0.0,0.0,0.0,1
226.0,5.0,1.1376890686249972,0.0,0.0,0.0,0.0,0.0,80.0,2.0,0.5004024235361879,0.0,0.0,25.6,0.0,0.0,0.0,0.0,8.0,656.0,8.0,20,1,0.6799163179916318,174.83325389257809,229.0,0.0,0.0,0.0,0.0,1
406.0,4.0,0.4917239942679429,0.0,0.0,0.0,0.0,0.0,138.0,2.0,0.588519680311641,0.0,0.0,23.318181818181817,0.0,0.0,0.0,0.0,20.0,2062.0,20.0,20,1,0.6799163179916318,161.4713596895747,220.5,0.0,0.0,0.0,0.0,1
430.0,3.0,0.1261044807860924,0.0,0.0,0.0,0.0,0.0,78.0,2.0,0.652825793914348,0.0,0.0,21.045454545454547,0.0,0.0,0.0,0.0,14.0,1702.0,14.0,21,0,0.6799163179916318,193.72403051764127,268.5,0.0,0.0,0.0,0.0,1
278.0,5.0,0.6463871541857458,0.0,0.0,0.0,0.0,0.0,58.0,2.0,0.6637254974702314,0.0,0.0,18.866666666666667,0.0,0.0,2.0,2.0,10.0,1602.0,10.0,21,0,0.6799163179916318,98.65089964110824,335.0,0.0,0.0,0.0,0.0,1
208.0,1.0,-1.000088900581841e-12,0.0,0.0,0.0,0.0,0.0,0.0,0.0,0.0,0.0,2.0,26.8,0.0,0.0,0.0,0.0,2.0,0.0,0.0,22,0,0.6799163179916318,105.45615202537977,330.5,0.0,0.0,0.0,0.0,1
0.0,0.0,0.0,0.0,0.0,0.0,0.0,0.0,0.0,0.0,0.0,0.0,0.0,54.53333333333333,0.0,0.0,0.0,0.0,0.0,0.0,0.0,23,0,0.6799163179916318,178.5907799038536,229.0,0.0,0.0,0.0,0.0,1
0.0,0.0,0.0,0.0,0.0,0.0,0.0,0.0,0.0,0.0,0.0,0.0,0.0,82.16666666666667,0.0,0.0,0.0,0.0,0.0,0.0,0.0,23,0,0.6799163179916318,143.17704657753865,121.5,0.0,0.0,0.0,0.0,1
0.0,0.0,0.0,0.0,0.0,0.0,0.0,0.0,0.0,0.0,0.0,0.0,0.0,95.23333333333332,0.0,0.0,0.0,0.0,0.0,0.0,0.0,0,0,0.6799163179916318,104.00000000000006,52.0,0.0,0.0,0.0,0.0,1
0.0,0.0,0.0,0.0,0.0,0.0,0.0,0.0,0.0,0.0,0.0,0.0,0.0,100.0,0.0,0.0,0.0,0.0,0.0,0.0,0.0,0,0,0.6799163179916318,0.0,0.0,0.0,0.0,0.0,0.0,1
0.0,0.0,0.0,0.0,0.0,0.0,0.0,0.0,0.0,0.0,0.0,0.0,0.0,100.0,0.0,0.0,0.0,0.0,0.0,0.0,0.0,1,0,0.6799163179916318,0.0,0.0,0.0,0.0,0.0,0.0,1
0.0,0.0,0.0,0.0,0.0,0.0,0.0,0.0,0.0,0.0,0.0,0.0,0.0,100.0,0.0,0.0,0.0,0.0,0.0,0.0,0.0,1,0,0.6799163179916318,0.0,0.0,0.0,0.0,0.0,0.0,1
0.0,0.0,0.0,0.0,0.0,0.0,0.0,0.0,0.0,0.0,0.0,0.0,0.0,100.0,0.0,0.0,0.0,0.0,0.0,0.0,0.0,2,0,0.6799163179916318,0.0,0.0,0.0,0.0,0.0,0.0,1
0.0,0.0,0.0,0.0,0.0,0.0,0.0,0.0,0.0,0.0,0.0,0.0,0.0,100.0,0.0,0.0,0.0,0.0,0.0,0.0,0.0,2,0,0.6799163179916318,0.0,0.0,0.0,0.0,0.0,0.0,1
0.0,0.0,0.0,0.0,0.0,0.0,0.0,0.0,0.0,0.0,0.0,0.0,0.0,100.0,0.0,0.0,0.0,0.0,0.0,0.0,0.0,3,0,0.6799163179916318,0.0,0.0,0.0,0.0,0.0,0.0,1
0.0,0.0,0.0,0.0,0.0,0.0,0.0,0.0,0.0,0.0,0.0,0.0,0.0,100.0,0.0,0.0,0.0,0.0,0.0,0.0,0.0,3,0,0.6799163179916318,0.0,0.0,0.0,0.0,0.0,0.0,1
0.0,0.0,0.0,0.0,0.0,0.0,0.0,0.0,0.0,0.0,0.0,0.0,0.0,100.0,0.0,0.0,0.0,0.0,0.0,0.0,0.0,4,0,0.6799163179916318,0.0,0.0,0.0,0.0,0.0,0.0,1
0.0,0.0,0.0,0.0,0.0,0.0,0.0,0.0,0.0,0.0,0.0,0.0,0.0,100.0,0.0,0.0,0.0,0.0,0.0,0.0,0.0,4,0,0.6799163179916318,0.0,0.0,0.0,0.0,0.0,0.0,1
0.0,0.0,0.0,0.0,0.0,0.0,0.0,0.0,0.0,0.0,0.0,0.0,0.0,100.0,0.0,0.0,0.0,0.0,0.0,0.0,0.0,5,0,0.6799163179916318,0.0,0.0,0.0,0.0,0.0,0.0,1
0.0,0.0,0.0,0.0,0.0,0.0,0.0,0.0,0.0,0.0,0.0,0.0,0.0,100.0,0.0,0.0,0.0,0.0,0.0,0.0,0.0,5,0,0.6799163179916318,0.0,0.0,0.0,0.0,0.0,0.0,1
0.0,0.0,0.0,0.0,0.0,0.0,0.0,0.0,0.0,0.0,0.0,0.0,0.0,100.0,0.0,0.0,0.0,0.0,0.0,0.0,0.0,6,0,0.6799163179916318,0.0,0.0,0.0,0.0,0.0,0.0,1
0.0,0.0,0.0,0.0,0.0,0.0,0.0,0.0,0.0,0.0,0.0,0.0,0.0,100.0,0.0,0.0,0.0,0.0,0.0,0.0,0.0,6,0,0.6799163179916318,0.0,0.0,0.0,0.0,0.0,0.0,1
0.0,0.0,0.0,0.0,0.0,0.0,0.0,0.0,0.0,0.0,0.0,0.0,0.0,100.0,0.0,0.0,0.0,0.0,0.0,0.0,0.0,7,0,0.6799163179916318,0.0,0.0,0.0,0.0,0.0,0.0,1
24.0,1.0,-1.000088900581841e-12,0.0,0.0,0.0,0.0,0.0,4.0,1.0,-1.000088900581841e-12,0.0,0.0,100.0,0.0,0.0,0.0,0.0,4.0,0.0,0.0,7,0,0.6799163179916318,12.000000000000451,6.0,0.0,0.0,0.0,0.0,1
200.0,5.0,1.3534346112744673,0.0,0.0,0.0,0.0,0.0,160.0,3.0,0.5832353581389929,0.0,0.0,100.0,0.0,2.0,0.0,2.0,12.0,2088.0,8.0,8,1,0.6799163179916318,96.66436778875664,56.0,0.0,0.0,0.0,0.0,1
418.0,6.0,1.016732909879531,0.0,0.0,0.0,0.0,0.0,94.0,2.0,0.5441150530867387,0.0,0.0,100.0,0.0,0.0,0.0,0.0,24.0,2310.0,16.0,8,1,0.6799163179916318,193.4416363316509,160.5,0.0,0.0,0.0,0.0,1
474.0,6.0,0.5321588737340799,0.0,0.0,0.0,0.0,0.0,144.0,2.0,0.5623351446168083,0.0,0.0,98.28,0.0,2.0,4.0,0.0,36.0,5782.0,26.0,9,1,0.6799163179916318,207.05232832949903,279.0,0.0,0.0,0.0,0.0,1
510.0,5.0,0.4050291168453687,0.0,0.0,0.0,0.0,0.0,214.0,2.0,0.2886995437520368,0.0,0.0,95.43478260869566,0.0,0.0,0.0,0.0,16.0,5360.0,14.0,9,1,0.6799163179916318,138.9232401964001,400.5,0.0,0.0,0.0,0.0,1
260.0,4.0,1.071065669410612,0.0,0.0,0.0,0.0,0.0,90.0,2.0,0.6199868019093608,0.0,0.0,92.875,0.0,0.0,0.0,0.0,28.0,2118.0,14.0,10,1,0.6799163179916318,110.36152711278817,415.5,0.0,0.0,0.0,0.0,1
388.0,3.0,0.2640084556759443,0.0,0.0,0.0,0.0,0.0,144.0,2.0,0.5297061990556545,0.0,0.0,90.9,0.0,0.0,0.0,0.0,32.0,3108.0,22.0,10,1,0.6799163179916318,111.15154819734484,408.0,0.0,0.0,0.0,0.0,1
70.0,3.0,0.801402027258772,0.0,0.0,0.0,0.0,0.0,40.0,2.0,0.6931471805579453,0.0,0.0,89.375,0.0,0.0,0.0,0.0,24.0,140.0,14.0,11,1,0.6799163179916318,188.1028087686802,307.0,0.0,0.0,0.0,0.0,1
116.0,3.0,1.0714250995006434,0.0,0.0,0.0,0.0,0.0,48.0,2.0,0.6931471805579453,0.0,0.0,88.58333333333333,0.0,0.0,0.0,0.0,24.0,228.0,14.0,11,1,0.6799163179916318,144.46568219938376,208.5,0.0,0.0,0.0,0.0,1
58.0,3.0,0.8167753243444007,0.0,0.0,0.0,0.0,0.0,32.0,3.0,1.0821955300357673,0.0,0.0,88.0,0.0,0.0,0.0,0.0,12.0,1040.0,6.0,12,1,0.6799163179916318,155.35765188750764,158.0,0.0,0.0,0.0,0.0,1
12.0,1.0,-1.000088900581841e-12,0.0,0.0,0.0,0.0,0.0,0.0,0.0,0.0,0.0,0.0,87.5,0.0,0.0,0.0,0.0,4.0,0.0,0.0,12,1,0.6799163179916318,42.73952113286569,64.0,0.0,0.0,0.0,0.0,2
508.0,4.0,0.2412274418075582,0.0,0.0,0.0,0.0,0.0,44.0,2.0,0.3046360973472382,0.0,0.0,84.41666666666667,0.0,0.0,0.0,0.0,4.0,174.0,2.0,13,1,0.6799163179916318,227.02349364474745,173.5,0.0,0.0,0.0,0.0,1
136.0,4.0,0.9405981695436056,0.0,0.0,0.0,0.0,0.0,198.0,3.0,0.6350704908452851,0.0,0.0,81.5,0.0,0.0,0.0,0.0,36.0,464.0,24.0,13,1,0.6799163179916318,225.55043781824057,178.5,0.0,0.0,0.0,0.0,1
82.0,3.0,0.9671595357038558,0.0,0.0,0.0,0.0,0.0,74.0,2.0,0.443237908469039,0.0,0.0,80.22222222222223,0.0,0.0,0.0,0.0,12.0,68.0,8.0,14,1,0.6799163179916318,221.5603755187285,184.5,0.0,0.0,0.0,0.0,1
464.0,2.0,0.0870995231897752,0.0,0.0,0.0,0.0,0.0,8.0,1.0,-1.000088900581841e-12,0.0,0.0,77.72727272727273,0.0,0.0,0.0,0.0,8.0,90.0,6.0,14,1,0.6799163179916318,219.51081977888927,297.5,0.0,0.0,0.0,0.0,1
18.0,1.0,-1.000088900581841e-12,0.0,0.0,0.0,0.0,0.0,6.0,2.0,0.6365141682928128,0.0,0.0,76.0,0.0,0.0,0.0,0.0,4.0,4.0,2.0,15,1,0.6799163179916318,198.6118492604776,175.0,0.0,0.0,0.0,0.0,1
462.0,2.0,0.0693153716989415,0.0,0.0,0.0,0.0,0.0,2.0,1.0,-1.000088900581841e-12,0.0,0.0,74.0,0.0,0.0,0.0,0.0,4.0,182.0,2.0,15,1,0.6799163179916318,239.87427262352807,256.5,0.0,0.0,0.0,0.0,1
590.0,8.0,0.9018283190426216,0.0,0.0,0.0,0.0,0.0,40.0,3.0,0.8979457248537798,0.0,0.0,70.03846153846153,0.0,0.0,0.0,0.0,4.0,786.0,2.0,16,1,0.6799163179916318,250.9149922450497,383.5,0.0,0.0,0.0,0.0,1
116.0,4.0,1.0903926425691353,0.0,0.0,0.0,0.0,0.0,12.0,3.0,0.8675632284784613,0.0,0.0,67.11111111111111,0.0,0.0,0.0,0.0,0.0,504.0,0.0,16,1,0.6799163179916318,273.05371876854804,296.5,0.0,0.0,0.0,0.0,1
158.0,7.0,1.4885078250424046,0.0,0.0,0.0,0.0,0.0,36.0,4.0,1.276257364232179,0.0,0.0,66.18181818181819,0.0,0.0,0.0,0.0,4.0,922.0,2.0,17,1,0.6799163179916318,231.2249986485025,331.5,0.0,0.0,0.0,0.0,1
12.0,1.0,-1.000088900581841e-12,0.0,0.0,0.0,0.0,0.0,0.0,0.0,0.0,0.0,0.0,64.66666666666667,0.0,0.0,0.0,0.0,0.0,0.0,0.0,17,1,0.6799163179916318,254.83327883147444,219.0,0.0,0.0,0.0,0.0,1
10.0,1.0,-1.000088900581841e-12,0.0,0.0,0.0,0.0,0.0,16.0,1.0,-1.000088900581841e-12,0.0,0.0,63.833333333333336,0.0,0.0,0.0,0.0,0.0,0.0,0.0,18,1,0.6799163179916318,74.74400756359444,74.0,0.0,0.0,0.0,0.0,1
16.0,2.0,0.6615632381559821,0.0,0.0,0.0,0.0,0.0,16.0,2.0,0.5623351446168083,0.0,0.0,62.833333333333336,0.0,0.0,0.0,0.0,8.0,0.0,0.0,18,1,0.6799163179916318,72.70946751741937,49.0,0.0,0.0,0.0,0.0,1
98.0,2.0,0.6829081046984717,0.0,0.0,0.0,0.0,0.0,82.0,2.0,0.6420013838552223,0.0,0.0,61.66666666666666,0.0,0.0,4.0,4.0,28.0,414.0,18.0,19,1,0.6799163179916318,42.739521132865576,34.0,0.0,0.0,0.0,0.0,1
396.0,3.0,0.3361174888360305,0.0,0.0,0.0,0.0,0.0,44.0,3.0,0.4851045003879404,0.0,0.0,59.65,0.0,0.0,0.0,0.0,4.0,400.0,2.0,19,1,0.6799163179916318,181.82042422859607,130.0,0.0,0.0,0.0,0.0,1
12.0,1.0,-1.000088900581841e-12,0.0,0.0,0.0,0.0,0.0,8.0,1.0,-1.000088900581841e-12,0.0,0.0,58.0,0.0,0.0,0.0,0.0,0.0,0.0,0.0,20,1,0.6799163179916318,181.38265260676573,130.5,0.0,0.0,0.0,0.0,1
454.0,8.0,0.8647323951083383,0.0,0.0,0.0,0.0,0.0,84.0,3.0,0.5189139285780395,0.0,0.0,55.142857142857146,0.0,4.0,0.0,0.0,12.0,1446.0,6.0,20,1,0.6799163179916318,217.7766439879784,240.0,0.0,0.0,0.0,0.0,1
302.0,3.0,0.2066594927436301,0.0,0.0,0.0,0.0,0.0,132.0,2.0,0.535959889214217,0.0,0.0,51.89473684210526,0.0,2.0,2.0,8.0,30.0,1898.0,18.0,21,0,0.6799163179916318,196.2617300103784,291.0,0.0,0.0,0.0,0.0,1
262.0,6.0,1.0750002231853073,0.0,0.0,0.0,0.0,0.0,164.0,3.0,0.603289122679794,0.0,0.0,49.5625,0.0,0.0,0.0,0.0,24.0,2554.0,16.0,21,0,0.6799163179916318,183.37847928987372,257.5,0.0,0.0,0.0,0.0,1
386.0,4.0,0.526952562086447,0.0,0.0,0.0,0.0,0.0,88.0,2.0,0.6416366319585136,0.0,0.0,47.57142857142857,0.0,0.0,0.0,0.0,32.0,3406.0,18.0,22,0,0.6799163179916318,85.93796211996964,351.0,0.0,0.0,0.0,0.0,1
44.0,5.0,1.0318204422779809,0.0,0.0,0.0,0.0,0.0,16.0,2.0,0.5623351446168083,0.0,0.0,46.6,0.0,0.0,4.0,0.0,12.0,58.0,8.0,22,0,0.6799163179916318,145.79780519610028,248.5,0.0,0.0,0.0,0.0,1
0.0,0.0,0.0,0.0,0.0,0.0,0.0,0.0,0.0,0.0,0.0,0.0,0.0,0.0,4.0,0.0,0.0,0.0,0.0,0.0,0.0,23,0,0.6799163179916318,182.4463391429564,173.0,0.0,0.0,0.0,0.0,1
0.0,0.0,0.0,0.0,0.0,0.0,0.0,0.0,0.0,0.0,0.0,0.0,0.0,0.0,4.0,0.0,0.0,0.0,0.0,0.0,0.0,0,0,0.6799163179916318,186.82166184180392,107.5,0.0,0.0,0.0,0.0,1
0.0,0.0,0.0,0.0,0.0,0.0,0.0,0.0,0.0,0.0,0.0,0.0,0.0,0.0,4.0,0.0,0.0,0.0,0.0,0.0,0.0,2,0,0.6799163179916318,22.00000000000004,11.0,0.0,0.0,0.0,0.0,1
0.0,0.0,0.0,0.0,0.0,0.0,0.0,0.0,4.0,1.0,-1.000088900581841e-12,0.0,0.0,0.0,0.0,0.0,0.0,0.0,0.0,0.0,0.0,6,0,0.6799163179916318,0.0,0.0,0.0,0.0,0.0,0.0,1
92.0,5.0,1.2999144721625753,0.0,0.0,0.0,0.0,0.0,244.0,3.0,0.1627372533126109,0.0,0.0,45.0,0.0,4.0,0.0,4.0,8.0,754.0,6.0,6,0,0.6799163179916318,46.00000000000002,23.0,0.0,0.0,0.0,0.0,1
78.0,5.0,1.3484958770258204,0.0,0.0,0.0,0.0,0.0,6.0,1.0,-1.000088900581841e-12,0.0,0.0,44.0,0.0,0.0,0.0,0.0,4.0,178.0,2.0,7,0,0.6799163179916318,49.40647730814251,42.5,0.0,0.0,0.0,0.0,1
264.0,8.0,1.850640110529921,0.0,0.0,0.0,0.0,0.0,30.0,2.0,0.6365141682928128,0.0,0.0,39.70588235294117,0.0,0.0,0.0,0.0,24.0,718.0,14.0,8,1,0.6799163179916318,103.88936422945324,114.5,0.0,0.0,0.0,0.0,1
88.0,4.0,1.186263125182951,0.0,0.0,0.0,0.0,0.0,44.0,2.0,0.6554817738993928,0.0,0.0,38.0,0.0,0.0,0.0,2.0,16.0,344.0,10.0,8,1,0.6799163179916318,104.19692893746918,113.5,0.0,0.0,0.0,0.0,1
60.0,5.0,1.2284328136774365,0.0,0.0,0.0,0.0,0.0,26.0,2.0,0.6901856760168041,0.0,0.0,36.16666666666666,0.0,0.0,0.0,0.0,12.0,102.0,10.0,9,1,0.6799163179916318,106.60206376989144,109.0,0.0,0.0,0.0,0.0,1
46.0,4.0,1.122093468089276,0.0,0.0,0.0,0.0,0.0,24.0,2.0,0.6931471805579453,0.0,0.0,35.333333333333336,0.0,4.0,4.0,0.0,12.0,190.0,10.0,9,1,0.6799163179916318,101.18464969220052,114.5,0.0,0.0,0.0,0.0,1
20.0,3.0,0.8979457248537798,0.0,0.0,0.0,0.0,0.0,76.0,3.0,0.9591824302709716,0.0,0.0,35.0,0.0,0.0,0.0,0.0,4.0,18.0,2.0,10,1,0.6799163179916318,28.349015268024186,53.5,0.0,0.0,0.0,0.0,1
78.0,3.0,1.0928305535254883,0.0,0.0,0.0,0.0,0.0,64.0,2.0,0.3767701612544368,0.0,0.0,32.8,0.0,0.0,0.0,0.0,8.0,184.0,4.0,11,1,0.6799163179916318,24.46766573800345,51.0,0.0,0.0,0.0,0.0,1
0.0,0.0,0.0,0.0,0.0,0.0,0.0,0.0,0.0,0.0,0.0,0.0,0.0,0.0,4.0,0.0,0.0,0.0,0.0,0.0,0.0,12,1,0.6799163179916318,33.744135292916724,36.0,0.0,0.0,0.0,0.0,1
0.0,0.0,0.0,0.0,0.0,0.0,0.0,0.0,0.0,0.0,0.0,0.0,0.0,0.0,4.0,0.0,0.0,0.0,0.0,0.0,0.0,13,1,0.6799163179916318,36.89173349139345,24.5,0.0,0.0,0.0,0.0,1
0.0,0.0,0.0,0.0,0.0,0.0,0.0,0.0,0.0,0.0,0.0,0.0,0.0,0.0,4.0,0.0,0.0,0.0,0.0,0.0,0.0,15,1,0.6799163179916318,39.000000000000014,19.5,0.0,0.0,0.0,0.0,1
18.0,1.0,-1.000088900581841e-12,0.0,0.0,0.0,0.0,0.0,4.0,1.0,-1.000088900581841e-12,0.0,0.0,29.0,0.0,0.0,0.0,0.0,12.0,0.0,2.0,16,1,0.6799163179916318,9.000000000000021,4.5,0.0,0.0,0.0,0.0,1
74.0,4.0,1.176849090395307,0.0,0.0,0.0,0.0,0.0,128.0,6.0,1.0458478435070595,0.0,0.0,27.2,0.0,0.0,0.0,0.0,8.0,350.0,6.0,16,1,0.6799163179916318,35.04283093587048,23.0,0.0,0.0,0.0,0.0,1
12.0,1.0,-1.000088900581841e-12,0.0,0.0,0.0,0.0,0.0,8.0,1.0,-1.000088900581841e-12,0.0,0.0,27.0,0.0,0.0,0.0,0.0,0.0,0.0,0.0,17,1,0.6799163179916318,32.86335345030998,26.0,0.0,0.0,0.0,0.0,1
8.0,1.0,-1.000088900581841e-12,0.0,0.0,0.0,0.0,0.0,290.0,1.0,-1.000088900581841e-12,0.0,0.0,25.83333333333333,0.0,0.0,0.0,0.0,0.0,0.0,0.0,17,1,0.6799163179916318,30.94080369565946,28.0,0.0,0.0,0.0,0.0,1
0.0,0.0,0.0,0.0,0.0,0.0,0.0,0.0,4.0,1.0,-1.000088900581841e-12,0.0,0.0,25.0,4.0,0.0,0.0,0.0,0.0,0.0,0.0,18,1,0.6799163179916318,34.034296427770244,23.5,0.0,0.0,0.0,0.0,1
0.0,0.0,0.0,0.0,0.0,0.0,0.0,0.0,18.0,2.0,0.6869615765953234,0.0,0.0,25.0,0.0,0.0,0.0,0.0,0.0,0.0,0.0,18,1,0.6799163179916318,6.000000000000044,5.0,0.0,0.0,0.0,0.0,1
18.0,2.0,0.6869615765953234,0.0,0.0,0.0,0.0,0.0,44.0,2.0,0.3046360973472382,0.0,0.0,24.428571428571427,4.0,0.0,0.0,0.0,4.0,8.0,2.0,19,1,0.6799163179916318,8.544003745317564,6.5,0.0,0.0,0.0,0.0,1
164.0,3.0,0.9671595357038558,0.0,0.0,0.0,8.0,0.0,124.0,5.0,1.2183263914727085,0.0,0.0,22.066666666666663,0.0,0.0,0.0,0.0,28.0,152.0,18.0,19,1,0.6799163179916318,79.45438943192504,45.5,0.0,0.0,4.0,2.0,1
484.0,3.0,0.3408022265398817,0.0,0.0,0.0,0.0,0.0,22.0,2.0,0.6890092384746587,0.0,0.0,19.041666666666668,0.0,0.0,0.0,0.0,12.0,94.0,8.0,20,1,0.6799163179916318,224.04389450879188,166.5,0.0,0.0,4.0,2.0,1
336.0,5.0,1.0752921630714198,0.0,0.0,0.0,0.0,0.0,136.0,2.0,0.4659992569590426,0.0,0.0,14.77777777777778,0.0,0.0,0.0,4.0,24.0,2860.0,18.0,20,1,0.6799163179916318,202.78971045560144,250.5,0.0,0.0,4.0,2.0,1
456.0,5.0,1.121371080069871,0.0,0.0,0.0,0.0,0.0,380.0,4.0,1.0374192474529542,0.0,0.0,12.347826086956522,0.0,0.0,0.0,0.0,20.0,3756.0,10.0,21,0,0.6799163179916318,145.58388189173507,360.0,0.0,0.0,4.0,2.0,1
574.0,8.0,0.6581962209091903,0.0,0.0,0.0,0.0,0.0,358.0,5.0,1.0669825889958369,0.0,2.0,24.916666666666668,0.0,0.0,0.0,0.0,26.0,3552.0,18.0,21,0,0.6799163179916318,98.21574890684964,462.5,0.0,0.0,0.0,0.0,1
712.0,9.0,0.9514217316563782,0.0,0.0,0.0,0.0,0.0,122.0,5.0,1.05705175776844,0.0,0.0,47.2,0.0,0.0,0.0,0.0,28.0,4090.0,28.0,22,0,0.6799163179916318,160.96687029737933,519.5,0.0,0.0,0.0,0.0,1
662.0,6.0,0.9547196369586428,0.0,0.0,0.0,0.0,0.0,130.0,5.0,1.0280971746581156,0.0,4.0,68.64285714285714,0.0,4.0,8.0,4.0,12.0,1612.0,6.0,22,0,0.6799163179916318,112.24378230738073,601.0,0.0,0.0,0.0,0.0,1
718.0,1.0,-1.000088900581841e-12,0.0,0.0,0.0,0.0,0.0,0.0,0.0,0.0,0.0,0.0,92.13333333333334,0.0,0.0,0.0,0.0,0.0,0.0,0.0,23,0,0.6799163179916318,66.58077800686925,666.5,0.0,0.0,0.0,0.0,1
330.0,1.0,-1.000088900581841e-12,0.0,0.0,0.0,0.0,0.0,0.0,0.0,0.0,0.0,0.0,99.9,0.0,0.0,0.0,0.0,0.0,0.0,0.0,23,0,0.6799163179916318,185.37439593068584,605.5,0.0,0.0,0.0,0.0,1
0.0,0.0,0.0,0.0,0.0,0.0,0.0,0.0,0.0,0.0,0.0,0.0,0.0,100.0,0.0,0.0,0.0,0.0,0.0,0.0,0.0,0,0,0.6799163179916318,332.4870924812972,427.5,0.0,0.0,0.0,0.0,1
0.0,0.0,0.0,0.0,0.0,0.0,0.0,0.0,0.0,0.0,0.0,0.0,0.0,100.0,0.0,0.0,0.0,0.0,0.0,0.0,0.0,0,0,0.6799163179916318,341.4908490721237,262.0,0.0,0.0,0.0,0.0,1
0.0,0.0,0.0,0.0,0.0,0.0,0.0,0.0,0.0,0.0,0.0,0.0,0.0,100.0,0.0,0.0,0.0,0.0,0.0,0.0,0.0,1,0,0.6799163179916318,165.0,82.5,0.0,0.0,0.0,0.0,1
0.0,0.0,0.0,0.0,0.0,0.0,0.0,0.0,0.0,0.0,0.0,0.0,0.0,100.0,0.0,0.0,0.0,0.0,0.0,0.0,0.0,1,0,0.6799163179916318,0.0,0.0,0.0,0.0,0.0,0.0,1
0.0,0.0,0.0,0.0,0.0,0.0,0.0,0.0,0.0,0.0,0.0,0.0,0.0,100.0,0.0,0.0,0.0,0.0,0.0,0.0,0.0,2,0,0.6799163179916318,0.0,0.0,0.0,0.0,0.0,0.0,1
0.0,0.0,0.0,0.0,0.0,0.0,0.0,0.0,0.0,0.0,0.0,0.0,0.0,100.0,0.0,0.0,0.0,0.0,0.0,0.0,0.0,2,0,0.6799163179916318,0.0,0.0,0.0,0.0,0.0,0.0,1
0.0,0.0,0.0,0.0,0.0,0.0,0.0,0.0,0.0,0.0,0.0,0.0,0.0,100.0,0.0,0.0,0.0,0.0,0.0,0.0,0.0,3,0,0.6799163179916318,0.0,0.0,0.0,0.0,0.0,0.0,1
0.0,0.0,0.0,0.0,0.0,0.0,0.0,0.0,0.0,0.0,0.0,0.0,0.0,100.0,0.0,0.0,0.0,0.0,0.0,0.0,0.0,3,0,0.6799163179916318,0.0,0.0,0.0,0.0,0.0,0.0,1
0.0,0.0,0.0,0.0,0.0,0.0,0.0,0.0,0.0,0.0,0.0,0.0,0.0,100.0,0.0,0.0,0.0,0.0,0.0,0.0,0.0,4,0,0.6799163179916318,0.0,0.0,0.0,0.0,0.0,0.0,1
0.0,0.0,0.0,0.0,0.0,0.0,0.0,0.0,0.0,0.0,0.0,0.0,0.0,100.0,0.0,0.0,0.0,0.0,0.0,0.0,0.0,4,0,0.6799163179916318,0.0,0.0,0.0,0.0,0.0,0.0,1
0.0,0.0,0.0,0.0,0.0,0.0,0.0,0.0,0.0,0.0,0.0,0.0,0.0,100.0,0.0,0.0,0.0,0.0,0.0,0.0,0.0,5,0,0.6799163179916318,0.0,0.0,0.0,0.0,0.0,0.0,1
0.0,0.0,0.0,0.0,0.0,0.0,0.0,0.0,0.0,0.0,0.0,0.0,0.0,100.0,0.0,0.0,0.0,0.0,0.0,0.0,0.0,5,0,0.6799163179916318,0.0,0.0,0.0,0.0,0.0,0.0,1
0.0,0.0,0.0,0.0,0.0,0.0,0.0,0.0,0.0,0.0,0.0,0.0,0.0,100.0,0.0,0.0,0.0,0.0,0.0,0.0,0.0,6,0,0.6799163179916318,0.0,0.0,0.0,0.0,0.0,0.0,1
0.0,0.0,0.0,0.0,0.0,0.0,0.0,0.0,0.0,0.0,0.0,0.0,0.0,100.0,0.0,0.0,0.0,0.0,0.0,0.0,0.0,6,0,0.6799163179916318,0.0,0.0,0.0,0.0,0.0,0.0,1
0.0,0.0,0.0,0.0,0.0,0.0,0.0,0.0,0.0,0.0,0.0,0.0,0.0,100.0,0.0,0.0,0.0,0.0,0.0,0.0,0.0,7,0,0.6799163179916318,0.0,0.0,0.0,0.0,0.0,0.0,1
66.0,4.0,0.9481041342435728,0.0,0.0,0.0,0.0,0.0,44.0,2.0,0.6554817738993928,0.0,0.0,100.0,0.0,4.0,2.0,2.0,16.0,776.0,12.0,7,0,0.6799163179916318,33.0,16.5,0.0,0.0,0.0,0.0,1
356.0,5.0,0.8619874016284964,0.0,0.0,0.0,0.0,0.0,266.0,3.0,0.1519157671010091,0.0,0.0,100.0,0.0,0.0,0.0,0.0,8.0,2050.0,4.0,8,1,0.6799163179916318,169.8734823331764,105.5,0.0,0.0,0.0,0.0,1
244.0,6.0,1.5537550667076263,0.0,0.0,0.0,0.0,0.0,236.0,4.0,0.5342136079678004,0.0,0.0,99.57142857142856,0.0,4.0,0.0,0.0,20.0,178.0,12.0,8,1,0.6799163179916318,163.03271655304854,166.5,0.0,0.0,0.0,0.0,1
716.0,4.0,0.3629502785379107,0.0,0.0,0.0,0.0,0.0,170.0,2.0,0.1897623273948211,0.0,0.0,96.2,0.0,0.0,0.0,0.0,0.0,158.0,0.0,9,1,0.6799163179916318,274.34953374603475,345.5,0.0,0.0,0.0,0.0,1
430.0,10.0,1.318181707633844,0.0,0.0,0.0,0.0,0.0,24.0,2.0,0.6365141682928128,0.0,0.0,91.6818181818182,0.0,0.0,0.0,4.0,8.0,832.0,6.0,9,1,0.6799163179916318,201.4108570393695,436.5,0.0,0.0,0.0,0.0,1
356.0,8.0,1.4713149319747427,0.0,0.0,0.0,0.0,0.0,42.0,2.0,0.6920129648298738,0.0,0.0,87.21052631578948,0.0,0.0,0.0,0.0,16.0,2808.0,10.0,10,1,0.6799163179916318,201.4108570393695,436.5,0.0,0.0,0.0,0.0,1
102.0,3.0,1.0402668750934778,0.0,0.0,0.0,0.0,0.0,132.0,5.0,0.5373688017763971,0.0,0.0,85.4,0.0,0.0,0.0,0.0,4.0,618.0,2.0,10,1,0.6799163179916318,252.6473167612644,401.0,0.0,0.0,0.0,0.0,1
56.0,2.0,0.5982695885832573,0.0,0.0,0.0,0.0,0.0,228.0,2.0,0.0883197821980176,0.0,0.0,84.0,0.0,0.0,0.0,0.0,4.0,124.0,2.0,11,1,0.6799163179916318,184.7448691213552,236.0,0.0,0.0,0.0,0.0,1
116.0,4.0,1.2952767801234482,0.0,0.0,0.0,0.0,0.0,74.0,3.0,0.7762141041881065,0.0,0.0,82.83333333333333,0.0,0.0,0.0,0.0,44.0,252.0,4.0,11,1,0.6799163179916318,134.79243302203577,157.5,0.0,0.0,0.0,0.0,1
12.0,1.0,-1.000088900581841e-12,0.0,0.0,0.0,0.0,0.0,12.0,1.0,-1.000088900581841e-12,0.0,0.0,82.0,0.0,0.0,0.0,0.0,0.0,0.0,0.0,12,1,0.6799163179916318,47.22640504350646,71.5,0.0,0.0,0.0,0.0,1
28.0,3.0,1.0346012329071812,0.0,0.0,0.0,0.0,0.0,18.0,3.0,0.9950269901765214,0.0,0.0,81.42857142857143,0.0,0.0,0.0,0.0,4.0,80.0,2.0,12,1,0.6799163179916318,45.76752851822639,53.0,0.0,0.0,0.0,0.0,1
12.0,1.0,-1.000088900581841e-12,0.0,0.0,0.0,0.0,0.0,16.0,2.0,0.5623351446168083,0.0,0.0,80.33333333333333,0.0,0.0,0.0,0.0,0.0,0.0,0.0,13,1,0.6799163179916318,49.90657939256773,42.0,0.0,0.0,0.0,0.0,1
70.0,3.0,1.0789922078745833,0.0,0.0,0.0,0.0,0.0,22.0,3.0,0.7595473914718636,0.0,0.0,79.5,0.0,0.0,0.0,0.0,4.0,146.0,4.0,13,1,0.6799163179916318,27.39221300540233,30.5,0.0,0.0,0.0,0.0,1
32.0,3.0,0.9743147528663494,0.0,0.0,0.0,0.0,0.0,14.0,3.0,0.9556998911095343,0.0,0.0,78.25,0.0,0.0,0.0,0.0,20.0,2.0,4.0,14,1,0.6799163179916318,24.569628948493826,35.5,0.0,0.0,0.0,0.0,1
12.0,1.0,-1.000088900581841e-12,0.0,0.0,0.0,0.0,0.0,8.0,1.0,-1.000088900581841e-12,0.0,0.0,78.0,0.0,0.0,0.0,0.0,0.0,0.0,0.0,14,1,0.6799163179916318,27.34349404642109,31.5,0.0,0.0,0.0,0.0,1
74.0,3.0,1.007534155869752,0.0,0.0,0.0,0.0,0.0,24.0,4.0,1.2860573368703792,0.0,0.0,78.0,0.0,4.0,4.0,0.0,8.0,274.0,6.0,15,1,0.6799163179916318,30.044411571316648,47.0,0.0,0.0,0.0,0.0,1
368.0,3.0,0.5822443498118398,0.0,0.0,0.0,0.0,0.0,60.0,2.0,0.6108643020528935,0.0,0.0,76.0,0.0,0.0,4.0,4.0,16.0,94.0,8.0,15,1,0.6799163179916318,166.35203635663737,121.5,0.0,0.0,0.0,0.0,1
190.0,5.0,1.4262547128575995,0.0,0.0,0.0,0.0,0.0,118.0,3.0,0.5967055359123279,0.0,0.0,73.57142857142857,0.0,4.0,0.0,0.0,20.0,1268.0,10.0,16,1,0.6799163179916318,156.48216085760916,161.0,0.0,0.0,0.0,0.0,1
248.0,7.0,1.1630247545641317,0.0,0.0,0.0,0.0,0.0,110.0,4.0,0.9964406692691924,0.0,0.0,71.875,0.0,0.0,4.0,2.0,32.0,548.0,20.0,16,1,0.6799163179916318,122.343777937417,220.0,0.0,0.0,0.0,0.0,1
68.0,4.0,1.1499171377869295,0.0,0.0,0.0,0.0,0.0,78.0,3.0,0.8305178252842479,0.0,0.0,70.88888888888889,0.0,4.0,0.0,0.0,18.0,326.0,10.0,17,1,0.6799163179916318,124.74373731775076,218.5,0.0,0.0,0.0,0.0,1
112.0,3.0,1.056867476029946,0.0,0.0,0.0,0.0,0.0,68.0,3.0,1.0822819419242888,0.0,0.0,69.76923076923077,0.0,0.0,0.0,0.0,36.0,684.0,18.0,17,1,0.6799163179916318,80.1893592276016,154.5,0.0,0.0,0.0,0.0,1
626.0,8.0,1.2025036961799784,0.0,0.0,0.0,0.0,0.0,290.0,5.0,0.9993950356624672,0.0,0.0,66.44444444444444,0.0,0.0,4.0,4.0,30.0,1966.0,16.0,18,1,0.6799163179916318,253.5212022691593,263.5,0.0,0.0,0.0,0.0,1
260.0,11.0,1.9857855276133465,0.0,0.0,0.0,0.0,0.0,110.0,5.0,1.3648290151797626,0.0,0.0,62.6,0.0,6.0,0.0,0.0,30.0,1034.0,12.0,18,1,0.6799163179916318,253.3475873182928,266.5,0.0,0.0,0.0,0.0,1
62.0,4.0,1.0114856011211053,0.0,0.0,0.0,0.0,0.0,50.0,2.0,0.3669249912707096,0.0,0.0,60.75,0.0,0.0,0.0,0.0,12.0,392.0,8.0,19,1,0.6799163179916318,254.92744065714072,265.0,0.0,0.0,0.0,0.0,1
46.0,4.0,1.3625767802751412,0.0,0.0,0.0,0.0,0.0,10.0,2.0,0.5004024235361879,0.0,0.0,60.0,0.0,0.0,0.0,0.0,0.0,230.0,0.0,19,1,0.6799163179916318,269.831428858834,248.5,0.0,0.0,0.0,0.0,1
100.0,3.0,0.5939279028452127,0.0,0.0,0.0,0.0,0.0,56.0,2.0,0.5195798391285155,0.0,0.0,58.888888888888886,0.0,0.0,0.0,0.0,18.0,866.0,10.0,20,1,0.6799163179916318,97.98639361326316,117.0,0.0,0.0,0.0,0.0,1
516.0,5.0,0.2616786076653186,0.0,0.0,0.0,0.0,0.0,96.0,2.0,0.6365141682928128,0.0,0.0,56.73076923076923,0.0,0.0,0.0,0.0,48.0,5338.0,20.0,20,1,0.6799163179916318,224.47865525850483,181.0,0.0,0.0,0.0,0.0,1
336.0,4.0,0.3805131219003481,0.0,0.0,0.0,0.0,0.0,194.0,3.0,1.0939360684593038,0.0,0.0,54.1,0.0,0.0,0.0,0.0,60.0,2218.0,24.0,21,0,0.6799163179916318,217.7666947293212,249.5,0.0,0.0,0.0,0.0,1
528.0,7.0,0.431770449993336,0.0,0.0,0.0,0.0,0.0,90.0,2.0,0.6365141682928128,0.0,0.0,51.6,0.0,0.0,2.0,6.0,48.0,4358.0,20.0,21,0,0.6799163179916318,200.27980427392075,370.0,0.0,0.0,0.0,0.0,1
4.0,1.0,-1.000088900581841e-12,0.0,0.0,0.0,0.0,0.0,2.0,1.0,-1.000088900581841e-12,0.0,0.0,50.0,0.0,0.0,0.0,0.0,0.0,2.0,0.0,22,0,0.6799163179916318,244.32764886520724,346.0,0.0,0.0,0.0,0.0,1
0.0,0.0,0.0,0.0,0.0,0.0,0.0,0.0,0.0,0.0,0.0,0.0,0.0,0.0,6.0,0.0,0.0,0.0,0.0,0.0,0.0,23,0,0.6799163179916318,260.34592372457075,217.0,0.0,0.0,0.0,0.0,1
0.0,0.0,0.0,0.0,0.0,0.0,0.0,0.0,0.0,0.0,0.0,0.0,0.0,0.0,6.0,0.0,0.0,0.0,0.0,0.0,0.0,0,0,0.6799163179916318,263.34008430164977,133.0,0.0,0.0,0.0,0.0,1
0.0,0.0,0.0,0.0,0.0,0.0,0.0,0.0,0.0,0.0,0.0,0.0,0.0,0.0,6.0,0.0,0.0,0.0,0.0,0.0,0.0,2,0,0.6799163179916318,2.0000000000016183,1.0,0.0,0.0,0.0,0.0,1
0.0,0.0,0.0,0.0,0.0,0.0,0.0,0.0,0.0,0.0,0.0,0.0,0.0,0.0,4.0,0.0,0.0,0.0,0.0,0.0,0.0,5,0,0.6799163179916318,0.0,0.0,0.0,0.0,0.0,0.0,1
0.0,0.0,0.0,0.0,0.0,0.0,0.0,0.0,4.0,1.0,-1.000088900581841e-12,0.0,0.0,0.0,0.0,0.0,0.0,0.0,6.0,0.0,0.0,7,0,0.6799163179916318,0.0,0.0,0.0,0.0,0.0,0.0,1
134.0,5.0,1.4144004683449691,0.0,0.0,0.0,0.0,0.0,48.0,2.0,0.5623351446168083,0.0,0.0,47.5,0.0,6.0,0.0,6.0,20.0,1140.0,14.0,8,1,0.6799163179916318,67.00000000000004,33.5,0.0,0.0,0.0,0.0,1
32.0,3.0,0.7774621319079289,0.0,0.0,0.0,0.0,0.0,30.0,2.0,0.3926744672255522,0.0,0.0,47.0,0.0,0.0,0.0,0.0,8.0,264.0,4.0,8,1,0.6799163179916318,63.48490634263659,41.5,0.0,0.0,0.0,0.0,1
12.0,1.0,-1.000088900581841e-12,0.0,0.0,0.0,0.0,0.0,0.0,0.0,0.0,0.0,0.0,46.16666666666666,0.0,0.0,0.0,0.0,0.0,0.0,0.0,9,1,0.6799163179916318,61.10919188905496,44.5,0.0,0.0,0.0,0.0,1
6.0,1.0,-1.000088900581841e-12,0.0,0.0,0.0,0.0,0.0,8.0,1.0,-1.000088900581841e-12,0.0,0.0,46.0,4.0,0.0,0.0,0.0,0.0,0.0,0.0,9,1,0.6799163179916318,59.71041226899493,46.0,0.0,0.0,0.0,0.0,1
126.0,6.0,1.586945302943547,0.0,0.0,0.0,6.0,0.0,34.0,2.0,0.4659992569590426,0.0,0.0,44.72727272727273,0.0,0.0,0.0,0.0,16.0,810.0,6.0,10,1,0.6799163179916318,55.78530272392548,44.0,0.0,0.0,3.0,1.5,1
56.0,4.0,1.144717959153672,0.0,0.0,0.0,6.0,0.0,36.0,6.0,1.5325301285680828,0.0,0.0,42.5,0.0,0.0,0.0,0.0,24.0,92.0,4.0,10,1,0.6799163179916318,55.35341001239225,50.0,0.0,0.0,3.4641016151377544,3.0,1
202.0,4.0,0.7098986925527131,0.0,0.0,0.0,12.0,0.0,640.0,7.0,0.3336647849373583,0.0,0.0,39.57142857142857,0.0,0.0,0.0,0.0,56.0,340.0,8.0,11,1,0.6799163179916318,85.29751852584384,97.5,0.0,0.0,4.898979485566356,6.0,1
114.0,6.0,1.2721557635820022,0.0,0.0,0.0,4.0,0.0,78.0,6.0,1.512680623530525,0.0,0.0,36.38461538461539,0.0,6.0,14.0,8.0,88.0,312.0,28.0,11,1,0.6799163179916318,60.03054777916551,124.5,0.0,0.0,3.4641016151377544,7.0,1
180.0,9.0,1.7404290583388546,0.0,0.0,0.0,4.0,0.0,160.0,3.0,0.7989060088607887,0.0,0.0,32.714285714285715,0.0,0.0,0.0,0.0,56.0,394.0,24.0,12,1,0.6799163179916318,66.23191577077228,138.0,0.0,0.0,3.7859388972001824,6.5,1
30.0,2.0,0.6909233093118181,0.0,0.0,0.0,0.0,0.0,4.0,1.0,-1.000088900581841e-12,0.0,0.0,30.0,0.0,0.0,0.0,0.0,8.0,264.0,2.0,12,1,0.6799163179916318,77.31106001084196,131.5,0.0,0.0,5.033222956847166,5.0,1
12.0,1.0,-1.000088900581841e-12,0.0,0.0,0.0,0.0,0.0,12.0,1.0,-1.000088900581841e-12,0.0,0.0,30.0,0.0,0.0,0.0,0.0,0.0,0.0,0.0,13,1,0.6799163179916318,77.92303895511267,84.0,0.0,0.0,2.309401076758502,2.0,1
248.0,6.0,1.5118382154647492,0.0,0.0,0.0,0.0,0.0,76.0,2.0,0.5763341277547498,0.0,0.0,29.266666666666666,0.0,0.0,6.0,0.0,40.0,2700.0,14.0,13,1,0.6799163179916318,115.06954418959,117.5,0.0,0.0,1.9999999999999991,1.0,1
360.0,3.0,0.3937791310481806,0.0,0.0,0.0,0.0,0.0,24.0,2.0,0.6931471805579453,0.0,0.0,27.33333333333333,0.0,0.0,0.0,0.0,24.0,506.0,16.0,14,1,0.6799163179916318,169.82638193166574,162.5,0.0,0.0,0.0,0.0,1
12.0,1.0,-1.000088900581841e-12,0.0,0.0,0.0,0.0,0.0,0.0,0.0,0.0,0.0,0.0,26.0,0.0,0.0,0.0,0.0,0.0,0.0,0.0,14,1,0.6799163179916318,174.67684448718438,158.0,0.0,0.0,0.0,0.0,1
14.0,2.0,0.5982695885832573,0.0,0.0,0.0,0.0,0.0,22.0,2.0,0.3046360973472382,0.0,0.0,26.0,0.0,0.0,0.0,0.0,8.0,6.0,2.0,15,1,0.6799163179916318,174.12160501595812,158.5,0.0,0.0,0.0,0.0,1
346.0,8.0,1.7902045212290123,0.0,0.0,0.0,6.0,0.0,92.0,3.0,0.9799442382316204,0.0,0.0,23.1,0.0,0.0,0.0,0.0,64.0,2158.0,16.0,15,1,0.6799163179916318,196.38397762207248,183.0,0.0,0.0,3.0,1.5,1
246.0,5.0,1.3992808676566162,0.0,0.0,0.0,0.0,0.0,6.0,1.0,-1.000088900581841e-12,0.0,0.0,18.666666666666668,0.0,0.0,0.0,0.0,40.0,670.0,8.0,16,1,0.6799163179916318,168.41516162942892,154.5,0.0,0.0,3.0,1.5,1
354.0,12.0,2.0460059855577297,0.0,0.0,0.0,0.0,0.0,32.0,2.0,0.6853142072744584,0.0,0.0,14.5,0.0,0.0,0.0,0.0,24.0,1838.0,8.0,16,1,0.6799163179916318,158.47607600728466,240.0,0.0,0.0,3.0,1.5,1
258.0,5.0,1.2381051392793423,0.0,0.0,0.0,8.0,0.0,62.0,6.0,1.2587524426124752,0.0,6.0,14.583333333333334,0.0,0.0,0.0,0.0,30.0,3166.0,8.0,17,1,0.6799163179916318,56.88585061331158,301.0,0.0,0.0,4.12310562561766,3.5,1
628.0,2.0,0.1822543075257631,0.0,0.0,0.0,0.0,0.0,58.0,2.0,0.4011898621850057,0.0,0.0,35.57692307692308,0.0,0.0,0.0,0.0,24.0,276.0,12.0,17,1,0.6799163179916318,177.6991840161344,371.5,0.0,0.0,4.0,2.0,1
650.0,3.0,0.2434121405779291,0.0,0.0,0.0,0.0,0.0,122.0,2.0,0.2420361639901813,0.0,0.0,66.14285714285714,0.0,0.0,0.0,0.0,16.0,436.0,8.0,18,1,0.6799163179916318,196.41707325654423,472.5,0.0,0.0,4.0,2.0,1
504.0,3.0,0.2253103126134511,0.0,0.0,0.0,0.0,0.0,36.0,3.0,0.8544149815971842,0.0,0.0,89.3913043478261,0.0,6.0,0.0,0.0,8.0,98.0,4.0,18,1,0.6799163179916318,179.87402999506813,510.0,0.0,0.0,4.0,2.0,1
438.0,6.0,1.3458636557474146,0.0,0.0,0.0,0.0,0.0,90.0,3.0,0.5349884050734643,0.0,8.0,97.47619047619048,0.0,0.0,0.0,0.0,32.0,2400.0,14.0,19,1,0.6799163179916318,101.0676341202596,555.0,0.0,0.0,0.0,0.0,1
32.0,2.0,0.6210863745532451,0.0,0.0,0.0,0.0,0.0,28.0,2.0,0.5982695885832573,0.0,0.0,100.0,0.0,0.0,0.0,0.0,16.0,388.0,8.0,19,1,0.6799163179916318,264.60032753822003,406.0,0.0,0.0,0.0,0.0,1
40.0,3.0,1.039720770836918,0.0,0.0,0.0,0.0,0.0,82.0,4.0,1.1823545313366863,0.0,0.0,98.125,0.0,0.0,0.0,0.0,16.0,218.0,6.0,20,1,0.6799163179916318,252.60971213844223,253.5,0.0,0.0,0.0,0.0,1
298.0,6.0,1.086739223052979,0.0,0.0,0.0,0.0,0.0,82.0,2.0,0.6246435805582666,0.0,0.0,96.05882352941175,0.0,0.0,0.0,0.0,48.0,2164.0,20.0,20,1,0.6799163179916318,200.0466612234922,202.0,0.0,0.0,0.0,0.0,1
528.0,7.0,1.047521665724427,0.0,0.0,0.0,0.0,0.0,170.0,2.0,0.5455945739671844,0.0,0.0,93.6,0.0,0.0,0.0,0.0,80.0,3592.0,36.0,21,0,0.6799163179916318,237.07312514637053,224.5,0.0,0.0,0.0,0.0,1
536.0,2.0,0.1712504065579105,0.0,0.0,0.0,0.0,0.0,168.0,2.0,0.5982695885832573,0.0,0.0,90.11111111111111,0.0,0.0,0.0,0.0,96.0,4950.0,40.0,21,0,0.6799163179916318,234.57976610668416,350.5,0.0,0.0,0.0,0.0,1
398.0,4.0,0.3000513477545973,0.0,0.0,0.0,0.0,0.0,134.0,2.0,0.633009843067364,0.0,0.0,87.57894736842105,0.0,0.0,4.0,6.0,88.0,2956.0,34.0,22,0,0.6799163179916318,113.85370730312934,440.0,0.0,0.0,0.0,0.0,1
0.0,0.0,0.0,0.0,0.0,0.0,0.0,0.0,0.0,0.0,0.0,0.0,0.0,0.0,6.0,0.0,0.0,0.0,0.0,0.0,0.0,23,0,0.6799163179916318,251.7425934031293,365.5,0.0,0.0,0.0,0.0,1
0.0,0.0,0.0,0.0,0.0,0.0,0.0,0.0,0.0,0.0,0.0,0.0,0.0,0.0,6.0,0.0,0.0,0.0,0.0,0.0,0.0,0,0,0.6799163179916318,275.44569942791503,233.5,0.0,0.0,0.0,0.0,1
0.0,0.0,0.0,0.0,0.0,0.0,0.0,0.0,0.0,0.0,0.0,0.0,0.0,0.0,6.0,0.0,0.0,0.0,0.0,0.0,0.0,2,0,0.6799163179916318,198.99999999999991,99.5,0.0,0.0,0.0,0.0,1
0.0,0.0,0.0,0.0,0.0,0.0,0.0,0.0,0.0,0.0,0.0,0.0,0.0,0.0,6.0,0.0,0.0,0.0,0.0,0.0,0.0,6,0,0.6799163179916318,0.0,0.0,0.0,0.0,0.0,0.0,1
4.0,1.0,-1.000088900581841e-12,0.0,0.0,0.0,0.0,0.0,4.0,1.0,-1.000088900581841e-12,0.0,0.0,83.0,0.0,0.0,0.0,0.0,8.0,18.0,6.0,8,1,0.6799163179916318,1.999999999991504,1.0,0.0,0.0,0.0,0.0,1
206.0,7.0,1.3713213551546368,0.0,0.0,0.0,0.0,0.0,24.0,2.0,0.5623351446168083,0.0,0.0,82.0,0.0,8.0,0.0,8.0,16.0,2092.0,6.0,9,1,0.6799163179916318,102.35070428026684,52.5,0.0,0.0,0.0,0.0,1
40.0,3.0,0.9433483923260392,0.0,0.0,0.0,0.0,0.0,10.0,2.0,0.6730116670072565,0.0,0.0,80.5,0.0,0.0,0.0,0.0,8.0,112.0,2.0,9,1,0.6799163179916318,97.34303604607076,62.5,0.0,0.0,0.0,0.0,1
40.0,3.0,0.6390318596471769,0.0,0.0,0.0,0.0,0.0,22.0,2.0,0.5859526183015509,0.0,0.0,79.625,0.0,0.0,0.0,0.0,16.0,162.0,6.0,10,1,0.6799163179916318,90.60353193998546,72.5,0.0,0.0,0.0,0.0,1
594.0,8.0,1.362063755471675,0.0,0.0,0.0,8.0,0.0,44.0,3.0,1.0361987848162837,0.0,0.0,76.6923076923077,0.0,4.0,6.0,0.0,40.0,1078.0,4.0,10,1,0.6799163179916318,261.32482979362413,220.0,0.0,0.0,4.0,2.0,1
646.0,3.0,0.2849499695333017,0.0,0.0,0.0,0.0,0.0,34.0,2.0,0.2237180760638337,0.0,0.0,71.35714285714286,0.0,0.0,0.0,0.0,20.0,800.0,0.0,11,1,0.6799163179916318,335.53539306606683,330.0,0.0,0.0,4.0,2.0,1
188.0,6.0,1.2401391889865927,0.0,0.0,0.0,8.0,0.0,66.0,3.0,0.8396048998579716,0.0,0.0,68.21428571428571,0.0,0.0,0.0,0.0,50.0,644.0,12.0,11,1,0.6799163179916318,299.076355913781,367.0,0.0,0.0,4.618802153517006,4.0,1
84.0,4.0,1.3135908552143791,0.0,0.0,0.0,0.0,0.0,22.0,2.0,0.5859526183015509,0.0,0.0,67.0,0.0,0.0,0.0,0.0,20.0,562.0,4.0,12,1,0.6799163179916318,283.4407639466607,378.0,0.0,0.0,4.618802153517006,4.0,1
698.0,7.0,0.7135902312447425,0.0,0.0,0.0,0.0,0.0,22.0,2.0,0.5859526183015509,0.0,0.0,63.62068965517241,0.0,0.0,0.0,0.0,10.0,1996.0,2.0,12,1,0.6799163179916318,313.07932967008,404.0,0.0,0.0,4.0,2.0,1
126.0,7.0,0.9872385016197522,0.0,0.0,0.0,0.0,0.0,46.0,2.0,0.3872123751843606,0.0,0.0,59.16666666666666,0.0,0.0,0.0,0.0,70.0,80.0,4.0,13,1,0.6799163179916318,285.8764301815267,274.0,0.0,0.0,4.0,2.0,1
66.0,4.0,0.732190820945106,0.0,0.0,0.0,0.0,0.0,34.0,3.0,1.017602986112916,0.0,0.0,56.8,0.0,0.0,0.0,0.0,60.0,66.0,12.0,13,1,0.6799163179916318,304.0411156406317,243.5,0.0,0.0,0.0,0.0,1
12.0,1.0,-1.000088900581841e-12,0.0,0.0,0.0,0.0,0.0,8.0,1.0,-1.000088900581841e-12,0.0,0.0,56.0,0.0,0.0,0.0,0.0,0.0,0.0,0.0,14,1,0.6799163179916318,318.4226750719866,225.5,0.0,0.0,0.0,0.0,1
10.0,1.0,-1.000088900581841e-12,0.0,0.0,0.0,0.0,0.0,8.0,1.0,-1.000088900581841e-12,0.0,0.0,55.0,0.0,0.0,0.0,0.0,0.0,0.0,0.0,14,1,0.6799163179916318,54.85435260760956,53.5,0.0,0.0,0.0,0.0,1
0.0,0.0,0.0,0.0,0.0,0.0,0.0,0.0,0.0,0.0,0.0,0.0,0.0,54.5,8.0,0.0,0.0,0.0,0.0,0.0,0.0,15,1,0.6799163179916318,29.799328851502025,22.0,0.0,0.0,0.0,0.0,1
0.0,0.0,0.0,0.0,0.0,0.0,0.0,0.0,0.0,0.0,0.0,0.0,0.0,54.0,0.0,0.0,0.0,0.0,0.0,0.0,0.0,15,1,0.6799163179916318,6.403124237429803,5.5,0.0,0.0,0.0,0.0,1
18.0,2.0,0.5297061990556545,0.0,0.0,0.0,0.0,0.0,14.0,3.0,1.0789922078745833,0.0,0.0,54.0,0.0,0.0,0.0,0.0,10.0,22.0,2.0,16,1,0.6799163179916318,8.71779788707911,7.0,0.0,0.0,0.0,0.0,1
12.0,1.0,-1.000088900581841e-12,0.0,0.0,0.0,0.0,0.0,14.0,2.0,0.5982695885832573,0.0,0.0,54.0,0.0,0.0,0.0,0.0,0.0,0.0,0.0,16,1,0.6799163179916318,8.999999999997833,7.5,0.0,0.0,0.0,0.0,1
2.0,1.0,-1.000088900581841e-12,0.0,0.0,0.0,0.0,0.0,0.0,0.0,0.0,0.0,0.0,54.0,6.0,0.0,0.0,0.0,0.0,0.0,0.0,17,1,0.6799163179916318,8.485281374236271,8.0,0.0,0.0,0.0,0.0,1
0.0,0.0,0.0,0.0,0.0,0.0,0.0,0.0,0.0,0.0,0.0,0.0,0.0,54.0,0.0,0.0,0.0,0.0,0.0,0.0,0.0,17,1,0.6799163179916318,8.485281374236271,8.0,0.0,0.0,0.0,0.0,1
0.0,0.0,0.0,0.0,0.0,0.0,0.0,0.0,0.0,0.0,0.0,0.0,0.0,53.833333333333336,10.0,0.0,0.0,0.0,0.0,0.0,0.0,18,1,0.6799163179916318,5.744562646534633,3.5,0.0,0.0,0.0,0.0,1
0.0,0.0,0.0,0.0,0.0,0.0,0.0,0.0,0.0,0.0,0.0,0.0,0.0,53.0,0.0,0.0,0.0,0.0,0.0,0.0,0.0,18,1,0.6799163179916318,0.9999999999804892,0.5,0.0,0.0,0.0,0.0,1
0.0,0.0,0.0,0.0,0.0,0.0,0.0,0.0,0.0,0.0,0.0,0.0,0.0,53.0,0.0,0.0,0.0,0.0,0.0,0.0,0.0,19,1,0.6799163179916318,0.0,0.0,0.0,0.0,0.0,0.0,1
18.0,2.0,0.5297061990556545,0.0,0.0,0.0,0.0,0.0,10.0,2.0,0.6730116670072565,0.0,0.0,53.0,0.0,0.0,0.0,0.0,10.0,102.0,4.0,19,1,0.6799163179916318,8.999999999997833,4.5,0.0,0.0,0.0,0.0,1
12.0,1.0,-1.000088900581841e-12,0.0,0.0,0.0,0.0,0.0,0.0,0.0,0.0,0.0,0.0,53.0,0.0,0.0,0.0,0.0,0.0,0.0,0.0,20,1,0.6799163179916318,8.999999999997833,7.5,0.0,0.0,0.0,0.0,1
30.0,3.0,1.0851886129646506,0.0,0.0,0.0,0.0,0.0,34.0,3.0,0.9560443809641458,0.0,0.0,52.71428571428572,8.0,0.0,0.0,0.0,10.0,28.0,2.0,20,1,0.6799163179916318,12.489995996795235,15.0,0.0,0.0,0.0,0.0,1
446.0,6.0,0.9744565480014116,0.0,0.0,0.0,0.0,0.0,76.0,4.0,1.241090757662222,0.0,0.0,48.95238095238095,0.0,0.0,0.0,0.0,20.0,1190.0,2.0,21,0,0.6799163179916318,213.13141485947108,126.5,0.0,0.0,0.0,0.0,1
358.0,7.0,1.3399548658528868,0.0,0.0,0.0,0.0,0.0,266.0,5.0,1.1170998755294614,0.0,0.0,45.45,0.0,0.0,0.0,0.0,90.0,3300.0,34.0,21,0,0.6799163179916318,223.00597899309028,211.5,0.0,0.0,0.0,0.0,1
434.0,4.0,0.2781591575819047,0.0,0.0,0.0,0.0,0.0,244.0,2.0,0.3885623272581778,0.0,0.0,42.31818181818182,0.0,0.0,0.0,0.0,80.0,4814.0,28.0,22,0,0.6799163179916318,195.26050974702136,317.0,0.0,0.0,0.0,0.0,1
138.0,6.0,0.9819733434142168,0.0,0.0,0.0,0.0,0.0,18.0,2.0,0.6869615765953234,0.0,0.0,40.2,0.0,0.0,8.0,8.0,20.0,1474.0,4.0,22,0,0.6799163179916318,142.75386743155727,344.0,0.0,0.0,0.0,0.0,1
0.0,0.0,0.0,0.0,0.0,0.0,0.0,0.0,0.0,0.0,0.0,0.0,0.0,0.0,6.0,0.0,0.0,0.0,0.0,0.0,0.0,0,0,0.6799163179916318,199.44840602688865,232.5,0.0,0.0,0.0,0.0,1
0.0,0.0,0.0,0.0,0.0,0.0,0.0,0.0,0.0,0.0,0.0,0.0,0.0,0.0,8.0,0.0,0.0,0.0,0.0,0.0,0.0,1,0,0.6799163179916318,204.6167148597591,143.0,0.0,0.0,0.0,0.0,1
0.0,0.0,0.0,0.0,0.0,0.0,0.0,0.0,0.0,0.0,0.0,0.0,0.0,0.0,8.0,0.0,0.0,0.0,0.0,0.0,0.0,3,0,0.6799163179916318,68.99999999999969,34.5,0.0,0.0,0.0,0.0,1
0.0,0.0,0.0,0.0,0.0,0.0,0.0,0.0,0.0,0.0,0.0,0.0,0.0,0.0,0.0,0.0,0.0,0.0,0.0,0.0,0.0,6,0,0.6799163179916318,0.0,0.0,0.0,0.0,0.0,0.0,1
258.0,9.0,1.886759059795059,0.0,0.0,0.0,0.0,0.0,104.0,5.0,1.1715992244068865,0.0,0.0,36.85714285714285,0.0,6.0,0.0,14.0,30.0,3068.0,8.0,8,1,0.6799163179916318,128.99999999999983,64.5,0.0,0.0,0.0,0.0,1
220.0,4.0,0.917009675901137,0.0,0.0,0.0,0.0,0.0,46.0,3.0,0.9021825489018648,0.0,0.0,35.142857142857146,0.0,0.0,4.0,0.0,40.0,718.0,24.0,8,1,0.6799163179916318,138.85604055999852,119.5,0.0,0.0,0.0,0.0,1
292.0,7.0,1.375868108296986,0.0,0.0,0.0,0.0,0.0,136.0,3.0,0.3737156091445726,0.0,0.0,33.0625,0.0,4.0,0.0,0.0,30.0,3434.0,18.0,9,1,0.6799163179916318,131.65991543872906,192.5,0.0,0.0,0.0,0.0,1
18.0,1.0,-1.000088900581841e-12,0.0,0.0,0.0,0.0,0.0,4.0,1.0,-1.000088900581841e-12,0.0,0.0,31.714285714285715,0.0,0.0,0.0,0.0,10.0,4.0,4.0,9,1,0.6799163179916318,122.90375638414513,197.0,0.0,0.0,0.0,0.0,1
16.0,1.0,-1.000088900581841e-12,0.0,0.0,0.0,0.0,0.0,4.0,1.0,-1.000088900581841e-12,0.0,0.0,30.857142857142858,0.0,0.0,0.0,0.0,10.0,6.0,2.0,10,1,0.6799163179916318,141.0850807137309,136.5,0.0,0.0,0.0,0.0,1
302.0,7.0,1.518885121826433,0.0,0.0,0.0,10.0,0.0,66.0,3.0,0.9756868738593362,0.0,0.0,27.352941176470587,0.0,0.0,0.0,0.0,60.0,1296.0,10.0,11,1,0.6799163179916318,143.35503711647743,87.0,0.0,0.0,5.0,2.5,1
368.0,6.0,1.3699143196772514,0.0,0.0,0.0,6.0,0.0,58.0,4.0,1.0727396460598966,0.0,10.0,18.68421052631579,0.0,0.0,0.0,0.0,80.0,1592.0,14.0,12,1,0.6799163179916318,160.95133840180793,205.0,0.0,0.0,4.898979485566356,4.0,1
594.0,5.0,0.6044627135831924,0.0,0.0,0.0,0.0,0.0,54.0,3.0,0.5718327393953102,0.0,0.0,63.96153846153846,0.0,0.0,0.0,0.0,20.0,1828.0,12.0,13,1,0.6799163179916318,251.8802625587536,451.5,0.0,0.0,3.0,1.5,1
346.0,3.0,0.622273092794504,0.0,0.0,0.0,0.0,0.0,242.0,2.0,0.1452159355466665,0.0,0.0,88.72222222222223,0.0,0.0,0.0,0.0,20.0,196.0,6.0,14,1,0.6799163179916318,180.81574415225376,498.5,0.0,0.0,0.0,0.0,1
12.0,1.0,-1.000088900581841e-12,0.0,0.0,0.0,0.0,0.0,8.0,1.0,-1.000088900581841e-12,0.0,0.0,86.0,0.0,0.0,0.0,0.0,0.0,0.0,0.0,15,1,0.6799163179916318,186.21134945718703,186.0,0.0,0.0,0.0,0.0,1
0.0,0.0,0.0,0.0,0.0,0.0,0.0,0.0,24.0,1.0,-1.000088900581841e-12,0.0,0.0,85.0,6.0,0.0,0.0,0.0,0.0,0.0,0.0,16,1,0.6799163179916318,17.916472867167883,12.5,0.0,0.0,0.0,0.0,1
54.0,2.0,0.3488320958410319,0.0,0.0,0.0,0.0,0.0,186.0,3.0,0.2979282641914388,0.0,0.0,83.5,0.0,0.0,0.0,0.0,30.0,40.0,16.0,17,1,0.6799163179916318,26.99999999999931,13.5,0.0,0.0,0.0,0.0,1
32.0,3.0,0.7774621319079289,0.0,0.0,0.0,0.0,0.0,12.0,2.0,0.6365141682928128,0.0,0.0,80.125,0.0,0.0,0.0,0.0,20.0,288.0,8.0,18,1,0.6799163179916318,48.083261120684845,50.0,0.0,0.0,4.0,2.0,1
132.0,3.0,0.5598081711802035,0.0,0.0,0.0,0.0,0.0,18.0,2.0,0.3488320958410319,0.0,0.0,75.2,0.0,0.0,0.0,0.0,0.0,130.0,0.0,19,1,0.6799163179916318,140.57382402140152,159.5,0.0,0.0,4.0,2.0,2
420.0,5.0,1.053247558283261,0.0,0.0,0.0,0.0,0.0,66.0,2.0,0.6816244336227837,0.0,0.0,69.75,6.0,0.0,0.0,0.0,80.0,3718.0,20.0,20,1,0.6799163179916318,191.59331929897755,231.0,0.0,0.0,0.0,0.0,1
174.0,5.0,0.8788039844997704,0.0,0.0,0.0,0.0,0.0,114.0,3.0,0.6777084163770059,0.0,0.0,66.15384615384616,0.0,0.0,0.0,0.0,60.0,2250.0,16.0,21,0,0.6799163179916318,169.04733065032397,212.5,0.0,0.0,0.0,0.0,1
268.0,7.0,1.389880312136759,0.0,0.0,0.0,0.0,0.0,4.0,1.0,-1.000088900581841e-12,0.0,0.0,61.833333333333336,0.0,0.0,8.0,0.0,12.0,1846.0,2.0,22,0,0.6799163179916318,61.38403701289093,252.0,0.0,0.0,0.0,0.0,1
0.0,0.0,0.0,0.0,0.0,0.0,0.0,0.0,0.0,0.0,0.0,0.0,0.0,0.0,8.0,0.0,0.0,0.0,0.0,0.0,0.0,0,0,0.6799163179916318,171.73914327646244,147.5,0.0,0.0,0.0,0.0,1
0.0,0.0,0.0,0.0,0.0,0.0,0.0,0.0,0.0,0.0,0.0,0.0,0.0,0.0,8.0,0.0,0.0,0.0,0.0,0.0,0.0,2,0,0.6799163179916318,133.99999999999986,67.0,0.0,0.0,0.0,0.0,1
0.0,0.0,0.0,0.0,0.0,0.0,0.0,0.0,0.0,0.0,0.0,0.0,0.0,0.0,6.0,0.0,0.0,0.0,0.0,0.0,0.0,6,0,0.6799163179916318,0.0,0.0,0.0,0.0,0.0,0.0,1
44.0,4.0,1.0825348857594832,0.0,0.0,0.0,6.0,0.0,28.0,2.0,0.6829081046984717,0.0,0.0,44.0,0.0,0.0,0.0,0.0,64.0,192.0,14.0,11,1,0.6799163179916318,75.80677190506552,140.0,0.0,0.0,4.320493798938574,6.0,1
174.0,7.0,1.7458832125127624,0.0,0.0,0.0,4.0,0.0,16.0,3.0,0.7356219397557947,0.0,0.0,36.76923076923077,0.0,0.0,0.0,0.0,64.0,692.0,10.0,12,1,0.6799163179916318,90.34747736747624,172.0,0.0,0.0,3.4156502553198664,4.5,1
132.0,9.0,1.830237902527308,0.0,0.0,0.0,0.0,0.0,62.0,4.0,0.7499625679021092,0.0,0.0,33.0,0.0,0.0,0.0,0.0,158.0,1534.0,4.0,13,1,0.6799163179916318,97.32933781753556,140.5,0.0,0.0,2.0,1.0,1
52.0,3.0,0.7331710501139375,0.0,0.0,0.0,0.0,0.0,60.0,2.0,0.4505612088643047,0.0,0.0,29.7,0.0,0.0,0.0,0.0,64.0,690.0,8.0,14,1,0.6799163179916318,73.76313442363985,92.5,0.0,0.0,0.0,0.0,1
168.0,5.0,1.33166294809559,0.0,0.0,0.0,0.0,0.0,20.0,1.0,-1.000088900581841e-12,0.0,0.0,25.214285714285715,0.0,0.0,0.0,0.0,96.0,1374.0,16.0,15,1,0.6799163179916318,193.65260993163324,224.0,0.0,0.0,0.0,0.0,1
326.0,7.0,1.0344762573041653,0.0,0.0,0.0,0.0,0.0,198.0,4.0,0.6984945082702909,0.0,0.0,21.157894736842103,0.0,0.0,0.0,0.0,142.0,3576.0,38.0,16,1,0.6799163179916318,153.79098369757128,296.5,0.0,0.0,0.0,0.0,1
300.0,5.0,0.3874076001625733,0.0,0.0,0.0,0.0,0.0,28.0,2.0,0.6829081046984717,0.0,14.0,19.47058823529412,0.0,0.0,0.0,0.0,80.0,402.0,14.0,17,1,0.6799163179916318,59.78851617716092,277.0,0.0,0.0,0.0,0.0,1
672.0,2.0,0.2868359830541607,0.0,0.0,0.0,0.0,0.0,142.0,2.0,0.2167702581143255,0.0,0.0,73.35714285714286,0.0,0.0,0.0,0.0,32.0,1310.0,26.0,18,1,0.6799163179916318,231.1500234335556,495.5,0.0,0.0,0.0,0.0,1
278.0,3.0,0.3507713242227407,0.0,0.0,0.0,24.0,0.0,90.0,3.0,0.9683760381500022,0.0,0.0,99.86666666666666,0.0,0.0,0.0,0.0,112.0,1686.0,18.0,19,1,0.6799163179916318,206.0962558288399,585.5,0.0,0.0,12.0,6.0,1
92.0,5.0,1.185483376442024,0.0,0.0,0.0,0.0,0.0,40.0,3.0,0.8864644756767976,0.0,0.0,97.6,0.0,0.0,0.0,0.0,32.0,520.0,8.0,20,1,0.6799163179916318,295.17452464601337,264.0,0.0,0.0,12.0,6.0,1
516.0,3.0,0.1086585311388235,0.0,0.0,0.0,0.0,0.0,130.0,2.0,0.6901856760168041,0.0,0.0,92.65384615384616,0.0,0.0,0.0,0.0,240.0,4558.0,68.0,21,0,0.6799163179916318,257.89662011485655,273.0,0.0,0.0,0.0,0.0,1
158.0,4.0,1.0758452623182193,0.0,0.0,0.0,0.0,0.0,84.0,2.0,0.5982695885832573,0.0,0.0,87.55555555555556,0.0,0.0,6.0,0.0,96.0,1656.0,28.0,22,0,0.6799163179916318,188.7105367134189,432.5,0.0,0.0,0.0,0.0,1
0.0,0.0,0.0,0.0,0.0,0.0,0.0,0.0,0.0,0.0,0.0,0.0,0.0,0.0,8.0,0.0,0.0,0.0,0.0,0.0,0.0,23,0,0.6799163179916318,280.85286776768595,314.5,0.0,0.0,0.0,0.0,1
0.0,0.0,0.0,0.0,0.0,0.0,0.0,0.0,0.0,0.0,0.0,0.0,0.0,0.0,8.0,0.0,0.0,0.0,0.0,0.0,0.0,0,0,0.6799163179916318,275.91000948376865,185.5,0.0,0.0,0.0,0.0,1
0.0,0.0,0.0,0.0,0.0,0.0,0.0,0.0,0.0,0.0,0.0,0.0,0.0,0.0,12.0,0.0,0.0,0.0,0.0,0.0,0.0,2,0,0.6799163179916318,78.99999999999973,39.5,0.0,0.0,0.0,0.0,1
0.0,0.0,0.0,0.0,0.0,0.0,0.0,0.0,0.0,0.0,0.0,0.0,0.0,0.0,12.0,0.0,0.0,0.0,0.0,0.0,0.0,6,0,0.6799163179916318,0.0,0.0,0.0,0.0,0.0,0.0,1
156.0,8.0,1.75459704741359,0.0,0.0,0.0,0.0,0.0,44.0,2.0,0.6554817738993928,0.0,0.0,82.33333333333333,0.0,14.0,6.0,6.0,64.0,1566.0,24.0,8,1,0.6799163179916318,77.99999999999973,39.0,0.0,0.0,0.0,0.0,1
304.0,5.0,0.620360443200473,0.0,0.0,0.0,0.0,0.0,204.0,4.0,0.9044282040628804,0.0,0.0,77.84210526315789,0.0,0.0,0.0,0.0,208.0,2736.0,46.0,9,1,0.6799163179916318,166.73731835834857,209.0,0.0,0.0,0.0,0.0,1
182.0,7.0,1.354102560803171,0.0,0.0,0.0,0.0,0.0,38.0,3.0,1.045978165696395,0.0,0.0,74.14285714285714,0.0,0.0,0.0,0.0,64.0,1826.0,14.0,10,1,0.6799163179916318,105.48301601047736,253.0,0.0,0.0,0.0,0.0,1
232.0,5.0,0.8954025621042496,0.0,0.0,0.0,0.0,0.0,192.0,2.0,0.3767701612544368,0.0,0.0,71.0,0.0,0.0,0.0,8.0,94.0,1182.0,24.0,11,1,0.6799163179916318,50.81994359173004,169.0,0.0,0.0,0.0,0.0,1
140.0,3.0,0.7120255815547467,0.0,0.0,0.0,0.0,0.0,20.0,2.0,0.6730116670072565,0.0,0.0,68.36363636363636,0.0,0.0,0.0,0.0,32.0,694.0,12.0,12,1,0.6799163179916318,65.43189843901284,141.0,0.0,0.0,0.0,0.0,1
10.0,1.0,-1.000088900581841e-12,0.0,0.0,0.0,0.0,0.0,2.0,1.0,-1.000088900581841e-12,0.0,0.0,67.0,0.0,0.0,0.0,0.0,0.0,0.0,0.0,13,1,0.6799163179916318,62.1905673447881,60.5,0.0,0.0,0.0,0.0,1
24.0,3.0,1.0114042647043515,0.0,0.0,0.0,0.0,0.0,22.0,5.0,1.4681399390112089,0.0,0.0,66.57142857142857,0.0,0.0,0.0,0.0,16.0,38.0,4.0,14,1,0.6799163179916318,9.848857801793937,11.5,0.0,0.0,0.0,0.0,1
6.0,1.0,-1.000088900581841e-12,0.0,0.0,0.0,0.0,0.0,0.0,0.0,0.0,0.0,0.0,65.0,0.0,0.0,0.0,0.0,0.0,0.0,0.0,15,1,0.6799163179916318,10.246950765957514,10.5,0.0,0.0,0.0,0.0,1
0.0,0.0,0.0,0.0,0.0,0.0,0.0,0.0,0.0,0.0,0.0,0.0,0.0,64.0,0.0,0.0,0.0,0.0,0.0,0.0,0.0,16,1,0.6799163179916318,5.744562646534322,4.5,0.0,0.0,0.0,0.0,1
12.0,1.0,-1.000088900581841e-12,0.0,0.0,0.0,0.0,0.0,0.0,0.0,0.0,0.0,0.0,62.833333333333336,0.0,0.0,0.0,0.0,0.0,0.0,0.0,17,1,0.6799163179916318,9.797958971130535,8.0,0.0,0.0,0.0,0.0,1
18.0,2.0,0.3488320958410319,0.0,0.0,0.0,0.0,0.0,8.0,2.0,0.6931471805579453,0.0,0.0,62.0,0.0,0.0,0.0,0.0,16.0,0.0,6.0,18,1,0.6799163179916318,8.082903768652118,13.0,0.0,0.0,0.0,0.0,1
116.0,4.0,1.0557315112338497,0.0,0.0,0.0,0.0,0.0,124.0,4.0,1.0374932668100776,0.0,0.0,57.45454545454545,0.0,0.0,4.0,6.0,48.0,832.0,14.0,19,1,0.6799163179916318,163.30339861741996,123.0,0.0,0.0,0.0,0.0,1
244.0,5.0,1.1712691932665995,0.0,0.0,0.0,0.0,0.0,80.0,3.0,0.746032664711785,0.0,0.0,54.6875,0.0,0.0,0.0,10.0,80.0,2908.0,22.0,20,1,0.6799163179916318,129.9846144741752,196.0,0.0,0.0,0.0,0.0,1
570.0,7.0,0.9152341924214464,0.0,0.0,0.0,0.0,0.0,98.0,3.0,0.7711958844903962,0.0,0.0,49.25925925925926,0.0,0.0,0.0,0.0,128.0,6692.0,18.0,21,0,0.6799163179916318,208.66160803239924,302.5,0.0,0.0,0.0,0.0,1
594.0,5.0,0.5010998340238185,0.0,0.0,0.0,0.0,0.0,202.0,2.0,0.383932582967159,0.0,0.0,40.76923076923077,0.0,0.0,8.0,0.0,96.0,12552.0,18.0,22,0,0.6799163179916318,159.1173571089379,549.5,0.0,0.0,0.0,0.0,1
0.0,0.0,0.0,0.0,0.0,0.0,0.0,0.0,0.0,0.0,0.0,0.0,0.0,0.0,12.0,0.0,0.0,0.0,0.0,0.0,0.0,2,0,0.6799163179916318,296.99999999999994,148.5,0.0,0.0,0.0,0.0,1
0.0,0.0,0.0,0.0,0.0,0.0,0.0,0.0,0.0,0.0,0.0,0.0,0.0,0.0,12.0,0.0,0.0,0.0,0.0,0.0,0.0,6,0,0.6799163179916318,0.0,0.0,0.0,0.0,0.0,0.0,1
0.0,0.0,0.0,0.0,0.0,0.0,0.0,0.0,4.0,1.0,-1.000088900581841e-12,0.0,0.0,0.0,0.0,0.0,0.0,0.0,0.0,0.0,0.0,7,0,0.6799163179916318,0.0,0.0,0.0,0.0,0.0,0.0,1
162.0,6.0,1.765456056777246,0.0,0.0,0.0,0.0,0.0,272.0,4.0,0.3423530926633298,0.0,0.0,36.63636363636363,0.0,10.0,0.0,8.0,62.0,1834.0,20.0,8,1,0.6799163179916318,80.99999999999976,40.5,0.0,0.0,0.0,0.0,1
62.0,3.0,0.7784649914194222,0.0,0.0,0.0,0.0,0.0,34.0,3.0,0.9560443809641458,0.0,0.0,33.22222222222222,0.0,0.0,0.0,0.0,48.0,700.0,12.0,9,1,0.6799163179916318,120.78079317507384,125.0,0.0,0.0,0.0,0.0,1
296.0,5.0,0.996081405587422,0.0,0.0,0.0,0.0,0.0,130.0,3.0,0.7172673000016334,0.0,0.0,29.294117647058822,0.0,0.0,8.0,0.0,128.0,3526.0,30.0,10,1,0.6799163179916318,106.9205312369891,204.0,0.0,0.0,0.0,0.0,1
500.0,4.0,0.4397909705025207,0.0,0.0,0.0,0.0,0.0,62.0,4.0,0.8488328447917536,0.0,12.0,28.96,0.0,0.0,0.0,0.0,64.0,906.0,18.0,11,1,0.6799163179916318,148.081058883302,360.0,0.0,0.0,0.0,0.0,1
658.0,7.0,1.1724896320008755,0.0,0.0,0.0,0.0,0.0,8.0,1.0,-1.000088900581841e-12,0.0,0.0,77.81481481481481,0.0,0.0,0.0,0.0,64.0,1390.0,6.0,12,1,0.6799163179916318,106.29518646988028,572.0,0.0,0.0,5.0,2.5,1
676.0,4.0,0.1454131996852449,0.0,0.0,0.0,0.0,0.0,28.0,3.0,0.9556998911095343,0.0,0.0,100.0,0.0,16.0,0.0,0.0,16.0,348.0,12.0,13,1,0.6799163179916318,11.888369666749677,672.0,0.0,0.0,5.773502691896258,5.0,1
28.0,2.0,0.5195798391285155,0.0,0.0,0.0,0.0,0.0,8.0,1.0,-1.000088900581841e-12,0.0,0.0,100.0,0.0,0.0,0.0,0.0,32.0,436.0,12.0,14,1,0.6799163179916318,362.11600351268646,368.0,0.0,0.0,5.0,2.5,1
46.0,4.0,1.1305109960423718,0.0,0.0,0.0,0.0,0.0,24.0,2.0,0.6365141682928128,0.0,0.0,100.0,0.0,0.0,0.0,0.0,32.0,116.0,8.0,15,1,0.6799163179916318,28.16025568065653,43.5,0.0,0.0,0.0,0.0,1
532.0,5.0,0.8991363591403173,0.0,0.0,0.0,22.0,0.0,3336.0,4.0,0.059061797030269,0.0,0.0,96.375,0.0,0.0,0.0,0.0,32.0,396.0,6.0,16,1,0.6799163179916318,246.8163959977807,162.5,0.0,0.0,11.0,5.5,2
20.0,2.0,0.3250829733894482,0.0,0.0,0.0,0.0,0.0,6.0,1.0,-1.000088900581841e-12,0.0,0.0,92.0,0.0,0.0,0.0,0.0,16.0,14.0,4.0,17,1,0.6799163179916318,236.8262372852016,183.0,0.0,0.0,11.0,5.5,1
40.0,3.0,1.0104127537775416,0.0,0.0,0.0,0.0,0.0,4.0,1.0,-1.000088900581841e-12,0.0,0.0,91.0,0.0,0.0,0.0,0.0,14.0,168.0,8.0,18,1,0.6799163179916318,49.38285802448674,53.0,0.0,0.0,0.0,0.0,1
16.0,1.0,-1.000088900581841e-12,0.0,0.0,0.0,0.0,0.0,4.0,1.0,-1.000088900581841e-12,0.0,0.0,90.0,0.0,0.0,0.0,0.0,16.0,0.0,10.0,19,1,0.6799163179916318,12.47664484813986,23.5,0.0,0.0,0.0,0.0,1
440.0,4.0,0.6804759467209146,0.0,0.0,0.0,0.0,0.0,56.0,3.0,0.7059182060840963,0.0,0.0,85.95454545454545,0.0,0.0,0.0,0.0,64.0,784.0,14.0,20,1,0.6799163179916318,200.8473715702215,157.5,0.0,0.0,6.0,3.0,1
416.0,7.0,1.1515419097839683,0.0,0.0,0.0,0.0,0.0,144.0,2.0,0.3488320958410319,0.0,0.0,78.66666666666667,0.0,0.0,0.0,0.0,64.0,9226.0,22.0,21,0,0.6799163179916318,126.62806429329407,332.0,0.0,0.0,6.0,3.0,1
530.0,5.0,0.4789336195177772,0.0,0.0,0.0,0.0,0.0,78.0,2.0,0.666278442412676,0.0,0.0,72.24,0.0,0.0,0.0,0.0,126.0,7200.0,20.0,22,0,0.6799163179916318,113.68230586448632,453.5,0.0,0.0,0.0,0.0,1
68.0,4.0,1.2129996613480234,0.0,0.0,0.0,0.0,0.0,16.0,2.0,0.6615632381559821,0.0,0.0,66.0,0.0,0.0,18.0,0.0,18.0,680.0,8.0,23,0,0.6799163179916318,273.14709102118087,463.0,0.0,0.0,0.0,0.0,1
0.0,0.0,0.0,0.0,0.0,0.0,0.0,0.0,0.0,0.0,0.0,0.0,0.0,0.0,14.0,0.0,0.0,0.0,0.0,0.0,0.0,0,0,0.6799163179916318,342.2138707494675,323.5,0.0,0.0,0.0,0.0,1
0.0,0.0,0.0,0.0,0.0,0.0,0.0,0.0,0.0,0.0,0.0,0.0,0.0,0.0,14.0,0.0,0.0,0.0,0.0,0.0,0.0,1,0,0.6799163179916318,338.18929610500675,191.0,0.0,0.0,0.0,0.0,1
0.0,0.0,0.0,0.0,0.0,0.0,0.0,0.0,0.0,0.0,0.0,0.0,0.0,0.0,14.0,0.0,0.0,0.0,0.0,0.0,0.0,3,0,0.6799163179916318,33.999999999998664,17.0,0.0,0.0,0.0,0.0,1
238.0,8.0,1.5458873101421144,0.0,0.0,0.0,0.0,0.0,124.0,4.0,1.0428609371458948,0.0,0.0,56.86666666666667,0.0,18.0,6.0,10.0,90.0,3080.0,22.0,9,1,0.6799163179916318,118.03389343743562,61.0,0.0,0.0,0.0,0.0,1
434.0,7.0,1.3000747436450013,0.0,0.0,0.0,0.0,0.0,158.0,2.0,0.4671443694545147,0.0,0.0,52.43478260869565,0.0,0.0,0.0,0.0,126.0,7828.0,24.0,10,1,0.6799163179916318,175.28167806894874,231.5,0.0,0.0,0.0,0.0,1
24.0,3.0,0.7214636866895117,0.0,0.0,0.0,0.0,0.0,8.0,1.0,-1.000088900581841e-12,0.0,0.0,48.57142857142857,0.0,0.0,0.0,0.0,36.0,98.0,16.0,11,1,0.6799163179916318,169.7291960742168,222.0,0.0,0.0,0.0,0.0,1
192.0,4.0,0.811275492844487,0.0,0.0,0.0,0.0,0.0,114.0,4.0,0.9455265905226105,0.0,0.0,43.69230769230769,0.0,0.0,0.0,0.0,144.0,2440.0,38.0,12,1,0.6799163179916318,78.33262411026406,140.0,0.0,0.0,0.0,0.0,1
104.0,3.0,0.7843782712717492,0.0,0.0,0.0,0.0,0.0,30.0,2.0,0.5799151714161009,0.0,0.0,37.81818181818182,0.0,2.0,2.0,0.0,4.0,530.0,4.0,13,1,0.6799163179916318,73.11178655547447,121.0,0.0,0.0,0.0,0.0,1
54.0,5.0,1.0839409531185122,0.0,0.0,0.0,0.0,0.0,82.0,2.0,0.6246435805582666,0.0,0.0,33.63636363636363,0.0,0.0,0.0,0.0,16.0,286.0,14.0,14,1,0.6799163179916318,35.03807452852668,54.5,0.0,0.0,0.0,0.0,1
94.0,5.0,1.2295295387052383,0.0,0.0,0.0,0.0,0.0,58.0,2.0,0.6637254974702314,0.0,0.0,31.33333333333333,0.0,0.0,0.0,0.0,14.0,358.0,12.0,15,1,0.6799163179916318,29.28025500799569,53.0,0.0,0.0,0.0,0.0,1
60.0,3.0,0.8110053415646061,0.0,0.0,0.0,0.0,0.0,86.0,2.0,0.6310051928026935,0.0,0.0,25.615384615384617,0.0,0.0,0.0,0.0,14.0,278.0,14.0,16,1,0.6799163179916318,31.005375877954727,53.0,0.0,0.0,0.0,0.0,1
40.0,3.0,0.8451132568399528,0.0,0.0,0.0,0.0,0.0,38.0,2.0,0.4361623253833442,0.0,0.0,23.444444444444443,0.0,0.0,0.0,0.0,4.0,358.0,4.0,17,1,0.6799163179916318,13.892443989447044,40.5,0.0,0.0,0.0,0.0,1
696.0,6.0,0.9849510028293332,0.0,0.0,0.0,0.0,0.0,462.0,3.0,0.4614534125655647,0.0,0.0,31.03333333333333,0.0,0.0,0.0,0.0,8.0,758.0,8.0,18,1,0.6799163179916318,323.2542858700148,212.0,0.0,0.0,0.0,0.0,1
702.0,6.0,0.9251170137173692,0.0,0.0,0.0,0.0,0.0,68.0,3.0,1.0082797836332418,0.0,0.0,86.93103448275862,0.0,0.0,0.0,0.0,14.0,284.0,6.0,19,1,0.6799163179916318,313.80407900471903,548.5,0.0,0.0,0.0,0.0,1
422.0,1.0,-1.000088900581841e-12,0.0,0.0,0.0,0.0,0.0,8.0,1.0,-1.000088900581841e-12,0.0,0.0,100.0,0.0,0.0,0.0,0.0,0.0,0.0,0.0,20,1,0.6799163179916318,139.19291169692016,629.0,0.0,0.0,0.0,0.0,1
82.0,4.0,1.1216497325039343,0.0,0.0,0.0,4.0,0.0,98.0,3.0,1.005446138940318,0.0,0.0,100.0,0.0,0.0,0.0,0.0,16.0,452.0,10.0,21,0,0.6799163179916318,289.12742288940115,314.0,0.0,0.0,2.0,1.0,1
28.0,4.0,1.1709971261122123,0.0,0.0,0.0,0.0,0.0,20.0,2.0,0.5004024235361879,0.0,0.0,98.2,0.0,0.0,2.0,2.0,2.0,78.0,2.0,22,0,0.6799163179916318,25.370586644116223,59.5,0.0,0.0,2.0,1.0,1
0.0,0.0,0.0,0.0,0.0,0.0,0.0,0.0,0.0,0.0,0.0,0.0,0.0,0.0,2.0,0.0,0.0,0.0,0.0,0.0,0.0,23,0,0.6799163179916318,34.679484809705706,40.0,0.0,0.0,2.0,1.0,1
0.0,0.0,0.0,0.0,0.0,0.0,0.0,0.0,0.0,0.0,0.0,0.0,0.0,0.0,2.0,0.0,0.0,0.0,0.0,0.0,0.0,0,0,0.6799163179916318,24.24183711410108,19.5,0.0,0.0,0.0,0.0,1
0.0,0.0,0.0,0.0,0.0,0.0,0.0,0.0,0.0,0.0,0.0,0.0,0.0,0.0,2.0,0.0,0.0,0.0,0.0,0.0,0.0,2,0,0.6799163179916318,13.999999999997922,7.0,0.0,0.0,0.0,0.0,1
0.0,0.0,0.0,0.0,0.0,0.0,0.0,0.0,0.0,0.0,0.0,0.0,0.0,0.0,0.0,0.0,0.0,0.0,0.0,0.0,0.0,7,0,0.6799163179916318,0.0,0.0,0.0,0.0,0.0,0.0,1
62.0,5.0,1.466790354963285,0.0,0.0,0.0,0.0,0.0,146.0,2.0,0.2840900943715547,0.0,0.0,94.25,0.0,2.0,0.0,2.0,6.0,440.0,6.0,8,1,0.6799163179916318,30.999999999999066,15.5,0.0,0.0,0.0,0.0,1
40.0,2.0,0.6730116670072565,0.0,0.0,0.0,0.0,0.0,198.0,4.0,0.5249627244519796,0.0,0.0,90.0,0.0,0.0,0.0,0.0,10.0,618.0,8.0,9,1,0.6799163179916318,29.23468259903993,41.0,0.0,0.0,0.0,0.0,1
48.0,4.0,1.2130075659759043,0.0,0.0,0.0,2.0,0.0,66.0,4.0,1.129175755871705,0.0,0.0,87.44444444444444,0.0,2.0,2.0,0.0,12.0,138.0,4.0,10,1,0.6799163179916318,15.86400537905256,43.5,0.0,0.0,1.0,0.5,1
58.0,2.0,0.6877868229901127,0.0,0.0,0.0,2.0,0.0,64.0,4.0,0.8497986406639184,0.0,0.0,81.58333333333333,0.0,0.0,0.0,0.0,16.0,460.0,8.0,11,1,0.6799163179916318,14.329456840134425,44.0,0.0,0.0,1.1547005383792517,1.0,1
64.0,3.0,0.8949225152933781,0.0,0.0,0.0,0.0,0.0,88.0,3.0,0.7924891052643698,0.0,0.0,77.81818181818181,0.0,0.0,0.0,0.0,14.0,198.0,14.0,12,1,0.6799163179916318,11.704699910717142,51.5,0.0,0.0,1.0,0.5,1
50.0,5.0,1.4886798728356396,0.0,0.0,0.0,0.0,0.0,40.0,2.0,0.6730116670072565,0.0,0.0,74.5,0.0,0.0,0.0,0.0,8.0,208.0,8.0,13,1,0.6799163179916318,22.06052281036441,41.0,0.0,0.0,0.0,0.0,1
72.0,3.0,0.4964152005041168,0.0,0.0,0.0,0.0,0.0,146.0,2.0,0.5427290092268839,0.0,0.0,70.0,0.0,0.0,0.0,0.0,16.0,882.0,16.0,14,1,0.6799163179916318,25.57994005726509,41.5,0.0,0.0,0.0,0.0,1
12.0,1.0,-1.000088900581841e-12,0.0,0.0,0.0,0.0,0.0,0.0,0.0,0.0,0.0,0.0,65.83333333333333,0.0,0.0,0.0,0.0,0.0,0.0,0.0,15,1,0.6799163179916318,25.73583752927569,35.5,0.0,0.0,0.0,0.0,1
18.0,4.0,1.002718264513516,0.0,0.0,0.0,0.0,0.0,12.0,3.0,1.0986122886651095,0.0,0.0,63.833333333333336,0.0,0.0,0.0,0.0,2.0,18.0,2.0,16,1,0.6799163179916318,6.806859285549783,20.5,0.0,0.0,0.0,0.0,1
40.0,4.0,1.2968441295092077,0.0,0.0,0.0,0.0,0.0,4.0,1.0,-1.000088900581841e-12,0.0,0.0,60.42857142857143,0.0,0.0,0.0,0.0,2.0,148.0,2.0,17,1,0.6799163179916318,15.055453054179692,34.0,0.0,0.0,0.0,0.0,1
126.0,5.0,1.2786283209493114,0.0,0.0,0.0,0.0,0.0,74.0,3.0,1.0024374473172597,0.0,0.0,52.5,0.0,0.0,0.0,0.0,22.0,184.0,12.0,18,1,0.6799163179916318,38.03507153492167,73.0,0.0,0.0,0.0,0.0,1
138.0,5.0,0.7867510862104926,0.0,0.0,0.0,0.0,0.0,52.0,3.0,0.5359610497060694,0.0,0.0,43.57142857142857,0.0,0.0,0.0,0.0,4.0,126.0,2.0,19,1,0.6799163179916318,28.999999999999,108.5,0.0,0.0,0.0,0.0,1
68.0,5.0,1.107581893355182,0.0,0.0,0.0,0.0,0.0,52.0,3.0,1.0382400185663472,0.0,0.0,34.27272727272727,0.0,0.0,0.0,0.0,16.0,72.0,6.0,20,1,0.6799163179916318,33.58571124749246,92.0,0.0,0.0,0.0,0.0,1
36.0,4.0,1.002718264513516,0.0,0.0,0.0,0.0,0.0,70.0,3.0,1.0827565298265394,0.0,0.0,29.0,0.0,0.0,0.0,0.0,10.0,142.0,10.0,21,0,0.6799163179916318,30.41929212413193,70.0,0.0,0.0,0.0,0.0,1
230.0,3.0,0.3714710613155043,0.0,0.0,0.0,0.0,0.0,142.0,2.0,0.5335989651573098,0.0,0.0,21.45833333333333,0.0,0.0,0.0,0.0,16.0,1772.0,16.0,22,0,0.6799163179916318,82.73652961862297,136.0,0.0,0.0,0.0,0.0,1
16.0,1.0,-1.000088900581841e-12,0.0,0.0,0.0,0.0,0.0,0.0,0.0,0.0,0.0,2.0,16.0,0.0,0.0,0.0,0.0,2.0,0.0,0.0,23,0,0.6799163179916318,91.31630011485686,146.0,0.0,0.0,0.0,0.0,1
0.0,0.0,0.0,0.0,0.0,0.0,0.0,0.0,0.0,0.0,0.0,0.0,0.0,62.43333333333333,0.0,0.0,0.0,0.0,0.0,0.0,0.0,0,0,0.6799163179916318,289.3365975238297,201.5,0.0,0.0,0.0,0.0,1
0.0,0.0,0.0,0.0,0.0,0.0,0.0,0.0,0.0,0.0,0.0,0.0,0.0,98.56666666666666,0.0,0.0,0.0,0.0,0.0,0.0,0.0,1,0,0.6799163179916318,309.9999999999999,155.0,0.0,0.0,0.0,0.0,1
0.0,0.0,0.0,0.0,0.0,0.0,0.0,0.0,0.0,0.0,0.0,0.0,0.0,100.0,0.0,0.0,0.0,0.0,0.0,0.0,0.0,2,0,0.6799163179916318,0.0,0.0,0.0,0.0,0.0,0.0,1
0.0,0.0,0.0,0.0,0.0,0.0,0.0,0.0,0.0,0.0,0.0,0.0,0.0,100.0,0.0,0.0,0.0,0.0,0.0,0.0,0.0,3,0,0.6799163179916318,0.0,0.0,0.0,0.0,0.0,0.0,1
0.0,0.0,0.0,0.0,0.0,0.0,0.0,0.0,0.0,0.0,0.0,0.0,0.0,100.0,0.0,0.0,0.0,0.0,0.0,0.0,0.0,4,0,0.6799163179916318,0.0,0.0,0.0,0.0,0.0,0.0,1
0.0,0.0,0.0,0.0,0.0,0.0,0.0,0.0,0.0,0.0,0.0,0.0,0.0,100.0,0.0,0.0,0.0,0.0,0.0,0.0,0.0,5,0,0.6799163179916318,0.0,0.0,0.0,0.0,0.0,0.0,1
0.0,0.0,0.0,0.0,0.0,0.0,0.0,0.0,0.0,0.0,0.0,0.0,0.0,100.0,0.0,0.0,0.0,0.0,0.0,0.0,0.0,6,0,0.6799163179916318,0.0,0.0,0.0,0.0,0.0,0.0,1
0.0,0.0,0.0,0.0,0.0,0.0,0.0,0.0,0.0,0.0,0.0,0.0,0.0,100.0,0.0,0.0,0.0,0.0,0.0,0.0,0.0,7,0,0.6799163179916318,0.0,0.0,0.0,0.0,0.0,0.0,1
92.0,5.0,1.302829511028757,0.0,0.0,0.0,0.0,0.0,62.0,3.0,0.7584873205782664,0.0,0.0,100.0,0.0,2.0,0.0,0.0,10.0,552.0,10.0,8,1,0.6799163179916318,43.37433957230098,31.0,0.0,0.0,0.0,0.0,1
32.0,4.0,0.9180459180616308,0.0,0.0,0.0,0.0,0.0,50.0,3.0,0.9422163338099592,0.0,0.0,98.875,0.0,0.0,0.0,0.0,6.0,306.0,6.0,9,1,0.6799163179916318,35.22782990761625,62.5,0.0,0.0,0.0,0.0,1
84.0,3.0,0.7732196077212825,0.0,0.0,0.0,0.0,0.0,48.0,2.0,0.5623351446168083,0.0,0.0,95.5,0.0,0.0,0.0,0.0,6.0,412.0,6.0,10,1,0.6799163179916318,28.62982128247761,74.5,0.0,0.0,0.0,0.0,1
4.0,1.0,-1.000088900581841e-12,0.0,0.0,0.0,0.0,0.0,2.0,1.0,-1.000088900581841e-12,0.0,0.0,0.0,0.0,0.0,0.0,0.0,0.0,0.0,0.0,11,1,0.6799163179916318,64.54714039625051,84.5,0.0,0.0,0.0,0.0,1
0.0,0.0,0.0,0.0,0.0,0.0,0.0,0.0,0.0,0.0,0.0,0.0,0.0,0.0,2.0,0.0,0.0,0.0,0.0,0.0,0.0,12,1,0.6799163179916318,76.79192665899158,62.5,0.0,0.0,0.0,0.0,1
0.0,0.0,0.0,0.0,0.0,0.0,0.0,0.0,0.0,0.0,0.0,0.0,0.0,0.0,2.0,0.0,0.0,0.0,0.0,0.0,0.0,13,1,0.6799163179916318,80.35546029984485,41.5,0.0,0.0,0.0,0.0,1
0.0,0.0,0.0,0.0,0.0,0.0,0.0,0.0,0.0,0.0,0.0,0.0,0.0,0.0,0.0,0.0,0.0,0.0,0.0,0.0,0.0,18,1,0.6799163179916318,0.0,0.0,0.0,0.0,0.0,0.0,1
26.0,2.0,0.5402041423868609,0.0,0.0,0.0,0.0,0.0,42.0,3.0,0.5010469137560966,0.0,0.0,86.33333333333333,0.0,0.0,0.0,0.0,2.0,110.0,2.0,21,0,0.6799163179916318,12.999999999997776,6.5,0.0,0.0,0.0,0.0,1
146.0,4.0,0.8935044510807402,0.0,0.0,0.0,0.0,0.0,50.0,2.0,0.167944147732173,0.0,0.0,83.84615384615384,0.0,0.0,0.0,0.0,0.0,1596.0,0.0,22,0,0.6799163179916318,63.58983147222996,57.5,0.0,0.0,0.0,0.0,1
0.0,0.0,0.0,0.0,0.0,0.0,0.0,0.0,0.0,0.0,0.0,0.0,0.0,0.0,4.0,0.0,0.0,0.0,0.0,0.0,0.0,2,0,0.6799163179916318,6.999999999995827,3.5,0.0,0.0,0.0,0.0,1
36.0,2.0,0.6682484776625386,0.0,0.0,0.0,0.0,0.0,40.0,2.0,0.4227090878039908,0.0,0.0,77.0,0.0,2.0,0.0,0.0,8.0,282.0,4.0,8,1,0.6799163179916318,17.999999999998376,9.0,0.0,0.0,0.0,0.0,1
118.0,6.0,1.3700968575520085,0.0,0.0,0.0,12.0,0.0,96.0,4.0,1.0344243807605984,0.0,0.0,72.58333333333333,0.0,0.0,0.0,0.0,36.0,448.0,26.0,9,1,0.6799163179916318,75.6659324487135,80.0,0.0,0.0,6.0,3.0,1
26.0,3.0,0.6870920273769716,0.0,0.0,0.0,0.0,0.0,32.0,3.0,0.9002560512655369,0.0,0.0,66.28571428571429,0.0,0.0,0.0,0.0,8.0,40.0,6.0,10,1,0.6799163179916318,64.77653896280614,89.0,0.0,0.0,5.656854249492381,4.0,1
40.0,3.0,0.926506603286533,0.0,0.0,0.0,4.0,0.0,40.0,4.0,1.0888999753412234,0.0,0.0,59.5,0.0,0.0,0.0,0.0,12.0,436.0,2.0,11,1,0.6799163179916318,8.544003745314095,36.5,0.0,0.0,2.309401076758504,2.0,1
60.0,6.0,1.5486273144117748,0.0,0.0,0.0,0.0,0.0,60.0,4.0,1.1229084620710088,0.0,0.0,51.8,0.0,0.0,0.0,0.0,20.0,114.0,8.0,12,1,0.6799163179916318,16.852299546350974,51.0,0.0,0.0,2.0000000000000004,1.0,1
24.0,2.0,0.5623351446168083,0.0,0.0,0.0,0.0,0.0,44.0,2.0,0.4741393130558373,0.0,0.0,47.0,0.0,0.0,0.0,0.0,8.0,74.0,4.0,13,1,0.6799163179916318,20.848661028147777,48.0,0.0,0.0,0.0,0.0,1
36.0,2.0,0.6365141682928128,0.0,0.0,0.0,0.0,0.0,92.0,2.0,0.5235863374792598,0.0,0.0,44.875,0.0,0.0,0.0,0.0,20.0,68.0,18.0,14,1,0.6799163179916318,11.474609652036444,37.5,0.0,0.0,0.0,0.0,1
40.0,3.0,0.8188084562198772,0.0,0.0,0.0,0.0,0.0,12.0,1.0,-1.000088900581841e-12,0.0,0.0,41.0,0.0,0.0,0.0,0.0,12.0,332.0,10.0,15,1,0.6799163179916318,11.54700538378997,38.0,0.0,0.0,0.0,0.0,1
132.0,6.0,1.4321980434462078,0.0,0.0,0.0,0.0,0.0,112.0,2.0,0.5418526439148785,0.0,0.0,37.35294117647059,0.0,0.0,0.0,0.0,28.0,888.0,20.0,16,1,0.6799163179916318,47.78772506268328,67.5,0.0,0.0,0.0,0.0,1
12.0,1.0,-1.000088900581841e-12,0.0,0.0,0.0,0.0,0.0,0.0,0.0,0.0,0.0,0.0,30.0,0.0,0.0,0.0,0.0,0.0,0.0,0.0,17,1,0.6799163179916318,51.14684741017712,80.0,0.0,0.0,0.0,0.0,1
34.0,4.0,0.9554471413897668,0.0,0.0,0.0,0.0,0.0,32.0,3.0,0.8647400965246372,0.0,0.0,28.571428571428573,0.0,0.0,0.0,0.0,12.0,120.0,10.0,18,1,0.6799163179916318,41.02032016777304,42.0,0.0,0.0,0.0,0.0,1
46.0,3.0,0.9772300460631989,0.0,0.0,0.0,0.0,0.0,28.0,2.0,0.6829081046984717,0.0,0.0,24.0,0.0,2.0,4.0,4.0,16.0,158.0,12.0,19,1,0.6799163179916318,28.396009109261723,46.5,0.0,0.0,0.0,0.0,1
12.0,1.0,-1.000088900581841e-12,0.0,0.0,0.0,0.0,0.0,0.0,0.0,0.0,0.0,0.0,21.166666666666668,0.0,0.0,0.0,0.0,0.0,0.0,0.0,20,1,0.6799163179916318,33.75894943073033,40.5,0.0,0.0,0.0,0.0,1
124.0,5.0,0.5410600250389581,0.0,0.0,0.0,0.0,0.0,134.0,2.0,0.5663974384880262,0.0,0.0,17.9375,0.0,0.0,0.0,0.0,36.0,1342.0,22.0,21,0,0.6799163179916318,61.84658438426443,68.5,0.0,0.0,0.0,0.0,1
122.0,4.0,0.7998206763751944,0.0,0.0,0.0,0.0,0.0,68.0,2.0,0.5455945739671844,0.0,4.0,13.785714285714286,0.0,0.0,4.0,0.0,20.0,354.0,10.0,22,0,0.6799163179916318,12.11060141638754,116.0,0.0,0.0,0.0,0.0,1
646.0,1.0,-1.000088900581841e-12,0.0,0.0,0.0,0.0,0.0,0.0,0.0,0.0,0.0,0.0,63.266666666666666,0.0,0.0,0.0,0.0,0.0,0.0,0.0,23,0,0.6799163179916318,331.694638686448,396.0,0.0,0.0,0.0,0.0,1
0.0,0.0,0.0,0.0,0.0,0.0,0.0,0.0,0.0,0.0,0.0,0.0,0.0,99.1,0.0,0.0,0.0,0.0,0.0,0.0,0.0,0,0,0.6799163179916318,394.8484941510266,341.0,0.0,0.0,0.0,0.0,1
0.0,0.0,0.0,0.0,0.0,0.0,0.0,0.0,0.0,0.0,0.0,0.0,0.0,100.0,0.0,0.0,0.0,0.0,0.0,0.0,0.0,1,0,0.6799163179916318,0.0,0.0,0.0,0.0,0.0,0.0,1
0.0,0.0,0.0,0.0,0.0,0.0,0.0,0.0,0.0,0.0,0.0,0.0,0.0,100.0,0.0,0.0,0.0,0.0,0.0,0.0,0.0,2,0,0.6799163179916318,0.0,0.0,0.0,0.0,0.0,0.0,1
0.0,0.0,0.0,0.0,0.0,0.0,0.0,0.0,0.0,0.0,0.0,0.0,0.0,100.0,0.0,0.0,0.0,0.0,0.0,0.0,0.0,3,0,0.6799163179916318,0.0,0.0,0.0,0.0,0.0,0.0,1
0.0,0.0,0.0,0.0,0.0,0.0,0.0,0.0,0.0,0.0,0.0,0.0,0.0,100.0,0.0,0.0,0.0,0.0,0.0,0.0,0.0,4,0,0.6799163179916318,0.0,0.0,0.0,0.0,0.0,0.0,1
0.0,0.0,0.0,0.0,0.0,0.0,0.0,0.0,0.0,0.0,0.0,0.0,0.0,100.0,0.0,0.0,0.0,0.0,0.0,0.0,0.0,5,0,0.6799163179916318,0.0,0.0,0.0,0.0,0.0,0.0,1
0.0,0.0,0.0,0.0,0.0,0.0,0.0,0.0,0.0,0.0,0.0,0.0,0.0,100.0,0.0,0.0,0.0,0.0,0.0,0.0,0.0,6,0,0.6799163179916318,0.0,0.0,0.0,0.0,0.0,0.0,1
0.0,0.0,0.0,0.0,0.0,0.0,0.0,0.0,0.0,0.0,0.0,0.0,0.0,100.0,0.0,0.0,0.0,0.0,0.0,0.0,0.0,7,0,0.6799163179916318,0.0,0.0,0.0,0.0,0.0,0.0,1
46.0,2.0,0.6693279632906456,0.0,0.0,0.0,0.0,0.0,34.0,3.0,0.803742107313203,0.0,0.0,100.0,0.0,4.0,0.0,0.0,4.0,422.0,4.0,8,1,0.6799163179916318,25.455844122714566,22.0,0.0,0.0,0.0,0.0,1
52.0,5.0,1.2065287541610743,0.0,0.0,0.0,0.0,0.0,30.0,2.0,0.6365141682928128,0.0,0.0,100.0,0.0,0.0,0.0,0.0,20.0,264.0,12.0,9,1,0.6799163179916318,12.999999999997762,40.5,0.0,0.0,0.0,0.0,1
30.0,3.0,0.8608513906282316,0.0,0.0,0.0,0.0,0.0,26.0,2.0,0.5402041423868609,0.0,0.0,97.0,0.0,0.0,0.0,0.0,12.0,62.0,6.0,10,1,0.6799163179916318,35.97684440488458,51.5,0.0,0.0,0.0,0.0,1
82.0,2.0,0.3707947167854672,0.0,0.0,0.0,0.0,0.0,290.0,2.0,0.2509548043556198,0.0,0.0,95.2,0.0,0.0,0.0,0.0,20.0,576.0,12.0,11,1,0.6799163179916318,40.39801975344759,58.0,0.0,0.0,0.0,0.0,1
24.0,2.0,0.4505612088643047,0.0,0.0,0.0,0.0,0.0,134.0,4.0,0.7482435671952212,0.0,0.0,91.5,0.0,0.0,0.0,0.0,8.0,86.0,4.0,12,1,0.6799163179916318,34.190641994556664,50.5,0.0,0.0,0.0,0.0,1
28.0,3.0,0.8921178708158162,0.0,0.0,0.0,0.0,0.0,96.0,2.0,0.4154129738587282,0.0,0.0,88.22222222222223,0.0,0.0,0.0,0.0,12.0,186.0,6.0,13,1,0.6799163179916318,24.792471975714896,45.0,0.0,0.0,0.0,0.0,1
2.0,1.0,-1.000088900581841e-12,0.0,0.0,0.0,0.0,0.0,0.0,0.0,0.0,0.0,0.0,86.0,0.0,0.0,0.0,0.0,0.0,0.0,0.0,14,1,0.6799163179916318,21.870832936431,31.5,0.0,0.0,0.0,0.0,1
12.0,1.0,-1.000088900581841e-12,0.0,0.0,0.0,0.0,0.0,54.0,1.0,-1.000088900581841e-12,0.0,0.0,84.0,0.0,0.0,0.0,0.0,0.0,0.0,0.0,15,1,0.6799163179916318,19.485036994232484,22.5,0.0,0.0,0.0,0.0,1
22.0,3.0,0.6001660731566456,0.0,0.0,0.0,0.0,0.0,36.0,3.0,0.936888307536016,0.0,0.0,81.5,0.0,0.0,0.0,0.0,16.0,110.0,6.0,16,1,0.6799163179916318,11.372481406152096,17.0,0.0,0.0,0.0,0.0,1
12.0,1.0,-1.000088900581841e-12,0.0,0.0,0.0,0.0,0.0,0.0,0.0,0.0,0.0,0.0,80.0,0.0,0.0,0.0,0.0,0.0,0.0,0.0,17,1,0.6799163179916318,7.371114795828047,12.5,0.0,0.0,0.0,0.0,1
0.0,0.0,0.0,0.0,0.0,0.0,0.0,0.0,0.0,0.0,0.0,0.0,0.0,0.0,2.0,0.0,0.0,0.0,0.0,0.0,0.0,18,1,0.6799163179916318,6.92820323027131,6.0,0.0,0.0,0.0,0.0,1
14.0,2.0,0.5982695885832573,0.0,0.0,0.0,0.0,0.0,28.0,2.0,0.5982695885832573,0.0,0.0,78.0,0.0,0.0,0.0,0.0,8.0,132.0,6.0,19,1,0.6799163179916318,7.549834435266897,6.5,0.0,0.0,0.0,0.0,1
8.0,1.0,-1.000088900581841e-12,0.0,0.0,0.0,0.0,0.0,8.0,1.0,-1.000088900581841e-12,0.0,0.0,76.16666666666667,4.0,0.0,0.0,0.0,0.0,0.0,0.0,20,1,0.6799163179916318,6.191391873664204,8.5,0.0,0.0,0.0,0.0,1
82.0,6.0,1.6425244788122666,0.0,0.0,0.0,0.0,0.0,114.0,3.0,0.6943447458813921,0.0,0.0,70.44444444444444,0.0,4.0,0.0,0.0,12.0,942.0,8.0,21,0,0.6799163179916318,45.32843110749156,49.0,0.0,0.0,0.0,0.0,1
72.0,4.0,0.770194094617825,0.0,0.0,0.0,0.0,0.0,88.0,2.0,0.6838206287829114,0.0,0.0,66.75,0.0,0.0,0.0,0.0,36.0,836.0,26.0,22,0,0.6799163179916318,16.92138686199436,75.5,0.0,0.0,0.0,0.0,1
16.0,1.0,-1.000088900581841e-12,0.0,0.0,0.0,0.0,0.0,12.0,2.0,0.6365141682928128,0.0,0.0,62.0,0.0,0.0,2.0,2.0,4.0,0.0,2.0,23,0,0.6799163179916318,24.18677324489445,50.5,0.0,0.0,0.0,0.0,1
0.0,0.0,0.0,0.0,0.0,0.0,0.0,0.0,0.0,0.0,0.0,0.0,0.0,0.0,4.0,0.0,0.0,0.0,0.0,0.0,0.0,0,0,0.6799163179916318,34.46737587922733,37.0,0.0,0.0,0.0,0.0,1
0.0,0.0,0.0,0.0,0.0,0.0,0.0,0.0,0.0,0.0,0.0,0.0,0.0,0.0,2.0,0.0,0.0,0.0,0.0,0.0,0.0,1,0,0.6799163179916318,28.35489375751463,19.0,0.0,0.0,0.0,0.0,1
22.0,3.0,1.0361987848162837,0.0,0.0,0.0,0.0,0.0,10.0,1.0,-1.000088900581841e-12,0.0,0.0,58.0,0.0,0.0,0.0,0.0,8.0,74.0,6.0,8,1,0.6799163179916318,22.82542442102539,17.5,0.0,0.0,0.0,0.0,1
50.0,2.0,0.6923469670879616,0.0,0.0,0.0,0.0,0.0,40.0,7.0,1.5571130980506456,0.0,0.0,54.5,0.0,0.0,0.0,0.0,24.0,168.0,6.0,9,1,0.6799163179916318,20.461345670962327,32.0,0.0,0.0,2.0000000000000004,1.0,1
94.0,5.0,1.2409343272760731,0.0,0.0,0.0,0.0,0.0,50.0,4.0,1.0643154039039953,0.0,0.0,49.15384615384615,0.0,0.0,0.0,0.0,28.0,148.0,8.0,10,1,0.6799163179916318,102.84616343516794,99.0,0.0,0.0,2.309401076758504,2.0,1
38.0,5.0,1.3653689861282954,0.0,0.0,0.0,0.0,0.0,36.0,3.0,0.964962923004428,0.0,0.0,45.8,0.0,2.0,4.0,0.0,16.0,292.0,10.0,11,1,0.6799163179916318,95.58765610684227,105.5,0.0,0.0,2.0000000000000004,1.0,1
24.0,2.0,0.4505612088643047,0.0,0.0,0.0,0.0,0.0,12.0,1.0,-1.000088900581841e-12,0.0,0.0,42.0,0.0,0.0,0.0,0.0,12.0,222.0,8.0,12,1,0.6799163179916318,18.40289832245477,44.0,0.0,0.0,0.0,0.0,1
40.0,4.0,1.165524439930698,0.0,0.0,0.0,0.0,0.0,18.0,3.0,0.9950269901765214,0.0,0.0,40.55555555555556,0.0,0.0,0.0,0.0,12.0,208.0,10.0,13,1,0.6799163179916318,22.949219304076745,37.0,0.0,0.0,0.0,0.0,1
46.0,6.0,1.2467876576256196,0.0,0.0,0.0,0.0,0.0,116.0,2.0,0.4857225746624395,0.0,0.0,32.4,0.0,0.0,0.0,0.0,20.0,830.0,16.0,14,1,0.6799163179916318,18.35755975068424,40.5,0.0,0.0,0.0,0.0,1
12.0,1.0,-1.000088900581841e-12,0.0,0.0,0.0,0.0,0.0,4.0,1.0,-1.000088900581841e-12,0.0,0.0,30.0,0.0,0.0,0.0,0.0,0.0,0.0,0.0,15,1,0.6799163179916318,28.629821282477625,49.5,0.0,0.0,0.0,0.0,1
32.0,3.0,0.6019239717292895,0.0,0.0,0.0,0.0,0.0,12.0,2.0,0.6365141682928128,0.0,0.0,29.0,0.0,2.0,0.0,0.0,12.0,86.0,4.0,16,1,0.6799163179916318,32.083225108041674,34.0,0.0,0.0,0.0,0.0,1
100.0,2.0,0.4713934868080942,0.0,0.0,0.0,0.0,0.0,222.0,3.0,0.6996662049083704,0.0,0.0,24.57894736842105,0.0,0.0,0.0,0.0,56.0,1418.0,46.0,17,1,0.6799163179916318,37.78447653027112,46.5,0.0,0.0,0.0,0.0,1
122.0,7.0,1.408852175967764,0.0,0.0,0.0,0.0,0.0,104.0,5.0,1.460815513792026,0.0,0.0,21.5,0.0,0.0,0.0,0.0,36.0,294.0,8.0,18,1,0.6799163179916318,50.07660797884186,69.5,0.0,0.0,0.0,0.0,1
276.0,3.0,0.6450330658325161,0.0,0.0,0.0,0.0,0.0,142.0,6.0,1.2388538998624887,0.0,2.0,15.866666666666667,0.0,0.0,0.0,0.0,20.0,470.0,8.0,19,1,0.6799163179916318,115.30105521344232,116.5,0.0,0.0,0.0,0.0,1
628.0,5.0,0.1818651836768356,0.0,0.0,0.0,0.0,0.0,16.0,2.0,0.5623351446168083,0.0,0.0,68.81481481481481,0.0,0.0,0.0,0.0,8.0,140.0,4.0,20,1,0.6799163179916318,309.1687780700588,419.0,0.0,0.0,0.0,0.0,1
72.0,3.0,0.694761694380222,0.0,0.0,0.0,0.0,0.0,96.0,2.0,0.6499878819893241,0.0,0.0,95.76923076923076,0.0,0.0,0.0,0.0,36.0,1470.0,32.0,21,0,0.6799163179916318,290.5007171534463,499.0,0.0,0.0,0.0,0.0,1
0.0,0.0,0.0,0.0,0.0,0.0,0.0,0.0,4.0,1.0,-1.000088900581841e-12,0.0,0.0,0.0,0.0,0.0,0.0,0.0,4.0,8.0,4.0,22,0,0.6799163179916318,269.7406161481803,176.0,0.0,0.0,0.0,0.0,1
0.0,0.0,0.0,0.0,0.0,0.0,0.0,0.0,0.0,0.0,0.0,0.0,0.0,0.0,4.0,0.0,0.0,0.0,0.0,0.0,0.0,2,0,0.6799163179916318,0.0,0.0,0.0,0.0,0.0,0.0,1
0.0,0.0,0.0,0.0,0.0,0.0,0.0,0.0,4.0,1.0,-1.000088900581841e-12,0.0,0.0,0.0,4.0,0.0,0.0,0.0,0.0,0.0,0.0,6,0,0.6799163179916318,0.0,0.0,0.0,0.0,0.0,0.0,1
138.0,4.0,1.3286590720357483,0.0,0.0,0.0,0.0,0.0,310.0,3.0,0.2523655545038324,0.0,0.0,88.0,0.0,4.0,0.0,4.0,20.0,888.0,10.0,8,1,0.6799163179916318,68.67313885355723,35.0,0.0,0.0,0.0,0.0,1
42.0,4.0,0.9759390643459374,0.0,0.0,0.0,0.0,0.0,42.0,3.0,0.8787513508876517,0.0,0.0,84.6,0.0,0.0,0.0,0.0,16.0,238.0,8.0,9,1,0.6799163179916318,59.36048068089256,52.5,0.0,0.0,0.0,0.0,1
24.0,3.0,0.7214636866895116,0.0,0.0,0.0,0.0,0.0,8.0,2.0,0.6931471805579453,0.0,0.0,82.14285714285714,0.0,0.0,0.0,0.0,8.0,78.0,2.0,10,1,0.6799163179916318,8.406346808609442,33.0,0.0,0.0,0.0,0.0,1
46.0,4.0,1.1922589317730563,0.0,0.0,0.0,0.0,0.0,70.0,3.0,0.666078159811982,0.0,0.0,77.5,0.0,0.0,0.0,0.0,12.0,444.0,10.0,11,1,0.6799163179916318,35.19469657017401,53.0,0.0,0.0,0.0,0.0,1
28.0,3.0,0.8304717124332917,0.0,0.0,0.0,0.0,0.0,12.0,2.0,0.6365141682928128,0.0,0.0,74.28571428571429,0.0,0.0,0.0,0.0,8.0,156.0,4.0,12,1,0.6799163179916318,35.1899606895672,52.5,0.0,0.0,0.0,0.0,1
12.0,1.0,-1.000088900581841e-12,0.0,0.0,0.0,0.0,0.0,16.0,1.0,-1.000088900581841e-12,0.0,0.0,73.33333333333333,0.0,0.0,0.0,0.0,0.0,0.0,0.0,13,1,0.6799163179916318,10.51982255870402,21.0,0.0,0.0,0.0,0.0,1
132.0,4.0,1.1095701819591175,0.0,0.0,0.0,6.0,0.0,80.0,3.0,0.9376369622694491,0.0,0.0,71.0,0.0,0.0,0.0,0.0,36.0,326.0,8.0,14,1,0.6799163179916318,56.99999999999957,48.5,0.0,0.0,3.0000000000000004,1.5,1
54.0,5.0,1.4351113482223767,0.0,0.0,0.0,4.0,0.0,80.0,4.0,1.3546533095107551,0.0,0.0,67.5,0.0,0.0,0.0,0.0,36.0,362.0,18.0,15,1,0.6799163179916318,47.73189010853525,62.5,0.0,0.0,3.0000000000000004,2.5,1
66.0,4.0,1.1648402384690597,0.0,0.0,0.0,0.0,0.0,28.0,5.0,1.376055285255417,0.0,0.0,63.3,0.0,0.0,0.0,0.0,12.0,808.0,10.0,16,1,0.6799163179916318,19.347695814574003,53.5,0.0,0.0,1.9148542155126764,1.5,1
60.0,5.0,1.1858954379751452,0.0,0.0,0.0,0.0,0.0,24.0,3.0,0.9184277849900976,0.0,0.0,60.72727272727273,0.0,0.0,4.0,4.0,16.0,202.0,14.0,17,1,0.6799163179916318,11.195237082495591,70.0,0.0,0.0,1.0000000000000004,0.5,1
54.0,5.0,1.4323701938213775,0.0,0.0,0.0,0.0,0.0,94.0,2.0,0.4883753620138323,0.0,0.0,52.1,0.0,6.0,2.0,2.0,16.0,246.0,12.0,18,1,0.6799163179916318,13.988090172236442,67.5,0.0,0.0,0.0,0.0,1
94.0,5.0,0.858226648148811,0.0,0.0,0.0,0.0,0.0,128.0,4.0,1.1052386612327707,0.0,0.0,48.63636363636363,0.0,0.0,0.0,0.0,40.0,344.0,20.0,19,1,0.6799163179916318,28.542366171476004,61.0,0.0,0.0,0.0,0.0,1
54.0,5.0,1.2086174708033257,0.0,0.0,0.0,0.0,0.0,52.0,5.0,1.4572768352763972,0.0,0.0,40.4,0.0,0.0,0.0,0.0,20.0,146.0,10.0,20,1,0.6799163179916318,31.21965193058081,65.0,0.0,0.0,0.0,0.0,1
64.0,4.0,0.5067352576074265,0.0,0.0,0.0,0.0,0.0,318.0,2.0,0.298003603063534,0.0,0.0,35.083333333333336,0.0,0.0,0.0,0.0,28.0,1440.0,24.0,21,0,0.6799163179916318,17.310882896796965,62.5,0.0,0.0,0.0,0.0,1
96.0,2.0,0.2868359830541607,0.0,0.0,0.0,0.0,0.0,100.0,2.0,0.6730116670072565,0.0,0.0,27.94117647058824,0.0,0.0,0.0,0.0,40.0,1600.0,30.0,22,0,0.6799163179916318,25.159491250817275,61.5,0.0,0.0,0.0,0.0,1
360.0,4.0,0.2218316623572974,0.0,0.0,0.0,0.0,0.0,8.0,1.0,-1.000088900581841e-12,0.0,4.0,27.444444444444443,0.0,0.0,4.0,2.0,12.0,102.0,8.0,23,0,0.6799163179916318,154.21521758028058,132.5,0.0,0.0,0.0,0.0,1
384.0,1.0,-1.000088900581841e-12,0.0,0.0,0.0,0.0,0.0,0.0,0.0,0.0,0.0,0.0,81.23333333333333,0.0,0.0,0.0,0.0,0.0,0.0,0.0,0,0,0.6799163179916318,279.4232154516393,374.0,0.0,0.0,0.0,0.0,1
0.0,0.0,0.0,0.0,0.0,0.0,0.0,0.0,0.0,0.0,0.0,0.0,0.0,100.0,0.0,0.0,0.0,0.0,0.0,0.0,0.0,1,0,0.6799163179916318,346.111253789876,275.5,0.0,0.0,0.0,0.0,1
0.0,0.0,0.0,0.0,0.0,0.0,0.0,0.0,0.0,0.0,0.0,0.0,0.0,100.0,0.0,0.0,0.0,0.0,0.0,0.0,0.0,2,0,0.6799163179916318,0.0,0.0,0.0,0.0,0.0,0.0,1
0.0,0.0,0.0,0.0,0.0,0.0,0.0,0.0,0.0,0.0,0.0,0.0,0.0,100.0,0.0,0.0,0.0,0.0,0.0,0.0,0.0,3,0,0.6799163179916318,0.0,0.0,0.0,0.0,0.0,0.0,1
0.0,0.0,0.0,0.0,0.0,0.0,0.0,0.0,0.0,0.0,0.0,0.0,0.0,100.0,0.0,0.0,0.0,0.0,0.0,0.0,0.0,4,0,0.6799163179916318,0.0,0.0,0.0,0.0,0.0,0.0,1
0.0,0.0,0.0,0.0,0.0,0.0,0.0,0.0,0.0,0.0,0.0,0.0,0.0,100.0,0.0,0.0,0.0,0.0,0.0,0.0,0.0,5,0,0.6799163179916318,0.0,0.0,0.0,0.0,0.0,0.0,1
0.0,0.0,0.0,0.0,0.0,0.0,0.0,0.0,0.0,0.0,0.0,0.0,0.0,100.0,0.0,0.0,0.0,0.0,0.0,0.0,0.0,6,0,0.6799163179916318,0.0,0.0,0.0,0.0,0.0,0.0,1
0.0,0.0,0.0,0.0,0.0,0.0,0.0,0.0,0.0,0.0,0.0,0.0,0.0,100.0,0.0,0.0,0.0,0.0,0.0,0.0,0.0,7,0,0.6799163179916318,0.0,0.0,0.0,0.0,0.0,0.0,1
32.0,4.0,1.124670289233617,0.0,0.0,0.0,0.0,0.0,8.0,2.0,0.6931471805579453,0.0,0.0,100.0,0.0,0.0,0.0,0.0,4.0,86.0,4.0,9,1,0.6799163179916318,13.89244398944771,19.5,0.0,0.0,0.0,0.0,1
38.0,3.0,0.8569977547750645,0.0,0.0,0.0,0.0,0.0,44.0,3.0,0.8932239510140858,0.0,0.0,100.0,0.0,0.0,0.0,0.0,12.0,286.0,10.0,10,1,0.6799163179916318,5.291502622123682,33.0,0.0,0.0,0.0,0.0,1
52.0,4.0,1.2490828438152966,0.0,0.0,0.0,0.0,0.0,50.0,3.0,0.9978737678684716,0.0,0.0,99.0,0.0,0.0,0.0,0.0,20.0,392.0,14.0,11,1,0.6799163179916318,11.474609652036468,37.5,0.0,0.0,0.0,0.0,1
174.0,5.0,0.6875255034005897,0.0,0.0,0.0,0.0,0.0,1076.0,5.0,0.2312591132571712,0.0,0.0,96.76470588235294,0.0,0.0,0.0,0.0,24.0,56.0,10.0,12,1,0.6799163179916318,71.56116265125897,68.5,0.0,0.0,0.0,0.0,2
12.0,1.0,-1.000088900581841e-12,0.0,0.0,0.0,0.0,0.0,18.0,1.0,-1.000088900581841e-12,0.0,0.0,94.0,0.0,0.0,0.0,0.0,0.0,0.0,0.0,13,1,0.6799163179916318,76.91553809211726,59.0,0.0,0.0,0.0,0.0,1
68.0,2.0,0.6862107122407638,0.0,0.0,0.0,0.0,0.0,88.0,3.0,0.6889170862607753,0.0,0.0,94.0,0.0,0.0,0.0,0.0,12.0,270.0,10.0,14,1,0.6799163179916318,29.051678092666883,27.0,0.0,0.0,0.0,0.0,1
16.0,1.0,-1.000088900581841e-12,0.0,0.0,0.0,0.0,0.0,0.0,0.0,0.0,0.0,0.0,92.0,0.0,0.0,0.0,0.0,4.0,0.0,0.0,15,1,0.6799163179916318,28.77498913987529,31.0,0.0,0.0,0.0,0.0,1
0.0,0.0,0.0,0.0,0.0,0.0,0.0,0.0,0.0,0.0,0.0,0.0,0.0,91.0,0.0,0.0,0.0,0.0,8.0,0.0,0.0,16,1,0.6799163179916318,16.69331203406345,15.0,0.0,0.0,0.0,0.0,1
12.0,1.0,-1.000088900581841e-12,0.0,0.0,0.0,0.0,0.0,0.0,0.0,0.0,0.0,0.0,89.0,0.0,0.0,0.0,0.0,0.0,0.0,0.0,17,1,0.6799163179916318,15.779733838057629,13.5,0.0,0.0,0.0,0.0,1
86.0,6.0,1.5402174228659289,0.0,0.0,0.0,4.0,0.0,50.0,6.0,1.6596043402142986,0.0,0.0,87.0,0.0,0.0,0.0,0.0,20.0,114.0,8.0,18,1,0.6799163179916318,32.51153641401681,39.5,0.0,0.0,2.0,1.0,1
66.0,4.0,1.2882523050189003,0.0,0.0,0.0,0.0,0.0,60.0,2.0,0.4505612088643047,0.0,0.0,80.3,0.0,0.0,0.0,0.0,8.0,624.0,4.0,19,1,0.6799163179916318,94.27618999514108,104.0,0.0,0.0,2.309401076758504,2.0,1
22.0,2.0,0.3046360973472382,0.0,0.0,0.0,0.0,0.0,28.0,4.0,1.1709971261122123,0.0,0.0,79.0,0.0,4.0,0.0,0.0,8.0,14.0,10.0,20,1,0.6799163179916318,104.61835403025582,86.5,0.0,0.0,2.0000000000000004,1.0,1
