0.0,0.0,0.0,0.0,0.0,0.0,0.0,0.0,0.0,0.0,0.0,0.0,0.0,100.0,0.0,0.0,0.0,0.0,0.0,0.0,0.0,7,0,0.5395033860045146,0.0,0.0,0.0,0.0,0.0,0.0,1
0.0,0.0,0.0,0.0,0.0,0.0,0.0,0.0,0.0,0.0,0.0,0.0,0.0,100.0,0.0,0.0,0.0,0.0,0.0,0.0,0.0,7,0,0.5395033860045146,0.0,0.0,0.0,0.0,0.0,0.0,1
0.0,0.0,0.0,0.0,0.0,0.0,0.0,0.0,0.0,0.0,0.0,0.0,0.0,100.0,0.0,0.0,0.0,0.0,0.0,0.0,0.0,8,1,0.5395033860045146,0.0,0.0,0.0,0.0,0.0,0.0,2
174.0,6.0,1.320707114172898,0.0,0.0,0.0,0.0,0.0,0.0,0.0,0.0,0.0,0.0,99.5,0.0,0.0,0.0,0.0,32.0,1366.0,8.0,8,1,0.5395033860045146,87.0,43.5,0.0,0.0,0.0,0.0,2
32.0,1.0,-1.000088900581841e-12,0.0,0.0,0.0,0.0,0.0,0.0,0.0,0.0,0.0,0.0,97.0,0.0,0.0,0.0,0.0,0.0,8.0,0.0,9,1,0.5395033860045146,83.04817878797824,51.5,0.0,0.0,0.0,0.0,2
48.0,3.0,0.8602030628016024,0.0,0.0,0.0,0.0,0.0,0.0,0.0,0.0,0.0,0.0,47.5,0.0,0.0,0.0,0.0,20.0,488.0,16.0,14,1,0.5395033860045146,64.50839738618015,79.0,0.0,0.0,0.0,0.0,2
62.0,4.0,1.10916779438756,0.0,0.0,0.0,0.0,0.0,0.0,0.0,0.0,0.0,0.0,43.63636363636363,0.0,0.0,0.0,0.0,40.0,164.0,18.0,15,1,0.5395033860045146,14.282856857085717,51.0,0.0,0.0,0.0,0.0,2
156.0,5.0,1.0421607916548017,0.0,0.0,0.0,0.0,0.0,0.0,0.0,0.0,0.0,4.0,43.0,0.0,0.0,0.0,0.0,32.0,340.0,8.0,15,1,0.5395033860045146,49.77281721314691,82.0,0.0,0.0,0.0,0.0,2
200.0,4.0,1.110358004150131,0.0,0.0,0.0,0.0,0.0,0.0,0.0,0.0,0.0,4.0,55.47058823529412,0.0,0.0,0.0,0.0,36.0,524.0,26.0,16,1,0.5395033860045146,73.47335117805184,116.5,0.0,0.0,0.0,0.0,2
72.0,4.0,1.2525520238213672,0.0,0.0,0.0,0.0,0.0,0.0,0.0,0.0,0.0,0.0,87.0,0.0,0.0,0.0,0.0,12.0,272.0,6.0,16,1,0.5395033860045146,66.68083182844477,122.5,0.0,0.0,0.0,0.0,1
104.0,4.0,0.7066957623908251,0.0,0.0,0.0,0.0,0.0,0.0,0.0,0.0,0.0,0.0,97.07692307692308,0.0,0.0,0.0,0.0,36.0,478.0,20.0,17,1,0.5395033860045146,56.50958620741558,133.0,0.0,0.0,0.0,0.0,1
88.0,6.0,1.419267397225411,0.0,32.0,0.0,0.0,0.0,0.0,0.0,0.0,0.0,0.0,94.125,0.0,0.0,0.0,0.0,40.0,424.0,16.0,17,1,0.5395033860045146,57.50362307426087,116.0,16.0,8.0,0.0,0.0,1
80.0,4.0,1.2131652977663787,0.0,172.0,0.0,0.0,0.0,0.0,0.0,0.0,0.0,0.0,89.0,0.0,0.0,0.0,0.0,36.0,158.0,26.0,18,1,0.5395033860045146,13.662601021279464,86.0,82.06501487641776,51.0,0.0,0.0,2
110.0,5.0,1.3909328114497317,0.0,0.0,0.0,0.0,0.0,22.0,2.0,0.4741393130558373,0.0,0.0,82.33333333333333,0.0,0.0,0.0,0.0,18.0,190.0,10.0,19,1,0.5395033860045146,15.17673658377628,88.5,82.06501487641776,51.0,0.0,0.0,1
54.0,3.0,1.0944885526900283,0.0,0.0,0.0,0.0,0.0,0.0,0.0,0.0,0.0,0.0,76.71428571428571,0.0,0.0,0.0,0.0,12.0,160.0,4.0,19,1,0.5395033860045146,23.03620339089466,80.0,86.0,43.0,0.0,0.0,1
80.0,4.0,1.156400482200712,0.0,0.0,0.0,0.0,0.0,0.0,0.0,0.0,0.0,0.0,73.54545454545455,0.0,0.0,0.0,0.0,18.0,144.0,12.0,20,1,0.5395033860045146,23.03620339089466,80.0,0.0,0.0,0.0,0.0,1
202.0,6.0,1.1893612328380354,0.0,0.0,0.0,0.0,0.0,30.0,4.0,1.2454410537577745,0.0,0.0,64.57142857142857,0.0,0.0,0.0,0.0,22.0,228.0,6.0,21,0,0.5395033860045146,65.14343149287322,116.5,0.0,0.0,0.0,0.0,1
120.0,4.0,0.8335146209906084,0.0,0.0,0.0,0.0,0.0,14.0,1.0,-1.000088900581841e-12,0.0,0.0,60.3,0.0,0.0,0.0,0.0,8.0,336.0,4.0,21,0,0.5395033860045146,50.819943591730464,133.0,0.0,0.0,0.0,0.0,1
718.0,5.0,0.8101734462091045,0.0,0.0,0.0,0.0,0.0,140.0,1.0,-1.000088900581841e-12,0.0,0.0,48.5,0.0,0.0,0.0,0.0,0.0,880.0,0.0,22,0,0.5395033860045146,273.4593205579214,381.0,0.0,0.0,0.0,0.0,2
698.0,5.0,0.7017441038346001,0.0,0.0,0.0,0.0,0.0,16.0,4.0,1.2130075659759043,0.0,2.0,53.53333333333333,0.0,0.0,0.0,0.0,2.0,42.0,0.0,23,0,0.5395033860045146,277.6592636067932,505.0,0.0,0.0,0.0,0.0,2
718.0,1.0,-1.000088900581841e-12,0.0,0.0,0.0,0.0,0.0,8.0,2.0,0.6931471805579453,0.0,0.0,84.9,0.0,0.0,0.0,0.0,0.0,0.0,0.0,23,0,0.5395033860045146,114.05700329221348,654.5,0.0,0.0,0.0,0.0,1
236.0,1.0,-1.000088900581841e-12,0.0,0.0,0.0,0.0,0.0,0.0,0.0,0.0,0.0,0.0,97.2,0.0,0.0,0.0,0.0,0.0,0.0,0.0,0,0,0.5395033860045146,237.853596427158,592.5,0.0,0.0,0.0,0.0,1
0.0,0.0,0.0,0.0,0.0,0.0,0.0,0.0,0.0,0.0,0.0,0.0,0.0,100.0,0.0,0.0,0.0,0.0,0.0,0.0,0.0,0,0,0.5395033860045146,354.09414943862976,413.0,0.0,0.0,0.0,0.0,1
0.0,0.0,0.0,0.0,0.0,0.0,0.0,0.0,0.0,0.0,0.0,0.0,0.0,100.0,0.0,0.0,0.0,0.0,0.0,0.0,0.0,1,0,0.5395033860045146,338.47254935469533,238.5,0.0,0.0,0.0,0.0,1
0.0,0.0,0.0,0.0,0.0,0.0,0.0,0.0,0.0,0.0,0.0,0.0,0.0,100.0,0.0,0.0,0.0,0.0,0.0,0.0,0.0,1,0,0.5395033860045146,117.99999999999994,59.0,0.0,0.0,0.0,0.0,1
0.0,0.0,0.0,0.0,0.0,0.0,0.0,0.0,0.0,0.0,0.0,0.0,0.0,100.0,0.0,0.0,0.0,0.0,0.0,0.0,0.0,2,0,0.5395033860045146,0.0,0.0,0.0,0.0,0.0,0.0,1
0.0,0.0,0.0,0.0,0.0,0.0,0.0,0.0,0.0,0.0,0.0,0.0,0.0,100.0,0.0,0.0,0.0,0.0,0.0,0.0,0.0,2,0,0.5395033860045146,0.0,0.0,0.0,0.0,0.0,0.0,1
0.0,0.0,0.0,0.0,0.0,0.0,0.0,0.0,0.0,0.0,0.0,0.0,0.0,100.0,0.0,0.0,0.0,0.0,0.0,0.0,0.0,3,0,0.5395033860045146,0.0,0.0,0.0,0.0,0.0,0.0,1
0.0,0.0,0.0,0.0,0.0,0.0,0.0,0.0,16.0,1.0,-1.000088900581841e-12,0.0,0.0,100.0,0.0,0.0,0.0,0.0,0.0,0.0,0.0,3,0,0.5395033860045146,0.0,0.0,0.0,0.0,0.0,0.0,1
0.0,0.0,0.0,0.0,0.0,0.0,0.0,0.0,2.0,1.0,-1.000088900581841e-12,0.0,0.0,100.0,0.0,0.0,0.0,0.0,0.0,0.0,0.0,4,0,0.5395033860045146,0.0,0.0,0.0,0.0,0.0,0.0,1
0.0,0.0,0.0,0.0,0.0,0.0,0.0,0.0,0.0,0.0,0.0,0.0,0.0,100.0,0.0,0.0,0.0,0.0,0.0,0.0,0.0,4,0,0.5395033860045146,0.0,0.0,0.0,0.0,0.0,0.0,1
0.0,0.0,0.0,0.0,0.0,0.0,0.0,0.0,0.0,0.0,0.0,0.0,0.0,100.0,0.0,0.0,0.0,0.0,0.0,0.0,0.0,5,0,0.5395033860045146,0.0,0.0,0.0,0.0,0.0,0.0,1
0.0,0.0,0.0,0.0,0.0,0.0,0.0,0.0,0.0,0.0,0.0,0.0,0.0,100.0,0.0,0.0,0.0,0.0,0.0,0.0,0.0,5,0,0.5395033860045146,0.0,0.0,0.0,0.0,0.0,0.0,1
0.0,0.0,0.0,0.0,0.0,0.0,0.0,0.0,2.0,1.0,-1.000088900581841e-12,0.0,0.0,100.0,0.0,0.0,0.0,0.0,0.0,0.0,0.0,6,0,0.5395033860045146,0.0,0.0,0.0,0.0,0.0,0.0,1
0.0,0.0,0.0,0.0,0.0,0.0,0.0,0.0,0.0,0.0,0.0,0.0,0.0,100.0,0.0,0.0,0.0,0.0,0.0,0.0,0.0,6,0,0.5395033860045146,0.0,0.0,0.0,0.0,0.0,0.0,1
0.0,0.0,0.0,0.0,0.0,0.0,0.0,0.0,4.0,1.0,-1.000088900581841e-12,0.0,0.0,100.0,0.0,0.0,0.0,0.0,0.0,0.0,0.0,7,0,0.5395033860045146,0.0,0.0,0.0,0.0,0.0,0.0,1
0.0,0.0,0.0,0.0,0.0,0.0,0.0,0.0,10.0,2.0,0.5004024235361879,0.0,0.0,100.0,0.0,0.0,0.0,0.0,0.0,0.0,0.0,7,0,0.5395033860045146,0.0,0.0,0.0,0.0,0.0,0.0,1
560.0,9.0,1.1801295513697605,0.0,0.0,0.0,0.0,0.0,72.0,5.0,1.2083715414519296,0.0,0.0,98.66666666666669,0.0,0.0,0.0,0.0,6.0,2070.0,2.0,8,1,0.5395033860045146,280.0,140.0,0.0,0.0,0.0,0.0,1
28.0,5.0,1.2153881010786145,0.0,0.0,0.0,0.0,0.0,24.0,3.0,1.0114042647043515,0.0,0.0,95.16666666666669,0.0,0.0,0.0,0.0,2.0,68.0,2.0,8,1,0.5395033860045146,275.6495359449506,147.0,0.0,0.0,0.0,0.0,1
22.0,2.0,0.6554817738993928,0.0,0.0,0.0,0.0,0.0,40.0,5.0,1.4305622903312425,0.0,0.0,94.28571428571428,0.0,0.0,0.0,0.0,6.0,34.0,2.0,9,1,0.5395033860045146,271.9332025823008,152.5,0.0,0.0,0.0,0.0,1
12.0,1.0,-1.000088900581841e-12,0.0,0.0,0.0,0.0,0.0,28.0,2.0,0.5982695885832573,0.0,0.0,93.0,0.0,0.0,0.0,0.0,0.0,0.0,0.0,9,1,0.5395033860045146,269.7474127154265,155.5,0.0,0.0,0.0,0.0,2
456.0,9.0,1.9036398195861128,0.0,0.0,0.0,0.0,0.0,60.0,5.0,1.3435056426581489,0.0,0.0,90.44,0.0,2.0,0.0,2.0,18.0,1062.0,10.0,10,1,0.5395033860045146,217.76669472932107,129.5,0.0,0.0,0.0,0.0,2
626.0,8.0,1.8296898526251253,0.0,0.0,0.0,0.0,0.0,116.0,5.0,1.2404103046360124,0.0,0.0,84.06896551724138,0.0,0.0,0.0,0.0,18.0,1110.0,18.0,10,1,0.5395033860045146,310.4169239372535,279.0,0.0,0.0,0.0,0.0,2
204.0,4.0,1.119163140539638,0.0,0.0,0.0,0.0,0.0,44.0,2.0,0.6931471805579453,0.0,0.0,79.07142857142857,0.0,0.0,0.0,0.0,20.0,462.0,10.0,11,1,0.5395033860045146,271.0295186875407,324.5,0.0,0.0,0.0,0.0,2
150.0,4.0,0.84380723253594,0.0,0.0,0.0,0.0,0.0,20.0,2.0,0.5004024235361879,0.0,0.0,76.71428571428571,0.0,0.0,0.0,0.0,18.0,346.0,8.0,11,1,0.5395033860045146,222.41402833454543,359.0,0.0,0.0,0.0,0.0,2
230.0,4.0,0.9707396090912624,0.0,0.0,0.0,0.0,0.0,102.0,5.0,1.0876854434502592,0.0,0.0,74.05882352941177,0.0,0.0,0.0,0.0,28.0,802.0,14.0,12,1,0.5395033860045146,218.22541862334305,302.5,0.0,0.0,0.0,0.0,2
316.0,5.0,0.8825182404667141,0.0,0.0,0.0,0.0,0.0,290.0,3.0,0.5403809512381545,0.0,0.0,70.27777777777777,0.0,0.0,0.0,0.0,28.0,930.0,26.0,12,1,0.5395033860045146,69.21464199623266,225.0,0.0,0.0,0.0,0.0,1
574.0,10.0,1.5608639784306402,0.0,0.0,0.0,0.0,0.0,404.0,5.0,0.4384370625971709,0.0,0.0,65.25,0.0,0.0,0.0,0.0,18.0,2790.0,14.0,13,1,0.5395033860045146,183.9447380782246,317.5,0.0,0.0,0.0,0.0,2
624.0,7.0,1.3602711281601634,0.0,0.0,0.0,0.0,0.0,92.0,5.0,1.1297218858635392,0.0,0.0,57.172413793103445,0.0,0.0,0.0,0.0,10.0,1060.0,10.0,13,1,0.5395033860045146,192.5478295558448,436.0,0.0,0.0,0.0,0.0,1
312.0,6.0,0.9941784611542178,0.0,0.0,0.0,0.0,0.0,52.0,2.0,0.5824922438829605,0.0,0.0,51.333333333333336,0.0,0.0,0.0,0.0,18.0,796.0,18.0,14,1,0.5395033860045146,165.8141529946504,456.5,0.0,0.0,0.0,0.0,1
352.0,5.0,1.104837758559266,0.0,0.0,0.0,0.0,0.0,150.0,4.0,0.7503236673208148,0.0,0.0,46.89473684210526,0.0,0.0,0.0,0.0,18.0,1588.0,16.0,14,1,0.5395033860045146,156.35323256438713,465.5,0.0,0.0,0.0,0.0,1
612.0,6.0,1.3156547728445582,0.0,0.0,0.0,0.0,0.0,54.0,3.0,0.8444867347600606,0.0,0.0,41.3448275862069,0.0,0.0,0.0,0.0,20.0,808.0,18.0,15,1,0.5395033860045146,165.99999999999997,475.0,0.0,0.0,0.0,0.0,2
346.0,10.0,2.035408642477807,0.0,0.0,0.0,0.0,0.0,40.0,3.0,0.8864644756767975,0.0,0.0,35.5,0.0,0.0,0.0,0.0,20.0,854.0,12.0,15,1,0.5395033860045146,138.78880838645932,405.5,0.0,0.0,0.0,0.0,2
680.0,4.0,0.4033729007798988,0.0,0.0,0.0,0.0,0.0,32.0,6.0,1.7170759801928814,0.0,0.0,30.03333333333333,0.0,0.0,0.0,0.0,6.0,614.0,6.0,16,1,0.5395033860045146,173.72295952655958,497.5,0.0,0.0,0.0,0.0,2
678.0,10.0,1.908001401948414,0.0,0.0,0.0,0.0,0.0,18.0,4.0,1.3689223607362195,0.0,0.0,21.89655172413793,0.0,0.0,0.0,0.0,2.0,2014.0,2.0,16,1,0.5395033860045146,158.51393209010575,579.0,0.0,0.0,0.0,0.0,2
656.0,8.0,1.535362378317691,0.0,0.0,0.0,0.0,0.0,42.0,3.0,1.0220830508098002,0.0,2.0,15.928571428571429,0.0,0.0,0.0,0.0,6.0,1524.0,4.0,17,1,0.5395033860045146,163.02964965510617,590.0,0.0,0.0,0.0,0.0,2
480.0,5.0,0.6275622185893702,0.0,0.0,0.0,0.0,0.0,196.0,3.0,0.6619787902678544,0.0,4.0,41.13636363636363,0.0,0.0,0.0,0.0,14.0,394.0,8.0,17,1,0.5395033860045146,96.28257024681736,623.5,0.0,0.0,0.0,0.0,2
466.0,8.0,1.5347607696209835,0.0,0.0,0.0,0.0,0.0,132.0,9.0,1.640986737426536,0.0,4.0,71.78260869565217,0.0,0.0,0.0,0.0,48.0,1784.0,26.0,18,1,0.5395033860045146,112.5107402280629,570.0,0.0,0.0,0.0,0.0,2
370.0,11.0,1.9254045249281395,0.0,0.0,0.0,0.0,0.0,98.0,4.0,1.2032371828782824,0.0,0.0,86.9047619047619,0.0,0.0,0.0,0.0,44.0,1976.0,12.0,18,1,0.5395033860045146,119.15815820440768,493.0,0.0,0.0,0.0,0.0,2
78.0,4.0,1.2512286571939102,0.0,0.0,0.0,0.0,0.0,2.0,1.0,-1.000088900581841e-12,0.0,0.0,57.25,0.0,0.0,0.0,0.0,12.0,788.0,6.0,21,0,0.5395033860045146,149.1073438835257,151.5,0.0,0.0,0.0,0.0,1
206.0,4.0,0.4208806796521378,0.0,0.0,0.0,0.0,0.0,22.0,2.0,0.4741393130558373,0.0,0.0,51.90909090909091,0.0,0.0,0.0,0.0,0.0,4436.0,0.0,22,0,0.5395033860045146,71.18754572723138,110.5,0.0,0.0,0.0,0.0,1
188.0,4.0,0.9481288315402528,0.0,0.0,0.0,0.0,0.0,18.0,2.0,0.6869615765953234,0.0,0.0,44.82608695652174,0.0,0.0,0.0,0.0,4.0,1780.0,4.0,22,0,0.5395033860045146,81.502556197132,128.0,0.0,0.0,0.0,0.0,2
112.0,5.0,0.4198266616219259,0.0,0.0,0.0,0.0,0.0,24.0,3.0,0.8239592164980822,0.0,0.0,37.27777777777778,0.0,0.0,2.0,0.0,0.0,196.0,0.0,23,0,0.5395033860045146,60.94806532341005,146.0,0.0,0.0,0.0,0.0,2
688.0,1.0,-1.000088900581841e-12,0.0,0.0,0.0,0.0,0.0,106.0,3.0,0.3596725556612288,0.0,2.0,56.58620689655172,0.0,0.0,0.0,0.0,4.0,0.0,0.0,23,0,0.5395033860045146,262.84279205131975,298.5,0.0,0.0,0.0,0.0,1
714.0,1.0,-1.000088900581841e-12,0.0,0.0,0.0,0.0,0.0,8.0,2.0,0.6931471805579453,0.0,0.0,87.5,0.0,0.0,0.0,0.0,0.0,0.0,0.0,0,0,0.5395033860045146,319.8056701602813,425.5,0.0,0.0,0.0,0.0,1
0.0,0.0,0.0,0.0,0.0,0.0,0.0,0.0,4.0,1.0,-1.000088900581841e-12,0.0,0.0,97.9,0.0,0.0,0.0,0.0,0.0,0.0,0.0,0,0,0.5395033860045146,375.3376257895461,378.5,0.0,0.0,0.0,0.0,1
0.0,0.0,0.0,0.0,0.0,0.0,0.0,0.0,0.0,0.0,0.0,0.0,0.0,100.0,0.0,0.0,0.0,0.0,0.0,0.0,0.0,1,0,0.5395033860045146,404.8617047832507,350.5,0.0,0.0,0.0,0.0,1
0.0,0.0,0.0,0.0,0.0,0.0,0.0,0.0,0.0,0.0,0.0,0.0,0.0,100.0,0.0,0.0,0.0,0.0,0.0,0.0,0.0,1,0,0.5395033860045146,357.0,178.5,0.0,0.0,0.0,0.0,1
0.0,0.0,0.0,0.0,0.0,0.0,0.0,0.0,0.0,0.0,0.0,0.0,0.0,100.0,0.0,0.0,0.0,0.0,0.0,0.0,0.0,2,0,0.5395033860045146,0.0,0.0,0.0,0.0,0.0,0.0,1
0.0,0.0,0.0,0.0,0.0,0.0,0.0,0.0,2.0,1.0,-1.000088900581841e-12,0.0,0.0,100.0,0.0,0.0,0.0,0.0,0.0,0.0,0.0,2,0,0.5395033860045146,0.0,0.0,0.0,0.0,0.0,0.0,1
0.0,0.0,0.0,0.0,0.0,0.0,0.0,0.0,0.0,0.0,0.0,0.0,0.0,100.0,0.0,0.0,0.0,0.0,0.0,0.0,0.0,3,0,0.5395033860045146,0.0,0.0,0.0,0.0,0.0,0.0,1
0.0,0.0,0.0,0.0,0.0,0.0,0.0,0.0,4.0,1.0,-1.000088900581841e-12,0.0,0.0,100.0,0.0,0.0,0.0,0.0,0.0,0.0,0.0,3,0,0.5395033860045146,0.0,0.0,0.0,0.0,0.0,0.0,1
0.0,0.0,0.0,0.0,0.0,0.0,0.0,0.0,8.0,1.0,-1.000088900581841e-12,0.0,0.0,100.0,0.0,0.0,0.0,0.0,0.0,0.0,0.0,4,0,0.5395033860045146,0.0,0.0,0.0,0.0,0.0,0.0,1
0.0,0.0,0.0,0.0,0.0,0.0,0.0,0.0,2.0,1.0,-1.000088900581841e-12,0.0,0.0,100.0,0.0,0.0,0.0,0.0,0.0,0.0,0.0,4,0,0.5395033860045146,0.0,0.0,0.0,0.0,0.0,0.0,1
0.0,0.0,0.0,0.0,0.0,0.0,0.0,0.0,4.0,1.0,-1.000088900581841e-12,0.0,0.0,100.0,0.0,0.0,0.0,0.0,0.0,0.0,0.0,5,0,0.5395033860045146,0.0,0.0,0.0,0.0,0.0,0.0,1
0.0,0.0,0.0,0.0,0.0,0.0,0.0,0.0,0.0,0.0,0.0,0.0,0.0,100.0,0.0,0.0,0.0,0.0,0.0,0.0,0.0,5,0,0.5395033860045146,0.0,0.0,0.0,0.0,0.0,0.0,1
0.0,0.0,0.0,0.0,0.0,0.0,0.0,0.0,0.0,0.0,0.0,0.0,0.0,100.0,0.0,0.0,0.0,0.0,0.0,0.0,0.0,6,0,0.5395033860045146,0.0,0.0,0.0,0.0,0.0,0.0,1
0.0,0.0,0.0,0.0,0.0,0.0,0.0,0.0,0.0,0.0,0.0,0.0,0.0,100.0,0.0,0.0,0.0,0.0,0.0,0.0,0.0,6,0,0.5395033860045146,0.0,0.0,0.0,0.0,0.0,0.0,1
0.0,0.0,0.0,0.0,0.0,0.0,0.0,0.0,0.0,0.0,0.0,0.0,0.0,100.0,0.0,0.0,0.0,0.0,0.0,0.0,0.0,7,0,0.5395033860045146,0.0,0.0,0.0,0.0,0.0,0.0,1
0.0,0.0,0.0,0.0,0.0,0.0,0.0,0.0,0.0,0.0,0.0,0.0,0.0,100.0,0.0,0.0,0.0,0.0,0.0,0.0,0.0,7,0,0.5395033860045146,0.0,0.0,0.0,0.0,0.0,0.0,1
0.0,0.0,0.0,0.0,0.0,0.0,0.0,0.0,2.0,1.0,-1.000088900581841e-12,0.0,0.0,100.0,0.0,0.0,0.0,0.0,0.0,0.0,0.0,8,1,0.5395033860045146,0.0,0.0,0.0,0.0,0.0,0.0,1
148.0,6.0,1.5770030521921676,0.0,0.0,0.0,0.0,0.0,120.0,9.0,1.1832753523986133,0.0,0.0,99.0,0.0,0.0,0.0,0.0,4.0,602.0,2.0,8,1,0.5395033860045146,74.0,37.0,0.0,0.0,0.0,0.0,1
80.0,6.0,1.3089618459852173,0.0,0.0,0.0,0.0,0.0,24.0,3.0,1.0114042647043515,0.0,0.0,92.16666666666669,0.0,0.0,0.0,0.0,0.0,360.0,0.0,9,1,0.5395033860045146,71.43295224661142,57.0,0.0,0.0,0.0,0.0,1
86.0,3.0,0.6568134914208055,0.0,0.0,0.0,0.0,0.0,64.0,3.0,0.7029189307705104,0.0,0.0,86.07142857142857,0.0,0.0,0.0,0.0,6.0,344.0,6.0,9,1,0.5395033860045146,60.69321763316447,78.5,0.0,0.0,0.0,0.0,1
100.0,7.0,1.6423457043494656,0.0,0.0,0.0,0.0,0.0,78.0,5.0,1.2734895383114693,0.0,0.0,80.41176470588235,0.0,2.0,0.0,2.0,6.0,202.0,4.0,10,1,0.5395033860045146,30.8274769213008,103.5,0.0,0.0,0.0,0.0,2
166.0,10.0,1.8686641081795623,0.0,58.0,0.0,0.0,0.0,114.0,7.0,1.4183837005059643,0.0,0.0,74.35,0.0,0.0,0.0,0.0,18.0,720.0,14.0,10,1,0.5395033860045146,39.56429366655411,108.0,29.00000000000002,14.5,0.0,0.0,2
214.0,5.0,0.904886420584158,0.0,68.0,0.0,0.0,0.0,152.0,5.0,1.0401587147916034,0.0,0.0,67.47058823529412,0.0,0.0,0.0,0.0,18.0,374.0,16.0,11,1,0.5395033860045146,59.60704656330491,141.5,36.60145716589256,31.5,0.0,0.0,2
76.0,5.0,1.2415177870736551,0.0,0.0,0.0,0.0,0.0,84.0,5.0,1.3545722175321957,0.0,0.0,62.25,0.0,0.0,0.0,0.0,14.0,340.0,12.0,11,1,0.5395033860045146,62.83311228962003,139.0,36.60145716589256,31.5,0.0,0.0,2
46.0,5.0,1.285572451282814,0.0,0.0,0.0,0.0,0.0,32.0,4.0,1.245016889248439,0.0,0.0,58.63636363636363,0.0,0.0,0.0,0.0,24.0,196.0,12.0,12,1,0.5395033860045146,77.9807668595276,125.5,36.60145716589256,31.5,0.0,0.0,1
106.0,8.0,1.7698512736163616,0.0,0.0,0.0,0.0,0.0,50.0,4.0,1.1087773167570627,0.0,0.0,54.9375,0.0,0.0,0.0,0.0,40.0,256.0,20.0,12,1,0.5395033860045146,73.21885003194191,110.5,34.000000000000014,17.0,0.0,0.0,2
86.0,6.0,1.6321389071427672,0.0,0.0,0.0,0.0,0.0,86.0,6.0,1.2328613827253094,0.0,0.0,49.0625,0.0,0.0,0.0,0.0,24.0,440.0,14.0,13,1,0.5395033860045146,25.0,78.5,0.0,0.0,0.0,0.0,2
102.0,7.0,1.585069971296605,0.0,0.0,0.0,0.0,0.0,68.0,5.0,1.42179139018292,0.0,0.0,41.42857142857143,0.0,0.0,0.0,0.0,18.0,470.0,8.0,13,1,0.5395033860045146,27.39829678404602,85.0,0.0,0.0,0.0,0.0,2
66.0,7.0,1.7618084113260215,0.0,0.0,0.0,0.0,0.0,80.0,7.0,1.585927803302085,0.0,0.0,35.166666666666664,0.0,0.0,0.0,0.0,44.0,496.0,16.0,14,1,0.5395033860045146,18.184242262647807,90.0,0.0,0.0,0.0,0.0,1
54.0,4.0,0.8256554800917846,0.0,0.0,0.0,0.0,0.0,8.0,2.0,0.6931471805579453,0.0,0.0,28.33333333333333,0.0,0.0,0.0,0.0,0.0,496.0,0.0,14,1,0.5395033860045146,21.2602916254693,77.0,0.0,0.0,0.0,0.0,2
420.0,5.0,1.125513953569052,0.0,0.0,0.0,0.0,0.0,150.0,5.0,0.8777854969927097,0.0,6.0,30.90909090909091,0.0,0.0,0.0,0.0,8.0,1522.0,2.0,15,1,0.5395033860045146,174.19816302131318,160.5,0.0,0.0,0.0,0.0,2
250.0,8.0,0.9806262449078538,0.0,0.0,0.0,0.0,0.0,272.0,6.0,0.8607754053976686,0.0,8.0,52.625,0.0,0.0,0.0,0.0,48.0,2682.0,8.0,15,1,0.5395033860045146,173.34647386087784,197.5,0.0,0.0,0.0,0.0,2
70.0,6.0,1.5616925834222508,0.0,0.0,0.0,0.0,0.0,28.0,2.0,0.6829081046984717,0.0,0.0,56.4,0.0,0.0,0.0,0.0,32.0,362.0,12.0,16,1,0.5395033860045146,172.34364894980416,198.5,0.0,0.0,0.0,0.0,1
190.0,7.0,1.391427484697611,0.0,0.0,0.0,0.0,0.0,0.0,0.0,0.0,0.0,0.0,70.47826086956522,0.0,0.0,0.0,0.0,6.0,494.0,6.0,20,1,0.5395033860045146,108.09255293497328,131.0,0.0,0.0,0.0,0.0,2
98.0,9.0,1.890773534116828,0.0,0.0,0.0,0.0,0.0,0.0,0.0,0.0,0.0,0.0,62.833333333333336,0.0,0.0,0.0,0.0,20.0,978.0,14.0,20,1,0.5395033860045146,73.4937639077856,93.0,0.0,0.0,0.0,0.0,1
98.0,6.0,1.4703206179486783,0.0,0.0,0.0,0.0,0.0,0.0,0.0,0.0,0.0,0.0,55.5,0.0,0.0,0.0,0.0,20.0,436.0,8.0,21,0,0.5395033860045146,71.8888030224457,100.0,0.0,0.0,0.0,0.0,1
98.0,6.0,1.183361246672998,0.0,0.0,0.0,0.0,0.0,0.0,0.0,0.0,0.0,0.0,48.31578947368421,0.0,0.0,0.0,0.0,8.0,176.0,6.0,21,0,0.5395033860045146,45.99999999999999,121.0,0.0,0.0,0.0,0.0,1
104.0,8.0,1.9128342339802369,0.0,0.0,0.0,0.0,0.0,0.0,0.0,0.0,0.0,0.0,41.23076923076923,0.0,0.0,0.0,0.0,4.0,1320.0,2.0,22,0,0.5395033860045146,2.999999999999748,99.5,0.0,0.0,0.0,0.0,1
48.0,5.0,1.4665254277914388,0.0,0.0,0.0,0.0,0.0,0.0,0.0,0.0,0.0,0.0,34.1,0.0,0.0,4.0,0.0,16.0,474.0,22.0,22,0,0.5395033860045146,26.153393661244014,87.0,0.0,0.0,0.0,0.0,2
122.0,3.0,0.6742687983441162,0.0,0.0,0.0,0.0,0.0,0.0,0.0,0.0,0.0,4.0,29.818181818181817,0.0,0.0,0.0,0.0,4.0,126.0,0.0,23,0,0.5395033860045146,31.685959035509697,93.0,0.0,0.0,0.0,0.0,1
712.0,1.0,-1.000088900581841e-12,0.0,0.0,0.0,0.0,0.0,0.0,0.0,0.0,0.0,0.0,57.5,0.0,0.0,0.0,0.0,0.0,0.0,0.0,23,0,0.5395033860045146,311.9289449003838,246.5,0.0,0.0,0.0,0.0,1
600.0,1.0,-1.000088900581841e-12,0.0,0.0,0.0,0.0,0.0,0.0,0.0,0.0,0.0,0.0,79.9,0.0,0.0,0.0,0.0,0.0,0.0,0.0,0,0,0.5395033860045146,334.1910631160963,370.5,0.0,0.0,0.0,0.0,1
0.0,0.0,0.0,0.0,0.0,0.0,0.0,0.0,0.0,0.0,0.0,0.0,0.0,80.0,0.0,0.0,0.0,0.0,0.0,0.0,0.0,0,0,0.5395033860045146,350.1137910260986,358.5,0.0,0.0,0.0,0.0,1
0.0,0.0,0.0,0.0,0.0,0.0,0.0,0.0,0.0,0.0,0.0,0.0,0.0,80.0,0.0,0.0,0.0,0.0,0.0,0.0,0.0,1,0,0.5395033860045146,381.4918085621237,328.0,0.0,0.0,0.0,0.0,1
0.0,0.0,0.0,0.0,0.0,0.0,0.0,0.0,0.0,0.0,0.0,0.0,0.0,80.0,0.0,0.0,0.0,0.0,0.0,0.0,0.0,1,0,0.5395033860045146,300.0,150.0,0.0,0.0,0.0,0.0,1
0.0,0.0,0.0,0.0,0.0,0.0,0.0,0.0,0.0,0.0,0.0,0.0,0.0,80.0,0.0,0.0,0.0,0.0,0.0,0.0,0.0,2,0,0.5395033860045146,0.0,0.0,0.0,0.0,0.0,0.0,1
0.0,0.0,0.0,0.0,0.0,0.0,0.0,0.0,0.0,0.0,0.0,0.0,0.0,80.0,0.0,0.0,0.0,0.0,0.0,0.0,0.0,2,0,0.5395033860045146,0.0,0.0,0.0,0.0,0.0,0.0,1
0.0,0.0,0.0,0.0,0.0,0.0,0.0,0.0,0.0,0.0,0.0,0.0,0.0,80.0,0.0,0.0,0.0,0.0,0.0,0.0,0.0,3,0,0.5395033860045146,0.0,0.0,0.0,0.0,0.0,0.0,1
0.0,0.0,0.0,0.0,0.0,0.0,0.0,0.0,0.0,0.0,0.0,0.0,0.0,80.0,0.0,0.0,0.0,0.0,0.0,0.0,0.0,3,0,0.5395033860045146,0.0,0.0,0.0,0.0,0.0,0.0,1
0.0,0.0,0.0,0.0,0.0,0.0,0.0,0.0,0.0,0.0,0.0,0.0,0.0,80.0,0.0,0.0,0.0,0.0,0.0,0.0,0.0,4,0,0.5395033860045146,0.0,0.0,0.0,0.0,0.0,0.0,1
0.0,0.0,0.0,0.0,0.0,0.0,0.0,0.0,0.0,0.0,0.0,0.0,0.0,80.0,0.0,0.0,0.0,0.0,0.0,0.0,0.0,4,0,0.5395033860045146,0.0,0.0,0.0,0.0,0.0,0.0,1
0.0,0.0,0.0,0.0,0.0,0.0,0.0,0.0,0.0,0.0,0.0,0.0,0.0,87.26666666666667,0.0,0.0,0.0,0.0,0.0,0.0,0.0,5,0,0.5395033860045146,0.0,0.0,0.0,0.0,0.0,0.0,1
0.0,0.0,0.0,0.0,0.0,0.0,0.0,0.0,0.0,0.0,0.0,0.0,0.0,97.43333333333334,0.0,0.0,0.0,0.0,0.0,0.0,0.0,5,0,0.5395033860045146,0.0,0.0,0.0,0.0,0.0,0.0,1
0.0,0.0,0.0,0.0,0.0,0.0,0.0,0.0,0.0,0.0,0.0,0.0,0.0,100.0,0.0,0.0,0.0,0.0,0.0,0.0,0.0,6,0,0.5395033860045146,0.0,0.0,0.0,0.0,0.0,0.0,1
0.0,0.0,0.0,0.0,0.0,0.0,0.0,0.0,0.0,0.0,0.0,0.0,0.0,100.0,0.0,0.0,0.0,0.0,0.0,0.0,0.0,6,0,0.5395033860045146,0.0,0.0,0.0,0.0,0.0,0.0,1
0.0,0.0,0.0,0.0,0.0,0.0,0.0,0.0,0.0,0.0,0.0,0.0,0.0,100.0,0.0,0.0,0.0,0.0,0.0,0.0,0.0,7,0,0.5395033860045146,0.0,0.0,0.0,0.0,0.0,0.0,1
0.0,0.0,0.0,0.0,0.0,0.0,0.0,0.0,0.0,0.0,0.0,0.0,0.0,100.0,0.0,0.0,0.0,0.0,0.0,0.0,0.0,7,0,0.5395033860045146,0.0,0.0,0.0,0.0,0.0,0.0,1
0.0,0.0,0.0,0.0,0.0,0.0,0.0,0.0,0.0,0.0,0.0,0.0,0.0,100.0,0.0,0.0,0.0,0.0,0.0,0.0,0.0,8,1,0.5395033860045146,0.0,0.0,0.0,0.0,0.0,0.0,1
202.0,5.0,1.1826481412890253,0.0,0.0,0.0,0.0,0.0,0.0,0.0,0.0,0.0,0.0,98.8181818181818,0.0,0.0,0.0,0.0,8.0,1736.0,4.0,8,1,0.5395033860045146,101.0,50.5,0.0,0.0,0.0,0.0,1
118.0,3.0,0.5078965002431536,0.0,0.0,0.0,0.0,0.0,0.0,0.0,0.0,0.0,0.0,92.61111111111111,0.0,0.0,0.0,0.0,0.0,300.0,0.0,9,1,0.5395033860045146,98.5359494465514,80.0,0.0,0.0,0.0,0.0,2
108.0,8.0,1.8987517414305737,0.0,0.0,0.0,0.0,0.0,0.0,0.0,0.0,0.0,0.0,86.9375,0.0,4.0,0.0,4.0,24.0,764.0,10.0,9,1,0.5395033860045146,82.85730706059262,107.0,0.0,0.0,0.0,0.0,2
124.0,6.0,1.550628808510793,0.0,0.0,0.0,0.0,0.0,0.0,0.0,0.0,0.0,0.0,80.58823529411765,0.0,0.0,0.0,0.0,16.0,1096.0,8.0,10,1,0.5395033860045146,43.1740662898458,138.0,0.0,0.0,0.0,0.0,1
44.0,4.0,1.2579577240355604,0.0,0.0,0.0,0.0,0.0,0.0,0.0,0.0,0.0,0.0,75.3,0.0,0.0,0.0,0.0,24.0,350.0,24.0,10,1,0.5395033860045146,36.92785759649029,98.5,0.0,0.0,0.0,0.0,2
36.0,6.0,1.7210891492227167,0.0,0.0,0.0,0.0,0.0,0.0,0.0,0.0,0.0,0.0,70.0,0.0,0.0,0.0,0.0,24.0,450.0,18.0,11,1,0.5395033860045146,44.4822061802994,78.0,0.0,0.0,0.0,0.0,2
42.0,4.0,0.9121588139150028,0.0,0.0,0.0,0.0,0.0,0.0,0.0,0.0,0.0,0.0,64.0,0.0,0.0,0.0,0.0,4.0,118.0,8.0,11,1,0.5395033860045146,41.80510335672746,61.5,0.0,0.0,0.0,0.0,1
38.0,4.0,1.347484876992938,0.0,0.0,0.0,0.0,0.0,0.0,0.0,0.0,0.0,0.0,60.375,0.0,0.0,0.0,0.0,28.0,70.0,12.0,12,1,0.5395033860045146,3.651483716701039,40.0,0.0,0.0,0.0,0.0,2
62.0,6.0,1.717482982939018,0.0,34.0,0.0,0.0,0.0,0.0,0.0,0.0,0.0,0.0,56.8,0.0,0.0,0.0,0.0,20.0,188.0,12.0,12,1,0.5395033860045146,11.930353445448832,44.5,17.000000000000036,8.5,0.0,0.0,2
94.0,6.0,1.3892199045791471,0.0,64.0,0.0,0.0,0.0,0.0,0.0,0.0,0.0,0.0,53.0,0.0,0.0,0.0,0.0,24.0,224.0,12.0,13,1,0.5395033860045146,25.586454749860643,59.0,30.82747692130081,24.5,0.0,0.0,1
44.0,4.0,0.9295776887119248,0.0,0.0,0.0,0.0,0.0,0.0,0.0,0.0,0.0,0.0,46.333333333333336,0.0,0.0,0.0,0.0,4.0,262.0,6.0,13,1,0.5395033860045146,25.15949125081824,59.5,30.82747692130081,24.5,0.0,0.0,2
30.0,6.0,1.6170531525035536,0.0,0.0,0.0,0.0,0.0,0.0,0.0,0.0,0.0,0.0,38.75,0.0,0.0,0.0,0.0,12.0,426.0,14.0,14,1,0.5395033860045146,27.63451947595011,57.5,30.82747692130081,24.5,0.0,0.0,2
34.0,4.0,1.1499171377869295,0.0,0.0,0.0,0.0,0.0,0.0,0.0,0.0,0.0,0.0,34.125,0.0,0.0,0.0,0.0,20.0,118.0,16.0,14,1,0.5395033860045146,29.591665493288243,50.5,32.000000000000014,16.0,0.0,0.0,2
34.0,5.0,1.3954986777101883,0.0,0.0,0.0,0.0,0.0,0.0,0.0,0.0,0.0,0.0,31.428571428571427,0.0,0.0,0.0,0.0,24.0,218.0,14.0,15,1,0.5395033860045146,5.972157622389588,35.5,0.0,0.0,0.0,0.0,2
64.0,4.0,1.0337005498485017,0.0,0.0,0.0,0.0,0.0,0.0,0.0,0.0,0.0,0.0,27.15384615384616,0.0,0.0,0.0,0.0,60.0,520.0,24.0,15,1,0.5395033860045146,15.779733838059482,40.5,0.0,0.0,0.0,0.0,2
72.0,6.0,1.544697450217246,0.0,0.0,0.0,0.0,0.0,0.0,0.0,0.0,0.0,0.0,23.818181818181817,0.0,0.0,0.0,0.0,90.0,594.0,14.0,16,1,0.5395033860045146,19.899748742132385,51.0,0.0,0.0,0.0,0.0,2
56.0,6.0,1.7197602883756058,0.0,0.0,0.0,0.0,0.0,0.0,0.0,0.0,0.0,0.0,19.09090909090909,0.0,0.0,0.0,0.0,36.0,562.0,26.0,16,1,0.5395033860045146,16.36052158907735,56.5,0.0,0.0,0.0,0.0,2
314.0,5.0,1.0551606306414492,0.0,0.0,0.0,0.0,0.0,0.0,0.0,0.0,0.0,18.0,21.047619047619047,0.0,0.0,0.0,0.0,60.0,660.0,22.0,17,1,0.5395033860045146,125.17055031702412,126.5,0.0,0.0,0.0,0.0,2
520.0,4.0,1.0919463807842584,0.0,0.0,0.0,0.0,0.0,0.0,0.0,0.0,0.0,0.0,50.63636363636363,0.0,0.0,0.0,0.0,30.0,212.0,14.0,17,1,0.5395033860045146,220.57122810254893,240.5,0.0,0.0,0.0,0.0,2
42.0,4.0,1.1412264849845593,0.0,0.0,0.0,0.0,0.0,0.0,0.0,0.0,0.0,0.0,88.75,0.0,0.0,0.0,0.0,12.0,150.0,10.0,18,1,0.5395033860045146,228.5752975863024,233.0,0.0,0.0,0.0,0.0,3
52.0,7.0,1.784246690539517,0.0,0.0,0.0,0.0,0.0,0.0,0.0,0.0,0.0,0.0,92.1818181818182,0.0,0.0,0.0,0.0,42.0,568.0,22.0,18,1,0.5395033860045146,229.61416913306252,232.0,0.0,0.0,0.0,0.0,3
66.0,5.0,1.499030672974008,0.0,0.0,0.0,0.0,0.0,0.0,0.0,0.0,0.0,0.0,86.88888888888889,0.0,0.0,0.0,0.0,30.0,810.0,10.0,19,1,0.5395033860045146,233.5408600937604,170.0,0.0,0.0,0.0,0.0,2
92.0,7.0,1.6336628146267844,0.0,0.0,0.0,0.0,0.0,0.0,0.0,0.0,0.0,0.0,80.45454545454545,0.0,0.0,0.0,0.0,12.0,1046.0,8.0,19,1,0.5395033860045146,21.694853460363905,63.0,0.0,0.0,0.0,0.0,2
66.0,7.0,1.7752269955428366,0.0,0.0,0.0,0.0,0.0,0.0,0.0,0.0,0.0,0.0,74.53846153846153,0.0,0.0,0.0,0.0,60.0,552.0,24.0,20,1,0.5395033860045146,16.693312034065123,69.0,0.0,0.0,0.0,0.0,1
38.0,5.0,1.2947749214425035,0.0,0.0,0.0,0.0,0.0,0.0,0.0,0.0,0.0,0.0,70.375,0.0,0.0,0.0,0.0,18.0,272.0,20.0,20,1,0.5395033860045146,22.052966542697384,65.5,0.0,0.0,0.0,0.0,1
34.0,4.0,1.2181950724140416,0.0,0.0,0.0,0.0,0.0,0.0,0.0,0.0,0.0,0.0,66.71428571428571,0.0,0.0,0.0,0.0,24.0,204.0,18.0,21,0,0.5395033860045146,27.049337638224404,57.5,0.0,0.0,0.0,0.0,1
30.0,5.0,1.450252344658491,0.0,0.0,0.0,0.0,0.0,0.0,0.0,0.0,0.0,0.0,64.0,0.0,0.0,0.0,0.0,30.0,206.0,16.0,21,0,0.5395033860045146,16.329931618554422,42.0,0.0,0.0,0.0,0.0,1
46.0,5.0,1.5063615742555336,0.0,0.0,0.0,0.0,0.0,0.0,0.0,0.0,0.0,0.0,60.875,0.0,0.0,4.0,0.0,36.0,682.0,16.0,22,0,0.5395033860045146,6.831300510639499,37.0,0.0,0.0,0.0,0.0,2
88.0,4.0,1.1422392105141188,0.0,0.0,0.0,0.0,0.0,0.0,0.0,0.0,0.0,6.0,54.63636363636363,0.0,0.0,0.0,0.0,6.0,402.0,0.0,22,0,0.5395033860045146,26.551836094703447,49.5,0.0,0.0,0.0,0.0,2
706.0,1.0,-1.000088900581841e-12,0.0,0.0,0.0,0.0,0.0,0.0,0.0,0.0,0.0,0.0,71.56666666666666,0.0,0.0,0.0,0.0,0.0,0.0,0.0,23,0,0.5395033860045146,326.5838330352561,217.5,0.0,0.0,0.0,0.0,1
658.0,1.0,-1.000088900581841e-12,0.0,0.0,0.0,0.0,0.0,0.0,0.0,0.0,0.0,0.0,80.0,0.0,0.0,0.0,0.0,0.0,0.0,0.0,23,0,0.5395033860045146,356.0238756038702,374.5,0.0,0.0,0.0,0.0,1
0.0,0.0,0.0,0.0,0.0,0.0,0.0,0.0,0.0,0.0,0.0,0.0,0.0,80.0,0.0,0.0,0.0,0.0,0.0,0.0,0.0,0,0,0.5395033860045146,370.6157039306349,363.0,0.0,0.0,0.0,0.0,1
0.0,0.0,0.0,0.0,0.0,0.0,0.0,0.0,0.0,0.0,0.0,0.0,0.0,80.0,0.0,0.0,0.0,0.0,0.0,0.0,0.0,0,0,0.5395033860045146,394.2401975107731,341.0,0.0,0.0,0.0,0.0,1
0.0,0.0,0.0,0.0,0.0,0.0,0.0,0.0,0.0,0.0,0.0,0.0,0.0,80.0,0.0,0.0,0.0,0.0,0.0,0.0,0.0,1,0,0.5395033860045146,329.0,164.5,0.0,0.0,0.0,0.0,1
0.0,0.0,0.0,0.0,0.0,0.0,0.0,0.0,0.0,0.0,0.0,0.0,0.0,80.0,0.0,0.0,0.0,0.0,0.0,0.0,0.0,1,0,0.5395033860045146,0.0,0.0,0.0,0.0,0.0,0.0,1
0.0,0.0,0.0,0.0,0.0,0.0,0.0,0.0,0.0,0.0,0.0,0.0,0.0,80.0,0.0,0.0,0.0,0.0,0.0,0.0,0.0,2,0,0.5395033860045146,0.0,0.0,0.0,0.0,0.0,0.0,1
0.0,0.0,0.0,0.0,0.0,0.0,0.0,0.0,0.0,0.0,0.0,0.0,0.0,80.0,0.0,0.0,0.0,0.0,0.0,0.0,0.0,2,0,0.5395033860045146,0.0,0.0,0.0,0.0,0.0,0.0,1
0.0,0.0,0.0,0.0,0.0,0.0,0.0,0.0,0.0,0.0,0.0,0.0,0.0,80.0,0.0,0.0,0.0,0.0,0.0,0.0,0.0,3,0,0.5395033860045146,0.0,0.0,0.0,0.0,0.0,0.0,1
0.0,0.0,0.0,0.0,0.0,0.0,0.0,0.0,0.0,0.0,0.0,0.0,0.0,80.0,0.0,0.0,0.0,0.0,0.0,0.0,0.0,3,0,0.5395033860045146,0.0,0.0,0.0,0.0,0.0,0.0,1
0.0,0.0,0.0,0.0,0.0,0.0,0.0,0.0,0.0,0.0,0.0,0.0,0.0,82.96666666666667,0.0,0.0,0.0,0.0,0.0,0.0,0.0,4,0,0.5395033860045146,0.0,0.0,0.0,0.0,0.0,0.0,1
0.0,0.0,0.0,0.0,0.0,0.0,0.0,0.0,0.0,0.0,0.0,0.0,0.0,94.96666666666668,0.0,0.0,0.0,0.0,0.0,0.0,0.0,4,0,0.5395033860045146,0.0,0.0,0.0,0.0,0.0,0.0,1
0.0,0.0,0.0,0.0,0.0,0.0,0.0,0.0,0.0,0.0,0.0,0.0,0.0,99.9,0.0,0.0,0.0,0.0,0.0,0.0,0.0,5,0,0.5395033860045146,0.0,0.0,0.0,0.0,0.0,0.0,1
0.0,0.0,0.0,0.0,0.0,0.0,0.0,0.0,0.0,0.0,0.0,0.0,0.0,100.0,0.0,0.0,0.0,0.0,0.0,0.0,0.0,5,0,0.5395033860045146,0.0,0.0,0.0,0.0,0.0,0.0,1
0.0,0.0,0.0,0.0,0.0,0.0,0.0,0.0,0.0,0.0,0.0,0.0,0.0,100.0,0.0,0.0,0.0,0.0,0.0,0.0,0.0,6,0,0.5395033860045146,0.0,0.0,0.0,0.0,0.0,0.0,1
142.0,6.0,1.609539945114781,0.0,0.0,0.0,0.0,0.0,0.0,0.0,0.0,0.0,0.0,99.6153846153846,0.0,6.0,0.0,6.0,18.0,1006.0,10.0,6,0,0.5395033860045146,71.00000000000013,35.5,0.0,0.0,0.0,0.0,1
4.0,1.0,-1.000088900581841e-12,0.0,0.0,0.0,0.0,0.0,0.0,0.0,0.0,0.0,0.0,46.5,0.0,0.0,0.0,0.0,0.0,0.0,0.0,13,1,0.5395033860045146,93.71410423908108,66.5,0.0,0.0,0.0,0.0,1
346.0,7.0,0.9585280650901324,0.0,0.0,0.0,0.0,0.0,376.0,6.0,0.8629336551341815,0.0,2.0,49.5,0.0,0.0,0.0,0.0,24.0,478.0,16.0,15,1,0.5395033860045146,161.47135968957474,108.5,0.0,0.0,0.0,0.0,2
584.0,5.0,0.1892167459868336,0.0,0.0,0.0,0.0,0.0,36.0,2.0,0.6365141682928128,0.0,0.0,81.8076923076923,0.0,0.0,0.0,0.0,22.0,102.0,6.0,16,1,0.5395033860045146,265.98746837648827,252.0,0.0,0.0,0.0,0.0,2
58.0,6.0,1.5845408468796265,0.0,0.0,0.0,0.0,0.0,38.0,2.0,0.5146531654269293,0.0,0.0,90.0,0.0,2.0,0.0,2.0,24.0,176.0,16.0,16,1,0.5395033860045146,250.1006464072681,265.5,0.0,0.0,0.0,0.0,1
48.0,4.0,0.8151862107916463,0.0,0.0,0.0,0.0,0.0,0.0,0.0,0.0,0.0,0.0,47.142857142857146,0.0,0.0,0.0,0.0,8.0,328.0,12.0,20,1,0.5395033860045146,256.9798954522837,201.0,0.0,0.0,0.0,0.0,2
42.0,5.0,1.3679648549318266,0.0,0.0,0.0,0.0,0.0,0.0,0.0,0.0,0.0,0.0,40.375,0.0,0.0,2.0,0.0,6.0,344.0,6.0,21,0,0.5395033860045146,32.99999999999995,65.5,0.0,0.0,0.0,0.0,2
36.0,4.0,1.1490596969666202,0.0,0.0,0.0,0.0,0.0,0.0,0.0,0.0,0.0,0.0,33.875,0.0,0.0,0.0,0.0,8.0,842.0,12.0,21,0,0.5395033860045146,36.331804249169856,60.0,0.0,0.0,0.0,0.0,2
56.0,4.0,1.239834539334269,0.0,0.0,0.0,0.0,0.0,0.0,0.0,0.0,0.0,0.0,29.5,0.0,0.0,0.0,0.0,10.0,340.0,12.0,22,0,0.5395033860045146,8.544003745317335,45.5,0.0,0.0,0.0,0.0,2
74.0,7.0,1.8742428146747043,0.0,0.0,0.0,0.0,0.0,0.0,0.0,0.0,0.0,0.0,24.90909090909091,0.0,0.0,0.0,0.0,4.0,436.0,4.0,22,0,0.5395033860045146,16.89181261242647,52.0,0.0,0.0,0.0,0.0,2
442.0,3.0,0.3426691854431353,0.0,0.0,0.0,0.0,0.0,0.0,0.0,0.0,0.0,2.0,30.13636363636364,0.0,0.0,0.0,0.0,4.0,144.0,4.0,23,0,0.5395033860045146,193.9553213156748,152.0,0.0,0.0,0.0,0.0,2
710.0,1.0,-1.000088900581841e-12,0.0,0.0,0.0,0.0,0.0,0.0,0.0,0.0,0.0,0.0,67.13333333333334,0.0,0.0,0.0,0.0,0.0,0.0,0.0,23,0,0.5395033860045146,314.74592928265173,320.5,0.0,0.0,0.0,0.0,1
312.0,1.0,-1.000088900581841e-12,0.0,0.0,0.0,0.0,0.0,0.0,0.0,0.0,0.0,0.0,80.0,0.0,0.0,0.0,0.0,0.0,0.0,0.0,0,0,0.5395033860045146,265.15592896759193,384.5,0.0,0.0,0.0,0.0,1
0.0,0.0,0.0,0.0,0.0,0.0,0.0,0.0,0.0,0.0,0.0,0.0,0.0,80.0,0.0,0.0,0.0,0.0,0.0,0.0,0.0,0,0,0.5395033860045146,294.9485830897763,366.0,0.0,0.0,0.0,0.0,1
0.0,0.0,0.0,0.0,0.0,0.0,0.0,0.0,0.0,0.0,0.0,0.0,0.0,80.0,0.0,0.0,0.0,0.0,0.0,0.0,0.0,1,0,0.5395033860045146,336.8100354799423,255.5,0.0,0.0,0.0,0.0,1
0.0,0.0,0.0,0.0,0.0,0.0,0.0,0.0,0.0,0.0,0.0,0.0,0.0,80.0,0.0,0.0,0.0,0.0,0.0,0.0,0.0,1,0,0.5395033860045146,156.0,78.0,0.0,0.0,0.0,0.0,1
0.0,0.0,0.0,0.0,0.0,0.0,0.0,0.0,0.0,0.0,0.0,0.0,0.0,80.0,0.0,0.0,0.0,0.0,0.0,0.0,0.0,2,0,0.5395033860045146,0.0,0.0,0.0,0.0,0.0,0.0,1
0.0,0.0,0.0,0.0,0.0,0.0,0.0,0.0,0.0,0.0,0.0,0.0,0.0,80.0,0.0,0.0,0.0,0.0,0.0,0.0,0.0,2,0,0.5395033860045146,0.0,0.0,0.0,0.0,0.0,0.0,1
0.0,0.0,0.0,0.0,0.0,0.0,0.0,0.0,0.0,0.0,0.0,0.0,0.0,80.0,0.0,0.0,0.0,0.0,0.0,0.0,0.0,3,0,0.5395033860045146,0.0,0.0,0.0,0.0,0.0,0.0,1
0.0,0.0,0.0,0.0,0.0,0.0,0.0,0.0,0.0,0.0,0.0,0.0,0.0,80.0,0.0,0.0,0.0,0.0,0.0,0.0,0.0,3,0,0.5395033860045146,0.0,0.0,0.0,0.0,0.0,0.0,1
0.0,0.0,0.0,0.0,0.0,0.0,0.0,0.0,0.0,0.0,0.0,0.0,0.0,80.0,0.0,0.0,0.0,0.0,0.0,0.0,0.0,4,0,0.5395033860045146,0.0,0.0,0.0,0.0,0.0,0.0,1
0.0,0.0,0.0,0.0,0.0,0.0,0.0,0.0,0.0,0.0,0.0,0.0,0.0,80.0,0.0,0.0,0.0,0.0,0.0,0.0,0.0,4,0,0.5395033860045146,0.0,0.0,0.0,0.0,0.0,0.0,1
0.0,0.0,0.0,0.0,0.0,0.0,0.0,0.0,0.0,0.0,0.0,0.0,0.0,87.9,0.0,0.0,0.0,0.0,0.0,0.0,0.0,5,0,0.5395033860045146,0.0,0.0,0.0,0.0,0.0,0.0,1
0.0,0.0,0.0,0.0,0.0,0.0,0.0,0.0,0.0,0.0,0.0,0.0,0.0,97.73333333333332,0.0,0.0,0.0,0.0,0.0,0.0,0.0,5,0,0.5395033860045146,0.0,0.0,0.0,0.0,0.0,0.0,1
0.0,0.0,0.0,0.0,0.0,0.0,0.0,0.0,0.0,0.0,0.0,0.0,0.0,100.0,0.0,0.0,0.0,0.0,0.0,0.0,0.0,6,0,0.5395033860045146,0.0,0.0,0.0,0.0,0.0,0.0,1
0.0,0.0,0.0,0.0,0.0,0.0,0.0,0.0,0.0,0.0,0.0,0.0,0.0,100.0,0.0,0.0,0.0,0.0,0.0,0.0,0.0,6,0,0.5395033860045146,0.0,0.0,0.0,0.0,0.0,0.0,1
0.0,0.0,0.0,0.0,0.0,0.0,0.0,0.0,0.0,0.0,0.0,0.0,0.0,100.0,0.0,0.0,0.0,0.0,0.0,0.0,0.0,7,0,0.5395033860045146,0.0,0.0,0.0,0.0,0.0,0.0,1
0.0,0.0,0.0,0.0,0.0,0.0,0.0,0.0,0.0,0.0,0.0,0.0,0.0,100.0,0.0,0.0,0.0,0.0,0.0,0.0,0.0,7,0,0.5395033860045146,0.0,0.0,0.0,0.0,0.0,0.0,1
178.0,6.0,1.346941499068777,0.0,0.0,0.0,0.0,0.0,0.0,0.0,0.0,0.0,0.0,99.3846153846154,0.0,0.0,0.0,0.0,4.0,516.0,2.0,8,1,0.5395033860045146,89.0,44.5,0.0,0.0,0.0,0.0,1
32.0,3.0,0.9743147528663496,0.0,0.0,0.0,0.0,0.0,0.0,0.0,0.0,0.0,0.0,93.5,0.0,0.0,0.0,0.0,0.0,116.0,0.0,8,1,0.5395033860045146,85.01568482736975,52.5,0.0,0.0,0.0,0.0,1
28.0,3.0,0.9556998911095343,0.0,0.0,0.0,0.0,0.0,0.0,0.0,0.0,0.0,0.0,90.28571428571428,0.0,0.0,0.0,0.0,4.0,48.0,2.0,9,1,0.5395033860045146,80.27245272611687,59.5,0.0,0.0,0.0,0.0,1
32.0,3.0,0.8815322611851637,0.0,0.0,0.0,0.0,0.0,0.0,0.0,0.0,0.0,0.0,89.5,0.0,0.0,0.0,0.0,4.0,36.0,2.0,9,1,0.5395033860045146,73.69079544511196,67.5,0.0,0.0,0.0,0.0,1
112.0,6.0,1.4119586537281634,0.0,0.0,0.0,0.0,0.0,0.0,0.0,0.0,0.0,0.0,85.94444444444444,0.0,2.0,0.0,2.0,8.0,590.0,8.0,10,1,0.5395033860045146,40.71035904205874,51.0,0.0,0.0,0.0,0.0,1
74.0,8.0,1.971235404877079,0.0,0.0,0.0,0.0,0.0,0.0,0.0,0.0,0.0,0.0,79.63636363636364,0.0,0.0,0.0,0.0,12.0,380.0,10.0,10,1,0.5395033860045146,39.57692930652066,61.5,0.0,0.0,0.0,0.0,2
42.0,5.0,1.487870341267239,0.0,0.0,0.0,0.0,0.0,0.0,0.0,0.0,0.0,0.0,73.44444444444444,0.0,0.0,0.0,0.0,10.0,340.0,14.0,11,1,0.5395033860045146,36.09247382303778,65.0,0.0,0.0,0.0,0.0,2
52.0,6.0,1.648381101699466,0.0,0.0,0.0,0.0,0.0,0.0,0.0,0.0,0.0,0.0,68.11111111111111,0.0,0.0,0.0,0.0,6.0,230.0,10.0,11,1,0.5395033860045146,31.0268700752536,70.0,0.0,0.0,0.0,0.0,2
50.0,6.0,1.5674243088817976,0.0,0.0,0.0,0.0,0.0,0.0,0.0,0.0,0.0,0.0,63.3,0.0,0.0,0.0,0.0,18.0,264.0,12.0,12,1,0.5395033860045146,13.699148392023034,54.5,0.0,0.0,0.0,0.0,2
126.0,8.0,1.6955447533632957,0.0,0.0,0.0,0.0,0.0,0.0,0.0,0.0,0.0,0.0,58.94736842105263,0.0,0.0,0.0,0.0,30.0,238.0,28.0,12,1,0.5395033860045146,39.2385864509244,67.5,0.0,0.0,0.0,0.0,2
62.0,7.0,1.7333649873588892,0.0,0.0,0.0,0.0,0.0,0.0,0.0,0.0,0.0,0.0,52.18181818181818,0.0,0.0,0.0,0.0,6.0,818.0,6.0,13,1,0.5395033860045146,36.05088995665249,72.5,0.0,0.0,0.0,0.0,1
32.0,5.0,1.353591352129606,0.0,0.0,0.0,0.0,0.0,0.0,0.0,0.0,0.0,0.0,47.5,0.0,0.0,0.0,0.0,12.0,82.0,6.0,13,1,0.5395033860045146,40.902322672435126,67.5,0.0,0.0,0.0,0.0,1
110.0,5.0,1.3359350321168404,0.0,0.0,0.0,0.0,0.0,0.0,0.0,0.0,0.0,0.0,45.083333333333336,0.0,0.0,0.0,0.0,14.0,838.0,8.0,14,1,0.5395033860045146,43.27817001676481,82.5,0.0,0.0,0.0,0.0,1
214.0,8.0,1.439353284067595,0.0,0.0,0.0,0.0,0.0,0.0,0.0,0.0,0.0,0.0,39.36,0.0,0.0,0.0,0.0,0.0,368.0,0.0,14,1,0.5395033860045146,79.75587752636166,104.5,0.0,0.0,0.0,0.0,2
50.0,5.0,1.3105329118412148,0.0,0.0,0.0,0.0,0.0,0.0,0.0,0.0,0.0,0.0,33.44444444444444,0.0,0.0,0.0,0.0,10.0,406.0,12.0,15,1,0.5395033860045146,82.0792300158816,101.5,0.0,0.0,0.0,0.0,2
184.0,7.0,1.2708317418688668,0.0,0.0,0.0,0.0,0.0,0.0,0.0,0.0,0.0,2.0,28.0625,0.0,0.0,0.0,0.0,6.0,730.0,6.0,15,1,0.5395033860045146,73.96170180122502,139.5,0.0,0.0,0.0,0.0,2
408.0,8.0,1.626547241385596,0.0,0.0,0.0,0.0,0.0,0.0,0.0,0.0,0.0,2.0,52.85,0.0,0.0,0.0,0.0,16.0,1982.0,14.0,16,1,0.5395033860045146,147.68434807611354,214.0,0.0,0.0,0.0,0.0,2
38.0,5.0,1.3066469989403453,0.0,0.0,0.0,0.0,0.0,0.0,0.0,0.0,0.0,0.0,76.625,0.0,0.0,0.0,0.0,10.0,96.0,12.0,16,1,0.5395033860045146,171.91470753448257,170.0,0.0,0.0,0.0,0.0,1
62.0,5.0,1.1931005547456146,0.0,0.0,0.0,0.0,0.0,0.0,0.0,0.0,0.0,0.0,73.11111111111111,0.0,0.0,0.0,0.0,12.0,274.0,14.0,17,1,0.5395033860045146,169.20598886170274,173.0,0.0,0.0,0.0,0.0,1
34.0,5.0,1.313010592035329,0.0,0.0,0.0,0.0,0.0,0.0,0.0,0.0,0.0,0.0,69.75,0.0,0.0,0.0,0.0,10.0,72.0,14.0,17,1,0.5395033860045146,182.08697555472403,135.5,0.0,0.0,0.0,0.0,1
50.0,3.0,0.9978737678684716,0.0,0.0,0.0,0.0,0.0,0.0,0.0,0.0,0.0,0.0,64.7,0.0,0.0,0.0,0.0,6.0,276.0,4.0,18,1,0.5395033860045146,12.649110640673582,46.0,0.0,0.0,0.0,0.0,2
62.0,9.0,2.028222889026885,0.0,0.0,0.0,0.0,0.0,0.0,0.0,0.0,0.0,0.0,56.888888888888886,0.0,0.0,0.0,0.0,16.0,162.0,8.0,18,1,0.5395033860045146,13.26649916142166,52.0,0.0,0.0,0.0,0.0,2
48.0,5.0,1.538445945904384,0.0,0.0,0.0,0.0,0.0,0.0,0.0,0.0,0.0,0.0,51.583333333333336,0.0,0.0,0.0,0.0,20.0,156.0,10.0,19,1,0.5395033860045146,11.474609652039074,48.5,0.0,0.0,0.0,0.0,1
60.0,8.0,1.9390215990265327,0.0,0.0,0.0,0.0,0.0,0.0,0.0,0.0,0.0,0.0,44.0,0.0,0.0,0.0,0.0,10.0,306.0,10.0,19,1,0.5395033860045146,7.023769168568606,55.0,0.0,0.0,0.0,0.0,2
86.0,5.0,1.4211440552740426,0.0,0.0,0.0,0.0,0.0,0.0,0.0,0.0,0.0,0.0,34.61538461538461,0.0,0.0,0.0,0.0,20.0,432.0,22.0,20,1,0.5395033860045146,15.91644851508448,64.0,0.0,0.0,0.0,0.0,2
78.0,8.0,1.834724733102203,0.0,0.0,0.0,0.0,0.0,0.0,0.0,0.0,0.0,0.0,28.384615384615383,0.0,0.0,0.0,0.0,10.0,296.0,14.0,20,1,0.5395033860045146,17.2046505340853,68.0,0.0,0.0,0.0,0.0,2
64.0,10.0,2.041005717991622,0.0,0.0,0.0,0.0,0.0,0.0,0.0,0.0,0.0,0.0,22.416666666666668,0.0,0.0,0.0,0.0,16.0,434.0,16.0,21,0,0.5395033860045146,12.110601416390027,72.0,0.0,0.0,0.0,0.0,2
270.0,7.0,1.529609673167226,0.0,0.0,0.0,0.0,0.0,0.0,0.0,0.0,0.0,2.0,23.5,0.0,0.0,0.0,0.0,4.0,1240.0,6.0,21,0,0.5395033860045146,97.4251849711699,124.5,0.0,0.0,0.0,0.0,2
186.0,6.0,1.0228585801501913,0.0,0.0,0.0,0.0,0.0,0.0,0.0,0.0,0.0,0.0,63.38461538461539,0.0,0.0,0.0,0.0,8.0,730.0,10.0,22,0,0.5395033860045146,97.082439194738,149.5,0.0,0.0,0.0,0.0,2
92.0,8.0,1.897790034579537,0.0,0.0,0.0,0.0,0.0,0.0,0.0,0.0,0.0,0.0,67.61538461538461,0.0,0.0,2.0,0.0,6.0,414.0,6.0,22,0,0.5395033860045146,93.84384192192192,153.0,0.0,0.0,0.0,0.0,2
102.0,7.0,1.6779788292335025,0.0,0.0,0.0,0.0,0.0,0.0,0.0,0.0,0.0,0.0,60.71428571428572,0.0,0.0,0.0,0.0,0.0,712.0,0.0,23,0,0.5395033860045146,83.1444526111033,162.5,0.0,0.0,0.0,0.0,2
108.0,3.0,0.475301170970801,0.0,0.0,0.0,0.0,0.0,0.0,0.0,0.0,0.0,0.0,53.5,0.0,0.0,0.0,0.0,0.0,144.0,0.0,23,0,0.5395033860045146,43.17406628984583,122.0,0.0,0.0,0.0,0.0,2
590.0,6.0,0.3844224253096943,0.0,0.0,0.0,0.0,0.0,0.0,0.0,0.0,0.0,2.0,63.0,0.0,0.0,0.0,0.0,2.0,70.0,0.0,0,0,0.5395033860045146,244.75566047250743,223.0,0.0,0.0,0.0,0.0,1
712.0,1.0,-1.000088900581841e-12,0.0,0.0,0.0,0.0,0.0,0.0,0.0,0.0,0.0,0.0,80.0,0.0,0.0,0.0,0.0,0.0,0.0,0.0,0,0,0.5395033860045146,319.15304583642416,378.0,0.0,0.0,0.0,0.0,1
162.0,1.0,-1.000088900581841e-12,0.0,0.0,0.0,0.0,0.0,0.0,0.0,0.0,0.0,0.0,80.0,0.0,0.0,0.0,0.0,0.0,0.0,0.0,1,0,0.5395033860045146,302.8508984082211,393.0,0.0,0.0,0.0,0.0,1
0.0,0.0,0.0,0.0,0.0,0.0,0.0,0.0,0.0,0.0,0.0,0.0,0.0,80.0,0.0,0.0,0.0,0.0,0.0,0.0,0.0,1,0,0.5395033860045146,339.3444660911191,366.0,0.0,0.0,0.0,0.0,1
0.0,0.0,0.0,0.0,0.0,0.0,0.0,0.0,0.0,0.0,0.0,0.0,0.0,80.0,0.0,0.0,0.0,0.0,0.0,0.0,0.0,2,0,0.5395033860045146,337.7469466923424,218.5,0.0,0.0,0.0,0.0,1
0.0,0.0,0.0,0.0,0.0,0.0,0.0,0.0,0.0,0.0,0.0,0.0,0.0,80.0,0.0,0.0,0.0,0.0,0.0,0.0,0.0,2,0,0.5395033860045146,80.99999999999989,40.5,0.0,0.0,0.0,0.0,1
0.0,0.0,0.0,0.0,0.0,0.0,0.0,0.0,0.0,0.0,0.0,0.0,0.0,80.0,0.0,0.0,0.0,0.0,0.0,0.0,0.0,3,0,0.5395033860045146,0.0,0.0,0.0,0.0,0.0,0.0,1
0.0,0.0,0.0,0.0,0.0,0.0,0.0,0.0,0.0,0.0,0.0,0.0,0.0,80.0,0.0,0.0,0.0,0.0,0.0,0.0,0.0,3,0,0.5395033860045146,0.0,0.0,0.0,0.0,0.0,0.0,1
0.0,0.0,0.0,0.0,0.0,0.0,0.0,0.0,0.0,0.0,0.0,0.0,0.0,80.0,0.0,0.0,0.0,0.0,0.0,0.0,0.0,4,0,0.5395033860045146,0.0,0.0,0.0,0.0,0.0,0.0,1
0.0,0.0,0.0,0.0,0.0,0.0,0.0,0.0,0.0,0.0,0.0,0.0,0.0,80.0,0.0,0.0,0.0,0.0,0.0,0.0,0.0,4,0,0.5395033860045146,0.0,0.0,0.0,0.0,0.0,0.0,1
0.0,0.0,0.0,0.0,0.0,0.0,0.0,0.0,0.0,0.0,0.0,0.0,0.0,88.5,0.0,0.0,0.0,0.0,0.0,0.0,0.0,5,0,0.5395033860045146,0.0,0.0,0.0,0.0,0.0,0.0,1
0.0,0.0,0.0,0.0,0.0,0.0,0.0,0.0,0.0,0.0,0.0,0.0,0.0,98.13333333333334,0.0,0.0,0.0,0.0,0.0,0.0,0.0,5,0,0.5395033860045146,0.0,0.0,0.0,0.0,0.0,0.0,1
0.0,0.0,0.0,0.0,0.0,0.0,0.0,0.0,0.0,0.0,0.0,0.0,0.0,100.0,0.0,0.0,0.0,0.0,0.0,0.0,0.0,6,0,0.5395033860045146,0.0,0.0,0.0,0.0,0.0,0.0,1
0.0,0.0,0.0,0.0,0.0,0.0,0.0,0.0,0.0,0.0,0.0,0.0,0.0,100.0,0.0,0.0,0.0,0.0,0.0,0.0,0.0,6,0,0.5395033860045146,0.0,0.0,0.0,0.0,0.0,0.0,1
0.0,0.0,0.0,0.0,0.0,0.0,0.0,0.0,0.0,0.0,0.0,0.0,0.0,100.0,0.0,0.0,0.0,0.0,0.0,0.0,0.0,7,0,0.5395033860045146,0.0,0.0,0.0,0.0,0.0,0.0,1
0.0,0.0,0.0,0.0,0.0,0.0,0.0,0.0,0.0,0.0,0.0,0.0,0.0,100.0,0.0,0.0,0.0,0.0,0.0,0.0,0.0,7,0,0.5395033860045146,0.0,0.0,0.0,0.0,0.0,0.0,1
0.0,0.0,0.0,0.0,0.0,0.0,0.0,0.0,0.0,0.0,0.0,0.0,0.0,100.0,0.0,0.0,0.0,0.0,0.0,0.0,0.0,8,1,0.5395033860045146,0.0,0.0,0.0,0.0,0.0,0.0,1
322.0,9.0,1.8074206351575768,0.0,0.0,0.0,0.0,0.0,0.0,0.0,0.0,0.0,0.0,99.6086956521739,0.0,0.0,0.0,0.0,6.0,1084.0,2.0,8,1,0.5395033860045146,160.99999999999994,80.5,0.0,0.0,0.0,0.0,1
142.0,6.0,1.190427576146356,0.0,0.0,0.0,0.0,0.0,0.0,0.0,0.0,0.0,0.0,93.54545454545456,0.0,2.0,0.0,2.0,8.0,420.0,10.0,9,1,0.5395033860045146,152.77870706788073,116.0,0.0,0.0,0.0,0.0,2
356.0,5.0,0.6405386445532022,0.0,70.0,0.0,0.0,0.0,0.0,0.0,0.0,0.0,0.0,88.36842105263158,0.0,0.0,0.0,0.0,10.0,1234.0,8.0,9,1,0.5395033860045146,165.81515813298446,205.0,35.000000000000014,17.5,0.0,0.0,1
108.0,6.0,1.5344018577239351,0.0,16.0,0.0,0.0,0.0,0.0,0.0,0.0,0.0,0.0,82.21428571428571,0.0,0.0,0.0,0.0,14.0,420.0,16.0,10,1,0.5395033860045146,125.10262453948218,232.0,33.20140559273559,21.5,0.0,0.0,1
88.0,4.0,0.7699719378632566,0.0,0.0,0.0,0.0,0.0,0.0,0.0,0.0,0.0,0.0,73.15384615384616,0.0,0.0,0.0,0.0,2.0,116.0,2.0,10,1,0.5395033860045146,123.69182134105168,173.5,33.20140559273559,21.5,0.0,0.0,1
168.0,9.0,1.6673010533372836,0.0,0.0,0.0,0.0,0.0,252.0,7.0,1.2096614196768438,0.0,2.0,71.13333333333334,0.0,0.0,0.0,0.0,8.0,992.0,6.0,18,1,0.5395033860045146,122.97425204759998,170.0,0.0,0.0,0.0,0.0,1
0.0,0.0,0.0,0.0,0.0,0.0,0.0,0.0,0.0,0.0,0.0,0.0,0.0,77.0,0.0,0.0,0.0,0.0,0.0,0.0,0.0,19,1,0.5395033860045146,139.47879169728031,158.5,0.0,0.0,0.0,0.0,1
136.0,8.0,1.605338022178174,0.0,0.0,0.0,0.0,0.0,20.0,4.0,1.3321790402061222,0.0,0.0,82.5625,0.0,0.0,0.0,0.0,4.0,610.0,2.0,10,1,0.5395033860045146,59.62941108770609,49.5,0.0,0.0,0.0,0.0,1
36.0,5.0,1.47984841847186,0.0,0.0,0.0,0.0,0.0,272.0,4.0,0.4768358221749018,0.0,0.0,75.11111111111111,0.0,0.0,0.0,0.0,8.0,240.0,6.0,10,1,0.5395033860045146,51.88127472091107,58.5,0.0,0.0,0.0,0.0,2
48.0,5.0,1.1877796262169498,0.0,0.0,0.0,0.0,0.0,942.0,4.0,0.0792900026268546,0.0,0.0,68.625,0.0,0.0,0.0,0.0,2.0,132.0,4.0,11,1,0.5395033860045146,50.47441596162006,61.5,0.0,0.0,0.0,0.0,2
36.0,3.0,0.9580002800857724,0.0,0.0,0.0,0.0,0.0,26.0,1.0,-1.000088900581841e-12,0.0,0.0,63.0,0.0,0.0,0.0,0.0,8.0,180.0,12.0,11,1,0.5395033860045146,48.33218389437808,64.0,0.0,0.0,0.0,0.0,2
98.0,8.0,1.7114912148526438,0.0,0.0,0.0,0.0,0.0,50.0,5.0,1.314910467895086,0.0,0.0,56.333333333333336,0.0,0.0,0.0,0.0,10.0,522.0,12.0,12,1,0.5395033860045146,29.546573405387967,54.5,0.0,0.0,0.0,0.0,2
74.0,6.0,1.718931123324719,0.0,0.0,0.0,0.0,0.0,68.0,6.0,1.451626173663328,0.0,0.0,50.72727272727273,0.0,0.0,0.0,0.0,8.0,484.0,8.0,12,1,0.5395033860045146,27.664658561661533,64.0,0.0,0.0,0.0,0.0,2
140.0,4.0,1.162979729690326,0.0,0.0,0.0,0.0,0.0,442.0,4.0,0.5144502513668353,0.0,0.0,45.75,0.0,0.0,0.0,0.0,12.0,882.0,8.0,13,1,0.5395033860045146,43.588989435406496,87.0,0.0,0.0,0.0,0.0,2
144.0,9.0,1.8814378269675889,0.0,0.0,0.0,0.0,0.0,20.0,4.0,1.3321790402061222,0.0,0.0,38.36842105263158,0.0,0.0,0.0,0.0,6.0,504.0,4.0,13,1,0.5395033860045146,33.82306905057522,114.0,0.0,0.0,0.0,0.0,2
34.0,1.0,-1.000088900581841e-12,0.0,0.0,0.0,0.0,0.0,0.0,0.0,0.0,0.0,0.0,31.142857142857142,0.0,0.0,0.0,0.0,0.0,480.0,0.0,14,1,0.5395033860045146,53.39163480046894,98.0,0.0,0.0,0.0,0.0,2
88.0,5.0,1.266855380294699,0.0,0.0,0.0,0.0,0.0,60.0,5.0,0.8586890466661516,0.0,2.0,22.5,0.0,0.0,0.0,0.0,14.0,330.0,14.0,14,1,0.5395033860045146,51.726846672367785,101.5,0.0,0.0,0.0,0.0,2
128.0,5.0,1.3011347519225147,0.0,0.0,0.0,0.0,0.0,214.0,5.0,0.6064576613765269,0.0,0.0,49.36363636363637,0.0,0.0,0.0,0.0,4.0,264.0,4.0,15,1,0.5395033860045146,49.027203333115445,98.5,0.0,0.0,0.0,0.0,2
44.0,3.0,0.5763820666218934,0.0,0.0,0.0,0.0,0.0,266.0,6.0,0.5895462137567186,0.0,0.0,82.75,0.0,0.0,0.0,0.0,4.0,70.0,8.0,15,1,0.5395033860045146,43.24735059322492,73.5,0.0,0.0,0.0,0.0,2
70.0,5.0,1.283683948752543,0.0,0.0,0.0,0.0,0.0,282.0,2.0,0.2178948805397715,0.0,0.0,90.1818181818182,0.0,0.0,0.0,0.0,14.0,254.0,8.0,16,1,0.5395033860045146,35.30344647953387,82.5,0.0,0.0,0.0,0.0,2
56.0,6.0,1.5332823431526956,0.0,0.0,0.0,0.0,0.0,26.0,3.0,0.8305178252842479,0.0,0.0,83.77777777777777,0.0,0.0,0.0,0.0,0.0,200.0,0.0,16,1,0.5395033860045146,37.21558813185651,74.5,0.0,0.0,0.0,0.0,2
36.0,4.0,1.276257364232179,0.0,0.0,0.0,0.0,0.0,42.0,6.0,1.4859552254421993,0.0,0.0,77.44444444444444,0.0,0.0,0.0,0.0,4.0,216.0,10.0,17,1,0.5395033860045146,14.82115605027644,51.5,0.0,0.0,0.0,0.0,2
30.0,3.0,0.8823109245120756,0.0,0.0,0.0,0.0,0.0,28.0,2.0,0.5982695885832573,0.0,0.0,72.85714285714286,0.0,0.0,0.0,0.0,12.0,266.0,10.0,17,1,0.5395033860045146,18.402898322455783,48.0,0.0,0.0,0.0,0.0,3
52.0,5.0,1.4508365670140502,0.0,0.0,0.0,0.0,0.0,32.0,3.0,0.9832739442433892,0.0,0.0,67.44444444444444,0.0,0.0,0.0,0.0,2.0,328.0,2.0,18,1,0.5395033860045146,12.476644848141104,43.5,0.0,0.0,0.0,0.0,3
58.0,3.0,0.7715028085915184,0.0,0.0,0.0,0.0,0.0,52.0,5.0,1.399789414520766,0.0,0.0,60.888888888888886,0.0,0.0,0.0,0.0,0.0,120.0,0.0,18,1,0.5395033860045146,13.165611772086878,44.0,0.0,0.0,0.0,0.0,2
58.0,5.0,1.262043285013727,0.0,0.0,0.0,0.0,0.0,38.0,3.0,0.6330395116614678,0.0,0.0,54.375,0.0,0.0,0.0,0.0,6.0,474.0,10.0,19,1,0.5395033860045146,13.30413469564929,49.5,0.0,0.0,0.0,0.0,2
70.0,6.0,1.510080786989204,0.0,0.0,0.0,0.0,0.0,42.0,4.0,1.291209434286213,0.0,0.0,47.5,0.0,0.0,0.0,0.0,2.0,762.0,2.0,19,1,0.5395033860045146,7.549834435269374,59.5,0.0,0.0,0.0,0.0,2
50.0,5.0,1.509533719787005,0.0,0.0,0.0,0.0,0.0,88.0,4.0,0.999866192909214,0.0,0.0,41.5,0.0,0.0,0.0,0.0,14.0,228.0,20.0,20,1,0.5395033860045146,8.246211251234062,59.0,0.0,0.0,0.0,0.0,2
76.0,6.0,1.5478233628937184,0.0,0.0,0.0,0.0,0.0,104.0,5.0,1.085086125234762,0.0,0.0,34.90909090909091,0.0,0.0,0.0,0.0,14.0,286.0,12.0,20,1,0.5395033860045146,11.704699910718736,63.5,0.0,0.0,0.0,0.0,2
18.0,2.0,0.5297061990556545,0.0,0.0,0.0,0.0,0.0,50.0,4.0,1.1778210141454903,0.0,0.0,28.285714285714285,0.0,0.0,0.0,0.0,2.0,78.0,12.0,21,0,0.5395033860045146,26.147020225384114,53.5,0.0,0.0,0.0,0.0,2
32.0,5.0,1.3535913521296064,0.0,0.0,0.0,0.0,0.0,26.0,3.0,0.8305178252842479,0.0,0.0,26.0,0.0,0.0,0.0,0.0,8.0,126.0,8.0,21,0,0.5395033860045146,25.03331114069104,44.0,0.0,0.0,0.0,0.0,1
34.0,5.0,1.4053484997584844,0.0,0.0,0.0,0.0,0.0,80.0,6.0,1.5646766714038118,0.0,0.0,22.166666666666668,0.0,0.0,0.0,0.0,6.0,244.0,10.0,22,0,0.5395033860045146,25.03331114069104,40.0,0.0,0.0,0.0,0.0,2
58.0,5.0,1.280612838476241,0.0,0.0,0.0,0.0,0.0,464.0,4.0,0.2399588440623387,0.0,0.0,16.0,0.0,0.0,2.0,0.0,4.0,234.0,6.0,22,0,0.5395033860045146,16.60321254054907,35.5,0.0,0.0,0.0,0.0,2
174.0,3.0,0.4622334440014163,0.0,0.0,0.0,0.0,0.0,16.0,4.0,1.3862943611158909,0.0,0.0,12.555555555555555,0.0,0.0,0.0,0.0,0.0,72.0,0.0,23,0,0.5395033860045146,67.377048515549,74.5,0.0,0.0,0.0,0.0,2
712.0,1.0,-1.000088900581841e-12,0.0,0.0,0.0,0.0,0.0,110.0,3.0,0.3110478035716456,0.0,0.0,44.333333333333336,0.0,0.0,0.0,0.0,0.0,0.0,0.0,23,0,0.5395033860045146,317.60510071470827,244.5,0.0,0.0,0.0,0.0,1
560.0,1.0,-1.000088900581841e-12,0.0,0.0,0.0,0.0,0.0,4.0,1.0,-1.000088900581841e-12,0.0,0.0,76.9,0.0,0.0,0.0,0.0,0.0,0.0,0.0,0,0,0.5395033860045146,310.2042337987453,376.0,0.0,0.0,0.0,0.0,1
0.0,0.0,0.0,0.0,0.0,0.0,0.0,0.0,4.0,1.0,-1.000088900581841e-12,0.0,0.0,80.0,0.0,0.0,0.0,0.0,0.0,0.0,0.0,0,0,0.5395033860045146,330.7017790497455,361.5,0.0,0.0,0.0,0.0,1
0.0,0.0,0.0,0.0,0.0,0.0,0.0,0.0,2.0,1.0,-1.000088900581841e-12,0.0,0.0,80.0,0.0,0.0,0.0,0.0,0.0,0.0,0.0,1,0,0.5395033860045146,372.4012173270472,318.0,0.0,0.0,0.0,0.0,1
0.0,0.0,0.0,0.0,0.0,0.0,0.0,0.0,0.0,0.0,0.0,0.0,0.0,80.0,0.0,0.0,0.0,0.0,0.0,0.0,0.0,1,0,0.5395033860045146,280.0,140.0,0.0,0.0,0.0,0.0,1
0.0,0.0,0.0,0.0,0.0,0.0,0.0,0.0,0.0,0.0,0.0,0.0,0.0,80.0,0.0,0.0,0.0,0.0,0.0,0.0,0.0,2,0,0.5395033860045146,0.0,0.0,0.0,0.0,0.0,0.0,1
0.0,0.0,0.0,0.0,0.0,0.0,0.0,0.0,10.0,1.0,-1.000088900581841e-12,0.0,0.0,80.0,0.0,0.0,0.0,0.0,0.0,0.0,0.0,2,0,0.5395033860045146,0.0,0.0,0.0,0.0,0.0,0.0,1
0.0,0.0,0.0,0.0,0.0,0.0,0.0,0.0,4.0,1.0,-1.000088900581841e-12,0.0,0.0,80.0,0.0,0.0,0.0,0.0,0.0,0.0,0.0,3,0,0.5395033860045146,0.0,0.0,0.0,0.0,0.0,0.0,1
0.0,0.0,0.0,0.0,0.0,0.0,0.0,0.0,4.0,1.0,-1.000088900581841e-12,0.0,0.0,80.0,0.0,0.0,0.0,0.0,0.0,0.0,0.0,3,0,0.5395033860045146,0.0,0.0,0.0,0.0,0.0,0.0,1
0.0,0.0,0.0,0.0,0.0,0.0,0.0,0.0,0.0,0.0,0.0,0.0,0.0,80.0,0.0,0.0,0.0,0.0,0.0,0.0,0.0,4,0,0.5395033860045146,0.0,0.0,0.0,0.0,0.0,0.0,1
0.0,0.0,0.0,0.0,0.0,0.0,0.0,0.0,0.0,0.0,0.0,0.0,0.0,80.0,0.0,0.0,0.0,0.0,0.0,0.0,0.0,4,0,0.5395033860045146,0.0,0.0,0.0,0.0,0.0,0.0,1
0.0,0.0,0.0,0.0,0.0,0.0,0.0,0.0,6.0,1.0,-1.000088900581841e-12,0.0,0.0,87.53333333333333,0.0,0.0,0.0,0.0,0.0,0.0,0.0,5,0,0.5395033860045146,0.0,0.0,0.0,0.0,0.0,0.0,1
0.0,0.0,0.0,0.0,0.0,0.0,0.0,0.0,2.0,1.0,-1.000088900581841e-12,0.0,0.0,97.16666666666669,0.0,0.0,0.0,0.0,0.0,0.0,0.0,5,0,0.5395033860045146,0.0,0.0,0.0,0.0,0.0,0.0,1
0.0,0.0,0.0,0.0,0.0,0.0,0.0,0.0,0.0,0.0,0.0,0.0,0.0,100.0,0.0,0.0,0.0,0.0,0.0,0.0,0.0,6,0,0.5395033860045146,0.0,0.0,0.0,0.0,0.0,0.0,1
0.0,0.0,0.0,0.0,0.0,0.0,0.0,0.0,0.0,0.0,0.0,0.0,0.0,100.0,0.0,0.0,0.0,0.0,0.0,0.0,0.0,6,0,0.5395033860045146,0.0,0.0,0.0,0.0,0.0,0.0,1
0.0,0.0,0.0,0.0,0.0,0.0,0.0,0.0,0.0,0.0,0.0,0.0,0.0,100.0,0.0,0.0,0.0,0.0,0.0,0.0,0.0,7,0,0.5395033860045146,0.0,0.0,0.0,0.0,0.0,0.0,1
0.0,0.0,0.0,0.0,0.0,0.0,0.0,0.0,0.0,0.0,0.0,0.0,0.0,100.0,0.0,0.0,0.0,0.0,0.0,0.0,0.0,7,0,0.5395033860045146,0.0,0.0,0.0,0.0,0.0,0.0,1
0.0,0.0,0.0,0.0,0.0,0.0,0.0,0.0,6.0,2.0,0.6365141682928128,0.0,0.0,100.0,0.0,0.0,0.0,0.0,0.0,0.0,0.0,8,1,0.5395033860045146,0.0,0.0,0.0,0.0,0.0,0.0,1
224.0,1.0,-1.000088900581841e-12,0.0,0.0,0.0,0.0,0.0,24.0,6.0,1.4735023850746487,0.0,0.0,100.0,0.0,0.0,0.0,0.0,8.0,0.0,0.0,8,1,0.5395033860045146,112.0,56.0,0.0,0.0,0.0,0.0,1
110.0,6.0,1.3261580927106893,0.0,0.0,0.0,0.0,0.0,52.0,7.0,1.5206121388482934,0.0,0.0,98.77777777777776,0.0,0.0,0.0,0.0,0.0,1104.0,4.0,9,1,0.5395033860045146,107.0622871665524,83.5,0.0,0.0,0.0,0.0,1
62.0,6.0,1.6158202763159488,0.0,0.0,0.0,0.0,0.0,16.0,2.0,0.5623351446168083,0.0,0.0,93.0909090909091,0.0,4.0,0.0,4.0,16.0,178.0,10.0,9,1,0.5395033860045146,94.72064188971694,99.0,0.0,0.0,0.0,0.0,1
92.0,7.0,1.6619882878160372,0.0,0.0,0.0,0.0,0.0,82.0,3.0,0.9270280821399955,0.0,0.0,87.13333333333334,0.0,0.0,0.0,0.0,20.0,816.0,10.0,10,1,0.5395033860045146,70.8237248385031,122.0,0.0,0.0,0.0,0.0,2
46.0,4.0,1.0332330397726688,0.0,0.0,0.0,0.0,0.0,52.0,4.0,1.177910762715684,0.0,0.0,81.55555555555556,0.0,0.0,0.0,0.0,20.0,174.0,14.0,10,1,0.5395033860045146,28.861739379323623,77.5,0.0,0.0,0.0,0.0,2
38.0,5.0,1.4658712232274766,0.0,0.0,0.0,0.0,0.0,50.0,5.0,1.4541580241414258,0.0,0.0,76.57142857142857,0.0,0.0,0.0,0.0,16.0,416.0,18.0,11,1,0.5395033860045146,23.853720883753127,59.5,0.0,0.0,0.0,0.0,2
32.0,4.0,0.98689944883453,0.0,0.0,0.0,0.0,0.0,38.0,4.0,1.1643645119309336,0.0,0.0,72.125,0.0,0.0,0.0,0.0,12.0,460.0,8.0,11,1,0.5395033860045146,27.27636339397171,52.0,0.0,0.0,0.0,0.0,2
50.0,4.0,0.938650178486618,0.0,0.0,0.0,0.0,0.0,40.0,5.0,1.3308239368672867,0.0,0.0,69.7,0.0,0.0,0.0,0.0,48.0,148.0,12.0,12,1,0.5395033860045146,8.062257748298547,41.5,0.0,0.0,0.0,0.0,1
60.0,4.0,1.375114668717483,0.0,0.0,0.0,0.0,0.0,52.0,2.0,0.6901856760168041,0.0,0.0,65.7,0.0,0.0,0.0,0.0,20.0,334.0,18.0,12,1,0.5395033860045146,12.489995996796797,45.0,0.0,0.0,0.0,0.0,2
142.0,5.0,1.3493920983388066,0.0,0.0,0.0,0.0,0.0,204.0,5.0,0.6974296793433067,0.0,0.0,61.86666666666667,0.0,0.0,0.0,0.0,28.0,1464.0,10.0,13,1,0.5395033860045146,48.73055167619864,71.0,0.0,0.0,0.0,0.0,2
156.0,6.0,1.1724882496708264,0.0,0.0,0.0,0.0,0.0,458.0,4.0,0.665530224673603,0.0,0.0,55.77777777777778,0.0,0.0,0.0,0.0,24.0,1362.0,12.0,13,1,0.5395033860045146,54.72354764328302,102.0,0.0,0.0,0.0,0.0,2
42.0,5.0,1.3895851727757595,0.0,0.0,0.0,0.0,0.0,66.0,6.0,1.3833268963473202,0.0,0.0,49.888888888888886,0.0,0.0,0.0,0.0,16.0,368.0,16.0,14,1,0.5395033860045146,57.3410847473258,100.0,0.0,0.0,0.0,0.0,2
34.0,4.0,1.006214565940081,0.0,0.0,0.0,0.0,0.0,36.0,3.0,0.6837389058457535,0.0,0.0,45.333333333333336,0.0,0.0,0.0,0.0,32.0,168.0,16.0,14,1,0.5395033860045146,64.42308075009556,93.5,0.0,0.0,0.0,0.0,2
48.0,6.0,1.4298983730942696,0.0,0.0,0.0,0.0,0.0,0.0,0.0,0.0,0.0,0.0,29.5,0.0,0.0,0.0,0.0,6.0,250.0,12.0,16,1,0.5395033860045146,8.793937305515302,38.0,0.0,0.0,0.0,0.0,2
78.0,7.0,1.6769940507560608,0.0,0.0,0.0,0.0,0.0,0.0,0.0,0.0,0.0,0.0,22.454545454545453,0.0,0.0,0.0,0.0,6.0,354.0,10.0,17,1,0.5395033860045146,22.300971578236982,47.0,0.0,0.0,0.0,0.0,2
80.0,7.0,1.6961901607959633,0.0,0.0,0.0,0.0,0.0,0.0,0.0,0.0,0.0,2.0,18.0,0.0,0.0,0.0,0.0,10.0,192.0,6.0,17,1,0.5395033860045146,25.053276565484744,58.5,0.0,0.0,0.0,0.0,2
478.0,3.0,0.922728529559621,0.0,0.0,0.0,0.0,0.0,0.0,0.0,0.0,0.0,0.0,39.869565217391305,0.0,0.0,0.0,0.0,10.0,906.0,10.0,18,1,0.5395033860045146,205.18934345298408,171.0,0.0,0.0,0.0,0.0,2
546.0,9.0,0.8569116568115962,0.0,0.0,0.0,0.0,0.0,0.0,0.0,0.0,0.0,2.0,73.125,0.0,0.0,0.0,0.0,16.0,366.0,12.0,18,1,0.5395033860045146,251.5306475693701,295.5,0.0,0.0,0.0,0.0,2
146.0,4.0,0.6131260940822025,0.0,0.0,0.0,0.0,0.0,0.0,0.0,0.0,0.0,0.0,82.85714285714286,0.0,0.0,0.0,0.0,14.0,540.0,12.0,19,1,0.5395033860045146,233.5886698165531,312.5,0.0,0.0,0.0,0.0,1
214.0,2.0,0.1595366547203543,0.0,0.0,0.0,0.0,0.0,0.0,0.0,0.0,0.0,0.0,79.72727272727273,0.0,0.0,0.0,0.0,18.0,1032.0,12.0,19,1,0.5395033860045146,195.65956829827329,346.0,0.0,0.0,0.0,0.0,1
18.0,3.0,0.6837389058457535,0.0,0.0,0.0,0.0,0.0,0.0,0.0,0.0,0.0,0.0,0.0,0.0,0.0,0.0,0.0,2.0,28.0,0.0,20,1,0.5395033860045146,225.1725264473148,231.0,0.0,0.0,0.0,0.0,1
60.0,2.0,0.4505612088643047,0.0,0.0,0.0,0.0,0.0,0.0,0.0,0.0,0.0,0.0,68.16666666666667,0.0,0.0,0.0,0.0,6.0,254.0,6.0,20,1,0.5395033860045146,87.70214744615247,109.5,0.0,0.0,0.0,0.0,1
32.0,1.0,-1.000088900581841e-12,0.0,0.0,0.0,0.0,0.0,54.0,5.0,1.23916305432299,0.0,0.0,42.85714285714285,0.0,0.0,0.0,0.0,6.0,406.0,6.0,22,0,0.5395033860045146,34.03919309658598,53.0,0.0,0.0,0.0,0.0,2
108.0,7.0,1.0463162344395844,0.0,38.0,0.0,0.0,0.0,144.0,5.0,0.9354259004277165,0.0,0.0,35.07142857142857,0.0,0.0,0.0,0.0,14.0,842.0,10.0,23,0,0.5395033860045146,44.256826215474,65.0,19.00000000000002,9.5,0.0,0.0,1
174.0,10.0,1.8052344356617056,0.0,24.0,0.0,0.0,0.0,88.0,4.0,0.6378222314662986,0.0,0.0,27.0,0.0,0.0,4.0,0.0,8.0,654.0,4.0,23,0,0.5395033860045146,58.114828859193366,103.0,18.78829422805596,15.5,0.0,0.0,2
454.0,3.0,0.2220248014069067,0.0,0.0,0.0,0.0,0.0,62.0,3.0,0.6145237390852278,0.0,4.0,50.36363636363637,0.0,0.0,0.0,0.0,4.0,84.0,4.0,0,0,0.5395033860045146,184.0507176477904,192.0,18.78829422805596,15.5,0.0,0.0,1
716.0,1.0,-1.000088900581841e-12,0.0,0.0,0.0,0.0,0.0,0.0,0.0,0.0,0.0,0.0,78.03333333333333,0.0,0.0,0.0,0.0,0.0,0.0,0.0,0,0,0.5395033860045146,279.0674948227877,363.0,18.78829422805596,15.5,0.0,0.0,1
50.0,1.0,-1.000088900581841e-12,0.0,0.0,0.0,0.0,0.0,0.0,0.0,0.0,0.0,0.0,80.0,0.0,0.0,0.0,0.0,0.0,0.0,0.0,1,0,0.5395033860045146,297.6233637782267,348.5,12.000000000000034,6.0,0.0,0.0,1
0.0,0.0,0.0,0.0,0.0,0.0,0.0,0.0,2.0,1.0,-1.000088900581841e-12,0.0,0.0,80.0,0.0,0.0,0.0,0.0,0.0,0.0,0.0,1,0,0.5395033860045146,341.16076366819595,305.0,0.0,0.0,0.0,0.0,1
0.0,0.0,0.0,0.0,0.0,0.0,0.0,0.0,6.0,2.0,0.6365141682928128,0.0,0.0,80.0,0.0,0.0,0.0,0.0,0.0,0.0,0.0,2,0,0.5395033860045146,350.46017367645834,191.5,0.0,0.0,0.0,0.0,1
0.0,0.0,0.0,0.0,0.0,0.0,0.0,0.0,0.0,0.0,0.0,0.0,0.0,80.0,0.0,0.0,0.0,0.0,0.0,0.0,0.0,2,0,0.5395033860045146,24.999999999999737,12.5,0.0,0.0,0.0,0.0,1
0.0,0.0,0.0,0.0,0.0,0.0,0.0,0.0,0.0,0.0,0.0,0.0,0.0,80.0,0.0,0.0,0.0,0.0,0.0,0.0,0.0,3,0,0.5395033860045146,0.0,0.0,0.0,0.0,0.0,0.0,1
0.0,0.0,0.0,0.0,0.0,0.0,0.0,0.0,4.0,1.0,-1.000088900581841e-12,0.0,0.0,80.0,0.0,0.0,0.0,0.0,0.0,0.0,0.0,3,0,0.5395033860045146,0.0,0.0,0.0,0.0,0.0,0.0,1
0.0,0.0,0.0,0.0,0.0,0.0,0.0,0.0,4.0,1.0,-1.000088900581841e-12,0.0,0.0,80.0,0.0,0.0,0.0,0.0,0.0,0.0,0.0,4,0,0.5395033860045146,0.0,0.0,0.0,0.0,0.0,0.0,1
0.0,0.0,0.0,0.0,0.0,0.0,0.0,0.0,0.0,0.0,0.0,0.0,0.0,80.0,0.0,0.0,0.0,0.0,0.0,0.0,0.0,4,0,0.5395033860045146,0.0,0.0,0.0,0.0,0.0,0.0,1
0.0,0.0,0.0,0.0,0.0,0.0,0.0,0.0,2.0,1.0,-1.000088900581841e-12,0.0,0.0,87.73333333333333,0.0,0.0,0.0,0.0,0.0,0.0,0.0,5,0,0.5395033860045146,0.0,0.0,0.0,0.0,0.0,0.0,1
0.0,0.0,0.0,0.0,0.0,0.0,0.0,0.0,0.0,0.0,0.0,0.0,0.0,97.8,0.0,0.0,0.0,0.0,0.0,0.0,0.0,5,0,0.5395033860045146,0.0,0.0,0.0,0.0,0.0,0.0,1
0.0,0.0,0.0,0.0,0.0,0.0,0.0,0.0,2.0,1.0,-1.000088900581841e-12,0.0,0.0,100.0,0.0,0.0,0.0,0.0,0.0,0.0,0.0,6,0,0.5395033860045146,0.0,0.0,0.0,0.0,0.0,0.0,1
0.0,0.0,0.0,0.0,0.0,0.0,0.0,0.0,6.0,1.0,-1.000088900581841e-12,0.0,0.0,100.0,0.0,0.0,0.0,0.0,0.0,0.0,0.0,6,0,0.5395033860045146,0.0,0.0,0.0,0.0,0.0,0.0,1
0.0,0.0,0.0,0.0,0.0,0.0,0.0,0.0,0.0,0.0,0.0,0.0,0.0,100.0,0.0,0.0,0.0,0.0,0.0,0.0,0.0,7,0,0.5395033860045146,0.0,0.0,0.0,0.0,0.0,0.0,1
0.0,0.0,0.0,0.0,0.0,0.0,0.0,0.0,8.0,1.0,-1.000088900581841e-12,0.0,0.0,100.0,0.0,0.0,0.0,0.0,0.0,0.0,0.0,7,0,0.5395033860045146,0.0,0.0,0.0,0.0,0.0,0.0,1
0.0,0.0,0.0,0.0,0.0,0.0,0.0,0.0,6.0,1.0,-1.000088900581841e-12,0.0,0.0,100.0,0.0,0.0,0.0,0.0,0.0,0.0,0.0,8,1,0.5395033860045146,0.0,0.0,0.0,0.0,0.0,0.0,1
162.0,3.0,0.7959090752568609,0.0,0.0,0.0,0.0,0.0,48.0,6.0,1.4559974469897845,0.0,0.0,98.8,0.0,0.0,0.0,0.0,8.0,1338.0,6.0,8,1,0.5395033860045146,80.99999999999991,40.5,0.0,0.0,0.0,0.0,2
102.0,3.0,0.8851007587494999,0.0,0.0,0.0,0.0,0.0,32.0,6.0,1.6674619334232943,0.0,0.0,93.14285714285714,0.0,0.0,0.0,0.0,4.0,942.0,2.0,9,1,0.5395033860045146,80.04998438475792,66.0,0.0,0.0,0.0,0.0,1
210.0,7.0,1.0816682875457468,0.0,0.0,0.0,0.0,0.0,82.0,5.0,1.2773803477112111,0.0,0.0,87.0,0.0,0.0,0.0,0.0,8.0,492.0,4.0,9,1,0.5395033860045146,90.51519209502892,118.5,0.0,0.0,0.0,0.0,1
138.0,8.0,1.6246495183439038,0.0,0.0,0.0,0.0,0.0,464.0,5.0,0.2834238481665623,0.0,0.0,80.0,0.0,4.0,0.0,4.0,12.0,644.0,6.0,10,1,0.5395033860045146,45.29900661162435,153.0,0.0,0.0,0.0,0.0,2
88.0,4.0,0.9675862623189992,0.0,0.0,0.0,0.0,0.0,44.0,4.0,1.0335620542028174,0.0,0.0,73.38461538461539,0.0,0.0,0.0,0.0,24.0,438.0,18.0,10,1,0.5395033860045146,54.56189146281484,134.5,0.0,0.0,0.0,0.0,2
38.0,5.0,1.3126590305788612,0.0,0.0,0.0,0.0,0.0,30.0,2.0,0.3926744672255522,0.0,0.0,68.57142857142857,0.0,0.0,0.0,0.0,16.0,388.0,14.0,11,1,0.5395033860045146,73.4007266085742,118.5,0.0,0.0,0.0,0.0,2
86.0,3.0,0.9462854125619728,0.0,0.0,0.0,0.0,0.0,188.0,4.0,0.7863766896438115,0.0,0.0,62.15384615384615,0.0,0.0,0.0,0.0,36.0,1540.0,18.0,11,1,0.5395033860045146,40.83707465853367,87.5,0.0,0.0,0.0,0.0,2
50.0,3.0,0.8731726364215315,0.0,0.0,0.0,0.0,0.0,82.0,4.0,1.092428888817078,0.0,0.0,58.5,0.0,0.0,0.0,0.0,24.0,850.0,16.0,12,1,0.5395033860045146,25.317977802344064,65.5,0.0,0.0,0.0,0.0,1
108.0,5.0,0.9545235623988636,0.0,0.0,0.0,0.0,0.0,92.0,5.0,1.4312207007040394,0.0,0.0,53.785714285714285,0.0,0.0,0.0,0.0,8.0,1984.0,10.0,12,1,0.5395033860045146,32.26453160980315,70.5,0.0,0.0,0.0,0.0,1
64.0,5.0,1.4644370832665483,0.0,0.0,0.0,0.0,0.0,38.0,2.0,0.5146531654269293,0.0,0.0,49.625,0.0,0.0,0.0,0.0,16.0,528.0,10.0,13,1,0.5395033860045146,25.42964149701394,77.0,0.0,0.0,0.0,0.0,1
52.0,3.0,1.0971128947303803,0.0,0.0,0.0,0.0,0.0,0.0,0.0,0.0,0.0,0.0,44.66666666666666,0.0,0.0,0.0,0.0,12.0,386.0,14.0,13,1,0.5395033860045146,27.04933763822422,68.5,0.0,0.0,0.0,0.0,1
90.0,6.0,1.2993407303010749,0.0,0.0,0.0,0.0,0.0,0.0,0.0,0.0,0.0,0.0,39.75,0.0,0.0,0.0,0.0,16.0,890.0,14.0,14,1,0.5395033860045146,25.265259415516,78.5,0.0,0.0,0.0,0.0,2
36.0,5.0,1.397991702055472,0.0,0.0,0.0,0.0,0.0,0.0,0.0,0.0,0.0,0.0,35.875,0.0,0.0,0.0,0.0,12.0,158.0,12.0,14,1,0.5395033860045146,22.76693508870529,60.5,0.0,0.0,0.0,0.0,2
40.0,5.0,1.504788283676191,0.0,0.0,0.0,0.0,0.0,0.0,0.0,0.0,0.0,0.0,32.0,0.0,0.0,0.0,0.0,6.0,216.0,6.0,15,1,0.5395033860045146,24.623836689949847,54.5,0.0,0.0,0.0,0.0,2
62.0,5.0,1.446934994689654,0.0,0.0,0.0,0.0,0.0,0.0,0.0,0.0,0.0,0.0,24.9,0.0,0.0,0.0,0.0,18.0,654.0,16.0,15,1,0.5395033860045146,24.7924719757158,57.0,0.0,0.0,0.0,0.0,2
58.0,4.0,1.123230125165807,0.0,0.0,0.0,0.0,0.0,0.0,0.0,0.0,0.0,2.0,22.875,0.0,0.0,0.0,0.0,12.0,160.0,10.0,16,1,0.5395033860045146,12.909944487357546,49.0,0.0,0.0,0.0,0.0,2
336.0,4.0,0.7952714405678779,0.0,0.0,0.0,0.0,0.0,0.0,0.0,0.0,0.0,0.0,62.55555555555556,0.0,0.0,0.0,0.0,4.0,622.0,4.0,16,1,0.5395033860045146,141.65686240583847,124.0,0.0,0.0,0.0,0.0,2
218.0,5.0,1.383994488519204,0.0,0.0,0.0,0.0,0.0,0.0,0.0,0.0,0.0,2.0,87.16666666666667,0.0,0.0,0.0,0.0,12.0,560.0,12.0,17,1,0.5395033860045146,134.23735198023928,168.5,0.0,0.0,0.0,0.0,2
42.0,4.0,0.8872422356405005,0.0,0.0,0.0,0.0,0.0,0.0,0.0,0.0,0.0,0.0,91.14285714285714,0.0,0.0,0.0,0.0,10.0,390.0,10.0,17,1,0.5395033860045146,139.78435773242532,163.5,0.0,0.0,0.0,0.0,2
54.0,4.0,0.6745212105883761,0.0,0.0,0.0,0.0,0.0,0.0,0.0,0.0,0.0,0.0,85.3,0.0,0.0,0.0,0.0,12.0,296.0,10.0,18,1,0.5395033860045146,140.80127840328717,162.5,0.0,0.0,0.0,0.0,2
40.0,5.0,1.2628643221491278,0.0,0.0,0.0,0.0,0.0,0.0,0.0,0.0,0.0,0.0,80.14285714285714,0.0,0.0,0.0,0.0,12.0,232.0,12.0,18,1,0.5395033860045146,86.5544144839918,88.5,0.0,0.0,0.0,0.0,2
78.0,5.0,1.4050873357657858,0.0,0.0,0.0,0.0,0.0,0.0,0.0,0.0,0.0,0.0,74.3076923076923,0.0,0.0,0.0,0.0,14.0,628.0,14.0,19,1,0.5395033860045146,17.46424919657254,53.5,0.0,0.0,0.0,0.0,2
78.0,5.0,1.5264523593781154,0.0,0.0,0.0,0.0,0.0,0.0,0.0,0.0,0.0,0.0,69.45454545454545,0.0,0.0,0.0,0.0,16.0,302.0,10.0,19,1,0.5395033860045146,18.788294228055527,62.5,0.0,0.0,0.0,0.0,2
80.0,7.0,1.4317378784850914,0.0,62.0,0.0,0.0,0.0,0.0,0.0,0.0,0.0,0.0,63.583333333333336,0.0,0.0,0.0,0.0,18.0,172.0,20.0,20,1,0.5395033860045146,19.35630818794357,69.0,31.00000000000001,15.5,0.0,0.0,1
52.0,4.0,1.199312600107532,0.0,0.0,0.0,0.0,0.0,0.0,0.0,0.0,0.0,0.0,57.77777777777778,0.0,0.0,0.0,0.0,8.0,268.0,14.0,20,1,0.5395033860045146,13.36662510384171,72.0,31.00000000000001,15.5,0.0,0.0,2
50.0,6.0,1.6177444887131345,0.0,0.0,0.0,0.0,0.0,0.0,0.0,0.0,0.0,0.0,53.333333333333336,0.0,0.0,0.0,0.0,10.0,290.0,14.0,21,0,0.5395033860045146,16.20699437485715,65.0,31.00000000000001,15.5,0.0,0.0,2
56.0,4.0,1.3811748231861538,0.0,0.0,0.0,0.0,0.0,0.0,0.0,0.0,0.0,0.0,48.11111111111112,0.0,0.0,0.0,0.0,12.0,196.0,14.0,21,0,0.5395033860045146,13.892443989449252,59.5,31.00000000000001,15.5,0.0,0.0,2
54.0,6.0,1.6230093372741112,0.0,0.0,0.0,0.0,0.0,0.0,0.0,0.0,0.0,0.0,42.625,0.0,0.0,0.0,0.0,4.0,330.0,8.0,22,0,0.5395033860045146,2.581988897468644,53.0,0.0,0.0,0.0,0.0,2
64.0,7.0,1.807698876720622,0.0,0.0,0.0,0.0,0.0,0.0,0.0,0.0,0.0,0.0,38.125,0.0,8.0,4.0,2.0,12.0,428.0,8.0,22,0,0.5395033860045146,5.887840577550596,56.0,0.0,0.0,0.0,0.0,2
148.0,4.0,0.9598847825977264,0.0,0.0,0.0,0.0,0.0,0.0,0.0,0.0,0.0,0.0,29.9,0.0,0.0,0.0,0.0,0.0,238.0,0.0,23,0,0.5395033860045146,45.20693162189457,80.5,0.0,0.0,0.0,0.0,2
190.0,6.0,1.0647775657689251,0.0,0.0,0.0,0.0,0.0,0.0,0.0,0.0,0.0,2.0,23.0,0.0,0.0,0.0,0.0,4.0,220.0,2.0,23,0,0.5395033860045146,65.90902821313621,114.0,0.0,0.0,0.0,0.0,2
716.0,1.0,-1.000088900581841e-12,0.0,0.0,0.0,0.0,0.0,0.0,0.0,0.0,0.0,0.0,51.53333333333333,0.0,0.0,0.0,0.0,0.0,0.0,0.0,0,0,0.5395033860045146,295.6771888394504,279.5,0.0,0.0,0.0,0.0,1
630.0,1.0,-1.000088900581841e-12,0.0,0.0,0.0,0.0,0.0,0.0,0.0,0.0,0.0,0.0,79.06666666666666,0.0,0.0,0.0,0.0,0.0,0.0,0.0,0,0,0.5395033860045146,293.5960944336056,421.0,0.0,0.0,0.0,0.0,1
0.0,0.0,0.0,0.0,0.0,0.0,0.0,0.0,0.0,0.0,0.0,0.0,0.0,80.0,0.0,0.0,0.0,0.0,0.0,0.0,0.0,1,0,0.5395033860045146,344.39899341703466,384.0,0.0,0.0,0.0,0.0,1
0.0,0.0,0.0,0.0,0.0,0.0,0.0,0.0,0.0,0.0,0.0,0.0,0.0,80.0,0.0,0.0,0.0,0.0,0.0,0.0,0.0,1,0,0.5395033860045146,390.13971856246576,336.5,0.0,0.0,0.0,0.0,1
0.0,0.0,0.0,0.0,0.0,0.0,0.0,0.0,0.0,0.0,0.0,0.0,0.0,80.0,0.0,0.0,0.0,0.0,0.0,0.0,0.0,2,0,0.5395033860045146,315.0,157.5,0.0,0.0,0.0,0.0,1
0.0,0.0,0.0,0.0,0.0,0.0,0.0,0.0,0.0,0.0,0.0,0.0,0.0,80.0,0.0,0.0,0.0,0.0,0.0,0.0,0.0,2,0,0.5395033860045146,0.0,0.0,0.0,0.0,0.0,0.0,1
0.0,0.0,0.0,0.0,0.0,0.0,0.0,0.0,0.0,0.0,0.0,0.0,0.0,80.0,0.0,0.0,0.0,0.0,0.0,0.0,0.0,3,0,0.5395033860045146,0.0,0.0,0.0,0.0,0.0,0.0,1
0.0,0.0,0.0,0.0,0.0,0.0,0.0,0.0,0.0,0.0,0.0,0.0,0.0,80.0,0.0,0.0,0.0,0.0,0.0,0.0,0.0,3,0,0.5395033860045146,0.0,0.0,0.0,0.0,0.0,0.0,1
0.0,0.0,0.0,0.0,0.0,0.0,0.0,0.0,0.0,0.0,0.0,0.0,0.0,80.0,0.0,0.0,0.0,0.0,0.0,0.0,0.0,4,0,0.5395033860045146,0.0,0.0,0.0,0.0,0.0,0.0,1
0.0,0.0,0.0,0.0,0.0,0.0,0.0,0.0,0.0,0.0,0.0,0.0,0.0,80.0,0.0,0.0,0.0,0.0,0.0,0.0,0.0,4,0,0.5395033860045146,0.0,0.0,0.0,0.0,0.0,0.0,1
0.0,0.0,0.0,0.0,0.0,0.0,0.0,0.0,0.0,0.0,0.0,0.0,0.0,88.13333333333334,0.0,0.0,0.0,0.0,0.0,0.0,0.0,5,0,0.5395033860045146,0.0,0.0,0.0,0.0,0.0,0.0,1
0.0,0.0,0.0,0.0,0.0,0.0,0.0,0.0,0.0,0.0,0.0,0.0,0.0,97.66666666666669,0.0,0.0,0.0,0.0,0.0,0.0,0.0,5,0,0.5395033860045146,0.0,0.0,0.0,0.0,0.0,0.0,1
0.0,0.0,0.0,0.0,0.0,0.0,0.0,0.0,0.0,0.0,0.0,0.0,0.0,100.0,0.0,0.0,0.0,0.0,0.0,0.0,0.0,6,0,0.5395033860045146,0.0,0.0,0.0,0.0,0.0,0.0,1
0.0,0.0,0.0,0.0,0.0,0.0,0.0,0.0,0.0,0.0,0.0,0.0,0.0,100.0,0.0,0.0,0.0,0.0,0.0,0.0,0.0,6,0,0.5395033860045146,0.0,0.0,0.0,0.0,0.0,0.0,1
0.0,0.0,0.0,0.0,0.0,0.0,0.0,0.0,0.0,0.0,0.0,0.0,0.0,100.0,0.0,0.0,0.0,0.0,0.0,0.0,0.0,7,0,0.5395033860045146,0.0,0.0,0.0,0.0,0.0,0.0,1
0.0,0.0,0.0,0.0,0.0,0.0,0.0,0.0,0.0,0.0,0.0,0.0,0.0,100.0,0.0,0.0,0.0,0.0,0.0,0.0,0.0,7,0,0.5395033860045146,0.0,0.0,0.0,0.0,0.0,0.0,1
0.0,0.0,0.0,0.0,0.0,0.0,0.0,0.0,0.0,0.0,0.0,0.0,0.0,100.0,0.0,0.0,0.0,0.0,0.0,0.0,0.0,8,1,0.5395033860045146,0.0,0.0,0.0,0.0,0.0,0.0,1
278.0,4.0,1.3392779441977585,0.0,0.0,0.0,0.0,0.0,0.0,0.0,0.0,0.0,0.0,99.85714285714286,0.0,0.0,0.0,0.0,8.0,596.0,4.0,8,1,0.5395033860045146,139.0,69.5,0.0,0.0,0.0,0.0,1
36.0,2.0,0.5908422462735826,0.0,0.0,0.0,0.0,0.0,0.0,0.0,0.0,0.0,0.0,96.57142857142856,0.0,0.0,0.0,0.0,0.0,94.0,0.0,9,1,0.5395033860045146,134.07833531186162,78.5,0.0,0.0,0.0,0.0,1
12.0,1.0,-1.000088900581841e-12,0.0,0.0,0.0,0.0,0.0,0.0,0.0,0.0,0.0,0.0,95.0,0.0,0.0,0.0,0.0,0.0,6.0,2.0,9,1,0.5395033860045146,131.8521899704362,81.5,0.0,0.0,0.0,0.0,1
72.0,6.0,1.545005754978468,0.0,0.0,0.0,0.0,0.0,0.0,0.0,0.0,0.0,0.0,93.36363636363636,0.0,2.0,0.0,2.0,12.0,276.0,8.0,10,1,0.5395033860045146,121.52777460317456,99.5,0.0,0.0,0.0,0.0,1
54.0,6.0,1.5200152696812663,0.0,0.0,0.0,0.0,0.0,0.0,0.0,0.0,0.0,0.0,87.3,0.0,0.0,0.0,0.0,8.0,690.0,8.0,10,1,0.5395033860045146,25.6320112359526,43.5,0.0,0.0,0.0,0.0,2
138.0,7.0,1.6169536743051631,0.0,0.0,0.0,0.0,0.0,0.0,0.0,0.0,0.0,0.0,80.1875,0.0,0.0,0.0,0.0,4.0,500.0,10.0,11,1,0.5395033860045146,52.421369688324624,69.0,0.0,0.0,0.0,0.0,2
82.0,5.0,1.5074653214500011,0.0,0.0,0.0,0.0,0.0,0.0,0.0,0.0,0.0,0.0,75.66666666666667,0.0,0.0,0.0,0.0,18.0,284.0,14.0,11,1,0.5395033860045146,36.23534186398688,86.5,0.0,0.0,0.0,0.0,2
52.0,8.0,1.9388790038183537,0.0,0.0,0.0,0.0,0.0,0.0,0.0,0.0,0.0,0.0,71.55555555555556,0.0,0.0,0.0,0.0,8.0,234.0,10.0,12,1,0.5395033860045146,40.07908847932215,81.5,0.0,0.0,0.0,0.0,1
60.0,7.0,1.7075391741280712,0.0,0.0,0.0,0.0,0.0,0.0,0.0,0.0,0.0,0.0,66.33333333333333,0.0,0.0,0.0,0.0,12.0,352.0,8.0,12,1,0.5395033860045146,38.7986254052039,83.0,0.0,0.0,0.0,0.0,2
84.0,6.0,1.466022988948329,0.0,0.0,0.0,0.0,0.0,0.0,0.0,0.0,0.0,0.0,59.4,0.0,0.0,0.0,0.0,8.0,376.0,4.0,13,1,0.5395033860045146,15.947831618540915,69.5,0.0,0.0,0.0,0.0,2
46.0,4.0,1.1713814168677188,0.0,0.0,0.0,0.0,0.0,0.0,0.0,0.0,0.0,0.0,54.0,0.0,0.0,0.0,0.0,8.0,82.0,12.0,13,1,0.5395033860045146,16.68332500832293,60.5,0.0,0.0,0.0,0.0,2
22.0,4.0,1.2406842919493957,0.0,0.0,0.0,0.0,0.0,0.0,0.0,0.0,0.0,0.0,49.285714285714285,0.0,0.0,0.0,0.0,10.0,116.0,14.0,14,1,0.5395033860045146,25.94866727470476,53.0,0.0,0.0,0.0,0.0,2
50.0,4.0,1.2787799219096794,0.0,0.0,0.0,0.0,0.0,0.0,0.0,0.0,0.0,0.0,45.85714285714285,0.0,0.0,0.0,0.0,12.0,242.0,16.0,14,1,0.5395033860045146,25.527762664727724,50.5,0.0,0.0,0.0,0.0,2
24.0,5.0,1.5454229031885938,0.0,0.0,0.0,0.0,0.0,0.0,0.0,0.0,0.0,0.0,43.16666666666666,0.0,0.0,0.0,0.0,6.0,54.0,8.0,15,1,0.5395033860045146,14.548768561863469,35.5,0.0,0.0,0.0,0.0,2
66.0,3.0,0.8550080929256105,0.0,0.0,0.0,0.0,0.0,0.0,0.0,0.0,0.0,0.0,40.4,0.0,0.0,0.0,0.0,16.0,228.0,4.0,15,1,0.5395033860045146,21.25245083906011,40.5,0.0,0.0,0.0,0.0,2
330.0,6.0,1.385457381447222,0.0,0.0,0.0,0.0,0.0,0.0,0.0,0.0,0.0,4.0,20.5,0.0,0.0,0.0,0.0,6.0,1004.0,6.0,18,1,0.5395033860045146,139.88924190229926,122.5,9.00000000000005,4.5,0.0,0.0,2
262.0,6.0,0.7895601140103138,0.0,0.0,0.0,0.0,0.0,0.0,0.0,0.0,0.0,0.0,55.388888888888886,0.0,0.0,0.0,0.0,22.0,364.0,20.0,18,1,0.5395033860045146,147.61549150862632,171.5,9.00000000000005,4.5,0.0,0.0,2
62.0,6.0,1.3919980308488271,0.0,0.0,0.0,0.0,0.0,0.0,0.0,0.0,0.0,0.0,71.0,0.0,0.0,0.0,0.0,14.0,320.0,10.0,19,1,0.5395033860045146,149.49135983951268,169.5,0.0,0.0,0.0,0.0,2
70.0,6.0,1.7330440734000148,0.0,0.0,0.0,0.0,0.0,0.0,0.0,0.0,0.0,0.0,65.3,0.0,0.0,0.0,0.0,18.0,426.0,18.0,19,1,0.5395033860045146,135.70065094415233,181.0,0.0,0.0,0.0,0.0,1
144.0,9.0,1.717203404692322,0.0,0.0,0.0,0.0,0.0,0.0,0.0,0.0,0.0,0.0,58.388888888888886,0.0,0.0,0.0,0.0,12.0,514.0,14.0,20,1,0.5395033860045146,92.66966422010314,134.5,0.0,0.0,0.0,0.0,1
86.0,7.0,1.4698393718429053,0.0,0.0,0.0,0.0,0.0,0.0,0.0,0.0,0.0,0.0,52.083333333333336,0.0,0.0,0.0,0.0,8.0,342.0,8.0,20,1,0.5395033860045146,37.03601850451351,90.5,0.0,0.0,0.0,0.0,2
50.0,4.0,1.305963767796943,0.0,0.0,0.0,0.0,0.0,0.0,0.0,0.0,0.0,0.0,45.25,0.0,0.0,0.0,0.0,10.0,348.0,18.0,21,0,0.5395033860045146,40.44337605426465,87.5,0.0,0.0,0.0,0.0,2
64.0,5.0,1.383157515899912,0.0,0.0,0.0,0.0,0.0,0.0,0.0,0.0,0.0,0.0,38.44444444444444,0.0,0.0,0.0,0.0,10.0,290.0,12.0,21,0,0.5395033860045146,41.40853374205209,86.0,0.0,0.0,0.0,0.0,2
44.0,4.0,0.9828476107223154,0.0,0.0,0.0,0.0,0.0,0.0,0.0,0.0,0.0,0.0,33.125,0.0,0.0,0.0,0.0,10.0,624.0,10.0,22,0,0.5395033860045146,18.654758106177635,61.0,0.0,0.0,0.0,0.0,2
60.0,3.0,0.6828690186704609,0.0,0.0,0.0,0.0,0.0,0.0,0.0,0.0,0.0,0.0,26.11111111111111,0.0,0.0,0.0,0.0,4.0,596.0,6.0,22,0,0.5395033860045146,9.146948489341504,54.5,0.0,0.0,0.0,0.0,2
288.0,7.0,1.3360596461407488,0.0,0.0,0.0,0.0,0.0,0.0,0.0,0.0,0.0,2.0,26.33333333333333,0.0,0.0,2.0,0.0,6.0,666.0,4.0,23,0,0.5395033860045146,116.3213938476782,114.0,0.0,0.0,0.0,0.0,2
554.0,1.0,-1.000088900581841e-12,0.0,0.0,0.0,0.0,0.0,0.0,0.0,0.0,0.0,0.0,72.36,0.0,0.0,0.0,0.0,0.0,8.0,2.0,23,0,0.5395033860045146,239.21190048434744,236.5,0.0,0.0,0.0,0.0,1
644.0,1.0,-1.000088900581841e-12,0.0,0.0,0.0,0.0,0.0,0.0,0.0,0.0,0.0,0.0,80.0,0.0,0.0,0.0,0.0,0.0,0.0,0.0,0,0,0.5395033860045146,264.9949685056932,386.5,0.0,0.0,0.0,0.0,1
0.0,0.0,0.0,0.0,0.0,0.0,0.0,0.0,0.0,0.0,0.0,0.0,0.0,80.0,0.0,0.0,0.0,0.0,0.0,0.0,0.0,0,0,0.5395033860045146,290.14191929697665,371.5,0.0,0.0,0.0,0.0,1
0.0,0.0,0.0,0.0,0.0,0.0,0.0,0.0,0.0,0.0,0.0,0.0,0.0,80.0,0.0,0.0,0.0,0.0,0.0,0.0,0.0,1,0,0.5395033860045146,347.7791444772578,299.5,0.0,0.0,0.0,0.0,1
0.0,0.0,0.0,0.0,0.0,0.0,0.0,0.0,0.0,0.0,0.0,0.0,0.0,80.0,0.0,0.0,0.0,0.0,0.0,0.0,0.0,1,0,0.5395033860045146,322.0,161.0,0.0,0.0,0.0,0.0,1
0.0,0.0,0.0,0.0,0.0,0.0,0.0,0.0,0.0,0.0,0.0,0.0,0.0,80.0,0.0,0.0,0.0,0.0,0.0,0.0,0.0,2,0,0.5395033860045146,0.0,0.0,0.0,0.0,0.0,0.0,1
0.0,0.0,0.0,0.0,0.0,0.0,0.0,0.0,0.0,0.0,0.0,0.0,0.0,80.0,0.0,0.0,0.0,0.0,0.0,0.0,0.0,2,0,0.5395033860045146,0.0,0.0,0.0,0.0,0.0,0.0,1
0.0,0.0,0.0,0.0,0.0,0.0,0.0,0.0,0.0,0.0,0.0,0.0,0.0,80.0,0.0,0.0,0.0,0.0,0.0,0.0,0.0,3,0,0.5395033860045146,0.0,0.0,0.0,0.0,0.0,0.0,1
0.0,0.0,0.0,0.0,0.0,0.0,0.0,0.0,0.0,0.0,0.0,0.0,0.0,85.9,0.0,0.0,0.0,0.0,0.0,0.0,0.0,3,0,0.5395033860045146,0.0,0.0,0.0,0.0,0.0,0.0,1
0.0,0.0,0.0,0.0,0.0,0.0,0.0,0.0,0.0,0.0,0.0,0.0,0.0,96.9,0.0,0.0,0.0,0.0,0.0,0.0,0.0,4,0,0.5395033860045146,0.0,0.0,0.0,0.0,0.0,0.0,1
0.0,0.0,0.0,0.0,0.0,0.0,0.0,0.0,0.0,0.0,0.0,0.0,0.0,100.0,0.0,0.0,0.0,0.0,0.0,0.0,0.0,4,0,0.5395033860045146,0.0,0.0,0.0,0.0,0.0,0.0,1
0.0,0.0,0.0,0.0,0.0,0.0,0.0,0.0,0.0,0.0,0.0,0.0,0.0,100.0,0.0,0.0,0.0,0.0,0.0,0.0,0.0,5,0,0.5395033860045146,0.0,0.0,0.0,0.0,0.0,0.0,1
112.0,6.0,1.1453379185463164,0.0,0.0,0.0,0.0,0.0,0.0,0.0,0.0,0.0,0.0,100.0,0.0,2.0,0.0,2.0,10.0,256.0,6.0,5,0,0.5395033860045146,56.0,28.0,0.0,0.0,0.0,0.0,1
114.0,6.0,1.5343423529222369,0.0,68.0,0.0,0.0,0.0,0.0,0.0,0.0,0.0,0.0,97.4,0.0,0.0,0.0,0.0,12.0,298.0,12.0,6,0,0.5395033860045146,65.24568951279464,56.5,34.000000000000014,17.0,0.0,0.0,2
42.0,4.0,1.182323923906242,0.0,0.0,0.0,0.0,0.0,22.0,1.0,-1.000088900581841e-12,0.0,0.0,67.14285714285714,0.0,0.0,0.0,0.0,14.0,236.0,16.0,9,1,0.5395033860045146,46.317743180484655,47.0,32.08322510804258,22.0,0.0,0.0,2
62.0,7.0,1.6647789697124482,0.0,0.0,0.0,0.0,0.0,28.0,3.0,1.0042424730510766,0.0,0.0,63.27272727272727,0.0,0.0,0.0,0.0,8.0,178.0,6.0,9,1,0.5395033860045146,22.330845632592297,34.0,10.000000000000044,5.0,0.0,0.0,2
50.0,7.0,1.6669423430202488,0.0,0.0,0.0,0.0,0.0,42.0,3.0,0.8787513508876517,0.0,0.0,59.875,0.0,0.0,0.0,0.0,8.0,218.0,6.0,10,1,0.5395033860045146,19.485036994233973,42.5,0.0,0.0,0.0,0.0,2
62.0,6.0,1.4918200221551965,0.0,0.0,0.0,0.0,0.0,58.0,7.0,1.5480680991856337,0.0,0.0,55.46153846153846,0.0,0.0,0.0,0.0,12.0,250.0,12.0,10,1,0.5395033860045146,9.7979589711327,54.0,0.0,0.0,0.0,0.0,2
42.0,6.0,1.6083949200485277,0.0,0.0,0.0,0.0,0.0,54.0,3.0,0.8872110027571255,0.0,0.0,52.55555555555556,0.0,0.0,0.0,0.0,12.0,80.0,10.0,11,1,0.5395033860045146,9.7979589711327,54.0,0.0,0.0,0.0,0.0,1
62.0,9.0,1.865708940766636,0.0,0.0,0.0,0.0,0.0,38.0,3.0,0.7534424611772383,0.0,0.0,48.77777777777778,0.0,0.0,0.0,0.0,10.0,422.0,14.0,11,1,0.5395033860045146,9.7979589711327,54.0,0.0,0.0,0.0,0.0,2
268.0,5.0,1.3385541116078603,0.0,0.0,0.0,0.0,0.0,76.0,4.0,1.3117166587202225,0.0,4.0,60.6875,0.0,0.0,0.0,0.0,34.0,1060.0,14.0,12,1,0.5395033860045146,106.75048789896309,108.5,0.0,0.0,0.0,0.0,2
48.0,7.0,1.7081817175259255,0.0,0.0,0.0,0.0,0.0,0.0,0.0,0.0,0.0,0.0,39.0,0.0,0.0,0.0,0.0,6.0,184.0,10.0,15,1,0.5395033860045146,112.76376486561036,100.5,0.0,0.0,0.0,0.0,2
240.0,5.0,0.6736239479605267,0.0,0.0,0.0,0.0,0.0,0.0,0.0,0.0,0.0,2.0,46.13333333333333,0.0,0.0,0.0,0.0,8.0,262.0,8.0,15,1,0.5395033860045146,126.75961501992658,145.0,0.0,0.0,0.0,0.0,2
152.0,5.0,0.9419792365431736,0.0,0.0,0.0,0.0,0.0,0.0,0.0,0.0,0.0,2.0,88.83333333333333,0.0,0.0,0.0,0.0,22.0,478.0,24.0,16,1,0.5395033860045146,99.59919678390985,116.0,0.0,0.0,0.0,0.0,2
90.0,7.0,1.6067380470032195,0.0,12.0,0.0,0.0,0.0,0.0,0.0,0.0,0.0,0.0,91.9090909090909,0.0,2.0,0.0,2.0,14.0,468.0,14.0,16,1,0.5395033860045146,83.4326075344646,132.5,6.000000000000071,3.0,0.0,0.0,2
46.0,5.0,1.458334670552618,0.0,0.0,0.0,0.0,0.0,0.0,0.0,0.0,0.0,0.0,42.888888888888886,0.0,0.0,0.0,0.0,42.0,506.0,24.0,19,1,0.5395033860045146,43.48179695765419,96.0,6.000000000000071,3.0,0.0,0.0,2
26.0,6.0,1.73798344858105,0.0,0.0,0.0,0.0,0.0,0.0,0.0,0.0,0.0,0.0,34.42857142857143,0.0,0.0,0.0,0.0,30.0,576.0,12.0,20,1,0.5395033860045146,33.99509768579382,64.5,6.000000000000071,3.0,0.0,0.0,2
82.0,5.0,1.5108189077774978,0.0,0.0,0.0,0.0,0.0,0.0,0.0,0.0,0.0,0.0,27.08333333333333,0.0,0.0,0.0,0.0,54.0,616.0,20.0,20,1,0.5395033860045146,32.181775380899424,62.5,0.0,0.0,0.0,0.0,2
30.0,3.0,1.0437570363284083,0.0,0.0,0.0,0.0,0.0,0.0,0.0,0.0,0.0,0.0,21.285714285714285,0.0,0.0,0.0,0.0,24.0,268.0,18.0,21,0,0.5395033860045146,25.50816862627861,46.0,0.0,0.0,0.0,0.0,2
76.0,6.0,0.8292163524312047,0.0,0.0,0.0,0.0,0.0,0.0,0.0,0.0,0.0,6.0,15.4,0.0,0.0,0.0,0.0,24.0,1292.0,10.0,21,0,0.5395033860045146,29.59166549328821,53.5,0.0,0.0,0.0,0.0,2
552.0,6.0,0.5450512761362554,0.0,0.0,0.0,0.0,0.0,0.0,0.0,0.0,0.0,4.0,38.41666666666666,0.0,0.0,0.0,0.0,6.0,3472.0,2.0,22,0,0.5395033860045146,245.76682716211585,185.0,0.0,0.0,0.0,0.0,2
434.0,5.0,0.3031615387542931,0.0,0.0,0.0,0.0,0.0,0.0,0.0,0.0,0.0,0.0,69.2,0.0,0.0,6.0,0.0,12.0,4998.0,4.0,22,0,0.5395033860045146,259.242486229913,273.0,0.0,0.0,0.0,0.0,2
56.0,5.0,1.1967006673727378,0.0,0.0,0.0,0.0,0.0,0.0,0.0,0.0,0.0,0.0,73.28571428571429,0.0,0.0,0.0,0.0,24.0,808.0,14.0,23,0,0.5395033860045146,251.32382829064707,279.5,0.0,0.0,0.0,0.0,2
12.0,1.0,-1.000088900581841e-12,0.0,0.0,0.0,0.0,0.0,0.0,0.0,0.0,0.0,0.0,69.33333333333333,0.0,0.0,0.0,0.0,0.0,30.0,2.0,23,0,0.5395033860045146,269.94505613797287,263.5,0.0,0.0,0.0,0.0,1
12.0,1.0,-1.000088900581841e-12,0.0,0.0,0.0,0.0,0.0,0.0,0.0,0.0,0.0,0.0,67.66666666666667,0.0,0.0,0.0,0.0,0.0,0.0,0.0,0,0,0.5395033860045146,204.7201341669483,128.5,0.0,0.0,0.0,0.0,1
24.0,2.0,0.6791932659895258,0.0,0.0,0.0,0.0,0.0,0.0,0.0,0.0,0.0,0.0,66.0,4.0,0.0,0.0,0.0,6.0,194.0,6.0,0,0,0.5395033860045146,20.78460969082598,26.0,0.0,0.0,0.0,0.0,1
12.0,1.0,-1.000088900581841e-12,0.0,0.0,0.0,0.0,0.0,0.0,0.0,0.0,0.0,0.0,64.5,0.0,0.0,0.0,0.0,0.0,0.0,0.0,1,0,0.5395033860045146,5.999999999998125,15.0,0.0,0.0,0.0,0.0,1
8.0,1.0,-1.000088900581841e-12,0.0,0.0,0.0,0.0,0.0,0.0,0.0,0.0,0.0,0.0,63.0,0.0,0.0,0.0,0.0,0.0,0.0,0.0,1,0,0.5395033860045146,6.928203230273887,14.0,0.0,0.0,0.0,0.0,1
0.0,0.0,0.0,0.0,0.0,0.0,0.0,0.0,0.0,0.0,0.0,0.0,0.0,61.16666666666666,4.0,0.0,0.0,0.0,0.0,0.0,0.0,2,0,0.5395033860045146,9.999999999998876,11.0,0.0,0.0,0.0,0.0,1
0.0,0.0,0.0,0.0,0.0,0.0,0.0,0.0,0.0,0.0,0.0,0.0,0.0,60.66666666666666,0.0,0.0,0.0,0.0,0.0,0.0,0.0,2,0,0.5395033860045146,5.9999999999981375,5.0,0.0,0.0,0.0,0.0,1
0.0,0.0,0.0,0.0,0.0,0.0,0.0,0.0,0.0,0.0,0.0,0.0,0.0,59.66666666666666,4.0,0.0,0.0,0.0,0.0,0.0,0.0,3,0,0.5395033860045146,3.999999999997211,2.0,0.0,0.0,0.0,0.0,1
0.0,0.0,0.0,0.0,0.0,0.0,0.0,0.0,0.0,0.0,0.0,0.0,0.0,58.833333333333336,0.0,0.0,0.0,0.0,0.0,0.0,0.0,3,0,0.5395033860045146,0.0,0.0,0.0,0.0,0.0,0.0,1
0.0,0.0,0.0,0.0,0.0,0.0,0.0,0.0,0.0,0.0,0.0,0.0,0.0,58.0,0.0,0.0,0.0,0.0,0.0,0.0,0.0,4,0,0.5395033860045146,0.0,0.0,0.0,0.0,0.0,0.0,1
0.0,0.0,0.0,0.0,0.0,0.0,0.0,0.0,0.0,0.0,0.0,0.0,0.0,56.66666666666666,4.0,0.0,0.0,0.0,0.0,0.0,0.0,4,0,0.5395033860045146,0.0,0.0,0.0,0.0,0.0,0.0,1
0.0,0.0,0.0,0.0,0.0,0.0,0.0,0.0,0.0,0.0,0.0,0.0,0.0,54.0,0.0,0.0,0.0,0.0,0.0,0.0,0.0,5,0,0.5395033860045146,0.0,0.0,0.0,0.0,0.0,0.0,1
0.0,0.0,0.0,0.0,0.0,0.0,0.0,0.0,0.0,0.0,0.0,0.0,0.0,53.66666666666666,0.0,0.0,0.0,0.0,0.0,0.0,0.0,5,0,0.5395033860045146,0.0,0.0,0.0,0.0,0.0,0.0,1
0.0,0.0,0.0,0.0,0.0,0.0,0.0,0.0,0.0,0.0,0.0,0.0,0.0,52.0,0.0,0.0,0.0,0.0,0.0,0.0,0.0,6,0,0.5395033860045146,0.0,0.0,0.0,0.0,0.0,0.0,1
0.0,0.0,0.0,0.0,0.0,0.0,0.0,0.0,0.0,0.0,0.0,0.0,0.0,52.0,0.0,0.0,0.0,0.0,0.0,0.0,0.0,6,0,0.5395033860045146,0.0,0.0,0.0,0.0,0.0,0.0,1
0.0,0.0,0.0,0.0,0.0,0.0,0.0,0.0,0.0,0.0,0.0,0.0,0.0,50.5,0.0,0.0,0.0,0.0,0.0,0.0,0.0,7,0,0.5395033860045146,0.0,0.0,0.0,0.0,0.0,0.0,1
0.0,0.0,0.0,0.0,0.0,0.0,0.0,0.0,0.0,0.0,0.0,0.0,0.0,48.16666666666666,0.0,0.0,0.0,0.0,0.0,0.0,0.0,7,0,0.5395033860045146,0.0,0.0,0.0,0.0,0.0,0.0,1
0.0,0.0,0.0,0.0,0.0,0.0,0.0,0.0,0.0,0.0,0.0,0.0,0.0,45.833333333333336,0.0,0.0,0.0,0.0,0.0,0.0,0.0,8,1,0.5395033860045146,0.0,0.0,0.0,0.0,0.0,0.0,1
130.0,5.0,1.195955494180464,0.0,0.0,0.0,0.0,0.0,0.0,0.0,0.0,0.0,0.0,40.0,0.0,0.0,0.0,0.0,6.0,1208.0,6.0,8,1,0.5395033860045146,64.99999999999983,32.5,0.0,0.0,0.0,0.0,1
70.0,5.0,1.2290369972534152,0.0,0.0,0.0,0.0,0.0,0.0,0.0,0.0,0.0,0.0,32.45454545454545,0.0,0.0,0.0,0.0,6.0,706.0,6.0,9,1,0.5395033860045146,62.716292407422415,50.0,0.0,0.0,0.0,0.0,1
60.0,6.0,1.63786768391503,0.0,0.0,0.0,0.0,0.0,0.0,0.0,0.0,0.0,0.0,24.0,0.0,0.0,0.0,6.0,24.0,406.0,10.0,9,1,0.5395033860045146,53.22906474223749,65.0,0.0,0.0,0.0,0.0,2
136.0,4.0,1.1276297804666324,0.0,0.0,0.0,0.0,0.0,0.0,0.0,0.0,0.0,6.0,20.166666666666668,0.0,0.0,0.0,0.0,42.0,440.0,20.0,10,1,0.5395033860045146,39.54743986657008,99.0,0.0,0.0,0.0,0.0,2
408.0,4.0,0.5504954503287387,0.0,0.0,0.0,0.0,0.0,0.0,0.0,0.0,0.0,6.0,55.04761904761905,0.0,0.0,0.0,0.0,36.0,1674.0,20.0,10,1,0.5395033860045146,163.18803060682274,168.5,0.0,0.0,0.0,0.0,2
502.0,7.0,1.490876346810791,0.0,0.0,0.0,0.0,0.0,0.0,0.0,0.0,0.0,4.0,88.6086956521739,0.0,0.0,0.0,0.0,30.0,1686.0,14.0,11,1,0.5395033860045146,211.93945676379684,276.5,0.0,0.0,0.0,0.0,2
228.0,3.0,0.267547841279966,0.0,0.0,0.0,0.0,0.0,0.0,0.0,0.0,0.0,0.0,97.5,0.0,0.0,0.0,0.0,42.0,878.0,12.0,11,1,0.5395033860045146,166.5122618107547,318.5,0.0,0.0,0.0,0.0,2
86.0,6.0,1.3647115947801651,0.0,0.0,0.0,0.0,0.0,0.0,0.0,0.0,0.0,0.0,96.46666666666668,0.0,0.0,0.0,0.0,18.0,1004.0,6.0,12,1,0.5395033860045146,185.5658014469979,306.0,0.0,0.0,0.0,0.0,2
86.0,6.0,1.3308623894275646,0.0,0.0,0.0,0.0,0.0,0.0,0.0,0.0,0.0,0.0,90.23529411764706,0.0,0.0,0.0,0.0,30.0,1494.0,28.0,12,1,0.5395033860045146,196.11136292083293,225.5,0.0,0.0,0.0,0.0,2
62.0,4.0,1.1720632762323748,0.0,0.0,0.0,0.0,0.0,0.0,0.0,0.0,0.0,0.0,83.9,0.0,0.0,0.0,0.0,36.0,324.0,46.0,13,1,0.5395033860045146,75.84853327520564,115.5,0.0,0.0,0.0,0.0,2
56.0,5.0,1.5423063266971138,0.0,0.0,0.0,0.0,0.0,0.0,0.0,0.0,0.0,0.0,78.9,0.0,0.0,0.0,0.0,36.0,334.0,22.0,13,1,0.5395033860045146,15.77973383805872,72.5,0.0,0.0,0.0,0.0,1
144.0,8.0,1.661574121560217,0.0,0.0,0.0,0.0,0.0,0.0,0.0,0.0,0.0,0.0,72.4,0.0,0.0,0.0,0.0,30.0,1322.0,14.0,14,1,0.5395033860045146,40.14971979976917,87.0,0.0,0.0,0.0,0.0,2
34.0,4.0,1.2980356797306745,0.0,0.0,0.0,0.0,0.0,0.0,0.0,0.0,0.0,0.0,65.57142857142857,0.0,0.0,0.0,0.0,12.0,548.0,26.0,14,1,0.5395033860045146,48.19405219180726,74.0,0.0,0.0,0.0,0.0,2
22.0,4.0,1.0335620542028177,0.0,0.0,0.0,0.0,0.0,0.0,0.0,0.0,0.0,0.0,59.57142857142857,0.0,0.0,0.0,0.0,12.0,400.0,18.0,15,1,0.5395033860045146,55.16037224916672,64.0,0.0,0.0,0.0,0.0,2
66.0,4.0,1.333722697814406,0.0,0.0,0.0,0.0,0.0,0.0,0.0,0.0,0.0,0.0,52.91666666666666,0.0,0.0,0.0,0.0,28.0,622.0,14.0,15,1,0.5395033860045146,54.90294466905495,66.5,0.0,0.0,0.0,0.0,2
122.0,7.0,1.6583970965752797,0.0,0.0,0.0,0.0,0.0,0.0,0.0,0.0,0.0,0.0,47.333333333333336,0.0,0.0,0.0,0.0,60.0,992.0,20.0,16,1,0.5395033860045146,44.70644994479702,61.0,0.0,0.0,0.0,0.0,2
100.0,5.0,1.3938560196814234,0.0,0.0,0.0,0.0,0.0,0.0,0.0,0.0,0.0,0.0,42.41666666666666,0.0,0.0,0.0,0.0,36.0,254.0,20.0,16,1,0.5395033860045146,43.58516567212568,77.5,0.0,0.0,0.0,0.0,2
48.0,5.0,1.439963896754091,0.0,0.0,0.0,0.0,0.0,0.0,0.0,0.0,0.0,0.0,37.77777777777778,0.0,0.0,0.0,0.0,30.0,222.0,22.0,17,1,0.5395033860045146,33.26659986633205,84.0,0.0,0.0,0.0,0.0,1
36.0,5.0,1.5418327382813626,0.0,0.0,0.0,0.0,0.0,0.0,0.0,0.0,0.0,0.0,32.5,0.0,0.0,0.0,0.0,24.0,350.0,8.0,17,1,0.5395033860045146,41.12987559750994,76.5,0.0,0.0,0.0,0.0,2
160.0,8.0,1.634441752796917,0.0,0.0,0.0,0.0,0.0,0.0,0.0,0.0,0.0,0.0,27.043478260869566,0.0,0.0,0.0,0.0,42.0,802.0,10.0,18,1,0.5395033860045146,56.61566332149885,86.0,0.0,0.0,0.0,0.0,2
186.0,9.0,1.6262601533733023,0.0,0.0,0.0,0.0,0.0,0.0,0.0,0.0,0.0,6.0,25.666666666666668,0.0,0.0,0.0,0.0,18.0,1060.0,12.0,18,1,0.5395033860045146,76.53103945458979,107.5,0.0,0.0,0.0,0.0,2
252.0,11.0,1.878878616743197,0.0,0.0,0.0,0.0,0.0,0.0,0.0,0.0,0.0,0.0,57.5,0.0,0.0,0.0,0.0,42.0,1504.0,10.0,19,1,0.5395033860045146,90.38252043398649,158.5,0.0,0.0,0.0,0.0,2
82.0,6.0,1.6611786425092487,0.0,0.0,0.0,0.0,0.0,0.0,0.0,0.0,0.0,0.0,50.583333333333336,0.0,0.0,0.0,0.0,42.0,1354.0,16.0,19,1,0.5395033860045146,70.29461809650378,170.0,0.0,0.0,0.0,0.0,2
104.0,9.0,1.5817495002767172,0.0,0.0,0.0,0.0,0.0,0.0,0.0,0.0,0.0,0.0,44.73333333333333,0.0,0.0,0.0,0.0,66.0,438.0,18.0,20,1,0.5395033860045146,78.09396050058321,156.0,0.0,0.0,0.0,0.0,2
42.0,5.0,1.2284916775195969,0.0,0.0,0.0,0.0,0.0,0.0,0.0,0.0,0.0,0.0,37.875,0.0,0.0,0.0,0.0,30.0,384.0,22.0,20,1,0.5395033860045146,91.66606060405698,120.0,0.0,0.0,0.0,0.0,2
88.0,8.0,1.7190271773093515,0.0,50.0,0.0,0.0,0.0,0.0,0.0,0.0,0.0,0.0,31.307692307692307,0.0,0.0,0.0,0.0,48.0,462.0,32.0,21,0,0.5395033860045146,26.356529867693983,79.0,25.00000000000001,12.5,0.0,0.0,2
126.0,6.0,1.4246639410300763,0.0,60.0,0.0,0.0,0.0,0.0,0.0,0.0,0.0,0.0,24.88888888888889,0.0,0.0,0.0,0.0,108.0,518.0,34.0,21,0,0.5395033860045146,35.59026084010408,90.0,32.01562118716426,27.5,0.0,0.0,2
56.0,3.0,0.7059182060840963,0.0,0.0,0.0,0.0,0.0,0.0,0.0,0.0,0.0,0.0,19.875,0.0,0.0,0.0,0.0,6.0,1340.0,6.0,22,0,0.5395033860045146,37.34523619776216,78.0,32.01562118716426,27.5,0.0,0.0,2
150.0,6.0,0.9290532342644724,0.0,0.0,0.0,0.0,0.0,0.0,0.0,0.0,0.0,4.0,15.846153846153848,0.0,0.0,4.0,0.0,16.0,808.0,6.0,22,0,0.5395033860045146,41.45680482944443,105.0,32.01562118716426,27.5,0.0,0.0,2
262.0,4.0,0.6089942209396239,0.0,0.0,0.0,0.0,0.0,0.0,0.0,0.0,0.0,0.0,46.06666666666667,0.0,0.0,0.0,0.0,24.0,1842.0,12.0,23,0,0.5395033860045146,85.53167054762025,148.5,30.00000000000001,15.0,0.0,0.0,2
320.0,5.0,1.143517852780624,0.0,0.0,0.0,0.0,0.0,0.0,0.0,0.0,0.0,4.0,74.61538461538461,0.0,0.0,0.0,0.0,24.0,672.0,6.0,23,0,0.5395033860045146,117.53581014595788,197.0,0.0,0.0,0.0,0.0,2
524.0,4.0,0.2890608441181897,0.0,0.0,0.0,0.0,0.0,0.0,0.0,0.0,0.0,6.0,76.84,0.0,0.0,0.0,0.0,6.0,100.0,0.0,0,0,0.5395033860045146,156.77584848013632,314.0,0.0,0.0,0.0,0.0,2
718.0,1.0,-1.000088900581841e-12,0.0,0.0,0.0,0.0,0.0,0.0,0.0,0.0,0.0,0.0,80.0,0.0,0.0,0.0,0.0,0.0,0.0,0.0,0,0,0.5395033860045146,207.68565991260283,456.0,0.0,0.0,0.0,0.0,1
226.0,1.0,-1.000088900581841e-12,0.0,0.0,0.0,0.0,0.0,0.0,0.0,0.0,0.0,0.0,80.0,0.0,0.0,0.0,0.0,0.0,0.0,0.0,1,0,0.5395033860045146,219.34751727187003,447.0,0.0,0.0,0.0,0.0,1
0.0,0.0,0.0,0.0,0.0,0.0,0.0,0.0,0.0,0.0,0.0,0.0,0.0,80.0,0.0,0.0,0.0,0.0,0.0,0.0,0.0,1,0,0.5395033860045146,317.5006561673009,367.0,0.0,0.0,0.0,0.0,1
0.0,0.0,0.0,0.0,0.0,0.0,0.0,0.0,0.0,0.0,0.0,0.0,0.0,80.0,0.0,0.0,0.0,0.0,0.0,0.0,0.0,2,0,0.5395033860045146,338.5340947871179,236.0,0.0,0.0,0.0,0.0,1
482.0,1.0,-1.000088900581841e-12,0.0,0.0,0.0,0.0,0.0,0.0,0.0,0.0,0.0,6.0,84.26666666666667,0.0,0.0,0.0,0.0,18.0,0.0,6.0,2,0,0.5395033860045146,229.55318918862065,177.0,0.0,0.0,0.0,0.0,1
718.0,1.0,-1.000088900581841e-12,0.0,0.0,0.0,0.0,0.0,0.0,0.0,0.0,0.0,0.0,95.7,0.0,0.0,0.0,0.0,0.0,0.0,0.0,3,0,0.5395033860045146,359.5589891334476,300.0,0.0,0.0,0.0,0.0,1
232.0,1.0,-1.000088900581841e-12,0.0,0.0,0.0,0.0,0.0,0.0,0.0,0.0,0.0,0.0,99.93333333333334,0.0,0.0,0.0,0.0,0.0,0.0,0.0,3,0,0.5395033860045146,310.38470752707303,358.0,0.0,0.0,0.0,0.0,1
0.0,0.0,0.0,0.0,0.0,0.0,0.0,0.0,0.0,0.0,0.0,0.0,0.0,100.0,0.0,0.0,0.0,0.0,0.0,0.0,0.0,4,0,0.5395033860045146,310.38470752707303,358.0,0.0,0.0,0.0,0.0,1
0.0,0.0,0.0,0.0,0.0,0.0,0.0,0.0,0.0,0.0,0.0,0.0,0.0,100.0,0.0,0.0,0.0,0.0,0.0,0.0,0.0,4,0,0.5395033860045146,338.4883060510855,237.5,0.0,0.0,0.0,0.0,1
0.0,0.0,0.0,0.0,0.0,0.0,0.0,0.0,0.0,0.0,0.0,0.0,0.0,100.0,0.0,0.0,0.0,0.0,0.0,0.0,0.0,5,0,0.5395033860045146,116.00000000000004,58.0,0.0,0.0,0.0,0.0,1
0.0,0.0,0.0,0.0,0.0,0.0,0.0,0.0,0.0,0.0,0.0,0.0,0.0,100.0,0.0,0.0,0.0,0.0,0.0,0.0,0.0,5,0,0.5395033860045146,0.0,0.0,0.0,0.0,0.0,0.0,1
0.0,0.0,0.0,0.0,0.0,0.0,0.0,0.0,0.0,0.0,0.0,0.0,0.0,100.0,0.0,0.0,0.0,0.0,0.0,0.0,0.0,6,0,0.5395033860045146,0.0,0.0,0.0,0.0,0.0,0.0,1
0.0,0.0,0.0,0.0,0.0,0.0,0.0,0.0,0.0,0.0,0.0,0.0,0.0,100.0,0.0,0.0,0.0,0.0,0.0,0.0,0.0,6,0,0.5395033860045146,0.0,0.0,0.0,0.0,0.0,0.0,1
0.0,0.0,0.0,0.0,0.0,0.0,0.0,0.0,0.0,0.0,0.0,0.0,0.0,100.0,0.0,0.0,0.0,0.0,0.0,0.0,0.0,7,0,0.5395033860045146,0.0,0.0,0.0,0.0,0.0,0.0,1
126.0,6.0,1.3579625669918312,0.0,0.0,0.0,0.0,0.0,0.0,0.0,0.0,0.0,0.0,99.8,0.0,4.0,0.0,2.0,12.0,550.0,4.0,7,0,0.5395033860045146,63.00000000000006,31.5,0.0,0.0,0.0,0.0,1
62.0,6.0,1.415706678009184,0.0,0.0,0.0,0.0,0.0,0.0,0.0,0.0,0.0,0.0,95.41666666666669,0.0,0.0,0.0,0.0,18.0,262.0,16.0,8,1,0.5395033860045146,60.232881385502445,47.0,0.0,0.0,0.0,0.0,2
242.0,6.0,1.0928066149750362,0.0,28.0,0.0,0.0,0.0,0.0,0.0,0.0,0.0,0.0,84.0,0.0,0.0,0.0,0.0,18.0,1404.0,14.0,9,1,0.5395033860045146,84.68766143896056,133.0,14.23610433604178,12.0,0.0,0.0,2
86.0,7.0,1.7797378416854566,0.0,72.0,0.0,0.0,0.0,0.0,0.0,0.0,0.0,0.0,78.61538461538461,0.0,0.0,0.0,0.0,16.0,146.0,10.0,10,1,0.5395033860045146,87.65842800324454,127.0,34.00000000000001,25.0,0.0,0.0,2
42.0,5.0,1.4845740808366696,0.0,0.0,0.0,0.0,0.0,0.0,0.0,0.0,0.0,0.0,68.33333333333333,0.0,0.0,0.0,0.0,14.0,348.0,12.0,11,1,0.5395033860045146,86.24770528348377,119.0,31.17156824201611,28.5,0.0,0.0,2
70.0,5.0,1.545539224964685,0.0,0.0,0.0,0.0,0.0,0.0,0.0,0.0,0.0,0.0,58.07692307692308,0.0,0.0,0.0,0.0,22.0,300.0,16.0,12,1,0.5395033860045146,30.35347316755268,65.0,7.000000000000061,3.5,0.0,0.0,2
100.0,4.0,1.1080718304837256,0.0,0.0,0.0,0.0,0.0,0.0,0.0,0.0,0.0,0.0,48.4375,0.0,0.0,0.0,0.0,12.0,614.0,8.0,13,1,0.5395033860045146,27.17842281418615,64.0,0.0,0.0,0.0,0.0,2
56.0,5.0,1.3470133273095453,0.0,0.0,0.0,0.0,0.0,0.0,0.0,0.0,0.0,0.0,35.0,0.0,0.0,0.0,0.0,6.0,492.0,10.0,14,1,0.5395033860045146,24.46085307860993,64.5,0.0,0.0,0.0,0.0,2
46.0,4.0,1.192258931773056,0.0,0.0,0.0,0.0,0.0,0.0,0.0,0.0,0.0,0.0,27.3,0.0,0.0,0.0,0.0,14.0,92.0,6.0,15,1,0.5395033860045146,15.57776192739747,46.0,0.0,0.0,0.0,0.0,2
40.0,5.0,1.4150225884885588,0.0,0.0,0.0,0.0,0.0,0.0,0.0,0.0,0.0,0.0,71.66666666666667,0.0,0.0,0.0,0.0,28.0,350.0,20.0,20,1,0.5395033860045146,9.092121131324312,28.0,0.0,0.0,0.0,0.0,2
42.0,7.0,1.7357455494027991,0.0,0.0,0.0,0.0,0.0,0.0,0.0,0.0,0.0,0.0,60.625,0.0,0.0,0.0,0.0,20.0,312.0,16.0,21,0,0.5395033860045146,6.403124237433428,35.5,0.0,0.0,0.0,0.0,2
60.0,3.0,0.7298712099801165,0.0,0.0,0.0,0.0,0.0,0.0,0.0,0.0,0.0,0.0,50.71428571428572,0.0,0.0,0.0,0.0,12.0,586.0,8.0,22,0,0.5395033860045146,13.30413469565035,41.5,0.0,0.0,0.0,0.0,2
40.0,5.0,1.415022588488559,0.0,0.0,0.0,0.0,0.0,0.0,0.0,0.0,0.0,0.0,42.375,0.0,0.0,0.0,0.0,8.0,622.0,6.0,23,0,0.5395033860045146,18.13835714721726,37.5,0.0,0.0,0.0,0.0,2
716.0,1.0,-1.000088900581841e-12,0.0,0.0,0.0,0.0,0.0,0.0,0.0,0.0,0.0,0.0,68.73333333333333,0.0,0.0,0.0,0.0,0.0,0.0,0.0,0,0,0.5395033860045146,324.6839488897883,251.5,0.0,0.0,0.0,0.0,2
0.0,0.0,0.0,0.0,0.0,0.0,0.0,0.0,0.0,0.0,0.0,0.0,0.0,80.0,0.0,0.0,0.0,0.0,0.0,0.0,0.0,1,0,0.5395033860045146,312.16448655583275,363.0,0.0,0.0,0.0,0.0,1
0.0,0.0,0.0,0.0,0.0,0.0,0.0,0.0,0.0,0.0,0.0,0.0,0.0,80.0,0.0,0.0,0.0,0.0,0.0,0.0,0.0,2,0,0.5395033860045146,251.00000000000009,125.5,0.0,0.0,0.0,0.0,1
0.0,0.0,0.0,0.0,0.0,0.0,0.0,0.0,0.0,0.0,0.0,0.0,0.0,80.0,0.0,0.0,0.0,0.0,0.0,0.0,0.0,3,0,0.5395033860045146,0.0,0.0,0.0,0.0,0.0,0.0,1
0.0,0.0,0.0,0.0,0.0,0.0,0.0,0.0,0.0,0.0,0.0,0.0,0.0,80.0,0.0,0.0,0.0,0.0,0.0,0.0,0.0,4,0,0.5395033860045146,0.0,0.0,0.0,0.0,0.0,0.0,1
0.0,0.0,0.0,0.0,0.0,0.0,0.0,0.0,0.0,0.0,0.0,0.0,0.0,87.7,0.0,0.0,0.0,0.0,0.0,0.0,0.0,5,0,0.5395033860045146,0.0,0.0,0.0,0.0,0.0,0.0,1
0.0,0.0,0.0,0.0,0.0,0.0,0.0,0.0,0.0,0.0,0.0,0.0,0.0,100.0,0.0,0.0,0.0,0.0,0.0,0.0,0.0,6,0,0.5395033860045146,0.0,0.0,0.0,0.0,0.0,0.0,1
32.0,4.0,1.3547104187139274,0.0,0.0,0.0,0.0,0.0,0.0,0.0,0.0,0.0,0.0,24.875,0.0,0.0,0.0,0.0,8.0,528.0,2.0,15,1,0.5395033860045146,14.73091986265722,32.5,0.0,0.0,0.0,0.0,2
18.0,3.0,1.0608569471550215,0.0,0.0,0.0,0.0,0.0,0.0,0.0,0.0,0.0,0.0,18.285714285714285,0.0,0.0,0.0,0.0,8.0,20.0,4.0,16,1,0.5395033860045146,10.645812948448905,25.0,0.0,0.0,0.0,0.0,2
32.0,4.0,1.2130075659759043,0.0,0.0,0.0,0.0,0.0,0.0,0.0,0.0,0.0,0.0,15.0,0.0,0.0,0.0,0.0,10.0,78.0,4.0,17,1,0.5395033860045146,11.357816691601824,24.5,0.0,0.0,0.0,0.0,2
186.0,6.0,1.4119683023710767,0.0,0.0,0.0,0.0,0.0,0.0,0.0,0.0,0.0,2.0,17.846153846153847,0.0,0.0,0.0,0.0,12.0,310.0,12.0,18,1,0.5395033860045146,81.45960143940489,64.5,0.0,0.0,0.0,0.0,2
96.0,6.0,1.7292075747774454,0.0,0.0,0.0,0.0,0.0,0.0,0.0,0.0,0.0,0.0,77.61538461538461,0.0,0.0,0.0,0.0,24.0,134.0,12.0,19,1,0.5395033860045146,89.15903394122977,134.0,0.0,0.0,0.0,0.0,2
70.0,7.0,1.6686613279831324,0.0,0.0,0.0,0.0,0.0,0.0,0.0,0.0,0.0,0.0,85.6,0.0,2.0,0.0,2.0,10.0,196.0,6.0,9,1,0.5395033860045146,60.406953242156064,86.5,0.0,0.0,0.0,0.0,2
78.0,5.0,1.3681735379834232,0.0,0.0,0.0,0.0,0.0,0.0,0.0,0.0,0.0,0.0,72.8,0.0,0.0,0.0,0.0,6.0,362.0,12.0,10,1,0.5395033860045146,45.383550617670885,106.5,0.0,0.0,0.0,0.0,2
34.0,4.0,1.2831726480121035,0.0,0.0,0.0,0.0,0.0,0.0,0.0,0.0,0.0,0.0,63.0,0.0,0.0,0.0,0.0,10.0,160.0,12.0,11,1,0.5395033860045146,37.91217922163486,62.0,0.0,0.0,0.0,0.0,2
150.0,5.0,1.384828502983542,0.0,0.0,0.0,0.0,0.0,0.0,0.0,0.0,0.0,0.0,51.95,0.0,0.0,0.0,0.0,22.0,406.0,14.0,12,1,0.5395033860045146,57.71192828754464,64.0,0.0,0.0,0.0,0.0,2
68.0,5.0,1.4620381341766482,0.0,0.0,0.0,0.0,0.0,0.0,0.0,0.0,0.0,0.0,41.2,0.0,0.0,0.0,0.0,10.0,350.0,6.0,13,1,0.5395033860045146,48.69976043746719,78.5,0.0,0.0,0.0,0.0,2
80.0,5.0,1.194276161830679,0.0,0.0,0.0,0.0,0.0,0.0,0.0,0.0,0.0,0.0,29.666666666666668,0.0,0.0,0.0,0.0,14.0,304.0,16.0,14,1,0.5395033860045146,13.266499161422653,70.0,0.0,0.0,0.0,0.0,2
308.0,6.0,1.2262414374960775,0.0,0.0,0.0,0.0,0.0,0.0,0.0,0.0,0.0,6.0,30.15,0.0,0.0,0.0,0.0,8.0,914.0,8.0,15,1,0.5395033860045146,119.39849245279451,130.0,0.0,0.0,0.0,0.0,3
24.0,3.0,1.077556327063801,0.0,0.0,0.0,0.0,0.0,0.0,0.0,0.0,0.0,0.0,35.714285714285715,0.0,0.0,0.0,0.0,10.0,30.0,4.0,16,1,0.5395033860045146,138.73235623554692,101.0,0.0,0.0,0.0,0.0,3
306.0,5.0,0.8774247460992876,0.0,84.0,0.0,0.0,0.0,0.0,0.0,0.0,0.0,2.0,46.78947368421053,0.0,0.0,0.0,0.0,22.0,250.0,18.0,17,1,0.5395033860045146,157.8807566910336,158.5,39.91240408695023,25.5,0.0,0.0,2
698.0,1.0,-1.000088900581841e-12,0.0,0.0,0.0,0.0,0.0,0.0,0.0,0.0,0.0,0.0,70.4,0.0,0.0,0.0,0.0,0.0,0.0,0.0,23,0,0.5395033860045146,300.299295148468,283.5,42.000000000000014,21.0,0.0,0.0,2
0.0,0.0,0.0,0.0,0.0,0.0,0.0,0.0,0.0,0.0,0.0,0.0,0.0,80.0,0.0,0.0,0.0,0.0,0.0,0.0,0.0,0,0,0.5395033860045146,356.4243725299006,356.5,0.0,0.0,0.0,0.0,2
0.0,0.0,0.0,0.0,0.0,0.0,0.0,0.0,0.0,0.0,0.0,0.0,0.0,80.0,0.0,0.0,0.0,0.0,0.0,0.0,0.0,1,0,0.5395033860045146,313.0,156.5,0.0,0.0,0.0,0.0,2
0.0,0.0,0.0,0.0,0.0,0.0,0.0,0.0,0.0,0.0,0.0,0.0,0.0,80.0,0.0,0.0,0.0,0.0,0.0,0.0,0.0,2,0,0.5395033860045146,0.0,0.0,0.0,0.0,0.0,0.0,2
0.0,0.0,0.0,0.0,0.0,0.0,0.0,0.0,0.0,0.0,0.0,0.0,0.0,80.0,2.0,0.0,0.0,0.0,0.0,0.0,0.0,3,0,0.5395033860045146,0.0,0.0,0.0,0.0,0.0,0.0,2
0.0,0.0,0.0,0.0,0.0,0.0,0.0,0.0,0.0,0.0,0.0,0.0,0.0,80.0,2.0,0.0,0.0,0.0,0.0,0.0,0.0,4,0,0.5395033860045146,0.0,0.0,0.0,0.0,0.0,0.0,2
0.0,0.0,0.0,0.0,0.0,0.0,0.0,0.0,0.0,0.0,0.0,0.0,0.0,80.0,0.0,0.0,0.0,0.0,0.0,0.0,0.0,5,0,0.5395033860045146,0.0,0.0,0.0,0.0,0.0,0.0,2
0.0,0.0,0.0,0.0,0.0,0.0,0.0,0.0,0.0,0.0,0.0,0.0,0.0,80.0,2.0,0.0,0.0,0.0,0.0,0.0,0.0,6,0,0.5395033860045146,0.0,0.0,0.0,0.0,0.0,0.0,2
138.0,4.0,1.2816703634701343,0.0,0.0,0.0,0.0,0.0,0.0,0.0,0.0,0.0,0.0,78.27272727272727,0.0,0.0,0.0,0.0,4.0,462.0,4.0,7,0,0.5395033860045146,69.00000000000014,34.5,0.0,0.0,0.0,0.0,2
12.0,1.0,-1.000088900581841e-12,0.0,0.0,0.0,0.0,0.0,0.0,0.0,0.0,0.0,0.0,72.66666666666667,0.0,0.0,0.0,0.0,0.0,6.0,2.0,8,1,0.5395033860045146,62.928530890209245,46.0,0.0,0.0,0.0,0.0,2
72.0,5.0,1.3348370945563983,0.0,0.0,0.0,0.0,0.0,0.0,0.0,0.0,0.0,0.0,69.25,0.0,0.0,0.0,0.0,6.0,258.0,4.0,9,1,0.5395033860045146,28.301943396170152,32.5,0.0,0.0,0.0,0.0,2
64.0,5.0,1.4554220310827368,0.0,0.0,0.0,0.0,0.0,0.0,0.0,0.0,0.0,0.0,60.90909090909091,0.0,0.0,0.0,0.0,14.0,170.0,8.0,10,1,0.5395033860045146,30.21588985947657,56.5,0.0,0.0,0.0,0.0,2
44.0,6.0,1.5311533190611126,0.0,0.0,0.0,0.0,0.0,0.0,0.0,0.0,0.0,0.0,51.3,0.0,0.0,0.0,0.0,10.0,144.0,10.0,11,1,0.5395033860045146,25.21243079646796,51.5,0.0,0.0,0.0,0.0,2
62.0,5.0,1.356233516246933,0.0,0.0,0.0,0.0,0.0,0.0,0.0,0.0,0.0,0.0,44.0,0.0,0.0,0.0,0.0,16.0,116.0,10.0,12,1,0.5395033860045146,17.320508075689332,43.0,0.0,0.0,0.0,0.0,2
162.0,5.0,1.3401816640467334,0.0,0.0,0.0,0.0,0.0,0.0,0.0,0.0,0.0,0.0,33.04347826086956,0.0,0.0,0.0,0.0,12.0,646.0,10.0,13,1,0.5395033860045146,57.99712636559406,103.5,0.0,0.0,0.0,0.0,2
148.0,5.0,1.2310773990713872,0.0,0.0,0.0,0.0,0.0,0.0,0.0,0.0,0.0,2.0,27.384615384615383,0.0,0.0,0.0,0.0,10.0,490.0,12.0,14,1,0.5395033860045146,31.6227766016841,136.0,0.0,0.0,0.0,0.0,2
108.0,4.0,1.2693442069718877,0.0,0.0,0.0,0.0,0.0,0.0,0.0,0.0,0.0,0.0,86.2,0.0,0.0,0.0,0.0,10.0,258.0,10.0,15,1,0.5395033860045146,118.83181392203022,173.5,0.0,0.0,0.0,0.0,2
36.0,4.0,1.276257364232179,0.0,0.0,0.0,0.0,0.0,0.0,0.0,0.0,0.0,0.0,77.125,0.0,0.0,0.0,0.0,10.0,160.0,10.0,16,1,0.5395033860045146,145.85266538531278,134.5,0.0,0.0,0.0,0.0,3
144.0,4.0,1.1614145545838703,0.0,0.0,0.0,0.0,0.0,0.0,0.0,0.0,0.0,0.0,67.6470588235294,0.0,0.0,0.0,0.0,16.0,1276.0,16.0,17,1,0.5395033860045146,57.57314188635776,60.0,0.0,0.0,0.0,0.0,2
34.0,4.0,1.2364770745819045,0.0,0.0,0.0,0.0,0.0,0.0,0.0,0.0,0.0,0.0,56.285714285714285,0.0,0.0,0.0,0.0,8.0,138.0,14.0,18,1,0.5395033860045146,58.84442766028643,57.0,0.0,0.0,0.0,0.0,2
62.0,4.0,1.0602136197192775,0.0,0.0,0.0,0.0,0.0,0.0,0.0,0.0,0.0,0.0,47.15384615384615,0.0,0.0,0.0,0.0,20.0,132.0,14.0,19,1,0.5395033860045146,18.211717839530746,37.5,0.0,0.0,0.0,0.0,2
54.0,5.0,1.549721782685245,0.0,0.0,0.0,0.0,0.0,0.0,0.0,0.0,0.0,0.0,37.5,0.0,0.0,0.0,0.0,16.0,272.0,16.0,20,1,0.5395033860045146,20.61552812808868,48.5,0.0,0.0,0.0,0.0,2
50.0,6.0,1.461496026947376,0.0,0.0,0.0,0.0,0.0,0.0,0.0,0.0,0.0,0.0,23.55555555555556,0.0,0.0,0.0,0.0,14.0,186.0,16.0,21,0,0.5395033860045146,13.0000000000006,48.5,0.0,0.0,0.0,0.0,2
144.0,4.0,0.817147153370356,0.0,0.0,0.0,0.0,0.0,0.0,0.0,0.0,0.0,4.0,64.9,0.0,0.0,0.0,0.0,10.0,126.0,14.0,22,0,0.5395033860045146,68.8646014533835,98.5,0.0,0.0,0.0,0.0,2
136.0,6.0,1.12308810702186,0.0,0.0,0.0,0.0,0.0,0.0,0.0,0.0,0.0,0.0,84.22222222222223,0.0,0.0,0.0,0.0,2.0,302.0,4.0,23,0,0.5395033860045146,35.13782387494539,166.0,0.0,0.0,0.0,0.0,2
4.0,1.0,-1.000088900581841e-12,0.0,0.0,0.0,0.0,0.0,0.0,0.0,0.0,0.0,0.0,81.0,0.0,0.0,0.0,0.0,0.0,0.0,0.0,0,0,0.5395033860045146,101.59232254457037,91.5,0.0,0.0,0.0,0.0,1
0.0,0.0,0.0,0.0,0.0,0.0,0.0,0.0,0.0,0.0,0.0,0.0,0.0,0.0,2.0,0.0,0.0,0.0,0.0,0.0,0.0,1,0,0.5395033860045146,5.656854249493864,4.0,0.0,0.0,0.0,0.0,1
0.0,0.0,0.0,0.0,0.0,0.0,0.0,0.0,0.0,0.0,0.0,0.0,0.0,0.0,2.0,0.0,0.0,0.0,0.0,0.0,0.0,3,0,0.5395033860045146,2.000000000004199,1.0,0.0,0.0,0.0,0.0,1
0.0,0.0,0.0,0.0,0.0,0.0,0.0,0.0,0.0,0.0,0.0,0.0,0.0,0.0,0.0,0.0,0.0,0.0,0.0,0.0,0.0,7,0,0.5395033860045146,0.0,0.0,0.0,0.0,0.0,0.0,1
12.0,2.0,0.6365141682928128,0.0,0.0,0.0,0.0,0.0,0.0,0.0,0.0,0.0,0.0,67.83333333333333,0.0,0.0,0.0,0.0,2.0,0.0,0.0,8,1,0.5395033860045146,29.5465734053886,18.5,0.0,0.0,0.0,0.0,1
110.0,5.0,1.2745134929325912,0.0,0.0,0.0,0.0,0.0,0.0,0.0,0.0,0.0,0.0,64.63636363636364,0.0,0.0,0.0,0.0,4.0,412.0,2.0,9,1,0.5395033860045146,47.00354596552637,49.0,0.0,0.0,0.0,0.0,1
148.0,5.0,1.2040833490562974,0.0,0.0,0.0,0.0,0.0,0.0,0.0,0.0,0.0,0.0,56.55555555555556,0.0,0.0,0.0,4.0,8.0,336.0,8.0,10,1,0.5395033860045146,61.02185400876217,79.5,0.0,0.0,0.0,0.0,2
48.0,4.0,1.2678856031458183,0.0,0.0,0.0,0.0,0.0,0.0,0.0,0.0,0.0,0.0,44.375,0.0,0.0,0.0,0.0,8.0,262.0,8.0,11,1,0.5395033860045146,48.33218389437846,76.0,0.0,0.0,0.0,0.0,2
92.0,7.0,1.6845174881373772,0.0,0.0,0.0,0.0,0.0,0.0,0.0,0.0,0.0,0.0,37.333333333333336,0.0,0.0,0.0,0.0,16.0,348.0,12.0,12,1,0.5395033860045146,31.411250638372923,54.0,0.0,0.0,0.0,0.0,2
102.0,6.0,1.152699331520762,0.0,0.0,0.0,0.0,0.0,0.0,0.0,0.0,0.0,0.0,28.846153846153847,0.0,0.0,0.0,0.0,6.0,390.0,6.0,13,1,0.5395033860045146,44.25682621547419,59.0,0.0,0.0,0.0,0.0,2
190.0,4.0,0.6761074433596191,0.0,0.0,0.0,0.0,0.0,0.0,0.0,0.0,0.0,2.0,25.642857142857142,0.0,0.0,0.0,0.0,8.0,214.0,12.0,14,1,0.5395033860045146,76.07014306984497,124.0,0.0,0.0,0.0,0.0,2
422.0,4.0,0.9251375158714844,0.0,0.0,0.0,0.0,0.0,0.0,0.0,0.0,0.0,0.0,86.1,0.0,0.0,0.0,0.0,8.0,266.0,8.0,15,1,0.5395033860045146,172.80046296234283,329.0,0.0,0.0,0.0,0.0,2
46.0,6.0,1.7302380456993696,0.0,0.0,0.0,0.0,0.0,0.0,0.0,0.0,0.0,0.0,91.6,0.0,0.0,0.0,0.0,8.0,102.0,10.0,16,1,0.5395033860045146,218.9451986228518,294.5,0.0,0.0,0.0,0.0,2
52.0,5.0,1.303288263691064,0.0,0.0,0.0,0.0,0.0,0.0,0.0,0.0,0.0,0.0,83.0,0.0,0.0,0.0,0.0,6.0,200.0,10.0,17,1,0.5395033860045146,72.19418259112027,77.0,0.0,0.0,0.0,0.0,2
38.0,4.0,0.943045669998009,0.0,0.0,0.0,0.0,0.0,0.0,0.0,0.0,0.0,0.0,75.71428571428571,0.0,0.0,0.0,0.0,8.0,274.0,8.0,18,1,0.5395033860045146,10.878112581387697,37.5,0.0,0.0,0.0,0.0,2
50.0,4.0,1.3211643880327677,0.0,0.0,0.0,0.0,0.0,0.0,0.0,0.0,0.0,0.0,66.42857142857143,0.0,0.0,0.0,0.0,20.0,146.0,8.0,19,1,0.5395033860045146,23.66431913239872,52.0,0.0,0.0,0.0,0.0,2
128.0,5.0,0.7872394738223902,0.0,68.0,0.0,0.0,0.0,0.0,0.0,0.0,0.0,0.0,60.30769230769231,0.0,0.0,0.0,0.0,16.0,136.0,12.0,20,1,0.5395033860045146,44.46346815083155,72.5,34.000000000000014,17.0,0.0,0.0,2
46.0,5.0,1.5149029225841495,0.0,0.0,0.0,0.0,0.0,0.0,0.0,0.0,0.0,0.0,62.833333333333336,0.0,0.0,0.0,0.0,8.0,198.0,10.0,17,1,0.5395033860045146,12.48999599679727,43.0,7.000000000000061,3.5,0.0,0.0,1
66.0,6.0,1.4411918207377576,0.0,0.0,0.0,0.0,0.0,0.0,0.0,0.0,0.0,0.0,47.6,0.0,0.0,0.0,0.0,2.0,274.0,2.0,23,0,0.5395033860045146,17.23368793961443,44.5,0.0,0.0,0.0,0.0,3
718.0,1.0,-1.000088900581841e-12,0.0,0.0,0.0,0.0,0.0,0.0,0.0,0.0,0.0,0.0,79.8,0.0,0.0,0.0,0.0,0.0,0.0,0.0,0,0,0.5395033860045146,362.886575484223,357.0,0.0,0.0,0.0,0.0,2
78.0,2.0,0.2022730017954363,0.0,0.0,0.0,0.0,0.0,0.0,0.0,0.0,0.0,2.0,80.06666666666666,0.0,0.0,0.0,0.0,6.0,12.0,2.0,1,0,0.5395033860045146,337.9166563912863,378.5,0.0,0.0,0.0,0.0,2
642.0,1.0,-1.000088900581841e-12,0.0,0.0,0.0,0.0,0.0,0.0,0.0,0.0,0.0,0.0,96.23333333333332,0.0,0.0,0.0,0.0,0.0,0.0,0.0,2,0,0.5395033860045146,342.64607590534774,383.5,0.0,0.0,0.0,0.0,2
0.0,0.0,0.0,0.0,0.0,0.0,0.0,0.0,0.0,0.0,0.0,0.0,0.0,100.0,0.0,0.0,0.0,0.0,0.0,0.0,0.0,3,0,0.5395033860045146,393.1831634238679,339.5,0.0,0.0,0.0,0.0,2
0.0,0.0,0.0,0.0,0.0,0.0,0.0,0.0,0.0,0.0,0.0,0.0,0.0,100.0,0.0,0.0,0.0,0.0,0.0,0.0,0.0,4,0,0.5395033860045146,0.0,0.0,0.0,0.0,0.0,0.0,2
0.0,0.0,0.0,0.0,0.0,0.0,0.0,0.0,0.0,0.0,0.0,0.0,0.0,100.0,0.0,0.0,0.0,0.0,0.0,0.0,0.0,5,0,0.5395033860045146,0.0,0.0,0.0,0.0,0.0,0.0,2
0.0,0.0,0.0,0.0,0.0,0.0,0.0,0.0,0.0,0.0,0.0,0.0,0.0,100.0,0.0,0.0,0.0,0.0,0.0,0.0,0.0,6,0,0.5395033860045146,0.0,0.0,0.0,0.0,0.0,0.0,2
0.0,0.0,0.0,0.0,0.0,0.0,0.0,0.0,0.0,0.0,0.0,0.0,0.0,100.0,0.0,0.0,0.0,0.0,6.0,0.0,0.0,7,0,0.5395033860045146,0.0,0.0,0.0,0.0,0.0,0.0,2
70.0,6.0,1.2581625464173405,0.0,0.0,0.0,0.0,0.0,0.0,0.0,0.0,0.0,0.0,98.0,0.0,0.0,0.0,0.0,6.0,364.0,6.0,8,1,0.5395033860045146,35.0,17.5,0.0,0.0,0.0,0.0,2
32.0,5.0,1.5437891850538952,0.0,0.0,0.0,0.0,0.0,0.0,0.0,0.0,0.0,0.0,93.88888888888889,0.0,0.0,0.0,0.0,6.0,36.0,2.0,9,1,0.5395033860045146,30.65398288423001,28.5,0.0,0.0,0.0,0.0,2
176.0,3.0,0.6245522637425135,0.0,0.0,0.0,0.0,0.0,0.0,0.0,0.0,0.0,0.0,83.11764705882354,0.0,0.0,0.0,0.0,2.0,432.0,2.0,10,1,0.5395033860045146,73.05705532892311,73.0,0.0,0.0,0.0,0.0,2
36.0,5.0,1.0797346179080656,0.0,0.0,0.0,0.0,0.0,0.0,0.0,0.0,0.0,0.0,72.0,0.0,0.0,0.0,0.0,4.0,184.0,4.0,11,1,0.5395033860045146,67.12177987310328,79.0,0.0,0.0,0.0,0.0,2
52.0,3.0,0.8225715143494168,0.0,0.0,0.0,0.0,0.0,0.0,0.0,0.0,0.0,0.0,63.5,0.0,0.0,0.0,0.0,20.0,120.0,14.0,12,1,0.5395033860045146,12.476644848141934,35.5,0.0,0.0,0.0,0.0,2
66.0,6.0,1.6906665777385967,0.0,0.0,0.0,0.0,0.0,0.0,0.0,0.0,0.0,0.0,55.90909090909091,0.0,0.0,0.0,0.0,14.0,374.0,14.0,13,1,0.5395033860045146,25.24546163834865,38.0,0.0,0.0,0.0,0.0,2
140.0,7.0,1.1384606873375551,0.0,0.0,0.0,0.0,0.0,0.0,0.0,0.0,0.0,0.0,42.0,0.0,0.0,0.0,0.0,14.0,954.0,20.0,14,1,0.5395033860045146,52.48491846870553,72.0,0.0,0.0,0.0,0.0,2
36.0,4.0,1.2228533796136,0.0,0.0,0.0,0.0,0.0,0.0,0.0,0.0,0.0,0.0,29.11111111111111,0.0,0.0,0.0,0.0,8.0,180.0,12.0,15,1,0.5395033860045146,46.15914499497003,74.0,0.0,0.0,0.0,0.0,2
90.0,8.0,1.6071245348420329,0.0,0.0,0.0,0.0,0.0,0.0,0.0,0.0,0.0,0.0,16.46153846153846,0.0,0.0,0.0,0.0,18.0,482.0,18.0,16,1,0.5395033860045146,27.543904346818127,51.0,0.0,0.0,0.0,0.0,3
64.0,6.0,1.3479740524827093,0.0,0.0,0.0,0.0,0.0,0.0,0.0,0.0,0.0,0.0,54.71428571428572,0.0,0.0,0.0,0.0,8.0,132.0,10.0,17,1,0.5395033860045146,213.1877107152286,166.5,0.0,0.0,0.0,0.0,2
328.0,5.0,0.9656281047543546,0.0,0.0,0.0,0.0,0.0,0.0,0.0,0.0,0.0,4.0,55.94736842105263,0.0,2.0,0.0,2.0,18.0,400.0,8.0,18,1,0.5395033860045146,218.4879859397308,225.5,0.0,0.0,0.0,0.0,2
116.0,9.0,1.9086668796531057,0.0,0.0,0.0,0.0,0.0,0.0,0.0,0.0,0.0,0.0,88.86666666666666,0.0,0.0,0.0,0.0,18.0,538.0,22.0,19,1,0.5395033860045146,132.56947863919004,137.0,0.0,0.0,0.0,0.0,2
36.0,5.0,1.472157144133865,0.0,0.0,0.0,0.0,0.0,0.0,0.0,0.0,0.0,0.0,77.375,0.0,0.0,0.0,0.0,12.0,206.0,20.0,20,1,0.5395033860045146,38.48376280978757,66.5,0.0,0.0,0.0,0.0,2
56.0,4.0,1.1163670752853367,0.0,0.0,0.0,0.0,0.0,0.0,0.0,0.0,0.0,0.0,65.33333333333333,0.0,0.0,0.0,0.0,6.0,336.0,12.0,21,0,0.5395033860045146,9.52190457138979,42.0,0.0,0.0,0.0,0.0,2
66.0,4.0,0.772426865349211,0.0,0.0,0.0,0.0,0.0,0.0,0.0,0.0,0.0,0.0,54.2,0.0,0.0,0.0,0.0,6.0,460.0,6.0,22,0,0.5395033860045146,16.842406795546005,47.5,0.0,0.0,0.0,0.0,2
222.0,7.0,1.3645574136981564,0.0,0.0,0.0,0.0,0.0,0.0,0.0,0.0,0.0,0.0,39.90909090909091,0.0,0.0,0.0,0.0,2.0,982.0,2.0,23,0,0.5395033860045146,84.07139822793476,103.0,0.0,0.0,0.0,0.0,2
600.0,6.0,0.2700920636836585,0.0,0.0,0.0,0.0,0.0,0.0,0.0,0.0,0.0,2.0,45.42857142857143,0.0,0.0,0.0,0.0,2.0,60.0,0.0,0,0,0.5395033860045146,252.6262060832169,239.0,0.0,0.0,0.0,0.0,2
126.0,1.0,-1.000088900581841e-12,0.0,0.0,0.0,0.0,0.0,0.0,0.0,0.0,0.0,0.0,80.6,0.0,0.0,0.0,0.0,0.0,0.0,0.0,1,0,0.5395033860045146,338.5080008901808,370.5,0.0,0.0,0.0,0.0,2
0.0,0.0,0.0,0.0,0.0,0.0,0.0,0.0,0.0,0.0,0.0,0.0,0.0,80.0,0.0,0.0,0.0,0.0,0.0,0.0,0.0,2,0,0.5395033860045146,343.1792534521864,211.0,0.0,0.0,0.0,0.0,2
0.0,0.0,0.0,0.0,0.0,0.0,0.0,0.0,0.0,0.0,0.0,0.0,0.0,80.0,0.0,0.0,0.0,0.0,0.0,0.0,0.0,3,0,0.5395033860045146,0.0,0.0,0.0,0.0,0.0,0.0,2
0.0,0.0,0.0,0.0,0.0,0.0,0.0,0.0,0.0,0.0,0.0,0.0,0.0,80.0,0.0,0.0,0.0,0.0,0.0,0.0,0.0,4,0,0.5395033860045146,0.0,0.0,0.0,0.0,0.0,0.0,2
0.0,0.0,0.0,0.0,0.0,0.0,0.0,0.0,0.0,0.0,0.0,0.0,0.0,86.6,0.0,0.0,0.0,0.0,0.0,0.0,0.0,5,0,0.5395033860045146,0.0,0.0,0.0,0.0,0.0,0.0,2
0.0,0.0,0.0,0.0,0.0,0.0,0.0,0.0,0.0,0.0,0.0,0.0,0.0,99.23333333333332,0.0,0.0,0.0,0.0,0.0,0.0,0.0,6,0,0.5395033860045146,0.0,0.0,0.0,0.0,0.0,0.0,2
0.0,0.0,0.0,0.0,0.0,0.0,0.0,0.0,0.0,0.0,0.0,0.0,0.0,100.0,0.0,0.0,0.0,0.0,0.0,0.0,0.0,7,0,0.5395033860045146,0.0,0.0,0.0,0.0,0.0,0.0,2
0.0,0.0,0.0,0.0,0.0,0.0,0.0,0.0,0.0,0.0,0.0,0.0,0.0,100.0,0.0,0.0,0.0,0.0,0.0,0.0,0.0,8,1,0.5395033860045146,0.0,0.0,0.0,0.0,0.0,0.0,2
146.0,5.0,1.386298716335456,0.0,0.0,0.0,0.0,0.0,0.0,0.0,0.0,0.0,0.0,98.92307692307692,0.0,2.0,0.0,2.0,6.0,410.0,6.0,9,1,0.5395033860045146,232.10557942453684,159.5,0.0,0.0,0.0,0.0,2
92.0,4.0,1.0014223119642,0.0,0.0,0.0,0.0,0.0,0.0,0.0,0.0,0.0,0.0,34.53333333333333,0.0,0.0,0.0,0.0,14.0,730.0,20.0,21,0,0.5395033860045146,24.67792535850574,60.5,8.000000000000053,4.0,0.0,0.0,2
46.0,4.0,1.2025488641149251,0.0,0.0,0.0,0.0,0.0,0.0,0.0,0.0,0.0,0.0,27.0,0.0,0.0,0.0,0.0,10.0,234.0,12.0,22,0,0.5395033860045146,28.612351645166243,56.0,0.0,0.0,0.0,0.0,2
70.0,7.0,1.6341474485177303,0.0,0.0,0.0,0.0,0.0,0.0,0.0,0.0,0.0,0.0,16.6,0.0,0.0,2.0,0.0,2.0,224.0,2.0,23,0,0.5395033860045146,21.93931022920534,41.0,0.0,0.0,0.0,0.0,2
24.0,6.0,1.676234939128731,0.0,0.0,0.0,0.0,0.0,0.0,0.0,0.0,0.0,0.0,83.85714285714286,0.0,0.0,0.0,0.0,8.0,118.0,8.0,10,1,0.5395033860045146,29.501412395567,27.5,0.0,0.0,0.0,0.0,2
74.0,7.0,1.7108343492349092,0.0,0.0,0.0,0.0,0.0,0.0,0.0,0.0,0.0,0.0,76.91666666666667,0.0,0.0,0.0,0.0,4.0,218.0,6.0,11,1,0.5395033860045146,29.709706606875933,32.0,0.0,0.0,0.0,0.0,2
62.0,5.0,1.0294234996498963,0.0,0.0,0.0,0.0,0.0,0.0,0.0,0.0,0.0,0.0,65.18181818181819,0.0,0.0,0.0,0.0,10.0,268.0,8.0,12,1,0.5395033860045146,28.565713714171064,64.0,0.0,0.0,0.0,0.0,2
60.0,5.0,1.3258537288120316,0.0,0.0,0.0,0.0,0.0,0.0,0.0,0.0,0.0,0.0,57.77777777777778,0.0,0.0,0.0,0.0,6.0,210.0,6.0,13,1,0.5395033860045146,21.62560211107768,64.5,0.0,0.0,0.0,0.0,2
88.0,5.0,1.252467438402476,0.0,0.0,0.0,0.0,0.0,0.0,0.0,0.0,0.0,0.0,47.41666666666666,0.0,0.0,0.0,0.0,12.0,544.0,10.0,14,1,0.5395033860045146,18.938496948455214,63.0,0.0,0.0,0.0,0.0,2
82.0,6.0,1.623282512364348,0.0,0.0,0.0,0.0,0.0,0.0,0.0,0.0,0.0,0.0,39.27272727272727,0.0,0.0,0.0,0.0,10.0,322.0,10.0,15,1,0.5395033860045146,22.590558499809475,67.5,0.0,0.0,0.0,0.0,2
4.0,2.0,0.6931471805579453,0.0,0.0,0.0,0.0,0.0,0.0,0.0,0.0,0.0,0.0,28.666666666666668,0.0,0.0,0.0,0.0,2.0,38.0,4.0,16,1,0.5395033860045146,32.42941051987605,38.5,0.0,0.0,0.0,0.0,2
98.0,5.0,1.149995728525938,0.0,0.0,0.0,0.0,0.0,0.0,0.0,0.0,0.0,0.0,90.5,0.0,2.0,0.0,2.0,8.0,316.0,4.0,10,1,0.5395033860045146,40.87378948258465,49.0,0.0,0.0,0.0,0.0,2
46.0,4.0,0.9201423338449254,0.0,0.0,0.0,0.0,0.0,0.0,0.0,0.0,0.0,0.0,79.77777777777777,0.0,0.0,0.0,0.0,2.0,348.0,2.0,11,1,0.5395033860045146,25.006665778014355,63.0,0.0,0.0,0.0,0.0,2
72.0,5.0,1.301344842717192,0.0,0.0,0.0,0.0,0.0,0.0,0.0,0.0,0.0,0.0,72.75,0.0,0.0,0.0,0.0,14.0,156.0,6.0,12,1,0.5395033860045146,20.46134567096328,46.0,0.0,0.0,0.0,0.0,2
140.0,6.0,1.4554680877073511,0.0,0.0,0.0,0.0,0.0,0.0,0.0,0.0,0.0,0.0,62.47058823529412,0.0,0.0,0.0,0.0,18.0,254.0,14.0,13,1,0.5395033860045146,50.63266402893144,70.5,0.0,0.0,0.0,0.0,2
32.0,6.0,1.7001649424085787,0.0,0.0,0.0,0.0,0.0,0.0,0.0,0.0,0.0,0.0,48.875,0.0,0.0,0.0,0.0,10.0,190.0,12.0,14,1,0.5395033860045146,50.42486159293497,65.0,0.0,0.0,0.0,0.0,2
44.0,6.0,1.657180079162921,0.0,0.0,0.0,0.0,0.0,0.0,0.0,0.0,0.0,0.0,40.333333333333336,0.0,0.0,2.0,0.0,14.0,214.0,16.0,15,1,0.5395033860045146,7.302967433400915,36.0,0.0,0.0,0.0,0.0,2
104.0,6.0,1.5895875160809867,0.0,0.0,0.0,0.0,0.0,0.0,0.0,0.0,0.0,0.0,33.42857142857143,0.0,0.0,0.0,0.0,28.0,316.0,32.0,16,1,0.5395033860045146,39.61060464067648,47.5,0.0,0.0,0.0,0.0,2
94.0,6.0,1.4791714397760656,0.0,0.0,0.0,0.0,0.0,0.0,0.0,0.0,0.0,0.0,24.8,0.0,0.0,0.0,0.0,16.0,350.0,18.0,17,1,0.5395033860045146,40.82482904638607,74.0,0.0,0.0,0.0,0.0,2
484.0,6.0,1.5523131149936071,0.0,0.0,0.0,0.0,0.0,0.0,0.0,0.0,0.0,4.0,45.6,0.0,0.0,0.0,0.0,24.0,788.0,16.0,18,1,0.5395033860045146,192.1700635721738,197.0,0.0,0.0,0.0,0.0,2
60.0,5.0,1.4313105021300112,0.0,0.0,0.0,0.0,0.0,0.0,0.0,0.0,0.0,0.0,86.14285714285714,0.0,0.0,0.0,0.0,6.0,438.0,4.0,19,1,0.5395033860045146,197.4031408058139,256.0,0.0,0.0,0.0,0.0,2
48.0,7.0,1.6644984567963628,0.0,0.0,0.0,0.0,0.0,0.0,0.0,0.0,0.0,0.0,75.625,0.0,0.0,0.0,0.0,16.0,210.0,22.0,20,1,0.5395033860045146,155.30614926653735,122.0,0.0,0.0,0.0,0.0,2
38.0,7.0,1.708655947335069,0.0,0.0,0.0,0.0,0.0,0.0,0.0,0.0,0.0,0.0,64.66666666666667,0.0,0.0,0.0,0.0,10.0,144.0,10.0,21,0,0.5395033860045146,9.591663046624523,39.0,0.0,0.0,0.0,0.0,2
44.0,5.0,1.448316229493506,0.0,0.0,0.0,0.0,0.0,0.0,0.0,0.0,0.0,0.0,57.11111111111112,0.0,0.0,2.0,0.0,6.0,344.0,8.0,22,0,0.5395033860045146,12.328828005937243,36.0,0.0,0.0,0.0,0.0,2
120.0,5.0,1.245701672091261,0.0,0.0,0.0,0.0,0.0,0.0,0.0,0.0,0.0,0.0,44.77777777777778,0.0,0.0,0.0,0.0,0.0,366.0,0.0,23,0,0.5395033860045146,45.38355061767036,67.5,0.0,0.0,0.0,0.0,2
714.0,1.0,-1.000088900581841e-12,0.0,0.0,0.0,0.0,0.0,0.0,0.0,0.0,0.0,0.0,74.16666666666667,0.0,0.0,0.0,0.0,0.0,0.0,0.0,0,0,0.5395033860045146,290.8057771090526,328.0,0.0,0.0,0.0,0.0,2
0.0,0.0,0.0,0.0,0.0,0.0,0.0,0.0,0.0,0.0,0.0,0.0,0.0,80.0,0.0,0.0,0.0,0.0,0.0,0.0,0.0,1,0,0.5395033860045146,291.9880134526073,364.5,0.0,0.0,0.0,0.0,2
0.0,0.0,0.0,0.0,0.0,0.0,0.0,0.0,0.0,0.0,0.0,0.0,0.0,80.0,0.0,0.0,0.0,0.0,0.0,0.0,0.0,2,0,0.5395033860045146,176.9999999999999,88.5,0.0,0.0,0.0,0.0,2
0.0,0.0,0.0,0.0,0.0,0.0,0.0,0.0,0.0,0.0,0.0,0.0,0.0,80.0,0.0,0.0,0.0,0.0,0.0,0.0,0.0,3,0,0.5395033860045146,0.0,0.0,0.0,0.0,0.0,0.0,2
0.0,0.0,0.0,0.0,0.0,0.0,0.0,0.0,0.0,0.0,0.0,0.0,0.0,80.0,0.0,0.0,0.0,0.0,0.0,0.0,0.0,4,0,0.5395033860045146,0.0,0.0,0.0,0.0,0.0,0.0,2
0.0,0.0,0.0,0.0,0.0,0.0,0.0,0.0,0.0,0.0,0.0,0.0,0.0,86.56666666666666,0.0,0.0,0.0,0.0,0.0,0.0,0.0,5,0,0.5395033860045146,0.0,0.0,0.0,0.0,0.0,0.0,2
0.0,0.0,0.0,0.0,0.0,0.0,0.0,0.0,0.0,0.0,0.0,0.0,0.0,99.26666666666668,0.0,0.0,0.0,0.0,0.0,0.0,0.0,6,0,0.5395033860045146,0.0,0.0,0.0,0.0,0.0,0.0,2
0.0,0.0,0.0,0.0,0.0,0.0,0.0,0.0,0.0,0.0,0.0,0.0,0.0,100.0,0.0,0.0,0.0,0.0,0.0,0.0,0.0,7,0,0.5395033860045146,0.0,0.0,0.0,0.0,0.0,0.0,2
214.0,1.0,-1.000088900581841e-12,0.0,0.0,0.0,0.0,0.0,0.0,0.0,0.0,0.0,0.0,100.0,0.0,0.0,0.0,0.0,2.0,0.0,0.0,8,1,0.5395033860045146,106.99999999999982,53.5,0.0,0.0,0.0,0.0,2
88.0,3.0,1.0180471802822515,0.0,0.0,0.0,0.0,0.0,0.0,0.0,0.0,0.0,0.0,92.5,0.0,0.0,0.0,0.0,0.0,180.0,0.0,9,1,0.5395033860045146,107.3110742964892,131.5,0.0,0.0,0.0,0.0,2
34.0,4.0,1.121785313570771,0.0,0.0,0.0,0.0,0.0,0.0,0.0,0.0,0.0,0.0,59.333333333333336,0.0,0.0,0.0,0.0,10.0,108.0,6.0,21,0,0.5395033860045146,93.93614852653884,140.0,0.0,0.0,0.0,0.0,2
56.0,5.0,1.2786457436130516,0.0,0.0,0.0,0.0,0.0,0.0,0.0,0.0,0.0,0.0,48.55555555555556,0.0,0.0,2.0,0.0,8.0,318.0,12.0,22,0,0.5395033860045146,24.460853078608967,64.5,0.0,0.0,0.0,0.0,2
490.0,5.0,0.4017849233796851,0.0,0.0,0.0,0.0,0.0,0.0,0.0,0.0,0.0,2.0,47.48,0.0,0.0,0.0,0.0,4.0,224.0,0.0,23,0,0.5395033860045146,214.39216403590865,169.0,0.0,0.0,0.0,0.0,2
250.0,1.0,-1.000088900581841e-12,0.0,0.0,0.0,0.0,0.0,0.0,0.0,0.0,0.0,0.0,80.0,0.0,0.0,0.0,0.0,0.0,0.0,0.0,0,0,0.5395033860045146,288.32389194561495,376.0,0.0,0.0,0.0,0.0,2
0.0,0.0,0.0,0.0,0.0,0.0,0.0,0.0,0.0,0.0,0.0,0.0,0.0,80.0,0.0,0.0,0.0,0.0,0.0,0.0,0.0,1,0,0.5395033860045146,336.6363022610603,241.0,0.0,0.0,0.0,0.0,2
0.0,0.0,0.0,0.0,0.0,0.0,0.0,0.0,0.0,0.0,0.0,0.0,0.0,80.0,0.0,0.0,0.0,0.0,0.0,0.0,0.0,2,0,0.5395033860045146,0.0,0.0,0.0,0.0,0.0,0.0,2
0.0,0.0,0.0,0.0,0.0,0.0,0.0,0.0,0.0,0.0,0.0,0.0,0.0,80.0,0.0,0.0,0.0,0.0,0.0,0.0,0.0,3,0,0.5395033860045146,0.0,0.0,0.0,0.0,0.0,0.0,2
0.0,0.0,0.0,0.0,0.0,0.0,0.0,0.0,0.0,0.0,0.0,0.0,0.0,91.23333333333332,0.0,0.0,0.0,0.0,0.0,0.0,0.0,4,0,0.5395033860045146,0.0,0.0,0.0,0.0,0.0,0.0,2
0.0,0.0,0.0,0.0,0.0,0.0,0.0,0.0,0.0,0.0,0.0,0.0,0.0,100.0,0.0,0.0,0.0,0.0,0.0,0.0,0.0,5,0,0.5395033860045146,0.0,0.0,0.0,0.0,0.0,0.0,2
78.0,5.0,1.2243221707568814,0.0,0.0,0.0,0.0,0.0,0.0,0.0,0.0,0.0,0.0,100.0,0.0,0.0,0.0,0.0,4.0,162.0,2.0,6,0,0.5395033860045146,38.9999999999996,19.5,0.0,0.0,0.0,0.0,2
186.0,8.0,1.7648536753235489,0.0,0.0,0.0,0.0,0.0,0.0,0.0,0.0,0.0,0.0,61.888888888888886,0.0,2.0,0.0,2.0,26.0,608.0,20.0,10,1,0.5395033860045146,82.32253640407326,72.5,0.0,0.0,0.0,0.0,2
36.0,5.0,1.47984841847186,0.0,0.0,0.0,0.0,0.0,0.0,0.0,0.0,0.0,0.0,50.42857142857143,0.0,0.0,0.0,0.0,10.0,148.0,12.0,11,1,0.5395033860045146,73.40072660857408,85.5,0.0,0.0,0.0,0.0,2
466.0,7.0,1.3287849546506414,0.0,0.0,0.0,0.0,0.0,0.0,0.0,0.0,0.0,8.0,47.125,0.0,0.0,0.0,0.0,30.0,670.0,20.0,12,1,0.5395033860045146,195.1572015922889,177.5,0.0,0.0,0.0,0.0,2
216.0,8.0,1.6585004748732142,0.0,0.0,0.0,0.0,0.0,0.0,0.0,0.0,0.0,2.0,45.8,0.0,0.0,0.0,0.0,18.0,564.0,16.0,15,1,0.5395033860045146,96.09717304201324,88.0,0.0,0.0,0.0,0.0,2
14.0,2.0,0.5982695885832573,0.0,0.0,0.0,0.0,0.0,0.0,0.0,0.0,0.0,0.0,0.0,0.0,0.0,0.0,0.0,0.0,74.0,0.0,16,1,0.5395033860045146,93.65717626891512,94.5,0.0,0.0,0.0,0.0,2
188.0,9.0,1.965723428996934,0.0,0.0,0.0,0.0,0.0,0.0,0.0,0.0,0.0,0.0,54.61904761904762,0.0,0.0,0.0,0.0,8.0,1704.0,8.0,19,1,0.5395033860045146,48.853522561496334,192.0,65.90902821313634,68.0,0.0,0.0,2
74.0,7.0,1.6268997356700057,0.0,0.0,0.0,0.0,0.0,0.0,0.0,0.0,0.0,0.0,45.5,0.0,0.0,0.0,0.0,20.0,374.0,10.0,20,1,0.5395033860045146,61.19640512317668,109.5,12.000000000000052,6.0,0.0,0.0,2
78.0,6.0,1.5465764480140896,0.0,0.0,0.0,0.0,0.0,0.0,0.0,0.0,0.0,0.0,35.666666666666664,0.0,0.0,0.0,0.0,20.0,434.0,20.0,21,0,0.5395033860045146,25.81988897471541,56.0,0.0,0.0,0.0,0.0,2
