0.0,0.0,0.0,0.0,0.0,0.0,0.0,0.0,20.0,4.0,1.3321790402061222,0.0,0.0,100.0,0.0,0.0,0.0,0.0,0.0,0.0,0.0,7,0,0.5684121621621622,0.0,0.0,0.0,0.0,0.0,0.0,3
0.0,0.0,0.0,0.0,0.0,0.0,0.0,0.0,18.0,4.0,1.2730283365856256,0.0,0.0,100.0,0.0,0.0,0.0,0.0,48.0,0.0,0.0,7,0,0.5684121621621622,0.0,0.0,0.0,0.0,0.0,0.0,3
0.0,0.0,0.0,0.0,0.0,0.0,0.0,0.0,28.0,6.0,1.710493230049004,0.0,0.0,100.0,0.0,0.0,0.0,0.0,0.0,0.0,0.0,8,1,0.5684121621621622,0.0,0.0,0.0,0.0,0.0,0.0,3
0.0,0.0,0.0,0.0,0.0,0.0,0.0,0.0,20.0,4.0,1.3321790402061222,0.0,0.0,100.0,0.0,0.0,0.0,0.0,0.0,0.0,0.0,8,1,0.5684121621621622,0.0,0.0,0.0,0.0,0.0,0.0,3
0.0,0.0,0.0,0.0,0.0,0.0,0.0,0.0,18.0,4.0,1.2730283365856256,0.0,0.0,100.0,0.0,0.0,0.0,0.0,0.0,0.0,0.0,9,1,0.5684121621621622,0.0,0.0,0.0,0.0,0.0,0.0,3
570.0,8.0,1.1966755722150193,0.0,0.0,0.0,0.0,0.0,64.0,15.0,2.503856167766276,0.0,0.0,99.0,0.0,0.0,0.0,0.0,192.0,3196.0,52.0,9,1,0.5684121621621622,285.0,142.5,0.0,0.0,0.0,0.0,3
700.0,4.0,1.031006566250103,0.0,0.0,0.0,0.0,0.0,24.0,5.0,1.5171063970560277,0.0,0.0,94.63333333333334,0.0,0.0,0.0,0.0,192.0,1450.0,14.0,10,1,0.5684121621621622,370.4389288398292,317.5,0.0,0.0,0.0,0.0,3
690.0,4.0,1.0587191148362352,0.0,0.0,0.0,0.0,0.0,72.0,7.0,1.6145060915799945,0.0,0.0,91.51724137931036,0.0,0.0,18.0,0.0,480.0,600.0,76.0,10,1,0.5684121621621622,331.96385345395663,490.0,0.0,0.0,0.0,0.0,3
676.0,3.0,0.746408176173444,0.0,0.0,0.0,0.0,0.0,22.0,4.0,1.3421131789104002,0.0,0.0,88.3,0.0,0.0,0.0,20.0,48.0,544.0,14.0,11,1,0.5684121621621622,60.14427099344808,659.0,0.0,0.0,0.0,0.0,3
630.0,1.0,-1.000088900581841e-12,0.0,0.0,0.0,0.0,0.0,14.0,3.0,1.0789922078745835,0.0,0.0,86.6,0.0,0.0,0.0,0.0,0.0,0.0,0.0,11,1,0.5684121621621622,30.94080369565924,674.0,0.0,0.0,0.0,0.0,3
624.0,5.0,1.161625816155044,0.0,0.0,0.0,0.0,0.0,46.0,8.0,1.876544929829817,0.0,0.0,85.56666666666666,0.0,0.0,0.0,0.0,144.0,990.0,34.0,12,1,0.5684121621621622,32.924155266308475,655.0,0.0,0.0,0.0,0.0,3
632.0,3.0,0.5533393077564608,0.0,0.0,0.0,0.0,0.0,20.0,3.0,0.9433483923260392,0.0,0.0,83.96666666666667,0.0,0.0,0.0,0.0,148.0,510.0,32.0,12,1,0.5684121621621622,23.90955178723882,640.5,0.0,0.0,0.0,0.0,3
692.0,5.0,0.8913732896144917,0.0,0.0,0.0,0.0,0.0,20.0,4.0,1.1935496040941331,0.0,0.0,80.7,0.0,0.0,0.0,0.0,48.0,852.0,12.0,13,1,0.5684121621621622,31.84860017855293,644.5,0.0,0.0,0.0,0.0,3
638.0,3.0,0.1913997751572034,0.0,0.0,0.0,0.0,0.0,28.0,5.0,1.4377014436379416,0.0,0.0,78.58620689655173,0.0,0.0,0.0,0.0,200.0,528.0,46.0,13,1,0.5684121621621622,30.87069808086608,646.5,0.0,0.0,0.0,0.0,3
632.0,3.0,0.6624868406149418,0.0,0.0,0.0,0.0,0.0,20.0,4.0,1.3321790402061222,0.0,0.0,77.26666666666667,0.0,0.0,0.0,0.0,100.0,190.0,8.0,14,1,0.5684121621621622,29.13760456866673,648.5,0.0,0.0,0.0,0.0,3
638.0,5.0,0.7456566760159803,0.0,0.0,0.0,0.0,0.0,30.0,4.0,1.3095258353000692,0.0,0.0,75.93333333333334,0.0,0.0,0.0,0.0,250.0,790.0,48.0,14,1,0.5684121621621622,28.14249455894037,650.0,0.0,0.0,0.0,0.0,3
628.0,1.0,-1.000088900581841e-12,0.0,0.0,0.0,0.0,0.0,6.0,2.0,0.6365141682928128,0.0,0.0,74.5,0.0,0.0,0.0,0.0,0.0,0.0,0.0,15,1,0.5684121621621622,4.898979485565181,634.0,0.0,0.0,0.0,0.0,3
636.0,4.0,0.8893010556790171,0.0,0.0,0.0,0.0,0.0,50.0,6.0,1.5825064374055955,0.0,0.0,73.44827586206897,0.0,0.0,0.0,0.0,98.0,722.0,28.0,15,1,0.5684121621621622,4.434711565215389,633.5,0.0,0.0,0.0,0.0,3
634.0,3.0,0.7168493366170385,0.0,0.0,0.0,0.0,0.0,32.0,4.0,1.3208883431453222,0.0,0.0,71.93333333333334,0.0,0.0,0.0,0.0,50.0,610.0,14.0,16,1,0.5684121621621622,4.320493798937238,634.0,0.0,0.0,0.0,0.0,3
630.0,4.0,0.9284832717587164,0.0,0.0,0.0,0.0,0.0,36.0,6.0,1.504077396770274,0.0,0.0,70.6,0.0,0.0,0.0,0.0,200.0,378.0,58.0,16,1,0.5684121621621622,3.651483716699517,632.0,0.0,0.0,0.0,0.0,3
628.0,4.0,0.9109940703629136,0.0,0.0,0.0,0.0,0.0,48.0,6.0,1.632630927148352,0.0,0.0,69.23333333333333,0.0,0.0,0.0,0.0,200.0,470.0,42.0,17,1,0.5684121621621622,3.651483716699517,632.0,0.0,0.0,0.0,0.0,3
646.0,4.0,0.8268800659280094,0.0,0.0,0.0,0.0,0.0,92.0,9.0,1.76431885184007,0.0,0.0,66.53333333333333,0.0,0.0,0.0,0.0,250.0,1510.0,40.0,17,1,0.5684121621621622,8.062257748297835,634.5,0.0,0.0,0.0,0.0,3
654.0,5.0,0.3065311399649763,0.0,0.0,0.0,0.0,0.0,56.0,6.0,1.3465111393012357,0.0,0.0,62.7,0.0,0.0,0.0,0.0,150.0,782.0,52.0,18,1,0.5684121621621622,12.583057392117466,639.5,0.0,0.0,0.0,0.0,3
638.0,5.0,0.162750894224881,0.0,0.0,0.0,0.0,0.0,42.0,8.0,1.88533558904788,0.0,0.0,59.48275862068966,0.0,0.0,0.0,0.0,100.0,3238.0,18.0,18,1,0.5684121621621622,11.120551545074346,641.5,0.0,0.0,0.0,0.0,3
718.0,4.0,0.5122445485501184,0.0,438.0,0.0,0.0,0.0,242.0,9.0,1.338949872402765,0.0,0.0,56.46666666666667,0.0,212.0,160.0,322.0,1198.0,2890.0,184.0,19,1,0.5684121621621622,36.58779395736583,664.0,219.0,109.5,0.0,0.0,3
670.0,4.0,0.639208742649046,0.0,250.0,0.0,0.0,0.0,142.0,7.0,1.348492842822156,0.0,0.0,53.36666666666667,0.0,0.0,0.0,0.0,698.0,1748.0,126.0,19,1,0.5684121621621622,34.56395039150843,670.0,212.92252111977257,172.0,0.0,0.0,3
626.0,1.0,-1.000088900581841e-12,0.0,0.0,0.0,0.0,0.0,26.0,3.0,0.6870920273769716,0.0,0.0,51.86666666666667,0.0,0.0,0.0,0.0,0.0,0.0,0.0,20,1,0.5684121621621622,41.1015003781288,663.0,212.92252111977257,172.0,0.0,0.0,3
642.0,2.0,0.0529732832834658,0.0,0.0,0.0,0.0,0.0,1444.0,7.0,0.1673817532850008,0.0,0.0,50.333333333333336,0.0,0.0,0.0,0.0,48.0,290.0,22.0,20,1,0.5684121621621622,40.33195589934433,664.0,212.92252111977257,172.0,0.0,0.0,3
632.0,4.0,0.4783633733865996,0.0,0.0,0.0,0.0,0.0,100.0,5.0,1.1535007141157587,0.0,0.0,48.93103448275862,0.0,0.0,0.0,0.0,50.0,204.0,14.0,21,0,0.5684121621621622,19.4850369942337,642.5,125.0,62.5,0.0,0.0,3
628.0,1.0,-1.000088900581841e-12,0.0,0.0,0.0,0.0,0.0,8.0,2.0,0.6931471805579453,0.0,0.0,47.6,0.0,0.0,0.0,0.0,0.0,0.0,0.0,21,0,0.5684121621621622,7.118052168020134,632.0,0.0,0.0,0.0,0.0,3
630.0,5.0,0.6424717358047898,0.0,0.0,0.0,0.0,0.0,44.0,8.0,1.956801612434042,0.0,0.0,46.36666666666667,0.0,0.0,0.0,0.0,100.0,798.0,44.0,22,0,0.5684121621621622,6.218252702058363,633.0,0.0,0.0,0.0,0.0,3
624.0,1.0,-1.000088900581841e-12,0.0,0.0,0.0,0.0,0.0,8.0,1.0,-1.000088900581841e-12,0.0,0.0,45.16666666666666,0.0,0.0,0.0,0.0,0.0,0.0,0.0,22,0,0.5684121621621622,3.415650255318324,628.5,0.0,0.0,0.0,0.0,3
624.0,2.0,0.0542266127196372,0.0,0.0,0.0,0.0,0.0,10.0,2.0,0.6730116670072565,0.0,0.0,44.03333333333333,0.0,0.0,0.0,0.0,48.0,256.0,18.0,23,0,0.5684121621621622,2.999999999998257,626.5,0.0,0.0,0.0,0.0,3
684.0,8.0,1.8110899124237403,0.0,0.0,0.0,0.0,0.0,32.0,4.0,1.2820462400488453,0.0,46.0,43.333333333333336,0.0,0.0,0.0,0.0,200.0,9320.0,42.0,23,0,0.5684121621621622,29.137604568666752,640.5,0.0,0.0,0.0,0.0,3
716.0,7.0,0.9784005242230066,0.0,0.0,0.0,0.0,0.0,124.0,6.0,1.1983597040146838,0.0,0.0,55.4,0.0,0.0,0.0,0.0,50.0,4952.0,10.0,0,0,0.5684121621621622,45.78209256903828,662.0,0.0,0.0,0.0,0.0,3
716.0,2.0,0.0345507670008156,0.0,0.0,0.0,0.0,0.0,106.0,4.0,0.5165376485651441,0.0,0.0,73.27586206896552,0.0,0.0,14.0,0.0,0.0,58.0,0.0,0,0,0.5684121621621622,43.37433957230154,685.0,0.0,0.0,0.0,0.0,3
716.0,1.0,-1.000088900581841e-12,0.0,0.0,0.0,0.0,0.0,14.0,3.0,0.9556998911095343,0.0,0.0,90.36666666666666,0.0,0.0,0.0,0.0,0.0,0.0,0.0,1,0,0.5684121621621622,15.999999999999668,708.0,0.0,0.0,0.0,0.0,3
4.0,1.0,-1.000088900581841e-12,0.0,0.0,0.0,0.0,0.0,24.0,6.0,1.7481554572416762,0.0,0.0,99.2,0.0,0.0,0.0,0.0,0.0,0.0,0.0,1,0,0.5684121621621622,356.0,538.0,0.0,0.0,0.0,0.0,3
0.0,0.0,0.0,0.0,0.0,0.0,0.0,0.0,18.0,3.0,1.060856947155021,0.0,0.0,100.0,0.0,0.0,0.0,0.0,0.0,0.0,0.0,2,0,0.5684121621621622,412.23132664399327,359.0,0.0,0.0,0.0,0.0,3
0.0,0.0,0.0,0.0,0.0,0.0,0.0,0.0,14.0,3.0,1.0789922078745835,0.0,0.0,100.0,0.0,0.0,0.0,0.0,0.0,0.0,0.0,2,0,0.5684121621621622,357.3383084230778,180.0,0.0,0.0,0.0,0.0,3
0.0,0.0,0.0,0.0,0.0,0.0,0.0,0.0,24.0,5.0,1.5607104090364068,0.0,0.0,100.0,0.0,0.0,0.0,0.0,0.0,0.0,0.0,3,0,0.5684121621621622,2.0000000000016183,1.0,0.0,0.0,0.0,0.0,3
0.0,0.0,0.0,0.0,0.0,0.0,0.0,0.0,12.0,2.0,0.6365141682928128,0.0,0.0,100.0,0.0,0.0,0.0,0.0,0.0,0.0,0.0,3,0,0.5684121621621622,0.0,0.0,0.0,0.0,0.0,0.0,3
0.0,0.0,0.0,0.0,0.0,0.0,0.0,0.0,16.0,3.0,1.039720770836918,0.0,0.0,100.0,0.0,0.0,0.0,0.0,0.0,0.0,0.0,4,0,0.5684121621621622,0.0,0.0,0.0,0.0,0.0,0.0,3
0.0,0.0,0.0,0.0,0.0,0.0,0.0,0.0,360.0,3.0,0.1673618849487242,0.0,0.0,100.0,0.0,0.0,0.0,0.0,0.0,0.0,0.0,4,0,0.5684121621621622,0.0,0.0,0.0,0.0,0.0,0.0,3
0.0,0.0,0.0,0.0,0.0,0.0,0.0,0.0,20.0,4.0,1.3321790402061222,0.0,0.0,100.0,0.0,0.0,0.0,0.0,0.0,0.0,0.0,5,0,0.5684121621621622,0.0,0.0,0.0,0.0,0.0,0.0,3
0.0,0.0,0.0,0.0,0.0,0.0,0.0,0.0,12.0,2.0,0.6365141682928128,0.0,0.0,100.0,0.0,0.0,0.0,0.0,0.0,0.0,0.0,5,0,0.5684121621621622,0.0,0.0,0.0,0.0,0.0,0.0,3
0.0,0.0,0.0,0.0,0.0,0.0,0.0,0.0,20.0,4.0,1.3321790402061222,0.0,0.0,100.0,0.0,0.0,0.0,0.0,0.0,0.0,0.0,6,0,0.5684121621621622,0.0,0.0,0.0,0.0,0.0,0.0,3
0.0,0.0,0.0,0.0,0.0,0.0,0.0,0.0,12.0,2.0,0.6365141682928128,0.0,0.0,100.0,0.0,0.0,0.0,0.0,50.0,0.0,0.0,6,0,0.5684121621621622,0.0,0.0,0.0,0.0,0.0,0.0,3
0.0,0.0,0.0,0.0,0.0,0.0,0.0,0.0,16.0,3.0,1.039720770836918,0.0,0.0,100.0,0.0,0.0,0.0,0.0,0.0,0.0,0.0,7,0,0.5684121621621622,0.0,0.0,0.0,0.0,0.0,0.0,3
0.0,0.0,0.0,0.0,0.0,0.0,0.0,0.0,12.0,2.0,0.6365141682928128,0.0,0.0,100.0,0.0,0.0,0.0,0.0,0.0,0.0,0.0,7,0,0.5684121621621622,0.0,0.0,0.0,0.0,0.0,0.0,3
0.0,0.0,0.0,0.0,0.0,0.0,0.0,0.0,24.0,6.0,1.676234939128731,0.0,0.0,100.0,0.0,0.0,0.0,0.0,0.0,0.0,0.0,8,1,0.5684121621621622,0.0,0.0,0.0,0.0,0.0,0.0,3
0.0,0.0,0.0,0.0,0.0,0.0,0.0,0.0,16.0,3.0,1.039720770836918,0.0,0.0,100.0,0.0,0.0,0.0,0.0,0.0,0.0,0.0,8,1,0.5684121621621622,0.0,0.0,0.0,0.0,0.0,0.0,3
0.0,0.0,0.0,0.0,0.0,0.0,0.0,0.0,18.0,4.0,1.2730283365856256,0.0,0.0,100.0,0.0,0.0,0.0,0.0,0.0,0.0,0.0,9,1,0.5684121621621622,0.0,0.0,0.0,0.0,0.0,0.0,3
572.0,4.0,0.923492287922398,0.0,0.0,0.0,0.0,0.0,68.0,11.0,2.067417757951355,0.0,0.0,99.46666666666668,0.0,0.0,0.0,12.0,344.0,3168.0,42.0,9,1,0.5684121621621622,286.0,143.0,0.0,0.0,0.0,0.0,3
670.0,4.0,0.675474288244617,0.0,0.0,0.0,0.0,0.0,64.0,6.0,1.4243794238512606,0.0,0.0,95.43333333333334,0.0,0.0,0.0,0.0,350.0,728.0,64.0,10,1,0.5684121621621622,360.75984625047545,310.5,0.0,0.0,0.0,0.0,3
716.0,4.0,0.8571645101372245,0.0,202.0,0.0,0.0,0.0,332.0,6.0,1.0541958460484648,0.0,0.0,90.16666666666669,0.0,78.0,60.0,132.0,500.0,7280.0,88.0,10,1,0.5684121621621622,331.8126981697154,489.5,101.0,50.5,0.0,0.0,3
698.0,6.0,1.0450786888554058,0.0,146.0,0.0,0.0,0.0,116.0,4.0,1.009230472105401,0.0,0.0,86.46666666666667,0.0,318.0,230.0,484.0,650.0,4246.0,98.0,11,1,0.5684121621621622,64.1872261435249,664.0,103.02750441831864,87.0,0.0,0.0,3
638.0,5.0,0.3559084074036293,0.0,0.0,0.0,0.0,0.0,38.0,5.0,1.2947749214425035,0.0,0.0,83.86666666666666,0.0,0.0,0.0,0.0,250.0,988.0,52.0,11,1,0.5684121621621622,34.07345007480175,680.5,103.02750441831864,87.0,0.0,0.0,3
666.0,5.0,1.063618670989604,0.0,0.0,0.0,0.0,0.0,66.0,9.0,1.841088433106529,0.0,0.0,82.03448275862068,0.0,0.0,0.0,0.0,500.0,1748.0,62.0,12,1,0.5684121621621622,34.53983207834119,679.5,103.02750441831864,87.0,0.0,0.0,3
688.0,3.0,0.586605386450903,0.0,0.0,0.0,0.0,0.0,16.0,2.0,0.5623351446168083,0.0,0.0,78.3,0.0,0.0,0.0,0.0,50.0,1018.0,8.0,12,1,0.5684121621621622,26.60200493697184,672.5,72.99999999999999,36.5,0.0,0.0,3
624.0,1.0,-1.000088900581841e-12,0.0,0.0,0.0,0.0,0.0,28.0,4.0,1.277034259462139,0.0,0.0,76.0,0.0,0.0,0.0,0.0,0.0,0.0,0.0,13,1,0.5684121621621622,28.61235164516671,654.0,0.0,0.0,0.0,0.0,3
640.0,3.0,0.8871224740707919,0.0,0.0,0.0,0.0,0.0,66.0,7.0,1.7168194934150312,0.0,0.0,74.63333333333334,0.0,0.0,0.0,0.0,200.0,1866.0,44.0,13,1,0.5684121621621622,28.25479310370792,654.5,0.0,0.0,0.0,0.0,3
628.0,2.0,0.1723721854718216,0.0,0.0,0.0,0.0,0.0,50.0,7.0,1.665142057736655,0.0,0.0,73.0,0.0,0.0,0.0,0.0,248.0,74.0,8.0,14,1,0.5684121621621622,29.46183972531259,645.0,0.0,0.0,0.0,0.0,3
634.0,2.0,0.0810967765291324,0.0,0.0,0.0,0.0,0.0,98.0,5.0,0.816209618112123,0.0,0.0,71.76666666666667,0.0,0.0,0.0,0.0,100.0,362.0,30.0,14,1,0.5684121621621622,7.0000000000004645,631.5,0.0,0.0,0.0,0.0,3
656.0,2.0,0.6420013838552223,0.0,0.0,0.0,0.0,0.0,40.0,5.0,1.3831487512437417,0.0,0.0,69.51724137931035,0.0,0.0,0.0,0.0,148.0,3382.0,34.0,15,1,0.5684121621621622,12.041594578792566,639.5,0.0,0.0,0.0,0.0,3
626.0,1.0,-1.000088900581841e-12,0.0,0.0,0.0,0.0,0.0,12.0,2.0,0.6365141682928128,0.0,0.0,68.1,0.0,0.0,0.0,0.0,0.0,0.0,0.0,15,1,0.5684121621621622,13.759844960367102,636.0,0.0,0.0,0.0,0.0,3
256.0,1.0,-1.000088900581841e-12,0.0,0.0,0.0,0.0,0.0,28.0,5.0,1.3690391776997684,0.0,0.0,67.1,14.0,0.0,0.0,0.0,0.0,0.0,0.0,16,1,0.5684121621621622,191.75331374798543,543.0,0.0,0.0,0.0,0.0,3
200.0,4.0,1.0902210075106022,0.0,0.0,0.0,0.0,0.0,94.0,9.0,1.4978512084692397,0.0,0.0,65.76666666666667,0.0,0.0,0.0,0.0,200.0,1876.0,28.0,16,1,0.5684121621621622,239.8520377232597,434.5,0.0,0.0,0.0,0.0,3
636.0,4.0,0.8724158012497764,0.0,0.0,0.0,0.0,0.0,24.0,4.0,1.3086053872494494,0.0,0.0,62.53333333333333,0.0,0.0,0.0,0.0,50.0,522.0,18.0,17,1,0.5684121621621622,233.8282845736732,429.5,0.0,0.0,0.0,0.0,3
622.0,2.0,0.3026122101902825,0.0,0.0,0.0,0.0,0.0,12.0,3.0,1.0986122886651095,0.0,0.0,61.4,0.0,0.0,0.0,0.0,50.0,70.0,10.0,17,1,0.5684121621621622,232.7137010720827,428.5,0.0,0.0,0.0,0.0,3
704.0,6.0,0.710037019069653,0.0,0.0,0.0,0.0,0.0,54.0,8.0,1.941507179593303,0.0,0.0,58.13333333333333,0.0,0.0,0.0,0.0,50.0,2764.0,12.0,18,1,0.5684121621621622,229.8078907841649,540.5,0.0,0.0,0.0,0.0,3
658.0,4.0,0.779248494868398,0.0,278.0,0.0,0.0,0.0,112.0,5.0,1.0326085252492307,0.0,0.0,55.36666666666667,0.0,326.0,284.0,604.0,650.0,708.0,88.0,18,1,0.5684121621621622,35.87013613950561,655.0,139.0,69.5,0.0,0.0,3
680.0,4.0,0.9653118987194274,0.0,312.0,0.0,0.0,0.0,148.0,5.0,1.136054720398114,0.0,0.0,52.13793103448276,0.0,20.0,14.0,30.0,598.0,1628.0,94.0,19,1,0.5684121621621622,34.832934606968344,666.0,170.88300090997933,147.5,0.0,0.0,3
632.0,3.0,0.2484930392671898,0.0,0.0,0.0,0.0,0.0,26.0,5.0,1.4985690796720057,0.0,0.0,50.5,0.0,0.0,0.0,0.0,100.0,348.0,10.0,19,1,0.5684121621621622,30.74085229787879,668.5,170.88300090997933,147.5,0.0,0.0,3
626.0,2.0,0.0215482557248673,0.0,0.0,0.0,0.0,0.0,14.0,4.0,1.351783994285646,0.0,0.0,49.16666666666666,0.0,0.0,0.0,0.0,50.0,110.0,16.0,20,1,0.5684121621621622,24.899799195977444,649.0,170.88300090997933,147.5,0.0,0.0,3
636.0,4.0,0.2129778553663063,0.0,0.0,0.0,0.0,0.0,30.0,7.0,1.7838539603486163,0.0,0.0,47.766666666666666,0.0,0.0,0.0,0.0,148.0,614.0,36.0,20,1,0.5684121621621622,24.677925358506112,643.5,156.0,78.0,0.0,0.0,3
628.0,1.0,-1.000088900581841e-12,0.0,0.0,0.0,0.0,0.0,8.0,3.0,1.039720770836918,0.0,0.0,46.51724137931034,0.0,0.0,0.0,0.0,0.0,0.0,0.0,21,0,0.5684121621621622,4.434711565216628,630.5,0.0,0.0,0.0,0.0,3
280.0,1.0,-1.000088900581841e-12,0.0,0.0,0.0,0.0,0.0,0.0,0.0,0.0,0.0,0.0,45.53333333333333,16.0,0.0,0.0,0.0,0.0,0.0,0.0,21,0,0.5684121621621622,175.05332520882507,542.5,0.0,0.0,0.0,0.0,3
588.0,3.0,0.1475425268254636,0.0,0.0,0.0,0.0,0.0,26.0,5.0,1.3114313374682374,0.0,0.0,44.266666666666666,0.0,0.0,0.0,0.0,150.0,752.0,32.0,22,0,0.5684121621621622,169.96862455563183,533.0,0.0,0.0,0.0,0.0,3
642.0,3.0,0.4531386957096685,0.0,0.0,0.0,0.0,0.0,30.0,3.0,1.0096137581710385,0.0,0.0,42.06666666666667,0.0,0.0,0.0,0.0,250.0,2342.0,56.0,22,0,0.5684121621621622,171.20260901438778,534.5,0.0,0.0,0.0,0.0,3
638.0,3.0,0.7121768823867549,0.0,0.0,0.0,0.0,0.0,32.0,3.0,1.039720770836918,0.0,0.0,40.43333333333333,0.0,0.0,0.0,0.0,200.0,1554.0,48.0,23,0,0.5684121621621622,173.0857205741325,537.0,0.0,0.0,0.0,0.0,3
650.0,4.0,0.8742925618339041,0.0,0.0,0.0,0.0,0.0,78.0,4.0,1.1260923408415495,0.0,0.0,38.5,0.0,0.0,0.0,0.0,200.0,1186.0,40.0,23,0,0.5684121621621622,28.11286775363437,629.5,0.0,0.0,0.0,0.0,3
716.0,3.0,0.0829202620273708,0.0,0.0,0.0,0.0,0.0,10.0,2.0,0.5004024235361879,0.0,0.0,33.93333333333333,0.0,0.0,20.0,0.0,50.0,1540.0,0.0,0,0,0.5684121621621622,36.674241641784505,661.5,0.0,0.0,0.0,0.0,3
714.0,2.0,0.019261439527435,0.0,0.0,0.0,0.0,0.0,366.0,6.0,0.3627720658969323,0.0,50.0,41.46666666666667,0.0,0.0,0.0,0.0,150.0,158.0,10.0,0,0,0.5684121621621622,41.29164564412516,679.5,0.0,0.0,0.0,0.0,3
716.0,1.0,-1.000088900581841e-12,0.0,0.0,0.0,0.0,0.0,24.0,5.0,1.5607104090364068,0.0,0.0,61.93333333333333,0.0,0.0,0.0,0.0,0.0,0.0,0.0,1,0,0.5684121621621622,32.68026927673638,699.0,0.0,0.0,0.0,0.0,3
442.0,1.0,-1.000088900581841e-12,0.0,0.0,0.0,0.0,0.0,22.0,5.0,1.5157079520807129,0.0,0.0,81.6,0.0,0.0,0.0,0.0,0.0,0.0,0.0,1,0,0.5684121621621622,136.66991866049628,647.0,0.0,0.0,0.0,0.0,3
716.0,1.0,-1.000088900581841e-12,0.0,0.0,0.0,0.0,0.0,16.0,3.0,1.039720770836918,0.0,0.0,95.6,0.0,0.0,0.0,0.0,0.0,0.0,0.0,2,0,0.5684121621621622,136.66991866049628,647.0,0.0,0.0,0.0,0.0,3
282.0,1.0,-1.000088900581841e-12,0.0,0.0,0.0,0.0,0.0,14.0,2.0,0.6829081046984717,0.0,0.0,100.0,0.0,0.0,0.0,0.0,0.0,0.0,0.0,2,0,0.5684121621621622,214.56622909178105,539.0,0.0,0.0,0.0,0.0,3
0.0,0.0,0.0,0.0,0.0,0.0,0.0,0.0,20.0,4.0,1.3321790402061222,0.0,0.0,100.0,0.0,0.0,0.0,0.0,0.0,0.0,0.0,3,0,0.5684121621621622,299.52406692395635,360.0,0.0,0.0,0.0,0.0,3
0.0,0.0,0.0,0.0,0.0,0.0,0.0,0.0,8.0,1.0,-1.000088900581841e-12,0.0,0.0,100.0,0.0,0.0,0.0,0.0,0.0,0.0,0.0,3,0,0.5684121621621622,338.22034238052566,249.5,0.0,0.0,0.0,0.0,3
0.0,0.0,0.0,0.0,0.0,0.0,0.0,0.0,20.0,4.0,1.3321790402061222,0.0,0.0,100.0,0.0,0.0,0.0,0.0,0.0,0.0,0.0,4,0,0.5684121621621622,141.0,70.5,0.0,0.0,0.0,0.0,3
0.0,0.0,0.0,0.0,0.0,0.0,0.0,0.0,12.0,2.0,0.6365141682928128,0.0,0.0,100.0,0.0,0.0,0.0,0.0,0.0,0.0,0.0,4,0,0.5684121621621622,0.0,0.0,0.0,0.0,0.0,0.0,3
0.0,0.0,0.0,0.0,0.0,0.0,0.0,0.0,16.0,3.0,1.039720770836918,0.0,0.0,100.0,0.0,0.0,0.0,0.0,0.0,0.0,0.0,5,0,0.5684121621621622,0.0,0.0,0.0,0.0,0.0,0.0,3
0.0,0.0,0.0,0.0,0.0,0.0,0.0,0.0,14.0,3.0,1.0789922078745835,0.0,0.0,100.0,0.0,0.0,0.0,0.0,0.0,0.0,0.0,5,0,0.5684121621621622,0.0,0.0,0.0,0.0,0.0,0.0,3
0.0,0.0,0.0,0.0,0.0,0.0,0.0,0.0,16.0,3.0,1.039720770836918,0.0,0.0,100.0,0.0,0.0,0.0,0.0,0.0,0.0,0.0,6,0,0.5684121621621622,0.0,0.0,0.0,0.0,0.0,0.0,3
0.0,0.0,0.0,0.0,0.0,0.0,0.0,0.0,12.0,2.0,0.6365141682928128,0.0,0.0,100.0,0.0,0.0,0.0,0.0,0.0,0.0,0.0,6,0,0.5684121621621622,0.0,0.0,0.0,0.0,0.0,0.0,3
0.0,0.0,0.0,0.0,0.0,0.0,0.0,0.0,16.0,3.0,1.039720770836918,0.0,0.0,100.0,0.0,0.0,0.0,0.0,0.0,0.0,0.0,7,0,0.5684121621621622,0.0,0.0,0.0,0.0,0.0,0.0,3
0.0,0.0,0.0,0.0,0.0,0.0,0.0,0.0,14.0,3.0,0.9556998911095343,0.0,0.0,100.0,0.0,0.0,0.0,0.0,0.0,0.0,0.0,7,0,0.5684121621621622,0.0,0.0,0.0,0.0,0.0,0.0,3
686.0,5.0,1.3018687163246974,0.0,0.0,0.0,0.0,0.0,56.0,10.0,2.146028004120939,0.0,0.0,99.46666666666668,0.0,0.0,0.0,14.0,200.0,2438.0,20.0,8,1,0.5684121621621622,343.0,171.5,0.0,0.0,0.0,0.0,3
712.0,4.0,0.7889899288554859,0.0,236.0,0.0,0.0,0.0,114.0,9.0,1.377761850163873,0.0,0.0,95.16666666666669,0.0,0.0,0.0,0.0,350.0,764.0,32.0,8,1,0.5684121621621622,403.70740229362485,349.5,117.99999999999996,59.0,0.0,0.0,3
714.0,3.0,0.1157148521070753,0.0,376.0,0.0,0.0,0.0,178.0,6.0,1.045216769234372,0.0,0.0,92.0,0.0,600.0,500.0,972.0,550.0,910.0,118.0,9,1,0.5684121621621622,352.2309848191477,528.0,185.6843199267689,153.0,0.0,0.0,3
680.0,7.0,0.914514310551698,0.0,258.0,0.0,0.0,0.0,144.0,7.0,1.18667491788456,0.0,0.0,89.46666666666667,0.0,0.0,0.0,0.0,546.0,2132.0,88.0,9,1,0.5684121621621622,17.511900715418264,698.0,157.4917987282724,217.5,0.0,0.0,3
644.0,1.0,-1.000088900581841e-12,0.0,0.0,0.0,0.0,0.0,50.0,8.0,1.4982666967458915,0.0,0.0,87.0,0.0,0.0,0.0,0.0,348.0,2100.0,70.0,10,1,0.5684121621621622,32.91909273759936,687.5,157.4917987282724,217.5,0.0,0.0,3
644.0,6.0,0.9453615140836048,0.0,0.0,0.0,0.0,0.0,94.0,11.0,2.017279528698825,0.0,0.0,85.03333333333333,0.0,0.0,0.0,0.0,200.0,1860.0,38.0,10,1,0.5684121621621622,33.6005952328229,670.5,189.25379784828624,158.5,0.0,0.0,3
656.0,5.0,1.1140019680737072,0.0,0.0,0.0,0.0,0.0,64.0,7.0,1.8213276770140423,0.0,0.0,83.16666666666667,0.0,0.0,0.0,0.0,242.0,1622.0,46.0,11,1,0.5684121621621622,16.970562748477164,656.0,128.99999999999997,64.5,0.0,0.0,3
652.0,2.0,0.5537522908984345,0.0,0.0,0.0,0.0,0.0,42.0,3.0,0.8359373644868986,0.0,0.0,80.65517241379311,0.0,0.0,0.0,0.0,400.0,2368.0,86.0,11,1,0.5684121621621622,6.000000000000063,649.0,0.0,0.0,0.0,0.0,3
668.0,5.0,1.1585106343056395,0.0,0.0,0.0,0.0,0.0,42.0,5.0,1.1266265590232118,0.0,0.0,77.63333333333334,0.0,0.0,0.0,0.0,348.0,1782.0,92.0,12,1,0.5684121621621622,10.00000000000005,655.0,0.0,0.0,0.0,0.0,3
680.0,2.0,0.6839668037402156,0.0,0.0,0.0,0.0,0.0,78.0,7.0,1.254450862806788,0.0,0.0,73.5,0.0,0.0,0.0,0.0,146.0,1878.0,46.0,12,1,0.5684121621621622,12.64911064067357,664.0,0.0,0.0,0.0,0.0,3
660.0,4.0,0.8765013059921996,0.0,0.0,0.0,0.0,0.0,318.0,6.0,0.5787319985862862,0.0,0.0,70.86666666666666,0.0,0.0,0.0,0.0,300.0,4314.0,50.0,13,1,0.5684121621621622,11.944315244779334,665.0,0.0,0.0,0.0,0.0,3
630.0,1.0,-1.000088900581841e-12,0.0,0.0,0.0,0.0,0.0,132.0,3.0,0.2706407936137974,0.0,0.0,69.23333333333333,0.0,0.0,0.0,0.0,0.0,0.0,0.0,13,1,0.5684121621621622,21.315096371664257,659.5,0.0,0.0,0.0,0.0,3
656.0,4.0,1.0110322132750809,0.0,0.0,0.0,0.0,0.0,66.0,5.0,1.2705773774002358,0.0,0.0,67.3,0.0,0.0,0.0,0.0,400.0,4374.0,98.0,14,1,0.5684121621621622,20.5507501890645,656.5,0.0,0.0,0.0,0.0,3
660.0,7.0,1.083966138554548,0.0,0.0,0.0,0.0,0.0,104.0,3.0,0.6441798059703927,0.0,0.0,64.5,0.0,0.0,0.0,0.0,298.0,3930.0,70.0,14,1,0.5684121621621622,14.456832294801002,651.5,0.0,0.0,0.0,0.0,3
662.0,4.0,0.7348355442149734,0.0,0.0,0.0,0.0,0.0,50.0,4.0,0.8950711356491977,0.0,0.0,61.766666666666666,0.0,0.0,0.0,0.0,100.0,710.0,24.0,15,1,0.5684121621621622,14.877275736280971,652.0,0.0,0.0,0.0,0.0,3
692.0,7.0,0.9268564621488832,0.0,0.0,0.0,0.0,0.0,72.0,3.0,0.6546695645255007,0.0,0.0,58.793103448275865,0.0,0.0,0.0,0.0,698.0,1632.0,154.0,15,1,0.5684121621621622,16.522711641858326,667.5,0.0,0.0,0.0,0.0,3
650.0,5.0,0.8674388942543866,0.0,0.0,0.0,0.0,0.0,22.0,3.0,0.9075352941020092,0.0,0.0,56.06666666666667,0.0,0.0,16.0,16.0,100.0,2472.0,18.0,16,1,0.5684121621621622,18.11077027627485,666.0,0.0,0.0,0.0,0.0,3
626.0,2.0,0.0215482557248673,0.0,0.0,0.0,0.0,0.0,14.0,3.0,1.0789922078745835,0.0,0.0,54.16666666666666,0.0,0.0,0.0,0.0,50.0,148.0,16.0,16,1,0.5684121621621622,27.44084546802449,657.5,0.0,0.0,0.0,0.0,3
648.0,3.0,0.3349949285281859,0.0,0.0,0.0,0.0,0.0,136.0,5.0,1.2974353739358135,0.0,0.0,52.7,0.0,0.0,0.0,0.0,500.0,2326.0,104.0,17,1,0.5684121621621622,27.568097504180454,654.0,0.0,0.0,0.0,0.0,3
660.0,5.0,0.3467174420534022,0.0,0.0,0.0,0.0,0.0,456.0,5.0,0.8734604267167381,0.0,0.0,50.833333333333336,0.0,0.0,0.0,0.0,50.0,558.0,12.0,17,1,0.5684121621621622,14.329456840136483,646.0,0.0,0.0,0.0,0.0,3
614.0,3.0,0.589761094852071,0.0,0.0,0.0,0.0,0.0,14.0,3.0,0.9556998911095343,0.0,0.0,49.13793103448276,0.0,0.0,0.0,0.0,100.0,530.0,16.0,18,1,0.5684121621621622,20.816659994661343,637.0,0.0,0.0,0.0,0.0,3
636.0,4.0,0.4596403327260528,0.0,0.0,0.0,0.0,0.0,58.0,5.0,1.262043285013727,0.0,0.0,47.56666666666667,0.0,0.0,8.0,0.0,298.0,658.0,60.0,18,1,0.5684121621621622,19.6214168703486,639.5,0.0,0.0,0.0,0.0,3
660.0,6.0,0.7626391901632918,0.0,0.0,0.0,0.0,0.0,36.0,4.0,1.087856558501821,0.0,0.0,45.266666666666666,0.0,0.0,0.0,0.0,446.0,2658.0,70.0,19,1,0.5684121621621622,22.113344387496,642.5,0.0,0.0,0.0,0.0,3
686.0,4.0,0.7261457265206427,0.0,0.0,0.0,0.0,0.0,36.0,4.0,1.3343960468726843,0.0,0.0,41.0,0.0,0.0,0.0,12.0,100.0,8456.0,20.0,19,1,0.5684121621621622,31.005375877955977,649.0,0.0,0.0,0.0,0.0,3
662.0,7.0,1.0641649434764466,0.0,54.0,0.0,0.0,0.0,152.0,10.0,1.908050689644996,0.0,0.0,38.06666666666667,0.0,0.0,0.0,0.0,694.0,2934.0,150.0,20,1,0.5684121621621622,20.42873792805945,661.0,26.999999999999822,13.5,0.0,0.0,2
706.0,3.0,0.4347690134968858,0.0,338.0,0.0,0.0,0.0,196.0,6.0,1.3844374252431952,0.0,0.0,34.86666666666667,0.0,466.0,422.0,796.0,1200.0,2408.0,176.0,20,1,0.5684121621621622,21.80978373727414,678.5,162.01234520862906,98.0,0.0,0.0,3
710.0,3.0,0.6664137029414262,0.0,144.0,0.0,0.0,0.0,84.0,4.0,1.0466304865792218,0.0,0.0,30.766666666666666,0.0,18.0,14.0,38.0,450.0,4632.0,74.0,21,0,0.5684121621621622,22.000000000000032,691.0,148.40485167271314,134.0,0.0,0.0,3
668.0,3.0,0.6771131054556571,0.0,74.0,0.0,0.0,0.0,48.0,3.0,1.0114042647043515,0.0,0.0,26.9,0.0,0.0,0.0,0.0,200.0,2670.0,64.0,21,0,0.5684121621621622,25.000000000000025,686.5,129.54664539590874,152.5,0.0,0.0,3
670.0,2.0,0.0647384133326563,0.0,304.0,0.0,0.0,0.0,106.0,3.0,0.7599089038347011,0.0,0.0,25.379310344827587,0.0,212.0,234.0,422.0,400.0,592.0,52.0,22,0,0.5684121621621622,22.59055849980993,688.5,126.45420778553262,215.0,0.0,0.0,3
710.0,5.0,0.8981625986605393,0.0,228.0,0.0,0.0,0.0,144.0,5.0,1.0442132671379702,0.0,0.0,22.433333333333334,0.0,150.0,104.0,260.0,698.0,1872.0,76.0,22,0,0.5684121621621622,23.685438564654053,689.5,99.97833098560235,187.5,0.0,0.0,2
570.0,3.0,0.671916765630748,0.0,0.0,0.0,0.0,0.0,8.0,1.0,-1.000088900581841e-12,0.0,30.0,17.958333333333332,0.0,0.0,14.0,12.0,48.0,4590.0,14.0,23,0,0.5684121621621622,59.56229232212832,654.5,139.1246443541426,151.5,0.0,0.0,3
648.0,2.0,0.3291329593850881,0.0,0.0,0.0,0.0,0.0,330.0,4.0,0.2161182798125794,0.0,0.0,28.74074074074074,0.0,0.0,12.0,0.0,0.0,352.0,0.0,23,0,0.5684121621621622,58.88689724095392,649.5,156.67801377347106,133.0,0.0,0.0,3
716.0,1.0,-1.000088900581841e-12,0.0,0.0,0.0,0.0,0.0,182.0,5.0,0.4580496359070946,0.0,0.0,48.63333333333333,0.0,0.0,0.0,0.0,0.0,0.0,0.0,0,0,0.5684121621621622,68.00980321492875,661.0,113.99999999999996,57.0,0.0,0.0,3
130.0,1.0,-1.000088900581841e-12,0.0,0.0,0.0,0.0,0.0,298.0,6.0,0.3753216812446036,0.0,0.0,69.33333333333333,0.0,0.0,0.0,0.0,0.0,0.0,0.0,0,0,0.5684121621621622,264.15651925831145,516.0,0.0,0.0,0.0,0.0,3
0.0,0.0,0.0,0.0,0.0,0.0,0.0,0.0,4738.0,6.0,0.0768261134184045,0.0,0.0,87.16666666666667,0.0,0.0,0.0,0.0,0.0,0.0,0.0,1,0,0.5684121621621622,361.2252298312878,373.5,0.0,0.0,0.0,0.0,3
428.0,1.0,-1.000088900581841e-12,0.0,0.0,0.0,0.0,0.0,12.0,3.0,1.0114042647043515,0.0,0.0,97.9,0.0,0.0,0.0,0.0,0.0,0.0,0.0,1,0,0.5684121621621622,319.88070693098496,318.5,0.0,0.0,0.0,0.0,3
716.0,1.0,-1.000088900581841e-12,0.0,0.0,0.0,0.0,0.0,18.0,4.0,1.273028336585626,0.0,0.0,100.0,0.0,0.0,0.0,0.0,0.0,0.0,0.0,2,0,0.5684121621621622,319.88070693098496,318.5,0.0,0.0,0.0,0.0,3
288.0,1.0,-1.000088900581841e-12,0.0,0.0,0.0,0.0,0.0,20.0,4.0,1.3321790402061222,0.0,0.0,100.0,0.0,0.0,0.0,0.0,0.0,0.0,0.0,2,0,0.5684121621621622,297.84112095769,358.0,0.0,0.0,0.0,0.0,3
0.0,0.0,0.0,0.0,0.0,0.0,0.0,0.0,18.0,3.0,1.0608569471550215,0.0,0.0,100.0,0.0,0.0,0.0,0.0,0.0,0.0,0.0,3,0,0.5684121621621622,297.84112095769,358.0,0.0,0.0,0.0,0.0,3
0.0,0.0,0.0,0.0,0.0,0.0,0.0,0.0,14.0,3.0,0.9556998911095343,0.0,0.0,100.0,0.0,0.0,0.0,0.0,0.0,0.0,0.0,3,0,0.5684121621621622,338.4257673404908,251.0,0.0,0.0,0.0,0.0,3
0.0,0.0,0.0,0.0,0.0,0.0,0.0,0.0,14.0,3.0,0.9556998911095343,0.0,0.0,100.0,0.0,0.0,0.0,0.0,0.0,0.0,0.0,4,0,0.5684121621621622,144.0,72.0,0.0,0.0,0.0,0.0,3
0.0,0.0,0.0,0.0,0.0,0.0,0.0,0.0,16.0,3.0,1.039720770836918,0.0,0.0,100.0,0.0,0.0,0.0,0.0,0.0,0.0,0.0,4,0,0.5684121621621622,0.0,0.0,0.0,0.0,0.0,0.0,3
0.0,0.0,0.0,0.0,0.0,0.0,0.0,0.0,16.0,3.0,1.039720770836918,0.0,0.0,100.0,0.0,0.0,0.0,0.0,0.0,0.0,0.0,5,0,0.5684121621621622,0.0,0.0,0.0,0.0,0.0,0.0,3
0.0,0.0,0.0,0.0,0.0,0.0,0.0,0.0,16.0,3.0,1.039720770836918,0.0,0.0,100.0,0.0,0.0,0.0,0.0,0.0,0.0,0.0,5,0,0.5684121621621622,0.0,0.0,0.0,0.0,0.0,0.0,3
0.0,0.0,0.0,0.0,0.0,0.0,0.0,0.0,16.0,3.0,1.039720770836918,0.0,0.0,100.0,0.0,0.0,0.0,0.0,0.0,0.0,0.0,6,0,0.5684121621621622,0.0,0.0,0.0,0.0,0.0,0.0,3
0.0,0.0,0.0,0.0,0.0,0.0,0.0,0.0,12.0,2.0,0.6365141682928128,0.0,0.0,100.0,0.0,0.0,0.0,0.0,0.0,0.0,0.0,6,0,0.5684121621621622,0.0,0.0,0.0,0.0,0.0,0.0,3
0.0,0.0,0.0,0.0,0.0,0.0,0.0,0.0,16.0,3.0,1.039720770836918,0.0,0.0,100.0,0.0,0.0,0.0,0.0,0.0,0.0,0.0,7,0,0.5684121621621622,0.0,0.0,0.0,0.0,0.0,0.0,3
0.0,0.0,0.0,0.0,0.0,0.0,0.0,0.0,22.0,5.0,1.5157079520807129,0.0,0.0,100.0,0.0,0.0,0.0,0.0,0.0,0.0,0.0,7,0,0.5684121621621622,0.0,0.0,0.0,0.0,0.0,0.0,3
0.0,0.0,0.0,0.0,0.0,0.0,0.0,0.0,22.0,5.0,1.5157079520807129,0.0,0.0,100.0,0.0,0.0,0.0,0.0,0.0,0.0,0.0,8,1,0.5684121621621622,0.0,0.0,0.0,0.0,0.0,0.0,3
0.0,0.0,0.0,0.0,0.0,0.0,0.0,0.0,20.0,4.0,1.3321790402061222,0.0,0.0,100.0,0.0,0.0,0.0,0.0,0.0,0.0,0.0,8,1,0.5684121621621622,0.0,0.0,0.0,0.0,0.0,0.0,3
0.0,0.0,0.0,0.0,0.0,0.0,0.0,0.0,20.0,5.0,1.4708084763171112,0.0,0.0,100.0,0.0,0.0,0.0,0.0,0.0,0.0,0.0,9,1,0.5684121621621622,0.0,0.0,0.0,0.0,0.0,0.0,3
0.0,0.0,0.0,0.0,0.0,0.0,0.0,0.0,26.0,8.0,1.9251211907828183,0.0,0.0,100.0,0.0,0.0,0.0,0.0,50.0,0.0,0.0,9,1,0.5684121621621622,0.0,0.0,0.0,0.0,0.0,0.0,3
704.0,6.0,1.302268230500608,0.0,0.0,0.0,0.0,0.0,158.0,17.0,1.859566821533924,0.0,0.0,98.0,0.0,0.0,0.0,14.0,246.0,5860.0,42.0,10,1,0.5684121621621622,352.0,176.0,0.0,0.0,0.0,0.0,3
714.0,7.0,0.8637287446886854,0.0,8.0,0.0,0.0,0.0,174.0,9.0,1.4539717331997002,0.0,0.0,91.3,0.0,0.0,0.0,0.0,150.0,14638.0,12.0,10,1,0.5684121621621622,409.36169825717695,354.5,3.999999999998787,2.0,0.0,0.0,3
716.0,12.0,1.5043535871990013,0.0,342.0,0.0,0.0,0.0,372.0,9.0,1.6157531188018046,0.0,0.0,84.8,0.0,20.0,16.0,30.0,498.0,5678.0,118.0,11,1,0.5684121621621622,355.7054024517105,533.5,169.70857373745142,87.5,0.0,0.0,3
706.0,6.0,0.6233385793998769,0.0,314.0,0.0,0.0,0.0,160.0,6.0,1.1356277188443478,0.0,0.0,80.6896551724138,0.0,224.0,194.0,420.0,938.0,1178.0,128.0,11,1,0.5684121621621622,5.887840577549156,710.0,187.438878926794,166.0,0.0,0.0,3
692.0,5.0,0.6638622079199669,0.0,0.0,0.0,0.0,0.0,88.0,7.0,1.44790929618848,0.0,0.0,76.76666666666667,0.0,0.0,0.0,0.0,100.0,2224.0,28.0,12,1,0.5684121621621622,10.89342309224398,707.0,187.438878926794,166.0,0.0,0.0,3
648.0,6.0,0.540070698755602,0.0,0.0,0.0,0.0,0.0,142.0,6.0,1.418662234618077,0.0,0.0,73.83333333333333,0.0,0.0,0.0,0.0,548.0,1116.0,116.0,12,1,0.5684121621621622,29.994443929945323,690.5,189.7155765876909,164.0,0.0,0.0,3
664.0,5.0,1.1059007639490923,0.0,0.0,0.0,0.0,0.0,318.0,6.0,0.6729851592268613,0.0,0.0,70.7,0.0,0.0,0.0,0.0,450.0,1814.0,100.0,13,1,0.5684121621621622,26.299556396765208,677.5,156.99999999999994,78.5,0.0,0.0,3
658.0,4.0,0.9445858697675742,0.0,0.0,0.0,0.0,0.0,352.0,7.0,0.6715183505793925,0.0,0.0,68.43333333333334,0.0,0.0,0.0,0.0,400.0,1698.0,88.0,13,1,0.5684121621621622,18.85912687975331,665.5,0.0,0.0,0.0,0.0,3
644.0,3.0,0.9218846849153842,0.0,0.0,0.0,0.0,0.0,36.0,3.0,1.060856947155021,0.0,0.0,66.3,0.0,0.0,0.0,0.0,198.0,1000.0,58.0,14,1,0.5684121621621622,9.146948489339673,653.5,0.0,0.0,0.0,0.0,3
682.0,4.0,0.9598773233234724,0.0,0.0,0.0,0.0,0.0,314.0,9.0,1.3508795083822331,0.0,0.0,63.66666666666666,0.0,0.0,0.0,0.0,300.0,7976.0,56.0,14,1,0.5684121621621622,15.748015748022553,662.0,0.0,0.0,0.0,0.0,3
656.0,4.0,0.8390319609592669,0.0,0.0,0.0,0.0,0.0,160.0,7.0,1.2337925389621698,0.0,0.0,61.13333333333333,0.0,0.0,0.0,0.0,300.0,7040.0,50.0,15,1,0.5684121621621622,15.916448515083374,660.0,0.0,0.0,0.0,0.0,3
694.0,6.0,1.140188134935917,0.0,0.0,0.0,0.0,0.0,238.0,7.0,1.21787392138012,0.0,0.0,58.13793103448276,0.0,0.0,12.0,0.0,598.0,3930.0,136.0,15,1,0.5684121621621622,23.00724523564914,669.0,0.0,0.0,0.0,0.0,3
642.0,4.0,0.7066982925995255,0.0,0.0,0.0,0.0,0.0,38.0,5.0,1.457642380942369,0.0,0.0,55.53333333333333,0.0,0.0,0.0,0.0,200.0,2182.0,52.0,16,1,0.5684121621621622,23.74166520416446,668.5,0.0,0.0,0.0,0.0,3
640.0,3.0,0.6993031164390566,0.0,0.0,0.0,0.0,0.0,26.0,3.0,0.9251290835690824,0.0,0.0,54.0,0.0,0.0,0.0,0.0,350.0,490.0,40.0,16,1,0.5684121621621622,25.033311140690785,658.0,0.0,0.0,0.0,0.0,3
642.0,3.0,0.5676640974021734,0.0,0.0,0.0,0.0,0.0,156.0,5.0,0.7098708747972111,0.0,0.0,52.36666666666667,0.0,0.0,0.0,0.0,250.0,2228.0,74.0,17,1,0.5684121621621622,26.35020556529493,654.5,0.0,0.0,0.0,0.0,3
658.0,5.0,1.271962054236759,0.0,0.0,0.0,0.0,0.0,274.0,5.0,0.7669018242760035,0.0,0.0,50.63333333333333,0.0,0.0,0.0,0.0,348.0,5434.0,62.0,17,1,0.5684121621621622,8.38649708360412,645.5,0.0,0.0,0.0,0.0,3
642.0,5.0,0.8368920654727579,0.0,0.0,0.0,0.0,0.0,48.0,8.0,1.9214422523796624,0.0,0.0,48.0,0.0,0.0,0.0,0.0,150.0,1174.0,36.0,18,1,0.5684121621621622,8.38649708360412,645.5,0.0,0.0,0.0,0.0,3
686.0,7.0,1.3573253371468443,0.0,402.0,0.0,0.0,0.0,198.0,10.0,1.6030063825495555,0.0,0.0,45.6551724137931,0.0,16.0,18.0,40.0,1050.0,2366.0,108.0,18,1,0.5684121621621622,20.752509888363704,657.0,201.0,100.5,0.0,0.0,3
646.0,2.0,0.0798828827058988,0.0,100.0,0.0,0.0,0.0,66.0,7.0,1.4578430276882757,0.0,0.0,42.36666666666667,0.0,46.0,14.0,74.0,250.0,130.0,22.0,19,1,0.5684121621621622,19.86621923433428,658.0,190.2656038279121,125.5,0.0,0.0,3
652.0,4.0,0.8910165197502347,0.0,0.0,0.0,0.0,0.0,24.0,5.0,1.4451858789430825,0.0,0.0,41.2,0.0,472.0,396.0,746.0,200.0,296.0,18.0,19,1,0.5684121621621622,20.091457554558684,656.5,190.2656038279121,125.5,0.0,0.0,3
638.0,6.0,0.943949781618129,0.0,0.0,0.0,0.0,0.0,40.0,5.0,1.5260394155754642,0.0,0.0,39.36666666666667,0.0,0.0,0.0,0.0,200.0,812.0,46.0,20,1,0.5684121621621622,21.126602503320303,655.5,190.2656038279121,125.5,0.0,0.0,3
640.0,5.0,0.8148005560132068,0.0,0.0,0.0,0.0,0.0,28.0,4.0,1.351783994285646,0.0,0.0,37.73333333333333,0.0,0.0,0.0,0.0,150.0,816.0,14.0,20,1,0.5684121621621622,6.324555320334152,644.0,49.999999999999865,25.0,0.0,0.0,3
656.0,5.0,0.810752942907728,0.0,0.0,0.0,0.0,0.0,156.0,4.0,0.6920978701684689,0.0,0.0,35.86206896551724,0.0,0.0,0.0,0.0,250.0,1614.0,60.0,21,0,0.5684121621621622,8.850612031565968,646.5,0.0,0.0,0.0,0.0,3
648.0,5.0,0.7762140687771473,0.0,0.0,0.0,0.0,0.0,382.0,5.0,0.4493356577477545,0.0,0.0,33.9,0.0,0.0,0.0,0.0,300.0,1602.0,84.0,21,0,0.5684121621621622,8.225975119500031,645.5,0.0,0.0,0.0,0.0,3
634.0,4.0,0.1698335545801589,0.0,0.0,0.0,0.0,0.0,24.0,3.0,1.0114042647043515,0.0,0.0,32.13333333333333,0.0,0.0,0.0,0.0,148.0,780.0,46.0,22,0,0.5684121621621622,9.574271077561653,644.5,0.0,0.0,0.0,0.0,3
636.0,4.0,0.7306635288472323,0.0,0.0,0.0,0.0,0.0,38.0,3.0,1.0198652142749298,0.0,0.0,30.6,0.0,0.0,0.0,0.0,350.0,780.0,38.0,22,0,0.5684121621621622,10.376254944180658,643.5,0.0,0.0,0.0,0.0,3
698.0,6.0,0.8353264334405464,0.0,0.0,0.0,0.0,0.0,56.0,3.0,0.7330621707909263,0.0,0.0,27.666666666666668,0.0,0.0,0.0,0.0,100.0,2440.0,22.0,23,0,0.5684121621621622,29.977769541222266,654.0,0.0,0.0,0.0,0.0,3
714.0,6.0,0.6510399030525322,0.0,0.0,0.0,0.0,0.0,552.0,4.0,0.1235925092854661,0.0,52.0,22.0,0.0,0.0,0.0,0.0,108.0,3378.0,0.0,23,0,0.5684121621621622,41.51706476458365,670.5,0.0,0.0,0.0,0.0,3
716.0,2.0,0.0345507670008156,0.0,0.0,0.0,0.0,0.0,374.0,6.0,0.9441440819042364,0.0,0.0,29.75862068965517,0.0,0.0,16.0,0.0,108.0,96.0,14.0,0,0,0.5684121621621622,37.54108860080246,691.0,0.0,0.0,0.0,0.0,3
716.0,3.0,0.5282986402557892,0.0,0.0,0.0,0.0,0.0,254.0,5.0,0.4260777730341716,0.0,0.0,49.9,0.0,0.0,0.0,0.0,216.0,2810.0,50.0,0,0,0.5684121621621622,8.717797887079428,711.0,0.0,0.0,0.0,0.0,3
716.0,4.0,0.4476260684967924,0.0,0.0,0.0,0.0,0.0,16.0,3.0,1.039720770836918,0.0,0.0,69.9,0.0,0.0,0.0,0.0,54.0,1384.0,12.0,1,0,0.5684121621621622,0.9999999999831838,715.5,0.0,0.0,0.0,0.0,3
716.0,1.0,-1.000088900581841e-12,0.0,0.0,0.0,0.0,0.0,18.0,4.0,1.2730283365856256,0.0,0.0,88.1,0.0,0.0,0.0,0.0,0.0,0.0,0.0,1,0,0.5684121621621622,0.0,716.0,0.0,0.0,0.0,0.0,3
444.0,1.0,-1.000088900581841e-12,0.0,0.0,0.0,0.0,0.0,20.0,3.0,1.054920167983144,0.0,0.0,98.33333333333331,0.0,0.0,0.0,0.0,0.0,0.0,0.0,2,0,0.5684121621621622,135.9999999999999,648.0,0.0,0.0,0.0,0.0,3
696.0,1.0,-1.000088900581841e-12,0.0,0.0,0.0,0.0,0.0,114.0,4.0,0.551525640214058,0.0,0.0,100.0,0.0,0.0,0.0,0.0,0.0,0.0,0.0,2,0,0.5684121621621622,133.00125312692848,643.0,0.0,0.0,0.0,0.0,3
716.0,1.0,-1.000088900581841e-12,0.0,0.0,0.0,0.0,0.0,14.0,2.0,0.6829081046984717,0.0,0.0,100.0,0.0,0.0,0.0,0.0,0.0,0.0,0.0,3,0,0.5684121621621622,133.00125312692848,643.0,0.0,0.0,0.0,0.0,3
20.0,1.0,-1.000088900581841e-12,0.0,0.0,0.0,0.0,0.0,6.0,1.0,-1.000088900581841e-12,0.0,0.0,100.0,0.0,0.0,0.0,0.0,0.0,0.0,0.0,3,0,0.5684121621621622,323.9156268742422,469.0,0.0,0.0,0.0,0.0,3
0.0,0.0,0.0,0.0,0.0,0.0,0.0,0.0,8.0,2.0,0.6931471805579453,0.0,0.0,100.0,0.0,0.0,0.0,0.0,0.0,0.0,0.0,4,0,0.5684121621621622,402.001658371372,358.0,0.0,0.0,0.0,0.0,3
0.0,0.0,0.0,0.0,0.0,0.0,0.0,0.0,14.0,3.0,0.9556998911095343,0.0,0.0,100.0,0.0,0.0,0.0,0.0,0.0,0.0,0.0,4,0,0.5684121621621622,354.7919578194146,184.0,0.0,0.0,0.0,0.0,3
0.0,0.0,0.0,0.0,0.0,0.0,0.0,0.0,12.0,2.0,0.6365141682928128,0.0,0.0,100.0,0.0,0.0,0.0,0.0,0.0,0.0,0.0,5,0,0.5684121621621622,9.999999999996442,5.0,0.0,0.0,0.0,0.0,3
0.0,0.0,0.0,0.0,0.0,0.0,0.0,0.0,12.0,2.0,0.6365141682928128,0.0,0.0,100.0,0.0,0.0,0.0,0.0,0.0,0.0,0.0,5,0,0.5684121621621622,0.0,0.0,0.0,0.0,0.0,0.0,3
0.0,0.0,0.0,0.0,0.0,0.0,0.0,0.0,28.0,5.0,1.5498260458732018,0.0,0.0,100.0,0.0,0.0,0.0,0.0,0.0,0.0,0.0,6,0,0.5684121621621622,0.0,0.0,0.0,0.0,0.0,0.0,3
0.0,0.0,0.0,0.0,0.0,0.0,0.0,0.0,8.0,1.0,-1.000088900581841e-12,0.0,0.0,100.0,0.0,0.0,0.0,0.0,0.0,0.0,0.0,6,0,0.5684121621621622,0.0,0.0,0.0,0.0,0.0,0.0,3
0.0,0.0,0.0,0.0,0.0,0.0,0.0,0.0,18.0,4.0,1.273028336585626,0.0,0.0,100.0,0.0,0.0,0.0,0.0,0.0,0.0,0.0,7,0,0.5684121621621622,0.0,0.0,0.0,0.0,0.0,0.0,3
394.0,6.0,1.1461407021920555,0.0,0.0,0.0,0.0,0.0,106.0,11.0,1.942657639339724,0.0,0.0,100.0,0.0,0.0,0.0,0.0,162.0,3294.0,36.0,7,0,0.5684121621621622,196.99999999999983,98.5,0.0,0.0,0.0,0.0,3
642.0,6.0,0.2629176851145425,0.0,0.0,0.0,0.0,0.0,62.0,8.0,1.878575601086516,0.0,0.0,99.86206896551724,0.0,0.0,0.0,12.0,464.0,1274.0,96.0,8,1,0.5684121621621622,315.74039969569924,259.0,0.0,0.0,0.0,0.0,3
678.0,7.0,1.3340057546908142,0.0,0.0,0.0,0.0,0.0,60.0,5.0,1.2699602828225216,0.0,0.0,97.53333333333332,0.0,0.0,12.0,0.0,638.0,5222.0,120.0,8,1,0.5684121621621622,312.3219492767038,428.5,0.0,0.0,0.0,0.0,3
682.0,5.0,1.1571446010491988,0.0,0.0,0.0,0.0,0.0,136.0,8.0,1.5069783675190414,0.0,0.0,92.93333333333334,0.0,78.0,66.0,166.0,804.0,6532.0,56.0,9,1,0.5684121621621622,137.84532394438796,599.0,0.0,0.0,0.0,0.0,3
628.0,1.0,-1.000088900581841e-12,0.0,0.0,0.0,0.0,0.0,50.0,8.0,1.9152170840723688,0.0,0.0,90.6,0.0,0.0,0.0,0.0,58.0,88.0,10.0,9,1,0.5684121621621622,26.652079343519297,657.5,0.0,0.0,0.0,0.0,3
632.0,4.0,0.1748754655641882,0.0,0.0,0.0,0.0,0.0,46.0,11.0,2.231389197796481,0.0,0.0,89.37931034482759,0.0,0.0,0.0,0.0,116.0,932.0,26.0,10,1,0.5684121621621622,28.95974217196316,655.0,0.0,0.0,0.0,0.0,3
628.0,4.0,0.0968506565176047,0.0,0.0,0.0,0.0,0.0,82.0,10.0,1.853247873319901,0.0,0.0,88.2,0.0,0.0,0.0,0.0,344.0,1000.0,70.0,10,1,0.5684121621621622,26.40075756488656,642.5,0.0,0.0,0.0,0.0,3
656.0,3.0,0.1119673969783894,0.0,0.0,0.0,0.0,0.0,32.0,3.0,1.039720770836918,0.0,0.0,86.8,0.0,0.0,0.0,0.0,116.0,606.0,28.0,11,1,0.5684121621621622,13.466006584479624,636.0,0.0,0.0,0.0,0.0,3
632.0,2.0,0.1180641582390272,0.0,0.0,0.0,0.0,0.0,104.0,6.0,0.8366184250616611,0.0,0.0,85.33333333333333,0.0,0.0,0.0,0.0,58.0,1444.0,10.0,11,1,0.5684121621621622,12.806248474862391,637.0,0.0,0.0,0.0,0.0,3
636.0,4.0,0.7423834993868417,0.0,0.0,0.0,0.0,0.0,120.0,7.0,1.1675309679345025,0.0,0.0,84.1,0.0,0.0,0.0,0.0,288.0,980.0,72.0,12,1,0.5684121621621622,12.436505404115016,638.0,0.0,0.0,0.0,0.0,3
630.0,3.0,0.0894533065590488,0.0,0.0,0.0,0.0,0.0,40.0,4.0,1.2798542258296677,0.0,0.0,82.53333333333333,0.0,0.0,0.0,0.0,174.0,428.0,30.0,12,1,0.5684121621621622,11.930353445445304,638.5,0.0,0.0,0.0,0.0,3
642.0,3.0,0.4130312799686408,0.0,0.0,0.0,0.0,0.0,56.0,5.0,1.4701319204038412,0.0,0.0,80.79310344827586,0.0,0.0,22.0,0.0,174.0,2622.0,46.0,13,1,0.5684121621621622,5.291502622121167,635.0,0.0,0.0,0.0,0.0,3
622.0,1.0,-1.000088900581841e-12,0.0,0.0,0.0,0.0,0.0,22.0,5.0,1.5157079520807129,0.0,0.0,79.53333333333333,0.0,0.0,0.0,0.0,0.0,0.0,0.0,13,1,0.5684121621621622,8.544003745312567,632.5,0.0,0.0,0.0,0.0,3
596.0,4.0,0.1477681456032799,0.0,0.0,0.0,0.0,0.0,42.0,7.0,1.822617832283264,0.0,0.0,78.46666666666667,0.0,0.0,0.0,0.0,116.0,516.0,26.0,14,1,0.5684121621621622,19.48503699423181,622.5,0.0,0.0,0.0,0.0,3
638.0,3.0,0.1337847638604758,0.0,0.0,0.0,0.0,0.0,60.0,4.0,1.2700278611129692,0.0,0.0,77.06666666666666,0.0,0.0,0.0,0.0,348.0,1700.0,76.0,14,1,0.5684121621621622,20.872629605935668,624.5,0.0,0.0,0.0,0.0,3
650.0,5.0,0.3813806972298837,0.0,0.0,0.0,0.0,0.0,706.0,5.0,0.1906001683945653,0.0,0.0,75.6,0.0,0.0,0.0,18.0,232.0,1174.0,28.0,15,1,0.5684121621621622,23.345235059855696,626.5,0.0,0.0,0.0,0.0,3
678.0,8.0,1.1622248516717597,0.0,384.0,0.0,0.0,0.0,200.0,8.0,1.626723427225073,0.0,0.0,73.06666666666666,0.0,268.0,214.0,458.0,638.0,3126.0,124.0,15,1,0.5684121621621622,34.073450074800405,640.5,192.0,96.0,0.0,0.0,3
696.0,3.0,0.1290715351294878,0.0,382.0,0.0,0.0,0.0,170.0,4.0,1.0115579988557717,0.0,0.0,69.76666666666667,0.0,0.0,0.0,0.0,638.0,344.0,74.0,16,1,0.5684121621621622,26.350205565293948,665.5,221.1266605364445,191.5,0.0,0.0,3
624.0,1.0,-1.000088900581841e-12,0.0,0.0,0.0,0.0,0.0,10.0,2.0,0.5004024235361879,0.0,0.0,68.37931034482759,0.0,0.0,0.0,0.0,0.0,0.0,0.0,16,1,0.5684121621621622,31.622776601682443,662.0,221.1266605364445,191.5,0.0,0.0,3
638.0,5.0,0.6881272877496121,0.0,0.0,0.0,0.0,0.0,36.0,6.0,1.5418327382803625,0.0,0.0,67.2,0.0,0.0,0.0,0.0,174.0,678.0,34.0,17,1,0.5684121621621622,33.64520768252018,659.0,221.1266605364445,191.5,0.0,0.0,3
644.0,5.0,0.6643908382050298,0.0,0.0,0.0,0.0,0.0,42.0,3.0,0.7091152575794364,0.0,0.0,65.6,0.0,0.0,8.0,0.0,348.0,2650.0,72.0,17,1,0.5684121621621622,31.4695620136863,650.5,191.0,95.5,0.0,0.0,3
670.0,2.0,0.6915379411250709,0.0,0.0,0.0,0.0,0.0,14.0,4.0,1.1537419426970903,0.0,0.0,62.8,0.0,0.0,0.0,22.0,58.0,858.0,10.0,18,1,0.5684121621621622,19.25270543758932,644.0,0.0,0.0,0.0,0.0,3
668.0,6.0,0.823902939117743,0.0,0.0,0.0,0.0,0.0,22.0,5.0,1.4142790651197086,0.0,0.0,58.6,0.0,0.0,0.0,0.0,114.0,1254.0,18.0,18,1,0.5684121621621622,16.370705543742304,655.0,0.0,0.0,0.0,0.0,3
680.0,3.0,0.9163258537812636,0.0,0.0,0.0,0.0,0.0,20.0,5.0,1.3592367006600063,0.0,0.0,55.766666666666666,0.0,0.0,0.0,0.0,174.0,4672.0,40.0,19,1,0.5684121621621622,15.264337522470978,665.5,0.0,0.0,0.0,0.0,3
642.0,4.0,0.6145333662517599,0.0,0.0,0.0,0.0,0.0,140.0,6.0,1.0389074452656468,0.0,0.0,52.43333333333333,0.0,0.0,0.0,0.0,290.0,1022.0,60.0,19,1,0.5684121621621622,16.206994374855014,665.0,0.0,0.0,0.0,0.0,3
640.0,4.0,0.6263827668406768,0.0,0.0,0.0,0.0,0.0,140.0,3.0,0.3660946052172891,0.0,0.0,50.51724137931034,0.0,0.0,0.0,0.0,174.0,3092.0,48.0,20,1,0.5684121621621622,19.689252567494336,657.5,0.0,0.0,0.0,0.0,3
626.0,7.0,0.758302251069559,0.0,0.0,0.0,0.0,0.0,240.0,6.0,0.8923495711007536,0.0,0.0,48.96551724137931,0.0,0.0,0.0,0.0,290.0,970.0,46.0,20,1,0.5684121621621622,23.12286026136434,647.0,0.0,0.0,0.0,0.0,3
0.0,0.0,0.0,0.0,0.0,0.0,0.0,0.0,0.0,0.0,0.0,0.0,0.0,48.0,0.0,0.0,0.0,0.0,0.0,0.0,0.0,21,0,0.5684121621621622,318.0796545940444,477.0,0.0,0.0,0.0,0.0,3
692.0,8.0,1.0804115895391937,0.0,0.0,0.0,0.0,0.0,36.0,7.0,1.812142810351472,0.0,0.0,99.03333333333332,0.0,0.0,0.0,0.0,24.0,712.0,8.0,8,1,0.5684121621621622,316.0189867713646,465.0,0.0,0.0,0.0,0.0,3
718.0,3.0,0.0536242421219286,0.0,0.0,0.0,0.0,0.0,418.0,6.0,0.2859661533685852,0.0,0.0,92.86666666666666,0.0,0.0,0.0,0.0,0.0,3286.0,0.0,9,1,0.5684121621621622,334.4527869022272,488.0,0.0,0.0,0.0,0.0,3
704.0,7.0,1.116708652972719,0.0,78.0,0.0,0.0,0.0,196.0,11.0,1.460410657438174,0.0,0.0,86.46666666666667,0.0,20.0,14.0,40.0,96.0,1864.0,48.0,9,1,0.5684121621621622,82.02438661763908,664.0,38.99999999999969,19.5,0.0,0.0,3
696.0,8.0,1.6866547758009665,0.0,10.0,0.0,0.0,0.0,310.0,10.0,1.6527007091419472,0.0,0.0,82.53333333333333,0.0,40.0,26.0,52.0,164.0,1998.0,72.0,10,1,0.5684121621621622,11.474609652036008,702.5,37.62977544445324,22.0,0.0,0.0,3
706.0,7.0,1.5011414212420735,0.0,0.0,0.0,0.0,0.0,68.0,7.0,1.748335924980431,0.0,0.0,76.66666666666667,0.0,0.0,0.0,0.0,24.0,5368.0,10.0,10,1,0.5684121621621622,9.09212113132012,706.0,37.62977544445324,22.0,0.0,0.0,3
670.0,7.0,1.4702104086393837,0.0,0.0,0.0,0.0,0.0,36.0,5.0,1.1169258998210738,0.0,0.0,70.4,0.0,8.0,8.0,14.0,28.0,2164.0,16.0,11,1,0.5684121621621622,16.573070526205996,694.0,37.62977544445324,22.0,0.0,0.0,3
646.0,5.0,0.8894508546585799,0.0,0.0,0.0,0.0,0.0,62.0,5.0,1.2865926431733248,0.0,0.0,68.26666666666667,0.0,0.0,0.0,0.0,32.0,412.0,12.0,11,1,0.5684121621621622,26.99999999999872,679.5,4.999999999997554,2.5,0.0,0.0,3
680.0,6.0,1.1865711954580724,0.0,0.0,0.0,0.0,0.0,260.0,7.0,1.311356711494556,0.0,0.0,65.66666666666667,0.0,0.0,4.0,0.0,24.0,1194.0,20.0,12,1,0.5684121621621622,24.839484696747043,675.5,0.0,0.0,0.0,0.0,3
644.0,7.0,0.4182053219536306,0.0,0.0,0.0,0.0,0.0,34.0,4.0,1.0710178890204567,0.0,0.0,62.23333333333333,0.0,34.0,32.0,68.0,24.0,480.0,10.0,12,1,0.5684121621621622,17.81385228784792,660.0,0.0,0.0,0.0,0.0,3
642.0,5.0,0.6829707871785446,0.0,0.0,0.0,0.0,0.0,50.0,5.0,1.3188394881262493,0.0,0.0,60.6551724137931,0.0,0.0,0.0,0.0,24.0,632.0,16.0,13,1,0.5684121621621622,18.073922282299367,653.0,0.0,0.0,0.0,0.0,3
668.0,9.0,1.6589532003579446,0.0,0.0,0.0,0.0,0.0,278.0,7.0,1.1796912131787054,0.0,0.0,58.63333333333333,0.0,0.0,6.0,4.0,60.0,1796.0,36.0,13,1,0.5684121621621622,18.574175621004844,658.5,0.0,0.0,0.0,0.0,3
688.0,10.0,1.5140911394139365,0.0,0.0,0.0,0.0,0.0,598.0,10.0,1.482173679030906,0.0,0.0,54.5,0.0,0.0,4.0,4.0,72.0,2800.0,40.0,14,1,0.5684121621621622,21.80978373727253,660.5,0.0,0.0,0.0,0.0,1
682.0,4.0,0.5528130528629313,0.0,0.0,0.0,0.0,0.0,154.0,6.0,1.4917317501919456,0.0,0.0,50.96666666666667,0.0,0.0,0.0,0.0,36.0,2540.0,18.0,14,1,0.5684121621621622,20.461345670962046,670.0,0.0,0.0,0.0,0.0,1
640.0,2.0,0.6853142072744584,0.0,0.0,0.0,0.0,0.0,52.0,7.0,1.5780264069123704,0.0,0.0,48.7,0.0,0.0,0.0,0.0,24.0,418.0,16.0,15,1,0.5684121621621622,21.37755832643033,669.5,0.0,0.0,0.0,0.0,1
648.0,1.0,-1.000088900581841e-12,0.0,0.0,0.0,0.0,0.0,80.0,2.0,0.3250829733894482,0.0,0.0,47.03333333333333,0.0,0.0,0.0,0.0,72.0,460.0,52.0,15,1,0.5684121621621622,24.020824298927185,664.5,0.0,0.0,0.0,0.0,1
664.0,7.0,1.0267426157864,0.0,0.0,0.0,0.0,0.0,180.0,10.0,1.6695354845540558,0.0,0.0,44.53333333333333,0.0,0.0,0.0,0.0,68.0,998.0,38.0,16,1,0.5684121621621622,18.57417562100484,658.5,0.0,0.0,0.0,0.0,2
652.0,4.0,0.5244880018310673,0.0,0.0,0.0,0.0,0.0,142.0,5.0,1.1152204164329769,0.0,0.0,41.3448275862069,0.0,0.0,0.0,0.0,72.0,1356.0,46.0,16,1,0.5684121621621622,9.999999999996508,651.0,0.0,0.0,0.0,0.0,2
650.0,5.0,0.4437088578920018,0.0,0.0,0.0,0.0,0.0,110.0,6.0,0.9010592292428276,0.0,0.0,39.93333333333333,0.0,0.0,0.0,0.0,88.0,438.0,50.0,17,1,0.5684121621621622,7.187952884277756,653.5,0.0,0.0,0.0,0.0,2
636.0,1.0,-1.000088900581841e-12,0.0,0.0,0.0,0.0,0.0,38.0,5.0,1.410792471252261,0.0,0.0,37.03333333333333,0.0,0.0,0.0,0.0,20.0,372.0,12.0,17,1,0.5684121621621622,11.47460965203597,650.5,0.0,0.0,0.0,0.0,2
658.0,5.0,0.3295228105038751,0.0,0.0,0.0,0.0,0.0,178.0,9.0,1.0885288621856763,0.0,0.0,35.266666666666666,0.0,0.0,0.0,0.0,128.0,506.0,76.0,18,1,0.5684121621621622,9.309493362508888,649.0,0.0,0.0,0.0,0.0,1
690.0,4.0,0.8034674275839311,0.0,0.0,0.0,0.0,0.0,48.0,5.0,1.402327911351584,0.0,0.0,31.79310344827586,0.0,0.0,0.0,0.0,4.0,572.0,2.0,18,1,0.5684121621621622,22.88376425911168,658.5,0.0,0.0,0.0,0.0,3
668.0,9.0,1.0663590378016896,0.0,66.0,0.0,0.0,0.0,172.0,11.0,1.7258121353480005,0.0,0.0,27.766666666666666,0.0,38.0,36.0,88.0,84.0,586.0,42.0,19,1,0.5684121621621622,22.420228961065423,663.0,32.99999999999963,16.5,0.0,0.0,3
640.0,1.0,-1.000088900581841e-12,0.0,0.0,0.0,0.0,0.0,26.0,6.0,1.5857708352020965,0.0,0.0,25.33333333333333,0.0,0.0,0.0,0.0,0.0,310.0,0.0,19,1,0.5684121621621622,20.84866102814751,664.0,32.99999999999963,16.5,0.0,0.0,3
640.0,3.0,1.0191292441284938,0.0,0.0,0.0,0.0,0.0,44.0,7.0,1.5795351987356687,0.0,0.0,24.0,0.0,0.0,0.0,0.0,40.0,528.0,24.0,20,1,0.5684121621621622,24.24183711410084,659.5,32.99999999999963,16.5,0.0,0.0,3
632.0,4.0,0.7892153933414958,0.0,0.0,0.0,0.0,0.0,20.0,2.0,0.6730116670072565,0.0,0.0,21.7,0.0,0.0,0.0,0.0,24.0,500.0,12.0,20,1,0.5684121621621622,15.79029237643382,645.0,32.99999999999963,16.5,0.0,0.0,3
634.0,3.0,0.6048165919750017,0.0,0.0,0.0,0.0,0.0,40.0,4.0,1.0888999753412236,0.0,0.0,20.448275862068964,0.0,0.0,0.0,0.0,56.0,228.0,24.0,21,0,0.5684121621621622,4.123105625609294,636.5,0.0,0.0,0.0,0.0,3
638.0,4.0,0.949269080881205,0.0,0.0,0.0,0.0,0.0,34.0,3.0,0.7529746827628886,0.0,0.0,18.933333333333334,0.0,0.0,0.0,0.0,32.0,430.0,18.0,21,0,0.5684121621621622,3.651483716691663,636.0,0.0,0.0,0.0,0.0,3
630.0,2.0,0.0815104109483315,0.0,0.0,0.0,0.0,0.0,16.0,2.0,0.6931471805579453,0.0,0.0,17.066666666666666,0.0,0.0,0.0,0.0,8.0,74.0,4.0,22,0,0.5684121621621622,3.415650255309756,633.5,0.0,0.0,0.0,0.0,3
584.0,1.0,-1.000088900581841e-12,0.0,0.0,0.0,0.0,0.0,8.0,1.0,-1.000088900581841e-12,0.0,0.0,16.0,0.0,0.0,0.0,0.0,0.0,0.0,0.0,22,0,0.5684121621621622,25.212430796466208,621.5,0.0,0.0,0.0,0.0,3
164.0,1.0,-1.000088900581841e-12,0.0,0.0,0.0,0.0,0.0,6.0,1.0,-1.000088900581841e-12,0.0,6.0,21.0,0.0,0.0,0.0,0.0,42.0,712.0,16.0,23,0,0.5684121621621622,227.9122638209711,504.0,0.0,0.0,0.0,0.0,3
718.0,5.0,1.1320222706413845,0.0,0.0,0.0,0.0,0.0,46.0,7.0,1.8815113907495904,0.0,0.0,30.433333333333334,0.0,0.0,0.0,0.0,8.0,1328.0,4.0,23,0,0.5684121621621622,246.3547577512288,524.0,0.0,0.0,0.0,0.0,3
716.0,4.0,1.020730578488861,0.0,0.0,0.0,0.0,0.0,16.0,3.0,1.039720770836918,0.0,0.0,48.2,0.0,0.0,0.0,0.0,16.0,1520.0,4.0,0,0,0.5684121621621622,261.948468214647,545.5,0.0,0.0,0.0,0.0,4
716.0,2.0,0.0484166396674798,0.0,0.0,0.0,0.0,0.0,122.0,4.0,0.5607914337563056,0.0,0.0,67.53333333333333,0.0,0.0,0.0,0.0,0.0,62.0,0.0,0,0,0.5684121621621622,276.3349416921428,578.5,0.0,0.0,0.0,0.0,3
716.0,1.0,-1.000088900581841e-12,0.0,0.0,0.0,0.0,0.0,12.0,2.0,0.6365141682928128,0.0,0.0,85.16666666666667,0.0,0.0,0.0,0.0,0.0,0.0,0.0,1,0,0.5684121621621622,0.9999999999644256,716.5,0.0,0.0,0.0,0.0,3
6.0,1.0,-1.000088900581841e-12,0.0,0.0,0.0,0.0,0.0,16.0,3.0,1.039720770836918,0.0,0.0,95.66666666666669,0.0,0.0,0.0,0.0,0.0,0.0,0.0,1,0,0.5684121621621622,354.9999999999999,538.5,0.0,0.0,0.0,0.0,3
0.0,0.0,0.0,0.0,0.0,0.0,0.0,0.0,22.0,4.0,1.2636544318780962,0.0,0.0,100.0,0.0,0.0,0.0,0.0,0.0,0.0,0.0,2,0,0.5684121621621622,411.6580295990025,359.5,0.0,0.0,0.0,0.0,3
686.0,1.0,-1.000088900581841e-12,0.0,0.0,0.0,0.0,0.0,148.0,5.0,0.576057284241626,0.0,0.0,100.0,0.0,0.0,0.0,0.0,0.0,0.0,0.0,2,0,0.5684121621621622,403.18399439131167,352.0,0.0,0.0,0.0,0.0,3
716.0,1.0,-1.000088900581841e-12,0.0,0.0,0.0,0.0,0.0,12.0,2.0,0.6365141682928128,0.0,0.0,100.0,0.0,0.0,0.0,0.0,0.0,0.0,0.0,3,0,0.5684121621621622,403.18399439131167,352.0,0.0,0.0,0.0,0.0,3
30.0,1.0,-1.000088900581841e-12,0.0,0.0,0.0,0.0,0.0,18.0,4.0,1.2730283365856256,0.0,0.0,100.0,0.0,0.0,0.0,0.0,0.0,0.0,0.0,3,0,0.5684121621621622,396.4408320712352,358.0,0.0,0.0,0.0,0.0,3
0.0,0.0,0.0,0.0,0.0,0.0,0.0,0.0,22.0,3.0,0.9164648855364712,0.0,0.0,100.0,0.0,0.0,0.0,0.0,0.0,0.0,0.0,4,0,0.5684121621621622,396.4408320712352,358.0,0.0,0.0,0.0,0.0,3
0.0,0.0,0.0,0.0,0.0,0.0,0.0,0.0,12.0,2.0,0.6365141682928128,0.0,0.0,100.0,0.0,0.0,0.0,0.0,0.0,0.0,0.0,4,0,0.5684121621621622,353.2831725401026,186.5,0.0,0.0,0.0,0.0,3
0.0,0.0,0.0,0.0,0.0,0.0,0.0,0.0,16.0,3.0,1.039720770836918,0.0,0.0,100.0,0.0,0.0,0.0,0.0,0.0,0.0,0.0,5,0,0.5684121621621622,14.999999999997412,7.5,0.0,0.0,0.0,0.0,3
0.0,0.0,0.0,0.0,0.0,0.0,0.0,0.0,18.0,4.0,1.2730283365856256,0.0,0.0,100.0,0.0,0.0,0.0,0.0,0.0,0.0,0.0,5,0,0.5684121621621622,0.0,0.0,0.0,0.0,0.0,0.0,3
0.0,0.0,0.0,0.0,0.0,0.0,0.0,0.0,10.0,2.0,0.6730116670072565,0.0,0.0,100.0,0.0,0.0,0.0,0.0,0.0,0.0,0.0,6,0,0.5684121621621622,0.0,0.0,0.0,0.0,0.0,0.0,3
0.0,0.0,0.0,0.0,0.0,0.0,0.0,0.0,12.0,2.0,0.6365141682928128,0.0,0.0,100.0,0.0,0.0,0.0,0.0,0.0,0.0,0.0,6,0,0.5684121621621622,0.0,0.0,0.0,0.0,0.0,0.0,3
0.0,0.0,0.0,0.0,0.0,0.0,0.0,0.0,14.0,3.0,0.9556998911095343,0.0,0.0,100.0,0.0,0.0,0.0,0.0,0.0,0.0,0.0,7,0,0.5684121621621622,0.0,0.0,0.0,0.0,0.0,0.0,3
0.0,0.0,0.0,0.0,0.0,0.0,0.0,0.0,20.0,4.0,1.3321790402061222,0.0,0.0,100.0,0.0,0.0,0.0,0.0,0.0,0.0,0.0,7,0,0.5684121621621622,0.0,0.0,0.0,0.0,0.0,0.0,3
0.0,0.0,0.0,0.0,0.0,0.0,0.0,0.0,14.0,3.0,0.9556998911095343,0.0,0.0,100.0,0.0,0.0,0.0,0.0,0.0,0.0,0.0,8,1,0.5684121621621622,0.0,0.0,0.0,0.0,0.0,0.0,3
0.0,0.0,0.0,0.0,0.0,0.0,0.0,0.0,16.0,4.0,1.2130075659759043,0.0,0.0,100.0,0.0,0.0,0.0,0.0,0.0,0.0,0.0,8,1,0.5684121621621622,0.0,0.0,0.0,0.0,0.0,0.0,3
260.0,3.0,0.8595914228619304,0.0,0.0,0.0,0.0,0.0,78.0,9.0,1.823881935745172,0.0,0.0,99.96666666666668,0.0,0.0,0.0,0.0,24.0,982.0,4.0,9,1,0.5684121621621622,129.99999999999972,65.0,0.0,0.0,0.0,0.0,3
688.0,4.0,0.714856908621552,0.0,0.0,0.0,0.0,0.0,20.0,5.0,1.4708084763171112,0.0,0.0,97.33333333333331,0.0,0.0,0.0,0.0,8.0,310.0,4.0,9,1,0.5684121621621622,324.6885687342051,237.0,0.0,0.0,0.0,0.0,3
708.0,5.0,1.052153195348548,0.0,46.0,0.0,0.0,0.0,854.0,7.0,0.4290711106920311,0.0,0.0,93.43333333333334,0.0,0.0,0.0,0.0,64.0,1974.0,24.0,10,1,0.5684121621621622,344.7820567643662,414.0,22.999999999999467,11.5,0.0,0.0,3
690.0,4.0,0.8133259998115855,0.0,54.0,0.0,0.0,0.0,84.0,6.0,1.3438808595969458,0.0,0.0,89.1,0.0,0.0,0.0,0.0,48.0,1012.0,24.0,10,1,0.5684121621621622,217.85239651348024,586.5,29.05167809266748,25.0,0.0,0.0,3
698.0,2.0,0.2031295901318346,0.0,0.0,0.0,0.0,0.0,42.0,3.0,0.7801307795236323,0.0,0.0,85.9,0.0,0.0,0.0,0.0,72.0,1444.0,30.0,11,1,0.5684121621621622,9.092121131320525,696.0,29.05167809266748,25.0,0.0,0.0,3
680.0,2.0,0.0360755969188534,0.0,0.0,0.0,0.0,0.0,60.0,3.0,0.6277052571941505,0.0,0.0,82.56666666666666,0.0,0.0,0.0,0.0,96.0,1152.0,38.0,11,1,0.5684121621621622,11.88836966674875,694.0,29.05167809266748,25.0,0.0,0.0,3
626.0,3.0,0.7034217280618953,0.0,0.0,0.0,0.0,0.0,88.0,5.0,1.1358048077688736,0.0,0.0,80.6,0.0,0.0,0.0,0.0,16.0,72.0,8.0,12,1,0.5684121621621622,32.51153641401678,673.5,26.99999999999955,13.5,0.0,0.0,3
670.0,5.0,1.0811353324654325,0.0,0.0,0.0,0.0,0.0,68.0,6.0,1.687873059229842,0.0,0.0,78.63333333333334,0.0,0.0,0.0,0.0,56.0,720.0,16.0,12,1,0.5684121621621622,30.610455730026946,668.5,0.0,0.0,0.0,0.0,3
688.0,5.0,1.1837913897854442,0.0,0.0,0.0,0.0,0.0,316.0,5.0,0.3664383335005707,0.0,0.0,74.26666666666667,0.0,0.0,0.0,0.0,0.0,2896.0,0.0,13,1,0.5684121621621622,27.664658561660808,666.0,0.0,0.0,0.0,0.0,3
652.0,5.0,0.7318175529358086,0.0,0.0,0.0,0.0,0.0,84.0,6.0,1.3817137186755402,0.0,0.0,72.10344827586206,0.0,0.0,0.0,0.0,72.0,448.0,38.0,13,1,0.5684121621621622,26.457513110644765,659.0,0.0,0.0,0.0,0.0,3
638.0,4.0,0.8432777373025926,0.0,0.0,0.0,0.0,0.0,78.0,5.0,1.2594294360282785,0.0,0.0,69.6,0.0,0.0,0.0,0.0,32.0,354.0,14.0,14,1,0.5684121621621622,21.72556098239904,662.0,0.0,0.0,0.0,0.0,3
668.0,6.0,0.3311089756837879,0.0,0.0,0.0,0.0,0.0,130.0,6.0,1.300704045360375,0.0,0.0,67.83333333333333,0.0,0.0,0.0,0.0,64.0,764.0,24.0,14,1,0.5684121621621622,21.501937897158783,661.5,0.0,0.0,0.0,0.0,3
626.0,2.0,0.0684152288580162,0.0,0.0,0.0,0.0,0.0,34.0,6.0,1.5992212565812685,0.0,0.0,66.43333333333334,0.0,0.0,0.0,0.0,40.0,20.0,8.0,15,1,0.5684121621621622,18.11077027627315,646.0,0.0,0.0,0.0,0.0,3
650.0,4.0,0.8431103224940539,0.0,2.0,0.0,0.0,0.0,94.0,7.0,1.578316521905971,0.0,0.0,64.23333333333333,0.0,0.0,0.0,0.0,40.0,220.0,16.0,15,1,0.5684121621621622,17.916472867167215,645.5,0.9999999999877976,0.5,0.0,0.0,3
652.0,4.0,0.6704157044636004,0.0,28.0,0.0,0.0,0.0,140.0,8.0,1.4746124483200425,0.0,0.0,61.23333333333333,0.0,6.0,6.0,8.0,32.0,1934.0,14.0,16,1,0.5684121621621622,17.320508075687012,649.0,13.69914839202212,7.5,0.0,0.0,2
660.0,6.0,1.0669995436693385,0.0,0.0,0.0,0.0,0.0,72.0,7.0,1.6569961311120087,0.0,0.0,57.48275862068966,0.0,0.0,0.0,0.0,24.0,568.0,6.0,16,1,0.5684121621621622,14.651507317221858,647.0,13.69914839202212,7.5,0.0,0.0,2
620.0,1.0,-1.000088900581841e-12,0.0,0.0,0.0,0.0,0.0,38.0,3.0,0.7080189760532729,0.0,0.0,56.23333333333333,0.0,0.0,0.0,0.0,0.0,0.0,0.0,17,1,0.5684121621621622,17.540429489228753,645.5,13.69914839202212,7.5,0.0,0.0,3
650.0,4.0,0.6853703981051511,0.0,0.0,0.0,0.0,0.0,132.0,7.0,1.533499268759886,0.0,0.0,54.5,0.0,0.0,0.0,0.0,24.0,1982.0,12.0,17,1,0.5684121621621622,17.540429489228753,645.5,13.999999999999128,7.0,0.0,0.0,3
672.0,2.0,0.6896709283550269,0.0,0.0,0.0,0.0,0.0,32.0,7.0,1.8195113489628565,0.0,0.0,52.13333333333333,0.0,0.0,0.0,0.0,16.0,110.0,4.0,18,1,0.5684121621621622,22.233608194201683,650.5,0.0,0.0,0.0,0.0,3
624.0,1.0,-1.000088900581841e-12,0.0,0.0,0.0,0.0,0.0,10.0,1.0,-1.000088900581841e-12,0.0,0.0,49.53333333333333,0.0,0.0,0.0,0.0,0.0,0.0,0.0,18,1,0.5684121621621622,24.296776192187977,641.5,0.0,0.0,0.0,0.0,3
642.0,4.0,0.4584167123889454,0.0,0.0,0.0,0.0,0.0,154.0,8.0,1.1827669258079867,0.0,0.0,48.03333333333333,0.0,0.0,0.0,0.0,48.0,1442.0,20.0,19,1,0.5684121621621622,19.899748742130875,647.0,0.0,0.0,0.0,0.0,3
650.0,3.0,0.5507680647042998,0.0,0.0,0.0,0.0,0.0,126.0,7.0,1.6201203867879048,0.0,0.0,46.10344827586207,0.0,0.0,0.0,0.0,56.0,3584.0,24.0,19,1,0.5684121621621622,19.899748742130875,647.0,0.0,0.0,0.0,0.0,3
660.0,4.0,0.6436744580210598,0.0,0.0,0.0,0.0,0.0,90.0,7.0,1.4955261059382547,0.0,0.0,43.66666666666666,0.0,0.0,0.0,0.0,32.0,1228.0,12.0,20,1,0.5684121621621622,15.231546211725822,644.0,0.0,0.0,0.0,0.0,3
660.0,1.0,-1.000088900581841e-12,0.0,0.0,0.0,0.0,0.0,88.0,5.0,0.767031717575788,0.0,0.0,41.266666666666666,0.0,0.0,0.0,0.0,0.0,0.0,0.0,20,1,0.5684121621621622,8.717797887077882,653.0,0.0,0.0,0.0,0.0,3
638.0,3.0,0.2321583510117893,0.0,0.0,0.0,0.0,0.0,84.0,8.0,1.2521438760404913,0.0,0.0,39.46666666666667,0.0,0.0,0.0,0.0,8.0,408.0,6.0,21,0,0.5684121621621622,10.456258094235858,652.0,0.0,0.0,0.0,0.0,3
632.0,2.0,0.3546416734842481,0.0,0.0,0.0,0.0,0.0,44.0,3.0,0.7595473914718636,0.0,0.0,38.1,0.0,0.0,0.0,0.0,8.0,198.0,4.0,21,0,0.5684121621621622,14.640127503996428,647.5,0.0,0.0,0.0,0.0,3
632.0,4.0,0.5371949649742498,0.0,0.0,0.0,0.0,0.0,20.0,3.0,1.054920167983144,0.0,0.0,36.66666666666666,0.0,0.0,0.0,0.0,16.0,236.0,2.0,22,0,0.5684121621621622,13.304134695647802,640.5,0.0,0.0,0.0,0.0,3
626.0,1.0,-1.000088900581841e-12,0.0,0.0,0.0,0.0,0.0,16.0,2.0,0.5623351446168083,0.0,0.0,35.58620689655172,0.0,0.0,0.0,0.0,0.0,0.0,0.0,22,0,0.5684121621621622,4.898979485560195,632.0,0.0,0.0,0.0,0.0,3
358.0,2.0,0.581416544034679,0.0,0.0,0.0,0.0,0.0,24.0,2.0,0.6365141682928128,0.0,0.0,34.53333333333333,4.0,0.0,0.0,0.0,30.0,200.0,20.0,23,0,0.5684121621621622,136.0294085850554,562.0,0.0,0.0,0.0,0.0,3
702.0,7.0,1.2793598710840346,0.0,0.0,0.0,0.0,0.0,34.0,4.0,1.1806964403613152,0.0,0.0,31.4,0.0,0.0,0.0,0.0,40.0,3264.0,14.0,23,0,0.5684121621621622,151.6432216311254,579.5,0.0,0.0,0.0,0.0,3
718.0,5.0,0.7385407244844066,0.0,0.0,0.0,0.0,0.0,38.0,3.0,1.0198652142749298,0.0,0.0,24.966666666666665,0.0,4.0,0.0,2.0,8.0,2572.0,4.0,0,0,0.5684121621621622,166.89717393253432,601.0,0.0,0.0,0.0,0.0,3
716.0,2.0,0.641552892981099,0.0,0.0,0.0,0.0,0.0,76.0,5.0,0.7700231793144354,0.0,8.0,24.23333333333333,0.0,0.0,4.0,0.0,22.0,100.0,0.0,0,0,0.5684121621621622,177.14306835624873,623.5,0.0,0.0,0.0,0.0,3
716.0,1.0,-1.000088900581841e-12,0.0,0.0,0.0,0.0,0.0,20.0,3.0,1.054920167983144,0.0,0.0,43.23333333333333,0.0,0.0,0.0,0.0,0.0,0.0,0.0,1,0,0.5684121621621622,7.393691004269336,713.0,0.0,0.0,0.0,0.0,3
244.0,1.0,-1.000088900581841e-12,0.0,0.0,0.0,0.0,0.0,16.0,3.0,1.039720770836918,0.0,0.0,63.66666666666666,0.0,0.0,0.0,0.0,0.0,0.0,0.0,1,0,0.5684121621621622,236.33521390883172,598.5,0.0,0.0,0.0,0.0,3
0.0,0.0,0.0,0.0,0.0,0.0,0.0,0.0,18.0,4.0,1.2730283365856256,0.0,0.0,82.3,0.0,0.0,0.0,0.0,0.0,0.0,0.0,2,0,0.5684121621621622,357.11996117084607,419.0,0.0,0.0,0.0,0.0,3
682.0,1.0,-1.000088900581841e-12,0.0,0.0,0.0,0.0,0.0,16.0,3.0,1.039720770836918,0.0,0.0,94.06666666666666,0.0,0.0,0.0,0.0,0.0,0.0,0.0,2,0,0.5684121621621622,347.9822792423008,410.5,0.0,0.0,0.0,0.0,3
716.0,1.0,-1.000088900581841e-12,0.0,0.0,0.0,0.0,0.0,28.0,4.0,1.277034259462139,0.0,0.0,99.63333333333334,0.0,0.0,0.0,0.0,0.0,0.0,0.0,3,0,0.5684121621621622,347.9822792423008,410.5,0.0,0.0,0.0,0.0,3
34.0,1.0,-1.000088900581841e-12,0.0,0.0,0.0,0.0,0.0,8.0,1.0,-1.000088900581841e-12,0.0,0.0,100.0,0.0,0.0,0.0,0.0,0.0,0.0,0.0,3,0,0.5684121621621622,394.2418885236152,358.0,0.0,0.0,0.0,0.0,3
0.0,0.0,0.0,0.0,0.0,0.0,0.0,0.0,16.0,3.0,1.039720770836918,0.0,0.0,100.0,0.0,0.0,0.0,0.0,0.0,0.0,0.0,4,0,0.5684121621621622,394.2418885236152,358.0,0.0,0.0,0.0,0.0,3
0.0,0.0,0.0,0.0,0.0,0.0,0.0,0.0,20.0,2.0,0.6730116670072565,0.0,0.0,100.0,0.0,0.0,0.0,0.0,0.0,0.0,0.0,4,0,0.5684121621621622,352.69769869771847,187.5,0.0,0.0,0.0,0.0,3
0.0,0.0,0.0,0.0,0.0,0.0,0.0,0.0,16.0,3.0,1.039720770836918,0.0,0.0,100.0,0.0,0.0,0.0,0.0,0.0,0.0,0.0,5,0,0.5684121621621622,16.999999999997907,8.5,0.0,0.0,0.0,0.0,3
0.0,0.0,0.0,0.0,0.0,0.0,0.0,0.0,12.0,2.0,0.6365141682928128,0.0,0.0,100.0,0.0,0.0,0.0,0.0,0.0,0.0,0.0,5,0,0.5684121621621622,0.0,0.0,0.0,0.0,0.0,0.0,3
0.0,0.0,0.0,0.0,0.0,0.0,0.0,0.0,16.0,3.0,1.039720770836918,0.0,0.0,100.0,0.0,0.0,0.0,0.0,0.0,0.0,0.0,6,0,0.5684121621621622,0.0,0.0,0.0,0.0,0.0,0.0,3
0.0,0.0,0.0,0.0,0.0,0.0,0.0,0.0,8.0,1.0,-1.000088900581841e-12,0.0,0.0,100.0,0.0,0.0,0.0,0.0,0.0,0.0,0.0,6,0,0.5684121621621622,0.0,0.0,0.0,0.0,0.0,0.0,3
0.0,0.0,0.0,0.0,0.0,0.0,0.0,0.0,14.0,3.0,1.0789922078745835,0.0,0.0,100.0,0.0,0.0,0.0,0.0,0.0,0.0,0.0,7,0,0.5684121621621622,0.0,0.0,0.0,0.0,0.0,0.0,3
0.0,0.0,0.0,0.0,0.0,0.0,0.0,0.0,12.0,2.0,0.6365141682928128,0.0,0.0,100.0,0.0,0.0,0.0,0.0,0.0,0.0,0.0,7,0,0.5684121621621622,0.0,0.0,0.0,0.0,0.0,0.0,3
0.0,0.0,0.0,0.0,0.0,0.0,0.0,0.0,26.0,6.0,1.7118451352279118,0.0,0.0,100.0,0.0,0.0,0.0,0.0,0.0,0.0,0.0,8,1,0.5684121621621622,0.0,0.0,0.0,0.0,0.0,0.0,3
0.0,0.0,0.0,0.0,0.0,0.0,0.0,0.0,12.0,2.0,0.6365141682928128,0.0,0.0,100.0,0.0,0.0,0.0,0.0,0.0,0.0,0.0,8,1,0.5684121621621622,0.0,0.0,0.0,0.0,0.0,0.0,3
0.0,0.0,0.0,0.0,0.0,0.0,0.0,0.0,20.0,5.0,1.4708084763171112,0.0,0.0,100.0,0.0,0.0,0.0,0.0,8.0,0.0,0.0,9,1,0.5684121621621622,0.0,0.0,0.0,0.0,0.0,0.0,3
414.0,6.0,1.295098503190232,0.0,0.0,0.0,0.0,0.0,102.0,13.0,1.9767658684611256,0.0,0.0,99.16666666666669,0.0,0.0,0.0,2.0,32.0,1254.0,8.0,9,1,0.5684121621621622,206.99999999999983,103.5,0.0,0.0,0.0,0.0,3
700.0,7.0,0.95826827772579,0.0,32.0,0.0,0.0,0.0,42.0,5.0,1.4306826116974427,0.0,0.0,93.56666666666666,0.0,4.0,4.0,10.0,40.0,554.0,14.0,10,1,0.5684121621621622,342.1242464368755,278.5,15.999999999999236,8.0,0.0,0.0,3
712.0,4.0,0.1393898605726137,0.0,98.0,0.0,0.0,0.0,152.0,7.0,1.2761806111832774,0.0,0.0,90.03333333333333,0.0,0.0,0.0,0.0,136.0,422.0,30.0,10,1,0.5684121621621622,334.05139325159723,456.5,46.19884558442244,32.5,0.0,0.0,3
712.0,5.0,0.7943538122951727,0.0,66.0,0.0,0.0,0.0,488.0,8.0,1.053534456318291,0.0,0.0,87.0,0.0,0.0,0.0,0.0,48.0,2080.0,16.0,11,1,0.5684121621621622,147.1088032715919,634.5,42.34776656841903,49.0,0.0,0.0,3
646.0,3.0,0.5212327246318066,0.0,0.0,0.0,0.0,0.0,516.0,6.0,0.712309608133459,0.0,0.0,81.93333333333334,0.0,0.0,0.0,0.0,8.0,588.0,4.0,11,1,0.5684121621621622,31.511902513176345,692.5,42.34776656841903,49.0,0.0,0.0,3
630.0,1.0,-1.000088900581841e-12,0.0,0.0,0.0,0.0,0.0,68.0,4.0,0.619098650218477,0.0,0.0,80.89655172413794,0.0,0.0,0.0,0.0,24.0,206.0,2.0,12,1,0.5684121621621622,43.22036556994781,675.0,49.11211663123445,41.0,0.0,0.0,3
634.0,1.0,-1.000088900581841e-12,0.0,0.0,0.0,0.0,0.0,150.0,5.0,0.4688764161340548,0.0,0.0,79.43333333333334,0.0,0.0,0.0,0.0,8.0,18.0,0.0,12,1,0.5684121621621622,38.27531841800835,655.5,32.99999999999963,16.5,0.0,0.0,3
646.0,3.0,0.4873389084552503,0.0,0.0,0.0,0.0,0.0,252.0,8.0,0.7240261954027403,0.0,0.0,78.2,0.0,0.0,0.0,0.0,16.0,642.0,10.0,13,1,0.5684121621621622,8.246211251230976,639.0,0.0,0.0,0.0,0.0,3
698.0,2.0,0.4849324236136639,0.0,0.0,0.0,0.0,0.0,14.0,5.0,1.5498260458732018,0.0,0.0,75.2,0.0,0.0,0.0,0.0,8.0,216.0,4.0,13,1,0.5684121621621622,31.411250638371524,652.0,0.0,0.0,0.0,0.0,3
700.0,4.0,0.6691397511266163,0.0,110.0,0.0,0.0,0.0,164.0,5.0,0.822499899511982,0.0,0.0,71.0,0.0,0.0,0.0,0.0,126.0,456.0,36.0,14,1,0.5684121621621622,34.42382895611597,669.5,54.99999999999978,27.5,0.0,0.0,3
676.0,3.0,0.4277110518478041,0.0,60.0,0.0,0.0,0.0,114.0,4.0,0.8722096705338382,0.0,0.0,68.2,0.0,0.0,0.0,0.0,64.0,270.0,34.0,14,1,0.5684121621621622,25.139610179951635,680.0,53.15072906367302,42.5,0.0,0.0,3
638.0,4.0,0.8421680163357456,0.0,0.0,0.0,0.0,0.0,24.0,4.0,1.1988493129096212,0.0,0.0,66.36666666666666,0.0,0.0,0.0,0.0,40.0,424.0,16.0,15,1,0.5684121621621622,28.79814808860565,678.0,53.15072906367302,42.5,0.0,0.0,3
628.0,1.0,-1.000088900581841e-12,0.0,0.0,0.0,0.0,0.0,2.0,1.0,-1.000088900581841e-12,0.0,0.0,65.26666666666667,0.0,0.0,0.0,0.0,0.0,0.0,0.0,15,1,0.5684121621621622,33.48133808556534,660.5,53.15072906367302,42.5,0.0,0.0,3
632.0,1.0,-1.000088900581841e-12,0.0,0.0,0.0,0.0,0.0,16.0,3.0,0.9002560512655369,0.0,0.0,64.34482758620689,0.0,0.0,0.0,0.0,8.0,14.0,2.0,16,1,0.5684121621621622,22.05296654269585,643.5,29.999999999999595,15.0,0.0,0.0,3
638.0,3.0,0.3487240172096472,0.0,0.0,0.0,0.0,0.0,192.0,4.0,0.6787856051932712,0.0,0.0,63.0,0.0,0.0,0.0,0.0,16.0,230.0,4.0,16,1,0.5684121621621622,4.898979485559085,634.0,0.0,0.0,0.0,0.0,3
674.0,6.0,1.053673479127972,0.0,0.0,0.0,0.0,0.0,44.0,5.0,1.349947319762571,0.0,0.0,60.73333333333333,0.0,0.0,0.0,0.0,32.0,658.0,10.0,17,1,0.5684121621621622,21.0713075057038,643.0,0.0,0.0,0.0,0.0,3
628.0,1.0,-1.000088900581841e-12,0.0,0.0,0.0,0.0,0.0,2.0,1.0,-1.000088900581841e-12,0.0,0.0,57.93333333333333,0.0,0.0,0.0,0.0,0.0,12.0,0.0,17,1,0.5684121621621622,21.0713075057038,643.0,0.0,0.0,0.0,0.0,3
640.0,2.0,0.0931336383212726,0.0,0.0,0.0,0.0,0.0,30.0,5.0,1.3217558399773193,0.0,0.0,56.8,0.0,0.0,0.0,0.0,32.0,108.0,12.0,18,1,0.5684121621621622,20.033305601753856,645.0,0.0,0.0,0.0,0.0,3
686.0,3.0,0.7546713623054715,0.0,0.0,0.0,0.0,0.0,10.0,2.0,0.6730116670072565,0.0,0.0,54.766666666666666,0.0,0.0,0.0,0.0,24.0,230.0,6.0,18,1,0.5684121621621622,27.446918466983902,657.0,0.0,0.0,0.0,0.0,3
704.0,7.0,1.2034036823865664,0.0,112.0,0.0,0.0,0.0,222.0,8.0,1.346419611272098,0.0,0.0,50.37931034482759,0.0,26.0,22.0,52.0,102.0,962.0,50.0,19,1,0.5684121621621622,36.30886025935352,664.5,55.99999999999979,28.0,0.0,0.0,3
652.0,4.0,0.6112790982669558,0.0,20.0,0.0,0.0,0.0,60.0,6.0,1.6590853787896904,0.0,0.0,47.833333333333336,0.0,0.0,0.0,0.0,32.0,210.0,16.0,19,1,0.5684121621621622,29.63668897385911,670.5,53.50389393928859,33.0,0.0,0.0,3
638.0,2.0,0.692906401019741,0.0,0.0,0.0,0.0,0.0,28.0,5.0,1.376055285255417,0.0,0.0,46.46666666666667,0.0,0.0,0.0,0.0,16.0,696.0,10.0,20,1,0.5684121621621622,30.331501776205027,670.0,53.50389393928859,33.0,0.0,0.0,3
636.0,3.0,0.7351344175249176,0.0,0.0,0.0,0.0,0.0,48.0,5.0,1.40809636710508,0.0,0.0,44.56666666666667,0.0,0.0,0.0,0.0,40.0,410.0,14.0,20,1,0.5684121621621622,31.806707887906203,657.5,53.50389393928859,33.0,0.0,0.0,3
628.0,1.0,-1.000088900581841e-12,0.0,0.0,0.0,0.0,0.0,22.0,3.0,0.9164648855364712,0.0,0.0,42.8,0.0,0.0,0.0,0.0,0.0,0.0,0.0,21,0,0.5684121621621622,9.98331942124436,638.5,9.999999999998808,5.0,0.0,0.0,3
612.0,1.0,-1.000088900581841e-12,0.0,0.0,0.0,0.0,0.0,16.0,3.0,1.039720770836918,0.0,0.0,41.66666666666666,0.0,0.0,0.0,0.0,0.0,0.0,0.0,21,0,0.5684121621621622,11.818065267487516,628.5,0.0,0.0,0.0,0.0,3
308.0,1.0,-1.000088900581841e-12,0.0,0.0,0.0,0.0,0.0,34.0,7.0,1.8238733159784373,0.0,0.0,40.62068965517241,4.0,0.0,0.0,0.0,8.0,16.0,6.0,22,0,0.5684121621621622,158.98008260995022,546.0,0.0,0.0,0.0,0.0,3
624.0,1.0,-1.000088900581841e-12,0.0,0.0,0.0,0.0,0.0,10.0,2.0,0.6730116670072565,0.0,0.0,39.53333333333333,0.0,0.0,0.0,0.0,0.0,0.0,0.0,22,0,0.5684121621621622,156.81411501094726,543.0,0.0,0.0,0.0,0.0,3
668.0,4.0,0.9510959097499028,0.0,0.0,0.0,0.0,0.0,40.0,4.0,1.205628232484719,0.0,8.0,38.766666666666666,0.0,0.0,0.0,0.0,48.0,968.0,18.0,23,0,0.5684121621621622,165.09795072420877,553.0,0.0,0.0,0.0,0.0,3
716.0,4.0,0.8261605119177811,0.0,0.0,0.0,0.0,0.0,254.0,4.0,1.193935619560898,0.0,0.0,50.2,0.0,0.0,0.0,0.0,0.0,7304.0,0.0,23,0,0.5684121621621622,184.5318400710293,579.0,0.0,0.0,0.0,0.0,3
716.0,5.0,0.9439969359401832,0.0,0.0,0.0,0.0,0.0,198.0,4.0,0.4313020956310428,0.0,0.0,67.13793103448276,0.0,0.0,4.0,0.0,20.0,1404.0,8.0,0,0,0.5684121621621622,44.22668877499115,681.0,0.0,0.0,0.0,0.0,3
714.0,4.0,0.6930832680177583,0.0,0.0,0.0,0.0,0.0,352.0,5.0,0.3395690076787913,0.0,0.0,84.66666666666667,0.0,0.0,0.0,4.0,10.0,394.0,6.0,0,0,0.5684121621621622,23.685438564652515,703.5,0.0,0.0,0.0,0.0,3
716.0,1.0,-1.000088900581841e-12,0.0,0.0,0.0,0.0,0.0,32.0,4.0,1.2130075659759043,0.0,0.0,95.43333333333334,0.0,0.0,0.0,0.0,0.0,0.0,0.0,1,0,0.5684121621621622,0.9999999999640086,715.5,0.0,0.0,0.0,0.0,3
344.0,1.0,-1.000088900581841e-12,0.0,0.0,0.0,0.0,0.0,14.0,3.0,0.9556998911095343,0.0,0.0,100.0,0.0,0.0,0.0,0.0,0.0,0.0,0.0,1,0,0.5684121621621622,185.6690604274173,622.5,0.0,0.0,0.0,0.0,3
0.0,0.0,0.0,0.0,0.0,0.0,0.0,0.0,20.0,4.0,1.3321790402061222,0.0,0.0,100.0,0.0,0.0,0.0,0.0,0.0,0.0,0.0,2,0,0.5684121621621622,343.5204991457326,443.5,0.0,0.0,0.0,0.0,3
676.0,1.0,-1.000088900581841e-12,0.0,0.0,0.0,0.0,0.0,82.0,5.0,0.8267850218467407,0.0,0.0,100.0,0.0,0.0,0.0,0.0,0.0,0.0,0.0,2,0,0.5684121621621622,333.93811801989096,434.0,0.0,0.0,0.0,0.0,3
716.0,1.0,-1.000088900581841e-12,0.0,0.0,0.0,0.0,0.0,18.0,4.0,1.273028336585626,0.0,0.0,100.0,0.0,0.0,0.0,0.0,0.0,0.0,0.0,3,0,0.5684121621621622,333.93811801989096,434.0,0.0,0.0,0.0,0.0,3
40.0,1.0,-1.000088900581841e-12,0.0,0.0,0.0,0.0,0.0,12.0,2.0,0.6365141682928128,0.0,0.0,100.0,0.0,0.0,0.0,0.0,0.0,0.0,0.0,3,0,0.5684121621621622,390.9714397071308,358.0,0.0,0.0,0.0,0.0,3
0.0,0.0,0.0,0.0,0.0,0.0,0.0,0.0,12.0,2.0,0.6365141682928128,0.0,0.0,100.0,0.0,0.0,0.0,0.0,0.0,0.0,0.0,4,0,0.5684121621621622,390.9714397071308,358.0,0.0,0.0,0.0,0.0,3
0.0,0.0,0.0,0.0,0.0,0.0,0.0,0.0,368.0,4.0,0.2471919852777098,0.0,0.0,100.0,0.0,0.0,0.0,0.0,0.0,0.0,0.0,4,0,0.5684121621621622,351.83897832199693,189.0,0.0,0.0,0.0,0.0,3
0.0,0.0,0.0,0.0,0.0,0.0,0.0,0.0,12.0,2.0,0.6365141682928128,0.0,0.0,100.0,0.0,0.0,0.0,0.0,0.0,0.0,0.0,5,0,0.5684121621621622,19.999999999998707,10.0,0.0,0.0,0.0,0.0,3
0.0,0.0,0.0,0.0,0.0,0.0,0.0,0.0,16.0,3.0,1.039720770836918,0.0,0.0,100.0,0.0,0.0,0.0,0.0,0.0,0.0,0.0,5,0,0.5684121621621622,0.0,0.0,0.0,0.0,0.0,0.0,3
0.0,0.0,0.0,0.0,0.0,0.0,0.0,0.0,12.0,2.0,0.6365141682928128,0.0,0.0,100.0,0.0,0.0,0.0,0.0,0.0,0.0,0.0,6,0,0.5684121621621622,0.0,0.0,0.0,0.0,0.0,0.0,3
0.0,0.0,0.0,0.0,0.0,0.0,0.0,0.0,12.0,2.0,0.6365141682928128,0.0,0.0,100.0,0.0,0.0,0.0,0.0,0.0,0.0,0.0,6,0,0.5684121621621622,0.0,0.0,0.0,0.0,0.0,0.0,3
0.0,0.0,0.0,0.0,0.0,0.0,0.0,0.0,16.0,3.0,1.039720770836918,0.0,0.0,100.0,0.0,0.0,0.0,0.0,0.0,0.0,0.0,7,0,0.5684121621621622,0.0,0.0,0.0,0.0,0.0,0.0,3
0.0,0.0,0.0,0.0,0.0,0.0,0.0,0.0,20.0,3.0,1.054920167983144,0.0,0.0,100.0,0.0,0.0,0.0,0.0,0.0,0.0,0.0,7,0,0.5684121621621622,0.0,0.0,0.0,0.0,0.0,0.0,3
0.0,0.0,0.0,0.0,0.0,0.0,0.0,0.0,18.0,4.0,1.2730283365856256,0.0,0.0,100.0,0.0,0.0,0.0,0.0,0.0,0.0,0.0,8,1,0.5684121621621622,0.0,0.0,0.0,0.0,0.0,0.0,3
0.0,0.0,0.0,0.0,0.0,0.0,0.0,0.0,30.0,5.0,1.5246335284298944,0.0,0.0,100.0,0.0,0.0,0.0,0.0,0.0,0.0,0.0,8,1,0.5684121621621622,0.0,0.0,0.0,0.0,0.0,0.0,3
0.0,0.0,0.0,0.0,0.0,0.0,0.0,0.0,18.0,4.0,1.2730283365856256,0.0,0.0,100.0,0.0,0.0,0.0,0.0,0.0,0.0,0.0,9,1,0.5684121621621622,0.0,0.0,0.0,0.0,0.0,0.0,3
48.0,3.0,0.8876942757961039,0.0,0.0,0.0,0.0,0.0,54.0,13.0,2.413626655685631,0.0,0.0,100.0,0.0,0.0,0.0,0.0,10.0,522.0,4.0,9,1,0.5684121621621622,23.999999999998924,12.0,0.0,0.0,0.0,0.0,3
712.0,5.0,0.9722556169251124,0.0,0.0,0.0,0.0,0.0,80.0,6.0,1.5274896174113204,0.0,0.0,98.4,0.0,0.0,0.0,0.0,50.0,912.0,10.0,10,1,0.5684121621621622,348.7348563020335,190.0,0.0,0.0,0.0,0.0,3
708.0,7.0,1.2380572639652343,0.0,0.0,0.0,0.0,0.0,84.0,8.0,1.6411829524202497,0.0,0.0,93.44827586206895,0.0,0.0,0.0,0.0,78.0,6022.0,28.0,10,1,0.5684121621621622,396.550122935298,367.0,0.0,0.0,0.0,0.0,3
714.0,4.0,0.6940006757967522,0.0,20.0,0.0,0.0,0.0,1252.0,7.0,0.4351664659584124,0.0,0.0,86.26666666666667,0.0,0.0,0.0,0.0,24.0,6022.0,12.0,11,1,0.5684121621621622,331.6760467685298,545.5,9.999999999998808,5.0,0.0,0.0,3
714.0,4.0,0.536273401891839,0.0,120.0,0.0,0.0,0.0,208.0,8.0,1.401174125043731,0.0,0.0,80.76666666666667,0.0,22.0,18.0,38.0,180.0,5228.0,66.0,11,1,0.5684121621621622,2.828427124733609,712.0,57.44562646538008,35.0,0.0,0.0,3
704.0,3.0,0.7001096397021636,0.0,50.0,0.0,0.0,0.0,94.0,8.0,1.48126948028312,0.0,0.0,77.3,0.0,4.0,6.0,16.0,60.0,242.0,22.0,12,1,0.5684121621621622,4.898979485559092,710.0,52.5198375219622,47.5,0.0,0.0,3
678.0,3.0,0.769606084234633,0.0,0.0,0.0,0.0,0.0,14.0,2.0,0.6829081046984717,0.0,0.0,72.83333333333333,0.0,0.0,0.0,0.0,12.0,240.0,4.0,12,1,0.5684121621621622,16.999999999997897,702.5,52.5198375219622,47.5,0.0,0.0,3
644.0,3.0,0.336315269479323,0.0,0.0,0.0,0.0,0.0,26.0,5.0,1.4985690796720057,0.0,0.0,71.06666666666666,0.0,0.0,0.0,0.0,48.0,414.0,10.0,13,1,0.5684121621621622,31.26233090051446,685.0,56.78908345800252,42.5,0.0,0.0,3
660.0,1.0,-1.000088900581841e-12,0.0,0.0,0.0,0.0,0.0,24.0,3.0,1.0114042647043515,0.0,0.0,68.43333333333334,0.0,0.0,0.0,0.0,36.0,786.0,16.0,13,1,0.5684121621621622,25.735837529275432,671.5,24.99999999999952,12.5,0.0,0.0,3
664.0,2.0,0.6308009684779083,0.0,0.0,0.0,0.0,0.0,24.0,2.0,0.6365141682928128,0.0,0.0,65.96551724137932,0.0,0.0,0.0,0.0,48.0,472.0,18.0,14,1,0.5684121621621622,13.988090172235616,661.5,0.0,0.0,0.0,0.0,3
642.0,3.0,0.7606605791425703,0.0,0.0,0.0,0.0,0.0,26.0,5.0,1.4985690796720057,0.0,0.0,64.0,0.0,0.0,0.0,0.0,68.0,632.0,16.0,14,1,0.5684121621621622,11.120551545071612,652.5,0.0,0.0,0.0,0.0,3
630.0,1.0,-1.000088900581841e-12,0.0,0.0,0.0,0.0,0.0,28.0,4.0,1.2720898688162854,0.0,0.0,62.46666666666667,0.0,0.0,0.0,0.0,32.0,64.0,10.0,15,1,0.5684121621621622,15.87450786638528,649.0,0.0,0.0,0.0,0.0,3
636.0,4.0,0.2912765783638956,0.0,0.0,0.0,0.0,0.0,22.0,5.0,1.499030672974008,0.0,0.0,61.5,0.0,0.0,0.0,0.0,32.0,220.0,18.0,15,1,0.5684121621621622,14.832396974188912,643.0,0.0,0.0,0.0,0.0,3
628.0,2.0,0.053942563760565,0.0,0.0,0.0,0.0,0.0,24.0,6.0,1.676234939128731,0.0,0.0,60.06896551724138,0.0,0.0,0.0,0.0,0.0,156.0,0.0,16,1,0.5684121621621622,6.324555320331096,634.0,0.0,0.0,0.0,0.0,3
630.0,2.0,0.5666528718465287,0.0,0.0,0.0,0.0,0.0,28.0,7.0,1.846889123254036,0.0,0.0,58.86666666666667,0.0,0.0,0.0,0.0,16.0,46.0,8.0,16,1,0.5684121621621622,3.4641016151274333,631.0,0.0,0.0,0.0,0.0,3
658.0,6.0,1.2703754659544109,0.0,0.0,0.0,0.0,0.0,272.0,6.0,0.4322981418495503,0.0,0.0,56.8,0.0,0.0,8.0,6.0,48.0,1426.0,10.0,17,1,0.5684121621621622,13.759844960364251,638.0,0.0,0.0,0.0,0.0,3
626.0,1.0,-1.000088900581841e-12,0.0,0.0,0.0,0.0,0.0,62.0,3.0,0.5503536168794767,0.0,0.0,55.03333333333333,0.0,0.0,0.0,0.0,0.0,0.0,0.0,17,1,0.5684121621621622,15.088627063672652,635.5,0.0,0.0,0.0,0.0,3
320.0,1.0,-1.000088900581841e-12,0.0,0.0,0.0,0.0,0.0,68.0,5.0,0.7713685655158349,0.0,0.0,53.766666666666666,8.0,0.0,0.0,0.0,0.0,0.0,0.0,18,1,0.5684121621621622,159.63604438430124,558.5,0.0,0.0,0.0,0.0,3
352.0,2.0,0.2635202201582982,0.0,0.0,0.0,0.0,0.0,118.0,7.0,1.285586363143403,0.0,0.0,52.4,0.0,0.0,0.0,0.0,208.0,892.0,90.0,18,1,0.5684121621621622,177.63257959432232,489.0,0.0,0.0,0.0,0.0,3
716.0,1.0,-1.000088900581841e-12,0.0,0.0,0.0,0.0,0.0,120.0,5.0,1.05630526597256,0.0,0.0,48.7,0.0,0.0,0.0,0.0,32.0,1754.0,0.0,19,1,0.5684121621621622,197.30433345469103,503.5,0.0,0.0,0.0,0.0,3
716.0,1.0,-1.000088900581841e-12,0.0,0.0,0.0,0.0,0.0,60.0,9.0,1.951848439214888,0.0,0.0,45.03333333333333,0.0,0.0,0.0,0.0,32.0,1448.0,14.0,19,1,0.5684121621621622,219.78170988505823,526.0,0.0,0.0,0.0,0.0,3
710.0,1.0,-1.000088900581841e-12,0.0,0.0,0.0,0.0,0.0,28.0,3.0,1.0789922078745835,0.0,0.0,41.43333333333333,0.0,0.0,0.0,0.0,32.0,1494.0,22.0,20,1,0.5684121621621622,181.02209809854685,623.5,0.0,0.0,0.0,0.0,3
708.0,2.0,0.1665050696230625,0.0,0.0,0.0,0.0,0.0,26.0,4.0,1.072016968559193,0.0,0.0,37.766666666666666,0.0,0.0,0.0,0.0,144.0,1366.0,24.0,20,1,0.5684121621621622,4.1231056256082494,712.5,0.0,0.0,0.0,0.0,3
714.0,1.0,-1.000088900581841e-12,0.0,0.0,0.0,0.0,0.0,22.0,4.0,1.2636544318780962,0.0,0.0,34.3448275862069,0.0,0.0,0.0,0.0,32.0,1096.0,14.0,21,0,0.5684121621621622,3.6514837166904814,712.0,0.0,0.0,0.0,0.0,3
692.0,2.0,0.6647950727549232,0.0,0.0,0.0,0.0,0.0,34.0,3.0,0.8463658296232874,0.0,0.0,30.866666666666667,0.0,0.0,10.0,6.0,48.0,2664.0,20.0,21,0,0.5684121621621622,9.66091783078893,706.0,0.0,0.0,0.0,0.0,3
716.0,7.0,1.219396518069107,0.0,0.0,0.0,0.0,0.0,232.0,6.0,1.0318300626688433,0.0,16.0,31.53333333333333,0.0,0.0,0.0,0.0,112.0,426.0,10.0,22,0,0.5684121621621622,10.878112581383572,707.5,0.0,0.0,0.0,0.0,3
718.0,3.0,0.7047578132347767,0.0,0.0,0.0,0.0,0.0,22.0,5.0,1.5157079520807129,0.0,0.0,46.53333333333333,0.0,0.0,0.0,0.0,16.0,412.0,4.0,22,0,0.5684121621621622,12.110601416386752,710.0,0.0,0.0,0.0,0.0,3
716.0,5.0,1.3021107560686147,0.0,0.0,0.0,0.0,0.0,42.0,6.0,1.5498260458722015,0.0,0.0,62.766666666666666,0.0,0.0,0.0,0.0,64.0,696.0,16.0,23,0,0.5684121621621622,12.369316876849837,710.5,0.0,0.0,0.0,0.0,3
714.0,7.0,1.4838777474211642,0.0,0.0,0.0,0.0,0.0,496.0,14.0,1.4753212290143911,0.0,0.0,80.16666666666667,0.0,0.0,0.0,0.0,62.0,5314.0,16.0,23,0,0.5684121621621622,1.632993161831683,716.0,0.0,0.0,0.0,0.0,3
716.0,2.0,0.0484166396674798,0.0,0.0,0.0,0.0,0.0,60.0,2.0,0.3926744672255522,0.0,0.0,92.63333333333334,0.0,0.0,0.0,0.0,0.0,214.0,0.0,0,0,0.5684121621621622,1.632993161831683,716.0,0.0,0.0,0.0,0.0,3
718.0,5.0,0.6881185944907069,0.0,0.0,0.0,0.0,0.0,100.0,6.0,1.3391388039637933,0.0,0.0,99.16666666666669,0.0,0.0,0.0,0.0,0.0,1832.0,0.0,0,0,0.5684121621621622,1.632993161831683,716.0,0.0,0.0,0.0,0.0,3
716.0,2.0,0.1910454120896642,0.0,0.0,0.0,0.0,0.0,24.0,4.0,1.3296613488507585,0.0,0.0,100.0,0.0,0.0,0.0,0.0,18.0,750.0,8.0,1,0,0.5684121621621622,1.632993161831683,716.0,0.0,0.0,0.0,0.0,3
716.0,1.0,-1.000088900581841e-12,0.0,0.0,0.0,0.0,0.0,10.0,2.0,0.5004024235361879,0.0,0.0,100.0,0.0,0.0,0.0,0.0,0.0,0.0,0.0,1,0,0.5684121621621622,0.9999999999611948,716.5,0.0,0.0,0.0,0.0,3
88.0,1.0,-1.000088900581841e-12,0.0,0.0,0.0,0.0,0.0,10.0,2.0,0.6730116670072565,0.0,0.0,100.0,0.0,0.0,0.0,0.0,0.0,0.0,0.0,2,0,0.5684121621621622,314.33474725733595,559.5,0.0,0.0,0.0,0.0,3
670.0,1.0,-1.000088900581841e-12,0.0,0.0,0.0,0.0,0.0,16.0,3.0,1.039720770836918,0.0,0.0,100.0,0.0,0.0,0.0,0.0,0.0,0.0,0.0,2,0,0.5684121621621622,307.0998751763557,547.5,0.0,0.0,0.0,0.0,3
716.0,1.0,-1.000088900581841e-12,0.0,0.0,0.0,0.0,0.0,8.0,1.0,-1.000088900581841e-12,0.0,0.0,100.0,0.0,0.0,0.0,0.0,0.0,0.0,0.0,3,0,0.5684121621621622,307.0998751763557,547.5,0.0,0.0,0.0,0.0,3
46.0,1.0,-1.000088900581841e-12,0.0,0.0,0.0,0.0,0.0,12.0,2.0,0.6365141682928128,0.0,0.0,100.0,0.0,0.0,0.0,0.0,0.0,0.0,0.0,3,0,0.5684121621621622,362.3147802671041,380.0,0.0,0.0,0.0,0.0,3
0.0,0.0,0.0,0.0,0.0,0.0,0.0,0.0,12.0,2.0,0.6365141682928128,0.0,0.0,100.0,0.0,0.0,0.0,0.0,0.0,0.0,0.0,4,0,0.5684121621621622,387.73530490099375,358.0,0.0,0.0,0.0,0.0,3
0.0,0.0,0.0,0.0,0.0,0.0,0.0,0.0,20.0,4.0,1.3321790402061222,0.0,0.0,100.0,0.0,0.0,0.0,0.0,0.0,0.0,0.0,4,0,0.5684121621621622,351.00379864991004,190.5,0.0,0.0,0.0,0.0,3
0.0,0.0,0.0,0.0,0.0,0.0,0.0,0.0,16.0,2.0,0.6931471805579453,0.0,0.0,100.0,0.0,0.0,0.0,0.0,0.0,0.0,0.0,5,0,0.5684121621621622,22.99999999999845,11.5,0.0,0.0,0.0,0.0,3
0.0,0.0,0.0,0.0,0.0,0.0,0.0,0.0,16.0,3.0,1.039720770836918,0.0,0.0,100.0,0.0,0.0,0.0,0.0,0.0,0.0,0.0,5,0,0.5684121621621622,0.0,0.0,0.0,0.0,0.0,0.0,3
0.0,0.0,0.0,0.0,0.0,0.0,0.0,0.0,16.0,3.0,1.039720770836918,0.0,0.0,100.0,0.0,0.0,0.0,0.0,0.0,0.0,0.0,6,0,0.5684121621621622,0.0,0.0,0.0,0.0,0.0,0.0,3
0.0,0.0,0.0,0.0,0.0,0.0,0.0,0.0,8.0,1.0,-1.000088900581841e-12,0.0,0.0,100.0,0.0,0.0,0.0,0.0,0.0,0.0,0.0,6,0,0.5684121621621622,0.0,0.0,0.0,0.0,0.0,0.0,3
0.0,0.0,0.0,0.0,0.0,0.0,0.0,0.0,20.0,3.0,1.054920167983144,0.0,0.0,100.0,0.0,0.0,0.0,0.0,0.0,0.0,0.0,7,0,0.5684121621621622,0.0,0.0,0.0,0.0,0.0,0.0,3
0.0,0.0,0.0,0.0,0.0,0.0,0.0,0.0,18.0,4.0,1.2730283365856256,0.0,0.0,100.0,0.0,0.0,0.0,0.0,0.0,0.0,0.0,7,0,0.5684121621621622,0.0,0.0,0.0,0.0,0.0,0.0,3
716.0,1.0,-1.000088900581841e-12,0.0,0.0,0.0,0.0,0.0,46.0,8.0,1.880250345673064,0.0,0.0,100.0,0.0,0.0,0.0,0.0,54.0,0.0,0.0,8,1,0.5684121621621622,357.9999999999999,179.0,0.0,0.0,0.0,0.0,3
716.0,1.0,-1.000088900581841e-12,0.0,0.0,0.0,0.0,0.0,26.0,6.0,1.7118451352279118,0.0,0.0,100.0,0.0,0.0,0.0,0.0,0.0,0.0,0.0,8,1,0.5684121621621622,413.382792739772,358.0,0.0,0.0,0.0,0.0,3
120.0,1.0,-1.000088900581841e-12,0.0,0.0,0.0,0.0,0.0,16.0,4.0,1.320888343145322,0.0,0.0,100.0,0.0,0.0,0.0,0.0,0.0,0.0,0.0,9,1,0.5684121621621622,381.89701927788497,388.0,0.0,0.0,0.0,0.0,3
660.0,5.0,0.9254816523668716,0.0,0.0,0.0,0.0,0.0,132.0,14.0,2.239518331207662,0.0,0.0,99.32142857142856,0.0,0.0,0.0,0.0,280.0,4812.0,70.0,9,1,0.5684121621621622,289.8712357812228,553.0,0.0,0.0,0.0,0.0,3
690.0,2.0,0.6579453339329469,0.0,0.0,0.0,0.0,0.0,88.0,6.0,1.6013848839025349,0.0,0.0,97.73333333333332,0.0,0.0,8.0,0.0,154.0,336.0,54.0,10,1,0.5684121621621622,285.25251970841543,546.5,0.0,0.0,0.0,0.0,3
654.0,4.0,0.7209576482925303,0.0,16.0,0.0,0.0,0.0,70.0,9.0,2.1161559858677665,0.0,0.0,94.53333333333332,0.0,0.0,0.0,0.0,66.0,672.0,22.0,10,1,0.5684121621621622,274.4521816273282,531.0,7.999999999998488,4.0,0.0,0.0,3
710.0,4.0,0.8125715608753755,0.0,184.0,0.0,0.0,0.0,190.0,7.0,1.3860036024946525,0.0,0.0,90.5,0.0,0.0,0.0,4.0,264.0,1878.0,54.0,11,1,0.5684121621621622,26.248809496812083,678.5,89.65117586140914,50.0,0.0,0.0,3
716.0,2.0,0.0613254872539078,0.0,272.0,0.0,0.0,0.0,240.0,5.0,1.152257533112263,0.0,0.0,87.3,0.0,0.0,0.0,0.0,414.0,520.0,74.0,11,1,0.5684121621621622,27.970222261063032,692.5,132.1615173439933,118.0,0.0,0.0,3
692.0,4.0,0.6279877024445827,0.0,124.0,0.0,0.0,0.0,150.0,8.0,1.5998721307390165,0.0,0.0,84.96666666666667,0.0,18.0,10.0,22.0,220.0,2168.0,52.0,12,1,0.5684121621621622,27.92848008753668,693.0,107.4988372030134,149.0,0.0,0.0,3
682.0,3.0,0.7072586627292754,0.0,92.0,0.0,0.0,0.0,86.0,5.0,1.3131925716735915,0.0,0.0,81.79310344827586,0.0,0.0,0.0,0.0,66.0,1568.0,24.0,12,1,0.5684121621621622,15.748015748021484,700.0,79.12858733310806,168.0,0.0,0.0,3
642.0,1.0,-1.000088900581841e-12,0.0,0.0,0.0,0.0,0.0,30.0,2.0,0.2449300267926353,0.0,0.0,80.23333333333333,0.0,0.0,0.0,0.0,0.0,0.0,0.0,13,1,0.5684121621621622,30.832882879591374,683.0,112.9719729254413,122.0,0.0,0.0,3
312.0,1.0,-1.000088900581841e-12,0.0,0.0,0.0,0.0,0.0,26.0,3.0,0.8305178252842479,0.0,0.0,79.1,14.0,0.0,0.0,0.0,0.0,0.0,0.0,13,1,0.5684121621621622,181.29166187849512,582.0,63.707665682134696,54.0,0.0,0.0,3
524.0,2.0,0.0250627239452686,0.0,0.0,0.0,0.0,0.0,26.0,5.0,1.3778195080340327,0.0,0.0,77.9,0.0,0.0,0.0,0.0,22.0,40.0,4.0,14,1,0.5684121621621622,166.14050278805166,540.0,45.99999999999974,23.0,0.0,0.0,3
672.0,6.0,1.2370982274565403,0.0,0.0,0.0,0.0,0.0,70.0,5.0,1.5043548087944802,0.0,0.0,76.06666666666666,0.0,4.0,24.0,30.0,132.0,5070.0,40.0,14,1,0.5684121621621622,163.3431969810801,537.5,0.0,0.0,0.0,0.0,3
654.0,3.0,0.4811684955842673,0.0,0.0,0.0,0.0,0.0,58.0,6.0,1.53873787144357,0.0,0.0,73.37931034482759,0.0,0.0,0.0,0.0,86.0,4158.0,30.0,15,1,0.5684121621621622,165.9909636094686,540.5,0.0,0.0,0.0,0.0,3
626.0,2.0,0.0386572159411509,0.0,0.0,0.0,0.0,0.0,22.0,4.0,1.2636544318780962,0.0,0.0,71.73333333333333,0.0,0.0,0.0,0.0,44.0,82.0,12.0,15,1,0.5684121621621622,66.10093292332013,619.0,0.0,0.0,0.0,0.0,3
712.0,4.0,0.5884340709678476,0.0,326.0,0.0,0.0,0.0,276.0,5.0,0.7800442326318077,0.0,0.0,69.4,0.0,334.0,300.0,550.0,550.0,660.0,74.0,16,1,0.5684121621621622,36.03701800463799,666.0,162.99999999999991,81.5,0.0,0.0,3
694.0,4.0,0.509349828850089,0.0,222.0,0.0,0.0,0.0,244.0,4.0,1.0509577707444069,0.0,0.0,66.66666666666667,0.0,0.0,0.0,0.0,220.0,932.0,64.0,16,1,0.5684121621621622,38.828683555673145,671.5,163.79255172320862,137.0,0.0,0.0,3
690.0,4.0,0.824616384025173,0.0,200.0,0.0,0.0,0.0,238.0,7.0,1.3635262459065558,0.0,0.0,64.26666666666667,0.0,0.0,0.0,0.0,218.0,864.0,44.0,17,1,0.5684121621621622,37.572152808517664,680.5,136.2399843413574,187.0,0.0,0.0,3
630.0,1.0,-1.000088900581841e-12,0.0,0.0,0.0,0.0,0.0,64.0,6.0,1.0807140233999049,0.0,0.0,62.06666666666667,0.0,0.0,0.0,0.0,0.0,0.0,0.0,17,1,0.5684121621621622,35.64173583501887,681.5,136.2399843413574,187.0,0.0,0.0,3
640.0,2.0,0.0671968803606978,0.0,0.0,0.0,0.0,0.0,46.0,10.0,2.0653420234597046,0.0,0.0,60.6,0.0,0.0,0.0,0.0,154.0,114.0,16.0,18,1,0.5684121621621622,33.20140559273461,663.5,122.15154522149923,105.5,0.0,0.0,3
634.0,1.0,-1.000088900581841e-12,0.0,0.0,0.0,0.0,0.0,28.0,4.0,1.2396593920503858,0.0,0.0,59.5,0.0,0.0,0.0,0.0,66.0,82.0,18.0,18,1,0.5684121621621622,27.9702222610631,648.5,99.99999999999989,50.0,0.0,0.0,3
640.0,1.0,-1.000088900581841e-12,0.0,0.0,0.0,0.0,0.0,54.0,6.0,1.2740321168338742,0.0,0.0,58.3448275862069,0.0,0.0,0.0,0.0,0.0,0.0,0.0,19,1,0.5684121621621622,4.898979485559812,636.0,0.0,0.0,0.0,0.0,3
262.0,1.0,-1.000088900581841e-12,0.0,0.0,0.0,0.0,0.0,64.0,4.0,0.5982301495345808,0.0,0.0,57.16666666666666,12.0,0.0,0.0,0.0,0.0,0.0,0.0,19,1,0.5684121621621622,188.0212753919086,544.0,0.0,0.0,0.0,0.0,3
454.0,2.0,0.2981331202238467,0.0,0.0,0.0,0.0,0.0,86.0,14.0,2.1981066873766144,0.0,0.0,55.766666666666666,0.0,0.0,0.0,0.0,44.0,152.0,6.0,20,1,0.5684121621621622,179.1563562924853,497.5,0.0,0.0,0.0,0.0,3
634.0,1.0,-1.000088900581841e-12,0.0,0.0,0.0,0.0,0.0,36.0,8.0,1.9661755171415711,0.0,0.0,54.5,0.0,0.0,0.0,0.0,22.0,20.0,6.0,20,1,0.5684121621621622,179.1563562924853,497.5,0.0,0.0,0.0,0.0,3
632.0,1.0,-1.000088900581841e-12,0.0,0.0,0.0,0.0,0.0,56.0,6.0,1.0438642046535078,0.0,0.0,53.333333333333336,0.0,0.0,0.0,0.0,22.0,22.0,4.0,21,0,0.5684121621621622,177.06778363101498,495.5,0.0,0.0,0.0,0.0,3
628.0,1.0,-1.000088900581841e-12,0.0,0.0,0.0,0.0,0.0,62.0,5.0,1.0650262041998904,0.0,0.0,52.0,0.0,0.0,0.0,0.0,22.0,24.0,4.0,21,0,0.5684121621621622,88.70174744614637,587.0,0.0,0.0,0.0,0.0,3
626.0,2.0,0.3633450381235534,0.0,0.0,0.0,0.0,0.0,24.0,3.0,1.0986122886651095,0.0,0.0,50.8,0.0,0.0,0.0,0.0,44.0,28.0,8.0,22,0,0.5684121621621622,3.651483716691705,630.0,0.0,0.0,0.0,0.0,3
628.0,1.0,-1.000088900581841e-12,0.0,0.0,0.0,0.0,0.0,0.0,0.0,0.0,0.0,0.0,49.66666666666666,0.0,0.0,0.0,0.0,0.0,0.0,0.0,22,0,0.5684121621621622,2.516611478409929,628.5,0.0,0.0,0.0,0.0,3
634.0,3.0,0.4623739042289643,0.0,0.0,0.0,0.0,0.0,14.0,2.0,0.6829081046984717,0.0,0.0,48.56666666666667,0.0,0.0,0.0,0.0,88.0,168.0,20.0,23,0,0.5684121621621622,3.4641016151278325,629.0,0.0,0.0,0.0,0.0,3
714.0,5.0,1.1243395098286784,0.0,0.0,0.0,0.0,0.0,18.0,3.0,0.9950269901765214,0.0,0.0,44.56666666666667,0.0,10.0,0.0,6.0,48.0,2078.0,16.0,23,0,0.5684121621621622,42.46959696849733,650.5,0.0,0.0,0.0,0.0,3
718.0,2.0,0.2304787074204603,0.0,0.0,0.0,0.0,0.0,26.0,1.0,-1.000088900581841e-12,0.0,0.0,37.43333333333333,0.0,0.0,0.0,0.0,0.0,1024.0,0.0,0,0,0.5684121621621622,49.16299421312672,673.5,0.0,0.0,0.0,0.0,3
718.0,2.0,0.4771725628156805,0.0,0.0,0.0,0.0,0.0,0.0,0.0,0.0,0.0,0.0,30.1,0.0,0.0,0.0,0.0,0.0,1162.0,0.0,0,0,0.5684121621621622,41.37632173115358,696.0,0.0,0.0,0.0,0.0,3
714.0,3.0,0.4766228991973997,0.0,0.0,0.0,0.0,0.0,230.0,3.0,0.2709218080132969,0.0,22.0,33.2,0.0,0.0,6.0,0.0,72.0,368.0,14.0,1,0,0.5684121621621622,2.309401076743948,716.0,0.0,0.0,0.0,0.0,3
716.0,1.0,-1.000088900581841e-12,0.0,0.0,0.0,0.0,0.0,18.0,4.0,1.2730283365856256,0.0,0.0,53.266666666666666,0.0,0.0,0.0,0.0,0.0,0.0,0.0,1,0,0.5684121621621622,1.9148542154951271,716.5,0.0,0.0,0.0,0.0,3
118.0,1.0,-1.000088900581841e-12,0.0,0.0,0.0,0.0,0.0,18.0,3.0,1.060856947155021,0.0,0.0,73.2,0.0,0.0,0.0,0.0,0.0,0.0,0.0,2,0,0.5684121621621622,299.0044592755543,566.5,0.0,0.0,0.0,0.0,3
662.0,1.0,-1.000088900581841e-12,0.0,0.0,0.0,0.0,0.0,22.0,4.0,1.3421131789104002,0.0,0.0,88.9,0.0,0.0,0.0,0.0,0.0,0.0,0.0,2,0,0.5684121621621622,290.7433002954094,552.5,0.0,0.0,0.0,0.0,3
716.0,1.0,-1.000088900581841e-12,0.0,0.0,0.0,0.0,0.0,16.0,3.0,1.039720770836918,0.0,0.0,97.3,0.0,0.0,0.0,0.0,0.0,0.0,0.0,3,0,0.5684121621621622,291.1150975129939,553.0,0.0,0.0,0.0,0.0,3
52.0,1.0,-1.000088900581841e-12,0.0,0.0,0.0,0.0,0.0,10.0,2.0,0.5004024235361879,0.0,0.0,100.0,0.0,0.0,0.0,0.0,0.0,0.0,0.0,3,0,0.5684121621621622,350.4530401256826,387.0,0.0,0.0,0.0,0.0,3
0.0,0.0,0.0,0.0,0.0,0.0,0.0,0.0,20.0,4.0,1.3321790402061222,0.0,0.0,100.0,0.0,0.0,0.0,0.0,0.0,0.0,0.0,4,0,0.5684121621621622,384.0047742758762,357.5,0.0,0.0,0.0,0.0,3
0.0,0.0,0.0,0.0,0.0,0.0,0.0,0.0,20.0,4.0,1.3321790402061222,0.0,0.0,100.0,0.0,0.0,0.0,0.0,0.0,0.0,0.0,4,0,0.5684121621621622,350.19232810937854,192.0,0.0,0.0,0.0,0.0,3
0.0,0.0,0.0,0.0,0.0,0.0,0.0,0.0,20.0,4.0,1.3321790402061222,0.0,0.0,100.0,0.0,0.0,0.0,0.0,0.0,0.0,0.0,5,0,0.5684121621621622,25.99999999999938,13.0,0.0,0.0,0.0,0.0,3
0.0,0.0,0.0,0.0,0.0,0.0,0.0,0.0,12.0,2.0,0.6365141682928128,0.0,0.0,100.0,0.0,0.0,0.0,0.0,0.0,0.0,0.0,5,0,0.5684121621621622,0.0,0.0,0.0,0.0,0.0,0.0,3
0.0,0.0,0.0,0.0,0.0,0.0,0.0,0.0,16.0,3.0,0.9743147528663494,0.0,0.0,100.0,0.0,0.0,0.0,0.0,0.0,0.0,0.0,6,0,0.5684121621621622,0.0,0.0,0.0,0.0,0.0,0.0,3
0.0,0.0,0.0,0.0,0.0,0.0,0.0,0.0,12.0,2.0,0.6365141682928128,0.0,0.0,100.0,0.0,0.0,0.0,0.0,0.0,0.0,0.0,6,0,0.5684121621621622,0.0,0.0,0.0,0.0,0.0,0.0,3
0.0,0.0,0.0,0.0,0.0,0.0,0.0,0.0,16.0,3.0,1.039720770836918,0.0,0.0,100.0,0.0,0.0,0.0,0.0,0.0,0.0,0.0,7,0,0.5684121621621622,0.0,0.0,0.0,0.0,0.0,0.0,3
0.0,0.0,0.0,0.0,0.0,0.0,0.0,0.0,16.0,4.0,1.2130075659759043,0.0,0.0,100.0,0.0,0.0,0.0,0.0,0.0,0.0,0.0,7,0,0.5684121621621622,0.0,0.0,0.0,0.0,0.0,0.0,3
0.0,0.0,0.0,0.0,0.0,0.0,0.0,0.0,22.0,6.0,1.6417347121815211,0.0,0.0,100.0,0.0,0.0,0.0,0.0,0.0,0.0,0.0,8,1,0.5684121621621622,0.0,0.0,0.0,0.0,0.0,0.0,3
606.0,2.0,0.0397180066607305,0.0,0.0,0.0,0.0,0.0,32.0,6.0,1.7001649424085787,0.0,0.0,100.0,0.0,0.0,0.0,0.0,48.0,66.0,10.0,8,1,0.5684121621621622,302.99999999999994,151.5,0.0,0.0,0.0,0.0,3
690.0,3.0,0.7447370482895266,0.0,0.0,0.0,0.0,0.0,34.0,9.0,2.099292799924921,0.0,0.0,99.46666666666668,0.0,0.0,0.0,8.0,48.0,224.0,2.0,9,1,0.5684121621621622,375.6913626901741,324.0,0.0,0.0,0.0,0.0,3
692.0,7.0,1.448641629002701,0.0,0.0,0.0,0.0,0.0,58.0,9.0,2.010761683249147,0.0,0.0,95.56666666666666,0.0,0.0,0.0,0.0,120.0,6706.0,24.0,9,1,0.5684121621621622,333.7484082359045,497.0,0.0,0.0,0.0,0.0,3
716.0,2.0,0.1174181203521275,0.0,0.0,0.0,0.0,0.0,920.0,8.0,0.4736584832445446,0.0,0.0,88.63333333333334,0.0,0.0,0.0,0.0,24.0,12544.0,8.0,10,1,0.5684121621621622,48.138688529428194,676.0,0.0,0.0,0.0,0.0,3
714.0,9.0,1.550490609417474,0.0,110.0,0.0,0.0,0.0,158.0,12.0,1.8710704889562773,0.0,0.0,81.36666666666666,0.0,0.0,0.0,0.0,120.0,7356.0,26.0,10,1,0.5684121621621622,13.90443574307496,703.0,54.999999999999766,27.5,0.0,0.0,3
702.0,6.0,0.418742146484346,0.0,200.0,0.0,0.0,0.0,212.0,7.0,1.2328764869822069,0.0,0.0,76.23333333333333,0.0,46.0,26.0,60.0,528.0,2428.0,90.0,11,1,0.5684121621621622,11.195237082496307,706.0,96.73847907287622,77.5,0.0,0.0,3
646.0,4.0,0.2129436724026082,0.0,6.0,0.0,0.0,0.0,38.0,4.0,1.347484876992938,0.0,0.0,73.56666666666666,0.0,0.0,0.0,0.0,72.0,476.0,14.0,11,1,0.5684121621621622,32.91909273759885,694.5,95.17002329165057,79.0,0.0,0.0,3
642.0,4.0,0.6603360779234327,0.0,0.0,0.0,0.0,0.0,56.0,7.0,1.709525299092407,0.0,0.0,71.83333333333333,0.0,0.0,0.0,0.0,144.0,528.0,38.0,12,1,0.5684121621621622,37.30951621235482,676.0,95.17002329165057,79.0,0.0,0.0,3
676.0,4.0,0.9564261942764716,0.0,0.0,0.0,0.0,0.0,100.0,9.0,1.8344243653890608,0.0,0.0,68.43333333333334,0.0,0.0,0.0,0.0,144.0,280.0,20.0,12,1,0.5684121621621622,28.11286775363376,666.5,99.0403957988859,51.5,0.0,0.0,3
708.0,5.0,0.9401171463385152,0.0,0.0,0.0,0.0,0.0,212.0,9.0,1.5132409342904924,0.0,0.0,64.3,0.0,26.0,22.0,44.0,336.0,20026.0,78.0,13,1,0.5684121621621622,30.68115599734308,668.0,2.999999999995958,1.5,0.0,0.0,3
654.0,5.0,0.3718030632916472,0.0,0.0,0.0,0.0,0.0,62.0,6.0,1.4216244222083372,0.0,0.0,60.75862068965517,0.0,6.0,8.0,18.0,288.0,870.0,48.0,13,1,0.5684121621621622,28.98275349237832,670.0,0.0,0.0,0.0,0.0,3
656.0,5.0,0.8034296247941725,0.0,0.0,0.0,0.0,0.0,78.0,7.0,1.745282877552387,0.0,0.0,58.73333333333333,0.0,0.0,0.0,0.0,168.0,1268.0,42.0,14,1,0.5684121621621622,25.053276565484087,673.5,0.0,0.0,0.0,0.0,3
634.0,2.0,0.0213164757886426,0.0,0.0,0.0,0.0,0.0,20.0,3.0,1.054920167983144,0.0,0.0,57.333333333333336,0.0,0.0,0.0,0.0,48.0,32.0,6.0,14,1,0.5684121621621622,31.601687718643028,663.0,0.0,0.0,0.0,0.0,3
656.0,5.0,0.8820552844696979,0.0,0.0,0.0,0.0,0.0,58.0,7.0,1.7800755026377764,0.0,0.0,55.93333333333333,0.0,0.0,0.0,0.0,94.0,778.0,24.0,15,1,0.5684121621621622,10.70825226947113,650.0,0.0,0.0,0.0,0.0,3
636.0,1.0,-1.000088900581841e-12,0.0,0.0,0.0,0.0,0.0,134.0,6.0,0.7956622326937068,0.0,0.0,54.266666666666666,0.0,0.0,0.0,0.0,24.0,30.0,10.0,15,1,0.5684121621621622,12.151817422370756,645.5,0.0,0.0,0.0,0.0,3
636.0,2.0,0.1287888803963236,0.0,0.0,0.0,0.0,0.0,86.0,5.0,0.7873809080123291,0.0,0.0,53.1,0.0,0.0,0.0,0.0,24.0,240.0,8.0,16,1,0.5684121621621622,10.376254944180651,640.5,0.0,0.0,0.0,0.0,3
636.0,3.0,0.5353858640200814,0.0,0.0,0.0,0.0,0.0,60.0,9.0,2.0488828278923443,0.0,0.0,51.72413793103448,0.0,0.0,0.0,0.0,72.0,106.0,28.0,16,1,0.5684121621621622,9.99999999999834,641.0,0.0,0.0,0.0,0.0,3
634.0,3.0,0.193292597144198,0.0,0.0,0.0,0.0,0.0,28.0,5.0,1.450805020078924,0.0,0.0,50.46666666666667,0.0,0.0,0.0,0.0,72.0,584.0,16.0,17,1,0.5684121621621622,0.9999999999834016,635.5,0.0,0.0,0.0,0.0,3
708.0,3.0,0.4106133581087369,0.0,0.0,0.0,0.0,0.0,14.0,3.0,0.9556998911095343,0.0,0.0,47.9,0.0,0.0,0.0,0.0,24.0,186.0,8.0,17,1,0.5684121621621622,36.34556369077203,653.5,0.0,0.0,0.0,0.0,3
672.0,4.0,0.7966941228806799,0.0,0.0,0.0,0.0,0.0,62.0,8.0,1.7601350597893042,0.0,0.0,43.46666666666667,0.0,0.0,0.0,0.0,24.0,380.0,2.0,18,1,0.5684121621621622,34.99999999999951,662.5,0.0,0.0,0.0,0.0,3
634.0,5.0,0.8035607979563291,0.0,0.0,0.0,0.0,0.0,36.0,7.0,1.772881798466011,0.0,0.0,41.7,0.0,10.0,12.0,16.0,72.0,508.0,12.0,18,1,0.5684121621621622,35.51525493831206,662.0,0.0,0.0,0.0,0.0,3
632.0,1.0,-1.000088900581841e-12,0.0,0.0,0.0,0.0,0.0,12.0,4.0,1.3296613488507585,0.0,0.0,40.27586206896552,0.0,0.0,0.0,0.0,0.0,0.0,0.0,19,1,0.5684121621621622,36.05088995665201,661.5,0.0,0.0,0.0,0.0,3
636.0,2.0,0.0212593629067996,0.0,0.0,0.0,0.0,0.0,46.0,8.0,1.944794687712149,0.0,0.0,39.16666666666666,0.0,0.0,0.0,0.0,72.0,84.0,14.0,19,1,0.5684121621621622,19.070046320516173,643.5,0.0,0.0,0.0,0.0,3
662.0,3.0,0.576977650041025,0.0,0.0,0.0,0.0,0.0,28.0,5.0,1.4701319204038412,0.0,0.0,37.36666666666667,0.0,0.0,0.0,0.0,72.0,366.0,14.0,20,1,0.5684121621621622,14.094916341242769,641.0,0.0,0.0,0.0,0.0,3
638.0,1.0,-1.000088900581841e-12,0.0,0.0,0.0,0.0,0.0,46.0,5.0,1.4228504481489193,0.0,0.0,36.16666666666666,0.0,0.0,0.0,0.0,0.0,0.0,0.0,20,1,0.5684121621621622,13.564659966249272,642.0,0.0,0.0,0.0,0.0,3
640.0,3.0,0.264319619133726,0.0,0.0,0.0,0.0,0.0,66.0,9.0,1.920762422809776,0.0,0.0,34.7,0.0,0.0,0.0,0.0,48.0,264.0,18.0,21,0,0.5684121621621622,12.110601416388548,644.0,0.0,0.0,0.0,0.0,3
626.0,1.0,-1.000088900581841e-12,0.0,0.0,0.0,0.0,0.0,8.0,2.0,0.6931471805579453,0.0,0.0,33.51724137931034,0.0,0.0,0.0,0.0,0.0,0.0,0.0,21,0,0.5684121621621622,14.99999999999885,641.5,0.0,0.0,0.0,0.0,3
626.0,2.0,0.0215482557248673,0.0,0.0,0.0,0.0,0.0,42.0,7.0,1.822617832283264,0.0,0.0,32.4,0.0,0.0,0.0,0.0,48.0,60.0,14.0,22,0,0.5684121621621622,7.549834435268442,632.5,0.0,0.0,0.0,0.0,3
628.0,4.0,0.1373942661182761,0.0,0.0,0.0,0.0,0.0,26.0,4.0,1.3061066090813949,0.0,0.0,31.166666666666668,0.0,0.0,0.0,0.0,72.0,544.0,20.0,22,0,0.5684121621621622,6.733003292238791,630.0,0.0,0.0,0.0,0.0,3
710.0,3.0,0.3744418749349595,0.0,0.0,0.0,0.0,0.0,12.0,2.0,0.6365141682928128,0.0,0.0,27.7,0.0,0.0,0.0,0.0,24.0,564.0,6.0,23,0,0.5684121621621622,41.677331968349,647.5,0.0,0.0,0.0,0.0,3
718.0,1.0,-1.000088900581841e-12,0.0,0.0,0.0,0.0,0.0,8.0,1.0,-1.000088900581841e-12,0.0,0.0,21.133333333333333,0.0,0.0,0.0,0.0,0.0,270.0,0.0,23,0,0.5684121621621622,50.34216258101453,670.5,0.0,0.0,0.0,0.0,3
502.0,6.0,0.9693611094449188,0.0,0.0,0.0,0.0,0.0,376.0,5.0,0.9778965062474154,0.0,16.0,20.904761904761905,0.0,0.0,12.0,0.0,22.0,880.0,0.0,0,0,0.5684121621621622,100.28459502834905,639.5,0.0,0.0,0.0,0.0,3
716.0,1.0,-1.000088900581841e-12,0.0,0.0,0.0,0.0,0.0,54.0,4.0,0.9157588374491544,0.0,0.0,38.3,0.0,0.0,0.0,0.0,0.0,0.0,0.0,0,0,0.5684121621621622,106.3876559255504,661.5,0.0,0.0,0.0,0.0,3
268.0,1.0,-1.000088900581841e-12,0.0,0.0,0.0,0.0,0.0,18.0,4.0,1.3689223607362195,0.0,0.0,58.766666666666666,0.0,0.0,0.0,0.0,0.0,0.0,0.0,1,0,0.5684121621621622,214.16815823086296,551.0,0.0,0.0,0.0,0.0,3
0.0,0.0,0.0,0.0,0.0,0.0,0.0,0.0,12.0,3.0,1.0114042647043515,0.0,0.0,77.56666666666666,0.0,0.0,0.0,0.0,0.0,0.0,0.0,1,0,0.5684121621621622,307.91503156985794,371.5,0.0,0.0,0.0,0.0,3
0.0,0.0,0.0,0.0,0.0,0.0,0.0,0.0,8.0,1.0,-1.000088900581841e-12,0.0,0.0,91.73333333333332,0.0,0.0,0.0,0.0,0.0,0.0,0.0,2,0,0.5684121621621622,337.84414552670086,246.0,0.0,0.0,0.0,0.0,3
658.0,1.0,-1.000088900581841e-12,0.0,0.0,0.0,0.0,0.0,20.0,3.0,1.054920167983144,0.0,0.0,99.0,0.0,0.0,0.0,0.0,0.0,0.0,0.0,2,0,0.5684121621621622,311.1371616077599,231.5,0.0,0.0,0.0,0.0,3
716.0,1.0,-1.000088900581841e-12,0.0,0.0,0.0,0.0,0.0,12.0,2.0,0.6365141682928128,0.0,0.0,100.0,0.0,0.0,0.0,0.0,0.0,0.0,0.0,3,0,0.5684121621621622,397.34577721006,343.5,0.0,0.0,0.0,0.0,3
58.0,1.0,-1.000088900581841e-12,0.0,0.0,0.0,0.0,0.0,8.0,1.0,-1.000088900581841e-12,0.0,0.0,100.0,0.0,0.0,0.0,0.0,0.0,0.0,0.0,3,0,0.5684121621621622,381.3694621579796,358.0,0.0,0.0,0.0,0.0,3
0.0,0.0,0.0,0.0,0.0,0.0,0.0,0.0,12.0,2.0,0.6365141682928128,0.0,0.0,100.0,0.0,0.0,0.0,0.0,0.0,0.0,0.0,4,0,0.5684121621621622,381.3694621579796,358.0,0.0,0.0,0.0,0.0,3
0.0,0.0,0.0,0.0,0.0,0.0,0.0,0.0,20.0,5.0,1.4708084763171112,0.0,0.0,100.0,0.0,0.0,0.0,0.0,0.0,0.0,0.0,4,0,0.5684121621621622,349.40473188934726,193.5,0.0,0.0,0.0,0.0,3
0.0,0.0,0.0,0.0,0.0,0.0,0.0,0.0,12.0,2.0,0.6365141682928128,0.0,0.0,100.0,0.0,0.0,0.0,0.0,0.0,0.0,0.0,5,0,0.5684121621621622,28.99999999999944,14.5,0.0,0.0,0.0,0.0,3
0.0,0.0,0.0,0.0,0.0,0.0,0.0,0.0,12.0,2.0,0.6365141682928128,0.0,0.0,100.0,0.0,0.0,0.0,0.0,0.0,0.0,0.0,5,0,0.5684121621621622,0.0,0.0,0.0,0.0,0.0,0.0,3
0.0,0.0,0.0,0.0,0.0,0.0,0.0,0.0,14.0,3.0,0.9556998911095343,0.0,0.0,100.0,0.0,0.0,0.0,0.0,0.0,0.0,0.0,6,0,0.5684121621621622,0.0,0.0,0.0,0.0,0.0,0.0,3
0.0,0.0,0.0,0.0,0.0,0.0,0.0,0.0,20.0,5.0,1.4708084763171112,0.0,0.0,100.0,0.0,0.0,0.0,0.0,0.0,0.0,0.0,6,0,0.5684121621621622,0.0,0.0,0.0,0.0,0.0,0.0,3
0.0,0.0,0.0,0.0,0.0,0.0,0.0,0.0,14.0,3.0,0.9556998911095343,0.0,0.0,100.0,0.0,0.0,0.0,0.0,0.0,0.0,0.0,7,0,0.5684121621621622,0.0,0.0,0.0,0.0,0.0,0.0,3
0.0,0.0,0.0,0.0,0.0,0.0,0.0,0.0,22.0,5.0,1.5157079520807129,0.0,0.0,100.0,0.0,0.0,0.0,0.0,0.0,0.0,0.0,7,0,0.5684121621621622,0.0,0.0,0.0,0.0,0.0,0.0,3
698.0,5.0,1.1957660861724473,0.0,0.0,0.0,0.0,0.0,104.0,10.0,2.0075208454193123,0.0,0.0,99.83333333333331,0.0,0.0,0.0,6.0,212.0,2466.0,20.0,8,1,0.5684121621621622,348.99999999999994,174.5,0.0,0.0,0.0,0.0,3
698.0,5.0,1.018203470304126,0.0,74.0,0.0,0.0,0.0,68.0,6.0,1.608119578172052,0.0,0.0,95.26666666666668,0.0,0.0,0.0,0.0,96.0,516.0,36.0,8,1,0.5684121621621622,402.9904878943588,349.0,36.99999999999967,18.5,0.0,0.0,3
710.0,5.0,0.9737025397693488,0.0,204.0,0.0,0.0,0.0,146.0,6.0,1.2858012873273963,0.0,0.0,91.53333333333332,0.0,0.0,0.0,0.0,264.0,2292.0,40.0,9,1,0.5684121621621622,351.0455810859894,526.5,96.21330469326982,69.5,0.0,0.0,3
628.0,1.0,-1.000088900581841e-12,0.0,0.0,0.0,0.0,0.0,24.0,5.0,1.5171063970560277,0.0,0.0,89.16666666666667,0.0,0.0,0.0,0.0,0.0,0.0,0.0,9,1,0.5684121621621622,37.429934544425286,683.5,96.21330469326983,69.5,0.0,0.0,3
550.0,1.0,-1.000088900581841e-12,0.0,0.0,0.0,0.0,0.0,132.0,5.0,0.7927881014951969,0.0,0.0,87.9,6.0,0.0,0.0,0.0,0.0,0.0,0.0,10,1,0.5684121621621622,73.79927732256796,646.5,96.21330469326983,69.5,0.0,0.0,3
558.0,7.0,1.0116857281667253,0.0,0.0,0.0,0.0,0.0,208.0,11.0,1.4055969691703951,0.0,0.0,85.96666666666667,0.0,0.0,0.0,0.0,96.0,1498.0,20.0,10,1,0.5684121621621622,74.42893702496784,611.5,101.99999999999989,51.0,0.0,0.0,3
644.0,3.0,0.7871466006243305,0.0,0.0,0.0,0.0,0.0,254.0,7.0,0.679095747365725,0.0,0.0,84.33333333333333,0.0,0.0,0.0,0.0,94.0,942.0,14.0,11,1,0.5684121621621622,47.90267911783878,595.0,0.0,0.0,0.0,0.0,3
644.0,3.0,0.1997407967094731,0.0,0.0,0.0,0.0,0.0,36.0,6.0,1.6479184329961645,0.0,0.0,82.48275862068965,0.0,0.0,0.0,0.0,24.0,230.0,4.0,11,1,0.5684121621621622,52.06406310178478,599.0,0.0,0.0,0.0,0.0,3
640.0,4.0,0.1757451168648912,0.0,0.0,0.0,0.0,0.0,66.0,7.0,1.8337680522657496,0.0,0.0,81.43333333333334,0.0,0.0,0.0,0.0,96.0,552.0,28.0,12,1,0.5684121621621622,42.3753072751883,621.5,0.0,0.0,0.0,0.0,3
706.0,3.0,0.4127890371292579,0.0,0.0,0.0,0.0,0.0,30.0,5.0,1.5065950881266383,0.0,0.0,78.1,0.0,0.0,0.0,0.0,48.0,604.0,10.0,12,1,0.5684121621621622,31.72275734127307,658.5,0.0,0.0,0.0,0.0,3
650.0,4.0,0.7519217450261033,0.0,0.0,0.0,0.0,0.0,74.0,6.0,1.624896341265852,0.0,0.0,74.6,0.0,0.0,10.0,0.0,72.0,1512.0,10.0,13,1,0.5684121621621622,30.94080369565881,660.0,0.0,0.0,0.0,0.0,3
634.0,2.0,0.6883579120756125,0.0,0.0,0.0,0.0,0.0,54.0,6.0,1.5680271199815567,0.0,0.0,72.46666666666667,0.0,0.0,0.0,0.0,24.0,70.0,2.0,13,1,0.5684121621621622,32.99999999999941,657.5,0.0,0.0,0.0,0.0,3
648.0,4.0,0.4154201149464629,0.0,0.0,0.0,0.0,0.0,340.0,6.0,0.4925098643867776,0.0,0.0,71.48275862068965,0.0,0.0,0.0,6.0,72.0,1432.0,26.0,14,1,0.5684121621621622,31.80670788790672,659.5,0.0,0.0,0.0,0.0,3
630.0,3.0,0.0921931358204943,0.0,0.0,0.0,0.0,0.0,28.0,4.0,1.15374194269709,0.0,0.0,69.56666666666666,0.0,0.0,0.0,0.0,52.0,156.0,8.0,14,1,0.5684121621621622,9.983319421246,640.5,0.0,0.0,0.0,0.0,3
636.0,1.0,-1.000088900581841e-12,0.0,0.0,0.0,0.0,0.0,50.0,7.0,1.590560642824871,0.0,0.0,68.26666666666667,0.0,0.0,0.0,0.0,52.0,106.0,16.0,15,1,0.5684121621621622,7.745966692412318,637.0,0.0,0.0,0.0,0.0,3
634.0,5.0,0.4879247773008937,0.0,0.0,0.0,0.0,0.0,38.0,4.0,1.246982639893757,0.0,0.0,66.7,0.0,0.0,0.0,0.0,78.0,1352.0,14.0,15,1,0.5684121621621622,7.745966692412318,637.0,0.0,0.0,0.0,0.0,3
644.0,2.0,0.0377533684767965,0.0,0.0,0.0,0.0,0.0,366.0,4.0,0.225030898174392,0.0,0.0,65.4,0.0,0.0,0.0,0.0,26.0,404.0,10.0,16,1,0.5684121621621622,5.887840577548591,636.0,0.0,0.0,0.0,0.0,3
648.0,4.0,0.1851314474126987,0.0,0.0,0.0,0.0,0.0,254.0,5.0,0.641475632347713,0.0,0.0,63.72413793103448,0.0,0.0,0.0,0.0,130.0,510.0,42.0,16,1,0.5684121621621622,6.608075867196724,640.5,0.0,0.0,0.0,0.0,3
650.0,4.0,0.9021808407963144,0.0,0.0,0.0,0.0,0.0,28.0,5.0,1.4377014436379416,0.0,0.0,61.73333333333333,0.0,0.0,0.0,0.0,106.0,1738.0,26.0,17,1,0.5684121621621622,7.118052168018139,644.0,0.0,0.0,0.0,0.0,3
630.0,1.0,-1.000088900581841e-12,0.0,0.0,0.0,0.0,0.0,42.0,6.0,1.335603133636465,0.0,0.0,60.4,0.0,0.0,0.0,0.0,0.0,0.0,0.0,17,1,0.5684121621621622,9.018499505643632,643.0,0.0,0.0,0.0,0.0,3
460.0,3.0,0.6778405921837354,0.0,0.0,0.0,0.0,0.0,24.0,4.0,1.1988493129096212,0.0,0.0,59.27586206896552,10.0,0.0,0.0,0.0,28.0,132.0,10.0,18,1,0.5684121621621622,91.77508739667114,597.0,0.0,0.0,0.0,0.0,3
656.0,4.0,0.6802937146523635,0.0,0.0,0.0,0.0,0.0,44.0,10.0,2.0462409307285143,0.0,0.0,57.766666666666666,0.0,0.0,0.0,0.0,28.0,858.0,10.0,18,1,0.5684121621621622,93.3309523505821,599.0,0.0,0.0,0.0,0.0,3
716.0,6.0,1.0208140633318892,0.0,0.0,0.0,0.0,0.0,30.0,5.0,1.494365083448388,0.0,0.0,52.36666666666667,0.0,0.0,0.0,0.0,0.0,6966.0,0.0,19,1,0.5684121621621622,109.7436406661754,615.5,0.0,0.0,0.0,0.0,3
646.0,6.0,0.6619108832472773,0.0,0.0,0.0,0.0,0.0,44.0,6.0,1.591020268701019,0.0,0.0,48.1,0.0,0.0,0.0,0.0,112.0,1112.0,12.0,19,1,0.5684121621621622,110.73542040979162,619.5,0.0,0.0,0.0,0.0,3
650.0,5.0,0.6484535927043305,0.0,0.0,0.0,0.0,0.0,42.0,6.0,1.657699554149723,0.0,0.0,46.36666666666667,0.0,0.0,0.0,0.0,84.0,736.0,20.0,20,1,0.5684121621621622,32.924155266308084,667.0,0.0,0.0,0.0,0.0,3
638.0,2.0,0.0933661640542042,0.0,0.0,0.0,0.0,0.0,28.0,6.0,1.574097336842973,0.0,0.0,44.13333333333333,0.0,0.0,0.0,0.0,0.0,220.0,0.0,20,1,0.5684121621621622,36.013886210737695,662.5,0.0,0.0,0.0,0.0,3
632.0,1.0,-1.000088900581841e-12,0.0,0.0,0.0,0.0,0.0,24.0,6.0,1.632630927148352,0.0,0.0,42.86206896551724,0.0,0.0,0.0,0.0,0.0,0.0,0.0,21,0,0.5684121621621622,8.06225774829617,641.5,0.0,0.0,0.0,0.0,3
338.0,2.0,0.0891542786300054,0.0,0.0,0.0,0.0,0.0,54.0,8.0,1.7964216049433783,0.0,0.0,41.6,12.0,0.0,0.0,0.0,28.0,208.0,10.0,21,0,0.5684121621621622,151.18531674736127,564.5,0.0,0.0,0.0,0.0,3
632.0,1.0,-1.000088900581841e-12,0.0,0.0,0.0,0.0,0.0,30.0,4.0,1.2454410537577745,0.0,0.0,40.46666666666667,0.0,0.0,0.0,0.0,56.0,36.0,8.0,22,0,0.5684121621621622,148.02702455970652,560.0,0.0,0.0,0.0,0.0,3
650.0,5.0,0.6193330660783685,0.0,0.0,0.0,0.0,0.0,86.0,5.0,1.1061102451095937,0.0,0.0,39.03333333333333,0.0,0.0,0.0,0.0,304.0,1132.0,76.0,22,0,0.5684121621621622,150.23980830658684,563.0,0.0,0.0,0.0,0.0,3
718.0,1.0,-1.000088900581841e-12,0.0,0.0,0.0,0.0,0.0,28.0,2.0,0.5982695885832573,0.0,0.0,34.166666666666664,0.0,0.0,0.0,0.0,0.0,1178.0,0.0,23,0,0.5684121621621622,168.45474169639738,584.5,0.0,0.0,0.0,0.0,3
716.0,3.0,0.6098427319784907,0.0,0.0,0.0,0.0,0.0,10.0,2.0,0.5004024235361879,0.0,22.0,28.266666666666666,0.0,0.0,10.0,0.0,28.0,1390.0,0.0,23,0,0.5684121621621622,44.497190922573566,679.0,0.0,0.0,0.0,0.0,3
716.0,1.0,-1.000088900581841e-12,0.0,0.0,0.0,0.0,0.0,174.0,6.0,0.5711978383083492,0.0,0.0,40.9,0.0,0.0,0.0,0.0,0.0,0.0,0.0,0,0,0.5684121621621622,33.3466640010656,700.0,0.0,0.0,0.0,0.0,3
540.0,1.0,-1.000088900581841e-12,0.0,0.0,0.0,0.0,0.0,18.0,3.0,1.060856947155021,0.0,0.0,61.03333333333333,0.0,0.0,0.0,0.0,0.0,0.0,0.0,0,0,0.5684121621621622,88.33836463658714,672.5,0.0,0.0,0.0,0.0,3
0.0,0.0,0.0,0.0,0.0,0.0,0.0,0.0,10.0,2.0,0.6730116670072565,0.0,0.0,79.73333333333333,0.0,0.0,0.0,0.0,0.0,0.0,0.0,1,0,0.5684121621621622,338.97689203444725,493.0,0.0,0.0,0.0,0.0,3
0.0,0.0,0.0,0.0,0.0,0.0,0.0,0.0,14.0,3.0,1.0789922078745835,0.0,0.0,92.53333333333332,0.0,0.0,0.0,0.0,0.0,0.0,0.0,1,0,0.5684121621621622,369.6268388523756,314.0,0.0,0.0,0.0,0.0,3
0.0,0.0,0.0,0.0,0.0,0.0,0.0,0.0,12.0,2.0,0.6365141682928128,0.0,0.0,99.0,0.0,0.0,0.0,0.0,0.0,0.0,0.0,2,0,0.5684121621621622,270.0,135.0,0.0,0.0,0.0,0.0,3
654.0,1.0,-1.000088900581841e-12,0.0,0.0,0.0,0.0,0.0,16.0,3.0,1.039720770836918,0.0,0.0,100.0,0.0,0.0,0.0,0.0,0.0,0.0,0.0,2,0,0.5684121621621622,327.0,163.5,0.0,0.0,0.0,0.0,3
716.0,1.0,-1.000088900581841e-12,0.0,0.0,0.0,0.0,0.0,16.0,3.0,1.039720770836918,0.0,0.0,100.0,0.0,0.0,0.0,0.0,0.0,0.0,0.0,3,0,0.5684121621621622,396.2940827214053,342.5,0.0,0.0,0.0,0.0,3
62.0,1.0,-1.000088900581841e-12,0.0,0.0,0.0,0.0,0.0,10.0,2.0,0.5004024235361879,0.0,0.0,100.0,0.0,0.0,0.0,0.0,0.0,0.0,0.0,3,0,0.5684121621621622,379.2800196864229,358.0,0.0,0.0,0.0,0.0,3
0.0,0.0,0.0,0.0,0.0,0.0,0.0,0.0,16.0,3.0,1.039720770836918,0.0,0.0,100.0,0.0,0.0,0.0,0.0,0.0,0.0,0.0,4,0,0.5684121621621622,379.2800196864229,358.0,0.0,0.0,0.0,0.0,3
0.0,0.0,0.0,0.0,0.0,0.0,0.0,0.0,14.0,3.0,0.9556998911095343,0.0,0.0,100.0,0.0,0.0,0.0,0.0,0.0,0.0,0.0,4,0,0.5684121621621622,348.89301129907045,194.5,0.0,0.0,0.0,0.0,3
0.0,0.0,0.0,0.0,0.0,0.0,0.0,0.0,12.0,2.0,0.6365141682928128,0.0,0.0,100.0,0.0,0.0,0.0,0.0,0.0,0.0,0.0,5,0,0.5684121621621622,30.99999999999948,15.5,0.0,0.0,0.0,0.0,3
0.0,0.0,0.0,0.0,0.0,0.0,0.0,0.0,16.0,3.0,1.039720770836918,0.0,0.0,100.0,0.0,0.0,0.0,0.0,0.0,0.0,0.0,5,0,0.5684121621621622,0.0,0.0,0.0,0.0,0.0,0.0,3
0.0,0.0,0.0,0.0,0.0,0.0,0.0,0.0,24.0,5.0,1.5607104090364068,0.0,0.0,100.0,0.0,0.0,0.0,0.0,0.0,0.0,0.0,6,0,0.5684121621621622,0.0,0.0,0.0,0.0,0.0,0.0,3
0.0,0.0,0.0,0.0,0.0,0.0,0.0,0.0,8.0,1.0,-1.000088900581841e-12,0.0,0.0,100.0,0.0,0.0,0.0,0.0,0.0,0.0,0.0,6,0,0.5684121621621622,0.0,0.0,0.0,0.0,0.0,0.0,3
0.0,0.0,0.0,0.0,0.0,0.0,0.0,0.0,14.0,3.0,0.9556998911095343,0.0,0.0,100.0,0.0,0.0,0.0,0.0,0.0,0.0,0.0,7,0,0.5684121621621622,0.0,0.0,0.0,0.0,0.0,0.0,3
0.0,0.0,0.0,0.0,0.0,0.0,0.0,0.0,22.0,5.0,1.5157079520807129,0.0,0.0,100.0,0.0,0.0,0.0,0.0,28.0,0.0,0.0,7,0,0.5684121621621622,0.0,0.0,0.0,0.0,0.0,0.0,3
0.0,0.0,0.0,0.0,0.0,0.0,0.0,0.0,40.0,7.0,1.5910929054097251,0.0,0.0,100.0,0.0,0.0,0.0,0.0,0.0,0.0,0.0,8,1,0.5684121621621622,0.0,0.0,0.0,0.0,0.0,0.0,3
0.0,0.0,0.0,0.0,0.0,0.0,0.0,0.0,44.0,5.0,1.096575434252722,0.0,0.0,100.0,0.0,0.0,0.0,0.0,0.0,0.0,0.0,8,1,0.5684121621621622,0.0,0.0,0.0,0.0,0.0,0.0,3
0.0,0.0,0.0,0.0,0.0,0.0,0.0,0.0,24.0,6.0,1.676234939128731,0.0,0.0,100.0,0.0,0.0,0.0,0.0,0.0,0.0,0.0,9,1,0.5684121621621622,0.0,0.0,0.0,0.0,0.0,0.0,3
0.0,0.0,0.0,0.0,0.0,0.0,0.0,0.0,48.0,5.0,0.97610557717295,0.0,0.0,100.0,0.0,0.0,0.0,0.0,0.0,0.0,0.0,9,1,0.5684121621621622,0.0,0.0,0.0,0.0,0.0,0.0,3
660.0,8.0,1.4364120573587051,0.0,0.0,0.0,0.0,0.0,158.0,16.0,2.09500267210205,0.0,0.0,98.13333333333334,0.0,0.0,0.0,10.0,168.0,3732.0,34.0,10,1,0.5684121621621622,329.99999999999994,165.0,0.0,0.0,0.0,0.0,3
712.0,4.0,0.7470089286810175,0.0,0.0,0.0,0.0,0.0,562.0,8.0,0.3890885332655828,0.0,0.0,92.24137931034484,0.0,0.0,0.0,0.0,0.0,5894.0,0.0,10,1,0.5684121621621622,396.63081070436266,343.0,0.0,0.0,0.0,0.0,3
700.0,4.0,0.997806820745916,0.0,60.0,0.0,0.0,0.0,940.0,8.0,0.3743175365751668,0.0,0.0,82.8,0.0,0.0,0.0,0.0,252.0,6734.0,28.0,11,1,0.5684121621621622,346.0481662042631,518.0,29.99999999999964,15.0,0.0,0.0,3
716.0,2.0,0.4861419483642702,0.0,190.0,0.0,0.0,0.0,98.0,4.0,0.9256555580263458,0.0,0.0,78.43333333333334,0.0,0.0,0.0,0.0,222.0,1554.0,32.0,11,1,0.5684121621621622,25.586454749860025,697.0,89.58236433584446,62.5,0.0,0.0,3
634.0,4.0,0.11297834511976,0.0,28.0,0.0,0.0,0.0,42.0,7.0,1.6993255155182152,0.0,0.0,76.3,0.0,12.0,10.0,20.0,84.0,284.0,16.0,12,1,0.5684121621621622,38.27531841800886,690.5,83.99007877918267,69.5,0.0,0.0,3
700.0,7.0,1.1785317342756254,0.0,0.0,0.0,0.0,0.0,40.0,6.0,1.4285514187150008,0.0,0.0,73.4,0.0,0.0,0.0,0.0,168.0,2852.0,26.0,12,1,0.5684121621621622,36.45545226711594,687.5,83.99007877918267,69.5,0.0,0.0,3
642.0,3.0,0.2856332062556929,0.0,0.0,0.0,0.0,0.0,34.0,6.0,1.676696132585853,0.0,0.0,70.1,0.0,0.0,0.0,0.0,28.0,244.0,6.0,13,1,0.5684121621621622,41.06904755003013,673.0,91.29256997879573,54.5,0.0,0.0,3
636.0,1.0,-1.000088900581841e-12,0.0,0.0,0.0,0.0,0.0,30.0,4.0,1.1369165918290007,0.0,0.0,68.83333333333333,0.0,0.0,0.0,0.0,0.0,0.0,0.0,13,1,0.5684121621621622,31.51719107619366,653.0,13.999999999999236,7.0,0.0,0.0,3
656.0,2.0,0.1857503411394575,0.0,0.0,0.0,0.0,0.0,26.0,6.0,1.6052071074494587,0.0,0.0,66.36666666666666,0.0,0.0,0.0,0.0,56.0,242.0,14.0,14,1,0.5684121621621622,28.90789972769787,658.5,0.0,0.0,0.0,0.0,3
628.0,1.0,-1.000088900581841e-12,0.0,0.0,0.0,0.0,0.0,10.0,1.0,-1.000088900581841e-12,0.0,0.0,64.93103448275862,0.0,0.0,0.0,0.0,0.0,0.0,0.0,14,1,0.5684121621621622,11.81806526748917,640.5,0.0,0.0,0.0,0.0,3
390.0,4.0,0.599236557093004,0.0,0.0,0.0,0.0,0.0,80.0,5.0,1.26100156517392,0.0,0.0,63.5,0.0,0.0,0.0,0.0,112.0,488.0,10.0,15,1,0.5684121621621622,125.5534414767936,577.5,0.0,0.0,0.0,0.0,3
658.0,3.0,1.0236852218219854,0.0,0.0,0.0,0.0,0.0,44.0,4.0,1.2767672350545498,0.0,0.0,61.766666666666666,0.0,0.0,0.0,0.0,84.0,1510.0,16.0,15,1,0.5684121621621622,129.39345681550762,583.0,0.0,0.0,0.0,0.0,3
642.0,4.0,0.4391602981818483,0.0,0.0,0.0,0.0,0.0,38.0,7.0,1.8128014196469848,0.0,0.0,59.0,0.0,0.0,0.0,0.0,28.0,892.0,4.0,16,1,0.5684121621621622,126.92648791065362,579.5,0.0,0.0,0.0,0.0,3
650.0,7.0,0.5698759801056758,0.0,0.0,0.0,0.0,0.0,80.0,9.0,1.9136347026093368,0.0,0.0,57.03333333333333,0.0,0.0,0.0,0.0,140.0,882.0,26.0,16,1,0.5684121621621622,130.16399911905992,585.0,0.0,0.0,0.0,0.0,3
636.0,1.0,-1.000088900581841e-12,0.0,0.0,0.0,0.0,0.0,26.0,5.0,1.4791328074246437,0.0,0.0,55.27586206896552,0.0,0.0,0.0,0.0,28.0,0.0,0.0,17,1,0.5684121621621622,9.574271077561608,646.5,0.0,0.0,0.0,0.0,3
636.0,5.0,0.8309576200110622,0.0,0.0,0.0,0.0,0.0,52.0,6.0,1.714080615906295,0.0,0.0,54.16666666666666,0.0,0.0,0.0,0.0,140.0,358.0,28.0,17,1,0.5684121621621622,6.633249580708225,641.0,0.0,0.0,0.0,0.0,3
698.0,7.0,1.186519560399002,0.0,0.0,0.0,0.0,0.0,94.0,8.0,1.6547531092415315,0.0,0.0,49.73333333333333,0.0,0.0,0.0,0.0,84.0,1234.0,16.0,18,1,0.5684121621621622,29.416548630546373,655.0,0.0,0.0,0.0,0.0,3
706.0,6.0,1.4344791897850842,0.0,0.0,0.0,0.0,0.0,68.0,5.0,1.255107110869601,0.0,0.0,44.333333333333336,0.0,0.0,0.0,0.0,112.0,1564.0,14.0,18,1,0.5684121621621622,38.24482535803548,669.0,0.0,0.0,0.0,0.0,3
632.0,5.0,0.9065022251667156,0.0,0.0,0.0,0.0,0.0,28.0,4.0,1.1537419426970903,0.0,0.0,41.73333333333333,0.0,0.0,0.0,0.0,84.0,680.0,16.0,19,1,0.5684121621621622,39.42926155365623,668.0,0.0,0.0,0.0,0.0,3
648.0,3.0,0.4978848025597678,0.0,0.0,0.0,0.0,0.0,22.0,4.0,1.1685184057390878,0.0,0.0,39.833333333333336,0.0,0.0,0.0,0.0,112.0,1250.0,20.0,19,1,0.5684121621621622,36.53309002352024,671.0,0.0,0.0,0.0,0.0,3
626.0,1.0,-1.000088900581841e-12,0.0,0.0,0.0,0.0,0.0,4.0,2.0,0.6931471805579453,0.0,0.0,37.86666666666667,0.0,0.0,0.0,0.0,0.0,0.0,0.0,20,1,0.5684121621621622,36.53309002352024,653.0,0.0,0.0,0.0,0.0,3
640.0,3.0,0.3297563146093529,0.0,0.0,0.0,0.0,0.0,24.0,5.0,1.4451858789430825,0.0,0.0,36.241379310344826,0.0,0.0,0.0,0.0,84.0,554.0,4.0,20,1,0.5684121621621622,9.5742710775617,636.5,0.0,0.0,0.0,0.0,3
624.0,1.0,-1.000088900581841e-12,0.0,0.0,0.0,0.0,0.0,4.0,2.0,0.6931471805579453,0.0,0.0,35.1,0.0,0.0,0.0,0.0,0.0,0.0,0.0,21,0,0.5684121621621622,11.474609652037598,634.5,0.0,0.0,0.0,0.0,3
538.0,3.0,0.6535864671969702,0.0,0.0,0.0,0.0,0.0,16.0,2.0,0.5623351446168083,0.0,0.0,33.5,10.0,0.0,0.0,0.0,110.0,964.0,20.0,21,0,0.5684121621621622,46.5474668125628,607.0,0.0,0.0,0.0,0.0,3
638.0,1.0,-1.000088900581841e-12,0.0,0.0,0.0,0.0,0.0,18.0,3.0,0.8486855577234171,0.0,0.0,31.766666666666666,0.0,0.0,0.0,0.0,84.0,810.0,22.0,22,0,0.5684121621621622,48.52490769354059,610.0,0.0,0.0,0.0,0.0,3
628.0,2.0,0.3874749769241813,0.0,0.0,0.0,0.0,0.0,18.0,5.0,1.5229550675263184,0.0,0.0,30.23333333333333,0.0,0.0,0.0,0.0,28.0,52.0,2.0,22,0,0.5684121621621622,46.37528077183614,607.0,0.0,0.0,0.0,0.0,3
628.0,1.0,-1.000088900581841e-12,0.0,0.0,0.0,0.0,0.0,0.0,0.0,0.0,0.0,0.0,29.17241379310345,0.0,0.0,0.0,0.0,0.0,0.0,0.0,23,0,0.5684121621621622,46.90415759823395,608.0,0.0,0.0,0.0,0.0,3
700.0,7.0,1.2610074679676049,0.0,0.0,0.0,0.0,0.0,22.0,2.0,0.4741393130558373,0.0,0.0,26.433333333333334,0.0,0.0,0.0,0.0,196.0,3872.0,38.0,23,0,0.5684121621621622,34.655446902326425,648.5,0.0,0.0,0.0,0.0,3
718.0,1.0,-1.000088900581841e-12,0.0,0.0,0.0,0.0,0.0,0.0,0.0,0.0,0.0,0.0,19.866666666666667,0.0,0.0,0.0,0.0,0.0,476.0,0.0,0,0,0.5684121621621622,47.33920151417814,668.5,0.0,0.0,0.0,0.0,3
342.0,2.0,0.5990333689867534,0.0,0.0,0.0,0.0,0.0,62.0,3.0,0.6145237390852278,0.0,18.0,21.285714285714285,0.0,0.0,10.0,0.0,84.0,712.0,8.0,0,0,0.5684121621621622,174.3903667064209,597.0,0.0,0.0,0.0,0.0,3
716.0,1.0,-1.000088900581841e-12,0.0,0.0,0.0,0.0,0.0,40.0,4.0,1.0888999753412236,0.0,0.0,36.9,0.0,0.0,0.0,0.0,0.0,0.0,0.0,1,0,0.5684121621621622,184.8422751068236,619.0,0.0,0.0,0.0,0.0,3
280.0,1.0,-1.000088900581841e-12,0.0,0.0,0.0,0.0,0.0,14.0,3.0,0.9556998911095343,0.0,0.0,57.5,0.0,0.0,0.0,0.0,0.0,0.0,0.0,1,0,0.5684121621621622,235.76824779148407,514.0,0.0,0.0,0.0,0.0,3
0.0,0.0,0.0,0.0,0.0,0.0,0.0,0.0,14.0,3.0,1.0789922078745835,0.0,0.0,76.6,0.0,0.0,0.0,0.0,0.0,0.0,0.0,2,0,0.5684121621621622,294.6517718709097,334.5,0.0,0.0,0.0,0.0,3
642.0,1.0,-1.000088900581841e-12,0.0,0.0,0.0,0.0,0.0,12.0,2.0,0.6365141682928128,0.0,0.0,90.8,0.0,0.0,0.0,0.0,0.0,0.0,0.0,2,0,0.5684121621621622,332.89587961803704,409.5,0.0,0.0,0.0,0.0,3
716.0,1.0,-1.000088900581841e-12,0.0,0.0,0.0,0.0,0.0,24.0,4.0,1.3296613488507585,0.0,0.0,98.33333333333331,0.0,0.0,0.0,0.0,0.0,0.0,0.0,3,0,0.5684121621621622,332.89587961803704,409.5,0.0,0.0,0.0,0.0,3
74.0,1.0,-1.000088900581841e-12,0.0,0.0,0.0,0.0,0.0,10.0,2.0,0.6730116670072565,0.0,0.0,100.0,0.0,0.0,0.0,0.0,0.0,0.0,0.0,3,0,0.5684121621621622,373.1130302379338,358.0,0.0,0.0,0.0,0.0,3
0.0,0.0,0.0,0.0,0.0,0.0,0.0,0.0,12.0,2.0,0.6365141682928128,0.0,0.0,100.0,0.0,0.0,0.0,0.0,0.0,0.0,0.0,4,0,0.5684121621621622,373.1130302379338,358.0,0.0,0.0,0.0,0.0,3
0.0,0.0,0.0,0.0,0.0,0.0,0.0,0.0,12.0,2.0,0.6365141682928128,0.0,0.0,100.0,0.0,0.0,0.0,0.0,0.0,0.0,0.0,4,0,0.5684121621621622,347.42241340093943,197.5,0.0,0.0,0.0,0.0,3
0.0,0.0,0.0,0.0,0.0,0.0,0.0,0.0,20.0,4.0,1.3321790402061222,0.0,0.0,100.0,0.0,0.0,0.0,0.0,0.0,0.0,0.0,5,0,0.5684121621621622,36.99999999999904,18.5,0.0,0.0,0.0,0.0,3
0.0,0.0,0.0,0.0,0.0,0.0,0.0,0.0,14.0,3.0,1.0789922078745835,0.0,0.0,100.0,0.0,0.0,0.0,0.0,0.0,0.0,0.0,5,0,0.5684121621621622,0.0,0.0,0.0,0.0,0.0,0.0,3
0.0,0.0,0.0,0.0,0.0,0.0,0.0,0.0,12.0,3.0,1.0114042647043515,0.0,0.0,100.0,0.0,0.0,0.0,0.0,0.0,0.0,0.0,6,0,0.5684121621621622,0.0,0.0,0.0,0.0,0.0,0.0,3
0.0,0.0,0.0,0.0,0.0,0.0,0.0,0.0,10.0,2.0,0.6730116670072565,0.0,0.0,100.0,0.0,0.0,0.0,0.0,0.0,0.0,0.0,6,0,0.5684121621621622,0.0,0.0,0.0,0.0,0.0,0.0,3
0.0,0.0,0.0,0.0,0.0,0.0,0.0,0.0,12.0,3.0,1.0114042647043515,0.0,0.0,100.0,0.0,0.0,0.0,0.0,0.0,0.0,0.0,7,0,0.5684121621621622,0.0,0.0,0.0,0.0,0.0,0.0,3
0.0,0.0,0.0,0.0,0.0,0.0,0.0,0.0,12.0,2.0,0.6365141682928128,0.0,0.0,100.0,0.0,0.0,0.0,0.0,0.0,0.0,0.0,7,0,0.5684121621621622,0.0,0.0,0.0,0.0,0.0,0.0,3
0.0,0.0,0.0,0.0,0.0,0.0,0.0,0.0,26.0,5.0,1.4985690796720057,0.0,0.0,100.0,0.0,0.0,0.0,0.0,0.0,0.0,0.0,8,1,0.5684121621621622,0.0,0.0,0.0,0.0,0.0,0.0,3
0.0,0.0,0.0,0.0,0.0,0.0,0.0,0.0,20.0,3.0,1.054920167983144,0.0,0.0,100.0,0.0,0.0,0.0,0.0,0.0,0.0,0.0,8,1,0.5684121621621622,0.0,0.0,0.0,0.0,0.0,0.0,3
0.0,0.0,0.0,0.0,0.0,0.0,0.0,0.0,32.0,6.0,1.6631355916081727,0.0,0.0,100.0,0.0,0.0,0.0,0.0,0.0,0.0,0.0,9,1,0.5684121621621622,0.0,0.0,0.0,0.0,0.0,0.0,3
26.0,2.0,0.6172417697283417,0.0,0.0,0.0,0.0,0.0,52.0,13.0,2.3647424585681995,0.0,0.0,100.0,0.0,0.0,0.0,0.0,60.0,700.0,8.0,9,1,0.5684121621621622,12.999999999997254,6.5,0.0,0.0,0.0,0.0,3
700.0,5.0,1.252426902721766,0.0,0.0,0.0,0.0,0.0,66.0,9.0,1.935063384629646,0.0,0.0,98.06896551724138,0.0,0.0,0.0,8.0,90.0,2810.0,22.0,10,1,0.5684121621621622,345.88389188666565,181.5,0.0,0.0,0.0,0.0,3
702.0,6.0,1.0210003001011438,0.0,166.0,0.0,0.0,0.0,104.0,10.0,1.7203237618851055,0.0,0.0,93.4,0.0,0.0,0.0,0.0,270.0,998.0,36.0,10,1,0.5684121621621622,397.3596188173461,357.0,82.99999999999987,41.5,0.0,0.0,3
688.0,6.0,1.2303991111859285,0.0,72.0,0.0,0.0,0.0,88.0,6.0,1.6158729917410886,0.0,0.0,89.83333333333333,0.0,0.0,0.0,0.0,210.0,2992.0,20.0,11,1,0.5684121621621622,335.39031987621024,529.0,78.69561614219676,59.5,0.0,0.0,3
662.0,2.0,0.6712593945625005,0.0,0.0,0.0,0.0,0.0,36.0,6.0,1.6479184329961647,0.0,0.0,87.43333333333334,0.0,0.0,0.0,0.0,60.0,222.0,18.0,11,1,0.5684121621621622,18.40289832245493,688.0,78.69561614219676,59.5,0.0,0.0,3
640.0,3.0,0.8370950644025399,0.0,0.0,0.0,0.0,0.0,44.0,8.0,1.9246789663459367,0.0,0.0,85.93333333333334,0.0,0.0,0.0,0.0,120.0,414.0,28.0,12,1,0.5684121621621622,27.543904346817182,673.0,78.69561614219676,59.5,0.0,0.0,3
632.0,1.0,-1.000088900581841e-12,0.0,0.0,0.0,0.0,0.0,52.0,5.0,1.4791328074246437,0.0,0.0,84.7,0.0,0.0,0.0,0.0,0.0,0.0,0.0,12,1,0.5684121621621622,25.10644007686637,655.5,35.999999999999694,18.0,0.0,0.0,3
680.0,5.0,0.9002064110422953,0.0,0.0,0.0,0.0,0.0,64.0,7.0,1.4946713169276111,0.0,0.0,82.6896551724138,0.0,0.0,0.0,0.0,94.0,1030.0,8.0,13,1,0.5684121621621622,21.74856317093036,653.5,0.0,0.0,0.0,0.0,3
664.0,4.0,0.8541767491020634,0.0,0.0,0.0,0.0,0.0,42.0,7.0,1.776842988324482,0.0,0.0,78.3,0.0,0.0,0.0,0.0,68.0,1606.0,16.0,13,1,0.5684121621621622,22.03028218914324,654.0,0.0,0.0,0.0,0.0,3
634.0,3.0,0.1613055821735948,0.0,0.0,0.0,0.0,0.0,40.0,7.0,1.860534377462851,0.0,0.0,76.46666666666667,0.0,0.0,0.0,0.0,102.0,498.0,4.0,14,1,0.5684121621621622,23.45918441321611,652.5,0.0,0.0,0.0,0.0,3
632.0,1.0,-1.000088900581841e-12,0.0,0.0,0.0,0.0,0.0,24.0,5.0,1.5171063970560277,0.0,0.0,75.16666666666667,0.0,0.0,0.0,0.0,34.0,22.0,10.0,14,1,0.5684121621621622,23.45918441321611,652.5,0.0,0.0,0.0,0.0,3
654.0,4.0,0.7736162859936375,0.0,0.0,0.0,0.0,0.0,50.0,6.0,1.7007479891021369,0.0,0.0,73.62068965517241,0.0,0.0,0.0,0.0,140.0,1816.0,40.0,15,1,0.5684121621621622,15.57776192739558,646.0,0.0,0.0,0.0,0.0,3
620.0,1.0,-1.000088900581841e-12,0.0,0.0,0.0,0.0,0.0,10.0,2.0,0.6730116670072565,0.0,0.0,71.55172413793103,0.0,0.0,0.0,0.0,0.0,0.0,0.0,15,1,0.5684121621621622,14.09491634124216,635.0,0.0,0.0,0.0,0.0,3
634.0,3.0,0.6828180504034187,0.0,0.0,0.0,0.0,0.0,26.0,4.0,1.351681194681895,0.0,0.0,70.46666666666667,0.0,0.0,0.0,0.0,108.0,262.0,24.0,16,1,0.5684121621621622,14.09491634124216,635.0,0.0,0.0,0.0,0.0,3
628.0,1.0,-1.000088900581841e-12,0.0,0.0,0.0,0.0,0.0,20.0,4.0,1.3321790402061222,0.0,0.0,69.13333333333334,0.0,0.0,0.0,0.0,36.0,30.0,12.0,16,1,0.5684121621621622,14.51436070471639,634.0,0.0,0.0,0.0,0.0,3
652.0,4.0,0.6410743763611647,0.0,0.0,0.0,0.0,0.0,38.0,6.0,1.7183112141873198,0.0,0.0,67.7,0.0,0.0,0.0,0.0,180.0,552.0,34.0,17,1,0.5684121621621622,13.601470508733554,633.5,0.0,0.0,0.0,0.0,3
652.0,1.0,-1.000088900581841e-12,0.0,0.0,0.0,0.0,0.0,26.0,4.0,1.204793309690784,0.0,0.0,65.06666666666666,0.0,0.0,0.0,0.0,0.0,86.0,0.0,17,1,0.5684121621621622,12.369316876850904,641.5,0.0,0.0,0.0,0.0,3
670.0,6.0,0.997134581238738,0.0,0.0,0.0,0.0,0.0,204.0,9.0,1.010611112679614,0.0,0.0,62.6,0.0,0.0,0.0,0.0,72.0,1148.0,16.0,18,1,0.5684121621621622,17.233687939612594,650.5,0.0,0.0,0.0,0.0,3
634.0,3.0,0.3107382946960471,0.0,0.0,0.0,0.0,0.0,28.0,4.0,1.15374194269709,0.0,0.0,60.89655172413793,0.0,0.0,0.0,0.0,72.0,546.0,16.0,18,1,0.5684121621621622,14.69693845669732,652.0,0.0,0.0,0.0,0.0,3
660.0,4.0,0.2994062590881109,0.0,0.0,0.0,0.0,0.0,62.0,7.0,1.477304823327037,0.0,0.0,59.13333333333333,0.0,0.0,0.0,0.0,106.0,2270.0,34.0,19,1,0.5684121621621622,15.23154621172613,654.0,0.0,0.0,0.0,0.0,3
630.0,1.0,-1.000088900581841e-12,0.0,0.0,0.0,0.0,0.0,20.0,4.0,1.2798542258296677,0.0,0.0,57.833333333333336,0.0,0.0,0.0,0.0,72.0,46.0,18.0,19,1,0.5684121621621622,19.55334583474864,648.5,0.0,0.0,0.0,0.0,3
638.0,2.0,0.3046360973472382,0.0,0.0,0.0,0.0,0.0,30.0,5.0,1.436828668958032,0.0,0.0,56.23333333333333,0.0,0.0,0.0,0.0,108.0,538.0,20.0,20,1,0.5684121621621622,13.40397950858682,640.5,0.0,0.0,0.0,0.0,3
634.0,3.0,0.2662389668728493,0.0,0.0,0.0,0.0,0.0,52.0,6.0,1.4660636507470746,0.0,0.0,54.833333333333336,0.0,0.0,0.0,0.0,70.0,478.0,24.0,20,1,0.5684121621621622,13.40397950858682,640.5,0.0,0.0,0.0,0.0,3
636.0,2.0,0.1057716131834315,0.0,0.0,0.0,0.0,0.0,42.0,6.0,1.63331149832303,0.0,0.0,53.37931034482759,0.0,0.0,0.0,0.0,108.0,430.0,20.0,21,0,0.5684121621621622,3.415650255312355,634.5,0.0,0.0,0.0,0.0,3
634.0,2.0,0.0938350467361319,0.0,0.0,0.0,0.0,0.0,14.0,3.0,0.9556998911095343,0.0,0.0,52.16666666666666,0.0,0.0,0.0,0.0,36.0,364.0,8.0,21,0,0.5684121621621622,1.9148542154992785,635.5,0.0,0.0,0.0,0.0,3
638.0,4.0,0.4873249107175533,0.0,78.0,0.0,0.0,0.0,36.0,3.0,1.0263306332914863,0.0,0.0,50.766666666666666,0.0,0.0,0.0,0.0,178.0,454.0,22.0,22,0,0.5684121621621622,1.9148542154992785,635.5,38.99999999999972,19.5,0.0,0.0,3
710.0,1.0,-1.000088900581841e-12,0.0,414.0,0.0,0.0,0.0,208.0,2.0,0.4293230219286162,0.0,0.0,48.23333333333333,0.0,0.0,0.0,0.0,504.0,192.0,86.0,22,0,0.5684121621621622,37.03601850451281,654.5,197.453792062852,123.0,0.0,0.0,3
668.0,1.0,-1.000088900581841e-12,0.0,174.0,0.0,0.0,0.0,72.0,3.0,0.4258484492355814,0.0,0.0,46.2,0.0,0.0,0.0,0.0,252.0,28.0,10.0,23,0,0.5684121621621622,35.11409973215815,662.5,179.69140213154324,166.5,0.0,0.0,3
718.0,4.0,1.202189891419292,0.0,154.0,0.0,0.0,0.0,74.0,3.0,0.6836370561706084,0.0,0.0,43.46666666666667,0.0,0.0,0.0,0.0,252.0,3252.0,48.0,23,0,0.5684121621621622,37.42993454442512,683.5,145.34097839219325,205.0,0.0,0.0,3
716.0,2.0,0.2074648942027925,0.0,0.0,0.0,0.0,0.0,0.0,0.0,0.0,0.0,0.0,38.4,0.0,0.0,0.0,0.0,0.0,1966.0,0.0,0,0,0.5684121621621622,23.579652245102128,703.0,171.0233902131518,185.5,0.0,0.0,3
716.0,4.0,0.6166134871034423,0.0,0.0,0.0,0.0,0.0,194.0,6.0,1.2778751205105363,0.0,24.0,43.266666666666666,0.0,0.0,14.0,0.0,142.0,362.0,26.0,0,0,0.5684121621621622,24.35159132377081,704.5,95.03683496413365,82.0,0.0,0.0,3
716.0,1.0,-1.000088900581841e-12,0.0,0.0,0.0,0.0,0.0,20.0,3.0,1.054920167983144,0.0,0.0,63.16666666666666,0.0,0.0,0.0,0.0,0.0,0.0,0.0,1,0,0.5684121621621622,0.9999999999751878,716.5,76.99999999999986,38.5,0.0,0.0,3
142.0,1.0,-1.000088900581841e-12,0.0,0.0,0.0,0.0,0.0,12.0,3.0,1.0114042647043515,0.0,0.0,81.8,0.0,0.0,0.0,0.0,0.0,0.0,0.0,1,0,0.5684121621621622,286.99999999999994,572.5,0.0,0.0,0.0,0.0,3
0.0,0.0,0.0,0.0,0.0,0.0,0.0,0.0,10.0,2.0,0.5004024235361879,0.0,0.0,93.9,0.0,0.0,0.0,0.0,0.0,0.0,0.0,2,0,0.5684121621621622,376.8761954099338,393.5,0.0,0.0,0.0,0.0,3
638.0,1.0,-1.000088900581841e-12,0.0,0.0,0.0,0.0,0.0,10.0,2.0,0.6730116670072565,0.0,0.0,99.56666666666666,0.0,0.0,0.0,0.0,0.0,0.0,0.0,2,0,0.5684121621621622,356.0711539378985,374.0,0.0,0.0,0.0,0.0,3
716.0,1.0,-1.000088900581841e-12,0.0,0.0,0.0,0.0,0.0,16.0,3.0,1.039720770836918,0.0,0.0,100.0,0.0,0.0,0.0,0.0,0.0,0.0,0.0,3,0,0.5684121621621622,356.0711539378985,374.0,0.0,0.0,0.0,0.0,3
78.0,1.0,-1.000088900581841e-12,0.0,0.0,0.0,0.0,0.0,8.0,1.0,-1.000088900581841e-12,0.0,0.0,100.0,0.0,0.0,0.0,0.0,0.0,0.0,0.0,3,0,0.5684121621621622,371.0920820137952,358.0,0.0,0.0,0.0,0.0,3
0.0,0.0,0.0,0.0,0.0,0.0,0.0,0.0,14.0,3.0,0.9556998911095343,0.0,0.0,100.0,0.0,0.0,0.0,0.0,0.0,0.0,0.0,4,0,0.5684121621621622,371.0920820137952,358.0,0.0,0.0,0.0,0.0,3
0.0,0.0,0.0,0.0,0.0,0.0,0.0,0.0,14.0,3.0,1.0789922078745835,0.0,0.0,100.0,0.0,0.0,0.0,0.0,0.0,0.0,0.0,4,0,0.5684121621621622,346.9538874259805,198.5,0.0,0.0,0.0,0.0,3
0.0,0.0,0.0,0.0,0.0,0.0,0.0,0.0,16.0,3.0,1.039720770836918,0.0,0.0,100.0,0.0,0.0,0.0,0.0,0.0,0.0,0.0,5,0,0.5684121621621622,38.99999999999925,19.5,0.0,0.0,0.0,0.0,3
0.0,0.0,0.0,0.0,0.0,0.0,0.0,0.0,12.0,2.0,0.6365141682928128,0.0,0.0,100.0,0.0,0.0,0.0,0.0,0.0,0.0,0.0,5,0,0.5684121621621622,0.0,0.0,0.0,0.0,0.0,0.0,3
0.0,0.0,0.0,0.0,0.0,0.0,0.0,0.0,22.0,5.0,1.5157079520807129,0.0,0.0,100.0,0.0,0.0,0.0,0.0,0.0,0.0,0.0,6,0,0.5684121621621622,0.0,0.0,0.0,0.0,0.0,0.0,3
0.0,0.0,0.0,0.0,0.0,0.0,0.0,0.0,8.0,1.0,-1.000088900581841e-12,0.0,0.0,100.0,0.0,0.0,0.0,0.0,0.0,0.0,0.0,6,0,0.5684121621621622,0.0,0.0,0.0,0.0,0.0,0.0,3
0.0,0.0,0.0,0.0,0.0,0.0,0.0,0.0,18.0,4.0,1.2730283365856256,0.0,0.0,100.0,0.0,0.0,0.0,0.0,0.0,0.0,0.0,7,0,0.5684121621621622,0.0,0.0,0.0,0.0,0.0,0.0,3
0.0,0.0,0.0,0.0,0.0,0.0,0.0,0.0,14.0,3.0,0.9556998911095343,0.0,0.0,100.0,0.0,0.0,0.0,0.0,0.0,0.0,0.0,7,0,0.5684121621621622,0.0,0.0,0.0,0.0,0.0,0.0,3
0.0,0.0,0.0,0.0,0.0,0.0,0.0,0.0,26.0,6.0,1.6715952780152543,0.0,0.0,100.0,0.0,0.0,0.0,0.0,0.0,0.0,0.0,8,1,0.5684121621621622,0.0,0.0,0.0,0.0,0.0,0.0,3
0.0,0.0,0.0,0.0,0.0,0.0,0.0,0.0,38.0,7.0,1.7949173105106269,0.0,0.0,100.0,0.0,0.0,0.0,0.0,0.0,0.0,0.0,8,1,0.5684121621621622,0.0,0.0,0.0,0.0,0.0,0.0,3
694.0,9.0,1.7208608607887534,0.0,0.0,0.0,0.0,0.0,90.0,17.0,2.610329012258475,0.0,0.0,98.10344827586206,0.0,0.0,0.0,18.0,184.0,3934.0,32.0,9,1,0.5684121621621622,346.99999999999994,173.5,0.0,0.0,0.0,0.0,3
684.0,5.0,0.9736576278720516,0.0,0.0,0.0,0.0,0.0,38.0,7.0,1.895419547609808,0.0,0.0,92.06666666666666,0.0,0.0,0.0,0.0,114.0,1256.0,8.0,9,1,0.5684121621621622,397.815283768736,344.5,0.0,0.0,0.0,0.0,3
692.0,3.0,0.5174516246717841,0.0,0.0,0.0,0.0,0.0,60.0,6.0,1.4579427100842215,0.0,0.0,90.13793103448276,0.0,0.0,8.0,0.0,152.0,408.0,36.0,10,1,0.5684121621621622,345.0270520794951,517.5,0.0,0.0,0.0,0.0,3
668.0,6.0,0.9054594281173518,0.0,40.0,0.0,0.0,0.0,206.0,6.0,1.36664089423694,0.0,0.0,82.4,0.0,0.0,0.0,0.0,16.0,230.0,16.0,11,1,0.5684121621621622,80.28906110631307,641.5,19.999999999999424,10.0,0.0,0.0,3
692.0,4.0,0.8729993137271703,0.0,0.0,0.0,0.0,0.0,112.0,10.0,1.6401856570051994,0.0,0.0,76.03333333333333,0.0,0.0,0.0,0.0,2.0,162.0,2.0,12,1,0.5684121621621622,84.7977987135669,647.0,24.30363484474377,21.0,0.0,0.0,3
638.0,3.0,0.3932100024092599,0.0,0.0,0.0,0.0,0.0,20.0,4.0,1.3321790402061222,0.0,0.0,72.13333333333334,0.0,0.0,0.0,0.0,8.0,114.0,2.0,13,1,0.5684121621621622,40.0832467081524,665.0,21.99999999999948,11.0,0.0,0.0,3
642.0,2.0,0.4862681331635012,0.0,0.0,0.0,0.0,0.0,48.0,5.0,1.3721361080486076,0.0,0.0,69.79310344827586,0.0,0.0,0.0,0.0,12.0,50.0,10.0,14,1,0.5684121621621622,9.38083151964384,632.0,0.0,0.0,0.0,0.0,3
628.0,1.0,-1.000088900581841e-12,0.0,0.0,0.0,0.0,0.0,58.0,8.0,1.802123044529079,0.0,0.0,66.53333333333333,0.0,0.0,0.0,0.0,6.0,26.0,6.0,15,1,0.5684121621621622,7.724420150833979,631.5,0.0,0.0,0.0,0.0,3
628.0,2.0,0.3813920963683913,0.0,0.0,0.0,0.0,0.0,36.0,6.0,1.6479184329961647,0.0,0.0,64.3,0.0,0.0,0.0,0.0,6.0,52.0,6.0,16,1,0.5684121621621622,2.5166114784123046,628.5,0.0,0.0,0.0,0.0,3
628.0,1.0,-1.000088900581841e-12,0.0,0.0,0.0,0.0,0.0,42.0,3.0,0.8641502031919701,0.0,0.0,61.66666666666666,0.0,0.0,0.0,0.0,4.0,10.0,4.0,17,1,0.5684121621621622,3.4641016151295583,629.0,0.0,0.0,0.0,0.0,3
690.0,5.0,0.5292186121973701,0.0,0.0,0.0,0.0,0.0,140.0,9.0,1.106620551688658,0.0,0.0,57.63333333333333,0.0,0.0,0.0,0.0,4.0,212.0,4.0,18,1,0.5684121621621622,28.118795611949835,649.0,0.0,0.0,0.0,0.0,3
636.0,4.0,0.2787652438939075,0.0,0.0,0.0,0.0,0.0,34.0,6.0,1.6300005591556537,0.0,0.0,52.63333333333333,0.0,0.0,0.0,0.0,8.0,180.0,4.0,19,1,0.5684121621621622,23.85372088375192,657.5,0.0,0.0,0.0,0.0,3
642.0,5.0,0.378337968901011,0.0,0.0,0.0,0.0,0.0,50.0,10.0,1.944201215241227,0.0,0.0,49.23333333333333,0.0,0.0,0.0,0.0,8.0,140.0,6.0,20,1,0.5684121621621622,12.961481396813513,642.0,0.0,0.0,0.0,0.0,3
656.0,6.0,1.0748162369988776,0.0,0.0,0.0,0.0,0.0,108.0,8.0,1.720068402115723,0.0,0.0,46.7,0.0,0.0,0.0,0.0,26.0,592.0,20.0,21,0,0.5684121621621622,14.8211560502752,637.5,0.0,0.0,0.0,0.0,3
680.0,5.0,1.2154544108466556,0.0,132.0,0.0,0.0,0.0,134.0,3.0,0.9776511161638716,0.0,0.0,42.16666666666666,0.0,0.0,0.0,0.0,24.0,504.0,18.0,22,0,0.5684121621621622,28.861739379322632,644.5,65.99999999999983,33.0,0.0,0.0,3
710.0,7.0,1.4629767121354933,0.0,26.0,0.0,0.0,0.0,62.0,4.0,1.0626692600018446,0.0,0.0,34.833333333333336,0.0,0.0,0.0,0.0,12.0,736.0,12.0,23,0,0.5684121621621622,40.6939798987509,678.0,57.60497663686108,56.5,0.0,0.0,3
714.0,4.0,0.5056878021672202,0.0,0.0,0.0,0.0,0.0,190.0,7.0,0.7720877549674919,0.0,2.0,33.96551724137931,0.0,0.0,0.0,0.0,4.0,52.0,0.0,0,0,0.5684121621621622,6.191391873664146,710.5,32.09880579294672,23.5,0.0,0.0,3
118.0,1.0,-1.000088900581841e-12,0.0,0.0,0.0,0.0,0.0,16.0,3.0,1.039720770836918,0.0,0.0,72.83333333333333,0.0,0.0,0.0,0.0,0.0,0.0,0.0,1,0,0.5684121621621622,298.66815475819755,566.0,0.0,0.0,0.0,0.0,3
0.0,0.0,0.0,0.0,0.0,0.0,0.0,0.0,16.0,3.0,1.039720770836918,0.0,0.0,96.86666666666666,0.0,0.0,0.0,0.0,0.0,0.0,0.0,2,0,0.5684121621621622,342.8755848214723,208.5,0.0,0.0,0.0,0.0,3
0.0,0.0,0.0,0.0,0.0,0.0,0.0,0.0,172.0,4.0,0.3599536665925991,0.0,0.0,100.0,0.0,0.0,0.0,0.0,0.0,0.0,0.0,3,0,0.5684121621621622,0.0,0.0,0.0,0.0,0.0,0.0,3
0.0,0.0,0.0,0.0,0.0,0.0,0.0,0.0,14.0,3.0,1.0789922078745835,0.0,0.0,100.0,0.0,0.0,0.0,0.0,0.0,0.0,0.0,4,0,0.5684121621621622,0.0,0.0,0.0,0.0,0.0,0.0,3
228.0,1.0,-1.000088900581841e-12,0.0,0.0,0.0,0.0,0.0,16.0,3.0,1.039720770836918,0.0,0.0,100.0,0.0,0.0,0.0,0.0,0.0,0.0,0.0,5,0,0.5684121621621622,113.99999999999986,57.0,0.0,0.0,0.0,0.0,3
490.0,1.0,-1.000088900581841e-12,0.0,0.0,0.0,0.0,0.0,18.0,4.0,1.2730283365856256,0.0,0.0,100.0,0.0,0.0,0.0,0.0,0.0,0.0,0.0,6,0,0.5684121621621622,311.2614121067156,358.5,0.0,0.0,0.0,0.0,3
652.0,3.0,0.7610697719295827,0.0,0.0,0.0,0.0,0.0,114.0,6.0,1.3096879964585375,0.0,0.0,82.23333333333333,0.0,0.0,0.0,0.0,4.0,118.0,4.0,11,1,0.5684121621621622,27.39829678404508,691.0,47.535951307054354,36.5,0.0,0.0,3
668.0,3.0,0.7104482078948235,0.0,0.0,0.0,0.0,0.0,132.0,8.0,1.094467335176014,0.0,0.0,79.56666666666666,0.0,0.0,0.0,0.0,16.0,108.0,14.0,12,1,0.5684121621621622,32.91909273759856,664.5,12.999999999999094,6.5,0.0,0.0,3
626.0,1.0,-1.000088900581841e-12,0.0,0.0,0.0,0.0,0.0,8.0,3.0,1.039720770836918,0.0,0.0,74.76666666666667,0.0,0.0,0.0,0.0,0.0,0.0,0.0,13,1,0.5684121621621622,22.060522810364542,647.0,0.0,0.0,0.0,0.0,3
198.0,5.0,1.132905583825195,0.0,0.0,0.0,0.0,0.0,38.0,9.0,2.041345269830954,0.0,0.0,72.63333333333334,0.0,0.0,0.0,0.0,20.0,448.0,8.0,14,1,0.5684121621621622,240.55699255408604,438.5,0.0,0.0,0.0,0.0,3
706.0,2.0,0.0349602416405353,0.0,92.0,0.0,0.0,0.0,142.0,6.0,0.9329557551389672,0.0,0.0,66.83333333333333,0.0,0.0,0.0,0.0,62.0,130.0,22.0,15,1,0.5684121621621622,273.92456382490894,468.0,54.295487841992696,47.0,0.0,0.0,3
662.0,5.0,1.0502909943096703,0.0,10.0,0.0,0.0,0.0,50.0,5.0,1.3596152569571447,0.0,0.0,61.63333333333333,0.0,0.0,0.0,0.0,56.0,980.0,22.0,16,1,0.5684121621621622,22.2411030901484,695.0,56.3086731034096,86.0,0.0,0.0,3
504.0,1.0,-1.000088900581841e-12,0.0,0.0,0.0,0.0,0.0,12.0,2.0,0.6365141682928128,0.0,0.0,58.9,4.0,0.0,0.0,0.0,0.0,0.0,0.0,17,1,0.5684121621621622,88.01515021100973,626.0,71.48892688148734,39.0,0.0,0.0,3
702.0,5.0,1.0939060982958684,0.0,0.0,0.0,0.0,0.0,282.0,8.0,0.6984339355433136,0.0,0.0,55.2,0.0,0.0,0.0,0.0,18.0,1298.0,10.0,18,1,0.5684121621621622,84.02182256215707,601.5,0.0,0.0,0.0,0.0,3
648.0,2.0,0.2057222646846961,0.0,0.0,0.0,0.0,0.0,304.0,5.0,0.3442865071509485,0.0,0.0,50.53333333333333,0.0,0.0,0.0,0.0,40.0,372.0,20.0,19,1,0.5684121621621622,53.500778810530136,638.5,0.0,0.0,0.0,0.0,3
642.0,3.0,0.6200922712763736,0.0,0.0,0.0,0.0,0.0,132.0,8.0,1.0642435917020878,0.0,0.0,47.43333333333333,0.0,0.0,0.0,0.0,40.0,174.0,22.0,20,1,0.5684121621621622,7.11805216801653,642.0,0.0,0.0,0.0,0.0,3
640.0,3.0,0.2102048262781956,0.0,0.0,0.0,0.0,0.0,72.0,7.0,1.5619042919068071,0.0,0.0,43.9,0.0,0.0,0.0,0.0,50.0,76.0,18.0,21,0,0.5684121621621622,3.6514837166926286,644.0,0.0,0.0,0.0,0.0,3
628.0,1.0,-1.000088900581841e-12,0.0,0.0,0.0,0.0,0.0,28.0,5.0,1.5124511784614485,0.0,0.0,41.4,0.0,0.0,0.0,0.0,20.0,38.0,14.0,22,0,0.5684121621621622,11.015141094569408,635.0,0.0,0.0,0.0,0.0,3
630.0,2.0,0.0384523435849414,0.0,0.0,0.0,0.0,0.0,46.0,3.0,0.6698932216107067,0.0,0.0,39.0,0.0,0.0,0.0,0.0,10.0,26.0,6.0,23,0,0.5684121621621622,2.8284271247352906,628.0,0.0,0.0,0.0,0.0,3
718.0,1.0,-1.000088900581841e-12,0.0,0.0,0.0,0.0,0.0,12.0,2.0,0.6365141682928128,0.0,0.0,33.56666666666667,0.0,0.0,0.0,0.0,0.0,296.0,0.0,0,0,0.5684121621621622,41.48493702538234,659.5,0.0,0.0,0.0,0.0,3
716.0,1.0,-1.000088900581841e-12,0.0,0.0,0.0,0.0,0.0,12.0,3.0,1.0986122886651095,0.0,0.0,56.2,0.0,0.0,0.0,0.0,0.0,0.0,0.0,1,0,0.5684121621621622,27.77888886666645,701.5,0.0,0.0,0.0,0.0,3
0.0,0.0,0.0,0.0,0.0,0.0,0.0,0.0,14.0,2.0,0.6829081046984717,0.0,0.0,89.83333333333333,0.0,0.0,0.0,0.0,0.0,0.0,0.0,2,0,0.5684121621621622,377.0817771606932,391.0,0.0,0.0,0.0,0.0,3
0.0,0.0,0.0,0.0,0.0,0.0,0.0,0.0,16.0,4.0,1.320888343145322,0.0,0.0,100.0,0.0,0.0,0.0,0.0,0.0,0.0,0.0,3,0,0.5684121621621622,67.99999999999977,34.0,0.0,0.0,0.0,0.0,3
0.0,0.0,0.0,0.0,0.0,0.0,0.0,0.0,14.0,3.0,1.0789922078745835,0.0,0.0,100.0,0.0,0.0,0.0,0.0,0.0,0.0,0.0,4,0,0.5684121621621622,0.0,0.0,0.0,0.0,0.0,0.0,3
220.0,1.0,-1.000088900581841e-12,0.0,0.0,0.0,0.0,0.0,12.0,2.0,0.6365141682928128,0.0,0.0,100.0,0.0,0.0,0.0,0.0,0.0,0.0,0.0,5,0,0.5684121621621622,109.99999999999986,55.0,0.0,0.0,0.0,0.0,3
494.0,1.0,-1.000088900581841e-12,0.0,0.0,0.0,0.0,0.0,16.0,4.0,1.320888343145322,0.0,0.0,100.0,0.0,0.0,0.0,0.0,0.0,0.0,0.0,6,0,0.5684121621621622,313.7429946097069,358.0,0.0,0.0,0.0,0.0,3
0.0,0.0,0.0,0.0,0.0,0.0,0.0,0.0,18.0,4.0,1.273028336585626,0.0,0.0,100.0,0.0,0.0,0.0,0.0,0.0,0.0,0.0,7,0,0.5684121621621622,361.62780129114327,303.0,0.0,0.0,0.0,0.0,3
0.0,0.0,0.0,0.0,0.0,0.0,0.0,0.0,24.0,6.0,1.676234939128731,0.0,0.0,100.0,0.0,0.0,0.0,0.0,0.0,0.0,0.0,8,1,0.5684121621621622,0.0,0.0,0.0,0.0,0.0,0.0,3
704.0,6.0,0.7589846766007945,0.0,0.0,0.0,0.0,0.0,290.0,7.0,0.6405600375710823,0.0,0.0,96.0,0.0,0.0,0.0,0.0,20.0,642.0,10.0,9,1,0.5684121621621622,333.85176351189153,216.5,0.0,0.0,0.0,0.0,3
718.0,6.0,1.0197093429701714,0.0,8.0,0.0,0.0,0.0,498.0,8.0,0.4739948187212577,0.0,0.0,87.26666666666667,0.0,4.0,8.0,12.0,40.0,9594.0,18.0,10,1,0.5684121621621622,272.4622297983091,570.5,30.897680603350214,18.0,0.0,0.0,3
660.0,7.0,1.1725155334982242,0.0,0.0,0.0,0.0,0.0,214.0,8.0,1.134670635811081,0.0,0.0,79.5,0.0,0.0,0.0,0.0,70.0,1066.0,26.0,11,1,0.5684121621621622,26.882460204873635,698.0,54.09867527644872,47.0,0.0,0.0,3
666.0,5.0,1.1393552669841194,0.0,0.0,0.0,0.0,0.0,104.0,4.0,1.1014708467495324,0.0,0.0,73.76666666666667,0.0,0.0,0.0,0.0,140.0,380.0,44.0,12,1,0.5684121621621622,25.370586644116344,682.5,57.99999999999981,29.0,0.0,0.0,3
664.0,4.0,0.7859541745277989,0.0,0.0,0.0,0.0,0.0,174.0,6.0,0.9442684345923578,0.0,0.0,69.86666666666666,0.0,0.0,0.0,0.0,90.0,584.0,38.0,13,1,0.5684121621621622,18.797162906494208,665.0,0.0,0.0,0.0,0.0,3
656.0,8.0,0.454938828456398,0.0,0.0,0.0,0.0,0.0,150.0,8.0,1.644495857915481,0.0,0.0,65.76666666666667,0.0,0.0,0.0,0.0,40.0,532.0,10.0,14,1,0.5684121621621622,10.893423092243122,651.0,0.0,0.0,0.0,0.0,3
706.0,3.0,0.7021604504484468,0.0,0.0,0.0,0.0,0.0,300.0,5.0,0.3263038444265032,0.0,0.0,57.7,0.0,0.0,0.0,0.0,30.0,940.0,18.0,15,1,0.5684121621621622,32.30583022716822,676.5,0.0,0.0,0.0,0.0,3
708.0,8.0,0.7442941153365523,0.0,0.0,0.0,0.0,0.0,36.0,4.0,1.1490596969666202,0.0,0.0,44.73333333333333,0.0,8.0,46.0,66.0,20.0,778.0,10.0,16,1,0.5684121621621622,4.999999999994886,707.5,0.0,0.0,0.0,0.0,3
676.0,4.0,0.8211515480952651,0.0,0.0,0.0,0.0,0.0,14.0,3.0,1.0789922078745835,0.0,0.0,37.16666666666666,0.0,0.0,28.0,34.0,10.0,432.0,6.0,17,1,0.5684121621621622,34.03429642776948,684.5,0.0,0.0,0.0,0.0,3
386.0,1.0,-1.000088900581841e-12,0.0,0.0,0.0,0.0,0.0,2.0,1.0,-1.000088900581841e-12,0.0,0.0,33.93333333333333,8.0,0.0,0.0,0.0,0.0,0.0,0.0,18,1,0.5684121621621622,132.57827876390593,582.5,0.0,0.0,0.0,0.0,3
416.0,2.0,0.1307081196492618,0.0,0.0,0.0,0.0,0.0,78.0,9.0,1.6079742697416592,0.0,0.0,31.8,0.0,0.0,0.0,0.0,10.0,104.0,4.0,19,1,0.5684121621621622,261.54094644370053,357.5,0.0,0.0,0.0,0.0,3
634.0,4.0,0.0808327107812054,0.0,0.0,0.0,0.0,0.0,56.0,6.0,1.6488470716664796,0.0,0.0,28.9,0.0,0.0,0.0,0.0,40.0,138.0,14.0,20,1,0.5684121621621622,297.9440663390809,420.0,0.0,0.0,0.0,0.0,3
682.0,4.0,0.1443702753535273,0.0,72.0,0.0,0.0,0.0,128.0,7.0,1.1974804686415927,0.0,0.0,24.7,0.0,0.0,0.0,0.0,100.0,298.0,26.0,21,0,0.5684121621621622,31.39001964531547,659.0,66.34003316248777,52.5,0.0,0.0,3
714.0,4.0,0.6190494514761844,0.0,0.0,0.0,0.0,0.0,42.0,5.0,1.3040940345018246,0.0,0.0,36.46666666666667,0.0,0.0,0.0,0.0,0.0,1150.0,0.0,22,0,0.5684121621621622,15.947831618539636,699.5,58.06892456383171,63.0,0.0,0.0,3
718.0,3.0,0.627722320535544,0.0,0.0,0.0,0.0,0.0,22.0,5.0,1.5157079520807129,0.0,0.0,71.66666666666667,0.0,0.0,4.0,0.0,10.0,268.0,0.0,23,0,0.5684121621621622,2.999999999993302,715.5,20.999999999999467,10.5,0.0,0.0,3
186.0,1.0,-1.000088900581841e-12,0.0,0.0,0.0,0.0,0.0,200.0,5.0,0.5976112249953969,0.0,0.0,97.86666666666666,0.0,0.0,0.0,0.0,0.0,0.0,0.0,0,0,0.5684121621621622,265.66833960159164,584.5,0.0,0.0,0.0,0.0,3
0.0,0.0,0.0,0.0,0.0,0.0,0.0,0.0,16.0,3.0,1.039720770836918,0.0,0.0,100.0,0.0,0.0,0.0,0.0,0.0,0.0,0.0,1,0,0.5684121621621622,338.5513255032388,225.5,0.0,0.0,0.0,0.0,3
0.0,0.0,0.0,0.0,0.0,0.0,0.0,0.0,20.0,3.0,1.054920167983144,0.0,0.0,100.0,0.0,0.0,0.0,0.0,0.0,0.0,0.0,2,0,0.5684121621621622,0.0,0.0,0.0,0.0,0.0,0.0,3
0.0,0.0,0.0,0.0,0.0,0.0,0.0,0.0,22.0,4.0,1.3421131789104002,0.0,0.0,100.0,0.0,0.0,0.0,0.0,0.0,0.0,0.0,3,0,0.5684121621621622,0.0,0.0,0.0,0.0,0.0,0.0,3
0.0,0.0,0.0,0.0,0.0,0.0,0.0,0.0,20.0,3.0,1.054920167983144,0.0,0.0,100.0,0.0,0.0,0.0,0.0,0.0,0.0,0.0,4,0,0.5684121621621622,0.0,0.0,0.0,0.0,0.0,0.0,3
218.0,1.0,-1.000088900581841e-12,0.0,0.0,0.0,0.0,0.0,16.0,3.0,1.039720770836918,0.0,0.0,100.0,0.0,0.0,0.0,0.0,0.0,0.0,0.0,5,0,0.5684121621621622,108.99999999999984,54.5,0.0,0.0,0.0,0.0,3
500.0,1.0,-1.000088900581841e-12,0.0,0.0,0.0,0.0,0.0,20.0,4.0,1.3321790402061222,0.0,0.0,100.0,0.0,0.0,0.0,0.0,0.0,0.0,0.0,6,0,0.5684121621621622,314.1607868592132,358.5,0.0,0.0,0.0,0.0,3
0.0,0.0,0.0,0.0,0.0,0.0,0.0,0.0,18.0,4.0,1.3689223607362195,0.0,0.0,100.0,0.0,0.0,0.0,0.0,0.0,0.0,0.0,7,0,0.5684121621621622,361.9355375385696,304.0,0.0,0.0,0.0,0.0,3
0.0,0.0,0.0,0.0,0.0,0.0,0.0,0.0,28.0,6.0,1.7104932300490043,0.0,0.0,100.0,0.0,0.0,0.0,0.0,0.0,0.0,0.0,8,1,0.5684121621621622,0.0,0.0,0.0,0.0,0.0,0.0,3
694.0,10.0,1.6600043197213263,0.0,0.0,0.0,0.0,0.0,120.0,15.0,2.373449420318046,0.0,0.0,99.56666666666666,0.0,0.0,0.0,4.0,78.0,2216.0,16.0,9,1,0.5684121621621622,347.0,173.5,0.0,0.0,0.0,0.0,3
716.0,3.0,0.4144870745614266,0.0,118.0,0.0,0.0,0.0,518.0,4.0,0.8383954784874975,0.0,0.0,93.53333333333332,0.0,0.0,0.0,0.0,132.0,1242.0,64.0,10,1,0.5684121621621622,348.05124143819205,521.5,57.28001396647855,32.5,0.0,0.0,3
638.0,1.0,-1.000088900581841e-12,0.0,0.0,0.0,0.0,0.0,126.0,4.0,0.6368274024394887,0.0,0.0,89.3,0.0,0.0,0.0,0.0,0.0,0.0,0.0,11,1,0.5684121621621622,31.93221988316244,675.5,53.20087718575053,45.5,0.0,0.0,3
666.0,3.0,0.8661792384881241,0.0,0.0,0.0,0.0,0.0,26.0,6.0,1.697733591368392,0.0,0.0,86.20689655172414,0.0,0.0,0.0,0.0,12.0,756.0,4.0,12,1,0.5684121621621622,119.25742464657412,599.5,25.999999999999567,13.0,0.0,0.0,3
710.0,6.0,0.8844392460584584,0.0,188.0,0.0,0.0,0.0,460.0,7.0,1.4441768038900602,0.0,0.0,77.3,0.0,24.0,20.0,32.0,278.0,1052.0,126.0,13,1,0.5684121621621622,139.88090172238182,629.0,93.99999999999989,47.0,0.0,0.0,3
630.0,1.0,-1.000088900581841e-12,0.0,0.0,0.0,0.0,0.0,12.0,2.0,0.6365141682928128,0.0,0.0,71.51724137931035,0.0,0.0,0.0,0.0,0.0,0.0,0.0,14,1,0.5684121621621622,39.78274332756149,685.0,93.99999999999989,47.0,0.0,0.0,3
376.0,1.0,-1.000088900581841e-12,0.0,0.0,0.0,0.0,0.0,60.0,6.0,1.3426309198026307,0.0,0.0,69.5,0.0,0.0,0.0,0.0,28.0,16.0,6.0,15,1,0.5684121621621622,164.78167373831343,514.5,0.0,0.0,0.0,0.0,3
704.0,7.0,1.3449307781913025,0.0,90.0,0.0,0.0,0.0,116.0,5.0,1.1683461537223374,0.0,0.0,64.2,0.0,0.0,0.0,0.0,112.0,2832.0,54.0,16,1,0.5684121621621622,179.81471945681562,528.0,44.999999999999744,22.5,0.0,0.0,3
628.0,3.0,0.1794531625349636,0.0,0.0,0.0,0.0,0.0,34.0,4.0,1.006214565940081,0.0,0.0,57.86666666666667,0.0,0.0,0.0,0.0,14.0,152.0,6.0,17,1,0.5684121621621622,33.56585566713047,671.0,44.999999999999744,22.5,0.0,0.0,3
674.0,6.0,1.1109762392342055,0.0,0.0,0.0,0.0,0.0,376.0,4.0,0.3283322819392914,0.0,0.0,50.72413793103448,0.0,0.0,0.0,0.0,84.0,4466.0,34.0,18,1,0.5684121621621622,33.640253665313445,674.5,0.0,0.0,0.0,0.0,3
666.0,8.0,1.1514974332632484,0.0,0.0,0.0,0.0,0.0,44.0,7.0,1.70351618010612,0.0,0.0,42.6,0.0,0.0,0.0,0.0,70.0,1324.0,24.0,19,1,0.5684121621621622,17.281975195753365,682.0,0.0,0.0,0.0,0.0,3
682.0,7.0,1.1521551128640497,0.0,0.0,0.0,0.0,0.0,252.0,6.0,0.7465209230642085,0.0,0.0,37.13333333333333,0.0,0.0,0.0,0.0,182.0,10198.0,74.0,20,1,0.5684121621621622,25.475478405713364,664.5,0.0,0.0,0.0,0.0,3
656.0,3.0,0.700265779275615,0.0,0.0,0.0,0.0,0.0,68.0,7.0,1.5881314561951227,0.0,0.0,32.53333333333333,0.0,0.0,0.0,0.0,98.0,892.0,32.0,21,0,0.5684121621621622,25.942243542145064,648.5,0.0,0.0,0.0,0.0,3
672.0,5.0,0.950215817219804,0.0,34.0,0.0,0.0,0.0,246.0,6.0,1.0718220331278288,0.0,0.0,27.133333333333333,0.0,0.0,0.0,0.0,84.0,2934.0,38.0,22,0,0.5684121621621622,19.8662192343343,648.0,16.99999999999932,8.5,0.0,0.0,3
520.0,2.0,0.1630236294923659,0.0,0.0,0.0,0.0,0.0,18.0,4.0,1.2730283365856256,0.0,0.0,23.666666666666668,8.0,0.0,4.0,2.0,42.0,170.0,6.0,23,0,0.5684121621621622,65.26867548832263,613.0,16.99999999999932,8.5,0.0,0.0,3
642.0,2.0,0.3879825215826499,0.0,0.0,0.0,0.0,0.0,28.0,4.0,1.33373602719881,0.0,14.0,20.9,0.0,0.0,0.0,0.0,42.0,220.0,20.0,0,0,0.5684121621621622,55.40156435817766,602.0,0.0,0.0,0.0,0.0,3
712.0,3.0,0.7504640759376078,0.0,0.0,0.0,0.0,0.0,196.0,6.0,0.5936562303045207,0.0,0.0,49.46666666666667,0.0,0.0,4.0,0.0,0.0,394.0,0.0,1,0,0.5684121621621622,48.67237409455153,673.5,0.0,0.0,0.0,0.0,3
300.0,1.0,-1.000088900581841e-12,0.0,0.0,0.0,0.0,0.0,10.0,2.0,0.5004024235361879,0.0,0.0,89.53333333333333,0.0,0.0,0.0,0.0,0.0,0.0,0.0,2,0,0.5684121621621622,208.0192298803165,612.0,0.0,0.0,0.0,0.0,3
0.0,0.0,0.0,0.0,0.0,0.0,0.0,0.0,14.0,3.0,1.0789922078745835,0.0,0.0,100.0,0.0,0.0,0.0,0.0,0.0,0.0,0.0,3,0,0.5684121621621622,339.8249549400396,254.5,0.0,0.0,0.0,0.0,3
0.0,0.0,0.0,0.0,0.0,0.0,0.0,0.0,12.0,2.0,0.6365141682928128,0.0,0.0,100.0,0.0,0.0,0.0,0.0,0.0,0.0,0.0,4,0,0.5684121621621622,0.0,0.0,0.0,0.0,0.0,0.0,3
212.0,1.0,-1.000088900581841e-12,0.0,0.0,0.0,0.0,0.0,22.0,5.0,1.5157079520807129,0.0,0.0,100.0,0.0,0.0,0.0,0.0,0.0,0.0,0.0,5,0,0.5684121621621622,105.99999999999982,53.0,0.0,0.0,0.0,0.0,3
504.0,1.0,-1.000088900581841e-12,0.0,0.0,0.0,0.0,0.0,18.0,4.0,1.3689223607362195,0.0,0.0,100.0,0.0,0.0,0.0,0.0,0.0,0.0,0.0,6,0,0.5684121621621622,315.67916201949936,358.0,0.0,0.0,0.0,0.0,3
0.0,0.0,0.0,0.0,0.0,0.0,0.0,0.0,22.0,5.0,1.5157079520807129,0.0,0.0,100.0,0.0,0.0,0.0,0.0,0.0,0.0,0.0,7,0,0.5684121621621622,362.66237742561606,305.0,0.0,0.0,0.0,0.0,3
0.0,0.0,0.0,0.0,0.0,0.0,0.0,0.0,20.0,5.0,1.4708084763171112,0.0,0.0,100.0,0.0,0.0,0.0,0.0,0.0,0.0,0.0,8,1,0.5684121621621622,0.0,0.0,0.0,0.0,0.0,0.0,3
692.0,6.0,1.209104184714839,0.0,0.0,0.0,0.0,0.0,96.0,15.0,2.4319459179848324,0.0,0.0,99.4,0.0,0.0,0.0,8.0,70.0,728.0,20.0,9,1,0.5684121621621622,346.0,173.0,0.0,0.0,0.0,0.0,3
708.0,5.0,1.271416167452632,0.0,98.0,0.0,0.0,0.0,244.0,9.0,1.4695550985289831,0.0,0.0,92.1,0.0,20.0,22.0,42.0,180.0,1010.0,70.0,10,1,0.5684121621621622,349.39948483075926,524.0,66.38021793677173,56.5,0.0,0.0,3
626.0,1.0,-1.000088900581841e-12,0.0,0.0,0.0,0.0,0.0,22.0,5.0,1.5157079520807129,0.0,0.0,85.86666666666666,0.0,0.0,0.0,0.0,0.0,0.0,0.0,11,1,0.5684121621621622,36.16628264005006,677.0,66.38021793677173,56.5,0.0,0.0,3
620.0,1.0,-1.000088900581841e-12,0.0,0.0,0.0,0.0,0.0,22.0,4.0,1.2406842919493957,0.0,0.0,83.53333333333333,0.0,0.0,0.0,0.0,0.0,0.0,0.0,12,1,0.5684121621621622,26.457513110645657,639.0,0.0,0.0,0.0,0.0,3
700.0,2.0,0.167944147732173,0.0,0.0,0.0,0.0,0.0,30.0,7.0,1.801892400651872,0.0,0.0,79.2,0.0,0.0,0.0,0.0,14.0,316.0,4.0,13,1,0.5684121621621622,45.84030250045609,636.0,0.0,0.0,0.0,0.0,3
630.0,2.0,0.563205380630177,0.0,0.0,0.0,0.0,0.0,48.0,9.0,1.943244258368852,0.0,0.0,75.51724137931035,0.0,0.0,0.0,0.0,42.0,36.0,14.0,14,1,0.5684121621621622,45.69463863518332,636.0,0.0,0.0,0.0,0.0,3
634.0,1.0,-1.000088900581841e-12,0.0,0.0,0.0,0.0,0.0,174.0,3.0,0.2123494139030555,0.0,0.0,73.16666666666667,0.0,0.0,0.0,0.0,0.0,0.0,0.0,15,1,0.5684121621621622,4.999999999998759,628.5,0.0,0.0,0.0,0.0,3
636.0,1.0,-1.000088900581841e-12,0.0,0.0,0.0,0.0,0.0,8.0,2.0,0.6931471805579453,0.0,0.0,69.1,0.0,0.0,0.0,0.0,56.0,16.0,6.0,16,1,0.5684121621621622,24.899799195977227,645.0,0.0,0.0,0.0,0.0,3
630.0,1.0,-1.000088900581841e-12,0.0,0.0,0.0,0.0,0.0,78.0,2.0,0.1192469263942449,0.0,0.0,66.58620689655173,0.0,0.0,0.0,0.0,0.0,0.0,0.0,17,1,0.5684121621621622,24.792471975715834,645.0,0.0,0.0,0.0,0.0,3
632.0,1.0,-1.000088900581841e-12,0.0,0.0,0.0,0.0,0.0,18.0,6.0,1.7351264569569227,0.0,0.0,64.43333333333334,0.0,0.0,0.0,0.0,14.0,14.0,8.0,18,1,0.5684121621621622,3.785938897198548,629.5,0.0,0.0,0.0,0.0,3
560.0,1.0,-1.000088900581841e-12,0.0,0.0,0.0,0.0,0.0,16.0,5.0,1.559581156254877,0.0,0.0,62.2,0.0,0.0,0.0,0.0,0.0,0.0,0.0,19,1,0.5684121621621622,33.281626562814715,609.5,0.0,0.0,0.0,0.0,3
628.0,3.0,0.337188758939304,0.0,0.0,0.0,0.0,0.0,32.0,7.0,1.7541053309922878,0.0,0.0,58.86206896551724,0.0,0.0,0.0,0.0,14.0,114.0,6.0,20,1,0.5684121621621622,58.4094741173609,578.5,0.0,0.0,0.0,0.0,3
422.0,1.0,-1.000088900581841e-12,0.0,0.0,0.0,0.0,0.0,16.0,3.0,0.9002560512655369,0.0,0.0,56.46666666666667,14.0,0.0,0.0,0.0,14.0,20.0,4.0,21,0,0.5684121621621622,99.89828160016896,544.5,0.0,0.0,0.0,0.0,3
278.0,1.0,-1.000088900581841e-12,0.0,0.0,0.0,0.0,0.0,12.0,3.0,1.0986122886651095,0.0,0.0,54.333333333333336,8.0,0.0,0.0,0.0,0.0,0.0,0.0,22,0,0.5684121621621622,169.3074127142695,487.5,0.0,0.0,0.0,0.0,3
506.0,2.0,0.1788449127148475,0.0,0.0,0.0,0.0,0.0,56.0,10.0,2.0778300575179234,0.0,0.0,52.23333333333333,0.0,0.0,4.0,4.0,42.0,142.0,8.0,23,0,0.5684121621621622,275.78433603089206,352.5,0.0,0.0,0.0,0.0,3
262.0,2.0,0.674825110221666,0.0,0.0,0.0,0.0,0.0,28.0,5.0,1.5498260458732018,0.0,0.0,49.73333333333333,8.0,0.0,0.0,0.0,28.0,634.0,10.0,0,0,0.5684121621621622,274.0267626832581,346.0,0.0,0.0,0.0,0.0,3
718.0,3.0,0.2467985968936475,0.0,0.0,0.0,0.0,0.0,22.0,4.0,1.294545165840896,0.0,0.0,66.1,0.0,0.0,4.0,14.0,14.0,896.0,6.0,1,0,0.5684121621621622,215.13716554793595,577.0,0.0,0.0,0.0,0.0,3
714.0,1.0,-1.000088900581841e-12,0.0,0.0,0.0,0.0,0.0,24.0,4.0,1.3296613488507585,0.0,0.0,98.0,0.0,0.0,0.0,0.0,0.0,0.0,0.0,2,0,0.5684121621621622,2.581988897470988,715.0,0.0,0.0,0.0,0.0,3
0.0,0.0,0.0,0.0,0.0,0.0,0.0,0.0,18.0,4.0,1.3689223607362195,0.0,0.0,100.0,0.0,0.0,0.0,0.0,0.0,0.0,0.0,3,0,0.5684121621621622,412.8062499526866,357.5,0.0,0.0,0.0,0.0,3
0.0,0.0,0.0,0.0,0.0,0.0,0.0,0.0,12.0,2.0,0.6365141682928128,0.0,0.0,100.0,0.0,0.0,0.0,0.0,0.0,0.0,0.0,4,0,0.5684121621621622,0.0,0.0,0.0,0.0,0.0,0.0,3
208.0,1.0,-1.000088900581841e-12,0.0,0.0,0.0,0.0,0.0,24.0,4.0,1.3296613488507585,0.0,0.0,100.0,0.0,0.0,0.0,0.0,0.0,0.0,0.0,5,0,0.5684121621621622,104.0,52.0,0.0,0.0,0.0,0.0,3
508.0,1.0,-1.000088900581841e-12,0.0,0.0,0.0,0.0,0.0,20.0,4.0,1.2798542258296677,0.0,0.0,100.0,0.0,0.0,0.0,0.0,0.0,0.0,0.0,6,0,0.5684121621621622,316.92691060663606,358.0,0.0,0.0,0.0,0.0,3
0.0,0.0,0.0,0.0,0.0,0.0,0.0,0.0,16.0,3.0,1.039720770836918,0.0,0.0,100.0,0.0,0.0,0.0,0.0,0.0,0.0,0.0,7,0,0.5684121621621622,363.398770865652,306.0,0.0,0.0,0.0,0.0,3
0.0,0.0,0.0,0.0,0.0,0.0,0.0,0.0,24.0,7.0,1.863679987334,0.0,0.0,100.0,0.0,0.0,0.0,0.0,0.0,0.0,0.0,8,1,0.5684121621621622,0.0,0.0,0.0,0.0,0.0,0.0,3
0.0,0.0,0.0,0.0,0.0,0.0,0.0,0.0,32.0,6.0,1.5808185358533011,0.0,0.0,100.0,0.0,0.0,0.0,0.0,0.0,0.0,0.0,9,1,0.5684121621621622,0.0,0.0,0.0,0.0,0.0,0.0,3
0.0,0.0,0.0,0.0,0.0,0.0,0.0,0.0,100.0,7.0,1.271966533721654,0.0,0.0,100.0,0.0,0.0,0.0,0.0,0.0,0.0,0.0,10,1,0.5684121621621622,0.0,0.0,0.0,0.0,0.0,0.0,3
678.0,4.0,0.7796799465566064,0.0,0.0,0.0,0.0,0.0,16.0,4.0,1.2130075659759043,0.0,0.0,95.48275862068964,0.0,0.0,0.0,0.0,0.0,212.0,0.0,11,1,0.5684121621621622,372.848494699925,322.0,0.0,0.0,0.0,0.0,3
682.0,3.0,0.6339911004572126,0.0,0.0,0.0,0.0,0.0,118.0,5.0,1.1252081023917615,0.0,0.0,90.76666666666668,0.0,0.0,0.0,0.0,56.0,1450.0,24.0,12,1,0.5684121621621622,33.52113760997181,659.5,0.0,0.0,0.0,0.0,3
670.0,2.0,0.6882874429899115,0.0,0.0,0.0,0.0,0.0,24.0,2.0,0.6931471805579453,0.0,0.0,83.2,0.0,0.0,0.0,0.0,42.0,726.0,14.0,13,1,0.5684121621621622,6.324555320336765,674.0,0.0,0.0,0.0,0.0,3
672.0,4.0,0.8255144715945009,0.0,0.0,0.0,0.0,0.0,82.0,12.0,2.0127193362353744,0.0,0.0,79.76666666666667,0.0,0.0,8.0,6.0,84.0,562.0,16.0,14,1,0.5684121621621622,13.56465996625054,666.0,0.0,0.0,0.0,0.0,3
676.0,4.0,0.7617572387356262,0.0,0.0,0.0,0.0,0.0,26.0,7.0,1.7118451352269115,0.0,0.0,70.23333333333333,0.0,0.0,0.0,0.0,0.0,374.0,0.0,15,1,0.5684121621621622,28.02379940931161,677.0,0.0,0.0,0.0,0.0,3
586.0,2.0,0.6859954952750529,0.0,0.0,0.0,0.0,0.0,28.0,4.0,1.33373602719881,0.0,0.0,66.9,0.0,0.0,0.0,0.0,28.0,560.0,10.0,16,1,0.5684121621621622,53.84855306010244,656.5,0.0,0.0,0.0,0.0,3
666.0,1.0,-1.000088900581841e-12,0.0,0.0,0.0,0.0,0.0,42.0,11.0,2.293451670279883,0.0,0.0,64.0,0.0,0.0,0.0,0.0,14.0,12.0,4.0,17,1,0.5684121621621622,37.678464229141134,641.5,0.0,0.0,0.0,0.0,3
652.0,1.0,-1.000088900581841e-12,0.0,0.0,0.0,0.0,0.0,30.0,6.0,1.529248293031691,0.0,0.0,61.16666666666666,0.0,0.0,0.0,0.0,42.0,48.0,18.0,18,1,0.5684121621621622,7.549834435270871,658.5,0.0,0.0,0.0,0.0,3
654.0,1.0,-1.000088900581841e-12,0.0,0.0,0.0,0.0,0.0,24.0,6.0,1.676234939128731,0.0,0.0,57.66666666666666,0.0,0.0,0.0,0.0,28.0,20.0,6.0,19,1,0.5684121621621622,4.760952285695437,655.0,0.0,0.0,0.0,0.0,3
714.0,2.0,0.019261439527435,0.0,0.0,0.0,0.0,0.0,42.0,9.0,1.9088710227148529,0.0,0.0,53.03333333333333,0.0,0.0,0.0,0.0,14.0,74.0,10.0,20,1,0.5684121621621622,30.70287717245191,669.0,0.0,0.0,0.0,0.0,3
652.0,3.0,0.112521557425874,0.0,0.0,0.0,0.0,0.0,62.0,6.0,1.449464622768187,0.0,0.0,45.56666666666667,0.0,0.0,0.0,0.0,42.0,112.0,8.0,21,0,0.5684121621621622,31.93743884534265,675.0,0.0,0.0,0.0,0.0,3
662.0,2.0,0.6861896913602376,0.0,0.0,0.0,0.0,0.0,44.0,6.0,1.5311533190611128,0.0,0.0,42.2,0.0,0.0,0.0,0.0,26.0,254.0,10.0,22,0,0.5684121621621622,16.573070526208113,664.0,0.0,0.0,0.0,0.0,3
658.0,1.0,-1.000088900581841e-12,0.0,0.0,0.0,0.0,0.0,56.0,4.0,0.9689313217509844,0.0,0.0,38.3,0.0,0.0,0.0,0.0,0.0,0.0,0.0,23,0,0.5684121621621622,8.640987597877228,662.0,0.0,0.0,0.0,0.0,3
716.0,3.0,0.6666502729719448,0.0,0.0,0.0,0.0,0.0,26.0,4.0,1.3061066090813949,0.0,0.0,54.1,0.0,0.0,0.0,0.0,4.0,408.0,4.0,1,0,0.5684121621621622,313.96602788624546,365.0,0.0,0.0,0.0,0.0,3
328.0,1.0,-1.000088900581841e-12,0.0,0.0,0.0,0.0,0.0,14.0,3.0,1.0789922078745835,0.0,0.0,93.36666666666666,0.0,0.0,0.0,0.0,0.0,0.0,0.0,2,0,0.5684121621621622,186.6761902332485,568.0,0.0,0.0,0.0,0.0,3
0.0,0.0,0.0,0.0,0.0,0.0,0.0,0.0,18.0,4.0,1.273028336585626,0.0,0.0,100.0,0.0,0.0,0.0,0.0,0.0,0.0,0.0,3,0,0.5684121621621622,340.4683049369892,261.0,0.0,0.0,0.0,0.0,3
0.0,0.0,0.0,0.0,0.0,0.0,0.0,0.0,24.0,4.0,1.3296613488507585,0.0,0.0,100.0,0.0,0.0,0.0,0.0,0.0,0.0,0.0,4,0,0.5684121621621622,0.0,0.0,0.0,0.0,0.0,0.0,3
204.0,1.0,-1.000088900581841e-12,0.0,0.0,0.0,0.0,0.0,26.0,4.0,1.3516811946818947,0.0,0.0,100.0,0.0,0.0,0.0,0.0,0.0,0.0,0.0,5,0,0.5684121621621622,102.00000000000004,51.0,0.0,0.0,0.0,0.0,3
512.0,1.0,-1.000088900581841e-12,0.0,0.0,0.0,0.0,0.0,18.0,4.0,1.2730283365856256,0.0,0.0,100.0,0.0,0.0,0.0,0.0,0.0,0.0,0.0,6,0,0.5684121621621622,318.20328931884615,358.0,0.0,0.0,0.0,0.0,3
0.0,0.0,0.0,0.0,0.0,0.0,0.0,0.0,12.0,2.0,0.6365141682928128,0.0,0.0,100.0,0.0,0.0,0.0,0.0,0.0,0.0,0.0,7,0,0.5684121621621622,364.1446598995148,307.0,0.0,0.0,0.0,0.0,3
0.0,0.0,0.0,0.0,0.0,0.0,0.0,0.0,20.0,5.0,1.4708084763171112,0.0,0.0,100.0,0.0,0.0,0.0,0.0,0.0,0.0,0.0,8,1,0.5684121621621622,0.0,0.0,0.0,0.0,0.0,0.0,3
0.0,0.0,0.0,0.0,0.0,0.0,0.0,0.0,24.0,5.0,1.5171063970560277,0.0,0.0,100.0,0.0,0.0,0.0,0.0,0.0,0.0,0.0,9,1,0.5684121621621622,0.0,0.0,0.0,0.0,0.0,0.0,3
714.0,4.0,0.8213906427657263,0.0,0.0,0.0,0.0,0.0,26.0,5.0,1.5649572502378013,0.0,0.0,98.5,0.0,0.0,0.0,2.0,8.0,288.0,4.0,10,1,0.5684121621621622,375.2918864031036,321.0,0.0,0.0,0.0,0.0,3
656.0,1.0,-1.000088900581841e-12,0.0,0.0,0.0,0.0,0.0,16.0,4.0,1.2130075659759043,0.0,0.0,92.6,0.0,0.0,0.0,0.0,0.0,360.0,0.0,11,1,0.5684121621621622,59.25087903707956,645.0,0.0,0.0,0.0,0.0,3
658.0,4.0,0.34981713591239,0.0,0.0,0.0,0.0,0.0,32.0,8.0,1.8407487285612807,0.0,0.0,89.26666666666667,0.0,0.0,0.0,0.0,8.0,202.0,6.0,12,1,0.5684121621621622,8.850612031565955,649.5,0.0,0.0,0.0,0.0,3
674.0,3.0,0.722606904699982,0.0,0.0,0.0,0.0,0.0,24.0,6.0,1.583258459414477,0.0,0.0,83.56666666666666,0.0,0.0,0.0,0.0,0.0,56.0,0.0,13,1,0.5684121621621622,12.99999999999873,656.5,0.0,0.0,0.0,0.0,3
646.0,2.0,0.6891112291550562,0.0,0.0,0.0,0.0,0.0,40.0,4.0,1.165524439930698,0.0,0.0,80.3,0.0,0.0,0.0,0.0,12.0,190.0,12.0,14,1,0.5684121621621622,21.2916258968943,648.0,0.0,0.0,0.0,0.0,3
638.0,7.0,0.585503838408151,0.0,0.0,0.0,0.0,0.0,42.0,7.0,1.7815203933615813,0.0,0.0,75.93333333333334,0.0,0.0,0.0,0.0,2.0,394.0,2.0,15,1,0.5684121621621622,15.864005379053326,641.5,0.0,0.0,0.0,0.0,3
650.0,4.0,0.9339465711417384,0.0,0.0,0.0,0.0,0.0,58.0,8.0,1.8177791367608924,0.0,0.0,71.23333333333333,0.0,0.0,0.0,0.0,6.0,1686.0,4.0,16,1,0.5684121621621622,10.456258094237134,652.0,0.0,0.0,0.0,0.0,3
642.0,2.0,0.6251671798731582,0.0,0.0,0.0,0.0,0.0,26.0,4.0,1.204793309690784,0.0,0.0,66.86666666666666,0.0,0.0,0.0,0.0,8.0,214.0,6.0,17,1,0.5684121621621622,7.371114795829707,650.5,0.0,0.0,0.0,0.0,3
664.0,4.0,0.9542498880472102,0.0,0.0,0.0,0.0,0.0,62.0,10.0,2.010827687764037,0.0,0.0,63.63333333333333,0.0,0.0,0.0,0.0,10.0,388.0,10.0,18,1,0.5684121621621622,14.271183085737263,646.5,0.0,0.0,0.0,0.0,3
636.0,4.0,0.1481399815032506,0.0,0.0,0.0,0.0,0.0,36.0,8.0,1.904191197332068,0.0,0.0,54.96666666666667,0.0,0.0,0.0,0.0,2.0,64.0,2.0,19,1,0.5684121621621622,39.238586450923954,661.5,0.0,0.0,0.0,0.0,3
632.0,4.0,0.5577703011355127,0.0,0.0,0.0,0.0,0.0,16.0,2.0,0.5623351446168083,0.0,0.0,51.86206896551724,0.0,0.0,0.0,0.0,6.0,142.0,4.0,20,1,0.5684121621621622,40.41039470235309,655.5,0.0,0.0,0.0,0.0,3
466.0,2.0,0.6148115111706551,0.0,0.0,0.0,0.0,0.0,16.0,3.0,1.039720770836918,0.0,0.0,49.46666666666667,2.0,0.0,0.0,0.0,8.0,66.0,4.0,21,0,0.5684121621621622,82.59741723161385,589.5,0.0,0.0,0.0,0.0,3
636.0,2.0,0.6448791789572966,0.0,0.0,0.0,0.0,0.0,18.0,4.0,1.2730283365856256,0.0,0.0,46.03448275862069,0.0,0.0,0.0,0.0,4.0,240.0,4.0,22,0,0.5684121621621622,82.21111036025869,589.0,0.0,0.0,0.0,0.0,3
202.0,1.0,-1.000088900581841e-12,0.0,0.0,0.0,0.0,0.0,0.0,0.0,0.0,0.0,0.0,43.6,2.0,0.0,0.0,0.0,2.0,0.0,0.0,23,0,0.5684121621621622,213.7748036291149,522.5,0.0,0.0,0.0,0.0,3
716.0,4.0,0.4130553728572732,0.0,6.0,0.0,0.0,0.0,26.0,4.0,1.2711814802565795,0.0,0.0,36.66666666666666,0.0,0.0,0.0,0.0,4.0,122.0,4.0,0,0,0.5684121621621622,242.7859139241813,560.5,60.06662967072463,32.0,0.0,0.0,3
716.0,2.0,0.1650929507812069,0.0,0.0,0.0,0.0,0.0,20.0,4.0,1.3321790402061222,0.0,0.0,54.2,0.0,0.0,0.0,0.0,2.0,138.0,2.0,1,0,0.5684121621621622,6.403124237431084,713.5,60.06662967072463,32.0,0.0,0.0,3
38.0,1.0,-1.000088900581841e-12,0.0,0.0,0.0,0.0,0.0,18.0,4.0,1.273028336585626,0.0,0.0,93.4,0.0,0.0,0.0,0.0,0.0,0.0,0.0,2,0,0.5684121621621622,339.0039331138603,546.5,0.0,0.0,0.0,0.0,3
0.0,0.0,0.0,0.0,0.0,0.0,0.0,0.0,14.0,3.0,1.0789922078745835,0.0,0.0,100.0,0.0,0.0,0.0,0.0,0.0,0.0,0.0,3,0,0.5684121621621622,351.12390975266834,188.0,0.0,0.0,0.0,0.0,3
0.0,0.0,0.0,0.0,0.0,0.0,0.0,0.0,12.0,2.0,0.6365141682928128,0.0,0.0,100.0,0.0,0.0,0.0,0.0,0.0,0.0,0.0,4,0,0.5684121621621622,0.0,0.0,0.0,0.0,0.0,0.0,3
200.0,1.0,-1.000088900581841e-12,0.0,0.0,0.0,0.0,0.0,18.0,3.0,1.0608569471550215,0.0,0.0,100.0,0.0,0.0,0.0,0.0,0.0,0.0,0.0,5,0,0.5684121621621622,99.99999999999984,50.0,0.0,0.0,0.0,0.0,3
516.0,1.0,-1.000088900581841e-12,0.0,0.0,0.0,0.0,0.0,16.0,4.0,1.320888343145322,0.0,0.0,100.0,0.0,0.0,0.0,0.0,0.0,0.0,0.0,6,0,0.5684121621621622,319.5079550392029,358.0,0.0,0.0,0.0,0.0,3
0.0,0.0,0.0,0.0,0.0,0.0,0.0,0.0,12.0,2.0,0.6365141682928128,0.0,0.0,100.0,0.0,0.0,0.0,0.0,0.0,0.0,0.0,7,0,0.5684121621621622,364.8999862976156,308.0,0.0,0.0,0.0,0.0,3
0.0,0.0,0.0,0.0,0.0,0.0,0.0,0.0,34.0,7.0,1.874640740528752,0.0,0.0,100.0,0.0,0.0,0.0,0.0,0.0,0.0,0.0,8,1,0.5684121621621622,0.0,0.0,0.0,0.0,0.0,0.0,3
0.0,0.0,0.0,0.0,0.0,0.0,0.0,0.0,32.0,5.0,1.559581156254877,0.0,0.0,100.0,0.0,0.0,0.0,0.0,0.0,0.0,0.0,9,1,0.5684121621621622,0.0,0.0,0.0,0.0,0.0,0.0,3
0.0,0.0,0.0,0.0,0.0,0.0,0.0,0.0,22.0,6.0,1.641734712181521,0.0,0.0,100.0,0.0,0.0,0.0,0.0,0.0,0.0,0.0,10,1,0.5684121621621622,0.0,0.0,0.0,0.0,0.0,0.0,3
562.0,4.0,0.9736149425243976,0.0,0.0,0.0,0.0,0.0,60.0,13.0,2.341275922603076,0.0,0.0,99.03333333333332,0.0,0.0,0.0,0.0,6.0,328.0,6.0,11,1,0.5684121621621622,281.0,140.5,0.0,0.0,0.0,0.0,3
712.0,5.0,0.6951038171918075,0.0,46.0,0.0,0.0,0.0,136.0,5.0,1.2340813682214622,0.0,0.0,92.2,0.0,4.0,2.0,6.0,24.0,482.0,14.0,12,1,0.5684121621621622,335.55724797218534,493.0,29.72653135948834,25.5,0.0,0.0,3
628.0,2.0,0.6897151214556527,0.0,0.0,0.0,0.0,0.0,28.0,5.0,1.4377014436379416,0.0,0.0,88.43333333333334,0.0,0.0,0.0,0.0,2.0,8.0,2.0,13,1,0.5684121621621622,37.75358702604722,675.0,25.11307760244936,31.0,0.0,0.0,3
644.0,5.0,0.6866874340389668,0.0,0.0,0.0,0.0,0.0,40.0,6.0,1.5217781873547307,0.0,0.0,85.5,0.0,2.0,0.0,2.0,16.0,94.0,10.0,14,1,0.5684121621621622,14.083086782851352,643.5,10.99999999999895,5.5,0.0,0.0,3
664.0,4.0,1.109842442234301,0.0,0.0,0.0,0.0,0.0,24.0,4.0,1.1988493129096212,0.0,0.0,77.8,0.0,0.0,0.0,0.0,6.0,494.0,6.0,15,1,0.5684121621621622,31.15552385479428,664.0,0.0,0.0,0.0,0.0,3
644.0,2.0,0.5536436714637456,0.0,0.0,0.0,0.0,0.0,20.0,3.0,1.054920167983144,0.0,0.0,74.23333333333333,0.0,0.0,0.0,0.0,4.0,150.0,4.0,16,1,0.5684121621621622,30.653982884229823,664.5,0.0,0.0,0.0,0.0,3
646.0,3.0,0.4562473592166904,0.0,0.0,0.0,0.0,0.0,34.0,5.0,1.365372255806626,0.0,0.0,71.7,0.0,0.0,0.0,0.0,6.0,154.0,4.0,17,1,0.5684121621621622,9.146948489340875,639.5,0.0,0.0,0.0,0.0,3
692.0,4.0,1.0006828848054212,0.0,0.0,0.0,0.0,0.0,604.0,8.0,0.4859738452259615,0.0,0.0,64.33333333333333,0.0,6.0,4.0,10.0,16.0,1954.0,16.0,18,1,0.5684121621621622,28.95974217196444,659.0,0.0,0.0,0.0,0.0,3
628.0,5.0,0.27089951347103,0.0,0.0,0.0,0.0,0.0,54.0,6.0,1.426579527027154,0.0,0.0,58.89655172413793,0.0,0.0,0.0,0.0,6.0,310.0,6.0,19,1,0.5684121621621622,28.207563997386508,659.5,0.0,0.0,0.0,0.0,3
630.0,2.0,0.3072861722709804,0.0,0.0,0.0,0.0,0.0,28.0,5.0,1.5124511784614485,0.0,0.0,56.266666666666666,0.0,0.0,0.0,0.0,8.0,202.0,8.0,20,1,0.5684121621621622,8.717797887080739,633.0,0.0,0.0,0.0,0.0,3
630.0,1.0,-1.000088900581841e-12,0.0,0.0,0.0,0.0,0.0,14.0,2.0,0.5982695885832573,0.0,0.0,53.7,0.0,0.0,0.0,0.0,4.0,10.0,4.0,21,0,0.5684121621621622,0.9999999999946092,629.5,0.0,0.0,0.0,0.0,3
642.0,1.0,-1.000088900581841e-12,0.0,0.0,0.0,0.0,0.0,32.0,4.0,1.2130075659759043,0.0,0.0,50.75862068965517,0.0,0.0,0.0,0.0,16.0,236.0,16.0,22,0,0.5684121621621622,8.24621125123466,637.0,0.0,0.0,0.0,0.0,3
652.0,1.0,-1.000088900581841e-12,0.0,0.0,0.0,0.0,0.0,38.0,5.0,1.340198406566469,0.0,0.0,46.93333333333333,0.0,0.0,0.0,0.0,20.0,220.0,18.0,23,0,0.5684121621621622,4.320493798937298,646.0,0.0,0.0,0.0,0.0,3
702.0,5.0,1.259454492119005,0.0,74.0,0.0,0.0,0.0,118.0,5.0,1.1777176120651995,0.0,0.0,42.13333333333333,0.0,8.0,2.0,8.0,76.0,1412.0,34.0,0,0,0.5684121621621622,31.93221988316276,656.5,36.99999999999969,18.5,0.0,0.0,3
716.0,5.0,0.9751739218817456,0.0,36.0,0.0,0.0,0.0,64.0,6.0,1.487689201315741,0.0,4.0,38.53333333333333,0.0,0.0,0.0,0.0,20.0,412.0,14.0,1,0,0.5684121621621622,41.79314138308647,690.0,30.259984578096592,37.5,0.0,0.0,3
716.0,2.0,0.6891469622326867,0.0,0.0,0.0,0.0,0.0,30.0,5.0,1.459481873864085,0.0,0.0,71.2,0.0,0.0,0.0,0.0,0.0,132.0,0.0,2,0,0.5684121621621622,1.6329931618521625,716.0,21.99999999999948,19.0,0.0,0.0,3
326.0,1.0,-1.000088900581841e-12,0.0,0.0,0.0,0.0,0.0,666.0,5.0,1.024988438165288,0.0,0.0,99.93333333333334,0.0,0.0,0.0,0.0,0.0,0.0,0.0,3,0,0.5684121621621622,195.33560863293712,619.0,0.0,0.0,0.0,0.0,3
0.0,0.0,0.0,0.0,0.0,0.0,0.0,0.0,12.0,2.0,0.6365141682928128,0.0,0.0,100.0,0.0,0.0,0.0,0.0,0.0,0.0,0.0,4,0,0.5684121621621622,340.3385569302034,260.5,0.0,0.0,0.0,0.0,3
0.0,0.0,0.0,0.0,0.0,0.0,0.0,0.0,10.0,2.0,0.6730116670072565,0.0,0.0,100.0,0.0,0.0,0.0,0.0,0.0,0.0,0.0,5,0,0.5684121621621622,0.0,0.0,0.0,0.0,0.0,0.0,3
0.0,0.0,0.0,0.0,0.0,0.0,0.0,0.0,14.0,3.0,0.9556998911095343,0.0,0.0,100.0,0.0,0.0,0.0,0.0,0.0,0.0,0.0,6,0,0.5684121621621622,0.0,0.0,0.0,0.0,0.0,0.0,3
714.0,1.0,-1.000088900581841e-12,0.0,0.0,0.0,0.0,0.0,10.0,2.0,0.6730116670072565,0.0,0.0,100.0,0.0,0.0,0.0,0.0,0.0,0.0,0.0,7,0,0.5684121621621622,356.99999999999994,178.5,0.0,0.0,0.0,0.0,3
2.0,1.0,-1.000088900581841e-12,0.0,0.0,0.0,0.0,0.0,12.0,3.0,1.0114042647043515,0.0,0.0,100.0,0.0,0.0,0.0,0.0,0.0,0.0,0.0,8,1,0.5684121621621622,412.2297094258652,358.0,0.0,0.0,0.0,0.0,3
0.0,0.0,0.0,0.0,0.0,0.0,0.0,0.0,12.0,2.0,0.6365141682928128,0.0,0.0,100.0,0.0,0.0,0.0,0.0,0.0,0.0,0.0,9,1,0.5684121621621622,357.66790928644025,179.5,0.0,0.0,0.0,0.0,3
0.0,0.0,0.0,0.0,0.0,0.0,0.0,0.0,14.0,3.0,1.0789922078745835,0.0,0.0,100.0,0.0,0.0,0.0,0.0,4.0,0.0,0.0,10,1,0.5684121621621622,0.0,0.0,0.0,0.0,0.0,0.0,3
646.0,3.0,0.5844421660265982,0.0,0.0,0.0,0.0,0.0,106.0,6.0,0.993153345663401,0.0,0.0,99.76666666666668,0.0,0.0,0.0,0.0,12.0,700.0,6.0,11,1,0.5684121621621622,388.55973371756704,336.0,0.0,0.0,0.0,0.0,3
718.0,3.0,0.705064336128255,0.0,52.0,0.0,0.0,0.0,120.0,3.0,0.8427865486111301,0.0,0.0,90.03333333333333,0.0,20.0,16.0,34.0,44.0,812.0,32.0,12,1,0.5684121621621622,32.75667870831701,693.5,24.515301344262056,17.5,0.0,0.0,3
636.0,1.0,-1.000088900581841e-12,0.0,0.0,0.0,0.0,0.0,206.0,2.0,0.0546588236160275,0.0,0.0,85.46666666666667,0.0,0.0,0.0,0.0,0.0,0.0,0.0,13,1,0.5684121621621622,38.72552990814426,683.5,24.05549140355781,18.0,0.0,0.0,3
632.0,3.0,0.7173590291304184,0.0,0.0,0.0,0.0,0.0,34.0,6.0,1.7623147108306676,0.0,0.0,83.17241379310344,0.0,0.0,0.0,0.0,8.0,64.0,6.0,14,1,0.5684121621621622,16.52271164185558,643.5,0.9999999999884543,0.5,0.0,0.0,3
648.0,3.0,0.4061762748921565,0.0,0.0,0.0,0.0,0.0,30.0,5.0,1.3378606778314337,0.0,0.0,79.63333333333334,0.0,0.0,0.0,0.0,16.0,460.0,10.0,15,1,0.5684121621621622,6.63324958070403,639.0,0.0,0.0,0.0,0.0,3
640.0,3.0,0.4222640598096224,0.0,0.0,0.0,0.0,0.0,152.0,8.0,1.0283943787149248,0.0,0.0,74.96666666666667,0.0,0.0,0.0,0.0,16.0,498.0,4.0,16,1,0.5684121621621622,14.651507317220863,649.0,0.0,0.0,0.0,0.0,3
636.0,2.0,0.3843491691028013,0.0,0.0,0.0,0.0,0.0,32.0,6.0,1.5808185358533016,0.0,0.0,72.26666666666667,0.0,0.0,0.0,0.0,4.0,170.0,2.0,17,1,0.5684121621621622,18.35755975068336,643.5,0.0,0.0,0.0,0.0,3
640.0,5.0,0.7923110319882543,0.0,0.0,0.0,0.0,0.0,66.0,12.0,2.2251217743652614,0.0,0.0,69.7,0.0,0.0,0.0,0.0,12.0,138.0,12.0,18,1,0.5684121621621622,6.608075867192812,632.5,0.0,0.0,0.0,0.0,3
650.0,4.0,0.6214532039724014,0.0,0.0,0.0,0.0,0.0,86.0,9.0,1.510790118439146,0.0,0.0,65.46666666666667,0.0,8.0,4.0,10.0,12.0,600.0,8.0,19,1,0.5684121621621622,9.865765724627895,639.0,0.0,0.0,0.0,0.0,3
668.0,5.0,0.5909183078895395,0.0,0.0,0.0,0.0,0.0,112.0,7.0,0.8848408631093647,0.0,0.0,93.93333333333334,0.0,0.0,0.0,0.0,0.0,168.0,0.0,10,1,0.5684121621621622,107.75744367173236,596.5,42.15447781671571,36.5,0.0,0.0,3
698.0,11.0,1.6086359250345172,0.0,0.0,0.0,0.0,0.0,128.0,6.0,1.005028045515599,0.0,0.0,88.8,0.0,0.0,0.0,0.0,8.0,3898.0,6.0,11,1,0.5684121621621622,97.84852238707155,623.5,0.0,0.0,0.0,0.0,3
696.0,4.0,0.4648793350909179,0.0,62.0,0.0,0.0,0.0,266.0,5.0,1.1700233421478723,0.0,0.0,80.63333333333334,0.0,0.0,0.0,0.0,30.0,116.0,18.0,12,1,0.5684121621621622,27.37395355686204,688.0,29.257477676655192,20.0,0.0,0.0,3
652.0,3.0,0.9653478285781976,0.0,0.0,0.0,0.0,0.0,78.0,6.0,1.2189048535483036,0.0,0.0,75.16666666666667,0.0,0.0,0.0,0.0,6.0,1798.0,6.0,13,1,0.5684121621621622,24.71167065713229,686.0,29.257477676655192,20.0,0.0,0.0,3
692.0,3.0,0.9673866896694014,0.0,0.0,0.0,0.0,0.0,166.0,5.0,0.8119673785535103,0.0,0.0,69.56666666666666,0.0,0.0,0.0,0.0,16.0,4228.0,16.0,14,1,0.5684121621621622,22.0907220343724,670.0,0.0,0.0,0.0,0.0,3
638.0,2.0,0.3895328796424238,0.0,0.0,0.0,0.0,0.0,94.0,6.0,1.217177402489719,0.0,0.0,65.55172413793103,0.0,0.0,0.0,0.0,10.0,612.0,8.0,15,1,0.5684121621621622,26.076809620808792,654.0,0.0,0.0,0.0,0.0,3
688.0,4.0,1.104283945341321,0.0,0.0,0.0,0.0,0.0,342.0,5.0,0.497140679120821,0.0,0.0,59.36666666666667,0.0,0.0,0.0,0.0,10.0,1076.0,10.0,16,1,0.5684121621621622,26.88246020487285,660.0,0.0,0.0,0.0,0.0,3
628.0,2.0,0.1186523058716444,0.0,0.0,0.0,0.0,0.0,36.0,4.0,0.9257019111179668,0.0,0.0,55.7,0.0,0.0,0.0,0.0,12.0,64.0,12.0,17,1,0.5684121621621622,30.91385881229602,656.5,0.0,0.0,0.0,0.0,3
712.0,5.0,0.5747079879614804,0.0,88.0,0.0,0.0,0.0,210.0,5.0,1.027881996093402,0.0,0.0,50.23333333333333,0.0,0.0,0.0,0.0,24.0,384.0,14.0,18,1,0.5684121621621622,38.75994496040003,658.5,41.50501977672874,30.0,0.0,0.0,3
638.0,3.0,0.1204951500951913,0.0,0.0,0.0,0.0,0.0,94.0,9.0,1.7331769374769577,0.0,0.0,44.333333333333336,0.0,0.0,0.0,0.0,16.0,164.0,14.0,19,1,0.5684121621621622,33.32666599986521,677.0,37.99561378194388,34.5,0.0,0.0,3
646.0,4.0,0.9672956831273898,0.0,0.0,0.0,0.0,0.0,62.0,7.0,1.397953445410724,0.0,0.0,41.23333333333333,0.0,0.0,0.0,0.0,22.0,326.0,18.0,20,1,0.5684121621621622,31.34751452135514,651.0,8.999999999998721,4.5,0.0,0.0,3
662.0,3.0,1.0611686738454926,0.0,0.0,0.0,0.0,0.0,46.0,3.0,0.7400116657281007,0.0,0.0,37.36666666666667,0.0,0.0,4.0,2.0,18.0,444.0,16.0,21,0,0.5684121621621622,15.705625319183303,643.0,0.0,0.0,0.0,0.0,3
626.0,2.0,0.0215482557248673,0.0,0.0,0.0,0.0,0.0,84.0,5.0,0.9657145419729368,0.0,0.0,34.06896551724138,0.0,0.0,0.0,0.0,6.0,18.0,4.0,22,0,0.5684121621621622,16.532795690180123,639.0,0.0,0.0,0.0,0.0,3
628.0,2.0,0.081718960034999,0.0,0.0,0.0,0.0,0.0,24.0,5.0,1.545422903188594,0.0,0.0,31.83333333333333,0.0,0.0,0.0,2.0,8.0,96.0,4.0,23,0,0.5684121621621622,0.9999999999526968,627.5,0.0,0.0,0.0,0.0,3
718.0,6.0,1.182386081583244,0.0,0.0,0.0,0.0,0.0,52.0,5.0,1.303875529331385,0.0,0.0,53.16666666666666,0.0,0.0,0.0,0.0,0.0,602.0,0.0,0,0,0.5684121621621622,50.83306010855441,672.0,0.0,0.0,0.0,0.0,3
718.0,2.0,0.4771725628156805,0.0,0.0,0.0,0.0,0.0,24.0,5.0,1.5171063970560277,0.0,0.0,88.23333333333333,0.0,0.0,0.0,0.0,0.0,182.0,0.0,1,0,0.5684121621621622,1.9148542154882944,716.5,0.0,0.0,0.0,0.0,3
584.0,1.0,-1.000088900581841e-12,0.0,0.0,0.0,0.0,0.0,18.0,4.0,1.2730283365856256,0.0,0.0,100.0,0.0,0.0,0.0,0.0,0.0,0.0,0.0,2,0,0.5684121621621622,66.02019892931688,683.0,0.0,0.0,0.0,0.0,3
0.0,0.0,0.0,0.0,0.0,0.0,0.0,0.0,12.0,2.0,0.6365141682928128,0.0,0.0,100.0,0.0,0.0,0.0,0.0,0.0,0.0,0.0,3,0,0.5684121621621622,378.4402198498462,324.5,0.0,0.0,0.0,0.0,3
0.0,0.0,0.0,0.0,0.0,0.0,0.0,0.0,18.0,4.0,1.273028336585626,0.0,0.0,100.0,0.0,0.0,0.0,0.0,0.0,0.0,0.0,4,0,0.5684121621621622,0.0,0.0,0.0,0.0,0.0,0.0,3
0.0,0.0,0.0,0.0,0.0,0.0,0.0,0.0,18.0,4.0,1.2730283365856256,0.0,0.0,100.0,0.0,0.0,0.0,0.0,0.0,0.0,0.0,5,0,0.5684121621621622,0.0,0.0,0.0,0.0,0.0,0.0,3
0.0,0.0,0.0,0.0,0.0,0.0,0.0,0.0,22.0,5.0,1.5465986860435126,0.0,0.0,100.0,0.0,0.0,0.0,0.0,0.0,0.0,0.0,6,0,0.5684121621621622,0.0,0.0,0.0,0.0,0.0,0.0,3
706.0,1.0,-1.000088900581841e-12,0.0,0.0,0.0,0.0,0.0,14.0,3.0,0.9556998911095343,0.0,0.0,100.0,0.0,0.0,0.0,0.0,0.0,0.0,0.0,7,0,0.5684121621621622,352.9999999999999,176.5,0.0,0.0,0.0,0.0,3
10.0,1.0,-1.000088900581841e-12,0.0,0.0,0.0,0.0,0.0,36.0,7.0,1.812142810351472,0.0,0.0,100.0,0.0,0.0,0.0,0.0,0.0,0.0,0.0,8,1,0.5684121621621622,407.6501768264876,358.0,0.0,0.0,0.0,0.0,3
678.0,5.0,1.1299241844088423,0.0,0.0,0.0,0.0,0.0,72.0,12.0,2.1910938770553887,0.0,0.0,99.86206896551724,0.0,0.0,0.0,0.0,10.0,360.0,4.0,9,1,0.5684121621621622,399.8483045689535,351.0,0.0,0.0,0.0,0.0,3
718.0,6.0,1.0907512783131414,0.0,48.0,0.0,0.0,0.0,148.0,8.0,1.3942205778735095,0.0,0.0,91.56666666666666,0.0,0.0,0.0,0.0,20.0,742.0,10.0,10,1,0.5684121621621622,352.4807323339342,528.0,23.99999999999952,12.0,0.0,0.0,3
640.0,1.0,-1.000088900581841e-12,0.0,0.0,0.0,0.0,0.0,12.0,3.0,0.8675632284784613,0.0,0.0,85.13333333333334,0.0,0.0,0.0,0.0,0.0,206.0,0.0,11,1,0.5684121621621622,38.03507153492116,697.0,40.012498047484826,32.5,0.0,0.0,3
626.0,3.0,0.1333215833750166,0.0,0.0,0.0,0.0,0.0,40.0,5.0,1.504788283676191,0.0,0.0,82.43333333333334,0.0,0.0,0.0,0.0,6.0,94.0,6.0,12,1,0.5684121621621622,41.79314138308544,652.0,40.99999999999972,20.5,0.0,0.0,3
716.0,4.0,0.6883659001669096,0.0,0.0,0.0,0.0,0.0,140.0,6.0,0.8462870237891357,0.0,0.0,73.76666666666667,0.0,2.0,0.0,2.0,0.0,7712.0,0.0,13,1,0.5684121621621622,46.34292466673384,666.5,2.99999999999616,1.5,0.0,0.0,3
664.0,5.0,0.9332540648427434,0.0,0.0,0.0,0.0,0.0,174.0,4.0,1.1615496347153638,0.0,0.0,64.89655172413794,0.0,4.0,2.0,6.0,20.0,1284.0,16.0,14,1,0.5684121621621622,21.62560211107583,693.5,2.99999999999616,1.5,0.0,0.0,3
686.0,3.0,1.0964823561575263,0.0,0.0,0.0,0.0,0.0,10.0,1.0,-1.000088900581841e-12,0.0,0.0,60.833333333333336,0.0,0.0,0.0,0.0,6.0,72.0,6.0,15,1,0.5684121621621622,28.982753492377142,670.0,0.0,0.0,0.0,0.0,3
686.0,4.0,0.9102268515317942,0.0,0.0,0.0,0.0,0.0,172.0,8.0,1.6734726886920008,0.0,0.0,55.46666666666667,0.0,16.0,14.0,30.0,12.0,1726.0,10.0,16,1,0.5684121621621622,30.06659275674413,660.0,0.0,0.0,0.0,0.0,3
630.0,1.0,-1.000088900581841e-12,0.0,0.0,0.0,0.0,0.0,6.0,3.0,1.0986122886651095,0.0,0.0,47.37931034482759,0.0,0.0,0.0,0.0,0.0,0.0,0.0,17,1,0.5684121621621622,26.24880949681143,654.5,0.0,0.0,0.0,0.0,3
634.0,2.0,0.1291044415349434,0.0,0.0,0.0,0.0,0.0,18.0,4.0,1.2730283365856256,0.0,0.0,44.1,0.0,0.0,0.0,0.0,2.0,64.0,2.0,18,1,0.5684121621621622,16.11417595369258,643.5,0.0,0.0,0.0,0.0,3
674.0,6.0,1.2785754776135274,0.0,26.0,0.0,0.0,0.0,358.0,6.0,1.1854910799594642,0.0,0.0,39.86666666666667,0.0,0.0,0.0,0.0,32.0,1066.0,24.0,19,1,0.5684121621621622,17.156145643274026,649.5,12.999999999999114,6.5,0.0,0.0,3
664.0,3.0,0.908301012346717,0.0,22.0,0.0,0.0,0.0,76.0,7.0,1.5429485054796033,0.0,0.0,32.41379310344828,0.0,0.0,0.0,0.0,8.0,116.0,6.0,20,1,0.5684121621621622,26.95057204092763,673.5,32.10399767422499,31.0,0.0,0.0,3
270.0,1.0,-1.000088900581841e-12,0.0,0.0,0.0,0.0,0.0,8.0,2.0,0.6931471805579453,0.0,0.0,29.866666666666667,2.0,0.0,0.0,0.0,0.0,0.0,0.0,21,0,0.5684121621621622,201.2850383577144,567.5,35.86548944784261,24.5,0.0,0.0,3
390.0,4.0,0.9375825535155636,0.0,0.0,0.0,0.0,0.0,238.0,6.0,0.6813711305587452,0.0,0.0,27.03333333333333,2.0,0.0,0.0,0.0,6.0,934.0,4.0,22,0,0.5684121621621622,260.4016128982305,321.5,0.0,0.0,0.0,0.0,3
716.0,2.0,0.0962946191363927,0.0,92.0,0.0,0.0,0.0,164.0,5.0,1.1980566292994743,0.0,0.0,20.7,0.0,2.0,2.0,8.0,40.0,242.0,28.0,23,0,0.5684121621621622,329.655881185214,444.5,73.76313442363995,60.5,0.0,0.0,3
546.0,6.0,1.2080461517629455,0.0,6.0,0.0,0.0,0.0,176.0,9.0,1.524770143560622,0.0,2.0,20.545454545454547,0.0,12.0,16.0,26.0,8.0,5204.0,8.0,0,0,0.5684121621621622,78.69561614219622,660.5,60.296489671179394,88.5,0.0,0.0,3
716.0,6.0,1.4179235261294811,0.0,0.0,0.0,0.0,0.0,542.0,5.0,0.1880080232653772,0.0,0.0,53.63333333333333,0.0,0.0,4.0,0.0,0.0,1678.0,0.0,1,0,0.5684121621621622,84.11103772196941,672.0,52.076866265165926,28.0,0.0,0.0,3
510.0,1.0,-1.000088900581841e-12,0.0,0.0,0.0,0.0,0.0,936.0,4.0,0.1042760922192791,0.0,0.0,90.36666666666666,0.0,0.0,0.0,0.0,0.0,0.0,0.0,2,0,0.5684121621621622,103.67095382346282,665.5,0.0,0.0,0.0,0.0,3
0.0,0.0,0.0,0.0,0.0,0.0,0.0,0.0,820.0,5.0,0.1471574539103486,0.0,0.0,100.0,0.0,0.0,0.0,0.0,0.0,0.0,0.0,3,0,0.5684121621621622,364.5216042980168,307.0,0.0,0.0,0.0,0.0,3
0.0,0.0,0.0,0.0,0.0,0.0,0.0,0.0,12.0,2.0,0.6365141682928128,0.0,0.0,100.0,0.0,0.0,0.0,0.0,0.0,0.0,0.0,4,0,0.5684121621621622,0.0,0.0,0.0,0.0,0.0,0.0,3
0.0,0.0,0.0,0.0,0.0,0.0,0.0,0.0,16.0,3.0,1.039720770836918,0.0,0.0,100.0,0.0,0.0,0.0,0.0,0.0,0.0,0.0,5,0,0.5684121621621622,0.0,0.0,0.0,0.0,0.0,0.0,3
0.0,0.0,0.0,0.0,0.0,0.0,0.0,0.0,22.0,5.0,1.5157079520807129,0.0,0.0,100.0,0.0,0.0,0.0,0.0,0.0,0.0,0.0,6,0,0.5684121621621622,0.0,0.0,0.0,0.0,0.0,0.0,3
700.0,1.0,-1.000088900581841e-12,0.0,0.0,0.0,0.0,0.0,26.0,4.0,1.3516811946818947,0.0,0.0,100.0,0.0,0.0,0.0,0.0,0.0,0.0,0.0,7,0,0.5684121621621622,349.99999999999983,175.0,0.0,0.0,0.0,0.0,3
12.0,1.0,-1.000088900581841e-12,0.0,0.0,0.0,0.0,0.0,16.0,4.0,1.2130075659759043,0.0,0.0,100.0,0.0,0.0,0.0,0.0,0.0,0.0,0.0,8,1,0.5684121621621622,405.3821242564435,357.0,0.0,0.0,0.0,0.0,3
694.0,5.0,1.0240210096556632,0.0,0.0,0.0,0.0,0.0,266.0,13.0,1.2225859508111423,0.0,0.0,99.7,0.0,0.0,0.0,0.0,28.0,574.0,10.0,9,1,0.5684121621621622,403.6974940059284,355.5,0.0,0.0,0.0,0.0,3
698.0,8.0,1.5890159452679162,0.0,72.0,0.0,0.0,0.0,254.0,15.0,2.052234005273608,0.0,0.0,93.96666666666668,0.0,8.0,14.0,22.0,28.0,928.0,26.0,10,1,0.5684121621621622,346.36926345544373,519.5,35.99999999999968,18.0,0.0,0.0,3
648.0,3.0,0.7460465695070366,0.0,0.0,0.0,0.0,0.0,358.0,5.0,0.3086003433227577,0.0,0.0,88.9,0.0,0.0,0.0,0.0,8.0,360.0,8.0,11,1,0.5684121621621622,25.68397684679293,684.5,47.33920151417826,40.5,0.0,0.0,3
650.0,3.0,0.6949270269241452,0.0,0.0,0.0,0.0,0.0,404.0,9.0,0.4632888664457543,0.0,0.0,85.9,0.0,0.0,0.0,0.0,12.0,44.0,10.0,12,1,0.5684121621621622,28.34901526802289,663.5,44.999999999999744,22.5,0.0,0.0,3
718.0,3.0,0.0689090069086427,0.0,0.0,0.0,0.0,0.0,60.0,9.0,1.7537489861634006,0.0,0.0,76.7,0.0,0.0,0.0,0.0,0.0,372.0,0.0,13,1,0.5684121621621622,38.14009264103319,683.0,0.0,0.0,0.0,0.0,3
718.0,1.0,-1.000088900581841e-12,0.0,0.0,0.0,0.0,0.0,176.0,5.0,0.8378630448542417,0.0,0.0,65.06666666666666,0.0,0.0,0.0,0.0,0.0,438.0,0.0,14,1,0.5684121621621622,1.914854215493836,716.5,0.0,0.0,0.0,0.0,3
668.0,3.0,0.8743232676141193,0.0,0.0,0.0,0.0,0.0,170.0,5.0,0.9335208279428484,0.0,0.0,55.56666666666667,0.0,2.0,0.0,4.0,20.0,98.0,16.0,15,1,0.5684121621621622,23.266571155485327,702.0,0.0,0.0,0.0,0.0,3
636.0,3.0,0.184699964615709,0.0,0.0,0.0,0.0,0.0,24.0,5.0,1.5171063970560277,0.0,0.0,52.53333333333333,0.0,0.0,0.0,0.0,8.0,166.0,8.0,16,1,0.5684121621621622,34.34627587769298,660.5,0.0,0.0,0.0,0.0,3
652.0,4.0,0.8369658006978942,0.0,0.0,0.0,0.0,0.0,142.0,8.0,1.2552214696614523,0.0,0.0,48.93103448275862,0.0,0.0,0.0,0.0,12.0,1818.0,8.0,17,1,0.5684121621621622,8.86942313042937,641.0,0.0,0.0,0.0,0.0,3
634.0,4.0,0.3088031162492188,0.0,0.0,0.0,0.0,0.0,46.0,9.0,2.110841862048926,0.0,0.0,45.4,0.0,0.0,0.0,0.0,8.0,146.0,6.0,18,1,0.5684121621621622,8.22597511949772,641.5,0.0,0.0,0.0,0.0,3
634.0,2.0,0.1060349497051333,0.0,0.0,0.0,0.0,0.0,108.0,5.0,0.4965722457107828,0.0,0.0,41.43333333333333,0.0,0.0,0.0,0.0,4.0,130.0,2.0,19,1,0.5684121621621622,14.69693845669665,642.0,0.0,0.0,0.0,0.0,3
566.0,2.0,0.0888184200152037,0.0,0.0,0.0,0.0,0.0,32.0,9.0,2.046738532685552,0.0,0.0,39.10344827586207,0.0,0.0,0.0,0.0,4.0,84.0,4.0,20,1,0.5684121621621622,41.02032016777289,622.0,0.0,0.0,0.0,0.0,3
634.0,2.0,0.0810967765291324,0.0,0.0,0.0,0.0,0.0,68.0,5.0,1.3130105920353288,0.0,0.0,36.46666666666667,0.0,0.0,0.0,0.0,12.0,78.0,12.0,21,0,0.5684121621621622,31.93221988316181,613.5,0.0,0.0,0.0,0.0,3
