32.0,1.0,-1.000088900581841e-12,0.0,0.0,0.0,0.0,0.0,84.0,2.0,0.410116318286409,0.0,0.0,58.8,0.0,0.0,0.0,0.0,360.0,0.0,36.0,7,0,0.6335952848722987,0.0,32.0,0.0,0.0,0.0,0.0,2
110.0,3.0,0.9530194708209996,0.0,0.0,0.0,0.0,0.0,210.0,2.0,0.1618427344846018,0.0,0.0,57.16666666666666,0.0,0.0,0.0,0.0,460.0,0.0,48.0,8,1,0.6335952848722987,55.15432893255071,71.0,0.0,0.0,0.0,0.0,2
136.0,3.0,1.039720770836918,0.0,0.0,0.0,0.0,0.0,130.0,2.0,0.1374060064507686,0.0,0.0,54.18181818181818,0.0,0.0,0.0,0.0,458.0,0.0,48.0,8,1,0.6335952848722987,54.12331598611945,92.66666666666669,0.0,0.0,0.0,0.0,2
26.0,1.0,-1.000088900581841e-12,0.0,0.0,0.0,0.0,0.0,0.0,0.0,0.0,0.0,0.0,53.142857142857146,0.0,0.0,0.0,0.0,184.0,0.0,24.0,9,1,0.6335952848722987,55.35341001239219,76.0,0.0,0.0,0.0,0.0,2
54.0,4.0,0.7738422632021233,0.0,0.0,0.0,0.0,0.0,30.0,1.0,-1.000088900581841e-12,0.0,0.0,53.0,0.0,0.0,0.0,0.0,366.0,0.0,54.0,9,1,0.6335952848722987,50.3951055824538,81.5,0.0,0.0,0.0,0.0,2
22.0,1.0,-1.000088900581841e-12,0.0,0.0,0.0,0.0,0.0,4.0,1.0,-1.000088900581841e-12,0.0,0.0,53.0,0.0,0.0,0.0,0.0,178.0,0.0,0.0,10,1,0.6335952848722987,52.94966162938783,59.5,0.0,0.0,0.0,0.0,2
716.0,4.0,0.2154498422687875,0.0,0.0,0.0,0.0,0.0,16.0,1.0,-1.000088900581841e-12,0.0,0.0,50.8,0.0,0.0,0.0,0.0,90.0,0.0,16.0,10,1,0.6335952848722987,341.2970358304723,204.5,0.0,0.0,0.0,0.0,2
38.0,2.0,0.6806294878896635,0.0,0.0,0.0,0.0,0.0,4.0,1.0,-1.000088900581841e-12,0.0,0.0,47.142857142857146,0.0,0.0,0.0,0.0,172.0,0.0,0.0,11,1,0.6335952848722987,339.2516273603808,207.5,0.0,0.0,0.0,0.0,2
82.0,4.0,1.0185741634569876,0.0,0.0,0.0,0.0,0.0,24.0,3.0,0.8675632284784613,0.0,0.0,47.0,0.0,0.0,0.0,0.0,272.0,0.0,34.0,11,1,0.6335952848722987,335.29439800469873,214.5,0.0,0.0,0.0,0.0,2
54.0,3.0,0.905114058387408,0.0,0.0,0.0,16.0,0.0,36.0,3.0,0.8486855577234171,0.0,0.0,47.0,0.0,0.0,0.0,0.0,456.0,0.0,48.0,12,1,0.6335952848722987,329.5021497147882,222.5,0.0,0.0,8.0,4.0,2
116.0,2.0,0.4596930199665017,0.0,0.0,0.0,94.0,0.0,148.0,1.0,-1.000088900581841e-12,0.0,0.0,45.5625,0.0,0.0,0.0,0.0,1676.0,0.0,132.0,12,1,0.6335952848722987,34.229616805723474,72.5,0.0,0.0,44.97036060933171,27.5,2
210.0,6.0,1.367716094441318,0.0,0.0,0.0,0.0,0.0,8.0,2.0,0.6931471805579453,0.0,0.0,42.85714285714285,0.0,0.0,0.0,0.0,90.0,0.0,18.0,13,1,0.6335952848722987,67.90925317411956,115.5,0.0,0.0,44.97036060933171,27.5,2
540.0,7.0,1.5591506981019574,0.0,0.0,0.0,0.0,0.0,292.0,3.0,0.6270097129727641,0.0,0.0,35.391304347826086,0.0,0.0,0.0,0.0,510.0,0.0,48.0,13,1,0.6335952848722987,216.3885394377438,230.0,0.0,0.0,44.97036060933171,27.5,2
28.0,1.0,-1.000088900581841e-12,0.0,0.0,0.0,0.0,0.0,4.0,1.0,-1.000088900581841e-12,0.0,0.0,32.0,0.0,0.0,0.0,0.0,314.0,0.0,0.0,14,1,0.6335952848722987,223.7044180758768,223.5,0.0,0.0,47.00000000000001,23.5,2
40.0,4.0,1.1682824501725626,0.0,0.0,0.0,0.0,0.0,8.0,1.0,-1.000088900581841e-12,0.0,0.0,31.11111111111111,0.0,0.0,0.0,0.0,616.0,0.0,52.0,14,1,0.6335952848722987,238.6091643951115,204.5,0.0,0.0,0.0,0.0,2
144.0,4.0,1.309231154363161,0.0,0.0,0.0,0.0,0.0,20.0,1.0,-1.000088900581841e-12,0.0,0.0,29.416666666666668,0.0,0.0,0.0,0.0,740.0,0.0,66.0,15,1,0.6335952848722987,240.3774809197678,188.0,0.0,0.0,0.0,0.0,2
94.0,2.0,0.1029666604634124,0.0,0.0,0.0,0.0,0.0,12.0,2.0,0.6365141682928128,0.0,0.0,18.55555555555556,0.0,0.0,0.0,0.0,434.0,0.0,14.0,20,1,0.6335952848722987,35.28928071430955,56.0,0.0,0.0,0.0,0.0,2
334.0,5.0,0.6384204909020161,0.0,0.0,0.0,0.0,0.0,4.0,1.0,-1.000088900581841e-12,0.0,0.0,16.055555555555557,0.0,0.0,0.0,0.0,216.0,0.0,14.0,21,0,0.6335952848722987,145.6056317592146,121.5,0.0,0.0,0.0,0.0,2
12.0,1.0,-1.000088900581841e-12,0.0,0.0,0.0,0.0,0.0,14.0,2.0,0.410116318286409,0.0,0.0,14.0,0.0,0.0,0.0,0.0,0.0,0.0,0.0,21,0,0.6335952848722987,152.3198389354891,113.0,0.0,0.0,0.0,0.0,2
10.0,1.0,-1.000088900581841e-12,0.0,0.0,0.0,0.0,0.0,8.0,1.0,-1.000088900581841e-12,0.0,0.0,14.0,74.0,0.0,0.0,0.0,0.0,0.0,0.0,22,0,0.6335952848722987,152.7645246776882,112.5,0.0,0.0,0.0,0.0,2
614.0,2.0,0.021906245313443,0.0,0.0,0.0,0.0,0.0,34.0,2.0,0.2237180760638337,0.0,716.0,19.77777777777778,0.0,0.0,212.0,8.0,644.0,0.0,30.0,22,0,0.6335952848722987,290.72954212922133,242.5,0.0,0.0,0.0,0.0,2
718.0,1.0,-1.000088900581841e-12,0.0,0.0,0.0,0.0,0.0,0.0,0.0,0.0,0.0,0.0,37.5,0.0,0.0,0.0,0.0,0.0,0.0,0.0,23,0,0.6335952848722987,380.541281159701,338.5,0.0,0.0,0.0,0.0,2
290.0,1.0,-1.000088900581841e-12,0.0,0.0,0.0,0.0,0.0,0.0,0.0,0.0,0.0,0.0,57.0,0.0,0.0,0.0,0.0,0.0,0.0,0.0,23,0,0.6335952848722987,321.9026768036161,408.0,0.0,0.0,0.0,0.0,2
0.0,0.0,0.0,0.0,0.0,0.0,0.0,0.0,0.0,0.0,0.0,0.0,0.0,76.03333333333333,0.0,0.0,0.0,0.0,0.0,0.0,0.0,0,0,0.6335952848722987,326.0362965478946,405.5,0.0,0.0,0.0,0.0,2
0.0,0.0,0.0,0.0,0.0,0.0,0.0,0.0,0.0,0.0,0.0,0.0,0.0,93.43333333333334,0.0,0.0,0.0,0.0,0.0,0.0,0.0,0,0,0.6335952848722987,339.41518331781606,252.0,0.0,0.0,0.0,0.0,2
0.0,0.0,0.0,0.0,0.0,0.0,0.0,0.0,0.0,0.0,0.0,0.0,0.0,100.0,0.0,0.0,0.0,0.0,0.0,0.0,0.0,1,0,0.6335952848722987,144.99999999999997,72.5,0.0,0.0,0.0,0.0,2
0.0,0.0,0.0,0.0,0.0,0.0,0.0,0.0,0.0,0.0,0.0,0.0,0.0,100.0,0.0,0.0,0.0,0.0,0.0,0.0,0.0,1,0,0.6335952848722987,0.0,0.0,0.0,0.0,0.0,0.0,2
0.0,0.0,0.0,0.0,0.0,0.0,0.0,0.0,0.0,0.0,0.0,0.0,0.0,100.0,0.0,0.0,0.0,0.0,0.0,0.0,0.0,2,0,0.6335952848722987,0.0,0.0,0.0,0.0,0.0,0.0,2
0.0,0.0,0.0,0.0,0.0,0.0,0.0,0.0,0.0,0.0,0.0,0.0,0.0,100.0,0.0,0.0,0.0,0.0,0.0,0.0,0.0,2,0,0.6335952848722987,0.0,0.0,0.0,0.0,0.0,0.0,2
0.0,0.0,0.0,0.0,0.0,0.0,0.0,0.0,0.0,0.0,0.0,0.0,0.0,100.0,0.0,0.0,0.0,0.0,0.0,0.0,0.0,3,0,0.6335952848722987,0.0,0.0,0.0,0.0,0.0,0.0,2
0.0,0.0,0.0,0.0,0.0,0.0,0.0,0.0,0.0,0.0,0.0,0.0,0.0,100.0,0.0,0.0,0.0,0.0,0.0,0.0,0.0,3,0,0.6335952848722987,0.0,0.0,0.0,0.0,0.0,0.0,2
0.0,0.0,0.0,0.0,0.0,0.0,0.0,0.0,0.0,0.0,0.0,0.0,0.0,100.0,0.0,0.0,0.0,0.0,0.0,0.0,0.0,4,0,0.6335952848722987,0.0,0.0,0.0,0.0,0.0,0.0,2
0.0,0.0,0.0,0.0,0.0,0.0,0.0,0.0,0.0,0.0,0.0,0.0,0.0,100.0,0.0,0.0,0.0,0.0,0.0,0.0,0.0,4,0,0.6335952848722987,0.0,0.0,0.0,0.0,0.0,0.0,2
0.0,0.0,0.0,0.0,0.0,0.0,0.0,0.0,0.0,0.0,0.0,0.0,0.0,100.0,0.0,0.0,0.0,0.0,0.0,0.0,0.0,5,0,0.6335952848722987,0.0,0.0,0.0,0.0,0.0,0.0,2
80.0,4.0,0.7718566538438534,0.0,0.0,0.0,0.0,0.0,20.0,2.0,0.6730116670072565,0.0,0.0,100.0,0.0,0.0,0.0,0.0,330.0,0.0,36.0,7,0,0.6335952848722987,39.99999999999985,20.0,0.0,0.0,0.0,0.0,2
444.0,6.0,1.447912919588448,0.0,0.0,0.0,0.0,0.0,36.0,3.0,0.8486855577234171,0.0,0.0,99.66666666666669,0.0,0.0,0.0,0.0,868.0,0.0,116.0,8,1,0.6335952848722987,212.04716456486747,131.0,0.0,0.0,0.0,0.0,2
74.0,4.0,1.1363816096935868,0.0,0.0,0.0,0.0,0.0,0.0,0.0,0.0,0.0,0.0,95.0,0.0,0.0,0.0,0.0,462.0,0.0,78.0,10,1,0.6335952848722987,27.54390434681796,41.0,0.0,0.0,0.0,0.0,2
20.0,1.0,-1.000088900581841e-12,0.0,0.0,0.0,0.0,0.0,12.0,2.0,0.6365141682928128,0.0,0.0,94.71428571428572,0.0,0.0,0.0,0.0,110.0,0.0,0.0,11,1,0.6335952848722987,27.92848008753771,33.0,0.0,0.0,0.0,0.0,2
30.0,1.0,-1.000088900581841e-12,0.0,0.0,0.0,0.0,0.0,4.0,1.0,-1.000088900581841e-12,0.0,0.0,94.0,0.0,0.0,0.0,0.0,350.0,0.0,20.0,11,1,0.6335952848722987,24.67792535850593,37.5,0.0,0.0,0.0,0.0,2
36.0,2.0,0.6869615765953234,0.0,0.0,0.0,0.0,0.0,0.0,0.0,0.0,0.0,0.0,94.0,0.0,0.0,0.0,0.0,464.0,0.0,34.0,12,1,0.6335952848722987,23.607908279500823,40.0,0.0,0.0,0.0,0.0,2
40.0,2.0,0.6881388137115885,0.0,0.0,0.0,0.0,0.0,10.0,1.0,-1.000088900581841e-12,0.0,0.0,93.75,0.0,0.0,0.0,0.0,352.0,0.0,0.0,12,1,0.6335952848722987,8.698658900466029,31.5,0.0,0.0,0.0,0.0,2
260.0,7.0,1.4502197514479829,0.0,0.0,0.0,0.0,0.0,18.0,2.0,0.6869615765953234,0.0,0.0,91.70588235294116,0.0,0.0,0.0,0.0,342.0,0.0,62.0,13,1,0.6335952848722987,112.40848129330212,91.5,0.0,0.0,0.0,0.0,2
84.0,3.0,0.6680178186577534,0.0,0.0,0.0,0.0,0.0,4.0,1.0,-1.000088900581841e-12,0.0,0.0,88.6,0.0,0.0,0.0,0.0,580.0,0.0,58.0,13,1,0.6335952848722987,105.59671712068824,105.0,0.0,0.0,0.0,0.0,2
52.0,2.0,0.666278442412676,0.0,0.0,0.0,0.0,0.0,44.0,4.0,1.294545165840896,0.0,0.0,87.6,0.0,0.0,0.0,0.0,346.0,0.0,40.0,14,1,0.6335952848722987,102.36535872387032,109.0,0.0,0.0,0.0,0.0,2
246.0,3.0,0.5094585555371876,0.0,0.0,0.0,0.0,0.0,8.0,2.0,0.6931471805579453,0.0,0.0,86.0625,0.0,0.0,0.0,0.0,352.0,0.0,102.0,15,1,0.6335952848722987,107.75744367173274,160.5,0.0,0.0,0.0,0.0,2
482.0,9.0,1.3737840553916043,0.0,0.0,0.0,0.0,0.0,26.0,2.0,0.6901856760168041,0.0,0.0,81.73913043478261,0.0,118.0,0.0,0.0,802.0,0.0,130.0,15,1,0.6335952848722987,196.61807309265,216.0,0.0,0.0,0.0,0.0,2
58.0,3.0,0.8762587657072581,0.0,0.0,0.0,0.0,0.0,38.0,2.0,0.6917614988504178,0.0,0.0,78.85714285714286,0.0,0.0,0.0,0.0,472.0,0.0,66.0,16,1,0.6335952848722987,202.7699846295468,209.5,0.0,0.0,0.0,0.0,2
90.0,3.0,0.9928010493559184,0.0,0.0,0.0,18.0,0.0,138.0,2.0,0.6259924284466261,0.0,0.0,78.0,0.0,0.0,238.0,2.0,716.0,0.0,38.0,16,1,0.6335952848722987,193.6147377310587,219.0,0.0,0.0,9.000000000000016,4.5,2
170.0,3.0,0.6196811511360407,0.0,0.0,0.0,0.0,0.0,230.0,3.0,0.1751022060306077,0.0,0.0,76.15384615384616,0.0,0.0,0.0,0.0,594.0,0.0,56.0,17,1,0.6335952848722987,193.81090440598703,200.0,0.0,0.0,9.000000000000016,4.5,2
660.0,1.0,-1.000088900581841e-12,0.0,0.0,0.0,0.0,0.0,0.0,0.0,0.0,0.0,0.0,72.78571428571429,0.0,0.0,0.0,0.0,0.0,0.0,0.0,17,1,0.6335952848722987,280.9762742059668,244.5,0.0,0.0,9.000000000000016,4.5,2
12.0,1.0,-1.000088900581841e-12,0.0,0.0,0.0,0.0,0.0,36.0,2.0,0.6365141682928128,0.0,0.0,70.66666666666667,0.0,0.0,0.0,0.0,118.0,0.0,0.0,18,1,0.6335952848722987,291.8835384190071,233.0,0.0,0.0,9.000000000000016,4.5,2
28.0,3.0,0.8760057656401736,0.0,0.0,0.0,0.0,0.0,4.0,1.0,-1.000088900581841e-12,0.0,0.0,70.0,0.0,0.0,0.0,0.0,240.0,0.0,28.0,18,1,0.6335952848722987,303.4265424557757,217.5,0.0,0.0,0.0,0.0,2
208.0,7.0,1.4085671989382416,0.0,0.0,0.0,34.0,0.0,8.0,2.0,0.6931471805579453,0.0,0.0,69.42105263157895,0.0,0.0,0.0,0.0,1666.0,0.0,108.0,19,1,0.6335952848722987,302.03531802313006,227.0,0.0,0.0,17.000000000000007,8.5,2
32.0,3.0,0.7029189307705104,0.0,0.0,0.0,0.0,0.0,4.0,1.0,-1.000088900581841e-12,0.0,0.0,68.0,0.0,0.0,0.0,0.0,586.0,0.0,34.0,19,1,0.6335952848722987,92.40490607465952,70.0,0.0,0.0,17.000000000000007,8.5,2
20.0,1.0,-1.000088900581841e-12,0.0,0.0,0.0,0.0,0.0,24.0,2.0,0.6931471805579453,0.0,0.0,67.0,0.0,0.0,0.0,0.0,120.0,0.0,0.0,20,1,0.6335952848722987,90.80381783456744,72.0,0.0,0.0,17.000000000000007,8.5,2
24.0,2.0,0.5623351446168083,0.0,0.0,0.0,0.0,0.0,60.0,2.0,0.5799151714161009,0.0,0.0,66.57142857142857,0.0,0.0,0.0,0.0,240.0,0.0,22.0,20,1,0.6335952848722987,91.46948489341484,71.0,0.0,0.0,17.000000000000007,8.5,2
12.0,1.0,-1.000088900581841e-12,0.0,0.0,0.0,0.0,0.0,14.0,2.0,0.410116318286409,0.0,0.0,66.0,0.0,0.0,0.0,0.0,120.0,0.0,0.0,21,0,0.6335952848722987,8.326663997863172,22.0,0.0,0.0,0.0,0.0,2
390.0,5.0,0.8077235935326282,0.0,0.0,0.0,0.0,0.0,20.0,1.0,-1.000088900581841e-12,0.0,0.0,64.66666666666667,0.0,0.0,0.0,0.0,944.0,0.0,106.0,21,0,0.6335952848722987,185.7336803059692,111.5,0.0,0.0,0.0,0.0,2
646.0,6.0,1.0356734787801594,0.0,0.0,0.0,0.0,0.0,36.0,2.0,0.6365141682928128,0.0,0.0,60.46428571428572,0.0,0.0,0.0,0.0,480.0,0.0,50.0,22,0,0.6335952848722987,307.05048444840463,268.0,0.0,0.0,0.0,0.0,2
0.0,0.0,0.0,0.0,0.0,0.0,0.0,0.0,0.0,0.0,0.0,0.0,0.0,100.0,0.0,0.0,0.0,0.0,0.0,0.0,0.0,2,0,0.6335952848722987,0.0,0.0,0.0,0.0,0.0,0.0,2
0.0,0.0,0.0,0.0,0.0,0.0,0.0,0.0,0.0,0.0,0.0,0.0,0.0,100.0,0.0,0.0,0.0,0.0,0.0,0.0,0.0,3,0,0.6335952848722987,0.0,0.0,0.0,0.0,0.0,0.0,2
0.0,0.0,0.0,0.0,0.0,0.0,0.0,0.0,0.0,0.0,0.0,0.0,0.0,100.0,0.0,0.0,0.0,0.0,0.0,0.0,0.0,3,0,0.6335952848722987,0.0,0.0,0.0,0.0,0.0,0.0,2
0.0,0.0,0.0,0.0,0.0,0.0,0.0,0.0,0.0,0.0,0.0,0.0,0.0,100.0,0.0,0.0,0.0,0.0,0.0,0.0,0.0,4,0,0.6335952848722987,0.0,0.0,0.0,0.0,0.0,0.0,2
0.0,0.0,0.0,0.0,0.0,0.0,0.0,0.0,0.0,0.0,0.0,0.0,0.0,100.0,0.0,0.0,0.0,0.0,0.0,0.0,0.0,4,0,0.6335952848722987,0.0,0.0,0.0,0.0,0.0,0.0,2
0.0,0.0,0.0,0.0,0.0,0.0,0.0,0.0,0.0,0.0,0.0,0.0,0.0,100.0,0.0,0.0,0.0,0.0,0.0,0.0,0.0,5,0,0.6335952848722987,0.0,0.0,0.0,0.0,0.0,0.0,2
0.0,0.0,0.0,0.0,0.0,0.0,0.0,0.0,0.0,0.0,0.0,0.0,0.0,100.0,0.0,0.0,0.0,0.0,0.0,0.0,0.0,5,0,0.6335952848722987,0.0,0.0,0.0,0.0,0.0,0.0,2
0.0,0.0,0.0,0.0,0.0,0.0,0.0,0.0,0.0,0.0,0.0,0.0,0.0,100.0,0.0,0.0,0.0,0.0,0.0,0.0,0.0,6,0,0.6335952848722987,0.0,0.0,0.0,0.0,0.0,0.0,2
0.0,0.0,0.0,0.0,0.0,0.0,0.0,0.0,0.0,0.0,0.0,0.0,0.0,100.0,0.0,0.0,0.0,0.0,0.0,0.0,0.0,6,0,0.6335952848722987,0.0,0.0,0.0,0.0,0.0,0.0,2
0.0,0.0,0.0,0.0,0.0,0.0,0.0,0.0,0.0,0.0,0.0,0.0,0.0,100.0,0.0,0.0,0.0,0.0,0.0,0.0,0.0,7,0,0.6335952848722987,0.0,0.0,0.0,0.0,0.0,0.0,2
32.0,1.0,-1.000088900581841e-12,0.0,0.0,0.0,0.0,0.0,12.0,1.0,-1.000088900581841e-12,0.0,0.0,100.0,0.0,0.0,0.0,0.0,370.0,0.0,0.0,7,0,0.6335952848722987,16.000000000001418,8.0,0.0,0.0,0.0,0.0,2
246.0,4.0,0.6728864303781414,0.0,0.0,0.0,0.0,0.0,32.0,2.0,0.6615632381559821,0.0,0.0,99.33333333333331,0.0,0.0,0.0,0.0,496.0,0.0,122.0,8,1,0.6335952848722987,118.62967588255496,69.5,0.0,0.0,0.0,0.0,2
146.0,4.0,1.1247564489487196,0.0,0.0,0.0,0.0,0.0,12.0,3.0,1.0986122886651095,0.0,0.0,96.88888888888889,0.0,0.0,0.0,0.0,116.0,0.0,22.0,8,1,0.6335952848722987,112.41589448709368,106.0,0.0,0.0,0.0,0.0,2
24.0,2.0,0.5623351446168083,0.0,0.0,0.0,0.0,0.0,18.0,3.0,0.8486855577234171,0.0,0.0,95.71428571428572,0.0,0.0,0.0,0.0,126.0,0.0,24.0,9,1,0.6335952848722987,105.2869096010201,112.0,0.0,0.0,0.0,0.0,2
152.0,3.0,0.4982788436693912,0.0,0.0,0.0,0.0,0.0,26.0,2.0,0.2711893730398441,0.0,0.0,94.54545454545456,0.0,0.0,0.0,0.0,250.0,0.0,84.0,9,1,0.6335952848722987,91.02380640982544,142.0,0.0,0.0,0.0,0.0,2
26.0,3.0,0.6870920273769716,0.0,0.0,0.0,0.0,0.0,4.0,1.0,-1.000088900581841e-12,0.0,0.0,94.0,0.0,0.0,0.0,0.0,238.0,0.0,46.0,10,1,0.6335952848722987,71.63797875428958,87.0,0.0,0.0,0.0,0.0,2
36.0,2.0,0.3488320958410319,0.0,0.0,0.0,0.0,0.0,8.0,1.0,-1.000088900581841e-12,0.0,0.0,93.5,0.0,0.0,0.0,0.0,370.0,0.0,42.0,10,1,0.6335952848722987,61.88968680913951,59.5,0.0,0.0,0.0,0.0,2
12.0,1.0,-1.000088900581841e-12,0.0,0.0,0.0,0.0,0.0,10.0,2.0,0.6730116670072565,0.0,0.0,93.0,0.0,0.0,0.0,0.0,0.0,0.0,0.0,11,1,0.6335952848722987,64.42308075009589,56.5,0.0,0.0,0.0,0.0,2
2.0,1.0,-1.000088900581841e-12,0.0,0.0,0.0,0.0,0.0,10.0,2.0,0.6730116670072565,0.0,0.0,93.0,48.0,0.0,0.0,0.0,126.0,0.0,0.0,11,1,0.6335952848722987,15.011106998931735,19.0,0.0,0.0,0.0,0.0,2
190.0,7.0,1.5774011809690422,0.0,0.0,0.0,32.0,0.0,50.0,3.0,1.0133126873467393,0.0,0.0,92.6923076923077,0.0,0.0,0.0,0.0,744.0,0.0,62.0,12,1,0.6335952848722987,87.83317520542401,60.0,0.0,0.0,16.000000000000007,8.0,2
54.0,3.0,0.9896516343302492,0.0,0.0,0.0,126.0,0.0,10.0,1.0,-1.000088900581841e-12,0.0,0.0,91.22222222222224,0.0,0.0,0.0,0.0,874.0,0.0,56.0,12,1,0.6335952848722987,86.64679259307128,64.5,0.0,0.0,59.60704656330491,39.5,2
232.0,4.0,1.061994291634362,0.0,0.0,0.0,0.0,0.0,26.0,2.0,0.6172417697283417,0.0,0.0,89.4,0.0,0.0,0.0,0.0,370.0,0.0,54.0,13,1,0.6335952848722987,109.12225559741104,119.5,0.0,0.0,59.60704656330491,39.5,2
326.0,4.0,0.8912467846415109,0.0,0.0,0.0,0.0,0.0,20.0,2.0,0.6730116670072565,0.0,0.0,86.47058823529412,0.0,0.0,0.0,0.0,492.0,0.0,92.0,13,1,0.6335952848722987,113.01179879404944,200.5,0.0,0.0,59.60704656330491,39.5,2
142.0,5.0,1.4475440410638472,0.0,0.0,0.0,0.0,0.0,20.0,1.0,-1.000088900581841e-12,0.0,0.0,84.45454545454545,0.0,0.0,0.0,0.0,488.0,0.0,54.0,14,1,0.6335952848722987,116.9772057567914,188.5,0.0,0.0,63.0,31.5,2
38.0,2.0,0.6917614988504178,0.0,0.0,0.0,0.0,0.0,8.0,2.0,0.6931471805579453,0.0,0.0,83.14285714285714,0.0,0.0,0.0,0.0,254.0,0.0,0.0,14,1,0.6335952848722987,123.2166114342274,184.5,0.0,0.0,0.0,0.0,2
36.0,2.0,0.4505612088643047,0.0,0.0,0.0,0.0,0.0,8.0,1.0,-1.000088900581841e-12,0.0,0.0,83.0,0.0,0.0,0.0,0.0,646.0,0.0,40.0,15,1,0.6335952848722987,136.3072509687827,135.5,0.0,0.0,0.0,0.0,2
56.0,3.0,0.8982053397011498,0.0,0.0,0.0,0.0,0.0,16.0,2.0,0.5623351446168083,0.0,0.0,82.5,0.0,0.0,0.0,0.0,130.0,0.0,24.0,15,1,0.6335952848722987,50.1464521842444,68.0,0.0,0.0,0.0,0.0,2
12.0,1.0,-1.000088900581841e-12,0.0,0.0,0.0,0.0,0.0,0.0,0.0,0.0,0.0,0.0,82.0,0.0,0.0,0.0,0.0,0.0,0.0,0.0,16,1,0.6335952848722987,18.06469853978684,35.5,0.0,0.0,0.0,0.0,2
270.0,4.0,0.958692687803056,0.0,0.0,0.0,0.0,0.0,88.0,3.0,0.5763820666218934,0.0,0.0,79.6875,0.0,0.0,0.0,0.0,658.0,0.0,50.0,16,1,0.6335952848722987,119.0336086993923,93.5,0.0,0.0,0.0,0.0,2
12.0,1.0,-1.000088900581841e-12,0.0,0.0,0.0,0.0,0.0,6.0,2.0,0.6365141682928128,0.0,0.0,78.0,0.0,0.0,0.0,0.0,132.0,0.0,0.0,17,1,0.6335952848722987,123.42204017111386,87.5,0.0,0.0,0.0,0.0,2
108.0,4.0,0.8220631361515152,0.0,0.0,0.0,0.0,0.0,256.0,2.0,0.0456883890719836,0.0,0.0,78.0,0.0,0.0,0.0,0.0,390.0,0.0,52.0,17,1,0.6335952848722987,121.7251001231876,100.5,0.0,0.0,0.0,0.0,2
382.0,3.0,0.7804760617193924,0.0,0.0,0.0,0.0,0.0,24.0,1.0,-1.000088900581841e-12,0.0,0.0,76.5,0.0,0.0,0.0,0.0,658.0,0.0,76.0,18,1,0.6335952848722987,164.96060135680895,193.0,0.0,0.0,0.0,0.0,2
122.0,2.0,0.5917104093949316,0.0,0.0,0.0,0.0,0.0,20.0,1.0,-1.000088900581841e-12,0.0,0.0,74.55555555555556,0.0,0.0,0.0,0.0,924.0,0.0,60.0,18,1,0.6335952848722987,158.400336699979,156.0,0.0,0.0,0.0,0.0,2
166.0,3.0,1.0693125405438002,0.0,0.0,0.0,0.0,0.0,12.0,2.0,0.6365141682928128,0.0,0.0,73.5,0.0,0.0,0.0,0.0,782.0,0.0,88.0,19,1,0.6335952848722987,127.419255478388,194.5,0.0,0.0,0.0,0.0,2
140.0,4.0,0.8124762947152179,0.0,0.0,0.0,0.0,0.0,0.0,0.0,0.0,0.0,0.0,72.08333333333333,0.0,0.0,0.0,0.0,530.0,0.0,18.0,19,1,0.6335952848722987,121.02203656084036,202.5,0.0,0.0,0.0,0.0,2
22.0,2.0,0.3046360973472382,0.0,0.0,0.0,0.0,0.0,26.0,2.0,0.666278442412676,0.0,0.0,71.0,0.0,0.0,0.0,0.0,268.0,0.0,26.0,20,1,0.6335952848722987,62.97883242275436,112.5,0.0,0.0,0.0,0.0,2
604.0,4.0,0.7730059154007017,0.0,0.0,0.0,0.0,0.0,20.0,1.0,-1.000088900581841e-12,0.0,0.0,68.76923076923077,0.0,0.0,0.0,0.0,664.0,0.0,50.0,20,1,0.6335952848722987,255.1470164434616,233.0,0.0,0.0,0.0,0.0,2
364.0,6.0,0.9609851325260907,0.0,0.0,0.0,0.0,0.0,112.0,4.0,1.210298870752309,0.0,0.0,63.94444444444444,0.0,0.0,0.0,0.0,1066.0,0.0,92.0,21,0,0.6335952848722987,257.01556373107064,282.5,0.0,0.0,0.0,0.0,2
576.0,3.0,0.6212864236947713,0.0,0.0,0.0,0.0,0.0,36.0,1.0,-1.000088900581841e-12,0.0,0.0,58.24,0.0,0.0,0.0,0.0,694.0,0.0,90.0,21,0,0.6335952848722987,268.62799556263684,391.5,0.0,0.0,0.0,0.0,2
716.0,1.0,-1.000088900581841e-12,0.0,0.0,0.0,0.0,0.0,0.0,0.0,0.0,0.0,0.0,48.3,0.0,0.0,0.0,0.0,0.0,0.0,0.0,22,0,0.6335952848722987,147.01927311297226,565.0,0.0,0.0,0.0,0.0,2
406.0,7.0,0.9202406806105708,0.0,0.0,0.0,0.0,0.0,2.0,1.0,-1.000088900581841e-12,0.0,0.0,37.37037037037037,0.0,0.0,0.0,0.0,0.0,0.0,0.0,22,0,0.6335952848722987,162.07302880697554,515.5,0.0,0.0,0.0,0.0,2
468.0,4.0,0.7055339818010496,0.0,0.0,0.0,0.0,0.0,0.0,0.0,0.0,0.0,426.0,30.5,0.0,0.0,0.0,0.0,738.0,0.0,30.0,23,0,0.6335952848722987,135.89579341049054,541.5,0.0,0.0,0.0,0.0,2
716.0,1.0,-1.000088900581841e-12,0.0,0.0,0.0,0.0,0.0,0.0,0.0,0.0,0.0,928.0,39.7,0.0,0.0,0.0,0.0,730.0,0.0,0.0,23,0,0.6335952848722987,163.05724965994835,576.5,0.0,0.0,0.0,0.0,2
594.0,1.0,-1.000088900581841e-12,0.0,0.0,0.0,0.0,0.0,0.0,0.0,0.0,0.0,0.0,57.96666666666667,0.0,0.0,0.0,0.0,0.0,0.0,0.0,0,0,0.6335952848722987,137.70499869890972,546.0,0.0,0.0,0.0,0.0,2
0.0,0.0,0.0,0.0,0.0,0.0,0.0,0.0,0.0,0.0,0.0,0.0,0.0,76.26666666666667,0.0,0.0,0.0,0.0,0.0,0.0,0.0,0,0,0.6335952848722987,313.1533170828629,444.5,0.0,0.0,0.0,0.0,2
0.0,0.0,0.0,0.0,0.0,0.0,0.0,0.0,0.0,0.0,0.0,0.0,0.0,91.7,0.0,0.0,0.0,0.0,0.0,0.0,0.0,1,0,0.6335952848722987,381.4302033137912,327.5,0.0,0.0,0.0,0.0,2
0.0,0.0,0.0,0.0,0.0,0.0,0.0,0.0,0.0,0.0,0.0,0.0,0.0,99.03333333333332,0.0,0.0,0.0,0.0,0.0,0.0,0.0,1,0,0.6335952848722987,297.0000000000001,148.5,0.0,0.0,0.0,0.0,2
0.0,0.0,0.0,0.0,0.0,0.0,0.0,0.0,0.0,0.0,0.0,0.0,0.0,100.0,0.0,0.0,0.0,0.0,0.0,0.0,0.0,2,0,0.6335952848722987,0.0,0.0,0.0,0.0,0.0,0.0,2
0.0,0.0,0.0,0.0,0.0,0.0,0.0,0.0,0.0,0.0,0.0,0.0,0.0,100.0,0.0,0.0,0.0,0.0,0.0,0.0,0.0,2,0,0.6335952848722987,0.0,0.0,0.0,0.0,0.0,0.0,2
0.0,0.0,0.0,0.0,0.0,0.0,0.0,0.0,0.0,0.0,0.0,0.0,0.0,100.0,0.0,0.0,0.0,0.0,0.0,0.0,0.0,3,0,0.6335952848722987,0.0,0.0,0.0,0.0,0.0,0.0,2
0.0,0.0,0.0,0.0,0.0,0.0,0.0,0.0,0.0,0.0,0.0,0.0,0.0,100.0,0.0,0.0,0.0,0.0,0.0,0.0,0.0,3,0,0.6335952848722987,0.0,0.0,0.0,0.0,0.0,0.0,2
0.0,0.0,0.0,0.0,0.0,0.0,0.0,0.0,0.0,0.0,0.0,0.0,0.0,100.0,0.0,0.0,0.0,0.0,0.0,0.0,0.0,4,0,0.6335952848722987,0.0,0.0,0.0,0.0,0.0,0.0,2
0.0,0.0,0.0,0.0,0.0,0.0,0.0,0.0,0.0,0.0,0.0,0.0,0.0,100.0,0.0,0.0,0.0,0.0,0.0,0.0,0.0,4,0,0.6335952848722987,0.0,0.0,0.0,0.0,0.0,0.0,2
0.0,0.0,0.0,0.0,0.0,0.0,0.0,0.0,0.0,0.0,0.0,0.0,0.0,100.0,0.0,0.0,0.0,0.0,0.0,0.0,0.0,5,0,0.6335952848722987,0.0,0.0,0.0,0.0,0.0,0.0,2
0.0,0.0,0.0,0.0,0.0,0.0,0.0,0.0,0.0,0.0,0.0,0.0,0.0,100.0,0.0,0.0,0.0,0.0,0.0,0.0,0.0,5,0,0.6335952848722987,0.0,0.0,0.0,0.0,0.0,0.0,2
0.0,0.0,0.0,0.0,0.0,0.0,0.0,0.0,0.0,0.0,0.0,0.0,0.0,100.0,0.0,0.0,0.0,0.0,0.0,0.0,0.0,6,0,0.6335952848722987,0.0,0.0,0.0,0.0,0.0,0.0,2
0.0,0.0,0.0,0.0,0.0,0.0,0.0,0.0,0.0,0.0,0.0,0.0,0.0,100.0,0.0,0.0,0.0,0.0,0.0,0.0,0.0,6,0,0.6335952848722987,0.0,0.0,0.0,0.0,0.0,0.0,2
0.0,0.0,0.0,0.0,0.0,0.0,0.0,0.0,0.0,0.0,0.0,0.0,0.0,100.0,0.0,0.0,0.0,0.0,0.0,0.0,0.0,7,0,0.6335952848722987,0.0,0.0,0.0,0.0,0.0,0.0,2
0.0,0.0,0.0,0.0,0.0,0.0,0.0,0.0,0.0,0.0,0.0,0.0,0.0,100.0,0.0,0.0,0.0,0.0,0.0,0.0,0.0,7,0,0.6335952848722987,0.0,0.0,0.0,0.0,0.0,0.0,2
276.0,9.0,1.6536342351144655,0.0,0.0,0.0,0.0,0.0,12.0,1.0,-1.000088900581841e-12,0.0,0.0,99.78571428571428,0.0,0.0,0.0,0.0,296.0,38.0,32.0,8,1,0.6335952848722987,138.00000000000028,69.0,0.0,0.0,0.0,0.0,2
276.0,3.0,0.4566893518894706,0.0,0.0,0.0,0.0,0.0,26.0,3.0,0.8305178252842479,0.0,0.0,98.1818181818182,0.0,0.0,0.0,0.0,168.0,0.0,26.0,8,1,0.6335952848722987,159.34867429633695,138.0,0.0,0.0,0.0,0.0,2
118.0,6.0,1.1716063833323256,0.0,0.0,0.0,0.0,0.0,0.0,0.0,0.0,0.0,0.0,80.0,0.0,0.0,0.0,0.0,48.0,0.0,12.0,13,1,0.6335952848722987,112.01636785160794,181.5,0.0,0.0,0.0,0.0,2
54.0,6.0,1.4815617443197082,0.0,0.0,0.0,0.0,0.0,0.0,0.0,0.0,0.0,0.0,77.0,0.0,0.0,0.0,0.0,68.0,0.0,14.0,13,1,0.6335952848722987,104.32002044989612,126.0,0.0,0.0,0.0,0.0,2
12.0,1.0,-1.000088900581841e-12,0.0,0.0,0.0,0.0,0.0,0.0,0.0,0.0,0.0,0.0,76.0,0.0,0.0,0.0,0.0,0.0,0.0,0.0,14,1,0.6335952848722987,43.66539438350173,60.0,0.0,0.0,0.0,0.0,2
16.0,2.0,0.6615632381559821,0.0,0.0,0.0,0.0,0.0,0.0,0.0,0.0,0.0,0.0,75.83333333333333,0.0,0.0,0.0,0.0,26.0,0.0,14.0,14,1,0.6335952848722987,49.125689138508896,50.0,0.0,0.0,0.0,0.0,2
26.0,2.0,0.2711893730398441,0.0,0.0,0.0,0.0,0.0,0.0,0.0,0.0,0.0,0.0,73.0,0.0,0.0,0.0,0.0,104.0,0.0,26.0,15,1,0.6335952848722987,18.938496948457765,27.0,0.0,0.0,0.0,0.0,2
38.0,4.0,1.1785052821713768,0.0,0.0,0.0,0.0,0.0,0.0,0.0,0.0,0.0,0.0,70.57142857142857,0.0,0.0,0.0,0.0,84.0,0.0,30.0,15,1,0.6335952848722987,11.60459679035614,23.0,0.0,0.0,0.0,0.0,2
12.0,1.0,-1.000088900581841e-12,0.0,0.0,0.0,0.0,0.0,0.0,0.0,0.0,0.0,0.0,69.5,0.0,0.0,0.0,0.0,38.0,0.0,10.0,16,1,0.6335952848722987,11.60459679035614,23.0,0.0,0.0,0.0,0.0,2
132.0,3.0,0.9526070436637044,0.0,0.0,0.0,0.0,0.0,0.0,0.0,0.0,0.0,0.0,68.6923076923077,0.0,0.0,0.0,0.0,68.0,0.0,18.0,16,1,0.6335952848722987,54.38136935875568,52.0,0.0,0.0,0.0,0.0,1
52.0,2.0,0.4895518936209287,0.0,0.0,0.0,0.0,0.0,0.0,0.0,0.0,0.0,0.0,67.0,0.0,0.0,0.0,0.0,36.0,0.0,28.0,17,1,0.6335952848722987,51.72684667236873,58.5,0.0,0.0,0.0,0.0,2
58.0,2.0,0.6637254974702314,0.0,0.0,0.0,0.0,0.0,0.0,0.0,0.0,0.0,0.0,65.8,0.0,0.0,0.0,0.0,108.0,0.0,18.0,17,1,0.6335952848722987,50.02332789142892,63.5,0.0,0.0,0.0,0.0,2
14.0,2.0,0.5982695885832573,0.0,0.0,0.0,0.0,0.0,0.0,0.0,0.0,0.0,0.0,65.0,0.0,0.0,0.0,0.0,36.0,0.0,32.0,18,1,0.6335952848722987,49.34234151990301,64.0,0.0,0.0,0.0,0.0,2
14.0,2.0,0.5982695885832573,0.0,0.0,0.0,0.0,0.0,0.0,0.0,0.0,0.0,0.0,65.0,0.0,0.0,0.0,0.0,36.0,0.0,4.0,18,1,0.6335952848722987,23.797758998137,34.5,0.0,0.0,0.0,0.0,2
12.0,1.0,-1.000088900581841e-12,0.0,0.0,0.0,0.0,0.0,0.0,0.0,0.0,0.0,0.0,65.0,0.0,0.0,0.0,0.0,0.0,0.0,0.0,19,1,0.6335952848722987,22.353224972400383,24.5,0.0,0.0,0.0,0.0,2
98.0,6.0,1.2474029025228643,0.0,0.0,0.0,0.0,0.0,0.0,0.0,0.0,0.0,0.0,64.0,0.0,0.0,0.0,0.0,106.0,0.0,60.0,19,1,0.6335952848722987,42.343830719481176,34.5,0.0,0.0,0.0,0.0,2
42.0,3.0,0.7732196077212825,0.0,0.0,0.0,0.0,0.0,0.0,0.0,0.0,0.0,0.0,62.0,0.0,0.0,0.0,0.0,42.0,0.0,22.0,20,1,0.6335952848722987,40.07908847932312,41.5,0.0,0.0,0.0,0.0,2
56.0,3.0,0.8760057656401736,0.0,0.0,0.0,0.0,0.0,0.0,0.0,0.0,0.0,0.0,60.125,0.0,0.0,0.0,0.0,168.0,0.0,14.0,20,1,0.6335952848722987,35.73980040981498,52.0,0.0,0.0,0.0,0.0,2
52.0,6.0,1.0971128947273807,0.0,0.0,0.0,0.0,0.0,0.0,0.0,0.0,0.0,0.0,54.16666666666666,0.0,0.0,0.0,0.0,180.0,0.0,0.0,21,0,0.6335952848722987,24.71167065713576,62.0,0.0,0.0,0.0,0.0,2
30.0,4.0,1.1369165918290007,0.0,0.0,0.0,0.0,0.0,0.0,0.0,0.0,0.0,0.0,48.625,0.0,0.0,0.0,0.0,52.0,0.0,10.0,21,0,0.6335952848722987,11.60459679035616,45.0,0.0,0.0,0.0,0.0,2
14.0,1.0,-1.000088900581841e-12,0.0,0.0,0.0,0.0,0.0,0.0,0.0,0.0,0.0,0.0,46.0,0.0,0.0,0.0,0.0,100.0,0.0,12.0,22,0,0.6335952848722987,19.66384160500548,38.0,0.0,0.0,0.0,0.0,2
12.0,1.0,-1.000088900581841e-12,0.0,0.0,0.0,0.0,0.0,0.0,0.0,0.0,0.0,0.0,44.833333333333336,0.0,0.0,0.0,0.0,62.0,0.0,8.0,22,0,0.6335952848722987,18.51125783588853,27.0,0.0,0.0,0.0,0.0,2
32.0,3.0,0.7356219397557947,0.0,0.0,0.0,0.0,0.0,0.0,0.0,0.0,0.0,0.0,42.25,0.0,0.0,0.0,0.0,50.0,0.0,12.0,23,0,0.6335952848722987,10.45625809424247,22.0,0.0,0.0,0.0,0.0,2
694.0,3.0,0.2091479477743718,0.0,0.0,0.0,0.0,0.0,0.0,0.0,0.0,0.0,116.0,45.72413793103448,0.0,0.0,0.0,0.0,230.0,0.0,18.0,23,0,0.6335952848722987,337.453206632663,188.0,0.0,0.0,0.0,0.0,2
718.0,1.0,-1.000088900581841e-12,0.0,0.0,0.0,0.0,0.0,0.0,0.0,0.0,0.0,0.0,63.9,0.0,0.0,0.0,0.0,0.0,0.0,0.0,0,0,0.6335952848722987,395.1134858071371,364.0,0.0,0.0,0.0,0.0,2
62.0,1.0,-1.000088900581841e-12,0.0,0.0,0.0,0.0,0.0,0.0,0.0,0.0,0.0,0.0,82.33333333333333,0.0,0.0,0.0,0.0,0.0,0.0,0.0,0,0,0.6335952848722987,380.7969712764709,376.5,0.0,0.0,0.0,0.0,2
0.0,0.0,0.0,0.0,0.0,0.0,0.0,0.0,0.0,0.0,0.0,0.0,0.0,95.03333333333332,0.0,0.0,0.0,0.0,0.0,0.0,0.0,1,0,0.6335952848722987,390.6554321479055,368.5,0.0,0.0,0.0,0.0,2
0.0,0.0,0.0,0.0,0.0,0.0,0.0,0.0,0.0,0.0,0.0,0.0,0.0,100.0,0.0,0.0,0.0,0.0,0.0,0.0,0.0,1,0,0.6335952848722987,349.88950636832016,195.0,0.0,0.0,0.0,0.0,2
0.0,0.0,0.0,0.0,0.0,0.0,0.0,0.0,0.0,0.0,0.0,0.0,0.0,100.0,0.0,0.0,0.0,0.0,0.0,0.0,0.0,2,0,0.6335952848722987,31.00000000000104,15.5,0.0,0.0,0.0,0.0,2
0.0,0.0,0.0,0.0,0.0,0.0,0.0,0.0,0.0,0.0,0.0,0.0,0.0,100.0,0.0,0.0,0.0,0.0,0.0,0.0,0.0,2,0,0.6335952848722987,0.0,0.0,0.0,0.0,0.0,0.0,2
0.0,0.0,0.0,0.0,0.0,0.0,0.0,0.0,0.0,0.0,0.0,0.0,0.0,100.0,0.0,0.0,0.0,0.0,0.0,0.0,0.0,3,0,0.6335952848722987,0.0,0.0,0.0,0.0,0.0,0.0,2
0.0,0.0,0.0,0.0,0.0,0.0,0.0,0.0,0.0,0.0,0.0,0.0,0.0,100.0,0.0,0.0,0.0,0.0,0.0,0.0,0.0,3,0,0.6335952848722987,0.0,0.0,0.0,0.0,0.0,0.0,2
0.0,0.0,0.0,0.0,0.0,0.0,0.0,0.0,0.0,0.0,0.0,0.0,0.0,100.0,0.0,0.0,0.0,0.0,0.0,0.0,0.0,4,0,0.6335952848722987,0.0,0.0,0.0,0.0,0.0,0.0,2
0.0,0.0,0.0,0.0,0.0,0.0,0.0,0.0,0.0,0.0,0.0,0.0,0.0,100.0,0.0,0.0,0.0,0.0,0.0,0.0,0.0,4,0,0.6335952848722987,0.0,0.0,0.0,0.0,0.0,0.0,2
0.0,0.0,0.0,0.0,0.0,0.0,0.0,0.0,0.0,0.0,0.0,0.0,0.0,100.0,0.0,0.0,0.0,0.0,0.0,0.0,0.0,5,0,0.6335952848722987,0.0,0.0,0.0,0.0,0.0,0.0,2
0.0,0.0,0.0,0.0,0.0,0.0,0.0,0.0,0.0,0.0,0.0,0.0,0.0,100.0,0.0,0.0,0.0,0.0,0.0,0.0,0.0,5,0,0.6335952848722987,0.0,0.0,0.0,0.0,0.0,0.0,2
0.0,0.0,0.0,0.0,0.0,0.0,0.0,0.0,0.0,0.0,0.0,0.0,0.0,100.0,0.0,0.0,0.0,0.0,0.0,0.0,0.0,6,0,0.6335952848722987,0.0,0.0,0.0,0.0,0.0,0.0,2
0.0,0.0,0.0,0.0,0.0,0.0,0.0,0.0,0.0,0.0,0.0,0.0,0.0,100.0,0.0,0.0,0.0,0.0,0.0,0.0,0.0,6,0,0.6335952848722987,0.0,0.0,0.0,0.0,0.0,0.0,2
0.0,0.0,0.0,0.0,0.0,0.0,0.0,0.0,0.0,0.0,0.0,0.0,0.0,100.0,0.0,0.0,0.0,0.0,0.0,0.0,0.0,7,0,0.6335952848722987,0.0,0.0,0.0,0.0,0.0,0.0,2
88.0,4.0,0.911283967809257,0.0,0.0,0.0,0.0,0.0,0.0,0.0,0.0,0.0,0.0,100.0,0.0,0.0,0.0,0.0,116.0,0.0,2.0,7,0,0.6335952848722987,44.00000000000073,22.0,0.0,0.0,0.0,0.0,2
46.0,3.0,0.7400116657281007,0.0,0.0,0.0,0.0,0.0,0.0,0.0,0.0,0.0,0.0,98.11111111111111,0.0,0.0,0.0,0.0,182.0,0.0,8.0,8,1,0.6335952848722987,42.31233074806206,33.5,0.0,0.0,0.0,0.0,2
20.0,3.0,1.0888999753422235,0.0,0.0,0.0,0.0,0.0,0.0,0.0,0.0,0.0,0.0,95.66666666666669,0.0,0.0,0.0,0.0,256.0,0.0,68.0,8,1,0.6335952848722987,37.99561378194504,38.5,0.0,0.0,0.0,0.0,2
14.0,1.0,-1.000088900581841e-12,0.0,0.0,0.0,0.0,0.0,0.0,0.0,0.0,0.0,0.0,94.0,0.0,0.0,0.0,0.0,230.0,0.0,16.0,9,1,0.6335952848722987,33.66501646120789,42.0,0.0,0.0,0.0,0.0,2
16.0,2.0,0.3767701612544368,0.0,0.0,0.0,0.0,0.0,0.0,0.0,0.0,0.0,0.0,93.14285714285714,0.0,0.0,0.0,0.0,94.0,0.0,0.0,9,1,0.6335952848722987,14.877275736283098,24.0,0.0,0.0,0.0,0.0,2
54.0,7.0,1.800722737207794,0.0,0.0,0.0,0.0,0.0,0.0,0.0,0.0,0.0,0.0,92.5,0.0,0.0,0.0,0.0,142.0,0.0,38.0,10,1,0.6335952848722987,18.83259585576909,26.0,0.0,0.0,0.0,0.0,2
68.0,5.0,1.446349863102766,0.0,0.0,0.0,0.0,0.0,0.0,0.0,0.0,0.0,0.0,89.3,0.0,0.0,0.0,0.0,300.0,0.0,40.0,10,1,0.6335952848722987,27.178422814187204,38.0,0.0,0.0,0.0,0.0,2
60.0,4.0,1.0625354080575975,0.0,0.0,0.0,0.0,0.0,0.0,0.0,0.0,0.0,0.0,87.54545454545455,0.0,0.0,0.0,0.0,694.0,0.0,94.0,11,1,0.6335952848722987,23.057898140696427,49.5,0.0,0.0,0.0,0.0,2
104.0,4.0,0.9951346279168864,0.0,0.0,0.0,48.0,0.0,0.0,0.0,0.0,0.0,0.0,84.85714285714286,0.0,0.0,0.0,0.0,962.0,0.0,116.0,11,1,0.6335952848722987,22.41279396535377,71.5,0.0,0.0,24.0,12.0,2
94.0,4.0,0.8462276155962841,0.0,0.0,0.0,0.0,0.0,0.0,0.0,0.0,0.0,0.0,82.07692307692308,0.0,0.0,0.0,0.0,732.0,0.0,112.0,12,1,0.6335952848722987,20.872629605939263,81.5,0.0,0.0,24.0,12.0,2
84.0,3.0,1.0463837060397547,0.0,0.0,0.0,92.0,0.0,0.0,0.0,0.0,0.0,0.0,77.0,0.0,0.0,0.0,0.0,650.0,0.0,66.0,12,1,0.6335952848722987,18.85912687975592,85.5,0.0,0.0,44.22668877499196,35.0,2
42.0,3.0,0.9302998331803918,0.0,0.0,0.0,0.0,0.0,0.0,0.0,0.0,0.0,0.0,75.33333333333333,0.0,0.0,0.0,0.0,570.0,0.0,52.0,13,1,0.6335952848722987,27.251911247960795,81.0,0.0,0.0,44.22668877499196,35.0,2
22.0,1.0,-1.000088900581841e-12,0.0,0.0,0.0,0.0,0.0,0.0,0.0,0.0,0.0,0.0,74.66666666666667,0.0,0.0,0.0,0.0,246.0,0.0,16.0,13,1,0.6335952848722987,34.151622704249334,60.5,0.0,0.0,46.0,23.0,2
28.0,1.0,-1.000088900581841e-12,0.0,0.0,0.0,0.0,0.0,0.0,0.0,0.0,0.0,0.0,74.0,0.0,0.0,0.0,0.0,404.0,0.0,0.0,14,1,0.6335952848722987,27.952340390983345,44.0,0.0,0.0,46.0,23.0,2
102.0,5.0,1.452044073188684,0.0,0.0,0.0,0.0,0.0,0.0,0.0,0.0,0.0,0.0,73.9,0.0,0.0,0.0,0.0,988.0,0.0,134.0,14,1,0.6335952848722987,36.63786747797146,48.5,0.0,0.0,0.0,0.0,2
108.0,7.0,1.5938938480346423,0.0,0.0,0.0,0.0,0.0,0.0,0.0,0.0,0.0,0.0,71.93333333333334,0.0,0.0,0.0,0.0,702.0,0.0,126.0,16,1,0.6335952848722987,46.31774318048537,65.0,0.0,0.0,0.0,0.0,2
60.0,3.0,0.9831047662659956,0.0,0.0,0.0,0.0,0.0,0.0,0.0,0.0,0.0,0.0,69.44444444444444,0.0,0.0,0.0,0.0,158.0,0.0,0.0,16,1,0.6335952848722987,37.643060449438295,74.5,0.0,0.0,0.0,0.0,2
110.0,6.0,0.9332343281630334,0.0,0.0,0.0,0.0,0.0,0.0,0.0,0.0,0.0,0.0,68.46666666666667,0.0,0.0,0.0,0.0,522.0,0.0,52.0,17,1,0.6335952848722987,23.57965224510458,95.0,0.0,0.0,0.0,0.0,2
28.0,2.0,0.2573186405418316,0.0,0.0,0.0,0.0,0.0,0.0,0.0,0.0,0.0,0.0,67.28571428571429,0.0,0.0,0.0,0.0,84.0,0.0,22.0,17,1,0.6335952848722987,39.74502065248844,76.5,0.0,0.0,0.0,0.0,2
36.0,3.0,1.0263306332914863,0.0,0.0,0.0,0.0,0.0,0.0,0.0,0.0,0.0,0.0,66.375,0.0,0.0,0.0,0.0,256.0,0.0,64.0,18,1,0.6335952848722987,36.9278575964912,58.5,0.0,0.0,0.0,0.0,2
28.0,2.0,0.5195798391285155,0.0,0.0,0.0,0.0,0.0,0.0,0.0,0.0,0.0,0.0,65.625,0.0,0.0,0.0,0.0,342.0,0.0,40.0,18,1,0.6335952848722987,39.84553509073172,50.5,0.0,0.0,0.0,0.0,2
76.0,3.0,0.8703593829519591,0.0,0.0,0.0,0.0,0.0,0.0,0.0,0.0,0.0,0.0,64.42857142857143,0.0,0.0,0.0,0.0,266.0,0.0,16.0,19,1,0.6335952848722987,22.978250586153543,42.0,0.0,0.0,0.0,0.0,2
114.0,2.0,0.5763341277547498,0.0,0.0,0.0,0.0,0.0,0.0,0.0,0.0,0.0,0.0,60.5,0.0,0.0,0.0,0.0,556.0,0.0,56.0,19,1,0.6335952848722987,39.67786956646487,63.5,0.0,0.0,0.0,0.0,2
88.0,3.0,0.9342317041065896,0.0,0.0,0.0,0.0,0.0,0.0,0.0,0.0,0.0,0.0,58.5,0.0,0.0,0.0,0.0,462.0,0.0,30.0,20,1,0.6335952848722987,36.01388621073912,76.5,0.0,0.0,0.0,0.0,2
54.0,2.0,0.6076934238689566,0.0,0.0,0.0,0.0,0.0,0.0,0.0,0.0,0.0,0.0,57.55555555555556,0.0,0.0,0.0,0.0,654.0,0.0,106.0,20,1,0.6335952848722987,25.00666577801605,83.0,0.0,0.0,0.0,0.0,2
28.0,2.0,0.410116318286409,0.0,0.0,0.0,0.0,0.0,0.0,0.0,0.0,0.0,0.0,57.0,0.0,0.0,0.0,0.0,278.0,0.0,24.0,21,0,0.6335952848722987,37.75358702604826,71.0,0.0,0.0,0.0,0.0,2
36.0,2.0,0.6869615765953234,0.0,0.0,0.0,0.0,0.0,0.0,0.0,0.0,0.0,0.0,56.142857142857146,0.0,0.0,0.0,0.0,94.0,0.0,22.0,21,0,0.6335952848722987,26.65207934352213,51.5,0.0,0.0,0.0,0.0,2
18.0,2.0,0.3488320958410319,0.0,0.0,0.0,0.0,0.0,0.0,0.0,0.0,0.0,0.0,56.0,0.0,0.0,0.0,0.0,94.0,0.0,24.0,22,0,0.6335952848722987,15.231546211729976,34.0,0.0,0.0,0.0,0.0,2
20.0,1.0,-1.000088900581841e-12,0.0,0.0,0.0,0.0,0.0,0.0,0.0,0.0,0.0,0.0,55.142857142857146,0.0,0.0,0.0,0.0,378.0,0.0,20.0,22,0,0.6335952848722987,8.225975119506044,25.5,0.0,0.0,0.0,0.0,2
72.0,6.0,1.5877442786855869,0.0,0.0,0.0,0.0,0.0,0.0,0.0,0.0,0.0,0.0,54.55555555555556,0.0,0.0,0.0,0.0,182.0,0.0,44.0,23,0,0.6335952848722987,25.00000000000132,36.5,0.0,0.0,0.0,0.0,2
50.0,4.0,0.958944995571212,0.0,0.0,0.0,0.0,0.0,0.0,0.0,0.0,0.0,1022.0,51.5,0.0,0.0,0.0,0.0,512.0,0.0,0.0,23,0,0.6335952848722987,25.871477215910943,40.0,0.0,0.0,0.0,0.0,2
0.0,0.0,0.0,0.0,0.0,0.0,0.0,0.0,0.0,0.0,0.0,0.0,0.0,0.0,52.0,0.0,0.0,0.0,0.0,0.0,0.0,0,0,0.6335952848722987,31.848600178554143,35.5,0.0,0.0,0.0,0.0,2
0.0,0.0,0.0,0.0,0.0,0.0,0.0,0.0,0.0,0.0,0.0,0.0,0.0,0.0,88.0,0.0,0.0,0.0,0.0,0.0,0.0,1,0,0.6335952848722987,36.3455636907734,30.5,0.0,0.0,0.0,0.0,2
0.0,0.0,0.0,0.0,0.0,0.0,0.0,0.0,0.0,0.0,0.0,0.0,0.0,0.0,72.0,0.0,0.0,0.0,0.0,0.0,0.0,3,0,0.6335952848722987,25.000000000001315,12.5,0.0,0.0,0.0,0.0,2
0.0,0.0,0.0,0.0,0.0,0.0,0.0,0.0,0.0,0.0,0.0,0.0,0.0,0.0,0.0,0.0,0.0,0.0,0.0,0.0,0.0,6,0,0.6335952848722987,0.0,0.0,0.0,0.0,0.0,0.0,2
24.0,2.0,0.6791932659895258,0.0,0.0,0.0,0.0,0.0,0.0,0.0,0.0,0.0,0.0,49.5,0.0,0.0,0.0,0.0,204.0,0.0,28.0,7,0,0.6335952848722987,12.000000000002736,6.0,0.0,0.0,0.0,0.0,2
72.0,3.0,1.036627968855607,0.0,0.0,0.0,0.0,0.0,0.0,0.0,0.0,0.0,0.0,48.333333333333336,0.0,104.0,0.0,0.0,1034.0,0.0,50.0,7,0,0.6335952848722987,33.94112549695525,24.0,0.0,0.0,0.0,0.0,2
36.0,3.0,0.9649629230044278,0.0,0.0,0.0,0.0,0.0,0.0,0.0,0.0,0.0,0.0,24.125,0.0,0.0,0.0,0.0,578.0,0.0,60.0,10,1,0.6335952848722987,84.92349498224898,111.0,0.0,0.0,0.0,0.0,1
12.0,1.0,-1.000088900581841e-12,0.0,0.0,0.0,0.0,0.0,0.0,0.0,0.0,0.0,0.0,23.0,0.0,0.0,0.0,0.0,0.0,0.0,0.0,11,1,0.6335952848722987,67.26068688320146,63.0,0.0,0.0,0.0,0.0,1
10.0,1.0,-1.000088900581841e-12,0.0,0.0,0.0,0.0,0.0,0.0,0.0,0.0,0.0,0.0,23.0,84.0,0.0,0.0,0.0,112.0,0.0,0.0,11,1,0.6335952848722987,72.30490993010135,55.0,0.0,0.0,0.0,0.0,1
10.0,1.0,-1.000088900581841e-12,0.0,0.0,0.0,0.0,0.0,0.0,0.0,0.0,0.0,0.0,22.857142857142858,0.0,0.0,0.0,0.0,232.0,0.0,32.0,12,1,0.6335952848722987,12.701705922174456,17.0,0.0,0.0,0.0,0.0,1
20.0,2.0,0.5004024235361879,0.0,0.0,0.0,0.0,0.0,0.0,0.0,0.0,0.0,0.0,22.0,0.0,0.0,0.0,0.0,224.0,0.0,26.0,12,1,0.6335952848722987,4.76095228570241,13.0,0.0,0.0,0.0,0.0,1
12.0,1.0,-1.000088900581841e-12,0.0,0.0,0.0,0.0,0.0,0.0,0.0,0.0,0.0,0.0,22.0,0.0,0.0,0.0,0.0,0.0,0.0,0.0,13,1,0.6335952848722987,4.76095228570241,13.0,0.0,0.0,0.0,0.0,1
6.0,1.0,-1.000088900581841e-12,0.0,0.0,0.0,0.0,0.0,0.0,0.0,0.0,0.0,0.0,22.0,0.0,0.0,0.0,0.0,0.0,0.0,0.0,13,1,0.6335952848722987,5.887840577557701,12.0,0.0,0.0,0.0,0.0,2
0.0,0.0,0.0,0.0,0.0,0.0,0.0,0.0,0.0,0.0,0.0,0.0,0.0,21.166666666666668,0.0,0.0,0.0,0.0,0.0,0.0,0.0,14,1,0.6335952848722987,8.544003745321529,9.5,0.0,0.0,0.0,0.0,2
0.0,0.0,0.0,0.0,0.0,0.0,0.0,0.0,0.0,0.0,0.0,0.0,0.0,21.0,0.0,0.0,0.0,0.0,0.0,0.0,0.0,14,1,0.6335952848722987,5.744562646543976,4.5,0.0,0.0,0.0,0.0,2
0.0,0.0,0.0,0.0,0.0,0.0,0.0,0.0,0.0,0.0,0.0,0.0,0.0,20.0,0.0,0.0,0.0,0.0,0.0,0.0,0.0,15,1,0.6335952848722987,3.000000000011388,1.5,0.0,0.0,0.0,0.0,2
0.0,0.0,0.0,0.0,0.0,0.0,0.0,0.0,0.0,0.0,0.0,0.0,0.0,20.0,0.0,0.0,0.0,0.0,0.0,0.0,0.0,15,1,0.6335952848722987,0.0,0.0,0.0,0.0,0.0,0.0,2
0.0,0.0,0.0,0.0,0.0,0.0,0.0,0.0,0.0,0.0,0.0,0.0,0.0,19.5,0.0,0.0,0.0,0.0,0.0,0.0,0.0,16,1,0.6335952848722987,0.0,0.0,0.0,0.0,0.0,0.0,2
26.0,2.0,0.6901856760168041,0.0,0.0,0.0,0.0,0.0,0.0,0.0,0.0,0.0,0.0,18.285714285714285,0.0,0.0,0.0,0.0,352.0,0.0,14.0,16,1,0.6335952848722987,13.000000000002627,6.5,0.0,0.0,0.0,0.0,2
12.0,1.0,-1.000088900581841e-12,0.0,0.0,0.0,0.0,0.0,0.0,0.0,0.0,0.0,0.0,18.0,0.0,0.0,0.0,0.0,0.0,0.0,0.0,17,1,0.6335952848722987,12.369316876855745,9.5,0.0,0.0,0.0,0.0,2
2.0,1.0,-1.000088900581841e-12,0.0,0.0,0.0,0.0,0.0,0.0,0.0,0.0,0.0,0.0,18.0,70.0,0.0,0.0,0.0,0.0,0.0,0.0,17,1,0.6335952848722987,11.888369666754212,10.0,0.0,0.0,0.0,0.0,2
0.0,0.0,0.0,0.0,0.0,0.0,0.0,0.0,0.0,0.0,0.0,0.0,0.0,18.0,0.0,0.0,0.0,0.0,0.0,0.0,0.0,18,1,0.6335952848722987,11.888369666754212,10.0,0.0,0.0,0.0,0.0,2
0.0,0.0,0.0,0.0,0.0,0.0,0.0,0.0,0.0,0.0,0.0,0.0,0.0,18.0,84.0,0.0,0.0,0.0,0.0,0.0,0.0,18,1,0.6335952848722987,5.744562646543976,3.5,0.0,0.0,0.0,0.0,2
0.0,0.0,0.0,0.0,0.0,0.0,0.0,0.0,0.0,0.0,0.0,0.0,0.0,18.0,0.0,0.0,0.0,0.0,0.0,0.0,0.0,19,1,0.6335952848722987,1.000000000034166,0.5,0.0,0.0,0.0,0.0,2
0.0,0.0,0.0,0.0,0.0,0.0,0.0,0.0,0.0,0.0,0.0,0.0,0.0,17.166666666666668,0.0,0.0,0.0,0.0,112.0,0.0,0.0,19,1,0.6335952848722987,0.0,0.0,0.0,0.0,0.0,0.0,2
0.0,0.0,0.0,0.0,0.0,0.0,0.0,0.0,0.0,0.0,0.0,0.0,0.0,17.0,0.0,0.0,0.0,0.0,0.0,0.0,0.0,20,1,0.6335952848722987,0.0,0.0,0.0,0.0,0.0,0.0,2
52.0,3.0,0.5857831289157343,0.0,0.0,0.0,0.0,0.0,0.0,0.0,0.0,0.0,0.0,15.875,72.0,0.0,0.0,0.0,216.0,0.0,44.0,20,1,0.6335952848722987,26.000000000001315,13.0,0.0,0.0,0.0,0.0,2
186.0,3.0,0.5484327346638095,0.0,0.0,0.0,0.0,0.0,0.0,0.0,0.0,0.0,0.0,15.0,0.0,0.0,0.0,0.0,368.0,0.0,0.0,21,0,0.6335952848722987,87.82368700982707,59.5,0.0,0.0,0.0,0.0,2
310.0,1.0,-1.000088900581841e-12,0.0,0.0,0.0,0.0,0.0,0.0,0.0,0.0,0.0,0.0,77.9,0.0,0.0,0.0,0.0,0.0,0.0,0.0,23,0,0.6335952848722987,295.0316367216688,359.5,0.0,0.0,0.0,0.0,2
0.0,0.0,0.0,0.0,0.0,0.0,0.0,0.0,0.0,0.0,0.0,0.0,0.0,94.33333333333331,0.0,0.0,0.0,0.0,0.0,0.0,0.0,0,0,0.6335952848722987,295.8400468721796,359.0,0.0,0.0,0.0,0.0,2
0.0,0.0,0.0,0.0,0.0,0.0,0.0,0.0,0.0,0.0,0.0,0.0,0.0,99.9,0.0,0.0,0.0,0.0,0.0,0.0,0.0,0,0,0.6335952848722987,340.307703899476,257.0,0.0,0.0,0.0,0.0,2
0.0,0.0,0.0,0.0,0.0,0.0,0.0,0.0,0.0,0.0,0.0,0.0,0.0,100.0,0.0,0.0,0.0,0.0,0.0,0.0,0.0,1,0,0.6335952848722987,155.00000000000026,77.5,0.0,0.0,0.0,0.0,2
0.0,0.0,0.0,0.0,0.0,0.0,0.0,0.0,0.0,0.0,0.0,0.0,0.0,100.0,0.0,0.0,0.0,0.0,0.0,0.0,0.0,1,0,0.6335952848722987,0.0,0.0,0.0,0.0,0.0,0.0,2
0.0,0.0,0.0,0.0,0.0,0.0,0.0,0.0,0.0,0.0,0.0,0.0,0.0,100.0,0.0,0.0,0.0,0.0,0.0,0.0,0.0,2,0,0.6335952848722987,0.0,0.0,0.0,0.0,0.0,0.0,2
0.0,0.0,0.0,0.0,0.0,0.0,0.0,0.0,0.0,0.0,0.0,0.0,0.0,100.0,0.0,0.0,0.0,0.0,0.0,0.0,0.0,2,0,0.6335952848722987,0.0,0.0,0.0,0.0,0.0,0.0,2
0.0,0.0,0.0,0.0,0.0,0.0,0.0,0.0,0.0,0.0,0.0,0.0,0.0,100.0,0.0,0.0,0.0,0.0,0.0,0.0,0.0,3,0,0.6335952848722987,0.0,0.0,0.0,0.0,0.0,0.0,2
0.0,0.0,0.0,0.0,0.0,0.0,0.0,0.0,0.0,0.0,0.0,0.0,0.0,100.0,0.0,0.0,0.0,0.0,0.0,0.0,0.0,3,0,0.6335952848722987,0.0,0.0,0.0,0.0,0.0,0.0,2
0.0,0.0,0.0,0.0,0.0,0.0,0.0,0.0,0.0,0.0,0.0,0.0,0.0,100.0,0.0,0.0,0.0,0.0,0.0,0.0,0.0,4,0,0.6335952848722987,0.0,0.0,0.0,0.0,0.0,0.0,2
0.0,0.0,0.0,0.0,0.0,0.0,0.0,0.0,0.0,0.0,0.0,0.0,0.0,100.0,0.0,0.0,0.0,0.0,0.0,0.0,0.0,4,0,0.6335952848722987,0.0,0.0,0.0,0.0,0.0,0.0,2
0.0,0.0,0.0,0.0,0.0,0.0,0.0,0.0,0.0,0.0,0.0,0.0,0.0,100.0,0.0,0.0,0.0,0.0,0.0,0.0,0.0,5,0,0.6335952848722987,0.0,0.0,0.0,0.0,0.0,0.0,2
0.0,0.0,0.0,0.0,0.0,0.0,0.0,0.0,0.0,0.0,0.0,0.0,0.0,100.0,0.0,0.0,0.0,0.0,0.0,0.0,0.0,5,0,0.6335952848722987,0.0,0.0,0.0,0.0,0.0,0.0,2
0.0,0.0,0.0,0.0,0.0,0.0,0.0,0.0,0.0,0.0,0.0,0.0,0.0,100.0,0.0,0.0,0.0,0.0,0.0,0.0,0.0,6,0,0.6335952848722987,0.0,0.0,0.0,0.0,0.0,0.0,2
0.0,0.0,0.0,0.0,0.0,0.0,0.0,0.0,0.0,0.0,0.0,0.0,0.0,100.0,0.0,0.0,0.0,0.0,0.0,0.0,0.0,6,0,0.6335952848722987,0.0,0.0,0.0,0.0,0.0,0.0,2
0.0,0.0,0.0,0.0,0.0,0.0,0.0,0.0,0.0,0.0,0.0,0.0,0.0,100.0,0.0,0.0,0.0,0.0,0.0,0.0,0.0,7,0,0.6335952848722987,0.0,0.0,0.0,0.0,0.0,0.0,2
0.0,0.0,0.0,0.0,0.0,0.0,0.0,0.0,0.0,0.0,0.0,0.0,0.0,100.0,0.0,0.0,0.0,0.0,0.0,0.0,0.0,7,0,0.6335952848722987,0.0,0.0,0.0,0.0,0.0,0.0,2
0.0,0.0,0.0,0.0,0.0,0.0,0.0,0.0,0.0,0.0,0.0,0.0,0.0,100.0,0.0,0.0,0.0,0.0,0.0,0.0,0.0,8,1,0.6335952848722987,0.0,0.0,0.0,0.0,0.0,0.0,2
0.0,0.0,0.0,0.0,0.0,0.0,0.0,0.0,0.0,0.0,0.0,0.0,0.0,100.0,0.0,0.0,0.0,0.0,0.0,0.0,0.0,8,1,0.6335952848722987,0.0,0.0,0.0,0.0,0.0,0.0,2
0.0,0.0,0.0,0.0,0.0,0.0,0.0,0.0,0.0,0.0,0.0,0.0,0.0,100.0,0.0,0.0,0.0,0.0,0.0,0.0,0.0,9,1,0.6335952848722987,0.0,0.0,0.0,0.0,0.0,0.0,2
0.0,0.0,0.0,0.0,0.0,0.0,0.0,0.0,0.0,0.0,0.0,0.0,0.0,100.0,0.0,0.0,0.0,0.0,0.0,0.0,0.0,9,1,0.6335952848722987,0.0,0.0,0.0,0.0,0.0,0.0,2
20.0,1.0,-1.000088900581841e-12,0.0,0.0,0.0,0.0,0.0,0.0,0.0,0.0,0.0,0.0,100.0,0.0,0.0,0.0,0.0,126.0,0.0,26.0,10,1,0.6335952848722987,10.000000000004125,5.0,0.0,0.0,0.0,0.0,2
12.0,1.0,-1.000088900581841e-12,0.0,0.0,0.0,0.0,0.0,0.0,0.0,0.0,0.0,0.0,100.0,0.0,0.0,0.0,0.0,0.0,0.0,0.0,10,1,0.6335952848722987,9.79795897113692,8.0,0.0,0.0,0.0,0.0,2
164.0,4.0,0.7538998943341939,0.0,0.0,0.0,0.0,0.0,0.0,0.0,0.0,0.0,0.0,99.66666666666669,0.0,0.0,0.0,0.0,252.0,0.0,22.0,11,1,0.6335952848722987,77.10598766200597,49.0,0.0,0.0,0.0,0.0,2
36.0,2.0,0.5908422462735826,0.0,0.0,0.0,0.0,0.0,0.0,0.0,0.0,0.0,0.0,97.25,0.0,0.0,0.0,0.0,134.0,0.0,28.0,11,1,0.6335952848722987,71.36759301905465,58.0,0.0,0.0,0.0,0.0,2
50.0,5.0,1.4904801581192335,0.0,0.0,0.0,0.0,0.0,0.0,0.0,0.0,0.0,0.0,95.77777777777776,0.0,0.0,0.0,0.0,400.0,0.0,82.0,12,1,0.6335952848722987,67.5154303350976,65.5,0.0,0.0,0.0,0.0,2
12.0,1.0,-1.000088900581841e-12,0.0,0.0,0.0,0.0,0.0,0.0,0.0,0.0,0.0,0.0,94.5,0.0,0.0,0.0,0.0,0.0,0.0,0.0,12,1,0.6335952848722987,67.51543033509759,65.5,0.0,0.0,0.0,0.0,2
8.0,1.0,-1.000088900581841e-12,0.0,0.0,0.0,0.0,0.0,0.0,0.0,0.0,0.0,0.0,94.0,104.0,0.0,0.0,0.0,0.0,0.0,0.0,13,1,0.6335952848722987,19.958289839899027,26.5,0.0,0.0,0.0,0.0,2
54.0,4.0,1.1550407893281005,0.0,0.0,0.0,0.0,0.0,0.0,0.0,0.0,0.0,0.0,93.85714285714286,0.0,0.0,0.0,0.0,274.0,0.0,96.0,13,1,0.6335952848722987,24.358434541928528,31.0,0.0,0.0,0.0,0.0,2
12.0,1.0,-1.000088900581841e-12,0.0,0.0,0.0,0.0,0.0,0.0,0.0,0.0,0.0,0.0,92.0,0.0,0.0,0.0,0.0,0.0,0.0,0.0,14,1,0.6335952848722987,21.748563170933465,21.5,0.0,0.0,0.0,0.0,2
74.0,7.0,1.7980915753684985,0.0,0.0,0.0,0.0,0.0,0.0,0.0,0.0,0.0,0.0,88.9090909090909,0.0,0.0,0.0,0.0,720.0,0.0,36.0,14,1,0.6335952848722987,32.26969682741716,37.0,0.0,0.0,0.0,0.0,2
84.0,2.0,0.6187191250288036,0.0,0.0,0.0,0.0,0.0,0.0,0.0,0.0,0.0,0.0,85.42857142857143,0.0,148.0,0.0,0.0,1974.0,0.0,292.0,15,1,0.6335952848722987,31.874754901019767,56.0,0.0,0.0,0.0,0.0,2
68.0,3.0,0.6779087256411981,0.0,0.0,0.0,0.0,0.0,0.0,0.0,0.0,0.0,0.0,83.45454545454545,0.0,0.0,294.0,0.0,294.0,0.0,22.0,15,1,0.6335952848722987,32.347076117222976,59.5,0.0,0.0,0.0,0.0,2
24.0,1.0,-1.000088900581841e-12,0.0,0.0,0.0,0.0,0.0,0.0,0.0,0.0,0.0,0.0,73.0,0.0,0.0,0.0,0.0,452.0,0.0,0.0,19,1,0.6335952848722987,74.66369041687366,69.0,0.0,0.0,0.0,0.0,2
30.0,2.0,0.5004024235361879,0.0,0.0,0.0,0.0,0.0,0.0,0.0,0.0,0.0,0.0,72.5,0.0,0.0,0.0,0.0,450.0,0.0,36.0,19,1,0.6335952848722987,73.91887445030589,70.0,0.0,0.0,0.0,0.0,2
20.0,1.0,-1.000088900581841e-12,0.0,0.0,0.0,0.0,0.0,0.0,0.0,0.0,0.0,0.0,72.0,0.0,0.0,0.0,0.0,154.0,0.0,0.0,20,1,0.6335952848722987,11.430952132991896,30.0,0.0,0.0,0.0,0.0,2
240.0,7.0,1.6188402335780347,0.0,0.0,0.0,0.0,0.0,0.0,0.0,0.0,0.0,0.0,71.15,0.0,0.0,0.0,0.0,152.0,0.0,30.0,20,1,0.6335952848722987,107.74506949276189,78.5,0.0,0.0,0.0,0.0,2
220.0,1.0,-1.000088900581841e-12,0.0,0.0,0.0,0.0,0.0,0.0,0.0,0.0,0.0,0.0,66.31818181818181,0.0,0.0,0.0,0.0,0.0,0.0,0.0,21,0,0.6335952848722987,118.70832602082616,127.5,0.0,0.0,0.0,0.0,2
134.0,3.0,0.1549139247130942,0.0,0.0,0.0,42.0,0.0,0.0,0.0,0.0,0.0,0.0,61.70588235294117,0.0,0.0,0.0,0.0,150.0,0.0,28.0,21,0,0.6335952848722987,100.17817460238908,153.5,0.0,0.0,21.0,10.5,2
40.0,1.0,-1.000088900581841e-12,0.0,0.0,0.0,0.0,0.0,0.0,0.0,0.0,0.0,0.0,57.0,0.0,0.0,0.0,0.0,0.0,0.0,0.0,22,0,0.6335952848722987,91.40933577412514,158.5,0.0,0.0,21.0,10.5,2
38.0,4.0,1.256637906745007,0.0,0.0,0.0,162.0,0.0,0.0,0.0,0.0,0.0,0.0,53.0,0.0,0.0,0.0,0.0,0.0,0.0,0.0,22,0,0.6335952848722987,87.07085237513998,108.0,0.0,0.0,76.60287200882223,51.0,2
16.0,2.0,0.5623351446168083,0.0,0.0,0.0,0.0,0.0,0.0,0.0,0.0,0.0,0.0,51.42857142857143,0.0,0.0,0.0,0.0,158.0,0.0,42.0,23,0,0.6335952848722987,52.47221486971385,57.0,0.0,0.0,76.60287200882223,51.0,2
82.0,3.0,0.789686413131692,0.0,0.0,0.0,0.0,0.0,0.0,0.0,0.0,0.0,0.0,51.0,0.0,0.0,0.0,0.0,806.0,0.0,32.0,23,0,0.6335952848722987,27.568097504182003,44.0,0.0,0.0,81.0,40.5,2
0.0,0.0,0.0,0.0,0.0,0.0,0.0,0.0,0.0,0.0,0.0,0.0,0.0,0.0,84.0,0.0,0.0,0.0,0.0,0.0,0.0,1,0,0.6335952848722987,35.59026084010558,34.0,0.0,0.0,81.0,40.5,2
0.0,0.0,0.0,0.0,0.0,0.0,0.0,0.0,0.0,0.0,0.0,0.0,0.0,0.0,98.0,0.0,0.0,0.0,0.0,0.0,0.0,2,0,0.6335952848722987,39.06831623366202,24.5,0.0,0.0,0.0,0.0,2
0.0,0.0,0.0,0.0,0.0,0.0,0.0,0.0,0.0,0.0,0.0,0.0,0.0,0.0,110.0,0.0,0.0,0.0,0.0,0.0,0.0,4,0,0.6335952848722987,41.00000000000104,20.5,0.0,0.0,0.0,0.0,2
56.0,6.0,1.4781879729906624,0.0,0.0,0.0,0.0,0.0,0.0,0.0,0.0,0.0,0.0,48.4,0.0,0.0,0.0,0.0,326.0,0.0,36.0,7,0,0.6335952848722987,28.000000000001528,14.0,0.0,0.0,0.0,0.0,2
70.0,3.0,0.6887588669066503,0.0,0.0,0.0,0.0,0.0,0.0,0.0,0.0,0.0,0.0,47.16666666666666,0.0,0.0,0.0,0.0,1174.0,0.0,170.0,8,1,0.6335952848722987,36.81937895547333,31.5,0.0,0.0,0.0,0.0,2
30.0,2.0,0.6365141682928128,0.0,0.0,0.0,0.0,0.0,0.0,0.0,0.0,0.0,0.0,43.75,0.0,0.0,0.0,0.0,0.0,0.0,0.0,8,1,0.6335952848722987,30.832882879593868,39.0,0.0,0.0,0.0,0.0,2
12.0,1.0,-1.000088900581841e-12,0.0,0.0,0.0,0.0,0.0,0.0,0.0,0.0,0.0,0.0,41.5,0.0,0.0,0.0,0.0,0.0,0.0,0.0,9,1,0.6335952848722987,25.97434631837253,42.0,0.0,0.0,0.0,0.0,2
48.0,2.0,0.6036372514983261,0.0,0.0,0.0,0.0,0.0,0.0,0.0,0.0,0.0,0.0,40.4,0.0,0.0,0.0,0.0,1332.0,0.0,80.0,9,1,0.6335952848722987,24.819347291983444,40.0,0.0,0.0,0.0,0.0,2
12.0,1.0,-1.000088900581841e-12,0.0,0.0,0.0,0.0,0.0,0.0,0.0,0.0,0.0,0.0,40.0,0.0,0.0,0.0,0.0,338.0,0.0,0.0,10,1,0.6335952848722987,17.233687939616573,25.5,0.0,0.0,0.0,0.0,2
38.0,2.0,0.6236548495661085,0.0,0.0,0.0,0.0,0.0,0.0,0.0,0.0,0.0,0.0,38.8,114.0,0.0,0.0,0.0,504.0,0.0,8.0,10,1,0.6335952848722987,18.35755975068816,27.5,0.0,0.0,0.0,0.0,2
96.0,4.0,1.2120047944187102,0.0,0.0,0.0,0.0,0.0,0.0,0.0,0.0,0.0,0.0,37.22222222222222,0.0,0.0,0.0,0.0,1336.0,0.0,126.0,11,1,0.6335952848722987,35.1140997321601,48.5,0.0,0.0,0.0,0.0,2
12.0,1.0,-1.000088900581841e-12,0.0,0.0,0.0,0.0,0.0,0.0,0.0,0.0,0.0,0.0,36.0,0.0,0.0,0.0,0.0,0.0,0.0,0.0,11,1,0.6335952848722987,39.610604640677806,39.5,0.0,0.0,0.0,0.0,2
28.0,3.0,0.8921178708158162,0.0,0.0,0.0,0.0,0.0,0.0,0.0,0.0,0.0,0.0,34.714285714285715,0.0,0.0,0.0,0.0,174.0,0.0,38.0,12,1,0.6335952848722987,36.60145716589372,43.5,0.0,0.0,0.0,0.0,2
58.0,2.0,0.4011898621850057,0.0,0.0,0.0,0.0,0.0,0.0,0.0,0.0,0.0,0.0,33.4,0.0,0.0,0.0,0.0,1004.0,0.0,102.0,12,1,0.6335952848722987,36.96394639825974,48.5,0.0,0.0,0.0,0.0,2
44.0,2.0,0.625491359723573,0.0,0.0,0.0,0.0,0.0,0.0,0.0,0.0,0.0,0.0,32.55555555555556,0.0,0.0,0.0,0.0,508.0,0.0,40.0,13,1,0.6335952848722987,19.891371663783087,35.5,0.0,0.0,0.0,0.0,2
188.0,3.0,0.7201463789686557,0.0,0.0,0.0,0.0,0.0,0.0,0.0,0.0,0.0,0.0,27.76923076923077,0.0,0.0,0.0,0.0,0.0,0.0,0.0,13,1,0.6335952848722987,73.36438736426156,79.5,0.0,0.0,0.0,0.0,1
76.0,2.0,0.6016797549112552,0.0,0.0,0.0,0.0,0.0,0.0,0.0,0.0,0.0,0.0,22.727272727272727,0.0,0.0,0.0,0.0,538.0,0.0,68.0,14,1,0.6335952848722987,65.65312889218167,91.5,0.0,0.0,0.0,0.0,2
36.0,3.0,0.7867012379139144,0.0,0.0,0.0,0.0,0.0,0.0,0.0,0.0,0.0,0.0,16.0,0.0,0.0,0.0,0.0,540.0,0.0,98.0,14,1,0.6335952848722987,70.16171795692259,86.0,0.0,0.0,0.0,0.0,2
52.0,3.0,0.6441798059703927,0.0,0.0,0.0,0.0,0.0,0.0,0.0,0.0,0.0,0.0,14.714285714285714,0.0,0.0,0.0,0.0,1600.0,0.0,156.0,15,1,0.6335952848722987,68.6634303444472,88.0,0.0,0.0,0.0,0.0,2
56.0,3.0,0.8982053397011498,0.0,0.0,0.0,0.0,0.0,0.0,0.0,0.0,0.0,0.0,13.125,0.0,0.0,0.0,0.0,724.0,0.0,118.0,15,1,0.6335952848722987,16.451950239006734,55.0,0.0,0.0,0.0,0.0,2
32.0,2.0,0.6931471805579453,0.0,0.0,0.0,0.0,0.0,0.0,0.0,0.0,0.0,0.0,12.857142857142858,0.0,0.0,0.0,0.0,184.0,0.0,54.0,16,1,0.6335952848722987,11.775681155107495,44.0,0.0,0.0,0.0,0.0,2
248.0,4.0,0.6929022351382867,0.0,0.0,0.0,0.0,0.0,0.0,0.0,0.0,0.0,182.0,14.375,0.0,0.0,0.0,0.0,732.0,0.0,72.0,16,1,0.6335952848722987,101.2126474310404,97.0,0.0,0.0,0.0,0.0,2
702.0,3.0,0.0818318257008938,0.0,0.0,0.0,0.0,0.0,0.0,0.0,0.0,0.0,0.0,38.310344827586206,0.0,0.0,0.0,0.0,184.0,0.0,32.0,17,1,0.6335952848722987,310.4335677725592,259.5,0.0,0.0,0.0,0.0,2
718.0,2.0,0.1369621908197074,0.0,0.0,0.0,0.0,0.0,0.0,0.0,0.0,0.0,0.0,72.2,0.0,0.0,0.0,0.0,362.0,0.0,74.0,17,1,0.6335952848722987,340.7618914530596,425.0,0.0,0.0,0.0,0.0,2
348.0,2.0,0.1094523581606665,0.0,0.0,0.0,0.0,0.0,0.0,0.0,0.0,0.0,0.0,92.66666666666669,0.0,0.0,0.0,0.0,542.0,0.0,82.0,18,1,0.6335952848722987,241.4346012208416,504.0,0.0,0.0,0.0,0.0,2
40.0,3.0,0.9376369622694494,0.0,0.0,0.0,0.0,0.0,0.0,0.0,0.0,0.0,0.0,95.5,0.0,0.0,0.0,0.0,178.0,0.0,44.0,18,1,0.6335952848722987,323.4274777030137,452.0,0.0,0.0,0.0,0.0,2
72.0,3.0,0.8703073039900724,0.0,0.0,0.0,0.0,0.0,0.0,0.0,0.0,0.0,0.0,92.45454545454544,0.0,0.0,0.0,0.0,1418.0,0.0,178.0,19,1,0.6335952848722987,314.37292080160694,294.5,0.0,0.0,0.0,0.0,2
124.0,5.0,1.0749192022251908,0.0,0.0,0.0,0.0,0.0,0.0,0.0,0.0,0.0,0.0,91.0,0.0,0.0,0.0,0.0,914.0,0.0,74.0,19,1,0.6335952848722987,139.04435743076183,146.0,0.0,0.0,0.0,0.0,2
84.0,5.0,1.5804943519527448,0.0,0.0,0.0,0.0,0.0,0.0,0.0,0.0,0.0,0.0,87.18181818181819,0.0,0.0,0.0,0.0,556.0,0.0,24.0,20,1,0.6335952848722987,34.71791084344591,80.0,0.0,0.0,0.0,0.0,2
46.0,2.0,0.646090505058809,0.0,0.0,0.0,0.0,0.0,0.0,0.0,0.0,0.0,0.0,85.0,0.0,0.0,0.0,0.0,564.0,0.0,18.0,20,1,0.6335952848722987,32.47049943153722,81.5,0.0,0.0,0.0,0.0,2
20.0,1.0,-1.000088900581841e-12,0.0,0.0,0.0,0.0,0.0,0.0,0.0,0.0,0.0,0.0,84.28571428571429,0.0,0.0,0.0,0.0,188.0,0.0,0.0,21,0,0.6335952848722987,45.38355061767195,68.5,0.0,0.0,0.0,0.0,2
8.0,1.0,-1.000088900581841e-12,0.0,0.0,0.0,0.0,0.0,0.0,0.0,0.0,0.0,0.0,80.16666666666667,0.0,0.0,0.0,0.0,0.0,0.0,0.0,21,0,0.6335952848722987,33.64025366531579,39.5,0.0,0.0,0.0,0.0,2
46.0,2.0,0.6922017029602767,0.0,0.0,0.0,0.0,0.0,0.0,0.0,0.0,0.0,0.0,79.85714285714286,128.0,0.0,0.0,0.0,560.0,0.0,82.0,22,0,0.6335952848722987,19.113694915778552,30.0,0.0,0.0,0.0,0.0,2
0.0,0.0,0.0,0.0,0.0,0.0,0.0,0.0,0.0,0.0,0.0,0.0,0.0,0.0,118.0,0.0,0.0,0.0,0.0,0.0,0.0,23,0,0.6335952848722987,20.09145755456264,18.5,0.0,0.0,0.0,0.0,2
0.0,0.0,0.0,0.0,0.0,0.0,0.0,0.0,0.0,0.0,0.0,0.0,0.0,0.0,142.0,0.0,0.0,0.0,0.0,0.0,0.0,0,0,0.6335952848722987,21.992422937611767,13.5,0.0,0.0,0.0,0.0,2
0.0,0.0,0.0,0.0,0.0,0.0,0.0,0.0,0.0,0.0,0.0,0.0,0.0,0.0,112.0,0.0,0.0,0.0,0.0,0.0,0.0,2,0,0.6335952848722987,23.00000000000273,11.5,0.0,0.0,0.0,0.0,2
0.0,0.0,0.0,0.0,0.0,0.0,0.0,0.0,0.0,0.0,0.0,0.0,0.0,0.0,138.0,0.0,0.0,0.0,0.0,0.0,0.0,6,0,0.6335952848722987,0.0,0.0,0.0,0.0,0.0,0.0,2
22.0,2.0,0.4741393130558373,0.0,0.0,0.0,0.0,0.0,0.0,0.0,0.0,0.0,0.0,77.0,0.0,0.0,0.0,0.0,774.0,0.0,102.0,7,0,0.6335952848722987,11.000000000005706,5.5,0.0,0.0,0.0,0.0,2
82.0,5.0,1.1708440010904244,0.0,0.0,0.0,0.0,0.0,0.0,0.0,0.0,0.0,0.0,75.15384615384616,0.0,0.0,0.0,0.0,1546.0,0.0,126.0,8,1,0.6335952848722987,38.74704289792267,26.0,0.0,0.0,0.0,0.0,2
54.0,6.0,1.6288000040673347,0.0,0.0,0.0,0.0,0.0,0.0,0.0,0.0,0.0,0.0,71.77777777777777,0.0,0.0,0.0,0.0,932.0,0.0,96.0,8,1,0.6335952848722987,35.97684440488714,39.5,0.0,0.0,0.0,0.0,2
54.0,4.0,1.0859839236690416,0.0,0.0,0.0,0.0,0.0,0.0,0.0,0.0,0.0,0.0,69.77777777777777,0.0,0.0,0.0,0.0,760.0,0.0,88.0,9,1,0.6335952848722987,24.52209887700193,53.0,0.0,0.0,0.0,0.0,2
134.0,6.0,1.1637087848995944,0.0,0.0,0.0,0.0,0.0,0.0,0.0,0.0,0.0,0.0,67.83333333333333,0.0,0.0,0.0,0.0,1954.0,0.0,236.0,9,1,0.6335952848722987,37.71825375951003,81.0,0.0,0.0,0.0,0.0,2
36.0,3.0,0.8486855577234171,0.0,0.0,0.0,0.0,0.0,0.0,0.0,0.0,0.0,0.0,66.66666666666667,0.0,0.0,0.0,0.0,580.0,0.0,32.0,10,1,0.6335952848722987,43.82921400162369,69.5,0.0,0.0,0.0,0.0,2
36.0,2.0,0.4505612088643047,0.0,0.0,0.0,0.0,0.0,0.0,0.0,0.0,0.0,0.0,65.75,0.0,0.0,0.0,0.0,568.0,0.0,44.0,10,1,0.6335952848722987,46.77606225410735,65.0,0.0,0.0,0.0,0.0,2
30.0,2.0,0.6730116670072565,0.0,0.0,0.0,0.0,0.0,0.0,0.0,0.0,0.0,0.0,65.0,0.0,0.0,0.0,0.0,964.0,0.0,68.0,11,1,0.6335952848722987,50.07993610219692,59.0,0.0,0.0,0.0,0.0,2
86.0,5.0,1.167499320302178,0.0,0.0,0.0,0.0,0.0,0.0,0.0,0.0,0.0,0.0,62.8,0.0,0.0,0.0,0.0,994.0,0.0,104.0,11,1,0.6335952848722987,26.15339366124645,47.0,0.0,0.0,0.0,0.0,2
28.0,1.0,-1.000088900581841e-12,0.0,0.0,0.0,0.0,0.0,0.0,0.0,0.0,0.0,0.0,61.0,0.0,0.0,0.0,0.0,412.0,0.0,0.0,12,1,0.6335952848722987,27.54390434682042,45.0,0.0,0.0,0.0,0.0,2
22.0,2.0,0.4741393130558373,0.0,0.0,0.0,0.0,0.0,0.0,0.0,0.0,0.0,0.0,60.25,0.0,0.0,0.0,0.0,618.0,0.0,16.0,12,1,0.6335952848722987,29.860788111950303,41.5,0.0,0.0,0.0,0.0,2
18.0,1.0,-1.000088900581841e-12,0.0,0.0,0.0,0.0,0.0,0.0,0.0,0.0,0.0,0.0,59.0,0.0,0.0,0.0,0.0,196.0,0.0,0.0,13,1,0.6335952848722987,31.932219883164915,38.5,0.0,0.0,0.0,0.0,2
28.0,1.0,-1.000088900581841e-12,0.0,0.0,0.0,0.0,0.0,0.0,0.0,0.0,0.0,0.0,58.5,0.0,0.0,0.0,0.0,792.0,0.0,0.0,13,1,0.6335952848722987,4.898979485579223,24.0,0.0,0.0,0.0,0.0,2
0.0,0.0,0.0,0.0,0.0,0.0,0.0,0.0,0.0,0.0,0.0,0.0,0.0,57.42857142857143,0.0,0.0,0.0,0.0,202.0,0.0,0.0,14,1,0.6335952848722987,12.055427546688646,17.0,0.0,0.0,0.0,0.0,2
26.0,4.0,1.2309316230439222,0.0,0.0,0.0,0.0,0.0,0.0,0.0,0.0,0.0,0.0,56.77777777777778,110.0,0.0,0.0,0.0,1396.0,0.0,78.0,14,1,0.6335952848722987,12.75408431314427,18.0,0.0,0.0,0.0,0.0,2
116.0,6.0,1.4421028633661428,0.0,0.0,0.0,0.0,0.0,0.0,0.0,0.0,0.0,0.0,55.6,0.0,0.0,0.0,0.0,1038.0,0.0,134.0,15,1,0.6335952848722987,50.63266402893287,42.5,0.0,0.0,0.0,0.0,2
76.0,2.0,0.336495757581516,0.0,0.0,0.0,0.0,0.0,0.0,0.0,0.0,0.0,0.0,52.2,0.0,0.0,0.0,0.0,0.0,0.0,0.0,15,1,0.6335952848722987,51.726846672369206,54.5,0.0,0.0,0.0,0.0,2
38.0,4.0,0.8264053222878115,0.0,0.0,0.0,0.0,0.0,0.0,0.0,0.0,0.0,0.0,51.0,0.0,0.0,0.0,0.0,654.0,0.0,104.0,16,1,0.6335952848722987,40.69397989875316,64.0,0.0,0.0,0.0,0.0,2
64.0,4.0,1.3209148622974496,0.0,0.0,0.0,0.0,0.0,0.0,0.0,0.0,0.0,0.0,51.0,0.0,0.0,0.0,0.0,654.0,0.0,106.0,16,1,0.6335952848722987,32.47049943153723,73.5,0.0,0.0,0.0,0.0,2
30.0,2.0,0.3926744672255522,0.0,0.0,0.0,0.0,0.0,0.0,0.0,0.0,0.0,0.0,50.0,0.0,0.0,0.0,0.0,640.0,0.0,32.0,17,1,0.6335952848722987,21.60246899469579,52.0,0.0,0.0,0.0,0.0,2
24.0,2.0,0.6791932659895258,0.0,0.0,0.0,0.0,0.0,0.0,0.0,0.0,0.0,0.0,48.833333333333336,0.0,0.0,0.0,0.0,218.0,0.0,30.0,17,1,0.6335952848722987,17.62573875520663,39.0,0.0,0.0,0.0,0.0,2
44.0,4.0,1.3016518932689434,0.0,0.0,0.0,0.0,0.0,0.0,0.0,0.0,0.0,0.0,46.66666666666666,0.0,0.0,0.0,0.0,440.0,0.0,64.0,18,1,0.6335952848722987,17.767010628318793,40.5,0.0,0.0,0.0,0.0,2
80.0,5.0,1.441512879815489,0.0,0.0,0.0,82.0,0.0,0.0,0.0,0.0,0.0,0.0,44.8,0.0,0.0,0.0,0.0,1510.0,0.0,246.0,18,1,0.6335952848722987,25.10644007686991,44.5,0.0,0.0,41.0,20.5,2
58.0,3.0,0.8167383369241311,0.0,0.0,0.0,30.0,0.0,0.0,0.0,0.0,0.0,0.0,42.0,0.0,0.0,0.0,0.0,1514.0,0.0,258.0,19,1,0.6335952848722987,23.572582944318867,51.5,0.0,0.0,38.67815921162743,28.0,2
26.0,1.0,-1.000088900581841e-12,0.0,0.0,0.0,0.0,0.0,0.0,0.0,0.0,0.0,0.0,41.0,0.0,0.0,0.0,0.0,654.0,0.0,0.0,19,1,0.6335952848722987,22.80350850198553,52.0,0.0,0.0,38.67815921162743,28.0,2
36.0,2.0,0.5908422462735826,0.0,0.0,0.0,0.0,0.0,0.0,0.0,0.0,0.0,0.0,40.0,0.0,0.0,0.0,0.0,874.0,0.0,72.0,20,1,0.6335952848722987,24.05549140356091,50.0,0.0,0.0,38.67815921162743,28.0,2
2.0,1.0,-1.000088900581841e-12,0.0,0.0,0.0,0.0,0.0,0.0,0.0,0.0,0.0,0.0,40.0,0.0,0.0,0.0,0.0,0.0,0.0,0.0,20,1,0.6335952848722987,23.23072677870395,30.5,0.0,0.0,15.0,7.5,2
132.0,4.0,1.1105493640695263,0.0,0.0,0.0,0.0,0.0,0.0,0.0,0.0,0.0,0.0,38.0,0.0,0.0,0.0,0.0,220.0,0.0,52.0,21,0,0.6335952848722987,57.14309523760031,49.0,0.0,0.0,0.0,0.0,2
12.0,1.0,-1.000088900581841e-12,0.0,0.0,0.0,0.0,0.0,0.0,0.0,0.0,0.0,0.0,36.0,0.0,0.0,0.0,0.0,0.0,0.0,0.0,21,0,0.6335952848722987,59.40538696111764,45.5,0.0,0.0,0.0,0.0,2
20.0,1.0,-1.000088900581841e-12,0.0,0.0,0.0,0.0,0.0,0.0,0.0,0.0,0.0,0.0,35.0,0.0,0.0,0.0,0.0,218.0,0.0,0.0,22,0,0.6335952848722987,60.78102774166837,41.5,0.0,0.0,0.0,0.0,2
0.0,0.0,0.0,0.0,0.0,0.0,0.0,0.0,0.0,0.0,0.0,0.0,0.0,34.833333333333336,136.0,0.0,0.0,0.0,0.0,0.0,0.0,22,0,0.6335952848722987,61.2209114600569,41.0,0.0,0.0,0.0,0.0,2
20.0,3.0,0.8018185525403374,0.0,0.0,0.0,0.0,0.0,0.0,0.0,0.0,0.0,0.0,34.0,0.0,0.0,0.0,0.0,658.0,0.0,64.0,23,0,0.6335952848722987,9.451631252511907,13.0,0.0,0.0,0.0,0.0,2
0.0,0.0,0.0,0.0,0.0,0.0,0.0,0.0,0.0,0.0,0.0,0.0,0.0,0.0,122.0,0.0,0.0,0.0,0.0,0.0,0.0,0,0,0.6335952848722987,11.547005383797996,10.0,0.0,0.0,0.0,0.0,2
0.0,0.0,0.0,0.0,0.0,0.0,0.0,0.0,0.0,0.0,0.0,0.0,0.0,0.0,130.0,0.0,0.0,0.0,0.0,0.0,0.0,1,0,0.6335952848722987,10.000000000006326,5.0,0.0,0.0,0.0,0.0,2
0.0,0.0,0.0,0.0,0.0,0.0,0.0,0.0,0.0,0.0,0.0,0.0,0.0,0.0,138.0,0.0,0.0,0.0,0.0,0.0,0.0,3,0,0.6335952848722987,10.000000000006326,5.0,0.0,0.0,0.0,0.0,2
0.0,0.0,0.0,0.0,0.0,0.0,0.0,0.0,0.0,0.0,0.0,0.0,0.0,0.0,128.0,0.0,0.0,0.0,0.0,0.0,0.0,6,0,0.6335952848722987,0.0,0.0,0.0,0.0,0.0,0.0,2
0.0,0.0,0.0,0.0,0.0,0.0,0.0,0.0,0.0,0.0,0.0,0.0,0.0,0.0,0.0,0.0,0.0,0.0,12.0,0.0,0.0,7,0,0.6335952848722987,0.0,0.0,0.0,0.0,0.0,0.0,2
48.0,3.0,0.8570352476778069,0.0,0.0,0.0,0.0,0.0,0.0,0.0,0.0,0.0,0.0,28.0,0.0,0.0,0.0,0.0,4.0,0.0,4.0,8,1,0.6335952848722987,24.00000000000264,12.0,0.0,0.0,0.0,0.0,2
108.0,4.0,0.9288514446013472,0.0,0.0,0.0,0.0,0.0,0.0,0.0,0.0,0.0,0.0,25.3,0.0,0.0,0.0,0.0,0.0,0.0,0.0,8,1,0.6335952848722987,51.26402247190642,39.0,0.0,0.0,0.0,0.0,2
12.0,1.0,-1.000088900581841e-12,0.0,0.0,0.0,0.0,0.0,0.0,0.0,0.0,0.0,0.0,24.0,0.0,0.0,0.0,0.0,0.0,0.0,0.0,9,1,0.6335952848722987,48.49742261192987,42.0,0.0,0.0,0.0,0.0,2
4.0,1.0,-1.000088900581841e-12,0.0,0.0,0.0,0.0,0.0,0.0,0.0,0.0,0.0,0.0,23.0,0.0,0.0,0.0,0.0,10.0,0.0,0.0,9,1,0.6335952848722987,47.37087712930938,43.0,0.0,0.0,0.0,0.0,2
22.0,2.0,0.3046360973472382,0.0,0.0,0.0,0.0,0.0,0.0,0.0,0.0,0.0,0.0,21.428571428571427,0.0,0.0,0.0,0.0,50.0,0.0,18.0,10,1,0.6335952848722987,48.23207784590521,36.5,0.0,0.0,0.0,0.0,2
318.0,2.0,0.0935999632438157,0.0,0.0,0.0,0.0,0.0,0.0,0.0,0.0,0.0,10.0,25.41176470588235,0.0,0.0,0.0,0.0,20.0,0.0,2.0,10,1,0.6335952848722987,152.84414720012492,89.0,0.0,0.0,0.0,0.0,2
230.0,3.0,0.5234823539650789,0.0,0.0,0.0,0.0,0.0,0.0,0.0,0.0,0.0,0.0,43.61538461538461,0.0,0.0,0.0,0.0,30.0,0.0,14.0,11,1,0.6335952848722987,155.08599764861685,143.5,0.0,0.0,0.0,0.0,2
292.0,2.0,0.0723777895141174,0.0,0.0,0.0,0.0,0.0,0.0,0.0,0.0,0.0,0.0,85.4375,0.0,0.0,0.0,0.0,10.0,0.0,6.0,11,1,0.6335952848722987,134.17774281402558,215.5,0.0,0.0,0.0,0.0,2
718.0,1.0,-1.000088900581841e-12,0.0,0.0,0.0,0.0,0.0,0.0,0.0,0.0,0.0,0.0,97.53333333333332,0.0,0.0,0.0,0.0,10.0,0.0,4.0,12,1,0.6335952848722987,222.0893213701793,389.5,0.0,0.0,0.0,0.0,2
84.0,2.0,0.2573186405418316,0.0,0.0,0.0,0.0,0.0,0.0,0.0,0.0,0.0,0.0,100.0,0.0,0.0,0.0,0.0,20.0,0.0,4.0,12,1,0.6335952848722987,272.3355773061368,331.0,0.0,0.0,0.0,0.0,2
12.0,1.0,-1.000088900581841e-12,0.0,0.0,0.0,0.0,0.0,0.0,0.0,0.0,0.0,0.0,100.0,0.0,0.0,0.0,0.0,0.0,0.0,0.0,13,1,0.6335952848722987,317.37412202845627,276.5,0.0,0.0,0.0,0.0,2
14.0,1.0,-1.000088900581841e-12,0.0,0.0,0.0,0.0,0.0,0.0,0.0,0.0,0.0,0.0,99.33333333333331,0.0,0.0,0.0,0.0,10.0,0.0,6.0,13,1,0.6335952848722987,342.307853644445,207.0,0.0,0.0,0.0,0.0,2
12.0,1.0,-1.000088900581841e-12,0.0,0.0,0.0,0.0,0.0,0.0,0.0,0.0,0.0,0.0,99.0,0.0,0.0,0.0,0.0,0.0,0.0,0.0,14,1,0.6335952848722987,35.67912554982399,30.5,0.0,0.0,0.0,0.0,2
90.0,5.0,1.3125489876973393,0.0,0.0,0.0,0.0,0.0,0.0,0.0,0.0,0.0,0.0,97.875,0.0,0.0,0.0,0.0,10.0,0.0,4.0,14,1,0.6335952848722987,38.67815921162877,32.0,0.0,0.0,0.0,0.0,2
40.0,1.0,-1.000088900581841e-12,0.0,0.0,0.0,0.0,0.0,0.0,0.0,0.0,0.0,0.0,96.22222222222224,0.0,0.0,0.0,0.0,84.0,0.0,24.0,15,1,0.6335952848722987,36.31345021705828,39.0,0.0,0.0,0.0,0.0,2
96.0,5.0,1.039772087139487,0.0,0.0,0.0,0.0,0.0,0.0,0.0,0.0,0.0,0.0,95.3,0.0,0.0,0.0,0.0,66.0,0.0,20.0,15,1,0.6335952848722987,40.41039470235479,59.5,0.0,0.0,0.0,0.0,2
12.0,1.0,-1.000088900581841e-12,0.0,0.0,0.0,0.0,0.0,0.0,0.0,0.0,0.0,0.0,93.83333333333331,0.0,0.0,0.0,0.0,22.0,0.0,0.0,16,1,0.6335952848722987,40.41039470235479,59.5,0.0,0.0,0.0,0.0,2
18.0,2.0,0.5297061990556545,0.0,0.0,0.0,0.0,0.0,0.0,0.0,0.0,0.0,0.0,93.0,0.0,0.0,0.0,0.0,22.0,0.0,16.0,16,1,0.6335952848722987,38.27531841801064,41.5,0.0,0.0,0.0,0.0,2
26.0,2.0,0.6901856760168041,0.0,0.0,0.0,0.0,0.0,0.0,0.0,0.0,0.0,0.0,93.0,0.0,0.0,0.0,0.0,72.0,0.0,12.0,17,1,0.6335952848722987,39.08964057138546,38.0,0.0,0.0,0.0,0.0,2
12.0,1.0,-1.000088900581841e-12,0.0,0.0,0.0,0.0,0.0,0.0,0.0,0.0,0.0,0.0,93.0,0.0,0.0,0.0,0.0,24.0,0.0,0.0,17,1,0.6335952848722987,6.633249580718669,17.0,0.0,0.0,0.0,0.0,2
60.0,7.0,1.451962891446785,0.0,0.0,0.0,0.0,0.0,0.0,0.0,0.0,0.0,0.0,92.28571428571428,0.0,0.0,0.0,0.0,24.0,0.0,6.0,18,1,0.6335952848722987,21.44761058952965,29.0,0.0,0.0,0.0,0.0,2
12.0,1.0,-1.000088900581841e-12,0.0,0.0,0.0,0.0,0.0,0.0,0.0,0.0,0.0,0.0,90.0,0.0,0.0,0.0,0.0,0.0,0.0,0.0,18,1,0.6335952848722987,22.64950330581455,27.5,0.0,0.0,0.0,0.0,2
14.0,1.0,-1.000088900581841e-12,0.0,0.0,0.0,0.0,0.0,0.0,0.0,0.0,0.0,0.0,89.66666666666667,0.0,0.0,0.0,0.0,90.0,0.0,8.0,19,1,0.6335952848722987,23.685438564656227,24.5,0.0,0.0,0.0,0.0,2
22.0,2.0,0.6890092384746587,0.0,0.0,0.0,0.0,0.0,0.0,0.0,0.0,0.0,0.0,88.85714285714286,0.0,0.0,0.0,0.0,60.0,0.0,18.0,19,1,0.6335952848722987,22.42022896106931,27.0,0.0,0.0,0.0,0.0,2
42.0,3.0,1.0042424730510766,0.0,0.0,0.0,0.0,0.0,0.0,0.0,0.0,0.0,0.0,87.71428571428571,0.0,0.0,0.0,0.0,102.0,0.0,8.0,20,1,0.6335952848722987,13.69914839202682,22.5,0.0,0.0,0.0,0.0,2
12.0,1.0,-1.000088900581841e-12,0.0,0.0,0.0,0.0,0.0,0.0,0.0,0.0,0.0,0.0,87.0,0.0,0.0,0.0,0.0,0.0,0.0,0.0,20,1,0.6335952848722987,13.69914839202682,22.5,0.0,0.0,0.0,0.0,2
4.0,1.0,-1.000088900581841e-12,0.0,0.0,0.0,0.0,0.0,0.0,0.0,0.0,0.0,0.0,86.5,20.0,0.0,0.0,0.0,0.0,0.0,0.0,21,0,0.6335952848722987,16.41137816679141,20.0,0.0,0.0,0.0,0.0,2
46.0,3.0,1.0217278604915916,0.0,0.0,0.0,0.0,0.0,0.0,0.0,0.0,0.0,0.0,85.625,0.0,0.0,0.0,0.0,108.0,0.0,10.0,21,0,0.6335952848722987,21.102922388461693,26.0,0.0,0.0,0.0,0.0,2
12.0,1.0,-1.000088900581841e-12,0.0,0.0,0.0,0.0,0.0,0.0,0.0,0.0,0.0,0.0,84.83333333333333,0.0,0.0,0.0,0.0,0.0,0.0,0.0,22,0,0.6335952848722987,18.717193521824733,18.5,0.0,0.0,0.0,0.0,2
34.0,3.0,0.9718487712328766,0.0,0.0,0.0,0.0,0.0,0.0,0.0,0.0,0.0,0.0,84.0,26.0,0.0,0.0,0.0,38.0,0.0,8.0,22,0,0.6335952848722987,19.390719429668007,24.0,0.0,0.0,0.0,0.0,2
12.0,2.0,0.6365141682928128,0.0,0.0,0.0,0.0,0.0,0.0,0.0,0.0,0.0,0.0,83.33333333333333,0.0,0.0,0.0,0.0,88.0,0.0,4.0,23,0,0.6335952848722987,16.891812612429657,26.0,0.0,0.0,0.0,0.0,2
94.0,4.0,0.838130188035693,0.0,0.0,0.0,0.0,0.0,0.0,0.0,0.0,0.0,0.0,73.0,0.0,0.0,0.0,0.0,18.0,0.0,16.0,9,1,0.6335952848722987,47.95483986697037,40.5,0.0,0.0,0.0,0.0,2
40.0,2.0,0.6474466390326326,0.0,0.0,0.0,0.0,0.0,0.0,0.0,0.0,0.0,0.0,70.14285714285714,0.0,0.0,0.0,0.0,8.0,0.0,4.0,9,1,0.6335952848722987,40.24508251534305,50.5,0.0,0.0,0.0,0.0,2
12.0,1.0,-1.000088900581841e-12,0.0,0.0,0.0,0.0,0.0,0.0,0.0,0.0,0.0,0.0,69.33333333333333,0.0,0.0,0.0,0.0,0.0,0.0,0.0,10,1,0.6335952848722987,35.37890143385985,53.5,0.0,0.0,0.0,0.0,2
116.0,5.0,1.4404831464215646,0.0,0.0,0.0,0.0,0.0,0.0,0.0,0.0,0.0,0.0,67.4,6.0,0.0,0.0,0.0,40.0,0.0,8.0,10,1,0.6335952848722987,47.871355387818,65.5,0.0,0.0,0.0,0.0,2
12.0,1.0,-1.000088900581841e-12,0.0,0.0,0.0,0.0,0.0,0.0,0.0,0.0,0.0,0.0,66.0,0.0,0.0,0.0,0.0,12.0,0.0,0.0,11,1,0.6335952848722987,49.139257896988745,45.0,0.0,0.0,0.0,0.0,2
8.0,1.0,-1.000088900581841e-12,0.0,0.0,0.0,0.0,0.0,0.0,0.0,0.0,0.0,0.0,65.33333333333333,12.0,0.0,0.0,0.0,0.0,0.0,0.0,11,1,0.6335952848722987,52.70041113059212,37.0,0.0,0.0,0.0,0.0,2
12.0,2.0,0.6365141682928128,0.0,0.0,0.0,0.0,0.0,0.0,0.0,0.0,0.0,0.0,64.5,0.0,0.0,0.0,0.0,36.0,0.0,2.0,12,1,0.6335952848722987,52.70041113059212,37.0,0.0,0.0,0.0,0.0,2
14.0,1.0,-1.000088900581841e-12,0.0,0.0,0.0,0.0,0.0,0.0,0.0,0.0,0.0,0.0,63.16666666666666,0.0,0.0,0.0,0.0,12.0,0.0,10.0,12,1,0.6335952848722987,2.516611478444384,11.5,0.0,0.0,0.0,0.0,2
60.0,4.0,1.0790060323350776,0.0,0.0,0.0,0.0,0.0,0.0,0.0,0.0,0.0,0.0,61.625,0.0,0.0,0.0,0.0,36.0,0.0,8.0,13,1,0.6335952848722987,24.460853078611915,23.5,0.0,0.0,0.0,0.0,2
20.0,2.0,0.6108643020528935,0.0,0.0,0.0,0.0,0.0,0.0,0.0,0.0,0.0,0.0,61.0,0.0,0.0,0.0,0.0,18.0,0.0,16.0,13,1,0.6335952848722987,22.59055849981221,26.5,0.0,0.0,0.0,0.0,2
12.0,1.0,-1.000088900581841e-12,0.0,0.0,0.0,0.0,0.0,0.0,0.0,0.0,0.0,0.0,60.16666666666666,0.0,0.0,0.0,0.0,0.0,0.0,4.0,14,1,0.6335952848722987,22.59055849981221,26.5,0.0,0.0,0.0,0.0,2
34.0,3.0,1.0027399543943454,0.0,0.0,0.0,0.0,0.0,0.0,0.0,0.0,0.0,0.0,59.142857142857146,0.0,0.0,0.0,0.0,48.0,0.0,16.0,14,1,0.6335952848722987,21.06339637064192,31.5,0.0,0.0,0.0,0.0,2
52.0,4.0,1.0998907263836215,0.0,0.0,0.0,0.0,0.0,0.0,0.0,0.0,0.0,0.0,56.875,0.0,0.0,0.0,0.0,90.0,0.0,40.0,15,1,0.6335952848722987,17.540429489233475,29.5,0.0,0.0,0.0,0.0,2
32.0,4.0,1.0337005498485017,0.0,0.0,0.0,0.0,0.0,0.0,0.0,0.0,0.0,0.0,55.125,0.0,0.0,0.0,0.0,68.0,0.0,10.0,15,1,0.6335952848722987,16.36052158908057,32.5,0.0,0.0,0.0,0.0,2
16.0,1.0,-1.000088900581841e-12,0.0,0.0,0.0,0.0,0.0,0.0,0.0,0.0,0.0,0.0,55.0,0.0,0.0,0.0,0.0,36.0,0.0,8.0,16,1,0.6335952848722987,14.730919862659787,33.5,0.0,0.0,0.0,0.0,2
16.0,2.0,0.6615632381559821,0.0,0.0,0.0,0.0,0.0,0.0,0.0,0.0,0.0,0.0,53.16666666666666,0.0,0.0,0.0,0.0,108.0,0.0,28.0,16,1,0.6335952848722987,17.088007490638127,29.0,0.0,0.0,0.0,0.0,2
12.0,1.0,-1.000088900581841e-12,0.0,0.0,0.0,0.0,0.0,0.0,0.0,0.0,0.0,0.0,52.0,0.0,0.0,0.0,0.0,144.0,0.0,0.0,17,1,0.6335952848722987,8.869423130439282,19.0,0.0,0.0,0.0,0.0,2
18.0,3.0,0.9649629230044278,0.0,0.0,0.0,0.0,0.0,0.0,0.0,0.0,0.0,0.0,52.0,34.0,0.0,0.0,0.0,36.0,0.0,4.0,17,1,0.6335952848722987,2.516611478444384,15.5,0.0,0.0,0.0,0.0,2
14.0,3.0,0.796311640170813,0.0,0.0,0.0,0.0,0.0,0.0,0.0,0.0,0.0,0.0,52.0,0.0,0.0,0.0,0.0,36.0,0.0,2.0,18,1,0.6335952848722987,2.5819888974918848,15.0,0.0,0.0,0.0,0.0,2
68.0,4.0,1.1370900316284165,0.0,0.0,0.0,10.0,0.0,0.0,0.0,0.0,0.0,0.0,51.375,0.0,0.0,0.0,0.0,184.0,0.0,62.0,18,1,0.6335952848722987,26.78307923546951,28.0,0.0,0.0,5.0,2.5,2
32.0,2.0,0.5623351446168083,0.0,0.0,0.0,26.0,0.0,0.0,0.0,0.0,0.0,0.0,49.142857142857146,0.0,0.0,0.0,0.0,336.0,0.0,54.0,19,1,0.6335952848722987,24.576411454891144,33.0,0.0,0.0,12.274635093014648,9.0,2
48.0,4.0,1.1177327443934295,0.0,0.0,0.0,0.0,0.0,0.0,0.0,0.0,0.0,0.0,49.0,0.0,0.0,0.0,0.0,82.0,0.0,14.0,19,1,0.6335952848722987,23.00000000000228,40.5,0.0,0.0,12.274635093014648,9.0,2
112.0,4.0,0.9484790665354976,0.0,0.0,0.0,0.0,0.0,0.0,0.0,0.0,0.0,0.0,45.53333333333333,0.0,0.0,0.0,0.0,300.0,0.0,62.0,20,1,0.6335952848722987,34.62176579359827,65.0,0.0,0.0,12.274635093014648,9.0,2
20.0,3.0,1.0296530140615736,0.0,0.0,0.0,0.0,0.0,0.0,0.0,0.0,0.0,0.0,41.0,0.0,0.0,0.0,0.0,50.0,0.0,20.0,20,1,0.6335952848722987,40.97153483415982,53.0,0.0,0.0,13.000000000000002,6.5,2
20.0,1.0,-1.000088900581841e-12,0.0,0.0,0.0,0.0,0.0,0.0,0.0,0.0,0.0,0.0,40.0,0.0,40.0,28.0,24.0,150.0,0.0,14.0,21,0,0.6335952848722987,43.389706920729154,50.0,0.0,0.0,0.0,0.0,2
34.0,3.0,0.956044380964146,0.0,0.0,0.0,0.0,0.0,0.0,0.0,0.0,0.0,0.0,39.625,0.0,0.0,0.0,0.0,50.0,0.0,26.0,21,0,0.6335952848722987,44.16257842714166,46.5,0.0,0.0,0.0,0.0,2
136.0,5.0,1.328214676510199,0.0,0.0,0.0,0.0,0.0,0.0,0.0,0.0,0.0,0.0,35.75,0.0,0.0,0.0,0.0,56.0,0.0,12.0,22,0,0.6335952848722987,56.05651909754509,52.5,0.0,0.0,0.0,0.0,2
206.0,1.0,-1.000088900581841e-12,0.0,0.0,0.0,0.0,0.0,0.0,0.0,0.0,0.0,56.0,36.38461538461539,0.0,0.0,0.0,0.0,224.0,0.0,16.0,22,0,0.6335952848722987,88.09842980061244,99.0,0.0,0.0,0.0,0.0,2
716.0,1.0,-1.000088900581841e-12,0.0,0.0,0.0,0.0,0.0,0.0,0.0,0.0,0.0,0.0,60.5,0.0,0.0,0.0,0.0,0.0,0.0,0.0,23,0,0.6335952848722987,303.6598974730339,273.0,0.0,0.0,0.0,0.0,2
522.0,1.0,-1.000088900581841e-12,0.0,0.0,0.0,0.0,0.0,0.0,0.0,0.0,0.0,0.0,90.4,0.0,0.0,0.0,0.0,0.0,0.0,0.0,23,0,0.6335952848722987,272.0122546259024,395.0,0.0,0.0,0.0,0.0,2
0.0,0.0,0.0,0.0,0.0,0.0,0.0,0.0,0.0,0.0,0.0,0.0,0.0,99.86666666666666,0.0,0.0,0.0,0.0,0.0,0.0,0.0,0,0,0.6335952848722987,319.5267333625364,361.0,0.0,0.0,0.0,0.0,2
0.0,0.0,0.0,0.0,0.0,0.0,0.0,0.0,0.0,0.0,0.0,0.0,0.0,100.0,0.0,0.0,0.0,0.0,0.0,0.0,0.0,0,0,0.6335952848722987,366.0505429582097,309.5,0.0,0.0,0.0,0.0,2
0.0,0.0,0.0,0.0,0.0,0.0,0.0,0.0,0.0,0.0,0.0,0.0,0.0,100.0,0.0,0.0,0.0,0.0,0.0,0.0,0.0,1,0,0.6335952848722987,261.0000000000002,130.5,0.0,0.0,0.0,0.0,2
0.0,0.0,0.0,0.0,0.0,0.0,0.0,0.0,0.0,0.0,0.0,0.0,0.0,100.0,0.0,0.0,0.0,0.0,0.0,0.0,0.0,1,0,0.6335952848722987,0.0,0.0,0.0,0.0,0.0,0.0,2
0.0,0.0,0.0,0.0,0.0,0.0,0.0,0.0,0.0,0.0,0.0,0.0,0.0,100.0,0.0,0.0,0.0,0.0,0.0,0.0,0.0,2,0,0.6335952848722987,0.0,0.0,0.0,0.0,0.0,0.0,2
0.0,0.0,0.0,0.0,0.0,0.0,0.0,0.0,0.0,0.0,0.0,0.0,0.0,100.0,0.0,0.0,0.0,0.0,0.0,0.0,0.0,2,0,0.6335952848722987,0.0,0.0,0.0,0.0,0.0,0.0,2
0.0,0.0,0.0,0.0,0.0,0.0,0.0,0.0,0.0,0.0,0.0,0.0,0.0,100.0,0.0,0.0,0.0,0.0,0.0,0.0,0.0,3,0,0.6335952848722987,0.0,0.0,0.0,0.0,0.0,0.0,2
0.0,0.0,0.0,0.0,0.0,0.0,0.0,0.0,0.0,0.0,0.0,0.0,0.0,100.0,0.0,0.0,0.0,0.0,0.0,0.0,0.0,3,0,0.6335952848722987,0.0,0.0,0.0,0.0,0.0,0.0,2
0.0,0.0,0.0,0.0,0.0,0.0,0.0,0.0,0.0,0.0,0.0,0.0,0.0,100.0,0.0,0.0,0.0,0.0,0.0,0.0,0.0,4,0,0.6335952848722987,0.0,0.0,0.0,0.0,0.0,0.0,2
0.0,0.0,0.0,0.0,0.0,0.0,0.0,0.0,0.0,0.0,0.0,0.0,0.0,100.0,0.0,0.0,0.0,0.0,0.0,0.0,0.0,4,0,0.6335952848722987,0.0,0.0,0.0,0.0,0.0,0.0,2
0.0,0.0,0.0,0.0,0.0,0.0,0.0,0.0,0.0,0.0,0.0,0.0,0.0,100.0,0.0,0.0,0.0,0.0,0.0,0.0,0.0,5,0,0.6335952848722987,0.0,0.0,0.0,0.0,0.0,0.0,2
0.0,0.0,0.0,0.0,0.0,0.0,0.0,0.0,0.0,0.0,0.0,0.0,0.0,100.0,0.0,0.0,0.0,0.0,308.0,0.0,0.0,5,0,0.6335952848722987,0.0,0.0,0.0,0.0,0.0,0.0,2
0.0,0.0,0.0,0.0,0.0,0.0,0.0,0.0,0.0,0.0,0.0,0.0,0.0,0.0,50.0,0.0,0.0,0.0,0.0,0.0,0.0,7,0,0.6335952848722987,0.0,0.0,0.0,0.0,0.0,0.0,2
0.0,0.0,0.0,0.0,0.0,0.0,0.0,0.0,0.0,0.0,0.0,0.0,0.0,0.0,0.0,0.0,0.0,0.0,0.0,0.0,0.0,8,1,0.6335952848722987,0.0,0.0,0.0,0.0,0.0,0.0,2
70.0,3.0,0.931443178162372,0.0,0.0,0.0,0.0,0.0,0.0,0.0,0.0,0.0,0.0,99.88888888888889,0.0,0.0,0.0,0.0,180.0,0.0,36.0,8,1,0.6335952848722987,35.00000000000166,17.5,0.0,0.0,0.0,0.0,2
100.0,7.0,1.593185685987614,0.0,0.0,0.0,0.0,0.0,0.0,0.0,0.0,0.0,0.0,97.25,0.0,0.0,0.0,0.0,332.0,0.0,36.0,9,1,0.6335952848722987,50.579969684979545,42.5,0.0,0.0,0.0,0.0,2
36.0,3.0,0.8277381569959199,0.0,0.0,0.0,0.0,0.0,0.0,0.0,0.0,0.0,0.0,94.14285714285714,0.0,0.0,0.0,0.0,154.0,0.0,22.0,9,1,0.6335952848722987,43.154760262727095,51.5,0.0,0.0,0.0,0.0,2
20.0,1.0,-1.000088900581841e-12,0.0,0.0,0.0,0.0,0.0,0.0,0.0,0.0,0.0,0.0,92.5,0.0,0.0,0.0,0.0,270.0,0.0,24.0,10,1,0.6335952848722987,35.71647612330734,56.5,0.0,0.0,0.0,0.0,2
44.0,2.0,0.625491359723573,0.0,0.0,0.0,0.0,0.0,0.0,0.0,0.0,0.0,0.0,91.57142857142856,0.0,0.0,0.0,0.0,218.0,0.0,18.0,10,1,0.6335952848722987,34.794635601868045,50.0,0.0,0.0,0.0,0.0,2
12.0,1.0,-1.000088900581841e-12,0.0,0.0,0.0,0.0,0.0,0.0,0.0,0.0,0.0,0.0,90.66666666666669,0.0,0.0,0.0,0.0,0.0,0.0,0.0,11,1,0.6335952848722987,14.605934866808411,28.0,0.0,0.0,0.0,0.0,2
8.0,1.0,-1.000088900581841e-12,0.0,0.0,0.0,0.0,0.0,0.0,0.0,0.0,0.0,0.0,90.0,0.0,0.0,0.0,0.0,0.0,0.0,0.0,11,1,0.6335952848722987,16.124515496600704,21.0,0.0,0.0,0.0,0.0,2
14.0,3.0,1.0789922078745835,0.0,0.0,0.0,0.0,0.0,0.0,0.0,0.0,0.0,0.0,89.85714285714286,38.0,0.0,0.0,0.0,146.0,0.0,14.0,12,1,0.6335952848722987,16.522711641861825,19.5,0.0,0.0,0.0,0.0,2
16.0,2.0,0.6615632381559821,0.0,0.0,0.0,0.0,0.0,0.0,0.0,0.0,0.0,0.0,88.57142857142857,0.0,0.0,0.0,0.0,258.0,0.0,52.0,12,1,0.6335952848722987,3.415650255336869,12.5,0.0,0.0,0.0,0.0,2
34.0,3.0,0.923840705627872,0.0,0.0,0.0,0.0,0.0,0.0,0.0,0.0,0.0,0.0,85.85714285714286,0.0,0.0,0.0,0.0,86.0,0.0,22.0,13,1,0.6335952848722987,11.195237082502963,18.0,0.0,0.0,0.0,0.0,2
20.0,2.0,0.6931471805579453,0.0,0.0,0.0,0.0,0.0,0.0,0.0,0.0,0.0,0.0,85.0,0.0,0.0,0.0,0.0,148.0,0.0,44.0,13,1,0.6335952848722987,9.018499505652231,21.0,0.0,0.0,0.0,0.0,2
44.0,3.0,0.9164648855364712,0.0,0.0,0.0,0.0,0.0,0.0,0.0,0.0,0.0,0.0,84.25,0.0,0.0,0.0,0.0,92.0,0.0,20.0,14,1,0.6335952848722987,12.89702808143991,28.5,0.0,0.0,0.0,0.0,2
18.0,2.0,0.3488320958410319,0.0,0.0,0.0,0.0,0.0,0.0,0.0,0.0,0.0,0.0,83.71428571428571,0.0,0.0,0.0,0.0,74.0,0.0,24.0,14,1,0.6335952848722987,12.274635093019382,29.0,0.0,0.0,0.0,0.0,2
82.0,2.0,0.3196905981092379,0.0,0.0,0.0,0.0,0.0,0.0,0.0,0.0,0.0,0.0,82.7,0.0,0.0,0.0,0.0,152.0,0.0,22.0,15,1,0.6335952848722987,29.776948578838347,41.0,0.0,0.0,0.0,0.0,2
44.0,3.0,0.930216837085864,0.0,0.0,0.0,0.0,0.0,0.0,0.0,0.0,0.0,0.0,82.0,0.0,0.0,0.0,0.0,232.0,0.0,64.0,15,1,0.6335952848722987,26.3565298676966,47.0,0.0,0.0,0.0,0.0,2
42.0,2.0,0.3144922012794106,0.0,0.0,0.0,0.0,0.0,0.0,0.0,0.0,0.0,0.0,81.42857142857143,0.0,38.0,0.0,0.0,614.0,0.0,40.0,16,1,0.6335952848722987,26.4512129526565,46.5,0.0,0.0,0.0,0.0,2
14.0,1.0,-1.000088900581841e-12,0.0,0.0,0.0,0.0,0.0,0.0,0.0,0.0,0.0,0.0,81.0,0.0,0.0,0.0,0.0,0.0,0.0,0.0,16,1,0.6335952848722987,27.92251182588671,45.5,0.0,0.0,0.0,0.0,2
10.0,1.0,-1.000088900581841e-12,0.0,0.0,0.0,0.0,0.0,0.0,0.0,0.0,0.0,0.0,81.0,0.0,0.0,0.0,0.0,0.0,0.0,0.0,17,1,0.6335952848722987,17.990738358021417,27.5,0.0,0.0,0.0,0.0,2
0.0,0.0,0.0,0.0,0.0,0.0,0.0,0.0,0.0,0.0,0.0,0.0,0.0,81.0,38.0,0.0,0.0,0.0,0.0,0.0,0.0,17,1,0.6335952848722987,17.990738358021417,16.5,0.0,0.0,0.0,0.0,2
120.0,3.0,0.9310163861178608,0.0,0.0,0.0,0.0,0.0,0.0,0.0,0.0,0.0,0.0,80.1,0.0,0.0,0.0,0.0,402.0,0.0,68.0,18,1,0.6335952848722987,56.30867310341084,36.0,0.0,0.0,0.0,0.0,2
58.0,3.0,0.9864633661405192,0.0,0.0,0.0,0.0,0.0,0.0,0.0,0.0,0.0,0.0,78.8,0.0,0.0,0.0,0.0,588.0,0.0,60.0,18,1,0.6335952848722987,54.857390872456286,47.0,0.0,0.0,0.0,0.0,2
50.0,4.0,1.1529620681637451,0.0,0.0,0.0,0.0,0.0,0.0,0.0,0.0,0.0,0.0,78.0,0.0,0.0,0.0,0.0,502.0,0.0,44.0,19,1,0.6335952848722987,49.22059189675377,57.0,0.0,0.0,0.0,0.0,2
32.0,1.0,-1.000088900581841e-12,0.0,0.0,0.0,0.0,0.0,0.0,0.0,0.0,0.0,0.0,77.0,0.0,0.0,0.0,0.0,252.0,0.0,0.0,19,1,0.6335952848722987,38.24482535803743,65.0,0.0,0.0,0.0,0.0,2
4.0,1.0,-1.000088900581841e-12,0.0,0.0,0.0,0.0,0.0,0.0,0.0,0.0,0.0,0.0,77.0,68.0,0.0,0.0,0.0,0.0,0.0,0.0,20,1,0.6335952848722987,23.94437999475972,36.0,0.0,0.0,0.0,0.0,1
34.0,3.0,0.6779087256411981,0.0,0.0,0.0,0.0,0.0,0.0,0.0,0.0,0.0,0.0,77.0,0.0,0.0,0.0,0.0,428.0,0.0,26.0,20,1,0.6335952848722987,19.11369491577831,30.0,0.0,0.0,0.0,0.0,2
70.0,4.0,1.13714140410153,0.0,0.0,0.0,0.0,0.0,0.0,0.0,0.0,0.0,0.0,68.4,0.0,0.0,0.0,0.0,532.0,0.0,48.0,22,0,0.6335952848722987,18.211717839533502,50.5,0.0,0.0,0.0,0.0,2
0.0,0.0,0.0,0.0,0.0,0.0,0.0,0.0,0.0,0.0,0.0,0.0,0.0,0.0,62.0,0.0,0.0,0.0,0.0,0.0,0.0,23,0,0.6335952848722987,31.5383364600415,42.0,0.0,0.0,0.0,0.0,2
0.0,0.0,0.0,0.0,0.0,0.0,0.0,0.0,0.0,0.0,0.0,0.0,0.0,0.0,58.0,0.0,0.0,0.0,0.0,0.0,0.0,0,0,0.6335952848722987,33.60059523282462,26.5,0.0,0.0,0.0,0.0,2
0.0,0.0,0.0,0.0,0.0,0.0,0.0,0.0,0.0,0.0,0.0,0.0,0.0,0.0,58.0,0.0,0.0,0.0,0.0,0.0,0.0,2,0,0.6335952848722987,35.00000000000166,17.5,0.0,0.0,0.0,0.0,2
0.0,0.0,0.0,0.0,0.0,0.0,0.0,0.0,0.0,0.0,0.0,0.0,0.0,0.0,70.0,0.0,0.0,0.0,0.0,0.0,0.0,5,0,0.6335952848722987,0.0,0.0,0.0,0.0,0.0,0.0,2
0.0,0.0,0.0,0.0,0.0,0.0,0.0,0.0,0.0,0.0,0.0,0.0,0.0,0.0,0.0,0.0,0.0,0.0,0.0,0.0,0.0,7,0,0.6335952848722987,0.0,0.0,0.0,0.0,0.0,0.0,2
10.0,1.0,-1.000088900581841e-12,0.0,0.0,0.0,0.0,0.0,0.0,0.0,0.0,0.0,0.0,64.5,0.0,0.0,0.0,0.0,186.0,0.0,0.0,8,1,0.6335952848722987,5.000000000011626,2.5,0.0,0.0,0.0,0.0,2
62.0,5.0,1.420422643515655,0.0,0.0,0.0,0.0,0.0,0.0,0.0,0.0,0.0,0.0,62.55555555555556,0.0,0.0,0.0,0.0,288.0,0.0,72.0,8,1,0.6335952848722987,29.70970660687821,18.0,0.0,0.0,0.0,0.0,2
26.0,2.0,0.5402041423868609,0.0,0.0,0.0,0.0,0.0,0.0,0.0,0.0,0.0,0.0,58.125,0.0,0.0,0.0,0.0,92.0,0.0,0.0,9,1,0.6335952848722987,27.19681353884648,24.5,0.0,0.0,0.0,0.0,2
44.0,2.0,0.3983071138032841,0.0,0.0,0.0,0.0,0.0,0.0,0.0,0.0,0.0,0.0,57.16666666666666,0.0,0.0,0.0,0.0,96.0,0.0,16.0,9,1,0.6335952848722987,22.472205054246817,35.5,0.0,0.0,0.0,0.0,2
68.0,2.0,0.4175732119148012,0.0,0.0,0.0,0.0,0.0,0.0,0.0,0.0,0.0,0.0,57.0,0.0,0.0,0.0,0.0,296.0,0.0,18.0,10,1,0.6335952848722987,18.97366596101333,50.0,0.0,0.0,0.0,0.0,2
20.0,1.0,-1.000088900581841e-12,0.0,0.0,0.0,0.0,0.0,0.0,0.0,0.0,0.0,0.0,57.0,0.0,0.0,0.0,0.0,302.0,0.0,0.0,10,1,0.6335952848722987,21.56385865285052,39.5,0.0,0.0,0.0,0.0,2
38.0,2.0,0.336495757581516,0.0,0.0,0.0,0.0,0.0,0.0,0.0,0.0,0.0,0.0,57.0,0.0,0.0,0.0,0.0,606.0,0.0,54.0,11,1,0.6335952848722987,19.824227601601937,42.5,0.0,0.0,0.0,0.0,2
20.0,2.0,0.6730116670072565,0.0,0.0,0.0,0.0,0.0,0.0,0.0,0.0,0.0,0.0,56.333333333333336,0.0,0.0,0.0,0.0,100.0,0.0,38.0,11,1,0.6335952848722987,22.64950330581481,36.5,0.0,0.0,0.0,0.0,2
86.0,4.0,1.1206779906568085,0.0,0.0,0.0,0.0,0.0,0.0,0.0,0.0,0.0,0.0,56.0,0.0,0.0,0.0,0.0,622.0,0.0,80.0,12,1,0.6335952848722987,31.176914536241654,41.0,0.0,0.0,0.0,0.0,2
26.0,2.0,0.6901856760168041,0.0,0.0,0.0,0.0,0.0,0.0,0.0,0.0,0.0,0.0,55.0,0.0,0.0,0.0,0.0,310.0,0.0,40.0,12,1,0.6335952848722987,29.949958263745813,42.5,0.0,0.0,0.0,0.0,2
12.0,1.0,-1.000088900581841e-12,0.0,0.0,0.0,0.0,0.0,0.0,0.0,0.0,0.0,0.0,55.0,0.0,0.0,0.0,0.0,212.0,0.0,0.0,13,1,0.6335952848722987,33.823069050577246,36.0,0.0,0.0,0.0,0.0,2
28.0,2.0,0.410116318286409,0.0,0.0,0.0,0.0,0.0,0.0,0.0,0.0,0.0,0.0,55.0,0.0,0.0,0.0,0.0,316.0,0.0,28.0,13,1,0.6335952848722987,32.78210894171976,38.0,0.0,0.0,0.0,0.0,2
30.0,2.0,0.3926744672255522,0.0,0.0,0.0,0.0,0.0,0.0,0.0,0.0,0.0,0.0,55.0,0.0,0.0,0.0,0.0,312.0,0.0,0.0,14,1,0.6335952848722987,8.16496580928437,24.0,0.0,0.0,0.0,0.0,2
34.0,1.0,-1.000088900581841e-12,0.0,0.0,0.0,0.0,0.0,0.0,0.0,0.0,0.0,0.0,55.0,0.0,0.0,0.0,0.0,834.0,0.0,0.0,14,1,0.6335952848722987,9.660917830798969,26.0,0.0,0.0,0.0,0.0,2
30.0,2.0,0.5799151714161009,0.0,0.0,0.0,0.0,0.0,0.0,0.0,0.0,0.0,0.0,54.125,0.0,0.0,0.0,0.0,522.0,0.0,30.0,15,1,0.6335952848722987,2.51661147844665,30.5,0.0,0.0,0.0,0.0,2
12.0,1.0,-1.000088900581841e-12,0.0,0.0,0.0,0.0,0.0,0.0,0.0,0.0,0.0,0.0,54.0,0.0,0.0,0.0,0.0,0.0,0.0,0.0,15,1,0.6335952848722987,9.848857801801998,26.5,0.0,0.0,0.0,0.0,2
60.0,3.0,0.8156121939542631,0.0,0.0,0.0,0.0,0.0,0.0,0.0,0.0,0.0,0.0,53.333333333333336,0.0,0.0,0.0,0.0,210.0,0.0,22.0,16,1,0.6335952848722987,19.79898987322626,34.0,0.0,0.0,0.0,0.0,2
22.0,3.0,1.0361987848162837,0.0,0.0,0.0,0.0,0.0,0.0,0.0,0.0,0.0,0.0,51.57142857142857,0.0,0.0,0.0,0.0,220.0,0.0,18.0,16,1,0.6335952848722987,20.68816086558001,31.0,0.0,0.0,0.0,0.0,2
12.0,1.0,-1.000088900581841e-12,0.0,0.0,0.0,0.0,0.0,0.0,0.0,0.0,0.0,0.0,51.0,0.0,0.0,0.0,0.0,0.0,0.0,0.0,17,1,0.6335952848722987,22.8254244210292,26.5,0.0,0.0,0.0,0.0,2
54.0,4.0,1.311000345599613,0.0,0.0,0.0,0.0,0.0,0.0,0.0,0.0,0.0,0.0,50.142857142857146,0.0,0.0,0.0,0.0,110.0,0.0,32.0,17,1,0.6335952848722987,23.57965224510565,37.0,0.0,0.0,0.0,0.0,2
32.0,2.0,0.6210863745532451,0.0,0.0,0.0,0.0,0.0,0.0,0.0,0.0,0.0,0.0,45.71428571428572,0.0,0.0,0.0,0.0,0.0,0.0,0.0,18,1,0.6335952848722987,17.962924780413204,30.0,0.0,0.0,0.0,0.0,2
12.0,1.0,-1.000088900581841e-12,0.0,0.0,0.0,0.0,0.0,0.0,0.0,0.0,0.0,0.0,45.0,0.0,0.0,0.0,0.0,0.0,0.0,0.0,18,1,0.6335952848722987,20.024984394503687,27.5,0.0,0.0,0.0,0.0,2
56.0,3.0,0.7982042955768663,0.0,0.0,0.0,0.0,0.0,0.0,0.0,0.0,0.0,0.0,45.0,0.0,0.0,0.0,0.0,708.0,0.0,100.0,19,1,0.6335952848722987,20.74447717667161,38.5,0.0,0.0,0.0,0.0,2
42.0,3.0,1.012494711023758,0.0,0.0,0.0,0.0,0.0,0.0,0.0,0.0,0.0,0.0,45.0,0.0,0.0,0.0,0.0,590.0,0.0,58.0,19,1,0.6335952848722987,18.502252115173693,35.5,0.0,0.0,0.0,0.0,2
22.0,2.0,0.3046360973472382,0.0,0.0,0.0,0.0,0.0,0.0,0.0,0.0,0.0,0.0,44.142857142857146,0.0,0.0,0.0,0.0,358.0,0.0,36.0,20,1,0.6335952848722987,19.76528944050106,33.0,0.0,0.0,0.0,0.0,2
24.0,2.0,0.4505612088643047,0.0,0.0,0.0,0.0,0.0,0.0,0.0,0.0,0.0,0.0,44.0,0.0,0.0,0.0,0.0,118.0,0.0,18.0,20,1,0.6335952848722987,16.08311744242337,36.0,0.0,0.0,0.0,0.0,2
46.0,3.0,1.0850111574551502,0.0,0.0,0.0,0.0,0.0,0.0,0.0,0.0,0.0,0.0,43.3,0.0,0.0,0.0,0.0,728.0,0.0,56.0,21,0,0.6335952848722987,12.261049438504417,33.5,0.0,0.0,0.0,0.0,2
72.0,4.0,0.8770020638549834,0.0,0.0,0.0,0.0,0.0,0.0,0.0,0.0,0.0,0.0,41.875,0.0,0.0,0.0,0.0,364.0,0.0,24.0,21,0,0.6335952848722987,23.352373184185144,41.0,0.0,0.0,0.0,0.0,2
72.0,2.0,0.6682484776625386,0.0,0.0,0.0,56.0,0.0,0.0,0.0,0.0,0.0,0.0,36.0,0.0,0.0,0.0,0.0,248.0,0.0,16.0,22,0,0.6335952848722987,23.17326045251544,53.5,0.0,0.0,28.0,14.0,2
46.0,5.0,1.338565815904503,0.0,0.0,0.0,74.0,0.0,0.0,0.0,0.0,0.0,0.0,30.571428571428573,0.0,0.0,0.0,0.0,612.0,0.0,112.0,22,0,0.6335952848722987,15.011106998934132,59.0,0.0,0.0,38.240467221692434,32.5,2
34.0,2.0,0.5455945739671844,0.0,0.0,0.0,0.0,0.0,0.0,0.0,0.0,0.0,0.0,29.5,0.0,0.0,0.0,0.0,232.0,0.0,42.0,23,0,0.6335952848722987,19.1136949157783,56.0,0.0,0.0,38.240467221692434,32.5,2
48.0,3.0,0.9002560512655369,0.0,0.0,0.0,0.0,0.0,0.0,0.0,0.0,0.0,0.0,28.625,0.0,0.0,0.0,0.0,882.0,0.0,68.0,23,0,0.6335952848722987,15.916448515088073,50.0,0.0,0.0,38.240467221692434,32.5,2
42.0,2.0,0.6829081046984717,0.0,0.0,0.0,0.0,0.0,0.0,0.0,0.0,0.0,0.0,28.0,0.0,0.0,0.0,0.0,126.0,0.0,20.0,0,0,0.6335952848722987,6.191391873678267,42.5,0.0,0.0,37.0,18.5,2
362.0,4.0,0.281353704146157,0.0,0.0,0.0,0.0,0.0,0.0,0.0,0.0,0.0,132.0,31.85,0.0,0.0,0.0,0.0,1040.0,0.0,76.0,0,0,0.6335952848722987,160.4358646520995,121.5,0.0,0.0,0.0,0.0,2
716.0,1.0,-1.000088900581841e-12,0.0,0.0,0.0,0.0,0.0,0.0,0.0,0.0,0.0,0.0,60.6,0.0,0.0,0.0,0.0,0.0,0.0,0.0,1,0,0.6335952848722987,319.7457323144962,292.0,0.0,0.0,0.0,0.0,2
410.0,1.0,-1.000088900581841e-12,0.0,0.0,0.0,0.0,0.0,0.0,0.0,0.0,0.0,0.0,90.74074074074076,0.0,0.0,0.0,0.0,258.0,0.0,0.0,1,0,0.6335952848722987,275.8858459580704,382.5,0.0,0.0,0.0,0.0,2
0.0,0.0,0.0,0.0,0.0,0.0,0.0,0.0,0.0,0.0,0.0,0.0,0.0,0.0,64.0,0.0,0.0,0.0,0.0,0.0,0.0,3,0,0.6335952848722987,293.4075663646051,372.0,0.0,0.0,0.0,0.0,2
0.0,0.0,0.0,0.0,0.0,0.0,0.0,0.0,0.0,0.0,0.0,0.0,0.0,0.0,86.0,0.0,0.0,0.0,0.0,0.0,0.0,4,0,0.6335952848722987,348.2274161138572,281.5,0.0,0.0,0.0,0.0,2
0.0,0.0,0.0,0.0,0.0,0.0,0.0,0.0,0.0,0.0,0.0,0.0,0.0,0.0,80.0,0.0,0.0,0.0,0.0,0.0,0.0,6,0,0.6335952848722987,205.00000000000023,102.5,0.0,0.0,0.0,0.0,2
70.0,4.0,1.3280834098623329,0.0,0.0,0.0,0.0,0.0,0.0,0.0,0.0,0.0,0.0,91.75,0.0,0.0,0.0,0.0,268.0,0.0,60.0,9,1,0.6335952848722987,35.00000000000159,17.5,0.0,0.0,0.0,0.0,2
12.0,1.0,-1.000088900581841e-12,0.0,0.0,0.0,0.0,0.0,0.0,0.0,0.0,0.0,0.0,89.33333333333333,0.0,0.0,0.0,0.0,0.0,0.0,0.0,10,1,0.6335952848722987,33.48133808556808,20.5,0.0,0.0,0.0,0.0,2
46.0,4.0,1.0686175394935002,0.0,0.0,0.0,0.0,0.0,0.0,0.0,0.0,0.0,0.0,88.55555555555556,0.0,0.0,0.0,0.0,254.0,0.0,56.0,10,1,0.6335952848722987,31.958306171220105,32.0,0.0,0.0,0.0,0.0,2
124.0,3.0,0.7369838829268669,0.0,0.0,0.0,0.0,0.0,0.0,0.0,0.0,0.0,0.0,83.64285714285714,0.0,0.0,0.0,0.0,930.0,0.0,60.0,11,1,0.6335952848722987,47.116875957560175,63.0,0.0,0.0,0.0,0.0,2
12.0,1.0,-1.000088900581841e-12,0.0,0.0,0.0,0.0,0.0,0.0,0.0,0.0,0.0,0.0,82.5,0.0,0.0,0.0,0.0,0.0,0.0,0.0,11,1,0.6335952848722987,52.82360583426168,48.5,0.0,0.0,0.0,0.0,2
26.0,2.0,0.6901856760168041,0.0,0.0,0.0,0.0,0.0,0.0,0.0,0.0,0.0,0.0,81.71428571428571,0.0,0.0,0.0,0.0,268.0,0.0,36.0,12,1,0.6335952848722987,49.98666488841578,52.0,0.0,0.0,0.0,0.0,2
20.0,2.0,0.3250829733894482,0.0,0.0,0.0,0.0,0.0,0.0,0.0,0.0,0.0,0.0,81.0,0.0,0.0,0.0,0.0,556.0,0.0,22.0,12,1,0.6335952848722987,52.64662065761466,45.5,0.0,0.0,0.0,0.0,2
108.0,4.0,0.9408266923974412,0.0,0.0,0.0,0.0,0.0,0.0,0.0,0.0,0.0,0.0,79.53333333333333,0.0,0.0,0.0,0.0,1408.0,0.0,54.0,13,1,0.6335952848722987,44.70272176650372,41.5,0.0,0.0,0.0,0.0,2
78.0,3.0,1.092524383818715,0.0,0.0,0.0,0.0,0.0,0.0,0.0,0.0,0.0,0.0,77.54545454545455,0.0,0.0,0.0,0.0,568.0,0.0,30.0,13,1,0.6335952848722987,42.300512211242136,58.0,0.0,0.0,0.0,0.0,2
76.0,2.0,0.336495757581516,0.0,0.0,0.0,0.0,0.0,0.0,0.0,0.0,0.0,0.0,76.41666666666667,0.0,0.0,0.0,0.0,1262.0,0.0,78.0,14,1,0.6335952848722987,36.710579764786864,70.5,0.0,0.0,0.0,0.0,2
242.0,5.0,1.475535278434493,0.0,0.0,0.0,0.0,0.0,0.0,0.0,0.0,0.0,0.0,72.4,0.0,0.0,0.0,0.0,730.0,0.0,144.0,14,1,0.6335952848722987,78.70620475328981,126.0,0.0,0.0,0.0,0.0,2
44.0,2.0,0.3046360973472382,0.0,0.0,0.0,0.0,0.0,0.0,0.0,0.0,0.0,0.0,70.0,0.0,0.0,0.0,0.0,574.0,0.0,34.0,15,1,0.6335952848722987,89.36815241833513,110.0,0.0,0.0,0.0,0.0,2
94.0,3.0,0.641338449517451,0.0,0.0,0.0,0.0,0.0,0.0,0.0,0.0,0.0,0.0,69.3076923076923,0.0,0.0,0.0,0.0,1378.0,0.0,226.0,15,1,0.6335952848722987,87.80280937039228,114.0,0.0,0.0,0.0,0.0,2
94.0,5.0,1.5862727687307543,0.0,0.0,0.0,0.0,0.0,0.0,0.0,0.0,0.0,0.0,67.33333333333333,0.0,0.0,0.0,0.0,1226.0,0.0,164.0,16,1,0.6335952848722987,85.64072240081494,118.5,0.0,0.0,0.0,0.0,2
138.0,5.0,1.3586897017256367,0.0,0.0,0.0,0.0,0.0,0.0,0.0,0.0,0.0,0.0,65.41176470588235,0.0,0.0,0.0,0.0,1550.0,0.0,224.0,16,1,0.6335952848722987,38.41440701959071,92.5,0.0,0.0,0.0,0.0,2
62.0,1.0,-1.000088900581841e-12,0.0,0.0,0.0,0.0,0.0,0.0,0.0,0.0,0.0,0.0,63.66666666666666,0.0,0.0,0.0,0.0,616.0,0.0,66.0,17,1,0.6335952848722987,31.2196519305834,97.0,0.0,0.0,0.0,0.0,2
36.0,2.0,0.4505612088643047,0.0,0.0,0.0,0.0,0.0,0.0,0.0,0.0,0.0,0.0,62.11111111111112,0.0,0.0,0.0,0.0,476.0,0.0,26.0,17,1,0.6335952848722987,43.95072999014669,82.5,0.0,0.0,0.0,0.0,2
22.0,4.0,1.0335620542028177,0.0,0.0,0.0,0.0,0.0,0.0,0.0,0.0,0.0,0.0,60.42857142857143,0.0,0.0,0.0,0.0,308.0,0.0,68.0,18,1,0.6335952848722987,51.72684667236908,64.5,0.0,0.0,0.0,0.0,2
26.0,1.0,-1.000088900581841e-12,0.0,0.0,0.0,0.0,0.0,0.0,0.0,0.0,0.0,0.0,60.0,0.0,0.0,0.0,0.0,620.0,0.0,24.0,18,1,0.6335952848722987,17.990738358021332,36.5,0.0,0.0,0.0,0.0,2
118.0,5.0,1.2274145042015157,0.0,0.0,0.0,0.0,0.0,0.0,0.0,0.0,0.0,0.0,58.63636363636363,0.0,0.0,0.0,0.0,796.0,0.0,122.0,19,1,0.6335952848722987,45.38355061767182,50.5,0.0,0.0,0.0,0.0,2
12.0,1.0,-1.000088900581841e-12,0.0,0.0,0.0,0.0,0.0,0.0,0.0,0.0,0.0,0.0,57.0,0.0,0.0,0.0,0.0,0.0,0.0,0.0,19,1,0.6335952848722987,49.35247376441003,44.5,0.0,0.0,0.0,0.0,2
52.0,6.0,1.4817951716175646,0.0,0.0,0.0,0.0,0.0,0.0,0.0,0.0,0.0,0.0,56.9,0.0,0.0,0.0,0.0,966.0,0.0,142.0,20,1,0.6335952848722987,47.017727153349085,52.0,0.0,0.0,0.0,0.0,2
186.0,7.0,1.6930014313393644,0.0,0.0,0.0,0.0,0.0,0.0,0.0,0.0,0.0,0.0,51.94736842105263,0.0,164.0,0.0,0.0,1758.0,0.0,128.0,20,1,0.6335952848722987,76.4024432419111,92.0,0.0,0.0,0.0,0.0,2
258.0,4.0,0.9422213669257316,0.0,0.0,0.0,0.0,0.0,0.0,0.0,0.0,0.0,0.0,46.69565217391305,0.0,0.0,0.0,0.0,482.0,0.0,0.0,21,0,0.6335952848722987,114.73447607410824,127.0,0.0,0.0,0.0,0.0,2
62.0,4.0,1.084550285874154,0.0,0.0,0.0,0.0,0.0,0.0,0.0,0.0,0.0,0.0,41.90909090909091,0.0,0.0,0.0,0.0,798.0,0.0,0.0,21,0,0.6335952848722987,99.7780871066728,139.5,0.0,0.0,0.0,0.0,2
162.0,4.0,1.2127980916971004,0.0,0.0,0.0,0.0,0.0,0.0,0.0,0.0,0.0,0.0,37.88235294117647,0.0,0.0,0.0,0.0,848.0,0.0,140.0,22,0,0.6335952848722987,81.01851640211709,167.0,0.0,0.0,0.0,0.0,2
12.0,1.0,-1.000088900581841e-12,0.0,0.0,0.0,0.0,0.0,0.0,0.0,0.0,0.0,0.0,35.0,0.0,0.0,0.0,0.0,164.0,0.0,0.0,22,0,0.6335952848722987,109.21996154549824,123.5,0.0,0.0,0.0,0.0,2
114.0,8.0,1.95861828186698,0.0,0.0,0.0,0.0,0.0,0.0,0.0,0.0,0.0,0.0,32.63636363636363,0.0,0.0,0.0,0.0,848.0,0.0,58.0,23,0,0.6335952848722987,64.8151216923961,87.5,0.0,0.0,0.0,0.0,2
304.0,7.0,0.6399408399418058,0.0,0.0,0.0,0.0,0.0,0.0,0.0,0.0,0.0,176.0,28.55555555555556,0.0,0.0,346.0,6.0,1034.0,0.0,116.0,23,0,0.6335952848722987,121.358971650225,148.0,0.0,0.0,0.0,0.0,2
716.0,1.0,-1.000088900581841e-12,0.0,0.0,0.0,0.0,0.0,0.0,0.0,0.0,0.0,0.0,54.86666666666667,0.0,0.0,0.0,0.0,0.0,0.0,0.0,0,0,0.6335952848722987,310.8499101924702,286.5,0.0,0.0,0.0,0.0,2
710.0,1.0,-1.000088900581841e-12,0.0,0.0,0.0,0.0,0.0,0.0,0.0,0.0,0.0,0.0,85.83333333333333,0.0,0.0,0.0,0.0,0.0,0.0,0.0,0,0,0.6335952848722987,301.15555227600703,461.0,0.0,0.0,0.0,0.0,2
0.0,0.0,0.0,0.0,0.0,0.0,0.0,0.0,0.0,0.0,0.0,0.0,0.0,98.4,0.0,0.0,0.0,0.0,0.0,0.0,0.0,1,0,0.6335952848722987,346.8654878575653,432.5,0.0,0.0,0.0,0.0,2
0.0,0.0,0.0,0.0,0.0,0.0,0.0,0.0,0.0,0.0,0.0,0.0,0.0,100.0,0.0,0.0,0.0,0.0,0.0,0.0,0.0,1,0,0.6335952848722987,411.6580295990028,356.5,0.0,0.0,0.0,0.0,2
0.0,0.0,0.0,0.0,0.0,0.0,0.0,0.0,0.0,0.0,0.0,0.0,0.0,100.0,0.0,0.0,0.0,0.0,0.0,0.0,0.0,2,0,0.6335952848722987,355.00000000000017,177.5,0.0,0.0,0.0,0.0,2
0.0,0.0,0.0,0.0,0.0,0.0,0.0,0.0,0.0,0.0,0.0,0.0,0.0,100.0,0.0,0.0,0.0,0.0,0.0,0.0,0.0,2,0,0.6335952848722987,0.0,0.0,0.0,0.0,0.0,0.0,2
0.0,0.0,0.0,0.0,0.0,0.0,0.0,0.0,0.0,0.0,0.0,0.0,0.0,100.0,0.0,0.0,0.0,0.0,0.0,0.0,0.0,3,0,0.6335952848722987,0.0,0.0,0.0,0.0,0.0,0.0,2
0.0,0.0,0.0,0.0,0.0,0.0,0.0,0.0,0.0,0.0,0.0,0.0,0.0,100.0,0.0,0.0,0.0,0.0,0.0,0.0,0.0,3,0,0.6335952848722987,0.0,0.0,0.0,0.0,0.0,0.0,2
0.0,0.0,0.0,0.0,0.0,0.0,0.0,0.0,0.0,0.0,0.0,0.0,0.0,100.0,0.0,0.0,0.0,0.0,0.0,0.0,0.0,4,0,0.6335952848722987,0.0,0.0,0.0,0.0,0.0,0.0,2
0.0,0.0,0.0,0.0,0.0,0.0,0.0,0.0,0.0,0.0,0.0,0.0,0.0,100.0,0.0,0.0,0.0,0.0,0.0,0.0,0.0,4,0,0.6335952848722987,0.0,0.0,0.0,0.0,0.0,0.0,2
0.0,0.0,0.0,0.0,0.0,0.0,0.0,0.0,0.0,0.0,0.0,0.0,0.0,100.0,0.0,0.0,0.0,0.0,0.0,0.0,0.0,5,0,0.6335952848722987,0.0,0.0,0.0,0.0,0.0,0.0,2
0.0,0.0,0.0,0.0,0.0,0.0,0.0,0.0,0.0,0.0,0.0,0.0,0.0,100.0,0.0,0.0,0.0,0.0,0.0,0.0,0.0,5,0,0.6335952848722987,0.0,0.0,0.0,0.0,0.0,0.0,2
0.0,0.0,0.0,0.0,0.0,0.0,0.0,0.0,0.0,0.0,0.0,0.0,0.0,100.0,0.0,0.0,0.0,0.0,0.0,0.0,0.0,6,0,0.6335952848722987,0.0,0.0,0.0,0.0,0.0,0.0,2
0.0,0.0,0.0,0.0,0.0,0.0,0.0,0.0,0.0,0.0,0.0,0.0,0.0,100.0,0.0,0.0,0.0,0.0,0.0,0.0,0.0,6,0,0.6335952848722987,0.0,0.0,0.0,0.0,0.0,0.0,2
0.0,0.0,0.0,0.0,0.0,0.0,0.0,0.0,0.0,0.0,0.0,0.0,0.0,100.0,0.0,0.0,0.0,0.0,0.0,0.0,0.0,7,0,0.6335952848722987,0.0,0.0,0.0,0.0,0.0,0.0,2
12.0,1.0,-1.000088900581841e-12,0.0,0.0,0.0,0.0,0.0,0.0,0.0,0.0,0.0,0.0,100.0,0.0,0.0,0.0,0.0,174.0,0.0,0.0,7,0,0.6335952848722987,6.000000000009702,3.0,0.0,0.0,0.0,0.0,2
94.0,5.0,1.303066568077622,0.0,0.0,0.0,0.0,0.0,0.0,0.0,0.0,0.0,0.0,99.9090909090909,0.0,0.0,0.0,0.0,518.0,0.0,108.0,8,1,0.6335952848722987,45.35416188179555,26.5,0.0,0.0,0.0,0.0,2
42.0,5.0,1.5256715197583526,0.0,0.0,0.0,0.0,0.0,0.0,0.0,0.0,0.0,0.0,97.44444444444444,0.0,0.0,0.0,0.0,354.0,0.0,80.0,8,1,0.6335952848722987,41.90465367951531,37.0,0.0,0.0,0.0,0.0,2
36.0,2.0,0.6682484776625386,0.0,0.0,0.0,0.0,0.0,0.0,0.0,0.0,0.0,0.0,96.11111111111111,0.0,0.0,0.0,0.0,526.0,0.0,62.0,9,1,0.6335952848722987,34.52535300326582,46.0,0.0,0.0,0.0,0.0,2
58.0,3.0,0.779277120601701,0.0,0.0,0.0,0.0,0.0,0.0,0.0,0.0,0.0,0.0,94.9,0.0,0.0,0.0,0.0,702.0,0.0,108.0,9,1,0.6335952848722987,26.04483314082564,57.5,0.0,0.0,0.0,0.0,2
30.0,3.0,0.8823109245120756,0.0,0.0,0.0,0.0,0.0,0.0,0.0,0.0,0.0,0.0,94.0,0.0,0.0,0.0,0.0,528.0,0.0,88.0,10,1,0.6335952848722987,12.041594578797127,41.5,0.0,0.0,0.0,0.0,2
28.0,1.0,-1.000088900581841e-12,0.0,0.0,0.0,0.0,0.0,0.0,0.0,0.0,0.0,0.0,92.0,0.0,0.0,0.0,0.0,164.0,0.0,38.0,11,1,0.6335952848722987,14.364307617614212,36.5,0.0,0.0,0.0,0.0,2
80.0,5.0,1.089347601973552,0.0,0.0,0.0,60.0,0.0,0.0,0.0,0.0,0.0,0.0,90.42857142857144,0.0,0.0,0.0,0.0,2302.0,0.0,164.0,12,1,0.6335952848722987,25.35087112244436,42.0,0.0,0.0,30.0,15.0,2
70.0,4.0,1.0691371730204615,0.0,0.0,0.0,0.0,0.0,0.0,0.0,0.0,0.0,0.0,85.18181818181819,0.0,0.0,0.0,0.0,2050.0,0.0,128.0,13,1,0.6335952848722987,53.55059912518985,84.5,0.0,0.0,84.8528137423857,60.0,2
226.0,1.0,-1.000088900581841e-12,0.0,0.0,0.0,0.0,0.0,0.0,0.0,0.0,0.0,0.0,81.76,0.0,0.0,0.0,0.0,372.0,0.0,60.0,14,1,0.6335952848722987,77.93159393553714,129.0,0.0,0.0,90.0,45.0,2
12.0,1.0,-1.000088900581841e-12,0.0,0.0,0.0,0.0,0.0,0.0,0.0,0.0,0.0,0.0,78.0,0.0,0.0,0.0,0.0,0.0,0.0,0.0,15,1,0.6335952848722987,96.20117809396504,85.0,0.0,0.0,0.0,0.0,2
40.0,3.0,0.8568409950364726,0.0,0.0,0.0,0.0,0.0,0.0,0.0,0.0,0.0,0.0,77.57142857142857,0.0,0.0,0.0,0.0,374.0,0.0,32.0,16,1,0.6335952848722987,13.892443989453966,28.5,0.0,0.0,0.0,0.0,2
12.0,1.0,-1.000088900581841e-12,0.0,0.0,0.0,0.0,0.0,0.0,0.0,0.0,0.0,0.0,74.5,0.0,0.0,0.0,0.0,0.0,0.0,0.0,17,1,0.6335952848722987,22.825424421029187,34.5,0.0,0.0,0.0,0.0,2
12.0,1.0,-1.000088900581841e-12,0.0,0.0,0.0,0.0,0.0,0.0,0.0,0.0,0.0,0.0,72.33333333333333,0.0,0.0,0.0,0.0,0.0,0.0,0.0,18,1,0.6335952848722987,25.890796305510747,33.5,0.0,0.0,0.0,0.0,2
122.0,4.0,1.2324259739420562,0.0,0.0,0.0,0.0,0.0,0.0,0.0,0.0,0.0,0.0,66.53333333333333,0.0,0.0,0.0,0.0,1986.0,0.0,192.0,19,1,0.6335952848722987,120.1485192029714,115.5,0.0,0.0,0.0,0.0,2
34.0,1.0,-1.000088900581841e-12,0.0,0.0,0.0,0.0,0.0,0.0,0.0,0.0,0.0,0.0,63.0,0.0,0.0,0.0,0.0,580.0,0.0,0.0,20,1,0.6335952848722987,104.98888830093776,135.0,0.0,0.0,0.0,0.0,2
100.0,4.0,1.2322317767420223,0.0,0.0,0.0,0.0,0.0,0.0,0.0,0.0,0.0,0.0,62.75,0.0,0.0,408.0,12.0,2396.0,0.0,236.0,21,0,0.6335952848722987,43.79878232706304,63.5,0.0,0.0,0.0,0.0,2
124.0,5.0,1.3187145814163337,0.0,0.0,0.0,0.0,0.0,0.0,0.0,0.0,0.0,0.0,54.1875,0.0,0.0,414.0,6.0,588.0,0.0,44.0,22,0,0.6335952848722987,47.69346566005434,88.0,0.0,0.0,0.0,0.0,2
184.0,3.0,0.818449941939819,0.0,0.0,0.0,142.0,0.0,0.0,0.0,0.0,0.0,208.0,42.0,0.0,0.0,0.0,0.0,814.0,0.0,82.0,23,0,0.6335952848722987,32.18177538090127,140.5,0.0,0.0,71.0,35.5,2
488.0,1.0,-1.000088900581841e-12,0.0,0.0,0.0,0.0,0.0,0.0,0.0,0.0,0.0,0.0,91.4,0.0,0.0,0.0,0.0,0.0,0.0,0.0,0,0,0.6335952848722987,266.68083295705145,381.0,0.0,0.0,71.0,35.5,2
0.0,0.0,0.0,0.0,0.0,0.0,0.0,0.0,0.0,0.0,0.0,0.0,0.0,100.0,0.0,0.0,0.0,0.0,0.0,0.0,0.0,1,0,0.6335952848722987,356.7464085313265,299.0,0.0,0.0,0.0,0.0,2
0.0,0.0,0.0,0.0,0.0,0.0,0.0,0.0,0.0,0.0,0.0,0.0,0.0,100.0,0.0,0.0,0.0,0.0,0.0,0.0,0.0,2,0,0.6335952848722987,0.0,0.0,0.0,0.0,0.0,0.0,2
0.0,0.0,0.0,0.0,0.0,0.0,0.0,0.0,0.0,0.0,0.0,0.0,0.0,100.0,0.0,0.0,0.0,0.0,0.0,0.0,0.0,3,0,0.6335952848722987,0.0,0.0,0.0,0.0,0.0,0.0,2
0.0,0.0,0.0,0.0,0.0,0.0,0.0,0.0,0.0,0.0,0.0,0.0,0.0,100.0,0.0,0.0,0.0,0.0,0.0,0.0,0.0,4,0,0.6335952848722987,0.0,0.0,0.0,0.0,0.0,0.0,2
0.0,0.0,0.0,0.0,0.0,0.0,0.0,0.0,0.0,0.0,0.0,0.0,0.0,100.0,0.0,0.0,0.0,0.0,0.0,0.0,0.0,5,0,0.6335952848722987,0.0,0.0,0.0,0.0,0.0,0.0,2
0.0,0.0,0.0,0.0,0.0,0.0,0.0,0.0,0.0,0.0,0.0,0.0,0.0,100.0,0.0,0.0,0.0,0.0,0.0,0.0,0.0,6,0,0.6335952848722987,0.0,0.0,0.0,0.0,0.0,0.0,2
46.0,2.0,0.3872123751843606,0.0,0.0,0.0,0.0,0.0,0.0,0.0,0.0,0.0,0.0,89.7,0.0,0.0,0.0,0.0,1056.0,0.0,148.0,11,1,0.6335952848722987,13.711309200806358,51.0,0.0,0.0,0.0,0.0,2
106.0,6.0,1.4971875661102565,0.0,0.0,0.0,0.0,0.0,0.0,0.0,0.0,0.0,0.0,85.27272727272727,0.0,0.0,0.0,0.0,1520.0,0.0,196.0,12,1,0.6335952848722987,33.70459909270717,56.0,0.0,0.0,0.0,0.0,2
48.0,2.0,0.1732052067471771,0.0,0.0,0.0,0.0,0.0,0.0,0.0,0.0,0.0,0.0,80.0,0.0,0.0,0.0,0.0,1090.0,0.0,36.0,13,1,0.6335952848722987,47.620023799519295,82.5,0.0,0.0,0.0,0.0,2
80.0,4.0,1.307737552593503,0.0,0.0,0.0,0.0,0.0,0.0,0.0,0.0,0.0,0.0,79.0,0.0,0.0,0.0,0.0,1282.0,0.0,112.0,14,1,0.6335952848722987,46.20245303733108,75.0,0.0,0.0,0.0,0.0,2
30.0,2.0,0.6365141682928128,0.0,0.0,0.0,0.0,0.0,0.0,0.0,0.0,0.0,0.0,75.5,0.0,0.0,0.0,0.0,222.0,0.0,36.0,15,1,0.6335952848722987,64.1456675596005,78.0,0.0,0.0,0.0,0.0,2
72.0,2.0,0.6869615765953234,0.0,0.0,0.0,0.0,0.0,0.0,0.0,0.0,0.0,0.0,73.18181818181819,0.0,0.0,0.0,0.0,648.0,0.0,0.0,16,1,0.6335952848722987,58.0689245638329,87.0,0.0,0.0,0.0,0.0,2
26.0,2.0,0.5402041423868609,0.0,0.0,0.0,0.0,0.0,0.0,0.0,0.0,0.0,0.0,73.0,108.0,0.0,0.0,0.0,444.0,0.0,40.0,17,1,0.6335952848722987,30.87069808086815,48.5,0.0,0.0,0.0,0.0,2
92.0,7.0,1.511495690203135,0.0,0.0,0.0,0.0,0.0,0.0,0.0,0.0,0.0,0.0,64.35714285714286,0.0,0.0,0.0,0.0,36.0,0.0,16.0,20,1,0.6335952848722987,33.040379336000115,42.5,0.0,0.0,0.0,0.0,2
120.0,6.0,1.3589223483813897,0.0,0.0,0.0,0.0,0.0,0.0,0.0,0.0,0.0,0.0,54.72727272727273,0.0,0.0,0.0,0.0,28.0,0.0,12.0,21,0,0.6335952848722987,40.31542302064372,79.0,0.0,0.0,0.0,0.0,2
58.0,4.0,1.1774940087089405,0.0,0.0,0.0,0.0,0.0,0.0,0.0,0.0,0.0,0.0,47.7,0.0,0.0,0.0,0.0,40.0,0.0,6.0,22,0,0.6335952848722987,43.40122886125211,68.5,0.0,0.0,0.0,0.0,2
62.0,3.0,0.5785328437119682,0.0,0.0,0.0,0.0,0.0,0.0,0.0,0.0,0.0,0.0,33.36363636363637,0.0,0.0,0.0,0.0,0.0,0.0,0.0,23,0,0.6335952848722987,22.06052281036837,49.0,0.0,0.0,0.0,0.0,2
718.0,1.0,-1.000088900581841e-12,0.0,0.0,0.0,0.0,0.0,0.0,0.0,0.0,0.0,0.0,43.833333333333336,0.0,0.0,0.0,0.0,0.0,0.0,0.0,0,0,0.6335952848722987,319.3848253544097,241.0,0.0,0.0,0.0,0.0,2
0.0,0.0,0.0,0.0,0.0,0.0,0.0,0.0,0.0,0.0,0.0,0.0,0.0,94.4,0.0,0.0,0.0,0.0,0.0,0.0,0.0,1,0,0.6335952848722987,358.7496806038069,368.0,0.0,0.0,0.0,0.0,2
0.0,0.0,0.0,0.0,0.0,0.0,0.0,0.0,0.0,0.0,0.0,0.0,0.0,100.0,0.0,0.0,0.0,0.0,0.0,0.0,0.0,2,0,0.6335952848722987,315.00000000000017,157.5,0.0,0.0,0.0,0.0,2
0.0,0.0,0.0,0.0,0.0,0.0,0.0,0.0,0.0,0.0,0.0,0.0,0.0,100.0,0.0,0.0,0.0,0.0,0.0,0.0,0.0,3,0,0.6335952848722987,0.0,0.0,0.0,0.0,0.0,0.0,2
0.0,0.0,0.0,0.0,0.0,0.0,0.0,0.0,0.0,0.0,0.0,0.0,0.0,100.0,0.0,0.0,0.0,0.0,0.0,0.0,0.0,4,0,0.6335952848722987,0.0,0.0,0.0,0.0,0.0,0.0,2
0.0,0.0,0.0,0.0,0.0,0.0,0.0,0.0,0.0,0.0,0.0,0.0,0.0,100.0,0.0,0.0,0.0,0.0,0.0,0.0,0.0,5,0,0.6335952848722987,0.0,0.0,0.0,0.0,0.0,0.0,2
0.0,0.0,0.0,0.0,0.0,0.0,0.0,0.0,0.0,0.0,0.0,0.0,0.0,100.0,0.0,0.0,0.0,0.0,0.0,0.0,0.0,6,0,0.6335952848722987,0.0,0.0,0.0,0.0,0.0,0.0,2
0.0,0.0,0.0,0.0,0.0,0.0,0.0,0.0,0.0,0.0,0.0,0.0,0.0,100.0,0.0,0.0,0.0,0.0,0.0,0.0,0.0,7,0,0.6335952848722987,0.0,0.0,0.0,0.0,0.0,0.0,2
58.0,5.0,1.3847132222234435,0.0,0.0,0.0,0.0,0.0,0.0,0.0,0.0,0.0,0.0,99.0,0.0,0.0,0.0,0.0,28.0,0.0,12.0,8,1,0.6335952848722987,34.07345007480335,29.5,0.0,0.0,0.0,0.0,2
38.0,1.0,-1.000088900581841e-12,0.0,0.0,0.0,0.0,0.0,0.0,0.0,0.0,0.0,0.0,88.42857142857143,0.0,0.0,0.0,0.0,20.0,0.0,4.0,9,1,0.6335952848722987,23.23072677870374,62.5,0.0,0.0,0.0,0.0,2
12.0,1.0,-1.000088900581841e-12,0.0,0.0,0.0,0.0,0.0,0.0,0.0,0.0,0.0,0.0,85.0,0.0,0.0,0.0,0.0,20.0,0.0,0.0,10,1,0.6335952848722987,37.77124126457566,40.0,0.0,0.0,0.0,0.0,2
18.0,2.0,0.6869615765953234,0.0,0.0,0.0,0.0,0.0,0.0,0.0,0.0,0.0,0.0,81.0,0.0,0.0,0.0,0.0,130.0,0.0,62.0,11,1,0.6335952848722987,13.564659966254828,22.0,0.0,0.0,0.0,0.0,2
34.0,5.0,1.4828233757630689,0.0,0.0,0.0,0.0,0.0,0.0,0.0,0.0,0.0,0.0,77.88888888888889,0.0,0.0,0.0,0.0,78.0,0.0,6.0,12,1,0.6335952848722987,13.216151734403743,27.0,0.0,0.0,0.0,0.0,2
26.0,2.0,0.5402041423868609,0.0,0.0,0.0,0.0,0.0,0.0,0.0,0.0,0.0,0.0,74.625,0.0,0.0,0.0,0.0,112.0,0.0,26.0,13,1,0.6335952848722987,9.000000000006468,26.5,0.0,0.0,0.0,0.0,2
12.0,1.0,-1.000088900581841e-12,0.0,0.0,0.0,0.0,0.0,0.0,0.0,0.0,0.0,0.0,71.66666666666667,0.0,0.0,0.0,0.0,56.0,0.0,0.0,14,1,0.6335952848722987,9.591663046631508,21.0,0.0,0.0,0.0,0.0,2
12.0,1.0,-1.000088900581841e-12,0.0,0.0,0.0,0.0,0.0,0.0,0.0,0.0,0.0,0.0,71.0,0.0,0.0,0.0,0.0,0.0,0.0,8.0,15,1,0.6335952848722987,12.70170592217635,19.0,0.0,0.0,0.0,0.0,2
28.0,3.0,0.8760057656401736,0.0,0.0,0.0,0.0,0.0,0.0,0.0,0.0,0.0,0.0,69.5,0.0,0.0,0.0,0.0,0.0,0.0,0.0,16,1,0.6335952848722987,12.274635093019388,23.0,0.0,0.0,0.0,0.0,2
20.0,1.0,-1.000088900581841e-12,0.0,0.0,0.0,0.0,0.0,0.0,0.0,0.0,0.0,0.0,58.0,0.0,0.0,0.0,0.0,38.0,0.0,0.0,21,0,0.6335952848722987,9.591663046631504,15.0,0.0,0.0,0.0,0.0,2
0.0,0.0,0.0,0.0,0.0,0.0,0.0,0.0,0.0,0.0,0.0,0.0,0.0,0.0,30.0,0.0,0.0,0.0,0.0,0.0,0.0,0,0,0.6335952848722987,13.503086067023704,11.5,0.0,0.0,0.0,0.0,2
20.0,2.0,0.6108643020528935,0.0,0.0,0.0,0.0,0.0,0.0,0.0,0.0,0.0,0.0,55.0,0.0,0.0,0.0,0.0,38.0,0.0,2.0,8,1,0.6335952848722987,10.000000000005816,5.0,0.0,0.0,0.0,0.0,2
36.0,2.0,0.6682484776625386,0.0,0.0,0.0,0.0,0.0,0.0,0.0,0.0,0.0,0.0,53.0,0.0,0.0,0.0,0.0,226.0,0.0,30.0,9,1,0.6335952848722987,36.7468819538944,35.5,0.0,0.0,0.0,0.0,2
12.0,1.0,-1.000088900581841e-12,0.0,0.0,0.0,0.0,0.0,0.0,0.0,0.0,0.0,0.0,52.16666666666666,0.0,0.0,0.0,0.0,68.0,0.0,4.0,10,1,0.6335952848722987,34.88552708502648,36.5,0.0,0.0,0.0,0.0,2
32.0,3.0,1.0717300941094527,0.0,0.0,0.0,0.0,0.0,0.0,0.0,0.0,0.0,0.0,50.142857142857146,0.0,0.0,0.0,0.0,96.0,0.0,18.0,11,1,0.6335952848722987,9.521904571396565,18.0,0.0,0.0,0.0,0.0,2
20.0,1.0,-1.000088900581841e-12,0.0,0.0,0.0,0.0,0.0,0.0,0.0,0.0,0.0,0.0,49.0,0.0,54.0,0.0,0.0,148.0,0.0,14.0,12,1,0.6335952848722987,8.06225774830575,20.5,0.0,0.0,0.0,0.0,2
14.0,2.0,0.5982695885832573,0.0,0.0,0.0,0.0,0.0,0.0,0.0,0.0,0.0,0.0,47.833333333333336,0.0,0.0,0.0,0.0,54.0,0.0,12.0,13,1,0.6335952848722987,3.000000000019351,16.5,0.0,0.0,0.0,0.0,2
10.0,1.0,-1.000088900581841e-12,0.0,0.0,0.0,0.0,0.0,0.0,0.0,0.0,0.0,0.0,47.0,0.0,0.0,0.0,0.0,108.0,0.0,22.0,14,1,0.6335952848722987,3.4156502553368626,13.5,0.0,0.0,0.0,0.0,2
20.0,3.0,1.0296530140615736,0.0,0.0,0.0,0.0,0.0,0.0,0.0,0.0,0.0,0.0,45.285714285714285,0.0,0.0,0.0,0.0,216.0,0.0,42.0,15,1,0.6335952848722987,7.393691004280797,17.0,0.0,0.0,0.0,0.0,2
12.0,1.0,-1.000088900581841e-12,0.0,0.0,0.0,0.0,0.0,0.0,0.0,0.0,0.0,0.0,41.0,0.0,0.0,0.0,0.0,0.0,0.0,0.0,16,1,0.6335952848722987,6.191391873678281,20.5,0.0,0.0,0.0,0.0,2
44.0,2.0,0.625491359723573,0.0,0.0,0.0,0.0,0.0,0.0,0.0,0.0,0.0,0.0,39.16666666666666,40.0,0.0,0.0,0.0,54.0,0.0,4.0,17,1,0.6335952848722987,15.609825965294512,22.5,0.0,0.0,0.0,0.0,2
34.0,4.0,1.31972992151467,0.0,0.0,0.0,0.0,0.0,0.0,0.0,0.0,0.0,0.0,32.57142857142857,0.0,0.0,0.0,0.0,0.0,0.0,0.0,18,1,0.6335952848722987,14.456832294804975,30.5,0.0,0.0,0.0,0.0,2
72.0,3.0,0.7945393600878868,0.0,0.0,0.0,0.0,0.0,0.0,0.0,0.0,0.0,0.0,31.5,0.0,0.0,0.0,0.0,386.0,0.0,66.0,19,1,0.6335952848722987,24.926558794455552,38.0,0.0,0.0,0.0,0.0,2
74.0,4.0,1.2780219523758805,0.0,0.0,0.0,0.0,0.0,0.0,0.0,0.0,0.0,0.0,25.3,0.0,0.0,0.0,0.0,386.0,0.0,102.0,20,1,0.6335952848722987,30.566866593313904,47.5,0.0,0.0,0.0,0.0,2
12.0,1.0,-1.000088900581841e-12,0.0,0.0,0.0,0.0,0.0,0.0,0.0,0.0,0.0,0.0,20.166666666666668,0.0,0.0,0.0,0.0,68.0,0.0,14.0,21,0,0.6335952848722987,26.05123157677546,41.0,0.0,0.0,0.0,0.0,2
14.0,2.0,0.6829081046984717,0.0,0.0,0.0,0.0,0.0,0.0,0.0,0.0,0.0,0.0,19.666666666666668,48.0,0.0,0.0,0.0,64.0,0.0,14.0,22,0,0.6335952848722987,16.693312034068697,21.0,0.0,0.0,0.0,0.0,2
10.0,1.0,-1.000088900581841e-12,0.0,0.0,0.0,0.0,0.0,0.0,0.0,0.0,0.0,0.0,17.833333333333332,0.0,0.0,0.0,0.0,0.0,0.0,0.0,23,0,0.6335952848722987,1.6329931618910116,12.0,0.0,0.0,0.0,0.0,2
0.0,0.0,0.0,0.0,0.0,0.0,0.0,0.0,0.0,0.0,0.0,0.0,0.0,0.0,0.0,0.0,0.0,0.0,50.0,0.0,0.0,8,1,0.6335952848722987,0.0,0.0,0.0,0.0,0.0,0.0,2
14.0,1.0,-1.000088900581841e-12,0.0,0.0,0.0,0.0,0.0,0.0,0.0,0.0,0.0,0.0,32.0,0.0,0.0,0.0,0.0,24.0,0.0,8.0,9,1,0.6335952848722987,29.41654863054892,19.0,0.0,0.0,0.0,0.0,2
36.0,2.0,0.2145591551744051,0.0,0.0,0.0,0.0,0.0,0.0,0.0,0.0,0.0,0.0,26.25,0.0,0.0,0.0,0.0,16.0,0.0,8.0,10,1,0.6335952848722987,38.67815921162894,54.0,0.0,0.0,0.0,0.0,2
44.0,5.0,1.4649935086002106,0.0,0.0,0.0,0.0,0.0,0.0,0.0,0.0,0.0,0.0,17.125,0.0,0.0,0.0,0.0,36.0,0.0,10.0,11,1,0.6335952848722987,33.281626562816655,54.5,0.0,0.0,0.0,0.0,2
12.0,1.0,-1.000088900581841e-12,0.0,0.0,0.0,0.0,0.0,0.0,0.0,0.0,0.0,0.0,15.0,0.0,0.0,0.0,0.0,16.0,0.0,8.0,12,1,0.6335952848722987,16.114175953699373,25.5,0.0,0.0,0.0,0.0,2
60.0,3.0,0.6828690186704609,0.0,0.0,0.0,0.0,0.0,0.0,0.0,0.0,0.0,0.0,12.0,0.0,0.0,0.0,0.0,50.0,0.0,12.0,13,1,0.6335952848722987,30.87069808086815,38.5,0.0,0.0,0.0,0.0,2
0.0,0.0,0.0,0.0,0.0,0.0,0.0,0.0,0.0,0.0,0.0,0.0,0.0,0.0,0.0,0.0,0.0,0.0,24.0,0.0,10.0,14,1,0.6335952848722987,32.7006625824837,38.0,0.0,0.0,0.0,0.0,2
0.0,0.0,0.0,0.0,0.0,0.0,0.0,0.0,0.0,0.0,0.0,0.0,0.0,0.0,0.0,0.0,0.0,0.0,48.0,0.0,8.0,15,1,0.6335952848722987,11.000000000005295,5.5,0.0,0.0,0.0,0.0,2
18.0,1.0,-1.000088900581841e-12,0.0,0.0,0.0,0.0,0.0,0.0,0.0,0.0,0.0,0.0,7.0,0.0,0.0,0.0,0.0,26.0,0.0,0.0,16,1,0.6335952848722987,8.485281374245435,6.0,0.0,0.0,0.0,0.0,2
0.0,0.0,0.0,0.0,0.0,0.0,0.0,0.0,0.0,0.0,0.0,0.0,26.0,14.857142857142858,18.0,0.0,0.0,0.0,52.0,0.0,0.0,17,1,0.6335952848722987,7.549834435278465,8.5,0.0,0.0,0.0,0.0,2
332.0,3.0,0.4491263319138427,0.0,0.0,0.0,0.0,0.0,0.0,0.0,0.0,0.0,0.0,79.33333333333333,0.0,0.0,0.0,0.0,28.0,0.0,16.0,18,1,0.6335952848722987,164.40093268186402,85.5,0.0,0.0,0.0,0.0,2
14.0,2.0,0.5982695885832573,0.0,0.0,0.0,0.0,0.0,0.0,0.0,0.0,0.0,0.0,96.0,0.0,0.0,0.0,0.0,36.0,0.0,14.0,22,0,0.6335952848722987,6.73300329225012,10.0,0.0,0.0,0.0,0.0,2
0.0,0.0,0.0,0.0,0.0,0.0,0.0,0.0,0.0,0.0,0.0,0.0,0.0,0.0,24.0,0.0,0.0,0.0,0.0,0.0,0.0,23,0,0.6335952848722987,7.54983443527854,6.5,0.0,0.0,0.0,0.0,2
0.0,0.0,0.0,0.0,0.0,0.0,0.0,0.0,0.0,0.0,0.0,0.0,0.0,0.0,26.0,0.0,0.0,0.0,0.0,0.0,0.0,0,0,0.6335952848722987,7.000000000008403,3.5,0.0,0.0,0.0,0.0,2
0.0,0.0,0.0,0.0,0.0,0.0,0.0,0.0,0.0,0.0,0.0,0.0,0.0,0.0,30.0,0.0,0.0,0.0,0.0,0.0,0.0,2,0,0.6335952848722987,7.000000000008403,3.5,0.0,0.0,0.0,0.0,2
0.0,0.0,0.0,0.0,0.0,0.0,0.0,0.0,0.0,0.0,0.0,0.0,0.0,0.0,32.0,0.0,0.0,0.0,0.0,0.0,0.0,6,0,0.6335952848722987,0.0,0.0,0.0,0.0,0.0,0.0,2
12.0,2.0,0.6365141682928128,0.0,0.0,0.0,0.0,0.0,0.0,0.0,0.0,0.0,0.0,0.0,0.0,0.0,0.0,0.0,0.0,0.0,0.0,8,1,0.6335952848722987,16.970562748480607,12.0,0.0,0.0,0.0,0.0,2
98.0,4.0,1.0411669751921426,0.0,0.0,0.0,0.0,0.0,0.0,0.0,0.0,0.0,0.0,89.6923076923077,0.0,0.0,0.0,0.0,108.0,0.0,20.0,9,1,0.6335952848722987,42.04759208325867,38.0,0.0,0.0,0.0,0.0,2
8.0,1.0,-1.000088900581841e-12,0.0,0.0,0.0,0.0,0.0,0.0,0.0,0.0,0.0,0.0,88.0,0.0,0.0,0.0,0.0,42.0,0.0,0.0,10,1,0.6335952848722987,44.73626418615496,31.0,0.0,0.0,0.0,0.0,2
16.0,2.0,0.3767701612544368,0.0,0.0,0.0,0.0,0.0,0.0,0.0,0.0,0.0,0.0,87.0,0.0,0.0,0.0,0.0,126.0,0.0,10.0,11,1,0.6335952848722987,3.415650255337056,12.5,0.0,0.0,0.0,0.0,2
42.0,3.0,1.0042424730510766,0.0,0.0,0.0,16.0,0.0,0.0,0.0,0.0,0.0,0.0,82.42857142857143,0.0,30.0,0.0,0.0,376.0,0.0,74.0,12,1,0.6335952848722987,32.59856847572887,39.0,0.0,0.0,8.0,4.0,2
38.0,2.0,0.6236548495661085,0.0,0.0,0.0,0.0,0.0,0.0,0.0,0.0,0.0,0.0,79.6,0.0,0.0,0.0,0.0,210.0,0.0,40.0,13,1,0.6335952848722987,21.748563170934244,51.5,0.0,0.0,8.698658900466592,7.5,2
52.0,2.0,0.666278442412676,0.0,0.0,0.0,0.0,0.0,0.0,0.0,0.0,0.0,0.0,78.0,0.0,0.0,0.0,0.0,294.0,0.0,42.0,14,1,0.6335952848722987,17.048949136729334,36.0,0.0,0.0,7.0,3.5,2
78.0,6.0,1.5280954357540135,0.0,0.0,0.0,0.0,0.0,0.0,0.0,0.0,0.0,0.0,75.1,0.0,0.0,0.0,0.0,88.0,0.0,24.0,15,1,0.6335952848722987,27.952340390984272,44.0,0.0,0.0,0.0,0.0,2
34.0,4.0,1.0375911080878453,0.0,0.0,0.0,0.0,0.0,0.0,0.0,0.0,0.0,0.0,70.85714285714286,0.0,0.0,0.0,0.0,92.0,0.0,14.0,16,1,0.6335952848722987,22.000000000002668,45.0,0.0,0.0,0.0,0.0,2
12.0,1.0,-1.000088900581841e-12,0.0,0.0,0.0,0.0,0.0,0.0,0.0,0.0,0.0,0.0,67.0,0.0,0.0,0.0,0.0,0.0,0.0,0.0,17,1,0.6335952848722987,12.32882800594271,30.0,0.0,0.0,0.0,0.0,2
18.0,2.0,0.6365141682928128,0.0,0.0,0.0,0.0,0.0,0.0,0.0,0.0,0.0,0.0,65.66666666666667,0.0,0.0,0.0,0.0,196.0,0.0,6.0,18,1,0.6335952848722987,12.328828005942707,22.0,0.0,0.0,0.0,0.0,2
106.0,7.0,1.6885647146276752,0.0,0.0,0.0,0.0,0.0,0.0,0.0,0.0,0.0,0.0,61.75,0.0,50.0,0.0,0.0,616.0,0.0,94.0,19,1,0.6335952848722987,41.56921938165446,46.0,0.0,0.0,0.0,0.0,2
24.0,2.0,0.6791932659895258,0.0,0.0,0.0,0.0,0.0,0.0,0.0,0.0,0.0,0.0,57.0,0.0,0.0,0.0,0.0,344.0,0.0,38.0,20,1,0.6335952848722987,37.7491721763553,50.5,0.0,0.0,0.0,0.0,2
56.0,6.0,1.6193029257132987,0.0,136.0,0.0,0.0,0.0,0.0,0.0,0.0,0.0,0.0,54.22222222222222,0.0,0.0,0.0,0.0,210.0,0.0,44.0,21,0,0.6335952848722987,14.1421356237351,38.0,68.0,34.0,0.0,0.0,2
10.0,2.0,0.5004024235361879,0.0,0.0,0.0,0.0,0.0,0.0,0.0,0.0,0.0,0.0,48.0,50.0,0.0,0.0,0.0,64.0,0.0,6.0,23,0,0.6335952848722987,24.385788210898248,26.0,171.79348066792292,90.5,0.0,0.0,2
62.0,4.0,0.8865616711229907,0.0,1468.0,0.0,0.0,0.0,0.0,0.0,0.0,0.0,0.0,43.75,0.0,0.0,0.0,0.0,538.0,0.0,76.0,0,0,0.6335952848722987,30.044411571318616,37.0,692.5226831423406,502.5,0.0,0.0,1
100.0,4.0,0.292884259816691,0.0,864.0,0.0,0.0,0.0,0.0,0.0,0.0,0.0,0.0,38.083333333333336,0.0,0.0,0.0,0.0,576.0,0.0,72.0,1,0,0.6335952848722987,18.69046102517139,72.0,438.4913530124245,1064.0,0.0,0.0,1
2.0,1.0,-1.000088900581841e-12,0.0,0.0,0.0,0.0,0.0,0.0,0.0,0.0,0.0,0.0,32.0,0.0,0.0,0.0,0.0,64.0,0.0,6.0,2,0,0.6335952848722987,41.4849370253845,59.5,577.7066729751353,795.5,0.0,0.0,2
0.0,0.0,0.0,0.0,0.0,0.0,0.0,0.0,0.0,0.0,0.0,0.0,0.0,0.0,34.0,0.0,0.0,0.0,0.0,0.0,0.0,3,0,0.6335952848722987,50.78057371344661,44.0,520.4459626128346,450.0,0.0,0.0,2
0.0,0.0,0.0,0.0,0.0,0.0,0.0,0.0,0.0,0.0,0.0,0.0,0.0,0.0,52.0,0.0,0.0,0.0,0.0,0.0,0.0,4,0,0.6335952848722987,36.67878587594539,19.0,468.0,234.0,0.0,0.0,2
0.0,0.0,0.0,0.0,0.0,0.0,0.0,0.0,0.0,0.0,0.0,0.0,0.0,0.0,36.0,0.0,0.0,0.0,0.0,0.0,0.0,6,0,0.6335952848722987,1.0000000000587888,0.5,0.0,0.0,0.0,0.0,2
40.0,3.0,0.5181862130472128,0.0,0.0,0.0,0.0,0.0,0.0,0.0,0.0,0.0,0.0,27.666666666666668,0.0,0.0,0.0,0.0,64.0,0.0,6.0,9,1,0.6335952848722987,20.00000000000293,10.0,0.0,0.0,0.0,0.0,2
68.0,4.0,1.194576785657072,0.0,0.0,0.0,0.0,0.0,0.0,0.0,0.0,0.0,0.0,21.8,0.0,0.0,0.0,0.0,66.0,0.0,6.0,11,1,0.6335952848722987,32.67516896156444,44.5,0.0,0.0,0.0,0.0,2
26.0,2.0,0.2711893730398441,0.0,0.0,0.0,0.0,0.0,0.0,0.0,0.0,0.0,0.0,17.375,0.0,68.0,0.0,0.0,206.0,0.0,42.0,12,1,0.6335952848722987,29.43920288776149,44.0,0.0,0.0,0.0,0.0,2
142.0,5.0,0.9392465898707708,0.0,0.0,0.0,0.0,0.0,0.0,0.0,0.0,0.0,0.0,12.466666666666669,0.0,0.0,0.0,0.0,434.0,0.0,56.0,13,1,0.6335952848722987,59.69645438940896,66.5,0.0,0.0,0.0,0.0,2
100.0,7.0,1.629365132610516,0.0,0.0,0.0,0.0,0.0,0.0,0.0,0.0,0.0,0.0,39.333333333333336,0.0,0.0,0.0,0.0,14.0,0.0,10.0,14,1,0.6335952848722987,119.72189997378698,168.0,0.0,0.0,0.0,0.0,2
12.0,1.0,-1.000088900581841e-12,0.0,0.0,0.0,0.0,0.0,0.0,0.0,0.0,0.0,0.0,36.0,0.0,0.0,0.0,0.0,0.0,0.0,0.0,15,1,0.6335952848722987,153.5143858622598,121.0,0.0,0.0,0.0,0.0,2
30.0,2.0,0.6730116670072565,0.0,0.0,0.0,0.0,0.0,0.0,0.0,0.0,0.0,0.0,34.625,0.0,0.0,0.0,0.0,20.0,0.0,2.0,16,1,0.6335952848722987,8.082903768662062,23.0,0.0,0.0,0.0,0.0,2
102.0,3.0,0.9511237615389077,0.0,0.0,0.0,0.0,0.0,0.0,0.0,0.0,0.0,0.0,30.285714285714285,0.0,0.0,0.0,0.0,40.0,0.0,6.0,17,1,0.6335952848722987,37.166292972711865,56.0,0.0,0.0,0.0,0.0,2
38.0,2.0,0.6581099875411144,0.0,0.0,0.0,0.0,0.0,0.0,0.0,0.0,0.0,0.0,22.4,0.0,0.0,0.0,0.0,0.0,0.0,0.0,18,1,0.6335952848722987,27.32520204256109,66.0,0.0,0.0,0.0,0.0,2
0.0,0.0,0.0,0.0,0.0,0.0,0.0,0.0,0.0,0.0,0.0,0.0,0.0,0.0,4.0,0.0,0.0,0.0,0.0,0.0,0.0,2,0,0.6335952848722987,23.804761428478653,27.0,0.0,0.0,0.0,0.0,2
0.0,0.0,0.0,0.0,0.0,0.0,0.0,0.0,0.0,0.0,0.0,0.0,0.0,0.0,4.0,0.0,0.0,0.0,0.0,0.0,0.0,4,0,0.6335952848722987,8.0000000000074,4.0,0.0,0.0,0.0,0.0,2
0.0,0.0,0.0,0.0,0.0,0.0,0.0,0.0,0.0,0.0,0.0,0.0,0.0,0.0,0.0,0.0,0.0,0.0,0.0,0.0,0.0,8,1,0.6335952848722987,0.0,0.0,0.0,0.0,0.0,0.0,2
106.0,4.0,1.1287720570609323,0.0,0.0,0.0,0.0,0.0,0.0,0.0,0.0,0.0,0.0,31.363636363636363,0.0,0.0,0.0,0.0,28.0,0.0,12.0,9,1,0.6335952848722987,51.80411824041391,28.5,0.0,0.0,0.0,0.0,2
28.0,1.0,-1.000088900581841e-12,0.0,0.0,0.0,0.0,0.0,0.0,0.0,0.0,0.0,0.0,29.142857142857142,0.0,0.0,0.0,0.0,8.0,0.0,8.0,10,1,0.6335952848722987,44.433470867505406,40.5,0.0,0.0,0.0,0.0,2
8.0,1.0,-1.000088900581841e-12,0.0,0.0,0.0,0.0,0.0,0.0,0.0,0.0,0.0,0.0,29.0,8.0,0.0,0.0,0.0,8.0,0.0,4.0,11,1,0.6335952848722987,8.869423130440046,17.0,0.0,0.0,0.0,0.0,2
20.0,3.0,0.8979457248537798,0.0,0.0,0.0,0.0,0.0,0.0,0.0,0.0,0.0,0.0,26.571428571428573,0.0,0.0,0.0,0.0,12.0,0.0,2.0,12,1,0.6335952848722987,30.74085229788072,28.5,0.0,0.0,0.0,0.0,2
26.0,2.0,0.5402041423868609,0.0,0.0,0.0,0.0,0.0,0.0,0.0,0.0,0.0,0.0,25.0,0.0,0.0,0.0,0.0,24.0,0.0,0.0,13,1,0.6335952848722987,24.89979919597984,37.0,0.0,0.0,0.0,0.0,2
12.0,1.0,-1.000088900581841e-12,0.0,0.0,0.0,0.0,0.0,0.0,0.0,0.0,0.0,0.0,24.0,0.0,0.0,0.0,0.0,0.0,0.0,0.0,14,1,0.6335952848722987,7.724420150845295,20.5,0.0,0.0,0.0,0.0,2
26.0,2.0,0.4293230219286162,0.0,0.0,0.0,0.0,0.0,0.0,0.0,0.0,0.0,0.0,23.142857142857142,0.0,0.0,0.0,0.0,24.0,0.0,6.0,15,1,0.6335952848722987,6.608075867208611,16.5,0.0,0.0,0.0,0.0,2
36.0,3.0,0.9580002800857724,0.0,0.0,0.0,0.0,0.0,0.0,0.0,0.0,0.0,0.0,19.25,0.0,0.0,0.0,0.0,36.0,0.0,4.0,16,1,0.6335952848722987,10.11599393700152,23.5,0.0,0.0,0.0,0.0,2
54.0,3.0,0.9950269901765214,0.0,0.0,0.0,0.0,0.0,0.0,0.0,0.0,0.0,0.0,13.666666666666666,0.0,0.0,0.0,0.0,12.0,0.0,4.0,17,1,0.6335952848722987,15.264337522477618,33.5,0.0,0.0,0.0,0.0,2
4.0,1.0,-1.000088900581841e-12,0.0,0.0,0.0,0.0,0.0,0.0,0.0,0.0,0.0,0.0,78.5,2.0,0.0,0.0,0.0,0.0,0.0,0.0,21,0,0.6335952848722987,7.745966692422459,15.0,0.0,0.0,0.0,0.0,2
0.0,0.0,0.0,0.0,0.0,0.0,0.0,0.0,0.0,0.0,0.0,0.0,0.0,78.0,2.0,0.0,0.0,0.0,0.0,0.0,0.0,22,0,0.6335952848722987,8.54400374532444,5.5,0.0,0.0,0.0,0.0,2
102.0,6.0,1.150759878636036,0.0,0.0,0.0,0.0,0.0,0.0,0.0,0.0,0.0,0.0,76.46153846153847,0.0,0.0,0.0,0.0,24.0,0.0,12.0,23,0,0.6335952848722987,51.00000000000116,25.5,0.0,0.0,0.0,0.0,2
12.0,1.0,-1.000088900581841e-12,0.0,0.0,0.0,0.0,0.0,0.0,0.0,0.0,0.0,0.0,71.0,0.0,0.0,0.0,0.0,0.0,0.0,4.0,9,1,0.6335952848722987,7.549834435278552,6.5,0.0,0.0,0.0,0.0,2
74.0,3.0,0.9098752714367132,0.0,0.0,0.0,0.0,0.0,0.0,0.0,0.0,0.0,0.0,70.0,0.0,0.0,0.0,0.0,28.0,0.0,14.0,10,1,0.6335952848722987,29.771350881904088,29.5,0.0,0.0,0.0,0.0,2
14.0,1.0,-1.000088900581841e-12,0.0,0.0,0.0,0.0,0.0,0.0,0.0,0.0,0.0,0.0,69.0,0.0,0.0,0.0,0.0,0.0,0.0,0.0,11,1,0.6335952848722987,28.44292530665786,31.5,0.0,0.0,0.0,0.0,2
24.0,4.0,1.3086053872494494,0.0,0.0,0.0,0.0,0.0,0.0,0.0,0.0,0.0,0.0,65.14285714285714,0.0,0.0,0.0,0.0,54.0,0.0,14.0,12,1,0.6335952848722987,45.51922670696547,42.0,0.0,0.0,0.0,0.0,2
28.0,4.0,1.232643284494737,0.0,0.0,0.0,0.0,0.0,0.0,0.0,0.0,0.0,0.0,60.42857142857143,0.0,0.0,0.0,0.0,54.0,0.0,18.0,13,1,0.6335952848722987,40.4310112001516,50.0,0.0,0.0,0.0,0.0,2
6.0,1.0,-1.000088900581841e-12,0.0,0.0,0.0,0.0,0.0,0.0,0.0,0.0,0.0,0.0,58.0,0.0,0.0,0.0,0.0,18.0,0.0,0.0,14,1,0.6335952848722987,14.651507317227964,21.0,0.0,0.0,0.0,0.0,2
30.0,3.0,0.9276173343241816,0.0,0.0,0.0,0.0,0.0,0.0,0.0,0.0,0.0,0.0,56.125,0.0,0.0,0.0,0.0,72.0,0.0,14.0,15,1,0.6335952848722987,10.630145812740196,17.5,0.0,0.0,0.0,0.0,2
32.0,2.0,0.6615632381559821,0.0,0.0,0.0,0.0,0.0,0.0,0.0,0.0,0.0,0.0,53.0,0.0,0.0,0.0,0.0,0.0,0.0,0.0,16,1,0.6335952848722987,8.225975119509211,24.5,0.0,0.0,0.0,0.0,2
30.0,2.0,0.5799151714161009,0.0,0.0,0.0,0.0,0.0,0.0,0.0,0.0,0.0,0.0,50.875,0.0,0.0,0.0,0.0,18.0,0.0,4.0,17,1,0.6335952848722987,9.30949336251896,23.0,0.0,0.0,0.0,0.0,2
12.0,1.0,-1.000088900581841e-12,0.0,0.0,0.0,0.0,0.0,0.0,0.0,0.0,0.0,0.0,47.0,0.0,0.0,0.0,0.0,0.0,0.0,0.0,18,1,0.6335952848722987,9.380831519653146,22.0,0.0,0.0,0.0,0.0,2
12.0,1.0,-1.000088900581841e-12,0.0,0.0,0.0,0.0,0.0,0.0,0.0,0.0,0.0,0.0,47.0,0.0,0.0,0.0,0.0,0.0,0.0,0.0,19,1,0.6335952848722987,16.370705543748503,25.0,0.0,0.0,0.0,0.0,2
22.0,2.0,0.3046360973472382,0.0,0.0,0.0,0.0,0.0,0.0,0.0,0.0,0.0,0.0,46.0,0.0,0.0,0.0,0.0,48.0,0.0,10.0,20,1,0.6335952848722987,14.364307617614267,27.5,0.0,0.0,0.0,0.0,2
12.0,1.0,-1.000088900581841e-12,0.0,0.0,0.0,0.0,0.0,0.0,0.0,0.0,0.0,0.0,46.0,0.0,0.0,0.0,0.0,0.0,0.0,0.0,21,0,0.6335952848722987,8.717797887088112,19.0,0.0,0.0,0.0,0.0,2
150.0,4.0,1.101649181583666,0.0,0.0,0.0,0.0,0.0,0.0,0.0,0.0,0.0,0.0,43.11764705882353,0.0,0.0,0.0,0.0,132.0,0.0,56.0,22,0,0.6335952848722987,68.05879810869509,48.0,0.0,0.0,0.0,0.0,2
96.0,4.0,0.9778237681704582,0.0,0.0,0.0,0.0,0.0,0.0,0.0,0.0,0.0,0.0,37.833333333333336,0.0,0.0,0.0,0.0,84.0,0.0,14.0,23,0,0.6335952848722987,62.928530890210034,72.0,0.0,0.0,0.0,0.0,2
20.0,2.0,0.6108643020528935,0.0,0.0,0.0,0.0,0.0,0.0,0.0,0.0,0.0,0.0,31.714285714285715,0.0,0.0,0.0,0.0,28.0,0.0,10.0,0,0,0.6335952848722987,35.11409973216056,48.5,0.0,0.0,0.0,0.0,2
716.0,1.0,-1.000088900581841e-12,0.0,0.0,0.0,0.0,0.0,0.0,0.0,0.0,0.0,0.0,65.76666666666667,0.0,0.0,0.0,0.0,0.0,0.0,0.0,1,0,0.6335952848722987,333.98353252817736,310.5,0.0,0.0,0.0,0.0,2
0.0,0.0,0.0,0.0,0.0,0.0,0.0,0.0,0.0,0.0,0.0,0.0,0.0,99.86666666666666,0.0,0.0,0.0,0.0,0.0,0.0,0.0,2,0,0.6335952848722987,299.6242090797517,365.0,0.0,0.0,0.0,0.0,2
0.0,0.0,0.0,0.0,0.0,0.0,0.0,0.0,0.0,0.0,0.0,0.0,0.0,100.0,0.0,0.0,0.0,0.0,0.0,0.0,0.0,3,0,0.6335952848722987,146.00000000000043,73.0,0.0,0.0,0.0,0.0,2
0.0,0.0,0.0,0.0,0.0,0.0,0.0,0.0,0.0,0.0,0.0,0.0,0.0,100.0,0.0,0.0,0.0,0.0,0.0,0.0,0.0,4,0,0.6335952848722987,0.0,0.0,0.0,0.0,0.0,0.0,2
0.0,0.0,0.0,0.0,0.0,0.0,0.0,0.0,0.0,0.0,0.0,0.0,0.0,100.0,0.0,0.0,0.0,0.0,0.0,0.0,0.0,5,0,0.6335952848722987,0.0,0.0,0.0,0.0,0.0,0.0,2
0.0,0.0,0.0,0.0,0.0,0.0,0.0,0.0,0.0,0.0,0.0,0.0,0.0,100.0,0.0,0.0,0.0,0.0,0.0,0.0,0.0,6,0,0.6335952848722987,0.0,0.0,0.0,0.0,0.0,0.0,2
0.0,0.0,0.0,0.0,0.0,0.0,0.0,0.0,0.0,0.0,0.0,0.0,0.0,100.0,0.0,0.0,0.0,0.0,0.0,0.0,0.0,7,0,0.6335952848722987,0.0,0.0,0.0,0.0,0.0,0.0,2
42.0,4.0,1.2608533988149584,0.0,0.0,0.0,0.0,0.0,0.0,0.0,0.0,0.0,0.0,98.875,0.0,0.0,0.0,0.0,64.0,0.0,10.0,8,1,0.6335952848722987,22.64950330581497,19.5,0.0,0.0,0.0,0.0,2
20.0,3.0,0.9433483923260392,0.0,0.0,0.0,0.0,0.0,0.0,0.0,0.0,0.0,0.0,94.0,0.0,0.0,0.0,0.0,68.0,0.0,22.0,9,1,0.6335952848722987,38.79432948254324,51.5,0.0,0.0,0.0,0.0,3
46.0,3.0,0.4702359623522493,0.0,0.0,0.0,0.0,0.0,0.0,0.0,0.0,0.0,0.0,92.33333333333331,0.0,0.0,0.0,0.0,126.0,0.0,38.0,10,1,0.6335952848722987,37.03601850451518,56.5,0.0,0.0,0.0,0.0,2
14.0,2.0,0.5982695885832573,0.0,0.0,0.0,0.0,0.0,0.0,0.0,0.0,0.0,0.0,89.0,0.0,0.0,0.0,0.0,84.0,0.0,6.0,11,1,0.6335952848722987,19.798989873226454,32.0,0.0,0.0,0.0,0.0,2
14.0,2.0,0.410116318286409,0.0,0.0,0.0,0.0,0.0,0.0,0.0,0.0,0.0,0.0,88.0,0.0,0.0,0.0,0.0,84.0,0.0,20.0,12,1,0.6335952848722987,1.0000000000618203,14.5,0.0,0.0,0.0,0.0,2
28.0,2.0,0.6829081046984717,0.0,0.0,0.0,8.0,0.0,0.0,0.0,0.0,0.0,0.0,83.14285714285714,0.0,0.0,0.0,0.0,132.0,0.0,40.0,13,1,0.6335952848722987,13.403979508593348,24.5,0.0,0.0,14.177446878757824,9.5,2
16.0,2.0,0.5623351446168083,0.0,0.0,0.0,0.0,0.0,0.0,0.0,0.0,0.0,0.0,82.42857142857143,32.0,0.0,0.0,0.0,132.0,0.0,6.0,14,1,0.6335952848722987,13.503086067023974,24.5,0.0,0.0,14.177446878757824,9.5,1
12.0,1.0,-1.000088900581841e-12,0.0,0.0,0.0,0.0,0.0,0.0,0.0,0.0,0.0,0.0,78.66666666666667,0.0,0.0,0.0,0.0,0.0,0.0,0.0,15,1,0.6335952848722987,37.38092205033815,32.0,0.0,0.0,0.0,0.0,2
12.0,1.0,-1.000088900581841e-12,0.0,0.0,0.0,0.0,0.0,0.0,0.0,0.0,0.0,0.0,78.0,0.0,0.0,0.0,0.0,44.0,0.0,8.0,16,1,0.6335952848722987,36.12939707957298,35.0,0.0,0.0,0.0,0.0,2
52.0,3.0,0.8981370031848679,0.0,0.0,0.0,0.0,0.0,0.0,0.0,0.0,0.0,0.0,74.71428571428571,0.0,0.0,0.0,0.0,0.0,0.0,0.0,17,1,0.6335952848722987,17.000000000003627,28.5,0.0,0.0,0.0,0.0,2
12.0,1.0,-1.000088900581841e-12,0.0,0.0,0.0,0.0,0.0,0.0,0.0,0.0,0.0,0.0,71.83333333333333,0.0,0.0,0.0,0.0,56.0,0.0,12.0,18,1,0.6335952848722987,18.51125783588976,25.0,0.0,0.0,0.0,0.0,2
38.0,3.0,0.8246593237634704,0.0,0.0,0.0,0.0,0.0,0.0,0.0,0.0,0.0,0.0,70.375,0.0,0.0,0.0,0.0,106.0,0.0,24.0,19,1,0.6335952848722987,12.70170592217662,19.0,0.0,0.0,0.0,0.0,2
26.0,2.0,0.6901856760168041,0.0,0.0,0.0,0.0,0.0,0.0,0.0,0.0,0.0,0.0,68.625,0.0,0.0,0.0,0.0,164.0,0.0,44.0,20,1,0.6335952848722987,11.474609652044371,27.5,0.0,0.0,0.0,0.0,2
12.0,1.0,-1.000088900581841e-12,0.0,0.0,0.0,0.0,0.0,0.0,0.0,0.0,0.0,0.0,67.0,0.0,0.0,0.0,0.0,0.0,0.0,0.0,21,0,0.6335952848722987,9.309493362519246,25.0,0.0,0.0,0.0,0.0,2
0.0,0.0,0.0,0.0,0.0,0.0,0.0,0.0,0.0,0.0,0.0,0.0,0.0,67.0,44.0,0.0,0.0,0.0,0.0,0.0,0.0,22,0,0.6335952848722987,11.59022576714779,12.5,0.0,0.0,0.0,0.0,2
50.0,3.0,0.334221146210383,0.0,0.0,0.0,0.0,0.0,0.0,0.0,0.0,0.0,0.0,65.66666666666667,0.0,0.0,0.0,0.0,122.0,0.0,36.0,23,0,0.6335952848722987,21.69485346036681,19.0,0.0,0.0,0.0,0.0,2
0.0,0.0,0.0,0.0,0.0,0.0,0.0,0.0,0.0,0.0,0.0,0.0,0.0,0.0,0.0,0.0,0.0,0.0,0.0,0.0,0.0,3,0,0.6335952848722987,0.0,0.0,0.0,0.0,0.0,0.0,2
0.0,0.0,0.0,0.0,0.0,0.0,0.0,0.0,0.0,0.0,0.0,0.0,0.0,0.0,32.0,0.0,0.0,0.0,0.0,0.0,0.0,7,0,0.6335952848722987,0.0,0.0,0.0,0.0,0.0,0.0,2
0.0,0.0,0.0,0.0,0.0,0.0,0.0,0.0,0.0,0.0,0.0,0.0,0.0,0.0,0.0,0.0,0.0,0.0,16.0,0.0,0.0,8,1,0.6335952848722987,0.0,0.0,0.0,0.0,0.0,0.0,2
46.0,3.0,0.8378972277784775,0.0,0.0,0.0,0.0,0.0,0.0,0.0,0.0,0.0,0.0,58.875,0.0,0.0,0.0,0.0,174.0,0.0,48.0,9,1,0.6335952848722987,29.7265313594908,25.5,0.0,0.0,0.0,0.0,2
58.0,4.0,1.0934699107742434,0.0,0.0,0.0,0.0,0.0,0.0,0.0,0.0,0.0,0.0,53.77777777777778,0.0,0.0,0.0,0.0,94.0,0.0,12.0,10,1,0.6335952848722987,5.507570547297279,52.5,0.0,0.0,0.0,0.0,2
12.0,2.0,0.6365141682928128,0.0,0.0,0.0,0.0,0.0,0.0,0.0,0.0,0.0,0.0,52.0,0.0,0.0,0.0,0.0,4.0,0.0,16.0,11,1,0.6335952848722987,24.46766573800594,33.0,0.0,0.0,0.0,0.0,2
20.0,3.0,0.9433483923260392,0.0,0.0,0.0,0.0,0.0,0.0,0.0,0.0,0.0,0.0,47.142857142857146,0.0,0.0,0.0,0.0,280.0,0.0,46.0,12,1,0.6335952848722987,39.84553509073243,34.5,0.0,0.0,0.0,0.0,2
30.0,2.0,0.5004024235361879,0.0,0.0,0.0,0.0,0.0,0.0,0.0,0.0,0.0,0.0,45.77777777777778,0.0,0.0,0.0,0.0,674.0,0.0,104.0,13,1,0.6335952848722987,37.39875220735031,39.0,0.0,0.0,0.0,0.0,2
98.0,6.0,1.6840598863308274,0.0,0.0,0.0,0.0,0.0,0.0,0.0,0.0,0.0,0.0,41.833333333333336,0.0,0.0,0.0,0.0,224.0,0.0,54.0,14,1,0.6335952848722987,40.89009660052325,38.0,0.0,0.0,0.0,0.0,2
38.0,1.0,-1.000088900581841e-12,0.0,0.0,0.0,0.0,0.0,0.0,0.0,0.0,0.0,0.0,36.0,0.0,0.0,0.0,0.0,144.0,0.0,60.0,15,1,0.6335952848722987,37.55884272267704,44.0,0.0,0.0,0.0,0.0,2
12.0,1.0,-1.000088900581841e-12,0.0,0.0,0.0,0.0,0.0,0.0,0.0,0.0,0.0,0.0,34.0,0.0,0.0,0.0,0.0,0.0,0.0,0.0,16,1,0.6335952848722987,12.274635093019665,23.0,0.0,0.0,0.0,0.0,2
20.0,1.0,-1.000088900581841e-12,0.0,0.0,0.0,0.0,0.0,0.0,0.0,0.0,0.0,0.0,32.0,0.0,0.0,0.0,0.0,216.0,0.0,0.0,17,1,0.6335952848722987,41.47288270665693,36.0,0.0,0.0,0.0,0.0,2
46.0,4.0,0.9875507841546048,0.0,0.0,0.0,0.0,0.0,0.0,0.0,0.0,0.0,0.0,30.444444444444443,0.0,0.0,0.0,0.0,880.0,0.0,138.0,18,1,0.6335952848722987,39.37427248005297,43.5,0.0,0.0,0.0,0.0,2
80.0,4.0,1.2762917646005536,0.0,0.0,0.0,0.0,0.0,0.0,0.0,0.0,0.0,0.0,21.4,0.0,0.0,0.0,0.0,646.0,0.0,182.0,19,1,0.6335952848722987,35.07610772781747,55.5,0.0,0.0,0.0,0.0,2
28.0,1.0,-1.000088900581841e-12,0.0,0.0,0.0,0.0,0.0,0.0,0.0,0.0,0.0,0.0,20.0,0.0,0.0,0.0,0.0,234.0,0.0,0.0,20,1,0.6335952848722987,27.055498516939647,61.0,0.0,0.0,0.0,0.0,2
52.0,1.0,-1.000088900581841e-12,0.0,0.0,0.0,0.0,0.0,0.0,0.0,0.0,0.0,0.0,18.9,0.0,0.0,0.0,0.0,312.0,0.0,12.0,21,0,0.6335952848722987,16.693312034068914,37.0,0.0,0.0,0.0,0.0,2
90.0,3.0,0.9584568219520536,0.0,0.0,0.0,0.0,0.0,0.0,0.0,0.0,0.0,0.0,14.666666666666666,0.0,0.0,0.0,0.0,546.0,0.0,134.0,22,0,0.6335952848722987,33.640253665315754,61.5,0.0,0.0,0.0,0.0,2
20.0,2.0,0.6931471805579453,0.0,0.0,0.0,0.0,0.0,0.0,0.0,0.0,0.0,0.0,11.0,0.0,0.0,0.0,0.0,138.0,0.0,18.0,23,0,0.6335952848722987,52.33227175144215,86.0,0.0,0.0,0.0,0.0,1
716.0,1.0,-1.000088900581841e-12,0.0,0.0,0.0,0.0,0.0,0.0,0.0,0.0,0.0,0.0,28.655172413793103,0.0,0.0,0.0,0.0,0.0,0.0,0.0,0,0,0.6335952848722987,303.1143898486732,304.5,0.0,0.0,0.0,0.0,2
0.0,0.0,0.0,0.0,0.0,0.0,0.0,0.0,0.0,0.0,0.0,0.0,0.0,88.33333333333333,0.0,0.0,0.0,0.0,0.0,0.0,0.0,1,0,0.6335952848722987,320.11039762348673,415.0,0.0,0.0,0.0,0.0,2
0.0,0.0,0.0,0.0,0.0,0.0,0.0,0.0,0.0,0.0,0.0,0.0,0.0,100.0,0.0,0.0,0.0,0.0,0.0,0.0,0.0,2,0,0.6335952848722987,305.00000000000017,152.5,0.0,0.0,0.0,0.0,2
0.0,0.0,0.0,0.0,0.0,0.0,0.0,0.0,0.0,0.0,0.0,0.0,0.0,100.0,0.0,0.0,0.0,0.0,0.0,0.0,0.0,3,0,0.6335952848722987,0.0,0.0,0.0,0.0,0.0,0.0,2
0.0,0.0,0.0,0.0,0.0,0.0,0.0,0.0,0.0,0.0,0.0,0.0,0.0,100.0,0.0,0.0,0.0,0.0,0.0,0.0,0.0,4,0,0.6335952848722987,0.0,0.0,0.0,0.0,0.0,0.0,2
0.0,0.0,0.0,0.0,0.0,0.0,0.0,0.0,0.0,0.0,0.0,0.0,0.0,100.0,0.0,0.0,0.0,0.0,0.0,0.0,0.0,5,0,0.6335952848722987,0.0,0.0,0.0,0.0,0.0,0.0,2
0.0,0.0,0.0,0.0,0.0,0.0,0.0,0.0,0.0,0.0,0.0,0.0,0.0,100.0,0.0,0.0,0.0,0.0,0.0,0.0,0.0,6,0,0.6335952848722987,0.0,0.0,0.0,0.0,0.0,0.0,2
0.0,0.0,0.0,0.0,0.0,0.0,0.0,0.0,0.0,0.0,0.0,0.0,0.0,100.0,0.0,0.0,0.0,0.0,0.0,0.0,0.0,7,0,0.6335952848722987,0.0,0.0,0.0,0.0,0.0,0.0,2
0.0,0.0,0.0,0.0,0.0,0.0,0.0,0.0,0.0,0.0,0.0,0.0,0.0,100.0,0.0,0.0,0.0,0.0,0.0,0.0,0.0,8,1,0.6335952848722987,0.0,0.0,0.0,0.0,0.0,0.0,2
66.0,3.0,0.9581272171495758,0.0,0.0,0.0,0.0,0.0,0.0,0.0,0.0,0.0,0.0,97.125,0.0,0.0,0.0,0.0,10.0,0.0,6.0,9,1,0.6335952848722987,33.00000000000176,27.5,0.0,0.0,0.0,0.0,2
14.0,2.0,0.5982695885832573,0.0,0.0,0.0,0.0,0.0,0.0,0.0,0.0,0.0,0.0,93.16666666666669,0.0,0.0,0.0,0.0,64.0,0.0,4.0,10,1,0.6335952848722987,22.883764259115747,45.5,0.0,0.0,0.0,0.0,2
44.0,3.0,0.930216837085864,0.0,0.0,0.0,0.0,0.0,0.0,0.0,0.0,0.0,0.0,89.375,0.0,0.0,0.0,0.0,80.0,0.0,8.0,11,1,0.6335952848722987,19.76528944050107,35.0,0.0,0.0,0.0,0.0,2
12.0,1.0,-1.000088900581841e-12,0.0,0.0,0.0,0.0,0.0,0.0,0.0,0.0,0.0,0.0,87.0,0.0,0.0,0.0,0.0,0.0,0.0,0.0,12,1,0.6335952848722987,13.892443989454,24.5,0.0,0.0,0.0,0.0,2
64.0,5.0,1.5159720511753936,0.0,0.0,0.0,0.0,0.0,0.0,0.0,0.0,0.0,0.0,84.6,0.0,0.0,0.0,0.0,80.0,0.0,14.0,13,1,0.6335952848722987,24.79247197571842,27.0,0.0,0.0,0.0,0.0,2
12.0,1.0,-1.000088900581841e-12,0.0,0.0,0.0,0.0,0.0,0.0,0.0,0.0,0.0,0.0,81.0,0.0,0.0,0.0,0.0,0.0,0.0,0.0,14,1,0.6335952848722987,32.598568475728854,41.0,0.0,0.0,0.0,0.0,2
88.0,4.0,1.1558696544214395,0.0,0.0,0.0,0.0,0.0,0.0,0.0,0.0,0.0,0.0,78.91666666666667,0.0,0.0,0.0,0.0,24.0,0.0,4.0,15,1,0.6335952848722987,35.137823874946825,52.0,0.0,0.0,0.0,0.0,2
16.0,2.0,0.6931471805579453,0.0,0.0,0.0,0.0,0.0,0.0,0.0,0.0,0.0,0.0,76.5,0.0,0.0,0.0,0.0,48.0,0.0,6.0,16,1,0.6335952848722987,33.24154027719107,39.5,0.0,0.0,0.0,0.0,2
44.0,3.0,0.930216837085864,0.0,0.0,0.0,8.0,0.0,0.0,0.0,0.0,0.0,0.0,72.25,0.0,0.0,0.0,0.0,72.0,0.0,10.0,17,1,0.6335952848722987,13.466006584487092,24.0,0.0,0.0,4.000000000000003,2.0,2
12.0,1.0,-1.000088900581841e-12,0.0,0.0,0.0,0.0,0.0,0.0,0.0,0.0,0.0,0.0,67.0,0.0,0.0,0.0,0.0,48.0,0.0,18.0,18,1,0.6335952848722987,15.448840301679056,27.0,0.0,0.0,11.31370849898476,8.0,2
18.0,1.0,-1.000088900581841e-12,0.0,0.0,0.0,0.0,0.0,0.0,0.0,0.0,0.0,0.0,64.42857142857143,0.0,24.0,0.0,0.0,48.0,0.0,4.0,19,1,0.6335952848722987,10.630145812740125,20.5,0.0,0.0,12.369316876852984,10.5,2
12.0,1.0,-1.000088900581841e-12,0.0,0.0,0.0,0.0,0.0,0.0,0.0,0.0,0.0,0.0,63.0,0.0,0.0,0.0,0.0,0.0,0.0,0.0,20,1,0.6335952848722987,6.806859285562592,18.5,0.0,0.0,9.0,4.5,2
0.0,0.0,0.0,0.0,0.0,0.0,0.0,0.0,0.0,0.0,0.0,0.0,0.0,62.0,0.0,0.0,0.0,0.0,0.0,0.0,0.0,21,0,0.6335952848722987,11.590225767147492,12.5,0.0,0.0,0.0,0.0,2
