702.0,8.0,1.4254268971074349,0.0,0.0,0.0,0.0,0.0,14.0,2.0,0.410116318286409,0.0,0.0,79.8,0.0,0.0,0.0,0.0,12.0,1042.0,10.0,8,1,0.8040973111395646,155.56349186104046,592.0,0.0,0.0,0.0,0.0,3
684.0,4.0,0.3297105037169568,0.0,0.0,0.0,0.0,0.0,28.0,2.0,0.5982695885832573,0.0,0.0,77.34482758620689,0.0,0.0,0.0,0.0,10.0,128.0,10.0,8,1,0.8040973111395646,122.1529096392441,622.6666666666666,0.0,0.0,0.0,0.0,3
668.0,7.0,0.4708528656622837,0.0,0.0,0.0,0.0,0.0,4.0,1.0,-1.000088900581841e-12,0.0,0.0,76.06666666666666,0.0,0.0,0.0,0.0,8.0,404.0,8.0,9,1,0.8040973111395646,102.28065962504024,634.0,0.0,0.0,0.0,0.0,2
686.0,10.0,0.928790727976734,0.0,0.0,0.0,0.0,0.0,0.0,0.0,0.0,0.0,0.0,73.73333333333333,0.0,0.0,0.0,0.0,14.0,366.0,14.0,9,1,0.8040973111395646,13.904435743076286,685.0,0.0,0.0,0.0,0.0,2
670.0,4.0,0.4354350317953136,0.0,0.0,0.0,0.0,0.0,16.0,1.0,-1.000088900581841e-12,0.0,0.0,71.6,0.0,0.0,0.0,0.0,12.0,144.0,10.0,10,1,0.8040973111395646,9.30949336251286,677.0,0.0,0.0,0.0,0.0,2
702.0,9.0,1.2595934534347455,0.0,0.0,0.0,0.0,0.0,14.0,1.0,-1.000088900581841e-12,0.0,0.0,67.46666666666667,0.0,0.0,0.0,0.0,24.0,772.0,22.0,10,1,0.8040973111395646,15.864005379054534,681.5,0.0,0.0,0.0,0.0,2
688.0,6.0,1.1534555926316603,0.0,0.0,0.0,0.0,0.0,0.0,0.0,0.0,0.0,0.0,62.333333333333336,0.0,0.0,0.0,0.0,10.0,372.0,10.0,11,1,0.8040973111395646,13.10216267135587,686.5,0.0,0.0,0.0,0.0,2
688.0,8.0,1.2833741950403188,0.0,0.0,0.0,0.0,0.0,36.0,2.0,0.6365141682928128,0.0,0.0,57.56666666666667,0.0,0.0,0.0,0.0,20.0,1086.0,20.0,11,1,0.8040973111395646,13.114877048604177,687.0,0.0,0.0,0.0,0.0,2
674.0,7.0,0.5249801105476706,0.0,0.0,0.0,0.0,0.0,22.0,1.0,-1.000088900581841e-12,0.0,0.0,55.43333333333333,0.0,0.0,0.0,0.0,10.0,338.0,10.0,12,1,0.8040973111395646,11.430952132988368,688.0,0.0,0.0,0.0,0.0,2
676.0,7.0,0.9110296920741324,0.0,0.0,0.0,0.0,0.0,24.0,2.0,0.6365141682928128,0.0,0.0,53.37931034482759,0.0,0.0,0.0,0.0,10.0,474.0,8.0,12,1,0.8040973111395646,7.549834435271072,681.5,0.0,0.0,0.0,0.0,2
698.0,9.0,1.441378657044675,0.0,0.0,0.0,0.0,0.0,56.0,3.0,0.5091373440796869,0.0,0.0,50.8,0.0,0.0,0.0,0.0,6.0,672.0,6.0,13,1,0.8040973111395646,11.19523708249799,684.0,0.0,0.0,0.0,0.0,2
718.0,8.0,0.5636432800669355,0.0,0.0,0.0,0.0,0.0,12.0,1.0,-1.000088900581841e-12,0.0,0.0,41.36666666666667,0.0,0.0,0.0,0.0,0.0,332.0,0.0,13,1,0.8040973111395646,20.744477176668937,691.5,0.0,0.0,0.0,0.0,2
684.0,8.0,0.8883978745836564,0.0,0.0,0.0,0.0,0.0,0.0,0.0,0.0,0.0,0.0,32.166666666666664,0.0,0.0,0.0,0.0,8.0,440.0,8.0,14,1,0.8040973111395646,18.402898322456483,694.0,0.0,0.0,0.0,0.0,2
684.0,7.0,1.0140550726940407,0.0,0.0,0.0,0.0,0.0,12.0,2.0,0.6365141682928128,0.0,0.0,27.6,0.0,0.0,0.0,0.0,14.0,570.0,14.0,14,1,0.8040973111395646,16.083117442419915,696.0,0.0,0.0,0.0,0.0,2
684.0,11.0,1.168817372510225,0.0,0.0,0.0,0.0,0.0,10.0,3.0,1.054920167983144,0.0,0.0,22.166666666666668,0.0,0.0,0.0,0.0,16.0,536.0,12.0,15,1,0.8040973111395646,17.000000000000153,692.5,0.0,0.0,0.0,0.0,2
698.0,6.0,1.241623013827295,0.0,0.0,0.0,0.0,0.0,86.0,2.0,0.110453046670598,0.0,0.0,15.1,0.0,0.0,0.0,0.0,18.0,614.0,16.0,15,1,0.8040973111395646,7.000000000000368,687.5,0.0,0.0,0.0,0.0,2
90.0,5.0,1.3378606778314337,0.0,0.0,0.0,0.0,0.0,4.0,2.0,0.6931471805579453,0.0,0.0,11.25,0.0,0.0,0.0,0.0,4.0,112.0,4.0,16,1,0.8040973111395646,299.4060787626063,539.0,0.0,0.0,0.0,0.0,2
716.0,2.0,0.4861419483642702,0.0,0.0,0.0,0.0,0.0,4.0,2.0,0.6931471805579453,0.0,2.0,34.333333333333336,0.0,0.0,0.0,0.0,6.0,256.0,6.0,17,1,0.8040973111395646,293.9177889592031,480.5,0.0,0.0,0.0,0.0,4
702.0,9.0,0.8622632526972205,0.0,0.0,0.0,0.0,0.0,18.0,2.0,0.3488320958410319,0.0,0.0,39.03333333333333,0.0,0.0,0.0,0.0,18.0,500.0,18.0,17,1,0.8040973111395646,294.90959066579484,481.5,0.0,0.0,0.0,0.0,2
698.0,6.0,0.6933317685161606,0.0,0.0,0.0,0.0,0.0,8.0,1.0,-1.000088900581841e-12,0.0,0.0,38.66666666666666,0.0,0.0,0.0,0.0,14.0,314.0,14.0,18,1,0.8040973111395646,143.87378728130662,633.5,0.0,0.0,0.0,0.0,4
710.0,5.0,1.0927612885894116,0.0,0.0,0.0,8.0,0.0,106.0,2.0,0.1606805620395462,0.0,0.0,35.03448275862069,0.0,0.0,0.0,0.0,32.0,820.0,16.0,18,1,0.8040973111395646,8.062257748298347,706.5,0.0,0.0,4.0,2.0,1
696.0,3.0,0.9831726166121963,0.0,0.0,0.0,0.0,0.0,44.0,1.0,-1.000088900581841e-12,0.0,0.0,31.0,0.0,0.0,0.0,0.0,20.0,408.0,12.0,19,1,0.8040973111395646,6.191391873668654,701.5,0.0,0.0,4.0,2.0,3
664.0,5.0,0.283013627828353,0.0,0.0,0.0,0.0,0.0,0.0,0.0,0.0,0.0,0.0,28.466666666666665,0.0,0.0,0.0,0.0,12.0,230.0,10.0,19,1,0.8040973111395646,19.66384160500344,692.0,0.0,0.0,4.0,2.0,5
682.0,5.0,1.133850152009387,0.0,0.0,0.0,0.0,0.0,0.0,0.0,0.0,0.0,0.0,25.066666666666663,0.0,0.0,0.0,0.0,32.0,514.0,18.0,20,1,0.8040973111395646,19.66384160500344,688.0,0.0,0.0,4.0,2.0,3
682.0,4.0,1.0191920200757754,0.0,0.0,0.0,0.0,0.0,0.0,0.0,0.0,0.0,0.0,20.23333333333333,0.0,0.0,0.0,0.0,40.0,640.0,30.0,20,1,0.8040973111395646,13.114877048603889,681.0,0.0,0.0,0.0,0.0,4
674.0,5.0,0.8038948325820193,0.0,0.0,0.0,0.0,0.0,24.0,2.0,0.4505612088643047,0.0,4.0,15.9,0.0,0.0,0.0,0.0,28.0,802.0,12.0,21,0,0.8040973111395646,8.544003745317356,675.5,0.0,0.0,0.0,0.0,4
326.0,4.0,0.7377591199749458,0.0,0.0,0.0,0.0,0.0,18.0,2.0,0.3488320958410319,0.0,2.0,12.642857142857142,0.0,0.0,0.0,0.0,40.0,3400.0,18.0,21,0,0.8040973111395646,176.70691365459737,591.0,0.0,0.0,0.0,0.0,4
270.0,4.0,1.0057091048435172,0.0,0.0,0.0,0.0,0.0,4.0,1.0,-1.000088900581841e-12,0.0,0.0,17.181818181818183,0.0,0.0,0.0,0.0,12.0,606.0,6.0,22,0,0.8040973111395646,220.60522810365728,488.0,0.0,0.0,0.0,0.0,3
714.0,6.0,0.7333769982615697,0.0,0.0,0.0,0.0,0.0,30.0,2.0,0.2449300267926353,0.0,4.0,23.366666666666667,0.0,0.0,0.0,0.0,8.0,518.0,4.0,22,0,0.8040973111395646,230.35045763647472,496.0,0.0,0.0,0.0,0.0,3
716.0,1.0,-1.000088900581841e-12,0.0,0.0,0.0,0.0,0.0,16.0,1.0,-1.000088900581841e-12,0.0,0.0,41.86666666666667,0.0,0.0,0.0,0.0,0.0,0.0,0.0,23,0,0.8040973111395646,241.83947844248536,506.5,0.0,0.0,0.0,0.0,3
144.0,1.0,-1.000088900581841e-12,0.0,0.0,0.0,0.0,0.0,0.0,0.0,0.0,0.0,0.0,63.766666666666666,0.0,0.0,0.0,0.0,0.0,0.0,0.0,23,0,0.8040973111395646,297.7717246482614,461.0,0.0,0.0,0.0,0.0,4
310.0,9.0,1.5610230346706224,0.0,0.0,0.0,0.0,0.0,8.0,2.0,0.6931471805579453,0.0,0.0,79.15789473684211,0.0,0.0,0.0,0.0,8.0,764.0,6.0,0,0,0.8040973111395646,289.7838274760458,471.0,0.0,0.0,0.0,0.0,2
696.0,7.0,1.3891440187098083,0.0,0.0,0.0,0.0,0.0,18.0,2.0,0.3488320958410319,0.0,0.0,75.46666666666667,0.0,0.0,0.0,0.0,6.0,860.0,6.0,7,0,0.8040973111395646,231.5887159024233,377.0,0.0,0.0,0.0,0.0,2
696.0,8.0,1.7085953764025834,0.0,0.0,0.0,0.0,0.0,0.0,0.0,0.0,0.0,0.0,70.13333333333334,0.0,0.0,0.0,0.0,18.0,798.0,18.0,8,1,0.8040973111395646,209.9174440901312,515.0,0.0,0.0,0.0,0.0,3
698.0,7.0,1.512011363058955,0.0,0.0,0.0,0.0,0.0,16.0,1.0,-1.000088900581841e-12,0.0,0.0,65.46666666666667,0.0,0.0,0.0,0.0,18.0,1218.0,16.0,8,1,0.8040973111395646,169.3359579849084,612.0,0.0,0.0,0.0,0.0,2
692.0,12.0,1.5040008827545093,0.0,0.0,0.0,0.0,0.0,4.0,1.0,-1.000088900581841e-12,0.0,0.0,59.03333333333333,0.0,0.0,0.0,0.0,16.0,844.0,16.0,9,1,0.8040973111395646,2.516611478422932,695.5,0.0,0.0,0.0,0.0,3
700.0,4.0,0.10403926486925,0.0,0.0,0.0,0.0,0.0,38.0,2.0,0.2061920506312318,0.0,2.0,60.06666666666667,0.0,0.0,0.0,0.0,6.0,20.0,6.0,9,1,0.8040973111395646,3.4156502553193806,696.5,0.0,0.0,0.0,0.0,2
676.0,6.0,0.8870260287397647,0.0,0.0,0.0,0.0,0.0,46.0,3.0,0.8378972277784775,0.0,0.0,66.0,0.0,0.0,0.0,0.0,12.0,612.0,10.0,10,1,0.8040973111395646,10.878112581386986,691.5,0.0,0.0,0.0,0.0,2
702.0,8.0,1.4989571284965355,0.0,0.0,0.0,0.0,0.0,20.0,1.0,-1.000088900581841e-12,0.0,0.0,65.33333333333333,0.0,0.0,0.0,0.0,14.0,458.0,10.0,10,1,0.8040973111395646,11.818065267490407,692.5,0.0,0.0,0.0,0.0,3
692.0,7.0,1.265910736858449,0.0,0.0,0.0,0.0,0.0,76.0,2.0,0.4361623253833442,0.0,0.0,61.06666666666667,0.0,0.0,0.0,0.0,20.0,572.0,18.0,11,1,0.8040973111395646,11.818065267490407,692.5,0.0,0.0,0.0,0.0,3
668.0,4.0,0.1492062304417438,0.0,0.0,0.0,0.0,0.0,8.0,1.0,-1.000088900581841e-12,0.0,0.0,58.333333333333336,0.0,0.0,0.0,0.0,14.0,82.0,14.0,11,1,0.8040973111395646,15.351438586225823,684.5,0.0,0.0,0.0,0.0,3
670.0,5.0,0.7497752535955127,0.0,0.0,0.0,0.0,0.0,4.0,1.0,-1.000088900581841e-12,0.0,0.0,56.766666666666666,0.0,0.0,0.0,0.0,8.0,462.0,8.0,12,1,0.8040973111395646,16.693312034065116,683.0,0.0,0.0,0.0,0.0,3
670.0,6.0,0.6125097696135176,0.0,0.0,0.0,0.0,0.0,46.0,2.0,0.5235863374792598,0.0,0.0,54.13333333333333,0.0,0.0,0.0,0.0,0.0,278.0,0.0,12,1,0.8040973111395646,11.372481406154485,675.0,0.0,0.0,0.0,0.0,2
702.0,9.0,1.5078922953919067,0.0,0.0,0.0,0.0,0.0,90.0,4.0,1.086048565418559,0.0,0.0,51.63333333333333,0.0,0.0,0.0,0.0,26.0,918.0,24.0,13,1,0.8040973111395646,16.360521589077248,677.5,0.0,0.0,0.0,0.0,1
718.0,9.0,1.4373939825612485,0.0,0.0,0.0,0.0,0.0,68.0,2.0,0.5455945739671844,0.0,0.0,44.833333333333336,0.0,0.0,0.0,0.0,4.0,828.0,4.0,13,1,0.8040973111395646,23.999999999999925,690.0,0.0,0.0,0.0,0.0,1
682.0,4.0,0.5194905778647279,0.0,0.0,0.0,0.0,0.0,16.0,1.0,-1.000088900581841e-12,0.0,0.0,39.833333333333336,0.0,0.0,0.0,0.0,14.0,26.0,12.0,14,1,0.8040973111395646,21.26029162546922,693.0,0.0,0.0,0.0,0.0,2
686.0,9.0,0.7955005773969659,0.0,0.0,0.0,0.0,0.0,60.0,3.0,0.9831047662659956,0.0,0.0,24.23333333333333,0.0,0.0,0.0,0.0,16.0,442.0,10.0,16,1,0.8040973111395646,131.29483361249723,625.5,0.0,0.0,0.0,0.0,2
678.0,4.0,0.7248372539347352,0.0,0.0,0.0,0.0,0.0,8.0,1.0,-1.000088900581841e-12,0.0,0.0,21.8,0.0,0.0,0.0,0.0,16.0,1196.0,14.0,17,1,0.8040973111395646,17.078251276599232,687.5,0.0,0.0,0.0,0.0,2
692.0,2.0,0.109950205672201,0.0,0.0,0.0,0.0,0.0,56.0,1.0,-1.000088900581841e-12,0.0,0.0,17.6,0.0,0.0,0.0,0.0,28.0,288.0,20.0,17,1,0.8040973111395646,14.514360704718046,692.0,0.0,0.0,0.0,0.0,2
684.0,6.0,1.2495656592422233,0.0,0.0,0.0,0.0,0.0,72.0,2.0,0.4505612088643047,0.0,0.0,15.3,0.0,0.0,0.0,0.0,12.0,422.0,10.0,18,1,0.8040973111395646,5.773502691895992,685.0,0.0,0.0,0.0,0.0,2
270.0,6.0,1.3582466190280806,0.0,0.0,0.0,0.0,0.0,24.0,3.0,0.9184277849900976,0.0,0.0,12.545454545454543,0.0,0.0,0.0,0.0,8.0,300.0,6.0,18,1,0.8040973111395646,207.41263220932325,581.0,0.0,0.0,0.0,0.0,2
686.0,6.0,0.4423297745257925,0.0,0.0,0.0,0.0,0.0,34.0,2.0,0.362210557133449,0.0,0.0,28.0,0.0,0.0,0.0,0.0,6.0,126.0,6.0,19,1,0.8040973111395646,197.3989192810673,533.5,0.0,0.0,0.0,0.0,1
694.0,5.0,0.8910378156578804,0.0,0.0,0.0,0.0,0.0,54.0,2.0,0.5297061990556545,0.0,0.0,28.0,0.0,0.0,0.0,0.0,14.0,572.0,14.0,20,1,0.8040973111395646,199.98666622219253,536.0,0.0,0.0,0.0,0.0,2
708.0,8.0,1.136214603032316,0.0,0.0,0.0,0.0,0.0,100.0,5.0,1.1642290912008586,0.0,0.0,27.9,0.0,0.0,0.0,0.0,22.0,270.0,16.0,20,1,0.8040973111395646,101.40841516692124,645.5,0.0,0.0,0.0,0.0,3
712.0,7.0,1.051197814698877,0.0,0.0,0.0,0.0,0.0,156.0,3.0,0.9777814651660224,0.0,0.0,22.866666666666667,0.0,0.0,0.0,0.0,24.0,300.0,20.0,21,0,0.8040973111395646,12.110601416389668,700.0,0.0,0.0,0.0,0.0,2
634.0,9.0,1.4294048236815386,0.0,14.0,0.0,0.0,0.0,224.0,4.0,0.9918090512767864,0.0,0.0,13.615384615384617,0.0,0.0,0.0,0.0,12.0,954.0,8.0,21,0,0.8040973111395646,36.16628264005014,687.0,7.0,3.5,0.0,0.0,1
668.0,8.0,0.458449273273051,0.0,0.0,0.0,0.0,0.0,16.0,1.0,-1.000088900581841e-12,0.0,0.0,5.966666666666667,0.0,0.0,0.0,0.0,2.0,268.0,2.0,22,0,0.8040973111395646,36.81937895547205,680.5,7.0,3.5,0.0,0.0,2
654.0,1.0,-1.000088900581841e-12,0.0,0.0,0.0,0.0,0.0,0.0,0.0,0.0,0.0,0.0,5.0,0.0,0.0,0.0,0.0,0.0,0.0,0.0,22,0,0.8040973111395646,33.08574718314004,667.0,7.0,3.5,0.0,0.0,2
274.0,1.0,-1.000088900581841e-12,0.0,0.0,0.0,0.0,0.0,0.0,0.0,0.0,0.0,0.0,5.0,2.0,0.0,0.0,0.0,0.0,0.0,0.0,23,0,0.8040973111395646,189.51429145757493,557.5,7.0,3.5,0.0,0.0,1
206.0,4.0,0.8751739949081543,0.0,0.0,0.0,0.0,0.0,8.0,1.0,-1.000088900581841e-12,0.0,0.0,4.666666666666667,0.0,0.0,0.0,0.0,4.0,176.0,4.0,23,0,0.8040973111395646,244.7113946400262,450.5,0.0,0.0,0.0,0.0,2
708.0,6.0,0.8716397279439531,0.0,0.0,0.0,0.0,0.0,284.0,2.0,0.19643645103183,0.0,2.0,26.6,0.0,0.0,0.0,0.0,6.0,554.0,4.0,8,1,0.8040973111395646,279.29136518458046,311.5,0.0,0.0,0.0,0.0,2
702.0,3.0,0.2510337890466013,0.0,0.0,0.0,0.0,0.0,4.0,1.0,-1.000088900581841e-12,0.0,0.0,43.833333333333336,0.0,0.0,0.0,0.0,12.0,120.0,10.0,9,1,0.8040973111395646,336.30293883144503,418.5,0.0,0.0,0.0,0.0,2
682.0,6.0,1.0326719289571895,0.0,0.0,0.0,0.0,0.0,12.0,1.0,-1.000088900581841e-12,0.0,0.0,45.7,0.0,0.0,0.0,0.0,24.0,324.0,20.0,9,1,0.8040973111395646,319.8598651493077,537.5,0.0,0.0,0.0,0.0,1
670.0,4.0,0.5932385227456966,0.0,0.0,0.0,0.0,0.0,4.0,1.0,-1.000088900581841e-12,0.0,0.0,41.96666666666667,0.0,0.0,0.0,0.0,14.0,202.0,12.0,10,1,0.8040973111395646,17.616280348964725,690.5,0.0,0.0,0.0,0.0,1
684.0,7.0,0.9365247863374998,0.0,0.0,0.0,0.0,0.0,28.0,2.0,0.6829081046984717,0.0,0.0,37.51724137931034,0.0,0.0,0.0,0.0,20.0,394.0,16.0,10,1,0.8040973111395646,13.203534880225083,684.5,0.0,0.0,0.0,0.0,2
714.0,8.0,0.9282444375929944,0.0,0.0,0.0,0.0,0.0,54.0,1.0,-1.000088900581841e-12,0.0,0.0,34.03333333333333,0.0,0.0,0.0,0.0,14.0,324.0,14.0,11,1,0.8040973111395646,18.717193521821603,687.5,0.0,0.0,0.0,0.0,1
714.0,9.0,0.9759816197980364,0.0,16.0,0.0,4.0,0.0,96.0,3.0,0.9069847801722022,0.0,0.0,31.1,0.0,0.0,0.0,0.0,32.0,274.0,32.0,11,1,0.8040973111395646,22.113344387495687,695.5,8.0,4.0,2.0,1.0,2
714.0,10.0,1.1043995952544006,0.0,36.0,0.0,0.0,0.0,118.0,5.0,1.0133878677023462,0.0,0.0,25.566666666666663,0.0,0.0,0.0,0.0,16.0,658.0,14.0,12,1,0.8040973111395646,14.999999999999565,706.5,17.08800749063506,13.0,2.0,1.0,3
708.0,3.0,0.0697229221944734,0.0,14.0,0.0,0.0,0.0,28.0,1.0,-1.000088900581841e-12,0.0,2.0,26.6,0.0,0.0,0.0,0.0,16.0,28.0,12.0,12,1,0.8040973111395646,2.999999999997827,712.5,14.82115605027714,16.5,2.0,1.0,2
702.0,5.0,0.7442236951735971,0.0,0.0,0.0,0.0,0.0,6.0,2.0,0.6365141682928128,0.0,0.0,45.0,0.0,0.0,0.0,0.0,8.0,352.0,6.0,13,1,0.8040973111395646,5.7445626465368935,709.5,14.82115605027714,16.5,2.0,1.0,2
712.0,7.0,0.9773949655822732,0.0,54.0,0.0,0.0,0.0,224.0,3.0,0.7369706031674983,0.0,2.0,46.266666666666666,0.0,0.0,0.0,0.0,10.0,464.0,8.0,13,1,0.8040973111395646,5.2915026221279495,709.0,23.83275057562597,26.0,0.0,0.0,2
716.0,1.0,-1.000088900581841e-12,0.0,0.0,0.0,0.0,0.0,2.0,1.0,-1.000088900581841e-12,0.0,0.0,62.23333333333333,0.0,0.0,0.0,0.0,0.0,0.0,0.0,14,1,0.8040973111395646,5.972157622388546,709.5,25.534290669607408,17.0,0.0,0.0,2
356.0,1.0,-1.000088900581841e-12,0.0,0.0,0.0,0.0,0.0,0.0,0.0,0.0,0.0,0.0,80.06666666666666,0.0,0.0,0.0,0.0,0.0,0.0,0.0,14,1,0.8040973111395646,177.09790136155385,621.5,27.0,13.5,0.0,0.0,2
206.0,4.0,0.706596743111199,0.0,0.0,0.0,0.0,0.0,116.0,3.0,0.7559940199098928,0.0,0.0,93.1,0.0,0.0,0.0,0.0,6.0,88.0,6.0,15,1,0.8040973111395646,257.3888109456197,497.5,27.0,13.5,0.0,0.0,1
702.0,6.0,1.3443683078440578,0.0,0.0,0.0,0.0,0.0,74.0,4.0,0.9179869907599064,0.0,0.0,93.36666666666666,0.0,0.0,0.0,0.0,26.0,1678.0,18.0,15,1,0.8040973111395646,254.6448507235125,495.0,0.0,0.0,0.0,0.0,1
706.0,6.0,1.4512962931930748,0.0,0.0,0.0,0.0,0.0,98.0,4.0,1.2207216103422902,0.0,0.0,86.46666666666667,0.0,0.0,0.0,0.0,34.0,662.0,26.0,16,1,0.8040973111395646,251.7849611606433,492.5,0.0,0.0,0.0,0.0,1
710.0,6.0,1.3340159128846956,0.0,0.0,0.0,2.0,0.0,124.0,4.0,1.2127396242512167,0.0,0.0,79.66666666666667,0.0,0.0,0.0,0.0,24.0,316.0,18.0,16,1,0.8040973111395646,250.0213324231888,581.0,0.0,0.0,1.0,0.5,1
710.0,8.0,1.1572939890755751,0.0,0.0,0.0,2.0,0.0,138.0,3.0,0.7481574717150716,0.0,0.0,76.16666666666667,0.0,0.0,0.0,0.0,22.0,564.0,20.0,17,1,0.8040973111395646,3.8297084310228193,707.0,0.0,0.0,1.1547005383792517,1.0,1
694.0,11.0,1.4695327391904376,0.0,0.0,0.0,0.0,0.0,40.0,1.0,-1.000088900581841e-12,0.0,0.0,70.0,0.0,0.0,0.0,0.0,10.0,1048.0,10.0,17,1,0.8040973111395646,7.571877794399079,705.0,0.0,0.0,1.1547005383792517,1.0,1
682.0,8.0,1.0639966837846146,0.0,0.0,0.0,0.0,0.0,36.0,1.0,-1.000088900581841e-12,0.0,0.0,65.46666666666667,0.0,0.0,0.0,0.0,12.0,830.0,10.0,18,1,0.8040973111395646,13.613718571107368,699.0,0.0,0.0,1.1547005383792517,1.0,2
692.0,5.0,0.313732392147329,0.0,0.0,0.0,0.0,0.0,96.0,3.0,0.8365651720850257,0.0,0.0,60.6,0.0,0.0,0.0,0.0,10.0,68.0,10.0,18,1,0.8040973111395646,11.59022576714163,694.5,0.0,0.0,1.0,0.5,2
710.0,5.0,0.9990321764005046,0.0,0.0,0.0,0.0,0.0,78.0,5.0,1.0718830379849444,0.0,0.0,54.689655172413794,0.0,0.0,0.0,0.0,2.0,436.0,2.0,19,1,0.8040973111395646,11.59022576714163,694.5,0.0,0.0,0.0,0.0,1
716.0,6.0,1.086553529399562,0.0,0.0,0.0,0.0,0.0,58.0,2.0,0.5098156995796888,0.0,0.0,52.46666666666667,0.0,0.0,0.0,0.0,2.0,560.0,2.0,19,1,0.8040973111395646,15.748015748023008,700.0,0.0,0.0,0.0,0.0,2
716.0,5.0,0.9312814299226654,0.0,0.0,0.0,0.0,0.0,40.0,3.0,1.0296530140615734,0.0,0.0,45.23333333333333,0.0,0.0,0.0,0.0,14.0,136.0,10.0,20,1,0.8040973111395646,11.357816691599696,708.5,0.0,0.0,0.0,0.0,2
716.0,10.0,1.9443708737453125,0.0,0.0,0.0,0.0,0.0,122.0,4.0,0.885891206859635,0.0,0.0,38.266666666666666,0.0,0.0,0.0,0.0,24.0,736.0,18.0,20,1,0.8040973111395646,2.999999999996779,714.5,0.0,0.0,0.0,0.0,2
694.0,7.0,1.357686794128011,0.0,0.0,0.0,0.0,0.0,176.0,4.0,0.9483895825335052,0.0,0.0,30.4,0.0,0.0,0.0,0.0,22.0,954.0,16.0,21,0,0.8040973111395646,10.99999999999912,710.5,0.0,0.0,0.0,0.0,1
700.0,7.0,0.7956088673274359,0.0,0.0,0.0,0.0,0.0,52.0,2.0,0.5402041423868609,0.0,0.0,25.766666666666666,0.0,0.0,0.0,0.0,20.0,398.0,20.0,21,0,0.8040973111395646,11.239810200057375,706.5,0.0,0.0,0.0,0.0,1
696.0,8.0,1.6218504675599923,0.0,0.0,0.0,0.0,0.0,12.0,2.0,0.6365141682928128,0.0,0.0,19.433333333333334,0.0,0.0,0.0,0.0,18.0,1108.0,12.0,22,0,0.8040973111395646,9.983319421246993,701.5,0.0,0.0,0.0,0.0,2
678.0,6.0,1.109023148578958,0.0,0.0,0.0,0.0,0.0,0.0,0.0,0.0,0.0,0.0,14.433333333333334,0.0,0.0,0.0,0.0,4.0,658.0,4.0,22,0,0.8040973111395646,9.660917830791943,692.0,0.0,0.0,0.0,0.0,1
638.0,3.0,0.3921911299692514,0.0,0.0,0.0,0.0,0.0,2.0,1.0,-1.000088900581841e-12,0.0,0.0,11.482758620689657,0.0,0.0,0.0,0.0,6.0,170.0,6.0,23,0,0.8040973111395646,28.331372481167367,678.0,0.0,0.0,0.0,0.0,1
400.0,4.0,0.6983012405009161,0.0,0.0,0.0,0.0,0.0,2.0,1.0,-1.000088900581841e-12,0.0,0.0,97.55555555555556,0.0,0.0,0.0,0.0,6.0,416.0,4.0,7,0,0.8040973111395646,137.4869690794973,603.0,0.0,0.0,0.0,0.0,1
692.0,7.0,1.292294567974169,0.0,0.0,0.0,0.0,0.0,4.0,1.0,-1.000088900581841e-12,0.0,0.0,95.03333333333332,0.0,0.0,0.0,0.0,10.0,952.0,10.0,7,0,0.8040973111395646,136.5967300731121,602.0,0.0,0.0,0.0,0.0,2
672.0,1.0,-1.000088900581841e-12,0.0,0.0,0.0,0.0,0.0,0.0,0.0,0.0,0.0,0.0,91.0,0.0,0.0,0.0,0.0,6.0,0.0,6.0,8,1,0.8040973111395646,142.2626678600772,613.0,0.0,0.0,0.0,0.0,1
680.0,6.0,0.4199307699323057,0.0,0.0,0.0,0.0,0.0,4.0,1.0,-1.000088900581841e-12,0.0,0.0,89.46666666666667,0.0,0.0,0.0,0.0,4.0,202.0,4.0,9,1,0.8040973111395646,8.869423130432013,683.0,0.0,0.0,0.0,0.0,1
676.0,3.0,0.0403555116112714,0.0,0.0,0.0,0.0,0.0,6.0,1.0,-1.000088900581841e-12,0.0,0.0,87.44827586206897,0.0,0.0,0.0,0.0,2.0,18.0,2.0,9,1,0.8040973111395646,6.831300510637957,679.0,0.0,0.0,0.0,0.0,1
672.0,2.0,0.0510180467781919,0.0,0.0,0.0,0.0,0.0,24.0,1.0,-1.000088900581841e-12,0.0,0.0,86.3,0.0,0.0,0.0,0.0,2.0,22.0,2.0,10,1,0.8040973111395646,3.829708431022186,675.0,0.0,0.0,0.0,0.0,1
688.0,6.0,0.5714118281647631,0.0,0.0,0.0,0.0,0.0,28.0,2.0,0.410116318286409,0.0,0.0,84.33333333333333,0.0,0.0,0.0,0.0,10.0,374.0,10.0,10,1,0.8040973111395646,6.831300510637957,679.0,0.0,0.0,0.0,0.0,1
712.0,4.0,0.5435560807191323,0.0,0.0,0.0,0.0,0.0,2.0,1.0,-1.000088900581841e-12,0.0,0.0,79.1,0.0,0.0,0.0,0.0,12.0,390.0,12.0,11,1,0.8040973111395646,17.999999999999336,687.0,0.0,0.0,0.0,0.0,1
714.0,5.0,0.1582608523123188,0.0,0.0,0.0,0.0,0.0,20.0,1.0,-1.000088900581841e-12,0.0,0.0,75.3,0.0,0.0,0.0,0.0,4.0,74.0,4.0,11,1,0.8040973111395646,20.15771151032056,696.5,0.0,0.0,0.0,0.0,1
716.0,2.0,0.0484166396674798,0.0,0.0,0.0,0.0,0.0,32.0,2.0,0.3767701612544368,0.0,0.0,71.7,0.0,0.0,0.0,0.0,4.0,24.0,4.0,12,1,0.8040973111395646,13.102162671354815,707.5,0.0,0.0,0.0,0.0,1
714.0,8.0,1.4215932489458916,0.0,0.0,0.0,0.0,0.0,30.0,3.0,0.6277052571941504,0.0,0.0,67.33333333333333,0.0,0.0,0.0,0.0,6.0,1182.0,6.0,12,1,0.8040973111395646,1.6329931618483742,714.0,0.0,0.0,0.0,0.0,1
716.0,9.0,1.185178279166659,0.0,0.0,0.0,0.0,0.0,64.0,2.0,0.2337916587044593,0.0,0.0,58.8,0.0,0.0,0.0,0.0,10.0,2834.0,8.0,13,1,0.8040973111395646,1.1547005383692583,715.0,0.0,0.0,0.0,0.0,1
712.0,2.0,0.073854455572813,0.0,0.0,0.0,0.0,0.0,58.0,1.0,-1.000088900581841e-12,0.0,0.0,53.0,0.0,0.0,0.0,0.0,0.0,92.0,0.0,13,1,0.8040973111395646,1.914854215506655,714.5,0.0,0.0,0.0,0.0,1
680.0,4.0,0.4847234346217636,0.0,0.0,0.0,0.0,0.0,36.0,2.0,0.5297061990556545,0.0,0.0,52.23333333333333,0.0,0.0,0.0,0.0,4.0,236.0,4.0,14,1,0.8040973111395646,17.078251276598657,705.5,0.0,0.0,0.0,0.0,1
696.0,9.0,1.5450263829886877,0.0,0.0,0.0,0.0,0.0,48.0,3.0,0.4563344322902883,0.0,0.0,47.43333333333333,0.0,0.0,0.0,0.0,8.0,764.0,4.0,14,1,0.8040973111395646,16.45195023900338,701.0,0.0,0.0,0.0,0.0,1
702.0,7.0,0.7092598370204982,0.0,0.0,0.0,0.0,0.0,236.0,4.0,0.6449129268976921,0.0,0.0,42.03333333333333,0.0,0.0,0.0,0.0,22.0,264.0,22.0,15,1,0.8040973111395646,13.403979508587868,697.5,0.0,0.0,0.0,0.0,1
714.0,5.0,0.4359620014301049,0.0,0.0,0.0,0.0,0.0,66.0,2.0,0.2286318735808613,0.0,0.0,37.333333333333336,0.0,0.0,0.0,0.0,14.0,226.0,12.0,15,1,0.8040973111395646,14.14213562373013,698.0,0.0,0.0,0.0,0.0,2
714.0,4.0,0.0999174571790048,0.0,0.0,0.0,0.0,0.0,60.0,1.0,-1.000088900581841e-12,0.0,0.0,34.43333333333333,0.0,0.0,0.0,0.0,6.0,56.0,4.0,16,1,0.8040973111395646,8.999999999998712,706.5,0.0,0.0,0.0,0.0,3
714.0,3.0,0.497012146730934,0.0,0.0,0.0,0.0,0.0,68.0,2.0,0.362210557133449,0.0,0.0,31.83333333333333,0.0,0.0,0.0,0.0,8.0,218.0,6.0,16,1,0.8040973111395646,5.999999999998067,711.0,0.0,0.0,0.0,0.0,2
716.0,6.0,0.7739679928990215,0.0,0.0,0.0,0.0,0.0,58.0,2.0,0.2509548043556198,0.0,0.0,27.03333333333333,0.0,0.0,0.0,0.0,12.0,506.0,12.0,17,1,0.8040973111395646,0.999999999988404,714.5,0.0,0.0,0.0,0.0,2
708.0,2.0,0.4505612088643047,0.0,0.0,0.0,0.0,0.0,66.0,3.0,0.4533509617105249,0.0,0.0,21.666666666666668,0.0,0.0,0.0,0.0,6.0,206.0,6.0,17,1,0.8040973111395646,3.464101615134399,713.0,0.0,0.0,0.0,0.0,2
236.0,2.0,0.5576319467029174,0.0,0.0,0.0,0.0,0.0,44.0,1.0,-1.000088900581841e-12,0.0,0.0,17.79310344827586,0.0,0.0,0.0,0.0,6.0,274.0,4.0,18,1,0.8040973111395646,233.45163667592192,585.5,0.0,0.0,0.0,0.0,2
308.0,9.0,1.5461398285922796,0.0,0.0,0.0,0.0,0.0,26.0,1.0,-1.000088900581841e-12,0.0,0.0,13.307692307692308,0.0,0.0,0.0,0.0,4.0,794.0,4.0,19,1,0.8040973111395646,246.2106144476039,483.5,0.0,0.0,0.0,0.0,1
692.0,10.0,1.2094812845153105,0.0,0.0,0.0,0.0,0.0,8.0,2.0,0.6931471805579453,0.0,0.0,16.214285714285715,0.0,0.0,0.0,0.0,4.0,1946.0,2.0,20,1,0.8040973111395646,203.73512215619567,393.0,0.0,0.0,0.0,0.0,2
384.0,4.0,0.2138016547814,0.0,0.0,0.0,0.0,0.0,4.0,1.0,-1.000088900581841e-12,0.0,0.0,3.0,0.0,0.0,0.0,0.0,2.0,32.0,2.0,21,0,0.8040973111395646,159.7498043817268,458.0,0.0,0.0,0.0,0.0,1
704.0,2.0,0.4475000784106859,0.0,0.0,0.0,0.0,0.0,2.0,1.0,-1.000088900581841e-12,0.0,4.0,32.3,0.0,0.0,0.0,0.0,10.0,140.0,8.0,9,1,0.8040973111395646,278.1863883562002,384.5,0.0,0.0,0.0,0.0,1
712.0,10.0,1.4596503123729807,0.0,20.0,0.0,0.0,0.0,176.0,3.0,0.747300190748555,0.0,2.0,34.6,0.0,0.0,0.0,0.0,18.0,808.0,16.0,9,1,0.8040973111395646,322.7604891143483,466.5,10.0,5.0,0.0,0.0,1
708.0,9.0,0.9517991084974342,0.0,0.0,0.0,0.0,0.0,112.0,2.0,0.4692203484395988,0.0,0.0,27.866666666666667,0.0,0.0,0.0,0.0,18.0,636.0,16.0,10,1,0.8040973111395646,142.03755371966471,637.0,10.0,5.0,0.0,0.0,1
696.0,6.0,1.139649201083047,0.0,0.0,0.0,0.0,0.0,26.0,1.0,-1.000088900581841e-12,0.0,0.0,20.4,0.0,2.0,0.0,2.0,18.0,322.0,18.0,10,1,0.8040973111395646,6.831300510637957,705.0,10.0,5.0,0.0,0.0,1
668.0,3.0,0.0569868713840965,0.0,0.0,0.0,0.0,0.0,0.0,0.0,0.0,0.0,0.0,17.433333333333334,0.0,0.0,0.0,0.0,2.0,28.0,2.0,11,1,0.8040973111395646,19.866219234334515,696.0,10.0,5.0,0.0,0.0,1
670.0,3.0,0.3434328203026417,0.0,0.0,0.0,0.0,0.0,36.0,1.0,-1.000088900581841e-12,0.0,0.0,13.566666666666666,0.0,0.0,0.0,0.0,4.0,64.0,4.0,11,1,0.8040973111395646,19.68925256749586,685.5,0.0,0.0,0.0,0.0,1
122.0,5.0,0.9267717147453388,0.0,0.0,0.0,0.0,0.0,6.0,2.0,0.6365141682928128,0.0,0.0,12.8,0.0,0.0,0.0,0.0,8.0,154.0,8.0,12,1,0.8040973111395646,278.2924121615008,539.0,0.0,0.0,0.0,0.0,1
718.0,1.0,-1.000088900581841e-12,0.0,0.0,0.0,0.0,0.0,14.0,1.0,-1.000088900581841e-12,0.0,0.0,33.96666666666667,0.0,0.0,0.0,0.0,0.0,0.0,0.0,13,1,0.8040973111395646,309.9908600803148,427.5,0.0,0.0,0.0,0.0,1
318.0,5.0,1.1803460959468843,0.0,0.0,0.0,0.0,0.0,64.0,3.0,0.538556946257942,0.0,0.0,50.5,0.0,0.0,0.0,0.0,6.0,634.0,4.0,14,1,0.8040973111395646,264.8842514508302,339.5,0.0,0.0,0.0,0.0,1
712.0,3.0,0.4730705365413832,0.0,0.0,0.0,0.0,0.0,44.0,3.0,0.9369181202474688,0.0,8.0,56.66666666666666,0.0,0.0,0.0,0.0,6.0,508.0,4.0,14,1,0.8040973111395646,267.6540055120914,487.0,0.0,0.0,0.0,0.0,1
678.0,5.0,1.1360547206635392,0.0,0.0,0.0,0.0,0.0,18.0,3.0,0.964962923004428,0.0,0.0,61.3,0.0,0.0,0.0,0.0,18.0,754.0,16.0,15,1,0.8040973111395646,193.1381198348304,606.5,0.0,0.0,0.0,0.0,1
708.0,8.0,0.7966802035486161,0.0,0.0,0.0,0.0,0.0,14.0,2.0,0.410116318286409,0.0,4.0,60.333333333333336,0.0,0.0,0.0,0.0,18.0,454.0,10.0,15,1,0.8040973111395646,191.2694434560836,604.0,0.0,0.0,0.0,0.0,2
658.0,1.0,-1.000088900581841e-12,0.0,0.0,0.0,0.0,0.0,26.0,2.0,0.2711893730398441,0.0,0.0,68.0,0.0,0.0,0.0,0.0,2.0,0.0,0.0,16,1,0.8040973111395646,25.63851269737192,689.0,0.0,0.0,0.0,0.0,1
578.0,11.0,1.265418651599042,0.0,0.0,0.0,0.0,0.0,102.0,5.0,0.6416289550121239,0.0,0.0,67.2,0.0,0.0,0.0,0.0,6.0,470.0,4.0,16,1,0.8040973111395646,55.60275772537398,655.5,0.0,0.0,0.0,0.0,1
716.0,9.0,1.3522884673980662,0.0,0.0,0.0,0.0,0.0,24.0,1.0,-1.000088900581841e-12,0.0,0.0,60.13333333333333,0.0,0.0,2.0,2.0,12.0,1196.0,6.0,17,1,0.8040973111395646,63.42449579355469,665.0,0.0,0.0,0.0,0.0,2
674.0,6.0,0.5293658042662113,0.0,0.0,0.0,0.0,0.0,22.0,2.0,0.3046360973472382,0.0,0.0,54.56666666666667,0.0,0.0,0.0,0.0,4.0,154.0,4.0,17,1,0.8040973111395646,57.76677245614445,656.5,0.0,0.0,0.0,0.0,1
676.0,5.0,0.4144227745063608,0.0,0.0,0.0,0.0,0.0,50.0,2.0,0.167944147732173,0.0,0.0,51.8,0.0,0.0,0.0,0.0,12.0,214.0,12.0,18,1,0.8040973111395646,58.61740355901112,661.0,0.0,0.0,0.0,0.0,1
680.0,4.0,1.1777305625532348,0.0,0.0,0.0,0.0,0.0,58.0,1.0,-1.000088900581841e-12,0.0,0.0,48.53333333333333,0.0,0.0,0.0,0.0,16.0,522.0,14.0,18,1,0.8040973111395646,19.824227601598253,686.5,0.0,0.0,0.0,0.0,2
680.0,4.0,0.9311362896971938,0.0,0.0,0.0,0.0,0.0,10.0,1.0,-1.000088900581841e-12,0.0,0.0,43.96666666666667,0.0,0.0,0.0,0.0,22.0,572.0,20.0,19,1,0.8040973111395646,2.999999999994944,677.5,0.0,0.0,0.0,0.0,1
662.0,1.0,-1.000088900581841e-12,0.0,0.0,0.0,0.0,0.0,8.0,1.0,-1.000088900581841e-12,0.0,0.0,42.0,0.0,0.0,0.0,0.0,0.0,0.0,0.0,19,1,0.8040973111395646,8.544003745315749,674.5,0.0,0.0,0.0,0.0,1
700.0,9.0,1.1244694049144126,0.0,0.0,0.0,0.0,0.0,36.0,1.0,-1.000088900581841e-12,0.0,0.0,38.6,0.0,4.0,0.0,0.0,4.0,1044.0,4.0,20,1,0.8040973111395646,15.524174696259042,680.5,0.0,0.0,0.0,0.0,1
676.0,4.0,1.3549233734808213,0.0,0.0,0.0,0.0,0.0,0.0,0.0,0.0,0.0,0.0,30.53333333333333,0.0,0.0,0.0,0.0,32.0,446.0,24.0,20,1,0.8040973111395646,15.6950098226571,679.5,0.0,0.0,0.0,0.0,1
682.0,9.0,1.5346671990525789,0.0,0.0,0.0,0.0,0.0,0.0,0.0,0.0,0.0,0.0,26.20689655172414,0.0,0.0,0.0,0.0,16.0,626.0,12.0,21,0,0.8040973111395646,15.748015748022654,680.0,0.0,0.0,0.0,0.0,1
718.0,10.0,1.7009972918998586,0.0,0.0,0.0,0.0,0.0,0.0,0.0,0.0,0.0,0.0,17.0,0.0,0.0,2.0,2.0,2.0,1682.0,0.0,21,0,0.8040973111395646,18.97366596100948,694.0,0.0,0.0,0.0,0.0,1
374.0,7.0,1.2167140950810849,0.0,0.0,0.0,0.0,0.0,4.0,1.0,-1.000088900581841e-12,0.0,4.0,15.8125,0.0,0.0,0.0,0.0,4.0,674.0,0.0,8,1,0.8040973111395646,155.34906930308048,600.0,0.0,0.0,0.0,0.0,2
718.0,5.0,1.2002880303068295,0.0,0.0,0.0,0.0,0.0,2.0,1.0,-1.000088900581841e-12,0.0,0.0,27.766666666666666,0.0,0.0,0.0,0.0,2.0,704.0,2.0,9,1,0.8040973111395646,162.55870734394176,609.0,0.0,0.0,0.0,0.0,1
688.0,8.0,0.3697035888220177,0.0,0.0,0.0,0.0,0.0,32.0,5.0,1.3862943611148906,0.0,16.0,35.03333333333333,0.0,0.0,0.0,0.0,12.0,128.0,10.0,9,1,0.8040973111395646,156.4299630292525,601.5,0.0,0.0,0.0,0.0,2
700.0,9.0,1.6610194916868266,0.0,0.0,0.0,0.0,0.0,0.0,0.0,0.0,0.0,0.0,36.4,0.0,0.0,0.0,0.0,24.0,698.0,22.0,10,1,0.8040973111395646,164.46276174259015,620.0,0.0,0.0,0.0,0.0,1
696.0,9.0,1.3302361125051592,0.0,0.0,0.0,0.0,0.0,0.0,0.0,0.0,0.0,0.0,31.3,0.0,0.0,0.0,0.0,18.0,1068.0,18.0,10,1,0.8040973111395646,12.688577540448373,700.5,0.0,0.0,0.0,0.0,1
696.0,11.0,1.767925374316099,0.0,0.0,0.0,0.0,0.0,20.0,2.0,0.6730116670072565,0.0,0.0,23.73333333333333,0.0,0.0,0.0,0.0,28.0,870.0,20.0,11,1,0.8040973111395646,5.033222956844255,695.0,0.0,0.0,0.0,0.0,1
654.0,9.0,1.4945182544100768,0.0,0.0,0.0,0.0,0.0,34.0,3.0,0.5783252866571272,0.0,0.0,14.607142857142858,0.0,0.0,0.0,0.0,22.0,802.0,16.0,11,1,0.8040973111395646,21.74856317093088,686.5,0.0,0.0,0.0,0.0,1
716.0,6.0,1.3314528382715145,0.0,28.0,0.0,0.0,0.0,46.0,1.0,-1.000088900581841e-12,0.0,0.0,77.46666666666667,0.0,0.0,0.0,0.0,26.0,842.0,20.0,14,1,0.8040973111395646,190.0973434848577,594.5,13.403979508588732,10.5,0.0,0.0,1
714.0,5.0,1.2645537766013548,0.0,32.0,0.0,0.0,0.0,74.0,2.0,0.3425415079699701,0.0,0.0,72.75862068965517,0.0,0.0,0.0,0.0,18.0,122.0,16.0,15,1,0.8040973111395646,193.48384945519348,599.0,14.548768561863463,18.5,0.0,0.0,1
714.0,7.0,1.5142227198338982,0.0,88.0,0.0,0.0,0.0,206.0,1.0,-1.000088900581841e-12,0.0,0.0,67.93333333333334,0.0,0.0,0.0,0.0,18.0,562.0,14.0,15,1,0.8040973111395646,201.33554082675016,614.0,32.593455375785695,40.5,0.0,0.0,1
714.0,7.0,0.7975069320210811,0.0,56.0,0.0,2.0,0.0,124.0,2.0,0.1425058673907378,0.0,0.0,62.46666666666667,0.0,0.0,0.0,0.0,26.0,616.0,26.0,16,1,0.8040973111395646,0.9999999999886786,714.5,27.5922694487665,51.0,1.0,0.5,1
696.0,3.0,0.3139319954832694,0.0,0.0,0.0,0.0,0.0,94.0,2.0,0.175975125095627,0.0,0.0,58.3,0.0,0.0,0.0,0.0,10.0,102.0,10.0,16,1,0.8040973111395646,8.999999999998742,709.5,37.2379734500505,44.0,1.0,0.5,1
698.0,6.0,0.7008385663666243,0.0,0.0,0.0,4.0,0.0,50.0,2.0,0.5510799280849727,0.0,0.0,55.766666666666666,0.0,2.0,0.0,2.0,12.0,416.0,12.0,17,1,0.8040973111395646,9.848857801794956,705.5,43.57369236898184,36.0,1.914854215512676,1.5,1
696.0,9.0,1.4087079827370186,0.0,0.0,0.0,0.0,0.0,32.0,1.0,-1.000088900581841e-12,0.0,0.0,51.8,0.0,0.0,0.0,0.0,12.0,744.0,10.0,17,1,0.8040973111395646,8.717797887080039,701.0,28.0,14.0,1.914854215512676,1.5,1
668.0,2.0,0.0512696782567,0.0,0.0,0.0,0.0,0.0,10.0,2.0,0.5004024235361879,0.0,0.0,39.73333333333333,0.0,0.0,2.0,2.0,8.0,22.0,8.0,19,1,0.8040973111395646,19.95828983989635,689.5,0.0,0.0,0.0,0.0,1
656.0,1.0,-1.000088900581841e-12,0.0,0.0,0.0,0.0,0.0,0.0,0.0,0.0,0.0,0.0,39.0,0.0,0.0,0.0,0.0,0.0,0.0,0.0,19,1,0.8040973111395646,24.99999999999953,679.5,0.0,0.0,0.0,0.0,1
666.0,3.0,0.3989905631538637,0.0,0.0,0.0,0.0,0.0,0.0,0.0,0.0,0.0,0.0,37.689655172413794,0.0,0.0,0.0,0.0,2.0,140.0,2.0,20,1,0.8040973111395646,25.871477215909227,676.0,0.0,0.0,0.0,0.0,1
668.0,5.0,0.6825054536692261,0.0,0.0,0.0,0.0,0.0,76.0,1.0,-1.000088900581841e-12,0.0,0.0,35.86666666666667,0.0,0.0,0.0,0.0,8.0,262.0,8.0,20,1,0.8040973111395646,5.744562646536061,664.5,0.0,0.0,0.0,0.0,1
718.0,8.0,1.0117292865495575,0.0,0.0,0.0,0.0,0.0,8.0,1.0,-1.000088900581841e-12,0.0,0.0,29.633333333333333,0.0,0.0,0.0,0.0,4.0,1346.0,0.0,21,0,0.8040973111395646,27.832834326863725,677.0,0.0,0.0,0.0,0.0,1
698.0,9.0,1.7821797786644298,0.0,0.0,0.0,0.0,0.0,4.0,1.0,-1.000088900581841e-12,0.0,0.0,21.33333333333333,0.0,0.0,0.0,0.0,6.0,1262.0,4.0,21,0,0.8040973111395646,25.05327656548428,687.5,0.0,0.0,0.0,0.0,1
664.0,2.0,0.37382916927057,0.0,0.0,0.0,0.0,0.0,0.0,0.0,0.0,0.0,0.0,17.1,0.0,0.0,0.0,0.0,0.0,176.0,0.0,22,0,0.8040973111395646,25.638512697372096,687.0,0.0,0.0,0.0,0.0,1
652.0,1.0,-1.000088900581841e-12,0.0,0.0,0.0,0.0,0.0,0.0,0.0,0.0,0.0,0.0,17.0,0.0,0.0,0.0,0.0,0.0,0.0,0.0,22,0,0.8040973111395646,30.39736830714095,683.0,0.0,0.0,0.0,0.0,1
76.0,1.0,-1.000088900581841e-12,0.0,0.0,0.0,0.0,0.0,0.0,0.0,0.0,0.0,0.0,17.0,2.0,0.0,0.0,0.0,0.0,0.0,0.0,23,0,0.8040973111395646,298.30353668704635,522.5,0.0,0.0,0.0,0.0,1
408.0,3.0,1.0912655697771174,0.0,0.0,0.0,0.0,0.0,4.0,1.0,-1.000088900581841e-12,0.0,0.0,15.0,0.0,0.0,0.0,0.0,8.0,504.0,6.0,23,0,0.8040973111395646,275.826032128949,450.0,0.0,0.0,0.0,0.0,2
68.0,3.0,0.5165455158857507,0.0,0.0,0.0,0.0,0.0,8.0,2.0,0.5623351446168083,0.0,0.0,11.0,0.0,0.0,0.0,0.0,0.0,280.0,0.0,0,0,0.8040973111395646,282.585680222241,301.0,0.0,0.0,0.0,0.0,1
714.0,7.0,1.2582157272817809,0.0,0.0,0.0,0.0,0.0,54.0,2.0,0.2640520518236287,0.0,0.0,13.733333333333333,0.0,0.0,0.0,0.0,20.0,320.0,20.0,9,1,0.8040973111395646,191.63420014879043,589.5,0.0,0.0,0.0,0.0,1
202.0,3.0,0.5655340346846991,0.0,0.0,0.0,0.0,0.0,20.0,4.0,1.1935496040941331,0.0,0.0,15.22222222222222,0.0,0.0,0.0,0.0,4.0,28.0,4.0,10,1,0.8040973111395646,242.36061286163363,564.0,0.0,0.0,0.0,0.0,1
718.0,1.0,-1.000088900581841e-12,0.0,0.0,0.0,0.0,0.0,2.0,1.0,-1.000088900581841e-12,0.0,0.0,27.666666666666668,0.0,0.0,0.0,0.0,0.0,0.0,0.0,10,1,0.8040973111395646,251.57835094989127,578.5,0.0,0.0,0.0,0.0,1
256.0,1.0,-1.000088900581841e-12,0.0,0.0,0.0,0.0,0.0,108.0,4.0,0.2755931712095223,0.0,0.0,47.5,0.0,0.0,0.0,0.0,0.0,0.0,0.0,11,1,0.8040973111395646,282.0372315847679,472.5,0.0,0.0,0.0,0.0,1
416.0,11.0,1.552794613916555,0.0,30.0,0.0,0.0,0.0,52.0,6.0,1.1722099058154904,0.0,0.0,64.46666666666667,0.0,0.0,0.0,0.0,16.0,624.0,16.0,11,1,0.8040973111395646,231.87927893626028,398.0,14.999999999999996,7.5,0.0,0.0,1
704.0,13.0,1.4610383185202551,0.0,16.0,0.0,0.0,0.0,256.0,4.0,0.5254428276638887,0.0,2.0,64.4,0.0,0.0,0.0,0.0,10.0,1098.0,8.0,12,1,0.8040973111395646,226.2174470135612,523.5,14.456832294800956,11.5,0.0,0.0,2
718.0,3.0,0.2773832788839967,0.0,0.0,0.0,0.0,0.0,10.0,2.0,0.5004024235361879,0.0,0.0,69.96666666666667,0.0,0.0,0.0,2.0,4.0,70.0,4.0,12,1,0.8040973111395646,226.2174470135612,523.5,14.456832294800956,11.5,0.0,0.0,1
700.0,13.0,1.699380785298602,0.0,0.0,0.0,0.0,0.0,4.0,2.0,0.6931471805579453,0.0,0.0,73.9,0.0,0.0,2.0,0.0,14.0,1092.0,12.0,13,1,0.8040973111395646,145.87094753011422,634.5,14.456832294800956,11.5,0.0,0.0,1
666.0,5.0,0.4357966905970583,0.0,0.0,0.0,0.0,0.0,0.0,0.0,0.0,0.0,0.0,70.89655172413794,0.0,0.0,0.0,0.0,8.0,128.0,8.0,13,1,0.8040973111395646,22.06052281036572,697.0,7.999999999999989,4.0,0.0,0.0,1
680.0,4.0,0.6884464594351288,0.0,0.0,0.0,0.0,0.0,6.0,2.0,0.6365141682928128,0.0,0.0,68.36666666666666,0.0,0.0,0.0,0.0,16.0,310.0,16.0,14,1,0.8040973111395646,22.774254470051616,691.0,0.0,0.0,0.0,0.0,1
658.0,1.0,-1.000088900581841e-12,0.0,0.0,0.0,0.0,0.0,0.0,0.0,0.0,0.0,0.0,66.06666666666666,0.0,0.0,0.0,0.0,6.0,2.0,6.0,14,1,0.8040973111395646,18.40289832245633,676.0,0.0,0.0,0.0,0.0,1
696.0,5.0,1.1538495766826862,0.0,0.0,0.0,0.0,0.0,140.0,2.0,0.1297406947174283,0.0,0.0,62.56666666666667,0.0,0.0,0.0,0.0,16.0,564.0,16.0,15,1,0.8040973111395646,16.6933120340652,675.0,0.0,0.0,0.0,0.0,2
686.0,3.0,0.566354958310205,0.0,0.0,0.0,0.0,0.0,26.0,1.0,-1.000088900581841e-12,0.0,0.0,58.333333333333336,0.0,0.0,0.0,0.0,12.0,64.0,12.0,15,1,0.8040973111395646,16.083117442419738,680.0,0.0,0.0,0.0,0.0,1
710.0,6.0,0.9285437885135058,0.0,0.0,0.0,0.0,0.0,46.0,1.0,-1.000088900581841e-12,0.0,0.0,55.63333333333333,0.0,0.0,0.0,0.0,14.0,156.0,14.0,16,1,0.8040973111395646,21.9924229376089,687.5,0.0,0.0,0.0,0.0,1
682.0,4.0,0.7549548925047296,0.0,0.0,0.0,0.0,0.0,28.0,2.0,0.2573186405418316,0.0,0.0,53.1,0.0,0.0,0.0,0.0,16.0,250.0,12.0,16,1,0.8040973111395646,12.476644848141902,693.5,0.0,0.0,0.0,0.0,1
676.0,5.0,0.7500935298081632,0.0,0.0,0.0,0.0,0.0,2.0,1.0,-1.000088900581841e-12,0.0,0.0,51.5,0.0,0.0,0.0,0.0,4.0,180.0,4.0,17,1,0.8040973111395646,14.910846164229994,688.5,0.0,0.0,0.0,0.0,2
688.0,6.0,0.7844909032136717,0.0,0.0,0.0,0.0,0.0,0.0,0.0,0.0,0.0,0.0,46.16666666666666,0.0,0.0,0.0,0.0,10.0,118.0,10.0,17,1,0.8040973111395646,14.832396974191292,689.0,0.0,0.0,0.0,0.0,1
704.0,11.0,1.841277462735933,0.0,0.0,0.0,0.0,0.0,28.0,2.0,0.6829081046984717,0.0,0.0,40.6,0.0,0.0,0.0,0.0,26.0,772.0,18.0,18,1,0.8040973111395646,12.041594578792251,687.5,0.0,0.0,0.0,0.0,1
714.0,8.0,1.4033565711751894,0.0,0.0,0.0,0.0,0.0,32.0,2.0,0.3767701612544368,0.0,0.0,27.6,0.0,0.0,0.0,0.0,10.0,1376.0,8.0,18,1,0.8040973111395646,16.842406795546335,695.5,0.0,0.0,0.0,0.0,1
716.0,4.0,0.416679436318107,0.0,0.0,0.0,0.0,0.0,30.0,4.0,1.1369165918290007,0.0,0.0,18.8,0.0,0.0,0.0,0.0,6.0,114.0,6.0,19,1,0.8040973111395646,12.793227374930272,705.5,0.0,0.0,0.0,0.0,1
716.0,1.0,-1.000088900581841e-12,0.0,0.0,0.0,0.0,0.0,2.0,1.0,-1.000088900581841e-12,0.0,0.0,17.3,0.0,0.0,0.0,0.0,0.0,0.0,0.0,19,1,0.8040973111395646,5.74456264653789,712.5,0.0,0.0,0.0,0.0,1
150.0,1.0,-1.000088900581841e-12,0.0,0.0,0.0,0.0,0.0,8.0,1.0,-1.000088900581841e-12,0.0,0.0,17.0,2.0,0.0,0.0,0.0,0.0,0.0,0.0,20,1,0.8040973111395646,282.6682389893377,574.0,0.0,0.0,0.0,0.0,1
0.0,0.0,0.0,0.0,0.0,0.0,0.0,0.0,2.0,1.0,-1.000088900581841e-12,0.0,0.0,15.0,2.0,0.0,0.0,0.0,0.0,0.0,0.0,21,0,0.8040973111395646,375.1137605225025,395.5,0.0,0.0,0.0,0.0,1
60.0,3.0,0.9097944822691154,0.0,0.0,0.0,0.0,0.0,10.0,3.0,1.054920167983144,0.0,0.0,12.0,0.0,0.0,0.0,0.0,6.0,170.0,6.0,21,0,0.8040973111395646,328.82974318026646,231.5,0.0,0.0,0.0,0.0,1
700.0,6.0,1.1519341934428688,0.0,0.0,0.0,0.0,0.0,4.0,2.0,0.6931471805579453,0.0,0.0,41.96666666666667,0.0,0.0,0.0,0.0,2.0,540.0,2.0,23,0,0.8040973111395646,317.4628587199874,243.0,0.0,0.0,0.0,0.0,1
292.0,7.0,0.8556835428813702,0.0,0.0,0.0,0.0,0.0,14.0,1.0,-1.000088900581841e-12,0.0,0.0,39.66666666666666,0.0,0.0,0.0,0.0,2.0,410.0,2.0,23,0,0.8040973111395646,273.4861361507502,316.0,0.0,0.0,0.0,0.0,1
666.0,4.0,0.3508508589388359,0.0,0.0,0.0,0.0,0.0,34.0,3.0,0.5783252866571272,0.0,0.0,31.133333333333333,0.0,0.0,0.0,0.0,4.0,88.0,4.0,8,1,0.8040973111395646,244.0355165407965,473.0,0.0,0.0,0.0,0.0,1
664.0,5.0,0.8333560804428221,0.0,0.0,0.0,0.0,0.0,6.0,1.0,-1.000088900581841e-12,0.0,0.0,30.866666666666667,0.0,0.0,0.0,0.0,4.0,58.0,4.0,9,1,0.8040973111395646,233.3009501337989,464.0,0.0,0.0,0.0,0.0,1
666.0,4.0,0.1084454716265157,0.0,0.0,0.0,0.0,0.0,0.0,0.0,0.0,0.0,0.0,30.0,0.0,0.0,0.0,0.0,6.0,34.0,2.0,9,1,0.8040973111395646,215.6687274502264,557.5,0.0,0.0,0.0,0.0,1
708.0,10.0,1.6937097869155144,0.0,0.0,0.0,0.0,0.0,154.0,3.0,0.4778505058651001,0.0,0.0,24.966666666666665,0.0,0.0,0.0,0.0,20.0,908.0,10.0,10,1,0.8040973111395646,21.354156504062992,676.0,0.0,0.0,0.0,0.0,1
714.0,7.0,1.21478066027509,0.0,0.0,0.0,0.0,0.0,20.0,4.0,0.9404479886513264,0.0,6.0,19.23333333333333,0.0,0.0,0.0,0.0,28.0,896.0,18.0,10,1,0.8040973111395646,26.68332812825296,688.0,0.0,0.0,0.0,0.0,1
718.0,4.0,0.628559768594641,0.0,0.0,0.0,0.0,0.0,0.0,0.0,0.0,0.0,0.0,30.58620689655172,0.0,0.0,0.0,0.0,2.0,216.0,2.0,11,1,0.8040973111395646,24.020824298928947,701.5,0.0,0.0,0.0,0.0,1
698.0,6.0,0.6667353439994218,0.0,0.0,0.0,0.0,0.0,4.0,1.0,-1.000088900581841e-12,0.0,4.0,37.333333333333336,0.0,0.0,0.0,0.0,16.0,254.0,12.0,11,1,0.8040973111395646,8.698658900467455,709.5,0.0,0.0,0.0,0.0,1
718.0,1.0,-1.000088900581841e-12,0.0,0.0,0.0,0.0,0.0,2.0,1.0,-1.000088900581841e-12,0.0,0.0,53.03333333333333,0.0,0.0,0.0,0.0,0.0,0.0,0.0,12,1,0.8040973111395646,9.521904571391255,712.0,0.0,0.0,0.0,0.0,1
668.0,2.0,0.2348039575517668,0.0,0.0,0.0,0.0,0.0,26.0,1.0,-1.000088900581841e-12,0.0,0.0,64.83333333333333,0.0,0.0,0.0,0.0,6.0,68.0,6.0,12,1,0.8040973111395646,23.62907813126337,700.5,0.0,0.0,0.0,0.0,1
702.0,7.0,1.0684546853343957,0.0,0.0,0.0,0.0,0.0,34.0,3.0,0.6779087256411982,0.0,0.0,64.1,0.0,0.0,0.0,0.0,4.0,1938.0,4.0,13,1,0.8040973111395646,20.87262960593806,696.5,0.0,0.0,0.0,0.0,1
710.0,11.0,1.867609572897394,0.0,0.0,0.0,0.0,0.0,30.0,2.0,0.3926744672255522,0.0,0.0,54.2,0.0,0.0,0.0,0.0,4.0,1290.0,4.0,13,1,0.8040973111395646,21.992422937609263,699.5,0.0,0.0,0.0,0.0,2
684.0,4.0,1.0762214067915528,0.0,0.0,0.0,0.0,0.0,68.0,1.0,-1.000088900581841e-12,0.0,0.0,47.5,0.0,0.0,0.0,0.0,14.0,810.0,14.0,14,1,0.8040973111395646,18.797162906495995,691.0,0.0,0.0,0.0,0.0,2
698.0,5.0,0.3553678551105854,0.0,0.0,0.0,0.0,0.0,36.0,3.0,0.4258484492355814,0.0,2.0,43.2,0.0,0.0,0.0,0.0,8.0,202.0,6.0,14,1,0.8040973111395646,10.878112581387878,698.5,0.0,0.0,0.0,0.0,1
718.0,4.0,0.0727705510890352,0.0,0.0,0.0,0.0,0.0,12.0,2.0,0.6365141682928128,0.0,4.0,49.333333333333336,0.0,0.0,0.0,0.0,4.0,40.0,4.0,15,1,0.8040973111395646,14.821156050277672,702.5,0.0,0.0,0.0,0.0,2
716.0,3.0,0.0384230976174689,0.0,0.0,0.0,0.0,0.0,8.0,1.0,-1.000088900581841e-12,0.0,2.0,67.53333333333333,0.0,0.0,0.0,0.0,4.0,18.0,2.0,15,1,0.8040973111395646,16.08311744242025,704.0,0.0,0.0,0.0,0.0,3
712.0,8.0,1.3519736731279794,0.0,0.0,0.0,0.0,0.0,162.0,4.0,0.7912332760269079,0.0,0.0,84.66666666666667,0.0,0.0,0.0,0.0,8.0,782.0,8.0,16,1,0.8040973111395646,9.018499505646677,711.0,0.0,0.0,0.0,0.0,1
700.0,10.0,1.5236836937544194,0.0,0.0,0.0,0.0,0.0,74.0,3.0,1.0269794297346972,0.0,0.0,82.33333333333333,0.0,0.0,0.0,0.0,24.0,502.0,22.0,16,1,0.8040973111395646,8.062257748299542,711.5,0.0,0.0,0.0,0.0,2
712.0,9.0,1.2023738048530392,0.0,0.0,0.0,0.0,0.0,12.0,1.0,-1.000088900581841e-12,0.0,0.0,75.06666666666666,0.0,2.0,0.0,0.0,16.0,434.0,14.0,17,1,0.8040973111395646,6.928203230276669,710.0,0.0,0.0,0.0,0.0,2
690.0,4.0,0.7837714332449353,0.0,0.0,0.0,0.0,0.0,0.0,0.0,0.0,0.0,0.0,68.83333333333333,0.0,0.0,0.0,0.0,12.0,474.0,12.0,17,1,0.8040973111395646,10.630145812735403,703.5,0.0,0.0,0.0,0.0,1
672.0,6.0,0.6166897450853971,0.0,0.0,0.0,0.0,0.0,18.0,1.0,-1.000088900581841e-12,0.0,0.0,57.86666666666667,0.0,0.0,0.0,0.0,10.0,418.0,10.0,19,1,0.8040973111395646,17.91647286716936,680.5,0.0,0.0,0.0,0.0,2
660.0,1.0,-1.000088900581841e-12,0.0,0.0,0.0,0.0,0.0,20.0,1.0,-1.000088900581841e-12,0.0,0.0,56.9,0.0,0.0,0.0,0.0,0.0,0.0,0.0,19,1,0.8040973111395646,18.86796226411364,673.0,0.0,0.0,0.0,0.0,1
684.0,10.0,1.0617605632881586,0.0,0.0,0.0,0.0,0.0,6.0,1.0,-1.000088900581841e-12,0.0,0.0,53.63333333333333,0.0,0.0,0.0,0.0,8.0,618.0,8.0,20,1,0.8040973111395646,11.489125293076764,669.0,0.0,0.0,0.0,0.0,1
678.0,5.0,0.2781390583190986,0.0,0.0,0.0,0.0,0.0,12.0,2.0,0.6365141682928128,0.0,0.0,51.1,0.0,0.0,0.0,0.0,8.0,132.0,8.0,20,1,0.8040973111395646,10.24695076596039,673.5,0.0,0.0,0.0,0.0,1
694.0,2.0,0.2588997272445581,0.0,0.0,0.0,0.0,0.0,214.0,1.0,-1.000088900581841e-12,0.0,0.0,49.6,0.0,0.0,2.0,2.0,6.0,2.0,6.0,21,0,0.8040973111395646,14.282856857086268,679.0,0.0,0.0,0.0,0.0,1
674.0,4.0,0.8133785157418942,0.0,0.0,0.0,0.0,0.0,56.0,1.0,-1.000088900581841e-12,0.0,0.0,46.2,0.0,0.0,0.0,0.0,8.0,314.0,8.0,21,0,0.8040973111395646,8.698658900467517,682.5,0.0,0.0,0.0,0.0,1
690.0,8.0,1.39026908645867,0.0,0.0,0.0,0.0,0.0,4.0,1.0,-1.000088900581841e-12,0.0,0.0,43.833333333333336,0.0,0.0,0.0,0.0,12.0,544.0,10.0,22,0,0.8040973111395646,9.521904571391312,684.0,0.0,0.0,0.0,0.0,1
702.0,6.0,0.7986555479795832,0.0,0.0,0.0,0.0,0.0,12.0,1.0,-1.000088900581841e-12,0.0,0.0,38.1,0.0,0.0,0.0,0.0,2.0,542.0,2.0,22,0,0.8040973111395646,11.77568115510448,690.0,0.0,0.0,0.0,0.0,1
716.0,1.0,-1.000088900581841e-12,0.0,0.0,0.0,0.0,0.0,0.0,0.0,0.0,0.0,0.0,35.2,0.0,0.0,0.0,0.0,0.0,0.0,0.0,23,0,0.8040973111395646,17.841898254763972,695.5,0.0,0.0,0.0,0.0,1
712.0,5.0,0.4973895372144117,0.0,0.0,0.0,0.0,0.0,4.0,1.0,-1.000088900581841e-12,0.0,0.0,32.733333333333334,0.0,0.0,0.0,0.0,4.0,234.0,4.0,23,0,0.8040973111395646,11.604596790353524,705.0,0.0,0.0,0.0,0.0,1
96.0,3.0,0.7292213672616403,0.0,0.0,0.0,0.0,0.0,0.0,0.0,0.0,0.0,0.0,31.0,0.0,0.0,0.0,0.0,2.0,304.0,2.0,0,0,0.8040973111395646,307.05645517830544,556.5,0.0,0.0,0.0,0.0,1
672.0,6.0,0.8516014471050861,0.0,0.0,0.0,0.0,0.0,12.0,1.0,-1.000088900581841e-12,0.0,0.0,18.133333333333333,0.0,0.0,0.0,0.0,8.0,244.0,8.0,8,1,0.8040973111395646,205.6210105995981,578.0,0.0,0.0,0.0,0.0,1
674.0,5.0,0.6000556593563564,0.0,0.0,0.0,0.0,0.0,92.0,2.0,0.2954391918701161,0.0,0.0,16.633333333333333,0.0,0.0,0.0,0.0,6.0,618.0,4.0,9,1,0.8040973111395646,11.372481406156002,679.0,0.0,0.0,0.0,0.0,1
678.0,3.0,0.5148213132803725,0.0,0.0,0.0,0.0,0.0,68.0,2.0,0.2237180760638337,0.0,0.0,13.933333333333334,0.0,0.0,0.0,0.0,6.0,162.0,6.0,9,1,0.8040973111395646,10.954451150104724,680.0,0.0,0.0,0.0,0.0,1
660.0,2.0,0.1461447460065638,0.0,0.0,0.0,0.0,0.0,0.0,0.0,0.0,0.0,0.0,11.482758620689657,0.0,0.0,0.0,0.0,4.0,24.0,4.0,10,1,0.8040973111395646,7.745966692416793,671.0,0.0,0.0,0.0,0.0,1
318.0,2.0,0.0381493895247676,0.0,0.0,0.0,0.0,0.0,4.0,2.0,0.6931471805579453,0.0,0.0,14.214285714285714,0.0,0.0,0.0,0.0,2.0,12.0,2.0,10,1,0.8040973111395646,176.5021246331047,582.5,0.0,0.0,0.0,0.0,1
718.0,1.0,-1.000088900581841e-12,0.0,0.0,0.0,0.0,0.0,0.0,0.0,0.0,0.0,0.0,28.0,0.0,0.0,0.0,0.0,0.0,0.0,0.0,11,1,0.8040973111395646,185.25927777037248,593.5,0.0,0.0,0.0,0.0,1
252.0,1.0,-1.000088900581841e-12,0.0,0.0,0.0,0.0,0.0,30.0,2.0,0.2449300267926353,0.0,0.0,47.333333333333336,0.0,0.0,0.0,0.0,0.0,0.0,0.0,11,1,0.8040973111395646,235.9915252715657,487.0,0.0,0.0,0.0,0.0,1
334.0,6.0,1.0399994557415222,0.0,0.0,0.0,0.0,0.0,22.0,3.0,0.9949236325687753,0.0,0.0,66.23333333333333,0.0,0.0,0.0,0.0,6.0,914.0,6.0,12,1,0.8040973111395646,211.33464773513447,405.5,0.0,0.0,0.0,0.0,1
688.0,5.0,0.992308459976144,0.0,0.0,0.0,0.0,0.0,6.0,1.0,-1.000088900581841e-12,0.0,0.0,69.0,0.0,0.0,0.0,0.0,14.0,38.0,14.0,12,1,0.8040973111395646,239.38253904577093,498.0,0.0,0.0,0.0,0.0,1
688.0,2.0,0.0357243130791575,0.0,0.0,0.0,0.0,0.0,14.0,1.0,-1.000088900581841e-12,0.0,0.0,69.0,0.0,0.0,0.0,0.0,4.0,8.0,4.0,13,1,0.8040973111395646,230.49728848730527,490.5,0.0,0.0,0.0,0.0,1
684.0,1.0,-1.000088900581841e-12,0.0,0.0,0.0,0.0,0.0,0.0,0.0,0.0,0.0,0.0,68.1,0.0,0.0,0.0,0.0,0.0,0.0,0.0,13,1,0.8040973111395646,176.3434149606955,598.5,0.0,0.0,0.0,0.0,1
702.0,9.0,1.5204081090160697,0.0,0.0,0.0,0.0,0.0,16.0,1.0,-1.000088900581841e-12,0.0,0.0,64.56666666666666,0.0,0.0,0.0,0.0,14.0,1072.0,12.0,14,1,0.8040973111395646,7.895146188220576,690.5,0.0,0.0,0.0,0.0,1
690.0,6.0,1.0746423281970905,0.0,0.0,0.0,0.0,0.0,6.0,1.0,-1.000088900581841e-12,0.0,0.0,57.96666666666667,0.0,0.0,0.0,0.0,16.0,418.0,14.0,14,1,0.8040973111395646,7.7459666924174515,691.0,0.0,0.0,0.0,0.0,1
682.0,3.0,0.1976913267419051,0.0,0.0,0.0,0.0,0.0,10.0,2.0,0.6730116670072565,0.0,0.0,54.03333333333333,0.0,0.0,0.0,0.0,6.0,50.0,6.0,15,1,0.8040973111395646,9.000000000002252,689.5,0.0,0.0,0.0,0.0,1
682.0,5.0,0.2605518610856804,0.0,0.0,0.0,0.0,0.0,36.0,2.0,0.2145591551744051,0.0,0.0,52.93333333333333,0.0,0.0,0.0,0.0,10.0,114.0,10.0,15,1,0.8040973111395646,9.451631252507363,689.0,0.0,0.0,0.0,0.0,1
714.0,2.0,0.019261439527435,0.0,0.0,0.0,0.0,0.0,6.0,1.0,-1.000088900581841e-12,0.0,2.0,58.23333333333333,0.0,0.0,0.0,0.0,4.0,2.0,2.0,16,1,0.8040973111395646,15.143755588802074,692.0,0.0,0.0,0.0,0.0,1
718.0,1.0,-1.000088900581841e-12,0.0,0.0,0.0,0.0,0.0,82.0,1.0,-1.000088900581841e-12,0.0,0.0,77.2,0.0,0.0,0.0,0.0,0.0,0.0,0.0,16,1,0.8040973111395646,19.69771560359325,699.0,0.0,0.0,0.0,0.0,1
650.0,2.0,0.3790093719503247,0.0,0.0,0.0,0.0,0.0,338.0,1.0,-1.000088900581841e-12,0.0,0.0,87.03333333333333,0.0,0.0,0.0,0.0,12.0,44.0,4.0,17,1,0.8040973111395646,31.728010758109424,691.0,0.0,0.0,0.0,0.0,1
682.0,5.0,0.5960847748125968,0.0,0.0,0.0,0.0,0.0,270.0,3.0,0.1539900520532766,0.0,0.0,86.93333333333334,0.0,0.0,0.0,0.0,10.0,428.0,8.0,17,1,0.8040973111395646,31.728010758109424,691.0,0.0,0.0,0.0,0.0,2
716.0,9.0,1.5000433920079663,0.0,0.0,0.0,0.0,0.0,62.0,3.0,0.6883644225842563,0.0,0.0,81.7,0.0,0.0,0.0,0.0,26.0,604.0,26.0,18,1,0.8040973111395646,32.22318006239257,691.5,0.0,0.0,0.0,0.0,1
694.0,6.0,0.793413268616239,0.0,0.0,0.0,0.0,0.0,16.0,2.0,0.5623351446168083,0.0,0.0,77.56666666666666,0.0,2.0,0.0,0.0,24.0,92.0,22.0,18,1,0.8040973111395646,27.53785273643124,685.5,0.0,0.0,0.0,0.0,2
676.0,2.0,0.064269951402032,0.0,0.0,0.0,0.0,0.0,0.0,0.0,0.0,0.0,0.0,75.66666666666667,0.0,0.0,2.0,2.0,2.0,38.0,2.0,19,1,0.8040973111395646,17.66352173265683,692.0,0.0,0.0,0.0,0.0,2
700.0,10.0,1.342793448105571,0.0,0.0,0.0,0.0,0.0,38.0,2.0,0.336495757581516,0.0,0.0,72.06896551724138,0.0,0.0,0.0,0.0,32.0,718.0,28.0,19,1,0.8040973111395646,16.522711641859516,696.5,0.0,0.0,0.0,0.0,3
706.0,11.0,1.2546433463348046,0.0,0.0,0.0,0.0,0.0,44.0,2.0,0.1849073991657757,0.0,0.0,63.9,0.0,0.0,0.0,0.0,22.0,382.0,20.0,20,1,0.8040973111395646,12.96148139681726,694.0,0.0,0.0,0.0,0.0,2
690.0,7.0,0.7517043637904625,0.0,0.0,0.0,0.0,0.0,0.0,0.0,0.0,0.0,0.0,58.36666666666667,0.0,0.0,0.0,0.0,16.0,232.0,12.0,20,1,0.8040973111395646,13.114877048605525,693.0,0.0,0.0,0.0,0.0,2
678.0,1.0,-1.000088900581841e-12,0.0,0.0,0.0,0.0,0.0,0.0,0.0,0.0,0.0,0.0,55.43333333333333,0.0,0.0,0.0,0.0,6.0,4.0,6.0,21,0,0.8040973111395646,12.26104943850131,693.5,0.0,0.0,0.0,0.0,1
694.0,5.0,1.3525536326497165,0.0,0.0,0.0,0.0,0.0,0.0,0.0,0.0,0.0,0.0,53.36666666666667,0.0,0.0,0.0,0.0,16.0,386.0,14.0,21,0,0.8040973111395646,11.547005383794248,692.0,0.0,0.0,0.0,0.0,2
714.0,13.0,1.7540591172805315,0.0,0.0,0.0,0.0,0.0,0.0,0.0,0.0,0.0,0.0,45.73333333333333,0.0,0.0,0.0,0.0,18.0,1372.0,16.0,22,0,0.8040973111395646,14.9666295470971,694.0,0.0,0.0,0.0,0.0,2
692.0,4.0,0.6096578905381519,0.0,0.0,0.0,0.0,0.0,4.0,1.0,-1.000088900581841e-12,0.0,0.0,37.03333333333333,0.0,0.0,0.0,0.0,0.0,296.0,0.0,22,0,0.8040973111395646,14.821156050278487,694.5,0.0,0.0,0.0,0.0,1
690.0,1.0,-1.000088900581841e-12,0.0,0.0,0.0,0.0,0.0,16.0,1.0,-1.000088900581841e-12,0.0,0.0,35.166666666666664,0.0,0.0,0.0,0.0,0.0,0.0,0.0,23,0,0.8040973111395646,11.120551545076648,697.5,0.0,0.0,0.0,0.0,1
124.0,1.0,-1.000088900581841e-12,0.0,0.0,0.0,0.0,0.0,0.0,0.0,0.0,0.0,0.0,34.0,2.0,0.0,0.0,0.0,0.0,0.0,0.0,23,0,0.8040973111395646,287.53898286435304,555.0,0.0,0.0,0.0,0.0,1
2.0,1.0,-1.000088900581841e-12,0.0,0.0,0.0,0.0,0.0,0.0,0.0,0.0,0.0,0.0,0.0,0.0,0.0,0.0,0.0,2.0,0.0,2.0,0,0,0.8040973111395646,365.9817846104731,377.0,0.0,0.0,0.0,0.0,3
712.0,8.0,1.3512003517841182,0.0,0.0,0.0,0.0,0.0,22.0,3.0,0.7595473914718636,0.0,14.0,16.9,0.0,0.0,0.0,0.0,18.0,1008.0,14.0,8,1,0.8040973111395646,377.122438119682,384.0,0.0,0.0,0.0,0.0,2
716.0,2.0,0.1560436972288146,0.0,0.0,0.0,0.0,0.0,14.0,1.0,-1.000088900581841e-12,0.0,2.0,25.7,0.0,0.0,0.0,0.0,8.0,100.0,6.0,9,1,0.8040973111395646,296.3753251087772,562.5,0.0,0.0,0.0,0.0,2
718.0,7.0,0.926873806453742,0.0,0.0,0.0,0.0,0.0,28.0,3.0,0.9799711820803054,0.0,2.0,38.86666666666667,0.0,0.0,0.0,0.0,18.0,570.0,10.0,9,1,0.8040973111395646,6.191391873672565,712.5,0.0,0.0,0.0,0.0,2
716.0,3.0,0.109647570903279,0.0,0.0,0.0,0.0,0.0,18.0,3.0,0.8486855577234171,0.0,0.0,54.53333333333333,0.0,0.0,0.0,0.0,2.0,102.0,2.0,10,1,0.8040973111395646,2.5166114784325693,715.5,0.0,0.0,0.0,0.0,2
716.0,9.0,1.113474855741811,0.0,0.0,0.0,0.0,0.0,6.0,2.0,0.6365141682928128,0.0,2.0,70.4,0.0,0.0,0.0,0.0,18.0,564.0,12.0,10,1,0.8040973111395646,1.000000000022633,716.5,0.0,0.0,0.0,0.0,3
718.0,7.0,1.2503047752207532,0.0,0.0,0.0,0.0,0.0,8.0,1.0,-1.000088900581841e-12,0.0,2.0,78.33333333333333,0.0,0.0,0.0,0.0,12.0,958.0,10.0,11,1,0.8040973111395646,1.1547005383988609,717.0,0.0,0.0,0.0,0.0,2
718.0,1.0,-1.000088900581841e-12,0.0,0.0,0.0,0.0,0.0,0.0,0.0,0.0,0.0,0.0,91.2,0.0,0.0,0.0,0.0,0.0,0.0,0.0,11,1,0.8040973111395646,1.1547005383988609,717.0,0.0,0.0,0.0,0.0,2
596.0,8.0,1.017565253015411,0.0,0.0,0.0,0.0,0.0,106.0,3.0,0.2535476751995521,0.0,0.0,97.96666666666668,0.0,0.0,0.0,0.0,10.0,346.0,8.0,12,1,0.8040973111395646,60.67399223170814,687.0,0.0,0.0,0.0,0.0,1
698.0,6.0,0.8382585405561016,0.0,0.0,0.0,0.0,0.0,234.0,3.0,0.0983517573436984,0.0,0.0,97.03333333333332,0.0,0.0,0.0,0.0,14.0,386.0,12.0,12,1,0.8040973111395646,58.43229700545221,682.5,0.0,0.0,0.0,0.0,1
700.0,7.0,1.281767874391212,0.0,0.0,0.0,0.0,0.0,132.0,4.0,0.2916452536297654,0.0,0.0,93.36666666666666,0.0,0.0,0.0,0.0,16.0,664.0,14.0,13,1,0.8040973111395646,55.40156435817837,678.0,0.0,0.0,0.0,0.0,1
678.0,7.0,0.9804899495943804,0.0,0.0,0.0,0.0,0.0,0.0,0.0,0.0,0.0,0.0,90.0,0.0,0.0,0.0,0.0,8.0,132.0,8.0,13,1,0.8040973111395646,49.01700385240527,668.0,0.0,0.0,0.0,0.0,1
676.0,3.0,0.2911343402246923,0.0,0.0,0.0,0.0,0.0,0.0,0.0,0.0,0.0,0.0,88.06666666666666,0.0,0.0,0.0,0.0,4.0,106.0,4.0,14,1,0.8040973111395646,12.754084313141146,688.0,0.0,0.0,0.0,0.0,3
678.0,4.0,0.2292336680291549,0.0,0.0,0.0,0.0,0.0,0.0,0.0,0.0,0.0,0.0,85.9,0.0,0.0,0.0,0.0,6.0,82.0,6.0,14,1,0.8040973111395646,11.372481406156686,683.0,0.0,0.0,0.0,0.0,4
682.0,4.0,0.4503108970391751,0.0,0.0,0.0,0.0,0.0,0.0,0.0,0.0,0.0,0.0,83.3,0.0,0.0,0.0,0.0,12.0,284.0,12.0,15,1,0.8040973111395646,2.516611478432795,678.5,0.0,0.0,0.0,0.0,4
708.0,8.0,1.3231468993690694,0.0,0.0,0.0,0.0,0.0,62.0,1.0,-1.000088900581841e-12,0.0,0.0,79.06666666666666,0.0,0.0,0.0,0.0,30.0,602.0,24.0,15,1,0.8040973111395646,14.8772757362825,686.0,0.0,0.0,0.0,0.0,3
678.0,2.0,0.1431525806799806,0.0,0.0,0.0,0.0,0.0,0.0,0.0,0.0,0.0,0.0,74.46666666666667,0.0,0.0,0.0,0.0,4.0,80.0,4.0,16,1,0.8040973111395646,14.456832294802572,686.5,0.0,0.0,0.0,0.0,1
678.0,1.0,-1.000088900581841e-12,0.0,0.0,0.0,0.0,0.0,0.0,0.0,0.0,0.0,0.0,73.89655172413794,0.0,0.0,0.0,0.0,0.0,0.0,0.0,16,1,0.8040973111395646,14.456832294802572,686.5,0.0,0.0,0.0,0.0,2
530.0,10.0,1.697304771218587,0.0,0.0,0.0,0.0,0.0,16.0,1.0,-1.000088900581841e-12,0.0,0.0,71.26923076923077,2.0,0.0,0.0,0.0,4.0,372.0,4.0,17,1,0.8040973111395646,80.25584090893352,648.5,0.0,0.0,0.0,0.0,2
714.0,3.0,0.5032018821228051,0.0,0.0,0.0,2.0,0.0,40.0,1.0,-1.000088900581841e-12,0.0,0.0,67.33333333333333,0.0,0.0,0.0,0.0,6.0,64.0,6.0,17,1,0.8040973111395646,81.78019320104377,650.0,0.0,0.0,1.0,0.5,1
712.0,6.0,1.0793318180752558,0.0,0.0,0.0,2.0,0.0,82.0,2.0,0.6045364845788017,0.0,0.0,64.93333333333334,0.0,0.0,0.0,0.0,6.0,604.0,4.0,18,1,0.8040973111395646,87.24486613358239,658.5,0.0,0.0,1.1547005383792517,1.0,2
716.0,7.0,0.9499937964548738,0.0,0.0,0.0,2.0,0.0,202.0,2.0,0.453207269791794,0.0,0.0,58.9,0.0,0.0,0.0,0.0,6.0,756.0,4.0,18,1,0.8040973111395646,92.014491612282,668.0,0.0,0.0,1.0,1.5,2
714.0,4.0,0.1237563485431029,0.0,0.0,0.0,2.0,0.0,68.0,2.0,0.6492483548688981,0.0,0.0,54.7,0.0,0.0,0.0,0.0,4.0,32.0,4.0,19,1,0.8040973111395646,1.6329931618695614,714.0,0.0,0.0,0.0,2.0,2
712.0,6.0,0.7023920481341033,0.0,0.0,0.0,2.0,0.0,254.0,2.0,0.3128006726043885,0.0,0.0,52.13333333333333,0.0,0.0,0.0,0.0,12.0,162.0,12.0,19,1,0.8040973111395646,1.9148542155247088,713.5,0.0,0.0,0.0,2.0,1
688.0,5.0,0.8447637921841615,0.0,0.0,0.0,0.0,0.0,276.0,1.0,-1.000088900581841e-12,0.0,0.0,48.3448275862069,0.0,0.0,0.0,0.0,4.0,206.0,4.0,20,1,0.8040973111395646,13.102162671357457,707.5,0.0,0.0,1.0,1.5,2
700.0,8.0,1.0626192917158366,0.0,0.0,0.0,0.0,0.0,346.0,3.0,0.1860052957516893,0.0,0.0,42.266666666666666,0.0,0.0,0.0,0.0,24.0,224.0,20.0,20,1,0.8040973111395646,12.041594578794202,703.5,0.0,0.0,1.1547005383792517,1.0,1
688.0,3.0,0.5456056054924825,0.0,0.0,0.0,0.0,0.0,8.0,1.0,-1.000088900581841e-12,0.0,0.0,38.16666666666666,0.0,0.0,0.0,0.0,6.0,62.0,6.0,21,0,0.8040973111395646,11.489125293078056,697.0,0.0,0.0,1.0,0.5,3
698.0,5.0,1.2961884579780387,0.0,0.0,0.0,0.0,0.0,268.0,2.0,0.0439858144750811,0.0,0.0,34.3,0.0,0.0,0.0,0.0,22.0,506.0,18.0,21,0,0.8040973111395646,6.403124237436435,693.5,0.0,0.0,0.0,0.0,2
692.0,2.0,0.5301082010799197,0.0,0.0,0.0,0.0,0.0,8.0,1.0,-1.000088900581841e-12,0.0,0.0,30.6,0.0,0.0,0.0,0.0,8.0,376.0,4.0,22,0,0.8040973111395646,5.5075705472902685,694.5,0.0,0.0,0.0,0.0,3
678.0,7.0,0.6011053441353469,0.0,0.0,0.0,0.0,0.0,38.0,3.0,1.017164350921834,0.0,0.0,27.8,0.0,0.0,0.0,0.0,8.0,176.0,8.0,22,0,0.8040973111395646,8.406346808615044,689.0,0.0,0.0,0.0,0.0,1
692.0,10.0,1.6577639663658874,0.0,0.0,0.0,0.0,0.0,18.0,2.0,0.3488320958410319,0.0,0.0,22.366666666666667,0.0,0.0,0.0,0.0,20.0,816.0,10.0,23,0,0.8040973111395646,8.48528137424126,690.0,0.0,0.0,0.0,0.0,1
684.0,12.0,1.2388241521533925,0.0,0.0,0.0,0.0,0.0,40.0,2.0,0.3250829733894482,0.0,0.0,19.8,0.0,0.0,0.0,0.0,4.0,840.0,4.0,23,0,0.8040973111395646,6.806859285557408,686.5,0.0,0.0,0.0,0.0,1
12.0,1.0,-1.000088900581841e-12,0.0,0.0,0.0,0.0,0.0,2.0,1.0,-1.000088900581841e-12,0.0,0.0,0.0,0.0,0.0,0.0,0.0,0.0,62.0,0.0,0,0,0.8040973111395646,336.3822230736934,516.5,0.0,0.0,0.0,0.0,1
212.0,6.0,1.0583681972951933,0.0,0.0,0.0,0.0,0.0,2.0,1.0,-1.000088900581841e-12,0.0,0.0,11.444444444444445,0.0,0.0,0.0,0.0,0.0,716.0,0.0,8,1,0.8040973111395646,342.44610281522165,400.0,0.0,0.0,0.0,0.0,1
718.0,1.0,-1.000088900581841e-12,0.0,0.0,0.0,0.0,0.0,0.0,0.0,0.0,0.0,0.0,32.666666666666664,0.0,0.0,0.0,0.0,0.0,0.0,0.0,9,1,0.8040973111395646,297.5964829541282,322.5,0.0,0.0,0.0,0.0,1
492.0,7.0,1.163255501990497,0.0,0.0,0.0,0.0,0.0,0.0,0.0,0.0,0.0,2.0,48.43333333333333,0.0,0.0,0.0,0.0,6.0,348.0,4.0,9,1,0.8040973111395646,216.34155094818635,442.5,0.0,0.0,0.0,0.0,1
658.0,1.0,-1.000088900581841e-12,0.0,0.0,0.0,0.0,0.0,8.0,2.0,0.6931471805579453,0.0,0.0,50.0,0.0,0.0,0.0,0.0,0.0,0.0,0.0,10,1,0.8040973111395646,167.32403692635845,554.0,0.0,0.0,0.0,0.0,1
698.0,8.0,0.8516803552042808,0.0,0.0,0.0,0.0,0.0,6.0,2.0,0.6365141682928128,0.0,2.0,53.73333333333333,0.0,0.0,0.0,0.0,12.0,316.0,8.0,10,1,0.8040973111395646,102.7407741194639,641.5,0.0,0.0,0.0,0.0,2
718.0,1.0,-1.000088900581841e-12,0.0,0.0,0.0,0.0,0.0,0.0,0.0,0.0,0.0,0.0,70.63333333333334,0.0,0.0,0.0,0.0,0.0,0.0,0.0,11,1,0.8040973111395646,102.7407741194639,641.5,0.0,0.0,0.0,0.0,3
708.0,5.0,1.0517717448883914,0.0,0.0,0.0,0.0,0.0,20.0,2.0,0.5004024235361879,0.0,0.0,82.1,0.0,0.0,0.0,0.0,12.0,290.0,10.0,11,1,0.8040973111395646,26.299556396766487,695.5,0.0,0.0,0.0,0.0,2
714.0,4.0,0.3383943771617106,0.0,0.0,0.0,0.0,0.0,16.0,2.0,0.5623351446168083,0.0,0.0,81.33333333333333,0.0,0.0,0.0,0.0,10.0,82.0,10.0,12,1,0.8040973111395646,8.698658900468562,709.5,0.0,0.0,0.0,0.0,2
686.0,7.0,1.0008501526142688,0.0,0.0,0.0,0.0,0.0,0.0,0.0,0.0,0.0,0.0,78.3,0.0,0.0,0.0,0.0,8.0,608.0,8.0,12,1,0.8040973111395646,14.271183085739636,706.5,0.0,0.0,0.0,0.0,2
658.0,1.0,-1.000088900581841e-12,0.0,0.0,0.0,0.0,0.0,0.0,0.0,0.0,0.0,0.0,77.0,0.0,0.0,0.0,0.0,0.0,0.0,0.0,13,1,0.8040973111395646,25.37058664411804,691.5,0.0,0.0,0.0,0.0,1
544.0,4.0,0.4047818380308814,0.0,0.0,0.0,0.0,0.0,2.0,1.0,-1.000088900581841e-12,0.0,0.0,76.42307692307692,2.0,0.0,0.0,0.0,6.0,204.0,6.0,13,1,0.8040973111395646,74.58999039191988,650.5,0.0,0.0,0.0,0.0,1
686.0,4.0,0.8107316571875389,0.0,0.0,0.0,0.0,0.0,6.0,2.0,0.6365141682928128,0.0,0.0,73.63333333333334,0.0,0.0,0.0,0.0,16.0,1752.0,16.0,14,1,0.8040973111395646,67.63381797099264,643.5,0.0,0.0,0.0,0.0,1
684.0,5.0,0.9485716653621884,0.0,0.0,0.0,0.0,0.0,12.0,1.0,-1.000088900581841e-12,0.0,0.0,70.1,0.0,0.0,0.0,0.0,12.0,506.0,12.0,14,1,0.8040973111395646,67.22102845588351,643.0,0.0,0.0,0.0,0.0,1
676.0,4.0,0.1975673603822069,0.0,0.0,0.0,0.0,0.0,4.0,1.0,-1.000088900581841e-12,0.0,0.0,68.33333333333333,0.0,0.0,0.0,0.0,10.0,120.0,10.0,15,1,0.8040973111395646,69.13513337418755,647.5,0.0,0.0,0.0,0.0,1
668.0,2.0,0.0900062014616242,0.0,0.0,0.0,0.0,0.0,2.0,1.0,-1.000088900581841e-12,0.0,0.0,67.0,0.0,0.0,0.0,0.0,6.0,66.0,6.0,15,1,0.8040973111395646,8.225975119504108,678.5,0.0,0.0,0.0,0.0,1
680.0,7.0,0.8829909658713927,0.0,24.0,0.0,0.0,0.0,150.0,4.0,0.625943474973618,0.0,0.0,65.17241379310344,0.0,0.0,0.0,0.0,6.0,408.0,6.0,16,1,0.8040973111395646,6.831300510642217,677.0,11.999999999999996,6.0,0.0,0.0,1
672.0,5.0,0.6025342829655899,0.0,2.0,0.0,0.0,0.0,14.0,3.0,0.9556998911095343,0.0,0.0,60.63333333333333,0.0,0.0,0.0,0.0,12.0,362.0,12.0,16,1,0.8040973111395646,5.163977794946499,674.0,11.70469991071962,6.5,0.0,0.0,1
688.0,7.0,1.1067969165670215,0.0,0.0,0.0,0.0,0.0,10.0,3.0,1.054920167983144,0.0,0.0,56.93333333333333,0.0,0.0,0.0,0.0,14.0,558.0,12.0,17,1,0.8040973111395646,8.869423130435282,677.0,11.70469991071962,6.5,0.0,0.0,1
702.0,3.0,0.4622692430071421,0.0,0.0,0.0,0.0,0.0,0.0,0.0,0.0,0.0,0.0,51.333333333333336,0.0,0.0,0.0,0.0,30.0,930.0,26.0,17,1,0.8040973111395646,12.793227374931645,685.5,11.70469991071962,6.5,0.0,0.0,1
692.0,10.0,1.6178415816611178,0.0,0.0,0.0,0.0,0.0,0.0,0.0,0.0,0.0,0.0,45.266666666666666,0.0,0.0,0.0,0.0,22.0,568.0,20.0,18,1,0.8040973111395646,12.47664484814328,688.5,0.9999999999999274,0.5,0.0,0.0,1
694.0,6.0,1.2908200087128583,0.0,0.0,0.0,0.0,0.0,16.0,2.0,0.6931471805579453,0.0,0.0,41.266666666666666,0.0,0.0,0.0,0.0,14.0,352.0,10.0,18,1,0.8040973111395646,5.887840577554752,694.0,0.0,0.0,0.0,0.0,1
700.0,14.0,1.586950493711316,0.0,0.0,0.0,0.0,0.0,84.0,3.0,1.075497456484433,0.0,0.0,35.63333333333333,0.0,0.0,0.0,0.0,24.0,798.0,18.0,19,1,0.8040973111395646,4.760952285698764,697.0,0.0,0.0,0.0,0.0,2
664.0,1.0,-1.000088900581841e-12,0.0,0.0,0.0,0.0,0.0,8.0,1.0,-1.000088900581841e-12,0.0,0.0,30.4,0.0,0.0,0.0,0.0,4.0,2.0,4.0,19,1,0.8040973111395646,16.031219541882457,687.5,0.0,0.0,0.0,0.0,2
662.0,4.0,0.441149469138411,0.0,0.0,0.0,0.0,0.0,0.0,0.0,0.0,0.0,0.0,29.83333333333333,0.0,0.0,0.0,0.0,4.0,212.0,4.0,20,1,0.8040973111395646,19.798989873224187,680.0,0.0,0.0,0.0,0.0,1
712.0,7.0,1.2697483031026622,0.0,0.0,0.0,2.0,0.0,46.0,3.0,0.7965853690075891,0.0,0.0,25.433333333333334,0.0,0.0,0.0,0.0,14.0,232.0,12.0,20,1,0.8040973111395646,25.31797780234499,684.5,0.0,0.0,1.0,0.5,1
712.0,6.0,1.2393387553160415,0.0,0.0,0.0,2.0,0.0,382.0,3.0,0.9333760960084454,0.0,0.0,21.566666666666663,0.0,0.0,0.0,0.0,18.0,414.0,18.0,21,0,0.8040973111395646,28.301943396170405,687.5,0.0,0.0,1.1547005383792517,1.0,2
704.0,11.0,1.877051017135467,0.0,0.0,0.0,0.0,0.0,58.0,3.0,0.545969299885879,0.0,0.0,13.833333333333334,0.0,0.0,0.0,0.0,6.0,1278.0,4.0,21,0,0.8040973111395646,23.965252624025613,697.5,0.0,0.0,1.1547005383792517,1.0,2
174.0,2.0,0.149994923608415,0.0,0.0,0.0,0.0,0.0,8.0,1.0,-1.000088900581841e-12,0.0,0.0,11.0,0.0,0.0,0.0,0.0,2.0,8.0,2.0,22,0,0.8040973111395646,267.6932323886181,575.5,0.0,0.0,1.1547005383792517,1.0,3
40.0,3.0,0.8188084562198772,0.0,0.0,0.0,0.0,0.0,0.0,0.0,0.0,0.0,0.0,19.0,0.0,0.0,0.0,0.0,4.0,166.0,2.0,8,1,0.8040973111395646,149.03243494845913,214.0,0.0,0.0,0.0,0.0,2
704.0,8.0,1.4830245985396466,0.0,0.0,0.0,0.0,0.0,54.0,3.0,0.3153962874196617,0.0,0.0,18.0,0.0,0.0,0.0,0.0,30.0,808.0,28.0,9,1,0.8040973111395646,279.82554088812793,346.5,0.0,0.0,0.0,0.0,1
708.0,8.0,0.5073799123480689,0.0,0.0,0.0,0.0,0.0,36.0,4.0,1.1858203126248676,0.0,2.0,19.433333333333334,0.0,0.0,0.0,0.0,14.0,194.0,12.0,9,1,0.8040973111395646,316.89062256031923,462.5,0.0,0.0,0.0,0.0,2
718.0,1.0,-1.000088900581841e-12,0.0,0.0,0.0,0.0,0.0,12.0,1.0,-1.000088900581841e-12,0.0,0.0,38.333333333333336,0.0,0.0,0.0,0.0,0.0,0.0,0.0,10,1,0.8040973111395646,335.05173729838606,542.5,0.0,0.0,0.0,0.0,2
390.0,1.0,-1.000088900581841e-12,0.0,0.0,0.0,0.0,0.0,16.0,2.0,0.3767701612544368,0.0,0.0,61.2,0.0,0.0,0.0,0.0,0.0,0.0,0.0,10,1,0.8040973111395646,160.10829668279743,630.0,0.0,0.0,0.0,0.0,2
0.0,0.0,0.0,0.0,0.0,0.0,0.0,0.0,6.0,1.0,-1.000088900581841e-12,0.0,0.0,79.26666666666667,0.0,0.0,0.0,0.0,0.0,0.0,0.0,11,1,0.8040973111395646,338.83329234300464,454.0,0.0,0.0,0.0,0.0,3
46.0,1.0,-1.000088900581841e-12,0.0,0.0,0.0,0.0,0.0,10.0,2.0,0.5004024235361879,0.0,4.0,93.1,0.0,0.0,0.0,0.0,4.0,0.0,2.0,11,1,0.8040973111395646,335.0676548599303,288.5,0.0,0.0,0.0,0.0,2
718.0,5.0,0.1362349510883958,0.0,0.0,0.0,0.0,0.0,8.0,1.0,-1.000088900581841e-12,0.0,4.0,99.03333333333332,0.0,0.0,0.0,0.0,4.0,36.0,2.0,12,1,0.8040973111395646,335.0676548599303,288.5,0.0,0.0,0.0,0.0,2
702.0,4.0,0.8972433182921868,0.0,0.0,0.0,0.0,0.0,34.0,2.0,0.362210557133449,0.0,0.0,100.0,0.0,0.0,0.0,0.0,8.0,510.0,8.0,12,1,0.8040973111395646,397.137675540024,366.5,0.0,0.0,0.0,0.0,1
676.0,6.0,0.693373410005347,0.0,0.0,0.0,0.0,0.0,32.0,4.0,1.040839837419239,0.0,0.0,98.9,0.0,0.0,0.0,0.0,2.0,436.0,2.0,13,1,0.8040973111395646,326.7919827657955,535.5,0.0,0.0,0.0,0.0,1
676.0,3.0,0.5416503191699582,0.0,0.0,0.0,0.0,0.0,36.0,1.0,-1.000088900581841e-12,0.0,0.0,97.58620689655172,0.0,0.0,0.0,0.0,8.0,618.0,8.0,13,1,0.8040973111395646,20.68816086557782,693.0,0.0,0.0,0.0,0.0,1
704.0,8.0,1.3151911978692492,0.0,0.0,0.0,0.0,0.0,16.0,1.0,-1.000088900581841e-12,0.0,0.0,92.66666666666669,0.0,0.0,0.0,0.0,6.0,546.0,6.0,14,1,0.8040973111395646,15.60982596529161,689.5,0.0,0.0,0.0,0.0,2
686.0,6.0,1.1602258877362583,0.0,0.0,0.0,0.0,0.0,46.0,2.0,0.646090505058809,0.0,0.0,89.4,0.0,0.0,0.0,0.0,12.0,240.0,10.0,14,1,0.8040973111395646,13.203534880226544,685.5,0.0,0.0,0.0,0.0,2
688.0,5.0,0.7198215030050082,0.0,0.0,0.0,0.0,0.0,28.0,2.0,0.6829081046984717,0.0,0.0,86.2,0.0,0.0,0.0,0.0,18.0,152.0,18.0,15,1,0.8040973111395646,11.590225767143584,688.5,0.0,0.0,0.0,0.0,2
678.0,2.0,0.0201313384307796,0.0,0.0,0.0,0.0,0.0,26.0,2.0,0.2711893730398441,0.0,0.0,84.36666666666666,0.0,0.0,0.0,0.0,12.0,0.0,4.0,15,1,0.8040973111395646,10.893423092246644,689.0,0.0,0.0,0.0,0.0,1
676.0,3.0,0.2334606218171113,0.0,0.0,0.0,0.0,0.0,2.0,1.0,-1.000088900581841e-12,0.0,0.0,83.0,0.0,0.0,0.0,0.0,4.0,126.0,4.0,16,1,0.8040973111395646,5.887840577554084,682.0,0.0,0.0,0.0,0.0,1
690.0,5.0,0.2059014074575424,0.0,0.0,0.0,0.0,0.0,4.0,1.0,-1.000088900581841e-12,0.0,0.0,80.8,0.0,0.0,0.0,0.0,6.0,50.0,2.0,16,1,0.8040973111395646,7.023769168570328,683.0,0.0,0.0,0.0,0.0,1
688.0,1.0,-1.000088900581841e-12,0.0,0.0,0.0,0.0,0.0,0.0,0.0,0.0,0.0,0.0,79.53333333333333,0.0,0.0,0.0,0.0,0.0,0.0,0.0,17,1,0.8040973111395646,7.023769168570328,683.0,0.0,0.0,0.0,0.0,1
586.0,3.0,0.3783329065840201,0.0,0.0,0.0,0.0,0.0,0.0,0.0,0.0,0.0,0.0,77.8,0.0,0.0,0.0,0.0,2.0,274.0,2.0,17,1,0.8040973111395646,49.71921157862447,660.0,0.0,0.0,0.0,0.0,1
686.0,6.0,1.037699039847314,0.0,0.0,0.0,0.0,0.0,8.0,2.0,0.6931471805579453,0.0,0.0,75.7,0.0,0.0,0.0,0.0,20.0,676.0,14.0,18,1,0.8040973111395646,51.02613709332396,662.5,0.0,0.0,0.0,0.0,1
704.0,8.0,1.260646870315565,0.0,0.0,0.0,0.0,0.0,0.0,0.0,0.0,0.0,0.0,70.34482758620689,0.0,0.0,0.0,0.0,22.0,280.0,18.0,18,1,0.8040973111395646,53.938236283116986,666.0,0.0,0.0,0.0,0.0,2
690.0,5.0,0.6320429759258824,0.0,0.0,0.0,0.0,0.0,8.0,2.0,0.6931471805579453,0.0,0.0,67.0,0.0,0.0,0.0,0.0,10.0,154.0,8.0,19,1,0.8040973111395646,54.218692963466864,666.5,0.0,0.0,0.0,0.0,1
680.0,3.0,0.0705774216847336,0.0,0.0,0.0,0.0,0.0,12.0,1.0,-1.000088900581841e-12,0.0,0.0,65.33333333333333,0.0,0.0,0.0,0.0,6.0,46.0,4.0,19,1,0.8040973111395646,10.198039027186756,690.0,0.0,0.0,0.0,0.0,1
702.0,10.0,1.1422843545561068,0.0,0.0,0.0,0.0,0.0,0.0,0.0,0.0,0.0,0.0,61.266666666666666,0.0,0.0,0.0,0.0,18.0,696.0,16.0,20,1,0.8040973111395646,11.19523708249885,694.0,0.0,0.0,0.0,0.0,1
690.0,3.0,0.5033427759642963,0.0,0.0,0.0,0.0,0.0,12.0,1.0,-1.000088900581841e-12,0.0,0.0,55.3,0.0,0.0,0.0,0.0,4.0,182.0,4.0,20,1,0.8040973111395646,9.000000000001327,690.5,0.0,0.0,0.0,0.0,1
690.0,5.0,1.1205897949234978,0.0,0.0,0.0,0.0,0.0,62.0,2.0,0.1425058673907378,0.0,0.0,53.36666666666667,0.0,0.0,0.0,0.0,6.0,1024.0,6.0,21,0,0.8040973111395646,9.000000000001327,690.5,0.0,0.0,0.0,0.0,1
710.0,9.0,1.694875492396256,0.0,0.0,0.0,0.0,0.0,102.0,4.0,0.5872644702633243,0.0,0.0,46.06666666666667,0.0,0.0,0.0,0.0,12.0,2026.0,8.0,21,0,0.8040973111395646,9.797958971133932,698.0,0.0,0.0,0.0,0.0,1
682.0,5.0,1.0151217228369636,0.0,0.0,0.0,0.0,0.0,4.0,1.0,-1.000088900581841e-12,0.0,0.0,39.8,0.0,0.0,0.0,0.0,6.0,614.0,6.0,22,0,0.8040973111395646,11.94431524478027,693.0,0.0,0.0,0.0,0.0,1
658.0,1.0,-1.000088900581841e-12,0.0,0.0,0.0,0.0,0.0,0.0,0.0,0.0,0.0,0.0,39.0,0.0,0.0,0.0,0.0,0.0,0.0,0.0,22,0,0.8040973111395646,21.509687739869456,685.0,0.0,0.0,0.0,0.0,2
236.0,1.0,-1.000088900581841e-12,0.0,0.0,0.0,0.0,0.0,14.0,1.0,-1.000088900581841e-12,0.0,0.0,39.0,2.0,0.0,0.0,0.0,0.0,0.0,0.0,23,0,0.8040973111395646,224.67383766992847,571.5,0.0,0.0,0.0,0.0,1
278.0,7.0,1.480483985873508,0.0,0.0,0.0,0.0,0.0,14.0,2.0,0.6829081046984717,0.0,0.0,36.583333333333336,0.0,0.0,0.0,0.0,6.0,468.0,6.0,23,0,0.8040973111395646,239.26205995379496,463.5,0.0,0.0,0.0,0.0,2
0.0,0.0,0.0,0.0,0.0,0.0,0.0,0.0,0.0,0.0,0.0,0.0,0.0,0.0,0.0,0.0,0.0,0.0,0.0,6.0,0.0,7,0,0.8040973111395646,272.36495124495497,293.0,0.0,0.0,0.0,0.0,1
688.0,8.0,1.689833176387408,0.0,0.0,0.0,0.0,0.0,18.0,3.0,0.8486855577234171,0.0,0.0,27.79310344827586,0.0,0.0,0.0,0.0,6.0,1816.0,2.0,8,1,0.8040973111395646,285.8455293802349,300.5,0.0,0.0,0.0,0.0,3
684.0,8.0,1.4807377761793343,0.0,0.0,0.0,0.0,0.0,6.0,2.0,0.6365141682928128,0.0,0.0,21.633333333333333,0.0,0.0,0.0,0.0,8.0,1054.0,8.0,8,1,0.8040973111395646,335.58853774625067,412.5,0.0,0.0,0.0,0.0,1
682.0,5.0,1.0207308328554634,0.0,0.0,0.0,0.0,0.0,0.0,0.0,0.0,0.0,0.0,14.133333333333333,0.0,0.0,0.0,0.0,22.0,334.0,16.0,9,1,0.8040973111395646,342.34242117116213,513.5,0.0,0.0,0.0,0.0,1
660.0,3.0,0.2144774478063003,0.0,0.0,0.0,0.0,0.0,12.0,1.0,-1.000088900581841e-12,0.0,0.0,12.7,0.0,0.0,0.0,0.0,2.0,164.0,2.0,9,1,0.8040973111395646,12.583057392119706,678.5,0.0,0.0,0.0,0.0,1
342.0,4.0,0.2508597115622011,0.0,0.0,0.0,0.0,0.0,12.0,2.0,0.4505612088643047,0.0,0.0,12.0,0.0,0.0,0.0,0.0,6.0,120.0,4.0,10,1,0.8040973111395646,167.02095676890386,592.0,0.0,0.0,0.0,0.0,1
716.0,1.0,-1.000088900581841e-12,0.0,0.0,0.0,0.0,0.0,2.0,1.0,-1.000088900581841e-12,0.0,0.0,42.9,0.0,0.0,0.0,0.0,0.0,0.0,0.0,11,1,0.8040973111395646,167.47039539373336,557.5,0.0,0.0,0.0,0.0,1
290.0,6.0,1.3393887069794383,0.0,0.0,0.0,0.0,0.0,14.0,4.0,1.15374194269709,0.0,0.0,63.36666666666667,0.0,0.0,0.0,0.0,6.0,444.0,6.0,11,1,0.8040973111395646,192.32264557248595,465.0,0.0,0.0,0.0,0.0,1
702.0,8.0,0.8216247746112103,0.0,0.0,0.0,0.0,0.0,32.0,2.0,0.3767701612544368,0.0,0.0,61.8,0.0,0.0,0.0,0.0,14.0,490.0,14.0,12,1,0.8040973111395646,199.66972729985892,555.0,0.0,0.0,0.0,0.0,1
690.0,6.0,0.7886911432476787,0.0,0.0,0.0,0.0,0.0,8.0,1.0,-1.000088900581841e-12,0.0,0.0,56.2,0.0,0.0,0.0,0.0,14.0,372.0,10.0,12,1,0.8040973111395646,206.6067117335093,599.5,0.0,0.0,0.0,0.0,1
676.0,1.0,-1.000088900581841e-12,0.0,0.0,0.0,0.0,0.0,2.0,1.0,-1.000088900581841e-12,0.0,0.0,53.9,0.0,0.0,0.0,0.0,0.0,0.0,0.0,13,1,0.8040973111395646,199.9491602049549,589.5,0.0,0.0,0.0,0.0,1
674.0,2.0,0.1336056994502362,0.0,0.0,0.0,0.0,0.0,4.0,2.0,0.6931471805579453,0.0,0.0,52.6,0.0,0.0,0.0,0.0,6.0,90.0,6.0,13,1,0.8040973111395646,13.10216267135743,685.5,0.0,0.0,0.0,0.0,1
694.0,5.0,0.7340681437137404,0.0,0.0,0.0,0.0,0.0,10.0,3.0,1.054920167983144,0.0,0.0,49.46666666666667,0.0,0.0,0.0,0.0,8.0,738.0,8.0,14,1,0.8040973111395646,9.983319421250233,683.5,0.0,0.0,0.0,0.0,1
682.0,5.0,0.3698130258850758,0.0,0.0,0.0,0.0,0.0,0.0,0.0,0.0,0.0,0.0,43.86666666666667,0.0,0.0,0.0,0.0,6.0,172.0,6.0,14,1,0.8040973111395646,9.000000000002526,681.5,0.0,0.0,0.0,0.0,1
694.0,5.0,0.4954855459997127,0.0,0.0,0.0,0.0,0.0,2.0,1.0,-1.000088900581841e-12,0.0,0.0,37.689655172413794,0.0,0.0,0.0,0.0,6.0,276.0,6.0,15,1,0.8040973111395646,9.797958971135024,686.0,0.0,0.0,0.0,0.0,1
688.0,5.0,0.2704273033374991,0.0,0.0,0.0,0.0,0.0,2.0,1.0,-1.000088900581841e-12,0.0,0.0,33.03333333333333,0.0,0.0,0.0,0.0,2.0,100.0,2.0,15,1,0.8040973111395646,5.744562646541972,689.5,0.0,0.0,0.0,0.0,2
692.0,4.0,1.0233769973384983,0.0,0.0,0.0,0.0,0.0,0.0,0.0,0.0,0.0,0.0,28.6,0.0,0.0,0.0,0.0,10.0,728.0,8.0,16,1,0.8040973111395646,5.291502622133463,689.0,0.0,0.0,0.0,0.0,1
694.0,7.0,0.9985389830080228,0.0,0.0,0.0,0.0,0.0,0.0,0.0,0.0,0.0,0.0,22.166666666666668,0.0,0.0,0.0,0.0,6.0,558.0,6.0,16,1,0.8040973111395646,2.8284271247541786,692.0,0.0,0.0,0.0,0.0,2
358.0,4.0,0.8149882016338672,0.0,0.0,0.0,0.0,0.0,2.0,1.0,-1.000088900581841e-12,0.0,0.0,15.0,0.0,0.0,0.0,0.0,2.0,666.0,2.0,17,1,0.8040973111395646,166.6853322881172,608.0,0.0,0.0,0.0,0.0,1
602.0,2.0,0.2264186910752238,0.0,0.0,0.0,0.0,0.0,0.0,0.0,0.0,0.0,0.0,45.63333333333333,0.0,0.0,0.0,0.0,4.0,70.0,4.0,18,1,0.8040973111395646,142.22517358048836,557.0,0.0,0.0,0.0,0.0,3
712.0,9.0,1.6044318526406416,0.0,0.0,0.0,0.0,0.0,4.0,2.0,0.6931471805579453,0.0,0.0,51.793103448275865,0.0,0.0,0.0,0.0,14.0,1084.0,8.0,18,1,0.8040973111395646,148.1654480639803,561.5,0.0,0.0,0.0,0.0,2
698.0,11.0,1.7801972195148787,0.0,0.0,0.0,0.0,0.0,2.0,1.0,-1.000088900581841e-12,0.0,0.0,43.86666666666667,0.0,0.0,0.0,0.0,10.0,938.0,4.0,19,1,0.8040973111395646,68.74833331313116,646.5,0.0,0.0,0.0,0.0,2
654.0,1.0,-1.000088900581841e-12,0.0,0.0,0.0,0.0,0.0,0.0,0.0,0.0,0.0,0.0,40.5,0.0,0.0,0.0,0.0,0.0,0.0,0.0,19,1,0.8040973111395646,49.59502663238233,666.5,0.0,0.0,0.0,0.0,1
672.0,3.0,0.5789579619224958,0.0,0.0,0.0,0.0,0.0,4.0,1.0,-1.000088900581841e-12,0.0,0.0,38.06666666666667,0.0,0.0,0.0,0.0,8.0,328.0,6.0,20,1,0.8040973111395646,25.97434631837176,684.0,0.0,0.0,0.0,0.0,1
676.0,4.0,1.172412956181429,0.0,0.0,0.0,0.0,0.0,8.0,1.0,-1.000088900581841e-12,0.0,0.0,34.96666666666667,0.0,0.0,0.0,0.0,16.0,454.0,16.0,20,1,0.8040973111395646,18.073922282302537,675.0,0.0,0.0,0.0,0.0,1
692.0,7.0,1.571563586966048,0.0,0.0,0.0,0.0,0.0,6.0,2.0,0.6365141682928128,0.0,0.0,31.23333333333333,0.0,0.0,0.0,0.0,36.0,480.0,30.0,21,0,0.8040973111395646,15.60982596529225,673.5,0.0,0.0,0.0,0.0,1
688.0,4.0,0.6784412478713402,0.0,0.0,0.0,0.0,0.0,0.0,0.0,0.0,0.0,0.0,24.4,0.0,0.0,0.0,0.0,10.0,460.0,10.0,21,0,0.8040973111395646,9.521904571392854,682.0,0.0,0.0,0.0,0.0,1
666.0,4.0,0.3727621712790097,0.0,0.0,0.0,0.0,0.0,0.0,0.0,0.0,0.0,0.0,22.133333333333333,0.0,0.0,0.0,0.0,4.0,136.0,4.0,22,0,0.8040973111395646,11.818065267492484,680.5,0.0,0.0,0.0,0.0,1
672.0,5.0,0.5598787727984935,0.0,0.0,0.0,0.0,0.0,6.0,2.0,0.6365141682928128,0.0,0.0,19.83333333333333,0.0,0.0,0.0,0.0,14.0,254.0,8.0,22,0,0.8040973111395646,12.476644848143758,679.5,0.0,0.0,0.0,0.0,1
658.0,2.0,0.146485751599608,0.0,0.0,0.0,0.0,0.0,0.0,0.0,0.0,0.0,0.0,18.344827586206897,0.0,0.0,0.0,0.0,2.0,58.0,2.0,23,0,0.8040973111395646,12.701705922173572,671.0,0.0,0.0,0.0,0.0,1
478.0,3.0,0.7824574602777463,0.0,0.0,0.0,0.0,0.0,0.0,0.0,0.0,0.0,0.0,17.571428571428573,0.0,0.0,0.0,0.0,8.0,360.0,6.0,23,0,0.8040973111395646,93.84206590508002,618.5,0.0,0.0,0.0,0.0,1
718.0,8.0,1.2693251040155602,0.0,0.0,0.0,0.0,0.0,16.0,2.0,0.5623351446168083,0.0,2.0,5.090909090909091,0.0,0.0,0.0,0.0,0.0,746.0,0.0,9,1,0.8040973111395646,294.0362789407684,369.0,0.0,0.0,0.0,0.0,1
718.0,1.0,-1.000088900581841e-12,0.0,0.0,0.0,0.0,0.0,8.0,1.0,-1.000088900581841e-12,0.0,0.0,28.4,0.0,0.0,0.0,0.0,0.0,0.0,0.0,10,1,0.8040973111395646,339.3385723236701,547.0,0.0,0.0,0.0,0.0,1
686.0,9.0,1.0108517188476058,0.0,24.0,0.0,0.0,0.0,200.0,4.0,0.6836492556312727,0.0,0.0,42.8,0.0,0.0,0.0,0.0,28.0,888.0,14.0,10,1,0.8040973111395646,15.448840301676746,709.0,11.999999999999996,6.0,0.0,0.0,1
718.0,7.0,0.5577651974856599,0.0,0.0,0.0,0.0,0.0,42.0,3.0,0.8515842539165701,0.0,4.0,43.4,0.0,0.0,0.0,0.0,12.0,352.0,4.0,11,1,0.8040973111395646,15.448840301676746,709.0,11.999999999999996,6.0,0.0,0.0,3
704.0,4.0,0.316167187099196,0.0,0.0,0.0,0.0,0.0,4.0,2.0,0.6931471805579453,0.0,4.0,55.66666666666666,0.0,0.0,0.0,0.0,20.0,234.0,10.0,11,1,0.8040973111395646,15.176736583777766,706.5,11.999999999999996,6.0,0.0,0.0,2
694.0,6.0,0.7843331154060337,0.0,0.0,0.0,0.0,0.0,8.0,3.0,1.039720770836918,0.0,0.0,59.86666666666667,0.0,0.0,0.0,0.0,40.0,1128.0,22.0,12,1,0.8040973111395646,13.796134724384878,700.5,11.999999999999996,6.0,0.0,0.0,2
678.0,3.0,0.3943410275023592,0.0,0.0,0.0,0.0,0.0,2.0,1.0,-1.000088900581841e-12,0.0,0.0,54.43333333333333,0.0,0.0,0.0,0.0,12.0,50.0,6.0,12,1,0.8040973111395646,16.842406795547706,698.5,0.0,0.0,0.0,0.0,1
672.0,10.0,1.2628287134614955,0.0,0.0,0.0,0.0,0.0,22.0,2.0,0.3046360973472382,0.0,0.0,51.86206896551724,0.0,0.0,0.0,0.0,20.0,980.0,12.0,13,1,0.8040973111395646,14.651507317225477,687.0,0.0,0.0,0.0,0.0,1
710.0,9.0,1.451437192883389,0.0,0.0,0.0,0.0,0.0,32.0,2.0,0.482577565175012,0.0,0.0,44.1,0.0,0.0,0.0,0.0,24.0,3210.0,8.0,13,1,0.8040973111395646,17.078251276600646,688.5,0.0,0.0,0.0,0.0,1
704.0,10.0,1.080209012756339,0.0,0.0,0.0,0.0,0.0,10.0,2.0,0.6730116670072565,0.0,0.0,37.46666666666667,0.0,0.0,0.0,0.0,28.0,638.0,16.0,14,1,0.8040973111395646,18.797162906496776,691.0,0.0,0.0,0.0,0.0,2
690.0,4.0,0.8895238751831478,0.0,0.0,0.0,0.0,0.0,4.0,1.0,-1.000088900581841e-12,0.0,0.0,32.06666666666667,0.0,0.0,0.0,0.0,32.0,498.0,22.0,14,1,0.8040973111395646,16.8918126124279,694.0,0.0,0.0,0.0,0.0,1
714.0,6.0,0.8428757454468998,0.0,0.0,0.0,0.0,0.0,22.0,1.0,-1.000088900581841e-12,0.0,0.0,26.73333333333333,0.0,0.0,0.0,0.0,36.0,546.0,16.0,15,1,0.8040973111395646,10.503967504394604,704.5,0.0,0.0,0.0,0.0,2
714.0,2.0,0.2237180760638337,0.0,0.0,0.0,0.0,0.0,0.0,0.0,0.0,0.0,0.0,22.433333333333334,0.0,0.0,0.0,0.0,16.0,114.0,8.0,15,1,0.8040973111395646,11.357816691602508,705.5,0.0,0.0,0.0,0.0,2
714.0,6.0,0.9697560912698804,0.0,0.0,0.0,0.0,0.0,12.0,1.0,-1.000088900581841e-12,0.0,4.0,18.5,0.0,0.0,0.0,0.0,28.0,780.0,16.0,16,1,0.8040973111395646,12.000000000001856,708.0,0.0,0.0,0.0,0.0,1
716.0,1.0,-1.000088900581841e-12,0.0,0.0,0.0,0.0,0.0,0.0,0.0,0.0,0.0,0.0,29.466666666666665,0.0,0.0,0.0,0.0,0.0,0.0,0.0,16,1,0.8040973111395646,1.000000000022273,714.5,0.0,0.0,0.0,0.0,1
622.0,1.0,-1.000088900581841e-12,0.0,0.0,0.0,0.0,0.0,0.0,0.0,0.0,0.0,0.0,52.2,0.0,0.0,0.0,0.0,0.0,0.0,0.0,17,1,0.8040973111395646,46.34292466673538,691.5,0.0,0.0,0.0,0.0,1
630.0,10.0,1.6702729747720493,0.0,0.0,0.0,0.0,0.0,16.0,2.0,0.5623351446168083,0.0,0.0,63.5,0.0,0.0,0.0,0.0,12.0,1814.0,6.0,17,1,0.8040973111395646,51.49433625814309,670.5,0.0,0.0,0.0,0.0,1
716.0,10.0,1.564610143945636,0.0,0.0,0.0,0.0,0.0,32.0,3.0,0.7356219397557947,0.0,0.0,57.766666666666666,0.0,0.0,0.0,0.0,28.0,1526.0,16.0,18,1,0.8040973111395646,52.06406310178558,671.0,0.0,0.0,0.0,0.0,1
718.0,2.0,0.0344701086632955,0.0,0.0,0.0,0.0,0.0,104.0,2.0,0.4293230219286162,0.0,0.0,50.46666666666667,0.0,0.0,0.0,0.0,0.0,290.0,0.0,18,1,0.8040973111395646,52.64662065761401,671.5,0.0,0.0,0.0,0.0,2
716.0,7.0,1.1601993778028576,0.0,0.0,0.0,0.0,0.0,24.0,2.0,0.4505612088643047,0.0,0.0,43.3,0.0,0.0,0.0,0.0,32.0,976.0,14.0,19,1,0.8040973111395646,43.34358853010109,695.0,0.0,0.0,0.0,0.0,1
716.0,4.0,0.4185298979275444,0.0,0.0,0.0,0.0,0.0,4.0,1.0,-1.000088900581841e-12,0.0,0.0,37.73333333333333,0.0,0.0,0.0,0.0,8.0,546.0,4.0,19,1,0.8040973111395646,1.0000000000221785,716.5,0.0,0.0,0.0,0.0,1
714.0,7.0,0.7427944682605847,0.0,0.0,0.0,0.0,0.0,4.0,1.0,-1.000088900581841e-12,0.0,0.0,33.56666666666667,0.0,0.0,0.0,0.0,24.0,628.0,12.0,20,1,0.8040973111395646,1.6329931618690277,716.0,0.0,0.0,0.0,0.0,1
716.0,6.0,0.7620662380863892,0.0,0.0,0.0,0.0,0.0,20.0,1.0,-1.000088900581841e-12,0.0,0.0,27.066666666666663,0.0,0.0,0.0,0.0,20.0,676.0,12.0,20,1,0.8040973111395646,1.0000000000221785,715.5,0.0,0.0,0.0,0.0,1
714.0,1.0,-1.000088900581841e-12,0.0,0.0,0.0,0.0,0.0,0.0,0.0,0.0,0.0,0.0,22.9,0.0,0.0,0.0,0.0,8.0,0.0,2.0,21,0,0.8040973111395646,1.1547005383984668,715.0,0.0,0.0,0.0,0.0,1
716.0,4.0,0.536528378168224,0.0,0.0,0.0,0.0,0.0,14.0,2.0,0.410116318286409,0.0,4.0,20.6,0.0,0.0,4.0,4.0,24.0,548.0,12.0,21,0,0.8040973111395646,1.1547005383984668,715.0,0.0,0.0,0.0,0.0,1
714.0,5.0,0.5115632061036737,0.0,0.0,0.0,0.0,0.0,10.0,3.0,1.054920167983144,0.0,0.0,23.03333333333333,0.0,0.0,0.0,0.0,24.0,342.0,14.0,22,0,0.8040973111395646,1.1547005383984668,715.0,0.0,0.0,0.0,0.0,1
714.0,6.0,0.8883962790837354,0.0,0.0,0.0,0.0,0.0,0.0,0.0,0.0,0.0,0.0,22.03333333333333,0.0,0.0,0.0,0.0,24.0,396.0,16.0,22,0,0.8040973111395646,1.0000000000221785,714.5,0.0,0.0,0.0,0.0,1
688.0,2.0,0.1967997889633822,0.0,0.0,0.0,0.0,0.0,8.0,1.0,-1.000088900581841e-12,0.0,0.0,20.1,0.0,0.0,0.0,0.0,4.0,72.0,2.0,23,0,0.8040973111395646,13.36662510384393,708.0,0.0,0.0,0.0,0.0,1
458.0,9.0,1.7736572451676054,0.0,0.0,0.0,0.0,0.0,52.0,2.0,0.5824922438829605,0.0,0.0,14.947368421052632,0.0,0.0,0.0,0.0,8.0,1472.0,4.0,23,0,0.8040973111395646,124.27254993226266,643.5,0.0,0.0,0.0,0.0,1
348.0,2.0,0.671588715397869,0.0,0.0,0.0,0.0,0.0,10.0,2.0,0.6730116670072565,0.0,2.0,17.142857142857142,0.0,0.0,0.0,0.0,4.0,402.0,2.0,8,1,0.8040973111395646,178.13103790936242,552.0,0.0,0.0,0.0,0.0,2
716.0,5.0,0.6984373985146487,0.0,0.0,0.0,0.0,0.0,28.0,3.0,0.8304717124332917,0.0,2.0,22.166666666666668,0.0,0.0,0.0,0.0,6.0,378.0,6.0,8,1,0.8040973111395646,178.73910223190313,552.5,0.0,0.0,0.0,0.0,1
718.0,2.0,0.1068001133610488,0.0,0.0,0.0,0.0,0.0,14.0,3.0,0.9556998911095343,0.0,0.0,44.0,0.0,0.0,0.0,0.0,2.0,18.0,2.0,9,1,0.8040973111395646,186.7690195580271,560.0,0.0,0.0,0.0,0.0,1
714.0,6.0,0.8723642053857292,0.0,0.0,0.0,0.0,0.0,196.0,3.0,0.3388024864267644,0.0,2.0,56.333333333333336,0.0,0.0,0.0,0.0,4.0,444.0,2.0,9,1,0.8040973111395646,184.0072462341272,624.0,0.0,0.0,0.0,0.0,1
712.0,9.0,1.0475416103168278,0.0,0.0,0.0,0.0,0.0,8.0,2.0,0.6931471805579453,0.0,0.0,70.83333333333333,0.0,0.0,0.0,0.0,16.0,374.0,14.0,10,1,0.8040973111395646,2.581988897481005,715.0,0.0,0.0,0.0,0.0,1
718.0,1.0,-1.000088900581841e-12,0.0,0.0,0.0,0.0,0.0,0.0,0.0,0.0,0.0,0.0,85.83333333333333,0.0,0.0,0.0,0.0,0.0,0.0,0.0,11,1,0.8040973111395646,4.163331998938082,713.0,0.0,0.0,0.0,0.0,1
660.0,4.0,0.1824452142103377,0.0,0.0,0.0,0.0,0.0,6.0,2.0,0.6365141682928128,0.0,0.0,94.9,0.0,0.0,0.0,0.0,6.0,68.0,6.0,12,1,0.8040973111395646,25.68397684679526,697.5,0.0,0.0,0.0,0.0,2
702.0,4.0,0.7336313694756148,0.0,0.0,0.0,0.0,0.0,28.0,2.0,0.410116318286409,0.0,0.0,91.16666666666669,0.0,0.0,0.0,0.0,8.0,408.0,8.0,13,1,0.8040973111395646,23.74166520416618,682.5,0.0,0.0,0.0,0.0,1
694.0,11.0,1.5256991206080737,0.0,0.0,0.0,0.0,0.0,0.0,0.0,0.0,0.0,0.0,81.16666666666667,0.0,0.0,0.0,0.0,22.0,998.0,20.0,14,1,0.8040973111395646,20.09145755456072,692.5,0.0,0.0,0.0,0.0,2
678.0,4.0,0.3293028369980814,0.0,0.0,0.0,0.0,0.0,20.0,1.0,-1.000088900581841e-12,0.0,0.0,75.34482758620689,0.0,0.0,0.0,0.0,12.0,154.0,12.0,15,1,0.8040973111395646,15.318833724102983,690.0,0.0,0.0,0.0,0.0,1
688.0,6.0,0.502926293940534,0.0,0.0,0.0,0.0,0.0,64.0,3.0,0.9002560512655369,0.0,0.0,66.66666666666667,0.0,0.0,0.0,0.0,12.0,334.0,12.0,16,1,0.8040973111395646,7.895146188221078,684.5,0.0,0.0,0.0,0.0,1
676.0,6.0,0.7312826445241928,0.0,0.0,0.0,0.0,0.0,28.0,1.0,-1.000088900581841e-12,0.0,0.0,60.5,0.0,0.0,0.0,0.0,10.0,520.0,10.0,17,1,0.8040973111395646,12.489995996798733,681.0,0.0,0.0,0.0,0.0,1
714.0,11.0,1.4283401021029831,0.0,0.0,0.0,2.0,0.0,16.0,1.0,-1.000088900581841e-12,0.0,0.0,50.66666666666666,0.0,0.0,0.0,0.0,32.0,970.0,20.0,18,1,0.8040973111395646,25.742312768411374,693.0,0.0,0.0,1.0,0.5,1
708.0,9.0,1.497663052870027,0.0,0.0,0.0,2.0,0.0,68.0,4.0,1.2290455587226186,0.0,0.0,43.46666666666667,0.0,0.0,0.0,0.0,8.0,662.0,6.0,19,1,0.8040973111395646,3.4156502553269665,712.5,0.0,0.0,1.1547005383792517,1.0,1
706.0,6.0,1.3588343272063066,0.0,0.0,0.0,0.0,0.0,124.0,2.0,0.5341593666851499,0.0,0.0,36.73333333333333,0.0,0.0,0.0,0.0,6.0,672.0,6.0,20,1,0.8040973111395646,22.47220505424532,697.5,0.0,0.0,1.0,0.5,1
706.0,6.0,0.9894824638129348,0.0,0.0,0.0,0.0,0.0,288.0,2.0,0.0414328681353426,0.0,0.0,28.9,0.0,0.0,0.0,0.0,30.0,2672.0,28.0,21,0,0.8040973111395646,22.64950330581333,697.5,0.0,0.0,0.0,0.0,1
692.0,7.0,1.0081340779741017,0.0,0.0,0.0,0.0,0.0,22.0,1.0,-1.000088900581841e-12,0.0,0.0,19.0,0.0,0.0,0.0,0.0,6.0,380.0,6.0,22,0,0.8040973111395646,11.47460965204115,700.5,0.0,0.0,0.0,0.0,1
676.0,5.0,0.6352702450192487,0.0,0.0,0.0,0.0,0.0,0.0,0.0,0.0,0.0,0.0,13.366666666666667,0.0,0.0,0.0,0.0,2.0,302.0,2.0,23,0,0.8040973111395646,8.16496580928026,684.0,0.0,0.0,0.0,0.0,1
718.0,1.0,-1.000088900581841e-12,0.0,0.0,0.0,0.0,0.0,0.0,0.0,0.0,0.0,0.0,68.26666666666667,0.0,0.0,0.0,0.0,0.0,0.0,0.0,11,1,0.8040973111395646,8.717797887083384,713.0,0.0,0.0,0.0,0.0,1
538.0,6.0,1.31603379997265,0.0,12.0,0.0,0.0,0.0,264.0,7.0,0.8293424505059197,0.0,0.0,93.17241379310344,0.0,0.0,0.0,0.0,16.0,628.0,14.0,12,1,0.8040973111395646,201.71514568817096,566.5,5.999999999999988,3.0,0.0,0.0,1
664.0,2.0,0.1840728745300575,0.0,0.0,0.0,0.0,0.0,40.0,1.0,-1.000088900581841e-12,0.0,0.0,23.8,0.0,0.0,0.0,0.0,6.0,54.0,6.0,9,1,0.8040973111395646,335.79507639828995,505.5,0.0,0.0,0.0,0.0,1
678.0,5.0,0.8829030128020161,0.0,0.0,0.0,0.0,0.0,16.0,2.0,0.5623351446168083,0.0,0.0,18.466666666666665,0.0,0.0,0.0,0.0,14.0,232.0,14.0,10,1,0.8040973111395646,9.146948489342911,675.5,0.0,0.0,0.0,0.0,2
678.0,5.0,0.5730383916649322,0.0,0.0,0.0,0.0,0.0,14.0,3.0,0.9556998911095343,0.0,0.0,41.0,0.0,0.0,0.0,0.0,12.0,226.0,12.0,12,1,0.8040973111395646,204.9292560860943,581.0,0.0,0.0,0.0,0.0,1
680.0,7.0,0.7932714854363377,0.0,0.0,0.0,0.0,0.0,28.0,2.0,0.5195798391285155,0.0,0.0,35.9,0.0,0.0,0.0,0.0,6.0,446.0,6.0,13,1,0.8040973111395646,23.459184413217866,683.5,0.0,0.0,0.0,0.0,2
716.0,5.0,0.6075651919488659,0.0,14.0,0.0,0.0,0.0,34.0,2.0,0.2237180760638337,0.0,12.0,32.724137931034484,0.0,0.0,0.0,0.0,14.0,344.0,6.0,14,1,0.8040973111395646,27.245794782559827,692.5,58.0430874437258,33.5,0.0,0.0,1
696.0,12.0,1.7386101265580138,0.0,0.0,0.0,0.0,0.0,102.0,3.0,0.6700035828763007,0.0,0.0,52.0,0.0,0.0,0.0,0.0,22.0,1338.0,18.0,15,1,0.8040973111395646,10.13245610238194,711.0,58.0430874437258,33.5,0.0,0.0,1
714.0,8.0,1.4025511429010735,0.0,0.0,0.0,0.0,0.0,78.0,2.0,0.1192469263942449,0.0,0.0,38.06666666666667,0.0,0.0,0.0,0.0,22.0,1182.0,14.0,16,1,0.8040973111395646,15.08862706367604,703.5,0.0,0.0,0.0,0.0,1
714.0,9.0,1.6957060785788944,0.0,0.0,0.0,0.0,0.0,192.0,3.0,0.4895264853143812,0.0,0.0,22.966666666666665,0.0,0.0,0.0,0.0,38.0,634.0,24.0,17,1,0.8040973111395646,13.304134695651214,705.5,0.0,0.0,0.0,0.0,1
706.0,4.0,0.8220215015605411,0.0,0.0,0.0,0.0,0.0,10.0,3.0,1.054920167983144,0.0,0.0,13.7,0.0,0.0,0.0,0.0,26.0,524.0,24.0,18,1,0.8040973111395646,3.6514837167052847,710.0,0.0,0.0,0.0,0.0,2
680.0,6.0,1.235485331446064,0.0,0.0,0.0,0.0,0.0,2.0,1.0,-1.000088900581841e-12,0.0,0.0,32.13333333333333,0.0,0.0,0.0,0.0,8.0,706.0,4.0,22,0,0.8040973111395646,182.3586210374127,605.0,0.0,0.0,0.0,0.0,1
656.0,1.0,-1.000088900581841e-12,0.0,0.0,0.0,0.0,0.0,4.0,1.0,-1.000088900581841e-12,0.0,0.0,25.933333333333334,0.0,0.0,0.0,0.0,2.0,0.0,2.0,23,0,0.8040973111395646,18.973665961010965,678.0,0.0,0.0,0.0,0.0,2
506.0,9.0,1.5837830998189395,0.0,0.0,0.0,0.0,0.0,30.0,3.0,0.8608513906282316,0.0,0.0,13.272727272727272,0.0,0.0,0.0,0.0,4.0,1402.0,4.0,8,1,0.8040973111395646,115.34296684236983,502.0,0.0,0.0,0.0,0.0,2
654.0,1.0,-1.000088900581841e-12,0.0,0.0,0.0,0.0,0.0,0.0,0.0,0.0,0.0,0.0,47.86666666666667,0.0,0.0,0.0,0.0,0.0,0.0,0.0,9,1,0.8040973111395646,144.5037485096264,559.0,0.0,0.0,0.0,0.0,3
718.0,1.0,-1.000088900581841e-12,0.0,0.0,0.0,0.0,0.0,72.0,1.0,-1.000088900581841e-12,0.0,0.0,74.46666666666667,0.0,0.0,0.0,0.0,0.0,0.0,0.0,10,1,0.8040973111395646,34.26854728950959,678.5,0.0,0.0,0.0,0.0,2
718.0,1.0,-1.000088900581841e-12,0.0,0.0,0.0,0.0,0.0,24.0,1.0,-1.000088900581841e-12,0.0,0.0,96.56666666666666,0.0,0.0,0.0,0.0,0.0,0.0,0.0,11,1,0.8040973111395646,35.67912554982284,699.5,0.0,0.0,0.0,0.0,2
660.0,3.0,0.0575675931104902,0.0,0.0,0.0,0.0,0.0,8.0,1.0,-1.000088900581841e-12,0.0,0.0,97.24137931034484,0.0,0.0,0.0,0.0,2.0,12.0,2.0,12,1,0.8040973111395646,27.3434940464215,695.5,0.0,0.0,0.0,0.0,2
686.0,5.0,1.0517815820615104,0.0,0.0,0.0,0.0,0.0,4.0,1.0,-1.000088900581841e-12,0.0,0.0,91.26666666666668,0.0,0.0,0.0,0.0,12.0,470.0,12.0,13,1,0.8040973111395646,12.754084313140163,678.0,0.0,0.0,0.0,0.0,1
674.0,2.0,0.2084430091916187,0.0,0.0,0.0,0.0,0.0,144.0,1.0,-1.000088900581841e-12,0.0,0.0,88.06666666666666,0.0,0.0,0.0,0.0,2.0,80.0,2.0,14,1,0.8040973111395646,9.146948489342646,675.5,0.0,0.0,0.0,0.0,1
704.0,6.0,1.2955034494539002,0.0,0.0,0.0,0.0,0.0,10.0,2.0,0.5004024235361879,0.0,0.0,79.73333333333333,0.0,0.0,0.0,0.0,16.0,1278.0,14.0,15,1,0.8040973111395646,19.55334583475049,685.5,0.0,0.0,0.0,0.0,2
710.0,7.0,1.3024404155509324,0.0,0.0,0.0,0.0,0.0,22.0,2.0,0.4741393130558373,0.0,0.0,71.96666666666667,0.0,0.0,0.0,0.0,30.0,1682.0,14.0,16,1,0.8040973111395646,8.406346808613598,701.0,0.0,0.0,0.0,0.0,1
714.0,10.0,1.064055427951316,0.0,0.0,0.0,0.0,0.0,12.0,2.0,0.6365141682928128,0.0,0.0,61.266666666666666,0.0,0.0,2.0,2.0,12.0,514.0,12.0,17,1,0.8040973111395646,11.93035344544974,707.5,0.0,0.0,0.0,0.0,1
702.0,7.0,1.652877059443061,0.0,4.0,0.0,0.0,0.0,16.0,3.0,0.9743147528663494,0.0,0.0,47.3,0.0,0.0,0.0,0.0,8.0,1462.0,4.0,18,1,0.8040973111395646,6.324555320338409,710.0,6.608075867199701,4.5,0.0,0.0,1
708.0,6.0,0.7507470926565735,0.0,62.0,0.0,0.0,0.0,88.0,2.0,0.3540511393429268,0.0,0.0,29.966666666666665,0.0,0.0,0.0,0.0,0.0,1986.0,0.0,19,1,0.8040973111395646,4.123105625620199,707.5,26.095976701399785,23.5,0.0,0.0,1
714.0,6.0,0.8165802903769076,0.0,0.0,0.0,0.0,0.0,2.0,1.0,-1.000088900581841e-12,0.0,0.0,19.9,0.0,0.0,0.0,0.0,4.0,450.0,4.0,20,1,0.8040973111395646,2.516611478427758,711.5,27.37395355686376,22.0,0.0,0.0,1
716.0,7.0,1.4373749046084745,0.0,0.0,0.0,0.0,0.0,260.0,4.0,0.6398045596104286,0.0,0.0,19.4,0.0,0.0,0.0,0.0,24.0,1048.0,16.0,21,0,0.8040973111395646,1.9148542155181527,714.5,6.000000000000038,3.0,0.0,0.0,1
280.0,2.0,0.1035479675754654,0.0,0.0,0.0,0.0,0.0,2.0,1.0,-1.000088900581841e-12,0.0,0.0,11.0,0.0,0.0,0.0,0.0,2.0,6.0,2.0,22,0,0.8040973111395646,217.66870851518067,606.5,0.0,0.0,0.0,0.0,1
458.0,8.0,1.3183615768261874,0.0,0.0,0.0,0.0,0.0,12.0,2.0,0.4505612088643047,0.0,0.0,13.894736842105264,0.0,0.0,0.0,0.0,0.0,1174.0,0.0,9,1,0.8040973111395646,276.13704327139214,378.5,0.0,0.0,0.0,0.0,1
718.0,4.0,0.2986790128307677,0.0,0.0,0.0,0.0,0.0,64.0,1.0,-1.000088900581841e-12,0.0,10.0,38.6,0.0,0.0,0.0,0.0,2.0,116.0,2.0,11,1,0.8040973111395646,145.0367769452517,585.5,2.0000000000001137,1.0,0.0,0.0,1
706.0,6.0,0.5759193927928599,0.0,0.0,0.0,0.0,0.0,52.0,1.0,-1.000088900581841e-12,0.0,0.0,75.3,0.0,0.0,0.0,0.0,12.0,214.0,12.0,12,1,0.8040973111395646,7.549834435272146,711.5,2.0000000000001137,1.0,0.0,0.0,1
676.0,5.0,0.7706679425191144,0.0,0.0,0.0,0.0,0.0,46.0,3.0,0.8416853379686988,0.0,0.0,70.66666666666667,0.0,0.0,0.0,0.0,6.0,480.0,2.0,13,1,0.8040973111395646,23.83275057562642,692.0,0.0,0.0,0.0,0.0,1
698.0,3.0,1.0901139068704273,0.0,0.0,0.0,0.0,0.0,46.0,1.0,-1.000088900581841e-12,0.0,0.0,53.06896551724138,0.0,0.0,0.0,0.0,0.0,564.0,0.0,14,1,0.8040973111395646,20.9443707632072,689.0,0.0,0.0,0.0,0.0,1
656.0,1.0,-1.000088900581841e-12,0.0,0.0,0.0,0.0,0.0,18.0,2.0,0.3488320958410319,0.0,0.0,46.0,0.0,0.0,0.0,0.0,0.0,0.0,0.0,15,1,0.8040973111395646,25.632011235953016,685.5,0.0,0.0,0.0,0.0,1
670.0,7.0,0.3384187208894954,0.0,0.0,0.0,0.0,0.0,36.0,3.0,0.7777899315529315,0.0,0.0,39.3,0.0,0.0,0.0,0.0,10.0,128.0,10.0,16,1,0.8040973111395646,9.018499505646975,669.0,0.0,0.0,0.0,0.0,1
708.0,10.0,1.604681494224007,0.0,0.0,0.0,0.0,0.0,70.0,2.0,0.5700471704992849,0.0,0.0,28.3,0.0,0.0,0.0,0.0,18.0,1010.0,14.0,17,1,0.8040973111395646,16.693312034065844,685.0,0.0,0.0,0.0,0.0,1
710.0,7.0,0.8475997026653918,0.0,0.0,0.0,0.0,0.0,0.0,0.0,0.0,0.0,2.0,17.666666666666668,0.0,0.0,0.0,0.0,12.0,360.0,10.0,18,1,0.8040973111395646,12.110601416390825,704.0,0.0,0.0,0.0,0.0,1
686.0,5.0,0.813821541307565,0.0,0.0,0.0,0.0,0.0,86.0,3.0,0.835055624099254,0.0,0.0,48.333333333333336,0.0,0.0,0.0,0.0,8.0,222.0,8.0,19,1,0.8040973111395646,14.083086782852485,706.5,0.0,0.0,0.0,0.0,1
712.0,3.0,0.7781721226353544,0.0,0.0,0.0,0.0,0.0,46.0,2.0,0.3872123751843606,0.0,0.0,41.66666666666666,0.0,0.0,0.0,0.0,8.0,98.0,8.0,20,1,0.8040973111395646,18.797162906496133,699.0,0.0,0.0,1.0,0.5,1
700.0,6.0,0.8848084015057048,0.0,0.0,0.0,2.0,0.0,40.0,2.0,0.1985152433438726,0.0,0.0,34.36666666666667,0.0,0.0,0.0,0.0,22.0,506.0,16.0,21,0,0.8040973111395646,15.609825965291458,701.5,0.0,0.0,1.632993161855452,2.0,1
684.0,3.0,0.6598470450800401,0.0,0.0,0.0,0.0,0.0,18.0,3.0,0.6837389058457535,0.0,0.0,24.5,0.0,0.0,0.0,0.0,8.0,216.0,8.0,9,1,0.8040973111395646,319.56793748226164,480.5,0.0,0.0,0.0,0.0,1
412.0,6.0,1.462700543246242,0.0,0.0,0.0,0.0,0.0,92.0,3.0,0.777140995929613,0.0,2.0,25.8,0.0,0.0,0.0,0.0,14.0,382.0,10.0,10,1,0.8040973111395646,137.32686068889322,580.0,0.0,0.0,0.0,0.0,1
600.0,8.0,1.4286578871094506,0.0,0.0,0.0,0.0,0.0,8.0,2.0,0.6931471805579453,0.0,0.0,56.333333333333336,0.0,0.0,0.0,0.0,16.0,884.0,16.0,11,1,0.8040973111395646,309.304596366322,428.0,0.0,0.0,0.0,0.0,1
698.0,6.0,0.9819268346710986,0.0,0.0,0.0,2.0,0.0,224.0,2.0,0.5523117982235073,0.0,0.0,46.56666666666667,0.0,0.0,0.0,0.0,18.0,260.0,16.0,12,1,0.8040973111395646,335.0741211533154,498.0,0.0,0.0,1.0,0.5,1
672.0,2.0,0.4911904069802061,0.0,0.0,0.0,0.0,0.0,14.0,2.0,0.5982695885832573,0.0,0.0,38.03333333333333,0.0,0.0,0.0,0.0,2.0,200.0,2.0,13,1,0.8040973111395646,15.864005379055028,693.5,0.0,0.0,1.1547005383792517,1.0,1
704.0,9.0,1.054219081218233,0.0,0.0,0.0,0.0,0.0,20.0,2.0,0.6730116670072565,0.0,0.0,32.36666666666667,0.0,0.0,0.0,0.0,16.0,654.0,14.0,14,1,0.8040973111395646,20.944370763207164,689.0,0.0,0.0,1.0,0.5,1
718.0,2.0,0.096081316469796,0.0,0.0,0.0,0.0,0.0,20.0,2.0,0.3250829733894482,0.0,2.0,35.86666666666667,0.0,0.0,0.0,0.0,2.0,32.0,2.0,15,1,0.8040973111395646,21.1266025033216,700.5,0.0,0.0,0.0,0.0,1
712.0,7.0,1.5209262819549152,0.0,14.0,0.0,0.0,0.0,226.0,3.0,0.701664579728721,0.0,0.0,63.766666666666666,0.0,0.0,0.0,2.0,10.0,536.0,10.0,16,1,0.8040973111395646,3.651483716704034,714.0,7.000000000000033,3.5,0.0,0.0,1
714.0,3.0,0.6669309260424812,0.0,0.0,0.0,0.0,0.0,146.0,1.0,-1.000088900581841e-12,0.0,0.0,53.43333333333333,0.0,0.0,0.0,0.0,12.0,140.0,10.0,17,1,0.8040973111395646,4.320493798941056,712.0,7.000000000000033,3.5,0.0,0.0,1
658.0,1.0,-1.000088900581841e-12,0.0,0.0,0.0,0.0,0.0,8.0,1.0,-1.000088900581841e-12,0.0,0.0,50.766666666666666,0.0,0.0,0.0,0.0,2.0,0.0,2.0,18,1,0.8040973111395646,28.583211855913262,685.5,0.0,0.0,0.0,0.0,1
612.0,2.0,0.0219671546782874,0.0,0.0,0.0,0.0,0.0,8.0,1.0,-1.000088900581841e-12,0.0,0.0,49.10344827586207,2.0,0.0,0.0,0.0,4.0,4.0,2.0,19,1,0.8040973111395646,23.909551787239504,647.5,0.0,0.0,0.0,0.0,1
86.0,1.0,-1.000088900581841e-12,0.0,0.0,0.0,0.0,0.0,0.0,0.0,0.0,0.0,0.0,48.0,2.0,0.0,0.0,0.0,0.0,0.0,0.0,20,1,0.8040973111395646,278.07433059046167,502.0,0.0,0.0,0.0,0.0,1
656.0,2.0,0.0913180154532785,0.0,0.0,0.0,0.0,0.0,0.0,0.0,0.0,0.0,0.0,46.3,0.0,0.0,0.0,0.0,4.0,42.0,4.0,21,0,0.8040973111395646,295.7859586480287,403.0,0.0,0.0,0.0,0.0,1
690.0,8.0,1.0638466661617056,0.0,0.0,0.0,0.0,0.0,24.0,2.0,0.5623351446168083,0.0,0.0,41.1,0.0,0.0,0.0,0.0,10.0,902.0,10.0,22,0,0.8040973111395646,229.4246426752512,559.5,0.0,0.0,0.0,0.0,1
654.0,1.0,-1.000088900581841e-12,0.0,0.0,0.0,0.0,0.0,0.0,0.0,0.0,0.0,0.0,26.53333333333333,0.0,0.0,0.0,0.0,0.0,0.0,0.0,23,0,0.8040973111395646,24.35843454192721,683.0,0.0,0.0,0.0,0.0,1
308.0,7.0,1.4081790653068853,0.0,0.0,0.0,0.0,0.0,120.0,4.0,0.2534458577752781,0.0,0.0,58.93333333333333,0.0,0.0,0.0,0.0,10.0,646.0,10.0,12,1,0.8040973111395646,185.4184456843494,421.0,0.0,0.0,0.0,0.0,1
654.0,1.0,-1.000088900581841e-12,0.0,0.0,0.0,0.0,0.0,2.0,1.0,-1.000088900581841e-12,0.0,0.0,54.23333333333333,0.0,0.0,0.0,0.0,0.0,0.0,0.0,13,1,0.8040973111395646,187.66637063327752,588.0,0.0,0.0,0.0,0.0,1
706.0,6.0,0.5687063935709252,0.0,0.0,0.0,0.0,0.0,4.0,1.0,-1.000088900581841e-12,0.0,0.0,47.0,0.0,0.0,0.0,0.0,8.0,428.0,8.0,14,1,0.8040973111395646,22.53885533916972,685.0,0.0,0.0,0.0,0.0,1
716.0,5.0,0.480615551481177,0.0,0.0,0.0,0.0,0.0,0.0,0.0,0.0,0.0,0.0,35.3,0.0,0.0,0.0,0.0,4.0,646.0,4.0,15,1,0.8040973111395646,13.403979508589478,701.5,0.0,0.0,0.0,0.0,1
658.0,2.0,0.0656979887522951,0.0,0.0,0.0,0.0,0.0,0.0,0.0,0.0,0.0,0.0,29.1,0.0,0.0,0.0,0.0,2.0,16.0,2.0,16,1,0.8040973111395646,27.543904346818493,685.0,0.0,0.0,0.0,0.0,1
682.0,5.0,0.9595684941286208,0.0,0.0,0.0,0.0,0.0,0.0,0.0,0.0,0.0,0.0,24.266666666666666,0.0,0.0,0.0,0.0,14.0,286.0,12.0,17,1,0.8040973111395646,11.313708498985632,666.0,0.0,0.0,0.0,0.0,2
708.0,4.0,0.3574481081301244,0.0,0.0,0.0,0.0,0.0,0.0,0.0,0.0,0.0,0.0,18.466666666666665,0.0,0.0,0.0,0.0,4.0,64.0,4.0,18,1,0.8040973111395646,27.00000000000037,691.5,0.0,0.0,0.0,0.0,1
672.0,4.0,0.4045718091390682,0.0,0.0,0.0,0.0,0.0,0.0,0.0,0.0,0.0,0.0,11.1,0.0,0.0,0.0,0.0,6.0,314.0,6.0,19,1,0.8040973111395646,22.449944320644093,694.0,0.0,0.0,0.0,0.0,2
718.0,1.0,-1.000088900581841e-12,0.0,0.0,0.0,0.0,0.0,10.0,1.0,-1.000088900581841e-12,0.0,0.0,31.366666666666667,0.0,0.0,0.0,0.0,0.0,0.0,0.0,20,1,0.8040973111395646,210.65849140255423,584.5,0.0,0.0,0.0,0.0,1
390.0,2.0,0.3523719697309842,0.0,0.0,0.0,0.0,0.0,18.0,2.0,0.3488320958410319,0.0,2.0,73.5,0.0,0.0,0.0,0.0,4.0,166.0,2.0,21,0,0.8040973111395646,210.81113190088743,413.0,0.0,0.0,0.0,0.0,1
676.0,8.0,1.1316529873306536,0.0,0.0,0.0,0.0,0.0,36.0,2.0,0.2145591551744051,0.0,0.0,79.58620689655173,0.0,0.0,0.0,0.0,16.0,628.0,10.0,22,0,0.8040973111395646,215.421292664707,513.5,0.0,0.0,0.0,0.0,1
678.0,4.0,0.8211569738041073,0.0,0.0,0.0,0.0,0.0,14.0,2.0,0.6829081046984717,0.0,0.0,71.36666666666666,0.0,0.0,0.0,0.0,4.0,356.0,4.0,23,0,0.8040973111395646,17.841898254763965,687.5,0.0,0.0,0.0,0.0,1
224.0,3.0,0.6152621024486847,0.0,0.0,0.0,0.0,0.0,0.0,0.0,0.0,0.0,0.0,60.22222222222222,0.0,0.0,0.0,0.0,2.0,468.0,0.0,0,0,0.8040973111395646,231.90443434024,571.5,0.0,0.0,0.0,0.0,1
692.0,6.0,1.3005237116368298,0.0,0.0,0.0,0.0,0.0,0.0,0.0,0.0,0.0,0.0,47.0,0.0,0.0,0.0,0.0,14.0,810.0,10.0,10,1,0.8040973111395646,222.04804284959,507.0,0.0,0.0,0.0,0.0,1
676.0,3.0,0.7389743442121117,0.0,0.0,0.0,0.0,0.0,16.0,1.0,-1.000088900581841e-12,0.0,0.0,34.03333333333333,0.0,0.0,0.0,0.0,16.0,122.0,16.0,11,1,0.8040973111395646,16.196707484342284,688.5,0.0,0.0,0.0,0.0,1
708.0,5.0,0.6004120212899317,0.0,0.0,0.0,0.0,0.0,50.0,4.0,0.7592951029185235,0.0,0.0,26.366666666666667,0.0,4.0,0.0,0.0,12.0,376.0,12.0,12,1,0.8040973111395646,16.360521589077866,700.5,0.0,0.0,0.0,0.0,1
718.0,1.0,-1.000088900581841e-12,0.0,0.0,0.0,0.0,0.0,20.0,1.0,-1.000088900581841e-12,0.0,0.0,53.43333333333333,0.0,0.0,0.0,0.0,0.0,0.0,0.0,13,1,0.8040973111395646,5.259911279354746,712.5,0.0,0.0,0.0,0.0,1
580.0,9.0,1.157672241213555,0.0,0.0,0.0,0.0,0.0,190.0,3.0,0.2037631672262447,0.0,0.0,84.82142857142857,0.0,0.0,2.0,2.0,22.0,1852.0,20.0,14,1,0.8040973111395646,314.3729208016068,517.5,0.0,0.0,0.0,0.0,1
688.0,9.0,1.0619275939650503,0.0,0.0,0.0,0.0,0.0,8.0,1.0,-1.000088900581841e-12,0.0,0.0,69.9,0.0,0.0,0.0,0.0,12.0,570.0,10.0,15,1,0.8040973111395646,305.66866593312005,507.0,0.0,0.0,0.0,0.0,1
670.0,1.0,-1.000088900581841e-12,0.0,0.0,0.0,0.0,0.0,2.0,1.0,-1.000088900581841e-12,0.0,0.0,61.93333333333333,0.0,0.0,0.0,0.0,0.0,0.0,0.0,16,1,0.8040973111395646,15.00000000000018,684.5,0.0,0.0,0.0,0.0,1
698.0,6.0,0.9658822197567888,0.0,0.0,0.0,0.0,0.0,384.0,1.0,-1.000088900581841e-12,0.0,0.0,56.37931034482759,0.0,0.0,2.0,2.0,24.0,1442.0,20.0,17,1,0.8040973111395646,12.583057392118128,679.5,0.0,0.0,0.0,0.0,1
692.0,3.0,1.08878501875438,0.0,0.0,0.0,0.0,0.0,34.0,2.0,0.605797499370304,0.0,0.0,47.8,0.0,0.0,0.0,0.0,18.0,928.0,18.0,18,1,0.8040973111395646,10.630145812734916,686.5,0.0,0.0,0.0,0.0,1
702.0,3.0,0.8234560361528978,0.0,0.0,0.0,2.0,0.0,322.0,2.0,0.2327391085290839,0.0,0.0,31.866666666666667,0.0,0.0,2.0,2.0,18.0,808.0,16.0,19,1,0.8040973111395646,10.754843869934726,695.5,0.0,0.0,1.1547005383792517,1.0,1
668.0,4.0,0.7442756439002126,0.0,0.0,0.0,0.0,0.0,2.0,1.0,-1.000088900581841e-12,0.0,0.0,19.366666666666667,0.0,0.0,0.0,0.0,10.0,418.0,10.0,20,1,0.8040973111395646,17.511900715418438,690.0,0.0,0.0,1.1547005383792517,1.0,1
110.0,1.0,-1.000088900581841e-12,0.0,0.0,0.0,0.0,0.0,2.0,1.0,-1.000088900581841e-12,0.0,0.0,11.5,0.0,0.0,0.0,0.0,0.0,380.0,0.0,21,0,0.8040973111395646,282.7437001950707,534.0,0.0,0.0,0.0,0.0,2
710.0,6.0,0.6395086972955519,0.0,0.0,0.0,0.0,0.0,24.0,3.0,0.5660857389566288,0.0,0.0,29.8,0.0,0.0,0.0,0.0,4.0,266.0,4.0,22,0,0.8040973111395646,274.7671741675123,499.5,0.0,0.0,0.0,0.0,1
666.0,3.0,0.5210802900832743,0.0,0.0,0.0,0.0,0.0,8.0,1.0,-1.000088900581841e-12,0.0,0.0,34.0,0.0,0.0,0.0,0.0,4.0,392.0,4.0,23,0,0.8040973111395646,90.52439818450424,636.0,0.0,0.0,0.0,0.0,1
698.0,6.0,1.324500263550954,0.0,0.0,0.0,0.0,0.0,36.0,4.0,0.760755259240303,0.0,0.0,18.966666666666665,0.0,0.0,0.0,0.0,4.0,1012.0,2.0,9,1,0.8040973111395646,167.28717822953442,577.5,0.0,0.0,0.0,0.0,1
718.0,1.0,-1.000088900581841e-12,0.0,0.0,0.0,0.0,0.0,16.0,3.0,0.9002560512655369,0.0,0.0,30.366666666666667,0.0,0.0,0.0,0.0,0.0,0.0,0.0,10,1,0.8040973111395646,210.0055554820713,526.5,0.0,0.0,0.0,0.0,1
602.0,5.0,0.8625681330543113,0.0,0.0,0.0,2.0,0.0,70.0,4.0,1.0584695219406557,0.0,0.0,66.56666666666666,0.0,0.0,0.0,0.0,6.0,120.0,6.0,11,1,0.8040973111395646,178.4787569058757,511.0,0.0,0.0,1.0,0.5,1
710.0,7.0,1.0880340538604498,0.0,0.0,0.0,2.0,0.0,550.0,3.0,0.3535206153432997,0.0,0.0,58.0,0.0,0.0,0.0,0.0,22.0,492.0,16.0,12,1,0.8040973111395646,162.6642759387158,597.5,0.0,0.0,1.1547005383792517,1.0,1
690.0,11.0,1.6118516176155526,0.0,0.0,0.0,0.0,0.0,198.0,2.0,0.4075222802710695,0.0,0.0,48.96666666666667,0.0,0.0,0.0,0.0,10.0,2218.0,4.0,13,1,0.8040973111395646,14.821156050277503,698.5,0.0,0.0,1.0,0.5,2
686.0,6.0,1.2656419011176177,0.0,0.0,0.0,0.0,0.0,58.0,2.0,0.2509548043556198,0.0,0.0,35.2,0.0,0.0,0.0,0.0,18.0,1886.0,8.0,14,1,0.8040973111395646,10.519822558706837,691.0,0.0,0.0,0.0,0.0,1
706.0,6.0,0.7433124178236247,0.0,0.0,0.0,2.0,0.0,114.0,3.0,0.7844877242468276,0.0,0.0,20.33333333333333,0.0,0.0,0.0,0.0,16.0,372.0,14.0,15,1,0.8040973111395646,9.574271077563935,698.5,0.0,0.0,1.0,0.5,1
698.0,6.0,0.4722797128191184,0.0,2.0,0.0,0.0,0.0,12.0,3.0,0.8675632284784613,0.0,4.0,15.533333333333331,0.0,0.0,0.0,0.0,8.0,168.0,6.0,16,1,0.8040973111395646,4.760952285696348,701.0,8.717797887081373,5.0,1.1547005383792517,1.0,1
704.0,9.0,1.2874380153021032,0.0,0.0,0.0,0.0,0.0,22.0,4.0,1.3421131789104002,0.0,16.0,22.83333333333333,0.0,0.0,0.0,0.0,10.0,488.0,4.0,17,1,0.8040973111395646,6.633249580711614,705.0,8.717797887081373,5.0,2.8284271247461903,2.0,1
706.0,1.0,-1.000088900581841e-12,0.0,0.0,0.0,0.0,0.0,10.0,2.0,0.5004024235361879,0.0,0.0,58.63333333333333,0.0,0.0,0.0,0.0,2.0,0.0,2.0,18,1,0.8040973111395646,4.76095228569636,709.0,0.0,0.0,3.0,1.5,1
660.0,5.0,0.7408927209053662,0.0,0.0,0.0,0.0,0.0,136.0,3.0,0.1530781026180466,0.0,0.0,56.27586206896552,0.0,0.0,0.0,0.0,26.0,462.0,18.0,19,1,0.8040973111395646,35.11409973215904,679.5,0.0,0.0,0.0,0.0,1
660.0,5.0,0.5061707744573206,0.0,0.0,0.0,0.0,0.0,18.0,1.0,-1.000088900581841e-12,0.0,0.0,49.73333333333333,0.0,0.0,0.0,0.0,6.0,406.0,6.0,20,1,0.8040973111395646,21.509687739869165,663.0,0.0,0.0,0.0,0.0,1
680.0,5.0,1.0354566140170007,0.0,0.0,0.0,0.0,0.0,0.0,0.0,0.0,0.0,0.0,35.36666666666667,0.0,0.0,0.0,0.0,10.0,568.0,6.0,21,0,0.8040973111395646,17.397317800933525,683.0,0.0,0.0,0.0,0.0,1
704.0,9.0,1.513142883805475,0.0,0.0,0.0,0.0,0.0,56.0,2.0,0.6931471805579453,0.0,0.0,28.1,0.0,0.0,0.0,0.0,14.0,796.0,10.0,22,0,0.8040973111395646,15.448840301675672,689.0,0.0,0.0,0.0,0.0,1
664.0,5.0,0.4654209573693478,0.0,0.0,0.0,0.0,0.0,0.0,0.0,0.0,0.0,0.0,15.0,0.0,0.0,0.0,0.0,4.0,302.0,4.0,23,0,0.8040973111395646,25.683976846794547,689.5,0.0,0.0,0.0,0.0,1
92.0,7.0,1.4402554664565397,0.0,0.0,0.0,0.0,0.0,2.0,1.0,-1.000088900581841e-12,0.0,0.0,11.25,0.0,0.0,0.0,0.0,0.0,312.0,0.0,0,0,0.8040973111395646,297.9009902635438,537.5,0.0,0.0,0.0,0.0,1
610.0,9.0,1.2299663203474531,0.0,0.0,0.0,0.0,0.0,14.0,3.0,0.9556998911095343,0.0,2.0,5.407407407407407,0.0,0.0,0.0,0.0,4.0,736.0,2.0,8,1,0.8040973111395646,333.6440218756112,355.5,0.0,0.0,0.0,0.0,1
718.0,4.0,0.3545366669989629,0.0,0.0,0.0,0.0,0.0,0.0,0.0,0.0,0.0,2.0,38.2,0.0,0.0,0.0,0.0,4.0,134.0,2.0,9,1,0.8040973111395646,296.605237085704,445.0,0.0,0.0,0.0,0.0,1
716.0,2.0,0.073520657740532,0.0,0.0,0.0,0.0,0.0,0.0,0.0,0.0,0.0,2.0,66.53333333333333,0.0,0.0,0.0,0.0,4.0,28.0,2.0,10,1,0.8040973111395646,153.37100986388097,638.0,0.0,0.0,0.0,0.0,1
714.0,4.0,0.22172036786787,0.0,0.0,0.0,0.0,0.0,6.0,2.0,0.6365141682928128,0.0,0.0,85.36666666666666,0.0,0.0,0.0,0.0,6.0,98.0,6.0,11,1,0.8040973111395646,2.581988897473791,713.0,0.0,0.0,0.0,0.0,1
674.0,5.0,0.5723641925956267,0.0,0.0,0.0,0.0,0.0,30.0,2.0,0.3926744672255522,0.0,0.0,78.53333333333333,0.0,2.0,0.0,0.0,14.0,578.0,12.0,12,1,0.8040973111395646,18.64582169459629,698.5,0.0,0.0,0.0,0.0,1
678.0,10.0,1.2790809794984406,0.0,0.0,0.0,0.0,0.0,62.0,3.0,0.7562259342115,0.0,0.0,68.83333333333333,0.0,0.0,2.0,2.0,12.0,614.0,6.0,13,1,0.8040973111395646,8.869423130433992,681.0,0.0,0.0,0.0,0.0,1
670.0,3.0,0.38943710331171,0.0,0.0,0.0,0.0,0.0,42.0,2.0,0.3144922012794106,0.0,0.0,58.13333333333333,0.0,0.0,0.0,0.0,12.0,140.0,12.0,14,1,0.8040973111395646,14.821156050277509,682.5,0.0,0.0,0.0,0.0,1
678.0,5.0,0.6369944071975406,0.0,0.0,0.0,0.0,0.0,196.0,3.0,0.2692937960746008,0.0,0.0,50.13333333333333,0.0,0.0,0.0,0.0,20.0,488.0,20.0,15,1,0.8040973111395646,16.1141759536961,687.5,0.0,0.0,0.0,0.0,1
704.0,9.0,1.6199109037065405,0.0,0.0,0.0,0.0,0.0,52.0,2.0,0.2711893730398441,0.0,0.0,33.86666666666667,0.0,0.0,0.0,0.0,24.0,604.0,22.0,16,1,0.8040973111395646,13.892443989450186,697.5,9.000000000000027,4.5,0.0,0.0,1
690.0,5.0,0.8086944729324246,0.0,0.0,0.0,0.0,0.0,134.0,2.0,0.1342229641003645,0.0,0.0,23.066666666666663,0.0,0.0,0.0,0.0,26.0,436.0,26.0,17,1,0.8040973111395646,10.50396750439298,704.5,9.000000000000027,4.5,2.0,1.0,1
718.0,8.0,0.9985294690034652,0.0,0.0,0.0,0.0,0.0,12.0,1.0,-1.000088900581841e-12,0.0,12.0,20.8,0.0,0.0,0.0,0.0,10.0,552.0,10.0,18,1,0.8040973111395646,12.3693168768534,707.5,0.0,0.0,2.0,1.0,1
666.0,3.0,0.1299636937428378,0.0,0.0,0.0,0.0,0.0,0.0,0.0,0.0,0.0,0.0,33.0,0.0,0.0,0.0,0.0,10.0,32.0,10.0,19,1,0.8040973111395646,24.020824298928847,701.5,0.0,0.0,0.0,0.0,1
670.0,3.0,0.6584849815254457,0.0,0.0,0.0,0.0,0.0,42.0,3.0,0.3805062184745959,0.0,0.0,31.6,0.0,0.0,0.0,0.0,18.0,214.0,18.0,20,1,0.8040973111395646,23.40939982143948,679.0,0.0,0.0,0.0,0.0,1
702.0,8.0,1.3782014604743975,0.0,0.0,0.0,0.0,0.0,272.0,3.0,0.1759193946754754,0.0,0.0,22.433333333333334,0.0,0.0,0.0,0.0,28.0,864.0,22.0,21,0,0.8040973111395646,16.772994167212513,677.0,0.0,0.0,0.0,0.0,1
716.0,1.0,-1.000088900581841e-12,0.0,0.0,0.0,0.0,0.0,196.0,3.0,0.15634912088011,0.0,6.0,21.566666666666663,0.0,0.0,0.0,0.0,2.0,0.0,0.0,22,0,0.8040973111395646,19.278658321228647,696.5,0.0,0.0,0.0,0.0,1
678.0,5.0,0.9787005592081636,0.0,0.0,0.0,0.0,0.0,40.0,2.0,0.6108643020528935,0.0,0.0,27.17241379310345,0.0,0.0,0.0,0.0,12.0,730.0,10.0,23,0,0.8040973111395646,17.616280348965415,701.5,0.0,0.0,0.0,0.0,1
218.0,1.0,-1.000088900581841e-12,0.0,0.0,0.0,0.0,0.0,0.0,0.0,0.0,0.0,0.0,15.77777777777778,0.0,0.0,0.0,0.0,2.0,120.0,2.0,0,0,0.8040973111395646,241.5139747509448,579.5,0.0,0.0,0.0,0.0,1
706.0,8.0,1.1308597871054442,0.0,0.0,0.0,0.0,0.0,6.0,2.0,0.6365141682928128,0.0,0.0,57.6,0.0,0.0,0.0,0.0,8.0,268.0,8.0,11,1,0.8040973111395646,19.76528944049813,697.0,0.0,0.0,0.0,0.0,1
692.0,9.0,0.892136547258921,0.0,0.0,0.0,0.0,0.0,110.0,4.0,0.9536060155465922,0.0,0.0,44.23333333333333,0.0,0.0,0.0,0.0,22.0,434.0,16.0,12,1,0.8040973111395646,13.564659966250543,698.0,0.0,0.0,0.0,0.0,1
682.0,7.0,0.9927173249945628,0.0,0.0,0.0,0.0,0.0,60.0,2.0,0.2449300267926353,0.0,0.0,33.3,0.0,0.0,0.0,0.0,22.0,332.0,20.0,13,1,0.8040973111395646,26.0959767013998,672.5,0.0,0.0,0.0,0.0,1
672.0,5.0,0.417758227479986,0.0,0.0,0.0,0.0,0.0,130.0,4.0,0.7906322838389341,0.0,0.0,28.366666666666667,0.0,2.0,0.0,0.0,16.0,20.0,12.0,14,1,0.8040973111395646,21.439838307848035,665.5,0.0,0.0,0.0,0.0,1
674.0,4.0,0.091297629024093,0.0,0.0,0.0,0.0,0.0,8.0,1.0,-1.000088900581841e-12,0.0,0.0,23.566666666666663,0.0,0.0,0.0,0.0,32.0,26.0,6.0,15,1,0.8040973111395646,1.9148542155130324,672.5,0.0,0.0,0.0,0.0,1
668.0,4.0,0.5166831983799323,0.0,0.0,0.0,0.0,0.0,28.0,1.0,-1.000088900581841e-12,0.0,0.0,15.724137931034482,0.0,4.0,4.0,0.0,6.0,160.0,6.0,16,1,0.8040973111395646,3.6514837167013,672.0,0.0,0.0,0.0,0.0,1
698.0,5.0,1.0637732283631784,0.0,0.0,0.0,0.0,0.0,48.0,1.0,-1.000088900581841e-12,0.0,2.0,15.4,0.0,0.0,0.0,0.0,14.0,422.0,10.0,19,1,0.8040973111395646,207.2188858831807,537.5,0.0,0.0,0.0,0.0,1
698.0,6.0,0.8842225376525307,0.0,0.0,0.0,0.0,0.0,42.0,3.0,0.9099250471507522,0.0,0.0,46.8,0.0,0.0,0.0,0.0,14.0,624.0,14.0,20,1,0.8040973111395646,9.574271077563129,705.5,0.0,0.0,0.0,0.0,1
670.0,6.0,0.3384237333402815,0.0,0.0,0.0,0.0,0.0,38.0,2.0,0.4361623253833442,0.0,0.0,40.16666666666666,0.0,4.0,2.0,2.0,14.0,164.0,12.0,21,0,0.8040973111395646,21.9317121994612,690.5,0.0,0.0,0.0,0.0,1
694.0,6.0,1.2871236647738893,0.0,0.0,0.0,0.0,0.0,24.0,2.0,0.6791932659895258,0.0,0.0,29.366666666666667,0.0,0.0,0.0,0.0,26.0,1266.0,14.0,22,0,0.8040973111395646,12.369316876852794,683.5,0.0,0.0,0.0,0.0,1
660.0,4.0,0.2236908605526747,0.0,0.0,0.0,0.0,0.0,4.0,1.0,-1.000088900581841e-12,0.0,0.0,20.0,0.0,0.0,0.0,0.0,2.0,58.0,2.0,23,0,0.8040973111395646,17.23368793961395,679.5,0.0,0.0,0.0,0.0,1
712.0,4.0,0.8366830107103168,0.0,0.0,0.0,0.0,0.0,16.0,2.0,0.6931471805579453,0.0,2.0,17.9,0.0,0.0,0.0,0.0,6.0,868.0,0.0,10,1,0.8040973111395646,148.8746676458647,586.5,0.0,0.0,0.0,0.0,1
718.0,1.0,-1.000088900581841e-12,0.0,0.0,0.0,0.0,0.0,0.0,0.0,0.0,0.0,0.0,53.2,0.0,0.0,0.0,0.0,0.0,0.0,0.0,11,1,0.8040973111395646,170.35159719435174,629.5,0.0,0.0,0.0,0.0,1
694.0,7.0,1.7137391370218558,0.0,0.0,0.0,0.0,0.0,8.0,1.0,-1.000088900581841e-12,0.0,0.0,72.06666666666666,0.0,0.0,0.0,0.0,18.0,1814.0,18.0,12,1,0.8040973111395646,154.69001260585637,631.5,0.0,0.0,0.0,0.0,1
718.0,6.0,0.2945704672969584,0.0,0.0,0.0,0.0,0.0,0.0,0.0,0.0,0.0,0.0,62.833333333333336,0.0,0.0,0.0,0.0,4.0,124.0,4.0,13,1,0.8040973111395646,155.4123547212383,632.5,0.0,0.0,0.0,0.0,1
680.0,6.0,0.9606596036931018,0.0,0.0,0.0,0.0,0.0,10.0,2.0,0.6730116670072565,0.0,0.0,48.1,0.0,0.0,0.0,0.0,8.0,806.0,8.0,14,1,0.8040973111395646,18.43004792903878,707.5,0.0,0.0,0.0,0.0,1
658.0,5.0,0.2734362889726328,0.0,0.0,0.0,0.0,0.0,24.0,3.0,1.028183859329926,0.0,0.0,39.1,0.0,0.0,0.0,0.0,6.0,62.0,4.0,15,1,0.8040973111395646,23.23072677870121,682.5,0.0,0.0,0.0,0.0,1
664.0,6.0,0.4736019870520986,0.0,0.0,0.0,0.0,0.0,6.0,1.0,-1.000088900581841e-12,0.0,0.0,36.03333333333333,0.0,0.0,0.0,0.0,6.0,222.0,6.0,16,1,0.8040973111395646,9.93310961716752,664.0,0.0,0.0,0.0,0.0,1
704.0,10.0,1.3900633172968793,0.0,26.0,0.0,0.0,0.0,88.0,5.0,1.02473690716022,0.0,2.0,22.933333333333334,0.0,0.0,0.0,0.0,34.0,994.0,30.0,17,1,0.8040973111395646,29.46183972531246,685.0,24.02776172125348,19.0,0.0,0.0,1
718.0,2.0,0.0344701086632955,0.0,0.0,0.0,0.0,0.0,66.0,3.0,0.69018190091217,0.0,4.0,33.766666666666666,0.0,0.0,0.0,0.0,4.0,8.0,2.0,18,1,0.8040973111395646,6.403124237432837,713.5,24.02776172125348,19.0,0.0,0.0,1
692.0,7.0,1.1934584380370454,0.0,0.0,0.0,0.0,0.0,32.0,6.0,1.4880360441721157,0.0,0.0,70.0,0.0,0.0,0.0,0.0,14.0,230.0,12.0,19,1,0.8040973111395646,12.701705922171763,711.0,0.0,0.0,0.0,0.0,1
706.0,4.0,1.0189483517338798,0.0,0.0,0.0,0.0,0.0,150.0,3.0,0.6385870853979514,0.0,0.0,62.9,0.0,0.0,0.0,0.0,6.0,264.0,6.0,20,1,0.8040973111395646,11.13552872566005,707.0,0.0,0.0,0.0,0.0,1
