678.0,4.0,0.5371234573588883,0.0,0.0,0.0,0.0,0.0,20.0,2.0,0.6730116670072565,0.0,0.0,34.5,0.0,0.0,0.0,0.0,86.0,1656.0,44.0,8,1,0.6040703052728955,113.68230586448652,646.5,0.0,0.0,0.0,0.0,2
708.0,3.0,0.1052679429134624,0.0,0.0,0.0,0.0,0.0,32.0,2.0,0.5623351446168083,0.0,0.0,33.57142857142857,0.0,0.0,0.0,0.0,88.0,172.0,30.0,9,1,0.6040703052728955,17.66352173265574,704.0,0.0,0.0,0.0,0.0,2
700.0,2.0,0.0493287673169894,0.0,0.0,0.0,0.0,0.0,20.0,2.0,0.6730116670072565,0.0,0.0,21.666666666666668,0.0,0.0,0.0,0.0,138.0,46.0,56.0,11,1,0.6040703052728955,5.033222956847351,707.0,0.0,0.0,0.0,0.0,3
706.0,2.0,0.3169150268312546,0.0,0.0,0.0,0.0,0.0,274.0,2.0,0.1319399659869072,0.0,0.0,20.33333333333333,0.0,40.0,0.0,0.0,94.0,2468.0,50.0,12,1,0.6040703052728955,5.000000000000184,706.5,0.0,0.0,0.0,0.0,2
706.0,2.0,0.64647679131333,0.0,0.0,0.0,0.0,0.0,4.0,1.0,-1.000088900581841e-12,0.0,0.0,19.0,0.0,0.0,0.0,0.0,48.0,430.0,20.0,12,1,0.6040703052728955,3.464101615138012,705.0,0.0,0.0,0.0,0.0,2
708.0,3.0,0.790076935882247,0.0,0.0,0.0,0.0,0.0,28.0,2.0,0.5982695885832573,0.0,0.0,17.083333333333332,0.0,0.0,0.0,0.0,92.0,2788.0,32.0,13,1,0.6040703052728955,3.464101615138012,705.0,0.0,0.0,0.0,0.0,2
698.0,4.0,0.1471383443787303,0.0,0.0,0.0,0.0,0.0,10.0,3.0,1.054920167983144,0.0,0.0,16.0,0.0,0.0,0.0,0.0,48.0,418.0,18.0,13,1,0.6040703052728955,4.434711565216889,704.5,0.0,0.0,0.0,0.0,3
662.0,7.0,0.8971164545236258,0.0,0.0,0.0,0.0,0.0,26.0,4.0,1.3516811946818947,0.0,0.0,13.692307692307692,0.0,0.0,0.0,0.0,48.0,4278.0,14.0,14,1,0.6040703052728955,21.43983830784804,693.5,0.0,0.0,0.0,0.0,3
704.0,2.0,0.465484017820113,0.0,0.0,0.0,0.0,0.0,106.0,3.0,0.4252275911722877,0.0,0.0,11.625,0.0,0.0,42.0,42.0,186.0,4606.0,38.0,14,1,0.6040703052728955,21.07130750570552,693.0,0.0,0.0,0.0,0.0,2
706.0,3.0,0.7671453612097334,0.0,0.0,0.0,0.0,0.0,96.0,4.0,0.7082709884819591,0.0,0.0,10.285714285714286,0.0,0.0,0.0,0.0,146.0,266.0,70.0,15,1,0.6040703052728955,20.615528128088343,692.5,0.0,0.0,0.0,0.0,2
708.0,4.0,0.8520217373666408,0.0,0.0,0.0,0.0,0.0,1104.0,3.0,0.1314092958504967,0.0,50.0,8.11111111111111,0.0,0.0,0.0,0.0,50.0,5822.0,24.0,15,1,0.6040703052728955,22.06052281036577,695.0,0.0,0.0,0.0,0.0,2
696.0,2.0,0.0495626500545908,0.0,0.0,0.0,0.0,0.0,128.0,6.0,1.482049250315553,0.0,0.0,17.137931034482758,0.0,0.0,0.0,0.0,100.0,78.0,42.0,16,1,0.6040703052728955,5.259911279353354,703.5,0.0,0.0,0.0,0.0,2
702.0,1.0,-1.000088900581841e-12,0.0,0.0,0.0,0.0,0.0,26.0,1.0,-1.000088900581841e-12,0.0,0.0,29.7,0.0,0.0,0.0,0.0,0.0,0.0,0.0,16,1,0.6040703052728955,5.291502622129369,703.0,0.0,0.0,0.0,0.0,2
554.0,1.0,-1.000088900581841e-12,0.0,0.0,0.0,0.0,0.0,34.0,2.0,0.605797499370304,0.0,0.0,42.23333333333333,0.0,0.0,0.0,0.0,0.0,0.0,0.0,17,1,0.6040703052728955,74.16198487095664,665.0,0.0,0.0,0.0,0.0,2
0.0,0.0,0.0,0.0,0.0,0.0,0.0,0.0,24.0,1.0,-1.000088900581841e-12,0.0,0.0,53.93333333333333,0.0,0.0,0.0,0.0,0.0,0.0,0.0,17,1,0.6040703052728955,332.44548425268164,488.0,0.0,0.0,0.0,0.0,2
444.0,4.0,1.1486189729646514,0.0,0.0,0.0,0.0,0.0,536.0,6.0,0.5553052675787761,0.0,108.0,65.0,0.0,46.0,0.0,0.0,482.0,12332.0,112.0,18,1,0.6040703052728955,302.4103172843149,425.0,0.0,0.0,0.0,0.0,2
706.0,5.0,0.6983567366117168,0.0,0.0,0.0,0.0,0.0,38.0,2.0,0.6581099875411144,0.0,0.0,76.66666666666667,0.0,0.0,0.0,0.0,162.0,3356.0,58.0,18,1,0.6040703052728955,303.6357466878145,426.0,0.0,0.0,0.0,0.0,2
708.0,4.0,0.9481960462474291,0.0,0.0,0.0,0.0,0.0,108.0,4.0,1.2093860979884037,0.0,58.0,89.88461538461539,0.0,0.0,0.0,0.0,228.0,1704.0,56.0,19,1,0.6040703052728955,333.5640867959259,464.5,0.0,0.0,0.0,0.0,2
710.0,4.0,0.7749836752549475,0.0,0.0,0.0,0.0,0.0,66.0,3.0,0.7650471474959342,0.0,0.0,100.0,0.0,0.0,0.0,0.0,286.0,2036.0,82.0,20,1,0.6040703052728955,4.123105625615891,712.5,0.0,0.0,0.0,0.0,1
706.0,2.0,0.11871805315658,0.0,0.0,0.0,0.0,0.0,30.0,3.0,0.970115783983938,0.0,0.0,100.0,0.0,0.0,0.0,0.0,56.0,156.0,14.0,21,0,0.6040703052728955,4.898979485564867,712.0,0.0,0.0,0.0,0.0,2
710.0,6.0,1.331447158158869,0.0,0.0,0.0,0.0,0.0,24.0,3.0,0.887694275796104,0.0,0.0,97.2,0.0,0.0,0.0,0.0,124.0,12030.0,48.0,21,0,0.6040703052728955,4.123105625615884,710.5,0.0,0.0,0.0,0.0,2
708.0,6.0,1.1986308477291456,0.0,0.0,0.0,0.0,0.0,40.0,3.0,1.0670938948727509,0.0,0.0,94.33333333333331,0.0,0.0,0.0,0.0,328.0,6306.0,102.0,22,0,0.6040703052728955,1.914854215508832,708.5,0.0,0.0,0.0,0.0,2
708.0,5.0,0.6612426003159111,0.0,0.0,0.0,0.0,0.0,26.0,2.0,0.666278442412676,0.0,0.0,92.85714285714286,0.0,0.0,0.0,0.0,132.0,2812.0,54.0,22,0,0.6040703052728955,1.632993161850944,708.0,0.0,0.0,0.0,0.0,1
702.0,3.0,0.3536240432661143,0.0,0.0,0.0,0.0,0.0,38.0,3.0,1.017164350921834,0.0,0.0,92.0,0.0,0.0,0.0,0.0,130.0,238.0,26.0,23,0,0.6040703052728955,3.464101615135624,707.0,0.0,0.0,0.0,0.0,2
706.0,3.0,0.2582147458870073,0.0,0.0,0.0,0.0,0.0,12.0,2.0,0.6365141682928128,0.0,0.0,91.0,0.0,0.0,0.0,0.0,132.0,100.0,26.0,23,0,0.6040703052728955,2.828427124743581,706.0,0.0,0.0,0.0,0.0,2
706.0,3.0,0.4914251325360265,0.0,0.0,0.0,0.0,0.0,20.0,2.0,0.6931471805579453,0.0,0.0,90.28571428571428,0.0,0.0,0.0,0.0,194.0,1110.0,78.0,0,0,0.6040703052728955,2.5166114784206544,705.5,0.0,0.0,0.0,0.0,2
718.0,2.0,0.3494752019878865,0.0,0.0,0.0,0.0,0.0,0.0,0.0,0.0,0.0,0.0,86.5,0.0,0.0,0.0,0.0,0.0,6956.0,0.0,0,0,0.6040703052728955,6.928203230274453,708.0,0.0,0.0,0.0,0.0,2
714.0,4.0,0.6738998060191812,0.0,0.0,0.0,0.0,0.0,2.0,1.0,-1.000088900581841e-12,2.0,0.0,82.46153846153847,0.0,0.0,66.0,56.0,0.0,3208.0,0.0,1,0,0.6040703052728955,5.99999999999878,711.0,0.0,0.0,0.0,0.0,2
710.0,6.0,0.5866702275610576,0.0,0.0,0.0,0.0,0.0,106.0,2.0,0.2675679125708715,0.0,0.0,73.57142857142857,0.0,0.0,0.0,0.0,134.0,2682.0,42.0,9,1,0.6040703052728955,105.69610525779385,660.5,0.0,0.0,0.0,0.0,2
712.0,4.0,0.7692545575961033,0.0,0.0,0.0,0.0,0.0,28.0,3.0,1.0789922078745833,0.0,0.0,70.68181818181819,0.0,0.0,0.0,0.0,130.0,7728.0,40.0,10,1,0.6040703052728955,105.36286505848872,660.0,0.0,0.0,0.0,0.0,2
710.0,2.0,0.4675273725015712,0.0,0.0,0.0,0.0,0.0,20.0,2.0,0.5004024235361879,0.0,0.0,67.55555555555556,0.0,0.0,0.0,0.0,140.0,1824.0,30.0,10,1,0.6040703052728955,104.33759309727871,658.5,0.0,0.0,0.0,0.0,3
708.0,3.0,0.7031202214560727,0.0,0.0,0.0,0.0,0.0,50.0,3.0,0.9743417807659858,0.0,0.0,66.2,0.0,0.0,0.0,0.0,138.0,256.0,52.0,11,1,0.6040703052728955,1.632993161847028,710.0,0.0,0.0,0.0,0.0,3
708.0,1.0,-1.000088900581841e-12,0.0,0.0,0.0,0.0,0.0,12.0,2.0,0.6365141682928128,0.0,0.0,64.66666666666667,0.0,0.0,0.0,0.0,0.0,0.0,0.0,11,1,0.6040703052728955,1.9148542155054924,709.5,0.0,0.0,0.0,0.0,3
710.0,4.0,0.8420719921432652,0.0,0.0,0.0,0.0,0.0,206.0,2.0,0.2221316898762138,0.0,0.0,63.1,0.0,0.0,0.0,0.0,206.0,4154.0,72.0,12,1,0.6040703052728955,1.15470053836733,709.0,0.0,0.0,0.0,0.0,3
708.0,2.0,0.6219189948339712,0.0,0.0,0.0,0.0,0.0,26.0,3.0,1.0123308391001735,0.0,0.0,60.16666666666666,0.0,0.0,0.0,0.0,286.0,2212.0,62.0,12,1,0.6040703052728955,0.9999999999862248,708.5,0.0,0.0,0.0,0.0,2
704.0,6.0,0.9273901398017794,0.0,0.0,0.0,0.0,0.0,24.0,3.0,1.077556327063801,0.0,0.0,58.0,0.0,0.0,0.0,0.0,144.0,3414.0,26.0,13,1,0.6040703052728955,2.516611478418102,707.5,0.0,0.0,0.0,0.0,1
716.0,5.0,1.124965747503593,0.0,0.0,0.0,0.0,0.0,62.0,6.0,1.4728426132015786,0.0,0.0,54.3,0.0,34.0,0.0,0.0,144.0,17420.0,36.0,13,1,0.6040703052728955,4.999999999997233,709.5,0.0,0.0,0.0,0.0,2
706.0,6.0,1.0900562109487923,0.0,0.0,0.0,0.0,0.0,240.0,4.0,0.5083749414706107,0.0,0.0,50.5,0.0,0.0,0.0,0.0,430.0,7464.0,116.0,14,1,0.6040703052728955,5.259911279350541,708.5,0.0,0.0,0.0,0.0,2
712.0,7.0,1.47662360495969,0.0,0.0,0.0,0.0,0.0,158.0,7.0,1.8004146902891336,0.0,0.0,32.375,0.0,0.0,0.0,0.0,362.0,5988.0,92.0,16,1,0.6040703052728955,3.829708431021768,711.0,0.0,0.0,0.0,0.0,2
708.0,2.0,0.2624636545482782,0.0,0.0,0.0,0.0,0.0,2.0,1.0,-1.000088900581841e-12,0.0,0.0,29.444444444444443,0.0,0.0,0.0,0.0,0.0,340.0,0.0,17,1,0.6040703052728955,3.829708431021768,711.0,0.0,0.0,0.0,0.0,2
710.0,1.0,-1.000088900581841e-12,0.0,0.0,0.0,0.0,0.0,8.0,1.0,-1.000088900581841e-12,0.0,0.0,27.5,0.0,0.0,0.0,0.0,0.0,0.0,0.0,17,1,0.6040703052728955,3.415650255315847,711.5,0.0,0.0,0.0,0.0,2
710.0,7.0,1.5646673249065963,0.0,0.0,0.0,0.0,0.0,516.0,5.0,0.560395988960599,0.0,0.0,23.73684210526316,0.0,0.0,0.0,0.0,438.0,6086.0,64.0,18,1,0.6040703052728955,1.6329931618470457,710.0,0.0,0.0,0.0,0.0,2
706.0,7.0,1.3376271115604834,0.0,0.0,0.0,0.0,0.0,38.0,2.0,0.5146531654269293,0.0,0.0,19.047619047619047,0.0,0.0,0.0,0.0,148.0,5354.0,24.0,18,1,0.6040703052728955,1.914854215505522,708.5,0.0,0.0,0.0,0.0,2
698.0,1.0,-1.000088900581841e-12,0.0,0.0,0.0,0.0,0.0,0.0,0.0,0.0,0.0,0.0,16.166666666666668,0.0,0.0,0.0,0.0,74.0,0.0,0.0,19,1,0.6040703052728955,5.65685424948995,706.0,0.0,0.0,0.0,0.0,2
94.0,1.0,-1.000088900581841e-12,0.0,0.0,0.0,0.0,0.0,10.0,1.0,-1.000088900581841e-12,0.0,0.0,16.0,0.0,0.0,0.0,0.0,286.0,4400.0,104.0,19,1,0.6040703052728955,305.3740875276311,552.0,0.0,0.0,0.0,0.0,2
96.0,1.0,-1.000088900581841e-12,0.0,0.0,0.0,0.0,0.0,6.0,1.0,-1.000088900581841e-12,0.0,72.0,20.75,0.0,0.0,0.0,0.0,144.0,1980.0,32.0,20,1,0.6040703052728955,350.46778263724417,398.5,0.0,0.0,0.0,0.0,2
686.0,3.0,0.5242740063665228,0.0,0.0,0.0,0.0,0.0,440.0,5.0,0.4235645982144808,0.0,0.0,27.79310344827586,0.0,0.0,0.0,0.0,74.0,3506.0,18.0,20,1,0.6040703052728955,344.71389102655354,393.5,0.0,0.0,0.0,0.0,2
680.0,5.0,0.9661706501515052,0.0,0.0,0.0,0.0,0.0,32.0,2.0,0.482577565175012,0.0,0.0,40.43333333333333,0.0,0.0,0.0,0.0,144.0,6802.0,36.0,21,0,0.6040703052728955,339.49177702363664,389.0,0.0,0.0,0.0,0.0,2
692.0,2.0,0.4788482798546635,0.0,0.0,0.0,0.0,0.0,38.0,3.0,0.9097077103244986,0.0,0.0,53.13333333333333,0.0,0.0,0.0,0.0,76.0,2870.0,10.0,21,0,0.6040703052728955,295.04067516191725,538.5,0.0,0.0,0.0,0.0,2
690.0,3.0,0.3507882499817085,0.0,0.0,0.0,0.0,0.0,36.0,4.0,1.002718264513516,0.0,0.0,65.3,0.0,0.0,0.0,0.0,76.0,1708.0,10.0,22,0,0.6040703052728955,5.291502622126431,687.0,0.0,0.0,0.0,0.0,1
678.0,3.0,0.5521688136022299,0.0,0.0,0.0,0.0,0.0,40.0,3.0,0.8568409950364726,0.0,78.0,76.51724137931035,0.0,0.0,0.0,0.0,76.0,2262.0,16.0,22,0,0.6040703052728955,7.023769168566426,685.0,0.0,0.0,0.0,0.0,1
696.0,2.0,0.4315772208298214,0.0,0.0,0.0,0.0,0.0,44.0,2.0,0.4741393130558373,0.0,0.0,89.1,0.0,0.0,0.0,0.0,156.0,1878.0,54.0,23,0,0.6040703052728955,7.74596669241297,689.0,0.0,0.0,0.0,0.0,2
146.0,2.0,0.3159582902267846,0.0,0.0,0.0,0.0,0.0,12.0,2.0,0.4505612088643047,0.0,0.0,100.0,0.0,0.0,0.0,0.0,150.0,288.0,24.0,23,0,0.6040703052728955,271.1033013447088,552.5,0.0,0.0,0.0,0.0,1
702.0,5.0,0.7878760065639415,0.0,0.0,0.0,0.0,0.0,38.0,3.0,0.9426749615609384,0.0,0.0,93.0,0.0,0.0,0.0,0.0,6.0,626.0,6.0,9,1,0.6040703052728955,275.5793896502421,470.0,0.0,0.0,0.0,0.0,2
716.0,1.0,-1.000088900581841e-12,0.0,0.0,0.0,0.0,0.0,68.0,3.0,0.6316228979835355,0.0,0.0,88.5,0.0,0.0,0.0,0.0,2.0,102.0,2.0,10,1,0.6040703052728955,281.1713593759743,475.0,0.0,0.0,0.0,0.0,1
718.0,1.0,-1.000088900581841e-12,0.0,0.0,0.0,0.0,0.0,60.0,2.0,0.6730116670072565,0.0,0.0,85.16666666666667,0.0,0.0,0.0,0.0,2.0,0.0,0.0,10,1,0.6040703052728955,188.13470351497256,618.0,0.0,0.0,0.0,0.0,1
712.0,4.0,0.2275780749660634,0.0,0.0,0.0,0.0,0.0,72.0,4.0,1.2613548951206326,0.0,0.0,81.71428571428571,0.0,0.0,0.0,0.0,4.0,158.0,6.0,11,1,0.6040703052728955,7.11805216801883,712.0,0.0,0.0,0.0,0.0,2
706.0,3.0,0.7541006681436673,0.0,0.0,0.0,0.0,0.0,38.0,3.0,1.045978165696395,0.0,0.0,79.42857142857143,0.0,0.0,0.0,0.0,16.0,12.0,8.0,11,1,0.6040703052728955,5.291502622126427,713.0,0.0,0.0,0.0,0.0,2
702.0,3.0,0.2109349829975302,0.0,0.0,0.0,0.0,0.0,18.0,3.0,0.9649629230044278,0.0,0.0,78.66666666666667,0.0,0.0,0.0,0.0,12.0,120.0,6.0,12,1,0.6040703052728955,6.999999999997919,709.5,0.0,0.0,0.0,0.0,2
694.0,4.0,0.5602605613157331,0.0,0.0,0.0,0.0,0.0,26.0,2.0,0.5402041423868609,0.0,0.0,78.0,0.0,0.0,0.0,0.0,12.0,702.0,12.0,12,1,0.6040703052728955,7.549834435268805,703.5,0.0,0.0,0.0,0.0,2
702.0,2.0,0.4706149811794813,0.0,0.0,0.0,0.0,0.0,2.0,1.0,-1.000088900581841e-12,0.0,0.0,76.3,0.0,0.0,0.0,0.0,0.0,670.0,0.0,13,1,0.6040703052728955,5.03322295684424,701.0,0.0,0.0,0.0,0.0,2
700.0,3.0,0.7606246757218649,0.0,0.0,0.0,0.0,0.0,6.0,1.0,-1.000088900581841e-12,0.0,0.0,74.3125,0.0,0.0,0.0,0.0,14.0,1292.0,10.0,13,1,0.6040703052728955,3.785938897196299,699.5,0.0,0.0,0.0,0.0,2
712.0,4.0,0.765098133578843,0.0,0.0,0.0,0.0,0.0,32.0,2.0,0.6931471805579453,0.0,0.0,70.54545454545455,0.0,0.0,0.0,0.0,48.0,1618.0,24.0,14,1,0.6040703052728955,7.483314773545924,702.0,0.0,0.0,0.0,0.0,2
716.0,2.0,0.6739073373662414,0.0,0.0,0.0,0.0,0.0,86.0,3.0,0.646562910585174,0.0,0.0,52.0,0.0,0.0,0.0,0.0,50.0,676.0,30.0,16,1,0.6040703052728955,8.544003745315816,709.5,0.0,0.0,0.0,0.0,2
716.0,4.0,0.995694521369803,0.0,0.0,0.0,0.0,0.0,96.0,2.0,0.482577565175012,0.0,0.0,47.75,0.0,0.0,0.0,0.0,58.0,2390.0,24.0,17,1,0.6040703052728955,8.999999999998371,711.5,0.0,0.0,0.0,0.0,2
704.0,4.0,0.2323325549338798,0.0,0.0,0.0,0.0,0.0,34.0,2.0,0.4659992569590426,0.0,0.0,44.85714285714285,0.0,0.0,0.0,0.0,14.0,326.0,8.0,17,1,0.6040703052728955,5.9999999999975575,713.0,0.0,0.0,0.0,0.0,2
706.0,3.0,0.7497895811796286,0.0,0.0,0.0,0.0,0.0,6.0,1.0,-1.000088900581841e-12,0.0,0.0,41.92857142857143,0.0,0.0,0.0,0.0,30.0,3390.0,20.0,18,1,0.6040703052728955,6.40312423743056,710.5,0.0,0.0,0.0,0.0,2
710.0,5.0,0.9381861757132044,0.0,0.0,0.0,0.0,0.0,48.0,4.0,1.282710651851798,0.0,0.0,38.55555555555556,0.0,0.0,0.0,0.0,16.0,3538.0,8.0,18,1,0.6040703052728955,5.291502622126406,709.0,0.0,0.0,0.0,0.0,2
698.0,3.0,0.2927114991388987,0.0,0.0,0.0,0.0,0.0,20.0,2.0,0.6730116670072565,0.0,0.0,36.125,0.0,0.0,0.0,0.0,50.0,456.0,18.0,19,1,0.6040703052728955,4.999999999997046,704.5,0.0,0.0,0.0,0.0,2
704.0,4.0,0.962234324742017,0.0,0.0,0.0,0.0,0.0,34.0,3.0,1.0551016181656423,0.0,0.0,33.857142857142854,0.0,0.0,0.0,0.0,72.0,3350.0,38.0,19,1,0.6040703052728955,4.999999999997046,704.5,0.0,0.0,0.0,0.0,2
706.0,4.0,0.6393637199711911,0.0,0.0,0.0,0.0,0.0,146.0,2.0,0.3456552647538555,0.0,0.0,30.75,0.0,0.0,0.0,0.0,108.0,2946.0,32.0,20,1,0.6040703052728955,4.999999999997046,704.5,0.0,0.0,0.0,0.0,2
700.0,3.0,0.2114041576343065,0.0,0.0,0.0,0.0,0.0,28.0,2.0,0.5982695885832573,0.0,0.0,28.83333333333333,0.0,0.0,18.0,18.0,36.0,476.0,16.0,20,1,0.6040703052728955,3.6514837166970495,702.0,0.0,0.0,0.0,0.0,2
714.0,5.0,0.879414349822182,0.0,0.0,0.0,0.0,0.0,20.0,3.0,0.8018185525403374,0.0,0.0,22.04,0.0,0.0,0.0,0.0,18.0,6046.0,4.0,22,0,0.6040703052728955,73.10950690573675,664.5,0.0,0.0,0.0,0.0,2
136.0,3.0,0.4750797217641346,0.0,0.0,0.0,0.0,0.0,4.0,1.0,-1.000088900581841e-12,0.0,0.0,19.0,0.0,0.0,0.0,0.0,18.0,466.0,10.0,22,0,0.6040703052728955,267.4341040331243,523.5,0.0,0.0,0.0,0.0,2
4.0,2.0,0.6931471805579453,0.0,0.0,0.0,0.0,0.0,48.0,6.0,1.5367702195573496,0.0,0.0,15.0,0.0,0.0,0.0,0.0,0.0,574.0,0.0,10,1,0.6040703052728955,336.857536653108,352.5,0.0,0.0,0.0,0.0,2
708.0,3.0,0.7228079620736896,0.0,0.0,0.0,0.0,0.0,244.0,5.0,0.6698125468092834,0.0,0.0,55.5,0.0,0.0,0.0,0.0,16.0,1048.0,10.0,13,1,0.6040703052728955,334.31073369945307,350.5,0.0,0.0,0.0,0.0,2
714.0,3.0,0.7071327888837214,0.0,0.0,0.0,0.0,0.0,52.0,3.0,0.8653649791597,0.0,0.0,72.26666666666667,0.0,8.0,0.0,0.0,8.0,1634.0,6.0,14,1,0.6040703052728955,335.60492646364213,495.0,0.0,0.0,0.0,0.0,2
708.0,5.0,1.0169300780652155,0.0,0.0,0.0,0.0,0.0,44.0,2.0,0.535959889214217,0.0,8.0,89.63333333333334,0.0,0.0,0.0,0.0,32.0,1306.0,14.0,14,1,0.6040703052728955,78.05126520435122,671.0,0.0,0.0,0.0,0.0,2
696.0,1.0,-1.000088900581841e-12,0.0,0.0,0.0,0.0,0.0,16.0,1.0,-1.000088900581841e-12,0.0,0.0,95.83333333333331,0.0,0.0,0.0,0.0,0.0,0.0,0.0,17,1,0.6040703052728955,9.797958971131097,708.0,0.0,0.0,0.0,0.0,2
702.0,2.0,0.1490115334370036,0.0,0.0,0.0,0.0,0.0,24.0,2.0,0.6365141682928128,0.0,0.0,94.66666666666669,0.0,0.0,0.0,0.0,36.0,162.0,20.0,17,1,0.6040703052728955,8.386497083604205,704.5,0.0,0.0,0.0,0.0,2
704.0,3.0,0.1235068671728702,0.0,0.0,0.0,0.0,0.0,16.0,2.0,0.3767701612544368,0.0,0.0,94.0,0.0,0.0,0.0,0.0,20.0,78.0,8.0,18,1,0.6040703052728955,3.7859388971960057,701.5,0.0,0.0,0.0,0.0,2
710.0,3.0,0.6166916639509971,0.0,0.0,0.0,0.0,0.0,6.0,1.0,-1.000088900581841e-12,0.0,0.0,92.3846153846154,0.0,0.0,0.0,0.0,10.0,1734.0,4.0,18,1,0.6040703052728955,5.773502691893524,703.0,0.0,0.0,0.0,0.0,2
708.0,5.0,0.8986891781728376,0.0,0.0,0.0,0.0,0.0,22.0,2.0,0.6554817738993928,0.0,0.0,90.7,0.0,0.0,0.0,0.0,34.0,1642.0,12.0,19,1,0.6040703052728955,3.651483716696769,706.0,0.0,0.0,0.0,0.0,2
710.0,3.0,0.5836778966845105,0.0,0.0,0.0,0.0,0.0,26.0,2.0,0.2711893730398441,0.0,0.0,88.55555555555556,0.0,0.0,0.0,0.0,24.0,1064.0,8.0,19,1,0.6040703052728955,2.828427124740576,708.0,0.0,0.0,0.0,0.0,2
714.0,4.0,0.8471829078477257,0.0,0.0,0.0,0.0,0.0,210.0,4.0,0.9801561272988976,0.0,0.0,85.9090909090909,0.0,0.0,0.0,0.0,24.0,4632.0,6.0,20,1,0.6040703052728955,2.516611478417255,710.5,0.0,0.0,0.0,0.0,2
718.0,8.0,1.6915687066480576,0.0,0.0,0.0,0.0,0.0,182.0,3.0,0.5686237221432291,0.0,0.0,82.15789473684211,0.0,0.0,0.0,0.0,84.0,6230.0,34.0,20,1,0.6040703052728955,4.434711565213108,712.5,0.0,0.0,0.0,0.0,2
708.0,3.0,0.6560578626356401,0.0,0.0,0.0,0.0,0.0,26.0,3.0,0.8587409130032867,0.0,0.0,78.66666666666667,0.0,0.0,0.0,0.0,24.0,1592.0,12.0,21,0,0.6040703052728955,4.434711565213108,712.5,0.0,0.0,0.0,0.0,2
704.0,4.0,0.6332282595939209,0.0,0.0,0.0,0.0,0.0,36.0,4.0,1.1858203126248676,0.0,0.0,76.58333333333333,0.0,0.0,0.0,0.0,26.0,1294.0,8.0,21,0,0.6040703052728955,6.21825270205666,711.0,0.0,0.0,0.0,0.0,2
710.0,4.0,0.4587936615901812,0.0,0.0,0.0,0.0,0.0,18.0,2.0,0.5297061990556545,0.0,0.0,74.85714285714286,0.0,0.0,0.0,0.0,42.0,684.0,18.0,22,0,0.6040703052728955,5.887840577549204,710.0,0.0,0.0,0.0,0.0,2
704.0,3.0,0.4478867719761318,0.0,0.0,0.0,0.0,0.0,8.0,1.0,-1.000088900581841e-12,0.0,0.0,73.71428571428571,0.0,0.0,0.0,0.0,28.0,660.0,6.0,22,0,0.6040703052728955,2.999999999994736,706.5,0.0,0.0,0.0,0.0,2
710.0,3.0,0.5313581873829384,0.0,0.0,0.0,0.0,0.0,4.0,1.0,-1.000088900581841e-12,0.0,0.0,72.27272727272727,0.0,0.0,0.0,0.0,14.0,1018.0,8.0,23,0,0.6040703052728955,3.464101615133196,707.0,0.0,0.0,0.0,0.0,2
156.0,1.0,-1.000088900581841e-12,0.0,0.0,0.0,0.0,0.0,8.0,1.0,-1.000088900581841e-12,0.0,0.0,71.5,0.0,0.0,0.0,0.0,0.0,0.0,0.0,23,0,0.6040703052728955,276.014492373136,570.0,0.0,0.0,0.0,0.0,2
712.0,4.0,0.659214991199242,0.0,0.0,0.0,0.0,0.0,140.0,3.0,0.8485708212007148,0.0,0.0,63.69230769230769,0.0,0.0,0.0,0.0,12.0,150.0,10.0,10,1,0.6040703052728955,261.6326941853152,525.5,0.0,0.0,0.0,0.0,2
718.0,5.0,0.7709274653498213,0.0,0.0,0.0,0.0,0.0,34.0,5.0,1.3180238017056034,0.0,0.0,56.310344827586206,0.0,0.0,0.0,0.0,0.0,472.0,0.0,10,1,0.6040703052728955,263.5368411942942,527.5,0.0,0.0,0.0,0.0,2
710.0,3.0,0.6560777080148994,0.0,0.0,0.0,0.0,0.0,4.0,1.0,-1.000088900581841e-12,0.0,0.0,51.0,0.0,0.0,0.0,0.0,8.0,482.0,2.0,11,1,0.6040703052728955,94.72767986883927,666.0,0.0,0.0,0.0,0.0,2
714.0,5.0,0.9295076751347864,0.0,0.0,0.0,0.0,0.0,16.0,2.0,0.6931471805579453,0.0,0.0,47.1875,0.0,0.0,0.0,0.0,10.0,836.0,8.0,11,1,0.6040703052728955,3.4156502553147763,713.5,0.0,0.0,0.0,0.0,2
710.0,1.0,-1.000088900581841e-12,0.0,0.0,0.0,0.0,0.0,8.0,1.0,-1.000088900581841e-12,0.0,0.0,45.0,0.0,0.0,0.0,0.0,0.0,0.0,0.0,12,1,0.6040703052728955,3.829708431020813,713.0,0.0,0.0,0.0,0.0,2
576.0,1.0,-1.000088900581841e-12,0.0,0.0,0.0,0.0,0.0,0.0,0.0,0.0,0.0,0.0,44.0,6.0,0.0,0.0,0.0,0.0,0.0,0.0,12,1,0.6040703052728955,67.69293414628517,677.5,0.0,0.0,0.0,0.0,2
454.0,4.0,0.4352326206157177,0.0,0.0,0.0,0.0,0.0,26.0,3.0,0.9839614459980256,0.0,0.0,43.285714285714285,0.0,0.0,0.0,0.0,18.0,340.0,12.0,13,1,0.6040703052728955,124.17595043593036,613.5,0.0,0.0,0.0,0.0,2
708.0,3.0,0.5462297355482164,0.0,0.0,0.0,0.0,0.0,24.0,2.0,0.5623351446168083,0.0,0.0,41.36363636363637,0.0,0.0,0.0,0.0,16.0,868.0,12.0,13,1,0.6040703052728955,122.5833050079277,612.0,0.0,0.0,0.0,0.0,2
720.0,2.0,0.2300139018727576,0.0,0.0,0.0,0.0,0.0,82.0,3.0,0.5094585555371876,0.0,0.0,37.23333333333333,0.0,0.0,0.0,0.0,0.0,1082.0,0.0,14,1,0.6040703052728955,125.3195914452324,614.5,0.0,0.0,0.0,0.0,2
714.0,4.0,0.9346734473232928,0.0,0.0,0.0,0.0,0.0,28.0,2.0,0.410116318286409,0.0,0.0,31.95238095238096,0.0,0.0,0.0,0.0,8.0,1450.0,8.0,14,1,0.6040703052728955,130.0922749435952,649.0,0.0,0.0,0.0,0.0,2
718.0,5.0,0.2348040318764823,0.0,0.0,0.0,0.0,0.0,0.0,0.0,0.0,0.0,0.0,27.266666666666666,0.0,0.0,0.0,0.0,0.0,1308.0,0.0,15,1,0.6040703052728955,5.291502622125743,715.0,0.0,0.0,0.0,0.0,2
718.0,3.0,0.1712584371430099,0.0,0.0,0.0,0.0,0.0,8.0,2.0,0.6931471805579453,0.0,0.0,21.857142857142858,0.0,0.0,0.0,0.0,8.0,1896.0,6.0,15,1,0.6040703052728955,2.5166114784163365,717.5,0.0,0.0,0.0,0.0,2
558.0,2.0,0.1773971883056644,0.0,0.0,0.0,0.0,0.0,4.0,1.0,-1.000088900581841e-12,0.0,0.0,17.347826086956523,0.0,0.0,0.0,0.0,0.0,1036.0,0.0,16,1,0.6040703052728955,79.35573913292785,677.0,0.0,0.0,0.0,0.0,2
654.0,2.0,0.167165861347267,0.0,0.0,0.0,0.0,0.0,62.0,4.0,1.0940983429420754,0.0,6.0,23.88888888888889,0.0,0.0,0.0,0.0,0.0,250.0,0.0,16,1,0.6040703052728955,75.61305002004148,662.0,0.0,0.0,0.0,0.0,2
690.0,1.0,-1.000088900581841e-12,0.0,0.0,0.0,0.0,0.0,558.0,4.0,0.5056092354613755,0.0,0.0,40.8,0.0,0.0,0.0,0.0,0.0,0.0,0.0,17,1,0.6040703052728955,69.77105417004935,655.0,0.0,0.0,0.0,0.0,1
520.0,5.0,0.9311229231928188,0.0,0.0,0.0,0.0,0.0,162.0,5.0,1.0212771273499837,0.0,0.0,57.37931034482759,0.0,0.0,0.0,0.0,12.0,3416.0,6.0,17,1,0.6040703052728955,79.70570870395646,605.5,0.0,0.0,0.0,0.0,1
698.0,3.0,0.5882371688539589,0.0,0.0,0.0,0.0,0.0,126.0,5.0,1.0533768776573562,0.0,14.0,71.93333333333334,0.0,0.0,0.0,0.0,0.0,728.0,0.0,18,1,0.6040703052728955,82.58127309909085,640.5,0.0,0.0,0.0,0.0,1
708.0,1.0,-1.000088900581841e-12,0.0,0.0,0.0,0.0,0.0,74.0,2.0,0.608556885903289,0.0,0.0,86.2,0.0,0.0,0.0,0.0,0.0,0.0,0.0,18,1,0.6040703052728955,89.63630216974943,654.0,0.0,0.0,0.0,0.0,1
142.0,1.0,-1.000088900581841e-12,0.0,0.0,0.0,0.0,0.0,306.0,4.0,0.4792725559760985,0.0,0.0,98.53333333333332,0.0,0.0,0.0,0.0,0.0,0.0,0.0,19,1,0.6040703052728955,264.497006914382,517.0,0.0,0.0,0.0,0.0,2
0.0,0.0,0.0,0.0,0.0,0.0,0.0,0.0,38.0,1.0,-1.000088900581841e-12,0.0,0.0,100.0,0.0,0.0,0.0,0.0,0.0,0.0,0.0,19,1,0.6040703052728955,369.4843253328437,387.0,0.0,0.0,0.0,0.0,2
128.0,3.0,1.0673604193936916,0.0,0.0,0.0,0.0,0.0,50.0,4.0,0.958944995571212,0.0,0.0,100.0,0.0,0.0,0.0,0.0,14.0,544.0,4.0,20,1,0.6040703052728955,315.5371082244791,244.5,0.0,0.0,0.0,0.0,2
712.0,3.0,0.6574667453241366,0.0,0.0,0.0,0.0,0.0,10.0,2.0,0.5004024235361879,0.0,0.0,98.63636363636364,0.0,0.0,0.0,0.0,14.0,1892.0,4.0,20,1,0.6040703052728955,317.49593173246586,245.5,0.0,0.0,0.0,0.0,1
714.0,6.0,0.8465972005775088,0.0,0.0,0.0,0.0,0.0,52.0,4.0,1.2658567518687374,0.0,0.0,94.94117647058825,0.0,0.0,0.0,0.0,56.0,4720.0,26.0,21,0,0.6040703052728955,378.3274595726123,388.5,0.0,0.0,0.0,0.0,2
708.0,3.0,0.5519978041948385,0.0,0.0,0.0,0.0,0.0,8.0,2.0,0.5623351446168083,0.0,0.0,91.33333333333331,0.0,0.0,0.0,0.0,0.0,260.0,0.0,21,0,0.6040703052728955,291.67733313829274,565.5,0.0,0.0,0.0,0.0,2
712.0,1.0,-1.000088900581841e-12,0.0,0.0,0.0,0.0,0.0,2.0,1.0,-1.000088900581841e-12,0.0,0.0,90.5,0.0,0.0,0.0,0.0,0.0,0.0,0.0,22,0,0.6040703052728955,2.5166114784113747,711.5,0.0,0.0,0.0,0.0,2
656.0,2.0,0.5376503487379793,0.0,0.0,0.0,0.0,0.0,8.0,3.0,1.039720770836918,0.0,0.0,90.0,14.0,0.0,0.0,0.0,14.0,20.0,8.0,22,0,0.6040703052728955,27.77888886666646,697.5,0.0,0.0,0.0,0.0,2
508.0,3.0,0.2588558524110307,0.0,0.0,0.0,0.0,0.0,2.0,1.0,-1.000088900581841e-12,0.0,0.0,89.11111111111111,0.0,0.0,0.0,0.0,14.0,1232.0,4.0,23,0,0.6040703052728955,95.47076341302926,646.0,0.0,0.0,0.0,0.0,2
712.0,5.0,0.6672252523776142,0.0,0.0,0.0,0.0,0.0,272.0,3.0,0.3595958580436312,0.0,0.0,77.18181818181819,0.0,0.0,0.0,0.0,6.0,326.0,6.0,8,1,0.6040703052728955,4.76095228568912,709.0,0.0,0.0,0.0,0.0,2
710.0,5.0,0.920681078696933,0.0,0.0,0.0,0.0,0.0,16.0,2.0,0.5623351446168083,0.0,0.0,74.42857142857143,0.0,0.0,0.0,0.0,2.0,680.0,2.0,9,1,0.6040703052728955,3.4156502553113537,710.5,0.0,0.0,0.0,0.0,2
688.0,3.0,0.444472257495965,0.0,0.0,0.0,0.0,0.0,42.0,2.0,0.5488743844829944,0.0,0.0,72.3,0.0,0.0,0.0,0.0,8.0,346.0,4.0,9,1,0.6040703052728955,12.110601416387563,706.0,0.0,0.0,0.0,0.0,2
712.0,3.0,0.7131172324263284,0.0,0.0,0.0,0.0,0.0,4.0,1.0,-1.000088900581841e-12,0.0,0.0,69.64285714285714,0.0,0.0,0.0,0.0,2.0,1082.0,2.0,10,1,0.6040703052728955,11.704699910717142,705.5,0.0,0.0,0.0,0.0,2
710.0,4.0,0.9739548612092715,0.0,0.0,0.0,0.0,0.0,160.0,3.0,0.612125685670353,0.0,0.0,67.33333333333333,0.0,0.0,0.0,0.0,34.0,606.0,20.0,10,1,0.6040703052728955,11.3724814061521,705.0,0.0,0.0,0.0,0.0,2
704.0,2.0,0.465484017820113,0.0,0.0,0.0,0.0,0.0,204.0,2.0,0.3999488692754496,0.0,0.0,64.57142857142857,0.0,0.0,0.0,0.0,42.0,360.0,36.0,11,1,0.6040703052728955,10.878112581384478,703.5,0.0,0.0,0.0,0.0,2
700.0,4.0,0.3896222008720149,0.0,0.0,0.0,0.0,0.0,68.0,2.0,0.4659992569590426,0.0,0.0,62.285714285714285,0.0,0.0,4.0,6.0,18.0,460.0,18.0,11,1,0.6040703052728955,5.507570547280841,706.5,0.0,0.0,0.0,0.0,3
706.0,3.0,0.3584478855206215,0.0,0.0,0.0,0.0,0.0,52.0,2.0,0.4293230219286162,0.0,0.0,60.285714285714285,0.0,0.0,0.0,0.0,12.0,884.0,12.0,12,1,0.6040703052728955,4.1633319989253,705.0,0.0,0.0,0.0,0.0,2
706.0,3.0,0.6550320849767493,0.0,0.0,0.0,0.0,0.0,84.0,2.0,0.410116318286409,0.0,0.0,58.5,0.0,0.0,0.0,0.0,18.0,2388.0,18.0,12,1,0.6040703052728955,2.828427124735944,704.0,0.0,0.0,0.0,0.0,2
714.0,4.0,0.803033369393222,0.0,0.0,0.0,0.0,0.0,48.0,3.0,0.7214636866895116,0.0,0.0,55.41666666666666,0.0,0.0,0.0,0.0,14.0,3250.0,10.0,13,1,0.6040703052728955,5.744562646532984,706.5,0.0,0.0,0.0,0.0,2
714.0,3.0,0.6964638835944637,0.0,0.0,0.0,0.0,0.0,14.0,2.0,0.6829081046984717,0.0,0.0,52.578947368421055,0.0,0.0,0.0,0.0,16.0,2396.0,10.0,13,1,0.6040703052728955,4.618802153510746,710.0,0.0,0.0,0.0,0.0,2
714.0,5.0,1.3283374108592694,0.0,0.0,0.0,0.0,0.0,266.0,3.0,0.7659373365755204,0.0,0.0,50.266666666666666,0.0,8.0,0.0,0.0,30.0,2046.0,22.0,14,1,0.6040703052728955,3.999999999992762,712.0,0.0,0.0,0.0,0.0,2
716.0,3.0,0.2885831440974402,0.0,0.0,0.0,0.0,0.0,308.0,3.0,0.7043756497231957,0.0,0.0,46.66666666666666,0.0,0.0,0.0,0.0,78.0,1206.0,38.0,14,1,0.6040703052728955,0.9999999999710476,714.5,0.0,0.0,0.0,0.0,2
710.0,5.0,1.0731916721025747,0.0,0.0,0.0,0.0,0.0,142.0,4.0,0.9964202313543806,0.0,0.0,42.5,0.0,0.0,0.0,0.0,70.0,368.0,26.0,15,1,0.6040703052728955,2.5166114784120714,713.5,0.0,0.0,0.0,0.0,2
708.0,4.0,0.3442842330968699,0.0,0.0,0.0,0.0,0.0,68.0,2.0,0.6652042646379301,0.0,0.0,40.333333333333336,0.0,0.0,0.0,0.0,72.0,674.0,46.0,15,1,0.6040703052728955,3.651483716693181,712.0,0.0,0.0,0.0,0.0,2
696.0,1.0,-1.000088900581841e-12,0.0,0.0,0.0,0.0,0.0,0.0,0.0,0.0,0.0,0.0,38.5,0.0,0.0,0.0,0.0,0.0,0.0,0.0,16,1,0.6040703052728955,8.386497083602642,707.5,0.0,0.0,0.0,0.0,2
704.0,2.0,0.097596530939261,0.0,0.0,0.0,0.0,0.0,4.0,1.0,-1.000088900581841e-12,0.0,0.0,37.0,0.0,0.0,0.0,0.0,12.0,110.0,8.0,16,1,0.6040703052728955,6.191391873664233,704.5,0.0,0.0,0.0,0.0,2
700.0,1.0,-1.000088900581841e-12,0.0,0.0,0.0,0.0,0.0,0.0,0.0,0.0,0.0,0.0,35.5,0.0,0.0,0.0,0.0,0.0,0.0,0.0,17,1,0.6040703052728955,5.163977794937614,702.0,0.0,0.0,0.0,0.0,1
136.0,1.0,-1.000088900581841e-12,0.0,0.0,0.0,0.0,0.0,0.0,0.0,0.0,0.0,0.0,33.5,0.0,0.0,0.0,0.0,0.0,0.0,0.0,17,1,0.6040703052728955,282.0189118954022,559.0,0.0,0.0,0.0,0.0,1
484.0,1.0,-1.000088900581841e-12,0.0,0.0,0.0,0.0,0.0,6.0,2.0,0.6365141682928128,0.0,0.0,31.5,0.0,0.0,0.0,0.0,12.0,0.0,4.0,18,1,0.6040703052728955,267.2227535222253,506.0,0.0,0.0,0.0,0.0,2
702.0,2.0,0.1490115334370036,0.0,0.0,0.0,0.0,0.0,8.0,2.0,0.6931471805579453,0.0,0.0,29.5,0.0,0.0,0.0,0.0,12.0,198.0,6.0,18,1,0.6040703052728955,266.73020076474273,505.5,0.0,0.0,0.0,0.0,1
702.0,1.0,-1.000088900581841e-12,0.0,0.0,0.0,0.0,0.0,12.0,1.0,-1.000088900581841e-12,0.0,0.0,28.33333333333333,0.0,0.0,0.0,0.0,0.0,0.0,0.0,19,1,0.6040703052728955,267.21776388057225,506.0,0.0,0.0,0.0,0.0,2
564.0,4.0,0.3877069716753606,0.0,0.0,0.0,0.0,0.0,48.0,3.0,0.5660857389566288,0.0,0.0,27.0,0.0,0.0,0.0,0.0,16.0,1162.0,16.0,19,1,0.6040703052728955,107.8332045336683,613.0,0.0,0.0,0.0,0.0,2
706.0,7.0,1.263741441574576,0.0,0.0,0.0,0.0,0.0,624.0,4.0,0.4014353867410981,0.0,0.0,23.944444444444443,0.0,0.0,0.0,0.0,48.0,4388.0,24.0,20,1,0.6040703052728955,69.69218033610326,668.5,0.0,0.0,0.0,0.0,2
710.0,4.0,0.8380308509176639,0.0,0.0,0.0,0.0,0.0,94.0,3.0,0.6550838284822538,0.0,0.0,19.933333333333334,0.0,0.0,0.0,0.0,86.0,1736.0,50.0,20,1,0.6040703052728955,71.0750776761208,670.5,0.0,0.0,0.0,0.0,2
284.0,2.0,0.5421533344205951,0.0,0.0,0.0,0.0,0.0,8.0,2.0,0.6931471805579453,0.0,16.0,17.545454545454547,0.0,0.0,16.0,16.0,16.0,2230.0,8.0,21,0,0.6040703052728955,199.8866345373462,566.0,0.0,0.0,0.0,0.0,2
698.0,1.0,-1.000088900581841e-12,0.0,0.0,0.0,0.0,0.0,206.0,5.0,0.9832526202187764,0.0,0.0,30.2,0.0,0.0,0.0,0.0,0.0,0.0,0.0,21,0,0.6040703052728955,210.39249036027863,599.5,0.0,0.0,0.0,0.0,2
702.0,3.0,0.0687305667461579,0.0,0.0,0.0,0.0,0.0,52.0,5.0,1.0236689522328255,0.0,0.0,47.766666666666666,0.0,0.0,0.0,0.0,36.0,104.0,16.0,22,0,0.6040703052728955,209.72601173912585,598.5,0.0,0.0,0.0,0.0,2
708.0,3.0,0.6047391378088477,0.0,0.0,0.0,0.0,0.0,40.0,3.0,0.7305880613681225,0.0,0.0,64.37931034482759,0.0,0.0,0.0,0.0,22.0,1344.0,14.0,22,0,0.6040703052728955,209.37366914999907,598.0,0.0,0.0,0.0,0.0,2
370.0,4.0,0.6796393965011682,0.0,0.0,0.0,0.0,0.0,30.0,4.0,0.9881542242861944,0.0,0.0,97.6153846153846,0.0,0.0,0.0,0.0,22.0,3668.0,2.0,8,1,0.6040703052728955,184.99999999999983,92.5,0.0,0.0,0.0,0.0,2
712.0,4.0,0.8989831211102639,0.0,0.0,0.0,0.0,0.0,40.0,3.0,1.0296530140615736,0.0,0.0,95.8,0.0,0.0,0.0,0.0,88.0,2508.0,38.0,9,1,0.6040703052728955,342.1320407873739,270.5,0.0,0.0,0.0,0.0,2
710.0,4.0,0.3461998422549737,0.0,0.0,0.0,0.0,0.0,32.0,3.0,0.9002560512655369,0.0,0.0,95.0,0.0,0.0,0.0,0.0,44.0,626.0,20.0,9,1,0.6040703052728955,339.1794018903073,448.0,0.0,0.0,0.0,0.0,1
710.0,1.0,-1.000088900581841e-12,0.0,0.0,0.0,0.0,0.0,6.0,2.0,0.6365141682928128,0.0,0.0,94.16666666666669,0.0,0.0,0.0,0.0,44.0,0.0,4.0,10,1,0.6040703052728955,170.33594257623156,625.5,0.0,0.0,0.0,0.0,2
708.0,6.0,1.0161342974328216,0.0,0.0,0.0,0.0,0.0,58.0,5.0,1.4938733956954249,0.0,0.0,92.53846153846152,0.0,22.0,0.0,0.0,66.0,3480.0,20.0,10,1,0.6040703052728955,1.6329931618336613,710.0,0.0,0.0,0.0,0.0,2
714.0,8.0,1.6058886990533705,0.0,0.0,0.0,0.0,0.0,80.0,4.0,1.248780543352486,0.0,0.0,87.5909090909091,0.0,0.0,0.0,0.0,52.0,6042.0,20.0,11,1,0.6040703052728955,2.51661147840944,710.5,0.0,0.0,0.0,0.0,2
712.0,5.0,1.3831607022867325,0.0,0.0,0.0,0.0,0.0,28.0,3.0,0.7589367727590597,0.0,0.0,83.66666666666667,0.0,0.0,0.0,0.0,78.0,4836.0,16.0,11,1,0.6040703052728955,2.58198889745783,711.0,0.0,0.0,0.0,0.0,2
712.0,3.0,0.8346258422390117,0.0,0.0,0.0,0.0,0.0,16.0,3.0,1.0821955300357673,0.0,0.0,80.85714285714286,0.0,0.0,0.0,0.0,26.0,2976.0,14.0,12,1,0.6040703052728955,2.51661147840944,711.5,0.0,0.0,0.0,0.0,2
706.0,3.0,0.1804575509020363,0.0,0.0,0.0,0.0,0.0,36.0,4.0,1.2283103521568823,0.0,0.0,79.16666666666667,0.0,0.0,0.0,0.0,78.0,312.0,40.0,12,1,0.6040703052728955,3.464101615127477,711.0,0.0,0.0,0.0,0.0,2
708.0,3.0,0.7434548094863515,0.0,0.0,0.0,0.0,0.0,8.0,1.0,-1.000088900581841e-12,0.0,0.0,77.07692307692308,0.0,0.0,0.0,0.0,82.0,2014.0,16.0,13,1,0.6040703052728955,2.9999999999881326,709.5,0.0,0.0,0.0,0.0,2
712.0,5.0,1.3247380337728885,0.0,0.0,0.0,0.0,0.0,24.0,3.0,1.0114042647043515,0.0,0.0,73.78571428571429,0.0,0.0,0.0,0.0,88.0,3348.0,44.0,13,1,0.6040703052728955,2.9999999999881326,709.5,0.0,0.0,0.0,0.0,2
716.0,7.0,1.5116977867115484,0.0,0.0,0.0,0.0,0.0,50.0,3.0,0.7841675867606066,0.0,0.0,69.73076923076923,0.0,0.0,0.0,0.0,62.0,9798.0,16.0,14,1,0.6040703052728955,4.434711565208667,710.5,0.0,0.0,0.0,0.0,2
708.0,3.0,0.7217291230493034,0.0,0.0,0.0,0.0,0.0,14.0,2.0,0.5982695885832573,0.0,0.0,65.0,0.0,0.0,0.0,0.0,64.0,1318.0,24.0,14,1,0.6040703052728955,3.8297084310160607,711.0,0.0,0.0,0.0,0.0,2
712.0,3.0,0.7057909801851137,0.0,0.0,0.0,0.0,0.0,30.0,3.0,1.054920167983144,0.0,0.0,60.72727272727273,0.0,0.0,0.0,0.0,96.0,2002.0,36.0,15,1,0.6040703052728955,3.265986323700009,712.0,0.0,0.0,0.0,0.0,2
718.0,4.0,1.1146486997664862,0.0,0.0,0.0,0.0,0.0,22.0,3.0,0.9075352941020092,0.0,0.0,57.28,0.0,0.0,0.0,0.0,128.0,818.0,52.0,15,1,0.6040703052728955,4.434711565208667,713.5,0.0,0.0,0.0,0.0,2
708.0,7.0,1.1909015665164864,0.0,0.0,0.0,0.0,0.0,98.0,8.0,1.907346628081183,0.0,0.0,54.76923076923077,0.0,0.0,0.0,0.0,160.0,1542.0,52.0,16,1,0.6040703052728955,4.725815626245071,711.5,0.0,0.0,0.0,0.0,2
704.0,3.0,0.3805135804141811,0.0,0.0,0.0,0.0,0.0,14.0,3.0,0.9556998911095343,0.0,0.0,52.375,0.0,0.0,0.0,0.0,32.0,682.0,6.0,16,1,0.6040703052728955,5.972157622383671,710.5,0.0,0.0,0.0,0.0,2
700.0,2.0,0.3058306155852094,0.0,0.0,0.0,0.0,0.0,14.0,2.0,0.410116318286409,0.0,0.0,50.0,0.0,0.0,28.0,32.0,102.0,1172.0,48.0,17,1,0.6040703052728955,7.724420150833031,707.5,0.0,0.0,0.0,0.0,2
700.0,2.0,0.1297406947174283,0.0,0.0,0.0,0.0,0.0,12.0,2.0,0.6365141682928128,0.0,0.0,47.16666666666666,0.0,0.0,0.0,0.0,136.0,430.0,24.0,17,1,0.6040703052728955,3.829708431016046,703.0,0.0,0.0,0.0,0.0,2
706.0,7.0,0.5094443898050488,0.0,0.0,0.0,0.0,0.0,66.0,6.0,1.6504189455118716,0.0,0.0,44.4,0.0,0.0,0.0,0.0,68.0,1546.0,6.0,18,1,0.6040703052728955,2.999999999988123,702.5,0.0,0.0,0.0,0.0,2
704.0,4.0,0.4508388829837961,0.0,0.0,0.0,0.0,0.0,36.0,2.0,0.3488320958410319,0.0,0.0,41.44444444444444,0.0,0.0,0.0,0.0,34.0,1644.0,18.0,18,1,0.6040703052728955,2.999999999988123,702.5,0.0,0.0,0.0,0.0,2
710.0,3.0,0.986448476086315,0.0,0.0,0.0,0.0,0.0,138.0,4.0,0.5255850204638417,0.0,0.0,38.85714285714285,0.0,36.0,0.0,0.0,76.0,4024.0,36.0,19,1,0.6040703052728955,4.163331998923696,705.0,0.0,0.0,0.0,0.0,2
702.0,5.0,0.6648635643523862,0.0,0.0,0.0,0.0,0.0,22.0,2.0,0.6890092384746587,0.0,0.0,36.9,0.0,0.0,0.0,0.0,114.0,1090.0,64.0,19,1,0.6040703052728955,3.4156502553094232,705.5,0.0,0.0,0.0,0.0,2
712.0,7.0,1.177542449370995,0.0,0.0,0.0,0.0,0.0,66.0,6.0,1.612605266025933,0.0,0.0,34.18181818181818,0.0,0.0,0.0,0.0,42.0,8358.0,18.0,20,1,0.6040703052728955,4.760952285687735,707.0,0.0,0.0,0.0,0.0,2
706.0,6.0,1.060089116755641,0.0,0.0,0.0,0.0,0.0,16.0,2.0,0.5623351446168083,0.0,0.0,30.428571428571427,0.0,0.0,0.0,0.0,126.0,1496.0,40.0,20,1,0.6040703052728955,4.434711565208641,707.5,0.0,0.0,0.0,0.0,2
706.0,2.0,0.6638696376020169,0.0,0.0,0.0,0.0,0.0,18.0,3.0,0.9950269901765214,0.0,0.0,28.77777777777778,0.0,0.0,0.0,0.0,84.0,1574.0,8.0,21,0,0.6040703052728955,4.123105625608998,706.5,0.0,0.0,0.0,0.0,2
706.0,4.0,0.5692586713585763,0.0,0.0,0.0,0.0,0.0,16.0,2.0,0.5623351446168083,0.0,0.0,27.1,0.0,0.0,0.0,0.0,124.0,3090.0,50.0,21,0,0.6040703052728955,2.9999999999880944,707.5,0.0,0.0,0.0,0.0,2
708.0,4.0,0.6047770438298845,0.0,0.0,0.0,0.0,0.0,8.0,2.0,0.6931471805579453,0.0,0.0,25.27272727272728,0.0,0.0,0.0,0.0,44.0,710.0,20.0,22,0,0.6040703052728955,0.9999999999642832,706.5,0.0,0.0,0.0,0.0,2
708.0,3.0,0.2437543025975257,0.0,0.0,0.0,0.0,0.0,4.0,1.0,-1.000088900581841e-12,0.0,0.0,23.428571428571427,0.0,0.0,0.0,0.0,46.0,648.0,22.0,22,0,0.6040703052728955,1.1547005383483282,707.0,0.0,0.0,0.0,0.0,2
710.0,1.0,-1.000088900581841e-12,0.0,0.0,0.0,0.0,0.0,0.0,0.0,0.0,0.0,0.0,22.33333333333333,0.0,0.0,0.0,0.0,0.0,0.0,0.0,23,0,0.6040703052728955,1.6329931618335745,708.0,0.0,0.0,0.0,0.0,2
350.0,1.0,-1.000088900581841e-12,0.0,0.0,0.0,0.0,0.0,4.0,1.0,-1.000088900581841e-12,0.0,0.0,21.5,42.0,0.0,0.0,0.0,46.0,0.0,0.0,23,0,0.6040703052728955,179.33581163095468,619.0,0.0,0.0,0.0,0.0,2
424.0,4.0,0.7755557041772189,0.0,0.0,0.0,0.0,0.0,26.0,3.0,0.9839614459980256,0.0,0.0,19.8,0.0,0.0,0.0,0.0,138.0,2840.0,28.0,0,0,0.6040703052728955,188.34719712983943,548.0,0.0,0.0,0.0,0.0,2
708.0,8.0,0.5438428822791836,0.0,0.0,0.0,0.0,0.0,36.0,5.0,1.5229550675263184,0.0,0.0,17.1,0.0,0.0,40.0,40.0,136.0,1858.0,20.0,0,0,0.6040703052728955,188.34719712983943,548.0,0.0,0.0,0.0,0.0,2
92.0,2.0,0.5739644913913236,0.0,0.0,0.0,0.0,0.0,394.0,5.0,0.8078761270797427,0.0,0.0,40.333333333333336,0.0,0.0,0.0,0.0,2.0,242.0,2.0,10,1,0.6040703052728955,264.1413762867654,368.0,0.0,0.0,0.0,0.0,2
0.0,0.0,0.0,0.0,0.0,0.0,0.0,0.0,24.0,1.0,-1.000088900581841e-12,0.0,0.0,100.0,0.0,0.0,0.0,0.0,0.0,0.0,0.0,12,1,0.6040703052728955,310.9999999999999,155.5,0.0,0.0,0.0,0.0,2
676.0,6.0,0.8447136652984019,0.0,0.0,0.0,0.0,0.0,106.0,7.0,1.5092523749069129,0.0,0.0,99.93333333333334,0.0,2.0,0.0,0.0,10.0,368.0,2.0,13,1,0.6040703052728955,337.9999999999999,169.0,0.0,0.0,0.0,0.0,2
714.0,4.0,0.8322468973622734,0.0,0.0,0.0,0.0,0.0,10.0,3.0,0.9502705392302344,0.0,0.0,96.54545454545456,0.0,0.0,0.0,0.0,8.0,1964.0,4.0,13,1,0.6040703052728955,401.558214957682,347.5,0.0,0.0,0.0,0.0,2
710.0,4.0,0.8494358253142559,0.0,0.0,0.0,0.0,0.0,56.0,3.0,0.5091373440796869,0.0,0.0,93.86666666666666,0.0,0.0,0.0,0.0,4.0,798.0,2.0,14,1,0.6040703052728955,350.4149920689276,525.0,0.0,0.0,0.0,0.0,2
712.0,5.0,0.7590692863313632,0.0,0.0,0.0,0.0,0.0,30.0,2.0,0.6909233093118181,0.0,0.0,90.25,0.0,0.0,0.0,0.0,28.0,2006.0,18.0,14,1,0.6040703052728955,18.073922282299133,703.0,0.0,0.0,0.0,0.0,2
706.0,2.0,0.6800531497345186,0.0,0.0,0.0,0.0,0.0,18.0,2.0,0.6365141682928128,0.0,0.0,86.8,0.0,0.0,0.0,0.0,18.0,688.0,14.0,15,1,0.6040703052728955,3.4156502553085053,710.5,0.0,0.0,0.0,0.0,2
716.0,5.0,1.019505285145058,0.0,0.0,0.0,0.0,0.0,740.0,3.0,0.0932449525937213,0.0,0.0,83.82142857142857,0.0,0.0,0.0,0.0,12.0,552.0,8.0,15,1,0.6040703052728955,4.163331998922943,711.0,0.0,0.0,0.0,0.0,2
708.0,4.0,0.6759129759690627,0.0,0.0,0.0,0.0,0.0,450.0,4.0,0.2947807527331862,0.0,0.0,81.1,0.0,0.0,6.0,6.0,28.0,180.0,12.0,16,1,0.6040703052728955,4.43471156520794,710.5,0.0,0.0,0.0,0.0,3
704.0,3.0,0.894776921428456,0.0,0.0,0.0,0.0,0.0,48.0,3.0,1.032743813552708,0.0,0.0,68.5,0.0,0.0,0.0,0.0,32.0,550.0,24.0,18,1,0.6040703052728955,1.632993161831741,704.0,0.0,0.0,0.0,0.0,3
704.0,4.0,0.4993160510397711,0.0,0.0,0.0,0.0,0.0,34.0,2.0,0.4659992569590426,0.0,0.0,66.75,0.0,0.0,0.0,0.0,16.0,534.0,8.0,19,1,0.6040703052728955,1.632993161831741,704.0,0.0,0.0,0.0,0.0,4
692.0,1.0,-1.000088900581841e-12,0.0,0.0,0.0,0.0,0.0,12.0,1.0,-1.000088900581841e-12,0.0,0.0,66.0,0.0,0.0,0.0,0.0,0.0,0.0,0.0,19,1,0.6040703052728955,6.403124237426795,701.5,0.0,0.0,0.0,0.0,2
648.0,1.0,-1.000088900581841e-12,0.0,0.0,0.0,0.0,0.0,10.0,1.0,-1.000088900581841e-12,0.0,0.0,65.16666666666667,8.0,0.0,0.0,0.0,0.0,0.0,0.0,20,1,0.6040703052728955,26.608269391298684,687.0,0.0,0.0,0.0,0.0,2
626.0,2.0,0.2288971451651987,0.0,0.0,0.0,0.0,0.0,8.0,2.0,0.6931471805579453,0.0,0.0,64.33333333333333,0.0,0.0,0.0,0.0,8.0,568.0,4.0,20,1,0.6040703052728955,36.674241641783446,667.5,0.0,0.0,0.0,0.0,2
706.0,5.0,0.8707498072056122,0.0,0.0,0.0,0.0,0.0,14.0,2.0,0.5982695885832573,0.0,0.0,62.2,0.0,0.0,0.0,0.0,8.0,1346.0,4.0,21,0,0.6040703052728955,37.34523619776142,668.0,0.0,0.0,0.0,0.0,2
706.0,5.0,1.0216941864511444,0.0,0.0,0.0,0.0,0.0,204.0,3.0,0.29113174832694,0.0,0.0,59.5625,0.0,8.0,0.0,0.0,24.0,2802.0,16.0,21,0,0.6040703052728955,40.8370746585329,671.5,0.0,0.0,0.0,0.0,2
708.0,4.0,1.031146811072798,0.0,0.0,0.0,0.0,0.0,66.0,5.0,1.1421166645576415,0.0,0.0,57.2,0.0,0.0,0.0,0.0,8.0,3550.0,6.0,22,0,0.6040703052728955,40.34435111222623,686.5,0.0,0.0,0.0,0.0,2
710.0,8.0,1.6368455674226758,0.0,0.0,0.0,0.0,0.0,126.0,2.0,0.2364698591686277,0.0,0.0,54.27777777777778,0.0,0.0,8.0,6.0,16.0,4658.0,8.0,22,0,0.6040703052728955,1.914854215492762,707.5,0.0,0.0,0.0,0.0,2
718.0,5.0,0.8338050040651631,0.0,0.0,0.0,0.0,0.0,20.0,2.0,0.6108643020528935,0.0,0.0,48.9,0.0,0.0,0.0,0.0,0.0,2802.0,0.0,23,0,0.6040703052728955,5.259911279345917,710.5,0.0,0.0,0.0,0.0,2
710.0,4.0,0.5300422044945069,0.0,0.0,0.0,0.0,0.0,6.0,1.0,-1.000088900581841e-12,2.0,0.0,45.5,0.0,0.0,0.0,0.0,16.0,852.0,6.0,23,0,0.6040703052728955,4.434711565208092,711.5,0.0,0.0,0.0,0.0,2
698.0,3.0,0.1848103817799655,0.0,0.0,0.0,0.0,0.0,38.0,4.0,1.2805340475198803,0.0,0.0,34.0,0.0,0.0,0.0,0.0,32.0,144.0,10.0,9,1,0.6040703052728955,350.3384078287733,525.5,0.0,0.0,0.0,0.0,2
552.0,4.0,0.4850160817085175,0.0,0.0,0.0,0.0,0.0,20.0,5.0,1.5571130980526455,0.0,0.0,21.5,8.0,0.0,0.0,0.0,16.0,214.0,8.0,11,1,0.6040703052728955,75.1598296964536,664.5,0.0,0.0,0.0,0.0,2
710.0,4.0,0.3163971569946268,0.0,0.0,0.0,0.0,0.0,22.0,3.0,0.7595473914718636,0.0,0.0,18.77272727272728,0.0,0.0,0.0,0.0,0.0,1994.0,0.0,12,1,0.6040703052728955,76.58328799418257,666.5,0.0,0.0,0.0,0.0,2
700.0,6.0,0.9162223061239256,0.0,0.0,0.0,0.0,0.0,26.0,3.0,0.9251290835690824,0.0,0.0,16.666666666666668,0.0,0.0,0.0,0.0,16.0,168.0,12.0,12,1,0.6040703052728955,75.23075612185868,664.5,0.0,0.0,0.0,0.0,2
160.0,2.0,0.5998980192601342,0.0,0.0,0.0,0.0,0.0,8.0,1.0,-1.000088900581841e-12,0.0,6.0,21.25,0.0,0.0,0.0,0.0,18.0,1504.0,8.0,13,1,0.6040703052728955,257.3473657659363,530.5,0.0,0.0,0.0,0.0,2
706.0,6.0,1.1777711748480149,0.0,0.0,0.0,0.0,0.0,54.0,5.0,1.3213272977214228,0.0,0.0,30.4,0.0,8.0,0.0,0.0,24.0,2184.0,18.0,13,1,0.6040703052728955,272.6976347532187,569.0,0.0,0.0,0.0,0.0,2
696.0,7.0,0.9192135499004032,0.0,0.0,0.0,0.0,0.0,388.0,7.0,1.1307460082611964,0.0,0.0,39.56666666666667,0.0,0.0,0.0,0.0,32.0,1118.0,26.0,14,1,0.6040703052728955,270.3645686845817,565.5,0.0,0.0,0.0,0.0,2
660.0,1.0,-1.000088900581841e-12,0.0,0.0,0.0,0.0,0.0,32.0,2.0,0.5623351446168083,0.0,0.0,83.43333333333334,0.0,0.0,0.0,0.0,0.0,0.0,0.0,16,1,0.6040703052728955,17.511900715415667,686.0,0.0,0.0,0.0,0.0,1
138.0,1.0,-1.000088900581841e-12,0.0,0.0,0.0,0.0,0.0,20.0,1.0,-1.000088900581841e-12,0.0,0.0,98.96666666666668,0.0,0.0,0.0,0.0,0.0,0.0,0.0,17,1,0.6040703052728955,273.17637770007354,547.0,0.0,0.0,0.0,0.0,1
224.0,3.0,0.4965261553754041,0.0,0.0,0.0,0.0,0.0,16.0,3.0,1.039720770836918,0.0,0.0,100.0,0.0,0.0,0.0,0.0,16.0,242.0,6.0,17,1,0.6040703052728955,288.2331232411245,428.5,0.0,0.0,0.0,0.0,2
702.0,3.0,0.6677496879342015,0.0,0.0,0.0,0.0,0.0,6.0,1.0,-1.000088900581841e-12,0.0,0.0,99.1,0.0,0.0,0.0,0.0,24.0,2298.0,16.0,18,1,0.6040703052728955,291.3073977776738,431.0,0.0,0.0,0.0,0.0,2
712.0,4.0,0.7593016112968877,0.0,0.0,0.0,0.0,0.0,42.0,3.0,0.6189407438539727,0.0,0.0,95.94444444444444,0.0,0.0,0.0,0.0,12.0,2790.0,4.0,18,1,0.6040703052728955,305.736269792556,444.0,0.0,0.0,0.0,0.0,2
710.0,4.0,0.8172357135941815,0.0,0.0,0.0,0.0,0.0,54.0,4.0,0.8520194193587021,0.0,0.0,93.1875,0.0,0.0,0.0,0.0,24.0,490.0,6.0,19,1,0.6040703052728955,242.03856442035547,587.0,0.0,0.0,0.0,0.0,2
564.0,4.0,0.3047716438191487,0.0,0.0,0.0,0.0,0.0,16.0,2.0,0.5623351446168083,0.0,0.0,90.33333333333331,0.0,0.0,0.0,0.0,12.0,192.0,6.0,20,1,0.6040703052728955,74.85096303098959,642.0,0.0,0.0,0.0,0.0,2
706.0,6.0,1.3000057511389462,0.0,0.0,0.0,0.0,0.0,46.0,2.0,0.5235863374792598,0.0,0.0,88.375,0.0,0.0,0.0,0.0,42.0,5120.0,22.0,21,0,0.6040703052728955,73.65686209263355,641.0,0.0,0.0,0.0,0.0,2
702.0,4.0,0.3476078760190153,0.0,0.0,0.0,0.0,0.0,42.0,4.0,1.2347837568760702,0.0,0.0,86.25,0.0,0.0,0.0,0.0,28.0,1204.0,18.0,21,0,0.6040703052728955,73.65686209263355,641.0,0.0,0.0,0.0,0.0,1
686.0,1.0,-1.000088900581841e-12,0.0,0.0,0.0,0.0,0.0,0.0,0.0,0.0,0.0,0.0,85.0,0.0,0.0,0.0,0.0,0.0,0.0,0.0,22,0,0.6040703052728955,67.55491593264378,664.5,0.0,0.0,0.0,0.0,2
708.0,6.0,1.4035974677585472,0.0,0.0,0.0,0.0,0.0,62.0,3.0,1.0269445292349728,0.0,0.0,83.33333333333333,0.0,0.0,0.0,0.0,54.0,2006.0,28.0,22,0,0.6040703052728955,9.98331942124304,700.5,0.0,0.0,0.0,0.0,2
698.0,2.0,0.0352954379520603,0.0,0.0,0.0,0.0,0.0,12.0,2.0,0.6365141682928128,0.0,0.0,82.0,0.0,0.0,0.0,0.0,14.0,28.0,12.0,23,0,0.6040703052728955,9.29157324317228,698.5,0.0,0.0,0.0,0.0,2
56.0,1.0,-1.000088900581841e-12,0.0,0.0,0.0,0.0,0.0,0.0,0.0,0.0,0.0,0.0,0.0,0.0,0.0,0.0,0.0,0.0,0.0,0.0,23,0,0.6040703052728955,320.79276799828256,537.0,0.0,0.0,0.0,0.0,2
716.0,8.0,1.840625615529345,0.0,0.0,0.0,0.0,0.0,502.0,4.0,0.3361657793599183,0.0,0.0,78.85,0.0,0.0,0.0,0.0,6.0,970.0,6.0,9,1,0.6040703052728955,369.68635354851807,387.0,0.0,0.0,0.0,0.0,2
710.0,4.0,1.029064886437473,0.0,0.0,0.0,0.0,0.0,282.0,2.0,0.1029666604634124,0.0,0.0,75.72222222222223,0.0,0.0,0.0,0.0,2.0,484.0,2.0,10,1,0.6040703052728955,373.0844408441605,390.0,0.0,0.0,0.0,0.0,2
714.0,7.0,1.3799960141903762,0.0,0.0,0.0,0.0,0.0,140.0,5.0,1.0069190523276783,0.0,0.0,71.5,0.0,0.0,0.0,0.0,10.0,994.0,10.0,10,1,0.6040703052728955,317.6764601498406,554.5,0.0,0.0,0.0,0.0,2
716.0,6.0,1.3639006163443466,0.0,0.0,0.0,0.0,0.0,158.0,4.0,0.589667986996577,0.0,0.0,67.21739130434783,0.0,0.0,0.0,0.0,4.0,796.0,4.0,11,1,0.6040703052728955,2.8284271247301795,714.0,0.0,0.0,0.0,0.0,2
710.0,5.0,1.059553366613032,0.0,0.0,0.0,0.0,0.0,128.0,4.0,0.5460220916026065,0.0,0.0,63.588235294117645,0.0,0.0,0.0,0.0,4.0,494.0,4.0,11,1,0.6040703052728955,2.9999999999849143,712.5,0.0,0.0,0.0,0.0,2
710.0,2.0,0.6255889070947889,0.0,0.0,0.0,0.0,0.0,48.0,5.0,1.4241299173417736,0.0,0.0,59.54545454545455,0.0,0.0,0.0,0.0,2.0,22.0,2.0,12,1,0.6040703052728955,2.9999999999849143,712.5,0.0,0.0,0.0,0.0,2
708.0,4.0,0.4424514181405105,0.0,0.0,0.0,0.0,0.0,24.0,2.0,0.4505612088643047,0.0,0.0,57.625,0.0,0.0,0.0,0.0,2.0,212.0,2.0,12,1,0.6040703052728955,3.46410161512469,711.0,0.0,0.0,0.0,0.0,2
712.0,7.0,1.2733967493149214,0.0,0.0,0.0,0.0,0.0,30.0,3.0,1.0851886129646506,0.0,0.0,55.0,0.0,0.0,0.0,0.0,6.0,1054.0,6.0,13,1,0.6040703052728955,1.6329931618277496,710.0,0.0,0.0,0.0,0.0,2
708.0,5.0,0.9632262923676091,0.0,0.0,0.0,0.0,0.0,158.0,3.0,0.675440204434417,0.0,0.0,52.25,0.0,0.0,0.0,0.0,16.0,718.0,16.0,13,1,0.6040703052728955,1.9148542154890515,709.5,0.0,0.0,0.0,0.0,2
714.0,9.0,1.7269338646836083,0.0,0.0,0.0,0.0,0.0,274.0,5.0,0.7461670418812724,0.0,0.0,48.75,0.0,0.0,0.0,0.0,8.0,2306.0,8.0,14,1,0.6040703052728955,2.9999999999849143,710.5,0.0,0.0,0.0,0.0,2
704.0,4.0,0.2545764522529402,0.0,0.0,0.0,0.0,0.0,176.0,4.0,0.7592050153528097,0.0,0.0,35.333333333333336,0.0,0.0,0.0,0.0,12.0,80.0,12.0,16,1,0.6040703052728955,2.8284271247301995,708.0,0.0,0.0,0.0,0.0,2
708.0,1.0,-1.000088900581841e-12,0.0,0.0,0.0,0.0,0.0,26.0,1.0,-1.000088900581841e-12,0.0,0.0,34.0,0.0,0.0,0.0,0.0,0.0,0.0,0.0,17,1,0.6040703052728955,2.516611478405615,707.5,0.0,0.0,0.0,0.0,2
672.0,4.0,1.0527408579002169,0.0,0.0,0.0,0.0,0.0,108.0,3.0,0.3548290085631213,0.0,0.0,31.8,0.0,0.0,0.0,0.0,4.0,1962.0,4.0,17,1,0.6040703052728955,17.84189825476099,698.5,0.0,0.0,0.0,0.0,2
712.0,6.0,1.030458877159096,0.0,0.0,0.0,0.0,0.0,62.0,4.0,1.2005424134152425,0.0,0.0,28.53846153846154,0.0,0.0,0.0,0.0,32.0,1912.0,16.0,18,1,0.6040703052728955,18.29389697868053,699.0,0.0,0.0,0.0,0.0,2
712.0,4.0,0.7677095832361492,0.0,0.0,0.0,0.0,0.0,34.0,2.0,0.6774944044467073,0.0,0.0,25.615384615384617,0.0,0.0,0.0,0.0,46.0,944.0,24.0,18,1,0.6040703052728955,19.425069712442298,701.0,0.0,0.0,0.0,0.0,2
710.0,3.0,0.72518481523161,0.0,0.0,0.0,0.0,0.0,54.0,2.0,0.6365141682928128,0.0,0.0,22.2,0.0,0.0,0.0,0.0,50.0,416.0,22.0,19,1,0.6040703052728955,19.68925256749419,701.5,0.0,0.0,0.0,0.0,3
712.0,3.0,0.4134878183846849,0.0,0.0,0.0,0.0,0.0,86.0,2.0,0.2530369754459396,0.0,0.0,19.142857142857142,0.0,0.0,0.0,0.0,20.0,600.0,8.0,19,1,0.6040703052728955,0.999999999954762,711.5,0.0,0.0,0.0,0.0,2
544.0,4.0,0.7550311704210091,0.0,0.0,0.0,0.0,0.0,46.0,3.0,0.9724399117131488,0.0,8.0,17.25,0.0,0.0,0.0,0.0,40.0,2554.0,20.0,20,1,0.6040703052728955,83.67197858303527,669.5,0.0,0.0,0.0,0.0,2
458.0,5.0,0.5460229420478778,0.0,0.0,0.0,0.0,0.0,134.0,5.0,1.131619026656972,0.0,0.0,24.473684210526315,0.0,0.0,0.0,0.0,0.0,1926.0,0.0,20,1,0.6040703052728955,126.2273081917429,606.0,0.0,0.0,0.0,0.0,2
704.0,4.0,0.6451405891284324,0.0,0.0,0.0,0.0,0.0,60.0,4.0,1.2357414870397705,0.0,0.0,37.9,0.0,0.0,0.0,0.0,20.0,1694.0,8.0,21,0,0.6040703052728955,124.60470831125625,604.5,0.0,0.0,0.0,0.0,2
708.0,4.0,0.2385629586064408,0.0,0.0,0.0,0.0,0.0,76.0,5.0,1.4092352119167264,0.0,0.0,52.1,0.0,0.0,0.0,0.0,20.0,106.0,12.0,21,0,0.6040703052728955,123.46524477222964,603.5,0.0,0.0,0.0,0.0,2
708.0,2.0,0.3163054541177728,0.0,0.0,0.0,0.0,0.0,36.0,4.0,0.7607552592403029,0.0,0.0,65.93333333333334,0.0,0.0,0.0,0.0,0.0,402.0,0.0,22,0,0.6040703052728955,124.3476309920428,644.5,0.0,0.0,0.0,0.0,2
708.0,4.0,0.4088807771980877,0.0,0.0,0.0,0.0,0.0,52.0,5.0,1.334907286627454,0.0,0.0,79.46666666666667,0.0,0.0,0.0,0.0,10.0,796.0,6.0,22,0,0.6040703052728955,1.9999999999779727,707.0,0.0,0.0,0.0,0.0,2
708.0,1.0,-1.000088900581841e-12,0.0,0.0,0.0,0.0,0.0,38.0,2.0,0.5146531654269293,0.0,0.0,93.06666666666666,0.0,0.0,0.0,0.0,0.0,0.0,0.0,23,0,0.6040703052728955,0.0,708.0,0.0,0.0,0.0,0.0,2
300.0,4.0,0.4527186359564515,0.0,0.0,0.0,0.0,0.0,6.0,2.0,0.6365141682928128,0.0,0.0,100.0,0.0,0.0,0.0,0.0,20.0,310.0,6.0,23,0,0.6040703052728955,203.99999999999977,606.0,0.0,0.0,0.0,0.0,2
716.0,8.0,1.339027518820854,0.0,0.0,0.0,0.0,0.0,4.0,1.0,-1.000088900581841e-12,0.0,0.0,96.0,0.0,0.0,0.0,0.0,2.0,1212.0,2.0,10,1,0.6040703052728955,265.7316942581995,484.0,0.0,0.0,0.0,0.0,2
712.0,4.0,0.8729951660926705,0.0,0.0,0.0,0.0,0.0,80.0,3.0,0.5832353581389929,0.0,0.0,94.06666666666666,0.0,0.0,0.0,0.0,4.0,436.0,4.0,10,1,0.6040703052728955,266.8607626959546,485.0,0.0,0.0,0.0,0.0,2
706.0,2.0,0.1757874175834398,0.0,0.0,0.0,0.0,0.0,168.0,2.0,0.1125159341176393,0.0,0.0,93.0,0.0,0.0,0.0,0.0,2.0,76.0,2.0,11,1,0.6040703052728955,249.7004872508928,586.5,0.0,0.0,0.0,0.0,2
712.0,5.0,0.8422247912417091,0.0,0.0,0.0,0.0,0.0,66.0,5.0,1.3919274220695317,0.0,0.0,91.4,0.0,0.0,0.0,0.0,6.0,1020.0,6.0,11,1,0.6040703052728955,4.123105625606679,711.5,0.0,0.0,0.0,0.0,2
712.0,6.0,0.803643757869212,0.0,0.0,0.0,0.0,0.0,20.0,3.0,0.9433483923260392,0.0,0.0,88.9090909090909,0.0,0.0,0.0,0.0,4.0,358.0,4.0,12,1,0.6040703052728955,2.999999999984908,710.5,0.0,0.0,0.0,0.0,2
708.0,3.0,0.142736018127928,0.0,0.0,0.0,0.0,0.0,16.0,3.0,0.7356219397557947,0.0,0.0,87.66666666666667,0.0,0.0,0.0,0.0,2.0,32.0,2.0,12,1,0.6040703052728955,2.999999999984908,709.5,0.0,0.0,0.0,0.0,1
714.0,7.0,1.3550298925590365,0.0,0.0,0.0,0.0,0.0,98.0,5.0,0.9781297128566294,0.0,0.0,84.85714285714286,0.0,0.0,0.0,0.0,2.0,1072.0,2.0,13,1,0.6040703052728955,2.516611478405608,711.5,0.0,0.0,0.0,0.0,2
718.0,9.0,0.891649030022546,0.0,0.0,0.0,0.0,0.0,124.0,2.0,0.1425058673907378,0.0,0.0,80.5,0.0,0.0,0.0,0.0,0.0,1380.0,0.0,13,1,0.6040703052728955,4.163331998921393,713.0,0.0,0.0,0.0,0.0,2
712.0,3.0,0.8861010162159275,0.0,0.0,0.0,0.0,0.0,956.0,4.0,0.2189618218947926,0.0,0.0,75.29411764705883,0.0,0.0,0.0,0.0,8.0,562.0,8.0,14,1,0.6040703052728955,4.163331998921393,713.0,0.0,0.0,0.0,0.0,2
718.0,7.0,1.4882410302838818,0.0,0.0,0.0,0.0,0.0,138.0,3.0,0.6429555721798692,0.0,0.0,70.0,0.0,0.0,0.0,0.0,8.0,1922.0,8.0,14,1,0.6040703052728955,2.999999999984927,715.5,0.0,0.0,0.0,0.0,2
712.0,5.0,1.174681557926798,0.0,0.0,0.0,0.0,0.0,384.0,4.0,0.2595481517214077,0.0,0.0,64.8,0.0,0.0,0.0,0.0,2.0,596.0,2.0,15,1,0.6040703052728955,3.464101615124701,715.0,0.0,0.0,0.0,0.0,1
708.0,3.0,0.6445845822929994,0.0,0.0,0.0,0.0,0.0,22.0,2.0,0.6890092384746587,0.0,0.0,60.21428571428572,0.0,0.0,0.0,0.0,8.0,60.0,4.0,15,1,0.6040703052728955,4.123105625606693,712.5,0.0,0.0,0.0,0.0,1
706.0,1.0,-1.000088900581841e-12,0.0,0.0,0.0,0.0,0.0,18.0,2.0,0.3488320958410319,0.0,0.0,57.0,0.0,0.0,0.0,0.0,0.0,0.0,0.0,16,1,0.6040703052728955,5.29150262212063,711.0,0.0,0.0,0.0,0.0,2
444.0,1.0,-1.000088900581841e-12,0.0,0.0,0.0,0.0,0.0,40.0,1.0,-1.000088900581841e-12,0.0,0.0,55.333333333333336,2.0,0.0,0.0,0.0,0.0,0.0,0.0,16,1,0.6040703052728955,132.35684090115342,642.5,0.0,0.0,0.0,0.0,2
538.0,7.0,1.0729215459976649,0.0,0.0,0.0,0.0,0.0,256.0,6.0,0.7654660348153928,0.0,0.0,53.44444444444444,0.0,0.0,0.0,0.0,14.0,282.0,14.0,17,1,0.6040703052728955,130.48116083685508,599.0,0.0,0.0,0.0,0.0,2
706.0,6.0,0.6346391241275633,0.0,0.0,0.0,0.0,0.0,84.0,2.0,0.4505612088643047,0.0,0.0,50.833333333333336,0.0,0.0,0.0,0.0,8.0,164.0,8.0,17,1,0.6040703052728955,129.92690252599692,598.5,0.0,0.0,0.0,0.0,2
712.0,6.0,1.2815427320735977,0.0,0.0,0.0,0.0,0.0,350.0,3.0,0.2114041576343064,0.0,0.0,48.0,0.0,0.0,0.0,0.0,6.0,1114.0,6.0,18,1,0.6040703052728955,131.60547101089645,600.0,0.0,0.0,0.0,0.0,2
718.0,3.0,0.4301118164854653,0.0,0.0,0.0,0.0,0.0,82.0,3.0,0.6660124917997491,0.0,0.0,42.333333333333336,0.0,0.0,0.0,0.0,2.0,1032.0,2.0,18,1,0.6040703052728955,87.1378218685773,668.5,0.0,0.0,0.0,0.0,2
706.0,3.0,0.3020349002677993,0.0,0.0,0.0,0.0,0.0,44.0,2.0,0.4741393130558373,0.0,0.0,39.5,0.0,0.0,0.0,0.0,6.0,128.0,4.0,19,1,0.6040703052728955,5.744562646530218,710.5,0.0,0.0,0.0,0.0,2
706.0,3.0,0.7260867416610333,0.0,0.0,0.0,0.0,0.0,98.0,3.0,0.4497166903438994,0.0,0.0,38.16666666666666,0.0,0.0,0.0,0.0,2.0,28.0,2.0,19,1,0.6040703052728955,5.744562646530218,710.5,0.0,0.0,0.0,0.0,2
710.0,4.0,0.7201855878429,0.0,0.0,0.0,0.0,0.0,10.0,2.0,0.5004024235361879,0.0,0.0,35.22222222222222,0.0,0.0,0.0,0.0,2.0,356.0,2.0,21,0,0.6040703052728955,124.3476309920428,646.5,0.0,0.0,0.0,0.0,2
706.0,6.0,0.7510611187155634,0.0,0.0,0.0,0.0,0.0,90.0,4.0,0.7393391751267744,0.0,0.0,32.6,0.0,0.0,0.0,0.0,6.0,300.0,4.0,21,0,0.6040703052728955,124.3476309920428,646.5,0.0,0.0,0.0,0.0,2
708.0,4.0,0.7745905131313678,0.0,0.0,0.0,0.0,0.0,180.0,4.0,0.5550778888627061,0.0,0.0,30.416666666666668,0.0,0.0,0.0,0.0,4.0,666.0,4.0,22,0,0.6040703052728955,124.01075222200122,646.0,0.0,0.0,0.0,0.0,2
708.0,2.0,0.0348775115169437,0.0,0.0,0.0,0.0,0.0,34.0,3.0,0.803742107313203,0.0,0.0,28.5,0.0,0.0,0.0,0.0,2.0,16.0,2.0,22,0,0.6040703052728955,1.6329931618287183,708.0,0.0,0.0,0.0,0.0,2
708.0,5.0,0.8200573429872657,0.0,0.0,0.0,0.0,0.0,46.0,4.0,1.2025488641149251,0.0,0.0,26.357142857142858,0.0,0.0,0.0,0.0,10.0,960.0,10.0,23,0,0.6040703052728955,0.9999999999563536,707.5,0.0,0.0,0.0,0.0,2
710.0,7.0,1.332135895107899,0.0,0.0,0.0,0.0,0.0,24.0,2.0,0.6365141682928128,0.0,0.0,23.142857142857142,0.0,0.0,0.0,0.0,10.0,1010.0,8.0,23,0,0.6040703052728955,0.9999999999563536,708.5,0.0,0.0,0.0,0.0,2
716.0,4.0,0.8392447330708233,0.0,0.0,0.0,0.0,0.0,18.0,3.0,1.0608569471550215,2.0,6.0,20.2,0.0,0.0,6.0,4.0,6.0,264.0,2.0,0,0,0.6040703052728955,3.785938897188664,710.5,0.0,0.0,0.0,0.0,2
698.0,4.0,1.090107551316657,0.0,0.0,0.0,0.0,0.0,116.0,7.0,1.4103594663541963,0.0,0.0,98.375,6.0,4.0,0.0,0.0,18.0,962.0,16.0,8,1,0.6040703052728955,333.3666650001665,472.0,0.0,0.0,0.0,0.0,2
714.0,4.0,0.5788280378545182,0.0,0.0,0.0,0.0,0.0,24.0,2.0,0.6365141682928128,0.0,0.0,94.65217391304348,0.0,0.0,0.0,0.0,14.0,182.0,10.0,9,1,0.6040703052728955,117.94207617866162,650.5,0.0,0.0,0.0,0.0,2
710.0,5.0,1.2619653917541724,0.0,0.0,0.0,0.0,0.0,110.0,4.0,1.1356778444638669,0.0,0.0,92.2,0.0,0.0,0.0,0.0,56.0,3572.0,36.0,9,1,0.6040703052728955,8.06225774829143,709.5,0.0,0.0,0.0,0.0,2
716.0,5.0,0.4996270200589576,0.0,0.0,0.0,0.0,0.0,12.0,2.0,0.6365141682928128,0.0,0.0,88.55555555555556,0.0,0.0,0.0,0.0,20.0,642.0,10.0,10,1,0.6040703052728955,8.06225774829143,709.5,0.0,0.0,0.0,0.0,2
716.0,1.0,-1.000088900581841e-12,0.0,0.0,0.0,0.0,0.0,6.0,2.0,0.6365141682928128,0.0,0.0,84.72,0.0,0.0,0.0,0.0,10.0,270.0,10.0,10,1,0.6040703052728955,2.828427124725865,714.0,0.0,0.0,0.0,0.0,2
716.0,4.0,0.9894139233824496,0.0,0.0,0.0,0.0,0.0,46.0,4.0,0.9368779699251144,0.0,0.0,81.30434782608695,0.0,0.0,0.0,0.0,0.0,678.0,0.0,11,1,0.6040703052728955,2.9999999999808376,714.5,0.0,0.0,0.0,0.0,2
704.0,1.0,-1.000088900581841e-12,0.0,0.0,0.0,0.0,0.0,66.0,2.0,0.2286318735808613,0.0,0.0,78.83333333333333,0.0,0.0,0.0,0.0,0.0,0.0,0.0,11,1,0.6040703052728955,5.999999999990419,713.0,0.0,0.0,0.0,0.0,2
708.0,3.0,0.3987169663424896,0.0,0.0,0.0,0.0,0.0,36.0,4.0,1.2283103521568823,0.0,0.0,77.71428571428571,0.0,0.0,0.0,0.0,20.0,984.0,10.0,12,1,0.6040703052728955,5.999999999990419,711.0,0.0,0.0,0.0,0.0,2
706.0,2.0,0.0194477345218629,0.0,0.0,0.0,0.0,0.0,10.0,3.0,1.054920167983144,0.0,0.0,76.33333333333333,0.0,0.0,0.0,0.0,10.0,6.0,4.0,12,1,0.6040703052728955,5.259911279342246,708.5,0.0,0.0,0.0,0.0,2
714.0,4.0,0.6982501010870874,0.0,0.0,0.0,0.0,0.0,42.0,6.0,1.6872935374613247,0.0,0.0,74.375,0.0,0.0,0.0,0.0,20.0,1364.0,14.0,13,1,0.6040703052728955,4.320493798925279,708.0,0.0,0.0,0.0,0.0,2
712.0,4.0,0.9486046296404872,0.0,0.0,0.0,0.0,0.0,80.0,3.0,0.3141230258870314,0.0,0.0,71.41176470588235,0.0,0.0,0.0,0.0,20.0,2168.0,8.0,13,1,0.6040703052728955,3.6514837166853664,710.0,0.0,0.0,0.0,0.0,2
714.0,7.0,1.4243252870327083,0.0,0.0,0.0,0.0,0.0,36.0,4.0,1.1858203126248676,0.0,0.0,67.8695652173913,0.0,0.0,0.0,0.0,0.0,1890.0,0.0,14,1,0.6040703052728955,3.785938897185008,711.5,0.0,0.0,0.0,0.0,2
714.0,1.0,-1.000088900581841e-12,0.0,0.0,0.0,0.0,0.0,0.0,0.0,0.0,0.0,0.0,64.66666666666667,0.0,0.0,0.0,0.0,0.0,0.0,0.0,14,1,0.6040703052728955,0.9999999999425124,713.5,0.0,0.0,0.0,0.0,1
624.0,3.0,0.5282998657483755,0.0,0.0,0.0,0.0,0.0,2.0,1.0,-1.000088900581841e-12,0.0,0.0,61.333333333333336,10.0,0.0,0.0,0.0,10.0,732.0,4.0,15,1,0.6040703052728955,44.67661580737607,691.0,0.0,0.0,0.0,0.0,2
702.0,4.0,0.5628088671283032,0.0,0.0,0.0,0.0,0.0,46.0,2.0,0.6145033203087282,0.0,0.0,58.6,0.0,0.0,0.0,0.0,50.0,2014.0,18.0,15,1,0.6040703052728955,43.37049688440156,688.5,0.0,0.0,0.0,0.0,2
704.0,4.0,0.247916904064863,0.0,0.0,0.0,0.0,0.0,40.0,3.0,0.9433483923260392,0.0,0.0,56.0,0.0,0.0,0.0,0.0,50.0,210.0,34.0,16,1,0.6040703052728955,41.66533331199795,686.0,0.0,0.0,0.0,0.0,2
702.0,3.0,0.4153170121774196,0.0,0.0,0.0,0.0,0.0,4.0,1.0,-1.000088900581841e-12,0.0,0.0,53.85714285714285,0.0,0.0,0.0,0.0,20.0,204.0,8.0,16,1,0.6040703052728955,39.34463114581055,683.0,0.0,0.0,0.0,0.0,2
712.0,5.0,0.940252127050944,0.0,0.0,0.0,0.0,0.0,18.0,2.0,0.5297061990556545,0.0,0.0,51.333333333333336,0.0,0.0,0.0,0.0,50.0,1366.0,24.0,17,1,0.6040703052728955,4.760952285683282,705.0,0.0,0.0,0.0,0.0,2
704.0,2.0,0.0621776517154248,0.0,0.0,0.0,0.0,0.0,10.0,2.0,0.6730116670072565,0.0,0.0,48.75,0.0,0.0,0.0,0.0,20.0,106.0,4.0,17,1,0.6040703052728955,4.43471156520386,705.5,0.0,0.0,0.0,0.0,2
708.0,1.0,-1.000088900581841e-12,0.0,0.0,0.0,0.0,0.0,20.0,1.0,-1.000088900581841e-12,0.0,0.0,47.833333333333336,0.0,0.0,0.0,0.0,0.0,0.0,0.0,18,1,0.6040703052728955,4.43471156520386,706.5,0.0,0.0,0.0,0.0,1
498.0,1.0,-1.000088900581841e-12,0.0,0.0,0.0,0.0,0.0,18.0,2.0,0.6869615765953234,0.0,0.0,46.16666666666666,8.0,0.0,0.0,0.0,0.0,0.0,0.0,18,1,0.6040703052728955,105.05078137104242,655.5,0.0,0.0,0.0,0.0,2
434.0,3.0,0.5193474830478988,0.0,0.0,0.0,0.0,0.0,26.0,3.0,1.0123308391001735,0.0,0.0,44.55555555555556,0.0,0.0,0.0,0.0,10.0,564.0,2.0,19,1,0.6040703052728955,141.01536559302045,586.0,0.0,0.0,0.0,0.0,2
710.0,3.0,0.105027592917809,0.0,0.0,0.0,0.0,0.0,8.0,2.0,0.6931471805579453,0.0,0.0,43.833333333333336,0.0,0.0,0.0,0.0,10.0,72.0,4.0,19,1,0.6040703052728955,142.71066299801572,587.5,0.0,0.0,0.0,0.0,2
714.0,5.0,1.0512100829394868,0.0,0.0,0.0,0.0,0.0,20.0,2.0,0.6931471805579453,0.0,0.0,40.78260869565217,0.0,0.0,0.0,0.0,30.0,3234.0,12.0,20,1,0.6040703052728955,144.42068180608072,589.0,0.0,0.0,0.0,0.0,2
714.0,9.0,1.275354683308857,0.0,0.0,0.0,0.0,0.0,20.0,2.0,0.6730116670072565,0.0,0.0,36.85,0.0,0.0,0.0,0.0,20.0,2302.0,6.0,20,1,0.6040703052728955,139.34609191984256,643.0,0.0,0.0,0.0,0.0,2
708.0,3.0,0.6850578034207306,0.0,0.0,0.0,0.0,0.0,12.0,2.0,0.4505612088643047,0.0,0.0,33.333333333333336,0.0,0.0,0.0,0.0,0.0,582.0,0.0,21,0,0.6040703052728955,2.999999999980455,711.5,0.0,0.0,0.0,0.0,2
718.0,6.0,1.184722009215604,0.0,0.0,0.0,0.0,0.0,84.0,3.0,0.7865440330888132,0.0,0.0,28.655172413793103,0.0,0.0,0.0,0.0,10.0,4032.0,4.0,21,0,0.6040703052728955,4.12310562560344,713.5,0.0,0.0,0.0,0.0,2
714.0,5.0,1.3918042571454368,0.0,0.0,0.0,0.0,0.0,714.0,6.0,0.7363381529398814,0.0,0.0,23.476190476190474,0.0,0.0,0.0,0.0,30.0,2910.0,14.0,22,0,0.6040703052728955,4.12310562560344,713.5,0.0,0.0,0.0,0.0,2
710.0,6.0,0.536553297579409,0.0,0.0,0.0,0.0,0.0,10.0,2.0,0.6730116670072565,0.0,0.0,19.75,0.0,0.0,0.0,0.0,10.0,448.0,8.0,22,0,0.6040703052728955,4.4347115652034725,712.5,0.0,0.0,0.0,0.0,2
708.0,2.0,0.0618907506637226,0.0,0.0,0.0,0.0,0.0,44.0,4.0,1.2579577240355604,2.0,10.0,21.0,0.0,0.0,8.0,10.0,20.0,78.0,10.0,23,0,0.6040703052728955,4.4347115652034725,712.5,0.0,0.0,0.0,0.0,2
702.0,1.0,-1.000088900581841e-12,0.0,0.0,0.0,0.0,0.0,24.0,1.0,-1.000088900581841e-12,0.0,0.0,96.0,0.0,0.0,0.0,0.0,0.0,0.0,0.0,8,1,0.6040703052728955,334.2628706073508,490.5,0.0,0.0,0.0,0.0,2
530.0,1.0,-1.000088900581841e-12,0.0,0.0,0.0,0.0,0.0,74.0,2.0,0.1242508373876309,0.0,0.0,95.16666666666669,10.0,0.0,0.0,0.0,0.0,0.0,0.0,9,1,0.6040703052728955,92.9874543509314,623.0,0.0,0.0,0.0,0.0,2
86.0,4.0,1.1609389344005094,0.0,0.0,0.0,0.0,0.0,12.0,3.0,1.0114042647043515,0.0,0.0,93.75,0.0,0.0,0.0,0.0,10.0,330.0,10.0,9,1,0.6040703052728955,291.3159796509623,505.5,0.0,0.0,0.0,0.0,2
704.0,3.0,0.1384030697103331,0.0,0.0,0.0,0.0,0.0,72.0,2.0,0.1269305453394023,0.0,0.0,92.0,0.0,0.0,0.0,0.0,10.0,110.0,8.0,10,1,0.6040703052728955,291.3159796509623,505.5,0.0,0.0,0.0,0.0,2
700.0,1.0,-1.000088900581841e-12,0.0,0.0,0.0,0.0,0.0,28.0,3.0,0.5091373440796869,0.0,0.0,90.16666666666669,0.0,0.0,0.0,0.0,0.0,0.0,0.0,10,1,0.6040703052728955,290.8676675053449,505.0,0.0,0.0,0.0,0.0,2
708.0,4.0,0.2420373833457144,0.0,0.0,0.0,0.0,0.0,16.0,3.0,0.9002560512655369,0.0,0.0,87.16666666666667,0.0,0.0,0.0,0.0,20.0,160.0,6.0,11,1,0.6040703052728955,309.01725949640183,549.5,0.0,0.0,0.0,0.0,2
702.0,1.0,-1.000088900581841e-12,0.0,0.0,0.0,0.0,0.0,38.0,2.0,0.2061920506312318,0.0,0.0,85.5,0.0,0.0,0.0,0.0,0.0,0.0,0.0,11,1,0.6040703052728955,3.4156502553028245,703.5,0.0,0.0,0.0,0.0,2
698.0,5.0,0.5064706128484584,0.0,0.0,0.0,0.0,0.0,202.0,4.0,0.7746347028630738,0.0,0.0,83.85714285714286,0.0,0.0,0.0,0.0,70.0,2160.0,32.0,12,1,0.6040703052728955,4.320493798925107,702.0,0.0,0.0,0.0,0.0,2
712.0,5.0,0.8236713797426852,0.0,0.0,0.0,0.0,0.0,36.0,2.0,0.5297061990556545,0.0,0.0,81.9,0.0,0.0,0.0,0.0,20.0,2000.0,12.0,12,1,0.6040703052728955,6.218252702049862,705.0,0.0,0.0,0.0,0.0,2
706.0,3.0,0.5652839571355991,0.0,0.0,0.0,0.0,0.0,12.0,2.0,0.6931471805579453,0.0,0.0,79.7,0.0,0.0,0.0,0.0,10.0,336.0,6.0,13,1,0.6040703052728955,5.972157622379907,704.5,0.0,0.0,0.0,0.0,2
710.0,4.0,0.8351697642792747,0.0,0.0,0.0,0.0,0.0,56.0,3.0,0.5091373440796869,0.0,0.0,77.71428571428571,0.0,0.0,0.0,0.0,10.0,2826.0,8.0,13,1,0.6040703052728955,6.1913918736595095,706.5,0.0,0.0,0.0,0.0,1
710.0,4.0,0.8608524495918318,0.0,0.0,0.0,0.0,0.0,58.0,3.0,0.8325712617858918,0.0,0.0,74.64285714285714,0.0,0.0,0.0,0.0,20.0,1142.0,14.0,14,1,0.6040703052728955,2.51661147840045,709.5,0.0,0.0,0.0,0.0,2
706.0,2.0,0.0349602416405353,0.0,0.0,0.0,0.0,0.0,12.0,1.0,-1.000088900581841e-12,0.0,0.0,72.83333333333333,0.0,0.0,0.0,0.0,70.0,24.0,22.0,14,1,0.6040703052728955,2.309401076733282,708.0,0.0,0.0,0.0,0.0,2
712.0,3.0,0.5035417604612986,0.0,0.0,0.0,0.0,0.0,20.0,2.0,0.6730116670072565,0.0,0.0,71.22222222222223,0.0,0.0,0.0,0.0,20.0,612.0,10.0,15,1,0.6040703052728955,2.51661147840045,709.5,0.0,0.0,0.0,0.0,2
710.0,2.0,0.0347952022661661,0.0,0.0,0.0,0.0,0.0,4.0,1.0,-1.000088900581841e-12,0.0,0.0,69.83333333333333,0.0,0.0,0.0,0.0,50.0,36.0,2.0,15,1,0.6040703052728955,2.51661147840045,709.5,0.0,0.0,0.0,0.0,2
706.0,4.0,0.7799545973063219,0.0,0.0,0.0,0.0,0.0,58.0,3.0,1.0333320659461462,0.0,0.0,67.0,0.0,6.0,0.0,0.0,110.0,2306.0,36.0,16,1,0.6040703052728955,2.999999999980601,708.5,0.0,0.0,0.0,0.0,2
704.0,2.0,0.0863062523422877,0.0,0.0,0.0,0.0,0.0,10.0,1.0,-1.000088900581841e-12,0.0,0.0,63.66666666666666,0.0,0.0,0.0,0.0,20.0,0.0,0.0,16,1,0.6040703052728955,3.651483716685172,708.0,0.0,0.0,0.0,0.0,1
710.0,6.0,1.3320110453310534,0.0,0.0,0.0,0.0,0.0,70.0,3.0,1.0717287301992056,0.0,0.0,60.785714285714285,0.0,0.0,0.0,0.0,70.0,1264.0,26.0,17,1,0.6040703052728955,2.999999999980601,707.5,0.0,0.0,0.0,0.0,2
708.0,3.0,0.4095190277935306,0.0,0.0,0.0,0.0,0.0,190.0,2.0,0.3793226784977657,0.0,0.0,57.66666666666666,0.0,0.0,0.0,0.0,80.0,1320.0,36.0,17,1,0.6040703052728955,2.5819888974490675,707.0,0.0,0.0,0.0,0.0,2
700.0,2.0,0.5982695885832573,0.0,0.0,0.0,0.0,0.0,64.0,2.0,0.2337916587044593,0.0,0.0,55.66666666666666,0.0,0.0,0.0,0.0,20.0,100.0,2.0,18,1,0.6040703052728955,4.434711565203571,705.5,0.0,0.0,0.0,0.0,2
700.0,3.0,0.7248135093100534,0.0,0.0,0.0,0.0,0.0,66.0,2.0,0.3693331216436527,0.0,0.0,54.5,0.0,0.0,0.0,0.0,20.0,998.0,8.0,18,1,0.6040703052728955,5.259911279342106,704.5,0.0,0.0,0.0,0.0,2
702.0,4.0,0.3908385189212305,0.0,0.0,0.0,0.0,0.0,42.0,2.0,0.4869127094626022,0.0,0.0,52.57142857142857,0.0,0.0,0.0,0.0,20.0,352.0,12.0,19,1,0.6040703052728955,3.785938897184805,702.5,0.0,0.0,0.0,0.0,1
710.0,4.0,0.5298025010775949,0.0,0.0,0.0,0.0,0.0,24.0,3.0,1.028183859329926,0.0,0.0,50.61538461538461,0.0,0.0,0.0,0.0,60.0,450.0,14.0,19,1,0.6040703052728955,4.760952285683008,703.0,0.0,0.0,0.0,0.0,2
706.0,3.0,0.4023064501262626,0.0,0.0,0.0,0.0,0.0,34.0,2.0,0.605797499370304,0.0,0.0,47.75,0.0,0.0,0.0,0.0,20.0,478.0,12.0,20,1,0.6040703052728955,4.434711565203565,704.5,0.0,0.0,0.0,0.0,2
706.0,3.0,0.6964422377317516,0.0,0.0,0.0,0.0,0.0,8.0,1.0,-1.000088900581841e-12,0.0,0.0,46.44444444444444,0.0,0.0,0.0,0.0,22.0,332.0,12.0,20,1,0.6040703052728955,3.265986323693081,706.0,0.0,0.0,0.0,0.0,3
704.0,1.0,-1.000088900581841e-12,0.0,0.0,0.0,0.0,0.0,0.0,0.0,0.0,0.0,0.0,45.16666666666666,0.0,0.0,0.0,0.0,24.0,0.0,0.0,21,0,0.6040703052728955,2.51661147840045,706.5,0.0,0.0,0.0,0.0,1
706.0,4.0,0.7614055224482306,0.0,0.0,0.0,0.0,0.0,20.0,2.0,0.5004024235361879,0.0,0.0,44.25,0.0,0.0,0.0,0.0,80.0,422.0,28.0,21,0,0.6040703052728955,0.9999999999418018,705.5,0.0,0.0,0.0,0.0,2
706.0,3.0,0.6076516477697677,0.0,0.0,0.0,0.0,0.0,2.0,1.0,-1.000088900581841e-12,0.0,0.0,42.333333333333336,0.0,0.0,0.0,0.0,28.0,2208.0,10.0,22,0,0.6040703052728955,0.9999999999418018,705.5,0.0,0.0,0.0,0.0,2
714.0,5.0,1.1308443726865427,0.0,0.0,0.0,0.0,0.0,72.0,3.0,0.7833831297614562,0.0,0.0,39.2,0.0,0.0,0.0,0.0,32.0,4098.0,12.0,22,0,0.6040703052728955,4.434711565203559,707.5,0.0,0.0,0.0,0.0,2
708.0,5.0,0.5675411391145205,0.0,0.0,0.0,0.0,0.0,40.0,2.0,0.5004024235361879,0.0,0.0,36.44444444444444,0.0,0.0,16.0,18.0,34.0,650.0,20.0,23,0,0.6040703052728955,3.785938897184805,708.5,0.0,0.0,0.0,0.0,1
710.0,3.0,0.6830938677059805,0.0,0.0,0.0,0.0,0.0,10.0,2.0,0.5004024235361879,0.0,0.0,33.333333333333336,0.0,0.0,0.0,0.0,18.0,2120.0,6.0,23,0,0.6040703052728955,3.415650255302816,709.5,0.0,0.0,0.0,0.0,2
710.0,3.0,0.3803583637389857,0.0,0.0,0.0,0.0,0.0,6.0,1.0,-1.000088900581841e-12,0.0,0.0,30.88888888888889,0.0,0.0,0.0,0.0,22.0,246.0,8.0,0,0,0.6040703052728955,2.51661147840045,710.5,0.0,0.0,0.0,0.0,2
712.0,3.0,0.4874462045225698,0.0,0.0,0.0,0.0,0.0,4.0,1.0,-1.000088900581841e-12,4.0,0.0,30.0,0.0,0.0,0.0,0.0,24.0,364.0,14.0,0,0,0.6040703052728955,1.6329931618198072,710.0,0.0,0.0,0.0,0.0,1
714.0,1.0,-1.000088900581841e-12,0.0,0.0,0.0,0.0,0.0,8.0,1.0,-1.000088900581841e-12,0.0,0.0,21.83333333333333,0.0,0.0,0.0,0.0,24.0,0.0,0.0,9,1,0.6040703052728955,357.55652233831023,417.0,0.0,0.0,0.0,0.0,1
716.0,1.0,-1.000088900581841e-12,0.0,0.0,0.0,0.0,0.0,0.0,0.0,0.0,0.0,0.0,21.0,22.0,0.0,0.0,0.0,24.0,0.0,0.0,9,1,0.6040703052728955,238.6685288567945,596.0,0.0,0.0,0.0,0.0,2
498.0,4.0,0.3613393900900834,0.0,0.0,0.0,0.0,0.0,18.0,4.0,1.2730283365856256,0.0,0.0,19.666666666666668,0.0,0.0,0.0,0.0,24.0,334.0,12.0,10,1,0.6040703052728955,108.67075656925012,661.0,0.0,0.0,0.0,0.0,2
706.0,4.0,0.3007633196262945,0.0,0.0,0.0,0.0,0.0,18.0,2.0,0.6365141682928128,0.0,0.0,18.142857142857142,0.0,0.0,0.0,0.0,50.0,258.0,14.0,10,1,0.6040703052728955,107.08719188897685,658.5,0.0,0.0,0.0,0.0,2
704.0,4.0,0.2226584760493596,0.0,0.0,0.0,0.0,0.0,118.0,3.0,0.6194392177602948,0.0,26.0,20.41176470588235,0.0,0.0,0.0,0.0,26.0,422.0,18.0,11,1,0.6040703052728955,105.46405390779624,656.0,0.0,0.0,0.0,0.0,2
688.0,4.0,0.677618610977194,0.0,0.0,0.0,0.0,0.0,420.0,6.0,0.51506287718623,0.0,0.0,33.55172413793103,0.0,0.0,0.0,0.0,26.0,3164.0,16.0,11,1,0.6040703052728955,100.98844818426784,649.0,0.0,0.0,0.0,0.0,2
696.0,1.0,-1.000088900581841e-12,0.0,0.0,0.0,0.0,0.0,386.0,4.0,0.4917129760288566,0.0,0.0,47.66666666666666,0.0,0.0,0.0,0.0,0.0,842.0,0.0,12,1,0.6040703052728955,8.225975119494848,698.5,0.0,0.0,0.0,0.0,2
718.0,4.0,0.1892124170900296,0.0,0.0,0.0,0.0,0.0,30.0,3.0,0.6277052571941504,0.0,0.0,61.36666666666667,0.0,0.0,0.0,0.0,26.0,8004.0,18.0,12,1,0.6040703052728955,12.793227374925698,701.5,0.0,0.0,0.0,0.0,2
706.0,6.0,0.651534523230273,0.0,0.0,0.0,0.0,0.0,110.0,5.0,1.2382851708312057,0.0,26.0,67.94444444444444,0.0,24.0,0.0,0.0,104.0,3100.0,40.0,13,1,0.6040703052728955,12.961481396811154,702.0,0.0,0.0,0.0,0.0,2
718.0,7.0,0.3127033522938304,0.0,0.0,0.0,0.0,0.0,94.0,4.0,0.9243479726221048,0.0,26.0,75.53333333333333,0.0,0.0,0.0,0.0,0.0,2620.0,0.0,13,1,0.6040703052728955,10.630145812729094,709.5,0.0,0.0,0.0,0.0,1
712.0,5.0,0.3196213405593482,0.0,0.0,0.0,0.0,0.0,94.0,3.0,1.0766523190460164,0.0,0.0,86.3,0.0,0.0,0.0,0.0,0.0,3874.0,0.0,14,1,0.6040703052728955,5.74456264652775,713.5,0.0,0.0,0.0,0.0,2
716.0,1.0,-1.000088900581841e-12,0.0,0.0,0.0,0.0,0.0,34.0,2.0,0.6914160776151184,0.0,0.0,97.86666666666666,0.0,0.0,0.0,0.0,0.0,1536.0,0.0,14,1,0.6040703052728955,5.2915026221180215,713.0,0.0,0.0,0.0,0.0,2
708.0,4.0,0.8222405775889385,0.0,0.0,0.0,0.0,0.0,58.0,4.0,1.171585209871759,0.0,0.0,95.45454545454544,0.0,0.0,0.0,0.0,82.0,500.0,28.0,15,1,0.6040703052728955,4.434711565203373,713.5,0.0,0.0,0.0,0.0,2
710.0,2.0,0.0347952022661661,0.0,0.0,0.0,0.0,0.0,20.0,2.0,0.5004024235361879,0.0,0.0,92.83333333333331,0.0,0.0,0.0,0.0,56.0,28.0,20.0,15,1,0.6040703052728955,3.415650255302575,711.5,0.0,0.0,0.0,0.0,3
706.0,3.0,0.4013450335617096,0.0,0.0,0.0,0.0,0.0,18.0,2.0,0.6365141682928128,0.0,0.0,91.0,0.0,0.0,0.0,0.0,112.0,134.0,42.0,16,1,0.6040703052728955,4.32049379892491,710.0,0.0,0.0,0.0,0.0,2
708.0,1.0,-1.000088900581841e-12,0.0,0.0,0.0,0.0,0.0,0.0,0.0,0.0,0.0,0.0,89.5,0.0,0.0,0.0,0.0,0.0,0.0,0.0,16,1,0.6040703052728955,1.6329931618193023,708.0,0.0,0.0,0.0,0.0,2
556.0,4.0,0.1919598490600028,0.0,0.0,0.0,0.0,0.0,42.0,3.0,0.8359373644868986,0.0,0.0,87.75,28.0,0.0,0.0,0.0,88.0,388.0,36.0,17,1,0.6040703052728955,76.0175418352011,670.0,0.0,0.0,0.0,0.0,2
702.0,4.0,0.5160366912901562,0.0,0.0,0.0,0.0,0.0,28.0,2.0,0.6829081046984717,0.0,0.0,85.55555555555556,0.0,0.0,0.0,0.0,102.0,1814.0,48.0,17,1,0.6040703052728955,74.70832171407156,668.0,0.0,0.0,0.0,0.0,2
712.0,7.0,1.3810409952433096,0.0,0.0,0.0,0.0,0.0,60.0,4.0,1.0755243903396552,0.0,0.0,81.31818181818181,0.0,0.0,0.0,0.0,172.0,7226.0,72.0,18,1,0.6040703052728955,75.7781850754768,669.5,0.0,0.0,0.0,0.0,2
706.0,2.0,0.0349602416405353,0.0,0.0,0.0,0.0,0.0,32.0,2.0,0.5623351446168083,0.0,0.0,77.66666666666667,0.0,0.0,0.0,0.0,72.0,52.0,22.0,18,1,0.6040703052728955,75.44534445543928,669.0,0.0,0.0,0.0,0.0,1
698.0,4.0,0.7863104723504213,0.0,0.0,0.0,0.0,0.0,24.0,2.0,0.6365141682928128,0.0,0.0,75.66666666666667,0.0,0.0,0.0,0.0,144.0,1830.0,48.0,19,1,0.6040703052728955,5.972157622379919,704.5,0.0,0.0,0.0,0.0,2
702.0,2.0,0.0351269778519941,0.0,0.0,0.0,0.0,0.0,8.0,2.0,0.6931471805579453,0.0,0.0,73.5,0.0,0.0,0.0,0.0,34.0,30.0,18.0,19,1,0.6040703052728955,5.972157622379919,704.5,0.0,0.0,0.0,0.0,2
710.0,2.0,0.1181943039353916,0.0,0.0,0.0,0.0,0.0,4.0,1.0,-1.000088900581841e-12,0.0,0.0,72.0,0.0,0.0,0.0,0.0,36.0,256.0,8.0,20,1,0.6040703052728955,5.163977794931982,704.0,0.0,0.0,0.0,0.0,2
710.0,1.0,-1.000088900581841e-12,0.0,0.0,0.0,0.0,0.0,0.0,0.0,0.0,0.0,0.0,70.5,0.0,0.0,0.0,0.0,0.0,0.0,0.0,20,1,0.6040703052728955,5.999999999990322,705.0,0.0,0.0,0.0,0.0,1
702.0,2.0,0.1294535292085391,0.0,0.0,0.0,0.0,0.0,8.0,1.0,-1.000088900581841e-12,0.0,0.0,69.0,0.0,0.0,0.0,0.0,72.0,536.0,26.0,21,0,0.6040703052728955,4.618802153504431,706.0,0.0,0.0,0.0,0.0,2
708.0,3.0,0.7430676183443262,0.0,0.0,0.0,0.0,0.0,24.0,2.0,0.6931471805579453,0.0,0.0,67.0,0.0,0.0,0.0,0.0,108.0,452.0,36.0,21,0,0.6040703052728955,3.785938897184833,707.5,0.0,0.0,0.0,0.0,2
710.0,4.0,0.8830252433929314,0.0,0.0,0.0,0.0,0.0,8.0,2.0,0.6931471805579453,0.0,0.0,64.66666666666667,0.0,0.0,0.0,0.0,36.0,678.0,18.0,22,0,0.6040703052728955,3.785938897184833,707.5,0.0,0.0,0.0,0.0,2
708.0,4.0,0.8625545029539833,0.0,0.0,0.0,0.0,0.0,4.0,1.0,-1.000088900581841e-12,0.0,0.0,62.5,0.0,0.0,0.0,0.0,36.0,376.0,8.0,22,0,0.6040703052728955,3.4641016151209763,707.0,0.0,0.0,0.0,0.0,2
716.0,3.0,0.7101095561370632,0.0,0.0,0.0,0.0,0.0,8.0,1.0,-1.000088900581841e-12,0.0,0.0,59.875,0.0,0.0,0.0,0.0,72.0,5536.0,22.0,23,0,0.6040703052728955,3.785938897184848,710.5,0.0,0.0,0.0,0.0,2
712.0,5.0,0.9234075352813068,0.0,0.0,0.0,0.0,0.0,14.0,2.0,0.410116318286409,0.0,0.0,55.23529411764706,0.0,0.0,0.0,0.0,36.0,1874.0,6.0,23,0,0.6040703052728955,3.415650255302864,711.5,0.0,0.0,0.0,0.0,2
716.0,4.0,0.7667883909080968,0.0,0.0,0.0,0.0,0.0,6.0,1.0,-1.000088900581841e-12,2.0,0.0,50.625,0.0,0.0,32.0,34.0,36.0,1086.0,16.0,0,0,0.6040703052728955,3.829708431010188,713.0,0.0,0.0,0.0,0.0,2
354.0,3.0,0.1935127347797083,0.0,0.0,0.0,0.0,0.0,26.0,2.0,0.4293230219286162,0.0,34.0,16.25,0.0,0.0,0.0,0.0,104.0,728.0,40.0,9,1,0.6040703052728955,179.02234497402796,622.5,0.0,0.0,0.0,0.0,2
698.0,1.0,-1.000088900581841e-12,0.0,0.0,0.0,0.0,0.0,22.0,1.0,-1.000088900581841e-12,0.0,0.0,95.16666666666669,0.0,0.0,0.0,0.0,0.0,0.0,0.0,12,1,0.6040703052728955,7.187952884274024,707.5,0.0,0.0,0.0,0.0,3
704.0,6.0,0.6143655126029715,0.0,0.0,0.0,0.0,0.0,16.0,3.0,1.039720770836918,0.0,0.0,98.57142857142856,0.0,0.0,0.0,0.0,76.0,1342.0,44.0,13,1,0.6040703052728955,7.1180521680122055,704.0,0.0,0.0,0.0,0.0,2
716.0,4.0,0.4126835499525215,0.0,0.0,0.0,0.0,0.0,12.0,2.0,0.6365141682928128,0.0,0.0,93.70370370370372,0.0,0.0,0.0,0.0,76.0,15338.0,36.0,14,1,0.6040703052728955,6.806859285544963,706.5,0.0,0.0,0.0,0.0,2
716.0,5.0,0.9678275339553002,0.0,0.0,0.0,0.0,0.0,46.0,3.0,0.8766043020513364,0.0,0.0,83.65517241379311,0.0,0.0,0.0,0.0,40.0,3190.0,18.0,15,1,0.6040703052728955,4.7609522856822615,713.0,0.0,0.0,0.0,0.0,2
718.0,6.0,0.7833666071465886,0.0,0.0,0.0,0.0,0.0,190.0,6.0,1.1319930633276578,0.0,0.0,71.42857142857143,0.0,0.0,0.0,0.0,120.0,5838.0,58.0,16,1,0.6040703052728955,1.914854215480408,715.5,0.0,0.0,0.0,0.0,2
710.0,5.0,0.7277205428107484,0.0,0.0,0.0,0.0,0.0,6.0,1.0,-1.000088900581841e-12,0.0,0.0,63.583333333333336,0.0,0.0,0.0,0.0,126.0,1800.0,10.0,17,1,0.6040703052728955,4.434711565202764,712.5,0.0,0.0,0.0,0.0,2
708.0,4.0,0.4079742486167887,0.0,0.0,0.0,0.0,0.0,170.0,3.0,0.2633069976516135,0.0,0.0,60.333333333333336,0.0,0.0,0.0,0.0,84.0,1030.0,36.0,18,1,0.6040703052728955,0.9999999999381922,708.5,0.0,0.0,0.0,0.0,3
712.0,6.0,0.8735445712403939,0.0,0.0,0.0,0.0,0.0,244.0,4.0,0.4378359404379486,0.0,0.0,55.142857142857146,0.0,0.0,0.0,0.0,168.0,5732.0,58.0,19,1,0.6040703052728955,2.3094010767317434,710.0,0.0,0.0,0.0,0.0,2
680.0,1.0,-1.000088900581841e-12,0.0,0.0,0.0,0.0,0.0,0.0,0.0,0.0,0.0,0.0,50.5,0.0,0.0,0.0,0.0,0.0,0.0,0.0,20,1,0.6040703052728955,15.999999999996138,704.0,0.0,0.0,0.0,0.0,2
714.0,4.0,0.8361811825026135,0.0,0.0,0.0,0.0,0.0,16.0,2.0,0.5623351446168083,0.0,0.0,45.68421052631579,0.0,0.0,0.0,0.0,126.0,8558.0,50.0,21,0,0.6040703052728955,60.05552985917737,673.0,0.0,0.0,0.0,0.0,2
706.0,5.0,0.8522683333081165,0.0,0.0,0.0,0.0,0.0,12.0,1.0,-1.000088900581841e-12,0.0,0.0,40.66666666666666,0.0,0.0,0.0,0.0,126.0,2282.0,60.0,22,0,0.6040703052728955,62.08596191303268,679.0,0.0,0.0,0.0,0.0,2
714.0,3.0,0.9525869219356764,0.0,0.0,0.0,0.0,0.0,8.0,1.0,-1.000088900581841e-12,0.0,0.0,37.125,0.0,0.0,0.0,0.0,82.0,1160.0,46.0,23,0,0.6040703052728955,3.2659863236921534,710.0,0.0,0.0,0.0,0.0,2
704.0,3.0,0.1723169039524633,0.0,0.0,0.0,0.0,0.0,40.0,2.0,0.3250829733894482,2.0,42.0,40.41379310344828,0.0,0.0,34.0,38.0,42.0,568.0,10.0,0,0,0.6040703052728955,4.12310562560281,709.5,0.0,0.0,0.0,0.0,2
712.0,7.0,1.20120914162349,0.0,0.0,0.0,0.0,0.0,124.0,3.0,0.9594899935873028,0.0,0.0,87.53846153846153,0.0,0.0,0.0,0.0,428.0,3930.0,186.0,11,1,0.6040703052728955,8.082903768646363,707.0,0.0,0.0,0.0,0.0,2
706.0,4.0,0.3177575741790004,0.0,0.0,0.0,0.0,0.0,52.0,3.0,0.9251290835690824,0.0,0.0,83.66666666666667,0.0,0.0,0.0,0.0,142.0,322.0,62.0,12,1,0.6040703052728955,4.760952285680982,709.0,0.0,0.0,0.0,0.0,2
710.0,3.0,0.2029602338974951,0.0,0.0,0.0,0.0,0.0,56.0,2.0,0.1540761036690294,0.0,0.0,78.33333333333333,0.0,0.0,0.0,0.0,0.0,66.0,0.0,13,1,0.6040703052728955,2.9999999999773856,707.5,0.0,0.0,0.0,0.0,2
718.0,2.0,0.0611859185468578,0.0,0.0,0.0,0.0,0.0,24.0,1.0,-1.000088900581841e-12,0.0,0.0,71.03333333333333,0.0,0.0,0.0,0.0,0.0,2290.0,0.0,14,1,0.6040703052728955,3.785938897182288,712.5,0.0,0.0,0.0,0.0,2
714.0,5.0,0.8900278029123648,0.0,0.0,0.0,0.0,0.0,16.0,3.0,0.9002560512655369,0.0,0.0,60.1578947368421,0.0,0.0,0.0,0.0,96.0,1580.0,22.0,15,1,0.6040703052728955,2.516611478396663,714.5,0.0,0.0,0.0,0.0,2
698.0,6.0,1.3318238712221817,0.0,0.0,0.0,0.0,0.0,22.0,3.0,1.0361987848162837,0.0,0.0,51.63636363636363,0.0,0.0,0.0,0.0,96.0,5358.0,28.0,16,1,0.6040703052728955,7.571877794391406,709.0,0.0,0.0,0.0,0.0,1
714.0,2.0,0.0614657494472936,0.0,0.0,0.0,0.0,0.0,6.0,2.0,0.6365141682928128,0.0,0.0,47.0,0.0,0.0,0.0,0.0,48.0,118.0,26.0,17,1,0.6040703052728955,6.806859285544085,707.5,0.0,0.0,0.0,0.0,2
712.0,4.0,0.616937261315458,0.0,0.0,0.0,0.0,0.0,38.0,2.0,0.4361623253833442,0.0,0.0,42.0,0.0,0.0,0.0,0.0,48.0,3098.0,28.0,18,1,0.6040703052728955,2.828427124722224,712.0,0.0,0.0,0.0,0.0,2
712.0,4.0,0.8401875695309149,0.0,0.0,0.0,0.0,0.0,20.0,2.0,0.6730116670072565,0.0,0.0,37.55555555555556,0.0,0.0,0.0,0.0,96.0,4176.0,18.0,19,1,0.6040703052728955,0.9999999999321858,712.5,0.0,0.0,0.0,0.0,2
576.0,7.0,1.3218578365897713,0.0,0.0,0.0,0.0,0.0,82.0,5.0,1.1196680043242078,0.0,0.0,31.2,0.0,42.0,0.0,0.0,96.0,9740.0,46.0,21,0,0.6040703052728955,308.4428634285447,420.5,0.0,0.0,0.0,0.0,2
710.0,3.0,0.6106074438735356,0.0,0.0,0.0,0.0,0.0,22.0,4.0,1.3421131789104002,0.0,0.0,25.77777777777778,0.0,0.0,0.0,0.0,96.0,3348.0,28.0,22,0,0.6040703052728955,338.61088779502234,499.0,0.0,0.0,0.0,0.0,2
712.0,1.0,-1.000088900581841e-12,0.0,0.0,0.0,0.0,0.0,0.0,0.0,0.0,0.0,0.0,21.666666666666668,0.0,0.0,0.0,0.0,0.0,0.0,0.0,23,0,0.6040703052728955,1.6329931618093414,710.0,0.0,0.0,0.0,0.0,1
260.0,4.0,0.4012051096214576,0.0,0.0,0.0,0.0,0.0,0.0,0.0,0.0,0.0,46.0,16.8,0.0,0.0,40.0,40.0,0.0,10862.0,0.0,0,0,0.6040703052728955,214.11134175159083,574.5,0.0,0.0,0.0,0.0,2
716.0,6.0,1.001979665854696,0.0,0.0,0.0,0.0,0.0,116.0,5.0,1.28246625180132,0.0,0.0,91.4,0.0,0.0,0.0,0.0,192.0,11266.0,86.0,10,1,0.6040703052728955,4.999999999984162,709.5,0.0,0.0,0.0,0.0,2
712.0,3.0,0.110152317480685,0.0,0.0,0.0,0.0,0.0,72.0,3.0,0.8090881237788765,0.0,0.0,82.66666666666667,0.0,0.0,0.0,0.0,48.0,288.0,6.0,11,1,0.6040703052728955,5.656854249478376,712.0,0.0,0.0,0.0,0.0,1
704.0,3.0,0.1111770898385544,0.0,0.0,0.0,0.0,0.0,96.0,2.0,0.1732052067471771,0.0,0.0,77.33333333333333,0.0,0.0,0.0,0.0,48.0,242.0,16.0,12,1,0.6040703052728955,5.0332229568314455,711.0,0.0,0.0,0.0,0.0,2
710.0,5.0,1.0153775638176843,0.0,0.0,0.0,0.0,0.0,102.0,4.0,0.8373188641819949,0.0,0.0,74.0,0.0,0.0,0.0,0.0,144.0,2210.0,52.0,13,1,0.6040703052728955,3.651483716679453,708.0,0.0,0.0,0.0,0.0,2
716.0,4.0,0.5940309854923911,0.0,0.0,0.0,0.0,0.0,86.0,3.0,0.585059805722709,0.0,0.0,66.77777777777777,0.0,0.0,0.0,0.0,48.0,4088.0,8.0,14,1,0.6040703052728955,5.972157622376392,708.5,0.0,0.0,0.0,0.0,2
708.0,2.0,0.0348775115169437,0.0,0.0,0.0,0.0,0.0,102.0,4.0,0.5480458389821374,0.0,0.0,60.333333333333336,0.0,0.0,0.0,0.0,48.0,60.0,28.0,15,1,0.6040703052728955,5.744562646524253,708.5,0.0,0.0,0.0,0.0,2
702.0,3.0,0.735108713407082,0.0,0.0,0.0,0.0,0.0,26.0,4.0,1.3061066090813949,0.0,0.0,55.66666666666666,0.0,0.0,0.0,0.0,96.0,188.0,30.0,16,1,0.6040703052728955,3.464101615114902,707.0,0.0,0.0,0.0,0.0,2
710.0,3.0,0.9232373701177894,0.0,0.0,0.0,0.0,0.0,68.0,5.0,1.196612711216129,0.0,0.0,54.16666666666666,0.0,0.0,0.0,0.0,288.0,6760.0,74.0,17,1,0.6040703052728955,3.829708431004679,707.0,0.0,0.0,0.0,0.0,1
706.0,4.0,0.5687781663704181,0.0,0.0,0.0,0.0,0.0,280.0,5.0,0.8612485162724212,0.0,0.0,51.875,0.0,0.0,0.0,0.0,288.0,3170.0,98.0,18,1,0.6040703052728955,4.123105625598454,705.5,0.0,0.0,0.0,0.0,2
712.0,6.0,0.9290958212358124,0.0,0.0,0.0,0.0,0.0,504.0,4.0,0.9529838353986833,0.0,0.0,43.0,0.0,0.0,0.0,0.0,334.0,18232.0,90.0,19,1,0.6040703052728955,6.324555320324232,708.0,0.0,0.0,0.0,0.0,2
706.0,5.0,1.4209956840340476,0.0,0.0,0.0,0.0,0.0,592.0,5.0,0.7132328164219028,0.0,0.0,33.0,0.0,34.0,36.0,46.0,96.0,13398.0,42.0,20,1,0.6040703052728955,3.785938897179275,711.5,0.0,0.0,0.0,0.0,2
698.0,1.0,-1.000088900581841e-12,0.0,0.0,0.0,0.0,0.0,54.0,2.0,0.3488320958410319,0.0,0.0,26.5,0.0,0.0,0.0,0.0,0.0,0.0,0.0,21,0,0.6040703052728955,7.659416862040361,704.0,0.0,0.0,0.0,0.0,2
308.0,4.0,1.189052878952579,0.0,0.0,0.0,0.0,0.0,104.0,6.0,1.4889068308819722,0.0,0.0,19.5,0.0,42.0,0.0,0.0,94.0,6132.0,26.0,22,0,0.6040703052728955,196.3695495742653,602.5,0.0,0.0,0.0,0.0,1
704.0,3.0,0.2908999987769448,0.0,0.0,0.0,0.0,0.0,440.0,3.0,0.3117285063857263,0.0,0.0,29.933333333333334,0.0,0.0,0.0,0.0,2.0,240.0,2.0,23,0,0.6040703052728955,190.9022437444529,591.5,0.0,0.0,0.0,0.0,1
714.0,9.0,1.487951359480893,0.0,0.0,0.0,0.0,0.0,148.0,5.0,1.3015314743014883,2.0,2.0,61.22222222222222,0.0,0.0,2.0,2.0,4.0,1134.0,2.0,0,0,0.6040703052728955,30.038863715746054,692.5,0.0,0.0,0.0,0.0,1
646.0,1.0,-1.000088900581841e-12,0.0,0.0,0.0,0.0,0.0,26.0,1.0,-1.000088900581841e-12,0.0,0.0,97.03333333333332,0.0,0.0,0.0,0.0,0.0,0.0,0.0,1,0,0.6040703052728955,32.29034943549694,694.0,0.0,0.0,0.0,0.0,2
0.0,0.0,0.0,0.0,0.0,0.0,0.0,0.0,0.0,0.0,0.0,0.0,0.0,100.0,0.0,0.0,0.0,0.0,0.0,0.0,0.0,2,0,0.6040703052728955,392.9457129596061,339.5,0.0,0.0,0.0,0.0,2
0.0,0.0,0.0,0.0,0.0,0.0,0.0,0.0,0.0,0.0,0.0,0.0,0.0,100.0,0.0,0.0,0.0,0.0,0.0,0.0,0.0,3,0,0.6040703052728955,0.0,0.0,0.0,0.0,0.0,0.0,2
0.0,0.0,0.0,0.0,0.0,0.0,0.0,0.0,0.0,0.0,0.0,0.0,0.0,100.0,0.0,0.0,0.0,0.0,0.0,0.0,0.0,4,0,0.6040703052728955,0.0,0.0,0.0,0.0,0.0,0.0,2
0.0,0.0,0.0,0.0,0.0,0.0,0.0,0.0,0.0,0.0,0.0,0.0,0.0,100.0,0.0,0.0,0.0,0.0,0.0,0.0,0.0,5,0,0.6040703052728955,0.0,0.0,0.0,0.0,0.0,0.0,2
0.0,0.0,0.0,0.0,0.0,0.0,0.0,0.0,0.0,0.0,0.0,0.0,0.0,100.0,0.0,0.0,0.0,0.0,0.0,0.0,0.0,6,0,0.6040703052728955,0.0,0.0,0.0,0.0,0.0,0.0,2
0.0,0.0,0.0,0.0,0.0,0.0,0.0,0.0,0.0,0.0,0.0,0.0,0.0,100.0,0.0,0.0,0.0,0.0,0.0,0.0,0.0,7,0,0.6040703052728955,0.0,0.0,0.0,0.0,0.0,0.0,2
702.0,2.0,0.6304247517658642,0.0,0.0,0.0,0.0,0.0,40.0,2.0,0.3250829733894482,0.0,0.0,100.0,0.0,0.0,0.0,0.0,6.0,0.0,2.0,8,1,0.6040703052728955,330.93201718782035,235.0,0.0,0.0,0.0,0.0,2
702.0,6.0,1.4180744818275148,0.0,0.0,0.0,0.0,0.0,258.0,5.0,0.7357355282075723,0.0,0.0,99.12,0.0,0.0,0.0,0.0,8.0,1224.0,6.0,9,1,0.6040703052728955,232.67430741990657,587.0,0.0,0.0,0.0,0.0,2
716.0,3.0,0.758927390112577,0.0,0.0,0.0,0.0,0.0,20.0,3.0,1.0296530140615736,0.0,0.0,94.26315789473684,0.0,0.0,0.0,0.0,4.0,1906.0,4.0,10,1,0.6040703052728955,5.887840577539251,708.0,0.0,0.0,0.0,0.0,2
712.0,8.0,1.5272482939355134,0.0,0.0,0.0,0.0,0.0,56.0,7.0,1.7939384840783728,0.0,0.0,90.53846153846152,0.0,4.0,0.0,0.0,12.0,1166.0,12.0,11,1,0.6040703052728955,3.4156502552980568,711.5,0.0,0.0,0.0,0.0,2
714.0,5.0,1.063133748359398,0.0,0.0,0.0,0.0,0.0,260.0,3.0,0.1547086262841935,0.0,0.0,82.73684210526316,0.0,0.0,0.0,0.0,4.0,584.0,4.0,12,1,0.6040703052728955,1.632993161809852,712.0,0.0,0.0,0.0,0.0,2
712.0,4.0,0.8346206694352615,0.0,0.0,0.0,0.0,0.0,14.0,2.0,0.5982695885832573,0.0,0.0,79.0,0.0,0.0,0.0,0.0,12.0,626.0,12.0,13,1,0.6040703052728955,1.632993161809852,712.0,0.0,0.0,0.0,0.0,2
714.0,3.0,0.6688666052291997,0.0,0.0,0.0,0.0,0.0,84.0,2.0,0.410116318286409,0.0,0.0,71.16666666666667,0.0,0.0,0.0,0.0,12.0,1962.0,12.0,14,1,0.6040703052728955,1.632993161809852,712.0,0.0,0.0,0.0,0.0,2
708.0,6.0,1.1040061110395003,0.0,0.0,0.0,0.0,0.0,88.0,3.0,0.41091505110763,0.0,0.0,65.66666666666667,0.0,0.0,0.0,0.0,8.0,1552.0,8.0,15,1,0.6040703052728955,4.434711565199892,709.5,0.0,0.0,0.0,0.0,2
706.0,1.0,-1.000088900581841e-12,0.0,0.0,0.0,0.0,0.0,6.0,2.0,0.6365141682928128,0.0,0.0,60.0,0.0,0.0,0.0,0.0,4.0,6.0,2.0,16,1,0.6040703052728955,2.581988897442727,705.0,0.0,0.0,0.0,0.0,2
708.0,4.0,0.6063866093919568,0.0,0.0,0.0,0.0,0.0,224.0,4.0,0.435609879445774,0.0,0.0,56.55555555555556,0.0,0.0,0.0,0.0,12.0,380.0,6.0,17,1,0.6040703052728955,2.516611478393945,705.5,0.0,0.0,0.0,0.0,1
708.0,3.0,0.316301835946172,0.0,0.0,0.0,0.0,0.0,16.0,2.0,0.5623351446168083,0.0,0.0,54.142857142857146,0.0,0.0,0.0,0.0,4.0,54.0,2.0,18,1,0.6040703052728955,1.1547005383146811,707.0,0.0,0.0,0.0,0.0,2
710.0,5.0,0.826240739577989,0.0,0.0,0.0,0.0,0.0,32.0,4.0,1.1432752061902138,0.0,0.0,52.285714285714285,0.0,0.0,0.0,0.0,12.0,1000.0,6.0,19,1,0.6040703052728955,1.6329931618097822,708.0,0.0,0.0,0.0,0.0,2
700.0,5.0,0.73587852095386,0.0,0.0,0.0,0.0,0.0,108.0,3.0,0.3548290085631213,0.0,0.0,48.8,0.0,0.0,0.0,0.0,12.0,1088.0,8.0,21,0,0.6040703052728955,208.3866598417467,602.5,0.0,0.0,0.0,0.0,2
708.0,2.0,0.0859155013326631,0.0,0.0,0.0,0.0,0.0,12.0,3.0,1.0986122886651095,0.0,0.0,46.0,0.0,0.0,0.0,0.0,6.0,68.0,2.0,22,0,0.6040703052728955,207.7009067545602,601.5,0.0,0.0,0.0,0.0,2
708.0,3.0,0.0967038770654735,0.0,0.0,0.0,0.0,0.0,200.0,2.0,0.098039113277732,0.0,0.0,43.66666666666666,0.0,0.0,0.0,0.0,6.0,34.0,6.0,23,0,0.6040703052728955,0.0,708.0,0.0,0.0,0.0,0.0,2
710.0,1.0,-1.000088900581841e-12,0.0,0.0,0.0,0.0,0.0,0.0,0.0,0.0,0.0,0.0,42.0,0.0,0.0,0.0,0.0,0.0,0.0,0.0,0,0,0.6040703052728955,0.9999999999256108,708.5,0.0,0.0,0.0,0.0,1
710.0,4.0,0.9402519889255,0.0,0.0,0.0,0.0,0.0,36.0,4.0,1.1490596969666202,0.0,0.0,19.933333333333334,0.0,0.0,0.0,0.0,6.0,1002.0,4.0,10,1,0.6040703052728955,20.26491220475661,700.0,0.0,0.0,0.0,0.0,2
706.0,1.0,-1.000088900581841e-12,0.0,0.0,0.0,0.0,0.0,8.0,1.0,-1.000088900581841e-12,0.0,0.0,17.0,0.0,0.0,0.0,0.0,0.0,0.0,0.0,11,1,0.6040703052728955,2.309401076721106,708.0,0.0,0.0,0.0,0.0,2
366.0,3.0,0.2084994213368374,0.0,0.0,0.0,0.0,0.0,54.0,3.0,0.8486855577234171,0.0,0.0,16.0,0.0,0.0,0.0,0.0,6.0,48.0,6.0,12,1,0.6040703052728955,171.0077970931925,622.5,0.0,0.0,0.0,0.0,2
704.0,4.0,0.8838320541654636,0.0,0.0,0.0,0.0,0.0,466.0,7.0,0.9884156871708782,0.0,0.0,41.23333333333333,0.0,0.0,0.0,0.0,4.0,812.0,4.0,13,1,0.6040703052728955,160.32778923193516,594.5,0.0,0.0,0.0,0.0,2
702.0,4.0,0.7839430379386584,0.0,0.0,0.0,0.0,0.0,258.0,4.0,0.8382302462519351,0.0,0.0,65.48275862068965,0.0,0.0,0.0,0.0,4.0,612.0,2.0,14,1,0.6040703052728955,51.34199061197206,677.0,0.0,0.0,0.0,0.0,2
706.0,3.0,0.6977764856752506,0.0,0.0,0.0,0.0,0.0,292.0,4.0,0.7639148380148756,0.0,0.0,76.06666666666666,0.0,0.0,0.0,0.0,2.0,362.0,2.0,15,1,0.6040703052728955,2.999999999971376,704.5,0.0,0.0,0.0,0.0,3
708.0,3.0,0.2887428405102559,0.0,0.0,0.0,0.0,0.0,230.0,4.0,0.8551081226595679,0.0,0.0,99.6,0.0,0.0,0.0,0.0,6.0,208.0,6.0,16,1,0.6040703052728955,0.9999999999140716,707.5,0.0,0.0,0.0,0.0,3
706.0,5.0,0.3089059139287056,0.0,0.0,0.0,0.0,0.0,36.0,3.0,0.6837389058457535,0.0,0.0,100.0,0.0,0.0,0.0,0.0,2.0,120.0,2.0,17,1,0.6040703052728955,1.6329931618028262,708.0,0.0,0.0,0.0,0.0,2
712.0,7.0,1.3325970942579035,0.0,0.0,0.0,0.0,0.0,108.0,6.0,1.5833722856572632,0.0,0.0,95.6923076923077,0.0,0.0,0.0,0.0,8.0,782.0,8.0,18,1,0.6040703052728955,2.8284271247158,710.0,0.0,0.0,0.0,0.0,3
708.0,1.0,-1.000088900581841e-12,0.0,0.0,0.0,0.0,0.0,12.0,2.0,0.4505612088643047,0.0,0.0,93.0,0.0,0.0,0.0,0.0,2.0,0.0,0.0,19,1,0.6040703052728955,2.999999999971348,709.5,0.0,0.0,0.0,0.0,2
708.0,7.0,1.0279981401012064,0.0,0.0,0.0,0.0,0.0,42.0,3.0,0.9773202089534674,0.0,0.0,88.5,0.0,0.0,0.0,0.0,6.0,452.0,4.0,20,1,0.6040703052728955,39.677869566461865,687.5,0.0,0.0,0.0,0.0,2
704.0,5.0,0.4728222505266529,0.0,0.0,0.0,0.0,0.0,48.0,3.0,0.9901000747254984,0.0,0.0,85.7,0.0,0.0,0.0,0.0,6.0,162.0,4.0,21,0,0.6040703052728955,38.41440701958699,685.5,0.0,0.0,0.0,0.0,2
714.0,4.0,0.8163134375750056,0.0,0.0,0.0,0.0,0.0,26.0,4.0,1.3061066090813949,0.0,0.0,78.21052631578948,0.0,0.0,0.0,0.0,4.0,1004.0,4.0,22,0,0.6040703052728955,6.403124237419422,708.5,0.0,0.0,0.0,0.0,3
252.0,2.0,0.0815104109483315,0.0,0.0,0.0,0.0,0.0,8.0,2.0,0.6931471805579453,0.0,0.0,74.0,0.0,0.0,0.0,0.0,2.0,16.0,2.0,23,0,0.6040703052728955,229.3817778290155,596.0,0.0,0.0,0.0,0.0,2
698.0,1.0,-1.000088900581841e-12,0.0,0.0,0.0,0.0,0.0,20.0,1.0,-1.000088900581841e-12,0.0,0.0,67.5,0.0,0.0,0.0,0.0,0.0,0.0,0.0,9,1,0.6040703052728955,301.4763672329886,444.0,0.0,0.0,0.0,0.0,2
704.0,1.0,-1.000088900581841e-12,0.0,0.0,0.0,0.0,0.0,40.0,1.0,-1.000088900581841e-12,0.0,0.0,62.833333333333336,0.0,0.0,0.0,0.0,2.0,0.0,0.0,10,1,0.6040703052728955,23.17326045250875,690.5,0.0,0.0,0.0,0.0,2
0.0,0.0,0.0,0.0,0.0,0.0,0.0,0.0,56.0,2.0,0.2573186405418316,0.0,0.0,58.833333333333336,0.0,0.0,0.0,0.0,0.0,0.0,0.0,11,1,0.6040703052728955,349.41617974367824,384.5,0.0,0.0,0.0,0.0,2
700.0,5.0,1.0738095651334565,0.0,0.0,0.0,0.0,0.0,182.0,7.0,0.6802151918598691,0.0,0.0,55.30769230769231,0.0,0.0,0.0,0.0,8.0,688.0,6.0,12,1,0.6040703052728955,319.5095199416336,351.5,0.0,0.0,0.0,0.0,2
710.0,5.0,1.147437266900755,0.0,0.0,0.0,0.0,0.0,188.0,5.0,0.5552721885067393,0.0,0.0,51.85714285714285,0.0,0.0,0.0,0.0,12.0,3028.0,6.0,13,1,0.6040703052728955,88.10599676904212,660.0,0.0,0.0,0.0,0.0,2
704.0,3.0,0.6052864262259322,0.0,0.0,0.0,0.0,0.0,30.0,4.0,1.1369165918290007,0.0,0.0,48.833333333333336,0.0,0.0,0.0,0.0,12.0,646.0,8.0,14,1,0.6040703052728955,3.4641016151078188,705.0,0.0,0.0,0.0,0.0,2
716.0,5.0,1.1987368528981868,0.0,0.0,0.0,0.0,0.0,550.0,3.0,0.1337965714810259,0.0,0.0,42.3,0.0,0.0,0.0,0.0,12.0,2982.0,8.0,15,1,0.6040703052728955,5.744562646519976,708.5,0.0,0.0,0.0,0.0,2
696.0,2.0,0.0353803230739327,0.0,0.0,0.0,0.0,0.0,10.0,2.0,0.6730116670072565,0.0,0.0,36.66666666666666,0.0,0.0,0.0,0.0,12.0,120.0,2.0,16,1,0.6040703052728955,8.79393730550349,706.0,0.0,0.0,0.0,0.0,2
706.0,9.0,2.010490219349731,0.0,0.0,0.0,0.0,0.0,180.0,6.0,1.552388964304008,0.0,0.0,30.25,0.0,0.0,0.0,0.0,36.0,1074.0,22.0,17,1,0.6040703052728955,7.831560082967243,698.0,0.0,0.0,0.0,0.0,2
706.0,3.0,0.4520669346323666,0.0,0.0,0.0,0.0,0.0,52.0,2.0,0.5402041423868609,0.0,0.0,22.4,0.0,0.0,0.0,0.0,18.0,264.0,8.0,18,1,0.6040703052728955,9.38083151963581,702.0,0.0,0.0,0.0,0.0,2
692.0,3.0,0.2498054128412481,0.0,0.0,0.0,0.0,0.0,4.0,1.0,-1.000088900581841e-12,0.0,0.0,18.166666666666668,0.0,0.0,0.0,0.0,12.0,258.0,6.0,19,1,0.6040703052728955,8.164965809264562,700.0,0.0,0.0,0.0,0.0,2
30.0,1.0,-1.000088900581841e-12,0.0,0.0,0.0,0.0,0.0,0.0,0.0,0.0,0.0,0.0,0.0,0.0,0.0,0.0,0.0,4.0,276.0,4.0,20,1,0.6040703052728955,332.0040160399667,528.0,0.0,0.0,0.0,0.0,2
0.0,0.0,0.0,0.0,0.0,0.0,0.0,0.0,0.0,0.0,0.0,0.0,0.0,0.0,0.0,0.0,0.0,0.0,4.0,1148.0,0.0,21,0,0.6040703052728955,343.29142139004847,181.5,0.0,0.0,0.0,0.0,2
422.0,1.0,-1.000088900581841e-12,0.0,0.0,0.0,0.0,0.0,274.0,4.0,0.9689017630452212,0.0,0.0,23.5,0.0,0.0,0.0,0.0,0.0,0.0,0.0,22,0,0.6040703052728955,210.9999999999996,105.5,0.0,0.0,0.0,0.0,2
684.0,1.0,-1.000088900581841e-12,0.0,0.0,0.0,0.0,0.0,250.0,2.0,0.1132225027126081,0.0,0.0,47.7,0.0,0.0,0.0,0.0,0.0,0.0,0.0,23,0,0.6040703052728955,319.0585108304324,443.5,0.0,0.0,0.0,0.0,2
714.0,10.0,1.2056606229538478,0.0,0.0,0.0,38.0,0.0,374.0,6.0,0.9221643535477312,0.0,0.0,71.5,0.0,8.0,8.0,8.0,24.0,1894.0,8.0,0,0,0.6040703052728955,20.19900987671904,692.0,0.0,0.0,24.467665738003426,21.0,1
704.0,5.0,0.7095391573640394,0.0,0.0,0.0,0.0,0.0,186.0,2.0,0.1773971883056644,0.0,0.0,94.83333333333331,0.0,0.0,0.0,0.0,24.0,78.0,10.0,9,1,0.6040703052728955,183.4084694518399,595.0,0.0,0.0,0.0,0.0,2
702.0,6.0,1.4146599205861463,0.0,0.0,0.0,0.0,0.0,32.0,2.0,0.5623351446168083,0.0,0.0,89.3,0.0,0.0,0.0,0.0,48.0,910.0,26.0,10,1,0.6040703052728955,4.320493798917295,704.0,0.0,0.0,0.0,0.0,2
702.0,3.0,0.6907287266953355,0.0,0.0,0.0,0.0,0.0,100.0,3.0,1.018098207345716,0.0,0.0,84.85714285714286,0.0,0.0,0.0,0.0,80.0,1226.0,46.0,11,1,0.6040703052728955,5.033222956828904,703.0,0.0,0.0,0.0,0.0,2
702.0,3.0,0.1437100085106213,0.0,0.0,0.0,0.0,0.0,10.0,2.0,0.6730116670072565,0.0,0.0,79.42857142857143,0.0,0.0,0.0,0.0,16.0,238.0,4.0,12,1,0.6040703052728955,5.97215762237425,703.5,0.0,0.0,0.0,0.0,1
706.0,6.0,1.0605365424675397,0.0,0.0,0.0,0.0,0.0,154.0,6.0,0.7526444182866311,0.0,0.0,76.0,0.0,0.0,0.0,0.0,16.0,2204.0,12.0,13,1,0.6040703052728955,7.549834435258581,703.5,0.0,0.0,0.0,0.0,2
702.0,1.0,-1.000088900581841e-12,0.0,0.0,0.0,0.0,0.0,32.0,2.0,0.6615632381559821,0.0,0.0,70.5,0.0,0.0,0.0,0.0,0.0,0.0,0.0,14,1,0.6040703052728955,6.831300510626282,703.0,0.0,0.0,0.0,0.0,2
0.0,0.0,0.0,0.0,0.0,0.0,0.0,0.0,0.0,0.0,0.0,0.0,0.0,69.0,0.0,0.0,0.0,0.0,0.0,0.0,0.0,15,1,0.6040703052728955,333.8677382836899,457.5,0.0,0.0,0.0,0.0,2
704.0,3.0,0.5499244206464186,0.0,0.0,0.0,0.0,0.0,8.0,2.0,0.6931471805579453,0.0,0.0,66.41666666666667,0.0,0.0,0.0,0.0,10.0,746.0,6.0,16,1,0.6040703052728955,326.610879590173,450.0,0.0,0.0,0.0,0.0,2
710.0,7.0,1.3130368824196026,0.0,0.0,0.0,0.0,0.0,26.0,3.0,0.8587409130032867,0.0,0.0,61.05263157894737,0.0,0.0,0.0,0.0,20.0,1684.0,12.0,17,1,0.6040703052728955,14.28285685707845,699.0,0.0,0.0,0.0,0.0,2
710.0,6.0,1.001664295369909,0.0,0.0,0.0,0.0,0.0,26.0,2.0,0.666278442412676,0.0,0.0,55.875,0.0,0.0,0.0,0.0,20.0,2322.0,16.0,18,1,0.6040703052728955,2.82842712470957,708.0,0.0,0.0,0.0,0.0,2
704.0,6.0,1.0349977094845524,0.0,0.0,0.0,0.0,0.0,16.0,2.0,0.5623351446168083,0.0,0.0,52.8,0.0,0.0,0.0,0.0,30.0,1166.0,20.0,19,1,0.6040703052728955,4.434711565193338,705.5,0.0,0.0,0.0,0.0,2
704.0,6.0,1.1051473038591186,0.0,0.0,0.0,0.0,0.0,54.0,2.0,0.5722806987998472,0.0,0.0,46.66666666666666,0.0,0.0,0.0,0.0,40.0,1810.0,26.0,20,1,0.6040703052728955,2.5166114783824405,703.5,0.0,0.0,0.0,0.0,2
696.0,4.0,0.425791683951907,0.0,0.0,0.0,0.0,0.0,16.0,1.0,-1.000088900581841e-12,0.0,0.0,42.375,0.0,0.0,0.0,0.0,40.0,384.0,24.0,21,0,0.6040703052728955,4.434711565193338,702.5,0.0,0.0,0.0,0.0,2
708.0,5.0,0.9241676623988414,0.0,0.0,0.0,0.0,0.0,84.0,2.0,0.5982695885832573,0.0,0.0,39.785714285714285,0.0,0.0,10.0,10.0,60.0,6898.0,36.0,22,0,0.6040703052728955,8.869423130421714,699.0,0.0,0.0,0.0,0.0,2
702.0,4.0,0.4680790222352768,0.0,0.0,0.0,0.0,0.0,16.0,2.0,0.5623351446168083,0.0,0.0,35.44444444444444,0.0,0.0,0.0,0.0,30.0,544.0,16.0,23,0,0.6040703052728955,9.018499505634315,701.0,0.0,0.0,0.0,0.0,2
712.0,4.0,1.059892948856636,0.0,0.0,0.0,0.0,0.0,82.0,2.0,0.3196905981092379,0.0,0.0,95.65,0.0,0.0,0.0,0.0,22.0,3368.0,16.0,9,1,0.6040703052728955,185.5226850459708,592.0,0.0,0.0,0.0,0.0,3
696.0,1.0,-1.000088900581841e-12,0.0,0.0,0.0,0.0,0.0,112.0,1.0,-1.000088900581841e-12,0.0,0.0,93.0,0.0,0.0,0.0,0.0,0.0,0.0,0.0,10,1,0.6040703052728955,10.708252269463632,698.0,0.0,0.0,0.0,0.0,2
708.0,4.0,0.9952554700074548,0.0,0.0,0.0,0.0,0.0,150.0,2.0,0.3101828469294778,0.0,0.0,89.75,0.0,0.0,0.0,0.0,42.0,1112.0,24.0,11,1,0.6040703052728955,38.6910842443037,681.5,0.0,0.0,0.0,0.0,3
706.0,3.0,0.6678680973661055,0.0,0.0,0.0,0.0,0.0,14.0,1.0,-1.000088900581841e-12,0.0,0.0,85.44444444444444,0.0,0.0,0.0,0.0,42.0,944.0,20.0,12,1,0.6040703052728955,41.03250743820652,685.5,0.0,0.0,0.0,0.0,3
716.0,5.0,0.911042121813708,0.0,0.0,0.0,0.0,0.0,68.0,2.0,0.362210557133449,0.0,0.0,81.5,0.0,0.0,0.0,0.0,28.0,6048.0,16.0,13,1,0.6040703052728955,5.416025603072749,708.0,0.0,0.0,0.0,0.0,2
694.0,3.0,0.6882952069647963,0.0,0.0,0.0,0.0,0.0,30.0,2.0,0.3926744672255522,0.0,0.0,73.875,0.0,0.0,0.0,0.0,14.0,196.0,8.0,14,1,0.6040703052728955,9.291573243167132,706.5,0.0,0.0,0.0,0.0,2
688.0,1.0,-1.000088900581841e-12,0.0,0.0,0.0,0.0,0.0,274.0,2.0,0.0761970612253375,0.0,0.0,71.33333333333333,0.0,0.0,0.0,0.0,14.0,4.0,4.0,15,1,0.6040703052728955,9.309493362502204,697.0,0.0,0.0,0.0,0.0,2
696.0,8.0,1.0818777666571076,0.0,0.0,0.0,0.0,0.0,234.0,6.0,1.1385726625729302,0.0,0.0,67.88888888888889,0.0,0.0,0.0,0.0,42.0,1482.0,24.0,16,1,0.6040703052728955,3.999999999975723,694.0,0.0,0.0,0.0,0.0,2
698.0,1.0,-1.000088900581841e-12,0.0,0.0,0.0,0.0,0.0,2.0,1.0,-1.000088900581841e-12,0.0,0.0,60.66666666666666,0.0,0.0,0.0,0.0,28.0,0.0,0.0,17,1,0.6040703052728955,5.744562646521115,699.5,0.0,0.0,0.0,0.0,3
708.0,6.0,1.1853480429974244,0.0,0.0,0.0,0.0,0.0,124.0,3.0,0.6227842096071723,0.0,0.0,54.78947368421053,0.0,0.0,0.0,0.0,56.0,1148.0,26.0,18,1,0.6040703052728955,5.416025603072701,706.0,0.0,0.0,0.0,0.0,3
698.0,1.0,-1.000088900581841e-12,0.0,0.0,0.0,0.0,0.0,34.0,2.0,0.6914160776151184,0.0,0.0,50.16666666666666,0.0,0.0,0.0,0.0,0.0,0.0,0.0,19,1,0.6040703052728955,5.291502622110824,705.0,0.0,0.0,0.0,0.0,2
0.0,0.0,0.0,0.0,0.0,0.0,0.0,0.0,96.0,1.0,-1.000088900581841e-12,0.0,0.0,49.16666666666666,0.0,0.0,0.0,0.0,0.0,0.0,0.0,20,1,0.6040703052728955,332.7180988965481,448.0,0.0,0.0,0.0,0.0,2
696.0,2.0,0.0353803230739327,0.0,0.0,0.0,0.0,0.0,36.0,2.0,0.3488320958410319,0.0,0.0,46.66666666666666,0.0,0.0,0.0,0.0,28.0,14.0,6.0,21,0,0.6040703052728955,327.18343478849874,442.5,0.0,0.0,0.0,0.0,2
718.0,1.0,-1.000088900581841e-12,0.0,0.0,0.0,0.0,0.0,126.0,1.0,-1.000088900581841e-12,0.0,0.0,35.166666666666664,0.0,0.0,0.0,0.0,0.0,2684.0,0.0,22,0,0.6040703052728955,15.05545305417604,702.0,0.0,0.0,0.0,0.0,2
0.0,0.0,0.0,0.0,0.0,0.0,0.0,0.0,0.0,0.0,0.0,0.0,12.0,0.0,0.0,0.0,0.0,0.0,0.0,1640.0,0.0,23,0,0.6040703052728955,347.16518642667285,518.5,0.0,0.0,0.0,0.0,3
686.0,2.0,0.3034138351068028,0.0,0.0,0.0,110.0,0.0,196.0,2.0,0.0569372244356318,0.0,0.0,35.0,0.0,0.0,0.0,0.0,0.0,332.0,0.0,0,0,0.6040703052728955,318.17552807635366,468.5,0.0,0.0,55.0,27.5,2
54.0,1.0,-1.000088900581841e-12,0.0,0.0,0.0,0.0,0.0,174.0,1.0,-1.000088900581841e-12,0.0,0.0,54.766666666666666,0.0,0.0,0.0,0.0,0.0,0.0,0.0,1,0,0.6040703052728955,288.4643247728677,477.5,0.0,0.0,55.0,27.5,2
0.0,0.0,0.0,0.0,0.0,0.0,0.0,0.0,172.0,1.0,-1.000088900581841e-12,0.0,0.0,73.33333333333333,0.0,0.0,0.0,0.0,0.0,0.0,0.0,2,0,0.6040703052728955,306.06045154511526,170.5,0.0,0.0,0.0,0.0,1
0.0,0.0,0.0,0.0,0.0,0.0,0.0,0.0,0.0,0.0,0.0,0.0,0.0,100.0,0.0,0.0,0.0,0.0,0.0,0.0,0.0,3,0,0.6040703052728955,0.0,0.0,0.0,0.0,0.0,0.0,1
0.0,0.0,0.0,0.0,0.0,0.0,0.0,0.0,0.0,0.0,0.0,0.0,0.0,100.0,0.0,0.0,0.0,0.0,0.0,0.0,0.0,4,0,0.6040703052728955,0.0,0.0,0.0,0.0,0.0,0.0,1
0.0,0.0,0.0,0.0,0.0,0.0,0.0,0.0,0.0,0.0,0.0,0.0,0.0,100.0,0.0,0.0,0.0,0.0,0.0,0.0,0.0,5,0,0.6040703052728955,0.0,0.0,0.0,0.0,0.0,0.0,1
0.0,0.0,0.0,0.0,0.0,0.0,0.0,0.0,0.0,0.0,0.0,0.0,0.0,100.0,0.0,0.0,0.0,0.0,0.0,0.0,0.0,6,0,0.6040703052728955,0.0,0.0,0.0,0.0,0.0,0.0,1
0.0,0.0,0.0,0.0,0.0,0.0,0.0,0.0,0.0,0.0,0.0,0.0,0.0,100.0,0.0,0.0,0.0,0.0,0.0,0.0,0.0,7,0,0.6040703052728955,0.0,0.0,0.0,0.0,0.0,0.0,1
660.0,1.0,-1.000088900581841e-12,0.0,0.0,0.0,0.0,0.0,20.0,1.0,-1.000088900581841e-12,0.0,0.0,100.0,0.0,0.0,0.0,0.0,28.0,0.0,0.0,8,1,0.6040703052728955,315.1190251317744,245.0,0.0,0.0,0.0,0.0,1
214.0,1.0,-1.000088900581841e-12,0.0,0.0,0.0,0.0,0.0,0.0,0.0,0.0,0.0,0.0,100.0,0.0,0.0,0.0,0.0,0.0,0.0,0.0,9,1,0.6040703052728955,223.87198723079783,457.0,0.0,0.0,0.0,0.0,2
106.0,3.0,0.3759564465547259,0.0,0.0,0.0,0.0,0.0,86.0,5.0,1.3030003999936708,0.0,0.0,99.96296296296296,0.0,0.0,0.0,0.0,42.0,74.0,18.0,10,1,0.6040703052728955,277.7642885613625,238.5,0.0,0.0,0.0,0.0,2
716.0,1.0,-1.000088900581841e-12,0.0,0.0,0.0,0.0,0.0,20.0,2.0,0.5004024235361879,0.0,0.0,86.46153846153847,0.0,0.0,0.0,0.0,14.0,4634.0,4.0,11,1,0.6040703052728955,385.7961465160928,385.0,0.0,0.0,0.0,0.0,2
700.0,1.0,-1.000088900581841e-12,0.0,0.0,0.0,0.0,0.0,12.0,1.0,-1.000088900581841e-12,0.0,0.0,79.0,0.0,0.0,0.0,0.0,0.0,0.0,0.0,12,1,0.6040703052728955,8.485281374229812,710.0,0.0,0.0,0.0,0.0,2
646.0,1.0,-1.000088900581841e-12,0.0,0.0,0.0,0.0,0.0,0.0,0.0,0.0,0.0,0.0,79.0,0.0,0.0,0.0,0.0,14.0,0.0,0.0,13,1,0.6040703052728955,40.34848200366219,669.0,0.0,0.0,0.0,0.0,1
710.0,5.0,0.8884320511508461,0.0,0.0,0.0,0.0,0.0,84.0,3.0,0.824948166727584,0.0,0.0,73.83333333333333,0.0,0.0,0.0,0.0,28.0,2924.0,16.0,14,1,0.6040703052728955,42.59890452425412,671.0,0.0,0.0,0.0,0.0,2
716.0,4.0,0.2881097648727769,0.0,0.0,0.0,0.0,0.0,0.0,0.0,0.0,0.0,0.0,66.6,0.0,0.0,0.0,0.0,0.0,3890.0,0.0,15,1,0.6040703052728955,6.324555320325027,708.0,0.0,0.0,0.0,0.0,2
704.0,5.0,0.8197268437744912,0.0,0.0,0.0,0.0,0.0,16.0,3.0,1.0821955300357673,0.0,0.0,57.23076923076923,0.0,0.0,0.0,0.0,28.0,634.0,10.0,16,1,0.6040703052728955,8.164965809268164,710.0,0.0,0.0,0.0,0.0,1
704.0,3.0,0.5284093730422407,0.0,0.0,0.0,0.0,0.0,6.0,1.0,-1.000088900581841e-12,0.0,0.0,52.85714285714285,0.0,0.0,0.0,0.0,28.0,1188.0,16.0,17,1,0.6040703052728955,8.485281374229809,706.0,0.0,0.0,0.0,0.0,2
706.0,5.0,0.7792923748755991,0.0,0.0,0.0,0.0,0.0,50.0,3.0,0.8825632953768343,0.0,0.0,46.9,0.0,0.0,0.0,0.0,42.0,734.0,26.0,18,1,0.6040703052728955,4.999999999985132,704.5,0.0,0.0,0.0,0.0,2
706.0,4.0,0.5518581567796337,0.0,0.0,0.0,0.0,0.0,50.0,2.0,0.5004024235361879,0.0,0.0,40.85714285714285,0.0,0.0,0.0,0.0,42.0,1264.0,22.0,19,1,0.6040703052728955,2.9999999999752385,708.5,0.0,0.0,0.0,0.0,2
710.0,4.0,0.8370523564468749,0.0,0.0,0.0,0.0,0.0,18.0,2.0,0.6869615765953234,0.0,0.0,36.375,0.0,0.0,0.0,0.0,28.0,1674.0,8.0,20,1,0.6040703052728955,3.651483716680759,708.0,0.0,0.0,0.0,0.0,2
706.0,11.0,1.5104153914164289,0.0,0.0,0.0,0.0,0.0,58.0,6.0,1.587577827328993,0.0,0.0,26.571428571428573,0.0,0.0,0.0,0.0,14.0,3872.0,8.0,21,0,0.6040703052728955,3.651483716680759,708.0,0.0,0.0,0.0,0.0,2
702.0,2.0,0.1675818071010182,0.0,0.0,0.0,0.0,0.0,20.0,3.0,0.9502705392302344,0.0,0.0,20.428571428571427,0.0,0.0,0.0,0.0,16.0,156.0,6.0,22,0,0.6040703052728955,4.320493798921384,706.0,0.0,0.0,0.0,0.0,2
560.0,1.0,-1.000088900581841e-12,0.0,0.0,0.0,0.0,0.0,198.0,1.0,-1.000088900581841e-12,0.0,0.0,18.0,16.0,0.0,0.0,0.0,0.0,0.0,0.0,23,0,0.6040703052728955,71.01877685983136,666.5,0.0,0.0,0.0,0.0,1
716.0,5.0,0.7845627033849857,0.0,0.0,0.0,26.0,0.0,0.0,0.0,0.0,0.0,0.0,0.0,0.0,0.0,0.0,0.0,0.0,1302.0,0.0,0,0,0.6040703052728955,206.5808961803257,561.5,0.0,0.0,13.0,6.5,2
418.0,1.0,-1.000088900581841e-12,0.0,0.0,0.0,0.0,0.0,0.0,0.0,0.0,0.0,0.0,100.0,0.0,0.0,0.0,0.0,16.0,0.0,0.0,9,1,0.6040703052728955,296.52431041428383,419.0,0.0,0.0,0.0,0.0,2
0.0,0.0,0.0,0.0,0.0,0.0,0.0,0.0,0.0,0.0,0.0,0.0,0.0,100.0,0.0,0.0,0.0,0.0,48.0,0.0,0.0,10,1,0.6040703052728955,313.11126882733964,261.0,0.0,0.0,0.0,0.0,2
708.0,5.0,0.9904568352451826,0.0,0.0,0.0,0.0,0.0,200.0,5.0,1.1709156372323817,0.0,0.0,94.11111111111111,0.0,0.0,0.0,0.0,64.0,438.0,16.0,11,1,0.6040703052728955,387.0503843170807,334.0,0.0,0.0,0.0,0.0,2
712.0,5.0,1.229670721472239,0.0,0.0,0.0,0.0,0.0,410.0,3.0,0.7021303383878871,0.0,0.0,82.76923076923077,0.0,0.0,0.0,0.0,48.0,2100.0,28.0,12,1,0.6040703052728955,41.74126655161776,690.5,0.0,0.0,0.0,0.0,2
706.0,5.0,0.4044002352763014,0.0,0.0,0.0,0.0,0.0,18.0,2.0,0.6869615765953234,0.0,0.0,79.0,0.0,0.0,0.0,0.0,32.0,436.0,8.0,13,1,0.6040703052728955,5.507570547274258,708.5,0.0,0.0,0.0,0.0,2
712.0,7.0,1.6389704924870632,0.0,0.0,0.0,0.0,0.0,374.0,5.0,0.8154940618269813,0.0,0.0,75.76470588235294,0.0,0.0,0.0,0.0,64.0,2586.0,28.0,14,1,0.6040703052728955,4.725815626238794,705.5,0.0,0.0,0.0,0.0,2
712.0,5.0,1.3387679706518685,0.0,0.0,0.0,0.0,0.0,176.0,4.0,0.6982758025437088,0.0,0.0,46.8235294117647,0.0,0.0,0.0,0.0,80.0,6410.0,52.0,17,1,0.6040703052728955,1.914854215478538,713.5,0.0,0.0,0.0,0.0,3
710.0,5.0,1.2154757207512616,0.0,0.0,0.0,0.0,0.0,42.0,3.0,0.9099250471507522,0.0,0.0,37.8,0.0,0.0,0.0,0.0,16.0,1656.0,12.0,18,1,0.6040703052728955,1.632993161815404,712.0,0.0,0.0,0.0,0.0,2
698.0,4.0,0.3792990523625679,0.0,0.0,0.0,0.0,0.0,20.0,2.0,0.6108643020528935,0.0,0.0,27.11111111111111,0.0,0.0,0.0,0.0,16.0,382.0,10.0,19,1,0.6040703052728955,7.745966692406381,709.0,0.0,0.0,0.0,0.0,1
716.0,3.0,0.6189066784731504,0.0,0.0,0.0,0.0,0.0,6.0,1.0,-1.000088900581841e-12,0.0,0.0,20.1,0.0,0.0,0.0,0.0,32.0,5278.0,20.0,20,1,0.6040703052728955,11.66190378968499,706.0,0.0,0.0,0.0,0.0,2
416.0,2.0,0.0542266127196372,0.0,0.0,0.0,0.0,0.0,60.0,3.0,0.3887343902179295,0.0,0.0,12.0,0.0,0.0,0.0,0.0,14.0,510.0,4.0,21,0,0.6040703052728955,149.6752039138966,578.0,0.0,0.0,0.0,0.0,2
692.0,3.0,0.3337657048345865,0.0,0.0,0.0,0.0,0.0,290.0,5.0,0.6160205905497793,0.0,16.0,14.826086956521738,0.0,0.0,0.0,0.0,16.0,322.0,6.0,22,0,0.6040703052728955,143.18635875436317,572.5,0.0,0.0,0.0,0.0,2
674.0,4.0,0.448322042320833,0.0,0.0,0.0,0.0,0.0,464.0,4.0,1.126285885177343,0.0,0.0,30.75,0.0,0.0,0.0,0.0,18.0,1422.0,8.0,23,0,0.6040703052728955,11.120551545068636,684.5,0.0,0.0,0.0,0.0,2
674.0,4.0,0.6100195179202658,0.0,0.0,0.0,0.0,0.0,234.0,3.0,0.1727088729423265,2.0,20.0,44.57692307692308,0.0,0.0,18.0,18.0,20.0,1890.0,4.0,0,0,0.6040703052728955,2.8284271247216948,676.0,0.0,0.0,0.0,0.0,2
196.0,4.0,0.5630301358510142,0.0,0.0,0.0,0.0,0.0,96.0,7.0,1.6141461040463774,0.0,0.0,97.5,0.0,0.0,0.0,0.0,80.0,286.0,24.0,9,1,0.6040703052728955,238.48060717802585,513.5,0.0,0.0,0.0,0.0,2
704.0,3.0,0.8177862084710439,0.0,0.0,0.0,0.0,0.0,108.0,3.0,0.7123326274782038,0.0,0.0,90.8125,0.0,0.0,0.0,0.0,40.0,406.0,18.0,10,1,0.6040703052728955,251.36692967320343,573.0,0.0,0.0,0.0,0.0,2
716.0,6.0,0.9678454306612004,0.0,0.0,0.0,0.0,0.0,334.0,4.0,0.5488267829059283,0.0,0.0,82.78947368421052,0.0,0.0,0.0,0.0,60.0,1834.0,30.0,11,1,0.6040703052728955,8.48528137423037,708.0,0.0,0.0,0.0,0.0,1
706.0,3.0,0.6979584386263048,0.0,0.0,0.0,0.0,0.0,8.0,2.0,0.5623351446168083,0.0,0.0,74.94117647058823,0.0,0.0,0.0,0.0,0.0,3084.0,0.0,12,1,0.6040703052728955,4.7609522856806,713.0,0.0,0.0,0.0,0.0,2
704.0,6.0,1.212875685391264,0.0,0.0,0.0,0.0,0.0,68.0,4.0,0.6444823624936341,0.0,0.0,70.6,0.0,0.0,0.0,0.0,40.0,2130.0,18.0,13,1,0.6040703052728955,9.848857801789014,704.5,0.0,0.0,0.0,0.0,2
716.0,4.0,0.6014318387016871,0.0,0.0,0.0,0.0,0.0,122.0,3.0,0.4249948078135701,0.0,0.0,60.2,0.0,0.0,0.0,0.0,20.0,5104.0,6.0,14,1,0.6040703052728955,10.583005244251767,706.0,0.0,0.0,0.0,0.0,2
698.0,2.0,0.5615468038383751,0.0,0.0,0.0,0.0,0.0,288.0,2.0,0.1944052587278874,0.0,0.0,53.11111111111112,0.0,0.0,0.0,0.0,80.0,3498.0,38.0,15,1,0.6040703052728955,7.831560082971586,708.0,0.0,0.0,0.0,0.0,2
696.0,1.0,-1.000088900581841e-12,0.0,0.0,0.0,0.0,0.0,32.0,1.0,-1.000088900581841e-12,0.0,0.0,47.66666666666666,0.0,0.0,0.0,0.0,0.0,0.0,0.0,16,1,0.6040703052728955,4.320493798922447,700.0,0.0,0.0,0.0,0.0,2
702.0,6.0,1.2378797914955866,0.0,0.0,0.0,0.0,0.0,86.0,6.0,1.445874413886315,0.0,0.0,41.66666666666666,0.0,0.0,0.0,0.0,40.0,2740.0,16.0,17,1,0.6040703052728955,38.74704289791924,680.0,0.0,0.0,0.0,0.0,2
704.0,3.0,0.7522186923167228,0.0,0.0,0.0,0.0,0.0,104.0,3.0,0.5311019816442288,0.0,0.0,32.53333333333333,0.0,0.0,0.0,0.0,20.0,1784.0,10.0,18,1,0.6040703052728955,41.032507438207176,683.5,0.0,0.0,0.0,0.0,2
700.0,5.0,0.6223534987115684,0.0,0.0,0.0,0.0,0.0,88.0,4.0,0.8976794932773027,0.0,0.0,29.375,0.0,20.0,0.0,0.0,40.0,1668.0,18.0,19,1,0.6040703052728955,8.062257748289902,699.5,0.0,0.0,0.0,0.0,2
656.0,1.0,-1.000088900581841e-12,0.0,0.0,0.0,0.0,0.0,36.0,1.0,-1.000088900581841e-12,0.0,0.0,26.666666666666668,20.0,0.0,0.0,0.0,0.0,0.0,0.0,20,1,0.6040703052728955,20.78460969082317,686.0,0.0,0.0,0.0,0.0,2
706.0,2.0,0.6290702891448845,0.0,0.0,0.0,0.0,0.0,232.0,2.0,0.2279152755322624,0.0,0.0,23.923076923076923,0.0,0.0,0.0,0.0,80.0,6644.0,32.0,21,0,0.6040703052728955,279.5567920834689,548.0,0.0,0.0,0.0,0.0,2
708.0,4.0,0.7882196844301107,0.0,0.0,0.0,0.0,0.0,110.0,2.0,0.3446104320888521,0.0,0.0,19.0,0.0,0.0,0.0,0.0,66.0,7084.0,42.0,22,0,0.6040703052728955,287.3534409050984,561.0,0.0,0.0,0.0,0.0,2
240.0,3.0,0.6136408691434616,0.0,0.0,0.0,0.0,0.0,6.0,1.0,-1.000088900581841e-12,0.0,0.0,16.0,0.0,0.0,0.0,0.0,22.0,136.0,8.0,23,0,0.6040703052728955,232.0229873669128,588.0,0.0,0.0,0.0,0.0,2
162.0,1.0,-1.000088900581841e-12,0.0,0.0,0.0,0.0,0.0,66.0,1.0,-1.000088900581841e-12,0.0,20.0,21.285714285714285,0.0,0.0,20.0,20.0,20.0,732.0,6.0,0,0,0.6040703052728955,302.0215224118968,276.5,0.0,0.0,0.0,0.0,2
122.0,1.0,-1.000088900581841e-12,0.0,0.0,0.0,0.0,0.0,236.0,2.0,0.0488680958930082,0.0,0.0,42.4,0.0,0.0,0.0,0.0,0.0,0.0,0.0,1,0,0.6040703052728955,285.1175196300639,233.0,0.0,0.0,0.0,0.0,2
0.0,0.0,0.0,0.0,0.0,0.0,0.0,0.0,238.0,1.0,-1.000088900581841e-12,0.0,0.0,66.7,0.0,0.0,0.0,0.0,0.0,0.0,0.0,2,0,0.6040703052728955,309.0647181416861,192.5,0.0,0.0,0.0,0.0,1
0.0,0.0,0.0,0.0,0.0,0.0,0.0,0.0,122.0,1.0,-1.000088900581841e-12,0.0,0.0,95.76666666666668,0.0,0.0,0.0,0.0,0.0,0.0,0.0,3,0,0.6040703052728955,0.0,0.0,0.0,0.0,0.0,0.0,1
0.0,0.0,0.0,0.0,0.0,0.0,0.0,0.0,0.0,0.0,0.0,0.0,0.0,100.0,0.0,0.0,0.0,0.0,0.0,0.0,0.0,4,0,0.6040703052728955,0.0,0.0,0.0,0.0,0.0,0.0,1
0.0,0.0,0.0,0.0,0.0,0.0,0.0,0.0,0.0,0.0,0.0,0.0,0.0,100.0,0.0,0.0,0.0,0.0,0.0,0.0,0.0,5,0,0.6040703052728955,0.0,0.0,0.0,0.0,0.0,0.0,1
0.0,0.0,0.0,0.0,0.0,0.0,0.0,0.0,0.0,0.0,0.0,0.0,0.0,100.0,0.0,0.0,0.0,0.0,0.0,0.0,0.0,6,0,0.6040703052728955,0.0,0.0,0.0,0.0,0.0,0.0,1
0.0,0.0,0.0,0.0,0.0,0.0,0.0,0.0,0.0,0.0,0.0,0.0,0.0,100.0,0.0,0.0,0.0,0.0,0.0,0.0,0.0,7,0,0.6040703052728955,0.0,0.0,0.0,0.0,0.0,0.0,1
698.0,1.0,-1.000088900581841e-12,0.0,0.0,0.0,0.0,0.0,20.0,1.0,-1.000088900581841e-12,0.0,0.0,100.0,0.0,0.0,0.0,0.0,44.0,0.0,0.0,8,1,0.6040703052728955,348.4479875103311,290.0,0.0,0.0,0.0,0.0,1
392.0,6.0,1.138980320720275,0.0,0.0,0.0,0.0,0.0,154.0,4.0,0.4347877188926087,0.0,0.0,97.9,0.0,0.0,0.0,0.0,66.0,940.0,20.0,9,1,0.6040703052728955,156.26473263877077,560.0,0.0,0.0,0.0,0.0,1
698.0,7.0,0.7736546542748144,0.0,0.0,0.0,0.0,0.0,84.0,6.0,1.5707105064133362,0.0,0.0,94.42857142857144,0.0,0.0,0.0,0.0,88.0,1156.0,52.0,10,1,0.6040703052728955,150.06220932222246,617.0,0.0,0.0,0.0,0.0,2
712.0,6.0,0.9362832544881594,0.0,0.0,0.0,0.0,0.0,282.0,6.0,1.2074496639019885,0.0,0.0,87.66666666666667,0.0,0.0,0.0,0.0,176.0,696.0,32.0,11,1,0.6040703052728955,11.474609652032315,703.5,0.0,0.0,0.0,0.0,2
706.0,2.0,0.6704036265634714,0.0,0.0,0.0,0.0,0.0,112.0,4.0,0.8515480946811635,0.0,0.0,79.83333333333333,0.0,0.0,0.0,0.0,66.0,94.0,24.0,12,1,0.6040703052728955,4.320493798920809,712.0,0.0,0.0,0.0,0.0,2
710.0,6.0,1.1086422468804265,0.0,0.0,0.0,0.0,0.0,24.0,2.0,0.4505612088643047,0.0,0.0,74.9047619047619,0.0,22.0,0.0,0.0,24.0,3518.0,10.0,13,1,0.6040703052728955,10.198039027178051,706.0,0.0,0.0,0.0,0.0,2
682.0,4.0,0.353054443784819,0.0,0.0,0.0,0.0,0.0,52.0,3.0,0.7902679680715903,0.0,0.0,69.0,0.0,0.0,0.0,0.0,72.0,482.0,52.0,14,1,0.6040703052728955,11.70469991071307,695.5,0.0,0.0,0.0,0.0,1
708.0,3.0,0.8827566103632944,0.0,0.0,0.0,0.0,0.0,186.0,2.0,0.2392170938145128,0.0,0.0,51.71428571428572,0.0,0.0,0.0,0.0,72.0,2880.0,20.0,17,1,0.6040703052728955,3.4641016151156183,703.0,0.0,0.0,0.0,0.0,2
704.0,6.0,1.116013076318272,0.0,0.0,0.0,0.0,0.0,22.0,2.0,0.6890092384746587,0.0,0.0,47.0,0.0,20.0,24.0,20.0,72.0,3088.0,16.0,18,1,0.6040703052728955,5.8878405775388725,702.0,0.0,0.0,0.0,0.0,2
692.0,3.0,0.3448336624376444,0.0,0.0,0.0,0.0,0.0,42.0,3.0,0.8641502031919701,0.0,0.0,44.16666666666666,0.0,0.0,0.0,0.0,48.0,2012.0,12.0,19,1,0.6040703052728955,5.416025603076494,696.0,0.0,0.0,0.0,0.0,2
702.0,3.0,0.5997174618670016,0.0,0.0,0.0,0.0,0.0,24.0,2.0,0.6931471805579453,0.0,0.0,39.9,0.0,0.0,0.0,0.0,120.0,1730.0,28.0,20,1,0.6040703052728955,5.887840577538882,694.0,0.0,0.0,0.0,0.0,2
692.0,3.0,0.5732351987135066,0.0,0.0,0.0,0.0,0.0,62.0,3.0,0.818633622926479,0.0,0.0,36.0,0.0,0.0,0.0,0.0,120.0,2828.0,54.0,21,0,0.6040703052728955,5.972157622376807,693.5,0.0,0.0,0.0,0.0,2
