0.0,0.0,0.0,0.0,0.0,0.0,0.0,0.0,0.0,0.0,0.0,0.0,0.0,100.0,0.0,0.0,0.0,0.0,0.0,0.0,0.0,7,0,0.5459317585301837,0.0,0.0,0.0,0.0,0.0,0.0,2
0.0,0.0,0.0,0.0,0.0,0.0,0.0,0.0,0.0,0.0,0.0,0.0,0.0,100.0,0.0,0.0,0.0,0.0,0.0,0.0,0.0,7,0,0.5459317585301837,0.0,0.0,0.0,0.0,0.0,0.0,2
136.0,1.0,-1.000088900581841e-12,0.0,0.0,0.0,0.0,0.0,0.0,0.0,0.0,0.0,0.0,100.0,0.0,0.0,0.0,0.0,318.0,0.0,0.0,8,1,0.5459317585301837,78.5196366097891,45.333333333333336,0.0,0.0,0.0,0.0,2
52.0,3.0,0.9497249735321772,0.0,0.0,0.0,0.0,0.0,0.0,0.0,0.0,0.0,0.0,100.0,56.0,0.0,0.0,0.0,212.0,736.0,22.0,8,1,0.5459317585301837,64.19761158589417,47.0,0.0,0.0,0.0,0.0,2
12.0,1.0,-1.000088900581841e-12,0.0,0.0,0.0,0.0,0.0,0.0,0.0,0.0,0.0,0.0,100.0,0.0,0.0,0.0,0.0,0.0,0.0,0.0,9,1,0.5459317585301837,61.49254697386777,50.0,0.0,0.0,0.0,0.0,2
30.0,2.0,0.6909233093118181,0.0,0.0,0.0,0.0,0.0,0.0,0.0,0.0,0.0,0.0,99.625,130.0,0.0,0.0,0.0,106.0,2218.0,4.0,9,1,0.5459317585301837,54.830040427974645,57.5,0.0,0.0,0.0,0.0,2
116.0,5.0,1.0855200372357463,0.0,0.0,0.0,0.0,0.0,0.0,0.0,0.0,0.0,0.0,98.9,0.0,0.0,0.0,0.0,114.0,9278.0,36.0,10,1,0.5459317585301837,45.38355061767058,52.5,0.0,0.0,0.0,0.0,2
180.0,5.0,0.6778389643138081,0.0,0.0,0.0,0.0,0.0,0.0,0.0,0.0,0.0,0.0,79.77777777777777,4.0,0.0,0.0,0.0,10.0,896.0,6.0,14,1,0.5459317585301837,78.80778303357269,84.0,0.0,0.0,0.0,0.0,2
128.0,7.0,1.4242242362902335,0.0,0.0,0.0,6.0,0.0,0.0,0.0,0.0,0.0,0.0,75.0625,6.0,0.0,0.0,0.0,30.0,1662.0,10.0,14,1,0.5459317585301837,71.29983637194876,108.5,0.0,0.0,3.0,1.5,2
36.0,1.0,-1.000088900581841e-12,0.0,0.0,0.0,0.0,0.0,0.0,0.0,0.0,0.0,0.0,69.16666666666667,0.0,0.0,0.0,0.0,0.0,128.0,0.0,15,1,0.5459317585301837,79.26958222841007,88.5,0.0,0.0,3.0,1.5,2
50.0,5.0,1.380139059797829,0.0,0.0,0.0,4.0,0.0,0.0,0.0,0.0,0.0,0.0,64.5,14.0,0.0,0.0,0.0,38.0,970.0,10.0,15,1,0.5459317585301837,67.75199874050458,98.5,0.0,0.0,3.0,2.5,2
64.0,6.0,1.4044621936577188,0.0,0.0,0.0,0.0,0.0,0.0,0.0,0.0,0.0,0.0,62.30769230769231,58.0,0.0,0.0,0.0,58.0,2246.0,20.0,16,1,0.5459317585301837,40.64070209367287,69.5,0.0,0.0,3.0,2.5,2
32.0,3.0,1.039720770836918,0.0,0.0,0.0,0.0,0.0,0.0,0.0,0.0,0.0,0.0,60.25,28.0,0.0,0.0,0.0,64.0,1124.0,10.0,16,1,0.5459317585301837,14.548768561863453,45.5,0.0,0.0,2.0,1.0,2
68.0,5.0,1.4429901983635955,0.0,0.0,0.0,0.0,0.0,0.0,0.0,0.0,0.0,0.0,58.44444444444444,26.0,0.0,0.0,0.0,36.0,1588.0,16.0,17,1,0.5459317585301837,16.2788205960997,53.5,0.0,0.0,2.0,1.0,2
60.0,4.0,1.235144651528666,0.0,0.0,0.0,0.0,0.0,0.0,0.0,0.0,0.0,0.0,57.5,68.0,0.0,0.0,0.0,140.0,2006.0,36.0,17,1,0.5459317585301837,16.32993161855451,56.0,0.0,0.0,0.0,0.0,2
56.0,5.0,1.3239277373538991,0.0,0.0,0.0,0.0,0.0,0.0,0.0,0.0,0.0,0.0,55.55555555555556,58.0,0.0,0.0,0.0,48.0,2060.0,8.0,18,1,0.5459317585301837,15.49193338482966,54.0,0.0,0.0,0.0,0.0,2
30.0,2.0,0.5799151714161009,0.0,0.0,0.0,0.0,0.0,0.0,0.0,0.0,0.0,0.0,55.0,6.0,0.0,0.0,0.0,48.0,594.0,2.0,18,1,0.5459317585301837,16.441816606851358,53.5,0.0,0.0,0.0,0.0,2
12.0,1.0,-1.000088900581841e-12,0.0,0.0,0.0,0.0,0.0,0.0,0.0,0.0,0.0,0.0,54.333333333333336,22.0,0.0,0.0,0.0,0.0,0.0,0.0,19,1,0.5459317585301837,22.64950330581224,39.5,0.0,0.0,0.0,0.0,1
2.0,1.0,-1.000088900581841e-12,0.0,0.0,0.0,0.0,0.0,0.0,0.0,0.0,0.0,0.0,54.0,0.0,0.0,0.0,0.0,0.0,0.0,0.0,19,1,0.5459317585301837,23.69247419188914,25.0,0.0,0.0,0.0,0.0,1
0.0,0.0,0.0,0.0,0.0,0.0,0.0,0.0,0.0,0.0,0.0,0.0,0.0,54.0,0.0,0.0,0.0,0.0,0.0,0.0,0.0,20,1,0.5459317585301837,13.711309200802075,11.0,0.0,0.0,0.0,0.0,1
0.0,0.0,0.0,0.0,0.0,0.0,0.0,0.0,0.0,0.0,0.0,0.0,0.0,53.333333333333336,0.0,0.0,0.0,0.0,0.0,0.0,0.0,20,1,0.5459317585301837,5.744562646537997,3.5,0.0,0.0,0.0,0.0,1
0.0,0.0,0.0,0.0,0.0,0.0,0.0,0.0,0.0,0.0,0.0,0.0,0.0,53.0,14.0,0.0,0.0,0.0,0.0,0.0,0.0,21,0,0.5459317585301837,0.9999999999998136,0.5,0.0,0.0,0.0,0.0,1
148.0,3.0,1.0357423852491685,0.0,0.0,0.0,0.0,0.0,0.0,0.0,0.0,0.0,0.0,51.53333333333333,62.0,0.0,0.0,0.0,132.0,1874.0,20.0,21,0,0.5459317585301837,74.0,37.0,0.0,0.0,0.0,0.0,1
100.0,3.0,0.8156202299825714,0.0,0.0,0.0,0.0,0.0,0.0,0.0,0.0,0.0,0.0,46.18181818181818,0.0,0.0,0.0,0.0,0.0,2846.0,0.0,22,0,0.5459317585301837,74.22488351848949,62.0,0.0,0.0,0.0,0.0,2
30.0,2.0,0.2449300267926353,0.0,0.0,0.0,0.0,0.0,0.0,0.0,0.0,0.0,0.0,38.85714285714285,14.0,0.0,0.0,0.0,0.0,912.0,0.0,22,0,0.5459317585301837,67.03978918025722,69.5,0.0,0.0,0.0,0.0,2
130.0,4.0,0.6352487805277913,0.0,0.0,0.0,0.0,0.0,0.0,0.0,0.0,0.0,0.0,32.9375,0.0,0.0,0.0,0.0,34.0,936.0,10.0,23,0,0.5459317585301837,51.923019942988674,102.0,0.0,0.0,0.0,0.0,2
104.0,3.0,0.7794038966847849,0.0,0.0,0.0,0.0,0.0,0.0,0.0,0.0,0.0,42.0,24.27272727272728,0.0,0.0,0.0,0.0,42.0,3528.0,0.0,23,0,0.5459317585301837,42.78629063925344,91.0,0.0,0.0,0.0,0.0,2
718.0,1.0,-1.000088900581841e-12,0.0,0.0,0.0,0.0,0.0,0.0,0.0,0.0,0.0,0.0,43.793103448275865,0.0,0.0,0.0,0.0,0.0,0.0,0.0,0,0,0.5459317585301837,317.83591154346715,245.5,0.0,0.0,0.0,0.0,2
646.0,1.0,-1.000088900581841e-12,0.0,0.0,0.0,0.0,0.0,0.0,0.0,0.0,0.0,0.0,79.66666666666667,0.0,0.0,0.0,0.0,0.0,0.0,0.0,0,0,0.5459317585301837,327.69650593193694,399.5,0.0,0.0,0.0,0.0,2
0.0,0.0,0.0,0.0,0.0,0.0,0.0,0.0,0.0,0.0,0.0,0.0,0.0,98.13333333333334,0.0,0.0,0.0,0.0,0.0,0.0,0.0,1,0,0.5459317585301837,367.3780976959114,367.0,0.0,0.0,0.0,0.0,2
0.0,0.0,0.0,0.0,0.0,0.0,0.0,0.0,0.0,0.0,0.0,0.0,0.0,100.0,0.0,0.0,0.0,0.0,0.0,0.0,0.0,1,0,0.5459317585301837,394.8484941510266,341.0,0.0,0.0,0.0,0.0,2
0.0,0.0,0.0,0.0,0.0,0.0,0.0,0.0,0.0,0.0,0.0,0.0,0.0,100.0,0.0,0.0,0.0,0.0,0.0,0.0,0.0,2,0,0.5459317585301837,323.0,161.5,0.0,0.0,0.0,0.0,2
0.0,0.0,0.0,0.0,0.0,0.0,0.0,0.0,0.0,0.0,0.0,0.0,0.0,100.0,0.0,0.0,0.0,0.0,0.0,0.0,0.0,2,0,0.5459317585301837,0.0,0.0,0.0,0.0,0.0,0.0,2
0.0,0.0,0.0,0.0,0.0,0.0,0.0,0.0,0.0,0.0,0.0,0.0,0.0,100.0,0.0,0.0,0.0,0.0,0.0,0.0,0.0,3,0,0.5459317585301837,0.0,0.0,0.0,0.0,0.0,0.0,2
0.0,0.0,0.0,0.0,0.0,0.0,0.0,0.0,0.0,0.0,0.0,0.0,0.0,100.0,0.0,0.0,0.0,0.0,0.0,0.0,0.0,3,0,0.5459317585301837,0.0,0.0,0.0,0.0,0.0,0.0,2
0.0,0.0,0.0,0.0,0.0,0.0,0.0,0.0,0.0,0.0,0.0,0.0,0.0,100.0,0.0,0.0,0.0,0.0,0.0,0.0,0.0,4,0,0.5459317585301837,0.0,0.0,0.0,0.0,0.0,0.0,2
0.0,0.0,0.0,0.0,0.0,0.0,0.0,0.0,0.0,0.0,0.0,0.0,0.0,100.0,0.0,0.0,0.0,0.0,0.0,0.0,0.0,4,0,0.5459317585301837,0.0,0.0,0.0,0.0,0.0,0.0,2
0.0,0.0,0.0,0.0,0.0,0.0,0.0,0.0,0.0,0.0,0.0,0.0,0.0,100.0,0.0,0.0,0.0,0.0,0.0,0.0,0.0,5,0,0.5459317585301837,0.0,0.0,0.0,0.0,0.0,0.0,2
0.0,0.0,0.0,0.0,0.0,0.0,0.0,0.0,0.0,0.0,0.0,0.0,0.0,100.0,0.0,0.0,0.0,0.0,0.0,0.0,0.0,5,0,0.5459317585301837,0.0,0.0,0.0,0.0,0.0,0.0,2
0.0,0.0,0.0,0.0,0.0,0.0,0.0,0.0,0.0,0.0,0.0,0.0,0.0,100.0,0.0,0.0,0.0,0.0,0.0,0.0,0.0,6,0,0.5459317585301837,0.0,0.0,0.0,0.0,0.0,0.0,2
0.0,0.0,0.0,0.0,0.0,0.0,0.0,0.0,0.0,0.0,0.0,0.0,0.0,100.0,0.0,0.0,0.0,0.0,0.0,0.0,0.0,6,0,0.5459317585301837,0.0,0.0,0.0,0.0,0.0,0.0,2
0.0,0.0,0.0,0.0,0.0,0.0,0.0,0.0,0.0,0.0,0.0,0.0,0.0,100.0,0.0,0.0,0.0,0.0,0.0,0.0,0.0,7,0,0.5459317585301837,0.0,0.0,0.0,0.0,0.0,0.0,2
0.0,0.0,0.0,0.0,0.0,0.0,0.0,0.0,0.0,0.0,0.0,0.0,0.0,100.0,0.0,0.0,0.0,0.0,0.0,0.0,0.0,7,0,0.5459317585301837,0.0,0.0,0.0,0.0,0.0,0.0,2
150.0,1.0,-1.000088900581841e-12,0.0,0.0,0.0,0.0,0.0,0.0,0.0,0.0,0.0,0.0,100.0,0.0,0.0,0.0,0.0,126.0,0.0,0.0,8,1,0.5459317585301837,74.99999999999987,37.5,0.0,0.0,0.0,0.0,2
194.0,4.0,1.2349503633997725,0.0,0.0,0.0,0.0,0.0,0.0,0.0,0.0,0.0,0.0,100.0,38.0,0.0,0.0,0.0,210.0,1410.0,18.0,8,1,0.5459317585301837,100.9158064923428,86.0,0.0,0.0,0.0,0.0,2
180.0,6.0,1.5346033892940607,0.0,0.0,0.0,0.0,0.0,0.0,0.0,0.0,0.0,0.0,99.27777777777776,72.0,0.0,0.0,0.0,182.0,10498.0,22.0,9,1,0.5459317585301837,89.2412460692923,131.0,0.0,0.0,0.0,0.0,2
50.0,6.0,1.5503094886169002,0.0,0.0,0.0,0.0,0.0,0.0,0.0,0.0,0.0,0.0,97.25,40.0,0.0,0.0,0.0,50.0,1388.0,6.0,9,1,0.5459317585301837,64.9794839417282,143.5,0.0,0.0,0.0,0.0,2
12.0,1.0,-1.000088900581841e-12,0.0,0.0,0.0,0.0,0.0,0.0,0.0,0.0,0.0,0.0,96.5,40.0,0.0,0.0,0.0,0.0,0.0,0.0,10,1,0.5459317585301837,91.57146571576384,109.0,0.0,0.0,0.0,0.0,2
36.0,5.0,1.3360073822459693,0.0,0.0,0.0,0.0,0.0,0.0,0.0,0.0,0.0,0.0,95.6,4.0,0.0,0.0,0.0,56.0,1250.0,2.0,10,1,0.5459317585301837,75.31932023060205,69.5,0.0,0.0,0.0,0.0,2
62.0,5.0,1.2851031298389413,0.0,0.0,0.0,0.0,0.0,0.0,0.0,0.0,0.0,0.0,94.4,22.0,0.0,0.0,0.0,18.0,1526.0,8.0,11,1,0.5459317585301837,21.478671591448865,40.0,0.0,0.0,0.0,0.0,2
46.0,4.0,0.9624562167756426,0.0,0.0,0.0,0.0,0.0,0.0,0.0,0.0,0.0,0.0,92.66666666666669,18.0,0.0,0.0,0.0,30.0,728.0,8.0,11,1,0.5459317585301837,20.94437076320618,39.0,0.0,0.0,0.0,0.0,2
54.0,3.0,0.9649629230044278,0.0,0.0,0.0,0.0,0.0,0.0,0.0,0.0,0.0,0.0,91.54545454545456,26.0,0.0,0.0,0.0,62.0,832.0,22.0,12,1,0.5459317585301837,11.120551545073914,49.5,0.0,0.0,0.0,0.0,2
90.0,5.0,1.1210078092644036,0.0,0.0,0.0,0.0,0.0,0.0,0.0,0.0,0.0,0.0,90.08333333333331,0.0,0.0,0.0,0.0,28.0,748.0,6.0,12,1,0.5459317585301837,19.14854215512622,63.0,0.0,0.0,0.0,0.0,3
80.0,4.0,0.8879351834956563,0.0,0.0,0.0,0.0,0.0,0.0,0.0,0.0,0.0,0.0,87.45454545454545,8.0,0.0,0.0,0.0,32.0,824.0,6.0,13,1,0.5459317585301837,20.872629605937192,67.5,0.0,0.0,0.0,0.0,2
68.0,6.0,1.5863941504227548,0.0,0.0,0.0,6.0,0.0,0.0,0.0,0.0,0.0,0.0,81.36363636363636,22.0,0.0,0.0,0.0,32.0,834.0,12.0,13,1,0.5459317585301837,15.534906930307386,73.0,0.0,0.0,3.0,1.5,2
94.0,5.0,1.339555808014228,0.0,0.0,0.0,6.0,0.0,0.0,0.0,0.0,0.0,0.0,77.84615384615384,12.0,0.0,0.0,0.0,64.0,2504.0,16.0,14,1,0.5459317585301837,11.60459679035191,83.0,0.0,0.0,3.4641016151377544,3.0,2
30.0,3.0,1.0096137581710385,0.0,0.0,0.0,0.0,0.0,0.0,0.0,0.0,0.0,0.0,76.14285714285714,22.0,0.0,0.0,0.0,34.0,204.0,8.0,14,1,0.5459317585301837,27.471197037381643,68.0,0.0,0.0,3.4641016151377544,3.0,2
92.0,3.0,0.7594188019826299,0.0,0.0,0.0,0.0,0.0,0.0,0.0,0.0,0.0,0.0,75.08333333333333,50.0,0.0,0.0,0.0,138.0,1118.0,36.0,15,1,0.5459317585301837,29.776948578836045,71.0,0.0,0.0,3.4641016151377544,3.0,2
94.0,3.0,0.4819404744745951,0.0,0.0,0.0,0.0,0.0,0.0,0.0,0.0,0.0,0.0,73.38461538461539,30.0,0.0,0.0,0.0,40.0,2278.0,8.0,15,1,0.5459317585301837,31.68069864549464,77.5,0.0,0.0,3.0,1.5,2
34.0,4.0,1.0710178890204567,0.0,0.0,0.0,0.0,0.0,0.0,0.0,0.0,0.0,0.0,71.875,36.0,0.0,0.0,0.0,60.0,366.0,16.0,16,1,0.5459317585301837,35.265658460698646,62.5,0.0,0.0,0.0,0.0,2
30.0,2.0,0.6730116670072565,0.0,0.0,0.0,0.0,0.0,0.0,0.0,0.0,0.0,0.0,71.0,0.0,0.0,0.0,0.0,40.0,388.0,14.0,16,1,0.5459317585301837,35.265658460698646,62.5,0.0,0.0,0.0,0.0,2
104.0,7.0,1.543629614825322,0.0,0.0,0.0,0.0,0.0,0.0,0.0,0.0,0.0,0.0,69.16666666666667,40.0,0.0,0.0,0.0,168.0,3442.0,24.0,17,1,0.5459317585301837,38.93156388673137,65.5,0.0,0.0,0.0,0.0,1
174.0,8.0,1.6078079001915089,0.0,0.0,0.0,0.0,0.0,0.0,0.0,0.0,0.0,0.0,66.0,16.0,0.0,0.0,0.0,72.0,4444.0,10.0,17,1,0.5459317585301837,68.08573027196408,85.5,0.0,0.0,0.0,0.0,2
42.0,4.0,0.901951381682084,0.0,0.0,0.0,0.0,0.0,0.0,0.0,0.0,0.0,0.0,59.7,20.0,0.0,0.0,0.0,94.0,370.0,10.0,18,1,0.5459317585301837,66.1588996280922,87.5,0.0,0.0,0.0,0.0,2
92.0,7.0,1.2611153875078491,0.0,0.0,0.0,0.0,0.0,0.0,0.0,0.0,0.0,0.0,56.61538461538461,40.0,0.0,0.0,0.0,78.0,2906.0,10.0,18,1,0.5459317585301837,54.418134232379856,103.0,0.0,0.0,0.0,0.0,1
126.0,4.0,0.9915732270138228,0.0,0.0,0.0,0.0,0.0,0.0,0.0,0.0,0.0,0.0,54.0,60.0,0.0,0.0,0.0,92.0,2138.0,6.0,19,1,0.5459317585301837,55.650696311905925,108.5,0.0,0.0,0.0,0.0,1
12.0,1.0,-1.000088900581841e-12,0.0,0.0,0.0,0.0,0.0,0.0,0.0,0.0,0.0,0.0,52.0,0.0,0.0,0.0,0.0,0.0,0.0,0.0,19,1,0.5459317585301837,50.83306010855514,68.0,0.0,0.0,0.0,0.0,1
8.0,1.0,-1.000088900581841e-12,0.0,0.0,0.0,0.0,0.0,0.0,0.0,0.0,0.0,0.0,52.0,20.0,0.0,0.0,0.0,0.0,0.0,0.0,20,1,0.5459317585301837,58.84159526502756,59.5,0.0,0.0,0.0,0.0,1
0.0,0.0,0.0,0.0,0.0,0.0,0.0,0.0,0.0,0.0,0.0,0.0,0.0,51.66666666666666,0.0,0.0,0.0,0.0,0.0,0.0,0.0,20,1,0.5459317585301837,59.87486951969065,36.5,0.0,0.0,0.0,0.0,1
0.0,0.0,0.0,0.0,0.0,0.0,0.0,0.0,0.0,0.0,0.0,0.0,0.0,51.0,0.0,0.0,0.0,0.0,0.0,0.0,0.0,21,0,0.5459317585301837,5.999999999998367,5.0,0.0,0.0,0.0,0.0,1
22.0,3.0,0.7595473914718636,0.0,0.0,0.0,0.0,0.0,0.0,0.0,0.0,0.0,0.0,50.9,42.0,0.0,0.0,0.0,102.0,104.0,12.0,21,0,0.5459317585301837,10.37625494418131,7.5,0.0,0.0,0.0,0.0,1
174.0,5.0,1.309263255349114,0.0,0.0,0.0,0.0,0.0,0.0,0.0,0.0,0.0,0.0,47.3125,26.0,0.0,0.0,0.0,34.0,3986.0,2.0,22,0,0.5459317585301837,83.97618710086795,49.0,0.0,0.0,0.0,0.0,1
92.0,3.0,0.6634566636757614,0.0,0.0,0.0,0.0,0.0,0.0,0.0,0.0,0.0,0.0,43.5,28.0,0.0,0.0,0.0,76.0,532.0,4.0,22,0,0.5459317585301837,78.50265388295256,72.0,0.0,0.0,0.0,0.0,1
578.0,3.0,0.2112334784954566,0.0,0.0,0.0,0.0,0.0,0.0,0.0,0.0,0.0,40.0,46.392857142857146,0.0,0.0,0.0,0.0,40.0,1424.0,0.0,23,0,0.5459317585301837,248.876810222782,216.5,0.0,0.0,0.0,0.0,1
718.0,1.0,-1.000088900581841e-12,0.0,0.0,0.0,0.0,0.0,0.0,0.0,0.0,0.0,0.0,80.86666666666666,0.0,0.0,0.0,0.0,0.0,0.0,0.0,23,0,0.5459317585301837,304.62381171974505,390.5,0.0,0.0,0.0,0.0,1
150.0,1.0,-1.000088900581841e-12,0.0,0.0,0.0,0.0,0.0,0.0,0.0,0.0,0.0,0.0,98.4,0.0,0.0,0.0,0.0,0.0,0.0,0.0,0,0,0.5459317585301837,310.4893986381285,384.5,0.0,0.0,0.0,0.0,1
0.0,0.0,0.0,0.0,0.0,0.0,0.0,0.0,0.0,0.0,0.0,0.0,0.0,100.0,0.0,0.0,0.0,0.0,0.0,0.0,0.0,0,0,0.5459317585301837,341.26187403029166,361.5,0.0,0.0,0.0,0.0,1
0.0,0.0,0.0,0.0,0.0,0.0,0.0,0.0,0.0,0.0,0.0,0.0,0.0,100.0,0.0,0.0,0.0,0.0,0.0,0.0,0.0,1,0,0.5459317585301837,341.40298768464226,217.0,0.0,0.0,0.0,0.0,1
0.0,0.0,0.0,0.0,0.0,0.0,0.0,0.0,0.0,0.0,0.0,0.0,0.0,100.0,0.0,0.0,0.0,0.0,0.0,0.0,0.0,1,0,0.5459317585301837,75.0,37.5,0.0,0.0,0.0,0.0,1
0.0,0.0,0.0,0.0,0.0,0.0,0.0,0.0,0.0,0.0,0.0,0.0,0.0,100.0,0.0,0.0,0.0,0.0,0.0,0.0,0.0,2,0,0.5459317585301837,0.0,0.0,0.0,0.0,0.0,0.0,1
0.0,0.0,0.0,0.0,0.0,0.0,0.0,0.0,0.0,0.0,0.0,0.0,0.0,100.0,0.0,0.0,0.0,0.0,0.0,0.0,0.0,2,0,0.5459317585301837,0.0,0.0,0.0,0.0,0.0,0.0,1
0.0,0.0,0.0,0.0,0.0,0.0,0.0,0.0,0.0,0.0,0.0,0.0,0.0,100.0,0.0,0.0,0.0,0.0,0.0,0.0,0.0,3,0,0.5459317585301837,0.0,0.0,0.0,0.0,0.0,0.0,1
0.0,0.0,0.0,0.0,0.0,0.0,0.0,0.0,0.0,0.0,0.0,0.0,0.0,100.0,0.0,0.0,0.0,0.0,0.0,0.0,0.0,3,0,0.5459317585301837,0.0,0.0,0.0,0.0,0.0,0.0,1
0.0,0.0,0.0,0.0,0.0,0.0,0.0,0.0,0.0,0.0,0.0,0.0,0.0,100.0,0.0,0.0,0.0,0.0,0.0,0.0,0.0,4,0,0.5459317585301837,0.0,0.0,0.0,0.0,0.0,0.0,1
0.0,0.0,0.0,0.0,0.0,0.0,0.0,0.0,0.0,0.0,0.0,0.0,0.0,100.0,0.0,0.0,0.0,0.0,0.0,0.0,0.0,4,0,0.5459317585301837,0.0,0.0,0.0,0.0,0.0,0.0,1
0.0,0.0,0.0,0.0,0.0,0.0,0.0,0.0,0.0,0.0,0.0,0.0,0.0,100.0,0.0,0.0,0.0,0.0,0.0,0.0,0.0,5,0,0.5459317585301837,0.0,0.0,0.0,0.0,0.0,0.0,1
0.0,0.0,0.0,0.0,0.0,0.0,0.0,0.0,0.0,0.0,0.0,0.0,0.0,100.0,0.0,0.0,0.0,0.0,0.0,0.0,0.0,5,0,0.5459317585301837,0.0,0.0,0.0,0.0,0.0,0.0,1
0.0,0.0,0.0,0.0,0.0,0.0,0.0,0.0,0.0,0.0,0.0,0.0,0.0,100.0,0.0,0.0,0.0,0.0,0.0,0.0,0.0,6,0,0.5459317585301837,0.0,0.0,0.0,0.0,0.0,0.0,1
0.0,0.0,0.0,0.0,0.0,0.0,0.0,0.0,0.0,0.0,0.0,0.0,0.0,100.0,0.0,0.0,0.0,0.0,0.0,0.0,0.0,6,0,0.5459317585301837,0.0,0.0,0.0,0.0,0.0,0.0,1
0.0,0.0,0.0,0.0,0.0,0.0,0.0,0.0,0.0,0.0,0.0,0.0,0.0,100.0,0.0,0.0,0.0,0.0,0.0,0.0,0.0,7,0,0.5459317585301837,0.0,0.0,0.0,0.0,0.0,0.0,1
0.0,0.0,0.0,0.0,0.0,0.0,0.0,0.0,0.0,0.0,0.0,0.0,0.0,100.0,0.0,0.0,0.0,0.0,0.0,0.0,0.0,7,0,0.5459317585301837,0.0,0.0,0.0,0.0,0.0,0.0,1
64.0,5.0,1.3621988792336666,0.0,0.0,0.0,0.0,0.0,0.0,0.0,0.0,0.0,0.0,100.0,116.0,0.0,0.0,0.0,278.0,2612.0,20.0,8,1,0.5459317585301837,32.0,16.0,0.0,0.0,0.0,0.0,1
12.0,1.0,-1.000088900581841e-12,0.0,0.0,0.0,0.0,0.0,0.0,0.0,0.0,0.0,0.0,100.0,28.0,0.0,0.0,0.0,0.0,0.0,0.0,8,1,0.5459317585301837,30.52867504494749,19.0,0.0,0.0,0.0,0.0,2
74.0,3.0,0.748625931789646,0.0,0.0,0.0,0.0,0.0,0.0,0.0,0.0,0.0,0.0,99.0,32.0,0.0,0.0,0.0,40.0,3414.0,4.0,9,1,0.5459317585301837,36.92785759649031,37.5,0.0,0.0,0.0,0.0,2
76.0,5.0,1.099235300063243,0.0,0.0,0.0,0.0,0.0,0.0,0.0,0.0,0.0,0.0,97.58333333333331,32.0,0.0,0.0,0.0,88.0,4090.0,22.0,9,1,0.5459317585301837,30.127506811328857,56.5,0.0,0.0,0.0,0.0,2
186.0,9.0,1.5621697541320425,0.0,0.0,0.0,0.0,0.0,0.0,0.0,0.0,0.0,0.0,93.8,0.0,0.0,0.0,0.0,104.0,10840.0,12.0,10,1,0.5459317585301837,72.3786340480854,87.0,0.0,0.0,0.0,0.0,2
144.0,6.0,1.4298983730942696,0.0,0.0,0.0,0.0,0.0,0.0,0.0,0.0,0.0,0.0,88.25,110.0,0.0,0.0,0.0,250.0,6476.0,18.0,10,1,0.5459317585301837,54.72354764328302,120.0,0.0,0.0,0.0,0.0,2
136.0,5.0,1.3029931144523448,0.0,0.0,0.0,0.0,0.0,0.0,0.0,0.0,0.0,0.0,85.52941176470588,114.0,0.0,0.0,0.0,410.0,7278.0,46.0,11,1,0.5459317585301837,45.32475409015843,135.5,0.0,0.0,0.0,0.0,2
118.0,6.0,1.2685962146043277,0.0,0.0,0.0,0.0,0.0,0.0,0.0,0.0,0.0,0.0,81.66666666666667,156.0,0.0,0.0,0.0,270.0,7920.0,36.0,11,1,0.5459317585301837,28.798148088606894,146.0,0.0,0.0,0.0,0.0,2
54.0,4.0,1.0951517032569222,0.0,0.0,0.0,0.0,0.0,0.0,0.0,0.0,0.0,0.0,79.88888888888889,54.0,0.0,0.0,0.0,218.0,1230.0,8.0,12,1,0.5459317585301837,40.80849584747437,113.0,0.0,0.0,0.0,0.0,2
42.0,2.0,0.6920129648298738,0.0,0.0,0.0,0.0,0.0,0.0,0.0,0.0,0.0,0.0,79.0,82.0,0.0,0.0,0.0,112.0,1528.0,8.0,12,1,0.5459317585301837,46.45786621588784,87.5,0.0,0.0,0.0,0.0,1
12.0,1.0,-1.000088900581841e-12,0.0,0.0,0.0,0.0,0.0,0.0,0.0,0.0,0.0,0.0,78.0,0.0,0.0,0.0,0.0,0.0,0.0,0.0,13,1,0.5459317585301837,44.64302857109942,56.5,0.0,0.0,0.0,0.0,1
72.0,4.0,1.3084661766271015,0.0,0.0,0.0,0.0,0.0,0.0,0.0,0.0,0.0,0.0,77.6,118.0,0.0,0.0,0.0,170.0,2804.0,40.0,13,1,0.5459317585301837,25.21904042583697,45.0,0.0,0.0,0.0,0.0,1
12.0,1.0,-1.000088900581841e-12,0.0,0.0,0.0,0.0,0.0,0.0,0.0,0.0,0.0,0.0,76.83333333333333,0.0,0.0,0.0,0.0,0.0,0.0,0.0,14,1,0.5459317585301837,28.72281323269013,34.5,0.0,0.0,0.0,0.0,1
12.0,1.0,-1.000088900581841e-12,0.0,0.0,0.0,0.0,0.0,0.0,0.0,0.0,0.0,0.0,76.0,44.0,0.0,0.0,0.0,0.0,0.0,0.0,14,1,0.5459317585301837,29.99999999999999,27.0,0.0,0.0,0.0,0.0,1
0.0,0.0,0.0,0.0,0.0,0.0,0.0,0.0,0.0,0.0,0.0,0.0,0.0,76.0,0.0,0.0,0.0,0.0,0.0,0.0,0.0,15,1,0.5459317585301837,32.49615361854383,24.0,0.0,0.0,0.0,0.0,1
0.0,0.0,0.0,0.0,0.0,0.0,0.0,0.0,0.0,0.0,0.0,0.0,0.0,76.0,0.0,0.0,0.0,0.0,0.0,0.0,0.0,15,1,0.5459317585301837,6.928203230275465,6.0,0.0,0.0,0.0,0.0,1
0.0,0.0,0.0,0.0,0.0,0.0,0.0,0.0,0.0,0.0,0.0,0.0,0.0,76.0,0.0,0.0,0.0,0.0,0.0,0.0,0.0,16,1,0.5459317585301837,5.999999999999949,3.0,0.0,0.0,0.0,0.0,1
70.0,5.0,1.3207784471989323,0.0,0.0,0.0,0.0,0.0,0.0,0.0,0.0,0.0,0.0,75.33333333333333,52.0,0.0,0.0,0.0,122.0,2380.0,8.0,16,1,0.5459317585301837,34.99999999999999,17.5,0.0,0.0,0.0,0.0,1
62.0,6.0,1.2542211430393353,0.0,0.0,0.0,0.0,0.0,0.0,0.0,0.0,0.0,0.0,74.1,40.0,0.0,0.0,0.0,132.0,4276.0,24.0,17,1,0.5459317585301837,38.244825358035904,33.0,0.0,0.0,0.0,0.0,1
46.0,4.0,1.1713814168677188,0.0,0.0,0.0,0.0,0.0,0.0,0.0,0.0,0.0,0.0,72.6,144.0,0.0,0.0,0.0,316.0,3092.0,32.0,17,1,0.5459317585301837,31.299627260826384,44.5,0.0,0.0,0.0,0.0,2
46.0,5.0,1.3170769416859196,0.0,0.0,0.0,0.0,0.0,0.0,0.0,0.0,0.0,0.0,71.66666666666667,108.0,0.0,0.0,0.0,144.0,4128.0,16.0,18,1,0.5459317585301837,11.999999999999972,56.0,0.0,0.0,0.0,0.0,2
18.0,1.0,-1.000088900581841e-12,0.0,0.0,0.0,0.0,0.0,0.0,0.0,0.0,0.0,0.0,71.0,0.0,0.0,0.0,0.0,72.0,0.0,0.0,18,1,0.5459317585301837,18.293896978682973,43.0,0.0,0.0,0.0,0.0,2
82.0,5.0,1.4361586543111136,0.0,0.0,0.0,20.0,0.0,0.0,0.0,0.0,0.0,0.0,70.16666666666667,102.0,0.0,0.0,0.0,372.0,4478.0,80.0,19,1,0.5459317585301837,26.22975409720799,48.0,0.0,0.0,10.0,5.0,1
66.0,7.0,1.3335672994396344,0.0,0.0,0.0,210.0,0.0,0.0,0.0,0.0,0.0,0.0,67.84615384615384,124.0,0.0,0.0,0.0,340.0,1538.0,12.0,19,1,0.5459317585301837,27.59226944876649,53.0,0.0,0.0,102.10288928331067,57.5,1
12.0,1.0,-1.000088900581841e-12,0.0,0.0,0.0,0.0,0.0,0.0,0.0,0.0,0.0,0.0,67.0,60.0,0.0,0.0,0.0,0.0,0.0,0.0,20,1,0.5459317585301837,34.77067730142741,44.5,0.0,0.0,102.10288928331067,57.5,1
4.0,1.0,-1.000088900581841e-12,0.0,0.0,0.0,0.0,0.0,0.0,0.0,0.0,0.0,0.0,67.0,0.0,0.0,0.0,0.0,0.0,0.0,0.0,20,1,0.5459317585301837,38.79862540520389,41.0,0.0,0.0,102.10288928331067,57.5,1
0.0,0.0,0.0,0.0,0.0,0.0,0.0,0.0,0.0,0.0,0.0,0.0,0.0,66.16666666666667,0.0,0.0,0.0,0.0,0.0,0.0,0.0,21,0,0.5459317585301837,30.74085229787879,20.5,0.0,0.0,105.0,52.5,1
10.0,2.0,0.6730116670072565,0.0,0.0,0.0,0.0,0.0,0.0,0.0,0.0,0.0,0.0,66.0,66.0,0.0,0.0,0.0,132.0,414.0,4.0,21,0,0.5459317585301837,5.50757054728607,6.5,0.0,0.0,0.0,0.0,1
206.0,5.0,1.2977093121862806,0.0,0.0,0.0,0.0,0.0,0.0,0.0,0.0,0.0,0.0,63.35,0.0,0.0,0.0,0.0,156.0,11638.0,32.0,22,0,0.5459317585301837,100.75051695483585,55.0,0.0,0.0,0.0,0.0,1
184.0,4.0,0.8072778298660019,0.0,0.0,0.0,0.0,0.0,0.0,0.0,0.0,0.0,0.0,57.79166666666666,60.0,0.0,0.0,0.0,80.0,12060.0,24.0,22,0,0.5459317585301837,110.13930572991036,100.0,0.0,0.0,0.0,0.0,1
90.0,4.0,0.979037791009661,0.0,0.0,0.0,0.0,0.0,0.0,0.0,0.0,0.0,0.0,52.30769230769231,40.0,0.0,0.0,0.0,80.0,8772.0,20.0,23,0,0.5459317585301837,90.30872973675726,122.5,0.0,0.0,0.0,0.0,1
198.0,5.0,0.8854810649686531,0.0,0.0,0.0,0.0,0.0,0.0,0.0,0.0,0.0,0.0,45.61904761904762,56.0,0.0,0.0,0.0,162.0,3684.0,0.0,23,0,0.5459317585301837,53.77421934967225,169.5,0.0,0.0,0.0,0.0,1
536.0,4.0,0.3323601859343784,0.0,0.0,0.0,0.0,0.0,0.0,0.0,0.0,0.0,84.0,50.66666666666666,0.0,0.0,0.0,0.0,82.0,2994.0,26.0,0,0,0.5459317585301837,195.31171666509584,252.0,0.0,0.0,0.0,0.0,2
718.0,1.0,-1.000088900581841e-12,0.0,0.0,0.0,0.0,0.0,0.0,0.0,0.0,0.0,0.0,83.56666666666666,0.0,0.0,0.0,0.0,0.0,0.0,0.0,0,0,0.5459317585301837,291.9377787588764,385.5,0.0,0.0,0.0,0.0,1
226.0,1.0,-1.000088900581841e-12,0.0,0.0,0.0,0.0,0.0,0.0,0.0,0.0,0.0,0.0,98.8,0.0,0.0,0.0,0.0,0.0,0.0,0.0,1,0,0.5459317585301837,251.11683867607653,419.5,0.0,0.0,0.0,0.0,2
0.0,0.0,0.0,0.0,0.0,0.0,0.0,0.0,0.0,0.0,0.0,0.0,0.0,100.0,0.0,0.0,0.0,0.0,0.0,0.0,0.0,1,0,0.5459317585301837,319.5288197747844,370.0,0.0,0.0,0.0,0.0,2
0.0,0.0,0.0,0.0,0.0,0.0,0.0,0.0,0.0,0.0,0.0,0.0,0.0,100.0,0.0,0.0,0.0,0.0,0.0,0.0,0.0,2,0,0.5459317585301837,338.5340947871179,236.0,0.0,0.0,0.0,0.0,2
0.0,0.0,0.0,0.0,0.0,0.0,0.0,0.0,0.0,0.0,0.0,0.0,0.0,100.0,0.0,0.0,0.0,0.0,0.0,0.0,0.0,2,0,0.5459317585301837,113.00000000000004,56.5,0.0,0.0,0.0,0.0,2
0.0,0.0,0.0,0.0,0.0,0.0,0.0,0.0,0.0,0.0,0.0,0.0,0.0,100.0,0.0,0.0,0.0,0.0,0.0,0.0,0.0,3,0,0.5459317585301837,0.0,0.0,0.0,0.0,0.0,0.0,2
0.0,0.0,0.0,0.0,0.0,0.0,0.0,0.0,0.0,0.0,0.0,0.0,0.0,100.0,0.0,0.0,0.0,0.0,0.0,0.0,0.0,3,0,0.5459317585301837,0.0,0.0,0.0,0.0,0.0,0.0,2
0.0,0.0,0.0,0.0,0.0,0.0,0.0,0.0,0.0,0.0,0.0,0.0,0.0,100.0,0.0,0.0,0.0,0.0,0.0,0.0,0.0,4,0,0.5459317585301837,0.0,0.0,0.0,0.0,0.0,0.0,2
0.0,0.0,0.0,0.0,0.0,0.0,0.0,0.0,0.0,0.0,0.0,0.0,0.0,100.0,0.0,0.0,0.0,0.0,0.0,0.0,0.0,4,0,0.5459317585301837,0.0,0.0,0.0,0.0,0.0,0.0,2
0.0,0.0,0.0,0.0,0.0,0.0,0.0,0.0,0.0,0.0,0.0,0.0,0.0,100.0,0.0,0.0,0.0,0.0,0.0,0.0,0.0,5,0,0.5459317585301837,0.0,0.0,0.0,0.0,0.0,0.0,2
0.0,0.0,0.0,0.0,0.0,0.0,0.0,0.0,0.0,0.0,0.0,0.0,0.0,100.0,0.0,0.0,0.0,0.0,0.0,0.0,0.0,5,0,0.5459317585301837,0.0,0.0,0.0,0.0,0.0,0.0,2
0.0,0.0,0.0,0.0,0.0,0.0,0.0,0.0,0.0,0.0,0.0,0.0,0.0,100.0,0.0,0.0,0.0,0.0,0.0,0.0,0.0,6,0,0.5459317585301837,0.0,0.0,0.0,0.0,0.0,0.0,2
0.0,0.0,0.0,0.0,0.0,0.0,0.0,0.0,0.0,0.0,0.0,0.0,0.0,100.0,0.0,0.0,0.0,0.0,0.0,0.0,0.0,6,0,0.5459317585301837,0.0,0.0,0.0,0.0,0.0,0.0,2
146.0,1.0,-1.000088900581841e-12,0.0,0.0,0.0,0.0,0.0,0.0,0.0,0.0,0.0,0.0,100.0,0.0,0.0,0.0,0.0,334.0,0.0,0.0,7,0,0.5459317585301837,73.00000000000006,36.5,0.0,0.0,0.0,0.0,2
118.0,4.0,1.3204565676449675,0.0,0.0,0.0,0.0,0.0,0.0,0.0,0.0,0.0,0.0,100.0,176.0,0.0,0.0,0.0,418.0,6784.0,54.0,7,0,0.5459317585301837,77.06274499825888,66.0,0.0,0.0,0.0,0.0,2
86.0,5.0,0.9511148173768532,0.0,0.0,0.0,0.0,0.0,0.0,0.0,0.0,0.0,0.0,98.9090909090909,62.0,0.0,0.0,0.0,88.0,6562.0,10.0,8,1,0.5459317585301837,63.274534108649696,87.5,0.0,0.0,0.0,0.0,2
12.0,1.0,-1.000088900581841e-12,0.0,0.0,0.0,0.0,0.0,0.0,0.0,0.0,0.0,0.0,97.16666666666669,0.0,0.0,0.0,0.0,0.0,0.0,0.0,8,1,0.5459317585301837,57.78984916632569,90.5,0.0,0.0,0.0,0.0,2
18.0,2.0,0.6365141682928128,0.0,0.0,0.0,0.0,0.0,0.0,0.0,0.0,0.0,0.0,97.0,60.0,0.0,0.0,0.0,84.0,0.0,0.0,9,1,0.5459317585301837,51.95831662656782,58.5,0.0,0.0,0.0,0.0,2
56.0,5.0,1.4302848576691607,0.0,0.0,0.0,0.0,0.0,0.0,0.0,0.0,0.0,0.0,95.9,78.0,0.0,0.0,0.0,88.0,7470.0,32.0,9,1,0.5459317585301837,34.66025581748266,43.0,0.0,0.0,0.0,0.0,2
12.0,1.0,-1.000088900581841e-12,0.0,0.0,0.0,0.0,0.0,0.0,0.0,0.0,0.0,0.0,95.0,0.0,0.0,0.0,0.0,0.0,0.0,0.0,10,1,0.5459317585301837,21.18962010041726,24.5,0.0,0.0,0.0,0.0,2
48.0,3.0,1.0114042647043515,0.0,0.0,0.0,0.0,0.0,0.0,0.0,0.0,0.0,0.0,94.54545454545456,94.0,0.0,0.0,0.0,180.0,2808.0,24.0,10,1,0.5459317585301837,21.74856317093171,33.5,0.0,0.0,0.0,0.0,2
162.0,4.0,0.6918935144937955,0.0,0.0,0.0,0.0,0.0,0.0,0.0,0.0,0.0,0.0,91.71428571428572,178.0,0.0,0.0,0.0,268.0,12762.0,34.0,11,1,0.5459317585301837,64.56779382943176,69.5,0.0,0.0,0.0,0.0,2
136.0,4.0,1.0089551269005663,0.0,0.0,0.0,0.0,0.0,0.0,0.0,0.0,0.0,0.0,88.4375,32.0,0.0,0.0,0.0,90.0,9560.0,12.0,11,1,0.5459317585301837,71.05631569396212,89.5,0.0,0.0,0.0,0.0,2
52.0,4.0,0.8729901460018483,0.0,0.0,0.0,0.0,0.0,0.0,0.0,0.0,0.0,0.0,85.77777777777777,50.0,0.0,0.0,0.0,654.0,1044.0,12.0,12,1,0.5459317585301837,58.15783122962324,99.5,0.0,0.0,0.0,0.0,1
12.0,1.0,-1.000088900581841e-12,0.0,0.0,0.0,0.0,0.0,0.0,0.0,0.0,0.0,0.0,85.0,0.0,0.0,0.0,0.0,0.0,0.0,0.0,12,1,0.5459317585301837,70.30173065674373,90.5,0.0,0.0,0.0,0.0,1
104.0,5.0,1.4367614038720902,0.0,0.0,0.0,0.0,0.0,0.0,0.0,0.0,0.0,0.0,84.66666666666667,196.0,0.0,0.0,0.0,746.0,2432.0,84.0,13,1,0.5459317585301837,54.9423940747641,76.0,0.0,0.0,0.0,0.0,1
20.0,1.0,-1.000088900581841e-12,0.0,0.0,0.0,0.0,0.0,0.0,0.0,0.0,0.0,0.0,83.57142857142857,0.0,0.0,0.0,0.0,100.0,0.0,0.0,13,1,0.5459317585301837,41.74525921187547,47.0,0.0,0.0,0.0,0.0,2
52.0,3.0,0.8305178252842479,0.0,0.0,0.0,0.0,0.0,0.0,0.0,0.0,0.0,0.0,83.0,0.0,0.0,0.0,0.0,98.0,5624.0,22.0,14,1,0.5459317585301837,41.74525921187547,47.0,0.0,0.0,0.0,0.0,2
472.0,5.0,0.95986129914914,0.0,0.0,0.0,0.0,0.0,0.0,0.0,0.0,0.0,6.0,21.59090909090909,4.0,0.0,0.0,0.0,4.0,1590.0,2.0,23,0,0.5459317585301837,211.3914220902384,157.5,0.0,0.0,0.0,0.0,2
486.0,4.0,1.011762337379834,0.0,0.0,0.0,0.0,0.0,0.0,0.0,0.0,0.0,0.0,44.869565217391305,0.0,0.0,0.0,0.0,0.0,1264.0,0.0,0,0,0.5459317585301837,237.1890947465053,274.0,0.0,0.0,0.0,0.0,2
718.0,1.0,-1.000088900581841e-12,0.0,0.0,0.0,0.0,0.0,0.0,0.0,0.0,0.0,0.0,80.76666666666667,0.0,0.0,0.0,0.0,0.0,0.0,0.0,0,0,0.5459317585301837,261.87719768369806,440.5,0.0,0.0,0.0,0.0,2
234.0,1.0,-1.000088900581841e-12,0.0,0.0,0.0,0.0,0.0,0.0,0.0,0.0,0.0,0.0,98.76666666666668,0.0,0.0,0.0,0.0,0.0,0.0,0.0,1,0,0.5459317585301837,197.68240521941587,477.5,0.0,0.0,0.0,0.0,2
0.0,0.0,0.0,0.0,0.0,0.0,0.0,0.0,0.0,0.0,0.0,0.0,0.0,100.0,0.0,0.0,0.0,0.0,0.0,0.0,0.0,1,0,0.5459317585301837,310.65253902068787,359.5,0.0,0.0,0.0,0.0,2
0.0,0.0,0.0,0.0,0.0,0.0,0.0,0.0,0.0,0.0,0.0,0.0,0.0,100.0,0.0,0.0,0.0,0.0,0.0,0.0,0.0,2,0,0.5459317585301837,338.47895060106765,238.0,0.0,0.0,0.0,0.0,2
0.0,0.0,0.0,0.0,0.0,0.0,0.0,0.0,0.0,0.0,0.0,0.0,0.0,100.0,0.0,0.0,0.0,0.0,0.0,0.0,0.0,2,0,0.5459317585301837,117.0,58.5,0.0,0.0,0.0,0.0,2
0.0,0.0,0.0,0.0,0.0,0.0,0.0,0.0,0.0,0.0,0.0,0.0,0.0,100.0,0.0,0.0,0.0,0.0,0.0,0.0,0.0,3,0,0.5459317585301837,0.0,0.0,0.0,0.0,0.0,0.0,2
0.0,0.0,0.0,0.0,0.0,0.0,0.0,0.0,0.0,0.0,0.0,0.0,0.0,100.0,0.0,0.0,0.0,0.0,0.0,0.0,0.0,3,0,0.5459317585301837,0.0,0.0,0.0,0.0,0.0,0.0,2
0.0,0.0,0.0,0.0,0.0,0.0,0.0,0.0,0.0,0.0,0.0,0.0,0.0,100.0,0.0,0.0,0.0,0.0,0.0,0.0,0.0,4,0,0.5459317585301837,0.0,0.0,0.0,0.0,0.0,0.0,2
0.0,0.0,0.0,0.0,0.0,0.0,0.0,0.0,0.0,0.0,0.0,0.0,0.0,100.0,0.0,0.0,0.0,0.0,0.0,0.0,0.0,4,0,0.5459317585301837,0.0,0.0,0.0,0.0,0.0,0.0,2
0.0,0.0,0.0,0.0,0.0,0.0,0.0,0.0,0.0,0.0,0.0,0.0,0.0,100.0,0.0,0.0,0.0,0.0,0.0,0.0,0.0,5,0,0.5459317585301837,0.0,0.0,0.0,0.0,0.0,0.0,2
0.0,0.0,0.0,0.0,0.0,0.0,0.0,0.0,0.0,0.0,0.0,0.0,0.0,100.0,0.0,0.0,0.0,0.0,0.0,0.0,0.0,5,0,0.5459317585301837,0.0,0.0,0.0,0.0,0.0,0.0,2
0.0,0.0,0.0,0.0,0.0,0.0,0.0,0.0,0.0,0.0,0.0,0.0,0.0,100.0,0.0,0.0,0.0,0.0,0.0,0.0,0.0,6,0,0.5459317585301837,0.0,0.0,0.0,0.0,0.0,0.0,2
0.0,0.0,0.0,0.0,0.0,0.0,0.0,0.0,0.0,0.0,0.0,0.0,0.0,100.0,0.0,0.0,0.0,0.0,0.0,0.0,0.0,6,0,0.5459317585301837,0.0,0.0,0.0,0.0,0.0,0.0,2
0.0,0.0,0.0,0.0,0.0,0.0,0.0,0.0,0.0,0.0,0.0,0.0,0.0,100.0,0.0,0.0,0.0,0.0,0.0,0.0,0.0,7,0,0.5459317585301837,0.0,0.0,0.0,0.0,0.0,0.0,2
0.0,0.0,0.0,0.0,0.0,0.0,0.0,0.0,0.0,0.0,0.0,0.0,0.0,100.0,0.0,0.0,0.0,0.0,0.0,0.0,0.0,7,0,0.5459317585301837,0.0,0.0,0.0,0.0,0.0,0.0,2
90.0,1.0,-1.000088900581841e-12,0.0,0.0,0.0,0.0,0.0,0.0,0.0,0.0,0.0,0.0,100.0,0.0,0.0,0.0,0.0,10.0,0.0,0.0,8,1,0.5459317585301837,45.0,22.5,0.0,0.0,0.0,0.0,2
108.0,5.0,1.3332376963812558,0.0,0.0,0.0,0.0,0.0,0.0,0.0,0.0,0.0,0.0,100.0,8.0,0.0,0.0,0.0,20.0,712.0,6.0,8,1,0.5459317585301837,57.62811813689564,49.5,0.0,0.0,0.0,0.0,2
20.0,1.0,-1.000088900581841e-12,0.0,0.0,0.0,0.0,0.0,0.0,0.0,0.0,0.0,0.0,100.0,0.0,0.0,0.0,0.0,10.0,0.0,0.0,9,1,0.5459317585301837,52.54521862167861,54.5,0.0,0.0,0.0,0.0,2
92.0,3.0,0.7112412670588526,0.0,0.0,0.0,0.0,0.0,0.0,0.0,0.0,0.0,0.0,100.0,26.0,0.0,0.0,0.0,42.0,1354.0,10.0,9,1,0.5459317585301837,39.17056718166502,77.5,0.0,0.0,0.0,0.0,2
28.0,2.0,0.2573186405418316,0.0,0.0,0.0,0.0,0.0,0.0,0.0,0.0,0.0,0.0,99.16666666666669,16.0,0.0,0.0,0.0,16.0,66.0,2.0,10,1,0.5459317585301837,44.4822061802994,62.0,0.0,0.0,0.0,0.0,2
26.0,4.0,1.0317671113465354,0.0,0.0,0.0,0.0,0.0,0.0,0.0,0.0,0.0,0.0,99.0,14.0,0.0,0.0,0.0,18.0,440.0,4.0,10,1,0.5459317585301837,33.837848631377256,41.5,0.0,0.0,0.0,0.0,1
12.0,2.0,0.6365141682928128,0.0,0.0,0.0,0.0,0.0,0.0,0.0,0.0,0.0,0.0,98.16666666666669,16.0,0.0,0.0,0.0,18.0,0.0,0.0,11,1,0.5459317585301837,35.7164761233057,39.5,0.0,0.0,0.0,0.0,2
12.0,1.0,-1.000088900581841e-12,0.0,0.0,0.0,0.0,0.0,0.0,0.0,0.0,0.0,0.0,98.0,0.0,0.0,0.0,0.0,18.0,0.0,0.0,11,1,0.5459317585301837,8.698658900466574,19.5,0.0,0.0,0.0,0.0,2
96.0,5.0,0.6016471366945402,0.0,0.0,0.0,0.0,0.0,0.0,0.0,0.0,0.0,0.0,96.75,14.0,0.0,0.0,0.0,54.0,2470.0,12.0,12,1,0.5459317585301837,40.2119385257662,36.5,0.0,0.0,0.0,0.0,2
106.0,4.0,1.0736618099147408,0.0,0.0,0.0,0.0,0.0,0.0,0.0,0.0,0.0,0.0,94.07692307692308,28.0,0.0,0.0,0.0,36.0,3136.0,6.0,12,1,0.5459317585301837,51.54609587543949,56.5,0.0,0.0,0.0,0.0,2
58.0,3.0,0.6516582165610162,0.0,0.0,0.0,0.0,0.0,0.0,0.0,0.0,0.0,0.0,91.6,22.0,0.0,0.0,0.0,44.0,838.0,4.0,13,1,0.5459317585301837,42.67708206207792,68.0,0.0,0.0,0.0,0.0,1
44.0,5.0,1.2127556469838374,0.0,0.0,0.0,14.0,0.0,0.0,0.0,0.0,0.0,0.0,89.4,22.0,0.0,0.0,0.0,88.0,1144.0,22.0,13,1,0.5459317585301837,29.70970660687625,76.0,0.0,0.0,7.000000000000173,3.5,1
30.0,3.0,0.8532361505527783,0.0,0.0,0.0,0.0,0.0,0.0,0.0,0.0,0.0,0.0,88.28571428571429,20.0,0.0,0.0,0.0,22.0,1306.0,4.0,14,1,0.5459317585301837,33.04037933599834,59.5,0.0,0.0,7.000000000000173,3.5,1
16.0,1.0,-1.000088900581841e-12,0.0,0.0,0.0,8.0,0.0,0.0,0.0,0.0,0.0,0.0,87.14285714285714,20.0,0.0,0.0,0.0,20.0,40.0,2.0,14,1,0.5459317585301837,18.07392228230126,37.0,0.0,0.0,6.806859285554224,5.5,1
12.0,1.0,-1.000088900581841e-12,0.0,0.0,0.0,0.0,0.0,0.0,0.0,0.0,0.0,0.0,86.66666666666667,0.0,0.0,0.0,0.0,0.0,0.0,0.0,15,1,0.5459317585301837,14.548768561863442,25.5,0.0,0.0,6.806859285554224,5.5,1
138.0,3.0,0.5023395901039844,0.0,0.0,0.0,24.0,0.0,0.0,0.0,0.0,0.0,0.0,85.4,30.0,0.0,0.0,0.0,68.0,1342.0,14.0,15,1,0.5459317585301837,59.83310120660636,49.0,0.0,0.0,11.313708498984868,8.0,1
20.0,1.0,-1.000088900581841e-12,0.0,0.0,0.0,0.0,0.0,0.0,0.0,0.0,0.0,0.0,84.14285714285714,0.0,0.0,0.0,0.0,30.0,0.0,0.0,16,1,0.5459317585301837,61.087369125431046,46.5,0.0,0.0,11.313708498984868,8.0,1
6.0,1.0,-1.000088900581841e-12,0.0,0.0,0.0,0.0,0.0,0.0,0.0,0.0,0.0,0.0,84.0,18.0,0.0,0.0,0.0,0.0,0.0,0.0,16,1,0.5459317585301837,62.92853089020909,44.0,0.0,0.0,12.0000000000001,6.0,1
96.0,3.0,1.0239287996359363,0.0,0.0,0.0,24.0,0.0,0.0,0.0,0.0,0.0,0.0,83.4,26.0,0.0,0.0,0.0,30.0,958.0,10.0,17,1,0.5459317585301837,62.70566162636353,65.0,0.0,0.0,13.856406460551106,12.0,1
16.0,3.0,0.7356219397557947,0.0,0.0,0.0,0.0,0.0,0.0,0.0,0.0,0.0,0.0,82.0,22.0,0.0,0.0,0.0,36.0,302.0,2.0,17,1,0.5459317585301837,41.42060678776527,34.5,0.0,0.0,12.0000000000001,6.0,2
24.0,2.0,0.2868359830541607,0.0,0.0,0.0,8.0,0.0,0.0,0.0,0.0,0.0,0.0,81.0,26.0,0.0,0.0,0.0,72.0,66.0,2.0,18,1,0.5459317585301837,40.99999999999999,35.5,0.0,0.0,11.313708498984868,8.0,2
40.0,3.0,0.8237197315088312,0.0,0.0,0.0,8.0,0.0,0.0,0.0,0.0,0.0,0.0,80.22222222222223,40.0,0.0,0.0,0.0,144.0,520.0,14.0,18,1,0.5459317585301837,36.07399802258315,44.0,0.0,0.0,10.066445913694452,10.0,2
64.0,6.0,1.5588874705411273,0.0,0.0,0.0,44.0,0.0,0.0,0.0,0.0,0.0,0.0,79.0,32.0,0.0,0.0,0.0,116.0,1504.0,4.0,19,1,0.5459317585301837,21.16601048851671,36.0,0.0,0.0,19.697715603592272,15.0,2
12.0,1.0,-1.000088900581841e-12,0.0,0.0,0.0,0.0,0.0,0.0,0.0,0.0,0.0,0.0,78.0,0.0,0.0,0.0,0.0,0.0,0.0,0.0,19,1,0.5459317585301837,22.47962040011648,35.0,0.0,0.0,19.697715603592272,15.0,2
6.0,1.0,-1.000088900581841e-12,0.0,0.0,0.0,0.0,0.0,0.0,0.0,0.0,0.0,0.0,78.0,26.0,0.0,0.0,0.0,0.0,0.0,0.0,20,1,0.5459317585301837,26.80174123696691,30.5,0.0,0.0,21.00793500878504,13.0,2
0.0,0.0,0.0,0.0,0.0,0.0,0.0,0.0,0.0,0.0,0.0,0.0,0.0,78.0,0.0,0.0,0.0,0.0,0.0,0.0,0.0,20,1,0.5459317585301837,29.41088233970548,20.5,0.0,0.0,22.000000000000057,11.0,2
18.0,1.0,-1.000088900581841e-12,0.0,0.0,0.0,10.0,0.0,0.0,0.0,0.0,0.0,0.0,77.75,62.0,0.0,0.0,0.0,80.0,126.0,20.0,21,0,0.5459317585301837,7.745966692414795,9.0,0.0,0.0,5.0000000000002425,2.5,2
164.0,4.0,1.164865119669536,0.0,0.0,0.0,28.0,0.0,0.0,0.0,0.0,0.0,0.0,75.58823529411765,26.0,0.0,0.0,0.0,120.0,5116.0,8.0,21,0,0.5459317585301837,78.35815209663893,47.0,0.0,0.0,13.203534880225664,9.5,2
40.0,3.0,0.5181862130472128,0.0,0.0,0.0,0.0,0.0,0.0,0.0,0.0,0.0,0.0,69.0,0.0,0.0,0.0,0.0,0.0,3248.0,0.0,22,0,0.5459317585301837,74.15973750403022,55.5,0.0,0.0,13.203534880225664,9.5,2
34.0,3.0,1.0551016181656423,0.0,0.0,0.0,0.0,0.0,0.0,0.0,0.0,0.0,0.0,60.375,30.0,0.0,0.0,0.0,42.0,2310.0,2.0,22,0,0.5459317585301837,67.31022705849882,64.0,0.0,0.0,13.203534880225664,9.5,2
136.0,4.0,0.908636621152002,0.0,0.0,0.0,0.0,0.0,0.0,0.0,0.0,0.0,0.0,56.61538461538461,0.0,0.0,0.0,0.0,44.0,4504.0,8.0,23,0,0.5459317585301837,66.27971031922213,93.5,0.0,0.0,14.000000000000089,7.0,2
430.0,3.0,0.2542044595807311,0.0,0.0,0.0,0.0,0.0,0.0,0.0,0.0,0.0,40.0,58.59090909090909,0.0,0.0,0.0,0.0,0.0,1276.0,0.0,23,0,0.5459317585301837,185.96773913773325,160.0,0.0,0.0,0.0,0.0,2
710.0,1.0,-1.000088900581841e-12,0.0,0.0,0.0,0.0,0.0,0.0,0.0,0.0,0.0,0.0,86.8,0.0,0.0,0.0,0.0,0.0,0.0,0.0,0,0,0.5459317585301837,305.3014903337355,327.5,0.0,0.0,0.0,0.0,2
314.0,1.0,-1.000088900581841e-12,0.0,0.0,0.0,0.0,0.0,0.0,0.0,0.0,0.0,0.0,99.46666666666668,0.0,0.0,0.0,0.0,0.0,0.0,0.0,0,0,0.5459317585301837,240.8782541727944,397.5,0.0,0.0,0.0,0.0,2
0.0,0.0,0.0,0.0,0.0,0.0,0.0,0.0,0.0,0.0,0.0,0.0,0.0,100.0,0.0,0.0,0.0,0.0,0.0,0.0,0.0,1,0,0.5459317585301837,293.86334692619744,363.5,0.0,0.0,0.0,0.0,2
0.0,0.0,0.0,0.0,0.0,0.0,0.0,0.0,0.0,0.0,0.0,0.0,0.0,100.0,0.0,0.0,0.0,0.0,0.0,0.0,0.0,1,0,0.5459317585301837,336.92333450405795,256.0,0.0,0.0,0.0,0.0,2
0.0,0.0,0.0,0.0,0.0,0.0,0.0,0.0,0.0,0.0,0.0,0.0,0.0,100.0,0.0,0.0,0.0,0.0,0.0,0.0,0.0,2,0,0.5459317585301837,156.99999999999994,78.5,0.0,0.0,0.0,0.0,2
0.0,0.0,0.0,0.0,0.0,0.0,0.0,0.0,0.0,0.0,0.0,0.0,0.0,100.0,0.0,0.0,0.0,0.0,0.0,0.0,0.0,2,0,0.5459317585301837,0.0,0.0,0.0,0.0,0.0,0.0,2
0.0,0.0,0.0,0.0,0.0,0.0,0.0,0.0,0.0,0.0,0.0,0.0,0.0,100.0,0.0,0.0,0.0,0.0,0.0,0.0,0.0,3,0,0.5459317585301837,0.0,0.0,0.0,0.0,0.0,0.0,2
0.0,0.0,0.0,0.0,0.0,0.0,0.0,0.0,0.0,0.0,0.0,0.0,0.0,100.0,0.0,0.0,0.0,0.0,0.0,0.0,0.0,3,0,0.5459317585301837,0.0,0.0,0.0,0.0,0.0,0.0,2
0.0,0.0,0.0,0.0,0.0,0.0,0.0,0.0,0.0,0.0,0.0,0.0,0.0,100.0,0.0,0.0,0.0,0.0,0.0,0.0,0.0,4,0,0.5459317585301837,0.0,0.0,0.0,0.0,0.0,0.0,2
0.0,0.0,0.0,0.0,0.0,0.0,0.0,0.0,0.0,0.0,0.0,0.0,0.0,100.0,0.0,0.0,0.0,0.0,0.0,0.0,0.0,4,0,0.5459317585301837,0.0,0.0,0.0,0.0,0.0,0.0,2
0.0,0.0,0.0,0.0,0.0,0.0,0.0,0.0,0.0,0.0,0.0,0.0,0.0,100.0,0.0,0.0,0.0,0.0,0.0,0.0,0.0,5,0,0.5459317585301837,0.0,0.0,0.0,0.0,0.0,0.0,2
0.0,0.0,0.0,0.0,0.0,0.0,0.0,0.0,0.0,0.0,0.0,0.0,0.0,100.0,0.0,0.0,0.0,0.0,0.0,0.0,0.0,5,0,0.5459317585301837,0.0,0.0,0.0,0.0,0.0,0.0,2
0.0,0.0,0.0,0.0,0.0,0.0,0.0,0.0,0.0,0.0,0.0,0.0,0.0,100.0,0.0,0.0,0.0,0.0,0.0,0.0,0.0,6,0,0.5459317585301837,0.0,0.0,0.0,0.0,0.0,0.0,2
0.0,0.0,0.0,0.0,0.0,0.0,0.0,0.0,0.0,0.0,0.0,0.0,0.0,100.0,0.0,0.0,0.0,0.0,0.0,0.0,0.0,6,0,0.5459317585301837,0.0,0.0,0.0,0.0,0.0,0.0,2
0.0,0.0,0.0,0.0,0.0,0.0,0.0,0.0,0.0,0.0,0.0,0.0,0.0,100.0,0.0,0.0,0.0,0.0,0.0,0.0,0.0,7,0,0.5459317585301837,0.0,0.0,0.0,0.0,0.0,0.0,2
0.0,0.0,0.0,0.0,0.0,0.0,0.0,0.0,0.0,0.0,0.0,0.0,0.0,100.0,0.0,0.0,0.0,0.0,0.0,0.0,0.0,7,0,0.5459317585301837,0.0,0.0,0.0,0.0,0.0,0.0,2
0.0,0.0,0.0,0.0,0.0,0.0,0.0,0.0,0.0,0.0,0.0,0.0,0.0,100.0,0.0,0.0,0.0,0.0,0.0,0.0,0.0,8,1,0.5459317585301837,0.0,0.0,0.0,0.0,0.0,0.0,2
0.0,0.0,0.0,0.0,0.0,0.0,0.0,0.0,0.0,0.0,0.0,0.0,0.0,100.0,0.0,0.0,0.0,0.0,0.0,0.0,0.0,8,1,0.5459317585301837,0.0,0.0,0.0,0.0,0.0,0.0,2
168.0,5.0,1.0950404975542452,0.0,0.0,0.0,0.0,0.0,0.0,0.0,0.0,0.0,0.0,100.0,0.0,0.0,0.0,0.0,200.0,1480.0,34.0,9,1,0.5459317585301837,83.99999999999991,42.0,0.0,0.0,0.0,0.0,2
382.0,5.0,0.933639515772599,0.0,0.0,0.0,0.0,0.0,0.0,0.0,0.0,0.0,0.0,100.0,60.0,0.0,0.0,0.0,306.0,9536.0,46.0,9,1,0.5459317585301837,181.22085972646744,137.5,0.0,0.0,0.0,0.0,2
48.0,4.0,1.0538790239022011,0.0,0.0,0.0,0.0,0.0,0.0,0.0,0.0,0.0,0.0,99.5,166.0,0.0,0.0,0.0,162.0,1990.0,6.0,10,1,0.5459317585301837,170.34377006512443,149.5,0.0,0.0,0.0,0.0,2
20.0,3.0,1.054920167983144,0.0,0.0,0.0,0.0,0.0,0.0,0.0,0.0,0.0,0.0,98.42857142857144,50.0,0.0,0.0,0.0,112.0,592.0,14.0,10,1,0.5459317585301837,164.69264302532355,154.5,0.0,0.0,0.0,0.0,2
18.0,3.0,0.9950269901765214,0.0,0.0,0.0,0.0,0.0,0.0,0.0,0.0,0.0,0.0,97.28571428571428,38.0,0.0,0.0,0.0,112.0,46.0,28.0,11,1,0.5459317585301837,177.19668920910078,117.0,0.0,0.0,0.0,0.0,2
12.0,1.0,-1.000088900581841e-12,0.0,0.0,0.0,0.0,0.0,0.0,0.0,0.0,0.0,0.0,96.33333333333331,0.0,0.0,0.0,0.0,0.0,0.0,0.0,11,1,0.5459317585301837,16.031219541880994,24.5,0.0,0.0,0.0,0.0,2
20.0,2.0,0.6108643020528935,0.0,0.0,0.0,0.0,0.0,0.0,0.0,0.0,0.0,0.0,95.25,70.0,0.0,0.0,0.0,168.0,254.0,12.0,12,1,0.5459317585301837,3.785938897198488,17.5,0.0,0.0,0.0,0.0,2
12.0,1.0,-1.000088900581841e-12,0.0,0.0,0.0,0.0,0.0,0.0,0.0,0.0,0.0,0.0,95.0,0.0,0.0,0.0,0.0,0.0,0.0,0.0,12,1,0.5459317585301837,4.123105625616107,15.5,0.0,0.0,0.0,0.0,2
22.0,2.0,0.6554817738993928,0.0,0.0,0.0,0.0,0.0,0.0,0.0,0.0,0.0,0.0,94.28571428571428,44.0,0.0,0.0,0.0,112.0,1108.0,34.0,13,1,0.5459317585301837,5.2599112793519485,16.5,0.0,0.0,0.0,0.0,2
38.0,3.0,0.8569977547750645,0.0,0.0,0.0,0.0,0.0,0.0,0.0,0.0,0.0,0.0,94.0,34.0,0.0,0.0,0.0,112.0,2228.0,12.0,13,1,0.5459317585301837,10.89342309224487,23.0,0.0,0.0,0.0,0.0,2
86.0,3.0,1.071304063319762,0.0,0.0,0.0,0.0,0.0,0.0,0.0,0.0,0.0,0.0,93.0,96.0,0.0,0.0,0.0,114.0,4168.0,18.0,14,1,0.5459317585301837,32.79735761714126,39.5,0.0,0.0,0.0,0.0,2
110.0,3.0,0.6472884027412257,0.0,0.0,0.0,0.0,0.0,0.0,0.0,0.0,0.0,0.0,91.28571428571428,84.0,0.0,0.0,0.0,290.0,4140.0,26.0,14,1,0.5459317585301837,40.98780306383824,64.0,0.0,0.0,0.0,0.0,2
64.0,2.0,0.482577565175012,0.0,0.0,0.0,58.0,0.0,0.0,0.0,0.0,0.0,0.0,89.0,82.0,0.0,0.0,0.0,58.0,3808.0,4.0,15,1,0.5459317585301837,30.74085229787859,74.5,0.0,0.0,29.000000000000043,14.5,2
12.0,1.0,-1.000088900581841e-12,0.0,0.0,0.0,0.0,0.0,0.0,0.0,0.0,0.0,0.0,86.0,0.0,0.0,0.0,0.0,0.0,0.0,0.0,15,1,0.5459317585301837,41.79314138308646,68.0,0.0,0.0,29.000000000000043,14.5,2
10.0,1.0,-1.000088900581841e-12,0.0,0.0,0.0,0.0,0.0,0.0,0.0,0.0,0.0,0.0,85.0,42.0,0.0,0.0,0.0,8.0,0.0,0.0,16,1,0.5459317585301837,47.73538170651465,49.0,0.0,0.0,29.000000000000043,14.5,2
60.0,6.0,1.4404599953292134,0.0,0.0,0.0,24.0,0.0,0.0,0.0,0.0,0.0,0.0,84.88888888888889,96.0,0.0,0.0,0.0,128.0,1058.0,28.0,16,1,0.5459317585301837,29.501412395567108,36.5,0.0,0.0,27.44084546802453,20.5,2
70.0,5.0,1.1814717509119206,0.0,0.0,0.0,0.0,0.0,0.0,0.0,0.0,0.0,0.0,83.5,88.0,60.0,42.0,0.0,120.0,1662.0,10.0,17,1,0.5459317585301837,31.453669632227665,38.0,0.0,0.0,12.0000000000001,6.0,2
24.0,4.0,1.1187433359817525,0.0,0.0,0.0,0.0,0.0,0.0,0.0,0.0,0.0,0.0,82.5,28.0,0.0,0.0,0.0,60.0,2240.0,4.0,17,1,0.5459317585301837,28.589042189855203,41.0,0.0,0.0,12.0000000000001,6.0,2
12.0,1.0,-1.000088900581841e-12,0.0,0.0,0.0,0.0,0.0,0.0,0.0,0.0,0.0,0.0,81.5,0.0,0.0,0.0,0.0,0.0,0.0,0.0,18,1,0.5459317585301837,27.874719729532483,41.5,0.0,0.0,12.0000000000001,6.0,2
24.0,2.0,0.6365141682928128,0.0,0.0,0.0,0.0,0.0,0.0,0.0,0.0,0.0,0.0,81.0,54.0,0.0,0.0,0.0,124.0,12.0,4.0,18,1,0.5459317585301837,25.632011235952348,32.5,0.0,0.0,0.0,0.0,2
16.0,1.0,-1.000088900581841e-12,0.0,0.0,0.0,0.0,0.0,0.0,0.0,0.0,0.0,0.0,81.0,54.0,0.0,0.0,0.0,62.0,0.0,10.0,19,1,0.5459317585301837,5.999999999998951,19.0,0.0,0.0,0.0,0.0,1
16.0,1.0,-1.000088900581841e-12,0.0,0.0,0.0,0.0,0.0,0.0,0.0,0.0,0.0,0.0,80.71428571428571,0.0,0.0,0.0,0.0,124.0,0.0,0.0,19,1,0.5459317585301837,5.033222956845917,17.0,0.0,0.0,0.0,0.0,1
4.0,1.0,-1.000088900581841e-12,0.0,0.0,0.0,0.0,0.0,0.0,0.0,0.0,0.0,0.0,80.0,48.0,0.0,0.0,0.0,0.0,0.0,0.0,20,1,0.5459317585301837,8.24621125123456,15.0,0.0,0.0,0.0,0.0,1
0.0,0.0,0.0,0.0,0.0,0.0,0.0,0.0,0.0,0.0,0.0,0.0,0.0,80.0,0.0,0.0,0.0,0.0,0.0,0.0,0.0,20,1,0.5459317585301837,8.24621125123456,9.0,0.0,0.0,0.0,0.0,1
0.0,0.0,0.0,0.0,0.0,0.0,0.0,0.0,0.0,0.0,0.0,0.0,0.0,80.0,0.0,0.0,0.0,0.0,0.0,0.0,0.0,21,0,0.5459317585301837,7.571877794399534,5.0,0.0,0.0,0.0,0.0,1
74.0,4.0,0.7895103133465803,0.0,0.0,0.0,0.0,0.0,0.0,0.0,0.0,0.0,0.0,79.33333333333333,44.0,0.0,0.0,0.0,128.0,3066.0,28.0,21,0,0.5459317585301837,36.38223009474068,19.5,0.0,0.0,0.0,0.0,1
128.0,5.0,1.1761293261267065,0.0,0.0,0.0,0.0,0.0,0.0,0.0,0.0,0.0,0.0,77.47619047619048,142.0,0.0,0.0,0.0,366.0,10700.0,42.0,22,0,0.5459317585301837,62.34046305036016,50.5,0.0,0.0,0.0,0.0,1
104.0,6.0,1.3728824493734877,0.0,0.0,0.0,0.0,0.0,0.0,0.0,0.0,0.0,0.0,74.27272727272727,198.0,0.0,0.0,0.0,546.0,9390.0,72.0,22,0,0.5459317585301837,55.5787729263609,76.5,0.0,0.0,0.0,0.0,1
36.0,2.0,0.6365141682928128,0.0,0.0,0.0,0.0,0.0,0.0,0.0,0.0,0.0,0.0,71.75,48.0,0.0,0.0,0.0,74.0,3480.0,6.0,23,0,0.5459317585301837,39.7114593033294,85.5,0.0,0.0,0.0,0.0,2
44.0,2.0,0.5859526183015509,0.0,0.0,0.0,0.0,0.0,0.0,0.0,0.0,0.0,0.0,70.6,56.0,0.0,0.0,0.0,74.0,3410.0,4.0,23,0,0.5459317585301837,45.07771067833844,78.0,0.0,0.0,0.0,0.0,2
282.0,2.0,0.0421645771470718,0.0,0.0,0.0,0.0,0.0,0.0,0.0,0.0,0.0,62.0,73.3125,0.0,0.0,0.0,58.0,74.0,160.0,4.0,0,0,0.5459317585301837,114.43047379668285,116.5,0.0,0.0,0.0,0.0,2
718.0,1.0,-1.000088900581841e-12,0.0,0.0,0.0,0.0,0.0,0.0,0.0,0.0,0.0,0.0,92.46666666666668,0.0,0.0,0.0,0.0,0.0,0.0,0.0,0,0,0.5459317585301837,319.72905195910283,270.0,0.0,0.0,0.0,0.0,2
446.0,1.0,-1.000088900581841e-12,0.0,0.0,0.0,0.0,0.0,0.0,0.0,0.0,0.0,0.0,99.96666666666668,0.0,0.0,0.0,0.0,0.0,0.0,0.0,1,0,0.5459317585301837,283.35784207723395,372.5,0.0,0.0,0.0,0.0,2
0.0,0.0,0.0,0.0,0.0,0.0,0.0,0.0,0.0,0.0,0.0,0.0,0.0,100.0,0.0,0.0,0.0,0.0,0.0,0.0,0.0,1,0,0.5459317585301837,300.6853283196017,361.5,0.0,0.0,0.0,0.0,2
0.0,0.0,0.0,0.0,0.0,0.0,0.0,0.0,0.0,0.0,0.0,0.0,0.0,100.0,0.0,0.0,0.0,0.0,0.0,0.0,0.0,2,0,0.5459317585301837,353.890755271548,291.0,0.0,0.0,0.0,0.0,2
0.0,0.0,0.0,0.0,0.0,0.0,0.0,0.0,0.0,0.0,0.0,0.0,0.0,100.0,0.0,0.0,0.0,0.0,0.0,0.0,0.0,2,0,0.5459317585301837,223.0,111.5,0.0,0.0,0.0,0.0,2
0.0,0.0,0.0,0.0,0.0,0.0,0.0,0.0,0.0,0.0,0.0,0.0,0.0,100.0,0.0,0.0,0.0,0.0,0.0,0.0,0.0,3,0,0.5459317585301837,0.0,0.0,0.0,0.0,0.0,0.0,2
0.0,0.0,0.0,0.0,0.0,0.0,0.0,0.0,0.0,0.0,0.0,0.0,0.0,100.0,0.0,0.0,0.0,0.0,0.0,0.0,0.0,3,0,0.5459317585301837,0.0,0.0,0.0,0.0,0.0,0.0,2
0.0,0.0,0.0,0.0,0.0,0.0,0.0,0.0,0.0,0.0,0.0,0.0,0.0,100.0,0.0,0.0,0.0,0.0,0.0,0.0,0.0,4,0,0.5459317585301837,0.0,0.0,0.0,0.0,0.0,0.0,2
0.0,0.0,0.0,0.0,0.0,0.0,0.0,0.0,0.0,0.0,0.0,0.0,0.0,100.0,0.0,0.0,0.0,0.0,0.0,0.0,0.0,4,0,0.5459317585301837,0.0,0.0,0.0,0.0,0.0,0.0,2
0.0,0.0,0.0,0.0,0.0,0.0,0.0,0.0,0.0,0.0,0.0,0.0,0.0,100.0,0.0,0.0,0.0,0.0,0.0,0.0,0.0,5,0,0.5459317585301837,0.0,0.0,0.0,0.0,0.0,0.0,2
0.0,0.0,0.0,0.0,0.0,0.0,0.0,0.0,0.0,0.0,0.0,0.0,0.0,100.0,0.0,0.0,0.0,0.0,0.0,0.0,0.0,5,0,0.5459317585301837,0.0,0.0,0.0,0.0,0.0,0.0,2
0.0,0.0,0.0,0.0,0.0,0.0,0.0,0.0,0.0,0.0,0.0,0.0,0.0,100.0,0.0,0.0,0.0,0.0,0.0,0.0,0.0,6,0,0.5459317585301837,0.0,0.0,0.0,0.0,0.0,0.0,2
0.0,0.0,0.0,0.0,0.0,0.0,0.0,0.0,0.0,0.0,0.0,0.0,0.0,100.0,0.0,0.0,0.0,0.0,0.0,0.0,0.0,6,0,0.5459317585301837,0.0,0.0,0.0,0.0,0.0,0.0,2
0.0,0.0,0.0,0.0,0.0,0.0,0.0,0.0,0.0,0.0,0.0,0.0,0.0,100.0,0.0,0.0,0.0,0.0,0.0,0.0,0.0,7,0,0.5459317585301837,0.0,0.0,0.0,0.0,0.0,0.0,2
0.0,0.0,0.0,0.0,0.0,0.0,0.0,0.0,0.0,0.0,0.0,0.0,0.0,100.0,0.0,0.0,0.0,0.0,0.0,0.0,0.0,7,0,0.5459317585301837,0.0,0.0,0.0,0.0,0.0,0.0,2
0.0,0.0,0.0,0.0,0.0,0.0,0.0,0.0,0.0,0.0,0.0,0.0,0.0,100.0,0.0,0.0,0.0,0.0,0.0,0.0,0.0,8,1,0.5459317585301837,0.0,0.0,0.0,0.0,0.0,0.0,2
0.0,0.0,0.0,0.0,0.0,0.0,0.0,0.0,0.0,0.0,0.0,0.0,0.0,100.0,0.0,0.0,0.0,0.0,0.0,0.0,0.0,8,1,0.5459317585301837,0.0,0.0,0.0,0.0,0.0,0.0,2
42.0,1.0,-1.000088900581841e-12,0.0,0.0,0.0,0.0,0.0,0.0,0.0,0.0,0.0,0.0,100.0,0.0,0.0,0.0,0.0,74.0,0.0,0.0,9,1,0.5459317585301837,21.0,10.5,0.0,0.0,0.0,0.0,2
298.0,6.0,1.5472010705838666,0.0,0.0,0.0,0.0,0.0,0.0,0.0,0.0,0.0,0.0,100.0,0.0,0.0,0.0,0.0,368.0,15256.0,16.0,9,1,0.5459317585301837,143.37363774418225,85.0,0.0,0.0,0.0,0.0,2
494.0,4.0,0.5582331409612749,0.0,0.0,0.0,0.0,0.0,0.0,0.0,0.0,0.0,0.0,100.0,0.0,0.0,0.0,0.0,74.0,15312.0,8.0,10,1,0.5459317585301837,231.45553928706624,208.5,0.0,0.0,0.0,0.0,2
346.0,3.0,0.4026752289877754,0.0,0.0,0.0,0.0,0.0,0.0,0.0,0.0,0.0,0.0,100.0,104.0,78.0,64.0,0.0,538.0,6020.0,70.0,10,1,0.5459317585301837,188.16659285501947,295.0,0.0,0.0,0.0,0.0,2
58.0,4.0,1.2050535943104386,0.0,0.0,0.0,0.0,0.0,0.0,0.0,0.0,0.0,0.0,99.8,0.0,0.0,0.0,0.0,78.0,3120.0,4.0,11,1,0.5459317585301837,181.030384190058,299.0,0.0,0.0,0.0,0.0,1
134.0,8.0,1.1005067501864902,0.0,0.0,0.0,0.0,0.0,0.0,0.0,0.0,0.0,0.0,97.84615384615384,102.0,0.0,0.0,0.0,236.0,11176.0,36.0,11,1,0.5459317585301837,199.0108874743624,258.0,0.0,0.0,0.0,0.0,1
0.0,0.0,0.0,0.0,0.0,0.0,0.0,0.0,0.0,0.0,0.0,0.0,0.0,0.0,34.0,0.0,0.0,0.0,240.0,9962.0,16.0,12,1,0.5459317585301837,151.29992289048485,134.5,0.0,0.0,0.0,0.0,2
614.0,3.0,0.0611711495756913,0.0,0.0,0.0,0.0,0.0,0.0,0.0,0.0,0.0,0.0,85.52,0.0,0.0,0.0,0.0,0.0,9034.0,0.0,12,1,0.5459317585301837,280.4205175565202,201.5,0.0,0.0,0.0,0.0,2
248.0,4.0,0.6219678575114354,0.0,0.0,0.0,0.0,0.0,0.0,0.0,0.0,0.0,0.0,81.4,62.0,0.0,0.0,0.0,166.0,6798.0,10.0,13,1,0.5459317585301837,263.59817905289106,249.0,0.0,0.0,0.0,0.0,2
702.0,2.0,0.1192469263942449,0.0,0.0,0.0,0.0,0.0,0.0,0.0,0.0,0.0,0.0,76.93333333333334,0.0,0.0,0.0,0.0,84.0,29988.0,0.0,13,1,0.5459317585301837,326.48634478846634,391.0,0.0,0.0,0.0,0.0,2
580.0,3.0,0.2916552312219704,0.0,0.0,0.0,0.0,0.0,0.0,0.0,0.0,0.0,0.0,70.88,40.0,0.0,0.0,0.0,0.0,14522.0,0.0,14,1,0.5459317585301837,198.7628402560868,536.0,0.0,0.0,0.0,0.0,2
86.0,4.0,0.953885345868098,0.0,0.0,0.0,0.0,0.0,0.0,0.0,0.0,0.0,0.0,67.6,172.0,0.0,0.0,0.0,336.0,2482.0,72.0,14,1,0.5459317585301837,285.9137399053544,404.0,0.0,0.0,0.0,0.0,2
376.0,8.0,1.2594639518998627,0.0,0.0,0.0,0.0,0.0,0.0,0.0,0.0,0.0,0.0,65.66666666666667,58.0,0.0,0.0,0.0,258.0,13734.0,28.0,15,1,0.5459317585301837,269.3151809064366,436.0,0.0,0.0,0.0,0.0,2
64.0,4.0,1.0912105822185791,0.0,0.0,0.0,0.0,0.0,0.0,0.0,0.0,0.0,0.0,63.0,144.0,0.0,0.0,0.0,180.0,4090.0,28.0,15,1,0.5459317585301837,247.29132617218903,276.5,0.0,0.0,0.0,0.0,2
80.0,4.0,1.3292871999568805,0.0,0.0,0.0,0.0,0.0,0.0,0.0,0.0,0.0,0.0,60.7,134.0,0.0,0.0,0.0,450.0,2852.0,38.0,16,1,0.5459317585301837,149.95443752464723,151.5,0.0,0.0,0.0,0.0,2
144.0,3.0,1.087923282406353,0.0,0.0,0.0,0.0,0.0,0.0,0.0,0.0,0.0,0.0,58.25,112.0,0.0,0.0,0.0,454.0,9514.0,62.0,16,1,0.5459317585301837,144.2035598266099,166.0,0.0,0.0,0.0,0.0,2
102.0,4.0,1.0379761739297306,0.0,0.0,0.0,0.0,0.0,0.0,0.0,0.0,0.0,0.0,56.55555555555556,248.0,0.0,0.0,0.0,368.0,4168.0,42.0,17,1,0.5459317585301837,34.69389955981688,97.5,0.0,0.0,0.0,0.0,2
354.0,4.0,0.9182750721746258,0.0,0.0,0.0,0.0,0.0,0.0,0.0,0.0,0.0,0.0,54.75,132.0,0.0,0.0,0.0,762.0,35508.0,96.0,17,1,0.5459317585301837,125.50697191789784,170.0,0.0,0.0,0.0,0.0,2
110.0,2.0,0.6029636624142398,0.0,0.0,0.0,0.0,0.0,0.0,0.0,0.0,0.0,0.0,52.63636363636363,238.0,0.0,0.0,0.0,570.0,8058.0,98.0,18,1,0.5459317585301837,119.06720791217032,177.5,0.0,0.0,0.0,0.0,2
204.0,8.0,1.7640236487098322,0.0,0.0,0.0,0.0,0.0,0.0,0.0,0.0,0.0,0.0,51.333333333333336,184.0,0.0,0.0,0.0,496.0,8498.0,46.0,18,1,0.5459317585301837,117.20494870098273,192.5,0.0,0.0,0.0,0.0,2
64.0,3.0,0.7482102114800909,0.0,0.0,0.0,0.0,0.0,0.0,0.0,0.0,0.0,0.0,50.0,128.0,0.0,0.0,0.0,204.0,4386.0,32.0,19,1,0.5459317585301837,128.02603901811014,183.0,0.0,0.0,0.0,0.0,2
22.0,3.0,0.9164648855364712,0.0,0.0,0.0,0.0,0.0,0.0,0.0,0.0,0.0,0.0,49.333333333333336,28.0,0.0,0.0,0.0,100.0,1124.0,16.0,19,1,0.5459317585301837,78.09396050058326,100.0,0.0,0.0,0.0,0.0,2
130.0,3.0,0.5546402981435568,0.0,0.0,0.0,0.0,0.0,0.0,0.0,0.0,0.0,0.0,49.0,78.0,0.0,0.0,0.0,200.0,4984.0,32.0,20,1,0.5459317585301837,79.57386505631099,105.0,0.0,0.0,0.0,0.0,2
240.0,5.0,1.3271397327757506,0.0,0.0,0.0,0.0,0.0,0.0,0.0,0.0,0.0,0.0,48.6,66.0,0.0,0.0,0.0,206.0,12174.0,32.0,20,1,0.5459317585301837,95.03683496413372,114.0,0.0,0.0,0.0,0.0,2
470.0,4.0,0.8359485730694869,0.0,0.0,0.0,0.0,0.0,0.0,0.0,0.0,0.0,0.0,45.61904761904762,66.0,0.0,0.0,84.0,0.0,30576.0,0.0,21,0,0.5459317585301837,191.59244939889115,215.5,0.0,0.0,0.0,0.0,2
124.0,4.0,1.1648518866093145,0.0,0.0,0.0,0.0,0.0,0.0,0.0,0.0,0.0,0.0,43.27272727272727,228.0,0.0,0.0,0.0,324.0,10112.0,18.0,21,0,0.5459317585301837,161.71167758287174,241.0,0.0,0.0,0.0,0.0,2
104.0,3.0,0.8497802778085936,0.0,0.0,0.0,0.0,0.0,0.0,0.0,0.0,0.0,0.0,42.2,294.0,0.0,0.0,0.0,440.0,9222.0,72.0,22,0,0.5459317585301837,168.05852155325735,234.5,0.0,0.0,0.0,0.0,2
530.0,6.0,0.6638719577105737,0.0,0.0,0.0,0.0,0.0,0.0,0.0,0.0,0.0,0.0,38.91666666666666,70.0,0.0,0.0,0.0,220.0,7590.0,22.0,22,0,0.5459317585301837,224.3479440511992,307.0,0.0,0.0,0.0,0.0,2
714.0,4.0,0.200675708291082,0.0,0.0,0.0,0.0,0.0,0.0,0.0,0.0,0.0,0.0,30.27586206896552,0.0,0.0,0.0,0.0,0.0,1976.0,0.0,23,0,0.5459317585301837,302.8707094894894,368.0,0.0,0.0,0.0,0.0,2
632.0,4.0,0.9472743813839476,0.0,0.0,0.0,0.0,0.0,0.0,0.0,0.0,0.0,100.0,23.571428571428573,92.0,0.0,0.0,0.0,114.0,9074.0,20.0,23,0,0.5459317585301837,271.3153147170281,495.0,0.0,0.0,0.0,0.0,2
718.0,1.0,-1.000088900581841e-12,0.0,0.0,0.0,0.0,0.0,0.0,0.0,0.0,0.0,0.0,50.6,0.0,0.0,0.0,0.0,0.0,0.0,0.0,0,0,0.5459317585301837,88.38363347739597,648.5,0.0,0.0,0.0,0.0,2
514.0,1.0,-1.000088900581841e-12,0.0,0.0,0.0,0.0,0.0,0.0,0.0,0.0,0.0,0.0,86.13333333333334,0.0,0.0,0.0,0.0,0.0,0.0,0.0,0,0,0.5459317585301837,95.60160389170608,644.5,0.0,0.0,0.0,0.0,2
0.0,0.0,0.0,0.0,0.0,0.0,0.0,0.0,0.0,0.0,0.0,0.0,0.0,98.0,0.0,0.0,0.0,0.0,0.0,0.0,0.0,1,0,0.5459317585301837,321.7245198406032,466.0,0.0,0.0,0.0,0.0,2
76.0,4.0,0.8215487366519788,0.0,0.0,0.0,0.0,0.0,0.0,0.0,0.0,0.0,0.0,98.0,4.0,0.0,0.0,0.0,4.0,556.0,4.0,9,1,0.5459317585301837,345.3404117678672,327.0,0.0,0.0,0.0,0.0,2
146.0,8.0,1.694227701867557,0.0,0.0,0.0,0.0,0.0,0.0,0.0,0.0,0.0,0.0,94.84210526315788,8.0,0.0,0.0,0.0,12.0,2044.0,4.0,10,1,0.5459317585301837,227.9356634374417,184.0,0.0,0.0,0.0,0.0,2
72.0,6.0,1.2834650762619804,0.0,0.0,0.0,0.0,0.0,0.0,0.0,0.0,0.0,0.0,91.8181818181818,8.0,0.0,0.0,0.0,12.0,1124.0,2.0,10,1,0.5459317585301837,59.62941108770659,73.5,0.0,0.0,0.0,0.0,2
88.0,5.0,1.2958661316953044,0.0,0.0,0.0,0.0,0.0,0.0,0.0,0.0,0.0,0.0,89.6923076923077,12.0,0.0,0.0,0.0,18.0,618.0,8.0,11,1,0.5459317585301837,34.346275877694595,95.5,0.0,0.0,0.0,0.0,2
152.0,4.0,0.8422322208528923,0.0,0.0,0.0,0.0,0.0,0.0,0.0,0.0,0.0,0.0,86.94117647058823,32.0,0.0,0.0,0.0,46.0,2028.0,14.0,11,1,0.5459317585301837,40.44337605426512,114.5,0.0,0.0,0.0,0.0,2
60.0,5.0,1.1790122171134845,0.0,0.0,0.0,0.0,0.0,0.0,0.0,0.0,0.0,0.0,84.0909090909091,36.0,0.0,0.0,0.0,44.0,834.0,8.0,12,1,0.5459317585301837,40.971534834159016,93.0,0.0,0.0,0.0,0.0,2
12.0,1.0,-1.000088900581841e-12,0.0,0.0,0.0,0.0,0.0,0.0,0.0,0.0,0.0,0.0,82.66666666666667,0.0,0.0,0.0,0.0,0.0,0.0,0.0,12,1,0.5459317585301837,58.469365198082194,78.0,0.0,0.0,0.0,0.0,2
50.0,6.0,1.5622927142683394,0.0,0.0,0.0,0.0,0.0,0.0,0.0,0.0,0.0,0.0,82.0,24.0,0.0,0.0,0.0,28.0,550.0,4.0,13,1,0.5459317585301837,59.3829380658567,68.5,0.0,0.0,0.0,0.0,2
124.0,7.0,1.1792951971200558,0.0,0.0,0.0,0.0,0.0,0.0,0.0,0.0,0.0,0.0,79.42857142857143,16.0,0.0,0.0,0.0,68.0,2160.0,18.0,13,1,0.5459317585301837,46.51523048063618,61.5,0.0,0.0,0.0,0.0,2
64.0,3.0,0.7873379661398356,0.0,0.0,0.0,0.0,0.0,0.0,0.0,0.0,0.0,0.0,76.0909090909091,24.0,0.0,0.0,0.0,36.0,1412.0,4.0,14,1,0.5459317585301837,46.51523048063618,62.5,0.0,0.0,0.0,0.0,2
74.0,4.0,0.4549437534641775,0.0,0.0,0.0,0.0,0.0,0.0,0.0,0.0,0.0,0.0,73.8,28.0,0.0,0.0,0.0,18.0,1548.0,4.0,14,1,0.5459317585301837,32.20765954448371,78.0,0.0,0.0,0.0,0.0,2
42.0,2.0,0.6645284386529151,0.0,0.0,0.0,0.0,0.0,0.0,0.0,0.0,0.0,0.0,71.7,32.0,0.0,0.0,0.0,36.0,524.0,6.0,15,1,0.5459317585301837,34.679484809707105,76.0,0.0,0.0,0.0,0.0,2
56.0,7.0,1.7183239515065765,0.0,0.0,0.0,0.0,0.0,0.0,0.0,0.0,0.0,0.0,70.33333333333333,40.0,0.0,0.0,0.0,72.0,586.0,18.0,15,1,0.5459317585301837,13.515423288476974,59.0,0.0,0.0,0.0,0.0,2
20.0,2.0,0.5004024235361879,0.0,0.0,0.0,0.0,0.0,0.0,0.0,0.0,0.0,0.0,69.0,0.0,0.0,0.0,0.0,48.0,46.0,4.0,16,1,0.5459317585301837,22.80350850198361,48.0,0.0,0.0,0.0,0.0,2
98.0,5.0,0.931464494122356,0.0,0.0,0.0,0.0,0.0,0.0,0.0,0.0,0.0,0.0,67.8125,58.0,0.0,0.0,0.0,72.0,612.0,10.0,16,1,0.5459317585301837,32.86335345031056,54.0,0.0,0.0,0.0,0.0,2
44.0,6.0,1.451001156596802,0.0,0.0,0.0,0.0,0.0,0.0,0.0,0.0,0.0,0.0,66.66666666666667,64.0,0.0,0.0,0.0,72.0,1718.0,8.0,17,1,0.5459317585301837,32.63433774416204,54.5,0.0,0.0,0.0,0.0,2
58.0,3.0,1.065891213210607,0.0,0.0,0.0,0.0,0.0,0.0,0.0,0.0,0.0,0.0,64.81818181818181,26.0,0.0,0.0,0.0,48.0,1556.0,8.0,17,1,0.5459317585301837,32.68026927673698,55.0,0.0,0.0,0.0,0.0,2
76.0,5.0,1.4592691961829742,0.0,0.0,0.0,0.0,0.0,0.0,0.0,0.0,0.0,0.0,63.46153846153846,34.0,0.0,0.0,0.0,76.0,1426.0,6.0,18,1,0.5459317585301837,23.35237318418349,69.0,0.0,0.0,0.0,0.0,2
56.0,6.0,1.1785802949747792,0.0,0.0,0.0,24.0,0.0,0.0,0.0,0.0,0.0,0.0,61.7,60.0,0.0,0.0,0.0,80.0,1280.0,20.0,18,1,0.5459317585301837,13.203534880227052,58.5,0.0,0.0,12.0000000000001,6.0,2
12.0,1.0,-1.000088900581841e-12,0.0,0.0,0.0,0.0,0.0,0.0,0.0,0.0,0.0,0.0,61.0,24.0,0.0,0.0,0.0,0.0,32.0,0.0,19,1,0.5459317585301837,27.196813538845056,50.5,0.0,0.0,12.0000000000001,6.0,2
68.0,4.0,1.3565185602157483,0.0,0.0,0.0,0.0,0.0,0.0,0.0,0.0,0.0,0.0,58.9,22.0,0.0,0.0,0.0,58.0,972.0,8.0,19,1,0.5459317585301837,28.542366171477543,53.0,0.0,0.0,12.0000000000001,6.0,2
180.0,3.0,0.4722532757854746,0.0,0.0,0.0,0.0,0.0,0.0,0.0,0.0,0.0,0.0,55.5,26.0,0.0,0.0,0.0,150.0,2510.0,14.0,20,1,0.5459317585301837,71.50757535627517,79.0,0.0,0.0,12.0000000000001,6.0,2
60.0,2.0,0.6571577614953406,0.0,0.0,0.0,0.0,0.0,0.0,0.0,0.0,0.0,0.0,51.6,44.0,0.0,0.0,0.0,60.0,530.0,6.0,20,1,0.5459317585301837,71.10555533852498,80.0,0.0,0.0,0.0,0.0,2
24.0,2.0,0.6791932659895258,0.0,0.0,0.0,0.0,0.0,0.0,0.0,0.0,0.0,0.0,50.142857142857146,34.0,0.0,0.0,0.0,60.0,112.0,4.0,21,0,0.5459317585301837,67.43886120034975,83.0,0.0,0.0,0.0,0.0,2
102.0,3.0,0.5586594379977454,0.0,0.0,0.0,14.0,0.0,0.0,0.0,0.0,0.0,0.0,49.8,34.0,0.0,0.0,0.0,150.0,372.0,34.0,21,0,0.5459317585301837,67.05967491719625,91.5,0.0,0.0,7.000000000000173,3.5,2
42.0,1.0,-1.000088900581841e-12,0.0,0.0,0.0,0.0,0.0,0.0,0.0,0.0,0.0,0.0,45.42857142857143,0.0,0.0,0.0,0.0,0.0,102.0,0.0,22,0,0.5459317585301837,33.40658617698071,57.0,0.0,0.0,7.000000000000173,3.5,2
68.0,4.0,1.2894772385089066,0.0,0.0,0.0,0.0,0.0,0.0,0.0,0.0,0.0,0.0,37.3,16.0,0.0,0.0,0.0,32.0,1886.0,0.0,22,0,0.5459317585301837,33.88214869219541,59.0,0.0,0.0,7.000000000000173,3.5,2
460.0,4.0,0.5541151416184624,0.0,0.0,0.0,0.0,0.0,0.0,0.0,0.0,0.0,30.0,39.92,0.0,0.0,0.0,0.0,32.0,1766.0,8.0,23,0,0.5459317585301837,196.21077102612568,168.0,0.0,0.0,7.000000000000173,3.5,2
704.0,1.0,-1.000088900581841e-12,0.0,0.0,0.0,0.0,0.0,0.0,0.0,0.0,0.0,0.0,72.93333333333334,0.0,0.0,0.0,0.0,0.0,0.0,0.0,23,0,0.5459317585301837,320.33055843404435,318.5,0.0,0.0,0.0,0.0,2
324.0,1.0,-1.000088900581841e-12,0.0,0.0,0.0,0.0,0.0,0.0,0.0,0.0,0.0,0.0,96.16666666666669,0.0,0.0,0.0,0.0,0.0,0.0,0.0,0,0,0.5459317585301837,265.5384466827105,389.0,0.0,0.0,0.0,0.0,2
0.0,0.0,0.0,0.0,0.0,0.0,0.0,0.0,0.0,0.0,0.0,0.0,0.0,100.0,0.0,0.0,0.0,0.0,0.0,0.0,0.0,0,0,0.5459317585301837,293.6301528567301,372.0,0.0,0.0,0.0,0.0,2
0.0,0.0,0.0,0.0,0.0,0.0,0.0,0.0,0.0,0.0,0.0,0.0,0.0,100.0,0.0,0.0,0.0,0.0,0.0,0.0,0.0,1,0,0.5459317585301837,334.86116526106764,257.0,0.0,0.0,0.0,0.0,2
0.0,0.0,0.0,0.0,0.0,0.0,0.0,0.0,0.0,0.0,0.0,0.0,0.0,100.0,0.0,0.0,0.0,0.0,0.0,0.0,0.0,1,0,0.5459317585301837,162.0000000000001,81.0,0.0,0.0,0.0,0.0,2
0.0,0.0,0.0,0.0,0.0,0.0,0.0,0.0,0.0,0.0,0.0,0.0,0.0,100.0,0.0,0.0,0.0,0.0,0.0,0.0,0.0,2,0,0.5459317585301837,0.0,0.0,0.0,0.0,0.0,0.0,2
0.0,0.0,0.0,0.0,0.0,0.0,0.0,0.0,0.0,0.0,0.0,0.0,0.0,100.0,0.0,0.0,0.0,0.0,0.0,0.0,0.0,2,0,0.5459317585301837,0.0,0.0,0.0,0.0,0.0,0.0,2
0.0,0.0,0.0,0.0,0.0,0.0,0.0,0.0,0.0,0.0,0.0,0.0,0.0,100.0,0.0,0.0,0.0,0.0,0.0,0.0,0.0,3,0,0.5459317585301837,0.0,0.0,0.0,0.0,0.0,0.0,2
0.0,0.0,0.0,0.0,0.0,0.0,0.0,0.0,0.0,0.0,0.0,0.0,0.0,100.0,0.0,0.0,0.0,0.0,0.0,0.0,0.0,3,0,0.5459317585301837,0.0,0.0,0.0,0.0,0.0,0.0,2
0.0,0.0,0.0,0.0,0.0,0.0,0.0,0.0,0.0,0.0,0.0,0.0,0.0,100.0,0.0,0.0,0.0,0.0,0.0,0.0,0.0,4,0,0.5459317585301837,0.0,0.0,0.0,0.0,0.0,0.0,2
0.0,0.0,0.0,0.0,0.0,0.0,0.0,0.0,0.0,0.0,0.0,0.0,0.0,100.0,0.0,0.0,0.0,0.0,0.0,0.0,0.0,4,0,0.5459317585301837,0.0,0.0,0.0,0.0,0.0,0.0,2
0.0,0.0,0.0,0.0,0.0,0.0,0.0,0.0,0.0,0.0,0.0,0.0,0.0,100.0,0.0,0.0,0.0,0.0,0.0,0.0,0.0,5,0,0.5459317585301837,0.0,0.0,0.0,0.0,0.0,0.0,2
0.0,0.0,0.0,0.0,0.0,0.0,0.0,0.0,0.0,0.0,0.0,0.0,0.0,100.0,0.0,0.0,0.0,0.0,0.0,0.0,0.0,5,0,0.5459317585301837,0.0,0.0,0.0,0.0,0.0,0.0,2
0.0,0.0,0.0,0.0,0.0,0.0,0.0,0.0,0.0,0.0,0.0,0.0,0.0,100.0,0.0,0.0,0.0,0.0,0.0,0.0,0.0,6,0,0.5459317585301837,0.0,0.0,0.0,0.0,0.0,0.0,2
0.0,0.0,0.0,0.0,0.0,0.0,0.0,0.0,0.0,0.0,0.0,0.0,0.0,100.0,0.0,0.0,0.0,0.0,0.0,0.0,0.0,6,0,0.5459317585301837,0.0,0.0,0.0,0.0,0.0,0.0,2
0.0,0.0,0.0,0.0,0.0,0.0,0.0,0.0,0.0,0.0,0.0,0.0,0.0,100.0,0.0,0.0,0.0,0.0,0.0,0.0,0.0,7,0,0.5459317585301837,0.0,0.0,0.0,0.0,0.0,0.0,2
0.0,0.0,0.0,0.0,0.0,0.0,0.0,0.0,0.0,0.0,0.0,0.0,0.0,100.0,0.0,0.0,0.0,0.0,0.0,0.0,0.0,7,0,0.5459317585301837,0.0,0.0,0.0,0.0,0.0,0.0,2
180.0,5.0,1.193159370338483,0.0,0.0,0.0,0.0,0.0,0.0,0.0,0.0,0.0,0.0,100.0,8.0,0.0,0.0,0.0,160.0,3148.0,4.0,8,1,0.5459317585301837,90.00000000000021,45.0,0.0,0.0,0.0,0.0,2
106.0,2.0,0.2675679125708715,0.0,0.0,0.0,0.0,0.0,0.0,0.0,0.0,0.0,0.0,98.07692307692308,24.0,0.0,0.0,0.0,36.0,4804.0,14.0,8,1,0.5459317585301837,87.91473141629928,71.5,0.0,0.0,0.0,0.0,2
30.0,2.0,0.2449300267926353,0.0,0.0,0.0,0.0,0.0,0.0,0.0,0.0,0.0,0.0,96.55555555555556,18.0,0.0,0.0,0.0,108.0,86.0,8.0,9,1,0.5459317585301837,80.77128202523492,79.0,0.0,0.0,0.0,0.0,1
132.0,7.0,1.0949067902790914,0.0,0.0,0.0,0.0,0.0,0.0,0.0,0.0,0.0,0.0,94.4,52.0,0.0,0.0,0.0,40.0,5060.0,6.0,9,1,0.5459317585301837,62.673758463969904,112.0,0.0,0.0,0.0,0.0,1
48.0,6.0,1.5171063970550276,0.0,0.0,0.0,0.0,0.0,0.0,0.0,0.0,0.0,0.0,92.375,64.0,0.0,0.0,0.0,80.0,936.0,18.0,10,1,0.5459317585301837,47.9583152331276,79.0,0.0,0.0,0.0,0.0,2
12.0,1.0,-1.000088900581841e-12,0.0,0.0,0.0,0.0,0.0,0.0,0.0,0.0,0.0,0.0,92.0,0.0,0.0,0.0,0.0,0.0,0.0,0.0,10,1,0.5459317585301837,53.075418038862765,55.5,0.0,0.0,0.0,0.0,1
24.0,2.0,0.6931471805579453,0.0,0.0,0.0,0.0,0.0,0.0,0.0,0.0,0.0,0.0,91.14285714285714,60.0,0.0,0.0,0.0,86.0,476.0,10.0,11,1,0.5459317585301837,54.11099703387509,54.0,0.0,0.0,0.0,0.0,1
46.0,3.0,0.9899490539311392,0.0,0.0,0.0,0.0,0.0,0.0,0.0,0.0,0.0,0.0,90.57142857142856,60.0,0.0,0.0,0.0,132.0,544.0,26.0,11,1,0.5459317585301837,17.46424919657409,32.5,0.0,0.0,0.0,0.0,1
12.0,1.0,-1.000088900581841e-12,0.0,0.0,0.0,0.0,0.0,0.0,0.0,0.0,0.0,0.0,90.0,0.0,0.0,0.0,0.0,0.0,0.0,0.0,12,1,0.5459317585301837,16.03121954188261,23.5,0.0,0.0,0.0,0.0,1
16.0,1.0,-1.000088900581841e-12,0.0,0.0,0.0,0.0,0.0,0.0,0.0,0.0,0.0,0.0,89.85714285714286,26.0,0.0,0.0,0.0,92.0,0.0,8.0,12,1,0.5459317585301837,15.17673658377756,24.5,0.0,0.0,0.0,0.0,1
12.0,1.0,-1.000088900581841e-12,0.0,0.0,0.0,0.0,0.0,0.0,0.0,0.0,0.0,0.0,89.0,30.0,0.0,0.0,0.0,0.0,0.0,0.0,13,1,0.5459317585301837,16.441816606852548,21.5,0.0,0.0,0.0,0.0,1
144.0,5.0,1.1654999601288314,0.0,0.0,0.0,0.0,0.0,0.0,0.0,0.0,0.0,0.0,88.6923076923077,32.0,0.0,0.0,0.0,92.0,3328.0,20.0,13,1,0.5459317585301837,65.36053855347306,46.0,0.0,0.0,0.0,0.0,1
34.0,4.0,1.3180238017066035,0.0,0.0,0.0,0.0,0.0,0.0,0.0,0.0,0.0,0.0,87.0,70.0,0.0,0.0,0.0,52.0,986.0,4.0,14,1,0.5459317585301837,62.40459384799625,51.5,0.0,0.0,0.0,0.0,1
12.0,1.0,-1.000088900581841e-12,0.0,0.0,0.0,0.0,0.0,0.0,0.0,0.0,0.0,0.0,86.0,0.0,0.0,0.0,0.0,0.0,0.0,0.0,14,1,0.5459317585301837,63.19018911191862,50.5,0.0,0.0,0.0,0.0,1
64.0,2.0,0.5623351446168083,0.0,0.0,0.0,0.0,0.0,0.0,0.0,0.0,0.0,0.0,86.0,40.0,0.0,0.0,0.0,162.0,748.0,16.0,15,1,0.5459317585301837,57.74368652357911,63.5,0.0,0.0,0.0,0.0,1
12.0,1.0,-1.000088900581841e-12,0.0,0.0,0.0,0.0,0.0,0.0,0.0,0.0,0.0,0.0,85.16666666666667,42.0,0.0,0.0,0.0,0.0,0.0,0.0,15,1,0.5459317585301837,24.6238366899509,30.5,0.0,0.0,0.0,0.0,1
2.0,1.0,-1.000088900581841e-12,0.0,0.0,0.0,0.0,0.0,0.0,0.0,0.0,0.0,0.0,85.0,0.0,0.0,0.0,0.0,0.0,0.0,0.0,16,1,0.5459317585301837,28.065399813056388,22.5,0.0,0.0,0.0,0.0,1
0.0,0.0,0.0,0.0,0.0,0.0,0.0,0.0,0.0,0.0,0.0,0.0,0.0,85.0,0.0,0.0,0.0,0.0,0.0,0.0,0.0,16,1,0.5459317585301837,30.1275068113295,19.5,0.0,0.0,0.0,0.0,1
8.0,1.0,-1.000088900581841e-12,0.0,0.0,0.0,0.0,0.0,0.0,0.0,0.0,0.0,0.0,84.71428571428571,34.0,0.0,0.0,0.0,56.0,0.0,4.0,17,1,0.5459317585301837,5.5075705472896335,5.5,0.0,0.0,0.0,0.0,1
40.0,3.0,0.8451132568399529,0.0,0.0,0.0,52.0,0.0,0.0,0.0,0.0,0.0,0.0,83.77777777777777,78.0,0.0,0.0,0.0,112.0,1074.0,26.0,17,1,0.5459317585301837,18.64582169459704,12.5,0.0,0.0,26.00000000000005,13.0,1
32.0,2.0,0.6615632381559821,0.0,0.0,0.0,0.0,0.0,0.0,0.0,0.0,0.0,0.0,83.0,48.0,0.0,0.0,0.0,58.0,1220.0,18.0,18,1,0.5459317585301837,19.04380914278196,20.0,0.0,0.0,26.00000000000005,13.0,1
12.0,1.0,-1.000088900581841e-12,0.0,0.0,0.0,0.0,0.0,0.0,0.0,0.0,0.0,0.0,83.0,0.0,0.0,0.0,0.0,0.0,0.0,0.0,18,1,0.5459317585301837,15.448840301676547,23.0,0.0,0.0,26.00000000000005,13.0,1
6.0,1.0,-1.000088900581841e-12,0.0,0.0,0.0,0.0,0.0,0.0,0.0,0.0,0.0,0.0,83.0,42.0,0.0,0.0,0.0,0.0,0.0,0.0,19,1,0.5459317585301837,16.114175953696968,22.5,0.0,0.0,26.00000000000005,13.0,1
0.0,0.0,0.0,0.0,0.0,0.0,0.0,0.0,0.0,0.0,0.0,0.0,0.0,82.0,0.0,0.0,0.0,0.0,0.0,0.0,0.0,19,1,0.5459317585301837,13.892443989451207,12.5,0.0,0.0,0.0,0.0,1
0.0,0.0,0.0,0.0,0.0,0.0,0.0,0.0,0.0,0.0,0.0,0.0,0.0,82.0,0.0,0.0,0.0,0.0,0.0,0.0,0.0,20,1,0.5459317585301837,5.744562646541429,4.5,0.0,0.0,0.0,0.0,1
84.0,3.0,0.8097701489919569,0.0,0.0,0.0,0.0,0.0,0.0,0.0,0.0,0.0,0.0,81.5,0.0,0.0,0.0,0.0,116.0,2508.0,10.0,20,1,0.5459317585301837,41.09744517606951,22.5,0.0,0.0,0.0,0.0,1
78.0,2.0,0.4706149811794813,0.0,0.0,0.0,0.0,0.0,0.0,0.0,0.0,0.0,0.0,79.41666666666667,46.0,0.0,0.0,0.0,232.0,908.0,30.0,21,0,0.5459317585301837,46.8294778958728,40.5,0.0,0.0,0.0,0.0,1
88.0,2.0,0.5859526183015509,0.0,0.0,0.0,30.0,0.0,0.0,0.0,0.0,0.0,0.0,77.5,78.0,0.0,0.0,0.0,232.0,196.0,38.0,21,0,0.5459317585301837,41.86884283091711,62.5,0.0,0.0,15.00000000000008,7.5,1
40.0,2.0,0.6931471805579453,0.0,0.0,0.0,0.0,0.0,0.0,0.0,0.0,0.0,0.0,72.0,0.0,0.0,0.0,0.0,0.0,4810.0,0.0,22,0,0.5459317585301837,22.052966542698343,72.5,0.0,0.0,15.00000000000008,7.5,2
134.0,6.0,1.4074397831093393,0.0,0.0,0.0,0.0,0.0,0.0,0.0,0.0,0.0,0.0,65.66666666666667,70.0,0.0,0.0,0.0,248.0,7340.0,14.0,22,0,0.5459317585301837,38.66091911306178,85.0,0.0,0.0,15.00000000000008,7.5,1
172.0,2.0,0.6833803500275891,0.0,0.0,0.0,0.0,0.0,0.0,0.0,0.0,0.0,56.0,61.23529411764706,0.0,0.0,0.0,0.0,0.0,3350.0,0.0,23,0,0.5459317585301837,57.14017850864696,108.5,0.0,0.0,15.00000000000008,7.5,2
712.0,1.0,-1.000088900581841e-12,0.0,0.0,0.0,0.0,0.0,0.0,0.0,0.0,0.0,0.0,79.3,0.0,0.0,0.0,0.0,0.0,0.0,0.0,23,0,0.5459317585301837,303.44851293094194,264.5,0.0,0.0,0.0,0.0,2
638.0,1.0,-1.000088900581841e-12,0.0,0.0,0.0,0.0,0.0,0.0,0.0,0.0,0.0,0.0,98.16666666666669,0.0,0.0,0.0,0.0,0.0,0.0,0.0,0,0,0.5459317585301837,303.2842451122929,414.0,0.0,0.0,0.0,0.0,2
0.0,0.0,0.0,0.0,0.0,0.0,0.0,0.0,0.0,0.0,0.0,0.0,0.0,100.0,0.0,0.0,0.0,0.0,0.0,0.0,0.0,0,0,0.5459317585301837,348.54507121270086,380.5,0.0,0.0,0.0,0.0,2
0.0,0.0,0.0,0.0,0.0,0.0,0.0,0.0,0.0,0.0,0.0,0.0,0.0,100.0,0.0,0.0,0.0,0.0,0.0,0.0,0.0,1,0,0.5459317585301837,390.8806296897644,337.5,0.0,0.0,0.0,0.0,2
0.0,0.0,0.0,0.0,0.0,0.0,0.0,0.0,0.0,0.0,0.0,0.0,0.0,100.0,0.0,0.0,0.0,0.0,0.0,0.0,0.0,1,0,0.5459317585301837,319.00000000000006,159.5,0.0,0.0,0.0,0.0,2
0.0,0.0,0.0,0.0,0.0,0.0,0.0,0.0,0.0,0.0,0.0,0.0,0.0,100.0,0.0,0.0,0.0,0.0,0.0,0.0,0.0,2,0,0.5459317585301837,0.0,0.0,0.0,0.0,0.0,0.0,2
0.0,0.0,0.0,0.0,0.0,0.0,0.0,0.0,0.0,0.0,0.0,0.0,0.0,100.0,0.0,0.0,0.0,0.0,0.0,0.0,0.0,2,0,0.5459317585301837,0.0,0.0,0.0,0.0,0.0,0.0,2
0.0,0.0,0.0,0.0,0.0,0.0,0.0,0.0,0.0,0.0,0.0,0.0,0.0,100.0,0.0,0.0,0.0,0.0,0.0,0.0,0.0,3,0,0.5459317585301837,0.0,0.0,0.0,0.0,0.0,0.0,2
0.0,0.0,0.0,0.0,0.0,0.0,0.0,0.0,0.0,0.0,0.0,0.0,0.0,100.0,0.0,0.0,0.0,0.0,0.0,0.0,0.0,3,0,0.5459317585301837,0.0,0.0,0.0,0.0,0.0,0.0,2
0.0,0.0,0.0,0.0,0.0,0.0,0.0,0.0,0.0,0.0,0.0,0.0,0.0,100.0,0.0,0.0,0.0,0.0,0.0,0.0,0.0,4,0,0.5459317585301837,0.0,0.0,0.0,0.0,0.0,0.0,2
0.0,0.0,0.0,0.0,0.0,0.0,0.0,0.0,0.0,0.0,0.0,0.0,0.0,100.0,0.0,0.0,0.0,0.0,0.0,0.0,0.0,4,0,0.5459317585301837,0.0,0.0,0.0,0.0,0.0,0.0,2
0.0,0.0,0.0,0.0,0.0,0.0,0.0,0.0,0.0,0.0,0.0,0.0,0.0,100.0,0.0,0.0,0.0,0.0,0.0,0.0,0.0,5,0,0.5459317585301837,0.0,0.0,0.0,0.0,0.0,0.0,2
0.0,0.0,0.0,0.0,0.0,0.0,0.0,0.0,0.0,0.0,0.0,0.0,0.0,100.0,0.0,0.0,0.0,0.0,0.0,0.0,0.0,5,0,0.5459317585301837,0.0,0.0,0.0,0.0,0.0,0.0,2
0.0,0.0,0.0,0.0,0.0,0.0,0.0,0.0,0.0,0.0,0.0,0.0,0.0,100.0,0.0,0.0,0.0,0.0,0.0,0.0,0.0,6,0,0.5459317585301837,0.0,0.0,0.0,0.0,0.0,0.0,2
0.0,0.0,0.0,0.0,0.0,0.0,0.0,0.0,0.0,0.0,0.0,0.0,0.0,100.0,0.0,0.0,0.0,0.0,0.0,0.0,0.0,6,0,0.5459317585301837,0.0,0.0,0.0,0.0,0.0,0.0,2
0.0,0.0,0.0,0.0,0.0,0.0,0.0,0.0,0.0,0.0,0.0,0.0,0.0,100.0,0.0,0.0,0.0,0.0,0.0,0.0,0.0,7,0,0.5459317585301837,0.0,0.0,0.0,0.0,0.0,0.0,2
58.0,3.0,0.7175045098328934,0.0,0.0,0.0,0.0,0.0,0.0,0.0,0.0,0.0,0.0,100.0,72.0,0.0,0.0,0.0,376.0,1388.0,4.0,7,0,0.5459317585301837,29.000000000000668,14.5,0.0,0.0,0.0,0.0,2
12.0,1.0,-1.000088900581841e-12,0.0,0.0,0.0,0.0,0.0,0.0,0.0,0.0,0.0,0.0,100.0,0.0,0.0,0.0,0.0,0.0,0.0,0.0,8,1,0.5459317585301837,27.586228448268145,17.5,0.0,0.0,0.0,0.0,2
92.0,5.0,1.3353454515171628,0.0,0.0,0.0,0.0,0.0,0.0,0.0,0.0,0.0,0.0,99.0,66.0,0.0,0.0,0.0,124.0,6542.0,18.0,8,1,0.5459317585301837,42.4695969684986,40.5,0.0,0.0,0.0,0.0,2
110.0,3.0,0.558062798954045,0.0,0.0,0.0,0.0,0.0,0.0,0.0,0.0,0.0,0.0,96.375,48.0,0.0,0.0,0.0,66.0,8674.0,6.0,9,1,0.5459317585301837,43.11225657126643,68.0,0.0,0.0,0.0,0.0,2
58.0,6.0,1.392183901484418,0.0,0.0,0.0,0.0,0.0,0.0,0.0,0.0,0.0,0.0,94.36363636363636,86.0,0.0,0.0,0.0,132.0,2752.0,8.0,9,1,0.5459317585301837,43.11225657126643,68.0,0.0,0.0,0.0,0.0,2
112.0,7.0,1.1690185728617524,0.0,0.0,0.0,0.0,0.0,0.0,0.0,0.0,0.0,0.0,92.46666666666668,62.0,0.0,0.0,0.0,206.0,5182.0,20.0,10,1,0.5459317585301837,25.006665778015503,93.0,0.0,0.0,0.0,0.0,2
62.0,3.0,0.9066201258345414,0.0,0.0,0.0,0.0,0.0,0.0,0.0,0.0,0.0,0.0,89.0909090909091,142.0,0.0,0.0,0.0,346.0,9254.0,64.0,10,1,0.5459317585301837,29.50141239556797,85.5,0.0,0.0,0.0,0.0,2
24.0,3.0,0.7214636866895116,0.0,0.0,0.0,0.0,0.0,0.0,0.0,0.0,0.0,0.0,88.0,46.0,0.0,0.0,0.0,68.0,1340.0,18.0,11,1,0.5459317585301837,36.25833237569959,64.0,0.0,0.0,0.0,0.0,2
42.0,4.0,1.2372273951479185,0.0,0.0,0.0,0.0,0.0,0.0,0.0,0.0,0.0,0.0,87.875,38.0,0.0,0.0,0.0,68.0,3334.0,12.0,11,1,0.5459317585301837,37.98245208865148,60.0,0.0,0.0,0.0,0.0,2
80.0,5.0,1.3454272616798892,0.0,0.0,0.0,0.0,0.0,0.0,0.0,0.0,0.0,0.0,86.35714285714286,212.0,0.0,0.0,0.0,520.0,6108.0,44.0,12,1,0.5459317585301837,24.276188608044954,52.0,0.0,0.0,0.0,0.0,2
18.0,2.0,0.3488320958410319,0.0,0.0,0.0,0.0,0.0,0.0,0.0,0.0,0.0,0.0,85.0,0.0,0.0,0.0,0.0,124.0,0.0,0.0,12,1,0.5459317585301837,27.928480087538567,41.0,0.0,0.0,0.0,0.0,2
70.0,6.0,1.6204279387237948,0.0,0.0,0.0,0.0,0.0,0.0,0.0,0.0,0.0,0.0,84.66666666666667,118.0,0.0,0.0,0.0,530.0,6170.0,20.0,13,1,0.5459317585301837,28.065399813056377,52.5,0.0,0.0,0.0,0.0,2
18.0,2.0,0.5297061990556545,0.0,0.0,0.0,0.0,0.0,0.0,0.0,0.0,0.0,0.0,83.33333333333333,56.0,0.0,0.0,0.0,76.0,1202.0,18.0,13,1,0.5459317585301837,33.161222333724446,46.5,0.0,0.0,0.0,0.0,2
46.0,7.0,1.6164057548808413,0.0,0.0,0.0,0.0,0.0,0.0,0.0,0.0,0.0,0.0,82.5,62.0,0.0,0.0,0.0,228.0,1212.0,20.0,14,1,0.5459317585301837,25.0865169629698,38.0,0.0,0.0,0.0,0.0,2
60.0,8.0,1.8381795903113505,0.0,0.0,0.0,0.0,0.0,0.0,0.0,0.0,0.0,0.0,79.0,132.0,0.0,0.0,0.0,156.0,4114.0,10.0,14,1,0.5459317585301837,22.590558499810744,48.5,0.0,0.0,0.0,0.0,2
60.0,5.0,1.300670085945732,0.0,0.0,0.0,0.0,0.0,0.0,0.0,0.0,0.0,0.0,76.22222222222223,62.0,0.0,0.0,0.0,234.0,5070.0,28.0,15,1,0.5459317585301837,19.798989873224297,46.0,0.0,0.0,0.0,0.0,2
22.0,1.0,-1.000088900581841e-12,0.0,0.0,0.0,0.0,0.0,0.0,0.0,0.0,0.0,0.0,73.28571428571429,26.0,0.0,0.0,0.0,156.0,1184.0,14.0,15,1,0.5459317585301837,17.925772879666066,47.0,0.0,0.0,0.0,0.0,2
68.0,6.0,1.5330641807437615,0.0,0.0,0.0,0.0,0.0,0.0,0.0,0.0,0.0,0.0,72.55555555555556,108.0,0.0,0.0,0.0,238.0,3988.0,10.0,16,1,0.5459317585301837,20.68010315899572,52.5,0.0,0.0,0.0,0.0,2
116.0,5.0,1.070167436263468,0.0,0.0,0.0,0.0,0.0,0.0,0.0,0.0,0.0,0.0,70.5,52.0,0.0,0.0,0.0,160.0,5382.0,32.0,16,1,0.5459317585301837,38.62210075418872,66.5,0.0,0.0,0.0,0.0,2
136.0,5.0,1.0409132963585868,0.0,0.0,0.0,0.0,0.0,0.0,0.0,0.0,0.0,0.0,64.72222222222223,238.0,0.0,0.0,0.0,338.0,10148.0,74.0,17,1,0.5459317585301837,51.05226080530981,85.5,0.0,0.0,0.0,0.0,2
58.0,2.0,0.5526646224924002,0.0,0.0,0.0,0.0,0.0,0.0,0.0,0.0,0.0,0.0,62.3,58.0,0.0,0.0,0.0,0.0,2966.0,0.0,17,1,0.5459317585301837,37.5011110946512,94.5,0.0,0.0,0.0,0.0,2
32.0,1.0,-1.000088900581841e-12,0.0,0.0,0.0,0.0,0.0,0.0,0.0,0.0,0.0,0.0,61.6,70.0,0.0,0.0,0.0,254.0,30.0,24.0,18,1,0.5459317585301837,48.64497233356569,85.5,0.0,0.0,0.0,0.0,2
130.0,4.0,1.050076045438165,0.0,0.0,0.0,54.0,0.0,0.0,0.0,0.0,0.0,0.0,57.38461538461539,58.0,0.0,0.0,0.0,256.0,1698.0,32.0,18,1,0.5459317585301837,51.96152422706669,89.0,0.0,0.0,27.000000000000043,13.5,2
12.0,1.0,-1.000088900581841e-12,0.0,0.0,0.0,0.0,0.0,0.0,0.0,0.0,0.0,0.0,56.0,0.0,0.0,0.0,0.0,0.0,0.0,0.0,19,1,0.5459317585301837,51.56226010045239,58.0,0.0,0.0,27.000000000000043,13.5,2
12.0,1.0,-1.000088900581841e-12,0.0,0.0,0.0,0.0,0.0,0.0,0.0,0.0,0.0,0.0,55.333333333333336,66.0,0.0,0.0,0.0,0.0,0.0,0.0,19,1,0.5459317585301837,56.4594249586967,46.5,0.0,0.0,27.000000000000043,13.5,2
18.0,2.0,0.5297061990556545,0.0,0.0,0.0,0.0,0.0,0.0,0.0,0.0,0.0,0.0,55.0,58.0,0.0,0.0,0.0,180.0,612.0,32.0,20,1,0.5459317585301837,58.06892456383223,43.0,0.0,0.0,27.000000000000043,13.5,2
54.0,3.0,1.0679385050350008,0.0,0.0,0.0,0.0,0.0,0.0,0.0,0.0,0.0,0.0,54.2,194.0,0.0,0.0,0.0,180.0,1110.0,12.0,20,1,0.5459317585301837,20.19900987672509,24.0,0.0,0.0,0.0,0.0,2
12.0,1.0,-1.000088900581841e-12,0.0,0.0,0.0,0.0,0.0,0.0,0.0,0.0,0.0,0.0,54.0,0.0,0.0,0.0,0.0,90.0,0.0,0.0,21,0,0.5459317585301837,20.19900987672509,24.0,0.0,0.0,0.0,0.0,2
184.0,6.0,1.3987427121230578,0.0,0.0,0.0,110.0,0.0,0.0,0.0,0.0,0.0,0.0,52.47058823529412,94.0,0.0,0.0,0.0,898.0,7418.0,108.0,21,0,0.5459317585301837,80.17480901131002,67.0,0.0,0.0,55.00000000000002,27.5,2
142.0,5.0,0.732159214473425,0.0,0.0,0.0,0.0,0.0,0.0,0.0,0.0,0.0,0.0,48.0,0.0,0.0,0.0,0.0,98.0,6502.0,28.0,22,0,0.5459317585301837,78.87542921172202,98.0,0.0,0.0,55.00000000000002,27.5,2
42.0,2.0,0.5982695885832573,0.0,0.0,0.0,0.0,0.0,0.0,0.0,0.0,0.0,0.0,36.25,74.0,0.0,0.0,0.0,98.0,4760.0,0.0,22,0,0.5459317585301837,81.29780644847295,95.0,0.0,0.0,55.00000000000002,27.5,2
104.0,4.0,0.7098554686788792,0.0,0.0,0.0,0.0,0.0,0.0,0.0,0.0,0.0,0.0,29.5,0.0,0.0,0.0,0.0,98.0,3284.0,8.0,23,0,0.5459317585301837,60.2881967441945,118.0,0.0,0.0,55.00000000000002,27.5,2
108.0,3.0,0.8544149815971842,0.0,0.0,0.0,0.0,0.0,0.0,0.0,0.0,0.0,70.0,18.07692307692308,0.0,0.0,0.0,0.0,0.0,4084.0,0.0,23,0,0.5459317585301837,41.64932972649985,99.0,0.0,0.0,0.0,0.0,2
716.0,1.0,-1.000088900581841e-12,0.0,0.0,0.0,0.0,0.0,0.0,0.0,0.0,0.0,0.0,36.6,0.0,0.0,0.0,0.0,0.0,0.0,0.0,0,0,0.5459317585301837,317.1093397131869,242.5,0.0,0.0,0.0,0.0,2
656.0,1.0,-1.000088900581841e-12,0.0,0.0,0.0,0.0,0.0,0.0,0.0,0.0,0.0,0.0,75.33333333333333,0.0,0.0,0.0,0.0,0.0,0.0,0.0,0,0,0.5459317585301837,335.7618203429331,396.0,0.0,0.0,0.0,0.0,2
0.0,0.0,0.0,0.0,0.0,0.0,0.0,0.0,0.0,0.0,0.0,0.0,0.0,97.3,0.0,0.0,0.0,0.0,0.0,0.0,0.0,1,0,0.5459317585301837,368.35490132932046,370.0,0.0,0.0,0.0,0.0,2
0.0,0.0,0.0,0.0,0.0,0.0,0.0,0.0,0.0,0.0,0.0,0.0,0.0,100.0,0.0,0.0,0.0,0.0,0.0,0.0,0.0,1,0,0.5459317585301837,396.81901836143567,343.0,0.0,0.0,0.0,0.0,2
0.0,0.0,0.0,0.0,0.0,0.0,0.0,0.0,0.0,0.0,0.0,0.0,0.0,100.0,0.0,0.0,0.0,0.0,0.0,0.0,0.0,2,0,0.5459317585301837,328.0000000000001,164.0,0.0,0.0,0.0,0.0,2
0.0,0.0,0.0,0.0,0.0,0.0,0.0,0.0,0.0,0.0,0.0,0.0,0.0,100.0,0.0,0.0,0.0,0.0,0.0,0.0,0.0,2,0,0.5459317585301837,0.0,0.0,0.0,0.0,0.0,0.0,2
0.0,0.0,0.0,0.0,0.0,0.0,0.0,0.0,0.0,0.0,0.0,0.0,0.0,100.0,0.0,0.0,0.0,0.0,0.0,0.0,0.0,3,0,0.5459317585301837,0.0,0.0,0.0,0.0,0.0,0.0,2
0.0,0.0,0.0,0.0,0.0,0.0,0.0,0.0,0.0,0.0,0.0,0.0,0.0,100.0,0.0,0.0,0.0,0.0,0.0,0.0,0.0,3,0,0.5459317585301837,0.0,0.0,0.0,0.0,0.0,0.0,2
0.0,0.0,0.0,0.0,0.0,0.0,0.0,0.0,0.0,0.0,0.0,0.0,0.0,100.0,0.0,0.0,0.0,0.0,0.0,0.0,0.0,4,0,0.5459317585301837,0.0,0.0,0.0,0.0,0.0,0.0,2
0.0,0.0,0.0,0.0,0.0,0.0,0.0,0.0,0.0,0.0,0.0,0.0,0.0,100.0,0.0,0.0,0.0,0.0,0.0,0.0,0.0,4,0,0.5459317585301837,0.0,0.0,0.0,0.0,0.0,0.0,2
0.0,0.0,0.0,0.0,0.0,0.0,0.0,0.0,0.0,0.0,0.0,0.0,0.0,100.0,0.0,0.0,0.0,0.0,0.0,0.0,0.0,5,0,0.5459317585301837,0.0,0.0,0.0,0.0,0.0,0.0,2
0.0,0.0,0.0,0.0,0.0,0.0,0.0,0.0,0.0,0.0,0.0,0.0,0.0,100.0,0.0,0.0,0.0,0.0,0.0,0.0,0.0,5,0,0.5459317585301837,0.0,0.0,0.0,0.0,0.0,0.0,2
0.0,0.0,0.0,0.0,0.0,0.0,0.0,0.0,0.0,0.0,0.0,0.0,0.0,100.0,0.0,0.0,0.0,0.0,0.0,0.0,0.0,6,0,0.5459317585301837,0.0,0.0,0.0,0.0,0.0,0.0,2
0.0,0.0,0.0,0.0,0.0,0.0,0.0,0.0,0.0,0.0,0.0,0.0,0.0,100.0,0.0,0.0,0.0,0.0,0.0,0.0,0.0,6,0,0.5459317585301837,0.0,0.0,0.0,0.0,0.0,0.0,2
0.0,0.0,0.0,0.0,0.0,0.0,0.0,0.0,0.0,0.0,0.0,0.0,0.0,100.0,0.0,0.0,0.0,0.0,0.0,0.0,0.0,7,0,0.5459317585301837,0.0,0.0,0.0,0.0,0.0,0.0,2
544.0,2.0,0.0766488007741842,0.0,0.0,0.0,0.0,0.0,0.0,0.0,0.0,0.0,0.0,100.0,130.0,0.0,0.0,0.0,514.0,0.0,18.0,7,0,0.5459317585301837,272.0000000000001,136.0,0.0,0.0,0.0,0.0,2
96.0,4.0,1.194977413944298,0.0,0.0,0.0,0.0,0.0,0.0,0.0,0.0,0.0,0.0,100.0,4.0,0.0,0.0,0.0,212.0,682.0,10.0,8,1,0.5459317585301837,259.96922894835086,160.0,0.0,0.0,0.0,0.0,2
20.0,2.0,0.6108643020528935,0.0,0.0,0.0,0.0,0.0,0.0,0.0,0.0,0.0,0.0,99.5,4.0,0.0,0.0,0.0,4.0,20.0,4.0,8,1,0.5459317585301837,256.02864423081013,165.0,0.0,0.0,0.0,0.0,2
12.0,1.0,-1.000088900581841e-12,0.0,0.0,0.0,0.0,0.0,0.0,0.0,0.0,0.0,0.0,99.0,0.0,0.0,0.0,0.0,0.0,0.0,0.0,9,1,0.5459317585301837,253.50871122442075,168.0,0.0,0.0,0.0,0.0,1
8.0,1.0,-1.000088900581841e-12,0.0,0.0,0.0,0.0,0.0,0.0,0.0,0.0,0.0,0.0,98.83333333333331,4.0,0.0,0.0,0.0,0.0,0.0,0.0,9,1,0.5459317585301837,41.63331998932367,34.0,0.0,0.0,0.0,0.0,1
0.0,0.0,0.0,0.0,0.0,0.0,0.0,0.0,0.0,0.0,0.0,0.0,0.0,98.0,0.0,0.0,0.0,0.0,0.0,0.0,0.0,10,1,0.5459317585301837,8.326663997869579,10.0,0.0,0.0,0.0,0.0,1
4.0,2.0,0.6931471805579453,0.0,0.0,0.0,0.0,0.0,0.0,0.0,0.0,0.0,0.0,98.0,0.0,0.0,0.0,0.0,4.0,18.0,4.0,10,1,0.5459317585301837,5.1639777949513626,6.0,0.0,0.0,0.0,0.0,1
18.0,1.0,-1.000088900581841e-12,0.0,0.0,0.0,0.0,0.0,0.0,0.0,0.0,0.0,0.0,97.66666666666669,2.0,0.0,0.0,0.0,0.0,14.0,0.0,11,1,0.5459317585301837,7.724420150843087,7.5,0.0,0.0,0.0,0.0,1
12.0,1.0,-1.000088900581841e-12,0.0,0.0,0.0,0.0,0.0,0.0,0.0,0.0,0.0,0.0,97.0,4.0,0.0,0.0,0.0,0.0,0.0,0.0,11,1,0.5459317585301837,8.062257748303763,8.5,0.0,0.0,0.0,0.0,1
0.0,0.0,0.0,0.0,0.0,0.0,0.0,0.0,0.0,0.0,0.0,0.0,0.0,97.0,0.0,0.0,0.0,0.0,0.0,0.0,0.0,12,1,0.5459317585301837,8.062257748303763,8.5,0.0,0.0,0.0,0.0,1
140.0,6.0,1.513666881113186,0.0,0.0,0.0,0.0,0.0,0.0,0.0,0.0,0.0,0.0,95.91666666666669,22.0,0.0,0.0,0.0,50.0,1314.0,22.0,12,1,0.5459317585301837,65.429351211823,42.5,0.0,0.0,0.0,0.0,1
20.0,3.0,0.8018185525403373,0.0,0.0,0.0,0.0,0.0,0.0,0.0,0.0,0.0,0.0,94.0,6.0,0.0,0.0,0.0,10.0,62.0,2.0,13,1,0.5459317585301837,65.18691075157203,43.0,0.0,0.0,0.0,0.0,1
76.0,7.0,1.2396961694652882,0.0,0.0,0.0,0.0,0.0,0.0,0.0,0.0,0.0,0.0,93.16666666666669,36.0,0.0,0.0,0.0,60.0,628.0,24.0,13,1,0.5459317585301837,62.85432894134461,59.0,0.0,0.0,0.0,0.0,1
12.0,1.0,-1.000088900581841e-12,0.0,0.0,0.0,0.0,0.0,0.0,0.0,0.0,0.0,0.0,92.0,0.0,0.0,0.0,0.0,10.0,0.0,0.0,14,1,0.5459317585301837,59.28462420110928,62.0,0.0,0.0,0.0,0.0,1
38.0,3.0,0.9097077103244988,0.0,0.0,0.0,0.0,0.0,0.0,0.0,0.0,0.0,0.0,91.875,6.0,0.0,0.0,0.0,20.0,240.0,4.0,14,1,0.5459317585301837,28.48976424379028,36.5,0.0,0.0,0.0,0.0,1
12.0,1.0,-1.000088900581841e-12,0.0,0.0,0.0,0.0,0.0,0.0,0.0,0.0,0.0,0.0,91.0,0.0,0.0,0.0,0.0,0.0,0.0,0.0,15,1,0.5459317585301837,30.259984578098365,34.5,0.0,0.0,0.0,0.0,1
224.0,4.0,1.1111984282036946,0.0,0.0,0.0,0.0,0.0,0.0,0.0,0.0,0.0,0.0,89.75,16.0,0.0,0.0,0.0,104.0,796.0,40.0,15,1,0.5459317585301837,102.40279944090112,71.5,0.0,0.0,0.0,0.0,1
12.0,1.0,-1.000088900581841e-12,0.0,0.0,0.0,0.0,0.0,0.0,0.0,0.0,0.0,0.0,87.0,0.0,0.0,0.0,0.0,14.0,0.0,0.0,16,1,0.5459317585301837,102.40279944090112,71.5,0.0,0.0,0.0,0.0,2
42.0,4.0,1.073831323181844,0.0,0.0,0.0,0.0,0.0,0.0,0.0,0.0,0.0,0.0,86.55555555555556,30.0,0.0,0.0,0.0,56.0,348.0,18.0,16,1,0.5459317585301837,101.98529305738198,72.5,0.0,0.0,0.0,0.0,2
124.0,4.0,1.1249854407170816,0.0,0.0,0.0,0.0,0.0,0.0,0.0,0.0,0.0,0.0,85.2,26.0,0.0,0.0,0.0,42.0,2366.0,16.0,17,1,0.5459317585301837,94.97192567631105,100.5,0.0,0.0,0.0,0.0,2
28.0,2.0,0.6829081046984717,0.0,0.0,0.0,0.0,0.0,0.0,0.0,0.0,0.0,0.0,83.0,14.0,0.0,0.0,0.0,14.0,910.0,6.0,17,1,0.5459317585301837,49.86314604327947,51.5,0.0,0.0,0.0,0.0,2
78.0,5.0,0.92385027118908,0.0,0.0,0.0,4.0,0.0,0.0,0.0,0.0,0.0,0.0,82.4,32.0,0.0,0.0,0.0,42.0,938.0,20.0,18,1,0.5459317585301837,42.86412641514367,68.0,0.0,0.0,2.000000000000606,1.0,2
16.0,1.0,-1.000088900581841e-12,0.0,0.0,0.0,6.0,0.0,0.0,0.0,0.0,0.0,0.0,80.71428571428571,10.0,0.0,0.0,0.0,28.0,10.0,4.0,18,1,0.5459317585301837,49.56813492557577,61.5,0.0,0.0,3.000000000000404,2.5,2
84.0,3.0,0.6559757323335467,0.0,0.0,0.0,4.0,0.0,0.0,0.0,0.0,0.0,0.0,79.58333333333333,0.0,0.0,0.0,0.0,14.0,270.0,6.0,19,1,0.5459317585301837,34.50120770833128,51.5,0.0,0.0,2.516611478424065,3.5,2
130.0,3.0,0.8663295029602596,0.0,0.0,0.0,2.0,0.0,0.0,0.0,0.0,0.0,0.0,77.4375,8.0,0.0,0.0,0.0,14.0,1232.0,2.0,19,1,0.5459317585301837,46.83303677249018,77.0,0.0,0.0,1.632993161856194,4.0,2
132.0,4.0,0.9585101509071436,0.0,0.0,0.0,0.0,0.0,0.0,0.0,0.0,0.0,0.0,76.0,0.0,0.0,0.0,0.0,14.0,1210.0,6.0,20,1,0.5459317585301837,54.39056290693651,90.5,0.0,0.0,2.5819888974720806,3.0,2
158.0,6.0,1.420751606446941,0.0,0.0,0.0,0.0,0.0,0.0,0.0,0.0,0.0,0.0,74.28571428571429,10.0,0.0,0.0,0.0,38.0,2494.0,12.0,20,1,0.5459317585301837,30.76794869123957,126.0,0.0,0.0,1.9148542155133088,1.5,2
170.0,6.0,1.2724823835311008,0.0,0.0,0.0,0.0,0.0,0.0,0.0,0.0,0.0,0.0,70.82352941176471,60.0,0.0,0.0,0.0,106.0,4704.0,26.0,21,0,0.5459317585301837,19.689252567498624,147.5,0.0,0.0,1.0000000000012113,0.5,2
76.0,7.0,1.7322600099151009,0.0,0.0,0.0,0.0,0.0,0.0,0.0,0.0,0.0,0.0,68.45454545454545,70.0,0.0,0.0,0.0,88.0,2418.0,22.0,21,0,0.5459317585301837,41.79314138308762,134.0,0.0,0.0,0.0,0.0,1
60.0,4.0,1.1106150583934111,0.0,0.0,0.0,0.0,0.0,0.0,0.0,0.0,0.0,0.0,66.88888888888889,54.0,0.0,0.0,0.0,88.0,3718.0,32.0,22,0,0.5459317585301837,56.02380446441273,116.0,0.0,0.0,0.0,0.0,2
142.0,4.0,0.9959778516882728,0.0,0.0,0.0,0.0,0.0,0.0,0.0,0.0,0.0,0.0,64.2,42.0,0.0,0.0,0.0,88.0,4928.0,18.0,22,0,0.5459317585301837,52.48491846870634,112.0,0.0,0.0,0.0,0.0,2
108.0,6.0,1.50873047809519,0.0,0.0,0.0,0.0,0.0,0.0,0.0,0.0,0.0,0.0,60.54545454545455,42.0,0.0,0.0,0.0,70.0,3160.0,10.0,23,0,0.5459317585301837,36.30886025935568,96.5,0.0,0.0,0.0,0.0,2
52.0,2.0,0.4293230219286162,0.0,0.0,0.0,0.0,0.0,0.0,0.0,0.0,0.0,0.0,58.44444444444444,22.0,0.0,0.0,0.0,0.0,888.0,0.0,23,0,0.5459317585301837,42.3123307480623,90.5,0.0,0.0,0.0,0.0,2
436.0,2.0,0.0726463796978604,0.0,0.0,0.0,0.0,0.0,0.0,0.0,0.0,0.0,30.0,64.72727272727273,18.0,0.0,0.0,0.0,78.0,218.0,6.0,0,0,0.5459317585301837,171.7236151494607,184.5,0.0,0.0,0.0,0.0,2
718.0,1.0,-1.000088900581841e-12,0.0,0.0,0.0,0.0,0.0,0.0,0.0,0.0,0.0,0.0,90.2,0.0,0.0,0.0,0.0,0.0,0.0,0.0,0,0,0.5459317585301837,310.0209670328768,328.5,0.0,0.0,0.0,0.0,2
302.0,1.0,-1.000088900581841e-12,0.0,0.0,0.0,0.0,0.0,0.0,0.0,0.0,0.0,0.0,99.73333333333332,0.0,0.0,0.0,0.0,0.0,0.0,0.0,1,0,0.5459317585301837,277.4959459163324,377.0,0.0,0.0,0.0,0.0,2
0.0,0.0,0.0,0.0,0.0,0.0,0.0,0.0,0.0,0.0,0.0,0.0,0.0,100.0,0.0,0.0,0.0,0.0,0.0,0.0,0.0,1,0,0.5459317585301837,298.239277538467,364.0,0.0,0.0,0.0,0.0,2
0.0,0.0,0.0,0.0,0.0,0.0,0.0,0.0,0.0,0.0,0.0,0.0,0.0,100.0,0.0,0.0,0.0,0.0,0.0,0.0,0.0,2,0,0.5459317585301837,339.9156758177927,255.0,0.0,0.0,0.0,0.0,2
0.0,0.0,0.0,0.0,0.0,0.0,0.0,0.0,0.0,0.0,0.0,0.0,0.0,100.0,0.0,0.0,0.0,0.0,0.0,0.0,0.0,2,0,0.5459317585301837,151.0000000000002,75.5,0.0,0.0,0.0,0.0,2
0.0,0.0,0.0,0.0,0.0,0.0,0.0,0.0,0.0,0.0,0.0,0.0,0.0,100.0,0.0,0.0,0.0,0.0,0.0,0.0,0.0,3,0,0.5459317585301837,0.0,0.0,0.0,0.0,0.0,0.0,2
0.0,0.0,0.0,0.0,0.0,0.0,0.0,0.0,0.0,0.0,0.0,0.0,0.0,100.0,0.0,0.0,0.0,0.0,0.0,0.0,0.0,3,0,0.5459317585301837,0.0,0.0,0.0,0.0,0.0,0.0,2
0.0,0.0,0.0,0.0,0.0,0.0,0.0,0.0,0.0,0.0,0.0,0.0,0.0,100.0,0.0,0.0,0.0,0.0,0.0,0.0,0.0,4,0,0.5459317585301837,0.0,0.0,0.0,0.0,0.0,0.0,2
0.0,0.0,0.0,0.0,0.0,0.0,0.0,0.0,0.0,0.0,0.0,0.0,0.0,100.0,0.0,0.0,0.0,0.0,0.0,0.0,0.0,4,0,0.5459317585301837,0.0,0.0,0.0,0.0,0.0,0.0,2
0.0,0.0,0.0,0.0,0.0,0.0,0.0,0.0,0.0,0.0,0.0,0.0,0.0,100.0,0.0,0.0,0.0,0.0,0.0,0.0,0.0,5,0,0.5459317585301837,0.0,0.0,0.0,0.0,0.0,0.0,2
0.0,0.0,0.0,0.0,0.0,0.0,0.0,0.0,0.0,0.0,0.0,0.0,0.0,100.0,0.0,0.0,0.0,0.0,0.0,0.0,0.0,5,0,0.5459317585301837,0.0,0.0,0.0,0.0,0.0,0.0,2
0.0,0.0,0.0,0.0,0.0,0.0,0.0,0.0,0.0,0.0,0.0,0.0,0.0,100.0,0.0,0.0,0.0,0.0,0.0,0.0,0.0,6,0,0.5459317585301837,0.0,0.0,0.0,0.0,0.0,0.0,2
0.0,0.0,0.0,0.0,0.0,0.0,0.0,0.0,0.0,0.0,0.0,0.0,0.0,100.0,0.0,0.0,0.0,0.0,0.0,0.0,0.0,6,0,0.5459317585301837,0.0,0.0,0.0,0.0,0.0,0.0,2
0.0,0.0,0.0,0.0,0.0,0.0,0.0,0.0,0.0,0.0,0.0,0.0,0.0,100.0,0.0,0.0,0.0,0.0,0.0,0.0,0.0,7,0,0.5459317585301837,0.0,0.0,0.0,0.0,0.0,0.0,2
0.0,0.0,0.0,0.0,0.0,0.0,0.0,0.0,0.0,0.0,0.0,0.0,0.0,100.0,0.0,0.0,0.0,0.0,0.0,0.0,0.0,7,0,0.5459317585301837,0.0,0.0,0.0,0.0,0.0,0.0,2
0.0,0.0,0.0,0.0,0.0,0.0,0.0,0.0,0.0,0.0,0.0,0.0,0.0,100.0,0.0,0.0,0.0,0.0,0.0,0.0,0.0,8,1,0.5459317585301837,0.0,0.0,0.0,0.0,0.0,0.0,2
0.0,0.0,0.0,0.0,0.0,0.0,0.0,0.0,0.0,0.0,0.0,0.0,0.0,100.0,0.0,0.0,0.0,0.0,0.0,0.0,0.0,8,1,0.5459317585301837,0.0,0.0,0.0,0.0,0.0,0.0,2
0.0,0.0,0.0,0.0,0.0,0.0,0.0,0.0,0.0,0.0,0.0,0.0,0.0,100.0,0.0,0.0,0.0,0.0,30.0,0.0,0.0,9,1,0.5459317585301837,0.0,0.0,0.0,0.0,0.0,0.0,2
0.0,0.0,0.0,0.0,0.0,0.0,0.0,0.0,0.0,0.0,0.0,0.0,0.0,100.0,0.0,0.0,0.0,0.0,0.0,0.0,0.0,9,1,0.5459317585301837,0.0,0.0,0.0,0.0,0.0,0.0,2
6.0,2.0,0.6365141682928128,0.0,0.0,0.0,0.0,0.0,0.0,0.0,0.0,0.0,0.0,100.0,24.0,0.0,0.0,0.0,60.0,322.0,18.0,10,1,0.5459317585301837,3.00000000001051,1.5,0.0,0.0,0.0,0.0,2
36.0,3.0,0.8486855577234171,0.0,0.0,0.0,0.0,0.0,0.0,0.0,0.0,0.0,0.0,100.0,86.0,0.0,0.0,0.0,120.0,202.0,26.0,10,1,0.5459317585301837,17.233687939615915,10.5,0.0,0.0,0.0,0.0,2
12.0,1.0,-1.000088900581841e-12,0.0,0.0,0.0,0.0,0.0,0.0,0.0,0.0,0.0,0.0,99.5,0.0,0.0,0.0,0.0,0.0,0.0,0.0,11,1,0.5459317585301837,15.779733838061498,13.5,0.0,0.0,0.0,0.0,2
150.0,5.0,1.0232934045815114,0.0,0.0,0.0,0.0,0.0,0.0,0.0,0.0,0.0,0.0,98.75,48.0,0.0,0.0,0.0,60.0,3232.0,16.0,11,1,0.5459317585301837,67.26068688320142,51.0,0.0,0.0,0.0,0.0,2
34.0,4.0,1.3180238017066035,0.0,0.0,0.0,0.0,0.0,0.0,0.0,0.0,0.0,0.0,97.375,20.0,0.0,0.0,0.0,34.0,738.0,4.0,12,1,0.5459317585301837,62.28964600959026,58.0,0.0,0.0,0.0,0.0,2
18.0,2.0,0.5297061990556545,0.0,0.0,0.0,0.0,0.0,0.0,0.0,0.0,0.0,0.0,96.71428571428572,24.0,0.0,0.0,0.0,36.0,714.0,22.0,12,1,0.5459317585301837,65.00000000000048,53.5,0.0,0.0,0.0,0.0,2
68.0,5.0,1.5685861929475515,0.0,0.0,0.0,0.0,0.0,0.0,0.0,0.0,0.0,0.0,95.8,0.0,0.0,0.0,0.0,36.0,3348.0,2.0,13,1,0.5459317585301837,58.81893119282881,67.5,0.0,0.0,0.0,0.0,2
26.0,3.0,0.9110175397095628,0.0,0.0,0.0,0.0,0.0,0.0,0.0,0.0,0.0,0.0,93.11111111111111,106.0,0.0,0.0,0.0,114.0,168.0,4.0,13,1,0.5459317585301837,21.99242293761036,36.5,0.0,0.0,0.0,0.0,2
34.0,3.0,0.8082699579971822,0.0,0.0,0.0,0.0,0.0,0.0,0.0,0.0,0.0,0.0,91.44444444444444,66.0,0.0,0.0,0.0,114.0,536.0,16.0,14,1,0.5459317585301837,21.99242293761036,36.5,0.0,0.0,0.0,0.0,2
86.0,4.0,1.2151915649723366,0.0,0.0,0.0,0.0,0.0,0.0,0.0,0.0,0.0,0.0,89.71428571428571,92.0,0.0,0.0,0.0,118.0,2656.0,14.0,14,1,0.5459317585301837,28.301943396170937,53.5,0.0,0.0,0.0,0.0,2
122.0,4.0,0.8115765727725195,0.0,0.0,0.0,0.0,0.0,0.0,0.0,0.0,0.0,0.0,86.5625,26.0,0.0,0.0,0.0,80.0,6802.0,8.0,15,1,0.5459317585301837,45.2990066116252,67.0,0.0,0.0,0.0,0.0,2
130.0,5.0,0.7185223182890836,0.0,0.0,0.0,0.0,0.0,0.0,0.0,0.0,0.0,0.0,82.8,18.0,0.0,0.0,0.0,88.0,3960.0,4.0,15,1,0.5459317585301837,43.74166587286539,93.0,0.0,0.0,0.0,0.0,2
34.0,3.0,0.8463658296232874,0.0,0.0,0.0,0.0,0.0,0.0,0.0,0.0,0.0,0.0,80.5,38.0,0.0,0.0,0.0,88.0,1140.0,28.0,16,1,0.5459317585301837,43.74166587286539,93.0,0.0,0.0,0.0,0.0,2
44.0,3.0,0.9949236325687753,0.0,0.0,0.0,0.0,0.0,0.0,0.0,0.0,0.0,0.0,78.2,36.0,0.0,0.0,0.0,44.0,1270.0,6.0,16,1,0.5459317585301837,50.50082507576878,82.5,0.0,0.0,0.0,0.0,2
48.0,2.0,0.5117400734154094,0.0,0.0,0.0,0.0,0.0,0.0,0.0,0.0,0.0,0.0,77.0,32.0,0.0,0.0,0.0,8.0,1602.0,0.0,17,1,0.5459317585301837,44.39219150556469,64.0,0.0,0.0,0.0,0.0,2
58.0,2.0,0.5098156995796888,0.0,0.0,0.0,0.0,0.0,0.0,0.0,0.0,0.0,0.0,76.33333333333333,0.0,0.0,0.0,0.0,44.0,3638.0,6.0,17,1,0.5459317585301837,9.933109617170748,46.0,0.0,0.0,0.0,0.0,2
60.0,4.0,0.9532710147018912,0.0,0.0,0.0,0.0,0.0,0.0,0.0,0.0,0.0,0.0,73.11111111111111,86.0,0.0,0.0,0.0,132.0,1698.0,8.0,18,1,0.5459317585301837,7.724420150841746,52.5,0.0,0.0,0.0,0.0,2
32.0,3.0,1.0239287996359363,0.0,0.0,0.0,0.0,0.0,0.0,0.0,0.0,0.0,0.0,72.0,60.0,0.0,0.0,0.0,132.0,652.0,36.0,18,1,0.5459317585301837,12.793227374932805,49.5,0.0,0.0,0.0,0.0,2
12.0,1.0,-1.000088900581841e-12,0.0,0.0,0.0,0.0,0.0,0.0,0.0,0.0,0.0,0.0,71.16666666666667,0.0,0.0,0.0,0.0,0.0,0.0,0.0,19,1,0.5459317585301837,22.883764259114585,40.5,0.0,0.0,0.0,0.0,2
8.0,1.0,-1.000088900581841e-12,0.0,0.0,0.0,0.0,0.0,0.0,0.0,0.0,0.0,0.0,71.0,34.0,0.0,0.0,0.0,0.0,0.0,0.0,19,1,0.5459317585301837,23.776739333504008,28.0,0.0,0.0,0.0,0.0,2
0.0,0.0,0.0,0.0,0.0,0.0,0.0,0.0,0.0,0.0,0.0,0.0,0.0,71.0,0.0,0.0,0.0,0.0,0.0,0.0,0.0,20,1,0.5459317585301837,13.613718571110418,13.0,0.0,0.0,0.0,0.0,2
0.0,0.0,0.0,0.0,0.0,0.0,0.0,0.0,0.0,0.0,0.0,0.0,0.0,71.0,0.0,0.0,0.0,0.0,0.0,0.0,0.0,20,1,0.5459317585301837,6.0000000000052784,5.0,0.0,0.0,0.0,0.0,2
20.0,2.0,0.5004024235361879,0.0,0.0,0.0,0.0,0.0,0.0,0.0,0.0,0.0,0.0,70.375,68.0,0.0,0.0,0.0,140.0,382.0,26.0,21,0,0.5459317585301837,9.451631252508566,7.0,0.0,0.0,0.0,0.0,2
200.0,6.0,1.2224576122255046,0.0,0.0,0.0,0.0,0.0,0.0,0.0,0.0,0.0,0.0,66.65,0.0,0.0,0.0,0.0,132.0,6558.0,14.0,21,0,0.5459317585301837,97.12534856222344,55.0,0.0,0.0,0.0,0.0,2
136.0,5.0,1.4499485077597931,0.0,0.0,0.0,0.0,0.0,0.0,0.0,0.0,0.0,0.0,59.266666666666666,0.0,0.0,0.0,0.0,0.0,6348.0,0.0,22,0,0.5459317585301837,95.24004759903646,89.0,0.0,0.0,0.0,0.0,2
38.0,5.0,1.493410599215084,0.0,0.0,0.0,0.0,0.0,0.0,0.0,0.0,0.0,0.0,46.142857142857146,0.0,0.0,0.0,0.0,0.0,2692.0,0.0,22,0,0.5459317585301837,84.71717653463236,98.5,0.0,0.0,0.0,0.0,2
36.0,2.0,0.4505612088643047,0.0,0.0,0.0,0.0,0.0,0.0,0.0,0.0,0.0,0.0,37.875,42.0,0.0,0.0,0.0,54.0,1458.0,0.0,23,0,0.5459317585301837,80.0229133852719,102.5,0.0,0.0,0.0,0.0,2
110.0,3.0,0.934042431064385,0.0,0.0,0.0,0.0,0.0,0.0,0.0,0.0,0.0,0.0,32.53846153846154,0.0,0.0,0.0,0.0,108.0,2382.0,4.0,23,0,0.5459317585301837,50.78057371344607,80.0,0.0,0.0,0.0,0.0,2
592.0,3.0,0.243855648745579,0.0,0.0,0.0,0.0,0.0,0.0,0.0,0.0,0.0,58.0,32.46153846153846,0.0,0.0,0.0,0.0,0.0,2154.0,0.0,0,0,0.5459317585301837,267.55684754210034,194.0,0.0,0.0,0.0,0.0,2
718.0,1.0,-1.000088900581841e-12,0.0,0.0,0.0,0.0,0.0,0.0,0.0,0.0,0.0,0.0,47.7,0.0,0.0,0.0,0.0,0.0,0.0,0.0,0,0,0.5459317585301837,341.2721299295721,364.0,0.0,0.0,0.0,0.0,2
156.0,1.0,-1.000088900581841e-12,0.0,0.0,0.0,0.0,0.0,0.0,0.0,0.0,0.0,0.0,64.66666666666667,0.0,0.0,0.0,0.0,0.0,0.0,0.0,1,0,0.5459317585301837,306.31138840511096,394.0,0.0,0.0,0.0,0.0,2
0.0,0.0,0.0,0.0,0.0,0.0,0.0,0.0,0.0,0.0,0.0,0.0,0.0,82.03333333333333,0.0,0.0,0.0,0.0,0.0,0.0,0.0,1,0,0.5459317585301837,343.04275729613266,366.5,0.0,0.0,0.0,0.0,2
0.0,0.0,0.0,0.0,0.0,0.0,0.0,0.0,0.0,0.0,0.0,0.0,0.0,95.36666666666666,0.0,0.0,0.0,0.0,0.0,0.0,0.0,2,0,0.5459317585301837,341.02345960358804,218.5,0.0,0.0,0.0,0.0,2
0.0,0.0,0.0,0.0,0.0,0.0,0.0,0.0,0.0,0.0,0.0,0.0,0.0,100.0,0.0,0.0,0.0,0.0,0.0,0.0,0.0,2,0,0.5459317585301837,78.00000000000037,39.0,0.0,0.0,0.0,0.0,2
0.0,0.0,0.0,0.0,0.0,0.0,0.0,0.0,0.0,0.0,0.0,0.0,0.0,100.0,0.0,0.0,0.0,0.0,0.0,0.0,0.0,3,0,0.5459317585301837,0.0,0.0,0.0,0.0,0.0,0.0,2
0.0,0.0,0.0,0.0,0.0,0.0,0.0,0.0,0.0,0.0,0.0,0.0,0.0,100.0,0.0,0.0,0.0,0.0,0.0,0.0,0.0,3,0,0.5459317585301837,0.0,0.0,0.0,0.0,0.0,0.0,2
0.0,0.0,0.0,0.0,0.0,0.0,0.0,0.0,0.0,0.0,0.0,0.0,0.0,100.0,0.0,0.0,0.0,0.0,0.0,0.0,0.0,4,0,0.5459317585301837,0.0,0.0,0.0,0.0,0.0,0.0,2
0.0,0.0,0.0,0.0,0.0,0.0,0.0,0.0,0.0,0.0,0.0,0.0,0.0,100.0,0.0,0.0,0.0,0.0,0.0,0.0,0.0,4,0,0.5459317585301837,0.0,0.0,0.0,0.0,0.0,0.0,2
0.0,0.0,0.0,0.0,0.0,0.0,0.0,0.0,0.0,0.0,0.0,0.0,0.0,100.0,0.0,0.0,0.0,0.0,0.0,0.0,0.0,5,0,0.5459317585301837,0.0,0.0,0.0,0.0,0.0,0.0,2
0.0,0.0,0.0,0.0,0.0,0.0,0.0,0.0,0.0,0.0,0.0,0.0,0.0,100.0,0.0,0.0,0.0,0.0,0.0,0.0,0.0,5,0,0.5459317585301837,0.0,0.0,0.0,0.0,0.0,0.0,2
0.0,0.0,0.0,0.0,0.0,0.0,0.0,0.0,0.0,0.0,0.0,0.0,0.0,100.0,0.0,0.0,0.0,0.0,0.0,0.0,0.0,6,0,0.5459317585301837,0.0,0.0,0.0,0.0,0.0,0.0,2
0.0,0.0,0.0,0.0,0.0,0.0,0.0,0.0,0.0,0.0,0.0,0.0,0.0,100.0,0.0,0.0,0.0,0.0,0.0,0.0,0.0,6,0,0.5459317585301837,0.0,0.0,0.0,0.0,0.0,0.0,2
0.0,0.0,0.0,0.0,0.0,0.0,0.0,0.0,0.0,0.0,0.0,0.0,0.0,100.0,0.0,0.0,0.0,0.0,0.0,0.0,0.0,7,0,0.5459317585301837,0.0,0.0,0.0,0.0,0.0,0.0,2
0.0,0.0,0.0,0.0,0.0,0.0,0.0,0.0,0.0,0.0,0.0,0.0,0.0,100.0,0.0,0.0,0.0,0.0,0.0,0.0,0.0,7,0,0.5459317585301837,0.0,0.0,0.0,0.0,0.0,0.0,2
0.0,0.0,0.0,0.0,0.0,0.0,0.0,0.0,0.0,0.0,0.0,0.0,0.0,100.0,0.0,0.0,0.0,0.0,0.0,0.0,0.0,8,1,0.5459317585301837,0.0,0.0,0.0,0.0,0.0,0.0,2
0.0,0.0,0.0,0.0,0.0,0.0,0.0,0.0,0.0,0.0,0.0,0.0,0.0,100.0,0.0,0.0,0.0,0.0,0.0,0.0,0.0,8,1,0.5459317585301837,0.0,0.0,0.0,0.0,0.0,0.0,2
0.0,0.0,0.0,0.0,0.0,0.0,0.0,0.0,0.0,0.0,0.0,0.0,0.0,100.0,0.0,0.0,0.0,0.0,0.0,0.0,0.0,9,1,0.5459317585301837,0.0,0.0,0.0,0.0,0.0,0.0,2
0.0,0.0,0.0,0.0,0.0,0.0,0.0,0.0,0.0,0.0,0.0,0.0,0.0,100.0,0.0,0.0,0.0,0.0,0.0,0.0,0.0,9,1,0.5459317585301837,0.0,0.0,0.0,0.0,0.0,0.0,2
44.0,1.0,-1.000088900581841e-12,0.0,0.0,0.0,0.0,0.0,0.0,0.0,0.0,0.0,0.0,100.0,0.0,0.0,0.0,0.0,58.0,0.0,20.0,10,1,0.5459317585301837,22.00000000000132,11.0,0.0,0.0,0.0,0.0,2
72.0,3.0,0.7603741834850299,0.0,0.0,0.0,0.0,0.0,0.0,0.0,0.0,0.0,0.0,91.41666666666669,8.0,0.0,0.0,0.0,8.0,248.0,6.0,13,1,0.5459317585301837,42.64582824458595,54.0,0.0,0.0,0.0,0.0,2
34.0,3.0,1.0283941667113723,0.0,0.0,0.0,0.0,0.0,0.0,0.0,0.0,0.0,0.0,90.4,10.0,0.0,0.0,0.0,20.0,34.0,2.0,13,1,0.5459317585301837,29.726531359489705,62.5,0.0,0.0,0.0,0.0,2
136.0,4.0,1.0522162513020834,0.0,0.0,0.0,4.0,0.0,0.0,0.0,0.0,0.0,0.0,87.82352941176471,2.0,0.0,0.0,0.0,12.0,606.0,4.0,14,1,0.5459317585301837,43.18564576337904,85.5,0.0,0.0,2.0000000000006057,1.0,2
42.0,1.0,-1.000088900581841e-12,0.0,0.0,0.0,0.0,0.0,0.0,0.0,0.0,0.0,0.0,81.5,0.0,0.0,0.0,0.0,0.0,0.0,0.0,14,1,0.5459317585301837,46.317743180485294,71.0,0.0,0.0,2.0000000000006057,1.0,2
44.0,1.0,-1.000088900581841e-12,0.0,0.0,0.0,0.0,0.0,0.0,0.0,0.0,0.0,0.0,74.625,2.0,0.0,0.0,0.0,4.0,178.0,4.0,15,1,0.5459317585301837,48.19405219180812,64.0,0.0,0.0,2.0000000000006057,1.0,2
62.0,4.0,1.326941472717443,0.0,0.0,0.0,2.0,0.0,0.0,0.0,0.0,0.0,0.0,69.125,10.0,0.0,0.0,0.0,4.0,402.0,2.0,15,1,0.5459317585301837,44.25682621547466,71.0,0.0,0.0,1.9148542155133088,1.5,2
18.0,2.0,0.6869615765953234,0.0,0.0,0.0,0.0,0.0,0.0,0.0,0.0,0.0,0.0,67.71428571428571,4.0,0.0,0.0,0.0,24.0,8.0,2.0,16,1,0.5459317585301837,18.06469853978724,41.5,0.0,0.0,1.0000000000012113,0.5,2
22.0,2.0,0.3046360973472382,0.0,0.0,0.0,0.0,0.0,0.0,0.0,0.0,0.0,0.0,67.0,4.0,4.0,4.0,0.0,12.0,14.0,4.0,16,1,0.5459317585301837,20.485767417080687,36.5,0.0,0.0,1.0000000000012113,0.5,2
28.0,3.0,0.7589367727590597,0.0,0.0,0.0,0.0,0.0,0.0,0.0,0.0,0.0,0.0,66.375,12.0,0.0,0.0,0.0,18.0,26.0,4.0,17,1,0.5459317585301837,20.09145755456096,32.5,0.0,0.0,1.0000000000012113,0.5,2
24.0,2.0,0.6791932659895258,0.0,0.0,0.0,0.0,0.0,0.0,0.0,0.0,0.0,0.0,65.71428571428571,4.0,0.0,0.0,0.0,6.0,18.0,4.0,17,1,0.5459317585301837,4.163331998939222,23.0,0.0,0.0,0.0,0.0,2
16.0,1.0,-1.000088900581841e-12,0.0,0.0,0.0,0.0,0.0,0.0,0.0,0.0,0.0,0.0,65.0,0.0,0.0,0.0,0.0,12.0,0.0,0.0,18,1,0.5459317585301837,5.000000000005794,22.5,0.0,0.0,0.0,0.0,1
48.0,4.0,1.1329015890480356,0.0,0.0,0.0,0.0,0.0,0.0,0.0,0.0,0.0,0.0,63.42857142857143,12.0,0.0,0.0,0.0,12.0,288.0,2.0,18,1,0.5459317585301837,13.61371857111022,29.0,0.0,0.0,0.0,0.0,1
22.0,2.0,0.6554817738993928,0.0,0.0,0.0,0.0,0.0,0.0,0.0,0.0,0.0,0.0,62.375,6.0,0.0,0.0,0.0,8.0,630.0,4.0,19,1,0.5459317585301837,14.083086782853796,27.5,0.0,0.0,0.0,0.0,2
12.0,1.0,-1.000088900581841e-12,0.0,0.0,0.0,0.0,0.0,0.0,0.0,0.0,0.0,0.0,61.833333333333336,4.0,0.0,0.0,0.0,0.0,0.0,0.0,19,1,0.5459317585301837,16.19670748434358,24.5,0.0,0.0,0.0,0.0,2
20.0,2.0,0.6730116670072565,0.0,0.0,0.0,6.0,0.0,0.0,0.0,0.0,0.0,0.0,60.75,12.0,0.0,0.0,0.0,16.0,436.0,10.0,20,1,0.5459317585301837,15.60982596529265,25.5,0.0,0.0,3.000000000000404,1.5,1
12.0,1.0,-1.000088900581841e-12,0.0,0.0,0.0,8.0,0.0,0.0,0.0,0.0,0.0,0.0,60.0,0.0,0.0,0.0,0.0,0.0,0.0,0.0,20,1,0.5459317585301837,5.259911279358675,16.5,0.0,0.0,4.123105625617955,3.5,1
98.0,5.0,1.2748872762923449,0.0,0.0,0.0,0.0,0.0,0.0,0.0,0.0,0.0,0.0,58.66666666666666,12.0,0.0,0.0,0.0,24.0,1898.0,10.0,21,0,0.5459317585301837,41.83698523236816,35.5,0.0,0.0,4.123105625617955,3.5,1
74.0,4.0,1.0154699169559116,0.0,0.0,0.0,0.0,0.0,0.0,0.0,0.0,0.0,0.0,56.77777777777778,18.0,0.0,0.0,0.0,16.0,460.0,8.0,21,0,0.5459317585301837,41.71330722922912,51.0,0.0,0.0,4.123105625617955,3.5,2
110.0,5.0,1.5438313299477693,0.0,0.0,0.0,0.0,0.0,0.0,0.0,0.0,0.0,0.0,54.93333333333333,12.0,0.0,0.0,0.0,84.0,1848.0,18.0,22,0,0.5459317585301837,43.64630568559105,73.5,0.0,0.0,4.000000000000303,2.0,2
140.0,4.0,0.9745026251621076,0.0,0.0,0.0,0.0,0.0,0.0,0.0,0.0,0.0,0.0,51.333333333333336,6.0,0.0,0.0,0.0,70.0,4510.0,22.0,22,0,0.5459317585301837,27.44084546802554,105.5,0.0,0.0,0.0,0.0,2
94.0,5.0,1.449945229857514,0.0,0.0,0.0,0.0,0.0,0.0,0.0,0.0,0.0,0.0,47.84615384615385,48.0,0.0,0.0,0.0,60.0,2238.0,10.0,23,0,0.5459317585301837,27.874719729533744,104.5,0.0,0.0,0.0,0.0,2
92.0,5.0,1.2208789299974645,0.0,0.0,0.0,0.0,0.0,0.0,0.0,0.0,0.0,0.0,43.35714285714285,52.0,0.0,0.0,0.0,96.0,2888.0,18.0,23,0,0.5459317585301837,22.18107301282014,109.0,0.0,0.0,0.0,0.0,2
50.0,3.0,1.0133126873467393,0.0,0.0,0.0,0.0,0.0,0.0,0.0,0.0,0.0,0.0,40.44444444444444,14.0,0.0,0.0,0.0,20.0,382.0,2.0,0,0,0.5459317585301837,36.76955262170126,94.0,0.0,0.0,0.0,0.0,2
104.0,3.0,0.3812616318957933,0.0,0.0,0.0,0.0,0.0,0.0,0.0,0.0,0.0,0.0,37.0,6.0,0.0,0.0,0.0,40.0,2064.0,4.0,0,0,0.5459317585301837,23.916521486204008,85.0,0.0,0.0,0.0,0.0,2
676.0,2.0,0.1119923206129352,0.0,0.0,0.0,0.0,0.0,0.0,0.0,0.0,0.0,22.0,39.9,0.0,0.0,0.0,0.0,24.0,178.0,0.0,1,0,0.5459317585301837,297.90099026354386,230.5,0.0,0.0,0.0,0.0,2
718.0,1.0,-1.000088900581841e-12,0.0,0.0,0.0,0.0,0.0,0.0,0.0,0.0,0.0,0.0,56.93333333333333,0.0,0.0,0.0,0.0,0.0,0.0,0.0,1,0,0.5459317585301837,359.0450296736238,387.0,0.0,0.0,0.0,0.0,2
52.0,1.0,-1.000088900581841e-12,0.0,0.0,0.0,0.0,0.0,0.0,0.0,0.0,0.0,0.0,74.73333333333333,0.0,0.0,0.0,0.0,0.0,0.0,0.0,2,0,0.5459317585301837,358.420144523156,387.5,0.0,0.0,0.0,0.0,2
0.0,0.0,0.0,0.0,0.0,0.0,0.0,0.0,0.0,0.0,0.0,0.0,0.0,91.3,0.0,0.0,0.0,0.0,0.0,0.0,0.0,2,0,0.5459317585301837,388.36194458262776,361.5,0.0,0.0,0.0,0.0,2
0.0,0.0,0.0,0.0,0.0,0.0,0.0,0.0,0.0,0.0,0.0,0.0,0.0,99.5,0.0,0.0,0.0,0.0,0.0,0.0,0.0,3,0,0.5459317585301837,351.1898821625324,192.5,0.0,0.0,0.0,0.0,2
0.0,0.0,0.0,0.0,0.0,0.0,0.0,0.0,0.0,0.0,0.0,0.0,0.0,100.0,0.0,0.0,0.0,0.0,0.0,0.0,0.0,3,0,0.5459317585301837,26.00000000000088,13.0,0.0,0.0,0.0,0.0,2
0.0,0.0,0.0,0.0,0.0,0.0,0.0,0.0,0.0,0.0,0.0,0.0,0.0,100.0,0.0,0.0,0.0,0.0,0.0,0.0,0.0,4,0,0.5459317585301837,0.0,0.0,0.0,0.0,0.0,0.0,2
0.0,0.0,0.0,0.0,0.0,0.0,0.0,0.0,0.0,0.0,0.0,0.0,0.0,100.0,0.0,0.0,0.0,0.0,0.0,0.0,0.0,4,0,0.5459317585301837,0.0,0.0,0.0,0.0,0.0,0.0,2
0.0,0.0,0.0,0.0,0.0,0.0,0.0,0.0,0.0,0.0,0.0,0.0,0.0,100.0,0.0,0.0,0.0,0.0,0.0,0.0,0.0,5,0,0.5459317585301837,0.0,0.0,0.0,0.0,0.0,0.0,2
0.0,0.0,0.0,0.0,0.0,0.0,0.0,0.0,0.0,0.0,0.0,0.0,0.0,100.0,0.0,0.0,0.0,0.0,0.0,0.0,0.0,5,0,0.5459317585301837,0.0,0.0,0.0,0.0,0.0,0.0,2
0.0,0.0,0.0,0.0,0.0,0.0,0.0,0.0,0.0,0.0,0.0,0.0,0.0,100.0,0.0,0.0,0.0,0.0,0.0,0.0,0.0,6,0,0.5459317585301837,0.0,0.0,0.0,0.0,0.0,0.0,2
0.0,0.0,0.0,0.0,0.0,0.0,0.0,0.0,0.0,0.0,0.0,0.0,0.0,100.0,0.0,0.0,0.0,0.0,0.0,0.0,0.0,6,0,0.5459317585301837,0.0,0.0,0.0,0.0,0.0,0.0,2
0.0,0.0,0.0,0.0,0.0,0.0,0.0,0.0,0.0,0.0,0.0,0.0,0.0,100.0,0.0,0.0,0.0,0.0,0.0,0.0,0.0,7,0,0.5459317585301837,0.0,0.0,0.0,0.0,0.0,0.0,2
0.0,0.0,0.0,0.0,0.0,0.0,0.0,0.0,0.0,0.0,0.0,0.0,0.0,100.0,0.0,0.0,0.0,0.0,0.0,0.0,0.0,7,0,0.5459317585301837,0.0,0.0,0.0,0.0,0.0,0.0,2
0.0,0.0,0.0,0.0,0.0,0.0,0.0,0.0,0.0,0.0,0.0,0.0,0.0,100.0,0.0,0.0,0.0,0.0,0.0,0.0,0.0,8,1,0.5459317585301837,0.0,0.0,0.0,0.0,0.0,0.0,2
0.0,0.0,0.0,0.0,0.0,0.0,0.0,0.0,0.0,0.0,0.0,0.0,0.0,100.0,0.0,0.0,0.0,0.0,0.0,0.0,0.0,8,1,0.5459317585301837,0.0,0.0,0.0,0.0,0.0,0.0,2
34.0,1.0,-1.000088900581841e-12,0.0,0.0,0.0,0.0,0.0,0.0,0.0,0.0,0.0,0.0,100.0,0.0,0.0,0.0,14.0,48.0,0.0,10.0,9,1,0.5459317585301837,17.000000000001336,8.5,0.0,0.0,0.0,0.0,2
246.0,4.0,1.015259140735752,0.0,0.0,0.0,0.0,0.0,0.0,0.0,0.0,0.0,0.0,100.0,0.0,0.0,0.0,0.0,48.0,2638.0,18.0,9,1,0.5459317585301837,118.42297074469988,70.0,0.0,0.0,0.0,0.0,2
202.0,5.0,0.890943215323774,0.0,0.0,0.0,0.0,0.0,0.0,0.0,0.0,0.0,0.0,100.0,62.0,0.0,0.0,0.0,96.0,1984.0,2.0,10,1,0.5459317585301837,121.6484004553014,120.5,0.0,0.0,0.0,0.0,2
12.0,1.0,-1.000088900581841e-12,0.0,0.0,0.0,0.0,0.0,0.0,0.0,0.0,0.0,0.0,100.0,0.0,0.0,0.0,0.0,0.0,0.0,0.0,10,1,0.5459317585301837,117.77237933120556,123.5,0.0,0.0,0.0,0.0,2
6.0,1.0,-1.000088900581841e-12,0.0,0.0,0.0,0.0,0.0,0.0,0.0,0.0,0.0,0.0,100.0,18.0,0.0,0.0,0.0,0.0,0.0,0.0,11,1,0.5459317585301837,125.44720004846678,116.5,0.0,0.0,0.0,0.0,1
214.0,8.0,1.4461011710393588,0.0,0.0,0.0,0.0,0.0,0.0,0.0,0.0,0.0,0.0,98.61111111111111,38.0,0.0,0.0,0.0,102.0,5116.0,20.0,11,1,0.5459317585301837,115.02318606843308,108.5,0.0,0.0,0.0,0.0,1
40.0,3.0,0.6874357505003553,0.0,0.0,0.0,0.0,0.0,0.0,0.0,0.0,0.0,0.0,95.625,26.0,0.0,0.0,0.0,78.0,586.0,24.0,12,1,0.5459317585301837,98.45472732852078,68.0,0.0,0.0,0.0,0.0,2
114.0,4.0,0.7479283300592099,0.0,0.0,0.0,0.0,0.0,0.0,0.0,0.0,0.0,0.0,93.13333333333334,0.0,0.0,0.0,0.0,82.0,3860.0,18.0,12,1,0.5459317585301837,92.121296850041,93.5,0.0,0.0,0.0,0.0,2
28.0,2.0,0.6517565611706533,0.0,0.0,0.0,0.0,0.0,0.0,0.0,0.0,0.0,0.0,90.0,20.0,0.0,0.0,0.0,0.0,934.0,0.0,13,1,0.5459317585301837,85.58037158133892,99.0,0.0,0.0,0.0,0.0,1
12.0,1.0,-1.000088900581841e-12,0.0,0.0,0.0,0.0,0.0,0.0,0.0,0.0,0.0,0.0,89.16666666666667,0.0,0.0,0.0,0.0,0.0,0.0,0.0,13,1,0.5459317585301837,45.14790508244403,48.5,0.0,0.0,0.0,0.0,1
2.0,1.0,-1.000088900581841e-12,0.0,0.0,0.0,0.0,0.0,0.0,0.0,0.0,0.0,0.0,89.0,24.0,0.0,0.0,0.0,0.0,0.0,0.0,14,1,0.5459317585301837,51.1338113841195,39.0,0.0,0.0,0.0,0.0,1
0.0,0.0,0.0,0.0,0.0,0.0,0.0,0.0,0.0,0.0,0.0,0.0,0.0,89.0,0.0,0.0,0.0,0.0,0.0,0.0,0.0,14,1,0.5459317585301837,12.79322737493196,10.5,0.0,0.0,0.0,0.0,1
0.0,0.0,0.0,0.0,0.0,0.0,0.0,0.0,0.0,0.0,0.0,0.0,0.0,89.0,0.0,0.0,0.0,0.0,0.0,0.0,0.0,15,1,0.5459317585301837,5.744562646541671,3.5,0.0,0.0,0.0,0.0,1
22.0,2.0,0.6890092384746587,0.0,0.0,0.0,0.0,0.0,0.0,0.0,0.0,0.0,0.0,88.625,48.0,0.0,0.0,0.0,60.0,1702.0,12.0,15,1,0.5459317585301837,10.708252269474627,6.0,0.0,0.0,0.0,0.0,1
22.0,2.0,0.6554817738993928,0.0,0.0,0.0,0.0,0.0,0.0,0.0,0.0,0.0,0.0,88.0,34.0,0.0,0.0,0.0,60.0,256.0,4.0,16,1,0.5459317585301837,12.701705922173414,11.0,0.0,0.0,0.0,0.0,1
46.0,2.0,0.6922017029602767,0.0,0.0,0.0,0.0,0.0,0.0,0.0,0.0,0.0,0.0,87.22222222222223,42.0,0.0,0.0,0.0,90.0,3058.0,22.0,16,1,0.5459317585301837,18.78829422805705,22.5,0.0,0.0,0.0,0.0,1
28.0,3.0,1.0789922078745835,0.0,0.0,0.0,0.0,0.0,0.0,0.0,0.0,0.0,0.0,86.14285714285714,60.0,0.0,0.0,0.0,120.0,294.0,14.0,17,1,0.5459317585301837,11.35781669160239,29.5,0.0,0.0,0.0,0.0,1
12.0,1.0,-1.000088900581841e-12,0.0,0.0,0.0,0.0,0.0,0.0,0.0,0.0,0.0,0.0,86.0,0.0,0.0,0.0,0.0,0.0,0.0,0.0,17,1,0.5459317585301837,14.282856857087165,27.0,0.0,0.0,0.0,0.0,1
22.0,2.0,0.6890092384746587,0.0,0.0,0.0,0.0,0.0,0.0,0.0,0.0,0.0,0.0,85.42857142857143,44.0,0.0,0.0,0.0,60.0,888.0,22.0,18,1,0.5459317585301837,14.282856857087165,27.0,0.0,0.0,0.0,0.0,1
24.0,2.0,0.6365141682928128,0.0,0.0,0.0,0.0,0.0,0.0,0.0,0.0,0.0,0.0,84.5,34.0,0.0,0.0,0.0,30.0,114.0,8.0,18,1,0.5459317585301837,6.80685928555712,21.5,0.0,0.0,0.0,0.0,1
12.0,1.0,-1.000088900581841e-12,0.0,0.0,0.0,0.0,0.0,0.0,0.0,0.0,0.0,0.0,84.0,0.0,0.0,0.0,0.0,0.0,0.0,0.0,19,1,0.5459317585301837,6.403124237436116,17.5,0.0,0.0,0.0,0.0,1
2.0,1.0,-1.000088900581841e-12,0.0,0.0,0.0,0.0,0.0,0.0,0.0,0.0,0.0,0.0,84.0,24.0,0.0,0.0,0.0,0.0,0.0,0.0,19,1,0.5459317585301837,10.132456102382507,15.0,0.0,0.0,0.0,0.0,1
0.0,0.0,0.0,0.0,0.0,0.0,0.0,0.0,0.0,0.0,0.0,0.0,0.0,83.0,0.0,0.0,0.0,0.0,0.0,0.0,0.0,20,1,0.5459317585301837,11.000000000001902,9.5,0.0,0.0,0.0,0.0,1
24.0,3.0,0.8239592164980822,0.0,0.0,0.0,0.0,0.0,0.0,0.0,0.0,0.0,0.0,83.0,18.0,0.0,0.0,0.0,90.0,186.0,12.0,20,1,0.5459317585301837,11.000000000001902,9.5,0.0,0.0,0.0,0.0,1
34.0,3.0,0.5783252866571272,0.0,0.0,0.0,8.0,0.0,0.0,0.0,0.0,0.0,0.0,81.875,46.0,0.0,0.0,0.0,120.0,438.0,16.0,21,0,0.5459317585301837,16.693312034066473,15.0,0.0,0.0,4.000000000000303,2.0,1
34.0,5.0,1.3954986777101883,0.0,0.0,0.0,22.0,0.0,0.0,0.0,0.0,0.0,0.0,80.66666666666667,56.0,0.0,0.0,0.0,90.0,992.0,18.0,21,0,0.5459317585301837,16.041612554022592,23.0,0.0,0.0,10.37625494418237,7.5,1
172.0,4.0,1.1756410805605892,0.0,0.0,0.0,0.0,0.0,0.0,0.0,0.0,0.0,0.0,77.9375,22.0,0.0,0.0,0.0,90.0,3340.0,20.0,22,0,0.5459317585301837,70.8237248385034,66.0,0.0,0.0,10.37625494418237,7.5,1
34.0,1.0,-1.000088900581841e-12,0.0,0.0,0.0,0.0,0.0,0.0,0.0,0.0,0.0,0.0,70.14285714285714,0.0,0.0,0.0,0.0,0.0,1256.0,0.0,22,0,0.5459317585301837,69.0000000000003,68.5,0.0,0.0,10.37625494418237,7.5,2
538.0,4.0,0.1922397749080512,0.0,0.0,0.0,0.0,0.0,0.0,0.0,0.0,0.0,34.0,69.96153846153847,0.0,0.0,0.0,0.0,36.0,934.0,0.0,23,0,0.5459317585301837,238.0609165738888,194.5,0.0,0.0,11.00000000000011,5.5,2
718.0,1.0,-1.000088900581841e-12,0.0,0.0,0.0,0.0,0.0,0.0,0.0,0.0,0.0,0.0,86.76666666666667,0.0,0.0,0.0,0.0,0.0,0.0,0.0,23,0,0.5459317585301837,316.93690223765367,365.5,0.0,0.0,0.0,0.0,2
200.0,1.0,-1.000088900581841e-12,0.0,0.0,0.0,0.0,0.0,0.0,0.0,0.0,0.0,0.0,98.72413793103448,0.0,0.0,0.0,0.0,0.0,0.0,0.0,0,0,0.5459317585301837,311.5012038500013,372.5,0.0,0.0,0.0,0.0,2
0.0,0.0,0.0,0.0,0.0,0.0,0.0,0.0,0.0,0.0,0.0,0.0,0.0,100.0,0.0,0.0,0.0,0.0,0.0,0.0,0.0,0,0,0.5459317585301837,324.0288053038907,364.0,0.0,0.0,0.0,0.0,2
0.0,0.0,0.0,0.0,0.0,0.0,0.0,0.0,0.0,0.0,0.0,0.0,0.0,100.0,0.0,0.0,0.0,0.0,0.0,0.0,0.0,1,0,0.5459317585301837,339.0393290853831,229.5,0.0,0.0,0.0,0.0,2
0.0,0.0,0.0,0.0,0.0,0.0,0.0,0.0,0.0,0.0,0.0,0.0,0.0,100.0,0.0,0.0,0.0,0.0,0.0,0.0,0.0,1,0,0.5459317585301837,100.00000000000011,50.0,0.0,0.0,0.0,0.0,2
0.0,0.0,0.0,0.0,0.0,0.0,0.0,0.0,0.0,0.0,0.0,0.0,0.0,100.0,0.0,0.0,0.0,0.0,0.0,0.0,0.0,2,0,0.5459317585301837,0.0,0.0,0.0,0.0,0.0,0.0,2
0.0,0.0,0.0,0.0,0.0,0.0,0.0,0.0,0.0,0.0,0.0,0.0,0.0,100.0,0.0,0.0,0.0,0.0,0.0,0.0,0.0,2,0,0.5459317585301837,0.0,0.0,0.0,0.0,0.0,0.0,2
0.0,0.0,0.0,0.0,0.0,0.0,0.0,0.0,0.0,0.0,0.0,0.0,0.0,100.0,0.0,0.0,0.0,0.0,0.0,0.0,0.0,3,0,0.5459317585301837,0.0,0.0,0.0,0.0,0.0,0.0,2
0.0,0.0,0.0,0.0,0.0,0.0,0.0,0.0,0.0,0.0,0.0,0.0,0.0,100.0,0.0,0.0,0.0,0.0,0.0,0.0,0.0,3,0,0.5459317585301837,0.0,0.0,0.0,0.0,0.0,0.0,2
0.0,0.0,0.0,0.0,0.0,0.0,0.0,0.0,0.0,0.0,0.0,0.0,0.0,100.0,0.0,0.0,0.0,0.0,0.0,0.0,0.0,4,0,0.5459317585301837,0.0,0.0,0.0,0.0,0.0,0.0,2
0.0,0.0,0.0,0.0,0.0,0.0,0.0,0.0,0.0,0.0,0.0,0.0,0.0,100.0,0.0,0.0,0.0,0.0,0.0,0.0,0.0,4,0,0.5459317585301837,0.0,0.0,0.0,0.0,0.0,0.0,2
0.0,0.0,0.0,0.0,0.0,0.0,0.0,0.0,0.0,0.0,0.0,0.0,0.0,100.0,0.0,0.0,0.0,0.0,0.0,0.0,0.0,5,0,0.5459317585301837,0.0,0.0,0.0,0.0,0.0,0.0,2
0.0,0.0,0.0,0.0,0.0,0.0,0.0,0.0,0.0,0.0,0.0,0.0,0.0,100.0,0.0,0.0,0.0,0.0,0.0,0.0,0.0,5,0,0.5459317585301837,0.0,0.0,0.0,0.0,0.0,0.0,2
0.0,0.0,0.0,0.0,0.0,0.0,0.0,0.0,0.0,0.0,0.0,0.0,0.0,100.0,0.0,0.0,0.0,0.0,0.0,0.0,0.0,6,0,0.5459317585301837,0.0,0.0,0.0,0.0,0.0,0.0,2
0.0,0.0,0.0,0.0,0.0,0.0,0.0,0.0,0.0,0.0,0.0,0.0,0.0,100.0,0.0,0.0,0.0,0.0,0.0,0.0,0.0,6,0,0.5459317585301837,0.0,0.0,0.0,0.0,0.0,0.0,2
0.0,0.0,0.0,0.0,0.0,0.0,0.0,0.0,0.0,0.0,0.0,0.0,0.0,100.0,0.0,0.0,0.0,0.0,0.0,0.0,0.0,7,0,0.5459317585301837,0.0,0.0,0.0,0.0,0.0,0.0,2
0.0,0.0,0.0,0.0,0.0,0.0,0.0,0.0,0.0,0.0,0.0,0.0,0.0,100.0,0.0,0.0,0.0,0.0,0.0,0.0,0.0,7,0,0.5459317585301837,0.0,0.0,0.0,0.0,0.0,0.0,2
88.0,2.0,0.1849073991657757,0.0,0.0,0.0,0.0,0.0,0.0,0.0,0.0,0.0,0.0,100.0,8.0,0.0,0.0,0.0,108.0,122.0,8.0,8,1,0.5459317585301837,44.00000000000029,22.0,0.0,0.0,0.0,0.0,2
98.0,3.0,0.8667637092855127,0.0,0.0,0.0,0.0,0.0,0.0,0.0,0.0,0.0,0.0,99.0909090909091,0.0,0.0,0.0,0.0,36.0,3896.0,8.0,8,1,0.5459317585301837,53.84855306010267,46.5,0.0,0.0,0.0,0.0,2
30.0,2.0,0.5799151714161009,0.0,0.0,0.0,0.0,0.0,0.0,0.0,0.0,0.0,0.0,94.125,20.0,0.0,0.0,0.0,40.0,1220.0,6.0,9,1,0.5459317585301837,46.84726957536258,54.0,0.0,0.0,0.0,0.0,2
84.0,4.0,1.2077239818353849,0.0,0.0,0.0,0.0,0.0,0.0,0.0,0.0,0.0,0.0,92.41666666666669,90.0,0.0,0.0,0.0,124.0,4074.0,18.0,9,1,0.5459317585301837,30.572318634128703,75.0,0.0,0.0,0.0,0.0,2
52.0,6.0,1.543789934447522,0.0,0.0,0.0,0.0,0.0,0.0,0.0,0.0,0.0,0.0,90.22222222222224,60.0,0.0,0.0,0.0,130.0,2794.0,20.0,10,1,0.5459317585301837,30.767948691238622,66.0,0.0,0.0,0.0,0.0,2
44.0,6.0,1.4002867131162997,0.0,0.0,0.0,0.0,0.0,0.0,0.0,0.0,0.0,0.0,84.125,94.0,0.0,0.0,0.0,92.0,1710.0,8.0,11,1,0.5459317585301837,25.68397684679481,50.5,0.0,0.0,0.0,0.0,2
96.0,6.0,1.5062799756774556,0.0,0.0,0.0,0.0,0.0,0.0,0.0,0.0,0.0,0.0,80.78571428571429,120.0,0.0,0.0,0.0,194.0,8462.0,60.0,12,1,0.5459317585301837,31.09126351029646,55.0,0.0,0.0,0.0,0.0,2
34.0,3.0,0.803742107313203,0.0,0.0,0.0,0.0,0.0,0.0,0.0,0.0,0.0,0.0,73.28571428571429,66.0,0.0,0.0,0.0,126.0,1376.0,18.0,13,1,0.5459317585301837,28.06539981305616,68.5,0.0,0.0,0.0,0.0,2
192.0,4.0,0.3906934258447008,0.0,0.0,0.0,0.0,0.0,0.0,0.0,0.0,0.0,0.0,68.4090909090909,0.0,0.0,0.0,0.0,52.0,4986.0,4.0,14,1,0.5459317585301837,74.95776588630889,86.0,0.0,0.0,0.0,0.0,2
38.0,1.0,-1.000088900581841e-12,0.0,0.0,0.0,0.0,0.0,0.0,0.0,0.0,0.0,0.0,55.57142857142857,0.0,0.0,0.0,0.0,0.0,2370.0,0.0,15,1,0.5459317585301837,74.1260188238023,89.0,0.0,0.0,0.0,0.0,2
78.0,7.0,1.708034981103031,0.0,0.0,0.0,0.0,0.0,0.0,0.0,0.0,0.0,0.0,41.0,112.0,0.0,0.0,0.0,258.0,2758.0,50.0,16,1,0.5459317585301837,37.35862238716374,55.5,0.0,0.0,0.0,0.0,2
284.0,6.0,1.291474753281099,0.0,0.0,0.0,0.0,0.0,0.0,0.0,0.0,0.0,0.0,27.25,148.0,0.0,0.0,0.0,306.0,14066.0,76.0,17,1,0.5459317585301837,135.1776608763446,159.5,0.0,0.0,0.0,0.0,2
86.0,4.0,1.0994013690668267,0.0,0.0,0.0,0.0,0.0,0.0,0.0,0.0,0.0,0.0,22.3,38.0,0.0,0.0,0.0,62.0,3060.0,8.0,18,1,0.5459317585301837,125.39404557899348,255.5,0.0,0.0,0.0,0.0,2
214.0,6.0,0.9099617445033548,0.0,0.0,0.0,0.0,0.0,0.0,0.0,0.0,0.0,0.0,20.066666666666663,180.0,0.0,0.0,0.0,320.0,4968.0,52.0,19,1,0.5459317585301837,142.52017401055903,194.0,0.0,0.0,0.0,0.0,2
12.0,1.0,-1.000088900581841e-12,0.0,0.0,0.0,0.0,0.0,0.0,0.0,0.0,0.0,0.0,16.0,52.0,0.0,0.0,0.0,0.0,0.0,0.0,20,1,0.5459317585301837,89.72550733579995,88.0,0.0,0.0,0.0,0.0,2
68.0,4.0,0.982309823886009,0.0,0.0,0.0,0.0,0.0,0.0,0.0,0.0,0.0,0.0,11.333333333333334,128.0,0.0,0.0,0.0,326.0,4686.0,48.0,21,0,0.5459317585301837,28.705400188815016,48.0,0.0,0.0,0.0,0.0,2
354.0,6.0,0.9598668256906826,0.0,0.0,0.0,0.0,0.0,0.0,0.0,0.0,0.0,64.0,16.214285714285715,0.0,0.0,0.0,0.0,0.0,6350.0,0.0,22,0,0.5459317585301837,147.84113094805525,133.5,0.0,0.0,0.0,0.0,2
716.0,1.0,-1.000088900581841e-12,0.0,0.0,0.0,0.0,0.0,0.0,0.0,0.0,0.0,0.0,38.5,0.0,0.0,0.0,0.0,0.0,4010.0,0.0,23,0,0.5459317585301837,327.29752010466973,456.5,0.0,0.0,0.0,0.0,2
44.0,3.0,0.6001660731566456,0.0,0.0,0.0,0.0,0.0,0.0,0.0,0.0,0.0,0.0,63.10344827586207,0.0,0.0,0.0,0.0,0.0,7514.0,0.0,0,0,0.5459317585301837,395.0105483823608,375.0,0.0,0.0,0.0,0.0,2
718.0,1.0,-1.000088900581841e-12,0.0,0.0,0.0,0.0,0.0,0.0,0.0,0.0,0.0,0.0,84.03333333333333,0.0,0.0,0.0,0.0,0.0,0.0,0.0,1,0,0.5459317585301837,395.0105483823608,375.0,0.0,0.0,0.0,0.0,2
0.0,0.0,0.0,0.0,0.0,0.0,0.0,0.0,0.0,0.0,0.0,0.0,0.0,99.83333333333331,0.0,0.0,0.0,0.0,0.0,0.0,0.0,2,0,0.5459317585301837,398.9820380251055,372.0,0.0,0.0,0.0,0.0,2
0.0,0.0,0.0,0.0,0.0,0.0,0.0,0.0,0.0,0.0,0.0,0.0,0.0,100.0,0.0,0.0,0.0,0.0,0.0,0.0,0.0,3,0,0.5459317585301837,27.00000000000036,13.5,0.0,0.0,0.0,0.0,2
0.0,0.0,0.0,0.0,0.0,0.0,0.0,0.0,0.0,0.0,0.0,0.0,0.0,100.0,0.0,0.0,0.0,0.0,0.0,0.0,0.0,4,0,0.5459317585301837,0.0,0.0,0.0,0.0,0.0,0.0,2
0.0,0.0,0.0,0.0,0.0,0.0,0.0,0.0,0.0,0.0,0.0,0.0,0.0,100.0,0.0,0.0,0.0,0.0,0.0,0.0,0.0,5,0,0.5459317585301837,0.0,0.0,0.0,0.0,0.0,0.0,2
0.0,0.0,0.0,0.0,0.0,0.0,0.0,0.0,0.0,0.0,0.0,0.0,0.0,100.0,0.0,0.0,0.0,0.0,0.0,0.0,0.0,6,0,0.5459317585301837,0.0,0.0,0.0,0.0,0.0,0.0,2
110.0,3.0,0.5613296430050355,0.0,0.0,0.0,0.0,0.0,0.0,0.0,0.0,0.0,0.0,96.0,60.0,0.0,0.0,0.0,80.0,2420.0,14.0,11,1,0.5459317585301837,22.708295107001884,120.5,0.0,0.0,0.0,0.0,2
148.0,6.0,1.211396639458455,0.0,0.0,0.0,0.0,0.0,0.0,0.0,0.0,0.0,0.0,93.6923076923077,58.0,0.0,0.0,0.0,584.0,1302.0,22.0,12,1,0.5459317585301837,24.38578821089623,140.0,0.0,0.0,0.0,0.0,2
28.0,2.0,0.6517565611706533,0.0,0.0,0.0,0.0,0.0,0.0,0.0,0.0,0.0,0.0,92.0,0.0,0.0,0.0,0.0,248.0,432.0,8.0,13,1,0.5459317585301837,77.25930364687491,91.5,0.0,0.0,0.0,0.0,2
50.0,4.0,1.1550006526897818,0.0,0.0,0.0,0.0,0.0,0.0,0.0,0.0,0.0,0.0,90.44444444444444,68.0,0.0,0.0,0.0,168.0,1032.0,16.0,14,1,0.5459317585301837,13.601470508736156,36.5,0.0,0.0,0.0,0.0,2
416.0,7.0,0.9203271153215484,0.0,0.0,0.0,0.0,0.0,0.0,0.0,0.0,0.0,0.0,88.4,122.0,0.0,0.0,0.0,332.0,8186.0,68.0,15,1,0.5459317585301837,187.5775395225488,135.0,0.0,0.0,0.0,0.0,2
140.0,4.0,0.9648625657403164,0.0,0.0,0.0,0.0,0.0,0.0,0.0,0.0,0.0,0.0,82.84615384615384,106.0,0.0,0.0,0.0,754.0,1474.0,12.0,16,1,0.5459317585301837,163.10630480354428,192.5,0.0,0.0,0.0,0.0,2
180.0,4.0,1.033666803693149,0.0,0.0,0.0,0.0,0.0,0.0,0.0,0.0,0.0,0.0,77.6923076923077,326.0,0.0,0.0,0.0,782.0,12892.0,134.0,17,1,0.5459317585301837,53.69978274319824,193.5,0.0,0.0,0.0,0.0,2
100.0,5.0,1.0224214811598715,0.0,0.0,0.0,0.0,0.0,0.0,0.0,0.0,0.0,0.0,74.4,62.0,0.0,0.0,0.0,264.0,5618.0,18.0,18,1,0.5459317585301837,85.09406559801937,157.5,0.0,0.0,24.00000000000005,12.0,2
4.0,1.0,-1.000088900581841e-12,0.0,0.0,0.0,0.0,0.0,0.0,0.0,0.0,0.0,0.0,74.0,0.0,0.0,0.0,0.0,0.0,0.0,0.0,19,1,0.5459317585301837,48.590122453025614,49.5,0.0,0.0,24.00000000000005,12.0,2
190.0,3.0,0.3736636162378111,0.0,0.0,0.0,0.0,0.0,0.0,0.0,0.0,0.0,0.0,73.38461538461539,44.0,0.0,0.0,0.0,436.0,1302.0,72.0,20,1,0.5459317585301837,92.46801248720206,51.5,0.0,0.0,0.0,0.0,2
12.0,1.0,-1.000088900581841e-12,0.0,0.0,0.0,0.0,0.0,0.0,0.0,0.0,0.0,0.0,71.66666666666667,0.0,0.0,0.0,0.0,0.0,0.0,0.0,21,0,0.5459317585301837,89.00187263947517,77.0,0.0,0.0,0.0,0.0,2
716.0,8.0,1.2037619434043298,0.0,0.0,0.0,0.0,0.0,0.0,0.0,0.0,0.0,0.0,63.41379310344828,0.0,0.0,0.0,0.0,0.0,17688.0,0.0,22,0,0.5459317585301837,313.1623647034661,265.0,0.0,0.0,22.000000000000057,11.0,2
590.0,5.0,0.9011801029330192,0.0,0.0,0.0,0.0,0.0,0.0,0.0,0.0,0.0,0.0,49.35714285714285,52.0,0.0,0.0,0.0,278.0,11910.0,6.0,23,0,0.5459317585301837,232.1859886671316,562.5,0.0,0.0,22.000000000000057,11.0,2
716.0,1.0,-1.000088900581841e-12,0.0,0.0,0.0,0.0,0.0,0.0,0.0,0.0,0.0,0.0,32.13333333333333,0.0,0.0,0.0,0.0,0.0,4518.0,0.0,0,0,0.5459317585301837,63.67364708679234,685.5,0.0,0.0,0.0,0.0,2
0.0,0.0,0.0,0.0,0.0,0.0,0.0,0.0,0.0,0.0,0.0,0.0,0.0,15.133333333333333,0.0,0.0,0.0,0.0,0.0,4620.0,0.0,1,0,0.5459317585301837,340.98044909740315,455.5,0.0,0.0,0.0,0.0,2
0.0,0.0,0.0,0.0,0.0,0.0,0.0,0.0,0.0,0.0,0.0,0.0,0.0,29.933333333333334,0.0,0.0,0.0,0.0,0.0,4894.0,0.0,2,0,0.5459317585301837,194.00000000000017,97.0,0.0,0.0,0.0,0.0,2
0.0,0.0,0.0,0.0,0.0,0.0,0.0,0.0,0.0,0.0,0.0,0.0,0.0,58.63333333333333,0.0,0.0,0.0,0.0,0.0,5810.0,0.0,3,0,0.5459317585301837,0.0,0.0,0.0,0.0,0.0,0.0,2
718.0,1.0,-1.000088900581841e-12,0.0,0.0,0.0,0.0,0.0,0.0,0.0,0.0,0.0,0.0,91.2,0.0,0.0,0.0,0.0,0.0,0.0,0.0,4,0,0.5459317585301837,348.103432904647,280.0,0.0,0.0,0.0,0.0,2
0.0,0.0,0.0,0.0,0.0,0.0,0.0,0.0,0.0,0.0,0.0,0.0,0.0,100.0,0.0,0.0,0.0,0.0,0.0,0.0,0.0,5,0,0.5459317585301837,326.627208501272,302.0,0.0,0.0,0.0,0.0,2
0.0,0.0,0.0,0.0,0.0,0.0,0.0,0.0,0.0,0.0,0.0,0.0,0.0,100.0,0.0,0.0,0.0,0.0,0.0,0.0,0.0,6,0,0.5459317585301837,44.00000000000074,22.0,0.0,0.0,0.0,0.0,2
0.0,0.0,0.0,0.0,0.0,0.0,0.0,0.0,0.0,0.0,0.0,0.0,0.0,100.0,0.0,0.0,0.0,0.0,0.0,0.0,0.0,7,0,0.5459317585301837,0.0,0.0,0.0,0.0,0.0,0.0,2
130.0,4.0,1.2004333782921108,0.0,0.0,0.0,0.0,0.0,0.0,0.0,0.0,0.0,0.0,100.0,246.0,0.0,0.0,0.0,750.0,4608.0,44.0,8,1,0.5459317585301837,63.68673331236313,52.0,0.0,0.0,0.0,0.0,2
70.0,4.0,1.0984808215547182,0.0,0.0,0.0,0.0,0.0,0.0,0.0,0.0,0.0,0.0,98.875,64.0,0.0,0.0,0.0,190.0,3464.0,30.0,9,1,0.5459317585301837,26.950572040930737,90.5,0.0,0.0,0.0,0.0,2
480.0,6.0,0.5177426499407125,0.0,0.0,0.0,0.0,0.0,0.0,0.0,0.0,0.0,0.0,92.95652173913044,72.0,0.0,0.0,0.0,294.0,2352.0,24.0,10,1,0.5459317585301837,215.8602943263692,262.5,0.0,0.0,0.0,0.0,2
606.0,4.0,1.0865334572056995,0.0,0.0,0.0,0.0,0.0,0.0,0.0,0.0,0.0,0.0,79.8076923076923,124.0,0.0,0.0,0.0,200.0,17456.0,44.0,11,1,0.5459317585301837,132.69513932318722,554.0,0.0,0.0,0.0,0.0,2
470.0,4.0,0.2469648608487835,0.0,0.0,0.0,0.0,0.0,0.0,0.0,0.0,0.0,0.0,71.63636363636364,72.0,0.0,0.0,0.0,200.0,17930.0,46.0,12,1,0.5459317585301837,125.0653162684739,559.0,0.0,0.0,0.0,0.0,2
24.0,2.0,0.2868359830541607,0.0,0.0,0.0,0.0,0.0,0.0,0.0,0.0,0.0,0.0,68.0,132.0,0.0,0.0,0.0,200.0,0.0,14.0,13,1,0.5459317585301837,231.86490319436743,259.0,0.0,0.0,0.0,0.0,3
606.0,1.0,-1.000088900581841e-12,0.0,0.0,0.0,0.0,0.0,0.0,0.0,0.0,0.0,0.0,61.22222222222222,0.0,0.0,0.0,0.0,102.0,1184.0,18.0,14,1,0.5459317585301837,276.9765333020111,291.0,0.0,0.0,25.00000000000005,12.5,2
234.0,3.0,0.6066129121442972,0.0,0.0,0.0,0.0,0.0,0.0,0.0,0.0,0.0,0.0,50.72222222222222,118.0,0.0,0.0,0.0,306.0,3468.0,30.0,15,1,0.5459317585301837,210.14518790588585,498.5,0.0,0.0,25.00000000000005,12.5,2
698.0,5.0,0.5506981119771717,0.0,0.0,0.0,0.0,0.0,0.0,0.0,0.0,0.0,0.0,37.96551724137931,0.0,0.0,0.0,0.0,0.0,5510.0,0.0,16,1,0.5459317585301837,238.50296993259167,591.5,0.0,0.0,0.0,0.0,2
354.0,8.0,1.3705902781485286,0.0,0.0,0.0,0.0,0.0,0.0,0.0,0.0,0.0,0.0,24.72222222222222,158.0,0.0,0.0,0.0,310.0,12992.0,54.0,17,1,0.5459317585301837,170.9112830291398,608.0,0.0,0.0,16.000000000000075,8.0,2
360.0,4.0,0.9478915297598128,0.0,0.0,0.0,0.0,0.0,0.0,0.0,0.0,0.0,100.0,15.3,260.0,0.0,0.0,0.0,610.0,20938.0,50.0,18,1,0.5459317585301837,173.83037709215284,507.5,0.0,0.0,16.000000000000075,8.0,2
260.0,8.0,1.2838287428097683,0.0,0.0,0.0,0.0,0.0,0.0,0.0,0.0,0.0,0.0,26.466666666666665,76.0,0.0,0.0,0.0,424.0,7732.0,48.0,19,1,0.5459317585301837,192.6542671903914,472.5,0.0,0.0,0.0,0.0,2
12.0,1.0,-1.000088900581841e-12,0.0,0.0,0.0,0.0,0.0,0.0,0.0,0.0,0.0,0.0,24.0,0.0,0.0,0.0,0.0,0.0,0.0,0.0,20,1,0.5459317585301837,279.9118908990233,231.0,0.0,0.0,0.0,0.0,2
0.0,0.0,0.0,0.0,0.0,0.0,0.0,0.0,0.0,0.0,0.0,0.0,0.0,23.0,0.0,0.0,0.0,0.0,0.0,0.0,0.0,21,0,0.5459317585301837,16.124515496598878,13.0,0.0,0.0,0.0,0.0,2
680.0,5.0,0.931726116888946,0.0,0.0,0.0,0.0,0.0,0.0,0.0,0.0,0.0,0.0,16.178571428571427,0.0,0.0,0.0,0.0,108.0,32966.0,14.0,22,0,0.5459317585301837,324.83636906397464,199.0,0.0,0.0,0.0,0.0,2
638.0,4.0,1.1504074308020722,0.0,0.0,0.0,0.0,0.0,0.0,0.0,0.0,0.0,0.0,20.46153846153846,0.0,0.0,0.0,0.0,0.0,5916.0,0.0,23,0,0.5459317585301837,327.59731378630084,376.0,0.0,0.0,0.0,0.0,2
594.0,1.0,-1.000088900581841e-12,0.0,0.0,0.0,0.0,0.0,0.0,0.0,0.0,0.0,0.0,47.73333333333333,0.0,0.0,0.0,0.0,0.0,8084.0,0.0,0,0,0.5459317585301837,292.5383165786437,506.0,0.0,0.0,0.0,0.0,2
0.0,0.0,0.0,0.0,0.0,0.0,0.0,0.0,0.0,0.0,0.0,0.0,0.0,73.47619047619048,0.0,0.0,0.0,0.0,0.0,9478.0,0.0,1,0,0.5459317585301837,382.10993182590806,328.0,0.0,0.0,0.0,0.0,2
