154.0,3.0,0.5686083747149311,0.0,0.0,0.0,0.0,0.0,42.0,6.0,1.5174643245778403,0.0,0.0,100.0,0.0,0.0,0.0,0.0,30.0,652.0,10.0,7,0,0.5587219343696027,0.0,154.0,0.0,0.0,0.0,0.0,2
680.0,4.0,0.5177441736366524,0.0,0.0,0.0,0.0,0.0,24.0,3.0,0.8239592164980822,0.0,0.0,100.0,0.0,0.0,0.0,0.0,26.0,1746.0,0.0,7,0,0.5587219343696027,371.938166904124,417.0,0.0,0.0,0.0,0.0,2
682.0,1.0,-1.000088900581841e-12,0.0,0.0,0.0,0.0,0.0,0.0,0.0,0.0,0.0,0.0,100.0,0.0,0.0,0.0,0.0,0.0,0.0,0.0,8,1,0.5587219343696027,304.2652351704567,505.3333333333333,0.0,0.0,0.0,0.0,3
96.0,1.0,-1.000088900581841e-12,0.0,0.0,0.0,0.0,0.0,8.0,1.0,-1.000088900581841e-12,0.0,0.0,100.0,0.0,0.0,0.0,0.0,0.0,0.0,0.0,8,1,0.5587219343696027,321.87989478478875,403.0,0.0,0.0,0.0,0.0,2
112.0,6.0,1.2388603587618776,0.0,0.0,0.0,0.0,0.0,462.0,5.0,0.5906312845046795,0.0,0.0,100.0,0.0,0.0,0.0,0.0,26.0,1344.0,8.0,9,1,0.5587219343696027,333.1961384330057,392.5,0.0,0.0,0.0,0.0,3
606.0,12.0,1.788181294458599,0.0,0.0,0.0,0.0,0.0,378.0,9.0,1.109111019250965,0.0,0.0,100.0,0.0,0.0,0.0,0.0,40.0,9406.0,8.0,9,1,0.5587219343696027,313.3773018795926,374.0,0.0,0.0,0.0,0.0,3
714.0,8.0,1.2786305157308766,0.0,0.0,0.0,0.0,0.0,150.0,7.0,1.2630263527893644,0.0,0.0,100.0,0.0,0.0,0.0,0.0,0.0,9212.0,0.0,10,1,0.5587219343696027,324.08640823089144,382.0,0.0,0.0,0.0,0.0,2
704.0,9.0,0.8152565382747041,0.0,0.0,0.0,0.0,0.0,30.0,6.0,1.71408754118101,0.0,0.0,100.0,0.0,0.0,0.0,0.0,44.0,3118.0,0.0,10,1,0.5587219343696027,285.5217446477005,534.0,0.0,0.0,0.0,0.0,2
706.0,1.0,-1.000088900581841e-12,0.0,0.0,0.0,0.0,0.0,4.0,1.0,-1.000088900581841e-12,0.0,0.0,100.0,0.0,0.0,0.0,0.0,0.0,0.0,0.0,11,1,0.5587219343696027,51.18267936193535,682.5,0.0,0.0,0.0,0.0,2
164.0,1.0,-1.000088900581841e-12,0.0,0.0,0.0,0.0,0.0,0.0,0.0,0.0,0.0,0.0,100.0,14.0,0.0,0.0,0.0,0.0,0.0,0.0,11,1,0.5587219343696027,272.0343115613666,572.0,0.0,0.0,0.0,0.0,2
0.0,0.0,0.0,0.0,0.0,0.0,0.0,0.0,0.0,0.0,0.0,0.0,0.0,99.73333333333332,0.0,0.0,0.0,0.0,0.0,0.0,0.0,12,1,0.5587219343696027,365.8683734168159,393.5,0.0,0.0,0.0,0.0,2
0.0,0.0,0.0,0.0,0.0,0.0,0.0,0.0,4.0,1.0,-1.000088900581841e-12,0.0,0.0,98.23333333333332,0.0,0.0,0.0,0.0,0.0,0.0,0.0,12,1,0.5587219343696027,334.71729364744016,217.5,0.0,0.0,0.0,0.0,2
666.0,9.0,1.3855438285029655,0.0,0.0,0.0,0.0,0.0,592.0,13.0,1.2675511529935084,0.0,0.0,94.56666666666666,0.0,0.0,0.0,0.0,166.0,12196.0,24.0,13,1,0.5587219343696027,315.2919282189127,207.5,0.0,0.0,0.0,0.0,2
644.0,8.0,1.698141634993129,0.0,0.0,0.0,0.0,0.0,312.0,6.0,0.8915022281177298,0.0,0.0,89.78571428571429,0.0,0.0,0.0,0.0,24.0,19868.0,10.0,13,1,0.5587219343696027,378.2710668290664,327.5,0.0,0.0,0.0,0.0,2
710.0,7.0,1.4340363001314025,0.0,0.0,0.0,0.0,0.0,158.0,5.0,0.4506916109995804,0.0,0.0,84.03333333333333,0.0,0.0,0.0,0.0,0.0,8556.0,0.0,14,1,0.5587219343696027,337.78296779638447,505.0,0.0,0.0,0.0,0.0,2
712.0,10.0,1.859222490794872,0.0,0.0,0.0,0.0,0.0,200.0,5.0,0.6816222129957138,0.0,0.0,79.33333333333333,0.0,0.0,0.0,0.0,0.0,11258.0,0.0,14,1,0.5587219343696027,33.56585566713046,683.0,0.0,0.0,0.0,0.0,2
706.0,8.0,1.6543419830036092,0.0,0.0,0.0,0.0,0.0,698.0,5.0,0.3198853486573262,0.0,0.0,70.75,0.0,0.0,0.0,0.0,0.0,21234.0,0.0,15,1,0.5587219343696027,32.761766334147815,693.0,0.0,0.0,0.0,0.0,2
670.0,6.0,0.9590819552939304,0.0,0.0,0.0,0.0,0.0,578.0,7.0,0.2586611449543696,0.0,0.0,66.16666666666667,0.0,0.0,0.0,0.0,84.0,3188.0,6.0,15,1,0.5587219343696027,19.82422760159819,699.5,0.0,0.0,0.0,0.0,2
644.0,6.0,1.376473572920599,0.0,0.0,0.0,0.0,0.0,856.0,7.0,0.8012246976586543,0.0,0.0,63.03448275862069,0.0,0.0,0.0,0.0,84.0,19628.0,20.0,16,1,0.5587219343696027,31.937438845342115,683.0,0.0,0.0,0.0,0.0,2
642.0,6.0,1.473631239302168,0.0,0.0,0.0,0.0,0.0,698.0,9.0,0.9730799542034152,0.0,0.0,58.3,0.0,0.0,0.0,0.0,56.0,15950.0,16.0,16,1,0.5587219343696027,29.860788111947663,665.5,0.0,0.0,0.0,0.0,2
640.0,4.0,0.8049735869874506,0.0,0.0,0.0,0.0,0.0,778.0,6.0,0.9151448049247008,0.0,0.0,54.10344827586207,0.0,0.0,0.0,0.0,196.0,7994.0,48.0,17,1,0.5587219343696027,14.094916341242854,649.0,0.0,0.0,0.0,0.0,2
640.0,6.0,1.6930920947662118,0.0,0.0,0.0,0.0,0.0,608.0,8.0,1.4067885623631415,0.0,0.0,50.285714285714285,0.0,0.0,0.0,0.0,58.0,17574.0,22.0,17,1,0.5587219343696027,1.914854215504364,641.5,0.0,0.0,0.0,0.0,2
644.0,6.0,1.3289254534819044,0.0,0.0,0.0,0.0,0.0,588.0,7.0,1.1453717378266053,0.0,0.0,45.285714285714285,0.0,0.0,0.0,0.0,140.0,31950.0,34.0,18,1,0.5587219343696027,1.914854215504364,641.5,0.0,0.0,0.0,0.0,2
638.0,1.0,-1.000088900581841e-12,0.0,0.0,0.0,0.0,0.0,506.0,6.0,0.8223513526407589,0.0,0.0,41.8,0.0,0.0,0.0,0.0,0.0,0.0,0.0,18,1,0.5587219343696027,2.5166114784172664,640.5,0.0,0.0,0.0,0.0,2
674.0,11.0,1.5428649721556096,0.0,0.0,0.0,0.0,0.0,688.0,12.0,1.1004145095913975,0.0,0.0,38.41379310344828,0.0,0.0,0.0,0.0,108.0,30762.0,14.0,19,1,0.5587219343696027,16.852299546351784,649.0,0.0,0.0,0.0,0.0,2
670.0,3.0,0.738011488332752,0.0,0.0,0.0,0.0,0.0,826.0,5.0,1.2518903321473231,0.0,0.0,34.03333333333333,0.0,0.0,0.0,0.0,438.0,7232.0,106.0,19,1,0.5587219343696027,18.138357147216187,656.5,0.0,0.0,0.0,0.0,2
692.0,4.0,0.955698893303872,0.0,0.0,0.0,0.0,0.0,680.0,11.0,1.1378778202385356,0.0,0.0,31.0,0.0,0.0,0.0,0.0,80.0,15576.0,18.0,20,1,0.5587219343696027,22.472205054243545,668.5,0.0,0.0,0.0,0.0,2
668.0,4.0,1.2471525630811473,0.0,0.0,0.0,0.0,0.0,636.0,7.0,0.6232209767360859,0.0,0.0,28.566666666666663,0.0,0.0,0.0,0.0,84.0,25930.0,8.0,20,1,0.5587219343696027,10.95445115010192,676.0,0.0,0.0,0.0,0.0,2
662.0,7.0,1.6428913449363336,0.0,0.0,0.0,0.0,0.0,496.0,7.0,0.7711101939118462,0.0,0.0,22.266666666666666,0.0,0.0,0.0,0.0,82.0,36912.0,8.0,21,0,0.5587219343696027,13.114877048602828,673.0,0.0,0.0,0.0,0.0,2
638.0,6.0,1.4176767792304814,0.0,0.0,0.0,0.0,0.0,148.0,6.0,1.304944310463114,0.0,0.0,16.115384615384617,0.0,0.0,0.0,0.0,84.0,25300.0,24.0,21,0,0.5587219343696027,22.181073012818143,665.0,0.0,0.0,0.0,0.0,2
716.0,4.0,0.7963566970515092,0.0,0.0,0.0,0.0,0.0,160.0,5.0,0.9286796800525656,0.0,0.0,9.066666666666666,0.0,0.0,0.0,0.0,210.0,16884.0,14.0,22,0,0.5587219343696027,32.68026927673591,671.0,0.0,0.0,0.0,0.0,2
696.0,1.0,-1.000088900581841e-12,0.0,0.0,0.0,0.0,0.0,130.0,8.0,1.5498495559587486,0.0,30.0,16.0,0.0,0.0,0.0,0.0,0.0,9590.0,0.0,22,0,0.5587219343696027,34.75629439396509,678.0,0.0,0.0,0.0,0.0,2
504.0,4.0,0.7075036242251079,0.0,0.0,0.0,0.0,0.0,124.0,5.0,1.0278368322454656,0.0,0.0,36.333333333333336,0.0,0.0,0.0,0.0,44.0,4054.0,10.0,23,0,0.5587219343696027,95.57370628647456,638.5,0.0,0.0,0.0,0.0,2
710.0,9.0,1.2617472394290443,0.0,0.0,0.0,0.0,0.0,124.0,4.0,0.984704326711545,0.0,0.0,54.1,0.0,0.0,0.0,0.0,130.0,9504.0,28.0,23,0,0.5587219343696027,102.0114372672658,656.5,0.0,0.0,0.0,0.0,2
714.0,5.0,1.3290831584010272,0.0,0.0,0.0,0.0,0.0,308.0,4.0,0.2305547843025973,0.0,0.0,75.0,0.0,0.0,0.0,0.0,0.0,7622.0,0.0,0,0,0.5587219343696027,101.62676812729988,656.0,0.0,0.0,0.0,0.0,2
716.0,6.0,1.7257705881170615,0.0,0.0,0.0,0.0,0.0,854.0,5.0,0.1966880903465271,0.0,0.0,92.63333333333334,0.0,0.0,0.0,0.0,176.0,13364.0,36.0,0,0,0.5587219343696027,104.69638643875588,661.0,0.0,0.0,0.0,0.0,2
676.0,7.0,1.6523413491559042,0.0,0.0,0.0,0.0,0.0,986.0,3.0,0.1488107394624025,0.0,0.0,99.20689655172414,0.0,0.0,0.0,0.0,0.0,38294.0,0.0,1,0,0.5587219343696027,18.832595855766595,704.0,0.0,0.0,0.0,0.0,2
650.0,8.0,1.0625982474412154,0.0,0.0,0.0,0.0,0.0,112.0,5.0,0.5988146530190265,0.0,0.0,100.0,0.0,0.0,0.0,0.0,0.0,27418.0,0.0,1,0,0.5587219343696027,31.85383284106698,689.0,0.0,0.0,0.0,0.0,2
710.0,6.0,1.4937159915832412,0.0,0.0,0.0,0.0,0.0,132.0,4.0,1.102552184959984,0.0,0.0,100.0,0.0,0.0,0.0,0.0,46.0,19798.0,6.0,2,0,0.5587219343696027,30.854497241082544,688.0,0.0,0.0,0.0,0.0,2
712.0,3.0,0.424128792223294,0.0,0.0,0.0,0.0,0.0,142.0,5.0,0.8421101709473042,0.0,0.0,100.0,0.0,0.0,0.0,0.0,0.0,48208.0,0.0,2,0,0.5587219343696027,29.687258770949256,687.0,0.0,0.0,0.0,0.0,2
718.0,5.0,0.7446029851285729,0.0,0.0,0.0,0.0,0.0,100.0,4.0,0.4882935030335918,0.0,0.0,99.4,0.0,0.0,0.0,0.0,48.0,76234.0,8.0,3,0,0.5587219343696027,31.84860017855265,697.5,0.0,0.0,0.0,0.0,2
702.0,7.0,1.4706902447354069,0.0,0.0,0.0,0.0,0.0,218.0,4.0,0.3417594391600451,0.0,0.0,94.41379310344828,0.0,0.0,0.0,0.0,0.0,46568.0,0.0,3,0,0.5587219343696027,6.608075867197403,710.5,0.0,0.0,0.0,0.0,2
682.0,6.0,0.749082419988585,0.0,0.0,0.0,0.0,0.0,16.0,2.0,0.3767701612544368,0.0,0.0,90.21428571428572,0.0,0.0,0.0,0.0,0.0,5314.0,0.0,4,0,0.5587219343696027,15.779733838058542,703.5,0.0,0.0,0.0,0.0,2
630.0,1.0,-1.000088900581841e-12,0.0,0.0,0.0,0.0,0.0,4.0,1.0,-1.000088900581841e-12,0.0,0.0,90.0,0.0,0.0,0.0,0.0,0.0,0.0,0.0,4,0,0.5587219343696027,38.27967258654784,683.0,0.0,0.0,0.0,0.0,2
148.0,1.0,-1.000088900581841e-12,0.0,0.0,0.0,0.0,0.0,0.0,0.0,0.0,0.0,0.0,90.0,20.0,0.0,0.0,0.0,0.0,0.0,0.0,5,0,0.5587219343696027,263.4204497250229,540.5,0.0,0.0,0.0,0.0,2
0.0,0.0,0.0,0.0,0.0,0.0,0.0,0.0,0.0,0.0,0.0,0.0,0.0,90.0,0.0,0.0,0.0,0.0,0.0,0.0,0.0,5,0,0.5587219343696027,342.06627038241186,365.0,0.0,0.0,0.0,0.0,2
0.0,0.0,0.0,0.0,0.0,0.0,0.0,0.0,0.0,0.0,0.0,0.0,0.0,90.0,38.0,0.0,0.0,0.0,0.0,0.0,0.0,6,0,0.5587219343696027,298.59839249399846,194.5,0.0,0.0,0.0,0.0,2
0.0,0.0,0.0,0.0,0.0,0.0,0.0,0.0,6.0,2.0,0.6365141682928128,0.0,0.0,89.13793103448276,0.0,0.0,0.0,0.0,0.0,0.0,0.0,6,0,0.5587219343696027,73.99999999999979,37.0,0.0,0.0,0.0,0.0,2
0.0,0.0,0.0,0.0,0.0,0.0,0.0,0.0,6.0,1.0,-1.000088900581841e-12,0.0,0.0,89.0,0.0,0.0,0.0,0.0,0.0,0.0,0.0,7,0,0.5587219343696027,0.0,0.0,0.0,0.0,0.0,0.0,2
0.0,0.0,0.0,0.0,0.0,0.0,0.0,0.0,0.0,0.0,0.0,0.0,0.0,88.66666666666667,24.0,0.0,0.0,0.0,0.0,0.0,0.0,7,0,0.5587219343696027,0.0,0.0,0.0,0.0,0.0,0.0,2
0.0,0.0,0.0,0.0,0.0,0.0,0.0,0.0,4.0,1.0,-1.000088900581841e-12,0.0,0.0,88.0,0.0,0.0,0.0,0.0,0.0,0.0,0.0,8,1,0.5587219343696027,0.0,0.0,0.0,0.0,0.0,0.0,2
114.0,6.0,1.591645363740277,0.0,0.0,0.0,0.0,0.0,128.0,5.0,1.0411748535324763,0.0,0.0,87.82142857142857,0.0,0.0,0.0,0.0,58.0,6446.0,14.0,8,1,0.5587219343696027,56.99999999999972,28.5,0.0,0.0,0.0,0.0,2
650.0,5.0,0.7620764627988197,0.0,0.0,0.0,0.0,0.0,22.0,2.0,0.3046360973472382,0.0,0.0,84.13793103448276,0.0,0.0,0.0,0.0,0.0,11978.0,0.0,9,1,0.5587219343696027,310.68311830545275,191.0,0.0,0.0,0.0,0.0,2
628.0,1.0,-1.000088900581841e-12,0.0,0.0,0.0,0.0,0.0,0.0,0.0,0.0,0.0,0.0,83.86666666666666,0.0,0.0,0.0,0.0,0.0,0.0,0.0,9,1,0.5587219343696027,339.34446609111905,348.0,0.0,0.0,0.0,0.0,2
138.0,1.0,-1.000088900581841e-12,0.0,0.0,0.0,0.0,0.0,0.0,0.0,0.0,0.0,0.0,83.0,38.0,0.0,0.0,0.0,0.0,0.0,0.0,10,1,0.5587219343696027,296.4787794542244,382.5,0.0,0.0,0.0,0.0,2
0.0,0.0,0.0,0.0,0.0,0.0,0.0,0.0,0.0,0.0,0.0,0.0,0.0,83.0,0.0,0.0,0.0,0.0,0.0,0.0,0.0,10,1,0.5587219343696027,333.99800398605174,354.0,0.0,0.0,0.0,0.0,2
0.0,0.0,0.0,0.0,0.0,0.0,0.0,0.0,4.0,1.0,-1.000088900581841e-12,0.0,0.0,82.53333333333333,28.0,0.0,0.0,0.0,66.0,0.0,0.0,11,1,0.5587219343696027,298.1828298209002,191.5,0.0,0.0,0.0,0.0,2
0.0,0.0,0.0,0.0,0.0,0.0,0.0,0.0,2.0,1.0,-1.000088900581841e-12,0.0,0.0,82.0,0.0,0.0,0.0,0.0,0.0,0.0,0.0,11,1,0.5587219343696027,68.99999999999972,34.5,0.0,0.0,0.0,0.0,2
0.0,0.0,0.0,0.0,0.0,0.0,0.0,0.0,0.0,0.0,0.0,0.0,0.0,82.0,0.0,0.0,0.0,0.0,0.0,0.0,0.0,12,1,0.5587219343696027,0.0,0.0,0.0,0.0,0.0,0.0,2
0.0,0.0,0.0,0.0,0.0,0.0,0.0,0.0,4.0,1.0,-1.000088900581841e-12,0.0,0.0,81.06666666666666,0.0,0.0,0.0,0.0,0.0,0.0,0.0,12,1,0.5587219343696027,0.0,0.0,0.0,0.0,0.0,0.0,2
172.0,5.0,1.494587507042788,0.0,0.0,0.0,0.0,0.0,336.0,13.0,1.4213307741176753,0.0,0.0,80.3103448275862,0.0,0.0,0.0,0.0,64.0,15640.0,12.0,13,1,0.5587219343696027,85.99999999999977,43.0,0.0,0.0,0.0,0.0,2
658.0,3.0,0.9820103504221938,0.0,0.0,0.0,0.0,0.0,198.0,4.0,0.5359148403364006,0.0,0.0,75.5,0.0,0.0,0.0,0.0,76.0,27572.0,50.0,13,1,0.5587219343696027,311.0857330919136,207.5,0.0,0.0,0.0,0.0,2
708.0,6.0,1.2099072805886544,0.0,0.0,0.0,0.0,0.0,108.0,4.0,0.6273707000553083,0.0,0.0,70.43333333333334,0.0,0.0,0.0,0.0,0.0,31020.0,0.0,14,1,0.5587219343696027,352.34973156415674,384.5,0.0,0.0,0.0,0.0,2
706.0,8.0,1.351937549814294,0.0,0.0,0.0,0.0,0.0,120.0,5.0,0.6539957529534742,0.0,0.0,64.65517241379311,0.0,0.0,0.0,0.0,0.0,12938.0,0.0,14,1,0.5587219343696027,260.3612874449655,561.0,0.0,0.0,0.0,0.0,2
712.0,3.0,0.4785342011126324,0.0,0.0,0.0,0.0,0.0,148.0,4.0,0.5173771064921744,0.0,0.0,60.333333333333336,0.0,0.0,0.0,0.0,74.0,1242.0,8.0,15,1,0.5587219343696027,25.45584412271527,696.0,0.0,0.0,0.0,0.0,2
716.0,4.0,0.8441156827885129,0.0,0.0,0.0,0.0,0.0,42.0,2.0,0.5488743844829944,0.0,0.0,55.206896551724135,0.0,0.0,0.0,0.0,0.0,4700.0,0.0,15,1,0.5587219343696027,4.434711565214223,710.5,0.0,0.0,0.0,0.0,2
706.0,7.0,1.4700694578543845,0.0,0.0,0.0,0.0,0.0,344.0,7.0,0.6843314928142464,0.0,0.0,49.13333333333333,0.0,0.0,0.0,0.0,0.0,35734.0,0.0,16,1,0.5587219343696027,4.898979485564125,710.0,0.0,0.0,0.0,0.0,2
706.0,7.0,1.2863971627358242,0.0,0.0,0.0,0.0,0.0,102.0,7.0,1.082758651457172,0.0,0.0,44.53333333333333,0.0,0.0,0.0,0.0,76.0,16428.0,14.0,16,1,0.5587219343696027,4.898979485564125,710.0,0.0,0.0,0.0,0.0,2
706.0,4.0,0.679360699791788,0.0,0.0,0.0,0.0,0.0,4.0,1.0,-1.000088900581841e-12,0.0,0.0,39.206896551724135,0.0,0.0,0.0,0.0,0.0,7478.0,0.0,17,1,0.5587219343696027,4.999999999997819,708.5,0.0,0.0,0.0,0.0,2
690.0,6.0,1.534795920533465,0.0,0.0,0.0,0.0,0.0,22.0,3.0,0.9949236325687753,0.0,0.0,34.13333333333333,0.0,0.0,0.0,0.0,80.0,10908.0,6.0,17,1,0.5587219343696027,7.999999999998637,702.0,0.0,0.0,0.0,0.0,2
718.0,6.0,1.2955080202360003,0.0,0.0,0.0,0.0,0.0,58.0,5.0,1.309051830029032,0.0,0.0,28.6,0.0,0.0,0.0,0.0,0.0,31026.0,0.0,18,1,0.5587219343696027,11.489125293075114,705.0,0.0,0.0,0.0,0.0,2
704.0,7.0,1.6006607000357134,0.0,0.0,0.0,0.0,0.0,46.0,3.0,0.7393213302215919,0.0,0.0,22.466666666666665,0.0,0.0,0.0,0.0,0.0,22720.0,0.0,18,1,0.5587219343696027,11.474609652038056,704.5,0.0,0.0,0.0,0.0,2
506.0,6.0,1.154651568739081,0.0,0.0,0.0,0.0,0.0,102.0,6.0,1.2888247474249372,0.0,0.0,17.61904761904762,0.0,0.0,0.0,0.0,0.0,60200.0,0.0,19,1,0.5587219343696027,99.65774764997774,654.5,0.0,0.0,0.0,0.0,2
494.0,7.0,1.5294249915017435,0.0,0.0,0.0,0.0,0.0,328.0,4.0,0.7974045933630736,0.0,0.0,9.0,0.0,0.0,0.0,0.0,244.0,45532.0,38.0,19,1,0.5587219343696027,122.05326705991928,605.5,0.0,0.0,0.0,0.0,2
650.0,6.0,1.462641090580898,0.0,0.0,0.0,0.0,0.0,148.0,8.0,1.3825639139312624,0.0,0.0,3.1379310344827585,0.0,0.0,0.0,0.0,336.0,38624.0,62.0,20,1,0.5587219343696027,104.65658125507431,588.5,0.0,0.0,0.0,0.0,2
630.0,8.0,1.5956512461552192,0.0,0.0,0.0,0.0,0.0,336.0,5.0,0.4111628769185816,0.0,0.0,1.3461538461538465,0.0,0.0,0.0,0.0,84.0,28580.0,22.0,20,1,0.5587219343696027,81.38795979750307,570.0,0.0,0.0,0.0,0.0,2
718.0,6.0,1.031140089421203,0.0,0.0,0.0,0.0,0.0,698.0,6.0,0.8367441628788674,0.0,0.0,38.766666666666666,0.0,0.0,0.0,0.0,4.0,2856.0,2.0,21,0,0.5587219343696027,70.84254842018773,636.0,0.0,0.0,0.0,0.0,2
704.0,7.0,1.4955674273713446,0.0,0.0,0.0,0.0,0.0,60.0,5.0,1.1205090013985577,0.0,2.0,63.333333333333336,0.0,0.0,0.0,0.0,16.0,568.0,8.0,22,0,0.5587219343696027,79.06748172710854,649.5,0.0,0.0,0.0,0.0,2
718.0,5.0,0.6422668828110036,0.0,0.0,0.0,0.0,0.0,166.0,4.0,0.9183279724933552,0.0,0.0,83.6,0.0,0.0,0.0,0.0,0.0,3996.0,0.0,22,0,0.5587219343696027,83.92655519361344,671.5,0.0,0.0,0.0,0.0,2
716.0,5.0,1.1383149613232724,0.0,0.0,0.0,0.0,0.0,248.0,4.0,0.6473493133702535,0.0,0.0,96.33333333333331,0.0,0.0,0.0,0.0,0.0,4248.0,0.0,23,0,0.5587219343696027,6.733003292239522,714.0,0.0,0.0,0.0,0.0,2
714.0,2.0,0.1375546496466736,0.0,0.0,0.0,0.0,0.0,26.0,4.0,1.2309316230439222,0.0,0.0,99.9,0.0,0.0,0.0,0.0,4.0,2874.0,4.0,23,0,0.5587219343696027,6.21825270205719,713.0,0.0,0.0,0.0,0.0,1
708.0,2.0,0.6422273772616787,0.0,0.0,0.0,0.0,0.0,38.0,5.0,1.04354790709619,0.0,0.0,97.73333333333332,0.0,0.0,0.0,0.0,0.0,746.0,0.0,0,0,0.5587219343696027,4.320493798935666,714.0,0.0,0.0,0.0,0.0,1
684.0,7.0,1.5501976470801755,0.0,0.0,0.0,0.0,0.0,14.0,3.0,0.796311640170813,0.0,0.0,96.03448275862068,0.0,0.0,0.0,0.0,4.0,1500.0,4.0,0,0,0.5587219343696027,14.730919862655371,705.5,0.0,0.0,0.0,0.0,1
694.0,8.0,1.6225450718597116,0.0,0.0,0.0,0.0,0.0,86.0,4.0,0.7212922989137539,0.0,0.0,90.46666666666668,0.0,0.0,0.0,0.0,18.0,1672.0,8.0,1,0,0.5587219343696027,13.564659966249598,700.0,0.0,0.0,0.0,0.0,1
688.0,6.0,1.392189605730046,0.0,0.0,0.0,0.0,0.0,16.0,3.0,1.0821955300357673,0.0,0.0,86.03333333333333,0.0,0.0,0.0,0.0,24.0,1936.0,14.0,1,0,0.5587219343696027,10.503967504391287,693.5,0.0,0.0,0.0,0.0,2
718.0,4.0,0.5401296370933266,0.0,0.0,0.0,0.0,0.0,4.0,1.0,-1.000088900581841e-12,0.0,0.0,81.93333333333334,0.0,0.0,0.0,0.0,0.0,1924.0,0.0,2,0,0.5587219343696027,15.231546211726991,696.0,0.0,0.0,0.0,0.0,2
716.0,6.0,1.0158111930076816,0.0,0.0,0.0,0.0,0.0,0.0,0.0,0.0,0.0,0.0,78.1,0.0,0.0,0.0,0.0,0.0,2234.0,0.0,2,0,0.5587219343696027,15.231546211726991,704.0,0.0,0.0,0.0,0.0,2
680.0,5.0,0.9558288069527908,0.0,0.0,0.0,6.0,0.0,160.0,3.0,0.3141230258870314,0.0,0.0,72.75862068965517,0.0,0.0,0.0,0.0,10.0,2466.0,6.0,3,0,0.5587219343696027,19.347695814574625,700.5,0.0,0.0,3.0,1.5,2
686.0,5.0,1.0332261808488623,0.0,0.0,0.0,0.0,0.0,484.0,4.0,0.3777165207846332,0.0,0.0,66.3,0.0,0.0,0.0,0.0,0.0,3414.0,0.0,3,0,0.5587219343696027,19.798989873222705,700.0,0.0,0.0,3.0,1.5,2
708.0,2.0,0.0194007998621311,0.0,0.0,0.0,36.0,0.0,308.0,2.0,0.0693153716989415,0.0,0.0,61.96666666666667,0.0,0.0,0.0,0.0,0.0,1558.0,0.0,4,0,0.5587219343696027,17.23368793961336,697.5,0.0,0.0,17.233687939614086,10.5,2
650.0,4.0,0.930130071744772,0.0,0.0,0.0,8.0,0.0,4.0,2.0,0.6931471805579453,0.0,0.0,58.46428571428572,0.0,0.0,0.0,0.0,0.0,1330.0,0.0,4,0,0.5587219343696027,23.91652148620229,681.0,0.0,0.0,16.0312195418814,12.5,2
596.0,1.0,-1.000088900581841e-12,0.0,0.0,0.0,0.0,0.0,0.0,0.0,0.0,0.0,0.0,58.0,0.0,0.0,0.0,0.0,0.0,0.0,0.0,5,0,0.5587219343696027,48.90807704254969,660.0,0.0,0.0,17.08800749063506,11.0,2
298.0,1.0,-1.000088900581841e-12,0.0,0.0,0.0,0.0,0.0,0.0,0.0,0.0,0.0,0.0,57.13333333333333,12.0,0.0,0.0,0.0,0.0,0.0,0.0,5,0,0.5587219343696027,182.4901823843317,563.0,0.0,0.0,17.08800749063506,11.0,2
0.0,0.0,0.0,0.0,0.0,0.0,0.0,0.0,0.0,0.0,0.0,0.0,0.0,57.0,0.0,0.0,0.0,0.0,0.0,0.0,0.0,6,0,0.5587219343696027,300.29763013827903,386.0,0.0,0.0,3.9999999999999982,2.0,2
0.0,0.0,0.0,0.0,0.0,0.0,0.0,0.0,4.0,1.0,-1.000088900581841e-12,0.0,0.0,57.0,10.0,0.0,0.0,0.0,0.0,0.0,0.0,6,0,0.5587219343696027,285.3132781113887,223.5,0.0,0.0,0.0,0.0,2
0.0,0.0,0.0,0.0,0.0,0.0,0.0,0.0,4.0,1.0,-1.000088900581841e-12,0.0,0.0,56.13333333333333,0.0,0.0,0.0,0.0,0.0,0.0,0.0,7,0,0.5587219343696027,148.99999999999986,74.5,0.0,0.0,0.0,0.0,2
0.0,0.0,0.0,0.0,0.0,0.0,0.0,0.0,0.0,0.0,0.0,0.0,0.0,56.0,0.0,0.0,0.0,0.0,0.0,0.0,0.0,7,0,0.5587219343696027,0.0,0.0,0.0,0.0,0.0,0.0,2
0.0,0.0,0.0,0.0,0.0,0.0,0.0,0.0,4.0,1.0,-1.000088900581841e-12,0.0,0.0,56.0,0.0,0.0,0.0,0.0,0.0,0.0,0.0,8,1,0.5587219343696027,0.0,0.0,0.0,0.0,0.0,0.0,2
98.0,4.0,1.2793406674821433,0.0,0.0,0.0,0.0,0.0,76.0,7.0,1.4892961780705305,0.0,0.0,55.10344827586207,0.0,0.0,0.0,0.0,16.0,1528.0,6.0,8,1,0.5587219343696027,48.99999999999955,24.5,0.0,0.0,0.0,0.0,2
628.0,3.0,0.1031575632363634,0.0,0.0,0.0,0.0,0.0,2.0,1.0,-1.000088900581841e-12,0.0,0.0,53.0,0.0,0.0,0.0,0.0,0.0,282.0,0.0,9,1,0.5587219343696027,301.2302552312211,181.5,0.0,0.0,0.0,0.0,2
602.0,1.0,-1.000088900581841e-12,0.0,0.0,0.0,0.0,0.0,0.0,0.0,0.0,0.0,0.0,53.0,0.0,0.0,0.0,0.0,0.0,0.0,0.0,9,1,0.5587219343696027,329.39135791132503,332.0,0.0,0.0,0.0,0.0,2
16.0,1.0,-1.000088900581841e-12,0.0,0.0,0.0,0.0,0.0,0.0,0.0,0.0,0.0,0.0,53.0,12.0,0.0,0.0,0.0,0.0,0.0,0.0,10,1,0.5587219343696027,324.0699512965269,336.0,0.0,0.0,0.0,0.0,2
0.0,0.0,0.0,0.0,0.0,0.0,0.0,0.0,0.0,0.0,0.0,0.0,0.0,52.58620689655172,16.0,0.0,0.0,0.0,0.0,0.0,0.0,10,1,0.5587219343696027,350.6731621705126,311.5,0.0,0.0,0.0,0.0,2
0.0,0.0,0.0,0.0,0.0,0.0,0.0,0.0,4.0,1.0,-1.000088900581841e-12,0.0,0.0,52.0,0.0,0.0,0.0,0.0,0.0,0.0,0.0,11,1,0.5587219343696027,298.42866260911774,154.5,0.0,0.0,0.0,0.0,2
0.0,0.0,0.0,0.0,0.0,0.0,0.0,0.0,4.0,1.0,-1.000088900581841e-12,0.0,0.0,52.0,0.0,0.0,0.0,0.0,0.0,0.0,0.0,11,1,0.5587219343696027,7.99999999999798,4.0,0.0,0.0,0.0,0.0,2
0.0,0.0,0.0,0.0,0.0,0.0,0.0,0.0,0.0,0.0,0.0,0.0,0.0,51.3,0.0,0.0,0.0,0.0,0.0,0.0,0.0,12,1,0.5587219343696027,0.0,0.0,0.0,0.0,0.0,0.0,2
0.0,0.0,0.0,0.0,0.0,0.0,0.0,0.0,8.0,1.0,-1.000088900581841e-12,0.0,0.0,51.0,0.0,0.0,0.0,0.0,0.0,0.0,0.0,12,1,0.5587219343696027,0.0,0.0,0.0,0.0,0.0,0.0,2
376.0,5.0,1.4320776316735284,0.0,0.0,0.0,0.0,0.0,890.0,9.0,0.4443851726391357,0.0,0.0,49.142857142857146,0.0,0.0,0.0,0.0,118.0,8468.0,34.0,13,1,0.5587219343696027,187.99999999999991,94.0,0.0,0.0,0.0,0.0,2
654.0,7.0,1.5711286135738014,0.0,0.0,0.0,0.0,0.0,634.0,3.0,0.2898803140099161,0.0,0.0,42.75,0.0,0.0,0.0,0.0,36.0,25308.0,12.0,13,1,0.5587219343696027,318.2593282214992,257.5,0.0,0.0,0.0,0.0,2
658.0,4.0,0.4577851739077433,0.0,0.0,0.0,0.0,0.0,704.0,5.0,0.1932984337241055,0.0,0.0,39.5,0.0,0.0,0.0,0.0,70.0,3074.0,18.0,14,1,0.5587219343696027,310.7625031005725,422.0,0.0,0.0,0.0,0.0,2
714.0,9.0,1.88242635852816,0.0,0.0,0.0,0.0,0.0,714.0,7.0,0.7974187136626762,0.0,0.0,33.86666666666667,0.0,0.0,0.0,0.0,70.0,9048.0,24.0,14,1,0.5587219343696027,152.152335944386,600.5,0.0,0.0,0.0,0.0,2
718.0,8.0,1.816137246909402,0.0,0.0,0.0,0.0,0.0,126.0,6.0,1.1844280225336106,0.0,0.0,26.310344827586206,0.0,0.0,0.0,0.0,110.0,6070.0,28.0,15,1,0.5587219343696027,34.717910843443626,686.0,0.0,0.0,0.0,0.0,2
564.0,8.0,1.3233150261877658,0.0,0.0,0.0,0.0,0.0,78.0,6.0,1.4699609320666196,0.0,0.0,19.43478260869565,0.0,0.0,0.0,0.0,114.0,21508.0,28.0,15,1,0.5587219343696027,71.76582287783859,663.5,0.0,0.0,0.0,0.0,2
0.0,0.0,0.0,0.0,0.0,0.0,0.0,0.0,0.0,0.0,0.0,0.0,0.0,0.0,0.0,0.0,0.0,0.0,76.0,18706.0,16.0,16,1,0.5587219343696027,340.29986776371214,499.0,0.0,0.0,0.0,0.0,2
0.0,0.0,0.0,0.0,0.0,0.0,0.0,0.0,0.0,0.0,0.0,0.0,22.0,0.0,0.0,0.0,0.0,0.0,0.0,15922.0,0.0,16,1,0.5587219343696027,375.3838035930692,320.5,0.0,0.0,0.0,0.0,2
456.0,7.0,1.640190643868404,0.0,0.0,0.0,0.0,0.0,452.0,6.0,0.4193296796714479,0.0,0.0,26.52380952380953,0.0,0.0,0.0,0.0,118.0,10930.0,16.0,17,1,0.5587219343696027,297.7314225942569,255.0,0.0,0.0,0.0,0.0,2
704.0,8.0,1.2893695582276763,0.0,0.0,0.0,0.0,0.0,454.0,7.0,0.5893893909262123,0.0,0.0,35.13333333333333,0.0,0.0,0.0,0.0,42.0,17692.0,10.0,17,1,0.5587219343696027,349.83424646537964,290.0,0.0,0.0,0.0,0.0,2
702.0,4.0,0.8210599068530361,0.0,0.0,0.0,0.0,0.0,90.0,5.0,0.8710551457102162,0.0,28.0,31.93103448275862,0.0,0.0,0.0,0.0,130.0,9344.0,12.0,18,1,0.5587219343696027,331.45889639591815,465.5,0.0,0.0,0.0,0.0,2
654.0,5.0,0.5391987467734758,0.0,0.0,0.0,0.0,0.0,48.0,3.0,0.7214636866895116,0.0,0.0,47.4,0.0,0.0,0.0,0.0,294.0,4714.0,16.0,18,1,0.5587219343696027,117.62652762026084,629.0,0.0,0.0,0.0,0.0,2
666.0,1.0,-1.000088900581841e-12,0.0,0.0,0.0,0.0,0.0,182.0,5.0,0.916119090415424,0.0,0.0,74.7,0.0,0.0,0.0,0.0,0.0,0.0,0.0,19,1,0.5587219343696027,25.31797780234412,681.5,0.0,0.0,0.0,0.0,2
700.0,6.0,1.3669608232541326,0.0,0.0,0.0,0.0,0.0,428.0,8.0,0.9699170022134672,0.0,0.0,92.79310344827586,0.0,0.0,0.0,0.0,44.0,14186.0,6.0,19,1,0.5587219343696027,24.186773244895427,680.5,0.0,0.0,0.0,0.0,2
676.0,2.0,0.6803301694793609,0.0,0.0,0.0,0.0,0.0,1350.0,8.0,0.3798777094690472,0.0,0.0,99.34482758620688,0.0,0.0,0.0,0.0,86.0,494.0,8.0,20,1,0.5587219343696027,19.52775802116881,674.0,0.0,0.0,0.0,0.0,3
708.0,7.0,1.1622739816459062,0.0,0.0,0.0,0.0,0.0,956.0,6.0,1.0313214641777562,0.0,0.0,100.0,0.0,0.0,0.0,0.0,142.0,28278.0,16.0,20,1,0.5587219343696027,19.75685535031634,687.5,0.0,0.0,0.0,0.0,4
708.0,7.0,1.4084808409864171,0.0,0.0,0.0,0.0,0.0,502.0,8.0,0.6609609775880506,0.0,0.0,100.0,0.0,0.0,0.0,0.0,50.0,20012.0,8.0,21,0,0.5587219343696027,15.143755588800415,698.0,0.0,0.0,0.0,0.0,4
694.0,6.0,1.2514050055660662,0.0,0.0,0.0,0.0,0.0,96.0,6.0,1.1563745537087715,0.0,0.0,99.48275862068964,0.0,0.0,0.0,0.0,100.0,2860.0,18.0,21,0,0.5587219343696027,15.176736583775968,696.5,0.0,0.0,0.0,0.0,4
678.0,3.0,0.6640449788625119,0.0,0.0,0.0,0.0,0.0,94.0,4.0,0.9113498146462844,0.0,0.0,95.96551724137932,0.0,0.0,0.0,0.0,52.0,8620.0,14.0,22,0,0.5587219343696027,14.282856857085369,697.0,0.0,0.0,0.0,0.0,2
706.0,1.0,-1.000088900581841e-12,0.0,0.0,0.0,0.0,0.0,40.0,3.0,0.8979457248537798,0.0,0.0,89.36666666666666,0.0,0.0,0.0,0.0,0.0,11080.0,0.0,22,0,0.5587219343696027,13.796134724382908,696.5,0.0,0.0,0.0,0.0,2
670.0,1.0,-1.000088900581841e-12,0.0,0.0,0.0,0.0,0.0,30.0,4.0,1.1595697967350538,0.0,0.0,83.13333333333334,0.0,0.0,0.0,0.0,0.0,13566.0,0.0,23,0,0.5587219343696027,16.124515496596793,687.0,0.0,0.0,0.0,0.0,2
214.0,4.0,1.1249620360877062,0.0,0.0,0.0,0.0,0.0,50.0,6.0,1.6596043402142984,0.0,0.0,76.83333333333333,0.0,0.0,0.0,0.0,0.0,21428.0,0.0,23,0,0.5587219343696027,235.8389280844025,567.0,0.0,0.0,0.0,0.0,2
706.0,4.0,0.7506784329813467,0.0,0.0,0.0,0.0,0.0,56.0,5.0,1.2807853880221471,0.0,0.0,71.20689655172414,0.0,0.0,0.0,0.0,166.0,27282.0,22.0,0,0,0.5587219343696027,240.599251869161,574.0,0.0,0.0,0.0,0.0,2
680.0,4.0,1.123512517733423,0.0,0.0,0.0,0.0,0.0,112.0,5.0,1.4357409382384854,0.0,0.0,67.46666666666667,0.0,0.0,0.0,0.0,110.0,19226.0,14.0,0,0,0.5587219343696027,236.15461037210343,567.5,0.0,0.0,0.0,0.0,2
704.0,6.0,1.246548262320597,0.0,0.0,0.0,0.0,0.0,84.0,4.0,0.9617451899235404,0.0,0.0,61.55172413793103,0.0,0.0,0.0,0.0,0.0,31170.0,0.0,1,0,0.5587219343696027,241.6222947770617,576.0,0.0,0.0,0.0,0.0,2
676.0,5.0,0.97228479581101,0.0,0.0,0.0,0.0,0.0,36.0,3.0,0.6837389058457535,0.0,0.0,55.51724137931034,0.0,0.0,0.0,0.0,124.0,11718.0,8.0,1,0,0.5587219343696027,15.695009822657653,691.5,0.0,0.0,0.0,0.0,2
670.0,6.0,1.3548369954194417,0.0,0.0,0.0,0.0,0.0,24.0,3.0,0.8239592164980822,0.0,0.0,50.56666666666667,0.0,0.0,0.0,0.0,0.0,13554.0,0.0,2,0,0.5587219343696027,14.910846164229577,682.5,0.0,0.0,0.0,0.0,2
658.0,2.0,0.3190304130308703,0.0,0.0,0.0,0.0,0.0,58.0,4.0,0.9486077560968326,0.0,0.0,48.5,0.0,0.0,0.0,0.0,124.0,4520.0,28.0,2,0,0.5587219343696027,19.49358868961759,677.0,0.0,0.0,0.0,0.0,2
698.0,6.0,1.194601381400887,0.0,0.0,0.0,0.0,0.0,6.0,2.0,0.6365141682928128,0.0,0.0,44.689655172413794,0.0,0.0,0.0,0.0,64.0,13410.0,14.0,3,0,0.5587219343696027,16.763054614239817,675.5,0.0,0.0,0.0,0.0,2
652.0,5.0,0.7259216911445454,0.0,0.0,0.0,0.0,0.0,2.0,1.0,-1.000088900581841e-12,0.0,0.0,39.3,0.0,0.0,0.0,0.0,0.0,4774.0,0.0,3,0,0.5587219343696027,20.42057785666182,669.5,0.0,0.0,0.0,0.0,2
628.0,1.0,-1.000088900581841e-12,0.0,0.0,0.0,0.0,0.0,4.0,1.0,-1.000088900581841e-12,0.0,0.0,39.0,0.0,0.0,0.0,0.0,0.0,0.0,0.0,4,0,0.5587219343696027,29.05167809266768,659.0,0.0,0.0,0.0,0.0,2
186.0,1.0,-1.000088900581841e-12,0.0,0.0,0.0,0.0,0.0,0.0,0.0,0.0,0.0,0.0,38.206896551724135,24.0,0.0,0.0,0.0,0.0,0.0,0.0,4,0,0.5587219343696027,238.44216629335227,541.0,0.0,0.0,0.0,0.0,2
0.0,0.0,0.0,0.0,0.0,0.0,0.0,0.0,0.0,0.0,0.0,0.0,0.0,38.0,0.0,0.0,0.0,0.0,0.0,0.0,0.0,5,0,0.5587219343696027,324.95897176925786,366.5,0.0,0.0,0.0,0.0,2
0.0,0.0,0.0,0.0,0.0,0.0,0.0,0.0,4.0,1.0,-1.000088900581841e-12,0.0,0.0,38.0,24.0,0.0,0.0,0.0,0.0,0.0,0.0,5,0,0.5587219343696027,296.2718346383942,203.5,0.0,0.0,0.0,0.0,2
0.0,0.0,0.0,0.0,0.0,0.0,0.0,0.0,6.0,2.0,0.6365141682928128,0.0,0.0,37.333333333333336,0.0,0.0,0.0,0.0,0.0,0.0,0.0,6,0,0.5587219343696027,93.0,46.5,0.0,0.0,0.0,0.0,2
0.0,0.0,0.0,0.0,0.0,0.0,0.0,0.0,0.0,0.0,0.0,0.0,0.0,37.0,0.0,0.0,0.0,0.0,0.0,0.0,0.0,6,0,0.5587219343696027,0.0,0.0,0.0,0.0,0.0,0.0,2
0.0,0.0,0.0,0.0,0.0,0.0,0.0,0.0,8.0,1.0,-1.000088900581841e-12,0.0,0.0,37.0,0.0,0.0,0.0,0.0,0.0,0.0,0.0,7,0,0.5587219343696027,0.0,0.0,0.0,0.0,0.0,0.0,2
580.0,6.0,0.2952768934444764,0.0,0.0,0.0,0.0,0.0,68.0,6.0,1.544908600479461,0.0,0.0,36.0,0.0,0.0,0.0,0.0,70.0,798.0,16.0,7,0,0.5587219343696027,290.0,145.0,0.0,0.0,0.0,0.0,2
646.0,5.0,0.8241946521270305,0.0,0.0,0.0,0.0,0.0,18.0,3.0,0.8486855577234171,0.0,0.0,33.10344827586207,0.0,0.0,0.0,0.0,152.0,7894.0,0.0,8,1,0.5587219343696027,354.9399010161204,306.5,0.0,0.0,0.0,0.0,2
702.0,7.0,1.2294787217573937,0.0,0.0,0.0,0.0,0.0,138.0,5.0,0.8931581402941381,0.0,0.0,30.066666666666663,0.0,0.0,0.0,0.0,228.0,44084.0,26.0,8,1,0.5587219343696027,325.1789251063687,482.0,0.0,0.0,0.0,0.0,1
716.0,7.0,1.2870649181228129,0.0,0.0,0.0,0.0,0.0,372.0,6.0,0.9705793899525036,0.0,0.0,23.86206896551724,0.0,0.0,0.0,0.0,0.0,69942.0,0.0,9,1,0.5587219343696027,61.89237971403809,661.0,0.0,0.0,0.0,0.0,2
590.0,6.0,1.4281999278583422,0.0,0.0,0.0,0.0,0.0,306.0,4.0,0.3788672262423807,0.0,0.0,18.0,0.0,0.0,0.0,0.0,0.0,52394.0,0.0,9,1,0.5587219343696027,57.58182583651437,663.5,0.0,0.0,0.0,0.0,2
0.0,0.0,0.0,0.0,0.0,0.0,0.0,0.0,0.0,0.0,0.0,0.0,0.0,0.0,0.0,26.0,24.0,0.0,306.0,2536.0,52.0,10,1,0.5587219343696027,339.3837552584586,502.0,0.0,0.0,0.0,0.0,2
524.0,4.0,1.277701163740698,0.0,0.0,0.0,0.0,0.0,816.0,4.0,0.0790514312953748,0.0,0.0,9.272727272727272,0.0,0.0,0.0,0.0,448.0,23534.0,52.0,10,1,0.5587219343696027,315.2284885602823,457.5,0.0,0.0,0.0,0.0,2
634.0,11.0,1.7191345742215345,0.0,0.0,0.0,0.0,0.0,926.0,11.0,0.4920425309977346,0.0,52.0,12.551724137931034,0.0,0.0,0.0,0.0,156.0,34288.0,22.0,11,1,0.5587219343696027,294.8197189244076,437.0,0.0,0.0,0.0,0.0,2
698.0,11.0,1.6863064691953278,0.0,0.0,0.0,0.0,0.0,396.0,10.0,0.8035773933081684,0.0,0.0,33.10344827586207,0.0,0.0,0.0,0.0,0.0,36854.0,0.0,11,1,0.5587219343696027,317.5699398032923,464.0,0.0,0.0,0.0,0.0,2
704.0,9.0,1.331154869600686,0.0,0.0,0.0,0.0,0.0,228.0,4.0,0.6486157898909307,0.0,0.0,47.72413793103448,0.0,0.0,0.0,0.0,0.0,21432.0,0.0,12,1,0.5587219343696027,83.57032966310487,640.0,0.0,0.0,0.0,0.0,5
702.0,10.0,1.732297936780859,0.0,0.0,0.0,0.0,0.0,524.0,6.0,0.8589742950927791,0.0,0.0,57.63333333333333,0.0,0.0,0.0,0.0,88.0,54164.0,26.0,12,1,0.5587219343696027,33.758949430731626,684.5,0.0,0.0,0.0,0.0,5
682.0,7.0,1.406758533030624,0.0,0.0,0.0,0.0,0.0,384.0,10.0,0.8785189932623685,0.0,0.0,73.6,0.0,0.0,0.0,0.0,88.0,31174.0,12.0,13,1,0.5587219343696027,9.983319421249362,696.5,0.0,0.0,0.0,0.0,5
654.0,7.0,1.6416587088853984,0.0,0.0,0.0,0.0,0.0,498.0,6.0,0.5347397757446155,0.0,0.0,91.13793103448276,0.0,0.0,0.0,0.0,86.0,32326.0,18.0,13,1,0.5587219343696027,23.23072677870184,685.5,0.0,0.0,0.0,0.0,2
668.0,10.0,1.0861067589628757,0.0,0.0,0.0,0.0,0.0,502.0,6.0,0.8029882593912219,0.0,0.0,97.5,0.0,0.0,0.0,0.0,0.0,66380.0,0.0,14,1,0.5587219343696027,20.485767417079963,676.5,0.0,0.0,0.0,0.0,1
714.0,8.0,1.6289985911580405,0.0,0.0,0.0,0.0,0.0,668.0,7.0,0.5224263337202862,0.0,0.0,91.55172413793105,0.0,0.0,0.0,0.0,172.0,40966.0,28.0,14,1,0.5587219343696027,25.68397684679487,679.5,0.0,0.0,0.0,0.0,2
704.0,8.0,1.2238024936464456,0.0,0.0,0.0,0.0,0.0,546.0,6.0,0.5849670585716729,0.0,0.0,84.76666666666667,0.0,0.0,0.0,48.0,170.0,38950.0,16.0,15,1,0.5587219343696027,28.589042189855924,685.0,0.0,0.0,0.0,0.0,2
704.0,1.0,-1.000088900581841e-12,0.0,0.0,0.0,0.0,0.0,2.0,1.0,-1.000088900581841e-12,0.0,0.0,81.3103448275862,0.0,0.0,0.0,0.0,0.0,0.0,0.0,15,1,0.5587219343696027,20.22374841615738,697.5,0.0,0.0,0.0,0.0,2
634.0,1.0,-1.000088900581841e-12,0.0,0.0,0.0,0.0,0.0,4.0,1.0,-1.000088900581841e-12,0.0,0.0,81.0,0.0,0.0,0.0,0.0,0.0,0.0,0.0,16,1,0.5587219343696027,36.96845502136511,689.0,0.0,0.0,0.0,0.0,2
666.0,10.0,1.4840333025387549,0.0,0.0,0.0,0.0,0.0,1108.0,10.0,0.5531981911367092,0.0,0.0,77.72413793103448,0.0,0.0,0.0,0.0,922.0,28636.0,166.0,16,1,0.5587219343696027,33.80335289089967,677.0,0.0,0.0,0.0,0.0,2
680.0,7.0,0.8015741468191732,0.0,0.0,0.0,58.0,0.0,644.0,4.0,0.4926417381466732,0.0,0.0,73.0,0.0,0.0,0.0,0.0,736.0,7400.0,90.0,17,1,0.5587219343696027,29.234682599041413,671.0,0.0,0.0,29.0,14.5,2
716.0,4.0,0.8546531381349037,0.0,0.0,0.0,0.0,0.0,102.0,5.0,0.6973140236795216,0.0,0.0,57.766666666666666,0.0,0.0,0.0,0.0,194.0,20236.0,14.0,18,1,0.5587219343696027,16.970562748477942,704.0,0.0,0.0,29.0,14.5,2
718.0,1.0,-1.000088900581841e-12,0.0,0.0,0.0,0.0,0.0,216.0,4.0,0.3575597795293621,0.0,0.0,55.73333333333333,0.0,0.0,0.0,0.0,98.0,0.0,0.0,19,1,0.5587219343696027,6.403124237434973,713.5,0.0,0.0,0.0,0.0,2
702.0,2.0,0.1294535292085391,0.0,0.0,0.0,0.0,0.0,968.0,6.0,0.1914130057717952,0.0,0.0,53.96666666666667,0.0,0.0,0.0,0.0,100.0,464.0,14.0,19,1,0.5587219343696027,7.393691004274784,713.0,0.0,0.0,0.0,0.0,2
712.0,1.0,-1.000088900581841e-12,0.0,0.0,0.0,0.0,0.0,850.0,5.0,0.2675845898209202,0.0,0.0,52.4,0.0,0.0,0.0,0.0,0.0,0.0,0.0,20,1,0.5587219343696027,7.118052168022784,712.0,0.0,0.0,0.0,0.0,2
634.0,5.0,0.9423219579009818,0.0,0.0,0.0,0.0,0.0,254.0,9.0,1.1747001668571193,0.0,0.0,49.44827586206897,14.0,0.0,0.0,0.0,298.0,7102.0,50.0,20,1,0.5587219343696027,38.89730067755379,691.5,0.0,0.0,0.0,0.0,2
718.0,1.0,-1.000088900581841e-12,0.0,0.0,0.0,0.0,0.0,282.0,3.0,0.2392719109646686,0.0,0.0,47.833333333333336,0.0,0.0,0.0,0.0,0.0,0.0,0.0,21,0,0.5587219343696027,38.89730067755379,691.5,0.0,0.0,0.0,0.0,2
716.0,3.0,0.5654575305150649,0.0,0.0,0.0,0.0,0.0,336.0,7.0,0.7403685611798613,0.0,0.0,46.03333333333333,0.0,0.0,0.0,0.0,200.0,2162.0,32.0,21,0,0.5587219343696027,40.74309757492705,695.0,0.0,0.0,0.0,0.0,2
716.0,5.0,1.227077806692192,0.0,0.0,0.0,0.0,0.0,92.0,6.0,1.3336076679879132,0.0,0.0,43.58620689655172,0.0,0.0,0.0,0.0,298.0,14090.0,22.0,22,0,0.5587219343696027,41.344084623236725,696.0,0.0,0.0,0.0,0.0,2
718.0,6.0,1.4392702830214283,0.0,0.0,0.0,0.0,0.0,34.0,5.0,1.5176745294575689,0.0,0.0,36.53333333333333,0.0,0.0,0.0,0.0,0.0,34466.0,0.0,22,0,0.5587219343696027,1.1547005383908528,717.0,0.0,0.0,0.0,0.0,2
718.0,5.0,0.967549697752582,0.0,0.0,0.0,0.0,0.0,168.0,6.0,1.2110487993150325,0.0,0.0,29.266666666666666,0.0,0.0,0.0,0.0,0.0,48868.0,0.0,23,0,0.5587219343696027,1.1547005383908528,717.0,0.0,0.0,0.0,0.0,2
716.0,4.0,0.7638769563595418,0.0,0.0,0.0,0.0,0.0,90.0,5.0,1.351198935729038,0.0,0.0,22.366666666666667,0.0,0.0,0.0,0.0,94.0,49864.0,22.0,23,0,0.5587219343696027,1.1547005383908528,717.0,0.0,0.0,0.0,0.0,2
718.0,6.0,0.946626124148813,0.0,0.0,0.0,0.0,0.0,90.0,6.0,1.5612593706902094,0.0,0.0,17.633333333333333,0.0,0.0,0.0,0.0,820.0,5048.0,106.0,0,0,0.5587219343696027,1.0000000000133866,717.5,0.0,0.0,0.0,0.0,2
6.0,1.0,-1.000088900581841e-12,0.0,0.0,0.0,0.0,0.0,0.0,0.0,0.0,0.0,0.0,0.0,0.0,0.0,0.0,0.0,0.0,21774.0,0.0,0,0,0.5587219343696027,355.66791627396856,539.5,0.0,0.0,0.0,0.0,2
606.0,4.0,0.2407337710896614,0.0,0.0,0.0,0.0,0.0,364.0,2.0,0.0340728263104301,0.0,100.0,18.75,0.0,0.0,0.0,0.0,110.0,8368.0,0.0,1,0,0.5587219343696027,341.0390984427837,511.5,0.0,0.0,0.0,0.0,2
706.0,1.0,-1.000088900581841e-12,0.0,0.0,0.0,0.0,0.0,962.0,1.0,-1.000088900581841e-12,0.0,0.0,46.86666666666667,0.0,0.0,0.0,0.0,0.0,0.0,0.0,1,0,0.5587219343696027,339.07128060827176,509.0,0.0,0.0,0.0,0.0,2
150.0,1.0,-1.000088900581841e-12,0.0,0.0,0.0,0.0,0.0,0.0,0.0,0.0,0.0,0.0,75.48275862068965,0.0,0.0,0.0,0.0,0.0,0.0,0.0,2,0,0.5587219343696027,341.2975241633025,367.0,0.0,0.0,0.0,0.0,2
0.0,0.0,0.0,0.0,0.0,0.0,0.0,0.0,0.0,0.0,0.0,0.0,0.0,92.9,0.0,0.0,0.0,0.0,0.0,0.0,0.0,2,0,0.5587219343696027,343.4195684581763,365.5,0.0,0.0,0.0,0.0,2
0.0,0.0,0.0,0.0,0.0,0.0,0.0,0.0,0.0,0.0,0.0,0.0,0.0,99.5,0.0,0.0,0.0,0.0,0.0,0.0,0.0,3,0,0.5587219343696027,335.5353930660669,214.0,0.0,0.0,0.0,0.0,2
0.0,0.0,0.0,0.0,0.0,0.0,0.0,0.0,8.0,1.0,-1.000088900581841e-12,0.0,0.0,100.0,0.0,0.0,0.0,0.0,0.0,0.0,0.0,3,0,0.5587219343696027,75.00000000000013,37.5,0.0,0.0,0.0,0.0,2
0.0,0.0,0.0,0.0,0.0,0.0,0.0,0.0,4.0,1.0,-1.000088900581841e-12,0.0,0.0,100.0,0.0,0.0,0.0,0.0,0.0,0.0,0.0,4,0,0.5587219343696027,0.0,0.0,0.0,0.0,0.0,0.0,2
0.0,0.0,0.0,0.0,0.0,0.0,0.0,0.0,2.0,1.0,-1.000088900581841e-12,0.0,0.0,100.0,0.0,0.0,0.0,0.0,0.0,0.0,0.0,4,0,0.5587219343696027,0.0,0.0,0.0,0.0,0.0,0.0,2
168.0,1.0,-1.000088900581841e-12,0.0,0.0,0.0,0.0,0.0,24.0,2.0,0.6365141682928128,0.0,0.0,100.0,0.0,0.0,0.0,0.0,102.0,0.0,0.0,5,0,0.5587219343696027,84.00000000000011,42.0,0.0,0.0,0.0,0.0,2
680.0,8.0,1.4598864686454949,0.0,0.0,0.0,14.0,0.0,256.0,10.0,1.508602581679728,0.0,0.0,100.0,0.0,0.0,0.0,0.0,178.0,15266.0,20.0,5,0,0.5587219343696027,321.89439261969136,212.0,0.0,0.0,7.0,3.5,2
718.0,6.0,0.8548366724269231,0.0,0.0,0.0,0.0,0.0,358.0,11.0,1.6843070216550835,0.0,0.0,100.0,0.0,0.0,0.0,0.0,0.0,95866.0,0.0,6,0,0.5587219343696027,361.9663888632018,391.5,0.0,0.0,7.0,3.5,2
716.0,7.0,0.9865864280884604,0.0,0.0,0.0,0.0,0.0,194.0,7.0,1.5774109921037418,0.0,0.0,100.0,0.0,0.0,0.0,0.0,0.0,24304.0,0.0,6,0,0.5587219343696027,268.9008491371246,570.5,0.0,0.0,7.0,3.5,2
716.0,12.0,1.4540393336580788,0.0,0.0,0.0,0.0,0.0,180.0,10.0,1.9131469865771489,0.0,0.0,100.0,0.0,0.0,0.0,0.0,0.0,29302.0,0.0,7,0,0.5587219343696027,18.357559750686,707.5,0.0,0.0,7.0,3.5,1
718.0,7.0,1.3347512543195692,0.0,0.0,0.0,0.0,0.0,260.0,7.0,1.2790287595758665,0.0,0.0,100.0,0.0,0.0,0.0,0.0,0.0,47086.0,0.0,7,0,0.5587219343696027,1.1547005383822544,717.0,0.0,0.0,0.0,0.0,1
716.0,7.0,0.8636040032183014,0.0,0.0,0.0,0.0,0.0,138.0,7.0,1.2783323408631009,0.0,0.0,99.53333333333332,0.0,0.0,0.0,0.0,0.0,13590.0,0.0,8,1,0.5587219343696027,1.000000000003458,716.5,0.0,0.0,0.0,0.0,2
716.0,6.0,1.3923179033036666,0.0,0.0,0.0,0.0,0.0,132.0,7.0,1.2659023956651732,0.0,0.0,93.4,0.0,0.0,0.0,0.0,122.0,18056.0,14.0,8,1,0.5587219343696027,1.000000000003458,716.5,0.0,0.0,0.0,0.0,2
716.0,1.0,-1.000088900581841e-12,0.0,0.0,0.0,0.0,0.0,50.0,6.0,1.5351088683810756,0.0,0.0,85.3,0.0,0.0,0.0,0.0,0.0,36234.0,0.0,9,1,0.5587219343696027,1.000000000003458,716.5,0.0,0.0,0.0,0.0,2
714.0,6.0,0.3387165361448949,0.0,0.0,0.0,0.0,0.0,80.0,6.0,1.5251080370868604,0.0,0.0,77.51724137931035,0.0,0.0,0.0,0.0,0.0,11806.0,0.0,9,1,0.5587219343696027,1.000000000003458,715.5,0.0,0.0,0.0,0.0,2
714.0,9.0,1.2995495109582864,0.0,0.0,0.0,0.0,0.0,132.0,9.0,1.4166629100133028,0.0,0.0,69.41379310344827,0.0,0.0,0.0,0.0,0.0,41574.0,0.0,10,1,0.5587219343696027,1.1547005383822544,715.0,0.0,0.0,0.0,0.0,2
670.0,6.0,1.2200733352286424,0.0,0.0,0.0,42.0,0.0,78.0,7.0,1.4309653139182714,0.0,0.0,63.17857142857143,0.0,0.0,0.0,0.0,128.0,17616.0,24.0,10,1,0.5587219343696027,22.353224972398795,703.5,0.0,0.0,21.0,10.5,2
610.0,1.0,-1.000088900581841e-12,0.0,0.0,0.0,0.0,0.0,0.0,0.0,0.0,0.0,0.0,62.0,0.0,0.0,0.0,0.0,0.0,0.0,0.0,11,1,0.5587219343696027,49.2476733799003,677.0,0.0,0.0,21.0,10.5,2
338.0,1.0,-1.000088900581841e-12,0.0,0.0,0.0,0.0,0.0,0.0,0.0,0.0,0.0,0.0,62.0,36.0,0.0,0.0,0.0,0.0,0.0,0.0,11,1,0.5587219343696027,168.80363345220584,583.0,0.0,0.0,21.0,10.5,2
0.0,0.0,0.0,0.0,0.0,0.0,0.0,0.0,0.0,0.0,0.0,0.0,0.0,62.0,0.0,0.0,0.0,0.0,0.0,0.0,0.0,12,1,0.5587219343696027,305.92101377098413,404.5,0.0,0.0,21.0,10.5,2
184.0,1.0,-1.000088900581841e-12,0.0,0.0,0.0,0.0,0.0,20.0,1.0,-1.000088900581841e-12,0.0,0.0,61.96666666666667,38.0,0.0,0.0,0.0,114.0,0.0,0.0,12,1,0.5587219343696027,258.0981725364724,283.0,0.0,0.0,0.0,0.0,2
606.0,1.0,-1.000088900581841e-12,0.0,0.0,0.0,0.0,0.0,0.0,0.0,0.0,0.0,0.0,61.0,0.0,0.0,0.0,0.0,0.0,0.0,0.0,13,1,0.5587219343696027,256.4111282036462,282.0,0.0,0.0,0.0,0.0,2
626.0,5.0,1.0492429695947505,0.0,0.0,0.0,0.0,0.0,492.0,11.0,1.4662695555608094,0.0,0.0,59.86206896551724,0.0,0.0,0.0,0.0,528.0,4498.0,96.0,13,1,0.5587219343696027,311.82473709868924,354.0,0.0,0.0,0.0,0.0,2
714.0,8.0,1.2921527529220462,0.0,0.0,0.0,0.0,0.0,230.0,9.0,1.2210435845529504,0.0,0.0,53.56666666666667,0.0,0.0,0.0,0.0,240.0,39676.0,22.0,14,1,0.5587219343696027,237.022502447904,532.5,0.0,0.0,0.0,0.0,2
718.0,9.0,1.8089833842178056,0.0,0.0,0.0,0.0,0.0,480.0,6.0,0.6264057660480896,0.0,0.0,45.6,0.0,0.0,0.0,0.0,0.0,58852.0,0.0,14,1,0.5587219343696027,58.33238094460635,666.0,0.0,0.0,0.0,0.0,2
716.0,7.0,1.3644470433592986,0.0,0.0,0.0,0.0,0.0,452.0,5.0,0.5627949349567861,0.0,0.0,33.5,0.0,0.0,0.0,0.0,0.0,25256.0,0.0,15,1,0.5587219343696027,45.02961988143664,693.5,0.0,0.0,0.0,0.0,2
716.0,7.0,1.697208221333644,0.0,0.0,0.0,0.0,0.0,484.0,5.0,0.4788268588070575,0.0,0.0,20.5,0.0,0.0,0.0,0.0,0.0,40620.0,0.0,15,1,0.5587219343696027,1.6329931618576798,716.0,0.0,0.0,0.0,0.0,2
578.0,6.0,1.5147174678875026,0.0,0.0,0.0,0.0,0.0,284.0,8.0,1.18834247428383,0.0,126.0,23.58333333333333,0.0,0.0,0.0,0.0,546.0,1070.0,54.0,16,1,0.5587219343696027,69.3397432934389,682.0,0.0,0.0,0.0,0.0,2
710.0,5.0,1.2302856602678496,0.0,0.0,0.0,0.0,0.0,334.0,6.0,1.1994543390678991,0.0,0.0,48.10344827586207,0.0,0.0,0.0,0.0,534.0,19854.0,54.0,16,1,0.5587219343696027,68.05879810869426,680.0,0.0,0.0,0.0,0.0,2
698.0,2.0,0.0494454092033586,0.0,0.0,0.0,0.0,0.0,56.0,5.0,1.3316643102880148,0.0,0.0,74.6,0.0,0.0,0.0,0.0,138.0,308.0,28.0,17,1,0.5587219343696027,65.42935121182241,675.5,0.0,0.0,0.0,0.0,2
690.0,3.0,0.2051789185427341,0.0,0.0,0.0,0.0,0.0,236.0,7.0,0.740105952650563,0.0,0.0,93.06666666666666,0.0,0.0,0.0,0.0,268.0,1930.0,36.0,17,1,0.5587219343696027,61.22091146005592,669.0,0.0,0.0,0.0,0.0,2
708.0,6.0,1.023939463466902,0.0,0.0,0.0,0.0,0.0,262.0,10.0,1.3700505751903167,0.0,0.0,99.41379310344828,0.0,0.0,0.0,0.0,852.0,6610.0,90.0,18,1,0.5587219343696027,9.291573243177782,701.5,0.0,0.0,0.0,0.0,2
712.0,8.0,1.4007635392440425,0.0,0.0,0.0,0.0,0.0,134.0,10.0,1.469464652844464,0.0,0.0,100.0,0.0,0.0,0.0,0.0,136.0,8878.0,18.0,18,1,0.5587219343696027,9.93310961716776,702.0,0.0,0.0,0.0,0.0,2
706.0,3.0,0.6882516064386665,0.0,0.0,0.0,0.0,0.0,174.0,6.0,0.6104459169480441,0.0,0.0,100.0,0.0,0.0,0.0,0.0,142.0,6816.0,20.0,19,1,0.5587219343696027,9.660917830793162,704.0,0.0,0.0,0.0,0.0,2
698.0,2.0,0.0750492296542393,0.0,0.0,0.0,0.0,0.0,68.0,4.0,0.6444823624936341,0.0,0.0,100.0,0.0,0.0,0.0,0.0,128.0,90.0,8.0,19,1,0.5587219343696027,5.887840577552236,706.0,0.0,0.0,0.0,0.0,2
694.0,5.0,1.1994664555110366,0.0,0.0,0.0,0.0,0.0,630.0,10.0,1.0217341766431354,0.0,0.0,99.93333333333334,0.0,0.0,0.0,0.0,1380.0,9636.0,196.0,20,1,0.5587219343696027,8.062257748298805,702.5,0.0,0.0,0.0,0.0,2
716.0,8.0,1.21994618089914,0.0,0.0,0.0,0.0,0.0,548.0,6.0,0.6917036773287569,0.0,0.0,95.3,0.0,0.0,0.0,0.0,0.0,54158.0,0.0,20,1,0.5587219343696027,9.71253485622252,703.5,0.0,0.0,0.0,0.0,2
718.0,6.0,1.0569318183771053,0.0,0.0,0.0,0.0,0.0,732.0,5.0,0.5756998165694206,0.0,0.0,88.3,0.0,0.0,0.0,0.0,0.0,49648.0,0.0,21,0,0.5587219343696027,12.261049438499851,706.5,0.0,0.0,0.0,0.0,2
718.0,10.0,1.606603744465052,0.0,0.0,0.0,0.0,0.0,188.0,6.0,0.9396775137612408,0.0,0.0,80.53333333333333,0.0,0.0,0.0,0.0,134.0,31756.0,28.0,21,0,0.5587219343696027,11.704699910719796,711.5,0.0,0.0,0.0,0.0,2
712.0,6.0,1.1231803283883874,0.0,0.0,0.0,0.0,0.0,328.0,5.0,1.1235688085626152,0.0,0.0,73.16666666666667,0.0,0.0,0.0,0.0,0.0,66170.0,0.0,22,0,0.5587219343696027,2.828427124746866,716.0,0.0,0.0,0.0,0.0,2
704.0,6.0,1.5930578709267769,0.0,0.0,0.0,0.0,0.0,554.0,6.0,0.3675646822887161,0.0,0.0,66.83333333333333,0.0,0.0,0.0,0.0,0.0,30888.0,0.0,22,0,0.5587219343696027,6.633249580711088,713.0,0.0,0.0,0.0,0.0,2
710.0,7.0,1.510810462182958,0.0,0.0,0.0,36.0,0.0,292.0,7.0,0.6736074000082457,0.0,0.0,61.96666666666667,0.0,0.0,0.0,0.0,136.0,23178.0,22.0,23,0,0.5587219343696027,5.773502691896596,711.0,0.0,0.0,18.0,9.0,2
622.0,1.0,-1.000088900581841e-12,0.0,0.0,0.0,0.0,0.0,8.0,1.0,-1.000088900581841e-12,0.0,0.0,59.03448275862069,0.0,0.0,0.0,0.0,0.0,0.0,0.0,23,0,0.5587219343696027,43.466462167208135,687.0,0.0,0.0,18.0,9.0,2
656.0,6.0,1.2582956381012638,0.0,0.0,0.0,0.0,0.0,36.0,6.0,1.5654451070573328,0.0,0.0,57.793103448275865,0.0,0.0,0.0,0.0,412.0,17660.0,26.0,0,0,0.5587219343696027,41.713307229228455,673.0,0.0,0.0,18.0,9.0,2
626.0,1.0,-1.000088900581841e-12,0.0,0.0,0.0,0.0,0.0,6.0,2.0,0.6365141682928128,0.0,0.0,56.0,0.0,0.0,0.0,0.0,0.0,0.0,0.0,0,0,0.5587219343696027,40.60788100849393,653.5,0.0,0.0,18.0,9.0,2
660.0,2.0,0.6916588387183568,0.0,0.0,0.0,0.0,0.0,30.0,6.0,1.656551126690654,0.0,0.0,54.73333333333333,0.0,0.0,0.0,0.0,144.0,2782.0,16.0,1,0,0.5587219343696027,19.76528944049816,641.0,0.0,0.0,0.0,0.0,2
670.0,2.0,0.1015041599025102,0.0,0.0,0.0,38.0,0.0,36.0,4.0,1.3548850530020136,0.0,0.0,51.43333333333333,0.0,0.0,0.0,0.0,298.0,924.0,66.0,1,0,0.5587219343696027,18.93849694845575,653.0,0.0,0.0,19.0,9.5,2
680.0,4.0,0.7389706889761605,0.0,0.0,0.0,14.0,0.0,32.0,6.0,1.7214023220080037,0.0,0.0,46.13333333333333,0.0,0.0,0.0,0.0,138.0,15558.0,16.0,2,0,0.5587219343696027,23.466287875730742,659.0,0.0,0.0,17.925772879665004,13.0,2
716.0,8.0,1.4412137041110968,0.0,0.0,0.0,0.0,0.0,18.0,4.0,1.002718264513516,0.0,0.0,42.10714285714285,0.0,0.0,0.0,0.0,0.0,24994.0,0.0,2,0,0.5587219343696027,24.40628334398066,681.5,0.0,0.0,17.925772879665004,13.0,2
632.0,6.0,0.8237768494902746,0.0,0.0,0.0,24.0,0.0,10.0,2.0,0.5004024235361879,0.0,0.0,38.13333333333333,0.0,0.0,0.0,0.0,0.0,3684.0,0.0,3,0,0.5587219343696027,34.5398320783411,674.5,0.0,0.0,16.041612554021288,19.0,2
600.0,1.0,-1.000088900581841e-12,0.0,0.0,0.0,0.0,0.0,0.0,0.0,0.0,0.0,0.0,38.0,0.0,0.0,0.0,0.0,0.0,0.0,0.0,3,0,0.5587219343696027,51.26402247190519,657.0,0.0,0.0,11.704699910719626,9.5,2
214.0,3.0,0.7034016857133758,0.0,0.0,0.0,0.0,0.0,154.0,4.0,0.3524755192904941,0.0,0.0,37.92857142857143,52.0,0.0,0.0,0.0,152.0,3086.0,22.0,4,0,0.5587219343696027,223.0956446609092,540.5,0.0,0.0,12.000000000000002,6.0,2
612.0,3.0,0.2502216765843811,0.0,0.0,0.0,0.0,0.0,38.0,3.0,0.6330395116614678,0.0,0.0,36.0,0.0,0.0,0.0,0.0,0.0,1124.0,0.0,4,0,0.5587219343696027,200.7676932842201,514.5,0.0,0.0,12.000000000000002,6.0,2
602.0,1.0,-1.000088900581841e-12,0.0,0.0,0.0,0.0,0.0,0.0,0.0,0.0,0.0,0.0,36.0,0.0,0.0,0.0,0.0,0.0,0.0,0.0,5,0,0.5587219343696027,195.40385530144144,507.0,0.0,0.0,0.0,0.0,2
34.0,1.0,-1.000088900581841e-12,0.0,0.0,0.0,0.0,0.0,4.0,1.0,-1.000088900581841e-12,0.0,0.0,36.0,38.0,0.0,0.0,0.0,0.0,0.0,0.0,5,0,0.5587219343696027,288.4088533084008,365.5,0.0,0.0,0.0,0.0,2
0.0,0.0,0.0,0.0,0.0,0.0,0.0,0.0,8.0,1.0,-1.000088900581841e-12,0.0,0.0,35.53333333333333,60.0,0.0,0.0,0.0,0.0,0.0,0.0,6,0,0.5587219343696027,340.94378813327376,312.0,0.0,0.0,0.0,0.0,2
0.0,0.0,0.0,0.0,0.0,0.0,0.0,0.0,4.0,1.0,-1.000088900581841e-12,0.0,0.0,35.0,0.0,0.0,0.0,0.0,0.0,0.0,0.0,6,0,0.5587219343696027,295.7679270419068,159.0,0.0,0.0,0.0,0.0,2
0.0,0.0,0.0,0.0,0.0,0.0,0.0,0.0,4.0,1.0,-1.000088900581841e-12,0.0,0.0,35.0,0.0,0.0,0.0,0.0,0.0,0.0,0.0,7,0,0.5587219343696027,17.000000000000192,8.5,0.0,0.0,0.0,0.0,2
44.0,4.0,1.082534885759483,0.0,0.0,0.0,0.0,0.0,46.0,5.0,1.0259158403069248,0.0,0.0,34.7,0.0,0.0,0.0,0.0,134.0,2452.0,22.0,7,0,0.5587219343696027,22.00000000000015,11.0,0.0,0.0,0.0,0.0,2
612.0,3.0,0.1101000819203972,0.0,0.0,0.0,0.0,0.0,2.0,1.0,-1.000088900581841e-12,0.0,0.0,33.0,0.0,0.0,0.0,0.0,0.0,1894.0,0.0,8,1,0.5587219343696027,299.38603841862766,164.0,0.0,0.0,0.0,0.0,2
606.0,1.0,-1.000088900581841e-12,0.0,0.0,0.0,0.0,0.0,0.0,0.0,0.0,0.0,0.0,32.96666666666667,0.0,0.0,0.0,0.0,0.0,0.0,0.0,8,1,0.5587219343696027,339.3891571632777,315.5,0.0,0.0,0.0,0.0,2
22.0,1.0,-1.000088900581841e-12,0.0,0.0,0.0,0.0,0.0,0.0,0.0,0.0,0.0,0.0,32.0,38.0,0.0,0.0,0.0,0.0,0.0,0.0,9,1,0.5587219343696027,332.6840342827811,321.0,0.0,0.0,0.0,0.0,2
0.0,0.0,0.0,0.0,0.0,0.0,0.0,0.0,0.0,0.0,0.0,0.0,0.0,32.0,0.0,0.0,0.0,0.0,0.0,0.0,0.0,9,1,0.5587219343696027,345.3809490982385,310.0,0.0,0.0,0.0,0.0,2
0.0,0.0,0.0,0.0,0.0,0.0,0.0,0.0,0.0,0.0,0.0,0.0,0.0,31.2,66.0,0.0,0.0,0.0,0.0,0.0,0.0,10,1,0.5587219343696027,299.5129379509339,157.0,0.0,0.0,0.0,0.0,2
0.0,0.0,0.0,0.0,0.0,0.0,0.0,0.0,8.0,1.0,-1.000088900581841e-12,0.0,0.0,31.0,0.0,0.0,0.0,0.0,0.0,0.0,0.0,10,1,0.5587219343696027,11.000000000000297,5.5,0.0,0.0,0.0,0.0,2
0.0,0.0,0.0,0.0,0.0,0.0,0.0,0.0,0.0,0.0,0.0,0.0,0.0,30.366666666666667,0.0,0.0,0.0,0.0,0.0,0.0,0.0,11,1,0.5587219343696027,0.0,0.0,0.0,0.0,0.0,0.0,2
0.0,0.0,0.0,0.0,0.0,0.0,0.0,0.0,0.0,0.0,0.0,0.0,0.0,30.0,0.0,0.0,0.0,0.0,0.0,0.0,0.0,11,1,0.5587219343696027,0.0,0.0,0.0,0.0,0.0,0.0,2
0.0,0.0,0.0,0.0,0.0,0.0,0.0,0.0,8.0,1.0,-1.000088900581841e-12,0.0,0.0,29.310344827586206,0.0,0.0,0.0,0.0,0.0,0.0,0.0,12,1,0.5587219343696027,0.0,0.0,0.0,0.0,0.0,0.0,2
298.0,4.0,0.4925128188127272,0.0,0.0,0.0,0.0,0.0,150.0,10.0,1.7293028305326734,0.0,0.0,28.13793103448276,0.0,0.0,0.0,0.0,154.0,7218.0,28.0,12,1,0.5587219343696027,149.0,74.5,0.0,0.0,0.0,0.0,2
678.0,5.0,1.1797264467430624,0.0,0.0,0.0,0.0,0.0,134.0,6.0,0.496733478257118,0.0,0.0,24.3,0.0,0.0,0.0,0.0,174.0,31936.0,8.0,13,1,0.5587219343696027,321.6333316060386,244.0,0.0,0.0,0.0,0.0,2
648.0,4.0,0.8852427152103768,0.0,0.0,0.0,0.0,0.0,254.0,8.0,0.4586623650898207,0.0,0.0,18.22222222222222,0.0,0.0,0.0,0.0,160.0,33960.0,12.0,13,1,0.5587219343696027,320.9610568277716,406.0,0.0,0.0,0.0,0.0,2
130.0,6.0,1.4001940934005068,0.0,0.0,0.0,0.0,0.0,36.0,2.0,0.5908422462735826,0.0,0.0,8.6,0.0,0.0,0.0,0.0,0.0,108426.0,0.0,14,1,0.5587219343696027,268.42938239569327,438.5,0.0,0.0,0.0,0.0,2
672.0,7.0,1.4766228119426827,0.0,0.0,0.0,0.0,0.0,712.0,10.0,0.6027782204394933,0.0,100.0,4.033333333333333,0.0,0.0,0.0,0.0,170.0,54806.0,40.0,14,1,0.5587219343696027,268.3132497660151,532.0,0.0,0.0,0.0,0.0,2
694.0,5.0,1.2906783215561577,0.0,0.0,0.0,0.0,0.0,240.0,12.0,1.9565634826772933,0.0,0.0,14.9,0.0,0.0,0.0,0.0,362.0,42086.0,38.0,15,1,0.5587219343696027,271.3177718715332,536.0,0.0,0.0,0.0,0.0,2
718.0,12.0,1.9091032564649724,0.0,0.0,0.0,0.0,0.0,352.0,8.0,1.492867315564416,0.0,0.0,33.733333333333334,0.0,0.0,0.0,0.0,0.0,40478.0,0.0,15,1,0.5587219343696027,282.95759399599086,553.5,0.0,0.0,0.0,0.0,2
714.0,7.0,1.589596776860777,0.0,0.0,0.0,0.0,0.0,216.0,11.0,1.5775382480825888,0.0,0.0,54.266666666666666,0.0,0.0,0.0,0.0,0.0,35120.0,0.0,16,1,0.5587219343696027,21.12660250332126,699.5,0.0,0.0,0.0,0.0,2
712.0,7.0,1.5983960106140058,0.0,0.0,0.0,0.0,0.0,32.0,4.0,1.3050963719443405,0.0,0.0,74.5,0.0,0.0,0.0,0.0,184.0,32116.0,24.0,16,1,0.5587219343696027,10.63014581273498,709.5,0.0,0.0,0.0,0.0,2
710.0,8.0,1.7425431297207084,0.0,0.0,0.0,0.0,0.0,232.0,6.0,0.6316585425764702,0.0,0.0,91.17241379310344,0.0,0.0,0.0,0.0,170.0,60512.0,14.0,17,1,0.5587219343696027,3.415650255320917,713.5,0.0,0.0,0.0,0.0,2
664.0,9.0,1.309410205159501,0.0,0.0,0.0,0.0,0.0,122.0,7.0,1.6784844676241857,0.0,0.0,98.89655172413794,0.0,0.0,0.0,0.0,184.0,23196.0,8.0,17,1,0.5587219343696027,24.05549140355844,700.0,0.0,0.0,0.0,0.0,2
696.0,1.0,-1.000088900581841e-12,0.0,0.0,0.0,0.0,0.0,138.0,6.0,1.0879502568213328,0.0,0.0,100.0,0.0,0.0,0.0,0.0,0.0,0.0,0.0,18,1,0.5587219343696027,22.173557826083616,695.5,0.0,0.0,0.0,0.0,2
474.0,1.0,-1.000088900581841e-12,0.0,0.0,0.0,0.0,0.0,70.0,4.0,0.6315277672930717,0.0,0.0,100.0,0.0,0.0,0.0,0.0,0.0,0.0,0.0,18,1,0.5587219343696027,109.70262834894464,636.0,0.0,0.0,0.0,0.0,2
616.0,6.0,1.2519748771316652,0.0,0.0,0.0,0.0,0.0,292.0,13.0,1.5814683262896114,0.0,0.0,100.0,0.0,0.0,0.0,0.0,188.0,19388.0,12.0,19,1,0.5587219343696027,98.01190403891428,612.5,0.0,0.0,0.0,0.0,2
680.0,1.0,-1.000088900581841e-12,0.0,0.0,0.0,0.0,0.0,34.0,4.0,0.9554471413897668,0.0,0.0,100.0,0.0,0.0,0.0,0.0,0.0,0.0,0.0,19,1,0.5587219343696027,101.09236700496568,616.5,0.0,0.0,0.0,0.0,2
670.0,4.0,0.8556814257983957,0.0,0.0,0.0,0.0,0.0,606.0,13.0,0.5400928598040097,0.0,0.0,100.0,0.0,0.0,0.0,0.0,372.0,2572.0,60.0,20,1,0.5587219343696027,94.92453142716415,610.0,0.0,0.0,0.0,0.0,2
686.0,1.0,-1.000088900581841e-12,0.0,0.0,0.0,0.0,0.0,40.0,2.0,0.3250829733894482,0.0,0.0,100.0,0.0,0.0,0.0,0.0,0.0,0.0,0.0,20,1,0.5587219343696027,32.020826556060975,663.0,0.0,0.0,0.0,0.0,2
702.0,5.0,0.6970422109007507,0.0,0.0,0.0,0.0,0.0,90.0,6.0,1.1154570579431569,0.0,0.0,98.86666666666666,0.0,0.0,0.0,0.0,748.0,8170.0,58.0,21,0,0.5587219343696027,13.403979508588996,684.5,0.0,0.0,0.0,0.0,2
704.0,2.0,0.3983071138032841,0.0,0.0,0.0,0.0,0.0,54.0,5.0,1.1651372621769545,0.0,0.0,95.13333333333334,0.0,0.0,0.0,0.0,176.0,214.0,26.0,21,0,0.5587219343696027,15.864005379054612,690.5,0.0,0.0,0.0,0.0,2
682.0,3.0,0.8418424981846393,0.0,0.0,0.0,0.0,0.0,86.0,7.0,1.079929937790669,0.0,0.0,93.4,0.0,0.0,0.0,0.0,158.0,21322.0,42.0,22,0,0.5587219343696027,11.12055154507516,693.5,0.0,0.0,0.0,0.0,2
710.0,1.0,-1.000088900581841e-12,0.0,0.0,0.0,0.0,0.0,46.0,1.0,-1.000088900581841e-12,0.0,0.0,86.8,0.0,0.0,0.0,0.0,0.0,21826.0,0.0,22,0,0.5587219343696027,12.151817422372403,699.5,0.0,0.0,0.0,0.0,2
708.0,1.0,-1.000088900581841e-12,0.0,0.0,0.0,0.0,0.0,36.0,3.0,0.5566469035791068,0.0,0.0,80.24137931034483,0.0,0.0,0.0,0.0,0.0,31714.0,0.0,23,0,0.5587219343696027,12.909944487358324,701.0,0.0,0.0,0.0,0.0,2
264.0,3.0,0.6012485465856827,0.0,0.0,0.0,0.0,0.0,30.0,5.0,1.3624474851866286,0.0,0.0,74.0,0.0,0.0,0.0,0.0,0.0,29144.0,0.0,23,0,0.5587219343696027,218.3727699752574,591.0,0.0,0.0,0.0,0.0,2
716.0,2.0,0.0192154609927474,0.0,0.0,0.0,0.0,0.0,12.0,3.0,1.0114042647043515,0.0,0.0,68.13793103448276,0.0,0.0,0.0,0.0,0.0,36502.0,0.0,0,0,0.5587219343696027,223.69249726652288,599.5,0.0,0.0,0.0,0.0,2
714.0,7.0,1.6638405524911135,0.0,0.0,0.0,0.0,0.0,68.0,4.0,1.130097387690479,0.0,0.0,62.766666666666666,0.0,0.0,0.0,0.0,368.0,30026.0,58.0,0,0,0.5587219343696027,224.35908717945884,600.5,0.0,0.0,0.0,0.0,2
646.0,4.0,0.3954099412870104,0.0,0.0,0.0,0.0,0.0,114.0,6.0,1.46022397746757,0.0,0.0,59.93333333333333,0.0,0.0,0.0,0.0,936.0,7044.0,108.0,1,0,0.5587219343696027,216.459388030796,585.0,0.0,0.0,0.0,0.0,2
708.0,7.0,1.0443987363300955,0.0,0.0,0.0,0.0,0.0,78.0,5.0,1.5135988320101472,0.0,0.0,57.10344827586207,0.0,0.0,0.0,0.0,1444.0,20276.0,154.0,1,0,0.5587219343696027,33.50621832834431,696.0,0.0,0.0,0.0,0.0,2
706.0,3.0,0.4293931179398655,0.0,0.0,0.0,0.0,0.0,108.0,5.0,0.560913299082748,0.0,0.0,54.9,0.0,0.0,0.0,0.0,196.0,11862.0,20.0,2,0,0.5587219343696027,31.848600178553266,693.5,0.0,0.0,0.0,0.0,2
694.0,6.0,1.45765424500064,0.0,0.0,0.0,32.0,0.0,108.0,6.0,1.4593128289280963,0.0,0.0,51.66666666666666,0.0,0.0,0.0,0.0,184.0,27888.0,6.0,2,0,0.5587219343696027,29.000000000000163,688.5,0.0,0.0,16.0,8.0,2
716.0,8.0,1.2853472270129016,0.0,0.0,0.0,0.0,0.0,398.0,7.0,1.029806365534419,0.0,0.0,45.37931034482759,0.0,0.0,0.0,0.0,0.0,36586.0,0.0,3,0,0.5587219343696027,9.092121131324468,706.0,0.0,0.0,16.0,8.0,2
620.0,4.0,0.3740838555088956,0.0,0.0,0.0,32.0,0.0,14.0,2.0,0.410116318286409,0.0,0.0,41.03333333333333,0.0,0.0,0.0,0.0,0.0,1796.0,0.0,3,0,0.5587219343696027,43.60428113538101,684.0,0.0,0.0,18.475208614068023,16.0,2
594.0,1.0,-1.000088900581841e-12,0.0,0.0,0.0,0.0,0.0,0.0,0.0,0.0,0.0,0.0,41.0,0.0,0.0,0.0,0.0,0.0,0.0,0.0,4,0,0.5587219343696027,58.26376804384245,656.0,0.0,0.0,18.475208614068023,16.0,2
50.0,1.0,-1.000088900581841e-12,0.0,0.0,0.0,0.0,0.0,0.0,0.0,0.0,0.0,0.0,41.0,30.0,0.0,0.0,0.0,0.0,0.0,0.0,4,0,0.5587219343696027,301.2706424462895,495.0,0.0,0.0,16.0,8.0,2
0.0,0.0,0.0,0.0,0.0,0.0,0.0,0.0,0.0,0.0,0.0,0.0,0.0,41.0,0.0,0.0,0.0,0.0,0.0,0.0,0.0,5,0,0.5587219343696027,336.80459220938974,316.0,0.0,0.0,16.0,8.0,2
0.0,0.0,0.0,0.0,0.0,0.0,0.0,0.0,4.0,1.0,-1.000088900581841e-12,0.0,0.0,41.0,68.0,0.0,0.0,0.0,0.0,0.0,0.0,5,0,0.5587219343696027,289.6273467751276,161.0,0.0,0.0,0.0,0.0,2
0.0,0.0,0.0,0.0,0.0,0.0,0.0,0.0,4.0,1.0,-1.000088900581841e-12,0.0,0.0,41.0,0.0,0.0,0.0,0.0,0.0,0.0,0.0,6,0,0.5587219343696027,25.000000000000128,12.5,0.0,0.0,0.0,0.0,2
0.0,0.0,0.0,0.0,0.0,0.0,0.0,0.0,0.0,0.0,0.0,0.0,0.0,40.7,0.0,0.0,0.0,0.0,0.0,0.0,0.0,6,0,0.5587219343696027,0.0,0.0,0.0,0.0,0.0,0.0,2
0.0,0.0,0.0,0.0,0.0,0.0,0.0,0.0,8.0,1.0,-1.000088900581841e-12,0.0,0.0,40.0,0.0,0.0,0.0,0.0,0.0,0.0,0.0,7,0,0.5587219343696027,0.0,0.0,0.0,0.0,0.0,0.0,2
40.0,4.0,1.3350851650880204,0.0,0.0,0.0,0.0,0.0,48.0,7.0,1.6769809835166116,0.0,0.0,39.96551724137931,0.0,0.0,0.0,0.0,352.0,1870.0,12.0,7,0,0.5587219343696027,20.00000000000016,10.0,0.0,0.0,0.0,0.0,2
634.0,4.0,0.2495351299070161,0.0,0.0,0.0,0.0,0.0,14.0,5.0,1.5498260458732018,0.0,0.0,38.03448275862069,0.0,0.0,0.0,0.0,0.0,3870.0,0.0,8,1,0.5587219343696027,310.90566629338446,168.5,0.0,0.0,0.0,0.0,2
604.0,1.0,-1.000088900581841e-12,0.0,0.0,0.0,0.0,0.0,0.0,0.0,0.0,0.0,0.0,37.36666666666667,0.0,0.0,0.0,0.0,0.0,0.0,0.0,8,1,0.5587219343696027,346.43469803124515,319.5,0.0,0.0,0.0,0.0,2
38.0,1.0,-1.000088900581841e-12,0.0,0.0,0.0,0.0,0.0,0.0,0.0,0.0,0.0,0.0,37.0,88.0,0.0,0.0,0.0,0.0,0.0,0.0,9,1,0.5587219343696027,335.0880481306369,329.0,0.0,0.0,0.0,0.0,2
0.0,0.0,0.0,0.0,0.0,0.0,0.0,0.0,0.0,0.0,0.0,0.0,0.0,37.0,60.0,0.0,0.0,0.0,0.0,0.0,0.0,9,1,0.5587219343696027,346.9735820875513,319.0,0.0,0.0,0.0,0.0,2
0.0,0.0,0.0,0.0,0.0,0.0,0.0,0.0,0.0,0.0,0.0,0.0,0.0,36.13333333333333,0.0,0.0,0.0,0.0,0.0,0.0,0.0,10,1,0.5587219343696027,296.2088227360331,160.5,0.0,0.0,0.0,0.0,2
0.0,0.0,0.0,0.0,0.0,0.0,0.0,0.0,8.0,1.0,-1.000088900581841e-12,0.0,0.0,36.0,0.0,0.0,0.0,0.0,180.0,0.0,0.0,10,1,0.5587219343696027,18.99999999999966,9.5,0.0,0.0,0.0,0.0,2
0.0,0.0,0.0,0.0,0.0,0.0,0.0,0.0,0.0,0.0,0.0,0.0,0.0,35.43333333333333,0.0,0.0,0.0,0.0,0.0,0.0,0.0,11,1,0.5587219343696027,0.0,0.0,0.0,0.0,0.0,0.0,2
0.0,0.0,0.0,0.0,0.0,0.0,0.0,0.0,0.0,0.0,0.0,0.0,0.0,35.0,62.0,0.0,0.0,0.0,0.0,0.0,0.0,11,1,0.5587219343696027,0.0,0.0,0.0,0.0,0.0,0.0,2
0.0,0.0,0.0,0.0,0.0,0.0,0.0,0.0,8.0,1.0,-1.000088900581841e-12,0.0,0.0,34.5,0.0,0.0,0.0,0.0,0.0,0.0,0.0,12,1,0.5587219343696027,0.0,0.0,0.0,0.0,0.0,0.0,2
230.0,8.0,1.783102791484227,0.0,0.0,0.0,0.0,0.0,366.0,10.0,1.377727021372932,0.0,0.0,33.55172413793103,0.0,0.0,0.0,0.0,182.0,9936.0,40.0,12,1,0.5587219343696027,114.99999999999994,57.5,0.0,0.0,0.0,0.0,2
706.0,8.0,1.197474233779284,0.0,0.0,0.0,0.0,0.0,28.0,4.0,1.15374194269709,0.0,0.0,27.7,0.0,0.0,0.0,0.0,0.0,64964.0,0.0,13,1,0.5587219343696027,332.82227489557647,234.0,0.0,0.0,0.0,0.0,2
676.0,7.0,1.432079233767004,0.0,0.0,0.0,0.0,0.0,88.0,5.0,1.1104475860286225,0.0,0.0,22.48275862068965,0.0,0.0,0.0,0.0,616.0,45206.0,50.0,13,1,0.5587219343696027,345.7725649421404,403.0,0.0,0.0,0.0,0.0,2
668.0,2.0,0.5797131531854234,0.0,0.0,0.0,0.0,0.0,56.0,4.0,0.6389115161578192,0.0,0.0,17.466666666666665,0.0,0.0,0.0,0.0,0.0,43886.0,0.0,14,1,0.5587219343696027,227.2560963612051,570.0,0.0,0.0,0.0,0.0,2
672.0,6.0,1.4396291484667654,0.0,0.0,0.0,0.0,0.0,0.0,0.0,0.0,0.0,0.0,0.0,0.0,0.0,0.0,0.0,172.0,20276.0,18.0,14,1,0.5587219343696027,17.31088289679829,680.5,0.0,0.0,0.0,0.0,2
622.0,5.0,1.0670934382355617,0.0,0.0,0.0,0.0,0.0,48.0,4.0,0.8823830530708154,0.0,140.0,21.6,0.0,0.0,0.0,0.0,0.0,81300.0,0.0,15,1,0.5587219343696027,25.212430796467515,659.5,0.0,0.0,0.0,0.0,2
716.0,6.0,0.7838478948503427,0.0,0.0,0.0,0.0,0.0,162.0,4.0,0.5415514013764151,0.0,0.0,33.03333333333333,0.0,0.0,0.0,0.0,0.0,94610.0,0.0,15,1,0.5587219343696027,38.41440701958919,669.5,0.0,0.0,0.0,0.0,2
718.0,6.0,0.9794645051902852,0.0,0.0,0.0,0.0,0.0,106.0,5.0,1.3673005900769168,0.0,96.0,40.766666666666666,0.0,0.0,0.0,0.0,0.0,65402.0,0.0,16,1,0.5587219343696027,45.28428719397783,682.0,0.0,0.0,0.0,0.0,2
716.0,7.0,1.1296673443963596,0.0,0.0,0.0,0.0,0.0,110.0,6.0,0.9839931293527556,0.0,0.0,61.46666666666667,0.0,0.0,0.0,0.0,200.0,82672.0,32.0,16,1,0.5587219343696027,47.34272207354928,693.0,0.0,0.0,0.0,0.0,2
700.0,4.0,0.8578283704124114,0.0,0.0,0.0,76.0,0.0,160.0,7.0,1.6509946743319408,0.0,0.0,77.86666666666666,0.0,0.0,0.0,0.0,1668.0,3978.0,146.0,17,1,0.5587219343696027,8.386497083605917,712.5,0.0,0.0,38.0,19.0,2
640.0,8.0,1.8113663258225703,0.0,0.0,0.0,0.0,0.0,482.0,7.0,0.5618917982900805,0.0,0.0,74.82758620689656,0.0,0.0,0.0,0.0,428.0,66360.0,56.0,17,1,0.5587219343696027,36.56501059756442,693.5,0.0,0.0,38.0,19.0,1
686.0,8.0,1.3290979707324628,0.0,0.0,0.0,0.0,0.0,274.0,9.0,1.430415306689359,0.0,0.0,68.20689655172414,0.0,0.0,0.0,0.0,598.0,31756.0,102.0,18,1,0.5587219343696027,32.715949219506555,685.5,0.0,0.0,38.0,19.0,2
642.0,1.0,-1.000088900581841e-12,0.0,0.0,0.0,0.0,0.0,356.0,2.0,0.0347133105958842,0.0,0.0,66.1,0.0,0.0,0.0,0.0,0.0,0.0,0.0,18,1,0.5587219343696027,30.57231863412825,667.0,0.0,0.0,38.0,19.0,2
674.0,7.0,1.298403837376314,0.0,0.0,0.0,0.0,0.0,282.0,8.0,1.3324736759573874,0.0,0.0,63.06666666666667,0.0,0.0,0.0,0.0,866.0,81098.0,108.0,19,1,0.5587219343696027,23.057898140694995,660.5,0.0,0.0,0.0,0.0,2
628.0,6.0,1.5025038065519274,0.0,0.0,0.0,46.0,0.0,196.0,8.0,1.259084818033803,0.0,0.0,56.793103448275865,0.0,0.0,0.0,0.0,428.0,48214.0,52.0,19,1,0.5587219343696027,27.049337638224447,657.5,0.0,0.0,23.0,11.5,2
652.0,6.0,1.0297492659992633,0.0,0.0,0.0,34.0,0.0,126.0,7.0,1.0691034265788757,0.0,0.0,53.89655172413793,0.0,0.0,0.0,0.0,1292.0,11868.0,64.0,20,1,0.5587219343696027,19.356308187943945,649.0,0.0,0.0,23.607908279501032,20.0,2
704.0,5.0,0.5240210948297916,0.0,0.0,0.0,0.0,0.0,92.0,6.0,1.074814548533647,0.0,0.0,41.56666666666667,0.0,0.0,0.0,0.0,0.0,24108.0,0.0,21,0,0.5587219343696027,32.5576411921994,665.0,0.0,0.0,23.607908279501032,20.0,2
664.0,7.0,0.7260576918469843,0.0,0.0,0.0,0.0,0.0,406.0,7.0,1.317105400435438,0.0,0.0,34.214285714285715,0.0,0.0,0.0,0.0,0.0,76638.0,0.0,21,0,0.5587219343696027,22.27105745132005,674.0,0.0,0.0,17.0,8.5,2
628.0,8.0,1.7738347476631635,0.0,0.0,0.0,0.0,0.0,118.0,5.0,1.362523761979508,0.0,0.0,21.966666666666665,0.0,0.0,0.0,0.0,868.0,44876.0,74.0,22,0,0.5587219343696027,31.496031496047223,668.0,0.0,0.0,0.0,0.0,2
630.0,1.0,-1.000088900581841e-12,0.0,0.0,0.0,0.0,0.0,46.0,5.0,1.492153003290039,0.0,0.0,17.96551724137931,0.0,0.0,0.0,0.0,420.0,62.0,32.0,22,0,0.5587219343696027,35.716476123305696,656.5,0.0,0.0,0.0,0.0,2
592.0,4.0,0.5195388481718599,0.0,0.0,0.0,0.0,0.0,50.0,5.0,1.2859557042724037,0.0,0.0,16.892857142857142,0.0,0.0,0.0,0.0,1014.0,4602.0,48.0,23,0,0.5587219343696027,29.41088233970545,628.5,0.0,0.0,0.0,0.0,2
0.0,0.0,0.0,0.0,0.0,0.0,0.0,0.0,0.0,0.0,0.0,0.0,0.0,0.0,0.0,0.0,0.0,0.0,218.0,24500.0,28.0,23,0,0.5587219343696027,308.82735198381204,462.5,0.0,0.0,0.0,0.0,2
212.0,2.0,0.4402950964202924,0.0,0.0,0.0,0.0,0.0,20.0,2.0,0.6108643020528935,0.0,0.0,0.0,0.0,0.0,0.0,0.0,1018.0,16828.0,72.0,0,0,0.5587219343696027,304.5318811991064,358.5,0.0,0.0,0.0,0.0,2
670.0,1.0,-1.000088900581841e-12,0.0,0.0,0.0,0.0,0.0,48.0,5.0,1.4735023850756486,0.0,0.0,0.0,0.0,0.0,0.0,0.0,224.0,0.0,0.0,0,0,0.5587219343696027,316.8275030149161,368.5,0.0,0.0,0.0,0.0,2
498.0,1.0,-1.000088900581841e-12,0.0,0.0,0.0,0.0,0.0,178.0,1.0,-1.000088900581841e-12,0.0,0.0,0.0,0.0,0.0,0.0,0.0,0.0,0.0,0.0,1,0,0.5587219343696027,297.6284036624641,345.0,0.0,0.0,0.0,0.0,2
0.0,0.0,0.0,0.0,0.0,0.0,0.0,0.0,22.0,2.0,0.5859526183015509,0.0,0.0,0.0,0.0,0.0,0.0,0.0,0.0,0.0,0.0,1,0,0.5587219343696027,297.6284036624641,345.0,0.0,0.0,0.0,0.0,2
94.0,4.0,1.080111371662511,0.0,0.0,0.0,0.0,0.0,94.0,6.0,1.2105671075686142,0.0,0.0,0.0,0.0,0.0,0.0,0.0,388.0,6894.0,60.0,2,0,0.5587219343696027,320.1973349878686,315.5,0.0,0.0,0.0,0.0,2
688.0,4.0,0.5728224249615448,0.0,0.0,0.0,0.0,0.0,20.0,3.0,1.054920167983144,0.0,0.0,0.0,0.0,0.0,0.0,0.0,424.0,7718.0,54.0,2,0,0.5587219343696027,326.8965177748661,320.0,0.0,0.0,0.0,0.0,3
708.0,5.0,1.0028634161329888,0.0,0.0,0.0,0.0,0.0,22.0,4.0,1.2882523050189003,0.0,0.0,0.0,0.0,0.0,0.0,0.0,0.0,44092.0,0.0,3,0,0.5587219343696027,377.8972523495419,372.5,0.0,0.0,0.0,0.0,3
694.0,2.0,0.6795943259793646,0.0,0.0,0.0,0.0,0.0,300.0,3.0,0.0800525173126622,0.0,0.0,0.0,0.0,0.0,0.0,0.0,0.0,6838.0,0.0,3,0,0.5587219343696027,301.4498299883415,546.0,0.0,0.0,0.0,0.0,3
618.0,6.0,1.10670056863424,0.0,0.0,0.0,0.0,0.0,38.0,4.0,1.1630900731439806,0.0,0.0,0.0,0.0,0.0,0.0,0.0,1250.0,15260.0,114.0,4,0,0.5587219343696027,40.21608301828186,677.0,0.0,0.0,0.0,0.0,3
624.0,5.0,0.6906377767574137,0.0,0.0,0.0,0.0,0.0,24.0,1.0,-1.000088900581841e-12,0.0,0.0,97.29629629629628,0.0,0.0,0.0,0.0,8.0,164.0,8.0,4,0,0.5587219343696027,46.60472079092424,661.0,0.0,0.0,0.0,0.0,2
644.0,7.0,1.066938634742634,0.0,0.0,0.0,0.0,0.0,68.0,7.0,1.639011933719804,0.0,0.0,96.33333333333331,0.0,0.0,0.0,0.0,4.0,3210.0,4.0,5,0,0.5587219343696027,34.50603811895352,645.0,0.0,0.0,0.0,0.0,2
638.0,7.0,0.6085809343417933,0.0,0.0,0.0,0.0,0.0,14.0,4.0,1.277034259462139,0.0,0.0,93.14285714285714,0.0,0.0,0.0,0.0,4.0,704.0,2.0,5,0,0.5587219343696027,12.05542754668368,631.0,0.0,0.0,0.0,0.0,2
610.0,3.0,0.061507666413164,0.0,0.0,0.0,0.0,0.0,12.0,3.0,1.0986122886651095,0.0,0.0,92.48275862068964,0.0,0.0,0.0,0.0,8.0,120.0,4.0,6,0,0.5587219343696027,15.187714333192902,629.0,0.0,0.0,0.0,0.0,2
594.0,1.0,-1.000088900581841e-12,0.0,0.0,0.0,0.0,0.0,0.0,0.0,0.0,0.0,0.0,92.0,0.0,0.0,0.0,0.0,0.0,0.0,0.0,6,0,0.5587219343696027,23.572582944316324,621.5,0.0,0.0,0.0,0.0,2
288.0,1.0,-1.000088900581841e-12,0.0,0.0,0.0,0.0,0.0,0.0,0.0,0.0,0.0,0.0,92.0,8.0,0.0,0.0,0.0,0.0,0.0,0.0,7,0,0.5587219343696027,164.0111784808178,532.5,0.0,0.0,0.0,0.0,2
0.0,0.0,0.0,0.0,0.0,0.0,0.0,0.0,4.0,1.0,-1.000088900581841e-12,0.0,0.0,92.0,0.0,0.0,0.0,0.0,0.0,0.0,0.0,7,0,0.5587219343696027,289.46156912446946,373.0,0.0,0.0,0.0,0.0,2
0.0,0.0,0.0,0.0,0.0,0.0,0.0,0.0,4.0,1.0,-1.000088900581841e-12,0.0,0.0,91.16666666666669,8.0,0.0,0.0,0.0,0.0,0.0,0.0,8,1,0.5587219343696027,283.60712261859715,220.5,0.0,0.0,0.0,0.0,2
0.0,0.0,0.0,0.0,0.0,0.0,0.0,0.0,0.0,0.0,0.0,0.0,0.0,91.0,0.0,0.0,0.0,0.0,0.0,0.0,0.0,8,1,0.5587219343696027,144.0,72.0,0.0,0.0,0.0,0.0,2
0.0,0.0,0.0,0.0,0.0,0.0,0.0,0.0,4.0,1.0,-1.000088900581841e-12,0.0,0.0,90.43333333333334,0.0,0.0,0.0,0.0,0.0,0.0,0.0,9,1,0.5587219343696027,0.0,0.0,0.0,0.0,0.0,0.0,2
60.0,5.0,1.566665754716031,0.0,0.0,0.0,0.0,0.0,86.0,9.0,1.7134689536865395,0.0,0.0,90.0,0.0,0.0,0.0,0.0,12.0,798.0,6.0,9,1,0.5587219343696027,30.0,15.0,0.0,0.0,0.0,0.0,2
656.0,5.0,0.9110660008186954,0.0,0.0,0.0,0.0,0.0,92.0,6.0,1.3359334061978525,0.0,0.0,86.1,0.0,0.0,0.0,0.0,16.0,4252.0,4.0,10,1,0.5587219343696027,319.25538366643093,179.0,0.0,0.0,0.0,0.0,2
594.0,1.0,-1.000088900581841e-12,0.0,0.0,0.0,0.0,0.0,0.0,0.0,0.0,0.0,0.0,85.0,0.0,0.0,0.0,0.0,0.0,0.0,0.0,10,1,0.5587219343696027,345.3244850861288,327.5,0.0,0.0,0.0,0.0,2
352.0,1.0,-1.000088900581841e-12,0.0,0.0,0.0,0.0,0.0,0.0,0.0,0.0,0.0,0.0,85.0,14.0,0.0,0.0,0.0,0.0,0.0,0.0,11,1,0.5587219343696027,270.8720485149154,415.5,0.0,0.0,0.0,0.0,2
0.0,0.0,0.0,0.0,0.0,0.0,0.0,0.0,8.0,1.0,-1.000088900581841e-12,0.0,0.0,85.0,0.0,0.0,0.0,0.0,0.0,0.0,0.0,11,1,0.5587219343696027,297.4754891863642,400.5,0.0,0.0,0.0,0.0,2
0.0,0.0,0.0,0.0,0.0,0.0,0.0,0.0,0.0,0.0,0.0,0.0,0.0,85.0,10.0,0.0,0.0,0.0,0.0,0.0,0.0,12,1,0.5587219343696027,290.4083332137699,236.5,0.0,0.0,0.0,0.0,2
0.0,0.0,0.0,0.0,0.0,0.0,0.0,0.0,0.0,0.0,0.0,0.0,0.0,84.66666666666667,0.0,0.0,0.0,0.0,0.0,0.0,0.0,12,1,0.5587219343696027,176.0,88.0,0.0,0.0,0.0,0.0,2
406.0,9.0,1.637839316721872,0.0,0.0,0.0,0.0,0.0,178.0,15.0,2.2329456152782465,0.0,0.0,82.44444444444444,0.0,0.0,0.0,0.0,66.0,4768.0,12.0,13,1,0.5587219343696027,203.0,101.5,0.0,0.0,0.0,0.0,2
686.0,8.0,1.6339153076258022,0.0,0.0,0.0,0.0,0.0,654.0,7.0,0.5553168316079762,0.0,0.0,76.96666666666667,0.0,0.0,0.0,0.0,48.0,5858.0,10.0,13,1,0.5587219343696027,335.3187538248743,273.0,0.0,0.0,0.0,0.0,2
672.0,6.0,1.223098449524492,0.0,0.0,0.0,0.0,0.0,310.0,7.0,1.4681289351339606,0.0,0.0,72.86206896551724,0.0,8.0,0.0,0.0,72.0,2780.0,24.0,14,1,0.5587219343696027,320.98390406166266,441.0,0.0,0.0,0.0,0.0,2
622.0,3.0,0.0931717789783153,0.0,0.0,0.0,0.0,0.0,48.0,5.0,1.5195281677909425,0.0,0.0,70.16666666666667,0.0,0.0,0.0,0.0,48.0,154.0,4.0,14,1,0.5587219343696027,129.937164301314,596.5,0.0,0.0,0.0,0.0,1
598.0,1.0,-1.000088900581841e-12,0.0,0.0,0.0,0.0,0.0,0.0,0.0,0.0,0.0,0.0,70.0,0.0,0.0,0.0,0.0,0.0,0.0,0.0,15,1,0.5587219343696027,41.42060678776527,644.5,0.0,0.0,0.0,0.0,1
546.0,2.0,0.5879022692022225,0.0,0.0,0.0,0.0,0.0,16.0,1.0,-1.000088900581841e-12,0.0,0.0,68.96551724137932,0.0,0.0,0.0,0.0,70.0,62.0,12.0,15,1,0.5587219343696027,52.36729259120937,609.5,0.0,0.0,0.0,0.0,1
640.0,6.0,0.6411870322280097,0.0,0.0,0.0,0.0,0.0,522.0,8.0,1.1023375159481126,0.0,0.0,65.48275862068965,0.0,0.0,0.0,0.0,48.0,1546.0,6.0,16,1,0.5587219343696027,40.80441152620631,601.5,0.0,0.0,0.0,0.0,1
630.0,3.0,0.1832650257071754,0.0,0.0,0.0,0.0,0.0,124.0,5.0,1.2461206631937918,0.0,0.0,63.56666666666667,0.0,0.0,0.0,0.0,140.0,378.0,32.0,16,1,0.5587219343696027,42.31233074806128,603.5,0.0,0.0,0.0,0.0,1
658.0,9.0,1.7692621284441383,0.0,0.0,0.0,0.0,0.0,644.0,9.0,1.3466950101862802,0.0,0.0,59.407407407407405,0.0,0.0,0.0,0.0,118.0,15086.0,16.0,17,1,0.5587219343696027,49.70244796117523,618.5,0.0,0.0,0.0,0.0,1
678.0,11.0,1.5521126413095596,0.0,0.0,0.0,0.0,0.0,134.0,3.0,0.8635038104196915,0.0,0.0,52.85714285714285,0.0,0.0,0.0,0.0,102.0,18310.0,12.0,17,1,0.5587219343696027,21.126602503321088,651.5,0.0,0.0,0.0,0.0,2
684.0,8.0,1.1538293062234457,0.0,0.0,0.0,0.0,0.0,46.0,5.0,1.5223964486176171,0.0,0.0,47.3448275862069,0.0,0.0,0.0,0.0,0.0,16516.0,0.0,18,1,0.5587219343696027,24.351591323771824,662.5,0.0,0.0,0.0,0.0,2
664.0,9.0,1.836485099847356,0.0,0.0,0.0,0.0,0.0,400.0,7.0,0.9046445705193766,0.0,0.0,40.72413793103448,0.0,0.0,0.0,0.0,38.0,19082.0,6.0,18,1,0.5587219343696027,12.055427546683369,671.0,0.0,0.0,0.0,0.0,2
712.0,7.0,1.3240373569130457,0.0,0.0,0.0,0.0,0.0,164.0,6.0,1.5924001722097048,0.0,0.0,33.03333333333333,0.0,0.0,0.0,0.0,0.0,13902.0,0.0,19,1,0.5587219343696027,20.157711510321096,684.5,0.0,0.0,0.0,0.0,2
662.0,5.0,0.8800725359682908,0.0,0.0,0.0,0.0,0.0,288.0,5.0,0.4394587878690704,0.0,0.0,27.24137931034483,0.0,0.0,0.0,0.0,112.0,4618.0,20.0,19,1,0.5587219343696027,23.2307267787012,680.5,0.0,0.0,0.0,0.0,2
704.0,8.0,1.487029036974023,0.0,0.0,0.0,0.0,0.0,972.0,12.0,0.9069958167127068,0.0,0.0,23.133333333333333,0.0,0.0,10.0,10.0,42.0,11718.0,12.0,20,1,0.5587219343696027,26.197964297504708,685.5,0.0,0.0,0.0,0.0,2
482.0,3.0,0.6713117959295647,0.0,0.0,0.0,0.0,0.0,674.0,4.0,0.7801800556919729,0.0,0.0,17.65,0.0,0.0,0.0,0.0,0.0,20630.0,0.0,20,1,0.5587219343696027,107.59182125050212,640.0,0.0,0.0,0.0,0.0,2
690.0,6.0,1.390587603224236,0.0,0.0,0.0,0.0,0.0,234.0,5.0,0.421595391942438,0.0,0.0,10.142857142857142,0.0,0.0,0.0,0.0,0.0,14092.0,0.0,21,0,0.5587219343696027,103.15522284402276,634.5,0.0,0.0,0.0,0.0,3
682.0,5.0,1.3300958390385718,0.0,0.0,0.0,0.0,0.0,292.0,7.0,1.1044966824002789,0.0,36.0,10.233333333333333,0.0,0.0,0.0,0.0,240.0,16658.0,20.0,21,0,0.5587219343696027,105.39291563794345,639.5,0.0,0.0,0.0,0.0,3
676.0,6.0,1.1572105424005517,0.0,0.0,0.0,0.0,0.0,326.0,8.0,1.318523377193176,0.0,0.0,32.1,0.0,0.0,0.0,0.0,214.0,1998.0,28.0,22,0,0.5587219343696027,100.49709780220851,632.5,0.0,0.0,0.0,0.0,3
380.0,4.0,0.9582194885535352,0.0,0.0,0.0,0.0,0.0,118.0,7.0,1.5298314859114464,0.0,0.0,32.25,0.0,0.0,0.0,0.0,6.0,1762.0,2.0,22,0,0.5587219343696027,151.4419580785545,607.0,0.0,0.0,0.0,0.0,2
702.0,6.0,0.936142793764818,0.0,0.0,0.0,0.0,0.0,150.0,6.0,1.1564356003517031,0.0,0.0,29.566666666666663,0.0,0.0,0.0,0.0,2.0,3810.0,2.0,23,0,0.5587219343696027,153.73570394240457,610.0,0.0,0.0,0.0,0.0,2
696.0,5.0,0.3759665377024757,0.0,0.0,0.0,0.0,0.0,208.0,4.0,0.8849440135032167,0.0,0.0,24.620689655172413,0.0,0.0,0.0,0.0,0.0,6486.0,0.0,23,0,0.5587219343696027,156.06302145821306,613.5,0.0,0.0,0.0,0.0,2
606.0,6.0,0.5858980648765422,0.0,0.0,0.0,0.0,0.0,484.0,6.0,0.7407851753403554,0.0,0.0,18.48148148148148,0.0,0.0,0.0,0.0,0.0,10056.0,0.0,0,0,0.5587219343696027,150.5456741324705,596.0,0.0,0.0,0.0,0.0,2
0.0,0.0,0.0,0.0,0.0,0.0,0.0,0.0,0.0,0.0,0.0,0.0,6.0,0.0,0.0,0.0,0.0,0.0,6.0,6204.0,4.0,0,0,0.5587219343696027,336.873863634447,501.0,0.0,0.0,0.0,0.0,2
572.0,4.0,0.5059275037894368,0.0,0.0,0.0,6.0,0.0,72.0,6.0,0.943073911495638,0.0,0.0,30.8,0.0,0.0,0.0,0.0,0.0,3418.0,0.0,1,0,0.5587219343696027,316.6843854691924,468.5,0.0,0.0,3.000000000000006,1.5,2
714.0,10.0,1.8272877846672253,0.0,0.0,0.0,4.0,0.0,144.0,7.0,0.9121628288408142,0.0,0.0,53.8,0.0,0.0,0.0,0.0,0.0,4600.0,0.0,1,0,0.5587219343696027,321.09188716004644,473.0,0.0,0.0,3.000000000000006,2.5,3
700.0,5.0,1.226047743341758,0.0,0.0,0.0,0.0,0.0,82.0,4.0,0.4994435177573873,0.0,0.0,78.03448275862068,0.0,0.0,0.0,0.0,10.0,1552.0,6.0,2,0,0.5587219343696027,337.1107632020471,496.5,0.0,0.0,3.000000000000006,2.5,4
702.0,6.0,1.1491504877286849,0.0,0.0,0.0,0.0,0.0,334.0,5.0,0.3445591946574092,0.0,0.0,93.96666666666668,0.0,0.0,0.0,0.0,0.0,3686.0,0.0,2,0,0.5587219343696027,66.95271963607354,672.0,0.0,0.0,3.000000000000006,2.5,4
708.0,3.0,0.2596445319490118,0.0,0.0,0.0,0.0,0.0,16.0,4.0,1.3862943611158909,0.0,0.0,99.56666666666666,0.0,0.0,0.0,0.0,0.0,6148.0,0.0,3,0,0.5587219343696027,6.3245553203366445,706.0,0.0,0.0,2.0000000000000093,1.0,4
714.0,8.0,1.778156887950059,0.0,0.0,0.0,0.0,0.0,106.0,6.0,1.0174094172559909,0.0,0.0,100.0,0.0,0.0,0.0,0.0,14.0,7392.0,2.0,3,0,0.5587219343696027,6.3245553203366445,706.0,0.0,0.0,0.0,0.0,4
644.0,7.0,1.1672419696584506,0.0,0.0,0.0,0.0,0.0,28.0,4.0,1.1973401339927785,0.0,0.0,100.0,0.0,0.0,0.0,0.0,48.0,2278.0,0.0,4,0,0.5587219343696027,32.372828112477265,692.0,0.0,0.0,0.0,0.0,2
606.0,1.0,-1.000088900581841e-12,0.0,0.0,0.0,0.0,0.0,0.0,0.0,0.0,0.0,0.0,100.0,0.0,0.0,0.0,0.0,0.0,0.0,0.0,4,0,0.5587219343696027,52.076866265166124,668.0,0.0,0.0,0.0,0.0,2
228.0,1.0,-1.000088900581841e-12,0.0,0.0,0.0,0.0,0.0,0.0,0.0,0.0,0.0,0.0,100.0,6.0,0.0,0.0,0.0,0.0,0.0,0.0,5,0,0.5587219343696027,217.97247532658795,548.0,0.0,0.0,0.0,0.0,2
0.0,0.0,0.0,0.0,0.0,0.0,0.0,0.0,0.0,0.0,0.0,0.0,0.0,100.0,0.0,0.0,0.0,0.0,0.0,0.0,0.0,5,0,0.5587219343696027,309.7498991121708,369.5,0.0,0.0,0.0,0.0,2
0.0,0.0,0.0,0.0,0.0,0.0,0.0,0.0,4.0,1.0,-1.000088900581841e-12,0.0,0.0,100.0,14.0,0.0,0.0,0.0,0.0,0.0,0.0,6,0,0.5587219343696027,285.9667812876174,208.5,0.0,0.0,0.0,0.0,2
0.0,0.0,0.0,0.0,0.0,0.0,0.0,0.0,4.0,1.0,-1.000088900581841e-12,0.0,0.0,100.0,0.0,0.0,0.0,0.0,0.0,0.0,0.0,6,0,0.5587219343696027,114.0,57.0,0.0,0.0,0.0,0.0,2
0.0,0.0,0.0,0.0,0.0,0.0,0.0,0.0,0.0,0.0,0.0,0.0,0.0,99.43333333333334,0.0,0.0,0.0,0.0,0.0,0.0,0.0,7,0,0.5587219343696027,0.0,0.0,0.0,0.0,0.0,0.0,2
0.0,0.0,0.0,0.0,0.0,0.0,0.0,0.0,8.0,1.0,-1.000088900581841e-12,0.0,0.0,98.76666666666668,0.0,0.0,0.0,0.0,0.0,0.0,0.0,7,0,0.5587219343696027,0.0,0.0,0.0,0.0,0.0,0.0,2
64.0,5.0,1.4517863347994746,0.0,0.0,0.0,0.0,0.0,72.0,7.0,1.6220221083730175,0.0,0.0,97.96551724137932,0.0,0.0,0.0,0.0,24.0,994.0,12.0,8,1,0.5587219343696027,32.0,16.0,0.0,0.0,0.0,0.0,2
632.0,3.0,0.0427377908776097,0.0,0.0,0.0,0.0,0.0,2.0,1.0,-1.000088900581841e-12,0.0,0.0,97.0,0.0,0.0,0.0,0.0,0.0,222.0,0.0,8,1,0.5587219343696027,306.8202513959381,174.0,0.0,0.0,0.0,0.0,2
596.0,1.0,-1.000088900581841e-12,0.0,0.0,0.0,0.0,0.0,0.0,0.0,0.0,0.0,0.0,96.43333333333334,0.0,0.0,0.0,0.0,0.0,0.0,0.0,9,1,0.5587219343696027,337.3524368767279,323.0,0.0,0.0,0.0,0.0,2
12.0,1.0,-1.000088900581841e-12,0.0,0.0,0.0,0.0,0.0,0.0,0.0,0.0,0.0,0.0,96.0,24.0,0.0,0.0,0.0,0.0,0.0,0.0,9,1,0.5587219343696027,333.55459323275204,326.0,0.0,0.0,0.0,0.0,2
0.0,0.0,0.0,0.0,0.0,0.0,0.0,0.0,0.0,0.0,0.0,0.0,0.0,96.0,0.0,0.0,0.0,0.0,0.0,0.0,0.0,10,1,0.5587219343696027,351.3706495046696,310.0,0.0,0.0,0.0,0.0,2
0.0,0.0,0.0,0.0,0.0,0.0,0.0,0.0,0.0,0.0,0.0,0.0,0.0,95.46666666666668,18.0,0.0,0.0,0.0,0.0,0.0,0.0,10,1,0.5587219343696027,296.0540491194133,152.0,0.0,0.0,0.0,0.0,2
134.0,2.0,0.0775700376912932,0.0,0.0,0.0,0.0,0.0,12.0,2.0,0.6365141682928128,0.0,0.0,95.0,0.0,0.0,0.0,0.0,32.0,88.0,6.0,11,1,0.5587219343696027,65.24568951279464,36.5,0.0,0.0,0.0,0.0,2
624.0,1.0,-1.000088900581841e-12,0.0,0.0,0.0,0.0,0.0,0.0,0.0,0.0,0.0,0.0,94.0,0.0,0.0,0.0,0.0,0.0,0.0,0.0,11,1,0.5587219343696027,296.47428218987227,189.5,0.0,0.0,0.0,0.0,2
498.0,1.0,-1.000088900581841e-12,0.0,0.0,0.0,0.0,0.0,0.0,0.0,0.0,0.0,0.0,93.26666666666668,0.0,0.0,0.0,0.0,0.0,0.0,0.0,12,1,0.5587219343696027,294.9305002877797,314.0,0.0,0.0,0.0,0.0,2
0.0,0.0,0.0,0.0,0.0,0.0,0.0,0.0,8.0,1.0,-1.000088900581841e-12,0.0,0.0,92.63333333333334,0.0,0.0,0.0,0.0,0.0,0.0,0.0,12,1,0.5587219343696027,294.9305002877797,314.0,0.0,0.0,0.0,0.0,2
384.0,4.0,0.6163642446351977,0.0,0.0,0.0,0.0,0.0,570.0,12.0,0.9200967460836824,0.0,0.0,90.89285714285714,0.0,0.0,0.0,0.0,34.0,1700.0,10.0,13,1,0.5587219343696027,269.4605722550147,376.5,0.0,0.0,0.0,0.0,2
696.0,3.0,1.015904012452837,0.0,0.0,0.0,0.0,0.0,38.0,4.0,1.0280940565590373,0.0,0.0,87.9,0.0,0.0,0.0,0.0,42.0,10570.0,16.0,13,1,0.5587219343696027,292.89076462053225,394.5,0.0,0.0,0.0,0.0,2
694.0,7.0,1.4564034749880936,0.0,0.0,0.0,0.0,0.0,160.0,5.0,0.870979542035757,0.0,0.0,83.0,0.0,0.0,0.0,0.0,40.0,19688.0,18.0,14,1,0.5587219343696027,330.0196963818978,443.5,0.0,0.0,0.0,0.0,3
696.0,7.0,1.3641036361953127,0.0,0.0,0.0,0.0,0.0,498.0,7.0,0.8455762138011448,0.0,0.0,78.82758620689656,0.0,0.0,0.0,0.0,0.0,30756.0,0.0,14,1,0.5587219343696027,155.66952174398168,617.5,0.0,0.0,0.0,0.0,3
684.0,7.0,1.3607411274856267,0.0,0.0,0.0,0.0,0.0,772.0,6.0,0.2787812971280888,0.0,0.0,74.2,0.0,0.0,0.0,0.0,0.0,8728.0,0.0,15,1,0.5587219343696027,5.74456264653649,692.5,0.0,0.0,0.0,0.0,3
658.0,8.0,1.408087827910012,0.0,0.0,0.0,0.0,0.0,282.0,7.0,1.072694072746107,0.0,0.0,71.66666666666667,0.0,0.0,0.0,0.0,120.0,19246.0,30.0,15,1,0.5587219343696027,17.473789896107714,683.0,0.0,0.0,0.0,0.0,3
694.0,7.0,1.162970752564905,0.0,0.0,0.0,0.0,0.0,42.0,5.0,1.3679648549318266,0.0,0.0,66.03333333333333,0.0,0.0,0.0,0.0,42.0,5444.0,10.0,16,1,0.5587219343696027,17.473789896107714,683.0,0.0,0.0,0.0,0.0,2
702.0,9.0,1.1008360660006826,0.0,0.0,0.0,0.0,0.0,188.0,3.0,0.8775503018800008,0.0,0.0,60.93333333333333,0.0,0.0,0.0,0.0,0.0,25696.0,0.0,16,1,0.5587219343696027,19.13983629327367,684.5,0.0,0.0,0.0,0.0,2
700.0,7.0,1.6385823942168662,0.0,0.0,0.0,0.0,0.0,202.0,6.0,1.1046439670510262,0.0,0.0,54.5,0.0,0.0,0.0,0.0,42.0,25686.0,4.0,17,1,0.5587219343696027,20.615528128087888,688.5,0.0,0.0,0.0,0.0,3
680.0,10.0,1.7226453459655986,0.0,0.0,0.0,0.0,0.0,386.0,7.0,1.098644573845413,0.0,0.0,48.06896551724138,0.0,0.0,0.0,0.0,44.0,19472.0,14.0,17,1,0.5587219343696027,9.933109617166709,694.0,0.0,0.0,0.0,0.0,3
718.0,8.0,0.7490890394900949,0.0,0.0,0.0,0.0,0.0,166.0,5.0,0.9287698684936752,0.0,0.0,39.53333333333333,0.0,0.0,0.0,0.0,0.0,2568.0,0.0,18,1,0.5587219343696027,15.577761927396688,700.0,0.0,0.0,0.0,0.0,3
704.0,1.0,-1.000088900581841e-12,0.0,0.0,0.0,0.0,0.0,286.0,4.0,0.1567035738483126,0.0,0.0,31.166666666666668,0.0,0.0,0.0,0.0,0.0,358.0,0.0,18,1,0.5587219343696027,15.695009822657532,700.5,0.0,0.0,0.0,0.0,1
704.0,6.0,1.1756121025639177,0.0,0.0,0.0,0.0,0.0,160.0,8.0,1.0720100563485846,0.0,0.0,23.666666666666668,0.0,0.0,0.0,0.0,46.0,3060.0,10.0,19,1,0.5587219343696027,15.779733838058966,701.5,0.0,0.0,0.0,0.0,2
718.0,3.0,0.5567592361996336,0.0,0.0,0.0,0.0,0.0,114.0,7.0,0.8224859311983856,0.0,0.0,19.8,0.0,0.0,0.0,0.0,46.0,3996.0,6.0,19,1,0.5587219343696027,8.082903768653741,711.0,0.0,0.0,0.0,0.0,2
700.0,5.0,1.029256898979436,0.0,0.0,0.0,0.0,0.0,52.0,3.0,0.8981370031848679,0.0,0.0,16.833333333333332,0.0,0.0,0.0,0.0,44.0,8866.0,6.0,20,1,0.5587219343696027,7.895146188216953,706.5,0.0,0.0,0.0,0.0,2
714.0,7.0,1.3197317409262026,0.0,0.0,0.0,0.0,0.0,156.0,4.0,0.5149672274385407,0.0,0.0,11.0,0.0,0.0,0.0,0.0,0.0,42814.0,0.0,20,1,0.5587219343696027,8.406346808611332,709.0,0.0,0.0,0.0,0.0,2
642.0,6.0,1.312165199916005,0.0,0.0,0.0,0.0,0.0,328.0,8.0,0.9208803660910478,0.0,0.0,6.178571428571429,0.0,0.0,0.0,0.0,44.0,26820.0,4.0,21,0,0.5587219343696027,35.18996068956764,693.5,0.0,0.0,0.0,0.0,2
634.0,6.0,1.5823580232270251,0.0,0.0,0.0,0.0,0.0,404.0,9.0,1.4337328044643398,0.0,46.0,8.689655172413794,0.0,0.0,0.0,0.0,46.0,28292.0,12.0,21,0,0.5587219343696027,40.377386410382194,672.5,0.0,0.0,0.0,0.0,1
712.0,5.0,1.0491978305534229,0.0,0.0,0.0,0.0,0.0,456.0,7.0,0.985316848946675,0.0,0.0,32.6,0.0,0.0,0.0,0.0,96.0,25986.0,24.0,22,0,0.5587219343696027,43.43193909248488,675.5,0.0,0.0,0.0,0.0,1
712.0,5.0,1.3191892012364124,0.0,0.0,0.0,0.0,0.0,578.0,10.0,1.4257079627001976,0.0,0.0,58.7,0.0,0.0,0.0,0.0,140.0,25688.0,26.0,22,0,0.5587219343696027,42.84857057125691,675.0,0.0,0.0,0.0,0.0,1
676.0,10.0,1.3513998482430096,0.0,0.0,0.0,0.0,0.0,916.0,8.0,0.4944477368249932,0.0,0.0,80.46666666666667,0.0,0.0,0.0,0.0,0.0,46122.0,0.0,23,0,0.5587219343696027,37.10795063055872,683.5,0.0,0.0,0.0,0.0,1
660.0,6.0,0.7938426947047506,0.0,0.0,0.0,0.0,0.0,666.0,8.0,0.758149328680238,0.0,0.0,94.9,0.0,0.0,0.0,0.0,48.0,46098.0,12.0,23,0,0.5587219343696027,26.229754097207685,690.0,0.0,0.0,0.0,0.0,1
712.0,5.0,0.6966964153249344,0.0,0.0,0.0,0.0,0.0,422.0,9.0,0.7468831375608406,0.0,0.0,99.72413793103448,0.0,0.0,0.0,0.0,0.0,28330.0,0.0,0,0,0.5587219343696027,26.229754097207685,690.0,0.0,0.0,0.0,0.0,1
708.0,4.0,0.5308171239185571,0.0,0.0,0.0,0.0,0.0,82.0,7.0,1.864758403568162,0.0,0.0,97.83333333333331,0.0,0.0,0.0,0.0,144.0,12100.0,22.0,0,0,0.5587219343696027,25.1661147842355,689.0,0.0,0.0,0.0,0.0,1
700.0,10.0,1.7623449950914576,0.0,0.0,0.0,0.0,0.0,152.0,10.0,1.793090356685184,0.0,0.0,91.44827586206895,0.0,0.0,0.0,0.0,0.0,18504.0,0.0,1,0,0.5587219343696027,23.86070689089735,695.0,0.0,0.0,0.0,0.0,1
688.0,3.0,0.1077390284630896,0.0,0.0,0.0,0.0,0.0,20.0,4.0,1.366158847565202,0.0,0.0,86.4,0.0,0.0,0.0,0.0,52.0,7082.0,8.0,1,0,0.5587219343696027,10.58300524425757,702.0,0.0,0.0,0.0,0.0,2
714.0,7.0,1.2903312636081887,0.0,0.0,0.0,0.0,0.0,358.0,6.0,0.5144570678590321,0.0,0.0,81.96666666666667,0.0,0.0,0.0,0.0,104.0,15310.0,24.0,2,0,0.5587219343696027,11.2398102000575,702.5,0.0,0.0,0.0,0.0,2
716.0,5.0,1.2818648130688814,0.0,0.0,0.0,0.0,0.0,0.0,0.0,0.0,0.0,0.0,77.5,0.0,0.0,0.0,0.0,0.0,17164.0,0.0,2,0,0.5587219343696027,13.102162671355062,704.5,0.0,0.0,0.0,0.0,2
680.0,4.0,0.7228168144069982,0.0,0.0,0.0,0.0,0.0,100.0,5.0,0.8492687260565329,0.0,0.0,74.46666666666667,0.0,0.0,0.0,0.0,54.0,4990.0,8.0,3,0,0.5587219343696027,18.21171783952985,699.5,0.0,0.0,0.0,0.0,2
718.0,9.0,1.5943896476967978,0.0,0.0,0.0,6.0,0.0,36.0,1.0,-1.000088900581841e-12,0.0,0.0,71.36666666666666,0.0,0.0,0.0,0.0,0.0,14672.0,0.0,3,0,0.5587219343696027,18.07392228230081,707.0,0.0,0.0,3.000000000000006,1.5,2
626.0,6.0,1.0016408937124373,0.0,0.0,0.0,18.0,0.0,22.0,4.0,1.1685184057390878,0.0,0.0,67.25,0.0,0.0,0.0,0.0,0.0,6850.0,0.0,4,0,0.5587219343696027,43.03486958269983,685.0,0.0,0.0,8.485281374238573,6.0,2
592.0,1.0,-1.000088900581841e-12,0.0,0.0,0.0,0.0,0.0,0.0,0.0,0.0,0.0,0.0,67.0,0.0,0.0,0.0,0.0,0.0,0.0,0.0,4,0,0.5587219343696027,55.976185412488725,654.0,0.0,0.0,8.485281374238573,6.0,1
162.0,1.0,-1.000088900581841e-12,0.0,0.0,0.0,0.0,0.0,0.0,0.0,0.0,0.0,0.0,67.0,8.0,0.0,0.0,0.0,0.0,0.0,0.0,5,0,0.5587219343696027,247.45841401469187,524.5,0.0,0.0,8.485281374238573,6.0,1
0.0,0.0,0.0,0.0,0.0,0.0,0.0,0.0,0.0,0.0,0.0,0.0,0.0,67.0,0.0,0.0,0.0,0.0,0.0,0.0,0.0,5,0,0.5587219343696027,312.2413596349251,345.0,0.0,0.0,9.000000000000002,4.5,1
0.0,0.0,0.0,0.0,0.0,0.0,0.0,0.0,4.0,1.0,-1.000088900581841e-12,0.0,0.0,67.0,32.0,0.0,0.0,0.0,0.0,0.0,0.0,6,0,0.5587219343696027,279.63011282764234,188.5,0.0,0.0,0.0,0.0,2
0.0,0.0,0.0,0.0,0.0,0.0,0.0,0.0,4.0,1.0,-1.000088900581841e-12,0.0,0.0,67.0,0.0,0.0,0.0,0.0,0.0,0.0,0.0,6,0,0.5587219343696027,80.99999999999989,40.5,0.0,0.0,0.0,0.0,2
0.0,0.0,0.0,0.0,0.0,0.0,0.0,0.0,0.0,0.0,0.0,0.0,0.0,66.63333333333334,0.0,0.0,0.0,0.0,0.0,0.0,0.0,7,0,0.5587219343696027,0.0,0.0,0.0,0.0,0.0,0.0,2
0.0,0.0,0.0,0.0,0.0,0.0,0.0,0.0,8.0,1.0,-1.000088900581841e-12,0.0,0.0,66.0,0.0,0.0,0.0,0.0,0.0,0.0,0.0,7,0,0.5587219343696027,0.0,0.0,0.0,0.0,0.0,0.0,2
52.0,4.0,1.307336083294387,0.0,0.0,0.0,0.0,0.0,32.0,5.0,1.1601862439735162,0.0,0.0,65.28571428571429,0.0,0.0,0.0,0.0,60.0,2390.0,14.0,8,1,0.5587219343696027,25.999999999999627,13.0,0.0,0.0,0.0,0.0,2
630.0,6.0,0.1797293096747794,0.0,0.0,0.0,0.0,0.0,4.0,2.0,0.6931471805579453,0.0,0.0,63.16666666666666,0.0,0.0,0.0,0.0,0.0,600.0,0.0,8,1,0.5587219343696027,307.31254448850603,170.5,0.0,0.0,0.0,0.0,2
596.0,1.0,-1.000088900581841e-12,0.0,0.0,0.0,0.0,0.0,0.0,0.0,0.0,0.0,0.0,63.0,0.0,0.0,0.0,0.0,0.0,0.0,0.0,9,1,0.5587219343696027,339.8524189507361,319.5,0.0,0.0,0.0,0.0,2
30.0,1.0,-1.000088900581841e-12,0.0,0.0,0.0,0.0,0.0,0.0,0.0,0.0,0.0,0.0,62.53333333333333,18.0,0.0,0.0,0.0,0.0,0.0,0.0,9,1,0.5587219343696027,330.6579299921093,327.0,0.0,0.0,0.0,0.0,2
0.0,0.0,0.0,0.0,0.0,0.0,0.0,0.0,0.0,0.0,0.0,0.0,0.0,62.0,0.0,0.0,0.0,0.0,0.0,0.0,0.0,10,1,0.5587219343696027,345.75135574571505,314.0,0.0,0.0,0.0,0.0,2
0.0,0.0,0.0,0.0,0.0,0.0,0.0,0.0,8.0,1.0,-1.000088900581841e-12,0.0,0.0,61.36666666666667,22.0,0.0,0.0,0.0,0.0,0.0,0.0,10,1,0.5587219343696027,293.3410983820712,156.5,0.0,0.0,0.0,0.0,2
0.0,0.0,0.0,0.0,0.0,0.0,0.0,0.0,0.0,0.0,0.0,0.0,0.0,60.7,0.0,0.0,0.0,0.0,0.0,0.0,0.0,11,1,0.5587219343696027,14.999999999999677,7.5,0.0,0.0,0.0,0.0,2
0.0,0.0,0.0,0.0,0.0,0.0,0.0,0.0,0.0,0.0,0.0,0.0,0.0,60.0,0.0,0.0,0.0,0.0,0.0,0.0,0.0,11,1,0.5587219343696027,0.0,0.0,0.0,0.0,0.0,0.0,2
0.0,0.0,0.0,0.0,0.0,0.0,0.0,0.0,8.0,1.0,-1.000088900581841e-12,0.0,0.0,59.03333333333333,0.0,0.0,0.0,0.0,0.0,0.0,0.0,12,1,0.5587219343696027,0.0,0.0,0.0,0.0,0.0,0.0,2
200.0,6.0,1.6028897586674025,0.0,0.0,0.0,0.0,0.0,1054.0,13.0,1.1830909717636435,0.0,0.0,58.10344827586207,0.0,0.0,0.0,0.0,68.0,4492.0,10.0,12,1,0.5587219343696027,99.99999999999996,50.0,0.0,0.0,0.0,0.0,2
674.0,6.0,1.2105936938617303,0.0,0.0,0.0,0.0,0.0,166.0,7.0,1.6069167477772497,0.0,0.0,53.0,0.0,0.0,0.0,0.0,138.0,7978.0,28.0,13,1,0.5587219343696027,317.96593108906075,218.5,0.0,0.0,0.0,0.0,2
704.0,7.0,1.0348191920138554,0.0,0.0,0.0,0.0,0.0,94.0,5.0,0.8838530587284749,0.0,0.0,48.36666666666667,0.0,0.0,0.0,0.0,0.0,7448.0,0.0,13,1,0.5587219343696027,349.93856603695457,394.5,0.0,0.0,0.0,0.0,2
702.0,13.0,2.194381376731509,0.0,0.0,0.0,0.0,0.0,150.0,9.0,1.5408541792718458,0.0,0.0,41.17857142857143,0.0,0.0,0.0,0.0,0.0,21544.0,0.0,14,1,0.5587219343696027,247.04655431719743,570.0,0.0,0.0,0.0,0.0,2
692.0,10.0,1.8124053161044136,0.0,0.0,0.0,0.0,0.0,380.0,7.0,0.7403499309646726,0.0,0.0,33.827586206896555,0.0,0.0,0.0,0.0,0.0,15540.0,0.0,14,1,0.5587219343696027,13.71130920080197,693.0,0.0,0.0,0.0,0.0,2
672.0,6.0,1.0849044586049366,0.0,0.0,0.0,0.0,0.0,642.0,6.0,0.1936396795257675,0.0,0.0,27.17241379310345,0.0,0.0,0.0,0.0,0.0,14052.0,0.0,15,1,0.5587219343696027,14.640127503998391,692.5,0.0,0.0,0.0,0.0,2
706.0,8.0,1.7680099463777768,0.0,0.0,0.0,0.0,0.0,284.0,3.0,0.1478439782043591,0.0,0.0,21.066666666666663,0.0,0.0,0.0,0.0,0.0,19656.0,0.0,15,1,0.5587219343696027,15.187714333192584,693.0,0.0,0.0,0.0,0.0,2
186.0,6.0,1.317399113911143,0.0,0.0,0.0,0.0,0.0,56.0,8.0,2.0196919529152235,0.0,0.0,16.5,0.0,0.0,0.0,0.0,0.0,4540.0,0.0,16,1,0.5587219343696027,252.38594783915104,564.0,0.0,0.0,0.0,0.0,2
546.0,4.0,0.927159691616423,0.0,0.0,0.0,0.0,0.0,76.0,5.0,1.0368986560641975,0.0,4.0,8.909090909090908,0.0,0.0,0.0,0.0,4.0,1596.0,4.0,18,1,0.5587219343696027,237.842384784546,527.5,0.0,0.0,0.0,0.0,2
692.0,3.0,0.6440536226188953,0.0,0.0,0.0,0.0,0.0,220.0,7.0,0.6390303097398556,0.0,0.0,33.766666666666666,0.0,0.0,0.0,0.0,0.0,800.0,0.0,18,1,0.5587219343696027,242.06541815523067,532.5,0.0,0.0,0.0,0.0,2
492.0,2.0,0.0264361636398826,0.0,0.0,0.0,0.0,0.0,82.0,2.0,0.1146652822009065,0.0,0.0,59.04545454545455,0.0,0.0,0.0,0.0,0.0,0.0,0.0,19,1,0.5587219343696027,212.8191720686837,479.0,0.0,0.0,0.0,0.0,2
36.0,4.0,0.9736489231932636,0.0,0.0,0.0,0.0,0.0,4.0,2.0,0.6931471805579453,0.0,0.0,100.0,0.0,0.0,0.0,0.0,0.0,174.0,0.0,21,0,0.5587219343696027,283.2260581231889,441.5,0.0,0.0,0.0,0.0,2
718.0,3.0,0.3228194802680194,0.0,0.0,0.0,0.0,0.0,40.0,4.0,1.0888999753412234,0.0,0.0,99.4,0.0,0.0,0.0,0.0,4.0,2978.0,4.0,22,0,0.5587219343696027,315.58781134046774,484.5,0.0,0.0,0.0,0.0,2
698.0,1.0,-1.000088900581841e-12,0.0,0.0,0.0,0.0,0.0,12.0,2.0,0.6931471805579453,0.0,0.0,94.66666666666669,0.0,0.0,0.0,0.0,0.0,1442.0,0.0,22,0,0.5587219343696027,316.91428914876445,486.0,0.0,0.0,0.0,0.0,2
274.0,5.0,1.2110539660129456,0.0,0.0,0.0,0.0,0.0,22.0,4.0,1.3730039128732,0.0,0.0,90.0,0.0,0.0,0.0,0.0,4.0,1258.0,4.0,23,0,0.5587219343696027,333.831793972154,431.5,0.0,0.0,0.0,0.0,4
656.0,3.0,0.8746063655315391,0.0,0.0,0.0,0.0,0.0,20.0,3.0,1.0296530140615736,0.0,0.0,87.8,0.0,0.0,0.0,0.0,4.0,926.0,4.0,23,0,0.5587219343696027,209.92935319610103,586.5,0.0,0.0,0.0,0.0,4
692.0,6.0,0.925443427021002,0.0,0.0,0.0,0.0,0.0,8.0,3.0,1.039720770836918,0.0,0.0,84.03333333333333,0.0,0.0,0.0,0.0,0.0,2240.0,0.0,0,0,0.5587219343696027,204.84140206510983,580.0,0.0,0.0,0.0,0.0,5
674.0,9.0,1.2949529744168156,0.0,0.0,0.0,0.0,0.0,46.0,7.0,1.629431000154144,0.0,0.0,79.3103448275862,0.0,0.0,0.0,0.0,28.0,818.0,12.0,0,0,0.5587219343696027,200.539272961682,574.0,0.0,0.0,0.0,0.0,5
642.0,2.0,0.3820406757066249,0.0,0.0,0.0,0.0,0.0,176.0,3.0,0.1703862330797884,0.0,0.0,77.93103448275862,0.0,0.0,0.0,0.0,8.0,830.0,4.0,1,0,0.5587219343696027,21.72556098240043,666.0,0.0,0.0,0.0,0.0,3
646.0,2.0,0.2646308979198332,0.0,0.0,0.0,0.0,0.0,62.0,4.0,0.7608606308766698,0.0,0.0,76.13333333333334,0.0,0.0,0.0,0.0,0.0,224.0,0.0,1,0,0.5587219343696027,23.74166520416516,663.5,0.0,0.0,0.0,0.0,3
634.0,1.0,-1.000088900581841e-12,0.0,0.0,0.0,0.0,0.0,8.0,1.0,-1.000088900581841e-12,0.0,0.0,76.0,0.0,0.0,0.0,0.0,0.0,0.0,0.0,2,0,0.5587219343696027,17.397317800933187,649.0,0.0,0.0,0.0,0.0,3
42.0,1.0,-1.000088900581841e-12,0.0,0.0,0.0,0.0,0.0,0.0,0.0,0.0,0.0,0.0,76.0,4.0,0.0,0.0,0.0,0.0,0.0,0.0,2,0,0.5587219343696027,299.37490431452886,491.0,0.0,0.0,0.0,0.0,3
394.0,4.0,0.4653481113717458,0.0,0.0,0.0,0.0,0.0,24.0,4.0,1.2424533248900005,0.0,0.0,74.79310344827586,0.0,0.0,0.0,0.0,8.0,318.0,4.0,3,0,0.5587219343696027,282.90634492708006,429.0,0.0,0.0,0.0,0.0,3
620.0,2.0,0.0689522373420046,0.0,0.0,0.0,0.0,0.0,84.0,3.0,0.4451435707813083,0.0,0.0,73.24137931034483,0.0,0.0,0.0,0.0,8.0,124.0,4.0,3,0,0.5587219343696027,276.4844781658939,422.5,0.0,0.0,0.0,0.0,3
652.0,1.0,-1.000088900581841e-12,0.0,0.0,0.0,0.0,0.0,280.0,2.0,0.0424147318561174,0.0,0.0,72.73333333333333,0.0,0.0,0.0,0.0,0.0,0.0,0.0,4,0,0.5587219343696027,281.18084334937663,427.0,0.0,0.0,0.0,0.0,2
494.0,4.0,1.0256456626596142,0.0,0.0,0.0,0.0,0.0,28.0,3.0,0.8304717124332918,0.0,0.0,70.56666666666666,6.0,0.0,0.0,0.0,10.0,1638.0,6.0,4,0,0.5587219343696027,118.85004557564685,540.0,0.0,0.0,0.0,0.0,2
372.0,8.0,1.550585834473598,0.0,0.0,0.0,0.0,0.0,4.0,1.0,-1.000088900581841e-12,0.0,0.0,66.93333333333334,0.0,0.0,0.0,0.0,0.0,3528.0,0.0,5,0,0.5587219343696027,128.01432211540498,534.5,0.0,0.0,0.0,0.0,2
38.0,2.0,0.5146531654269293,0.0,0.0,0.0,0.0,0.0,54.0,8.0,1.922790769281028,0.0,0.0,64.0,0.0,0.0,0.0,0.0,0.0,328.0,0.0,9,1,0.5587219343696027,260.5660504875236,389.0,0.0,0.0,0.0,0.0,2
606.0,2.0,0.0702416969651421,0.0,0.0,0.0,0.0,0.0,2.0,1.0,-1.000088900581841e-12,0.0,0.0,63.310344827586206,0.0,0.0,0.0,0.0,12.0,170.0,0.0,9,1,0.5587219343696027,245.6793302932368,377.5,0.0,0.0,0.0,0.0,2
592.0,1.0,-1.000088900581841e-12,0.0,0.0,0.0,0.0,0.0,0.0,0.0,0.0,0.0,0.0,63.0,0.0,0.0,0.0,0.0,0.0,0.0,0.0,10,1,0.5587219343696027,265.2747003893637,402.0,0.0,0.0,0.0,0.0,2
18.0,1.0,-1.000088900581841e-12,0.0,0.0,0.0,0.0,0.0,0.0,0.0,0.0,0.0,0.0,62.06896551724138,8.0,0.0,0.0,0.0,0.0,0.0,0.0,10,1,0.5587219343696027,329.8176263735258,313.5,0.0,0.0,0.0,0.0,2
0.0,0.0,0.0,0.0,0.0,0.0,0.0,0.0,2.0,1.0,-1.000088900581841e-12,0.0,0.0,61.63333333333333,10.0,0.0,0.0,0.0,0.0,0.0,0.0,11,1,0.5587219343696027,340.76384784774336,304.0,0.0,0.0,0.0,0.0,2
0.0,0.0,0.0,0.0,0.0,0.0,0.0,0.0,8.0,1.0,-1.000088900581841e-12,0.0,0.0,60.833333333333336,0.0,0.0,0.0,0.0,0.0,0.0,0.0,11,1,0.5587219343696027,293.12284114343595,152.5,0.0,0.0,0.0,0.0,2
0.0,0.0,0.0,0.0,0.0,0.0,0.0,0.0,0.0,0.0,0.0,0.0,0.0,60.0,0.0,0.0,0.0,0.0,0.0,0.0,0.0,12,1,0.5587219343696027,9.0,4.5,0.0,0.0,0.0,0.0,2
0.0,0.0,0.0,0.0,0.0,0.0,0.0,0.0,0.0,0.0,0.0,0.0,0.0,59.5,0.0,0.0,0.0,0.0,0.0,0.0,0.0,12,1,0.5587219343696027,0.0,0.0,0.0,0.0,0.0,0.0,2
408.0,5.0,0.8605398548862663,0.0,0.0,0.0,0.0,0.0,286.0,9.0,1.19376862311314,0.0,0.0,58.03448275862069,0.0,0.0,0.0,0.0,26.0,1134.0,8.0,13,1,0.5587219343696027,204.0,102.0,0.0,0.0,0.0,0.0,2
706.0,7.0,1.4598699054219553,0.0,0.0,0.0,0.0,0.0,234.0,7.0,0.8649393076382357,0.0,0.0,53.86666666666667,0.0,0.0,0.0,0.0,0.0,10644.0,0.0,13,1,0.5587219343696027,343.8269913779312,278.5,0.0,0.0,0.0,0.0,2
708.0,3.0,0.7707666935378865,0.0,0.0,0.0,0.0,0.0,112.0,5.0,1.324598742151094,0.0,0.0,47.66666666666666,0.0,0.0,0.0,0.0,0.0,8090.0,0.0,14,1,0.5587219343696027,334.7850056379467,455.5,0.0,0.0,0.0,0.0,2
708.0,7.0,1.2984242248203426,0.0,0.0,0.0,0.0,0.0,126.0,6.0,1.0474240643465285,0.0,0.0,40.8,0.0,0.0,0.0,0.0,0.0,6268.0,0.0,14,1,0.5587219343696027,149.66963619919702,632.5,0.0,0.0,0.0,0.0,2
704.0,6.0,0.6428562448416557,0.0,0.0,0.0,0.0,0.0,242.0,8.0,1.3728882631957122,0.0,0.0,35.48275862068966,0.0,0.0,0.0,0.0,32.0,2248.0,4.0,15,1,0.5587219343696027,1.9148542155080404,706.5,0.0,0.0,0.0,0.0,2
706.0,5.0,1.0852685481417632,0.0,0.0,0.0,0.0,0.0,468.0,9.0,1.092192307307489,0.0,0.0,32.2,0.0,0.0,0.0,0.0,16.0,8642.0,4.0,15,1,0.5587219343696027,1.9148542155080404,706.5,0.0,0.0,0.0,0.0,2
696.0,6.0,1.6447006385717984,0.0,0.0,0.0,0.0,0.0,278.0,7.0,1.144584516099716,0.0,0.0,25.466666666666665,0.0,0.0,0.0,0.0,16.0,8830.0,4.0,16,1,0.5587219343696027,5.259911279351479,703.5,0.0,0.0,0.0,0.0,2
704.0,9.0,1.744495521640537,0.0,0.0,0.0,0.0,0.0,254.0,6.0,0.3333636316208458,0.0,0.0,19.1,0.0,0.0,0.0,0.0,16.0,8228.0,4.0,16,1,0.5587219343696027,4.4347115652146885,702.5,0.0,0.0,0.0,0.0,2
144.0,2.0,0.6916031758674978,0.0,0.0,0.0,0.0,0.0,4.0,1.0,-1.000088900581841e-12,0.0,0.0,16.0,0.0,0.0,0.0,0.0,0.0,4996.0,0.0,17,1,0.5587219343696027,279.0334508023485,562.5,0.0,0.0,0.0,0.0,2
0.0,0.0,0.0,0.0,0.0,0.0,0.0,0.0,0.0,0.0,0.0,0.0,0.0,0.0,0.0,0.0,0.0,0.0,14.0,3376.0,2.0,17,1,0.5587219343696027,367.3254687603352,386.0,0.0,0.0,0.0,0.0,2
14.0,1.0,-1.000088900581841e-12,0.0,0.0,0.0,0.0,0.0,0.0,0.0,0.0,0.0,10.0,0.0,0.0,0.0,0.0,0.0,28.0,246.0,2.0,18,1,0.5587219343696027,332.0577259052005,215.5,0.0,0.0,0.0,0.0,2
702.0,6.0,0.9202936693185956,0.0,0.0,0.0,0.0,0.0,144.0,9.0,1.6249871742214457,0.0,0.0,30.392857142857142,0.0,0.0,0.0,0.0,0.0,3946.0,0.0,18,1,0.5587219343696027,331.0770303116783,215.0,0.0,0.0,0.0,0.0,2
696.0,4.0,0.8314175760854678,0.0,0.0,0.0,0.0,0.0,10.0,2.0,0.5004024235361879,0.0,0.0,55.86666666666667,0.0,0.0,0.0,0.0,22.0,2010.0,10.0,19,1,0.5587219343696027,399.5747739785383,353.0,0.0,0.0,0.0,0.0,2
690.0,8.0,1.2436275303859043,0.0,0.0,0.0,0.0,0.0,30.0,5.0,1.436828668958032,0.0,0.0,78.83333333333333,0.0,0.0,0.0,0.0,0.0,5486.0,0.0,19,1,0.5587219343696027,341.03518880021744,525.5,0.0,0.0,0.0,0.0,2
682.0,6.0,1.4787640152007615,0.0,0.0,0.0,0.0,0.0,186.0,9.0,1.389798522608374,0.0,0.0,93.93103448275862,0.0,0.0,0.0,0.0,70.0,6974.0,14.0,20,1,0.5587219343696027,8.544003745314125,692.5,0.0,0.0,0.0,0.0,2
672.0,6.0,0.8414562102681176,0.0,0.0,0.0,0.0,0.0,404.0,6.0,0.4238900450369792,0.0,0.0,99.53333333333332,0.0,0.0,0.0,0.0,0.0,12156.0,0.0,20,1,0.5587219343696027,10.392304845410475,685.0,0.0,0.0,0.0,0.0,2
682.0,4.0,0.722975465681396,0.0,0.0,0.0,0.0,0.0,34.0,5.0,1.544381980911839,0.0,0.0,100.0,0.0,0.0,0.0,0.0,0.0,6224.0,0.0,21,0,0.5587219343696027,7.371114795828073,681.5,0.0,0.0,0.0,0.0,2
676.0,3.0,0.5984886798442953,0.0,0.0,0.0,0.0,0.0,76.0,5.0,1.0022388431147784,0.0,0.0,100.0,0.0,0.0,0.0,0.0,0.0,300.0,0.0,21,0,0.5587219343696027,4.898979485560444,678.0,0.0,0.0,0.0,0.0,2
688.0,7.0,1.4659680397256234,0.0,0.0,0.0,0.0,0.0,508.0,7.0,0.6969043963999688,0.0,0.0,100.0,0.0,0.0,0.0,0.0,72.0,5550.0,8.0,22,0,0.5587219343696027,6.999999999995866,679.5,0.0,0.0,0.0,0.0,2
622.0,7.0,1.745940685498809,0.0,0.0,0.0,0.0,0.0,392.0,8.0,1.0381438775147425,0.0,0.0,100.0,0.0,0.0,0.0,0.0,42.0,16150.0,10.0,22,0,0.5587219343696027,30.397368307140376,667.0,0.0,0.0,0.0,0.0,2
706.0,7.0,1.412257912663243,0.0,0.0,0.0,0.0,0.0,210.0,6.0,1.054314168139531,0.0,0.0,99.03333333333332,0.0,0.0,0.0,0.0,86.0,2648.0,22.0,23,0,0.5587219343696027,36.166282640049445,673.0,0.0,0.0,0.0,0.0,2
682.0,4.0,0.945485148872272,0.0,0.0,0.0,0.0,0.0,86.0,7.0,1.7546573157071568,0.0,0.0,95.79310344827586,0.0,0.0,0.0,0.0,120.0,2332.0,14.0,23,0,0.5587219343696027,36.455452267115575,674.5,0.0,0.0,0.0,0.0,2
718.0,4.0,1.2052485577033256,0.0,0.0,0.0,0.0,0.0,54.0,7.0,1.7242082739373688,0.0,0.0,91.03333333333332,0.0,0.0,0.0,0.0,0.0,6210.0,0.0,0,0,0.5587219343696027,42.70831300812456,682.0,0.0,0.0,0.0,0.0,2
706.0,7.0,1.501666516943927,0.0,0.0,0.0,0.0,0.0,96.0,4.0,0.7097131024203334,0.0,0.0,86.33333333333333,0.0,0.0,0.0,0.0,0.0,24608.0,0.0,0,0,0.5587219343696027,15.099668870539585,703.0,0.0,0.0,0.0,0.0,2
708.0,4.0,0.9790013547585392,0.0,0.0,0.0,0.0,0.0,72.0,1.0,-1.000088900581841e-12,0.0,0.0,81.83333333333333,0.0,0.0,0.0,0.0,0.0,6648.0,0.0,1,0,0.5587219343696027,15.264337522471852,703.5,0.0,0.0,0.0,0.0,2
718.0,1.0,-1.000088900581841e-12,0.0,0.0,0.0,0.0,0.0,34.0,3.0,0.923840705627872,0.0,0.0,78.26666666666667,0.0,0.0,0.0,0.0,0.0,2162.0,0.0,1,0,0.5587219343696027,6.403124237428353,712.5,0.0,0.0,0.0,0.0,2
708.0,7.0,1.461300877580047,0.0,0.0,0.0,0.0,0.0,272.0,7.0,1.376851297815434,0.0,0.0,74.63333333333334,0.0,0.0,0.0,0.0,64.0,9358.0,10.0,2,0,0.5587219343696027,5.416025603085315,710.0,0.0,0.0,0.0,0.0,2
666.0,5.0,1.3183754631383904,0.0,0.0,0.0,0.0,0.0,28.0,3.0,0.796311640170813,0.0,0.0,71.53333333333333,0.0,0.0,0.0,0.0,62.0,6102.0,10.0,2,0,0.5587219343696027,23.15167380557921,700.0,0.0,0.0,0.0,0.0,2
616.0,5.0,0.7247298360135621,0.0,0.0,0.0,0.0,0.0,12.0,3.0,1.0114042647043515,0.0,0.0,69.03571428571429,0.0,0.0,0.0,0.0,38.0,2828.0,0.0,3,0,0.5587219343696027,46.490142324295775,677.0,0.0,0.0,0.0,0.0,2
594.0,1.0,-1.000088900581841e-12,0.0,0.0,0.0,0.0,0.0,0.0,0.0,0.0,0.0,0.0,69.0,0.0,0.0,0.0,0.0,0.0,0.0,0.0,3,0,0.5587219343696027,51.14684741017715,646.0,0.0,0.0,0.0,0.0,2
114.0,1.0,-1.000088900581841e-12,0.0,0.0,0.0,0.0,0.0,0.0,0.0,0.0,0.0,0.0,69.0,10.0,0.0,0.0,0.0,0.0,0.0,0.0,4,0,0.5587219343696027,257.4354287972034,497.5,0.0,0.0,0.0,0.0,2
0.0,0.0,0.0,0.0,0.0,0.0,0.0,0.0,4.0,1.0,-1.000088900581841e-12,0.0,0.0,69.0,16.0,0.0,0.0,0.0,0.0,0.0,0.0,4,0,0.5587219343696027,319.9187396824386,331.0,0.0,0.0,0.0,0.0,2
0.0,0.0,0.0,0.0,0.0,0.0,0.0,0.0,0.0,0.0,0.0,0.0,0.0,69.0,0.0,0.0,0.0,0.0,0.0,0.0,0.0,5,0,0.5587219343696027,283.1466051359259,177.0,0.0,0.0,0.0,0.0,2
0.0,0.0,0.0,0.0,0.0,0.0,0.0,0.0,4.0,1.0,-1.000088900581841e-12,0.0,0.0,68.3,0.0,0.0,0.0,0.0,0.0,0.0,0.0,5,0,0.5587219343696027,56.99999999999949,28.5,0.0,0.0,0.0,0.0,2
0.0,0.0,0.0,0.0,0.0,0.0,0.0,0.0,4.0,1.0,-1.000088900581841e-12,0.0,0.0,68.0,0.0,0.0,0.0,0.0,0.0,0.0,0.0,6,0,0.5587219343696027,0.0,0.0,0.0,0.0,0.0,0.0,2
0.0,0.0,0.0,0.0,0.0,0.0,0.0,0.0,0.0,0.0,0.0,0.0,0.0,67.76666666666667,18.0,0.0,0.0,0.0,0.0,0.0,0.0,6,0,0.5587219343696027,0.0,0.0,0.0,0.0,0.0,0.0,2
0.0,0.0,0.0,0.0,0.0,0.0,0.0,0.0,4.0,1.0,-1.000088900581841e-12,0.0,0.0,67.0,0.0,0.0,0.0,0.0,0.0,0.0,0.0,7,0,0.5587219343696027,0.0,0.0,0.0,0.0,0.0,0.0,2
52.0,5.0,1.5384652060606794,0.0,0.0,0.0,0.0,0.0,164.0,6.0,0.9330141742700764,0.0,0.0,66.82142857142857,0.0,0.0,0.0,0.0,118.0,912.0,22.0,7,0,0.5587219343696027,25.99999999999888,13.0,0.0,0.0,0.0,0.0,2
616.0,4.0,0.2614846434036086,0.0,0.0,0.0,0.0,0.0,36.0,2.0,0.2145591551744051,0.0,0.0,64.03448275862068,0.0,0.0,0.0,0.0,0.0,938.0,0.0,8,1,0.5587219343696027,300.335368102615,167.0,0.0,0.0,0.0,0.0,2
598.0,1.0,-1.000088900581841e-12,0.0,0.0,0.0,0.0,0.0,0.0,0.0,0.0,0.0,0.0,63.56666666666667,0.0,0.0,0.0,0.0,0.0,0.0,0.0,8,1,0.5587219343696027,336.1919094802847,316.5,0.0,0.0,0.0,0.0,2
36.0,1.0,-1.000088900581841e-12,0.0,0.0,0.0,0.0,0.0,0.0,0.0,0.0,0.0,0.0,63.0,16.0,0.0,0.0,0.0,0.0,0.0,0.0,9,1,0.5587219343696027,325.1968634535087,325.5,0.0,0.0,0.0,0.0,2
0.0,0.0,0.0,0.0,0.0,0.0,0.0,0.0,0.0,0.0,0.0,0.0,0.0,62.51724137931034,0.0,0.0,0.0,0.0,0.0,0.0,0.0,9,1,0.5587219343696027,340.4560666713597,312.5,0.0,0.0,0.0,0.0,2
0.0,0.0,0.0,0.0,0.0,0.0,0.0,0.0,0.0,0.0,0.0,0.0,0.0,61.833333333333336,14.0,0.0,0.0,0.0,0.0,0.0,0.0,10,1,0.5587219343696027,293.4910560817824,158.5,0.0,0.0,0.0,0.0,2
0.0,0.0,0.0,0.0,0.0,0.0,0.0,0.0,8.0,1.0,-1.000088900581841e-12,0.0,0.0,61.0,0.0,0.0,0.0,0.0,0.0,0.0,0.0,10,1,0.5587219343696027,17.99999999999892,9.0,0.0,0.0,0.0,0.0,2
0.0,0.0,0.0,0.0,0.0,0.0,0.0,0.0,0.0,0.0,0.0,0.0,0.0,60.16666666666666,0.0,0.0,0.0,0.0,0.0,0.0,0.0,11,1,0.5587219343696027,0.0,0.0,0.0,0.0,0.0,0.0,2
0.0,0.0,0.0,0.0,0.0,0.0,0.0,0.0,0.0,0.0,0.0,0.0,0.0,59.73333333333333,0.0,0.0,0.0,0.0,0.0,0.0,0.0,11,1,0.5587219343696027,0.0,0.0,0.0,0.0,0.0,0.0,2
0.0,0.0,0.0,0.0,0.0,0.0,0.0,0.0,6.0,1.0,-1.000088900581841e-12,0.0,0.0,59.0,0.0,0.0,0.0,0.0,0.0,0.0,0.0,12,1,0.5587219343696027,0.0,0.0,0.0,0.0,0.0,0.0,2
504.0,9.0,1.9764456457136723,0.0,0.0,0.0,0.0,0.0,234.0,15.0,1.6629941335414054,0.0,0.0,55.80769230769231,0.0,0.0,0.0,0.0,42.0,2820.0,6.0,12,1,0.5587219343696027,251.99999999999991,126.0,0.0,0.0,0.0,0.0,2
712.0,5.0,1.0606158049114014,0.0,0.0,0.0,0.0,0.0,164.0,5.0,0.6972461880755237,0.0,0.0,46.36666666666667,0.0,0.0,0.0,0.0,8.0,1148.0,6.0,13,1,0.5587219343696027,361.15370688946274,304.0,0.0,0.0,0.0,0.0,1
692.0,7.0,1.6458655211406836,0.0,0.0,0.0,0.0,0.0,338.0,6.0,0.9000276544651139,0.0,0.0,38.43333333333333,0.0,0.0,0.0,0.0,16.0,1044.0,10.0,13,1,0.5587219343696027,331.5157110404673,477.0,0.0,0.0,0.0,0.0,1
718.0,5.0,0.4902108064627216,0.0,0.0,0.0,0.0,0.0,268.0,7.0,1.1637670252132315,0.0,0.0,31.53333333333333,0.0,0.0,0.0,0.0,0.0,4838.0,0.0,14,1,0.5587219343696027,102.27251178428456,656.5,0.0,0.0,0.0,0.0,1
708.0,9.0,1.3932410044174113,0.0,0.0,0.0,0.0,0.0,376.0,7.0,1.3162405230834076,0.0,0.0,25.0,0.0,0.0,0.0,0.0,4.0,4608.0,4.0,14,1,0.5587219343696027,11.120551545073017,707.5,0.0,0.0,0.0,0.0,1
558.0,9.0,1.7433534916855866,0.0,0.0,0.0,0.0,0.0,340.0,7.0,1.2544835971012906,0.0,0.0,18.5,0.0,0.0,0.0,0.0,0.0,4988.0,0.0,15,1,0.5587219343696027,74.77076077362477,669.0,0.0,0.0,0.0,0.0,1
0.0,0.0,0.0,0.0,0.0,0.0,0.0,0.0,0.0,0.0,0.0,0.0,0.0,0.0,0.0,0.0,0.0,0.0,4.0,234.0,4.0,15,1,0.5587219343696027,338.667979000082,496.0,0.0,0.0,0.0,0.0,1
0.0,0.0,0.0,0.0,0.0,0.0,0.0,0.0,0.0,0.0,0.0,0.0,0.0,0.0,0.0,0.0,0.0,0.0,0.0,1138.0,0.0,16,1,0.5587219343696027,370.5576878166205,316.5,0.0,0.0,0.0,0.0,1
232.0,5.0,1.212226992527444,0.0,0.0,0.0,0.0,0.0,90.0,3.0,0.7647544195644197,0.0,0.0,1.0,0.0,0.0,0.0,0.0,2.0,4464.0,2.0,16,1,0.5587219343696027,264.0473442396268,197.5,0.0,0.0,0.0,0.0,1
638.0,7.0,0.7191082688318089,0.0,0.0,0.0,0.0,0.0,218.0,8.0,1.07014424343182,0.0,8.0,12.448275862068966,0.0,0.0,0.0,0.0,8.0,5188.0,4.0,17,1,0.5587219343696027,300.9113933812853,217.5,0.0,0.0,0.0,0.0,1
718.0,8.0,1.462855065154482,0.0,0.0,0.0,0.0,0.0,148.0,6.0,1.2026550663559314,0.0,0.0,35.03333333333333,0.0,0.0,0.0,0.0,0.0,5130.0,0.0,17,1,0.5587219343696027,339.58602248423983,397.0,0.0,0.0,0.0,0.0,2
704.0,6.0,0.9300154806684392,0.0,0.0,0.0,0.0,0.0,144.0,6.0,0.7588057198650665,0.0,0.0,59.46666666666667,0.0,0.0,0.0,0.0,10.0,858.0,6.0,18,1,0.5587219343696027,229.99420282549144,573.0,0.0,0.0,0.0,0.0,2
704.0,4.0,0.3230511199283504,0.0,0.0,0.0,0.0,0.0,256.0,6.0,0.6452143912008449,0.0,0.0,81.9,0.0,0.0,0.0,0.0,0.0,5524.0,0.0,18,1,0.5587219343696027,35.94440151122241,691.0,0.0,0.0,0.0,0.0,2
706.0,6.0,1.187725642131814,0.0,0.0,0.0,0.0,0.0,206.0,6.0,1.0725636900132731,0.0,0.0,95.26666666666668,0.0,0.0,0.0,0.0,20.0,7752.0,10.0,19,1,0.5587219343696027,6.73300329223905,708.0,0.0,0.0,0.0,0.0,2
716.0,8.0,1.8237383396221003,0.0,0.0,0.0,0.0,0.0,284.0,5.0,0.7204792920719437,0.0,0.0,99.76666666666668,0.0,0.0,0.0,0.0,0.0,6146.0,0.0,19,1,0.5587219343696027,5.7445626465352895,707.5,0.0,0.0,0.0,0.0,2
704.0,7.0,1.199108426108899,0.0,0.0,0.0,0.0,0.0,230.0,9.0,0.8351535176933969,0.0,0.0,100.0,0.0,0.0,0.0,0.0,10.0,2992.0,6.0,20,1,0.5587219343696027,5.7445626465352895,707.5,0.0,0.0,0.0,0.0,2
718.0,5.0,0.6956599721366113,0.0,0.0,0.0,0.0,0.0,46.0,7.0,1.6042828110844989,0.0,0.0,100.0,0.0,0.0,0.0,0.0,10.0,5250.0,4.0,20,1,0.5587219343696027,7.023769168566262,711.0,0.0,0.0,0.0,0.0,2
716.0,3.0,0.1466180434605478,0.0,0.0,0.0,0.0,0.0,116.0,5.0,1.0470417943836396,0.0,0.0,100.0,0.0,0.0,0.0,0.0,0.0,7802.0,0.0,21,0,0.5587219343696027,6.403124237430409,713.5,0.0,0.0,0.0,0.0,2
718.0,3.0,0.901550705896444,0.0,0.0,0.0,0.0,0.0,46.0,4.0,1.219890884544721,0.0,0.0,100.0,0.0,0.0,0.0,0.0,22.0,2694.0,8.0,21,0,0.5587219343696027,6.733003292239067,714.0,0.0,0.0,0.0,0.0,2
712.0,7.0,0.8835278604693723,0.0,0.0,0.0,0.0,0.0,50.0,6.0,1.441487963423837,0.0,0.0,100.0,0.0,0.0,0.0,0.0,0.0,2326.0,0.0,22,0,0.5587219343696027,2.8284271247406565,716.0,0.0,0.0,0.0,0.0,2
692.0,8.0,1.607878362789644,0.0,0.0,0.0,0.0,0.0,32.0,5.0,1.3535913521296064,0.0,0.0,100.0,0.0,0.0,0.0,0.0,0.0,5014.0,0.0,22,0,0.5587219343696027,11.930353445447553,709.5,0.0,0.0,0.0,0.0,2
694.0,3.0,1.0374765945442743,0.0,0.0,0.0,0.0,0.0,188.0,8.0,0.8641887153500412,0.0,0.0,100.0,0.0,0.0,0.0,0.0,18.0,7176.0,4.0,23,0,0.5587219343696027,12.96148139681453,704.0,0.0,0.0,0.0,0.0,2
710.0,5.0,0.2663268323784435,0.0,0.0,0.0,0.0,0.0,106.0,3.0,0.5148225507973826,0.0,0.0,99.33333333333331,0.0,0.0,0.0,0.0,0.0,10726.0,0.0,23,0,0.5587219343696027,10.456258094237276,702.0,0.0,0.0,0.0,0.0,2
710.0,5.0,0.8088456677858658,0.0,0.0,0.0,0.0,0.0,192.0,4.0,0.7726782780831862,0.0,0.0,93.86666666666666,0.0,0.0,0.0,0.0,0.0,10370.0,0.0,0,0,0.5587219343696027,9.84885780179454,701.5,0.0,0.0,0.0,0.0,2
700.0,4.0,0.5167624924013529,0.0,0.0,0.0,0.0,0.0,364.0,6.0,0.4521101868417415,0.0,0.0,88.79310344827586,0.0,0.0,0.0,0.0,18.0,4810.0,6.0,0,0,0.5587219343696027,7.895146188216063,703.5,0.0,0.0,0.0,0.0,2
670.0,5.0,1.2374793968785067,0.0,0.0,0.0,0.0,0.0,680.0,4.0,0.3522115979509976,0.0,0.0,81.8,0.0,0.0,0.0,0.0,0.0,8012.0,0.0,1,0,0.5587219343696027,18.92969448600009,697.5,0.0,0.0,0.0,0.0,2
678.0,7.0,1.382535339330777,0.0,0.0,0.0,0.0,0.0,136.0,6.0,1.2253124186438926,0.0,0.0,74.13333333333334,0.0,0.0,0.0,0.0,18.0,8988.0,4.0,1,0,0.5587219343696027,18.64582169459517,689.5,0.0,0.0,0.0,0.0,2
710.0,5.0,1.441173613009951,0.0,0.0,0.0,0.0,0.0,82.0,4.0,0.6412627148663177,0.0,0.0,69.24137931034483,0.0,0.0,0.0,0.0,18.0,7284.0,6.0,2,0,0.5587219343696027,18.64582169459517,689.5,0.0,0.0,0.0,0.0,2
718.0,6.0,1.2879348472891627,0.0,0.0,0.0,8.0,0.0,160.0,7.0,1.2837568141931683,0.0,0.0,65.46666666666667,0.0,0.0,0.0,0.0,20.0,9284.0,6.0,2,0,0.5587219343696027,23.55136231020694,694.0,0.0,0.0,4.000000000000004,2.0,2
678.0,4.0,0.8688287917985,0.0,0.0,0.0,10.0,0.0,182.0,3.0,0.2498045756904887,0.0,0.0,61.42857142857143,0.0,0.0,0.0,0.0,20.0,1564.0,4.0,3,0,0.5587219343696027,21.03964511741194,696.0,0.0,0.0,5.259911279353171,4.5,2
622.0,1.0,-1.000088900581841e-12,0.0,0.0,0.0,0.0,0.0,4.0,1.0,-1.000088900581841e-12,0.0,0.0,61.0,0.0,0.0,0.0,0.0,0.0,0.0,0.0,3,0,0.5587219343696027,43.57369236898149,682.0,0.0,0.0,5.259911279353171,4.5,2
266.0,1.0,-1.000088900581841e-12,0.0,0.0,0.0,0.0,0.0,0.0,0.0,0.0,0.0,0.0,61.0,0.0,0.0,0.0,0.0,0.0,0.0,0.0,4,0,0.5587219343696027,207.11027658391708,571.0,0.0,0.0,5.259911279353171,4.5,2
0.0,0.0,0.0,0.0,0.0,0.0,0.0,0.0,0.0,0.0,0.0,0.0,0.0,60.36666666666667,0.0,0.0,0.0,0.0,0.0,0.0,0.0,4,0,0.5587219343696027,318.45198486846743,391.5,0.0,0.0,5.000000000000004,2.5,2
0.0,0.0,0.0,0.0,0.0,0.0,0.0,0.0,2.0,1.0,-1.000088900581841e-12,0.0,0.0,59.86206896551724,0.0,0.0,0.0,0.0,0.0,0.0,0.0,5,0,0.5587219343696027,294.67722454690426,222.0,0.0,0.0,0.0,0.0,2
0.0,0.0,0.0,0.0,0.0,0.0,0.0,0.0,8.0,1.0,-1.000088900581841e-12,0.0,0.0,59.0,0.0,0.0,0.0,0.0,0.0,0.0,0.0,5,0,0.5587219343696027,132.99999999999986,66.5,0.0,0.0,0.0,0.0,2
0.0,0.0,0.0,0.0,0.0,0.0,0.0,0.0,0.0,0.0,0.0,0.0,0.0,58.56666666666667,0.0,0.0,0.0,0.0,0.0,0.0,0.0,6,0,0.5587219343696027,0.0,0.0,0.0,0.0,0.0,0.0,2
0.0,0.0,0.0,0.0,0.0,0.0,0.0,0.0,0.0,0.0,0.0,0.0,0.0,58.0,0.0,0.0,0.0,0.0,0.0,0.0,0.0,6,0,0.5587219343696027,0.0,0.0,0.0,0.0,0.0,0.0,2
0.0,0.0,0.0,0.0,0.0,0.0,0.0,0.0,8.0,1.0,-1.000088900581841e-12,0.0,0.0,57.66666666666666,0.0,0.0,0.0,0.0,0.0,0.0,0.0,7,0,0.5587219343696027,0.0,0.0,0.0,0.0,0.0,0.0,2
62.0,4.0,1.3171820232307772,0.0,0.0,0.0,0.0,0.0,58.0,8.0,1.5507721843731002,0.0,0.0,56.93103448275862,0.0,0.0,0.0,0.0,24.0,1038.0,6.0,7,0,0.5587219343696027,30.999999999999336,15.5,0.0,0.0,0.0,0.0,2
634.0,3.0,0.1272808729127962,0.0,0.0,0.0,0.0,0.0,2.0,1.0,-1.000088900581841e-12,0.0,0.0,55.13793103448276,0.0,0.0,0.0,0.0,0.0,490.0,0.0,8,1,0.5587219343696027,308.0562719158087,174.0,0.0,0.0,0.0,0.0,2
620.0,1.0,-1.000088900581841e-12,0.0,0.0,0.0,0.0,0.0,0.0,0.0,0.0,0.0,0.0,55.0,0.0,0.0,0.0,0.0,0.0,0.0,0.0,8,1,0.5587219343696027,345.0777690125324,329.0,0.0,0.0,0.0,0.0,2
20.0,1.0,-1.000088900581841e-12,0.0,0.0,0.0,0.0,0.0,0.0,0.0,0.0,0.0,0.0,55.0,0.0,0.0,0.0,0.0,0.0,0.0,0.0,9,1,0.5587219343696027,338.8096810895462,334.0,0.0,0.0,0.0,0.0,2
0.0,0.0,0.0,0.0,0.0,0.0,0.0,0.0,0.0,0.0,0.0,0.0,0.0,54.93103448275862,0.0,0.0,0.0,0.0,0.0,0.0,0.0,9,1,0.5587219343696027,356.36451375896934,318.5,0.0,0.0,0.0,0.0,2
0.0,0.0,0.0,0.0,0.0,0.0,0.0,0.0,0.0,0.0,0.0,0.0,0.0,54.0,0.0,0.0,0.0,0.0,0.0,0.0,0.0,10,1,0.5587219343696027,306.811559973436,160.0,0.0,0.0,0.0,0.0,2
0.0,0.0,0.0,0.0,0.0,0.0,0.0,0.0,8.0,1.0,-1.000088900581841e-12,0.0,0.0,54.0,0.0,0.0,0.0,0.0,0.0,0.0,0.0,10,1,0.5587219343696027,9.999999999998382,5.0,0.0,0.0,0.0,0.0,2
0.0,0.0,0.0,0.0,0.0,0.0,0.0,0.0,0.0,0.0,0.0,0.0,0.0,53.41379310344828,0.0,0.0,0.0,0.0,0.0,0.0,0.0,11,1,0.5587219343696027,0.0,0.0,0.0,0.0,0.0,0.0,2
0.0,0.0,0.0,0.0,0.0,0.0,0.0,0.0,0.0,0.0,0.0,0.0,0.0,53.0,0.0,0.0,0.0,0.0,0.0,0.0,0.0,11,1,0.5587219343696027,0.0,0.0,0.0,0.0,0.0,0.0,2
0.0,0.0,0.0,0.0,0.0,0.0,0.0,0.0,8.0,1.0,-1.000088900581841e-12,0.0,0.0,52.7,0.0,0.0,0.0,0.0,0.0,0.0,0.0,12,1,0.5587219343696027,0.0,0.0,0.0,0.0,0.0,0.0,2
326.0,5.0,0.7390828075181824,0.0,0.0,0.0,0.0,0.0,100.0,10.0,2.065927828312772,0.0,0.0,51.17857142857143,0.0,0.0,0.0,0.0,64.0,1806.0,8.0,12,1,0.5587219343696027,162.9999999999999,81.5,0.0,0.0,0.0,0.0,2
622.0,1.0,-1.000088900581841e-12,0.0,0.0,0.0,0.0,0.0,90.0,3.0,0.7163779047714033,0.0,0.0,49.8,0.0,0.0,0.0,0.0,102.0,0.0,14.0,13,1,0.5587219343696027,299.1565922166293,237.0,0.0,0.0,0.0,0.0,2
622.0,1.0,-1.000088900581841e-12,0.0,0.0,0.0,0.0,0.0,42.0,2.0,0.1914440819557173,0.0,0.0,49.0,0.0,0.0,0.0,0.0,0.0,0.0,0.0,13,1,0.5587219343696027,296.5462302351298,392.5,0.0,0.0,0.0,0.0,2
706.0,6.0,1.1049491078314615,0.0,0.0,0.0,0.0,0.0,36.0,7.0,1.7728817984660108,0.0,0.0,45.63333333333333,0.0,0.0,0.0,0.0,34.0,15440.0,14.0,14,1,0.5587219343696027,166.76930173146363,569.0,0.0,0.0,0.0,0.0,2
702.0,6.0,1.1959586948421508,0.0,0.0,0.0,0.0,0.0,44.0,7.0,1.846220219314633,0.0,0.0,40.36666666666667,0.0,0.0,0.0,0.0,34.0,8020.0,8.0,14,1,0.5587219343696027,47.37087712930759,663.0,0.0,0.0,0.0,0.0,2
718.0,8.0,1.3216044465968864,0.0,0.0,0.0,0.0,0.0,168.0,5.0,1.0705086140135134,0.0,0.0,35.4,0.0,0.0,0.0,0.0,0.0,12856.0,0.0,15,1,0.5587219343696027,43.86342439892213,687.0,0.0,0.0,0.0,0.0,2
714.0,2.0,0.6902844803128496,0.0,0.0,0.0,0.0,0.0,52.0,5.0,1.2736011801564635,0.0,0.0,29.166666666666668,0.0,0.0,0.0,0.0,0.0,6038.0,0.0,15,1,0.5587219343696027,7.30296743339932,710.0,0.0,0.0,0.0,0.0,2
710.0,8.0,1.1470045941254994,0.0,0.0,0.0,0.0,0.0,50.0,2.0,0.2787693717665874,0.0,0.0,23.93103448275862,0.0,0.0,0.0,0.0,0.0,7136.0,0.0,16,1,0.5587219343696027,6.831300510636634,711.0,0.0,0.0,0.0,0.0,2
714.0,6.0,0.747515927386297,0.0,0.0,0.0,0.0,0.0,32.0,2.0,0.3767701612544368,0.0,0.0,18.166666666666668,0.0,0.0,0.0,0.0,0.0,5050.0,0.0,16,1,0.5587219343696027,3.265986323704424,714.0,0.0,0.0,0.0,0.0,2
684.0,9.0,1.0890851982331218,0.0,0.0,0.0,0.0,0.0,44.0,4.0,1.1685184057390878,0.0,0.0,14.821428571428571,0.0,0.0,0.0,0.0,76.0,4286.0,12.0,17,1,0.5587219343696027,14.456832294799488,705.5,0.0,0.0,0.0,0.0,2
716.0,8.0,1.568549547832774,0.0,0.0,0.0,0.0,0.0,56.0,6.0,1.411997902375416,0.0,0.0,10.666666666666666,0.0,0.0,0.0,0.0,0.0,9894.0,0.0,17,1,0.5587219343696027,14.8772757362795,706.0,0.0,0.0,0.0,0.0,2
706.0,4.0,0.4771589097127176,0.0,0.0,0.0,0.0,0.0,32.0,5.0,1.4740568252682047,0.0,36.0,4.566666666666666,0.0,0.0,0.0,0.0,38.0,2672.0,0.0,18,1,0.5587219343696027,14.651507317222483,705.0,0.0,0.0,0.0,0.0,2
680.0,1.0,-1.000088900581841e-12,0.0,0.0,0.0,0.0,0.0,98.0,4.0,0.5466448741576282,0.0,0.0,20.93103448275862,0.0,0.0,0.0,0.0,0.0,0.0,0.0,18,1,0.5587219343696027,17.31088289679715,696.5,0.0,0.0,0.0,0.0,2
630.0,1.0,-1.000088900581841e-12,0.0,0.0,0.0,0.0,0.0,610.0,2.0,0.0220284283185545,0.0,0.0,51.5,0.0,0.0,0.0,0.0,0.0,0.0,0.0,19,1,0.5587219343696027,38.45343504378541,683.0,0.0,0.0,0.0,0.0,2
572.0,2.0,0.1398104457482066,0.0,0.0,0.0,0.0,0.0,568.0,3.0,0.097378236141866,0.0,0.0,78.93333333333334,0.0,0.0,0.0,0.0,80.0,666.0,18.0,19,1,0.5587219343696027,59.11570575292681,647.0,0.0,0.0,0.0,0.0,2
698.0,3.0,0.2175136373773614,0.0,0.0,0.0,0.0,0.0,676.0,6.0,0.3521904983108018,0.0,0.0,94.63333333333334,0.0,0.0,0.0,0.0,40.0,1030.0,8.0,20,1,0.5587219343696027,56.5331761004099,645.0,0.0,0.0,0.0,0.0,2
684.0,1.0,-1.000088900581841e-12,0.0,0.0,0.0,0.0,0.0,98.0,6.0,0.6315200391221522,0.0,0.0,99.8,0.0,0.0,0.0,0.0,0.0,0.0,0.0,20,1,0.5587219343696027,57.387571244419206,646.0,0.0,0.0,0.0,0.0,2
420.0,3.0,0.4466814437864411,0.0,0.0,0.0,0.0,0.0,60.0,11.0,2.0442680632875474,0.0,0.0,100.0,0.0,0.0,0.0,0.0,40.0,2204.0,12.0,21,0,0.5587219343696027,128.67918764638395,593.5,0.0,0.0,0.0,0.0,2
694.0,1.0,-1.000088900581841e-12,0.0,0.0,0.0,0.0,0.0,44.0,2.0,0.5859526183015509,0.0,0.0,100.0,0.0,0.0,0.0,0.0,0.0,0.0,0.0,21,0,0.5587219343696027,136.12739131661425,624.0,0.0,0.0,0.0,0.0,2
668.0,2.0,0.144798033688173,0.0,0.0,0.0,0.0,0.0,76.0,4.0,1.0106296038425142,0.0,0.0,100.0,0.0,0.0,0.0,0.0,88.0,316.0,26.0,22,0,0.5587219343696027,131.4369303760044,616.5,0.0,0.0,0.0,0.0,1
708.0,1.0,-1.000088900581841e-12,0.0,0.0,0.0,0.0,0.0,64.0,3.0,0.65619279201562,0.0,0.0,100.0,0.0,0.0,0.0,0.0,0.0,9266.0,0.0,22,0,0.5587219343696027,136.01347972413112,622.5,0.0,0.0,0.0,0.0,2
694.0,1.0,-1.000088900581841e-12,0.0,0.0,0.0,0.0,0.0,130.0,3.0,0.2738350477878407,0.0,0.0,96.13333333333334,0.0,0.0,0.0,0.0,0.0,7856.0,0.0,23,0,0.5587219343696027,16.693312034064057,691.0,0.0,0.0,0.0,0.0,2
526.0,5.0,0.7187623128151941,0.0,0.0,0.0,0.0,0.0,242.0,6.0,0.9115551961590526,0.0,0.0,90.0,0.0,0.0,0.0,0.0,236.0,8198.0,60.0,23,0,0.5587219343696027,83.65803408320463,649.0,0.0,0.0,0.0,0.0,2
704.0,7.0,1.5839125309337776,0.0,0.0,0.0,0.0,0.0,386.0,3.0,0.2354716713921883,0.0,0.0,85.86666666666666,0.0,0.0,0.0,0.0,288.0,20314.0,52.0,0,0,0.5587219343696027,88.19674975114802,658.0,0.0,0.0,0.0,0.0,2
712.0,8.0,1.6630531068604242,0.0,0.0,0.0,0.0,0.0,160.0,4.0,0.6480108635195888,0.0,0.0,78.9,0.0,0.0,0.0,0.0,0.0,28380.0,0.0,0,0,0.5587219343696027,88.97190567814067,659.0,0.0,0.0,0.0,0.0,2
704.0,8.0,1.602955473422548,0.0,0.0,0.0,0.0,0.0,88.0,7.0,1.5438591889335405,0.0,0.0,73.33333333333333,0.0,0.0,0.0,0.0,48.0,7614.0,10.0,1,0,0.5587219343696027,90.41201984987003,661.5,0.0,0.0,0.0,0.0,2
636.0,1.0,-1.000088900581841e-12,0.0,0.0,0.0,0.0,0.0,16.0,4.0,1.2130075659759043,0.0,0.0,71.0,0.0,0.0,0.0,0.0,144.0,10.0,26.0,1,0,0.5587219343696027,35.53402125662995,689.0,0.0,0.0,0.0,0.0,2
694.0,6.0,1.1777140312820764,0.0,0.0,0.0,0.0,0.0,94.0,5.0,0.8741929167131005,0.0,0.0,69.46666666666667,0.0,0.0,0.0,0.0,48.0,12528.0,20.0,2,0,0.5587219343696027,34.462540049546966,686.5,0.0,0.0,0.0,0.0,2
718.0,7.0,1.2439213617222726,0.0,0.0,0.0,0.0,0.0,16.0,3.0,1.039720770836918,0.0,0.0,64.33333333333333,0.0,0.0,0.0,0.0,0.0,25962.0,0.0,2,0,0.5587219343696027,36.03701800463836,688.0,0.0,0.0,0.0,0.0,2
706.0,2.0,0.0489823885595826,0.0,0.0,0.0,0.0,0.0,0.0,0.0,0.0,0.0,0.0,59.3448275862069,0.0,0.0,0.0,0.0,0.0,2880.0,0.0,3,0,0.5587219343696027,36.345563690771975,688.5,0.0,0.0,0.0,0.0,2
708.0,5.0,0.9883606534414084,0.0,0.0,0.0,0.0,0.0,10.0,2.0,0.6730116670072565,0.0,0.0,54.66666666666666,0.0,0.0,0.0,0.0,0.0,15786.0,0.0,3,0,0.5587219343696027,9.84885780179418,706.5,0.0,0.0,0.0,0.0,2
678.0,7.0,1.4752658674181052,0.0,0.0,0.0,0.0,0.0,12.0,3.0,1.0114042647043515,0.0,0.0,50.06896551724138,0.0,0.0,0.0,0.0,54.0,10122.0,18.0,4,0,0.5587219343696027,17.15614564327592,702.5,0.0,0.0,0.0,0.0,2
608.0,1.0,-1.000088900581841e-12,0.0,0.0,0.0,0.0,0.0,0.0,0.0,0.0,0.0,0.0,49.0,0.0,0.0,0.0,0.0,0.0,0.0,0.0,4,0,0.5587219343696027,46.71901825452489,675.0,0.0,0.0,0.0,0.0,2
350.0,1.0,-1.000088900581841e-12,0.0,0.0,0.0,0.0,0.0,0.0,0.0,0.0,0.0,0.0,49.0,0.0,0.0,0.0,0.0,0.0,0.0,0.0,5,0,0.5587219343696027,162.81687054274596,586.0,0.0,0.0,0.0,0.0,2
0.0,0.0,0.0,0.0,0.0,0.0,0.0,0.0,0.0,0.0,0.0,0.0,0.0,49.0,0.0,0.0,0.0,0.0,0.0,0.0,0.0,5,0,0.5587219343696027,306.98751331826725,409.0,0.0,0.0,0.0,0.0,2
0.0,0.0,0.0,0.0,0.0,0.0,0.0,0.0,2.0,1.0,-1.000088900581841e-12,0.0,0.0,48.93333333333333,0.0,0.0,0.0,0.0,0.0,0.0,0.0,6,0,0.5587219343696027,295.92960874730545,239.5,0.0,0.0,0.0,0.0,2
0.0,0.0,0.0,0.0,0.0,0.0,0.0,0.0,12.0,1.0,-1.000088900581841e-12,0.0,0.0,48.0,0.0,0.0,0.0,0.0,0.0,0.0,0.0,6,0,0.5587219343696027,174.99999999999991,87.5,0.0,0.0,0.0,0.0,2
0.0,0.0,0.0,0.0,0.0,0.0,0.0,0.0,0.0,0.0,0.0,0.0,0.0,48.0,0.0,0.0,0.0,0.0,0.0,0.0,0.0,7,0,0.5587219343696027,0.0,0.0,0.0,0.0,0.0,0.0,2
0.0,0.0,0.0,0.0,0.0,0.0,0.0,0.0,0.0,0.0,0.0,0.0,0.0,47.43333333333333,0.0,0.0,0.0,0.0,0.0,0.0,0.0,7,0,0.5587219343696027,0.0,0.0,0.0,0.0,0.0,0.0,2
0.0,0.0,0.0,0.0,0.0,0.0,0.0,0.0,12.0,1.0,-1.000088900581841e-12,0.0,0.0,47.0,0.0,0.0,0.0,0.0,0.0,0.0,0.0,8,1,0.5587219343696027,0.0,0.0,0.0,0.0,0.0,0.0,2
78.0,5.0,1.344070469291552,0.0,0.0,0.0,0.0,0.0,78.0,7.0,1.4990281839093165,0.0,0.0,46.35714285714285,0.0,0.0,0.0,0.0,54.0,4236.0,2.0,8,1,0.5587219343696027,38.99999999999957,19.5,0.0,0.0,0.0,0.0,2
634.0,3.0,0.2332973655628599,0.0,0.0,0.0,0.0,0.0,2.0,1.0,-1.000088900581841e-12,0.0,0.0,44.03448275862069,0.0,0.0,0.0,0.0,0.0,1168.0,0.0,9,1,0.5587219343696027,306.2156103140399,178.0,0.0,0.0,0.0,0.0,2
612.0,1.0,-1.000088900581841e-12,0.0,0.0,0.0,0.0,0.0,0.0,0.0,0.0,0.0,0.0,44.0,0.0,0.0,0.0,0.0,0.0,0.0,0.0,9,1,0.5587219343696027,338.79197156957537,331.0,0.0,0.0,0.0,0.0,2
28.0,1.0,-1.000088900581841e-12,0.0,0.0,0.0,0.0,0.0,0.0,0.0,0.0,0.0,0.0,43.0,0.0,0.0,0.0,0.0,0.0,0.0,0.0,10,1,0.5587219343696027,329.84440776422645,338.0,0.0,0.0,0.0,0.0,2
0.0,0.0,0.0,0.0,0.0,0.0,0.0,0.0,0.0,0.0,0.0,0.0,0.0,43.0,0.0,0.0,0.0,0.0,0.0,0.0,0.0,10,1,0.5587219343696027,351.9067111228959,318.5,0.0,0.0,0.0,0.0,2
0.0,0.0,0.0,0.0,0.0,0.0,0.0,0.0,8.0,1.0,-1.000088900581841e-12,0.0,0.0,42.241379310344826,0.0,0.0,0.0,0.0,0.0,0.0,0.0,11,1,0.5587219343696027,301.6222803441416,160.0,0.0,0.0,0.0,0.0,2
0.0,0.0,0.0,0.0,0.0,0.0,0.0,0.0,0.0,0.0,0.0,0.0,0.0,42.0,0.0,0.0,0.0,0.0,0.0,0.0,0.0,11,1,0.5587219343696027,13.999999999998847,7.0,0.0,0.0,0.0,0.0,2
0.0,0.0,0.0,0.0,0.0,0.0,0.0,0.0,0.0,0.0,0.0,0.0,0.0,41.36666666666667,0.0,0.0,0.0,0.0,0.0,0.0,0.0,12,1,0.5587219343696027,0.0,0.0,0.0,0.0,0.0,0.0,2
0.0,0.0,0.0,0.0,0.0,0.0,0.0,0.0,6.0,1.0,-1.000088900581841e-12,0.0,0.0,41.0,0.0,0.0,0.0,0.0,0.0,0.0,0.0,12,1,0.5587219343696027,0.0,0.0,0.0,0.0,0.0,0.0,2
106.0,6.0,1.5241111574870525,0.0,0.0,0.0,0.0,0.0,318.0,11.0,1.770578323976283,0.0,0.0,39.93103448275862,0.0,0.0,0.0,0.0,60.0,4686.0,14.0,13,1,0.5587219343696027,52.999999999999694,26.5,0.0,0.0,0.0,0.0,2
698.0,7.0,1.6505444230825723,0.0,0.0,0.0,0.0,0.0,190.0,4.0,0.6009660679599877,0.0,0.0,34.766666666666666,0.0,0.0,0.0,0.0,68.0,27180.0,10.0,13,1,0.5587219343696027,335.0800899287611,201.0,0.0,0.0,0.0,0.0,2
704.0,7.0,1.2101396707084215,0.0,0.0,0.0,0.0,0.0,338.0,5.0,0.5572291223279077,0.0,0.0,29.066666666666663,0.0,0.0,0.0,0.0,200.0,8536.0,32.0,14,1,0.5587219343696027,376.6253664673512,377.0,0.0,0.0,0.0,0.0,2
710.0,7.0,1.6653392762458952,0.0,0.0,0.0,0.0,0.0,1130.0,6.0,0.2681359663836239,0.0,0.0,24.9,0.0,0.0,0.0,0.0,66.0,46074.0,6.0,14,1,0.5587219343696027,299.0401310861135,554.5,0.0,0.0,0.0,0.0,2
678.0,5.0,0.6633764124067848,0.0,0.0,0.0,0.0,0.0,928.0,4.0,0.1366996509041854,0.0,0.0,18.724137931034484,0.0,0.0,0.0,0.0,0.0,11280.0,0.0,15,1,0.5587219343696027,13.892443989448408,697.5,0.0,0.0,0.0,0.0,2
0.0,0.0,0.0,0.0,0.0,0.0,0.0,0.0,0.0,0.0,0.0,0.0,0.0,0.0,0.0,0.0,0.0,0.0,0.0,18792.0,0.0,15,1,0.5587219343696027,348.9431663370603,523.0,0.0,0.0,0.0,0.0,2
214.0,1.0,-1.000088900581841e-12,0.0,0.0,0.0,0.0,0.0,26.0,2.0,0.2711893730398441,0.0,64.0,25.5,0.0,0.0,0.0,0.0,126.0,3316.0,12.0,16,1,0.5587219343696027,350.22802096158244,400.5,0.0,0.0,0.0,0.0,2
690.0,5.0,0.8315928743597057,0.0,0.0,0.0,0.0,0.0,82.0,8.0,1.7479983346200296,0.0,0.0,42.689655172413794,0.0,0.0,0.0,0.0,138.0,7688.0,30.0,16,1,0.5587219343696027,344.431415524194,395.5,0.0,0.0,0.0,0.0,2
698.0,6.0,1.3061444742744253,0.0,0.0,0.0,20.0,0.0,68.0,3.0,0.9670257864874754,0.0,0.0,48.4,0.0,0.0,0.0,0.0,568.0,5958.0,76.0,17,1,0.5587219343696027,349.99952380919984,400.5,0.0,0.0,10.000000000000002,5.0,2
672.0,6.0,1.2733850158627866,0.0,0.0,0.0,0.0,0.0,70.0,6.0,1.171473146729828,0.0,0.0,43.4,0.0,0.0,0.0,0.0,0.0,14668.0,0.0,17,1,0.5587219343696027,236.5833186568036,568.5,0.0,0.0,10.000000000000002,5.0,1
664.0,6.0,0.8234225791132513,0.0,0.0,0.0,0.0,0.0,120.0,4.0,0.6444290810969574,0.0,0.0,41.0,0.0,0.0,0.0,0.0,286.0,2858.0,54.0,18,1,0.5587219343696027,15.705625319185913,681.0,0.0,0.0,10.000000000000002,5.0,2
690.0,6.0,1.3300941038874572,0.0,0.0,0.0,0.0,0.0,340.0,6.0,0.6314441830078357,0.0,0.0,36.2,0.0,0.0,0.0,0.0,142.0,7432.0,10.0,18,1,0.5587219343696027,15.705625319185913,681.0,0.0,0.0,10.000000000000002,5.0,2
672.0,6.0,1.2735099450174987,0.0,0.0,0.0,18.0,0.0,416.0,5.0,0.3606278217674263,0.0,0.0,33.8,0.0,0.0,0.0,0.0,288.0,12652.0,32.0,19,1,0.5587219343696027,10.999999999999414,674.5,0.0,0.0,9.000000000000002,4.5,2
688.0,3.0,0.3471354293677504,0.0,0.0,0.0,22.0,0.0,552.0,7.0,0.7621627895275379,0.0,0.0,29.066666666666663,0.0,0.0,0.0,0.0,212.0,3910.0,28.0,19,1,0.5587219343696027,12.583057392117396,678.5,0.0,0.0,11.6619037896906,10.0,2
704.0,4.0,0.646085806655574,0.0,0.0,0.0,0.0,0.0,74.0,8.0,1.8324203264487868,0.0,0.0,23.6896551724138,0.0,0.0,0.0,0.0,216.0,25836.0,22.0,20,1,0.5587219343696027,13.102162671355185,688.5,0.0,0.0,11.6619037896906,10.0,2
706.0,5.0,0.9179568012562432,0.0,0.0,0.0,0.0,0.0,388.0,10.0,1.827015562753489,0.0,46.0,8.8,0.0,0.0,0.0,0.0,72.0,28500.0,6.0,21,0,0.5587219343696027,214.81775221491043,592.0,0.0,0.0,11.000000000000002,5.5,2
716.0,6.0,0.6055045976707838,0.0,0.0,0.0,0.0,0.0,218.0,7.0,1.3965458223997909,0.0,0.0,28.24137931034483,0.0,0.0,0.0,0.0,0.0,30382.0,0.0,21,0,0.5587219343696027,219.39614095664183,599.0,0.0,0.0,0.0,0.0,2
716.0,9.0,1.244398032630614,0.0,14.0,0.0,0.0,0.0,900.0,9.0,0.595942735936891,0.0,0.0,50.6,0.0,0.0,0.0,0.0,0.0,29486.0,0.0,22,0,0.5587219343696027,221.38352844479343,602.0,7.0,3.5,0.0,0.0,2
716.0,5.0,1.0193519343453876,0.0,0.0,0.0,0.0,0.0,540.0,7.0,0.7005155158101593,0.0,0.0,71.23333333333333,0.0,0.0,0.0,0.0,76.0,18984.0,6.0,22,0,0.5587219343696027,4.99999999999968,713.5,7.0,3.5,0.0,0.0,2
706.0,5.0,1.05524361486738,0.0,0.0,0.0,0.0,0.0,278.0,4.0,0.3085258235523789,0.0,0.0,89.36666666666666,0.0,0.0,0.0,0.0,0.0,12758.0,0.0,23,0,0.5587219343696027,4.99999999999968,713.5,7.0,3.5,0.0,0.0,2
704.0,1.0,-1.000088900581841e-12,0.0,0.0,0.0,0.0,0.0,72.0,3.0,0.4724416944664684,0.0,0.0,98.33333333333331,0.0,0.0,0.0,0.0,0.0,6614.0,0.0,23,0,0.5587219343696027,6.403124237432589,710.5,7.0,3.5,0.0,0.0,2
534.0,3.0,0.6388883060783227,0.0,0.0,0.0,0.0,0.0,68.0,4.0,0.7305952019544851,0.0,0.0,100.0,0.0,0.0,0.0,0.0,0.0,6934.0,0.0,0,0,0.5587219343696027,87.49095191313592,665.0,0.0,0.0,0.0,0.0,2
386.0,3.0,0.3372884260598112,0.0,0.0,0.0,0.0,0.0,4.0,1.0,-1.000088900581841e-12,0.0,0.0,88.0,0.0,0.0,0.0,0.0,0.0,192.0,0.0,2,0,0.5587219343696027,153.81699082567783,582.5,0.0,0.0,0.0,0.0,3
620.0,2.0,0.0825649380338659,0.0,0.0,0.0,0.0,0.0,152.0,6.0,0.6442045658895377,0.0,0.0,88.0,0.0,0.0,0.0,0.0,6.0,34.0,2.0,3,0,0.5587219343696027,135.74976979722652,561.0,0.0,0.0,0.0,0.0,3
622.0,1.0,-1.000088900581841e-12,0.0,0.0,0.0,0.0,0.0,0.0,0.0,0.0,0.0,0.0,88.0,0.0,0.0,0.0,0.0,0.0,0.0,0.0,3,0,0.5587219343696027,110.86778913041724,540.5,0.0,0.0,0.0,0.0,2
446.0,1.0,-1.000088900581841e-12,0.0,0.0,0.0,0.0,0.0,0.0,0.0,0.0,0.0,0.0,87.26666666666667,0.0,0.0,0.0,0.0,0.0,0.0,0.0,4,0,0.5587219343696027,120.86769626331096,518.5,0.0,0.0,0.0,0.0,2
0.0,0.0,0.0,0.0,0.0,0.0,0.0,0.0,0.0,0.0,0.0,0.0,0.0,86.93333333333334,0.0,0.0,0.0,0.0,0.0,0.0,0.0,4,0,0.5587219343696027,293.1802630919528,422.0,0.0,0.0,0.0,0.0,2
0.0,0.0,0.0,0.0,0.0,0.0,0.0,0.0,8.0,1.0,-1.000088900581841e-12,0.0,0.0,86.0,0.0,0.0,0.0,0.0,0.0,0.0,0.0,5,0,0.5587219343696027,316.5670018600591,267.0,0.0,0.0,0.0,0.0,2
0.0,0.0,0.0,0.0,0.0,0.0,0.0,0.0,4.0,1.0,-1.000088900581841e-12,0.0,0.0,85.53333333333333,0.0,0.0,0.0,0.0,0.0,0.0,0.0,5,0,0.5587219343696027,223.00000000000003,111.5,0.0,0.0,0.0,0.0,2
0.0,0.0,0.0,0.0,0.0,0.0,0.0,0.0,0.0,0.0,0.0,0.0,0.0,84.93103448275862,0.0,0.0,0.0,0.0,0.0,0.0,0.0,6,0,0.5587219343696027,0.0,0.0,0.0,0.0,0.0,0.0,2
0.0,0.0,0.0,0.0,0.0,0.0,0.0,0.0,8.0,1.0,-1.000088900581841e-12,0.0,0.0,84.0,0.0,0.0,0.0,0.0,0.0,0.0,0.0,6,0,0.5587219343696027,0.0,0.0,0.0,0.0,0.0,0.0,2
66.0,5.0,1.5860583824287582,0.0,0.0,0.0,0.0,0.0,66.0,8.0,1.7053936384717605,0.0,0.0,83.71428571428571,0.0,0.0,0.0,0.0,6.0,506.0,2.0,7,0,0.5587219343696027,33.000000000000135,16.5,0.0,0.0,0.0,0.0,2
636.0,4.0,0.1926427668452252,0.0,0.0,0.0,0.0,0.0,8.0,3.0,1.039720770836918,0.0,0.0,81.03571428571429,0.0,0.0,0.0,0.0,16.0,464.0,0.0,7,0,0.5587219343696027,308.5725198393402,175.5,0.0,0.0,0.0,0.0,2
610.0,1.0,-1.000088900581841e-12,0.0,0.0,0.0,0.0,0.0,0.0,0.0,0.0,0.0,0.0,81.0,0.0,0.0,0.0,0.0,0.0,0.0,0.0,8,1,0.5587219343696027,341.8654706167325,328.0,0.0,0.0,0.0,0.0,2
440.0,2.0,0.1251301643956135,0.0,0.0,0.0,0.0,0.0,26.0,3.0,0.8305178252842479,0.0,0.0,80.34482758620689,0.0,0.0,0.0,0.0,16.0,380.0,8.0,8,1,0.5587219343696027,262.7901570962403,438.0,0.0,0.0,0.0,0.0,2
636.0,1.0,-1.000088900581841e-12,0.0,0.0,0.0,0.0,0.0,0.0,0.0,0.0,0.0,0.0,79.75862068965517,0.0,0.0,0.0,0.0,0.0,0.0,0.0,9,1,0.5587219343696027,94.4651611265586,580.5,0.0,0.0,0.0,0.0,2
238.0,1.0,-1.000088900581841e-12,0.0,0.0,0.0,0.0,0.0,8.0,1.0,-1.000088900581841e-12,0.0,0.0,79.0,0.0,0.0,0.0,0.0,0.0,0.0,0.0,9,1,0.5587219343696027,183.844136884119,481.0,0.0,0.0,0.0,0.0,2
0.0,0.0,0.0,0.0,0.0,0.0,0.0,0.0,0.0,0.0,0.0,0.0,0.0,78.06666666666666,0.0,0.0,0.0,0.0,0.0,0.0,0.0,10,1,0.5587219343696027,272.6970235750047,328.5,0.0,0.0,0.0,0.0,2
0.0,0.0,0.0,0.0,0.0,0.0,0.0,0.0,8.0,1.0,-1.000088900581841e-12,0.0,0.0,76.83333333333333,0.0,0.0,0.0,0.0,0.0,0.0,0.0,11,1,0.5587219343696027,119.00000000000004,59.5,0.0,0.0,0.0,0.0,2
700.0,9.0,1.3658549843106922,0.0,0.0,0.0,0.0,0.0,776.0,8.0,0.263324746811555,0.0,0.0,71.20689655172414,0.0,0.0,0.0,0.0,24.0,8822.0,8.0,12,1,0.5587219343696027,336.0689413399181,201.5,0.0,0.0,0.0,0.0,2
652.0,2.0,0.2706026411465585,0.0,0.0,0.0,0.0,0.0,242.0,6.0,1.1570157916163062,0.0,0.0,61.6,0.0,0.0,0.0,0.0,4.0,494.0,2.0,14,1,0.5587219343696027,291.00515459352266,431.0,0.0,0.0,0.0,0.0,2
642.0,3.0,0.2505494855287247,0.0,0.0,0.0,0.0,0.0,158.0,7.0,0.643102992949398,0.0,0.0,59.16666666666666,0.0,0.0,0.0,0.0,4.0,214.0,4.0,15,1,0.5587219343696027,191.048859370232,552.5,0.0,0.0,0.0,0.0,2
684.0,6.0,1.192859112855306,0.0,0.0,0.0,0.0,0.0,120.0,6.0,1.1594781349629746,0.0,0.0,54.766666666666666,0.0,0.0,0.0,0.0,4.0,2276.0,0.0,16,1,0.5587219343696027,18.51125783588682,657.0,0.0,0.0,0.0,0.0,2
704.0,8.0,1.406513805443621,0.0,0.0,0.0,0.0,0.0,210.0,9.0,0.9302802739299424,0.0,0.0,44.75862068965517,0.0,0.0,0.0,0.0,4.0,5010.0,2.0,17,1,0.5587219343696027,22.53145948816191,683.5,0.0,0.0,0.0,0.0,2
708.0,9.0,1.5838569065335903,0.0,0.0,0.0,0.0,0.0,242.0,5.0,0.7108032936479179,0.0,0.0,31.79310344827586,0.0,0.0,0.0,0.0,0.0,8066.0,0.0,18,1,0.5587219343696027,6.608075867200783,700.5,0.0,0.0,0.0,0.0,2
508.0,7.0,0.7688878246340879,0.0,0.0,0.0,0.0,0.0,230.0,5.0,0.7778307352764195,0.0,0.0,18.681818181818183,0.0,0.0,0.0,0.0,0.0,7772.0,0.0,19,1,0.5587219343696027,97.46110335239736,654.0,0.0,0.0,0.0,0.0,2
0.0,0.0,0.0,0.0,0.0,0.0,0.0,0.0,2.0,1.0,-1.000088900581841e-12,0.0,0.0,0.0,0.0,0.0,0.0,0.0,0.0,8.0,0.0,20,1,0.5587219343696027,333.3386666240007,480.0,0.0,0.0,0.0,0.0,2
718.0,7.0,0.96155657531196,0.0,0.0,0.0,0.0,0.0,224.0,6.0,1.052930559029509,0.0,0.0,38.06666666666667,0.0,0.0,0.0,0.0,0.0,1922.0,0.0,21,0,0.5587219343696027,325.4248505159576,470.0,0.0,0.0,0.0,0.0,2
672.0,7.0,1.1985719790254876,0.0,0.0,0.0,0.0,0.0,122.0,8.0,1.6615535362480656,0.0,0.0,65.41379310344827,0.0,0.0,0.0,0.0,4.0,2840.0,2.0,22,0,0.5587219343696027,32.593455375786085,690.5,0.0,0.0,0.0,0.0,2
624.0,1.0,-1.000088900581841e-12,0.0,0.0,0.0,0.0,0.0,82.0,3.0,0.7364080579045251,0.0,0.0,57.36666666666667,0.0,0.0,0.0,0.0,0.0,0.0,0.0,23,0,0.5587219343696027,38.897300677553794,674.5,0.0,0.0,0.0,0.0,2
676.0,9.0,1.20965386992695,0.0,0.0,0.0,0.0,0.0,854.0,7.0,0.3935508227192286,0.0,0.0,54.56666666666667,0.0,0.0,0.0,0.0,26.0,680.0,16.0,0,0,0.5587219343696027,27.97618034447686,657.0,0.0,0.0,0.0,0.0,2
668.0,4.0,0.9860176183311654,0.0,0.0,0.0,0.0,0.0,248.0,4.0,0.3633787921633981,0.0,0.0,46.27586206896552,0.0,0.0,0.0,0.0,12.0,1794.0,2.0,1,0,0.5587219343696027,26.432303468799184,674.0,0.0,0.0,0.0,0.0,2
626.0,1.0,-1.000088900581841e-12,0.0,0.0,0.0,0.0,0.0,84.0,4.0,0.9007007444616444,0.0,0.0,42.0,0.0,0.0,0.0,0.0,6.0,14.0,2.0,2,0,0.5587219343696027,34.13697897197934,664.0,0.0,0.0,0.0,0.0,2
676.0,5.0,0.9996061465534004,0.0,0.0,0.0,6.0,0.0,88.0,5.0,0.7747544010664879,0.0,0.0,36.1,0.0,0.0,0.0,0.0,20.0,2432.0,10.0,3,0,0.5587219343696027,26.6020049369722,660.5,0.0,0.0,3.000000000000006,1.5,2
622.0,4.0,0.519592429146061,0.0,0.0,0.0,8.0,0.0,20.0,2.0,0.3250829733894482,0.0,18.0,37.96666666666667,0.0,10.0,0.0,0.0,0.0,636.0,0.0,4,0,0.5587219343696027,39.20884254008731,675.0,0.0,0.0,6.608075867199673,7.5,2
82.0,1.0,-1.000088900581841e-12,0.0,0.0,0.0,0.0,0.0,6.0,2.0,0.6365141682928128,0.0,0.0,90.23333333333332,0.0,0.0,0.0,0.0,0.0,0.0,0.0,5,0,0.5587219343696027,286.90067967852576,506.0,0.0,0.0,7.659416862050708,6.0,2
0.0,0.0,0.0,0.0,0.0,0.0,0.0,0.0,0.0,0.0,0.0,0.0,0.0,100.0,0.0,0.0,0.0,0.0,0.0,0.0,0.0,6,0,0.5587219343696027,290.912930845869,171.5,0.0,0.0,0.0,0.0,2
688.0,6.0,1.097428313994647,0.0,0.0,0.0,0.0,0.0,52.0,8.0,2.012322946313909,0.0,0.0,98.46666666666668,0.0,4.0,0.0,0.0,18.0,2498.0,6.0,11,1,0.5587219343696027,340.90076757516016,356.0,0.0,0.0,0.0,0.0,2
448.0,1.0,-1.000088900581841e-12,0.0,0.0,0.0,0.0,0.0,0.0,0.0,0.0,0.0,0.0,97.0,4.0,0.0,0.0,0.0,0.0,0.0,0.0,12,1,0.5587219343696027,99.7597113067196,584.0,0.0,0.0,0.0,0.0,2
0.0,0.0,0.0,0.0,0.0,0.0,0.0,0.0,4.0,1.0,-1.000088900581841e-12,0.0,0.0,96.56666666666666,0.0,0.0,0.0,0.0,0.0,0.0,0.0,13,1,0.5587219343696027,307.3738223510042,261.0,0.0,0.0,0.0,0.0,2
662.0,6.0,1.4220814069696182,0.0,0.0,0.0,0.0,0.0,150.0,7.0,0.6576710001727992,0.0,0.0,91.3103448275862,0.0,0.0,0.0,0.0,8.0,4032.0,6.0,14,1,0.5587219343696027,375.9623208071079,325.5,0.0,0.0,0.0,0.0,2
652.0,1.0,-1.000088900581841e-12,0.0,0.0,0.0,0.0,0.0,340.0,3.0,0.2434544972287406,0.0,0.0,87.0,0.0,0.0,0.0,0.0,16.0,0.0,0.0,15,1,0.5587219343696027,9.092121131326037,652.0,0.0,0.0,0.0,0.0,2
462.0,2.0,0.620444858908656,0.0,0.0,0.0,0.0,0.0,132.0,5.0,0.9065786115886398,0.0,0.0,85.62068965517241,0.0,0.0,0.0,0.0,24.0,212.0,8.0,16,1,0.5587219343696027,90.45809342820964,585.0,0.0,0.0,0.0,0.0,2
704.0,6.0,1.35451644324472,0.0,0.0,0.0,0.0,0.0,150.0,5.0,0.8048725461274098,0.0,0.0,75.3,0.0,0.0,0.0,0.0,0.0,7738.0,0.0,17,1,0.5587219343696027,107.21940122944186,600.0,0.0,0.0,0.0,0.0,2
692.0,8.0,1.2285749196397302,0.0,0.0,0.0,0.0,0.0,440.0,3.0,0.1424896417117448,0.0,0.0,66.72413793103448,0.0,0.0,10.0,8.0,0.0,2468.0,0.0,18,1,0.5587219343696027,20.80865204668561,691.5,0.0,0.0,0.0,0.0,2
684.0,4.0,0.5074259756662705,0.0,0.0,0.0,0.0,0.0,376.0,3.0,0.5467835439090678,0.0,0.0,57.9,0.0,0.0,0.0,0.0,0.0,12668.0,0.0,19,1,0.5587219343696027,15.864005379055431,688.5,0.0,0.0,0.0,0.0,2
674.0,5.0,0.9380220769468768,0.0,0.0,0.0,0.0,0.0,482.0,5.0,0.4577212286999162,0.0,0.0,47.13333333333333,0.0,0.0,0.0,0.0,90.0,3218.0,44.0,20,1,0.5587219343696027,6.608075867202158,674.5,0.0,0.0,0.0,0.0,2
684.0,10.0,1.854257512488611,0.0,0.0,0.0,0.0,0.0,244.0,11.0,1.5480675096395424,0.0,0.0,33.333333333333336,0.0,0.0,0.0,0.0,30.0,8464.0,10.0,21,0,0.5587219343696027,7.724420150839773,678.5,0.0,0.0,0.0,0.0,2
230.0,7.0,1.1443125807981265,0.0,0.0,0.0,0.0,0.0,88.0,6.0,1.2350851495020154,0.0,0.0,17.5,0.0,0.0,0.0,0.0,0.0,8412.0,0.0,22,0,0.5587219343696027,232.73661794684,578.5,0.0,0.0,0.0,0.0,2
70.0,1.0,-1.000088900581841e-12,0.0,0.0,0.0,0.0,0.0,10.0,3.0,1.054920167983144,0.0,12.0,21.0,0.0,0.0,0.0,0.0,60.0,3130.0,32.0,23,0,0.5587219343696027,321.7385066582281,253.5,0.0,0.0,0.0,0.0,2
714.0,7.0,1.07847039281893,0.0,0.0,0.0,0.0,0.0,746.0,7.0,0.6940146166432951,0.0,0.0,56.13793103448276,0.0,0.0,0.0,0.0,70.0,19182.0,28.0,0,0,0.5587219343696027,390.77145921028233,372.5,0.0,0.0,0.0,0.0,2
704.0,7.0,1.4189177092767082,0.0,0.0,0.0,0.0,0.0,428.0,10.0,0.7784776274307564,0.0,0.0,93.4,0.0,0.0,0.0,0.0,0.0,8216.0,0.0,1,0,0.5587219343696027,6.608075867201621,710.5,0.0,0.0,0.0,0.0,2
700.0,8.0,1.7371532634924374,0.0,0.0,0.0,0.0,0.0,1046.0,10.0,0.4981460083417425,0.0,0.0,100.0,0.0,0.0,0.0,0.0,32.0,8618.0,6.0,2,0,0.5587219343696027,9.38083151964824,710.0,0.0,0.0,0.0,0.0,2
718.0,7.0,1.2260202708262593,0.0,0.0,0.0,0.0,0.0,18.0,4.0,1.3689223607362195,0.0,0.0,87.3,0.0,0.0,0.0,0.0,0.0,3680.0,0.0,9,1,0.5587219343696027,329.77770290505293,525.0,0.0,0.0,0.0,0.0,2
706.0,5.0,0.3896905787605154,0.0,0.0,0.0,0.0,0.0,104.0,4.0,0.8729901460018483,0.0,0.0,79.1,0.0,0.0,0.0,0.0,0.0,1628.0,0.0,10,1,0.5587219343696027,5.74456264654029,714.5,0.0,0.0,0.0,0.0,2
706.0,7.0,1.1936635536559097,0.0,0.0,0.0,0.0,0.0,184.0,5.0,0.6321677599098368,0.0,0.0,72.63333333333334,0.0,0.0,0.0,0.0,0.0,3190.0,0.0,11,1,0.5587219343696027,23.68543856465457,698.5,0.0,0.0,0.0,0.0,2
672.0,7.0,1.1025614955208265,0.0,0.0,0.0,0.0,0.0,602.0,5.0,0.1882917284697624,0.0,0.0,65.06896551724138,0.0,0.0,0.0,0.0,0.0,9260.0,0.0,12,1,0.5587219343696027,19.75685535031724,684.5,0.0,0.0,0.0,0.0,2
716.0,5.0,1.306567641870482,0.0,0.0,0.0,0.0,0.0,994.0,8.0,0.2995271857639622,0.0,0.0,53.766666666666666,0.0,0.0,0.0,0.0,8.0,7368.0,4.0,13,1,0.5587219343696027,24.29677619218976,686.5,0.0,0.0,0.0,0.0,2
648.0,5.0,1.3202432845281675,0.0,0.0,0.0,0.0,0.0,284.0,5.0,1.278116443352638,0.0,0.0,42.62068965517241,0.0,0.0,0.0,0.0,24.0,9354.0,14.0,14,1,0.5587219343696027,33.08574718314054,683.0,0.0,0.0,0.0,0.0,2
718.0,7.0,0.7593190270315667,0.0,0.0,0.0,0.0,0.0,738.0,8.0,1.0982960781953437,0.0,0.0,27.466666666666665,0.0,0.0,0.0,0.0,0.0,12578.0,0.0,15,1,0.5587219343696027,30.919249667481026,693.0,0.0,0.0,0.0,0.0,2
300.0,6.0,1.1488790218098668,0.0,0.0,0.0,0.0,0.0,50.0,4.0,1.049634821323547,0.0,0.0,16.53846153846154,0.0,0.0,0.0,0.0,14.0,5198.0,8.0,16,1,0.5587219343696027,197.82399584816136,594.5,0.0,0.0,0.0,0.0,2
0.0,0.0,0.0,0.0,0.0,0.0,0.0,0.0,0.0,0.0,0.0,0.0,6.0,0.0,0.0,0.0,0.0,0.0,0.0,3648.0,0.0,17,1,0.5587219343696027,313.6877428271625,240.0,0.0,0.0,0.0,0.0,2
718.0,1.0,-1.000088900581841e-12,0.0,0.0,0.0,0.0,0.0,408.0,4.0,0.1838905414216262,0.0,0.0,44.46666666666667,0.0,0.0,0.0,0.0,0.0,3734.0,0.0,18,1,0.5587219343696027,350.5747661579006,285.0,0.0,0.0,0.0,0.0,2
672.0,1.0,-1.000088900581841e-12,0.0,0.0,0.0,0.0,0.0,94.0,4.0,0.3795539988136527,0.0,0.0,89.86206896551724,0.0,0.0,0.0,0.0,0.0,0.0,0.0,19,1,0.5587219343696027,139.69848484026835,629.5,0.0,0.0,0.0,0.0,2
626.0,8.0,1.3337418314285758,0.0,0.0,0.0,0.0,0.0,688.0,12.0,1.3683659822432932,0.0,0.0,100.0,0.0,0.0,0.0,0.0,36.0,8046.0,12.0,20,1,0.5587219343696027,164.30358080902158,587.5,0.0,0.0,0.0,0.0,2
686.0,4.0,0.9167104459618284,0.0,0.0,0.0,0.0,0.0,636.0,7.0,0.3601617185688593,0.0,0.0,93.79310344827586,0.0,0.0,0.0,0.0,0.0,9950.0,0.0,21,0,0.5587219343696027,169.18924315688636,593.5,0.0,0.0,0.0,0.0,2
718.0,6.0,0.9033772087677444,0.0,0.0,0.0,0.0,0.0,110.0,4.0,0.8784711976216968,0.0,0.0,83.86666666666666,0.0,0.0,0.0,0.0,0.0,5158.0,0.0,22,0,0.5587219343696027,15.695009822658715,709.5,0.0,0.0,0.0,0.0,2
628.0,1.0,-1.000088900581841e-12,0.0,0.0,0.0,0.0,0.0,18.0,2.0,0.3488320958410319,0.0,0.0,76.0,0.0,0.0,0.0,0.0,0.0,0.0,0.0,23,0,0.5587219343696027,44.09081537009744,694.0,0.0,0.0,0.0,0.0,2
628.0,3.0,0.2661043598459695,0.0,0.0,0.0,0.0,0.0,10.0,2.0,0.6730116670072565,0.0,0.0,72.86666666666666,0.0,0.0,0.0,0.0,12.0,208.0,4.0,0,0,0.5587219343696027,39.71145930332983,657.5,0.0,0.0,0.0,0.0,2
704.0,8.0,1.6544492414069465,0.0,0.0,0.0,16.0,0.0,372.0,5.0,0.9680170534865364,0.0,0.0,66.0,0.0,0.0,0.0,0.0,56.0,3178.0,16.0,1,0,0.5587219343696027,31.085902485425034,664.5,0.0,0.0,8.000000000000002,4.0,2
640.0,3.0,0.1600924130457804,0.0,0.0,0.0,0.0,0.0,94.0,5.0,0.6921884178000423,0.0,0.0,63.10344827586207,0.0,0.0,0.0,0.0,16.0,418.0,4.0,2,0,0.5587219343696027,30.69744831958113,661.5,0.0,0.0,8.000000000000002,4.0,2
94.0,1.0,-1.000088900581841e-12,0.0,0.0,0.0,0.0,0.0,0.0,0.0,0.0,0.0,0.0,61.9,8.0,0.0,0.0,0.0,0.0,0.0,0.0,3,0,0.5587219343696027,269.48345651140323,498.0,0.0,0.0,0.0,0.0,2
0.0,0.0,0.0,0.0,0.0,0.0,0.0,0.0,4.0,1.0,-1.000088900581841e-12,0.0,0.0,60.13333333333333,10.0,0.0,0.0,0.0,0.0,0.0,0.0,4,0,0.5587219343696027,297.6502421747153,178.5,0.0,0.0,0.0,0.0,2
0.0,0.0,0.0,0.0,0.0,0.0,0.0,0.0,0.0,0.0,0.0,0.0,0.0,58.93333333333333,0.0,0.0,0.0,0.0,0.0,0.0,0.0,5,0,0.5587219343696027,0.0,0.0,0.0,0.0,0.0,0.0,2
0.0,0.0,0.0,0.0,0.0,0.0,0.0,0.0,196.0,2.0,0.0569372244356318,0.0,0.0,56.46666666666667,0.0,0.0,0.0,0.0,0.0,0.0,0.0,6,0,0.5587219343696027,0.0,0.0,0.0,0.0,0.0,0.0,2
0.0,0.0,0.0,0.0,0.0,0.0,0.0,0.0,0.0,0.0,0.0,0.0,0.0,56.0,0.0,0.0,0.0,0.0,0.0,0.0,0.0,7,0,0.5587219343696027,0.0,0.0,0.0,0.0,0.0,0.0,2
0.0,0.0,0.0,0.0,0.0,0.0,0.0,0.0,54.0,3.0,0.5221718404972467,0.0,0.0,55.0,0.0,0.0,0.0,0.0,0.0,0.0,0.0,8,1,0.5587219343696027,0.0,0.0,0.0,0.0,0.0,0.0,2
0.0,0.0,0.0,0.0,0.0,0.0,0.0,0.0,96.0,4.0,1.0132693756755533,0.0,0.0,54.0,0.0,0.0,0.0,0.0,0.0,0.0,0.0,9,1,0.5587219343696027,0.0,0.0,0.0,0.0,0.0,0.0,2
648.0,3.0,0.3053240173706575,0.0,0.0,0.0,0.0,0.0,46.0,3.0,0.355712859743894,0.0,0.0,50.8,0.0,0.0,0.0,0.0,0.0,1068.0,0.0,10,1,0.5587219343696027,314.0716478767225,179.5,0.0,0.0,0.0,0.0,2
46.0,1.0,-1.000088900581841e-12,0.0,0.0,0.0,0.0,0.0,42.0,3.0,0.6680178186577534,0.0,0.0,49.793103448275865,8.0,0.0,0.0,0.0,0.0,0.0,0.0,11,1,0.5587219343696027,334.54994644546974,347.5,0.0,0.0,0.0,0.0,2
0.0,0.0,0.0,0.0,0.0,0.0,0.0,0.0,40.0,5.0,1.201367004263985,0.0,0.0,48.73333333333333,8.0,0.0,0.0,0.0,0.0,0.0,0.0,12,1,0.5587219343696027,306.10237938746354,168.0,0.0,0.0,0.0,0.0,2
446.0,5.0,0.8589293667275417,0.0,0.0,0.0,0.0,0.0,66.0,12.0,2.163061609426827,0.0,0.0,46.793103448275865,0.0,0.0,0.0,0.0,50.0,1082.0,12.0,13,1,0.5587219343696027,223.00000000000003,111.5,0.0,0.0,0.0,0.0,2
704.0,7.0,0.8259261832307638,0.0,0.0,0.0,0.0,0.0,500.0,7.0,1.266148952234312,0.0,0.0,35.63333333333333,0.0,0.0,0.0,0.0,0.0,16628.0,0.0,14,1,0.5587219343696027,333.04404113169977,464.5,0.0,0.0,0.0,0.0,2
716.0,8.0,1.1152274498446122,0.0,0.0,0.0,0.0,0.0,256.0,6.0,1.259178141548241,0.0,0.0,21.73333333333333,0.0,0.0,0.0,0.0,0.0,14024.0,0.0,15,1,0.5587219343696027,5.259911279351783,708.5,0.0,0.0,0.0,0.0,2
0.0,0.0,0.0,0.0,0.0,0.0,0.0,0.0,0.0,0.0,0.0,0.0,0.0,0.0,0.0,0.0,0.0,0.0,48.0,9290.0,8.0,16,1,0.5587219343696027,346.0500927129866,431.0,0.0,0.0,0.0,0.0,2
714.0,6.0,1.1254754216060154,0.0,0.0,0.0,0.0,0.0,906.0,13.0,1.0500819126709582,0.0,0.0,33.333333333333336,0.0,0.0,0.0,0.0,52.0,5358.0,4.0,17,1,0.5587219343696027,328.99594729013506,263.5,0.0,0.0,0.0,0.0,2
698.0,7.0,1.5057257095651695,0.0,0.0,0.0,0.0,0.0,714.0,11.0,0.9513652647948588,0.0,0.0,70.53333333333333,0.0,0.0,0.0,0.0,26.0,18580.0,8.0,18,1,0.5587219343696027,335.7633094904802,541.5,0.0,0.0,0.0,0.0,2
716.0,7.0,1.5955584421336055,0.0,0.0,0.0,0.0,0.0,68.0,7.0,1.7907316475085835,0.0,0.0,97.96666666666668,0.0,0.0,0.0,0.0,78.0,11114.0,32.0,19,1,0.5587219343696027,8.485281374237807,710.0,0.0,0.0,0.0,0.0,2
688.0,4.0,0.5137547967769133,0.0,0.0,0.0,0.0,0.0,116.0,6.0,1.078417410689977,0.0,0.0,96.96666666666668,0.0,0.0,0.0,0.0,26.0,18474.0,10.0,20,1,0.5587219343696027,24.49489742783152,694.0,0.0,0.0,0.0,0.0,2
704.0,6.0,1.447439552520553,0.0,0.0,0.0,0.0,0.0,350.0,6.0,1.307198713709124,0.0,0.0,85.6,0.0,0.0,0.0,0.0,0.0,23908.0,0.0,21,0,0.5587219343696027,20.330600909302227,690.0,0.0,0.0,0.0,0.0,2
702.0,6.0,0.9221200658597796,0.0,0.0,0.0,0.0,0.0,202.0,5.0,1.1231284442397045,0.0,0.0,75.6,0.0,0.0,0.0,0.0,50.0,12278.0,16.0,22,0,0.5587219343696027,1.9148542155091683,704.5,0.0,0.0,0.0,0.0,2
716.0,4.0,0.8928345533220436,0.0,0.0,0.0,0.0,0.0,6.0,2.0,0.6365141682928128,0.0,0.0,35.63333333333333,0.0,0.0,0.0,0.0,0.0,1926.0,0.0,3,0,0.5587219343696027,334.1177437171912,426.0,0.0,0.0,0.0,0.0,2
638.0,5.0,0.4835979868916412,0.0,0.0,0.0,0.0,0.0,16.0,5.0,1.4941751382843085,0.0,0.0,29.1,0.0,0.0,0.0,0.0,6.0,358.0,0.0,4,0,0.5587219343696027,312.31181000190605,524.0,0.0,0.0,0.0,0.0,2
68.0,1.0,-1.000088900581841e-12,0.0,0.0,0.0,0.0,0.0,0.0,0.0,0.0,0.0,0.0,28.0,4.0,0.0,0.0,0.0,0.0,0.0,0.0,5,0,0.5587219343696027,290.91751408260035,502.5,0.0,0.0,0.0,0.0,2
0.0,0.0,0.0,0.0,0.0,0.0,0.0,0.0,88.0,1.0,-1.000088900581841e-12,0.0,0.0,26.3,0.0,0.0,0.0,0.0,0.0,0.0,0.0,6,0,0.5587219343696027,300.381979042241,172.0,0.0,0.0,0.0,0.0,2
0.0,0.0,0.0,0.0,0.0,0.0,0.0,0.0,12.0,2.0,0.6365141682928128,0.0,0.0,25.41379310344828,0.0,0.0,0.0,0.0,0.0,0.0,0.0,7,0,0.5587219343696027,0.0,0.0,0.0,0.0,0.0,0.0,2
0.0,0.0,0.0,0.0,0.0,0.0,0.0,0.0,0.0,0.0,0.0,0.0,0.0,24.133333333333333,0.0,0.0,0.0,0.0,0.0,0.0,0.0,8,1,0.5587219343696027,0.0,0.0,0.0,0.0,0.0,0.0,2
0.0,0.0,0.0,0.0,0.0,0.0,0.0,0.0,52.0,2.0,0.4293230219286162,0.0,0.0,23.0,0.0,0.0,0.0,0.0,0.0,0.0,0.0,9,1,0.5587219343696027,0.0,0.0,0.0,0.0,0.0,0.0,2
0.0,0.0,0.0,0.0,0.0,0.0,0.0,0.0,18.0,4.0,1.273028336585626,0.0,0.0,21.966666666666665,0.0,0.0,0.0,0.0,0.0,0.0,0.0,10,1,0.5587219343696027,0.0,0.0,0.0,0.0,0.0,0.0,2
0.0,0.0,0.0,0.0,0.0,0.0,0.0,0.0,242.0,2.0,0.0842038510377833,0.0,0.0,20.366666666666667,0.0,0.0,0.0,0.0,0.0,0.0,0.0,11,1,0.5587219343696027,0.0,0.0,0.0,0.0,0.0,0.0,2
208.0,7.0,1.6787198945140351,0.0,0.0,0.0,0.0,0.0,10.0,3.0,1.054920167983144,0.0,0.0,16.75,0.0,0.0,0.0,0.0,0.0,7632.0,0.0,12,1,0.5587219343696027,98.05440666623124,69.0,0.0,0.0,0.0,0.0,2
164.0,1.0,-1.000088900581841e-12,0.0,0.0,0.0,0.0,0.0,262.0,5.0,0.2468629271272399,0.0,12.0,23.142857142857142,0.0,0.0,0.0,0.0,0.0,8630.0,0.0,13,1,0.5587219343696027,93.77988412589691,110.0,0.0,0.0,0.0,0.0,2
718.0,8.0,1.4255745834419131,0.0,0.0,0.0,0.0,0.0,372.0,7.0,0.9817843259420788,0.0,0.0,66.93333333333334,0.0,0.0,0.0,0.0,0.0,10098.0,0.0,14,1,0.5587219343696027,371.55304690806486,398.5,0.0,0.0,0.0,0.0,2
626.0,8.0,1.384307482054791,0.0,0.0,0.0,0.0,0.0,166.0,5.0,0.6095223330019413,0.0,0.0,97.44827586206895,0.0,0.0,0.0,0.0,0.0,6958.0,0.0,15,1,0.5587219343696027,42.03173404306148,685.0,0.0,0.0,0.0,0.0,2
668.0,13.0,2.0562357232395563,0.0,0.0,0.0,0.0,0.0,212.0,8.0,1.2046342829916423,0.0,0.0,99.86206896551724,0.0,0.0,0.0,0.0,18.0,8426.0,8.0,16,1,0.5587219343696027,29.04594062285904,651.5,0.0,0.0,0.0,0.0,2
716.0,6.0,1.6823431176579842,0.0,0.0,0.0,0.0,0.0,404.0,5.0,0.5134261462938586,0.0,0.0,91.1,0.0,0.0,0.0,0.0,18.0,8602.0,6.0,17,1,0.5587219343696027,40.079088479321975,679.5,0.0,0.0,0.0,0.0,2
636.0,6.0,0.935531306619356,0.0,0.0,0.0,0.0,0.0,354.0,9.0,1.463754595324362,0.0,0.0,80.6896551724138,0.0,0.0,0.0,0.0,0.0,13060.0,0.0,18,1,0.5587219343696027,37.25139818405013,691.5,0.0,0.0,0.0,0.0,2
626.0,7.0,1.5604715870079862,0.0,0.0,0.0,0.0,0.0,414.0,10.0,1.483343398995466,0.0,0.0,67.62068965517241,0.0,0.0,0.0,0.0,36.0,14420.0,10.0,19,1,0.5587219343696027,39.61481204465469,649.0,0.0,0.0,0.0,0.0,2
692.0,7.0,0.6324696145932956,0.0,0.0,0.0,0.0,0.0,148.0,8.0,1.424373215339655,0.0,0.0,58.89655172413793,0.0,0.0,0.0,0.0,58.0,11252.0,12.0,20,1,0.5587219343696027,31.685959035509487,645.0,0.0,0.0,0.0,0.0,2
692.0,7.0,1.4214495072579734,0.0,0.0,0.0,0.0,0.0,396.0,6.0,0.8951523891431035,0.0,0.0,43.89655172413793,0.0,0.0,0.0,0.0,0.0,18084.0,0.0,21,0,0.5587219343696027,30.03886371574861,680.5,0.0,0.0,0.0,0.0,2
706.0,5.0,1.3068650227859788,0.0,0.0,0.0,0.0,0.0,74.0,5.0,1.367937014452869,0.0,0.0,29.13793103448276,0.0,0.0,0.0,0.0,110.0,5102.0,20.0,22,0,0.5587219343696027,10.754843869933728,704.5,0.0,0.0,0.0,0.0,2
638.0,6.0,0.6300983751572952,0.0,0.0,0.0,0.0,0.0,34.0,2.0,0.2237180760638337,0.0,0.0,18.77777777777778,0.0,0.0,0.0,0.0,22.0,6258.0,4.0,23,0,0.5587219343696027,35.38361202590804,689.0,0.0,0.0,0.0,0.0,2
276.0,8.0,1.292330543575706,0.0,0.0,0.0,0.0,0.0,108.0,7.0,1.7414457309292095,0.0,20.0,17.666666666666668,0.0,0.0,0.0,0.0,40.0,12746.0,6.0,0,0,0.5587219343696027,325.801575604948,402.0,0.0,0.0,0.0,0.0,2
704.0,8.0,1.646458684951548,0.0,0.0,0.0,0.0,0.0,144.0,9.0,1.791759469219055,0.0,0.0,54.96551724137931,0.0,0.0,0.0,0.0,46.0,10250.0,12.0,1,0,0.5587219343696027,347.86012514610906,423.0,0.0,0.0,0.0,0.0,2
674.0,1.0,-1.000088900581841e-12,0.0,0.0,0.0,0.0,0.0,154.0,2.0,0.120456033847227,0.0,0.0,94.66666666666669,0.0,0.0,0.0,0.0,0.0,0.0,0.0,2,0,0.5587219343696027,17.009801096230678,699.0,0.0,0.0,0.0,0.0,2
0.0,0.0,0.0,0.0,0.0,0.0,0.0,0.0,8.0,2.0,0.6931471805579453,0.0,0.0,100.0,0.0,0.0,0.0,0.0,0.0,0.0,0.0,3,0,0.5587219343696027,379.4676095092527,362.5,0.0,0.0,0.0,0.0,2
0.0,0.0,0.0,0.0,0.0,0.0,0.0,0.0,4.0,1.0,-1.000088900581841e-12,0.0,0.0,100.0,0.0,0.0,0.0,0.0,0.0,0.0,0.0,4,0,0.5587219343696027,35.00000000000009,17.5,0.0,0.0,0.0,0.0,2
0.0,0.0,0.0,0.0,0.0,0.0,0.0,0.0,10.0,3.0,1.054920167983144,0.0,0.0,100.0,0.0,0.0,0.0,0.0,0.0,0.0,0.0,5,0,0.5587219343696027,0.0,0.0,0.0,0.0,0.0,0.0,2
0.0,0.0,0.0,0.0,0.0,0.0,0.0,0.0,10.0,3.0,1.054920167983144,0.0,0.0,100.0,0.0,0.0,0.0,0.0,0.0,0.0,0.0,6,0,0.5587219343696027,0.0,0.0,0.0,0.0,0.0,0.0,2
0.0,0.0,0.0,0.0,0.0,0.0,0.0,0.0,4.0,1.0,-1.000088900581841e-12,0.0,0.0,100.0,0.0,0.0,0.0,0.0,0.0,0.0,0.0,7,0,0.5587219343696027,0.0,0.0,0.0,0.0,0.0,0.0,2
0.0,0.0,0.0,0.0,0.0,0.0,0.0,0.0,580.0,4.0,0.1712430927889805,0.0,80.0,100.0,0.0,0.0,0.0,0.0,140.0,0.0,0.0,8,1,0.5587219343696027,0.0,0.0,0.0,0.0,0.0,0.0,5
666.0,4.0,0.869879961378518,0.0,0.0,0.0,0.0,0.0,196.0,7.0,0.7876974187279684,0.0,0.0,100.0,0.0,0.0,0.0,0.0,32.0,3936.0,4.0,9,1,0.5587219343696027,372.78546108988746,322.5,0.0,0.0,0.0,0.0,2
714.0,7.0,1.0376150434589535,0.0,0.0,0.0,0.0,0.0,328.0,7.0,1.196062744474439,0.0,0.0,33.41379310344828,0.0,0.0,0.0,0.0,6.0,7120.0,4.0,17,1,0.5587219343696027,278.6700558007623,560.5,0.0,0.0,0.0,0.0,2
716.0,5.0,0.5791079029814385,0.0,0.0,0.0,0.0,0.0,122.0,9.0,1.4359903439116986,0.0,0.0,21.73333333333333,0.0,0.0,0.0,0.0,0.0,6174.0,0.0,18,1,0.5587219343696027,1.9148542155143635,716.5,0.0,0.0,0.0,0.0,2
0.0,0.0,0.0,0.0,0.0,0.0,0.0,0.0,0.0,0.0,0.0,0.0,0.0,0.0,0.0,0.0,0.0,0.0,12.0,4444.0,2.0,19,1,0.5587219343696027,344.00387594715653,446.0,0.0,0.0,0.0,0.0,2
152.0,1.0,-1.000088900581841e-12,0.0,0.0,0.0,0.0,0.0,6.0,2.0,0.6365141682928128,0.0,6.0,22.5,0.0,0.0,0.0,0.0,6.0,3110.0,4.0,20,1,0.5587219343696027,165.9347261224525,125.5,0.0,0.0,0.0,0.0,2
710.0,6.0,1.2287496756739926,0.0,0.0,0.0,0.0,0.0,586.0,9.0,0.3802172720926042,0.0,0.0,62.8,0.0,0.0,0.0,0.0,8.0,7152.0,4.0,21,0,0.5587219343696027,370.6943934473967,392.5,0.0,0.0,0.0,0.0,2
692.0,2.0,0.6931304742602273,0.0,0.0,0.0,0.0,0.0,82.0,3.0,0.3083386903422212,0.0,0.0,96.8,0.0,0.0,0.0,0.0,8.0,0.0,0.0,22,0,0.5587219343696027,8.71779788708117,705.0,0.0,0.0,0.0,0.0,2
358.0,1.0,-1.000088900581841e-12,0.0,0.0,0.0,0.0,0.0,596.0,3.0,0.0627175654239926,0.0,0.0,100.0,0.0,0.0,0.0,0.0,0.0,0.0,0.0,23,0,0.5587219343696027,172.50603854165027,616.5,0.0,0.0,0.0,0.0,2
352.0,5.0,0.9324049951674578,0.0,0.0,0.0,0.0,0.0,464.0,8.0,0.3623641953877586,0.0,0.0,100.0,0.0,0.0,0.0,0.0,8.0,4096.0,4.0,0,0,0.5587219343696027,288.2360144048624,354.0,0.0,0.0,0.0,0.0,2
714.0,6.0,0.2527252689853115,0.0,0.0,0.0,0.0,0.0,126.0,5.0,1.0268904200376798,0.0,0.0,98.93333333333334,0.0,0.0,0.0,0.0,10.0,374.0,6.0,1,0,0.5587219343696027,343.2977327821047,446.0,0.0,0.0,0.0,0.0,2
710.0,6.0,1.4313455962990915,0.0,0.0,0.0,0.0,0.0,352.0,8.0,0.6991240441416635,0.0,0.0,91.56666666666666,0.0,0.0,0.0,0.0,12.0,3236.0,6.0,2,0,0.5587219343696027,24.22120283277997,702.0,0.0,0.0,0.0,0.0,2
716.0,8.0,1.4971829020829337,0.0,0.0,0.0,4.0,0.0,340.0,4.0,0.3733369733094663,0.0,0.0,66.06896551724138,0.0,0.0,0.0,0.0,0.0,6170.0,0.0,10,1,0.5587219343696027,352.3572997209887,408.5,0.0,0.0,2.0000000000000115,1.0,2
706.0,3.0,0.6979584386263048,0.0,0.0,0.0,0.0,0.0,736.0,6.0,0.2478127989760044,0.0,0.0,55.56666666666667,0.0,0.0,0.0,0.0,16.0,372.0,8.0,11,1,0.5587219343696027,318.709899438345,554.0,0.0,0.0,2.0000000000000115,1.0,1
612.0,8.0,1.6172861440493076,0.0,0.0,0.0,0.0,0.0,716.0,6.0,0.8853245311550514,0.0,0.0,46.86206896551724,0.0,0.0,0.0,0.0,0.0,6558.0,0.0,12,1,0.5587219343696027,48.18021724041227,683.0,0.0,0.0,0.0,0.0,2
636.0,7.0,1.4849459550315458,0.0,0.0,0.0,4.0,0.0,474.0,8.0,0.4208699152363574,0.0,0.0,33.43333333333333,0.0,0.0,0.0,0.0,8.0,8114.0,2.0,13,1,0.5587219343696027,37.64306044943724,654.5,0.0,0.0,6.608075867199673,4.5,2
576.0,7.0,1.2235532749474882,0.0,0.0,0.0,0.0,0.0,444.0,6.0,0.4602505862249272,0.0,6.0,18.846153846153847,0.0,0.0,0.0,0.0,0.0,8736.0,0.0,14,1,0.5587219343696027,49.490739874579766,643.0,0.0,0.0,6.608075867199673,4.5,2
718.0,7.0,1.4004449588266523,0.0,0.0,0.0,0.0,0.0,816.0,6.0,0.4925247047401297,0.0,0.0,50.06666666666667,0.0,0.0,0.0,0.0,0.0,8538.0,0.0,15,1,0.5587219343696027,67.81346965512569,645.0,0.0,0.0,0.0,0.0,2
622.0,4.0,1.0238155219252194,0.0,0.0,0.0,0.0,0.0,1146.0,4.0,0.2998833899940578,0.0,0.0,66.13333333333334,0.0,0.0,0.0,0.0,36.0,13000.0,12.0,17,1,0.5587219343696027,38.66091911306106,651.0,0.0,0.0,3.829708431025359,3.0,2
662.0,5.0,1.0284784474187738,0.0,0.0,0.0,0.0,0.0,748.0,6.0,0.2672508164246458,0.0,0.0,56.0,0.0,0.0,0.0,0.0,0.0,8412.0,0.0,18,1,0.5587219343696027,20.157711510320727,646.5,0.0,0.0,2.000000000000012,1.0,2
694.0,6.0,1.3689873363838083,0.0,0.0,0.0,0.0,0.0,664.0,5.0,0.3549265995006537,0.0,0.0,49.13793103448276,0.0,0.0,0.0,0.0,14.0,8070.0,6.0,19,1,0.5587219343696027,14.65150731722336,673.0,0.0,0.0,0.0,0.0,3
672.0,7.0,1.259105399378209,0.0,0.0,0.0,0.0,0.0,912.0,4.0,0.1285917089598869,0.0,0.0,39.93103448275862,0.0,0.0,0.0,0.0,14.0,9808.0,6.0,20,1,0.5587219343696027,11.372481406153913,677.0,0.0,0.0,7.000000000000004,3.5,5
716.0,4.0,0.3491287816320962,0.0,0.0,0.0,0.0,0.0,48.0,7.0,1.791297012079222,0.0,0.0,29.133333333333333,0.0,0.0,0.0,0.0,14.0,1672.0,12.0,21,0,0.5587219343696027,25.99358895317556,693.5,0.0,0.0,7.000000000000004,3.5,5
708.0,7.0,1.3228818408179033,0.0,0.0,0.0,0.0,0.0,34.0,3.0,0.803742107313203,0.0,0.0,19.73333333333333,0.0,0.0,0.0,0.0,0.0,4916.0,0.0,22,0,0.5587219343696027,4.434711565214821,714.5,0.0,0.0,0.0,0.0,5
716.0,8.0,1.8147357941481004,0.0,0.0,0.0,0.0,0.0,0.0,0.0,0.0,0.0,8.0,0.0,0.0,0.0,0.0,0.0,0.0,7540.0,0.0,23,0,0.5587219343696027,15.609825965290264,706.5,0.0,0.0,0.0,0.0,5
718.0,2.0,0.0191697168109286,0.0,0.0,0.0,0.0,0.0,14.0,3.0,1.0042424730510766,0.0,0.0,46.766666666666666,0.0,0.0,0.0,0.0,0.0,11248.0,0.0,0,0,0.5587219343696027,16.360521589076857,703.5,0.0,0.0,0.0,0.0,5
684.0,5.0,0.975165941284648,0.0,0.0,0.0,0.0,0.0,102.0,4.0,0.9249706208293778,0.0,0.0,87.27586206896552,0.0,0.0,0.0,0.0,16.0,7348.0,6.0,1,0,0.5587219343696027,16.360521589076857,703.5,0.0,0.0,0.0,0.0,5
586.0,1.0,-1.000088900581841e-12,0.0,0.0,0.0,0.0,0.0,8.0,1.0,-1.000088900581841e-12,0.0,0.0,100.0,0.0,0.0,0.0,0.0,0.0,1016.0,0.0,2,0,0.5587219343696027,62.44731112439229,676.5,0.0,0.0,0.0,0.0,5
692.0,3.0,0.1127536573886649,0.0,0.0,0.0,6.0,0.0,306.0,2.0,0.0393932209418471,0.0,0.0,95.4,0.0,0.0,0.0,0.0,0.0,166.0,0.0,3,0,0.5587219343696027,57.92811637423272,668.5,0.0,0.0,3.000000000000008,2.5,5
18.0,1.0,-1.000088900581841e-12,0.0,0.0,0.0,0.0,0.0,2.0,1.0,-1.000088900581841e-12,0.0,0.0,95.0,12.0,0.0,0.0,0.0,0.0,0.0,0.0,4,0,0.5587219343696027,324.05349352640326,502.0,0.0,0.0,3.000000000000008,2.5,2
0.0,0.0,0.0,0.0,0.0,0.0,0.0,0.0,0.0,0.0,0.0,0.0,0.0,94.0,0.0,0.0,0.0,0.0,0.0,0.0,0.0,5,0,0.5587219343696027,308.1168609472711,160.0,0.0,0.0,0.0,0.0,2
0.0,0.0,0.0,0.0,0.0,0.0,0.0,0.0,0.0,0.0,0.0,0.0,0.0,93.0,0.0,0.0,0.0,0.0,0.0,0.0,0.0,6,0,0.5587219343696027,0.0,0.0,0.0,0.0,0.0,0.0,2
0.0,0.0,0.0,0.0,0.0,0.0,0.0,0.0,0.0,0.0,0.0,0.0,0.0,92.0,0.0,0.0,0.0,0.0,0.0,0.0,0.0,7,0,0.5587219343696027,0.0,0.0,0.0,0.0,0.0,0.0,2
0.0,0.0,0.0,0.0,0.0,0.0,0.0,0.0,0.0,0.0,0.0,0.0,0.0,91.0,0.0,0.0,0.0,0.0,0.0,0.0,0.0,8,1,0.5587219343696027,0.0,0.0,0.0,0.0,0.0,0.0,2
0.0,0.0,0.0,0.0,0.0,0.0,0.0,0.0,16.0,3.0,1.0821955300357673,0.0,0.0,90.0,0.0,0.0,0.0,0.0,0.0,0.0,0.0,9,1,0.5587219343696027,0.0,0.0,0.0,0.0,0.0,0.0,2
0.0,0.0,0.0,0.0,0.0,0.0,0.0,0.0,12.0,3.0,1.0986122886651095,0.0,0.0,89.0,0.0,0.0,0.0,0.0,0.0,0.0,0.0,10,1,0.5587219343696027,0.0,0.0,0.0,0.0,0.0,0.0,2
716.0,6.0,0.9350693011876572,0.0,0.0,0.0,0.0,0.0,462.0,7.0,0.4402768772232227,0.0,0.0,83.65517241379311,0.0,0.0,0.0,0.0,0.0,35656.0,0.0,11,1,0.5587219343696027,348.14556342618147,196.0,0.0,0.0,0.0,0.0,2
706.0,6.0,1.3404444798027555,0.0,0.0,0.0,0.0,0.0,276.0,7.0,1.4395289583883115,0.0,0.0,73.63333333333334,0.0,0.0,0.0,0.0,28.0,13790.0,8.0,12,1,0.5587219343696027,322.70936356624884,552.0,0.0,0.0,0.0,0.0,2
710.0,7.0,0.5424535953772628,0.0,0.0,0.0,0.0,0.0,112.0,8.0,1.3210648496279722,0.0,0.0,60.66666666666666,0.0,0.0,0.0,0.0,28.0,11668.0,6.0,13,1,0.5587219343696027,5.259911279353781,710.5,0.0,0.0,0.0,0.0,2
706.0,7.0,0.8728181856133401,0.0,0.0,0.0,0.0,0.0,258.0,6.0,1.195948108284662,0.0,0.0,50.1,0.0,0.0,0.0,0.0,28.0,11256.0,4.0,14,1,0.5587219343696027,5.259911279353781,710.5,0.0,0.0,0.0,0.0,2
668.0,4.0,0.7935884443239734,0.0,0.0,0.0,0.0,0.0,872.0,4.0,0.6833775064735056,0.0,0.0,37.43333333333333,0.0,0.0,0.0,0.0,0.0,24114.0,0.0,15,1,0.5587219343696027,21.748563170931696,699.5,0.0,0.0,0.0,0.0,2
686.0,6.0,0.8317995889576362,0.0,0.0,0.0,0.0,0.0,450.0,7.0,0.9812842687630632,0.0,0.0,21.9,0.0,0.0,0.0,0.0,0.0,14168.0,0.0,16,1,0.5587219343696027,15.577761927397448,686.0,0.0,0.0,0.0,0.0,2
710.0,6.0,1.2823966023076034,0.0,0.0,0.0,0.0,0.0,358.0,9.0,0.8267739454820753,0.0,0.0,30.93103448275862,0.0,0.0,0.0,0.0,28.0,23758.0,12.0,17,1,0.5587219343696027,211.99606914594747,587.5,0.0,0.0,0.0,0.0,2
716.0,7.0,1.5110060458267205,0.0,0.0,0.0,0.0,0.0,528.0,7.0,0.6198378275964274,0.0,0.0,62.56666666666667,0.0,0.0,0.0,0.0,0.0,19758.0,0.0,18,1,0.5587219343696027,217.3867521262508,595.5,0.0,0.0,0.0,0.0,2
708.0,9.0,1.359269158811283,0.0,0.0,0.0,0.0,0.0,158.0,3.0,0.7159013079291797,0.0,0.0,96.4,0.0,0.0,0.0,0.0,0.0,18310.0,0.0,19,1,0.5587219343696027,12.89702808143578,704.5,0.0,0.0,0.0,0.0,2
664.0,7.0,1.3858016473583843,0.0,0.0,0.0,0.0,0.0,728.0,10.0,0.8510282046719752,0.0,0.0,100.0,0.0,0.0,0.0,0.0,128.0,27726.0,36.0,20,1,0.5587219343696027,21.416504538945567,696.0,0.0,0.0,0.0,0.0,2
706.0,6.0,1.305100546502234,0.0,0.0,0.0,0.0,0.0,518.0,7.0,0.893829212821125,0.0,0.0,91.56666666666666,0.0,0.0,0.0,0.0,0.0,22200.0,0.0,21,0,0.5587219343696027,20.80865204668504,687.5,0.0,0.0,0.0,0.0,1
708.0,3.0,0.1766815130334005,0.0,0.0,0.0,0.0,0.0,130.0,3.0,0.2738350477878407,0.0,0.0,81.06666666666666,0.0,0.0,0.0,0.0,0.0,14228.0,0.0,22,0,0.5587219343696027,15.362291495737525,699.0,0.0,0.0,0.0,0.0,1
698.0,4.0,1.1691971191888126,0.0,0.0,0.0,0.0,0.0,1082.0,5.0,0.7743630187858528,0.0,0.0,68.8,0.0,0.0,0.0,0.0,0.0,40436.0,0.0,23,0,0.5587219343696027,10.8934230922459,699.0,0.0,0.0,0.0,0.0,1
692.0,7.0,0.5858427761171304,0.0,0.0,0.0,0.0,0.0,220.0,5.0,1.234044999866609,0.0,0.0,53.53333333333333,0.0,0.0,0.0,0.0,0.0,33776.0,0.0,0,0,0.5587219343696027,7.831560082981085,694.0,0.0,0.0,0.0,0.0,2
718.0,10.0,1.7736473903441892,0.0,0.0,0.0,0.0,0.0,226.0,8.0,1.6789075841772516,0.0,0.0,37.766666666666666,0.0,0.0,0.0,0.0,34.0,36684.0,8.0,1,0,0.5587219343696027,12.793227374930678,707.5,0.0,0.0,0.0,0.0,2
690.0,5.0,1.2975041413417254,0.0,0.0,0.0,0.0,0.0,370.0,8.0,1.0843743069883347,0.0,0.0,22.433333333333334,0.0,0.0,0.0,0.0,114.0,16010.0,22.0,2,0,0.5587219343696027,13.699148392023336,710.5,0.0,0.0,0.0,0.0,2
32.0,2.0,0.3767701612544368,0.0,0.0,0.0,0.0,0.0,0.0,0.0,0.0,0.0,0.0,16.0,0.0,0.0,0.0,0.0,0.0,24836.0,0.0,3,0,0.5587219343696027,335.1711005839654,534.5,0.0,0.0,0.0,0.0,2
330.0,6.0,0.5750805305115038,0.0,0.0,0.0,0.0,0.0,0.0,0.0,0.0,0.0,0.0,24.866666666666667,0.0,0.0,0.0,0.0,0.0,1452.0,0.0,4,0,0.5587219343696027,285.27647408552053,313.0,0.0,0.0,0.0,0.0,2
102.0,1.0,-1.000088900581841e-12,0.0,0.0,0.0,0.0,0.0,6.0,1.0,-1.000088900581841e-12,0.0,0.0,77.23333333333333,0.0,0.0,0.0,0.0,0.0,0.0,0.0,5,0,0.5587219343696027,267.359308796234,332.5,0.0,0.0,0.0,0.0,2
706.0,1.0,-1.000088900581841e-12,0.0,0.0,0.0,0.0,0.0,60.0,5.0,0.6725910488963251,0.0,0.0,99.53333333333332,0.0,0.0,0.0,0.0,2.0,0.0,0.0,6,0,0.5587219343696027,332.36526092037155,420.0,0.0,0.0,0.0,0.0,2
0.0,0.0,0.0,0.0,0.0,0.0,0.0,0.0,4.0,1.0,-1.000088900581841e-12,0.0,0.0,100.0,0.0,0.0,0.0,0.0,0.0,0.0,0.0,7,0,0.5587219343696027,321.45243297674176,345.5,0.0,0.0,0.0,0.0,2
0.0,0.0,0.0,0.0,0.0,0.0,0.0,0.0,10.0,1.0,-1.000088900581841e-12,0.0,0.0,100.0,0.0,0.0,0.0,0.0,0.0,0.0,0.0,8,1,0.5587219343696027,256.0,128.0,0.0,0.0,0.0,0.0,2
0.0,0.0,0.0,0.0,0.0,0.0,0.0,0.0,20.0,2.0,0.5004024235361879,0.0,0.0,100.0,0.0,0.0,0.0,0.0,0.0,0.0,0.0,9,1,0.5587219343696027,0.0,0.0,0.0,0.0,0.0,0.0,2
0.0,0.0,0.0,0.0,0.0,0.0,0.0,0.0,24.0,3.0,0.8675632284784613,0.0,0.0,100.0,0.0,0.0,0.0,0.0,0.0,0.0,0.0,10,1,0.5587219343696027,0.0,0.0,0.0,0.0,0.0,0.0,2
34.0,2.0,0.362210557133449,0.0,0.0,0.0,0.0,0.0,30.0,5.0,1.22933621590266,0.0,0.0,100.0,0.0,0.0,0.0,0.0,2.0,288.0,2.0,11,1,0.5587219343696027,17.0,8.5,0.0,0.0,0.0,0.0,2
658.0,1.0,-1.000088900581841e-12,0.0,0.0,0.0,0.0,0.0,28.0,5.0,1.376055285255417,0.0,0.0,100.0,0.0,0.0,0.0,0.0,0.0,0.0,0.0,12,1,0.5587219343696027,373.248799953418,340.0,0.0,0.0,0.0,0.0,2
0.0,0.0,0.0,0.0,0.0,0.0,0.0,0.0,16.0,4.0,1.0735428464045231,0.0,0.0,100.0,0.0,0.0,0.0,0.0,6.0,0.0,0.0,13,1,0.5587219343696027,324.99179476821666,486.5,0.0,0.0,0.0,0.0,2
700.0,4.0,1.1330022967855553,0.0,0.0,0.0,0.0,0.0,30.0,3.0,0.8532361505527783,0.0,0.0,100.0,0.0,0.0,0.0,0.0,6.0,3840.0,4.0,14,1,0.5587219343696027,328.7364699370404,389.5,0.0,0.0,0.0,0.0,2
706.0,5.0,1.0790392792931702,0.0,0.0,0.0,0.0,0.0,62.0,5.0,1.3541085326913311,0.0,0.0,94.6,0.0,0.0,0.0,0.0,0.0,2802.0,0.0,15,1,0.5587219343696027,231.3698338159061,585.0,0.0,0.0,0.0,0.0,3
704.0,3.0,0.9818481188811332,0.0,0.0,0.0,0.0,0.0,292.0,5.0,0.4348297387769449,0.0,0.0,84.43333333333334,0.0,0.0,0.0,0.0,24.0,678.0,10.0,16,1,0.5587219343696027,7.393691004274044,705.0,0.0,0.0,0.0,0.0,3
700.0,4.0,0.7103136959041366,0.0,0.0,0.0,0.0,0.0,18.0,6.0,1.7351264569569225,0.0,0.0,77.36666666666666,0.0,0.0,0.0,0.0,6.0,3062.0,4.0,17,1,0.5587219343696027,7.11805216802202,704.0,0.0,0.0,0.0,0.0,3
712.0,5.0,0.4587852583099372,0.0,0.0,0.0,0.0,0.0,224.0,6.0,0.5735323283565584,0.0,0.0,69.1,0.0,0.0,0.0,0.0,6.0,6074.0,4.0,18,1,0.5587219343696027,9.591663046626287,707.0,0.0,0.0,0.0,0.0,3
700.0,3.0,0.509480083729088,0.0,0.0,0.0,0.0,0.0,74.0,4.0,0.6658532300601132,0.0,0.0,62.03333333333333,0.0,0.0,0.0,0.0,8.0,916.0,4.0,19,1,0.5587219343696027,16.763054614240698,702.5,0.0,0.0,0.0,0.0,3
702.0,4.0,0.1178449018993083,0.0,0.0,0.0,0.0,0.0,38.0,4.0,1.1919038879185413,0.0,0.0,52.96666666666667,0.0,0.0,0.0,0.0,0.0,476.0,0.0,20,1,0.5587219343696027,12.151817422372796,697.5,0.0,0.0,0.0,0.0,3
708.0,7.0,1.5207536317881445,0.0,0.0,0.0,0.0,0.0,84.0,6.0,1.4665317653296477,0.0,0.0,39.86666666666667,0.0,0.0,0.0,0.0,16.0,3620.0,8.0,21,0,0.5587219343696027,2.828427124749027,706.0,0.0,0.0,0.0,0.0,3
446.0,6.0,0.6806595303275951,0.0,0.0,0.0,0.0,0.0,208.0,7.0,1.133029809698128,0.0,0.0,20.0,0.0,0.0,0.0,0.0,0.0,7034.0,0.0,22,0,0.5587219343696027,125.96692687633006,633.5,0.0,0.0,0.0,0.0,3
130.0,3.0,0.6910182027621246,0.0,0.0,0.0,0.0,0.0,44.0,5.0,1.5826816291486665,0.0,6.0,21.5,0.0,0.0,0.0,0.0,0.0,7724.0,0.0,23,0,0.5587219343696027,305.2141324818802,312.5,0.0,0.0,0.0,0.0,3
702.0,10.0,1.0584387070164656,0.0,0.0,0.0,0.0,0.0,382.0,8.0,1.543897799362945,0.0,0.0,43.85714285714285,0.0,0.0,0.0,0.0,14.0,8534.0,8.0,0,0,0.5587219343696027,374.4613909782067,386.0,0.0,0.0,0.0,0.0,2
706.0,4.0,1.0781035241102708,0.0,0.0,0.0,0.0,0.0,22.0,3.0,1.0361987848162837,0.0,0.0,84.83333333333333,0.0,0.0,0.0,0.0,14.0,2232.0,6.0,1,0,0.5587219343696027,6.21825270206311,709.0,0.0,0.0,0.0,0.0,2
716.0,6.0,0.7472870134447326,0.0,0.0,0.0,0.0,0.0,52.0,5.0,0.9464340884964036,0.0,0.0,100.0,0.0,0.0,0.0,0.0,16.0,2962.0,2.0,2,0,0.5587219343696027,5.000000000004864,713.5,0.0,0.0,0.0,0.0,2
706.0,3.0,0.6678680973661055,0.0,0.0,0.0,0.0,0.0,62.0,2.0,0.3179367802602418,0.0,0.0,100.0,0.0,0.0,0.0,0.0,0.0,3744.0,0.0,3,0,0.5587219343696027,6.4031242374366375,710.5,0.0,0.0,0.0,0.0,3
694.0,4.0,0.5741985478195565,0.0,0.0,0.0,0.0,0.0,22.0,3.0,0.7595473914718636,0.0,0.0,99.53571428571428,0.0,0.0,0.0,0.0,40.0,2840.0,2.0,4,0,0.5587219343696027,8.485281374241426,698.0,0.0,0.0,0.0,0.0,2
0.0,0.0,0.0,0.0,0.0,0.0,0.0,0.0,68.0,2.0,0.1326914208378717,0.0,0.0,95.0,0.0,0.0,0.0,0.0,0.0,0.0,0.0,10,1,0.5587219343696027,338.18486069012613,188.5,0.0,0.0,0.0,0.0,2
0.0,0.0,0.0,0.0,0.0,0.0,0.0,0.0,370.0,3.0,0.1765286425490573,0.0,0.0,93.56666666666666,0.0,0.0,0.0,0.0,0.0,0.0,0.0,11,1,0.5587219343696027,0.0,0.0,0.0,0.0,0.0,0.0,2
0.0,0.0,0.0,0.0,0.0,0.0,0.0,0.0,174.0,10.0,1.3349040386925424,0.0,0.0,91.6206896551724,0.0,0.0,0.0,0.0,2.0,0.0,0.0,12,1,0.5587219343696027,0.0,0.0,0.0,0.0,0.0,0.0,2
712.0,5.0,1.1023470322774258,0.0,0.0,0.0,0.0,0.0,268.0,7.0,0.9575684021153944,0.0,0.0,85.26666666666667,0.0,0.0,0.0,0.0,18.0,2432.0,12.0,13,1,0.5587219343696027,337.70993470728695,256.0,0.0,0.0,0.0,0.0,2
718.0,8.0,1.2341100863262358,0.0,0.0,0.0,0.0,0.0,796.0,8.0,1.4915700469980924,0.0,0.0,75.9,0.0,0.0,0.0,0.0,0.0,9252.0,0.0,14,1,0.5587219343696027,201.68209307389367,614.5,0.0,0.0,0.0,0.0,2
684.0,7.0,1.3461826435568425,0.0,0.0,0.0,0.0,0.0,1206.0,10.0,1.210276219275246,0.0,0.0,62.06666666666667,0.0,0.0,0.0,0.0,0.0,6774.0,0.0,15,1,0.5587219343696027,15.864005379055522,707.5,0.0,0.0,0.0,0.0,2
696.0,6.0,1.204101064179916,0.0,0.0,0.0,0.0,0.0,586.0,7.0,1.2361521117121586,0.0,0.0,46.23333333333333,0.0,0.0,0.0,0.0,18.0,4074.0,8.0,16,1,0.5587219343696027,14.375905768566447,693.0,0.0,0.0,0.0,0.0,2
718.0,9.0,1.4702033587768293,0.0,0.0,0.0,0.0,0.0,208.0,7.0,1.7785171449335184,0.0,0.0,31.866666666666667,0.0,0.0,0.0,0.0,24.0,1746.0,12.0,17,1,0.5587219343696027,16.69331203406627,701.0,0.0,0.0,0.0,0.0,2
718.0,4.0,0.9760531387192046,0.0,0.0,0.0,0.0,0.0,42.0,4.0,1.0356959635535246,0.0,0.0,23.133333333333333,0.0,0.0,0.0,0.0,0.0,4110.0,0.0,18,1,0.5587219343696027,4.00000000000437,716.0,0.0,0.0,0.0,0.0,2
674.0,9.0,1.240698197442266,0.0,0.0,0.0,0.0,0.0,450.0,12.0,1.734816832966374,0.0,0.0,14.071428571428571,0.0,0.0,0.0,0.0,6.0,5664.0,4.0,19,1,0.5587219343696027,21.41650453894616,706.0,0.0,0.0,0.0,0.0,2
714.0,1.0,-1.000088900581841e-12,0.0,0.0,0.0,0.0,0.0,130.0,4.0,0.4012051096214576,0.0,0.0,45.03333333333333,0.0,0.0,0.0,0.0,10.0,0.0,0.0,20,1,0.5587219343696027,20.23198787399221,697.0,0.0,0.0,0.0,0.0,2
714.0,3.0,0.2606332684768974,0.0,0.0,0.0,0.0,0.0,32.0,5.0,1.56502656465332,0.0,0.0,92.43333333333334,0.0,0.0,0.0,0.0,10.0,2394.0,4.0,21,0,0.5587219343696027,13.46600658448404,706.0,0.0,0.0,0.0,0.0,2
718.0,4.0,0.7621123780295418,0.0,0.0,0.0,0.0,0.0,220.0,6.0,1.1365908086290286,0.0,0.0,100.0,0.0,0.0,0.0,0.0,40.0,7920.0,16.0,22,0,0.5587219343696027,3.415650255324906,713.5,0.0,0.0,0.0,0.0,2
712.0,1.0,-1.000088900581841e-12,0.0,0.0,0.0,0.0,0.0,562.0,6.0,0.2948820291917834,0.0,0.0,100.0,0.0,0.0,0.0,0.0,30.0,190.0,14.0,23,0,0.5587219343696027,3.000000000005741,713.5,0.0,0.0,0.0,0.0,2
700.0,1.0,-1.000088900581841e-12,0.0,0.0,0.0,0.0,0.0,184.0,4.0,0.5622185672087538,0.0,0.0,100.0,0.0,0.0,0.0,0.0,10.0,0.0,4.0,0,0,0.5587219343696027,6.000000000002885,707.0,0.0,0.0,0.0,0.0,2
678.0,4.0,0.2773267082531467,0.0,0.0,0.0,0.0,0.0,162.0,7.0,1.2373300665896818,0.0,0.0,100.0,0.0,0.0,0.0,0.0,22.0,458.0,14.0,1,0,0.5587219343696027,11.604596790354291,695.0,0.0,0.0,0.0,0.0,3
632.0,1.0,-1.000088900581841e-12,0.0,0.0,0.0,0.0,0.0,10.0,2.0,0.5004024235361879,0.0,0.0,98.26666666666668,0.0,0.0,0.0,0.0,0.0,0.0,0.0,2,0,0.5587219343696027,30.397368307141903,663.0,0.0,0.0,0.0,0.0,2
698.0,6.0,1.1504015875019395,0.0,0.0,0.0,0.0,0.0,84.0,6.0,1.3820141057080824,0.0,0.0,94.34482758620688,0.0,0.0,0.0,0.0,38.0,4026.0,16.0,3,0,0.5587219343696027,28.72281323269076,657.5,0.0,0.0,0.0,0.0,3
718.0,8.0,1.3967911922859857,0.0,0.0,0.0,0.0,0.0,102.0,4.0,0.653209306455517,0.0,0.0,85.06896551724138,0.0,0.0,0.0,0.0,0.0,7408.0,0.0,4,0,0.5587219343696027,29.2289810519178,697.5,0.0,0.0,0.0,0.0,3
690.0,3.0,1.0973876731212062,0.0,0.0,0.0,0.0,0.0,8.0,2.0,0.5623351446168083,0.0,0.0,77.26666666666667,0.0,0.0,0.0,0.0,16.0,2632.0,2.0,5,0,0.5587219343696027,13.699148392024323,710.5,0.0,0.0,0.0,0.0,3
624.0,1.0,-1.000088900581841e-12,0.0,0.0,0.0,0.0,0.0,6.0,1.0,-1.000088900581841e-12,0.0,0.0,74.0,0.0,0.0,0.0,0.0,0.0,0.0,0.0,6,0,0.5587219343696027,38.74704289792152,676.0,0.0,0.0,0.0,0.0,2
0.0,0.0,0.0,0.0,0.0,0.0,0.0,0.0,2.0,1.0,-1.000088900581841e-12,0.0,0.0,74.0,0.0,0.0,0.0,0.0,0.0,0.0,0.0,7,0,0.5587219343696027,327.948674846131,374.5,0.0,0.0,0.0,0.0,2
0.0,0.0,0.0,0.0,0.0,0.0,0.0,0.0,118.0,3.0,0.171538761418493,0.0,0.0,73.0,0.0,0.0,0.0,0.0,0.0,0.0,0.0,8,1,0.5587219343696027,100.00000000000011,50.0,0.0,0.0,0.0,0.0,2
0.0,0.0,0.0,0.0,0.0,0.0,0.0,0.0,208.0,3.0,0.2168712586787192,0.0,0.0,71.79310344827586,10.0,0.0,0.0,0.0,0.0,0.0,0.0,9,1,0.5587219343696027,0.0,0.0,0.0,0.0,0.0,0.0,2
0.0,0.0,0.0,0.0,0.0,0.0,0.0,0.0,362.0,2.0,0.060771320730041,0.0,0.0,70.4,0.0,0.0,0.0,0.0,0.0,0.0,0.0,10,1,0.5587219343696027,0.0,0.0,0.0,0.0,0.0,0.0,2
0.0,0.0,0.0,0.0,0.0,0.0,0.0,0.0,730.0,2.0,0.0189000718824816,0.0,0.0,69.06896551724138,0.0,0.0,0.0,0.0,0.0,0.0,0.0,11,1,0.5587219343696027,0.0,0.0,0.0,0.0,0.0,0.0,2
0.0,0.0,0.0,0.0,0.0,0.0,0.0,0.0,254.0,3.0,0.1576161212838458,0.0,0.0,67.8,0.0,0.0,0.0,0.0,0.0,0.0,0.0,12,1,0.5587219343696027,0.0,0.0,0.0,0.0,0.0,0.0,2
674.0,6.0,1.082880122587068,0.0,0.0,0.0,0.0,0.0,422.0,10.0,0.9191581866127227,0.0,0.0,61.8,0.0,0.0,0.0,0.0,22.0,7210.0,10.0,13,1,0.5587219343696027,317.92871318373665,219.0,0.0,0.0,0.0,0.0,2
646.0,3.0,0.3461994236596291,0.0,0.0,0.0,0.0,0.0,864.0,4.0,0.4721947174692658,0.0,0.0,50.13793103448276,0.0,0.0,0.0,0.0,0.0,21530.0,0.0,14,1,0.5587219343696027,231.7095883500149,549.0,0.0,0.0,0.0,0.0,2
710.0,7.0,1.1425710421222408,0.0,0.0,0.0,0.0,0.0,632.0,5.0,0.678747760462682,0.0,0.0,34.6,0.0,0.0,0.0,0.0,0.0,21856.0,0.0,15,1,0.5587219343696027,31.973947728320447,667.5,0.0,0.0,0.0,0.0,4
702.0,5.0,0.7580894233315295,0.0,0.0,0.0,0.0,0.0,246.0,5.0,0.8205485574054046,0.0,0.0,22.133333333333333,0.0,0.0,0.0,0.0,0.0,10578.0,0.0,16,1,0.5587219343696027,35.60430685558561,692.5,0.0,0.0,0.0,0.0,4
0.0,0.0,0.0,0.0,0.0,0.0,0.0,0.0,0.0,0.0,0.0,0.0,0.0,0.0,0.0,0.0,0.0,0.0,0.0,6784.0,0.0,17,1,0.5587219343696027,357.5709719761939,410.5,0.0,0.0,0.0,0.0,3
716.0,4.0,0.6027745423972135,0.0,0.0,0.0,0.0,0.0,320.0,6.0,0.4458318425211335,0.0,0.0,34.766666666666666,0.0,0.0,0.0,0.0,0.0,1790.0,0.0,18,1,0.5587219343696027,314.1735189349988,360.5,0.0,0.0,0.0,0.0,2
716.0,5.0,0.9317508223569796,0.0,0.0,0.0,0.0,0.0,410.0,6.0,0.3512568941948211,0.0,0.0,86.46666666666667,0.0,0.0,0.0,0.0,28.0,15228.0,6.0,19,1,0.5587219343696027,106.00000000000011,663.0,0.0,0.0,0.0,0.0,2
686.0,7.0,1.3803413475468194,0.0,0.0,0.0,0.0,0.0,294.0,8.0,1.0260108154164906,0.0,0.0,100.0,0.0,0.0,0.0,0.0,112.0,10894.0,30.0,20,1,0.5587219343696027,15.362291495737995,709.0,0.0,0.0,0.0,0.0,2
626.0,6.0,1.477387874843886,0.0,0.0,0.0,0.0,0.0,414.0,6.0,0.6850543789627529,0.0,0.0,99.17241379310344,0.0,0.0,0.0,0.0,82.0,25460.0,10.0,21,0,0.5587219343696027,42.75511665286416,667.0,0.0,0.0,0.0,0.0,2
670.0,5.0,0.9962737505289134,0.0,0.0,0.0,0.0,0.0,188.0,5.0,0.9776839240434494,0.0,0.0,89.03333333333333,0.0,0.0,0.0,0.0,28.0,20344.0,10.0,22,0,0.5587219343696027,26.33122354417575,654.0,0.0,0.0,0.0,0.0,2
672.0,6.0,0.92193332043133,0.0,0.0,0.0,0.0,0.0,70.0,5.0,1.2615727392012053,0.0,0.0,77.1,0.0,0.0,0.0,0.0,222.0,3926.0,38.0,23,0,0.5587219343696027,17.156145643277682,666.5,0.0,0.0,0.0,0.0,2
716.0,7.0,1.063552156123515,0.0,0.0,0.0,0.0,0.0,54.0,6.0,1.6014770912962406,0.0,0.0,66.8,0.0,0.0,0.0,0.0,54.0,9042.0,22.0,0,0,0.5587219343696027,30.6104557300283,678.5,0.0,0.0,0.0,0.0,2
706.0,9.0,1.6777869371113228,0.0,0.0,0.0,0.0,0.0,32.0,3.0,0.8815322611851637,0.0,0.0,58.53333333333333,0.0,0.0,0.0,0.0,0.0,12512.0,0.0,1,0,0.5587219343696027,14.27118308573924,704.5,0.0,0.0,0.0,0.0,2
708.0,3.0,0.8346453981583699,0.0,0.0,0.0,0.0,0.0,12.0,3.0,1.0114042647043515,0.0,0.0,49.86666666666667,0.0,0.0,0.0,0.0,0.0,8174.0,0.0,2,0,0.5587219343696027,2.516611478428112,708.5,0.0,0.0,7.000000000000004,3.5,2
698.0,2.0,0.1300292650889284,0.0,0.0,0.0,0.0,0.0,412.0,3.0,0.5286793294756822,0.0,0.0,40.93333333333333,0.0,0.0,0.0,0.0,0.0,2744.0,0.0,3,0,0.5587219343696027,8.164965809278657,708.0,0.0,0.0,7.000000000000004,3.5,2
718.0,5.0,1.1662802670374908,0.0,0.0,0.0,12.0,0.0,166.0,5.0,0.6858842531147463,0.0,0.0,31.7,0.0,0.0,0.0,0.0,0.0,10646.0,0.0,4,0,0.5587219343696027,9.433981132057808,711.5,0.0,0.0,6.000000000000004,3.0,2
618.0,1.0,-1.000088900581841e-12,0.0,0.0,0.0,0.0,0.0,2.0,1.0,-1.000088900581841e-12,0.0,0.0,27.666666666666668,0.0,0.0,0.0,0.0,0.0,0.0,0.0,5,0,0.5587219343696027,52.332271751441205,670.0,0.0,0.0,6.000000000000004,3.0,2
0.0,0.0,0.0,0.0,0.0,0.0,0.0,0.0,8.0,2.0,0.5623351446168083,0.0,0.0,27.0,0.0,0.0,0.0,0.0,0.0,0.0,0.0,6,0,0.5587219343696027,295.6055930909743,405.0,0.0,0.0,0.0,0.0,2
0.0,0.0,0.0,0.0,0.0,0.0,0.0,0.0,0.0,0.0,0.0,0.0,0.0,26.0,0.0,0.0,0.0,0.0,0.0,0.0,0.0,7,0,0.5587219343696027,185.00000000000003,92.5,0.0,0.0,0.0,0.0,2
0.0,0.0,0.0,0.0,0.0,0.0,0.0,0.0,0.0,0.0,0.0,0.0,0.0,25.03333333333333,0.0,0.0,0.0,0.0,0.0,0.0,0.0,8,1,0.5587219343696027,0.0,0.0,0.0,0.0,0.0,0.0,2
0.0,0.0,0.0,0.0,0.0,0.0,0.0,0.0,22.0,2.0,0.6554817738993928,0.0,0.0,24.0,0.0,0.0,0.0,0.0,0.0,0.0,0.0,9,1,0.5587219343696027,0.0,0.0,0.0,0.0,0.0,0.0,2
0.0,0.0,0.0,0.0,0.0,0.0,0.0,0.0,4.0,1.0,-1.000088900581841e-12,0.0,0.0,22.7,0.0,0.0,0.0,0.0,0.0,0.0,0.0,10,1,0.5587219343696027,0.0,0.0,0.0,0.0,0.0,0.0,2
0.0,0.0,0.0,0.0,0.0,0.0,0.0,0.0,0.0,0.0,0.0,0.0,0.0,21.23333333333333,0.0,0.0,0.0,0.0,0.0,0.0,0.0,11,1,0.5587219343696027,0.0,0.0,0.0,0.0,0.0,0.0,2
0.0,0.0,0.0,0.0,0.0,0.0,0.0,0.0,306.0,8.0,0.4418284583981192,0.0,0.0,19.83333333333333,0.0,0.0,0.0,0.0,0.0,0.0,0.0,12,1,0.5587219343696027,0.0,0.0,0.0,0.0,0.0,0.0,2
74.0,3.0,0.785087528621629,0.0,0.0,0.0,0.0,0.0,62.0,2.0,0.3179367802602418,0.0,0.0,16.0,0.0,0.0,0.0,0.0,0.0,19734.0,0.0,13,1,0.5587219343696027,111.27593330695254,77.5,0.0,0.0,0.0,0.0,2
496.0,1.0,-1.000088900581841e-12,0.0,0.0,0.0,0.0,0.0,348.0,1.0,-1.000088900581841e-12,0.0,0.0,32.52173913043478,0.0,0.0,0.0,0.0,0.0,0.0,0.0,14,1,0.5587219343696027,219.68082908316484,201.5,0.0,0.0,0.0,0.0,2
716.0,6.0,1.0935171988743826,0.0,0.0,0.0,0.0,0.0,578.0,7.0,0.629985108763671,0.0,0.0,78.33333333333333,0.0,0.0,0.0,0.0,80.0,41522.0,14.0,15,1,0.5587219343696027,336.27914991367913,480.5,0.0,0.0,0.0,0.0,2
692.0,6.0,1.0652220201124845,0.0,0.0,0.0,0.0,0.0,434.0,3.0,0.4819497560492407,0.0,0.0,73.8,0.0,0.0,0.0,0.0,200.0,12344.0,50.0,16,1,0.5587219343696027,11.83215956620042,709.0,0.0,0.0,0.0,0.0,2
668.0,4.0,0.7817533987017125,0.0,0.0,0.0,0.0,0.0,286.0,6.0,0.8442797747854822,0.0,0.0,69.26666666666667,0.0,0.0,0.0,0.0,80.0,7562.0,20.0,17,1,0.5587219343696027,25.53429066960794,685.0,0.0,0.0,0.0,0.0,2
670.0,7.0,1.2934901683464106,0.0,0.0,0.0,0.0,0.0,1398.0,8.0,0.2496642905752454,0.0,0.0,63.60714285714285,0.0,0.0,0.0,0.0,40.0,12178.0,4.0,18,1,0.5587219343696027,9.933109617168936,662.0,0.0,0.0,0.0,0.0,2
714.0,6.0,0.8935756857754416,0.0,0.0,0.0,0.0,0.0,876.0,5.0,0.3321745852449788,0.0,0.0,49.9,0.0,0.0,0.0,0.0,220.0,17238.0,40.0,19,1,0.5587219343696027,31.112698372208524,670.0,0.0,0.0,0.0,0.0,2
642.0,9.0,1.7442999257380978,0.0,0.0,0.0,0.0,0.0,438.0,8.0,0.7852790814905978,0.0,0.0,40.86666666666667,0.0,0.0,0.0,0.0,132.0,22474.0,34.0,20,1,0.5587219343696027,33.58571124749373,672.0,0.0,0.0,0.0,0.0,2
390.0,9.0,1.6424787063474082,0.0,0.0,0.0,0.0,0.0,178.0,3.0,0.9631966204124702,0.0,0.0,19.764705882352946,0.0,0.0,0.0,0.0,0.0,18326.0,0.0,21,0,0.5587219343696027,146.56056768449017,606.0,0.0,0.0,0.0,0.0,1
