0.0,0.0,0.0,0.0,0.0,0.0,0.0,0.0,0.0,0.0,0.0,0.0,0.0,100.0,0.0,0.0,0.0,0.0,0.0,0.0,0.0,7,0,0.6051282051282051,0.0,0.0,0.0,0.0,0.0,0.0,1
0.0,0.0,0.0,0.0,0.0,0.0,0.0,0.0,0.0,0.0,0.0,0.0,0.0,100.0,0.0,0.0,0.0,0.0,0.0,0.0,0.0,7,0,0.6051282051282051,0.0,0.0,0.0,0.0,0.0,0.0,1
0.0,0.0,0.0,0.0,0.0,0.0,0.0,0.0,0.0,0.0,0.0,0.0,0.0,100.0,0.0,0.0,0.0,0.0,0.0,0.0,0.0,8,1,0.6051282051282051,0.0,0.0,0.0,0.0,0.0,0.0,1
0.0,0.0,0.0,0.0,0.0,0.0,0.0,0.0,0.0,0.0,0.0,0.0,0.0,100.0,0.0,0.0,0.0,0.0,0.0,0.0,0.0,8,1,0.6051282051282051,0.0,0.0,0.0,0.0,0.0,0.0,1
0.0,0.0,0.0,0.0,0.0,0.0,0.0,0.0,0.0,0.0,0.0,0.0,0.0,100.0,0.0,0.0,0.0,0.0,0.0,0.0,0.0,9,1,0.6051282051282051,0.0,0.0,0.0,0.0,0.0,0.0,1
0.0,0.0,0.0,0.0,0.0,0.0,0.0,0.0,0.0,0.0,0.0,0.0,0.0,100.0,0.0,0.0,0.0,0.0,0.0,0.0,0.0,9,1,0.6051282051282051,0.0,0.0,0.0,0.0,0.0,0.0,1
0.0,0.0,0.0,0.0,0.0,0.0,0.0,0.0,8.0,1.0,-1.000088900581841e-12,0.0,0.0,100.0,0.0,0.0,0.0,0.0,0.0,0.0,0.0,10,1,0.6051282051282051,0.0,0.0,0.0,0.0,0.0,0.0,1
694.0,8.0,1.1870029162343572,0.0,0.0,0.0,0.0,0.0,184.0,7.0,0.9256018196452332,0.0,0.0,100.0,0.0,0.0,0.0,0.0,42.0,2078.0,20.0,10,1,0.6051282051282051,347.0,173.5,0.0,0.0,0.0,0.0,2
692.0,5.0,1.278257272419196,0.0,0.0,0.0,0.0,0.0,214.0,5.0,0.6360633158103022,0.0,0.0,99.16666666666669,0.0,0.0,0.0,0.0,66.0,3584.0,4.0,11,1,0.6051282051282051,400.1045696648149,346.5,0.0,0.0,0.0,0.0,2
682.0,6.0,1.2724838614999665,0.0,0.0,0.0,0.0,0.0,156.0,3.0,0.2378190110539207,0.0,0.0,97.56666666666666,0.0,0.0,0.0,0.0,22.0,3294.0,10.0,11,1,0.6051282051282051,344.7066385590313,517.0,0.0,0.0,0.0,0.0,1
694.0,10.0,1.4346792596538624,0.0,0.0,0.0,0.0,0.0,198.0,6.0,1.280088664477956,0.0,0.0,94.33333333333331,0.0,0.0,0.0,0.0,166.0,5628.0,46.0,12,1,0.6051282051282051,5.744562646536899,690.5,0.0,0.0,0.0,0.0,1
676.0,6.0,1.0131313126404553,0.0,0.0,0.0,0.0,0.0,276.0,4.0,0.3979759257798402,0.0,0.0,91.06666666666666,0.0,0.0,0.0,0.0,90.0,2672.0,30.0,12,1,0.6051282051282051,8.485281374237816,686.0,0.0,0.0,0.0,0.0,1
716.0,8.0,0.946808825028136,0.0,0.0,0.0,0.0,0.0,244.0,4.0,0.3366882430988896,0.0,0.0,88.41379310344827,0.0,0.0,0.0,0.0,90.0,4944.0,28.0,13,1,0.6051282051282051,17.663521732655333,692.0,0.0,0.0,0.0,0.0,1
716.0,1.0,-1.000088900581841e-12,0.0,0.0,0.0,0.0,0.0,134.0,2.0,0.1342229641003645,0.0,0.0,86.2,0.0,0.0,0.0,0.0,0.0,0.0,0.0,13,1,0.6051282051282051,19.34769581457493,700.5,0.0,0.0,0.0,0.0,2
718.0,2.0,0.5862008307677858,0.0,0.0,0.0,0.0,0.0,34.0,3.0,0.803742107313203,0.0,0.0,83.33333333333333,0.0,0.0,0.0,0.0,30.0,1956.0,6.0,14,1,0.6051282051282051,20.35517952102905,706.5,0.0,0.0,0.0,0.0,2
714.0,1.0,-1.000088900581841e-12,0.0,0.0,0.0,0.0,0.0,44.0,3.0,0.4851045003879404,0.0,0.0,80.2,0.0,0.0,0.0,0.0,60.0,0.0,0.0,14,1,0.6051282051282051,1.632993161851623,716.0,0.0,0.0,0.0,0.0,2
684.0,4.0,0.8571012388463315,0.0,0.0,0.0,0.0,0.0,2168.0,3.0,0.4606244425338991,0.0,0.0,78.13333333333334,0.0,0.0,0.0,0.0,60.0,1794.0,24.0,15,1,0.6051282051282051,16.08311744241937,708.0,0.0,0.0,0.0,0.0,2
668.0,7.0,0.97512236577469,0.0,0.0,0.0,0.0,0.0,128.0,2.0,0.2741659153481727,0.0,0.0,75.3,0.0,0.0,0.0,0.0,150.0,1720.0,26.0,15,1,0.6051282051282051,24.05549140355804,696.0,0.0,0.0,0.0,0.0,2
634.0,1.0,-1.000088900581841e-12,0.0,0.0,0.0,0.0,0.0,4.0,1.0,-1.000088900581841e-12,0.0,0.0,74.0,0.0,0.0,0.0,0.0,30.0,0.0,0.0,16,1,0.6051282051282051,33.32666599986644,675.0,0.0,0.0,0.0,0.0,1
646.0,2.0,0.4890388303908774,0.0,0.0,0.0,0.0,0.0,12.0,1.0,-1.000088900581841e-12,0.0,0.0,72.76666666666667,0.0,0.0,0.0,0.0,90.0,424.0,50.0,16,1,0.6051282051282051,22.330845632592013,658.0,0.0,0.0,0.0,0.0,1
642.0,3.0,0.86815430877374,0.0,0.0,0.0,0.0,0.0,48.0,2.0,0.3767701612544368,0.0,0.0,71.7,0.0,0.0,0.0,0.0,90.0,46.0,32.0,17,1,0.6051282051282051,14.548768561863032,647.5,0.0,0.0,0.0,0.0,1
656.0,2.0,0.6774303719558301,0.0,0.0,0.0,0.0,0.0,338.0,2.0,0.1332994029368188,0.0,0.0,70.3,0.0,0.0,0.0,0.0,150.0,128.0,14.0,17,1,0.6051282051282051,9.146948489340804,644.5,0.0,0.0,0.0,0.0,2
644.0,3.0,0.3512056827850534,0.0,0.0,0.0,0.0,0.0,146.0,4.0,0.8559553055386976,0.0,0.0,68.96666666666667,0.0,0.0,0.0,0.0,150.0,650.0,18.0,18,1,0.6051282051282051,6.218252702058194,647.0,0.0,0.0,0.0,0.0,1
668.0,7.0,1.4341722284648253,0.0,0.0,0.0,0.0,0.0,108.0,5.0,0.7338359232963885,0.0,0.0,67.24137931034483,0.0,0.0,0.0,32.0,162.0,2238.0,30.0,18,1,0.6051282051282051,12.041594578791765,652.5,0.0,0.0,0.0,0.0,1
688.0,4.0,0.8280694335373966,0.0,0.0,0.0,0.0,0.0,436.0,4.0,0.3724766047992157,0.0,0.0,64.73333333333333,0.0,0.0,0.0,0.0,68.0,3068.0,28.0,19,1,0.6051282051282051,18.76166303929337,664.0,0.0,0.0,0.0,0.0,1
682.0,8.0,1.76023483477832,0.0,0.0,0.0,0.0,0.0,344.0,3.0,0.2407175727193356,0.0,0.0,60.55172413793103,0.0,0.0,0.0,0.0,138.0,3374.0,50.0,19,1,0.6051282051282051,19.55334583474963,670.5,0.0,0.0,0.0,0.0,1
688.0,6.0,1.0832155213004973,0.0,0.0,0.0,0.0,0.0,238.0,3.0,0.6191945471704565,0.0,0.0,56.73333333333333,0.0,0.0,0.0,0.0,108.0,3762.0,44.0,20,1,0.6051282051282051,9.43398113205591,681.5,0.0,0.0,0.0,0.0,1
658.0,4.0,0.5979972619407141,0.0,0.0,0.0,0.0,0.0,90.0,3.0,0.8486855577234171,0.0,0.0,53.333333333333336,0.0,0.0,0.0,0.0,216.0,2706.0,22.0,20,1,0.6051282051282051,14.28285685708524,679.0,0.0,0.0,0.0,0.0,1
652.0,5.0,0.3685044888642224,0.0,0.0,0.0,0.0,0.0,58.0,3.0,0.9864633661405192,0.0,0.0,52.63333333333333,0.0,0.0,0.0,0.0,540.0,2440.0,46.0,21,0,0.6051282051282051,17.663521732655322,670.0,0.0,0.0,0.0,0.0,1
690.0,8.0,1.700519153622582,0.0,0.0,0.0,0.0,0.0,94.0,4.0,1.0940400444609175,0.0,0.0,48.37931034482759,0.0,0.0,0.0,0.0,110.0,3836.0,62.0,21,0,0.6051282051282051,19.798989873223,672.0,0.0,0.0,0.0,0.0,1
630.0,2.0,0.0384523435849414,0.0,0.0,0.0,0.0,0.0,6.0,2.0,0.6365141682928128,0.0,0.0,46.96666666666667,0.0,0.0,0.0,0.0,38.0,676.0,12.0,22,0,0.6051282051282051,24.78574859336146,657.5,0.0,0.0,0.0,0.0,1
632.0,2.0,0.200374612468783,0.0,0.0,0.0,0.0,0.0,2.0,1.0,-1.000088900581841e-12,0.0,0.0,46.0,0.0,0.0,0.0,0.0,0.0,244.0,0.0,22,0,0.6051282051282051,27.8328343268639,651.0,0.0,0.0,0.0,0.0,1
624.0,1.0,-1.000088900581841e-12,0.0,0.0,0.0,0.0,0.0,0.0,0.0,0.0,0.0,0.0,45.766666666666666,0.0,0.0,0.0,0.0,38.0,0.0,0.0,23,0,0.6051282051282051,30.854497241082804,644.0,0.0,0.0,0.0,0.0,1
458.0,7.0,1.0563582272553955,0.0,0.0,0.0,0.0,0.0,10.0,2.0,0.5004024235361879,0.0,0.0,43.9,0.0,0.0,0.0,0.0,76.0,3336.0,12.0,23,0,0.6051282051282051,85.40101482613258,586.0,0.0,0.0,0.0,0.0,1
718.0,7.0,0.6951502994146285,0.0,0.0,0.0,0.0,0.0,114.0,2.0,0.0883197821980176,0.0,0.0,38.56666666666667,0.0,0.0,28.0,0.0,0.0,5450.0,0.0,0,0,0.6051282051282051,108.67689113453076,608.0,0.0,0.0,0.0,0.0,1
718.0,2.0,0.0344701086632955,0.0,0.0,0.0,0.0,0.0,20.0,2.0,0.5004024235361879,0.0,0.0,32.233333333333334,0.0,0.0,0.0,0.0,38.0,13850.0,10.0,0,0,0.6051282051282051,122.62000924264623,629.5,0.0,0.0,0.0,0.0,1
712.0,6.0,1.040670222488309,0.0,0.0,0.0,0.0,0.0,66.0,3.0,0.81932221348614,0.0,38.0,21.4,0.0,0.0,0.0,0.0,38.0,10064.0,4.0,1,0,0.6051282051282051,129.0310040261641,651.5,0.0,0.0,0.0,0.0,1
342.0,5.0,0.3051987854922833,0.0,0.0,0.0,0.0,0.0,0.0,0.0,0.0,0.0,0.0,27.571428571428573,0.0,0.0,0.0,0.0,0.0,1652.0,0.0,1,0,0.6051282051282051,187.0213891510808,622.5,0.0,0.0,0.0,0.0,1
654.0,5.0,0.7159205019513566,0.0,0.0,0.0,0.0,0.0,0.0,0.0,0.0,0.0,0.0,96.3793103448276,0.0,0.0,0.0,0.0,18.0,1380.0,14.0,11,1,0.6051282051282051,164.93534086625172,583.5,0.0,0.0,0.0,0.0,1
654.0,6.0,0.9903342057793156,0.0,0.0,0.0,0.0,0.0,0.0,0.0,0.0,0.0,0.0,95.53333333333332,0.0,0.0,0.0,0.0,36.0,330.0,18.0,11,1,0.6051282051282051,151.90786681406587,569.0,0.0,0.0,0.0,0.0,1
658.0,7.0,1.1323583402875312,0.0,0.0,0.0,0.0,0.0,0.0,0.0,0.0,0.0,0.0,94.13333333333334,0.0,0.0,0.0,0.0,30.0,822.0,18.0,12,1,0.6051282051282051,14.787382008544965,648.0,0.0,0.0,0.0,0.0,1
664.0,7.0,1.209373421658116,0.0,0.0,0.0,0.0,0.0,0.0,0.0,0.0,0.0,0.0,92.3,0.0,0.0,0.0,0.0,78.0,220.0,32.0,12,1,0.6051282051282051,4.725815626249676,657.5,0.0,0.0,0.0,0.0,1
696.0,3.0,0.30059465504824,0.0,0.0,0.0,0.0,0.0,0.0,0.0,0.0,0.0,0.0,90.56666666666666,0.0,0.0,0.0,0.0,30.0,1706.0,14.0,13,1,0.6051282051282051,19.113694915774555,668.0,0.0,0.0,0.0,0.0,1
638.0,2.0,0.4879908563115303,0.0,0.0,0.0,0.0,0.0,0.0,0.0,0.0,0.0,0.0,88.83333333333333,0.0,0.0,0.0,0.0,18.0,312.0,14.0,13,1,0.6051282051282051,24.05549140355772,664.0,0.0,0.0,0.0,0.0,1
696.0,5.0,0.3421401411800758,0.0,0.0,0.0,0.0,0.0,0.0,0.0,0.0,0.0,0.0,86.1,0.0,0.0,0.0,0.0,6.0,5776.0,6.0,14,1,0.6051282051282051,28.06539981305521,673.5,0.0,0.0,0.0,0.0,2
712.0,5.0,0.839492087872324,0.0,0.0,0.0,0.0,0.0,0.0,0.0,0.0,0.0,0.0,78.56666666666666,0.0,0.0,0.0,0.0,12.0,5530.0,8.0,14,1,0.6051282051282051,32.55252166371508,685.5,0.0,0.0,0.0,0.0,1
674.0,6.0,1.4907731321267157,0.0,0.0,0.0,0.0,0.0,0.0,0.0,0.0,0.0,0.0,72.72413793103448,0.0,0.0,0.0,0.0,28.0,522.0,16.0,15,1,0.6051282051282051,32.04163957519402,680.0,0.0,0.0,0.0,0.0,1
650.0,2.0,0.0524361530006489,0.0,0.0,0.0,0.0,0.0,0.0,0.0,0.0,0.0,0.0,71.8,0.0,0.0,0.0,0.0,32.0,220.0,14.0,15,1,0.6051282051282051,26.956755492207137,683.0,0.0,0.0,0.0,0.0,1
664.0,7.0,1.115932546906819,0.0,0.0,0.0,0.0,0.0,0.0,0.0,0.0,0.0,0.0,69.16666666666667,0.0,0.0,0.0,0.0,24.0,1294.0,14.0,16,1,0.6051282051282051,26.55811238272227,675.0,0.0,0.0,0.0,0.0,2
626.0,1.0,-1.000088900581841e-12,0.0,0.0,0.0,0.0,0.0,0.0,0.0,0.0,0.0,0.0,68.26666666666667,0.0,0.0,0.0,0.0,16.0,0.0,0.0,16,1,0.6051282051282051,20.80865204668413,653.5,0.0,0.0,0.0,0.0,1
638.0,1.0,-1.000088900581841e-12,0.0,0.0,0.0,0.0,0.0,0.0,0.0,0.0,0.0,0.0,67.5,0.0,0.0,0.0,0.0,24.0,364.0,4.0,17,1,0.6051282051282051,16.278820596098832,644.5,0.0,0.0,0.0,0.0,1
698.0,8.0,1.658704013243432,0.0,0.0,0.0,0.0,0.0,0.0,0.0,0.0,0.0,0.0,64.16666666666667,0.0,0.0,0.0,0.0,112.0,526.0,58.0,17,1,0.6051282051282051,31.89043743820351,656.5,0.0,0.0,0.0,0.0,1
680.0,6.0,1.1883541254652106,0.0,0.0,0.0,0.0,0.0,0.0,0.0,0.0,0.0,0.0,60.73333333333333,0.0,0.0,0.0,0.0,8.0,964.0,8.0,18,1,0.6051282051282051,34.07345007480123,660.5,0.0,0.0,0.0,0.0,1
702.0,3.0,0.4808414411863276,0.0,0.0,0.0,0.0,0.0,0.0,0.0,0.0,0.0,0.0,57.2,0.0,0.0,0.0,0.0,16.0,496.0,12.0,18,1,0.6051282051282051,29.27456233660841,679.5,0.0,0.0,0.0,0.0,1
686.0,8.0,1.445728853600464,0.0,0.0,0.0,0.0,0.0,0.0,0.0,0.0,0.0,0.0,52.96551724137931,0.0,0.0,0.0,0.0,28.0,1448.0,14.0,19,1,0.6051282051282051,10.246950765958209,691.5,0.0,0.0,0.0,0.0,1
690.0,6.0,1.149555569110804,0.0,0.0,0.0,0.0,0.0,0.0,0.0,0.0,0.0,0.0,48.4,0.0,0.0,0.0,0.0,48.0,2476.0,36.0,19,1,0.6051282051282051,9.29157324317604,689.5,0.0,0.0,0.0,0.0,1
694.0,2.0,0.0197345316164079,0.0,0.0,0.0,0.0,0.0,0.0,0.0,0.0,0.0,0.0,43.0,0.0,0.0,0.0,0.0,24.0,714.0,10.0,20,1,0.6051282051282051,6.831300510637663,693.0,0.0,0.0,0.0,0.0,1
636.0,3.0,0.2306897575879843,0.0,0.0,0.0,0.0,0.0,0.0,0.0,0.0,0.0,0.0,40.03333333333333,0.0,0.0,0.0,0.0,12.0,122.0,10.0,20,1,0.6051282051282051,27.19681353884382,676.5,0.0,0.0,0.0,0.0,1
642.0,4.0,0.5268838462144654,0.0,0.0,0.0,0.0,0.0,0.0,0.0,0.0,0.0,0.0,39.333333333333336,0.0,0.0,0.0,0.0,24.0,914.0,8.0,21,0,0.6051282051282051,30.74085229787834,665.5,0.0,0.0,0.0,0.0,1
690.0,6.0,1.4255799895796517,0.0,0.0,0.0,0.0,0.0,0.0,0.0,0.0,0.0,0.0,36.1,0.0,0.0,0.0,0.0,36.0,2502.0,26.0,21,0,0.6051282051282051,30.74085229787834,665.5,0.0,0.0,0.0,0.0,1
648.0,2.0,0.6781351611486179,0.0,0.0,0.0,0.0,0.0,0.0,0.0,0.0,0.0,0.0,32.63333333333333,0.0,0.0,0.0,0.0,36.0,56.0,12.0,22,0,0.6051282051282051,24.49489742783121,654.0,0.0,0.0,0.0,0.0,2
708.0,3.0,0.0387935972818191,0.0,0.0,0.0,0.0,0.0,0.0,0.0,0.0,0.0,0.0,27.966666666666665,0.0,0.0,0.0,0.0,48.0,1906.0,24.0,22,0,0.6051282051282051,32.12475680841759,672.0,0.0,0.0,0.0,0.0,1
332.0,5.0,0.4734086089181764,0.0,0.0,0.0,0.0,0.0,0.0,0.0,0.0,0.0,0.0,17.785714285714285,0.0,0.0,0.0,0.0,68.0,938.0,26.0,23,0,0.6051282051282051,176.79649317789074,594.5,0.0,0.0,0.0,0.0,1
386.0,7.0,0.5100581448750753,0.0,0.0,0.0,0.0,0.0,0.0,0.0,0.0,0.0,10.0,15.533333333333331,0.0,0.0,0.0,0.0,20.0,3550.0,8.0,23,0,0.6051282051282051,187.0997951183627,518.5,0.0,0.0,0.0,0.0,1
720.0,5.0,0.2326325136863275,0.0,0.0,0.0,0.0,0.0,0.0,0.0,0.0,0.0,0.0,33.333333333333336,0.0,0.0,0.0,0.0,0.0,810.0,0.0,0,0,0.6051282051282051,206.1997413512765,536.5,0.0,0.0,0.0,0.0,1
718.0,3.0,0.1712584371430099,0.0,0.0,0.0,0.0,0.0,0.0,0.0,0.0,0.0,0.0,56.03333333333333,0.0,0.0,0.0,0.0,0.0,312.0,0.0,0,0,0.6051282051282051,209.01355617917852,539.0,0.0,0.0,0.0,0.0,1
720.0,2.0,0.0610470380375934,0.0,0.0,0.0,0.0,0.0,0.0,0.0,0.0,0.0,0.0,72.23333333333333,0.0,0.0,0.0,0.0,14.0,872.0,6.0,1,0,0.6051282051282051,166.66933331200025,636.0,0.0,0.0,0.0,0.0,1
220.0,1.0,-1.000088900581841e-12,0.0,0.0,0.0,0.0,0.0,0.0,0.0,0.0,0.0,0.0,78.44444444444444,0.0,0.0,0.0,0.0,0.0,390.0,0.0,1,0,0.6051282051282051,249.6684468116332,594.5,0.0,0.0,0.0,0.0,1
524.0,5.0,0.7402401739393087,0.0,0.0,0.0,0.0,0.0,0.0,0.0,0.0,0.0,0.0,100.0,0.0,0.0,0.0,0.0,8.0,3308.0,0.0,10,1,0.6051282051282051,235.6685525619968,545.5,0.0,0.0,0.0,0.0,1
710.0,5.0,1.3807107621560832,0.0,0.0,0.0,0.0,0.0,0.0,0.0,0.0,0.0,0.0,99.16666666666669,0.0,0.0,0.0,0.0,24.0,2162.0,8.0,11,1,0.6051282051282051,233.74273607251763,543.5,0.0,0.0,0.0,0.0,1
716.0,1.0,-1.000088900581841e-12,0.0,0.0,0.0,0.0,0.0,0.0,0.0,0.0,0.0,0.0,97.23333333333332,0.0,0.0,0.0,0.0,8.0,6.0,4.0,11,1,0.6051282051282051,232.742346812951,542.5,0.0,0.0,0.0,0.0,1
710.0,4.0,0.7709409500023714,0.0,0.0,0.0,0.0,0.0,0.0,0.0,0.0,0.0,0.0,95.33333333333331,0.0,0.0,0.0,0.0,8.0,1512.0,6.0,12,1,0.6051282051282051,94.04254356406985,665.0,0.0,0.0,0.0,0.0,1
716.0,3.0,0.7521498603290429,0.0,0.0,0.0,0.0,0.0,0.0,0.0,0.0,0.0,0.0,93.53333333333332,0.0,0.0,0.0,0.0,8.0,378.0,6.0,12,1,0.6051282051282051,3.4641016151335537,713.0,0.0,0.0,0.0,0.0,1
678.0,8.0,1.4316538792604852,0.0,0.0,0.0,12.0,0.0,0.0,0.0,0.0,0.0,0.0,91.27586206896552,0.0,0.0,0.0,0.0,64.0,728.0,18.0,13,1,0.6051282051282051,18.2208671582878,705.0,0.0,0.0,6.0,3.0,1
662.0,6.0,1.011320720479957,0.0,0.0,0.0,0.0,0.0,0.0,0.0,0.0,0.0,0.0,89.8,0.0,0.0,0.0,0.0,22.0,1044.0,16.0,13,1,0.6051282051282051,25.787593916454696,691.5,0.0,0.0,6.0,3.0,1
626.0,1.0,-1.000088900581841e-12,0.0,0.0,0.0,0.0,0.0,0.0,0.0,0.0,0.0,0.0,88.0,0.0,0.0,0.0,0.0,0.0,0.0,0.0,14,1,0.6051282051282051,37.32291521304267,670.5,0.0,0.0,6.0,3.0,1
460.0,1.0,-1.000088900581841e-12,0.0,0.0,0.0,0.0,0.0,0.0,0.0,0.0,0.0,0.0,87.45833333333333,8.0,0.0,0.0,0.0,8.0,0.0,0.0,14,1,0.6051282051282051,100.05831632936186,606.5,0.0,0.0,6.0,3.0,1
514.0,6.0,1.3768886480131912,0.0,0.0,0.0,0.0,0.0,0.0,0.0,0.0,0.0,0.0,86.03333333333333,0.0,0.0,0.0,0.0,86.0,1448.0,26.0,15,1,0.6051282051282051,94.43692780545813,565.5,0.0,0.0,0.0,0.0,1
656.0,1.0,-1.000088900581841e-12,0.0,0.0,0.0,0.0,0.0,0.0,0.0,0.0,0.0,0.0,84.0,0.0,0.0,0.0,0.0,80.0,0.0,0.0,15,1,0.6051282051282051,92.41933419654843,564.0,0.0,0.0,0.0,0.0,2
704.0,6.0,0.9178832270656588,0.0,0.0,0.0,0.0,0.0,0.0,0.0,0.0,0.0,0.0,80.86666666666666,0.0,0.0,0.0,0.0,30.0,1244.0,18.0,16,1,0.6051282051282051,115.26635820278744,583.5,0.0,0.0,0.0,0.0,1
670.0,6.0,0.8870269252997957,0.0,0.0,0.0,0.0,0.0,0.0,0.0,0.0,0.0,0.0,76.9,0.0,0.0,0.0,0.0,20.0,558.0,12.0,16,1,0.6051282051282051,83.79339671676586,636.0,0.0,0.0,0.0,0.0,2
658.0,8.0,1.3570826798529716,0.0,0.0,0.0,0.0,0.0,0.0,0.0,0.0,0.0,0.0,74.51724137931035,0.0,0.0,0.0,0.0,98.0,1300.0,28.0,17,1,0.6051282051282051,22.21110833194301,672.0,0.0,0.0,0.0,0.0,1
644.0,5.0,0.976771619526998,0.0,0.0,0.0,0.0,0.0,0.0,0.0,0.0,0.0,0.0,73.23333333333333,0.0,0.0,0.0,0.0,70.0,1272.0,46.0,17,1,0.6051282051282051,25.638512697372057,669.0,0.0,0.0,0.0,0.0,2
648.0,4.0,0.7699595160779341,0.0,0.0,0.0,0.0,0.0,0.0,0.0,0.0,0.0,0.0,71.76666666666667,0.0,0.0,0.0,0.0,56.0,662.0,38.0,18,1,0.6051282051282051,11.604596790351744,655.0,0.0,0.0,0.0,0.0,1
662.0,6.0,1.136768570543711,0.0,0.0,0.0,0.0,0.0,0.0,0.0,0.0,0.0,0.0,69.86206896551724,0.0,0.0,0.0,0.0,70.0,780.0,32.0,18,1,0.6051282051282051,8.406346808610861,653.0,0.0,0.0,0.0,0.0,1
620.0,1.0,-1.000088900581841e-12,0.0,0.0,0.0,0.0,0.0,0.0,0.0,0.0,0.0,0.0,69.0,0.0,0.0,0.0,0.0,0.0,0.0,0.0,19,1,0.6051282051282051,17.464249196572283,643.5,0.0,0.0,0.0,0.0,1
478.0,3.0,0.4354897587018595,0.0,0.0,0.0,0.0,0.0,0.0,0.0,0.0,0.0,0.0,68.26666666666667,0.0,0.0,0.0,0.0,42.0,28.0,8.0,19,1,0.6051282051282051,84.49063064427112,602.0,0.0,0.0,0.0,0.0,1
662.0,2.0,0.3244186517889469,0.0,0.0,0.0,0.0,0.0,0.0,0.0,0.0,0.0,0.0,67.4,0.0,0.0,0.0,14.0,98.0,528.0,38.0,20,1,0.6051282051282051,87.27542609463433,605.5,0.0,0.0,0.0,0.0,1
668.0,3.0,0.4809985280348979,0.0,0.0,0.0,0.0,0.0,0.0,0.0,0.0,0.0,0.0,63.56666666666667,0.0,0.0,0.0,0.0,0.0,988.0,0.0,20,1,0.6051282051282051,88.61151166750277,607.0,0.0,0.0,0.0,0.0,1
670.0,6.0,1.2246241741614925,0.0,0.0,0.0,0.0,0.0,0.0,0.0,0.0,0.0,0.0,61.766666666666666,0.0,0.0,0.0,0.0,14.0,1088.0,12.0,21,0,0.6051282051282051,94.39456199026144,619.5,0.0,0.0,0.0,0.0,1
652.0,4.0,0.965200088608602,0.0,0.0,0.0,0.0,0.0,0.0,0.0,0.0,0.0,0.0,59.1,0.0,0.0,0.0,0.0,42.0,456.0,28.0,21,0,0.6051282051282051,8.082903768653578,663.0,0.0,0.0,0.0,0.0,1
622.0,1.0,-1.000088900581841e-12,0.0,0.0,0.0,0.0,0.0,0.0,0.0,0.0,0.0,0.0,59.0,0.0,0.0,0.0,0.0,0.0,0.0,0.0,22,0,0.6051282051282051,22.18107301281841,653.0,0.0,0.0,0.0,0.0,1
626.0,2.0,0.1303838856706856,0.0,0.0,0.0,0.0,0.0,0.0,0.0,0.0,0.0,0.0,58.035714285714285,0.0,0.0,0.0,0.0,46.0,190.0,10.0,22,0,0.6051282051282051,22.64950330581184,642.5,0.0,0.0,0.0,0.0,1
678.0,8.0,1.4113319281458838,0.0,0.0,0.0,0.0,0.0,0.0,0.0,0.0,0.0,0.0,56.4,0.0,0.0,0.0,0.0,50.0,4750.0,22.0,23,0,0.6051282051282051,25.993588953175507,644.5,0.0,0.0,0.0,0.0,1
718.0,7.0,0.8539950948086147,0.0,0.0,0.0,0.0,0.0,0.0,0.0,0.0,0.0,0.0,49.6,0.0,0.0,18.0,0.0,54.0,7980.0,18.0,23,0,0.6051282051282051,45.76752851822619,661.0,0.0,0.0,0.0,0.0,1
718.0,4.0,0.7353190540120771,0.0,0.0,0.0,0.0,0.0,0.0,0.0,0.0,0.0,0.0,43.266666666666666,0.0,0.0,0.0,0.0,0.0,8104.0,0.0,0,0,0.6051282051282051,43.61956747454802,685.0,0.0,0.0,0.0,0.0,1
718.0,2.0,0.1171618724271235,0.0,0.0,0.0,0.0,0.0,0.0,0.0,0.0,0.0,0.0,37.3,0.0,0.0,0.0,0.0,0.0,8712.0,0.0,0,0,0.6051282051282051,19.999999999999552,708.0,0.0,0.0,0.0,0.0,1
714.0,7.0,1.0322863817506025,0.0,0.0,0.0,0.0,0.0,0.0,0.0,0.0,0.0,18.0,31.5,0.0,0.0,0.0,0.0,18.0,4436.0,4.0,1,0,0.6051282051282051,1.9999999999955087,717.0,0.0,0.0,0.0,0.0,1
720.0,1.0,-1.000088900581841e-12,0.0,0.0,0.0,0.0,0.0,0.0,0.0,0.0,2.0,0.0,44.766666666666666,0.0,0.0,0.0,0.0,0.0,70.0,0.0,1,0,0.6051282051282051,2.5166114784200184,717.5,0.0,0.0,0.0,0.0,1
718.0,3.0,0.6225608915086701,0.0,0.0,0.0,0.0,0.0,0.0,0.0,0.0,0.0,0.0,65.93333333333334,0.0,0.0,0.0,0.0,0.0,18.0,0.0,2,0,0.6051282051282051,2.5166114784200184,717.5,0.0,0.0,0.0,0.0,1
720.0,1.0,-1.000088900581841e-12,0.0,0.0,0.0,0.0,0.0,0.0,0.0,0.0,0.0,0.0,78.4,0.0,0.0,0.0,0.0,0.0,0.0,0.0,2,0,0.6051282051282051,2.8284271247430146,718.0,0.0,0.0,0.0,0.0,1
210.0,1.0,-1.000088900581841e-12,0.0,0.0,0.0,0.0,0.0,0.0,0.0,0.0,0.0,0.0,89.5,0.0,0.0,0.0,0.0,0.0,0.0,0.0,3,0,0.6051282051282051,254.66841186138493,592.0,0.0,0.0,0.0,0.0,1
0.0,0.0,0.0,0.0,0.0,0.0,0.0,0.0,0.0,0.0,0.0,0.0,0.0,96.53333333333332,0.0,0.0,0.0,0.0,0.0,0.0,0.0,3,0,0.6051282051282051,364.7135862563938,412.0,0.0,0.0,0.0,0.0,1
0.0,0.0,0.0,0.0,0.0,0.0,0.0,0.0,0.0,0.0,0.0,0.0,0.0,99.76666666666668,0.0,0.0,0.0,0.0,0.0,0.0,0.0,4,0,0.6051282051282051,339.74254958718376,232.5,0.0,0.0,0.0,0.0,1
0.0,0.0,0.0,0.0,0.0,0.0,0.0,0.0,0.0,0.0,0.0,0.0,0.0,100.0,0.0,0.0,0.0,0.0,0.0,0.0,0.0,4,0,0.6051282051282051,105.0,52.5,0.0,0.0,0.0,0.0,1
0.0,0.0,0.0,0.0,0.0,0.0,0.0,0.0,0.0,0.0,0.0,0.0,0.0,100.0,0.0,0.0,0.0,0.0,0.0,0.0,0.0,5,0,0.6051282051282051,0.0,0.0,0.0,0.0,0.0,0.0,1
0.0,0.0,0.0,0.0,0.0,0.0,0.0,0.0,0.0,0.0,0.0,0.0,0.0,100.0,0.0,0.0,0.0,0.0,0.0,0.0,0.0,5,0,0.6051282051282051,0.0,0.0,0.0,0.0,0.0,0.0,1
0.0,0.0,0.0,0.0,0.0,0.0,0.0,0.0,0.0,0.0,0.0,0.0,0.0,100.0,0.0,0.0,0.0,0.0,0.0,0.0,0.0,6,0,0.6051282051282051,0.0,0.0,0.0,0.0,0.0,0.0,1
0.0,0.0,0.0,0.0,0.0,0.0,0.0,0.0,0.0,0.0,0.0,0.0,0.0,100.0,0.0,0.0,0.0,0.0,0.0,0.0,0.0,6,0,0.6051282051282051,0.0,0.0,0.0,0.0,0.0,0.0,1
0.0,0.0,0.0,0.0,0.0,0.0,0.0,0.0,0.0,0.0,0.0,0.0,0.0,100.0,0.0,0.0,0.0,0.0,0.0,0.0,0.0,7,0,0.6051282051282051,0.0,0.0,0.0,0.0,0.0,0.0,1
0.0,0.0,0.0,0.0,0.0,0.0,0.0,0.0,0.0,0.0,0.0,0.0,0.0,100.0,0.0,0.0,0.0,0.0,0.0,0.0,0.0,7,0,0.6051282051282051,0.0,0.0,0.0,0.0,0.0,0.0,1
0.0,0.0,0.0,0.0,0.0,0.0,0.0,0.0,0.0,0.0,0.0,0.0,0.0,100.0,0.0,0.0,0.0,0.0,0.0,0.0,0.0,8,1,0.6051282051282051,0.0,0.0,0.0,0.0,0.0,0.0,1
0.0,0.0,0.0,0.0,0.0,0.0,0.0,0.0,0.0,0.0,0.0,0.0,0.0,100.0,0.0,0.0,0.0,0.0,0.0,0.0,0.0,8,1,0.6051282051282051,0.0,0.0,0.0,0.0,0.0,0.0,1
0.0,0.0,0.0,0.0,0.0,0.0,0.0,0.0,0.0,0.0,0.0,0.0,0.0,100.0,0.0,0.0,0.0,0.0,0.0,0.0,0.0,9,1,0.6051282051282051,0.0,0.0,0.0,0.0,0.0,0.0,1
0.0,0.0,0.0,0.0,0.0,0.0,0.0,0.0,0.0,0.0,0.0,0.0,0.0,100.0,0.0,0.0,0.0,0.0,0.0,0.0,0.0,9,1,0.6051282051282051,0.0,0.0,0.0,0.0,0.0,0.0,1
0.0,0.0,0.0,0.0,0.0,0.0,0.0,0.0,0.0,0.0,0.0,0.0,0.0,100.0,0.0,0.0,0.0,0.0,0.0,0.0,0.0,10,1,0.6051282051282051,0.0,0.0,0.0,0.0,0.0,0.0,1
694.0,8.0,1.2993883224653104,0.0,0.0,0.0,0.0,0.0,0.0,0.0,0.0,0.0,0.0,100.0,0.0,0.0,0.0,0.0,54.0,2050.0,10.0,10,1,0.6051282051282051,347.0,173.5,0.0,0.0,0.0,0.0,1
668.0,6.0,1.1321772786458593,0.0,0.0,0.0,0.0,0.0,0.0,0.0,0.0,0.0,0.0,99.86666666666666,0.0,0.0,0.0,0.0,90.0,2614.0,36.0,11,1,0.6051282051282051,393.3187850416843,340.5,0.0,0.0,0.0,0.0,1
660.0,5.0,1.4997442101466751,0.0,0.0,0.0,0.0,0.0,0.0,0.0,0.0,0.0,0.0,98.10344827586206,0.0,0.0,0.0,0.0,90.0,1918.0,36.0,11,1,0.6051282051282051,337.3124170063514,505.5,0.0,0.0,0.0,0.0,1
698.0,6.0,1.2249813420299474,0.0,0.0,0.0,0.0,0.0,0.0,0.0,0.0,0.0,0.0,95.75862068965516,0.0,0.0,0.0,0.0,144.0,7572.0,44.0,12,1,0.6051282051282051,18.83259585576738,680.0,0.0,0.0,0.0,0.0,1
716.0,4.0,0.387393699780537,0.0,0.0,0.0,0.0,0.0,0.0,0.0,0.0,0.0,0.0,91.86666666666666,0.0,0.0,0.0,0.0,48.0,1020.0,14.0,12,1,0.6051282051282051,26.09597670139977,685.5,0.0,0.0,0.0,0.0,1
688.0,6.0,1.2492123835234403,0.0,0.0,0.0,0.0,0.0,0.0,0.0,0.0,0.0,0.0,87.16666666666667,0.0,0.0,0.0,0.0,144.0,1926.0,20.0,13,1,0.6051282051282051,23.4022790912908,690.5,0.0,0.0,0.0,0.0,2
666.0,6.0,1.0677653448595177,0.0,0.0,0.0,0.0,0.0,0.0,0.0,0.0,0.0,0.0,83.93333333333334,0.0,0.0,0.0,0.0,120.0,3122.0,42.0,13,1,0.6051282051282051,20.848661028149177,692.0,0.0,0.0,0.0,0.0,1
652.0,3.0,0.317213629366092,0.0,0.0,0.0,0.0,0.0,0.0,0.0,0.0,0.0,0.0,81.73333333333333,0.0,0.0,0.0,0.0,216.0,384.0,50.0,14,1,0.6051282051282051,27.92251182588462,680.5,0.0,0.0,0.0,0.0,2
656.0,2.0,0.0913180154532785,0.0,0.0,0.0,0.0,0.0,0.0,0.0,0.0,0.0,0.0,80.76666666666667,0.0,0.0,0.0,0.0,120.0,1126.0,24.0,14,1,0.6051282051282051,16.114175953695735,665.5,0.0,0.0,0.0,0.0,5
704.0,3.0,0.4144986448611829,0.0,0.0,0.0,0.0,0.0,0.0,0.0,0.0,0.0,0.0,78.3,0.0,0.0,0.0,0.0,72.0,10240.0,26.0,15,1,0.6051282051282051,23.74166520416514,669.5,0.0,0.0,0.0,0.0,1
714.0,6.0,1.2950319399567751,0.0,0.0,0.0,0.0,0.0,0.0,0.0,0.0,0.0,0.0,73.5,0.0,0.0,0.0,0.0,48.0,8396.0,8.0,15,1,0.6051282051282051,32.057240471797726,681.5,0.0,0.0,0.0,0.0,1
690.0,6.0,1.2173113436694396,0.0,0.0,0.0,0.0,0.0,0.0,0.0,0.0,0.0,0.0,68.46666666666667,0.0,0.0,0.0,0.0,96.0,3158.0,30.0,16,1,0.6051282051282051,25.32455988429676,691.0,0.0,0.0,0.0,0.0,1
690.0,9.0,1.816557327003095,0.0,0.0,0.0,0.0,0.0,0.0,0.0,0.0,0.0,0.0,63.793103448275865,0.0,0.0,0.0,0.0,74.0,3552.0,30.0,16,1,0.6051282051282051,11.704699910719611,699.5,0.0,0.0,0.0,0.0,1
704.0,7.0,1.4036211142628712,0.0,0.0,0.0,0.0,0.0,0.0,0.0,0.0,0.0,0.0,58.2,0.0,0.0,0.0,0.0,106.0,4796.0,48.0,17,1,0.6051282051282051,11.704699910719611,699.5,0.0,0.0,0.0,0.0,1
672.0,5.0,1.0144883358848602,0.0,0.0,0.0,0.0,0.0,0.0,0.0,0.0,0.0,0.0,54.333333333333336,0.0,0.0,0.0,0.0,252.0,1810.0,116.0,17,1,0.6051282051282051,13.114877048603974,689.0,0.0,0.0,0.0,0.0,1
706.0,4.0,0.6494076722197154,0.0,0.0,0.0,0.0,0.0,0.0,0.0,0.0,0.0,0.0,50.9,0.0,0.0,0.0,0.0,112.0,1822.0,32.0,18,1,0.6051282051282051,15.70562531918631,693.0,0.0,0.0,0.0,0.0,1
704.0,4.0,0.9311441997336746,0.0,0.0,0.0,0.0,0.0,0.0,0.0,0.0,0.0,0.0,45.03333333333333,0.0,0.0,0.0,0.0,224.0,582.0,74.0,18,1,0.6051282051282051,16.36052158907735,696.5,0.0,0.0,0.0,0.0,1
626.0,1.0,-1.000088900581841e-12,0.0,0.0,0.0,0.0,0.0,0.0,0.0,0.0,0.0,0.0,39.7,0.0,0.0,0.0,0.0,0.0,0.0,0.0,19,1,0.6051282051282051,37.39875220734866,677.0,0.0,0.0,0.0,0.0,1
686.0,6.0,1.5150112625594288,0.0,0.0,0.0,0.0,0.0,0.0,0.0,0.0,0.0,0.0,35.53333333333333,0.0,0.0,0.0,0.0,84.0,5612.0,38.0,19,1,0.6051282051282051,37.4299345444258,680.5,0.0,0.0,0.0,0.0,1
662.0,4.0,0.882380077901304,0.0,0.0,0.0,0.0,0.0,0.0,0.0,0.0,0.0,0.0,32.93333333333333,0.0,0.0,0.0,0.0,140.0,2098.0,42.0,20,1,0.6051282051282051,33.719430600174725,669.5,0.0,0.0,0.0,0.0,1
660.0,5.0,0.6550011673919416,0.0,0.0,0.0,0.0,0.0,0.0,0.0,0.0,0.0,0.0,30.58620689655172,0.0,0.0,0.0,0.0,204.0,1018.0,56.0,20,1,0.6051282051282051,24.677925358506126,658.5,0.0,0.0,0.0,0.0,1
644.0,2.0,0.2954391918701161,0.0,0.0,0.0,0.0,0.0,0.0,0.0,0.0,0.0,0.0,27.666666666666668,0.0,0.0,0.0,0.0,0.0,70.0,0.0,21,0,0.6051282051282051,17.320508075688757,663.0,0.0,0.0,0.0,0.0,1
636.0,1.0,-1.000088900581841e-12,0.0,0.0,0.0,0.0,0.0,0.0,0.0,0.0,0.0,0.0,22.06896551724138,0.0,0.0,0.0,0.0,30.0,0.0,0.0,21,0,0.6051282051282051,12.583057392117915,650.5,0.0,0.0,0.0,0.0,1
568.0,7.0,1.474263499653992,0.0,0.0,0.0,0.0,0.0,0.0,0.0,0.0,0.0,28.0,24.375,0.0,0.0,0.0,0.0,146.0,7582.0,46.0,22,0,0.6051282051282051,40.5791407827552,627.0,0.0,0.0,0.0,0.0,1
716.0,7.0,1.298270483856837,0.0,0.0,0.0,0.0,0.0,0.0,0.0,0.0,0.0,30.0,28.6,0.0,0.0,0.0,0.0,0.0,2742.0,0.0,22,0,0.6051282051282051,60.51996915619394,641.0,0.0,0.0,0.0,0.0,1
718.0,3.0,0.5599466685441978,0.0,0.0,0.0,0.0,0.0,0.0,0.0,0.0,0.0,0.0,46.93333333333333,0.0,0.0,0.0,0.0,30.0,836.0,10.0,23,0,0.6051282051282051,71.96990111613789,659.5,0.0,0.0,0.0,0.0,1
720.0,1.0,-1.000088900581841e-12,0.0,0.0,0.0,0.0,0.0,0.0,0.0,0.0,0.0,0.0,65.8,0.0,0.0,0.0,0.0,0.0,406.0,0.0,23,0,0.6051282051282051,75.01777567128117,680.5,0.0,0.0,0.0,0.0,1
242.0,3.0,0.6358713535599968,0.0,0.0,0.0,0.0,0.0,0.0,0.0,0.0,0.0,0.0,78.16666666666667,0.0,0.0,0.0,0.0,0.0,1446.0,0.0,0,0,0.6051282051282051,238.0056021749628,599.0,0.0,0.0,0.0,0.0,1
720.0,4.0,0.444975149651428,0.0,0.0,0.0,0.0,0.0,0.0,0.0,0.0,0.0,0.0,87.7,0.0,0.0,0.0,0.0,0.0,3484.0,0.0,0,0,0.6051282051282051,238.66852885679475,600.0,0.0,0.0,0.0,0.0,1
718.0,1.0,-1.000088900581841e-12,0.0,0.0,0.0,0.0,0.0,0.0,0.0,0.0,0.0,0.0,92.1,0.0,0.0,0.0,0.0,0.0,1708.0,0.0,1,0,0.6051282051282051,238.66852885679475,600.0,0.0,0.0,0.0,0.0,1
628.0,1.0,-1.000088900581841e-12,0.0,0.0,0.0,0.0,0.0,0.0,0.0,0.0,0.0,0.0,99.33333333333331,0.0,0.0,0.0,0.0,0.0,1822.0,0.0,1,0,0.6051282051282051,227.41738426660936,577.0,0.0,0.0,0.0,0.0,1
0.0,0.0,0.0,0.0,0.0,0.0,0.0,0.0,0.0,0.0,0.0,0.0,0.0,100.0,0.0,0.0,0.0,0.0,0.0,766.0,0.0,2,0,0.6051282051282051,346.9961575195514,516.5,0.0,0.0,0.0,0.0,1
692.0,8.0,1.4889083014709708,0.0,0.0,0.0,0.0,0.0,0.0,0.0,0.0,0.0,0.0,98.1,0.0,0.0,0.0,0.0,36.0,2070.0,6.0,11,1,0.6051282051282051,349.02530949297454,362.0,0.0,0.0,0.0,0.0,1
638.0,1.0,-1.000088900581841e-12,0.0,0.0,0.0,0.0,0.0,0.0,0.0,0.0,0.0,0.0,96.9,0.0,0.0,0.0,0.0,12.0,6.0,6.0,12,1,0.6051282051282051,351.5920931989228,364.5,0.0,0.0,0.0,0.0,2
638.0,1.0,-1.000088900581841e-12,0.0,0.0,0.0,0.0,0.0,0.0,0.0,0.0,0.0,0.0,96.0,0.0,0.0,0.0,0.0,18.0,0.0,0.0,12,1,0.6051282051282051,265.2244332636041,524.0,0.0,0.0,0.0,0.0,1
568.0,1.0,-1.000088900581841e-12,0.0,0.0,0.0,0.0,0.0,0.0,0.0,0.0,0.0,0.0,95.1,0.0,0.0,0.0,0.0,6.0,0.0,0.0,13,1,0.6051282051282051,50.83306010855534,634.0,0.0,0.0,0.0,0.0,1
518.0,4.0,0.8804199529030573,0.0,0.0,0.0,0.0,0.0,0.0,0.0,0.0,0.0,0.0,94.03448275862068,0.0,0.0,0.0,0.0,24.0,602.0,12.0,13,1,0.6051282051282051,58.52349955359811,590.5,0.0,0.0,0.0,0.0,1
678.0,4.0,0.9240021508809296,0.0,0.0,0.0,0.0,0.0,0.0,0.0,0.0,0.0,0.0,91.26666666666668,0.0,0.0,0.0,0.0,24.0,798.0,8.0,14,1,0.6051282051282051,71.35591542869214,600.5,0.0,0.0,0.0,0.0,1
666.0,6.0,1.212717384563632,0.0,0.0,0.0,0.0,0.0,0.0,0.0,0.0,0.0,0.0,87.86666666666666,0.0,0.0,0.0,0.0,30.0,412.0,10.0,14,1,0.6051282051282051,77.38001464633271,607.5,0.0,0.0,0.0,0.0,1
712.0,4.0,0.364091425831136,0.0,0.0,0.0,0.0,0.0,0.0,0.0,0.0,0.0,0.0,84.7,0.0,0.0,0.0,0.0,12.0,632.0,6.0,15,1,0.6051282051282051,85.90498627359571,643.5,0.0,0.0,0.0,0.0,2
680.0,4.0,0.7603803459033631,0.0,0.0,0.0,0.0,0.0,0.0,0.0,0.0,0.0,0.0,80.27586206896552,0.0,0.0,0.0,0.0,6.0,624.0,2.0,15,1,0.6051282051282051,19.66384160500345,684.0,0.0,0.0,0.0,0.0,2
702.0,5.0,0.7328406384212459,0.0,0.0,0.0,0.0,0.0,0.0,0.0,0.0,0.0,0.0,76.46666666666667,0.0,0.0,0.0,0.0,8.0,194.0,8.0,16,1,0.6051282051282051,20.84866102814913,690.0,0.0,0.0,0.0,0.0,1
716.0,2.0,0.2309456017017183,0.0,0.0,0.0,0.0,0.0,0.0,0.0,0.0,0.0,0.0,72.86666666666666,0.0,0.0,0.0,0.0,0.0,4.0,0.0,16,1,0.6051282051282051,16.1141759536957,702.5,0.0,0.0,0.0,0.0,1
712.0,2.0,0.5257679272326561,0.0,0.0,0.0,0.0,0.0,0.0,0.0,0.0,0.0,0.0,69.76666666666667,0.0,0.0,0.0,0.0,8.0,258.0,4.0,17,1,0.6051282051282051,16.1141759536957,702.5,0.0,0.0,0.0,0.0,1
718.0,1.0,-1.000088900581841e-12,0.0,0.0,0.0,0.0,0.0,0.0,0.0,0.0,0.0,0.0,65.86666666666666,0.0,0.0,0.0,0.0,0.0,192.0,0.0,17,1,0.6051282051282051,7.118052168020736,712.0,0.0,0.0,0.0,0.0,1
684.0,9.0,1.622103095035039,0.0,0.0,0.0,0.0,0.0,0.0,0.0,0.0,0.0,0.0,61.833333333333336,0.0,0.0,0.0,0.0,20.0,1130.0,14.0,18,1,0.6051282051282051,15.864005379054332,707.5,0.0,0.0,0.0,0.0,1
712.0,5.0,1.0798041698921714,0.0,0.0,0.0,0.0,0.0,0.0,0.0,0.0,0.0,0.0,58.13333333333333,0.0,0.0,0.0,0.0,12.0,2078.0,6.0,18,1,0.6051282051282051,15.264337522473683,706.5,0.0,0.0,0.0,0.0,1
678.0,4.0,1.0361985507271605,0.0,0.0,0.0,0.0,0.0,0.0,0.0,0.0,0.0,0.0,54.56666666666667,0.0,0.0,0.0,0.0,60.0,618.0,0.0,19,1,0.6051282051282051,19.93322185030135,698.0,0.0,0.0,0.0,0.0,1
634.0,4.0,0.6159282026956994,0.0,0.0,0.0,0.0,0.0,0.0,0.0,0.0,0.0,0.0,53.3,0.0,0.0,0.0,0.0,24.0,76.0,4.0,19,1,0.6051282051282051,32.26969682741584,677.0,0.0,0.0,0.0,0.0,1
622.0,1.0,-1.000088900581841e-12,0.0,0.0,0.0,0.0,0.0,0.0,0.0,0.0,0.0,0.0,52.58620689655172,0.0,0.0,0.0,0.0,0.0,0.0,0.0,20,1,0.6051282051282051,41.38840417314973,661.5,0.0,0.0,0.0,0.0,1
136.0,1.0,-1.000088900581841e-12,0.0,0.0,0.0,0.0,0.0,0.0,0.0,0.0,0.0,0.0,52.0,0.0,0.0,0.0,0.0,24.0,0.0,0.0,20,1,0.6051282051282051,255.47015481265123,517.5,0.0,0.0,0.0,0.0,1
0.0,0.0,0.0,0.0,0.0,0.0,0.0,0.0,0.0,0.0,0.0,0.0,0.0,51.5,0.0,0.0,0.0,0.0,36.0,0.0,0.0,21,0,0.6051282051282051,328.0853547478156,348.0,0.0,0.0,0.0,0.0,1
504.0,9.0,1.4291158239514032,0.0,0.0,0.0,0.0,0.0,0.0,0.0,0.0,0.0,0.0,48.55172413793103,0.0,0.0,0.0,0.0,36.0,3652.0,8.0,21,0,0.6051282051282051,295.0903816347346,315.5,0.0,0.0,0.0,0.0,1
718.0,3.0,0.2012424675068736,0.0,0.0,0.0,0.0,0.0,0.0,0.0,0.0,0.0,0.0,43.1,0.0,0.0,0.0,0.0,14.0,580.0,4.0,22,0,0.6051282051282051,330.14895628084804,339.5,0.0,0.0,0.0,0.0,1
700.0,2.0,0.0867009060476954,0.0,0.0,0.0,0.0,0.0,0.0,0.0,0.0,0.0,0.0,38.7,0.0,0.0,0.0,0.0,14.0,818.0,2.0,22,0,0.6051282051282051,334.673472706358,480.5,0.0,0.0,0.0,0.0,2
720.0,1.0,-1.000088900581841e-12,0.0,0.0,0.0,0.0,0.0,0.0,0.0,0.0,0.0,0.0,34.6,0.0,0.0,0.0,0.0,0.0,396.0,0.0,23,0,0.6051282051282051,104.72026228640443,660.5,0.0,0.0,0.0,0.0,2
692.0,1.0,-1.000088900581841e-12,0.0,0.0,0.0,0.0,0.0,0.0,0.0,0.0,0.0,0.0,30.366666666666667,0.0,0.0,0.0,0.0,14.0,678.0,6.0,23,0,0.6051282051282051,13.69914839202333,707.5,0.0,0.0,0.0,0.0,3
720.0,5.0,0.4479219193487502,0.0,0.0,0.0,0.0,0.0,0.0,0.0,0.0,0.0,0.0,22.53333333333333,0.0,0.0,0.0,0.0,0.0,1500.0,0.0,0,0,0.6051282051282051,14.236104336042054,708.0,0.0,0.0,0.0,0.0,3
696.0,5.0,0.0943638655768385,0.0,0.0,0.0,0.0,0.0,0.0,0.0,0.0,0.0,12.0,15.1,0.0,0.0,0.0,0.0,12.0,536.0,2.0,0,0,0.6051282051282051,15.099668870541786,707.0,0.0,0.0,0.0,0.0,3
718.0,4.0,0.7548895960859994,0.0,0.0,0.0,0.0,0.0,0.0,0.0,0.0,0.0,0.0,30.13793103448276,0.0,0.0,0.0,0.0,14.0,1224.0,4.0,1,0,0.6051282051282051,14.54876856186376,706.5,0.0,0.0,0.0,0.0,4
718.0,1.0,-1.000088900581841e-12,0.0,0.0,0.0,0.0,0.0,0.0,0.0,0.0,0.0,0.0,80.3,0.0,0.0,0.0,0.0,0.0,0.0,0.0,2,0,0.6051282051282051,1.000000000004301,718.5,0.0,0.0,0.0,0.0,1
254.0,1.0,-1.000088900581841e-12,0.0,0.0,0.0,0.0,0.0,0.0,0.0,0.0,0.0,0.0,87.0,0.0,0.0,0.0,0.0,0.0,0.0,0.0,3,0,0.6051282051282051,232.3352462857641,602.5,0.0,0.0,0.0,0.0,1
0.0,0.0,0.0,0.0,0.0,0.0,0.0,0.0,0.0,0.0,0.0,0.0,0.0,92.0,0.0,0.0,0.0,0.0,0.0,0.0,0.0,3,0,0.6051282051282051,357.1759603706088,423.0,0.0,0.0,0.0,0.0,1
0.0,0.0,0.0,0.0,0.0,0.0,0.0,0.0,0.0,0.0,0.0,0.0,0.0,99.93333333333334,0.0,0.0,0.0,0.0,0.0,0.0,0.0,4,0,0.6051282051282051,338.5478794301726,243.0,0.0,0.0,0.0,0.0,1
0.0,0.0,0.0,0.0,0.0,0.0,0.0,0.0,0.0,0.0,0.0,0.0,0.0,100.0,0.0,0.0,0.0,0.0,0.0,0.0,0.0,4,0,0.6051282051282051,126.99999999999994,63.5,0.0,0.0,0.0,0.0,1
0.0,0.0,0.0,0.0,0.0,0.0,0.0,0.0,0.0,0.0,0.0,0.0,0.0,100.0,0.0,0.0,0.0,0.0,0.0,0.0,0.0,5,0,0.6051282051282051,0.0,0.0,0.0,0.0,0.0,0.0,1
0.0,0.0,0.0,0.0,0.0,0.0,0.0,0.0,0.0,0.0,0.0,0.0,0.0,100.0,0.0,0.0,0.0,0.0,0.0,0.0,0.0,5,0,0.6051282051282051,0.0,0.0,0.0,0.0,0.0,0.0,1
0.0,0.0,0.0,0.0,0.0,0.0,0.0,0.0,0.0,0.0,0.0,0.0,0.0,100.0,0.0,0.0,0.0,0.0,0.0,0.0,0.0,6,0,0.6051282051282051,0.0,0.0,0.0,0.0,0.0,0.0,1
0.0,0.0,0.0,0.0,0.0,0.0,0.0,0.0,0.0,0.0,0.0,0.0,0.0,100.0,0.0,0.0,0.0,0.0,0.0,0.0,0.0,6,0,0.6051282051282051,0.0,0.0,0.0,0.0,0.0,0.0,1
0.0,0.0,0.0,0.0,0.0,0.0,0.0,0.0,0.0,0.0,0.0,0.0,0.0,100.0,0.0,0.0,0.0,0.0,0.0,0.0,0.0,7,0,0.6051282051282051,0.0,0.0,0.0,0.0,0.0,0.0,1
0.0,0.0,0.0,0.0,0.0,0.0,0.0,0.0,0.0,0.0,0.0,0.0,0.0,100.0,0.0,0.0,0.0,0.0,0.0,0.0,0.0,7,0,0.6051282051282051,0.0,0.0,0.0,0.0,0.0,0.0,1
0.0,0.0,0.0,0.0,0.0,0.0,0.0,0.0,0.0,0.0,0.0,0.0,0.0,100.0,0.0,0.0,0.0,0.0,0.0,0.0,0.0,8,1,0.6051282051282051,0.0,0.0,0.0,0.0,0.0,0.0,3
0.0,0.0,0.0,0.0,0.0,0.0,0.0,0.0,0.0,0.0,0.0,0.0,0.0,100.0,0.0,0.0,0.0,0.0,0.0,0.0,0.0,8,1,0.6051282051282051,0.0,0.0,0.0,0.0,0.0,0.0,1
0.0,0.0,0.0,0.0,0.0,0.0,0.0,0.0,0.0,0.0,0.0,0.0,0.0,100.0,0.0,0.0,0.0,0.0,0.0,0.0,0.0,9,1,0.6051282051282051,0.0,0.0,0.0,0.0,0.0,0.0,1
0.0,0.0,0.0,0.0,0.0,0.0,0.0,0.0,0.0,0.0,0.0,0.0,0.0,100.0,0.0,0.0,0.0,0.0,0.0,0.0,0.0,9,1,0.6051282051282051,0.0,0.0,0.0,0.0,0.0,0.0,1
0.0,0.0,0.0,0.0,0.0,0.0,0.0,0.0,0.0,0.0,0.0,0.0,0.0,100.0,0.0,0.0,0.0,0.0,0.0,0.0,0.0,10,1,0.6051282051282051,0.0,0.0,0.0,0.0,0.0,0.0,1
372.0,7.0,1.544633210776096,0.0,0.0,0.0,0.0,0.0,0.0,0.0,0.0,0.0,0.0,99.9,0.0,0.0,0.0,0.0,18.0,2264.0,8.0,10,1,0.6051282051282051,186.0,93.0,0.0,0.0,0.0,0.0,1
688.0,8.0,1.4671383965933291,0.0,0.0,0.0,0.0,0.0,0.0,0.0,0.0,0.0,0.0,97.03333333333332,0.0,0.0,0.0,0.0,54.0,1130.0,8.0,11,1,0.6051282051282051,332.07830401879613,265.0,0.0,0.0,0.0,0.0,1
642.0,2.0,0.2498350096772427,0.0,0.0,0.0,0.0,0.0,0.0,0.0,0.0,0.0,0.0,95.16666666666669,0.0,0.0,0.0,0.0,18.0,94.0,10.0,11,1,0.6051282051282051,316.06486675997377,425.5,0.0,0.0,0.0,0.0,1
644.0,2.0,0.6706798874673409,0.0,0.0,0.0,0.0,0.0,0.0,0.0,0.0,0.0,0.0,94.13333333333334,0.0,0.0,0.0,0.0,18.0,64.0,4.0,12,1,0.6051282051282051,144.56717008597298,586.5,0.0,0.0,0.0,0.0,1
654.0,3.0,0.7265368440397322,0.0,0.0,0.0,0.0,0.0,0.0,0.0,0.0,0.0,0.0,92.3103448275862,0.0,0.0,0.0,0.0,72.0,224.0,24.0,12,1,0.6051282051282051,21.322914122292065,657.0,0.0,0.0,0.0,0.0,1
652.0,3.0,0.9386445103448138,0.0,0.0,0.0,0.0,0.0,0.0,0.0,0.0,0.0,0.0,91.0,0.0,0.0,0.0,0.0,36.0,296.0,18.0,13,1,0.6051282051282051,5.887840577549812,648.0,0.0,0.0,0.0,0.0,1
644.0,2.0,0.4898945395273993,0.0,0.0,0.0,0.0,0.0,0.0,0.0,0.0,0.0,0.0,90.23333333333332,0.0,0.0,0.0,0.0,36.0,106.0,16.0,13,1,0.6051282051282051,5.259911279350833,648.5,0.0,0.0,0.0,0.0,1
652.0,6.0,0.9875129783231572,0.0,0.0,0.0,0.0,0.0,0.0,0.0,0.0,0.0,0.0,88.37037037037037,0.0,0.0,0.0,0.0,40.0,972.0,2.0,14,1,0.6051282051282051,4.434711565213922,650.5,0.0,0.0,0.0,0.0,1
662.0,4.0,0.7381007531141399,0.0,0.0,0.0,0.0,0.0,0.0,0.0,0.0,0.0,0.0,86.86666666666666,0.0,0.0,0.0,0.0,28.0,542.0,10.0,14,1,0.6051282051282051,7.371114795830323,652.5,0.0,0.0,0.0,0.0,1
712.0,1.0,-1.000088900581841e-12,0.0,0.0,0.0,0.0,0.0,0.0,0.0,0.0,0.0,0.0,81.23333333333333,0.0,0.0,0.0,0.0,4.0,402.0,4.0,15,1,0.6051282051282051,30.56686659331161,667.5,0.0,0.0,0.0,0.0,1
682.0,7.0,1.364212435906559,0.0,0.0,0.0,0.0,0.0,0.0,0.0,0.0,0.0,0.0,76.51724137931035,0.0,0.0,0.0,0.0,42.0,968.0,12.0,15,1,0.6051282051282051,26.457513110645444,677.0,0.0,0.0,0.0,0.0,1
716.0,5.0,0.6827458966277659,0.0,0.0,0.0,0.0,0.0,0.0,0.0,0.0,0.0,0.0,72.53333333333333,0.0,0.0,0.0,0.0,12.0,960.0,6.0,16,1,0.6051282051282051,25.638512697372057,693.0,0.0,0.0,0.0,0.0,1
672.0,5.0,1.168485131314099,0.0,0.0,0.0,0.0,0.0,0.0,0.0,0.0,0.0,0.0,68.3,0.0,0.0,0.0,0.0,36.0,1180.0,10.0,16,1,0.6051282051282051,21.80978373727354,695.5,0.0,0.0,0.0,0.0,1
694.0,1.0,-1.000088900581841e-12,0.0,0.0,0.0,0.0,0.0,0.0,0.0,0.0,0.0,0.0,64.66666666666667,0.0,0.0,0.0,0.0,6.0,326.0,6.0,17,1,0.6051282051282051,18.93849694845505,691.0,0.0,0.0,0.0,0.0,1
710.0,5.0,0.6061006906671833,0.0,0.0,0.0,0.0,0.0,0.0,0.0,0.0,0.0,0.0,59.16666666666666,0.0,0.0,0.0,0.0,6.0,1446.0,6.0,17,1,0.6051282051282051,19.66384160500285,698.0,0.0,0.0,0.0,0.0,2
698.0,5.0,0.949545696200641,0.0,0.0,0.0,0.0,0.0,0.0,0.0,0.0,0.0,0.0,54.86666666666667,0.0,0.0,0.0,0.0,42.0,1396.0,16.0,18,1,0.6051282051282051,15.864005379053596,693.5,0.0,0.0,0.0,0.0,1
668.0,3.0,0.7447983412345454,0.0,0.0,0.0,0.0,0.0,0.0,0.0,0.0,0.0,0.0,52.833333333333336,0.0,0.0,0.0,0.0,60.0,480.0,32.0,18,1,0.6051282051282051,17.691806012953418,692.5,0.0,0.0,0.0,0.0,1
690.0,6.0,1.1822321039509989,0.0,0.0,0.0,0.0,0.0,0.0,0.0,0.0,0.0,0.0,49.7,0.0,0.0,0.0,0.0,66.0,1684.0,36.0,19,1,0.6051282051282051,17.691806012953418,691.5,0.0,0.0,0.0,0.0,1
706.0,4.0,0.4475392658716023,0.0,0.0,0.0,0.0,0.0,0.0,0.0,0.0,0.0,0.0,46.66666666666666,0.0,0.0,0.0,0.0,30.0,1234.0,12.0,19,1,0.6051282051282051,16.360521589076598,690.5,0.0,0.0,0.0,0.0,1
670.0,4.0,0.7250538434803772,0.0,0.0,0.0,0.0,0.0,0.0,0.0,0.0,0.0,0.0,45.43333333333333,0.0,0.0,0.0,0.0,42.0,810.0,16.0,20,1,0.6051282051282051,17.990738358017477,683.5,0.0,0.0,0.0,0.0,1
672.0,4.0,1.028800048651424,0.0,0.0,0.0,0.0,0.0,0.0,0.0,0.0,0.0,0.0,43.833333333333336,0.0,0.0,0.0,0.0,24.0,1158.0,14.0,20,1,0.6051282051282051,16.921386861995327,684.5,0.0,0.0,0.0,0.0,1
638.0,1.0,-1.000088900581841e-12,0.0,0.0,0.0,0.0,0.0,0.0,0.0,0.0,0.0,0.0,42.0,0.0,0.0,0.0,0.0,30.0,0.0,0.0,21,0,0.6051282051282051,27.77888886666709,671.5,0.0,0.0,0.0,0.0,1
652.0,2.0,0.1576695366633348,0.0,0.0,0.0,0.0,0.0,0.0,0.0,0.0,0.0,0.0,40.3,0.0,0.0,0.0,0.0,24.0,544.0,14.0,21,0,0.6051282051282051,16.083117442418956,658.0,0.0,0.0,0.0,0.0,1
636.0,4.0,0.9044731110380436,0.0,0.0,0.0,0.0,0.0,0.0,0.0,0.0,0.0,0.0,39.03333333333333,0.0,0.0,0.0,0.0,12.0,268.0,8.0,22,0,0.6051282051282051,16.60321254054892,649.5,0.0,0.0,0.0,0.0,1
630.0,1.0,-1.000088900581841e-12,0.0,0.0,0.0,0.0,0.0,0.0,0.0,0.0,0.0,0.0,38.6,0.0,0.0,0.0,0.0,0.0,0.0,0.0,22,0,0.6051282051282051,9.309493362511244,639.0,0.0,0.0,0.0,0.0,1
650.0,7.0,1.165712646341083,0.0,0.0,0.0,0.0,0.0,0.0,0.0,0.0,0.0,0.0,36.66666666666666,0.0,0.0,0.0,0.0,18.0,3630.0,4.0,23,0,0.6051282051282051,10.708252269471464,642.0,0.0,0.0,0.0,0.0,1
706.0,9.0,1.5927428111149864,0.0,0.0,0.0,0.0,0.0,0.0,0.0,0.0,0.0,8.0,31.41379310344828,0.0,0.0,0.0,0.0,12.0,1616.0,2.0,23,0,0.6051282051282051,34.693899559816586,655.5,0.0,0.0,0.0,0.0,1
720.0,3.0,0.5806589441065486,0.0,0.0,0.0,0.0,0.0,0.0,0.0,0.0,0.0,0.0,40.06666666666667,0.0,0.0,0.0,0.0,0.0,890.0,0.0,0,0,0.6051282051282051,43.30896750866547,676.5,0.0,0.0,0.0,0.0,1
718.0,1.0,-1.000088900581841e-12,0.0,0.0,0.0,0.0,0.0,0.0,0.0,0.0,0.0,0.0,62.333333333333336,0.0,0.0,0.0,0.0,0.0,340.0,0.0,0,0,0.6051282051282051,32.91909273759897,698.5,0.0,0.0,0.0,0.0,1
544.0,1.0,-1.000088900581841e-12,0.0,0.0,0.0,0.0,0.0,0.0,0.0,0.0,0.0,0.0,75.86666666666666,0.0,0.0,0.0,0.0,0.0,724.0,0.0,1,0,0.6051282051282051,85.5569985448296,672.0,0.0,0.0,0.0,0.0,1
526.0,6.0,0.7197050575158204,0.0,0.0,0.0,0.0,0.0,0.0,0.0,0.0,0.0,0.0,86.33333333333333,0.0,0.0,0.0,0.0,0.0,2092.0,0.0,1,0,0.6051282051282051,106.48943609579295,627.0,0.0,0.0,0.0,0.0,1
446.0,6.0,1.2365876788314258,0.0,0.0,0.0,0.0,0.0,0.0,0.0,0.0,0.0,0.0,99.05263157894736,0.0,0.0,0.0,0.0,0.0,1114.0,0.0,11,1,0.6051282051282051,114.54693361238428,558.5,0.0,0.0,0.0,0.0,2
688.0,1.0,-1.000088900581841e-12,0.0,0.0,0.0,0.0,0.0,0.0,0.0,0.0,0.0,0.0,96.56666666666666,0.0,0.0,0.0,0.0,16.0,70.0,4.0,11,1,0.6051282051282051,100.77698149875285,551.0,0.0,0.0,0.0,0.0,2
698.0,5.0,1.1990674177863174,0.0,0.0,0.0,0.0,0.0,0.0,0.0,0.0,0.0,0.0,93.33333333333331,0.0,0.0,0.0,0.0,16.0,718.0,8.0,12,1,0.6051282051282051,123.96101537714712,589.5,0.0,0.0,0.0,0.0,2
644.0,7.0,0.6747318713738759,0.0,0.0,0.0,0.0,0.0,0.0,0.0,0.0,0.0,0.0,90.63333333333334,0.0,0.0,0.0,0.0,8.0,476.0,6.0,12,1,0.6051282051282051,117.69451983843588,619.0,0.0,0.0,0.0,0.0,2
666.0,5.0,0.9850895520564624,0.0,0.0,0.0,0.0,0.0,0.0,0.0,0.0,0.0,0.0,88.73333333333333,0.0,0.0,0.0,0.0,16.0,528.0,8.0,13,1,0.6051282051282051,24.055491403557763,674.0,0.0,0.0,0.0,0.0,3
626.0,2.0,0.1626278886631769,0.0,0.0,0.0,0.0,0.0,0.0,0.0,0.0,0.0,0.0,87.0,0.0,0.0,0.0,0.0,8.0,22.0,0.0,13,1,0.6051282051282051,30.99999999999961,658.5,0.0,0.0,0.0,0.0,1
636.0,4.0,0.8182788535792711,0.0,0.0,0.0,0.0,0.0,0.0,0.0,0.0,0.0,0.0,86.13333333333334,0.0,0.0,0.0,0.0,24.0,50.0,8.0,14,1,0.6051282051282051,17.009801096230063,643.0,0.0,0.0,0.0,0.0,1
640.0,4.0,0.5712537644245945,0.0,0.0,0.0,0.0,0.0,0.0,0.0,0.0,0.0,0.0,85.16666666666667,0.0,0.0,0.0,0.0,24.0,396.0,6.0,14,1,0.6051282051282051,17.04894913672519,642.0,0.0,0.0,0.0,0.0,1
628.0,1.0,-1.000088900581841e-12,0.0,0.0,0.0,0.0,0.0,0.0,0.0,0.0,0.0,0.0,84.53333333333333,0.0,0.0,0.0,0.0,8.0,0.0,0.0,15,1,0.6051282051282051,6.608075867197858,632.5,0.0,0.0,0.0,0.0,2
642.0,2.0,0.1887688670097552,0.0,0.0,0.0,0.0,0.0,0.0,0.0,0.0,0.0,0.0,82.73333333333333,0.0,0.0,0.0,0.0,8.0,42.0,4.0,15,1,0.6051282051282051,6.191391873666981,636.5,0.0,0.0,0.0,0.0,1
620.0,1.0,-1.000088900581841e-12,0.0,0.0,0.0,0.0,0.0,0.0,0.0,0.0,0.0,0.0,82.0,0.0,0.0,0.0,0.0,0.0,0.0,0.0,16,1,0.6051282051282051,10.3762549441811,632.5,0.0,0.0,0.0,0.0,1
246.0,1.0,-1.000088900581841e-12,0.0,0.0,0.0,0.0,0.0,0.0,0.0,0.0,0.0,0.0,82.0,4.0,0.0,0.0,0.0,0.0,0.0,0.0,16,1,0.6051282051282051,192.21515722405096,534.0,0.0,0.0,0.0,0.0,2
4.0,1.0,-1.000088900581841e-12,0.0,0.0,0.0,0.0,0.0,0.0,0.0,0.0,0.0,0.0,81.33333333333333,0.0,0.0,0.0,0.0,4.0,42.0,4.0,17,1,0.6051282051282051,308.5233648634519,378.0,0.0,0.0,0.0,0.0,2
684.0,7.0,1.2398235587034223,0.0,0.0,0.0,0.0,0.0,0.0,0.0,0.0,0.0,0.0,79.93333333333334,0.0,0.0,0.0,0.0,12.0,960.0,10.0,17,1,0.6051282051282051,320.9667687887122,388.5,0.0,0.0,0.0,0.0,2
654.0,4.0,1.0816021318663571,0.0,0.0,0.0,0.0,0.0,0.0,0.0,0.0,0.0,0.0,77.1,0.0,0.0,0.0,0.0,18.0,610.0,6.0,18,1,0.6051282051282051,329.4783756181883,397.0,0.0,0.0,0.0,0.0,2
628.0,3.0,0.3705804064622465,0.0,0.0,0.0,0.0,0.0,0.0,0.0,0.0,0.0,0.0,75.03448275862068,0.0,0.0,0.0,0.0,12.0,262.0,0.0,18,1,0.6051282051282051,326.4694983200319,492.5,0.0,0.0,0.0,0.0,2
676.0,3.0,0.9279113809062504,0.0,0.0,0.0,0.0,0.0,0.0,0.0,0.0,0.0,0.0,73.73333333333333,0.0,0.0,0.0,0.0,36.0,766.0,24.0,19,1,0.6051282051282051,25.10644007686675,660.5,0.0,0.0,0.0,0.0,3
640.0,4.0,0.2903126384037239,0.0,0.0,0.0,0.0,0.0,0.0,0.0,0.0,0.0,0.0,72.03333333333333,0.0,0.0,0.0,0.0,18.0,254.0,4.0,19,1,0.6051282051282051,20.615528128087504,649.5,0.0,0.0,0.0,0.0,3
634.0,1.0,-1.000088900581841e-12,0.0,0.0,0.0,0.0,0.0,0.0,0.0,0.0,0.0,0.0,71.63333333333334,0.0,0.0,0.0,0.0,12.0,0.0,0.0,20,1,0.6051282051282051,21.563858652847063,644.5,0.0,0.0,0.0,0.0,4
222.0,5.0,1.4933813017632591,0.0,0.0,0.0,0.0,0.0,0.0,0.0,0.0,0.0,0.0,70.76666666666667,0.0,0.0,0.0,0.0,12.0,786.0,6.0,20,1,0.6051282051282051,214.8022346252477,543.0,0.0,0.0,0.0,0.0,1
668.0,3.0,0.3299370066058245,0.0,0.0,0.0,0.0,0.0,0.0,0.0,0.0,0.0,0.0,68.0,0.0,0.0,0.0,0.0,16.0,704.0,4.0,21,0,0.6051282051282051,213.1822381594364,541.0,0.0,0.0,0.0,0.0,2
674.0,6.0,1.3009698704014423,0.0,0.0,0.0,0.0,0.0,0.0,0.0,0.0,0.0,0.0,65.2,0.0,0.0,0.0,0.0,24.0,3678.0,12.0,21,0,0.6051282051282051,219.0426138144508,549.5,0.0,0.0,0.0,0.0,3
686.0,6.0,1.477048154561874,0.0,0.0,0.0,0.0,0.0,0.0,0.0,0.0,0.0,0.0,62.7,0.0,0.0,0.0,0.0,24.0,958.0,8.0,22,0,0.6051282051282051,227.12331452319012,562.5,0.0,0.0,0.0,0.0,4
718.0,2.0,0.0483051822207435,0.0,0.0,0.0,0.0,0.0,0.0,0.0,0.0,0.0,0.0,58.93333333333333,0.0,0.0,0.0,0.0,8.0,1286.0,4.0,22,0,0.6051282051282051,22.29349680960708,686.5,0.0,0.0,0.0,0.0,1
718.0,1.0,-1.000088900581841e-12,0.0,0.0,0.0,0.0,0.0,0.0,0.0,0.0,0.0,0.0,54.16666666666666,0.0,0.0,0.0,0.0,0.0,708.0,0.0,23,0,0.6051282051282051,22.479620400115635,699.0,0.0,0.0,0.0,0.0,1
702.0,3.0,0.1281913391071688,0.0,0.0,0.0,0.0,0.0,0.0,0.0,0.0,0.0,0.0,49.03333333333333,0.0,0.0,0.0,0.0,0.0,518.0,0.0,23,0,0.6051282051282051,15.31883372410015,706.0,0.0,0.0,0.0,0.0,1
718.0,2.0,0.1906485753264832,0.0,0.0,0.0,0.0,0.0,0.0,0.0,0.0,0.0,0.0,44.06666666666667,0.0,0.0,0.0,0.0,0.0,1110.0,0.0,0,0,0.6051282051282051,7.999999999997605,714.0,0.0,0.0,0.0,0.0,1
704.0,6.0,1.280438769719031,0.0,0.0,0.0,0.0,0.0,0.0,0.0,0.0,2.0,0.0,39.36666666666667,0.0,0.0,0.0,0.0,8.0,1046.0,8.0,0,0,0.6051282051282051,8.698658900464382,710.5,0.0,0.0,0.0,0.0,1
606.0,1.0,-1.000088900581841e-12,0.0,0.0,0.0,0.0,0.0,0.0,0.0,0.0,0.0,0.0,37.0,0.0,0.0,0.0,0.0,0.0,0.0,0.0,1,0,0.6051282051282051,51.4943362581423,682.5,0.0,0.0,0.0,0.0,1
526.0,1.0,-1.000088900581841e-12,0.0,0.0,0.0,0.0,0.0,0.0,0.0,0.0,0.0,0.0,37.0,8.0,0.0,0.0,0.0,0.0,0.0,0.0,1,0,0.6051282051282051,90.04258251886509,638.5,0.0,0.0,0.0,0.0,1
0.0,0.0,0.0,0.0,0.0,0.0,0.0,0.0,0.0,0.0,0.0,0.0,0.0,35.5,8.0,0.0,0.0,0.0,0.0,0.0,0.0,2,0,0.6051282051282051,314.5388158346544,459.0,0.0,0.0,0.0,0.0,1
0.0,0.0,0.0,0.0,0.0,0.0,0.0,0.0,0.0,0.0,0.0,0.0,0.0,35.0,4.0,0.0,0.0,0.0,0.0,0.0,0.0,4,0,0.6051282051282051,328.4082824777718,283.0,0.0,0.0,0.0,0.0,1
0.0,0.0,0.0,0.0,0.0,0.0,0.0,0.0,0.0,0.0,0.0,0.0,0.0,33.07142857142857,0.0,0.0,0.0,0.0,0.0,0.0,0.0,8,1,0.6051282051282051,262.99999999999994,131.5,0.0,0.0,0.0,0.0,1
0.0,0.0,0.0,0.0,0.0,0.0,0.0,0.0,0.0,0.0,0.0,0.0,0.0,33.0,0.0,0.0,0.0,0.0,0.0,0.0,0.0,8,1,0.6051282051282051,0.0,0.0,0.0,0.0,0.0,0.0,2
606.0,2.0,0.6387773154912969,0.0,0.0,0.0,0.0,0.0,0.0,0.0,0.0,0.0,0.0,32.6,0.0,0.0,0.0,0.0,16.0,22.0,4.0,9,1,0.6051282051282051,302.99999999999994,151.5,0.0,0.0,0.0,0.0,3
708.0,6.0,1.0472754877503407,0.0,0.0,0.0,0.0,0.0,0.0,0.0,0.0,0.0,8.0,27.966666666666665,0.0,0.0,0.0,0.0,24.0,1714.0,8.0,9,1,0.6051282051282051,381.59795596936834,328.5,0.0,0.0,0.0,0.0,3
704.0,4.0,1.1722668747643472,0.0,0.0,0.0,0.0,0.0,0.0,0.0,0.0,0.0,0.0,33.82142857142857,0.0,0.0,0.0,0.0,50.0,1456.0,4.0,10,1,0.6051282051282051,339.62479297012453,504.5,0.0,0.0,0.0,0.0,2
680.0,5.0,0.7488208218264251,0.0,0.0,0.0,0.0,0.0,0.0,0.0,0.0,0.0,14.0,38.4,0.0,0.0,0.0,0.0,42.0,438.0,8.0,10,1,0.6051282051282051,47.31102760808838,674.5,0.0,0.0,0.0,0.0,1
718.0,1.0,-1.000088900581841e-12,0.0,0.0,0.0,0.0,0.0,0.0,0.0,0.0,0.0,0.0,54.06666666666667,0.0,0.0,0.0,0.0,0.0,0.0,0.0,11,1,0.6051282051282051,16.114175953694733,702.5,0.0,0.0,0.0,0.0,5
520.0,1.0,-1.000088900581841e-12,0.0,0.0,0.0,0.0,0.0,0.0,0.0,0.0,0.0,0.0,71.06666666666666,0.0,0.0,0.0,0.0,0.0,0.0,0.0,11,1,0.6051282051282051,91.68605855490406,655.5,0.0,0.0,0.0,0.0,5
0.0,0.0,0.0,0.0,0.0,0.0,0.0,0.0,0.0,0.0,0.0,0.0,0.0,81.63333333333334,0.0,0.0,0.0,0.0,0.0,0.0,0.0,12,1,0.6051282051282051,330.9798584002758,479.5,0.0,0.0,0.0,0.0,5
50.0,1.0,-1.000088900581841e-12,0.0,0.0,0.0,0.0,0.0,0.0,0.0,0.0,0.0,0.0,88.2,0.0,0.0,0.0,0.0,28.0,608.0,10.0,12,1,0.6051282051282051,352.9343659473623,322.0,0.0,0.0,0.0,0.0,5
716.0,4.0,0.8546104755707318,0.0,0.0,0.0,0.0,0.0,0.0,0.0,0.0,0.0,0.0,90.76666666666668,0.0,0.0,0.0,0.0,14.0,296.0,8.0,13,1,0.6051282051282051,352.18697685557123,321.5,0.0,0.0,0.0,0.0,5
716.0,1.0,-1.000088900581841e-12,0.0,0.0,0.0,0.0,0.0,0.0,0.0,0.0,0.0,0.0,91.0,0.0,0.0,0.0,0.0,14.0,0.0,8.0,13,1,0.6051282051282051,399.4709000665756,370.5,0.0,0.0,0.0,0.0,5
712.0,4.0,0.7068162373094149,0.0,0.0,0.0,0.0,0.0,0.0,0.0,0.0,0.0,0.0,91.0,0.0,0.0,0.0,0.0,28.0,1194.0,18.0,14,1,0.6051282051282051,332.3386826717588,548.5,0.0,0.0,0.0,0.0,5
718.0,5.0,0.6771824773108164,0.0,0.0,0.0,0.0,0.0,0.0,0.0,0.0,0.0,0.0,91.0,0.0,0.0,0.0,0.0,14.0,1066.0,8.0,14,1,0.6051282051282051,2.5166114784248745,715.5,0.0,0.0,0.0,0.0,4
712.0,9.0,1.3833730499240402,0.0,0.0,0.0,0.0,0.0,0.0,0.0,0.0,0.0,0.0,88.75,0.0,0.0,0.0,0.0,64.0,3982.0,18.0,15,1,0.6051282051282051,3.0000000000010894,714.5,0.0,0.0,0.0,0.0,3
718.0,4.0,0.529769645055284,0.0,0.0,0.0,0.0,0.0,0.0,0.0,0.0,0.0,0.0,81.83333333333333,0.0,0.0,0.0,0.0,18.0,1512.0,0.0,15,1,0.6051282051282051,3.464101615138698,715.0,0.0,0.0,0.0,0.0,1
716.0,5.0,0.7754436742316837,0.0,0.0,0.0,0.0,0.0,0.0,0.0,0.0,0.0,0.0,74.8,0.0,0.0,0.0,0.0,18.0,3258.0,14.0,16,1,0.6051282051282051,2.828427124747346,716.0,0.0,0.0,0.0,0.0,2
688.0,8.0,1.4387279649968945,0.0,0.0,0.0,0.0,0.0,0.0,0.0,0.0,0.0,0.0,70.1,0.0,0.0,0.0,0.0,162.0,1680.0,34.0,16,1,0.6051282051282051,13.89244398945005,708.5,0.0,0.0,0.0,0.0,1
634.0,4.0,0.192256786287465,0.0,0.0,0.0,0.0,0.0,0.0,0.0,0.0,0.0,0.0,69.0,0.0,0.0,0.0,0.0,0.0,430.0,12.0,17,1,0.6051282051282051,39.14077158156195,689.0,0.0,0.0,0.0,0.0,2
640.0,4.0,0.3973504537614555,0.0,0.0,0.0,0.0,0.0,0.0,0.0,0.0,0.0,0.0,67.96666666666667,0.0,0.0,0.0,0.0,36.0,242.0,6.0,17,1,0.6051282051282051,39.3064880140672,669.5,0.0,0.0,0.0,0.0,1
652.0,3.0,0.582494305996716,0.0,0.0,0.0,0.0,0.0,0.0,0.0,0.0,0.0,0.0,65.86666666666666,0.0,0.0,0.0,0.0,36.0,722.0,24.0,18,1,0.6051282051282051,24.186773244895825,653.5,0.0,0.0,0.0,0.0,1
636.0,3.0,0.7415532229553143,0.0,0.0,0.0,0.0,0.0,0.0,0.0,0.0,0.0,0.0,65.0,0.0,0.0,0.0,0.0,72.0,466.0,22.0,18,1,0.6051282051282051,8.062257748299075,640.5,0.0,0.0,0.0,0.0,1
632.0,3.0,0.5147104585964468,0.0,0.0,0.0,0.0,0.0,0.0,0.0,0.0,0.0,0.0,64.36666666666666,0.0,0.0,0.0,0.0,18.0,298.0,6.0,19,1,0.6051282051282051,8.640987597877638,640.0,0.0,0.0,0.0,0.0,1
682.0,5.0,0.979456539325036,0.0,0.0,0.0,0.0,0.0,0.0,0.0,0.0,0.0,0.0,62.43333333333333,0.0,0.0,0.0,0.0,60.0,1516.0,14.0,19,1,0.6051282051282051,22.708295107001653,650.5,0.0,0.0,0.0,0.0,1
644.0,1.0,-1.000088900581841e-12,0.0,0.0,0.0,0.0,0.0,0.0,0.0,0.0,0.0,0.0,61.73333333333333,0.0,0.0,0.0,0.0,100.0,388.0,26.0,20,1,0.6051282051282051,22.883764259113384,648.5,0.0,0.0,0.0,0.0,1
638.0,1.0,-1.000088900581841e-12,0.0,0.0,0.0,0.0,0.0,0.0,0.0,0.0,0.0,0.0,61.0,0.0,0.0,0.0,0.0,80.0,0.0,26.0,20,1,0.6051282051282051,22.53885533916948,649.0,0.0,0.0,0.0,0.0,2
674.0,5.0,1.1698307471158615,0.0,0.0,0.0,0.0,0.0,0.0,0.0,0.0,0.0,0.0,59.43333333333333,0.0,0.0,0.0,0.0,200.0,1004.0,54.0,21,0,0.6051282051282051,21.74856317093175,659.5,0.0,0.0,0.0,0.0,1
626.0,1.0,-1.000088900581841e-12,0.0,0.0,0.0,0.0,0.0,0.0,0.0,0.0,0.0,0.0,58.0,0.0,0.0,0.0,0.0,40.0,0.0,0.0,21,0,0.6051282051282051,20.420577856662355,645.5,0.0,0.0,0.0,0.0,1
680.0,3.0,0.0401529332740884,0.0,0.0,0.0,0.0,0.0,0.0,0.0,0.0,0.0,0.0,55.86666666666667,0.0,0.0,0.0,0.0,20.0,602.0,6.0,22,0,0.6051282051282051,26.55183609470368,654.5,0.0,0.0,0.0,0.0,1
692.0,6.0,0.506320834351146,0.0,0.0,0.0,0.0,0.0,0.0,0.0,0.0,0.0,0.0,52.6551724137931,0.0,0.0,0.0,0.0,96.0,958.0,12.0,22,0,0.6051282051282051,28.982753492379032,668.0,0.0,0.0,0.0,0.0,1
664.0,1.0,-1.000088900581841e-12,0.0,0.0,0.0,0.0,0.0,0.0,0.0,0.0,0.0,0.0,51.0,0.0,0.0,0.0,0.0,24.0,0.0,0.0,23,0,0.6051282051282051,28.7228132326903,665.5,0.0,0.0,0.0,0.0,1
666.0,5.0,0.447686526914384,0.0,0.0,0.0,0.0,0.0,0.0,0.0,0.0,0.0,0.0,48.333333333333336,0.0,0.0,0.0,0.0,120.0,3154.0,58.0,23,0,0.6051282051282051,13.102162671356057,675.5,0.0,0.0,0.0,0.0,1
716.0,5.0,0.6710018638673552,0.0,0.0,0.0,0.0,0.0,0.0,0.0,0.0,0.0,0.0,44.310344827586206,0.0,0.0,0.0,0.0,0.0,2788.0,0.0,0,0,0.6051282051282051,24.569628948494035,684.5,0.0,0.0,0.0,0.0,1
720.0,4.0,0.651797118890919,0.0,0.0,0.0,0.0,0.0,0.0,0.0,0.0,0.0,0.0,38.93333333333333,0.0,0.0,0.0,0.0,0.0,1918.0,0.0,0,0,0.6051282051282051,30.653982884230167,691.5,0.0,0.0,0.0,0.0,1
718.0,5.0,0.1185776774665387,0.0,0.0,0.0,0.0,0.0,0.0,0.0,0.0,0.0,0.0,33.43333333333333,0.0,0.0,0.0,0.0,0.0,800.0,0.0,1,0,0.6051282051282051,26.05123157677342,705.0,0.0,0.0,0.0,0.0,2
718.0,3.0,0.4978732694842793,0.0,0.0,0.0,0.0,0.0,0.0,0.0,0.0,0.0,0.0,24.83333333333333,0.0,0.0,0.0,0.0,0.0,1592.0,0.0,1,0,0.6051282051282051,1.6329931618584688,718.0,0.0,0.0,0.0,0.0,1
616.0,6.0,0.4931335315232378,0.0,0.0,0.0,0.0,0.0,0.0,0.0,0.0,0.0,0.0,24.5,0.0,0.0,0.0,26.0,2.0,662.0,0.0,2,0,0.6051282051282051,51.34199061197383,693.0,0.0,0.0,0.0,0.0,1
718.0,1.0,-1.000088900581841e-12,0.0,0.0,0.0,0.0,0.0,0.0,0.0,0.0,0.0,0.0,48.4,0.0,0.0,0.0,0.0,0.0,0.0,0.0,2,0,0.6051282051282051,51.000000000000085,692.5,0.0,0.0,0.0,0.0,1
148.0,1.0,-1.000088900581841e-12,0.0,0.0,0.0,0.0,0.0,0.0,0.0,0.0,0.0,0.0,68.66666666666667,0.0,0.0,0.0,0.0,0.0,0.0,0.0,3,0,0.6051282051282051,272.2792683991934,550.0,0.0,0.0,0.0,0.0,1
0.0,0.0,0.0,0.0,0.0,0.0,0.0,0.0,0.0,0.0,0.0,0.0,0.0,80.16666666666667,0.0,0.0,0.0,0.0,0.0,0.0,0.0,3,0,0.6051282051282051,350.144255986015,370.5,0.0,0.0,0.0,0.0,1
0.0,0.0,0.0,0.0,0.0,0.0,0.0,0.0,0.0,0.0,0.0,0.0,0.0,88.76666666666667,0.0,0.0,0.0,0.0,0.0,0.0,0.0,4,0,0.6051282051282051,341.5352592827472,216.5,0.0,0.0,0.0,0.0,1
0.0,0.0,0.0,0.0,0.0,0.0,0.0,0.0,0.0,0.0,0.0,0.0,0.0,93.5,0.0,0.0,0.0,0.0,0.0,0.0,0.0,4,0,0.6051282051282051,74.00000000000004,37.0,0.0,0.0,0.0,0.0,1
0.0,0.0,0.0,0.0,0.0,0.0,0.0,0.0,0.0,0.0,0.0,0.0,0.0,99.93333333333334,0.0,0.0,0.0,0.0,0.0,0.0,0.0,5,0,0.6051282051282051,0.0,0.0,0.0,0.0,0.0,0.0,1
0.0,0.0,0.0,0.0,0.0,0.0,0.0,0.0,0.0,0.0,0.0,0.0,0.0,100.0,0.0,0.0,0.0,0.0,0.0,0.0,0.0,5,0,0.6051282051282051,0.0,0.0,0.0,0.0,0.0,0.0,1
0.0,0.0,0.0,0.0,0.0,0.0,0.0,0.0,0.0,0.0,0.0,0.0,0.0,100.0,0.0,0.0,0.0,0.0,0.0,0.0,0.0,6,0,0.6051282051282051,0.0,0.0,0.0,0.0,0.0,0.0,1
0.0,0.0,0.0,0.0,0.0,0.0,0.0,0.0,0.0,0.0,0.0,0.0,0.0,100.0,0.0,0.0,0.0,0.0,0.0,0.0,0.0,6,0,0.6051282051282051,0.0,0.0,0.0,0.0,0.0,0.0,1
0.0,0.0,0.0,0.0,0.0,0.0,0.0,0.0,0.0,0.0,0.0,0.0,0.0,100.0,0.0,0.0,0.0,0.0,0.0,0.0,0.0,7,0,0.6051282051282051,0.0,0.0,0.0,0.0,0.0,0.0,1
0.0,0.0,0.0,0.0,0.0,0.0,0.0,0.0,0.0,0.0,0.0,0.0,0.0,100.0,0.0,0.0,0.0,0.0,0.0,0.0,0.0,7,0,0.6051282051282051,0.0,0.0,0.0,0.0,0.0,0.0,1
0.0,0.0,0.0,0.0,0.0,0.0,0.0,0.0,0.0,0.0,0.0,0.0,0.0,100.0,0.0,0.0,0.0,0.0,0.0,0.0,0.0,8,1,0.6051282051282051,0.0,0.0,0.0,0.0,0.0,0.0,1
0.0,0.0,0.0,0.0,0.0,0.0,0.0,0.0,0.0,0.0,0.0,0.0,0.0,100.0,0.0,0.0,0.0,0.0,0.0,0.0,0.0,8,1,0.6051282051282051,0.0,0.0,0.0,0.0,0.0,0.0,1
176.0,10.0,1.9246122776995305,0.0,0.0,0.0,0.0,0.0,0.0,0.0,0.0,0.0,0.0,100.0,0.0,0.0,0.0,0.0,2.0,612.0,2.0,9,1,0.6051282051282051,88.00000000000004,44.0,0.0,0.0,0.0,0.0,1
718.0,4.0,1.0447772275284033,0.0,0.0,0.0,0.0,0.0,0.0,0.0,0.0,0.0,0.0,99.33333333333331,0.0,0.0,4.0,0.0,0.0,1856.0,0.0,9,1,0.6051282051282051,339.9465644283917,223.5,0.0,0.0,0.0,0.0,2
712.0,6.0,0.9944619110818552,0.0,0.0,0.0,0.0,0.0,0.0,0.0,0.0,0.0,0.0,95.6206896551724,0.0,0.0,0.0,0.0,4.0,1672.0,4.0,10,1,0.6051282051282051,369.0686476343753,401.5,0.0,0.0,0.0,0.0,2
688.0,6.0,0.9687772625506804,0.0,0.0,0.0,0.0,0.0,0.0,0.0,0.0,0.0,0.0,92.10344827586206,0.0,0.0,0.0,0.0,36.0,638.0,22.0,10,1,0.6051282051282051,265.3167917791861,573.5,0.0,0.0,0.0,0.0,2
714.0,4.0,0.8688057751523857,0.0,0.0,0.0,0.0,0.0,0.0,0.0,0.0,0.0,0.0,89.0,0.0,0.0,0.0,0.0,26.0,3000.0,18.0,11,1,0.6051282051282051,13.56465996624982,708.0,0.0,0.0,0.0,0.0,2
666.0,5.0,1.084666179798138,0.0,0.0,0.0,0.0,0.0,0.0,0.0,0.0,0.0,0.0,85.76666666666667,0.0,0.0,0.0,0.0,60.0,2138.0,36.0,11,1,0.6051282051282051,22.6568606239548,695.0,0.0,0.0,0.0,0.0,2
694.0,2.0,0.0496804946351953,0.0,0.0,0.0,0.0,0.0,0.0,0.0,0.0,0.0,0.0,83.93333333333334,0.0,0.0,0.0,0.0,66.0,498.0,48.0,12,1,0.6051282051282051,19.75685535031609,690.5,0.0,0.0,0.0,0.0,1
696.0,1.0,-1.000088900581841e-12,0.0,0.0,0.0,0.0,0.0,0.0,0.0,0.0,0.0,0.0,81.46666666666667,0.0,0.0,0.0,0.0,24.0,178.0,14.0,12,1,0.6051282051282051,19.82422760159851,692.5,0.0,0.0,0.0,0.0,2
694.0,5.0,0.92301203952499,0.0,0.0,0.0,0.0,0.0,0.0,0.0,0.0,0.0,0.0,78.82758620689656,0.0,0.0,0.0,0.0,124.0,7652.0,50.0,13,1,0.6051282051282051,14.364307617609477,687.5,0.0,0.0,0.0,0.0,2
662.0,3.0,0.7014514938111893,0.0,0.0,0.0,0.0,0.0,0.0,0.0,0.0,0.0,0.0,76.66666666666667,0.0,0.0,0.0,0.0,42.0,172.0,18.0,13,1,0.6051282051282051,16.360521589076765,686.5,0.0,0.0,0.0,0.0,1
686.0,3.0,0.7107843477162546,0.0,0.0,0.0,0.0,0.0,0.0,0.0,0.0,0.0,0.0,71.86666666666666,0.0,0.0,0.0,0.0,70.0,1354.0,20.0,14,1,0.6051282051282051,15.60982596529016,684.5,0.0,0.0,0.0,0.0,1
712.0,6.0,0.4046269853003923,0.0,0.0,0.0,0.0,0.0,0.0,0.0,0.0,0.0,0.0,67.1,0.0,0.0,0.0,0.0,56.0,1400.0,28.0,14,1,0.6051282051282051,20.74447717666834,688.5,0.0,0.0,0.0,0.0,1
630.0,3.0,0.0752030116678833,0.0,0.0,0.0,0.0,0.0,0.0,0.0,0.0,0.0,0.0,64.0,0.0,0.0,0.0,0.0,14.0,152.0,0.0,15,1,0.6051282051282051,34.92372641438262,672.5,0.0,0.0,0.0,0.0,1
622.0,1.0,-1.000088900581841e-12,0.0,0.0,0.0,0.0,0.0,0.0,0.0,0.0,0.0,0.0,63.43333333333333,0.0,0.0,0.0,0.0,0.0,0.0,0.0,15,1,0.6051282051282051,43.58516567212572,662.5,0.0,0.0,0.0,0.0,1
10.0,1.0,-1.000088900581841e-12,0.0,0.0,0.0,0.0,0.0,0.0,0.0,0.0,0.0,0.0,62.73333333333333,0.0,0.0,0.0,0.0,14.0,0.0,0.0,16,1,0.6051282051282051,324.8892118861443,493.5,0.0,0.0,0.0,0.0,1
598.0,4.0,1.160608622801469,0.0,0.0,0.0,0.0,0.0,0.0,0.0,0.0,0.0,0.0,61.0,0.0,0.0,0.0,12.0,42.0,1610.0,8.0,16,1,0.6051282051282051,303.63794229311986,465.0,0.0,0.0,0.0,0.0,1
682.0,5.0,1.2002076850450625,0.0,0.0,0.0,0.0,0.0,0.0,0.0,0.0,2.0,0.0,56.241379310344826,0.0,0.0,0.0,0.0,48.0,1232.0,10.0,17,1,0.6051282051282051,313.9936305086458,478.0,0.0,0.0,0.0,0.0,2
644.0,2.0,0.2573186405418316,0.0,0.0,0.0,0.0,0.0,0.0,0.0,0.0,0.0,0.0,55.13333333333333,0.0,0.0,0.0,0.0,64.0,104.0,14.0,17,1,0.6051282051282051,317.52952618614853,483.5,0.0,0.0,0.0,0.0,1
636.0,2.0,0.5640559390432036,0.0,0.0,0.0,0.0,0.0,0.0,0.0,0.0,0.0,0.0,54.55172413793103,0.0,0.0,0.0,0.0,54.0,0.0,24.0,18,1,0.6051282051282051,34.448028487369704,640.0,0.0,0.0,0.0,0.0,1
644.0,3.0,0.7878061277627386,0.0,0.0,0.0,0.0,0.0,0.0,0.0,0.0,0.0,0.0,53.23333333333333,0.0,0.0,0.0,0.0,54.0,482.0,20.0,18,1,0.6051282051282051,20.68010315899402,651.5,0.0,0.0,0.0,0.0,1
692.0,8.0,1.4312585134633646,0.0,0.0,0.0,0.0,0.0,0.0,0.0,0.0,0.0,0.0,51.43333333333333,0.0,0.0,0.0,0.0,90.0,1206.0,16.0,19,1,0.6051282051282051,25.61249694973076,654.0,0.0,0.0,0.0,0.0,1
710.0,7.0,1.6002590361630364,0.0,0.0,0.0,0.0,0.0,0.0,0.0,0.0,0.0,0.0,45.310344827586206,0.0,0.0,18.0,0.0,98.0,2720.0,24.0,19,1,0.6051282051282051,36.12478373637643,670.5,0.0,0.0,0.0,0.0,1
650.0,4.0,0.6982909545967043,0.0,0.0,0.0,0.0,0.0,0.0,0.0,0.0,0.0,0.0,42.13333333333333,0.0,0.0,0.0,0.0,68.0,640.0,28.0,20,1,0.6051282051282051,32.12475680841751,674.0,0.0,0.0,0.0,0.0,1
630.0,1.0,-1.000088900581841e-12,0.0,0.0,0.0,0.0,0.0,0.0,0.0,0.0,0.0,0.0,41.46666666666667,0.0,0.0,0.0,0.0,24.0,0.0,0.0,20,1,0.6051282051282051,36.89173349139299,670.5,0.0,0.0,0.0,0.0,1
318.0,3.0,0.6541572731470098,0.0,0.0,0.0,0.0,0.0,0.0,0.0,0.0,0.0,0.0,40.41379310344828,0.0,0.0,0.0,0.0,168.0,88.0,10.0,21,0,0.6051282051282051,175.98105958691494,577.0,0.0,0.0,0.0,0.0,1
686.0,6.0,1.1376371915371373,0.0,0.0,0.0,0.0,0.0,0.0,0.0,0.0,0.0,0.0,38.53333333333333,0.0,0.0,0.0,0.0,120.0,1194.0,58.0,21,0,0.6051282051282051,170.25079539706505,571.0,0.0,0.0,0.0,0.0,2
654.0,1.0,-1.000088900581841e-12,0.0,0.0,0.0,0.0,0.0,0.0,0.0,0.0,0.0,0.0,34.93333333333333,0.0,0.0,0.0,0.0,56.0,260.0,24.0,22,0,0.6051282051282051,170.88007490635053,572.0,0.0,0.0,0.0,0.0,1
644.0,3.0,0.5592728621742689,0.0,0.0,0.0,0.0,0.0,0.0,0.0,0.0,0.0,0.0,33.03333333333333,0.0,0.0,0.0,0.0,84.0,150.0,26.0,22,0,0.6051282051282051,172.59876399711936,575.5,0.0,0.0,0.0,0.0,1
698.0,7.0,1.3583466557897566,0.0,0.0,0.0,0.0,0.0,0.0,0.0,0.0,0.0,0.0,29.566666666666663,0.0,0.0,0.0,0.0,84.0,3180.0,32.0,23,0,0.6051282051282051,25.63201123595196,670.5,0.0,0.0,0.0,0.0,1
556.0,3.0,0.730176831163249,0.0,0.0,0.0,0.0,0.0,0.0,0.0,0.0,0.0,26.0,21.09090909090909,0.0,0.0,0.0,0.0,0.0,9422.0,0.0,23,0,0.6051282051282051,59.48669318987764,638.0,0.0,0.0,0.0,0.0,1
718.0,4.0,0.0727705510890352,0.0,0.0,0.0,0.0,0.0,0.0,0.0,0.0,0.0,0.0,35.96666666666667,0.0,0.0,0.0,0.0,0.0,324.0,0.0,0,0,0.6051282051282051,72.42467351209325,654.0,0.0,0.0,0.0,0.0,1
642.0,4.0,0.3080902607742255,0.0,0.0,0.0,0.0,0.0,0.0,0.0,0.0,0.0,0.0,55.74074074074074,0.0,0.0,0.0,0.0,2.0,336.0,0.0,0,0,0.6051282051282051,72.52355939049487,653.5,0.0,0.0,0.0,0.0,1
710.0,1.0,-1.000088900581841e-12,0.0,0.0,0.0,0.0,0.0,0.0,0.0,0.0,0.0,0.0,70.96666666666667,0.0,0.0,0.0,0.0,0.0,0.0,0.0,1,0,0.6051282051282051,75.17756757615024,656.5,0.0,0.0,0.0,0.0,1
658.0,1.0,-1.000088900581841e-12,0.0,0.0,0.0,0.0,0.0,0.0,0.0,0.0,0.0,0.0,81.36666666666666,0.0,0.0,0.0,0.0,0.0,0.0,0.0,1,0,0.6051282051282051,37.66519171153436,682.0,0.0,0.0,0.0,0.0,1
0.0,0.0,0.0,0.0,0.0,0.0,0.0,0.0,0.0,0.0,0.0,0.0,0.0,87.73333333333333,0.0,0.0,0.0,0.0,0.0,0.0,0.0,2,0,0.6051282051282051,336.2553593129285,502.5,0.0,0.0,0.0,0.0,1
0.0,0.0,0.0,0.0,0.0,0.0,0.0,0.0,0.0,0.0,0.0,0.0,0.0,95.26666666666668,0.0,0.0,0.0,0.0,0.0,0.0,0.0,2,0,0.6051282051282051,395.47777012958215,342.0,0.0,0.0,0.0,0.0,1
0.0,0.0,0.0,0.0,0.0,0.0,0.0,0.0,0.0,0.0,0.0,0.0,0.0,100.0,0.0,0.0,0.0,0.0,0.0,0.0,0.0,3,0,0.6051282051282051,328.9999999999999,164.5,0.0,0.0,0.0,0.0,1
0.0,0.0,0.0,0.0,0.0,0.0,0.0,0.0,0.0,0.0,0.0,0.0,0.0,100.0,0.0,0.0,0.0,0.0,0.0,0.0,0.0,3,0,0.6051282051282051,0.0,0.0,0.0,0.0,0.0,0.0,1
0.0,0.0,0.0,0.0,0.0,0.0,0.0,0.0,0.0,0.0,0.0,0.0,0.0,100.0,0.0,0.0,0.0,0.0,0.0,0.0,0.0,4,0,0.6051282051282051,0.0,0.0,0.0,0.0,0.0,0.0,1
0.0,0.0,0.0,0.0,0.0,0.0,0.0,0.0,0.0,0.0,0.0,0.0,0.0,100.0,0.0,0.0,0.0,0.0,0.0,0.0,0.0,4,0,0.6051282051282051,0.0,0.0,0.0,0.0,0.0,0.0,1
0.0,0.0,0.0,0.0,0.0,0.0,0.0,0.0,0.0,0.0,0.0,0.0,0.0,100.0,0.0,0.0,0.0,0.0,0.0,0.0,0.0,5,0,0.6051282051282051,0.0,0.0,0.0,0.0,0.0,0.0,1
0.0,0.0,0.0,0.0,0.0,0.0,0.0,0.0,0.0,0.0,0.0,0.0,0.0,100.0,0.0,0.0,0.0,0.0,0.0,0.0,0.0,5,0,0.6051282051282051,0.0,0.0,0.0,0.0,0.0,0.0,1
0.0,0.0,0.0,0.0,0.0,0.0,0.0,0.0,0.0,0.0,0.0,0.0,0.0,100.0,0.0,0.0,0.0,0.0,0.0,0.0,0.0,6,0,0.6051282051282051,0.0,0.0,0.0,0.0,0.0,0.0,1
0.0,0.0,0.0,0.0,0.0,0.0,0.0,0.0,0.0,0.0,0.0,0.0,0.0,100.0,0.0,0.0,0.0,0.0,0.0,0.0,0.0,6,0,0.6051282051282051,0.0,0.0,0.0,0.0,0.0,0.0,1
0.0,0.0,0.0,0.0,0.0,0.0,0.0,0.0,0.0,0.0,0.0,0.0,0.0,100.0,0.0,0.0,0.0,0.0,0.0,0.0,0.0,7,0,0.6051282051282051,0.0,0.0,0.0,0.0,0.0,0.0,1
0.0,0.0,0.0,0.0,0.0,0.0,0.0,0.0,0.0,0.0,0.0,0.0,0.0,100.0,0.0,0.0,0.0,0.0,0.0,0.0,0.0,7,0,0.6051282051282051,0.0,0.0,0.0,0.0,0.0,0.0,1
0.0,0.0,0.0,0.0,0.0,0.0,0.0,0.0,0.0,0.0,0.0,0.0,0.0,100.0,0.0,0.0,0.0,0.0,0.0,0.0,0.0,8,1,0.6051282051282051,0.0,0.0,0.0,0.0,0.0,0.0,1
0.0,0.0,0.0,0.0,0.0,0.0,0.0,0.0,0.0,0.0,0.0,0.0,0.0,100.0,0.0,0.0,0.0,0.0,0.0,0.0,0.0,8,1,0.6051282051282051,0.0,0.0,0.0,0.0,0.0,0.0,1
0.0,0.0,0.0,0.0,0.0,0.0,0.0,0.0,0.0,0.0,0.0,0.0,0.0,100.0,0.0,0.0,0.0,0.0,0.0,0.0,0.0,9,1,0.6051282051282051,0.0,0.0,0.0,0.0,0.0,0.0,1
0.0,0.0,0.0,0.0,0.0,0.0,0.0,0.0,0.0,0.0,0.0,0.0,0.0,100.0,0.0,0.0,0.0,0.0,0.0,0.0,0.0,9,1,0.6051282051282051,0.0,0.0,0.0,0.0,0.0,0.0,1
0.0,0.0,0.0,0.0,0.0,0.0,0.0,0.0,0.0,0.0,0.0,0.0,0.0,100.0,0.0,0.0,0.0,0.0,0.0,0.0,0.0,10,1,0.6051282051282051,0.0,0.0,0.0,0.0,0.0,0.0,1
718.0,3.0,0.5493399642355196,0.0,0.0,0.0,0.0,0.0,0.0,0.0,0.0,0.0,0.0,100.0,0.0,0.0,0.0,0.0,6.0,2308.0,2.0,10,1,0.6051282051282051,358.99999999999994,179.5,0.0,0.0,0.0,0.0,1
718.0,4.0,0.8892635505869306,0.0,0.0,0.0,0.0,0.0,0.0,0.0,0.0,0.0,0.0,99.13333333333334,0.0,0.0,0.0,0.0,4.0,530.0,4.0,11,1,0.6051282051282051,414.53749327815126,359.0,0.0,0.0,0.0,0.0,1
714.0,1.0,-1.000088900581841e-12,0.0,0.0,0.0,0.0,0.0,0.0,0.0,0.0,0.0,0.0,97.53333333333332,0.0,0.0,0.0,0.0,0.0,0.0,0.0,11,1,0.6051282051282051,358.33829453929883,537.5,0.0,0.0,0.0,0.0,1
712.0,4.0,0.7297973389721484,0.0,0.0,0.0,0.0,0.0,0.0,0.0,0.0,0.0,0.0,95.96551724137932,0.0,0.0,0.0,0.0,6.0,252.0,6.0,12,1,0.6051282051282051,2.999999999991369,715.5,0.0,0.0,0.0,0.0,1
716.0,1.0,-1.000088900581841e-12,0.0,0.0,0.0,0.0,0.0,0.0,0.0,0.0,0.0,0.0,94.5,0.0,0.0,0.0,0.0,0.0,0.0,0.0,12,1,0.6051282051282051,2.58198889746158,715.0,0.0,0.0,0.0,0.0,1
714.0,5.0,0.9658409790616556,0.0,0.0,0.0,0.0,0.0,0.0,0.0,0.0,0.0,0.0,92.86666666666666,0.0,0.0,0.0,0.0,24.0,724.0,22.0,13,1,0.6051282051282051,1.6329931618395908,714.0,0.0,0.0,0.0,0.0,2
684.0,4.0,0.7255470193545437,0.0,0.0,0.0,0.0,0.0,0.0,0.0,0.0,0.0,0.0,89.56666666666666,0.0,0.0,0.0,0.0,36.0,1164.0,24.0,13,1,0.6051282051282051,15.088627063673318,706.5,0.0,0.0,0.0,0.0,1
644.0,4.0,0.6428579130867906,0.0,0.0,0.0,0.0,0.0,0.0,0.0,0.0,0.0,0.0,86.75862068965517,0.0,0.0,0.0,0.0,8.0,648.0,8.0,14,1,0.6051282051282051,33.67986539957191,689.5,0.0,0.0,0.0,0.0,1
630.0,2.0,0.6778256350181862,0.0,0.0,0.0,0.0,0.0,0.0,0.0,0.0,0.0,0.0,85.41379310344827,0.0,0.0,0.0,0.0,10.0,136.0,4.0,14,1,0.6051282051282051,38.26225293941729,668.0,0.0,0.0,0.0,0.0,1
662.0,5.0,1.2569269829229657,0.0,0.0,0.0,0.0,0.0,0.0,0.0,0.0,0.0,0.0,83.86206896551724,0.0,0.0,0.0,0.0,24.0,642.0,10.0,15,1,0.6051282051282051,23.352373184181506,655.0,0.0,0.0,0.0,0.0,1
662.0,4.0,0.8575110503259358,0.0,0.0,0.0,0.0,0.0,0.0,0.0,0.0,0.0,0.0,80.7,0.0,0.0,0.0,0.0,4.0,710.0,4.0,15,1,0.6051282051282051,15.524174696258298,649.5,0.0,0.0,0.0,0.0,2
652.0,4.0,0.8654102139321387,0.0,0.0,0.0,0.0,0.0,0.0,0.0,0.0,0.0,0.0,79.73333333333333,0.0,0.0,0.0,0.0,36.0,906.0,4.0,16,1,0.6051282051282051,15.088627063673256,651.5,0.0,0.0,0.0,0.0,1
664.0,2.0,0.6432477797428202,0.0,0.0,0.0,0.0,0.0,0.0,0.0,0.0,0.0,0.0,78.63333333333334,0.0,0.0,0.0,0.0,20.0,110.0,4.0,16,1,0.6051282051282051,5.416025603085714,660.0,0.0,0.0,0.0,0.0,1
664.0,5.0,0.6366828314175792,0.0,0.0,0.0,0.0,0.0,0.0,0.0,0.0,0.0,0.0,55.241379310344826,0.0,0.0,0.0,0.0,60.0,1234.0,14.0,20,1,0.6051282051282051,23.466287875729588,693.0,182.6280372779601,149.5,0.0,0.0,1
672.0,4.0,1.0738255200595397,0.0,0.0,0.0,0.0,0.0,0.0,0.0,0.0,0.0,0.0,53.66666666666666,0.0,0.0,0.0,0.0,50.0,1544.0,8.0,20,1,0.6051282051282051,20.0914575545582,682.5,186.0,93.0,0.0,0.0,1
630.0,1.0,-1.000088900581841e-12,0.0,0.0,0.0,0.0,0.0,0.0,0.0,0.0,0.0,0.0,52.833333333333336,0.0,0.0,0.0,0.0,0.0,0.0,0.0,21,0,0.6051282051282051,23.173260452511805,662.5,0.0,0.0,0.0,0.0,1
648.0,3.0,0.5675496779545404,0.0,0.0,0.0,0.0,0.0,0.0,0.0,0.0,0.0,0.0,51.8,0.0,0.0,0.0,0.0,20.0,264.0,2.0,21,0,0.6051282051282051,18.574175621005303,653.5,0.0,0.0,0.0,0.0,1
640.0,2.0,0.2503935178152301,0.0,0.0,0.0,0.0,0.0,0.0,0.0,0.0,0.0,0.0,51.0,0.0,0.0,0.0,0.0,30.0,96.0,2.0,22,0,0.6051282051282051,17.916472867167464,647.5,0.0,0.0,0.0,0.0,1
646.0,1.0,-1.000088900581841e-12,0.0,0.0,0.0,0.0,0.0,0.0,0.0,0.0,0.0,0.0,49.36666666666667,0.0,0.0,0.0,0.0,20.0,8.0,6.0,22,0,0.6051282051282051,8.082903768651551,641.0,0.0,0.0,0.0,0.0,1
640.0,4.0,0.3696989181255249,0.0,0.0,0.0,0.0,0.0,0.0,0.0,0.0,0.0,0.0,48.5,0.0,0.0,0.0,0.0,30.0,248.0,10.0,23,0,0.6051282051282051,4.123105625611381,643.5,0.0,0.0,0.0,0.0,1
632.0,2.0,0.1062997274938028,0.0,0.0,0.0,0.0,0.0,0.0,0.0,0.0,0.0,0.0,47.0,0.0,0.0,0.0,0.0,30.0,86.0,4.0,23,0,0.6051282051282051,5.744562646533521,639.5,0.0,0.0,0.0,0.0,1
666.0,6.0,1.1403154671349267,0.0,0.0,0.0,0.0,0.0,0.0,0.0,0.0,0.0,0.0,45.96666666666667,0.0,0.0,0.0,0.0,70.0,828.0,20.0,0,0,0.6051282051282051,14.514360704716369,646.0,0.0,0.0,0.0,0.0,1
708.0,8.0,1.4883480099690225,0.0,0.0,0.0,0.0,0.0,0.0,0.0,0.0,0.0,0.0,41.96428571428572,0.0,0.0,0.0,0.0,12.0,3284.0,8.0,0,0,0.6051282051282051,34.22961680572271,661.5,0.0,0.0,0.0,0.0,1
718.0,4.0,0.4467439476401288,0.0,0.0,0.0,0.0,0.0,0.0,0.0,0.0,0.0,0.0,37.0,0.0,0.0,0.0,0.0,0.0,4300.0,0.0,1,0,0.6051282051282051,39.6820698384877,681.0,0.0,0.0,0.0,0.0,1
720.0,2.0,0.3311438559793935,0.0,0.0,0.0,0.0,0.0,0.0,0.0,0.0,0.0,0.0,31.53333333333333,0.0,0.0,0.0,0.0,0.0,1920.0,0.0,1,0,0.6051282051282051,25.21904042583595,703.0,0.0,0.0,0.0,0.0,1
646.0,1.0,-1.000088900581841e-12,0.0,0.0,0.0,0.0,0.0,0.0,0.0,0.0,0.0,0.0,28.03333333333333,0.0,0.0,0.0,0.0,0.0,0.0,0.0,2,0,0.6051282051282051,35.06185011281181,698.0,0.0,0.0,0.0,0.0,1
64.0,1.0,-1.000088900581841e-12,0.0,0.0,0.0,0.0,0.0,0.0,0.0,0.0,0.0,0.0,27.33333333333333,0.0,0.0,0.0,0.0,0.0,0.0,0.0,2,0,0.6051282051282051,317.2065573092712,537.0,0.0,0.0,0.0,0.0,1
0.0,0.0,0.0,0.0,0.0,0.0,0.0,0.0,0.0,0.0,0.0,0.0,0.0,27.0,12.0,0.0,0.0,0.0,0.0,0.0,0.0,3,0,0.6051282051282051,377.9713393014519,357.5,0.0,0.0,0.0,0.0,1
0.0,0.0,0.0,0.0,0.0,0.0,0.0,0.0,0.0,0.0,0.0,0.0,0.0,27.0,10.0,0.0,0.0,0.0,0.0,0.0,0.0,3,0,0.6051282051282051,313.7870828019109,177.5,0.0,0.0,0.0,0.0,1
0.0,0.0,0.0,0.0,0.0,0.0,0.0,0.0,0.0,0.0,0.0,0.0,0.0,0.0,0.0,0.0,0.0,0.0,0.0,0.0,0.0,4,0,0.6051282051282051,31.999999999999496,16.0,0.0,0.0,0.0,0.0,1
650.0,8.0,1.3245008982916335,0.0,0.0,0.0,0.0,0.0,0.0,0.0,0.0,0.0,6.0,26.59259259259259,0.0,0.0,0.0,0.0,18.0,2124.0,4.0,10,1,0.6051282051282051,324.99999999999994,162.5,0.0,0.0,0.0,0.0,1
716.0,7.0,1.322260159145084,0.0,0.0,0.0,0.0,0.0,0.0,0.0,0.0,0.0,0.0,31.20689655172414,0.0,0.0,0.0,0.0,16.0,1108.0,8.0,11,1,0.6051282051282051,395.249710098987,341.5,0.0,0.0,0.0,0.0,1
670.0,1.0,-1.000088900581841e-12,0.0,0.0,0.0,0.0,0.0,0.0,0.0,0.0,0.0,10.0,29.166666666666668,0.0,0.0,0.0,0.0,10.0,0.0,0.0,11,1,0.6051282051282051,340.4565562104314,509.0,0.0,0.0,0.0,0.0,1
462.0,1.0,-1.000088900581841e-12,0.0,0.0,0.0,0.0,0.0,0.0,0.0,0.0,0.0,0.0,32.86666666666667,0.0,0.0,0.0,0.0,0.0,0.0,0.0,12,1,0.6051282051282051,111.80190815306612,624.5,0.0,0.0,0.0,0.0,1
0.0,0.0,0.0,0.0,0.0,0.0,0.0,0.0,0.0,0.0,0.0,0.0,0.0,40.6,0.0,0.0,0.0,0.0,0.0,0.0,0.0,12,1,0.6051282051282051,327.22265610233444,462.0,0.0,0.0,0.0,0.0,1
0.0,0.0,0.0,0.0,0.0,0.0,0.0,0.0,0.0,0.0,0.0,0.0,0.0,48.3,0.0,0.0,0.0,0.0,0.0,0.0,0.0,13,1,0.6051282051282051,337.63293678194367,283.0,0.0,0.0,0.0,0.0,1
0.0,0.0,0.0,0.0,0.0,0.0,0.0,0.0,0.0,0.0,0.0,0.0,0.0,56.56666666666667,0.0,0.0,0.0,0.0,0.0,0.0,0.0,13,1,0.6051282051282051,230.99999999999991,115.5,0.0,0.0,0.0,0.0,1
604.0,5.0,0.5234626443392523,0.0,0.0,0.0,6.0,0.0,0.0,0.0,0.0,0.0,0.0,61.3,0.0,0.0,0.0,0.0,70.0,640.0,28.0,14,1,0.6051282051282051,301.99999999999994,151.0,0.0,0.0,3.0,1.5,1
714.0,1.0,-1.000088900581841e-12,0.0,0.0,0.0,0.0,0.0,0.0,0.0,0.0,0.0,0.0,59.03333333333333,0.0,0.0,0.0,0.0,50.0,1100.0,22.0,14,1,0.6051282051282051,383.1148652819412,329.5,0.0,0.0,3.0,1.5,1
716.0,5.0,1.2837508332561856,0.0,0.0,0.0,6.0,0.0,0.0,0.0,0.0,0.0,0.0,56.266666666666666,0.0,0.0,0.0,0.0,40.0,1236.0,10.0,15,1,0.6051282051282051,343.0155487243496,508.5,0.0,0.0,3.4641016151377544,3.0,1
708.0,9.0,1.3710933526353202,0.0,0.0,0.0,0.0,0.0,0.0,0.0,0.0,0.0,0.0,50.6,0.0,0.0,0.0,0.0,20.0,1246.0,18.0,15,1,0.6051282051282051,54.43956894269671,685.5,0.0,0.0,3.4641016151377544,3.0,1
686.0,7.0,1.483195666225693,0.0,0.0,0.0,0.0,0.0,0.0,0.0,0.0,0.0,0.0,46.13333333333333,0.0,0.0,0.0,0.0,72.0,2696.0,18.0,16,1,0.6051282051282051,13.75984496036548,706.0,0.0,0.0,3.0,1.5,1
632.0,1.0,-1.000088900581841e-12,0.0,0.0,0.0,0.0,0.0,0.0,0.0,0.0,0.0,0.0,45.0,0.0,0.0,0.0,0.0,48.0,0.0,10.0,16,1,0.6051282051282051,37.85498646149491,685.5,0.0,0.0,3.0,1.5,1
642.0,3.0,0.6288902868234176,0.0,0.0,0.0,0.0,0.0,0.0,0.0,0.0,0.0,0.0,44.06666666666667,0.0,0.0,0.0,0.0,72.0,220.0,12.0,17,1,0.6051282051282051,36.01851375797309,667.0,0.0,0.0,0.0,0.0,1
646.0,3.0,0.2948054113545248,0.0,0.0,0.0,0.0,0.0,0.0,0.0,0.0,0.0,0.0,42.36666666666667,0.0,0.0,0.0,0.0,36.0,670.0,2.0,17,1,0.6051282051282051,23.7416652041644,651.5,0.0,0.0,0.0,0.0,1
632.0,1.0,-1.000088900581841e-12,0.0,0.0,0.0,0.0,0.0,0.0,0.0,0.0,0.0,0.0,42.0,0.0,0.0,0.0,0.0,0.0,0.0,0.0,18,1,0.6051282051282051,7.118052168018351,638.0,0.0,0.0,0.0,0.0,1
694.0,4.0,0.7904995431046106,0.0,0.0,0.0,10.0,0.0,0.0,0.0,0.0,0.0,0.0,40.53333333333333,0.0,0.0,0.0,0.0,84.0,3178.0,30.0,18,1,0.6051282051282051,27.63451947594947,653.5,0.0,0.0,5.0,2.5,1
716.0,1.0,-1.000088900581841e-12,0.0,0.0,0.0,0.0,0.0,0.0,0.0,0.0,0.0,0.0,38.66666666666666,0.0,0.0,0.0,0.0,24.0,64.0,6.0,19,1,0.6051282051282051,39.564293666553645,672.0,0.0,0.0,5.0,2.5,1
666.0,3.0,0.5992708848039838,0.0,0.0,0.0,10.0,0.0,0.0,0.0,0.0,0.0,0.0,37.8,0.0,0.0,0.0,0.0,48.0,76.0,14.0,19,1,0.6051282051282051,36.31345021705636,677.0,0.0,0.0,5.773502691896258,5.0,1
710.0,2.0,0.1283187055135296,0.0,0.0,0.0,0.0,0.0,0.0,0.0,0.0,0.0,0.0,35.1,0.0,0.0,0.0,10.0,48.0,5228.0,10.0,20,1,0.6051282051282051,22.35322497239784,696.5,0.0,0.0,5.773502691896258,5.0,1
690.0,5.0,1.0088568130022784,0.0,0.0,0.0,0.0,0.0,0.0,0.0,0.0,0.0,0.0,31.133333333333333,0.0,0.0,0.0,0.0,24.0,924.0,10.0,20,1,0.6051282051282051,22.59055849980909,695.5,0.0,0.0,5.0,2.5,1
700.0,5.0,1.263116338567955,0.0,0.0,0.0,0.0,0.0,0.0,0.0,0.0,0.0,14.0,29.344827586206897,0.0,0.0,0.0,0.0,78.0,1820.0,24.0,21,0,0.6051282051282051,18.85912687975321,691.5,0.0,0.0,5.0,2.5,1
676.0,5.0,1.2664169695235468,0.0,0.0,0.0,0.0,0.0,0.0,0.0,0.0,0.0,0.0,29.53333333333333,0.0,0.0,0.0,0.0,74.0,1288.0,42.0,21,0,0.6051282051282051,14.514360704716902,694.0,0.0,0.0,0.0,0.0,1
662.0,4.0,0.2226893202727781,0.0,0.0,0.0,0.0,0.0,0.0,0.0,0.0,0.0,0.0,26.366666666666667,0.0,0.0,0.0,0.0,102.0,738.0,26.0,22,0,0.6051282051282051,16.573070526206955,682.0,0.0,0.0,0.0,0.0,1
680.0,3.0,0.7217304603907861,0.0,0.0,0.0,0.0,0.0,0.0,0.0,0.0,0.0,0.0,21.41379310344828,0.0,0.0,0.0,0.0,162.0,428.0,82.0,22,0,0.6051282051282051,15.695009822656894,679.5,0.0,0.0,0.0,0.0,1
544.0,6.0,0.9358660268444264,0.0,0.0,0.0,0.0,0.0,0.0,0.0,0.0,0.0,0.0,17.32,0.0,0.0,0.0,0.0,196.0,2498.0,102.0,23,0,0.6051282051282051,64.7945470956723,640.5,0.0,0.0,0.0,0.0,1
0.0,0.0,0.0,0.0,0.0,0.0,0.0,0.0,0.0,0.0,0.0,0.0,16.0,0.0,0.0,0.0,0.0,0.0,16.0,986.0,6.0,23,0,0.6051282051282051,320.0682218944371,471.5,0.0,0.0,0.0,0.0,1
502.0,1.0,-1.000088900581841e-12,0.0,0.0,0.0,0.0,0.0,0.0,0.0,0.0,0.0,0.0,21.35,0.0,0.0,0.0,0.0,16.0,1368.0,10.0,0,0,0.6051282051282051,297.5292702687697,431.5,0.0,0.0,0.0,0.0,1
718.0,1.0,-1.000088900581841e-12,0.0,0.0,0.0,0.0,0.0,0.0,0.0,0.0,0.0,0.0,25.633333333333333,0.0,0.0,0.0,0.0,0.0,162.0,0.0,0,0,0.6051282051282051,308.51256052225807,441.0,0.0,0.0,0.0,0.0,1
174.0,1.0,-1.000088900581841e-12,0.0,0.0,0.0,0.0,0.0,0.0,0.0,0.0,0.0,0.0,30.73333333333333,0.0,0.0,0.0,0.0,0.0,436.0,0.0,1,0,0.6051282051282051,322.4877258646184,348.5,0.0,0.0,0.0,0.0,1
554.0,4.0,0.8188840925470086,0.0,0.0,0.0,0.0,0.0,0.0,0.0,0.0,0.0,0.0,35.9,0.0,0.0,0.0,0.0,0.0,3132.0,0.0,1,0,0.6051282051282051,228.06724154658124,487.0,0.0,0.0,0.0,0.0,1
22.0,2.0,0.6890092384746587,0.0,0.0,0.0,0.0,0.0,0.0,0.0,0.0,0.0,0.0,38.0,0.0,0.0,0.0,0.0,0.0,122.0,0.0,2,0,0.6051282051282051,323.75093307458843,367.0,0.0,0.0,0.0,0.0,1
688.0,6.0,1.4678802023943365,0.0,0.0,0.0,0.0,0.0,0.0,0.0,0.0,0.0,0.0,98.66666666666669,0.0,0.0,0.0,0.0,10.0,990.0,6.0,11,1,0.6051282051282051,310.0080644112342,363.5,0.0,0.0,0.0,0.0,1
700.0,6.0,1.208046556257849,0.0,0.0,0.0,0.0,0.0,0.0,0.0,0.0,0.0,0.0,96.3,0.0,0.0,0.0,0.0,8.0,568.0,6.0,11,1,0.6051282051282051,346.3755187654,400.0,0.0,0.0,0.0,0.0,1
718.0,3.0,0.3344838717502487,0.0,0.0,0.0,0.0,0.0,0.0,0.0,0.0,0.0,0.0,91.2,0.0,0.0,0.0,0.0,0.0,314.0,0.0,12,1,0.6051282051282051,256.29670306112007,574.0,0.0,0.0,0.0,0.0,1
674.0,8.0,1.7537075971262748,0.0,0.0,0.0,0.0,0.0,0.0,0.0,0.0,0.0,0.0,86.58620689655173,0.0,0.0,0.0,0.0,6.0,658.0,6.0,12,1,0.6051282051282051,18.65475810617659,695.0,0.0,0.0,0.0,0.0,1
654.0,2.0,0.6026165166792434,0.0,0.0,0.0,0.0,0.0,0.0,0.0,0.0,0.0,0.0,84.33333333333333,0.0,0.0,0.0,0.0,30.0,132.0,4.0,13,1,0.6051282051282051,28.207563997386025,686.5,0.0,0.0,0.0,0.0,1
648.0,1.0,-1.000088900581841e-12,0.0,0.0,0.0,0.0,0.0,0.0,0.0,0.0,0.0,0.0,83.6,0.0,0.0,0.0,0.0,18.0,0.0,0.0,13,1,0.6051282051282051,31.68069864549436,673.5,0.0,0.0,0.0,0.0,1
672.0,6.0,0.9091672359308046,0.0,0.0,0.0,10.0,0.0,0.0,0.0,0.0,0.0,0.0,81.06896551724138,0.0,0.0,0.0,0.0,42.0,380.0,22.0,14,1,0.6051282051282051,12.96148139681422,662.0,0.0,0.0,5.0,2.5,1
674.0,4.0,0.8552612187236315,0.0,0.0,0.0,0.0,0.0,0.0,0.0,0.0,0.0,0.0,76.7,0.0,0.0,0.0,0.0,18.0,420.0,10.0,15,1,0.6051282051282051,11.83215956619759,665.0,0.0,0.0,5.0,2.5,1
678.0,10.0,1.423200915912279,0.0,0.0,0.0,0.0,0.0,0.0,0.0,0.0,0.0,0.0,74.13333333333334,0.0,0.0,0.0,0.0,32.0,934.0,14.0,15,1,0.6051282051282051,4.99999999999614,672.5,0.0,0.0,5.0,2.5,1
646.0,2.0,0.1587839780652453,0.0,0.0,0.0,0.0,0.0,0.0,0.0,0.0,0.0,0.0,72.06896551724138,0.0,0.0,0.0,0.0,40.0,414.0,14.0,16,1,0.6051282051282051,14.236104336040384,666.0,0.0,0.0,0.0,0.0,1
678.0,5.0,1.0568192839437491,0.0,0.0,0.0,0.0,0.0,0.0,0.0,0.0,0.0,0.0,70.4,0.0,0.0,0.0,0.0,24.0,488.0,10.0,16,1,0.6051282051282051,15.448840301674034,669.0,0.0,0.0,0.0,0.0,1
656.0,1.0,-1.000088900581841e-12,0.0,0.0,0.0,0.0,0.0,0.0,0.0,0.0,0.0,0.0,68.66666666666667,0.0,0.0,0.0,0.0,8.0,76.0,8.0,17,1,0.6051282051282051,16.114175953694563,664.5,0.0,0.0,0.0,0.0,1
708.0,3.0,1.0077598081026928,0.0,0.0,0.0,0.0,0.0,0.0,0.0,0.0,0.0,0.0,63.7,0.0,0.0,0.0,0.0,0.0,1136.0,0.0,17,1,0.6051282051282051,27.47119703738132,672.0,0.0,0.0,0.0,0.0,1
682.0,7.0,1.1157607495529482,0.0,0.0,0.0,0.0,0.0,0.0,0.0,0.0,0.0,0.0,59.66666666666666,0.0,0.0,0.0,0.0,64.0,1098.0,38.0,18,1,0.6051282051282051,21.32291412229173,681.0,0.0,0.0,0.0,0.0,1
672.0,6.0,0.8784683463766686,0.0,0.0,0.0,0.0,0.0,0.0,0.0,0.0,0.0,0.0,56.86666666666667,0.0,0.0,0.0,0.0,48.0,1822.0,14.0,18,1,0.6051282051282051,21.80978373727324,679.5,0.0,0.0,0.0,0.0,1
654.0,5.0,1.2787338709603742,0.0,0.0,0.0,0.0,0.0,0.0,0.0,0.0,0.0,0.0,55.56666666666667,0.0,0.0,0.0,0.0,16.0,388.0,8.0,19,1,0.6051282051282051,22.53885533916844,679.0,0.0,0.0,0.0,0.0,1
658.0,3.0,0.3022687846099012,0.0,0.0,0.0,0.0,0.0,0.0,0.0,0.0,0.0,0.0,54.03448275862069,0.0,0.0,0.0,0.0,32.0,262.0,8.0,19,1,0.6051282051282051,12.897028081433936,666.5,0.0,0.0,0.0,0.0,1
702.0,4.0,1.014851539297685,0.0,0.0,0.0,6.0,0.0,0.0,0.0,0.0,0.0,0.0,52.6,0.0,0.0,0.0,0.0,48.0,902.0,14.0,20,1,0.6051282051282051,21.74856317093067,671.5,0.0,0.0,2.999999999999999,1.5,1
710.0,5.0,1.129525951433427,0.0,0.0,0.0,8.0,0.0,0.0,0.0,0.0,0.0,0.0,47.96666666666667,0.0,0.0,0.0,0.0,96.0,1576.0,42.0,20,1,0.6051282051282051,29.097537123726266,681.0,0.0,0.0,4.12310562561766,3.5,1
680.0,3.0,0.7245187866388627,0.0,0.0,0.0,0.0,0.0,0.0,0.0,0.0,0.0,0.0,44.93333333333333,0.0,0.0,6.0,0.0,56.0,1770.0,18.0,21,0,0.6051282051282051,23.40227909128998,687.5,0.0,0.0,4.12310562561766,3.5,1
648.0,2.0,0.1780144576632827,0.0,0.0,0.0,0.0,0.0,0.0,0.0,0.0,0.0,0.0,43.13333333333333,0.0,0.0,0.0,0.0,16.0,0.0,0.0,21,0,0.6051282051282051,27.7368587502856,685.0,0.0,0.0,4.12310562561766,3.5,1
636.0,1.0,-1.000088900581841e-12,0.0,0.0,0.0,0.0,0.0,0.0,0.0,0.0,0.0,0.0,43.0,0.0,0.0,0.0,0.0,0.0,0.0,0.0,22,0,0.6051282051282051,33.32166462428454,668.5,0.0,0.0,3.999999999999999,2.0,1
642.0,3.0,0.7487956828899839,0.0,0.0,0.0,0.0,0.0,0.0,0.0,0.0,0.0,0.0,42.0,0.0,0.0,0.0,0.0,32.0,464.0,16.0,22,0,0.6051282051282051,19.62141687034761,651.5,0.0,0.0,0.0,0.0,1
694.0,6.0,0.8350575173378431,0.0,0.0,0.0,0.0,0.0,0.0,0.0,0.0,0.0,0.0,40.53333333333333,0.0,0.0,0.0,0.0,56.0,1786.0,18.0,23,0,0.6051282051282051,26.457513110645184,655.0,0.0,0.0,0.0,0.0,1
672.0,1.0,-1.000088900581841e-12,0.0,0.0,0.0,0.0,0.0,0.0,0.0,0.0,0.0,0.0,38.5,0.0,0.0,0.0,0.0,64.0,394.0,36.0,23,0,0.6051282051282051,27.05549851693666,661.0,0.0,0.0,0.0,0.0,1
682.0,3.0,0.9527672367788844,0.0,0.0,0.0,0.0,0.0,0.0,0.0,0.0,0.0,0.0,36.43333333333333,0.0,0.0,0.0,0.0,24.0,632.0,12.0,0,0,0.6051282051282051,22.233608194202183,672.5,0.0,0.0,0.0,0.0,1
686.0,5.0,1.330276596981038,0.0,0.0,0.0,0.0,0.0,0.0,0.0,0.0,0.0,0.0,35.0,0.0,0.0,0.0,0.0,16.0,2256.0,10.0,0,0,0.6051282051282051,9.146948489339398,683.5,0.0,0.0,0.0,0.0,1
720.0,1.0,-1.000088900581841e-12,0.0,0.0,0.0,0.0,0.0,0.0,0.0,0.0,0.0,0.0,31.0,0.0,0.0,0.0,0.0,0.0,58.0,0.0,1,0,0.6051282051282051,20.848661028148268,690.0,0.0,0.0,0.0,0.0,1
452.0,4.0,0.783144117874688,0.0,0.0,0.0,0.0,0.0,0.0,0.0,0.0,0.0,0.0,22.526315789473685,0.0,0.0,0.0,0.0,0.0,1282.0,0.0,1,0,0.6051282051282051,123.18549698185508,635.0,0.0,0.0,0.0,0.0,1
588.0,7.0,1.4906800933482784,0.0,0.0,0.0,0.0,0.0,0.0,0.0,0.0,0.0,0.0,99.0,0.0,0.0,0.0,2.0,6.0,920.0,2.0,10,1,0.6051282051282051,120.15961606685208,611.5,0.0,0.0,0.0,0.0,1
710.0,6.0,0.6954949864952389,0.0,0.0,0.0,0.0,0.0,0.0,0.0,0.0,0.0,0.0,95.56666666666666,0.0,0.0,0.0,0.0,16.0,908.0,8.0,11,1,0.6051282051282051,125.59591288466872,617.5,0.0,0.0,0.0,0.0,1
704.0,5.0,0.9670029956218013,0.0,0.0,0.0,0.0,0.0,0.0,0.0,0.0,0.0,0.0,92.16666666666669,0.0,0.0,0.0,0.0,16.0,1368.0,12.0,11,1,0.6051282051282051,121.42899159591155,613.5,0.0,0.0,0.0,0.0,1
660.0,3.0,0.8391417499132975,0.0,0.0,0.0,0.0,0.0,0.0,0.0,0.0,0.0,0.0,90.43333333333334,0.0,0.0,0.0,0.0,16.0,752.0,6.0,12,1,0.6051282051282051,56.27018156477988,665.5,0.0,0.0,0.0,0.0,1
666.0,3.0,0.7597873873834208,0.0,0.0,0.0,0.0,0.0,0.0,0.0,0.0,0.0,0.0,89.36666666666666,0.0,0.0,0.0,0.0,16.0,166.0,8.0,12,1,0.6051282051282051,25.638512697371763,685.0,0.0,0.0,0.0,0.0,1
680.0,6.0,0.9666895556677344,0.0,0.0,0.0,0.0,0.0,0.0,0.0,0.0,0.0,0.0,86.83333333333333,0.0,0.0,4.0,0.0,12.0,3132.0,8.0,13,1,0.6051282051282051,19.55334583474892,677.5,0.0,0.0,0.0,0.0,1
688.0,2.0,0.3288985273901982,0.0,0.0,0.0,0.0,0.0,0.0,0.0,0.0,0.0,0.0,84.96666666666667,0.0,0.0,0.0,0.0,8.0,36.0,4.0,13,1,0.6051282051282051,12.793227374928732,673.5,0.0,0.0,0.0,0.0,1
702.0,4.0,0.8909516856926378,0.0,0.0,0.0,12.0,0.0,0.0,0.0,0.0,0.0,0.0,81.23333333333333,0.0,0.0,0.0,0.0,56.0,734.0,36.0,14,1,0.6051282051282051,15.055453054180266,684.0,0.0,0.0,5.999999999999999,3.0,1
708.0,7.0,1.602397021018707,0.0,0.0,0.0,4.0,0.0,0.0,0.0,0.0,0.0,0.0,77.48275862068965,0.0,0.0,0.0,0.0,42.0,716.0,20.0,14,1,0.6051282051282051,12.793227374928732,694.5,0.0,0.0,5.65685424949238,4.0,1
672.0,5.0,1.0918649642414084,0.0,0.0,0.0,0.0,0.0,0.0,0.0,0.0,0.0,0.0,74.8,0.0,0.0,0.0,0.0,30.0,508.0,10.0,15,1,0.6051282051282051,16.031219541880127,692.5,0.0,0.0,5.65685424949238,4.0,1
660.0,1.0,-1.000088900581841e-12,0.0,0.0,0.0,0.0,0.0,0.0,0.0,0.0,0.0,0.0,70.83333333333333,0.0,0.0,0.0,0.0,12.0,0.0,0.0,16,1,0.6051282051282051,20.396078054370133,680.0,0.0,0.0,1.9999999999999991,1.0,1
696.0,7.0,1.600374701724783,0.0,0.0,0.0,0.0,0.0,0.0,0.0,0.0,0.0,0.0,68.33333333333333,0.0,0.0,10.0,2.0,24.0,1098.0,10.0,16,1,0.6051282051282051,15.099668870540135,677.0,0.0,0.0,0.0,0.0,1
658.0,5.0,0.4091450547172854,0.0,0.0,0.0,0.0,0.0,0.0,0.0,0.0,0.0,0.0,64.0,0.0,0.0,0.0,0.0,18.0,250.0,4.0,17,1,0.6051282051282051,17.990738358017033,673.5,0.0,0.0,0.0,0.0,1
648.0,2.0,0.6591525038209909,0.0,0.0,0.0,0.0,0.0,0.0,0.0,0.0,0.0,0.0,62.66666666666666,0.0,0.0,0.0,0.0,12.0,24.0,8.0,17,1,0.6051282051282051,20.999999999999023,665.5,0.0,0.0,0.0,0.0,1
652.0,2.0,0.6006618606286209,0.0,0.0,0.0,0.0,0.0,0.0,0.0,0.0,0.0,0.0,62.0,0.0,0.0,0.0,0.0,30.0,92.0,8.0,18,1,0.6051282051282051,22.052966542696527,663.5,0.0,0.0,0.0,0.0,1
642.0,1.0,-1.000088900581841e-12,0.0,0.0,0.0,0.0,0.0,0.0,0.0,0.0,0.0,0.0,61.266666666666666,0.0,0.0,0.0,0.0,6.0,0.0,0.0,18,1,0.6051282051282051,6.7330032922383065,650.0,0.0,0.0,0.0,0.0,1
638.0,5.0,0.2617304009260602,0.0,0.0,0.0,0.0,0.0,0.0,0.0,0.0,0.0,0.0,60.53333333333333,0.0,0.0,0.0,0.0,18.0,138.0,18.0,19,1,0.6051282051282051,6.218252702055891,645.0,0.0,0.0,0.0,0.0,1
650.0,3.0,0.4495624483558389,0.0,0.0,0.0,0.0,0.0,0.0,0.0,0.0,0.0,0.0,59.1,0.0,0.0,0.0,0.0,30.0,282.0,12.0,19,1,0.6051282051282051,6.608075867196547,645.5,0.0,0.0,0.0,0.0,1
654.0,2.0,0.4329150754613879,0.0,0.0,0.0,0.0,0.0,0.0,0.0,0.0,0.0,0.0,58.16666666666666,0.0,0.0,6.0,6.0,30.0,86.0,2.0,20,1,0.6051282051282051,7.302967433399388,646.0,0.0,0.0,0.0,0.0,1
718.0,2.0,0.4729947446400705,0.0,0.0,0.0,8.0,0.0,0.0,0.0,0.0,0.0,0.0,54.9,0.0,0.0,0.0,0.0,6.0,56.0,4.0,20,1,0.6051282051282051,35.98147671603578,665.0,0.0,0.0,4.0,2.0,1
714.0,5.0,0.9779591697097014,0.0,0.0,0.0,0.0,0.0,0.0,0.0,0.0,0.0,0.0,52.13333333333333,0.0,0.0,0.0,0.0,0.0,924.0,0.0,21,0,0.6051282051282051,37.02251567177229,684.0,0.0,0.0,4.0,2.0,1
698.0,2.0,0.0494454092033586,0.0,0.0,0.0,0.0,0.0,0.0,0.0,0.0,0.0,0.0,44.66666666666666,0.0,0.0,0.0,0.0,6.0,188.0,0.0,21,0,0.6051282051282051,29.303014634447155,696.0,0.0,0.0,4.0,2.0,1
678.0,4.0,0.3780742328223749,0.0,0.0,0.0,0.0,0.0,0.0,0.0,0.0,0.0,0.0,41.96666666666667,0.0,0.0,0.0,0.0,12.0,112.0,10.0,22,0,0.6051282051282051,18.18424226264664,702.0,0.0,0.0,4.0,2.0,1
702.0,3.0,0.7889721169682502,0.0,0.0,0.0,0.0,0.0,0.0,0.0,0.0,0.0,0.0,38.06666666666667,0.0,0.0,0.0,0.0,24.0,422.0,4.0,22,0,0.6051282051282051,14.966629547094342,698.0,0.0,0.0,0.0,0.0,1
718.0,6.0,0.7741763945828942,0.0,0.0,0.0,0.0,0.0,0.0,0.0,0.0,0.0,0.0,34.5,0.0,0.0,0.0,0.0,36.0,3142.0,24.0,23,0,0.6051282051282051,16.451950239002795,699.0,0.0,0.0,0.0,0.0,1
710.0,6.0,0.350478098850754,0.0,0.0,0.0,0.0,0.0,0.0,0.0,0.0,2.0,0.0,23.93103448275862,0.0,0.0,0.0,0.0,18.0,2648.0,14.0,23,0,0.6051282051282051,17.28197519575306,702.0,0.0,0.0,0.0,0.0,1
718.0,5.0,0.2937734981053029,0.0,0.0,0.0,0.0,0.0,0.0,0.0,0.0,0.0,8.0,18.366666666666667,0.0,0.0,0.0,0.0,0.0,512.0,0.0,0,0,0.6051282051282051,7.659416862047919,712.0,0.0,0.0,0.0,0.0,1
720.0,3.0,0.4736119072994266,0.0,0.0,0.0,0.0,0.0,0.0,0.0,0.0,0.0,0.0,22.966666666666665,0.0,0.0,0.0,0.0,0.0,540.0,0.0,0,0,0.6051282051282051,4.4347115652118605,716.5,0.0,0.0,0.0,0.0,1
718.0,1.0,-1.000088900581841e-12,0.0,0.0,0.0,0.0,0.0,0.0,0.0,0.0,0.0,0.0,27.466666666666665,0.0,0.0,0.0,0.0,0.0,870.0,0.0,1,0,0.6051282051282051,4.4347115652118605,716.5,0.0,0.0,0.0,0.0,1
604.0,1.0,-1.000088900581841e-12,0.0,0.0,0.0,0.0,0.0,0.0,0.0,0.0,0.0,0.0,32.63333333333333,0.0,0.0,0.0,0.0,0.0,774.0,0.0,1,0,0.6051282051282051,57.34108474732543,690.0,0.0,0.0,0.0,0.0,1
0.0,0.0,0.0,0.0,0.0,0.0,0.0,0.0,0.0,0.0,0.0,0.0,0.0,37.5,0.0,0.0,0.0,0.0,0.0,572.0,0.0,2,0,0.6051282051282051,344.6249168782392,510.5,0.0,0.0,0.0,0.0,1
550.0,2.0,0.0240543662088213,0.0,0.0,0.0,0.0,0.0,0.0,0.0,0.0,2.0,0.0,43.2,0.0,0.0,0.0,0.0,0.0,168.0,0.0,2,0,0.6051282051282051,319.762411799761,468.0,0.0,0.0,0.0,0.0,1
718.0,1.0,-1.000088900581841e-12,0.0,0.0,0.0,0.0,0.0,0.0,0.0,0.0,0.0,0.0,51.0,0.0,0.0,0.0,0.0,0.0,0.0,0.0,3,0,0.6051282051282051,319.762411799761,468.0,0.0,0.0,0.0,0.0,1
170.0,1.0,-1.000088900581841e-12,0.0,0.0,0.0,0.0,0.0,0.0,0.0,0.0,0.0,0.0,58.5,0.0,0.0,0.0,0.0,0.0,0.0,0.0,3,0,0.6051282051282051,331.6438853147554,359.5,0.0,0.0,0.0,0.0,1
0.0,0.0,0.0,0.0,0.0,0.0,0.0,0.0,0.0,0.0,0.0,0.0,0.0,65.5,0.0,0.0,0.0,0.0,0.0,0.0,0.0,4,0,0.6051282051282051,331.6438853147554,359.5,0.0,0.0,0.0,0.0,1
0.0,0.0,0.0,0.0,0.0,0.0,0.0,0.0,0.0,0.0,0.0,0.0,0.0,72.83333333333333,0.0,0.0,0.0,0.0,0.0,0.0,0.0,4,0,0.6051282051282051,340.23913159227675,222.0,0.0,0.0,0.0,0.0,1
0.0,0.0,0.0,0.0,0.0,0.0,0.0,0.0,0.0,0.0,0.0,0.0,0.0,79.96666666666667,0.0,0.0,0.0,0.0,0.0,0.0,0.0,5,0,0.6051282051282051,84.99999999999957,42.5,0.0,0.0,0.0,0.0,1
0.0,0.0,0.0,0.0,0.0,0.0,0.0,0.0,0.0,0.0,0.0,0.0,0.0,86.0,0.0,0.0,0.0,0.0,0.0,0.0,0.0,5,0,0.6051282051282051,0.0,0.0,0.0,0.0,0.0,0.0,1
0.0,0.0,0.0,0.0,0.0,0.0,0.0,0.0,0.0,0.0,0.0,0.0,0.0,92.4,0.0,0.0,0.0,0.0,0.0,0.0,0.0,6,0,0.6051282051282051,0.0,0.0,0.0,0.0,0.0,0.0,1
0.0,0.0,0.0,0.0,0.0,0.0,0.0,0.0,0.0,0.0,0.0,0.0,0.0,100.0,0.0,0.0,0.0,0.0,0.0,0.0,0.0,6,0,0.6051282051282051,0.0,0.0,0.0,0.0,0.0,0.0,1
0.0,0.0,0.0,0.0,0.0,0.0,0.0,0.0,0.0,0.0,0.0,0.0,0.0,100.0,0.0,0.0,0.0,0.0,0.0,0.0,0.0,7,0,0.6051282051282051,0.0,0.0,0.0,0.0,0.0,0.0,1
0.0,0.0,0.0,0.0,0.0,0.0,0.0,0.0,0.0,0.0,0.0,0.0,0.0,100.0,0.0,0.0,0.0,0.0,0.0,0.0,0.0,7,0,0.6051282051282051,0.0,0.0,0.0,0.0,0.0,0.0,1
0.0,0.0,0.0,0.0,0.0,0.0,0.0,0.0,0.0,0.0,0.0,0.0,0.0,100.0,0.0,0.0,0.0,0.0,0.0,0.0,0.0,8,1,0.6051282051282051,0.0,0.0,0.0,0.0,0.0,0.0,1
0.0,0.0,0.0,0.0,0.0,0.0,0.0,0.0,0.0,0.0,0.0,0.0,0.0,100.0,0.0,0.0,0.0,0.0,0.0,0.0,0.0,8,1,0.6051282051282051,0.0,0.0,0.0,0.0,0.0,0.0,1
0.0,0.0,0.0,0.0,0.0,0.0,0.0,0.0,0.0,0.0,0.0,0.0,0.0,100.0,0.0,0.0,0.0,0.0,0.0,0.0,0.0,9,1,0.6051282051282051,0.0,0.0,0.0,0.0,0.0,0.0,1
0.0,0.0,0.0,0.0,0.0,0.0,0.0,0.0,0.0,0.0,0.0,0.0,0.0,100.0,0.0,0.0,0.0,0.0,0.0,0.0,0.0,9,1,0.6051282051282051,0.0,0.0,0.0,0.0,0.0,0.0,1
0.0,0.0,0.0,0.0,0.0,0.0,0.0,0.0,0.0,0.0,0.0,0.0,0.0,100.0,0.0,0.0,0.0,0.0,0.0,0.0,0.0,10,1,0.6051282051282051,0.0,0.0,0.0,0.0,0.0,0.0,1
0.0,0.0,0.0,0.0,0.0,0.0,0.0,0.0,0.0,0.0,0.0,0.0,0.0,100.0,0.0,0.0,0.0,0.0,0.0,0.0,0.0,10,1,0.6051282051282051,0.0,0.0,0.0,0.0,0.0,0.0,1
0.0,0.0,0.0,0.0,0.0,0.0,0.0,0.0,0.0,0.0,0.0,0.0,0.0,100.0,0.0,0.0,0.0,0.0,0.0,0.0,0.0,11,1,0.6051282051282051,0.0,0.0,0.0,0.0,0.0,0.0,1
660.0,6.0,1.344389304944197,0.0,0.0,0.0,0.0,0.0,0.0,0.0,0.0,0.0,0.0,98.86666666666666,0.0,0.0,0.0,0.0,16.0,1506.0,14.0,11,1,0.6051282051282051,329.9999999999999,165.0,0.0,0.0,0.0,0.0,1
710.0,4.0,0.7779432036674734,0.0,0.0,0.0,0.0,0.0,0.0,0.0,0.0,0.0,0.0,94.33333333333331,0.0,0.0,0.0,0.0,16.0,540.0,6.0,12,1,0.6051282051282051,396.0113634733224,342.5,0.0,0.0,0.0,0.0,1
656.0,3.0,0.2331686504435392,0.0,0.0,0.0,0.0,0.0,0.0,0.0,0.0,0.0,0.0,92.03333333333332,0.0,0.0,0.0,0.0,24.0,334.0,18.0,12,1,0.6051282051282051,338.5592021099607,506.5,0.0,0.0,0.0,0.0,1
710.0,3.0,0.3976276091435054,0.0,0.0,0.0,0.0,0.0,0.0,0.0,0.0,0.0,0.0,90.3103448275862,0.0,0.0,0.0,0.0,24.0,3770.0,12.0,13,1,0.6051282051282051,30.06659275674398,684.0,0.0,0.0,0.0,0.0,1
708.0,4.0,0.702327173138337,0.0,0.0,0.0,0.0,0.0,0.0,0.0,0.0,0.0,0.0,87.23333333333333,0.0,0.0,0.0,0.0,24.0,786.0,18.0,13,1,0.6051282051282051,26.6833281282506,696.0,0.0,0.0,0.0,0.0,1
696.0,7.0,1.5755085099152892,0.0,0.0,0.0,8.0,0.0,0.0,0.0,0.0,0.0,0.0,83.56666666666666,0.0,0.0,0.0,0.0,46.0,1040.0,22.0,14,1,0.6051282051282051,25.1064400768652,692.5,0.0,0.0,4.0,2.0,1
718.0,3.0,0.4625060749862706,0.0,0.0,0.0,12.0,0.0,0.0,0.0,0.0,0.0,0.0,77.06666666666666,0.0,0.0,0.0,0.0,0.0,750.0,0.0,14,1,0.6051282051282051,9.092121131317878,708.0,0.0,0.0,6.0,5.0,1
720.0,1.0,-1.000088900581841e-12,0.0,0.0,0.0,0.0,0.0,0.0,0.0,0.0,0.0,0.0,71.83333333333333,0.0,0.0,0.0,0.0,0.0,218.0,0.0,15,1,0.6051282051282051,10.999999999995014,710.5,0.0,0.0,6.0,5.0,1
644.0,5.0,0.5080733689480089,0.0,0.0,0.0,0.0,0.0,0.0,0.0,0.0,0.0,0.0,68.5,0.0,0.0,0.0,0.0,56.0,616.0,20.0,15,1,0.6051282051282051,35.37890143385684,694.5,0.0,0.0,6.0,5.0,1
636.0,3.0,0.6003761276794586,0.0,0.0,0.0,0.0,0.0,0.0,0.0,0.0,0.0,0.0,67.8,0.0,0.0,0.0,0.0,42.0,58.0,24.0,16,1,0.6051282051282051,45.734742446706285,679.5,0.0,0.0,6.0,3.0,1
676.0,7.0,1.2743686389255204,0.0,0.0,0.0,0.0,0.0,0.0,0.0,0.0,0.0,0.0,64.62068965517241,0.0,0.0,0.0,0.0,60.0,1324.0,30.0,16,1,0.6051282051282051,38.14009264103271,669.0,0.0,0.0,0.0,0.0,1
688.0,3.0,0.6655445113708713,0.0,0.0,0.0,0.0,0.0,0.0,0.0,0.0,0.0,0.0,61.46666666666667,0.0,0.0,0.0,0.0,64.0,898.0,22.0,17,1,0.6051282051282051,24.95328969628168,661.0,0.0,0.0,0.0,0.0,1
718.0,2.0,0.6922740281416505,0.0,0.0,0.0,0.0,0.0,0.0,0.0,0.0,0.0,0.0,57.56666666666667,0.0,0.0,0.0,0.0,32.0,3630.0,10.0,17,1,0.6051282051282051,33.95585369269769,679.5,0.0,0.0,0.0,0.0,1
662.0,4.0,0.6633634036495664,0.0,0.0,0.0,0.0,0.0,0.0,0.0,0.0,0.0,0.0,54.13333333333333,0.0,0.0,0.0,0.0,48.0,1240.0,24.0,18,1,0.6051282051282051,23.832750575623688,686.0,0.0,0.0,0.0,0.0,1
658.0,3.0,0.3781436421485319,0.0,0.0,0.0,0.0,0.0,0.0,0.0,0.0,0.0,0.0,53.0,0.0,0.0,0.0,0.0,32.0,1176.0,0.0,18,1,0.6051282051282051,27.730849247722137,681.5,0.0,0.0,0.0,0.0,1
680.0,4.0,1.1246977070115345,0.0,0.0,0.0,0.0,0.0,0.0,0.0,0.0,0.0,0.0,50.793103448275865,0.0,0.0,0.0,0.0,48.0,536.0,26.0,19,1,0.6051282051282051,27.392213005400365,679.5,0.0,0.0,0.0,0.0,1
718.0,1.0,-1.000088900581841e-12,0.0,0.0,0.0,0.0,0.0,0.0,0.0,0.0,0.0,0.0,45.766666666666666,0.0,0.0,0.0,0.0,0.0,250.0,0.0,19,1,0.6051282051282051,27.392213005400365,679.5,0.0,0.0,0.0,0.0,1
716.0,5.0,0.8460211943022045,0.0,0.0,0.0,0.0,0.0,0.0,0.0,0.0,0.0,0.0,41.13333333333333,0.0,0.0,0.0,0.0,0.0,1336.0,0.0,20,1,0.6051282051282051,29.14332399252399,693.0,0.0,0.0,0.0,0.0,1
714.0,6.0,0.9832535646679132,0.0,0.0,0.0,14.0,0.0,0.0,0.0,0.0,0.0,0.0,36.16666666666666,0.0,0.0,0.0,0.0,18.0,1090.0,6.0,20,1,0.6051282051282051,18.07392228229828,707.0,0.0,0.0,7.0,3.5,1
718.0,6.0,0.5606216826397189,0.0,0.0,0.0,10.0,0.0,0.0,0.0,0.0,0.0,0.0,31.133333333333333,0.0,0.0,0.0,0.0,18.0,432.0,10.0,21,0,0.6051282051282051,1.914854215484386,716.5,0.0,0.0,7.118052168020874,6.0,1
630.0,1.0,-1.000088900581841e-12,0.0,0.0,0.0,0.0,0.0,0.0,0.0,0.0,0.0,0.0,21.307692307692307,0.0,0.0,0.0,0.0,0.0,716.0,0.0,21,0,0.6051282051282051,43.03099657998358,694.5,0.0,0.0,7.118052168020874,6.0,1
86.0,5.0,1.2050788399454229,0.0,0.0,0.0,0.0,0.0,0.0,0.0,0.0,0.0,16.0,7.0,0.0,0.0,0.0,0.0,0.0,1066.0,0.0,22,0,0.6051282051282051,303.39193573110435,537.0,0.0,0.0,7.118052168020874,6.0,1
718.0,1.0,-1.000088900581841e-12,0.0,0.0,0.0,0.0,0.0,0.0,0.0,0.0,0.0,0.0,11.266666666666667,0.0,0.0,0.0,0.0,0.0,0.0,0.0,22,0,0.6051282051282051,304.1753880028208,538.0,0.0,0.0,5.0,2.5,1
676.0,1.0,-1.000088900581841e-12,0.0,0.0,0.0,0.0,0.0,0.0,0.0,0.0,0.0,0.0,19.48275862068965,0.0,0.0,0.0,0.0,0.0,0.0,0.0,23,0,0.6051282051282051,296.5192517639733,527.5,0.0,0.0,0.0,0.0,2
94.0,5.0,0.9081830892339756,0.0,0.0,0.0,0.0,0.0,0.0,0.0,0.0,0.0,0.0,26.620689655172413,0.0,0.0,0.0,0.0,24.0,622.0,18.0,23,0,0.6051282051282051,350.88602138016256,393.5,0.0,0.0,0.0,0.0,2
718.0,1.0,-1.000088900581841e-12,0.0,0.0,0.0,0.0,0.0,0.0,0.0,0.0,0.0,0.0,33.266666666666666,0.0,0.0,0.0,0.0,0.0,0.0,0.0,0,0,0.6051282051282051,305.64194738288114,551.5,0.0,0.0,0.0,0.0,3
682.0,2.0,0.1323897113585013,0.0,0.0,0.0,0.0,0.0,0.0,0.0,0.0,0.0,0.0,40.73333333333333,0.0,0.0,0.0,0.0,26.0,470.0,14.0,0,0,0.6051282051282051,299.57469853110075,542.5,0.0,0.0,0.0,0.0,3
718.0,8.0,0.6210436247923348,0.0,0.0,0.0,0.0,0.0,0.0,0.0,0.0,0.0,0.0,47.266666666666666,0.0,0.0,0.0,0.0,0.0,1746.0,0.0,1,0,0.6051282051282051,306.47022693893103,553.0,0.0,0.0,0.0,0.0,1
718.0,1.0,-1.000088900581841e-12,0.0,0.0,0.0,0.0,0.0,0.0,0.0,0.0,0.0,0.0,53.43333333333333,0.0,0.0,0.0,0.0,0.0,648.0,0.0,1,0,0.6051282051282051,17.999999999997303,709.0,0.0,0.0,0.0,0.0,1
642.0,2.0,0.687191110420359,0.0,0.0,0.0,0.0,0.0,0.0,0.0,0.0,0.0,0.0,58.03846153846154,0.0,0.0,0.0,0.0,2.0,976.0,0.0,2,0,0.6051282051282051,36.221540552548326,690.0,0.0,0.0,0.0,0.0,1
718.0,1.0,-1.000088900581841e-12,0.0,0.0,0.0,0.0,0.0,0.0,0.0,0.0,0.0,0.0,64.66666666666667,0.0,0.0,0.0,0.0,0.0,0.0,0.0,2,0,0.6051282051282051,37.99999999999873,699.0,0.0,0.0,0.0,0.0,1
344.0,1.0,-1.000088900581841e-12,0.0,0.0,0.0,0.0,0.0,0.0,0.0,0.0,0.0,0.0,72.5,0.0,0.0,0.0,0.0,0.0,0.0,0.0,3,0,0.6051282051282051,177.97659022092364,605.5,0.0,0.0,0.0,0.0,1
0.0,0.0,0.0,0.0,0.0,0.0,0.0,0.0,0.0,0.0,0.0,0.0,0.0,79.6,0.0,0.0,0.0,0.0,0.0,0.0,0.0,3,0,0.6051282051282051,326.6598638747444,426.0,0.0,0.0,0.0,0.0,1
0.0,0.0,0.0,0.0,0.0,0.0,0.0,0.0,0.0,0.0,0.0,0.0,0.0,85.56666666666666,0.0,0.0,0.0,0.0,0.0,0.0,0.0,4,0,0.6051282051282051,342.4903891595596,265.5,0.0,0.0,0.0,0.0,1
0.0,0.0,0.0,0.0,0.0,0.0,0.0,0.0,0.0,0.0,0.0,0.0,0.0,94.8,0.0,0.0,0.0,0.0,0.0,0.0,0.0,4,0,0.6051282051282051,171.99999999999966,86.0,0.0,0.0,0.0,0.0,1
0.0,0.0,0.0,0.0,0.0,0.0,0.0,0.0,0.0,0.0,0.0,0.0,0.0,100.0,0.0,0.0,0.0,0.0,0.0,0.0,0.0,5,0,0.6051282051282051,0.0,0.0,0.0,0.0,0.0,0.0,1
0.0,0.0,0.0,0.0,0.0,0.0,0.0,0.0,0.0,0.0,0.0,0.0,0.0,100.0,0.0,0.0,0.0,0.0,0.0,0.0,0.0,5,0,0.6051282051282051,0.0,0.0,0.0,0.0,0.0,0.0,1
0.0,0.0,0.0,0.0,0.0,0.0,0.0,0.0,0.0,0.0,0.0,0.0,0.0,100.0,0.0,0.0,0.0,0.0,0.0,0.0,0.0,6,0,0.6051282051282051,0.0,0.0,0.0,0.0,0.0,0.0,1
0.0,0.0,0.0,0.0,0.0,0.0,0.0,0.0,0.0,0.0,0.0,0.0,0.0,100.0,0.0,0.0,0.0,0.0,0.0,0.0,0.0,6,0,0.6051282051282051,0.0,0.0,0.0,0.0,0.0,0.0,1
0.0,0.0,0.0,0.0,0.0,0.0,0.0,0.0,0.0,0.0,0.0,0.0,0.0,100.0,0.0,0.0,0.0,0.0,0.0,0.0,0.0,7,0,0.6051282051282051,0.0,0.0,0.0,0.0,0.0,0.0,1
0.0,0.0,0.0,0.0,0.0,0.0,0.0,0.0,0.0,0.0,0.0,0.0,0.0,100.0,0.0,0.0,0.0,0.0,0.0,0.0,0.0,7,0,0.6051282051282051,0.0,0.0,0.0,0.0,0.0,0.0,1
0.0,0.0,0.0,0.0,0.0,0.0,0.0,0.0,0.0,0.0,0.0,0.0,0.0,100.0,0.0,0.0,0.0,0.0,0.0,0.0,0.0,8,1,0.6051282051282051,0.0,0.0,0.0,0.0,0.0,0.0,1
0.0,0.0,0.0,0.0,0.0,0.0,0.0,0.0,0.0,0.0,0.0,0.0,0.0,100.0,0.0,0.0,0.0,0.0,2.0,0.0,0.0,8,1,0.6051282051282051,0.0,0.0,0.0,0.0,0.0,0.0,1
0.0,0.0,0.0,0.0,0.0,0.0,0.0,0.0,0.0,0.0,0.0,0.0,0.0,100.0,0.0,0.0,0.0,0.0,0.0,0.0,0.0,9,1,0.6051282051282051,0.0,0.0,0.0,0.0,0.0,0.0,1
326.0,6.0,0.997335966739962,0.0,0.0,0.0,0.0,0.0,0.0,0.0,0.0,0.0,0.0,100.0,0.0,0.0,0.0,0.0,10.0,96.0,2.0,9,1,0.6051282051282051,162.99999999999966,81.5,0.0,0.0,0.0,0.0,2
700.0,10.0,1.853287477389811,0.0,0.0,0.0,0.0,0.0,0.0,0.0,0.0,0.0,0.0,99.24137931034484,0.0,0.0,0.0,0.0,14.0,1796.0,10.0,10,1,0.6051282051282051,333.2201474501003,256.5,0.0,0.0,0.0,0.0,1
718.0,1.0,-1.000088900581841e-12,0.0,0.0,0.0,0.0,0.0,0.0,0.0,0.0,0.0,0.0,91.53333333333332,0.0,0.0,0.0,0.0,0.0,666.0,0.0,11,1,0.6051282051282051,193.1864384474229,615.5,0.0,0.0,0.0,0.0,1
636.0,5.0,0.9077503220900048,0.0,0.0,0.0,0.0,0.0,0.0,0.0,0.0,0.0,0.0,83.26666666666667,0.0,0.0,0.0,0.0,0.0,638.0,0.0,12,1,0.6051282051282051,245.3969573296837,569.5,0.0,0.0,0.0,0.0,1
714.0,5.0,0.5904697819314298,0.0,0.0,0.0,0.0,0.0,0.0,0.0,0.0,0.0,0.0,73.23333333333333,0.0,0.0,0.0,0.0,6.0,890.0,4.0,13,1,0.6051282051282051,244.5969473780623,568.5,0.0,0.0,0.0,0.0,1
688.0,4.0,1.0639909782139414,0.0,0.0,0.0,0.0,0.0,0.0,0.0,0.0,0.0,0.0,67.44827586206897,0.0,0.0,0.0,0.0,48.0,594.0,30.0,14,1,0.6051282051282051,23.4662878757288,697.0,0.0,0.0,0.0,0.0,1
702.0,7.0,1.570338647963695,0.0,0.0,0.0,0.0,0.0,0.0,0.0,0.0,0.0,0.0,62.16666666666666,0.0,0.0,0.0,0.0,24.0,1882.0,14.0,15,1,0.6051282051282051,23.57258294431428,676.5,0.0,0.0,0.0,0.0,1
646.0,2.0,0.0798828827058988,0.0,0.0,0.0,0.0,0.0,0.0,0.0,0.0,0.0,0.0,54.53333333333333,0.0,0.0,0.0,0.0,56.0,216.0,12.0,16,1,0.6051282051282051,28.72281323268857,671.5,0.0,0.0,0.0,0.0,1
638.0,1.0,-1.000088900581841e-12,0.0,0.0,0.0,0.0,0.0,0.0,0.0,0.0,0.0,0.0,52.53333333333333,0.0,0.0,0.0,0.0,8.0,0.0,0.0,17,1,0.6051282051282051,23.636130534979184,655.0,0.0,0.0,0.0,0.0,1
506.0,2.0,0.0258158521528772,0.0,0.0,0.0,8.0,0.0,0.0,0.0,0.0,0.0,0.0,49.66666666666666,0.0,0.0,0.0,0.0,64.0,80.0,8.0,18,1,0.6051282051282051,259.4018761176049,471.0,0.0,0.0,4.0,2.0,1
398.0,6.0,1.165181468525076,0.0,0.0,0.0,0.0,0.0,0.0,0.0,0.0,0.0,0.0,45.0,0.0,0.0,0.0,0.0,34.0,714.0,20.0,19,1,0.6051282051282051,247.5553810093139,420.5,0.0,0.0,4.123105625617661,3.5,1
650.0,4.0,0.6438008344011621,0.0,0.0,0.0,2.0,0.0,0.0,0.0,0.0,0.0,0.0,41.86666666666667,0.0,0.0,0.0,0.0,4.0,212.0,4.0,20,1,0.6051282051282051,132.9160135825122,596.0,0.0,0.0,2.516611478423583,2.5,1
560.0,1.0,-1.000088900581841e-12,0.0,0.0,0.0,0.0,0.0,0.0,0.0,0.0,0.0,0.0,40.07142857142857,2.0,0.0,0.0,0.0,0.0,0.0,0.0,21,0,0.6051282051282051,43.27817001676364,623.5,0.0,0.0,1.154700538379251,1.0,1
410.0,6.0,1.4251664095069243,0.0,0.0,0.0,0.0,0.0,0.0,0.0,0.0,0.0,0.0,38.0,0.0,0.0,0.0,0.0,10.0,850.0,6.0,22,0,0.6051282051282051,109.16043239196104,563.0,0.0,0.0,0.9999999999999996,0.5,1
716.0,1.0,-1.000088900581841e-12,0.0,0.0,0.0,0.0,0.0,0.0,0.0,0.0,0.0,0.0,33.6,0.0,0.0,0.0,0.0,12.0,34.0,4.0,23,0,0.6051282051282051,145.2033057474929,599.0,0.0,0.0,0.9999999999999996,0.5,1
628.0,1.0,-1.000088900581841e-12,0.0,0.0,0.0,0.0,0.0,0.0,0.0,0.0,0.0,0.0,32.0,0.0,0.0,0.0,0.0,0.0,0.0,0.0,0,0,0.6051282051282051,40.64070209367159,681.5,0.0,0.0,1.154700538379251,1.0,1
718.0,3.0,0.6344352338337879,0.0,0.0,0.0,0.0,0.0,0.0,0.0,0.0,0.0,0.0,23.2,0.0,0.0,0.0,0.0,0.0,800.0,0.0,1,0,0.6051282051282051,37.28717384481196,669.5,0.0,0.0,0.9999999999999996,0.5,1
718.0,1.0,-1.000088900581841e-12,0.0,0.0,0.0,0.0,0.0,0.0,0.0,0.0,0.0,0.0,22.73333333333333,0.0,0.0,0.0,0.0,0.0,0.0,0.0,2,0,0.6051282051282051,248.8399753522999,575.0,0.0,0.0,0.0,0.0,1
0.0,0.0,0.0,0.0,0.0,0.0,0.0,0.0,0.0,0.0,0.0,0.0,0.0,38.333333333333336,0.0,0.0,0.0,0.0,0.0,0.0,0.0,3,0,0.6051282051282051,338.3267651250783,383.5,0.0,0.0,0.0,0.0,1
0.0,0.0,0.0,0.0,0.0,0.0,0.0,0.0,0.0,0.0,0.0,0.0,0.0,70.56666666666666,0.0,0.0,0.0,0.0,0.0,0.0,0.0,5,0,0.6051282051282051,0.0,0.0,0.0,0.0,0.0,0.0,1
0.0,0.0,0.0,0.0,0.0,0.0,0.0,0.0,0.0,0.0,0.0,0.0,0.0,86.83333333333333,0.0,0.0,0.0,0.0,0.0,0.0,0.0,6,0,0.6051282051282051,0.0,0.0,0.0,0.0,0.0,0.0,1
704.0,6.0,0.7962113666608099,0.0,0.0,0.0,0.0,0.0,0.0,0.0,0.0,0.0,0.0,94.63333333333334,0.0,0.0,0.0,0.0,8.0,302.0,8.0,11,1,0.6051282051282051,337.36429370439686,441.0,0.0,0.0,0.0,0.0,1
652.0,3.0,0.7559420327706758,0.0,0.0,0.0,0.0,0.0,0.0,0.0,0.0,0.0,0.0,91.56666666666666,0.0,0.0,0.0,0.0,8.0,552.0,4.0,12,1,0.6051282051282051,27.58622844826528,681.5,0.0,0.0,0.0,0.0,1
660.0,4.0,0.712075504834945,0.0,0.0,0.0,0.0,0.0,0.0,0.0,0.0,0.0,0.0,88.16666666666667,0.0,0.0,0.0,0.0,12.0,576.0,12.0,13,1,0.6051282051282051,6.191391873659264,660.5,0.0,0.0,0.0,0.0,1
674.0,6.0,1.1980058302693517,0.0,0.0,0.0,4.0,0.0,0.0,0.0,0.0,0.0,0.0,85.63333333333334,0.0,0.0,0.0,0.0,32.0,1204.0,24.0,14,1,0.6051282051282051,9.309493362506212,663.0,0.0,0.0,2.0,1.0,1
670.0,4.0,0.618243100481562,0.0,0.0,0.0,0.0,0.0,0.0,0.0,0.0,0.0,0.0,82.13333333333334,0.0,0.0,0.0,0.0,4.0,46.0,4.0,15,1,0.6051282051282051,9.591663046619209,665.0,0.0,0.0,2.309401076758503,2.0,1
104.0,1.0,-1.000088900581841e-12,0.0,0.0,0.0,0.0,0.0,0.0,0.0,0.0,0.0,0.0,80.26666666666667,0.0,0.0,0.0,0.0,4.0,0.0,0.0,16,1,0.6051282051282051,280.36345458469896,524.5,0.0,0.0,2.0,1.0,1
698.0,4.0,1.1535334117860103,0.0,0.0,0.0,0.0,0.0,0.0,0.0,0.0,0.0,0.0,72.8,0.0,0.0,0.0,0.0,6.0,2080.0,4.0,17,1,0.6051282051282051,271.71063038951297,482.0,0.0,0.0,0.0,0.0,1
676.0,1.0,-1.000088900581841e-12,0.0,0.0,0.0,0.0,0.0,0.0,0.0,0.0,0.0,0.0,67.46666666666667,0.0,0.0,0.0,0.0,24.0,750.0,12.0,18,1,0.6051282051282051,112.07586716148958,633.5,0.0,0.0,0.0,0.0,1
648.0,3.0,0.7984348482045625,0.0,0.0,0.0,0.0,0.0,0.0,0.0,0.0,0.0,0.0,65.03333333333333,0.0,0.0,0.0,0.0,12.0,198.0,2.0,19,1,0.6051282051282051,19.218047073862348,671.0,0.0,0.0,0.0,0.0,1
652.0,5.0,0.7541918486927681,0.0,0.0,0.0,4.0,0.0,0.0,0.0,0.0,0.0,0.0,60.06666666666667,0.0,0.0,0.0,0.0,24.0,278.0,10.0,20,1,0.6051282051282051,18.064698539781656,663.5,0.0,0.0,2.0,1.0,1
716.0,2.0,0.3075499311317771,0.0,0.0,0.0,0.0,0.0,0.0,0.0,0.0,0.0,0.0,55.5,0.0,0.0,0.0,0.0,78.0,524.0,46.0,21,0,0.6051282051282051,29.860788111945805,692.5,0.0,0.0,2.0,1.0,1
674.0,5.0,1.1925027717839396,0.0,0.0,0.0,6.0,0.0,0.0,0.0,0.0,0.0,0.0,47.13333333333333,0.0,0.0,0.0,0.0,36.0,752.0,22.0,22,0,0.6051282051282051,21.47867159144603,706.0,0.0,0.0,3.0,1.5,1
662.0,1.0,-1.000088900581841e-12,0.0,0.0,0.0,0.0,0.0,0.0,0.0,0.0,0.0,0.0,43.36666666666667,0.0,0.0,0.0,0.0,78.0,22.0,26.0,23,0,0.6051282051282051,25.63201123594983,682.5,0.0,0.0,3.0,1.5,1
718.0,4.0,0.5438054669127023,0.0,0.0,0.0,0.0,0.0,0.0,0.0,0.0,0.0,0.0,35.2,0.0,0.0,12.0,6.0,6.0,1736.0,6.0,0,0,0.6051282051282051,24.221202832777,686.0,0.0,0.0,3.0,1.5,1
238.0,1.0,-1.000088900581841e-12,0.0,0.0,0.0,0.0,0.0,0.0,0.0,0.0,0.0,0.0,18.8,0.0,0.0,0.0,0.0,0.0,474.0,0.0,1,0,0.6051282051282051,233.9536991229957,588.5,0.0,0.0,3.0,1.5,1
718.0,1.0,-1.000088900581841e-12,0.0,0.0,0.0,0.0,0.0,0.0,0.0,0.0,0.0,0.0,15.5,0.0,0.0,0.0,0.0,0.0,0.0,0.0,2,0,0.6051282051282051,235.04042205544104,519.0,0.0,0.0,0.0,0.0,1
0.0,0.0,0.0,0.0,0.0,0.0,0.0,0.0,0.0,0.0,0.0,0.0,0.0,31.5,0.0,0.0,0.0,0.0,0.0,0.0,0.0,3,0,0.6051282051282051,297.50686266594454,354.5,0.0,0.0,0.0,0.0,1
0.0,0.0,0.0,0.0,0.0,0.0,0.0,0.0,0.0,0.0,0.0,0.0,0.0,47.5,0.0,0.0,0.0,0.0,0.0,0.0,0.0,4,0,0.6051282051282051,143.99999999999957,72.0,0.0,0.0,0.0,0.0,1
0.0,0.0,0.0,0.0,0.0,0.0,0.0,0.0,0.0,0.0,0.0,0.0,0.0,63.96666666666667,0.0,0.0,0.0,0.0,0.0,0.0,0.0,5,0,0.6051282051282051,0.0,0.0,0.0,0.0,0.0,0.0,1
0.0,0.0,0.0,0.0,0.0,0.0,0.0,0.0,0.0,0.0,0.0,0.0,0.0,79.46666666666667,0.0,0.0,0.0,0.0,0.0,0.0,0.0,6,0,0.6051282051282051,0.0,0.0,0.0,0.0,0.0,0.0,1
0.0,0.0,0.0,0.0,0.0,0.0,0.0,0.0,0.0,0.0,0.0,0.0,0.0,92.8,0.0,0.0,0.0,0.0,0.0,0.0,0.0,7,0,0.6051282051282051,0.0,0.0,0.0,0.0,0.0,0.0,1
0.0,0.0,0.0,0.0,0.0,0.0,0.0,0.0,0.0,0.0,0.0,0.0,0.0,100.0,0.0,0.0,0.0,0.0,0.0,0.0,0.0,8,1,0.6051282051282051,0.0,0.0,0.0,0.0,0.0,0.0,1
0.0,0.0,0.0,0.0,0.0,0.0,0.0,0.0,0.0,0.0,0.0,0.0,0.0,100.0,0.0,0.0,0.0,0.0,0.0,0.0,0.0,9,1,0.6051282051282051,0.0,0.0,0.0,0.0,0.0,0.0,1
0.0,0.0,0.0,0.0,0.0,0.0,0.0,0.0,0.0,0.0,0.0,0.0,0.0,100.0,0.0,0.0,0.0,0.0,0.0,0.0,0.0,10,1,0.6051282051282051,0.0,0.0,0.0,0.0,0.0,0.0,1
716.0,8.0,1.4799555394947967,0.0,0.0,0.0,0.0,0.0,0.0,0.0,0.0,0.0,0.0,96.8,0.0,0.0,0.0,0.0,2.0,662.0,2.0,11,1,0.6051282051282051,403.25839524222334,349.0,0.0,0.0,0.0,0.0,1
664.0,3.0,1.0786668784428295,0.0,0.0,0.0,0.0,0.0,0.0,0.0,0.0,0.0,0.0,90.3,0.0,0.0,0.0,0.0,20.0,440.0,16.0,12,1,0.6051282051282051,21.99999999999736,685.0,0.0,0.0,0.0,0.0,1
698.0,5.0,1.4204981424289365,0.0,0.0,0.0,0.0,0.0,0.0,0.0,0.0,0.0,0.0,85.53333333333333,0.0,0.0,0.0,0.0,16.0,1500.0,10.0,13,1,0.6051282051282051,14.282856857081615,679.0,0.0,0.0,0.0,0.0,1
644.0,1.0,-1.000088900581841e-12,0.0,0.0,0.0,0.0,0.0,0.0,0.0,0.0,0.0,0.0,81.0,0.0,0.0,0.0,0.0,4.0,92.0,2.0,14,1,0.6051282051282051,22.44994432064105,674.0,0.0,0.0,2.0,1.0,1
698.0,9.0,1.1181329528698714,0.0,0.0,0.0,4.0,0.0,0.0,0.0,0.0,0.0,0.0,77.33333333333333,0.0,0.0,0.0,0.0,12.0,2670.0,12.0,15,1,0.6051282051282051,30.06659275674388,664.0,0.0,0.0,2.309401076758503,2.0,1
660.0,3.0,0.6056818002316167,0.0,0.0,0.0,0.0,0.0,0.0,0.0,0.0,0.0,0.0,74.93333333333334,0.0,0.0,0.0,0.0,28.0,18.0,6.0,16,1,0.6051282051282051,26.956755492205467,661.0,0.0,0.0,2.0,1.0,1
660.0,1.0,-1.000088900581841e-12,0.0,0.0,0.0,0.0,0.0,0.0,0.0,0.0,0.0,0.0,71.93333333333334,0.0,0.0,0.0,0.0,0.0,0.0,0.0,17,1,0.6051282051282051,11.94431524477438,663.0,0.0,0.0,0.0,0.0,1
672.0,6.0,0.785548882787818,0.0,0.0,0.0,0.0,0.0,0.0,0.0,0.0,0.0,0.0,67.36666666666666,0.0,0.0,0.0,0.0,16.0,512.0,12.0,18,1,0.6051282051282051,59.899916527486766,641.0,0.0,0.0,0.0,0.0,1
650.0,4.0,1.127380200842636,0.0,0.0,0.0,0.0,0.0,0.0,0.0,0.0,0.0,0.0,64.0,0.0,0.0,0.0,0.0,20.0,274.0,8.0,19,1,0.6051282051282051,55.74644981222167,634.5,0.0,0.0,0.0,0.0,1
642.0,2.0,0.2416289312618096,0.0,0.0,0.0,0.0,0.0,0.0,0.0,0.0,0.0,0.0,61.833333333333336,0.0,0.0,0.0,0.0,24.0,258.0,6.0,20,1,0.6051282051282051,10.893423092240075,649.0,0.0,0.0,0.0,0.0,1
700.0,5.0,1.1240543779551802,0.0,0.0,0.0,4.0,0.0,0.0,0.0,0.0,0.0,0.0,58.833333333333336,0.0,0.0,0.0,0.0,12.0,510.0,4.0,21,0,0.6051282051282051,27.83283432686203,661.0,0.0,0.0,5.656854249492381,4.0,1
694.0,8.0,1.931289333672527,0.0,0.0,0.0,0.0,0.0,0.0,0.0,0.0,0.0,0.0,55.10344827586207,0.0,0.0,0.0,0.0,22.0,2966.0,22.0,22,0,0.6051282051282051,29.77694857883442,673.0,0.0,0.0,5.656854249492381,4.0,1
662.0,3.0,0.7638245162335051,0.0,0.0,0.0,0.0,0.0,0.0,0.0,0.0,0.0,0.0,48.93333333333333,0.0,0.0,0.0,0.0,54.0,660.0,18.0,23,0,0.6051282051282051,24.467665738001024,667.0,0.0,0.0,0.0,0.0,1
642.0,1.0,-1.000088900581841e-12,0.0,0.0,0.0,0.0,0.0,0.0,0.0,0.0,0.0,0.0,46.0,0.0,0.0,0.0,0.0,0.0,0.0,0.0,0,0,0.6051282051282051,14.271183085734307,661.5,0.0,0.0,0.0,0.0,1
368.0,1.0,-1.000088900581841e-12,0.0,0.0,0.0,0.0,0.0,0.0,0.0,0.0,0.0,0.0,39.46666666666667,0.0,0.0,0.0,0.0,0.0,496.0,0.0,2,0,0.6051282051282051,151.01876263122583,431.0,0.0,0.0,0.0,0.0,1
670.0,3.0,0.3386560094961939,0.0,0.0,0.0,0.0,0.0,0.0,0.0,0.0,0.0,0.0,94.5,0.0,0.0,0.0,0.0,6.0,230.0,2.0,12,1,0.6051282051282051,172.71460081108722,523.5,0.0,0.0,0.0,0.0,1
652.0,1.0,-1.000088900581841e-12,0.0,0.0,0.0,0.0,0.0,0.0,0.0,0.0,0.0,0.0,92.73333333333332,0.0,0.0,0.0,0.0,6.0,162.0,4.0,13,1,0.6051282051282051,12.369316876847687,662.5,0.0,0.0,0.0,0.0,1
642.0,1.0,-1.000088900581841e-12,0.0,0.0,0.0,0.0,0.0,0.0,0.0,0.0,0.0,0.0,90.0,0.0,0.0,0.0,0.0,6.0,0.0,0.0,14,1,0.6051282051282051,6.633249580700928,651.0,0.0,0.0,0.0,0.0,1
684.0,7.0,1.1787763023321922,0.0,0.0,0.0,0.0,0.0,0.0,0.0,0.0,0.0,0.0,85.3,0.0,0.0,0.0,0.0,8.0,1370.0,4.0,15,1,0.6051282051282051,19.20937271229513,665.5,0.0,0.0,0.0,0.0,1
670.0,2.0,0.4055049928394091,0.0,0.0,0.0,0.0,0.0,0.0,0.0,0.0,0.0,0.0,80.75862068965517,0.0,0.0,0.0,0.0,6.0,124.0,6.0,16,1,0.6051282051282051,13.90443574307142,671.0,0.0,0.0,0.0,0.0,1
682.0,4.0,0.9763088285733782,0.0,0.0,0.0,0.0,0.0,0.0,0.0,0.0,0.0,0.0,77.8,0.0,0.0,0.0,0.0,12.0,1986.0,8.0,17,1,0.6051282051282051,12.489995996791537,667.0,0.0,0.0,0.0,0.0,1
674.0,5.0,1.24416244037347,0.0,0.0,0.0,0.0,0.0,0.0,0.0,0.0,0.0,0.0,74.23333333333333,0.0,0.0,0.0,0.0,10.0,416.0,10.0,18,1,0.6051282051282051,8.717797887073809,671.0,0.0,0.0,0.0,0.0,1
530.0,1.0,-1.000088900581841e-12,0.0,0.0,0.0,0.0,0.0,0.0,0.0,0.0,0.0,0.0,72.66666666666667,0.0,0.0,0.0,0.0,0.0,0.0,0.0,19,1,0.6051282051282051,65.98989821682207,626.0,0.0,0.0,0.0,0.0,1
558.0,3.0,0.7163583931784377,0.0,0.0,0.0,0.0,0.0,0.0,0.0,0.0,0.0,0.0,71.04,0.0,0.0,0.0,0.0,8.0,720.0,4.0,20,1,0.6051282051282051,290.8126544701931,431.0,0.0,0.0,0.0,0.0,1
640.0,3.0,0.4430962880211526,0.0,0.0,0.0,0.0,0.0,0.0,0.0,0.0,0.0,0.0,69.0,0.0,0.0,0.0,0.0,24.0,78.0,4.0,21,0,0.6051282051282051,311.5573783430588,463.0,0.0,0.0,0.0,0.0,1
668.0,2.0,0.6399170991126709,0.0,0.0,0.0,0.0,0.0,0.0,0.0,0.0,0.0,0.0,66.0,0.0,0.0,0.0,0.0,30.0,232.0,16.0,22,0,0.6051282051282051,13.403979508583893,657.5,0.0,0.0,0.0,0.0,1
656.0,2.0,0.4472750728187228,0.0,0.0,0.0,0.0,0.0,0.0,0.0,0.0,0.0,0.0,63.2,0.0,0.0,0.0,0.0,6.0,308.0,6.0,23,0,0.6051282051282051,11.489125293070408,659.0,0.0,0.0,0.0,0.0,1
658.0,4.0,0.7913740749033794,0.0,0.0,0.0,0.0,0.0,0.0,0.0,0.0,0.0,0.0,60.53333333333333,0.0,0.0,0.0,0.0,12.0,190.0,10.0,0,0,0.6051282051282051,7.74596669240645,655.0,0.0,0.0,0.0,0.0,1
646.0,3.0,0.4957600023119491,0.0,0.0,0.0,0.0,0.0,0.0,0.0,0.0,0.0,0.0,59.03448275862069,0.0,0.0,0.0,0.0,26.0,30.0,2.0,1,0,0.6051282051282051,7.571877794391794,657.0,0.0,0.0,0.0,0.0,1
114.0,1.0,-1.000088900581841e-12,0.0,0.0,0.0,0.0,0.0,0.0,0.0,0.0,0.0,0.0,57.266666666666666,0.0,0.0,0.0,0.0,0.0,0.0,0.0,2,0,0.6051282051282051,266.02944699161884,512.5,0.0,0.0,0.0,0.0,1
0.0,0.0,0.0,0.0,0.0,0.0,0.0,0.0,0.0,0.0,0.0,0.0,0.0,57.0,8.0,0.0,0.0,0.0,0.0,0.0,0.0,3,0,0.6051282051282051,299.8549649413861,185.5,0.0,0.0,0.0,0.0,1
640.0,2.0,0.0804848370660069,0.0,0.0,0.0,0.0,0.0,0.0,0.0,0.0,0.0,0.0,96.0,0.0,0.0,0.0,0.0,2.0,4.0,0.0,14,1,0.6051282051282051,232.9778244096776,499.0,0.0,0.0,0.0,0.0,1
538.0,7.0,1.00452143132675,0.0,0.0,0.0,0.0,0.0,0.0,0.0,0.0,0.0,0.0,93.5,2.0,0.0,0.0,0.0,6.0,672.0,4.0,15,1,0.6051282051282051,64.0078120232201,624.5,0.0,0.0,0.0,0.0,1
670.0,2.0,0.6805794052511042,0.0,0.0,0.0,0.0,0.0,0.0,0.0,0.0,0.0,0.0,87.56666666666666,0.0,0.0,0.0,0.0,2.0,240.0,2.0,16,1,0.6051282051282051,63.68673331236168,628.0,0.0,0.0,0.0,0.0,1
696.0,4.0,0.8620953766223063,0.0,0.0,0.0,0.0,0.0,0.0,0.0,0.0,0.0,0.0,83.0,0.0,0.0,0.0,0.0,4.0,774.0,4.0,17,1,0.6051282051282051,11.604596790347513,679.0,0.0,0.0,0.0,0.0,1
650.0,4.0,0.6290442254972797,0.0,0.0,0.0,0.0,0.0,0.0,0.0,0.0,0.0,0.0,77.82758620689656,0.0,0.0,0.0,0.0,10.0,380.0,6.0,18,1,0.6051282051282051,21.93931022920297,679.0,0.0,0.0,0.0,0.0,1
674.0,5.0,1.2518038678180232,0.0,0.0,0.0,0.0,0.0,0.0,0.0,0.0,0.0,0.0,75.1,0.0,0.0,0.0,0.0,10.0,1208.0,8.0,19,1,0.6051282051282051,27.19681353884207,663.5,0.0,0.0,0.0,0.0,1
672.0,5.0,0.7657946292814299,0.0,0.0,0.0,2.0,0.0,0.0,0.0,0.0,0.0,0.0,70.0,0.0,0.0,0.0,0.0,6.0,382.0,4.0,20,1,0.6051282051282051,23.74166520416256,667.5,0.0,0.0,1.0000000000000009,0.5,1
700.0,6.0,1.4665216874637936,0.0,0.0,0.0,2.0,0.0,0.0,0.0,0.0,0.0,0.0,63.206896551724135,0.0,0.0,0.0,0.0,14.0,764.0,2.0,21,0,0.6051282051282051,16.92138686199244,693.5,0.0,0.0,1.1547005383792524,1.0,1
638.0,1.0,-1.000088900581841e-12,0.0,0.0,0.0,0.0,0.0,0.0,0.0,0.0,0.0,0.0,61.0,0.0,0.0,0.0,0.0,0.0,0.0,0.0,22,0,0.6051282051282051,36.46002377033249,675.0,0.0,0.0,1.0000000000000009,0.5,1
0.0,0.0,0.0,0.0,0.0,0.0,0.0,0.0,0.0,0.0,0.0,0.0,0.0,59.5,0.0,0.0,0.0,0.0,4.0,0.0,0.0,23,0,0.6051282051282051,309.239928426672,400.0,0.0,0.0,0.0,0.0,1
208.0,4.0,0.795668701468659,0.0,0.0,0.0,0.0,0.0,0.0,0.0,0.0,0.0,0.0,58.27586206896552,0.0,0.0,0.0,0.0,8.0,540.0,4.0,0,0,0.6051282051282051,155.99999999999963,130.0,0.0,0.0,0.0,0.0,1
702.0,6.0,1.0365481172795783,0.0,0.0,0.0,0.0,0.0,0.0,0.0,0.0,0.0,0.0,96.46666666666668,0.0,0.0,0.0,0.0,4.0,400.0,2.0,10,1,0.6051282051282051,352.2096913298476,380.5,0.0,0.0,0.0,0.0,1
706.0,6.0,1.2702568202966962,0.0,0.0,0.0,0.0,0.0,0.0,0.0,0.0,0.0,0.0,88.56666666666666,0.0,0.0,0.0,0.0,4.0,900.0,4.0,11,1,0.6051282051282051,22.233608194199928,696.5,0.0,0.0,0.0,0.0,1
670.0,5.0,1.2188854193026892,0.0,0.0,0.0,0.0,0.0,0.0,0.0,0.0,0.0,0.0,82.56666666666666,0.0,0.0,0.0,0.0,16.0,322.0,8.0,12,1,0.6051282051282051,21.439838307844745,701.5,0.0,0.0,0.0,0.0,1
696.0,1.0,-1.000088900581841e-12,0.0,0.0,0.0,0.0,0.0,0.0,0.0,0.0,0.0,0.0,75.23333333333333,0.0,0.0,0.0,0.0,2.0,124.0,2.0,13,1,0.6051282051282051,18.93849694845204,693.0,0.0,0.0,0.0,0.0,1
720.0,1.0,-1.000088900581841e-12,0.0,0.0,0.0,0.0,0.0,0.0,0.0,0.0,0.0,0.0,65.36666666666666,0.0,0.0,0.0,0.0,0.0,12.0,0.0,14,1,0.6051282051282051,15.779733838055082,706.5,0.0,0.0,0.0,0.0,1
712.0,4.0,0.728675228216585,0.0,0.0,0.0,0.0,0.0,0.0,0.0,0.0,0.0,0.0,55.46666666666667,0.0,0.0,0.0,0.0,2.0,250.0,2.0,15,1,0.6051282051282051,61.78187436457282,686.5,0.0,0.0,0.0,0.0,1
666.0,4.0,1.2658736237632988,0.0,0.0,0.0,0.0,0.0,0.0,0.0,0.0,0.0,0.0,51.9,0.0,0.0,0.0,0.0,10.0,610.0,8.0,16,1,0.6051282051282051,50.44799302251639,650.5,0.0,0.0,0.0,0.0,1
670.0,6.0,0.9769487325653632,0.0,0.0,0.0,0.0,0.0,0.0,0.0,0.0,0.0,0.0,47.03333333333333,0.0,0.0,0.0,0.0,10.0,196.0,4.0,17,1,0.6051282051282051,21.260291625466028,661.0,0.0,0.0,0.0,0.0,1
638.0,3.0,0.6943259428792486,0.0,0.0,0.0,0.0,0.0,0.0,0.0,0.0,0.0,0.0,44.0,0.0,0.0,0.0,0.0,24.0,344.0,8.0,18,1,0.6051282051282051,17.9907383580143,659.5,0.0,0.0,0.0,0.0,1
698.0,6.0,1.3850879687123885,0.0,0.0,0.0,0.0,0.0,0.0,0.0,0.0,0.0,0.0,40.43333333333333,0.0,0.0,0.0,0.0,42.0,1216.0,18.0,19,1,0.6051282051282051,27.276363393969163,658.0,0.0,0.0,0.0,0.0,1
698.0,5.0,1.063201342104498,0.0,0.0,0.0,0.0,0.0,0.0,0.0,0.0,0.0,0.0,34.0,0.0,0.0,0.0,0.0,12.0,896.0,8.0,20,1,0.6051282051282051,25.63201123594988,678.5,0.0,0.0,0.0,0.0,1
500.0,2.0,0.2587818703853869,0.0,0.0,0.0,0.0,0.0,0.0,0.0,0.0,0.0,0.0,20.4,0.0,0.0,0.0,0.0,0.0,816.0,0.0,21,0,0.6051282051282051,99.9649938728546,647.5,0.0,0.0,0.0,0.0,1
620.0,6.0,1.0873925368102932,0.0,0.0,0.0,0.0,0.0,0.0,0.0,0.0,0.0,0.0,14.583333333333334,0.0,0.0,0.0,0.0,54.0,7376.0,24.0,22,0,0.6051282051282051,319.0417945452704,459.5,0.0,0.0,0.0,0.0,1
532.0,6.0,1.4186462046697452,0.0,0.0,0.0,0.0,0.0,0.0,0.0,0.0,0.0,22.0,19.454545454545453,0.0,0.0,0.0,0.0,48.0,3310.0,28.0,23,0,0.6051282051282051,320.79224845165214,467.5,0.0,0.0,0.0,0.0,1
718.0,3.0,0.1304414150208837,0.0,0.0,0.0,0.0,0.0,0.0,0.0,0.0,0.0,0.0,24.766666666666666,0.0,0.0,0.0,0.0,0.0,432.0,0.0,0,0,0.6051282051282051,160.13744096868737,589.0,0.0,0.0,0.0,0.0,1
0.0,0.0,0.0,0.0,0.0,0.0,0.0,0.0,0.0,0.0,0.0,0.0,0.0,63.56666666666667,0.0,0.0,0.0,0.0,0.0,0.0,0.0,3,0,0.6051282051282051,347.871144726511,279.5,0.0,0.0,0.0,0.0,1
0.0,0.0,0.0,0.0,0.0,0.0,0.0,0.0,0.0,0.0,0.0,0.0,0.0,78.73333333333333,0.0,0.0,0.0,0.0,0.0,0.0,0.0,4,0,0.6051282051282051,0.0,0.0,0.0,0.0,0.0,0.0,1
0.0,0.0,0.0,0.0,0.0,0.0,0.0,0.0,0.0,0.0,0.0,0.0,0.0,91.2,0.0,0.0,0.0,0.0,0.0,0.0,0.0,5,0,0.6051282051282051,0.0,0.0,0.0,0.0,0.0,0.0,1
0.0,0.0,0.0,0.0,0.0,0.0,0.0,0.0,0.0,0.0,0.0,0.0,0.0,100.0,0.0,0.0,0.0,0.0,0.0,0.0,0.0,6,0,0.6051282051282051,0.0,0.0,0.0,0.0,0.0,0.0,1
0.0,0.0,0.0,0.0,0.0,0.0,0.0,0.0,0.0,0.0,0.0,0.0,0.0,100.0,0.0,0.0,0.0,0.0,0.0,0.0,0.0,7,0,0.6051282051282051,0.0,0.0,0.0,0.0,0.0,0.0,1
0.0,0.0,0.0,0.0,0.0,0.0,0.0,0.0,0.0,0.0,0.0,0.0,0.0,100.0,0.0,0.0,0.0,0.0,0.0,0.0,0.0,8,1,0.6051282051282051,0.0,0.0,0.0,0.0,0.0,0.0,1
106.0,5.0,1.229487532329486,0.0,0.0,0.0,0.0,0.0,0.0,0.0,0.0,0.0,0.0,100.0,0.0,0.0,0.0,0.0,48.0,526.0,2.0,9,1,0.6051282051282051,52.9999999999984,26.5,0.0,0.0,0.0,0.0,1
656.0,1.0,-1.000088900581841e-12,0.0,0.0,0.0,0.0,0.0,0.0,0.0,0.0,0.0,0.0,99.76666666666668,0.0,0.0,0.0,0.0,36.0,0.0,0.0,10,1,0.6051282051282051,350.24943492697673,354.0,0.0,0.0,0.0,0.0,1
662.0,4.0,0.4199590563506805,0.0,0.0,0.0,0.0,0.0,0.0,0.0,0.0,0.0,0.0,82.0,0.0,0.0,0.0,0.0,20.0,256.0,10.0,13,1,0.6051282051282051,22.56841450641064,694.0,405.6583127049989,349.0,0.0,0.0,1
486.0,6.0,1.3201963930570442,0.0,0.0,0.0,0.0,0.0,0.0,0.0,0.0,0.0,0.0,78.56521739130434,18.0,0.0,0.0,0.0,80.0,1986.0,16.0,14,1,0.6051282051282051,97.5209379227516,629.5,50.000000000000256,25.0,0.0,0.0,1
702.0,2.0,0.457373846027312,0.0,0.0,0.0,0.0,0.0,0.0,0.0,0.0,0.0,0.0,69.5,0.0,0.0,0.0,0.0,0.0,1072.0,0.0,15,1,0.6051282051282051,105.09043724335642,641.0,0.0,0.0,0.0,0.0,1
504.0,1.0,-1.000088900581841e-12,0.0,0.0,0.0,0.0,0.0,0.0,0.0,0.0,0.0,0.0,67.2,22.0,0.0,0.0,0.0,0.0,0.0,0.0,16,1,0.6051282051282051,95.6434350421737,634.5,0.0,0.0,0.0,0.0,1
0.0,0.0,0.0,0.0,0.0,0.0,0.0,0.0,0.0,0.0,0.0,0.0,0.0,66.5,18.0,0.0,0.0,0.0,0.0,0.0,0.0,17,1,0.6051282051282051,315.3347427734531,457.0,0.0,0.0,0.0,0.0,1
620.0,1.0,-1.000088900581841e-12,0.0,0.0,0.0,0.0,0.0,0.0,0.0,0.0,0.0,0.0,61.833333333333336,0.0,0.0,0.0,0.0,0.0,0.0,0.0,19,1,0.6051282051282051,276.55680549692954,406.5,0.0,0.0,0.0,0.0,1
632.0,2.0,0.171547967647131,0.0,0.0,0.0,0.0,0.0,0.0,0.0,0.0,0.0,0.0,59.833333333333336,0.0,0.0,0.0,0.0,24.0,24.0,14.0,20,1,0.6051282051282051,62.19324722186367,595.0,0.0,0.0,0.0,0.0,1
674.0,6.0,1.3805763701401914,0.0,0.0,0.0,0.0,0.0,0.0,0.0,0.0,0.0,0.0,56.23333333333333,0.0,0.0,0.0,0.0,50.0,2358.0,20.0,21,0,0.6051282051282051,21.72556098239704,646.0,0.0,0.0,0.0,0.0,1
668.0,4.0,0.8125886605310382,0.0,0.0,0.0,0.0,0.0,0.0,0.0,0.0,0.0,0.0,49.333333333333336,0.0,0.0,0.0,0.0,264.0,1658.0,80.0,22,0,0.6051282051282051,11.23981020005168,661.5,0.0,0.0,0.0,0.0,1
548.0,1.0,-1.000088900581841e-12,0.0,0.0,0.0,0.0,0.0,0.0,0.0,0.0,0.0,0.0,46.96551724137931,0.0,0.0,0.0,0.0,28.0,0.0,0.0,23,0,0.6051282051282051,53.26662494783377,624.0,0.0,0.0,0.0,0.0,1
696.0,6.0,1.4220871810399829,0.0,0.0,0.0,0.0,0.0,0.0,0.0,0.0,0.0,0.0,43.44827586206897,0.0,0.0,0.0,0.0,58.0,3826.0,22.0,0,0,0.6051282051282051,296.2408929683181,479.0,0.0,0.0,0.0,0.0,1
720.0,2.0,0.019124205150122,0.0,0.0,0.0,0.0,0.0,0.0,0.0,0.0,0.0,0.0,32.766666666666666,0.0,0.0,0.0,0.0,0.0,382.0,0.0,1,0,0.6051282051282051,333.84377583933855,544.5,0.0,0.0,0.0,0.0,1
418.0,4.0,1.2423301156994155,0.0,0.0,0.0,0.0,0.0,0.0,0.0,0.0,0.0,0.0,25.0,0.0,0.0,0.0,0.0,0.0,984.0,0.0,11,1,0.6051282051282051,148.07543122791563,597.5,0.0,0.0,0.0,0.0,1
718.0,6.0,0.843100004344865,0.0,0.0,0.0,0.0,0.0,0.0,0.0,0.0,0.0,0.0,43.96666666666667,0.0,0.0,0.0,0.0,2.0,1038.0,2.0,12,1,0.6051282051282051,144.852798845356,594.5,0.0,0.0,0.0,0.0,1
714.0,1.0,-1.000088900581841e-12,0.0,0.0,0.0,0.0,0.0,0.0,0.0,0.0,0.0,0.0,76.76666666666667,0.0,0.0,0.0,0.0,4.0,0.0,0.0,13,1,0.6051282051282051,4.725815626235844,714.5,0.0,0.0,0.0,0.0,1
718.0,8.0,1.5527698553599918,0.0,0.0,0.0,0.0,0.0,0.0,0.0,0.0,0.0,0.0,86.06666666666666,0.0,0.0,0.0,0.0,6.0,2364.0,6.0,14,1,0.6051282051282051,1.9999999999604088,717.0,0.0,0.0,0.0,0.0,1
646.0,3.0,0.938751500175741,0.0,0.0,0.0,0.0,0.0,0.0,0.0,0.0,0.0,0.0,82.63333333333334,0.0,0.0,0.0,0.0,12.0,344.0,10.0,15,1,0.6051282051282051,42.154477816714106,681.5,0.0,0.0,0.0,0.0,1
670.0,3.0,0.8972618672638524,0.0,0.0,0.0,0.0,0.0,0.0,0.0,0.0,0.0,0.0,78.26666666666667,0.0,0.0,0.0,0.0,12.0,120.0,12.0,16,1,0.6051282051282051,17.8138522878454,660.0,0.0,0.0,0.0,0.0,1
228.0,1.0,-1.000088900581841e-12,0.0,0.0,0.0,0.0,0.0,0.0,0.0,0.0,0.0,0.0,77.66666666666667,6.0,0.0,0.0,0.0,0.0,0.0,0.0,17,1,0.6051282051282051,216.37852635293208,550.5,0.0,0.0,0.0,0.0,2
662.0,2.0,0.649570890220943,0.0,0.0,0.0,0.0,0.0,0.0,0.0,0.0,0.0,0.0,75.4,0.0,0.0,0.0,0.0,60.0,20.0,10.0,18,1,0.6051282051282051,254.04986387190445,424.0,0.0,0.0,0.0,0.0,1
668.0,6.0,1.2853780096922112,0.0,0.0,0.0,0.0,0.0,0.0,0.0,0.0,0.0,0.0,71.7,0.0,0.0,8.0,2.0,30.0,348.0,26.0,19,1,0.6051282051282051,243.40090386027708,547.0,0.0,0.0,0.0,0.0,1
662.0,6.0,1.2375105488885465,0.0,0.0,0.0,0.0,0.0,0.0,0.0,0.0,0.0,0.0,64.13793103448276,0.0,0.0,0.0,4.0,36.0,430.0,4.0,20,1,0.6051282051282051,19.52775802116528,678.0,0.0,0.0,0.0,0.0,1
666.0,5.0,1.1288407077018563,0.0,0.0,0.0,0.0,0.0,0.0,0.0,0.0,0.0,0.0,60.86666666666667,0.0,0.0,0.0,0.0,54.0,268.0,16.0,21,0,0.6051282051282051,23.74166520416203,671.5,0.0,0.0,0.0,0.0,1
642.0,2.0,0.2247330239025548,0.0,0.0,0.0,0.0,0.0,0.0,0.0,0.0,0.0,0.0,58.6551724137931,0.0,0.0,0.0,0.0,40.0,394.0,10.0,22,0,0.6051282051282051,12.476644848135978,649.5,0.0,0.0,0.0,0.0,1
670.0,2.0,0.5819181977538666,0.0,0.0,0.0,0.0,0.0,0.0,0.0,0.0,0.0,0.0,54.66666666666666,0.0,0.0,0.0,0.0,48.0,468.0,30.0,23,0,0.6051282051282051,14.37590576856005,651.0,0.0,0.0,0.0,0.0,1
652.0,4.0,1.1079705782393503,0.0,0.0,0.0,0.0,0.0,0.0,0.0,0.0,0.0,0.0,52.23333333333333,0.0,0.0,0.0,0.0,18.0,1066.0,6.0,0,0,0.6051282051282051,11.590225767136058,654.5,0.0,0.0,0.0,0.0,1
718.0,1.0,-1.000088900581841e-12,0.0,0.0,0.0,0.0,0.0,0.0,0.0,0.0,0.0,0.0,42.06666666666667,0.0,0.0,0.0,0.0,0.0,2216.0,0.0,1,0,0.6051282051282051,41.19465984809017,682.5,0.0,0.0,0.0,0.0,1
88.0,1.0,-1.000088900581841e-12,0.0,0.0,0.0,0.0,0.0,0.0,0.0,0.0,0.0,0.0,34.0,0.0,0.0,0.0,0.0,0.0,0.0,0.0,2,0,0.6051282051282051,315.3347427734531,561.0,0.0,0.0,0.0,0.0,1
686.0,6.0,1.3523251969031644,0.0,0.0,0.0,0.0,0.0,0.0,0.0,0.0,0.0,0.0,96.0,0.0,0.0,0.0,0.0,30.0,996.0,10.0,12,1,0.6051282051282051,292.3485362827502,480.5,0.0,0.0,0.0,0.0,1
674.0,4.0,0.8629735761746242,0.0,0.0,0.0,0.0,0.0,0.0,0.0,0.0,0.0,0.0,90.6,0.0,0.0,0.0,0.0,24.0,562.0,20.0,13,1,0.6051282051282051,127.48333224386572,619.0,0.0,0.0,0.0,0.0,1
626.0,1.0,-1.000088900581841e-12,0.0,0.0,0.0,0.0,0.0,0.0,0.0,0.0,0.0,0.0,86.0,0.0,0.0,0.0,0.0,12.0,0.0,0.0,14,1,0.6051282051282051,31.890437438201648,671.5,0.0,0.0,0.0,0.0,1
706.0,7.0,1.2404721449792957,0.0,0.0,0.0,0.0,0.0,0.0,0.0,0.0,0.0,0.0,79.36666666666666,0.0,0.0,0.0,0.0,36.0,1176.0,20.0,15,1,0.6051282051282051,36.58779395736397,680.0,0.0,0.0,0.0,0.0,1
670.0,2.0,0.4833972488523864,0.0,0.0,0.0,0.0,0.0,0.0,0.0,0.0,0.0,0.0,73.53333333333333,0.0,0.0,0.0,0.0,12.0,764.0,12.0,16,1,0.6051282051282051,19.866219234331417,682.0,0.0,0.0,0.0,0.0,1
660.0,2.0,0.1562101710598828,0.0,0.0,0.0,0.0,0.0,0.0,0.0,0.0,0.0,0.0,67.83333333333333,0.0,0.0,0.0,0.0,24.0,104.0,12.0,17,1,0.6051282051282051,4.434711565200138,664.5,0.0,0.0,0.0,0.0,1
650.0,5.0,0.9074843061074164,0.0,0.0,0.0,0.0,0.0,0.0,0.0,0.0,0.0,0.0,63.6,0.0,0.0,0.0,0.0,54.0,74.0,18.0,18,1,0.6051282051282051,14.282856857080551,665.0,0.0,0.0,0.0,0.0,1
660.0,6.0,1.2303503502771185,0.0,0.0,0.0,0.0,0.0,0.0,0.0,0.0,0.0,0.0,60.3,0.0,0.0,0.0,0.0,30.0,424.0,20.0,19,1,0.6051282051282051,14.27118308573328,664.5,0.0,0.0,0.0,0.0,1
714.0,2.0,0.019261439527435,0.0,0.0,0.0,0.0,0.0,0.0,0.0,0.0,0.0,0.0,35.86666666666667,0.0,0.0,0.0,0.0,0.0,122.0,0.0,20,1,0.6051282051282051,30.06659275674336,688.0,0.0,0.0,20.0,10.0,1
632.0,2.0,0.6805763907258195,0.0,0.0,0.0,0.0,0.0,0.0,0.0,0.0,0.0,0.0,31.433333333333334,0.0,0.0,0.0,0.0,12.0,60.0,6.0,21,0,0.6051282051282051,46.216880033163775,674.0,0.0,0.0,20.0,10.0,1
668.0,4.0,0.6303755782785536,0.0,0.0,0.0,0.0,0.0,0.0,0.0,0.0,0.0,0.0,29.1,0.0,0.0,0.0,0.0,6.0,186.0,4.0,22,0,0.6051282051282051,18.788294228051992,640.5,0.0,0.0,0.0,0.0,1
652.0,3.0,0.2384700100802769,0.0,0.0,0.0,0.0,0.0,0.0,0.0,0.0,0.0,0.0,27.33333333333333,0.0,0.0,0.0,0.0,66.0,282.0,20.0,23,0,0.6051282051282051,17.387735140989047,649.5,0.0,0.0,0.0,0.0,1
656.0,5.0,0.9600510552806792,0.0,0.0,0.0,0.0,0.0,0.0,0.0,0.0,0.0,0.0,98.92857142857144,0.0,0.0,0.0,0.0,26.0,2006.0,10.0,12,1,0.6051282051282051,274.98060537669414,556.5,0.0,0.0,0.0,0.0,1
698.0,5.0,1.1617770138513768,0.0,0.0,0.0,0.0,0.0,0.0,0.0,0.0,0.0,0.0,91.03571428571428,0.0,0.0,0.0,0.0,14.0,1170.0,14.0,13,1,0.6051282051282051,270.0962791302388,550.0,0.0,0.0,0.0,0.0,1
676.0,4.0,0.8267848683808958,0.0,0.0,0.0,0.0,0.0,0.0,0.0,0.0,0.0,0.0,88.4,0.0,0.0,0.0,0.0,72.0,616.0,18.0,14,1,0.6051282051282051,26.95675549220505,679.0,0.0,0.0,0.0,0.0,1
714.0,2.0,0.1654434960842749,0.0,0.0,0.0,0.0,0.0,0.0,0.0,0.0,0.0,0.0,79.8,0.0,0.0,0.0,0.0,24.0,252.0,8.0,15,1,0.6051282051282051,35.7537876781355,687.5,0.0,0.0,0.0,0.0,1
658.0,6.0,0.8880679348779603,0.0,0.0,0.0,0.0,0.0,0.0,0.0,0.0,0.0,0.0,74.10344827586206,0.0,0.0,0.0,0.0,32.0,520.0,22.0,16,1,0.6051282051282051,27.97022226106176,699.5,0.0,0.0,0.0,0.0,1
644.0,3.0,0.7061215449277549,0.0,0.0,0.0,0.0,0.0,0.0,0.0,0.0,0.0,0.0,71.73333333333333,0.0,0.0,0.0,0.0,60.0,164.0,24.0,17,1,0.6051282051282051,32.30583022716689,661.5,0.0,0.0,0.0,0.0,1
654.0,5.0,1.164897284676333,0.0,0.0,0.0,0.0,0.0,0.0,0.0,0.0,0.0,0.0,70.1,0.0,0.0,12.0,0.0,36.0,922.0,8.0,18,1,0.6051282051282051,14.364307617605396,638.5,0.0,0.0,0.0,0.0,1
700.0,4.0,0.8196410988680889,0.0,0.0,0.0,0.0,0.0,0.0,0.0,0.0,0.0,0.0,62.241379310344826,0.0,0.0,0.0,0.0,24.0,1538.0,10.0,19,1,0.6051282051282051,40.045807104696095,669.5,0.0,0.0,0.0,0.0,1
712.0,5.0,0.8159246454358842,0.0,0.0,0.0,0.0,0.0,0.0,0.0,0.0,0.0,0.0,53.4,0.0,0.0,0.0,0.0,12.0,2156.0,8.0,20,1,0.6051282051282051,12.688577540444053,699.5,0.0,0.0,0.0,0.0,1
704.0,5.0,0.8852000970024071,0.0,0.0,0.0,0.0,0.0,0.0,0.0,0.0,0.0,0.0,44.66666666666666,0.0,0.0,0.0,0.0,24.0,2074.0,8.0,21,0,0.6051282051282051,20.157711510317696,691.5,0.0,0.0,0.0,0.0,1
634.0,1.0,-1.000088900581841e-12,0.0,0.0,0.0,0.0,0.0,0.0,0.0,0.0,0.0,0.0,41.0,0.0,0.0,0.0,0.0,12.0,32.0,6.0,22,0,0.6051282051282051,33.95585369269724,659.5,0.0,0.0,0.0,0.0,1
700.0,5.0,1.0816299815302823,0.0,0.0,0.0,0.0,0.0,0.0,0.0,0.0,0.0,0.0,37.43333333333333,0.0,0.0,0.0,0.0,48.0,2220.0,10.0,23,0,0.6051282051282051,34.42382895611498,648.5,0.0,0.0,0.0,0.0,1
252.0,1.0,-1.000088900581841e-12,0.0,0.0,0.0,0.0,0.0,0.0,0.0,0.0,0.0,10.0,18.7,0.0,0.0,0.0,0.0,0.0,1388.0,0.0,0,0,0.6051282051282051,218.05198157014425,574.0,0.0,0.0,0.0,0.0,1
614.0,1.0,-1.000088900581841e-12,0.0,0.0,0.0,0.0,0.0,0.0,0.0,0.0,0.0,0.0,76.26666666666667,0.0,0.0,0.0,0.0,0.0,0.0,0.0,2,0,0.6051282051282051,143.79035665393744,616.5,0.0,0.0,0.0,0.0,1
0.0,0.0,0.0,0.0,0.0,0.0,0.0,0.0,0.0,0.0,0.0,0.0,0.0,89.2,0.0,0.0,0.0,0.0,0.0,0.0,0.0,3,0,0.6051282051282051,386.85225431250433,333.0,0.0,0.0,0.0,0.0,1
0.0,0.0,0.0,0.0,0.0,0.0,0.0,0.0,0.0,0.0,0.0,0.0,0.0,100.0,0.0,0.0,0.0,0.0,0.0,0.0,0.0,4,0,0.6051282051282051,0.0,0.0,0.0,0.0,0.0,0.0,1
0.0,0.0,0.0,0.0,0.0,0.0,0.0,0.0,0.0,0.0,0.0,0.0,0.0,100.0,0.0,0.0,0.0,0.0,0.0,0.0,0.0,5,0,0.6051282051282051,0.0,0.0,0.0,0.0,0.0,0.0,1
0.0,0.0,0.0,0.0,0.0,0.0,0.0,0.0,0.0,0.0,0.0,0.0,0.0,100.0,0.0,0.0,0.0,0.0,0.0,0.0,0.0,6,0,0.6051282051282051,0.0,0.0,0.0,0.0,0.0,0.0,1
0.0,0.0,0.0,0.0,0.0,0.0,0.0,0.0,0.0,0.0,0.0,0.0,0.0,100.0,0.0,0.0,0.0,0.0,0.0,0.0,0.0,7,0,0.6051282051282051,0.0,0.0,0.0,0.0,0.0,0.0,1
0.0,0.0,0.0,0.0,0.0,0.0,0.0,0.0,0.0,0.0,0.0,0.0,0.0,100.0,0.0,0.0,0.0,0.0,0.0,0.0,0.0,8,1,0.6051282051282051,0.0,0.0,0.0,0.0,0.0,0.0,1
0.0,0.0,0.0,0.0,0.0,0.0,0.0,0.0,0.0,0.0,0.0,0.0,0.0,100.0,0.0,0.0,0.0,0.0,0.0,0.0,0.0,9,1,0.6051282051282051,0.0,0.0,0.0,0.0,0.0,0.0,1
0.0,0.0,0.0,0.0,0.0,0.0,0.0,0.0,0.0,0.0,0.0,0.0,0.0,100.0,0.0,0.0,0.0,0.0,0.0,0.0,0.0,10,1,0.6051282051282051,0.0,0.0,0.0,0.0,0.0,0.0,1
712.0,3.0,0.483666851320377,0.0,0.0,0.0,0.0,0.0,0.0,0.0,0.0,0.0,0.0,96.96666666666668,0.0,0.0,0.0,0.0,42.0,904.0,22.0,11,1,0.6051282051282051,374.1514844729781,320.0,0.0,0.0,0.0,0.0,1
670.0,5.0,1.2130587348358348,0.0,0.0,0.0,0.0,0.0,0.0,0.0,0.0,0.0,0.0,91.1,0.0,0.0,0.0,0.0,42.0,1568.0,24.0,12,1,0.6051282051282051,62.80923498976748,658.5,0.0,0.0,0.0,0.0,1
708.0,9.0,1.678638084391126,0.0,0.0,0.0,0.0,0.0,0.0,0.0,0.0,0.0,0.0,84.34482758620689,0.0,0.0,0.0,0.0,32.0,2656.0,20.0,13,1,0.6051282051282051,21.93931022920198,695.0,0.0,0.0,0.0,0.0,1
634.0,3.0,0.3122616847682561,0.0,0.0,0.0,0.0,0.0,0.0,0.0,0.0,0.0,0.0,80.82758620689656,0.0,0.0,0.0,0.0,16.0,300.0,8.0,14,1,0.6051282051282051,40.869711686445335,678.5,0.0,0.0,0.0,0.0,1
710.0,10.0,1.9219659365541435,0.0,0.0,0.0,0.0,0.0,0.0,0.0,0.0,0.0,0.0,74.56666666666666,0.0,0.0,0.0,0.0,48.0,2978.0,18.0,15,1,0.6051282051282051,36.8600958580753,675.0,0.0,0.0,0.0,0.0,1
684.0,3.0,0.9382864569830642,0.0,0.0,0.0,0.0,0.0,0.0,0.0,0.0,0.0,0.0,68.46666666666667,0.0,0.0,0.0,0.0,64.0,1628.0,20.0,16,1,0.6051282051282051,11.120551545067368,697.5,0.0,0.0,0.0,0.0,1
712.0,9.0,1.4512585906966664,0.0,0.0,0.0,0.0,0.0,0.0,0.0,0.0,0.0,0.0,62.86666666666667,0.0,0.0,0.0,0.0,32.0,7250.0,0.0,17,1,0.6051282051282051,14.87727573627534,692.0,0.0,0.0,0.0,0.0,1
628.0,1.0,-1.000088900581841e-12,0.0,0.0,0.0,0.0,0.0,0.0,0.0,0.0,0.0,0.0,58.0,0.0,0.0,0.0,0.0,0.0,0.0,0.0,18,1,0.6051282051282051,34.770677301425025,670.5,0.0,0.0,0.0,0.0,1
624.0,1.0,-1.000088900581841e-12,0.0,0.0,0.0,0.0,0.0,0.0,0.0,0.0,0.0,0.0,56.9,0.0,0.0,0.0,0.0,0.0,0.0,0.0,19,1,0.6051282051282051,17.999999999995367,639.0,0.0,0.0,0.0,0.0,1
630.0,1.0,-1.000088900581841e-12,0.0,0.0,0.0,0.0,0.0,0.0,0.0,0.0,0.0,0.0,55.06666666666667,0.0,0.0,0.0,0.0,36.0,0.0,0.0,20,1,0.6051282051282051,6.60807586718703,631.5,0.0,0.0,0.0,0.0,1
652.0,4.0,0.4720618450410984,0.0,0.0,0.0,0.0,0.0,0.0,0.0,0.0,0.0,0.0,53.0,0.0,0.0,0.0,0.0,54.0,600.0,12.0,21,0,0.6051282051282051,94.52336571804084,591.0,0.0,0.0,0.0,0.0,1
652.0,2.0,0.2135923973217877,0.0,0.0,0.0,0.0,0.0,0.0,0.0,0.0,0.0,0.0,48.06666666666667,0.0,0.0,0.0,0.0,0.0,284.0,0.0,22,0,0.6051282051282051,101.33771920333102,602.0,0.0,0.0,0.0,0.0,1
716.0,6.0,0.7563694697185384,0.0,0.0,0.0,0.0,0.0,0.0,0.0,0.0,0.0,0.0,41.66666666666666,0.0,0.0,0.0,0.0,0.0,3808.0,0.0,23,0,0.6051282051282051,29.97776954122005,676.0,0.0,0.0,0.0,0.0,1
502.0,1.0,-1.000088900581841e-12,0.0,0.0,0.0,0.0,0.0,0.0,0.0,0.0,0.0,0.0,32.1,0.0,0.0,0.0,0.0,0.0,276.0,0.0,0,0,0.6051282051282051,102.9999999999992,654.5,0.0,0.0,0.0,0.0,1
438.0,1.0,-1.000088900581841e-12,0.0,0.0,0.0,0.0,0.0,0.0,0.0,0.0,0.0,0.0,18.666666666666668,0.0,0.0,0.0,0.0,0.0,1818.0,0.0,1,0,0.6051282051282051,119.80400661079676,553.5,0.0,0.0,0.0,0.0,1
704.0,5.0,0.8851556081244354,0.0,0.0,0.0,0.0,0.0,0.0,0.0,0.0,0.0,0.0,98.34482758620688,0.0,0.0,0.0,0.0,48.0,1070.0,10.0,12,1,0.6051282051282051,270.82589733381576,442.0,0.0,0.0,0.0,0.0,1
620.0,1.0,-1.000088900581841e-12,0.0,0.0,0.0,0.0,0.0,0.0,0.0,0.0,0.0,0.0,94.4,0.0,0.0,0.0,0.0,0.0,0.0,0.0,13,1,0.6051282051282051,296.6794004757771,512.0,0.0,0.0,0.0,0.0,1
362.0,1.0,-1.000088900581841e-12,0.0,0.0,0.0,0.0,0.0,0.0,0.0,0.0,0.0,0.0,92.46666666666668,0.0,0.0,0.0,0.0,36.0,302.0,8.0,14,1,0.6051282051282051,243.50975339809256,442.5,0.0,0.0,0.0,0.0,1
694.0,1.0,-1.000088900581841e-12,0.0,0.0,0.0,0.0,0.0,0.0,0.0,0.0,0.0,0.0,84.86666666666666,0.0,0.0,0.0,0.0,6.0,354.0,4.0,15,1,0.6051282051282051,274.8963441008262,472.0,0.0,0.0,0.0,0.0,1
718.0,3.0,0.1989919139625744,0.0,0.0,0.0,0.0,0.0,0.0,0.0,0.0,0.0,0.0,77.1,0.0,0.0,0.0,0.0,6.0,340.0,4.0,16,1,0.6051282051282051,23.18045153428185,693.0,0.0,0.0,0.0,0.0,1
674.0,3.0,0.4344135222471897,0.0,0.0,0.0,0.0,0.0,0.0,0.0,0.0,0.0,0.0,70.93333333333334,0.0,0.0,0.0,0.0,18.0,852.0,10.0,17,1,0.6051282051282051,24.076267706322824,684.5,0.0,0.0,0.0,0.0,1
682.0,7.0,1.292537231909784,0.0,0.0,0.0,0.0,0.0,0.0,0.0,0.0,0.0,0.0,62.93333333333333,0.0,0.0,0.0,0.0,20.0,1158.0,4.0,18,1,0.6051282051282051,5.887840577539721,682.0,0.0,0.0,0.0,0.0,1
628.0,1.0,-1.000088900581841e-12,0.0,0.0,0.0,0.0,0.0,0.0,0.0,0.0,0.0,0.0,60.1,0.0,0.0,0.0,0.0,0.0,0.0,0.0,19,1,0.6051282051282051,27.64054992216792,663.0,0.0,0.0,0.0,0.0,1
628.0,2.0,0.0385544860410356,0.0,0.0,0.0,0.0,0.0,0.0,0.0,0.0,0.0,0.0,58.0,0.0,0.0,0.0,0.0,10.0,48.0,0.0,20,1,0.6051282051282051,12.328828005932094,636.0,0.0,0.0,0.0,0.0,1
692.0,6.0,1.3743010796837891,0.0,0.0,0.0,0.0,0.0,0.0,0.0,0.0,0.0,0.0,54.51724137931034,0.0,0.0,0.0,0.0,58.0,4200.0,34.0,21,0,0.6051282051282051,28.953986484302785,652.5,0.0,0.0,0.0,0.0,1
