466.0,3.0,0.7483572474570666,0.0,0.0,0.0,0.0,0.0,0.0,0.0,0.0,0.0,0.0,100.0,0.0,0.0,0.0,0.0,2.0,0.0,2.0,8,1,0.7831168831168831,0.0,466.0,0.0,0.0,0.0,0.0,2
692.0,4.0,0.7448411541552423,0.0,0.0,0.0,0.0,0.0,0.0,0.0,0.0,0.0,0.0,100.0,0.0,0.0,0.0,0.0,6.0,0.0,6.0,9,1,0.7831168831168831,159.80613254815975,579.0,0.0,0.0,0.0,0.0,2
698.0,8.0,1.053232807665114,0.0,0.0,0.0,0.0,0.0,0.0,0.0,0.0,0.0,0.0,100.0,0.0,0.0,0.0,0.0,10.0,0.0,10.0,9,1,0.7831168831168831,132.2472431974797,618.6666666666666,0.0,0.0,0.0,0.0,2
698.0,5.0,1.047603648120728,0.0,0.0,0.0,0.0,0.0,0.0,0.0,0.0,0.0,0.0,100.0,0.0,2.0,0.0,2.0,10.0,0.0,8.0,10,1,0.7831168831168831,115.03477735015616,638.5,0.0,0.0,0.0,0.0,2
604.0,2.0,0.0704302080248892,0.0,0.0,0.0,0.0,0.0,0.0,0.0,0.0,0.0,0.0,100.0,0.0,0.0,0.0,0.0,10.0,0.0,8.0,10,1,0.7831168831168831,46.08687448721168,673.0,0.0,0.0,0.0,0.0,2
204.0,2.0,0.0965089607339473,0.0,0.0,0.0,0.0,0.0,0.0,0.0,0.0,0.0,0.0,99.85714285714286,0.0,0.0,0.0,0.0,4.0,0.0,2.0,11,1,0.7831168831168831,235.53909795757195,551.0,0.0,0.0,0.0,0.0,2
374.0,2.0,0.0333071125175308,0.0,0.0,0.0,0.0,0.0,0.0,0.0,0.0,0.0,0.0,98.47368421052632,0.0,0.0,0.0,0.0,8.0,0.0,6.0,11,1,0.7831168831168831,223.54119679975472,470.0,0.0,0.0,0.0,0.0,2
506.0,4.0,0.9630981113994168,0.0,0.0,0.0,0.0,0.0,0.0,0.0,0.0,0.0,0.0,96.0,0.0,0.0,0.0,0.0,8.0,0.0,6.0,12,1,0.7831168831168831,173.21277858941778,422.0,0.0,0.0,0.0,0.0,2
712.0,5.0,0.7733011208035707,0.0,0.0,0.0,0.0,0.0,0.0,0.0,0.0,0.0,0.0,92.8,0.0,0.0,0.0,0.0,10.0,0.0,10.0,12,1,0.7831168831168831,214.52894132649485,449.0,0.0,0.0,0.0,0.0,2
714.0,4.0,0.969081959469549,0.0,0.0,0.0,0.0,0.0,0.0,0.0,0.0,0.0,0.0,88.2,0.0,0.0,0.0,0.0,8.0,0.0,8.0,13,1,0.7831168831168831,166.57630883972269,576.5,0.0,0.0,0.0,0.0,2
642.0,6.0,1.1680753351744744,0.0,0.0,0.0,0.0,0.0,0.0,0.0,0.0,0.0,0.0,82.32142857142857,0.0,0.0,0.0,0.0,14.0,0.0,10.0,13,1,0.7831168831168831,97.58927536705389,643.5,0.0,0.0,0.0,0.0,3
720.0,6.0,0.985813014373323,0.0,28.0,0.0,0.0,0.0,0.0,0.0,0.0,0.0,0.0,73.83333333333333,0.0,0.0,0.0,0.0,4.0,0.0,4.0,14,1,0.7831168831168831,36.82390527904397,697.0,14.0,7.0,0.0,0.0,3
714.0,13.0,1.9136477066492628,0.0,68.0,0.0,0.0,0.0,0.0,0.0,0.0,0.0,0.0,62.310344827586206,0.0,4.0,0.0,4.0,6.0,0.0,6.0,14,1,0.7831168831168831,37.10795063055898,697.5,32.16623488483951,24.0,0.0,0.0,3
614.0,5.0,0.9352071603830056,0.0,0.0,0.0,0.0,0.0,0.0,0.0,0.0,0.0,0.0,53.16,0.0,0.0,0.0,0.0,6.0,0.0,4.0,15,1,0.7831168831168831,52.69724850502161,672.5,32.16623488483951,24.0,0.0,0.0,3
150.0,3.0,0.2897974712589191,0.0,0.0,0.0,0.0,0.0,0.0,0.0,0.0,0.0,0.0,51.0,0.0,0.0,0.0,0.0,8.0,0.0,2.0,15,1,0.7831168831168831,270.7341869805141,549.5,32.16623488483951,24.0,0.0,0.0,2
462.0,3.0,0.2534874080215831,0.0,0.0,0.0,0.0,0.0,0.0,0.0,0.0,0.0,0.0,49.13636363636363,0.0,0.0,0.0,0.0,8.0,0.0,2.0,16,1,0.7831168831168831,246.1950446292533,485.0,34.0,17.0,0.0,0.0,2
480.0,4.0,0.4210444527786531,0.0,0.0,0.0,0.0,0.0,0.0,0.0,0.0,0.0,0.0,46.31818181818182,0.0,0.0,0.0,0.0,16.0,0.0,4.0,16,1,0.7831168831168831,196.4102848630896,426.5,0.0,0.0,0.0,0.0,2
650.0,5.0,1.061725902295362,0.0,0.0,0.0,0.0,0.0,0.0,0.0,0.0,0.0,0.0,43.82142857142857,0.0,0.0,0.0,0.0,16.0,0.0,6.0,17,1,0.7831168831168831,208.32906662297512,435.5,0.0,0.0,0.0,0.0,2
430.0,6.0,0.9505330161491722,0.0,0.0,0.0,0.0,0.0,0.0,0.0,0.0,0.0,0.0,35.5,0.0,0.0,0.0,0.0,0.0,0.0,0.0,17,1,0.7831168831168831,98.52749193330092,505.5,0.0,0.0,0.0,0.0,2
168.0,4.0,0.490608868515652,0.0,0.0,0.0,0.0,0.0,0.0,0.0,0.0,0.0,0.0,33.166666666666664,0.0,0.0,0.0,0.0,10.0,0.0,4.0,18,1,0.7831168831168831,199.60627912635084,432.0,0.0,0.0,0.0,0.0,2
692.0,6.0,1.2097003451687718,0.0,0.0,0.0,0.0,0.0,0.0,0.0,0.0,0.0,0.0,28.933333333333334,0.0,0.0,0.0,0.0,40.0,0.0,18.0,18,1,0.7831168831168831,240.5465997819688,485.0,0.0,0.0,0.0,0.0,2
712.0,4.0,0.5265713648647555,0.0,0.0,0.0,0.0,0.0,0.0,0.0,0.0,0.0,12.0,22.3,0.0,0.0,0.0,0.0,12.0,0.0,4.0,19,1,0.7831168831168831,256.2102001612478,500.5,0.0,0.0,0.0,0.0,2
720.0,5.0,1.379851435277592,0.0,0.0,0.0,0.0,0.0,0.0,0.0,0.0,0.0,0.0,30.933333333333334,0.0,0.0,0.0,0.0,12.0,0.0,4.0,19,1,0.7831168831168831,270.2566681261846,573.0,0.0,0.0,0.0,0.0,2
718.0,3.0,0.6048582925103481,0.0,0.0,0.0,0.0,0.0,0.0,0.0,0.0,0.0,0.0,43.266666666666666,0.0,0.0,0.0,0.0,0.0,0.0,0.0,20,1,0.7831168831168831,12.793227374930703,710.5,0.0,0.0,0.0,0.0,2
574.0,4.0,0.7805515479429143,0.0,0.0,0.0,0.0,0.0,0.0,0.0,0.0,0.0,0.0,50.30769230769231,0.0,0.0,0.0,0.0,84.0,0.0,12.0,20,1,0.7831168831168831,71.41428428542855,681.0,0.0,0.0,0.0,0.0,2
12.0,1.0,-1.000088900581841e-12,0.0,0.0,0.0,0.0,0.0,0.0,0.0,0.0,0.0,0.0,48.0,0.0,0.0,0.0,0.0,0.0,0.0,0.0,21,0,0.7831168831168831,336.3529891844776,506.0,0.0,0.0,0.0,0.0,2
550.0,5.0,1.1801026269181063,0.0,0.0,0.0,0.0,0.0,0.0,0.0,0.0,0.0,0.0,44.708333333333336,0.0,0.0,0.0,0.0,48.0,0.0,10.0,21,0,0.7831168831168831,310.0080644112344,463.5,0.0,0.0,0.0,0.0,2
332.0,4.0,1.0736359849143042,0.0,0.0,0.0,0.0,0.0,0.0,0.0,0.0,0.0,0.0,39.94117647058823,0.0,0.0,0.0,0.0,12.0,0.0,6.0,22,0,0.7831168831168831,260.50463847437857,367.0,0.0,0.0,0.0,0.0,2
26.0,2.0,0.4293230219286162,0.0,0.0,0.0,0.0,0.0,0.0,0.0,0.0,0.0,0.0,38.66666666666666,0.0,0.0,0.0,0.0,12.0,0.0,2.0,22,0,0.7831168831168831,259.4507018041514,230.0,0.0,0.0,0.0,0.0,2
338.0,4.0,0.8187433719159294,0.0,0.0,0.0,0.0,0.0,0.0,0.0,0.0,0.0,0.0,36.53333333333333,0.0,0.0,0.0,0.0,12.0,0.0,4.0,23,0,0.7831168831168831,215.65017968923647,311.5,0.0,0.0,0.0,0.0,2
150.0,1.0,-1.000088900581841e-12,0.0,0.0,0.0,0.0,0.0,0.0,0.0,0.0,0.0,0.0,100.0,0.0,0.0,0.0,0.0,0.0,0.0,0.0,8,1,0.7831168831168831,151.3439790675533,211.5,0.0,0.0,0.0,0.0,2
688.0,1.0,-1.000088900581841e-12,0.0,0.0,0.0,0.0,0.0,0.0,0.0,0.0,0.0,0.0,100.0,0.0,0.0,0.0,0.0,0.0,0.0,0.0,8,1,0.7831168831168831,288.4227221747043,300.5,0.0,0.0,0.0,0.0,2
690.0,4.0,0.7599673737812522,0.0,0.0,0.0,0.0,0.0,0.0,0.0,0.0,0.0,0.0,100.0,0.0,0.0,0.0,0.0,6.0,0.0,6.0,9,1,0.7831168831168831,268.14113199333417,466.5,0.0,0.0,0.0,0.0,2
702.0,7.0,1.3399859542809909,0.0,0.0,0.0,0.0,0.0,0.0,0.0,0.0,0.0,0.0,100.0,0.0,0.0,0.0,0.0,28.0,0.0,20.0,9,1,0.7831168831168831,271.7370052090808,557.5,0.0,0.0,0.0,0.0,2
712.0,6.0,1.594880010185885,0.0,0.0,0.0,0.0,0.0,0.0,0.0,0.0,0.0,0.0,99.93333333333334,0.0,0.0,0.0,0.0,32.0,0.0,22.0,10,1,0.7831168831168831,11.195237082497624,698.0,0.0,0.0,0.0,0.0,2
448.0,6.0,1.018788476397509,0.0,0.0,0.0,0.0,0.0,0.0,0.0,0.0,0.0,0.0,97.6818181818182,0.0,0.0,0.0,0.0,14.0,0.0,8.0,10,1,0.7831168831168831,126.98556348393834,638.0,0.0,0.0,0.0,0.0,2
602.0,6.0,1.3875132998153354,0.0,0.0,0.0,0.0,0.0,0.0,0.0,0.0,0.0,0.0,93.0,0.0,0.0,0.0,0.0,48.0,0.0,16.0,11,1,0.7831168831168831,122.51802588462918,616.0,0.0,0.0,0.0,0.0,2
448.0,4.0,0.6691166018714239,0.0,0.0,0.0,0.0,0.0,0.0,0.0,0.0,0.0,0.0,88.9090909090909,0.0,0.0,0.0,0.0,24.0,0.0,8.0,11,1,0.7831168831168831,128.75169901791588,552.5,0.0,0.0,0.0,0.0,2
598.0,4.0,0.4917178289588101,0.0,0.0,0.0,0.0,0.0,0.0,0.0,0.0,0.0,0.0,86.66666666666667,0.0,0.0,0.0,0.0,48.0,0.0,24.0,12,1,0.7831168831168831,87.77243302996678,524.0,0.0,0.0,0.0,0.0,2
544.0,5.0,0.6986529947578526,0.0,0.0,0.0,0.0,0.0,0.0,0.0,0.0,0.0,0.0,84.20833333333333,0.0,0.0,0.0,0.0,42.0,0.0,22.0,12,1,0.7831168831168831,71.72168430816444,548.0,0.0,0.0,0.0,0.0,2
674.0,6.0,1.006996728030247,0.0,0.0,0.0,0.0,0.0,0.0,0.0,0.0,0.0,0.0,77.62068965517241,0.0,0.0,0.0,0.0,6.0,0.0,2.0,13,1,0.7831168831168831,95.0368349641338,566.0,0.0,0.0,0.0,0.0,2
346.0,6.0,1.078378413047432,0.0,0.0,0.0,0.0,0.0,0.0,0.0,0.0,0.0,0.0,71.55555555555556,0.0,0.0,0.0,0.0,6.0,0.0,2.0,13,1,0.7831168831168831,140.20342363865444,540.5,0.0,0.0,0.0,0.0,2
576.0,6.0,1.4073915539857942,0.0,0.0,0.0,0.0,0.0,0.0,0.0,0.0,0.0,0.0,64.72,0.0,0.0,0.0,0.0,48.0,0.0,24.0,14,1,0.7831168831168831,137.60329453420317,535.0,0.0,0.0,0.0,0.0,2
692.0,7.0,1.3602167968056,0.0,0.0,0.0,0.0,0.0,0.0,0.0,0.0,0.0,0.0,58.03333333333333,0.0,0.0,0.0,0.0,38.0,0.0,16.0,14,1,0.7831168831168831,159.05554585322284,572.0,0.0,0.0,0.0,0.0,2
668.0,5.0,1.1829618878689725,0.0,0.0,0.0,0.0,0.0,0.0,0.0,0.0,0.0,0.0,49.72413793103448,0.0,0.0,0.0,0.0,60.0,0.0,24.0,15,1,0.7831168831168831,157.79628216997597,570.5,0.0,0.0,0.0,0.0,2
716.0,7.0,1.1722109310053694,0.0,0.0,0.0,0.0,0.0,0.0,0.0,0.0,0.0,0.0,43.2,0.0,0.0,0.0,0.0,30.0,0.0,6.0,15,1,0.7831168831168831,61.22091146005588,663.0,0.0,0.0,0.0,0.0,2
718.0,6.0,0.8525242369799743,0.0,0.0,0.0,0.0,0.0,0.0,0.0,0.0,0.0,0.0,32.6,0.0,0.0,0.0,0.0,60.0,0.0,18.0,16,1,0.7831168831168831,23.51595203260972,698.5,0.0,0.0,0.0,0.0,2
514.0,5.0,0.8324892472516713,0.0,0.0,0.0,0.0,0.0,0.0,0.0,0.0,0.0,0.0,23.791666666666668,0.0,0.0,0.0,0.0,0.0,0.0,0.0,16,1,0.7831168831168831,96.15265640289576,654.0,0.0,0.0,0.0,0.0,2
702.0,3.0,0.6489377578475776,0.0,0.0,0.0,0.0,0.0,0.0,0.0,0.0,0.0,0.0,21.1,0.0,0.0,0.0,0.0,30.0,0.0,6.0,17,1,0.7831168831168831,99.2555623966066,662.5,0.0,0.0,0.0,0.0,2
462.0,3.0,0.5885893646958924,0.0,0.0,0.0,0.0,0.0,0.0,0.0,0.0,0.0,0.0,14.666666666666666,0.0,0.0,0.0,0.0,10.0,0.0,2.0,17,1,0.7831168831168831,130.08202540448596,599.0,0.0,0.0,0.0,0.0,2
518.0,3.0,0.4181700163424617,0.0,0.0,0.0,0.0,0.0,0.0,0.0,0.0,0.0,0.0,13.956521739130435,0.0,0.0,0.0,0.0,30.0,0.0,10.0,18,1,0.7831168831168831,105.14117493478312,549.0,0.0,0.0,0.0,0.0,2
28.0,3.0,0.6559757323335467,0.0,0.0,0.0,0.0,0.0,0.0,0.0,0.0,0.0,8.0,13.0,0.0,0.0,0.0,0.0,32.0,0.0,12.0,18,1,0.7831168831168831,285.3833678872451,427.5,0.0,0.0,0.0,0.0,2
538.0,5.0,0.6817054495272566,0.0,0.0,0.0,0.0,0.0,0.0,0.0,0.0,0.0,8.0,21.318181818181817,0.0,0.0,0.0,0.0,48.0,0.0,12.0,19,1,0.7831168831168831,241.1548603422014,386.5,0.0,0.0,0.0,0.0,2
718.0,8.0,1.2929136041201343,0.0,0.0,0.0,0.0,0.0,0.0,0.0,0.0,0.0,0.0,35.166666666666664,0.0,0.0,0.0,0.0,40.0,0.0,6.0,19,1,0.7831168831168831,295.6771888394504,450.5,0.0,0.0,0.0,0.0,2
718.0,1.0,-1.000088900581841e-12,0.0,0.0,0.0,0.0,0.0,0.0,0.0,0.0,0.0,0.0,52.6,0.0,0.0,0.0,0.0,0.0,0.0,0.0,20,1,0.7831168831168831,326.2284475639732,500.5,0.0,0.0,0.0,0.0,2
718.0,5.0,1.1323409819534305,0.0,0.0,0.0,0.0,0.0,0.0,0.0,0.0,0.0,0.0,67.5,0.0,0.0,0.0,0.0,10.0,0.0,4.0,20,1,0.7831168831168831,90.0,673.0,0.0,0.0,0.0,0.0,2
718.0,8.0,1.4274153351387024,0.0,0.0,0.0,0.0,0.0,0.0,0.0,0.0,0.0,0.0,59.833333333333336,0.0,0.0,0.0,0.0,40.0,0.0,10.0,21,0,0.7831168831168831,0.0,718.0,0.0,0.0,0.0,0.0,2
710.0,5.0,0.6316281804190945,0.0,0.0,0.0,0.0,0.0,0.0,0.0,0.0,0.0,0.0,54.53333333333333,0.0,0.0,0.0,0.0,50.0,0.0,14.0,21,0,0.7831168831168831,4.0,716.0,0.0,0.0,0.0,0.0,2
712.0,6.0,0.9428069595536042,0.0,0.0,0.0,0.0,0.0,0.0,0.0,0.0,0.0,0.0,50.56666666666667,0.0,0.0,0.0,0.0,30.0,0.0,6.0,22,0,0.7831168831168831,4.123105625617668,714.5,0.0,0.0,0.0,0.0,2
714.0,4.0,0.7140482911812258,0.0,0.0,0.0,0.0,0.0,0.0,0.0,0.0,0.0,0.0,46.43333333333333,0.0,0.0,0.0,0.0,40.0,0.0,14.0,22,0,0.7831168831168831,3.41565025531988,713.5,0.0,0.0,0.0,0.0,2
708.0,5.0,0.4888798849499181,0.0,0.0,0.0,0.0,0.0,0.0,0.0,0.0,0.0,0.0,42.766666666666666,0.0,0.0,0.0,0.0,40.0,0.0,12.0,23,0,0.7831168831168831,2.5819888974716294,711.0,0.0,0.0,0.0,0.0,2
710.0,6.0,0.8708853306828569,0.0,0.0,0.0,0.0,0.0,0.0,0.0,0.0,0.0,0.0,39.333333333333336,0.0,0.0,0.0,0.0,100.0,0.0,40.0,23,0,0.7831168831168831,2.5819888974716294,711.0,0.0,0.0,0.0,0.0,2
720.0,5.0,0.8183603197264906,0.0,0.0,0.0,0.0,0.0,0.0,0.0,0.0,0.0,0.0,31.166666666666668,0.0,0.0,0.0,0.0,0.0,0.0,0.0,0,0,0.7831168831168831,5.291502622129197,713.0,0.0,0.0,0.0,0.0,2
62.0,4.0,1.2031912828336482,0.0,0.0,0.0,0.0,0.0,0.0,0.0,0.0,0.0,0.0,25.0,0.0,0.0,0.0,0.0,10.0,0.0,2.0,0,0,0.7831168831168831,325.3756803040653,550.0,0.0,0.0,0.0,0.0,2
32.0,1.0,-1.000088900581841e-12,0.0,0.0,0.0,0.0,0.0,0.0,0.0,0.0,0.0,0.0,100.0,0.0,0.0,0.0,0.0,0.0,0.0,0.0,8,1,0.7831168831168831,385.8859935265856,381.0,0.0,0.0,0.0,0.0,2
498.0,5.0,0.8683185190227678,0.0,0.0,0.0,0.0,0.0,0.0,0.0,0.0,0.0,0.0,97.72727272727272,0.0,0.0,0.0,0.0,12.0,0.0,10.0,9,1,0.7831168831168831,337.11323517971425,328.0,0.0,0.0,0.0,0.0,2
486.0,4.0,0.5449087212678047,0.0,0.0,0.0,0.0,0.0,0.0,0.0,0.0,0.0,0.0,95.3181818181818,0.0,0.0,0.0,0.0,20.0,0.0,12.0,9,1,0.7831168831168831,257.2592725896062,269.5,0.0,0.0,0.0,0.0,2
592.0,6.0,0.5136339735337921,0.0,0.0,0.0,0.0,0.0,0.0,0.0,0.0,0.0,0.0,92.15384615384616,0.0,0.0,0.0,0.0,16.0,0.0,6.0,10,1,0.7831168831168831,251.1785553479171,402.0,0.0,0.0,0.0,0.0,2
248.0,3.0,0.7827283559297205,0.0,0.0,0.0,0.0,0.0,0.0,0.0,0.0,0.0,0.0,90.53333333333332,0.0,0.0,0.0,0.0,8.0,0.0,6.0,10,1,0.7831168831168831,146.54237157445846,456.0,0.0,0.0,0.0,0.0,2
402.0,3.0,0.8169937846963451,0.0,0.0,0.0,0.0,0.0,0.0,0.0,0.0,0.0,0.0,86.10526315789474,0.0,0.0,0.0,0.0,4.0,0.0,4.0,11,1,0.7831168831168831,145.22626025160412,432.0,0.0,0.0,0.0,0.0,2
708.0,6.0,1.0618694612895274,0.0,0.0,0.0,0.0,0.0,0.0,0.0,0.0,0.0,0.0,78.8,0.0,0.0,0.0,0.0,20.0,0.0,10.0,11,1,0.7831168831168831,203.4789096360275,487.5,0.0,0.0,0.0,0.0,2
566.0,6.0,1.419998508200215,0.0,0.0,0.0,0.0,0.0,0.0,0.0,0.0,0.0,0.0,73.03846153846153,0.0,0.0,0.0,0.0,24.0,0.0,16.0,12,1,0.7831168831168831,199.40244064036256,481.0,0.0,0.0,0.0,0.0,2
190.0,3.0,0.545255479484526,0.0,0.0,0.0,0.0,0.0,0.0,0.0,0.0,0.0,0.0,69.61538461538461,0.0,0.0,0.0,0.0,8.0,0.0,4.0,12,1,0.7831168831168831,222.7367654130468,466.5,0.0,0.0,0.0,0.0,2
284.0,3.0,0.0837852324904959,0.0,0.0,0.0,0.0,0.0,0.0,0.0,0.0,0.0,0.0,67.0625,0.0,0.0,0.0,0.0,20.0,0.0,6.0,13,1,0.7831168831168831,241.17766618546307,437.0,0.0,0.0,0.0,0.0,2
348.0,4.0,0.8801456203219081,0.0,0.0,0.0,0.0,0.0,0.0,0.0,0.0,0.0,0.0,65.11111111111111,0.0,0.0,0.0,0.0,28.0,0.0,18.0,13,1,0.7831168831168831,159.77066898109504,347.0,0.0,0.0,0.0,0.0,2
712.0,8.0,0.9896126313236916,0.0,0.0,0.0,0.0,0.0,0.0,0.0,0.0,0.0,0.0,60.56666666666667,0.0,0.0,0.0,0.0,12.0,0.0,8.0,14,1,0.7831168831168831,228.41117894417212,383.5,0.0,0.0,0.0,0.0,2
710.0,6.0,1.103121776750629,0.0,62.0,0.0,0.0,0.0,0.0,0.0,0.0,0.0,4.0,53.5,0.0,0.0,0.0,0.0,44.0,0.0,22.0,14,1,0.7831168831168831,229.54665466232927,513.5,31.0,15.5,0.0,0.0,3
710.0,2.0,0.0487543791169805,0.0,8.0,0.0,0.0,0.0,0.0,0.0,0.0,0.0,0.0,49.73333333333333,0.0,0.0,0.0,0.0,8.0,0.0,6.0,15,1,0.7831168831168831,181.3357842971614,620.0,29.90540642314251,17.5,0.0,0.0,1
708.0,3.0,0.5923457100476924,0.0,0.0,0.0,0.0,0.0,0.0,0.0,0.0,0.0,0.0,29.53333333333333,0.0,0.0,0.0,0.0,8.0,0.0,8.0,15,1,0.7831168831168831,1.6329931618499989,710.0,29.90540642314251,17.5,0.0,0.0,1
708.0,4.0,0.926087796181778,0.0,0.0,0.0,0.0,0.0,0.0,0.0,0.0,0.0,0.0,25.166666666666668,0.0,0.0,0.0,0.0,28.0,0.0,10.0,16,1,0.7831168831168831,1.1547005383715556,709.0,29.90540642314251,17.5,0.0,0.0,1
606.0,5.0,0.9815311944054425,0.0,0.0,0.0,0.0,0.0,0.0,0.0,0.0,0.0,0.0,19.285714285714285,0.0,0.0,0.0,0.0,12.0,0.0,2.0,16,1,0.7831168831168831,51.34199061197357,683.0,3.9999999999999742,2.0,0.0,0.0,1
62.0,3.0,0.6692524995904983,0.0,0.0,0.0,0.0,0.0,0.0,0.0,0.0,0.0,0.0,19.0,0.0,0.0,0.0,0.0,4.0,0.0,2.0,17,1,0.7831168831168831,309.75474169090614,521.0,0.0,0.0,0.0,0.0,1
368.0,7.0,0.513979796194357,0.0,0.0,0.0,0.0,0.0,0.0,0.0,0.0,0.0,0.0,46.0,0.0,0.0,0.0,0.0,0.0,0.0,0.0,17,1,0.7831168831168831,287.1608144112517,436.0,0.0,0.0,0.0,0.0,1
580.0,5.0,0.9102393361806532,0.0,0.0,0.0,0.0,0.0,0.0,0.0,0.0,0.0,0.0,47.61538461538461,0.0,0.0,0.0,0.0,20.0,0.0,12.0,18,1,0.7831168831168831,284.9298159196401,431.5,34.0,17.0,0.0,0.0,2
636.0,5.0,1.0344132515952358,0.0,0.0,0.0,0.0,0.0,0.0,0.0,0.0,0.0,0.0,42.535714285714285,0.0,0.0,0.0,0.0,24.0,0.0,16.0,19,1,0.7831168831168831,148.8578740499362,575.0,34.0,17.0,0.0,0.0,2
702.0,5.0,0.8762990760128478,0.0,0.0,0.0,0.0,0.0,0.0,0.0,0.0,0.0,0.0,35.9,0.0,0.0,0.0,0.0,20.0,0.0,8.0,19,1,0.7831168831168831,62.89409087240761,658.5,34.0,17.0,0.0,0.0,2
530.0,6.0,1.272071888188042,0.0,0.0,0.0,0.0,0.0,0.0,0.0,0.0,0.0,0.0,23.217391304347824,0.0,0.0,0.0,0.0,16.0,0.0,8.0,20,1,0.7831168831168831,73.99099044253069,612.0,0.0,0.0,0.0,0.0,2
350.0,6.0,1.3086686859742276,0.0,0.0,0.0,0.0,0.0,0.0,0.0,0.0,0.0,0.0,17.72222222222222,0.0,0.0,0.0,0.0,8.0,0.0,8.0,20,1,0.7831168831168831,153.64352681884563,554.5,0.0,0.0,0.0,0.0,2
0.0,0.0,0.0,0.0,0.0,0.0,0.0,0.0,0.0,0.0,0.0,0.0,0.0,0.0,0.0,0.0,0.0,0.0,6.0,0.0,4.0,21,0,0.7831168831168831,300.2904149874473,395.5,0.0,0.0,0.0,0.0,2
246.0,4.0,0.9537102218481976,0.0,0.0,0.0,0.0,0.0,0.0,0.0,0.0,0.0,2.0,16.8,0.0,0.0,0.0,0.0,6.0,0.0,4.0,21,0,0.7831168831168831,221.3195276818865,281.5,0.0,0.0,0.0,0.0,2
718.0,3.0,0.3020489600422779,0.0,0.0,0.0,0.0,0.0,0.0,0.0,0.0,0.0,0.0,28.766666666666666,0.0,0.0,0.0,0.0,4.0,0.0,4.0,22,0,0.7831168831168831,298.267776782318,328.5,0.0,0.0,0.0,0.0,2
718.0,7.0,1.0845101964230204,0.0,0.0,0.0,0.0,0.0,0.0,0.0,0.0,0.0,0.0,46.8,0.0,0.0,0.0,0.0,4.0,0.0,4.0,22,0,0.7831168831168831,357.90268696020337,420.5,0.0,0.0,0.0,0.0,2
716.0,4.0,0.2678273156927691,0.0,0.0,0.0,0.0,0.0,0.0,0.0,0.0,0.0,0.0,62.8,0.0,0.0,0.0,0.0,4.0,0.0,4.0,23,0,0.7831168831168831,235.66855256199688,599.5,0.0,0.0,0.0,0.0,2
710.0,8.0,1.3629137280661303,0.0,0.0,0.0,0.0,0.0,0.0,0.0,0.0,0.0,0.0,72.44827586206897,0.0,0.0,0.0,0.0,4.0,0.0,4.0,23,0,0.7831168831168831,3.7859388972010457,715.5,0.0,0.0,0.0,0.0,2
334.0,5.0,1.192978123162311,0.0,0.0,0.0,0.0,0.0,0.0,0.0,0.0,0.0,0.0,66.07142857142857,0.0,0.0,0.0,0.0,8.0,0.0,4.0,0,0,0.7831168831168831,190.36368701339376,619.5,0.0,0.0,0.0,0.0,2
298.0,1.0,-1.000088900581841e-12,0.0,0.0,0.0,0.0,0.0,0.0,0.0,0.0,0.0,0.0,100.0,0.0,0.0,0.0,0.0,0.0,0.0,0.0,7,0,0.7831168831168831,229.6918225216852,514.5,0.0,0.0,0.0,0.0,2
674.0,4.0,1.2401481485068837,0.0,0.0,0.0,0.0,0.0,0.0,0.0,0.0,0.0,0.0,99.75862068965516,0.0,0.0,0.0,0.0,16.0,0.0,12.0,7,0,0.7831168831168831,218.0764391981246,504.0,0.0,0.0,0.0,0.0,2
352.0,2.0,0.1486868864343743,0.0,0.0,0.0,0.0,0.0,0.0,0.0,0.0,0.0,0.0,97.66666666666669,0.0,0.0,0.0,0.0,2.0,0.0,2.0,8,1,0.7831168831168831,174.4505660638566,414.5,0.0,0.0,0.0,0.0,2
422.0,4.0,0.5225431983863009,0.0,0.0,0.0,0.0,0.0,0.0,0.0,0.0,0.0,0.0,95.6,0.0,0.0,0.0,0.0,12.0,0.0,8.0,8,1,0.7831168831168831,166.27186572999452,436.5,0.0,0.0,0.0,0.0,2
416.0,4.0,0.7365715556450028,0.0,0.0,0.0,0.0,0.0,0.0,0.0,0.0,0.0,0.0,92.76190476190476,0.0,0.0,0.0,0.0,8.0,0.0,6.0,9,1,0.7831168831168831,142.23923509355637,466.0,0.0,0.0,0.0,0.0,2
76.0,7.0,1.6501789976625745,0.0,0.0,0.0,0.0,0.0,0.0,0.0,0.0,0.0,0.0,90.22222222222224,0.0,0.0,0.0,0.0,4.0,0.0,2.0,9,1,0.7831168831168831,163.43296281146388,316.5,0.0,0.0,0.0,0.0,2
716.0,5.0,0.4796990165366476,0.0,0.0,0.0,0.0,0.0,0.0,0.0,0.0,0.0,0.0,86.06666666666666,0.0,0.0,0.0,0.0,22.0,0.0,18.0,10,1,0.7831168831168831,261.627597932634,407.5,0.0,0.0,0.0,0.0,2
338.0,4.0,0.699933173497141,0.0,0.0,0.0,0.0,0.0,0.0,0.0,0.0,0.0,0.0,82.3529411764706,0.0,0.0,0.0,0.0,8.0,0.0,6.0,10,1,0.7831168831168831,263.4406954135978,386.5,0.0,0.0,0.0,0.0,1
676.0,3.0,0.1589089385553214,0.0,0.0,0.0,0.0,0.0,0.0,0.0,0.0,0.0,0.0,78.53333333333333,0.0,0.0,0.0,0.0,30.0,0.0,26.0,11,1,0.7831168831168831,302.34803345372256,451.5,0.0,0.0,0.0,0.0,2
12.0,1.0,-1.000088900581841e-12,0.0,0.0,0.0,0.0,0.0,0.0,0.0,0.0,0.0,0.0,75.5,0.0,0.0,0.0,0.0,0.0,0.0,0.0,11,1,0.7831168831168831,329.3321524945092,435.5,0.0,0.0,0.0,0.0,2
8.0,1.0,-1.000088900581841e-12,0.0,0.0,0.0,0.0,0.0,0.0,0.0,0.0,0.0,0.0,74.66666666666667,0.0,0.0,0.0,0.0,0.0,0.0,0.0,12,1,0.7831168831168831,318.40173785120373,258.5,0.0,0.0,0.0,0.0,2
212.0,4.0,1.0098193926311452,0.0,0.0,0.0,0.0,0.0,0.0,0.0,0.0,0.0,0.0,72.3076923076923,2.0,0.0,0.0,0.0,8.0,0.0,4.0,12,1,0.7831168831168831,314.11887346459565,227.0,0.0,0.0,0.0,0.0,2
288.0,2.0,0.0731901291538692,0.0,0.0,0.0,0.0,0.0,0.0,0.0,0.0,0.0,0.0,70.5625,0.0,0.0,0.0,0.0,4.0,0.0,4.0,13,1,0.7831168831168831,142.00469475807247,130.0,0.0,0.0,0.0,0.0,2
12.0,1.0,-1.000088900581841e-12,0.0,0.0,0.0,0.0,0.0,0.0,0.0,0.0,0.0,0.0,69.33333333333333,0.0,0.0,0.0,0.0,0.0,0.0,0.0,13,1,0.7831168831168831,142.00469475807247,130.0,0.0,0.0,0.0,0.0,2
616.0,5.0,1.2047713161119915,0.0,0.0,0.0,0.0,0.0,0.0,0.0,0.0,0.0,0.0,64.96153846153847,0.0,0.0,0.0,0.0,12.0,0.0,10.0,14,1,0.7831168831168831,251.2581673631062,282.0,0.0,0.0,0.0,0.0,2
648.0,6.0,1.4903513644042912,0.0,0.0,0.0,0.0,0.0,0.0,0.0,0.0,0.0,0.0,57.75862068965517,0.0,0.0,0.0,0.0,20.0,0.0,12.0,14,1,0.7831168831168831,300.5128948980393,391.0,0.0,0.0,0.0,0.0,2
378.0,4.0,0.3973187116058928,0.0,0.0,0.0,0.0,0.0,0.0,0.0,0.0,0.0,0.0,34.94736842105263,0.0,0.0,0.0,0.0,6.0,0.0,6.0,16,1,0.7831168831168831,151.3527887640881,562.5,0.0,0.0,0.0,0.0,2
288.0,3.0,0.4024518253041443,0.0,0.0,0.0,0.0,0.0,0.0,0.0,0.0,0.0,0.0,29.1875,0.0,0.0,0.0,0.0,2.0,0.0,2.0,16,1,0.7831168831168831,186.51452132921628,472.5,0.0,0.0,0.0,0.0,2
316.0,2.0,0.1614532862907747,0.0,0.0,0.0,0.0,0.0,0.0,0.0,0.0,0.0,0.0,28.0,0.0,0.0,0.0,0.0,6.0,0.0,2.0,17,1,0.7831168831168831,96.9260886792956,372.0,0.0,0.0,0.0,0.0,2
144.0,2.0,0.1269305453394023,0.0,0.0,0.0,0.0,0.0,0.0,0.0,0.0,0.0,0.0,28.0,0.0,0.0,0.0,0.0,2.0,0.0,2.0,17,1,0.7831168831168831,99.08077512817512,281.5,0.0,0.0,0.0,0.0,1
310.0,3.0,1.0228745531582455,0.0,0.0,0.0,0.0,0.0,0.0,0.0,0.0,0.0,0.0,24.875,0.0,0.0,0.0,0.0,12.0,0.0,8.0,18,1,0.7831168831168831,81.23012577445229,264.5,0.0,0.0,0.0,0.0,1
372.0,4.0,1.0824151833933229,0.0,0.0,0.0,0.0,0.0,0.0,0.0,0.0,0.0,0.0,15.647058823529411,0.0,0.0,0.0,0.0,6.0,0.0,4.0,18,1,0.7831168831168831,98.37852069091778,285.5,0.0,0.0,0.0,0.0,1
718.0,1.0,-1.000088900581841e-12,0.0,0.0,0.0,0.0,0.0,0.0,0.0,0.0,0.0,0.0,24.86206896551724,0.0,0.0,0.0,0.0,0.0,0.0,0.0,20,1,0.7831168831168831,208.81251558914445,520.0,0.0,0.0,0.0,0.0,2
716.0,4.0,0.8933586833792543,0.0,0.0,0.0,0.0,0.0,0.0,0.0,0.0,0.0,0.0,41.56666666666667,0.0,0.0,0.0,0.0,18.0,0.0,10.0,20,1,0.7831168831168831,167.2473218520006,621.5,0.0,0.0,0.0,0.0,2
474.0,5.0,0.8995782334471378,0.0,0.0,0.0,0.0,0.0,0.0,0.0,0.0,0.0,0.0,39.0,0.0,0.0,0.0,0.0,18.0,0.0,4.0,21,0,0.7831168831168831,116.6476174924575,647.0,0.0,0.0,0.0,0.0,2
614.0,7.0,1.31181200728393,0.0,0.0,0.0,0.0,0.0,0.0,0.0,0.0,0.0,0.0,31.923076923076923,0.0,0.0,0.0,0.0,18.0,0.0,6.0,21,0,0.7831168831168831,115.08113080199846,630.5,0.0,0.0,0.0,0.0,2
718.0,4.0,0.3580763403788915,0.0,0.0,0.0,0.0,0.0,0.0,0.0,0.0,0.0,0.0,22.33333333333333,0.0,0.0,0.0,0.0,0.0,0.0,0.0,22,0,0.7831168831168831,115.08113080199846,630.5,0.0,0.0,0.0,0.0,2
162.0,4.0,0.998223730130323,0.0,0.0,0.0,0.0,0.0,0.0,0.0,0.0,0.0,0.0,16.0,0.0,0.0,0.0,0.0,0.0,0.0,0.0,22,0,0.7831168831168831,241.64988447476372,492.0,0.0,0.0,0.0,0.0,2
46.0,3.0,0.8259567010119779,0.0,0.0,0.0,0.0,0.0,0.0,0.0,0.0,0.0,4.0,15.0,0.0,0.0,0.0,0.0,12.0,0.0,10.0,23,0,0.7831168831168831,330.645832677,385.0,0.0,0.0,0.0,0.0,2
228.0,5.0,0.6884676731186313,0.0,0.0,0.0,0.0,0.0,0.0,0.0,0.0,0.0,0.0,100.0,0.0,0.0,0.0,0.0,2.0,0.0,0.0,8,1,0.7831168831168831,296.05123430469484,288.5,0.0,0.0,0.0,0.0,2
380.0,5.0,1.001627760190151,0.0,0.0,0.0,0.0,0.0,0.0,0.0,0.0,0.0,0.0,97.73333333333332,0.0,0.0,0.0,0.0,26.0,0.0,14.0,9,1,0.7831168831168831,139.37957765277764,204.0,0.0,0.0,0.0,0.0,2
198.0,6.0,1.0016992808359062,0.0,0.0,0.0,0.0,0.0,0.0,0.0,0.0,0.0,0.0,93.92307692307692,0.0,0.0,0.0,0.0,20.0,0.0,6.0,9,1,0.7831168831168831,136.90385921027453,213.0,0.0,0.0,0.0,0.0,2
150.0,2.0,0.1229569993349445,0.0,0.0,0.0,0.0,0.0,0.0,0.0,0.0,0.0,0.0,91.9090909090909,0.0,0.0,0.0,0.0,10.0,0.0,2.0,10,1,0.7831168831168831,99.33780750550116,239.0,0.0,0.0,0.0,0.0,2
144.0,2.0,0.1269305453394023,0.0,0.0,0.0,0.0,0.0,0.0,0.0,0.0,0.0,0.0,89.63636363636364,0.0,0.0,0.0,0.0,14.0,0.0,6.0,10,1,0.7831168831168831,110.6706826580554,218.0,0.0,0.0,0.0,0.0,2
178.0,3.0,0.5578080807759167,0.0,0.0,0.0,0.0,0.0,0.0,0.0,0.0,0.0,0.0,88.0,0.0,0.0,0.0,0.0,14.0,0.0,6.0,11,1,0.7831168831168831,25.159491250818345,167.5,0.0,0.0,0.0,0.0,2
424.0,7.0,1.4200578719039507,0.0,0.0,0.0,0.0,0.0,0.0,0.0,0.0,0.0,0.0,83.9090909090909,0.0,0.0,0.0,0.0,70.0,0.0,10.0,11,1,0.7831168831168831,134.1541402019831,224.0,0.0,0.0,0.0,0.0,2
718.0,10.0,1.601600081213112,0.0,0.0,0.0,0.0,0.0,0.0,0.0,0.0,0.0,0.0,76.6,0.0,10.0,0.0,12.0,112.0,0.0,22.0,12,1,0.7831168831168831,265.7668150842012,366.0,0.0,0.0,0.0,0.0,2
718.0,3.0,0.0536242421219286,0.0,0.0,0.0,0.0,0.0,0.0,0.0,0.0,0.0,0.0,65.53333333333333,0.0,0.0,0.0,0.0,28.0,0.0,6.0,12,1,0.7831168831168831,260.8620324999405,509.5,0.0,0.0,0.0,0.0,2
572.0,6.0,0.9692858318631014,0.0,0.0,0.0,0.0,0.0,0.0,0.0,0.0,0.0,0.0,53.46153846153846,0.0,0.0,0.0,0.0,14.0,0.0,4.0,13,1,0.7831168831168831,140.65560778013793,608.0,0.0,0.0,0.0,0.0,2
342.0,7.0,1.300669435144422,0.0,0.0,0.0,0.0,0.0,0.0,0.0,0.0,0.0,0.0,43.05555555555556,0.0,0.0,0.0,0.0,14.0,0.0,2.0,13,1,0.7831168831168831,177.54905425449795,587.5,0.0,0.0,0.0,0.0,2
720.0,7.0,1.4081866864861945,0.0,0.0,0.0,0.0,0.0,0.0,0.0,0.0,0.0,0.0,30.266666666666666,0.0,0.0,0.0,0.0,28.0,0.0,4.0,14,1,0.7831168831168831,178.04119373523272,588.0,0.0,0.0,0.0,0.0,2
566.0,4.0,0.1241218784130292,0.0,0.0,0.0,0.0,0.0,0.0,0.0,0.0,0.0,0.0,13.91304347826087,0.0,0.0,0.0,0.0,0.0,0.0,0.0,14,1,0.7831168831168831,155.88884929119635,550.0,0.0,0.0,0.0,0.0,2
400.0,4.0,0.8471386861036934,0.0,0.0,0.0,0.0,0.0,0.0,0.0,0.0,0.0,12.0,17.1875,0.0,0.0,0.0,0.0,0.0,0.0,0.0,15,1,0.7831168831168831,170.80593276191158,507.0,0.0,0.0,0.0,0.0,2
666.0,6.0,1.3597105572862185,0.0,0.0,0.0,0.0,0.0,0.0,0.0,0.0,0.0,12.0,18.22222222222222,0.0,0.0,0.0,0.0,38.0,0.0,6.0,15,1,0.7831168831168831,140.6366476657726,588.0,0.0,0.0,0.0,0.0,2
720.0,6.0,0.8060773408871221,0.0,0.0,0.0,0.0,0.0,0.0,0.0,0.0,0.0,0.0,23.8,0.0,0.0,0.0,0.0,42.0,0.0,4.0,16,1,0.7831168831168831,140.6366476657726,588.0,0.0,0.0,0.0,0.0,2
718.0,9.0,1.4027299589752906,0.0,0.0,0.0,0.0,0.0,0.0,0.0,0.0,0.0,0.0,32.46666666666667,0.0,0.0,0.0,0.0,14.0,0.0,4.0,16,1,0.7831168831168831,152.7263347734546,626.0,0.0,0.0,0.0,0.0,2
572.0,5.0,0.3544612873263428,0.0,0.0,0.0,0.0,0.0,0.0,0.0,0.0,0.0,0.0,30.384615384615383,0.0,0.0,0.0,0.0,42.0,0.0,14.0,17,1,0.7831168831168831,69.3301281310417,669.0,0.0,0.0,0.0,0.0,2
546.0,2.0,0.0433161365034035,0.0,0.0,0.0,0.0,0.0,0.0,0.0,0.0,0.0,0.0,18.954545454545453,0.0,0.0,0.0,0.0,54.0,0.0,8.0,17,1,0.7831168831168831,92.98745435093198,639.0,0.0,0.0,0.0,0.0,2
458.0,3.0,0.810339626088172,0.0,0.0,0.0,0.0,0.0,0.0,0.0,0.0,0.0,12.0,17.63157894736842,0.0,0.0,0.0,0.0,220.0,0.0,38.0,18,1,0.7831168831168831,107.97993640795802,573.5,0.0,0.0,0.0,0.0,2
716.0,5.0,1.1596534469289754,0.0,0.0,0.0,0.0,0.0,0.0,0.0,0.0,0.0,0.0,19.9,0.0,0.0,0.0,0.0,42.0,0.0,10.0,18,1,0.7831168831168831,107.0887482418204,573.0,0.0,0.0,0.0,0.0,2
8.0,1.0,-1.000088900581841e-12,0.0,0.0,0.0,0.0,0.0,0.0,0.0,0.0,0.0,12.0,0.0,0.0,0.0,0.0,0.0,24.0,0.0,4.0,19,1,0.7831168831168831,302.27140122744,432.0,0.0,0.0,0.0,0.0,2
0.0,0.0,0.0,0.0,0.0,0.0,0.0,0.0,0.0,0.0,0.0,0.0,12.0,0.0,0.0,0.0,0.0,0.0,60.0,0.0,10.0,19,1,0.7831168831168831,352.70525938806185,295.5,0.0,0.0,0.0,0.0,2
472.0,1.0,-1.000088900581841e-12,0.0,0.0,0.0,0.0,0.0,0.0,0.0,0.0,0.0,0.0,20.21052631578948,0.0,0.0,0.0,0.0,12.0,0.0,4.0,20,1,0.7831168831168831,354.9178308660565,299.0,0.0,0.0,0.0,0.0,2
644.0,5.0,0.7477568104276657,0.0,0.0,0.0,0.0,0.0,0.0,0.0,0.0,0.0,0.0,20.62962962962963,0.0,0.0,0.0,0.0,28.0,0.0,6.0,20,1,0.7831168831168831,327.4853686299079,281.0,0.0,0.0,0.0,0.0,2
344.0,1.0,-1.000088900581841e-12,0.0,0.0,0.0,0.0,0.0,0.0,0.0,0.0,0.0,12.0,17.5,0.0,0.0,0.0,0.0,84.0,0.0,10.0,21,0,0.7831168831168831,272.6145019375651,365.0,0.0,0.0,0.0,0.0,2
718.0,5.0,0.2264413670201324,0.0,0.0,0.0,0.0,0.0,0.0,0.0,0.0,0.0,0.0,25.53333333333333,0.0,0.0,0.0,0.0,112.0,0.0,10.0,21,0,0.7831168831168831,168.77894813433733,544.5,0.0,0.0,0.0,0.0,2
720.0,4.0,0.6464889393257259,0.0,0.0,0.0,0.0,0.0,0.0,0.0,0.0,0.0,0.0,36.16666666666666,0.0,0.0,0.0,0.0,84.0,0.0,26.0,22,0,0.7831168831168831,178.5375777439211,606.5,0.0,0.0,0.0,0.0,2
716.0,8.0,1.4152816371446335,0.0,0.0,0.0,0.0,0.0,0.0,0.0,0.0,0.0,0.0,45.6,0.0,0.0,0.0,0.0,14.0,0.0,4.0,22,0,0.7831168831168831,187.00712998885007,624.5,0.0,0.0,0.0,0.0,2
714.0,1.0,-1.000088900581841e-12,0.0,0.0,0.0,0.0,0.0,0.0,0.0,0.0,0.0,0.0,60.06666666666667,0.0,0.0,0.0,0.0,0.0,0.0,0.0,23,0,0.7831168831168831,2.581988897471611,717.0,0.0,0.0,0.0,0.0,2
158.0,3.0,0.8338242986338231,0.0,0.0,0.0,0.0,0.0,0.0,0.0,0.0,0.0,0.0,70.33333333333333,0.0,0.0,0.0,0.0,14.0,0.0,4.0,23,0,0.7831168831168831,279.34447074057744,577.0,0.0,0.0,0.0,0.0,2
590.0,4.0,1.1205862984203043,0.0,0.0,0.0,0.0,0.0,0.0,0.0,0.0,0.0,0.0,97.88,0.0,0.0,0.0,0.0,0.0,0.0,0.0,9,1,0.7831168831168831,264.3198819612327,544.5,0.0,0.0,0.0,0.0,2
578.0,5.0,0.8885110101420762,0.0,0.0,0.0,0.0,0.0,0.0,0.0,0.0,0.0,0.0,89.55555555555556,0.0,0.0,0.0,0.0,2.0,0.0,2.0,9,1,0.7831168831168831,242.58606720090089,510.0,0.0,0.0,0.0,0.0,2
412.0,5.0,1.1769635493986466,0.0,0.0,0.0,0.0,0.0,0.0,0.0,0.0,0.0,0.0,84.65,0.0,0.0,0.0,0.0,6.0,0.0,6.0,10,1,0.7831168831168831,201.43733516902967,434.5,0.0,0.0,0.0,0.0,2
248.0,6.0,1.0885054754915224,0.0,0.0,0.0,0.0,0.0,0.0,0.0,0.0,0.0,0.0,81.42857142857143,0.0,0.0,0.0,0.0,8.0,0.0,4.0,10,1,0.7831168831168831,161.2823610938282,457.0,0.0,0.0,0.0,0.0,2
156.0,3.0,0.187504943656551,0.0,0.0,0.0,0.0,0.0,0.0,0.0,0.0,0.0,0.0,78.91666666666667,0.0,0.0,0.0,0.0,2.0,0.0,2.0,11,1,0.7831168831168831,186.06360919499184,348.5,0.0,0.0,0.0,0.0,2
582.0,5.0,0.7704841206811636,0.0,0.0,0.0,0.0,0.0,0.0,0.0,0.0,0.0,0.0,73.38461538461539,0.0,0.0,0.0,0.0,2.0,0.0,2.0,11,1,0.7831168831168831,187.7116583131337,349.5,0.0,0.0,0.0,0.0,2
698.0,6.0,1.331504673653071,0.0,0.0,0.0,0.0,0.0,0.0,0.0,0.0,0.0,0.0,63.241379310344826,0.0,0.0,0.0,0.0,12.0,0.0,10.0,12,1,0.7831168831168831,260.0025640899207,421.0,0.0,0.0,0.0,0.0,2
324.0,5.0,1.0760526300605926,0.0,0.0,0.0,0.0,0.0,0.0,0.0,0.0,0.0,0.0,57.0,0.0,0.0,0.0,0.0,2.0,0.0,2.0,12,1,0.7831168831168831,245.5198566307825,440.0,0.0,0.0,0.0,0.0,2
670.0,6.0,1.32960050793268,0.0,0.0,0.0,0.0,0.0,0.0,0.0,0.0,0.0,2.0,51.86206896551724,0.0,0.0,0.0,0.0,4.0,0.0,4.0,13,1,0.7831168831168831,170.32811472762404,568.5,0.0,0.0,0.0,0.0,2
652.0,3.0,0.5894098467334233,0.0,0.0,0.0,0.0,0.0,0.0,0.0,0.0,0.0,0.0,60.785714285714285,0.0,0.0,0.0,0.0,8.0,0.0,4.0,13,1,0.7831168831168831,175.68911937472583,586.0,0.0,0.0,0.0,0.0,2
584.0,5.0,0.5880502519865717,0.0,0.0,0.0,0.0,0.0,0.0,0.0,0.0,0.0,0.0,57.96153846153846,0.0,0.0,0.0,0.0,20.0,0.0,14.0,14,1,0.7831168831168831,160.01145792307082,557.5,0.0,0.0,0.0,0.0,2
276.0,2.0,0.075751085001415,0.0,0.0,0.0,0.0,0.0,0.0,0.0,0.0,0.0,0.0,54.625,0.0,0.0,0.0,0.0,6.0,0.0,6.0,14,1,0.7831168831168831,183.4439060494152,545.5,0.0,0.0,0.0,0.0,2
624.0,5.0,0.644135669543134,0.0,0.0,0.0,0.0,0.0,0.0,0.0,0.0,0.0,0.0,50.535714285714285,0.0,0.0,0.0,0.0,12.0,0.0,10.0,15,1,0.7831168831168831,174.2488641761164,534.0,0.0,0.0,0.0,0.0,2
632.0,5.0,0.9080918356879544,0.0,0.0,0.0,0.0,0.0,0.0,0.0,0.0,0.0,0.0,45.74074074074074,0.0,0.0,0.0,0.0,8.0,0.0,8.0,15,1,0.7831168831168831,169.96862455563183,529.0,0.0,0.0,0.0,0.0,2
436.0,3.0,0.7280466334986754,0.0,26.0,0.0,0.0,0.0,0.0,0.0,0.0,0.0,0.0,41.285714285714285,0.0,0.0,0.0,0.0,4.0,0.0,4.0,16,1,0.7831168831168831,170.11368747595432,492.0,12.999999999999996,6.5,0.0,0.0,1
264.0,2.0,0.2073429210224402,0.0,0.0,0.0,0.0,0.0,0.0,0.0,0.0,0.0,0.0,39.35714285714285,0.0,0.0,0.0,0.0,8.0,0.0,4.0,16,1,0.7831168831168831,175.22176424938388,489.0,12.999999999999996,6.5,0.0,0.0,1
570.0,4.0,0.6757017368972872,0.0,0.0,0.0,0.0,0.0,0.0,0.0,0.0,0.0,0.0,32.81481481481482,0.0,0.0,0.0,0.0,14.0,0.0,8.0,17,1,0.7831168831168831,163.00817975385976,475.5,12.999999999999996,6.5,0.0,0.0,2
670.0,1.0,-1.000088900581841e-12,0.0,0.0,0.0,0.0,0.0,0.0,0.0,0.0,0.0,0.0,22.20689655172414,0.0,0.0,0.0,0.0,10.0,0.0,6.0,17,1,0.7831168831168831,175.7763730804949,485.0,12.999999999999996,6.5,0.0,0.0,2
548.0,2.0,0.0241288360010556,0.0,0.0,0.0,0.0,0.0,0.0,0.0,0.0,0.0,0.0,17.208333333333332,0.0,0.0,0.0,0.0,6.0,0.0,4.0,18,1,0.7831168831168831,174.2832942845259,513.0,0.0,0.0,0.0,0.0,2
110.0,1.0,-1.000088900581841e-12,0.0,0.0,0.0,0.0,0.0,0.0,0.0,0.0,0.0,0.0,11.6,0.0,0.0,0.0,0.0,0.0,0.0,0.0,18,1,0.7831168831168831,248.7321182852481,474.5,0.0,0.0,0.0,0.0,2
718.0,3.0,0.1151961058114457,0.0,0.0,0.0,0.0,0.0,0.0,0.0,0.0,0.0,0.0,63.06666666666667,0.0,0.0,0.0,0.0,6.0,0.0,4.0,19,1,0.7831168831168831,267.93531557697526,498.0,0.0,0.0,0.0,0.0,2
716.0,1.0,-1.000088900581841e-12,0.0,0.0,0.0,0.0,0.0,0.0,0.0,0.0,0.0,0.0,83.66666666666667,0.0,0.0,0.0,0.0,0.0,0.0,0.0,20,1,0.7831168831168831,290.5947923369126,540.0,0.0,0.0,0.0,0.0,2
656.0,2.0,0.1949086871858176,0.0,0.0,0.0,0.0,0.0,0.0,0.0,0.0,0.0,0.0,91.7,0.0,0.0,0.0,0.0,4.0,0.0,4.0,20,1,0.7831168831168831,49.54122862155651,676.5,0.0,0.0,0.0,0.0,2
718.0,2.0,0.1821999290607806,0.0,0.0,0.0,0.0,0.0,0.0,0.0,0.0,0.0,0.0,96.2,0.0,0.0,0.0,0.0,2.0,0.0,2.0,21,0,0.7831168831168831,30.68115599734357,702.0,0.0,0.0,0.0,0.0,2
714.0,5.0,0.7915665931224984,0.0,20.0,0.0,0.0,0.0,0.0,0.0,0.0,0.0,0.0,98.5,0.0,0.0,0.0,0.0,18.0,0.0,14.0,21,0,0.7831168831168831,30.04441157131663,701.0,9.999999999999991,5.0,0.0,0.0,2
714.0,3.0,0.7756648055800858,0.0,0.0,0.0,0.0,0.0,0.0,0.0,0.0,0.0,0.0,93.93333333333334,0.0,0.0,0.0,0.0,10.0,0.0,10.0,22,0,0.7831168831168831,29.726531359488693,700.5,9.999999999999991,5.0,0.0,0.0,2
702.0,4.0,1.068083339137745,0.0,0.0,0.0,0.0,0.0,0.0,0.0,0.0,0.0,0.0,87.6,0.0,2.0,0.0,2.0,12.0,0.0,10.0,22,0,0.7831168831168831,6.9282032302753285,712.0,9.999999999999991,5.0,0.0,0.0,2
516.0,5.0,0.708324981870569,0.0,0.0,0.0,0.0,0.0,0.0,0.0,0.0,0.0,0.0,82.82608695652173,0.0,0.0,0.0,0.0,6.0,0.0,6.0,23,0,0.7831168831168831,97.16480844420988,661.5,9.999999999999991,5.0,0.0,0.0,2
72.0,4.0,1.1324163280062889,0.0,0.0,0.0,0.0,0.0,0.0,0.0,0.0,0.0,0.0,81.0,0.0,0.0,0.0,0.0,2.0,0.0,2.0,23,0,0.7831168831168831,300.01999933337777,501.0,0.0,0.0,0.0,0.0,2
160.0,3.0,0.5757564557864752,0.0,0.0,0.0,0.0,0.0,0.0,0.0,0.0,0.0,0.0,99.0,0.0,0.0,0.0,0.0,0.0,0.0,0.0,9,1,0.7831168831168831,296.7709554521803,362.5,0.0,0.0,0.0,0.0,2
320.0,5.0,1.093159051139556,0.0,0.0,0.0,0.0,0.0,0.0,0.0,0.0,0.0,0.0,97.05882352941175,0.0,0.0,0.0,0.0,30.0,0.0,8.0,10,1,0.7831168831168831,195.1785507341077,267.0,0.0,0.0,0.0,0.0,2
644.0,5.0,1.052886525568189,0.0,0.0,0.0,0.0,0.0,0.0,0.0,0.0,0.0,0.0,90.96296296296296,0.0,0.0,0.0,0.0,10.0,0.0,4.0,10,1,0.7831168831168831,251.8703370122545,299.0,0.0,0.0,0.0,0.0,2
310.0,3.0,0.7514468171824181,0.0,0.0,0.0,0.0,0.0,0.0,0.0,0.0,0.0,0.0,87.3125,0.0,0.0,0.0,0.0,10.0,0.0,4.0,11,1,0.7831168831168831,203.9174669647829,358.5,0.0,0.0,0.0,0.0,2
364.0,3.0,0.2050370538879916,0.0,0.0,0.0,0.0,0.0,0.0,0.0,0.0,0.0,0.0,82.88888888888889,0.0,0.0,0.0,0.0,10.0,0.0,4.0,11,1,0.7831168831168831,158.08331136882643,409.5,0.0,0.0,0.0,0.0,2
554.0,6.0,1.4251799888000614,0.0,0.0,0.0,0.0,0.0,0.0,0.0,0.0,0.0,0.0,74.56,0.0,0.0,0.0,0.0,10.0,0.0,2.0,12,1,0.7831168831168831,157.21747146336293,468.0,0.0,0.0,0.0,0.0,2
12.0,1.0,-1.000088900581841e-12,0.0,0.0,0.0,0.0,0.0,0.0,0.0,0.0,0.0,0.0,71.5,0.0,0.0,0.0,0.0,0.0,0.0,0.0,12,1,0.7831168831168831,224.5410133286716,310.0,0.0,0.0,0.0,0.0,2
6.0,1.0,-1.000088900581841e-12,0.0,0.0,0.0,0.0,0.0,0.0,0.0,0.0,0.0,0.0,70.16666666666667,8.0,0.0,0.0,0.0,0.0,0.0,0.0,13,1,0.7831168831168831,271.1506346418291,234.0,0.0,0.0,0.0,0.0,2
692.0,3.0,0.0695569573049691,0.0,0.0,0.0,0.0,0.0,0.0,0.0,0.0,0.0,0.0,61.93103448275862,0.0,0.0,0.0,0.0,20.0,0.0,8.0,13,1,0.7831168831168831,358.9503215395319,316.0,0.0,0.0,0.0,0.0,2
720.0,1.0,-1.000088900581841e-12,0.0,0.0,0.0,0.0,0.0,0.0,0.0,0.0,0.0,0.0,42.43333333333333,0.0,0.0,0.0,0.0,0.0,0.0,0.0,14,1,0.7831168831168831,402.582910715296,357.5,0.0,0.0,0.0,0.0,2
378.0,6.0,1.2609115966010882,0.0,0.0,0.0,0.0,0.0,0.0,0.0,0.0,0.0,0.0,19.45833333333333,0.0,0.0,0.0,0.0,0.0,0.0,0.0,14,1,0.7831168831168831,333.5565919000852,449.0,0.0,0.0,0.0,0.0,2
358.0,2.0,0.6905076112687556,0.0,0.0,0.0,0.0,0.0,0.0,0.0,0.0,0.0,12.0,16.785714285714285,0.0,0.0,0.0,0.0,66.0,0.0,18.0,15,1,0.7831168831168831,195.6493461953468,537.0,0.0,0.0,0.0,0.0,2
614.0,3.0,0.3537441589016342,0.0,0.0,0.0,0.0,0.0,0.0,0.0,0.0,0.0,0.0,36.84,0.0,0.0,0.0,0.0,2.0,0.0,2.0,16,1,0.7831168831168831,178.15629841986126,517.5,0.0,0.0,0.0,0.0,2
718.0,3.0,0.2818751953806074,0.0,0.0,0.0,0.0,0.0,0.0,0.0,0.0,0.0,0.0,73.76666666666667,0.0,0.0,0.0,0.0,4.0,0.0,4.0,16,1,0.7831168831168831,177.39973694080456,517.0,0.0,0.0,0.0,0.0,2
718.0,7.0,0.8389545371269713,0.0,0.0,0.0,0.0,0.0,0.0,0.0,0.0,0.0,0.0,89.13333333333334,0.0,0.0,0.0,0.0,24.0,0.0,18.0,17,1,0.7831168831168831,169.89408465276236,602.0,0.0,0.0,0.0,0.0,2
714.0,6.0,1.123199470667903,0.0,0.0,0.0,0.0,0.0,0.0,0.0,0.0,0.0,0.0,94.96666666666668,0.0,0.0,0.0,0.0,12.0,0.0,8.0,17,1,0.7831168831168831,51.36795369358846,691.0,0.0,0.0,0.0,0.0,2
716.0,5.0,1.27870203548632,0.0,0.0,0.0,0.0,0.0,0.0,0.0,0.0,0.0,0.0,92.53333333333332,0.0,0.0,0.0,0.0,4.0,0.0,2.0,18,1,0.7831168831168831,1.914854215508189,716.5,0.0,0.0,0.0,0.0,2
716.0,10.0,1.557435549035715,0.0,0.0,0.0,0.0,0.0,0.0,0.0,0.0,0.0,0.0,83.36666666666666,0.0,0.0,0.0,0.0,8.0,0.0,6.0,18,1,0.7831168831168831,1.63299316185019,716.0,0.0,0.0,0.0,0.0,3
206.0,3.0,0.700412826638145,0.0,0.0,0.0,0.0,0.0,0.0,0.0,0.0,0.0,0.0,78.0,0.0,0.0,0.0,0.0,0.0,0.0,0.0,19,1,0.7831168831168831,254.66841186138493,588.0,0.0,0.0,0.0,0.0,3
296.0,3.0,0.356031077917891,0.0,0.0,0.0,0.0,0.0,0.0,0.0,0.0,0.0,0.0,76.3125,0.0,0.0,0.0,0.0,8.0,0.0,4.0,19,1,0.7831168831168831,270.9704780967845,483.5,0.0,0.0,0.0,0.0,2
12.0,1.0,-1.000088900581841e-12,0.0,0.0,0.0,0.0,0.0,0.0,0.0,0.0,0.0,0.0,75.5,0.0,0.0,0.0,0.0,0.0,0.0,0.0,20,1,0.7831168831168831,297.0,307.5,0.0,0.0,0.0,0.0,2
424.0,6.0,0.9296581471980642,0.0,0.0,0.0,0.0,0.0,0.0,0.0,0.0,0.0,0.0,71.71428571428571,0.0,0.0,0.0,0.0,4.0,0.0,2.0,20,1,0.7831168831168831,173.2156651884196,234.5,0.0,0.0,0.0,0.0,2
718.0,6.0,1.2236738462333192,0.0,0.0,0.0,0.0,0.0,0.0,0.0,0.0,0.0,0.0,63.4,0.0,0.0,0.0,0.0,16.0,0.0,10.0,21,0,0.7831168831168831,292.9362843122488,362.5,0.0,0.0,0.0,0.0,2
718.0,6.0,1.174776471088444,0.0,0.0,0.0,0.0,0.0,0.0,0.0,0.0,0.0,0.0,52.4,0.0,0.0,0.0,0.0,0.0,0.0,0.0,21,0,0.7831168831168831,334.1017808991745,468.0,0.0,0.0,0.0,0.0,2
338.0,3.0,0.7770077700475253,0.0,0.0,0.0,0.0,0.0,0.0,0.0,0.0,0.0,0.0,46.71428571428572,0.0,0.0,0.0,0.0,4.0,0.0,4.0,22,0,0.7831168831168831,197.70938268074173,549.5,0.0,0.0,0.0,0.0,2
664.0,5.0,1.2119207198126716,0.0,0.0,0.0,0.0,0.0,0.0,0.0,0.0,0.0,0.0,39.7037037037037,0.0,0.0,0.0,0.0,6.0,0.0,2.0,22,0,0.7831168831168831,182.78129007094788,609.5,0.0,0.0,0.0,0.0,2
172.0,2.0,0.3594451475107912,0.0,0.0,0.0,0.0,0.0,0.0,0.0,0.0,0.0,0.0,35.5,0.0,0.0,0.0,0.0,8.0,0.0,2.0,23,0,0.7831168831168831,261.6180421912831,473.0,0.0,0.0,0.0,0.0,2
542.0,4.0,0.977786539155578,0.0,0.0,0.0,0.0,0.0,0.0,0.0,0.0,0.0,0.0,29.0,0.0,0.0,0.0,0.0,72.0,0.0,10.0,23,0,0.7831168831168831,217.8103150296912,429.0,0.0,0.0,0.0,0.0,2
76.0,4.0,1.044730581162458,0.0,0.0,0.0,0.0,0.0,0.0,0.0,0.0,0.0,0.0,24.25,0.0,0.0,0.0,0.0,8.0,0.0,2.0,0,0,0.7831168831168831,283.7199323276389,363.5,0.0,0.0,0.0,0.0,3
544.0,4.0,0.9783190669887976,0.0,0.0,0.0,0.0,0.0,0.0,0.0,0.0,0.0,0.0,97.3913043478261,0.0,0.0,0.0,0.0,0.0,0.0,0.0,8,1,0.7831168831168831,245.0652974209119,333.5,0.0,0.0,0.0,0.0,2
562.0,6.0,0.7284789208543035,0.0,0.0,0.0,0.0,0.0,0.0,0.0,0.0,0.0,0.0,90.54166666666669,0.0,0.0,0.0,0.0,12.0,0.0,6.0,9,1,0.7831168831168831,236.83749703119227,431.0,0.0,0.0,0.0,0.0,2
480.0,5.0,0.7178729752866356,0.0,0.0,0.0,0.0,0.0,0.0,0.0,0.0,0.0,0.0,85.69565217391305,0.0,0.0,0.0,0.0,8.0,0.0,4.0,9,1,0.7831168831168831,229.0523957525876,415.5,0.0,0.0,0.0,0.0,2
626.0,6.0,0.8807173951806019,0.0,0.0,0.0,0.0,0.0,0.0,0.0,0.0,0.0,0.0,81.55555555555556,0.0,0.0,0.0,0.0,40.0,0.0,24.0,10,1,0.7831168831168831,60.05552985917853,553.0,0.0,0.0,0.0,0.0,2
612.0,4.0,1.0195010021908566,0.0,0.0,0.0,0.0,0.0,0.0,0.0,0.0,0.0,0.0,76.03846153846153,0.0,0.0,0.0,0.0,40.0,0.0,20.0,10,1,0.7831168831168831,65.98989821682318,570.0,0.0,0.0,0.0,0.0,3
488.0,7.0,1.0708496642620793,0.0,0.0,0.0,0.0,0.0,0.0,0.0,0.0,0.0,0.0,71.26086956521739,0.0,0.0,0.0,0.0,16.0,0.0,8.0,11,1,0.7831168831168831,78.21977584558364,551.5,0.0,0.0,0.0,0.0,2
298.0,4.0,0.7235968402509326,0.0,0.0,0.0,0.0,0.0,0.0,0.0,0.0,0.0,0.0,67.6875,0.0,0.0,0.0,0.0,20.0,0.0,8.0,11,1,0.7831168831168831,151.90347812563965,506.0,0.0,0.0,0.0,0.0,2
410.0,4.0,0.8128213610588144,0.0,0.0,0.0,0.0,0.0,0.0,0.0,0.0,0.0,0.0,65.0952380952381,0.0,0.0,0.0,0.0,20.0,0.0,6.0,12,1,0.7831168831168831,132.13124788128917,452.0,0.0,0.0,0.0,0.0,2
568.0,5.0,0.2438249271313704,0.0,0.0,0.0,0.0,0.0,0.0,0.0,0.0,0.0,0.0,62.2,0.0,0.0,0.0,0.0,40.0,0.0,16.0,12,1,0.7831168831168831,115.10574848083544,441.0,0.0,0.0,0.0,0.0,3
720.0,7.0,1.239025361951721,0.0,0.0,0.0,0.0,0.0,0.0,0.0,0.0,0.0,0.0,54.56666666666667,0.0,0.0,0.0,0.0,12.0,0.0,4.0,13,1,0.7831168831168831,184.3221817000512,499.0,0.0,0.0,0.0,0.0,3
650.0,5.0,1.037284588808571,0.0,0.0,0.0,0.0,0.0,0.0,0.0,0.0,0.0,0.0,46.035714285714285,0.0,0.0,0.0,0.0,60.0,0.0,30.0,13,1,0.7831168831168831,133.35166540642334,587.0,0.0,0.0,0.0,0.0,2
716.0,7.0,1.156667778003303,0.0,0.0,0.0,0.0,0.0,0.0,0.0,0.0,0.0,0.0,35.666666666666664,0.0,4.0,4.0,0.0,16.0,0.0,10.0,14,1,0.7831168831168831,71.29983637194889,663.5,0.0,0.0,0.0,0.0,2
560.0,4.0,0.8659336309038801,0.0,0.0,0.0,0.0,0.0,0.0,0.0,0.0,0.0,0.0,28.28,0.0,0.0,0.0,0.0,24.0,0.0,10.0,14,1,0.7831168831168831,74.89325737341126,661.5,0.0,0.0,0.0,0.0,3
716.0,3.0,0.0958133059057181,0.0,0.0,0.0,0.0,0.0,0.0,0.0,0.0,0.0,0.0,19.933333333333334,0.0,0.0,0.0,0.0,28.0,0.0,20.0,15,1,0.7831168831168831,73.87151006985047,660.5,0.0,0.0,0.0,0.0,3
716.0,4.0,0.789649650131289,0.0,0.0,0.0,0.0,0.0,0.0,0.0,0.0,0.0,4.0,18.7,0.0,0.0,0.0,0.0,24.0,0.0,8.0,15,1,0.7831168831168831,78.00000000000013,677.0,0.0,0.0,0.0,0.0,3
716.0,4.0,0.3791672379779705,0.0,0.0,0.0,0.0,0.0,0.0,0.0,0.0,0.0,0.0,34.233333333333334,0.0,0.0,0.0,0.0,52.0,0.0,26.0,16,1,0.7831168831168831,78.00000000000013,677.0,0.0,0.0,0.0,0.0,3
714.0,7.0,1.4656904298511717,0.0,16.0,0.0,0.0,0.0,0.0,0.0,0.0,0.0,0.0,31.166666666666668,0.0,0.0,0.0,0.0,60.0,0.0,20.0,16,1,0.7831168831168831,1.0000000000097011,715.5,7.99999999999999,4.0,0.0,0.0,2
708.0,2.0,0.074191572988222,0.0,0.0,0.0,0.0,0.0,0.0,0.0,0.0,0.0,0.0,20.0,0.0,0.0,0.0,0.0,4.0,0.0,2.0,17,1,0.7831168831168831,3.464101615140547,713.0,12.79322737493032,10.5,0.0,0.0,2
636.0,6.0,0.6040802558190049,0.0,40.0,0.0,0.0,0.0,0.0,0.0,0.0,0.0,0.0,17.444444444444443,0.0,0.0,0.0,0.0,66.0,0.0,30.0,18,1,0.7831168831168831,38.10511776651556,693.0,16.84240679554637,20.5,0.0,0.0,1
0.0,0.0,0.0,0.0,0.0,0.0,0.0,0.0,0.0,0.0,0.0,0.0,8.0,0.0,0.0,0.0,0.0,4.0,16.0,0.0,8.0,19,1,0.7831168831168831,389.0912489378295,336.0,72.8171225285189,48.5,0.0,0.0,2
450.0,4.0,0.3881646152084824,0.0,0.0,0.0,0.0,0.0,0.0,0.0,0.0,0.0,0.0,20.166666666666668,0.0,0.0,0.0,0.0,18.0,0.0,8.0,19,1,0.7831168831168831,322.56627226044577,271.5,72.8171225285189,48.5,0.0,0.0,2
718.0,2.0,0.0344701086632955,0.0,0.0,0.0,0.0,0.0,0.0,0.0,0.0,0.0,0.0,34.13333333333333,0.0,0.0,0.0,0.0,6.0,0.0,4.0,20,1,0.7831168831168831,354.47990069960247,292.0,77.0,38.5,0.0,0.0,2
718.0,4.0,1.0493696892076447,0.0,0.0,0.0,0.0,0.0,0.0,0.0,0.0,0.0,0.0,40.4,0.0,0.0,0.0,0.0,12.0,0.0,6.0,20,1,0.7831168831168831,338.771801266477,471.5,0.0,0.0,0.0,0.0,2
718.0,6.0,0.9593197636599174,0.0,0.0,0.0,0.0,0.0,0.0,0.0,0.0,0.0,0.0,28.666666666666668,0.0,6.0,0.0,4.0,0.0,0.0,0.0,21,0,0.7831168831168831,134.00000000000017,651.0,0.0,0.0,0.0,0.0,2
712.0,4.0,0.7963099993102101,0.0,0.0,0.0,0.0,0.0,0.0,0.0,0.0,0.0,0.0,20.566666666666663,0.0,0.0,0.0,0.0,36.0,0.0,18.0,21,0,0.7831168831168831,3.00000000000768,716.5,0.0,0.0,0.0,0.0,3
720.0,3.0,0.1895666428806585,0.0,0.0,0.0,0.0,0.0,0.0,0.0,0.0,0.0,6.0,22.53333333333333,0.0,0.0,0.0,0.0,0.0,0.0,0.0,22,0,0.7831168831168831,3.464101615144405,717.0,0.0,0.0,0.0,0.0,3
716.0,1.0,-1.000088900581841e-12,0.0,0.0,0.0,0.0,0.0,0.0,0.0,0.0,0.0,0.0,22.366666666666667,0.0,0.0,0.0,0.0,0.0,0.0,0.0,22,0,0.7831168831168831,3.415650255326609,716.5,0.0,0.0,0.0,0.0,3
700.0,5.0,1.2284292776719608,0.0,0.0,0.0,0.0,0.0,0.0,0.0,0.0,0.0,0.0,17.233333333333334,0.0,0.0,0.0,0.0,30.0,0.0,12.0,23,0,0.7831168831168831,8.640987597879812,712.0,0.0,0.0,0.0,0.0,3
4.0,1.0,-1.000088900581841e-12,0.0,0.0,0.0,0.0,0.0,0.0,0.0,0.0,0.0,0.0,0.0,0.0,0.0,0.0,0.0,0.0,0.0,0.0,23,0,0.7831168831168831,354.10544568908665,535.0,0.0,0.0,0.0,0.0,3
164.0,5.0,1.3244574562932394,0.0,0.0,0.0,0.0,0.0,0.0,0.0,0.0,0.0,0.0,99.16666666666669,0.0,0.0,0.0,0.0,0.0,0.0,0.0,8,1,0.7831168831168831,366.1984889828648,396.0,0.0,0.0,0.0,0.0,2
460.0,3.0,0.6637020705499621,0.0,0.0,0.0,0.0,0.0,0.0,0.0,0.0,0.0,0.0,95.1904761904762,0.0,0.0,0.0,0.0,6.0,0.0,4.0,9,1,0.7831168831168831,309.6320396858181,332.0,0.0,0.0,0.0,0.0,2
12.0,1.0,-1.000088900581841e-12,0.0,0.0,0.0,0.0,0.0,0.0,0.0,0.0,0.0,0.0,93.5,0.0,0.0,0.0,0.0,0.0,0.0,0.0,9,1,0.7831168831168831,213.1165565287378,160.0,0.0,0.0,0.0,0.0,3
302.0,5.0,1.2906827261373914,0.0,0.0,0.0,0.0,0.0,0.0,0.0,0.0,0.0,0.0,90.375,6.0,0.0,0.0,0.0,12.0,0.0,4.0,10,1,0.7831168831168831,191.38355902915663,234.5,0.0,0.0,0.0,0.0,2
648.0,4.0,0.7596495045606901,0.0,0.0,0.0,0.0,0.0,0.0,0.0,0.0,0.0,0.0,85.77777777777777,0.0,0.0,0.0,0.0,36.0,0.0,22.0,10,1,0.7831168831168831,269.1536116545098,355.5,0.0,0.0,0.0,0.0,2
696.0,9.0,1.3205608843529333,0.0,0.0,0.0,0.0,0.0,0.0,0.0,0.0,0.0,0.0,79.0,0.0,0.0,0.0,0.0,60.0,0.0,18.0,11,1,0.7831168831168831,320.6384256448375,414.5,0.0,0.0,0.0,0.0,2
48.0,1.0,-1.000088900581841e-12,0.0,0.0,0.0,0.0,0.0,0.0,0.0,0.0,0.0,0.0,75.42857142857143,0.0,0.0,0.0,0.0,0.0,0.0,0.0,11,1,0.7831168831168831,305.73354411971223,423.5,0.0,0.0,0.0,0.0,2
316.0,4.0,1.056626640061124,0.0,0.0,0.0,0.0,0.0,0.0,0.0,0.0,0.0,0.0,73.41176470588235,0.0,0.0,0.0,0.0,18.0,0.0,8.0,12,1,0.7831168831168831,303.95394387966087,427.0,0.0,0.0,0.0,0.0,2
424.0,5.0,0.6540469362805933,0.0,0.0,0.0,0.0,0.0,0.0,0.0,0.0,0.0,0.0,70.28571428571429,0.0,0.0,0.0,0.0,30.0,0.0,12.0,12,1,0.7831168831168831,268.19644541517204,371.0,0.0,0.0,0.0,0.0,3
352.0,5.0,0.8174575029963068,0.0,0.0,0.0,0.0,0.0,0.0,0.0,0.0,0.0,0.0,66.88888888888889,0.0,0.0,0.0,0.0,12.0,0.0,6.0,13,1,0.7831168831168831,164.25589791541742,285.0,0.0,0.0,0.0,0.0,2
214.0,3.0,0.3422381186543388,0.0,0.0,0.0,0.0,0.0,0.0,0.0,0.0,0.0,0.0,64.4,0.0,0.0,0.0,0.0,18.0,0.0,4.0,13,1,0.7831168831168831,87.41281370600093,326.5,0.0,0.0,0.0,0.0,2
410.0,5.0,0.9057606554785615,0.0,0.0,0.0,0.0,0.0,0.0,0.0,0.0,0.0,0.0,60.68421052631579,0.0,0.0,0.0,0.0,18.0,0.0,8.0,14,1,0.7831168831168831,95.8749185136552,350.0,0.0,0.0,0.0,0.0,2
526.0,6.0,1.4054578139617966,0.0,0.0,0.0,0.0,0.0,0.0,0.0,0.0,0.0,0.0,55.44,0.0,0.0,0.0,0.0,32.0,0.0,12.0,14,1,0.7831168831168831,129.71121771072856,375.5,0.0,0.0,0.0,0.0,2
714.0,6.0,1.3515388845613825,0.0,0.0,0.0,0.0,0.0,0.0,0.0,0.0,0.0,0.0,49.4,0.0,0.0,0.0,0.0,80.0,0.0,30.0,15,1,0.7831168831168831,209.5582655651328,466.0,0.0,0.0,0.0,0.0,2
474.0,4.0,1.0451650187189392,0.0,0.0,0.0,0.0,0.0,0.0,0.0,0.0,0.0,0.0,43.19047619047619,0.0,0.0,0.0,0.0,24.0,0.0,8.0,15,1,0.7831168831168831,130.8994525071312,531.0,0.0,0.0,0.0,0.0,2
440.0,5.0,1.0792321472624438,0.0,0.0,0.0,0.0,0.0,0.0,0.0,0.0,0.0,0.0,38.36363636363637,0.0,0.0,0.0,0.0,24.0,0.0,8.0,16,1,0.7831168831168831,122.22792915969204,538.5,0.0,0.0,0.0,0.0,2
344.0,4.0,1.152658948388031,0.0,0.0,0.0,0.0,0.0,0.0,0.0,0.0,0.0,0.0,34.23529411764706,0.0,0.0,0.0,0.0,32.0,0.0,8.0,16,1,0.7831168831168831,157.2810647641138,493.0,0.0,0.0,0.0,0.0,2
62.0,1.0,-1.000088900581841e-12,0.0,0.0,0.0,0.0,0.0,0.0,0.0,0.0,0.0,0.0,33.0,0.0,0.0,0.0,0.0,0.0,0.0,0.0,17,1,0.7831168831168831,186.95453992882875,330.0,0.0,0.0,0.0,0.0,2
22.0,1.0,-1.000088900581841e-12,0.0,0.0,0.0,0.0,0.0,0.0,0.0,0.0,0.0,0.0,31.571428571428573,0.0,0.0,0.0,0.0,8.0,0.0,0.0,17,1,0.7831168831168831,206.484866273536,217.0,0.0,0.0,0.0,0.0,2
270.0,5.0,0.4545821942394123,0.0,0.0,0.0,0.0,0.0,0.0,0.0,0.0,0.0,0.0,28.666666666666668,0.0,0.0,0.0,0.0,64.0,0.0,6.0,18,1,0.7831168831168831,156.80454925373402,174.5,0.0,0.0,0.0,0.0,2
398.0,6.0,1.0316671135046689,0.0,0.0,0.0,0.0,0.0,0.0,0.0,0.0,0.0,0.0,24.63157894736842,0.0,0.0,0.0,0.0,24.0,0.0,6.0,18,1,0.7831168831168831,177.2531146881958,188.0,0.0,0.0,0.0,0.0,2
312.0,5.0,1.2237960700470758,0.0,0.0,0.0,0.0,0.0,0.0,0.0,0.0,0.0,0.0,19.4375,0.0,0.0,0.0,0.0,8.0,0.0,4.0,19,1,0.7831168831168831,161.38050274635626,250.5,0.0,0.0,0.0,0.0,2
154.0,2.0,0.0693153716989415,0.0,0.0,0.0,0.0,0.0,0.0,0.0,0.0,0.0,0.0,17.454545454545453,0.0,0.0,0.0,0.0,8.0,0.0,6.0,19,1,0.7831168831168831,101.44785195688814,283.5,0.0,0.0,0.0,0.0,2
12.0,1.0,-1.000088900581841e-12,0.0,0.0,0.0,0.0,0.0,0.0,0.0,0.0,0.0,0.0,17.0,0.0,0.0,0.0,0.0,0.0,0.0,0.0,20,1,0.7831168831168831,171.03995634548875,219.0,0.0,0.0,0.0,0.0,2
424.0,4.0,0.8765865964219779,0.0,0.0,0.0,0.0,0.0,0.0,0.0,0.0,0.0,8.0,15.35,0.0,0.0,0.0,0.0,48.0,0.0,6.0,20,1,0.7831168831168831,180.3505845106507,225.5,0.0,0.0,0.0,0.0,2
234.0,3.0,0.205302098793262,0.0,0.0,0.0,0.0,0.0,0.0,0.0,0.0,0.0,6.0,12.9,0.0,0.0,0.0,0.0,6.0,0.0,4.0,21,0,0.7831168831168831,171.89919526668345,206.0,0.0,0.0,0.0,0.0,2
294.0,8.0,1.4325361775292458,0.0,0.0,0.0,0.0,0.0,0.0,0.0,0.0,0.0,0.0,13.416666666666666,0.0,0.0,0.0,0.0,40.0,0.0,10.0,21,0,0.7831168831168831,172.0348801842232,241.0,0.0,0.0,0.0,0.0,2
600.0,8.0,1.3840897022755647,0.0,0.0,0.0,0.0,0.0,0.0,0.0,0.0,0.0,0.0,14.958333333333334,0.0,0.0,0.0,0.0,2.0,0.0,2.0,0,0,0.7831168831168831,224.35908717945887,297.5,0.0,0.0,0.0,0.0,2
156.0,1.0,-1.000088900581841e-12,0.0,0.0,0.0,0.0,0.0,0.0,0.0,0.0,0.0,0.0,100.0,0.0,0.0,0.0,0.0,0.0,0.0,0.0,8,1,0.7831168831168831,234.86166140943487,278.0,0.0,0.0,0.0,0.0,2
698.0,1.0,-1.000088900581841e-12,0.0,0.0,0.0,0.0,0.0,0.0,0.0,0.0,0.0,0.0,100.0,0.0,0.0,0.0,0.0,4.0,0.0,0.0,8,1,0.7831168831168831,316.65964904504864,379.0,0.0,0.0,0.0,0.0,2
712.0,4.0,0.7378031786192463,0.0,0.0,0.0,0.0,0.0,0.0,0.0,0.0,0.0,0.0,92.3,0.0,0.0,0.0,0.0,6.0,0.0,6.0,10,1,0.7831168831168831,8.698658900467708,710.5,25.58645474986065,21.0,0.0,0.0,2
712.0,4.0,0.5347153414413852,0.0,0.0,0.0,0.0,0.0,0.0,0.0,0.0,0.0,0.0,89.7,0.0,0.0,0.0,0.0,14.0,0.0,12.0,10,1,0.7831168831168831,2.8284271247496435,714.0,25.58645474986065,21.0,0.0,0.0,2
704.0,6.0,1.134165610119334,0.0,0.0,0.0,0.0,0.0,0.0,0.0,0.0,0.0,0.0,85.55172413793103,0.0,0.0,0.0,0.0,10.0,0.0,8.0,11,1,0.7831168831168831,4.434711565218878,710.5,26.0,13.0,0.0,0.0,1
12.0,1.0,-1.000088900581841e-12,0.0,0.0,0.0,0.0,0.0,0.0,0.0,0.0,0.0,0.0,82.83333333333333,0.0,0.0,0.0,0.0,0.0,0.0,0.0,11,1,0.7831168831168831,348.6870612263476,535.0,0.0,0.0,0.0,0.0,1
608.0,6.0,0.9250100894213396,0.0,0.0,0.0,0.0,0.0,0.0,0.0,0.0,0.0,0.0,79.5,0.0,0.0,0.0,0.0,2.0,0.0,2.0,12,1,0.7831168831168831,334.6859224208074,509.0,0.0,0.0,0.0,0.0,1
466.0,1.0,-1.000088900581841e-12,0.0,0.0,0.0,0.0,0.0,0.0,0.0,0.0,0.0,0.0,77.45454545454545,0.0,0.0,0.0,0.0,0.0,0.0,0.0,12,1,0.7831168831168831,306.3521938336115,447.5,0.0,0.0,0.0,0.0,2
4.0,1.0,-1.000088900581841e-12,0.0,0.0,0.0,0.0,0.0,0.0,0.0,0.0,0.0,0.0,75.33333333333333,0.0,0.0,0.0,0.0,2.0,0.0,0.0,13,1,0.7831168831168831,310.8885116350662,272.5,0.0,0.0,0.0,0.0,2
246.0,1.0,-1.000088900581841e-12,0.0,0.0,0.0,0.0,0.0,0.0,0.0,0.0,0.0,0.0,73.28571428571429,0.0,0.0,0.0,0.0,4.0,0.0,2.0,13,1,0.7831168831168831,264.0126259607042,331.0,0.0,0.0,0.0,0.0,2
712.0,4.0,0.4754143883794507,0.0,0.0,0.0,0.0,0.0,0.0,0.0,0.0,0.0,0.0,70.63333333333334,0.0,0.0,0.0,0.0,8.0,0.0,6.0,14,1,0.7831168831168831,302.67474291721146,357.0,0.0,0.0,0.0,0.0,2
326.0,6.0,1.3652170161322088,0.0,0.0,0.0,0.0,0.0,0.0,0.0,0.0,0.0,0.0,53.35294117647059,0.0,0.0,0.0,0.0,2.0,0.0,2.0,15,1,0.7831168831168831,186.3509234392648,603.0,13.0,6.5,0.0,0.0,2
12.0,1.0,-1.000088900581841e-12,0.0,0.0,0.0,0.0,0.0,0.0,0.0,0.0,0.0,0.0,51.333333333333336,0.0,0.0,0.0,0.0,0.0,0.0,0.0,16,1,0.7831168831168831,326.1288089083821,428.0,13.0,6.5,0.0,0.0,2
148.0,2.0,0.2102834122841334,0.0,0.0,0.0,0.0,0.0,0.0,0.0,0.0,0.0,0.0,50.09090909090909,0.0,0.0,0.0,0.0,2.0,0.0,2.0,16,1,0.7831168831168831,280.23502041441344,286.5,0.0,0.0,0.0,0.0,2
134.0,1.0,-1.000088900581841e-12,0.0,0.0,0.0,0.0,0.0,0.0,0.0,0.0,0.0,0.0,49.09090909090909,0.0,0.0,0.0,0.0,2.0,0.0,2.0,17,1,0.7831168831168831,129.3316151088616,155.0,0.0,0.0,0.0,0.0,2
12.0,1.0,-1.000088900581841e-12,0.0,0.0,0.0,0.0,0.0,0.0,0.0,0.0,0.0,0.0,48.0,0.0,0.0,0.0,0.0,2.0,0.0,0.0,17,1,0.7831168831168831,74.69716638980836,76.5,0.0,0.0,0.0,0.0,2
156.0,3.0,0.499260698647342,0.0,0.0,0.0,0.0,0.0,0.0,0.0,0.0,0.0,0.0,45.41666666666666,0.0,0.0,0.0,0.0,4.0,0.0,2.0,18,1,0.7831168831168831,67.6141010933867,112.5,0.0,0.0,0.0,0.0,2
12.0,1.0,-1.000088900581841e-12,0.0,0.0,0.0,0.0,0.0,0.0,0.0,0.0,0.0,0.0,45.0,0.0,0.0,0.0,0.0,0.0,0.0,0.0,18,1,0.7831168831168831,77.31106001084223,78.5,0.0,0.0,0.0,0.0,2
4.0,1.0,-1.000088900581841e-12,0.0,0.0,0.0,0.0,0.0,0.0,0.0,0.0,0.0,0.0,44.0,2.0,0.0,0.0,0.0,0.0,0.0,0.0,19,1,0.7831168831168831,73.4302390027436,46.0,0.0,0.0,0.0,0.0,2
316.0,5.0,0.7485935173874618,0.0,0.0,0.0,0.0,0.0,0.0,0.0,0.0,0.0,0.0,40.625,0.0,0.0,0.0,0.0,6.0,0.0,6.0,19,1,0.7831168831168831,146.9875278155714,122.0,0.0,0.0,0.0,0.0,2
192.0,3.0,0.4716691899744075,0.0,0.0,0.0,0.0,0.0,0.0,0.0,0.0,0.0,0.0,36.07692307692308,0.0,0.0,0.0,0.0,0.0,0.0,0.0,20,1,0.7831168831168831,150.81556064721366,131.0,0.0,0.0,0.0,0.0,2
352.0,6.0,0.7680943879600995,0.0,0.0,0.0,0.0,0.0,0.0,0.0,0.0,0.0,0.0,32.0,0.0,0.0,0.0,0.0,4.0,0.0,4.0,20,1,0.7831168831168831,157.07323132857505,216.0,0.0,0.0,0.0,0.0,2
588.0,5.0,0.8031928441803295,0.0,0.0,0.0,0.0,0.0,0.0,0.0,0.0,0.0,2.0,22.375,0.0,0.0,0.0,0.0,6.0,0.0,4.0,21,0,0.7831168831168831,165.52139841523024,362.0,0.0,0.0,0.0,0.0,2
718.0,4.0,1.0315579151410004,0.0,0.0,0.0,0.0,0.0,0.0,0.0,0.0,0.0,4.0,25.4,0.0,0.0,0.0,0.0,12.0,0.0,0.0,21,0,0.7831168831168831,235.52140737804152,462.5,0.0,0.0,0.0,0.0,2
716.0,1.0,-1.000088900581841e-12,0.0,0.0,0.0,0.0,0.0,0.0,0.0,0.0,0.0,0.0,41.9,0.0,0.0,0.0,0.0,0.0,0.0,0.0,22,0,0.7831168831168831,172.10365093938807,593.5,0.0,0.0,0.0,0.0,2
680.0,5.0,0.9818849673045164,0.0,0.0,0.0,0.0,0.0,0.0,0.0,0.0,0.0,0.0,49.6551724137931,0.0,0.0,0.0,0.0,36.0,0.0,10.0,22,0,0.7831168831168831,60.89061230326666,675.5,0.0,0.0,0.0,0.0,2
604.0,9.0,1.2302790231348266,0.0,0.0,0.0,0.0,0.0,0.0,0.0,0.0,0.0,0.0,41.2,0.0,0.0,0.0,0.0,0.0,0.0,0.0,23,0,0.7831168831168831,53.276010861675786,679.5,0.0,0.0,0.0,0.0,2
674.0,5.0,0.8652561294169556,0.0,0.0,0.0,0.0,0.0,0.0,0.0,0.0,0.0,0.0,96.82758620689656,0.0,0.0,0.0,0.0,0.0,0.0,0.0,8,1,0.7831168831168831,46.829477895873055,668.5,0.0,0.0,0.0,0.0,2
604.0,5.0,1.1140069238543395,0.0,0.0,0.0,0.0,0.0,0.0,0.0,0.0,0.0,0.0,87.65384615384616,0.0,0.0,0.0,0.0,2.0,0.0,2.0,9,1,0.7831168831168831,42.21768981521129,640.5,0.0,0.0,0.0,0.0,2
12.0,1.0,-1.000088900581841e-12,0.0,0.0,0.0,0.0,0.0,0.0,0.0,0.0,0.0,0.0,85.66666666666667,0.0,0.0,0.0,0.0,0.0,0.0,0.0,9,1,0.7831168831168831,309.4311985994088,473.5,0.0,0.0,0.0,0.0,2
4.0,1.0,-1.000088900581841e-12,0.0,0.0,0.0,0.0,0.0,0.0,0.0,0.0,0.0,0.0,84.5,2.0,0.0,0.0,0.0,0.0,0.0,0.0,10,1,0.7831168831168831,365.4417418230528,323.5,0.0,0.0,0.0,0.0,2
196.0,4.0,0.7494389521114055,0.0,0.0,0.0,0.0,0.0,0.0,0.0,0.0,0.0,0.0,81.42857142857143,0.0,0.0,0.0,0.0,2.0,0.0,2.0,10,1,0.7831168831168831,281.02668912400486,204.0,0.0,0.0,0.0,0.0,2
12.0,1.0,-1.000088900581841e-12,0.0,0.0,0.0,0.0,0.0,0.0,0.0,0.0,0.0,0.0,80.0,0.0,0.0,0.0,0.0,0.0,0.0,0.0,11,1,0.7831168831168831,93.40949273673108,56.0,0.0,0.0,0.0,0.0,2
92.0,2.0,0.4943156581422628,0.0,0.0,0.0,0.0,0.0,0.0,0.0,0.0,0.0,0.0,79.75,2.0,0.0,0.0,0.0,2.0,0.0,2.0,11,1,0.7831168831168831,89.32338253036967,76.0,0.0,0.0,0.0,0.0,2
362.0,5.0,1.2752854732272756,0.0,0.0,0.0,0.0,0.0,0.0,0.0,0.0,0.0,0.0,75.33333333333333,0.0,0.0,0.0,0.0,0.0,0.0,0.0,12,1,0.7831168831168831,151.11474668829229,165.5,0.0,0.0,0.0,0.0,2
358.0,5.0,1.1377565479350549,0.0,0.0,0.0,0.0,0.0,0.0,0.0,0.0,0.0,0.0,71.38888888888889,0.0,0.0,0.0,0.0,16.0,0.0,14.0,12,1,0.7831168831168831,180.805604632895,206.0,0.0,0.0,0.0,0.0,2
476.0,5.0,1.3213817623847026,0.0,0.0,0.0,0.0,0.0,0.0,0.0,0.0,0.0,0.0,67.72727272727273,0.0,0.0,0.0,0.0,20.0,0.0,14.0,13,1,0.7831168831168831,162.80049139975003,322.0,0.0,0.0,0.0,0.0,2
588.0,6.0,1.063521493816814,0.0,0.0,0.0,0.0,0.0,0.0,0.0,0.0,0.0,0.0,63.69230769230769,0.0,0.0,0.0,0.0,8.0,0.0,8.0,13,1,0.7831168831168831,109.33739829841728,446.0,0.0,0.0,0.0,0.0,2
602.0,5.0,1.128022660658666,0.0,0.0,0.0,0.0,0.0,0.0,0.0,0.0,0.0,0.0,56.76923076923077,0.0,0.0,0.0,0.0,8.0,0.0,4.0,14,1,0.7831168831168831,113.64271497402174,506.0,0.0,0.0,0.0,0.0,2
326.0,1.0,-1.000088900581841e-12,0.0,0.0,0.0,0.0,0.0,0.0,0.0,0.0,0.0,0.0,50.94444444444444,0.0,0.0,0.0,0.0,4.0,0.0,0.0,14,1,0.7831168831168831,127.7810627597066,498.0,0.0,0.0,0.0,0.0,2
10.0,1.0,-1.000088900581841e-12,0.0,0.0,0.0,0.0,0.0,0.0,0.0,0.0,0.0,0.0,49.16666666666666,0.0,0.0,0.0,0.0,0.0,0.0,0.0,15,1,0.7831168831168831,278.30139537319377,381.5,0.0,0.0,0.0,0.0,2
254.0,4.0,0.2422222116469902,0.0,0.0,0.0,0.0,0.0,0.0,0.0,0.0,0.0,0.0,46.07142857142857,4.0,0.0,0.0,0.0,8.0,0.0,4.0,15,1,0.7831168831168831,243.6390773254571,298.0,0.0,0.0,0.0,0.0,2
716.0,4.0,1.0440638320078783,0.0,0.0,0.0,0.0,0.0,0.0,0.0,0.0,0.0,0.0,35.766666666666666,0.0,0.0,0.0,0.0,0.0,0.0,0.0,16,1,0.7831168831168831,292.7678261011617,326.5,0.0,0.0,0.0,0.0,2
230.0,1.0,-1.000088900581841e-12,0.0,0.0,0.0,0.0,0.0,0.0,0.0,0.0,0.0,0.0,31.642857142857142,0.0,0.0,0.0,0.0,0.0,0.0,0.0,16,1,0.7831168831168831,296.7305174733466,302.5,0.0,0.0,0.0,0.0,2
8.0,1.0,-1.000088900581841e-12,0.0,0.0,0.0,0.0,0.0,0.0,0.0,0.0,0.0,0.0,31.0,4.0,0.0,0.0,0.0,0.0,0.0,0.0,17,1,0.7831168831168831,297.38863461807017,302.0,0.0,0.0,0.0,0.0,2
0.0,0.0,0.0,0.0,0.0,0.0,0.0,0.0,0.0,0.0,0.0,0.0,0.0,29.5,0.0,0.0,0.0,0.0,0.0,0.0,0.0,17,1,0.7831168831168831,335.70373843613964,238.5,0.0,0.0,0.0,0.0,2
536.0,5.0,1.079721070185656,0.0,0.0,0.0,0.0,0.0,0.0,0.0,0.0,0.0,0.0,19.08333333333333,0.0,0.0,0.0,0.0,12.0,0.0,8.0,18,1,0.7831168831168831,251.9861107283496,193.5,0.0,0.0,0.0,0.0,2
512.0,6.0,1.155717729564243,0.0,0.0,0.0,0.0,0.0,0.0,0.0,0.0,0.0,2.0,16.571428571428573,0.0,0.0,0.0,0.0,6.0,0.0,6.0,18,1,0.7831168831168831,300.3997336882975,264.0,0.0,0.0,0.0,0.0,3
718.0,3.0,0.0536242421219286,0.0,0.0,0.0,0.0,0.0,0.0,0.0,0.0,0.0,0.0,37.0,0.0,0.0,0.0,0.0,8.0,0.0,6.0,19,1,0.7831168831168831,308.3693672637844,441.5,0.0,0.0,0.0,0.0,3
720.0,1.0,-1.000088900581841e-12,0.0,0.0,0.0,0.0,0.0,0.0,0.0,0.0,0.0,0.0,55.7,0.0,0.0,0.0,0.0,8.0,0.0,0.0,19,1,0.7831168831168831,113.0117987940496,621.5,0.0,0.0,0.0,0.0,2
716.0,3.0,0.6695157096042548,0.0,0.0,0.0,0.0,0.0,0.0,0.0,0.0,0.0,0.0,75.53333333333333,0.0,0.0,0.0,0.0,12.0,0.0,6.0,20,1,0.7831168831168831,103.01294417046216,666.5,0.0,0.0,0.0,0.0,2
718.0,5.0,0.7958223068330498,0.0,0.0,0.0,0.0,0.0,0.0,0.0,0.0,0.0,0.0,90.1,0.0,0.0,0.0,0.0,4.0,0.0,2.0,20,1,0.7831168831168831,1.632993161881443,718.0,0.0,0.0,0.0,0.0,2
716.0,8.0,1.756278511513796,0.0,0.0,0.0,0.0,0.0,0.0,0.0,0.0,0.0,0.0,85.76666666666667,0.0,0.0,0.0,0.0,28.0,0.0,18.0,21,0,0.7831168831168831,1.9148542155348407,717.5,0.0,0.0,0.0,0.0,2
718.0,1.0,-1.000088900581841e-12,0.0,0.0,0.0,0.0,0.0,0.0,0.0,0.0,0.0,0.0,75.3,0.0,0.0,0.0,0.0,20.0,0.0,10.0,21,0,0.7831168831168831,1.154700538416,717.0,0.0,0.0,0.0,0.0,2
720.0,2.0,0.0610470380375934,0.0,0.0,0.0,0.0,0.0,0.0,0.0,0.0,0.0,0.0,64.53333333333333,0.0,0.0,0.0,0.0,4.0,0.0,2.0,22,0,0.7831168831168831,1.6329931618814255,718.0,0.0,0.0,0.0,0.0,2
718.0,8.0,1.588235954406519,0.0,0.0,0.0,0.0,0.0,0.0,0.0,0.0,0.0,0.0,53.833333333333336,0.0,0.0,0.0,0.0,12.0,0.0,8.0,22,0,0.7831168831168831,1.6329931618814255,718.0,0.0,0.0,0.0,0.0,2
538.0,6.0,1.155936561368143,0.0,0.0,0.0,0.0,0.0,0.0,0.0,0.0,0.0,4.0,43.66666666666666,0.0,0.0,0.0,0.0,4.0,0.0,4.0,23,0,0.7831168831168831,90.33825324855516,673.5,0.0,0.0,0.0,0.0,2
2.0,1.0,-1.000088900581841e-12,0.0,0.0,0.0,0.0,0.0,0.0,0.0,0.0,0.0,0.0,0.0,0.0,0.0,0.0,0.0,0.0,0.0,0.0,23,0,0.7831168831168831,339.23983649722913,494.5,0.0,0.0,0.0,0.0,2
222.0,2.0,0.1551350415634555,0.0,0.0,0.0,0.0,0.0,0.0,0.0,0.0,0.0,0.0,99.77777777777776,0.0,0.0,0.0,0.0,0.0,0.0,0.0,8,1,0.7831168831168831,319.7165411214545,370.0,0.0,0.0,0.0,0.0,2
720.0,3.0,0.2507600295154671,0.0,0.0,0.0,0.0,0.0,0.0,0.0,0.0,0.0,0.0,92.06666666666666,0.0,0.0,0.0,0.0,0.0,0.0,0.0,8,1,0.7831168831168831,320.4429226346975,370.5,0.0,0.0,0.0,0.0,2
710.0,7.0,0.6104705470138443,0.0,0.0,0.0,0.0,0.0,0.0,0.0,0.0,0.0,0.0,83.7,0.0,0.0,0.0,0.0,24.0,0.0,12.0,9,1,0.7831168831168831,359.5640879361194,413.5,0.0,0.0,0.0,0.0,2
136.0,1.0,-1.000088900581841e-12,0.0,0.0,0.0,0.0,0.0,0.0,0.0,0.0,0.0,0.0,81.9,0.0,0.0,0.0,0.0,0.0,0.0,0.0,9,1,0.7831168831168831,311.47177507226354,447.0,0.0,0.0,0.0,0.0,2
10.0,1.0,-1.000088900581841e-12,0.0,0.0,0.0,0.0,0.0,0.0,0.0,0.0,0.0,0.0,81.0,0.0,0.0,0.0,0.0,0.0,0.0,0.0,10,1,0.7831168831168831,374.2334387339896,394.0,0.0,0.0,0.0,0.0,2
118.0,2.0,0.2010030109007926,0.0,0.0,0.0,0.0,0.0,0.0,0.0,0.0,0.0,0.0,79.4,0.0,0.0,0.0,0.0,4.0,0.0,0.0,10,1,0.7831168831168831,315.9382851127733,243.5,0.0,0.0,0.0,0.0,2
716.0,7.0,1.2997166479870632,0.0,0.0,0.0,0.0,0.0,0.0,0.0,0.0,0.0,0.0,74.4,0.0,0.0,0.0,0.0,8.0,0.0,8.0,11,1,0.7831168831168831,318.8918311904525,245.0,0.0,0.0,0.0,0.0,2
234.0,4.0,0.7454172940996969,0.0,0.0,0.0,0.0,0.0,0.0,0.0,0.0,0.0,0.0,68.14285714285714,0.0,0.0,0.0,0.0,4.0,0.0,4.0,11,1,0.7831168831168831,311.4027403005098,269.5,0.0,0.0,0.0,0.0,2
12.0,1.0,-1.000088900581841e-12,0.0,0.0,0.0,0.0,0.0,0.0,0.0,0.0,0.0,0.0,66.83333333333333,0.0,0.0,0.0,0.0,0.0,0.0,0.0,12,1,0.7831168831168831,310.8483016950016,270.0,0.0,0.0,0.0,0.0,2
2.0,1.0,-1.000088900581841e-12,0.0,0.0,0.0,0.0,0.0,0.0,0.0,0.0,0.0,0.0,65.5,0.0,0.0,0.0,0.0,0.0,0.0,0.0,12,1,0.7831168831168831,334.2833129746883,241.0,0.0,0.0,0.0,0.0,2
38.0,2.0,0.6917614988504178,0.0,0.0,0.0,0.0,0.0,0.0,0.0,0.0,0.0,0.0,63.125,0.0,0.0,0.0,0.0,4.0,0.0,0.0,13,1,0.7831168831168831,109.39073696311485,71.5,0.0,0.0,0.0,0.0,2
26.0,2.0,0.5402041423868609,0.0,0.0,0.0,0.0,0.0,0.0,0.0,0.0,0.0,0.0,62.0,0.0,0.0,0.0,0.0,4.0,0.0,2.0,13,1,0.7831168831168831,15.779733838061013,19.5,0.0,0.0,0.0,0.0,2
64.0,4.0,0.5818786450419386,0.0,0.0,0.0,0.0,0.0,0.0,0.0,0.0,0.0,0.0,40.5,0.0,0.0,0.0,0.0,0.0,0.0,0.0,19,1,0.7831168831168831,25.78759391645617,32.5,0.0,0.0,0.0,0.0,2
430.0,2.0,0.3778999611761403,0.0,0.0,0.0,0.0,0.0,0.0,0.0,0.0,0.0,0.0,38.1,0.0,0.0,0.0,0.0,0.0,0.0,0.0,20,1,0.7831168831168831,194.31503630273545,139.5,0.0,0.0,0.0,0.0,2
130.0,4.0,1.1868168494517275,0.0,0.0,0.0,0.0,0.0,0.0,0.0,0.0,0.0,0.0,36.3,0.0,0.0,0.0,0.0,4.0,0.0,4.0,20,1,0.7831168831168831,183.4366375618569,162.5,0.0,0.0,0.0,0.0,2
718.0,6.0,1.0450080597917903,0.0,0.0,0.0,0.0,0.0,0.0,0.0,0.0,0.0,0.0,27.9,0.0,0.0,0.0,0.0,0.0,0.0,0.0,21,0,0.7831168831168831,300.65428651526,335.5,0.0,0.0,0.0,0.0,2
338.0,7.0,1.5419831652019702,0.0,0.0,0.0,0.0,0.0,0.0,0.0,0.0,0.0,2.0,19.0,0.0,0.0,0.0,0.0,6.0,0.0,0.0,21,0,0.7831168831168831,244.0655649615489,404.0,0.0,0.0,0.0,0.0,2
716.0,1.0,-1.000088900581841e-12,0.0,0.0,0.0,0.0,0.0,0.0,0.0,0.0,0.0,0.0,47.1,0.0,0.0,0.0,0.0,8.0,0.0,4.0,22,0,0.7831168831168831,291.50357344865154,475.5,0.0,0.0,0.0,0.0,2
718.0,5.0,1.159205084900357,0.0,0.0,0.0,0.0,0.0,0.0,0.0,0.0,0.0,0.0,76.4,0.0,0.0,0.0,0.0,4.0,0.0,2.0,22,0,0.7831168831168831,189.66900994451723,622.5,0.0,0.0,0.0,0.0,2
720.0,10.0,0.7196837427327455,0.0,0.0,0.0,0.0,0.0,0.0,0.0,0.0,0.0,0.0,67.63333333333334,0.0,0.0,0.0,0.0,4.0,0.0,2.0,23,0,0.7831168831168831,190.00701741427,623.0,0.0,0.0,0.0,0.0,2
614.0,6.0,0.8910260619423513,0.0,0.0,0.0,0.0,0.0,0.0,0.0,0.0,0.0,4.0,69.88,0.0,0.0,0.0,0.0,8.0,0.0,4.0,23,0,0.7831168831168831,52.025634707004926,692.0,0.0,0.0,0.0,0.0,2
444.0,5.0,0.4329085148013148,0.0,0.0,0.0,0.0,0.0,0.0,0.0,0.0,0.0,0.0,98.78947368421052,0.0,0.0,0.0,0.0,0.0,0.0,0.0,8,1,0.7831168831168831,129.8101177361253,624.0,0.0,0.0,0.0,0.0,3
714.0,7.0,0.933047269471592,0.0,0.0,0.0,0.0,0.0,0.0,0.0,0.0,0.0,0.0,92.3,0.0,0.0,0.0,0.0,0.0,0.0,0.0,8,1,0.7831168831168831,128.8565093427571,623.0,0.0,0.0,0.0,0.0,2
718.0,4.0,0.4991338999932548,0.0,0.0,0.0,0.0,0.0,0.0,0.0,0.0,0.0,0.0,87.0,0.0,0.0,0.0,0.0,30.0,0.0,18.0,9,1,0.7831168831168831,128.3575734682871,622.5,0.0,0.0,0.0,0.0,2
720.0,2.0,0.0481942787777793,0.0,0.0,0.0,0.0,0.0,0.0,0.0,0.0,0.0,0.0,77.46666666666667,0.0,0.0,0.0,0.0,26.0,0.0,8.0,9,1,0.7831168831168831,136.68942899873437,649.0,0.0,0.0,0.0,0.0,2
716.0,1.0,-1.000088900581841e-12,0.0,0.0,0.0,0.0,0.0,0.0,0.0,0.0,0.0,0.0,67.53333333333333,0.0,0.0,0.0,0.0,4.0,0.0,2.0,10,1,0.7831168831168831,2.5819888974799112,717.0,0.0,0.0,0.0,0.0,2
720.0,1.0,-1.000088900581841e-12,0.0,0.0,0.0,0.0,0.0,0.0,0.0,0.0,0.0,0.0,57.6,0.0,0.0,0.0,0.0,6.0,0.0,2.0,10,1,0.7831168831168831,1.914854215523868,718.5,0.0,0.0,0.0,0.0,2
716.0,4.0,0.6209190816317948,0.0,0.0,0.0,0.0,0.0,0.0,0.0,0.0,0.0,0.0,47.833333333333336,0.0,0.0,0.0,0.0,6.0,0.0,4.0,11,1,0.7831168831168831,2.3094010767677786,718.0,0.0,0.0,0.0,0.0,2
662.0,7.0,1.012806055545832,0.0,0.0,0.0,0.0,0.0,0.0,0.0,0.0,0.0,2.0,47.535714285714285,0.0,0.0,0.0,0.0,8.0,0.0,8.0,11,1,0.7831168831168831,27.73084924772488,703.5,0.0,0.0,0.0,0.0,2
716.0,2.0,0.686249498890689,0.0,32.0,0.0,0.0,0.0,0.0,0.0,0.0,0.0,0.0,73.5,0.0,0.0,0.0,0.0,12.0,0.0,10.0,12,1,0.7831168831168831,27.73084924772488,703.5,16.0,8.0,0.0,0.0,2
188.0,7.0,0.8543474287026325,0.0,0.0,0.0,0.0,0.0,0.0,0.0,0.0,0.0,0.0,68.33333333333333,0.0,0.0,0.0,0.0,6.0,0.0,6.0,13,1,0.7831168831168831,250.00999980000807,561.5,15.31883372410141,12.0,0.0,0.0,1
214.0,4.0,0.9767705993951228,0.0,0.0,0.0,0.0,0.0,0.0,0.0,0.0,0.0,0.0,66.23076923076923,0.0,0.0,0.0,0.0,4.0,0.0,4.0,13,1,0.7831168831168831,287.51521698859705,449.5,15.31883372410141,12.0,0.0,0.0,1
264.0,2.0,0.2286318735808613,0.0,0.0,0.0,0.0,0.0,0.0,0.0,0.0,0.0,0.0,63.53333333333333,0.0,0.0,0.0,0.0,2.0,0.0,2.0,14,1,0.7831168831168831,231.1615596648083,336.5,7.999999999999999,4.0,0.0,0.0,1
712.0,4.0,0.2130352549533512,0.0,0.0,0.0,0.0,0.0,0.0,0.0,0.0,0.0,0.0,60.53333333333333,0.0,0.0,0.0,0.0,14.0,0.0,12.0,14,1,0.7831168831168831,247.021591498935,344.5,0.0,0.0,0.0,0.0,1
712.0,5.0,0.6264581427346341,0.0,0.0,0.0,0.0,0.0,0.0,0.0,0.0,0.0,0.0,55.73333333333333,0.0,0.0,0.0,0.0,36.0,0.0,8.0,15,1,0.7831168831168831,273.84849826135627,475.5,0.0,0.0,0.0,0.0,1
712.0,2.0,0.5684233741663725,0.0,26.0,0.0,0.0,0.0,0.0,0.0,0.0,0.0,0.0,52.4,0.0,0.0,0.0,0.0,8.0,0.0,4.0,15,1,0.7831168831168831,224.0000000000001,600.0,13.0,6.5,0.0,0.0,1
328.0,3.0,0.5875461498843693,0.0,0.0,0.0,0.0,0.0,0.0,0.0,0.0,0.0,0.0,48.578947368421055,0.0,0.0,0.0,0.0,6.0,0.0,2.0,16,1,0.7831168831168831,192.0000000000001,616.0,13.0,6.5,0.0,0.0,1
634.0,7.0,0.7246425620433419,0.0,12.0,0.0,0.0,0.0,0.0,0.0,0.0,0.0,0.0,45.035714285714285,0.0,0.0,0.0,0.0,20.0,0.0,18.0,16,1,0.7831168831168831,182.7375166735065,596.5,12.36931687685298,9.5,0.0,0.0,1
652.0,8.0,1.4515567092236297,0.0,0.0,0.0,0.0,0.0,0.0,0.0,0.0,0.0,0.0,33.81481481481482,0.0,0.0,0.0,0.0,32.0,0.0,18.0,17,1,0.7831168831168831,149.8832879276407,528.5,14.177446878757824,10.5,0.0,0.0,2
714.0,5.0,1.1808321101180863,0.0,0.0,0.0,0.0,0.0,0.0,0.0,0.0,0.0,0.0,23.866666666666667,0.0,0.0,0.0,0.0,12.0,0.0,4.0,18,1,0.7831168831168831,90.10364402545945,625.0,14.177446878757824,10.5,0.0,0.0,2
288.0,3.0,0.3748089468074163,0.0,0.0,0.0,0.0,0.0,0.0,0.0,0.0,0.0,0.0,13.333333333333334,0.0,0.0,0.0,0.0,26.0,0.0,14.0,18,1,0.7831168831168831,189.66198002411213,538.5,15.0,7.5,0.0,0.0,2
178.0,1.0,-1.000088900581841e-12,0.0,0.0,0.0,0.0,0.0,0.0,0.0,0.0,0.0,4.0,16.0,0.0,0.0,0.0,0.0,16.0,0.0,10.0,19,1,0.7831168831168831,264.8722962737579,458.0,0.0,0.0,0.0,0.0,2
610.0,3.0,0.7311668225111314,0.0,0.0,0.0,0.0,0.0,0.0,0.0,0.0,0.0,0.0,21.346153846153847,0.0,0.0,0.0,0.0,18.0,0.0,8.0,19,1,0.7831168831168831,255.2769737624868,447.5,0.0,0.0,0.0,0.0,2
162.0,2.0,0.2941752294791332,0.0,0.0,0.0,0.0,0.0,0.0,0.0,0.0,0.0,0.0,20.454545454545453,0.0,0.0,0.0,0.0,6.0,0.0,2.0,20,1,0.7831168831168831,208.01522380184912,309.5,0.0,0.0,0.0,0.0,2
562.0,4.0,0.6352920553228742,0.0,0.0,0.0,0.0,0.0,0.0,0.0,0.0,0.0,4.0,19.43478260869565,0.0,0.0,0.0,0.0,12.0,0.0,6.0,20,1,0.7831168831168831,241.06430677311,378.0,0.0,0.0,0.0,0.0,2
718.0,3.0,0.4917510522857049,0.0,0.0,0.0,0.0,0.0,0.0,0.0,0.0,0.0,0.0,53.266666666666666,0.0,0.0,0.0,0.0,12.0,0.0,6.0,21,0,0.7831168831168831,242.92385638302392,513.0,0.0,0.0,0.0,0.0,3
718.0,7.0,1.198278471100948,0.0,0.0,0.0,0.0,0.0,0.0,0.0,0.0,0.0,0.0,77.63333333333334,0.0,0.0,0.0,0.0,0.0,0.0,0.0,21,0,0.7831168831168831,262.51095215247693,540.0,0.0,0.0,0.0,0.0,3
718.0,5.0,0.901269396952086,0.0,0.0,0.0,0.0,0.0,0.0,0.0,0.0,0.0,0.0,89.6,0.0,6.0,0.0,4.0,24.0,0.0,12.0,22,0,0.7831168831168831,78.00000000000026,679.0,0.0,0.0,0.0,0.0,3
716.0,5.0,0.3267470989162895,0.0,52.0,0.0,0.0,0.0,0.0,0.0,0.0,0.0,0.0,95.43333333333334,0.0,0.0,0.0,0.0,6.0,0.0,2.0,22,0,0.7831168831168831,1.0000000000194025,717.5,26.0,13.0,0.0,0.0,3
638.0,4.0,0.8273448065883957,0.0,0.0,0.0,0.0,0.0,0.0,0.0,0.0,0.0,0.0,90.51851851851852,0.0,0.0,0.0,0.0,30.0,0.0,16.0,23,0,0.7831168831168831,39.677869566464544,697.5,26.0,13.0,0.0,0.0,3
696.0,6.0,1.1950866320389997,0.0,0.0,0.0,0.0,0.0,0.0,0.0,0.0,0.0,0.0,83.06896551724138,0.0,0.0,0.0,0.0,30.0,0.0,12.0,23,0,0.7831168831168831,37.34523619776298,692.0,26.0,13.0,0.0,0.0,2
108.0,1.0,-1.000088900581841e-12,0.0,0.0,0.0,0.0,0.0,0.0,0.0,0.0,0.0,0.0,72.0,0.0,0.0,0.0,0.0,0.0,0.0,0.0,8,1,0.7831168831168831,289.56231338579505,539.5,26.0,13.0,0.0,0.0,4
594.0,6.0,0.7687330926941565,0.0,0.0,0.0,0.0,0.0,0.0,0.0,0.0,0.0,0.0,68.34615384615384,0.0,0.0,0.0,0.0,2.0,0.0,2.0,8,1,0.7831168831168831,270.57716089869825,509.0,0.0,0.0,0.0,0.0,4
596.0,2.0,0.468121228108369,0.0,0.0,0.0,0.0,0.0,0.0,0.0,0.0,0.0,0.0,62.26923076923077,0.0,0.0,0.0,0.0,2.0,0.0,0.0,9,1,0.7831168831168831,264.6526024810639,498.5,0.0,0.0,0.0,0.0,2
164.0,1.0,-1.000088900581841e-12,0.0,0.0,0.0,0.0,0.0,0.0,0.0,0.0,0.0,0.0,61.16666666666666,0.0,0.0,0.0,0.0,0.0,0.0,0.0,9,1,0.7831168831168831,265.98934815765347,365.5,0.0,0.0,0.0,0.0,2
2.0,1.0,-1.000088900581841e-12,0.0,0.0,0.0,0.0,0.0,0.0,0.0,0.0,0.0,0.0,60.333333333333336,2.0,0.0,0.0,0.0,0.0,0.0,0.0,10,1,0.7831168831168831,302.9125286283155,339.0,0.0,0.0,0.0,0.0,2
472.0,8.0,1.3511867754688105,0.0,0.0,0.0,0.0,0.0,0.0,0.0,0.0,0.0,0.0,57.95454545454545,0.0,0.0,0.0,0.0,4.0,0.0,4.0,10,1,0.7831168831168831,273.3806869550225,308.5,0.0,0.0,0.0,0.0,2
270.0,2.0,0.6415255847722902,0.0,0.0,0.0,0.0,0.0,0.0,0.0,0.0,0.0,0.0,55.4,0.0,0.0,0.0,0.0,2.0,0.0,2.0,11,1,0.7831168831168831,197.03468391800132,227.0,0.0,0.0,0.0,0.0,2
716.0,3.0,0.998080948749671,0.0,0.0,0.0,0.0,0.0,0.0,0.0,0.0,0.0,0.0,49.36666666666667,0.0,0.0,0.0,0.0,0.0,0.0,0.0,11,1,0.7831168831168831,303.0093507908076,365.0,0.0,0.0,0.0,0.0,3
98.0,1.0,-1.000088900581841e-12,0.0,0.0,0.0,0.0,0.0,0.0,0.0,0.0,0.0,0.0,44.9,0.0,0.0,0.0,0.0,0.0,0.0,0.0,12,1,0.7831168831168831,266.2455007444571,389.0,0.0,0.0,0.0,0.0,3
332.0,3.0,0.5280217281862076,0.0,0.0,0.0,0.0,0.0,0.0,0.0,0.0,0.0,0.0,43.1764705882353,0.0,0.0,0.0,0.0,4.0,0.0,4.0,12,1,0.7831168831168831,260.84478143141,354.0,0.0,0.0,0.0,0.0,3
158.0,4.0,0.7546541642703435,0.0,0.0,0.0,0.0,0.0,0.0,0.0,0.0,0.0,0.0,41.45454545454545,0.0,0.0,0.0,0.0,2.0,0.0,2.0,13,1,0.7831168831168831,278.294807712972,326.0,0.0,0.0,0.0,0.0,2
570.0,4.0,0.66404346630671,0.0,0.0,0.0,0.0,0.0,0.0,0.0,0.0,0.0,0.0,35.16,0.0,0.0,0.0,0.0,0.0,0.0,0.0,13,1,0.7831168831168831,211.70025980144672,289.5,0.0,0.0,0.0,0.0,2
12.0,1.0,-1.000088900581841e-12,0.0,0.0,0.0,0.0,0.0,0.0,0.0,0.0,0.0,0.0,32.0,0.0,0.0,0.0,0.0,0.0,0.0,0.0,14,1,0.7831168831168831,240.09442586893468,268.0,0.0,0.0,0.0,0.0,3
6.0,1.0,-1.000088900581841e-12,0.0,0.0,0.0,0.0,0.0,0.0,0.0,0.0,0.0,0.0,31.5,2.0,0.0,0.0,0.0,0.0,0.0,0.0,14,1,0.7831168831168831,265.15090043218794,186.5,0.0,0.0,0.0,0.0,3
628.0,10.0,1.5080846988631238,0.0,0.0,0.0,0.0,0.0,0.0,0.0,0.0,0.0,0.0,20.96153846153846,0.0,0.0,0.0,0.0,2.0,0.0,2.0,15,1,0.7831168831168831,341.4674215792775,304.0,0.0,0.0,0.0,0.0,3
712.0,4.0,0.7813894805019536,0.0,0.0,0.0,0.0,0.0,0.0,0.0,0.0,0.0,0.0,16.3,0.0,0.0,0.0,0.0,4.0,0.0,2.0,15,1,0.7831168831168831,383.17402486772687,339.5,0.0,0.0,0.0,0.0,3
178.0,1.0,-1.000088900581841e-12,0.0,0.0,0.0,0.0,0.0,0.0,0.0,0.0,0.0,0.0,15.666666666666666,0.0,0.0,0.0,0.0,0.0,0.0,0.0,16,1,0.7831168831168831,342.73605004434535,381.0,0.0,0.0,0.0,0.0,3
214.0,3.0,0.2939668138354333,0.0,0.0,0.0,0.0,0.0,0.0,0.0,0.0,0.0,0.0,14.23076923076923,2.0,0.0,0.0,0.0,8.0,0.0,4.0,16,1,0.7831168831168831,276.1955828756137,433.0,0.0,0.0,0.0,0.0,3
586.0,4.0,0.4692993476028237,0.0,0.0,0.0,0.0,0.0,0.0,0.0,0.0,0.0,4.0,17.5,0.0,0.0,0.0,0.0,26.0,0.0,12.0,17,1,0.7831168831168831,266.9550523964662,422.5,0.0,0.0,0.0,0.0,2
718.0,1.0,-1.000088900581841e-12,0.0,0.0,0.0,0.0,0.0,0.0,0.0,0.0,0.0,0.0,55.23333333333333,0.0,0.0,0.0,0.0,0.0,0.0,0.0,17,1,0.7831168831168831,269.1319379040697,424.0,0.0,0.0,0.0,0.0,3
706.0,4.0,0.7405101368933562,0.0,0.0,0.0,0.0,0.0,0.0,0.0,0.0,0.0,0.0,82.0,0.0,0.0,0.0,0.0,32.0,0.0,6.0,18,1,0.7831168831168831,235.66077314648703,556.0,0.0,0.0,0.0,0.0,3
574.0,3.0,0.7806692080254181,0.0,0.0,0.0,0.0,0.0,0.0,0.0,0.0,0.0,0.0,81.48,0.0,0.0,0.0,0.0,32.0,0.0,8.0,18,1,0.7831168831168831,76.5245058788361,646.0,0.0,0.0,0.0,0.0,3
638.0,4.0,1.126725185760488,0.0,0.0,0.0,0.0,0.0,0.0,0.0,0.0,0.0,0.0,75.81481481481481,0.0,0.0,0.0,0.0,16.0,0.0,4.0,19,1,0.7831168831168831,66.72330927044925,659.0,0.0,0.0,0.0,0.0,3
498.0,2.0,0.02616643441887,0.0,0.0,0.0,0.0,0.0,0.0,0.0,0.0,0.0,0.0,73.25,0.0,0.0,0.0,0.0,16.0,0.0,2.0,19,1,0.7831168831168831,88.8744432706427,604.0,0.0,0.0,0.0,0.0,3
432.0,1.0,-1.000088900581841e-12,0.0,0.0,0.0,0.0,0.0,0.0,0.0,0.0,0.0,0.0,72.42857142857143,0.0,0.0,0.0,0.0,8.0,0.0,0.0,20,1,0.7831168831168831,89.64188009332852,535.5,0.0,0.0,0.0,0.0,2
358.0,3.0,0.6446742820933327,0.0,0.0,0.0,0.0,0.0,0.0,0.0,0.0,0.0,0.0,69.77777777777777,0.0,0.0,0.0,0.0,8.0,0.0,4.0,20,1,0.7831168831168831,118.97758892609434,481.5,0.0,0.0,0.0,0.0,2
716.0,3.0,0.7179318738249321,0.0,0.0,0.0,0.0,0.0,0.0,0.0,0.0,0.0,0.0,62.2,0.0,6.0,6.0,0.0,16.0,0.0,2.0,21,0,0.7831168831168831,154.3200138240879,501.0,0.0,0.0,0.0,0.0,2
74.0,1.0,-1.000088900581841e-12,0.0,0.0,0.0,0.0,0.0,0.0,0.0,0.0,0.0,0.0,58.888888888888886,0.0,0.0,0.0,0.0,0.0,0.0,0.0,21,0,0.7831168831168831,263.8307538303044,395.0,0.0,0.0,0.0,0.0,3
504.0,4.0,0.5888483462553545,0.0,0.0,0.0,0.0,0.0,0.0,0.0,0.0,0.0,0.0,54.45454545454545,0.0,0.0,0.0,8.0,8.0,0.0,2.0,22,0,0.7831168831168831,269.58981187475666,413.0,0.0,0.0,0.0,0.0,3
720.0,7.0,1.099200898919004,0.0,0.0,0.0,0.0,0.0,0.0,0.0,0.0,0.0,0.0,44.9,0.0,0.0,0.0,0.0,16.0,0.0,2.0,22,0,0.7831168831168831,303.5890863211874,503.5,0.0,0.0,0.0,0.0,2
442.0,5.0,0.5947792575997343,0.0,0.0,0.0,0.0,0.0,0.0,0.0,0.0,0.0,0.0,36.71428571428572,0.0,0.0,0.0,0.0,24.0,0.0,8.0,23,0,0.7831168831168831,268.54918854218624,435.0,0.0,0.0,0.0,0.0,2
174.0,4.0,1.164775050860673,0.0,0.0,0.0,0.0,0.0,0.0,0.0,0.0,0.0,0.0,35.44444444444444,0.0,0.0,0.0,0.0,8.0,0.0,4.0,23,0,0.7831168831168831,224.83771925546665,460.0,0.0,0.0,0.0,0.0,2
680.0,5.0,1.1732067226330438,0.0,0.0,0.0,0.0,0.0,0.0,0.0,0.0,0.0,0.0,30.55555555555556,0.0,0.0,0.0,0.0,6.0,0.0,2.0,8,1,0.7831168831168831,251.91003685178305,504.0,0.0,0.0,0.0,0.0,2
688.0,2.0,0.2377098793505192,0.0,0.0,0.0,0.0,0.0,0.0,0.0,0.0,0.0,0.0,30.0,0.0,0.0,0.0,0.0,24.0,0.0,6.0,9,1,0.7831168831168831,243.11862673737423,496.0,0.0,0.0,0.0,0.0,2
694.0,4.0,0.236999178452132,0.0,0.0,0.0,0.0,0.0,0.0,0.0,0.0,0.0,0.0,30.0,0.0,0.0,0.0,0.0,24.0,0.0,14.0,9,1,0.7831168831168831,256.7307279362303,559.0,0.0,0.0,0.0,0.0,3
170.0,2.0,0.111474023450228,0.0,0.0,0.0,0.0,0.0,0.0,0.0,0.0,0.0,0.0,29.9,0.0,0.0,0.0,0.0,24.0,0.0,8.0,10,1,0.7831168831168831,258.730232739302,558.0,0.0,0.0,0.0,0.0,2
708.0,6.0,0.5277951660615604,0.0,0.0,0.0,0.0,0.0,0.0,0.0,0.0,0.0,0.0,37.7,0.0,0.0,0.0,0.0,12.0,0.0,4.0,13,1,0.7831168831168831,360.238347024115,394.5,0.0,0.0,0.0,0.0,2
292.0,4.0,0.8798886628080134,0.0,0.0,0.0,0.0,0.0,0.0,0.0,0.0,0.0,0.0,38.333333333333336,0.0,0.0,0.0,0.0,18.0,0.0,10.0,14,1,0.7831168831168831,304.86062389229613,385.0,0.0,0.0,0.0,0.0,2
12.0,1.0,-1.000088900581841e-12,0.0,0.0,0.0,0.0,0.0,0.0,0.0,0.0,0.0,0.0,35.166666666666664,0.0,0.0,0.0,0.0,0.0,0.0,0.0,15,1,0.7831168831168831,263.27362192213644,356.5,0.0,0.0,0.0,0.0,1
0.0,0.0,0.0,0.0,0.0,0.0,0.0,0.0,0.0,0.0,0.0,0.0,0.0,34.0,0.0,0.0,0.0,0.0,0.0,0.0,0.0,16,1,0.7831168831168831,290.70947696970603,152.0,0.0,0.0,0.0,0.0,1
718.0,7.0,0.8326187246735288,0.0,0.0,0.0,0.0,0.0,0.0,0.0,0.0,0.0,0.0,24.966666666666665,0.0,0.0,0.0,0.0,36.0,0.0,14.0,17,1,0.7831168831168831,337.316863893086,231.0,0.0,0.0,0.0,0.0,2
442.0,1.0,-1.000088900581841e-12,0.0,0.0,0.0,0.0,0.0,0.0,0.0,0.0,0.0,0.0,14.0,0.0,0.0,0.0,0.0,8.0,0.0,4.0,18,1,0.7831168831168831,224.18667816502105,488.5,0.0,0.0,0.0,0.0,2
718.0,3.0,0.7305184455909187,0.0,0.0,0.0,0.0,0.0,0.0,0.0,0.0,0.0,4.0,25.4,0.0,0.0,0.0,0.0,4.0,0.0,0.0,19,1,0.7831168831168831,152.62153626973287,534.0,0.0,0.0,0.0,0.0,2
718.0,1.0,-1.000088900581841e-12,0.0,0.0,0.0,0.0,0.0,0.0,0.0,0.0,0.0,0.0,90.2,0.0,0.0,0.0,0.0,0.0,0.0,0.0,20,1,0.7831168831168831,169.00000000000017,633.5,0.0,0.0,0.0,0.0,2
402.0,5.0,0.5419010226754781,0.0,0.0,0.0,0.0,0.0,0.0,0.0,0.0,0.0,0.0,91.89473684210526,0.0,0.0,0.0,0.0,4.0,0.0,2.0,21,0,0.7831168831168831,157.344632362637,638.0,0.0,0.0,0.0,0.0,2
714.0,5.0,1.190533023828187,0.0,0.0,0.0,0.0,0.0,0.0,0.0,0.0,0.0,0.0,78.33333333333333,0.0,0.0,0.0,0.0,16.0,0.0,8.0,22,0,0.7831168831168831,156.00000000000017,636.0,0.0,0.0,0.0,0.0,2
582.0,5.0,0.8483572431042188,0.0,0.0,0.0,0.0,0.0,0.0,0.0,0.0,0.0,0.0,68.57692307692308,0.0,0.0,0.0,0.0,8.0,0.0,4.0,23,0,0.7831168831168831,63.37191807101984,676.0,0.0,0.0,0.0,0.0,2
548.0,8.0,1.409891310810635,0.0,0.0,0.0,0.0,0.0,0.0,0.0,0.0,0.0,0.0,77.16666666666667,0.0,0.0,0.0,0.0,106.0,0.0,30.0,11,1,0.7831168831168831,94.3239100122554,597.5,0.0,0.0,0.0,0.0,2
352.0,3.0,0.6448246832412895,0.0,0.0,0.0,0.0,0.0,0.0,0.0,0.0,0.0,0.0,68.25,0.0,0.0,0.0,0.0,84.0,0.0,4.0,12,1,0.7831168831168831,149.90107849289606,544.5,0.0,0.0,0.0,0.0,2
596.0,3.0,0.711268489026663,0.0,0.0,0.0,0.0,0.0,0.0,0.0,0.0,0.0,0.0,54.48148148148148,0.0,0.0,0.0,0.0,0.0,0.0,0.0,13,1,0.7831168831168831,119.31331303197776,528.5,0.0,0.0,0.0,0.0,2
718.0,6.0,0.5621825713648368,0.0,0.0,0.0,0.0,0.0,0.0,0.0,0.0,0.0,0.0,43.63333333333333,0.0,0.0,0.0,0.0,0.0,0.0,0.0,14,1,0.7831168831168831,280.5060902487978,502.5,0.0,0.0,0.0,0.0,2
720.0,5.0,0.9983873907807218,0.0,0.0,0.0,0.0,0.0,0.0,0.0,0.0,0.0,0.0,29.4,0.0,0.0,0.0,0.0,48.0,0.0,20.0,15,1,0.7831168831168831,300.59052990183625,534.0,0.0,0.0,0.0,0.0,2
48.0,3.0,1.050571751328643,0.0,0.0,0.0,0.0,0.0,0.0,0.0,0.0,0.0,0.0,12.0,0.0,0.0,0.0,0.0,12.0,0.0,2.0,16,1,0.7831168831168831,312.7171245710731,512.0,0.0,0.0,0.0,0.0,2
442.0,2.0,0.1246887971591201,0.0,0.0,0.0,0.0,0.0,0.0,0.0,0.0,0.0,12.0,27.33333333333333,0.0,0.0,0.0,0.0,36.0,0.0,4.0,17,1,0.7831168831168831,265.1741566090733,356.0,0.0,0.0,0.0,0.0,2
716.0,3.0,0.1466180434605478,0.0,0.0,0.0,0.0,0.0,0.0,0.0,0.0,0.0,0.0,84.43333333333334,0.0,0.0,0.0,0.0,24.0,0.0,4.0,18,1,0.7831168831168831,223.17930011540057,534.5,0.0,0.0,0.0,0.0,2
678.0,6.0,1.0083584671751191,0.0,0.0,0.0,0.0,0.0,0.0,0.0,0.0,0.0,0.0,89.10344827586206,0.0,0.0,0.0,0.0,36.0,0.0,6.0,19,1,0.7831168831168831,19.689252567497267,707.5,0.0,0.0,0.0,0.0,2
256.0,3.0,0.9023933486562812,0.0,0.0,0.0,0.0,0.0,0.0,0.0,0.0,0.0,0.0,82.28571428571429,0.0,0.0,0.0,0.0,12.0,0.0,4.0,20,1,0.7831168831168831,225.00074073952152,509.0,0.0,0.0,0.0,0.0,2
406.0,4.0,0.8828948710859437,0.0,0.0,0.0,0.0,0.0,0.0,0.0,0.0,0.0,0.0,70.80952380952381,0.0,0.0,0.0,0.0,72.0,0.0,10.0,21,0,0.7831168831168831,135.85286158193372,408.0,0.0,0.0,0.0,0.0,2
246.0,2.0,0.1949086871858176,0.0,0.0,0.0,0.0,0.0,0.0,0.0,0.0,0.0,0.0,66.13333333333334,0.0,0.0,0.0,0.0,24.0,0.0,4.0,22,0,0.7831168831168831,144.0775254275745,393.5,0.0,0.0,0.0,0.0,2
282.0,3.0,0.2498004206589876,0.0,0.0,0.0,0.0,0.0,0.0,0.0,0.0,0.0,0.0,59.5625,0.0,0.0,0.0,0.0,72.0,0.0,18.0,23,0,0.7831168831168831,143.8367129769032,357.5,0.0,0.0,0.0,0.0,2
568.0,6.0,0.8349577532174444,0.0,0.0,0.0,0.0,0.0,0.0,0.0,0.0,0.0,0.0,53.92307692307692,0.0,0.0,0.0,0.0,48.0,0.0,12.0,0,0,0.7831168831168831,149.68856558423795,505.0,0.0,0.0,0.0,0.0,2
10.0,1.0,-1.000088900581841e-12,0.0,0.0,0.0,0.0,0.0,0.0,0.0,0.0,0.0,0.0,51.0,0.0,0.0,0.0,0.0,0.0,0.0,0.0,1,0,0.7831168831168831,306.77027235375994,323.0,0.0,0.0,0.0,0.0,2
0.0,0.0,0.0,0.0,0.0,0.0,0.0,0.0,0.0,0.0,0.0,0.0,0.0,48.833333333333336,12.0,0.0,0.0,0.0,0.0,0.0,0.0,2,0,0.7831168831168831,53.54126134736373,30.0,0.0,0.0,0.0,0.0,2
0.0,0.0,0.0,0.0,0.0,0.0,0.0,0.0,0.0,0.0,0.0,0.0,0.0,47.0,0.0,0.0,0.0,0.0,0.0,0.0,0.0,3,0,0.7831168831168831,0.0,0.0,0.0,0.0,0.0,0.0,2
0.0,0.0,0.0,0.0,0.0,0.0,0.0,0.0,0.0,0.0,0.0,0.0,0.0,45.5,8.0,0.0,0.0,0.0,0.0,0.0,0.0,4,0,0.7831168831168831,0.0,0.0,0.0,0.0,0.0,0.0,2
0.0,0.0,0.0,0.0,0.0,0.0,0.0,0.0,0.0,0.0,0.0,0.0,0.0,45.0,0.0,0.0,0.0,0.0,0.0,0.0,0.0,5,0,0.7831168831168831,0.0,0.0,0.0,0.0,0.0,0.0,2
0.0,0.0,0.0,0.0,0.0,0.0,0.0,0.0,0.0,0.0,0.0,0.0,0.0,45.0,0.0,0.0,0.0,0.0,0.0,0.0,0.0,6,0,0.7831168831168831,0.0,0.0,0.0,0.0,0.0,0.0,2
0.0,0.0,0.0,0.0,0.0,0.0,0.0,0.0,0.0,0.0,0.0,0.0,0.0,45.0,0.0,0.0,0.0,0.0,0.0,0.0,0.0,7,0,0.7831168831168831,0.0,0.0,0.0,0.0,0.0,0.0,2
342.0,2.0,0.0358990284389961,0.0,0.0,0.0,0.0,0.0,0.0,0.0,0.0,0.0,0.0,40.05555555555556,0.0,0.0,0.0,0.0,24.0,0.0,2.0,8,1,0.7831168831168831,171.0000000000001,85.5,0.0,0.0,0.0,0.0,2
528.0,7.0,1.2911224687601304,0.0,0.0,0.0,0.0,0.0,0.0,0.0,0.0,0.0,0.0,34.458333333333336,0.0,0.0,0.0,0.0,108.0,0.0,20.0,9,1,0.7831168831168831,224.7665455533809,264.0,0.0,0.0,0.0,0.0,2
592.0,8.0,1.6976856194671792,0.0,0.0,0.0,0.0,0.0,0.0,0.0,0.0,0.0,10.0,13.307692307692308,0.0,0.0,0.0,0.0,48.0,0.0,14.0,10,1,0.7831168831168831,211.75063951103755,492.5,0.0,0.0,0.0,0.0,2
720.0,3.0,0.7209672019544036,0.0,0.0,0.0,0.0,0.0,0.0,0.0,0.0,0.0,0.0,34.5,0.0,0.0,0.0,0.0,0.0,0.0,0.0,11,1,0.7831168831168831,53.103672189407405,663.0,0.0,0.0,0.0,0.0,2
718.0,7.0,1.5099114197753694,0.0,0.0,0.0,0.0,0.0,0.0,0.0,0.0,0.0,0.0,60.241379310344826,0.0,0.0,0.0,0.0,52.0,0.0,18.0,12,1,0.7831168831168831,21.354156504063614,708.0,0.0,0.0,0.0,0.0,2
718.0,2.0,0.0344701086632955,0.0,0.0,0.0,0.0,0.0,0.0,0.0,0.0,0.0,0.0,86.7,0.0,0.0,0.0,0.0,14.0,0.0,4.0,13,1,0.7831168831168831,1.0000000000213825,717.5,0.0,0.0,0.0,0.0,2
182.0,2.0,0.5530981571621705,0.0,0.0,0.0,0.0,0.0,0.0,0.0,0.0,0.0,0.0,62.833333333333336,0.0,0.0,0.0,0.0,0.0,0.0,0.0,15,1,0.7831168831168831,268.0049750782002,584.0,0.0,0.0,0.0,0.0,2
0.0,0.0,0.0,0.0,0.0,0.0,0.0,0.0,0.0,0.0,0.0,0.0,0.0,60.66666666666666,10.0,0.0,0.0,0.0,0.0,0.0,0.0,16,1,0.7831168831168831,337.0736813616078,228.0,0.0,0.0,0.0,0.0,2
596.0,5.0,1.1703294776031787,0.0,0.0,0.0,0.0,0.0,0.0,0.0,0.0,0.0,0.0,49.74074074074074,0.0,0.0,0.0,0.0,48.0,0.0,6.0,17,1,0.7831168831168831,332.2383682438459,293.5,0.0,0.0,0.0,0.0,2
446.0,3.0,0.4903562118358203,0.0,0.0,0.0,0.0,0.0,0.0,0.0,0.0,0.0,0.0,42.66666666666666,0.0,0.0,0.0,0.0,32.0,0.0,10.0,18,1,0.7831168831168831,269.8962763729801,405.0,0.0,0.0,0.0,0.0,2
310.0,3.0,0.9066201258345414,0.0,0.0,0.0,0.0,0.0,0.0,0.0,0.0,0.0,0.0,27.647058823529413,0.0,0.0,0.0,0.0,16.0,0.0,6.0,19,1,0.7831168831168831,292.0473705868052,370.5,0.0,0.0,0.0,0.0,2
246.0,5.0,1.1468310171155156,0.0,0.0,0.0,0.0,0.0,0.0,0.0,0.0,0.0,0.0,12.071428571428571,0.0,0.0,0.0,0.0,0.0,0.0,0.0,20,1,0.7831168831168831,227.78937639846168,376.0,0.0,0.0,0.0,0.0,2
712.0,4.0,0.4485707664146611,0.0,0.0,0.0,0.0,0.0,0.0,0.0,0.0,0.0,0.0,21.0,0.0,0.0,0.0,0.0,48.0,0.0,18.0,21,0,0.7831168831168831,234.74809193402768,360.0,0.0,0.0,0.0,0.0,2
142.0,1.0,-1.000088900581841e-12,0.0,0.0,0.0,0.0,0.0,0.0,0.0,0.0,0.0,0.0,19.818181818181817,0.0,0.0,0.0,0.0,16.0,0.0,4.0,22,0,0.7831168831168831,295.0999830565906,287.0,0.0,0.0,0.0,0.0,2
328.0,2.0,0.1569361105439723,0.0,0.0,0.0,0.0,0.0,0.0,0.0,0.0,0.0,0.0,16.8125,0.0,0.0,0.0,0.0,48.0,0.0,14.0,23,0,0.7831168831168831,138.49187701811266,209.0,0.0,0.0,0.0,0.0,2
40.0,1.0,-1.000088900581841e-12,0.0,0.0,0.0,0.0,0.0,0.0,0.0,0.0,0.0,0.0,13.0,0.0,0.0,0.0,0.0,16.0,0.0,2.0,0,0,0.7831168831168831,155.14616763985305,268.5,0.0,0.0,0.0,0.0,2
598.0,5.0,0.9533572777097448,0.0,0.0,0.0,0.0,0.0,0.0,0.0,0.0,0.0,0.0,92.37037037037037,0.0,0.0,0.0,0.0,4.0,0.0,4.0,9,1,0.7831168831168831,234.8020442841162,365.0,0.0,0.0,0.0,0.0,2
224.0,2.0,0.6568316748215766,0.0,0.0,0.0,0.0,0.0,0.0,0.0,0.0,0.0,0.0,82.28571428571429,0.0,0.0,0.0,0.0,0.0,0.0,0.0,10,1,0.7831168831168831,157.94513815457165,400.0,0.0,0.0,0.0,0.0,2
224.0,5.0,0.7875184884018006,0.0,0.0,0.0,0.0,0.0,0.0,0.0,0.0,0.0,0.0,79.0,2.0,0.0,0.0,0.0,2.0,0.0,2.0,11,1,0.7831168831168831,137.4275566738105,200.5,0.0,0.0,0.0,0.0,2
532.0,1.0,-1.000088900581841e-12,0.0,0.0,0.0,0.0,0.0,0.0,0.0,0.0,0.0,0.0,66.0,0.0,0.0,0.0,0.0,2.0,0.0,2.0,12,1,0.7831168831168831,314.5467638788654,371.5,0.0,0.0,0.0,0.0,2
430.0,3.0,0.0823469370010045,0.0,0.0,0.0,0.0,0.0,0.0,0.0,0.0,0.0,0.0,58.04761904761905,0.0,0.0,0.0,0.0,4.0,0.0,0.0,13,1,0.7831168831168831,119.937483715476,566.5,0.0,0.0,0.0,0.0,2
712.0,7.0,1.1258455332539397,0.0,0.0,0.0,0.0,0.0,0.0,0.0,0.0,0.0,0.0,53.03333333333333,0.0,0.0,0.0,0.0,8.0,0.0,8.0,14,1,0.7831168831168831,297.2877394041,439.0,0.0,0.0,0.0,0.0,2
318.0,2.0,0.4019839455368726,0.0,0.0,0.0,0.0,0.0,0.0,0.0,0.0,0.0,0.0,49.11764705882353,0.0,0.0,0.0,0.0,8.0,0.0,8.0,15,1,0.7831168831168831,280.6819077413673,345.5,0.0,0.0,0.0,0.0,2
2.0,1.0,-1.000088900581841e-12,0.0,0.0,0.0,0.0,0.0,0.0,0.0,0.0,0.0,0.0,47.0,2.0,0.0,0.0,0.0,0.0,0.0,0.0,16,1,0.7831168831168831,181.35048938450672,164.0,0.0,0.0,0.0,0.0,2
12.0,1.0,-1.000088900581841e-12,0.0,0.0,0.0,0.0,0.0,0.0,0.0,0.0,0.0,0.0,46.0,0.0,0.0,0.0,0.0,0.0,0.0,0.0,17,1,0.7831168831168831,68.82828875784585,43.0,0.0,0.0,0.0,0.0,2
16.0,3.0,1.039720770836918,0.0,0.0,0.0,0.0,0.0,0.0,0.0,0.0,0.0,0.0,44.16666666666666,0.0,0.0,0.0,0.0,2.0,0.0,2.0,18,1,0.7831168831168831,67.85032547207672,44.5,0.0,0.0,0.0,0.0,3
716.0,5.0,1.3147118716802055,0.0,0.0,0.0,0.0,0.0,0.0,0.0,0.0,0.0,0.0,36.3,0.0,0.0,0.0,0.0,4.0,0.0,4.0,19,1,0.7831168831168831,348.8165707072989,297.5,0.0,0.0,0.0,0.0,3
394.0,2.0,0.031881529704611,0.0,0.0,0.0,0.0,0.0,0.0,0.0,0.0,0.0,0.0,28.05263157894737,0.0,0.0,0.0,0.0,0.0,0.0,0.0,20,1,0.7831168831168831,169.22174801130046,569.0,0.0,0.0,0.0,0.0,2
718.0,5.0,1.0419115625018882,0.0,0.0,0.0,0.0,0.0,0.0,0.0,0.0,0.0,0.0,17.933333333333334,0.0,0.0,0.0,0.0,0.0,0.0,0.0,21,0,0.7831168831168831,215.91665058535912,531.0,0.0,0.0,0.0,0.0,2
508.0,4.0,1.0100754452714713,0.0,0.0,0.0,2.0,0.0,0.0,0.0,0.0,0.0,0.0,30.17391304347826,0.0,0.0,0.0,0.0,6.0,0.0,6.0,23,0,0.7831168831168831,216.7825331217133,550.0,0.0,0.0,1.0,0.5,2
604.0,7.0,0.6396055219828269,0.0,0.0,0.0,0.0,0.0,0.0,0.0,0.0,0.0,0.0,95.5,0.0,0.0,0.0,0.0,0.0,0.0,0.0,9,1,0.7831168831168831,91.27978965795252,591.0,0.0,0.0,1.1547005383792517,1.0,2
370.0,4.0,0.3343710139523572,0.0,0.0,0.0,0.0,0.0,0.0,0.0,0.0,0.0,0.0,81.27777777777777,0.0,0.0,0.0,0.0,2.0,0.0,2.0,10,1,0.7831168831168831,145.4407095692264,557.5,0.0,0.0,1.0,0.5,2
312.0,6.0,1.1567994577838974,0.0,0.0,0.0,0.0,0.0,0.0,0.0,0.0,0.0,0.0,69.4375,0.0,0.0,0.0,0.0,6.0,0.0,6.0,11,1,0.7831168831168831,210.69409104196552,522.0,0.0,0.0,0.0,0.0,2
718.0,4.0,1.1184859357930417,0.0,0.0,0.0,0.0,0.0,0.0,0.0,0.0,0.0,0.0,60.86666666666667,0.0,0.0,0.0,0.0,6.0,0.0,2.0,12,1,0.7831168831168831,321.66442140839894,441.0,0.0,0.0,0.0,0.0,2
526.0,7.0,1.47317971397413,0.0,0.0,0.0,0.0,0.0,0.0,0.0,0.0,0.0,0.0,48.41666666666666,0.0,0.0,0.0,0.0,12.0,0.0,8.0,13,1,0.7831168831168831,283.014133922672,437.5,0.0,0.0,0.0,0.0,2
718.0,7.0,1.646542990852094,0.0,0.0,0.0,0.0,0.0,0.0,0.0,0.0,0.0,0.0,38.13333333333333,0.0,0.0,0.0,0.0,12.0,0.0,6.0,14,1,0.7831168831168831,192.19781476385225,489.0,0.0,0.0,0.0,0.0,2
408.0,2.0,0.0766488007741842,0.0,0.0,0.0,0.0,0.0,0.0,0.0,0.0,0.0,0.0,20.0,0.0,0.0,0.0,0.0,10.0,0.0,4.0,15,1,0.7831168831168831,232.8891009328977,524.0,0.0,0.0,0.0,0.0,2
138.0,1.0,-1.000088900581841e-12,0.0,0.0,0.0,0.0,0.0,0.0,0.0,0.0,0.0,0.0,12.0,0.0,0.0,0.0,0.0,8.0,0.0,4.0,16,1,0.7831168831168831,282.434063101461,344.5,0.0,0.0,0.0,0.0,2
0.0,0.0,0.0,0.0,0.0,0.0,0.0,0.0,0.0,0.0,0.0,0.0,0.0,0.0,0.0,0.0,0.0,0.0,8.0,0.0,4.0,17,1,0.7831168831168831,172.82360949823973,165.0,0.0,0.0,0.0,0.0,2
386.0,5.0,1.077916431656493,0.0,0.0,0.0,0.0,0.0,0.0,0.0,0.0,0.0,8.0,21.5625,0.0,0.0,0.0,0.0,46.0,0.0,18.0,18,1,0.7831168831168831,162.55768207008876,159.5,0.0,0.0,0.0,0.0,2
718.0,4.0,1.2300279375206031,0.0,0.0,0.0,0.0,0.0,0.0,0.0,0.0,0.0,0.0,78.56666666666666,0.0,0.0,0.0,0.0,10.0,0.0,2.0,19,1,0.7831168831168831,341.6250381144022,455.5,0.0,0.0,0.0,0.0,2
198.0,3.0,0.8661839144506991,0.0,0.0,0.0,0.0,0.0,0.0,0.0,0.0,0.0,0.0,72.25,0.0,0.0,0.0,0.0,0.0,0.0,0.0,20,1,0.7831168831168831,259.6683782570891,587.5,0.0,0.0,0.0,0.0,2
382.0,3.0,0.8734640515273355,0.0,0.0,0.0,0.0,0.0,0.0,0.0,0.0,0.0,0.0,69.0,0.0,0.0,0.0,0.0,50.0,0.0,14.0,21,0,0.7831168831168831,258.2763377986197,360.0,0.0,0.0,0.0,0.0,2
714.0,9.0,1.0768722839405895,0.0,0.0,0.0,0.0,0.0,0.0,0.0,0.0,0.0,0.0,55.833333333333336,0.0,0.0,0.0,0.0,20.0,0.0,6.0,22,0,0.7831168831168831,236.71642669376945,432.0,0.0,0.0,0.0,0.0,2
634.0,6.0,0.9367766394359744,0.0,0.0,0.0,0.0,0.0,0.0,0.0,0.0,0.0,0.0,47.25925925925926,0.0,0.0,0.0,0.0,60.0,0.0,16.0,23,0,0.7831168831168831,165.07775945495115,544.0,0.0,0.0,0.0,0.0,2
418.0,6.0,1.0528323355100035,0.0,0.0,0.0,0.0,0.0,0.0,0.0,0.0,0.0,0.0,34.94117647058823,0.0,0.0,0.0,0.0,10.0,0.0,4.0,0,0,0.7831168831168831,177.74419821755097,527.5,0.0,0.0,0.0,0.0,2
598.0,6.0,1.0817203672679236,0.0,0.0,0.0,0.0,0.0,0.0,0.0,0.0,0.0,0.0,31.923076923076923,0.0,0.0,0.0,0.0,8.0,0.0,4.0,9,1,0.7831168831168831,253.93700006103887,467.0,0.0,0.0,0.0,0.0,2
302.0,5.0,1.0499269945359837,0.0,0.0,0.0,0.0,0.0,0.0,0.0,0.0,0.0,0.0,12.5,0.0,0.0,0.0,0.0,0.0,0.0,0.0,10,1,0.7831168831168831,267.6515147226583,438.0,0.0,0.0,0.0,0.0,2
718.0,1.0,-1.000088900581841e-12,0.0,0.0,0.0,0.0,0.0,0.0,0.0,0.0,0.0,0.0,97.6,0.0,0.0,0.0,0.0,0.0,0.0,0.0,13,1,0.7831168831168831,197.1556069031094,589.5,0.0,0.0,0.0,0.0,2
642.0,4.0,0.8103445469975339,0.0,0.0,0.0,0.0,0.0,0.0,0.0,0.0,0.0,0.0,99.93333333333334,0.0,0.0,0.0,0.0,10.0,0.0,10.0,14,1,0.7831168831168831,52.46903848938016,673.5,0.0,0.0,0.0,0.0,2
526.0,5.0,0.7219472103798633,0.0,0.0,0.0,0.0,0.0,0.0,0.0,0.0,0.0,0.0,96.32,0.0,0.0,0.0,0.0,24.0,0.0,14.0,15,1,0.7831168831168831,122.83729075488458,538.5,0.0,0.0,0.0,0.0,2
450.0,4.0,0.7436943341080932,0.0,0.0,0.0,0.0,0.0,0.0,0.0,0.0,0.0,0.0,91.76190476190476,0.0,0.0,0.0,0.0,6.0,0.0,2.0,16,1,0.7831168831168831,64.23654204059697,444.5,0.0,0.0,0.0,0.0,2
718.0,5.0,0.4415466998083005,0.0,0.0,0.0,0.0,0.0,0.0,0.0,0.0,0.0,0.0,82.73333333333333,0.0,0.0,0.0,0.0,0.0,0.0,0.0,17,1,0.7831168831168831,194.28072472584623,461.5,0.0,0.0,0.0,0.0,2
536.0,8.0,1.130622902888584,0.0,0.0,0.0,0.0,0.0,0.0,0.0,0.0,0.0,0.0,71.625,0.0,0.0,0.0,0.0,70.0,0.0,10.0,18,1,0.7831168831168831,215.04108134648763,546.0,0.0,0.0,0.0,0.0,2
718.0,6.0,0.7771390745980474,0.0,0.0,0.0,0.0,0.0,0.0,0.0,0.0,0.0,0.0,57.63333333333333,0.0,0.0,0.0,0.0,20.0,0.0,4.0,19,1,0.7831168831168831,86.82549548759694,664.0,0.0,0.0,0.0,0.0,2
632.0,7.0,1.0613386569662904,0.0,0.0,0.0,0.0,0.0,0.0,0.0,0.0,0.0,0.0,44.642857142857146,0.0,0.0,0.0,0.0,20.0,0.0,8.0,20,1,0.7831168831168831,43.00000000000056,696.5,0.0,0.0,0.0,0.0,2
718.0,9.0,1.4096533313922452,0.0,0.0,0.0,0.0,0.0,0.0,0.0,0.0,0.0,0.0,36.6,0.0,0.0,0.0,6.0,40.0,0.0,8.0,21,0,0.7831168831168831,282.5898087334362,549.5,0.0,0.0,0.0,0.0,2
538.0,4.0,0.8222313320165049,0.0,0.0,0.0,0.0,0.0,0.0,0.0,0.0,0.0,0.0,24.04,0.0,0.0,0.0,0.0,56.0,0.0,16.0,22,0,0.7831168831168831,275.477766797976,524.0,0.0,0.0,0.0,0.0,2
548.0,4.0,0.6064165653184496,0.0,0.0,0.0,0.0,0.0,0.0,0.0,0.0,0.0,14.0,17.96153846153846,0.0,0.0,0.0,0.0,70.0,0.0,16.0,23,0,0.7831168831168831,97.08415593356816,627.0,0.0,0.0,0.0,0.0,2
290.0,6.0,0.6553622029840174,0.0,0.0,0.0,0.0,0.0,0.0,0.0,0.0,0.0,14.0,22.357142857142858,0.0,0.0,0.0,0.0,28.0,0.0,10.0,0,0,0.7831168831168831,175.53727049642018,504.0,0.0,0.0,0.0,0.0,2
228.0,2.0,0.1800220560666431,0.0,0.0,0.0,0.0,0.0,0.0,0.0,0.0,0.0,0.0,100.0,0.0,0.0,0.0,0.0,4.0,0.0,2.0,10,1,0.7831168831168831,149.20679162379545,383.0,0.0,0.0,0.0,0.0,2
126.0,2.0,0.1407601220134711,0.0,0.0,0.0,0.0,0.0,0.0,0.0,0.0,0.0,0.0,96.27272727272728,0.0,0.0,0.0,0.0,6.0,0.0,2.0,11,1,0.7831168831168831,185.43282701111303,301.0,0.0,0.0,0.0,0.0,2
12.0,1.0,-1.000088900581841e-12,0.0,0.0,0.0,0.0,0.0,0.0,0.0,0.0,0.0,0.0,93.83333333333331,0.0,0.0,0.0,0.0,0.0,0.0,0.0,12,1,0.7831168831168831,238.16240957240373,217.0,0.0,0.0,0.0,0.0,2
436.0,1.0,-1.000088900581841e-12,0.0,0.0,0.0,0.0,0.0,0.0,0.0,0.0,0.0,0.0,89.0,0.0,0.0,0.0,0.0,2.0,0.0,2.0,13,1,0.7831168831168831,224.0773675913449,276.0,0.0,0.0,0.0,0.0,2
338.0,3.0,0.6968724943245332,0.0,0.0,0.0,0.0,0.0,0.0,0.0,0.0,0.0,0.0,86.58823529411765,2.0,0.0,0.0,0.0,6.0,0.0,6.0,14,1,0.7831168831168831,213.06024187226188,318.0,0.0,0.0,0.0,0.0,2
290.0,2.0,0.3017392911882231,0.0,0.0,0.0,0.0,0.0,0.0,0.0,0.0,0.0,0.0,84.5,0.0,0.0,0.0,0.0,4.0,0.0,4.0,15,1,0.7831168831168831,171.53716798408462,166.5,0.0,0.0,0.0,0.0,2
52.0,1.0,-1.000088900581841e-12,0.0,0.0,0.0,0.0,0.0,0.0,0.0,0.0,0.0,0.0,73.25,0.0,0.0,0.0,0.0,0.0,0.0,0.0,17,1,0.7831168831168831,297.3499621657956,419.5,14.0,7.0,0.0,0.0,1
12.0,1.0,-1.000088900581841e-12,0.0,0.0,0.0,0.0,0.0,0.0,0.0,0.0,0.0,0.0,71.16666666666667,0.0,0.0,0.0,0.0,0.0,0.0,0.0,18,1,0.7831168831168831,134.47180621478523,132.0,0.0,0.0,0.0,0.0,1
52.0,1.0,-1.000088900581841e-12,0.0,0.0,0.0,0.0,0.0,0.0,0.0,0.0,0.0,0.0,69.875,2.0,0.0,0.0,0.0,2.0,0.0,2.0,19,1,0.7831168831168831,68.0661443009672,53.5,0.0,0.0,0.0,0.0,1
716.0,4.0,0.9886022684855572,0.0,0.0,0.0,0.0,0.0,0.0,0.0,0.0,0.0,0.0,59.53333333333333,0.0,0.0,0.0,0.0,4.0,0.0,4.0,20,1,0.7831168831168831,398.9369206612328,371.0,19.0,9.5,0.0,0.0,2
718.0,7.0,1.3783663140947648,0.0,0.0,0.0,0.0,0.0,0.0,0.0,0.0,0.0,0.0,44.93333333333333,0.0,0.0,0.0,0.0,0.0,0.0,0.0,21,0,0.7831168831168831,152.3362508838044,640.5,19.0,9.5,0.0,0.0,2
684.0,6.0,1.1719933769406623,0.0,0.0,0.0,0.0,0.0,0.0,0.0,0.0,0.0,0.0,22.82758620689655,0.0,0.0,0.0,0.0,6.0,0.0,6.0,22,0,0.7831168831168831,144.35488676637658,627.5,0.0,0.0,0.0,0.0,2
716.0,9.0,1.3408649970309838,0.0,0.0,0.0,0.0,0.0,0.0,0.0,0.0,0.0,0.0,37.266666666666666,0.0,0.0,0.0,0.0,10.0,0.0,2.0,23,0,0.7831168831168831,112.23041774254756,637.5,0.0,0.0,0.0,0.0,4
616.0,4.0,0.4541151054286617,0.0,0.0,0.0,0.0,0.0,0.0,0.0,0.0,0.0,0.0,89.66666666666667,0.0,0.0,0.0,0.0,4.0,0.0,4.0,9,1,0.7831168831168831,46.68690037544509,650.5,0.0,0.0,0.0,0.0,2
4.0,1.0,-1.000088900581841e-12,0.0,0.0,0.0,0.0,0.0,0.0,0.0,0.0,0.0,0.0,86.83333333333333,4.0,0.0,0.0,0.0,0.0,0.0,0.0,10,1,0.7831168831168831,361.7347094211448,321.0,0.0,0.0,0.0,0.0,2
306.0,7.0,0.864958333191775,0.0,0.0,0.0,0.0,0.0,0.0,0.0,0.0,0.0,0.0,82.6875,4.0,0.0,0.0,0.0,4.0,0.0,2.0,11,1,0.7831168831168831,150.41608956491345,80.5,0.0,0.0,0.0,0.0,2
12.0,1.0,-1.000088900581841e-12,0.0,0.0,0.0,0.0,0.0,0.0,0.0,0.0,0.0,0.0,73.16666666666667,0.0,0.0,0.0,0.0,0.0,0.0,0.0,12,1,0.7831168831168831,263.2641259267963,217.0,0.0,0.0,0.0,0.0,2
414.0,4.0,0.5442006824136689,0.0,0.0,0.0,0.0,0.0,0.0,0.0,0.0,0.0,0.0,68.95,0.0,0.0,0.0,0.0,4.0,0.0,4.0,13,1,0.7831168831168831,279.25854209555234,245.0,0.0,0.0,0.0,0.0,2
414.0,2.0,0.0305811566901628,0.0,0.0,0.0,0.0,0.0,0.0,0.0,0.0,0.0,0.0,59.61904761904762,0.0,0.0,0.0,0.0,18.0,0.0,6.0,14,1,0.7831168831168831,221.0791713391383,331.0,0.0,0.0,0.0,0.0,2
350.0,4.0,0.7940949210341601,0.0,0.0,0.0,0.0,0.0,0.0,0.0,0.0,0.0,0.0,49.94736842105263,0.0,0.0,0.0,0.0,18.0,0.0,8.0,15,1,0.7831168831168831,68.67313885355807,437.0,0.0,0.0,0.0,0.0,2
400.0,4.0,0.8228600842376358,0.0,0.0,0.0,0.0,0.0,0.0,0.0,0.0,0.0,0.0,35.78947368421053,0.0,0.0,0.0,0.0,12.0,0.0,4.0,16,1,0.7831168831168831,162.98057143925695,490.0,0.0,0.0,0.0,0.0,2
186.0,4.0,0.4275302904436139,0.0,0.0,0.0,0.0,0.0,0.0,0.0,0.0,0.0,0.0,29.08333333333333,0.0,0.0,0.0,0.0,6.0,0.0,4.0,17,1,0.7831168831168831,299.20505788951283,332.5,0.0,0.0,0.0,0.0,2
702.0,4.0,0.4532348807201896,0.0,0.0,0.0,0.0,0.0,0.0,0.0,0.0,0.0,4.0,21.24,0.0,0.0,0.0,0.0,4.0,0.0,0.0,18,1,0.7831168831168831,354.84456691157993,408.0,0.0,0.0,0.0,0.0,2
308.0,3.0,0.2598565872654607,0.0,0.0,0.0,0.0,0.0,0.0,0.0,0.0,0.0,0.0,34.0625,0.0,0.0,0.0,0.0,12.0,0.0,4.0,19,1,0.7831168831168831,202.125373633957,611.0,0.0,0.0,0.0,0.0,2
200.0,1.0,-1.000088900581841e-12,0.0,0.0,0.0,0.0,0.0,0.0,0.0,0.0,0.0,0.0,24.846153846153847,0.0,0.0,0.0,0.0,6.0,0.0,0.0,20,1,0.7831168831168831,270.9261892102719,485.5,0.0,0.0,0.0,0.0,2
350.0,2.0,0.3781577685105107,0.0,0.0,0.0,0.0,0.0,0.0,0.0,0.0,0.0,0.0,16.0,0.0,0.0,0.0,0.0,12.0,0.0,4.0,21,0,0.7831168831168831,221.51598888868813,402.0,0.0,0.0,0.0,0.0,2
230.0,3.0,0.6932730739294637,0.0,0.0,0.0,0.0,0.0,0.0,0.0,0.0,0.0,0.0,11.0,0.0,0.0,0.0,0.0,18.0,0.0,10.0,22,0,0.7831168831168831,71.00000000000053,329.5,0.0,0.0,0.0,0.0,1
192.0,3.0,0.6288932285433277,0.0,0.0,0.0,0.0,0.0,0.0,0.0,0.0,0.0,0.0,27.125,0.0,0.0,0.0,0.0,0.0,0.0,0.0,23,0,0.7831168831168831,97.37042672187523,292.5,0.0,0.0,0.0,0.0,2
674.0,5.0,0.7153195128360675,0.0,0.0,0.0,0.0,0.0,0.0,0.0,0.0,0.0,0.0,16.107142857142858,0.0,0.0,0.0,0.0,0.0,0.0,0.0,0,0,0.7831168831168831,260.4867239099402,436.0,0.0,0.0,0.0,0.0,2
200.0,1.0,-1.000088900581841e-12,0.0,0.0,0.0,0.0,0.0,0.0,0.0,0.0,0.0,0.0,16.88888888888889,0.0,0.0,0.0,0.0,0.0,0.0,0.0,8,1,0.7831168831168831,268.6974754874586,428.5,0.0,0.0,0.0,0.0,2
718.0,4.0,0.7614241764003445,0.0,0.0,0.0,0.0,0.0,0.0,0.0,0.0,0.0,0.0,61.1,0.0,0.0,0.0,0.0,0.0,0.0,0.0,9,1,0.7831168831168831,252.51996620729503,577.5,0.0,0.0,0.0,0.0,2
12.0,1.0,-1.000088900581841e-12,0.0,0.0,0.0,0.0,0.0,0.0,0.0,0.0,0.0,0.0,67.66666666666667,0.0,0.0,0.0,0.0,0.0,0.0,0.0,10,1,0.7831168831168831,359.6530735769311,414.5,0.0,0.0,0.0,0.0,2
0.0,0.0,0.0,0.0,0.0,0.0,0.0,0.0,0.0,0.0,0.0,0.0,0.0,64.83333333333333,0.0,0.0,0.0,0.0,0.0,0.0,0.0,11,1,0.7831168831168831,103.15522284402309,55.5,0.0,0.0,0.0,0.0,2
298.0,2.0,0.676637947630344,0.0,0.0,0.0,0.0,0.0,0.0,0.0,0.0,0.0,0.0,55.11764705882353,0.0,0.0,0.0,0.0,8.0,0.0,4.0,12,1,0.7831168831168831,322.5332024252181,244.5,0.0,0.0,0.0,0.0,2
138.0,1.0,-1.000088900581841e-12,0.0,0.0,0.0,0.0,0.0,0.0,0.0,0.0,0.0,0.0,52.0,0.0,0.0,0.0,0.0,8.0,0.0,4.0,13,1,0.7831168831168831,289.9977011403137,282.0,0.0,0.0,0.0,0.0,2
548.0,5.0,1.2174023703945664,0.0,0.0,0.0,0.0,0.0,0.0,0.0,0.0,0.0,0.0,45.66666666666666,0.0,0.0,0.0,0.0,24.0,0.0,6.0,14,1,0.7831168831168831,228.918471658944,229.5,0.0,0.0,0.0,0.0,2
10.0,1.0,-1.000088900581841e-12,0.0,0.0,0.0,0.0,0.0,0.0,0.0,0.0,0.0,0.0,40.16666666666666,0.0,0.0,0.0,0.0,0.0,0.0,0.0,15,1,0.7831168831168831,233.96509711208364,221.5,0.0,0.0,0.0,0.0,1
714.0,3.0,0.6767874081157711,0.0,0.0,0.0,0.0,0.0,0.0,0.0,0.0,0.0,0.0,26.866666666666667,0.0,0.0,0.0,0.0,16.0,0.0,4.0,16,1,0.7831168831168831,333.0800704535373,336.5,0.0,0.0,0.0,0.0,1
590.0,7.0,1.368160880799301,0.0,0.0,0.0,0.0,0.0,0.0,0.0,0.0,0.0,0.0,16.59259259259259,0.0,0.0,0.0,0.0,16.0,0.0,2.0,17,1,0.7831168831168831,184.44421017388083,523.5,0.0,0.0,0.0,0.0,1
12.0,1.0,-1.000088900581841e-12,0.0,0.0,0.0,0.0,0.0,0.0,0.0,0.0,0.0,0.0,14.333333333333334,0.0,0.0,0.0,0.0,0.0,0.0,0.0,18,1,0.7831168831168831,242.28014088378504,319.5,0.0,0.0,0.0,0.0,2
0.0,0.0,0.0,0.0,0.0,0.0,0.0,0.0,0.0,0.0,0.0,0.0,0.0,11.0,0.0,0.0,0.0,0.0,12.0,0.0,6.0,19,1,0.7831168831168831,196.7299333265447,105.0,0.0,0.0,0.0,0.0,2
0.0,0.0,0.0,0.0,0.0,0.0,0.0,0.0,0.0,0.0,0.0,0.0,0.0,0.0,6.0,0.0,0.0,0.0,0.0,0.0,0.0,20,1,0.7831168831168831,6.000000000004986,5.0,0.0,0.0,0.0,0.0,2
0.0,0.0,0.0,0.0,0.0,0.0,0.0,0.0,0.0,0.0,0.0,0.0,6.0,0.0,0.0,0.0,0.0,0.0,6.0,0.0,4.0,21,0,0.7831168831168831,4.000000000007483,2.0,0.0,0.0,0.0,0.0,2
716.0,5.0,0.7711317234350207,0.0,0.0,0.0,0.0,0.0,0.0,0.0,0.0,0.0,0.0,33.4,0.0,0.0,0.0,0.0,8.0,0.0,2.0,22,0,0.7831168831168831,350.5500439785073,286.0,0.0,0.0,0.0,0.0,2
524.0,6.0,1.223824676960179,0.0,0.0,0.0,0.0,0.0,0.0,0.0,0.0,0.0,0.0,50.16666666666666,0.0,0.0,0.0,0.0,8.0,0.0,2.0,23,0,0.7831168831168831,144.55794685869083,596.5,0.0,0.0,0.0,0.0,1
636.0,5.0,0.7548504812989881,0.0,0.0,0.0,0.0,0.0,0.0,0.0,0.0,0.0,0.0,99.07142857142856,0.0,0.0,0.0,0.0,6.0,0.0,2.0,9,1,0.7831168831168831,222.74873737015903,391.5,0.0,0.0,0.0,0.0,2
8.0,1.0,-1.000088900581841e-12,0.0,0.0,0.0,0.0,0.0,0.0,0.0,0.0,0.0,0.0,95.0,4.0,0.0,0.0,0.0,0.0,0.0,0.0,10,1,0.7831168831168831,264.22402111339807,272.5,0.0,0.0,0.0,0.0,2
28.0,2.0,0.5195798391285155,0.0,0.0,0.0,0.0,0.0,0.0,0.0,0.0,0.0,0.0,92.42857142857144,4.0,0.0,0.0,0.0,4.0,0.0,2.0,11,1,0.7831168831168831,123.5623998903661,73.5,0.0,0.0,0.0,0.0,3
150.0,3.0,0.3148142684748917,0.0,0.0,0.0,0.0,0.0,0.0,0.0,0.0,0.0,0.0,80.9090909090909,0.0,0.0,0.0,0.0,0.0,0.0,2.0,12,1,0.7831168831168831,329.8262168678127,221.0,0.0,0.0,0.0,0.0,3
632.0,6.0,0.8532929131214317,0.0,0.0,0.0,0.0,0.0,0.0,0.0,0.0,0.0,0.0,76.07142857142857,2.0,0.0,0.0,0.0,30.0,0.0,12.0,13,1,0.7831168831168831,345.4485007445636,375.0,0.0,0.0,0.0,0.0,3
494.0,2.0,0.5804605000556997,0.0,0.0,0.0,0.0,0.0,0.0,0.0,0.0,0.0,0.0,66.6086956521739,0.0,0.0,0.0,0.0,0.0,0.0,0.0,14,1,0.7831168831168831,266.9257075167797,367.0,0.0,0.0,0.0,0.0,2
374.0,1.0,-1.000088900581841e-12,0.0,0.0,0.0,0.0,0.0,0.0,0.0,0.0,0.0,0.0,55.94736842105263,0.0,0.0,0.0,0.0,8.0,0.0,4.0,16,1,0.7831168831168831,106.07387362902683,295.5,0.0,0.0,0.0,0.0,2
284.0,4.0,0.8938783159868343,0.0,0.0,0.0,0.0,0.0,0.0,0.0,0.0,0.0,0.0,50.73333333333333,6.0,0.0,0.0,0.0,8.0,0.0,4.0,17,1,0.7831168831168831,157.52565928550632,206.5,0.0,0.0,0.0,0.0,2
12.0,1.0,-1.000088900581841e-12,0.0,0.0,0.0,0.0,0.0,0.0,0.0,0.0,0.0,0.0,32.666666666666664,0.0,0.0,0.0,0.0,0.0,0.0,0.0,18,1,0.7831168831168831,210.28234986956647,186.0,0.0,0.0,0.0,0.0,2
720.0,7.0,1.4194746715379258,0.0,0.0,0.0,0.0,0.0,0.0,0.0,0.0,0.0,8.0,25.0,0.0,0.0,0.0,0.0,16.0,0.0,12.0,19,1,0.7831168831168831,295.0706130177432,414.0,0.0,0.0,0.0,0.0,2
714.0,4.0,0.2677849108119554,0.0,0.0,0.0,0.0,0.0,0.0,0.0,0.0,0.0,0.0,53.96666666666667,0.0,0.0,0.0,0.0,24.0,0.0,8.0,20,1,0.7831168831168831,114.69379524048702,660.0,0.0,0.0,0.0,0.0,2
10.0,1.0,-1.000088900581841e-12,0.0,0.0,0.0,0.0,0.0,0.0,0.0,0.0,0.0,0.0,55.0,0.0,0.0,0.0,0.0,0.0,0.0,0.0,21,0,0.7831168831168831,352.56157854574394,422.5,0.0,0.0,0.0,0.0,1
696.0,5.0,1.146122035593803,0.0,0.0,0.0,0.0,0.0,0.0,0.0,0.0,0.0,0.0,47.1,0.0,0.0,0.0,8.0,24.0,0.0,8.0,22,0,0.7831168831168831,317.8783834529595,247.0,0.0,0.0,0.0,0.0,2
308.0,6.0,0.7884634825394243,0.0,0.0,0.0,0.0,0.0,0.0,0.0,0.0,0.0,0.0,33.23076923076923,0.0,0.0,0.0,0.0,0.0,0.0,0.0,23,0,0.7831168831168831,291.1832183809136,398.5,0.0,0.0,0.0,0.0,2
288.0,3.0,0.6702691074807434,0.0,0.0,0.0,0.0,0.0,0.0,0.0,0.0,0.0,0.0,30.58333333333333,0.0,0.0,0.0,0.0,0.0,0.0,0.0,8,1,0.7831168831168831,197.97642957348933,462.0,0.0,0.0,0.0,0.0,2
660.0,7.0,1.2027722835253636,0.0,0.0,0.0,0.0,0.0,0.0,0.0,0.0,0.0,0.0,18.923076923076923,0.0,0.0,0.0,0.0,4.0,0.0,4.0,9,1,0.7831168831168831,225.16364419387688,492.0,0.0,0.0,0.0,0.0,3
720.0,3.0,0.4104159618920106,0.0,0.0,0.0,0.0,0.0,0.0,0.0,0.0,0.0,0.0,28.866666666666667,0.0,0.0,0.0,0.0,0.0,0.0,0.0,10,1,0.7831168831168831,133.3466660000671,632.0,0.0,0.0,0.0,0.0,2
720.0,1.0,-1.000088900581841e-12,0.0,0.0,0.0,0.0,0.0,0.0,0.0,0.0,0.0,0.0,52.66666666666666,0.0,0.0,0.0,0.0,0.0,0.0,0.0,11,1,0.7831168831168831,141.66980388683206,648.5,0.0,0.0,0.0,0.0,2
720.0,7.0,1.233783928913425,0.0,0.0,0.0,0.0,0.0,0.0,0.0,0.0,0.0,0.0,72.76666666666667,0.0,0.0,0.0,0.0,0.0,0.0,0.0,12,1,0.7831168831168831,1.1547005384293163,719.0,0.0,0.0,0.0,0.0,2
718.0,3.0,0.4921761530025188,0.0,0.0,0.0,0.0,0.0,0.0,0.0,0.0,0.0,0.0,95.16666666666669,0.0,0.0,0.0,0.0,0.0,0.0,0.0,13,1,0.7831168831168831,1.0000000000578002,718.5,0.0,0.0,0.0,0.0,2
678.0,5.0,1.1267852330655417,0.0,0.0,0.0,0.0,0.0,0.0,0.0,0.0,0.0,0.0,99.17241379310344,0.0,0.0,0.0,0.0,6.0,0.0,4.0,14,1,0.7831168831168831,19.04380914278397,706.0,0.0,0.0,0.0,0.0,2
702.0,3.0,0.6394719233293967,0.0,0.0,0.0,0.0,0.0,0.0,0.0,0.0,0.0,0.0,86.10344827586206,0.0,0.0,0.0,0.0,12.0,0.0,8.0,15,1,0.7831168831168831,17.28197519575765,702.0,0.0,0.0,0.0,0.0,2
448.0,6.0,1.091046386769018,0.0,0.0,0.0,0.0,0.0,0.0,0.0,0.0,0.0,0.0,79.95238095238095,0.0,0.0,0.0,0.0,4.0,0.0,4.0,16,1,0.7831168831168831,225.3138551739184,528.5,0.0,0.0,0.0,0.0,2
334.0,3.0,0.6449951624432015,0.0,0.0,0.0,0.0,0.0,0.0,0.0,0.0,0.0,0.0,74.83333333333333,0.0,0.0,0.0,0.0,2.0,0.0,2.0,17,1,0.7831168831168831,84.4906306442719,334.0,0.0,0.0,0.0,0.0,1
606.0,4.0,0.1330791018356314,0.0,0.0,0.0,0.0,0.0,0.0,0.0,0.0,0.0,0.0,71.4074074074074,0.0,0.0,0.0,0.0,12.0,0.0,12.0,18,1,0.7831168831168831,232.12855633606733,321.5,0.0,0.0,0.0,0.0,1
720.0,5.0,1.0665740179546948,0.0,0.0,0.0,0.0,0.0,0.0,0.0,0.0,0.0,0.0,61.93333333333333,0.0,0.0,0.0,0.0,4.0,0.0,4.0,19,1,0.7831168831168831,305.42374934943547,487.5,0.0,0.0,0.0,0.0,2
626.0,1.0,-1.000088900581841e-12,0.0,0.0,0.0,0.0,0.0,0.0,0.0,0.0,0.0,0.0,52.55555555555556,0.0,0.0,0.0,0.0,4.0,0.0,2.0,20,1,0.7831168831168831,65.14343149287402,660.5,0.0,0.0,0.0,0.0,2
716.0,4.0,1.0668995924586604,0.0,0.0,0.0,0.0,0.0,0.0,0.0,0.0,0.0,0.0,42.66666666666666,0.0,0.0,0.0,0.0,4.0,0.0,4.0,21,0,0.7831168831168831,145.90407807871617,614.0,0.0,0.0,0.0,0.0,3
